2026-09-13	AAPL	337.77	OK
2026-09-13	AAL	17.86	OK
2026-09-13	AAOI	163.4	OK
2026-09-13	AAON	130.0	OK
2026-09-13	ABAT	6.0	OK
2026-09-13	ABCL	17.17	OK
2026-09-13	ABEO	20.0	OK
2026-09-13	ABNB	183.33	OK
2026-09-13	ABOS	4.0	OK
2026-09-13	ABSI	14.25	OK
2026-09-13	ABTC	15.0	OK
2026-09-13	ABVX	162.0	OK
2026-09-13	ACAD	36.23	OK
2026-09-13	ACB	3.61	OK
2026-09-13	ACDC	4.63	OK
2026-09-13	ACET	24.0	OK
2026-09-13	ACGL	111.18	OK
2026-09-13	ACHC	34.0	OK
2026-09-13	ACIC	13.0	OK
2026-09-13	ACIW	66.0	OK
2026-09-13	ACLS	169.0	OK
2026-09-13	ACMR	118.33	OK
2026-09-13	ACRS	11.75	OK
2026-09-13	ACT	48.33	OK
2026-09-13	ACTG	6.0	OK
2026-09-13	ADAM	9.88	OK
2026-09-13	ADBE	281.0	OK
2026-09-13	ADEA	44.0	OK
2026-09-13	ADI.US	486.11	OK
2026-09-13	ADMA	14.5	OK
2026-09-13	ADP	293.57	OK
2026-09-13	ADPT	24.75	OK
2026-09-13	ADSK	304.27	OK
2026-09-13	ADTN	14.67	OK
2026-09-13	ADUS	138.33	OK
2026-09-13	ADV	42.0	OK
2026-09-13	AEHR	132.5	OK
2026-09-13	AEIS	429.89	OK
2026-09-13	AEP	142.0	OK
2026-09-13	AEVA	31.0	OK
2026-09-13	AFRM	102.44	OK
2026-09-13	AFYA	21.0	OK
2026-09-13	AGEN	19.5	OK
2026-09-13	AGIO	44.33	OK
2026-09-13	AGMB	41.0	OK
2026-09-13	AGNC	11.25	OK
2026-09-13	AGNT	6.0	OK
2026-09-13	AGYS	138.5	OK
2026-09-13	AHCO	10.2	OK
2026-09-13	AIOT	9.0	OK
2026-09-13	AIP	41.0	OK
2026-09-13	AIRS	6.0	OK
2026-09-13	AKAM	157.07	OK
2026-09-13	AKBA	4.63	OK
2026-09-13	AKTS	35.5	OK
2026-09-13	ALAB	416.0	OK
2026-09-13	ALCO	45.0	OK
2026-09-13	ALDX	2.0	OK
2026-09-13	ALEC	2.38	OK
2026-09-13	ALGM	52.83	OK
2026-09-13	ALGN	204.25	OK
2026-09-13	ALGT	126.2	OK
2026-09-13	ALHC	23.5	OK
2026-09-13	ALKS	57.6	OK
2026-09-13	ALKT	20.0	OK
2026-09-13	ALLO	10.0	OK
2026-09-13	ALLT.US	13.38	OK
2026-09-13	ALMR	33.0	OK
2026-09-13	ALMS	30.0	OK
2026-09-13	ALNT	95.0	OK
2026-09-13	ALNY	395.86	OK
2026-09-13	ALRM	62.5	OK
2026-09-13	ALRS	35.0	OK
2026-09-13	ALT.US	15.0	OK
2026-09-13	ALTO	9.0	OK
2026-09-13	ALVO	6.5	OK
2026-09-13	ALXO	4.0	OK
2026-09-13	AMAL	54.0	OK
2026-09-13	AMAT	692.5	OK
2026-09-13	AMBA	91.33	OK
2026-09-13	AMBR	9.0	OK
2026-09-13	AMCX	9.67	OK
2026-09-13	AMD	647.19	OK
2026-09-13	AMGN	411.4	OK
2026-09-13	AMKR	75.0	OK
2026-09-13	AMLX	41.71	OK
2026-09-13	AMPH	20.0	OK
2026-09-13	AMPL	12.1	OK
2026-09-13	AMSC	54.5	OK
2026-09-13	AMSF	32.0	OK
2026-09-13	AMTX	28.0	OK
2026-09-13	AMZN	335.42	OK
2026-09-13	ANAB	84.75	OK
2026-09-13	ANDE	85.0	OK
2026-09-13	ANGI	8.0	OK
2026-09-13	ANGO	21.0	OK
2026-09-13	ANIK	21.0	OK
2026-09-13	ANIP	119.0	OK
2026-09-13	ANNX	14.0	OK
2026-09-13	ANTX	9.0	OK
2026-09-13	AOSL	39.0	OK
2026-09-13	APA	45.14	OK
2026-09-13	APC	21.67	OK
2026-09-13	APEI	60.33	OK
2026-09-13	APGE	135.03	OK
2026-09-13	API	6.8	OK
2026-09-13	APLD	72.1	OK
2026-09-13	APMD	50.33	OK
2026-09-13	APOG	40.0	OK
2026-09-13	APP	530.85	OK
2026-09-13	APPF	241.5	OK
2026-09-13	APPN	29.0	OK
2026-09-13	APPS	17.17	OK
2026-09-13	AQST	9.0	OK
2026-09-13	ARBE	2.0	OK
2026-09-13	ARCB	170.0	OK
2026-09-13	ARCC	20.25	OK
2026-09-13	ARCT	23.25	OK
2026-09-13	ARDX	13.0	OK
2026-09-13	ARGX	1207.13	OK
2026-09-13	ARHS	10.5	OK
2026-09-13	ARKO	7.0	OK
2026-09-13	ARM	300.56	OK
2026-09-13	AROW	44.0	OK
2026-09-13	ARQT	36.6	OK
2026-09-13	ARRY	8.47	OK
2026-09-13	ARVN	15.09	OK
2026-09-13	ARWR	115.4	OK
2026-09-13	ARXS	60.0	OK
2026-09-13	ASLE	7.25	OK
2026-09-13	ASML	2391.8	OK
2026-09-13	ASND	322.27	OK
2026-09-13	ASO	60.17	OK
2026-09-13	ASST	32.0	OK
2026-09-13	ASTH	53.0	OK
2026-09-13	ASTS	86.11	OK
2026-09-13	ASUR	13.8	OK
2026-09-13	ATAI	7.69	OK
2026-09-13	ATEC	13.33	OK
2026-09-13	ATEX	112.33	OK
2026-09-13	ATLC	124.6	OK
2026-09-13	ATLX	11.5	OK
2026-09-13	ATRA	15.5	OK
2026-09-13	ATRC	56.33	OK
2026-09-13	ATRO	97.5	OK
2026-09-13	ATTO	39.75	OK
2026-09-13	ATYR	3.0	OK
2026-09-13	AUDC.US	12.5	OK
2026-09-13	AUGO	102.85	OK
2026-09-13	AUPH	18.0	OK
2026-09-13	AUR	10.33	OK
2026-09-13	AURA	20.5	OK
2026-09-13	AUTL	10.0	OK
2026-09-13	AVAH	15.5	OK
2026-09-13	AVAV	216.5	OK
2026-09-13	AVGO	517.23	OK
2026-09-13	AVIR	7.0	OK
2026-09-13	AVLN	57.0	OK
2026-09-13	AVNW	33.6	OK
2026-09-13	AVO	17.5	OK
2026-09-13	AVPT	17.25	OK
2026-09-13	AVT.US	95.0	OK
2026-09-13	AXGN	53.0	OK
2026-09-13	AXON	733.33	OK
2026-09-13	AXSM	292.6	OK
2026-09-13	AZN	212.71	OK
2026-09-13	AZTA	34.0	OK
2026-09-13	AALB.NV	47.0	OK
2026-09-13	ABN.NV	43.46	OK
2026-09-13	AD.NV	30.92	OK
2026-09-13	ADYEN.NV	1330.5	OK
2026-09-13	AGN.NV	7.86	OK
2026-09-13	AKZA.NV	60.0	OK
2026-09-13	ALFEN.NV	14.0	OK
2026-09-13	APAM.NV	59.0	OK
2026-09-13	ARCAD.NV	51.5	OK
2026-09-13	ASM.NV	1105.57	OK
2026-09-13	ASML.NV	2142.75	OK
2026-09-13	ASRNL.NV	78.83	OK
2026-09-13	AVTX.NV	5.0	OK
2026-09-13	AXS.NV	1.52	OK
2026-09-13	BESI.NV	288.14	OK
2026-09-13	BFIT.NV	40.0	OK
2026-09-13	BNJ.NV	13.5	OK
2026-09-13	CCEP.NV	99.64	OK
2026-09-13	CRBN.NV	24.0	OK
2026-09-13	CSG.NV	21.5	OK
2026-09-13	CTPNV.NV	21.15	OK
2026-09-13	CVC.NV	17.17	OK
2026-09-13	DSFIR.NV	86.5	OK
2026-09-13	ECMPA.NV	34.0	OK
2026-09-13	FAST.NV	42.0	OK
2026-09-13	FER.NV	64.6	OK
2026-09-13	FUR.NV	9.0	OK
2026-09-13	HAVAS.NV	22.0	OK
2026-09-13	HEIA.NV	84.33	OK
2026-09-13	IMCD.NV	99.0	OK
2026-09-13	INGA.NV	34.36	OK
2026-09-13	KPN.NV	4.6	OK
2026-09-13	LIGHT.NV	19.5	OK
2026-09-13	LKFT.NV	24.95	OK
2026-09-13	MICC.NV	15.52	OK
2026-09-13	MT.NV	71.71	OK
2026-09-13	NN.NV	84.38	OK
2026-09-13	NRP.NV	9.0	OK
2026-09-13	NSI.NV	18.45	OK
2026-09-13	OCI.NV	4.1	OK
2026-09-13	PHIA.NV	25.8	OK
2026-09-13	PNL.NV	0.85	OK
2026-09-13	PRX.NV	56.4	OK
2026-09-13	RAND.NV	37.4	OK
2026-09-13	REN.NV	47.63	OK
2026-09-13	SBMO.NV	45.8	OK
2026-09-13	THEON.NV	40.0	OK
2026-09-13	TWEKA.NV	65.0	OK
2026-09-13	UMG.NV	23.8	OK
2026-09-13	UNA.NV	53.63	OK
2026-09-13	VPK.NV	48.0	OK
2026-09-13	WKL.NV	80.0	OK
2026-09-13	SHELL.NV	46.06	OK
2026-09-13	BAND.US	70.75	OK
2026-09-13	BANF	123.0	OK
2026-09-13	BANR	77.0	OK
2026-09-13	BBCP	15.0	OK
2026-09-13	BBIO	106.46	OK
2026-09-13	BBNX	21.0	OK
2026-09-13	BBSI	41.0	OK
2026-09-13	BCIC	11.0	OK
2026-09-13	BCPC	215.0	OK
2026-09-13	BCML	32.0	OK
2026-09-13	BCRX	20.63	OK
2026-09-13	BCYC	9.25	OK
2026-09-13	BDTX	10.33	OK
2026-09-13	BEAM	58.67	OK
2026-09-13	BEEM	3.0	OK
2026-09-13	BELFB	320.2	OK
2026-09-13	BETR	27.67	OK
2026-09-13	BFC	161.0	OK
2026-09-13	BFST	36.0	OK
2026-09-13	BGC	16.0	OK
2026-09-13	BHF	66.0	OK
2026-09-13	BHRB	78.0	OK
2026-09-13	BIDU	117.0	OK
2026-09-13	BIIB	238.58	OK
2026-09-13	BILI	29.67	OK
2026-09-13	BJRI	74.5	OK
2026-09-13	BKKT	13.0	OK
2026-09-13	BKNG	239.4	OK
2026-09-13	BKYI	20.0	OK
2026-09-13	BL	34.5	OK
2026-09-13	BLBD	91.0	OK
2026-09-13	BLDP	4.0	OK
2026-09-13	BLFS	31.0	OK
2026-09-13	BLKB	51.5	OK
2026-09-13	BLLN	122.86	OK
2026-09-13	BLMN	11.94	OK
2026-09-13	BLNK	1.75	OK
2026-09-13	BLTE	242.6	OK
2026-09-13	BLZE	22.4	OK
2026-09-13	BMBL	3.63	OK
2026-09-13	BMEA	6.25	OK
2026-09-13	BMRC	31.8	OK
2026-09-13	BMRN	93.23	OK
2026-09-13	BNGO	4.0	OK
2026-09-13	BNTX	128.09	OK
2026-09-13	BOKF	149.0	OK
2026-09-13	BOOM	8.0	OK
2026-09-13	BPOP	194.0	OK
2026-09-13	BRAI	10.0	OK
2026-09-13	BRCB	10.33	OK
2026-09-13	BRKR	58.5	OK
2026-09-13	BRVE	48.0	OK
2026-09-13	BRZE	36.88	OK
2026-09-13	BSP	45.25	OK
2026-09-13	BSY	45.25	OK
2026-09-13	BTBT	3.67	OK
2026-09-13	BTDR	23.5	OK
2026-09-13	BTMD	2.0	OK
2026-09-13	BTSG	80.13	OK
2026-09-13	BULL	15.0	OK
2026-09-13	BUSE	33.0	OK
2026-09-13	BVS	18.0	OK
2026-09-13	BWB	24.33	OK
2026-09-13	BWIN	31.5	OK
2026-09-13	BWMN	43.0	OK
2026-09-13	BYND	10.0	OK
2026-09-13	BZ	21.5	OK
2026-09-13	BZUN	4.02	OK
2026-09-13	CABA	20.67	OK
2026-09-13	CAC	56.5	OK
2026-09-13	CACC	600.0	OK
2026-09-13	CAE	30.7	OK
2026-09-13	CAI	26.17	OK
2026-09-13	CAKE.US	97.75	OK
2026-09-13	CALM	82.33	OK
2026-09-13	CAMT	177.86	OK
2026-09-13	CAN	2.0	OK
2026-09-13	CAPR	28.0	OK
2026-09-13	CAR	129.0	OK
2026-09-13	CARE	34.5	OK
2026-09-13	CARG	42.4	OK
2026-09-13	CART	58.15	OK
2026-09-13	CASH	101.0	OK
2026-09-13	CASS	61.0	OK
2026-09-13	CASY	825.27	OK
2026-09-13	CATY	62.25	OK
2026-09-13	CBRL	51.0	OK
2026-09-13	CBRS	296.0	OK
2026-09-13	CBSH	65.17	OK
2026-09-13	CBUS	25.0	OK
2026-09-13	CCAP	10.63	OK
2026-09-13	CCB	50.0	OK
2026-09-13	CCBG	54.0	OK
2026-09-13	CCC.US	9.0	OK
2026-09-13	CCCC	8.5	OK
2026-09-13	CCNE	37.33	OK
2026-09-13	CCOI	12.08	OK
2026-09-13	CCSI	40.0	OK
2026-09-13	CDLX	5.0	OK
2026-09-13	CDNA	63.0	OK
2026-09-13	CDNS	411.57	OK
2026-09-13	CDW	160.0	OK
2026-09-13	CDXS	7.0	OK
2026-09-13	CDZI	6.0	OK
2026-09-13	CECO	104.6	OK
2026-09-13	CEG	356.92	OK
2026-09-13	CELC	160.57	OK
2026-09-13	CELH	38.67	OK
2026-09-13	CENX	73.33	OK
2026-09-13	CERS	4.5	OK
2026-09-13	CERT	8.1	OK
2026-09-13	CEVA	47.14	OK
2026-09-13	CFFN	9.5	OK
2026-09-13	CG	59.25	OK
2026-09-13	CGBD	12.0	OK
2026-09-13	CGC	2.0	OK
2026-09-13	CGEM	34.25	OK
2026-09-13	CGNT	13.0	OK
2026-09-13	CGNX	79.78	OK
2026-09-13	CGON	92.56	OK
2026-09-13	CHA	15.3	OK
2026-09-13	CHCO	135.0	OK
2026-09-13	CHDN	124.4	OK
2026-09-13	CHEF	119.8	OK
2026-09-13	CHKP	145.55	OK
2026-09-13	CHRD	163.43	OK
2026-09-13	CHRS	8.5	OK
2026-09-13	CHRW	203.39	OK
2026-09-13	CHTR	142.29	OK
2026-09-13	CHYM	38.88	OK
2026-09-13	CIFR	30.72	OK
2026-09-13	CIGI	146.4	OK
2026-09-13	CINF	195.6	OK
2026-09-13	CLAR	3.0	OK
2026-09-13	CLBK	14.17	OK
2026-09-13	CLBT	16.38	OK
2026-09-13	CLDX	59.08	OK
2026-09-13	CLFD	40.25	OK
2026-09-13	CLLS	9.0	OK
2026-09-13	CLMB	30.0	OK
2026-09-13	CLMT	53.4	OK
2026-09-13	CLNE	2.75	OK
2026-09-13	CLOV	5.5	OK
2026-09-13	CLPT	26.0	OK
2026-09-13	CLSK	24.39	OK
2026-09-13	CMCO	18.0	OK
2026-09-13	CMCSA	29.56	OK
2026-09-13	CME	268.13	OK
2026-09-13	CMPR	114.5	OK
2026-09-13	CMPS	25.33	OK
2026-09-13	CMPX	9.8	OK
2026-09-13	CMRC	2.0	OK
2026-09-13	CNDT	5.0	OK
2026-09-13	CNOB	37.5	OK
2026-09-13	CNTY	2.5	OK
2026-09-13	CNXC	28.67	OK
2026-09-13	COAG	54.25	OK
2026-09-13	COCO	86.0	OK
2026-09-13	CODX	4.0	OK
2026-09-13	COGT	54.14	OK
2026-09-13	COHU	72.0	OK
2026-09-13	COIN	205.73	OK
2026-09-13	COLB	34.56	OK
2026-09-13	COLL	46.0	OK
2026-09-13	COLM	65.0	OK
2026-09-13	COO	65.0	OK
2026-09-13	CORT	141.0	OK
2026-09-13	CORZ	35.5	OK
2026-09-13	COST	1118.5	OK
2026-09-13	CPB	20.33	OK
2026-09-13	CPRT	37.33	OK
2026-09-13	CRAI	245.0	OK
2026-09-13	CRBP	38.0	OK
2026-09-13	CRBU	8.0	OK
2026-09-13	CRCT	4.1	OK
2026-09-13	CRDF	6.0	OK
2026-09-13	CRDO	287.08	OK
2026-09-13	CRIS	20.0	OK
2026-09-13	CRMD	14.5	OK
2026-09-13	CRML	8.0	OK
2026-09-13	CRNC	10.0	OK
2026-09-13	CRNT	3.83	OK
2026-09-13	CRNX	84.29	OK
2026-09-13	CRON	3.42	OK
2026-09-13	CROX	158.25	OK
2026-09-13	CRSP	74.38	OK
2026-09-13	CRSR	12.29	OK
2026-09-13	CRTO	21.67	OK
2026-09-13	CRUS	165.0	OK
2026-09-13	CRWD	246.4	OK
2026-09-13	CRWV	144.47	OK
2026-09-13	CSCO	142.85	OK
2026-09-13	CSGP	37.83	OK
2026-09-13	CSIQ	12.0	OK
2026-09-13	CSTL	43.4	OK
2026-09-13	CSWC	21.0	OK
2026-09-13	CSX	54.24	OK
2026-09-13	CTAS	227.14	OK
2026-09-13	CTBI	82.0	OK
2026-09-13	CTKB	6.0	OK
2026-09-13	CTMX	13.25	OK
2026-09-13	CTRN	81.0	OK
2026-09-13	CTSH	59.88	OK
2026-09-13	CVBF	26.5	OK
2026-09-13	CVCO	634.7	OK
2026-09-13	CVGI	7.25	OK
2026-09-13	CVLT	163.5	OK
2026-09-13	CVRX	5.0	OK
2026-09-13	CWST	113.33	OK
2026-09-13	CXAI	15.0	OK
2026-09-13	CYPH	4.9	OK
2026-09-13	CYRX	19.0	OK
2026-09-13	CYTK	111.23	OK
2026-09-13	CZR	31.0	OK
2026-09-13	CBOE	334.88	OK
2026-09-13	DAKT	33.0	OK
2026-09-13	DASH.US	260.04	OK
2026-09-13	DAVE	442.33	OK
2026-09-13	DBX	32.0	OK
2026-09-13	DCGO	1.75	OK
2026-09-13	DCTH	28.0	OK
2026-09-13	DDOG	290.46	OK
2026-09-13	DERM	13.5	OK
2026-09-13	DFDV	10.4	OK
2026-09-13	DFLI	3.0	OK
2026-09-13	DFTX	69.64	OK
2026-09-13	DGICA	20.0	OK
2026-09-13	DGII	85.4	OK
2026-09-13	DH	1.55	OK
2026-09-13	DHC	9.75	OK
2026-09-13	DIOD	162.5	OK
2026-09-13	DKNG	33.22	OK
2026-09-13	DLO	20.0	OK
2026-09-13	DLTR	136.93	OK
2026-09-13	DMRA	43.33	OK
2026-09-13	DMRC	11.5	OK
2026-09-13	DNLI	35.33	OK
2026-09-13	DNTH	140.64	OK
2026-09-13	DNUT	4.0	OK
2026-09-13	DOCU	72.25	OK
2026-09-13	DOMO	4.5	OK
2026-09-13	DOO	75.04	OK
2026-09-13	DORM	160.0	OK
2026-09-13	DOX	71.0	OK
2026-09-13	DOYU	5.0	OK
2026-09-13	DPZ	377.22	OK
2026-09-13	DRH	13.45	OK
2026-09-13	DRS	52.4	OK
2026-09-13	DRVN	13.0	OK
2026-09-13	DSGN	21.0	OK
2026-09-13	DSGR	35.0	OK
2026-09-13	DSGX	104.0	OK
2026-09-13	DSP	20.0	OK
2026-09-13	DUOL	147.5	OK
2026-09-13	DVLT	2.0	OK
2026-09-13	DXCM	93.5	OK
2026-09-13	DXPE	220.0	OK
2026-09-13	DYN	38.38	OK
2026-09-13	EBAY	119.76	OK
2026-09-13	EBC	25.0	OK
2026-09-13	ECHO	125.0	OK
2026-09-13	ECPG	115.67	OK
2026-09-13	EDIT	6.5	OK
2026-09-13	EEFT	84.67	OK
2026-09-13	EFSC	70.67	OK
2026-09-13	EGBN	28.5	OK
2026-09-13	EH	5.0	OK
2026-09-13	EHTH	1.92	OK
2026-09-13	EIKN	30.5	OK
2026-09-13	ELMT	21.0	OK
2026-09-13	ELVN	72.71	OK
2026-09-13	EMAT	15.0	OK
2026-09-13	ENGN	3.0	OK
2026-09-13	ENLT	100.0	OK
2026-09-13	ENPH	50.86	OK
2026-09-13	ENSG	215.0	OK
2026-09-13	ENTA	20.0	OK
2026-09-13	ENTG	176.71	OK
2026-09-13	ENVX	12.17	OK
2026-09-13	EOSE	4.75	OK
2026-09-13	EQIX	1245.77	OK
2026-09-13	EQPT	28.57	OK
2026-09-13	ERAS	24.13	OK
2026-09-13	ERII	8.0	OK
2026-09-13	ESEA	87.5	OK
2026-09-13	ESLT	892.5	OK
2026-09-13	ESQ	125.0	OK
2026-09-13	ESTA	103.33	OK
2026-09-13	ETON	62.0	OK
2026-09-13	ETOR	44.8	OK
2026-09-13	EVCM	10.25	OK
2026-09-13	EVGO	3.2	OK
2026-09-13	EVLV	10.42	OK
2026-09-13	EWBC	147.42	OK
2026-09-13	EWTX	51.25	OK
2026-09-13	EXC	48.8	OK
2026-09-13	EXEL	51.82	OK
2026-09-13	EXFY	2.75	OK
2026-09-13	EXLS	44.67	OK
2026-09-13	EXPE	341.42	OK
2026-09-13	EXPO	81.0	OK
2026-09-13	EXTR	32.79	OK
2026-09-13	EYE	30.0	OK
2026-09-13	EYPT	25.13	OK
2026-09-13	EZPW	42.5	OK
2026-09-13	FA	28.25	OK
2026-09-13	FANG	232.22	OK
2026-09-13	FAST	50.38	OK
2026-09-13	FATE	7.5	OK
2026-09-13	FBNC	70.0	OK
2026-09-13	FCEL	25.25	OK
2026-09-13	FCFS	247.5	OK
2026-09-13	FCNCA	2311.5	OK
2026-09-13	FDMT	34.5	OK
2026-09-13	FDUS	21.33	OK
2026-09-13	FELE	114.5	OK
2026-09-13	FFBC	36.67	OK
2026-09-13	FFIN	35.0	OK
2026-09-13	FFIV	432.67	OK
2026-09-13	FHB	30.83	OK
2026-09-13	FIBK	37.8	OK
2026-09-13	FIGR	58.0	OK
2026-09-13	FIP	9.0	OK
2026-09-13	FISI	45.0	OK
2026-09-13	FISN	18.5	OK
2026-09-13	FISV	64.25	OK
2026-09-13	FIVE	307.85	OK
2026-09-13	FIVN	33.56	OK
2026-09-13	FIZZ	32.0	OK
2026-09-13	FLD	1.6	OK
2026-09-13	FLEX	161.6	OK
2026-09-13	FLGT	19.0	OK
2026-09-13	FLL	3.0	OK
2026-09-13	FLNA	5.0	OK
2026-09-13	FLNC	15.4	OK
2026-09-13	FLY	38.0	OK
2026-09-13	FLYW	21.5	OK
2026-09-13	FMBH	56.83	OK
2026-09-13	FMNB	16.0	OK
2026-09-13	FNKO	6.75	OK
2026-09-13	FORM	146.67	OK
2026-09-13	FOSL	9.5	OK
2026-09-13	FOX.US	54.0	OK
2026-09-13	FOXA	72.78	OK
2026-09-13	FOXF	21.67	OK
2026-09-13	FRBT	22.8	OK
2026-09-13	FRME	50.5	OK
2026-09-13	FRMI	10.33	OK
2026-09-13	FRMM	11.0	OK
2026-09-13	FROG	111.79	OK
2026-09-13	FRPT	78.5	OK
2026-09-13	FRSH	15.25	OK
2026-09-13	FRST	18.0	OK
2026-09-13	FRVO	41.91	OK
2026-09-13	FSBW	45.0	OK
2026-09-13	FSLR	269.3	OK
2026-09-13	FSLY	26.75	OK
2026-09-13	FSV	175.25	OK
2026-09-13	FTDR	98.0	OK
2026-09-13	FTNT	166.8	OK
2026-09-13	FULC	3.0	OK
2026-09-13	FULT	26.33	OK
2026-09-13	FUTU	158.52	OK
2026-09-13	FWDI	16.0	OK
2026-09-13	FWONA	117.0	OK
2026-09-13	FWONK	124.8	OK
2026-09-13	FWRD	27.0	OK
2026-09-13	FWRG	19.0	OK
2026-09-13	0B2.DE	203.75	OK
2026-09-13	1U1.DE	25.6	OK
2026-09-13	22UA.DE	110.39	OK
2026-09-13	2M6.DE	88.53	OK
2026-09-13	8TRA.DE	38.9	OK
2026-09-13	AAPL.EUR	337.77	OK
2026-09-13	ABS2.DE	42.65	OK
2026-09-13	ACT.DE	203.0	OK
2026-09-13	ADN1.DE	65.0	OK
2026-09-13	ADS.DE	202.5	OK
2026-09-13	AEIN.DE	22.0	OK
2026-09-13	AFX.DE	26.82	OK
2026-09-13	AG1.DE	35.0	OK
2026-09-13	AIXA.DE	49.0	OK
2026-09-13	ALI1.DE	19.82	OK
2026-09-13	ALV.DE	445.29	OK
2026-09-13	AMD.EUR	647.19	OK
2026-09-13	AMV0.DE	51.13	OK
2026-09-13	AMZN.EUR	335.42	OK
2026-09-13	AOF.DE	136.0	OK
2026-09-13	AT1.DE	2.8	OK
2026-09-13	AUS.DE	320.0	OK
2026-09-13	AVGO.EUR	517.23	OK
2026-09-13	AZ2.DE	93.0	OK
2026-09-13	BAS.DE	57.67	OK
2026-09-13	BAYN.DE	63.5	OK
2026-09-13	BC8.DE	40.0	OK
2026-09-13	BEI.DE	67.0	OK
2026-09-13	BFSA.DE	41.67	OK
2026-09-13	BMW.DE	69.5	OK
2026-09-13	BNR.DE	58.5	OK
2026-09-13	BOSS.DE	40.0	OK
2026-09-13	BSL.DE	30.0	OK
2026-09-13	CBK.DE	41.6	OK
2026-09-13	CON.DE	81.67	OK
2026-09-13	CWC.DE	142.0	OK
2026-09-13	DB1.DE	283.8	OK
2026-09-13	DBAN.DE	32.65	OK
2026-09-13	DBK.DE	37.76	OK
2026-09-13	DEF.DE	29.2	OK
2026-09-13	DEQ.DE	20.2	OK
2026-09-13	DEZ.DE	19.0	OK
2026-09-13	DHER.DE	37.67	OK
2026-09-13	DHL.DE	54.42	OK
2026-09-13	DMP.DE	52.0	OK
2026-09-13	DOU.DE	10.0	OK
2026-09-13	DTE.DE	37.3	OK
2026-09-13	DTG.DE	52.33	OK
2026-09-13	DUE.DE	23.75	OK
2026-09-13	DWS.DE	70.5	OK
2026-09-13	EBO.DE	139.4	OK
2026-09-13	EIN.DE	105.0	OK
2026-09-13	ELG.DE	195.0	OK
2026-09-13	ENR.DE	211.43	OK
2026-09-13	EOAN.DE	20.03	OK
2026-09-13	EVD.DE	87.33	OK
2026-09-13	EVK.DE	21.5	OK
2026-09-13	EVT.DE	6.03	OK
2026-09-13	EXL.DE	4.2	OK
2026-09-13	FIE.DE	55.67	OK
2026-09-13	FME.DE	37.57	OK
2026-09-13	FNTN.DE	26.75	OK
2026-09-13	FPE.DE	43.0	OK
2026-09-13	FRA.DE	73.0	OK
2026-09-13	FRE.DE	55.3	OK
2026-09-13	FTK.DE	48.0	OK
2026-09-13	FYB.DE	33.0	OK
2026-09-13	G1A.DE	68.33	OK
2026-09-13	G24.DE	124.33	OK
2026-09-13	GBF.DE	106.13	OK
2026-09-13	GFT.DE	32.0	OK
2026-09-13	GLJ.DE	22.0	OK
2026-09-13	GOOG.EUR	441.33	OK
2026-09-13	GXI.DE	26.13	OK
2026-09-13	GYC.DE	8.5	OK
2026-09-13	HABA.DE	7.08	OK
2026-09-13	HAG.DE	98.67	OK
2026-09-13	HBH.DE	91.0	OK
2026-09-13	HDD.DE	1.8	OK
2026-09-13	HEI.DE	236.75	OK
2026-09-13	HEN3.DE	80.0	OK
2026-09-13	HFG.DE	3.3	OK
2026-09-13	HLAG.DE	101.0	OK
2026-09-13	HLE.DE	70.0	OK
2026-09-13	HNR1.DE	296.6	OK
2026-09-13	HOT.DE	493.0	OK
2026-09-13	HYQ.DE	159.5	OK
2026-09-13	IFX.DE	87.08	OK
2026-09-13	ILM1.DE	21.0	OK
2026-09-13	INH.DE	53.0	OK
2026-09-13	IOS.DE	37.67	OK
2026-09-13	IXX.DE	63.75	OK
2026-09-13	JEN.DE	47.0	OK
2026-09-13	JST.DE	79.5	OK
2026-09-13	JUN3.DE	38.67	OK
2026-09-13	KBX.DE	124.29	OK
2026-09-13	KCO.DE	11.0	OK
2026-09-13	KGX.DE	56.71	OK
2026-09-13	KRN.DE	175.0	OK
2026-09-13	KSB3.DE	1300.0	OK
2026-09-13	KTN.DE	28.5	OK
2026-09-13	KWS.DE	85.0	OK
2026-09-13	LEG.DE	50.6	OK
2026-09-13	LEN.DE	25.75	OK
2026-09-13	LHA.DE	8.1	OK
2026-09-13	LIN.DE	481.46	OK
2026-09-13	LPK.DE	23.5	OK
2026-09-13	LXS.DE	14.2	OK
2026-09-13	MBB.DE	211.0	OK
2026-09-13	MBG.DE	51.0	OK
2026-09-13	META.EUR	758.31	OK
2026-09-13	MLP.DE	13.0	OK
2026-09-13	MRK.DE	150.33	OK
2026-09-13	MSFT.EUR	567.6	OK
2026-09-13	MTX.DE	391.0	OK
2026-09-13	MUV2.DE	566.83	OK
2026-09-13	MUX.DE	41.0	OK
2026-09-13	NA9.DE	81.0	OK
2026-09-13	NDA.DE	181.25	OK
2026-09-13	NDX1.DE	52.43	OK
2026-09-13	NEM.DE	77.33	OK
2026-09-13	NP5.DE	46.45	OK
2026-09-13	NVDA.EUR	324.3	OK
2026-09-13	OEWA.DE	57.83	OK
2026-09-13	OHB.DE	272.5	OK
2026-09-13	PAH3.DE	42.56	OK
2026-09-13	PAT.DE	10.5	OK
2026-09-13	PCZ.DE	16.0	OK
2026-09-13	PLTR.EUR	204.06	OK
2026-09-13	PNE3.DE	12.0	OK
2026-09-13	PSH0.DE	0.62	OK
2026-09-13	PSM.DE	4.0	OK
2026-09-13	PUM.DE	31.93	OK
2026-09-13	QIA.DE	37.83	OK
2026-09-13	R3NK.DE	65.5	OK
2026-09-13	RAA.DE	680.0	OK
2026-09-13	RAW.DE	56.5	OK
2026-09-13	RHM.DE	1687.5	OK
2026-09-13	RRTL.DE	32.0	OK
2026-09-13	RWE.DE	68.75	OK
2026-09-13	RY4C.DE	29.13	OK
2026-09-13	S92.DE	74.5	OK
2026-09-13	SAP.DE	213.86	OK
2026-09-13	SAV.DE	0.15	OK
2026-09-13	SAX.DE	54.0	OK
2026-09-13	SBS.DE	29.0	OK
2026-09-13	SDF.DE	13.28	OK
2026-09-13	SFQ.DE	22.5	OK
2026-09-13	SGL.DE	4.8	OK
2026-09-13	SHA0.DE	9.05	OK
2026-09-13	SHL.DE	43.0	OK
2026-09-13	SIE.DE	312.0	OK
2026-09-13	SIX2.DE	110.0	OK
2026-09-13	SLL.DE	30.5	OK
2026-09-13	SMHN.DE	111.13	OK
2026-09-13	STM.DE	34.0	OK
2026-09-13	SY1.DE	99.29	OK
2026-09-13	SZG.DE	64.75	OK
2026-09-13	SZU.DE	11.35	OK
2026-09-13	TA1.DE	10.6	OK
2026-09-13	TEG.DE	15.0	OK
2026-09-13	TIMA.DE	80.0	OK
2026-09-13	TKA.DE	16.38	OK
2026-09-13	TKMS.DE	117.33	OK
2026-09-13	TLX.DE	143.0	OK
2026-09-13	TMV.DE	6.5	OK
2026-09-13	TNIE.DE	20.0	OK
2026-09-13	TPE.DE	47.0	OK
2026-09-13	TSLA.EUR	409.0	OK
2026-09-13	TUI1.DE	8.3	OK
2026-09-13	UN0.DE	35.0	OK
2026-09-13	UTDI.DE	31.93	OK
2026-09-13	VBK.DE	36.0	OK
2026-09-13	VH2.DE	110.0	OK
2026-09-13	VNA.DE	20.6	OK
2026-09-13	VOS.DE	70.5	OK
2026-09-13	VOW.DE	100.0	OK
2026-09-13	VOW3.DE	104.5	OK
2026-09-13	WAC.DE	26.75	OK
2026-09-13	WAF.DE	100.75	OK
2026-09-13	WCH.DE	85.0	OK
2026-09-13	WIB.DE	23.5	OK
2026-09-13	YSN.DE	260.0	OK
2026-09-13	ZAL.DE	32.67	OK
2026-09-13	GABC	55.5	OK
2026-09-13	GASS	14.0	OK
2026-09-13	GBDC	13.58	OK
2026-09-13	GCMG	16.33	OK
2026-09-13	GCT	73.0	OK
2026-09-13	GDRX	4.07	OK
2026-09-13	GDS	48.5	OK
2026-09-13	GDYN	12.0	OK
2026-09-13	GEHC	82.86	OK
2026-09-13	GEMI	5.6	OK
2026-09-13	GEN	32.4	OK
2026-09-13	GENB	26.5	OK
2026-09-13	GERN	3.5	OK
2026-09-13	GEVO	8.88	OK
2026-09-13	GFS	75.13	OK
2026-09-13	GGAL	85.0	OK
2026-09-13	GH	193.53	OK
2026-09-13	GHRS	43.29	OK
2026-09-13	GIII	40.0	OK
2026-09-13	GILD	158.92	OK
2026-09-13	GILT	20.0	OK
2026-09-13	GLBE	46.0	OK
2026-09-13	GLBS	6.0	OK
2026-09-13	GLNG	68.5	OK
2026-09-13	GLOO	8.0	OK
2026-09-13	GLPI	49.17	OK
2026-09-13	GLUE	29.2	OK
2026-09-13	GLXY	39.22	OK
2026-09-13	GMAB.US	38.67	OK
2026-09-13	GNLX	31.0	OK
2026-09-13	GNTX	28.0	OK
2026-09-13	GO	11.6	OK
2026-09-13	GOGO	10.0	OK
2026-09-13	GOOD	14.0	OK
2026-09-13	GOOG	441.33	OK
2026-09-13	GOOGL	426.17	OK
2026-09-13	GOSS	1.33	OK
2026-09-13	GPCR	105.33	OK
2026-09-13	GPGI	15.0	OK
2026-09-13	GPRE	19.0	OK
2026-09-13	GPRO	0.5	OK
2026-09-13	GRAB	5.61	OK
2026-09-13	GRAL	72.8	OK
2026-09-13	GRMN	312.75	OK
2026-09-13	GRPN	26.0	OK
2026-09-13	GRRR	39.5	OK
2026-09-13	GRSD	5.5	OK
2026-09-13	GRWG	2.5	OK
2026-09-13	GSAT	90.0	OK
2026-09-13	GSBC	74.0	OK
2026-09-13	GSHD	67.0	OK
2026-09-13	GSM	6.0	OK
2026-09-13	GT	10.0	OK
2026-09-13	GTLB	53.94	OK
2026-09-13	GTM	6.0	OK
2026-09-13	GTX.US	37.75	OK
2026-09-13	GYRE	19.0	OK
2026-09-13	HAFC	34.67	OK
2026-09-13	HAIN	0.81	OK
2026-09-13	HALO	97.14	OK
2026-09-13	HAPN	24.4	OK
2026-09-13	HAS	106.57	OK
2026-09-13	HBAN	20.36	OK
2026-09-13	HBNC	23.0	OK
2026-09-13	HBT	37.67	OK
2026-09-13	HCAT	1.9	OK
2026-09-13	HCKT	16.5	OK
2026-09-13	HCM	14.0	OK
2026-09-13	HCSG	29.0	OK
2026-09-13	HDSN	7.63	OK
2026-09-13	HELE	25.0	OK
2026-09-13	HFWA	32.67	OK
2026-09-13	HIMX	43.0	OK
2026-09-13	HIVE	7.3	OK
2026-09-13	HLIT	16.5	OK
2026-09-13	HLMN	12.5	OK
2026-09-13	HLNE	133.5	OK
2026-09-13	HMH	28.5	OK
2026-09-13	HNRG	28.0	OK
2026-09-13	HNST	5.7	OK
2026-09-13	HON	265.86	OK
2026-09-13	HONA	228.6	OK
2026-09-13	HOOD	132.07	OK
2026-09-13	HOPE	15.5	OK
2026-09-13	HQ	20.5	OK
2026-09-13	HQY	122.0	OK
2026-09-13	HRMY	44.5	OK
2026-09-13	HROW	66.0	OK
2026-09-13	HRZN	4.94	OK
2026-09-13	HSAI	29.3	OK
2026-09-13	HSIC	102.0	OK
2026-09-13	HST	24.81	OK
2026-09-13	HSTM	29.0	OK
2026-09-13	HTFL	39.0	OK
2026-09-13	HTHT	65.4	OK
2026-09-13	HTLD	12.33	OK
2026-09-13	HTO	65.67	OK
2026-09-13	HUBG	35.0	OK
2026-09-13	HUMA	2.06	OK
2026-09-13	HURN	201.0	OK
2026-09-13	HUT	164.2	OK
2026-09-13	HWC	84.86	OK
2026-09-13	HWKN	200.0	OK
2026-09-13	HYMC	28.0	OK
2026-09-13	0386.HK	4.5	OK
2026-09-13	0656.HK	6.18	OK
2026-09-13	0688.HK	15.9	OK
2026-09-13	0700.HK	727.5	OK
2026-09-13	0728.HK	6.05	OK
2026-09-13	0753.HK	5.72	OK
2026-09-13	0762.HK	7.29	OK
2026-09-13	0883.HK	30.0	OK
2026-09-13	0902.HK	6.1	OK
2026-09-13	0914.HK	22.58	OK
2026-09-13	0916.HK	7.0	OK
2026-09-13	0941.HK	97.5	OK
2026-09-13	0968.HK	3.08	OK
2026-09-13	0992.HK	38.67	OK
2026-09-13	0998.HK	9.1	OK
2026-09-13	1024.HK	48.77	OK
2026-09-13	1038.HK	70.05	OK
2026-09-13	1044.HK	23.9	OK
2026-09-13	1071.HK	4.4	OK
2026-09-13	1072.HK	44.8	OK
2026-09-13	1088.HK	47.95	OK
2026-09-13	1099.HK	21.8	OK
2026-09-13	1109.HK	41.3	OK
2026-09-13	1138.HK	26.0	OK
2026-09-13	1157.HK	9.75	OK
2026-09-13	1171.HK	14.05	OK
2026-09-13	1179.HK	53.0	OK
2026-09-13	1186.HK	5.5	OK
2026-09-13	1193.HK	16.5	OK
2026-09-13	1209.HK	51.65	OK
2026-09-13	1288.HK	7.1	OK
2026-09-13	1299.HK	110.67	OK
2026-09-13	1308.HK	44.91	OK
2026-09-13	1318.HK	80.75	OK
2026-09-13	1339.HK	7.5	OK
2026-09-13	1347.HK	166.67	OK
2026-09-13	1378.HK	35.68	OK
2026-09-13	1519.HK	14.0	OK
2026-09-13	1530.HK	34.78	OK
2026-09-13	1585.HK	13.91	OK
2026-09-13	1698.HK	47.93	OK
2026-09-13	1772.HK	46.5	OK
2026-09-13	1787.HK	17.5	OK
2026-09-13	1797.HK	35.34	OK
2026-09-13	1800.HK	4.0	OK
2026-09-13	1801.HK	135.13	OK
2026-09-13	1810.HK	31.77	OK
2026-09-13	1816.HK	3.66	OK
2026-09-13	1818.HK	21.5	OK
2026-09-13	1833.HK	14.26	OK
2026-09-13	1876.HK	8.4	OK
2026-09-13	1880.HK	53.1	OK
2026-09-13	1898.HK	15.2	OK
2026-09-13	1913.HK	50.0	OK
2026-09-13	1919.HK	18.4	OK
2026-09-13	1929.HK	18.37	OK
2026-09-13	1958.HK	0.88	OK
2026-09-13	1997.HK	34.75	OK
2026-09-13	2007.HK	0.13	OK
2026-09-13	2013.HK	1.3	OK
2026-09-13	2015.HK	51.1	OK
2026-09-13	2057.HK	169.0	OK
2026-09-13	2202.HK	1.6	OK
2026-09-13	2238.HK	2.33	OK
2026-09-13	2268.HK	93.0	OK
2026-09-13	2318.HK	82.25	OK
2026-09-13	2328.HK	18.4	OK
2026-09-13	2331.HK	19.5	OK
2026-09-13	2333.HK	14.0	OK
2026-09-13	2338.HK	50.93	OK
2026-09-13	2359.HK	211.13	OK
2026-09-13	2367.HK	38.42	OK
2026-09-13	2423.HK	64.39	OK
2026-09-13	2513.HK	1584.39	OK
2026-09-13	2588.HK	94.0	OK
2026-09-13	2600.HK	11.35	OK
2026-09-13	2601.HK	44.0	OK
2026-09-13	2611.HK	21.49	OK
2026-09-13	2618.HK	14.25	OK
2026-09-13	2628.HK	38.75	OK
2026-09-13	2727.HK	3.9	OK
2026-09-13	2799.HK	1.01	OK
2026-09-13	2883.HK	10.82	OK
2026-09-13	2899.HK	52.07	OK
2026-09-13	3311.HK	10.52	OK
2026-09-13	3323.HK	5.25	OK
2026-09-13	3328.HK	8.5	OK
2026-09-13	3347.HK	52.42	OK
2026-09-13	3606.HK	73.7	OK
2026-09-13	3692.HK	49.12	OK
2026-09-13	3750.HK	804.2	OK
2026-09-13	3759.HK	35.3	OK
2026-09-13	3800.HK	1.21	OK
2026-09-13	3808.HK	55.8	OK
2026-09-13	3888.HK	31.8	OK
2026-09-13	3898.HK	46.23	OK
2026-09-13	3968.HK	58.5	OK
2026-09-13	3988.HK	5.96	OK
2026-09-13	3998.HK	5.53	OK
2026-09-13	6030.HK	33.6	OK
2026-09-13	6055.HK	29.48	OK
2026-09-13	6066.HK	16.35	OK
2026-09-13	6099.HK	18.67	OK
2026-09-13	6160.HK	272.93	OK
2026-09-13	6181.HK	580.0	OK
2026-09-13	6185.HK	52.8	OK
2026-09-13	6186.HK	3.52	OK
2026-09-13	6618.HK	80.0	OK
2026-09-13	6690.HK	27.22	OK
2026-09-13	6936.HK	36.0	OK
2026-09-13	6969.HK	12.83	OK
2026-09-13	6990.HK	642.29	OK
2026-09-13	7489.HK	5.93	OK
2026-09-13	9618.HK	194.0	OK
2026-09-13	9626.HK	200.82	OK
2026-09-13	9633.HK	54.74	OK
2026-09-13	9660.HK	8.83	OK
2026-09-13	9696.HK	40.0	OK
2026-09-13	9863.HK	70.0	OK
2026-09-13	9866.HK	50.11	OK
2026-09-13	9868.HK	64.23	OK
2026-09-13	9888.HK	163.0	OK
2026-09-13	9896.HK	35.3	OK
2026-09-13	9901.HK	57.3	OK
2026-09-13	9926.HK	143.71	OK
2026-09-13	9961.HK	491.0	OK
2026-09-13	9988.HK	184.0	OK
2026-09-13	9992.HK	146.0	OK
2026-09-13	9999.HK	244.84	OK
2026-09-13	IART	20.0	OK
2026-09-13	IBCP	40.33	OK
2026-09-13	IBEX	40.0	OK
2026-09-13	IBKR	109.38	OK
2026-09-13	IBRX	13.0	OK
2026-09-13	ICFI	95.0	OK
2026-09-13	ICHR	97.67	OK
2026-09-13	ICLR	182.0	OK
2026-09-13	ICUI	195.67	OK
2026-09-13	IDCC	450.0	OK
2026-09-13	IDXX	703.75	OK
2026-09-13	IDYA	55.86	OK
2026-09-13	IESC	440.0	OK
2026-09-13	IFRX	5.5	OK
2026-09-13	IGIC	30.0	OK
2026-09-13	IHRT	2.25	OK
2026-09-13	IIIV	24.0	OK
2026-09-13	ILMN	197.79	OK
2026-09-13	IMCR	60.6	OK
2026-09-13	IMMR	13.5	OK
2026-09-13	IMMX	21.2	OK
2026-09-13	IMNM	37.33	OK
2026-09-13	IMRX	14.0	OK
2026-09-13	IMSR	15.0	OK
2026-09-13	IMTX	19.67	OK
2026-09-13	IMUX	43.6	OK
2026-09-13	IMVT	50.14	OK
2026-09-13	IMXI	13.0	OK
2026-09-13	INBK	30.5	OK
2026-09-13	INBX	237.5	OK
2026-09-13	INCY	131.53	OK
2026-09-13	INDB	91.25	OK
2026-09-13	INDI	4.75	OK
2026-09-13	INDV	53.0	OK
2026-09-13	INGN	12.0	OK
2026-09-13	INIO	40.7	OK
2026-09-13	INKT	35.0	OK
2026-09-13	INMD	17.0	OK
2026-09-13	INO	3.25	OK
2026-09-13	INOD	130.0	OK
2026-09-13	INSE	12.0	OK
2026-09-13	INSM	199.21	OK
2026-09-13	INTA	31.5	OK
2026-09-13	INTC	116.12	OK
2026-09-13	INTR	8.8	OK
2026-09-13	INTS	7.0	OK
2026-09-13	INTU	374.82	OK
2026-09-13	INV.US	5.5	OK
2026-09-13	INVA	40.67	OK
2026-09-13	INVE	3.55	OK
2026-09-13	INVZ	0.5	OK
2026-09-13	IONS	85.62	OK
2026-09-13	IOSP	110.0	OK
2026-09-13	IOVA	9.75	OK
2026-09-13	IPAR	118.0	OK
2026-09-13	IPGP	122.5	OK
2026-09-13	IPX	53.0	OK
2026-09-13	IQ.US	1.52	OK
2026-09-13	IRD	13.14	OK
2026-09-13	IRDM	36.0	OK
2026-09-13	IREN	81.86	OK
2026-09-13	IRMD	120.0	OK
2026-09-13	IRON	104.25	OK
2026-09-13	IRTC	177.75	OK
2026-09-13	ISPR	3.5	OK
2026-09-13	ISRG	469.91	OK
2026-09-13	ITG	17.14	OK
2026-09-13	ITRI	132.6	OK
2026-09-13	ITRN	80.0	OK
2026-09-13	IVVD	10.0	OK
2026-09-13	JACK	17.2	OK
2026-09-13	JAKK	27.0	OK
2026-09-13	JANX	34.22	OK
2026-09-13	JAZZ	300.58	OK
2026-09-13	JBHT	309.8	OK
2026-09-13	JBIO	49.89	OK
2026-09-13	JBLU	5.25	OK
2026-09-13	JBSS	109.0	OK
2026-09-13	JD.US	39.77	OK
2026-09-13	JJSF	110.5	OK
2026-09-13	JKHY	187.33	OK
2026-09-13	JOYY	90.5	OK
2026-09-13	JRVR	4.72	OK
2026-09-13	JYNT	12.0	OK
2026-09-13	KDP	35.5	OK
2026-09-13	KMB	114.0	OK
2026-09-13	KHC	24.67	OK
2026-09-13	KLAC	242.56	OK
2026-09-13	KC	16.0	OK
2026-09-13	KTOS	97.0	OK
2026-09-13	KLRS	14.0	OK
2026-09-13	KRNT	23.67	OK
2026-09-13	KNSL	373.4	OK
2026-09-13	KLIC	106.67	OK
2026-09-13	KLTR	3.0	OK
2026-09-13	KRYS	385.5	OK
2026-09-13	KEEL	7.5	OK
2026-09-13	KRUS	66.4	OK
2026-09-13	KYMR	138.47	OK
2026-09-13	KNSA	96.57	OK
2026-09-13	KURA	29.67	OK
2026-09-13	KROS	20.0	OK
2026-09-13	KALU	157.5	OK
2026-09-13	KELYA.US	19.5	OK
2026-09-13	KE	30.0	OK
2026-09-13	KIDS	29.0	OK
2026-09-13	KRNY	10.5	OK
2026-09-13	KRT	42.0	OK
2026-09-13	KOPN	8.5	OK
2026-09-13	KOD	73.0	OK
2026-09-13	KRRO	21.2	OK
2026-09-13	KSPI	115.0	OK
2026-09-13	KYIV	18.21	OK
2026-09-13	KLRA	57.0	OK
2026-09-13	KARD	44.0	OK
2026-09-13	LAMR	160.33	OK
2026-09-13	LAND	8.5	OK
2026-09-13	LASR	95.0	OK
2026-09-13	LAUR	43.67	OK
2026-09-13	LBRDK	42.0	OK
2026-09-13	LBTYA	10.95	OK
2026-09-13	LBTYK	18.0	OK
2026-09-13	LCID	9.0	OK
2026-09-13	LE	20.0	OK
2026-09-13	LECO	308.75	OK
2026-09-13	LEGN	49.5	OK
2026-09-13	LENZ	24.4	OK
2026-09-13	LFCR	6.25	OK
2026-09-13	LFMD	15.0	OK
2026-09-13	LFST	13.83	OK
2026-09-13	LFTO	35.2	OK
2026-09-13	LFUS	520.0	OK
2026-09-13	LGN	107.78	OK
2026-09-13	LGND	350.86	OK
2026-09-13	LGVN	3.0	OK
2026-09-13	LI	14.03	OK
2026-09-13	LIDR	3.5	OK
2026-09-13	LIF	66.0	OK
2026-09-13	LIFE	35.29	OK
2026-09-13	LILA	14.0	OK
2026-09-13	LILAK	7.2	OK
2026-09-13	LIME	39.29	OK
2026-09-13	LIN	558.67	OK
2026-09-13	LINC	50.0	OK
2026-09-13	LIND	33.0	OK
2026-09-13	LINE	46.5	OK
2026-09-13	LITE	1101.25	OK
2026-09-13	LIVN	91.5	OK
2026-09-13	LKFN	67.0	OK
2026-09-13	LKFT	26.0	OK
2026-09-13	LKQ	32.88	OK
2026-09-13	LMAT	103.0	OK
2026-09-13	LMB	83.67	OK
2026-09-13	LMNR.US	16.5	OK
2026-09-13	LMRI	18.0	OK
2026-09-13	LNT	78.0	OK
2026-09-13	LNTH	106.35	OK
2026-09-13	LNWO	144.0	OK
2026-09-13	LOB	47.0	OK
2026-09-13	LOCO	22.5	OK
2026-09-13	LOGI	107.05	OK
2026-09-13	LOPE	195.0	OK
2026-09-13	LOVE	21.0	OK
2026-09-13	LPLA.US	420.25	OK
2026-09-13	LQDA	109.8	OK
2026-09-13	LQDT	51.0	OK
2026-09-13	LRCX	391.67	OK
2026-09-13	LSCC	167.11	OK
2026-09-13	LSTR	202.45	OK
2026-09-13	LTRX	9.88	OK
2026-09-13	LULU	95.29	OK
2026-09-13	LUNG	3.5	OK
2026-09-13	LUNR	28.0	OK
2026-09-13	LWAY	32.0	OK
2026-09-13	LXRX	5.03	OK
2026-09-13	LYEL	36.2	OK
2026-09-13	LYFT	19.69	OK
2026-09-13	LYTS	29.5	OK
2026-09-13	LZ	7.33	OK
2026-09-13	AAF.L	450.0	OK
2026-09-13	AAL.L	4660.0	OK
2026-09-13	ABDN.L	251.25	OK
2026-09-13	ABF.L	1666.67	OK
2026-09-13	ADM.L	4113.63	OK
2026-09-13	AEP.L	275.0	OK
2026-09-13	AJB.L	615.0	OK
2026-09-13	ALFA.L	235.0	OK
2026-09-13	AML.L	37.0	OK
2026-09-13	ANTO.L	3869.09	OK
2026-09-13	AO.L	160.0	OK
2026-09-13	ASC.L	445.0	OK
2026-09-13	ASHM.L	179.67	OK
2026-09-13	ATG.L	490.0	OK
2026-09-13	ATYM.L	1180.0	OK
2026-09-13	AUTO.L	585.25	OK
2026-09-13	AV.L	733.0	OK
2026-09-13	AVAP.L	270.0	OK
2026-09-13	AVON.L	2390.0	OK
2026-09-13	AZN.L	15722.81	OK
2026-09-13	BA.L	2266.0	OK
2026-09-13	BAB.L	1375.2	OK
2026-09-13	BAG.L	745.0	OK
2026-09-13	BARC.L	587.5	OK
2026-09-13	BATS.L	4700.0	OK
2026-09-13	BBOX.L	187.5	OK
2026-09-13	BBY.L	1120.0	OK
2026-09-13	BGEO.L	14100.0	OK
2026-09-13	BHP.L	3095.63	OK
2026-09-13	BKG.L	10531.4	OK
2026-09-13	BLND.L	485.0	OK
2026-09-13	BME.L	180.0	OK
2026-09-13	BMS.L	320.0	OK
2026-09-13	BMY.L	825.0	OK
2026-09-13	BNZL.L	2800.0	OK
2026-09-13	BOOT.L	194.5	OK
2026-09-13	BOWL.L	400.0	OK
2026-09-13	BOY.L	912.6	OK
2026-09-13	BP.L	643.33	OK
2026-09-13	BPT.L	400.0	OK
2026-09-13	BRBY.L	1291.67	OK
2026-09-13	BRK.L	1600.0	OK
2026-09-13	BTRW.L	360.6	OK
2026-09-13	BWY.L	2276.0	OK
2026-09-13	BYG.L	979.0	OK
2026-09-13	BYIT.L	367.5	OK
2026-09-13	CAN.L	365.0	OK
2026-09-13	CBG.L	470.0	OK
2026-09-13	CCC.L	6500.0	OK
2026-09-13	CCH.L	5341.67	OK
2026-09-13	CGS.L	390.0	OK
2026-09-13	CKN.L	5300.0	OK
2026-09-13	CNA.L	209.25	OK
2026-09-13	COA.L	118.0	OK
2026-09-13	COST.L	275.0	OK
2026-09-13	CPI.L	575.0	OK
2026-09-13	CRDA.L	3600.0	OK
2026-09-13	CRST.L	101.0	OK
2026-09-13	CSN.L	318.5	OK
2026-09-13	CTEC.L	308.78	OK
2026-09-13	CURY.L	197.0	OK
2026-09-13	CWK.L	6293.33	OK
2026-09-13	DCC.L	6556.25	OK
2026-09-13	DEC.L	1773.97	OK
2026-09-13	DFS.L	210.0	OK
2026-09-13	DGE.L	1953.83	OK
2026-09-13	DLN.L	2190.0	OK
2026-09-13	DNLM.L	975.0	OK
2026-09-13	DOCS.L	75.0	OK
2026-09-13	DOM.L	167.0	OK
2026-09-13	DPLM.L	8425.0	OK
2026-09-13	DRX.L	936.5	OK
2026-09-13	ECOR.L	203.33	OK
2026-09-13	EDV.L	5054.5	OK
2026-09-13	ELIX.L	1275.0	OK
2026-09-13	ELM.L	210.0	OK
2026-09-13	EMG.L	345.0	OK
2026-09-13	ENOG.L	780.5	OK
2026-09-13	ENQ.L	35.0	OK
2026-09-13	ENT.L	986.0	OK
2026-09-13	ESNT.L	140.0	OK
2026-09-13	EVOK.L	52.0	OK
2026-09-13	EXPN.L	3822.6	OK
2026-09-13	EZJ.L	696.67	OK
2026-09-13	FAN.L	850.0	OK
2026-09-13	FCH.L	299.0	OK
2026-09-13	FDM.L	162.5	OK
2026-09-13	FGP.L	255.0	OK
2026-09-13	FORT.L	215.0	OK
2026-09-13	FRES.L	3270.0	OK
2026-09-13	FSJ.L	835.0	OK
2026-09-13	FSTA.L	1125.0	OK
2026-09-13	FUTR.L	740.0	OK
2026-09-13	FVA.L	190.0	OK
2026-09-13	FXPO.L	30.0	OK
2026-09-13	FSG.L	580.0	OK
2026-09-13	GAW.L	22150.0	OK
2026-09-13	GEN.L	406.5	OK
2026-09-13	GFRD.L	700.0	OK
2026-09-13	GFTU.L	1188.33	OK
2026-09-13	GKP.L	276.0	OK
2026-09-13	GLE.L	225.0	OK
2026-09-13	GLEN.L	651.43	OK
2026-09-13	GNC.L	185.0	OK
2026-09-13	GNS.L	2803.33	OK
2026-09-13	GPE.L	317.0	OK
2026-09-13	GRG.L	2045.0	OK
2026-09-13	GRI.L	204.67	OK
2026-09-13	GROW.L	877.0	OK
2026-09-13	GSK.L	2154.17	OK
2026-09-13	GYM.L	250.0	OK
2026-09-13	HAS.L	100.0	OK
2026-09-13	HBR.L	350.0	OK
2026-09-13	HFD.L	272.5	OK
2026-09-13	HHPD.L	23.0	OK
2026-09-13	HICL.L	135.0	OK
2026-09-13	HIK.L	1929.0	OK
2026-09-13	HILS.L	3420.0	OK
2026-09-13	HLMA.L	4428.0	OK
2026-09-13	HMSO.L	430.0	OK
2026-09-13	HOC.L	721.0	OK
2026-09-13	HSBA.L	1555.9	OK
2026-09-13	HSW.L	200.25	OK
2026-09-13	HSX.L	1975.33	OK
2026-09-13	HTG.L	567.5	OK
2026-09-13	HTWS.L	300.0	OK
2026-09-13	HWDN.L	960.0	OK
2026-09-13	HWG.L	190.0	OK
2026-09-13	IAG.L	545.0	OK
2026-09-13	IBST.L	115.0	OK
2026-09-13	ICG.L	2530.0	OK
2026-09-13	IGG.L	1930.0	OK
2026-09-13	IHP.L	475.0	OK
2026-09-13	III.L	3702.5	OK
2026-09-13	IMB.L	3366.67	OK
2026-09-13	IMI.L	3280.0	OK
2026-09-13	INCH.L	1050.0	OK
2026-09-13	INF.L	1040.0	OK
2026-09-13	ITRK.L	5925.0	OK
2026-09-13	ITV.L	82.0	OK
2026-09-13	IWG.L	290.0	OK
2026-09-13	JD.L	90.67	OK
2026-09-13	JDW.L	690.0	OK
2026-09-13	JMAT.L	2450.0	OK
2026-09-13	JUP.L	180.67	OK
2026-09-13	KAP.L	90.0	OK
2026-09-13	KGF.L	320.5	OK
2026-09-13	KIE.L	300.0	OK
2026-09-13	KLR.L	3125.0	OK
2026-09-13	KNOS.L	1237.0	OK
2026-09-13	LAND.L	775.0	OK
2026-09-13	LGEN.L	285.5	OK
2026-09-13	LIO.L	295.0	OK
2026-09-13	LIVE.L	85.0	OK
2026-09-13	LLOY.L	128.64	OK
2026-09-13	LMP.L	200.0	OK
2026-09-13	LRE.L	632.33	OK
2026-09-13	LSEG.L	11825.0	OK
2026-09-13	LUCE.L	320.0	OK
2026-09-13	MAB.L	355.0	OK
2026-09-13	MAB1.L	975.0	OK
2026-09-13	MACF.L	82.0	OK
2026-09-13	MARS.L	90.0	OK
2026-09-13	MCG.L	52.5	OK
2026-09-13	MER.L	497.5	OK
2026-09-13	MGAM.L	248.75	OK
2026-09-13	MICC.L	1332.46	OK
2026-09-13	MKS.L	455.0	OK
2026-09-13	MNDI.L	958.33	OK
2026-09-13	MNG.L	337.5	OK
2026-09-13	MONY.L	205.0	OK
2026-09-13	MOTR.L	170.0	OK
2026-09-13	MRO.L	695.0	OK
2026-09-13	MSLH.L	165.0	OK
2026-09-13	MTO.L	218.5	OK
2026-09-13	MTRO.L	190.0	OK
2026-09-13	N91.L	205.0	OK
2026-09-13	NCC.L	150.0	OK
2026-09-13	NG.L	1366.43	OK
2026-09-13	NRR.L	91.0	OK
2026-09-13	NWG.L	797.78	OK
2026-09-13	NXR.L	440.0	OK
2026-09-13	NXT.L	17200.0	OK
2026-09-13	OCDO.L	135.0	OK
2026-09-13	ONT.L	180.0	OK
2026-09-13	OSB.L	735.0	OK
2026-09-13	OXB.L	747.5	OK
2026-09-13	OXIG.L	3000.0	OK
2026-09-13	PAF.L	153.0	OK
2026-09-13	PAG.L	1060.0	OK
2026-09-13	PAGE.L	223.0	OK
2026-09-13	PBEE.L	525.5	OK
2026-09-13	PETS.L	265.0	OK
2026-09-13	PFD.L	225.0	OK
2026-09-13	PHP.L	118.0	OK
2026-09-13	PINE.L	500.0	OK
2026-09-13	PLUS.L	4375.0	OK
2026-09-13	PNN.L	561.25	OK
2026-09-13	PPH.L	1960.0	OK
2026-09-13	PROC.L	62.0	OK
2026-09-13	PRU.L	1424.86	OK
2026-09-13	PRV.L	1050.0	OK
2026-09-13	PSN.L	1339.0	OK
2026-09-13	PSON.L	1217.5	OK
2026-09-13	PTEC.L	347.5	OK
2026-09-13	PZC.L	115.0	OK
2026-09-13	QLT.L	200.0	OK
2026-09-13	QQ.L	546.0	OK
2026-09-13	RAT.L	1825.0	OK
2026-09-13	RCH.L	46.0	OK
2026-09-13	REL.L	4085.0	OK
2026-09-13	RHIM.L	3155.0	OK
2026-09-13	RIO.L	7547.0	OK
2026-09-13	RKT.L	6200.0	OK
2026-09-13	RMV.L	552.0	OK
2026-09-13	RNK.L	147.0	OK
2026-09-13	ROR.L	484.75	OK
2026-09-13	RPI.L	805.0	OK
2026-09-13	RR.L	1758.2	OK
2026-09-13	RS1.L	720.0	OK
2026-09-13	RSG.L	100.73	OK
2026-09-13	RSW.L	5930.0	OK
2026-09-13	RTO.L	517.5	OK
2026-09-13	RWA.L	160.0	OK
2026-09-13	SAFE.L	685.0	OK
2026-09-13	SAGA.L	910.0	OK
2026-09-13	SBRE.L	189.0	OK
2026-09-13	SBRY.L	350.0	OK
2026-09-13	SCT.L	2000.0	OK
2026-09-13	SDLF.L	954.33	OK
2026-09-13	SDY.L	53.0	OK
2026-09-13	SEIT.L	40.0	OK
2026-09-13	SEPL.L	875.0	OK
2026-09-13	SFR.L	54.0	OK
2026-09-13	SGE.L	1077.0	OK
2026-09-13	SGRO.L	970.0	OK
2026-09-13	SHC.L	186.86	OK
2026-09-13	SHEL.L	3950.0	OK
2026-09-13	SHI.L	9.4	OK
2026-09-13	SMIN.L	2750.0	OK
2026-09-13	SMSD.L	8300.0	OK
2026-09-13	SMWH.L	506.25	OK
2026-09-13	SN.L	1150.0	OK
2026-09-13	SNR.L	300.0	OK
2026-09-13	SNWS.L	90.0	OK
2026-09-13	SPI.L	262.5	OK
2026-09-13	SPX.L	8135.0	OK
2026-09-13	SRAD.L	190.0	OK
2026-09-13	SRE.L	110.0	OK
2026-09-13	SRP.L	300.0	OK
2026-09-13	SSE.L	2471.5	OK
2026-09-13	SSPG.L	220.0	OK
2026-09-13	STAN.L	2359.97	OK
2026-09-13	STJ.L	1598.75	OK
2026-09-13	SUNB.L	6455.27	OK
2026-09-13	SUS.L	2310.0	OK
2026-09-13	SVS.L	1359.0	OK
2026-09-13	SVT.L	3335.0	OK
2026-09-13	SWC.L	64.0	OK
2026-09-13	SYNT.L	65.0	OK
2026-09-13	TATE.L	595.0	OK
2026-09-13	TCAP.L	415.0	OK
2026-09-13	TEP.L	950.0	OK
2026-09-13	THG.L	60.0	OK
2026-09-13	THRL.L	101.0	OK
2026-09-13	TLW.L	35.0	OK
2026-09-13	TPK.L	608.0	OK
2026-09-13	TRI.L	140.0	OK
2026-09-13	TRN.L	225.0	OK
2026-09-13	TRST.L	380.0	OK
2026-09-13	TSCO.L	520.0	OK
2026-09-13	TTG.L	156.67	OK
2026-09-13	TW.L	97.2	OK
2026-09-13	ULVR.L	4600.0	OK
2026-09-13	UTG.L	460.0	OK
2026-09-13	UU.L	1450.0	OK
2026-09-13	VALT.L	7200.0	OK
2026-09-13	VANQ.L	145.0	OK
2026-09-13	VCT.L	595.0	OK
2026-09-13	VLX.L	690.0	OK
2026-09-13	VOD.L	114.0	OK
2026-09-13	VSVS.L	455.0	OK
2026-09-13	VTY.L	239.0	OK
2026-09-13	WEIR.L	3449.17	OK
2026-09-13	WIL.L	465.0	OK
2026-09-13	WISE.L	999.0	OK
2026-09-13	WIX.L	253.0	OK
2026-09-13	WIZZ.L	1025.0	OK
2026-09-13	WKP.L	300.0	OK
2026-09-13	WOSG.L	825.0	OK
2026-09-13	WPP.L	356.67	OK
2026-09-13	WTB.L	2200.0	OK
2026-09-13	XAR.L	140.0	OK
2026-09-13	XPP.L	2330.0	OK
2026-09-13	XPS.L	448.0	OK
2026-09-13	ZEG.L	2350.0	OK
2026-09-13	ZIG.L	492.5	OK
2026-09-13	ZTF.L	570.0	OK
2026-09-13	4BB.L	1400.0	OK
2026-09-13	ABDP.L	1700.0	OK
2026-09-13	ACSO.L	562.5	OK
2026-09-13	AET.L	125.0	OK
2026-09-13	ALL.L	18.56	OK
2026-09-13	ANIC.L	13.3	OK
2026-09-13	AXS.L	130.0	OK
2026-09-13	BKS.L	335.0	OK
2026-09-13	BOKU.L	195.0	OK
2026-09-13	BRCK.L	93.0	OK
2026-09-13	BTG.L	166.0	OK
2026-09-13	CAML.L	190.0	OK
2026-09-13	CER.L	1730.0	OK
2026-09-13	CHRT.L	1530.0	OK
2026-09-13	CNC.L	320.0	OK
2026-09-13	DOTD.L	135.0	OK
2026-09-13	DXRX.L	215.0	OK
2026-09-13	EAAS.L	9.0	OK
2026-09-13	ECO.L	128.0	OK
2026-09-13	FARN.L	1000.0	OK
2026-09-13	FDEV.L	625.0	OK
2026-09-13	FEVR.L	1031.67	OK
2026-09-13	FLO.L	100.0	OK
2026-09-13	FRP.L	220.0	OK
2026-09-13	GFM.L	360.0	OK
2026-09-13	GGP.L	711.44	OK
2026-09-13	GHH.L	1230.0	OK
2026-09-13	GMR.L	56.0	OK
2026-09-13	HCM.L	287.86	OK
2026-09-13	IES.L	60.0	OK
2026-09-13	IOM.L	10.0	OK
2026-09-13	KETL.L	59.5	OK
2026-09-13	KGH.L	355.0	OK
2026-09-13	KIST.L	342.5	OK
2026-09-13	LBG.L	50.0	OK
2026-09-13	MANO.L	67.0	OK
2026-09-13	MIDW.L	350.0	OK
2026-09-13	MPE.L	1900.0	OK
2026-09-13	NICL.L	1450.0	OK
2026-09-13	NWF.L	145.0	OK
2026-09-13	PGH.L	465.0	OK
2026-09-13	POLR.L	1175.0	OK
2026-09-13	PRO.L	5.0	OK
2026-09-13	SDI.L	145.0	OK
2026-09-13	SRC.L	130.0	OK
2026-09-13	TAM.L	900.0	OK
2026-09-13	THS.L	150.0	OK
2026-09-13	THX.L	130.0	OK
2026-09-13	TIG.L	90.0	OK
2026-09-13	TRCS.L	575.0	OK
2026-09-13	ULTP.L	75.0	OK
2026-09-13	MAKO	14.09	OK
2026-09-13	MAMA	21.0	OK
2026-09-13	MANH	231.0	OK
2026-09-13	MAR	382.45	OK
2026-09-13	MARA	16.75	OK
2026-09-13	MASS	12.5	OK
2026-09-13	MAT	15.83	OK
2026-09-13	MATW	24.0	OK
2026-09-13	MAZE	65.0	OK
2026-09-13	MBGL	22.67	OK
2026-09-13	MBIN	64.0	OK
2026-09-13	MBLY	11.83	OK
2026-09-13	MBUU	33.33	OK
2026-09-13	MBWM	63.2	OK
2026-09-13	MBX	91.0	OK
2026-09-13	MCBS	38.0	OK
2026-09-13	MCFT	26.0	OK
2026-09-13	MCHB	17.5	OK
2026-09-13	MCHP	106.44	OK
2026-09-13	MCRB	17.0	OK
2026-09-13	MCRI	135.5	OK
2026-09-13	MDB	480.83	OK
2026-09-13	MDGL	671.22	OK
2026-09-13	MDLN	43.45	OK
2026-09-13	MDLZ	68.5	OK
2026-09-13	MDXG	8.0	OK
2026-09-13	MEDP	561.0	OK
2026-09-13	MELI	2241.25	OK
2026-09-13	MEOH	71.0	OK
2026-09-13	MERC	0.55	OK
2026-09-13	META	758.31	OK
2026-09-13	METC	18.4	OK
2026-09-13	MFIC	10.13	OK
2026-09-13	MFIN	11.25	OK
2026-09-13	MFP	50.0	OK
2026-09-13	MGEE	74.0	OK
2026-09-13	MGNI	29.44	OK
2026-09-13	MGNX	7.0	OK
2026-09-13	MGPI	24.67	OK
2026-09-13	MGRC	141.5	OK
2026-09-13	MGTX	23.33	OK
2026-09-13	MIDD.US	151.6	OK
2026-09-13	MIRM	136.67	OK
2026-09-13	MITK	23.25	OK
2026-09-13	MKSI	415.22	OK
2026-09-13	MKTX	154.33	OK
2026-09-13	MLAB	110.0	OK
2026-09-13	MLCO	7.4	OK
2026-09-13	MLTX	38.33	OK
2026-09-13	MLYS	51.0	OK
2026-09-13	MMED	24.6	OK
2026-09-13	MMSI	97.0	OK
2026-09-13	MMYT	70.0	OK
2026-09-13	MNDY	100.0	OK
2026-09-13	MNKD	4.75	OK
2026-09-13	MNRO	16.5	OK
2026-09-13	MNST	51.79	OK
2026-09-13	MOBI	18.0	OK
2026-09-13	MORN	245.0	OK
2026-09-13	MPB	39.5	OK
2026-09-13	MPWR	1837.11	OK
2026-09-13	MQ	19.0	OK
2026-09-13	MRAM	28.5	OK
2026-09-13	MRCY	110.6	OK
2026-09-13	MREO	3.0	OK
2026-09-13	MRNA	99.86	OK
2026-09-13	MRTN	16.0	OK
2026-09-13	MRVI	8.0	OK
2026-09-13	MRVL	298.3	OK
2026-09-13	MRX	80.6	OK
2026-09-13	MSBI	33.0	OK
2026-09-13	MSEX	66.0	OK
2026-09-13	MSFT	567.6	OK
2026-09-13	MSTR	231.0	OK
2026-09-13	MTCH	42.83	OK
2026-09-13	MTRX	16.0	OK
2026-09-13	MTSI	402.5	OK
2026-09-13	MU	1566.3	OK
2026-09-13	MVBF	34.0	OK
2026-09-13	MVST	4.0	OK
2026-09-13	MWH	40.75	OK
2026-09-13	MYGN	3.05	OK
2026-09-13	MYRG	410.0	OK
2026-09-13	MZTI	129.33	OK
2026-09-13	ACS.MC	151.5	OK
2026-09-13	ACX.MC	19.73	OK
2026-09-13	AENA.MC	28.25	OK
2026-09-13	AMS.MC	71.0	OK
2026-09-13	BBVA.MC	24.97	OK
2026-09-13	BKT.MC	17.24	OK
2026-09-13	CABK.MC	13.33	OK
2026-09-13	CLNX.MC	35.5	OK
2026-09-13	COL.MC	4.75	OK
2026-09-13	ELE.MC	34.0	OK
2026-09-13	ENG.MC	16.0	OK
2026-09-13	FCC.MC	11.7	OK
2026-09-13	FDR.MC	28.0	OK
2026-09-13	FER.MC	64.6	OK
2026-09-13	IBE.MC	19.96	OK
2026-09-13	IDR.MC	67.67	OK
2026-09-13	ITX.MC	62.67	OK
2026-09-13	MAP.MC	3.95	OK
2026-09-13	MEL.MC	12.25	OK
2026-09-13	MRL.MC	16.3	OK
2026-09-13	MTS.MC	71.71	OK
2026-09-13	NTGY.MC	32.39	OK
2026-09-13	PHM.MC	100.0	OK
2026-09-13	RED.MC	17.4	OK
2026-09-13	REP.MC	30.9	OK
2026-09-13	SAB.MC	3.38	OK
2026-09-13	SAN.MC	13.67	OK
2026-09-13	SCYR.MC	5.6	OK
2026-09-13	TEF.MC	4.03	OK
2026-09-13	UNI.MC	3.13	OK
2026-09-13	VID.MC	102.5	OK
2026-09-13	VIS.MC	72.0	OK
2026-09-13	AMP.MI	13.9	OK
2026-09-13	ARIS.MI	4.9	OK
2026-09-13	BAMI.MI	16.67	OK
2026-09-13	BC.MI	98.33	OK
2026-09-13	BGN.MI	75.75	OK
2026-09-13	BMED.MI	24.63	OK
2026-09-13	BMPS.MI	10.1	OK
2026-09-13	BPE.MI	16.0	OK
2026-09-13	BRE.MI	12.4	OK
2026-09-13	BZU.MI	43.77	OK
2026-09-13	CPR.MI	6.2	OK
2026-09-13	CRL.MI	36.3	OK
2026-09-13	DIA.MI	70.0	OK
2026-09-13	DLG.MI	54.0	OK
2026-09-13	EGLA.MI	1.2	OK
2026-09-13	ENAV.MI	6.15	OK
2026-09-13	ENEL.MI	9.75	OK
2026-09-13	ENI.MI	27.43	OK
2026-09-13	FBK.MI	26.33	OK
2026-09-13	FCT.MI	20.5	OK
2026-09-13	G.MI	49.59	OK
2026-09-13	GVS.MI	6.4	OK
2026-09-13	ICOS.MI	16.2	OK
2026-09-13	IG.MI	10.7	OK
2026-09-13	INW.MI	8.1	OK
2026-09-13	IP.MI	39.5	OK
2026-09-13	ISP.MI	7.45	OK
2026-09-13	ITM.MI	27.9	OK
2026-09-13	LDO.MI	72.75	OK
2026-09-13	LTMC.MI	33.0	OK
2026-09-13	MAIRE.MI	15.0	OK
2026-09-13	MB.MI	23.9	OK
2026-09-13	MONC.MI	56.8	OK
2026-09-13	NEXI.MI	3.4	OK
2026-09-13	PIRC.MI	7.15	OK
2026-09-13	PRY.MI	161.75	OK
2026-09-13	PST.MI	30.82	OK
2026-09-13	RACE.MI	439.59	OK
2026-09-13	REC.MI	50.0	OK
2026-09-13	REY.MI	166.5	OK
2026-09-13	RWAY.MI	5.4	OK
2026-09-13	SES.MI	130.0	OK
2026-09-13	SFER.MI	9.95	OK
2026-09-13	SPM.MI	5.33	OK
2026-09-13	SRG.MI	6.5	OK
2026-09-13	STLAM.MI	4.94	OK
2026-09-13	STMMI.MI	70.83	OK
2026-09-13	TEN.MI	32.0	OK
2026-09-13	TGYM.MI	19.93	OK
2026-09-13	TIT.MI	7.2	OK
2026-09-13	TPRO.MI	41.0	OK
2026-09-13	TRN.MI	9.88	OK
2026-09-13	UCG.MI	88.47	OK
2026-09-13	ZV.MI	8.5	OK
2026-09-13	NAGE	10.5	OK
2026-09-13	NAMS	52.5	OK
2026-09-13	NATR	36.0	OK
2026-09-13	NAVI	8.25	OK
2026-09-13	NAVN	31.33	OK
2026-09-13	NB	12.5	OK
2026-09-13	NBIS	307.67	OK
2026-09-13	NBIX	209.73	OK
2026-09-13	NBN	151.0	OK
2026-09-13	NBP	9.0	OK
2026-09-13	NBTB	56.0	OK
2026-09-13	NCNO	24.0	OK
2026-09-13	NDAQ	112.11	OK
2026-09-13	NDSN	364.0	OK
2026-09-13	NECB	29.5	OK
2026-09-13	NEO.US	18.8	OK
2026-09-13	NEOG	13.0	OK
2026-09-13	NEWT.US	17.0	OK
2026-09-13	NEXN	13.6	OK
2026-09-13	NEXT	8.0	OK
2026-09-13	NFLX	97.05	OK
2026-09-13	NHP	18.2	OK
2026-09-13	NICE	127.67	OK
2026-09-13	NKTR	142.17	OK
2026-09-13	NKTX	11.67	OK
2026-09-13	NMFC	7.5	OK
2026-09-13	NMIH	50.4	OK
2026-09-13	NMRK	17.5	OK
2026-09-13	NN	22.0	OK
2026-09-13	NNE	42.67	OK
2026-09-13	NNOX	3.0	OK
2026-09-13	NOVT	194.0	OK
2026-09-13	NPCE	20.67	OK
2026-09-13	NRC	26.0	OK
2026-09-13	NRDS	11.67	OK
2026-09-13	NRIM	30.0	OK
2026-09-13	NRIX	33.78	OK
2026-09-13	NSIT.US	171.67	OK
2026-09-13	NSLR	16.0	OK
2026-09-13	NSSC	51.5	OK
2026-09-13	NTAP	195.36	OK
2026-09-13	NTCT	43.0	OK
2026-09-13	NTES	145.75	OK
2026-09-13	NTGR	36.0	OK
2026-09-13	NTLA	20.75	OK
2026-09-13	NTNX	76.54	OK
2026-09-13	NTRA	345.37	OK
2026-09-13	NTRS	184.46	OK
2026-09-13	NTSK	17.86	OK
2026-09-13	NUTX	325.0	OK
2026-09-13	NVAX	18.0	OK
2026-09-13	NVCR	29.67	OK
2026-09-13	NVCT	36.5	OK
2026-09-13	NVDA	324.3	OK
2026-09-13	NVMI	536.57	OK
2026-09-13	NVTS	14.9	OK
2026-09-13	NWBI	16.25	OK
2026-09-13	NWE	71.33	OK
2026-09-13	NWL	6.25	OK
2026-09-13	NWPX.US	95.0	OK
2026-09-13	NWSA	27.26	OK
2026-09-13	NXH	9.0	OK
2026-09-13	NXPI	304.44	OK
2026-09-13	NXST	252.5	OK
2026-09-13	NXT.US	154.57	OK
2026-09-13	NYAX	80.0	OK
2026-09-13	A.US	176.0	OK
2026-09-13	AA	62.33	OK
2026-09-13	AADX	25.2	OK
2026-09-13	AAMI	88.0	OK
2026-09-13	AAP	50.71	OK
2026-09-13	AAT	24.0	OK
2026-09-13	AAUC	29.82	OK
2026-09-13	ABBV	278.5	OK
2026-09-13	ABCB	93.75	OK
2026-09-13	ABEV	3.5	OK
2026-09-13	ABG	235.0	OK
2026-09-13	ABM	54.9	OK
2026-09-13	ABR	5.17	OK
2026-09-13	ABT.US	123.29	OK
2026-09-13	ABX	13.5	OK
2026-09-13	ACA.US	150.0	OK
2026-09-13	ACCO	7.5	OK
2026-09-13	ACEL	16.0	OK
2026-09-13	ACH.US	1.43	OK
2026-09-13	ACHR	12.33	OK
2026-09-13	ACI	12.13	OK
2026-09-13	ACM	80.0	OK
2026-09-13	ACN	189.33	OK
2026-09-13	ACRE	5.17	OK
2026-09-13	ACVA	8.75	OK
2026-09-13	AD	41.64	OK
2026-09-13	ADC	85.0	OK
2026-09-13	ADIG	24.0	OK
2026-09-13	ADM	89.0	OK
2026-09-13	ADNT	26.33	OK
2026-09-13	ADT	7.0	OK
2026-09-13	AEE	120.57	OK
2026-09-13	AEM	221.18	OK
2026-09-13	AEO	18.67	OK
2026-09-13	AER	175.25	OK
2026-09-13	AERO.US	20.0	OK
2026-09-13	AES	15.0	OK
2026-09-13	AESI	15.2	OK
2026-09-13	AFG	154.5	OK
2026-09-13	AFL	117.56	OK
2026-09-13	AG	25.38	OK
2026-09-13	AGBK	11.0	OK
2026-09-13	AGCO	126.0	OK
2026-09-13	AGI	49.14	OK
2026-09-13	AGL	114.25	OK
2026-09-13	AGM	255.0	OK
2026-09-13	AGO	88.5	OK
2026-09-13	AGRO	12.43	OK
2026-09-13	AGX	679.67	OK
2026-09-13	AHR	63.1	OK
2026-09-13	AHRT	7.0	OK
2026-09-13	AI	9.25	OK
2026-09-13	AIG	88.42	OK
2026-09-13	AIN	75.0	OK
2026-09-13	AIR.US	222.54	OK
2026-09-13	AIT	396.0	OK
2026-09-13	AIZ	335.0	OK
2026-09-13	AJG	295.77	OK
2026-09-13	AKA.US	13.0	OK
2026-09-13	AKR	25.5	OK
2026-09-13	ALB	177.14	OK
2026-09-13	ALG	188.0	OK
2026-09-13	ALH	32.75	OK
2026-09-13	ALIT	14.5	OK
2026-09-13	ALK	57.0	OK
2026-09-13	ALL	274.0	OK
2026-09-13	ALLE	169.0	OK
2026-09-13	ALLY	54.73	OK
2026-09-13	ALSN	140.0	OK
2026-09-13	ALTG	12.5	OK
2026-09-13	ALV	147.0	OK
2026-09-13	ALX	212.0	OK
2026-09-13	AM	24.5	OK
2026-09-13	AMBP	5.6	OK
2026-09-13	AMC	2.76	OK
2026-09-13	AMCR	50.0	OK
2026-09-13	AME	283.67	OK
2026-09-13	AMG	450.75	OK
2026-09-13	AMH	36.17	OK
2026-09-13	AMN	37.0	OK
2026-09-13	AMP.US	583.0	OK
2026-09-13	AMPX	23.5	OK
2026-09-13	AMPY	7.75	OK
2026-09-13	AMR	170.0	OK
2026-09-13	AMRC	36.75	OK
2026-09-13	AMRX	21.25	OK
2026-09-13	AMRZ	50.99	OK
2026-09-13	AMT	209.0	OK
2026-09-13	AMTB	30.33	OK
2026-09-13	AMTM	29.25	OK
2026-09-13	AMWL	12.0	OK
2026-09-13	AMX	28.95	OK
2026-09-13	AN	247.6	OK
2026-09-13	ANDG	58.0	OK
2026-09-13	ANET	249.43	OK
2026-09-13	ANF	163.88	OK
2026-09-13	ANGX	8.67	OK
2026-09-13	ANVS	17.0	OK
2026-09-13	AON	388.25	OK
2026-09-13	AORT	40.67	OK
2026-09-13	AOS	67.0	OK
2026-09-13	APAM	40.67	OK
2026-09-13	APD	342.17	OK
2026-09-13	APG	51.5	OK
2026-09-13	APH	100.94	OK
2026-09-13	APLE	18.25	OK
2026-09-13	APO	152.63	OK
2026-09-13	APTV	65.83	OK
2026-09-13	AQN	6.54	OK
2026-09-13	AR.US	48.29	OK
2026-09-13	ARCO	10.5	OK
2026-09-13	ARE	53.17	OK
2026-09-13	ARES	147.67	OK
2026-09-13	ARI	7.75	OK
2026-09-13	ARIS	29.58	OK
2026-09-13	ARLO	21.2	OK
2026-09-13	ARMK	68.17	OK
2026-09-13	AROC	46.0	OK
2026-09-13	ARW	230.0	OK
2026-09-13	ARX	19.17	OK
2026-09-13	AS	47.6	OK
2026-09-13	ASAN	9.53	OK
2026-09-13	ASB	34.25	OK
2026-09-13	ASC	21.0	OK
2026-09-13	ASH	79.0	OK
2026-09-13	ASIX	18.0	OK
2026-09-13	ASPN	7.25	OK
2026-09-13	ASR	280.0	OK
2026-09-13	ASX	48.0	OK
2026-09-13	ATEN	40.0	OK
2026-09-13	ATI	255.0	OK
2026-09-13	ATKR	93.5	OK
2026-09-13	ATMU	67.0	OK
2026-09-13	ATNM	3.5	OK
2026-09-13	ATO	186.5	OK
2026-09-13	ATR	162.33	OK
2026-09-13	ATS	27.39	OK
2026-09-13	AU	112.62	OK
2026-09-13	AUB	46.0	OK
2026-09-13	AVA	38.0	OK
2026-09-13	AVEX	32.33	OK
2026-09-13	AVNT.US	48.0	OK
2026-09-13	AVTR	13.86	OK
2026-09-13	AVY	196.33	OK
2026-09-13	AWI	210.0	OK
2026-09-13	AWK	137.6	OK
2026-09-13	AWR	77.0	OK
2026-09-13	AX	115.33	OK
2026-09-13	AXP	378.54	OK
2026-09-13	AXS.US	125.57	OK
2026-09-13	AXTA	38.6	OK
2026-09-13	AYI	400.0	OK
2026-09-13	AZO	3798.0	OK
2026-09-13	AZUL	15.5	OK
2026-09-13	AZZ	152.33	OK
2026-09-13	B	50.01	OK
2026-09-13	BA	275.71	OK
2026-09-13	BABA	192.53	OK
2026-09-13	BAC	68.38	OK
2026-09-13	BAH	82.75	OK
2026-09-13	BALL	71.0	OK
2026-09-13	BAM	56.43	OK
2026-09-13	BANC	22.57	OK
2026-09-13	BAP	473.0	OK
2026-09-13	BAX	26.5	OK
2026-09-13	BB	9.96	OK
2026-09-13	BBAI	4.0	OK
2026-09-13	BBAR	20.0	OK
2026-09-13	BBDC	10.0	OK
2026-09-13	BBT	36.0	OK
2026-09-13	BBUC	39.17	OK
2026-09-13	BBVA.US	29.01	OK
2026-09-13	BBW	40.0	OK
2026-09-13	BBWI	21.67	OK
2026-09-13	BBY	88.58	OK
2026-09-13	BC	83.0	OK
2026-09-13	BCC	102.0	OK
2026-09-13	BCE	27.66	OK
2026-09-13	BCH.US	45.0	OK
2026-09-13	BCO	141.0	OK
2026-09-13	BCS	7.85	OK
2026-09-13	BCSF	12.5	OK
2026-09-13	BDC	158.67	OK
2026-09-13	BDN	3.0	OK
2026-09-13	BDX	190.0	OK
2026-09-13	BE	286.25	OK
2026-09-13	BEKE	24.2	OK
2026-09-13	BEN	37.67	OK
2026-09-13	BEPC	39.0	OK
2026-09-13	BETA	33.5	OK
2026-09-13	BFAM	92.75	OK
2026-09-13	BFH	121.27	OK
2026-09-13	BFLY	10.0	OK
2026-09-13	BG	151.67	OK
2026-09-13	BGS	4.5	OK
2026-09-13	BHB	41.0	OK
2026-09-13	BHC	9.0	OK
2026-09-13	BHE	91.0	OK
2026-09-13	BHP	61.5	OK
2026-09-13	BHVN	21.29	OK
2026-09-13	BILL	56.33	OK
2026-09-13	BIO.US	360.0	OK
2026-09-13	BIP	49.75	OK
2026-09-13	BIPC	48.0	OK
2026-09-13	BIRK	53.86	OK
2026-09-13	BJ	105.67	OK
2026-09-13	BKD	20.0	OK
2026-09-13	BKE	46.0	OK
2026-09-13	BKH	87.0	OK
2026-09-13	BKR	74.33	OK
2026-09-13	BKSY	35.0	OK
2026-09-13	BKTI	97.0	OK
2026-09-13	BKU	48.6	OK
2026-09-13	BKV	33.14	OK
2026-09-13	BLCO	18.0	OK
2026-09-13	BLDR	82.33	OK
2026-09-13	BLK	1318.38	OK
2026-09-13	BLND.US	2.4	OK
2026-09-13	BLSH	40.2	OK
2026-09-13	BMA	132.0	OK
2026-09-13	BMI	162.5	OK
2026-09-13	BMNR	63.6	OK
2026-09-13	BMO	192.11	OK
2026-09-13	BMY	65.53	OK
2026-09-13	BN.US	55.33	OK
2026-09-13	BNL	23.0	OK
2026-09-13	BNS	99.57	OK
2026-09-13	BNY	168.54	OK
2026-09-13	BOBS	20.33	OK
2026-09-13	BOH	87.2	OK
2026-09-13	BOOT	225.57	OK
2026-09-13	BORR	5.5	OK
2026-09-13	BOX	37.8	OK
2026-09-13	BP.US	48.0	OK
2026-09-13	BR	190.0	OK
2026-09-13	BRBR	16.5	OK
2026-09-13	BRCC	13.38	OK
2026-09-13	BRO	75.55	OK
2026-09-13	BROS	76.0	OK
2026-09-13	BRSL	13.5	OK
2026-09-13	BRSP	6.5	OK
2026-09-13	BRT	15.5	OK
2026-09-13	BRX	35.25	OK
2026-09-13	BSAC	38.0	OK
2026-09-13	BSBR	5.6	OK
2026-09-13	BSM	16.0	OK
2026-09-13	BSX.US	60.08	OK
2026-09-13	BTG.US	6.19	OK
2026-09-13	BTGO	10.71	OK
2026-09-13	BTI	68.1	OK
2026-09-13	BTU	31.63	OK
2026-09-13	BUD	101.0	OK
2026-09-13	BUR	6.08	OK
2026-09-13	BURL	375.5	OK
2026-09-13	BV.US	13.8	OK
2026-09-13	BVN	37.25	OK
2026-09-13	BW	23.0	OK
2026-09-13	BWA	80.5	OK
2026-09-13	BWXT	227.6	OK
2026-09-13	BX	142.0	OK
2026-09-13	BXC	83.5	OK
2026-09-13	BXDC	23.0	OK
2026-09-13	BXMT	17.0	OK
2026-09-13	BXP	75.86	OK
2026-09-13	BXSL	24.64	OK
2026-09-13	BY	42.33	OK
2026-09-13	BYD	92.57	OK
2026-09-13	BZH	33.5	OK
2026-09-13	C	157.0	OK
2026-09-13	CAAP	33.0	OK
2026-09-13	CABO	38.0	OK
2026-09-13	CACI	733.86	OK
2026-09-13	CAG	12.5	OK
2026-09-13	CAH	269.88	OK
2026-09-13	CAL	16.0	OK
2026-09-13	CALX.US	62.4	OK
2026-09-13	CALY	20.0	OK
2026-09-13	CARR	80.0	OK
2026-09-13	CARS	15.25	OK
2026-09-13	CAT	1017.69	OK
2026-09-13	CAVA	88.22	OK
2026-09-13	CB	372.13	OK
2026-09-13	CBL.US	66.0	OK
2026-09-13	CBRE	183.5	OK
2026-09-13	CBT	84.0	OK
2026-09-13	CBU	71.0	OK
2026-09-13	CBZ	50.0	OK
2026-09-13	CC.US	18.8	OK
2026-09-13	CCEP	115.62	OK
2026-09-13	CCI	95.44	OK
2026-09-13	CCJ	122.03	OK
2026-09-13	CCK	132.17	OK
2026-09-13	CCL	35.44	OK
2026-09-13	CCU	11.15	OK
2026-09-13	CDE	22.5	OK
2026-09-13	CDP	37.67	OK
2026-09-13	CDRE	44.5	OK
2026-09-13	CE	61.25	OK
2026-09-13	CF	122.5	OK
2026-09-13	CFG	80.2	OK
2026-09-13	CFR	172.2	OK
2026-09-13	CGAU	24.17	OK
2026-09-13	CHCT	18.0	OK
2026-09-13	CHD	105.0	OK
2026-09-13	CHE	569.0	OK
2026-09-13	CHH	112.67	OK
2026-09-13	CHPT	7.5	OK
2026-09-13	CHWY	27.0	OK
2026-09-13	CI	340.11	OK
2026-09-13	CIB	110.0	OK
2026-09-13	CIEN	502.6	OK
2026-09-13	CIM	13.5	OK
2026-09-13	CINT	5.28	OK
2026-09-13	CL	96.6	OK
2026-09-13	CLB	11.0	OK
2026-09-13	CLF.US	11.75	OK
2026-09-13	CLH	365.14	OK
2026-09-13	CLS	464.64	OK
2026-09-13	CLVT	3.2	OK
2026-09-13	CLW	20.5	OK
2026-09-13	CLX	91.6	OK
2026-09-13	CM	125.42	OK
2026-09-13	CMBT	19.74	OK
2026-09-13	CMC	81.88	OK
2026-09-13	CMCL	45.0	OK
2026-09-13	CMG	44.71	OK
2026-09-13	CMI	776.44	OK
2026-09-13	CMP	28.5	OK
2026-09-13	CMS	80.14	OK
2026-09-13	CMT	30.0	OK
2026-09-13	CMTG	2.15	OK
2026-09-13	CNA	49.0	OK
2026-09-13	CNC	73.22	OK
2026-09-13	CNH.US	13.48	OK
2026-09-13	CNI	133.76	OK
2026-09-13	CNK	38.67	OK
2026-09-13	CNM	52.13	OK
2026-09-13	CNMD	45.5	OK
2026-09-13	CNNE	16.0	OK
2026-09-13	CNO	60.67	OK
2026-09-13	CNP	46.13	OK
2026-09-13	CNQ	53.1	OK
2026-09-13	CNR	105.0	OK
2026-09-13	CNS	88.0	OK
2026-09-13	CNX	35.6	OK
2026-09-13	CODI	18.0	OK
2026-09-13	COF	259.18	OK
2026-09-13	COHR	413.33	OK
2026-09-13	COLD	16.67	OK
2026-09-13	COMP.US	16.0	OK
2026-09-13	CON.US	41.0	OK
2026-09-13	COOK	62.5	OK
2026-09-13	COP	149.87	OK
2026-09-13	COR	380.14	OK
2026-09-13	COTY	2.53	OK
2026-09-13	COUR	7.17	OK
2026-09-13	CP	99.01	OK
2026-09-13	CPA	187.2	OK
2026-09-13	CPAY	465.0	OK
2026-09-13	CPF	43.0	OK
2026-09-13	CPK	148.67	OK
2026-09-13	CPNG	25.25	OK
2026-09-13	CPRI	23.25	OK
2026-09-13	CPS	42.0	OK
2026-09-13	CPT	115.46	OK
2026-09-13	CQP	62.5	OK
2026-09-13	CR	244.4	OK
2026-09-13	CRBG	39.5	OK
2026-09-13	CRC	71.5	OK
2026-09-13	CRCL	96.36	OK
2026-09-13	CRGY	17.0	OK
2026-09-13	CRH	133.33	OK
2026-09-13	CRI	53.0	OK
2026-09-13	CRK	15.88	OK
2026-09-13	CRL	281.13	OK
2026-09-13	CRM	264.33	OK
2026-09-13	CRS	629.57	OK
2026-09-13	CSL	415.67	OK
2026-09-13	CSQR	26.57	OK
2026-09-13	CSR	66.5	OK
2026-09-13	CSTM	37.67	OK
2026-09-13	CSV	48.0	OK
2026-09-13	CSW	357.33	OK
2026-09-13	CTEV	43.5	OK
2026-09-13	CTGO	39.0	OK
2026-09-13	CTO	25.0	OK
2026-09-13	CTOS	12.75	OK
2026-09-13	CTRE	45.2	OK
2026-09-13	CTRI	26.5	OK
2026-09-13	CTS	73.5	OK
2026-09-13	CTVA	94.0	OK
2026-09-13	CUBE	44.4	OK
2026-09-13	CUBI	97.0	OK
2026-09-13	CURB	32.7	OK
2026-09-13	CURV	1.8	OK
2026-09-13	CUZ	33.0	OK
2026-09-13	CVE	37.48	OK
2026-09-13	CVEO	44.0	OK
2026-09-13	CVI.US	30.5	OK
2026-09-13	CVLG	49.0	OK
2026-09-13	CVNA	86.5	OK
2026-09-13	CVS	114.67	OK
2026-09-13	CVSA	159.5	OK
2026-09-13	CVX.US	220.47	OK
2026-09-13	CW	787.0	OK
2026-09-13	CWEN	46.4	OK
2026-09-13	CWH	9.56	OK
2026-09-13	CWK.US	17.67	OK
2026-09-13	CWT	56.0	OK
2026-09-13	CX	14.38	OK
2026-09-13	CXM	6.83	OK
2026-09-13	CXT	70.75	OK
2026-09-13	CXW	42.33	OK
2026-09-13	CYD	60.0	OK
2026-09-13	CYH	3.56	OK
2026-09-13	D	71.75	OK
2026-09-13	DAC	155.0	OK
2026-09-13	DAL	104.7	OK
2026-09-13	DAN	38.67	OK
2026-09-13	DAR	79.83	OK
2026-09-13	DAVA	4.0	OK
2026-09-13	DB	43.81	OK
2026-09-13	DBD	100.0	OK
2026-09-13	DBI	6.0	OK
2026-09-13	DCH.US	10.24	OK
2026-09-13	DCI	102.5	OK
2026-09-13	DCO	207.67	OK
2026-09-13	DCOM	47.0	OK
2026-09-13	DD	165.0	OK
2026-09-13	DDS	493.5	OK
2026-09-13	DE	700.93	OK
2026-09-13	DEA	25.0	OK
2026-09-13	DECK	132.6	OK
2026-09-13	DEI	14.0	OK
2026-09-13	DELL	601.83	OK
2026-09-13	DEO	105.5	OK
2026-09-13	DFIN	60.0	OK
2026-09-13	DG.US	144.93	OK
2026-09-13	DGX	254.0	OK
2026-09-13	DHI	163.75	OK
2026-09-13	DHR	219.0	OK
2026-09-13	DHT	21.0	OK
2026-09-13	DIN	37.5	OK
2026-09-13	DINO	94.64	OK
2026-09-13	DIS	126.15	OK
2026-09-13	DK	64.88	OK
2026-09-13	DKL	55.5	OK
2026-09-13	DKS	165.92	OK
2026-09-13	DLB	90.0	OK
2026-09-13	DLR	224.45	OK
2026-09-13	DNA	7.0	OK
2026-09-13	DNN	4.49	OK
2026-09-13	DNOW	18.67	OK
2026-09-13	DOC	22.81	OK
2026-09-13	DOCN	177.1	OK
2026-09-13	DOCS	31.17	OK
2026-09-13	DOLE	14.0	OK
2026-09-13	DOV	252.0	OK
2026-09-13	DOW	35.17	OK
2026-09-13	DQ	22.0	OK
2026-09-13	DRD	35.0	OK
2026-09-13	DRI	233.23	OK
2026-09-13	DT	59.77	OK
2026-09-13	DTE	156.43	OK
2026-09-13	DTM	155.7	OK
2026-09-13	DUK	136.56	OK
2026-09-13	DV	13.58	OK
2026-09-13	DVA	250.0	OK
2026-09-13	DVN	59.93	OK
2026-09-13	DX	14.75	OK
2026-09-13	DXC	11.3	OK
2026-09-13	DY	552.17	OK
2026-09-13	E	59.5	OK
2026-09-13	EAF	7.5	OK
2026-09-13	EAT	259.73	OK
2026-09-13	EBS	10.0	OK
2026-09-13	EC	12.0	OK
2026-09-13	ECG	180.8	OK
2026-09-13	ECL	317.67	OK
2026-09-13	ECVT	16.0	OK
2026-09-13	ED	105.67	OK
2026-09-13	EDU	75.5	OK
2026-09-13	EE	43.0	OK
2026-09-13	EFC	15.0	OK
2026-09-13	EFOR	34.5	OK
2026-09-13	EFX	205.89	OK
2026-09-13	EFXT	35.17	OK
2026-09-13	EG	398.63	OK
2026-09-13	EGHT	3.25	OK
2026-09-13	EGO	44.48	OK
2026-09-13	EGP.US	225.25	OK
2026-09-13	EGY	9.47	OK
2026-09-13	EHC	148.33	OK
2026-09-13	EIG	59.0	OK
2026-09-13	EIX	64.25	OK
2026-09-13	EL	107.75	OK
2026-09-13	ELAN	31.33	OK
2026-09-13	ELF	97.17	OK
2026-09-13	ELS	69.4	OK
2026-09-13	ELV	443.55	OK
2026-09-13	EMA	57.58	OK
2026-09-13	EMBJ	91.67	OK
2026-09-13	EME	1059.0	OK
2026-09-13	EMN	81.67	OK
2026-09-13	EMR	169.44	OK
2026-09-13	ENB	57.4	OK
2026-09-13	ENIC	5.1	OK
2026-09-13	ENOV	37.67	OK
2026-09-13	ENR	20.0	OK
2026-09-13	ENS.US	265.0	OK
2026-09-13	ENVA	274.17	OK
2026-09-13	EOG	161.81	OK
2026-09-13	EPAC	50.0	OK
2026-09-13	EPAM	108.0	OK
2026-09-13	EPC	31.0	OK
2026-09-13	EPD	41.45	OK
2026-09-13	EPM	5.0	OK
2026-09-13	EPR	63.7	OK
2026-09-13	EPRT	36.42	OK
2026-09-13	EQBK	57.0	OK
2026-09-13	EQH	63.43	OK
2026-09-13	EQNR	36.77	OK
2026-09-13	EQT	66.93	OK
2026-09-13	EQX	16.6	OK
2026-09-13	ERO	36.51	OK
2026-09-13	EROC	21.2	OK
2026-09-13	EROK	27.5	OK
2026-09-13	ES	71.6	OK
2026-09-13	ESAB	130.5	OK
2026-09-13	ESE	413.0	OK
2026-09-13	ESI	45.17	OK
2026-09-13	ESNT	76.25	OK
2026-09-13	ESRT	5.17	OK
2026-09-13	ESS	305.08	OK
2026-09-13	ESTC	110.38	OK
2026-09-13	ET	24.85	OK
2026-09-13	ETD	22.0	OK
2026-09-13	ETN	516.6	OK
2026-09-13	ETR	123.56	OK
2026-09-13	ETSY	89.07	OK
2026-09-13	EVEX	5.33	OK
2026-09-13	EVH	6.0	OK
2026-09-13	EVI	32.0	OK
2026-09-13	EVR	365.5	OK
2026-09-13	EVRG	88.75	OK
2026-09-13	EVTC	34.0	OK
2026-09-13	EW	100.11	OK
2026-09-13	EXE	125.87	OK
2026-09-13	EXK	16.51	OK
2026-09-13	EXP	222.0	OK
2026-09-13	EXPD	185.11	OK
2026-09-13	EXR	159.29	OK
2026-09-13	F	16.64	OK
2026-09-13	FAF	85.33	OK
2026-09-13	FBIN	56.71	OK
2026-09-13	FBK	52.76	OK
2026-09-13	FBP	30.5	OK
2026-09-13	FBRT	13.0	OK
2026-09-13	FC	31.0	OK
2026-09-13	FCF	24.33	OK
2026-09-13	FCN	176.0	OK
2026-09-13	FCPT	28.33	OK
2026-09-13	FCX	72.27	OK
2026-09-13	FDS	267.38	OK
2026-09-13	FDX	371.73	OK
2026-09-13	FDXF	168.17	OK
2026-09-13	FE	53.8	OK
2026-09-13	FG	27.0	OK
2026-09-13	FHI	61.0	OK
2026-09-13	FHN	28.29	OK
2026-09-13	FICO	1510.0	OK
2026-09-13	FIG	32.67	OK
2026-09-13	FIGS	22.0	OK
2026-09-13	FINV	4.7	OK
2026-09-13	FIS.US	51.89	OK
2026-09-13	FITB	62.93	OK
2026-09-13	FIX	2149.0	OK
2026-09-13	FLG	17.05	OK
2026-09-13	FLO	6.5	OK
2026-09-13	FLR.US	64.0	OK
2026-09-13	FLS	88.29	OK
2026-09-13	FMC	13.67	OK
2026-09-13	FMS	25.0	OK
2026-09-13	FMX	144.0	OK
2026-09-13	FN	726.0	OK
2026-09-13	FNB	21.1	OK
2026-09-13	FND	60.3	OK
2026-09-13	FNF	61.0	OK
2026-09-13	FNV	288.1	OK
2026-09-13	FOIL	31.0	OK
2026-09-13	FOUR	58.43	OK
2026-09-13	FPI	10.5	OK
2026-09-13	FPS	67.0	OK
2026-09-13	FR.US	73.67	OK
2026-09-13	FRO	48.0	OK
2026-09-13	FRT	128.0	OK
2026-09-13	FSK	11.5	OK
2026-09-13	FSM	13.85	OK
2026-09-13	FSS	146.67	OK
2026-09-13	FTAI	331.57	OK
2026-09-13	FTI	82.57	OK
2026-09-13	FTRE	21.8	OK
2026-09-13	FTS	59.3	OK
2026-09-13	FTV	66.33	OK
2026-09-13	FUBO	16.33	OK
2026-09-13	FUL	67.0	OK
2026-09-13	FUN.US	22.43	OK
2026-09-13	FVRR	11.33	OK
2026-09-13	G.US	40.33	OK
2026-09-13	GAP	26.5	OK
2026-09-13	GATX	215.0	OK
2026-09-13	GBCI	58.67	OK
2026-09-13	GBX.US	45.33	OK
2026-09-13	GCO	45.0	OK
2026-09-13	GD	426.67	OK
2026-09-13	GDDY	116.0	OK
2026-09-13	GE	415.09	OK
2026-09-13	GEF	81.67	OK
2026-09-13	GEF.B	81.67	OK
2026-09-13	GEL	18.0	OK
2026-09-13	GENI	11.5	OK
2026-09-13	GEO	40.0	OK
2026-09-13	GETY	0.85	OK
2026-09-13	GEV	1310.55	OK
2026-09-13	GFF	122.5	OK
2026-09-13	GFI.US	51.0	OK
2026-09-13	GFL	53.45	OK
2026-09-13	GFR	7.94	OK
2026-09-13	GGB	6.1	OK
2026-09-13	GGG	95.0	OK
2026-09-13	GHM	130.75	OK
2026-09-13	GIB	83.55	OK
2026-09-13	GIL	75.98	OK
2026-09-13	GIS	35.0	OK
2026-09-13	GKOS	193.83	OK
2026-09-13	GL	192.63	OK
2026-09-13	GLOB	44.33	OK
2026-09-13	GLW	192.0	OK
2026-09-13	GM	109.33	OK
2026-09-13	GMED	99.75	OK
2026-09-13	GMRS	20.0	OK
2026-09-13	GNE	16.0	OK
2026-09-13	GNK.US	32.0	OK
2026-09-13	GNL	12.0	OK
2026-09-13	GNRC	282.5	OK
2026-09-13	GNW	12.0	OK
2026-09-13	GOLD.US	55.67	OK
2026-09-13	GOLF	103.33	OK
2026-09-13	GOOS	7.22	OK
2026-09-13	GPC	144.67	OK
2026-09-13	GPI	333.33	OK
2026-09-13	GPK	12.45	OK
2026-09-13	GPMT	1.25	OK
2026-09-13	GPN	106.1	OK
2026-09-13	GPOR	212.67	OK
2026-09-13	GRDN	48.67	OK
2026-09-13	GRND	20.5	OK
2026-09-13	GRNT	7.5	OK
2026-09-13	GROY	5.58	OK
2026-09-13	GS	1170.64	OK
2026-09-13	GSBD	9.0	OK
2026-09-13	GSK	70.0	OK
2026-09-13	GSL	51.0	OK
2026-09-13	GTES	33.0	OK
2026-09-13	GTN	6.5	OK
2026-09-13	GTY	36.2	OK
2026-09-13	GVA	180.0	OK
2026-09-13	GWRE	221.2	OK
2026-09-13	GWW	1333.83	OK
2026-09-13	GXO	68.0	OK
2026-09-13	H.US	196.9	OK
2026-09-13	HAE	100.0	OK
2026-09-13	HAL	43.53	OK
2026-09-13	HASI	50.14	OK
2026-09-13	HAWK	34.17	OK
2026-09-13	HAYW	19.0	OK
2026-09-13	HBM	30.96	OK
2026-09-13	HCA	465.5	OK
2026-09-13	HCC	99.33	OK
2026-09-13	HCI	265.0	OK
2026-09-13	HD	394.55	OK
2026-09-13	HE	9.38	OK
2026-09-13	HEI	407.25	OK
2026-09-13	HEI.A	407.25	OK
2026-09-13	HESM	36.67	OK
2026-09-13	HG	38.2	OK
2026-09-13	HGTY	14.25	OK
2026-09-13	HGV	54.75	OK
2026-09-13	HHH	79.0	OK
2026-09-13	HIG	150.0	OK
2026-09-13	HII	358.33	OK
2026-09-13	HIMS	31.4	OK
2026-09-13	HIPO	35.0	OK
2026-09-13	HIW	32.5	OK
2026-09-13	HL	23.39	OK
2026-09-13	HLF	17.0	OK
2026-09-13	HLI	148.0	OK
2026-09-13	HLIO	95.0	OK
2026-09-13	HLLY	4.25	OK
2026-09-13	HLN	11.0	OK
2026-09-13	HLT	354.88	OK
2026-09-13	HMN	54.0	OK
2026-09-13	HNGE	103.4	OK
2026-09-13	HOG	24.0	OK
2026-09-13	HOMB	32.83	OK
2026-09-13	HP	44.67	OK
2026-09-13	HPE	69.47	OK
2026-09-13	HPP	13.0	OK
2026-09-13	HPQ	26.85	OK
2026-09-13	HR	20.83	OK
2026-09-13	HRB	48.0	OK
2026-09-13	HRI	181.33	OK
2026-09-13	HRL	28.0	OK
2026-09-13	HRTG	36.5	OK
2026-09-13	HSY	201.5	OK
2026-09-13	HTB	55.0	OK
2026-09-13	HTGC	17.75	OK
2026-09-13	HTH	42.0	OK
2026-09-13	HTZ	2.5	OK
2026-09-13	HUBB	575.0	OK
2026-09-13	HUBS	243.0	OK
2026-09-13	HUM	428.13	OK
2026-09-13	HUN	11.4	OK
2026-09-13	HUYA.US	4.6	OK
2026-09-13	HWM	341.0	OK
2026-09-13	HXL	111.2	OK
2026-09-13	HY	50.0	OK
2026-09-13	HYLN	10.0	OK
2026-09-13	HZO	47.0	OK
2026-09-13	IAG.US	23.2	OK
2026-09-13	IBM	261.2	OK
2026-09-13	IBP	241.33	OK
2026-09-13	IBTA	39.67	OK
2026-09-13	ICE	182.63	OK
2026-09-13	ICL	6.0	OK
2026-09-13	IDA	156.33	OK
2026-09-13	IDR.US	45.0	OK
2026-09-13	IE	20.0	OK
2026-09-13	IEX	266.6	OK
2026-09-13	IFF	95.4	OK
2026-09-13	IFS	62.0	OK
2026-09-13	IHG	173.6	OK
2026-09-13	IIPR	67.0	OK
2026-09-13	IMAX	52.5	OK
2026-09-13	IMO	107.51	OK
2026-09-13	INFQ	22.25	OK
2026-09-13	INFY	12.5	OK
2026-09-13	INGM	32.67	OK
2026-09-13	INGR	115.5	OK
2026-09-13	INSP	64.56	OK
2026-09-13	INSW	103.5	OK
2026-09-13	INTT	18.0	OK
2026-09-13	INVH	32.29	OK
2026-09-13	INVX	36.0	OK
2026-09-13	IONQ	64.56	OK
2026-09-13	IOT	52.0	OK
2026-09-13	IP.US	50.0	OK
2026-09-13	IPI	45.0	OK
2026-09-13	IQV	275.75	OK
2026-09-13	IR	105.0	OK
2026-09-13	IRM	147.0	OK
2026-09-13	IRT	19.0	OK
2026-09-13	IT	185.43	OK
2026-09-13	ITGR	127.0	OK
2026-09-13	ITT	263.0	OK
2026-09-13	ITUB	10.0	OK
2026-09-13	ITW	308.2	OK
2026-09-13	IVR	7.75	OK
2026-09-13	IVT	36.33	OK
2026-09-13	IVZ.US	35.43	OK
2026-09-13	J	165.88	OK
2026-09-13	JBGS	14.0	OK
2026-09-13	JBI	9.0	OK
2026-09-13	JBL	438.0	OK
2026-09-13	JBS	19.0	OK
2026-09-13	JBTM	165.75	OK
2026-09-13	JCI	172.0	OK
2026-09-13	JEF	67.0	OK
2026-09-13	JELD	1.9	OK
2026-09-13	JHX	33.97	OK
2026-09-13	JILL	25.0	OK
2026-09-13	JKS	16.0	OK
2026-09-13	JLL	428.5	OK
2026-09-13	JMIA	12.0	OK
2026-09-13	JMKE	28.08	OK
2026-09-13	JNJ	285.79	OK
2026-09-13	JOBY	11.75	OK
2026-09-13	JPM	380.43	OK
2026-09-13	JXN	141.0	OK
2026-09-13	KAI	357.5	OK
2026-09-13	KB	162.9	OK
2026-09-13	KBH	59.4	OK
2026-09-13	KBR	43.33	OK
2026-09-13	KD	14.33	OK
2026-09-13	KDK	9.5	OK
2026-09-13	KEX	168.25	OK
2026-09-13	KEY	25.77	OK
2026-09-13	KEYS	422.0	OK
2026-09-13	KFRC	61.0	OK
2026-09-13	KFY	90.25	OK
2026-09-13	KGC	40.05	OK
2026-09-13	KGS.US	81.33	OK
2026-09-13	KIM	27.85	OK
2026-09-13	KKR	126.91	OK
2026-09-13	KLAR	18.71	OK
2026-09-13	KLC	4.63	OK
2026-09-13	KMI	36.44	OK
2026-09-13	KMPR	37.67	OK
2026-09-13	KMT	33.2	OK
2026-09-13	KMX	59.25	OK
2026-09-13	KN	42.0	OK
2026-09-13	KNF	80.6	OK
2026-09-13	KNTK	57.27	OK
2026-09-13	KNX	89.15	OK
2026-09-13	KO	94.75	OK
2026-09-13	KOF	122.0	OK
2026-09-13	KOP	58.5	OK
2026-09-13	KOS	2.67	OK
2026-09-13	KR	69.3	OK
2026-09-13	KRC	41.67	OK
2026-09-13	KREF	7.25	OK
2026-09-13	KRG	32.0	OK
2026-09-13	KRMN	88.33	OK
2026-09-13	KRO	7.0	OK
2026-09-13	KSS	18.4	OK
2026-09-13	KTB	115.33	OK
2026-09-13	KVUE	18.5	OK
2026-09-13	KVYO	25.83	OK
2026-09-13	KWR	190.0	OK
2026-09-13	LAC	4.33	OK
2026-09-13	LAD	413.2	OK
2026-09-13	LADR	10.5	OK
2026-09-13	LAR	11.5	OK
2026-09-13	LAW	8.0	OK
2026-09-13	LAZ	45.75	OK
2026-09-13	LB	84.25	OK
2026-09-13	LBRT	29.55	OK
2026-09-13	LCII	130.0	OK
2026-09-13	LCLN	28.25	OK
2026-09-13	LCTX	9.0	OK
2026-09-13	LDI	1.0	OK
2026-09-13	LDOS	147.78	OK
2026-09-13	LEA	141.0	OK
2026-09-13	LEG	10.0	OK
2026-09-13	LEN	85.57	OK
2026-09-13	LEN.B	85.57	OK
2026-09-13	LEU	226.29	OK
2026-09-13	LEVI	28.5	OK
2026-09-13	LH	342.22	OK
2026-09-13	LHX	324.5	OK
2026-09-13	LII	485.17	OK
2026-09-13	LION	13.67	OK
2026-09-13	LLY	1371.06	OK
2026-09-13	LMND	49.5	OK
2026-09-13	LMT	624.67	OK
2026-09-13	LNC	48.11	OK
2026-09-13	LNG	323.0	OK
2026-09-13	LNN	121.0	OK
2026-09-13	LOAR	90.5	OK
2026-09-13	LOMA	13.0	OK
2026-09-13	LOW	260.0	OK
2026-09-13	LPG	54.0	OK
2026-09-13	LPX	95.29	OK
2026-09-13	LRN	109.0	OK
2026-09-13	LSPD	13.01	OK
2026-09-13	LTC.US	46.67	OK
2026-09-13	LTH	54.67	OK
2026-09-13	LTM	70.0	OK
2026-09-13	LU	1.4	OK
2026-09-13	LUCK	8.5	OK
2026-09-13	LUMN	8.08	OK
2026-09-13	LUV	50.86	OK
2026-09-13	LUXE	9.0	OK
2026-09-13	LVS	60.67	OK
2026-09-13	LW	52.0	OK
2026-09-13	LXP	57.5	OK
2026-09-13	LXU	13.0	OK
2026-09-13	LYB	69.33	OK
2026-09-13	LYV	207.82	OK
2026-09-13	LZB	43.0	OK
2026-09-13	LZM	8.0	OK
2026-09-13	M.US	25.75	OK
2026-09-13	MA	674.82	OK
2026-09-13	MAA	138.17	OK
2026-09-13	MAC	27.25	OK
2026-09-13	MAGN	16.0	OK
2026-09-13	MAIN	55.0	OK
2026-09-13	MAIR	43.25	OK
2026-09-13	MAN	57.88	OK
2026-09-13	MANE	166.0	OK
2026-09-13	MAS	79.33	OK
2026-09-13	MATX	261.67	OK
2026-09-13	MAX	15.5	OK
2026-09-13	MBC	10.0	OK
2026-09-13	MBI	7.0	OK
2026-09-13	MC	67.67	OK
2026-09-13	MCB	105.0	OK
2026-09-13	MCD	317.53	OK
2026-09-13	MCK	1014.71	OK
2026-09-13	MCO	563.78	OK
2026-09-13	MCS.US	32.25	OK
2026-09-13	MD	27.4	OK
2026-09-13	MDT.US	102.73	OK
2026-09-13	MDU	23.0	OK
2026-09-13	MEC	38.0	OK
2026-09-13	MED.US	12.0	OK
2026-09-13	MEI	21.0	OK
2026-09-13	MET.US	105.6	OK
2026-09-13	MFA	10.38	OK
2026-09-13	MFC	47.62	OK
2026-09-13	MGA	71.63	OK
2026-09-13	MGM	49.22	OK
2026-09-13	MGY	31.4	OK
2026-09-13	MH	17.6	OK
2026-09-13	MHK	124.5	OK
2026-09-13	MHO	170.0	OK
2026-09-13	MIAX	54.0	OK
2026-09-13	MICC.US	18.05	OK
2026-09-13	MIR.US	25.4	OK
2026-09-13	MKC	60.0	OK
2026-09-13	MKC/V	60.0	OK
2026-09-13	MKL	1950.0	OK
2026-09-13	MLM	662.08	OK
2026-09-13	MLR	64.0	OK
2026-09-13	MMM	187.13	OK
2026-09-13	MMS	100.0	OK
2026-09-13	MNSO	15.0	OK
2026-09-13	MNTN	20.0	OK
2026-09-13	MO	76.33	OK
2026-09-13	MOD	305.0	OK
2026-09-13	MOH	213.11	OK
2026-09-13	MOS	27.43	OK
2026-09-13	MOV	45.0	OK
2026-09-13	MP	75.0	OK
2026-09-13	MPC	355.43	OK
2026-09-13	MPLX.US	62.83	OK
2026-09-13	MPT	5.08	OK
2026-09-13	MRK	157.07	OK
2026-09-13	MRP	35.0	OK
2026-09-13	MRSH	201.77	OK
2026-09-13	MS	241.62	OK
2026-09-13	MSA	200.5	OK
2026-09-13	MSCI	696.63	OK
2026-09-13	MSDL	15.0	OK
2026-09-13	MSGE	88.8	OK
2026-09-13	MSGS	478.5	OK
2026-09-13	MSI	530.0	OK
2026-09-13	MSM	147.5	OK
2026-09-13	MT.US	79.75	OK
2026-09-13	MTB	259.38	OK
2026-09-13	MTD	1502.5	OK
2026-09-13	MTDR	64.63	OK
2026-09-13	MTG	32.33	OK
2026-09-13	MTH	77.33	OK
2026-09-13	MTN	130.33	OK
2026-09-13	MTRN	306.0	OK
2026-09-13	MTW	16.0	OK
2026-09-13	MTX	90.0	OK
2026-09-13	MTZ	410.31	OK
2026-09-13	MUFG	26.04	OK
2026-09-13	MUR	38.2	OK
2026-09-13	MUSA	605.67	OK
2026-09-13	MUX	29.5	OK
2026-09-13	MWA	33.5	OK
2026-09-13	MXL	100.83	OK
2026-09-13	MYE	37.0	OK
2026-09-13	MYO	1.7	OK
2026-09-13	NABL	4.94	OK
2026-09-13	NAK	2.5	OK
2026-09-13	NAT	6.25	OK
2026-09-13	NATL	50.0	OK
2026-09-13	NBHC	48.5	OK
2026-09-13	NBR	104.17	OK
2026-09-13	NCLH	19.7	OK
2026-09-13	NE	44.33	OK
2026-09-13	NEE	98.5	OK
2026-09-13	NEM	135.45	OK
2026-09-13	NET	346.88	OK
2026-09-13	NEXA	14.6	OK
2026-09-13	NFG	91.0	OK
2026-09-13	NG.US	15.63	OK
2026-09-13	NGS	52.25	OK
2026-09-13	NGVT	85.0	OK
2026-09-13	NHI	81.86	OK
2026-09-13	NI	49.17	OK
2026-09-13	NIC	193.0	OK
2026-09-13	NIO	5.9	OK
2026-09-13	NIQ	19.58	OK
2026-09-13	NJR	63.0	OK
2026-09-13	NKE	47.11	OK
2026-09-13	NLY	24.21	OK
2026-09-13	NMAX	18.5	OK
2026-09-13	NMR.US	10.2	OK
2026-09-13	NNI	130.0	OK
2026-09-13	NNN	48.36	OK
2026-09-13	NOAH	11.0	OK
2026-09-13	NOC	640.14	OK
2026-09-13	NOG	28.6	OK
2026-09-13	NOK	17.75	OK
2026-09-13	NOMD	13.0	OK
2026-09-13	NOV	22.0	OK
2026-09-13	NOW	145.85	OK
2026-09-13	NP	34.22	OK
2026-09-13	NPKI	22.0	OK
2026-09-13	NPO	370.0	OK
2026-09-13	NPWR	2.5	OK
2026-09-13	NRDY	24.38	OK
2026-09-13	NRG	199.38	OK
2026-09-13	NRGV	7.51	OK
2026-09-13	NSC	367.08	OK
2026-09-13	NSP	56.33	OK
2026-09-13	NTB	66.0	OK
2026-09-13	NTR	79.25	OK
2026-09-13	NTST	23.58	OK
2026-09-13	NU	18.4	OK
2026-09-13	NUE	284.78	OK
2026-09-13	NUVB	15.17	OK
2026-09-13	NVGS	26.5	OK
2026-09-13	NVO	47.0	OK
2026-09-13	NVR	7282.0	OK
2026-09-13	NVS	158.25	OK
2026-09-13	NVST	30.5	OK
2026-09-13	NVT	205.17	OK
2026-09-13	NWG	23.6	OK
2026-09-13	NWN	61.0	OK
2026-09-13	NX	29.0	OK
2026-09-13	NXDR	3.27	OK
2026-09-13	NXE	16.23	OK
2026-09-13	NXRT	30.0	OK
2026-09-13	NYT	74.67	OK
2026-09-13	O	68.47	OK
2026-09-13	OBDC	12.17	OK
2026-09-13	OBK	57.33	OK
2026-09-13	OC	173.22	OK
2026-09-13	OEC	8.0	OK
2026-09-13	OFG	56.5	OK
2026-09-13	OFRM	29.0	OK
2026-09-13	OGE	50.0	OK
2026-09-13	OGS	82.0	OK
2026-09-13	OHI	50.57	OK
2026-09-13	OI	11.0	OK
2026-09-13	OII	49.5	OK
2026-09-13	OIS	11.33	OK
2026-09-13	OKE	99.38	OK
2026-09-13	OKLO	72.83	OK
2026-09-13	OLN	22.14	OK
2026-09-13	OLP	26.0	OK
2026-09-13	OMC	104.25	OK
2026-09-13	OMF	69.2	OK
2026-09-13	ONIT	51.33	OK
2026-09-13	ONON	40.57	OK
2026-09-13	ONT.US	81.89	OK
2026-09-13	ONTO	390.0	OK
2026-09-13	OOMA	26.33	OK
2026-09-13	OPAD	4.5	OK
2026-09-13	OPFI	12.17	OK
2026-09-13	OPLN	46.33	OK
2026-09-13	OPTU	0.75	OK
2026-09-13	OR.US	48.63	OK
2026-09-13	ORA.US	133.33	OK
2026-09-13	ORCL	257.24	OK
2026-09-13	ORI	39.0	OK
2026-09-13	ORN	15.0	OK
2026-09-13	OSCR	28.0	OK
2026-09-13	OSG	11.5	OK
2026-09-13	OSK	165.11	OK
2026-09-13	OTF	13.2	OK
2026-09-13	OTIS	91.0	OK
2026-09-13	OUT	38.75	OK
2026-09-13	OVV	73.47	OK
2026-09-13	OWL	13.28	OK
2026-09-13	OXM	36.5	OK
2026-09-13	OXY	66.0	OK
2026-09-13	P	131.89	OK
2026-09-13	PAC	275.0	OK
2026-09-13	PAG	216.67	OK
2026-09-13	PAGS	12.5	OK
2026-09-13	PAM	132.5	OK
2026-09-13	PANW	403.89	OK
2026-09-13	PAR	28.0	OK
2026-09-13	PARR	82.4	OK
2026-09-13	PATH	16.86	OK
2026-09-13	PAY.US	34.0	OK
2026-09-13	PAYC	242.71	OK
2026-09-13	PB	80.0	OK
2026-09-13	PBA	52.16	OK
2026-09-13	PBF	63.25	OK
2026-09-13	PBH	72.0	OK
2026-09-13	PBI	15.2	OK
2026-09-13	PBR	22.1	OK
2026-09-13	PBR.A	22.1	OK
2026-09-13	PCG	18.83	OK
2026-09-13	PCOR	68.1	OK
2026-09-13	PCRX	32.0	OK
2026-09-13	PD	12.64	OK
2026-09-13	PDM	11.0	OK
2026-09-13	PEB	19.39	OK
2026-09-13	PEG	84.6	OK
2026-09-13	PEN	356.0	OK
2026-09-13	PFE	28.8	OK
2026-09-13	PFGC	129.57	OK
2026-09-13	PFS	28.25	OK
2026-09-13	PFSI	92.6	OK
2026-09-13	PG	156.0	OK
2026-09-13	PGR	236.71	OK
2026-09-13	PH	1235.63	OK
2026-09-13	PHIN	98.0	OK
2026-09-13	PHM	142.43	OK
2026-09-13	PHR	13.5	OK
2026-09-13	PII	71.5	OK
2026-09-13	PINE	21.75	OK
2026-09-13	PINS	28.85	OK
2026-09-13	PIPR	93.0	OK
2026-09-13	PJT	190.0	OK
2026-09-13	PK	15.86	OK
2026-09-13	PKE	43.0	OK
2026-09-13	PKG	264.0	OK
2026-09-13	PL	33.4	OK
2026-09-13	PLD	157.33	OK
2026-09-13	PLGO	25.64	OK
2026-09-13	PLNT	61.5	OK
2026-09-13	PLOW	50.0	OK
2026-09-13	PLX	12.0	OK
2026-09-13	PM	218.67	OK
2026-09-13	PMT	11.0	OK
2026-09-13	PNC	278.56	OK
2026-09-13	PNFP	119.42	OK
2026-09-13	PNR	80.6	OK
2026-09-13	PNW	103.0	OK
2026-09-13	POR	55.0	OK
2026-09-13	POST	121.0	OK
2026-09-13	PPG	135.25	OK
2026-09-13	PPL	42.17	OK
2026-09-13	PRG	58.0	OK
2026-09-13	PRGO	17.0	OK
2026-09-13	PRI	320.75	OK
2026-09-13	PRIM	112.86	OK
2026-09-13	PRK	211.0	OK
2026-09-13	PRKS	48.29	OK
2026-09-13	PRLB	89.67	OK
2026-09-13	PRM	40.0	OK
2026-09-13	PRMB	28.5	OK
2026-09-13	PRU	116.78	OK
2026-09-13	PS	43.2	OK
2026-09-13	PSA	333.29	OK
2026-09-13	PSFE	7.0	OK
2026-09-13	PSN.US	57.83	OK
2026-09-13	PSO	17.4	OK
2026-09-13	PSQH	15.0	OK
2026-09-13	PSTL	26.13	OK
2026-09-13	PSX	245.54	OK
2026-09-13	PUK	39.3	OK
2026-09-13	PUMP.US	16.7	OK
2026-09-13	PVH	89.0	OK
2026-09-13	PWR	814.1	OK
2026-09-13	PXED	41.5	OK
2026-09-13	Q	177.5	OK
2026-09-13	QSR	84.2	OK
2026-09-13	QTWO	78.25	OK
2026-09-13	QUAD.US	13.17	OK
2026-09-13	QXO	31.33	OK
2026-09-13	R	296.5	OK
2026-09-13	RACE	510.08	OK
2026-09-13	RAL	77.67	OK
2026-09-13	RAMP	38.5	OK
2026-09-13	RBA	135.17	OK
2026-09-13	RBLX	45.11	OK
2026-09-13	RBRK	119.1	OK
2026-09-13	RC	1.7	OK
2026-09-13	RCI	44.73	OK
2026-09-13	RCL	363.8	OK
2026-09-13	RCUS	37.38	OK
2026-09-13	RDDT	217.68	OK
2026-09-13	RDN	45.33	OK
2026-09-13	RDW.US	14.5	OK
2026-09-13	REA	18.65	OK
2026-09-13	REF	19.0	OK
2026-09-13	REI	2.08	OK
2026-09-13	REPX	45.0	OK
2026-09-13	RES	6.0	OK
2026-09-13	REXR	41.67	OK
2026-09-13	REZI	45.0	OK
2026-09-13	RF	32.53	OK
2026-09-13	RGA	272.43	OK
2026-09-13	RGR	46.0	OK
2026-09-13	RH	168.38	OK
2026-09-13	RHI	35.17	OK
2026-09-13	RHP	139.0	OK
2026-09-13	RIG	7.19	OK
2026-09-13	RIO	89.75	OK
2026-09-13	RITM	12.88	OK
2026-09-13	RJF	187.0	OK
2026-09-13	RKT	17.17	OK
2026-09-13	RL	450.57	OK
2026-09-13	RLI	66.0	OK
2026-09-13	RLJ	13.0	OK
2026-09-13	RM	50.0	OK
2026-09-13	RMD	227.17	OK
2026-09-13	RNG	69.5	OK
2026-09-13	RNGR	20.0	OK
2026-09-13	RNR	347.27	OK
2026-09-13	RNST	48.0	OK
2026-09-13	ROG	200.0	OK
2026-09-13	ROK	496.2	OK
2026-09-13	ROL	43.0	OK
2026-09-13	RPC.US	13.0	OK
2026-09-13	RPM	130.33	OK
2026-09-13	RPT	24.0	OK
2026-09-13	RRC	42.92	OK
2026-09-13	RRX	259.14	OK
2026-09-13	RS	405.67	OK
2026-09-13	RSG	249.45	OK
2026-09-13	RSI	35.71	OK
2026-09-13	RSKD	7.0	OK
2026-09-13	RTO.US	26.7	OK
2026-09-13	RTX	236.23	OK
2026-09-13	RVLV	30.33	OK
2026-09-13	RVTY	126.38	OK
2026-09-13	RWT	5.7	OK
2026-09-13	RXO	25.46	OK
2026-09-13	RY	225.41	OK
2026-09-13	RYAN	49.0	OK
2026-09-13	RYN	24.0	OK
2026-09-13	RDY	16.29	OK
2026-09-13	S.US	24.31	OK
2026-09-13	SA	40.0	OK
2026-09-13	SAFE.US	16.75	OK
2026-09-13	SAH	90.75	OK
2026-09-13	SAM	190.25	OK
2026-09-13	SAP	236.0	OK
2026-09-13	SAR.US	22.0	OK
2026-09-13	SARO	35.29	OK
2026-09-13	SBH	16.5	OK
2026-09-13	SBS	6.4	OK
2026-09-13	SBSI	35.0	OK
2026-09-13	SBSW	14.0	OK
2026-09-13	SCCO	154.26	OK
2026-09-13	SCHW	121.33	OK
2026-09-13	SCI	100.5	OK
2026-09-13	SCL	85.0	OK
2026-09-13	SCM	8.0	OK
2026-09-13	SDHC	15.0	OK
2026-09-13	SDRL	63.0	OK
2026-09-13	SE	151.2	OK
2026-09-13	SEAT	11.5	OK
2026-09-13	SEG	36.0	OK
2026-09-13	SEI.US	94.13	OK
2026-09-13	SES	1.1	OK
2026-09-13	SF.US	87.0	OK
2026-09-13	SFBS	47.0	OK
2026-09-13	SGHC	19.25	OK
2026-09-13	SGI	92.2	OK
2026-09-13	SHAK	79.75	OK
2026-09-13	SHEL	102.5	OK
2026-09-13	SHO	11.5	OK
2026-09-13	SHW	397.29	OK
2026-09-13	SIG	132.0	OK
2026-09-13	SITC	3.5	OK
2026-09-13	SITE	133.0	OK
2026-09-13	SJM	139.67	OK
2026-09-13	SKE	40.41	OK
2026-09-13	SKT	41.0	OK
2026-09-13	SKY.US	106.5	OK
2026-09-13	SLB	63.88	OK
2026-09-13	SLF	83.77	OK
2026-09-13	SLG	55.2	OK
2026-09-13	SLQT	3.0	OK
2026-09-13	SLVM	46.0	OK
2026-09-13	SM	39.56	OK
2026-09-13	SMA	37.5	OK
2026-09-13	SMBK	50.13	OK
2026-09-13	SMG	75.33	OK
2026-09-13	SMHI	11.0	OK
2026-09-13	SMP.US	54.0	OK
2026-09-13	SMR	10.67	OK
2026-09-13	SMRT	1.4	OK
2026-09-13	SMWB	9.5	OK
2026-09-13	SN	193.33	OK
2026-09-13	SNA	450.0	OK
2026-09-13	SNAP	7.61	OK
2026-09-13	SNDR	36.8	OK
2026-09-13	SNN.US	31.94	OK
2026-09-13	SNOW	434.53	OK
2026-09-13	SNX.US	339.13	OK
2026-09-13	SO	97.38	OK
2026-09-13	SOBO	36.77	OK
2026-09-13	SOC	10.0	OK
2026-09-13	SOLV	98.5	OK
2026-09-13	SON	66.0	OK
2026-09-13	SPB	95.33	OK
2026-09-13	SPCE	2.5	OK
2026-09-13	SPG	229.86	OK
2026-09-13	SPGI	525.56	OK
2026-09-13	SPHR	180.0	OK
2026-09-13	SPIR	20.33	OK
2026-09-13	SPOT	597.63	OK
2026-09-13	SPXC	286.5	OK
2026-09-13	SQM	95.33	OK
2026-09-13	SR	93.0	OK
2026-09-13	SRE	102.14	OK
2026-09-13	SRFM	8.5	OK
2026-09-13	SSB	119.75	OK
2026-09-13	SSD	215.0	OK
2026-09-13	SSMR	19.33	OK
2026-09-13	ST	55.5	OK
2026-09-13	STAG	42.0	OK
2026-09-13	STC	79.0	OK
2026-09-13	STDN	16.67	OK
2026-09-13	STE	271.33	OK
2026-09-13	STEM	7.08	OK
2026-09-13	STLA.US	5.73	OK
2026-09-13	STM.US	73.5	OK
2026-09-13	STN	99.36	OK
2026-09-13	STNG	90.67	OK
2026-09-13	STT	199.71	OK
2026-09-13	STUB	12.0	OK
2026-09-13	STVN	23.0	OK
2026-09-13	STWD	18.5	OK
2026-09-13	STZ	160.14	OK
2026-09-13	SU	74.31	OK
2026-09-13	SUI.US	140.2	OK
2026-09-13	SUN	81.8	OK
2026-09-13	SUPV.US	12.25	OK
2026-09-13	SUZ	13.0	OK
2026-09-13	SVV	14.67	OK
2026-09-13	SW	58.0	OK
2026-09-13	SWK	98.67	OK
2026-09-13	SWX	103.0	OK
2026-09-13	SXC	9.0	OK
2026-09-13	SXI	345.0	OK
2026-09-13	SXT.US	140.0	OK
2026-09-13	SYF	89.31	OK
2026-09-13	SYK	371.4	OK
2026-09-13	SYY	92.75	OK
2026-09-13	T.US	28.28	OK
2026-09-13	TAC	17.9	OK
2026-09-13	TAK	44.37	OK
2026-09-13	TAL	13.6	OK
2026-09-13	TALO	18.4	OK
2026-09-13	TAP	43.2	OK
2026-09-13	TBBB	53.33	OK
2026-09-13	TBI	9.5	OK
2026-09-13	TBN	55.0	OK
2026-09-13	TD	135.05	OK
2026-09-13	TDAY	9.07	OK
2026-09-13	TDC	31.5	OK
2026-09-13	TDG	1493.25	OK
2026-09-13	TDOC	8.0	OK
2026-09-13	TDS	47.5	OK
2026-09-13	TDW	107.0	OK
2026-09-13	TDY	769.5	OK
2026-09-13	TE	11.0	OK
2026-09-13	TECK	63.26	OK
2026-09-13	TEL.US	260.57	OK
2026-09-13	TELFY	4.4	OK
2026-09-13	TEN.US	55.0	OK
2026-09-13	TEO	21.0	OK
2026-09-13	TEVA	44.17	OK
2026-09-13	TEX	79.0	OK
2026-09-13	TFC	55.43	OK
2026-09-13	TFII	174.74	OK
2026-09-13	TFPM	43.71	OK
2026-09-13	TFX	156.67	OK
2026-09-13	TGLS	57.0	OK
2026-09-13	TGT	169.74	OK
2026-09-13	THC	287.18	OK
2026-09-13	THG	215.5	OK
2026-09-13	THO	79.5	OK
2026-09-13	TIC	11.33	OK
2026-09-13	TIMB	24.0	OK
2026-09-13	TJX	166.57	OK
2026-09-13	TKO	230.25	OK
2026-09-13	TKR	146.17	OK
2026-09-13	TLYS	5.5	OK
2026-09-13	TME	17.5	OK
2026-09-13	TMO	644.87	OK
2026-09-13	TMP	104.5	OK
2026-09-13	TNET	71.67	OK
2026-09-13	TNK	90.0	OK
2026-09-13	TNL	86.6	OK
2026-09-13	TOL	170.63	OK
2026-09-13	TOST	38.75	OK
2026-09-13	TPB	120.25	OK
2026-09-13	TPC	105.0	OK
2026-09-13	TPR	176.0	OK
2026-09-13	TPVG	5.0	OK
2026-09-13	TREX	52.89	OK
2026-09-13	TRGP	322.75	OK
2026-09-13	TRIN	15.0	OK
2026-09-13	TRN.US	12.65	OK
2026-09-13	TRNO	76.25	OK
2026-09-13	TROX	7.5	OK
2026-09-13	TRP	74.29	OK
2026-09-13	TRTX	9.08	OK
2026-09-13	TRU.US	94.5	OK
2026-09-13	TRV	353.87	OK
2026-09-13	TS	65.0	OK
2026-09-13	TSLX	19.2	OK
2026-09-13	TSM	545.67	OK
2026-09-13	TSN	68.67	OK
2026-09-13	TT	537.83	OK
2026-09-13	TTAM	19.0	OK
2026-09-13	TTC	107.5	OK
2026-09-13	TTE	99.84	OK
2026-09-13	TTI	11.5	OK
2026-09-13	TU	11.18	OK
2026-09-13	TV	2.2	OK
2026-09-13	TWLO	259.09	OK
2026-09-13	TWO	12.0	OK
2026-09-13	TX	59.88	OK
2026-09-13	TXNM	61.0	OK
2026-09-13	TXT	99.33	OK
2026-09-13	TYL	434.38	OK
2026-09-13	U	48.16	OK
2026-09-13	UAA	5.25	OK
2026-09-13	UAMY	9.25	OK
2026-09-13	UBER	103.78	OK
2026-09-13	UBS	57.11	OK
2026-09-13	UCB	40.0	OK
2026-09-13	UDR	40.25	OK
2026-09-13	UE	24.0	OK
2026-09-13	UEC	26.75	OK
2026-09-13	UGI	42.5	OK
2026-09-13	UGP	5.8	OK
2026-09-13	UHS	200.33	OK
2026-09-13	UI	734.5	OK
2026-09-13	UIS	5.0	OK
2026-09-13	UL.US	76.0	OK
2026-09-13	ULS	96.0	OK
2026-09-13	UMC	7.4	OK
2026-09-13	UMH	18.67	OK
2026-09-13	UNF	271.0	OK
2026-09-13	UNFI	55.0	OK
2026-09-13	UNH	500.36	OK
2026-09-13	UNM	104.5	OK
2026-09-13	UNP	332.53	OK
2026-09-13	UPS	119.6	OK
2026-09-13	URG	2.11	OK
2026-09-13	URI	1290.08	OK
2026-09-13	USAC	31.0	OK
2026-09-13	USB	70.06	OK
2026-09-13	USFD	118.25	OK
2026-09-13	USPH	95.0	OK
2026-09-13	UTI	40.0	OK
2026-09-13	UTL	55.0	OK
2026-09-13	UTZ	14.25	OK
2026-09-13	UUUU	25.69	OK
2026-09-13	UVE	45.0	OK
2026-09-13	UWMC	2.93	OK
2026-09-13	V	429.77	OK
2026-09-13	VAC	121.0	OK
2026-09-13	VAL.US	80.0	OK
2026-09-13	VALE	17.06	OK
2026-09-13	VEEV	285.0	OK
2026-09-13	VET.US	13.85	OK
2026-09-13	VFC	19.67	OK
2026-09-13	VG	17.63	OK
2026-09-13	VGNT	57.0	OK
2026-09-13	VIA	35.33	OK
2026-09-13	VICI	30.14	OK
2026-09-13	VIK	112.86	OK
2026-09-13	VIPS	16.5	OK
2026-09-13	VIRT	68.67	OK
2026-09-13	VIST	92.05	OK
2026-09-13	VIV.US	16.0	OK
2026-09-13	VLN	4.0	OK
2026-09-13	VLO	349.46	OK
2026-09-13	VLRS	11.0	OK
2026-09-13	VLTO	110.4	OK
2026-09-13	VMC	321.78	OK
2026-09-13	VMI	678.0	OK
2026-09-13	VMRK	72.92	OK
2026-09-13	VNO	41.0	OK
2026-09-13	VNT	42.0	OK
2026-09-13	VOYA.US	108.78	OK
2026-09-13	VOYG	48.71	OK
2026-09-13	VPG	105.0	OK
2026-09-13	VRT	329.73	OK
2026-09-13	VRTS	151.33	OK
2026-09-13	VSH	43.75	OK
2026-09-13	VST	228.0	OK
2026-09-13	VSTS	11.82	OK
2026-09-13	VSXY	99.33	OK
2026-09-13	VTEX	4.75	OK
2026-09-13	VTMX	43.0	OK
2026-09-13	VTOL	56.0	OK
2026-09-13	VTR	100.33	OK
2026-09-13	VTS	21.0	OK
2026-09-13	VVV.US	40.0	OK
2026-09-13	VVX	88.71	OK
2026-09-13	VYX	14.0	OK
2026-09-13	VZ	49.64	OK
2026-09-13	W.US	126.56	OK
2026-09-13	WAB	328.2	OK
2026-09-13	WAL	92.64	OK
2026-09-13	WAT	442.27	OK
2026-09-13	WBI	37.67	OK
2026-09-13	WBX	4.0	OK
2026-09-13	WCC	405.0	OK
2026-09-13	WCN	198.64	OK
2026-09-13	WD	56.0	OK
2026-09-13	WDS	23.55	OK
2026-09-13	WEAV	7.4	OK
2026-09-13	WEC	120.42	OK
2026-09-13	WELL.US	263.44	OK
2026-09-13	WES	49.0	OK
2026-09-13	WEX	203.0	OK
2026-09-13	WFC	101.15	OK
2026-09-13	WGO	32.5	OK
2026-09-13	WH	94.4	OK
2026-09-13	WHD	69.17	OK
2026-09-13	WHK	34.5	OK
2026-09-13	WHR	37.75	OK
2026-09-13	WIT	1.6	OK
2026-09-13	WK	95.0	OK
2026-09-13	WKC	30.0	OK
2026-09-13	WLK	89.86	OK
2026-09-13	WM	257.91	OK
2026-09-13	WMB	86.23	OK
2026-09-13	WMS	194.83	OK
2026-09-13	WNC	20.0	OK
2026-09-13	WOLF	27.5	OK
2026-09-13	WOR	58.5	OK
2026-09-13	WPC	76.0	OK
2026-09-13	WPM	165.56	OK
2026-09-13	WRB.US	72.11	OK
2026-09-13	WRBY	30.33	OK
2026-09-13	WS	46.0	OK
2026-09-13	WSM	257.91	OK
2026-09-13	WSO	396.25	OK
2026-09-13	WST	400.0	OK
2026-09-13	WTI	4.25	OK
2026-09-13	WTRG	40.0	OK
2026-09-13	WTS	393.0	OK
2026-09-13	WTTR	26.0	OK
2026-09-13	WU	7.25	OK
2026-09-13	WWW	25.0	OK
2026-09-13	WY	31.6	OK
2026-09-13	XHR	20.5	OK
2026-09-13	XIFR	12.7	OK
2026-09-13	XOM	170.13	OK
2026-09-13	XPER	11.67	OK
2026-09-13	XPEV	14.67	OK
2026-09-13	XPO	241.54	OK
2026-09-13	XPOF	5.17	OK
2026-09-13	XPRO	16.0	OK
2026-09-13	XYL	154.25	OK
2026-09-13	XYZ	102.33	OK
2026-09-13	YELP	28.5	OK
2026-09-13	YETI	53.5	OK
2026-09-13	YEXT	7.0	OK
2026-09-13	YMM	11.5	OK
2026-09-13	YOU	72.5	OK
2026-09-13	YPF	60.0	OK
2026-09-13	YSS	15.43	OK
2026-09-13	YUM	176.43	OK
2026-09-13	YUMC	61.72	OK
2026-09-13	ZBH	107.83	OK
2026-09-13	ZEPP	53.01	OK
2026-09-13	ZETA.US	35.75	OK
2026-09-13	ZGN	14.5	OK
2026-09-13	ZH	3.8	OK
2026-09-13	ZIM	18.25	OK
2026-09-13	ZIP	4.75	OK
2026-09-13	ZTO	22.0	OK
2026-09-13	ZTS	89.0	OK
2026-09-13	ZWS	58.4	OK
2026-09-13	OABI	8.0	OK
2026-09-13	OBIO	10.0	OK
2026-09-13	OBT	44.0	OK
2026-09-13	OCFC	21.0	OK
2026-09-13	OCGN	10.25	OK
2026-09-13	OCSL	12.5	OK
2026-09-13	OCUL	24.5	OK
2026-09-13	ODD	15.08	OK
2026-09-13	ODFL	241.79	OK
2026-09-13	ODTX	35.75	OK
2026-09-13	OFIX	12.5	OK
2026-09-13	OGI	2.25	OK
2026-09-13	OKTA	183.41	OK
2026-09-13	OKUR	17.0	OK
2026-09-13	OLED	105.0	OK
2026-09-13	OLLI	95.78	OK
2026-09-13	OLMA	37.5	OK
2026-09-13	OM.US	10.0	OK
2026-09-13	OMAB	117.5	OK
2026-09-13	OMCL	60.0	OK
2026-09-13	OMDA	28.75	OK
2026-09-13	OMER	33.0	OK
2026-09-13	ON	108.44	OK
2026-09-13	ONB	30.29	OK
2026-09-13	ONC	421.28	OK
2026-09-13	ONDS	19.68	OK
2026-09-13	OPAL	2.2	OK
2026-09-13	OPCH	29.0	OK
2026-09-13	OPEN	4.38	OK
2026-09-13	OPK	3.0	OK
2026-09-13	OPRA	26.8	OK
2026-09-13	OPRT	8.5	OK
2026-09-13	OPRX	13.67	OK
2026-09-13	ORGO	2.0	OK
2026-09-13	ORIC	22.38	OK
2026-09-13	ORKA	159.0	OK
2026-09-13	ORLY	113.43	OK
2026-09-13	OSBC	27.67	OK
2026-09-13	OSIS	277.8	OK
2026-09-13	OSPN	16.0	OK
2026-09-13	OSW	32.0	OK
2026-09-13	OTEX	27.63	OK
2026-09-13	OTLY	12.5	OK
2026-09-13	OUST	61.25	OK
2026-09-13	OZK	52.0	OK
2026-09-13	ABBNY	90.0	OK
2026-09-13	ASAIY	9.0	OK
2026-09-13	CNTM	24.0	OK
2026-09-13	DIDIY	4.5	OK
2026-09-13	MTPLF	3.69	OK
2026-09-13	WCPRF	14.29	OK
2026-09-13	PAA	25.57	OK
2026-09-13	PAAS	67.28	OK
2026-09-13	PACB	2.08	OK
2026-09-13	PAGP	25.75	OK
2026-09-13	PAHC	35.0	OK
2026-09-13	PANL	11.5	OK
2026-09-13	PATK	101.0	OK
2026-09-13	PAX	10.0	OK
2026-09-13	PAYO	7.4	OK
2026-09-13	PAYP	21.6	OK
2026-09-13	PAYS	12.88	OK
2026-09-13	PAYX	125.17	OK
2026-09-13	PBLS	40.67	OK
2026-09-13	PBYI	6.0	OK
2026-09-13	PCAR	149.71	OK
2026-09-13	PCT.US	11.8	OK
2026-09-13	PCTY	166.6	OK
2026-09-13	PCVX	104.6	OK
2026-09-13	PDD	114.1	OK
2026-09-13	PDFS	61.71	OK
2026-09-13	PDSB	5.0	OK
2026-09-13	PEBO	44.0	OK
2026-09-13	PECO	45.75	OK
2026-09-13	PEGA	39.33	OK
2026-09-13	PENG	71.0	OK
2026-09-13	PENN	23.43	OK
2026-09-13	PEP	163.25	OK
2026-09-13	PERI	12.5	OK
2026-09-13	PESI	30.0	OK
2026-09-13	PFBC	110.5	OK
2026-09-13	PFG	110.78	OK
2026-09-13	PFLT	10.5	OK
2026-09-13	PGC	56.33	OK
2026-09-13	PGNY	32.5	OK
2026-09-13	PGY	28.0	OK
2026-09-13	PHAT	22.2	OK
2026-09-13	PHVS	61.27	OK
2026-09-13	PI	181.63	OK
2026-09-13	PICS	15.5	OK
2026-09-13	PIII	18.0	OK
2026-09-13	PKOH	59.0	OK
2026-09-13	PLAB	44.0	OK
2026-09-13	PLAY	22.0	OK
2026-09-13	PLCE	3.25	OK
2026-09-13	PLMR	162.75	OK
2026-09-13	PLPC	480.0	OK
2026-09-13	PLRX	2.5	OK
2026-09-13	PLSE	45.25	OK
2026-09-13	PLTK	3.63	OK
2026-09-13	PLTR	204.06	OK
2026-09-13	PLUG	3.82	OK
2026-09-13	PLXS	316.0	OK
2026-09-13	PMTS	31.75	OK
2026-09-13	PMVP	5.0	OK
2026-09-13	PNTG	46.0	OK
2026-09-13	PODD	161.33	OK
2026-09-13	PONY	13.5	OK
2026-09-13	POOL	221.4	OK
2026-09-13	POWI	81.67	OK
2026-09-13	POWL	284.0	OK
2026-09-13	POWW	3.0	OK
2026-09-13	PPC	37.0	OK
2026-09-13	PPLI	62.17	OK
2026-09-13	PPTA	41.59	OK
2026-09-13	PR	25.33	OK
2026-09-13	PRAA	26.0	OK
2026-09-13	PRAX	732.38	OK
2026-09-13	PRCH	23.0	OK
2026-09-13	PRCT	23.0	OK
2026-09-13	PRDO	44.0	OK
2026-09-13	PRGS	54.75	OK
2026-09-13	PRLD	8.0	OK
2026-09-13	PRME	6.33	OK
2026-09-13	PROK	12.0	OK
2026-09-13	PRQR	9.6	OK
2026-09-13	PRTA	26.33	OK
2026-09-13	PRTS	6.7	OK
2026-09-13	PRVA	32.0	OK
2026-09-13	PSEC	2.0	OK
2026-09-13	PSIX	73.0	OK
2026-09-13	PSKY	10.25	OK
2026-09-13	PSMT	165.0	OK
2026-09-13	PSNL	15.95	OK
2026-09-13	PSNY	10.0	OK
2026-09-13	PTC	168.44	OK
2026-09-13	PTCT	95.14	OK
2026-09-13	PTEN	13.31	OK
2026-09-13	PTGX	171.44	OK
2026-09-13	PTLO	5.63	OK
2026-09-13	PTON	8.13	OK
2026-09-13	PTRN	28.71	OK
2026-09-13	PUBM	19.83	OK
2026-09-13	PVLA	233.2	OK
2026-09-13	PWP	16.0	OK
2026-09-13	PYPL	57.8	OK
2026-09-13	PZZA	26.0	OK
2026-09-13	74SW.PA	51.0	OK
2026-09-13	ABVX.PA	132.0	OK
2026-09-13	AC.PA	55.0	OK
2026-09-13	ACA.PA	20.28	OK
2026-09-13	ADP.PA	130.83	OK
2026-09-13	AF.PA	12.28	OK
2026-09-13	AI.PA	199.0	OK
2026-09-13	AIR.PA	234.45	OK
2026-09-13	AKE.PA	62.0	OK
2026-09-13	ALCOX.PA	1.0	OK
2026-09-13	ALO.PA	22.0	OK
2026-09-13	ALSEN.PA	1.0	OK
2026-09-13	AM.PA	351.67	OK
2026-09-13	AMUN.PA	96.5	OK
2026-09-13	ANTIN.PA	10.1	OK
2026-09-13	ARG.PA	79.0	OK
2026-09-13	ATE.PA	135.0	OK
2026-09-13	ATO.PA	43.0	OK
2026-09-13	AUB.PA	66.0	OK
2026-09-13	AYV.PA	12.05	OK
2026-09-13	BEN.PA	6.85	OK
2026-09-13	BIM.PA	80.0	OK
2026-09-13	BN.PA	78.0	OK
2026-09-13	BNP.PA	120.25	OK
2026-09-13	BVI.PA	31.74	OK
2026-09-13	CA.PA	14.7	OK
2026-09-13	CAP.PA	159.0	OK
2026-09-13	COFA.PA	21.0	OK
2026-09-13	COTY.PA	2.18	OK
2026-09-13	COV.PA	60.0	OK
2026-09-13	CS.PA	52.61	OK
2026-09-13	DEC.PA	28.5	OK
2026-09-13	DG.PA	144.43	OK
2026-09-13	DIM.PA	250.0	OK
2026-09-13	DSY.PA	19.13	OK
2026-09-13	EDEN.PA	22.4	OK
2026-09-13	EL.PA	252.5	OK
2026-09-13	ELIS.PA	28.2	OK
2026-09-13	EN.PA	54.0	OK
2026-09-13	ENGI.PA	29.13	OK
2026-09-13	ENX.PA	180.0	OK
2026-09-13	ERF.PA	61.25	OK
2026-09-13	ETL.PA	2.4	OK
2026-09-13	EXA.PA	145.0	OK
2026-09-13	EXENS.PA	73.0	OK
2026-09-13	FDJU.PA	24.0	OK
2026-09-13	FGR.PA	164.67	OK
2026-09-13	FR.PA	13.73	OK
2026-09-13	FRVIA.PA	13.02	OK
2026-09-13	GET.PA	19.23	OK
2026-09-13	GFC.PA	87.57	OK
2026-09-13	GLE.PA	88.6	OK
2026-09-13	GTT.PA	245.0	OK
2026-09-13	HO.PA	293.86	OK
2026-09-13	ICAD.PA	16.7	OK
2026-09-13	IDL.PA	492.5	OK
2026-09-13	IPN.PA	202.5	OK
2026-09-13	IPS.PA	44.0	OK
2026-09-13	KER.PA	266.4	OK
2026-09-13	LI.PA	42.25	OK
2026-09-13	LR.PA	176.25	OK
2026-09-13	MC.PA	581.8	OK
2026-09-13	MEDCL.PA	38.0	OK
2026-09-13	MERY.PA	12.5	OK
2026-09-13	MF.PA	115.0	OK
2026-09-13	ML.PA	38.5	OK
2026-09-13	MRN.PA	51.5	OK
2026-09-13	NEX.PA	176.5	OK
2026-09-13	OPM.PA	17.25	OK
2026-09-13	OR.PA	420.0	OK
2026-09-13	ORA.PA	19.57	OK
2026-09-13	PLNW.PA	26.0	OK
2026-09-13	PLX.PA	11.9	OK
2026-09-13	PUB.PA	126.0	OK
2026-09-13	RBT.PA	930.0	OK
2026-09-13	RCO.PA	49.0	OK
2026-09-13	RI.PA	72.75	OK
2026-09-13	RMS.PA	1866.8	OK
2026-09-13	RNO.PA	31.0	OK
2026-09-13	RXL.PA	38.84	OK
2026-09-13	SAF.PA	390.7	OK
2026-09-13	SAN.PA	97.24	OK
2026-09-13	SCR.PA	35.92	OK
2026-09-13	SESG.PA	11.5	OK
2026-09-13	SGO.PA	110.0	OK
2026-09-13	SIGHT.PA	0.08	OK
2026-09-13	SK.PA	80.0	OK
2026-09-13	SOI.PA	125.5	OK
2026-09-13	SOP.PA	227.5	OK
2026-09-13	SPIE.PA	57.0	OK
2026-09-13	STLAP.PA	4.94	OK
2026-09-13	STMPA.PA	70.83	OK
2026-09-13	SU.PA	333.38	OK
2026-09-13	SW.PA	54.0	OK
2026-09-13	TE.PA	39.57	OK
2026-09-13	TEP.PA	75.0	OK
2026-09-13	TFF.PA	20.0	OK
2026-09-13	TFI.PA	7.0	OK
2026-09-13	TKO.PA	24.0	OK
2026-09-13	TRI.PA	200.0	OK
2026-09-13	TTE.PA	86.05	OK
2026-09-13	UBI.PA	5.2	OK
2026-09-13	URW.PA	129.0	OK
2026-09-13	VCT.PA	101.0	OK
2026-09-13	VIE.PA	39.25	OK
2026-09-13	VIRI.PA	124.0	OK
2026-09-13	VIRP.PA	360.0	OK
2026-09-13	VIV.PA	1.9	OK
2026-09-13	VK.PA	27.43	OK
2026-09-13	VRLA.PA	21.2	OK
2026-09-13	VU.PA	220.0	OK
2026-09-13	WLN.PA	15.6	OK
2026-09-13	XFAB.PA	8.25	OK
2026-09-13	QBTS	34.83	OK
2026-09-13	QCOM	199.95	OK
2026-09-13	QCRH	112.0	OK
2026-09-13	QDEL	15.0	OK
2026-09-13	QFIN	10.0	OK
2026-09-13	QLYS	177.77	OK
2026-09-13	QNST	22.5	OK
2026-09-13	QNT.US	91.91	OK
2026-09-13	QRVO	91.5	OK
2026-09-13	QS	10.0	OK
2026-09-13	QSI	4.0	OK
2026-09-13	QTRX	3.0	OK
2026-09-13	QUBT	15.75	OK
2026-09-13	QUIK	23.5	OK
2026-09-13	QURE	68.5	OK
2026-09-13	RAPP	60.25	OK
2026-09-13	RARE.US	29.13	OK
2026-09-13	RBB	28.5	OK
2026-09-13	RBBN	3.6	OK
2026-09-13	RBC	659.0	OK
2026-09-13	RCAT	18.75	OK
2026-09-13	RCEL	12.5	OK
2026-09-13	RCKT	11.75	OK
2026-09-13	RCKY	56.0	OK
2026-09-13	RCMT	45.0	OK
2026-09-13	RDNT	94.5	OK
2026-09-13	RDZN	5.0	OK
2026-09-13	REAL	17.5	OK
2026-09-13	REFI	20.0	OK
2026-09-13	REG	86.2	OK
2026-09-13	REGN	842.06	OK
2026-09-13	REKR	3.0	OK
2026-09-13	RELL	24.0	OK
2026-09-13	RELY	33.0	OK
2026-09-13	REPL	18.5	OK
2026-09-13	REYN	26.0	OK
2026-09-13	RGEN	179.0	OK
2026-09-13	RGLD	279.5	OK
2026-09-13	RGNX	21.25	OK
2026-09-13	RGP	6.0	OK
2026-09-13	RGTI	26.83	OK
2026-09-13	RIGL	65.0	OK
2026-09-13	RIOT	33.55	OK
2026-09-13	RIVN	16.67	OK
2026-09-13	RKLB	111.0	OK
2026-09-13	RLAY	27.2	OK
2026-09-13	RLMD	14.33	OK
2026-09-13	RMBS	155.0	OK
2026-09-13	RMNI	7.25	OK
2026-09-13	RMTI	20.0	OK
2026-09-13	RNA	25.0	OK
2026-09-13	RNW	7.02	OK
2026-09-13	ROAD	142.0	OK
2026-09-13	ROIV	46.83	OK
2026-09-13	ROKU	163.14	OK
2026-09-13	ROOT	64.33	OK
2026-09-13	ROP	446.4	OK
2026-09-13	ROST	276.43	OK
2026-09-13	RPAY	8.0	OK
2026-09-13	RPD	11.66	OK
2026-09-13	RPRX	65.33	OK
2026-09-13	RRGB	14.5	OK
2026-09-13	RRR	72.6	OK
2026-09-13	RUM	22.0	OK
2026-09-13	RUN	18.71	OK
2026-09-13	RUSHA	55.0	OK
2026-09-13	RVMD	256.11	OK
2026-09-13	RWAY	6.5	OK
2026-09-13	RXRX	6.43	OK
2026-09-13	RXST	8.0	OK
2026-09-13	RXT	4.77	OK
2026-09-13	RYAAY	74.0	OK
2026-09-13	RYTM	138.58	OK
2026-09-13	RZLT	8.0	OK
2026-09-13	RZLV	9.5	OK
2026-09-13	SABR	2.0	OK
2026-09-13	SAIA	453.54	OK
2026-09-13	SAIC	131.0	OK
2026-09-13	SAIL	21.17	OK
2026-09-13	SANA	8.0	OK
2026-09-13	SANM	270.0	OK
2026-09-13	SBAC	228.11	OK
2026-09-13	SBCF	36.75	OK
2026-09-13	SBET	18.4	OK
2026-09-13	SBGI	15.0	OK
2026-09-13	SBRA	22.75	OK
2026-09-13	SBUX	119.33	OK
2026-09-13	SCHL	42.0	OK
2026-09-13	SCSC	43.0	OK
2026-09-13	SCYX	3.0	OK
2026-09-13	SDA	5.0	OK
2026-09-13	SDGR	20.0	OK
2026-09-13	SEDG	36.14	OK
2026-09-13	SEER	4.0	OK
2026-09-13	SEIC	123.0	OK
2026-09-13	SENEA	202.0	OK
2026-09-13	SERV	8.5	OK
2026-09-13	SEZL	183.0	OK
2026-09-13	SFD	29.0	OK
2026-09-13	SFIX	5.0	OK
2026-09-13	SFM	89.0	OK
2026-09-13	SFNC	25.63	OK
2026-09-13	SG	7.88	OK
2026-09-13	SGHT	8.5	OK
2026-09-13	SGML	20.0	OK
2026-09-13	SGMT	36.25	OK
2026-09-13	SGP	38.0	OK
2026-09-13	SGRY	20.0	OK
2026-09-13	SHAZ	110.5	OK
2026-09-13	SHBI	25.75	OK
2026-09-13	SHC	20.0	OK
2026-09-13	SHEN	27.5	OK
2026-09-13	SHIP	23.5	OK
2026-09-13	SHLS	12.0	OK
2026-09-13	SHOE	15.0	OK
2026-09-13	SHOO	50.8	OK
2026-09-13	SHOP	166.6	OK
2026-09-13	SIBN	21.5	OK
2026-09-13	SIGI	104.25	OK
2026-09-13	SILC	60.0	OK
2026-09-13	SIMO	366.25	OK
2026-09-13	SINT	8.0	OK
2026-09-13	SION	20.0	OK
2026-09-13	SIRI	34.22	OK
2026-09-13	SITM	862.86	OK
2026-09-13	SKHY	248.0	OK
2026-09-13	SKIN	1.0	OK
2026-09-13	SKWD	71.0	OK
2026-09-13	SKYW	123.0	OK
2026-09-13	SLAB	212.0	OK
2026-09-13	SLDB	19.17	OK
2026-09-13	SLDE	26.25	OK
2026-09-13	SLDP	6.88	OK
2026-09-13	SLGN	52.5	OK
2026-09-13	SLM	28.2	OK
2026-09-13	SLN	39.5	OK
2026-09-13	SLP	16.0	OK
2026-09-13	SLRC	14.67	OK
2026-09-13	SMBC	83.67	OK
2026-09-13	SMCI	39.56	OK
2026-09-13	SMMT	30.13	OK
2026-09-13	SMPL	14.0	OK
2026-09-13	SMTC	209.62	OK
2026-09-13	SMTI	35.0	OK
2026-09-13	SNDK	2145.0	OK
2026-09-13	SNDL	3.5	OK
2026-09-13	SNDX	37.33	OK
2026-09-13	SNEX	112.0	OK
2026-09-13	SNGX	1.5	OK
2026-09-13	SNPS	560.91	OK
2026-09-13	SNY	57.0	OK
2026-09-13	SOFI	19.86	OK
2026-09-13	SOLS	76.0	OK
2026-09-13	SONO	18.0	OK
2026-09-13	SOUN	11.0	OK
2026-09-13	SPCX	236.71	OK
2026-09-13	SPFI	48.0	OK
2026-09-13	SPRB	156.8	OK
2026-09-13	SPRY	30.0	OK
2026-09-13	SPSC	70.33	OK
2026-09-13	SPT	12.0	OK
2026-09-13	SPTX	36.75	OK
2026-09-13	SPWH	3.5	OK
2026-09-13	SRAD	17.71	OK
2026-09-13	SRCE	89.67	OK
2026-09-13	SRPT	20.92	OK
2026-09-13	SRRK	63.25	OK
2026-09-13	SRTA	9.5	OK
2026-09-13	SSNC	91.5	OK
2026-09-13	SSP.US	5.9	OK
2026-09-13	SSRM	41.71	OK
2026-09-13	SSYS.US	11.75	OK
2026-09-13	STAA	30.5	OK
2026-09-13	STBA	53.0	OK
2026-09-13	STEP	66.6	OK
2026-09-13	STGW	10.25	OK
2026-09-13	STKS	4.5	OK
2026-09-13	STLD	269.25	OK
2026-09-13	STLN	11.0	OK
2026-09-13	STNE	13.0	OK
2026-09-13	STOK	46.71	OK
2026-09-13	STRA	98.33	OK
2026-09-13	STRL.US	802.0	OK
2026-09-13	STRO	50.25	OK
2026-09-13	STTK	15.17	OK
2026-09-13	STX.US	1110.71	OK
2026-09-13	SUJA	15.0	OK
2026-09-13	SUNS	8.0	OK
2026-09-13	SUPN	66.0	OK
2026-09-13	SVC	11.88	OK
2026-09-13	SVRA	11.75	OK
2026-09-13	SWBI	16.5	OK
2026-09-13	SWKS	65.67	OK
2026-09-13	SYBT	88.0	OK
2026-09-13	SYM	64.75	OK
2026-09-13	SYNA	131.25	OK
2026-09-13	SYRE	123.0	OK
2026-09-13	AAK.ST	200.0	OK
2026-09-13	AFRY.ST	165.0	OK
2026-09-13	ALFA.ST	602.5	OK
2026-09-13	ALLEI.ST	100.0	OK
2026-09-13	AXFO.ST	235.0	OK
2026-09-13	BILL.ST	77.5	OK
2026-09-13	BOL.ST	563.67	OK
2026-09-13	CAMX.ST	830.0	OK
2026-09-13	CAST.ST	137.5	OK
2026-09-13	CATE.ST	445.0	OK
2026-09-13	DOM.ST	45.0	OK
2026-09-13	EQT.ST	363.75	OK
2026-09-13	EVO.ST	698.33	OK
2026-09-13	FABG.ST	62.85	OK
2026-09-13	HACK.ST	100.0	OK
2026-09-13	HEM.ST	112.5	OK
2026-09-13	HTRO.ST	50.0	OK
2026-09-13	INDT.ST	241.67	OK
2026-09-13	INTRUM.ST	5.3	OK
2026-09-13	LOOMIS.ST	610.0	OK
2026-09-13	LUG.ST	720.61	OK
2026-09-13	LUMI.ST	289.6	OK
2026-09-13	MILDEF.ST	225.0	OK
2026-09-13	MIPS.ST	565.0	OK
2026-09-13	MTRS.ST	236.67	OK
2026-09-13	NCAB.ST	100.0	OK
2026-09-13	NP3.ST	200.0	OK
2026-09-13	SAND.ST	404.0	OK
2026-09-13	SAVE.ST	366.67	OK
2026-09-13	SINCH.ST	66.0	OK
2026-09-13	SOBI.ST	550.0	OK
2026-09-13	SYNSAM.ST	70.0	OK
2026-09-13	SYSR.ST	105.0	OK
2026-09-13	TELIA.ST	51.0	OK
2026-09-13	THULE.ST	260.0	OK
2026-09-13	TROAX.ST	145.0	OK
2026-09-13	VIMIAN.ST	33.0	OK
2026-09-13	WIHL.ST	79.0	OK
2026-09-13	YUBICO.ST	60.0	OK
2026-09-13	A2M.ASX	7.62	OK
2026-09-13	ABB.ASX	6.07	OK
2026-09-13	AD8.ASX	3.0	OK
2026-09-13	AGL.ASX	10.11	OK
2026-09-13	AIA.ASX	6.89	OK
2026-09-13	ALD.ASX	41.83	OK
2026-09-13	ALL.ASX	65.2	OK
2026-09-13	ALQ.ASX	24.38	OK
2026-09-13	ALU.ASX	1.6	OK
2026-09-13	ALX.ASX	4.82	OK
2026-09-13	AMC.ASX	74.95	OK
2026-09-13	AMP.ASX	2.36	OK
2026-09-13	ANN.ASX	40.37	OK
2026-09-13	ANZ.ASX	35.42	OK
2026-09-13	AOV.ASX	9.07	OK
2026-09-13	APA.ASX	9.83	OK
2026-09-13	APE.ASX	26.0	OK
2026-09-13	ARB.ASX	26.0	OK
2026-09-13	ARF.ASX	2.96	OK
2026-09-13	ASX.ASX	63.0	OK
2026-09-13	AUB.ASX	34.46	OK
2026-09-13	AX1.ASX	0.77	OK
2026-09-13	AZJ.ASX	3.69	OK
2026-09-13	BAP.ASX	0.63	OK
2026-09-13	BEN.ASX	10.19	OK
2026-09-13	BGA.ASX	6.85	OK
2026-09-13	BGL.ASX	1.81	OK
2026-09-13	BHP.ASX	58.38	OK
2026-09-13	BMN.ASX	6.02	OK
2026-09-13	BOE.ASX	1.67	OK
2026-09-13	BOQ.ASX	6.22	OK
2026-09-13	BPT.ASX	0.86	OK
2026-09-13	BRG.ASX	38.0	OK
2026-09-13	BSL.ASX	36.57	OK
2026-09-13	BWP.ASX	4.0	OK
2026-09-13	BXB.ASX	22.32	OK
2026-09-13	CAR.ASX	33.3	OK
2026-09-13	CBA.ASX	122.33	OK
2026-09-13	CCP.ASX	17.43	OK
2026-09-13	CDA.ASX	52.93	OK
2026-09-13	CGF.ASX	11.44	OK
2026-09-13	CHC.ASX	23.0	OK
2026-09-13	CHN.ASX	2.45	OK
2026-09-13	CIA.ASX	5.51	OK
2026-09-13	CIP.ASX	3.7	OK
2026-09-13	CKF.ASX	9.83	OK
2026-09-13	CLW.ASX	3.73	OK
2026-09-13	CMM.ASX	18.69	OK
2026-09-13	COH.ASX	148.23	OK
2026-09-13	COL.ASX	24.0	OK
2026-09-13	CPU.ASX	42.38	OK
2026-09-13	CQE.ASX	3.23	OK
2026-09-13	CQR.ASX	4.45	OK
2026-09-13	CRN.ASX	0.18	OK
2026-09-13	CSL.ASX	179.13	OK
2026-09-13	CTD.ASX	3.06	OK
2026-09-13	CWY.ASX	3.1	OK
2026-09-13	CXO.ASX	0.28	OK
2026-09-13	DDR.ASX	18.0	OK
2026-09-13	DMP.ASX	19.75	OK
2026-09-13	DNL.ASX	3.8	OK
2026-09-13	DOW.ASX	7.63	OK
2026-09-13	DRO.ASX	1.5	OK
2026-09-13	DRR.ASX	4.58	OK
2026-09-13	DTL.ASX	11.0	OK
2026-09-13	DVP.ASX	6.65	OK
2026-09-13	DXS.ASX	7.0	OK
2026-09-13	EDV.ASX	3.04	OK
2026-09-13	ELD.ASX	6.0	OK
2026-09-13	ELV.ASX	13.25	OK
2026-09-13	EMR.ASX	6.9	OK
2026-09-13	EVN.ASX	13.84	OK
2026-09-13	EVT.ASX	16.28	OK
2026-09-13	FBU.ASX	2.89	OK
2026-09-13	FLT.ASX	14.25	OK
2026-09-13	FMG.ASX	17.74	OK
2026-09-13	FPH.ASX	42.95	OK
2026-09-13	GMD.ASX	8.64	OK
2026-09-13	GMG.ASX	36.73	OK
2026-09-13	GNC.ASX	7.39	OK
2026-09-13	GOZ.ASX	2.6	OK
2026-09-13	GPT.ASX	5.67	OK
2026-09-13	HDN.ASX	1.31	OK
2026-09-13	HLI.ASX	4.52	OK
2026-09-13	HLS.ASX	0.45	OK
2026-09-13	HMC.ASX	4.0	OK
2026-09-13	HUB.ASX	91.33	OK
2026-09-13	HVN.ASX	4.2	OK
2026-09-13	IAG.ASX	8.88	OK
2026-09-13	IDX.ASX	3.31	OK
2026-09-13	IEL.ASX	2.4	OK
2026-09-13	IGO.ASX	8.34	OK
2026-09-13	ILU.ASX	7.53	OK
2026-09-13	IMD.ASX	4.2	OK
2026-09-13	INA.ASX	5.8	OK
2026-09-13	ING.ASX	2.12	OK
2026-09-13	IPH.ASX	4.36	OK
2026-09-13	IRE.ASX	9.65	OK
2026-09-13	JBH.ASX	77.0	OK
2026-09-13	JHX.ASX	46.2	OK
2026-09-13	JIN.ASX	8.1	OK
2026-09-13	KAR.ASX	1.81	OK
2026-09-13	KGN.ASX	7.5	OK
2026-09-13	KLS.ASX	5.0	OK
2026-09-13	LIC.ASX	6.05	OK
2026-09-13	LLC.ASX	4.5	OK
2026-09-13	LOV.ASX	32.5	OK
2026-09-13	LTR.ASX	1.64	OK
2026-09-13	LYC.ASX	18.81	OK
2026-09-13	MAQ.ASX	83.24	OK
2026-09-13	MFG.ASX	9.82	OK
2026-09-13	MGR.ASX	2.25	OK
2026-09-13	MIN.ASX	71.67	OK
2026-09-13	MMS.ASX	23.0	OK
2026-09-13	MND.ASX	30.04	OK
2026-09-13	MP1.ASX	25.0	OK
2026-09-13	MPL.ASX	5.0	OK
2026-09-13	MQG.ASX	255.8	OK
2026-09-13	MTS.ASX	3.0	OK
2026-09-13	MYR.ASX	0.35	OK
2026-09-13	NAB.ASX	38.81	OK
2026-09-13	NAN.ASX	3.2	OK
2026-09-13	NCK.ASX	17.18	OK
2026-09-13	NEC.ASX	1.22	OK
2026-09-13	NEU.ASX	28.9	OK
2026-09-13	NHC.ASX	5.67	OK
2026-09-13	NHF.ASX	7.53	OK
2026-09-13	NIC.ASX	1.12	OK
2026-09-13	NST.ASX	24.05	OK
2026-09-13	NUF.ASX	3.6	OK
2026-09-13	NWH.ASX	8.46	OK
2026-09-13	NWL.ASX	25.3	OK
2026-09-13	NWS.ASX	54.39	OK
2026-09-13	NXT.ASX	22.0	OK
2026-09-13	ORA.ASX	1.6	OK
2026-09-13	ORG.ASX	12.04	OK
2026-09-13	ORI.ASX	27.0	OK
2026-09-13	PDN.ASX	13.47	OK
2026-09-13	PLS.ASX	5.94	OK
2026-09-13	PME.ASX	211.47	OK
2026-09-13	PMV.ASX	13.3	OK
2026-09-13	PNI.ASX	21.39	OK
2026-09-13	PNV.ASX	1.22	OK
2026-09-13	PPT.ASX	20.13	OK
2026-09-13	PRU.ASX	7.88	OK
2026-09-13	PWH.ASX	1.0	OK
2026-09-13	PXA.ASX	8.88	OK
2026-09-13	QAN.ASX	12.01	OK
2026-09-13	QBE.ASX	26.45	OK
2026-09-13	RDX.ASX	3.83	OK
2026-09-13	REA.ASX	191.33	OK
2026-09-13	REH.ASX	15.88	OK
2026-09-13	RGN.ASX	2.55	OK
2026-09-13	RHC.ASX	49.75	OK
2026-09-13	RIC.ASX	3.12	OK
2026-09-13	RIO.ASX	176.61	OK
2026-09-13	RMD.ASX	38.2	OK
2026-09-13	RMS.ASX	5.07	OK
2026-09-13	RRL.ASX	8.29	OK
2026-09-13	RWC.ASX	4.72	OK
2026-09-13	S32.ASX	5.09	OK
2026-09-13	SCG.ASX	4.1	OK
2026-09-13	SDF.ASX	6.0	OK
2026-09-13	SDR.ASX	5.45	OK
2026-09-13	SEK.ASX	17.86	OK
2026-09-13	SFR.ASX	21.27	OK
2026-09-13	SGH.ASX	49.07	OK
2026-09-13	SGM.ASX	24.88	OK
2026-09-13	SGP.ASX	5.8	OK
2026-09-13	SHL.ASX	21.35	OK
2026-09-13	SIG.ASX	3.13	OK
2026-09-13	SIQ.ASX	13.0	OK
2026-09-13	SLX.ASX	12.8	OK
2026-09-13	SMR.ASX	3.35	OK
2026-09-13	STO.ASX	8.47	OK
2026-09-13	SUL.ASX	16.2	OK
2026-09-13	SUN.ASX	20.28	OK
2026-09-13	SYR.ASX	0.1	OK
2026-09-13	TAH.ASX	1.04	OK
2026-09-13	TCL.ASX	13.99	OK
2026-09-13	TLC.ASX	5.53	OK
2026-09-13	TLS.ASX	5.02	OK
2026-09-13	TLX.ASX	24.72	OK
2026-09-13	TNE.ASX	33.0	OK
2026-09-13	TPG.ASX	4.02	OK
2026-09-13	TPW.ASX	7.15	OK
2026-09-13	TWE.ASX	7.3	OK
2026-09-13	VAU.ASX	6.69	OK
2026-09-13	VCX.ASX	2.6	OK
2026-09-13	VEA.ASX	2.91	OK
2026-09-13	VNT.ASX	6.54	OK
2026-09-13	VUL.ASX	7.63	OK
2026-09-13	WA1.ASX	34.0	OK
2026-09-13	WAF.ASX	4.88	OK
2026-09-13	WBC.ASX	33.94	OK
2026-09-13	WDS.ASX	31.73	OK
2026-09-13	WEB.ASX	4.51	OK
2026-09-13	WES.ASX	70.0	OK
2026-09-13	WGX.ASX	7.78	OK
2026-09-13	WHC.ASX	8.43	OK
2026-09-13	WOR.ASX	11.82	OK
2026-09-13	WOW.ASX	36.0	OK
2026-09-13	WPR.ASX	2.58	OK
2026-09-13	WTC.ASX	58.0	OK
2026-09-13	XRO.ASX	99.3	OK
2026-09-13	YAL.ASX	7.14	OK
2026-09-13	TARS	95.83	OK
2026-09-13	TASK	8.5	OK
2026-09-13	TBBK	82.5	OK
2026-09-13	TBCH	14.33	OK
2026-09-13	TBLA	6.0	OK
2026-09-13	TBPH	17.0	OK
2026-09-13	TCBI	108.13	OK
2026-09-13	TCBK	65.01	OK
2026-09-13	TCMD	39.0	OK
2026-09-13	TCPC	3.5	OK
2026-09-13	TCRX	1.0	OK
2026-09-13	TDUP	10.0	OK
2026-09-13	TEAD	0.88	OK
2026-09-13	TEAM	194.44	OK
2026-09-13	TECH	73.0	OK
2026-09-13	TECX	73.67	OK
2026-09-13	TELA	1.67	OK
2026-09-13	TEM.US	65.58	OK
2026-09-13	TENB	35.88	OK
2026-09-13	TER	480.22	OK
2026-09-13	TFIN	85.0	OK
2026-09-13	TFSL	18.0	OK
2026-09-13	TGTX	66.4	OK
2026-09-13	THFF	87.0	OK
2026-09-13	THRM	53.5	OK
2026-09-13	THRY	4.5	OK
2026-09-13	TIGO	82.55	OK
2026-09-13	TIGR	6.1	OK
2026-09-13	TILE	45.0	OK
2026-09-13	TITN	25.33	OK
2026-09-13	TLN	459.56	OK
2026-09-13	TLRY	6.13	OK
2026-09-13	TLS	6.0	OK
2026-09-13	TMC	11.33	OK
2026-09-13	TMCI	5.0	OK
2026-09-13	TMCR	10.0	OK
2026-09-13	TMDX	95.86	OK
2026-09-13	TMUS	235.6	OK
2026-09-13	TNDM	28.2	OK
2026-09-13	TNGX	48.0	OK
2026-09-13	TNYA	13.0	OK
2026-09-13	TOWN	39.0	OK
2026-09-13	TPG	60.0	OK
2026-09-13	TRAX	67.43	OK
2026-09-13	TRDA	17.0	OK
2026-09-13	TREE.US	65.0	OK
2026-09-13	TRI	121.34	OK
2026-09-13	TRIP	11.19	OK
2026-09-13	TRMB	75.5	OK
2026-09-13	TRMK	47.5	OK
2026-09-13	TRNS	100.0	OK
2026-09-13	TROW	106.29	OK
2026-09-13	TRS	45.0	OK
2026-09-13	TRUP	30.5	OK
2026-09-13	TRVG	6.13	OK
2026-09-13	TRVI	28.75	OK
2026-09-13	TSCO	37.4	OK
2026-09-13	TSEM	300.0	OK
2026-09-13	TSHA	14.0	OK
2026-09-13	TSLA	409.0	OK
2026-09-13	TSSI	13.0	OK
2026-09-13	TTAN	96.2	OK
2026-09-13	TTD	13.25	OK
2026-09-13	TTEK	42.0	OK
2026-09-13	TTMI	211.0	OK
2026-09-13	TTWO	299.45	OK
2026-09-13	TVRD	8.6	OK
2026-09-13	TVTX	74.67	OK
2026-09-13	TW	126.0	OK
2026-09-13	TWST	104.56	OK
2026-09-13	TXG	50.9	OK
2026-09-13	TXN	322.1	OK
2026-09-13	TXRH	215.1	OK
2026-09-13	TYRA	46.0	OK
2026-09-13	TZOO	12.75	OK
2026-09-13	UAL	162.71	OK
2026-09-13	UBSI	49.0	OK
2026-09-13	UCTT	137.0	OK
2026-09-13	UEIC	5.0	OK
2026-09-13	UFCS	58.5	OK
2026-09-13	UFPI	106.5	OK
2026-09-13	UHAL	90.0	OK
2026-09-13	UHAL.B	90.0	OK
2026-09-13	ULCC	6.0	OK
2026-09-13	ULH	16.0	OK
2026-09-13	ULTA	658.13	OK
2026-09-13	UMBF	167.6	OK
2026-09-13	UNIT	9.17	OK
2026-09-13	UPB	36.25	OK
2026-09-13	UPBD	20.0	OK
2026-09-13	UPLD	12.5	OK
2026-09-13	UPST	41.0	OK
2026-09-13	UPWK	9.29	OK
2026-09-13	UPXI	2.0	OK
2026-09-13	URBN	96.0	OK
2026-09-13	URGN	60.2	OK
2026-09-13	UROY	4.5	OK
2026-09-13	USAR	40.0	OK
2026-09-13	USEA	4.0	OK
2026-09-13	UTHR	630.0	OK
2026-09-13	UVSP	47.0	OK
2026-09-13	VANI	4.0	OK
2026-09-13	VC	137.4	OK
2026-09-13	VCEL	65.0	OK
2026-09-13	VCTR	115.67	OK
2026-09-13	VCYT	58.67	OK
2026-09-13	VECO	61.33	OK
2026-09-13	VEON	85.0	OK
2026-09-13	VERA	79.6	OK
2026-09-13	VERI	5.0	OK
2026-09-13	VERX	19.0	OK
2026-09-13	VIAV	64.57	OK
2026-09-13	VICR	381.67	OK
2026-09-13	VINP	14.0	OK
2026-09-13	VIR	21.0	OK
2026-09-13	VISN	16.0	OK
2026-09-13	VITL	13.63	OK
2026-09-13	VKTX	95.0	OK
2026-09-13	VLY	16.57	OK
2026-09-13	VNDA	16.0	OK
2026-09-13	VNET	13.57	OK
2026-09-13	VNOM	55.09	OK
2026-09-13	VOD	20.93	OK
2026-09-13	VOGX	42.0	OK
2026-09-13	VRCA	13.67	OK
2026-09-13	VRDN	33.22	OK
2026-09-13	VRNS	52.41	OK
2026-09-13	VRRM	5.0	OK
2026-09-13	VRSK	236.14	OK
2026-09-13	VRSN	328.5	OK
2026-09-13	VRTX	580.35	OK
2026-09-13	VSAT	117.5	OK
2026-09-13	VSEC	271.0	OK
2026-09-13	VSNT	41.0	OK
2026-09-13	VSTM	13.83	OK
2026-09-13	VTGN	1.0	OK
2026-09-13	VTRS	19.0	OK
2026-09-13	VUZI	6.0	OK
2026-09-13	WABC	64.0	OK
2026-09-13	WAFD	37.67	OK
2026-09-13	WASH	36.75	OK
2026-09-13	WATT	28.25	OK
2026-09-13	WAY	35.0	OK
2026-09-13	WB	7.53	OK
2026-09-13	WBD	28.5	OK
2026-09-13	WBTN	11.0	OK
2026-09-13	WDAY	210.19	OK
2026-09-13	WDC	675.07	OK
2026-09-13	WDFC	275.0	OK
2026-09-13	WEN	7.56	OK
2026-09-13	WERN	43.1	OK
2026-09-13	WEST	10.0	OK
2026-09-13	WFRD	120.5	OK
2026-09-13	WGS	82.86	OK
2026-09-13	WHF	6.5	OK
2026-09-13	WHWK	8.67	OK
2026-09-13	WINA	545.0	OK
2026-09-13	WING	194.5	OK
2026-09-13	WIX	85.22	OK
2026-09-13	WLDN	145.0	OK
2026-09-13	WLFC	80.0	OK
2026-09-13	WLTH	10.0	OK
2026-09-13	WMG	36.29	OK
2026-09-13	WMT	126.85	OK
2026-09-13	WOOF	3.63	OK
2026-09-13	WRD	10.7	OK
2026-09-13	WSBC	43.0	OK
2026-09-13	WSC	28.4	OK
2026-09-13	WSE	13.51	OK
2026-09-13	WSFS	88.2	OK
2026-09-13	WT	24.57	OK
2026-09-13	WTFC	179.89	OK
2026-09-13	WTW	384.45	OK
2026-09-13	WULF	37.45	OK
2026-09-13	WVE	16.75	OK
2026-09-13	WWD	465.17	OK
2026-09-13	WYFI	39.2	OK
2026-09-13	WYNN	135.0	OK
2026-09-13	XE	41.75	OK
2026-09-13	XEL	91.8	OK
2026-09-13	XENE	81.0	OK
2026-09-13	XERS	10.0	OK
2026-09-13	XMTR	109.17	OK
2026-09-13	XNCR	32.71	OK
2026-09-13	XP	22.25	OK
2026-09-13	XPEL	62.5	OK
2026-09-13	XRAY	14.5	OK
2026-09-13	XRX	4.22	OK
2026-09-13	YSWY	30.0	OK
2026-09-13	Z	48.25	OK
2026-09-13	ZBIO	43.4	OK
2026-09-13	ZBRA	407.14	OK
2026-09-13	ZD	64.33	OK
2026-09-13	ZG	44.5	OK
2026-09-13	ZION	74.77	OK
2026-09-13	ZLAB	40.5	OK
2026-09-13	ZM	115.56	OK
2026-09-13	ZNTL	9.25	OK
2026-09-13	ZS	206.04	OK
2026-09-13	ZURA	22.67	OK
2026-09-13	ZVRA	24.0	OK
2026-09-13	ZYME	39.89	OK
2026-09-13	ABBN.ZU	76.88	OK
2026-09-13	ACLN.ZU	78.0	OK
2026-09-13	ADEN.ZU	24.56	OK
2026-09-13	ALC.ZU	62.26	OK
2026-09-13	AMRZ.ZU	41.6	OK
2026-09-13	AMS.ZU	19.67	OK
2026-09-13	AVOL.ZU	49.0	OK
2026-09-13	BAER.ZU	76.1	OK
2026-09-13	BARN.ZU	1180.0	OK
2026-09-13	BEAN.ZU	1092.5	OK
2026-09-13	BUCN.ZU	330.0	OK
2026-09-13	CFR.ZU	222.2	OK
2026-09-13	CLN.ZU	12.0	OK
2026-09-13	DAE.ZU	169.0	OK
2026-09-13	DKSH.ZU	72.33	OK
2026-09-13	EMSN.ZU	736.67	OK
2026-09-13	FHZN.ZU	237.33	OK
2026-09-13	GALD.ZU	230.0	OK
2026-09-13	GALE.ZU	85.0	OK
2026-09-13	GEBN.ZU	598.0	OK
2026-09-13	GIVN.ZU	3176.57	OK
2026-09-13	HOLN.ZU	80.35	OK
2026-09-13	KNIN.ZU	217.75	OK
2026-09-13	LAND.ZU	52.0	OK
2026-09-13	LISN.ZU	104290.0	OK
2026-09-13	LOGN.ZU	87.39	OK
2026-09-13	LONN.ZU	673.33	OK
2026-09-13	NESN.ZU	84.0	OK
2026-09-13	NOVN.ZU	123.14	OK
2026-09-13	OERL.ZU	4.75	OK
2026-09-13	PGHN.ZU	746.0	OK
2026-09-13	PPGN.ZU	44.31	OK
2026-09-13	PSPN.ZU	149.0	OK
2026-09-13	ROP.ZU	388.63	OK
2026-09-13	SCHP.ZU	303.0	OK
2026-09-13	SCMN.ZU	597.5	OK
2026-09-13	SDZ.ZU	80.33	OK
2026-09-13	SGSN.ZU	101.0	OK
2026-09-13	SIKA.ZU	213.75	OK
2026-09-13	SLHN.ZU	936.0	OK
2026-09-13	SMG.ZU	37.5	OK
2026-09-13	SOON.ZU	244.5	OK
2026-09-13	SPSN.ZU	125.0	OK
2026-09-13	SQN.ZU	39.0	OK
2026-09-13	SRAIL.ZU	30.0	OK
2026-09-13	SREN.ZU	121.6	OK
2026-09-13	STMN.ZU	102.2	OK
2026-09-13	TECN.ZU	240.0	OK
2026-09-13	TEMN.ZU	87.5	OK
2026-09-13	UBSG.ZU	46.62	OK
2026-09-13	UHR.ZU	153.75	OK
2026-09-13	VACN.ZU	702.83	OK
2026-09-13	ZURN.ZU	711.0	OK
