AAON	8.3	2.0	2.0	1.0	2
ABSI	5.8	1.0	1.5	1.0	1
AAPL	6.7	2.0	1.0	1.0	2
ACET	6.7	1.0	2.0	1.0	1
ABEO	6.7	1.0	2.0	1.0	1
ACIC	5.0	0.0	2.0	1.0	2
ACAD	7.5	1.5	2.0	1.0	2
ACT	5.0	1.0	1.0	1.0	2
ADSK	7.5	2.0	1.5	1.0	2
ADMA	6.7	1.5	1.5	1.0	2
AEVA	4.2	1.0	0.5	1.0	1
ADV	6.7	1.0	2.0	1.0	1
AFYA	6.7	1.5	1.5	1.0	2
AEIS	8.3	2.0	2.0	1.0	2
AGNT	6.7	1.0	2.0	1.0	1
AGMB	3.3	1.0	0.0	1.0	1
ADBE	5.8	1.0	1.5	1.0	2
AIP	6.7	1.0	2.0	1.0	1
ALCO	3.3	1.0	0.0	1.0	1
ALLO	3.3	1.0	0.0	1.0	1
ALGM	6.7	1.0	2.0	1.0	1
ALHC	8.3	2.0	2.0	1.0	2
ALMS	5.8	1.0	1.5	1.0	1
ALTO	3.3	1.0	0.0	1.0	1
AMAL	7.5	2.0	1.5	1.0	2
AMD	8.3	2.0	2.0	1.0	2
AMSC	8.3	2.0	2.0	1.0	2
AMLX	6.7	1.0	2.0	1.0	1
AMZN	8.3	2.0	2.0	1.0	2
ALRM	3.3	0.0	1.0	1.0	2
ANGI	6.7	1.0	2.0	1.0	1
AMBR	6.7	2.0	1.0	1.0	1
ANIP	6.7	2.0	1.0	1.0	2
API	6.7	2.0	1.0	1.0	1
APP	8.3	2.0	2.0	1.0	2
APC	7.5	2.0	1.5	1.0	2
APPS	6.7	1.0	2.0	1.0	1
ARKO	3.3	0.0	1.0	1.0	1
ARDX	6.7	1.0	2.0	1.0	1
ARCB	6.7	1.0	2.0	1.0	1
ARXS	6.7	1.0	2.0	1.0	1
ASND	3.3	1.0	0.0	1.0	1
ARTNA	5.0	1.0	1.0	1.0	1
ASPS	6.7	1.0	2.0	1.0	1
ATEX	3.3	0.0	1.0	1.0	1
ATYR	3.3	1.0	0.0	1.0	1
ATNI	6.7	1.0	2.0	1.0	1
ASTH	7.5	2.0	1.5	1.0	2
ATRC	6.7	1.0	2.0	1.0	1
AUPH	7.5	2.0	1.5	1.0	2
AVGO	8.3	2.0	2.0	1.0	2
AVNW	5.8	1.0	1.5	1.0	1
AUTL	6.7	1.0	2.0	1.0	1
ATAI	3.3	1.0	0.0	1.0	1
AZN	5.8	1.0	1.5	1.0	2
AXON	5.0	0.0	2.0	1.0	2
AVT.US	6.7	2.0	1.0	1.0	2
AD.NV	4.2	0.5	1.0	1.0	2
BAMNB.NV	6.7	2.0	1.0	1.0	2
AKZA.NV	6.7	1.5	1.5	1.0	2
CSG.NV	8.3	2.0	2.0	1.0	2
ASRNL.NV	6.7	2.0	1.0	1.0	2
DSFIR.NV	4.2	0.0	1.5	1.0	2
ARCAD.NV	5.8	0.5	2.0	1.0	2
BNJ.NV	4.2	0.0	1.5	1.0	2
HOLCO.NV	3.3	0.0	1.0	1.0	1
HEIA.NV	6.7	2.0	1.0	1.0	2
MICC.NV	4.2	0.0	1.5	1.0	2
FUR.NV	6.7	1.0	2.0	1.0	1
INPST.NV	4.2	0.0	1.5	1.0	2
KPN.NV	4.2	0.5	1.0	1.0	2
NAI.NV	6.7	2.0	1.0	1.0	1
NN.NV	6.7	2.0	1.0	1.0	2
PRX.NV	5.8	1.0	1.5	1.0	1
PHARM.NV	1.7	0.0	0.0	1.0	2
TOM2.NV	6.7	1.0	2.0	1.0	1
NXFIL.NV	6.7	1.0	2.0	1.0	1
UNA.NV	4.2	0.5	1.0	1.0	2
REN.NV	7.5	2.0	1.5	1.0	2
SLIGR.NV	6.7	1.0	2.0	1.0	1
BBIO	6.7	1.0	2.0	1.0	1
VPK.NV	4.2	0.0	1.5	1.0	2
BCRX	8.3	2.0	2.0	1.0	2
BCIC	3.3	1.0	0.0	1.0	1
BANF	5.0	1.0	1.0	1.0	2
BETR	6.7	1.0	2.0	1.0	1
BEAM	4.2	1.0	0.5	1.0	1
BGC	7.5	2.0	1.5	1.0	2
WKL.NV	5.8	1.0	1.5	1.0	2
BJRI	4.2	0.0	1.5	1.0	2
BIDU	5.0	0.0	2.0	1.0	2
BKYI	6.7	1.0	2.0	1.0	1
BLDP	5.8	1.0	1.5	1.0	1
BLLN	4.2	1.0	0.5	1.0	1
BMEA	3.3	1.0	0.0	1.0	1
BLTE	6.7	1.0	2.0	1.0	1
BOOM	8.3	2.0	2.0	1.0	2
BRCB	6.7	1.0	2.0	1.0	1
BRZE	6.7	1.0	2.0	1.0	1
BTSG	8.3	2.0	2.0	1.0	2
BNGO	6.7	1.0	2.0	1.0	1
BZUN	6.7	1.0	2.0	1.0	1
BWMN	5.0	0.0	2.0	1.0	2
BVS	7.5	2.0	1.5	1.0	2
ACCB.BR	6.7	2.0	1.0	1.0	1
ASCE.BR	4.2	1.0	0.5	1.0	2
BANI.BR	3.3	1.0	0.0	1.0	1
BEKB.BR	6.7	1.5	1.5	1.0	2
AGFB.BR	6.7	1.0	2.0	1.0	1
COMB.BR	6.7	2.0	1.0	1.0	1
DEME.BR	5.8	2.0	0.5	1.0	2
CENER.BR	6.7	2.0	1.0	1.0	2
EKOP.BR	6.7	1.0	2.0	1.0	1
BPOST.BR	6.7	1.0	2.0	1.0	1
FAGR.BR	5.8	1.0	1.5	1.0	2
GIMB.BR	6.7	2.0	1.0	1.0	1
HYSG.BR	5.8	1.0	1.5	1.0	1
IMMO.BR	5.0	0.0	2.0	1.0	2
LOTB.BR	7.5	2.0	1.5	1.0	2
KBC.BR	6.7	1.5	1.5	1.0	2
ONTEX.BR	6.7	1.0	2.0	1.0	1
NEXTA.BR	1.7	0.0	0.0	1.0	2
SOLB.BR	6.7	2.0	1.0	1.0	2
PROX.BR	2.5	0.0	0.5	1.0	2
SHUR.BR	3.3	0.0	1.0	1.0	2
TEXF.BR	3.3	0.0	1.0	1.0	1
RECT.BR	6.7	1.0	2.0	1.0	1
TUB.BR	5.0	1.0	1.0	1.0	1
VAN.BR	3.3	0.0	1.0	1.0	2
CABA	5.8	1.0	1.5	1.0	1
VIO.BR	6.7	2.0	1.0	1.0	1
WEHB.BR	6.7	2.0	1.0	1.0	2
CAE	4.2	0.0	1.5	1.0	2
CARG	7.5	2.0	1.5	1.0	2
CAPR	4.2	1.0	0.5	1.0	1
CASS	7.5	1.5	2.0	1.0	2
CALM	6.7	1.0	2.0	1.0	1
CBRL	6.7	2.0	1.0	1.0	2
CCNE	6.7	2.0	1.0	1.0	2
CBUS	5.8	1.0	1.5	1.0	1
CCBG	5.0	1.0	1.0	1.0	2
CERT	5.8	1.0	1.5	1.0	1
CELH	5.0	0.0	2.0	1.0	2
CDLX	3.3	1.0	0.0	1.0	1
CDW	5.0	1.0	1.0	1.0	2
CG	5.0	0.0	2.0	1.0	2
CECO	6.7	1.0	2.0	1.0	1
CGON	5.0	1.0	1.0	1.0	1
CGEM	5.8	1.0	1.5	1.0	1
CHDN	5.8	1.5	1.0	1.0	2
CHRD	3.3	1.0	0.0	1.0	1
CLFD	8.3	2.0	2.0	1.0	2
CHTR	5.0	0.5	1.5	1.0	2
CIGI	7.5	2.0	1.5	1.0	2
CLBK	7.5	1.5	2.0	1.0	2
CLPT	5.0	1.0	1.0	1.0	1
CLMT	6.7	1.0	2.0	1.0	1
CMPS	5.0	1.0	1.0	1.0	1
CNDT	6.7	1.0	2.0	1.0	1
CMCSA	3.3	0.0	1.0	1.0	2
CNXC	5.0	1.0	1.0	1.0	1
COCP	5.8	1.0	1.5	1.0	1
COHU	6.7	1.0	2.0	1.0	1
CORT	8.3	2.0	2.0	1.0	2
CPB	5.0	1.0	1.0	1.0	1
CRMD	6.7	2.0	1.0	1.0	1
CRDF	5.0	1.0	1.0	1.0	1
COLL	4.2	1.0	0.5	1.0	1
CRNT	6.7	1.0	2.0	1.0	1
CRBP	4.2	1.0	0.5	1.0	1
CROX	5.0	1.0	1.0	1.0	1
CRWV	6.7	1.0	2.0	1.0	1
CTKB	6.7	1.0	2.0	1.0	1
CSIQ	5.0	1.0	1.0	1.0	1
CRTO	4.2	0.0	1.5	1.0	2
CTSH	5.0	0.5	1.5	1.0	2
CVGI	6.7	1.0	2.0	1.0	1
CSX	7.5	2.0	1.5	1.0	2
CWST	4.2	0.0	1.5	1.0	2
CBOE	6.7	2.0	1.0	1.0	2
BAVA.CO	5.0	2.0	0.0	1.0	2
ALSYDB.CO	8.3	2.0	2.0	1.0	2
COLO-B.CO	6.7	2.0	1.0	1.0	2
CARLB.CO	5.8	1.5	1.0	1.0	2
DFDS.CO	6.7	1.0	2.0	1.0	1
FLS.CO	5.0	1.0	1.0	1.0	1
GRLA.CO	6.7	2.0	1.0	1.0	1
FYNBK.CO	6.7	2.0	1.0	1.0	1
DSV.CO	5.8	0.5	2.0	1.0	2
HARBb.CO	3.3	0.0	1.0	1.0	1
JYSK.CO	5.8	1.0	1.5	1.0	2
LASP.CO	5.0	1.0	1.0	1.0	1
NNIT.CO	6.7	1.0	2.0	1.0	1
MTHH.CO	6.7	1.0	2.0	1.0	1
MAERSKB.CO	5.0	2.0	0.0	1.0	2
CYRX	5.8	1.0	1.5	1.0	1
NSIS-B.CO	7.5	2.0	1.5	1.0	2
SJF.CO	5.0	1.0	1.0	1.0	1
PRIMOF.CO	6.7	2.0	1.0	1.0	1
ROCKB.CO	3.3	0.0	1.0	1.0	2
TIV.CO	3.3	0.0	1.0	1.0	1
PAALb.CO	5.8	1.0	1.5	1.0	2
DAVE	5.0	0.0	2.0	1.0	2
TRYG.CO	4.2	0.0	1.5	1.0	2
DCTH	5.8	0.5	2.0	1.0	2
DGICA	6.7	2.0	1.0	1.0	2
ZEAL.CO	1.7	0.0	0.0	1.0	2
DLO	8.3	2.0	2.0	1.0	2
DMRC	5.8	1.0	1.5	1.0	1
DNUT	6.7	1.0	2.0	1.0	1
HUSCO.CO	6.7	1.0	2.0	1.0	1
DOO	6.7	1.0	2.0	1.0	1
DOYU	6.7	1.0	2.0	1.0	1
DSGR	7.5	2.0	1.5	1.0	2
AJMANBANK.AE	5.0	1.0	1.0	1.0	1
DEWA.AE	5.0	1.0	1.0	1.0	2
DTC.AE	5.0	0.0	2.0	1.0	2
DIB.AE	4.2	0.5	1.0	1.0	2
SALIK.AE	4.2	0.0	1.5	1.0	2
TAALEEM.AE	8.3	2.0	2.0	1.0	2
UPP.AE	5.0	0.0	2.0	1.0	2
EEFT	4.2	0.0	1.5	1.0	2
EH	6.7	1.0	2.0	1.0	1
ELMT	3.3	1.0	0.0	1.0	1
DRS	6.7	2.0	1.0	1.0	2
DXPE	7.5	2.0	1.5	1.0	2
ENSG	5.8	1.5	1.0	1.0	2
ENGN	5.8	1.0	1.5	1.0	1
DUOL	4.2	0.0	1.5	1.0	2
ENVX	3.3	1.0	0.0	1.0	1
EVCM	5.8	1.5	1.0	1.0	2
EMAARDEV.AE	8.3	2.0	2.0	1.0	2
ESTA	6.7	1.0	2.0	1.0	1
ESEA	4.2	1.5	0.0	1.0	2
ERC.AE	3.3	0.0	1.0	1.0	1
EQPT	8.3	2.0	2.0	1.0	2
EWBC	5.8	1.5	1.0	1.0	2
ECHO	3.3	1.0	0.0	1.0	1
EXEL	6.7	1.5	1.5	1.0	2
EYE	7.5	2.0	1.5	1.0	2
EXPE	7.5	2.0	1.5	1.0	2
FA	7.5	2.0	1.5	1.0	2
FCFS	7.5	2.0	1.5	1.0	2
FFIN	5.0	1.0	1.0	1.0	2
FDUS	2.5	0.0	0.5	1.0	2
FLD	6.7	1.0	2.0	1.0	1
FISI	6.7	2.0	1.0	1.0	2
FOSL	6.7	1.0	2.0	1.0	1
FLY	5.0	1.0	1.0	1.0	1
FMNB	6.7	2.0	1.0	1.0	2
FOXF	7.5	2.0	1.5	1.0	2
FRPT	6.7	1.5	1.5	1.0	2
FRVO	6.7	1.0	2.0	1.0	1
FTNT	6.7	2.0	1.0	1.0	2
FSLY	6.7	1.0	2.0	1.0	1
FWONK	5.0	0.0	2.0	1.0	2
FUTU	8.3	2.0	2.0	1.0	2
FRMI	6.7	1.0	2.0	1.0	1
0B2.DE	6.7	2.0	1.0	1.0	1
1SXP.DE	4.2	0.0	1.5	1.0	2
FATE	5.0	1.0	1.0	1.0	1
2HRA.DE	3.3	1.0	0.0	1.0	1
8TRA.DE	8.3	2.0	2.0	1.0	2
AAD.DE	6.7	1.0	2.0	1.0	1
FIBK	5.8	1.5	1.0	1.0	2
ADN1.DE	6.7	1.0	2.0	1.0	1
AEIN.DE	6.7	1.0	2.0	1.0	1
ACX.DE	4.2	1.0	0.5	1.0	1
APM.DE	6.7	1.0	2.0	1.0	1
AMV0.DE	6.7	1.0	2.0	1.0	1
ALG.DE	6.7	2.0	1.0	1.0	1
AVGO.EUR	8.3	2.0	2.0	1.0	2
BEZ.DE	6.7	1.0	2.0	1.0	1
BC8.DE	6.7	2.0	1.0	1.0	2
BIKE.DE	8.3	2.0	2.0	1.0	2
BMW.DE	5.0	0.0	2.0	1.0	2
BST.DE	4.2	0.0	1.5	1.0	2
C1V0.DE	6.7	1.0	2.0	1.0	1
BOSS.DE	5.0	0.0	2.0	1.0	2
CEK.DE	5.0	0.0	2.0	1.0	2
CLIQ.DE	5.0	0.0	2.0	1.0	2
CSH.DE	6.7	1.0	2.0	1.0	1
DAR.DE	8.3	2.0	2.0	1.0	2
CYR.DE	6.7	1.0	2.0	1.0	1
DBK.DE	5.8	1.0	1.5	1.0	2
DEX.DE	5.8	1.0	1.5	1.0	1
DMP.DE	6.7	1.5	1.5	1.0	2
DP4A.DE	6.7	2.0	1.0	1.0	1
DTD2.DE	5.8	1.0	1.5	1.0	2
DUE.DE	6.7	1.0	2.0	1.0	1
E4C.DE	6.7	2.0	1.0	1.0	2
ENR.DE	8.3	2.0	2.0	1.0	2
ETG.DE	6.7	2.0	1.0	1.0	1
EVT.DE	6.7	1.0	2.0	1.0	1
FC9.DE	1.7	0.0	0.0	1.0	2
FIE.DE	5.8	1.0	1.5	1.0	2
FYB.DE	6.7	1.0	2.0	1.0	1
GBF.DE	7.5	1.5	2.0	1.0	2
DIE.DE	3.3	0.0	1.0	1.0	1
GLJ.DE	5.8	1.0	1.5	1.0	2
FIVE	6.7	2.0	1.0	1.0	2
GXI.DE	6.7	1.0	2.0	1.0	1
AMD.EUR	8.3	2.0	2.0	1.0	2
HAW.DE	4.2	0.0	1.5	1.0	2
GOOG.EUR	8.3	2.0	2.0	1.0	2
HEI.DE	5.8	1.0	1.5	1.0	2
HMU.DE	5.0	2.0	0.0	1.0	2
ELB.DE	6.7	1.0	2.0	1.0	1
HLAG.DE	1.7	0.0	0.0	1.0	2
HFG.DE	5.0	0.0	2.0	1.0	2
HRPK.DE	6.7	1.0	2.0	1.0	1
HOT.DE	8.3	2.0	2.0	1.0	2
ILM1.DE	5.0	0.0	2.0	1.0	2
IOS.DE	4.2	0.0	1.5	1.0	2
ISHA.DE	6.7	1.0	2.0	1.0	1
FPE.DE	6.7	2.0	1.0	1.0	2
IBU.DE	6.7	1.0	2.0	1.0	1
FRE.DE	5.8	1.5	1.0	1.0	2
JY0.DE	6.7	2.0	1.0	1.0	1
JEN.DE	8.3	2.0	2.0	1.0	2
KCO.DE	6.7	1.0	2.0	1.0	1
IVU.DE	7.5	2.0	1.5	1.0	2
KWS.DE	5.0	1.0	1.0	1.0	1
KSB.DE	4.2	0.0	1.5	1.0	2
KTA.DE	6.7	1.0	2.0	1.0	1
LIN.DE	5.0	1.0	1.0	1.0	1
LSX.DE	6.7	1.0	2.0	1.0	1
MBG.DE	7.5	1.5	2.0	1.0	2
M12.DE	3.3	0.0	1.0	1.0	1
MA10.DE	5.0	0.0	2.0	1.0	2
MLL.DE	3.3	0.0	1.0	1.0	1
MRK.DE	3.3	0.0	1.0	1.0	2
MUM.DE	4.2	0.0	1.5	1.0	2
NEM.DE	8.3	2.0	2.0	1.0	2
NCH2.DE	6.7	1.0	2.0	1.0	1
NA9.DE	6.7	2.0	1.0	1.0	2
NN6.DE	6.7	1.0	2.0	1.0	1
OEWA.DE	3.3	0.0	1.0	1.0	1
PAT.DE	5.8	1.0	1.5	1.0	1
MSFT.EUR	7.5	2.0	1.5	1.0	2
PFV.DE	6.7	2.0	1.0	1.0	1
O4B.DE	8.3	2.0	2.0	1.0	2
PNE3.DE	5.8	1.0	1.5	1.0	1
PSM.DE	6.7	1.0	2.0	1.0	1
R3NK.DE	5.0	0.0	2.0	1.0	2
QBY0.DE	6.7	1.0	2.0	1.0	1
RCMN.DE	3.3	0.0	1.0	1.0	1
RRTL.DE	8.3	2.0	2.0	1.0	2
RWE.DE	7.5	2.0	1.5	1.0	2
SBS.DE	8.3	2.0	2.0	1.0	2
SGL.DE	6.7	1.0	2.0	1.0	1
SIE.DE	6.7	1.5	1.5	1.0	2
SDF.DE	5.0	1.0	1.0	1.0	1
SIX3.DE	5.0	1.0	1.0	1.0	1
SRAG.DE	4.2	1.0	0.5	1.0	1
STM.DE	7.5	2.0	1.5	1.0	2
SLL.DE	3.3	0.0	1.0	1.0	1
SZU.DE	6.7	1.0	2.0	1.0	1
TMV.DE	6.7	2.0	1.0	1.0	2
TPG0.DE	5.0	0.5	1.5	1.0	2
TKMS.DE	5.0	0.0	2.0	1.0	2
UBK.DE	5.0	0.0	2.0	1.0	2
VG80.DE	6.7	2.0	1.0	1.0	1
UZU.DE	5.8	1.0	1.5	1.0	2
VOS.DE	5.0	0.0	2.0	1.0	2
VIH1.DE	3.3	0.0	1.0	1.0	1
WAF.DE	6.7	1.0	2.0	1.0	1
WIB.DE	3.3	0.0	1.0	1.0	1
VVV3.DE	2.5	0.5	0.0	1.0	2
V6C.DE	6.7	1.0	2.0	1.0	1
WUW.DE	7.5	1.5	2.0	1.0	2
YOC.DE	6.7	1.0	2.0	1.0	1
ZIL2.DE	6.7	1.0	2.0	1.0	1
GASS	3.3	0.0	1.0	1.0	1
SYT.DE	6.7	1.0	2.0	1.0	1
GCT	7.5	2.0	1.5	1.0	2
GENK	6.7	1.0	2.0	1.0	1
GDS	3.3	1.0	0.0	1.0	1
GEVO	6.7	1.0	2.0	1.0	1
GIII	6.7	2.0	1.0	1.0	2
GLUE	3.3	1.0	0.0	1.0	1
UN0.DE	8.3	2.0	2.0	1.0	2
GLIBA	5.0	0.0	2.0	1.0	2
GOGO	6.7	1.0	2.0	1.0	1
GLOO	6.7	1.0	2.0	1.0	1
GOOGL	8.3	2.0	2.0	1.0	2
GPGI	6.7	1.0	2.0	1.0	1
GRMN	6.7	2.0	1.0	1.0	2
GRSD	6.7	1.0	2.0	1.0	1
GSIT	5.0	1.0	1.0	1.0	1
GSAT	3.3	1.0	0.0	1.0	1
GTLB	5.8	1.0	1.5	1.0	1
HCAT	6.7	1.0	2.0	1.0	1
GEMI	6.7	1.0	2.0	1.0	1
HBAN	7.5	2.0	1.5	1.0	2
HCSG	5.0	1.0	1.0	1.0	1
HIMX	8.3	2.0	2.0	1.0	2
HEPS	6.7	1.0	2.0	1.0	1
HLMN	7.5	2.0	1.5	1.0	2
HNRG	6.7	1.0	2.0	1.0	1
HQ	3.3	1.0	0.0	1.0	1
GNLX	5.0	1.0	1.0	1.0	1
HOWL	6.7	1.0	2.0	1.0	1
HOOD	8.3	2.0	2.0	1.0	2
GRAB	6.7	2.0	1.0	1.0	2
HTHT	5.8	1.0	1.5	1.0	2
HSAI	8.3	2.0	2.0	1.0	2
HUBG	7.5	2.0	1.5	1.0	2
HUT	3.3	1.0	0.0	1.0	1
HWKN	5.0	0.5	1.5	1.0	2
HALO	8.3	2.0	2.0	1.0	2
AKTIA.HE	6.7	2.0	1.0	1.0	2
ASPO.HE	5.0	2.0	0.0	1.0	2
CANATU.HE	6.7	1.0	2.0	1.0	1
DETEC.HE	8.3	2.0	2.0	1.0	2
ELISA.HE	4.2	0.5	1.0	1.0	2
ETTE.HE	5.8	1.0	1.5	1.0	2
FORTUM.HE	5.0	1.0	1.0	1.0	2
HUH1V.HE	6.7	2.0	1.0	1.0	2
GOFORE.HE	6.7	1.0	2.0	1.0	1
HEALTH.HE	5.0	1.0	1.0	1.0	1
HROW	6.7	1.0	2.0	1.0	1
KEMPOWR.HE	6.7	1.0	2.0	1.0	1
LEMON.HE	7.5	2.0	1.5	1.0	2
KNEBV.HE	4.2	0.0	1.5	1.0	2
HST	3.3	1.0	0.0	1.0	2
METSO.HE	7.5	2.0	1.5	1.0	2
OLVAS.HE	7.5	2.0	1.5	1.0	2
ORNBV.HE	7.5	2.0	1.5	1.0	2
PIHLIS.HE	4.2	0.0	1.5	1.0	2
RAIVV.HE	3.3	0.0	1.0	1.0	2
SFOODS.HE	5.0	1.0	1.0	1.0	1
SANOMA.HE	5.0	0.5	1.5	1.0	2
RELAIS.HE	6.7	1.0	2.0	1.0	1
SUY1V.HE	6.7	1.0	2.0	1.0	1
UNITED.HE	4.2	0.0	1.5	1.0	2
VALMT.HE	6.7	2.0	1.0	1.0	2
WRT1V.HE	5.8	1.0	1.5	1.0	2
KALMAR.HE	6.7	1.5	1.5	1.0	2
TOKMAN.HE	6.7	1.0	2.0	1.0	1
00002.HK	5.0	1.0	1.0	1.0	2
00017.HK	6.7	1.0	2.0	1.0	1
MANTA.HE	8.3	2.0	2.0	1.0	2
00066.HK	5.0	2.0	0.0	1.0	2
SSH1V.HE	6.7	1.0	2.0	1.0	1
01211.HK	8.3	2.0	2.0	1.0	2
01114.HK	5.0	0.0	2.0	1.0	2
02018.HK	6.7	1.0	2.0	1.0	2
02269.HK	5.8	1.0	1.5	1.0	2
02382.HK	5.8	1.0	1.5	1.0	2
00241.HK	5.8	1.0	1.5	1.0	2
00285.HK	5.0	0.0	2.0	1.0	2
00388.HK	6.7	2.0	1.0	1.0	2
0386.HK	5.0	0.5	1.5	1.0	2
02688.HK	5.0	1.0	1.0	1.0	2
03993.HK	6.7	2.0	1.0	1.0	2
00880.HK	6.7	1.0	2.0	1.0	1
0728.HK	3.3	0.0	1.0	1.0	2
01055.HK	6.7	1.0	2.0	1.0	1
06881.HK	6.7	2.0	1.0	1.0	2
0883.HK	5.8	2.0	0.5	1.0	2
0916.HK	5.0	0.0	2.0	1.0	2
0968.HK	5.0	0.0	2.0	1.0	2
1044.HK	4.2	0.5	1.0	1.0	2
1088.HK	5.0	1.5	0.5	1.0	2
1179.HK	5.8	1.0	1.5	1.0	2
101.HK	3.3	0.0	1.0	1.0	2
1138.HK	6.7	2.0	1.0	1.0	2
12.HK	6.7	2.0	1.0	1.0	2
1299.HK	7.5	2.0	1.5	1.0	2
1318.HK	8.3	2.0	2.0	1.0	2
1359.HK	4.2	0.0	1.5	1.0	2
1519.HK	8.3	2.0	2.0	1.0	2
0656.HK	6.7	2.0	1.0	1.0	1
144.HK	5.0	1.0	1.0	1.0	2
1787.HK	5.0	1.5	0.5	1.0	2
1801.HK	8.3	2.0	2.0	1.0	2
168.HK	4.2	0.5	1.0	1.0	2
1876.HK	6.7	2.0	1.0	1.0	2
1913.HK	3.3	0.0	1.0	1.0	2
1958.HK	6.7	1.0	2.0	1.0	1
1997.HK	5.0	1.0	1.0	1.0	1
2013.HK	6.7	1.0	2.0	1.0	1
2057.HK	7.5	2.0	1.5	1.0	2
2268.HK	6.7	1.0	2.0	1.0	2
2331.HK	5.8	1.0	1.5	1.0	2
2359.HK	5.8	1.0	1.5	1.0	1
2513.HK	5.0	1.0	1.0	1.0	1
1618.HK	3.3	0.0	1.0	1.0	1
2618.HK	6.7	1.5	1.5	1.0	2
2601.HK	5.8	1.5	1.0	1.0	2
2727.HK	6.7	1.5	1.5	1.0	2
2883.HK	5.8	1.0	1.5	1.0	2
177.HK	4.2	0.5	1.0	1.0	2
1818.HK	5.0	0.0	2.0	1.0	2
293.HK	7.5	2.0	1.5	1.0	2
3328.HK	5.0	1.0	1.0	1.0	2
3692.HK	6.7	2.0	1.0	1.0	2
316.HK	1.7	0.0	0.0	1.0	2
3898.HK	5.8	1.0	1.5	1.0	2
3800.HK	6.7	1.0	2.0	1.0	1
3969.HK	3.3	0.0	1.0	1.0	1
3998.HK	5.8	1.5	1.0	1.0	2
6618.HK	7.5	2.0	1.5	1.0	2
7489.HK	6.7	1.0	2.0	1.0	1
670.HK	6.7	1.0	2.0	1.0	1
9618.HK	7.5	1.5	2.0	1.0	2
836.HK	3.3	0.0	1.0	1.0	2
358.HK	5.8	2.0	0.5	1.0	2
9658.HK	6.7	1.0	2.0	1.0	1
6055.HK	5.0	0.0	2.0	1.0	2
6160.HK	8.3	2.0	2.0	1.0	2
9863.HK	8.3	2.0	2.0	1.0	2
6185.HK	6.7	1.0	2.0	1.0	1
9888.HK	5.0	0.0	2.0	1.0	2
IART	5.0	1.0	1.0	1.0	1
6936.HK	5.0	0.0	2.0	1.0	2
IBKR	7.5	2.0	1.5	1.0	2
ICUI	4.2	0.0	1.5	1.0	2
ICFI	5.8	1.5	1.0	1.0	2
9988.HK	5.0	0.0	2.0	1.0	2
IDYA	5.8	1.0	1.5	1.0	1
991.HK	5.8	1.5	1.0	1.0	1
IESC	6.7	2.0	1.0	1.0	1
IMCR	3.3	1.0	0.0	1.0	1
IMMX	3.3	1.0	0.0	1.0	1
IMSR	3.3	1.0	0.0	1.0	1
IMVT	5.0	1.0	1.0	1.0	1
788.HK	6.7	2.0	1.0	1.0	2
INBX	5.0	1.0	1.0	1.0	1
INGN	6.7	1.0	2.0	1.0	1
INTA	6.7	1.0	2.0	1.0	1
INDB	7.5	2.0	1.5	1.0	2
INOD	8.3	2.0	2.0	1.0	2
INKT	4.2	1.0	0.5	1.0	1
INTS	6.7	1.0	2.0	1.0	1
IONS	6.7	1.0	2.0	1.0	1
IPAR	4.2	0.5	1.0	1.0	2
IPX	6.7	1.0	2.0	1.0	1
IRON	4.2	1.0	0.5	1.0	1
IRDM	5.0	0.0	2.0	1.0	2
ITRN	6.7	2.0	1.0	1.0	2
ISPR	6.7	1.0	2.0	1.0	1
ITG	5.0	0.0	2.0	1.0	2
JAKK	6.7	1.0	2.0	1.0	1
JBHT	8.3	2.0	2.0	1.0	2
JBSS	3.3	0.0	1.0	1.0	1
KHC	5.0	1.0	1.0	1.0	1
KNSL	6.7	2.0	1.0	1.0	2
JKHY	3.3	0.0	1.0	1.0	2
JYNT	8.3	2.0	2.0	1.0	2
KRYS	7.5	2.0	1.5	1.0	2
KTOS	8.3	2.0	2.0	1.0	2
KROS	3.3	1.0	0.0	1.0	1
KRT	5.0	2.0	0.0	1.0	2
KYMR	3.3	1.0	0.0	1.0	1
KRRO	5.8	1.0	1.5	1.0	1
KLRA	4.2	1.0	0.5	1.0	1
KE	7.5	2.0	1.5	1.0	2
LCID	6.7	1.0	2.0	1.0	1
LEGN	6.7	1.0	2.0	1.0	1
LFUS	7.5	2.0	1.5	1.0	2
LFMD	6.7	1.0	2.0	1.0	1
LINC	8.3	2.0	2.0	1.0	2
LIF	5.0	0.0	2.0	1.0	2
LITE	6.7	1.0	2.0	1.0	1
LKFT	3.3	1.0	0.0	1.0	1
LOB	8.3	2.0	2.0	1.0	2
LMB	5.0	0.0	2.0	1.0	2
LNT	4.2	0.5	1.0	1.0	2
LSCC	8.3	2.0	2.0	1.0	2
LOPE	6.7	1.5	1.5	1.0	2
LQDA	4.2	1.0	0.5	1.0	1
LULU	2.5	0.0	0.5	1.0	2
LWAY	5.0	0.0	2.0	1.0	2
LYFT	8.3	2.0	2.0	1.0	2
GALP.LS	5.0	2.0	0.0	1.0	2
ALTR.LS	8.3	2.0	2.0	1.0	2
NVG.LS	5.0	0.0	2.0	1.0	2
MRL.LS	5.8	1.5	1.0	1.0	1
CTT.LS	3.3	0.0	1.0	1.0	2
RENE.LS	5.0	1.5	0.5	1.0	2
SON.LS	7.5	2.0	1.5	1.0	2
ALFA.L	3.3	0.0	1.0	1.0	2
AEP.L	3.3	1.0	0.0	1.0	2
ABDN.L	3.3	0.5	0.5	1.0	2
AO.L	5.8	1.0	1.5	1.0	1
ASAI.L	7.5	2.0	1.5	1.0	2
ATYM.L	8.3	2.0	2.0	1.0	2
AVAP.L	5.8	1.0	1.5	1.0	1
BAG.L	4.2	0.5	1.0	1.0	2
BGEO.L	7.5	2.0	1.5	1.0	2
BLND.L	5.0	1.0	1.0	1.0	2
BOWL.L	4.2	0.5	1.0	1.0	2
BPT.L	3.3	0.0	1.0	1.0	2
BWY.L	2.5	0.5	0.0	1.0	2
CAR.L	8.3	2.0	2.0	1.0	2
CABP.L	7.5	2.0	1.5	1.0	2
3IN.L	2.5	0.0	0.5	1.0	2
CBKD.L	6.7	2.0	1.0	1.0	1
CGS.L	6.7	2.0	1.0	1.0	2
CNE.L	5.8	1.0	1.5	1.0	1
CLIG.L	5.8	2.0	0.5	1.0	2
CPI.L	6.7	1.0	2.0	1.0	1
CRST.L	6.7	1.0	2.0	1.0	1
AZN.L	5.8	1.0	1.5	1.0	2
DGE.L	5.0	1.0	1.0	1.0	1
DCC.L	6.7	2.0	1.0	1.0	2
BBOX.L	5.0	1.0	1.0	1.0	1
DNLM.L	5.0	1.0	1.0	1.0	2
EDV.L	5.8	0.5	2.0	1.0	2
DPLM.L	5.0	1.0	1.0	1.0	2
BMY.L	5.0	2.0	0.0	1.0	2
ENT.L	5.8	1.0	1.5	1.0	1
FAN.L	6.7	2.0	1.0	1.0	2
FDM.L	5.0	0.0	2.0	1.0	2
EMG.L	6.7	2.0	1.0	1.0	2
FORT.L	8.3	2.0	2.0	1.0	2
FUTR.L	3.3	0.0	1.0	1.0	2
FRES.L	5.8	2.0	0.5	1.0	2
FSG.L	5.8	1.0	1.5	1.0	1
GMS.L	6.7	1.0	2.0	1.0	1
GKP.L	6.7	1.0	2.0	1.0	1
GENL.L	6.7	1.0	2.0	1.0	1
GPE.L	6.7	1.5	1.5	1.0	2
GROW.L	3.3	1.0	0.0	1.0	1
HAS.L	6.7	1.0	2.0	1.0	1
HHPD.L	6.7	2.0	1.0	1.0	1
HSBK.L	2.5	0.0	0.5	1.0	2
HSX.L	6.7	1.5	1.5	1.0	2
HILS.L	4.2	0.0	1.5	1.0	2
HVPE.L	5.0	0.5	1.5	1.0	2
HMSO.L	3.3	0.0	1.0	1.0	2
IDHC.L	6.7	2.0	1.0	1.0	1
IAG.L	5.0	0.0	2.0	1.0	2
III.L	5.8	1.0	1.5	1.0	1
INVP.L	5.8	1.0	1.5	1.0	2
ITRK.L	3.3	0.0	1.0	1.0	2
INCH.L	4.2	0.0	1.5	1.0	2
JMAT.L	6.7	1.0	2.0	1.0	1
KAP.L	5.8	0.5	2.0	1.0	2
JD.L	7.5	2.0	1.5	1.0	2
LAND.L	6.7	2.0	1.0	1.0	2
KLR.L	5.8	1.5	1.0	1.0	2
LSL.L	5.0	1.0	1.0	1.0	2
MGAM.L	4.2	0.0	1.5	1.0	2
LIVE.L	5.0	1.0	1.0	1.0	1
MAB.L	5.0	1.0	1.0	1.0	2
LMP.L	3.3	0.0	1.0	1.0	2
MHPC.L	3.3	0.0	1.0	1.0	1
MNDI.L	6.7	1.0	2.0	1.0	1
N91.L	4.2	0.5	1.0	1.0	2
MTO.L	4.2	0.0	1.5	1.0	2
OCDO.L	5.8	1.0	1.5	1.0	1
NG.L	5.8	1.5	1.0	1.0	2
ONT.L	6.7	1.0	2.0	1.0	1
NWG.L	7.5	2.0	1.5	1.0	2
OXB.L	6.7	1.0	2.0	1.0	1
MARS.L	7.5	2.0	1.5	1.0	2
PBEE.L	6.7	1.0	2.0	1.0	1
PAG.L	5.0	0.5	1.5	1.0	2
PFD.L	5.0	1.0	1.0	1.0	2
PDL.L	3.3	1.0	0.0	1.0	1
PNN.L	5.8	1.0	1.5	1.0	1
PRU.L	4.2	0.0	1.5	1.0	2
QLT.L	5.0	0.5	1.5	1.0	2
RCH.L	3.3	1.0	0.0	1.0	1
PTEC.L	2.5	0.0	0.5	1.0	2
REL.L	7.5	2.0	1.5	1.0	2
RHIM.L	6.7	2.0	1.0	1.0	2
ROR.L	5.8	1.5	1.0	1.0	2
RKT.L	3.3	0.0	1.0	1.0	2
RR.L	4.2	0.0	1.5	1.0	2
SAFE.L	3.3	0.0	1.0	1.0	2
RSW.L	7.5	2.0	1.5	1.0	2
SBID.L	5.8	1.5	1.0	1.0	1
SCT.L	5.8	1.5	1.0	1.0	2
SEPL.L	5.0	2.0	0.0	1.0	2
SDR.L	6.7	2.0	1.0	1.0	2
SGRO.L	5.0	1.0	1.0	1.0	1
SHI.L	6.7	1.0	2.0	1.0	1
SFR.L	6.7	1.0	2.0	1.0	1
SMSD.L	8.3	2.0	2.0	1.0	2
PIN.L	6.7	1.0	2.0	1.0	1
SRAD.L	5.8	1.0	1.5	1.0	1
SRP.L	5.0	1.0	1.0	1.0	2
SUS.L	7.5	2.0	1.5	1.0	2
TATE.L	5.8	1.0	1.5	1.0	1
STJ.L	7.5	1.5	2.0	1.0	2
SVT.L	8.3	2.0	2.0	1.0	2
TLW.L	6.7	1.0	2.0	1.0	1
TGA.L	8.3	2.0	2.0	1.0	2
TOWN.L	6.7	1.0	2.0	1.0	1
TRI.L	6.7	1.0	2.0	1.0	1
TRST.L	6.7	1.0	2.0	1.0	1
UTG.L	5.0	1.0	1.0	1.0	1
TTST.L	5.8	1.5	1.0	1.0	1
VANQ.L	5.0	0.0	2.0	1.0	2
VP.L	5.0	1.0	1.0	1.0	1
VLX.L	7.5	2.0	1.5	1.0	2
WEIR.L	6.7	1.5	1.5	1.0	2
SMWH.L	4.2	1.0	0.5	1.0	1
WIX.L	5.0	0.5	1.5	1.0	2
WOSG.L	7.5	2.0	1.5	1.0	2
SNWS.L	3.3	0.5	0.5	1.0	2
SSPG.L	5.8	1.0	1.5	1.0	1
XAR.L	6.7	1.0	2.0	1.0	1
YNGA.L	5.0	1.0	1.0	1.0	1
4BB.L	6.7	1.0	2.0	1.0	1
ZIG.L	3.3	0.0	1.0	1.0	2
ABDX.L	6.7	1.0	2.0	1.0	1
AET.L	6.7	1.0	2.0	1.0	1
BTG.L	3.3	0.0	1.0	1.0	2
ARBB.L	7.5	1.5	2.0	1.0	2
CAML.L	5.0	2.0	0.0	1.0	2
BOKU.L	7.5	2.0	1.5	1.0	2
CHRT.L	7.5	2.0	1.5	1.0	2
CRTA.L	6.7	1.0	2.0	1.0	1
EKF.L	5.8	1.5	1.0	1.0	2
FARN.L	5.0	1.0	1.0	1.0	1
AXL.L	3.3	1.0	0.0	1.0	1
FLO.L	6.7	1.0	2.0	1.0	1
ENW.L	3.3	1.0	0.0	1.0	1
FRP.L	6.7	2.0	1.0	1.0	2
HCM.L	4.2	0.0	1.5	1.0	2
IQE.L	6.7	1.0	2.0	1.0	1
GHH.L	7.5	1.5	2.0	1.0	2
KETL.L	5.8	1.0	1.5	1.0	1
KIST.L	3.3	1.0	0.0	1.0	1
HSP.L	6.7	2.0	1.0	1.0	2
LBG.L	5.0	0.0	2.0	1.0	2
NCYT.L	6.7	1.0	2.0	1.0	1
MPE.L	5.8	2.0	0.5	1.0	2
NIOX.L	5.8	0.5	2.0	1.0	2
PHE.L	6.7	1.0	2.0	1.0	1
SEA.L	4.2	1.0	0.5	1.0	1
SRC.L	7.5	2.0	1.5	1.0	2
SUP.L	3.3	0.0	1.0	1.0	1
THS.L	5.0	2.0	0.0	1.0	2
TENG.L	4.2	0.0	1.5	1.0	2
TMT.L	6.7	2.0	1.0	1.0	1
TRU.L	8.3	2.0	2.0	1.0	2
ULTP.L	3.3	0.0	1.0	1.0	2
VTU.L	3.3	0.0	1.0	1.0	2
ZIOC.L	5.8	1.0	1.5	1.0	1
WJG.L	6.7	1.0	2.0	1.0	1
MASS	5.0	1.0	1.0	1.0	1
MAZE	3.3	1.0	0.0	1.0	1
MANH	4.2	0.0	1.5	1.0	2
MBX	3.3	1.0	0.0	1.0	1
MBLY	4.2	1.0	0.5	1.0	1
MCHB	7.5	2.0	1.5	1.0	2
MCRI	6.7	2.0	1.0	1.0	2
MDLN	3.3	0.0	1.0	1.0	2
METC	6.7	1.0	2.0	1.0	1
MEOH	5.0	2.0	0.0	1.0	2
MGNI	7.5	2.0	1.5	1.0	2
MFIN	5.0	0.0	2.0	1.0	2
MEDP	6.7	2.0	1.0	1.0	2
MIRM	6.7	1.0	2.0	1.0	1
MLCO	8.3	2.0	2.0	1.0	2
MMSI	5.8	1.5	1.0	1.0	2
MGRC	4.2	0.5	1.0	1.0	2
MNTK	6.7	1.0	2.0	1.0	1
MOMO	5.0	1.0	1.0	1.0	1
MRAM	5.0	1.0	1.0	1.0	1
MPB	7.5	2.0	1.5	1.0	2
MRVL	8.3	2.0	2.0	1.0	2
MRNA	6.7	1.0	2.0	1.0	1
MSEX	7.5	2.0	1.5	1.0	2
MSTR	6.7	1.0	2.0	1.0	1
MTLS	8.3	2.0	2.0	1.0	2
MU	7.5	2.0	1.5	1.0	2
MYGN	6.7	1.0	2.0	1.0	1
AENA.MC	5.8	1.5	1.0	1.0	2
MZTI	6.7	2.0	1.0	1.0	2
COL.MC	3.3	0.0	1.0	1.0	2
ENC.MC	6.7	1.0	2.0	1.0	1
MNKD	6.7	1.0	2.0	1.0	1
FCC.MC	6.7	2.0	1.0	1.0	2
MLTX	5.0	1.0	1.0	1.0	1
GEST.MC	7.5	2.0	1.5	1.0	2
IBE.MC	6.7	2.0	1.0	1.0	2
ITX.MC	5.0	1.0	1.0	1.0	2
MAP.MC	5.0	1.0	1.0	1.0	2
MTS.MC	5.0	0.0	2.0	1.0	2
MVST	6.7	1.0	2.0	1.0	1
REP.MC	5.0	2.0	0.0	1.0	2
SAN.MC	6.7	1.0	2.0	1.0	2
TRE.MC	8.3	2.0	2.0	1.0	2
PHM.MC	6.7	1.0	2.0	1.0	1
ANA.MC	1.7	0.0	0.0	1.0	2
VIS.MC	5.0	0.5	1.5	1.0	2
BMED.MI	5.8	1.5	1.0	1.0	2
BRE.MI	7.5	2.0	1.5	1.0	2
CAF.MC	7.5	2.0	1.5	1.0	2
CRL.MI	7.5	2.0	1.5	1.0	2
BBVA.MC	6.7	1.5	1.5	1.0	2
EGLA.MI	6.7	1.0	2.0	1.0	1
BAMI.MI	3.3	0.0	1.0	1.0	2
G.MI	5.8	1.5	1.0	1.0	2
LTMC.MI	8.3	2.0	2.0	1.0	2
ISP.MI	5.0	1.0	1.0	1.0	2
ENI.MI	5.8	2.0	0.5	1.0	2
IG.MI	6.7	2.0	1.0	1.0	2
PRY.MI	7.5	1.5	2.0	1.0	2
REC.MI	7.5	2.0	1.5	1.0	2
SES.MI	5.8	1.0	1.5	1.0	2
SRG.MI	6.7	2.0	1.0	1.0	2
TPRO.MI	8.3	2.0	2.0	1.0	2
TEN.MI	4.2	0.0	1.5	1.0	2
UNI.MI	6.7	2.0	1.0	1.0	2
NAVI	8.3	2.0	2.0	1.0	2
NDAQ	6.7	1.5	1.5	1.0	2
NBIS	3.3	1.0	0.0	1.0	1
NHP	3.3	1.0	0.0	1.0	1
NEXN	4.2	0.0	1.5	1.0	2
NKTX	4.2	1.0	0.5	1.0	1
NMRK	5.0	0.5	1.5	1.0	2
NEO.US	6.7	1.0	2.0	1.0	1
NRIX	3.3	1.0	0.0	1.0	1
NSSC	7.5	2.0	1.5	1.0	2
NTNX	7.5	2.0	1.5	1.0	2
NTES	4.2	0.0	1.5	1.0	2
NTSK	6.7	1.0	2.0	1.0	1
NVCR	6.7	1.0	2.0	1.0	1
NVMI	6.7	1.0	2.0	1.0	2
NWE	5.8	1.5	1.0	1.0	2
NXST	5.0	2.0	0.0	1.0	2
AAMI	7.5	2.0	1.5	1.0	2
AAT	4.2	0.5	1.0	1.0	1
ABCB	3.3	0.0	1.0	1.0	2
A.US	5.0	1.0	1.0	1.0	2
ABM	5.8	1.5	1.0	1.0	2
ACEL	8.3	2.0	2.0	1.0	2
ACI	3.3	0.0	1.0	1.0	2
NNOX	6.7	1.0	2.0	1.0	1
NRC	5.0	1.0	1.0	1.0	1
ADNT	5.0	0.0	2.0	1.0	2
AEG	5.0	1.0	1.0	1.0	1
ADC	5.0	1.5	0.5	1.0	2
MONC.MI	5.0	1.0	1.0	1.0	2
AER	2.5	0.0	0.5	1.0	2
AESI	6.7	1.0	2.0	1.0	1
AGCO	5.0	0.0	2.0	1.0	2
AFL	6.7	2.0	1.0	1.0	2
NWSA	4.2	0.0	1.5	1.0	2
AGM	7.5	2.0	1.5	1.0	2
AI	6.7	1.0	2.0	1.0	1
AGX	8.3	2.0	2.0	1.0	2
AIZ	6.7	2.0	1.0	1.0	2
ALH	7.5	2.0	1.5	1.0	2
AKR	5.8	2.0	0.5	1.0	2
ALSN	5.0	0.5	1.5	1.0	2
ABX	4.2	0.0	1.5	1.0	2
ALV	4.2	0.0	1.5	1.0	2
AME	6.7	1.5	1.5	1.0	2
AIR.US	6.7	1.5	1.5	1.0	2
AMBP	7.5	2.0	1.5	1.0	2
ACRE	3.3	1.0	0.0	1.0	1
AMN	3.3	1.0	0.0	1.0	1
AMPY	6.7	2.0	1.0	1.0	1
AMRX	7.5	2.0	1.5	1.0	2
AMX	5.8	1.0	1.5	1.0	2
ANDG	6.7	1.0	2.0	1.0	1
AMTB	5.8	0.5	2.0	1.0	2
APD	5.0	1.0	1.0	1.0	1
AORT	6.7	1.0	2.0	1.0	1
AQN	4.2	0.0	1.5	1.0	2
APLE	4.2	1.0	0.5	1.0	2
ARIS	6.7	1.0	2.0	1.0	1
AROC	5.8	1.0	1.5	1.0	2
ARX	6.7	2.0	1.0	1.0	2
ASB	6.7	1.5	1.5	1.0	2
ASIX	5.0	0.0	2.0	1.0	2
ATS	6.7	1.0	2.0	1.0	1
ASX	8.3	2.0	2.0	1.0	2
AVA	6.7	2.0	1.0	1.0	2
ALL	5.0	2.0	0.0	1.0	2
AX	6.7	1.5	1.5	1.0	2
BABA	5.0	0.0	2.0	1.0	2
AZO	6.7	1.5	1.5	1.0	2
BAK	3.3	1.0	0.0	1.0	1
BAX	5.8	2.0	0.5	1.0	2
BANC	6.7	1.0	2.0	1.0	1
BBDO	5.8	1.5	1.0	1.0	1
BBAR	8.3	2.0	2.0	1.0	2
ATI	8.3	2.0	2.0	1.0	2
ATNM	3.3	1.0	0.0	1.0	1
BBY	6.7	2.0	1.0	1.0	2
BCE	4.2	0.5	1.0	1.0	2
AWI	6.7	1.5	1.5	1.0	2
BBVA.US	5.8	1.5	1.0	1.0	2
BCS	7.5	2.0	1.5	1.0	2
BETA	5.0	1.0	1.0	1.0	1
BEKE	7.5	2.0	1.5	1.0	2
AVNT.US	6.7	2.0	1.0	1.0	2
BFAM	4.2	0.0	1.5	1.0	2
BFS	3.3	0.0	1.0	1.0	1
AXS.US	5.8	1.5	1.0	1.0	2
BHC	5.8	2.0	0.5	1.0	2
BH	3.3	0.0	1.0	1.0	1
BHVN	3.3	1.0	0.0	1.0	1
BIP	6.7	1.0	2.0	1.0	1
BJ	5.8	1.5	1.0	1.0	2
BKH	6.7	2.0	1.0	1.0	2
BKTI	4.2	0.0	1.5	1.0	2
BLCO	6.7	1.0	2.0	1.0	1
BNL	5.8	2.0	0.5	1.0	2
BMA	6.7	1.0	2.0	1.0	2
BNY	7.5	2.0	1.5	1.0	2
BOH	7.5	2.0	1.5	1.0	2
BMO	4.2	0.0	1.5	1.0	2
BRBR	8.3	2.0	2.0	1.0	2
BOX	7.5	2.0	1.5	1.0	2
BLND.US	6.7	1.0	2.0	1.0	1
BRSL	6.7	1.0	2.0	1.0	1
BRX	2.5	0.0	0.5	1.0	2
BSM	3.3	0.0	1.0	1.0	2
BTGO	6.7	1.0	2.0	1.0	1
BUD	7.5	2.0	1.5	1.0	2
BX	8.3	2.0	2.0	1.0	2
BXMT	5.8	1.0	1.5	1.0	1
CACI	5.0	0.5	1.5	1.0	2
C	7.5	2.0	1.5	1.0	2
CAL	8.3	2.0	2.0	1.0	2
BV.US	5.0	0.0	2.0	1.0	2
CANG	6.7	1.0	2.0	1.0	1
CB	4.2	0.5	1.0	1.0	2
CBRE	5.0	0.5	1.5	1.0	2
CAT	7.5	2.0	1.5	1.0	2
CBZ	3.3	0.0	1.0	1.0	2
CCL	5.8	1.0	1.5	1.0	2
CCI	4.2	0.0	1.5	1.0	2
CDRE	5.0	0.5	1.5	1.0	2
CGAU	5.8	1.0	1.5	1.0	2
CDE	8.3	2.0	2.0	1.0	2
CF	5.0	2.0	0.0	1.0	2
CHPT	6.7	1.0	2.0	1.0	1
CHE	6.7	2.0	1.0	1.0	2
CI	5.0	1.0	1.0	1.0	2
CIG	3.3	0.0	1.0	1.0	1
CLVT	5.0	1.0	1.0	1.0	1
CM	5.8	1.5	1.0	1.0	2
CION	5.8	1.5	1.0	1.0	2
CMCL	6.7	1.5	1.5	1.0	2
CMP	6.7	1.0	2.0	1.0	1
BWA	7.5	2.0	1.5	1.0	2
CMTG	6.7	1.0	2.0	1.0	1
CLF.US	6.7	1.0	2.0	1.0	1
BY	6.7	2.0	1.0	1.0	2
CNO	6.7	2.0	1.0	1.0	2
CNR	6.7	1.0	2.0	1.0	1
COOK	6.7	1.0	2.0	1.0	1
CNH.US	5.0	0.0	2.0	1.0	2
CODI	6.7	1.0	2.0	1.0	1
COLD	6.7	1.0	2.0	1.0	1
COTY	3.3	1.0	0.0	1.0	1
CPK	5.8	1.0	1.5	1.0	2
CR	6.7	1.5	1.5	1.0	2
CPA	4.2	0.0	1.5	1.0	2
CRCL	6.7	1.0	2.0	1.0	1
CRL	5.8	1.0	1.5	1.0	1
CRH	6.7	1.5	1.5	1.0	2
CSW	6.7	2.0	1.0	1.0	2
CUBE	5.0	1.0	1.0	1.0	2
CTRI	5.0	0.0	2.0	1.0	2
CURV	5.0	2.0	0.0	1.0	2
CVEO	6.7	1.0	2.0	1.0	1
CVM	3.3	1.0	0.0	1.0	1
CNM	5.8	1.0	1.5	1.0	2
CW	7.5	2.0	1.5	1.0	2
CVS	6.7	2.0	1.0	1.0	2
CXM	4.2	0.0	1.5	1.0	2
CYD	7.5	2.0	1.5	1.0	2
DAR	5.8	2.0	0.5	1.0	2
DAC	4.2	1.5	0.0	1.0	2
CWK.US	5.0	0.5	1.5	1.0	2
DBD	8.3	2.0	2.0	1.0	2
DECK	5.0	0.5	1.5	1.0	2
DDS	5.8	2.0	0.5	1.0	2
CPS	6.7	1.0	2.0	1.0	1
DCH.US	4.2	0.0	1.5	1.0	2
DEO	5.0	1.0	1.0	1.0	1
DHR	6.7	2.0	1.0	1.0	2
DKL	3.3	0.0	1.0	1.0	1
DINO	5.0	2.0	0.0	1.0	2
DOC	8.3	2.0	2.0	1.0	2
DOLE	7.5	2.0	1.5	1.0	2
DNA	5.0	1.0	1.0	1.0	1
DRI	5.0	0.5	1.5	1.0	2
DOW	3.3	1.0	0.0	1.0	1
DV	7.5	2.0	1.5	1.0	2
DTE	6.7	2.0	1.0	1.0	2
DX	5.8	1.0	1.5	1.0	1
ECG	7.5	2.0	1.5	1.0	2
EE	8.3	2.0	2.0	1.0	2
ED	6.7	2.0	1.0	1.0	2
DCOM	7.5	1.5	2.0	1.0	2
EG	3.3	0.0	1.0	1.0	2
EIG	4.2	0.5	1.0	1.0	2
ELAN	7.5	2.0	1.5	1.0	2
ELPC	8.3	2.0	2.0	1.0	2
EGP.US	5.8	1.5	1.0	1.0	2
DLR	1.7	0.0	0.0	1.0	2
DG.US	6.7	2.0	1.0	1.0	2
EMA	2.5	0.0	0.5	1.0	2
ENIC	5.0	2.0	0.0	1.0	2
EMN	6.7	2.0	1.0	1.0	2
EPAC	7.5	2.0	1.5	1.0	2
EPD	6.7	2.0	1.0	1.0	2
E	5.8	2.0	0.5	1.0	2
EPRT	5.8	1.5	1.0	1.0	2
EQNR	5.0	2.0	0.0	1.0	2
EBF	3.3	0.0	1.0	1.0	2
ERO	7.5	2.0	1.5	1.0	2
ENS.US	6.7	2.0	1.0	1.0	2
ESI	7.5	2.0	1.5	1.0	2
ESS	4.2	0.0	1.5	1.0	2
ETD	4.2	0.5	1.0	1.0	2
ES	3.3	0.0	1.0	1.0	2
EVH	6.7	1.0	2.0	1.0	1
EVRG	6.7	2.0	1.0	1.0	2
EXP	4.2	0.0	1.5	1.0	2
FC	5.8	1.0	1.5	1.0	1
FCPT	4.2	1.0	0.5	1.0	2
F	5.0	1.0	1.0	1.0	1
FDX	5.0	0.5	1.5	1.0	2
FBK	7.5	2.0	1.5	1.0	2
FHI	5.8	1.5	1.0	1.0	2
FET.US	8.3	2.0	2.0	1.0	2
FNB	6.7	1.5	1.5	1.0	2
FMS	5.8	0.5	2.0	1.0	2
FLR.US	5.0	0.0	2.0	1.0	2
FOUR	4.2	0.0	1.5	1.0	2
FNV	7.5	2.0	1.5	1.0	2
FSS	7.5	2.0	1.5	1.0	2
FTRE	6.7	1.0	2.0	1.0	1
FR.US	5.0	2.0	0.0	1.0	2
EW	4.2	0.0	1.5	1.0	2
FVRR	5.0	2.0	0.0	1.0	2
FUBO	6.7	1.0	2.0	1.0	1
GATX	7.5	2.0	1.5	1.0	2
FIX	8.3	2.0	2.0	1.0	2
GD	5.8	1.5	1.0	1.0	2
FIG	6.7	1.0	2.0	1.0	1
GE	6.7	1.5	1.5	1.0	2
GBX.US	5.0	0.0	2.0	1.0	2
GETY	6.7	1.0	2.0	1.0	1
GGB	6.7	2.0	1.0	1.0	2
GIL	5.8	1.0	1.5	1.0	1
GHM	5.0	0.0	2.0	1.0	2
FSK	4.2	1.0	0.5	1.0	1
GLW	7.5	1.5	2.0	1.0	2
ETSY	5.8	1.0	1.5	1.0	1
GFI.US	7.5	2.0	1.5	1.0	2
GNE	6.7	2.0	1.0	1.0	1
GNRC	8.3	2.0	2.0	1.0	2
GOOS	5.8	1.0	1.5	1.0	1
GPI	4.2	0.0	1.5	1.0	2
GPN	4.2	0.0	1.5	1.0	2
GRDN	7.5	2.0	1.5	1.0	2
GRBK	3.3	0.5	0.5	1.0	2
GSK	3.3	0.0	1.0	1.0	2
GXO	5.0	0.5	1.5	1.0	2
GWH	6.7	1.0	2.0	1.0	1
GTN	3.3	1.0	0.0	1.0	1
HAFN	5.0	2.0	0.0	1.0	2
HCA	5.0	1.0	1.0	1.0	2
HD	5.0	1.0	1.0	1.0	2
HEI	7.5	2.0	1.5	1.0	2
HG	2.5	0.0	0.5	1.0	2
HIMS	6.7	1.0	2.0	1.0	1
GL	5.8	1.5	1.0	1.0	2
HLIO	7.5	2.0	1.5	1.0	2
HL	8.3	2.0	2.0	1.0	2
HLT	5.8	1.0	1.5	1.0	2
HMN	7.5	2.0	1.5	1.0	2
HNI	5.8	1.0	1.5	1.0	2
GROY	6.7	1.0	2.0	1.0	1
HRB	5.0	0.5	1.5	1.0	2
GOLD.US	5.8	1.5	1.0	1.0	1
HRTG	6.7	2.0	1.0	1.0	2
HTB	5.0	0.5	1.5	1.0	2
HUBS	6.7	1.0	2.0	1.0	1
HXL	8.3	2.0	2.0	1.0	2
IBN	6.7	1.5	1.5	1.0	2
HAWK	6.7	1.0	2.0	1.0	1
ICE	5.8	1.5	1.0	1.0	2
HZO	6.7	1.0	2.0	1.0	1
HUYA.US	6.7	1.0	2.0	1.0	1
IEX	5.0	1.0	1.0	1.0	2
IDR.US	6.7	2.0	1.0	1.0	1
IMO	5.0	2.0	0.0	1.0	2
IIIN	5.0	0.0	2.0	1.0	2
INSP	6.7	1.0	2.0	1.0	1
INVH	5.0	2.0	0.0	1.0	2
IOT	6.7	1.0	2.0	1.0	1
IQV	5.0	0.5	1.5	1.0	2
INGM	7.5	2.0	1.5	1.0	2
ITGR	4.2	0.0	1.5	1.0	2
IRS	5.0	0.0	2.0	1.0	2
ITW	5.0	1.0	1.0	1.0	2
JBS	6.7	1.0	2.0	1.0	1
JEF	6.7	1.0	2.0	1.0	2
JILL	7.5	2.0	1.5	1.0	2
JXN	7.5	2.0	1.5	1.0	2
JOBY	5.8	1.0	1.5	1.0	1
KBH	4.2	0.0	1.5	1.0	2
KEX	5.0	0.5	1.5	1.0	2
KFRC	7.5	1.5	2.0	1.0	2
KLAR	6.7	1.0	2.0	1.0	1
KDK	3.3	1.0	0.0	1.0	1
IVZ.US	7.5	2.0	1.5	1.0	2
KMPR	6.7	1.0	2.0	1.0	1
KNTK	8.3	2.0	2.0	1.0	2
KOS	6.7	1.0	2.0	1.0	1
KGS.US	8.3	2.0	2.0	1.0	2
KREF	6.7	1.0	2.0	1.0	1
KTB	5.0	0.0	2.0	1.0	2
LAC	3.3	1.0	0.0	1.0	1
KWR	6.7	1.0	2.0	1.0	1
LEN	3.3	0.0	1.0	1.0	2
LB	7.5	2.0	1.5	1.0	2
LAR	6.7	1.0	2.0	1.0	1
LEVI	7.5	2.0	1.5	1.0	2
LII	5.0	0.5	1.5	1.0	2
LLY	8.3	2.0	2.0	1.0	2
LNC	6.7	2.0	1.0	1.0	2
KN	8.3	2.0	2.0	1.0	2
LRN	6.7	2.0	1.0	1.0	2
KRO	6.7	1.0	2.0	1.0	1
LTH	7.5	2.0	1.5	1.0	2
LUCK	6.7	1.0	2.0	1.0	1
LUXE	6.7	1.0	2.0	1.0	1
LXFR	8.3	2.0	2.0	1.0	2
LYB	5.0	2.0	0.0	1.0	2
LCLN	5.0	0.0	2.0	1.0	2
LYV	8.3	2.0	2.0	1.0	2
LDOS	4.2	0.5	1.0	1.0	2
MAC	6.7	1.0	2.0	1.0	1
MANU	6.7	1.0	2.0	1.0	1
MBI	5.8	1.0	1.5	1.0	1
MATX	6.7	2.0	1.0	1.0	2
M.US	6.7	2.0	1.0	1.0	2
MCD	5.0	1.0	1.0	1.0	2
LOAR	5.8	1.0	1.5	1.0	2
LPG	5.0	2.0	0.0	1.0	2
MFG	6.7	2.0	1.0	1.0	1
MGM	7.5	2.0	1.5	1.0	2
MED.US	6.7	1.0	2.0	1.0	1
MCS.US	6.7	2.0	1.0	1.0	1
META.24-7	4.2	0.0	1.5	1.0	2
MHK	6.7	2.0	1.0	1.0	2
MLM	5.0	0.0	2.0	1.0	2
MICC.US	3.3	0.0	1.0	1.0	2
MNTN	6.7	1.0	2.0	1.0	1
MOV	6.7	2.0	1.0	1.0	1
MMM	6.7	2.0	1.0	1.0	2
MAIR	7.5	2.0	1.5	1.0	2
MRK	6.7	1.0	2.0	1.0	1
MSGE	5.0	1.0	1.0	1.0	1
MPLX.US	5.8	1.0	1.5	1.0	2
MTD	5.8	1.5	1.0	1.0	2
MTH	4.2	0.0	1.5	1.0	2
MDT.US	6.7	2.0	1.0	1.0	2
MTZ	8.3	2.0	2.0	1.0	2
MUSA	5.0	2.0	0.0	1.0	2
MYO	6.7	1.0	2.0	1.0	1
NAT	3.3	1.0	0.0	1.0	1
NBR	6.7	1.0	2.0	1.0	1
NEE	6.7	2.0	1.0	1.0	2
NEU	6.7	2.0	1.0	1.0	1
MSCI	6.7	1.5	1.5	1.0	2
NGVC	5.0	0.5	1.5	1.0	2
NIO	6.7	1.0	2.0	1.0	1
NHI	5.0	2.0	0.0	1.0	2
MSM	7.5	2.0	1.5	1.0	2
MTUS	8.3	2.0	2.0	1.0	2
NKE	5.8	0.5	2.0	1.0	2
NOG	7.5	2.0	1.5	1.0	2
NNN	4.2	0.5	1.0	1.0	2
NOTE	5.8	1.0	1.5	1.0	1
NP	8.3	2.0	2.0	1.0	2
NRG	6.7	1.0	2.0	1.0	1
NPO	5.8	1.0	1.5	1.0	2
NTR	4.2	0.5	1.0	1.0	2
NSP	6.7	1.0	2.0	1.0	1
NUE	6.7	2.0	1.0	1.0	2
NVR	4.2	0.0	1.5	1.0	2
NVT	8.3	2.0	2.0	1.0	2
NX	5.0	1.0	1.0	1.0	1
NXE	3.3	1.0	0.0	1.0	1
NVDA.24-7	8.3	2.0	2.0	1.0	2
OC	4.2	0.0	1.5	1.0	2
OI	6.7	1.0	2.0	1.0	1
OFG	5.8	1.5	1.0	1.0	2
OLP	6.7	2.0	1.0	1.0	1
OKE	5.8	1.5	1.0	1.0	2
OGN.US	3.3	0.0	1.0	1.0	2
OPTU	6.7	1.0	2.0	1.0	1
OPAD	6.7	1.0	2.0	1.0	1
OSG	6.7	1.0	2.0	1.0	1
NG.US	3.3	1.0	0.0	1.0	1
ORI	7.5	2.0	1.5	1.0	2
OTIS	5.8	1.0	1.5	1.0	2
ORA.US	3.3	0.5	0.5	1.0	2
OWL	4.2	0.0	1.5	1.0	2
PACK	6.7	1.0	2.0	1.0	1
PAYC	6.7	1.5	1.5	1.0	2
PARR	5.0	2.0	0.0	1.0	2
O	5.8	2.0	0.5	1.0	2
PBF	3.3	1.0	0.0	1.0	1
PAM	7.5	2.0	1.5	1.0	2
PBR	5.8	2.0	0.5	1.0	2
PCOR	6.7	1.0	2.0	1.0	1
ONIT	6.7	1.0	2.0	1.0	1
PEN	5.0	0.0	2.0	1.0	2
PHI	3.3	0.0	1.0	1.0	2
PHR	8.3	2.0	2.0	1.0	2
PGR	3.3	1.0	0.0	1.0	2
PINS	5.8	1.0	1.5	1.0	1
PK	5.0	1.0	1.0	1.0	1
PKX	7.5	2.0	1.5	1.0	2
ONT.US	3.3	0.0	1.0	1.0	2
PLGO	8.3	2.0	2.0	1.0	2
PNC	7.5	2.0	1.5	1.0	2
PPG	4.2	0.5	1.0	1.0	2
PNW	5.0	0.5	1.5	1.0	2
PRGO	5.0	1.0	1.0	1.0	1
PRM	5.8	1.0	1.5	1.0	1
PS	6.7	1.0	2.0	1.0	1
PRK	6.7	2.0	1.0	1.0	2
PSTL	7.5	2.0	1.5	1.0	2
QTWO	7.5	2.0	1.5	1.0	2
PXED	3.3	0.0	1.0	1.0	2
R	6.7	1.0	2.0	1.0	2
PUMP.US	6.7	1.0	2.0	1.0	1
PFS	5.0	1.0	1.0	1.0	2
PSN.US	6.7	1.0	2.0	1.0	1
RBRK	6.7	1.0	2.0	1.0	1
RAMP	7.5	2.0	1.5	1.0	2
REF	8.3	2.0	2.0	1.0	2
REXR	5.0	1.0	1.0	1.0	1
RGA	5.8	2.0	0.5	1.0	2
PLX	6.7	2.0	1.0	1.0	1
REPX	8.3	2.0	2.0	1.0	2
RIO	5.8	2.0	0.5	1.0	2
RLI	5.8	2.0	0.5	1.0	2
RM	4.2	0.0	1.5	1.0	2
RKT	6.7	1.0	2.0	1.0	1
RNST	6.7	2.0	1.0	1.0	2
ROL	5.8	1.0	1.5	1.0	2
RNG	7.5	2.0	1.5	1.0	2
RS	5.8	2.0	0.5	1.0	2
RPT	6.7	1.0	2.0	1.0	2
RSKD	6.7	1.0	2.0	1.0	1
RVLV	8.3	2.0	2.0	1.0	2
RYN	5.0	0.0	2.0	1.0	2
RCL	5.0	0.5	1.5	1.0	2
RDN	3.3	0.0	1.0	1.0	2
SBS	5.0	0.0	2.0	1.0	2
SCL	8.3	2.0	2.0	1.0	2
RHI	5.0	0.0	2.0	1.0	2
SAR.US	5.0	1.0	1.0	1.0	1
SDRL	6.7	1.0	2.0	1.0	1
SEG	6.7	1.0	2.0	1.0	1
SGI	7.5	1.5	2.0	1.0	2
SHO	5.0	2.0	0.0	1.0	2
SF.US	7.5	2.0	1.5	1.0	2
RXO	6.7	1.0	2.0	1.0	1
SLQT	6.7	1.0	2.0	1.0	1
SLB	5.0	0.0	2.0	1.0	2
SAH	5.0	1.0	1.0	1.0	1
SMHI	3.3	1.0	0.0	1.0	1
SMA	5.0	1.0	1.0	1.0	1
SMRT	6.7	1.0	2.0	1.0	1
SNA	5.0	1.0	1.0	1.0	2
S.US	6.7	1.0	2.0	1.0	1
SOLV	5.0	1.0	1.0	1.0	2
SCCO	5.8	2.0	0.5	1.0	2
SONY	6.7	2.0	1.0	1.0	1
SO	6.7	2.0	1.0	1.0	2
SPG	4.2	0.0	1.5	1.0	2
SNN.US	5.0	1.0	1.0	1.0	2
SPXC	7.5	2.0	1.5	1.0	2
SPIR	6.7	1.0	2.0	1.0	1
SRE	6.7	2.0	1.0	1.0	2
ST	6.7	2.0	1.0	1.0	2
SSL	5.8	2.0	0.5	1.0	2
STDN	6.7	1.0	2.0	1.0	1
SU	5.0	2.0	0.0	1.0	2
STVN	4.2	0.0	1.5	1.0	2
STNG	5.0	2.0	0.0	1.0	2
SVV	7.5	1.5	2.0	1.0	2
STLA.US	6.7	1.0	2.0	1.0	1
SWX	5.8	1.0	1.5	1.0	1
SYY	5.0	1.0	1.0	1.0	2
TAK	4.2	0.5	1.0	1.0	1
TAP	3.3	0.0	1.0	1.0	2
TBN	3.3	1.0	0.0	1.0	1
TDC	6.7	2.0	1.0	1.0	2
SXT.US	7.5	2.0	1.5	1.0	2
SUPV.US	5.0	0.0	2.0	1.0	2
TE	6.7	1.0	2.0	1.0	1
TELFY	5.0	1.0	1.0	1.0	1
TGT	5.8	2.0	0.5	1.0	2
TEVA	6.7	1.0	2.0	1.0	1
THO	5.0	0.0	2.0	1.0	2
TFII	8.3	2.0	2.0	1.0	2
TG	6.7	2.0	1.0	1.0	1
TJX	6.7	2.0	1.0	1.0	2
TKO	6.7	1.0	2.0	1.0	2
TLYS	5.0	2.0	0.0	1.0	2
TOL	3.3	0.0	1.0	1.0	2
TNET	6.7	2.0	1.0	1.0	2
TPB	5.0	0.0	2.0	1.0	2
TPR	5.8	1.0	1.5	1.0	1
TRIN	5.0	1.0	1.0	1.0	2
TROX	6.7	1.0	2.0	1.0	1
TSEOQ	5.8	1.0	1.5	1.0	1
TSN	7.5	2.0	1.5	1.0	2
TTC	6.7	2.0	1.0	1.0	2
TWO	4.2	1.0	0.5	1.0	1
TRU.US	7.5	2.0	1.5	1.0	2
TU	5.0	1.0	1.0	1.0	1
TDS	6.7	2.0	1.0	1.0	1
TXT	5.8	1.0	1.5	1.0	2
UEC	6.7	1.0	2.0	1.0	1
UCB	7.5	2.0	1.5	1.0	2
UIS	6.7	1.0	2.0	1.0	1
UGP	5.0	2.0	0.0	1.0	2
UNFI	6.7	1.0	2.0	1.0	1
UMC	5.8	2.0	0.5	1.0	2
USB	6.7	1.5	1.5	1.0	2
URG	6.7	1.0	2.0	1.0	1
UNP	5.0	1.0	1.0	1.0	2
TMO	5.0	1.0	1.0	1.0	2
VAC	6.7	1.5	1.5	1.0	2
UVV	6.7	1.0	2.0	1.0	1
VG	5.0	2.0	0.0	1.0	2
VIRT	3.3	0.5	0.5	1.0	2
VLRS	6.7	1.0	2.0	1.0	1
VNT	3.3	0.0	1.0	1.0	2
VPG	6.7	1.0	2.0	1.0	1
VMI	5.8	1.0	1.5	1.0	1
VICI	3.3	0.0	1.0	1.0	2
VSXY	7.5	2.0	1.5	1.0	2
VSH	8.3	2.0	2.0	1.0	2
VTOL	3.3	0.0	1.0	1.0	1
WAL	7.5	1.5	2.0	1.0	2
VZ	3.3	0.0	1.0	1.0	2
USPH	4.2	0.0	1.5	1.0	2
WD	4.2	0.0	1.5	1.0	2
VVV.US	6.7	1.5	1.5	1.0	2
WGO	5.0	0.0	2.0	1.0	2
WEC	6.7	2.0	1.0	1.0	2
UTZ	5.0	1.0	1.0	1.0	1
VEEV	7.5	2.0	1.5	1.0	2
WHK	6.7	1.0	2.0	1.0	1
WK	6.7	1.0	2.0	1.0	1
WLY	5.8	1.0	1.5	1.0	1
WMK	4.2	0.5	1.0	1.0	1
WRBY	6.7	1.0	2.0	1.0	1
WPM	6.7	2.0	1.0	1.0	2
WOLF	6.7	1.0	2.0	1.0	1
WSO	3.3	0.0	1.0	1.0	2
WTM	6.7	2.0	1.0	1.0	1
WY	8.3	2.0	2.0	1.0	2
XOM	5.8	2.0	0.5	1.0	2
WTTR	6.7	2.0	1.0	1.0	2
YALA	4.2	0.0	1.5	1.0	2
XYL	6.7	1.5	1.5	1.0	2
YEXT	3.3	0.0	1.0	1.0	2
YPF	5.0	2.0	0.0	1.0	2
YUMC	6.7	1.5	1.5	1.0	2
ZIM	5.0	2.0	0.0	1.0	2
OBIO	5.0	1.0	1.0	1.0	1
ZTS	4.2	0.5	1.0	1.0	2
ODD	5.0	0.0	2.0	1.0	2
WEX	6.7	2.0	1.0	1.0	2
OCGN	4.2	1.0	0.5	1.0	1
OLED	4.2	0.0	1.5	1.0	2
OFIX	4.2	1.0	0.5	1.0	1
OGI	3.3	1.0	0.0	1.0	1
OMDA	6.7	1.0	2.0	1.0	1
ZETA.US	6.7	1.0	2.0	1.0	1
ONB	7.5	2.0	1.5	1.0	2
ONEW	6.7	1.0	2.0	1.0	2
OPEN	6.7	1.0	2.0	1.0	1
OPRT	8.3	2.0	2.0	1.0	2
OM.US	6.7	1.0	2.0	1.0	1
OSBC	6.7	2.0	1.0	1.0	2
ORIC	3.3	1.0	0.0	1.0	1
XPO	7.5	2.0	1.5	1.0	2
OSW	6.7	1.5	1.5	1.0	2
OXSQ	5.0	0.5	1.5	1.0	2
ODFB.OL	6.7	2.0	1.0	1.0	1
TEL.OL	1.7	0.0	0.0	1.0	2
ABBNY	4.2	1.0	0.5	1.0	2
ASAIY	5.0	2.0	0.0	1.0	2
DIDIY	6.7	1.0	2.0	1.0	1
CAJPY	6.7	2.0	1.0	1.0	1
FRCB	3.3	0.0	1.0	1.0	1
MBRFY	3.3	0.0	1.0	1.0	1
RVPH	4.2	1.0	0.5	1.0	1
OTTR	3.3	1.0	0.0	1.0	1
PAGP	5.0	2.0	0.0	1.0	2
PAYP	6.7	2.0	1.0	1.0	1
PATK	8.3	2.0	2.0	1.0	2
PAA	7.5	2.0	1.5	1.0	2
PBLS	5.8	1.0	1.5	1.0	1
PCYO	6.7	2.0	1.0	1.0	1
PENN	6.7	1.0	2.0	1.0	1
PDLB	5.0	2.0	0.0	1.0	2
PESI	6.7	1.0	2.0	1.0	1
PHAT	6.7	1.0	2.0	1.0	1
PI	6.7	1.0	2.0	1.0	2
PGC	8.3	2.0	2.0	1.0	2
PECO	5.0	2.0	0.0	1.0	2
PKOH	7.5	2.0	1.5	1.0	2
PLCE	6.7	1.0	2.0	1.0	1
PLTR	8.3	2.0	2.0	1.0	2
PLXS	5.0	0.5	1.5	1.0	2
PLRX	5.8	1.0	1.5	1.0	1
PNTG	7.5	2.0	1.5	1.0	2
PRCH	6.7	2.0	1.0	1.0	1
POWI	8.3	2.0	2.0	1.0	2
PPC	4.2	0.0	1.5	1.0	2
PRME	5.0	1.0	1.0	1.0	1
PR	5.8	2.0	0.5	1.0	2
PRGS	6.7	1.5	1.5	1.0	2
PRVA	7.5	2.0	1.5	1.0	2
PRQR	4.2	1.0	0.5	1.0	1
PTLO	5.0	0.0	2.0	1.0	2
PSKY	5.0	0.0	2.0	1.0	2
PTCT	6.7	1.0	2.0	1.0	1
PYPL	3.3	0.0	1.0	1.0	2
PUBM	6.7	1.0	2.0	1.0	1
ADP.PA	7.5	2.0	1.5	1.0	2
PSNY	6.7	1.0	2.0	1.0	1
PFG	4.2	0.5	1.0	1.0	2
PCT.US	6.7	1.0	2.0	1.0	1
ABNX.PA	5.0	1.0	1.0	1.0	1
ALATI.PA	6.7	1.0	2.0	1.0	1
ACA.PA	3.3	0.0	1.0	1.0	2
AIR.PA	7.5	2.0	1.5	1.0	2
ALBLD.PA	5.0	0.0	2.0	1.0	2
AL2SI.PA	8.3	2.0	2.0	1.0	2
ALCOF.PA	6.7	2.0	1.0	1.0	1
ALCJ.PA	6.7	1.0	2.0	1.0	1
ALDNE.PA	6.7	1.0	2.0	1.0	1
ALDAR.PA	6.7	1.0	2.0	1.0	1
ALERS.PA	6.7	2.0	1.0	1.0	1
ALFPC.PA	5.0	0.0	2.0	1.0	2
ALFLE.PA	6.7	2.0	1.0	1.0	2
ALGAE.PA	6.7	1.0	2.0	1.0	1
ALGIL.PA	4.2	0.5	1.0	1.0	2
ALIKO.PA	3.3	1.0	0.0	1.0	1
ALHGR.PA	6.7	1.0	2.0	1.0	1
ALJXR.PA	3.3	1.0	0.0	1.0	1
ALMIB.PA	6.7	1.0	2.0	1.0	1
ALLAN.PA	4.2	0.0	1.5	1.0	2
ALLIX.PA	8.3	2.0	2.0	1.0	2
ALMLB.PA	6.7	1.0	2.0	1.0	1
ALNTG.PA	8.3	2.0	2.0	1.0	2
ALPM.PA	3.3	0.0	1.0	1.0	2
ALPAU.PA	6.7	1.0	2.0	1.0	1
ALPVL.PA	6.7	1.0	2.0	1.0	1
ALODC.PA	1.7	0.0	0.0	1.0	2
ALRIB.PA	6.7	1.0	2.0	1.0	1
ALSPT.PA	6.7	1.0	2.0	1.0	1
ALSTW.PA	1.7	0.0	0.0	1.0	2
ALUNI.PA	3.3	0.0	1.0	1.0	2
ALHEX.PA	8.3	2.0	2.0	1.0	2
ALTPC.PA	5.0	1.0	1.0	1.0	1
ANTIN.PA	3.3	0.0	1.0	1.0	2
ALXIL.PA	6.7	1.0	2.0	1.0	1
ATO.PA	6.7	1.0	2.0	1.0	1
ASY.PA	4.2	0.0	1.5	1.0	2
BOL.PA	5.0	0.0	2.0	1.0	2
BASS.PA	6.7	2.0	1.0	1.0	1
BN.PA	5.8	1.5	1.0	1.0	2
BUR.PA	5.8	1.5	1.0	1.0	1
CAF.PA	5.8	1.5	1.0	1.0	1
CCN.PA	6.7	2.0	1.0	1.0	1
CEN.PA	6.7	1.5	1.5	1.0	2
COVH.PA	6.7	2.0	1.0	1.0	1
COH.PA	3.3	0.0	1.0	1.0	1
CRBP2.PA	5.0	1.0	1.0	1.0	1
CRLO.PA	5.8	1.5	1.0	1.0	1
CS.PA	5.0	1.0	1.0	1.0	2
ALVAP.PA	6.7	2.0	1.0	1.0	1
DSY.PA	6.7	2.0	1.0	1.0	2
DG.PA	5.8	1.0	1.5	1.0	2
EDEN.PA	5.0	0.5	1.5	1.0	2
CAT31.PA	6.7	2.0	1.0	1.0	1
EL.PA	5.8	1.5	1.0	1.0	2
ELIS.PA	5.0	1.0	1.0	1.0	2
ERA.PA	6.7	1.0	2.0	1.0	1
BIG.PA	5.0	0.0	2.0	1.0	2
FGA.PA	8.3	2.0	2.0	1.0	2
ENGI.PA	5.8	1.5	1.0	1.0	2
EXPL.PA	6.7	1.0	2.0	1.0	2
CNDF.PA	6.7	2.0	1.0	1.0	1
GEA.PA	6.7	2.0	1.0	1.0	1
EXA.PA	6.7	1.0	2.0	1.0	1
FNAC.PA	6.7	1.0	2.0	1.0	1
GLE.PA	7.5	2.0	1.5	1.0	2
DBV.PA	6.7	1.0	2.0	1.0	1
INEA.PA	3.3	0.0	1.0	1.0	2
HO.PA	4.2	0.0	1.5	1.0	2
IPN.PA	5.8	2.0	0.5	1.0	2
IVA.PA	3.3	1.0	0.0	1.0	1
KER.PA	5.0	0.0	2.0	1.0	2
LI.PA	5.8	1.5	1.0	1.0	2
LPE.PA	5.8	1.5	1.0	1.0	2
LTA.PA	3.3	1.0	0.0	1.0	1
MBWS.PA	4.2	0.0	1.5	1.0	2
MEDCL.PA	6.7	1.0	2.0	1.0	1
MF.PA	6.7	2.0	1.0	1.0	2
NACON.PA	4.2	1.0	0.5	1.0	1
MMT.PA	5.0	0.0	2.0	1.0	2
NEX.PA	5.0	0.0	2.0	1.0	2
NRG.PA	6.7	2.0	1.0	1.0	2
IDIP.PA	6.7	2.0	1.0	1.0	2
ODET.PA	3.3	0.0	1.0	1.0	1
ORA.PA	3.3	1.0	0.0	1.0	1
PARP.PA	5.0	0.0	2.0	1.0	2
PLNW.PA	7.5	2.0	1.5	1.0	2
PERR.PA	5.8	1.5	1.0	1.0	2
GPE.PA	3.3	0.0	1.0	1.0	2
QDT.PA	5.0	0.0	2.0	1.0	2
RCO.PA	4.2	0.0	1.5	1.0	2
RMS.PA	5.0	0.5	1.5	1.0	2
SAMS.PA	7.5	2.0	1.5	1.0	2
RXL.PA	7.5	2.0	1.5	1.0	2
SBT.PA	5.0	0.5	1.5	1.0	2
SDG.PA	4.2	0.0	1.5	1.0	2
SRP.PA	6.7	1.0	2.0	1.0	1
SOI.PA	6.7	1.0	2.0	1.0	1
SIGHT.PA	3.3	1.0	0.0	1.0	1
STMPA.PA	6.7	1.0	2.0	1.0	1
SWP.PA	6.7	2.0	1.0	1.0	2
TKO.PA	4.2	1.0	0.5	1.0	1
TTE.PA	5.8	2.0	0.5	1.0	2
TFF.PA	6.7	1.0	2.0	1.0	1
VAC.PA	5.8	1.0	1.5	1.0	1
VETO.PA	6.7	2.0	1.0	1.0	2
VIRI.PA	6.7	1.0	2.0	1.0	1
VMX.PA	6.7	1.0	2.0	1.0	1
XFAB.PA	6.7	1.0	2.0	1.0	1
QCRH	6.7	2.0	1.0	1.0	2
VK.PA	8.3	2.0	2.0	1.0	2
QSI	5.8	1.0	1.5	1.0	1
RDNT	5.0	0.0	2.0	1.0	2
QUIK	6.7	1.0	2.0	1.0	1
RCKT	3.3	1.0	0.0	1.0	1
RDZN	6.7	1.0	2.0	1.0	1
RBC	7.5	2.0	1.5	1.0	2
QNT.US	3.3	1.0	0.0	1.0	1
RELL	8.3	2.0	2.0	1.0	2
REG	5.0	1.0	1.0	1.0	2
RGLD	8.3	2.0	2.0	1.0	2
RGTI	3.3	1.0	0.0	1.0	1
RARE.US	6.7	1.0	2.0	1.0	1
RMR	4.2	0.0	1.5	1.0	2
RIGL	5.0	0.0	2.0	1.0	2
RNW	7.5	1.5	2.0	1.0	2
ROP	6.7	2.0	1.0	1.0	2
RLMD	4.2	1.0	0.5	1.0	1
RIVN	6.7	1.0	2.0	1.0	1
ROIV	4.2	1.0	0.5	1.0	1
RPD	4.2	0.0	1.5	1.0	2
RXT	6.7	1.0	2.0	1.0	1
RZLT	6.7	1.0	2.0	1.0	1
RUSHA	6.7	1.0	2.0	1.0	2
SAFT	5.8	1.5	1.0	1.0	1
RWAY	5.8	2.0	0.5	1.0	2
SAIC	3.3	0.0	1.0	1.0	2
SBCF	6.7	2.0	1.0	1.0	2
SCHL	6.7	1.0	2.0	1.0	1
SDGR	6.7	1.0	2.0	1.0	1
SEIC	4.2	0.0	1.5	1.0	2
SFIX	6.7	1.0	2.0	1.0	1
SGHT	5.8	1.0	1.5	1.0	1
SGP	4.2	1.0	0.5	1.0	1
SHBI	6.7	2.0	1.0	1.0	2
SHIP	5.0	2.0	0.0	1.0	2
SHOO	6.7	1.0	2.0	1.0	1
SIGA	5.0	0.0	2.0	1.0	2
SIRI	5.8	1.5	1.0	1.0	2
SANA	5.0	1.0	1.0	1.0	1
SBLK	5.0	2.0	0.0	1.0	2
SIMO	8.3	2.0	2.0	1.0	2
SKYW	4.2	0.0	1.5	1.0	2
SCSC	7.5	2.0	1.5	1.0	2
SKHY	8.3	2.0	2.0	1.0	2
SLDE	5.8	2.0	0.5	1.0	2
SLP	5.0	1.0	1.0	1.0	1
SLM	3.3	0.0	1.0	1.0	2
SMCI	8.3	2.0	2.0	1.0	2
SERV	5.8	1.0	1.5	1.0	1
SMTC	6.7	1.0	2.0	1.0	1
SNGX	6.7	1.0	2.0	1.0	1
SOFI	8.3	2.0	2.0	1.0	2
SOUN	6.7	1.0	2.0	1.0	1
SPT	6.7	1.0	2.0	1.0	1
SPFI	6.7	2.0	1.0	1.0	2
SRRK	6.7	1.0	2.0	1.0	1
STAA	6.7	1.0	2.0	1.0	1
STGW	5.8	1.0	1.5	1.0	1
SRAD	6.7	1.0	2.0	1.0	1
STLD	7.5	2.0	1.5	1.0	2
STOK	5.0	1.0	1.0	1.0	1
SUPN	6.7	1.0	2.0	1.0	1
SSP.US	6.7	1.0	2.0	1.0	1
SWKS	4.2	0.0	1.5	1.0	2
SYM	6.7	1.0	2.0	1.0	1
STRL.US	8.3	2.0	2.0	1.0	2
STX.US	8.3	2.0	2.0	1.0	2
AMBEA.ST	7.5	2.0	1.5	1.0	2
ALIFb.ST	8.3	2.0	2.0	1.0	2
ADDTb.ST	6.7	1.5	1.5	1.0	2
ARJOb.ST	7.5	2.0	1.5	1.0	2
ATRLJb.ST	2.5	0.0	0.5	1.0	2
AXFO.ST	5.8	1.0	1.5	1.0	2
BONEX.ST	8.3	2.0	2.0	1.0	2
BEIJb.ST	5.8	1.0	1.5	1.0	2
BIOAb.ST	6.7	1.0	2.0	1.0	1
DOM.ST	5.0	0.0	2.0	1.0	2
CATE.ST	6.7	2.0	1.0	1.0	2
ENITY.ST	7.5	2.0	1.5	1.0	2
HEM.ST	5.0	0.0	2.0	1.0	2
GETIB.ST	7.5	2.0	1.5	1.0	2
ESSITYB.ST	3.3	0.0	1.0	1.0	2
ASSA-B.ST	6.7	1.5	1.5	1.0	2
INDT.ST	7.5	2.0	1.5	1.0	2
HPOLB.ST	5.0	0.5	1.5	1.0	2
INTEAb.ST	5.0	2.0	0.0	1.0	2
IVSO.ST	8.3	2.0	2.0	1.0	2
INVEB.ST	6.7	2.0	1.0	1.0	1
LUG.ST	5.8	1.5	1.0	1.0	2
LIAB.ST	5.0	0.0	2.0	1.0	2
ELUXB.ST	6.7	1.0	2.0	1.0	1
MCOVb.ST	8.3	2.0	2.0	1.0	2
EQT.ST	8.3	2.0	2.0	1.0	2
KINVB.ST	6.7	2.0	1.0	1.0	1
MTRS.ST	8.3	2.0	2.0	1.0	2
NIBEB.ST	8.3	2.0	2.0	1.0	2
NCCb.ST	5.0	0.5	1.5	1.0	2
RAYb.ST	5.0	0.0	2.0	1.0	2
SAABB.ST	8.3	2.0	2.0	1.0	2
SAVE.ST	7.5	2.0	1.5	1.0	2
SF.ST	4.2	1.0	0.5	1.0	1
SEB-A.ST	5.8	1.0	1.5	1.0	2
MIPS.ST	8.3	2.0	2.0	1.0	2
SKA-B.ST	6.7	2.0	1.0	1.0	2
SKISb.ST	5.0	1.0	1.0	1.0	1
NP3.ST	5.8	2.0	0.5	1.0	2
SSABB.ST	7.5	1.5	2.0	1.0	2
ORRON.ST	3.3	1.0	0.0	1.0	1
THULE.ST	5.8	1.0	1.5	1.0	2
SYSR.ST	6.7	1.5	1.5	1.0	2
TRUEb.ST	5.0	0.0	2.0	1.0	2
YUBICO.ST	8.3	2.0	2.0	1.0	2
VITb.ST	6.7	1.5	1.5	1.0	2
ABB.ASX	8.3	2.0	2.0	1.0	2
AIA.ASX	4.2	0.0	1.5	1.0	2
WALLb.ST	5.0	1.0	1.0	1.0	1
ALQ.ASX	7.5	2.0	1.5	1.0	2
AMC.ASX	5.0	1.0	1.0	1.0	1
ANZ.ASX	5.0	1.0	1.0	1.0	2
APE.ASX	5.8	1.0	1.5	1.0	2
BGA.ASX	5.8	1.0	1.5	1.0	1
SWECb.ST	7.5	2.0	1.5	1.0	2
BPT.ASX	4.2	1.0	0.5	1.0	1
CHC.ASX	3.3	0.0	1.0	1.0	2
CIP.ASX	6.7	2.0	1.0	1.0	2
ASX.ASX	3.3	0.0	1.0	1.0	2
COH.ASX	5.0	1.0	1.0	1.0	1
AZJ.ASX	5.8	2.0	0.5	1.0	2
BMN.ASX	6.7	1.0	2.0	1.0	1
BXB.ASX	5.8	1.0	1.5	1.0	1
CQE.ASX	5.0	1.0	1.0	1.0	2
DMP.ASX	5.0	1.0	1.0	1.0	1
CSL.ASX	5.0	1.0	1.0	1.0	1
CCP.ASX	6.7	2.0	1.0	1.0	2
DRO.ASX	6.7	1.0	2.0	1.0	1
DVP.ASX	1.7	0.0	0.0	1.0	2
ELD.ASX	6.7	1.5	1.5	1.0	2
EVN.ASX	7.5	2.0	1.5	1.0	2
CMM.ASX	8.3	2.0	2.0	1.0	2
FLT.ASX	7.5	2.0	1.5	1.0	2
BSL.ASX	4.2	1.0	0.5	1.0	1
GMD.ASX	8.3	2.0	2.0	1.0	2
HUB.ASX	7.5	2.0	1.5	1.0	2
GOZ.ASX	5.0	1.0	1.0	1.0	1
HLI.ASX	1.7	0.0	0.0	1.0	2
IDX.ASX	7.5	2.0	1.5	1.0	2
ILU.ASX	5.0	1.0	1.0	1.0	1
CWY.ASX	4.2	0.0	1.5	1.0	2
IRE.ASX	6.7	2.0	1.0	1.0	2
JIN.ASX	3.3	0.0	1.0	1.0	2
LLC.ASX	6.7	1.0	2.0	1.0	1
LYC.ASX	8.3	2.0	2.0	1.0	2
MND.ASX	6.7	2.0	1.0	1.0	2
MGR.ASX	6.7	2.0	1.0	1.0	2
NAB.ASX	5.0	0.5	1.5	1.0	2
NHF.ASX	3.3	0.0	1.0	1.0	2
NWH.ASX	5.0	1.0	1.0	1.0	1
NXT.ASX	5.8	1.0	1.5	1.0	1
INA.ASX	6.7	2.0	1.0	1.0	2
ORI.ASX	5.8	1.0	1.5	1.0	1
PME.ASX	8.3	2.0	2.0	1.0	2
KLS.ASX	4.2	0.5	1.0	1.0	2
PNV.ASX	5.0	0.0	2.0	1.0	2
PWH.ASX	8.3	2.0	2.0	1.0	2
RIC.ASX	5.0	1.0	1.0	1.0	1
REH.ASX	7.5	2.0	1.5	1.0	2
QBE.ASX	5.0	1.0	1.0	1.0	2
NEC.ASX	5.0	1.0	1.0	1.0	1
NST.ASX	7.5	1.5	2.0	1.0	2
S32.ASX	3.3	1.0	0.0	1.0	1
SIQ.ASX	5.8	1.5	1.0	1.0	2
SDR.ASX	6.7	1.0	2.0	1.0	1
SGR.ASX	6.7	1.0	2.0	1.0	1
SUL.ASX	5.8	1.5	1.0	1.0	2
SOL.ASX	5.8	1.0	1.5	1.0	1
TAH.ASX	7.5	2.0	1.5	1.0	2
TPG.ASX	5.0	0.0	2.0	1.0	2
TLS.ASX	4.2	0.5	1.0	1.0	2
RMS.ASX	6.7	1.0	2.0	1.0	1
VAU.ASX	7.5	2.0	1.5	1.0	2
WAF.ASX	6.7	2.0	1.0	1.0	2
VNT.ASX	4.2	0.5	1.0	1.0	2
WDS.ASX	6.7	2.0	1.0	1.0	2
TBBK	6.7	1.0	2.0	1.0	2
TBPH	6.7	1.0	2.0	1.0	1
WGX.ASX	5.0	1.0	1.0	1.0	1
TCMD	8.3	2.0	2.0	1.0	2
SGH.ASX	5.8	1.0	1.5	1.0	1
YAL.ASX	3.3	0.0	1.0	1.0	1
WTC.ASX	7.5	1.5	2.0	1.0	2
WOR.ASX	4.2	0.0	1.5	1.0	2
TCRX	6.7	1.0	2.0	1.0	1
TEAD	5.8	1.0	1.5	1.0	1
THRY	6.7	1.0	2.0	1.0	1
TLS	6.7	1.0	2.0	1.0	1
THFF	6.7	2.0	1.0	1.0	2
TEM.US	6.7	1.0	2.0	1.0	1
TMCR	6.7	1.0	2.0	1.0	1
TNDM	6.7	1.0	2.0	1.0	1
TORO	3.3	0.0	1.0	1.0	1
TRMB	5.8	1.0	1.5	1.0	1
TRON	6.7	2.0	1.0	1.0	1
TRVI	3.3	1.0	0.0	1.0	1
TRST	5.8	1.5	1.0	1.0	1
TTD	1.7	0.0	0.0	1.0	2
TSEM	8.3	2.0	2.0	1.0	2
TVTX	6.7	1.0	2.0	1.0	1
TFIN	8.3	2.0	2.0	1.0	2
TILE	6.7	2.0	1.0	1.0	2
TYRA	4.2	1.0	0.5	1.0	1
1605.T	6.7	2.0	1.0	1.0	1
1802.T	6.7	2.0	1.0	1.0	1
1812.T	5.8	1.5	1.0	1.0	1
1963.T	6.7	2.0	1.0	1.0	1
TREE.US	6.7	1.0	2.0	1.0	2
2282.T	4.2	0.5	1.0	1.0	1
2768.T	6.7	2.0	1.0	1.0	1
2501.T	6.7	2.0	1.0	1.0	1
TTMI	8.3	2.0	2.0	1.0	2
3086.T	4.2	0.5	1.0	1.0	1
3289.T	3.3	0.0	1.0	1.0	1
3402.T	6.7	2.0	1.0	1.0	1
TSLA.24-7	5.8	0.5	2.0	1.0	2
TXG	6.7	1.0	2.0	1.0	1
4021.T	6.7	2.0	1.0	1.0	1
4208.T	4.2	0.5	1.0	1.0	1
4151.T	6.7	2.0	1.0	1.0	1
4519.T	5.8	1.5	1.0	1.0	1
4911.T	6.7	2.0	1.0	1.0	1
5101.T	6.7	2.0	1.0	1.0	1
285A.T	6.7	2.0	1.0	1.0	1
5332.T	5.0	1.0	1.0	1.0	1
5631.T	6.7	2.0	1.0	1.0	1
5713.T	6.7	2.0	1.0	1.0	1
5802.T	6.7	2.0	1.0	1.0	1
6098.T	6.7	2.0	1.0	1.0	1
6146.T	6.7	2.0	1.0	1.0	1
4503.T	6.7	2.0	1.0	1.0	1
6301.T	5.0	1.0	1.0	1.0	1
4385.T	5.8	1.5	1.0	1.0	1
6326.T	6.7	2.0	1.0	1.0	1
4689.T	5.8	1.5	1.0	1.0	1
4568.T	3.3	0.0	1.0	1.0	1
6532.T	5.8	1.5	1.0	1.0	1
6479.T	6.7	2.0	1.0	1.0	1
6701.T	6.7	2.0	1.0	1.0	1
6504.T	6.7	2.0	1.0	1.0	1
6724.T	6.7	2.0	1.0	1.0	1
6841.T	3.3	0.0	1.0	1.0	1
6758.T	6.7	2.0	1.0	1.0	1
6471.T	6.7	2.0	1.0	1.0	1
6902.T	3.3	0.0	1.0	1.0	1
6954.T	6.7	2.0	1.0	1.0	1
7013.T	6.7	2.0	1.0	1.0	1
7202.T	6.7	2.0	1.0	1.0	1
7270.T	3.3	0.0	1.0	1.0	1
7731.T	3.3	0.0	1.0	1.0	1
7832.T	6.7	2.0	1.0	1.0	1
8002.T	6.7	2.0	1.0	1.0	1
7741.T	6.7	2.0	1.0	1.0	1
8035.T	6.7	2.0	1.0	1.0	1
8308.T	5.8	1.5	1.0	1.0	1
8233.T	6.7	2.0	1.0	1.0	1
8331.T	6.7	2.0	1.0	1.0	1
8591.T	6.7	2.0	1.0	1.0	1
8750.T	6.7	2.0	1.0	1.0	1
8630.T	6.7	2.0	1.0	1.0	1
8801.T	3.3	0.0	1.0	1.0	1
9007.T	3.3	0.0	1.0	1.0	1
9020.T	3.3	0.0	1.0	1.0	1
9202.T	3.3	0.0	1.0	1.0	1
9434.T	5.0	1.0	1.0	1.0	1
9503.T	6.7	2.0	1.0	1.0	1
UAL	5.0	0.0	2.0	1.0	2
9602.T	3.3	0.0	1.0	1.0	1
9107.T	3.3	0.0	1.0	1.0	1
9843.T	4.2	0.5	1.0	1.0	1
ULBI	6.7	2.0	1.0	1.0	1
UEIC	6.7	1.0	2.0	1.0	1
UFPT	7.5	2.0	1.5	1.0	2
7951.T	6.7	2.0	1.0	1.0	1
UROY	8.3	2.0	2.0	1.0	2
UVSP	5.8	1.5	1.0	1.0	2
VC	5.0	0.0	2.0	1.0	2
USLM	6.7	1.5	1.5	1.0	2
VIAV	7.5	2.0	1.5	1.0	2
VERA	6.7	1.0	2.0	1.0	1
VIR	3.3	1.0	0.0	1.0	1
VITL	6.7	1.0	2.0	1.0	1
VLY	8.3	2.0	2.0	1.0	2
VRCA	6.7	1.0	2.0	1.0	1
VNOM	5.8	2.0	0.5	1.0	2
VRNS	6.7	1.0	2.0	1.0	1
VRSN	5.8	1.0	1.5	1.0	2
VTGN	4.2	1.0	0.5	1.0	1
VXRT	3.3	1.0	0.0	1.0	1
UPLD	4.2	1.0	0.5	1.0	1
ULTA	5.8	1.0	1.5	1.0	2
UPXI	6.7	1.0	2.0	1.0	1
WAY	7.5	2.0	1.5	1.0	2
WBD	5.0	0.0	2.0	1.0	2
WDC	8.3	2.0	2.0	1.0	2
VCYT	5.0	1.0	1.0	1.0	1
WERN	5.0	0.0	2.0	1.0	2
WHWK	4.2	1.0	0.5	1.0	1
WFRD	5.0	0.0	2.0	1.0	2
WING	7.5	1.5	2.0	1.0	2
WLDN	6.7	2.0	1.0	1.0	2
WLTH	4.2	0.0	1.5	1.0	2
WSE	5.0	0.5	1.5	1.0	2
WOOF	6.7	2.0	1.0	1.0	2
WULF	6.7	1.0	2.0	1.0	1
WT	7.5	2.0	1.5	1.0	2
WWD	7.5	2.0	1.5	1.0	2
WSBC	6.7	2.0	1.0	1.0	2
XNCR	3.3	1.0	0.0	1.0	1
XENE	4.2	1.0	0.5	1.0	1
VSEC	8.3	2.0	2.0	1.0	2
ZNTL	5.0	1.0	1.0	1.0	1
ZURA	6.7	1.0	2.0	1.0	1
ZD	7.5	2.0	1.5	1.0	2
ABBN.ZU	5.8	1.0	1.5	1.0	2
ALC.ZU	5.0	0.0	2.0	1.0	2
BEAN.ZU	7.5	2.0	1.5	1.0	2
AVOL.ZU	7.5	2.0	1.5	1.0	2
CLN.ZU	8.3	2.0	2.0	1.0	2
EMSN.ZU	5.0	1.0	1.0	1.0	2
GALE.ZU	4.2	0.0	1.5	1.0	2
LISN.ZU	5.0	1.0	1.0	1.0	2
Z	6.7	1.0	2.0	1.0	1
HOLN.ZU	4.2	0.0	1.5	1.0	2
NESN.ZU	3.3	0.0	1.0	1.0	2
ROP.ZU	4.2	0.5	1.0	1.0	2
SDZ.ZU	4.2	0.0	1.5	1.0	2
PGHN.ZU	4.2	0.0	1.5	1.0	2
SLHN.ZU	5.0	1.0	1.0	1.0	2
TEMN.ZU	4.2	0.0	1.5	1.0	2
SREN.ZU	3.3	0.5	0.5	1.0	2
VACN.ZU	5.8	0.5	2.0	1.0	2
SPSN.ZU	6.7	1.5	1.5	1.0	2
AAL	5.0	0.0	2.0	1.0	2
ACMR	8.3	2.0	2.0	1.0	2
ABTC	6.7	1.0	2.0	1.0	1
ABNB	7.5	2.0	1.5	1.0	2
ACGL	3.3	0.0	1.0	1.0	2
ACIW	6.7	2.0	1.0	1.0	2
ADEA	5.8	1.0	1.5	1.0	2
ACTG	4.2	1.0	0.5	1.0	1
ADTN	6.7	1.0	2.0	1.0	1
ADP	5.0	1.0	1.0	1.0	2
AFCG	5.0	1.0	1.0	1.0	1
AGEN	3.3	1.0	0.0	1.0	1
AEP	3.3	0.0	1.0	1.0	2
AKAM	3.3	0.0	1.0	1.0	2
AGMH	3.3	0.0	1.0	1.0	1
AKTS	3.3	1.0	0.0	1.0	1
ALDX	5.8	1.0	1.5	1.0	1
AGYS	8.3	2.0	2.0	1.0	2
ALKS	5.0	0.0	2.0	1.0	2
ALGN	4.2	0.0	1.5	1.0	2
ALNT	8.3	2.0	2.0	1.0	2
ALRS	4.2	1.0	0.5	1.0	2
ALVO	6.7	1.0	2.0	1.0	1
AMAT	8.3	2.0	2.0	1.0	2
AMGN	6.7	2.0	1.0	1.0	2
ANAB	5.8	1.0	1.5	1.0	1
ALLT.US	5.8	1.0	1.5	1.0	1
AMPH	4.2	0.5	1.0	1.0	2
ANGO	6.7	1.0	2.0	1.0	1
AMSF	5.0	1.0	1.0	1.0	2
ANNX	4.2	1.0	0.5	1.0	1
APEI	8.3	2.0	2.0	1.0	2
AOSL	6.7	1.0	2.0	1.0	1
APMD	3.3	1.0	0.0	1.0	1
APLD	6.7	1.0	2.0	1.0	1
APPF	7.5	1.5	2.0	1.0	2
AQST	3.3	1.0	0.0	1.0	1
ARCC	3.3	0.0	1.0	1.0	2
ARGX	8.3	2.0	2.0	1.0	2
ARQT	6.7	1.0	2.0	1.0	1
ARM	8.3	2.0	2.0	1.0	2
ARVN	3.3	1.0	0.0	1.0	1
ASO	5.0	1.0	1.0	1.0	2
ASLE	6.7	1.0	2.0	1.0	1
ATAT	8.3	2.0	2.0	1.0	2
ASTS	6.7	1.0	2.0	1.0	1
ATLC	8.3	2.0	2.0	1.0	2
ASST	6.7	1.0	2.0	1.0	1
ATRO	7.5	2.0	1.5	1.0	2
AUR	5.0	1.0	1.0	1.0	1
AVIR	6.7	1.0	2.0	1.0	1
AVAH	7.5	2.0	1.5	1.0	2
AVO	6.7	1.0	2.0	1.0	1
AXSM	6.7	1.0	2.0	1.0	1
AUDC.US	6.7	2.0	1.0	1.0	2
AZTA	6.7	1.0	2.0	1.0	1
ADYEN.NV	7.5	1.5	2.0	1.0	2
ALFEN.NV	6.7	1.0	2.0	1.0	1
AALB.NV	5.8	1.0	1.5	1.0	2
ASM.NV	8.3	2.0	2.0	1.0	2
AVTX.NV	6.7	1.0	2.0	1.0	1
BESI.NV	8.3	2.0	2.0	1.0	2
CCEP.NV	5.0	1.0	1.0	1.0	2
CTPNV.NV	5.0	1.0	1.0	1.0	1
ECMPA.NV	6.7	2.0	1.0	1.0	2
HAL.NV	1.7	0.0	0.0	1.0	2
HEIJM.NV	8.3	2.0	2.0	1.0	2
IMCD.NV	5.0	1.0	1.0	1.0	2
FFARM.NV	5.8	1.5	1.0	1.0	2
MORE.NV	6.7	2.0	1.0	1.0	1
LIGHT.NV	4.2	0.0	1.5	1.0	2
NEDAP.NV	8.3	2.0	2.0	1.0	2
PHIA.NV	6.7	2.0	1.0	1.0	2
OCI.NV	5.0	0.0	2.0	1.0	2
NRP.NV	5.0	1.0	1.0	1.0	2
RAND.NV	7.5	2.0	1.5	1.0	2
SBMO.NV	3.3	1.0	0.0	1.0	2
THEON.NV	7.5	2.0	1.5	1.0	2
TWEKA.NV	7.5	2.0	1.5	1.0	2
BBNX	3.3	1.0	0.0	1.0	1
BCYC	5.0	1.0	1.0	1.0	1
BCPC	5.8	1.5	1.0	1.0	2
BANR	5.0	1.0	1.0	1.0	2
SHELL.NV	5.0	2.0	0.0	1.0	2
VALUE.NV	3.3	0.0	1.0	1.0	1
VVY.NV	5.0	1.0	1.0	1.0	1
BFC	8.3	2.0	2.0	1.0	2
BHF	6.7	2.0	1.0	1.0	2
BIIB	5.0	0.0	2.0	1.0	2
BL	7.5	2.0	1.5	1.0	2
BLMN	7.5	2.0	1.5	1.0	2
BLZE	5.0	1.0	1.0	1.0	1
BNTX	4.2	1.0	0.5	1.0	1
BLFS	6.7	1.0	2.0	1.0	1
BMRC	5.0	1.0	1.0	1.0	1
BRKR	5.8	1.0	1.5	1.0	1
BULL	6.7	1.0	2.0	1.0	1
BWB	7.5	2.0	1.5	1.0	2
BSP	8.3	2.0	2.0	1.0	2
BPOP	6.7	2.0	1.0	1.0	2
BTDR	6.7	1.0	2.0	1.0	1
BYND	5.8	1.0	1.5	1.0	1
ATEB.BR	6.7	1.0	2.0	1.0	1
AGS.BR	5.0	2.0	0.0	1.0	2
BANQ.BR	6.7	1.0	2.0	1.0	1
ABI.BR	7.5	2.0	1.5	1.0	2
ACKB.BR	6.7	2.0	1.0	1.0	2
CFEB.BR	8.3	2.0	2.0	1.0	2
CPINV.BR	6.7	2.0	1.0	1.0	2
DIE.BR	5.8	1.0	1.5	1.0	2
HOMI.BR	6.7	2.0	1.0	1.0	2
ELI.BR	6.7	2.0	1.0	1.0	2
INCLU.BR	6.7	2.0	1.0	1.0	2
FLUX.BR	6.7	2.0	1.0	1.0	2
IBAB.BR	6.7	1.0	2.0	1.0	1
KBCA.BR	6.7	2.0	1.0	1.0	1
MELE.BR	5.0	0.0	2.0	1.0	2
NYXH.BR	6.7	1.0	2.0	1.0	1
ONWD.BR	6.7	1.0	2.0	1.0	1
QFG.BR	8.3	2.0	2.0	1.0	2
RET.BR	5.8	1.5	1.0	1.0	2
SYENS.BR	5.0	0.0	2.0	1.0	2
TINC.BR	6.7	2.0	1.0	1.0	2
SIP.BR	3.3	1.0	0.0	1.0	2
UCB.BR	7.5	2.0	1.5	1.0	2
WDP.BR	6.7	2.0	1.0	1.0	2
CAI	6.7	1.0	2.0	1.0	1
CAR	8.3	2.0	2.0	1.0	2
CART	5.0	0.5	1.5	1.0	2
VASTB.BR	5.8	2.0	0.5	1.0	2
CAMT	5.8	0.5	2.0	1.0	2
CASY	6.7	2.0	1.0	1.0	2
CBRS	6.7	1.0	2.0	1.0	1
CCOI	4.2	1.0	0.5	1.0	1
CDNA	5.0	1.0	1.0	1.0	1
CAC	6.7	2.0	1.0	1.0	2
CEG	3.3	0.0	1.0	1.0	2
CDXS	6.7	1.0	2.0	1.0	1
CCAP	4.2	1.0	0.5	1.0	1
CEVA	6.7	1.0	2.0	1.0	1
CGBD	4.2	1.0	0.5	1.0	1
CCC.US	7.5	2.0	1.5	1.0	2
CGNT	8.3	2.0	2.0	1.0	2
CHA	7.5	2.0	1.5	1.0	2
CHEF	8.3	2.0	2.0	1.0	2
CHRS	6.7	1.0	2.0	1.0	1
CLBT	4.2	0.0	1.5	1.0	2
CLNE	6.7	1.0	2.0	1.0	1
CINF	6.7	2.0	1.0	1.0	2
CME	5.0	1.0	1.0	1.0	2
COIN	6.7	1.0	2.0	1.0	1
CENX	6.7	1.0	2.0	1.0	1
CLSK	5.8	1.0	1.5	1.0	1
CPRT	3.3	0.0	1.0	1.0	2
CMPX	3.3	1.0	0.0	1.0	1
COAG	5.8	1.0	1.5	1.0	1
CRBU	4.2	1.0	0.5	1.0	1
CRDO	8.3	2.0	2.0	1.0	2
CNOB	5.8	1.0	1.5	1.0	1
COLM	3.3	1.0	0.0	1.0	1
CORZ	6.7	1.0	2.0	1.0	1
CRSP	6.7	1.0	2.0	1.0	1
CRUS	6.7	2.0	1.0	1.0	2
CVLT	4.2	0.0	1.5	1.0	2
CRNX	5.8	1.0	1.5	1.0	1
CSCO	6.7	2.0	1.0	1.0	2
CSTL	6.7	1.0	2.0	1.0	1
CTAS	6.7	1.5	1.5	1.0	2
CTMX	3.3	1.0	0.0	1.0	1
CVBF	5.0	0.5	1.5	1.0	2
BIOPOR.CO	6.7	1.0	2.0	1.0	1
ALKB.CO	7.5	2.0	1.5	1.0	2
CBRAIN.CO	7.5	1.5	2.0	1.0	2
CRML	4.2	1.0	0.5	1.0	1
CYTK	6.7	1.0	2.0	1.0	1
AMBUB.CO	8.3	2.0	2.0	1.0	2
DANSKE.CO	5.8	1.5	1.0	1.0	2
EMBLA.CO	7.5	2.0	1.5	1.0	2
FLUGb.CO	6.7	1.0	2.0	1.0	1
GMAB.CO	5.8	0.5	2.0	1.0	2
LOLB.CO	6.7	2.0	1.0	1.0	1
GUBRA.CO	3.3	1.0	0.0	1.0	1
HH.CO	6.7	1.0	2.0	1.0	1
NORTHM.CO	6.7	2.0	1.0	1.0	1
DJUR.CO	6.7	2.0	1.0	1.0	1
ISS.CO	6.7	1.5	1.5	1.0	2
RBREW.CO	5.8	1.0	1.5	1.0	2
RTX.CO	3.3	0.0	1.0	1.0	1
KBHL.CO	6.7	2.0	1.0	1.0	1
SKJE.CO	5.0	1.0	1.0	1.0	1
TRIFOR.CO	6.7	1.0	2.0	1.0	1
DAKT	7.5	1.5	2.0	1.0	2
DBX	3.3	0.0	1.0	1.0	2
NETC.CO	8.3	2.0	2.0	1.0	2
DDOG	7.5	2.0	1.5	1.0	2
MATAS.CO	5.0	0.0	2.0	1.0	2
DGII	7.5	2.0	1.5	1.0	2
DOCU	7.5	2.0	1.5	1.0	2
DNLI	4.2	1.0	0.5	1.0	1
DPZ	5.0	1.0	1.0	1.0	2
DORM	6.7	2.0	1.0	1.0	2
DRVN	4.2	0.0	1.5	1.0	2
ALANSARI.AE	3.3	0.0	1.0	1.0	1
DSGX	7.5	2.0	1.5	1.0	2
DYN	5.0	1.0	1.0	1.0	1
ARMX.AE	3.3	1.0	0.0	1.0	1
DEYAAR.AE	6.7	1.5	1.5	1.0	2
DU.AE	5.0	1.0	1.0	1.0	2
DIC.AE	5.0	2.0	0.0	1.0	2
SHUAA.AE	3.3	0.0	1.0	1.0	1
UIE.CO	5.8	1.5	1.0	1.0	1
EFSC	4.2	0.0	1.5	1.0	2
DIOD	6.7	1.0	2.0	1.0	2
DLTR	5.8	2.0	0.5	1.0	2
ENLT	8.3	2.0	2.0	1.0	2
ENTA	4.2	1.0	0.5	1.0	1
EOSE	3.3	1.0	0.0	1.0	1
ESLT	7.5	2.0	1.5	1.0	2
ETON	6.7	1.0	2.0	1.0	1
TABREED.AE	4.2	0.0	1.5	1.0	2
EBAY	6.7	2.0	1.0	1.0	2
ECPG	5.0	1.0	1.0	1.0	1
EVGO	5.8	1.0	1.5	1.0	1
EXFY	3.3	1.0	0.0	1.0	1
EHTH	3.3	1.0	0.0	1.0	1
EXPO	6.7	1.5	1.5	1.0	2
ELVN	3.3	1.0	0.0	1.0	1
EYPT	6.7	1.0	2.0	1.0	1
FANG	5.0	2.0	0.0	1.0	2
FBNC	6.7	2.0	1.0	1.0	2
EMIRATESNBD.AE	5.0	1.0	1.0	1.0	2
FIVN	7.5	2.0	1.5	1.0	2
ERAS	6.7	1.0	2.0	1.0	1
EWTX	3.3	1.0	0.0	1.0	1
FLYW	6.7	1.0	2.0	1.0	1
FCNCA	5.8	1.5	1.0	1.0	2
FFIV	5.0	1.0	1.0	1.0	2
FELE	5.8	1.0	1.5	1.0	2
FIGR	8.3	2.0	2.0	1.0	2
FOX.US	4.2	0.5	1.0	1.0	1
FRMM	6.7	1.0	2.0	1.0	1
FISN	5.8	1.0	1.5	1.0	1
FRBT	5.0	0.0	2.0	1.0	2
FLEX	8.3	2.0	2.0	1.0	2
FSV	4.2	0.5	1.0	1.0	2
FWDI	6.7	1.0	2.0	1.0	1
FWRD	6.7	1.0	2.0	1.0	1
FNKO	4.2	1.0	0.5	1.0	1
FSBW	5.0	1.0	1.0	1.0	2
FRSH	6.7	1.0	2.0	1.0	1
AAG.DE	5.0	0.0	2.0	1.0	2
1U1.DE	5.0	0.0	2.0	1.0	2
4DS.DE	8.3	2.0	2.0	1.0	2
AIXA.DE	5.8	0.5	2.0	1.0	2
AMI.DE	6.7	1.0	2.0	1.0	1
FULC	5.8	1.0	1.5	1.0	1
BAS.DE	5.8	2.0	0.5	1.0	2
ACT.DE	6.7	1.0	2.0	1.0	2
ADS.DE	5.8	0.5	2.0	1.0	2
AFX.DE	6.7	2.0	1.0	1.0	2
BFSA.DE	5.8	1.5	1.0	1.0	2
AT1.DE	2.5	0.0	0.5	1.0	2
AMZN.EUR	8.3	2.0	2.0	1.0	2
AZ2.DE	5.0	1.0	1.0	1.0	1
C3R.DE	6.7	1.0	2.0	1.0	1
CON.DE	4.2	0.0	1.5	1.0	2
BDT.DE	6.7	1.0	2.0	1.0	1
CWC.DE	3.3	1.0	0.0	1.0	1
D6H0.DE	3.3	0.0	1.0	1.0	2
BRNK.DE	6.7	1.0	2.0	1.0	1
BVB.DE	6.7	1.0	2.0	1.0	1
DEF.DE	5.0	0.0	2.0	1.0	2
DEZ.DE	5.0	0.0	2.0	1.0	2
BYW.DE	6.7	1.0	2.0	1.0	1
DHER.DE	6.7	1.0	2.0	1.0	1
DR0.DE	5.0	2.0	0.0	1.0	2
CBK.DE	8.3	2.0	2.0	1.0	2
BNN.DE	5.0	1.0	1.0	1.0	1
DB1.DE	5.8	1.5	1.0	1.0	2
ED4.DE	6.7	1.0	2.0	1.0	1
ELG.DE	4.2	0.0	1.5	1.0	2
EOAN.DE	4.2	0.0	1.5	1.0	2
DWNI.DE	6.7	1.0	2.0	1.0	1
EIN.DE	4.2	0.5	1.0	1.0	2
DTE.DE	5.0	0.5	1.5	1.0	2
EVD.DE	6.7	2.0	1.0	1.0	2
GFG.DE	6.7	1.0	2.0	1.0	1
EXL.DE	4.2	0.0	1.5	1.0	2
FEV.DE	5.0	0.0	2.0	1.0	2
GSC1.DE	7.5	2.0	1.5	1.0	2
EBO.DE	5.8	1.5	1.0	1.0	1
HABA.DE	6.7	1.0	2.0	1.0	1
HGEA.DE	6.7	1.0	2.0	1.0	1
G1A.DE	6.7	1.5	1.5	1.0	2
HNL.DE	6.7	1.0	2.0	1.0	1
HP3A.DE	6.7	2.0	1.0	1.0	1
FME.DE	4.2	0.5	1.0	1.0	2
GME.DE	6.7	1.0	2.0	1.0	1
GYC.DE	2.5	0.0	0.5	1.0	2
INH.DE	5.0	2.0	0.0	1.0	2
HBH.DE	5.8	1.5	1.0	1.0	2
HEN.DE	3.3	0.0	1.0	1.0	2
KA8.DE	6.7	2.0	1.0	1.0	1
KSB3.DE	4.2	0.0	1.5	1.0	2
IXX.DE	5.0	0.0	2.0	1.0	2
LEG.DE	3.3	0.5	0.5	1.0	2
HLE.DE	7.5	2.0	1.5	1.0	2
LPK.DE	6.7	1.0	2.0	1.0	1
LUS1.DE	6.7	2.0	1.0	1.0	1
HTG.DE	6.7	1.0	2.0	1.0	1
KTN.DE	5.0	0.0	2.0	1.0	2
KGX.DE	7.5	1.5	2.0	1.0	2
LHA.DE	5.0	0.0	2.0	1.0	2
MTX.DE	3.3	0.0	1.0	1.0	2
JST.DE	7.5	2.0	1.5	1.0	2
MED.DE	4.2	0.5	1.0	1.0	2
MLP.DE	7.5	2.0	1.5	1.0	2
MRX.DE	6.7	1.0	2.0	1.0	1
MZX.DE	7.5	1.5	2.0	1.0	2
NDA.DE	7.5	2.0	1.5	1.0	2
MBK.DE	3.3	0.0	1.0	1.0	2
PCZ.DE	5.0	0.0	2.0	1.0	2
PSAN.DE	6.7	1.0	2.0	1.0	1
MWB0.DE	6.7	2.0	1.0	1.0	1
PZS.DE	5.0	2.0	0.0	1.0	2
NF4.DE	5.8	1.0	1.5	1.0	1
MUV2.DE	4.2	1.0	0.5	1.0	2
OHB.DE	6.7	1.0	2.0	1.0	1
P911.DE	6.7	2.0	1.0	1.0	2
NVDA.EUR	8.3	2.0	2.0	1.0	2
RHK.DE	8.3	2.0	2.0	1.0	2
RY4C.DE	3.3	0.0	1.0	1.0	1
PUM.DE	6.7	1.0	2.0	1.0	1
SHA0.DE	6.7	1.0	2.0	1.0	1
QIA.DE	5.0	1.0	1.0	1.0	2
RAA.DE	5.8	1.5	1.0	1.0	2
SLYG.DE	6.7	2.0	1.0	1.0	1
RSL2.DE	6.7	1.0	2.0	1.0	1
SNG.DE	6.7	1.0	2.0	1.0	1
SAX.DE	5.0	0.5	1.5	1.0	2
SRT.DE	8.3	2.0	2.0	1.0	2
STO3.DE	7.5	1.5	2.0	1.0	2
SYZ.DE	4.2	0.5	1.0	1.0	1
TIMA.DE	8.3	2.0	2.0	1.0	2
SJJ.DE	8.3	2.0	2.0	1.0	2
TTR1.DE	5.8	0.5	2.0	1.0	2
S92.DE	6.7	1.0	2.0	1.0	1
TEG.DE	2.5	0.0	0.5	1.0	2
T3T1.DE	3.3	0.0	1.0	1.0	1
SWA.DE	4.2	0.0	1.5	1.0	2
TNIE.DE	6.7	1.0	2.0	1.0	1
VOW.DE	5.0	0.0	2.0	1.0	2
VBK.DE	6.7	1.0	2.0	1.0	1
TSLA.EUR	5.8	0.5	2.0	1.0	2
UN9.DE	6.7	2.0	1.0	1.0	1
YSN.DE	8.3	2.0	2.0	1.0	2
XD4.DE	6.7	2.0	1.0	1.0	1
GBDC	2.5	0.0	0.5	1.0	2
GEN	7.5	2.0	1.5	1.0	2
GH	6.7	1.0	2.0	1.0	1
GILD	6.7	1.0	2.0	1.0	1
VH2.DE	6.7	2.0	1.0	1.0	2
VNA.DE	6.7	2.0	1.0	1.0	2
GLIBK	3.3	0.0	1.0	1.0	1
GLPI	6.7	2.0	1.0	1.0	2
WEW.DE	6.7	1.0	2.0	1.0	1
GNTX	5.8	1.5	1.0	1.0	2
GOOD	6.7	2.0	1.0	1.0	1
GFS	5.0	0.0	2.0	1.0	2
GRAL	4.2	1.0	0.5	1.0	1
GRPN	6.7	1.0	2.0	1.0	1
GLBE	8.3	2.0	2.0	1.0	2
GSBC	2.5	0.0	0.5	1.0	2
GLXY	6.7	1.0	2.0	1.0	1
GTM	5.0	1.0	1.0	1.0	1
GABC	6.7	2.0	1.0	1.0	2
GOSS	5.8	1.0	1.5	1.0	1
GPRE	3.3	1.0	0.0	1.0	1
HAFC	6.7	2.0	1.0	1.0	2
GDYN	4.2	0.0	1.5	1.0	2
HBNC	6.7	2.0	1.0	1.0	2
HDSN	5.0	0.0	2.0	1.0	2
HFWA	7.5	2.0	1.5	1.0	2
HNST	5.8	2.0	0.5	1.0	2
HON	7.5	2.0	1.5	1.0	2
GRVY	6.7	2.0	1.0	1.0	1
HRTX	5.8	1.0	1.5	1.0	1
GSM	6.7	1.0	2.0	1.0	1
HSIC	5.8	1.0	1.5	1.0	2
HSTM	8.3	2.0	2.0	1.0	2
HAPN	8.3	2.0	2.0	1.0	2
HTLD	6.7	1.0	2.0	1.0	1
HCKT	7.5	2.0	1.5	1.0	2
HWC	6.7	1.5	1.5	1.0	2
HLNE	5.8	2.0	0.5	1.0	2
ALBAV.HE	3.3	0.0	1.0	1.0	1
HOPE	6.7	1.0	2.0	1.0	1
CAPMAN.HE	8.3	2.0	2.0	1.0	2
HQY	5.8	1.0	1.5	1.0	2
ENENTO.HE	5.8	1.0	1.5	1.0	1
FSECURE.HE	5.0	0.0	2.0	1.0	2
HUMA	6.7	1.0	2.0	1.0	1
ADMCM.HE	4.2	0.0	1.5	1.0	2
ANORA.HE	5.0	0.0	2.0	1.0	2
ATRAV.HE	5.8	1.5	1.0	1.0	2
KCR.HE	5.0	0.5	1.5	1.0	2
DIGIA.HE	5.8	1.0	1.5	1.0	2
KESKOA.HE	5.0	1.0	1.0	1.0	1
KOSKI.HE	5.0	0.0	2.0	1.0	2
EVLI.HE	6.7	1.5	1.5	1.0	2
LINDEX.HE	6.7	1.5	1.5	1.0	2
OMASP.HE	3.3	0.0	1.0	1.0	2
NOKIA.HE	4.2	0.0	1.5	1.0	2
GRK.HE	5.8	2.0	0.5	1.0	2
RAUTE.HE	8.3	2.0	2.0	1.0	2
PON1V.HE	8.3	2.0	2.0	1.0	2
REMEDY.HE	6.7	1.0	2.0	1.0	1
SITOWS.HE	6.7	1.0	2.0	1.0	1
HIAB.HE	5.0	0.0	2.0	1.0	2
ICP1V.HE	8.3	2.0	2.0	1.0	2
MEKKO.HE	4.2	0.0	1.5	1.0	2
VERK.HE	7.5	2.0	1.5	1.0	2
YIT.HE	6.7	1.0	2.0	1.0	1
SBI.HE	4.2	1.0	0.5	1.0	1
TTALO.HE	4.2	0.0	1.5	1.0	2
STERV.HE	6.7	1.0	2.0	1.0	1
TAALA.HE	8.3	2.0	2.0	1.0	2
00135.HK	5.0	1.0	1.0	1.0	2
OUT1V.HE	6.7	1.0	2.0	1.0	1
00322.HK	5.0	1.0	1.0	1.0	2
UPM.HE	8.3	2.0	2.0	1.0	2
00257.HK	5.8	1.5	1.0	1.0	2
00966.HK	5.0	2.0	0.0	1.0	2
00763.HK	3.3	0.0	1.0	1.0	1
00006.HK	6.7	2.0	1.0	1.0	2
01093.HK	5.0	2.0	0.0	1.0	2
02386.HK	4.2	0.0	1.5	1.0	2
02313.HK	4.2	0.0	1.5	1.0	2
00019.HK	6.7	2.0	1.0	1.0	2
01336.HK	5.8	2.0	0.5	1.0	2
0902.HK	3.3	0.0	1.0	1.0	2
02020.HK	6.7	2.0	1.0	1.0	2
01128.HK	6.7	2.0	1.0	1.0	2
0390.HK	4.2	0.0	1.5	1.0	2
06886.HK	7.5	2.0	1.5	1.0	2
0753.HK	6.7	1.0	2.0	1.0	1
0992.HK	6.7	1.0	2.0	1.0	1
06862.HK	5.0	1.0	1.0	1.0	2
1071.HK	5.0	0.0	2.0	1.0	2
1209.HK	6.7	1.5	1.5	1.0	2
1099.HK	4.2	0.5	1.0	1.0	2
0939.HK	5.0	1.0	1.0	1.0	2
1024.HK	4.2	0.0	1.5	1.0	2
1186.HK	3.3	0.0	1.0	1.0	1
1308.HK	4.2	1.0	0.5	1.0	2
1339.HK	5.8	2.0	0.5	1.0	2
1157.HK	5.0	0.0	2.0	1.0	2
1378.HK	5.8	2.0	0.5	1.0	2
1456.HK	6.7	2.0	1.0	1.0	1
1772.HK	4.2	1.0	0.5	1.0	1
1797.HK	7.5	2.0	1.5	1.0	2
1530.HK	4.2	0.0	1.5	1.0	2
1698.HK	5.0	1.0	1.0	1.0	2
200.HK	5.0	0.0	2.0	1.0	2
1810.HK	5.0	0.0	2.0	1.0	2
2015.HK	6.7	1.0	2.0	1.0	1
2202.HK	6.7	1.0	2.0	1.0	1
2367.HK	3.3	0.0	1.0	1.0	2
2318.HK	7.5	2.0	1.5	1.0	2
2588.HK	5.8	1.0	1.5	1.0	2
1833.HK	8.3	2.0	2.0	1.0	2
1880.HK	6.7	1.5	1.5	1.0	2
2333.HK	5.0	0.0	2.0	1.0	2
1919.HK	5.0	2.0	0.0	1.0	2
2899.HK	7.5	2.0	1.5	1.0	2
2799.HK	5.8	1.5	1.0	1.0	1
3311.HK	4.2	0.0	1.5	1.0	2
3958.HK	7.5	2.0	1.5	1.0	2
2607.HK	3.3	0.0	1.0	1.0	2
2628.HK	5.0	2.0	0.0	1.0	2
3.HK	6.7	2.0	1.0	1.0	2
4.HK	4.2	0.0	1.5	1.0	2
3606.HK	4.2	0.0	1.5	1.0	2
3808.HK	7.5	2.0	1.5	1.0	2
3347.HK	6.7	1.0	2.0	1.0	1
6178.HK	6.7	2.0	1.0	1.0	1
3988.HK	5.0	1.0	1.0	1.0	2
6066.HK	6.7	2.0	1.0	1.0	2
3750.HK	8.3	2.0	2.0	1.0	2
6806.HK	7.5	2.0	1.5	1.0	2
9626.HK	8.3	2.0	2.0	1.0	2
9866.HK	6.7	1.0	2.0	1.0	1
778.HK	4.2	1.0	0.5	1.0	1
6186.HK	4.2	0.0	1.5	1.0	2
874.HK	3.3	0.0	1.0	1.0	2
6969.HK	7.5	1.5	2.0	1.0	2
IBCP	5.8	1.5	1.0	1.0	2
9660.HK	6.7	1.0	2.0	1.0	1
ICHR	6.7	1.0	2.0	1.0	1
823.HK	5.0	1.0	1.0	1.0	1
9896.HK	6.7	1.0	2.0	1.0	1
IFRX	3.3	1.0	0.0	1.0	1
9926.HK	6.7	1.0	2.0	1.0	1
669.HK	6.7	1.5	1.5	1.0	2
IMTX	5.0	1.0	1.0	1.0	1
IMXI	5.0	0.0	2.0	1.0	2
IDCC	3.3	0.0	1.0	1.0	2
INDI	6.7	1.0	2.0	1.0	1
INMD	3.3	0.0	1.0	1.0	2
IIIV	4.2	0.0	1.5	1.0	2
INTC	6.7	1.0	2.0	1.0	1
IMKTA	4.2	0.5	1.0	1.0	1
IMNM	4.2	1.0	0.5	1.0	1
INTU	5.0	0.5	1.5	1.0	2
IOSP	8.3	2.0	2.0	1.0	2
IBOC	4.2	0.5	1.0	1.0	1
IREN	3.3	1.0	0.0	1.0	1
9992.HK	6.7	1.5	1.5	1.0	2
ITIC	5.8	1.5	1.0	1.0	1
JBIO	5.0	1.0	1.0	1.0	1
IRTC	6.7	1.0	2.0	1.0	1
ISRG	7.5	2.0	1.5	1.0	2
JOYY	4.2	0.0	1.5	1.0	2
IVVD	5.0	1.0	1.0	1.0	1
IQ.US	6.7	1.0	2.0	1.0	1
KDP	4.2	0.0	1.5	1.0	2
KLAC	7.5	1.5	2.0	1.0	2
KLRS	5.8	1.0	1.5	1.0	1
KLIC	6.7	1.0	2.0	1.0	1
KEEL	6.7	1.0	2.0	1.0	1
KNSA	8.3	2.0	2.0	1.0	2
INSE	6.7	1.0	2.0	1.0	1
KIDS	6.7	1.0	2.0	1.0	1
LBTYA	5.0	1.0	1.0	1.0	1
KALU	5.0	2.0	0.0	1.0	2
LASR	6.7	1.0	2.0	1.0	1
KARD	6.7	1.0	2.0	1.0	1
LE	6.7	1.0	2.0	1.0	1
LFST	5.8	1.0	1.5	1.0	1
LI	6.7	1.0	2.0	1.0	1
LGN	6.7	1.0	2.0	1.0	1
LENZ	6.7	1.0	2.0	1.0	1
LIND	6.7	1.0	2.0	1.0	1
LIME	5.0	2.0	0.0	1.0	2
LIVN	6.7	2.0	1.0	1.0	2
LIFE	6.7	1.0	2.0	1.0	2
JD.US	7.5	1.5	2.0	1.0	2
LOVE	6.7	1.0	2.0	1.0	1
LOCO	6.7	2.0	1.0	1.0	2
LNTH	5.0	0.5	1.5	1.0	2
JANX	3.3	1.0	0.0	1.0	1
LMNR.US	6.7	1.0	2.0	1.0	1
LSTR	7.5	1.5	2.0	1.0	2
LUNG	5.0	1.0	1.0	1.0	1
KSPI	5.0	0.5	1.5	1.0	2
NBA.LS	3.3	0.0	1.0	1.0	1
TDSA.LS	3.3	0.0	1.0	1.0	1
SEM.LS	4.2	1.5	0.0	1.0	2
AAF.L	8.3	2.0	2.0	1.0	2
ABF.L	2.5	0.0	0.5	1.0	2
LKQ	4.2	0.0	1.5	1.0	2
AML.L	6.7	1.0	2.0	1.0	1
LQDT	7.5	2.0	1.5	1.0	2
LXRX	3.3	1.0	0.0	1.0	1
AUTO.L	5.0	0.5	1.5	1.0	2
GLINT.LS	6.7	2.0	1.0	1.0	1
LYTS	5.0	0.0	2.0	1.0	2
BARC.L	8.3	2.0	2.0	1.0	2
BHP.L	3.3	0.5	0.5	1.0	2
BNZL.L	5.8	1.5	1.0	1.0	2
BOY.L	6.7	1.5	1.5	1.0	2
ASC.L	6.7	1.0	2.0	1.0	1
BTRW.L	8.3	2.0	2.0	1.0	2
BYG.L	4.2	0.5	1.0	1.0	2
AVON.L	7.5	2.0	1.5	1.0	2
CCC.L	6.7	2.0	1.0	1.0	2
BBY.L	5.0	0.5	1.5	1.0	2
COA.L	5.8	1.0	1.5	1.0	2
BA.L	5.8	1.0	1.5	1.0	2
CAN.L	5.0	0.0	2.0	1.0	2
CSN.L	5.8	1.0	1.5	1.0	1
CRDA.L	7.5	2.0	1.5	1.0	2
CURY.L	7.5	2.0	1.5	1.0	2
DEC.L	5.0	0.0	2.0	1.0	2
DIA.L	5.8	1.0	1.5	1.0	1
BME.L	3.3	0.0	1.0	1.0	2
CHRY.L	6.7	1.0	2.0	1.0	1
DOCS.L	8.3	2.0	2.0	1.0	2
ELIX.L	5.8	1.5	1.0	1.0	2
ESNT.L	7.5	2.0	1.5	1.0	2
EXPN.L	7.5	2.0	1.5	1.0	2
FCH.L	8.3	2.0	2.0	1.0	2
FSJ.L	6.7	1.0	2.0	1.0	1
BRBY.L	6.7	1.0	2.0	1.0	1
CARD.L	6.7	2.0	1.0	1.0	2
GEMD.L	5.0	1.0	1.0	1.0	1
GLE.L	5.0	1.0	1.0	1.0	1
GFRD.L	6.7	2.0	1.0	1.0	2
GNC.L	6.7	1.0	2.0	1.0	1
GSK.L	3.3	0.0	1.0	1.0	2
DRX.L	1.7	0.0	0.0	1.0	2
HBR.L	4.2	1.0	0.5	1.0	1
ENOG.L	8.3	2.0	2.0	1.0	2
FOXT.L	5.0	0.0	2.0	1.0	2
HOC.L	7.5	2.0	1.5	1.0	2
HSD.L	5.8	2.0	0.5	1.0	2
FVA.L	5.0	0.0	2.0	1.0	2
HWDN.L	5.0	0.5	1.5	1.0	2
IBST.L	6.7	1.0	2.0	1.0	1
INF.L	5.8	1.0	1.5	1.0	1
GRG.L	6.7	2.0	1.0	1.0	2
IPF.L	4.2	0.0	1.5	1.0	2
ITV.L	6.7	2.0	1.0	1.0	2
JTC.L	5.8	1.0	1.5	1.0	1
HICL.L	4.2	1.0	0.5	1.0	1
HLCL.L	5.0	0.0	2.0	1.0	2
KGF.L	6.7	2.0	1.0	1.0	2
LGEN.L	6.7	2.0	1.0	1.0	2
LTOD.L	5.8	1.5	1.0	1.0	1
IGG.L	5.0	0.5	1.5	1.0	2
MAB1.L	4.2	0.0	1.5	1.0	2
MCG.L	4.2	1.0	0.5	1.0	1
MICC.L	3.3	0.0	1.0	1.0	2
MONY.L	5.0	1.0	1.0	1.0	2
MTRO.L	6.7	1.0	2.0	1.0	2
MRO.L	5.0	0.0	2.0	1.0	2
NXR.L	5.0	1.0	1.0	1.0	1
HTG.L	7.5	1.5	2.0	1.0	2
LRE.L	5.8	2.0	0.5	1.0	2
IMB.L	3.3	0.0	1.0	1.0	2
OSB.L	5.0	0.5	1.5	1.0	2
PETS.L	4.2	0.0	1.5	1.0	2
MNG.L	5.8	1.0	1.5	1.0	1
JDW.L	6.7	1.5	1.5	1.0	2
POLN.L	5.0	0.0	2.0	1.0	2
PINE.L	6.7	1.0	2.0	1.0	1
PROC.L	6.7	1.0	2.0	1.0	2
PSN.L	5.8	1.5	1.0	1.0	2
NRR.L	5.0	1.5	0.5	1.0	2
QQ.L	5.8	1.0	1.5	1.0	1
OXIG.L	7.5	2.0	1.5	1.0	2
PAGE.L	8.3	2.0	2.0	1.0	2
RIGD.L	5.0	0.0	2.0	1.0	2
RMV.L	5.8	1.0	1.5	1.0	2
SAGA.L	6.7	1.0	2.0	1.0	1
RTO.L	5.0	1.0	1.0	1.0	2
RS1.L	5.8	1.0	1.5	1.0	2
SBRE.L	4.2	0.5	1.0	1.0	2
PHAR.L	3.3	1.0	0.0	1.0	1
SEQI.L	3.3	1.0	0.0	1.0	1
SDLF.L	5.8	1.0	1.5	1.0	1
SHC.L	6.7	2.0	1.0	1.0	2
SMSN.L	8.3	2.0	2.0	1.0	2
SPI.L	6.7	1.0	2.0	1.0	1
SRE.L	5.8	1.5	1.0	1.0	2
SSE.L	7.5	2.0	1.5	1.0	2
STVG.L	3.3	1.0	0.0	1.0	1
SVS.L	5.0	0.0	2.0	1.0	2
THG.L	6.7	1.0	2.0	1.0	1
TEP.L	7.5	2.0	1.5	1.0	2
SDY.L	6.7	1.0	2.0	1.0	1
SGE.L	5.8	1.0	1.5	1.0	2
PRV.L	5.0	1.0	1.0	1.0	2
TPK.L	7.5	1.5	2.0	1.0	2
TRIG.L	6.7	1.0	2.0	1.0	1
SN.L	5.0	1.0	1.0	1.0	2
TSCO.L	6.7	2.0	1.0	1.0	2
UU.L	6.7	2.0	1.0	1.0	2
VSVS.L	5.0	0.0	2.0	1.0	2
WIZZ.L	6.7	1.0	2.0	1.0	1
STAN.L	5.8	1.0	1.5	1.0	2
TW.L	5.0	1.0	1.0	1.0	1
AAU.L	6.7	2.0	1.0	1.0	1
VOD.L	5.8	1.0	1.5	1.0	1
WIL.L	5.8	1.0	1.5	1.0	2
ACSO.L	4.2	0.0	1.5	1.0	2
TBCG.L	6.7	1.5	1.5	1.0	2
WPP.L	3.3	0.0	1.0	1.0	2
BVXP.L	4.2	0.5	1.0	1.0	1
XPP.L	6.7	1.0	2.0	1.0	1
CER.L	4.2	0.0	1.5	1.0	2
CNC.L	6.7	1.0	2.0	1.0	2
VCT.L	6.7	1.0	2.0	1.0	1
ECO.L	3.3	1.0	0.0	1.0	1
ZTF.L	5.8	1.5	1.0	1.0	2
FDEV.L	5.0	2.0	0.0	1.0	2
GFM.L	8.3	2.0	2.0	1.0	2
GMR.L	4.2	0.5	1.0	1.0	2
IES.L	5.8	1.0	1.5	1.0	1
KEYS.L	6.7	2.0	1.0	1.0	2
DOTD.L	4.2	0.0	1.5	1.0	2
MANO.L	7.5	1.5	2.0	1.0	2
FNTL.L	4.2	0.0	1.5	1.0	2
MTC.L	5.8	1.0	1.5	1.0	1
AXS.L	8.3	2.0	2.0	1.0	2
BOR.L	4.2	1.0	0.5	1.0	1
ING.L	3.3	0.0	1.0	1.0	1
PANR.L	6.7	1.0	2.0	1.0	1
HE1.L	4.2	1.0	0.5	1.0	1
POLB.L	5.8	1.0	1.5	1.0	1
PRO.L	6.7	1.0	2.0	1.0	1
STAF.L	6.7	2.0	1.0	1.0	2
SEE.L	6.7	1.0	2.0	1.0	1
RKH.L	3.3	1.0	0.0	1.0	1
VIC.L	6.7	1.5	1.5	1.0	2
SPSY.L	3.3	0.0	1.0	1.0	1
W7L.L	3.3	0.0	1.0	1.0	2
MAKO	6.7	2.0	1.0	1.0	1
WRKS.L	5.8	1.0	1.5	1.0	1
MAR	5.8	1.0	1.5	1.0	2
MCHP	6.7	1.0	2.0	1.0	1
THX.L	2.5	0.5	0.0	1.0	2
TRB.L	4.2	1.0	0.5	1.0	2
MERC	6.7	1.0	2.0	1.0	1
MAT	6.7	1.0	2.0	1.0	1
MCBS	6.7	2.0	1.0	1.0	2
MBUU	8.3	2.0	2.0	1.0	2
MDB	5.8	1.0	1.5	1.0	1
MGTX	3.3	1.0	0.0	1.0	1
MDLZ	7.5	2.0	1.5	1.0	2
MBGL	3.3	0.0	1.0	1.0	2
MNRO	6.7	1.0	2.0	1.0	1
MITK	6.7	2.0	1.0	1.0	2
MFP	4.2	0.0	1.5	1.0	2
MKTX	4.2	0.5	1.0	1.0	2
MRTN	5.0	0.0	2.0	1.0	2
MLYS	6.7	1.0	2.0	1.0	1
MRX	6.7	2.0	1.0	1.0	2
MMYT	5.0	0.0	2.0	1.0	2
MELI	5.0	0.0	2.0	1.0	2
MTRX	5.8	1.0	1.5	1.0	1
MVBF	8.3	2.0	2.0	1.0	2
ACS.MC	5.8	1.0	1.5	1.0	2
ALM.MC	8.3	2.0	2.0	1.0	2
MORN	7.5	2.0	1.5	1.0	2
MPWR	8.3	2.0	2.0	1.0	2
BKT.MC	6.7	1.5	1.5	1.0	2
ANE.MC	3.3	1.0	0.0	1.0	1
CIE.MC	5.0	1.0	1.0	1.0	1
DIA.MC	5.0	0.0	2.0	1.0	2
ENG.MC	5.0	0.0	2.0	1.0	2
GRE.MC	8.3	2.0	2.0	1.0	2
FDR.MC	5.0	0.5	1.5	1.0	2
MRCY	5.0	0.0	2.0	1.0	2
LDA.MC	5.8	1.5	1.0	1.0	2
MEL.MC	5.0	1.0	1.0	1.0	1
NTGY.MC	4.2	1.0	0.5	1.0	2
PSG.MC	4.2	0.5	1.0	1.0	2
MSFT	7.5	2.0	1.5	1.0	2
MWC	6.7	2.0	1.0	1.0	1
UNI.MC	5.8	1.5	1.0	1.0	2
ROVI.MC	8.3	2.0	2.0	1.0	2
AMP.MI	6.7	1.0	2.0	1.0	2
SCYR.MC	6.7	2.0	1.0	1.0	2
BC.MI	5.8	1.0	1.5	1.0	2
BMPS.MI	7.5	2.0	1.5	1.0	2
BZU.MI	3.3	0.0	1.0	1.0	2
IDR.MC	5.0	0.5	1.5	1.0	2
FBK.MI	6.7	1.5	1.5	1.0	2
ITM.MI	5.0	1.0	1.0	1.0	1
PST.MI	4.2	0.5	1.0	1.0	2
MAIRE.MI	5.8	1.0	1.5	1.0	2
SFER.MI	6.7	1.0	2.0	1.0	1
TGYM.MI	5.8	1.0	1.5	1.0	2
ENAV.MI	6.7	1.5	1.5	1.0	2
DIA.MI	5.0	0.5	1.5	1.0	2
INW.MI	2.5	0.0	0.5	1.0	2
TRN.MI	5.0	1.0	1.0	1.0	2
ZV.MI	8.3	2.0	2.0	1.0	2
NEXI.MI	6.7	2.0	1.0	1.0	2
NBIX	7.5	2.0	1.5	1.0	2
REY.MI	3.3	0.0	1.0	1.0	2
NEOG	6.7	1.0	2.0	1.0	1
GVS.MI	5.0	1.0	1.0	1.0	1
NAMS	5.8	1.0	1.5	1.0	1
NMFC	5.8	2.0	0.5	1.0	2
NN	3.3	1.0	0.0	1.0	1
NDSN	6.7	2.0	1.0	1.0	2
NRDS	5.0	0.0	2.0	1.0	2
STLAM.MI	6.7	1.0	2.0	1.0	1
NICE	4.2	0.0	1.5	1.0	2
NEXT	6.7	1.0	2.0	1.0	1
NTGR	6.7	1.0	2.0	1.0	1
NSIT.US	6.7	2.0	1.0	1.0	2
NVTS	5.8	1.0	1.5	1.0	1
NAVN	6.7	1.0	2.0	1.0	1
NWL	5.8	2.0	0.5	1.0	2
NXH	6.7	1.0	2.0	1.0	1
AAP	8.3	2.0	2.0	1.0	2
NOVT	7.5	2.0	1.5	1.0	2
NBTB	6.7	2.0	1.0	1.0	2
ABEV	6.7	2.0	1.0	1.0	2
ACM	6.7	1.0	2.0	1.0	1
NTAP	7.5	2.0	1.5	1.0	2
NTRA	6.7	1.0	2.0	1.0	1
ADIG	5.8	1.0	1.5	1.0	1
ABR	6.7	1.0	2.0	1.0	1
ACVA	6.7	1.0	2.0	1.0	1
ACA.US	7.5	2.0	1.5	1.0	2
AERO.US	6.7	1.0	2.0	1.0	1
ADT	4.2	0.5	1.0	1.0	2
ACH.US	6.7	1.0	2.0	1.0	1
AEM	6.7	2.0	1.0	1.0	2
AGO	3.3	0.0	1.0	1.0	2
AIT	5.0	1.0	1.0	1.0	2
AIG	3.3	0.0	1.0	1.0	2
AA	5.0	2.0	0.0	1.0	2
AJG	4.2	0.0	1.5	1.0	2
ALB	5.8	2.0	0.5	1.0	2
ALTG	6.7	1.0	2.0	1.0	1
AG	6.7	2.0	1.0	1.0	2
AGI	8.3	2.0	2.0	1.0	2
NXT.US	6.7	1.0	2.0	1.0	2
AHR	6.7	2.0	1.0	1.0	1
AMG	7.5	2.0	1.5	1.0	2
AMR	6.7	1.0	2.0	1.0	1
AMP.US	5.8	1.0	1.5	1.0	2
ALIT	5.0	1.0	1.0	1.0	1
ALLE	5.8	1.5	1.0	1.0	2
ANET	8.3	2.0	2.0	1.0	2
ALX	6.7	2.0	1.0	1.0	1
AR.US	6.7	2.0	1.0	1.0	2
ARES	6.7	1.0	2.0	1.0	2
AMRZ	6.7	1.5	1.5	1.0	2
ARLO	4.2	0.5	1.0	1.0	2
AMTM	6.7	2.0	1.0	1.0	2
ASC	5.0	2.0	0.0	1.0	2
ANVS	6.7	1.0	2.0	1.0	1
AS	8.3	2.0	2.0	1.0	2
AOS	3.3	0.0	1.0	1.0	2
APG	7.5	2.0	1.5	1.0	2
ATKR	4.2	0.0	1.5	1.0	2
APO	8.3	2.0	2.0	1.0	2
ARR	5.0	1.0	1.0	1.0	1
AMZN.24-7	8.3	2.0	2.0	1.0	2
AWK	5.0	1.0	1.0	1.0	2
ASPN	6.7	1.0	2.0	1.0	1
ATO	6.7	2.0	1.0	1.0	2
ATEN	4.2	0.0	1.5	1.0	2
AXTA	3.3	0.0	1.0	1.0	2
AZUL	6.7	1.0	2.0	1.0	1
AVTR	3.3	0.0	1.0	1.0	2
BBD	5.8	1.5	1.0	1.0	2
BBT	6.7	2.0	1.0	1.0	2
BBW	4.2	0.0	1.5	1.0	2
AXIAY	6.7	1.0	2.0	1.0	1
BC	7.5	2.0	1.5	1.0	2
AU	7.5	2.0	1.5	1.0	2
BALL	5.8	1.0	1.5	1.0	2
BAC	7.5	2.0	1.5	1.0	2
BB	7.5	2.0	1.5	1.0	2
BAP	5.8	1.0	1.5	1.0	2
BEN	7.5	2.0	1.5	1.0	2
BCSF	1.7	0.0	0.0	1.0	2
BDX	3.3	0.0	1.0	1.0	2
B	8.3	2.0	2.0	1.0	2
BILL	5.8	1.0	1.5	1.0	1
BIPC	6.7	1.0	2.0	1.0	1
BCH.US	7.5	2.0	1.5	1.0	2
BF-B	5.0	1.0	1.0	1.0	2
BFH	5.8	1.0	1.5	1.0	2
BG	7.5	2.0	1.5	1.0	2
BKD	6.7	1.0	2.0	1.0	1
BLSH	6.7	1.0	2.0	1.0	1
BMI	4.2	0.0	1.5	1.0	2
BMY	5.8	2.0	0.5	1.0	2
BNS	6.7	1.5	1.5	1.0	2
BHE	7.5	2.0	1.5	1.0	2
BRO	6.7	2.0	1.0	1.0	2
BRSP	5.8	1.0	1.5	1.0	1
BLDR	6.7	1.0	2.0	1.0	1
BKR	5.0	0.5	1.5	1.0	2
BKU	5.8	1.0	1.5	1.0	2
BSAC	6.7	2.0	1.0	1.0	2
BOBS	7.5	2.0	1.5	1.0	2
BOOT	7.5	2.0	1.5	1.0	2
BSX.US	5.8	1.5	1.0	1.0	2
BWMX	7.5	2.0	1.5	1.0	2
BRC	5.0	0.5	1.5	1.0	2
BYD	3.3	0.0	1.0	1.0	2
BUR	5.0	0.0	2.0	1.0	2
BTI	3.3	0.0	1.0	1.0	2
BVN	5.0	2.0	0.0	1.0	2
CARR	4.2	0.0	1.5	1.0	2
CALX.US	6.7	1.0	2.0	1.0	1
BXC	8.3	2.0	2.0	1.0	2
CAAP	5.8	1.0	1.5	1.0	2
BXP	3.3	0.0	1.0	1.0	2
CATO	3.3	0.0	1.0	1.0	1
CAG	5.0	1.0	1.0	1.0	2
CCS	4.2	1.0	0.5	1.0	2
CDLR	3.3	0.0	1.0	1.0	1
CFG	8.3	2.0	2.0	1.0	2
CHGG	6.7	1.0	2.0	1.0	1
CIB	6.7	2.0	1.0	1.0	2
CIM	3.3	0.0	1.0	1.0	2
CL	4.2	0.5	1.0	1.0	2
CBAN	7.5	2.0	1.5	1.0	2
CCJ	5.0	0.0	2.0	1.0	2
BP.US	5.0	2.0	0.0	1.0	2
CBT	3.3	0.0	1.0	1.0	2
CLH	6.7	2.0	1.0	1.0	2
CLW	6.7	1.0	2.0	1.0	1
CMG	5.0	0.5	1.5	1.0	2
CMBT	5.0	2.0	0.0	1.0	2
CE	3.3	0.0	1.0	1.0	2
CMS	3.3	0.0	1.0	1.0	2
CNA	5.8	1.0	1.5	1.0	2
CNI	5.8	1.0	1.5	1.0	2
CNMD	5.0	1.0	1.0	1.0	2
COF	5.8	1.0	1.5	1.0	1
CHT	5.0	1.0	1.0	1.0	2
CPAY	4.2	0.0	1.5	1.0	2
CPNG	6.7	1.0	2.0	1.0	1
CRBG	6.7	1.0	2.0	1.0	1
CC.US	6.7	1.0	2.0	1.0	1
CNS	7.5	2.0	1.5	1.0	2
CNP	6.7	2.0	1.0	1.0	2
COP	5.8	2.0	0.5	1.0	2
CSTM	5.0	2.0	0.0	1.0	2
COMP.US	5.8	2.0	0.5	1.0	2
COUR	6.7	1.0	2.0	1.0	1
CTEV	6.7	1.0	2.0	1.0	1
CTS	5.0	1.0	1.0	1.0	2
CPT	1.7	0.0	0.0	1.0	2
CVNA	8.3	2.0	2.0	1.0	2
CVSA	7.5	2.0	1.5	1.0	2
CWEN	8.3	2.0	2.0	1.0	2
CRM	5.8	2.0	0.5	1.0	2
CSL	5.0	0.5	1.5	1.0	2
CWT	6.7	2.0	1.0	1.0	2
CXT	6.7	2.0	1.0	1.0	2
CYH	5.0	0.0	2.0	1.0	2
CTOS	6.7	1.0	2.0	1.0	1
DAVA	6.7	1.0	2.0	1.0	1
CUBI	6.7	1.5	1.5	1.0	2
DBI	8.3	2.0	2.0	1.0	2
CUZ	6.7	2.0	1.0	1.0	1
DCI	6.7	1.5	1.5	1.0	2
DE	6.7	1.0	2.0	1.0	2
DFH	1.7	0.0	0.0	1.0	2
CVI.US	6.7	1.0	2.0	1.0	1
DGX	5.8	1.5	1.0	1.0	2
DIS	3.3	0.0	1.0	1.0	2
DKS	4.2	0.0	1.5	1.0	2
CRI	7.5	2.0	1.5	1.0	2
DOCN	5.8	0.5	2.0	1.0	2
DSX	8.3	2.0	2.0	1.0	2
DAL	5.0	0.0	2.0	1.0	2
DVA	7.5	2.0	1.5	1.0	2
DD	6.7	2.0	1.0	1.0	2
DTM	5.0	1.0	1.0	1.0	2
DXC	7.5	2.0	1.5	1.0	2
DEI	3.3	1.0	0.0	1.0	1
EAF	6.7	1.0	2.0	1.0	1
ECL	5.8	1.0	1.5	1.0	2
DLX	3.3	0.0	1.0	1.0	2
DNN	8.3	2.0	2.0	1.0	2
EGHT	5.0	1.0	1.0	1.0	1
DQ	6.7	1.0	2.0	1.0	1
ELF	6.7	2.0	1.0	1.0	2
ELS	6.7	2.0	1.0	1.0	2
EMBJ	8.3	2.0	2.0	1.0	2
EDN	5.0	0.0	2.0	1.0	2
DHT	5.0	2.0	0.0	1.0	2
EBS	6.7	1.0	2.0	1.0	1
EFC	5.0	1.5	0.5	1.0	2
EMR	7.5	2.0	1.5	1.0	2
EFX	5.0	0.5	1.5	1.0	2
EIX	6.7	2.0	1.0	1.0	2
ENVA	8.3	2.0	2.0	1.0	2
ENOV	4.2	1.0	0.5	1.0	1
EPAM	5.8	1.5	1.0	1.0	2
EQBK	6.7	2.0	1.0	1.0	2
ESNT	4.2	0.5	1.0	1.0	2
EQT	2.5	0.0	0.5	1.0	2
EGY	8.3	2.0	2.0	1.0	2
ESTC	5.8	1.0	1.5	1.0	1
ETN	4.2	0.0	1.5	1.0	2
EXPD	6.7	2.0	1.0	1.0	2
FAF	6.7	2.0	1.0	1.0	2
FBP	5.8	1.5	1.0	1.0	2
FCX	8.3	2.0	2.0	1.0	2
ESAB	4.2	0.0	1.5	1.0	2
EPM	8.3	2.0	2.0	1.0	2
EROC	6.7	1.0	2.0	1.0	1
EVTC	3.3	0.0	1.0	1.0	2
EXE	2.5	0.0	0.5	1.0	2
FIGS	6.7	2.0	1.0	1.0	2
FLG	6.7	1.0	2.0	1.0	1
FIS.US	5.0	1.0	1.0	1.0	1
FLS	7.5	2.0	1.5	1.0	2
FCF	7.5	2.0	1.5	1.0	2
FMX	5.8	2.0	0.5	1.0	2
FOIL	6.7	1.0	2.0	1.0	1
FRO	5.0	2.0	0.0	1.0	2
FTS	5.0	1.0	1.0	1.0	2
FDXF	5.0	0.0	2.0	1.0	2
FHN	5.8	1.5	1.0	1.0	2
EVI	8.3	2.0	2.0	1.0	2
GBCI	7.5	2.0	1.5	1.0	2
GDDY	7.5	2.0	1.5	1.0	2
FND	7.5	2.0	1.5	1.0	2
GEF	7.5	2.0	1.5	1.0	2
FPI	3.3	0.0	1.0	1.0	1
FSM	8.3	2.0	2.0	1.0	2
FTAI	5.0	0.0	2.0	1.0	2
GIB	5.8	1.5	1.0	1.0	2
GCO	6.7	1.0	2.0	1.0	1
GEV	8.3	2.0	2.0	1.0	2
GENI	6.7	1.0	2.0	1.0	1
GFL	6.7	1.0	2.0	1.0	1
FUL	5.8	1.5	1.0	1.0	2
GGG	5.8	1.5	1.0	1.0	2
GOLF	6.7	2.0	1.0	1.0	2
GIS	3.3	0.0	1.0	1.0	2
G.US	5.0	1.0	1.0	1.0	2
GOTU	6.7	1.0	2.0	1.0	1
GLOB	5.0	1.0	1.0	1.0	1
GRND	6.7	1.0	2.0	1.0	2
GRC.US	7.5	2.0	1.5	1.0	2
GTY	5.8	2.0	0.5	1.0	2
GM	4.2	0.0	1.5	1.0	2
GWRE	5.0	0.0	2.0	1.0	2
GMED	3.3	0.0	1.0	1.0	2
GNK.US	3.3	1.0	0.0	1.0	1
HAYW	5.8	1.0	1.5	1.0	2
H.US	6.7	1.0	2.0	1.0	1
GPK	5.0	0.0	2.0	1.0	2
GPOR	3.3	0.0	1.0	1.0	2
GS	6.7	2.0	1.0	1.0	2
HIG	6.7	2.0	1.0	1.0	2
HLLY	4.2	1.0	0.5	1.0	1
GSL	2.5	0.5	0.0	1.0	2
HMY	7.5	2.0	1.5	1.0	2
HAL	7.5	1.5	2.0	1.0	2
HOG	5.0	0.0	2.0	1.0	2
HCC	6.7	2.0	1.0	1.0	2
HP	6.7	1.0	2.0	1.0	1
HDB	6.7	1.5	1.5	1.0	2
HGTY	6.7	1.0	2.0	1.0	1
HIPO	8.3	2.0	2.0	1.0	2
HRI	6.7	1.0	2.0	1.0	1
HLF	6.7	1.0	2.0	1.0	1
HVT	8.3	2.0	2.0	1.0	2
HY	6.7	1.0	2.0	1.0	1
IBP	4.2	0.5	1.0	1.0	2
IAG.US	7.5	2.0	1.5	1.0	2
ICL	6.7	2.0	1.0	1.0	2
IDT	6.7	2.0	1.0	1.0	2
HPQ	2.5	0.0	0.5	1.0	2
HSBC	7.5	2.0	1.5	1.0	2
HTZ	6.7	1.0	2.0	1.0	1
INFQ	3.3	1.0	0.0	1.0	1
IIPR	6.7	2.0	1.0	1.0	2
IHG	5.0	0.5	1.5	1.0	2
HUM	8.3	2.0	2.0	1.0	2
INSW	5.0	2.0	0.0	1.0	2
IR	5.8	1.0	1.5	1.0	1
HLX	8.3	2.0	2.0	1.0	2
IRT	3.3	0.0	1.0	1.0	1
IX	6.7	2.0	1.0	1.0	1
IVR	3.3	1.0	0.0	1.0	1
HTGC	6.7	2.0	1.0	1.0	2
IFF	5.0	0.0	2.0	1.0	2
JELD	6.7	1.0	2.0	1.0	1
INGR	3.3	0.0	1.0	1.0	2
JMKE	4.2	0.0	1.5	1.0	2
INVX	8.3	2.0	2.0	1.0	2
JOE	6.7	2.0	1.0	1.0	1
KBR	6.7	2.0	1.0	1.0	2
KAI	7.5	2.0	1.5	1.0	2
KEN	6.7	2.0	1.0	1.0	1
ITT	4.2	0.0	1.5	1.0	2
KFY	5.8	1.0	1.5	1.0	2
KIM	4.2	0.5	1.0	1.0	2
JBTM	7.5	2.0	1.5	1.0	2
KEY	6.7	1.5	1.5	1.0	2
JBI	4.2	0.0	1.5	1.0	2
KNX	8.3	2.0	2.0	1.0	2
KRG	6.7	2.0	1.0	1.0	1
JKS	6.7	1.0	2.0	1.0	1
KLC	6.7	1.0	2.0	1.0	1
KNF	5.0	0.0	2.0	1.0	2
IP.US	6.7	1.0	2.0	1.0	1
KOF	6.7	1.5	1.5	1.0	2
LAW	6.7	1.0	2.0	1.0	1
KR	5.0	1.0	1.0	1.0	2
LAD	5.8	1.0	1.5	1.0	2
LCTX	3.3	1.0	0.0	1.0	1
KSS	2.5	0.5	0.0	1.0	2
KVUE	5.0	1.0	1.0	1.0	2
LION	6.7	1.0	2.0	1.0	1
LH	6.7	2.0	1.0	1.0	2
LMND	6.7	1.0	2.0	1.0	1
LOMA	8.3	2.0	2.0	1.0	2
LNG	5.0	2.0	0.0	1.0	2
LSPD	6.7	1.0	2.0	1.0	1
KMT	5.0	2.0	0.0	1.0	2
LTM	5.0	0.0	2.0	1.0	2
LXP	3.3	0.0	1.0	1.0	1
LVS	4.2	0.0	1.5	1.0	2
LZB	5.8	1.0	1.5	1.0	1
LYG	5.8	1.0	1.5	1.0	2
LBRT	5.0	0.0	2.0	1.0	2
MA	6.7	1.5	1.5	1.0	2
LEA	6.7	1.5	1.5	1.0	2
MAX	5.8	1.0	1.5	1.0	1
MAGN	6.7	1.0	2.0	1.0	1
MAN	6.7	1.0	2.0	1.0	1
MAS	5.8	1.5	1.0	1.0	2
MC	7.5	1.5	2.0	1.0	2
MFA	8.3	2.0	2.0	1.0	2
MCK	4.2	0.0	1.5	1.0	2
LPL	6.7	1.0	2.0	1.0	1
MGY	6.7	2.0	1.0	1.0	2
LUMN	6.7	1.0	2.0	1.0	1
MEI	6.7	1.0	2.0	1.0	1
MDU	6.7	2.0	1.0	1.0	2
MCY	5.8	2.0	0.5	1.0	2
MG	8.3	2.0	2.0	1.0	2
MHO	4.2	0.0	1.5	1.0	2
MP	6.7	1.0	2.0	1.0	1
MMS	4.2	0.5	1.0	1.0	2
MKL	8.3	2.0	2.0	1.0	2
MIR.US	5.8	0.5	2.0	1.0	2
MRP	5.8	1.5	1.0	1.0	2
MS	6.7	2.0	1.0	1.0	2
MSDL	3.3	0.0	1.0	1.0	2
MTN	5.8	1.0	1.5	1.0	1
MTDR	7.5	2.0	1.5	1.0	2
MTW	5.8	2.0	0.5	1.0	2
MUX	8.3	2.0	2.0	1.0	2
MOH	5.0	0.0	2.0	1.0	2
MLR	5.0	0.0	2.0	1.0	2
NCLH	6.7	2.0	1.0	1.0	2
MT.US	5.0	0.0	2.0	1.0	2
NEM	5.8	1.0	1.5	1.0	2
MXL	6.7	1.0	2.0	1.0	1
MO	4.2	0.5	1.0	1.0	2
NGG	5.8	1.5	1.0	1.0	2
NABL	5.8	1.0	1.5	1.0	1
NGVT	5.8	1.0	1.5	1.0	1
NI	3.3	0.0	1.0	1.0	2
NIQ	5.8	1.0	1.5	1.0	1
NATL	7.5	2.0	1.5	1.0	2
MSGS	6.7	1.0	2.0	1.0	1
NOAH	6.7	2.0	1.0	1.0	2
NMR.US	6.7	2.0	1.0	1.0	1
NOV	6.7	1.0	2.0	1.0	2
NRGV	6.7	1.0	2.0	1.0	1
MUFG	6.7	2.0	1.0	1.0	1
NEXA	8.3	2.0	2.0	1.0	2
NOK	5.0	0.0	2.0	1.0	2
NPK	6.7	2.0	1.0	1.0	1
NWG	7.5	2.0	1.5	1.0	2
NPWR	6.7	1.0	2.0	1.0	1
NXDR	6.7	1.0	2.0	1.0	1
NXRT	3.3	1.0	0.0	1.0	1
ODC	6.7	2.0	1.0	1.0	1
NUS	6.7	1.0	2.0	1.0	1
NVS	4.2	0.0	1.5	1.0	2
OMC	7.5	2.0	1.5	1.0	2
OBDC	2.5	0.0	0.5	1.0	2
NTST	6.7	2.0	1.0	1.0	1
NVGS	5.8	2.0	0.5	1.0	2
OFRM	6.7	1.0	2.0	1.0	1
ONTO	8.3	2.0	2.0	1.0	2
OPFI	6.7	1.0	2.0	1.0	1
OII	6.7	1.5	1.5	1.0	2
ORN	6.7	1.0	2.0	1.0	1
ORC	4.2	1.0	0.5	1.0	1
OKLO	3.3	1.0	0.0	1.0	1
OPY	6.7	2.0	1.0	1.0	1
OSK	5.0	0.0	2.0	1.0	2
PANW	5.8	1.0	1.5	1.0	1
PAG	4.2	0.5	1.0	1.0	2
PATH	7.5	2.0	1.5	1.0	2
OXM	8.3	2.0	2.0	1.0	2
PCRX	5.8	1.0	1.5	1.0	1
PB	7.5	2.0	1.5	1.0	2
PBH	4.2	0.0	1.5	1.0	2
PEB	6.7	2.0	1.0	1.0	2
PFSI	5.0	0.0	2.0	1.0	2
PH	6.7	1.5	1.5	1.0	2
PII	5.0	1.0	1.0	1.0	1
OGS	6.7	2.0	1.0	1.0	2
OUT	6.7	2.0	1.0	1.0	2
P	8.3	2.0	2.0	1.0	2
PM	4.2	0.5	1.0	1.0	2
PNFP	7.5	2.0	1.5	1.0	2
POR	5.0	1.0	1.0	1.0	2
PPL	6.7	2.0	1.0	1.0	2
PHIN	4.2	0.0	1.5	1.0	2
PFE	4.2	1.0	0.5	1.0	1
PRI	5.8	1.5	1.0	1.0	2
PIPR	7.5	2.0	1.5	1.0	2
PSA	6.7	2.0	1.0	1.0	2
PSX	5.8	2.0	0.5	1.0	2
PL	6.7	1.0	2.0	1.0	1
PSO	5.0	0.5	1.5	1.0	2
PVH	5.0	1.0	1.0	1.0	1
PLNT	6.7	1.5	1.5	1.0	2
RACE	5.8	1.0	1.5	1.0	2
PRKS	5.0	0.0	2.0	1.0	2
RC	6.7	1.0	2.0	1.0	1
PKE	6.7	2.0	1.0	1.0	1
PRMB	7.5	2.0	1.5	1.0	2
REZI	4.2	1.0	0.5	1.0	1
Q	4.2	0.0	1.5	1.0	2
RGR	6.7	1.0	2.0	1.0	1
RBA	7.5	2.0	1.5	1.0	2
RHP	7.5	2.0	1.5	1.0	2
QUAD.US	5.8	1.0	1.5	1.0	1
RL	6.7	1.5	1.5	1.0	2
REI	5.0	2.0	0.0	1.0	2
RMAX	5.8	1.0	1.5	1.0	1
RLJ	3.3	1.0	0.0	1.0	2
RCUS	5.0	1.0	1.0	1.0	1
RDW.US	6.7	1.0	2.0	1.0	1
RNGR	5.8	0.5	2.0	1.0	2
RRC	2.5	0.0	0.5	1.0	2
RVTY	5.0	0.5	1.5	1.0	2
RY	5.8	1.5	1.0	1.0	2
RTO.US	5.0	1.0	1.0	1.0	2
RYZ	8.3	2.0	2.0	1.0	2
SAM	4.2	0.0	1.5	1.0	2
SARO	7.5	2.0	1.5	1.0	2
SCHW	8.3	2.0	2.0	1.0	2
ROG	6.7	1.0	2.0	1.0	1
RSG	5.8	1.0	1.5	1.0	2
RPC.US	7.5	2.0	1.5	1.0	2
RES	5.8	1.5	1.0	1.0	2
SFBS	7.5	2.0	1.5	1.0	2
SHAK	5.8	0.5	2.0	1.0	2
SHW	6.7	1.5	1.5	1.0	2
SA	5.0	2.0	0.0	1.0	2
SBSI	5.8	2.0	0.5	1.0	2
RITM	3.3	0.0	1.0	1.0	2
SKT	5.8	1.5	1.0	1.0	2
SE	7.5	1.5	2.0	1.0	2
SEI.US	8.3	2.0	2.0	1.0	2
SITE	6.7	1.0	2.0	1.0	2
SNAP	6.7	1.0	2.0	1.0	1
SLF	6.7	2.0	1.0	1.0	2
SNOW	6.7	1.0	2.0	1.0	1
SOBO	6.7	2.0	1.0	1.0	2
SMBK	7.5	2.0	1.5	1.0	2
SLVM	6.7	1.0	2.0	1.0	1
SCM	6.7	2.0	1.0	1.0	2
SPNT	5.0	1.0	1.0	1.0	2
SPGI	6.7	1.5	1.5	1.0	2
SMP.US	7.5	2.0	1.5	1.0	2
SSB	5.0	1.0	1.0	1.0	2
STAG	5.0	1.0	1.0	1.0	1
SMWB	6.7	1.0	2.0	1.0	1
STE	5.8	1.5	1.0	1.0	2
SSMR	6.7	1.0	2.0	1.0	1
STT	7.5	2.0	1.5	1.0	2
SXC	5.8	2.0	0.5	1.0	2
SUI.US	6.7	1.0	2.0	1.0	1
SON	3.3	0.0	1.0	1.0	2
SQM	5.8	2.0	0.5	1.0	2
STWD	5.0	0.0	2.0	1.0	2
SW	6.7	1.0	2.0	1.0	1
STM.US	6.7	1.0	2.0	1.0	1
TD	7.5	2.0	1.5	1.0	2
TDG	5.8	1.0	1.5	1.0	2
TDW	5.0	0.0	2.0	1.0	2
SPB	3.3	1.0	0.0	1.0	1
TAL	5.0	2.0	0.0	1.0	2
TFPM	7.5	2.0	1.5	1.0	2
TGLS	5.0	0.0	2.0	1.0	2
THC	5.8	2.0	0.5	1.0	2
TBBB	6.7	1.0	2.0	1.0	1
TIC	6.7	1.0	2.0	1.0	1
SYF	5.0	0.5	1.5	1.0	2
TECK	5.0	2.0	0.0	1.0	2
TEX	7.5	2.0	1.5	1.0	2
T.US	5.0	1.0	1.0	1.0	2
TOPS	3.3	0.0	1.0	1.0	1
TEN.US	5.0	2.0	0.0	1.0	2
TNK	5.0	2.0	0.0	1.0	2
TPC	7.5	2.0	1.5	1.0	2
TPVG	2.5	0.0	0.5	1.0	2
TREX	4.2	0.0	1.5	1.0	2
TRV	5.0	2.0	0.0	1.0	2
TRP	5.8	1.5	1.0	1.0	2
TKR	4.2	0.0	1.5	1.0	2
TK	6.7	2.0	1.0	1.0	1
TSLX	3.3	0.0	1.0	1.0	2
TV	5.0	1.0	1.0	1.0	1
TX	7.5	2.0	1.5	1.0	2
TTE	5.8	2.0	0.5	1.0	2
TYL	6.7	1.5	1.5	1.0	2
UDR	6.7	2.0	1.0	1.0	1
TMP	6.7	2.0	1.0	1.0	2
UL.US	4.2	0.5	1.0	1.0	2
TM	6.7	2.0	1.0	1.0	1
TT	5.8	1.0	1.5	1.0	2
TRN.US	5.8	2.0	0.5	1.0	2
UMH	6.7	2.0	1.0	1.0	1
UNH	7.5	2.0	1.5	1.0	2
USFD	7.5	2.0	1.5	1.0	2
UUUU	6.7	1.0	2.0	1.0	1
UWMC	6.7	1.0	2.0	1.0	1
UHS	5.0	1.0	1.0	1.0	2
VGNT	5.8	1.5	1.0	1.0	2
VET.US	6.7	1.0	2.0	1.0	1
VIK	8.3	2.0	2.0	1.0	2
URI	7.5	2.0	1.5	1.0	2
UAA	6.7	1.0	2.0	1.0	1
UBER	8.3	2.0	2.0	1.0	2
UFI	4.2	1.0	0.5	1.0	1
UTI	3.3	0.0	1.0	1.0	1
VLTO	5.0	1.0	1.0	1.0	2
VRT	8.3	2.0	2.0	1.0	2
VST	5.0	0.5	1.5	1.0	2
VTEX	8.3	2.0	2.0	1.0	2
VOYA.US	5.0	0.0	2.0	1.0	2
VAL.US	5.0	0.0	2.0	1.0	2
WAT	5.8	1.0	1.5	1.0	1
VIST	7.5	2.0	1.5	1.0	2
WDS	5.8	2.0	0.5	1.0	2
VLN	6.7	1.0	2.0	1.0	1
VMRK	2.5	0.0	0.5	1.0	2
WHR	8.3	2.0	2.0	1.0	2
VTR	6.7	1.0	2.0	1.0	2
WKC	3.3	1.0	0.0	1.0	1
W.US	6.7	1.0	2.0	1.0	1
WCC	6.7	1.5	1.5	1.0	2
WF	5.8	1.0	1.5	1.0	2
WPP	3.3	0.0	1.0	1.0	2
WH	6.7	1.5	1.5	1.0	2
WS	5.8	1.0	1.5	1.0	1
WELL.US	7.5	2.0	1.5	1.0	2
WST	6.7	1.5	1.5	1.0	2
XHR	6.7	1.0	2.0	1.0	1
WM	5.8	1.0	1.5	1.0	2
VVX	6.7	1.5	1.5	1.0	2
WMS	6.7	1.5	1.5	1.0	2
YELP	3.3	0.0	1.0	1.0	2
XYZ	5.0	0.0	2.0	1.0	2
WOR	7.5	2.0	1.5	1.0	2
ZBH	6.7	2.0	1.0	1.0	2
ZGN	5.0	0.0	2.0	1.0	2
ZIP	3.3	1.0	0.0	1.0	1
XPER	6.7	1.0	2.0	1.0	1
XPOF	6.7	1.0	2.0	1.0	1
ZWS	7.5	2.0	1.5	1.0	2
OCSL	2.5	0.0	0.5	1.0	2
OBT	6.7	2.0	1.0	1.0	2
ODFL	7.5	2.0	1.5	1.0	2
OFLX	3.3	0.0	1.0	1.0	1
OLLI	6.7	2.0	1.0	1.0	2
YMM	5.8	1.0	1.5	1.0	2
YXT	6.7	1.0	2.0	1.0	1
YSS	6.7	1.0	2.0	1.0	1
ONC	8.3	2.0	2.0	1.0	2
OMAB	5.8	1.0	1.5	1.0	2
WTRG	4.2	0.5	1.0	1.0	2
WU	4.2	0.0	1.5	1.0	2
ORKA	3.3	1.0	0.0	1.0	1
OSIS	5.8	1.0	1.5	1.0	2
OTEX	6.7	2.0	1.0	1.0	2
OZK	4.2	0.5	1.0	1.0	2
OKTA	7.5	2.0	1.5	1.0	2
TGS.OL	6.7	1.0	2.0	1.0	1
OMER	6.7	1.0	2.0	1.0	1
OPAL	4.2	0.0	1.5	1.0	2
CNDA	3.3	0.0	1.0	1.0	1
OPK	3.3	1.0	0.0	1.0	1
OPRX	5.8	1.0	1.5	1.0	1
OUST	6.7	1.0	2.0	1.0	1
SBNY	5.8	1.5	1.0	1.0	1
STB.OL	6.7	1.5	1.5	1.0	2
PAHC	6.7	2.0	1.0	1.0	2
MDRX	3.3	0.0	1.0	1.0	1
PAAS	8.3	2.0	2.0	1.0	2
NTDOY	6.7	2.0	1.0	1.0	1
PCTY	7.5	2.0	1.5	1.0	2
PDD	5.0	0.0	2.0	1.0	2
SDZNY	4.2	0.0	1.5	1.0	2
PEP	6.7	2.0	1.0	1.0	2
PFIS	4.2	0.0	1.5	1.0	2
PAX	3.3	0.0	1.0	1.0	2
PAYS	8.3	2.0	2.0	1.0	2
PICS	8.3	2.0	2.0	1.0	2
PDSB	6.7	1.0	2.0	1.0	1
PEGA	3.3	0.0	1.0	1.0	2
PLSE	4.2	1.0	0.5	1.0	1
PMTS	7.5	2.0	1.5	1.0	2
PONY	4.2	1.0	0.5	1.0	1
POWL	6.7	1.0	2.0	1.0	2
PGNY	7.5	2.0	1.5	1.0	2
PPLI	5.0	2.0	0.0	1.0	2
PBYI	6.7	2.0	1.0	1.0	1
PRCT	6.7	1.0	2.0	1.0	1
PRLD	5.0	1.0	1.0	1.0	1
PLAB	6.7	2.0	1.0	1.0	2
PROK	4.2	1.0	0.5	1.0	1
PLMR	6.7	1.5	1.5	1.0	2
PLUG	6.7	1.0	2.0	1.0	1
PODD	7.5	2.0	1.5	1.0	2
PSMT	6.7	1.5	1.5	1.0	2
PVLA	3.3	1.0	0.0	1.0	1
ABCA.PA	5.0	2.0	0.0	1.0	2
PRAA	5.0	2.0	0.0	1.0	2
ABVX.PA	5.8	1.0	1.5	1.0	1
ALAFY.PA	6.7	1.0	2.0	1.0	1
PSEC	4.2	1.0	0.5	1.0	1
PRTA	3.3	1.0	0.0	1.0	1
ALAVI.PA	5.0	0.0	2.0	1.0	2
PTEN	6.7	1.0	2.0	1.0	1
PTON	5.0	2.0	0.0	1.0	2
ALCAF.PA	4.2	0.5	1.0	1.0	1
ALCGM.PA	8.3	2.0	2.0	1.0	2
PZZA	4.2	0.0	1.5	1.0	2
ALCLA.PA	3.3	0.0	1.0	1.0	2
ALDBT.PA	4.2	1.0	0.5	1.0	1
ALECO.PA	6.7	1.0	2.0	1.0	1
ALDLT.PA	3.3	0.0	1.0	1.0	1
ALENO.PA	8.3	2.0	2.0	1.0	2
AF.PA	5.0	0.0	2.0	1.0	2
AKE.PA	7.5	2.0	1.5	1.0	2
ALGEN.PA	3.3	0.0	1.0	1.0	1
ALHRS.PA	6.7	1.0	2.0	1.0	1
ALCRB.PA	5.0	1.0	1.0	1.0	1
ALESE.PA	6.7	1.0	2.0	1.0	1
ALFRE.PA	4.2	0.5	1.0	1.0	2
ALKAL.PA	6.7	1.0	2.0	1.0	1
ALKLA.PA	3.3	0.0	1.0	1.0	1
ALLOG.PA	5.0	0.0	2.0	1.0	2
ALMOU.PA	6.7	2.0	1.0	1.0	1
ALBOA.PA	3.3	0.0	1.0	1.0	1
ALNXT.PA	8.3	2.0	2.0	1.0	2
ALFLO.PA	5.0	1.0	1.0	1.0	1
ALPRG.PA	5.8	2.0	0.5	1.0	2
ALMIN.PA	5.0	2.0	0.0	1.0	2
ALMDG.PA	4.2	0.0	1.5	1.0	2
ALSMA.PA	6.7	1.0	2.0	1.0	1
ALLDL.PA	6.7	1.0	2.0	1.0	1
ALTA.PA	8.3	2.0	2.0	1.0	2
ALOKW.PA	6.7	1.0	2.0	1.0	1
ALVU.PA	5.8	1.0	1.5	1.0	2
ALPWG.PA	6.7	1.0	2.0	1.0	1
ATE.PA	6.7	2.0	1.0	1.0	2
AUB.PA	6.7	2.0	1.0	1.0	2
ALTUV.PA	3.3	0.0	1.0	1.0	1
ALVDM.PA	5.0	1.0	1.0	1.0	2
BIM.PA	6.7	2.0	1.0	1.0	2
AM.PA	6.7	1.0	2.0	1.0	2
ALSPW.PA	4.2	1.0	0.5	1.0	1
AYV.PA	4.2	0.5	1.0	1.0	2
BB.PA	6.7	2.0	1.0	1.0	2
CDA.PA	5.0	1.0	1.0	1.0	2
CIV.PA	6.7	2.0	1.0	1.0	1
COTY.PA	3.3	1.0	0.0	1.0	1
BON.PA	6.7	1.0	2.0	1.0	1
BVI.PA	3.3	0.0	1.0	1.0	2
BNP.PA	7.5	2.0	1.5	1.0	2
CAP.PA	3.3	0.0	1.0	1.0	2
ARAMI.PA	5.0	0.0	2.0	1.0	2
CRI.PA	3.3	1.0	0.0	1.0	1
CRSU.PA	6.7	2.0	1.0	1.0	1
CVX.PA	5.0	1.0	1.0	1.0	1
EAPI.PA	6.7	1.0	2.0	1.0	1
DIM.PA	8.3	2.0	2.0	1.0	2
DEC.PA	7.5	2.0	1.5	1.0	2
CBOT.PA	4.2	1.0	0.5	1.0	2
EXE.PA	6.7	1.0	2.0	1.0	1
FDE.PA	5.0	0.0	2.0	1.0	2
CO.PA	6.7	1.0	2.0	1.0	1
FGR.PA	6.7	1.5	1.5	1.0	2
CRAP.PA	5.0	1.0	1.0	1.0	1
FR.PA	6.7	1.0	2.0	1.0	2
GET.PA	5.0	1.0	1.0	1.0	2
GBT.PA	6.7	1.0	2.0	1.0	1
GLO.PA	5.8	1.0	1.5	1.0	2
EMEIS.PA	6.7	1.0	2.0	1.0	1
ENX.PA	5.8	1.5	1.0	1.0	2
ELEC.PA	3.3	0.0	1.0	1.0	1
ERF.PA	7.5	2.0	1.5	1.0	2
IPS.PA	3.3	0.0	1.0	1.0	2
INF.PA	6.7	2.0	1.0	1.0	2
LBIRD.PA	6.7	1.0	2.0	1.0	2
IDL.PA	7.5	1.5	2.0	1.0	2
KOF.PA	5.0	1.0	1.0	1.0	2
MC.PA	5.0	0.5	1.5	1.0	2
MAAT.PA	6.7	1.0	2.0	1.0	1
MEMS.PA	6.7	2.0	1.0	1.0	1
MRN.PA	6.7	1.0	2.0	1.0	2
GRVO.PA	3.3	0.0	1.0	1.0	1
NK.PA	5.8	1.0	1.5	1.0	2
HCO.PA	6.7	1.0	2.0	1.0	1
NRO.PA	5.8	1.5	1.0	1.0	1
IAM.PA	3.3	0.0	1.0	1.0	1
PEUG.PA	5.0	1.5	0.5	1.0	2
LIN.PA	5.0	0.5	1.5	1.0	2
LR.PA	5.8	1.0	1.5	1.0	2
ML.PA	5.8	1.0	1.5	1.0	1
OSE.PA	5.8	1.0	1.5	1.0	1
PLX.PA	5.0	1.0	1.0	1.0	2
S30.PA	5.8	1.0	1.5	1.0	1
OPM.PA	6.7	1.5	1.5	1.0	2
SAN.PA	3.3	0.0	1.0	1.0	2
PRC.PA	3.3	0.0	1.0	1.0	1
SK.PA	6.7	1.0	2.0	1.0	1
RBO.PA	4.2	0.0	1.5	1.0	2
RNO.PA	5.0	1.0	1.0	1.0	1
TE.PA	5.0	0.0	2.0	1.0	2
TNG.PA	3.3	1.0	0.0	1.0	1
TFI.PA	3.3	0.0	1.0	1.0	2
VANTI.PA	6.7	1.0	2.0	1.0	1
SCHP.PA	5.0	0.0	2.0	1.0	2
SOP.PA	5.8	1.0	1.5	1.0	2
RF.PA	6.7	1.0	2.0	1.0	1
VLA.PA	6.7	1.0	2.0	1.0	1
SU.PA	7.5	2.0	1.5	1.0	2
VRLA.PA	5.0	0.0	2.0	1.0	2
SESG.PA	6.7	1.0	2.0	1.0	1
QBTS	3.3	1.0	0.0	1.0	1
QLYS	5.8	1.5	1.0	1.0	2
UBI.PA	6.7	1.0	2.0	1.0	1
VIE.PA	5.0	1.0	1.0	1.0	2
STF.PA	7.5	2.0	1.5	1.0	2
VIRP.PA	5.8	1.0	1.5	1.0	2
RCKY	5.0	2.0	0.0	1.0	2
WAVE.PA	5.8	1.0	1.5	1.0	2
QDEL	6.7	1.0	2.0	1.0	1
RDNW	6.7	1.0	2.0	1.0	1
QURE	6.7	1.0	2.0	1.0	1
REPL	6.7	1.0	2.0	1.0	1
RBB	5.0	1.0	1.0	1.0	2
RGNX	5.8	1.0	1.5	1.0	1
QRVO	6.7	2.0	1.0	1.0	2
RELY	5.0	2.0	0.0	1.0	2
REAL	6.7	1.0	2.0	1.0	1
REGN	5.0	0.5	1.5	1.0	2
QTRX	3.3	1.0	0.0	1.0	1
RKLB	6.7	1.0	2.0	1.0	1
RCAT	6.7	1.0	2.0	1.0	1
ROST	6.7	2.0	1.0	1.0	2
RPRX	3.3	0.0	1.0	1.0	2
RRGB	5.0	0.0	2.0	1.0	2
RILY	3.3	0.0	1.0	1.0	1
RMBS	7.5	1.5	2.0	1.0	2
ROAD	8.3	2.0	2.0	1.0	2
ROKU	8.3	2.0	2.0	1.0	2
RYAAY	4.2	0.0	1.5	1.0	2
RUSHB.US	5.0	1.0	1.0	1.0	1
RXRX	5.0	1.0	1.0	1.0	1
RGCO	5.0	1.0	1.0	1.0	1
SANM	7.5	2.0	1.5	1.0	2
SEZL	8.3	2.0	2.0	1.0	2
SFWL	5.0	1.0	1.0	1.0	1
SFM	4.2	0.5	1.0	1.0	2
SGML	6.7	1.0	2.0	1.0	1
RUM	3.3	1.0	0.0	1.0	1
SAIL	6.7	1.0	2.0	1.0	1
SEDG	6.7	1.0	2.0	1.0	1
SIGI	6.7	2.0	1.0	1.0	2
SCYX	6.7	1.0	2.0	1.0	1
SITM	6.7	1.0	2.0	1.0	1
SHLS	5.0	0.0	2.0	1.0	2
SHC	6.7	2.0	1.0	1.0	2
SGRY	3.3	1.0	0.0	1.0	1
SLAB	6.7	1.0	2.0	1.0	1
SMMT	4.2	1.0	0.5	1.0	1
SHOP	8.3	2.0	2.0	1.0	2
SNDX	6.7	1.0	2.0	1.0	1
SENEA	6.7	2.0	1.0	1.0	1
SINT	6.7	1.0	2.0	1.0	1
SKIN	6.7	1.0	2.0	1.0	1
SPCX	6.7	1.0	2.0	1.0	1
SLRC	3.3	0.0	1.0	1.0	2
SPRY	6.7	1.0	2.0	1.0	1
SLDP	3.3	1.0	0.0	1.0	1
SPTX	6.7	1.0	2.0	1.0	1
SSRM	5.8	1.0	1.5	1.0	2
SMTI	6.7	1.0	2.0	1.0	1
SPOK	4.2	0.5	1.0	1.0	1
SNPS	8.3	2.0	2.0	1.0	2
SUJA	6.7	1.0	2.0	1.0	1
SOLS	7.5	2.0	1.5	1.0	2
SWMR	6.7	1.0	2.0	1.0	1
SYNA	6.7	1.0	2.0	1.0	1
STBA	5.8	1.5	1.0	1.0	2
STRA	6.7	1.5	1.5	1.0	2
STRO	6.7	1.0	2.0	1.0	1
SVRA	6.7	1.0	2.0	1.0	1
AAK.ST	7.5	2.0	1.5	1.0	2
AFRY.ST	5.8	1.0	1.5	1.0	2
SRCE	6.7	2.0	1.0	1.0	2
BALDB.ST	4.2	0.5	1.0	1.0	2
BETSB.ST	4.2	0.0	1.5	1.0	2
ALLEI.ST	8.3	2.0	2.0	1.0	2
BIOGb.ST	7.5	1.5	2.0	1.0	2
BRAV.ST	8.3	2.0	2.0	1.0	2
ASKER.ST	7.5	2.0	1.5	1.0	2
CIBUS.ST	5.0	1.0	1.0	1.0	2
DYVOX.ST	8.3	2.0	2.0	1.0	2
COFFEEB.ST	5.8	1.0	1.5	1.0	1
ERIC-A.ST	3.3	0.0	1.0	1.0	1
EVO.ST	5.8	1.0	1.5	1.0	2
HEXA-B.ST	5.0	1.0	1.0	1.0	1
ATCO-A.ST	6.7	1.0	2.0	1.0	2
ANODb.ST	5.0	0.0	2.0	1.0	2
HOFI.ST	7.5	2.0	1.5	1.0	2
INDU-A.ST	6.7	2.0	1.0	1.0	1
EMBRACB.ST	6.7	1.0	2.0	1.0	1
EPIA.ST	7.5	1.5	2.0	1.0	2
LAGRb.ST	6.7	1.5	1.5	1.0	2
CAMX.ST	5.8	0.5	2.0	1.0	2
JM.ST	6.7	1.0	2.0	1.0	1
INWI.ST	7.5	2.0	1.5	1.0	2
MYCR.ST	5.8	1.5	1.0	1.0	2
LUMI.ST	8.3	2.0	2.0	1.0	2
HTRO.ST	7.5	2.0	1.5	1.0	2
INTRUM.ST	5.0	0.0	2.0	1.0	2
PEABb.ST	7.5	2.0	1.5	1.0	2
MMGRb.ST	7.5	2.0	1.5	1.0	2
LIFCOb.ST	6.7	1.5	1.5	1.0	2
NOLAb.ST	5.0	0.0	2.0	1.0	2
SHB-A.ST	4.2	0.5	1.0	1.0	2
SINCH.ST	7.5	2.0	1.5	1.0	2
OVZON.ST	6.7	2.0	1.0	1.0	2
SKF-A.ST	6.7	2.0	1.0	1.0	1
SLPb.ST	5.0	1.0	1.0	1.0	2
STORYb.ST	7.5	2.0	1.5	1.0	2
SWED-A.ST	5.0	0.5	1.5	1.0	2
ROKOb.ST	6.7	1.5	1.5	1.0	2
TEL2B.ST	4.2	1.0	0.5	1.0	2
VIMIAN.ST	6.7	1.0	2.0	1.0	2
TREL-B.ST	6.7	1.5	1.5	1.0	2
VOLV-A.ST	6.7	2.0	1.0	1.0	1
WIHL.ST	3.3	0.0	1.0	1.0	2
SECTb.ST	8.3	2.0	2.0	1.0	2
SAGAb.ST	6.7	2.0	1.0	1.0	2
ALU.ASX	3.3	1.0	0.0	1.0	1
AD8.ASX	6.7	1.0	2.0	1.0	1
AMP.ASX	6.7	2.0	1.0	1.0	2
ALD.ASX	3.3	1.0	0.0	1.0	1
AOV.ASX	5.0	1.0	1.0	1.0	1
ARB.ASX	5.8	1.0	1.5	1.0	2
BAP.ASX	6.7	1.0	2.0	1.0	1
BOE.ASX	6.7	1.0	2.0	1.0	1
CDA.ASX	6.7	2.0	1.0	1.0	2
ZZb.ST	6.7	2.0	1.0	1.0	2
CKF.ASX	5.8	1.0	1.5	1.0	1
CMW.ASX	6.7	2.0	1.0	1.0	2
AUB.ASX	3.3	0.0	1.0	1.0	2
BRG.ASX	5.8	1.0	1.5	1.0	2
BGL.ASX	6.7	1.0	2.0	1.0	1
CXO.ASX	4.2	1.0	0.5	1.0	1
COL.ASX	5.8	1.5	1.0	1.0	2
CQR.ASX	6.7	2.0	1.0	1.0	2
CTD.ASX	5.0	1.0	1.0	1.0	1
ELV.ASX	3.3	1.0	0.0	1.0	1
CAR.ASX	6.7	1.5	1.5	1.0	2
CHN.ASX	4.2	1.0	0.5	1.0	1
DNL.ASX	6.7	2.0	1.0	1.0	2
HLS.ASX	6.7	1.0	2.0	1.0	1
DXS.ASX	5.8	1.5	1.0	1.0	2
DRR.ASX	3.3	0.0	1.0	1.0	2
FMG.ASX	2.5	0.0	0.5	1.0	2
GMG.ASX	7.5	2.0	1.5	1.0	2
HVN.ASX	3.3	0.0	1.0	1.0	2
ING.ASX	5.0	0.0	2.0	1.0	2
GPT.ASX	6.7	2.0	1.0	1.0	2
JBH.ASX	5.0	1.0	1.0	1.0	2
IEL.ASX	5.8	1.0	1.5	1.0	1
MAQ.ASX	4.2	0.5	1.0	1.0	2
EVT.ASX	7.5	2.0	1.5	1.0	2
MTS.ASX	4.2	0.5	1.0	1.0	2
KAR.ASX	5.0	0.0	2.0	1.0	2
IMD.ASX	7.5	2.0	1.5	1.0	2
NIC.ASX	8.3	2.0	2.0	1.0	2
LIC.ASX	6.7	1.0	2.0	1.0	1
NUF.ASX	8.3	2.0	2.0	1.0	2
NAN.ASX	5.0	0.0	2.0	1.0	2
NWL.ASX	5.8	1.0	1.5	1.0	2
LOV.ASX	7.5	2.0	1.5	1.0	2
MIN.ASX	3.3	1.0	0.0	1.0	1
RDX.ASX	6.7	2.0	1.0	1.0	2
NEU.ASX	5.0	0.0	2.0	1.0	2
PDN.ASX	6.7	1.0	2.0	1.0	1
PPT.ASX	5.0	1.0	1.0	1.0	1
PXA.ASX	3.3	1.0	0.0	1.0	1
MP1.ASX	6.7	1.0	2.0	1.0	1
SCG.ASX	6.7	2.0	1.0	1.0	2
SEK.ASX	6.7	1.0	2.0	1.0	1
ORA.ASX	5.8	1.0	1.5	1.0	1
SPK.ASX	5.8	1.0	1.5	1.0	1
RIO.ASX	6.7	2.0	1.0	1.0	2
SUN.ASX	5.0	1.0	1.0	1.0	2
TCL.ASX	3.3	0.0	1.0	1.0	2
SGM.ASX	5.0	1.0	1.0	1.0	1
SHL.ASX	6.7	2.0	1.0	1.0	2
TPW.ASX	6.7	1.0	2.0	1.0	1
RGN.ASX	3.3	0.0	1.0	1.0	2
PMV.ASX	5.0	1.0	1.0	1.0	1
VCX.ASX	5.8	1.5	1.0	1.0	2
RRL.ASX	6.7	2.0	1.0	1.0	2
WEB.ASX	6.7	1.0	2.0	1.0	1
WHC.ASX	3.3	0.0	1.0	1.0	2
TBCH	6.7	1.0	2.0	1.0	1
TLX.ASX	3.3	1.0	0.0	1.0	1
VUL.ASX	3.3	1.0	0.0	1.0	1
SLX.ASX	6.7	1.0	2.0	1.0	1
WBC.ASX	5.0	1.0	1.0	1.0	2
WOW.ASX	7.5	2.0	1.5	1.0	2
TENB	5.0	1.0	1.0	1.0	1
TARS	6.7	1.0	2.0	1.0	1
XRO.ASX	5.0	0.0	2.0	1.0	2
TEAM	6.7	1.0	2.0	1.0	1
TMDX	5.0	0.0	2.0	1.0	2
TNGX	3.3	1.0	0.0	1.0	1
TCBI	5.8	1.0	1.5	1.0	2
TFSL	6.7	2.0	1.0	1.0	2
TIPT	6.7	2.0	1.0	1.0	1
TIGO	5.0	0.0	2.0	1.0	2
TRAX	5.8	1.0	1.5	1.0	1
TRMK	5.8	1.5	1.0	1.0	2
TRI	7.5	2.0	1.5	1.0	2
TRUP	3.3	0.0	1.0	1.0	2
TROW	6.7	2.0	1.0	1.0	2
TSHA	5.0	1.0	1.0	1.0	1
TSBK	5.0	1.0	1.0	1.0	1
TSSI	5.0	0.5	1.5	1.0	2
TTWO	6.7	1.0	2.0	1.0	1
TW	6.7	1.5	1.5	1.0	2
TTEC	6.7	1.0	2.0	1.0	1
TLN	6.7	1.0	2.0	1.0	1
TZOO	6.7	1.0	2.0	1.0	1
TMC	6.7	1.0	2.0	1.0	1
1721.T	6.7	2.0	1.0	1.0	1
1803.T	6.7	2.0	1.0	1.0	1
2871.T	6.7	2.0	1.0	1.0	1
TOWN	7.5	2.0	1.5	1.0	2
TXN	8.3	2.0	2.0	1.0	2
2002.T	3.3	0.0	1.0	1.0	1
1925.T	5.0	1.0	1.0	1.0	1
2413.T	3.3	0.0	1.0	1.0	1
2502.T	6.7	2.0	1.0	1.0	1
3405.T	6.7	2.0	1.0	1.0	1
3659.T	6.7	2.0	1.0	1.0	1
4042.T	6.7	2.0	1.0	1.0	1
4183.T	6.7	2.0	1.0	1.0	1
4062.T	6.7	2.0	1.0	1.0	1
4307.T	5.8	1.5	1.0	1.0	1
4452.T	6.7	2.0	1.0	1.0	1
4523.T	6.7	2.0	1.0	1.0	1
4578.T	6.7	2.0	1.0	1.0	1
4704.T	3.3	0.0	1.0	1.0	1
3382.T	6.7	2.0	1.0	1.0	1
5108.T	6.7	2.0	1.0	1.0	1
5333.T	6.7	2.0	1.0	1.0	1
2801.T	6.7	2.0	1.0	1.0	1
4004.T	6.7	2.0	1.0	1.0	1
3092.T	5.0	1.0	1.0	1.0	1
4506.T	6.7	2.0	1.0	1.0	1
4901.T	3.3	0.0	1.0	1.0	1
6103.T	6.7	2.0	1.0	1.0	1
5019.T	6.7	2.0	1.0	1.0	1
6178.T	6.7	2.0	1.0	1.0	1
5233.T	6.7	2.0	1.0	1.0	1
6361.T	4.2	0.5	1.0	1.0	1
5411.T	6.7	2.0	1.0	1.0	1
6472.T	6.7	2.0	1.0	1.0	1
6501.T	4.2	0.5	1.0	1.0	1
5714.T	6.7	2.0	1.0	1.0	1
6302.T	6.7	2.0	1.0	1.0	1
6506.T	3.3	0.0	1.0	1.0	1
6645.T	6.7	2.0	1.0	1.0	1
6762.T	6.7	2.0	1.0	1.0	1
6752.T	6.7	2.0	1.0	1.0	1
6963.T	6.7	2.0	1.0	1.0	1
7186.T	5.8	1.5	1.0	1.0	1
6857.T	6.7	2.0	1.0	1.0	1
7203.T	6.7	2.0	1.0	1.0	1
7751.T	6.7	2.0	1.0	1.0	1
6920.T	3.3	0.0	1.0	1.0	1
7974.T	6.7	2.0	1.0	1.0	1
6702.T	3.3	0.0	1.0	1.0	1
6981.T	6.7	2.0	1.0	1.0	1
7011.T	6.7	2.0	1.0	1.0	1
8053.T	5.8	1.5	1.0	1.0	1
8304.T	6.7	2.0	1.0	1.0	1
7267.T	6.7	2.0	1.0	1.0	1
8252.T	5.8	1.5	1.0	1.0	1
7272.T	6.7	2.0	1.0	1.0	1
7733.T	6.7	2.0	1.0	1.0	1
8309.T	6.7	2.0	1.0	1.0	1
8601.T	6.7	2.0	1.0	1.0	1
8802.T	6.7	2.0	1.0	1.0	1
8354.T	6.7	2.0	1.0	1.0	1
7911.T	6.7	2.0	1.0	1.0	1
9008.T	4.2	0.5	1.0	1.0	1
9021.T	3.3	0.0	1.0	1.0	1
9147.T	6.7	2.0	1.0	1.0	1
9432.T	5.0	1.0	1.0	1.0	1
9735.T	4.2	0.5	1.0	1.0	1
8015.T	6.7	2.0	1.0	1.0	1
9983.T	6.7	2.0	1.0	1.0	1
8766.T	3.3	0.0	1.0	1.0	1
9001.T	5.0	1.0	1.0	1.0	1
9101.T	6.7	2.0	1.0	1.0	1
UPB	5.0	1.0	1.0	1.0	1
UPST	8.3	2.0	2.0	1.0	2
9531.T	3.3	0.0	1.0	1.0	1
URBN	7.5	2.0	1.5	1.0	2
UFCS	5.8	2.0	0.5	1.0	2
UBSI	5.0	1.0	1.0	1.0	2
VABK	6.7	2.0	1.0	1.0	1
VCEL	6.7	1.0	2.0	1.0	1
ULCC	6.7	1.0	2.0	1.0	1
VERI	6.7	1.0	2.0	1.0	1
VIRC	3.3	0.0	1.0	1.0	1
VICR	8.3	2.0	2.0	1.0	2
VKTX	5.0	1.0	1.0	1.0	1
USAR	6.7	1.0	2.0	1.0	1
UTHR	5.8	1.0	1.5	1.0	2
UHAL	5.0	0.0	2.0	1.0	2
VRRM	3.3	1.0	0.0	1.0	1
VRDN	6.7	1.0	2.0	1.0	1
VECO	6.7	1.0	2.0	1.0	2
VSNT	5.0	0.0	2.0	1.0	2
VERX	6.7	1.0	2.0	1.0	1
WASH	6.7	2.0	1.0	1.0	2
WB	3.3	0.0	1.0	1.0	2
UMBF	6.7	2.0	1.0	1.0	2
WBTN	6.7	1.0	2.0	1.0	1
WDFC	6.7	2.0	1.0	1.0	2
WGS	6.7	1.0	2.0	1.0	1
VRTX	6.7	1.0	2.0	1.0	2
VTRS	5.0	1.0	1.0	1.0	1
VOD	6.7	1.0	2.0	1.0	1
WVE	4.2	1.0	0.5	1.0	1
WIX	6.7	1.0	2.0	1.0	1
WMG	5.8	1.0	1.5	1.0	1
WRD	5.8	1.0	1.5	1.0	1
XE	5.0	1.0	1.0	1.0	1
XERS	6.7	1.0	2.0	1.0	1
WSFS	5.8	1.5	1.0	1.0	2
WABC	4.2	0.5	1.0	1.0	2
WTFC	5.8	1.5	1.0	1.0	2
ZG	6.7	1.0	2.0	1.0	1
WYFI	6.7	1.0	2.0	1.0	1
ZS	5.8	1.0	1.5	1.0	1
XP	5.8	1.0	1.5	1.0	2
WSBF	5.0	1.0	1.0	1.0	1
ZVRA	2.5	0.0	0.5	1.0	2
ZLAB	5.0	1.0	1.0	1.0	1
ACLN.ZU	7.5	2.0	1.5	1.0	2
ZBIO	5.8	1.0	1.5	1.0	1
BAER.ZU	6.7	2.0	1.0	1.0	2
BUCN.ZU	4.2	0.0	1.5	1.0	2
YORW.US	6.7	2.0	1.0	1.0	1
AMRZ.ZU	6.7	1.5	1.5	1.0	2
GEBN.ZU	5.8	1.5	1.0	1.0	2
KNIN.ZU	5.8	1.5	1.0	1.0	2
XRAY	5.0	1.0	1.0	1.0	1
FHZN.ZU	4.2	1.0	0.5	1.0	2
LOGN.ZU	6.7	2.0	1.0	1.0	2
PPGN.ZU	6.7	1.0	2.0	1.0	1
SQN.ZU	5.0	0.5	1.5	1.0	2
SGSN.ZU	4.2	0.5	1.0	1.0	2
DAE.ZU	6.7	1.0	2.0	1.0	2
SMG.ZU	7.5	2.0	1.5	1.0	2
NOVN.ZU	4.2	0.0	1.5	1.0	2
SCHP.ZU	5.0	1.0	1.0	1.0	2
UBSG.ZU	6.7	1.5	1.5	1.0	2
ZURN.ZU	6.7	1.5	1.5	1.0	2
STMN.ZU	5.8	1.0	1.5	1.0	2
ABCL	3.3	1.0	0.0	1.0	1
ACHC	4.2	0.0	1.5	1.0	2
ABVX	5.0	1.0	1.0	1.0	1
ACDC	6.7	1.0	2.0	1.0	1
AAOI	6.7	1.0	2.0	1.0	1
ABOS	5.0	1.0	1.0	1.0	1
ACLS	5.0	0.0	2.0	1.0	2
ACRS	3.3	1.0	0.0	1.0	1
ADUS	6.7	2.0	1.0	1.0	2
ADAM	6.7	2.0	1.0	1.0	2
ADPT	6.7	1.0	2.0	1.0	1
AEHR	6.7	1.0	2.0	1.0	1
AFRM	8.3	2.0	2.0	1.0	2
AERT	5.8	1.5	1.0	1.0	1
AGIO	6.7	1.0	2.0	1.0	1
AGNC	4.2	1.0	0.5	1.0	1
AIOT	6.7	1.0	2.0	1.0	1
AHCO	6.7	1.0	2.0	1.0	1
ADI.US	8.3	2.0	2.0	1.0	2
AIRS	6.7	1.0	2.0	1.0	1
ALEC	4.2	1.0	0.5	1.0	1
ALAB	8.3	2.0	2.0	1.0	2
AKBA	3.3	1.0	0.0	1.0	1
ALGT	6.7	1.0	2.0	1.0	1
ALKT	6.7	1.0	2.0	1.0	1
ALNY	6.7	1.0	2.0	1.0	1
ALMR	6.7	1.0	2.0	1.0	1
AMBA	6.7	1.0	2.0	1.0	1
AMCX	5.8	1.0	1.5	1.0	1
AMKR	6.7	2.0	1.0	1.0	2
ALT.US	3.3	1.0	0.0	1.0	1
AMPL	6.7	1.0	2.0	1.0	1
ANDE	6.7	2.0	1.0	1.0	2
AMTX	6.7	1.0	2.0	1.0	1
ANTX	5.8	1.0	1.5	1.0	1
ANIK	4.2	1.0	0.5	1.0	1
APA	5.0	2.0	0.0	1.0	2
APGE	4.2	1.0	0.5	1.0	1
APPN	6.7	1.0	2.0	1.0	1
APOG	6.7	1.0	2.0	1.0	1
ARCT	4.2	1.0	0.5	1.0	1
ARBE	6.7	1.0	2.0	1.0	1
ARHS	5.8	1.5	1.0	1.0	2
ARRY	5.0	0.0	2.0	1.0	2
AROW	6.7	1.0	2.0	1.0	2
ASTE	5.0	0.0	2.0	1.0	2
ARWR	3.3	1.0	0.0	1.0	1
ASPI	3.3	1.0	0.0	1.0	1
ASUR	6.7	1.0	2.0	1.0	1
ATEC	6.7	1.0	2.0	1.0	1
ASML	8.3	2.0	2.0	1.0	2
ATRA	6.7	1.0	2.0	1.0	1
ATTO	6.7	1.0	2.0	1.0	1
AUGO	8.3	2.0	2.0	1.0	2
AVPT	7.5	2.0	1.5	1.0	2
AVAV	6.7	1.0	2.0	1.0	1
AVLN	5.0	1.0	1.0	1.0	1
AXGN	6.7	1.0	2.0	1.0	1
AYTU	6.7	1.0	2.0	1.0	1
ABN.NV	8.3	2.0	2.0	1.0	2
APAM.NV	8.3	2.0	2.0	1.0	2
AXS.NV	8.3	2.0	2.0	1.0	2
AGN.NV	5.0	1.0	1.0	1.0	2
ASML.NV	8.3	2.0	2.0	1.0	2
BFIT.NV	6.7	1.0	2.0	1.0	1
CRBN.NV	4.2	0.0	1.5	1.0	2
CVC.NV	4.2	0.0	1.5	1.0	2
FLOW.NV	2.5	0.0	0.5	1.0	2
HEIO.NV	7.5	2.0	1.5	1.0	2
HAVAS.NV	5.8	1.5	1.0	1.0	2
FAST.NV	6.7	1.0	2.0	1.0	1
KENDR.NV	5.8	1.0	1.5	1.0	2
INGA.NV	6.7	1.5	1.5	1.0	2
NSI.NV	4.2	1.0	0.5	1.0	1
MT.NV	5.0	0.0	2.0	1.0	2
PNL.NV	6.7	1.0	2.0	1.0	1
SIFG.NV	3.3	1.0	0.0	1.0	1
BBCP	8.3	2.0	2.0	1.0	2
BBSI	4.2	0.0	1.5	1.0	2
BCML	6.7	1.0	2.0	1.0	1
UMG.NV	3.3	0.0	1.0	1.0	2
BAND.US	5.0	1.0	1.0	1.0	1
BDTX	3.3	1.0	0.0	1.0	1
WHA.NV	3.3	0.0	1.0	1.0	2
BELFB	4.2	0.5	1.0	1.0	2
BHRB	3.3	0.0	1.0	1.0	2
BILI	8.3	2.0	2.0	1.0	2
VLK.NV	6.7	2.0	1.0	1.0	2
BKNG	7.5	2.0	1.5	1.0	2
BFST	5.8	1.0	1.5	1.0	2
BLKB	7.5	2.0	1.5	1.0	2
BLNK	5.0	1.0	1.0	1.0	1
BMBL	6.7	1.0	2.0	1.0	1
BMRN	5.0	0.0	2.0	1.0	2
BLBD	5.8	2.0	0.5	1.0	2
BOKF	6.7	2.0	1.0	1.0	2
BTMD	6.7	1.0	2.0	1.0	1
BSY	6.7	1.5	1.5	1.0	2
BUSE	6.7	2.0	1.0	1.0	2
BWIN	6.7	1.0	2.0	1.0	1
BZ	7.5	2.0	1.5	1.0	2
AZE.BR	5.0	1.0	1.0	1.0	2
ARGX.BR	8.3	2.0	2.0	1.0	2
AED.BR	6.7	2.0	1.0	1.0	2
BTLS.BR	6.7	1.0	2.0	1.0	1
BAR.BR	5.8	1.0	1.5	1.0	1
DECB.BR	7.5	2.0	1.5	1.0	2
COLR.BR	5.0	1.0	1.0	1.0	2
ECONB.BR	7.5	2.0	1.5	1.0	2
EVS.BR	5.8	2.0	0.5	1.0	2
HYL.BR	6.7	1.0	2.0	1.0	1
IEP.BR	6.7	2.0	1.0	1.0	1
JEN.BR	3.3	0.0	1.0	1.0	2
GBLB.BR	5.0	1.0	1.0	1.0	1
MONT.BR	3.3	0.0	1.0	1.0	2
OPTI.BR	6.7	1.0	2.0	1.0	1
KIN.BR	8.3	2.0	2.0	1.0	2
QRF.BR	6.7	2.0	1.0	1.0	2
OBEL.BR	7.5	2.0	1.5	1.0	2
TESB.BR	4.2	1.0	0.5	1.0	1
TITC.BR	6.7	2.0	1.0	1.0	1
WEB.BR	6.7	2.0	1.0	1.0	2
CACC	7.5	2.0	1.5	1.0	2
UMI.BR	6.7	2.0	1.0	1.0	2
CAN	6.7	1.0	2.0	1.0	1
VGP.BR	3.3	0.0	1.0	1.0	2
XIOR.BR	6.7	2.0	1.0	1.0	2
CARE	5.0	2.0	0.0	1.0	2
CCB	6.7	1.0	2.0	1.0	1
CASH	5.0	0.0	2.0	1.0	2
CBSH	5.0	1.0	1.0	1.0	2
CCSI	6.7	2.0	1.0	1.0	2
CAKE.US	7.5	2.0	1.5	1.0	2
CCCC	3.3	1.0	0.0	1.0	1
CDZI	5.0	1.0	1.0	1.0	1
CDNS	7.5	2.0	1.5	1.0	2
CELC	6.7	1.0	2.0	1.0	1
CFFN	7.5	2.0	1.5	1.0	2
CERS	6.7	1.0	2.0	1.0	1
CGC	3.3	1.0	0.0	1.0	1
CGNX	7.5	2.0	1.5	1.0	2
CHKP	4.2	0.5	1.0	1.0	2
CHCO	4.2	0.5	1.0	1.0	2
CHRW	7.5	2.0	1.5	1.0	2
CIFR	6.7	1.0	2.0	1.0	1
CLAR	3.3	1.0	0.0	1.0	1
CATY	5.8	1.5	1.0	1.0	2
CLDX	4.2	1.0	0.5	1.0	1
CLMB	5.8	0.5	2.0	1.0	2
CLOV	5.0	1.0	1.0	1.0	1
CMCO	6.7	1.0	2.0	1.0	1
CMRC	6.7	1.0	2.0	1.0	1
COCO	7.5	2.0	1.5	1.0	2
COO	6.7	2.0	1.0	1.0	2
COST	5.8	1.5	1.0	1.0	2
COLB	6.7	2.0	1.0	1.0	2
CRAI	6.7	1.5	1.5	1.0	2
CRCT	5.0	2.0	0.0	1.0	2
COGT	6.7	1.0	2.0	1.0	1
CRNC	5.0	1.0	1.0	1.0	1
CSGP	8.3	2.0	2.0	1.0	2
CRWD	6.7	1.0	2.0	1.0	1
CRIS	6.7	1.0	2.0	1.0	1
CSWC	4.2	0.5	1.0	1.0	2
CTBI	5.8	1.5	1.0	1.0	2
CRSR	4.2	1.0	0.5	1.0	1
CVCO	5.0	0.0	2.0	1.0	2
CVRX	5.0	1.0	1.0	1.0	1
CTRN	6.7	1.0	2.0	1.0	1
CZR	6.7	1.0	2.0	1.0	1
BO.CO	6.7	1.0	2.0	1.0	1
CHEMM.CO	8.3	2.0	2.0	1.0	2
ALMB.CO	5.0	0.0	2.0	1.0	2
AOJb.CO	6.7	2.0	1.0	1.0	1
DEMANT.CO	5.8	1.0	1.5	1.0	2
FOBANK.CO	3.3	0.0	1.0	1.0	1
GN.CO	6.7	1.0	2.0	1.0	1
DNORD.CO	6.7	2.0	1.0	1.0	1
JDAN.CO	3.3	0.0	1.0	1.0	1
HLUNB.CO	5.8	2.0	0.5	1.0	2
GYLDb.CO	6.7	2.0	1.0	1.0	1
KRE.CO	4.2	0.5	1.0	1.0	1
MNBA.CO	5.0	1.0	1.0	1.0	1
LUXORb.CO	4.2	0.5	1.0	1.0	1
NOVO-B.CO	3.3	0.0	1.0	1.0	2
NKT.CO	5.8	0.5	2.0	1.0	2
ORSTED.CO	4.2	0.0	1.5	1.0	2
PNDORA.CO	3.3	1.0	0.0	1.0	2
TCM.CO	5.0	0.0	2.0	1.0	2
RILBA.CO	5.8	1.0	1.5	1.0	2
SCHO.CO	8.3	2.0	2.0	1.0	2
TRMD-A.CO	5.0	2.0	0.0	1.0	2
SOLARb.CO	6.7	1.0	2.0	1.0	1
VWS.CO	8.3	2.0	2.0	1.0	2
DCGO	6.7	1.0	2.0	1.0	1
DH	4.2	1.0	0.5	1.0	1
DFTX	6.7	1.0	2.0	1.0	1
DKNG	6.7	1.0	2.0	1.0	1
DMRA	3.3	1.0	0.0	1.0	1
DNTH	3.3	1.0	0.0	1.0	1
DASH.US	5.0	0.0	2.0	1.0	2
DRH	6.7	2.0	1.0	1.0	1
DOX	3.3	0.0	1.0	1.0	2
DSP	6.7	1.0	2.0	1.0	1
DSGN	3.3	1.0	0.0	1.0	1
DXCM	7.5	2.0	1.5	1.0	2
AIRARABIA.AE	5.0	0.0	2.0	1.0	2
AMANAT.AE	5.0	1.5	0.5	1.0	2
DSI.AE	5.8	1.5	1.0	1.0	1
CBD.AE	5.0	1.0	1.0	1.0	1
EMAAR.AE	5.8	1.0	1.5	1.0	2
DFM.AE	2.5	0.0	0.5	1.0	2
PARKIN.AE	6.7	1.5	1.5	1.0	2
SPINNEYS.AE	5.0	1.0	1.0	1.0	2
TECOM.AE	5.0	1.0	1.0	1.0	2
EBC	5.8	1.0	1.5	1.0	2
EMPOWER.AE	5.0	1.0	1.0	1.0	2
EIKN	5.0	1.0	1.0	1.0	1
EGBN	6.7	1.0	2.0	1.0	1
EDIT	5.0	1.0	1.0	1.0	1
EMAT	6.7	1.0	2.0	1.0	1
ERII	6.7	1.0	2.0	1.0	1
ENPH	4.2	0.5	1.0	1.0	2
ENTG	8.3	2.0	2.0	1.0	2
ETOR	8.3	2.0	2.0	1.0	2
ESQ	6.7	1.0	2.0	1.0	2
EQIX	6.7	2.0	1.0	1.0	2
EVLV	6.7	1.0	2.0	1.0	1
EXC	5.0	1.0	1.0	1.0	2
EXTR	5.8	1.0	1.5	1.0	1
FCEL	6.7	1.0	2.0	1.0	1
FDMT	5.0	1.0	1.0	1.0	1
FAST	6.7	1.5	1.5	1.0	2
EZPW	6.7	2.0	1.0	1.0	2
FFBC	5.0	1.0	1.0	1.0	2
EXLS	5.0	0.5	1.5	1.0	2
FHB	5.0	1.0	1.0	1.0	2
FISV	5.8	1.0	1.5	1.0	1
FLNC	6.7	1.0	2.0	1.0	1
FIZZ	3.3	0.0	1.0	1.0	2
FOXA	3.3	0.5	0.5	1.0	2
FLGT	6.7	1.0	2.0	1.0	1
FMBH	5.8	1.5	1.0	1.0	2
FORM	8.3	2.0	2.0	1.0	2
FRME	4.2	0.0	1.5	1.0	2
FROG	5.8	1.0	1.5	1.0	1
FTDR	6.7	1.5	1.5	1.0	2
FSLR	8.3	2.0	2.0	1.0	2
FWONA	5.0	0.0	2.0	1.0	2
FRST	8.3	2.0	2.0	1.0	2
FULT	5.0	1.0	1.0	1.0	2
FWRG	7.5	1.5	2.0	1.0	2
1GBS.DE	6.7	2.0	1.0	1.0	1
690D.DE	3.3	0.0	1.0	1.0	1
A1OS.DE	6.7	1.0	2.0	1.0	1
2M6.DE	6.7	2.0	1.0	1.0	1
ABS2.DE	3.3	0.0	1.0	1.0	1
AG1.DE	8.3	2.0	2.0	1.0	2
ACWN.DE	6.7	1.0	2.0	1.0	1
AJ91.DE	3.3	0.0	1.0	1.0	1
AAPL.EUR	6.7	2.0	1.0	1.0	2
AOF.DE	6.7	1.5	1.5	1.0	2
B7E.DE	6.7	1.0	2.0	1.0	1
ALV.DE	4.2	0.5	1.0	1.0	2
BAYN.DE	5.0	1.0	1.0	1.0	1
BEI.DE	4.2	0.5	1.0	1.0	2
BIJ.DE	6.7	2.0	1.0	1.0	1
BNR.DE	6.7	2.0	1.0	1.0	2
BSL.DE	7.5	2.0	1.5	1.0	2
CA1.DE	6.7	1.0	2.0	1.0	1
CEC.DE	6.7	1.0	2.0	1.0	1
BWB.DE	4.2	0.5	1.0	1.0	1
CHG.DE	6.7	1.0	2.0	1.0	1
CY1K.DE	6.7	1.0	2.0	1.0	1
DEQ.DE	5.8	1.5	1.0	1.0	2
DAM.DE	6.7	1.0	2.0	1.0	1
DFTK.DE	3.3	0.0	1.0	1.0	1
DBAN.DE	6.7	1.0	2.0	1.0	1
DHL.DE	6.7	2.0	1.0	1.0	2
DTG.DE	8.3	2.0	2.0	1.0	2
DOU.DE	5.8	1.0	1.5	1.0	1
DLX.DE	7.5	2.0	1.5	1.0	2
DRW8.DE	6.7	2.0	1.0	1.0	1
DWS.DE	5.8	1.5	1.0	1.0	2
EKT.DE	6.7	1.0	2.0	1.0	1
ERAG.DE	2.5	0.5	0.0	1.0	2
FAA.DE	7.5	2.0	1.5	1.0	2
FTK.DE	7.5	2.0	1.5	1.0	2
EVK.DE	1.7	0.0	0.0	1.0	2
G24.DE	7.5	2.0	1.5	1.0	2
EDL.DE	5.0	1.0	1.0	1.0	2
FNTN.DE	4.2	0.0	1.5	1.0	2
GMM.DE	6.7	2.0	1.0	1.0	1
GFT.DE	7.5	2.0	1.5	1.0	2
FRA.DE	3.3	0.0	1.0	1.0	2
H2O.DE	6.7	1.0	2.0	1.0	1
HAG.DE	6.7	1.0	2.0	1.0	1
HEN3.DE	3.3	0.0	1.0	1.0	2
HDD.DE	6.7	1.0	2.0	1.0	1
HIGH.DE	6.7	1.0	2.0	1.0	1
HPHA.DE	5.0	1.0	1.0	1.0	1
HNR1.DE	3.3	0.0	1.0	1.0	2
HYQ.DE	6.7	1.0	2.0	1.0	2
IFX.DE	8.3	2.0	2.0	1.0	2
JDC.DE	5.0	0.0	2.0	1.0	2
INS.DE	5.8	1.0	1.5	1.0	1
KBX.DE	7.5	2.0	1.5	1.0	2
KRN.DE	5.0	1.0	1.0	1.0	2
KSC.DE	3.3	0.0	1.0	1.0	1
JUN3.DE	5.0	0.0	2.0	1.0	2
LEI.DE	6.7	1.0	2.0	1.0	1
LIK.DE	5.8	0.5	2.0	1.0	2
KWG.DE	6.7	2.0	1.0	1.0	1
LQAG.DE	6.7	1.0	2.0	1.0	1
M3V.DE	3.3	0.0	1.0	1.0	1
LXS.DE	6.7	1.0	2.0	1.0	1
MBB.DE	7.5	2.0	1.5	1.0	2
M7U.DE	6.7	1.0	2.0	1.0	1
MPCK.DE	6.7	2.0	1.0	1.0	2
MSAG.DE	6.7	1.0	2.0	1.0	1
MUX.DE	6.7	2.0	1.0	1.0	1
MXHN.DE	5.0	0.0	2.0	1.0	2
META.EUR	4.2	0.0	1.5	1.0	2
N4G0.DE	6.7	1.0	2.0	1.0	1
MUB.DE	6.7	2.0	1.0	1.0	1
NDX1.DE	8.3	2.0	2.0	1.0	2
NFN.DE	6.7	1.0	2.0	1.0	1
OBS.DE	7.5	2.0	1.5	1.0	2
NTG.DE	5.0	0.0	2.0	1.0	2
PDA0.DE	5.8	2.0	0.5	1.0	2
PAH3.DE	4.2	1.0	0.5	1.0	1
NVM.DE	5.0	0.0	2.0	1.0	2
QB7.DE	4.2	0.5	1.0	1.0	1
PWO.DE	6.7	1.0	2.0	1.0	1
RHM.DE	5.8	0.5	2.0	1.0	2
RTC.DE	6.7	1.0	2.0	1.0	1
R1B.DE	6.7	1.0	2.0	1.0	1
PLTR.EUR	8.3	2.0	2.0	1.0	2
SB1.DE	6.7	1.0	2.0	1.0	1
SAP.DE	7.5	2.0	1.5	1.0	2
SCE.DE	6.7	1.0	2.0	1.0	1
S188.DE	6.7	1.0	2.0	1.0	1
SHL.DE	6.7	2.0	1.0	1.0	2
SIX2.DE	5.0	1.0	1.0	1.0	2
SKB.DE	6.7	1.0	2.0	1.0	1
SFQ.DE	7.5	2.0	1.5	1.0	2
SMHN.DE	5.0	0.0	2.0	1.0	2
ST5.DE	5.0	0.0	2.0	1.0	2
SUR.DE	6.7	1.0	2.0	1.0	1
SZG.DE	6.7	1.0	2.0	1.0	1
SY1.DE	5.0	0.5	1.5	1.0	2
TGHN.DE	1.7	0.0	0.0	1.0	2
TKA.DE	6.7	1.0	2.0	1.0	1
TLX.DE	4.2	0.5	1.0	1.0	2
TTK.DE	6.7	1.0	2.0	1.0	1
TPE.DE	6.7	1.0	2.0	1.0	1
UTDI.DE	8.3	2.0	2.0	1.0	2
V3V.DE	6.7	1.0	2.0	1.0	1
VEZ.DE	3.3	1.0	0.0	1.0	1
TUI1.DE	5.0	0.0	2.0	1.0	2
VIB3.DE	6.7	1.0	2.0	1.0	1
VRV.DE	6.7	1.0	2.0	1.0	1
VOW3.DE	5.0	0.0	2.0	1.0	2
WAC.DE	8.3	2.0	2.0	1.0	2
WCH.DE	6.7	1.0	2.0	1.0	1
ZAL.DE	5.0	0.0	2.0	1.0	2
XTP.DE	5.0	2.0	0.0	1.0	2
WSU.DE	5.8	1.0	1.5	1.0	2
GAIN	5.0	1.0	1.0	1.0	1
GCMG	4.2	0.0	1.5	1.0	2
GDRX	4.2	0.0	1.5	1.0	2
GEHC	5.8	1.5	1.0	1.0	2
GENB	5.0	1.0	1.0	1.0	1
GERN	6.7	1.0	2.0	1.0	1
GGAL	7.5	1.5	2.0	1.0	2
GHRS	3.3	1.0	0.0	1.0	1
GILT	4.2	0.0	1.5	1.0	2
GLNG	5.0	2.0	0.0	1.0	2
GOOG	8.3	2.0	2.0	1.0	2
GPRO	6.7	1.0	2.0	1.0	1
GRFS	8.3	2.0	2.0	1.0	2
GPCR	3.3	1.0	0.0	1.0	1
GO	7.5	1.5	2.0	1.0	2
HAIN	6.7	1.0	2.0	1.0	1
GT	6.7	1.0	2.0	1.0	1
HAS	5.0	1.0	1.0	1.0	1
GSHD	8.3	2.0	2.0	1.0	2
GRRR	6.7	1.0	2.0	1.0	1
GMAB.US	5.8	0.5	2.0	1.0	2
HCM	4.2	0.0	1.5	1.0	2
GTX.US	5.8	1.5	1.0	1.0	2
HBT	7.5	2.0	1.5	1.0	2
HIFS	6.7	2.0	1.0	1.0	1
HMH	5.0	0.0	2.0	1.0	2
HOFT	6.7	1.0	2.0	1.0	1
HELE	5.0	1.0	1.0	1.0	1
HLIT	5.8	1.0	1.5	1.0	1
HOVR	3.3	1.0	0.0	1.0	1
HONA	4.2	0.0	1.5	1.0	2
HPK	5.0	2.0	0.0	1.0	2
HRMY	8.3	2.0	2.0	1.0	2
HRZN	5.0	1.0	1.0	1.0	1
HWH	6.7	2.0	1.0	1.0	1
HYMC	6.7	1.0	2.0	1.0	1
HTO	4.2	1.0	0.5	1.0	2
HTFL	6.7	1.0	2.0	1.0	1
AIFORIA.HE	5.8	1.0	1.5	1.0	1
HURN	7.5	2.0	1.5	1.0	2
ALEX.HE	5.8	2.0	0.5	1.0	2
EASOR.HE	4.2	1.0	0.5	1.0	1
BITTI.HE	8.3	2.0	2.0	1.0	2
EQV1V.HE	5.0	1.0	1.0	1.0	2
CTY1S.HE	3.3	0.0	1.0	1.0	2
APETIT.HE	6.7	1.0	2.0	1.0	1
HARVIA.HE	8.3	2.0	2.0	1.0	2
FIA1S.HE	5.0	2.0	0.0	1.0	2
HKFOODS.HE	6.7	1.0	2.0	1.0	1
FSKRS.HE	6.7	1.0	2.0	1.0	1
KEMIRA.HE	5.0	0.0	2.0	1.0	2
KESKOB.HE	5.8	1.0	1.5	1.0	2
ILKKA.HE	2.5	0.0	0.5	1.0	2
LUOTEA.HE	5.0	0.0	2.0	1.0	2
METSB.HE	6.7	1.0	2.0	1.0	1
LASTIK.HE	5.0	0.0	2.0	1.0	2
NESTE.HE	3.3	1.0	0.0	1.0	1
PUUILO.HE	7.5	2.0	1.5	1.0	2
PAMPALO.HE	7.5	2.0	1.5	1.0	2
REG1V.HE	4.2	0.0	1.5	1.0	2
NXTMH.HE	6.7	1.0	2.0	1.0	1
SAMPO.HE	5.8	1.5	1.0	1.0	2
SCANFL.HE	5.8	1.0	1.5	1.0	2
ORIOLA.HE	6.7	1.0	2.0	1.0	1
SSABAH.HE	5.8	1.5	1.0	1.0	1
VAIAS.HE	7.5	2.0	1.5	1.0	2
TNOM.HE	5.0	0.0	2.0	1.0	2
VIK1V.HE	3.3	0.0	1.0	1.0	1
TYRES.HE	8.3	2.0	2.0	1.0	2
00001.HK	6.7	2.0	1.0	1.0	2
00016.HK	4.2	0.5	1.0	1.0	2
00027.HK	5.0	1.0	1.0	1.0	2
00175.HK	7.5	2.0	1.5	1.0	2
00384.HK	4.2	0.5	1.0	1.0	2
00981.HK	8.3	2.0	2.0	1.0	2
00857.HK	5.8	2.0	0.5	1.0	2
00268.HK	6.7	1.0	2.0	1.0	1
01113.HK	5.8	2.0	0.5	1.0	2
01177.HK	5.0	1.0	1.0	1.0	2
01928.HK	5.0	0.5	1.5	1.0	2
02196.HK	4.2	0.5	1.0	1.0	1
02388.HK	5.0	1.0	1.0	1.0	2
03908.HK	6.7	2.0	1.0	1.0	2
02319.HK	6.7	1.5	1.5	1.0	2
03690.HK	8.3	2.0	2.0	1.0	2
0700.HK	5.0	1.0	1.0	1.0	2
0688.HK	3.3	0.0	1.0	1.0	2
06060.HK	5.0	2.0	0.0	1.0	2
0762.HK	3.3	0.0	1.0	1.0	2
0914.HK	5.0	0.0	2.0	1.0	2
0941.HK	4.2	0.5	1.0	1.0	2
1072.HK	8.3	2.0	2.0	1.0	2
1038.HK	5.0	2.0	0.0	1.0	2
1109.HK	3.3	0.0	1.0	1.0	2
1193.HK	5.0	1.0	1.0	1.0	2
1171.HK	5.0	2.0	0.0	1.0	2
0998.HK	5.0	1.0	1.0	1.0	2
1288.HK	5.0	1.0	1.0	1.0	2
1317.HK	5.0	1.0	1.0	1.0	1
1347.HK	8.3	2.0	2.0	1.0	2
1398.HK	5.0	1.0	1.0	1.0	2
1658.HK	5.0	1.0	1.0	1.0	2
1585.HK	4.2	0.0	1.5	1.0	2
1776.HK	6.7	2.0	1.0	1.0	1
151.HK	3.3	0.0	1.0	1.0	2
1766.HK	5.8	1.0	1.5	1.0	2
1873.HK	3.3	0.0	1.0	1.0	1
1800.HK	3.3	0.0	1.0	1.0	2
1816.HK	6.7	1.5	1.5	1.0	2
1898.HK	5.8	1.5	1.0	1.0	2
1929.HK	6.7	2.0	1.0	1.0	2
1988.HK	4.2	0.5	1.0	1.0	2
2016.HK	5.0	1.0	1.0	1.0	1
2007.HK	6.7	1.0	2.0	1.0	1
2238.HK	6.7	1.0	2.0	1.0	1
2328.HK	6.7	2.0	1.0	1.0	2
2423.HK	7.5	2.0	1.5	1.0	2
2600.HK	6.7	2.0	1.0	1.0	2
2338.HK	8.3	2.0	2.0	1.0	2
2611.HK	6.7	2.0	1.0	1.0	2
288.HK	4.2	0.5	1.0	1.0	2
291.HK	3.3	0.0	1.0	1.0	2
267.HK	5.0	1.0	1.0	1.0	2
3759.HK	6.7	1.0	2.0	1.0	2
3618.HK	5.8	1.0	1.5	1.0	2
3323.HK	6.7	1.0	2.0	1.0	1
341.HK	6.7	2.0	1.0	1.0	2
300.HK	5.8	1.0	1.5	1.0	2
3968.HK	5.0	1.0	1.0	1.0	2
6099.HK	5.0	2.0	0.0	1.0	2
6181.HK	6.7	2.0	1.0	1.0	2
3996.HK	3.3	0.0	1.0	1.0	1
6030.HK	7.5	2.0	1.5	1.0	2
3888.HK	3.3	1.0	0.0	1.0	2
6690.HK	3.3	0.0	1.0	1.0	2
6198.HK	4.2	0.5	1.0	1.0	2
6818.HK	3.3	0.0	1.0	1.0	2
6990.HK	6.7	1.0	2.0	1.0	1
9633.HK	6.7	1.5	1.5	1.0	2
9868.HK	6.7	1.0	2.0	1.0	1
83.HK	5.8	2.0	0.5	1.0	2
780.HK	5.0	0.5	1.5	1.0	2
9696.HK	3.3	1.0	0.0	1.0	1
960.HK	5.0	0.0	2.0	1.0	2
9961.HK	5.8	1.0	1.5	1.0	1
9901.HK	7.5	2.0	1.5	1.0	2
IBEX	5.0	0.5	1.5	1.0	2
IBRX	6.7	1.0	2.0	1.0	1
ICLR	4.2	0.0	1.5	1.0	2
IDXX	6.7	1.5	1.5	1.0	2
9999.HK	4.2	0.0	1.5	1.0	2
IGIC	5.0	0.0	2.0	1.0	2
IMRX	3.3	1.0	0.0	1.0	1
ILMN	4.2	0.0	1.5	1.0	2
INBK	8.3	2.0	2.0	1.0	2
IMUX	6.7	1.0	2.0	1.0	1
INCY	8.3	2.0	2.0	1.0	2
INIO	6.7	1.0	2.0	1.0	1
INDV	7.5	2.0	1.5	1.0	2
INTR	8.3	2.0	2.0	1.0	2
INSM	6.7	1.0	2.0	1.0	1
INO	6.7	1.0	2.0	1.0	1
INVZ	6.7	1.0	2.0	1.0	1
IOVA	6.7	1.0	2.0	1.0	1
IPGP	5.0	0.0	2.0	1.0	2
IRD	6.7	1.0	2.0	1.0	1
ITRI	3.3	0.0	1.0	1.0	2
IRMD	5.0	0.5	1.5	1.0	2
INV.US	6.7	1.0	2.0	1.0	1
IRWD	8.3	2.0	2.0	1.0	2
IXHL	4.2	1.0	0.5	1.0	1
JACK	4.2	0.5	1.0	1.0	2
JAZZ	5.0	1.0	1.0	1.0	1
JRVR	8.3	2.0	2.0	1.0	2
JJSF	3.3	0.0	1.0	1.0	2
JBLU	6.7	1.0	2.0	1.0	1
KMB	3.3	0.0	1.0	1.0	2
KC	6.7	1.0	2.0	1.0	1
KRNT	6.7	1.0	2.0	1.0	1
KRUS	5.0	0.0	2.0	1.0	2
KURA	6.7	1.0	2.0	1.0	1
KRNY	6.7	1.0	2.0	1.0	2
KOD	5.8	1.0	1.5	1.0	1
KYIV	5.0	0.5	1.5	1.0	2
LAMR	5.0	1.0	1.0	1.0	2
KLTR	6.7	1.0	2.0	1.0	1
LAUR	7.5	2.0	1.5	1.0	2
LECO	6.7	1.5	1.5	1.0	2
LFCR	4.2	1.0	0.5	1.0	1
KELYA.US	5.0	0.0	2.0	1.0	2
LFTO	6.7	1.0	2.0	1.0	1
LGND	8.3	2.0	2.0	1.0	2
LIDR	5.0	1.0	1.0	1.0	1
LINE	5.0	1.0	1.0	1.0	1
LIN	5.0	1.0	1.0	1.0	2
LILA	6.7	1.0	2.0	1.0	1
LMAT	7.5	2.0	1.5	1.0	2
LKFN	5.0	1.0	1.0	1.0	2
LOGI	6.7	2.0	1.0	1.0	2
LNWO	7.5	2.0	1.5	1.0	2
LMRI	5.8	1.0	1.5	1.0	1
LTRX	6.7	1.0	2.0	1.0	1
LRCX	8.3	2.0	2.0	1.0	2
LUNR	6.7	1.0	2.0	1.0	1
LYEL	5.0	1.0	1.0	1.0	1
LZ	5.8	1.0	1.5	1.0	1
COR.LS	4.2	0.0	1.5	1.0	2
EGL.LS	8.3	2.0	2.0	1.0	2
IBS.LS	4.2	0.0	1.5	1.0	2
NOS.LS	6.7	2.0	1.0	1.0	2
RAM.LS	6.7	2.0	1.0	1.0	2
SNC.LS	6.7	2.0	1.0	1.0	1
LPLA.US	8.3	2.0	2.0	1.0	2
VAF.LS	6.7	2.0	1.0	1.0	1
AAL.L	6.7	1.0	2.0	1.0	1
ADM.L	4.2	0.0	1.5	1.0	2
AJB.L	7.5	2.0	1.5	1.0	2
ALTN.L	5.8	2.0	0.5	1.0	2
ANTO.L	6.7	2.0	1.0	1.0	2
ATG.L	5.8	1.0	1.5	1.0	1
APTD.L	4.2	0.0	1.5	1.0	2
ASHM.L	4.2	0.0	1.5	1.0	2
AV.L	4.2	0.0	1.5	1.0	2
AXB.L	6.7	2.0	1.0	1.0	1
BATS.L	3.3	0.0	1.0	1.0	2
BKG.L	2.5	0.0	0.5	1.0	2
BEZ.L	1.7	0.0	0.0	1.0	2
BAB.L	4.2	0.0	1.5	1.0	2
BP.L	5.0	2.0	0.0	1.0	2
BOOT.L	6.7	1.0	2.0	1.0	1
BMS.L	5.0	0.0	2.0	1.0	2
BVC.L	4.2	1.0	0.5	1.0	1
BYIT.L	4.2	0.5	1.0	1.0	2
BRK.L	5.0	1.0	1.0	1.0	1
CNA.L	5.8	1.0	1.5	1.0	1
CBG.L	5.0	0.0	2.0	1.0	2
CAPD.L	8.3	2.0	2.0	1.0	2
CKN.L	5.8	2.0	0.5	1.0	2
CCH.L	6.7	1.5	1.5	1.0	2
CTEC.L	4.2	0.0	1.5	1.0	2
COST.L	5.8	1.0	1.5	1.0	2
CWK.L	5.8	1.5	1.0	1.0	2
DFS.L	5.0	0.5	1.5	1.0	2
CREI.L	5.0	1.0	1.0	1.0	1
DOM.L	5.0	1.0	1.0	1.0	2
ECOR.L	3.3	1.0	0.0	1.0	1
DLN.L	5.0	1.0	1.0	1.0	1
EVOK.L	6.7	1.0	2.0	1.0	1
ELM.L	5.0	1.0	1.0	1.0	1
ENQ.L	6.7	1.0	2.0	1.0	1
FGP.L	2.5	0.0	0.5	1.0	2
EZJ.L	6.7	1.0	2.0	1.0	1
FSTA.L	5.8	1.5	1.0	1.0	2
GAW.L	4.2	0.5	1.0	1.0	2
GEN.L	3.3	0.0	1.0	1.0	2
GFTU.L	4.2	0.5	1.0	1.0	2
GNS.L	7.5	2.0	1.5	1.0	2
GRI.L	5.0	1.0	1.0	1.0	1
GYM.L	6.7	2.0	1.0	1.0	2
HEAD.L	6.7	1.0	2.0	1.0	1
HFD.L	5.0	1.0	1.0	1.0	1
GLEN.L	4.2	1.0	0.5	1.0	1
HIK.L	4.2	0.5	1.0	1.0	2
HLMA.L	6.7	1.5	1.5	1.0	2
HTWS.L	5.0	0.0	2.0	1.0	2
HSW.L	5.0	0.0	2.0	1.0	2
HSBA.L	7.5	2.0	1.5	1.0	2
HWG.L	6.7	1.0	2.0	1.0	1
IHP.L	7.5	2.0	1.5	1.0	2
ICG.L	4.2	0.0	1.5	1.0	2
INPP.L	3.3	0.0	1.0	1.0	2
IWG.L	5.0	0.0	2.0	1.0	2
IMI.L	6.7	2.0	1.0	1.0	2
JUP.L	5.8	1.5	1.0	1.0	2
KNOS.L	7.5	2.0	1.5	1.0	2
IPO.L	6.7	1.0	2.0	1.0	1
LLOY.L	5.8	1.0	1.5	1.0	2
LIO.L	4.2	0.0	1.5	1.0	2
LSEG.L	7.5	2.0	1.5	1.0	2
KIE.L	5.0	1.0	1.0	1.0	2
LUCE.L	5.0	1.0	1.0	1.0	2
MACF.L	5.0	0.5	1.5	1.0	2
MHID.L	6.7	2.0	1.0	1.0	1
MER.L	5.8	2.0	0.5	1.0	2
MKS.L	6.7	2.0	1.0	1.0	2
MSLH.L	7.5	2.0	1.5	1.0	2
MOTR.L	8.3	2.0	2.0	1.0	2
NCC.L	3.3	0.0	1.0	1.0	2
MTVW.L	3.3	0.0	1.0	1.0	1
NXT.L	5.8	1.5	1.0	1.0	2
OTB.L	6.7	1.0	2.0	1.0	1
OMU.L	5.8	0.5	2.0	1.0	2
PAF.L	7.5	2.0	1.5	1.0	2
PAY.L	7.5	2.0	1.5	1.0	2
PCTN.L	3.3	0.0	1.0	1.0	1
PHP.L	6.7	2.0	1.0	1.0	2
PPH.L	5.8	1.0	1.5	1.0	1
PLUS.L	5.0	1.0	1.0	1.0	2
PSON.L	5.0	0.5	1.5	1.0	2
PZC.L	5.0	1.0	1.0	1.0	1
RAT.L	5.8	1.5	1.0	1.0	2
REC.L	5.0	0.0	2.0	1.0	2
RGL.L	5.0	1.0	1.0	1.0	1
RPI.L	5.8	2.0	0.5	1.0	2
RIO.L	5.8	2.0	0.5	1.0	2
RSG.L	7.5	2.0	1.5	1.0	2
RNK.L	5.0	0.0	2.0	1.0	2
RWA.L	6.7	1.0	2.0	1.0	1
SBRY.L	7.5	2.0	1.5	1.0	2
SERE.L	5.0	1.0	1.0	1.0	1
SHEL.L	5.8	2.0	0.5	1.0	2
SNR.L	6.7	1.0	2.0	1.0	1
SMIN.L	6.7	1.0	2.0	1.0	1
SPX.L	7.5	2.0	1.5	1.0	2
SREI.L	3.3	0.0	1.0	1.0	1
STB.L	8.3	2.0	2.0	1.0	2
SUNB.L	6.7	1.5	1.5	1.0	2
SYNT.L	3.3	1.0	0.0	1.0	1
TCAP.L	5.0	1.0	1.0	1.0	2
THRL.L	5.0	1.0	1.0	1.0	1
TRN.L	7.5	2.0	1.5	1.0	2
VALT.L	5.0	2.0	0.0	1.0	2
TPT.L	5.0	0.0	2.0	1.0	2
VOF.L	6.7	2.0	1.0	1.0	1
VID.L	6.7	1.0	2.0	1.0	1
ULVR.L	4.2	0.5	1.0	1.0	2
TTG.L	6.7	1.0	2.0	1.0	1
WISE.L	5.0	0.5	1.5	1.0	2
VTY.L	6.7	1.0	2.0	1.0	1
WKP.L	4.2	1.0	0.5	1.0	1
XPS.L	5.0	1.0	1.0	1.0	2
WTB.L	5.8	1.0	1.5	1.0	1
ZEG.L	6.7	1.0	2.0	1.0	1
MCB.L	6.7	1.0	2.0	1.0	2
ABDP.L	5.0	1.0	1.0	1.0	1
BKS.L	6.7	1.0	2.0	1.0	1
BRCK.L	5.0	1.0	1.0	1.0	1
DXRX.L	6.7	1.0	2.0	1.0	1
CAM.L	3.3	1.0	0.0	1.0	1
EXR.L	6.7	1.0	2.0	1.0	1
GATC.L	6.7	2.0	1.0	1.0	2
GGP.L	6.7	2.0	1.0	1.0	2
HPOW.L	3.3	1.0	0.0	1.0	1
GTLY.L	5.0	1.0	1.0	1.0	1
FEVR.L	8.3	2.0	2.0	1.0	2
IOM.L	6.7	1.0	2.0	1.0	1
KGH.L	7.5	2.0	1.5	1.0	2
KEFI.L	6.7	1.0	2.0	1.0	1
MIDW.L	6.7	1.0	2.0	1.0	1
NICL.L	7.5	2.0	1.5	1.0	2
PGH.L	7.5	2.0	1.5	1.0	2
NWF.L	6.7	2.0	1.0	1.0	2
POLR.L	7.5	2.0	1.5	1.0	2
RCN.L	6.7	1.0	2.0	1.0	1
SAA.L	5.8	1.0	1.5	1.0	1
SRB.L	4.2	0.0	1.5	1.0	2
SOS.L	6.7	2.0	1.0	1.0	1
SDI.L	5.8	1.5	1.0	1.0	2
STAR.L	3.3	1.0	0.0	1.0	1
TAM.L	7.5	2.0	1.5	1.0	2
TFW.L	5.0	1.0	1.0	1.0	1
TIG.L	5.8	1.0	1.5	1.0	1
TRCS.L	5.0	1.0	1.0	1.0	1
UJO.L	3.3	1.0	0.0	1.0	1
WINE.L	6.7	1.0	2.0	1.0	1
MAMA	8.3	2.0	2.0	1.0	2
MATW	6.7	1.0	2.0	1.0	1
MCRB	3.3	1.0	0.0	1.0	1
MCFT	6.7	1.0	2.0	1.0	1
MBIN	7.5	2.0	1.5	1.0	2
MBWM	5.8	1.5	1.0	1.0	2
MDXG	6.7	1.0	2.0	1.0	1
MDGL	6.7	1.0	2.0	1.0	1
META	4.2	0.0	1.5	1.0	2
MFIC	3.3	1.0	0.0	1.0	1
MGPI	4.2	0.0	1.5	1.0	2
MGEE	6.7	2.0	1.0	1.0	2
MKSI	8.3	2.0	2.0	1.0	2
MLAB	3.3	0.0	1.0	1.0	2
MLKN	7.5	2.0	1.5	1.0	2
MOBI	6.7	1.0	2.0	1.0	1
MPAA	5.0	1.0	1.0	1.0	1
MQ	6.7	1.0	2.0	1.0	1
MNDY	8.3	2.0	2.0	1.0	2
MMED	4.2	1.0	0.5	1.0	1
MNST	6.7	1.5	1.5	1.0	2
MIDD.US	4.2	0.0	1.5	1.0	2
MREO	6.7	1.0	2.0	1.0	1
MSBI	6.7	2.0	1.0	1.0	2
MTSI	8.3	2.0	2.0	1.0	2
MRVI	5.0	1.0	1.0	1.0	1
MTCH	7.5	2.0	1.5	1.0	2
MWH	5.0	0.0	2.0	1.0	2
ACX.MC	6.7	1.0	2.0	1.0	1
MYRG	7.5	2.0	1.5	1.0	2
CABK.MC	6.7	1.5	1.5	1.0	2
CLNX.MC	6.7	1.0	2.0	1.0	1
FAE.MC	5.8	1.0	1.5	1.0	2
AMS.MC	5.0	0.5	1.5	1.0	2
ELE.MC	6.7	2.0	1.0	1.0	2
FER.MC	4.2	0.0	1.5	1.0	2
GRF.MC	8.3	2.0	2.0	1.0	2
IMC.MC	2.5	0.0	0.5	1.0	2
MRL.MC	5.8	1.5	1.0	1.0	2
LOG.MC	5.8	1.5	1.0	1.0	2
RED.MC	5.0	1.0	1.0	1.0	2
SAB.MC	5.8	1.0	1.5	1.0	1
ARIS.MI	4.2	0.0	1.5	1.0	2
TEF.MC	5.8	1.0	1.5	1.0	1
BGN.MI	6.7	2.0	1.0	1.0	2
CPR.MI	4.2	0.0	1.5	1.0	2
VID.MC	5.0	1.0	1.0	1.0	2
DLG.MI	6.7	2.0	1.0	1.0	2
BPE.MI	6.7	2.0	1.0	1.0	2
ENEL.MI	6.7	2.0	1.0	1.0	2
ICOS.MI	7.5	2.0	1.5	1.0	2
FCT.MI	8.3	2.0	2.0	1.0	2
IP.MI	5.8	1.0	1.5	1.0	2
LDO.MI	7.5	2.0	1.5	1.0	2
RACE.MI	5.8	1.0	1.5	1.0	2
SPM.MI	5.0	0.0	2.0	1.0	2
PIRC.MI	5.0	1.0	1.0	1.0	2
MB.MI	5.8	1.5	1.0	1.0	2
TIT.MI	6.7	1.0	2.0	1.0	1
UCG.MI	4.2	0.0	1.5	1.0	2
NAGE	4.2	0.0	1.5	1.0	2
RWAY.MI	4.2	0.5	1.0	1.0	2
NB	3.3	1.0	0.0	1.0	1
NCNO	6.7	1.0	2.0	1.0	1
NBN	6.7	2.0	1.0	1.0	2
NECB	4.2	0.0	1.5	1.0	2
NFLX	5.0	1.0	1.0	1.0	2
NKTR	3.3	1.0	0.0	1.0	1
NMIH	5.0	1.0	1.0	1.0	2
NATR	4.2	0.0	1.5	1.0	2
NNE	3.3	1.0	0.0	1.0	1
NEWT.US	5.8	1.0	1.5	1.0	2
NTCT	5.0	1.0	1.0	1.0	1
NRIM	6.7	2.0	1.0	1.0	2
NPCE	6.7	1.0	2.0	1.0	1
NVAX	6.7	1.0	2.0	1.0	1
NTRS	7.5	2.0	1.5	1.0	2
NVDA	8.3	2.0	2.0	1.0	2
NTLA	5.8	1.0	1.5	1.0	1
NXPI	8.3	2.0	2.0	1.0	2
NWBI	6.7	2.0	1.0	1.0	2
NYAX	6.7	1.0	2.0	1.0	1
AADX	6.7	1.0	2.0	1.0	1
ABBV	7.5	2.0	1.5	1.0	2
ABG	4.2	0.0	1.5	1.0	2
ACCO	3.3	0.0	1.0	1.0	2
ACHR	5.8	1.0	1.5	1.0	1
NWPX.US	5.8	2.0	0.5	1.0	2
ACN	7.5	2.0	1.5	1.0	2
AAPL.24-7	6.7	2.0	1.0	1.0	2
AD	6.7	2.0	1.0	1.0	1
ADM	6.7	2.0	1.0	1.0	2
ABT.US	3.3	0.0	1.0	1.0	2
AEE	5.8	1.5	1.0	1.0	2
AGBK	5.0	0.0	2.0	1.0	2
AFG	5.8	2.0	0.5	1.0	2
AES	5.0	1.0	1.0	1.0	1
AEO	5.0	2.0	0.0	1.0	2
AGL	6.7	1.0	2.0	1.0	1
AGRO	3.3	1.0	0.0	1.0	1
AIN	5.0	2.0	0.0	1.0	2
ALG	5.0	0.5	1.5	1.0	2
ALK	6.7	1.0	2.0	1.0	1
ALLY	7.5	1.5	2.0	1.0	2
AM	5.0	0.5	1.5	1.0	2
AMCR	5.0	1.0	1.0	1.0	1
AMH	3.3	1.0	0.0	1.0	2
AKA.US	6.7	1.0	2.0	1.0	1
AMRC	5.0	0.0	2.0	1.0	2
AMT	6.7	2.0	1.0	1.0	2
AMPX	6.7	1.0	2.0	1.0	1
AMWL	6.7	1.0	2.0	1.0	1
ANF	5.8	2.0	0.5	1.0	2
APAM	5.8	1.5	1.0	1.0	2
AN	7.5	2.0	1.5	1.0	2
APH	8.3	2.0	2.0	1.0	2
APTV	4.2	0.0	1.5	1.0	2
AON	4.2	0.5	1.0	1.0	2
ARI	8.3	2.0	2.0	1.0	2
ARMK	8.3	2.0	2.0	1.0	2
ARCO	6.7	2.0	1.0	1.0	2
ASR	6.7	1.0	2.0	1.0	2
ASAN	6.7	1.0	2.0	1.0	1
ASH	6.7	1.0	2.0	1.0	1
ARW	7.5	2.0	1.5	1.0	2
ATMU	5.8	1.0	1.5	1.0	2
AUB	6.7	2.0	1.0	1.0	2
ATR	4.2	0.0	1.5	1.0	2
AVEX	6.7	1.0	2.0	1.0	1
AWR	6.7	2.0	1.0	1.0	2
AVY	5.0	1.0	1.0	1.0	2
AXP	5.8	1.0	1.5	1.0	2
AYI	6.7	2.0	1.0	1.0	2
AZZ	4.2	0.0	1.5	1.0	2
BA	6.7	1.0	2.0	1.0	1
BARK	6.7	1.0	2.0	1.0	1
BBDC	2.5	0.0	0.5	1.0	2
BAM	7.5	2.0	1.5	1.0	2
BAH	3.3	0.0	1.0	1.0	2
BBWI	6.7	2.0	1.0	1.0	2
BBUC	8.3	2.0	2.0	1.0	2
BCO	5.8	1.0	1.5	1.0	2
BE	6.7	1.0	2.0	1.0	1
BCC	5.8	0.5	2.0	1.0	2
BEPC	5.8	1.0	1.5	1.0	1
BDC	6.7	1.5	1.5	1.0	2
BFLY	6.7	1.0	2.0	1.0	1
BHB	6.7	2.0	1.0	1.0	2
BIRK	5.0	0.0	2.0	1.0	2
BHP	3.3	0.5	0.5	1.0	2
BGS	4.2	1.0	0.5	1.0	1
BKSY	6.7	1.0	2.0	1.0	1
BKV	4.2	0.0	1.5	1.0	2
BLK	7.5	2.0	1.5	1.0	2
BLX	5.0	1.0	1.0	1.0	2
BIO.US	5.8	1.5	1.0	1.0	2
BORR	6.7	1.0	2.0	1.0	1
BRCC	6.7	1.0	2.0	1.0	1
BKE	3.3	0.5	0.5	1.0	2
BR	5.0	1.0	1.0	1.0	2
BN.US	6.7	2.0	1.0	1.0	1
BROS	8.3	2.0	2.0	1.0	2
BRT	5.0	1.0	1.0	1.0	1
BSBR	8.3	2.0	2.0	1.0	2
BURL	7.5	2.0	1.5	1.0	2
BTU	6.7	1.0	2.0	1.0	1
BW	6.7	1.0	2.0	1.0	1
BXDC	6.7	1.0	2.0	1.0	1
BXSL	2.5	0.0	0.5	1.0	2
BWXT	6.7	1.5	1.5	1.0	2
CAH	7.5	2.0	1.5	1.0	2
BTG.US	8.3	2.0	2.0	1.0	2
BZH	6.7	1.0	2.0	1.0	1
CALY	7.5	2.0	1.5	1.0	2
CARS	7.5	2.0	1.5	1.0	2
CAVA	8.3	2.0	2.0	1.0	2
CBU	6.7	1.5	1.5	1.0	2
CCEP	5.0	1.0	1.0	1.0	2
CCU	5.8	1.0	1.5	1.0	1
CDP	6.7	2.0	1.0	1.0	1
CCK	6.7	2.0	1.0	1.0	2
CEPU	5.0	2.0	0.0	1.0	2
CBL.US	6.7	2.0	1.0	1.0	1
CFR	5.0	1.0	1.0	1.0	2
CHWY	8.3	2.0	2.0	1.0	2
CHD	5.0	1.0	1.0	1.0	2
CIEN	8.3	2.0	2.0	1.0	2
CINT	4.2	0.0	1.5	1.0	2
CLS	8.3	2.0	2.0	1.0	2
CHH	3.3	0.0	1.0	1.0	2
CLX	3.3	0.0	1.0	1.0	2
CLB	5.0	0.0	2.0	1.0	2
CMC	7.5	2.0	1.5	1.0	2
CMI	5.8	1.0	1.5	1.0	2
CNC	5.0	1.0	1.0	1.0	1
CMT	3.3	0.0	1.0	1.0	1
CNK	6.7	2.0	1.0	1.0	2
CNNE	3.3	1.0	0.0	1.0	1
CNQ	5.0	2.0	0.0	1.0	2
CNX	4.2	0.0	1.5	1.0	2
COHR	6.7	1.0	2.0	1.0	1
CPF	5.8	1.5	1.0	1.0	2
CP	4.2	0.0	1.5	1.0	2
CPRI	7.5	2.0	1.5	1.0	2
COR	6.7	1.5	1.5	1.0	2
CRC	6.7	2.0	1.0	1.0	2
CON.US	7.5	2.0	1.5	1.0	2
CQP	5.8	2.0	0.5	1.0	2
CRGY	5.8	2.0	0.5	1.0	2
CRK	5.0	0.0	2.0	1.0	2
CSQR	6.7	1.0	2.0	1.0	1
CTGO	5.0	0.0	2.0	1.0	2
CTRE	5.8	2.0	0.5	1.0	2
CRS	7.5	2.0	1.5	1.0	2
CSV	5.0	1.0	1.0	1.0	2
CTVA	3.3	1.0	0.0	1.0	1
CURB	5.0	0.0	2.0	1.0	2
CVE	5.0	2.0	0.0	1.0	2
CVLG	5.0	0.0	2.0	1.0	2
CWH	5.0	0.0	2.0	1.0	2
CX	5.8	1.0	1.5	1.0	2
CXW	5.8	0.5	2.0	1.0	2
DAN	6.7	1.0	2.0	1.0	1
D	3.3	0.0	1.0	1.0	2
DB	6.7	1.0	2.0	1.0	2
DCO	8.3	2.0	2.0	1.0	2
DBRG	6.7	2.0	1.0	1.0	1
DDD	5.8	1.0	1.5	1.0	1
CVX.US	5.0	2.0	0.0	1.0	2
DELL	7.5	2.0	1.5	1.0	2
DEA	3.3	0.0	1.0	1.0	1
DFIN	5.8	1.0	1.5	1.0	2
DHI	4.2	0.0	1.5	1.0	2
DK	3.3	1.0	0.0	1.0	1
DLB	3.3	0.0	1.0	1.0	2
DIN	4.2	0.0	1.5	1.0	2
DNOW	6.7	1.0	2.0	1.0	1
DMC	5.0	0.0	2.0	1.0	2
DOV	5.8	1.5	1.0	1.0	2
DRD	6.7	2.0	1.0	1.0	1
DOCS	4.2	0.0	1.5	1.0	2
DT	4.2	0.0	1.5	1.0	2
DUK	5.8	1.5	1.0	1.0	2
DVN	5.8	2.0	0.5	1.0	2
DY	7.5	1.5	2.0	1.0	2
EC	5.0	2.0	0.0	1.0	2
EAT	6.7	2.0	1.0	1.0	2
EFOR	4.2	0.0	1.5	1.0	2
ECVT	8.3	2.0	2.0	1.0	2
EGO	8.3	2.0	2.0	1.0	2
EFXT	5.0	0.0	2.0	1.0	2
EDU	7.5	2.0	1.5	1.0	2
ELV	3.3	0.0	1.0	1.0	2
EHC	5.0	1.0	1.0	1.0	2
EL	5.8	1.0	1.5	1.0	1
EME	7.5	2.0	1.5	1.0	2
ENB	4.2	0.0	1.5	1.0	2
ENR	3.3	0.0	1.0	1.0	2
EQH	6.7	1.0	2.0	1.0	1
EPR	3.3	0.0	1.0	1.0	1
EQX	8.3	2.0	2.0	1.0	2
EOG	5.0	2.0	0.0	1.0	2
EPC	3.3	0.0	1.0	1.0	2
ESE	7.5	2.0	1.5	1.0	2
EROK	6.7	1.0	2.0	1.0	1
EVEX	5.8	1.0	1.5	1.0	1
EVR	5.0	0.5	1.5	1.0	2
ETR	5.8	1.0	1.5	1.0	2
ET	6.7	2.0	1.0	1.0	2
EXK	6.7	1.0	2.0	1.0	1
EXR	5.0	1.0	1.0	1.0	2
FBIN	5.0	1.0	1.0	1.0	1
FCN	4.2	0.0	1.5	1.0	2
FBRT	5.0	0.0	2.0	1.0	2
FE	5.0	1.0	1.0	1.0	2
FG	6.7	1.0	2.0	1.0	1
FDS	4.2	0.0	1.5	1.0	2
FINV	2.5	0.0	0.5	1.0	2
FITB	7.5	2.0	1.5	1.0	2
FICO	7.5	2.0	1.5	1.0	2
FMC	6.7	1.0	2.0	1.0	1
FN	7.5	2.0	1.5	1.0	2
FLO	4.2	1.0	0.5	1.0	1
FNF	5.8	1.0	1.5	1.0	2
FOR	4.2	1.0	0.5	1.0	2
FRT	1.7	0.0	0.0	1.0	2
FTI	7.5	2.0	1.5	1.0	2
FTV	4.2	0.5	1.0	1.0	2
GAP	6.7	2.0	1.0	1.0	2
GBTG	5.8	1.5	1.0	1.0	1
GCTS	6.7	1.0	2.0	1.0	1
FPS	6.7	1.0	2.0	1.0	1
GDOT	5.0	1.0	1.0	1.0	1
FUN.US	6.7	1.0	2.0	1.0	1
GFF	5.8	1.0	1.5	1.0	1
GFR	6.7	1.0	2.0	1.0	2
GEO	8.3	2.0	2.0	1.0	2
GIC	5.8	2.0	0.5	1.0	2
GKOS	6.7	1.0	2.0	1.0	1
GLP	6.7	2.0	1.0	1.0	1
GNW	3.3	0.5	0.5	1.0	2
GMRS	4.2	1.0	0.5	1.0	1
GME	6.7	2.0	1.0	1.0	2
GHC	5.8	2.0	0.5	1.0	2
GPMT	6.7	1.0	2.0	1.0	1
GPC	3.3	0.0	1.0	1.0	2
GOOG.24-7	8.3	2.0	2.0	1.0	2
GPRK	6.7	1.0	2.0	1.0	1
GRNT	7.5	1.5	2.0	1.0	2
GSBD	1.7	0.0	0.0	1.0	2
GTES	7.5	2.0	1.5	1.0	2
GVA	5.8	1.0	1.5	1.0	1
GWW	5.8	1.5	1.0	1.0	2
HASI	7.5	2.0	1.5	1.0	2
HAE	4.2	0.5	1.0	1.0	2
HCI	5.0	1.5	0.5	1.0	2
HBM	7.5	1.5	2.0	1.0	2
HE	8.3	2.0	2.0	1.0	2
HGV	3.3	0.0	1.0	1.0	2
HESM	5.0	1.0	1.0	1.0	2
HII	7.5	2.0	1.5	1.0	2
HLN	4.2	0.5	1.0	1.0	2
HLI	5.0	0.0	2.0	1.0	2
HIW	7.5	2.0	1.5	1.0	2
HNGE	6.7	1.0	2.0	1.0	1
HMC	6.7	2.0	1.0	1.0	1
HOMB	5.0	1.0	1.0	1.0	2
HPE	8.3	2.0	2.0	1.0	2
HSY	7.5	2.0	1.5	1.0	2
HRL	3.3	0.0	1.0	1.0	2
HUBB	5.0	0.5	1.5	1.0	2
HTH	5.0	1.0	1.0	1.0	2
IBTA	5.8	1.0	1.5	1.0	1
HUN	6.7	1.0	2.0	1.0	1
HWM	8.3	2.0	2.0	1.0	2
HYLN	4.2	1.0	0.5	1.0	1
IBM	4.2	0.5	1.0	1.0	2
IDA	5.0	1.0	1.0	1.0	2
IE	5.8	1.0	1.5	1.0	1
IFS	5.8	1.0	1.5	1.0	2
IHS	3.3	1.0	0.0	1.0	1
INFY	5.0	1.0	1.0	1.0	2
IMAX	7.5	2.0	1.5	1.0	2
INN	6.7	2.0	1.0	1.0	1
INTT	6.7	1.0	2.0	1.0	1
IONQ	4.2	1.0	0.5	1.0	1
IPI	5.0	2.0	0.0	1.0	2
IT	6.7	1.5	1.5	1.0	2
IRM	5.8	1.0	1.5	1.0	1
IVT	2.5	0.0	0.5	1.0	2
ITUB	5.8	1.0	1.5	1.0	2
JBL	8.3	2.0	2.0	1.0	2
JLL	7.5	2.0	1.5	1.0	2
JCI	6.7	1.0	2.0	1.0	2
J	4.2	0.0	1.5	1.0	2
JPM	6.7	2.0	1.0	1.0	2
JHX	7.5	2.0	1.5	1.0	2
JNJ	4.2	0.5	1.0	1.0	2
KB	5.8	1.5	1.0	1.0	2
KD	6.7	1.0	2.0	1.0	1
KGC	6.7	2.0	1.0	1.0	2
KEYS	8.3	2.0	2.0	1.0	2
KEP	2.5	0.0	0.5	1.0	2
KKR	7.5	2.0	1.5	1.0	2
KMI	5.8	2.0	0.5	1.0	2
KNOP	2.5	0.0	0.5	1.0	2
KOP	6.7	1.0	2.0	1.0	1
KMX	6.7	2.0	1.0	1.0	2
KRMN	8.3	2.0	2.0	1.0	2
KO	5.8	1.5	1.0	1.0	2
KRC	5.0	0.0	2.0	1.0	2
KT	3.3	0.0	1.0	1.0	2
KVYO	6.7	1.0	2.0	1.0	1
LADR	4.2	0.0	1.5	1.0	2
LAZ	5.0	0.0	2.0	1.0	2
L	5.8	1.5	1.0	1.0	1
LDI	6.7	1.0	2.0	1.0	1
LCII	6.7	1.5	1.5	1.0	2
LEU	3.3	0.0	1.0	1.0	2
LHX	7.5	2.0	1.5	1.0	2
LEG	2.5	0.0	0.5	1.0	2
LNN	4.2	0.0	1.5	1.0	2
LMT	6.7	2.0	1.0	1.0	2
LOW	4.2	0.5	1.0	1.0	2
LPX	5.0	0.0	2.0	1.0	2
LU	6.7	1.0	2.0	1.0	1
LW	5.0	0.5	1.5	1.0	2
LUV	6.7	1.0	2.0	1.0	2
LYNX	6.7	1.0	2.0	1.0	1
LZM	3.3	1.0	0.0	1.0	1
LXU	5.8	1.0	1.5	1.0	1
MAA	5.8	1.5	1.0	1.0	1
MANE	5.0	1.0	1.0	1.0	1
MAIN	6.7	2.0	1.0	1.0	2
MATV	6.7	1.0	2.0	1.0	1
MBC	6.7	1.0	2.0	1.0	1
MCB	5.8	1.0	1.5	1.0	2
LTC.US	6.7	2.0	1.0	1.0	1
MD	5.0	1.0	1.0	1.0	2
MCO	7.5	2.0	1.5	1.0	2
MFC	6.7	1.5	1.5	1.0	2
MH	6.7	2.0	1.0	1.0	2
MIAX	7.5	2.0	1.5	1.0	2
MGA	7.5	2.0	1.5	1.0	2
MEC	6.7	1.0	2.0	1.0	1
MKC	3.3	0.0	1.0	1.0	2
MNSO	5.8	1.0	1.5	1.0	1
MOS	6.7	1.0	2.0	1.0	1
MOD	8.3	2.0	2.0	1.0	2
MMI	6.7	1.0	2.0	1.0	1
MPC	5.0	2.0	0.0	1.0	2
MET.US	5.8	1.0	1.5	1.0	2
MPTI	6.7	1.5	1.5	1.0	2
MSI	5.0	1.0	1.0	1.0	2
MRSH	5.0	1.0	1.0	1.0	2
MLI	5.0	1.0	1.0	1.0	2
MTB	5.8	1.5	1.0	1.0	2
MSA	6.7	2.0	1.0	1.0	2
MTRN	8.3	2.0	2.0	1.0	2
MTG	4.2	0.5	1.0	1.0	2
MSFT.24-7	7.5	2.0	1.5	1.0	2
MTX	5.8	1.0	1.5	1.0	1
MUR	5.8	2.0	0.5	1.0	2
NAK	4.2	1.0	0.5	1.0	1
MWA	6.7	2.0	1.0	1.0	2
NBHC	5.0	0.0	2.0	1.0	2
MYE	6.7	2.0	1.0	1.0	2
NET	6.7	1.0	2.0	1.0	1
NGS	5.0	0.0	2.0	1.0	2
NFG	4.2	0.5	1.0	1.0	2
NHC	6.7	2.0	1.0	1.0	1
NE	6.7	1.0	2.0	1.0	1
NIC	7.5	2.0	1.5	1.0	2
NJR	4.2	1.0	0.5	1.0	1
NLY	6.7	2.0	1.0	1.0	2
NOMD	3.3	0.0	1.0	1.0	2
NNI	3.3	0.0	1.0	1.0	1
NOC	4.2	0.5	1.0	1.0	2
NRDY	6.7	1.0	2.0	1.0	1
NOW	5.0	0.0	2.0	1.0	2
NTB	4.2	0.0	1.5	1.0	2
NU	8.3	2.0	2.0	1.0	2
NSC	5.0	0.5	1.5	1.0	2
NUVB	6.7	1.0	2.0	1.0	1
NVST	6.7	2.0	1.0	1.0	2
NVO	2.5	0.0	0.5	1.0	2
NWN	5.0	1.0	1.0	1.0	1
NYT	5.8	1.5	1.0	1.0	2
NPKI	7.5	2.0	1.5	1.0	2
OEC	5.0	0.0	2.0	1.0	2
OBK	6.7	2.0	1.0	1.0	2
OIS	8.3	2.0	2.0	1.0	2
OHI	6.7	2.0	1.0	1.0	2
OGE	5.0	1.0	1.0	1.0	2
OLN	6.7	1.0	2.0	1.0	1
ONON	5.8	1.0	1.5	1.0	1
OOMA	6.7	2.0	1.0	1.0	2
OSCR	5.8	1.0	1.5	1.0	1
OMF	5.8	0.5	2.0	1.0	2
OTF	3.3	0.0	1.0	1.0	2
OPLN	8.3	2.0	2.0	1.0	2
OXY	5.0	2.0	0.0	1.0	2
OR.US	6.7	2.0	1.0	1.0	2
OVV	5.8	2.0	0.5	1.0	2
ORCL	8.3	2.0	2.0	1.0	2
PAR	6.7	1.0	2.0	1.0	1
PAGS	5.8	1.0	1.5	1.0	2
PAC	6.7	1.5	1.5	1.0	2
PBA	6.7	2.0	1.0	1.0	2
PBI	6.7	2.0	1.0	1.0	2
PD	3.3	0.0	1.0	1.0	2
PCG	6.7	2.0	1.0	1.0	2
PAY.US	7.5	2.0	1.5	1.0	2
PEG	3.3	0.0	1.0	1.0	2
PG	3.3	0.0	1.0	1.0	2
PFGC	7.5	2.0	1.5	1.0	2
PHG	6.7	2.0	1.0	1.0	2
PJT	7.5	2.0	1.5	1.0	2
PHM	3.3	0.0	1.0	1.0	2
PKG	5.0	0.0	2.0	1.0	2
PLOW	4.2	0.5	1.0	1.0	2
PMT	8.3	2.0	2.0	1.0	2
PLD	5.8	2.0	0.5	1.0	2
PRIM	6.7	1.0	2.0	1.0	1
POST	2.5	0.0	0.5	1.0	2
PNR	4.2	0.0	1.5	1.0	2
PRG	5.0	0.5	1.5	1.0	2
PRLB	6.7	2.0	1.0	1.0	2
PWR	7.5	2.0	1.5	1.0	2
PUK	3.3	0.0	1.0	1.0	2
QSR	6.7	2.0	1.0	1.0	2
PRU	6.7	2.0	1.0	1.0	2
PSFE	5.0	1.0	1.0	1.0	1
QXO	6.7	1.0	2.0	1.0	1
RBLX	5.8	1.0	1.5	1.0	1
RAL	7.5	2.0	1.5	1.0	2
RDDT	8.3	2.0	2.0	1.0	2
REA	6.7	1.0	2.0	1.0	1
RELX	7.5	2.0	1.5	1.0	2
RF	5.0	1.0	1.0	1.0	2
RCI	5.0	1.0	1.0	1.0	1
RIG	6.7	1.0	2.0	1.0	1
REX	6.7	2.0	1.0	1.0	1
RLX	6.7	1.0	2.0	1.0	2
RJF	7.5	2.0	1.5	1.0	2
RH	7.5	1.5	2.0	1.0	2
RLGT	7.5	2.0	1.5	1.0	2
RMD	5.0	1.0	1.0	1.0	2
RNR	2.5	0.0	0.5	1.0	2
RRX	8.3	2.0	2.0	1.0	2
RWT	5.0	1.0	1.0	1.0	1
RYAN	4.2	0.0	1.5	1.0	2
RTX	6.7	2.0	1.0	1.0	2
RPM	5.0	0.5	1.5	1.0	2
RSI	5.0	0.0	2.0	1.0	2
RDY	5.0	0.0	2.0	1.0	2
ROK	7.5	2.0	1.5	1.0	2
SBH	5.8	1.5	1.0	1.0	2
SAP	7.5	2.0	1.5	1.0	2
SCI	5.0	1.0	1.0	1.0	2
SBSW	6.7	1.0	2.0	1.0	1
SDHC	5.0	0.0	2.0	1.0	2
SES	5.0	1.0	1.0	1.0	1
SGHC	5.8	1.0	1.5	1.0	1
SHEL	5.0	2.0	0.0	1.0	2
SIG	5.8	1.0	1.5	1.0	1
SJM	5.0	1.0	1.0	1.0	1
SAFE.US	5.0	1.0	1.0	1.0	2
SLG	6.7	1.0	2.0	1.0	1
SM	6.7	2.0	1.0	1.0	2
SN	5.0	0.5	1.5	1.0	2
SMR	3.3	1.0	0.0	1.0	1
SNDR	8.3	2.0	2.0	1.0	2
SMG	3.3	0.0	1.0	1.0	2
SPCE	6.7	1.0	2.0	1.0	1
SPHR	4.2	1.0	0.5	1.0	1
SKY.US	5.0	0.0	2.0	1.0	2
SOC	6.7	1.0	2.0	1.0	1
SNX.US	7.5	2.0	1.5	1.0	2
SR	8.3	2.0	2.0	1.0	2
SPOT	6.7	1.0	2.0	1.0	1
STEM	5.0	1.0	1.0	1.0	1
SSD	6.7	2.0	1.0	1.0	2
STN	6.7	1.5	1.5	1.0	2
STC	7.5	1.5	2.0	1.0	2
STUB	5.8	1.0	1.5	1.0	1
STZ	6.7	2.0	1.0	1.0	2
SUZ	3.3	0.0	1.0	1.0	1
SUN	6.7	2.0	1.0	1.0	2
SWK	7.5	2.0	1.5	1.0	2
TAC	6.7	1.0	2.0	1.0	1
SXI	7.5	2.0	1.5	1.0	2
TBI	6.7	1.0	2.0	1.0	1
TALO	6.7	1.0	2.0	1.0	1
SYK	7.5	2.0	1.5	1.0	2
TDAY	2.5	0.0	0.5	1.0	2
TDY	5.8	1.5	1.0	1.0	2
TDOC	5.0	1.0	1.0	1.0	1
TEO	3.3	1.0	0.0	1.0	1
TFC	6.7	2.0	1.0	1.0	2
TFX	5.0	0.0	2.0	1.0	2
TEL.US	6.7	1.5	1.5	1.0	2
TKC	5.8	0.5	2.0	1.0	2
THG	5.8	2.0	0.5	1.0	2
TLK	6.7	2.0	1.0	1.0	2
TIMB	5.0	0.5	1.5	1.0	2
TGS.US	5.8	2.0	0.5	1.0	2
TNC	5.0	0.0	2.0	1.0	2
TNL	5.8	1.0	1.5	1.0	2
TME	5.0	1.0	1.0	1.0	2
TOST	8.3	2.0	2.0	1.0	2
TPL	6.7	2.0	1.0	1.0	1
TRGP	6.7	2.0	1.0	1.0	2
TRNO	2.5	0.0	0.5	1.0	2
TR	3.3	0.0	1.0	1.0	1
TRTX	4.2	0.0	1.5	1.0	2
TTAM	4.2	0.0	1.5	1.0	2
TS	4.2	0.0	1.5	1.0	2
TSM	8.3	2.0	2.0	1.0	2
TTI	5.0	0.5	1.5	1.0	2
TWLO	7.5	2.0	1.5	1.0	2
U	6.7	1.0	2.0	1.0	1
UAMY	5.0	0.0	2.0	1.0	2
TXNM	7.5	2.0	1.5	1.0	2
UE	2.5	0.0	0.5	1.0	2
UBS	7.5	1.5	2.0	1.0	2
UI	5.8	1.0	1.5	1.0	2
UGI	5.8	1.0	1.5	1.0	1
ULS	7.5	2.0	1.5	1.0	2
UNF	3.3	0.0	1.0	1.0	2
UPS	4.2	0.0	1.5	1.0	2
UNM	3.3	0.0	1.0	1.0	2
USNA	6.7	1.0	2.0	1.0	1
USAC	7.5	2.0	1.5	1.0	2
UTL	5.8	1.5	1.0	1.0	2
V	5.8	1.0	1.5	1.0	2
VFC	6.7	1.0	2.0	1.0	1
VALE	3.3	0.0	1.0	1.0	2
VIPS	8.3	2.0	2.0	1.0	2
VIA	6.7	1.0	2.0	1.0	1
VLO	5.0	2.0	0.0	1.0	2
VMC	5.8	1.0	1.5	1.0	2
VOYG	6.7	1.0	2.0	1.0	1
UVE	5.0	2.0	0.0	1.0	2
VNO	3.3	0.0	1.0	1.0	1
VRTS	5.0	1.0	1.0	1.0	2
VSTS	6.7	1.0	2.0	1.0	1
VTMX	5.8	2.0	0.5	1.0	2
VIV.US	6.7	1.5	1.5	1.0	2
VTS	8.3	2.0	2.0	1.0	2
VYX	5.8	1.0	1.5	1.0	1
WBI	8.3	2.0	2.0	1.0	2
WCN	5.0	1.0	1.0	1.0	2
WAB	6.7	1.5	1.5	1.0	2
WEAV	6.7	1.0	2.0	1.0	1
WFC	6.7	1.5	1.5	1.0	2
WIT	5.0	1.0	1.0	1.0	2
WES	5.8	1.5	1.0	1.0	2
WLK	5.8	1.0	1.5	1.0	1
WHD	8.3	2.0	2.0	1.0	2
WMB	6.7	2.0	1.0	1.0	2
WPC	5.8	2.0	0.5	1.0	2
WNC	6.7	1.0	2.0	1.0	1
WSM	7.5	2.0	1.5	1.0	2
WTI	3.3	1.0	0.0	1.0	1
WTS	6.7	1.5	1.5	1.0	2
WWW	6.7	1.5	1.5	1.0	2
XIFR	1.7	0.0	0.0	1.0	2
YETI	7.5	2.0	1.5	1.0	2
WRB.US	5.0	1.5	0.5	1.0	2
XPEV	6.7	1.0	2.0	1.0	1
YOU	8.3	2.0	2.0	1.0	2
XPRO	4.2	0.0	1.5	1.0	2
YUM	6.7	2.0	1.0	1.0	2
OCFC	6.7	1.0	2.0	1.0	1
ZEPP	6.7	1.0	2.0	1.0	1
OABI	5.8	1.0	1.5	1.0	1
ZH	6.7	1.0	2.0	1.0	1
ZTO	7.5	2.0	1.5	1.0	2
ODTX	4.2	1.0	0.5	1.0	1
XZO	5.8	1.0	1.5	1.0	2
OFS	4.2	1.0	0.5	1.0	1
OKUR	5.8	1.0	1.5	1.0	1
OCUL	4.2	1.0	0.5	1.0	1
ON	8.3	2.0	2.0	1.0	2
OLMA	3.3	1.0	0.0	1.0	1
OMCL	5.8	2.0	0.5	1.0	2
OPCH	5.8	1.0	1.5	1.0	2
ONDS	6.7	1.0	2.0	1.0	1
ORGO	6.7	1.0	2.0	1.0	1
OPRA	8.3	2.0	2.0	1.0	2
OSPN	3.3	0.0	1.0	1.0	2
ORLY	5.8	1.0	1.5	1.0	2
OTLY	5.8	1.0	1.5	1.0	1
OVLY	4.2	0.5	1.0	1.0	1
VAR.OL	5.0	2.0	0.0	1.0	2
SUBC.OL	6.7	2.0	1.0	1.0	2
ATROB	6.7	2.0	1.0	1.0	1
GDST	6.7	2.0	1.0	1.0	1
ORANY	3.3	1.0	0.0	1.0	1
SNBRQ	6.7	1.0	2.0	1.0	1
ZPTA	4.2	1.0	0.5	1.0	1
PACB	5.8	1.0	1.5	1.0	1
PAYO	6.7	1.0	2.0	1.0	1
PANL	6.7	1.0	2.0	1.0	1
PCVX	5.8	1.0	1.5	1.0	1
PAYX	5.8	1.5	1.0	1.0	2
WCPRF	6.7	2.0	1.0	1.0	1
PCAR	6.7	1.0	2.0	1.0	2
PDFS	8.3	2.0	2.0	1.0	2
PEBO	7.5	2.0	1.5	1.0	2
PENG	8.3	2.0	2.0	1.0	2
PGY	7.5	2.0	1.5	1.0	2
PFBC	5.0	1.0	1.0	1.0	2
PFLT	3.3	0.0	1.0	1.0	2
PHVS	5.0	1.0	1.0	1.0	1
PERI	5.8	1.0	1.5	1.0	1
PLAY	5.8	1.0	1.5	1.0	1
PLTK	5.0	2.0	0.0	1.0	2
PLUS	3.3	0.0	1.0	1.0	2
PMVP	6.7	1.0	2.0	1.0	1
POET	6.7	1.0	2.0	1.0	1
PLPC	6.7	2.0	1.0	1.0	1
POOL	4.2	0.5	1.0	1.0	2
PPTA	6.7	1.0	2.0	1.0	1
PRAX	6.7	1.0	2.0	1.0	1
PRDO	5.8	1.5	1.0	1.0	2
PRPL	5.8	1.0	1.5	1.0	1
PRTS	6.7	1.0	2.0	1.0	1
PSIX	4.2	0.0	1.5	1.0	2
PSNL	5.8	1.0	1.5	1.0	1
PWP	8.3	2.0	2.0	1.0	2
PTRN	7.5	1.5	2.0	1.0	2
74SW.PA	7.5	2.0	1.5	1.0	2
PTC	3.3	0.0	1.0	1.0	2
AC.PA	5.0	0.0	2.0	1.0	2
ADOC.PA	3.3	1.0	0.0	1.0	1
ABEO.PA	6.7	1.5	1.5	1.0	2
AI.PA	5.8	1.0	1.5	1.0	2
AKW.PA	2.5	0.0	0.5	1.0	2
ALBIZ.PA	6.7	1.0	2.0	1.0	1
ALCAT.PA	6.7	1.0	2.0	1.0	1
PTGX	3.3	1.0	0.0	1.0	1
ALCIS.PA	5.0	2.0	0.0	1.0	2
ALCUR.PA	6.7	1.0	2.0	1.0	1
ALDEL.PA	7.5	2.0	1.5	1.0	2
ALDUX.PA	4.2	0.0	1.5	1.0	2
ALDMS.PA	6.7	1.0	2.0	1.0	1
ALFER.PA	5.0	0.0	2.0	1.0	2
ALGID.PA	6.7	1.0	2.0	1.0	1
ALFUM.PA	6.7	1.0	2.0	1.0	1
ALFOR.PA	6.7	1.0	2.0	1.0	1
ALHAF.PA	5.0	1.0	1.0	1.0	1
ALHG.PA	5.0	1.0	1.0	1.0	1
ALITL.PA	3.3	0.0	1.0	1.0	1
ALICA.PA	8.3	2.0	2.0	1.0	2
ALKLH.PA	3.3	0.0	1.0	1.0	1
ALMCE.PA	4.2	1.0	0.5	1.0	1
ALMDT.PA	5.8	1.0	1.5	1.0	1
ALMRB.PA	2.5	0.0	0.5	1.0	2
ALNN6.PA	6.7	1.0	2.0	1.0	1
ALNSE.PA	6.7	2.0	1.0	1.0	1
ALO.PA	6.7	1.0	2.0	1.0	2
ALPAS.PA	6.7	2.0	1.0	1.0	1
ALPJT.PA	5.0	0.0	2.0	1.0	2
ALPUL.PA	6.7	1.0	2.0	1.0	1
ALSEN.PA	6.7	1.0	2.0	1.0	1
ALSOG.PA	5.8	1.0	1.5	1.0	1
ALSTI.PA	1.7	0.0	0.0	1.0	2
ALU10.PA	8.3	2.0	2.0	1.0	2
ALVAL.PA	6.7	1.0	2.0	1.0	1
ALVGO.PA	4.2	1.0	0.5	1.0	1
ALWEC.PA	6.7	2.0	1.0	1.0	1
AMUN.PA	3.3	0.0	1.0	1.0	2
ARG.PA	5.8	1.5	1.0	1.0	2
ATEME.PA	6.7	1.0	2.0	1.0	1
BEN.PA	6.7	1.0	2.0	1.0	1
BLC.PA	6.7	2.0	1.0	1.0	2
BOI.PA	3.3	0.0	1.0	1.0	1
CA.PA	5.0	1.0	1.0	1.0	1
BSD.PA	6.7	2.0	1.0	1.0	2
CARM.PA	6.7	2.0	1.0	1.0	2
CDI.PA	5.0	1.0	1.0	1.0	1
COFA.PA	4.2	0.0	1.5	1.0	2
CMO.PA	5.8	1.5	1.0	1.0	1
CRAV.PA	6.7	2.0	1.0	1.0	1
COV.PA	3.3	0.0	1.0	1.0	2
CRLA.PA	5.8	1.5	1.0	1.0	1
CRTO.PA	5.0	1.0	1.0	1.0	1
DKUPL.PA	6.7	2.0	1.0	1.0	1
DBG.PA	6.7	1.5	1.5	1.0	2
DEEZR.PA	6.7	1.0	2.0	1.0	1
EKI.PA	6.7	1.0	2.0	1.0	1
EC.PA	6.7	2.0	1.0	1.0	1
ELIOR.PA	5.0	0.0	2.0	1.0	2
EQS.PA	6.7	1.5	1.5	1.0	2
EN.PA	6.7	1.5	1.5	1.0	2
FII.PA	8.3	2.0	2.0	1.0	2
ETL.PA	6.7	1.0	2.0	1.0	1
FDJU.PA	5.8	1.0	1.5	1.0	1
EXENS.PA	5.0	0.0	2.0	1.0	2
ALBFR.PA	7.5	1.5	2.0	1.0	2
GFC.PA	2.5	0.0	0.5	1.0	2
GTT.PA	5.8	1.5	1.0	1.0	2
ICAD.PA	4.2	1.0	0.5	1.0	1
FRVIA.PA	6.7	1.0	2.0	1.0	1
GNFT.PA	6.7	1.0	2.0	1.0	1
HDF.PA	3.3	1.0	0.0	1.0	1
IPH.PA	6.7	1.0	2.0	1.0	1
ITP.PA	3.3	0.0	1.0	1.0	2
LACR.PA	6.7	1.0	2.0	1.0	1
JCQ.PA	8.3	2.0	2.0	1.0	2
LNA.PA	7.5	1.5	2.0	1.0	2
LHYFE.PA	6.7	1.0	2.0	1.0	1
LSS.PA	8.3	2.0	2.0	1.0	2
MAU.PA	5.0	2.0	0.0	1.0	2
MDM.PA	3.3	1.0	0.0	1.0	1
MMB.PA	6.7	2.0	1.0	1.0	2
NANO.PA	6.7	1.0	2.0	1.0	1
MTU.PA	8.3	2.0	2.0	1.0	2
NXI.PA	6.7	1.0	2.0	1.0	1
OR.PA	5.0	1.0	1.0	1.0	2
MERY.PA	3.3	0.0	1.0	1.0	2
PAT.PA	6.7	2.0	1.0	1.0	1
POMRY.PA	6.7	1.0	2.0	1.0	1
PIG.PA	6.7	1.0	2.0	1.0	1
RUI.PA	5.8	1.5	1.0	1.0	2
RBT.PA	5.0	0.5	1.5	1.0	2
RI.PA	3.3	0.0	1.0	1.0	2
SAF.PA	5.0	0.0	2.0	1.0	2
PUB.PA	4.2	0.5	1.0	1.0	2
SMCP.PA	7.5	2.0	1.5	1.0	2
SGO.PA	3.3	0.0	1.0	1.0	2
STLAP.PA	6.7	1.0	2.0	1.0	1
SPIE.PA	5.8	1.0	1.5	1.0	1
SW.PA	3.3	0.0	1.0	1.0	2
TEP.PA	3.3	0.0	1.0	1.0	2
SAVE.PA	5.0	0.5	1.5	1.0	2
SCR.PA	3.3	0.0	1.0	1.0	2
URW.PA	6.7	2.0	1.0	1.0	2
VCT.PA	6.7	1.5	1.5	1.0	2
THEP.PA	5.8	1.5	1.0	1.0	2
TRI.PA	5.8	1.5	1.0	1.0	2
VIL.PA	5.8	1.5	1.0	1.0	1
VLTSA.PA	6.7	1.0	2.0	1.0	1
VU.PA	6.7	1.0	2.0	1.0	1
WLN.PA	5.0	1.0	1.0	1.0	1
VIV.PA	5.8	0.5	2.0	1.0	2
QFIN	4.2	0.0	1.5	1.0	2
QNST	7.5	2.0	1.5	1.0	2
QCOM	2.5	0.0	0.5	1.0	2
RAPP	3.3	1.0	0.0	1.0	1
QS	4.2	1.0	0.5	1.0	1
QUBT	4.2	1.0	0.5	1.0	1
RCMT	7.5	2.0	1.5	1.0	2
RCEL	6.7	1.0	2.0	1.0	1
RDWR	4.2	0.0	1.5	1.0	2
REFI	3.3	0.0	1.0	1.0	1
RBBN	6.7	1.0	2.0	1.0	1
REYN	6.7	2.0	1.0	1.0	2
RGEN	5.0	0.0	2.0	1.0	2
RICK	6.7	2.0	1.0	1.0	1
RGP	6.7	1.0	2.0	1.0	1
RIOT	6.7	1.0	2.0	1.0	1
RNA	3.3	1.0	0.0	1.0	1
RLAY	4.2	1.0	0.5	1.0	1
RMNI	5.0	0.0	2.0	1.0	2
ROCK	5.0	0.0	2.0	1.0	2
ROOT	4.2	1.5	0.0	1.0	2
RVMD	6.7	1.0	2.0	1.0	1
RXST	3.3	1.0	0.0	1.0	1
RUN	1.7	0.0	0.0	1.0	2
RRR	5.0	0.0	2.0	1.0	2
RYTM	6.7	1.0	2.0	1.0	1
RPAY	6.7	1.0	2.0	1.0	1
SABR	6.7	1.0	2.0	1.0	1
SAIA	8.3	2.0	2.0	1.0	2
SAMG	5.0	0.0	2.0	1.0	2
SBAC	3.3	0.0	1.0	1.0	2
SBUX	7.5	2.0	1.5	1.0	2
SBGI	3.3	1.0	0.0	1.0	1
SDA	6.7	1.0	2.0	1.0	1
SEER	5.0	1.0	1.0	1.0	1
SERA	5.8	1.0	1.5	1.0	1
SFNC	7.5	2.0	1.5	1.0	2
SG	3.3	1.0	0.0	1.0	1
SHAZ	6.7	1.0	2.0	1.0	1
SFD	6.7	2.0	1.0	1.0	2
SGMT	3.3	1.0	0.0	1.0	1
SILC	6.7	1.0	2.0	1.0	1
SHOE	5.0	0.0	2.0	1.0	2
SION	5.0	1.0	1.0	1.0	1
SKWD	6.7	2.0	1.0	1.0	2
SLDB	5.0	1.0	1.0	1.0	1
SIBN	5.8	1.0	1.5	1.0	1
SLGN	3.3	0.0	1.0	1.0	2
SNEX	6.7	2.0	1.0	1.0	2
SLN	4.2	1.0	0.5	1.0	1
SMPL	5.0	1.0	1.0	1.0	1
SNY	3.3	0.0	1.0	1.0	2
SONO	5.0	1.0	1.0	1.0	1
SMBC	6.7	2.0	1.0	1.0	2
SNDK	6.7	1.0	2.0	1.0	1
SPSC	3.3	0.0	1.0	1.0	2
SPWH	5.8	1.0	1.5	1.0	1
SRPT	3.3	1.0	0.0	1.0	1
STEP	6.7	1.0	2.0	1.0	1
SPRB	6.7	1.0	2.0	1.0	1
SPCX.24-7	6.7	1.0	2.0	1.0	1
STNE	4.2	0.0	1.5	1.0	2
STKS	6.7	1.0	2.0	1.0	1
SSNC	6.7	2.0	1.0	1.0	2
SUNS	4.2	0.5	1.0	1.0	2
SURG	6.7	1.0	2.0	1.0	1
SWBI	5.0	1.0	1.0	1.0	1
STTK	4.2	1.0	0.5	1.0	1
SSYS.US	6.7	1.0	2.0	1.0	1
SYBT	5.8	1.5	1.0	1.0	2
SYRE	3.3	1.0	0.0	1.0	1
ALFA.ST	5.8	1.0	1.5	1.0	2
AQ.ST	5.8	1.0	1.5	1.0	2
ALTRA.ST	5.0	1.0	1.0	1.0	1
ATCO-B.ST	6.7	1.0	2.0	1.0	2
BILL.ST	6.7	1.0	2.0	1.0	1
BEIAb.ST	7.5	2.0	1.5	1.0	2
CAST.ST	6.7	2.0	1.0	1.0	2
BOL.ST	8.3	2.0	2.0	1.0	2
BUFAB.ST	7.5	2.0	1.5	1.0	2
CLASb.ST	6.7	2.0	1.0	1.0	2
DIOS.ST	5.8	2.0	0.5	1.0	2
EKTAB.ST	6.7	2.0	1.0	1.0	2
ENGCONb.ST	7.5	1.5	2.0	1.0	2
HACK.ST	8.3	2.0	2.0	1.0	2
EPROb.ST	6.7	1.0	2.0	1.0	2
ERIC-B.ST	3.3	0.0	1.0	1.0	2
HM-B.ST	6.7	2.0	1.0	1.0	2
HOLMb.ST	4.2	0.0	1.5	1.0	2
INVE-A.ST	6.7	2.0	1.0	1.0	1
HUSQB.ST	5.0	0.0	2.0	1.0	2
LOOMIS.ST	7.5	2.0	1.5	1.0	2
FABG.ST	4.2	1.0	0.5	1.0	1
MILDEF.ST	8.3	2.0	2.0	1.0	2
LUND-B.ST	6.7	2.0	1.0	1.0	1
NCAB.ST	8.3	2.0	2.0	1.0	2
NORION.ST	5.0	0.0	2.0	1.0	2
LATOb.ST	6.7	2.0	1.0	1.0	1
NEWAb.ST	8.3	2.0	2.0	1.0	2
MTGb.ST	5.0	1.0	1.0	1.0	1
OEMb.ST	7.5	2.0	1.5	1.0	2
SAND.ST	7.5	2.0	1.5	1.0	2
RUSTA.ST	7.5	2.0	1.5	1.0	2
RATOb.ST	2.5	0.0	0.5	1.0	2
SCAB.ST	5.0	0.0	2.0	1.0	2
SIVE.ST	6.7	1.0	2.0	1.0	1
SECU-B.ST	5.8	1.5	1.0	1.0	2
SOBI.ST	7.5	2.0	1.5	1.0	2
SYNSAM.ST	7.5	2.0	1.5	1.0	2
SHBB.ST	4.2	0.5	1.0	1.0	1
SKF-B.ST	7.5	2.0	1.5	1.0	2
TELIA.ST	5.8	1.5	1.0	1.0	2
STORb.ST	7.5	2.0	1.5	1.0	2
TROAX.ST	6.7	1.0	2.0	1.0	1
VITR.ST	7.5	2.0	1.5	1.0	2
XVIVO.ST	8.3	2.0	2.0	1.0	2
VOLV-B.ST	7.5	2.0	1.5	1.0	2
A2M.ASX	5.8	0.5	2.0	1.0	2
AGL.ASX	3.3	1.0	0.0	1.0	1
ALL.ASX	4.2	0.0	1.5	1.0	2
ALX.ASX	6.7	1.0	2.0	1.0	2
ANN.ASX	6.7	2.0	1.0	1.0	2
APA.ASX	6.7	2.0	1.0	1.0	2
ARF.ASX	3.3	0.0	1.0	1.0	2
AX1.ASX	5.8	1.0	1.5	1.0	1
BHP.ASX	4.2	0.5	1.0	1.0	2
BRN.ASX	4.2	1.0	0.5	1.0	1
BWP.ASX	6.7	2.0	1.0	1.0	2
BOQ.ASX	3.3	0.0	1.0	1.0	2
BEN.ASX	5.8	1.0	1.5	1.0	1
CGF.ASX	5.0	1.0	1.0	1.0	1
CIA.ASX	6.7	1.0	2.0	1.0	1
CBA.ASX	5.8	1.5	1.0	1.0	2
CLW.ASX	5.8	2.0	0.5	1.0	2
CRN.ASX	6.7	1.0	2.0	1.0	1
CPU.ASX	5.0	1.0	1.0	1.0	2
CTT.ASX	6.7	1.0	2.0	1.0	1
CNU.ASX	8.3	2.0	2.0	1.0	2
DDR.ASX	5.0	1.0	1.0	1.0	2
DOW.ASX	7.5	2.0	1.5	1.0	2
EDV.ASX	5.8	1.0	1.5	1.0	1
DTL.ASX	6.7	2.0	1.0	1.0	2
EMR.ASX	8.3	2.0	2.0	1.0	2
FBU.ASX	6.7	1.0	2.0	1.0	1
GNC.ASX	5.0	0.0	2.0	1.0	2
FPH.ASX	6.7	1.5	1.5	1.0	2
HMC.ASX	5.0	1.0	1.0	1.0	1
HDN.ASX	3.3	0.0	1.0	1.0	2
IGO.ASX	4.2	1.0	0.5	1.0	1
IAG.ASX	3.3	0.0	1.0	1.0	2
IPH.ASX	6.7	2.0	1.0	1.0	2
IMU.ASX	6.7	1.0	2.0	1.0	1
JHX.ASX	7.5	2.0	1.5	1.0	2
KGN.ASX	6.7	1.0	2.0	1.0	1
LTR.ASX	6.7	1.0	2.0	1.0	1
MFG.ASX	3.3	0.0	1.0	1.0	2
MMS.ASX	5.0	1.0	1.0	1.0	1
MPL.ASX	6.7	2.0	1.0	1.0	2
MYR.ASX	6.7	1.0	2.0	1.0	1
NCK.ASX	7.5	2.0	1.5	1.0	2
NHC.ASX	4.2	1.0	0.5	1.0	2
NWS.ASX	4.2	0.0	1.5	1.0	2
PLS.ASX	3.3	1.0	0.0	1.0	1
ORG.ASX	5.8	2.0	0.5	1.0	2
PNI.ASX	7.5	2.0	1.5	1.0	2
PRU.ASX	8.3	2.0	2.0	1.0	2
QAN.ASX	5.0	0.0	2.0	1.0	2
RHC.ASX	7.5	2.0	1.5	1.0	2
REA.ASX	5.8	1.0	1.5	1.0	1
RWC.ASX	5.8	1.0	1.5	1.0	1
SFR.ASX	5.8	2.0	0.5	1.0	2
SDF.ASX	3.3	0.0	1.0	1.0	2
RMD.ASX	5.8	1.0	1.5	1.0	2
SMR.ASX	6.7	1.0	2.0	1.0	1
SIG.ASX	7.5	2.0	1.5	1.0	2
SGP.ASX	6.7	2.0	1.0	1.0	2
STO.ASX	3.3	0.0	1.0	1.0	2
SYR.ASX	6.7	1.0	2.0	1.0	1
TLC.ASX	3.3	0.0	1.0	1.0	2
TNE.ASX	6.7	1.0	2.0	1.0	2
VEA.ASX	3.3	1.0	0.0	1.0	1
WA1.ASX	6.7	1.0	2.0	1.0	1
WES.ASX	3.3	0.0	1.0	1.0	2
WJL.ASX	6.7	1.0	2.0	1.0	1
WBT.ASX	4.2	1.0	0.5	1.0	1
WPR.ASX	3.3	0.0	1.0	1.0	2
TWE.ASX	6.7	1.0	2.0	1.0	1
TASK	5.8	1.0	1.5	1.0	2
TCBK	6.7	2.0	1.0	1.0	2
TCPC	3.3	1.0	0.0	1.0	1
TDUP	6.7	1.0	2.0	1.0	1
XYZ.ASX	5.0	0.0	2.0	1.0	2
TBLA	6.7	1.0	2.0	1.0	1
TELA	6.7	1.0	2.0	1.0	1
TECH	5.8	1.0	1.5	1.0	1
TER	8.3	2.0	2.0	1.0	2
TGTX	5.0	0.0	2.0	1.0	2
THRM	7.5	2.0	1.5	1.0	2
TIGR	5.8	0.5	2.0	1.0	2
TLRY	6.7	1.0	2.0	1.0	1
TITN	6.7	1.0	2.0	1.0	1
TMUS	5.8	1.0	1.5	1.0	2
TNYA	5.0	1.0	1.0	1.0	1
TRDA	6.7	1.0	2.0	1.0	1
TPG	8.3	2.0	2.0	1.0	2
TRNS	4.2	0.0	1.5	1.0	2
TRVG	6.7	1.0	2.0	1.0	1
TRS	5.0	0.0	2.0	1.0	2
TRIP	5.0	0.0	2.0	1.0	2
TSCO	3.3	0.0	1.0	1.0	2
TSLA	5.8	0.5	2.0	1.0	2
TTEK	5.0	0.5	1.5	1.0	2
TTAN	6.7	1.0	2.0	1.0	1
TWST	6.7	1.0	2.0	1.0	1
TXRH	5.0	0.5	1.5	1.0	2
1332.T	5.8	1.5	1.0	1.0	1
1808.T	6.7	2.0	1.0	1.0	1
1801.T	5.0	1.0	1.0	1.0	1
TVRD	5.0	1.0	1.0	1.0	1
2269.T	6.7	2.0	1.0	1.0	1
2503.T	6.7	2.0	1.0	1.0	1
2432.T	6.7	2.0	1.0	1.0	1
1928.T	4.2	0.5	1.0	1.0	1
2802.T	5.8	1.5	1.0	1.0	1
3099.T	5.8	1.5	1.0	1.0	1
2914.T	6.7	2.0	1.0	1.0	1
3407.T	6.7	2.0	1.0	1.0	1
4063.T	5.0	1.0	1.0	1.0	1
4188.T	6.7	2.0	1.0	1.0	1
4543.T	6.7	2.0	1.0	1.0	1
4502.T	4.2	0.5	1.0	1.0	1
4661.T	6.7	2.0	1.0	1.0	1
4507.T	6.7	2.0	1.0	1.0	1
5301.T	5.0	1.0	1.0	1.0	1
5201.T	6.7	2.0	1.0	1.0	1
4902.T	5.0	1.0	1.0	1.0	1
4751.T	5.0	1.0	1.0	1.0	1
543A.T	6.7	2.0	1.0	1.0	1
5801.T	6.7	2.0	1.0	1.0	1
6273.T	6.7	2.0	1.0	1.0	1
6305.T	6.7	2.0	1.0	1.0	1
6113.T	6.7	2.0	1.0	1.0	1
5831.T	6.7	2.0	1.0	1.0	1
6503.T	6.7	2.0	1.0	1.0	1
6473.T	6.7	2.0	1.0	1.0	1
6674.T	5.8	1.5	1.0	1.0	1
6723.T	5.8	1.0	1.5	1.0	1
6753.T	3.3	0.0	1.0	1.0	1
6952.T	6.7	2.0	1.0	1.0	1
6971.T	6.7	2.0	1.0	1.0	1
6861.T	6.7	2.0	1.0	1.0	1
6988.T	5.0	1.0	1.0	1.0	1
7211.T	6.7	2.0	1.0	1.0	1
7453.T	6.7	2.0	1.0	1.0	1
7269.T	6.7	2.0	1.0	1.0	1
7735.T	3.3	0.0	1.0	1.0	1
7012.T	6.7	2.0	1.0	1.0	1
7912.T	3.3	0.0	1.0	1.0	1
8001.T	5.0	1.0	1.0	1.0	1
7752.T	6.7	2.0	1.0	1.0	1
8031.T	6.7	2.0	1.0	1.0	1
8253.T	6.7	2.0	1.0	1.0	1
8058.T	6.7	2.0	1.0	1.0	1
8316.T	6.7	2.0	1.0	1.0	1
8411.T	6.7	2.0	1.0	1.0	1
8306.T	6.7	2.0	1.0	1.0	1
8604.T	6.7	2.0	1.0	1.0	1
8725.T	6.7	2.0	1.0	1.0	1
8804.T	6.7	2.0	1.0	1.0	1
8795.T	5.8	1.5	1.0	1.0	1
9005.T	6.7	2.0	1.0	1.0	1
9201.T	3.3	0.0	1.0	1.0	1
9009.T	6.7	2.0	1.0	1.0	1
9104.T	5.8	1.5	1.0	1.0	1
9433.T	5.8	1.5	1.0	1.0	1
9532.T	3.3	0.0	1.0	1.0	1
9022.T	4.2	0.5	1.0	1.0	1
9502.T	3.3	0.0	1.0	1.0	1
9984.T	3.3	0.0	1.0	1.0	1
UFPI	5.0	0.0	2.0	1.0	2
ULH	8.3	2.0	2.0	1.0	2
UCTT	6.7	1.0	2.0	1.0	1
9766.T	6.7	2.0	1.0	1.0	1
UPBD	7.5	2.0	1.5	1.0	2
UPWK	2.5	0.0	0.5	1.0	2
URGN	6.7	1.0	2.0	1.0	1
VERU	4.2	1.0	0.5	1.0	1
VEON	4.2	0.0	1.5	1.0	2
UTMD	3.3	0.0	1.0	1.0	1
USEA	5.8	1.5	1.0	1.0	1
VISN	5.0	2.0	0.0	1.0	2
VFS	6.7	1.0	2.0	1.0	1
VINP	4.2	0.0	1.5	1.0	2
VCTR	6.7	2.0	1.0	1.0	2
VNET	6.7	1.0	2.0	1.0	1
VLGEA	3.3	0.0	1.0	1.0	1
VSTM	6.7	1.0	2.0	1.0	1
VRSK	5.0	0.5	1.5	1.0	2
VSAT	6.7	1.0	2.0	1.0	1
WATT	6.7	1.0	2.0	1.0	1
WAFD	5.0	1.0	1.0	1.0	2
WDAY	7.5	2.0	1.5	1.0	2
WEYS	6.7	2.0	1.0	1.0	1
WINA	4.2	0.5	1.0	1.0	1
WLFC	2.5	0.0	0.5	1.0	2
WKHS	6.7	1.0	2.0	1.0	1
WEN	3.3	0.0	1.0	1.0	2
WMT	5.0	0.5	1.5	1.0	2
WRLD	7.5	2.0	1.5	1.0	2
WHF	6.7	2.0	1.0	1.0	2
WSC	5.0	0.5	1.5	1.0	2
WW	5.0	0.0	2.0	1.0	2
WTW	4.2	0.0	1.5	1.0	2
XEL	7.5	2.0	1.5	1.0	2
XMTR	6.7	1.0	2.0	1.0	1
WYNN	6.7	2.0	1.0	1.0	2
XRX	6.7	1.0	2.0	1.0	1
YSWY	1.7	0.0	0.0	1.0	2
XPEL	6.7	1.5	1.5	1.0	2
ZM	6.7	2.0	1.0	1.0	2
ZION	6.7	2.0	1.0	1.0	2
ZBRA	6.7	2.0	1.0	1.0	2
ZYME	5.0	1.0	1.0	1.0	1
ZUMZ	6.7	1.0	2.0	1.0	1
ADEN.ZU	4.2	0.0	1.5	1.0	2
BARN.ZU	8.3	2.0	2.0	1.0	2
DKSH.ZU	5.8	1.5	1.0	1.0	2
GALD.ZU	8.3	2.0	2.0	1.0	2
CFR.ZU	4.2	0.0	1.5	1.0	2
AMS.ZU	6.7	1.0	2.0	1.0	1
GIVN.ZU	4.2	0.0	1.5	1.0	2
LAND.ZU	6.7	1.0	2.0	1.0	1
LONN.ZU	7.5	2.0	1.5	1.0	2
OERL.ZU	5.0	1.0	1.0	1.0	1
PSPN.ZU	6.7	2.0	1.0	1.0	2
SCMN.ZU	7.5	2.0	1.5	1.0	2
SIKA.ZU	5.0	0.5	1.5	1.0	2
SRAIL.ZU	8.3	2.0	2.0	1.0	2
SOON.ZU	5.8	1.0	1.5	1.0	1
UHR.ZU	8.3	2.0	2.0	1.0	2
TECN.ZU	4.2	0.0	1.5	1.0	2
