ABEO	5.110000133514404	-3.402643282355925	-9.876542067801365	-13.827988508626209	1295360.0	1299036.6666666667	1393031.6666666667	1.0801850602112848	0.9298855374189866	57.891595114765884	-10.048489978576251
ABSI	11.529999732971191	21.496312023753227	17.413442884812454	31.02272139846799	4224140.0	3726346.6666666665	3326625.0	1.1495709828393137	1.269797467403149	96.62755529870589	17.24149497403757
AAPL	332.8900146484375	-1.6282444880103522	-1.796565030536933	1.4259234378000119	38480480.0	40337230.0	45988846.666666664	0.8515929328811126	0.836735051846629	50.95058912183606	-1.9685129413118199
ACIC	9.279999732971191	0.21597736063739223	0.9793270587302557	-2.7253692863886982	233620.0	262713.3333333333	270268.3333333333	0.9938589590681859	0.8644001948680633	54.5713815729074	0.8073791479553688
ADBE	238.7899932861328	3.3678191265731807	-4.300260821818356	-16.433948106340225	3957740.0	5121240.0	5098608.333333333	0.6428911747936047	0.7762392679048041	54.48797496615527	-4.472208732593243
ACET	6.46999979019165	1.8897620056897564	-27.547597210700292	-31.38918790235346	268740.0	248816.66666666666	168896.66666666666	0.6137048697166588	1.5911504075470209	20.565065083951183	-27.71954512147518
ADSK	221.55999755859375	6.935660479685242	1.2382871279410905	-6.719436858699003	2270640.0	2308580.0	2158485.0	1.396442834989474	1.0519600553165762	96.49511511673597	1.0663392171662036
ADV	27.3700008392334	-14.281238403881936	-16.286890672257123	-14.254383540680813	80840.0	61583.333333333336	93026.66666666667	1.1041948579161027	0.8689981367349864	36.54038762486398	-16.45883858303201
ACAD	20.110000610351562	-2.0457869568759914	-23.82575416313163	-27.8176591177835	2819240.0	2048580.0	1854103.3333333333	1.538675570395103	1.5205409263417538	55.65293857595074	-23.997702073906517
AEIS	297.2900085449219	7.000436389071007	13.149889470471098	8.381342243917679	446980.0	527160.0	589106.6666666666	1.1237574929812582	0.7587420501097708	54.20186421891367	12.977941559696212
AAON	84.3499984741211	-1.1600631664545504	10.405754960030063	8.16875460755044	902180.0	1156463.3333333333	1176885.0	0.7288601166199246	0.766582971148413	75.50520388277573	10.233807049255176
AFYA	13.3100004196167	10.548176592919285	-1.7712159980799824	-9.640184431424922	590620.0	375633.3333333333	240115.0	4.7067175437039666	2.459738042188118	95.58636015292743	-1.9431639088548693
AEVA	14.300000190734863	0.2102293763758773	-6.4136096816918435	-6.2909569052956416	1327820.0	1468956.6666666667	1607136.6666666667	0.6857928643232044	0.8262022935199453	37.476969229683526	-6.5855575924667304
ACT	45.869998931884766	-2.2795051685736225	-4.536941393943595	-7.352049107352335	539600.0	438103.3333333333	402573.3333333333	1.0367417123814018	1.340376908554963	75.95379415633758	-4.708889304718482
ALGM	38.459999084472656	4.11478211768166	8.33802559006382	8.155223844731958	3338880.0	2479413.3333333335	2318155.0	1.4048484587751942	1.4403178389710782	58.9684744155595	8.166077679288934
ADMA	10.109999656677246	-0.09881649204468812	6.365066122589037	5.532356338121549	3286560.0	2771310.0	2650728.3333333335	1.267378965182531	1.2398705513013089	74.59422005899214	6.19311821181415
ALHC	8.5	7.187896393445382	2.0408172611160302	-37.24621666945247	11118760.0	9989990.0	7524958.333333333	1.0292302594897493	1.4775842612639052	85.54676367646599	1.8688693503411433
ALCO	38.38999938964844	-1.9412569772905186	-2.265782630618424	-4.001005805608415	22600.0	20690.0	20386.666666666668	0.9328177863702272	1.1085676913015041	45.99960967733197	-2.437730541393311
AIP	23.969999313354492	3.6764638549609914	-0.786426056529835	15.909085878278695	713280.0	725760.0	684555.0	1.0813492063492063	1.0419615662729802	39.82119735282421	-0.9583739673047219
AMSC	29.979999542236328	2.355748054426312	-0.8597891231803474	3.3436722016595444	617580.0	682766.6666666666	705585.0	0.7140067372943417	0.8752737090499373	81.69160355338914	-1.0317370339552343
AMLX	27.780000686645508	-6.934672255847716	-14.232784161386078	-18.19787563143014	1138400.0	1643390.0	2390818.3333333335	0.5725360383110522	0.47615495670589775	2.539406090179824	-14.404732072160964
AMD	631.75	3.928472383014862	2.636791648322009	38.49307149426347	16790560.0	20167213.333333332	23313016.666666668	0.6788245740115475	0.7202225366229595	78.72555695421491	2.464843737547122
ALMS	6.840000152587891	-4.469269576030488	-13.417720632701336	-39.78872923145349	2338840.0	3972760.0	2479073.3333333335	0.9739324801900946	0.9434331645426651	8.695109573436639	-13.589668543476222
AMAL	47.72999954223633	0.951778287981896	-0.6039169361991491	-2.6712914943609536	424700.0	263843.3333333333	213330.0	0.7053428170757899	1.9908123564430695	40.74350935199444	-0.775864846974036
ALRM	56.2400016784668	4.593641807095223	5.833651344418783	-0.8637367666550403	495920.0	444443.3333333333	423378.3333333333	1.292628231570579	1.1713400544036658	95.00718711889888	5.661703433643896
AMZN	251.39999389648438	2.132845878601902	-2.727807304144935	-2.8968714472039405	36297840.0	34404073.333333336	39454676.666666664	1.1384814705080464	0.9199882768439027	80.3276375652439	-2.899755214919822
ANIP	72.58000183105469	-3.006815374774243	-7.951803125429667	0.8195638071856203	335280.0	412460.0	376040.0	0.8408088057023712	0.8916072758217211	48.28438729359365	-8.123751036204553
APC	15.770000457763672	-2.1104912458502443	-12.437533274019486	-14.75675428235853	231960.0	166560.0	153288.33333333334	1.598823246878002	1.5132267078381698	83.39341913904161	-12.609481184794372
AONC	11.0	10.0	0.0	10.110112632853326	40.0	83.33333333333333	105.0	0.0	0.38095238095238093	88.88943821511711	-0.1719479107748869
AGMB	8.6899995803833	-14.887369755970528	-25.72649810214732	-41.40256490162106	280940.0	188453.33333333334	140468.33333333334	0.6877034102164992	2.000023730140838	24.7511924809302	-25.898446012922207
ANGI	6.059999942779541	8.992805847944691	10.583940176776064	24.691353421782374	792360.0	821280.0	789246.6666666666	0.9475452951490356	1.0039446898730435	98.77674837987209	10.411992266001178
APP	281.9700012207031	-8.522576513740832	-14.598543249470769	-10.080358028294597	6869820.0	5089286.666666667	5998291.666666667	1.3547478166553792	1.1452960912482026	55.41376943979602	-14.770491160245655
APPS	11.210000038146973	-0.08912859753865335	-6.970955512795421	3.0330875021595727	3440620.0	2876456.6666666665	3245796.6666666665	0.8794848291358466	1.06002327112296	41.35702463605711	-7.142903423570308
ARCB	131.13999938964844	3.202958766505763	1.0712904737174855	-4.514341862212264	218400.0	235470.0	297675.0	0.9653034356818279	0.7336860670194003	56.40315734631834	0.8993425629425986
ASND	228.02999877929688	-0.8780718303257169	-4.023737407276154	-15.893330301686392	779720.0	780603.3333333334	653451.6666666666	1.0033264867773217	1.1932328583343323	60.11478445324129	-4.195685318051041
ASTH	36.810001373291016	4.782238127230194	9.716847124781308	-2.696273878914678	326060.0	387196.6666666667	462635.0	1.0069818094164034	0.7047888724372345	87.67951531738703	9.544899214006422
ARXS	50.130001068115234	3.488857327246933	-2.108959257304278	-5.8414735392644035	1903840.0	969880.0	878935.0	1.113333608281437	2.1660759896920707	72.54275666100625	-2.280907168079165
ASPS	6.289999961853027	18.679240292270578	10.739439294892142	10.934742102584407	22080.0	10786.666666666666	17106.666666666668	0.7601977750309024	1.2907248636009352	50.84558191370225	10.567491384117256
ARQQ	23.68000030517578	-3.896100276999047	0.6374824230897961	14.839958008731807	172520.0	319976.6666666667	323988.3333333333	0.5194128738553853	0.5324883097642406	26.68755506868054	0.46553451231490917
ARTNA	33.439998626708984	1.6722385140379472	-2.7624332067461688	-7.878789725790518	35980.0	31833.333333333332	30910.0	1.2031413612565445	1.164024587512132	56.75079532519536	-2.9343811175210557
ATEX	85.61000061035156	4.721713284833716	2.379810808904658	-1.7106749596697584	259600.0	294910.0	323191.6666666667	0.6432470923332542	0.8032385323466467	92.45329851877793	2.207862898129771
ATAI	7.349999904632568	0.13623640104628723	0.0	1.659749450103872	30903220.0	11242243.333333334	None	0.0	None	71.6448631809152	-0.1719479107748869
AVNW	20.540000915527344	3.685014988718143	1.1822743225952421	6.314706211045958	123700.0	173656.66666666666	151270.0	0.5695145593796188	0.8177431083493092	68.45300634692231	1.0103264118203552
ATRC	56.369998931884766	-3.4925542216342387	-3.343622724868621	7.453297589876263	1333880.0	1375790.0	1110680.0	0.7962697795448433	1.200957971693017	68.13366467184336	-3.515570635643508
ATNI	28.100000381469727	-1.6450798683054866	-5.291539234199847	-9.55905807057104	83680.0	82286.66666666667	83341.66666666667	1.1727294822976586	1.0040595940405959	65.38647704907751	-5.463487144974734
AUPH	15.720000267028809	-4.842616032488658	-5.358219811070293	-2.481392998634684	839600.0	807163.3333333334	985286.6666666666	0.99385089345816	0.8521377873106304	1.5536671834463505	-5.53016772184518
AXON	411.80999755859375	-3.0464985147513244	-8.903685399587474	-23.476729745209564	956220.0	980516.6666666666	925711.6666666666	1.0754534174159882	1.0329566261632943	5.373429566764074	-9.07563331036236
AVGO	362.510009765625	3.7016912693555755	-0.04135937102789103	1.4979297929946795	21917980.0	25213286.666666668	22327693.333333332	0.8498733339802585	0.981649992804153	84.12158603049733	-0.21330728180277791
BANF	107.56999969482422	0.26097378777853353	-1.7266575967992508	-3.740492443110319	169460.0	140980.0	134058.33333333334	1.0490849765924244	1.264076583576801	59.79744258897708	-1.8986055075741377
AZN	156.52999877929688	-5.789946115304103	-6.882811959622395	-5.000913564060196	2853220.0	2951610.0	3400751.6666666665	0.7643286206511023	0.8389968688294892	1.9843528980684226	-7.054759870397282
BBIO	66.13999938964844	-0.7056015859427633	-0.6608627655534566	-12.2928044321509	2956760.0	2535530.0	2390828.3333333335	0.8552452544438441	1.2367094528604798	29.03029841371594	-0.8328106763283435
BCRX	8.100000381469727	-4.368357424962329	-7.5342446366163465	-19.722494955639494	7166640.0	4887680.0	4110966.6666666665	0.9636473746235433	1.7432980077678406	19.45557811460273	-7.706192547391233
BETR	11.130000114440918	10.416668637719749	-10.386473059007868	-15.681816096476586	885640.0	602256.6666666666	615306.6666666666	0.9412930256756533	1.4393473173268614	39.66273648810811	-10.558420969782754
BCIC	6.869999885559082	1.1782021230560107	-3.375530850189907	-5.8904149854891275	35300.0	53040.0	52170.0	0.4769984917043741	0.6766340808894	61.32947851933972	-3.5474787609647938
BEAM	25.670000076293945	5.943048127374051	1.6231189378348572	-12.864898594570182	1676540.0	1828586.6666666667	1873480.0	1.0933033891384238	0.8948801161474902	97.09830965497166	1.4511710270599703
BGC	12.199999809265137	3.6533503379588295	-2.0080321592772483	0.41152421649961796	4959080.0	3649736.6666666665	3153105.0	1.1100526887327944	1.5727608183044968	94.94329246780698	-2.1799800700521352
BIDU	86.98999786376953	0.022992575354415505	-5.660992595739139	-8.987239801970999	2262800.0	2471323.3333333335	2657250.0	0.935895343520408	0.8515570608712014	72.56363244708452	-5.832940506514026
BJRI	61.65999984741211	2.732421488071317	0.9000151064756842	4.828289981847437	423000.0	436166.6666666667	470326.6666666667	1.17661444401987	0.8993749025500006	74.907192102161	0.7280671957007973
BLTE	159.17999267578125	-4.067980653256073	-8.200693034160153	-6.961250755180309	169160.0	193426.66666666666	181401.66666666666	0.6891500654856276	0.9325162392848284	10.407940861924956	-8.37264094493504
BRZE	26.610000610351562	14.84678689136995	4.76378350391213	-19.96992297638628	2071060.0	2716796.6666666665	2509366.6666666665	0.620767840557323	0.8253317570170429	90.34641006076396	4.591835593137243
BVS	13.520000457763672	-3.5663336924009985	1.5777613187559931	-5.849576733958928	427740.0	493926.6666666667	627801.6666666666	0.7223744415500276	0.6813298255022154	61.34440742575829	1.4058134079811062
BRCB	6.920000076293945	-2.5352088838927695	-5.075444272910979	-26.382974924248835	230280.0	347153.3333333333	340773.3333333333	0.9621108827991474	0.6757571014946396	5.436137183557548	-5.247392183685866
BTSG	62.0	9.656878309270065	10.991763914357385	0.927884896618165	2656280.0	2534203.3333333335	3254506.6666666665	1.342157495912588	0.8161851463406641	98.34217928674752	10.819816003582499
BWMN	42.7599983215332	0.3520246633021652	0.7302651425730721	0.3520246633021652	418840.0	331523.3333333333	369120.0	0.9978181525684467	1.1346987429562203	92.62646024852671	0.5583172317981852
CAE	23.709999084472656	-2.347617734979571	-3.3822404241619872	-3.1849762921002043	841680.0	929386.6666666666	783105.0	0.5060326523585448	1.074798398682169	3.683664680420989	-3.554188334936874
CALM	64.98999786376953	-3.518412596655797	-10.395699768961775	-14.520585417309725	2266040.0	1188463.3333333333	1082256.6666666667	2.235155200412858	2.0938101559395954	17.29042606317303	-10.56764767973666
BOOM	5.840000152587891	0.17153051479765583	-4.262291083762546	-15.606935141602719	115260.0	100083.33333333333	151638.33333333334	1.516736053288926	0.7600980402932416	85.5699671023451	-4.4342389945374325
CAPR	7.78000020980835	-10.677380301555978	-12.584263558731232	-16.163788430224283	7300740.0	5522856.666666667	7166073.333333333	1.2217409227229628	1.0187922534981966	8.946081939531055	-12.756211469506118
CARG	29.350000381469727	-4.738718305031296	-11.516424474970202	-14.256497884977124	1720900.0	1172876.6666666667	1081473.3333333333	1.823380122377175	1.5912551395935175	14.27546044075639	-11.688372385745089
CBRL	56.31999969482422	4.820398612793457	25.51816589147063	4.199815892332515	867600.0	1049533.3333333333	935586.6666666666	0.719843740074954	0.9273325827644687	89.87328575163497	25.346217980695744
CCNE	34.0099983215332	0.5023586530105616	0.17672329085554725	-0.989811259654183	132800.0	144926.66666666666	152925.0	0.6437738626431759	0.8683995422592774	68.45228158855365	0.004775380080660363
CECO	74.95999908447266	3.7365027240823108	4.79519133749592	0.8204446844257631	584480.0	677213.3333333334	807030.0	0.921275422811128	0.7242357780999468	90.8252857657236	4.623243426721033
CCBG	49.310001373291016	0.14216022022361222	-1.7533318937962106	-4.177997958477175	70360.0	72310.0	77165.0	0.698381966532983	0.9118123501587507	54.76879161719388	-1.9252798045710975
CDW	133.9199981689453	2.754543303501443	-8.53084159603532	-12.993763148338688	1282000.0	1560553.3333333333	1766938.3333333333	0.7033402681954691	0.7255488071173961	58.83234569006553	-8.702789506810205
BLLN	109.05999755859375	-10.400923048919637	5.006736874334191	9.608037747330402	564340.0	618293.3333333334	685391.6666666666	0.6593957560596911	0.8233832237042081	63.23512547435599	4.834788963559304
CELH	27.520000457763672	-1.7142840794154575	-1.7844396567861651	-12.938943605235199	6635720.0	7377730.0	9427778.333333334	0.948801325068822	0.7038476898145144	65.95051006357724	-1.956387567561052
CASS	54.150001525878906	-0.18432898455501154	-1.7062962862686202	-3.35534052182173	69800.0	87573.33333333333	81428.33333333333	0.5549634591961023	0.8571954888756985	80.42226977428723	-1.878244197043507
CERT	10.069999694824219	10.295723642943923	18.19247833077453	23.862233125155498	3159120.0	2471903.3333333335	3020901.6666666665	1.1893264434558524	1.0457539994957357	98.92644559564327	18.020530419999645
CHTR	107.7699966430664	-3.25853216615013	-12.630727218309111	-28.808301514791086	2745940.0	2895396.6666666665	2965978.3333333335	1.0728409118382167	0.9258125621281791	5.297066073740979	-12.802675129083998
CGEM	16.040000915527344	7.290977392432393	-24.871191433565887	-27.617323890006578	1093500.0	1088566.6666666667	863185.0	0.9948862418470771	1.2668199748605455	81.20172370952096	-25.043139344340773
CG	39.31999969482422	-0.5060747991468283	-3.768969389435586	-17.65445090089169	3579440.0	3279640.0	3565291.6666666665	1.1128965374248394	1.0039683522853438	20.023510555309016	-3.9409173002104727
CGON	68.70999908447266	-1.2929198649440448	-12.19169446073782	-7.560880678243201	1136140.0	934446.6666666666	893148.3333333334	0.8437078627637034	1.2720619381998883	55.79201667390154	-12.363642371512706
CMPS	11.600000381469727	-12.320477831937062	-22.718186511754208	-12.716324945328772	3174060.0	2767926.6666666665	3046976.6666666665	1.3628612511410467	1.0417080100164864	1.0472454036726333	-22.890134422529094
CHDN	77.56999969482422	2.4432097785218643	-5.31005684979387	-14.078421861241019	1291900.0	1100503.3333333333	1047171.6666666666	1.2167159875329774	1.233704120464171	83.96001163987691	-5.482004760568757
CLBK	11.329999923706055	3.9449570662807174	-2.3275900765915547	-3.1623922358193726	3990840.0	4211126.666666667	6398209.0	0.5992695541494042	0.6237433006642953	64.50277115774253	-2.4995379873664416
CLFD	33.15999984741211	8.153946550691243	7.383422113373225	17.09039620319082	137700.0	150203.33333333334	182460.0	0.9034420008433013	0.7546859585662611	74.09052604111397	7.211474202598338
CMCSA	21.56999969482422	-1.0096430080751133	-5.931097218714741	-19.061913682632213	25784220.0	28408883.333333332	28945360.0	1.0942985556747802	0.8907894045885074	16.63172127158431	-6.103045129489628
CLPT	11.520000457763672	-24.755061123296258	-17.537578829167852	-18.00711529270708	1260980.0	698640.0	644493.3333333334	1.0878277796862477	1.956544675921137	50.17970303290632	-17.70952673994274
CIGI	89.04000091552734	-0.9676373163675835	-3.6363642368669344	-11.657902463804659	261260.0	261736.66666666666	238870.0	0.8882973981482661	1.0937329928412944	20.76359147404132	-3.8083121476418214
CHRD	139.11000061035156	2.9300827914948195	-0.2295001665629934	-6.006756344357052	671820.0	691963.3333333334	731983.3333333334	0.8176733834644417	0.9178077825087092	93.65524772046388	-0.4014480773378803
CORT	122.02999877929688	5.534897239383723	7.269687489248529	8.182620104455065	943740.0	1471193.3333333333	1323760.0	0.6829829752717749	0.7129237928325376	94.24835421325241	7.097739578473642
CNXC	25.8700008392334	1.6502949457885818	-6.029784983686384	-21.248091199719443	2955240.0	1941756.6666666667	1589501.6666666667	0.8856413522463336	1.859224222266727	55.77769438360707	-6.201732894461271
COHU	73.7300033569336	11.59376978581921	21.62653357975112	60.35233599601639	1098900.0	978170.0	1008791.6666666666	1.1632947238210127	1.089323034984098	98.47604425212569	21.454585668976232
CPB	19.299999237060547	-3.69262297734443	-3.1610690339609495	-12.788070632751081	7756040.0	8100113.333333333	6863453.333333333	0.9373078730585663	1.1300492074932154	17.463352517540713	-3.3330169447358364
CSIQ	11.1899995803833	7.389630503373462	-4.9277897606010175	-17.294901690837104	1865220.0	1982220.0	1952935.0	0.5618448002744397	0.9550855507223742	36.157413809415885	-5.099737671375904
CRTO	14.5	-8.227849209123331	-13.690472270896198	-20.19812911878919	408480.0	261186.66666666666	396365.0	2.1501863290622287	1.0305652618167598	1.384603169005942	-13.862420181671084
CROX	118.19000244140625	-3.4079749494480907	-4.446600284130021	1.8791485777371233	1005580.0	1092183.3333333333	1042850.0	1.0824190077978362	0.9642613990506784	32.12175006246818	-4.618548194904908
CRMD	7.260000228881836	-7.984786416534852	-6.563703388630692	-14.285714285714285	1039620.0	896626.6666666666	1078285.0	1.400805983910063	0.9641421331095211	26.117207542101227	-6.735651299405579
COLL	21.8700008392334	-3.3583665475816917	-5.078125129350353	-7.721518416858837	900740.0	899243.3333333334	762013.3333333334	1.084689720616963	1.1820528074749348	30.351197588819332	-5.25007304012524
CLMT	56.029998779296875	6.500661716913937	-3.5960085874009056	4.7289696809287385	1696860.0	1444366.6666666667	1366731.6666666667	0.8929865454293692	1.241545828917893	92.32926890243483	-3.7679564981757925
CRWV	87.38999938964844	2.727165514454999	2.294274935585959	3.34673830742924	22112340.0	26025753.333333332	28176608.333333332	0.6966292106049828	0.7847764975261691	32.34609338107491	2.122327024811072
CRBP	5.849999904632568	-15.462430055845072	-23.529413964646608	-48.95288058324924	744640.0	1164190.0	748451.6666666666	0.6811602917049623	0.9949072641074574	4.358462935330323	-23.701361875421494
CTKB	6.090000152587891	6.097567864563621	15.340907397595386	29.57447659003386	1328560.0	1219900.0	1017445.0	1.45708664644643	1.3057806564482601	87.8211350718722	15.1689594868205
CYRX	18.139999389648438	4.372843875605306	2.9511834599757196	14.375786773811718	862480.0	596670.0	612858.3333333334	1.767643756180133	1.4073072896128795	97.95248101078414	2.7792355492008327
CWST	83.41999816894531	2.2303918245800207	-4.1700226944899565	-13.06794605582322	763820.0	538176.6666666666	564421.6666666666	1.6069072733241254	1.3532790201179379	80.77390861401359	-4.3419706052648435
CTSH	58.16999816894531	2.5021994166437223	-2.0377279848511938	-10.00928416119268	8766260.0	6448326.666666667	7700076.666666667	0.5393957502153013	1.138463989319587	37.7027729341041	-2.2096758956260807
DAVE	368.94000244140625	15.042091798622437	5.216029905399423	-5.608141977091906	268300.0	323260.0	395516.6666666667	0.8927798057291344	0.6783532088828957	96.94899123645277	5.044081994624536
DFDV	5.46999979019165	-1.8834084783103662	-15.975428604075748	-10.032897058698968	1853300.0	2419916.6666666665	1619820.0	0.6399807155893799	1.1441394722870442	68.7492276334865	-16.147376514850635
DCTH	15.869999885559082	0.3795032533202011	-1.489762356919259	-3.7014543302254816	379420.0	377333.3333333333	491405.0	1.1342756183745584	0.7721126158667494	72.57511260410617	-1.661710267694146
CBOE	277.4700012207031	9.559348984828993	2.2252546542034386	-7.045225721707496	1768000.0	1138573.3333333333	1087436.6666666667	1.1973756631105594	1.6258418114771434	73.07955744929963	2.0533067434285517
DGICA	18.239999771118164	1.2208618632953945	-1.9354871127326079	-6.076211640267763	104400.0	112143.33333333333	118931.66666666667	0.8364295693011919	0.8778149918020152	68.01548387785698	-2.107435023507495
CSX	47.43000030517578	1.4328528821482849	3.131112359544038	-3.184326025399389	10230440.0	10269873.333333334	11372473.333333334	0.8033886818467738	0.8995791592681979	88.73433489370328	2.959164448769151
DLO	14.520000457763672	5.065128642525318	1.4675054646336454	-7.984786416534852	1592480.0	1750426.6666666667	1990158.3333333333	1.4666709830746028	0.8001775403129567	96.81291326579263	1.2955575538587585
DSGR	35.02000045776367	0.05714416503906251	0.43017358896947483	0.8350156042319085	229860.0	213343.33333333334	258585.0	1.1807259034732747	0.888914670224491	88.37599642350402	0.25822567819458797
DMRC	6.099999904632568	24.48979154918064	19.842823610352294	11.517369992784678	278820.0	170030.0	149070.0	1.2274304534493914	1.870396458039847	42.83475268303587	19.670875699577408
DHC	7.539999961853027	-5.276382842728204	-7.142856303945874	-1.6949167294367553	2059920.0	1824330.0	1749688.3333333333	0.899946829795048	1.1773068155947775	0.18169463741412528	-7.314804214720761
DUOL	147.10000610351562	9.530903023751106	-1.5526650340381698	-7.379423674737434	885540.0	1096200.0	1174813.3333333333	0.767469439883233	0.7537708118169129	74.07045469822548	-1.7246129448130567
DOO	55.0	-2.946882341458161	-5.433287234701939	-14.356899790482716	333760.0	313680.0	263251.6666666667	0.6436495791889824	1.2678362276908661	32.32620797833441	-5.605235145476826
EEFT	64.25	-1.0472821530567222	-2.798787468724964	-12.322596792739082	653980.0	603370.0	644448.3333333334	1.5484694300346389	1.0147904279887965	77.19532977254951	-2.970735379499851
ECHO	98.20999908447266	10.076213562843396	2.988672877390606	9.377434105237041	4341020.0	3209053.3333333335	3971495.0	2.1170729477852244	1.0930443069927067	94.45184960806836	2.8167249666157193
DRS	36.599998474121094	-0.19089091442469536	-3.557318212590712	-1.134527224335831	756120.0	940213.3333333334	886428.3333333334	0.792054285552215	0.8529962001064195	20.14508487015631	-3.729266123365599
ESTA	66.47000122070312	1.729422935637985	-1.8748105744267507	-8.063625981981122	432500.0	340643.3333333333	426993.3333333333	1.151057313123208	1.0128963762119627	87.33543545629287	-2.0467584852016376
ESEA	73.05000305175781	5.548336971653949	-2.8461222505160673	-5.055886750992595	37540.0	38753.333333333336	42363.333333333336	0.6038190263203165	0.8861436777087103	87.33653975697246	-3.018070161290954
EYE	16.520000457763672	2.4813870825412176	0.42553003998591	-2.0746909547019987	1748240.0	2281483.3333333335	2176628.3333333335	0.7278597988150983	0.8031871924237562	90.98561675076522	0.2535821292110231
EQPT	18.899999618530273	3.789129976650951	4.017608911233548	4.189637565895007	3348860.0	3109963.3333333335	3159353.3333333335	0.9624550771766869	1.0599827390837364	86.41530994151334	3.8456610004586613
ENSG	172.88999938964844	-1.9675670269301706	-0.9056008597466553	0.46487481479576775	383580.0	351963.3333333333	375073.3333333333	1.3538342062146627	1.0226800092426371	67.0797575298363	-1.077548770521542
ELMT	21.290000915527344	14.216746848986281	-2.4736555660373813	30.054977544670347	691700.0	1016973.3333333334	681268.3333333334	0.5765146250966922	1.0153121261568496	55.94392167634011	-2.6456034768122683
EWBC	126.83999633789062	0.09469311555522268	-0.7278706500821128	-2.886459118630571	860640.0	817086.6666666666	759025.0	1.137822997152485	1.1338756957939462	83.69514336735574	-0.8998185608569997
DXPE	195.8000030517578	2.282824292522388	4.043785807761477	8.051429720947148	178400.0	123596.66666666667	130886.66666666667	1.0412902181827988	1.3630112565578363	91.19732392640664	3.87183789698659
FA	18.3700008392334	-1.2896279594137543	-10.346505395637077	-12.6070388240715	3134760.0	1641313.3333333333	2044705.0	1.179908772243366	1.5331111333908805	65.97211155817536	-10.518453306411963
EXEL	58.849998474121094	0.8223394740789126	2.8486494558623137	-0.4735372720044257	2245580.0	2131086.6666666665	2324906.6666666665	1.210978436666114	0.9658796338777758	82.43807534915572	2.6767015450874267
FFIN	32.029998779296875	-0.062403925865135865	-2.168609843526346	-3.9292182582348665	1005920.0	775850.0	753546.6666666666	1.3012824643938905	1.3349140066529832	57.53018899564332	-2.340557754301233
EVCM	9.069999694824219	13.801755753949866	9.93939024029356	14.375786773811718	159220.0	169863.33333333334	169098.33333333334	0.5828214839380679	0.9415823140381828	51.99962521253504	9.767442329518675
FIBK	35.619998931884766	-1.9543156162547044	-3.285372899845092	-4.962648434014846	1441340.0	1189746.6666666667	1188816.6666666667	1.8614046687810288	1.2124157074962496	22.608524505985173	-3.457320810619979
FLY	22.59000015258789	-6.304439731582022	-1.029575476436035	7.264960709613409	3910920.0	2989346.6666666665	3170758.3333333335	1.2012658284307385	1.233433642320055	25.28547255512521	-1.201523387210922
FDUS	19.1299991607666	0.0	-0.8808294456691226	-2.2982674396981206	340360.0	320803.3333333333	330676.6666666667	0.6561652518157542	1.0292833886071993	18.501754959785217	-1.0527773564440095
FCFS	211.3300018310547	-2.590456416797399	-2.216358224298274	-5.62254217615329	312280.0	417400.0	419443.3333333333	0.8574508864398659	0.7445105814849841	62.44316315959199	-2.3883061350731607
EXPE	260.1700134277344	-1.5365391476306693	-7.41939235679179	-14.174968379063055	1858740.0	2120630.0	1838631.6666666667	0.6091114432975107	1.0109365751160964	19.925349494035473	-7.591340267566677
FISI	39.630001068115234	0.20228023412885765	-1.7356824477018553	-3.7639612082900653	119260.0	138183.33333333334	146351.66666666666	0.8590037389940899	0.814886517634465	47.03535933288849	-1.9076303584767422
FOXF	19.229999542236328	2.6147266654364913	4.11478211768166	-7.369945422818118	807360.0	496430.0	540481.6666666666	1.8342968797212094	1.4937786973964582	94.00600548018177	3.942834206906773
FOSL	7.21999979019165	19.93355171207907	23.208184738753864	40.740733511241	1213460.0	812890.0	875355.0	1.9845243513882567	1.38624900754551	98.34845200932008	23.03623682797898
FRVO	13.460000038146973	-4.606659350432198	-20.023766493380887	-21.56177064199177	8869140.0	7831030.0	5487148.333333333	1.5140920159927878	1.6163477750586295	16.76611847305952	-20.195714404155773
FSLY	26.010000228881836	4.373997388646852	-5.142231376691824	23.153405280953255	4009180.0	6740346.666666667	6534086.666666667	0.37775505117442026	0.6135792505558032	56.99640145458264	-5.314179287466711
FMNB	15.279999732971191	0.13105834724368753	-0.2610963619440614	-3.4134005832484147	361760.0	367203.3333333333	394611.6666666667	0.6892638955710279	0.9167493780805601	58.169731379746956	-0.4330442727189483
FWONK	95.0	0.14758527171373445	-1.4829413052475406	-2.0012403471712843	2609320.0	2210530.0	2104536.6666666665	1.6289306184489694	1.2398548532456075	86.18852641996153	-1.6548892160224276
FIVE	215.92999267578125	-5.293862861499451	-8.558485121582127	-10.014174598161176	873900.0	1239913.3333333333	1119055.0	1.0398307408582321	0.7809267641000666	8.865683040470344	-8.730433032357013
FTNT	184.1300048828125	4.4235257589523265	5.079044325899459	17.760299414211225	3006940.0	4161400.0	4643973.333333333	0.7353775171817177	0.6474929514381363	97.57153123335533	4.907096415124572
FUTU	109.69999694824219	-2.2891242287954032	-3.8141218650748465	-10.089341015045246	1604720.0	1118106.6666666667	1252531.6666666667	1.9512449617210044	1.281181181047984	68.63888920353031	-3.9860697758497334
GCT	54.65999984741211	3.8768547262193453	3.0154512489826097	7.450365628279602	543300.0	605616.6666666666	644978.3333333334	0.9259982937501721	0.8423538775204334	90.46388336839625	2.843503338207723
FRPT	61.33000183105469	7.276550280474008	-0.06517370299202929	-11.983350226106214	1021300.0	1074926.6666666667	1196921.6666666667	0.9522510062701951	0.8532722135812285	98.21818550907582	-0.23712161376691618
GASS	9.140000343322754	3.0439736330013893	-2.558632923134766	-2.0364371054338584	102160.0	127586.66666666667	116840.0	0.7963214546974605	0.87435809654228	42.9146565623241	-2.730580833909653
GLIBA	23.610000610351562	0.6823020989618656	-2.679305904360383	-11.473563768986683	34620.0	38026.666666666664	45015.0	0.6837307152875176	0.769076974341886	74.10876859529063	-2.8512538151352698
GIII	26.989999771118164	-0.5160316770333494	-2.422270715799122	-0.8813800042335715	639520.0	812640.0	614255.0	0.7195067926757236	1.0411311263237581	19.76247088536438	-2.594218626574009
GLUE	10.270000457763672	-12.297178272350978	-16.23164546465641	-28.581360389210538	1657860.0	1253793.3333333333	1301358.3333333333	1.3950464988913645	1.2739458130286945	3.3536338414993168	-16.403593375431296
GIX	10.010000228881836	0.0	0.0	0.2002047870060487	30760.0	26466.666666666668	41523.333333333336	0.0	0.7407883117925664	4.477715373243399	-0.1719479107748869
GPGI	12.979999542236328	11.607905541798939	4.761898164365571	-7.020060839775816	2054300.0	1742113.3333333333	1529768.3333333333	1.1233482704913955	1.3428830727092664	98.56645773702657	4.589950253590684
GRMN	285.5199890136719	-2.900866904746337	1.8586534552657439	3.008873857517544	796040.0	851733.3333333334	924336.6666666666	0.8583672510958046	0.8612013660246447	64.69096810541717	1.686705544490857
GSAT	83.54000091552734	1.4573774969728888	0.6021194538625142	1.9029000911376648	562100.0	590306.6666666666	785675.0	1.0109999322386105	0.7154357717885894	96.35584558782281	0.4301715430876273
GDS	29.290000915527344	-7.485783143737095	-14.481749151744982	-5.880462321192965	2159640.0	1294160.0	1560631.6666666667	1.610310935278482	1.3838242848248412	52.669122269799416	-14.653697062519868
GOOGL	346.4700012207031	1.0853395246398614	-2.394568546854502	1.1650286458716217	28214620.0	26310586.666666668	27425841.666666668	0.9726541001999701	1.0287604057122526	78.39311740572666	-2.566516457629389
GSIT	5.639999866485596	3.867404139701876	1.2567269778618297	5.8161340941256885	349820.0	457386.6666666667	540270.0	0.8273087686567164	0.6474910692801747	92.75804100562253	1.0847790670869428
HALO	108.30999755859375	-4.0570483265275445	-2.817406438428765	-2.211993978316567	2635740.0	2237246.6666666665	2193605.0	0.829546436542536	1.2015563421855804	35.5154164623399	-2.989354349203652
GTLB	51.5	11.447740792760314	3.434422681320702	4.441286890523607	3709880.0	5228423.333333333	4686356.666666667	0.6142004568617563	0.7916341550330143	94.7565179268265	3.2624747705458153
HCSG	21.190000534057617	1.9730502110887813	-0.516425854192236	-2.395203004807819	749720.0	655786.6666666666	722878.3333333334	1.1662329212752116	1.0371316519377396	88.10654557352541	-0.6883737649671229
GYRE	7.349999904632568	-1.8691571530541642	-1.0767150141905586	14.130432287680298	152020.0	158173.33333333334	106610.0	1.1474753435050156	1.42594503329894	76.19603805088455	-1.2486629249654455
HROW	30.579999923706055	-3.2278495109189973	-9.846693471514152	-20.07318017446109	532180.0	542076.6666666666	557466.6666666666	1.0828726563893176	0.954640038268357	28.632796535360356	-10.018641382289038
HQ	16.030000686645508	12.33356813190779	4.090916128057408	1.519953928893584	134800.0	400496.6666666667	364551.6666666667	0.23720546987490532	0.36976925995857923	93.59425091686188	3.9189682172825213
HLMN	6.960000038146973	-2.1097059430474028	-2.1097059430474028	-9.374997477667971	1515560.0	1723383.3333333333	1552270.0	0.6067135382919258	0.9763507637202291	32.62390644900137	-2.2816538538222897
HIMX	14.710000038146973	5.372492821995391	0.6844653238853645	8.480822883062865	1011880.0	930970.0	1196738.3333333333	1.1021837438370732	0.8455315350194905	47.78062750443737	0.5125174131104776
HNRG	13.949999809265137	-3.057682582070168	-7.061961382099616	-13.407825693678163	650480.0	673150.0	730161.6666666666	0.8776647106885538	0.8908711997571315	74.16111668826315	-7.233909292874503
HBAN	15.289999961853027	-0.06536097226908351	-4.675816152530804	-10.37514395954632	25881140.0	27633590.0	26395066.666666668	0.7042190319824533	0.980529442370544	50.50963322063278	-4.847764063305691
HOOD	114.11000061035156	-2.017858915159835	-7.453367570111535	-8.507056211117431	23502960.0	22200276.666666668	21047471.666666668	0.879570119471484	1.1166642897646535	69.54087122364791	-7.625315480886422
HTHT	41.77000045776367	-3.51120449438123	-4.306989696210279	-9.8618896844544	1427440.0	1445116.6666666667	1533456.6666666667	1.129112989724013	0.9308642565706671	9.478671872561634	-4.478937606985166
HWKN	132.05999755859375	3.3090789853305305	5.319402026806257	2.110875812949642	184080.0	181823.33333333334	169148.33333333334	1.3073129594661483	1.0882755766634806	94.95986040810274	5.14745411603137
HUT	89.2699966430664	-3.7104977622444952	-13.682074817641828	1.339539509854902	4496480.0	4425700.0	4655490.0	0.7859773595137493	0.9658446264517806	54.65177321012161	-13.854022728416714
HSAI	15.90999984741211	2.0525958415151124	-8.405301792062115	-13.813647689752267	797580.0	1252073.3333333333	1434138.3333333333	0.6063542604000831	0.5561388197093958	65.31469565296322	-8.577249702837001
HUBG	28.739999771118164	-4.897417524368715	-9.280304626693104	-21.346472219420882	1357040.0	1283106.6666666667	1216203.3333333333	0.6796005528249145	1.115800263662052	10.19016235728732	-9.45225253746799
ICUI	161.39999389648438	-1.6033682267785565	3.9814409400719466	-2.940645611329291	248100.0	247003.33333333334	281030.0	0.8562637481275556	0.8828238978045049	71.16403983987877	3.8094930292970597
HST	22.440000534057617	-0.9708707627357609	0.5827031431071489	2.046388211110796	9656640.0	8362443.333333333	9067136.666666666	1.2979699314355095	1.0650153797174486	32.18326569181349	0.41075523233226197
ICFI	82.86000061035156	-0.16867396343185243	-1.4744326828389875	-7.93333265516493	180560.0	174173.33333333334	205653.33333333334	0.8089642501722422	0.8779823651452282	48.316469528000724	-1.6463805936138745
IESC	339.6199951171875	5.442577844270244	5.573686636110826	7.785076982574791	211640.0	253240.0	322370.0	1.1735902700995104	0.6565127027949251	93.70576647284727	5.401738725335939
INGN	5.940000057220459	9.191176373911153	16.47059153520531	8.990830552366434	475240.0	350150.0	294923.3333333333	0.996715693274311	1.6114018332447981	77.75182597474546	16.298643624430422
IDYA	38.060001373291016	-0.4186285774513272	-2.05867016082198	-4.778583410257173	756220.0	820660.0	788078.3333333334	0.8017936782589623	0.9595746615712905	66.38335810469547	-2.230618071596867
IART	13.289999961853027	-18.315921401764047	-14.753047903935206	-19.16058679973246	1395980.0	921980.0	891170.0	2.016312718280223	1.566457578239842	26.40238042717513	-14.924995814710092
IBKR	89.05000305175781	2.2622889059248714	-4.4630362338538365	-4.1957977671113085	4081240.0	3898636.6666666665	4187978.3333333335	0.7529298703563896	0.9745131600887779	89.51159660781843	-4.634984144628723
INOD	66.97000122070312	0.26950187559278016	9.696973067362181	21.653046591902296	1571960.0	1425176.6666666667	1375990.0	1.02289072933648	1.1424210931765493	26.844836590611905	9.525025156587295
IMCR	29.59000015258789	-3.426890528644343	-8.048477712945575	-21.240350298261202	544760.0	386706.6666666667	442350.0	0.8518084336103161	1.2315135074036396	10.944176118349205	-8.22042562372046
IMMX	10.130000114440918	-11.68265145066997	-18.765036908418896	-26.753433330993392	2792380.0	1719043.3333333333	1663181.6666666667	0.9292959456131609	1.6789386607396064	53.187505859280854	-18.936984819193782
IONS	43.5	-4.5424615068832805	-3.118043381517461	-25.16772888232391	2745760.0	3835420.0	3414433.3333333335	0.7484447596351899	0.8041627209981158	10.057383639305826	-3.2899912922923478
IPX	16.610000610351562	-11.413330078125	-21.0926308201092	-23.526698271399386	334420.0	328316.6666666667	298060.0	0.4617493273770242	1.1219888613030933	40.18929687563401	-21.264578730884086
INBX	94.55999755859375	-7.029792144566488	-15.601573736252162	-22.65663675252637	251060.0	339150.0	287378.3333333333	0.6100545481350435	0.8736218805639488	6.127598579727092	-15.773521647027048
INVA	20.639999389648438	-2.7790869774354277	-1.901147853960921	-3.325531518198562	870220.0	917250.0	796890.0	1.0830198964295448	1.0920202286388334	46.21925140122367	-2.073095764735808
IMVT	33.25	-0.7166368063251299	-10.570199765782926	-15.005110153774625	1308500.0	1432340.0	1224730.0	0.7702081907926889	1.0683987491120492	9.483030716678499	-10.742147676557812
INTA	37.380001068115234	5.623062200585603	1.8528618284456875	-13.291578429856116	449480.0	561286.6666666666	665365.0	0.8804769992754743	0.6755389898777363	69.58567910761356	1.6809139176708006
IRON	63.33000183105469	-2.4491626351449973	-7.533941004025678	-20.209147487043634	673680.0	556030.0	449986.6666666667	0.82063917414528	1.497111025511867	22.825433732304106	-7.705888914800565
IRDM	48.439998626708984	0.22759526481875259	0.4770785036384822	3.173584322805121	947740.0	1018166.6666666666	1161128.3333333333	1.0459977082992307	0.8162233000371766	49.026094601790305	0.30513059286359534
IPAR	113.76000213623047	-3.544175189628681	0.8868392879168756	-0.21927900650442508	261660.0	220490.0	243108.33333333334	0.8966393033697674	1.0763102869091283	59.40445648913408	0.7148913771419887
ITG	6.980000019073486	-1.2729865686374024	-40.13722032232557	-46.01701582110988	577960.0	433940.0	375341.6666666667	0.853343780246117	1.539823716169712	28.920825281991952	-40.30916823310046
INKT	12.199999809265137	0.7431887294750342	-0.40816482232541457	8.63758064620227	37100.0	17096.666666666668	13460.0	1.672840709689998	2.7563150074294205	19.092952999586416	-0.5801127331003014
INDB	79.70999908447266	0.21372663689789628	-1.8349728075966223	-3.8248048672740294	410980.0	347010.0	353673.3333333333	1.307455116567246	1.1620327609281635	61.86852457502549	-2.006920718371509
KTOS	42.02000045776367	-4.651688793411333	-13.521300008628016	-12.640328917325435	5027620.0	3808756.6666666665	3867835.0	1.4536502288148276	1.2998537941768458	11.804911091769014	-13.693247919402902
ITRN	52.5	1.488498868311384	-0.09514602813787529	2.659367670283642	98840.0	98136.66666666667	126341.66666666667	0.7122720016303794	0.7823230657608337	88.77091158104018	-0.2670939389127622
JAKK	27.780000686645508	10.01980469958617	14.415156099748675	15.509362028740137	130020.0	77610.0	97885.0	1.3219945883262467	1.3282934055268938	98.30826629530864	14.243208188973789
KRYS	334.8500061035156	-0.6615582525164011	0.29953571415839175	-9.858129861590168	296480.0	271266.6666666667	384236.6666666667	1.2423199803391496	0.7716077764572181	75.60470621830605	0.12758780338350487
JBHT	229.74000549316406	1.623390122548179	-2.722611985279148	-13.722395017891886	921760.0	1089220.0	1036558.3333333334	0.7498944198600833	0.8892504843753768	46.30897493735896	-2.894559896054035
JBSS	68.02999877929688	0.6807741402252687	2.393131064817239	-7.0374439797790815	132600.0	133056.66666666666	137521.66666666666	1.0604504346519028	0.9642116999745496	61.77789533324179	2.221183154042352
JKHY	145.1199951171875	-1.826553966479801	-4.249143933191552	-13.80887371518763	840180.0	997230.0	996006.6666666666	0.7372421607853755	0.843548570625364	70.5589258156046	-4.421091843966439
KNSL	332.4200134277344	2.3082603994992383	-7.19450259304415	-13.20173275581181	269400.0	207656.66666666666	246310.0	1.1340835032184535	1.0937436563679916	65.59595133314849	-7.366450503819037
KHC	21.84000015258789	-7.300506588893904	-10.38161920196755	-14.083398556102575	13974000.0	20475633.333333332	17201418.333333332	0.8017285586607822	0.8123748710256549	0.08813576936294965	-10.553567112742437
KROS	11.520000457763672	2.1276660503010794	0.34844004461999734	3.690376361443092	150720.0	181086.66666666666	192216.66666666666	0.7311416264771933	0.7841151478366427	81.97104534943412	0.17649213384511045
JYNT	7.184999942779541	-11.296301180224892	-15.371023127445266	-13.22463557373475	108180.0	89826.66666666667	78203.33333333333	1.5785958141606056	1.383316994160522	6.3064562192013085	-15.542971038220152
KYMR	109.8499984741211	-1.9196442195347379	-6.645703931767394	-6.335266356165224	824360.0	738410.0	688700.0	0.9882043850977099	1.1969798170466095	57.30491745056877	-6.817651842542281
KRT	54.68000030517578	2.7047306185405318	8.04188825477263	16.192092455419072	178940.0	163093.33333333334	157563.33333333334	1.0570634401569652	1.1356703124669445	93.14694601950174	7.869940343997743
KRRO	9.970000267028809	4.8370139545312965	-0.10019314294756855	-14.19965262289575	111020.0	163813.33333333334	147108.33333333334	0.6849259319550708	0.7546819237523367	80.35203535192377	-0.27214105372245545
LAND	9.680000305175781	3.3084356819947	0.8333325054910776	-0.8196713302251629	617840.0	726543.3333333334	684830.0	0.7622394626610938	0.9021801030912782	95.60221906542048	0.6613845947161907
KE	28.229999542236328	2.54267649157881	10.101404891739366	15.507360578397996	176080.0	193466.66666666666	199535.0	0.9510682288077189	0.8824517002029719	45.596246496536835	9.92945698096448
LFUS	451.4200134277344	5.174628367191865	10.22610831884542	8.975478966268586	187340.0	191336.66666666666	271201.6666666667	1.1644396439086429	0.690777465723539	70.19671316026984	10.054160408070533
KLRA	10.84000015258789	-2.5179832360862817	-9.591323106614427	-31.130874776259155	1468580.0	1173510.0	841176.6666666666	1.544000477200876	1.745863928703047	52.92933722121679	-9.763271017389313
LEGN	18.774999618530273	0.8324316450635371	1.3221744350033149	-13.67816267342403	2289140.0	2064136.6666666667	2418235.0	0.8541585586225718	0.9466160236701562	40.1520176816882	1.150226524228428
LOPE	154.92999267578125	5.8265021413376665	2.9093254966707867	1.6267601031051762	319660.0	339743.3333333333	334631.6666666667	1.023125300471925	0.9552592651621932	69.32257610624197	2.7373775858958997
LMB	49.939998626708984	2.84183940360635	-4.347827039971686	0.7870825341138258	287800.0	387443.3333333333	368550.0	0.5063966343465282	0.7808981142314476	72.96730950396271	-4.519774950746573
LIF	42.56999969482422	6.478239575394992	3.652300976737127	-2.985417824528972	682840.0	572046.6666666666	735353.3333333334	1.0604029974244527	0.928587617743851	71.73404241741697	3.48035306596224
LINC	22.200000762939453	2.209951495209455	-11.834787554088255	-12.872836884709757	790340.0	819880.0	907225.0	0.9495291993950334	0.8711620601284136	68.0454865806982	-12.00673546486314
LOB	36.540000915527344	-0.6255086738454627	-3.8926868080405628	-7.63397460294991	232600.0	205763.33333333334	216080.0	0.880623369890975	1.0764531654942613	46.44812862769485	-4.06463471881545
LNT	64.29000091552734	1.7085933344365238	-1.0466373593957923	-5.455881006577436	4030320.0	2559483.3333333335	2569395.0	1.1657040157844356	1.5685871576771964	71.89656180771263	-1.2185852701706792
LWAY	21.0	-1.6853960677187325	-11.205072563527413	-18.160560698062845	162480.0	135163.33333333334	147748.33333333334	1.1452810180275714	1.0997078365238186	18.542962299488963	-11.377020474302299
LITE	1091.6700439453125	18.489779367305808	14.372078818474874	28.83038698984608	5063880.0	4443246.666666667	4685860.0	0.6760371920232502	1.0806724912822834	97.8942485632172	14.200130907699988
LYFT	15.729999542236328	5.712361702003569	3.0124366121991866	-8.96991367371337	8795240.0	9705970.0	10702511.666666666	1.180850548682924	0.8217921431838352	98.04732657327745	2.8404887014242997
LKFT	29.510000228881836	-1.1058978619925888	-0.2703613494204664	1.6884898807335311	287780.0	294783.3333333333	267250.0	1.4916040029400126	1.0768194574368568	64.59383880662267	-0.4423092601953533
LSCC	132.85000610351562	7.111188753547733	13.314575677393481	16.914555412012493	2077820.0	1644526.6666666667	1749983.3333333333	1.3745596503958586	1.187337022257355	73.79876755278754	13.142627766618595
LQDA	27.639999389648438	-62.48133558214239	-58.39229374880055	-59.72606659506767	12441840.0	3040896.6666666665	2318880.0	2.5502675197776097	5.365452287311116	7.058935195631534	-58.56424165957544
LILAK	8.770000457763672	4.5292026089527395	-0.34090604910187183	1.0368680809172852	1304360.0	1311176.6666666667	1355850.0	0.7622161264818115	0.9620238226942508	93.69095716911143	-0.5128539598767587
LULU	93.13999938964844	-7.397099131001511	-8.055284714986767	-23.51153653829731	5463860.0	7005093.333333333	4773840.0	1.0061821684031809	1.1445419201313827	0.3574685337245995	-8.227232625761653
MANH	205.4499969482422	1.7683732807030592	-1.8629133229377748	-7.600633546825987	494400.0	616393.3333333334	785070.0	1.0097448598838403	0.6297527609003019	84.64267935598073	-2.0348612337126615
MBLY	7.579999923706055	-2.8205161749884735	-5.131412505093624	-8.894228344485516	6390120.0	5055616.666666667	5818190.0	1.1611442059491588	1.0983003305151602	78.5113828570602	-5.303360415868511
MAZE	26.43000030517578	-1.5642460719807079	18.043774120847704	2.1646673667405154	607560.0	725416.6666666666	549593.3333333334	0.8105686387133831	1.1054719246958356	20.46985994955554	17.87182621007282
MCHB	14.930000305175781	0.06702566240415157	-2.2265890137221676	-5.744948476300592	599660.0	496866.6666666667	581550.0	1.0841942841808667	1.0311409165162067	77.85799199525434	-2.3985369244970545
MBX	58.540000915527344	1.7379214182983216	-3.9382963000753364	-4.689022043758591	507100.0	489736.6666666667	536576.6666666666	1.1908440590521436	0.9450653215135458	68.31406930150416	-4.110244210850223
MEDP	620.510009765625	0.7419565714362724	-0.5911570601159121	4.570349087059568	287120.0	239170.0	276755.0	1.4266003261278588	1.0374518978880236	77.0093133245866	-0.763104970890799
MCRI	118.16999816894531	0.7760498176160934	-1.4099803377276932	-2.006798443018879	180360.0	188173.33333333334	161996.66666666666	0.7881031672925671	1.1133562418979814	87.1482371952921	-1.58192824850258
METC	8.0	-10.913135770520036	-14.621130227231994	-35.22267406563472	2093860.0	2156030.0	2096953.3333333333	1.0183531769038465	0.9985248439799964	5.384488522914722	-14.79307813800688
MKTW	19.690000534057617	-0.5053076141662314	12.385844860708032	8.365440018609508	19500.0	23930.0	17931.666666666668	0.8608441287087338	1.0874616600055766	28.153215990212374	12.213896949933146
MGNI	24.959999084472656	6.666664493049956	-1.3828541637888763	1.3398292121410837	2292580.0	2236416.6666666665	2421831.6666666665	0.6804635391437195	0.9466306149821864	49.281185222654365	-1.5548020745637632
MIRM	81.43000030517578	-7.423827702664902	-11.489130103069803	-19.079794765263244	864780.0	697153.3333333334	685955.0	1.4058600212291892	1.2606949435458594	0.24017758943523404	-11.661078013844689
MASS	12.800000190734863	9.777018509788167	17.64705933914052	27.490042224785405	458620.0	401880.0	410775.0	1.0438439335124914	1.1164749558760878	99.26900724528247	17.475111428365633
MDLN	35.79999923706055	2.0815498961754044	12.01501959508348	-2.1590623455394264	11326900.0	8607976.666666666	7720666.666666667	1.2331353128667868	1.4670883343407304	93.56483199261022	11.843071684308594
MFIN	11.8100004196167	-1.9916993138531045	-1.1715430283094435	-1.6652773143515356	81180.0	71496.66666666667	67536.66666666667	1.586087929507203	1.2020137209417106	10.569713122911423	-1.3434909390843304
MEOH	60.650001525878906	1.4553408570549056	3.321977406464696	2.190401154474611	546680.0	768336.6666666666	828123.3333333334	0.8437707428601178	0.6601432153825718	90.82984461877838	3.150029495689809
MRNA	203.2100067138672	3.0058840081423526	17.50318251713724	36.50165471820182	15785720.0	17944456.666666668	17816836.666666668	1.0741311569385308	0.8860001522904084	86.04773912882185	17.331234606362354
MGRC	116.56999969482422	1.4887681311038976	4.303863159138613	6.069152025784716	163380.0	146253.33333333334	152151.66666666666	1.2717658856778191	1.0737969788916761	59.599520924299526	4.131915248363726
MLTX	11.380000114440918	-1.5570960090133767	-9.322709629579983	-25.082288157945047	1700260.0	1576980.0	1399418.3333333333	1.1840353079937602	1.2149762222637739	18.202661371889775	-9.494657540354869
MTLS	8.550000190734863	-0.3496472405355604	9.89717172443986	21.62162070501491	280420.0	207520.0	135211.66666666666	0.7926946800308404	2.0739334623491565	65.25744899478283	9.725223813664973
MSTR	164.42999267578125	4.639171003212463	-2.4154346137796736	13.54093658320307	19777000.0	24860490.0	21881163.333333332	0.7299413647920857	0.9038367704093735	89.77349023748714	-2.5873825245545605
MSEX	53.06999969482422	1.1820761160462165	-3.9109177354967772	-9.25102580328308	164860.0	126393.33333333333	134395.0	2.1464739701461046	1.2266825402730757	47.083017373426394	-4.082865646271664
MU	1063.9599609375	0.9468852021564466	1.9157822855619424	11.041996196704996	28421260.0	25372806.666666668	32943865.0	0.7175832078490331	0.8627178383592817	28.036226740921364	1.7438343747870555
MMSI	87.13999938964844	0.16091883867636494	1.9300521313712338	-1.6145425201569086	651700.0	607506.6666666666	810005.0	1.1509338717819284	0.8045629347966988	74.36976808071843	1.7581042205963469
NAVI	9.039999961853027	2.0316062319497483	-5.538137407233496	-4.641346008752075	1277560.0	1381190.0	1231898.3333333333	0.8144426183218818	1.037066099881078	28.353359699781578	-5.710085318008383
MRAM	18.219999313354492	0.4964156467400801	6.1153129434766065	14.952674289241893	790620.0	891580.0	1089858.3333333333	0.8822539760873954	0.725433733742153	22.920737975164414	5.94336503270172
MRVL	271.25	7.681622299469885	5.3889171085775045	29.890340287141136	15371460.0	19796200.0	21906888.333333332	0.6488012850951193	0.7016724496016589	74.29821278867111	5.216969197802618
NBIS	232.57000732421875	0.2975687540436975	-0.09879541431446122	10.416370855431037	13483180.0	14674336.666666666	20323055.0	1.0220836785126688	0.6634425778998285	33.12340300890931	-0.2707433250893481
MZTI	99.48999786376953	-1.5924833181512654	-2.9365874499809452	-5.821659940753028	395520.0	461603.3333333333	376095.0	0.9739964327236228	1.0516491843816058	32.62884992706677	-3.108535360755832
MPB	36.41999816894531	1.0543763700467945	-0.6275671142092212	-1.8857779716641567	111640.0	95363.33333333333	123813.33333333333	0.8357509874515013	0.9016799483092828	84.41038764367845	-0.7995150249841081
NDAQ	92.19000244140625	-0.46426289400174914	-2.640194250229309	-6.605203832984352	3332300.0	3164410.0	3303773.3333333335	1.1573721483625699	1.0086345713789888	68.80352236791722	-2.812142161004196
NHP	15.869999885559082	-1.5508743217050938	-2.7573518240190364	-0.7504683381911679	798140.0	629513.3333333334	630058.3333333334	1.4801910470522202	1.2667715952226646	10.372952657934988	-2.9292997347939234
NRC	20.780000686645508	3.589238483906912	-2.303713025729209	-2.211761474609375	139340.0	120803.33333333333	118120.0	0.974310863386772	1.179647815780562	52.37811830758903	-2.475660936504096
NTSK	18.420000076293945	3.1932755330131055	0.1086981422734912	28.451882010403963	5074120.0	6695966.666666667	5635343.333333333	0.47698863494939736	0.9004100903642074	88.86410395712234	-0.06324976850139569
NRIX	22.8799991607666	-3.337561947532683	-9.956712718765234	-9.63665309425888	1488600.0	1407340.0	1258856.6666666667	0.7151789901516336	1.1825015821234612	6.14609487882197	-10.12866062954012
NMRK	12.579999923706055	0.7205776960541399	-9.949894894442863	-15.655380785243223	1974120.0	1927166.6666666667	1650058.3333333333	0.6797543889993946	1.1963940668764237	44.95309494372193	-10.12184280521775
NEXN	8.699999809265137	-0.9111608899671612	-1.9165736018860173	-9.46930156006635	462260.0	456643.3333333333	494235.0	0.8814318979801888	0.9353040557629467	14.164037403468456	-2.088521512660904
NWE	68.76000213623047	1.028511023724436	-1.5322922336633396	-3.0183347582402034	569660.0	457393.3333333333	412703.3333333333	1.873442259761839	1.3803135424154558	44.13000676326262	-1.7042401444382265
NTNX	73.41000366210938	6.855905273788664	4.811540123545211	7.829027155847414	2458680.0	2681693.3333333335	2567620.0	1.2579365276665986	0.9575716032746279	99.03122845888603	4.639592212770324
NWSA	28.950000762939453	-0.5154625998760813	-2.525252460383342	-6.462035381901721	3963740.0	4319903.333333333	3958365.0	0.8296944916205687	1.0013578838737711	87.9450880738045	-2.697200371158229
NSSC	36.220001220703125	3.3086132400890507	1.1166988533969868	-2.2402106165961473	310460.0	488643.3333333333	374323.3333333333	0.8454018950427374	0.8293899213692263	87.95412628201603	0.9447509426220999
AAT	21.350000381469727	-1.2944927885376367	-2.8662382797415793	-3.6552322722013746	507180.0	497293.3333333333	442013.3333333333	0.6782717108614634	1.1474314500316734	33.43789948640392	-3.038186190516466
AAMI	96.16000366210938	2.5269247504503083	2.1783052156651714	4.249789558895428	489680.0	461450.0	423070.0	1.0302307942355617	1.157444394544638	93.43169515705003	2.0063573048902845
NVCR	15.199999809265137	-3.9797859600584564	-8.045981985075604	-13.832197646305755	1458580.0	1126870.0	1378633.3333333333	1.5836786852076992	1.0579897966585265	34.622333629713836	-8.21792989585049
ABX	8.239999771118164	0.2433029615531201	2.3602431786521016	-15.487181834685495	636240.0	578826.6666666666	593815.0	0.852586842347738	1.0714448102523513	69.15853516238847	2.1882952678772147
ABM	48.4900016784668	-1.0811888501582725	-1.9016763522264386	2.667800441335359	410420.0	507180.0	453003.3333333333	0.845064868488505	0.9059977483609393	36.983045133576134	-2.0736242630013253
ACI	11.510000228881836	-1.1168394382006361	-5.033000515157244	-8.578235985835626	6457640.0	7450636.666666667	8260098.333333333	0.9556096100959605	0.7817873031777871	15.056704758840766	-5.204948425932131
ACEL	10.880000114440918	-1.1807457923560882	-1.9819843195327786	-7.796610690026191	490560.0	332630.0	313313.3333333333	1.5554820671617111	1.5657169606570633	74.72807655457062	-2.1539322303076656
ABCB	80.4000015258789	-1.2770148383475242	-3.1325282820736073	-6.326459500564893	517620.0	455410.0	440345.0	1.3682176500296437	1.1754874019234918	38.688662507976126	-3.3044761928484943
NVMI	392.8599853515625	6.057980430424546	8.282568836355091	11.386439397387308	236740.0	515173.3333333333	530950.0	0.4693565919561054	0.44588002636783125	65.28891163906273	8.110620925580205
AESI	12.720000267028809	3.4146347136670445	-4.1446885588695155	-3.41685502398089	3842320.0	3475296.6666666665	3512498.3333333335	1.3664444953860055	1.0938994514350897	87.26031330667102	-4.316636469644402
NTES	119.37999725341797	-1.3714504705497117	1.6259436561393539	1.9905973010781268	774680.0	657306.6666666666	784465.0	1.0953791228853098	0.987526530820368	55.06110323819911	1.453995745364467
ADC	65.58000183105469	-2.555722351721647	-3.016860148871347	-9.83088298619922	2044760.0	1534043.3333333333	1493758.3333333333	1.7287647241603346	1.368869350798601	34.51045790492482	-3.188808059646234
AER	143.2899932861328	-2.1978031133929807	0.20279250778518354	-2.177773439685124	1156360.0	1129770.0	1067913.3333333333	0.7559945829682148	1.0828219518437827	21.03212320781796	0.030844597010296654
AEG	8.489999771118164	-3.5227319647456956	-6.600664151792215	-7.717391878986191	6449940.0	4991323.333333333	4907456.666666667	1.1513780246654695	1.3143142034876178	34.44543025246742	-6.772612062567102
ADNT	17.239999771118164	0.8187098627210948	-1.2600190428998344	-11.90597833439048	1052580.0	975110.0	962941.6666666666	0.8699531334926316	1.0930880202158317	42.63459683475417	-1.4319669536747213
AI	11.09000015258789	6.532183622892434	2.306273030266666	1.7431242266707194	4796200.0	5086506.666666667	4994720.0	0.7256846873296146	0.9602540282538361	74.8063642372586	2.134325119491779
NXST	156.66000366210938	-3.1647886981210127	-5.711700621721059	-11.825291114630204	326940.0	374243.3333333333	351796.6666666667	1.0356897918466594	0.9293436549521977	34.58142095979123	-5.883648532495946
AGM	214.4600067138672	-0.5794816935211018	-2.0596403533332617	-5.177517597330019	108840.0	109790.0	112463.33333333333	0.9117405956826669	0.9677820919410771	72.60530728385146	-2.2315882641081486
AGCO	116.19000244140625	-1.2073787616495684	-3.0942444013830137	-7.653788965804704	895260.0	1185833.3333333333	1025780.0	0.8038229093464512	0.8727602409873462	75.20538822761225	-3.2661923121579006
AGX	387.739990234375	9.157962771835713	2.0046288580105673	-5.835781970623171	322880.0	411696.6666666667	361786.6666666667	0.654851063485252	0.8924596447261738	94.38465001763537	1.8326809472356804
ALL	224.7100067138672	-1.2480757195352128	-7.473438956958793	-14.594648920825259	2948760.0	2098470.0	1912966.6666666667	0.9430203910468103	1.5414591646482776	62.76362941797424	-7.64538686773368
AIZ	266.4100036621094	1.0928565613603896	-3.954863734802273	-7.403284010139926	325080.0	357190.0	367998.3333333333	0.8751644782888659	0.8833735660034693	54.99970961953381	-4.12681164557716
AFL	112.37999725341797	-1.0303881698766113	-2.430980243392125	-5.052385371828557	1710560.0	2131983.3333333335	2088283.3333333333	0.9021177463863851	0.8191225647860684	71.67022725551666	-2.602928154167012
ALSN	115.75	1.8388142447221856	-2.6165241413272478	-9.880101370439768	820160.0	794180.0	814766.6666666666	1.0171497645370067	1.0066194820603036	41.85555853002832	-2.7884720521021347
AKR	18.40999984741211	-4.413293724654719	-4.857883801169308	-9.220911123858118	1473000.0	1340853.3333333333	1393418.3333333333	1.309688357662782	1.0571125445696494	0.6117561965701697	-5.029831711944195
ALH	21.309999465942383	-2.5605914577122855	-1.615883582342425	-6.040567992941128	1402180.0	1267916.6666666667	1235871.6666666667	1.247952678278015	1.1345676398439428	40.300489248448024	-1.7878314931173118
AMRX	20.350000381469727	-0.7317054562452362	0.9424629736889959	13.87800462097078	3522200.0	2569933.3333333335	2221053.3333333335	1.5202339879114892	1.5858241434994806	80.68653302115052	0.770515062914109
AORT	22.610000610351562	-1.4814820971027418	-4.316540781383373	-11.74863438830356	526640.0	633360.0	650171.6666666666	1.1592143488695212	0.8100014611525674	67.06142342287407	-4.48848869215826
APLE	16.399999618530273	0.30580572412226675	4.591832266207476	5.263155961743826	2546660.0	2466620.0	2692581.6666666665	1.3974588708435025	0.9458060386902534	50.51950154552858	4.419884355432589
ALV	112.06999969482422	-1.7188451332584869	-4.823779452378583	-10.379850491935782	710760.0	669116.6666666666	678320.0	1.3508854958029244	1.0478240358532847	37.68225249421175	-4.9957273631534695
AME	251.9199981689453	0.0993364333527653	4.431456547999212	7.5661833696006475	1543660.0	1443870.0	1340018.3333333333	0.833939343569712	1.1519693138526712	80.64359614773358	4.259508637224325
AMN	36.84000015258789	7.530653699516081	7.593453115267244	10.266388269503283	791500.0	608160.0	679451.6666666666	1.044297553275454	1.164909939632694	98.112537416944	7.421505204492357
APD	279.45001220703125	0.2511254554372197	-0.0035709040120253197	-8.1421303380056	1144980.0	1139693.3333333333	1088006.6666666667	0.9568363419399372	1.0523648752152253	72.80005205337318	-0.1755188147869122
AMTB	29.25	-0.17064586471833276	-0.9817227709526178	-0.4763504340110576	329300.0	332576.6666666667	381893.3333333333	0.6783398314173172	0.8622826618252916	41.96573635095822	-1.1536706817275046
AMX	22.149999618530273	2.262233492936558	-1.3363079475009316	-4.44348866732121	3211300.0	2943483.3333333335	2672448.3333333335	1.6820207350701266	1.201632211162174	85.01217792952411	-1.5082558582758185
AQN	5.070000171661377	1.197603593581715	-3.2442673069146126	-9.46428110708988	4745660.0	4330646.666666667	4007328.3333333335	0.9796689332001225	1.184245363806393	52.742260384664625	-3.4162152176894995
AROC	30.100000381469727	-1.4729913807818418	-2.050111194764939	-7.555285282755636	1494380.0	1835536.6666666667	1762081.6666666667	1.0786491144279329	0.8480764701598204	19.301866044984706	-2.222059105539826
ARE	45.880001068115234	-5.713108894398658	-13.9857500246196	-12.92464933779996	2119800.0	1920600.0	1915376.6666666667	1.1886389669894823	1.1067274844112471	8.700234304694959	-14.157697935394486
ATI	193.08999633789062	6.874410967409938	2.0776023470591984	-5.5979257475699065	1520720.0	1869333.3333333333	1699038.3333333333	0.817938659058488	0.8950474925521594	92.83709003033198	1.9056544362843115
ASX	47.529998779296875	8.540757674301345	8.689685060230433	26.98369861547791	6707000.0	6477706.666666667	7507318.333333333	0.7134160649447953	0.8933949117649866	92.52967722794219	8.517737149455547
ANDG	56.0	6.100798209882075	2.470262463728966	-2.523935150014545	783140.0	504056.6666666667	488011.6666666667	0.4582818069396959	1.6047567168817685	39.36832675949645	2.298314552954079
ARX	19.729999542236328	-0.0506597213667013	-0.25278636336417326	0.15227806159941923	2381340.0	1923500.0	3748411.6666666665	0.752742396672732	0.6352930819142508	25.90943696350088	-0.4247342741390602
ARIS	17.56999969482422	0.3999982561383929	-7.672101624493684	-14.50121485582393	1602760.0	1527060.0	1555048.3333333333	0.7423414928031643	1.0306817901694374	61.38752695049884	-7.844049535268571
AVA	35.130001068115234	0.9772927382595815	-2.686973537412249	-6.643635208711986	701380.0	720120.0	663478.3333333334	1.290618230294951	1.0571257036778392	40.94032874664743	-2.858921448187136
ASIX	16.479999542236328	4.435993796644602	1.415381798377404	-4.186053423058557	322680.0	270330.0	277581.6666666667	0.9673362186956682	1.1624687029042504	95.58089135680333	1.243433887602517
ATS	18.530000686645508	-1.540908676308135	-3.2880958548216994	-5.314251529874908	212200.0	278900.0	251346.66666666666	0.7518823951237003	0.8442522943079943	82.88188190167155	-3.4600437655965863
AX	88.51000213623047	0.9005938264178828	-2.3391759698056793	-8.790188271661478	424860.0	374366.6666666667	349640.0	1.070341020389992	1.215135568012813	63.84893789545011	-2.5111238805805662
AWI	163.47000122070312	-0.7769340086779211	0.9822067518725667	-4.313975225456562	288180.0	347616.6666666667	430430.0	1.0025411132952964	0.6695165299816462	76.01818639659048	0.8102588410976798
ASB	29.020000457763672	0.20718706901888773	-1.1580386427785547	-6.114524098927405	1896900.0	2061946.6666666667	1880706.6666666667	0.7132580215459824	1.0086102387046003	83.53034236483224	-1.3299865535534416
BABA	110.80000305175781	1.8756903967067615	-4.276455246861501	-0.903313235747682	7478700.0	9477406.666666666	10412781.666666666	1.060859827336733	0.7182230684756187	83.50640679713938	-4.448403157636388
AZO	2807.72998046875	-3.623065677404162	0.1598138042896638	-5.40120943396661	319980.0	367840.0	273503.3333333333	0.5956394084384515	1.1699308966374573	41.5530824255318	-0.01213410648522309
BEKE	16.5	-2.654871638255988	-0.42244837726873197	-7.872696032523116	5595140.0	5461356.666666667	4392461.666666667	0.6054356457217285	1.2738050834820414	39.81105339388703	-0.5943962880436189
BAX	24.219999313354492	3.1077034880770413	5.625813305757048	-5.2796261149075745	7553020.0	6338376.666666667	6734983.333333333	1.603423168813466	1.1214608301431086	82.61339407183453	5.453865394982161
BANC	17.549999237060547	-0.622880018697633	-4.045935710361668	-6.499739962438341	2623240.0	2529896.6666666665	2931250.0	1.0222156636173547	0.8949219616204691	45.46444216437326	-4.217883621136555
BETA	20.700000762939453	-9.527965374951993	-6.207516768593582	-0.5285858040647883	2111400.0	3344116.6666666665	2538071.6666666665	0.8592104541807254	0.8318914031190346	12.500830477938436	-6.379464679368469
BBY	87.38999938964844	-2.8028074405728653	-6.254024624234727	-0.1142970357329316	2756920.0	3977670.0	3637275.0	0.7355813830709939	0.7579630355142243	13.595856592296684	-6.425972535009614
BHVN	12.970000267028809	-2.260739867264638	-8.790435840555583	-18.221938538515126	1576100.0	3355606.6666666665	2628986.6666666665	0.4981811535320985	0.5995085558947935	37.55034474517172	-8.962383751330469
BHC	5.889999866485596	2.079720727136175	4.432624218407656	-12.86982741034827	1789460.0	2287143.3333333335	3324795.0	0.6442097347054476	0.5382166419282993	83.80209775505178	4.260676307632769
BCE	19.739999771118164	-3.988325467530033	-10.231923708135584	-17.093657228535058	4941460.0	3948570.0	3857148.3333333335	1.811795156221113	1.2811174403888193	12.374580842469683	-10.40387161891047
BIP	36.16999816894531	3.8174454952137267	0.9489152121559267	-1.8186807298248957	1077320.0	829336.6666666666	917708.3333333334	1.0021261972419726	1.1739241770715096	57.27497308510211	0.7769673013810398
BJ	93.80000305175781	-3.109177339885949	1.614132306978214	0.6545773091218706	2824980.0	1856083.3333333333	1792003.3333333333	1.4592556009518252	1.5764367997827387	37.918792705589745	1.4421843962033272
BKH	70.4800033569336	1.0755771746645468	-2.056692254542305	-3.847202697703833	940760.0	964943.3333333334	861395.0	1.1128114604311825	1.0921354314803313	46.61324338588523	-2.228640165317192
BKTI	75.94000244140625	1.4969296326520956	1.6327639196626405	4.2272876822033645	37280.0	40580.0	40351.666666666664	0.7121734844751109	0.9238775763082897	89.47647356437108	1.4608160088877535
BCS	23.59000015258789	-4.144658400921108	-6.758889865766378	-12.30483090290553	5603400.0	4228726.666666667	4387318.333333333	1.8852010613123886	1.2771810874600318	11.651845516551163	-6.9308377765412645
BLCO	17.170000076293945	1.29793099381749	2.2023860478349437	-5.3472951818731635	361180.0	381290.0	398255.0	1.056413753311128	0.906906379078731	81.92320942071248	2.030438137060057
BMO	164.4499969482422	-3.9146930687561152	-7.190025011358622	-7.016851531879404	946060.0	778840.0	772905.0	0.5735452724564737	1.2240314139512618	1.239551354417685	-7.361972922133509
BFS	29.549999237060547	-2.1847066117633096	-2.2494221484380374	-9.076925424429087	155620.0	134323.33333333334	114930.0	1.1717993895327194	1.354041590533368	13.26141740272594	-2.4213700592129244
BBAR	13.270000457763672	5.737053833356548	-7.202795239391257	-12.060965383834633	771840.0	650486.6666666666	638660.0	1.4547569512057639	1.2085303604421758	85.42781290093292	-7.374743150166144
BNL	18.399999618530273	-2.3354592913693693	-4.564320730158356	-11.835175473782366	2011240.0	1891370.0	2010583.3333333333	1.0639906522785072	1.0003266050482862	36.572962830422995	-4.736268640933243
BOX	35.34000015258789	12.763241801291764	5.147276140493448	-1.7241350046431954	2880720.0	3126056.6666666665	2945155.0	0.9006874475510681	0.9781216947834664	94.44556131246821	4.975328229718561
BMA	68.77999877929688	4.1489973134226625	-8.549395537093252	-13.13463183353775	500840.0	299330.0	294440.0	1.545785587812782	1.7009917130824617	82.29113673790214	-8.721343447868138
BRX	27.049999237060547	-3.3928598676409036	-3.702388429611774	-7.584561619350041	3907340.0	3244036.6666666665	2737255.0	1.2304114934993542	1.4274665677841487	1.2466775534027903	-3.874336340386661
BFAM	64.20999908447266	0.7531767545647226	1.4696591705372262	-9.67786975359705	687000.0	878043.3333333334	828771.6666666666	0.7741075801118396	0.8289376044467415	40.76690805274364	1.2977112597623393
BH	364.3999938964844	6.531016926077086	6.19881348497521	-5.4807680205733424	60100.0	127743.33333333333	159251.66666666666	0.47595438770451165	0.37739008487613945	96.23944513194613	6.026865574200323
BRBR	7.730000019073486	-0.12919576667161986	-13.631282862472169	-25.673074013382617	4671340.0	3467550.0	3667165.0	1.6553185967037245	1.2738286932821403	77.35463001111455	-13.803230773247055
BRSL	9.930000305175781	0.6079069940465407	-3.4046637829459465	-12.433860920983626	2575740.0	2174343.3333333335	2072365.0	0.8953047893386968	1.242898813674232	64.35097339449408	-3.5766116937208334
BNY	143.75	-3.1595273270475297	-6.58912172971944	-12.523581574722243	4338340.0	3657990.0	3435743.3333333335	1.055689053277893	1.2627078274182297	24.672201486109245	-6.761069640494327
BOH	68.02999877929688	-3.4076409420411915	-6.577864509202683	-11.245926386148483	642300.0	412273.3333333333	413151.6666666667	1.7306479520059508	1.5546349000165394	16.804708035672178	-6.7498124199775695
BSM	14.670000076293945	1.4522824176554003	-1.2785974749193596	-0.06812144873260065	329420.0	366286.6666666667	384110.0	0.5877909833827785	0.8576189112493817	92.97734332872399	-1.4505453856942465
BUD	74.81999969482422	-2.9571969188328393	-4.015391117329033	-6.731490206566186	2476100.0	2432160.0	2086293.3333333333	1.0534257614630615	1.186841735262539	79.12989792181493	-4.18733902810392
BX	111.6500015258789	-2.5401502223552983	-11.676292784298596	-18.906153787500294	5598020.0	4056216.6666666665	4425818.333333333	1.1776491229511903	1.2648553506677298	6.964613636819664	-11.848240695073482
BY	37.630001068115234	1.210330175486333	0.4270078521473477	-2.815082949958897	242080.0	271083.3333333333	265030.0	0.6758069474331387	0.9134060295060936	71.81943908498118	0.2550599413724608
BWA	60.2599983215332	-1.326349070474393	-4.832598528172672	-8.321930254128585	2265700.0	2206340.0	2227841.6666666665	0.9525277155832736	1.0169932782476314	31.153040067486714	-5.004546438947559
BXMT	11.010000228881836	-11.281221883513714	-17.030897896914638	-22.245760257589055	3718480.0	2523996.6666666665	2448096.6666666665	1.5255566898529977	1.5189269486907517	23.790158169660216	-17.202845807689524
BTGO	7.380000114440918	1.652890933552547	-6.106870367938101	-1.8617003569240276	848700.0	1957453.3333333333	1652398.3333333333	0.2963544469344523	0.5136170757858023	51.89840905833231	-6.278818278712988
CBZ	54.720001220703125	0.018282099063875644	0.0731545634676184	-0.34601826122193835	840980.0	998736.6666666666	1351618.3333333333	0.8656936596566996	0.6222022735708183	76.12961965597934	-0.09879334730726849
CB	330.489990234375	-0.2655656504148151	-2.007359110246942	-5.09978744167265	1742360.0	1675723.3333333333	1787995.0	1.6205539100527733	0.9744769979781822	50.014348224845705	-2.179307021021829
CAT	848.1400146484375	3.4380147596471384	3.875078340286283	5.998950073893012	2222500.0	2313386.6666666665	2647180.0	0.9942566165621542	0.8395726773396596	88.90462955320915	3.703130429511396
CCL	25.559999465942383	15.447155241986895	14.56745888748823	8.858602914214313	37501520.0	24880343.333333332	21338460.0	0.8863141358043961	1.7574614100548962	70.77885599409996	14.395510976713345
CBRE	129.39999389648438	-0.7288163886059286	-9.643189840061346	-13.002562110009155	2168140.0	1890326.6666666667	1758195.0	1.0598697226934322	1.2331624194130912	32.64086527939989	-9.815137750836232
CGAU	21.559999465942383	-0.9191211435466534	-6.056650330233095	-6.423617147460892	1201640.0	1313270.0	1447040.0	0.7972465677278854	0.8304124281291464	45.708607983806424	-6.228598241007982
CACI	624.1900024414062	1.2637861321872508	-1.3715285513218223	-0.9222218346974207	274860.0	263600.0	275951.6666666667	1.0371775417298938	0.9960439932113715	67.55639202903092	-1.5434764620967092
CCI	67.58000183105469	0.7153552426960484	-7.702812476946141	-12.529122492266179	3453160.0	3275676.6666666665	3543713.3333333335	0.9945731314547732	0.9744467667625485	84.40908190387722	-7.874760387721028
CF	116.0199966430664	0.4415154509602198	-5.881398716179645	-15.811625645129787	2223900.0	2582776.6666666665	2478430.0	0.8089356028976568	0.8973019209741651	80.16107947423839	-6.053346626954532
CI	271.2900085449219	-0.19864549682424298	-1.1585938942828937	-5.229511880810663	2097980.0	1613323.3333333333	1706100.0	0.9520720169753119	1.2296934529042847	61.96200148004118	-1.3305418050577806
CDRE	25.0	-4.067534488355182	-6.120913301296847	-16.331992295281577	477120.0	448993.3333333333	409200.0	0.9886561047677026	1.1659824046920821	2.824015145926424	-6.292861212071734
CAL	12.25	-2.234634788015244	2.854745230427256	1.156072231972031	447720.0	565290.0	519255.0	0.6738134408887474	0.8622353179073865	44.13232559162326	2.682797319652369
CDE	17.049999237060547	-4.588704888992208	-12.653694481450351	-21.247115300328126	33410620.0	34888053.333333336	35232988.333333336	0.817403015511709	0.9482766458498434	7.450638651554755	-12.825642392225237
CION	6.929999828338623	-1.9802028277724253	-3.212290837640407	-5.842395344773667	336440.0	351650.0	460200.0	0.8619365846722593	0.7310734463276836	18.93561502273417	-3.384238748415294
C	128.5500030517578	-2.1018921317124843	-4.813032101531223	-6.942229897395855	9077400.0	9379456.666666666	10235355.0	0.7038787250292039	0.8868671384627108	47.745046828104456	-4.98498001230611
CNO	54.029998779296875	0.7270682216370428	-0.6801520886098051	-4.742599406758094	885900.0	1069400.0	874366.6666666666	0.7693098933981672	1.0131904997903245	87.67326294375577	-0.852099999384692
CMCL	24.34000015258789	4.46352338876105	0.8285035956762128	-7.5227947005853935	200800.0	183653.33333333334	201846.66666666666	1.111877450268622	0.9948145456947518	95.89763565935166	0.6565556849013259
CM	110.31999969482422	-1.631744811552597	-5.109239921091613	-6.635074241961307	965680.0	1456083.3333333333	1230245.0	0.5602701310593488	0.7849493393592333	35.49904018284421	-5.2811878318665
CHE	511.29998779296875	-0.5833171439248894	2.33777526718915	-2.507393289729091	154720.0	157676.66666666666	161388.33333333334	0.8790140160243537	0.9586814412442038	80.20361617884836	2.165827356414263
COOK	53.439998626708984	17.943052321800142	9.39611114833402	9.936222908273052	81840.0	44863.333333333336	56573.333333333336	0.8202689650048295	1.4466179589912798	95.41894790869266	9.224163237559134
COLD	14.050000190734863	-3.502748723789267	-4.61642479724223	-0.42522655848534613	3661260.0	3645293.3333333335	3708503.3333333335	1.1408135422115093	0.9872608087179823	57.93510440772573	-4.788372708017117
CNM	41.81999969482422	-1.3446560581065061	-2.879706546493371	-4.911323032956712	1933880.0	2642370.0	2235455.0	0.9777207582586844	0.8650945780612895	79.42270648577063	-3.051654457268258
CMP	22.65999984741211	1.2058975664309357	-3.8608394535191186	-9.864755777430465	378440.0	393543.3333333333	425138.3333333333	0.7643376841178016	0.8901573213424651	87.29068556277134	-4.0327873642940055
CRCL	83.30000305175781	-2.913752810115759	-11.842517795528831	-19.306402845173555	9890280.0	14511960.0	13621710.0	0.6521310698210304	0.7260674320624944	62.91597144759583	-12.014465706303717
CNR	91.01000213623047	2.952489327262614	0.28650373138343666	-6.589344297276228	504100.0	496096.6666666667	526598.3333333334	1.2304053645458881	0.9572761022790931	92.55327522646553	0.11455582060854977
CPA	135.50999450683594	3.3874928927365517	-1.166950693890397	4.713693433355965	350180.0	309163.3333333333	301015.0	1.1146211818995353	1.163330731026693	92.25580762505481	-1.338898604665284
CSW	301.989990234375	2.22740817531414	4.285518418936875	-1.1715865445018125	123980.0	129373.33333333333	144171.66666666666	1.0952798103679275	0.8599470538594037	79.6756910595865	4.113570508161988
CTRI	20.719999313354492	4.016060411629196	1.8682357812974435	1.0238863097472768	2073540.0	1700180.0	1837618.3333333333	1.2566904680680868	1.1283844759203716	58.06640066135884	1.6962878705225566
CR	209.61000061035156	1.3000205225257764	5.352831492311207	3.2917795178965386	352820.0	391416.6666666667	431145.0	1.2914626357249308	0.8183325795266094	84.89796554987194	5.18088358153632
CRH	82.6500015258789	-1.3134310138759329	-5.1526255396128775	-10.202085284925639	6607140.0	5183363.333333333	4764580.0	0.7601049254377307	1.3867203405127	61.900241589324075	-5.324573450387764
CUBE	37.189998626708984	-0.5349044295379799	-6.369593444713782	-6.440255027147209	2892760.0	2654210.0	2409133.3333333335	1.2099268708956714	1.200747156653845	7.649875302373516	-6.541541355488669
CPK	126.2699966430664	-0.8091173479961543	-3.7209283114947844	-4.514525561182214	203700.0	183766.66666666666	184470.0	1.1449301650643933	1.1042445926166857	42.420544296977816	-3.8928762222696713
CPS	22.030000686645508	1.1943051144452963	-3.672934507054646	-17.242674710299045	331760.0	244780.0	217196.66666666666	0.6846964621292589	1.5274635890667445	76.90048433863572	-3.844882417829533
CSR	55.18000030517578	-0.880183006801084	-0.3431436344124143	5.325445596547594	312300.0	330240.0	234130.0	0.8257630813953488	1.3338743433135438	84.43480953222009	-0.5150915451873012
CODI	11.0600004196167	-1.2499945717197585	-1.3380875826925382	-4.24242219070464	767440.0	557163.3333333334	653536.6666666666	1.5498148358650066	1.1742875941671216	69.37675049495724	-1.5100354934674252
CTO	20.290000915527344	-0.9277276902137926	-0.1967486882873501	-5.275439573957799	336580.0	392246.6666666667	369236.6666666667	0.7849652429593623	0.9115562737539609	26.130502966351983	-0.36869659906223695
DBD	65.62999725341797	7.784526049076216	3.566353731459635	-3.7542236344514315	315780.0	247796.66666666666	267931.6666666667	1.5847670805364613	1.1785840917149273	96.26778216735724	3.394405820684748
CVEO	32.4900016784668	0.9319759694207976	-5.634616931494331	-3.7618385847382045	129600.0	81933.33333333333	112480.0	0.7457282343368593	1.1522048364153628	23.3830770672226	-5.806564842269218
CW	540.7899780273438	1.5835135824895274	-4.793852429070622	-4.911027239161409	410880.0	438366.6666666667	361253.3333333333	0.8650292753402783	1.1373735882483207	27.437720489755705	-4.965800339845509
DECK	80.20999908447266	2.3608964519031717	-0.02493365527100991	-5.076924160387389	3264120.0	3288166.6666666665	2826521.6666666665	0.8521161741598662	1.1548186728918288	84.16000633721438	-0.1968815660458968
CXM	5.230000019073486	5.020080302058147	-2.9684573539040358	-16.185894055949507	3088280.0	3971833.3333333335	3411148.3333333335	0.6346439511560572	0.9053490784383948	80.51081479129763	-3.1404052646789227
CYD	31.8700008392334	-1.7570832663546625	-9.046803634326439	-15.396861193620554	180280.0	129140.0	124698.33333333333	1.3318878736255226	1.445729026049533	41.99682157107901	-9.218751545101325
DKL	55.29999923706055	3.1139252949561853	-0.8071762563936378	0.054276784961851995	151640.0	193076.66666666666	179630.0	0.38689294408093505	0.8441797027222624	94.54072091089942	-0.9791241671685247
CHPT	8.930000305175781	2.17391921090759	-5.100951647393864	-1.6519781915267928	1240000.0	3171653.3333333335	1781788.3333333333	0.2651929172587168	0.695930025358418	15.359024244721127	-5.272899558168751
DOW	28.510000228881836	2.223022060959657	0.8489556676050706	-6.093545271006843	8942700.0	8760516.666666666	9126726.666666666	0.8170636815560727	0.9798365094751021	94.83137480554036	0.6770077568301837
DEO	83.97000122070312	-2.632185411985103	-3.282652020431873	-7.399646076191805	1005500.0	941936.6666666666	1084113.3333333333	1.3019983650705462	0.927486056193387	15.523226896150078	-3.45459993120676
DLR	179.8699951171875	1.518231489222737	-3.4669707778592045	-4.217476144683455	1790660.0	1978193.3333333333	2276745.0	0.7673163054504278	0.7865000252553536	90.50871476184318	-3.6389186886340914
DNA	14.979999542236328	43.212232195078364	87.7192920605478	115.53956767403493	4399860.0	1974216.6666666667	1517491.6666666667	3.8751065823575592	2.8994294312434445	94.47890312113924	87.54734414977291
CRL	310.7699890136719	5.492376820977663	11.383096712095028	5.9382930109806065	805520.0	933716.6666666666	932950.0	1.3982828481159524	0.8634117584007718	91.03295675261064	11.211148801320142
CVS	87.01000213623047	-0.9561711468191677	-0.673511812976712	-10.483534086361923	8912840.0	7604093.333333333	7877175.0	1.5793730394331476	1.1314767032597346	75.64492801296794	-0.845459723751599
DAR	62.70000076293945	3.4824238406301458	-0.8852317000506957	-4.63878210959779	2027740.0	2433970.0	2366140.0	0.835753932875097	0.8569822580236165	76.14528404587489	-1.0571796108255826
DCOM	39.5099983215332	-0.2020758543731857	-3.37491095307913	-3.4693427145247604	384900.0	291710.0	306866.6666666667	1.1843954612457577	1.2542906799913098	33.784735763865555	-3.546858863854017
DDS	654.1099853515625	-1.4998451763826568	2.805453008513419	2.7408684294763788	276560.0	191526.66666666666	163928.33333333334	0.9831529116920186	1.6870787030917982	39.688934145696685	2.633505097738532
DOLE	12.800000190734863	-1.3867438971454131	-1.5384600712702823	-7.913665165349978	766440.0	985766.6666666666	990543.3333333334	0.7216717952186116	0.7737571635768921	67.49558084711659	-1.7104079820451692
E	54.63999938964844	-1.7619553417044975	1.1102858326353133	-0.8888112986999238	333220.0	333450.0	360170.0	0.7197480881691408	0.9251742232834494	53.08748854155646	0.9383379218604264
DOC	18.84000015258789	-6.268657736163206	-9.073355323689132	-10.41369692131448	5372340.0	5030383.333333333	5354036.666666667	1.3929952323050265	1.0034186044050253	3.328669808347314	-9.245303234464018
EBF	22.579999923706055	0.7585902608275867	5.07212733456058	6.009393110298304	178200.0	163296.66666666666	153286.66666666666	0.9828737063422401	1.1625277258296003	95.1715343960905	4.900179423785693
DAC	165.82000732421875	8.181112111683825	3.8907378548461926	7.57055717794649	159700.0	131673.33333333334	125196.66666666667	1.128550453141613	1.2755930669080646	98.36386380930186	3.7187899440713057
DHR	221.2100067138672	-2.692119415780285	2.48795888949608	4.823962466690316	4233800.0	3877450.0	4780373.333333333	0.7978955241202337	0.8856630444484114	73.16116836510258	2.316010978721193
ELAN	22.510000228881836	0.2672581911063013	0.35666483556665174	-7.821457172173673	5286580.0	5330933.333333333	6271550.0	0.8981916862588165	0.8429463210848993	75.36188960303204	0.18471692479176485
EE	34.130001068115234	3.928139188591593	0.6191123540866971	-14.030225661919626	366560.0	420006.6666666667	378641.6666666667	1.0628402723766288	0.968092083544248	95.95047918559422	0.44716444331181016
ED	103.37999725341797	0.5348589055428593	-0.4621638302645577	-4.9379335600754315	2838080.0	2139433.3333333335	2207200.0	0.979324743312092	1.2858281986226894	62.064041333704935	-0.6341117410394446
DINO	115.22000122070312	8.503624231743913	5.425931243023055	8.544512072016309	2184080.0	2642823.3333333335	2790651.6666666665	0.8534811886782695	0.7826415693825397	98.07448710806779	5.253983332248168
DTE	125.04000091552734	3.4842332373371185	-0.8641848581829629	-8.776541742086737	2205560.0	1746026.6666666667	1520710.0	1.0607512676400512	1.4503488502081265	93.16999467796447	-1.0361327689578497
DV	13.4399995803833	0.29850718650553654	0.0	0.6741512834598589	2814620.0	3172770.0	3672768.3333333335	0.8562234262174693	0.7663483630195388	18.99584052997821	-0.1719479107748869
EFR	10.1899995803833	-0.19589086864784958	-1.8304482848057357	-2.7671753293907515	120069.0	115631.5	120559.08333333333	1.1998893035202345	0.9959349115820805	10.25611676986982	-2.0023961955806224
DRI	199.72000122070312	1.3704176681005116	-5.484831040555408	-8.402124669573096	1246820.0	1210013.3333333333	1214181.6666666667	0.8650317902833027	1.026880930777794	67.35683789756544	-5.656778951330295
ERO	38.439998626708984	2.753271273718347	10.778091589450197	8.833519136020744	1361420.0	1427410.0	1339745.0	0.955646940963003	1.0161784518695722	83.36600946412176	10.606143678675311
EIG	48.790000915527344	2.1566219225132404	0.7017546898533069	-2.204847639964754	168200.0	164413.33333333334	175798.33333333334	0.7803503365501581	0.9567781264517107	56.92546990200286	0.52980677907842
EMA	47.880001068115234	0.25126204103723027	-1.8047524276253877	-4.811129633501627	427080.0	367900.0	466563.3333333333	1.214732264202229	0.9153741185548229	47.82219105382659	-1.9767003384002746
ES	64.69000244140625	2.228197991954895	-3.2889773782576057	-9.486495961235375	2807120.0	2385830.0	2292616.6666666665	0.9744617177250684	1.224417514194116	92.67364917793192	-3.4609252890324926
ELPC	13.920000076293945	15.518671003813827	9.95260856294085	12.34866578349808	1037720.0	568026.6666666666	515435.0	3.9276325055161734	2.013289745554726	98.41950636229845	9.780660652165963
ESI	37.540000915527344	6.8906664500080765	12.327956230741028	7.318471717530933	3413620.0	4935910.0	4663581.666666667	0.6799961911785264	0.7319738870231713	69.04937892507543	12.156008319966142
ESS	271.92999267578125	-0.39559615076785226	0.19896753682822313	-2.411627980583964	530980.0	568160.0	498311.6666666667	0.7700295691354548	1.0655580342958055	77.04928727963838	0.027019626053336243
EQNR	42.349998474121094	0.18925482727958845	-0.32949681999343	-0.7266792648847636	3712760.0	3468856.6666666665	3466831.6666666665	1.125039278071449	1.070937489032974	56.93560129319726	-0.5014447307683169
ETSY	70.88999938964844	2.8583883822428606	-3.5247738826358703	-13.580396873613026	2822460.0	3212496.6666666665	3074246.6666666665	0.9172616521521683	0.9180980923239732	25.003167223053552	-3.6967217934107572
ETD	21.079999923706055	-0.5660416741266188	0.5245618214279575	-3.6122582771470775	463660.0	613313.3333333334	545773.3333333334	0.8318749524441014	0.849546820413847	52.48608370810667	0.3526139106530706
FBK	52.58000183105469	0.5930770433826753	-1.9029788658648497	-7.73819918850501	541560.0	553303.3333333334	460786.6666666667	1.0023435005512347	1.175294424028473	45.73518367577818	-2.0749267766397366
DX	10.829999923706055	-4.413062695206528	-10.273403500166557	-15.58846462894041	7998520.0	6429116.666666667	6157438.333333333	1.371541450743622	1.2990012350915412	1.3961148744674006	-10.445351410941443
F	12.149999618530273	-1.8578392066600669	-7.744878146201965	-15.683554842561009	43354700.0	46532883.333333336	48071998.333333336	0.7652889193412686	0.9018701427674509	43.763016617807885	-7.916826056976852
EPD	36.79999923706055	0.40927068195543137	-4.341049988695725	-6.0505464454265505	3913880.0	2843556.6666666665	3083990.0	1.0114797548141001	1.269096203295082	89.240082407175	-4.512997899470612
FHI	56.5	-1.841558978459089	-2.8875907465856887	-9.105533882409993	635100.0	646543.3333333334	592898.3333333334	0.87882740522677	1.0711785887968426	63.25089288576794	-3.0595386573605756
ECG	126.16999816894531	8.151889429371533	8.050014383927843	9.665358385244824	403260.0	431693.3333333333	510666.6666666667	1.423464187540538	0.7896736292428198	99.06214593300571	7.878066473152956
FCPT	21.229999542236328	-3.631416792892508	-6.145009926728977	-14.773184776065323	1300820.0	1124740.0	907981.6666666666	1.413304408129879	1.4326500718626844	12.875234601362308	-6.316957837503864
FIRY	12.569999694824219	0.47961202913379697	17.47663475601044	27.35562148501683	111460.0	151353.33333333334	527718.3333333334	0.8034180504779104	0.21121115746720945	76.14435630449302	17.304686845235555
EG	366.80999755859375	-0.808542545449984	-0.7065171821426491	-5.033010340817152	390140.0	390583.3333333333	363121.6666666667	0.8605077874973331	1.0744057317795228	28.43867853128954	-0.878465092917536
FDX	289.1300048828125	-0.17952322617956262	-2.251598590118677	-10.847643594282106	1600240.0	1598373.3333333333	1566870.0	1.1793239793790353	1.021297235890661	56.93099120584399	-2.423546500893564
EMN	64.94000244140625	-2.3017884025859368	-0.2304407818764303	-8.23794613282823	1400560.0	1123016.6666666667	1130260.0	1.2134281177186446	1.2391485145010883	56.71786901187759	-0.40238869265131716
FNB	17.399999618530273	-0.17212097601971474	-2.8475724914957383	-5.793176689782384	5218780.0	4173803.3333333335	4787341.666666667	1.071396911370205	1.0901206480283943	59.60507053590257	-3.0195204022706252
EPRT	25.639999389648438	-2.878788787361908	-4.185354370903896	-13.670037942750515	2265580.0	2150973.3333333335	1890505.0	1.11754058627722	1.1983993694806414	28.175391214124474	-4.357302281678783
EXP	169.82000732421875	-3.4400340938984275	-5.202630399231898	-12.273992293673121	470140.0	430166.6666666667	450581.6666666667	1.0114684230918247	1.0434068555829685	15.377262461166538	-5.374578310006785
FVRR	8.59000015258789	0.35046415304422074	-1.4908269548162902	-6.630431188302064	668900.0	546816.6666666666	706043.3333333334	1.3141516047426012	0.9473922752616695	69.27141194602365	-1.6627748655911772
FNV	240.77999877929688	-2.046295443332354	-7.9868520641466265	-10.924493746442288	1262600.0	827696.6666666666	814785.0	0.5335287887269491	1.5496112471388157	59.99000532002834	-8.158799974921513
EPAC	36.02000045776367	2.2424096673070695	2.0685733162311526	-2.490520311714684	430680.0	422273.3333333333	412806.6666666667	1.0209027328270788	1.0432971043749293	90.80601774640462	1.8966254054562657
FOUR	37.54999923706055	1.4042680931828688	-4.622808595888092	-15.026023073092244	2450260.0	2152070.0	1839165.0	0.9185574818662962	1.3322676323222766	84.34050331942242	-4.794756506662979
FC	17.350000381469727	2.3598796491198852	-1.0832413006855581	-5.706517711028176	47920.0	58536.666666666664	67971.66666666667	0.6850407152212289	0.704999632199691	65.02140945986864	-1.255189211460445
FTRE	21.110000610351562	5.234302952957993	5.4445560822412125	13.372715676100258	1609380.0	1401433.3333333333	1460285.0	1.6173441476583499	1.1020999325474137	89.85882736381353	5.2726081714663255
FSK	10.989999771118164	-1.523298195504605	-3.8495233797883124	-10.867803413457962	2399280.0	1732720.0	2063130.0	1.4822937347061267	1.1629320498465923	35.862693117578544	-4.021471290563199
FUBO	8.619999885559082	-8.783068152999235	-16.310682272481785	-25.62554122456718	1263860.0	1210810.0	1416083.3333333333	0.8851925570485873	0.8925039722238569	0.5102646912839788	-16.48263018325667
FSS	116.43000030517578	1.2346736306145885	1.1643096793148406	-0.6230823951140619	481520.0	422696.6666666667	427605.0	1.3103959498142876	1.1260859905754141	83.8254289137316	0.9923617685399537
GGB	5.170000076293945	8.158992664588867	3.4000015258789062	4.4444500102206925	17563020.0	12284956.666666666	12832203.333333334	2.5206926520158666	1.3686675268289856	95.98428584296867	3.2280536151040193
GATX	172.27000427246094	-4.959721122597715	-4.506646285525109	-2.8424755262135175	300760.0	237260.0	227885.0	1.2054286436820365	1.319788489808456	61.7486610232121	-4.678594196299996
EVRG	79.08999633789062	1.5145586193254483	-0.21449128659830372	-3.4663785630496866	2688160.0	2304516.6666666665	2111648.3333333335	0.8465549536779224	1.2730149985516843	71.93073010625028	-0.3864391973731906
GL	165.9199981689453	-0.4619378854059374	-3.6245384296175076	-6.004988583137793	458160.0	430746.6666666667	536873.3333333334	0.8717420912523989	0.8533856527300046	58.48101234897695	-3.7964863403923945
GLW	159.3699951171875	5.132263979976249	0.2453134986346464	9.15753090218322	7173720.0	8300436.666666667	10478623.333333334	0.7893801571082003	0.6846051978201971	41.85365849895565	0.07336558785975952
GNRC	215.1999969482422	4.868178893588	4.99609187106949	17.582773426163328	1024260.0	1355626.6666666667	1223510.0	0.6865459516877803	0.8371488586116991	68.8824561646431	4.824143960294603
FIX	1713.0699462890625	3.3027736747425096	4.929589312299367	8.40911598035862	281800.0	329820.0	403578.3333333333	0.7752713601358316	0.6982535402049169	64.70160737805142	4.75764140152448
GEL	14.020000457763672	-0.28449474153086696	-6.719888843323743	-13.349813391048901	343700.0	298006.6666666667	261071.66666666666	0.5731415404577078	1.3164967473809874	69.31750238268044	-6.89183675409863
GHM	90.4800033569336	3.725782270925099	5.3685809513206975	5.258264681947171	191620.0	176436.66666666666	201141.66666666666	0.7039353120099753	0.9526618883871235	69.4833824867572	5.1966330405458105
EW	87.2300033569336	0.4606720228535639	-1.2565010493224746	-2.840271170677835	3417180.0	3242626.6666666665	3811376.6666666665	1.022566067838008	0.8965736789768877	80.21515071700713	-1.4284489600973616
FMS	22.649999618530273	-1.3071944855602493	1.9351949525819552	0.8010694734147253	805880.0	691873.3333333334	712826.6666666666	0.8202368448945375	1.1305413190677491	84.48968539294066	1.7632470418070683
GOOS	7.619999885559082	-0.6518929626793797	1.4647090988654197	-6.503064512618574	741280.0	853586.6666666666	810701.6666666666	0.6979959074649714	0.9143684174819755	12.94252497884169	1.2927611880905328
GPI	241.44000244140625	-0.32613355078509726	-3.758916115646381	-15.084579944563254	321700.0	256133.33333333334	232120.0	1.1798542425819885	1.3859210753058762	25.18511826051582	-3.930864026421268
GRBK	65.47000122070312	-4.115403645036044	-3.093541168467336	-7.502115922820448	341920.0	380593.3333333333	306496.6666666667	0.9740055001839234	1.1155749382810036	13.160642477541046	-3.265489079242223
GXO	45.9900016784668	2.725041787422099	1.2995597637845424	-2.5222522658153483	1260120.0	1311086.6666666667	1431803.3333333333	0.7946843076735328	0.8800929364135205	52.27100515649277	1.1276118530096555
HAFN	10.279999732971191	12.595833560958225	5.870233703243072	15.117574262712596	3508040.0	2755036.6666666665	1918083.3333333333	1.3298915561922346	1.8289299213624712	98.58556015631376	5.698285792468185
GSK	46.54999923706055	-6.338031141898523	-8.868446420532571	-8.492234687499648	5101500.0	3275596.6666666665	3721588.3333333335	1.062523977819817	1.3707856815615913	1.5506971002295273	-9.040394331307457
HAWK	14.380000114440918	-7.285622809577374	-11.562116162222228	-16.974593719316687	1336500.0	1353940.0	1163236.6666666667	1.0978329911222062	1.1489493396299406	6.864729289225707	-11.734064072997114
GNE	16.110000610351562	0.6875038146972656	-0.6781671249046473	5.225344015731203	81200.0	75540.0	75783.33333333333	1.649457241196717	1.0714756982625908	27.354227341677216	-0.8501150356795342
HIMS	29.670000076293945	3.0924231008146394	1.090288554225206	6.64989360806467	9420260.0	9821290.0	12165923.333333334	0.8121947320565832	0.774315252685301	72.8269961280115	0.9183406434503192
HEI	301.57000732421875	-0.9979902739679365	-0.48179766391428047	-7.408659495988677	428300.0	525570.0	476143.3333333333	0.9127233289571323	0.8995190523861862	22.561255658591122	-0.6537455746891674
GD	331.7200012207031	-0.7301898535629336	-6.267305187427861	-9.333914874748391	1363160.0	1224866.6666666667	1129880.0	1.12575518423774	1.2064644032994654	52.98630355355842	-6.439253098202748
HL	17.010000228881836	0.0	-7.302452995810589	-19.80197565715852	33301560.0	34638953.333333336	38492826.666666664	1.0773449082275965	0.8651367769994894	30.883322910237	-7.474400906585476
GRDN	42.099998474121094	3.338234510611534	-4.66485819839	4.909039007155909	468960.0	621280.0	479318.3333333333	0.4442441411279938	0.9783894489048685	71.02192815297838	-4.836806109164887
HMN	45.599998474121094	1.4009278103553462	-5.394195534572434	-12.189489300703482	336640.0	319203.3333333333	287960.0	0.9072586961289043	1.1690512571190443	81.108386176802	-5.566143445347321
HD	281.1499938964844	-3.014943706340674	-5.400409707711027	-11.607511735647758	5721020.0	4591073.333333333	4240260.0	0.9282143173491748	1.3492144349638937	7.157761260561799	-5.572357618485914
HLIO	70.93000030517578	2.9313547173370926	3.9115119914831546	-1.636389259725494	460140.0	362373.3333333333	330346.6666666667	0.5593678710721908	1.3929003874717467	65.20187463857688	3.7395640807082677
HG	34.15999984741211	2.7986768522031515	0.8562176695386333	-5.400168180502471	350980.0	380116.6666666667	391123.3333333333	0.9639145876266059	0.897364002829457	89.87852416359736	0.6842697587637464
HLT	316.1199951171875	-1.2988646428015038	2.9438611893368947	0.5630631395912926	1364720.0	1603690.0	1913370.0	0.8879521603302384	0.7132546240403058	34.63781497304342	2.7719132785620078
HHH	71.66000366210938	-3.0966779995076745	9.237813001442257	12.832633531676374	958100.0	760186.6666666666	578153.3333333334	1.0934156522959273	1.6571728376555237	46.3856431893532	9.065865090667371
HCA	434.9200134277344	0.5362938722806218	2.101089790685537	6.2854351059232885	1059900.0	1391873.3333333333	1485841.6666666667	0.8253624611434949	0.7133330716036365	85.48287911718178	1.9291418799106501
HPP	11.25	-2.1739130434782608	-8.238174633165992	-11.695445823288187	718860.0	625050.0	684290.0	0.7826573874090073	1.050519516579228	12.653890940798775	-8.410122543940878
FIG	22.010000228881836	8.69135915497203	-1.4330483471453108	-12.727990372199963	9660240.0	13719863.333333334	17857906.666666668	0.5621338793705185	0.5409503017524263	86.21411305678437	-1.6049962579201977
HOV	111.69000244140625	-1.5773712218682054	-3.0973448105654997	-7.861737900782375	96960.0	112000.0	130108.33333333333	0.7883928571428571	0.7452251329020688	24.96059510191661	-3.2692927213403866
HUBS	220.61000061035156	8.760601751766789	3.156270448300596	-13.52696580720144	1332220.0	1594820.0	1797966.6666666667	0.6728659033621349	0.740959231724726	81.57697476279172	2.984322537525709
HRTG	33.9900016784668	2.194838826738529	-0.46852076211727645	-2.718938138469149	332620.0	281983.3333333333	299740.0	0.8706188309001714	1.109695069059852	85.14827881466914	-0.6404686728921634
HTB	46.529998779296875	2.2637335808722527	-1.210190474076985	-1.126227323688402	188620.0	213916.66666666666	195615.0	0.6049084534476042	0.964240983564655	80.01973653005238	-1.382138384851872
IBN	27.75	1.648354489067399	-2.0127108084976157	-9.07601709114339	4001480.0	4999916.666666667	5261423.333333333	0.5014883581393023	0.760531845945362	83.48633099644435	-2.1846587192725027
HXL	85.9000015258789	2.0917543962414125	-1.196228302648437	-7.064804454978689	1014760.0	845696.6666666666	933345.0	1.236850092034575	1.0872292667770225	47.83706552635538	-1.368176213423324
ICE	152.14999389648438	-0.49703076804864926	-2.0724730140297973	-7.558176510234486	2434040.0	2983606.6666666665	3433355.0	0.9248202957941284	0.7089392154321357	67.88450370630181	-2.2444209248046842
IMO	123.51000213623047	0.9563559206822327	-2.1082635105954677	-6.389267962094736	553360.0	623166.6666666666	550448.3333333334	0.807167691896229	1.0052896275460306	32.74692314596602	-2.2802114213703546
IIIN	29.770000457763672	1.638782954021243	-0.20113800233268164	-4.1223794226993045	139720.0	141766.66666666666	197671.66666666666	0.7145544321655303	0.7068286636931612	91.18347961153466	-0.37308591310756856
IEX	235.2899932861328	1.791044559361939	5.734055892163635	5.463911631163822	709760.0	582156.6666666666	643295.0	1.1885116835674248	1.1033196278534732	92.43109048492438	5.562107981388748
IOT	42.38999938964844	11.758499996278834	11.4060453077769	9.393546811995968	5676840.0	7036303.333333333	6110483.333333333	1.1478470465789092	0.9290328915606786	98.9640416162298	11.234097397002014
ITGR	126.44999694824219	0.055388270569317166	0.055388270569317166	0.7569696798742529	745040.0	761006.6666666666	1025711.6666666666	0.7743690375029566	0.7263639716814505	89.72772035146677	-0.11655964020556972
GE	306.3399963378906	-3.7393144361650954	-3.9716664179418597	-8.138423220080252	4185680.0	4109043.3333333335	3993813.3333333335	1.3162917889241048	1.048040970033652	2.555646236506149	-4.143614328716747
INGM	27.579999923706055	4.232807550967154	2.29970645507359	-3.3975458468501225	1665340.0	2187363.3333333335	1530986.6666666667	0.7274511626631149	1.0877560440326064	40.02973306222846	2.127758544298703
GIL	40.68000030517578	-4.551850481764412	-11.871749480830113	-24.217585555316308	1845900.0	1601763.3333333333	1495815.0	1.2333907006653084	1.23404297991396	6.337172206837451	-12.043697391604999
GPN	82.18000030517578	-2.9752027554455593	-3.646383605308856	-10.450034530556113	2369000.0	2487913.3333333335	2849978.3333333335	0.9731448308756735	0.8312343895012066	69.83467929537842	-3.818331516083743
IQV	266.0899963378906	-1.8009391670031294	-1.4043309901997278	-2.035932140014588	1446560.0	1533693.3333333333	1473146.6666666667	1.100676362940875	0.9819524645656462	69.38549293895552	-1.5762789009746148
JMIA	6.789999961853027	1.343285897761271	-2.5824940280762	-4.500705564729771	1074380.0	1525016.6666666667	1679270.0	0.575403547502213	0.6397899087103325	32.800893100934374	-2.754441938851087
IRS	13.949999809265137	-2.036516618779803	-10.57692648626165	-7.493369497068336	255220.0	184196.66666666666	158825.0	0.8561501293906876	1.606925861797576	74.94827559034255	-10.748874397036536
JBS	11.890000343322754	2.499999588933498	-1.1637522257355877	-9.512937346574745	6572000.0	5295466.666666667	5440856.666666667	1.469634404270319	1.2078980209611598	82.34315884380918	-1.3357001365104746
INVH	26.059999465942383	-1.8085962058280638	-3.766619130861795	-8.400707321282109	4717520.0	5124880.0	4496000.0	0.9557101824823215	1.049270462633452	16.07404359875811	-3.938567041636682
KFRC	51.79999923706055	1.0140414784362477	0.426516863505433	-3.985174227014717	182940.0	252556.66666666666	262368.3333333333	0.5598743516306571	0.697264024494826	23.469998491445594	0.25456895273054614
JILL	24.6200008392334	1.6515340099879865	2.797495010232786	27.038193526214382	289240.0	211310.0	141061.66666666666	2.208603473569637	2.050450748490613	50.506585494007616	2.625547099457899
KLAR	13.09000015258789	5.4794545812793345	-4.3128665162724165	-9.097218754482766	4608040.0	6136216.666666667	5870186.666666667	0.9404165976320914	0.7849903694147148	96.90991102101525	-4.484814427047303
HNI	47.08000183105469	0.46948616696032613	1.882715351263374	-2.38440332178431	549560.0	566513.3333333334	568031.6666666666	1.1507231368487942	0.9674812730510917	77.27907231216544	1.7107674404884872
HZO	52.349998474121094	-0.03819067819666283	-0.11448458970750856	0.3642611719033796	755460.0	749043.3333333334	738895.0	1.366676605269833	1.022418611575393	70.82752829430794	-0.28643250048239544
KBH	45.040000915527344	-5.931495591546956	-5.892184828376884	-13.897916778636645	1288120.0	1521920.0	1240095.0	0.9336233179142136	1.0387268717316012	2.260679483221992	-6.064132739151771
JXN	133.85000610351562	1.547688781357443	1.501487115828411	-3.9468961313961803	610960.0	779666.6666666666	694570.0	0.664258230012826	0.8796233640957715	91.23595219407966	1.3295392050535242
KRO	7.940000057220459	-2.3370240411555625	-1.6109001551404818	-6.035500160431725	342140.0	395093.3333333333	436506.6666666667	0.7590611501079914	0.7838139165495753	80.18922399166121	-1.7828480659153687
HRB	42.0	4.115021916542102	-5.617977528089887	-17.808216723782618	2159220.0	1881576.6666666667	2141241.6666666665	1.1494615331468467	1.0083962187048792	65.43898930454402	-5.789925438864774
INSP	70.75	1.0714285714285714	-6.563657079477493	13.855810580818664	1056620.0	802070.0	776536.6666666666	0.7880858279202564	1.360682689377192	59.72295222550114	-6.73560499025238
KWR	161.0500030517578	0.4177566707488699	3.622445598469605	0.44907454155823895	171280.0	147106.66666666666	147073.33333333334	1.3058551617873653	1.1645890938760708	86.06365160129957	3.450497687694718
JEF	45.84000015258789	-2.737112001467926	-4.200623585432878	-15.51787399448521	2825160.0	2240893.3333333335	2086858.3333333333	1.2437896791160667	1.3537861937601579	48.1075021951556	-4.372571496207765
KMPR	25.809999465942383	1.8949843809004596	-2.7871931916488157	-10.038344421417538	989760.0	907586.6666666666	878846.6666666666	0.921564882692562	1.1262032815735776	63.877468458615404	-2.9591411024237027
ITW	264.19000244140625	-3.5204267624339662	-1.244761778192	-2.7461776634240778	1792580.0	1274683.3333333333	1306968.3333333333	0.9231312352087447	1.371555801530514	66.02530797810056	-1.4167096889668869
KTB	64.19999694824219	-1.124292859236908	-3.3278220027084866	-12.854623939294582	639000.0	727623.3333333334	722105.0	0.9253414083294011	0.8849128589332577	49.85055555304324	-3.4997699134833735
LB	83.58000183105469	3.543112694624226	-4.534552920981784	-2.9155472338325774	237760.0	229643.33333333334	272133.3333333333	0.6222693161859695	0.8736893679568839	80.69294399365349	-4.706500831756671
LDOS	119.44999694824219	-2.370250561541528	-6.84707094426835	-9.753704746583171	1167200.0	1226816.6666666667	1376643.3333333333	1.361572633781195	0.8478594068180333	43.56303573967834	-7.019018855043237
LEN	74.44000244140625	-9.252708095621994	-4.661884354875494	-11.853161478467399	7731800.0	4908246.666666667	3628186.6666666665	2.171406761681361	2.1310369918490046	3.0851348428648038	-4.833832265650381
LEVI	20.270000457763672	2.322064635146149	2.2704377894464147	-2.0772960837066177	3350920.0	2436293.3333333335	2316586.6666666665	1.7221243200052538	1.4464902385118337	92.58635602145351	2.098489878671528
JOBY	5.78000020980835	-5.400980630032202	-9.828387716079396	-15.866079969549055	20433580.0	23965633.333333332	32670850.0	0.8928952430494222	0.6254376607893581	3.8804833341193046	-10.000335626854282
KREF	6.079999923706055	-2.8754041309026115	-10.059175771481584	-19.576719977187505	983540.0	806360.0	945343.3333333334	1.005010169155216	1.0404050732890695	7.499920569204548	-10.23112368225647
KNTK	53.08000183105469	3.651635969564064	-0.30052562428228125	-2.300754569983298	1462480.0	1255943.3333333333	1141305.0	0.8625389149722785	1.2814103153845817	91.0417521275578	-0.47247353505716816
JBGS	10.829999923706055	6.489673967166971	-3.3898315178215865	-7.829787883352727	977820.0	1026193.3333333334	903008.3333333334	1.2449895731148777	1.082847149804819	94.34836449277661	-3.5617794285964735
LOAR	62.349998474121094	-1.9191461798960114	-3.6768187229787377	-10.596500739911264	608460.0	695156.6666666666	657893.3333333334	0.7209885541388752	0.9248611730371691	64.46302777616833	-3.8487666337536246
LUXE	9.75	3.5031838750885087	0.9316786129349832	28.289475294031284	202220.0	286670.0	205396.66666666666	0.4953430774060767	0.9845339911390968	40.11225561442112	0.7597307021600963
LPG	57.63999938964844	6.033846104615896	1.765536742189232	7.597535407896316	652920.0	607773.3333333334	602811.6666666666	1.0775398723208214	1.0831243589070108	97.91336798483428	1.5935888314143452
KEX	139.85000610351562	6.277080321831861	3.1114068191247983	-2.387099928078035	498280.0	427393.3333333333	493293.3333333333	1.464926921337098	1.0101089277508988	97.44226272459886	2.9394589083499114
LNC	40.90999984741211	0.07338253060925884	-1.8474099139295208	-10.402978571777673	2013480.0	1919910.0	2000821.6666666667	0.986608747285029	1.0063265675018513	78.87388639964293	-2.0193578247044077
LYB	59.220001220703125	1.6303428101533137	-1.6932278043549225	-8.55466450398393	3328240.0	3446786.6666666665	3983201.6666666665	0.8280175931979158	0.8355690418218845	89.5622712343951	-1.8651757151298094
LII	361.1499938964844	-1.970633178648315	-0.684748831714916	-6.457209268244446	522660.0	491020.0	523918.3333333333	0.8940572685430329	0.9975982261866513	64.7617215272102	-0.8566967424898029
LRN	78.87999725341797	2.8958954934225583	-0.7798776686566431	-8.065274536372026	696840.0	676600.0	865771.6666666666	1.2842151936151345	0.804877344488443	78.17969312474852	-0.95182557943153
LXFR	17.25	-0.17361507785525276	0.05800596876218714	0.349037021979779	278700.0	373656.6666666667	373615.0	0.8614860344166213	0.7459550606908181	36.15119550524354	-0.11394194201269975
LLY	1143.1199951171875	-3.516267420916206	-1.8688476386176396	-1.4211780627558899	2253440.0	2321620.0	2495741.6666666665	0.8513882547531465	0.9029139634510784	6.396991237077188	-2.0407955493925263
LUCK	5.260000228881836	-1.3133151186904066	-3.1307477869442333	-15.705121445232347	46560.0	92470.0	81581.66666666667	0.40986265815940304	0.570716459988968	33.584153898039006	-3.30269569771912
MATX	230.66000366210938	3.226675682406585	-1.7297194689327753	3.7746880948289747	286220.0	292540.0	292233.3333333333	0.9355985506255555	0.9794228356336262	76.51944127353852	-1.9016673797076622
MAC	22.8700008392334	1.3292031389702514	1.2843264681452926	-0.8239316179932956	3705500.0	3350696.6666666665	3335141.6666666665	0.8858157855729505	1.1110472568631518	56.25394295780137	1.1123785573704057
MCD	233.0399932861328	-0.23973150802686752	-5.986772351281595	-10.241501789703177	5754480.0	5596660.0	5037861.666666667	0.9995247165273574	1.1422465285370744	72.70855087190009	-6.158720262056482
LTH	40.060001373291016	1.1871715556747788	0.375849477455292	-7.031791061887244	2972580.0	3203990.0	3053753.3333333335	0.7544031036301612	0.9734185035682864	32.82792283081841	0.20390156668040513
KN	39.400001525878906	5.800214151604298	9.414060989607306	13.34868650287392	690540.0	705273.3333333334	809150.0	1.2073333270316	0.8534140765000309	63.7868780062184	9.24211307883242
MHK	124.93000030517578	0.4018323545557381	6.531938160980815	-5.14046833708508	996440.0	1030813.3333333334	996871.6666666666	0.8913349976070675	0.9995669786983614	36.10442134008053	6.359990250205928
MGM	30.170000076293945	-5.304458574016859	-22.101728807425943	-26.647217863355934	5151320.0	4005370.0	3176230.0	1.258086019518796	1.621834690812693	1.0081572515720865	-22.27367671820083
MANU	20.049999237060547	-2.0039094123091297	-1.7638442579273654	-4.158703805260799	499920.0	388616.6666666667	332073.3333333333	1.0524510014152764	1.5054506032804	10.455078979829466	-1.9357921687022523
LYV	170.6699981689453	-0.7097569521409841	0.880722046146159	-3.8424740059413764	2186340.0	1967020.0	1956701.6666666667	1.4397921729316427	1.1173599109385606	76.51078974812725	0.7087741353712721
LAR	5.599999904632568	3.512015944165805	-5.405408235428679	-17.888566514971394	1276700.0	1698776.6666666667	1871463.3333333333	0.6363402683892134	0.6821934350837758	79.39510060326661	-5.577356146203566
LCLN	24.100000381469727	4.782610354216202	-2.350080699084998	-10.175175363396836	713840.0	769813.3333333334	578843.3333333334	0.5907925730913122	1.2332179691683989	93.44565200305726	-2.522028609859885
MTD	1541.6300048828125	-0.23491223870881608	7.77313749833165	13.67024966886392	152420.0	194883.33333333334	185681.66666666666	0.8610279654494142	0.820867254889641	83.93728183593788	7.601189587556763
MMM	163.19000244140625	-3.711348504070526	-1.0789833097688621	-3.0420029656319594	3082480.0	2871090.0	3186203.3333333335	0.8144293630642021	0.9674461035652673	47.66713727792328	-1.250931220543749
MOV	33.45000076293945	-0.08960208992545048	1.4558675294646881	-0.5352372865264058	208660.0	204403.33333333334	192211.66666666666	0.9417654637073759	1.0855740633156157	31.159583552227033	1.2839196186898012
MUSA	511.67999267578125	-1.622702937906597	0.530469101177659	-2.033313299903253	177040.0	263603.3333333333	269935.0	0.7321606959952455	0.6558615963102228	46.15674608556853	0.3585211904027721
MTH	62.279998779296875	-4.1846172626201925	-3.216782818816518	-7.692311171640681	783400.0	808543.3333333334	808645.0	1.3028367887930146	0.9687811091393628	16.332865271507814	-3.388730729591405
MLM	485.5	-1.0738205537513141	-2.835874286417177	-4.605651418431169	823720.0	821990.0	697981.6666666666	0.8602294431805739	1.1801456103192778	83.59348268211107	-3.007822197192064
MTUS	21.040000915527344	10.911975103318072	12.875545088331528	9.812114212355597	374320.0	337276.6666666667	368230.0	1.7819198877281757	1.0165385764332076	99.12021056917143	12.703597177556642
MSCI	552.3499755859375	1.7743966322699114	-1.1843203506729076	-3.880631320056599	578440.0	518730.0	635653.3333333334	0.9409519403157712	0.9099928682300624	77.01942073147355	-1.3562682614477946
MSGE	80.01000213623047	-2.1523719935057306	-1.4655109073098058	2.840615678385534	647260.0	472030.0	418930.0	1.5634599495794759	1.545031389492278	42.37368138046229	-1.6374588180846927
MRK	139.5399932861328	-6.153748742373684	-6.662211848740594	-8.402260312103042	9083940.0	9893276.666666666	9925086.666666666	0.9580951103830447	0.9152504461757849	5.051867026737	-6.834159759515481
MTZ	219.39999389648438	7.501591373075716	-1.5702108998824886	-5.545033989366671	1387760.0	1516346.6666666667	1520010.0	0.8579832228338287	0.9129939934605693	94.10913390462918	-1.7421588106573755
NBR	83.16000366210938	4.709148299409649	-0.9174271896421312	-10.55178813572953	191180.0	215210.0	232523.33333333334	0.7392779145950467	0.8221970554926387	92.68626404673975	-1.089375100417018
NHI	65.0199966430664	-2.722920099551961	-4.199213184294667	-9.581430493895848	478500.0	372440.0	378435.0	1.4402319836752229	1.2644179317452138	24.508583794195133	-4.371161095069554
NEU	924.3499755859375	1.30528836007451	4.4486876523844385	2.688435318060181	124800.0	120976.66666666667	124693.33333333333	1.176259884826275	1.0008554319931566	85.58598417460414	4.276739741609552
NMAX	9.970000267028809	-8.532104440815234	-8.363969097796934	-8.195206425271142	997040.0	1126560.0	1076488.3333333333	0.8386592813520807	0.9261967539515059	51.808687184548845	-8.53591700857182
NKE	33.959999084472656	-6.677659648070847	-5.927976399175011	-12.40650326669732	78345880.0	40339243.333333336	30855713.333333332	1.722570734056902	2.53910448135267	12.20085777103958	-6.099924309949898
NOG	24.030000686645508	3.53296697336549	1.0513035861281377	-7.184236179420732	2176860.0	2112856.6666666665	2371716.6666666665	0.8946181867519015	0.9178415072064539	93.04371491724513	0.8793556753532508
NP	27.1200008392334	-2.446037469384652	-5.274182206761794	-18.802396406418286	588440.0	513293.3333333333	575653.3333333334	0.844546328285321	1.0222124426738315	21.90117295931138	-5.446130117536681
NPO	332.8599853515625	8.268274365175019	12.380560656300506	12.730720268408346	189380.0	163126.66666666666	181810.0	1.8016674159140138	1.0416368736593147	97.31048774455179	12.20861274552562
MAIR	24.969999313354492	0.0	3.4811445578235323	-2.7648013371642715	3525460.0	2861220.0	2824558.3333333335	0.9017132551848512	1.248145580282463	65.90452167077251	3.3091966470486454
MFG	11.029999732971191	-0.18099961464653852	-0.5410317294062247	-2.5618371879075443	3838380.0	3246120.0	3360875.0	0.8055771197614383	1.1420775839625097	73.60005649762084	-0.7129796401811116
NRG	96.80000305175781	-0.20618242086823454	-6.274201979210344	-13.447776983731325	3054980.0	2838390.0	2862051.6666666665	1.1351505607051886	1.0674091022116419	62.202855687711505	-6.4461498899852305
NX	18.90999984741211	-2.4251771605128427	-5.920400554592445	0.7995715175916817	396260.0	471870.0	391506.6666666667	1.0858923008455719	1.0121411299935292	26.08974204392824	-6.092348465367332
MNTN	10.079999923706055	-1.0794863710201292	-11.267603623727451	-25.111442086639396	1092000.0	838110.0	965371.6666666666	0.6406080347448425	1.1311705508931793	47.10934003392965	-11.439551534502337
NTR	70.26000213623047	-2.389554237965235	-5.74188184428277	-12.96915742021197	2127600.0	2642590.0	2576298.3333333335	1.0208923820948388	0.8258360347759931	51.556595891004314	-5.913829755057657
NVR	5970.2099609375	-4.749288345648733	-3.534367339725459	-6.334223236822853	40780.0	39696.666666666664	36955.0	1.3955831723906291	1.1035042619401976	1.1814067070405372	-3.706315250500346
NVT	167.1699981689453	4.155762099031348	4.848216011775222	9.915183242921653	1646660.0	2328960.0	2191421.6666666665	0.7504207886782083	0.7514117547741079	55.63091748710232	4.6762681010003355
NAT	8.369999885559082	7.445441932557964	4.624998569488525	17.887323915284437	4843260.0	4933566.666666667	3936085.0	1.491294330673549	1.230476475990737	77.299643251127	4.4530506587136385
MSM	130.16000366210938	6.56623899831184	7.01307786015896	10.408011142579012	806740.0	685760.0	674573.3333333334	0.8749416705552963	1.195926313916945	94.47492135830458	6.841129949384073
NUE	251.41000366210938	2.830380798179006	3.717000821985448	-4.213813962416882	1435340.0	1242100.0	1371063.3333333333	1.2771918525078496	1.0468808880698437	93.63427413778832	3.545052911210561
O	53.77000045776367	-2.854558373829315	-5.083849939173593	-12.908974739278053	9143340.0	7701230.0	6471645.0	1.06506363269244	1.4128308953905846	30.67983908094365	-5.25579784994848
OC	117.4800033569336	-3.7285876160602043	-3.380206517595107	-12.790440574716355	1228600.0	1091316.6666666667	976061.6666666666	1.0777806625024817	1.2587319448737018	35.754431489465674	-3.552154428369994
OLP	21.920000076293945	-0.6346300681673968	-4.279474054852516	-7.666384635093432	95400.0	79653.33333333333	82021.66666666667	1.2391195179109475	1.1631073090443582	14.617758377467467	-4.451421965627403
NEE	76.27999877929688	1.0464974670591356	-4.206955405837718	-9.255292654361371	15446240.0	12027633.333333334	11277961.666666666	1.0823741994130183	1.3695950080813954	41.09890910156402	-4.378903316612605
ONIT	27.5	-6.716416461945871	-13.276566401839332	-21.180852734096025	164100.0	78740.0	72115.0	1.7018034036068073	2.275532136171393	31.2427911420218	-13.448514312614218
ORI	37.790000915527344	-0.6049435546215578	-3.6460995937473983	-11.228561929912443	1930180.0	1445723.3333333333	1308500.0	1.5426188044277722	1.4751089033244174	47.79068830789989	-3.8180475045222853
OFG	50.970001220703125	-0.4492178492364608	-2.4310880875931575	-3.5024583203516624	255980.0	265350.0	271461.6666666667	0.9911437723761071	0.9429692344529921	50.986332701455304	-2.6030359983680444
OZ	41.224998474121094	-1.8452417282831102	-7.712110669436272	-14.47095887637698	24320.0	14673.333333333334	11156.666666666666	1.1108587005906405	2.179862563489692	50.4734181981375	-7.884058580211159
NGVC	30.15999984741211	-1.7589605931841674	-2.3948212953193604	10.71953047294054	122060.0	142623.33333333334	145330.0	0.807721971626896	0.8398816486616666	19.164209183730648	-2.5667692060942473
PARR	87.5199966430664	12.248294565663674	6.731703223251714	6.7577373252989235	874540.0	932416.6666666666	989021.6666666666	0.8170167128429708	0.8842475645124054	82.02714454672457	6.5597553124768275
PAM	79.98999786376953	4.493787948885949	-1.6838775028324222	-5.60538130722665	189840.0	186243.33333333334	174663.33333333334	1.1093014515060942	1.0868909712017405	88.79230918080617	-1.8558254136073091
OI	5.570000171661377	-3.63321852117953	-8.538587321800712	-20.76813648042231	3918220.0	3401103.3333333335	3599433.3333333335	1.341241224661409	1.0885657927636758	2.1122781676498903	-8.710535232575598
PBF	84.16000366210938	13.133491534643646	16.114789961662503	11.721759745682805	3420240.0	3614976.6666666665	3410448.3333333335	0.9057596499009215	1.0028710790223572	86.47559501325635	15.942842050887617
PEN	317.1099853515625	-0.6485391853246377	-0.5238764772348804	-1.254913468596184	304780.0	359576.6666666667	351795.0	1.0242600094555634	0.8663568271294362	1.6194250294390002	-0.6958243880097673
NNN	40.380001068115234	-2.463769130844296	-3.0026422482063913	-10.624168226290745	3010240.0	2003023.3333333333	1696363.3333333333	1.4430186368273294	1.7745255045597543	31.407744940346234	-3.174590158981278
NSP	47.560001373291016	1.3856353186809165	-5.372059368106686	-8.220760993093352	495600.0	409576.6666666667	516916.6666666667	1.1089498913512326	0.9587618894083507	58.32390058894558	-5.544007278881573
NXE	9.069999694824219	0.8898768158267083	-7.448984507171777	-14.995317432326216	4826040.0	4168543.3333333335	4714891.666666667	0.5729579397439393	1.0235738891137476	66.83017115246625	-7.620932417946664
OKE	88.58000183105469	-0.04513756972196273	-3.5076264854671675	-7.488248740412859	3732040.0	3653520.0	3684181.6666666665	0.9959710087805732	1.0129902208043486	81.29366250777804	-3.6795743962420544
OWL	8.970000267028809	-1.967206109352575	-10.47904334097415	-24.23986358591204	20255680.0	19274250.0	19131025.0	1.0634758810329845	1.058786970379266	29.441402090221473	-10.650991251749035
PHR	10.369999885559082	2.673262315759099	3.3898321200370782	-6.576580818225041	565480.0	705583.3333333334	748333.3333333334	0.7144443132160151	0.755652561247216	69.59834027760883	3.2178842092621913
PCOR	54.18000030517578	10.43619810143782	4.817182713524345	-10.579303236952258	3147560.0	2757110.0	3158408.3333333335	1.8674626692442449	0.996565253067869	89.94408556361944	4.645234802749458
PDM	8.960000038146973	-1.538465246746975	-3.965700842279439	-7.533535333831789	1871380.0	1833490.0	1328210.0	0.5917676125858335	1.4089488860948194	54.52045326548637	-4.137648753054326
PFS	22.3799991607666	-0.6657857137475302	-2.398609407279567	-5.008490373191874	991060.0	848363.3333333334	905238.3333333334	1.2320192999068795	1.0948056036807985	41.46315940195175	-2.570557318054454
PNW	95.95999908447266	5.081033076165703	2.839997422800108	-2.0816335872728	1924460.0	1160190.0	1177998.3333333333	1.2076470233323853	1.633669543958042	94.44349970597409	2.6680495120252212
PAYC	225.7899932861328	2.361950952864952	-0.19890920973516654	-6.124235292147249	577200.0	705390.0	796298.3333333334	0.8530033031372716	0.724853959675917	67.41627307449207	-0.37085712051005343
OTIS	65.87999725341797	-0.6784329341387618	-1.1404593985463392	-7.834367432178389	5864300.0	4531536.666666667	4119790.0	1.266060593132131	1.4234463407115412	80.76970604931672	-1.312407309321226
PKX	58.22999954223633	0.67427280190107	0.27552927200440497	-7.761763730356923	164960.0	193990.0	253275.0	0.7531316047218929	0.6513078669430461	88.95176212539272	0.10358136122951808
PHI	18.149999618530273	6.078310760255092	3.35990985496438	-1.3586956803424604	397160.0	183270.0	156648.33333333334	1.2784416434768375	2.5353605209120214	89.96226005676543	3.1879619441894933
PBR	24.139999389648438	16.900725596074167	17.014058999852164	17.698679279656456	30779400.0	23850856.666666668	19667386.666666668	2.945999004647911	1.5649969424848174	99.65414884856146	16.842111089077278
PS	54.869998931884766	-7.267195149783445	13.767363575928728	48.257231613977766	253340.0	580450.0	362595.0	0.30700318718235853	0.6986858616362609	67.18363919259835	13.595415665153842
PSTL	22.3799991607666	-3.617571823547739	-5.249795234584089	-6.163527032247947	240320.0	361753.3333333333	317245.0	0.8491974273445995	0.7575217891534933	16.056336645647605	-5.421743145358976
PRGO	14.4399995803833	-4.3708661219397005	2.1939098615120467	1.1913042548442243	2366040.0	2778606.6666666665	2813645.0	0.676022274953154	0.8409163202891623	57.78329346782334	2.02196195073716
PXED	24.510000228881836	-3.806904751888223	-7.29954714898636	-18.245494986243298	74160.0	80256.66666666667	106120.0	1.1351081945425094	0.6988315114964192	0.9979293386672481	-7.471495059761247
RBRK	122.68000030517578	8.479975486631119	8.604817014414463	33.14521501826534	2752080.0	3576606.6666666665	3219478.3333333335	1.1473445034492658	0.8548217180112513	98.08204155221654	8.432869103639577
PLGO	24.530000686645508	2.55016976758335	3.6332936526386965	-4.029729267675865	470980.0	439623.3333333333	442851.6666666667	1.0395262611174718	1.0635163768154121	84.74793558547353	3.4613457418638096
PGR	212.6199951171875	1.503792370328703	0.179037699862704	-5.025237970863871	2753060.0	2513800.0	2703448.3333333335	1.1039064364706819	1.0183512538615804	81.96484908321158	0.0070897890878171
QTWO	58.209999084472656	5.6442843856197955	0.48333985468986507	-9.160428493835168	597760.0	617580.0	758818.3333333334	1.177985038375595	0.7877511305955971	95.73151461433523	0.31139194391497815
RAMP	37.709999084472656	0.21259105523971414	0.26588267082763817	-0.1324132396267456	1265560.0	1253090.0	1081986.6666666667	0.7331476589869842	1.169663212115984	72.56198344419168	0.09393476005275128
PK	15.260000228881836	-2.9262088443584737	0.7260766542661725	1.1936359820056581	3596940.0	3484993.3333333335	3803370.0	1.4585393754937837	0.9457244496328256	18.738739130623017	0.5541287434912856
PRM	28.06999969482422	0.6814940451109858	-11.255136137841431	-12.41809559119775	1797720.0	1199663.3333333333	1407113.3333333333	0.9071711785806574	1.2775943183917904	84.12935105749268	-11.427084048616317
PINS	20.059999465942383	8.962518371569752	3.6156964541444245	-3.7889731466357714	11805960.0	13933843.333333334	12346203.333333334	0.8198312358423244	0.9562421483959576	89.50017847396113	3.4437485433695376
RGA	251.0399932861328	-0.7629394494434466	2.4109608312314346	-1.9030168052385628	405460.0	330120.0	349545.0	1.4576517629952745	1.159965097483872	77.04404029041517	2.2390129204565477
RIO	95.6500015258789	1.3134178748763183	-1.4323983682341703	-6.991438222526092	2129460.0	1864090.0	2270608.3333333335	1.4036339447129698	0.9378367764879455	85.4108534772212	-1.6043462790090572
RKT	11.680000305175781	0.343642273824959	-5.501613029043319	-17.862165359746133	38513860.0	32896946.666666668	30595221.666666668	0.8217875134105658	1.2588194463699751	38.21553044953334	-5.673560939818206
REF	13.020000457763672	5.425101664767813	-2.690580370688499	-4.545453592034498	586200.0	600433.3333333334	None	0.828068617109865	None	90.47596628442541	-2.862528281463386
PNC	220.27999877929688	-1.5156254381009382	-5.560557865253216	-10.155801713156663	2258780.0	1782173.3333333333	1723020.0	1.6951213125547087	1.3109424150619262	15.805498424305284	-5.732505776028103
REXR	36.689998626708984	-1.344447481750945	-5.242775129120405	-0.8646303953978732	2824140.0	2669556.6666666665	2766243.3333333335	1.293847792454927	1.0209297085216653	60.95241060229956	-5.414723039895292
RPT	10.949999809265137	1.5769951809367047	-2.6666683620876737	-14.58658291789236	24760.0	18840.0	78305.0	1.2951167728237791	0.31619947640635976	52.91661077776801	-2.8386162728625606
RNST	39.63999938964844	-0.5519348151891176	-2.17176964011269	-3.7864110301043494	815660.0	692580.0	635275.0	1.2785526581766726	1.2839478965802211	52.47306520300414	-2.3437175508875767
RLI	56.08000183105469	0.1786393169633892	-5.061787505022652	-12.429729810548222	808780.0	661780.0	743468.3333333334	1.4341624104687358	1.0878472743739365	58.11798396522225	-5.233735415797539
ROL	29.690000534057617	-2.9421366918631224	-8.222559707974593	-16.85801933563376	8718060.0	6783436.666666667	6269588.333333333	0.9628010580674201	1.390531488909559	14.832475514566525	-8.39450761874948
RSKD	7.809999942779541	1.428573197911577	22.9921269302988	12.698414664346197	2285560.0	2212206.6666666665	1749386.6666666667	0.4792047759250944	1.3064921801164597	30.112703401000104	22.820179019523913
PPG	105.2699966430664	-1.6260213610209315	0.32402204984445643	-4.948084295199633	1674960.0	1607630.0	1652558.3333333333	0.9881626991285308	1.0135557494188305	61.135137120152415	0.15207413906956954
RS	408.239990234375	4.267870024564183	6.132847188927573	2.511048675476998	269720.0	293226.6666666667	324071.6666666667	1.2966078574026918	0.8322850398317244	95.86199642124313	5.960899278152686
REPX	42.93000030517578	7.003991645318338	5.686857296979825	1.9957238050431405	199940.0	338080.0	261840.0	0.6536914339801231	0.7635960892147876	96.6328804211773	5.514909386204938
RHI	34.31999969482422	-6.637646186397365	-7.1428556684070195	-20.186047221339027	1729240.0	1941273.3333333333	2134755.0	1.3999574162662995	0.8100414333260726	9.6795231356365	-7.314803579181906
R	235.94000244140625	0.8592355955017718	-0.5060289075359462	-4.466128973065028	307860.0	256186.66666666666	296970.0	1.536770063495368	1.0366703707445197	66.8846670808326	-0.6779768183108331
RM	32.77000045776367	7.689780246863437	4.031747484964038	-1.08663024070359	90200.0	73080.0	88273.33333333333	1.7802408319649698	1.0218261460614757	96.32958563782961	3.859799574189151
RNG	79.05999755859375	3.8486804293746832	2.276836270831059	3.5358786362767116	1453960.0	1531770.0	1879118.3333333333	1.1103494649980088	0.7737458435738037	90.45204086659926	2.1048883600561723
SBS	6.260000228881836	21.789890884997728	15.073532408754275	22.02729218777159	11251040.0	9520873.333333334	8640738.333333334	3.0210358853634576	1.302092433073331	98.47406829502081	14.901584497979389
SCCO	205.2899932861328	1.3127317471362003	3.6504068548219344	2.886781206873636	982840.0	1064916.6666666667	1125435.55	0.8990374833711557	0.8732974535947438	73.39405215750173	3.4784589440470475
SDRL	45.790000915527344	0.4607263625197556	-1.6960087687258387	-8.548030368251235	687020.0	594116.6666666666	636928.3333333334	1.5239431088170114	1.078645687505397	74.95536902651219	-1.8679566795007256
RYN	18.010000228881836	-4.151147677704182	-10.084874630635712	-11.368107778716016	4004240.0	3699946.6666666665	3226968.3333333335	0.9747167526739124	1.2408674602219523	0.22313892291981574	-10.256822541410598
SKE	30.239999771118164	1.2386974271483198	-4.905658815627639	-8.668078484831309	630420.0	509423.3333333333	540241.6666666666	0.8425212822341602	1.1669222107390211	77.09927809577498	-5.077606726402526
SEG	22.5	-2.5552193533518204	-7.024796319605415	-13.76006183055463	115260.0	72530.0	71600.0	2.327312836067834	1.6097765363128491	31.862007651884284	-7.196744230380302
SLB	50.279998779296875	-2.3499764220748647	-2.8593500584033413	-12.419441015617135	15498580.0	14341650.0	12738288.333333334	0.6100692737585982	1.2166925095770977	85.57647088320962	-3.0312979691782282
RCL	275.0299987792969	13.372357859399242	9.902097414304444	3.5699534634206214	3572800.0	2821946.6666666665	2471536.6666666665	1.07234485886811	1.4455783918506842	71.14531054484723	9.730149503529558
SMHI	8.6899995803833	2.5973944087213794	-3.765228822172052	-10.780289685923904	91040.0	94846.66666666667	108185.0	0.9077809798270893	0.8415214678559875	90.02614834044381	-3.9371767329469387
SMA	32.470001220703125	4.07051418816703	-0.5817471757399268	-1.903315052750005	965600.0	810793.3333333334	760553.3333333334	1.2756641643164308	1.2696019564702892	73.22280980732529	-0.7536950865148138
SHO	11.319999694824219	0.17698675886530987	2.0739363306740524	2.815617252479077	1873760.0	2043666.6666666667	2232023.3333333335	1.020665470559452	0.839489431860778	46.25882361874322	1.9019884198991655
SAH	62.630001068115234	0.2882310696184991	-4.99089379887147	-21.14076742373343	383460.0	314303.3333333333	305208.3333333333	1.129800299074143	1.2563877133105803	50.93678532563209	-5.162841709646357
SOLV	88.02999877929688	-1.6863995094829352	-0.9117487527948972	-4.770665886670316	849480.0	890010.0	1035828.3333333334	1.1730205278592376	0.8200972812419046	48.05702866285544	-1.083696663569784
PRK	181.02000427246094	-0.26446045594438705	-1.022469858072153	-7.472906952974087	91280.0	106650.0	104651.66666666667	1.029535864978903	0.8722269115000557	47.222165981468855	-1.1944177688470399
SONY	23.540000915527344	0.9001328440121557	-0.21195098235326557	-5.689095436821061	4247260.0	3720390.0	4390325.0	1.278575633199745	0.9674135741659217	39.57224401799144	-0.38389889312815245
SPXC	176.8000030517578	3.9327508185307414	-2.4228706498682717	-8.82838040369223	791120.0	570216.6666666666	532318.3333333334	1.8487709350246984	1.486178383235595	95.72916080381326	-2.5948185606431586
SPG	201.39999389648438	-1.5303402442152307	-1.7465127845027633	-4.784422357963307	1212460.0	1230503.3333333333	1290785.0	0.8459140026709938	0.9393198712411439	53.40640554932119	-1.9184606952776502
RDN	33.5	1.5151515151515151	-2.389276521316177	-8.992125101339226	2979040.0	1474033.3333333333	1353908.3333333333	1.8623730806630334	2.2003262160781443	85.37888237791444	-2.561224432091064
SPIR	10.890000343322754	-7.240199696481364	-8.946485714142185	-8.333331326442957	634540.0	634303.3333333334	677025.0	1.0105575145435148	0.9372475167091319	18.906894556203866	-9.11843362491707
SRE	78.16000366210938	1.6517158051010676	-3.7438342369280377	-7.57951526054829	3538120.0	3862463.3333333335	3697911.6666666665	0.9318146709483326	0.9567886739677846	47.59622519207109	-3.9157821477029247
SSL	14.050000190734863	0.8614492672659547	3.6135675217922665	13.765180216640822	1707440.0	1864206.6666666667	1499741.6666666667	1.162156556318863	1.1384894065088986	84.72564604762171	3.4416196110173796
RVLV	21.049999237060547	-0.8945411304381325	-0.4728150509379331	-2.1385448020760043	682760.0	815400.0	851683.3333333334	0.6552612214863871	0.8016594587190075	54.37477873489595	-0.64476296171282
STNG	86.41000366210938	3.8706588847272716	0.23199696063184594	7.864190492770693	1432840.0	989350.0	853821.6666666666	0.8525799767524131	1.6781490279976499	98.52486095450843	0.06004904985695905
RXO	28.649999618530273	42.18362362738339	45.283978783550644	43.24999809265137	5935740.0	2353623.3333333335	2179860.0	8.803277783049397	2.722991384767829	99.48331167180143	45.112030872775755
SCL	62.7400016784668	-1.8460521343566016	1.5046113646870871	0.5771090160105373	148140.0	144276.66666666666	142988.33333333334	0.9925374858489477	1.036028580420314	56.08559040679341	1.3326634539122002
SGI	62.290000915527344	0.016059949303970863	-1.6887621283409606	-10.399879281726271	2790400.0	3597066.6666666665	3139745.0	0.7686540885165691	0.8887345946884222	51.706980857995724	-1.8607100391158475
SU	68.7699966430664	0.0	2.2754295477473145	0.776668809918392	3399700.0	4311786.666666667	4274121.666666667	0.8932955866709545	0.79541488641136	40.97575722041468	2.1034816369724276
SWX	82.79000091552734	1.123730472799723	-2.1972836111325167	-6.652386248130717	710980.0	703683.3333333334	575805.0	1.202245328154236	1.2347582949088667	84.48484707991231	-2.3692315219074036
TAK	17.809999465942383	-5.767196690941799	-5.71731052727236	-4.8102600885597	2491640.0	2254770.0	3061745.0	1.5099544521170674	0.8137973606554432	2.7836901931247695	-5.889258438047247
SRI	6.53000020980835	-2.0989484990138694	-8.15752338698433	-8.671326955097346	179340.0	148360.0	147046.66666666666	0.9942032892963063	1.2196128213265631	11.544428116111547	-8.329471297759216
ST	43.16999816894531	3.425961746465944	3.178771538018646	2.736786527019577	1161940.0	1304226.6666666667	1471740.0	0.7577670548064241	0.7895008629241578	66.61664171153296	3.006823627243759
TBN	33.900001525878906	1.649184638447895	-7.174148135389161	-13.18821462688792	149640.0	146360.0	134030.0	0.9018857611369226	1.116466462732224	83.83222462469845	-7.346096046164048
STDN	13.010000228881836	12.836084390170752	-3.6296279342086226	-11.496595934090594	379300.0	722430.0	None	0.3636338468778982	None	92.53556202650411	-3.8015758449835095
SYY	76.37999725341797	-2.787326524007249	-2.61379962231433	-5.796749471503534	4441620.0	4121823.3333333335	3687796.6666666665	1.2961496813303497	1.2044102214601493	1.182462192842877	-2.785747533089217
TAP	36.52000045776367	0.6892748741239317	-2.7689054246597826	-9.982744065874941	3433400.0	4712836.666666667	3779873.3333333335	0.8303916042072326	0.9083373164180104	31.591668219412455	-2.9408533354346695
SVV	9.1899995803833	-1.7112384444766755	-0.32538704746887914	-10.516074286675787	1458740.0	1245093.3333333333	1480623.3333333333	0.6744072733503245	0.9852201887943591	16.316813715300626	-0.49733495824376606
TDS	35.11000061035156	1.0359729794289567	-4.4105607189619125	-7.16551852548938	1921980.0	1511050.0	1309881.6666666667	1.4055127229410014	1.4672928470637931	51.53555037083747	-4.582508629736799
TDC	29.90999984741211	4.763574944640124	1.8732943652141194	3.89023583281901	1571840.0	1663226.6666666667	2374438.3333333335	1.1306336278077953	0.6619839218116845	62.00322576577935	1.7013464544392325
TFII	114.80000305175781	-6.186156349527138	-8.518603071152056	-13.560721962132558	386780.0	245550.0	284700.0	2.6434534717980043	1.3585528626624517	3.897017444738424	-8.690550981926942
STVN	20.049999237060547	-6.352174778347557	-6.78754521750735	-2.3855971598150076	288800.0	350296.6666666667	375390.0	1.8629923207947547	0.7693332267774847	21.043422947378318	-6.9594931282822365
THO	67.23999786376953	-5.799943329992489	-3.860458226175651	-11.2694656282582	835200.0	788590.0	686600.0	1.5588582152956543	1.2164287794931548	9.774850655702863	-4.032406136950538
TJX	134.41000366210938	3.193860777051344	2.634389715464845	1.6794017548241966	8457440.0	8856873.333333334	7292300.0	1.0904299560943629	1.1597767508193575	77.42854474227647	2.462441804689958
TRC	16.18000030517578	-1.4015816232478486	-0.2466030201726233	0.06184433416606342	98680.0	148416.66666666666	146238.33333333334	0.5396967995508142	0.674788872046773	20.394172570171833	-0.41855093094751017
TRIN	17.43000030517578	-0.3999982561383929	-1.6365633149892744	-5.01362428974652	814120.0	882490.0	965363.3333333334	0.9671497694024861	0.8433301451267052	16.92469980737752	-1.8085112257641613
TPR	116.94999694824219	3.0850595805628442	3.431500189166071	-4.608484173082214	3189480.0	3285693.3333333335	3080791.6666666665	0.75950484321929	1.0352793518981864	41.53488796458586	3.259552278391184
TKO	177.0399932861328	-2.500280041381419	-7.367100350971318	-6.535743323031114	1106640.0	1150586.6666666667	1111920.0	1.2371080260504785	0.9952514569393481	53.43191497873349	-7.539048261746205
TTC	98.94000244140625	1.9264476691676964	5.94282373704886	7.11269838634635	635500.0	923276.6666666666	738865.0	0.8001935136813451	0.8601029958111428	89.65343615214141	5.770875826273973
SNA	367.3999938964844	-0.4902352591977384	-0.6355662213700135	-4.370235674595035	247280.0	275220.0	315998.3333333333	0.8135309933871085	0.7825357728680004	44.5561946690926	-0.8075141321449004
TU	7.880000114440918	-5.741621554409346	-9.216591735115868	-19.096506164124026	7861180.0	6467130.0	7457268.333333333	0.9100481975775963	1.0541634883729767	8.72327009450477	-9.388539645890754
TMO	676.760009765625	-0.27114145100341047	2.7324062986768243	9.431951519276314	2068360.0	2073096.6666666667	2084471.6666666667	1.0247471978312637	0.9922706233314117	78.9047104117686	2.5604583879019374
SO	83.79000091552734	1.748636876852861	-1.954128465756954	-5.609998778712399	8070580.0	6413603.333333333	5741883.333333333	1.0247437607876175	1.4055632153213378	80.48202772907973	-2.1260763765318407
TNET	63.900001525878906	0.8045466810869727	-4.140417018607664	-7.951594336883387	372180.0	331346.6666666667	366556.6666666667	1.1966319262806324	1.0153409659261414	56.901328699480075	-4.312364929382551
UCB	33.810001373291016	-0.5295683915479601	-2.2549834514485205	-4.464532476990013	949960.0	804753.3333333334	857120.0	1.2308119258074937	1.1083162217659137	43.587556102324164	-2.4269313622234074
UNFI	44.529998779296875	-2.666669334870219	-3.6772675314139045	2.0861986925610165	591000.0	676163.3333333334	580201.6666666666	1.2569448210245058	1.018611344905938	26.40755506666251	-3.8492154421887914
UNP	277.05999755859375	1.0798947060075093	2.7556253166299123	-4.1812196413944385	2543240.0	2452366.6666666665	2722976.6666666665	0.9138519253510216	0.9339925791994791	66.8863005672869	2.5836774058550254
TG	7.0	-0.42674550374113673	-0.14265661277205224	-8.616186169182326	160460.0	164396.66666666666	166295.0	0.9026947018390479	0.9649117532096575	53.493519428477335	-0.31460452354693913
TPB	57.61000061035156	-4.587612468967679	-6.034905692485134	-25.123474418623097	546700.0	395943.3333333333	370383.3333333333	1.9341151511579942	1.476038338658147	66.2419454818377	-6.206853603260021
TGT	152.99000549316406	-3.4336851821673933	-2.9928355968347713	-6.719096020220013	4459260.0	3816870.0	3985420.0	1.3242525944032677	1.1188933663202372	2.504893192607355	-3.164783507609658
TEVA	39.65999984741211	2.006169644723949	-0.9985060213842055	8.30147734624983	5477260.0	5077496.666666667	5293403.333333333	0.8168986160502977	1.034733167886319	70.73871399603627	-1.1704539321590923
TSN	51.709999084472656	1.4916551720368545	-0.5959272790524357	-0.09659822001915751	3313060.0	3518886.6666666665	3316421.6666666665	1.1267768404021727	0.9989863572836788	73.32539046549644	-0.7678751898273226
TXT	75.75	-2.09383829529927	-4.608995710014999	-4.560920525781287	1827380.0	1816710.0	1741218.3333333333	0.9053178548034634	1.0494835512682212	16.5246936463423	-4.780943620789886
UGP	7.769999980926514	8.976155066103807	2.2368431371995414	8.5195551189136	5772500.0	3794253.3333333335	3979033.3333333335	2.3279942650112977	1.4507292390949225	97.51654099932142	2.0648952264246545
VAC	101.93000030517578	-2.5152996507523446	-1.067648730616243	2.741660362668859	305000.0	455136.6666666667	473143.3333333333	0.7630675035337371	0.6446249550876056	24.825170108521235	-1.23959664139113
VG	13.449999809265137	4.344448805484108	-1.537335581938218	-7.113258049261758	10464200.0	13864236.666666666	14657073.333333334	0.7942377402193799	0.713935160316225	94.24507887786307	-1.7092834927131049
UTZ	14.279999732971191	0.21052444190309758	0.42193716466729275	0.42193716466729275	2090740.0	1846080.0	3589513.3333333335	0.844004593517074	0.5824577890781851	99.79424000919344	0.24998925389240587
VLRS	6.449999809265137	-4.585804868648297	-5.976680995182764	-2.8614467024232306	277760.0	346686.6666666667	454223.3333333333	0.6253485375843701	0.6115053534604857	29.45950440475451	-6.148628905957651
UMC	23.920000076293945	0.29349976396061217	-5.937869487852522	20.443098394600266	13547220.0	11833970.0	13199523.333333334	2.6870610623484765	1.0263416077903822	24.27020541949642	-6.109817398627409
VMI	476.8500061035156	1.9258741954840584	1.6412687428767652	0.36412085454358134	186360.0	181860.0	190916.66666666666	0.8226107995161113	0.9761326931470974	72.50888070720057	1.4693208321018782
UVV	42.130001068115234	0.6209747859163961	-2.7245446034630687	-8.393129961895331	346880.0	331746.6666666667	318373.3333333333	1.0722036895623166	1.0895384873104952	66.78730340011774	-2.8964925142379556
VSH	37.099998474121094	15.110142727438753	13.733904625782515	21.83907239593675	5073800.0	3805173.3333333335	4334465.0	1.1682779233885097	1.1705712238996047	68.815599444742	13.561956715007629
VICI	22.530000686645508	-2.8460536102308898	-6.320160493280818	-12.163738706767042	9757460.0	10176286.666666666	9559228.333333334	0.8772060273459278	1.0207372038572848	1.753160999767843	-6.492108404055705
VZ	45.849998474121094	-1.7780673213977223	-3.8380910640557113	-9.369443890433208	20746520.0	20769236.666666668	21815543.333333332	1.0838578403860453	0.9509971712829217	16.12263784846469	-4.010038974830598
WAL	76.0199966430664	-0.6923662802900904	-3.3439349418793416	-6.148152292510609	1299960.0	1129320.0	1056278.3333333333	1.4115573973718698	1.2306983481310956	49.097212784694506	-3.5158828526542285
WD	33.060001373291016	-10.745138887315452	-13.861384957708845	-20.71942261767815	562680.0	494543.3333333333	437020.0	1.3984618806575764	1.2875383277653196	0.8740391091808846	-14.03333286848373
USB	57.27000045776367	-2.5688981845726837	-5.244868036023517	-9.853610013877741	8520940.0	7647550.0	7513650.0	0.8253885231217841	1.134061341691455	16.627963306684606	-5.416815946798404
WEC	101.30000305175781	-0.14785007491020324	-2.1066875091376893	-5.060912887470646	3046200.0	2615833.3333333335	2458686.6666666665	1.056986301369863	1.2389541299826738	34.75540188434927	-2.2786354199125762
WEX	172.47999572753906	-2.586694845931558	-7.917357335085977	-11.548720139723558	652920.0	564180.0	657293.3333333334	1.0436385550710765	0.9933464511025011	80.5434646550301	-8.089305245860864
VNT	31.889999389648438	3.0038770435306748	2.080664607210425	-3.422171570108347	1354000.0	1285123.3333333333	1420821.6666666667	1.188290618021098	0.952969701804003	86.09357056995391	1.9087166964355382
VPG	78.05999755859375	10.129797662808949	20.184759393905363	24.37858452238208	323620.0	341750.0	489540.0	0.8728602779809802	0.6610695755198758	72.97995524248698	20.012811483130477
VSXY	89.41000366210938	1.2685499320060138	9.530817922899839	21.41499783156941	1586360.0	1962303.3333333333	1790068.3333333333	1.3342993183180991	0.8862008061144779	43.36205857908496	9.358870012124953
TOL	135.3800048828125	-0.8277706171666805	-0.08855728205719557	-4.527502137360305	1201480.0	1047470.0	980613.3333333334	1.0253276943492415	1.225233187392924	27.969452559061338	-0.26050519283208246
UEC	9.350000381469727	1.5200905835275285	-7.242059005571237	-18.76628848357501	12222920.0	9456010.0	8715501.666666666	1.122640521742257	1.4024344745119854	53.78081757181382	-7.414006916346124
WSO	292.1499938964844	-6.726903531735913	-8.0392862062546	-7.365720916568515	524560.0	509406.6666666667	506053.3333333333	1.4693565062621874	1.0365705854455394	2.9684911595493872	-8.211234117029486
VTOL	40.43000030517578	-4.103414488846399	-3.646327008293603	-7.482838445478593	195120.0	290920.0	243698.33333333334	0.8706860992712774	0.8006620206676287	41.49250831692683	-3.81827491906849
VEEV	283.45001220703125	1.2466141086138471	8.472700951088957	-0.32702463598468606	1244060.0	1775563.3333333333	1699041.6666666667	0.7459041168155084	0.7322127670010055	67.79851652197408	8.30075304031407
USPH	83.95999908447266	-2.474151869002342	1.8314156362896767	6.765004750908609	192620.0	174003.33333333334	204833.33333333334	1.401697285492615	0.9403742880390561	50.95695133049975	1.6594677255147898
WHK	25.65999984741211	-0.23327942280009908	-2.507598233528465	-8.813076034211354	314640.0	268130.0	188770.0	0.6425987394174467	1.6667902738782645	81.77459889320718	-2.6795461443033517
XPO	182.86000061035156	3.5095645985045247	4.887004962388668	-1.0497848535548477	1076480.0	1070733.3333333333	1017010.0	1.2844467965880084	1.0584753345591489	55.187065584893425	4.7150570516137815
WOLF	33.529998779296875	21.573599971175383	21.00324751755573	24.925479093426684	3996800.0	2659026.6666666665	3583601.6666666665	1.2410932321099952	1.1153025285083304	62.012259181406094	20.831299606780846
XOM	164.0	0.9106544970660256	3.6007560570788586	1.103503613861689	11542640.0	13946403.333333334	14197380.0	0.8936139090580343	0.8130119782664126	84.4722323092002	3.4288081463039717
WPM	136.27000427246094	0.47928711006940594	-7.71366592656478	-12.998786934587992	1845820.0	1990006.6666666667	2024231.6666666667	0.5147721448169352	0.911862031602114	70.61671412270366	-7.885613837339667
XYL	102.41999816894531	1.4963774175373696	-4.494591375269534	-5.069979842105687	2378500.0	2521613.3333333335	2189690.0	0.7083560260362413	1.0862268174947138	85.07354228233191	-4.666539286044421
VIRT	62.880001068115234	20.992879721284147	8.526065858636429	-2.0408183883258264	1995780.0	1207893.3333333333	1326166.6666666667	1.779792917696927	1.5049239663189644	99.02108416993767	8.354117947861543
WTM	2019.43994140625	0.22183808037423014	-1.818808103353196	-4.3929893960650945	15880.0	19676.666666666668	19773.333333333332	1.0367609689988142	0.8031018206338504	60.48424387678188	-1.990756014128083
YUMC	40.25	-2.0681228848616655	-2.941888557490715	-7.873652402923198	1280660.0	1459080.0	1504903.3333333333	0.8144173040546098	0.8509915365549504	37.20865736286053	-3.113836468265602
WGO	25.0	-7.4416890479421	-8.12201087406059	-16.80532234700493	666960.0	579710.0	536103.3333333334	1.552845388211347	1.2440885152737966	0.4762176682871484	-8.293958784835477
WTTR	20.059999465942383	-0.594652316247094	-2.62136361906619	-0.5453674265517113	1975060.0	1724483.3333333333	1727460.0	1.2801515429742243	1.14333182823336	71.49740449050229	-2.793311529841077
ZIM	28.93000030517578	1.9020814622639228	-5.022977102047288	4.8568327117685826	1817960.0	1523656.6666666667	1610111.6666666667	1.0741921298980304	1.1290893902803842	20.251131988153134	-5.194925012822175
YPF	51.2400016784668	-0.25306065042037784	-3.647985362121505	-2.232394910039452	1041500.0	1232293.3333333333	1196733.3333333333	0.9559412261149943	0.8702857779510891	83.32491434878108	-3.819933272896392
WK	71.87999725341797	5.411342836044664	-1.3179559757518473	-8.537981164452049	3336700.0	1308606.6666666667	1051763.3333333333	6.978720369247698	3.172481768712226	89.87372923130363	-1.4899038865267342
WY	18.489999771118164	-6.237320411078136	-11.994290482203331	-19.748268071216952	8811260.0	6551993.333333333	5876443.333333333	1.1655536890045677	1.4994205678831811	7.2501414903590415	-12.166238392978217
OFIX	9.5	-3.4552860499547005	6.145253658726307	2.040811727386831	500180.0	385506.6666666667	367618.3333333333	1.6461453325493722	1.3605959078936034	72.99085619436696	5.97330574795142
WMK	74.01000213623047	1.5365657236390233	1.3280410850828939	3.5684342071477797	182480.0	199723.33333333334	178568.33333333334	0.9723450773570105	1.0219057130323592	85.31814257836564	1.156093174308007
WRBY	26.649999618530273	8.069747702480218	14.623654273248487	14.42678647883965	3855100.0	3083560.0	2900790.0	0.9841546783587801	1.328982794342231	24.788756974324826	14.451706362473601
WLY	47.5	-0.1051508682708398	-1.247398114667107	-6.953965308746507	481488.6	550426.3666666667	493400.0333333333	0.7240532505982786	0.9758584667032518	29.948324188742717	-1.4193460254419938
YALA	5.429999828338623	-0.7312607566229153	-2.513471077344611	-0.9124122365115777	363280.0	303733.3333333333	302510.0	0.9442493415276559	1.2008859211265743	78.32881479901623	-2.685418988119498
ORIC	12.489999771118164	-5.877925092226843	-1.4206811688388914	-1.9623234261491511	1467360.0	1392730.0	1465945.0	1.0020607009255205	1.0009652476730027	43.74171274249588	-1.5926290796137783
ZTS	71.41000366210938	-0.027994740278556744	0.11215733772749939	-6.396640706324518	4443040.0	4538416.666666667	5505756.666666667	0.8029452268595876	0.8069808146261458	86.1548780578736	-0.059790573047387496
OBIO	6.03000020980835	2.376915899767046	-3.519996643066406	27.21520044263367	320720.0	342456.6666666667	305533.3333333333	0.8316380661300212	1.049705433122409	41.20509000074784	-3.6919445538412927
YEXT	6.619999885559082	2.9548998801381154	3.1152617895386383	2.7950283655170027	977320.0	1142013.3333333333	1004551.6666666666	0.7198690032807556	0.9728917211824181	72.40636806450277	2.9433138787637514
ONEW	9.670000076293945	-0.9221326893165614	1.0449360988361385	-18.25866324042573	100580.0	102370.0	109040.0	0.6671876526326073	0.9224137931034483	38.92803688589053	0.8729881880612516
OLED	79.80000305175781	5.737381424431288	2.33393128555488	-3.436588043158148	555960.0	756853.3333333334	740816.6666666666	0.9716545697977591	0.7504690769196157	73.04622569470463	2.161983374779993
OPRT	8.380000114440918	1.2077341146705867	0.72115891607574	13.090422226763938	804940.0	567506.6666666666	534250.0	1.488793083194324	1.5066729059429107	83.00405513309656	0.5492110053008531
ODD	19.59000015258789	11.306816636284553	7.107704603540556	38.641188916671204	830900.0	1517493.3333333333	1140896.6666666667	0.7762801813517028	0.7282868153411497	94.95225773443084	6.935756692765669
ONB	24.860000610351562	-1.3883319588720844	-1.5445520382116336	-4.31100443271354	6047940.0	4270950.0	4269641.666666667	1.0452943724464112	1.4164982619540671	35.80219459232339	-1.7164999489865205
AXICY	12.039999961853027	17.463414261980756	11.378348700193126	11.792009750323293	37324.4	38190.73333333333	63470.36666666667	0.427381162271476	0.5880602548906025	98.54542107568906	11.20640078941824
OSW	22.920000076293945	0.6145714900285776	1.6858879562193272	2.9187229688792997	884360.0	1006396.6666666666	933738.3333333334	1.1405045724184302	0.9471175900457479	40.52917269571407	1.5139400454444403
ASAIY	12.920000076293945	32.92180783286446	29.45892453817507	45.659529233236164	24873.0	26342.166666666668	28951.083333333332	2.637026820117302	0.8591388347586303	99.52635442930139	29.286976627400183
GLFE	7.349999904632568	-2.0000012715657554	0.2728510386723396	-1.3422806334599393	941.2	1416.8666666666666	1731.7666666666667	0.004234696278172493	0.5434912324601082	15.420065463446718	0.10090312789745273
IVCBF	6.0	0.0	0.0	0.0	0.0	0.0	0.0	None	None	100.0	-0.1719479107748869
PAA	23.90999984741211	-2.5275206762262177	-4.321728425761129	-6.345479027271648	2483700.0	2640910.0	2577098.3333333335	0.6522372969923246	0.9637583354405698	71.99045368097487	-4.493676336536016
OMDA	20.950000762939453	8.045391554389832	1.6496853106211091	-6.011664861146052	1361420.0	1357256.6666666667	1406431.6666666667	0.5504485764176267	0.9679958381672767	84.3909391205751	1.4777373998462222
PAYP	15.260000228881836	-4.624998569488525	-13.882613881472917	-9.864146758363605	709860.0	745496.6666666666	806456.6666666666	0.49926447245460526	0.8802208839491273	53.37374409722213	-14.054561792247803
PAGP	26.18000030517578	-1.5789476325967597	-4.207828839153283	-5.4190750847626274	1996400.0	1778006.6666666667	1665233.3333333333	0.9253058668696404	1.198871029085013	75.70898715935427	-4.37977674992817
PATK	66.58999633789062	-3.492758930593297	-3.6463670238826213	-18.384606781792385	500680.0	540776.6666666666	534825.0	1.0477523068672836	0.9361566867666994	24.20120073311398	-3.8183149346575083
PESI	15.489999771118164	-0.9590829214312017	-10.668975577797934	-15.72361001962037	286420.0	325320.0	442031.6666666667	0.5225624000983646	0.6479626271119339	41.254889073185616	-10.84092348857282
PCYO	10.859999656677246	-0.6404450735960832	-2.425880098719429	-2.338131578755532	93320.0	87686.66666666667	80196.66666666667	1.182619934615677	1.1636393865081673	17.674106802231947	-2.597828009494316
PDLB	20.280000686645508	0.34637112985637786	-1.073167382217035	-1.073167382217035	103420.0	81550.0	77108.33333333333	1.1722869405272838	1.3412298713930617	64.0597891258947	-1.2451152929919218
PFG	111.02999877929688	-3.148988685948591	-4.670732707470139	-6.311706372543245	1210600.0	1378533.3333333333	1394723.3333333333	1.0176032498307381	0.8679857653967215	5.744281574370532	-4.8426806182450255
PGC	44.34000015258789	0.4986428513807917	-1.8374984503055642	-3.4828004395952967	150120.0	128106.66666666667	163448.33333333334	0.8368026644462947	0.9184553732576043	55.53500857486677	-2.009446361080451
PI	185.19000244140625	4.69809889710221	0.6221327848366046	5.756382728525222	385960.0	391313.3333333333	420526.6666666667	1.385845954648449	0.9178014870242077	49.34625541211682	0.4501848740617177
OTTR	88.41999816894531	-0.10168790544895293	0.3290603932432286	-0.9521659080146421	255540.0	246486.66666666666	245055.0	1.7343737321829444	1.0427863132766113	37.24168562558081	0.15711248246834172
PECO	37.36000061035156	-0.611863637410743	0.9729746225717906	-4.645226341623566	1554800.0	1064080.0	955745.0	1.5168032478760995	1.6267937577491904	30.1316661631044	0.8010267117969037
PKOH	47.7599983215332	0.6745356325623019	4.439096434763712	6.298682388460647	87020.0	72433.33333333333	83990.0	0.8352508053382421	1.036075723300393	85.15389598904694	4.267148523988825
PNTG	40.29999923706055	-1.46699820643947	3.4394255238110154	4.566679501100165	293480.0	348156.6666666667	304906.6666666667	0.8728828975461238	0.962524051075739	83.07913008785113	3.2674776130361285
PLTR	189.39999389648438	1.0241082849903664	3.4463912200580946	3.76376221066776	17238380.0	25341290.0	33882728.333333336	0.697774264846028	0.5087659951823045	64.71681580748884	3.2744433092832077
POWI	54.36000061035156	4.861111979834497	9.796005762959128	7.558368867481767	929440.0	832790.0	751201.6666666666	0.8453511689621633	1.2372709503218178	86.97761939482915	9.624057852184242
OSBC	24.8700008392334	0.08048473825612461	0.16109913673077986	-3.154203490329119	603140.0	473213.3333333333	457023.3333333333	1.2288326618015835	1.3197138001706696	63.073784181302614	-0.010848774044107029
PPC	27.989999771118164	-0.4268973199139949	-5.0542733862102835	-8.25958845905924	1846980.0	1436446.6666666667	1568121.6666666667	1.3676804336626953	1.177829526407921	75.18962289628978	-5.2262212969851705
PR	22.229999542236328	4.366198772240536	1.1834330314420831	-6.360573898230978	8430680.0	10234566.666666666	9587505.0	0.8303136104117745	0.8793403497573143	93.5532297868901	1.0114851206671962
PRCH	17.350000381469727	3.089723470712679	4.266833040047904	-3.9313350247411427	1330040.0	1398306.6666666667	1561190.0	0.6334804954564092	0.8519398663839763	95.00307880743647	4.094885129273017
PRVA	20.450000762939453	2.9189728193712123	4.657112613996776	-1.064341134699876	1274920.0	1230140.0	1236316.6666666667	1.0923959874485831	1.0312244705374836	95.66735829294063	4.485164703221889
ABBNY	98.38999938964844	2.1809102234440383	-1.933621455198429	2.8001257243879403	157324.4	186794.06666666668	267322.0333333333	0.047228480847535836	0.5885201381953676	64.10528043151629	-2.1055693659733157
CAJPY	29.420000076293945	0.822480358492643	1.7993095661850973	-1.5724299864564844	41088.8	47204.8	49255.73333333333	0.16193268481171405	0.8341932445089304	56.92907060312628	1.6273616554102104
PBLS	29.530000686645508	-9.333739750270261	-20.03790836008511	-27.533740646268694	668100.0	942986.6666666666	669363.3333333334	0.6071135682370907	0.9981126343938768	6.377902559619045	-20.209856270859994
PENN	15.100000381469727	-0.9186311794686183	-6.385609627322031	-12.209304001861216	4132860.0	3077773.3333333335	2842270.0	0.9502324191081863	1.4540701622294856	84.03088014477018	-6.557557538096918
PLXS	273.17999267578125	3.1023556332265207	8.250115713692733	12.851648039938732	214220.0	218806.66666666666	259598.33333333334	1.083605008988148	0.8251979018868894	85.7143824107018	8.078167802917847
PHAT	6.699999809265137	-8.843538827228402	-10.067114351697944	-25.96685449659538	1062900.0	1203966.6666666667	1351983.3333333333	0.917550319776295	0.7861783306007224	1.8771186753386075	-10.23906226247283
RBC	512.5800170898438	1.662039801651484	4.0644834396785265	4.441912540195085	242380.0	303516.6666666667	272210.0	0.9887430673768601	0.8904154880423203	62.71652794522097	3.8925355289036396
QUIK	11.649999618530273	6.7827660996136006	8.472996897628121	9.802073473192987	198700.0	222396.66666666666	262010.0	0.8340952352403364	0.7583680012213274	49.60457364793302	8.301048986853235
RELL	18.780000686645508	9.760374147991522	13.200726425044648	10.600713739313287	158420.0	125526.66666666667	224450.0	2.2632641138669074	0.7058142125194921	68.88074691800662	13.028778514269762
PSNY	6.099999904632568	-8.132529709504908	-21.89500705090136	-29.804370550228406	231600.0	294830.0	222185.0	1.018213885968185	1.0423745977451222	0.292676007802541	-22.066954961676245
PSKY	9.779999732971191	-4.863813355912285	-1.3118074313075405	-11.413045590901879	32865580.0	22077006.666666668	16814721.666666668	1.4345377739917036	1.9545717527488065	60.539618621367865	-1.4837553420824274
PUBM	18.600000381469727	1.0320507095730669	4.026852653790925	9.669819490135094	770440.0	693220.0	691521.6666666666	0.9323158593231586	1.1141227197026846	45.203600308197544	3.8549047430160384
RDNT	70.56999969482422	-1.7267760840094004	-2.8897736714385993	-5.427503219896789	661300.0	724970.0	731203.3333333334	0.9399009614190932	0.9043995970113192	74.07908242914333	-3.0617215822134862
PRGS	37.220001220703125	-5.55696177413914	-7.894082253784701	-16.565790828376763	1080920.0	605313.3333333334	556143.3333333334	1.3837461590140643	1.9435996715475026	38.891684024379614	-8.066030164559587
RGC	7.239999771118164	16.77419344914939	22.297291854944852	11.728391200735565	182040.0	162566.66666666666	196031.66666666666	1.8896862825507486	0.9286254771763066	99.84647832157415	22.125343944169966
RGLD	233.63999938964844	-2.7796303807357288	-6.585103026872514	-11.784030958892586	591760.0	667663.3333333334	696258.3333333334	1.0502299062900962	0.8499144235257506	29.70086570862584	-6.757050937647401
ROIV	35.779998779296875	-3.2449993991181216	-8.23288730695984	3.9813976691656388	5141660.0	8998176.666666666	7105800.0	0.6890840477681961	0.7235863660671564	40.57496452216608	-8.404835217734727
PYPL	54.40999984741211	0.23950086779445273	3.4017501935803036	-4.241464027377737	9151100.0	12826986.666666666	14372655.0	0.6453269357105437	0.636702126364266	83.58356332162236	3.2298022828054167
RUSHA	47.15999984741211	-0.7784534849303001	-1.9338746147326322	-5.887049944138399	781960.0	628631.6666666666	680028.3333333334	1.0414683744322988	1.1498932642512443	77.24201150020141	-2.105822525507519
RWAY	6.440000057220459	-3.736920745317142	-3.736920745317142	-2.424240147334014	304300.0	343393.3333333333	491118.3333333333	1.1764934283329127	0.6196062727584323	1.732043295536144	-3.9088686560920287
RGTI	15.149999618530273	-5.015675237000028	-8.34846346515962	-0.19763297788129003	13219880.0	16053826.666666666	18403925.0	0.7696856491951659	0.7183185108611343	2.0602068137405922	-8.520411375934506
PTCT	63.650001525878906	-3.4874837434311434	-2.467055711997497	-10.85434150472814	1016220.0	1104000.0	1141570.0	0.9456521739130435	0.8901950822113405	33.432467759121465	-2.639003622772384
RIGL	47.790000915527344	-3.180712470443052	1.4865167990469494	-1.463915638087951	249340.0	251620.0	289743.3333333333	1.5563150782926636	0.8605547438537556	64.79685334415251	1.3145688882720625
RIVN	14.600000381469727	-1.2846489578996314	-4.947912058560075	-8.23381193278556	33601840.0	23165893.333333332	23947333.333333332	1.1267512814816265	1.4031558141477132	51.24760873790141	-5.119859969334962
RNW	6.880000114440918	0.5847947508874469	0.5847947508874469	0.7320672224507503	1141540.0	1871143.3333333333	2223286.6666666665	0.5082454043249849	0.5134470588588067	92.12113917643866	0.41284684011256
RPD	12.359999656677246	4.7457581092420975	-0.8821219566643365	7.759366773571864	1309080.0	1844913.3333333333	2147240.0	0.7752125664439522	0.6096570481175835	82.03505925161198	-1.0540698674392233
SAFT	103.88999938964844	0.3089694851473581	0.24121960775018106	0.766247262094422	143200.0	126400.0	215468.33333333334	1.1629746835443038	0.664598819625467	76.31954911783008	0.06927169697529417
SAIC	126.9000015258789	-3.0779740130908833	-4.8368985994869576	0.31620673982522235	415680.0	497763.3333333333	450160.0	0.8180594526180448	0.9234050115514484	59.010810943852	-5.0088465102618445
SBLK	30.84000015258789	5.255975957772212	-2.8049145997110543	-3.231881579926194	1692060.0	1799893.3333333333	1597933.3333333333	0.68015141638023	1.058905252617965	95.10030997511357	-2.976862510485941
SBCF	32.4900016784668	-0.18432430107536965	-2.4031217033923418	-5.497380252850732	961080.0	809393.3333333334	898616.6666666666	1.033243005049049	1.0695105439842723	54.891461877646606	-2.5750696141672287
SDGR	32.599998474121094	10.508469403800317	7.804228574290316	57.41187791052573	3712080.0	2255083.3333333335	1663871.6666666667	2.045866745500905	2.2309893691721014	91.16410921098336	7.632280663515429
SGP	25.59000015258789	-1.5011524115479904	-8.476391307183283	-11.728180908499306	104760.0	128310.0	110918.33333333333	1.0373314628633779	0.9444786704933059	49.783576364062114	-8.648339217958169
SHBI	22.829999923706055	0.13158196337455494	-1.552395869171514	-2.017164501048223	236200.0	188020.0	200411.66666666666	1.2126369535155834	1.1785741016407894	52.394751765394126	-1.724343779946401
ROP	363.3800048828125	2.6497188934498586	-0.5528158312569993	-13.962353585535384	792000.0	818076.6666666666	812180.0	0.8705785521324407	0.9751532911423576	72.52785256212448	-0.7247637420318862
QCRH	100.02999877929688	0.050005421768986244	0.48216545738276295	-2.7229436953216224	127740.0	115913.33333333333	118956.66666666667	1.118939437510784	1.0738364110180176	51.13283074762564	0.31021754660787604
SHIP	17.670000076293945	7.612667443313007	-4.7439309809160255	-4.641125625922729	609860.0	448243.3333333333	366978.3333333333	1.4523361567006017	1.6618419797717396	73.26890965081614	-4.915878891690912
SIMO	282.45001220703125	1.5751446640937385	5.000004537929833	19.834542157017925	548140.0	729726.6666666666	950745.0	0.9928375007993862	0.5765373470278571	79.29590386362007	4.828056627154946
SEIC	103.26000213623047	-1.4882632733596346	-2.011762357603154	-7.356896658529148	653280.0	827556.6666666666	771515.0	1.0085109982397984	0.8467495771307103	55.361589590598726	-2.1837102683780407
SIRI	26.309999465942383	1.426364395787039	-4.1180796141483835	-11.622441849573303	4501820.0	4194350.0	4068043.3333333335	1.22419445206051	1.106630296465213	88.25364811117562	-4.29002752492327
SKHY	195.02000427246094	7.200970885757113	3.261677243567551	19.147124266286017	13903180.0	17541430.0	27799840.0	0.696528162185181	0.5001172668619676	82.0863116041417	3.0897293327926643
SLDE	24.139999389648438	5.599294598081771	-0.33030522697803755	-2.385766936955378	1317820.0	1359416.6666666667	1163976.6666666667	0.7878379206767608	1.1321704616071913	91.91861710846385	-0.5022531377529245
REG	71.33000183105469	-2.7273966317467284	-2.1804667825235384	-6.045833046092116	1202560.0	1271623.3333333333	1308996.6666666667	1.1935138025673222	0.9186883592777164	1.9590298795315846	-2.3524146932984253
RMR	17.440000534057617	-5.780657383000238	-7.529162409011585	-10.103088262952987	122760.0	94826.66666666667	127871.66666666667	1.4795416197975253	0.9600250250902598	0.20194945351764204	-7.701110319786472
SOUN	5.880000114440918	0.8576362159380408	-4.700161398169996	-12.759639256405677	16721840.0	20323576.666666668	27825091.666666668	0.6839150523538098	0.6009626203687259	38.72596060102162	-4.872109308944883
SCHL	37.40999984741211	11.405592041437743	7.161271873180273	-2.374738660384229	548900.0	449153.3333333333	402500.0	1.212503525151025	1.363726708074534	97.55678853142186	6.989323962405386
SCSC	61.0099983215332	5.590168934710444	6.493275172906528	5.444171583050561	342660.0	283193.3333333333	270795.0	0.9530591586430943	1.2653852545283333	50.24862131199548	6.321327262131641
SOFI	15.920000076293945	-0.06277607464066894	-6.1873852654446075	-13.992437172132597	42468900.0	43519070.0	56626798.333333336	1.103700056090353	0.7499788306943835	67.90771963757727	-6.3593331762194945
SHOO	45.68000030517578	1.737190986168027	6.654210488626805	7.990546404440344	1173620.0	1074553.3333333333	1035396.6666666666	0.963004783382863	1.1334979508658518	54.18950478254049	6.482262577851918
SPT	10.1899995803833	7.602949240257945	-1.3552792290101636	-10.378191003101831	767100.0	1177226.6666666667	1182623.3333333333	0.5586010057536356	0.648642706750811	65.5048846128019	-1.5272271397850505
SGHT	8.920000076293945	-3.7756242091293477	5.0647858276579045	6.443913537930233	473800.0	250023.33333333334	256981.66666666666	2.25938912368179	1.843711289391591	55.3603858481654	4.892837916883018
SRAD	12.079999923706055	-3.205125266043049	-3.668261878359677	-7.8565961856954525	2036200.0	2152723.3333333335	2425523.3333333335	0.7142116110291304	0.8394889350339514	74.91368834934457	-3.840209789134564
SKYW	96.05999755859375	-4.626691427354258	-4.131736043651712	-0.18703274020285915	287100.0	328243.3333333333	365680.0	0.9828074700679374	0.7851126668125137	14.20438469348558	-4.303683954426599
SRRK	43.400001525878906	-11.662933884923172	-9.883717476359134	-22.416870591131477	1600780.0	1944610.0	1503656.6666666667	1.7237389502265237	1.0645914293378143	9.38199306829081	-10.05566538713402
SMCI	43.189998626708984	3.3748202216578393	4.830091812909842	14.048058740094202	30058620.0	36748983.333333336	45204176.666666664	0.6005798799876096	0.6649522724780668	65.61731018098152	4.658143902134955
STOK	25.31999969482422	-0.7058835497089461	-9.732618953619673	-15.571857659003333	1177900.0	911150.0	860283.3333333334	1.018932118751029	1.369200069744464	11.172157777223788	-9.904566864394559
STAA	22.56999969482422	8.145657820937899	11.072834811966585	-4.283291909031927	868620.0	986446.6666666666	1026208.3333333334	0.4783836936614245	0.8464363149133135	81.59906656965973	10.900886901191699
STGW	8.529999732971191	3.771282918150498	2.1556807578226986	-4.157302263122827	1669080.0	1245726.6666666667	1323373.3333333333	2.299300542119994	1.2612313985471473	80.11642576507698	1.9837328470478117
STLD	241.0399932861328	4.6225938298964575	4.804551297468092	-2.028210184905291	1019860.0	1032423.3333333334	1124525.0	1.0303912800627648	0.9069251461728285	94.91005978876439	4.632603386693205
SYM	42.869998931884766	2.071426028297061	-2.4795272413299374	3.052885827757242	1328020.0	1578570.0	1611958.3333333333	0.8639464832094871	0.8238550417452891	44.78936192701208	-2.6514751521048243
SUPN	42.7599983215332	-4.125561021387793	-0.04675188951466492	-2.7518827964011883	738000.0	626693.3333333334	755256.6666666666	2.0558699629802986	0.9771512554231012	58.660820481377996	-0.2186998002895518
SWKS	83.91000366210938	-4.201384666789076	-5.442860398841783	17.35664847847465	10524100.0	7902976.666666667	6690498.333333333	3.7256594877963702	1.5729919470373284	32.14762161182169	-5.61480830961667
SLM	22.739999771118164	-0.6986893016480242	-9.29397667359003	-14.156285513028186	2646980.0	2052873.3333333333	2268895.0	1.294039898548701	1.1666383856458762	49.69539631440964	-9.465924584364917
TCMD	22.469999313354492	-1.5337440234458453	-1.6630243403557985	2.089954928165057	253240.0	279293.3333333333	301390.0	1.26318804602091	0.8402402203125519	74.3721200544907	-1.8349722511306854
SVC	6.380000114440918	-2.8919338242941484	-4.204200291085464	-16.162943462465552	1331680.0	1449956.6666666667	1581773.3333333333	0.8677500706917678	0.8418905363600347	33.0670745468435	-4.376148201860351
TECX	23.110000610351562	-1.701402018868878	-13.218169963748917	-22.760693344175642	442240.0	246296.66666666666	221443.33333333334	1.2692010989457159	1.9970797645748346	68.46022209495737	-13.390117874523803
TBBK	48.33000183105469	-1.6883604941693564	-3.8782756475426003	-28.653670866287705	539080.0	571713.3333333334	487520.0	1.088132747180988	1.105759763702002	23.43109639639458	-4.050223558317487
THFF	74.70999908447266	-0.3069166659200842	-1.6197041314064207	-5.069883123875585	99640.0	115450.0	105853.33333333333	0.7743611953226505	0.9413024310366546	57.57702190378048	-1.7916520421813076
SLP	18.5	0.10822758798213451	0.3798138560234338	0.43431011604072944	484200.0	229336.66666666666	289753.3333333333	2.7265592069882705	1.6710765478683018	76.90916377657027	0.20786594524854693
TTD	11.979999542236328	-2.9173468873585446	-13.688764816563701	-20.60967911798335	20643560.0	23497186.666666668	24222923.333333332	1.0571393227785	0.8522323963925632	26.757070105328282	-13.860712727338587
SMTC	192.8300018310547	10.327270384382151	8.716246907292767	42.415074241788034	3042200.0	3618460.0	2955525.0	0.5132293848764391	1.0293264310063357	72.55595749165384	8.544298996517881
TRMB	58.810001373291016	2.260481811335853	1.835500213490936	-2.1464178595371304	2601760.0	3240513.3333333335	2977846.6666666665	0.831411484188719	0.8737051605522559	95.37568591382292	1.663552302716049
SPFI	42.72999954223633	0.968808720152833	-3.062618495326996	-5.652464830075413	127280.0	118640.0	127293.33333333333	0.8428860418071477	0.9998952550539437	58.7398819887385	-3.234566406101883
TORO	5.269999980926514	0.5725231129532637	-10.677967868773123	-15.747403924747093	51780.0	34023.333333333336	31093.333333333332	1.0345841089448418	1.6653087478559176	42.07930523461637	-10.84991577954801
STRD	73.6500015258789	1.5161935600972272	-0.9681339170532913	-2.900457471983726	107500.0	104780.0	107531.66666666667	0.5430425653750716	0.9997055131046668	85.85763212987116	-1.1400818278281781
TVTX	57.66999816894531	-6.334256204660585	-8.256446692670853	-13.330331566785695	1977220.0	1545470.0	1536121.6666666667	1.7107417161122507	1.2871506488743838	52.51841190114554	-8.428394603445739
TXG	97.73999786376953	10.440675552281956	23.565107141875394	54.60296737824466	3337760.0	2987576.6666666665	3059778.3333333335	1.0367600050431063	1.090850263118189	94.28397349860764	23.39315923110051
TYRA	20.93000030517578	-2.4242444721126075	-18.40155705088055	-15.808528594884072	817300.0	1139743.3333333333	866628.3333333334	0.5390687376982537	0.9430801747000348	49.05176261283222	-18.573504961655438
UAL	110.0	-1.354140532062511	-3.8377475418062676	1.2332010792650954	4098960.0	3767360.0	3777266.6666666665	1.3096173447719357	1.0851656400571843	19.88127329943984	-4.009695452581155
TNDM	16.520000457763672	0.609015718666775	-6.242907656510559	-19.138520748927945	2095080.0	1931276.6666666667	2013115.0	0.9270033811830861	1.0407155080559234	69.79925720977994	-6.4148555672854455
TFIN	61.599998474121094	1.5998637455343412	-1.2345686563256177	-10.439081757205551	269720.0	220080.0	233115.0	1.069611050527081	1.1570255024344207	55.26891073632559	-1.4065165671005047
ULTA	542.719970703125	-1.167307217360202	-2.713945263325579	-2.5829755392656852	369920.0	604570.0	590183.3333333334	0.5059794564731959	0.6267882861257801	47.610594922838025	-2.885893174100466
TRVI	13.720000267028809	-4.722217843856225	-7.857622896688636	-19.57795605786131	2343160.0	1670463.3333333333	1866421.6666666667	1.0292354017548027	1.2554290607785128	0.9539841781162295	-8.029570807463523
UEIC	5.489999771118164	4.174569088954199	6.601935329216238	20.92510610677161	29540.0	59330.0	67591.66666666667	0.7584695769425248	0.43703612378251755	45.015215359150474	6.4299874184413515
ULBI	6.429999828338623	6.280985547499679	14.007091853803413	5.409834899430742	50300.0	41883.333333333336	41616.666666666664	0.5061679267807401	1.2086503804565478	34.384999330401826	13.835143943028527
TILE	34.86000061035156	-0.8814261436825269	1.8107444552921177	-4.204448488482528	524260.0	513726.6666666667	469838.3333333333	1.0875433109695167	1.1158306225900398	67.46308662502206	1.6387965445172308
VCYT	47.66999816894531	5.394646587229088	14.812133052449605	6.715916997922797	1307300.0	1434006.6666666667	1364090.0	0.8989497956773794	0.9583678496286901	84.10564516309093	14.640185141674719
UVSP	41.650001525878906	0.12019964805748456	-1.1862395774600722	-0.9512430878455398	237627.0	228954.5	238135.58333333334	0.7592556599673734	0.9978643118923498	60.79657356355857	-1.3581874882349592
VC	89.2699966430664	2.6681998576782244	-2.851238180416376	-12.711450500356852	568900.0	501360.0	470053.3333333333	0.9948938886229456	1.2102881942474613	85.99875428163169	-3.023186091191263
VERA	29.829999923706055	-8.215384850135218	-12.905109711807139	-14.74707489921688	1719360.0	2380310.0	2178035.0	1.140649747301822	0.7894088019705836	0.5645376834318654	-13.077057622582025
VIAV	46.90999984741211	14.778568811792239	29.58563220649778	39.48854700420365	6752200.0	5113006.666666667	5104473.333333333	0.939192986253359	1.3228005239848448	91.37544732750446	29.413684295722895
VITL	9.25	-4.34333064095395	-24.36630951575177	-8.415845043225994	2094460.0	1737486.6666666667	1610091.6666666667	1.0230294333193923	1.3008327683206442	65.15137258648215	-24.538257426526656
VRNS	48.150001525878906	0.4694883513829342	-0.6294506111860413	3.5261304311559485	1188540.0	1791083.3333333333	1772058.3333333333	0.6036570046061509	0.6707115548303056	89.90398131809584	-0.8013985219609282
VIR	11.779999732971191	12.083724799542383	8.272055230364499	2.8820954515564674	2242960.0	2212890.0	1874780.0	1.4222125817370046	1.1963857092565529	91.03805640291067	8.100107319589613
VSEC	168.1300048828125	-3.733174486989272	-6.667033722398291	-17.005625746302634	473120.0	379213.3333333333	395071.6666666667	1.0186878098519743	1.1975548740102007	64.79022469570145	-6.838981633173178
TRST	55.18000030517578	-0.3071331050258207	-2.058927661111883	-4.201385821273216	121680.0	144890.0	135053.33333333334	0.9055145282628201	0.900977391647744	48.58201997939569	-2.23087557188677
VNOM	40.869998931884766	0.8388851784559295	-2.037397564592003	-8.955225022102981	2023520.0	1755676.6666666667	1677431.6666666667	1.2528502780504382	1.2063203766869788	80.81067881000304	-2.2093454753668897
WDC	441.6400146484375	-2.557199668368881	-1.4570360764107237	0.015854184627025123	11056620.0	7226360.0	7610561.666666667	1.5605643781931706	1.4527994758161737	54.530010840457834	-1.6289839871856107
TSEM	249.57000732421875	10.409668526356954	6.735950520333696	21.056462403472395	1544360.0	1782326.6666666667	1902205.0	0.9306374813446094	0.811878845865719	90.4752480063039	6.564002609558809
TTMI	133.13999938964844	7.206696813187408	7.353655050346193	15.382615559310194	2089920.0	1978076.6666666667	2443306.6666666665	1.1649700129587157	0.8553654064437266	95.1869633379877	7.181707139571306
WSE	11.670000076293945	1.4782615329908289	0.25772965709919976	-11.59090723544767	1679380.0	1585480.0	1359570.0	1.0902061205439362	1.2352287855719088	96.0136210882581	0.08578174632431287
WT	24.450000762939453	1.6209530575806053	3.077577869801902	-1.6887819144395795	2509920.0	2873560.0	2620335.0	0.7538732443380337	0.957862258070056	78.53305370688439	2.905629959027015
WLTH	10.619999885559082	6.19999885559082	5.566594856700012	13.826366263683898	2262160.0	3101390.0	2015061.6666666667	0.7216441660029858	1.122625693010222	77.97785398804612	5.394646945925125
WSBC	37.75	-1.3071895424836601	-3.4526816542323138	-8.617771132761895	1103120.0	1012720.0	963675.0	1.0576467335492534	1.1447012737696838	40.25987374744904	-3.6246295650072007
XENE	37.56999969482422	2.314810582418651	-3.6419644075748008	-37.798015321693285	2502500.0	2008743.3333333333	1374736.6666666667	0.8439604860750419	1.8203486243426013	33.43200857796478	-3.8139123183496877
USLM	110.77999877929688	-0.4850888582534293	-3.291142882604302	-4.359840258937023	125420.0	143326.66666666666	150240.0	0.7486394716033304	0.8347976570820022	28.13257166332967	-3.463090793379189
UFPT	307.3299865722656	2.7103754155727766	9.10219883866581	7.263017714830626	116960.0	115956.66666666667	153826.66666666666	1.1633656250898323	0.7603363092658404	93.63995528507186	8.930250927890924
XNCR	25.6299991607666	0.11718272988225922	2.397117289897705	-3.719014452500321	1326280.0	1458663.3333333333	1310301.6666666667	0.8748420357450543	1.0121943928942572	90.13459293938266	2.225169379122818
VLY	12.760000228881836	-0.15649064559648337	-4.776114984088585	-8.201434682981496	8603620.0	7111070.0	6958391.666666667	0.8278641610896813	1.23643801788488	50.761476393020075	-4.9480628948634715
VRSN	292.260009765625	3.612579209704345	-5.165806765043558	-0.37156854106421716	891840.0	740390.0	775568.3333333334	1.5345966315050177	1.1499180171100332	93.52628022166871	-5.337754675818445
WBD	30.950000762939453	0.161816003321873	0.4870179532290856	9.09411296223201	136423140.0	53656716.666666664	38739905.0	8.118882910899941	3.521514572635116	76.28113213559686	0.3150700424541987
WING	106.83999633789062	4.9508773428723245	-0.4565410274895617	-3.1193348562604895	1240280.0	1266466.6666666667	1273535.0	0.8560035795125546	0.9738876434491396	70.9422633200678	-0.6284889382644486
WLDN	73.58000183105469	-4.7014600394523	-8.277236709807966	-15.49327886878519	195720.0	193786.66666666666	234015.0	0.8865419017476263	0.8363566438048843	8.178200076028432	-8.449184620582852
WAY	26.479999542236328	2.874902011259878	2.99494548884954	1.5337408730844513	2238320.0	2242583.3333333335	2457146.6666666665	1.5756828062873918	0.9109427737321338	84.59573267958476	2.822997578074653
ABTC	8.710000038146973	-1.470589504490684	-15.43689439945972	-6.745183127929179	953420.0	1691406.6666666667	1596881.6666666667	0.527253449791298	0.5970511277708951	73.44072734893794	-15.608842310234605
WWD	332.9599914550781	2.1537672458396226	2.398815261754678	-2.802430573311052	799120.0	728096.6666666666	669538.3333333334	1.0743078986764578	1.1935388314833852	58.01198451712819	2.226867350979791
AAL	12.829999923706055	-5.103554073190833	-5.453204036551379	-1.0794166572120314	57224820.0	67604096.66666667	76333955.0	0.6359954813389267	0.7496640256619744	4.509643361284844	-5.625151947326266
ACMR	76.16999816894531	0.28966587168272	4.672257362544294	9.723422901240552	1471300.0	1079686.6666666667	1042501.6666666666	1.9884472655647007	1.4113166885424644	15.668559661707278	4.500309451769407
ACGL	94.36000061035156	-0.5690209766541334	-1.4825623168124837	-5.479315957501607	3827680.0	3862046.6666666665	2799418.3333333335	0.6283973782467673	1.3673126143466707	64.74571578249825	-1.6545102275873707
ADEA	25.739999771118164	1.0204090798779355	3.706688507678731	3.042434919171328	1560217.8	972468.5666666667	1055359.75	1.2572889673863323	1.478375312304643	76.38978756157726	3.534740596903844
WULF	14.789999961853027	-2.1825391944693955	-15.243556932878603	-8.872456075158235	27915460.0	27712970.0	30907988.333333332	1.3191440686436713	0.9031794531219626	29.245901095147346	-15.415504843653489
Z	27.40999984741211	-0.10933194628867429	-10.570961864414954	-22.43916318884079	4232580.0	3902476.6666666665	3786733.3333333335	0.6268583284290404	1.1177391243111916	39.453264978650544	-10.74290977518984
AGEN	8.729999542236328	-7.4231255597653405	4.8019162328192655	5.946599329233614	1371420.0	1042500.0	4469870.0	0.9171223021582734	0.3068142921382501	52.83950746296877	4.629968322044379
ADP	260.260009765625	-0.588226928628264	-3.585979324380576	-8.207240543807682	2030680.0	2136383.3333333335	2283380.0	0.7994351825125016	0.8893307290069984	52.366828805740965	-3.757927235155463
AEP	119.7300033569336	1.2944216989797137	-0.2499337044190867	-3.9932609767448146	3951300.0	3874683.3333333335	3822518.3333333335	0.8022591093465702	1.0336902678905835	73.01129995892518	-0.4218816151939736
AGYS	99.5	2.4716802920635987	-0.7481296758104738	-12.833991528732138	296060.0	228166.66666666666	266245.0	1.6141709276844414	1.1119833236304908	63.18778803596635	-0.9200775865853608
ZD	55.97999954223633	0.5387917302735004	-2.59265990398141	-0.5860447931212698	560320.0	647683.3333333334	623266.6666666666	0.7057461207894804	0.8990052412022677	67.62709145758069	-2.764607814756297
AKTS	18.520000457763672	-4.289405205908384	-13.579093821614578	-30.506563891706968	279640.0	444676.6666666667	364185.0	0.6364174718709474	0.7678515040432747	7.443907512318489	-13.751041732389464
ALGN	140.64999389648438	-3.0000042093211206	-4.241565072998676	-12.016768823046824	941000.0	901576.6666666666	899133.3333333334	1.8635131787646086	1.0465633573070363	4.666663376818548	-4.413512983773563
ALKS	42.7599983215332	6.500614437018163	-3.2141285057352564	-8.788401562951739	2677680.0	2079810.0	1841355.0	1.5026372601343392	1.4541899850924997	95.67008546463137	-3.3860764165101433
WERN	34.150001525878906	1.8490986255712376	-2.48429160626094	-11.298697335379464	684080.0	841826.6666666666	1041625.0	0.9336838937548506	0.656743069722789	34.8694851172897	-2.656239517035827
WFRD	82.31999969482422	-0.5797141778286486	0.145988748220504	-14.632376403294714	897780.0	1019230.0	1091005.0	0.7873590847993093	0.822892654020834	86.66830088425621	-0.02595916255438288
AMAT	542.280029296875	11.406035503611502	16.8102793176221	24.4018317407593	6045040.0	6322736.666666667	7033198.333333333	0.7344920791155306	0.8595008577178851	99.41710922910708	16.638331406847215
AMGN	402.9800109863281	-3.6232735559674554	2.497712695276676	-9.263258710070911	3196380.0	2961046.6666666665	2783855.0	1.0482442019376033	1.148184801291734	9.515284826603022	2.3257647845017893
ABNB	164.07000732421875	5.119173115984882	-1.6602667672456606	-11.43319442687247	4288360.0	4932900.0	4832235.0	0.8435403109732612	0.8874485615869261	95.67593486589175	-1.8322146780205475
ACIW	51.220001220703125	4.530614736128827	3.286955158499171	-3.1941006077920906	839000.0	755786.6666666666	921963.3333333334	1.3329158139863102	0.9100144980458369	97.14289492569665	3.115007247724284
ADTN	7.150000095367432	5.147057276696113	-0.8321767331774035	0.0	1860360.0	1667413.3333333333	2011275.0	1.0687212128966224	0.9249655069545437	84.91094524371844	-1.0041246439522904
ANGO	15.539999961853027	0.0	0.7782093707221491	0.45248670727827334	789180.0	479193.3333333333	509700.0	1.3276478526412443	1.54832254267216	81.45306326979684	0.6062614599472622
AOSL	29.0	5.994149682247994	10.392080299448647	18.6094032518694	494920.0	564053.3333333334	596398.3333333334	0.8768674357034795	0.8298480601611339	45.48269886666227	10.220132388673761
AKAM	107.98999786376953	-0.9175153863659448	-8.023171369152998	1.3990590270136443	5316100.0	4892913.333333333	4180111.6666666665	0.7397842049113208	1.2717602839158604	45.58481211079098	-8.195119279927884
APLD	24.700000762939453	0.6930292357737106	-12.380275647393965	-4.670008072553157	19791720.0	16109760.0	17702818.333333332	1.4724738295294282	1.1179982547035119	41.63068301156065	-12.552223558168851
APEI	44.40999984741211	9.33038162281283	2.256503650356955	-2.1375081486824037	289420.0	259926.66666666666	306053.3333333333	0.7979173613070354	0.9456521739130436	96.02949801699698	2.084555739582068
APPF	204.25	3.20347441795558	-2.663932727528953	-8.641591757073698	327100.0	310536.6666666667	368125.0	1.6542329944934038	0.8885568760611205	73.29598599688063	-2.83588063830384
ALVO	6.110000133514404	-0.6504058737032841	3.9115648740995845	13.568773300097725	1431160.0	1274056.6666666667	1063033.3333333333	2.2751735270801663	1.3462983286820733	80.64528990342242	3.7396169633246976
APMD	21.75	0.3691736198633944	-17.04805274757506	-21.790721259681373	621560.0	545873.3333333334	None	0.623404697060368	None	41.15385289040208	-17.220000658349946
ARM	302.8999938964844	6.907142996396981	-6.19386818768774	24.860875744682886	4453100.0	5103813.333333333	5278646.666666667	0.5670074140642553	0.843606378907725	59.51591365400225	-6.365816098462627
ARCC	18.81999969482422	-1.62048865416657	-3.1893046409499695	-5.947029087685896	5503200.0	4544963.333333333	4451156.666666667	0.9359591459850428	1.2363527981865388	11.919397595484313	-3.3612525517248564
ARQT	25.149999618530273	-7.9765836489624276	-3.120182952652199	6.2975476784761595	2210880.0	2907753.3333333335	2235876.6666666665	0.7945309437068252	0.9888201943160253	5.844814419384704	-3.292130863427086
AMSF	23.280000686645508	-2.020200074126503	-5.2117215274041975	-11.516529231477676	492980.0	533543.3333333334	444688.3333333333	0.891399011639167	1.1085966575841508	6.441058049160532	-5.383669438179084
ASO	51.97999954223633	6.932727606605131	7.197355625828639	19.001829622416587	1473160.0	2125313.3333333335	1672855.0	1.250168602590363	0.880626234790224	96.66612407176211	7.025407715053752
ALNT	118.62999725341797	3.6884830488876066	8.48651020465546	31.50426610949505	214000.0	212173.33333333334	245243.33333333334	0.6626657449883743	0.8726027211069278	90.91267938829051	8.314562293880574
ASST	30.260000228881836	4.344828375454607	-0.23079358720837548	12.826251205071697	6833040.0	9974733.333333334	6750121.666666667	0.9584015612781628	1.012283976115986	87.27313344337549	-0.40274149798326236
ATLC	92.86000061035156	6.613090972604166	2.010328304509313	-3.980972506015909	92780.0	114943.33333333333	140900.0	0.7864744946785373	0.6584811923349894	94.00936039614875	1.8383803937344263
ARVN	7.460000038146973	-0.66578148083902	-10.1204835335494	-19.87110953906802	715340.0	782863.3333333334	797021.6666666666	0.8014170204250209	0.897516378684812	45.400979506781056	-10.292431444324286
ANAB	49.20000076293945	-3.14960334281626	-10.415144932106443	-14.375214850578185	731320.0	548936.6666666666	564395.0	1.0848246002878292	1.295759175754569	56.113729658027694	-10.58709284288133
ASTS	58.439998626708984	-4.196723562772156	-5.574407492265206	-5.939163653579814	12770000.0	10105566.666666666	12146630.0	0.8017957099552392	1.0513204073887161	52.075356365269954	-5.746355403040093
ALRS	32.400001525878906	1.060511971378587	-0.12329563046635617	-2.9067948368408087	197920.0	169340.0	187035.0	0.9779142553442778	1.0581976635389099	61.6004871107932	-0.2952435412412431
ATAT	32.130001068115234	-1.953003908173009	-2.842451271192795	-7.19236840147982	1159720.0	926940.0	923941.6666666666	0.8206572162167993	1.2551874667412266	8.34063148502426	-3.014399181967682
AMPH	25.3700008392334	-7.3749492348600105	3.635626281207707	6.4177880740467295	500220.0	486333.3333333333	470735.0	0.9345442083618918	1.0626360903693162	21.945656990418044	3.4636783704328202
ATRO	68.41000366210938	1.1234325485413872	-0.30603188001637954	-8.211452056118276	457300.0	602296.6666666666	604301.6666666666	0.4270320827499184	0.7567412522994862	74.00476121281426	-0.4779797907912664
AUR	5.75	8.695652957733477	-11.674350263615494	-9.018989812962893	27800300.0	32280026.666666668	29448163.333333332	0.9630165526505141	0.9440418978025682	85.1121098759994	-11.84629817439038
AVO	12.699999809265137	-3.0534393935621598	-0.7812529685906624	1.0342093683140372	922720.0	828193.3333333334	785526.6666666666	1.0624330872823575	1.174651401607414	5.081514417203877	-0.9532008793655493
AZTA	42.72999954223633	24.759122751054974	26.607406051070605	37.04297345739052	1686660.0	1010616.6666666666	834121.6666666666	2.3450038755215465	2.0220791131589517	98.31596266712445	26.43545814029572
BANR	67.4000015258789	-1.1295242243635213	-3.32759560270246	-5.230597689876924	291860.0	277253.3333333333	339613.3333333333	0.9150476098874676	0.8593891091829925	37.669937808678746	-3.499543513477347
AXSM	177.0800018310547	-8.669863124199493	-13.825491704050044	-15.008400939006883	1022400.0	669016.6666666666	690903.3333333334	1.2838245185720336	1.4798018053659219	0.4382503026887292	-13.99743961482493
AVIR	5.130000114440918	-1.3461480267652375	-5.524856784194297	-11.855670736578201	310040.0	271516.6666666667	299713.3333333333	1.0813332514885519	1.0344551460284273	39.496910003727784	-5.696804694969184
BHF	49.81999969482422	-4.26595154044422	-0.04012932925850597	-7.242598130620747	624740.0	993226.6666666666	943501.6666666666	0.5859689631101327	0.6621503936576689	9.353541858773738	-0.21207724003339284
BKKT	7.570000171661377	-5.374997854232788	-17.177244121312793	-9.66587030689535	1116720.0	1300703.3333333333	1280183.3333333333	0.7075402794898146	0.8723125593990445	10.2125907220356	-17.34919203208768
BCPC	166.0399932861328	-1.5650933746023832	-0.7768633203103842	-3.318977538555007	227580.0	211013.33333333334	196958.33333333334	1.2899658789334008	1.1554728157393694	54.72096133129401	-0.9488112310852711
BFC	151.22000122070312	0.10592060419391451	-0.2111601422770879	-2.3315898518755263	61724.0	69880.66666666667	78983.66666666667	0.8016523406569294	0.7814780271026499	52.0863061612445	-0.3831080530519748
BL	28.1299991607666	5.911143548166909	-1.5400788895959572	-15.347578849609892	871600.0	917706.6666666666	1009853.3333333334	1.0294139013192305	0.8630956310487331	91.14929980953401	-1.712026800370844
BLMN	8.279999732971191	4.677621905139906	-1.7793661539074173	-14.902362564056926	3736140.0	2381006.6666666665	2188105.0	1.1541336857519648	1.707477474801255	47.03898141909966	-1.9513140646823042
BNTX	97.63999938964844	-1.4533734505391476	-0.36734756158322707	-5.0933106567471675	906840.0	1043753.3333333334	1179631.6666666667	1.3759956056028564	0.7687484370121181	63.88119542408158	-0.5392954723581139
BMRC	27.420000076293945	-0.18201397273512065	-2.4199298788059833	0.2926112774673201	113460.0	156050.0	155586.66666666666	0.5504645946811919	0.7292398663124519	44.54492031030815	-2.5918777895808702
ARGX	912.8699951171875	-6.107483145570841	-7.6229524548985585	-13.345544304806614	302580.0	255956.66666666666	280621.6666666667	1.2584161381483845	1.078248887885825	2.333693208128466	-7.7949003656734455
AVAH	12.369999885559082	-2.521668285307801	-7.961307501720197	-9.310853561564466	3326240.0	3267960.0	3059466.6666666665	1.409197174996022	1.087196025451059	26.85262587570314	-8.133255412495084
BTDR	10.930000305175781	-0.9066131479268219	-16.81887351905596	-8.228375774910438	10278980.0	10421393.333333334	11868800.0	0.8403770705004896	0.8660504853060124	56.103214132899524	-16.990821429830845
BBNX	18.950000762939453	-7.651070466863537	-14.019963812301672	-4.8694744459808135	915200.0	1272110.0	1322258.3333333333	0.49099527556579226	0.6921491639934204	19.045349109062258	-14.191911723076558
BYND	8.0600004196167	-5.399061190516806	-32.38254724808157	-28.482696608372095	882940.0	1206170.0	1409585.0666666667	0.6883772602535297	0.6263829128723271	3.9179606745137647	-32.55449515885646
BIIB	223.58999633789062	-2.2300957842799978	2.0632623647939132	-0.4097804959490568	1240200.0	951873.3333333334	1052878.3333333333	0.9993976789628872	1.17791387735525	60.283239388272165	1.8913144540190263
BWB	20.43000030517578	-0.9694564407504729	-2.3422551115256462	-5.153205957161341	100420.0	101636.66666666667	143976.66666666666	1.403036961726411	0.6974741277521821	39.708340436856965	-2.514203022300533
BLFS	38.61000061035156	-1.3793126295803404	3.846154635390664	8.668736101531719	1976000.0	1119826.6666666667	1171355.0	3.9702573017252667	1.6869352160532034	73.89839720996224	3.674206724615777
CAMT	162.0500030517578	13.631584291568377	8.300473009188519	16.66667399029985	473920.0	377836.6666666667	448871.6666666667	1.7973374738643682	1.055802883526472	64.50359605260465	8.128525098413633
CART	45.66999816894531	5.3760913893727675	0.24143281900509583	-11.697608099313118	3265620.0	3770053.3333333335	4024768.3333333335	1.082106707597417	0.8113808620868861	96.91677100843194	0.06948490823020895
BLZE	13.880000114440918	2.5110794205745304	2.058821508216255	4.282491937296524	1363000.0	1792013.3333333333	2460763.3333333335	0.6756646155906578	0.55389316865092	31.172878748857116	1.886873597441368
CAC	56.97999954223633	-0.7317107534452232	-0.3671954703887369	-0.9732383809189296	95920.0	93856.66666666667	94666.66666666667	0.7532762723301488	1.0132394366197182	62.40697622363615	-0.5391433811636238
CAI	30.389999389648438	-4.28346648929626	-0.848287869878621	20.023695718529577	3842460.0	5259216.666666667	5009831.666666667	0.9428970727579835	0.7669838540815909	74.06930512778953	-1.0202357806535078
CASY	617.3300170898438	1.8293129839853188	5.465197793875443	-18.60314456364031	591260.0	670760.0	486878.3333333333	0.9043473075317551	1.2143896319066707	70.60885580961217	5.293249883100556
CAR	107.9800033569336	2.9067026044860955	-7.914035997130162	-22.041724323652026	421560.0	415846.6666666667	428815.0	0.9070651041249178	0.983081282137985	43.63109716325552	-8.085983907905048
CBRS	181.5500030517578	-7.720850877954277	-12.921483875297588	-4.668136565679616	12706580.0	7036970.0	6993751.666666667	2.194353535683682	1.8168474669413244	70.99122849748993	-13.093431786072474
BRKR	63.86000061035156	0.9165642260480653	3.7024987195552104	7.490322798129571	2101100.0	2192340.0	2234165.0	0.9195197825154857	0.9404408358379976	65.71660703823876	3.5305508087803235
CCOI	8.880000114440918	19.515482094250878	-4.4133460613096585	-11.022038860223446	2306060.0	2150040.0	1857720.0	1.1319324291641086	1.2413388454664858	96.91457743445407	-4.585293972084545
BPOP	158.82000732421875	-0.018884972076945408	-2.3127041853174184	-7.301695192399407	612680.0	537343.3333333334	491318.3333333333	1.0376978095941143	1.2470122900631295	84.46994318137655	-2.4846520960923053
CGBD	10.5600004196167	-5.714280362031807	-8.333333333333332	-8.729466740257026	580620.0	444396.6666666667	530315.0	1.0904672252267118	1.0948587160461236	9.346718196639841	-8.505281244108218
CHA	11.1899995803833	-2.2707443948728137	-8.428810672161662	-1.4964795900677839	748500.0	1190150.0	830205.0	0.5287568793849515	0.9015845483946736	52.701682741891354	-8.600758582936548
CGNT	8.770000457763672	2.8136076471937095	2.8136076471937095	3.4198223016750933	485760.0	648886.6666666666	568413.3333333334	0.5771423874739298	0.8545893833126128	87.95796102244307	2.6416597364188226
BSP	32.119998931884766	-4.29082950679581	-17.237830983459588	-22.955145142876386	2814980.0	2101936.6666666665	2255113.3333333335	0.8361812360347045	1.248265423467261	25.595034034435443	-17.409778894234474
CHEF	111.06999969482422	-0.617396589313919	0.33423916601824855	-2.7493209130717298	738160.0	673996.6666666666	687061.6666666666	1.2163264902398134	1.074372266438966	28.791015099861966	0.16229125524336166
CLBT	11.199999809265137	1.1743461429515627	-3.1141920180267535	-6.19765324224918	2726020.0	2688643.3333333335	3066281.6666666665	1.157051945652888	0.8890311772836699	68.05677881543488	-3.2861399288016404
CINF	162.13999938964844	0.13587032064660629	-2.822898736332707	-7.200092572780982	825720.0	629520.0	661930.0	0.9647032659804295	1.2474430831054644	68.51451861188289	-2.994846647107594
BULL	7.360000133514404	4.397162189966237	-10.787877169522373	-26.399998664855957	10206360.0	14532940.0	13301821.666666666	0.579889547469404	0.7672903949371346	84.70985379466582	-10.959825080297259
CDNA	69.8499984741211	8.126935176481718	28.566162562128376	40.09225354806625	1539880.0	1314040.0	1274463.3333333333	1.2452436759915984	1.2082575933922515	98.80353440275317	28.39421465135349
CENX	36.939998626708984	-1.2299542256746252	-5.524296500527326	-22.24794794411416	2142360.0	1684890.0	1902503.3333333333	1.106006920333078	1.1260742425330836	80.22558320880687	-5.696244411302213
CEG	267.6199951171875	2.7608196611814004	2.102174687558943	-6.114714408772618	3545680.0	2880343.3333333335	2803346.6666666665	1.2221112529409108	1.2648025455289156	84.44503880411048	1.930226776784056
CCAP	9.020000457763672	-5.0526267603824015	-8.146631995133347	-13.684204570354197	336520.0	289746.6666666667	261101.66666666666	1.0892273710367677	1.2888466178563907	2.015855847541957	-8.318579905908233
CEVA	36.65999984741211	5.678873735055024	13.674418131510416	38.653551841612156	758540.0	651093.3333333334	767795.0	0.8395109764089121	0.9879460012112609	66.27633827140488	13.50247022073553
COIN	188.22000122070312	-1.8614068462391526	-6.381497953895461	-2.324855110787758	8155340.0	9607083.333333334	9118748.333333334	0.8124213904671033	0.8943486213111485	60.54941494445972	-6.553445864670348
CORZ	16.600000381469727	0.4842610259641867	-9.58605757283869	-7.262565724944338	12770700.0	11382713.333333334	12018761.666666666	1.2936458618243922	1.0625637111532706	75.61106842998734	-9.758005483613577
CPRT	27.649999618530273	1.579721954529284	-4.3583543256041395	-17.6593266503052	8743040.0	9670226.666666666	10754563.333333334	1.1713272491372144	0.8129609477403236	87.18043084879989	-4.530302236379026
CRML	7.510000228881836	-1.8300635913766152	-19.50696366245285	2.0380447370427763	5995720.0	9787930.0	8055745.0	1.193153199910502	0.7442787724785231	76.70562863095978	-19.678911573227737
CHYM	28.290000915527344	5.9947558990418734	-5.447858143750721	-15.928678654678203	4572400.0	7075683.333333333	7713595.0	0.683721949116811	0.592771593530643	97.76764534093748	-5.619806054525608
CRSP	57.34000015258789	6.008504327660843	-1.6972426665341256	1.5046883499121957	1325740.0	1517576.6666666667	1569746.6666666667	1.1210636255609272	0.844556658823929	94.02908758940842	-1.8691905773090125
CSTL	36.650001525878906	2.0038998457770885	4.744211968511251	12.25114797262578	405080.0	351523.3333333333	404068.3333333333	1.0730439894933481	1.002503701931604	90.80578223786199	4.572264057736364
CRDO	212.47999572753906	10.281827864669975	13.461841661732365	29.426812509846368	8192540.0	8622813.333333334	6932225.0	0.8971665860020936	1.1818052645434907	56.21469634971542	13.289893750957479
CVBF	22.1200008392334	-0.31545603037179715	-1.3820751748757205	-1.6014177505944769	1582820.0	1318193.3333333333	1326760.0	1.3538226562618534	1.192996472609967	51.27154683754327	-1.5540230856506074
CVLT	153.72999572753906	3.8155009634119836	5.496839445330666	12.113478122688146	664620.0	555413.3333333334	604066.6666666666	0.9661273285961205	1.1002427988080787	87.97963524453311	5.324891534555779
CLSK	12.479999542236328	-6.446781113302514	-15.44715888407701	-0.7949155967901353	15655180.0	16990956.666666668	20712871.666666668	0.8729643828177617	0.7558189058446185	20.482933093991036	-15.619106794851897
CME	270.0299987792969	2.5793985704362052	-1.9961528778597977	-4.261652024071289	1740640.0	1838873.3333333333	2033158.3333333333	0.8509558389013563	0.8561261420040249	85.75635700818452	-2.1681007886346846
CNOB	30.520000457763672	-0.261437655910945	-3.1725887864119326	-4.803496099692337	366760.0	365176.6666666667	394496.6666666667	0.886694111525928	0.9296909986565158	48.06595503846475	-3.3445366971868196
DBX	34.369998931884766	7.675434992903909	-4.554288992198462	-3.725495245466147	4285360.0	4447420.0	4274140.0	0.9177905392339828	1.0026250894916873	85.21390534745512	-4.726236902973349
DDOG	276.4150085449219	2.8712303637508882	12.799430770273998	28.70879847974825	2625280.0	3488110.0	4125755.0	0.6731439088790204	0.6363150502150515	70.64948214338014	12.627482859499112
COLM	56.93000030517578	-2.998804502837819	0.35254850088717093	-1.4881477707685806	677860.0	664400.0	679581.6666666666	0.8740216736905478	0.9974665787040558	14.60240236094495	0.18060059011228405
COAG	30.59000015258789	-7.638885449544004	-19.436399343835923	-31.057018505795853	480720.0	535763.3333333334	461940.0	0.5496830068002663	1.0406546304714899	8.624581044402504	-19.60834725461081
DGII	74.55999755859375	-4.679114810778924	2.5020617930629987	6.08992437910753	368320.0	367773.3333333333	372706.6666666667	0.9217634049958308	0.9882302436232246	37.71498141627116	2.330113882288112
DIOD	103.52999877929688	7.429693710337461	14.107786783615396	15.09727881243699	453460.0	524230.0	567938.3333333334	0.8038456402723995	0.7984317546212469	90.34355904916839	13.93583887284051
DNLI	19.90999984741211	-5.100093985560516	-2.7357082790767016	-12.675436343659396	1786560.0	1605640.0	1582908.3333333333	1.069791485015321	1.1286566394137374	4.8195575569124856	-2.9076561898515885
CSCO	112.81999969482422	5.696085771722135	1.2201692279943883	3.876253623804329	15507820.0	16932683.333333332	19440570.0	1.0949711652317364	0.7977039767866889	99.46129768101143	1.0482213172195014
CRUS	121.3499984741211	1.5226300622530005	1.1418528745259688	7.265978449809231	639580.0	862556.6666666666	813513.3333333334	0.8931587103456006	0.7861948585149188	86.44335715775969	0.9699049637510819
DSGX	80.66999816894531	2.308179746409951	1.6122922145579113	-0.09907347499032507	396700.0	711080.0	588558.3333333334	0.5373516341339933	0.674019850765288	60.73908191202585	1.4403443037830244
CYTK	62.70000076293945	-5.229750162712743	-7.193601200827896	-15.212977213747065	2597520.0	2087200.0	1935058.3333333333	1.5495879647374473	1.3423471299314835	2.589456711504667	-7.365549111602783
EBAY	107.13999938964844	-0.16772298330938426	-1.0711021508974437	1.2091429925532324	3363620.0	4666903.333333333	4554066.666666667	0.5909271744075837	0.7385970048747639	84.3650235217412	-1.2430500616723306
CTAS	195.39999389648438	-2.582514651153184	-0.751732501839921	-2.8102507184836565	1731620.0	1962796.6666666667	2159901.6666666665	0.6847882018684224	0.8017124236365699	58.861517115362034	-0.9236804126148079
ELVN	45.470001220703125	-1.1736516420983074	-6.957228945146025	-23.77200325640201	989200.0	1290706.6666666667	1103308.3333333333	0.6364730431908102	0.8965762064095109	25.2508979570552	-7.129176855920912
DAKT	17.799999237060547	4.398827176307261	0.7927485326051855	-8.624231748739124	361280.0	687233.3333333334	554780.0	0.4096134258136489	0.651213093478496	59.893648362452694	0.6208006218302986
EFSC	59.81999969482422	-0.5486314591574992	-1.9022628011150826	-7.169463953361717	214720.0	274083.3333333333	249505.0	0.8012161751292186	0.860583956233342	53.09297631479289	-2.0742107118899695
ENTA	12.600000381469727	-0.1189012280664353	4.046248874353208	-10.128388230598171	409420.0	282823.3333333333	228260.0	0.773981401817389	1.793656356786121	25.42363860894325	3.874300963578321
DORM	123.44000244140625	-0.21824965246507272	2.5078926410744256	-4.797162613778947	288700.0	204013.33333333334	253261.66666666666	1.4028494869616364	1.1399277427166896	77.04329708835117	2.3359447302995386
DOCU	70.02999877929688	4.553591026429165	2.1292096995340364	6.154308751656679	2027260.0	3436003.3333333335	3202161.6666666665	0.707886391262717	0.6330910837835066	80.43612995215274	1.9572617887591495
EWTX	40.29999923706055	1.2817248298533848	-9.722222696970494	-3.933257439500676	1595680.0	1490783.3333333333	1341815.0	1.0959339049940189	1.1891952318315118	34.985740218748404	-9.89417060774538
ESLT	709.3699951171875	0.7241506019710957	-5.504270363244102	1.1622635912508787	97200.0	75373.33333333333	79553.33333333333	1.4899168583053246	1.2218218385988435	81.57248708000296	-5.676218274018989
DLTR	113.19000244140625	-2.4392296875913435	0.7656018840318466	-13.62178858308559	2188740.0	2827586.6666666665	2547485.0	0.7758559714055332	0.8591767959379545	49.754533755153	0.5936539732569597
EXPO	68.75	6.837609370959666	2.4284821017844394	-1.8558215490687129	726440.0	522590.0	510198.3333333333	1.2342371648902581	1.4238384419131123	67.18184471475429	2.2565341910095524
DRVN	11.649999618530273	-0.9353793215191253	-3.798514047796331	-14.212078910299978	991360.0	1124546.6666666667	941601.6666666666	0.7499911075277741	1.0528443556280875	30.423512368967778	-3.9704619585712178
ETON	55.619998931884766	-6.0155480820091585	0.5604728817516295	-7.1452462186416295	1000580.0	581533.3333333334	615635.0	0.6971225495815659	1.6252812137061734	68.34557377256897	0.38852497097674255
DYN	15.4399995803833	-5.507959386781583	-9.813090984201873	-38.116236039087575	3470860.0	3200476.6666666665	2781240.0	1.3677025193122274	1.2479541499475055	37.804764634967874	-9.985038894976759
FANG	184.0800018310547	-0.6208464735786849	-2.7421156676971674	-9.29338739699528	2047620.0	2890356.6666666665	2353023.3333333335	0.9814705682228376	0.8702081152333098	27.146691298348586	-2.9140635784720543
FELE	99.04000091552734	1.4962072730849385	4.022688654430735	-0.2316870507873909	299300.0	282166.6666666667	282211.6666666667	1.6468989958653277	1.0605514773190334	91.57438799211093	3.850740743655848
FFIV	458.5299987792969	5.273670986650486	1.8729154768868166	16.927197734531852	531180.0	523113.3333333333	590643.3333333334	0.7218321077650478	0.8993244654134193	93.56297135545347	1.7009675661119297
ECPG	97.91999816894531	1.4820192111463646	-1.459197481693331	1.021353410350364	193420.0	338633.3333333333	350025.0	0.5849985234767202	0.5525891007785159	90.71882143154704	-1.631145392468218
FIGR	27.940000534057617	-4.7391728375865645	-20.827430407449437	-22.838991327015325	4983840.0	4629196.666666667	4251055.0	0.9283468189945123	1.172377209892603	0.5343014700350608	-20.999378318224323
FIVN	34.369998931884766	-0.836702010398297	-7.133205915636126	0.791790234150827	2365620.0	2152676.6666666665	2620826.6666666665	1.04237670001533	0.902623599678473	36.23989886120285	-7.305153826411013
FLYW	18.170000076293945	5.028906806941691	6.102190226533987	-2.8342281551981983	1532940.0	1405060.0	1737295.0	0.8647317552275348	0.8823717330677864	99.22306635993161	5.9302423157591
FNKO	6.070000171661377	11.172163539424215	11.786378702677972	6.678385072399216	998000.0	1127460.0	1128515.0	0.6762102424919731	0.8843480148690979	97.42514835867843	11.614430791903086
ENLT	65.94000244140625	-4.087269176136363	-12.48838251263761	-14.872187941163636	158520.0	185786.66666666666	187195.0	0.8407492464475385	0.846817489783381	28.801652758710674	-12.660330423412496
ERAS	14.720000267028809	4.175514138778443	-2.127657550770317	-9.471094343022218	4300900.0	4625366.666666667	4249728.333333333	1.1861113713507396	1.0120411618468161	72.90668324160096	-2.299605461545204
FBNC	61.790000915527344	-2.029489116046273	-1.5298790190799303	-3.963312974050571	236520.0	221560.0	227016.66666666666	1.333724499007041	1.0418618309962557	40.383561558618105	-1.7018269298548172
FWDI	8.109999656677246	0.7453349629909216	-0.7343992540562675	21.40718360907918	2185720.0	2468666.6666666665	1724105.0	0.8940048609235756	1.267741813868645	65.80138336695359	-0.9063471648311544
DPZ	297.2699890136719	1.7107469764082104	0.44941088102104465	-14.33882083412369	696600.0	816020.0	865298.3333333334	0.7319673537413298	0.8050402654961005	51.19385450706485	0.27746297024615774
FLEX	116.76000213623047	3.2908715415554637	4.614283216302802	8.221339138716381	2415480.0	3067483.3333333335	3664931.6666666665	0.8490673679291927	0.6590791369916401	84.09989785758526	4.442335305527915
FCNCA	2091.070068359375	-0.3412358118996783	-1.4450430729456611	-5.099316373431913	64580.0	64820.0	66551.66666666667	1.0382597963591484	0.9703738949688211	86.34919617104528	-1.616990983720548
FWRD	15.069999694824219	-1.3097626518915229	3.289921433970572	-7.602696577075071	504500.0	537970.0	609528.3333333334	0.9771920367306727	0.8276891694944452	26.901083441324758	3.117973523195685
GBDC	12.380000114440918	-0.8807018310089081	-1.3545822606397186	-4.548960219281853	2085980.0	1405190.0	1231170.0	1.3640148307346338	1.6943070412696866	7.1471209916125815	-1.5265301714146056
FISN	5.380000114440918	-0.7380066658666594	-31.202046082590755	-24.649856932153885	354540.0	352243.3333333333	271988.3333333333	0.5592724726278236	1.3035117927852298	44.40737381710945	-31.37399399336564
GDYN	7.840000152587891	3.293807575415659	1.8181863219567416	-4.390239817694683	844020.0	916746.6666666666	1375236.6666666667	0.8259642794810635	0.6137270918217712	30.325893363345145	1.6462384111818547
GABC	49.279998779296875	-0.14184335762629507	0.20333158499506915	-1.0243063403347341	140880.0	129246.66666666667	142285.0	0.9717852168979213	0.9901254524370102	65.91184503980644	0.03138367422018226
GEN	22.280000686645508	6.858514527638487	-23.567749645930004	-28.886049342798763	15486120.0	10305040.0	7509705.0	1.1472056391823806	2.062147581030147	70.17168866794466	-23.73969755670489
GH	187.22000122070312	5.577172101464708	7.678154068226544	16.256836205931883	1716980.0	1814543.3333333333	1960081.6666666667	0.958037192094246	0.8759737051772503	92.38218686134604	7.506206157451657
FRBT	17.68000030517578	3.3918123436685232	-1.7777760823567708	-7.386065144797634	133760.0	148180.0	139918.33333333334	0.4960183560534485	0.9559862300627746	45.78222033248367	-1.9497239931316577
GILD	144.6300048828125	-4.979962878067534	-3.9386243171752593	-4.357886711211325	5259920.0	5681773.333333333	6064315.0	1.0802261265848925	0.867355999812015	2.827334543954791	-4.110572227950146
FSBW	44.43000030517578	-0.08995033602275058	2.1849143811895066	2.349690074519729	32460.0	28093.333333333332	24198.333333333332	1.1319411485524442	1.3414146979819548	80.35998208598495	2.0129664704146197
GLPI	37.90999984741211	-1.8638395050353904	-4.436597939928756	-10.505195228566642	3126900.0	4041420.0	3239280.0	0.9078244775351237	0.9653071052826554	62.38305050015024	-4.608545850703643
GLXY	22.649999618530273	-2.412750917844796	-13.118527488793685	-14.528303326300854	4728120.0	5073236.666666667	5793503.333333333	0.8738011433857806	0.8161072373595482	15.472678102529798	-13.290475399568571
GOSS	10.649999618530273	-7.552090318252365	-5.585107529740816	-24.3607977539886	348720.0	292311.76666666666	389672.51666666666	1.3372708340056558	0.8949052988982074	12.450406439281352	-5.757055440515703
GNTX	21.90999984741211	-1.9247999204958355	-0.9941225562471789	-4.071805161833185	2343600.0	2338686.6666666665	2355595.0	0.9638315521817089	0.9949078682880547	34.37044496083921	-1.1660704670220658
GFS	48.560001373291016	1.6324876808747775	-0.02058538520902766	9.050084672061098	2994920.0	3896596.6666666665	4072045.0	1.142792128857747	0.7354830312533384	37.311882847501735	-0.19253329598391455
GOOD	12.789999961853027	2.5661562788439634	1.507933131992003	-1.7665168035650718	803280.0	428453.3333333333	427351.6666666667	1.6428860397087197	1.8796697489577279	48.422369581172646	1.3359852212171162
GRPN	19.709999084472656	-0.15197916410010393	-10.612245957156018	4.506884658606855	821540.0	1073733.3333333333	1311240.0	0.621849000372532	0.6265367133400446	63.192986158559684	-10.784193867930904
GRAL	154.0800018310547	16.172808684727634	42.70630739004754	91.1188248348045	1254660.0	1177003.3333333333	922565.0	1.2488494793274447	1.359969216261185	90.11192803367183	42.53435947927265
FRSH	13.220000267028809	5.5067880986618345	6.184742727390622	-1.0478996500457742	4133200.0	4189030.0	7431506.666666667	0.8524885235961547	0.5561725482315834	74.68340280498575	6.0127948166157354
GPRE	15.149999618530273	2.3648609681405124	2.0201968306673908	1.2700506677728267	1222500.0	1612850.0	1512015.0	0.5693647890380382	0.808523724963046	60.985186600453495	1.8482489198925038
GRVY	68.16999816894531	2.0356243976192543	-2.068671783910472	-6.411310274209922	24280.0	26003.333333333332	34626.666666666664	0.5806947827201641	0.7011936850211783	57.993351118913935	-2.2406196946853587
HBNC	19.239999771118164	1.05041410700626	-0.6711464247947827	-2.186071700599598	831280.0	556970.0	582200.0	1.327001454297359	1.4278254895225009	50.12761504913079	-0.8430943355696696
HAFC	31.5	-0.3164568995649978	-2.234640575495958	-1.0678396700957806	236680.0	220960.0	242421.66666666666	1.0481535119478638	0.9763153733508418	55.877092560191	-2.406588486270845
HCKT	10.819999694824219	10.633946730559597	5.150629105306128	-2.346572478990331	212160.0	203946.66666666666	284786.6666666667	0.7472541841004184	0.7449786975045648	73.52204837877142	4.978681194531241
HDSN	5.21999979019165	2.352938976529794	0.5780295306443208	-0.5714325677780877	382360.0	460540.0	528020.0	0.6594432622573501	0.724139237150108	55.34807629380933	0.4060816198694339
GSBC	79.47000122070312	1.8976835459321555	1.1712261402957698	-0.5132649559490321	105620.0	89873.33333333333	101186.66666666667	0.9758178176693124	1.043813414152062	90.90188920030945	0.9992782295208829
HAPN	15.460000038146973	3.758392174186762	-4.5679054934699215	-12.05915753560574	1885400.0	1430243.3333333333	1436828.3333333333	0.7396643461602106	1.3121957273949452	85.49242730297841	-4.739853404244808
HFWA	27.8799991607666	-0.9943206255778433	-0.42857442583356586	-4.618543970618347	396300.0	402036.6666666667	411780.0	0.9178267322217708	0.9624071105930351	38.31706554882279	-0.6005223366084528
HLNE	87.33000183105469	2.7895512854533147	-1.1433037680608693	-15.541585549012035	712040.0	620130.0	663796.6666666666	0.9976940318965378	1.072677878265935	52.755317216892	-1.3152516788357562
HQY	91.55000305175781	3.5165089603112767	-3.1421854599975383	-7.319291169149503	900260.0	982216.6666666666	847181.6666666666	1.0363293910033429	1.0626528351848974	95.47881914013668	-3.314133370772425
FSV	128.27999877929688	-0.5735587262897147	-3.512597424701977	-10.23721538584737	151580.0	220796.66666666666	214066.66666666666	0.3374145141080028	0.7080971659919029	33.12129378421872	-3.684545335476864
HOPE	13.569999694824219	-0.5132012224090806	-1.8089725435640094	-3.0714307512555803	1061860.0	869593.3333333334	953450.0	1.2053910256901692	1.113702868530075	49.482574121076325	-1.9809204543388963
HON	214.13999938964844	1.238651221759933	3.709804252522914	3.135382340577516	1976860.0	2882093.3333333335	3049570.0	0.6052545140800436	0.6482422111969884	89.64842160282502	3.537856341748027
GLIBK	23.549999237060547	0.8997390021412317	-2.926632255246329	-10.011466685499638	288920.0	307400.0	380941.6666666667	0.7599219258295381	0.75843633102181	71.86794912488696	-3.098580166021216
IBOC	69.48999786376953	-0.05753044186627305	-0.9549683058264822	-2.865534002688098	404040.0	361870.0	333878.3333333333	1.1838505540663775	1.2101414187802944	53.424903906618525	-1.126916216601369
ICHR	63.33000183105469	6.580282367212965	12.807272033444308	19.897770157049685	793300.0	681903.3333333334	805430.0	1.0865176393525964	0.9849397216393727	98.68391787190546	12.635324122669422
GLBE	39.7599983215332	1.2219947992700022	0.17636608023743583	3.8391156198947667	1317920.0	1433466.6666666667	1469841.6666666667	0.6203841503115989	0.896640794643414	53.88366514430191	0.004418169462548943
IIIV	14.970000267028809	3.8861930988657827	1.4915272340936174	-9.492143661398817	481800.0	570093.3333333334	497366.6666666667	0.6681362116144725	0.9687018296360833	84.51925843917826	1.3195793233187305
IMNM	21.170000076293945	-2.3523995466000103	-15.55644063025434	-22.05449118104067	1141520.0	1239073.3333333333	1172796.6666666667	0.9815399680406326	0.973331552215644	55.6993270291042	-15.728388541029226
IMXI	11.779999732971191	1.1158808471902626	-3.993485790641836	-18.533888645267385	574660.0	537103.3333333334	612383.3333333334	1.2781525590978768	0.9383991508586669	88.0133200889374	-4.165433701416723
INMD	14.130000114440918	-0.5279817646459334	-2.5517233486833244	-4.78436678468065	483420.0	490936.6666666667	497485.0	1.0137763866350717	0.9717277907876619	61.3202058435333	-2.7236712594582113
HNST	5.150000095367432	-2.830190376778715	-3.3771075218602555	-11.965808900455066	1301980.0	2001463.3333333333	2224166.6666666665	0.5448513504286031	0.5853787935556388	56.92115453323928	-3.5490554326351424
INTC	116.19000244140625	0.1378985295119423	-4.59024174242392	26.74812344522058	92746400.0	101516756.66666667	107949246.66666667	0.7989715458140949	0.8591667182855746	13.431296238980053	-4.762189653198807
INTU	284.67999267578125	5.671863075530781	-6.392214505302545	-17.316293125469883	3539760.0	4006403.3333333335	3924656.6666666665	0.73609663197498	0.9019285763425591	83.1280196888862	-6.564162416077432
HSTM	31.540000915527344	8.236106987467789	8.459425716214989	6.052458501217747	185140.0	188576.66666666666	191650.0	1.0669400597458152	0.966031828854683	99.5610310627111	8.287477805440103
HSIC	84.2300033569336	-2.046743284752984	-1.1384901714231883	-7.296937275898083	1185020.0	1074493.3333333333	1192046.6666666667	1.7722771662923302	0.9941053761877331	22.803906816554658	-1.3104380821980752
HTLD	11.670000076293945	2.0104939191172444	0.25772965709919976	-5.582521031952798	618480.0	707443.3333333334	747313.3333333334	0.6455640734475788	0.8276046638179434	39.357383786153086	0.08578174632431287
IBCP	35.90999984741211	0.8991281074803544	0.0557271053324133	-2.972165695779271	203620.0	183786.66666666666	198773.33333333334	0.9886462565293094	1.0243828816742688	49.48181455334884	-0.1162208054424736
IEAG	10.180000305175781	-0.3913890490010355	0.0	-0.48875111728125065	233780.0	55080.0	62215.0	0.0	3.757614723137507	19.075774866485375	-0.1719479107748869
HWC	73.18000030517578	0.4805690859832637	-1.7849977089290332	-3.2010558436369685	893220.0	801503.3333333334	818405.0	1.0194592661290658	1.0914156194060398	84.51998420556765	-1.9569456197039201
IDCC	338.19000244140625	3.37775487503223	3.5169849418596724	0.678752866672681	188300.0	205773.33333333334	224088.33333333334	1.2178448778591329	0.8402936342067487	70.83705865267366	3.3450370310847855
IMTX	7.730000019073486	-9.058823305017807	-11.353213505034077	-18.287526554940257	998640.0	749620.0	593990.0	0.7391745150876444	1.6812404249229784	25.574941945651517	-11.525161415808963
IOSP	97.6500015258789	-0.2349772517295724	5.499140126989528	4.864689267272545	226420.0	209390.0	186288.33333333334	0.9236353216485983	1.2154276972077334	81.78207649566444	5.327192216214641
IRTC	109.08999633789062	-3.1172310690902667	-1.1686908385816237	-11.617924274349885	426700.0	507763.3333333333	572255.0	1.2334486539004392	0.7456466085923233	6.975420614697242	-1.3406387493565106
JOYY	80.5	-0.11167184759916889	1.2069387395308047	7.923319415833219	278460.0	405020.0	332408.3333333333	0.7132981087353711	0.8377046303492192	69.05242940019468	1.0349908287559177
JANX	16.540000915527344	-0.24124854259812406	-2.763076466962446	-16.464638621961754	692140.0	937043.3333333334	828865.0	0.569557437756347	0.8350455140463163	13.288603055946737	-2.935024377737333
KLIC	98.7300033569336	7.689793879025332	17.423883452471543	25.26009101648954	721780.0	719986.6666666666	845086.6666666666	1.003629696846238	0.8540899158271735	59.97265274300524	17.251935541696657
KDP	30.889999389648438	-1.811823621779909	0.881771858311284	-6.05231634373809	12431040.0	10115140.0	11248641.666666666	1.1559701595825664	1.1051147657087486	67.93147665513106	0.7098239475363971
KALU	155.75999450683594	2.764390697464647	3.193316541319636	-3.1162590237507315	276240.0	221263.33333333334	243158.33333333334	1.1637716747766613	1.1360498988998937	87.93680449961556	3.021368630544749
IMKTA	86.51000213623047	1.6688281342744804	4.103494253578494	4.695637192039244	101560.0	106586.66666666667	115246.66666666667	0.8547035276457342	0.8812402383293805	83.6189245382609	3.931546342803607
KARD	15.239999771118164	3.1123142520821943	-6.503064512618574	-26.518804535664064	560120.0	689900.0	462758.3333333333	0.5521090013045369	1.2103941942338514	83.85632738408603	-6.675012423393461
LASR	39.5	-0.12642032370431708	-1.716841627982623	-4.750424795549894	794500.0	1069943.3333333333	1153636.6666666667	0.5764791281781279	0.6886917024713153	33.219777370211446	-1.88878953875751
JBIO	14.069999694824219	-1.9512242453113453	-15.949821462366723	-29.118390808905097	869400.0	907906.6666666666	889486.6666666666	0.6686810685386163	0.9774176866057577	51.91846190476354	-16.12176937314161
LBTYA	8.989999771118164	-4.6659652154636415	-10.010010239350303	-15.66604221574511	4330700.0	2722640.0	2582601.6666666665	1.4207166573619723	1.676874934255573	46.057816307576864	-10.181958150125189
LE	10.630000114440918	2.015355437709966	1.6252397291966112	-1.756003565085013	175720.0	189050.0	199388.33333333334	1.0690293573128802	0.8812952947765248	77.90021274010773	1.4532918184217243
IREN	40.47999954223633	-2.972199525851065	-14.291763848025626	-2.809128309192513	34385500.0	38440403.333333336	42729985.0	0.8662448130747153	0.8047159389360891	26.65392098060299	-14.463711758800512
LFST	12.220000267028809	3.2094603846593754	-3.551695395070309	-4.754479035889522	3491220.0	5106153.333333333	4453418.333333333	0.6330009674601755	0.7839416238687061	84.68826918671205	-3.723643305845196
ISRG	406.4800109863281	-2.0034227892193246	1.202543797645014	9.909965590878608	1710420.0	2203343.3333333335	2987278.3333333335	0.755170551419585	0.5725680064406452	68.52370698866989	1.030595886870127
ITIC	293.3900146484375	1.3542036864626967	1.7478787717148676	-2.069488889896215	46060.0	64653.333333333336	59658.333333333336	0.5862033408950299	0.7720631373096801	84.13014504727515	1.5759308609399807
LGN	53.790000915527344	0.7114792533249683	-1.4654684645986802	2.204065787326899	1340380.0	927093.3333333334	1155121.6666666667	1.6117039636426393	1.160379931118367	69.90019606212151	-1.637416375373567
KNSA	76.30999755859375	0.275951496298741	-2.329450606430936	-5.16963290543495	583520.0	537333.3333333334	585088.3333333334	0.7285980148883374	0.9973194930679982	84.4944695007301	-2.501398517205823
LIME	27.170000076293945	-6.0511756410211595	-6.342640944745735	-30.028331714976993	471640.0	398390.0	349863.3333333333	0.6415823690353674	1.3480692460865673	15.435840258122866	-6.514588855520622
KLAC	206.85000610351562	9.346095102660266	12.436812921126236	19.6079583574647	7731400.0	9058416.666666666	10177505.0	0.8810369729809294	0.7596557309478109	95.41158123292057	12.26486501035135
KIDS	22.889999389648438	1.3728940079265626	2.4161029036331536	1.328017862036974	178680.0	200253.33333333334	210953.33333333334	1.522072042080032	0.8470119773725626	82.38980356846483	2.2441549928582667
LNTH	100.19000244140625	0.4511776491627362	-0.08974505283819871	-0.7823340159090021	1007180.0	1020476.6666666666	1365456.6666666667	0.6456786534397324	0.7376140338885403	96.00140411718743	-0.2616929636130856
LQDT	43.220001220703125	-0.253867079859491	0.9105752345909571	6.716052396797839	298660.0	234570.0	226561.66666666666	1.2461099032271816	1.318228296931667	42.491274454426886	0.7386273238160702
KSPI	93.9800033569336	-1.9202633518584884	-2.5609058262946993	-12.828118462894574	514080.0	614980.0	556801.6666666666	1.024911379231845	0.9232730984401987	56.628875698624434	-2.7328537370695862
LOCO	14.399999618530273	2.127654105987167	1.0526289019668311	-4.000002543131511	290200.0	215330.0	234626.66666666666	0.987786188640691	1.2368585554355858	79.97020239831565	0.8806809911919442
LSTR	171.22000122070312	3.5124825766052816	0.5284134909477542	-1.7839732562875215	384620.0	344680.0	432170.0	1.0667865846582336	0.8899738528819677	50.04704100943785	0.35646558017286734
MAKO	9.079999923706055	-3.7115627798826702	-10.541869310721761	-12.270535371548736	127780.0	182643.33333333334	179243.33333333334	0.7604986038362564	0.7128856489316199	2.794491931333809	-10.713817221496647
MBGL	17.59000015258789	-0.9572076244542282	-8.38541951237442	-14.027365886163908	5374820.0	4133453.3333333335	4362836.666666667	1.9639994322745469	1.2319553562628596	60.03207883424767	-8.557367423149307
LIFE	36.130001068115234	5.519857759928323	-0.9865732907433746	-4.189864902457653	1823180.0	1668433.3333333333	1442793.3333333333	1.3196212015263822	1.2636459830236717	89.23108735475003	-1.1585212015182615
MBUU	22.780000686645508	-1.5131797960233635	-3.597115972531919	-14.617689557423633	223140.0	268536.6666666667	224678.33333333334	1.0948225568202976	0.9931531745384141	25.561071021772293	-3.769063883306806
MCHP	81.48999786376953	4.51455250475455	8.972986351974031	11.462176423824916	6774220.0	8169966.666666667	9368020.0	0.7135892027303252	0.7231218549917698	92.30532140068722	8.801038441199145
MELI	1860.6099853515625	8.65446640779985	2.2049259418947798	-6.551789971334267	702700.0	588696.6666666666	515511.6666666667	2.138622607001908	1.3631117304167057	93.12973401424941	2.032978031119893
LI	10.850000381469727	-7.3441473430886095	-5.815972653390063	-10.033167463069043	3548000.0	3087816.6666666665	3194735.0	0.9359363951875381	1.1105772466260895	37.24486078790234	-5.98792056416495
LIVN	76.43000030517578	-1.0102302662165643	-2.225915190645076	-5.874380323076683	678620.0	653840.0	654400.0	0.8547962804355805	1.0370110024449877	74.41984928324891	-2.3978631014199627
LIND	35.599998474121094	20.107959538467952	25.839509798607185	36.81782416532974	1167280.0	932533.3333333334	866215.0	0.9208249928510152	1.3475638265326737	99.88983554498938	25.6675618878323
MDB	359.2300109863281	7.335370756485442	-11.802106125049695	-6.560020918173838	4774200.0	2916636.6666666665	2181641.6666666665	1.009518955052109	2.188352043759096	72.40957297613802	-11.974054035824581
MITK	17.700000762939453	2.787464975174007	3.2672193304115513	-6.1007936087935954	559600.0	619203.3333333334	678973.3333333334	0.6151452673058392	0.8241855350234668	57.77529984755255	3.0952714196366644
MDLZ	58.4900016784668	-2.808239644630969	-2.792083333227669	-4.81692277904386	8586600.0	8013040.0	8307231.666666667	1.006734023541627	1.0336295344277344	65.42665141640904	-2.964031244002556
LKQ	22.399999618530273	-3.531437205308672	-3.448280681469336	-11.287130223642482	2583640.0	3105020.0	3294206.6666666665	0.857965488145004	0.7842980909920649	3.253497913938375	-3.620228592244223
LOVE	14.829999923706055	-3.826200711210967	9.36577776393059	-7.021942940140284	167340.0	280733.3333333333	244900.0	0.7622892424602232	0.683299305839118	41.48594169633737	9.193829853155703
MKTX	164.0399932861328	0.06099234063528833	0.3671015882061438	0.4285520778353332	676300.0	885676.6666666666	1081068.3333333333	0.941427082118004	0.6255848766883376	35.591279037340314	0.19515367743125692
MAT	16.049999237060547	20.314835483318422	22.70641690120882	12.237755405482641	17047100.0	6169793.333333333	5287545.0	2.3845855452748825	3.2240103866728322	95.02346010730672	22.534468990433933
MLYS	23.299999237060547	-9.090909090909092	-17.69692802329081	-17.580478034050525	1486460.0	1332533.3333333333	1025211.6666666666	0.8098108865319192	1.4499054666759872	9.169148157537421	-17.868875934065695
LYTS	20.84000015258789	-0.572514013007099	0.724986054414839	3.6300324220804003	294480.0	429263.3333333333	367120.0	0.7694577532051033	0.802135541512312	32.69822353906585	0.5530381436399521
MMYT	45.0	-5.0432568483436055	-6.1913719931725115	-21.23227873504294	1302400.0	812020.0	761638.3333333334	2.210167237260166	1.7099979649133557	25.664667237046686	-6.363319903947398
MORN	189.16000366210938	-1.2528679928335626	-6.110089583564648	-12.32850923338515	242480.0	293216.6666666667	334398.3333333333	1.0105155459557777	0.725123231276073	59.50116856753125	-6.2820374943395345
MPWR	1479.8900146484375	9.524131744154637	15.826337771353202	21.937130546585117	559640.0	679396.6666666666	752543.3333333334	1.0088362713976617	0.7436648166440027	97.83491540974673	15.654389860578316
MRTN	13.050000190734863	1.0061928302883418	-1.2859309596077095	-7.838980710724446	745420.0	694736.6666666666	675913.3333333334	1.0363638980716914	1.1028336966277728	36.770123496187715	-1.4578788703825964
MRX	75.20999908447266	5.498664775709823	-0.6604147484431087	-0.5816291242978109	822920.0	770956.6666666666	723790.0	1.1349535425683244	1.136959615358046	91.87623880296624	-0.8323626592179956
MAR	355.8900146484375	-0.7474112784224037	3.860973222709118	5.8975829119727665	1215460.0	1529336.6666666667	1580525.0	0.8956170540168831	0.7690229512345581	38.43127809736179	3.689025311934231
MCBS	35.06999969482422	0.5447208167739058	0.28595502039013976	-1.4056789549895747	98600.0	79310.0	78938.33333333333	1.3213970495523895	1.24907628317463	64.37236067972282	0.11400710961525287
MSFT	525.1799926757812	3.134203569541417	4.698871237122459	2.9522460798922587	22539020.0	21826576.666666668	28153126.666666668	1.217589015715245	0.8005867435920083	97.39157777844918	4.526923326347572
NAMS	22.799999237060547	-3.307890963397915	0.9743105141622325	-11.798843711412623	1540660.0	1678653.3333333333	1367865.0	0.7043145696153266	1.1263246007464187	10.786462911140433	0.8023626033873456
NBIX	144.2100067138672	2.684423388581072	0.17365934172043793	-8.929585629699895	1758880.0	1264923.3333333333	1303453.3333333333	1.3820600457998773	1.349400055237881	86.12791042721453	0.0017114309455510401
NBTB	50.95000076293945	0.25580690455705446	-0.5271387179400099	-1.3170642864768873	383380.0	337166.6666666667	350956.6666666667	1.252496292634701	1.0923855746673379	45.88559838822222	-0.6990866287148968
MGTX	10.920000076293945	-1.7101672930215503	-16.513760397638446	-21.832499158452404	1025460.0	921293.3333333334	764865.0	1.022041477922341	1.340707183620639	64.23276994938982	-16.685708308413332
NEXT	6.570000171661377	0.1524425147723208	-6.410253710652358	-11.45552420340562	2637340.0	2478833.3333333335	2603550.0	0.8053385329119881	1.0129784332930039	86.95630871470988	-6.582201621427245
NEOG	13.010000228881836	-5.174927291023513	-4.408519051659509	11.769758119852442	6540720.0	3637106.6666666665	2859020.0	1.415465773160351	2.2877489489405463	77.74805059364182	-4.580466962434396
NDSN	334.42999267578125	0.9386651221817618	6.387779921229991	5.335602054383173	339880.0	357203.3333333333	372878.3333333333	0.9339218558990678	0.9115037523410228	91.96919960977236	6.215832010455104
NICE	115.83000183105469	6.178390062722031	1.1262448971680319	6.943037985383345	562900.0	510220.0	572955.0	0.6661832150836894	0.9824506287579304	70.45635394489736	0.954296986393145
MNRO	13.640000343322754	1.7910502360059322	5.7364398967074575	8.253967701322534	694680.0	999816.6666666666	1035451.6666666666	0.8179499574922069	0.6708956316969568	20.37815106375335	5.5644919859325706
MRCY	82.94000244140625	3.5197199178135596	-3.164038571153834	-2.0894778210319287	616000.0	696450.0	710720.0	0.7730633929212435	0.8667266996848266	30.222842887867543	-3.335986481928721
NRDS	8.829999923706055	3.6384911888109386	-2.7533039878921173	-10.898082142635806	726660.0	708290.0	702730.0	1.0274040294229765	1.0340529079447298	82.83813638950136	-2.925251898667004
MTRX	10.420000076293945	8.203530139821726	3.8883385214929005	-1.2322285506220714	586840.0	473540.0	326303.3333333333	0.7805042868606664	1.7984492956451565	78.08762699053699	3.7163906107180136
MVBF	29.920000076293945	0.8426019526698543	-1.2541226743722715	-3.20284625042161	67800.0	57750.0	51498.333333333336	1.2363636363636363	1.316547461082883	45.66255123955492	-1.4260705851471585
NTGR	22.940000534057617	4.3676115187198725	3.2403296262497876	8.771931569866389	267780.0	324500.0	349895.0	0.8366718027734977	0.7653153088783778	45.79020975809465	3.0683817154749007
NTAP	223.77000427246094	9.471161031019658	12.929604423485738	20.708813452624828	3337400.0	2617430.0	2520328.3333333335	1.2857650443373845	1.324192548986673	74.79270646125725	12.757656512710852
NUTX	225.0	5.765388560631442	11.673617615252974	13.820319878818903	174300.0	161303.33333333334	151836.66666666666	0.9696017854559732	1.147944062698953	96.28749808987541	11.501669704478088
NAVN	21.84000015258789	9.309312577408477	1.4398488437330488	-21.18368504448645	2949200.0	4226850.0	3484175.0	0.6219052012728155	0.8464557606894028	93.57548736998613	1.2679009329581619
MFP	42.540000915527344	3.377884175227255	-5.718080845374811	-3.3401441992026144	533160.0	497626.6666666667	712563.3333333334	1.5847221477948663	0.7482282276663127	91.99199209229276	-5.890028756149698
NN	13.319999694824219	-6.460674796918936	-14.942529855609079	-15.267178953160457	2566140.0	2388633.3333333335	2658991.6666666665	1.093051814845309	0.9650801212238976	16.976955067809257	-15.114477766383965
NOVT	150.61000061035156	6.00365897337176	12.136105537971448	2.2887768211499826	316160.0	348250.0	384610.0	0.9633883704235463	0.8220275083851174	97.20687686948268	11.964157627196562
AAUC	19.780000686645508	-5.8991424553474445	-11.617509256564395	-17.720466167413157	453720.0	444480.0	688841.6666666666	0.8468322534197265	0.6586709572833622	3.5569038430690085	-11.78945716733928
NMFC	6.849999904632568	-1.7216626853841333	-3.656824528824873	-8.29986483230109	810680.0	500203.3333333333	517036.6666666667	1.4650042316124776	1.567935220583969	17.124527089173398	-3.82877243959976
AAP	39.650001525878906	-0.30173228690858644	-3.3162566479311475	-7.186328668306367	1837340.0	1784043.3333333333	1959405.0	1.0473400309783207	0.93770302719448	79.90669957658496	-3.4882045587060344
ACM	59.7599983215332	0.5721981875886105	-5.03734620732531	-10.579086212498325	1416600.0	1978303.3333333333	1966281.6666666667	0.791587404021291	0.7204461212322073	75.75017609017453	-5.209294118100197
NTRA	425.6400146484375	3.3683915789951127	14.839196478062158	29.898982880931158	1988900.0	1512536.6666666667	1398051.6666666667	1.3363642975046335	1.4226226736970855	92.30982653920051	14.667248567287272
AA	43.4900016784668	2.934915215306028	-2.5761597824938893	-14.80900621268854	4038440.0	3835693.3333333335	4624863.333333333	1.3290165706677974	0.8732020189425418	93.65735014856756	-2.7481076932687762
ACVA	10.5	0.38240881173183516	0.19084407096647615	56.716422371833644	10513400.0	11516693.333333334	7912165.0	0.6622821133843974	1.3287639982229895	95.44510058070587	0.018896160191589267
ADT	6.210000038146973	0.32310146593915234	-6.1933512764325895	-17.310255008186868	7306960.0	7619596.666666667	7603365.0	0.8384433296775551	0.961016602517438	45.23257906395829	-6.3652991872074765
NVCT	21.389999389648438	2.787121281071063	-2.6842591668582982	-12.22815489110464	194080.0	213780.0	217908.33333333334	0.9088782860885022	0.8906497380396956	50.782946889147794	-2.856207077633185
AEM	183.3300018310547	-0.44528487244513676	-7.1652796245787655	-11.490369570175547	1480580.0	2218360.0	2659713.3333333335	0.49022701455129014	0.5566690144551919	49.37173833712637	-7.3372275353536525
AGI	32.310001373291016	-1.253055721625975	-8.236290220355382	-14.27433655995264	3200340.0	3638496.6666666665	4218931.666666667	0.7371725868467655	0.7585664459288468	42.603465588123065	-8.408238131130268
AIT	345.7900085449219	2.4805864454095614	7.927835680008839	7.235011383759169	257980.0	285930.0	282066.6666666667	1.1128597908579023	0.9146064760103993	91.66884902024341	7.7558877692339525
NVTS	12.34000015258789	5.200346412249439	1.480265686138877	11.171168725257093	22998880.0	13746486.666666666	14054040.0	1.2539931415202819	1.636460405691175	74.87666175194117	1.30831777536399
ALB	104.37000274658203	-2.8121767950745613	-7.571728268690903	-21.027542482956825	1892260.0	2388800.0	2318315.0	0.8492548559946417	0.816222126846438	4.674541262686418	-7.74367617946579
AIG	75.12000274658203	3.2151745074648144	0.7781081619679293	-2.2638535648608715	7017880.0	4573853.333333333	3884453.3333333335	0.973358714315282	1.8066583371662763	59.046012285476074	0.6061602511930424
AJG	227.24000549316406	-0.9674893906333009	-3.9601010494133644	-14.782868682059735	1696340.0	1478490.0	1404053.3333333333	0.7763326096219791	1.2081734786902683	41.48865001476518	-4.132048960188251
NWL	5.480000019073486	0.7352934086817846	-2.1428551357619274	-9.719936341062835	4735200.0	6227740.0	7648696.666666667	0.7468198736620347	0.6190858660451519	89.19100296212495	-2.3148030465368143
ALIT	8.739999771118164	-11.44883614531987	-26.616289814501936	-41.30289073473719	577900.0	469643.3333333333	536758.3333333334	0.8817329462783815	1.0766483985654622	9.7250095273549	-26.788237725276822
ALTG	6.449999809265137	11.591688151149784	6.965167244498917	12.565441322774568	233860.0	214540.0	184531.66666666666	1.0091358254870886	1.267316359432437	79.04623525330531	6.79321933372403
ALX	245.22999572753906	-1.545690571387982	-0.881131685179381	-6.827513543334147	31480.0	39640.0	35931.666666666664	0.8703329969727548	0.8761074261329376	62.55640290700621	-1.0530795959542678
AMRZ	37.20000076293945	-2.233898794124544	-3.6019678262562085	-15.473751007306348	3446420.0	4090616.6666666665	3791556.6666666665	0.519432685373436	0.908972304251464	11.49718946191095	-3.7739157370310954
AMG	380.70001220703125	3.414556585307461	4.398620189721822	3.9652683985130075	275140.0	283820.0	275596.6666666667	1.2409273483193572	0.9983429891508121	91.24076109037404	4.226672278946935
AMTM	18.239999771118164	-1.3520822233351575	-8.341707935845227	-9.298860181390651	2124060.0	1798806.6666666667	2027141.6666666667	1.111347893603537	1.047810340504076	46.03002919543683	-8.513655846620113
AOS	56.970001220703125	-2.4152103830333664	0.0175599304621396	-5.881377218549323	1620360.0	1447466.6666666667	1532806.6666666667	1.0058953574060427	1.057119619347515	59.5549464856764	-0.15438798031274728
ARLO	12.59000015258789	-0.07936689348472434	-5.551386161691941	-6.602369583617855	1229140.0	1259426.6666666667	1259266.6666666667	1.1560022020601965	0.9760760230822171	30.9993393003555	-5.723334072466828
AG	17.510000228881836	-2.451256352958303	-9.321591335283353	-18.139314032165444	9723220.0	9308626.666666666	9922690.0	0.8343658284000361	0.9798975882547979	7.033754485913136	-9.493539246058239
AGO	69.12999725341797	-0.3746968417890716	-2.7297065565451715	-8.823532667282425	490560.0	514726.6666666667	423888.3333333333	1.0232615368674636	1.1572859204271566	82.19656115161243	-2.9016544673200584
AHR	50.470001220703125	-2.755299158252895	-3.499040235282945	-9.487082604138468	3028140.0	3100693.3333333335	2889026.6666666665	1.3048694485534418	1.0481523188894069	7.951147080960581	-3.670988146057832
AS	27.469999313354492	-0.5430902292581885	0.0728544621464613	-3.6478460441181575	5269760.0	7353790.0	6409351.666666667	0.4926031338942233	0.8221986051111253	81.21604765869246	-0.09909344862842559
ARR	13.529999732971191	-3.2188828612304223	-8.39540072011771	-16.119030149235552	4968880.0	4141143.3333333335	4027041.6666666665	1.2191319144551866	1.2338784674440502	1.1489770237379275	-8.567348630892596
ATEN	28.190000534057617	10.549021702186733	4.639940516778189	14.08337344606271	1218300.0	1177946.6666666667	1288830.0	0.8428225386548344	0.9452759479527943	97.98847585644926	4.467992606003302
ASC	19.34000015258789	6.5564769094688256	3.978493311512992	7.3251923490130375	697980.0	644026.6666666666	598763.3333333334	1.0679682000745312	1.1657026426690567	99.00802838157644	3.806545400738105
ALLE	153.6699981689453	-1.1005320247974464	1.5261611715636902	-1.214964913416474	918580.0	1272666.6666666667	1275198.3333333333	0.5874279727606077	0.7203428486287754	19.744157036556118	1.3542132607888033
ANET	206.89999389648438	0.9662286478778241	0.7204730506919084	8.075632708900503	4252560.0	4739846.666666667	6181973.333333333	0.7511424420199246	0.6878968527848713	73.6824855763835	0.5485251399170215
ADIG	17.6200008392334	-4.910954202327377	-15.77437488061976	-13.712043225264878	908660.0	785483.3333333334	None	0.8655817012879543	None	8.748403254430627	-15.946322791394646
ATO	158.0500030517578	0.6367398793812423	-0.13900373713542974	-6.545643557853116	934960.0	974130.0	1013856.6666666666	0.8801699978442302	0.9221816364574874	88.37181059358502	-0.3109516479103166
AEXA	11.039999961853027	-0.986544039826125	-1.7793577699089274	-4.083407972915981	48540.0	65933.33333333333	71451.66666666667	0.7522750252780587	0.6793403466212591	0.1690626876318504	-1.9513056806838143
AVTR	15.8100004196167	3.400918633492606	4.7019868888100405	4.081638290721753	7837440.0	8177310.0	9509411.666666666	1.0003778748757233	0.8241771704418448	94.67518225964297	4.5300389780351535
APO	115.3499984741211	-3.0672281730074844	-9.819408043460886	-14.231546016269462	3489140.0	2682110.0	3384325.0	1.3762299085421552	1.0309707253292755	55.57765658331641	-9.991355954235772
AU	94.4800033569336	1.8432756017513479	-7.308934490274786	-15.393565947771407	1791260.0	2512140.0	2614235.0	0.6950647654987381	0.6851947127936089	42.55925163868997	-7.480882401049673
AXTA	32.68000030517578	0.0	2.5737591937075934	-9.14651321622344	2262460.0	1938316.6666666667	1810713.3333333333	1.9190878683393666	1.2494854698148428	81.54146950993342	2.4018112829327065
AMR	173.60000610351562	-1.1051539573976052	-1.0769840620479434	-20.06629894187552	280920.0	326580.0	323578.3333333333	0.7860248637393594	0.8681669044589925	83.62060048804815	-1.2489319728228303
APG	40.65999984741211	6.023471877971062	8.542447520416166	1.5738223515536671	3194600.0	3435713.3333333335	3060006.6666666665	1.2944618972867352	1.0439846536282056	97.30471340068877	8.37049960964128
AZUL	7.510000228881836	9.31587123702944	12.932332649340914	3.443526062236837	223800.0	203400.0	218603.33333333334	1.8559488692232056	1.0237721291227642	68.00821840708426	12.760384738566028
B	40.0	-2.6527139171092005	-6.301238494362442	-12.58740938113787	7928760.0	9052886.666666666	9644161.666666666	0.8112881857941445	0.8221305567081432	14.45895396055613	-6.473186405137329
BALL	57.11000061035156	-0.035008677384454505	-4.354377012203326	-9.248370676307694	2181660.0	1958390.0	1914168.3333333333	1.0986065084074164	1.1397430215559239	81.71318778379832	-4.526324922978213
BAP	378.07000732421875	-2.04171644865385	-3.051515208665906	-1.5929605347085718	373760.0	326016.6666666667	305295.0	1.2260109401359849	1.2242585040698342	57.29147254403477	-3.223463119440793
BBW	26.0	2.52365683850654	5.05050505050505	-10.560714575345587	424600.0	844676.6666666666	589301.6666666666	0.34924606259594404	0.7205138285145413	89.91895252467039	4.878557139730163
ARES	117.12999725341797	-1.0224768648951137	-7.53138158477229	-17.234317610735925	2171980.0	2150746.6666666665	2193513.3333333335	0.7851226860749135	0.9901831764566433	42.02675087143635	-7.703329495547177
BBT	28.1299991607666	1.1506641530723778	-2.156524658203125	-10.641678621929687	1168640.0	1031456.6666666666	911968.3333333334	0.6589709698581618	1.2814480034942732	44.11933309308371	-2.328472568978012
BCSF	10.899999618530273	-2.06649140652051	-2.7653917802121852	-8.171864164960109	555480.0	523756.6666666667	435311.6666666667	1.1906292362229278	1.2760512582938661	9.674684564211873	-2.937339690987072
ASPN	5.690000057220459	10.058026561950646	9.633911261800227	19.037652875931464	984700.0	882010.0	1161886.6666666667	0.8819627895375336	0.8475009037025986	95.45700460542974	9.461963351025341
ATKR	94.77999877929688	0.19027516710269543	0.3281439129756399	1.2066174426123308	722900.0	759403.3333333334	919220.0	0.7899622949596393	0.786427623419856	70.27644943561658	0.156196002200753
BG	107.31999969482422	-1.5954501216953514	-4.6976297725382175	-10.656012952948448	1790520.0	1942750.0	1606548.3333333333	0.9446918028567752	1.114513620816471	66.73939099475922	-4.869577683313104
BDX	180.6699981689453	-1.7189814669171977	-0.016601427672114203	-3.704294387120742	1626300.0	1738790.0	1792361.6666666667	0.9460601912824436	0.9073503580471575	74.04252277291386	-0.18854933844700109
BHE	86.11000061035156	4.010145739956804	11.59926972973593	20.92402993602601	418700.0	386026.6666666667	388738.3333333333	0.9843879524730588	1.077074124411022	58.04661777004593	11.427321818961044
BILL	44.4900016784668	6.947123342188444	-5.461112664316296	-12.52457502052856	1457580.0	1792863.3333333333	2180215.0	0.8823873914910786	0.6685487440458854	87.30341750320326	-5.633060575091183
BKD	10.529999732971191	-4.619567306558523	-7.4692475652183745	-11.809044363189544	5723320.0	4475130.0	4862625.0	0.9836585752816119	1.1770021336212437	3.5561296351267657	-7.641195475993261
AWK	127.83999633789062	-0.8454172029867604	-4.575654868222243	-9.262547454249354	1936360.0	1923720.0	2090396.6666666667	0.9466554384213919	0.9263122310119769	29.798887082982375	-4.74760277899713
AXIAY	12.199999809265137	19.373771922727748	12.96295920190177	11.926607671846432	525370.2	352541.7	None	2.502827325107923	None	97.33689598142568	12.791011291126884
BKU	43.22999954223633	0.3714879232547029	-2.7446596170146993	-5.816997592336032	992920.0	916336.6666666666	899270.0	0.9025067206012347	1.1041400246866904	65.23826925774804	-2.916607527789586
BIPC	36.36000061035156	3.9154011608061077	0.5809103059714202	-2.3630532450380515	1141340.0	1190990.0	1108123.3333333333	0.9037019622331002	1.0299756044002324	61.4463197159899	0.4089623951965333
BKR	57.380001068115234	0.4551858212401573	-0.7781441270814605	-9.836578223712936	6264800.0	7756286.666666667	7939160.0	0.859161127790532	0.7891011139717552	88.37885643834447	-0.9500920378563474
BLDR	55.630001068115234	-4.102736290779236	-4.938481488451578	-13.32190588408432	2213740.0	3236153.3333333335	2684878.3333333335	0.9153459972024399	0.8245215332538346	7.335273200540115	-5.110429399226465
BOBS	14.149999618530273	1.8718449876245484	-2.008310043491909	-13.877058090663951	972020.0	858950.0	959248.3333333334	1.0110018045287852	1.0133142443128214	77.20053846103221	-2.180257954266796
BB	9.079999923706055	3.1818150784359176	6.44783362195119	17.922079852267174	20302160.0	15469770.0	15005250.0	0.9816112327461882	1.35300378200963	40.14179793802339	6.275885711176303
BLSH	34.349998474121094	-4.556830030177339	-14.424516700467382	-5.162900838095912	825560.0	1444196.6666666667	1522701.6666666667	0.7080753083028858	0.5421679230227852	19.66516075073993	-14.596464611242268
BNS	90.27999877929688	-2.663074092402291	-5.317251993664442	-4.888326463502284	3286740.0	2162480.0	2128655.0	2.6796085975361623	1.5440454183510244	18.896505480515913	-5.489199904439329
BOOT	122.87999725341797	-2.5998781812627008	-1.1662547705959592	-16.612380059405314	654120.0	670883.3333333334	691705.0	1.0095645045089807	0.9456632523980598	76.92319988999418	-1.338202681370846
BMI	124.88999938964844	-1.296134834008058	-5.0266164337274235	-8.182623535666156	415640.0	364463.3333333333	420878.3333333333	1.2536240499730198	0.9875538061276616	24.970095621444884	-5.19856434450231
BRO	60.93000030517578	1.1454160150789456	-5.241061565532699	-16.028111417763622	2411180.0	2107320.0	2323900.0	1.0738758233206158	1.0375575541116226	57.45421008670434	-5.413009476307586
BSAC	32.70000076293945	-3.4828815465601917	-5.272304955647514	-8.812046273362096	488780.0	325376.6666666667	301435.0	2.980852960158995	1.6215104417204373	56.13848648150803	-5.444252866422401
BC	64.83000183105469	-1.965818049835304	-1.7727244984019885	-10.898845618954537	767420.0	777220.0	740206.6666666666	1.0303389001827024	1.0367645072096983	43.463010418188325	-1.9446724091768754
BEN	32.880001068115234	0.6119974329001995	-2.2592102714694655	-1.9970139617923095	4331980.0	3642780.0	4014023.3333333335	0.9469416215088476	1.079211464474131	79.61237737027636	-2.4311581822443524
BFH	98.9000015258789	-2.3209861472800926	-8.425924513075087	-9.090908453367668	473740.0	541250.0	548791.6666666666	0.7719168591224018	0.8632419709968872	69.2110870710089	-8.597872423849973
BF-B	26.270000457763672	0.9220121582297696	0.45889422938409563	-4.5074509661993005	1948480.0	2401463.3333333335	2311991.6666666665	0.9685344630149116	0.8427712037601058	74.62929682647601	0.2869463186092087
BXP	59.369998931884766	-4.901491844198061	-7.4224209034712025	-12.985496100152934	1253440.0	1350403.3333333333	1371906.6666666667	1.080047689455743	0.9136481587668742	7.844270773843348	-7.5943688142460894
BAC	54.0	-2.6500832672678487	-6.832296664983092	-14.340102766877827	39160880.0	36564820.0	33815023.333333336	0.956525972232326	1.158091171902193	46.14371273627195	-7.004244575757979
BRC	85.41000366210938	1.5576756382360584	1.8847689330114967	-5.457153946898601	305860.0	275930.0	220695.0	1.2097271047004674	1.3858945603661161	87.26166407096396	1.7128210222366098
BMY	58.810001373291016	-7.936755807843646	-6.084314314246628	-13.629013751959171	14328520.0	10837960.0	11300813.333333334	1.7750480717773456	1.2679193591965652	1.9218282047558972	-6.256262225021515
CAG	13.1899995803833	-6.850284445490912	-11.238224191637457	-15.55698030076397	22854560.0	12794663.333333334	13145471.666666666	1.2056511060991835	1.7385880537062004	19.524504646654478	-11.410172102412343
BWMX	16.31999969482422	-3.7735815105932082	-2.2169013025396533	5.63106728996434	39640.0	68186.66666666667	79373.33333333333	0.9429996089166992	0.4994120611456409	19.040553618251664	-2.3888492133145403
CBT	77.37999725341797	-1.3639257316098519	1.0314674935380748	-4.692702393669604	482460.0	390243.3333333333	415728.3333333333	1.27100185354437	1.1605174853770692	70.79753958522483	0.8595195827631879
BVN	31.59000015258789	-1.435254587902589	-5.954152994684976	-9.145816115356794	975740.0	1170746.6666666667	1069145.0	0.44245267977131403	0.9126357977636336	54.55445569907084	-6.126100905459863
CCS	58.130001068115234	-5.648432896869063	-5.724941271541424	-9.001252197645982	215920.0	268663.3333333333	260758.33333333334	0.8531123214928226	0.8280464031191077	0.9878656894557594	-5.896889182316311
CCJ	87.47000122070312	0.49402608071327825	-6.178270866491493	-13.068973531036402	3092960.0	2942820.0	3225405.0	1.0285372533828097	0.9589369397021459	79.11269800362362	-6.35021877726638
BXC	74.5999984741211	-0.4005381116770173	-1.205143208005216	-3.467909352366277	186300.0	161820.0	168118.33333333334	1.5807687554072427	1.1081480306530123	72.41888613770134	-1.377091118780103
CE	45.529998779296875	-0.849301840591504	2.5912521034341647	0.7300840946622175	1557080.0	1801200.0	1821796.6666666667	0.7902509438152343	0.8546947244386951	85.62346995035962	2.4193041926592778
CIB	96.05999755859375	4.017324467538888	-1.2439592127393244	-5.703352342535615	315240.0	334820.0	314666.6666666667	1.363717818529359	1.001822033898305	87.51310551215792	-1.4159071235142113
CHCT	13.359999656677246	-6.638719322727312	-7.093188106023382	-10.335570478389931	501840.0	398260.0	358398.3333333333	1.49123688042987	1.4002297257706742	1.2947296868669582	-7.265136016798269
CIM	9.180000305175781	-9.734510950750458	-16.696915391610506	-20.656866488229827	1966260.0	1284223.3333333333	1002523.3333333334	1.4407930084850247	1.9613109586809283	0.8485499667205403	-16.868863302385392
CARR	55.72999954223633	-0.2505806198763688	2.032223786265204	-5.670281288071104	6199540.0	6714440.0	6565066.666666667	0.7300981168943352	0.944322474511556	81.54297983625538	1.8602758754903173
CL	86.19000244140625	-0.38140801486797277	-0.081149655797212	-4.328997730066607	5359520.0	5097173.333333333	4751236.666666667	1.1780450864269871	1.1280263173587788	80.00488150922243	-0.2530975665720989
CAAP	25.540000915527344	-1.9577671265634584	5.580819973811213	5.4936054578692595	511900.0	288920.0	244971.66666666666	1.1778346947251834	2.0896294129253046	78.32795156145771	5.408872063036326
CLH	322.3699951171875	2.9081226672943066	3.512828789356682	1.1674254799802672	386040.0	379780.0	439020.0	1.2657327926694402	0.8793221265545988	95.73224442721899	3.340880878581795
CLW	20.139999389648438	1.256913060188982	-5.401603928725905	-2.705320544208009	112980.0	131736.66666666666	174990.0	1.0111080185217987	0.6456368935367736	87.33121632032453	-5.573551839500792
CNA	46.209999084472656	1.6945433121361861	-3.306134757870098	-6.000815240227768	555740.0	545806.6666666666	496091.6666666667	0.9186402999841214	1.1202365154289362	63.33142140261645	-3.478082668644985
CMS	64.02999877929688	2.284345591105637	-1.0355459050195759	-6.648196241519125	5513760.0	3635330.0	3725811.6666666665	1.4767847760725987	1.4798815649565398	88.96327638537124	-1.2074938157944628
CNI	119.31999969482422	-1.5023936800347548	1.5402923374092041	-3.1257599507635527	1013120.0	1330753.3333333333	1423811.6666666667	0.8915251010705716	0.7115547819409636	54.14435975091687	1.3683444266343172
BYD	68.70999908447266	-0.6937466974944624	-5.332051045672721	-11.672453688379203	1348800.0	1045790.0	998468.3333333334	1.4417808546648945	1.3508690811426167	83.75817299996606	-5.5039989564476075
CNP	37.75	3.085748501022895	-0.6317495863729661	-5.577787813330201	7164840.0	6523466.666666667	6396021.666666667	1.1408044802354576	1.1202025842626653	85.42447757174702	-0.803697497147853
CBAN	20.40999984741211	-0.8260450773769081	-1.8749971343919731	-5.113902230427398	129920.0	142536.66666666666	180795.0	0.7899721709033933	0.7186039436931331	57.429337230906626	-2.04694504516686
COF	195.13999938964844	-0.6718962023356059	-4.772593630043761	-11.501134063651502	3363640.0	3417186.6666666665	3636650.0	0.7285232686537464	0.9249281619072498	62.736674485289996	-4.944541540818648
CNMD	47.33000183105469	1.8287484879296594	5.9073691776036545	-4.229049808431485	265100.0	316623.3333333333	466501.6666666667	1.0842536347079075	0.5682723534392518	89.98452990348372	5.735421266828768
CDLR	21.899999618530273	-4.366812299816886	-15.671928388274207	-13.404512353796342	102400.0	74420.0	72205.0	0.7847352862133835	1.4181843362648017	41.54713393260238	-15.843876299049093
COUR	5.179999828338623	11.637930547227176	0.3875965410453306	-13.810322278434173	9542180.0	6161690.0	6177758.333333333	1.0052761498874496	1.5446023436224845	83.9473550116792	0.2156486302704437
CFG	64.30999755859375	-0.756181280998829	-4.527914228209052	-9.205144859395315	4743180.0	3745900.0	3823215.0	0.9313649590218639	1.2406260176317576	70.34714418635579	-4.699862138983939
CNS	73.0199966430664	-1.0166734907537671	-1.8944023328336932	-7.557920473677332	295220.0	288883.3333333333	274556.6666666667	0.9948652858708822	1.0752607233479428	25.087864742786635	-2.06635024360858
COP	128.39999389648438	1.8724158710048808	0.6821886030855466	-5.393462465650298	6204020.0	6630300.0	6627586.666666667	0.8607604482451774	0.936090361700287	87.37910760486582	0.5102406923106597
CPAY	401.7200012207031	1.3855563895094336	1.1328734671393632	-4.279449048921639	603160.0	469140.0	502933.3333333333	1.0261329240738373	1.1992841993637329	92.17417375185572	0.9609255563644763
CRBG	34.84000015258789	3.1379556293550563	0.11494516208133834	0.2589932448572392	5672140.0	4278056.666666667	4449938.333333333	0.8378804394830363	1.274655866017619	90.65832645813829	-0.057002748693548544
CHT	46.150001525878906	0.3697302856352089	0.5446622912616841	5.46161630716892	256280.0	239330.0	214006.66666666666	0.8373375673755902	1.1975327871405876	85.63556395258567	0.37271438048679717
BTI	52.880001068115234	-5.655661395351623	-5.147980146878503	-5.520814874388299	4954940.0	5105256.666666667	4668470.0	0.8927269082781994	1.0613627162646435	26.27875627441206	-5.31992805765339
CMG	30.850000381469727	-3.1397173878270914	-6.9100755894823935	-17.886609975885264	17082720.0	14081543.333333334	16575568.333333334	1.6735523544649342	1.0305963365157615	8.378985090790565	-7.0820235002572804
CMBT	19.989999771118164	4.934386203170584	1.6785347216037405	6.898390136621235	1175660.0	1134013.3333333333	984405.0	1.1297927126077296	1.19428487258801	97.25877634816483	1.5065868108288536
CTEV	24.68000030517578	9.835340718091741	-21.948135198803087	-36.86364745756625	213760.0	149616.66666666666	136041.66666666666	1.4924807842263563	1.5712833078101074	92.76139124513743	-22.120083109577973
CPNG	14.199999809265137	3.2727258855646304	-2.872777562117499	-8.446166346131262	20316500.0	16055090.0	17682145.0	2.1486332371852166	1.1489839043849035	92.2314136411546	-3.044725472892386
CPT	97.37000274658203	-1.0467467106959225	-1.4673112251771565	-7.793556672783428	1200940.0	1091250.0	1032395.0	0.8799083619702176	1.1632563117798904	71.07732177982462	-1.6392591359520434
CRI	32.31999969482422	4.258063531691028	5.311173451944852	-2.5037761473607705	1095920.0	1512243.3333333333	1274346.6666666667	0.8056904422348256	0.8599857704863145	92.17775460136882	5.139225541169965
CUZ	27.329999923706055	-2.601566486565189	-4.640613854804848	-6.564102824936565	1435980.0	1419216.6666666667	1506818.3333333333	1.1103308162953742	0.9529881394682616	21.384170423934904	-4.812561765579735
CRM	229.7899932861328	1.108808450872736	-2.80433336188198	-13.099875335291747	9714600.0	14708833.333333334	13708183.333333334	0.4327671580569499	0.7086715842483382	27.001746178299356	-2.976281272656867
CVNA	63.720001220703125	5.374565791950566	-5.150340977605036	-13.22347684068883	8914360.0	7355826.666666667	8789271.666666666	0.9490163806651235	1.0142319338936503	67.55491775924386	-5.322288888379923
CTS	61.61000061035156	3.8429103470943615	5.011083233615007	8.96710225102219	210280.0	211960.0	209351.66666666666	1.2643895074542366	1.0044343250193057	93.76983003860865	4.83913532284012
CWT	45.84000015258789	0.394218803717283	-3.0046513317337866	-9.281612388699617	489260.0	479623.3333333333	485180.0	1.4634400606031122	1.0084092501751927	53.92236835636078	-3.1765992425086735
CWEN	29.520000457763672	1.061285118135471	-4.43508889269796	-6.196374001073861	1113820.0	1204273.3333333333	1176350.0	1.4029207101377872	0.9468440515152803	82.50192266903258	-4.607036803472847
CVSA	125.38999938964844	6.705809812072519	-0.31799151201813103	-1.7627702998739392	364440.0	363706.6666666667	361763.3333333333	1.1223330156169806	1.0073989440610345	87.95501761583388	-0.48993942279301794
CSL	330.9800109863281	1.428047179920347	4.130880802480272	-4.07488905935476	397020.0	618260.0	546626.6666666666	0.90140070520493	0.7263092421396689	89.01072109967666	3.958932891705385
CXT	49.15999984741211	3.494736520867599	7.406596800838383	-1.6603356735077106	488520.0	536146.6666666666	551218.3333333334	0.9792096689960459	0.8862549927282293	95.37896811080917	7.234648890063496
CSTM	25.290000915527344	2.6796661682882488	-0.8235258214613971	-4.493952595470796	2019240.0	1571086.6666666667	1599428.3333333333	1.1740281673406516	1.262476072179956	83.81378690581319	-0.995473732236284
DCI	89.19000244140625	1.954731388721561	3.624959634767666	-1.5562870380374165	664700.0	696516.6666666666	679976.6666666666	1.0968868895216675	0.9775335428176457	96.24560437469579	3.453011723992779
DFH	9.880000114440918	-9.191176373911153	-13.333329429403252	-28.405797261697007	1108200.0	915033.3333333334	782515.0	1.6763323740483043	1.416202884289758	5.675432329405794	-13.505277340178138
DD	130.69000244140625	-0.22140272987643733	0.6934349347636475	-0.3355467284543067	826240.0	1105116.6666666667	1324221.6666666667	0.6340507035456286	0.6239438764657981	79.74257091661653	0.5214870239887606
CUBI	75.02999877929688	-1.0027736205961237	-4.8687762565743915	-5.788549278857437	349660.0	274980.0	274973.3333333333	1.116081169539603	1.2716142171362073	53.792479963662934	-5.040724167349278
DBI	5.96999979019165	-5.087443141527544	-4.0192927400773595	15.92232387649529	611680.0	730156.6666666666	575690.0	0.8714568106388128	1.0625162848060588	6.81298253151769	-4.191240650852246
CTOS	9.880000114440918	6.122445425708006	5.330490340082494	10.514547854344695	750280.0	891956.6666666666	975670.0	0.8778453362831528	0.768989514897455	92.91808073756735	5.158542429307607
DGX	232.22000122070312	-2.272533459914116	-5.169880516854706	-2.9991615951694013	1147480.0	1066896.6666666667	1041998.3333333334	0.9505137954628533	1.1012301683144086	39.992920523993085	-5.341828427629593
DE	682.2000122070312	-1.0716533535347046	-0.36948407896303787	-1.7583216557517205	1263300.0	1287316.6666666667	1220485.0	0.5848599800618858	1.0350803164315825	56.10714896862155	-0.5414319897379247
DHT	23.81999969482422	8.76712378875739	6.102444923504702	17.979192990328638	4403020.0	3983733.3333333335	3488943.3333333335	1.5741013454715844	1.2619924083987224	99.34326130355939	5.930497012729815
DOCN	137.22999572753906	0.6897075997595585	-6.109748023279049	25.43875120063585	1707480.0	2492190.0	2861258.3333333335	0.7072895726248801	0.5967584192269718	34.908606186778144	-6.281695934053936
DLX	22.670000076293945	-5.066998019248727	-3.326228832701048	-7.09016216919324	442120.0	430333.3333333333	426171.6666666667	1.3408210689388071	1.037422321990747	19.018592459758395	-3.498176743475935
DQ	11.039999961853027	1.2844068644254794	-8.000000317891438	-12.101914068328181	491240.0	774593.3333333334	867841.6666666666	0.49561490330409935	0.5660479542159188	32.221267060319775	-8.171948228666324
ECL	277.07000732421875	-1.1276464112416373	2.626118990064662	-0.6810746274403972	1293160.0	1251656.6666666667	1291785.0	0.7511644567067113	1.0010644186145528	77.00553187282559	2.4541710792897753
DTM	122.12000274658203	0.12298231071382909	-2.3430629617522385	-5.024108720235245	834980.0	945810.0	926203.3333333334	0.9273532739133653	0.9015083081108899	83.25581430537463	-2.5150108725271254
DVA	178.72000122070312	0.36502154756522626	-1.985299544746814	-1.618409326289954	545560.0	679256.6666666666	780986.6666666666	0.6654332922753795	0.6985522586813262	84.43212132118815	-2.1572474555217007
EBS	7.239999771118164	5.539353210028066	10.534344431918067	16.211873979976055	1054340.0	1150810.0	1157503.3333333333	2.0336980040145636	0.9108742667407725	88.58763815606497	10.36239652114318
EDN	20.829999923706055	2.9658941920242845	-11.587434652461399	-14.84055313424335	165720.0	84586.66666666667	80975.0	2.704918032786885	2.046557579499846	74.97438235173472	-11.759382563236285
DXC	11.65999984741211	12.656999204442151	7.07070229397636	-0.08569176363717489	3682320.0	2720313.3333333335	3148523.3333333335	2.43152136886192	1.1695387361482683	74.3770605060863	6.8987543832014735
EIX	54.2400016784668	5.3817765534644595	-1.2920820284164742	-3.6589655177787597	6039080.0	6537773.333333333	4859413.333333333	0.7326194647311114	1.2427590710538448	91.73573231803688	-1.4640299391913612
EFX	142.60000610351562	-2.18136418055236	-10.09960251343874	-24.58617120669918	2582320.0	1657606.6666666667	1614053.3333333333	1.5397500814427225	1.5998975663753368	78.63563211768184	-10.271550424213626
ELF	103.75	1.9155175734628982	6.094691715588596	-3.40750725009099	1270080.0	1451886.6666666667	1950671.6666666667	0.8586069619759118	0.6510988095553412	52.410977739775326	5.922743804813709
EFC	11.5	-5.737703444335553	-8.802535185553943	-13.857680364096414	2301080.0	1433616.6666666667	1288816.6666666667	1.6304916470000115	1.7854207347825524	0.15060747210512204	-8.974483096328829
DAL	83.08000183105469	-1.1305449982658402	0.7030325224905303	5.498415023561508	6864500.0	6698083.333333333	6047941.666666667	1.1285168642770942	1.1350142541608508	17.73466649399859	0.5310846117156434
ENOV	18.690000534057617	2.918506008253274	3.6031019154262203	-3.6597891671837317	1559500.0	1825760.0	1464668.3333333333	0.747414775216896	1.0647461712037196	80.45975546990513	3.4311540046513334
DEI	9.640000343322754	-0.31023508515512743	-7.3967292543311105	-14.539002025458878	2620440.0	2046186.6666666667	1934635.0	1.2153338893812229	1.3544880558865109	31.547176499730554	-7.568677165105997
EMR	162.3300018310547	1.844533818096738	6.993145613621154	8.068700203359088	3095100.0	2367146.6666666665	2594783.3333333335	0.903746282444124	1.1928163558935556	88.82846062331589	6.821197702846267
DIS	103.61000061035156	-1.8751735923950852	-0.5948409542488875	-3.3128060194468385	8374760.0	8398186.666666666	9416865.0	0.8379904233294807	0.8893363130935826	65.4943741814116	-0.7667888650237744
EMBJ	75.2699966430664	-1.6464159889302499	-2.27213720627647	2.255122970996693	1326240.0	1236123.3333333333	1222206.6666666667	1.2890299511645278	1.0851192651542838	54.487289203830365	-2.444085117051357
DKS	137.1300048828125	2.213775446953076	10.919686103140554	-1.8888168483576415	3158620.0	4994120.0	3213670.0	0.7704260210006968	0.9828700519966269	84.99872186707576	10.747738192365668
EROC	12.390000343322754	4.29293117818995	-7.399101365101379	5.807005149108322	2370400.0	2413510.0	2471410.0	0.9479969007793628	0.9591285946079363	47.89266442497191	-7.571049275876266
EAF	8.819999694824219	-11.44578653570816	-5.769230573291758	39.99999091738774	605180.0	628163.3333333334	470395.0	0.5974560756491146	1.2865357837562048	33.69296642403408	-5.941178484066645
EQT	51.119998931884766	2.5065169977391015	1.9748610466302405	-8.07409032401809	7781600.0	7447106.666666667	7150578.333333333	1.1432090852286256	1.0882476405754593	90.29989596797017	1.8029131358553536
ESTC	94.91000366210938	7.925859707983501	5.79646040653762	-1.2691081100236024	1837520.0	2591816.6666666665	2314328.3333333335	0.9924698892025543	0.7939755018914775	97.64713093659326	5.624512495762733
ESNT	61.09000015258789	-3.7042851907183314	-8.093878395235457	-12.264824698683828	1139960.0	804323.3333333334	670263.3333333334	1.261805990128348	1.7007643761904525	71.60351496304797	-8.265826306010343
EVC	7.119999885559082	-2.197806588435245	-10.888609643067982	-15.338882107708729	1564440.0	1175963.3333333333	1460311.6666666667	0.8387166266521916	1.0713055546361678	4.538283803384218	-11.060557553842868
EVI	19.149999618530273	-4.154153867478789	4.019553379964779	46.96853423621335	52400.0	54490.0	80923.33333333333	1.2314186089190677	0.6475264653787536	13.737394742292693	3.847605469189892
EGY	5.789999961853027	0.5208286767206454	-2.85235025513188	-4.139072873823361	1097000.0	1284643.3333333333	1266590.0	1.0673001325919258	0.8661050537269361	67.78992644601055	-3.024298165906767
EVTC	29.1200008392334	5.8524194727605865	4.672901361142139	-4.743208603421473	455440.0	450776.6666666667	426465.0	1.4747879585604105	1.06794226958836	93.3203446206746	4.500953450367252
FAF	61.970001220703125	-4.249072849399621	-10.525556873631519	-19.004052423940642	1391760.0	941093.3333333334	819150.0	0.9869371794508515	1.6990294817798939	39.8008913686594	-10.697504784406405
EXPD	194.1199951171875	2.9377416652567376	1.0252413652245078	3.7353658162689527	1312140.0	1000303.3333333334	1095193.3333333333	1.6328047159028427	1.1980898349758644	90.55224834452319	0.8532934544496209
ELS	58.4900016784668	-0.9986461311816753	-3.2263351961435456	-6.580416693373406	1797880.0	1629136.6666666667	1595131.6666666667	1.2812921363257839	1.127104450102865	67.94786541019428	-3.3982831069184325
ENVA	178.0	4.693562832024717	3.8748829166655168	-23.660847708619624	358680.0	374333.3333333333	359638.3333333333	1.0437221727515584	0.997335285912236	95.12677022340365	3.70293500589063
EQBK	47.540000915527344	-1.02019128924222	-2.201192514686702	-6.784311930338542	125400.0	105700.0	113045.0	1.1929990539262063	1.1092927595205448	43.56928581796807	-2.373140425461589
ESAB	71.45999908447266	6.260221686948188	6.640795114728397	-4.337346715039958	1000480.0	914830.0	808526.6666666666	1.5437840910333067	1.237411258338212	90.16663762765022	6.46884720395351
FIGS	13.630000114440918	0.07342312016051418	3.8080730818126898	-10.328945490296833	2523840.0	2588513.3333333335	2848681.6666666665	0.7555688335904521	0.8859677195708658	41.28635428384793	3.636125171037803
FCF	20.3799991607666	-0.923677865223424	-3.0908297891386702	-3.686203649670171	1254320.0	953033.3333333334	896601.6666666666	1.274771781329789	1.3989713008935594	41.36047529139334	-3.262777699913557
FHN	23.360000610351562	0.7330749132337339	-2.381946040765133	-6.410250532086098	5527220.0	4865303.333333333	5359775.0	1.227590468836818	1.0312410502306533	69.59183681060794	-2.55389395154002
FLG	11.569999694824219	-3.9036567152652446	-8.101671528208913	-14.169138815083675	6476080.0	4818743.333333333	4563025.0	1.738586062894683	1.4192514833909522	5.777413567184325	-8.273619438983799
FMX	116.91999816894531	-1.6238959444295054	-2.452863696341697	-3.4357479345878357	503960.0	386776.6666666667	441878.3333333333	0.6016391888514474	1.1404949326171987	60.50080886856229	-2.624811607116584
ETN	432.6000061035156	0.27584025203511237	-0.6499291780235307	8.934330031873165	1789220.0	1978026.6666666667	2110475.0	0.7212744014236411	0.8477807128726945	29.86328980051337	-0.8218770887984176
FND	46.54999923706055	0.40983309794556005	-1.4814830961681549	-5.731068792710143	2500560.0	2502830.0	2453966.6666666665	1.216502918696036	1.0189869463046226	71.6686662853349	-1.6534310069430418
EXE	86.43000030517578	1.3128622419813998	-1.3919009691550503	-12.741042259218856	3026480.0	3129550.0	3231503.3333333335	0.7655733252384528	0.9365548129817803	78.53335182700094	-1.5638488799299373
FRO	53.75	11.746365291297748	7.910055246096981	18.339943123886123	3564700.0	3674930.0	2784868.3333333335	1.4650074967414346	1.2800246091826004	99.49128402515822	7.738107335322094
FDXF	111.58000183105469	-0.6411408736750297	-5.11904483093268	-12.27297767962758	1767320.0	1648300.0	1413691.6666666667	0.8964387550809926	1.2501453051407956	45.163550062666786	-5.290992741707567
EPAM	109.94999694824219	2.2315144847828523	-2.8109258219571864	-8.283283727630101	1082140.0	1099096.6666666667	1376303.3333333333	0.9511447279432503	0.786265624583728	51.681663923890156	-2.9828737327320733
FOIL	16.399999618530273	-4.3173850494130175	-17.83566948513434	-26.391386386445088	44660.0	33030.0	None	0.7478050257341811	None	42.11606565477169	-18.007617395909225
FBP	27.100000381469727	1.2705536236166821	-1.3109931354895497	-4.745168173170357	1482640.0	1354733.3333333333	1395261.6666666667	0.9870577235372275	1.062625051215005	89.71872261237019	-1.4829410462644366
FSM	11.140000343322754	-0.6244397376094014	-5.272107767790689	-12.006315342887353	7337960.0	4993646.666666667	5356911.666666667	0.6360081543614753	1.3698116483160228	24.798887969218626	-5.444055678565576
FTS	52.56999969482422	-1.0353901508277614	-1.9399382646649883	-5.398596394592781	935360.0	774520.0	775493.3333333334	1.1031348448071063	1.2061483442797702	15.702080583544245	-2.1118861754398752
GCO	35.65999984741211	2.20693743546503	6.036273311990842	3.5423962524696124	128140.0	217846.66666666666	200500.0	0.6527527006763167	0.6391022443890274	93.02522281061961	5.864325401215955
FCX	72.5999984741211	0.8893821536839553	0.6097488770538358	0.055128055227733654	12958200.0	12654470.0	13309978.333333334	1.0826609095442163	0.9735703301295131	83.9107956005636	0.43780096627894893
FTAI	164.6999969482422	-1.436271135613647	-14.548099899227394	-17.398065373186025	999360.0	1307753.3333333333	1450881.6666666667	0.5638678038162142	0.6887949740904667	6.113253530493807	-14.72004781000228
FUL	50.439998626708984	2.1673075105804345	1.632072418217481	-6.018259087821769	1219520.0	870553.3333333334	771245.0	1.3837176355268297	1.5812355347522513	88.46784859344962	1.4601245074425941
GENI	5.989999771118164	-2.6016312482627426	3.993047449600136	-21.494106405304077	7665120.0	6806970.0	6648650.0	0.9808181907662293	1.1528836681130756	62.45032758380899	3.821099538825249
GBCI	43.75	-0.7035891140006572	-2.38732642148541	-5.629854564257242	1078680.0	1018030.0	1070983.3333333333	1.183363948017249	1.0071865419629935	53.84579490162174	-2.559274332260297
GEF	82.05000305175781	0.526832015077074	-1.5242398556385226	-3.49328829519638	430300.0	367523.3333333333	318606.6666666667	0.9125951186772723	1.3505680985959698	69.16597262898442	-1.6961877664134095
FF	5.099999904632568	0.3937004178520325	-5.904062124666698	-3.773590168014016	232980.0	348166.6666666667	420858.3333333333	0.5428434657730972	0.5535829554679921	46.87055710136156	-6.076010035441585
GDDY	99.73999786376953	6.434744251636665	-4.800991639269806	-3.753738775207905	1698760.0	2388186.6666666665	2186115.0	0.6518753419609857	0.7770679950505806	94.60791532520626	-4.972939550044693
GEV	990.0	4.235760198937962	4.626834208999264	5.113392059299439	2002760.0	2147150.0	2339231.6666666665	0.775725962322148	0.8561614604225463	87.33685509038479	4.454886298224377
GLOB	35.75	5.800529835357264	-0.251116496106912	-11.400244480978984	1025500.0	981853.3333333334	1456856.6666666667	0.6969472697891063	0.7039127619509583	57.718494340852985	-0.4230644068817989
GMED	76.56999969482422	2.3936894152810715	3.069052027458426	-1.9841308208679365	1437580.0	1438656.6666666667	1487235.0	1.1168752331457354	0.966612539376763	87.85729359674909	2.897104116683539
GFL	42.279998779296875	2.125597152135097	-1.1225434075721388	-2.75989138816291	4576480.0	3061356.6666666665	2609251.6666666665	1.1923798490211857	1.7539434997646197	72.61642918677994	-1.2944913183470257
GOLF	83.38999938964844	-0.4773857518896159	1.7944351239748701	-3.6955734883683227	319900.0	352306.6666666667	360235.0	0.8288233735760511	0.8880314239316002	52.91269818414861	1.6224872131999832
GGG	78.83000183105469	0.7412163975139776	2.924671106239349	1.219831293195154	1464980.0	2240860.0	1844968.3333333333	0.9033585319921815	0.7940407287929965	87.24800556900475	2.752723195464462
GPOR	157.83999633789062	3.7806562814463596	1.0758149567006465	-13.20796447368631	276620.0	269583.3333333333	297871.6666666667	1.213353941267388	0.928654957671928	91.99049359467462	0.9038670459257596
GRND	13.539999961853027	-13.260728637740662	-14.789177663279512	-13.53767500776459	2656560.0	1494486.6666666667	1582350.0	1.0497919017901352	1.6788700350744146	15.758082773808667	-14.961125574054398
GSL	45.86000061035156	4.870800572632037	0.5922361413906366	0.26235008194426457	308640.0	299776.6666666667	322213.3333333333	1.2662760054707392	0.9578746999917239	96.01260580503033	0.4202882306157497
GWRE	163.22999572753906	12.43284471853324	9.271649746960296	-19.535642691302574	1487300.0	1555730.0	1373425.0	1.3605831346056192	1.0829131550685331	88.45911649641889	9.09970183618541
HAYW	12.430000305175781	-0.7188510327256529	-3.4937873079721617	-9.270069501975255	3142720.0	3242226.6666666665	3002673.3333333335	0.9404956264624723	1.046640660211678	78.9738608329354	-3.6657352187470487
FLS	74.30000305175781	0.28344813638462446	-0.4955070661048686	-3.7440073820987267	1290980.0	1610743.3333333333	1683826.6666666667	0.9932681184463489	0.7666941173675833	74.2974297794595	-0.6674549768797555
FPI	11.149999618530273	3.817503316105038	1.8264823082089063	5.887938283775627	1323760.0	729426.6666666666	572930.0	1.4500429561116495	2.310509137241897	29.481939392393016	1.6545343974340194
HCC	92.29000091552734	0.5885568561605926	4.317847453505279	-10.632319245142789	621660.0	627590.0	639410.0	1.056581526155611	0.972240033781142	93.12648664774225	4.145899542730392
HAL	32.779998779296875	1.079242894935263	-1.826896141066342	-12.094400711994966	10102560.0	11023536.666666666	11207856.666666666	0.8205261408846103	0.9013819769881664	92.0703733563701	-1.998844051841229
HIPO	32.20000076293945	4.376014148384303	2.1249605509134133	-5.8204093117890885	135200.0	179870.0	178280.0	0.6604770111747373	0.7583576396679381	88.52132856329602	1.9530126401385264
HIG	126.20999908447266	0.13487636282964338	-3.4575053857469387	-9.850000653948102	2209520.0	1667156.6666666667	1635705.0	1.4497137841474605	1.3508059216056685	71.17713314873133	-3.6294532965218256
HGTY	13.75	1.6260182658591706	1.1773351406595918	2.1545316569921154	495860.0	542280.0	341800.0	0.6867301025300583	1.4507314218841427	93.73564753331705	1.0053872298847049
GIB	71.05999755859375	4.947568334688281	2.362430759011577	-5.050773602701401	562800.0	419620.0	440903.3333333333	0.8169296029741194	1.2764702769314513	79.85773243974802	2.19048284823669
GIS	31.68000030517578	-5.714280524221172	-10.53374628158585	-19.307178656194612	13007840.0	10324900.0	9583490.0	1.2001084756268825	1.3573176368942839	21.204167601262498	-10.705694192360736
GM	80.2300033569336	-0.5084276237822913	-4.431201580152631	-8.014214361315943	8006640.0	7286626.666666667	6788761.666666667	0.8907551185093422	1.179396242368208	70.92374376176102	-4.603149490927518
GPK	8.609999656677246	-6.918922630516258	-6.918922630516258	-19.53271205461292	7994940.0	6418926.666666667	5615626.666666667	1.709849725655068	1.4236950699476698	0.5282827332654989	-7.090870541291145
GS	893.4600219726562	-2.4905058054937768	-6.872074095949486	-13.91905275521736	1953140.0	2018243.3333333333	2029028.3333333333	0.9400749496674501	0.9625986822920988	19.785044457753415	-7.044022006724373
HOG	26.190000534057617	6.161331386554314	-0.07630122515680138	-5.348751493153432	2278500.0	1831570.0	2140893.3333333335	2.021926543894036	1.064275349231162	88.88366061717862	-0.24824913593168826
GTY	27.8700008392334	-2.038664000535264	-5.429245033596067	-14.640123930336738	721860.0	667300.0	593320.0	1.0879664318897049	1.2166453178723118	27.86302739055253	-5.601192944370954
HTGC	16.690000534057617	-1.3010012734456688	-3.914797192409302	-5.812634419915734	1372260.0	1377326.6666666667	1492646.6666666667	0.8543361778130582	0.9193468425213379	18.25098023308965	-4.086745103184189
HDB	22.110000610351562	-1.3386846903311809	-6.511623818260399	-5.0257733753638245	11031760.0	11310133.333333334	9953833.333333334	0.6945099379907104	1.1082926175845151	22.32816955132637	-6.683571729035286
HY	31.940000534057617	0.2196413334826336	-2.0245336532374494	-6.389210041240546	154220.0	122356.66666666667	114865.0	0.9202604407878606	1.3426195969181214	76.88905230251311	-2.1964815640123363
HVT	27.889999389648438	0.2155927635891737	0.7950824457820471	0.97754722017066	118240.0	128413.33333333333	128458.33333333333	0.9064479285640121	0.9204541031462862	83.58662351062901	0.6231345350071602
IBP	191.11000061035156	-2.5396480292435877	-5.615367126186224	-19.60033526968674	414660.0	416510.0	387778.3333333333	1.1442702456123501	1.0693222502546558	14.966213927351589	-5.787315036961111
HMY	17.299999237060547	-2.4802736174437032	-8.947372436523438	-16.666671260473535	3445100.0	4225203.333333333	3557768.3333333335	1.0019636135854606	0.9683317397938127	7.761353427296072	-9.119320347298324
ICL	5.059999942779541	0.796811992131617	-5.2434494720502	-13.207547015490093	1196220.0	1180193.3333333333	1164860.0	0.7441153709279271	1.026921690160191	63.50327585951957	-5.415397382825087
HP	40.130001068115234	7.099011904868559	-0.39712048591800136	-10.86183771640802	977660.0	1243760.0	1218301.6666666667	0.982343860551875	0.802477766179969	94.95335078995251	-0.5690683966928882
IIPR	50.540000915527344	-8.458609393925366	-10.007120632397472	-11.0211239535523	710580.0	408833.3333333333	358066.6666666667	0.8900937627395027	1.984490783839136	2.488063767908585	-10.179068543172358
INFQ	12.65999984741211	-10.403398833142699	-9.312322257754257	0.0	5924800.0	8013156.666666667	8979890.0	0.9737735482521037	0.6597853648541352	1.14947152172779	-9.484270168529143
IHG	159.50999450683594	-0.9931140819652025	3.175930277798779	-0.7837343609754653	170640.0	171283.33333333334	214101.66666666666	0.659725600856281	0.7970045383423763	18.018783714862323	3.003982367023892
IFF	83.26000213623047	-2.869807570509596	-0.40669419150273434	-3.7011299816412726	1735680.0	1666066.6666666667	1657893.3333333333	0.987955664039054	1.0469189815187145	54.95342782260636	-0.5786421022776213
HRI	135.50999450683594	1.2023903538010796	-3.716079850929204	-2.468697188930031	667620.0	769160.0	622168.3333333334	0.7119454989859068	1.0730536483963342	57.924581120088824	-3.888027761704091
HSBC	96.68000030517578	-4.447519259169053	-6.32690518091408	-9.186547870939538	2100420.0	1440720.0	1360286.6666666667	1.1027125326225775	1.5441009983189817	39.878551013225774	-6.498853091688967
INGR	96.8499984741211	0.41472424938858055	-0.1855099530457663	-4.750198482059631	763880.0	647400.0	642553.3333333334	1.589125733704047	1.188819605117085	84.32263473352899	-0.3574578638206532
IR	78.55000305175781	2.841065562152448	8.629519712136213	4.177720772058284	5116120.0	4416926.666666667	4339893.333333333	0.9747728058272795	1.1788584665675348	94.20298421854685	8.457571801361327
IDT	80.08000183105469	15.123640945500938	16.32772529213135	16.513891924575454	608100.0	309913.3333333333	243961.66666666666	1.5504334545141654	2.492604712488984	80.39781770753979	16.155777381356465
HPQ	31.469999313354492	0.47892598975683126	-4.491658316589764	-1.4406545174593186	11826880.0	16468810.0	15365088.333333334	0.5411441385260988	0.769724178828346	28.929258445342782	-4.663606227364651
HUM	404.07000732421875	3.7060807074520126	6.733060820975922	-0.602671887155524	1276240.0	1049490.0	1207031.6666666667	1.447274390418203	1.057337628535015	92.76537268618202	6.561112910201035
INSW	116.5999984741211	7.653957254539318	6.874427227218548	14.045384302027916	757540.0	743273.3333333334	623406.6666666666	1.462315343839413	1.2151618526162697	98.83716011519502	6.702479316443661
IRT	14.720000267028809	0.1360575375726601	0.40927981064945873	-8.74146910786808	4978160.0	3733623.3333333335	3229245.0	1.199746091151848	1.5415863460344446	83.0938640246901	0.23733189987457184
INVX	28.40999984741211	-1.559254169863205	3.951701158876558	-7.759738470293972	706480.0	803310.0	715866.6666666666	0.9769578369496209	0.9868876885826039	83.38957485008467	3.779753248101671
ITT	206.1999969482422	-0.4730165856664891	0.25282200067005733	1.3367413395984258	877000.0	801733.3333333334	861276.6666666666	0.9067852985198736	1.018255845005283	77.80437598172881	0.08087408989517045
IVR	5.699999809265137	-8.800003051757812	-12.442402321632878	-19.718311467215194	4538220.0	3344276.6666666665	2989855.0	1.1243686975658913	1.5178729403265376	0.8724604059230643	-12.614350232407764
JMKE	16.09000015258789	-3.479303665576225	-16.11053234318273	-19.83059094546332	3882200.0	3343876.6666666665	None	0.9170792782429177	None	2.4276012282583963	-16.282480253957615
JOE	66.20999908447266	0.3333857066601183	2.555764541938509	0.2118955506206923	218220.0	262326.6666666667	239075.0	1.087575287809093	0.9127679598452368	83.45806677317651	2.383816631163622
KFY	71.70999908447266	0.5609333046887771	-6.591113429533739	-16.216845247454817	766060.0	587256.6666666666	474798.3333333333	1.3924065002809676	1.6134429003190829	31.05340480477851	-6.763061340308626
JKS	9.199999809265137	0.0	-12.878793146874958	-24.528300853511162	712180.0	855500.0	732165.0	0.7323202805376973	0.9727042401644438	32.62395584572266	-13.050741057649844
KBR	34.52000045776367	-0.9184836206163146	-3.4135455047786714	-7.428265995590951	1834480.0	1366750.0	1472815.0	1.1680263398573258	1.2455603724839848	41.389820197739766	-3.5854934155535583
HLF	12.5	-0.7936537971601397	4.865771140887298	2.7115852229850397	1015440.0	1587086.6666666667	1555390.0	0.649176898552064	0.652852339284681	62.994988613987594	4.693823230112411
KEN	61.209999084472656	-4.50857949835242	-7.383866732975101	-8.106893073710191	14360.0	14836.666666666666	17483.333333333332	0.586385082004044	0.8213536701620592	61.639728864861624	-7.555814643749988
KIM	22.030000686645508	-2.045349440436148	-2.2626451116535105	-7.9013352158035	4884160.0	5493463.333333333	4827203.333333333	0.9116835220525729	1.0117991024478632	7.5880888370242445	-2.4345930224283974
KEY	20.18000030517578	-1.0784280268057287	-3.306183547249739	-8.770345662088369	13209440.0	13577506.666666666	11859586.666666666	0.9303991012586503	1.1138195934878001	76.45192222572307	-3.478131458024626
KNF	51.970001220703125	-2.6231923162832254	-6.208263194697785	-16.35280810034649	1190960.0	1077180.0	885381.6666666666	1.050984979297796	1.3451374077845901	76.63924574437965	-6.380211105472672
KVUE	17.389999389648438	-2.74049101855302	-1.5846105570828857	-8.232196889099407	18946560.0	23981176.666666668	22482048.333333332	0.5808805878721826	0.8427417163723739	56.43425659996886	-1.7565584678577726
KSS	19.530000686645508	7.42574454789963	12.04819474871804	0.9824226088860355	4070860.0	4563660.0	3927425.0	1.1247770429874269	1.0365213848768595	93.65299248116067	11.876246837943153
JBTM	109.76000213623047	-1.250561736901826	-0.6876533929786511	-6.6983996041327405	619040.0	538440.0	577153.3333333334	0.9707674021246564	1.0725745902302102	77.99830213067675	-0.859601303753538
IX	37.34000015258789	-4.329999179004406	-5.873451282842266	-9.346925473371162	472360.0	350946.6666666667	298446.6666666667	1.3190038372402264	1.582728349007081	41.063122063616504	-6.045399193617153
KMT	32.86000061035156	3.3333377318313344	11.503228286336853	11.654774956195144	1718780.0	1439040.0	1431098.3333333333	1.5034328441183011	1.2010215929722976	92.29091118383923	11.331280375561967
KNX	65.23999786376953	2.65932123839181	-2.0714572589586115	-6.223949762898771	3071460.0	3515070.0	3647293.3333333335	0.8682615139954538	0.8421203668839358	41.65563691340591	-2.2434051697334985
KWY	9.319999694824219	1.3043466092057148	-4.800819906641227	-7.5396848674023715	56543.6	42527.26666666667	56528.63333333333	0.9315905560197457	1.0002647625775491	37.58705975154363	-4.972767817416114
KR	58.779998779296875	-1.5245432540601858	-1.5245432540601858	0.46146037516515304	7424200.0	7434280.0	6985815.0	0.8716513233292262	1.0627535942477722	29.981843657173542	-1.6964911648350727
LBRT	19.59000015258789	3.377305350298905	3.9257281492981413	-3.876344655104465	4595080.0	3787750.0	4434103.333333333	0.9241370206587024	1.036304220845853	92.61487581424659	3.7537802385232544
LAD	303.0	-0.02309939041373284	-4.159416147510672	-20.048553692471433	390120.0	282933.3333333333	307191.6666666667	1.135603204524034	1.2699563247700947	44.384177580977465	-4.331364058285559
LION	11.170000076293945	1.8231522734438916	-2.700343887661813	0.6306278596267061	3034140.0	2731280.0	2704868.3333333335	0.8223982894467063	1.1217329740634325	45.78935975957439	-2.8722917984367
LMND	46.66999816894531	6.285580348722927	-2.4864237907027236	-15.268706213745487	953200.0	1021890.0	1214253.3333333333	0.8607580072219123	0.7850091688719543	79.03939483892921	-2.6583717014776105
LH	308.6499938964844	-0.29719075038520343	-3.844355498089027	-6.892912851739254	622560.0	763823.3333333334	747563.3333333334	0.9241665830231248	0.8327856279735496	66.94833928643713	-4.016303408863914
LEA	121.33000183105469	0.9065236083255072	0.9233077683253333	-7.417017164710968	560620.0	647860.0	652795.0	0.9086839749328559	0.8587994699714305	70.26746360732827	0.7513598575504464
LSPD	10.210000038146973	5.366362025612209	6.799158891212001	-3.40586250776834	1369220.0	748710.0	774020.0	3.430433679261663	1.7689723779747293	94.31967370844733	6.627210980437114
MA	564.5900268554688	-0.6458281151386862	-0.5390641111576325	-3.6058790740947035	3137520.0	2771606.6666666665	2876580.0	0.8676555836446249	1.0907118870325179	86.0590764157077	-0.7110120219325194
MAGN	11.680000305175781	-1.931146475088361	-1.2679595900054932	-5.8064462540671515	353440.0	367080.0	429716.6666666667	1.2465947477389125	0.8224954427335841	74.21893260906037	-1.43990750078038
KAI	267.1400146484375	-1.0005861718409743	0.4890228439871451	-10.223142613168669	141180.0	166390.0	142671.66666666666	0.9946511208606287	0.9895447589453641	53.92174226330909	0.3170749332122582
KRG	24.1299991607666	-2.7016132939742703	-4.24603797531013	-7.512460637631981	2370200.0	2125570.0	2405740.0	1.386969142394746	0.9852269987612959	4.154276136156966	-4.417985886085017
LVS	36.61000061035156	-5.595663324527461	-9.066065234358012	-17.748816016826837	6224360.0	5741486.666666667	5432366.666666667	1.0211989229270466	1.1457915825514968	38.462651522698486	-9.238013145132898
LTM	50.790000915527344	-1.3786389989760315	-4.727068829201389	-1.817124753580362	1057840.0	825283.3333333334	775981.6666666666	1.9944665468424985	1.363228083137703	79.83938331677817	-4.899016739976276
MAS	68.45999908447266	0.1462821434000269	1.0628893466325526	-4.144496164044592	1733460.0	2187133.3333333335	2373061.6666666665	0.804340537080501	0.73047406409582	72.07098128562623	0.8909414358576657
LXP	60.91999816894531	0.016414909798473633	0.09858290830109706	0.3293757315900653	986860.0	832666.6666666666	837625.0	1.1309447558046437	1.1781644530667064	28.365313408294355	-0.07336500247378983
LZB	29.520000457763672	-1.0392204717909659	-0.6060616180198587	-7.576706436537156	739400.0	806860.0	658958.3333333334	1.155095059861686	1.122073980398356	33.95989548088599	-0.7780095287947456
MAN	54.20000076293945	-4.9456325362765865	-4.155611858224397	-11.884242819162445	1083340.0	819670.0	1105120.0	1.1069088779630827	0.9802917330244679	15.380693383187989	-4.327559768999284
LYG	5.460000038146973	-4.545450377297415	-7.300506588893904	-10.491801253956673	17972520.0	14552286.666666666	14672041.666666666	1.0786895805149523	1.2249501745099098	28.737700644452048	-7.472454499668791
MCY	101.91000366210938	3.09560468914867	1.564687444209005	-3.9038182654534266	354560.0	302990.0	292316.6666666667	1.2614277698933958	1.2129311819373967	73.80383385872508	1.3927395334341182
KOF	108.1500015258789	-0.5700056415576086	-2.7078103967861553	-3.8752115612550995	100400.0	120546.66666666667	127503.33333333333	1.0178630682446632	0.7874303939766281	73.839891349819	-2.8797583075610422
MFA	7.349999904632568	-8.23970418714209	-13.017750644520204	-17.13641488768415	2626440.0	1793216.6666666667	1618718.3333333333	1.7780338869629064	1.6225429377769038	0.11855815353601429	-13.18969855529509
MG	20.6299991607666	-4.4465075731193	-1.7151053562512013	8.237144484865249	375920.0	419760.0	313231.6666666667	1.0363064608347627	1.2001340860598384	9.578828717973195	-1.8870532670260882
MGY	24.0	1.223116519296963	-1.071723934166754	-11.797130439098167	6263420.0	4446556.666666667	5160023.333333333	1.0939026227785245	1.2138355963506626	56.46249504325049	-1.2436718449416408
LOMA	9.770000457763672	4.940923924962737	1.5592575258733727	-3.6489139352221915	570100.0	390006.6666666667	395625.0	1.8143279602058084	1.4410110584518168	92.42018618922029	1.3873096150984858
MHO	132.0	-3.930126736797871	-5.942708105685546	-10.496335893674338	186200.0	202973.33333333334	208271.66666666666	1.3878670432897589	0.8940246312908622	1.7117380220302039	-6.114656016460433
MLR	54.29999923706055	0.49972323498761617	0.425373670306021	-1.6126099144668682	61480.0	92300.0	91905.0	1.1018418201516793	0.6689516348403243	75.91309178783673	0.2534257595311341
MKL	1726.5799560546875	-0.7940742453176981	-2.708158172758821	-6.315859404205623	90400.0	71636.66666666667	67298.33333333333	1.6793076171420593	1.3432724931276159	39.430555529879186	-2.880106083533708
MAX	9.640000343322754	4.782614599779681	-10.658013184392798	-21.112928537876048	1087220.0	776163.3333333334	857953.3333333334	1.3504889434783915	1.2672251015983775	68.04355962387805	-10.829961095167684
MP	46.84000015258789	0.8396111587571855	-6.319999694824219	-12.904423176336335	5616800.0	5180316.666666667	5967595.0	0.7547994170240557	0.9412166877946644	53.771262661924204	-6.491947605599106
MMS	54.40999984741211	4.4337839557489245	-2.7872098253840596	-6.880028130699115	829800.0	659873.3333333334	651948.3333333334	1.1085460846020954	1.2728002474633726	80.24106555128617	-2.9591577361589465
MOH	194.0500030517578	2.3254607025431664	-1.8958543691320102	-4.366468114162301	749420.0	623366.6666666666	928046.6666666666	1.4498689909630502	0.8075240469229278	80.03959269229115	-2.067802279906897
MSDL	13.5600004196167	-4.237284140261247	-7.4402677631122405	-10.789469804129723	730040.6	454406.76666666666	454333.38333333336	1.4918417808185516	1.6068390014483855	24.409719324632817	-7.612215673887127
MCK	915.4500122070312	6.908878498844039	3.2691509539708417	-0.6435990193357265	770560.0	879803.3333333334	934516.6666666666	0.7929044748637005	0.8245545825827968	93.43103217481962	3.0972030431959547
MDU	18.690000534057617	0.8634637964553373	0.7004368095688066	-5.27115576435959	2136580.0	1924480.0	1676616.6666666667	1.158858496840705	1.2743401890712447	79.165841007406	0.5284888987939197
MC	56.04999923706055	-3.528398091049276	-7.4471632000648045	-18.932600908509283	1010200.0	810916.6666666666	853288.3333333334	1.149809885931559	1.1838905567285773	2.1991687436665472	-7.619111110839691
MSGS	400.32000732421875	-3.847814083341268	0.05748981190068854	3.423153370005622	358380.0	286420.0	245918.33333333334	0.8815725158857621	1.4573130646352785	31.777713786825444	-0.11445809887419835
MEI	15.399999618530273	9.53057723272888	14.925373559222251	0.5221927238881228	531820.0	732463.3333333334	656066.6666666666	0.5843295910147948	0.8106188395488264	67.21281833523439	14.753425648447365
MTN	139.3000030517578	0.8762450184345272	-0.8046640197669945	2.3813064466422365	1200660.0	911913.3333333334	762555.0	0.9035946398415053	1.5745224934594881	42.71465306082043	-0.9766119305418814
MS	190.19000244140625	-1.781655112123811	-7.7285042951434235	-12.415377486922694	6349620.0	4982460.0	5202683.333333333	0.8627665851808143	1.2204509852287762	56.258143586386254	-7.90045220591831
MUX	17.899999618530273	-1.2141347158592768	-5.190675772236297	-12.852975556594764	2480880.0	1243640.0	1130358.3333333333	0.5468624360747483	2.1947730439462414	66.05506420883262	-5.362623683011184
MUFG	22.969999313354492	-1.7116025310850072	-1.9214379226025293	-4.8072933599524275	3080900.0	2797606.6666666665	3029325.0	0.8547663359871891	1.0170252448977908	65.01962401377867	-2.093385833377416
LNG	274.92999267578125	1.9580934169513862	-0.018189798730265484	-5.4736163292595315	2049900.0	2122103.3333333335	1880265.0	0.7933638167164337	1.0902186659859117	80.28836094057655	-0.19013770950515238
MXL	105.48999786376953	17.211108737521702	22.691316288792184	77.4432237342055	2980220.0	2745066.6666666665	3111393.3333333335	1.0264231591218187	0.9578409672836821	89.7866847558541	22.519368378017298
NEM	115.81999969482422	-0.19819332260681907	-5.875662883074028	-11.201405965937674	4837320.0	7145616.666666667	7419030.0	0.5590700126184583	0.6520151556200743	57.06056478871831	-6.047610793848915
NGVT	73.13999938964844	0.5499058807068508	6.061485441807334	4.740079438350713	283420.0	259986.66666666666	250000.0	1.145443356069542	1.13368	90.8078683765547	5.889537531032447
NGG	76.0199966430664	1.0366810226512106	-0.8607246472126393	-2.750417776948394	997320.0	907290.0	843590.0	0.8228901453779938	1.1822330753090957	66.56906602906233	-1.0326725579875262
NIQ	17.31999969482422	-1.4789546644493106	-5.818378087747582	-7.970244550070436	1761240.0	1244360.0	1540398.3333333333	2.958307885177923	1.1433665967352602	66.43032323490507	-5.990325998522469
NI	39.54999923706055	1.150897136830562	-2.393882551196447	-5.064811853288171	5482660.0	5454006.666666667	5606263.333333333	0.7467720978216625	0.977952635118222	74.54316466389696	-2.565830461971334
NOAH	7.699999809265137	-3.2663345180380428	-5.867976503704173	-7.451921974766143	101360.0	97713.33333333333	103458.33333333333	1.2096609128743945	0.9797180829641563	11.696749104564645	-6.03992441447906
LUMN	5.619999885559082	1.6274805124076388	-13.0030982604892	-18.668596097525967	13595780.0	13150486.666666666	12781908.333333334	0.9990732915841392	1.0636737211253666	38.00963796024531	-13.175046171264086
MRP	22.510000228881836	-14.540622253298505	-21.51324968842649	-29.035306695593587	5109580.0	2134660.0	1621288.3333333333	3.4128151555751267	3.151555398844335	0.5454069622195021	-21.685197599201377
MO	67.87999725341797	-1.8081875447177118	-0.9484919560151425	-2.316881076191512	7250820.0	7843760.0	8580146.666666666	1.1814741909492386	0.8450694704519426	71.30278139418083	-1.1204398667900293
NOV	19.510000228881836	0.051283225035056085	-3.176175691139386	-9.213585683222671	3750140.0	3303103.3333333335	3344620.0	1.3461583097107668	1.1212454628627468	84.94612585978932	-3.348123601914273
NOK	10.199999809265137	0.7905130890387859	-6.764166357419887	4.401221405877913	60855600.0	76042690.0	84651171.66666667	0.60646723570668	0.7188984960495625	29.972852643629267	-6.936114268194774
NTST	17.440000534057617	-3.8058392644724686	-3.911840768017325	-14.635338847061451	1891660.0	1476736.6666666667	1634086.6666666667	1.301857022579065	1.1576252585542177	24.626041166159652	-4.083788678792212
NPK	151.85000610351562	3.8077709671180813	0.32373512895622364	4.941264205990914	103200.0	107943.33333333333	99698.33333333333	1.07000586727604	1.0351226199033752	98.3084291630028	0.15178721818133675
NVGS	23.719999313354492	3.4903980558358834	-2.627263058134356	4.862946212686229	517440.0	455806.6666666667	437528.3333333333	1.5728159599830336	1.18264340976013	60.84173416190523	-2.799210968909243
NWG	17.5	-4.580153465644117	-7.651718757580326	-7.651718757580326	4660600.0	3222560.0	3491760.0	1.8384762424904424	1.3347423648818935	27.063290659647194	-7.823666668355213
NXRT	18.610000610351562	-6.199594419236379	-12.915302388826882	-21.476793201404902	917240.0	785630.0	529230.0	0.9933429222407495	1.7331594958713603	9.148361620051674	-13.087250299601768
OBDC	10.170000076293945	-5.5710339458454685	-9.11527741142611	-10.632689156228697	5112400.0	3304090.0	3692391.6666666665	1.5147589805362445	1.3845768438252533	1.0594367112514647	-9.287225322200996
MTDR	53.0099983215332	3.0320651806820766	-1.9966755925457613	-11.23577153719777	1543920.0	1766126.6666666667	1942891.6666666667	0.8182878540233052	0.7946505852530806	56.24953804809418	-2.168623503320648
MTW	23.510000228881836	6.044204546578839	3.2952547999022865	14.96332201360047	702280.0	453750.0	399908.3333333333	1.0838567493112947	1.7561024401425327	90.92185867514952	3.1233068891273996
NCLH	14.869999885559082	3.913343462762684	4.424158178139132	-4.618346760627137	26177220.0	18569893.333333332	16487093.333333334	1.161584485855959	1.5877401474446273	48.740512894053936	4.252210267364245
NLOP	9.569999694824219	-4.3000030517578125	-8.770258306648937	-14.016176132762432	189280.0	149953.33333333334	137668.33333333334	1.378428844529409	1.374898608975678	4.897054948594132	-8.942206217423823
ODC	87.88999938964844	-1.9959867411196204	-2.2140608862711724	-1.4022885444905655	122640.0	113533.33333333333	124083.33333333333	1.9994128009395187	0.9883680322364004	10.76799702907364	-2.3860087970460593
OII	45.65999984741211	-0.3926708215022101	-0.587852070476137	-11.81923344179706	889080.0	893736.6666666666	986743.3333333334	0.9217480167536299	0.9010245825493289	87.64364040667658	-0.7597999812510239
OPFI	6.039999961853027	-1.30718832029433	-6.356586969555609	-17.486341253976168	589400.0	852263.3333333334	874498.3333333334	0.744957544420934	0.673986418880158	69.69688268902576	-6.528534880330496
NVS	140.92999267578125	-4.0509341021457885	-0.03546818929860763	-13.587592224968953	2058480.0	2298590.0	1980438.3333333333	0.5782240416951261	1.0394062593887043	8.55234613546888	-0.2074161000734945
NATL	45.5	-0.546448087431694	-1.258684479182913	-0.2630401900358132	1241460.0	792686.6666666666	711391.6666666666	2.0324550263660295	1.7451146227464946	73.33030316128495	-1.4306323899578
OFRM	16.309999465942383	-0.7907607292707816	-0.548781430983693	-6.8000030517578125	711300.0	404543.3333333333	426731.6666666667	0.6031492299959625	1.6668554399915636	83.34516136942476	-0.7207293417585799
NEXA	12.470000267028809	1.9623935713459144	-3.0326547438587195	-9.963899468820635	488120.0	792623.3333333334	692818.3333333334	0.43387569547536237	0.7045425568511225	77.42409159962892	-3.2046026546336064
OGS	72.56999969482422	1.2698799695931486	-2.3415393903055044	-9.895705401173624	622020.0	567363.3333333334	530715.0	1.0176900163916125	1.1720414911958397	82.46993055297663	-2.5134873010803913
P	143.8800048828125	11.190117209674403	26.588069898837695	46.59195379113276	4430140.0	6427586.666666667	4619363.333333333	0.7716582066052785	0.95903692355873	99.86969891775877	26.41612198806281
OKLO	35.970001220703125	-3.071946566690282	-10.477847318309616	-9.713852703470389	8265700.0	9981486.666666666	9574626.666666666	0.7641547050773332	0.8632921457686079	20.15251027558952	-10.649795229084502
PATH	13.15999984741211	7.957344548147294	-3.164093453625885	-27.771677588558504	34165360.0	54409070.0	66591793.333333336	0.5426209269888275	0.513056613883052	66.82996341689781	-3.336041364400772
ONTO	325.4100036621094	12.700012006639163	17.91071480109115	28.895664663006276	777300.0	832880.0	996301.6666666666	0.955960042262991	0.7801853856178099	80.39756500079488	17.738766890316263
PBH	45.599998474121094	-2.8340119804090547	-2.5641042361154187	-13.242014302356411	604160.0	569046.6666666666	550008.3333333334	1.0621273006314655	1.0984560839987272	60.19904072149711	-2.7360521468903056
OMC	75.25	0.19973572426981562	-0.449790123511617	-11.188484576116602	2365540.0	2982716.6666666665	2912275.0	0.7905879986365897	0.8122653252182572	75.94586864976544	-0.6217380342865039
PCRX	25.049999237060547	-1.3391105189490846	3.898791384954999	-5.827071887897235	562540.0	529796.6666666666	589920.0	1.0573867961922498	0.9535869270409547	34.51929507644475	3.726843474180112
PB	67.22000122070312	-0.14854200025907302	-3.8478076104925285	-7.180332891077064	1095040.0	1072760.0	998345.0	1.026697490585033	1.0968552955140758	60.072722752524925	-4.019755521267415
ORN	9.260000228881836	10.898201267530188	0.8714588349299933	1.2021925129788305	592840.0	453880.0	539131.6666666666	0.7136247466290649	1.099620068072425	82.20424271240833	0.6995109241551064
PEB	19.100000381469727	1.9754449988054885	4.772357987271089	7.72702128936771	2259420.0	2187020.0	2162565.0	1.0484586332086583	1.0447870931047158	97.82335736115938	4.600410076496202
PHIN	60.18000030517578	-0.921964698413145	-0.2651638167177685	-12.04325940410435	542080.0	400273.3333333333	373806.6666666667	1.13797238553655	1.4501614025075351	64.93440598391999	-0.43711172749265537
PFSI	62.95000076293945	-1.1152985959385278	-5.480477169380009	-14.03796548238285	671740.0	572746.6666666666	589263.3333333334	1.0470597821026166	1.1399657199101703	77.32103028497824	-5.652425080154896
ORC	5.050000190734863	-11.091543250768584	-16.940785294341858	-22.54600911797485	9080440.0	5605976.666666667	5167415.0	1.401361523088751	1.757249998306697	2.5886479697012135	-17.112733205116744
PIPR	65.62999725341797	-8.453068742662202	-11.154738306200114	-15.588427969880424	1454220.0	775046.6666666666	655453.3333333334	1.1426408732377407	2.218647653532415	38.089671563920156	-11.326686216975
PFE	27.40999984741211	-4.561279586567563	-1.1896176151004805	-4.859422577169004	33082780.0	32814703.333333332	36470816.666666664	1.0049793735755244	0.9071028022862115	1.3016846822893058	-1.3615655258753674
PII	52.65999984741211	0.6883376971379778	-3.2163205383343425	-13.799312954853004	873660.0	845630.0	825671.6666666666	1.2057282735948347	1.0581203585767547	39.87043023777817	-3.3882684491092294
PH	975.6799926757812	0.6322525872819112	1.8274429462341906	1.1570494047344833	448680.0	594946.6666666666	609720.0	0.562907599560745	0.7358787640228301	81.21922740306607	1.6554950354593037
OUT	28.889999389648438	3.5112846563745013	2.374203021248418	-1.7346946785686088	1553700.0	1622410.0	1676410.0	0.9447057155712798	0.9268019159990695	94.26141073716428	2.2022551104735313
PL	17.360000610351562	3.5181880529690153	1.6988923298884104	-5.3950940083788215	10097500.0	11136353.333333334	8808453.333333334	0.6084666853841443	1.1463419987466585	73.2097479817631	1.5269444191135235
PKE	30.049999237060547	0.9066438690047337	-0.8250825290260071	-2.435064995383349	185080.0	238656.66666666666	258541.66666666666	0.755897593474587	0.7158614020950846	48.86986663796095	-0.997030439800894
OPY	121.68000030517578	1.5692798042799248	2.106236615588498	-2.4531005379169724	121060.0	118950.0	122216.66666666667	0.9861286254728878	0.9905359334515205	92.99998834198277	1.934288704813611
POR	44.25	0.15844204241894977	-5.9910765096824585	-10.006097929962248	1958080.0	1405570.0	1232938.3333333333	1.2768485383154164	1.5881410668011242	13.06007594091237	-6.163024420457345
OSK	132.6699981689453	-0.09036457809658692	-7.469665468780463	-15.150935244904245	713200.0	602140.0	720241.6666666666	1.2093533065400073	0.9902231889759225	55.167051301529405	-7.64161337955535
PAG	200.58999633789062	-3.1995004554367807	-5.453434730631601	-8.664966397591721	560160.0	370480.0	424438.3333333333	1.0866983372921615	1.3197676929903441	23.50330503981735	-5.625382641406488
PNFP	96.0199966430664	2.7391371535109137	-0.4870983844011494	-5.2777014487118725	1461860.0	1056486.6666666667	1118225.0	1.3942438144037153	1.3073039862281741	88.99273501831236	-0.6590462951760363
PRMB	19.8799991607666	2.001023059150415	-2.929689428128811	-9.265178917311953	3649760.0	4224003.333333333	3998866.6666666665	1.4001172663216017	0.9126985979360819	92.97155009422727	-3.1016373389036977
PANW	406.760009765625	3.741491383292581	9.414675887830336	22.54022015241321	5169900.0	6532260.0	6175221.666666667	0.6811272055919391	0.8372007158717379	91.97170381869111	9.24272797705545
OXM	25.3799991607666	-1.818186513606553	-9.486453879849012	-30.712535024033215	626740.0	565546.6666666666	442471.6666666667	1.6370001886080725	1.4164522775469615	65.32717067360153	-9.658401790623898
PLNT	42.06999969482422	3.8765424563560953	-10.584483789563297	-18.31068020422482	2504120.0	2398173.3333333335	2259493.3333333335	0.9216181204583488	1.1082661599650658	49.52290529083504	-10.756431700338183
PM	189.52999877929688	-2.183110986509564	1.0934516206929303	1.8048024082282221	3987480.0	4276943.333333333	4667938.333333333	1.2439491443655633	0.8542272230817103	60.651538225589164	0.9215037099180434
PVH	74.9000015258789	-1.096001312904597	2.043596687761838	3.3673785153678177	796680.0	1023026.6666666666	946861.6666666666	1.0113128364200348	0.8413900657787041	31.36962609416031	1.8716487769869512
RBA	82.30000305175781	1.8942756868651518	-1.6726331511697583	-1.164877663519591	1682340.0	1713443.3333333333	1725491.6666666667	1.0593872377843447	0.9749916690411912	91.59571419177149	-1.8445810619446452
Q	131.52999877929688	5.299811802980222	7.970775824000602	11.023885729741565	1318860.0	1574040.0	1725966.6666666667	1.2082285075347514	0.7641283145676818	99.20119983143685	7.798827913225715
PRI	277.9700012207031	0.9148625529113514	-2.640891137621222	-6.6682289383052655	189440.0	197820.0	186033.33333333334	1.3037104438378324	1.018312130442573	88.21659253958383	-2.8128390483961088
PPL	32.95000076293945	2.6160078997852554	-0.3025672509213273	-6.152092879130488	9022200.0	7241723.333333333	7540288.333333333	0.9376083133066393	1.196532493341877	86.42911710913849	-0.4745151616962142
PRKS	34.38999938964844	7.334576800783513	1.1173216314881123	-15.316427301696804	725720.0	709930.0	669393.3333333334	1.470708379699407	1.0841458435000846	88.22993932840288	0.9453737207132253
PSX	269.7200012207031	6.3774395481448645	3.0448906287308977	5.913766332374601	2260360.0	3073613.3333333335	2888481.6666666665	0.6521314760911153	0.7825426161033854	97.78919427039213	2.8729427179560107
RACE	383.3999938964844	-3.668343242089353	-7.865333093571397	-8.262149016446472	575020.0	406600.0	435271.6666666667	1.4476143630103295	1.32106002764557	8.958734705220934	-8.037281004346283
RCUS	24.739999771118164	-1.0795699931736595	-4.662816787078305	-17.889145502091342	1281980.0	1533386.6666666667	1346640.0	0.9070771451427776	0.9519841977068852	39.60620038619864	-4.834764697853192
REZI	18.559999465942383	1.8660821372187695	-1.3290803141842353	-4.966723945721138	1769840.0	2099020.0	2440192.4833333334	0.8519690141113472	0.725287046857212	96.20754320297297	-1.5010282249591222
RES	6.099999904632568	6.457240564179077	7.394367763859487	-5.718700116806683	2195820.0	1915503.3333333333	1645728.3333333333	1.3622529152476894	1.3342542359664464	96.66414619286495	7.2224198530846
PSO	16.239999771118164	1.8820589625614614	2.1383657908497407	0.6819629018897888	549580.0	629023.3333333334	720603.3333333334	0.960218751821607	0.7626664693011874	86.14483525287473	1.9664178800748537
RITM	8.739999771118164	-3.7444951040166705	-8.481679617164179	-13.03482979855457	8517400.0	5852650.0	5788771.666666667	1.1816356693121919	1.4713656869635268	26.08295563151637	-8.653627527939065
RGR	44.40999984741211	5.637485443082886	6.960499416632465	19.317566875064056	250920.0	203123.33333333334	158425.0	1.412442358501403	1.5838409341959918	96.82651802956494	6.788551505857578
RHP	120.62000274658203	-1.2040246010330835	-0.8711354009987309	-1.3333310866404653	612880.0	590806.6666666666	700120.0	0.9910179302874037	0.8753927898074616	35.131652758079625	-1.0430833117736178
RL	365.5400085449219	2.3462887212702546	7.568713044068633	6.1998825046685155	516840.0	673300.0	632386.6666666666	0.6628545967622159	0.8172847835712328	95.4895669800923	7.396765133293746
RNGR	15.989999771118164	4.783745290217589	2.0421167406905383	-5.496455679564529	155480.0	171480.0	200556.66666666666	0.9091439234896198	0.7752422424252498	95.6523737789673	1.8701688299156514
RLJ	11.15999984741211	0.8130095308852648	2.0109714393709375	2.479334210993912	1884900.0	1710613.3333333333	1750548.3333333333	1.2376847290640394	1.0767483331413301	57.47562905091938	1.8390235285960506
RYZ	26.969999313354492	11.033340044519981	12.65663622265307	4.575410453423864	451100.0	448823.3333333333	475681.6666666667	0.8647054891679726	0.9483232834283432	97.20285917679874	12.484688311878184
ROG	159.10000610351562	16.437358616944426	22.52599046986727	25.97989148003426	430780.0	248893.33333333334	241523.33333333334	1.1173461188193068	1.783595787846585	83.30598285483391	22.354042559092385
SAM	167.69000244140625	1.4090480300281452	-2.16452251294638	-2.386629608802436	173260.0	232510.0	252615.0	0.6726592404627758	0.6858658432792986	87.73199991178025	-2.336470423721267
RSG	212.8300018310547	-0.046959492869007885	-0.5141826215988512	-5.459307725968627	1203580.0	1570553.3333333333	1477010.0	0.7874931552786067	0.814875999485447	81.18369463511927	-0.6861305323737381
RY	194.6699981689453	-3.125154951315768	-5.587081883727421	-8.20484205891114	1271080.0	1133666.6666666667	1272543.3333333333	1.1510438106439282	0.9988500719032489	9.707203366128667	-5.759029794502308
SA	27.15999984741211	-4.668304438016692	-12.160414681772885	-16.610377335286948	557280.0	565146.6666666666	631478.3333333334	0.8638465531071581	0.8825005872463293	28.622691864815167	-12.33236259254777
SE	96.8499984741211	-2.082706613807792	-5.65027078961668	-14.367816285796179	4435460.0	3610790.0	4237076.666666667	1.0455329720088955	1.0468208033368918	67.54998941798388	-5.822218700391567
RRC	38.66999816894531	2.139454689739976	2.247484085086914	-8.732595837181117	2652560.0	2570140.0	2739460.0	1.2100897227388392	0.968278419834566	90.71075274147714	2.075536174312027
SBSI	30.43000030517578	-1.0406494140625	-3.458122261287637	-6.196049342241036	163220.0	134873.33333333334	136753.33333333334	1.2018684197518659	1.1935358065616926	37.90073702400162	-3.6300701720625237
SCHW	97.95999908447266	-0.3458839844655287	-8.345806884515106	-11.252037033875466	7737860.0	8498486.666666666	8068480.0	0.6910053789968881	0.9590232608868089	58.286663325898346	-8.517754795289992
SFBS	39.5099983215332	-3.681136322231994	-5.749045688645706	-7.035298066980698	590840.0	642956.6666666666	568935.0	1.00597759309855	1.0385017620642076	20.579449907152238	-5.920993599420593
SARO	21.040000915527344	-5.310524006712974	-8.041950667526196	-14.610383779609576	4142040.0	3826560.0	3574058.3333333335	0.984226041144004	1.1589178501563349	4.155168104975644	-8.213898578301082
SHAK	62.400001525878906	8.484007352709545	9.550566237437316	-9.95671172009261	1698880.0	1330383.3333333333	1590636.6666666667	1.0548839306966664	1.0680503194737536	98.3940697386154	9.37861832666243
SHW	318.4599914550781	-4.30602383542095	-0.886995775161307	-4.153379252676649	1629760.0	1662366.6666666667	1815346.6666666667	0.7960337671191674	0.8977679194423838	7.236400435213838	-1.0589436859361938
SLF	78.61000061035156	-1.0946184069406368	-3.474953028262484	-2.698354103814348	402960.0	819326.6666666666	774713.3333333334	0.42486106477676794	0.5201407832574629	65.74656132576283	-3.646900939037371
SLVM	33.369998931884766	-4.602631879418922	-7.587930302281213	-6.079369326268394	592860.0	319540.0	303558.3333333333	1.8398322588721288	1.9530348367968815	62.459444387641796	-7.7598782130560995
SITE	87.66000366210938	-3.596169176390376	-4.007880031697244	-10.97796021588854	967400.0	957066.6666666666	898425.0	1.098460573976038	1.0767732420624982	4.334056652026405	-4.179827942472131
SMBK	50.59000015258789	1.6680101669045104	-1.8432300078854837	-2.411265425001352	157400.0	118043.33333333333	124345.0	0.5709767599469122	1.2658329647352125	59.612124184280134	-2.0151779186603704
SOBO	33.939998626708984	-0.20582092995840845	-3.3048430137892075	-9.178486495083204	707920.0	712876.6666666666	617086.6666666666	1.654002796182603	1.1471970441753185	83.85384330982973	-3.4767909245640944
PSA	281.6600036621094	-1.099057125916966	-5.0594967763000005	-7.872961913868223	889560.0	875593.3333333334	989860.0	0.9848179139478753	0.8986725395510476	12.622629012582522	-5.231444687074887
SPNT	24.5	-1.329037151510389	-2.661899381259743	-1.3687606702871482	787760.0	924660.0	798776.6666666666	0.9148227456578635	0.9862080765170073	57.033681132971836	-2.83384729203463
SPGI	390.9200134277344	-1.2628813473488703	-3.3500600173250086	-13.240706405623449	2769980.0	1938216.6666666667	1935696.6666666667	0.8721935112173561	1.4309990029429542	62.10519045236058	-3.5220079280998955
SQM	65.83000183105469	1.0282353150555719	-5.321439685317371	-17.485581802067223	863100.0	979296.6666666666	981643.3333333334	0.6676220008237205	0.8792399140217254	78.97902090583506	-5.493387596092258
RVTY	157.36000061035156	4.198116910692438	9.589807523957223	20.462370610426298	2265220.0	2080503.3333333333	1784338.3333333333	0.7448197631662851	1.2695013931401276	88.25112055051463	9.417859613182337
SKT	34.59000015258789	-0.5176885326603141	-3.0005600095420917	-6.890985916939206	1066040.0	894406.6666666666	916726.6666666666	1.3312736190099954	1.1628766117126879	38.523375563997675	-3.1725079203169786
SNOW	338.989990234375	3.3128109468931632	-0.11786569928313054	-4.903641520035127	4318860.0	5066156.666666667	4832436.666666667	0.6450846697068849	0.8937230424126958	41.00819963019434	-0.2898136100580174
SMWB	8.079999923706055	6.455859832243791	-4.71697688824151	-9.11136544809121	404900.0	638856.6666666666	837131.6666666666	0.5043384796798448	0.48367540749264853	68.61246840639703	-4.888924799016397
SNAP	5.610000133514404	7.471271245174421	-1.5789417326723645	-1.5789417326723645	32790680.0	34478826.666666664	36502190.0	0.7064683562317666	0.8983208952668319	71.69480012260561	-1.7508896434472514
SPB	75.98999786376953	-8.268950720592844	-10.830794678152717	-14.048190571066327	414080.0	308533.3333333333	336260.0	1.357389801210026	1.2314280616189852	0.24012267430948953	-11.002742588927603
STWD	12.979999542236328	-9.357543164419315	-13.466669718424479	-18.26196820721301	7883660.0	4916163.333333333	4610681.666666667	1.6175418636077321	1.7098686419831628	0.8397994987170989	-13.638617629199365
STT	176.3699951171875	-1.8694712570099545	-4.354663256553377	-9.059506601546556	2064180.0	1873130.0	1921035.0	1.0030270189468964	1.0745145195168229	65.47814798776247	-4.526611167328264
SCM	7.349999904632568	-2.130496929067205	-7.547168792800635	-15.51724062332593	117680.0	141396.66666666666	196636.66666666666	0.7623942101416818	0.59846417250089	13.284877368786809	-7.719116703575522
SYF	71.87999725341797	0.5033565817238657	-4.160003662109375	-9.981216497187729	2761000.0	3058856.6666666665	3295426.6666666665	0.7234075477002846	0.8378277774855659	73.41269126238443	-4.331951572884262
SSB	101.12999725341797	-0.5506983720557546	-1.9202825576695948	-5.583048569561544	714280.0	674610.0	765890.0	0.9375787492032434	0.9326143440964108	48.63121517601039	-2.0922304684444817
TBBB	53.869998931884766	0.6163578832919254	2.6681869232151696	8.433974639634735	723940.0	656700.0	680248.3333333334	1.0086797624486066	1.0642289948033683	89.0442652768901	2.4962390124402827
STAG	36.04999923706055	-2.5938911861936194	-3.892293121310328	-4.376661783786808	1796480.0	1672046.6666666667	1700996.6666666667	1.0198878021745803	1.0561337568758709	50.06175959081081	-4.0642410320852145
TD	117.0999984741211	-2.049355512417693	-5.594971291666203	-5.036087265772448	2546880.0	1891273.3333333333	2112811.6666666665	1.9376892463983701	1.2054458237719565	14.574066259045082	-5.76691920244109
SSMR	15.229999542236328	2.2834062530162593	-5.696595034208859	-14.67787553636833	292420.0	532853.3333333334	359256.6666666667	0.4577244520068061	0.8139584512465553	57.90294385593047	-5.868542944983746
TECK	67.87000274658203	4.158991608603184	1.6626731198817146	-1.3804082424511177	3232220.0	3023180.0	3148968.3333333335	0.7159679542733148	1.026437759244959	66.64612236009671	1.4907252091068277
TEX	56.900001525878906	2.522525271853885	-3.428371870064104	-9.337152569112975	1990540.0	1163176.6666666667	1212285.0	1.4181852570403464	1.641973628313474	84.7008959166921	-3.600319780838991
STE	211.07000732421875	0.03317882664395734	1.980966361952895	-6.947932098759203	615920.0	642560.0	682340.0	1.2514006474103585	0.902658498695665	79.28887532040414	1.809018451178008
TFPM	30.479999542236328	-1.1352591058574784	-6.959703590089099	-11.780028320401454	455020.0	509360.0	516526.6666666667	0.9437333123920214	0.8809225725680506	25.374622150339363	-7.131651500863986
SW	42.40999984741211	-5.901930032002153	-6.606474367057212	-6.2969478122255245	4445760.0	4462513.333333333	4672263.333333333	0.8094093463026069	0.951521710748324	1.2838646358295733	-6.778422277832099
TGLS	34.90999984741211	0.8085439522399476	-4.2512322435045	-11.079976210124338	307720.0	291763.3333333333	269428.3333333333	1.3058529173188316	1.1421219000723755	48.07082136149904	-4.423180154279387
TK	14.960000038146973	7.010018082975399	4.178275736871155	11.061616492802237	576520.0	577850.0	560390.0	0.73669637449165	1.0287835257588465	99.32827210440321	4.0063278260962685
TIC	8.260000228881836	-5.383726666657927	-10.606055914628394	-11.087187698607297	1530020.0	1441830.0	1897666.6666666667	1.0136423850245868	0.8062638327770947	0.9240364730440689	-10.77800382540328
SXC	9.9399995803833	3.1120251698781782	4.631574530350535	-2.4533857732562945	1151880.0	1054870.0	1343880.0	1.3747665589124727	0.8571301009018663	89.94282773432475	4.459626619575648
TM	184.1199951171875	-2.2198661002790097	-4.3532492897727275	-7.880122271862508	318460.0	321233.3333333333	358196.6666666667	1.0412991594894678	0.8890646665239765	63.537232204531975	-4.525197200547614
TAL	12.3100004196167	3.5323806910553293	4.14552231339772	2.668896201894527	2434100.0	4677626.666666667	4714833.333333333	0.3808555335754314	0.5162642723320019	82.58750553475681	3.973574402622833
TKR	119.98999786376953	2.7751587698240097	4.484501645860555	-0.9084139956959352	1003040.0	925386.6666666666	930385.0	1.0186012333583079	1.0780913277836595	47.83815372747405	4.312553735085668
TDG	1092.6600341796875	-1.4929353023584941	-1.531112500389153	-5.628626339662769	367820.0	381283.3333333333	399080.0	0.83481225685186	0.9216698406334569	48.90907537709145	-1.70306041116404
THC	259.4700012207031	0.5970645479983672	-0.5747787075080119	-1.525670485659089	546420.0	771810.0	991701.6666666666	0.8977598113525349	0.5509923179181911	80.52817895233133	-0.7467266182828988
TNK	103.37999725341797	8.013789825842387	4.6780022450937535	12.577583787499558	455040.0	532583.3333333334	441358.3333333333	0.6412142074792677	1.030998999301399	99.345038369795	4.506054334318867
SON	48.220001220703125	-3.5021011752046056	-2.0913680797906093	-8.483578520611275	959800.0	1148810.0	1120331.6666666667	0.9309633446784064	0.8567105871921856	14.61921813541339	-2.2633159905654963
TRP	59.47999954223633	1.3633252094410506	-1.653439165953776	-5.40712701673753	3575400.0	2961906.6666666665	2698988.3333333335	1.2282291136790267	1.324718582827022	88.52569263501545	-1.8253870767286628
TSLX	17.59000015258789	-2.8713442310236195	-2.494460865310321	-3.932273808602403	592720.0	435310.0	457995.0	1.1047299625554203	1.2941626000283846	6.110320396968632	-2.6664087760852078
TDW	83.93000030517578	0.7926068076337927	-1.9165588354532088	-11.260310128670406	560040.0	586843.3333333334	608395.0	1.1756118896014267	0.9205203856047469	89.51503929461484	-2.0885067462280955
TRV	360.70001220703125	-0.6773850176978591	-2.810333990396333	-3.643742123282897	1070400.0	1370423.3333333333	1702975.0	0.6568773152821391	0.6285471013960863	52.20534168213824	-2.98228190117122
TTE	84.37000274658203	-6.608361560011093	-6.318004626093581	-5.467784037443102	2197860.0	1717166.6666666667	1645973.3333333333	1.475104338542172	1.335295023005638	1.1191452054469124	-6.489952536868468
TT	470.760009765625	4.136621755524264	8.640266271710109	5.743616699385371	1350540.0	1136873.3333333333	1139163.3333333333	1.2060270566641844	1.18555431032717	95.62552077787215	8.468318360935223
TX	57.970001220703125	6.42555520756939	1.9880384677722174	-0.017244431894001155	466980.0	471830.0	588536.6666666666	1.3080982557276986	0.7934594842575654	95.90636620124306	1.8160905569973305
UBER	69.4800033569336	1.936619166524511	-1.9198095020645893	-8.53080016540399	16147600.0	17439883.333333332	18373261.666666668	0.9752817536050031	0.8788640957144517	83.25954815339117	-2.0917574128394762
UHS	176.0500030517578	-0.8057204812966772	0.7496838259198738	4.042311959396708	615920.0	724856.6666666666	811701.6666666666	0.8002961505033179	0.7588009551949506	70.71106574242476	0.5777359151449869
UMH	15.369999885559082	-1.157558218443178	-2.536465190827988	-3.636363201516408	603300.0	699086.6666666666	648333.3333333334	0.828795666727063	0.9305398457583547	38.560597114110514	-2.7084131016028747
UNH	378.5799865722656	0.19850197884083276	0.27015282876030383	-5.576898222423774	4228780.0	4758086.666666667	4902461.666666667	1.2238743024156769	0.8625829812709737	85.99073564471836	0.09820491798541695
URI	1074.280029296875	2.908267307218498	4.307129044856025	8.090598828291052	674740.0	468970.0	478458.3333333333	0.9002708062349404	1.4102377427501525	75.3648282660119	4.135181134081138
USFD	94.62999725341797	0.9709731336557238	0.4351475561483591	-9.366924686969044	2258520.0	2373923.3333333335	2332506.6666666665	0.9237872045853769	0.9682801906961324	43.80055310451751	0.2631996453734722
UDR	33.84000015258789	0.0295545994444051	-0.14753389778997442	-6.956279498482145	3580340.0	3800003.3333333335	3500383.3333333335	0.9547623203839295	1.022842260133414	70.38839698671674	-0.3194818085648613
VIK	81.02999877929688	2.1815834312262545	-5.83382230613226	-5.316666223891968	4333020.0	4440473.333333333	3537616.6666666665	0.7492219297942713	1.2248415835520148	90.85887266834769	-6.0057702169071465
VGNT	47.27000045776367	4.118940240164593	0.424900710083168	-2.375046994361937	704780.0	721243.3333333334	822783.3333333334	1.1573070577197708	0.8565803066826017	90.02950505211017	0.2529527993082811
VIST	66.54000091552734	-0.5529856917218509	-5.388882151079147	-10.816243973739585	951600.0	1116003.3333333333	1051198.3333333333	0.9426495141890258	0.9052525768210566	79.19373959216009	-5.560830061854034
VRT	253.6199951171875	3.925586827820592	1.1002130670974926	-5.657847790350369	3724380.0	4887273.333333333	5270785.0	0.8883071815095261	0.7066082186998711	83.35112384454632	0.9282651563226056
VLTO	96.56999969482422	0.3846182518915268	1.4603901924686702	-1.3383710618647415	1985240.0	1732556.6666666667	1671775.0	1.310029301590905	1.1875042993225764	86.4411872525242	1.2884422816937833
VST	144.88999938964844	4.977535795192166	2.919449244203275	0.4645667475206849	8231700.0	5039170.0	4824030.0	2.142217865243681	1.706394860728478	94.28065830433803	2.747501333428388
VVX	70.87000274658203	-3.85293226585982	-8.282637730719584	-6.848053311094973	491600.0	644300.0	687615.0	0.6247089864969735	0.7149349563345767	25.586317347942156	-8.45458564149447
WCC	377.0899963378906	3.4058141478137967	6.129858132040082	11.443095362900971	469960.0	479963.3333333333	570655.0	1.1580051253915231	0.8235448738730056	60.40747198001545	5.957910221265195
VTR	81.36000061035156	-6.525735576092472	-6.51499281681493	-11.670828280063963	3777080.0	3574303.3333333335	3439831.6666666665	2.1177273706484527	1.0980421038044983	4.6141641474895465	-6.686940727589817
WAT	440.1199951171875	-0.63665672747446	3.8214713097556396	6.422284001206063	747040.0	675056.6666666666	773261.6666666666	1.4923191633294983	0.9660895298486714	78.79738885798403	3.6495233989807527
TMP	97.93000030517578	0.22515732551888434	-0.5584921131291665	-0.7700903003642071	104640.0	117740.0	108321.66666666667	0.7491082045184304	0.9660117243395442	50.08527707838726	-0.7304400239040534
WDS	21.770000457763672	-1.4486178932268141	-4.139139870558968	-8.220906037265188	602680.0	621046.6666666666	632871.6666666666	0.8023551638631558	0.9522941723308833	29.32694181423733	-4.311087781333855
TREX	44.209999084472656	-0.5175507410976732	3.053607254077858	1.1902047931074557	1608420.0	1543143.3333333333	1862908.3333333333	1.057063180564346	0.8633919185502955	85.72420799242828	2.881659343302971
TPC	86.43000030517578	2.917357525968603	0.47663761696091994	-1.0192388831412136	435400.0	440640.0	669226.6666666666	1.2191358024691359	0.6506016895122729	78.07988549697636	0.3046897061860331
TYL	328.32000732421875	1.3270842714476598	-1.2452578467381596	-13.433697145917995	639640.0	894083.3333333334	846360.0	0.6291359865784323	0.755754052648991	66.95906512582357	-1.4172057575130466
UFI	6.420000076293945	-3.748125894159024	-3.167421335175665	-8.677099791025952	40280.0	73770.0	118040.0	1.0356513487867698	0.341240257539817	8.284692985836514	-3.339369245950552
UTI	19.170000076293945	3.789933887183887	-7.48069154645936	-11.250001214168668	1687520.0	1843460.0	1689105.0	0.862345806255628	0.9990616332318003	50.72138518232857	-7.652639457234247
WMS	129.42999267578125	-1.0322726075214934	2.009769449529672	-4.00505012381427	631660.0	733926.6666666666	702573.3333333334	1.2055700387867998	0.8990662896399901	84.61997552715304	1.8378215387547852
VMRK	60.09000015258789	-2.0857076773254626	-2.0697530070581847	-7.496919643659352	5265140.0	6018676.666666667	5054393.333333333	1.1089979358696236	1.0416957392842399	42.17125392312274	-2.2417009178330716
WF	75.68000030517578	-4.51678240545774	-4.769096334856973	-2.171665320476975	87980.0	80173.33333333333	103076.66666666667	0.808248794279062	0.8535394366652653	58.554059373417246	-4.9410442456318595
WHR	30.030000686645508	-4.363053976205401	-7.996319705295932	-21.979736614441954	2882140.0	2723263.3333333335	2513006.6666666665	1.1033453736264947	1.1468891182143037	0.8525023428235841	-8.168267616070818
WKC	36.43000030517578	3.4355452655731056	2.3602139617490585	3.8187521993757114	1159800.0	1102286.6666666667	1201143.3333333333	1.0899161137756057	0.9655800168173102	88.89361420021913	2.1882660509741716
WPP	24.579999923706055	-3.8717238284463336	-4.171538833284119	-5.09652399330469	353440.0	324720.0	414793.3333333333	0.9201773835920177	0.8520869830759094	22.77591979110747	-4.343486744059006
WST	376.760009765625	0.29549205035965087	4.140641007483294	9.929098032986195	571580.0	576020.0	638263.3333333334	1.1852019027117113	0.8955237911206972	84.22063149103103	3.9686930967084066
WH	71.22000122070312	0.5506132706006034	6.061056742129311	0.3239940327579279	1147380.0	1202116.6666666667	1261748.3333333333	1.313433249684584	0.9093572542860502	28.711543795413164	5.889108831354424
WTRG	38.66999816894531	-0.7443555501594517	-4.4713473165988615	-7.642705623530824	2906980.0	2556566.6666666665	2263763.3333333335	1.5056521115558628	1.284136003616397	29.916023760558417	-4.6432952273737484
XHR	18.149999618530273	-1.4658005246761934	1.6237345927671973	0.0	886340.0	860430.0	766826.6666666666	0.9360436061039248	1.1558544303797469	47.21072129973193	1.4517866819923104
WM	206.66000366210938	0.10656908452884165	-0.1835344070448676	-6.792349574093147	2315260.0	2240603.3333333335	2067308.3333333333	1.1586611344265905	1.1199393736622099	79.02007377069992	-0.3554823178197545
WU	6.099999904632568	-0.3267970800735825	-1.6129017372408756	-15.86207028093009	8362120.0	8675803.333333334	10189343.333333334	0.9556463743415115	0.82067310193035	80.92991195140326	-1.7848496480157625
XPER	5.429999828338623	-0.9124122365115777	-2.1621686175176738	-6.86106519042897	381960.0	406666.6666666667	427636.6666666667	1.050983606557377	0.8931881425820984	10.387489750451735	-2.3341165282925607
YELP	18.5	5.1733930615016375	-4.688304248149891	-16.478553866324912	1553120.0	1333500.0	1188716.6666666667	1.0613423322084738	1.306551883684085	76.05591330325765	-4.860252158924778
ZGN	12.539999961853027	-0.7911422369743295	0.9661826475196712	-0.8695625295997146	820500.0	1130993.3333333333	1091163.3333333333	0.632718141574663	0.7519497539323475	44.11364121653692	0.7942347367447843
UUUU	10.819999694824219	-1.9038988506884051	-12.032524170409967	-24.59930726694493	7220380.0	6764603.333333333	7004376.666666667	1.1570671056839499	1.0308383377440675	52.159936478498736	-12.204472081184853
ZWS	47.9900016784668	2.6963452783508624	3.8744607921375622	0.7769902454455742	881980.0	879266.6666666666	905053.3333333334	1.3441883387671545	0.9745061064541316	94.67122720658809	3.7025128813626753
OCSL	11.829999923706055	-1.4166673024495444	-5.056180678267562	-9.900991465377592	563960.0	457040.0	501750.0	0.8760721162261509	1.1239860488290982	16.290079117888453	-5.2281285890424485
OBT	37.58000183105469	-0.2653887295944576	0.40075213640370766	-2.13541578708427	56780.0	53476.666666666664	55431.666666666664	1.0677554073427664	1.0243242430620283	60.09288284119718	0.22880422562882077
WOR	61.13999938964844	0.4435690200451785	5.1418706540168735	-0.21217735783248493	343940.0	438106.6666666667	322951.6666666667	0.6245054476839734	1.064989085054007	83.54199188644131	4.969922743241987
OMAB	94.9800033569336	-6.763521354552641	-4.600235349508427	-4.263678829325882	280400.0	133973.33333333334	99995.0	0.7994128184713375	2.8041402070103505	42.73289967172477	-4.772183260283314
WS	39.119998931884766	6.1025225527040226	17.336528952739748	8.696852201845491	418980.0	313453.3333333333	266211.6666666667	1.893423795142286	1.5738603993063163	95.56947369802057	17.164581041964862
XYZ	76.2300033569336	3.983093569203845	-2.1563345221517807	-8.564230723791312	4335820.0	4072583.3333333335	4503733.333333333	0.950453234024268	0.96271685712594	92.57084629655256	-2.3282824329266676
YSS	8.3100004196167	-9.08096162504428	-14.856555074397344	-2.3501739587075843	1814840.0	3307046.6666666665	3004653.3333333335	0.7572012893679557	0.6040097803850916	20.271027428261633	-15.02850298517223
ZBH	91.56999969482422	-0.05457656653440551	-2.915606455574348	-7.430245258969823	2123740.0	1948343.3333333333	2189253.3333333335	1.1769999469634886	0.970075033192443	86.24844021517295	-3.087554366349235
OKTA	218.2899932861328	7.968147786109475	14.090833218558126	28.089423560333415	2924380.0	4333543.333333333	3508940.0	0.7257109847753532	0.8334083797386105	92.00068531035596	13.91888530778324
OLLI	86.8499984741211	1.5433177992091047	8.95747016893304	17.85859084911669	1667620.0	1895210.0	1676668.3333333333	0.857266477065866	0.9946033850860984	36.63979216002062	8.785522258158155
OPRX	8.720000267028809	11.651732790223337	15.34391974906255	9.685540581602195	200880.0	166720.0	205073.33333333334	0.9998800383877159	0.9795520301680699	97.0869561972305	15.171971838287664
YMM	8.40999984741211	2.56097613453228	2.56097613453228	-1.981352888177128	8120220.0	6453563.333333333	6714378.333333333	1.5235768973109947	1.209377785533384	90.04826891078616	2.389028223757393
OTEX	22.5	1.2601291417557514	-2.512997944641768	-9.456741832575934	1189560.0	1257813.3333333333	1481738.3333333333	1.0113583361601086	0.8028138121553177	73.1215968056224	-2.6849458554166548
OSIS	197.8699951171875	2.502073144965062	-1.2624744792176659	-4.23482731912626	181160.0	262223.3333333333	235881.66666666666	0.7585137351112919	0.7680122095118316	88.66515906392523	-1.4344223899925528
OUST	44.119998931884766	7.872853999695943	15.73976959107785	23.137026729496135	2470120.0	2194343.3333333335	2736635.0	1.3595411231606114	0.9026121495924739	82.68010248434254	15.567821680302965
ORKA	84.37999725341797	0.22567384071992339	-9.638038407278465	-7.264535405581691	1006200.0	930500.0	895365.0	0.676625470177324	1.1237875056541187	67.68216576319904	-9.809986318053351
CNDA	12.5	0.0	0.0	0.0	0.0	0.0	1.6666666666666667	None	0.0	100.0	-0.1719479107748869
OZK	46.59000015258789	-0.04291022849553448	-2.429319052171957	-7.135734795727783	1183620.0	1095443.3333333333	1126320.0	1.156700635663491	1.050873641593863	60.328607295722115	-2.601266962946844
ODFL	179.3699951171875	1.4249301253610642	2.2867213120887877	-3.4347267202220726	2114820.0	1852616.6666666667	1737483.3333333333	1.1237079086337343	1.21717426546058	59.945091862762226	2.114773401313901
EVCO	12.25	0.0	0.0	512.5	0.0	10.0	5.0	0.0	0.0	100.0	-0.1719479107748869
MDRX	5.0	-0.990102749433508	3.0927855323080777	4.166662527455388	27580.0	90976.66666666667	57518.333333333336	0.11101747700875682	0.4794992900814233	35.48650453163336	2.920837621533191
NTDOY	12.319999694824219	-0.8849606407954702	-7.088993347150822	-13.543861790707238	842500.2	1526890.0333333334	2870023.35	0.06490382269615967	0.29355168835124634	5.583158470793293	-7.260941257925709
SDZNY	84.47000122070312	-2.4595811673766734	-0.5181985895998714	-3.4959415072190305	16763.0	22703.833333333332	23398.583333333332	0.11517878772307173	0.7164108938219195	70.08179171877146	-0.6901465003747583
PAAS	45.31999969482422	-0.9831784103972461	-7.035898061899039	-13.840302263275909	2840480.0	3714400.0	4102036.6666666665	0.5599558475123843	0.6924560238775698	38.11771985789135	-7.207845972673926
LOGC	15.100000381469727	0.2656039889675209	-0.330027975706295	17.50972710665908	48140.0	131000.0	126438.33333333333	0.14580152671755725	0.3807389636581733	65.58651689179977	-0.5019758864811819
OFLX	25.639999389648438	-0.1168706137761691	-0.4271868363167476	-2.1374097594804327	31940.0	31786.666666666668	39603.333333333336	1.0476090604026844	0.8064977695480178	33.10707412659947	-0.5991347470916345
PAX	11.100000381469727	10.337971356592178	6.93641868102801	-1.8567641941262603	1372620.0	1141120.0	1126215.0	2.71899537296691	1.2187903730637577	98.95426109195297	6.764470770253123
PAHC	37.189998626708984	4.17366339475352	7.237596019163243	-3.602911193298157	230740.0	259803.33333333334	233653.33333333334	1.077738289218768	0.9875313855284181	91.83172168110676	7.065648108388356
PAYS	14.8100004196167	16.430818464723835	17.260493154574146	14.274694259447243	1137500.0	829780.0	759010.0	0.8403432235050254	1.4986627317163146	92.6630449762205	17.08854524379926
PCTY	147.38999938964844	3.272139944648401	2.056502740866095	-4.558695603199929	615940.0	634503.3333333334	698166.6666666666	0.8776943646211472	0.8822248746717595	77.8474414109936	1.8845548300912083
PDD	77.9000015258789	-0.7516834678918541	-1.7654495233312264	-4.569393425261793	5600000.0	6740543.333333333	6470203.333333333	0.7817025630475882	0.8655060299495998	72.18784696482696	-1.9373974341061133
PBYI	9.670000076293945	-1.5274910711996563	0.8342014852259044	2.7630205430166916	378060.0	314316.6666666667	318790.0	0.9468158438941618	1.1859217666802597	48.96474041017743	0.6622535744510175
PGNY	25.860000610351562	1.3322889752709863	-3.723008106018473	-2.8184892250932245	1221780.0	1139616.6666666667	1131656.6666666667	0.9210114512189771	1.0796384062303936	86.00850336121711	-3.89495601679336
PFIS	69.08000183105469	-0.40368912461498285	-1.2578577257489998	-2.580738593351033	50020.0	54850.0	56128.333333333336	0.7383773928896992	0.8911720165097841	63.70879844953373	-1.4298056365238867
PLAB	31.06999969482422	1.8688514584400615	5.89638559386216	10.255498077896172	908900.0	1372016.6666666667	1123100.0	0.5273988411219495	0.8092778915501736	46.051104618831765	5.724437683087273
PICS	11.619999885559082	39.66346528579511	19.670441193701663	-0.7685751690410116	805000.0	574920.0	462181.6666666667	3.030508592499826	1.741739359342827	98.64690157389192	19.498493282926777
PEGA	34.529998779296875	3.912125353502364	-1.2582282700801206	-8.457058160579736	1886420.0	2181936.6666666665	2640385.0	0.8254593396386392	0.7144488398472193	75.64354951823256	-1.4301761808550075
PEP	125.6500015258789	-2.217897645230423	-3.0403541348505385	-10.262821245612772	8335140.0	8637266.666666666	7928270.0	1.021642649294916	1.0513188879793447	17.447188935792923	-3.2123020456254254
PLSE	50.5	-3.4785927091743907	-5.271058527300774	-7.695118177524342	504860.0	612973.3333333334	512925.0	0.7070454397146151	0.9842764536725642	68.47802555615338	-5.443006438075661
PLMR	127.33999633789062	3.494794693081502	-5.0339325709211105	-6.450190342526869	241600.0	212583.33333333334	241083.33333333334	1.3138377107016856	1.0021431040442448	95.13072936402222	-5.205880481695997
PONY	6.110000133514404	-11.95965298073035	-11.191860001721604	-15.256586668691297	5595780.0	4084196.6666666665	3868231.6666666665	1.5420657999655583	1.4465989842904101	18.315870391290517	-11.36380791249649
PODD	135.6199951171875	1.8856543425188315	-3.4939185261223566	-9.934922653707877	2208120.0	1795263.3333333333	1713851.6666666667	1.0807885194186926	1.2883962147638215	91.26956293787734	-3.6658664368972436
POWL	197.83999633789062	5.666827352702317	5.4809121950886155	12.948157228594182	489180.0	530733.3333333334	638931.6666666666	1.2407360884311016	0.7656217801068972	90.91091932139011	5.308964284313729
PTEN	11.550000190734863	6.451610918471835	1.1383547598285657	-7.968127368940264	7794640.0	8388633.333333334	8306618.333333333	0.8124803801970125	0.9383650105508239	87.12686630151083	0.9664068490536788
PVLA	132.16000366210938	-5.485230686195909	-13.85176943662933	-14.993244597395474	260640.0	222143.33333333334	210686.66666666666	0.6329246882643338	1.2370977438850743	2.9847199395862276	-14.023717347404215
PPLI	41.72999954223633	5.27245253473357	13.520134514782628	7.10985760486746	1696160.0	1276940.0	1121780.0	1.6237254686986076	1.512025530852752	77.02999573337934	13.348186604007742
PTON	5.010000228881836	4.375000620881692	1.2121297359323882	-6.877321146628487	9094960.0	8720810.0	8613630.0	0.9647154335434438	1.0558800412834077	72.35469910722996	1.0401818251575012
OMER	18.899999618530273	-2.727744098410157	2.217414021024161	-1.0989062538675958	1093680.0	1449503.3333333333	1792461.6666666667	0.7368730898629646	0.6101553078308508	63.82253738324241	2.045466110249274
ONC	361.6499938964844	-1.4577673306582084	-1.0993571754946367	-0.28399658103490844	390080.0	375466.6666666667	400513.3333333333	1.0443004261363635	0.9739500973750355	62.809109662633745	-1.2713050862695237
QRVO	114.16999816894531	-1.8314744857440537	-2.593636156704029	13.737797661732642	3762940.0	1752446.6666666667	1453243.3333333333	0.0	2.5893392480727018	52.83489191764626	-2.765584067478916
PMTS	24.690000534057617	-0.4033899869970993	0.16227552189199082	-13.82198651727522	116560.0	208153.33333333334	145240.0	0.5524773404221247	0.8025337372624621	42.36676442995098	-0.009672388882896066
PRAA	19.40999984741211	-3.1920170274393755	-5.776701514666261	2.211690791764633	498260.0	434746.6666666667	414665.0	0.9596393301846285	1.2015964694391859	72.07279323267684	-5.948649425441148
QLYS	198.67999267578125	14.295570720224843	9.749761926476287	13.954680654166626	615820.0	699243.3333333334	726816.6666666666	1.1070538153146496	0.8472838175605953	98.20829276466611	9.577814015701401
PSMT	171.80999755859375	-0.6706386390257664	0.7033567457647492	-1.0994725124845035	261740.0	225773.33333333334	237998.33333333334	1.5391543140613004	1.0997556005294153	78.30306631671999	0.5314088349898622
RCAT	6.34499979019165	-2.3846186124361477	-8.705036484561521	-25.702578237308344	6007120.0	7737356.666666667	8375995.0	0.6711077469609561	0.7171828540967372	27.690591745020072	-8.876984395336407
REAL	9.319999694824219	5.788867774307192	-3.4697053072199417	-7.355871709006108	2567280.0	2458106.6666666665	2930595.0	0.9788021132795973	0.8760268819130587	93.26325828758073	-3.6416532179948287
RBB	26.219999313354492	-0.41777672111773967	-1.9813109781140477	-1.6872919447024803	83480.0	91480.0	129248.33333333333	0.810013117621338	0.6458884060400522	62.51888725854151	-2.1532588888889346
PRTA	8.270000457763672	-5.160548113359938	-2.8202087504491007	-13.854165321423	616900.0	453530.0	477711.6666666667	1.575419487134258	1.291364735352915	19.886611028133146	-2.9921566612239876
PZZA	19.540000915527344	-2.737676619627595	-3.69640200176653	-13.348108307632762	1424840.0	1403180.0	1468786.6666666667	1.7889365583888026	0.9700796121969153	41.50560965114561	-3.868349912541417
REPL	13.149999618530273	4.697445694285888	2.175600120131843	-13.996078146905388	2708560.0	2135140.0	4293398.333333333	1.0658785840741123	0.6308662252396025	49.838952756418315	2.003652209356956
PRCT	17.81999969482422	3.3043460569519927	-3.72771758792841	-16.61207770236348	1519540.0	1263643.3333333333	1456915.0	0.7684130279377357	1.042984662797761	71.76139188458643	-3.899665498703297
RGNX	7.760000228881836	3.882201430192347	-1.5228411651818354	-15.65216967649397	1795200.0	1534073.3333333333	1498771.6666666667	1.5317390302940757	1.1977808494289213	91.24604060832091	-1.6947890759567223
RKLB	73.0199966430664	1.149735660881615	4.478462270356751	14.433466653442862	22257680.0	19363030.0	19169170.0	0.9824495443120214	1.1611186086825878	63.686474432833194	4.306514359581864
QBTS	15.640000343322754	-6.79380391342911	-11.638419948150293	-7.015454060112554	14937980.0	16278480.0	16820563.333333332	0.9949516171042997	0.888078461105841	3.9612164623073483	-11.81036785892518
QURE	22.799999237060547	-41.70289214716635	-48.544349965189056	-49.1752141621697	9086320.0	2661166.6666666665	1970146.6666666667	1.1427694620154067	4.612001813739755	3.8812723093286223	-48.716297875963946
ROAD	90.5	-1.0604583008178392	-4.192249759531917	-11.862096093665308	689860.0	592453.3333333334	867843.3333333334	1.2282823963631453	0.7949130603449931	38.81190393105831	-4.364197670306804
ROKU	153.41000366210938	0.4847091779913229	-0.5961239927622343	-3.095189168119839	1572640.0	2090766.6666666667	2308506.6666666665	0.9340592765014428	0.6812369323891925	84.07496158965398	-0.7680719035371212
RCKY	46.13999938964844	2.4650247400448513	5.462855747767857	6.020218070602929	49100.0	50926.666666666664	57841.666666666664	0.7658070428066501	0.8488690390433655	51.19898833725933	5.29090783699297
RHLD	115.62999725341797	-6.915153665167975	-2.37251361876527	-16.51866158458967	128500.0	139396.66666666666	148826.66666666666	0.9447858628852914	0.8634205339544885	1.6238525847980014	-2.5444615295401567
REGN	726.469970703125	-3.4270560713692255	-8.983050445672042	-13.871270355062865	805620.0	721256.6666666666	747383.3333333334	0.9631800052685822	1.0779207457128201	6.938686118683776	-9.154998356446928
RUM	7.380000114440918	-6.935683805846097	-19.520173903602142	-18.362830247975367	4545180.0	5661513.333333333	4341995.0	0.9353682819787879	1.0467953095293754	7.55176960091309	-19.69212181437703
RELY	22.90999984741211	4.6596641672179295	6.113940182932313	-14.895988920940187	3232480.0	4024733.3333333335	3562735.0	0.9019728015106591	0.9073029568575828	96.57081068904625	5.941992272157426
RGCO	21.639999389648438	0.18518059014955116	1.5009366763823357	-0.41417466398449965	11300.0	13330.0	15073.333333333334	1.1477869467366841	0.7496682883679787	50.56446677395841	1.3289887656074488
SAIL	20.290000915527344	-1.3611997250895813	-0.14763179009552888	4.641575833980593	5571480.0	5038380.0	4164020.0	0.7346805917775158	1.3380051008400535	19.952813184987193	-0.31957970087041576
QDEL	12.140000343322754	12.096033507342941	11.786378702677972	-12.84996355088335	2030080.0	1438540.0	1455370.0	1.8721759561777913	1.3948892721438535	95.85694619338524	11.614430791903086
SANM	225.0800018310547	2.2811980042507716	7.4521413660109035	15.018651450243825	659020.0	613393.3333333334	691498.3333333334	1.0423980262800379	0.9530319427137688	52.24096368346383	7.280193455236017
RPRX	56.65999984741211	-2.929585601788601	-3.0458569834451668	-11.302443800845337	3194320.0	3051670.0	2923746.6666666665	1.2969947602460292	1.0925433576096424	2.8981441960044663	-3.2178048942200537
RMBS	110.30000305175781	8.01018418054201	13.758255046664338	30.780184777177166	1514740.0	2381593.3333333335	2467393.3333333335	0.5904870408885927	0.6139029312986174	63.13580393215648	13.586307135889452
SCYX	5.03000020980835	8.874466112668573	14.318184108773488	-5.893350659458233	387460.0	381760.0	286058.3333333333	0.932523051131601	1.3544789815597054	41.225864904419076	14.146236197998602
SENEA	177.66000366210938	-2.668051909141781	-1.7693226459377966	-13.03113142562117	126480.0	97010.0	100641.66666666667	1.0390681373054325	1.2567359443570423	31.470272419799457	-1.9412705567126836
SFM	64.91999816894531	2.316780753869543	-5.44713849939396	-17.957790443192344	2179140.0	1985236.6666666667	1954471.6666666667	1.0928671812428745	1.114950928767621	58.88316318213435	-5.619086410168847
SEDG	34.380001068115234	9.03901147923806	-3.454084586223726	1.7159817874159453	2922340.0	3087663.3333333335	3164220.0	0.9947975761606133	0.9235577804324604	88.82507187443944	-3.626032496998613
RMTI	8.229999542236328	-4.6350007752057065	-5.402302038308989	3.003751914808593	13620.0	20796.666666666668	25810.0	0.4856547523641609	0.5277024409143742	11.920369624132064	-5.5742499490838755
SBRA	19.06999969482422	-3.784056566841696	-4.026175695119117	-8.886768195085038	2953200.0	2350316.6666666665	2647188.3333333335	1.5798296683425639	1.1155987516314478	0.7948000628360177	-4.198123605894004
SFWL	8.819999694824219	-0.8988755857864374	4.009435978085283	891.011217594327	3900.0	10740.0	17105.0	0.931098696461825	0.228003507746273	64.22240481339085	3.837488067310396
SGML	9.5600004196167	0.6315833643863076	-6.913339888025454	-25.13703933499404	3454460.0	2266750.0	1977116.6666666667	1.2734972978934598	1.747221121667074	73.12714642274885	-7.085287798800341
SHOP	160.11000061035156	11.179783846704739	16.089039106732418	9.75458956076278	7066060.0	9188790.0	9606456.666666666	0.9738931894188462	0.7355532060555107	99.3602712621742	15.917091195957532
SITM	710.0399780273438	8.130655848360291	11.235739108941424	23.600209731476774	371460.0	418206.6666666667	444698.3333333333	0.6185936777669733	0.835307830401883	97.44304272457428	11.063791198166538
ROST	226.3699951171875	-4.521490314346892	-2.1102723817567566	-2.2877382024636552	1984720.0	2077100.0	2300248.3333333335	1.24616051225266	0.8628285786534642	4.403802795758239	-2.2822202925316435
SLAB	222.8000030517578	0.8007982093997676	0.8738207892594483	0.9469422655585061	360560.0	298553.3333333333	285673.3333333333	1.286202353571668	1.2621409068633171	97.54058680888258	0.7018728784845614
SIGI	85.25	0.19980978524528217	-2.8822041632262834	-8.530039923345868	458640.0	447036.6666666667	481266.6666666667	0.9791143157533684	0.9529851780024934	55.61558296396211	-3.0541520740011703
SMMT	17.270000457763672	11.563313749741559	2.189354127722613	0.8172872379218784	11750540.0	7122790.0	5824056.666666667	0.7389379723394905	2.0175868252197637	89.90107825073639	2.0174062169477263
SLRC	11.4399995803833	-1.7182195622028729	-4.904407029792771	-9.422015227830375	377360.0	359786.6666666667	378686.6666666667	0.8924733175214942	0.9964966639085964	11.800370439227592	-5.076354940567658
SNDX	17.829999923706055	-0.16797696315933816	-1.3281669904339128	-13.781432975880708	1735520.0	1674716.6666666667	1541065.0	0.8716698346984066	1.1261822181413503	41.43117100395083	-1.5001149012087998
SMTI	35.0	-0.2848959500520255	-0.483361324412632	0.8064480686997069	272940.0	240400.0	289656.6666666667	0.9509151414309485	0.9422879961333532	65.7647966643768	-0.6553092351875189
SOLS	58.060001373291016	1.9848955946913998	0.6413637638929142	-5.393510862314912	2086460.0	2825806.6666666665	2912308.3333333335	0.8878526721573309	0.716428262804133	92.43804704404761	0.46941585311802725
SNPS	488.4700012207031	16.967988878304126	21.555305164005496	17.333238232395125	3782280.0	2327390.0	2043990.0	1.2110991282079926	1.850439581406954	88.43048534707302	21.38335725323061
SPTX	18.5	-5.804477724420357	-12.405306511003424	-23.836972817181305	307800.0	252186.66666666666	182183.33333333334	0.6840171301681295	1.6895069069618516	28.27471863830533	-12.57725442177831
SPOK	10.970000267028809	5.785924668188929	5.177372445378145	2.7153553704721007	135320.0	131296.66666666666	151181.66666666666	1.6070476528980173	0.8950820756485024	98.5008180195579	5.005424534603258
SRCE	86.26000213623047	0.8535056323539854	0.524419753455233	-0.45008584279362096	129560.0	107403.33333333333	120180.0	1.083765246267962	1.0780495922782494	54.27227177336853	0.35247184268034604
RYAAY	54.70000076293945	-0.7799751439229964	0.7366510709007512	0.0	1371240.0	1391893.3333333333	1410336.6666666667	0.6602517434286153	0.9722784866970298	43.211389234642965	0.5647031601258643
SBET	9.59000015258789	0.9473700272409539	-3.9078096947592247	6.792880194286195	6253240.0	8724030.0	8581171.666666666	0.649252696288298	0.7287163388527169	67.82025385282236	-4.079757605534112
SSRM	33.90999984741211	0.20685488920976136	-7.375036104686711	-12.805347442514698	2092640.0	2354646.6666666665	2729576.6666666665	0.8856955183651051	0.7666536813400857	75.10414999659875	-7.5469840154615975
STBA	49.22999954223633	0.24434724168883815	-0.6658632403358504	-1.7561386098515566	302620.0	283216.6666666667	271596.6666666667	1.054669569822868	1.1142257514206113	48.88063548888399	-0.8378111511107373
STLN	6.300000190734863	-5.1204771473992015	-7.759879046727808	5.527645094483649	1008940.0	1256443.3333333333	1510500.0	1.0639556632080502	0.6679510095994704	38.58285365170024	-7.931826957502695
STRF	103.4000015258789	-0.14485902603395423	0.077431118167817	-0.9578543921305573	64440.0	62683.333333333336	68886.66666666667	1.2571124700877425	0.9354495306300202	45.22939621644204	-0.09451679260706988
SEZL	110.8499984741211	2.35456634395902	-4.890608690164896	-9.84873186444323	491380.0	469413.3333333333	629371.6666666666	1.3484917343634608	0.7807469354356065	75.14239093540152	-5.062556600939783
STRO	15.130000114440918	-5.614476192470626	-7.461775159415261	-26.338853748524915	213160.0	280590.0	291088.3333333333	0.5716525891870701	0.7322863048444631	2.1376643525847925	-7.633723070190148
SUJA	9.430000305175781	5.480992704604487	16.997516305641007	-7.4582856379168945	300060.0	496320.0	599951.6666666666	0.47731302385557706	0.5001402890788424	47.06151815682483	16.82556839486612
STRA	79.27999877929688	4.439461144262387	0.955049040695675	-3.19902649300215	256880.0	288810.0	298566.6666666667	0.5962397423911915	0.860377358490566	65.38741166314645	0.7831011299207881
SGRY	13.329999923706055	-9.257996565863483	-2.4158120599728505	-5.928017982111304	1589480.0	2378886.6666666665	2215055.0	0.6586274251540637	0.7175803761080425	22.115626467272833	-2.5877599707477374
SHC	18.549999237060547	0.5419971272953054	-0.8021471644866794	-2.5223406845266525	1980160.0	1947516.6666666667	2528173.3333333335	1.2867155608424403	0.7832374362517337	78.21437411217478	-0.9740950752615664
SUPX	6.449999809265137	-7.857145581926618	-27.036202512090302	-28.093649751901157	410940.0	778316.6666666666	480943.3333333333	1.016424334568192	0.85444577670273	6.917902237759748	-27.208150422865188
SHLS	8.149999618530273	9.838268662133757	4.020415811737509	15.931712308618224	4098560.0	4382586.666666667	5025413.333333333	0.6863070211199473	0.8155667460852308	50.25831110971122	3.848467900962622
SWMR	15.680000305175781	-13.751374906678407	-33.134329232276336	-52.628395685773114	1188200.0	888030.0	591495.0	0.7990721034199295	2.0088081894183385	31.507049867019262	-33.306277143051226
TBCH	13.859999656677246	9.219859062112006	9.219859062112006	10.702868609582508	440060.0	384720.0	348571.6666666667	0.7524953212726139	1.2624663507743505	81.95345274508162	9.04791115133712
TARS	74.45500183105469	-3.066001565411556	-3.879418137019239	-10.516194708782795	1073620.0	823160.0	862130.0	1.1414548811895622	1.245311031978936	46.05402052026768	-4.051366047794126
RRGB	8.050000190734863	7.9088491899585005	14.835947616208816	-2.187112533575595	181620.0	274083.3333333333	295875.0	0.9000912131346914	0.6138403041825095	90.59590620619781	14.66399970543393
SYNA	119.7300033569336	19.300520754066362	25.555791307258662	22.573713127424558	2223760.0	949983.3333333334	802826.6666666666	1.6133967262583553	2.7699129741579753	85.90577891533704	25.383843396483776
SPCX	171.08999633789062	17.611875233518106	12.670391479114704	14.2580406447903	96663880.0	86398450.0	94118708.33333333	1.559019866675849	1.0270421440299906	95.61201082558973	12.498443568339818
STHO	8.770000457763672	3.5419147730452236	-3.0939196361326853	-9.866383655060394	131460.0	36443.333333333336	26080.0	2.6342266532516234	5.0406441717791415	79.79041291563965	-3.265867546907572
TLN	331.8699951171875	9.347609593801483	10.634394695026165	8.624642265988191	1322080.0	830843.3333333334	822565.0	1.3311775585449321	1.6072650793554308	90.78769984861412	10.462446784251279
TMDX	82.98999786376953	0.3142687009381674	-4.92611181883138	-4.58726757780241	821020.0	727773.3333333334	826138.3333333334	1.3670465163146033	0.9938045081231351	73.64312167693123	-5.098059729606267
TNGX	23.079999923706055	-5.020573463614929	3.35871026673754	1.4059740404490313	3352100.0	2876743.3333333335	2557151.6666666665	0.67572938380553	1.3108725789305942	8.64756773617556	3.186762355962653
TCX	9.180000305175781	-4.275285097899291	-11.475405916257094	-14.842295616220921	44800.0	67826.66666666667	90301.66666666667	1.1632592883821504	0.49611487421789924	3.6307142078713923	-11.64735382703198
TRAX	32.9900016784668	-9.986356603089769	-15.38856050707392	-22.394723639036478	731180.0	702420.0	714883.3333333334	0.9507132484838131	1.02279626046208	6.089036411195693	-15.560508417848807
TEAM	196.64999389648438	10.143385959093214	0.5008410776867872	1.0119176570876247	2906080.0	3391440.0	4214176.666666667	0.8954603354327365	0.6895961488721007	88.32167639765028	0.3288931669119003
TOWN	35.84000015258789	-0.6927126598586987	-2.34332586505015	-4.19673804124013	558160.0	519126.6666666667	576003.3333333334	0.941581373845818	0.9690221700105901	36.496218570809226	-2.5152737758250368
TCBI	93.69000244140625	-1.0665201049456685	-1.3789447985197367	-4.212243349376825	669080.0	520543.3333333333	491095.0	1.2792402809884544	1.3624247854284812	60.07999706556583	-1.5508927092946236
TENB	38.5099983215332	11.720327698751586	6.381208590908819	11.655542033725727	3140440.0	5015323.333333333	4112415.0	0.6875130018204211	0.7636486103664148	95.32773608339053	6.209260680133932
TIGO	91.16999816894531	1.5482283454530066	-4.142574299360723	-4.942138788632609	997780.0	848536.6666666666	1122173.3333333333	0.8625437517923012	0.8891496263203547	80.33929554800021	-4.3145222101356095
TFSL	16.770000457763672	1.945286808406433	-0.29726063001019215	-4.171425955636161	815800.0	747936.6666666666	836650.0	0.8409802969057095	0.9750791848443197	75.55782496792656	-0.469208540785079
TRI	97.08000183105469	-0.25685810674693066	1.7290176261158579	-13.135289928933174	1319900.0	1482450.0	1911100.0	0.7042396033593038	0.6906493642404897	30.156188628975983	1.557069715340971
TROW	103.93000030517578	0.11559844851580676	-0.669021281293516	-6.268034920994686	1754300.0	1478286.6666666667	1668601.6666666667	1.2507046445660066	1.0513593717693757	26.60751261998621	-0.8409691920684029
TW	107.11000061035156	6.291559172857617	2.5466766298016066	1.6802775147090734	1264760.0	1268290.0	1408300.0	1.357575948718353	0.8980756940992686	90.64061977819816	2.3747287190267197
TZOO	5.380000114440918	-2.359348621430082	-5.944050493388928	-12.803889012713698	68560.0	53280.0	75303.33333333333	1.234984984984985	0.9104510645832412	67.10912069777643	-6.115998404163815
TXN	294.8999938964844	5.960977501139845	8.87141404085775	16.180117310468773	4303500.0	5610110.0	6477413.333333333	0.673480555639729	0.6643855777820776	97.36435749843342	8.699466130082865
TIPT	17.34000015258789	0.6384249174349382	-0.7441280244769503	-6.724045130392262	259420.0	208860.0	218823.33333333334	1.2606530690414632	1.1855225676725516	72.20354524710058	-0.9160759352518372
UBSI	46.43000030517578	-0.6207211214687106	-0.7057271775081655	-2.4374865385433915	1172560.0	1065333.3333333333	989348.3333333334	1.2334167709637047	1.1851841868974358	39.48549149670775	-0.8776750882830524
ULCC	6.110000133514404	0.4934245096184644	-0.16339464430830172	6.445999601915722	2186740.0	2439580.0	3088035.0	0.7659515162445995	0.7081331655891205	53.76043840420155	-0.3353425550831886
TSSI	10.050000190734863	3.395060850208479	14.595207139790597	24.07407058555365	711400.0	894903.3333333334	908206.6666666666	0.6209609231537112	0.7833018916399351	53.43665396152413	14.423259229015711
TRUP	24.56999969482422	5.586588790232802	-1.720001220703125	-14.65787108894167	470980.0	459603.3333333333	479248.3333333333	1.2502085131381409	0.982747288288257	91.67729898143193	-1.891949131478012
TRMK	45.540000915527344	-0.17535733939158335	-1.9379796248831627	-1.1289631833689144	346700.0	372393.3333333333	390506.6666666667	0.9911563042660986	0.8878209505599562	50.48222100353769	-2.1099275356580494
TSBK	45.16999816894531	0.3331801636083138	-0.8342504379364657	-1.9960988947640983	26880.0	32170.0	35296.666666666664	0.8952440161641281	0.761544999527812	54.06480603712754	-1.0061983487113526
TTWO	203.4600067138672	0.5485547698890222	-3.077358761159607	-4.982953311370217	2177360.0	2686230.0	2352483.3333333335	0.8298246985552242	0.9255580981799375	48.352988522279134	-3.249306671934494
URBN	81.5999984741211	8.165423957268919	9.958225954478802	1.2658185900826207	1162300.0	1232786.6666666667	1126891.6666666667	1.022236883375334	1.031421239841156	99.89250791028842	9.786278043703916
USAR	13.649999618530273	-5.306974300015289	-18.653164124160433	-22.837765933072443	11775940.0	12934070.0	12423750.0	0.7521684976190789	0.9478571284837509	21.268726347629226	-18.82511203493532
VCEL	41.06999969482422	2.062619238909152	3.8432376411763545	1.4825758735439678	547480.0	514883.3333333333	499425.0	1.2597028453047616	1.0962206537518147	84.68701709440622	3.6712897304014676
UTHR	536.4000244140625	10.474938207782127	8.781183892635559	9.41580350424273	1480020.0	821573.3333333334	651295.0	0.9909036320555681	2.2724264734106665	42.660683305421685	8.609235981860673
UPST	24.350000381469727	5.731652867859669	-4.808442321754802	-14.621318405900634	4543820.0	4253890.0	4312668.333333333	1.4589940031359532	1.0535982943274484	91.597676238302	-4.980390232529689
UFCS	54.650001525878906	2.4559455746973007	2.2642270401653226	-2.584664862176548	134140.0	146160.0	151600.0	1.232895457033388	0.8848284960422164	85.53811022374799	2.0922791293904357
VABK	47.45000076293945	-2.9850727643171453	-1.596848689902302	1.021927889635134	7600.0	7613.333333333333	7195.0	1.11646234676007	1.0562890896455872	47.285314449801135	-1.768796600677189
VECO	56.310001373291016	14.75443595576475	27.340569468206027	32.338430982263496	892540.0	633506.6666666666	755300.0	1.037873845052933	1.1817026347146828	71.20762347075176	27.16862155743114
VKTX	29.280000686645508	-11.353309813023236	-2.7565589733688274	-13.831662504141102	6897200.0	6166590.0	4019678.3333333335	1.0153099200692766	1.7158586901854087	6.870536381510661	-2.9285068841437143
VRTX	503.5	-4.58051124622557	-1.413690711827647	-9.760559865940566	976740.0	989746.6666666666	1150263.3333333333	0.9243779553016934	0.8491446886075363	2.434196757118144	-1.5856386226025339
VOD	16.790000915527344	1.2665922363547784	-1.3513486254426852	1.2665922363547784	3961960.0	3245326.6666666665	3768760.0	0.7422981559123992	1.051263545569365	79.69694788022964	-1.523296536217572
VRDN	19.0	-7.6324731070329515	-11.955514053880389	-17.24738345983087	2036060.0	1607520.0	1698550.0	1.6492485319000696	1.1987047776044273	25.063695476019987	-12.127461964655275
UMBF	129.8000030517578	-2.7132327738482056	-2.7933765907570565	-9.509201866627293	668740.0	627663.3333333334	603961.6666666666	1.1777014216751018	1.107255703314504	27.211539113479674	-2.9653245015319434
VIRC	6.789999961853027	4.461537874661959	3.9816193520812844	12.23140078989452	20920.0	24430.0	25921.666666666668	1.5595579205894392	0.8070468719861119	93.12146146941959	3.8096714413063975
WB	6.480000019073486	0.1545630480080698	-3.857563217714232	-4.142014797751925	1033260.0	1124240.0	1028380.0	0.7564221162741052	1.0047453276026372	78.41027029733198	-4.029511128489118
VSNT	31.020000457763672	-4.436225099580525	-10.605187966180456	-24.286064111493065	1995260.0	1688483.3333333333	1725293.3333333333	1.2915140806838485	1.1564758070125274	29.524874428808587	-10.777135876955342
WBTN	10.460000038146973	-4.47488383245048	-5.8505818057304415	4.70470748545575	351860.0	435233.3333333333	411248.3333333333	1.4955196446350618	0.8555900935768737	8.538586901762145	-6.022529716505328
WABC	59.060001373291016	-0.5389014635704448	-0.7061166310989542	-0.03385317729147205	205020.0	222060.0	192946.66666666666	0.7781680626857606	1.062573422707484	41.310539317966665	-0.8780645418738411
UHAL	61.099998474121094	0.6258189159726246	-3.6733435595846324	-9.628756215739099	148060.0	144253.33333333334	153973.33333333334	0.8124595618818744	0.9615950813993764	42.65536144178982	-3.8452914703595193
WASH	38.119998931884766	-0.9612957403143711	-2.655773543359889	-4.1006316178999604	102860.0	128230.0	139571.66666666666	0.7970053809560945	0.7369690601005457	44.35853494195665	-2.827721454134776
WEST	8.220000267028809	-0.3636331269235322	6.892070297329979	7.031255869272607	346260.0	318170.0	370431.6666666667	1.0305811358707608	0.9347472993219622	84.25767822514356	6.720122386555092
WDFC	205.86000061035156	0.9612588389101377	7.476249256637881	-2.185691322232829	123440.0	118053.33333333333	121060.0	0.9893833295685567	1.0196596728894762	94.51350160906723	7.304301345862994
WIX	74.05999755859375	6.408044802085719	-11.337245730991546	-8.79310302708454	895120.0	1272730.0	1478595.0	1.1114690468520425	0.6053855180086501	77.58732654197472	-11.509193641766432
WSBF	19.899999618530273	-1.4851541241502622	-3.8182740219215106	-6.791572538789977	73500.0	88380.0	76223.33333333333	0.7580900656257071	0.9642716578475533	60.88073051233761	-3.9902219326963975
VTRS	17.6200008392334	-3.557742759957414	3.0409382816573856	4.014169325488809	9717060.0	8511503.333333334	9266793.333333334	0.7468128426979801	1.0485892638877596	47.51296568310907	2.8689903708824986
WGS	76.2699966430664	-11.241712589086921	-22.038234472509615	-12.724571260151793	911340.0	692433.3333333334	731316.6666666666	1.2350647475087855	1.2461633127464165	73.7099666014727	-22.2101823832845
WMG	27.6299991607666	1.805452402865774	-0.21668967906741743	-6.497462354875292	2517260.0	1934820.0	2075041.6666666667	1.278723602195553	1.213112989699002	76.28031791811338	-0.38863758984230434
WSFS	77.33999633789062	1.1773860122182094	-0.5784864022888772	-1.8278782225427985	326160.0	353153.3333333333	380653.3333333333	1.1247239159571858	0.8568426214578444	54.824990570269	-0.7504343130637641
WRD	5.070000171661377	-8.318264388690045	-11.979167184068077	-13.92189666234221	3413060.0	2546343.3333333335	2494986.6666666665	1.721174023403495	1.3679672302858	27.488336710911966	-12.151115094842963
XE	14.40999984741211	-0.13860330797427683	-11.9731270087893	-19.407155907303277	4942260.0	6597470.0	6028030.0	0.6398210223009729	0.8198797948915317	67.98737394270572	-12.145074919564186
WTFC	145.1999969482422	0.8193255386584408	-1.2782192408264936	-5.419493937384698	569320.0	452613.3333333333	558938.3333333334	1.4836063159135098	1.0185739035015788	81.32981050978441	-1.4501671516013805
XERS	10.130000114440918	3.0518839579172528	15.113635169080492	17.927822287512708	6624200.0	2681750.0	2175580.0	1.7370746713899505	3.044797249469107	83.4666866851522	14.941687258305606
ZG	28.1299991607666	-0.07104958449273367	-9.63700636324117	-21.947840049451347	953080.0	899390.0	1107873.3333333333	0.7201547715673957	0.8602788525764077	46.1478079161745	-9.808954274016056
ZVRA	10.699999809265137	-5.309737799488544	-8.311913116429496	-14.673047513438709	1477940.0	956616.6666666666	1112968.3333333333	2.0673902817220413	1.3279263710707554	67.69161517485905	-8.483861027204382
XP	28.149999618530273	39.149778821094465	35.466788683126346	40.74999809265137	17464840.0	8855180.0	6511085.0	5.448054133286957	2.6823240673405433	99.81177354021568	35.294840772351456
ZLAB	25.6200008392334	-0.2724783704516437	-3.0646971494122943	-5.1111080028392655	732840.0	843180.0	947321.6666666666	0.9337270808131123	0.7735915115070031	63.03904606291504	-3.2366450601871812
XRAY	8.5600004196167	-7.758613513709325	-9.3220254224934	-25.109359658192453	5576060.0	4545826.666666667	4750700.0	1.1017578027612138	1.1737343970362262	0.5088496145642125	-9.493973333268286
ABCL	13.779999732971191	-1.005749587323476	8.846760656067673	19.101124429031792	5909240.0	4981343.333333333	6647326.666666667	0.816847931916625	0.8889648871375861	32.638156162863126	8.674812745292787
VERX	12.279999732971191	11.030734783613806	1.6556275705983468	-10.885341284956437	1698640.0	1406120.0	1932756.6666666667	1.1366028503968366	0.8788690419728643	75.06192861608848	1.4836796598234598
VICR	305.6099853515625	7.193959596268827	36.49396770097952	70.96106217427509	901100.0	865330.0	881676.6666666666	0.9557047600337444	1.0220299958790637	61.794606448189725	36.32201979020463
ADPT	29.84000015258789	4.665029509044719	7.1069615895867795	21.448923578431387	2606920.0	2207626.6666666665	2379968.3333333335	0.6453536829898776	1.095359111920957	83.00792680938159	6.935013678811893
ADAM	7.71999979019165	-3.6204797803191626	-13.452917890566516	-20.41237173203088	1317220.0	1113850.0	998411.6666666666	1.192889527315168	1.3193155128061738	10.977002643169968	-13.624865801341402
AFRM	74.75	11.218570180384498	5.207595762588286	0.6056486268630663	3422420.0	5343520.0	4271046.666666667	0.7970775818187262	0.8013070956845862	96.6612045291227	5.035647851813399
AEHR	104.4000015258789	6.000613047310691	7.706593621360226	36.88213730289938	1954560.0	2536910.0	2864813.3333333335	0.8167416266245157	0.6822643476480142	53.079489102547264	7.534645710585339
AERT	6.75	-6.574393230483022	-1.4598526426976983	-6.767952853712414	13880.0	16343.333333333334	17118.333333333332	0.7158882316948807	0.8108265991626912	14.607165533296524	-1.6318005534725852
ADUS	112.9800033569336	0.9561251539718254	-2.0631044043219307	-4.8108509284861745	232940.0	209686.66666666666	216885.0	1.0410771627507711	1.0740254051686378	78.03200741501769	-2.2350523150968176
ZBIO	27.829999923706055	1.0163364588005068	-14.500766279528598	-15.461720924519511	918240.0	696500.0	742493.3333333334	1.6251256281407036	1.236697972596836	45.77505967580438	-14.672714190303484
ZS	201.8000030517578	1.2086883341625072	-2.573263991409758	13.498312479226207	1895540.0	3362426.6666666665	2780455.0	0.7091307071876661	0.6817373415502139	77.1125637326063	-2.745211902184645
AGIO	31.25	-6.493112770310468	-7.952873938921473	-5.674618193491618	1009440.0	939846.6666666666	1045370.0	0.8604595075792506	0.9656293943771105	2.559926783876591	-8.12482184969636
AHCO	5.739999771118164	1.5929145881701006	-0.17391702403192935	-10.591904939171325	2311780.0	2656036.6666666665	2947938.3333333335	1.2289363475152828	0.784202292788802	77.2003806628374	-0.34586493480681624
AGNC	8.649999618530273	-8.562372265860606	-13.23972530736865	-18.85553712620171	45703060.0	34761553.333333336	26650785.0	1.2439375072038399	1.7148860718361578	0.11075532202100646	-13.411673218143536
WYFI	17.459999084472656	-7.2756284906227435	-12.084599456799419	-7.028762267892286	1227960.0	1677716.6666666667	2230290.0	0.62185708750981	0.5505831080263105	24.603803446945818	-12.256547367574305
ACHC	28.8700008392334	3.4396309461474357	1.7624250447978158	1.7265739709541306	1468240.0	1496406.6666666667	2023823.3333333333	1.6246252132887227	0.7254783437948306	86.0769857507699	1.590477134022929
AAOI	121.56999969482422	25.56290030779981	11.870803113315361	21.109785835030717	8959320.0	7265870.0	9439723.333333334	1.2809752995855967	0.949108324855566	97.27856351563707	11.698855202540475
ALAB	362.3399963378906	3.1396768825109285	6.339146188464187	28.116818808547684	3474760.0	3744773.3333333335	4152708.3333333335	0.8667814340342807	0.8367454974163447	77.38673476961999	6.1671982776893
ACLS	142.30999755859375	14.756870500058477	25.771096455571467	28.939017864617067	414760.0	350220.0	373463.3333333333	1.0636171549311861	1.110577566740153	58.350515315209904	25.59914854479658
ALKT	14.149999618530273	5.675871962068406	-23.55483823035557	-29.566951164470034	1740140.0	1891606.6666666667	1583936.6666666667	0.7027888109226371	1.0986171585143345	77.35721739101243	-23.726786141130457
ALGT	75.13999938964844	-1.841938087391098	-6.646786701592466	-0.9491183956105537	471920.0	500980.0	502816.6666666667	0.8333666014611362	0.9385528191189632	28.965403212333342	-6.818734612367353
ALNY	219.88999938964844	-13.89019468042141	-9.999184349299352	-16.865784729811555	1358280.0	1524010.0	1785010.0	0.8406112820782016	0.7609369135186917	2.863731903166993	-10.171132260074238
AMCX	11.140000343322754	-7.398166329207588	-6.93400087878258	-12.900700730660674	674020.0	605443.3333333334	677055.0	0.9701981468125285	0.9955173508799138	8.411042058042781	-7.105948789557467
AMKR	54.630001068115234	2.7265903622011276	4.67522993985584	16.38262178608292	3903700.0	4104160.0	4778863.333333333	1.0548565358075708	0.81686788838908	52.040109727925746	4.503282029080953
AMPL	14.880000114440918	11.879698504115249	10.796722087238688	9.815497453759994	1943120.0	1635630.0	1880125.0	1.1692742246107004	1.0335057509474104	98.83090537624722	10.624774176463802
AMBA	68.26000213623047	-0.611529072625326	-0.8569300667630212	7.699591331452709	964080.0	1695963.3333333333	1691220.0	0.6461814229474301	0.570050023060276	21.381206274516757	-1.028877977537908
ANIK	19.729999542236328	-4.593814066345479	-4.685996062569141	-6.047621227446057	109980.0	88890.0	99345.0	1.3758578017774779	1.1070511852634757	68.87335956144787	-4.857943973344028
ANDE	66.9000015258789	0.6772078228795506	-2.30724555140477	-3.7271498309269466	359200.0	392330.0	358063.3333333333	1.0797033109881986	1.0031744849607611	53.391384258582335	-2.4791934621796567
ANTX	5.610000133514404	11.976045453524463	13.10484053161959	-5.714280447896764	327700.0	249960.0	227841.66666666666	1.1997919667146744	1.438279506967558	61.14713889083245	12.932892620844704
AROW	37.380001068115234	-1.08494267657889	-0.7171326608794046	-5.24714741392056	75380.0	83416.66666666667	89541.66666666667	0.7612387612387612	0.8418427175430432	42.987169092902136	-0.8890805716542916
ARWR	62.349998474121094	-4.7509939716593514	-9.361829271254752	-27.910741109823324	1974200.0	2000536.6666666667	1897245.0	1.1243982864598	1.0405614456751764	2.3170170802149954	-9.533777182029638
ABVX	91.7300033569336	-5.286520596647808	-11.329138653500694	-19.559783916231947	1048560.0	1241326.6666666667	1083063.3333333333	0.6768564815063454	0.968142829443646	9.66091088803411	-11.50108656427558
ALMR	38.130001068115234	16.92732399401253	8.787451920392654	24.73013231521554	624400.0	446993.3333333333	373550.0	1.2769765395457053	1.6715299156739392	92.07791138580262	8.615504009617768
ASTE	41.599998474121094	1.1919188919840322	-0.1679858360934276	-1.8867995824706032	205960.0	223053.33333333334	235478.33333333334	0.7818757845657242	0.8746452256753983	61.129864675224766	-0.33993374686831446
ATEC	10.720000267028809	6.666667299286432	5.4080647650819795	14.898181722284724	1970180.0	2150570.0	2159953.3333333335	0.9591410649269728	0.9121400771004311	87.06892593772221	5.236116854307093
ARCT	14.65999984741211	1.3831245417532267	-0.20421874627724554	-5.784065218082817	717300.0	1075223.3333333333	956141.6666666666	1.2239317723139689	0.7502026373358203	85.99899195886418	-0.3761666570521324
APPN	38.209999084472656	9.109076484897034	-1.061625734726814	-6.393926089819393	713220.0	893526.6666666666	858588.3333333334	0.6060255616321841	0.830689135072493	77.99788647030952	-1.233573645501701
ATRA	9.399999618530273	12.305851219284595	0.21321432670949933	-1.3641145654092008	60320.0	47213.333333333336	54798.333333333336	0.8323919796667607	1.100763405213054	81.83439048844006	0.041266415934612444
ARHS	10.109999656677246	4.984418863261822	15.807562277230188	20.35714423575375	1913940.0	1333103.3333333333	1396570.0	1.2422892949033708	1.370457621171871	67.21442909250743	15.635614366455302
APOG	35.65999984741211	-2.0598736697146878	-3.5434171761872095	-6.624767924258229	283160.0	248940.0	214783.33333333334	1.5710612999116254	1.3183518274229844	45.113739639551035	-3.7153650869620964
APA	43.849998474121094	3.590825838215028	0.0912967349379326	-0.7469484580696734	5327180.0	5605883.333333333	5665941.666666667	0.6831037630108845	0.9402108799214016	86.68342670634883	-0.08065117583695429
ATTO	18.0	1.9830050370214756	-15.492954719541835	-25.61983705568433	598480.0	352096.6666666667	None	1.2950988838292514	None	68.93632835311448	-15.664902630316721
AUGO	85.16999816894531	9.585688151350222	-4.464389555594408	-3.3367409159464305	717160.0	1013630.0	957700.0	1.153971370223849	0.7488357523232745	93.99857715366281	-4.636337466369295
AURA	6.21999979019165	1.1382064022559437	-2.2012632135809818	-15.60380072217862	993720.0	870896.6666666666	748846.6666666666	0.6772330433384749	1.3270006320831145	73.38506942659744	-2.3732111243558687
AVPT	14.65999984741211	7.242134349618537	9.730540599865444	8.032425770824677	3265040.0	2019910.0	2040431.6666666667	1.5683867102989737	1.600171205602736	97.90583625854643	9.558592689090558
AVLN	27.030000686645508	-4.555081292654363	-14.516129129549926	-23.730243414076686	429340.0	265806.6666666667	233556.66666666666	1.607559378997266	1.8382690853040662	26.768285479971908	-14.688077040324812
ASML	1859.8599853515625	4.993194656528792	8.679852027939246	12.97967133505784	1402100.0	1278176.6666666667	1486513.3333333333	1.0844353806072713	0.9432138740766985	75.46299273510436	8.50790411716436
ASUR	7.889999866485596	2.202073586969943	-3.190181156003105	-13.770489667485542	115220.0	105806.66666666667	104508.33333333333	1.218259718984311	1.1024958137309624	91.79485181261767	-3.362129066777992
BELFB	257.6300048828125	3.853749859449623	5.820257035316267	7.39505837604732	148620.0	149963.33333333334	198025.0	0.8175331747760564	0.7505112990783992	85.98872436083904	5.64830912454138
AVAV	139.3000030517578	-5.386125725668252	-13.42448207836664	-5.3732785146081055	1399060.0	1961633.3333333333	1616958.3333333333	0.669900932896056	0.8652418378127658	9.547516827904559	-13.596429989141527
AXGN	37.220001220703125	-14.160514998199982	-18.963638202917974	-20.976640283431205	1876460.0	1287600.0	1181356.6666666667	1.6981205343274308	1.5883941344273673	0.14213558380920688	-19.13558611369286
BBCP	9.829999923706055	-0.7070676517319978	-1.106636431799571	8.618781398145531	117160.0	230583.33333333334	180025.0	0.31095048789302493	0.6507985002083044	51.76264921293252	-1.2785843425744579
BCML	31.010000228881836	0.45351274973244915	4.30541778121139	1.939513974714526	62860.0	55686.666666666664	54630.0	0.9212259068598109	1.150649826102874	55.342603977634425	4.133469870436503
BBSI	31.229999542236328	1.2317638770430965	-4.960441381129345	-7.685492604471731	264060.0	216550.0	237903.33333333334	1.1955668436850613	1.1099466169732803	67.01543274818167	-5.132389291904232
BLBD	57.029998779296875	0.08774874949496099	-2.7455672358614853	-10.414704813080133	513160.0	536326.6666666666	548513.3333333334	0.6039229822620543	0.9355469936920402	83.21506525328893	-2.9175151466363722
BKNG	158.3300018310547	-3.3807246300160236	-6.046761323914511	-18.85922314912997	7405360.0	7869763.333333333	6817816.666666667	1.0600191704197797	1.0861776375134757	8.067864745245657	-6.218709234689398
BFST	30.8700008392334	0.6521055182325924	0.5537461630918481	-1.9688756316010299	232020.0	203986.66666666666	217956.66666666666	1.2584155827178247	1.0645235291418784	77.25356229908806	0.3817982523169612
BOKF	128.22999572753906	-1.8071833038767071	-3.6878501461756237	-6.639978136661419	285940.0	263570.0	254960.0	0.9800053116819062	1.121509256353938	63.23837484865372	-3.8597980569505106
BLKB	43.310001373291016	2.242683544030215	0.6273244703074926	-10.627316979937337	384040.0	410346.6666666667	536630.0	1.4185566675331427	0.715651379907944	78.96591762761597	0.4553765595326057
BHRB	69.27999877929688	0.3185653467717916	-0.38821604689219835	-4.41501714876866	120480.0	118796.66666666667	122171.66666666667	0.9554140127388535	0.9861533634366942	47.57736707045375	-0.5601639576670853
BUSE	29.510000228881836	-0.8400537569800723	-1.5019988963352167	-3.8135595327766794	825540.0	750266.6666666666	778653.3333333334	0.8342367158343701	1.0602150721758934	43.63779378301116	-1.6739468071101036
BILI	14.75	-2.5759599371129283	-2.832676525238067	-4.838709677419355	2302360.0	3501246.6666666665	2887326.6666666665	0.4704895589570953	0.7974019796859378	57.62887241707166	-3.004624436012954
CARE	30.549999237060547	3.0006722664433583	-0.48860430668127436	-3.8401045109364857	210840.0	254260.0	331568.3333333333	0.4786439078109022	0.6358870217803269	57.93078976938455	-0.6605522174561612
BRVE	21.350000381469727	1.3289069326103937	-14.668265424252416	-18.728587706742577	741580.0	530543.3333333334	None	1.675640695387747	None	55.409093024415434	-14.840213335027302
BMRN	57.540000915527344	-3.229058524231797	-10.177953311819536	-13.3825069227883	2057520.0	1958846.6666666667	2006623.3333333333	1.2290395368703353	1.0253643351102266	27.218846327488308	-10.349901222594422
BSY	34.75	11.057842707686426	8.729665192271012	-2.3602139617490585	2559060.0	2566023.3333333335	2624276.6666666665	1.655596792442781	0.9751487076438842	90.7038479979142	8.557717281496126
BWIN	31.899999618530273	0.2514139675465406	0.031358510734503284	2.1780919927339912	3411940.0	3947796.6666666665	2554986.6666666665	0.3049549157800258	1.335404229115351	93.57372101027876	-0.14058940004038362
CCB	40.95000076293945	9.069124410853025	-9.28223013593979	-16.75136835497981	300720.0	213283.33333333334	276776.6666666667	0.8936469485035555	1.0865077740175593	72.13201781253396	-9.454178046714675
CATY	60.47999954223633	-0.42805750583744756	-1.6265452300678809	-3.3557082572283576	441020.0	475150.0	467075.0	1.0828159528569925	0.9442166675587432	52.443009641740694	-1.7984931408427678
CACC	531.3499755859375	-3.390913529829546	-5.834094104921579	-11.67426435532975	139500.0	123626.66666666667	122678.33333333333	1.055597497842968	1.1371201108590216	63.95898892403927	-6.006042015696466
BZ	15.100000381469727	6.488011681904831	4.570642799623312	-10.332540114916622	5700700.0	9129850.0	6342220.0	0.5262627534954024	0.8988492988259631	85.51841219349706	4.398694888848425
CCSI	36.380001068115234	5.632992214760819	2.24845192774076	3.558212245927108	104340.0	153186.66666666666	151445.0	0.6482287405344243	0.6889629898643072	85.33709731402459	2.076504016965873
CDNS	353.4800109863281	8.197122062648186	19.864367006533907	15.940699726174609	2587240.0	2612130.0	2459836.6666666665	0.7472828687699311	1.0517934117576913	98.17969555265823	19.69241909575902
CASH	73.41999816894531	1.5631446107441587	-3.267461537649654	-11.296362031330755	237380.0	236793.33333333334	219288.33333333334	1.0088966468650582	1.0825017290781542	52.613740646813774	-3.439409448424541
CELC	73.62000274658203	-7.559011412861564	-12.357139587402344	-23.654461771654116	1602640.0	947706.6666666666	1185378.3333333333	1.813219280227356	1.3520071650823156	39.29714860942586	-12.52908749817723
CFFN	8.550000190734863	1.0638315860764902	-3.3898325175556887	-2.840909029334046	1113440.0	944073.3333333334	898848.3333333334	1.048541426866557	1.2387406848393037	65.40030012756273	-3.5617804283305756
CHKP	129.5800018310547	0.23980625694137955	-3.478583366067272	-5.698276415382849	776760.0	1075846.6666666667	1150288.3333333333	0.8355279872596466	0.6752741703891634	38.20353885113266	-3.650531276842159
CBSH	55.13999938964844	-1.3242692632821673	-2.493368464076041	-5.53366387072509	921700.0	996383.3333333334	1035241.6666666666	1.2268370607028753	0.890323515443254	49.14484601286748	-2.665316374850928
CIFR	15.479999542236328	-7.526883190618305	-18.095238864136526	-10.880835956715377	31381440.0	32883190.0	33404143.333333332	0.8997180626332177	0.9394475316086038	21.512043398102108	-18.267186774911412
CHRW	140.61000061035156	-5.147061926656734	-8.00182937750249	-4.144796325491424	2768640.0	1614180.0	1882225.0	5.363156525294577	1.4709399779516263	17.672634997108375	-8.173777288277376
CMPR	76.3499984741211	-4.622116722774404	-4.263324797340321	-13.631224936382157	227780.0	186813.33333333334	187296.66666666666	0.7852758546856041	1.2161455089074376	63.35166046668575	-4.435272708115208
CHCO	141.77000427246094	1.285992024047773	1.090985966462654	-2.1938549449688787	118480.0	122926.66666666667	122650.0	0.8370844405878843	0.9660008153281696	51.96186173247479	0.9190380556877671
CMCO	16.920000076293945	3.359799687623615	8.950420909355804	-7.287670814827697	340420.0	416093.3333333333	547110.0	0.707293235492037	0.6222149110782109	89.87478935460452	8.778472998580918
CLMB	33.72999954223633	3.434525945789889	18.102241501997007	19.694816099917453	160320.0	155760.0	150486.66666666666	0.9527478171545968	1.0653435520311878	85.46634018888203	17.93029359122212
CRAI	171.2899932861328	3.6738845300704903	5.754147061300633	-0.7589877004970335	155520.0	126686.66666666667	136918.33333333334	0.7143608903857286	1.1358595756594563	57.51677125443285	5.582199150525746
CGNX	64.37000274658203	9.565962121841755	3.8393305431091242	5.88912942447458	1714940.0	1539433.3333333333	1875191.6666666667	1.4828183530736418	0.9145411802349093	76.23636036012915	3.6673826323342373
CLDX	32.59000015258789	3.493173672483222	-13.987857805319756	-17.221231809091886	1927260.0	1594713.3333333333	1275243.3333333333	0.7887938062013236	1.5112880417593506	75.34609999656847	-14.159805716094642
CRNC	8.0	2.5641000560833844	-1.8404862030818543	-5.771493337197456	566940.0	618593.3333333334	686315.0	1.3847546584185624	0.8260638336623853	44.62110081746927	-2.012434113856741
CRCT	6.46999979019165	2.211688280773775	14.513268689969683	10.59828881481022	638540.0	686246.6666666666	738575.0	0.8993850607653225	0.8645567477913549	48.92461892042436	14.341320779194797
COGT	30.8700008392334	-3.107343854841313	-3.53124737739563	-11.673819269361607	1665660.0	1873696.6666666667	1871190.0	0.9567717293265184	0.890160806759335	9.564626088246513	-3.703195288170517
COST	923.52001953125	0.06501502104242139	2.7869334439078153	-0.20422879244095588	2146700.0	2222090.0	2081896.6666666667	0.8787222839758966	1.0311270652241786	80.06798815915535	2.6149855331329284
COLB	28.84000015258789	-0.7570520213268622	-3.545148760756027	-5.287358193800397	2859740.0	2834923.3333333335	2918306.6666666665	0.9163563506126562	0.979931284352113	50.316121051139646	-3.7170966715309137
CTBI	76.08000183105469	1.1433137415515766	0.6882004887013066	-1.8195845548914225	152100.0	109456.66666666667	115380.0	1.1885982276090994	1.3182527301092044	76.89985668942448	0.5162525779264197
CVCO	576.27001953125	3.361252174705066	6.050903402059238	2.7329156457236383	123020.0	104500.0	109716.66666666667	1.830622009569378	1.1212517089472884	49.94993158148857	5.878955491284351
COO	56.77000045776367	0.3535456319929092	4.89652915406408	-19.63476649451567	4491000.0	4398400.0	3130473.3333333335	0.8977128046562386	1.4346073330763611	39.49047227693485	4.724581243289193
CRWD	272.6700134277344	5.176475767689248	9.352318730057556	26.840960077863336	6703920.0	11332920.0	9657400.0	0.426483201152042	0.6941744154741442	97.53466416555173	9.18037081928267
COCO	55.31999969482422	-4.058272908047734	-3.371179572359443	0.435725954595408	944040.0	1314933.3333333333	1188931.6666666667	0.9076505779760699	0.7940237664345722	7.152171556831902	-3.54312748313433
DERM	6.690000057220459	4.04354954623715	-4.291841541072258	-15.316455994178	115720.0	157056.66666666666	182633.33333333334	0.5647643101216122	0.6336192735900712	59.711612985364155	-4.463789451847145
CZR	29.649999618530273	0.20276940058459367	0.0	-0.10108047957221923	3861420.0	4111803.3333333335	3964730.0	1.341601130404259	0.9739427401109281	71.932862589584	-0.1719479107748869
CSGP	27.65999984741211	2.3686135411020914	-4.752069643969482	-12.689395262117142	5038480.0	6748516.666666667	7020218.333333333	0.7311236296371301	0.717709871796485	66.23839372050531	-4.924017554744369
DFTX	36.22999954223633	-5.675606128185548	-7.764764083109125	-4.657895941483347	2133800.0	2202720.0	2116211.6666666665	1.1811760005810998	1.0083112354072963	4.81218455420364	-7.936711993884012
DKNG	19.600000381469727	-7.372398285405339	-10.78743289010555	-18.97478318003975	19527120.0	13334193.333333334	12980055.0	1.9298430251248793	1.5043942417809477	65.59147774614996	-10.959380800880435
CRSR	13.529999732971191	0.22222024423104747	0.07395913364616483	5.951442818825186	1106560.0	1135373.3333333333	1565468.3333333333	0.952021655138398	0.7068555629252589	24.150106111281303	-0.09798877712872206
DNTH	88.04000091552734	0.2390972106280947	-8.738468123255963	-18.36810184410639	836100.0	779643.3333333334	790166.6666666666	0.7662478141714373	1.0581311959502215	33.220032489893015	-8.910416034030849
DOX	58.459999084472656	1.811217256516409	-1.7148629213411086	-7.616940246214359	1146300.0	999873.3333333334	1137048.3333333333	1.0870376914409159	1.0081365641155684	77.22412230538066	-1.8868108321159955
DMRA	20.219999313354492	-2.554220176604857	-11.509851309446985	-27.785716738019673	508600.0	665183.3333333334	528823.3333333334	0.8360101225226128	0.9617578649454448	29.50761749295077	-11.68179922022187
DRH	12.420000076293945	-1.7405083944086015	1.2224907329596981	2.9850716762138214	3709240.0	3016656.6666666665	2771961.6666666665	1.0927660533681327	1.338128172768142	29.98443729351831	1.0505428221848112
DSP	12.140000343322754	-0.8169888044554667	-4.107421092865582	-9.706205884138747	466900.0	451530.0	370265.0	1.4038934290080394	1.2609887512997449	26.242187930062087	-4.279369003640469
DXCM	86.9000015258789	0.253808513992343	-2.545695513826941	-3.1323125485129064	2982580.0	3796736.6666666665	4496353.333333333	0.8109332488163081	0.6633331010463295	74.84578773283012	-2.7176434246018277
EBC	21.239999771118164	0.5205897525817584	-1.117317394007622	-3.804348530300626	2418700.0	2287540.0	2389868.3333333335	1.0906475952333075	1.0120641234768164	48.15271828287038	-1.289265304782509
ENPH	33.45000076293945	8.217408372908812	-3.768692813147317	-7.876619394609354	4995860.0	4607213.333333333	4438628.333333333	0.8112713107851167	1.1255414116297942	80.9310717217423	-3.940640723922204
EGBN	28.31999969482422	-0.4569457456204394	1.2875558731741366	2.017289125811147	316440.0	293430.0	283850.0	0.8939099614899635	1.1148141624097234	62.99051585564644	1.1156079623992496
ERII	6.829999923706055	1.6369067998329083	-2.844954198198342	-10.718956358679524	745980.0	984610.0	943436.6666666666	0.8857314063436285	0.7907049051164007	87.89743333636152	-3.016902108973229
ENTG	166.9199981689453	10.814573961413691	16.613105268055904	27.712319867188988	1968280.0	2056373.3333333333	2357435.0	1.1057330705189719	0.8349243987639108	97.55813617620863	16.441157357281018
ESQ	118.0199966430664	-1.3952759330566378	-3.30984843219252	-2.6558901991414223	145660.0	190193.33333333334	169871.66666666666	0.8691156367205299	0.857470835827046	36.78216025724972	-3.481796342967407
EQIX	1023.4400024414062	1.2234558465367302	-3.198835386927765	-1.6707775859179388	454160.0	517656.6666666667	545085.0	0.7124413221118244	0.8331911536732803	69.01797685593287	-3.3707832977026517
EXC	40.81999969482422	1.2400793744653322	-2.7632202478826295	-8.331460108185604	12836620.0	8246276.666666667	7859756.666666667	1.0946879864569181	1.6332083223950529	86.45098815047211	-2.9351681586575165
EXLS	35.900001525878906	3.7572344193313874	1.8150970924886705	-3.804925457012389	2536340.0	2035063.3333333333	2248688.3333333335	1.3980400282382694	1.1279197576661357	62.659644709054426	1.6431491817137835
FCEL	18.06999969482422	11.95787099232239	0.6124755899718486	23.176548063040016	5517360.0	6325346.666666667	7903880.0	0.8679840472511651	0.6980571567382096	68.35933345984245	0.4405276791969617
CTRN	47.86000061035156	-5.82447678521753	-13.516442937498867	-30.778129833890183	169040.0	201820.0	166468.33333333334	0.38152809434149243	1.0154483835764558	10.598159748902049	-13.688390848273754
FDMT	12.920000076293945	-11.263738297103208	-15.223095339023091	-12.10884187800663	1243160.0	1003063.3333333334	931421.6666666666	2.103855190267148	1.3346908757759197	0.4634963795732432	-15.395043249797977
FISV	46.13999938964844	0.26075386938533057	-0.7101394929760976	-12.497629830831594	6727420.0	6901663.333333333	7283000.0	0.854707005412705	0.9237155018536317	75.65857551871639	-0.8820874037509845
CSWC	23.56999969482422	2.5228357089185183	0.5546039155490491	-3.9918516199256175	560520.0	606323.3333333334	638041.6666666666	1.218821640818705	0.8785006203879058	88.12814171581215	0.3826560047741622
FIZZ	29.84000015258789	0.9130891462637769	-4.937875970687958	-8.071469518734677	393860.0	405456.6666666667	406040.0	1.0689181745685934	0.9700029553738548	44.615792442204295	-5.1098238814628445
FLGT	22.450000762939453	0.4025051436994374	4.224697347882312	14.249369968275891	290420.0	311070.0	299338.3333333333	0.9901308387179735	0.9702065110270988	83.90629135746427	4.052749437107425
DSGN	12.420000076293945	0.4854403016450342	-1.0358574698420449	-17.365267485346063	567700.0	710763.3333333334	602688.3333333334	0.9578434453099719	0.9419462242784412	62.03279411437388	-1.2078053806169318
FHB	25.040000915527344	0.3205201682257103	-1.8039179783241421	-3.692304171048678	2051380.0	2044600.0	2286311.6666666665	1.00381492712511	0.897244251476359	48.98426594136135	-1.975865889099029
FORM	147.99000549316406	12.995345585879475	24.038226905909887	52.9454342971239	4144920.0	1649723.3333333333	1464815.0	8.444628089154344	2.829654256680878	63.30970864945293	23.866278995135
FOXA	63.33000183105469	0.42816437025646853	-2.253432727028652	-6.468759876888545	4458560.0	4889253.333333333	4903221.666666667	1.0316094618401175	0.9093123466781874	79.91524847691504	-2.425380637803539
FMBH	49.66999816894531	0.5669139152805082	-0.02013312433379092	-2.7603829513806843	141120.0	128276.66666666667	131590.0	1.2013096692045837	1.072421916559009	57.04841164816521	-0.1920810351086778
FRME	39.77000045776367	-1.4862484270397316	-2.762838694273011	-5.534437294076564	565600.0	482153.3333333333	457730.0	0.9922154777871494	1.235662945404496	36.90844731128985	-2.934786605047898
ETOR	25.690000534057617	-0.5034824256510766	-10.394138591929647	-21.557250277686666	998460.0	1040176.6666666666	1112298.3333333333	0.6453711388770498	0.8976548557865921	57.00514681636251	-10.566086502704533
EIKN	7.539999961853027	-4.677621905139906	-14.609286217429537	-31.204380149547617	490180.0	583476.6666666666	486615.0	0.8317384871145947	1.0073261202387924	52.39440521324006	-14.781234128204423
FROG	97.86000061035156	10.190297602234406	6.369565880816916	8.001324303237825	1514200.0	1804696.6666666667	2016488.3333333333	0.5854723508475108	0.7509093779367266	75.17038938330165	6.197617970042029
FRST	15.510000228881836	-0.19304847519197912	-2.575375913613401	-3.724397012649356	106880.0	143016.66666666666	159810.0	0.6481762032397157	0.6687941931043113	51.207549016248	-2.747323824388288
FWONA	87.48999786376953	1.004381308706238	-0.7487279077534813	-2.4637671791091007	239460.0	186530.0	165935.0	1.7761218034632498	1.4430951878747702	87.90971233996224	-0.9206758185283682
FWRG	10.510000228881836	3.5468041761728744	3.6489139352221915	-10.17093675028054	1649700.0	1213966.6666666667	1160336.6666666667	1.2978939564513028	1.4217425402397579	69.43282067412684	3.4769660244473046
FSLR	176.16000366210938	1.8442518465013644	-11.84947613576963	-15.070868181849278	2062520.0	2237813.3333333335	2299938.3333333335	0.6882164732238614	0.8967718699704267	70.33496851183698	-12.021424046544515
FULT	22.690000534057617	-1.2189760020327338	-2.5343648418633515	-4.9434447578078835	1858620.0	1663110.0	1684116.6666666667	0.9198429448442977	1.1036171286628993	43.226952111824644	-2.7063127526382385
EZPW	30.5	-1.0703857428566144	1.2952486939318062	-8.408406309944732	546560.0	783450.0	902738.3333333334	0.6107600995596401	0.6054467610584832	81.3910060095807	1.1233007831569193
EXTR	23.329999923706055	11.095237731933594	2.639684969437947	6.5783488999939355	1818920.0	1431973.3333333333	1607831.6666666667	1.272509730162573	1.131287582966293	97.70386041237444	2.4677370586630603
FTDR	77.62000274658203	6.445426077421826	-2.6464323611094764	-6.154027801030628	615200.0	556993.3333333334	537675.0	1.1517193503213683	1.1441856139861442	95.02251396760937	-2.8183802718843634
FLNC	7.650000095367432	2.0000012715657554	3.5182710903820658	-24.999997662562905	5928160.0	7701340.0	7680970.0	0.7266138100642225	0.7717983535933612	60.23878515751507	3.346323179607179
GCMG	13.180000305175781	2.0123856605766837	-0.8276874115348667	-1.2734087748035683	399900.0	467703.3333333333	509448.3333333333	0.7519724041593318	0.7849667450739198	86.73286672841765	-0.9996353223097536
GENB	13.90999984741211	-6.706908183996846	-19.965474573713596	-14.871482756938184	1020360.0	1533776.6666666667	1046501.6666666666	0.7299628585648062	0.9750199474120921	36.555077503088796	-20.137422484488482
FAST	50.689998626708984	0.3961119857270337	2.094656734880469	2.9656695064968797	7396700.0	6605493.333333333	7513790.0	0.8419356010754685	0.9844166525814536	74.19225663058288	1.922708824105582
GHRS	22.170000076293945	-5.337318513782875	-20.622986630667654	-20.594555817649	441740.0	243056.66666666666	292895.0	0.8516532495851448	1.508185527236723	9.589671833640324	-20.79493454144254
GEHC	65.73999786376953	-1.5573539001767167	1.4349642650965724	-5.708553194562689	3378360.0	3366146.6666666665	4127010.0	1.2772764902301743	0.8185974834080848	76.24131678269693	1.2630163543216855
GILT	9.399999618530273	-6.093912051985062	-6.560643872334677	-8.737869471246858	508620.0	495256.6666666667	543245.0	1.564239417944904	0.9362626439267734	12.954546712627675	-6.732591783109564
GLNG	49.7400016784668	1.9471218387231406	-3.154203490329119	-4.327755197845867	1531340.0	1354960.0	1332291.6666666667	0.8885133140461711	1.1494029710711493	87.98295701258559	-3.326151401104006
GLRE	14.739999771118164	-0.4726579778202792	-2.319419336849394	-4.780360419902568	124920.0	134426.66666666666	138478.33333333334	0.9588871255703234	0.9020905797537521	61.21538251956062	-2.491367247624281
GPCR	27.59000015258789	-21.31754959895362	-25.047543810723873	-41.71947599565089	2019280.0	1326016.6666666667	960226.6666666666	1.4085795804477068	2.102920143854923	0.15247279414735715	-25.21949172149876
GOOG	343.8299865722656	1.376926188150639	-2.0064435953181388	1.400849412558198	17946100.0	17316276.666666668	18168060.0	0.8053232382711988	0.9877829553623226	79.89493740127128	-2.1783915060930257
GGAL	38.25	3.4342900851395464	-8.405168732306441	-14.295319102452952	1190000.0	829726.6666666666	867945.0	2.197952739456367	1.371054617516087	83.85035027006852	-8.577116643081327
FFBC	31.510000228881836	-1.2844606717798988	-0.7246362441552894	-4.020717418675957	821740.0	855650.0	926821.6666666666	0.9249108864605855	0.8866214823779476	36.56047673601514	-0.8965841549301763
GSHD	46.189998626708984	4.054965672020935	-10.657644206806763	-31.14192402224216	497920.0	446450.0	476010.0	0.9096203382237653	1.0460284447805719	59.67201415843781	-10.82959211758165
GO	11.420000076293945	2.882880034476614	1.6919015298533193	-7.154472364185731	3123220.0	2443613.3333333335	2525235.0	1.1669194798958917	1.2368037034177017	37.010655545745244	1.5199536190784324
HCM	14.3100004196167	1.2738874997730552	-1.1740271270296865	1.4174398852292471	61220.0	84176.66666666667	69073.33333333333	0.7733734605789411	0.8863044107711612	46.788333302362254	-1.3459750378045734
HAS	92.37999725341797	3.2755733987013396	5.312352904544899	-0.6666696199806788	2076880.0	1639290.0	1898336.6666666667	1.297512947678568	1.094052512638257	90.36896394776355	5.140404993770012
HLIT	11.220000267028809	6.049152627012203	-0.8833871951527732	-3.3591679688305383	1509020.0	1401593.3333333333	1532683.3333333333	1.0624337064008105	0.984560846445776	94.92415508320109	-1.05533510592766
GRFS	7.409999847412109	0.0	0.6793439265038461	-5.964470307144848	552860.0	566323.3333333334	591615.0	0.8701742820650158	0.9344928712084717	91.43409347894115	0.5073960157289592
HRMY	39.91999816894531	-0.2249441548700414	-5.178148180969245	-4.6345017035821705	899300.0	983340.0	908923.3333333334	0.9131124534748917	0.9894123816823568	81.05839701410454	-5.350096091744132
GRRR	12.25	-10.649161444818672	-9.527326185283707	-10.714287452030426	514940.0	769596.6666666666	999471.6666666666	1.130852091355212	0.5152122037809976	1.1948484299906568	-9.699274096058593
HTO	58.439998626708984	-4.774320280545908	-6.660281014201323	-9.479552607371678	555500.0	453610.0	449406.6666666667	1.5947620202376491	1.2360742312085564	0.917636792066574	-6.83222892497621
HYMC	18.799999237060547	-4.081638412443698	-8.426699423884111	-19.31330535342844	1884480.0	2046593.3333333333	1888486.6666666667	0.7517370329230038	0.9978783717473956	28.377406526400947	-8.598647334658997
HURN	160.10000610351562	1.5734114091833868	0.5779705176945596	1.2650220890507142	306340.0	238070.0	284676.6666666667	0.899315327424707	1.0760980293432314	35.94543516304019	0.40602260691967273
HMH	19.18000030517578	-0.5186741592752788	3.0628676847391616	-4.195804862043058	304760.0	204323.33333333334	207561.66666666666	1.2690670016477152	1.4682865333194153	89.08383983536739	2.8909197739642747
GAIN	15.539999961853027	-1.0821137866400488	-1.8939405798291624	-5.128200500312244	131140.0	157653.33333333334	179020.0	0.6241542625169147	0.7325438498491789	18.974501495214284	-2.065888490604049
HONA	155.74000549316406	2.2452717991706237	-7.862505698462205	0.5033548951357097	2358800.0	3713383.3333333335	3864990.0	0.673536711803701	0.6102991210844012	74.5672213082086	-8.034453609237092
HELE	25.639999389648438	-12.07133222285001	-7.269440349412477	-9.013487892194329	459660.0	408060.0	398596.6666666667	1.4250355339900995	1.1531957952483296	1.4304803364639866	-7.441388260187364
HSPOF	11.989999771118164	-0.08333524068196616	0.0	0.0	60.0	33.333333333333336	30.0	9.0	2.0	3.0303030309390664	-0.1719479107748869
HOFT	13.010000228881836	-0.7627721618167852	-3.199400036656858	2.764616000696649	38780.0	50590.0	48925.0	0.6740462542004348	0.7926417986714359	27.283903532144976	-3.3713479474317447
HPK	8.09000015258789	6.587615150831318	1.7610106500832095	-2.412542945542205	446480.0	470340.0	475138.3333333333	0.709274142109963	0.9396842323112918	74.25837850001358	1.5890627393083225
IBEX	43.33000183105469	-2.2558086142452307	6.855740188161004	9.946719103831684	86600.0	145973.33333333334	123710.0	0.5309188892948483	0.7000242502627112	29.622257979432092	6.683792277386117
IDXX	527.0700073242188	-0.37613696812422626	2.2841101901944585	-0.41942428447234154	469820.0	479366.6666666667	548751.6666666666	1.228495932132675	0.856161408773246	78.94163677231938	2.1121622794195716
ICLR	168.3300018310547	-4.1237142969380916	-0.719552461659762	2.903777935462916	915920.0	904316.6666666666	825823.3333333334	1.031165336626182	1.1090992020085007	72.80854153534418	-0.891500372434649
IBRX	10.380000114440918	21.83098071294539	22.84024081349211	26.739934630804008	19201700.0	11635026.666666666	10094225.0	1.4430392366956328	1.9022460862522879	93.84109802930625	22.668292902717223
HTFL	52.209999084472656	4.587341745841506	3.735341118660501	5.029169273875317	1742000.0	1931870.0	1806978.3333333333	1.267838933261555	0.9640403362150626	92.96770332544848	3.563393207885614
HBT	36.310001373291016	1.1420608077594552	1.7371890457794685	-0.13751165077349387	131240.0	120133.33333333333	132573.33333333334	0.9264705882352942	0.9899426732374534	80.2241527202541	1.5652411350045816
IGIC	24.799999237060547	1.5560981145757287	-0.8000030517578125	-7.358988371372243	99540.0	89470.0	94803.33333333333	0.8136805633173131	1.0499630814668965	86.49480302997229	-0.9719509625326994
IMMR	7.269999980926514	0.27586180588294723	-1.0884343502594092	-3.8359783604231716	290680.0	354873.3333333333	493543.3333333333	0.7374462249441116	0.5889655079256803	32.64908428884185	-1.260382261034296
IMUX	8.069999694824219	-15.141961087280952	-25.484766835874144	-36.75548941952177	530880.0	391646.6666666667	279496.6666666667	1.2516383815343761	1.8994144235470904	23.086535992149592	-25.65671474664903
INDV	35.9900016784668	-2.4132303792634384	1.2946887559083253	3.3304616320112994	2046140.0	1989850.0	2095466.6666666667	1.5093097469658516	0.9764602952405191	67.42376859094614	1.1227408451334384
INBK	26.829999923706055	2.5611623860931534	-2.8250658073258763	-6.221603106158183	44040.0	53633.333333333336	48628.333333333336	0.5351149782473585	0.9056448572505741	37.332744530498495	-2.9970137181007632
HIFS	283.8399963378906	-4.069220071052281	-8.008424058554189	-4.504933604787778	44200.0	41220.0	44585.0	1.0650169820475497	0.9913648087921947	30.164607902757183	-8.180371969329075
IRMD	86.47000122070312	-0.21925044239217514	4.862966505884376	-0.138578498974935	142960.0	125136.66666666667	125936.66666666667	0.6153272422151781	1.1351737645906672	80.48962788101531	4.691018595109489
ILMN	293.69000244140625	8.013979048935763	22.975459942389477	32.49571306923591	2835380.0	3474526.6666666665	2672968.3333333335	1.2151871046224043	1.060760789658937	92.34491906670833	22.80351203161459
INCY	114.12999725341797	-8.56433461588089	-8.43963429096056	-10.835939645767212	1963980.0	1497990.0	1615793.3333333333	1.3009432639737248	1.2154896046936696	0.9803789972340979	-8.611582201735446
JACK	12.359999656677246	-9.78102314776432	-7.3463304700227425	-18.469658436130114	479720.0	535293.3333333334	691065.0	0.6689790021670361	0.6941749328934326	2.581600073466447	-7.5182783807976294
IPGP	83.5999984741211	8.248083439472765	7.524113793081792	9.33821537423797	489940.0	492340.0	474623.3333333333	0.9623430962343096	1.0322712045341218	76.157259532321	7.352165882306905
JAZZ	236.0399932861328	-0.9400728154438311	-2.2446837062160574	-4.657274183857894	800180.0	990273.3333333334	860833.3333333334	0.8528958334735863	0.929541142303969	80.91790740123487	-2.4166316169909443
INSM	103.83000183105469	-11.761703538075848	-14.190081131359763	-18.03757374413861	3342760.0	2263603.3333333335	2520788.3333333335	2.3832355786717634	1.3260772258413869	12.470538406996624	-14.36202904213465
INIO	18.979999542236328	4.51541685965968	-6.5024617952417	-6.410261836259393	5261600.0	5125166.666666667	4759783.333333333	0.8400312184969594	1.1054284683826645	45.71418054810304	-6.674409706016587
ISRLF	12.550000190734863	0.3197438938544496	-3.4615369943472056	-7.380073696853333	40.0	73.33333333333333	61.666666666666664	1.3636363636363638	0.6486486486486487	82.0158887015742	-3.6334849051220925
INTR	6.559999942779541	30.158730008554684	17.773783493849958	13.103443569859355	10663020.0	5160106.666666667	5215293.333333333	5.48490599677526	2.044567643366816	98.77747799402084	17.601835583075072
IEP	6.670000076293945	-2.911205423533434	-6.713286890506252	-3.890489606633396	1053840.0	830813.3333333334	1007720.0	0.980966442522187	1.045766681220974	7.245123614618677	-6.885234801281139
KC	9.270000457763672	1.3114846364624622	-9.7370979106826	-11.545793295086867	1101340.0	1287743.3333333333	1412148.3333333333	0.5904903409840988	0.7799039052790725	75.91229076815519	-9.909045821457486
IOVA	14.149999618530273	28.753411403307055	38.86163102273667	62.643677341936424	29425380.0	15972890.0	18035011.666666668	0.7347887577013302	1.631569779041821	54.72456217014171	38.68968311196178
KURA	10.619999885559082	0.09425286715765764	-8.448279859336331	-19.23954225372031	1874320.0	2019260.0	1799996.6666666667	0.641225003219001	1.041290817205217	15.729255863649655	-8.620227770111217
KOD	93.80999755859375	4.326067024978971	189.35842954011363	158.00328928456173	4133700.0	2614480.0	1590496.6666666667	1.2371867445916587	2.598999473958868	55.032589722940706	189.18648162933874
ITRI	87.79000091552734	-0.7910464065326724	-5.020014469683619	-8.121404383448326	705460.0	561253.3333333334	762788.3333333334	1.675357533140115	0.9248437202981167	82.53160659686826	-5.191962380458506
KRNT	18.229999542236328	13.93749713897705	19.38440730673138	13.582557064189832	430560.0	313546.6666666667	299526.6666666667	1.055026365028066	1.4374680050746733	99.92927144312293	19.212459395956493
KMB	95.41000366210938	-3.4018356739439057	-2.3838697079855815	-11.616483224307315	4094740.0	4375636.666666667	3914006.6666666665	0.7216321282007723	1.0461760412603625	53.103761606291755	-2.5558176187604684
LBTYK	8.800000190734863	-3.6144569503793753	-10.295618610394506	-15.384610446952324	1539800.0	1697993.3333333333	1542336.6666666667	0.6301555954283291	0.9983553093682529	40.65976661349516	-10.467566521169392
KYIV	12.569999694824219	-1.4890323718612268	-6.263983312050489	-11.913109379156035	480820.0	402530.0	392096.6666666667	0.8873872754825727	1.2262792338623978	66.27436664005734	-6.435931222825376
LAMR	143.92999267578125	-0.7584679809517116	-1.471802524865778	-5.0280502953036255	666260.0	512120.0	583668.3333333334	1.7523236741388737	1.1415044503013982	43.73498868508321	-1.643750435640665
KRNY	9.270000457763672	1.0905166917963833	-3.2359025930185865	-7.852881997028064	492080.0	564436.6666666666	581115.0	0.8771577561108126	0.8467859201707063	55.73862721552046	-3.4078505037934734
LGND	306.7699890136719	-2.333657098824777	5.757224555376773	5.877683217122033	330780.0	237623.33333333334	260158.33333333334	0.6893262446168306	1.2714564848329541	63.67792767764558	5.585276644601886
LFTO	15.260000228881836	-2.554276005286011	-13.541073321833046	-18.482901770217257	771740.0	835266.6666666666	813221.6666666666	0.6644584563811956	0.9489909475276319	28.400524823387883	-13.713021232607932
LECO	274.94000244140625	1.3865365687653852	6.433878385706168	0.4053668055261304	354480.0	436846.6666666667	431336.6666666667	0.8410273627664931	0.8218174511788935	84.21528864725686	6.261930474931281
LILA	8.8100004196167	3.769147904893169	0.45609988329723794	0.45609988329723794	286680.0	349166.6666666667	460945.0	0.8231026252983293	0.6219397108114851	93.65307987919816	0.284151972522351
LMAT	80.98999786376953	-1.6395415765884134	2.2601022531568065	0.621195196012127	286540.0	279896.6666666667	334046.6666666667	1.3212018721194725	0.8577843415091704	62.67436790307554	2.0881543423819195
LINE	34.97999954223633	-1.2701122186378162	-6.769725172009598	-8.739895979092314	1259240.0	962013.3333333334	949305.0	1.7416598522542999	1.3264862188653805	79.88629450773398	-6.941673082784485
LIN	482.3800048828125	2.1904915157009652	5.438252433401639	0.03940406073212568	2400700.0	2031770.0	2076343.3333333333	1.3769767247277005	1.1562153336875887	86.29248752344523	5.266304522626752
LNWO	75.72000122070312	-4.151897188983386	-3.3443901450890032	-18.20243980735717	12866.6	19347.766666666666	21390.55	0.14125661359709046	0.6015086101105395	44.71417159540287	-3.51633805586389
KRUS	40.369998931884766	3.992785289143639	12.986284492289196	-7.195404754287896	291700.0	239936.66666666666	222816.66666666666	1.6245953793362138	1.3091480290223652	28.302359710302085	12.81433658151431
LOGI	101.37999725341797	1.046541815210334	-3.5578437932315112	-0.3244536761627663	645020.0	717540.0	906048.3333333334	0.5818490955208072	0.7119046261328957	28.060528635051725	-3.729791704006398
LKFN	58.310001373291016	-0.7658219215388941	-2.703151883256133	-2.865229786742977	181560.0	179126.66666666666	168273.33333333334	1.0579106032974803	1.0789588368131215	40.87389956239472	-2.87509979403102
LTRX	7.130000114440918	-1.2465329413582078	15.372173341268274	36.59004599651799	913640.0	1314233.3333333333	1032238.3333333334	0.4683338828721435	0.8851056684260579	44.92711711725729	15.200225430493388
LUNR	14.289999961853027	-5.986841176520413	-9.096693898759465	-2.7891146444348527	8024500.0	7074066.666666667	8825501.666666666	1.0632639405905138	0.9092400979661025	37.31458228234506	-9.268641809534351
LAUR	38.5099983215332	2.3657613368354458	6.146636210773177	7.120994448581013	1472900.0	1044133.3333333334	1028225.0	1.9085685097688672	1.4324685744851564	66.66070713322415	5.97468829999829
LYEL	9.069999694824219	-6.878851047622031	-17.017388457626847	-36.66201195449428	130140.0	124786.66666666667	145065.0	1.0369697617266802	0.8971150863406059	5.123761824412085	-17.189336368401733
MARA	11.170000076293945	-7.762176771532782	-15.888551951086274	-3.706899060647272	34672020.0	44518383.333333336	47227835.0	0.7520803203770128	0.7341437523020058	5.40579751072751	-16.06049986186116
MAMA	12.819999694824219	-2.5095051960384582	-5.03703929759838	-19.674187567779743	600040.0	779076.6666666666	637951.6666666666	0.5665681169589643	0.9405728229150067	29.071076989210255	-5.208987208373267
JJSF	78.19000244140625	0.5659195387861736	0.19221107652378433	-9.039084138927052	225320.0	195360.0	218245.0	1.9195331695331694	1.032417695708951	76.05833433645923	0.020263165748897444
MFIC	8.510000228881836	-2.8538812039724233	-6.070642000678098	-11.354167804949768	643660.0	546876.6666666666	558178.3333333334	1.3030360288425789	1.1531440071422812	3.232362132214945	-6.242589911452985
LZ	5.869999885559082	7.706423687940954	-1.3445365759757089	-8.281253154855174	2861820.0	2656936.6666666665	2811640.0	1.5181393108103192	1.0178472350656556	81.22697625596507	-1.5164844867505958
LRCX	345.79998779296875	9.962790234569127	14.397244008673907	18.15758336154883	7588800.0	8566573.333333334	9442386.666666666	0.7141128385834553	0.8036951109818281	82.0869462368077	14.22529609789902
LMRI	10.770000457763672	6.160670002944216	0.8426980338593663	-9.49579157134598	526660.0	383466.6666666667	438771.6666666667	1.6069193324061195	1.2003053980240292	92.67094726224886	0.6707501230844793
LFCR	6.519999980926514	0.0	45.535713240352216	49.88506031880566	741520.0	374086.6666666667	254418.33333333334	2.24707287081425	2.9145698357691727	69.25206458793575	45.363765329577326
MGPI	12.770000457763672	-0.07824159167799	-4.630320161778487	-21.848223142512094	320040.0	271960.0	225700.0	1.4321959111634064	1.4179884802835623	17.27712642402267	-4.802268072553374
MATW	19.329999923706055	-0.9733633688622607	-2.275029056208637	-8.388627610254014	1208900.0	1092896.6666666667	821028.3333333334	2.573802341788946	1.4724217800035322	67.6466740534827	-2.4469769669835237
MLAB	142.22999572753906	6.94788318874831	7.856222790593911	10.658987845916739	114180.0	130110.0	144605.0	1.1374990392744602	0.7895992531378583	95.70536558733188	7.684274879819024
MMED	20.15999984741211	-1.6105413733152336	-4.545459060957758	-15.436242792038355	6268980.0	3195373.3333333335	2205503.3333333335	4.803069437895624	2.842425991950439	83.44833749433131	-4.717406971732645
MNST	43.5099983215332	3.94170493818295	-1.1136401783336292	-1.2931113562702092	10168840.0	9732630.0	10583996.666666666	1.0680360806893923	0.9607750569334395	93.78668026485084	-1.285588089108516
MDGL	493.6199951171875	-4.529627089864544	-5.429539746810991	-9.028582509891315	243440.0	225940.0	287610.0	1.0909976099849517	0.846423976913181	0.8595243289985035	-5.601487657585878
MNDY	82.66000366210938	4.566730513581287	-6.0254609794543255	-15.07243182262493	1449880.0	1198210.0	1423136.6666666667	0.7379340850101401	1.0187918236946087	80.30504452119216	-6.197408890229212
MLKN	20.639999389648438	1.7751414734418172	1.57480167140813	-7.815989493992917	580920.0	693533.3333333334	657785.0	0.9457368066903777	0.8831457087042118	90.55594195758067	1.4028537606332432
META	741.9000244140625	3.6723441877237475	0.08769300695615515	21.4875275614192	16690620.0	21314143.333333332	18961413.333333332	0.7129772828464606	0.8802413462850168	83.87052706860999	-0.08425490381873174
MBIN	49.720001220703125	-3.549947707936709	-5.023872645799774	-5.475280108296793	198320.0	210273.33333333334	189193.33333333334	1.4604800101455249	1.0482398956975227	44.297121127105555	-5.195820556574661
MRVI	8.520000457763672	11.664486631373634	18.828457002855703	15.603807192153733	2848880.0	3135203.3333333335	3319501.6666666665	0.8385421041272176	0.8582252054901816	95.24196634751519	18.656509092080817
MTCH	40.33000183105469	2.0754329140899435	-6.556992646808616	-4.94932467361997	3029500.0	3432120.0	3217525.0	1.0461464051373495	0.9415622256237325	75.0658972813066	-6.728940557583503
MGEE	70.2699966430664	1.943995839196316	-3.5547679736324103	-9.445878834004331	283520.0	194030.0	182970.0	1.7208679070246868	1.5495436410340493	50.74528313854642	-3.726715884407297
MKSI	280.5	8.561032084204797	9.177948520891748	12.35730296725237	1073560.0	1289810.0	1353506.6666666667	0.8722990207860073	0.7931693477682661	97.37895876237123	9.006000610116862
MOBI	9.59000015258789	8.607024184014431	-1.2358381574422985	-17.5408421477139	227320.0	263926.6666666667	183465.0	0.6058501098790068	1.2390374185812008	82.4857139780067	-1.4077860682171854
MPAA	10.619999885559082	0.854702325452916	0.7590125616280361	-9.923664801353036	134200.0	123626.66666666667	119396.66666666667	0.6471095772217429	1.123984477511935	78.56129023215641	0.5870646508531492
NATR	12.399999618530273	-3.3515222738331243	-4.761911040208138	-10.144931542425134	125860.0	151320.0	164446.66666666666	0.8386201427438541	0.765354522236186	0.3373535591710919	-4.933858950983025
MSBI	33.0	-0.5125058134747489	-1.63934202553721	-1.5806704401794467	149840.0	159090.0	174935.0	0.7102897730844177	0.8565467173521594	61.21252719735298	-1.811289936312097
NBN	125.83000183105469	-0.34056731973742943	-5.033960882222877	-4.478853782617212	102200.0	110016.66666666667	113635.0	0.6935312831389183	0.8993707924495093	49.67744921297214	-5.205908792997764
MCFT	19.709999084472656	-0.8052428183335456	0.15243281926670202	-15.516506005450292	179400.0	258913.33333333334	210811.66666666666	0.4692689960604578	0.8509965450994964	26.097849087065057	-0.019515091508184867
MBWM	59.09000015258789	-0.4883814589270242	-0.9720094421911284	-4.276687849061333	121590.0	109275.0	119702.5	0.8332189430336308	1.0157682588082955	46.17511306027209	-1.1439573529660152
MTSI	328.29998779296875	17.856113824782913	17.62387769088494	26.2935073576768	1108280.0	1266736.6666666667	1358193.3333333333	0.9370534786235497	0.8159957590721008	98.91294258309335	17.451929780110053
NFLX	67.5	-2.498921382415806	-7.9880051275853985	-18.350064721114105	37589820.0	32686713.333333332	36980381.666666664	1.1235421446471523	1.0164800444415822	33.963551714233105	-8.159953038360285
NMIH	39.38999938964844	-3.8564847058297733	-7.350347041898055	-13.218770832079695	1334460.0	680680.0	569206.6666666666	1.6261679496973616	2.344420889893536	70.92752786157743	-7.522294952672942
MQ	17.030000686645508	0.828900545034208	9.236693521254274	0.29447082306925876	1328280.0	845216.6666666666	973745.0	1.3067655236329936	1.3640942957345095	68.6018221268834	9.064745610479388
MYRG	302.6499938964844	5.847585649981845	4.922857024967388	6.52938662247329	217280.0	269583.3333333333	281786.6666666667	0.7047913446676971	0.7710797766631967	69.86984167663637	4.750909114192501
MWH	25.09000015258789	5.375895486584994	-6.693935581692403	1.6612635427161078	1571800.0	1380433.3333333333	1802101.6666666667	0.8995001569555454	0.8722038434753496	67.42208201306792	-6.86588349246729
NTCT	41.20000076293945	4.541996758330071	5.80380640969086	9.866668701171875	708500.0	645156.6666666666	607800.0	1.2004836034658248	1.1656794998354723	96.46011206135051	5.631858498915973
NNE	15.510000228881836	-4.022274905122388	-9.298246298935062	-12.12464269631886	1792060.0	1819930.0	1920635.0	1.2090574912221899	0.9330559945018184	3.7775311108510152	-9.470194209709948
NRIM	24.670000076293945	0.6117439466962965	-2.180805916078322	-5.005773089843908	126020.0	140656.66666666666	144990.0	0.7884446761618125	0.8691633905786605	60.15227273974186	-2.352753826853209
NVDA	238.89999389648438	4.386958515842411	5.066403714613809	4.574303824836447	116725240.0	126120890.0	121891381.66666667	1.0041151786987865	0.9576168421751556	98.35420772501949	4.894455803838922
NTRS	170.6699981689453	-2.2228615382275274	-4.626990176307019	-8.951719953311118	1113720.0	992876.6666666666	1060115.0	1.0020378496154272	1.0505652688623404	45.200232314557134	-4.798938087081906
NXPI	241.97000122070312	2.390823341814169	4.113419133408994	7.547000005764687	2416060.0	3256263.3333333335	3690428.3333333335	0.5813718996927971	0.6546828123384051	62.019703024799405	3.9414712226341067
NKTR	42.220001220703125	-30.09933749320586	-36.83422571229373	-44.71651210907846	2849220.0	1421496.6666666667	1045301.6666666666	1.4275798512835063	2.725739459581843	4.102632251091592	-37.00617362306862
NYAX	49.77000045776367	11.442007675348592	12.678294138476021	-5.523917673793566	37140.0	30560.0	24821.666666666668	1.0143979057591623	1.496273417041563	98.70783274140965	12.506346227701135
AADX	11.510000228881836	-4.481327413324262	-10.705974225639041	-8.140459104762382	2399640.0	2085873.3333333333	1603108.3333333333	1.3580882188435859	1.4968670239586637	27.861836026786435	-10.877922136413927
NPCE	13.220000267028809	-6.572433756701837	-9.078402326598036	-10.3728795455674	137740.0	136170.0	172063.33333333334	1.0971579643093192	0.8005191886708383	55.72789834374171	-9.250350237372922
NCNO	19.280000686645508	3.655915544245001	-5.628975043328462	-18.408796566288036	2321220.0	2628523.3333333335	2361408.3333333335	0.6311148084412413	0.9829812011899678	69.28272255364911	-5.800922954103349
NSLR	7.5	-4.336736555746885	-6.015037818624172	-25.07492678811072	386120.0	417460.0	350688.3333333333	0.6910841757294112	1.1010346318906152	40.07884205574852	-6.186985729399059
NTLA	12.75	11.646233930128576	4.337149929539702	0.552048053150645	5447780.0	4072286.6666666665	3938366.6666666665	1.218676484792328	1.3832587113101031	96.93395892823479	4.165202018764815
ABBV	265.760009765625	-0.19527903562252227	0.4839680603926784	2.1328997704936374	5136820.0	4240113.333333333	4796888.333333333	1.7787260403416891	1.0708650364663481	84.32092348962743	0.31202014961779156
ACN	195.0500030517578	11.795725160236087	4.8036120638801405	0.9993827585792765	12579000.0	6193120.0	6534470.0	1.1293015475237038	1.9250222282755909	43.38692859354992	4.631664153105254
AD	34.5	3.1390111004836854	-2.980881137105857	-10.92176501996437	240500.0	262223.3333333333	206558.33333333334	0.9537671450544701	1.1643200064549966	87.59585540086819	-3.152829047880744
NVAX	12.5600004196167	16.296298127769575	20.653223858971263	21.47002160800924	8883780.0	6165406.666666667	4907786.666666667	4.641218584121512	1.8101398050445006	94.40951033758229	20.481275948196377
ADM	82.47000122070312	2.600154315377616	-1.0913841001326496	-2.2635649382383405	3285980.0	3674870.0	3713463.3333333335	1.193892573070612	0.884882845214575	95.92737091092927	-1.2633320109075366
ABG	171.8300018310547	-4.368873088107961	-6.892441620353562	-20.231187544759514	262640.0	236220.0	251215.0	1.2759292185251037	1.0454789721951316	21.03528699212579	-7.064389531128449
AGBK	6.739999771118164	17.01388026553206	8.534617225692324	-1.605841387530715	295340.0	188673.33333333334	267553.3333333333	4.162750432846896	1.1038546831784317	93.61096044334852	8.362669314917438
AEO	18.110000610351562	4.621612761936769	17.141012714526603	6.46678640016712	6053360.0	7172310.0	5744403.333333333	0.6849397195603648	1.0537839439083028	75.26444865903797	16.969064803751717
NECB	26.510000228881836	-0.45061560520646743	-2.177122303626672	-1.4498118779889624	35260.0	34876.666666666664	39493.333333333336	0.9318551084774922	0.8928089128966914	53.73942559779219	-2.349070214401559
AES	14.899999618530273	0.20174669268374024	0.47201412801306103	0.811907224134697	10226140.0	8255080.0	7517471.666666667	1.116488271464359	1.3603164007047581	40.39599241809052	0.30006621723817417
NWBI	15.039999961853027	-0.5291000285156192	-1.699347880003837	-3.0303047072404357	1148740.0	1058180.0	1025038.3333333334	0.9688332797822676	1.1206800396082748	43.940228207269236	-1.871295790778724
AEE	99.69999694824219	0.31190015142110616	-2.0917262540625043	-6.30580441964264	2466260.0	1723040.0	1624993.3333333333	1.4318297892097689	1.5177046880192329	42.88871853028578	-2.2636741648373913
AGRO	10.75	6.752734119001891	-3.5009006400661167	-7.327589254458551	589020.0	730043.3333333334	778826.6666666666	1.0732239638742904	0.7562915154420325	91.13558577979553	-3.6728485508410036
AIN	59.47999954223633	-0.99867222125853	0.2528193267358511	-4.968845826441453	215860.0	254226.66666666666	272660.0	1.3834111291760633	0.7916819482138927	36.669795706869834	0.08087141596096423
AHRT	5.960000038146973	1.016948166266164	-5.6962044894971715	-8.307691720815805	2575740.0	1078920.0	857840.0	0.7474140807474141	3.0025878951785883	17.328106695469344	-5.868152400272058
ALLY	37.630001068115234	-1.4663461082245335	-5.665576224901319	-13.672858599700689	4409320.0	3631750.0	3353206.6666666665	1.2975287395883528	1.3149562309510698	28.493346593651765	-5.8375241356762055
AMRC	21.489999771118164	5.757874477684959	-10.755814621237233	-5.621434610946958	558260.0	649176.6666666666	677628.3333333334	0.9944904571431507	0.8238439459192232	69.90782033853547	-10.92776253201212
AMPX	9.449999809265137	-1.5625058983760716	-1.6649308338001643	-1.8691620253031678	5944020.0	5005950.0	5529883.333333333	1.1409822311449376	1.0748906697850769	16.959158505504405	-1.8368787445750512
ALG	162.38999938964844	2.960942260208596	-1.5042128956068161	-5.334029529324958	166700.0	192786.66666666666	163548.33333333334	0.8579431495954077	1.0192705520284522	87.31870608574275	-1.676160806381703
AMWL	12.720000267028809	-5.357137915431083	-5.216093929102629	-3.9999979846882368	100920.0	98360.0	123996.66666666667	0.8357055713704759	0.8138928465818973	47.683266085698655	-5.388041839877516
ANF	141.39999389648438	5.380832922050304	3.3928046037004687	-1.49087326859669	1183080.0	2094556.6666666667	1543051.6666666667	0.7012939890223389	0.7667144435647543	94.87806610257013	3.2208566929255817
APAM	34.400001525878906	-3.991069584418405	-6.470900849397656	-16.40340157886745	1167700.0	849843.3333333334	884051.6666666666	1.6386549677783748	1.3208504027856593	5.121694722253096	-6.6428487601725426
ARI	6.230000019073486	0.4838743666333342	-3.1104170233984667	-9.44767564760792	4144500.0	2679460.0	3911720.0	1.5372500429190956	1.0595083492683526	53.02077292183056	-3.2823649341733536
AGL	84.27999877929688	5.972589051813883	-4.25991145291477	-2.543945990099608	232780.0	218486.66666666666	295645.0	0.8609221005095659	0.7873632227840822	90.70847688918782	-4.431859363689657
ARW	240.22000122070312	4.2350057374395895	9.639431551274892	13.918531219771141	687240.0	544853.3333333334	563388.3333333334	1.4178127447141737	1.219833566545278	73.90989539522282	9.467483640500006
AFG	139.3300018310547	0.8322544624616984	-1.3523106682418093	-3.4709676000738305	477220.0	388523.3333333333	379451.6666666667	1.8423603901953551	1.2576568820798433	82.38080139421743	-1.5242585790166963
AMT	162.25999450683594	-3.4166699364071804	-7.067589441757309	-8.71448972892493	2736620.0	2496250.0	2601206.6666666665	1.0039058587881822	1.0520578910813188	34.83555906213408	-7.239537352532196
ASH	68.77999877929688	1.0430425850679734	-0.40544278771413345	-6.038249116418103	572060.0	627073.3333333334	676981.6666666666	0.8597080617896896	0.8450154977116564	43.73066141666012	-0.5773906984890204
APTV	43.88999938964844	0.5728689356015456	0.7344496145641063	-5.673757702360144	2864820.0	4582693.333333333	4125688.3333333335	0.572087156897545	0.6943859469106771	65.32497012018398	0.5625017037892194
APH	87.2699966430664	3.1316400501906307	8.114463978332218	6.336050892626149	11732280.0	11910650.0	12466908.333333334	0.8016690944658772	0.9410737358700934	98.12290083048018	7.942516067557331
AON	272.04998779296875	-0.018382326139252794	-6.454170641129367	-16.804285078602827	1854460.0	1937680.0	1573786.6666666667	0.7049667643780191	1.178342680922446	44.47291391266162	-6.626118551904254
AMCR	41.79999923706055	-2.3136285517291304	-0.8303731343958978	-8.912617578963154	2769140.0	3294100.0	3563303.3333333335	0.9219210102911266	0.7771272162253938	19.53634225065268	-1.0023210451707847
ASR	238.47000122070312	-2.250371102671395	-2.6931105015980417	-7.220946055612211	111220.0	63680.0	62750.0	1.5326633165829147	1.7724302788844621	74.99422940698473	-2.8650584123729286
ARCO	8.100000381469727	13.44538561534534	7.712771303381745	-1.8181771943063447	3768380.0	1532153.3333333333	1314473.3333333333	4.657170953298843	2.8668364008905978	94.2536441278177	7.540823392606858
AMH	30.079999923706055	-1.570679157803206	-3.713187758997829	-8.040352290975926	3201880.0	2910046.6666666665	2518720.0	1.2669556272866187	1.2712330072417737	10.683339894478166	-3.885135669772716
AN	161.6699981689453	0.1921154917087073	-4.201230486294802	-21.96640414890599	663340.0	583413.3333333334	498233.3333333333	1.080023311088765	1.3313842242590488	44.27266298428027	-4.3731783970696885
ALK	39.189998626708984	-1.2846401169507367	-6.467787113315805	-5.3381710572847725	3372000.0	2680803.3333333335	2751486.6666666665	1.0742675392077747	1.225519295023539	31.628752193813895	-6.639735024090692
ATR	120.61000061035156	-3.0855736697909686	-2.260940746376115	-6.001088843233688	404000.0	414253.3333333333	448648.3333333333	0.9972158743442017	0.9004825605801129	44.61577552932196	-2.4328886571510018
AWR	81.76000213623047	0.503999594099322	-3.641716433068719	-8.800891528563849	285700.0	230893.33333333334	248165.0	1.2027198706473408	1.151250176293998	39.223660157219605	-3.8136643438436058
AVY	170.0	-1.0995400525682109	0.3956759946260371	-1.7511407274305637	734600.0	1037576.6666666666	923835.0	0.8907293597581545	0.7951636385285251	31.09404665686735	0.2237280838511502
AXP	304.0199890136719	-0.7540879639116896	-3.05175784813848	-7.822453986299567	3369700.0	2976886.6666666665	2886968.3333333335	0.9500529636107522	1.167210585960705	66.65137092049542	-3.223705758913367
BARK	8.100000381469727	-1.0988913739280333	-7.428567068917411	-21.511621889561553	34820.0	51926.666666666664	50880.0	0.4140454487097189	0.6843553459119497	17.018402544933622	-7.6005149796922975
ASAN	9.140000343322754	5.787036807080855	-4.192868135531716	-9.415260603553907	5973040.0	7661786.666666667	6370668.333333333	0.4558858334174448	0.9375845182125058	77.20681649463981	-4.364816046306603
ATMU	46.18000030517578	4.859217404997669	3.565822263168598	-3.490069429884108	862800.0	711643.3333333334	691700.0	1.0315560697540433	1.247361572936244	93.22551725293658	3.393874352393711
AM	20.559999465942383	-0.6763347431741339	-2.2813756116841417	-8.459482172658708	2723100.0	2396996.6666666665	2390170.0	1.0813949122443502	1.139291347477376	83.98746803723309	-2.4533235224590286
BBUC	25.950000762939453	2.4476938061620235	0.8550377948588317	-4.979856205046617	335400.0	348866.6666666667	329675.0	0.7008408178864896	1.0173655873208463	92.39774091461396	0.6830898840839448
BCC	74.83999633789062	-2.28489369849237	-1.0838055571353489	-2.9564397400030646	379100.0	333526.6666666667	360008.3333333333	0.8452097783285694	1.0530311798338001	40.359639305882226	-1.2557534679102358
BDC	111.3499984741211	1.3931877468116431	0.7236502942372021	-6.365623790264271	367140.0	413703.3333333333	455005.0	0.8462585910999025	0.806892231953495	60.906198527947396	0.5517023834623151
BCO	102.76000213623047	-1.8997592971546837	-4.007473884380146	-3.3756430553820875	513960.0	427110.0	487765.0	1.2973238744117441	1.0537041403134706	73.14043288602039	-4.179421795155033
BE	286.6499938964844	9.046296352193314	5.042316871056558	21.69390370735774	14180180.0	15807676.666666666	15687628.333333334	0.47330168485649277	0.9039084620502972	60.95278165867492	4.870368960281671
AZZ	139.14999389648438	2.974904809008252	4.130800577694101	1.2368111938789885	227320.0	236123.33333333334	247996.66666666666	1.0358993181529426	0.9166252234573046	84.07313366924943	3.9588526669192143
BA	192.72000122070312	4.517599576239452	-4.190898797699932	-8.450901976321658	10960780.0	7464253.333333333	6605621.666666667	0.8693032926713813	1.6593108950381403	61.80942124632614	-4.362846708474819
BFLY	9.380000114440918	2.5136667267707336	15.233411779095766	28.66941239402474	5301220.0	5221290.0	6162890.0	1.00107444711939	0.8601841019391876	82.2945530927858	15.06146386832088
BAH	68.61000061035156	-2.3345187041258897	-11.333674017000595	-7.13318467648237	2171720.0	1688410.0	1909206.6666666667	1.2235179843758328	1.1374986469074415	46.56290628067342	-11.505621927775481
AVEX	14.930000305175781	-2.988954047337318	-9.56995700667572	-8.517153282112295	1886380.0	1362440.0	1579275.0	1.1900707554094125	1.1944594829906128	67.47001687225946	-9.741904917450606
BHB	39.2400016784668	0.07651771153961029	-2.5819193951033985	-2.363764570051142	96080.0	96596.66666666667	96078.33333333333	0.8281859277407778	1.0000173469564766	56.622119290875204	-2.7538673058782854
BIRK	33.77000045776367	2.426445882441147	7.753670368042818	-0.5301923450095278	2066880.0	2280870.0	2357986.6666666665	0.8693174095849391	0.8765443966321552	88.87229871595375	7.581722457267931
ARMK	55.22999954223633	1.7876912103002736	-2.2131728224700797	-3.5789093588484726	2013920.0	2188700.0	2453600.0	0.7093251701923516	0.8208020867297033	61.928973174567815	-2.3851207332449667
BHP	86.83000183105469	2.6602033001776104	0.8595719882013344	-6.342354990275011	3480620.0	2639116.6666666665	2638891.6666666665	1.0017366922013047	1.3189704010837884	95.31760464692495	0.6876240774264475
BKV	21.790000915527344	-0.5022771914107996	-5.054465398037467	-17.116773842872785	1284660.0	2049540.0	1480836.6666666667	0.4301453008967866	0.867523089424672	79.32614294903163	-5.226413308812354
BAM	44.72999954223633	0.5168529039018609	-3.223716224826465	-11.055878449137852	4184380.0	2773226.6666666665	2653776.6666666665	1.217282395476749	1.5767641838738	48.56903211829916	-3.395664135601352
BKE	43.45000076293945	0.8822871390939424	6.521205657535396	0.09214677647534801	466300.0	491460.0	461488.3333333333	0.9742400195336345	1.0104264102017748	87.43264096381982	6.349257746760509
BBDC	8.550000190734863	-1.0416683913380327	-2.840909029334046	-4.894322487046896	601380.0	614916.6666666666	663673.3333333334	0.876216289470118	0.9061385621440267	16.681088073347496	-3.012856940108933
AUB	38.36000061035156	-0.4928628546542919	-1.3628150877213634	-5.911208781831599	1270160.0	1222493.3333333333	1119196.6666666667	1.0427050726929663	1.1348854386628504	37.890089002220975	-1.5347629984962503
BKSY	21.3700008392334	-6.884531029112207	-7.768663060567663	3.587017491857711	1054800.0	916406.6666666666	1014440.0	1.0189799288525474	1.0397854974172942	34.74770808552955	-7.94061097134255
BLX	55.02000045776367	0.09095731480849208	0.4748030390794012	-1.4684808248271757	210100.0	175946.66666666666	167508.33333333334	1.0628220672931192	1.2542659569175663	54.05770603208276	0.30285512830451433
BROS	38.22999954223633	1.2983514625785189	-2.3499411182256	-17.322668350941246	3983500.0	4175236.6666666665	3960888.3333333335	1.0689214423773183	1.0057087362136354	21.193921563442274	-2.5218890290004867
BMNR	26.790000915527344	-0.1862862771098978	-5.168138352115598	1.285444774218243	31080040.0	42240253.333333336	38945468.333333336	0.6871597045346003	0.7980399602332852	66.11656438333384	-5.340086262890485
BBWI	17.459999084472656	7.844339150844647	3.252508823320411	-7.9599382368919045	6818580.0	7139006.666666667	6154370.0	1.7357036599863098	1.107924937889662	87.98013514215884	3.080560912545524
BSBR	5.78000020980835	1.2259224377184703	-1.7006786171138801	-3.9867071740625932	5008180.0	3927493.3333333335	3818810.0	4.0107260950156505	1.3114504256561599	84.22416265442237	-1.872626527888767
BTU	25.5	1.3916516372900847	1.715198685321708	-7.742400278235523	1818940.0	2363983.3333333335	2368608.3333333335	0.9352857817666509	0.7679361650476897	92.12166934491734	1.5432507745468211
BRCC	9.449999809265137	4.419885194475265	6.179777688863419	10.011637268925494	74060.0	130500.0	116364.83333333333	0.6383141762452107	0.6364465782187918	89.334344164574	6.007829778088532
BRT	13.289999961853027	-2.135493103698669	-4.662838149901872	-9.406953696414327	74060.0	57176.666666666664	46801.666666666664	1.5583279892730135	1.5824222784088886	2.7029974713838953	-4.834786060676759
BLK	1066.449951171875	-0.44807923716452747	-2.184786147711939	-5.301254002391869	520820.0	565533.3333333334	630926.6666666666	1.0795119651066838	0.8254842084130222	66.7344799945949	-2.356734058486826
BW	5.639999866485596	-1.9130458002505097	-23.16076635915218	-20.897618850489415	5078540.0	4808250.0	4719356.666666667	1.062423958820777	1.0761085373924553	6.172004260102341	-23.332714269927067
BWXT	135.35000610351562	0.7443244916784804	-8.218617357335445	-15.538217720115055	1563840.0	1225883.3333333333	1082730.0	1.2360066890541515	1.444349006677565	35.330636456000505	-8.39056526811033
AYI	304.8399963378906	-0.3497784679838776	-0.528615532975685	-7.193961334367092	621920.0	334670.0	300800.0	1.4677144649953686	2.067553191489362	42.848570713303694	-0.7005634437505719
BURL	271.80999755859375	2.034604381590337	7.946780883367527	5.124535939476617	1533100.0	1815186.6666666667	1271850.0	0.6335987483380956	1.2054094429374533	40.53104633690312	7.77483297259264
BEPC	28.31999969482422	1.2513421167751555	-5.442407434367149	-10.095239064050098	2013540.0	1737303.3333333333	1831151.6666666667	0.944740028127884	1.0996030731115483	32.27102935580845	-5.614355345142036
BXDC	17.219999313354492	-5.01930441001538	-10.77720210326208	-16.20437979238765	2790620.0	2262303.3333333335	1532958.3333333333	0.946955241781606	1.8204147753526678	1.349221378623028	-10.949150014036967
BXSL	23.520000457763672	-3.567031380304212	-5.769225478877488	-4.66153066466886	2015800.0	1421303.3333333333	1492250.0	1.154503730144398	1.3508460378622884	4.4504220308567	-5.941173389652375
CBU	60.130001068115234	-0.5951406850096276	-1.5714504535518303	-5.292172817017167	267980.0	269803.3333333333	260286.66666666666	1.1382364932481686	1.029557154931742	42.13777335461266	-1.7433983643267172
CABO	11.25	-10.501191144560945	-37.53470373665584	-56.83039051975983	797100.0	405136.6666666667	315470.0	1.3968125982178852	2.5267061844232415	41.572945178430444	-37.70665164743073
CAH	233.1199951171875	5.82414191387709	3.264671148255814	-6.230644565840162	1682560.0	1747356.6666666667	1901411.6666666667	0.9853168690994206	0.8849004292424838	86.1203922673199	3.0927232374809273
CCEP	101.47000122070312	-1.360942440458351	0.9350467052823977	-7.0361889123335395	1775520.0	1724463.3333333333	1820485.0	1.2538393587183647	0.9753005380434335	63.612552474936734	0.7630987945075108
CALY	14.279999732971191	-0.20964839808377445	-3.054988616766903	-9.160308585222356	2005080.0	1957803.3333333333	1966913.3333333333	1.0670121786151487	1.0194043458955995	39.090222136155255	-3.22693652754179
CCK	106.58000183105469	-0.8281375077131636	-1.9773764917683165	-7.794787431689228	879320.0	943606.6666666666	979170.0	1.0431253135133989	0.8980258790608372	71.2037931758941	-2.1493244025432032
CAVA	54.099998474121094	4.885607897650744	4.038458604079027	-12.275012031111403	3511680.0	3348506.6666666665	3518353.3333333335	1.0192304629327302	0.9981032793750106	47.21827265465372	3.86651069330414
BR	159.0800018310547	-2.3569828020183334	-3.3653222272234156	-11.083785939944287	811720.0	1034790.0	1114341.6666666667	0.6784951536060456	0.7284300895147359	49.22909578790268	-3.5372701379983025
CEPU	12.430000305175781	2.9826066234776767	-7.100147990580435	-11.404130137189759	270820.0	257783.33333333334	235298.33333333334	1.3158337104803774	1.1509643785548842	79.96652414926272	-7.272095901355322
CHH	99.58000183105469	-3.3203865717915657	0.5350820423699818	0.18108682335273202	648500.0	562790.0	550616.6666666666	1.5572415998862807	1.1777703786663438	6.841827639997206	0.3631341315950949
CARS	9.699999809265137	-6.909791379626258	-15.283843049359103	-17.726888544106547	828560.0	621240.0	652181.6666666666	1.6652179511943854	1.2704435625043125	5.255786029408455	-15.455790960133989
CLX	82.01000213623047	0.7246425700733947	-3.3812384661357067	-13.023649019049536	2854000.0	3230123.3333333335	2921013.3333333335	0.8647967002291965	0.9770581898519235	80.92004254415018	-3.5531863769105936
CCU	10.979999542236328	1.2915072663999427	-1.1701180779315894	-7.885910470143834	128320.0	139260.0	143605.0	0.644836995547896	0.8935622018731938	87.2304383766593	-1.3420659887064763
CNC	64.30000305175781	2.8306481800971506	-1.0616938524264445	-5.468970559979865	4265680.0	4618640.0	4613141.666666667	0.9825619662931079	0.9246800354783525	87.73669441975485	-1.2336417632013315
BOC	13.220000267028809	-0.07558031408540251	-1.7830592157353713	-4.202897939780167	171440.0	160686.66666666666	133486.66666666666	1.3137368792266524	1.2843230285172054	81.61479521187094	-1.9550071265102582
CMT	23.5	4.444444444444445	-0.08503595822452445	-2.2462599624052397	48020.0	35423.333333333336	30565.0	0.906182365672344	1.571078030426959	95.80628614896818	-0.25698386899941134
CHWY	18.219999313354492	-2.095654401967818	-11.165289565928932	-23.956594284003906	8041260.0	9766526.666666666	8455731.666666666	0.8266807920113531	0.9509833467988874	64.34895108485296	-11.337237476703818
CLS	382.69000244140625	7.337392015167629	11.117888856998826	23.512137543427517	2203860.0	2193440.0	2581548.3333333335	0.5182726675906338	0.853696973844508	65.59617475379902	10.94594094622394
CMI	523.3699951171875	1.0678912356966541	-2.133593917987052	-4.056829492724565	1081820.0	1114793.3333333333	1025876.6666666666	0.7199540722047136	1.0545322212221742	50.958979225434675	-2.305541828761939
CFR	153.8300018310547	-1.6557961694215306	-3.09311042723935	-5.469178473639088	421960.0	496846.6666666667	546140.0	1.0357320165845936	0.7726224045116636	39.06909792753415	-3.265058338014237
CHD	95.66000366210938	0.041833208929471184	0.17803518917487243	-2.9718965256266876	2268080.0	1846440.0	1829035.0	1.0893936439851823	1.2400418800077637	88.52049191778939	0.006087278399985546
COHR	333.6400146484375	18.123561773431547	3.769602528273989	26.182825924694374	7301040.0	6344430.0	6448310.0	0.8530001907184728	1.1322408507035178	79.50036930809058	3.597654617499102
CPRI	14.489999771118164	-2.0283988607750914	1.2578570665498712	9.441087776502531	3341640.0	5177373.333333333	4620601.666666667	0.5930999760496314	0.7232045177377693	56.685550208678784	1.0859091557749843
BZH	33.369998931884766	0.029970987261015394	0.029970987261015394	0.5120426657793282	854160.0	697410.0	716060.0	1.6502487776200514	1.1928609334413318	32.58662048152034	-0.14197692351387148
CDP	33.36000061035156	-1.1848274024543104	-3.5280542397412447	-5.495746936652142	1159300.0	914563.3333333334	869468.3333333334	0.9869190761346944	1.3333435566946084	33.89919524544074	-3.7000021505161316
CIEN	389.69000244140625	13.21944265587603	6.484318379169325	22.752476825587316	2487940.0	2537006.6666666665	2318170.0	0.9751255416488198	1.0732344909993659	84.46966655496246	6.312370468394438
CPF	36.34000015258789	-0.05500675860268774	-1.7572357296141876	-3.8878634417123665	181260.0	171046.66666666666	163635.0	0.959387301711034	1.1077092309102576	63.08169513948445	-1.9291836403890745
CRK	13.0600004196167	2.915688348842503	0.3072193582694987	-12.64213654689899	2568800.0	2821503.3333333335	2545616.6666666665	1.0357598963200467	1.009107158056005	82.20926104723449	0.1352714474946118
CRC	53.0099983215332	2.2569409056741785	0.4738438361510831	-0.7675025486063286	816400.0	871383.3333333334	844848.3333333334	0.8447487711110686	0.9663272895135023	91.68700089333794	0.30189592537619625
CNQ	48.310001373291016	1.5983220787059906	0.06214290545302612	-5.533824892712571	5343900.0	6639346.666666667	6632703.333333333	1.2027388236995207	0.8056895855938077	74.21059095310554	-0.10980500532186077
CSQR	17.649999618530273	9.355639937943808	-3.2876733231217896	-3.867107670034515	1653660.0	1595176.6666666667	None	0.9187070188672937	None	92.69368562502737	-3.4596212338966765
CTGO	16.780000686645508	-1.0029502574751747	-11.26387719700642	-16.683211543342463	328200.0	386766.6666666667	381235.0	0.7068861501335861	0.8608863299539654	43.354755728005394	-11.435825107781307
CMC	65.51000213623047	1.5816472418182164	2.3913763753375945	-4.712724165482954	1167660.0	1084076.6666666667	1109801.6666666667	1.3148516556332115	1.0521339398481109	92.79144080271001	2.2194284645627076
CNK	35.970001220703125	-6.279311569415909	-0.7724104256465517	2.8007987860127193	1975640.0	2203660.0	2401930.0	0.9290906945717579	0.822521888647879	7.112504203155723	-0.9443583364214386
CTRE	36.20000076293945	-3.2602818431411085	-3.9278119167982948	-8.608936619205581	3222480.0	2239353.3333333335	2295351.6666666665	1.607428334965749	1.4039155946329214	35.45422511166092	-4.099759827573181
CTVA	12.390000343322754	-84.06225793183734	-84.33826286470598	-86.01895739187322	71611980.0	16016533.333333334	10202675.0	11.437343911291665	7.018941601099711	2.804417696282684	-84.51021077548087
CURB	27.860000610351562	-1.7283942311282656	-2.791344177668528	-5.270313652167315	1637120.0	1469956.6666666667	1435186.6666666667	1.1145906795438414	1.1407017902433132	29.82721482615267	-2.963292088443415
CQP	63.2599983215332	0.7324826274857567	-4.166041093320749	-7.528146564664831	130020.0	117506.66666666667	117550.0	0.689322591626007	1.1060825180774139	93.05751893217207	-4.337989004095636
CVE	31.469999313354492	1.189707161885508	-0.31675762570919896	-4.054877910494873	8333040.0	7145843.333333333	7027210.0	1.7815951744440708	1.1858248152538489	36.2943526916289	-0.4887055364840859
CLB	10.510000228881836	4.785648142469628	-3.9305243875192097	-16.12130524451624	822700.0	569163.3333333334	621771.6666666666	1.8608015273881544	1.3231545342207618	94.89323107605972	-4.102472298294097
CVLG	33.189998626708984	1.4674397911071253	-2.036606905705258	-3.46132171156296	152760.0	211070.0	213530.0	0.6140143080494622	0.7154029878705568	45.18893642769241	-2.2085548164801447
CRGY	13.5600004196167	4.46841986005527	2.2624448382846003	-2.865326772473052	4429980.0	5985793.333333333	5925863.333333333	0.6075552224210882	0.7475670211766612	95.18715971113426	2.0904969275097134
CNX	32.2400016784668	1.7034728786462998	-1.647337159668012	-14.641246259662614	1869140.0	1867200.0	1720510.0	1.1579370179948587	1.0863871758955193	90.22623574296168	-1.8192850704428989
CX	9.539999961853027	0.10493419897209316	-4.790423892034174	-12.235510006517798	4798060.0	6209336.666666667	6816700.0	0.6032045290935532	0.7038684407411211	61.19050931812116	-4.962371802809061
CXW	33.72999954223633	6.437358705583801	4.072816109345396	0.20796106696833677	2286220.0	2035503.3333333333	1686371.6666666667	1.4336503174481006	1.355703517314787	89.58368257921997	3.9008681985705094
DAN	28.100000381469727	3.6135675217922665	-6.302098713147037	-10.850253891578124	1343320.0	1428526.6666666667	1409161.6666666667	0.6340798678358588	0.9532760021620419	93.20932933754216	-6.474046623921924
DB	34.970001220703125	-3.076498209587577	-8.575160207312091	-15.856592720959403	2403300.0	2022866.6666666667	1923353.3333333333	0.9545364664008172	1.2495363999681113	5.037591692935976	-8.747108118086977
D	61.02000045776367	1.2276073215863268	-2.8653283123286135	-8.639018383996252	4396460.0	4809796.666666667	4159090.0	0.8413245466371065	1.057072580780892	52.2879142977939	-3.0372762231035004
DCO	172.85000610351562	2.2539120733006834	2.8318221603482807	3.8013461858297246	173140.0	228816.66666666666	247561.66666666666	0.7827227037657514	0.6993812989356187	43.30340550951715	2.659874249573394
COR	314.92999267578125	3.660180773031626	-0.4929058127362897	-6.609930746763017	1456300.0	1256226.6666666667	1351015.0	0.9139274228642389	1.0779302968508861	85.33788327884669	-0.6648537235111766
CRS	392.20001220703125	1.7908187471238786	-2.6557413381848383	-16.10336207113217	820280.0	818690.0	740093.3333333334	1.133151742417765	1.10834669501144	75.74109263434137	-2.827689248959725
CNNE	15.59000015258789	0.06418632176383963	2.3637598238476447	-1.5782828130791133	484340.0	528650.0	501351.6666666667	0.6469308616286769	0.9660683951052321	78.86223854427843	2.191811913072758
CSV	32.279998779296875	2.868067694710183	4.533677644360138	-4.666278211972787	245820.0	160853.33333333334	172396.66666666666	0.9219578912466843	1.4258976391654905	91.61419456779007	4.361729733585251
DHI	133.22999572753906	-4.439823929638398	-4.323162852754712	-7.741851430687103	3576360.0	2669160.0	2560726.6666666665	1.8323742300948613	1.3966191888240058	3.968513698198933	-4.495110763529599
DEA	22.950000762939453	0.74626896913838	-1.628800522971615	-5.594400382066027	910400.0	443880.0	401110.0	1.225556456700009	2.269701578120715	21.75878111063186	-1.8007484337465018
DLB	59.36000061035156	2.0106582080336253	3.540901298554048	-4.134363104483526	744640.0	1002693.3333333334	943970.0	0.7565623254700673	0.7888386283462399	84.83600983385517	3.368953387779161
DIN	29.860000610351562	3.500867298187477	5.1038393900995915	-7.180595865944629	962040.0	472063.3333333333	361025.0	2.2278790275316167	2.6647462087113083	85.54112609381117	4.931891479324705
DK	75.4000015258789	11.753372108643841	1.3849653640683948	4.1436463215096335	1760860.0	2481443.3333333335	1926905.0	0.6254424508317068	0.9138281337170229	94.43803568490439	1.2130174532935079
DFIN	48.279998779296875	1.258386053441284	-0.2685417651828064	-1.609946852334444	225640.0	232546.66666666666	238990.0	1.0901037784530705	0.9441399221724759	76.75076750307515	-0.4404896759576933
DOCS	28.579999923706055	9.083965997944432	6.4828605112746045	5.461252846506649	3480280.0	2789480.0	4545210.0	1.1342615828039635	0.7657027948103607	76.19704397032315	6.310912600499718
DMC	29.899999618530273	-2.478800497926241	-3.7347065916213595	-5.259822165724303	379160.0	412646.6666666667	382765.0	0.9160379339871075	0.9905816885033898	60.25837325425925	-3.9066545023962465
DT	60.209999084472656	4.097508515962074	6.7553146374394135	14.120547763358907	4952760.0	6718390.0	6292490.0	0.8918952308514391	0.7870906429728136	97.47769746581888	6.583366726664527
DRD	24.170000076293945	-0.6984390929671809	-6.208771257463047	-18.3721729885943	238040.0	279560.0	295730.0	0.6792817284303906	0.8049234098671085	18.58313885586874	-6.380719168237934
DOV	191.3000030517578	-0.09400077282086708	2.7997242282745716	0.12037249108845866	1182880.0	1311180.0	1211053.3333333333	0.6979972238746778	0.9767365048607825	85.50716950933872	2.6277763174996847
DVN	47.97999954223633	2.6749411774982	0.8194986097877324	-1.660179049173237	9149240.0	11625720.0	11114240.0	0.8573834566805325	0.8231997869399977	87.85576625199785	0.6475506990128455
CP	85.80000305175781	-0.8779973755446168	-1.1634541357453974	-6.0240961841831036	2323140.0	2203220.0	2429431.6666666665	0.6129664763391763	0.9562483406612933	59.480944374123474	-1.3354020465202843
DUK	113.83999633789062	0.37914880689216646	-2.4841541707608057	-6.227351806397392	4513020.0	3867080.0	4120155.0	1.0928142164113492	1.0953519952526058	38.33702179596865	-2.6561020815356926
EAT	194.16000366210938	-4.094834977079407	-3.0654015457313064	-15.169521356170849	1305380.0	1339750.0	1216371.6666666667	1.2512035827579773	1.0731752767451834	31.33262551825051	-3.2373494565061933
ECVT	10.369999885559082	3.2868518422299715	-0.19249718097002166	1.5670895868199035	1123600.0	1249706.6666666667	1278408.3333333333	0.8246735233868214	0.8789054097217244	94.75422619486713	-0.3644450917449086
EC	17.25	3.293408454693619	2.434678406752286	0.29069322582984636	1525600.0	1633553.3333333333	1854190.0	1.2633196344982105	0.8227851514677568	91.85098191408024	2.262730495977399
EFOR	36.13999938964844	10.082233853129864	9.881423108274308	13.540683243082327	810580.0	701590.0	832581.6666666666	1.6039282201855785	0.9735741638958341	73.47311604141225	9.709475197499422
EDU	56.310001373291016	0.7875468942512232	2.1218752205177305	-3.280659236284781	809040.0	739133.3333333334	807838.3333333334	1.211689365924055	1.001487508845623	83.15275445869698	1.9499273097428436
EPC	26.75	-5.4436227136425925	-1.2186112431158838	-6.140350877192982	545860.0	568906.6666666666	604595.0	1.181037311334021	0.902852322629198	29.774491077001286	-1.3905591538907707
DNOW	15.899999618530273	-1.4869874857126109	2.1194600524992517	0.6329077632166734	2140520.0	2127803.3333333335	2359468.3333333335	1.0441754485455266	0.9072043772573057	78.21178589177856	1.9475121417243648
EPR	55.59000015258789	-2.439451387882344	-3.203900649156124	-8.085316512334787	754420.0	858803.3333333334	787721.6666666666	0.9074254485893161	0.9577240692038009	30.153256106295117	-3.375848559931011
DY	274.4100036621094	2.856177095516848	-5.878917800892028	-7.155905424004973	597000.0	769013.3333333334	589771.6666666666	0.8542114571052084	1.0122561556308516	92.11246091309144	-6.050865711666915
EGO	37.900001525878906	-3.904658099524333	-10.54991153809552	-13.450557813438918	3436200.0	3224776.6666666665	2863551.6666666665	0.7114601217862115	1.199978348565971	29.6005708230406	-10.721859448870406
EL	93.30000305175781	-2.3752188451553824	-3.155484120500407	-7.495535904069631	2902860.0	3135786.6666666665	3017248.3333333335	0.8888359752364107	0.9620885254721603	70.06586616868968	-3.327432031275294
DELL	552.2899780273438	1.630382104590334	-4.001324438813611	6.95210255050095	5402940.0	9232363.333333334	7637868.333333333	0.45327505524948647	0.707388470736054	50.69800453402034	-4.173272349588498
ELV	394.510009765625	-0.020270805901813044	-3.6158383331084147	-4.886925375699582	1006020.0	1123913.3333333333	1203368.3333333333	0.6335897785713015	0.8360033849430972	80.6589393719798	-3.7877862438833017
EHC	120.97000122070312	-2.4592771366872936	-0.4853540224910237	-1.3214741541572141	988840.0	887350.0	908026.6666666666	1.1963712176705923	1.0889988546591878	63.7530109300227	-0.6573019332659106
ENR	21.200000762939453	-4.890085723722829	-1.9879723278357657	2.663443847793761	913980.0	938690.0	1014865.0	1.2784838445067062	0.9005926896680839	30.728025353863444	-2.1599202386106526
EQH	54.0	3.2307371101922424	0.2413236879392045	0.8591689888059941	2715300.0	2989223.3333333335	2876806.6666666665	1.1906771770147653	0.9438590474160007	91.61205111008759	0.06937577716431761
EOG	144.0800018310547	2.4532438515643107	1.9097445572166794	-1.2880274022581877	3036320.0	3203596.6666666665	3071108.3333333335	0.7876771836654427	0.9886723848339225	91.3513723692773	1.7377966464417924
EVR	265.3500061035156	1.4257362036328074	-1.3605455296247726	-10.629482728547528	509020.0	500456.6666666667	520185.0	1.2037006201003084	0.9785364822130588	93.09411010186685	-1.5324934403996595
ESE	271.9200134277344	2.2101957201747866	3.6241033622599637	-0.7120099770764367	199540.0	236073.33333333334	215678.33333333334	1.2585072435119031	0.9251740632268733	54.000735016444146	3.4521554514850767
ETR	100.81999969482422	2.7726822252914354	-0.7481808648659853	-6.457598036092742	3325120.0	2843436.6666666665	2660915.0	0.7484604897125662	1.2496152639223725	77.8403861782815	-0.9201287756408723
EME	779.2000122070312	1.7870195849558452	2.836176058279788	5.109804741347761	384060.0	367746.6666666667	405093.3333333333	1.0757405460280627	0.9480778092291489	59.65237534455632	2.6642281475049012
EFXT	25.020000457763672	5.882358638864954	11.547035743865957	13.212669800414526	911220.0	628453.3333333334	650725.0	1.0064390885560317	1.400315033232164	69.73698518524569	11.37508783309107
EXK	8.600000381469727	-4.01785329402407	-15.103649710626218	-25.021794409273607	6988600.0	8233246.666666667	8072673.333333333	0.5512649121002893	0.8657107393585438	29.717318384856327	-15.275597621401104
EXR	132.91000366210938	0.9340910197015452	-3.3100558922777945	-5.724210746201132	1303840.0	1381153.3333333333	1262833.3333333333	0.8096856250573193	1.0324719545994459	47.902208840637805	-3.4820038030526814
FCN	138.02000427246094	4.339284507207321	-1.932642542660153	-10.002605814318963	639400.0	443033.3333333333	427105.0	0.849597471973516	1.497055759122464	57.6826307485689	-2.1045904534350397
FBRT	6.170000076293945	-8.047689400641989	-19.974059069176764	-27.66705428553636	1738840.0	2356450.0	1850115.0	0.7282564875129962	0.9398550900889945	7.534660107726623	-20.14600697995165
FDS	276.44000244140625	3.2764181916999076	-2.6962349516171256	-11.669219712039105	1055660.0	911723.3333333334	877363.3333333334	0.6463583616374851	1.203218734921678	67.62068333582828	-2.8681828623920125
FBIN	38.65999984741211	0.598489566510234	-2.373733997296189	-8.410327680785114	2252880.0	2179920.0	2326381.6666666665	0.7613582149803663	0.9684051556458564	74.5501574660384	-2.5456819080710757
FE	43.63999938964844	1.4411876459496331	-2.957531231825687	-7.227894259578142	5279400.0	4233383.333333333	4338176.666666667	1.023932788195415	1.21696288686568	81.38309419970382	-3.129479142600574
FN	453.8399963378906	10.70348468080225	13.016407615190802	14.896201604529272	763200.0	800290.0	863283.3333333334	0.8431943420510065	0.8840666447863775	58.294039483133474	12.844459704415916
FPS	38.970001220703125	6.504512320825734	3.231791313120861	27.352943578072548	8539460.0	9297660.0	8539645.0	0.707618906262436	0.9999783363359952	51.56651507756935	3.059843402345974
FLO	5.599999904632568	-0.8849591131132832	-6.040270657889662	-13.178293484777805	7014020.0	7922580.0	6645735.0	0.9957236152869393	1.055416744724248	65.58343050772493	-6.212218568664549
FTV	57.380001068115234	2.9053134780250236	4.156835921554756	-0.33003061962160485	2414540.0	2285840.0	2453393.3333333335	1.5980996045217513	0.98416343078566	84.19326700372154	3.984888010779869
FRT	105.97000122070312	-3.5145229409075163	-4.212235513339372	-9.551043096309836	1055260.0	875853.3333333334	866756.6666666666	0.972879782003075	1.2174812615612995	0.6131595904986966	-4.3841834241142585
GAP	23.299999237060547	1.5250477668231053	9.647055233226103	4.3906790127043775	6769120.0	8255193.333333333	7101583.333333333	0.8405738932825316	0.9531846184536312	79.35869271352118	9.475107322451217
FITB	50.79999923706055	-1.4931170492928125	-4.708313771471804	-7.585959416118855	7628860.0	5801980.0	5803821.666666667	1.1827341700591867	1.3144545849530753	51.92007196577366	-4.880261682246691
FNF	39.0	-5.063295370844646	-8.14884399217511	-17.512688225623535	3669980.0	2668416.6666666665	2109758.3333333335	1.4250023422129228	1.7395262490569614	25.56597264386751	-8.320791902949995
GFR	5.989999771118164	3.993047449600136	-7.561732199275252	-3.3870974936669103	582460.0	1304453.3333333333	839658.3333333334	0.36183739804158066	0.6936869163052432	90.21005948867774	-7.733680110050139
GIC	43.58000183105469	2.977320759254562	6.813731975438212	11.258626163546023	138980.0	137973.33333333334	133536.66666666666	1.0117897178198685	1.0407628366740722	86.98034050290939	6.641784064663325
GHC	1155.3599853515625	1.3464772637472988	0.8070778649714511	2.8898086386395563	26920.0	36550.0	30446.666666666668	0.6839945280437757	0.8841690387562952	83.89392095524875	0.6351299541965642
GKOS	164.00999450683594	3.4371827902105094	1.53531588329147	-9.060166921924582	794840.0	776373.3333333334	791765.0	1.0791200109912755	1.003883728126401	82.57324352409609	1.363367972516583
EQX	11.229999542236328	0.0	-7.648028921428843	-14.40549054732111	11464920.0	12724413.333333334	13763778.333333334	0.701376147269658	0.8329776695280015	67.24632234348405	-7.8199768322037295
FTI	70.25	-0.5239347666266398	-1.4864641633492903	-12.275226781079636	2671960.0	2827720.0	3036438.3333333335	1.1655326552841159	0.8799651785013473	86.57788415185387	-1.6584120741241772
GME	25.239999771118164	5.342240131699403	10.89630719374631	31.253252064211495	11594000.0	9439130.0	7624411.666666667	1.2638876676134347	1.52064192056786	84.914244819643	10.724359282971424
GMRS	9.979999542236328	-0.39921071556788545	-13.593078983305581	-25.577929486984374	1165680.0	994483.3333333334	815100.0	0.4384186093281268	1.4301067353698933	72.16390324551855	-13.765026894080467
GLP	46.459999084472656	-1.5051920967427321	-8.218095486350926	-11.471037557686575	70960.0	59280.0	68808.33333333333	0.8771929824561403	1.031270437204796	31.540013636067826	-8.390043397125812
EROK	21.59000015258789	0.9350199562709773	-8.594414117351032	-16.350249518303933	307040.0	155230.0	169910.0	1.1299362236681054	1.807074333470661	84.23474001305699	-8.766362028125918
ENB	46.040000915527344	-1.9799878241558613	-4.481327413324262	-8.867774152103879	4538260.0	5460956.666666667	5005151.666666667	0.9478375888962067	0.9067177784489381	22.934720685625848	-4.653275324099149
GDOT	12.520000457763672	1.7059303898343123	-4.7908682816905985	-5.864659562295045	424300.0	363273.3333333333	370453.3333333333	0.9510744893652163	1.1453534408292543	89.23797135550204	-4.962816192465485
GNL	8.140000343322754	-4.122490426749611	-6.864982191168277	-10.940918626229069	3529420.0	2402736.6666666665	2538576.6666666665	1.57432982668374	1.390314520078837	3.481397088360154	-7.036930101943164
GNW	9.59000015258789	2.2388063495187858	-4.386835414729962	-7.61078952931763	4890160.0	4266593.333333333	3519393.3333333335	1.1474025334810443	1.3894894764059713	84.09826081964074	-4.558783325504849
FG	22.010000228881836	1.8509930922383535	-3.718286783793111	-11.499801020673067	610040.0	642490.0	664440.0	1.1517688991268347	0.9181265426524592	71.60126634482995	-3.8902346945679978
HAE	104.68000030517578	-1.049249079067398	-3.7248256476757926	1.7792920352012926	479120.0	575653.3333333334	690071.6666666666	1.1336684115439848	0.6943046978212408	35.017039586624605	-3.8967735584506795
GPRK	11.279999732971191	5.617972009838204	4.638219038825428	-5.2100832389409435	708060.0	1090110.0	721175.0	0.6476410637458605	0.9818144001109301	93.28816617294692	4.466271128050541
GEO	32.34000015258789	7.015224643954743	6.909091413513687	4.7279826149614586	3139820.0	2406173.3333333335	2098310.0	1.926544499426475	1.4963565917333472	92.9409156922879	6.7371435027388005
GVA	118.9000015258789	2.703640816767666	2.3235840348940413	-0.4854384120847358	790720.0	569856.6666666666	737228.3333333334	2.244424036453611	1.0725578009526673	63.4265057031588	2.1516361241191544
GWW	1286.8399658203125	2.480709878043422	0.7082483413669688	-1.9804394044139424	261680.0	254970.0	266013.3333333333	0.8138212338706514	0.9837100897198137	88.49264027644003	0.5363004305920819
HBM	27.260000228881836	1.4514305078807144	2.2889329046271993	-1.5529082588745267	4474020.0	4070803.3333333335	4543826.666666667	1.2475915892113023	0.984637031342158	77.3937718512484	2.1169849938523124
HE	8.8100004196167	-1.5642390238210802	-7.941476483207757	-20.55905952750727	2981080.0	2821156.6666666665	2347348.3333333335	1.3207348758842414	1.2699776840392243	5.830171785670402	-8.113424393982644
FICO	689.6099853515625	-17.99046565681039	-25.408863974496903	-38.36880303067495	2546620.0	754973.3333333334	551210.0	1.5468096003390848	4.620054062879846	71.29490829068465	-25.58081188527179
HCI	185.91000366210938	6.058537727616373	0.9338189901215103	-2.111412460771406	167820.0	159800.0	161501.66666666666	0.8710888610763454	1.039122403277572	92.83698418241006	0.7618710793466233
HII	266.4800109863281	3.6685561724104936	-3.484242993309013	-8.341072157542202	663700.0	477020.0	501330.0	1.1867426942266572	1.323878483234596	35.64989714430547	-3.6561909040839
FOR	25.350000381469727	-3.5755059008097487	-3.9044685825037124	-8.417629689369535	195640.0	164910.0	143946.66666666666	1.279485780122491	1.3591144868469804	10.633294239684943	-4.076416493278599
GPC	126.23999786376953	-1.4750698095825143	-0.16607282684127855	-8.269145223938981	770000.0	967466.6666666666	1217821.6666666667	0.731704796030871	0.6322764827362517	42.88191844830758	-0.33802073761616547
HLI	126.9000015258789	-2.0379742914009524	-4.30585857642092	-7.277509162687612	712480.0	802783.3333333334	869850.0	0.7630950650860547	0.8190837500718515	45.365806977076055	-4.4778064871958065
HIW	29.489999771118164	0.2720160629755806	-5.115830619340282	-4.901646070766509	1278680.0	1148983.3333333333	1232846.6666666667	1.228999550327101	1.0371768319390895	58.559329594265115	-5.287778530115169
FMC	9.0	-2.280130697906317	-12.451359593578877	-30.662555335888808	6168140.0	3975883.3333333335	3756766.6666666665	1.5826420124668312	1.6418746617215159	74.1209436765811	-12.623307504353763
GSBD	9.050000190734863	-4.334036424511687	-7.653061075540249	-8.585853136846875	861660.0	812886.6666666666	844220.0	0.744753266137961	1.0206581222903983	15.184321557781999	-7.825008986315136
GFF	94.08999633789062	-2.0711963522474237	-1.0828494311922396	-3.7442492707001276	433420.0	345830.0	336931.6666666667	1.3344706936934332	1.2863735970201673	63.182237452672744	-1.2547973419671266
GTES	27.809999465942383	4.274463391028424	9.273079105127508	10.400948298283879	1747060.0	1805576.6666666667	1844253.3333333333	1.1868784303445068	0.9472993587287358	92.78847884879886	9.101131194352622
HR	17.079999923706055	-5.005559741067338	-6.51341272162879	-11.36481827728909	4147500.0	3909146.6666666665	3791786.6666666665	1.5660706855034006	1.0938115365140093	4.484957046645903	-6.685360632403677
HSY	161.00999450683594	-2.0680062523817204	-4.103632900604117	-8.02582157414642	1727560.0	1411593.3333333333	1443510.0	1.1293620920095022	1.1967772997762398	69.34842855432461	-4.275580811379004
HUN	8.84000015258789	2.4333723680440205	-0.22572804587281278	-5.957441368810831	3253000.0	2579470.0	2959636.6666666665	1.852163428921445	1.0991214011629806	79.80184796301376	-0.39767595664769967
HESM	38.40999984741211	-0.1819118910003776	-2.9560432782107355	-3.6135475077725054	1357960.0	1404473.3333333333	1248436.6666666667	0.7016153148748523	1.0877283856342999	77.40546560246757	-3.1279911889856225
HWM	229.57000732421875	0.5474772073850611	0.9675912628213559	-11.869931309965539	2352580.0	3467263.3333333335	2772443.3333333335	0.6500804188509862	0.848558371496622	47.80649307321337	0.795643352046469
IBM	221.5800018310547	0.41238214059922845	-4.462549550111436	-5.59413936654996	6254560.0	5484273.333333333	8293620.0	1.1508179144973325	0.7541411349929222	33.60550842374853	-4.6344974608863225
IBTA	41.349998474121094	3.194406760782208	0.6327532746841038	10.739149183574082	198560.0	195756.66666666666	234763.33333333334	0.7371396461593476	0.845787956665578	73.90158401129572	0.4608053639092169
IHS	8.449999809265137	0.835318542580818	0.35629136222520985	-0.23613290594012973	1529800.0	1167353.3333333333	1114796.6666666667	1.2417834074801688	1.372268186425626	85.7364530402628	0.18434345145032296
IFS	54.400001525878906	-2.017289125811147	-2.017289125811147	-3.3576112256325965	219340.0	202553.33333333334	228993.33333333334	0.9207451535398083	0.9578444787330053	65.10168383498012	-2.189237036586034
HOMB	28.56999969482422	-1.0048541559050614	-3.512329936135708	-4.7666676839192705	1580700.0	1505096.6666666667	1594618.3333333333	1.1056432698674945	0.9912716836108119	47.694499900738165	-3.684277846910595
HLN	8.819999694824219	-3.816798021349409	-5.769230573291758	-10.547667323180216	19928860.0	17998006.666666668	13875833.333333334	0.6593396824314989	1.436227974295838	41.00629088021062	-5.941178484066645
HMC	31.780000686645508	-2.185290720658387	-2.305558317846264	-3.813559909103063	1206920.0	891700.0	997088.3333333334	1.8987327576539195	1.2104444106423202	65.41815198186191	-2.477506228621151
IMAX	52.58000183105469	-6.324602119199195	-2.7017007026977193	1.2711935388783202	1121220.0	990590.0	1263411.6666666667	0.802451064517106	0.8874542079844653	13.845663049507664	-2.8736486134726063
IDA	131.72999572753906	2.266903364870455	0.9657350310777801	-3.2250951712634346	875180.0	599863.3333333334	540491.6666666666	1.1772681555243139	1.6192294053253984	44.45233500062021	0.7937871203028932
INTT	15.039999961853027	28.437232389907013	36.851685851516635	38.61750629556871	146360.0	120880.0	141446.66666666666	3.195731303772336	1.0347362963661215	99.20906891125186	36.679737940741745
HPE	68.36000061035156	9.14896925517291	10.70445442971913	25.569438528261166	21274700.0	24394040.0	20379540.0	0.645137090863178	1.0439244457922014	72.95476845765239	10.532506518944244
IONQ	42.970001220703125	-3.6114861916179346	6.072582081205125	10.123015675550908	19414160.0	22332363.333333332	21454820.0	0.73493341277957	0.9048857086659314	6.542035028595365	5.900634170430238
HNGE	98.3499984741211	6.381829876297347	4.129170621377653	8.362710620585998	1784920.0	1941240.0	1813165.0	1.6355525334322392	0.9844222671406078	84.61148657426725	3.9572227106027658
HRL	20.079999923706055	0.5508293146409977	-1.8572784837267542	-7.380075456400016	5780240.0	5699083.333333333	4595505.0	1.0788928043983683	1.2578030053280325	48.15596380338196	-2.029226394501641
HASI	36.310001373291016	0.16552102976831895	-1.9443624891729758	-8.860438669118771	1143380.0	1139516.6666666667	1019385.0	1.1805005045999033	1.1216370654855623	82.34710026090423	-2.1163103999478627
IPI	33.380001068115234	3.2158346030314457	-9.588291647879041	-18.40625472349692	220080.0	206006.66666666666	196131.66666666666	0.8334681725510502	1.1221033489407626	86.89316666242696	-9.760239558653927
IVT	29.760000228881836	-3.124997089616889	-3.3766202400658405	-8.571425725264207	940160.0	676783.3333333334	646286.6666666666	1.1185263624498238	1.454710499984527	9.97774183939596	-3.5485681508407274
IT	187.75999450683594	1.092983807674679	2.4219872382858085	-3.9394310562483783	782580.0	1059913.3333333333	1271728.3333333333	0.5907086742941248	0.6153672757677544	53.82909107793742	2.2500393275109216
IRM	112.33000183105469	1.152632817758949	-3.901101533411057	-2.30474991173246	1762300.0	1645286.6666666667	1741603.3333333333	1.104853054989404	1.011883685722543	50.15552138463718	-4.073049444185943
JBL	300.94000244140625	-5.640733279250822	-0.8990057844410103	-1.6278800888273766	2277900.0	1294483.3333333333	1171950.0	0.8071946336376161	1.943683604249328	43.422804998658	-1.0709536952158971
HUBB	475.5199890136719	1.9073323024336366	6.399349934361807	5.652329186008265	481177.0	472836.1666666667	514887.56666666665	0.9737093573989863	0.9345282954006723	87.17561139449089	6.2274020235869205
JCI	156.85000610351562	5.346233290683059	8.038306940678854	10.279132964317306	2873980.0	3083140.0	3256781.6666666665	0.9423834143113838	0.8824601383062728	96.29736553208907	7.866359029903967
JHX	25.200000762939453	-0.7483207218447089	-5.440896346514794	-14.951058127915697	7728220.0	11498163.333333334	9322536.666666666	0.5207962199180216	0.8289825265727032	56.84786520510006	-5.612844257289681
INN	5.989999771118164	2.9209552309731124	5.830387501811307	4.720279559965985	2040500.0	1035190.0	985443.3333333334	0.9467827162163468	2.070641640141662	54.70470116109038	5.65843959103642
INFY	10.760000228881836	2.281366546339323	-1.193756752456193	-11.000826359967956	21950880.0	16095733.333333334	19743903.333333332	1.0700351231796417	1.1117801596475942	28.071576768482117	-1.3657046632310799
KD	11.609999656677246	3.3837945675040095	-4.836066900098002	-12.968519311261279	5751540.0	3937113.3333333335	4160053.3333333335	1.122548330672049	1.382564005589672	47.19030008831142	-5.008014810872889
ITUB	9.920000076293945	24.15519850391293	17.396453256922012	20.68126221460108	55973260.0	26875343.333333332	23682558.333333332	4.214707086532724	2.363480296857005	98.27941748014813	17.224505346147126
J	138.6699981689453	0.21681221532438133	-3.54062084890285	-6.01192593250659	819680.0	816823.3333333334	843501.6666666666	0.7403069615216672	0.9717586015439607	60.057719604135166	-3.712568759677737
KEYS	384.1700134277344	6.79102236519296	12.320561003080131	19.078178427282424	1045580.0	1101066.6666666667	1229640.0	0.7727052555098086	0.8503139130151914	93.94312600343768	12.148613092305245
JLL	302.4100036621094	-3.7217453722537215	-11.07419144617619	-16.530495762832505	608820.0	376703.3333333333	370470.0	1.5932962278008336	1.6433719329500365	9.3440936351506	-11.246139356951076
KB	124.75	-1.9029631232127135	-3.444270165133879	-5.749471573934401	189960.0	152696.66666666666	202738.33333333334	0.9797201423301098	0.9369713012668217	67.87034710274611	-3.616218075908766
KMI	31.40999984741211	2.546525328164541	-0.977299724631045	-0.6012675055821635	11033080.0	12292723.333333334	11236283.333333334	0.7963898425545519	0.981915431704137	91.89259951027016	-1.1492476354059318
HTH	38.150001525878906	0.0787056527670716	-1.5737792107060329	-1.9280204899247866	326360.0	322390.0	280575.0	0.9314805049784423	1.1631827497104161	49.41463133916015	-1.7457271214809198
JPM	332.3800048828125	-1.250777355501637	-5.584593564626241	-8.197534352294197	7303680.0	7362350.0	7324765.0	0.7242252813300101	0.9971214093557951	34.75244072851784	-5.756541475401128
KMX	54.86000061035156	-2.9885033589910797	-5.1849290846071625	-12.420176971749072	5700560.0	2801806.6666666665	2595416.6666666665	1.255903928655558	2.1963949269545675	25.755648109044373	-5.356876995382049
KVYO	16.700000762939453	8.441566081890901	5.5625858728881115	-15.485827077419726	4776980.0	6261273.333333333	6033536.666666667	0.6794304885800653	0.7917379580025203	81.10341099412403	5.3906379621132245
JNJ	252.92999267578125	-6.993939576207983	-6.1379776858260255	-9.158496092658222	8243540.0	6662360.0	7083060.0	1.5049922249773353	1.1638387928381235	0.6636890707142555	-6.3099255966009125
L	105.66999816894531	0.6860421549685279	-1.0117113171472483	-3.9712856327006776	1142340.0	984636.6666666666	851353.3333333334	1.147428323814876	1.3417930667251357	56.01795411921976	-1.1836592279221352
HGV	34.04999923706055	-5.258763110368834	-4.246350050381679	-18.657432535630875	1311020.0	1093846.6666666667	1116393.3333333333	1.0985086270470572	1.1743352104097122	7.0991500728761565	-4.418297961156566
LCII	82.58000183105469	-3.4377863978203056	-5.025871501512278	-18.26999101069467	362620.0	326346.6666666667	314335.0	1.2940227161300866	1.1536100020678575	31.577180914726384	-5.197819412287165
LEU	141.44000244140625	0.7622763848680463	-8.659995565737935	-17.024523717855818	559280.0	716910.0	719561.6666666666	0.8535241522645799	0.7772509652867371	82.79742932652204	-8.831943476512821
KGC	23.579999923706055	-2.198260776559058	-15.14933736281023	-25.356125958187587	7300200.0	7988603.333333333	7978945.0	1.3455418364745444	0.9149329892611116	4.158764977317034	-15.321285273585117
LHX	236.8800048828125	-0.3449693209748909	-4.06997452357453	-9.636075514645038	1482680.0	1638420.0	1602940.0	0.7772732266451825	0.9249753577800791	41.76606871441379	-4.241922434349417
IE	10.329999923706055	-2.913537684340803	4.873091610629024	5.08647002930487	1997760.0	2214083.3333333335	2125463.3333333335	0.6885468026647596	0.9399174140853993	55.346641675727284	4.701143699854137
KNOP	10.390000343322754	-0.9532834125577001	-7.066189090239083	-7.479957552574377	38060.0	43870.0	44620.0	0.9550945976749488	0.8529807261317794	29.61263383521417	-7.23813700101397
KKR	89.95999908447266	-3.517802289194808	-10.780524198338528	-18.03936102987927	4972260.0	3828543.3333333335	4270378.333333333	1.2837258382866241	1.1643605348003905	1.5526306249875717	-10.952472109113414
LMT	506.6300048828125	-2.2138527781541018	-5.37355588706513	-4.938550843675449	1118000.0	1137396.6666666667	1149793.3333333333	0.8894873966572787	0.9723486539610018	39.765501421036014	-5.545503797840017
KOP	47.040000915527344	1.8843465044085905	3.135277978600226	0.3841235655810437	178500.0	167266.66666666666	179475.0	1.6865284974093264	0.9945674885081488	89.22441009807864	2.963330067825339
LPX	65.29000091552734	-1.1656019853519317	0.3689436625830349	-3.6025429211151283	1278720.0	1105483.3333333333	1154866.6666666667	1.3917894133787636	1.107244703573284	70.04293009781358	0.19699575180814802
LAZ	35.279998779296875	-1.424984976765414	-3.2894758168790528	-20.415074843100896	1462100.0	1661340.0	1678770.0	0.7767224048057592	0.8709352680831799	10.463746308496638	-3.4614237276539397
KO	86.51000213623047	-0.7685227880247386	-0.7001843332419943	-2.5897933628990635	17959140.0	15866960.0	15985045.0	1.3408176487493508	1.1234963680114758	70.1882058372999	-0.8721322440168812
LXU	10.180000305175781	3.4552860499547005	-2.490414613579647	-9.349949063768628	606800.0	760346.6666666666	810306.6666666666	0.6656174376600148	0.7488522863771742	94.68787111567566	-2.662362524354534
LYNX	12.550000190734863	2.2819863286478155	-5.851460895990261	-4.051985749714153	786320.0	539693.3333333334	None	1.0044593225782543	None	36.86412400957108	-6.023408806765148
LUV	41.849998474121094	-1.0170300794482006	0.1915202668918163	8.05576805773598	5210520.0	5689663.333333333	5383296.666666667	1.0185136906167267	0.967905044554483	35.56568131188662	0.019572356116929424
KEP	11.170000076293945	0.9033458376379339	-0.5342784362254266	-6.916666030883789	617820.0	904093.3333333334	1021648.3333333334	0.6513708024245284	0.6047286329771007	88.70644323456497	-0.7062263470003135
MAA	116.47000122070312	-1.5801885880139719	-2.01076844806973	-9.404166589518152	1336300.0	1127596.6666666667	1080248.3333333333	1.4063539267882428	1.2370303741886512	55.201515620117036	-2.182716358844617
MAIN	54.9900016784668	-0.1452660555669851	-2.2921057725833065	-5.303940128368801	557300.0	463110.0	531806.6666666666	1.2124549243160372	1.047937220293089	29.237524288778033	-2.4640536833581934
KRC	33.279998779296875	-1.8867907552966041	-3.7872256938773283	-9.95671102903732	1380340.0	1341796.6666666667	1298583.3333333333	0.94373464434502	1.0629583520503112	28.63105442688918	-3.9591736046522152
KRMN	33.02000045776367	-1.959619481685942	-6.219820175101217	-18.50937787579169	2961640.0	3691116.6666666665	3569636.6666666665	0.8279337327908899	0.8296754758420792	44.65766146170068	-6.391768085876104
KT	19.010000228881836	-0.7828790173530898	-2.2622134539758263	-4.135147241447735	2040140.0	1317356.6666666667	1458891.6666666667	2.4021588686435207	1.3984177486333802	62.50514757173828	-2.434161364750713
MCB	88.54000091552734	-0.11281416381955862	-0.8177391676823383	-3.8340380047761817	131800.0	119633.33333333333	131841.66666666666	1.694343828364447	0.9996839643511789	52.88068598578361	-0.9896870784572253
LNN	114.38999938964844	0.43020005022405566	-0.5304353133491848	-6.886446226741137	134200.0	163940.0	139083.33333333334	0.6996462120287911	0.9648891551827441	84.0535456065785	-0.7023832241240717
MCO	448.1499938964844	-2.593025783334608	-4.081590530027535	-11.134244548016078	1205040.0	785413.3333333334	807998.3333333334	1.201660272298238	1.491389214911747	55.72939324870957	-4.253538440802422
MEC	16.389999389648438	-2.729976150784905	-3.9835988127285296	-15.645912855274355	652440.0	540143.3333333334	591925.0	0.7984917583604352	1.1022342357562191	67.89241820666614	-4.1555467235034165
MH	12.59000015258789	0.720001220703125	-5.052790835060519	-4.837486105764864	716400.0	584963.3333333334	621258.3333333334	0.6603832718859871	1.1531434856675296	15.431576815994674	-5.224738745835406
LADR	8.520000457763672	-5.228023640939807	-9.841263177483436	-13.23828184786738	1802620.0	1284326.6666666667	1243118.3333333333	1.1603745672181012	1.4500791691860926	1.3601088922242752	-10.013211088258322
LW	44.56999969482422	3.2190814724978707	-5.751747024834654	-11.637587414160802	3310560.0	1776670.0	1751225.0	3.8147770829698255	1.8904252737369556	85.78168910899332	-5.923694935609541
MFC	42.939998626708984	-1.287359478829921	-3.678786758602749	-3.70038466075929	1311940.0	1621586.6666666667	2120895.0	0.6827880512091038	0.6185784774823836	60.632813627235635	-3.850734669377636
MGA	64.91999816894531	0.43316643245778635	3.0312647171732756	-3.2344586188623117	951200.0	1176226.6666666667	1195438.3333333333	0.5854313794393371	0.7956913991102288	82.16364356763849	2.8593168063983887
MKC	45.540000915527344	-6.025584449259566	-6.852113961838982	-13.389122613855434	5552280.0	3424946.6666666665	3211971.6666666665	1.268457708343877	1.7286204786987018	58.15540582428468	-7.024061872613869
MLI	62.970001220703125	3.2803017220883293	5.072586183959685	0.01588649360850372	1479760.0	1725803.3333333333	1524235.0	1.1233609082533544	0.9708214284542738	97.11380991291888	4.900638273184798
MNSO	8.890000343322754	-0.22446132920152947	-1.1123407156991771	-8.066181249402105	1056860.0	1000310.0	862423.3333333334	1.2099249232737852	1.2254538567679445	32.43117677892269	-1.284288626474064
LOW	179.5	-4.348291326265688	-6.011098536161326	-11.094598600121316	3305340.0	3239776.6666666665	3191426.6666666665	0.856324458578935	1.0356935456243186	0.7263988561981733	-6.1830464469362125
MOD	182.91000366210938	4.496121273903207	-7.443574445164411	-1.9932492757737235	1393000.0	1325430.0	1407936.6666666667	0.9962804523814913	0.9893910947698878	50.03948568328601	-7.615522355939298
MBC	6.980000019073486	0.2873560462197707	2.3460387593088994	-14.565484040488085	3281420.0	2904710.0	2370186.6666666665	0.9960374701777458	1.384456357867735	23.04510051225097	2.1740908485340125
MD	26.100000381469727	0.6556115476019192	1.2805584704855382	-2.901781263577353	881220.0	732566.6666666666	783130.0	1.3011785048004734	1.1252537892814731	82.13955739581365	1.1086105597106513
MANE	118.87000274658203	3.365219779636549	5.381205257626655	21.60614091721947	593080.0	699583.3333333334	744155.0	0.7664562239428231	0.7969844991970759	67.98049102990893	5.209257346851768
MRSH	170.42999267578125	0.8282517343636454	-1.3258502366472786	-9.567023981624033	2788300.0	2629873.3333333335	2503593.3333333335	0.8038409961443009	1.1137192142493855	45.01358762491225	-1.4977981474221655
MSA	183.1300048828125	0.44427244737509	3.3173511327574046	-2.4399348288533926	240040.0	243090.0	261130.0	1.3155621374799458	0.9192356297629534	87.8540760074309	3.1454032219825176
MSI	455.3699951171875	0.7277492131131893	-1.2983332808567147	-3.5702974137382286	767060.0	875536.6666666666	922161.6666666666	0.9525586211885282	0.8318064258436247	90.3951266807528	-1.4702811916316016
MTRN	319.17999267578125	21.82907919124862	25.350503300927308	32.682073459880975	362120.0	268750.0	316995.0	2.29953488372093	1.1423524030347483	99.61922023868986	25.17855539015242
MMI	28.6200008392334	-1.1398960794795778	-7.258586282615909	-10.868887277420557	187080.0	155716.66666666666	142195.0	1.3222733597345606	1.3156580751784521	37.77204306819511	-7.430534193390796
MATV	12.109999656677246	2.2804011875822585	-0.737706180286504	-3.2747666621064986	412620.0	515870.0	540006.6666666666	0.7885707639521585	0.7641016777570648	91.43906681081272	-0.909654091061391
MPC	433.4700012207031	11.305977429969195	7.726526159505652	11.802638769738017	1990640.0	2813510.0	2568743.3333333335	0.7547511826863953	0.7749470233823802	99.06759458610018	7.554578248730765
MPTI	75.94000244140625	0.662778345465122	2.248560487171841	4.730382297785014	98620.0	83976.66666666667	163531.66666666666	1.4277775572579685	0.6030636268204935	22.586402980048035	2.076612576396954
NGS	33.58000183105469	2.5343567360448476	-3.0880220712979547	-5.859255523343981	131520.0	113210.0	123953.33333333333	1.4088861408002826	1.0610444791050395	92.52341927401011	-3.2599699820728416
MOS	21.290000915527344	-4.314602626843398	-11.549641938278292	-16.477045481772397	8347160.0	8116840.0	7990976.666666667	1.0916193986822458	1.0445731915122598	36.52790058885775	-11.721589849053178
MTG	27.1200008392334	-4.338622665558364	-7.911714306772375	-13.822683727467208	3847720.0	2307893.3333333335	2015633.3333333333	1.2165206941973055	1.9089384643370984	64.89391894802102	-8.083662217547262
MTB	218.25999450683594	-0.9889348169236055	-3.8332798509296495	-9.08106443116866	1080740.0	1035400.0	1068086.6666666667	1.1643809155881786	1.0118467290419628	44.52812878011331	-4.005227761704536
MIAX	34.31999969482422	1.209082421872671	-9.302326753619047	-19.644110441338423	1644680.0	1580043.3333333333	1413473.3333333333	1.0623126369951879	1.163573419614095	74.49611178397507	-9.474274664393933
MTX	66.19999694824219	-0.9871427700932303	-0.7049666020870692	-6.563163904057642	175200.0	182650.0	205733.33333333334	1.4716671229126745	0.8515878159429682	59.59276124163888	-0.8769145128619561
MWA	21.760000228881836	0.5545325444454552	-0.6846171591735113	-8.953972484540301	1707260.0	1395736.6666666667	1234956.6666666667	1.4751349944234944	1.3824452679851114	85.29378530371558	-0.8565650699483982
MUR	38.38999938964844	4.747606524766179	6.108344571120696	2.8670945969289847	1698880.0	1593466.6666666667	1683398.3333333333	1.122646640448498	1.0091966745838528	94.51672942385974	5.936396660345809
NE	42.54999923706055	-0.1408152368729116	-3.733035061986672	-8.671390646696398	1275960.0	1201483.3333333333	1342866.6666666667	1.323280944388187	0.9501762398848235	75.1684347549388	-3.904982972761559
NJR	50.88999938964844	0.9722179542354416	-3.835976662010025	-5.2680598785318615	851500.0	702943.3333333334	671683.3333333334	1.6164887639117425	1.2677104786481723	33.76071911637064	-4.007924572784912
NNI	125.01000213623047	0.7738807423262315	-1.0135392905357872	-1.7757480682380928	127800.0	142476.66666666666	133496.66666666666	1.0689469620756615	0.9573272740892408	90.70900358370324	-1.185487201310674
NOC	476.1099853515625	-5.8699096793096	-9.598220933926248	-9.86862143089222	1419000.0	873666.6666666666	851876.6666666666	1.3740938573063717	1.66573408513752	0.6081138377233515	-9.770168844701134
NBHC	37.790000915527344	-4.666999249763362	-6.065122183626424	-9.722884939035927	760420.0	445053.3333333333	438256.6666666667	2.361739416998712	1.7351019569962807	0.41642585375625174	-6.237070094401311
NOW	136.0800018310547	3.522255603121499	-1.1621084615353925	-6.532038427121595	9202660.0	13712856.666666666	18231436.666666668	0.5704938212485267	0.5047687775931353	61.56097244126973	-1.3340563723102794
MYE	31.920000076293945	1.3977145503680006	2.373315471056382	3.1007784890496253	279020.0	331040.0	371430.0	0.736164813919768	0.7512048030584497	88.04348160573898	2.2013675602814953
NPKI	11.8100004196167	1.986187369827161	-5.368582910216756	-9.984752114093176	811920.0	834843.3333333334	810413.3333333334	0.9350257333711315	1.0018591336108322	76.90125146137518	-5.540530820991643
NET	359.489990234375	1.5537162495353265	2.223668924859177	26.354074688098798	2705400.0	3077566.6666666665	3382223.3333333335	1.0306519219729873	0.7998880420867142	86.18918832630884	2.0517210140842903
NU	15.180000305175781	24.12102104134689	7.965859545753948	-3.18877544814177	113903480.0	77397393.33333333	84604945.0	2.33153976158887	1.3462981389562987	97.81432702914714	7.793911634979061
NLY	18.270000457763672	-10.221129654621814	-14.265598706547289	-19.973716518533156	19243860.0	10644743.333333334	8836486.666666666	1.4490720458893167	2.177772764892231	0.11950026043076889	-14.437546617322175
NHC	230.3699951171875	1.9471584160354698	3.161523279646848	3.93881779082282	104580.0	106933.33333333333	109080.0	1.0539276807980051	0.9587458745874587	88.5509871084598	2.9895753688719613
OBK	53.119998931884766	0.20750917531510116	-0.9694266660711832	-2.2631086969063965	205380.0	166663.33333333334	174260.0	1.2102242044840896	1.1785837254676919	50.03069686640874	-1.1413745768460701
OEC	5.849999904632568	-0.3407151842662906	-1.3490712651246037	-2.0100484049636753	462560.0	423596.6666666667	454325.0	1.1893389151630087	1.0181257910086392	82.21035263033464	-1.5210191758994906
NOMD	10.6899995803833	0.2814233902496193	0.8490490157991439	-7.043481909710428	1232860.0	1331753.3333333333	1539665.0	0.7937656122505169	0.8007326269026054	58.83715565823466	0.677101105024257
OGE	44.970001220703125	0.6490620267380565	-0.1775760659538729	-4.094685847594992	2656600.0	1806850.0	1582288.3333333333	1.5731244984365056	1.6789607456710904	18.018832132622066	-0.3495239767287598
NRDY	6.889999866485596	-18.845700209269175	-22.146897519778776	-28.00417882759242	13940.0	18993.333333333332	26242.566666666666	0.8792558792558793	0.5311980408420416	1.0490297410175913	-22.31884543055366
OHI	45.36000061035156	-2.8277628238958257	-3.1390159368482307	-3.571429150676809	2222280.0	1965163.3333333333	1938008.3333333333	1.9668594128732302	1.1466823758067777	27.86636462463551	-3.3109638476231176
NIC	164.6199951171875	-1.2773642475637181	-0.6937377846617372	-3.657751611518203	183860.0	152816.66666666666	168286.66666666666	1.0535500054531575	1.0925405062789686	42.52965943373563	-0.8656856954366241
OMF	56.2400016784668	0.017787900252348027	-6.9490354792731095	-12.914214797339044	942420.0	931846.6666666666	952131.6666666666	0.9978036443763996	0.9898000801709848	71.79035749237788	-7.120983390047996
ONON	31.8799991607666	6.266663869222006	16.691067045678906	12.411842294284787	10568060.0	10523010.0	8808876.666666666	1.018995515541656	1.1997057513576268	97.68640638881214	16.51911913490402
NXDT	5.159999847412109	-1.338435399734047	-1.5267161679471504	-5.321100403710475	153340.0	156810.0	177466.66666666666	0.8896116319112302	0.8640495867768595	23.89435930847955	-1.6986640787220373
NWN	47.189998626708984	0.8333320427484112	-1.8306658491824075	-4.4543445841802285	253240.0	253596.66666666666	239081.66666666666	1.155377962381209	1.0592196529777134	60.094317653012254	-2.002613759957294
OOMA	21.0	-0.849859785562866	-8.536581718760436	-10.179637494429082	449960.0	531066.6666666666	452576.6666666667	0.8959327140346474	0.9942182908236541	70.20351284950637	-8.708529629535322
NYT	64.0	-0.264918456905274	-9.258470001864891	-4.563074366234615	2929380.0	3019990.0	2545043.3333333335	0.70102881135368	1.1510138006818482	70.03423921463659	-9.430417912639777
NFG	76.33999633789062	-1.8261390937876851	-4.575004577636719	-8.607688909949212	997680.0	754673.3333333334	701836.6666666666	1.3799348062296268	1.421527325921036	36.101650334575424	-4.746952488411606
OPLN	35.31999969482422	1.8454422837848747	1.5818211959147084	1.2034330962245865	1364440.0	1152720.0	1215173.3333333333	1.1510167256575752	1.122835699708135	65.04945708810854	1.4098732851398215
NVO	37.540000915527344	-3.0224701540089205	-5.678387851396645	-20.985051059214847	14510880.0	13155700.0	12723270.0	1.4196736015567397	1.1404992584453524	47.120363290577146	-5.8503357621715315
NVST	23.34000015258789	-1.6434867137451439	-0.3841235655810437	-15.404131846666038	2510140.0	2683000.0	2794528.3333333335	1.0070443533358182	0.8982338701164239	42.30937626683719	-0.5560714763559306
OSCR	32.41999816894531	9.342322381292313	3.6113685533873516	0.5583017404082081	4352540.0	5136980.0	5239675.0	0.9112941845208663	0.8306889263169949	89.57470425535203	3.4394206426124647
OTF	9.4399995803833	-7.632100452696681	-11.278202295289647	-17.41032958583002	2540560.0	2268293.3333333335	2468850.0	1.1123340896533076	1.0290459120643214	1.262173758994038	-11.450150206064533
NTB	58.560001373291016	-0.40815963755704454	-0.9974643066234881	-3.952763324849277	171680.0	159573.33333333334	170075.0	0.6843248663101604	1.0094370130824637	53.22377946951636	-1.169412217398375
ORCL	142.47999572753906	7.450972224172084	-4.092623809216654	-7.504543016384576	29382820.0	30873980.0	32058330.0	0.5834816243322046	0.9165424399836174	90.39187534158253	-4.264571719991541
OIS	8.479999542236328	2.045717377081314	2.045717377081314	-4.28894050977231	856860.0	594803.3333333334	608211.6666666666	1.7590688238689538	1.4088187500513802	92.46048432453175	1.873769466306427
PAC	210.0	-1.786552798319949	0.9615384615384616	0.8209740117078556	262120.0	153110.0	147070.0	2.0018287505714847	1.7822805466784524	78.51773618963482	0.7895905507635747
PAGS	10.949999809265137	23.033710995522444	15.628294619897352	9.939756700064736	6995420.0	3579540.0	3178110.0	5.260005475563899	2.201125826355916	98.9933710072396	15.456346709122466
NSC	316.2300109863281	1.015819619025968	2.3166284312403147	-3.5384120004472024	855440.0	1054970.0	1151998.3333333333	0.7111102685384418	0.7425705187652182	69.28662033502825	2.144680520465428
PAR	14.619999885559082	7.18474719625701	-3.625578035390684	-22.64550168971918	905220.0	912886.6666666666	902893.3333333334	0.9522540220399758	1.0025769009259122	84.9211900819244	-3.797525946165571
PD	15.59000015258789	7.6657503138299905	7.8146619049782915	10.567373977353414	1937760.0	1741280.0	1548220.0	0.8297918772397317	1.2516050690470346	76.65422204053692	7.642713994203405
PFGC	92.58000183105469	0.6632604134556072	0.18396078585485046	-6.626323342122591	1332240.0	1455123.3333333333	1625075.0	0.9177228963409746	0.8198021629770934	45.58483559706021	0.01201287507996357
PEG	68.68000030517578	2.922219167009187	-0.9089558153358431	-6.950274248885516	4649160.0	3432460.0	3119731.6666666665	1.5882486613099642	1.4902435519294128	93.19817261199384	-1.08090372611073
PHM	113.9800033569336	-4.323003454393697	-4.194332867587777	-8.309865983861108	1822760.0	1577020.0	1628841.6666666667	1.0169179845531446	1.119052905694742	4.196534735214939	-4.366280778362664
OXY	58.310001373291016	3.9393992144035357	1.8515307830410752	-3.794752044050847	9400680.0	8534193.333333334	8510876.666666666	1.0036918154342256	1.1045489634244494	89.70856592453687	1.6795828722661883
OVV	60.95000076293945	2.385355304486284	1.2794956029560671	-7.525417423123813	3001380.0	3133286.6666666665	3401726.6666666665	0.9850359473438967	0.8823107480710777	86.9943304667417	1.1075476921811802
PBA	46.11000061035156	2.352944264689358	-0.6035757339530263	-5.12345255544694	1253520.0	1077823.3333333333	991626.6666666666	1.937237704385691	1.2641047706125963	93.46606430024552	-0.7755236447279132
PCG	12.350000381469727	3.3472851764772353	-4.559499366661476	-11.532948798551399	39643620.0	51255440.0	37642265.0	0.5980926122183323	1.0531677623543643	78.48071576616945	-4.731447277436363
OLN	16.270000457763672	1.3707241816879787	-1.6324089650454743	-4.124919763785484	7683680.0	3501696.6666666665	3274026.6666666665	6.373167673956149	2.346859321039943	85.48927988784884	-1.8043568758203612
PG	145.94000244140625	-2.07340559833641	-0.09583747802135875	-0.6670267763086629	7371360.0	7966656.666666667	8375945.0	0.8832437864984768	0.8800630854190183	67.53077259764592	-0.26778538879624564
PHG	23.90999984741211	-4.7789754431338185	-3.9759027561647766	-8.214969106808745	1066940.0	786246.6666666666	985603.3333333334	1.4759998982507612	1.0825247479547215	22.558823182198836	-4.1478506669396635
PINE	17.549999237060547	3.9076368932056376	0.40045593053409906	-9.907599335365358	198820.0	153706.66666666666	146013.33333333334	1.0689191533657183	1.3616564697287918	58.58666274080188	0.22850801975921217
POST	72.68000030517578	-2.9250732750991224	-3.428118200667263	-13.743177708840182	777380.0	924500.0	958320.0	0.9467820443482964	0.8111904165623174	34.42798056354833	-3.6000661114421497
PRIM	80.56999969482422	13.287396770659358	4.758803612589066	9.484989406555618	1495980.0	1262210.0	1285023.3333333333	1.1974235666014372	1.1641656312336741	98.01014052054413	4.586855701814179
PSFE	5.630000114440918	-6.478403118293239	-13.117282440287736	-17.083944829589353	358400.0	342056.6666666667	345328.3333333333	0.8320258826510227	1.037852864665029	65.66123731959065	-13.289230351062622
PJT	137.9499969482422	-7.50301896687746	-8.87773465591627	-25.76149418208394	417160.0	420890.0	427103.3333333333	0.9004728076219439	0.9767191390061735	1.4534606370222178	-9.049682566691157
PRLB	98.68000030517578	1.8369440157557624	12.54562039429038	24.07896620119653	249640.0	220160.0	205206.66666666666	1.1741460755813953	1.2165296773983951	89.66775383718128	12.373672483515493
PWR	683.4199829101562	6.061828550275765	6.350663464444486	10.218363642394973	875940.0	913076.6666666666	1017240.0	1.023462797939567	0.8610947269081043	93.56328478741185	6.1787155536695995
PKG	229.30999755859375	-2.2215617512160284	-3.7765935513415263	-2.242405082229759	568000.0	593516.6666666666	618960.0	0.8247451630114291	0.917668346904485	41.149834377962975	-3.948541462116413
PNR	52.779998779296875	-0.47143127617344205	-5.378271899700131	-12.062648489250874	2356640.0	3449383.3333333335	3456930.0	0.6464633775119224	0.6817147006158644	23.005566668227658	-5.550219810475018
RBLX	44.58000183105469	6.4978527975236	-13.01463057355183	7.395816992671205	12667220.0	11375343.333333334	12269085.0	0.8883160449662618	1.032450260145724	85.21461088392518	-13.186578484326716
RCI	30.3799991607666	-3.340760847006003	-11.711713759128639	-20.052633787456312	1588400.0	1237990.0	1284818.3333333333	1.502758503703584	1.2362837288280704	9.171037919991562	-11.883661669903525
PRG	30.899999618530273	-3.2561080091980306	-11.359727258998898	-19.677674452734244	526040.0	598670.0	562105.0	0.8635809377453355	0.9358393894379164	16.752032305941995	-11.531675169773784
REA	10.09000015258789	-1.4648400574514282	-9.749553871508171	-16.9547286470744	119420.0	115790.0	117400.0	0.7651783400984541	1.017206132879046	63.565316943271874	-9.921501782283057
PUK	24.510000228881836	-2.738097274474575	-6.628570556640626	-13.54497390094503	1188080.0	1036840.0	1070923.3333333333	1.0377686046063037	1.109397809366995	1.1720063268094378	-6.800518467415513
PRU	113.4800033569336	-2.248249688423115	-4.260520943534627	-7.8896053831820145	1581740.0	1580513.3333333333	1709413.3333333333	0.9411499217553791	0.9253116078810665	55.09120563981074	-4.432468854309514
PBI	16.809999465942383	2.6251546227530866	1.632397433313145	-4.379979869768666	2241220.0	1723346.6666666667	1682525.0	0.9530874035790825	1.332057473143044	96.48479588759955	1.460449522538258
PLD	128.0800018310547	-3.2920571805942864	-5.69872262978733	-7.423204784520762	4454840.0	3442863.3333333335	4114715.0	0.8084259322908548	1.0826606459985686	18.77596319596023	-5.870670540562217
RH	117.44999694824219	-3.7925989624573555	-7.665094523522107	-19.88950517748685	714420.0	826746.6666666666	764770.0	1.0411895623004226	0.9341632124691084	1.7406902888271247	-7.837042434296994
PLOW	40.689998626708984	2.9084412861761897	2.0055132847862334	-1.4769990838260805	217800.0	185970.0	255956.66666666666	0.6737645856858633	0.8509252868324065	89.65203147672135	1.8335653740113464
PMT	7.869999885559082	-2.478312476187685	-11.3738763047913	-18.276222304946618	2424580.0	1726746.6666666667	1567588.3333333333	1.686929563109045	1.546694338330748	59.013780410130835	-11.545824215566187
RIG	5.510000228881836	4.356060794206574	1.1009251691109603	-8.471756705324536	40173740.0	42204546.666666664	42768475.0	1.1624126752852222	0.939330663531959	88.67372711932407	0.9289772583360734
QXO	11.880000114440918	-1.9801961500356329	-2.6229483592384897	-11.738483798129112	20406340.0	17434933.333333332	18859226.666666668	0.8948184487848152	1.082034823626561	32.69157639649305	-2.7948962700133766
RDDT	150.4199981689453	5.129994579226739	-5.235303838133977	-3.5707462837821646	4462680.0	4528420.0	5999030.0	1.1481488024520694	0.7439002638759933	75.2140206292621	-5.407251748908864
REX	43.40999984741211	1.8774917287051087	0.649197246377696	4.300819225048172	327920.0	238610.0	200393.33333333334	1.5519047818616152	1.6363817824944276	51.486621174688835	0.47724933560280913
RELX	33.81999969482422	2.2679165616000367	1.22717704066038	-7.721696352608326	2193840.0	2026866.6666666667	2334438.3333333335	1.1081143308226162	0.9397720936442241	89.45009935775246	1.055229129885493
RPM	95.30000305175781	-4.890213618484881	-3.747095247375079	-7.860385989973871	1315340.0	1424483.3333333333	1231940.0	2.2299313201277657	1.067698102180301	3.957786911966423	-3.919043158149966
RAL	73.95999908447266	5.717552962186622	7.328392329109764	17.8833234074597	1137700.0	1379773.3333333333	1491875.0	1.1249673859474503	0.7625974025974026	95.81557179714055	7.156444418334877
RNR	323.3900146484375	-0.4647520087451789	-0.8887780258478615	-4.313988377549674	336880.0	290640.0	300136.6666666667	1.3425543627855767	1.122422007752024	44.885856021586946	-1.0607259366227484
RTX	184.3300018310547	-1.7744867132425894	-5.150763968026421	-8.806215119856944	3758460.0	3876910.0	4440543.333333333	0.8731696118816273	0.8463964244615712	1.7966362979312862	-5.322711878801308
RF	27.06999969482422	-0.6969938828405164	-5.183886451090168	-11.070961826899092	11293220.0	8782543.333333334	8892686.666666666	1.2140902236747668	1.2699446661413911	57.718969319348396	-5.355834361865055
RLGT	9.25	5.714285714285714	8.060742366344389	9.988111389162176	156800.0	325126.6666666667	216640.0	0.48104328569378085	0.723781388478582	68.19303426972102	7.888794455569502
RYAN	37.97999954223633	-0.36725968932632264	-5.192216075263232	-10.297592334999253	1879620.0	1956830.0	1957918.3333333333	1.2432352324933693	0.9600093977362012	58.11278754605056	-5.364163986038119
QSR	69.87000274658203	-2.1839528936425237	-3.7072697113026916	-12.945426256048215	2355480.0	3114133.3333333335	2765951.6666666665	1.0404499914368899	0.8515983950069025	17.05116132847799	-3.8792176220775785
SAP	207.74000549316406	-0.7500798259720909	-0.7073873047050777	-4.280511145180458	1907400.0	2027900.0	2625526.6666666665	0.664431184969673	0.7264828136069208	23.4224739904476	-0.8793352154799646
SBH	16.040000915527344	-5.200940643017723	-0.49627741650824353	-2.610797909860808	1510000.0	1251690.0	1332990.0	1.2353697800573624	1.1327916938611693	21.744829995895643	-0.6682253272831304
SDHC	10.069999694824219	-2.0428019805626696	1.8200136021531248	-8.204198270711185	38360.0	56186.666666666664	49335.0	0.8364973896535358	0.7775412992804297	3.5996298441780112	1.6480656913782379
SGHC	11.470000267028809	-2.1331057534470403	-8.386582686454748	-19.054338706618417	3782820.0	2745023.3333333335	2530913.3333333335	1.04775065664287	1.4946462015030146	68.13151996486411	-8.558530597229634
SBSW	10.020000457763672	-1.1834307839851566	-9.973042634896718	-23.62804462527105	3959520.0	5390506.666666667	5190121.666666667	0.7363129749089757	0.7628954106085503	42.6858728759977	-10.144990545671604
RJF	160.8000030517578	-0.2233808650850775	-2.657545447525248	-11.209277950081601	963880.0	1267896.6666666667	1205201.6666666667	0.8667110095722838	0.7997665674209433	73.69008380183499	-2.8294933583001347
RMD	222.86000061035156	0.34218572082421367	-0.3354053924032234	-2.7619013759873705	1007760.0	1274230.0	1345211.6666666667	0.7470393884934431	0.7491460451700909	74.84808091457731	-0.5073533031781103
ROK	455.17999267578125	5.556326558891487	7.1288985344610385	6.280936297085075	695020.0	692993.3333333334	753058.3333333334	1.0306015449884076	0.922929830579747	98.9847002527441	6.956950623686152
SCI	75.94000244140625	-1.466196000898461	-2.088699288526476	-8.26286112437259	1200600.0	924353.3333333334	1006446.6666666666	1.6978356039898161	1.1929097087442952	23.602252319077294	-2.260647199301363
SIG	100.88999938964844	-2.3330141247932565	2.2913943010904316	23.006588050351027	873200.0	1032463.3333333334	844655.0	0.8483594251934693	1.0337948629913989	30.605658392374977	2.1194463903155447
SHEL	96.2300033569336	0.4698314714679121	1.787605696044247	3.6961208969602617	8282197.6	6551648.9	6389859.216666667	1.004015035054763	1.2961471167310772	83.3304576947696	1.61565778526936
SJM	116.2300033569336	-3.6475122247088536	-3.044706356447892	-9.555670122800546	1174340.0	1399063.3333333333	1348290.0	0.6868881322980376	0.8709847288046341	24.435504248814993	-3.2166542672227787
RSI	20.989999771118164	7.365731919456225	-2.688919480352275	-21.591335778140515	3396860.0	3256640.0	3001053.3333333335	1.2457010906947037	1.1318892477752256	90.27885256819333	-2.860867391127162
SMG	49.099998474121094	1.3625100456716297	-4.511862655462644	-17.186713246849706	1403220.0	1011123.3333333334	1035195.0	1.1274588988484755	1.355512729485749	26.73356990408368	-4.683810566237531
RRX	161.25999450683594	3.0547027797851856	6.986000847721775	-0.830210994679552	930900.0	1165986.6666666667	1197730.0	0.8386030715045341	0.7772202416237383	95.98005872184817	6.814052936946888
SN	182.69000244140625	0.38463482999811266	9.06865817397388	4.269160116952984	1058300.0	1871310.0	1778453.3333333333	0.6905857394018095	0.5950676243027649	82.29558646434353	8.896710263198994
SNDR	32.31999969482422	2.343254505718573	-0.030937629644243216	-5.080762352421346	765240.0	681406.6666666666	766785.0	1.276036825781961	0.9979850936051174	42.4074447535289	-0.2028855404191301
SMR	7.679999828338623	-2.9077120544918182	-12.6279879218612	-21.230770991398735	26733700.0	36735140.0	33891968.333333336	0.48684992081151723	0.7887916021008123	11.152161212047432	-12.799935832636086
RDY	12.319999694824219	-1.5187892132804521	-0.6451606948963502	2.4106398029104743	3692160.0	2939310.0	2828255.0	0.9336204755537865	1.3054551304603015	44.76421400430774	-0.8171086056712371
STC	50.83000183105469	-11.661451125667158	-19.150623994561492	-26.99985087453157	485040.0	292693.3333333333	257615.0	1.2361060495626823	1.8828096190051045	28.260708969421103	-19.32257190533638
SSD	172.77000427246094	-1.1556662802573225	-0.5926345001214645	-2.9818045282992354	287500.0	286726.6666666667	278213.3333333333	1.2443907089213884	1.033379660692035	42.61014985529806	-0.7645824108963514
STZ	113.30999755859375	0.3453767233195839	-4.290904516635096	-12.224029147845838	1943680.0	2180746.6666666665	2003326.6666666667	1.3493084937269193	0.9702261904365738	76.69967758591652	-4.462852427409983
SLG	48.0099983215332	-2.6561260774470177	-9.312429983117767	-12.56601993271377	932160.0	820910.0	914930.0	0.8568539791207319	1.0188320417955472	3.1243859503414626	-9.484377893892653
SYK	285.2200012207031	3.599580018884075	4.022757460551086	-7.393093845791649	2702800.0	2864206.6666666665	2641323.3333333335	1.1631493071961754	1.0232749492994042	91.40528263292558	3.8508095497761987
SM	35.04999923706055	4.470938998839218	0.8633071570087679	-6.781913139745556	2908380.0	3871306.6666666665	3750826.6666666665	0.6277983660986127	0.7753970680241156	66.57802306693782	0.691359246233881
SPOT	483.04998779296875	-2.906478601198056	-6.525152478634094	-13.75801174303753	1455760.0	1442360.0	1681668.3333333333	0.8551956515710364	0.8656641569235314	51.08900469160576	-6.697100389408981
STUB	5.53000020980835	4.339622845213445	-7.058817023872472	-15.313935189434691	6903680.0	6620543.333333333	6596691.666666667	0.9046538476449315	1.0465367109523334	62.13385846524969	-7.230764934647359
TALO	17.010000228881836	3.34144091738144	3.5931799625244327	-1.6194370839740804	1707020.0	1972576.6666666667	1974875.0	0.9763879054975472	0.864368630926008	93.86792055869857	3.421232051749546
SPHR	110.80000305175781	-20.12687278204725	-23.65991214158693	-22.517480383386147	1060740.0	635036.6666666666	691678.3333333334	4.729333214355077	1.5335741324845122	0.40898692484101673	-23.831860052361815
TDAY	7.429999828338623	16.640501755464427	16.275430103021453	14.837713590073179	3564800.0	2417160.0	2385773.3333333335	1.1683132270929522	1.4941905629481425	97.71468615292771	16.103482192246567
TDOC	5.789999961853027	-1.6977912886139948	-7.655502719835049	-10.510044055480265	3986220.0	3439910.0	4377615.0	1.2993363198455774	0.9105917263167272	69.0006055536149	-7.827450630609936
SR	77.41000366210938	0.7418107123694295	-2.946337025050833	-7.1042818179071485	501840.0	543713.3333333334	486738.3333333333	0.9322927523082015	1.0310262529832936	72.61865509033925	-3.11828493582572
TFC	46.33000183105469	-1.6139272012540788	-5.448975854990434	-10.230572983635755	8743540.0	7405436.666666667	7275483.333333333	1.4099776245470106	1.201781324952065	31.304711682085014	-5.620923765765321
SUN	74.7300033569336	-0.040126776939104554	-4.032360702319691	-2.198665390208415	564860.0	574940.0	540778.3333333334	0.6461543813267472	1.0445314931872887	78.47479010943954	-4.204308613094578
TFX	125.23999786376953	-1.6800121179081084	0.3525599369009963	-10.517296473264032	711020.0	745226.6666666666	654120.0	0.7535962212839047	1.0869870971687152	55.94703142683067	0.1806120261261094
SXI	289.239990234375	3.8675580732073374	10.182461420276942	4.656798981282434	159460.0	135830.0	134358.33333333334	0.9291025546639181	1.1868262730261117	93.02606101826443	10.010513509502056
SUZ	8.430000305175781	-1.6335985371503454	-8.86486156566723	-7.868845282751419	3138980.0	3066230.0	3009680.0	2.3189062790462556	1.0429613779538025	41.524369324001746	-9.036809476442116
TAC	12.470000267028809	5.5884828447239805	1.2997550118450063	5.5884828447239805	1113900.0	1923530.0	1753078.3333333333	0.40077357774508326	0.6353965928504811	97.35344385527428	1.1278071010701194
TKC	5.179999828338623	1.568625984353196	0.19341879878357643	2.3715392671163573	3205000.0	2466020.0	2359966.6666666665	0.6658096852418066	1.3580700292377013	88.89660793923812	0.021470888008689543
TME	7.869999885559082	-5.973715732812128	-3.671972924521056	-4.024389407097175	6248000.0	8359163.333333333	8632540.0	0.9055571351040316	0.7237730725835038	60.81381372921813	-3.843920835295943
STN	66.86000061035156	-2.70663646290973	-5.4848704701547115	-8.461117507820285	420580.0	345480.0	379576.6666666667	0.9771911543359963	1.1080238511324019	19.1382782385313	-5.656818380929598
TIMB	19.299999237060547	9.410430299596474	1.9545637924982053	3.2085478590471457	669020.0	498583.3333333333	548245.0	2.7457797091759986	1.2202938467291082	93.28395948297371	1.7826158817233184
TNL	61.720001220703125	-3.3662090921193566	-2.0939081149332446	-7.0481930687182075	704160.0	683773.3333333334	745966.6666666666	1.1714408283446756	0.9439563876848832	16.779529470850406	-2.2658560257081315
TOST	30.040000915527344	-1.119151595232231	0.8053747805748954	-11.46477852832511	9811640.0	8820136.666666666	9255898.333333334	1.4075405483134995	1.0600418940066865	75.96368005124427	0.6334268698000085
TNC	68.06999969482422	-0.2052476052302235	3.402700594659308	-3.227177653183369	161120.0	182270.0	203233.33333333334	1.0396664289241235	0.7927833360669181	85.43852618619779	3.230752683884421
TPL	344.6700134277344	1.928144210833826	-6.033253844524416	-5.9563401288582885	302800.0	361056.6666666667	362308.3333333333	0.7444814756686392	0.8357522368148677	88.82501043140854	-6.205201755299303
TDY	619.6400146484375	1.4422993815148306	1.733761946262649	1.9362724967171525	213980.0	259143.33333333334	322853.3333333333	0.6529205201754499	0.6627777318906418	92.73644476302829	1.561814035487762
TBI	8.899999618530273	-7.580482733493982	-3.3659111653931166	-10.282262599989195	180380.0	266253.3333333333	289365.0	0.6309780159246833	0.6233649542964768	14.216189377938264	-3.5378590761680035
TR	37.61000061035156	-0.4499686988832569	0.9393513273887802	-3.0670068301762616	166660.0	166976.66666666666	160808.33333333334	1.05044617012357	1.0363890760221794	26.860759862629678	0.7674034166138933
TRNO	64.43000030517578	-3.214660356705427	-2.9376273409559084	-2.0820709468727485	861160.0	754586.6666666666	738365.0	1.1385040817047745	1.1663066369613944	37.83734634163628	-3.1095752517307953
THG	220.39999389648438	1.3007245838110546	-1.258909875391459	-4.868784157414225	297500.0	305066.6666666667	311068.3333333333	1.3220061188811187	0.9563815024565878	85.36528594031809	-1.4308577861663458
TS	58.459999084472656	4.1696368444839935	4.4488079497280575	3.8181453715989937	1326800.0	1162286.6666666667	1290530.0	1.6767808285965022	1.0281047321643046	97.39227309965439	4.276860038953171
TSM	485.79998779296875	7.26902988765747	9.134198635600905	16.49600163459056	9590460.0	9657216.666666666	11454973.333333334	1.1279440418478064	0.8372311066052242	99.41075006331344	8.962250724826019
TWLO	300.9100036621094	4.853994056207936	13.098551613660259	25.128912594890757	9545760.0	3449113.3333333335	2890201.6666666665	10.11341078963289	3.302800669618787	71.82934584641256	12.926603702885373
U	45.68000030517578	14.601102874325536	5.716272328250778	8.555129081444871	9742760.0	9918786.666666666	10394068.333333334	0.8811864085526591	0.937338459547681	97.2121572947546	5.544324417475891
SWK	89.68000030517578	1.0706603316813155	1.127649973566402	-7.067357196709034	1766760.0	1654560.0	1787853.3333333333	0.9744584662991974	0.9882018659248708	39.30935018899417	0.9557020627915152
TEO	12.510000228881836	3.559605197777686	-11.213626022678632	-3.5466463274973417	343940.0	303766.6666666667	265723.3333333333	1.0833973444529792	1.2943537764843134	81.20008795933146	-11.385573933453518
UI	609.2899780273438	10.105351465309218	3.9442475376176267	2.236719840798164	105900.0	157756.66666666666	135510.0	0.6903036321761363	0.7814921408014168	59.91570154338608	3.77229962684274
UGI	36.779998779296875	1.490058156236056	-1.2087047232674302	-2.6984139638913667	2098960.0	1971080.0	1969441.6666666667	1.053686303955192	1.065763985562744	54.409575601303075	-1.380652634042317
TRGP	287.3999938964844	3.593699846416596	-0.6773540068772129	-2.091713044117413	1254600.0	1142936.6666666667	1201725.0	1.208290923089935	1.0439992510765774	92.34847481969643	-0.8493019176520998
UNM	89.93000030517578	-1.3059727892193107	-3.879860355003337	-6.875840748298476	1416660.0	1800386.6666666667	1605575.0	0.9720689629635115	0.8823381031717609	84.98196556800681	-4.051808265778224
TRTX	6.019999980926514	-4.897313531056788	-16.50485507523379	-23.31210122214276	1301420.0	989103.3333333334	916761.6666666666	1.3817565404356134	1.4195837885891827	7.886531205358182	-16.676802986008678
UPS	93.13999938964844	-1.1777194804791113	-1.6992090874422823	-10.009662425460448	4480840.0	4635610.0	4903900.0	1.033542511125828	0.9137298884561268	33.209138808337315	-1.8711569982171692
TTAM	13.5	-1.8895365156760908	-2.2447531513203485	-11.242603772901115	220240.0	255813.33333333334	256623.33333333334	0.779865526946732	0.8582228168392065	46.00703906867642	-2.4167010620952354
USNA	14.850000381469727	0.20243378720166466	2.484476301159955	2.9106033777649944	156740.0	196673.33333333334	190755.0	0.8323446662824988	0.8216822625881366	80.8268274865707	2.312528390385068
TTI	6.03000020980835	2.0304630371316574	-0.9852207106110594	-13.112389624051007	2152660.0	1936656.6666666667	1860760.0	0.8136186589603732	1.1568713858853372	84.89980221275383	-1.1571686213859462
UTL	50.650001525878906	0.595835274775645	-2.3143625526645275	-5.697258631081197	216620.0	147116.66666666666	128795.0	1.0529058570295684	1.681897589192127	34.75740391442058	-2.4863104634394144
VIPS	12.710000038146973	1.9246172091329723	1.6800003051757815	-2.8287453189391703	2813460.0	3360876.6666666665	2611190.0	0.8777769292337416	1.0774627660185585	83.4420688610317	1.5080523944008946
UVE	43.65999984741211	3.2151315245415355	0.09170315567821899	-2.4793401809292916	192340.0	157653.33333333334	190786.66666666666	0.7313514884979702	1.0081417289817598	67.71141101016869	-0.0802447550966679
TXNM	58.5099983215332	0.4118720814898412	-0.10244386819813812	0.6363930783780543	1796500.0	1700013.3333333333	1267778.3333333333	0.7447588646363559	1.4170458295154122	65.05024604681151	-0.274391778973025
VFC	14.270000457763672	-1.0402192630835585	9.348660913391976	8.599696232238996	10370220.0	7623803.333333333	7691431.666666667	1.1484162979020534	1.3482821468651587	41.639560412634644	9.17671300261709
TLK	12.890000343322754	-2.569910889476135	-7.065605986461949	-12.964213517177182	1075760.0	759440.0	743553.3333333334	1.3200516169809333	1.44678256659464	73.39321647753268	-7.237553897236836
VMC	245.57000732421875	-0.23562323243832045	-0.25588530943640836	-5.633479246511493	1447180.0	1191906.6666666667	1076848.3333333333	0.8519962413164341	1.3439032732867056	76.5108380944859	-0.4278332202112952
VSTS	14.010000228881836	4.163571952104703	-1.546024739505494	11.722490203353937	1415220.0	1478673.3333333333	1427141.6666666667	0.83750749545764	0.9916464728449056	83.98277368639594	-1.717972650280381
VOYG	30.200000762939453	-8.981312582361474	-19.808813368822374	-7.588737818474107	2029000.0	2082490.0	1908745.0	0.5527517539099828	1.0630021296715906	35.19665303711436	-19.98076127959726
VRTS	134.47000122070312	3.797759979194809	3.557947554892272	-14.99462725496135	140180.0	132500.0	134096.66666666666	1.0543396226415094	1.0453652837505283	97.20459896982294	3.385999644117385
UBS	48.18000030517578	-0.9049745709073542	-5.640424971907139	-13.469827512380295	2270100.0	2098406.6666666665	1940266.6666666667	0.7694885961094291	1.1699938152831226	68.56139172198732	-5.812372882682026
VTS	17.049999237060547	1.7910402212569965	1.0071095067887716	-2.0677806634505767	433780.0	518750.0	494961.6666666667	0.7464096385542168	0.876391100994353	96.51773436449764	0.8351615960138847
VYX	6.840000152587891	0.14641623709432885	-6.1728369220834995	-23.660712907737015	2988200.0	3041383.3333333335	2535855.0	0.8182460831967909	1.1783796786488185	64.55194546473894	-6.3447848328583865
V	369.7099914550781	0.5357049200571216	-0.06487923882505636	-2.3868009359529703	5337680.0	6060323.333333333	6636163.333333333	0.7464123201347344	0.8043322220821368	90.92072147645864	-0.23682714959994325
WAB	291.8599853515625	-0.174439844766074	2.9924413588237346	3.927642811199059	851480.0	777936.6666666666	919481.6666666666	1.2891794961886358	0.9260434773939665	85.65749262433265	2.8204934480488477
WCN	154.3000030517578	-1.191086428491723	-0.8036001128100745	-7.499547203363319	1730280.0	1231686.6666666667	1240273.3333333333	1.3232261451776155	1.3950795792325348	66.1573178383473	-0.9755480235849614
VALE	14.149999618530273	4.120672992308571	0.0	-7.576752248811941	47352420.0	32598520.0	27476008.333333332	3.0347543385405227	1.723409726242986	96.20320126119537	-0.1719479107748869
WEAV	7.360000133514404	-0.13568184803193062	0.546447553483442	0.40927981064945873	1140000.0	2324990.0	2864318.3333333335	0.3384530686153489	0.398000455023912	17.840265247948636	0.37449964270855507
WHD	64.75	0.7939012347291855	-4.002960816016096	-9.617531334937452	721740.0	753346.6666666666	786166.6666666666	0.7337923222597831	0.9180496078015689	88.40247570486278	-4.174908726790983
VLO	419.3299865722656	7.6391864590538665	6.6264902704507636	13.121471798675696	2599180.0	3447763.3333333335	3073870.0	0.7410891505507435	0.8455725193323075	93.5779865857454	6.454542359675877
WBI	29.229999542236328	0.9671805593018064	-2.3387930364250695	-9.33623442780668	649560.0	652033.3333333334	626513.3333333334	0.6665303409846122	1.0367855964757333	87.58549783905926	-2.5107409471999564
VNO	33.209999084472656	-2.6099690013882815	-6.66105290785416	-9.113305275369145	1487340.0	1309730.0	1444396.6666666667	1.0726638314767165	1.0297309834094512	12.696666543959594	-6.8330008186290465
VIA	30.889999389648438	6.151199260184701	13.025976860155195	12.001448423128213	683860.0	807750.0	802863.3333333334	0.9094398019189106	0.8517763504789109	78.32535979949184	12.854028949380309
WMB	70.80999755859375	2.65293434706134	-1.1723711785013144	-4.375429250015609	7518220.0	7748560.0	7127015.0	0.7489520633511259	1.0548904415102256	89.89608131681716	-1.3443190892762014
UE	19.510000228881836	-2.0090387825003684	-2.4499988555908203	-7.797729822441705	1129880.0	860390.0	820773.3333333334	1.065447064703216	1.37660417817343	25.686296219563005	-2.6219467663657072
WNC	13.989999771118164	10.592886901158478	18.659879697907684	-1.8934113143758577	1543560.0	844883.3333333334	1101683.3333333333	1.3562819324167044	1.4010922678930728	88.7033287021193	18.487931787132798
ULS	68.25	5.324069113834093	2.9101331635355896	-8.548837583034711	1184880.0	865826.6666666666	884571.6666666666	1.4009732509971204	1.3394957634862825	89.6125052144476	2.7381852527607027
UNF	252.88999938964844	-2.5246696693340924	-4.208333564527107	-8.073430105817565	420300.0	358763.3333333333	252390.0	0.6845738602049634	1.6652799239272555	59.00342826278052	-4.380281475301994
WWW	18.940000534057617	-0.9931972558506401	-2.7720688956274913	-3.120198091090291	867380.0	716283.3333333334	780240.0	1.5717244107313213	1.1116835845380908	13.133911989843241	-2.944016806402378
XIFR	10.1899995803833	-1.6409274317338085	-5.9963151573333855	-15.15404341227046	990300.0	835910.0	888381.6666666666	1.984783050806905	1.1147235891480576	4.046626308657167	-6.168263068108272
USAC	25.420000076293945	-0.46985448289644544	-5.396355480652905	-7.4626839763477655	384800.0	435413.3333333333	342808.3333333333	0.2753705291523763	1.1224931327029195	78.49332477913528	-5.568303391427792
XZO	15.390000343322754	1.9880728144553008	-8.119400935386544	-8.174223549222965	674920.0	365926.6666666667	262650.0	2.6540836961868495	2.5696554349895298	91.9339101720013	-8.29134884616143
XPEV	9.399999618530273	-5.527640213849249	-10.21968119588388	-15.61939561191689	7119100.0	7611013.333333333	7103041.666666667	0.5795154740674041	1.0022607685674565	50.4354524294936	-10.391629106658765
WES	45.59000015258789	0.7068692104891281	-2.1253792175825272	-7.318557785375463	1019080.0	841986.6666666666	834083.3333333334	0.6115298737905589	1.2217963832550705	90.48354301336339	-2.297327128357414
WTS	362.75	1.3239825996703511	3.4595873172487774	2.0307713119829027	202860.0	196820.0	194661.66666666666	1.092876740168682	1.0421158077690351	79.9468239849757	3.2876394064738905
WPC	63.93000030517578	-2.871466725025005	-3.4289981083249605	-9.022337613155695	1840420.0	1540470.0	1383661.6666666667	1.411841840477257	1.3301083959590314	26.917500459027536	-3.6009460190998475
WFC	81.44000244140625	0.7796125502363687	-5.8932267392731585	-8.689314707768277	14214420.0	13640673.333333334	14323996.666666666	0.935518334627665	0.9923501331914115	88.22384676560888	-6.0651746500480455
WSM	238.6999969482422	3.319914387513142	5.080116701925244	7.155684518979951	1099060.0	1243666.6666666667	1061991.6666666667	0.9670597694987938	1.0349045425654626	89.58050141503321	4.908168791150357
ZTO	19.700000762939453	0.15252001285787636	1.2853469932831911	-5.786700589681782	2288660.0	2739586.6666666665	2284026.6666666665	0.5769483474392731	1.0020285811023806	87.35859536850413	1.1133990825083042
OCUL	7.25	-5.2906622953376665	-27.427425764710307	-31.860904454295298	4987240.0	3059683.3333333335	2797465.0	1.8363338253958743	1.782771187485813	46.27639168996143	-27.599373675485193
VTMX	32.59000015258789	-0.4277402737747543	-3.178846404262488	-6.296718526662519	64060.0	58863.333333333336	69160.0	0.90548728693584	0.926257952573742	76.74470125890197	-3.350794315037375
XPRO	16.770000457763672	2.75735766761177	2.193788017666163	-6.312844608090462	880240.0	814626.6666666666	885621.6666666666	1.1283696417172693	0.9939232892901974	91.86668475461036	2.021840106891276
OCFC	16.81999969482422	0.5980884304813032	-4.268639800949658	-12.75934078947017	1108420.0	1032046.6666666666	978440.0	0.8115912071159573	1.1328441192101713	78.84118547365688	-4.440587711724545
YUM	136.97000122070312	-0.9473514392233864	-1.693820842127881	-10.207154025648652	2040740.0	2218943.3333333335	2499471.6666666665	1.4295092408849257	0.8164685470196035	64.49218307087024	-1.865768752902768
YETI	40.52000045776367	-6.485117134883393	-5.304978754837908	-2.196475599104508	1397380.0	1675960.0	1655191.6666666667	0.6989426955297262	0.8442405965069503	13.200753472918592	-5.476926665612795
OLMA	8.25	-4.181180848225219	-14.33021908661769	-23.112764660187963	1141980.0	1113753.3333333333	1061356.6666666667	0.9033418530733915	1.0759625259494923	22.93808745088539	-14.502166997392576
OPRA	17.709999084472656	1.7816061651647757	-2.3166028446533375	-3.9587929958933046	269480.0	321763.3333333333	349966.6666666667	0.8978648903438345	0.7700161920182874	86.4839766330235	-2.4885507554282245
OPCH	23.3700008392334	2.052407111495357	-2.4217115040912827	-4.456248103178363	1796880.0	1983396.6666666667	2204210.0	1.4006779615440852	0.8152036330476679	93.2477408129153	-2.5936594148661696
OTLY	10.470000267028809	-11.720062646594261	-15.768302413724317	-26.936494607314447	86220.0	65740.0	120006.66666666667	1.4907210222087008	0.7184600855508027	17.08687629763419	-15.940250324499203
OPTX	9.800000190734863	38.22284879863941	24.207862567430304	26.288658526843594	691220.0	356050.0	374630.0	2.8122454711416935	1.8450738061554066	96.45427323575316	24.035914656655418
OVLY	34.279998779296875	0.0	-0.26185672209724226	-0.6664721918946467	16009.6	20341.6	24840.8	1.4722539033311048	0.6444881002222151	86.11718157641631	-0.4338046328721291
ATROB	69.0	2.6632955511241523	-0.23135288264456247	-7.618158060538309	7513.8	10445.633333333333	22081.15	0.07361927950754542	0.34028119006482904	72.89303767920605	-0.40330079341944935
GDST	12.5	0.0	0.0	0.0	0.0	0.0	0.0	None	None	100.0	-0.1719479107748869
WLK	64.61000061035156	-3.3363193442829537	-4.662824537764154	-13.391418321858389	1504120.0	791820.0	922975.0	1.3438660301583694	1.629643273111406	81.006685205922	-4.834772448539041
ORANY	15.770000457763672	-0.6301161217172075	-7.831677994080197	-11.800888154585707	266250.6	279988.43333333335	210909.21666666667	0.1701963164430721	1.2623943334861372	79.99627837497817	-8.003625904855083
ONDS	7.420000076293945	-3.38541351375163	0.5420048947527367	-2.7522940366608397	46118960.0	60170790.0	80235230.0	0.5974909087947823	0.5747968816192089	74.17207387036599	0.3700569839778498
SLAMF	19.0	0.0	0.0	0.0	0.0	0.0	0.0	None	None	100.0	-0.1719479107748869
ON	85.93000030517578	13.588894344939595	19.813160684066904	16.673453530047748	12291980.0	10653106.666666666	10002721.666666666	1.0641966099403868	1.2288635443053584	98.74026830950265	19.64121277329202
WCPRF	12.9399995803833	1.6496468633028807	-0.7668740932689097	-1.4470718385496946	390282.0	384760.3333333333	436245.1666666667	0.020038448176830426	0.8946391383132802	92.93028562849936	-0.9388220040437966
OMCL	34.63999938964844	2.273399710794805	6.814674880283437	-0.5169451658626442	471500.0	567323.3333333334	681768.3333333334	0.7008349148339864	0.6915838958003818	86.24291676366181	6.6427269695085505
PAYO	7.150000095367432	0.14005923065595496	0.5625873572699323	-0.4178235889753918	2472440.0	2616780.0	3569613.3333333335	1.6574186595739802	0.6926352434063819	84.53532281706681	0.39063944649504534
ORLY	83.9000015258789	-3.016992886257821	1.230700176475781	-3.9825999507031784	4832780.0	5862330.0	6290100.0	1.4135164687078345	0.7683152891051017	1.6399751543549428	1.058752265700894
PCVX	73.81999969482422	26.68611483593823	25.288530191659408	20.680075044208582	4292860.0	1796780.0	1375035.0	8.290553100546534	3.122000530895577	98.14787154503446	25.116582280884522
PANL	8.529999732971191	6.491878766924147	0.11736237875912203	2.895051534650646	397920.0	425183.3333333333	401801.6666666667	1.365998980831798	0.990339346526686	97.70259148615561	-0.054585532015764854
PDFS	56.08000183105469	12.723621770964197	20.059950610653747	29.03820297384887	596540.0	624213.3333333334	568710.0	0.8575593814080655	1.0489353097360694	99.81131112491238	19.88800269987886
OSPN	18.420000076293945	3.0201394903431935	4.65908907415457	9.904533560515699	425640.0	500766.6666666667	457625.0	0.5932902882247221	0.9301065282709642	98.26913296934282	4.487141163379683
ODTX	20.84000015258789	-2.934323152841172	-9.62705708919568	-21.060604341978078	241720.0	333296.6666666667	265776.6666666667	0.515456700237026	0.9094854075476904	42.4817645509954	-9.799004999970567
PCAR	109.36000061035156	-2.051053187846624	-4.680556601986276	-12.167698390449623	3476120.0	3219373.3333333335	3356585.0	0.9108604987306018	1.0356120878809862	7.976387245473717	-4.852504512761163
PENG	60.709999084472656	10.421970880218852	10.562737667415782	24.840628729243022	1999920.0	1522383.3333333333	2170296.6666666665	1.7352397009075682	0.9214961395446706	79.98002431847203	10.390789756640896
PAYX	99.77999877929688	0.48337936836605727	-13.242329427047142	-20.227056828741077	3336820.0	3143386.6666666665	3025590.0	0.8719576338047287	1.1028658873145403	54.63638892160054	-13.414277337822028
PEBO	37.11000061035156	-5.113781561718113	-4.943648206750333	-6.429650143397414	762300.0	356760.0	333758.3333333333	1.319654669806032	2.283987915407855	35.82769712997994	-5.11559611752522
PERI	8.510000228881836	0.8293916111232329	-3.1854349736784804	-7.8006430017660024	294120.0	529213.3333333334	421650.0	0.4706986470484492	0.6975453575240128	26.475931086243392	-3.3573828844533673
PHVS	30.489999771118164	-4.450015929439457	-15.352583610124812	-14.498037292249563	672180.0	957933.3333333334	719401.6666666666	0.8520425916904447	0.9343598036331118	8.920832898011199	-15.524531520899698
PGY	18.399999618530273	8.23529187370749	-11.961722706365316	-19.615552166194817	2184040.0	2352880.0	2599323.3333333335	0.7704175308558022	0.8402340609158537	93.52934107194513	-12.133670617140202
PFBC	105.2300033569336	-3.4764202924545344	-1.0624268963270305	0.9497366782930036	174540.0	151153.33333333334	124263.33333333333	0.7852952851409165	1.4045977628155262	26.804745873456795	-1.2343748071019174
PIII	6.170000076293945	-11.09510049823986	-18.815787451088898	-32.42059146817689	8100.0	17640.0	33946.666666666664	0.13038548752834467	0.23860958366064416	17.519862038070585	-18.987735361863784
YOU	41.25	2.2051520718267033	5.0687767792779725	-7.490469031528015	1807140.0	1989370.0	1769308.3333333333	0.9016924956141894	1.0213821785349266	29.164055479030466	4.896828868503086
IVCAF	11.210000038146973	-6.5833330154418945	-6.5833330154418945	-6.5833330154418945	60.0	10.0	5.0	0.0	12.0	0.0	-6.7552809262167814
PRAX	283.55999755859375	-0.7316633581473174	-5.122627834416991	-20.15767916886322	481800.0	413926.6666666667	403575.0	1.2347597803153536	1.1938301430960787	29.940878141084028	-5.294575745191878
PLPC	416.1000061035156	-0.06484353263637224	-1.3022107455260756	5.977638216342679	74280.0	71660.0	87651.66666666667	0.982416969020374	0.8474453803882793	57.4576288777509	-1.4741586563009625
PTC	192.25999450683594	37.63332460923999	42.12004453112046	28.105005437875285	6989840.0	2501413.3333333335	1972223.3333333333	11.814320970544651	3.5441422286522655	97.32851578651773	41.948096620345574
PFLT	6.78000020980835	-2.446037469384652	-4.372354529024788	-8.748312699162145	895620.0	739643.3333333334	928226.6666666666	1.2496563659060897	0.9648720858411021	11.68306663670704	-4.544302439799675
PTGX	140.6300048828125	-1.2707087388167562	-3.0004076237534876	-5.490590054694759	843200.0	678833.3333333334	604201.6666666666	1.876454701694083	1.3955605330449823	66.06327321149746	-3.1723555345283745
PLUS	93.0199966430664	4.037571673299117	0.8346847079310638	2.3660105992076073	221940.0	221203.33333333334	237306.66666666666	1.215623634363557	0.9352455332059783	70.3387108378064	0.6627367971561768
PRTS	8.520000457763672	4.539887810450258	0.23529950310202208	1.9138852590577675	31400.0	71173.33333333333	47265.0	0.4538216560509554	0.6643393631651328	57.76284259254689	0.06335159232713519
PSIX	44.869998931884766	-1.4712384061769614	-2.2653036789020318	23.201540878013056	332400.0	363020.0	438681.6666666667	0.738526802930968	0.7577248498341622	17.182741028898917	-2.4372515896769187
POET	7.809999942779541	5.398112059437206	-7.134362848023093	6.548431433418049	7490240.0	7958210.0	10262968.333333334	0.9288897880302229	0.7298317364648077	80.31665395862333	-7.30631075879798
POOL	159.35000610351562	-2.424831005007716	-5.103616102238977	-13.429673622580784	706320.0	777973.3333333334	787971.6666666666	1.099652087475149	0.896377407817117	14.10812062328877	-5.275564013013864
PSNL	16.399999618530273	0.49019562011037376	0.9852207491816546	-2.554963203357478	1304120.0	2364760.0	3514866.6666666665	0.7199462101862345	0.37102972137397344	80.78765591350299	0.8132728384067677
PLAY	6.760000228881836	5.460224489880935	-0.44182228482670444	-22.02998651216336	1865680.0	2825946.6666666665	2132410.0	0.9215672860068131	0.8749161746568437	89.03626982374846	-0.6137701956015913
PPTA	20.329999923706055	-6.828596663416074	-14.146960888076975	-18.842313202035662	1145740.0	984156.6666666666	1109440.0	1.2656521488787356	1.0327192096913758	1.6879323225248015	-14.318908798851862
PTRN	17.40999984741211	3.8163349563425313	-13.982213219905143	-15.444391848516318	1533940.0	1585966.6666666667	1703495.0	0.714895226885811	0.9004663940897978	71.55841046729552	-14.154161130680029
QCOM	180.7899932861328	-3.568382010808607	-6.919632774053882	7.249205333669339	10151480.0	13540296.666666666	12504168.333333334	0.9070406876855727	0.8118476758616893	22.561130506881213	-7.091580684828769
QUBT	7.940000057220459	-7.351221237315129	-11.383928310088054	-0.25125604058627005	6003460.0	6807633.333333333	7781478.333333333	1.2082025569336383	0.77150635686835	0.3156134825379411	-11.55587622086294
QFIN	6.554999828338623	-7.021281546158987	-17.33921853423381	-24.827985921930168	2530580.0	2927710.0	2078173.3333333333	1.0889056634707672	1.2176943854538922	48.746640413600545	-17.511166445008698
QNST	14.989999771118164	5.489090294702812	-13.151798538016187	-20.095951022215832	1054060.0	1067623.3333333333	1000546.6666666666	0.892168586299163	1.0534840953612026	78.04719849473335	-13.323746448791074
RAPP	32.189998626708984	-3.7380384310231634	-18.835101486241072	-32.44491585330492	401880.0	431720.0	361931.6666666667	0.4597887519688687	1.1103753470959066	14.047027663666327	-19.007049397015958
RCEL	13.25	13.53898811805164	22.23247060413332	21.115178320105244	361880.0	304550.0	450238.3333333333	1.3741585946478412	0.8037520868577013	96.42665829448175	22.060522693358433
PWP	15.800000190734863	7.923496039678583	17.472122043086653	-6.67454278837466	4375600.0	1842786.6666666667	1501973.3333333333	1.5104841218733946	2.9132341453021806	49.03212913185724	17.300174132311767
REFI	9.8100004196167	-7.973728329853228	-9.16666438550129	-9.668501567722954	246840.0	213883.33333333334	193686.66666666666	1.1113535416504323	1.2744294909303686	16.03811584646165	-9.338612296276176
PRDO	31.540000915527344	5.098302815649513	-2.443553574959918	-4.971370230349567	813060.0	666956.6666666666	729650.0	0.9715773638467268	1.1143150825738368	48.185756800879986	-2.615501485734805
RENEF	12.710000038146973	0.0	0.0	0.0	0.0	0.0	0.0	None	None	100.0	-0.1719479107748869
RLAY	19.389999389648438	9.609942364432962	6.59702485079113	1.9989434833844453	2980540.0	3306640.0	2738070.0	0.8879103863740837	1.088555077116363	94.17022211621817	6.425076940016243
RIOT	19.31999969482422	-10.63830275267803	-20.099257853653825	-8.60927032815059	14848560.0	15679630.0	18718191.666666668	0.8308359317152254	0.7932689366805821	7.542274130443502	-20.27120576442871
RICK	26.030000686645508	-5.5857781110814395	-7.891010347399996	-9.429363625799432	32960.0	48823.333333333336	49695.0	0.6247013040213013	0.6632457993761948	0.6982186500336383	-8.062958258174882
RDWR	30.68000030517578	4.141212690485606	4.000001034494174	7.535925575833084	403380.0	327046.6666666667	294263.3333333333	1.280551195548036	1.3708129906319737	90.6296401755659	3.828053123719287
RNA	7.96999979019165	-5.344421401720012	-13.275297561447397	-45.410961767458936	310780.0	359956.6666666667	252156.66666666666	0.7453674979395668	1.2324877391039963	39.58495197546042	-13.447245472222283
ROCK	40.31999969482422	-0.567199868221257	-3.3557082572283576	-11.907364449272153	288400.0	321226.6666666667	323318.3333333333	0.9438817864851402	0.892000144336593	81.02196990812101	-3.5276561680032446
RUN	7.610000133514404	-0.7822678250680316	-13.424343952896518	-14.781636355558822	7546040.0	7327980.0	8366313.333333333	1.2933987265249087	0.90195522201336	24.649304936064198	-13.596291863671404
RYTM	92.44999694824219	-6.1992702533491615	-6.455534518474282	-11.860046252068097	785880.0	625060.0	641925.0	1.6433622372252263	1.224255169996495	0.6106460284640889	-6.627482429249169
RRR	51.060001373291016	1.209119130082687	1.510938663534823	-10.56226793340363	1299840.0	1134180.0	914160.0	1.0798109647498633	1.421895510632712	84.590839931306	1.338990752759936
ROOT	47.41999816894531	1.4765645912008574	-4.740861125398559	-14.388881221386326	186120.0	193150.0	233833.33333333334	0.7900595392182241	0.795951532430506	93.730554317761	-4.912809036173446
SBAC	161.82000732421875	-0.9851223298751847	-8.202854297260394	-15.507516857607346	853880.0	909013.3333333334	952030.0	0.9333196432762262	0.8969045093116813	77.33495329997861	-8.37480220803528
SAMG	10.520000457763672	1.348750884192977	15.73157625050936	5.728649843468016	107400.0	95600.0	79565.0	0.8378661087866108	1.349839753660529	53.652523176829845	15.559628339734473
SAIA	346.1400146484375	4.811510870079485	-0.5459124956431958	0.0954330679198574	351320.0	365933.3333333333	434365.0	1.1425578429586447	0.8088128647565987	54.35819155857893	-0.7178604064180827
SG	9.09000015258789	10.315538896603414	21.524065901190035	36.077850092529964	5881040.0	5089833.333333333	5899408.333333333	0.8900684370804546	0.9968864109253894	81.95629509161336	21.35211799041515
SFNC	22.709999084472656	-0.5256278564801606	0.26489830884278	-1.1749367412624259	1620600.0	1363833.3333333333	1417891.6666666667	1.119711597213736	1.1429646129523294	37.85992604235842	0.0929503980678931
RGEN	189.5	-2.364880428922218	4.864143079829953	11.72690249282065	1377840.0	1095020.0	1155876.6666666667	1.473580391225731	1.1920302915824352	71.62775002744947	4.692195169055066
REYN	22.229999542236328	0.6793461007634665	0.6337681696757991	1.8323390743391534	1358220.0	1582493.3333333333	1373916.6666666667	0.7894504031612561	0.9885752410990477	65.34299587622543	0.46182025890091216
SILC	61.16999816894531	19.729884490608743	25.528419338331243	52.65784535767428	145480.0	166410.0	182256.66666666666	1.0846703924043026	0.7982149715602539	98.84319846820615	25.356471427556357
RVMD	207.67999267578125	2.9443774268254708	7.740194331877405	-1.5127815788270205	1733020.0	2046546.6666666667	1911101.6666666667	0.6959528571707787	0.9068172720621003	94.62544512624925	7.568246421102518
RCMT	41.59000015258789	2.2621146423976746	3.7157150502845613	2.666013023457988	69940.0	79436.66666666667	72106.66666666667	0.5324996852838739	0.969951923076923	43.38344215656247	3.5437671395096744
SKWD	55.189998626708984	2.9856287918742037	-1.9628733958213223	-4.992256013533015	285640.0	365150.0	439703.3333333333	0.5989319457757086	0.6496198194237024	85.32075999005173	-2.134821306596209
SLN	10.140000343322754	-9.46428110708988	-17.22448699328364	-31.440159773656134	1153840.0	821166.6666666666	1137743.3333333333	1.1889182058047494	1.014147889242741	2.6723293464416855	-17.396434904058527
SBGI	12.640000343322754	-1.327088764443866	-4.314910622090924	-9.260588180846769	542680.0	452416.6666666667	484513.3333333333	1.16153987843065	1.1200517357623458	68.02126995124878	-4.486858532865811
SNDK	1704.1600341796875	-0.5096638076054046	-3.536656022205155	9.592990622584582	7181140.0	9886603.333333334	13084246.666666666	0.6555031876468527	0.5488386288447634	22.212620029709967	-3.7086039329800418
SHAZ	47.70000076293945	-9.846908144959073	-20.407140797528246	-13.225396209424863	1456380.0	1448293.3333333333	1856551.6666666667	1.070777558873893	0.7844543333473976	12.374662772725387	-20.579088708303132
SFD	18.729999542236328	-2.142110033889819	-5.689834004971015	-14.97957803700672	1625940.0	1962456.6666666667	1698176.6666666667	0.8820576929936457	0.9574622192822497	40.438341744096654	-5.861781915745902
SGMT	9.029999732971191	-9.15492842885028	-16.388892838003144	-17.307695330751194	2311900.0	1314106.6666666667	1259906.6666666667	1.1632997828689704	1.834977194077868	18.78385399623707	-16.56084074877803
SBUX	94.43000030517578	-0.8817008160897826	-0.4952594448325244	-10.763560217819142	6601380.0	6692383.333333333	6922643.333333333	1.3183195822116187	0.9535923898048578	32.78877905627104	-0.6672073556074113
SHOE	12.819999694824219	-2.9523114473621233	-1.6871186171195804	-6.080585691587167	1050360.0	1327420.0	1005941.6666666666	0.6105829353181359	1.0441559732588868	65.9044639134676	-1.8590665278944674
SLGN	34.9900016784668	-2.6703729182178795	-5.661899340743384	-15.707051088181265	1159780.0	1242230.0	1328190.0	1.084581760221537	0.8732033820462434	62.31551266707238	-5.833847251518271
SNEX	67.43000030517578	2.32169763865035	-0.0741005472292625	-3.034225744280121	987720.0	868176.6666666666	970017.5	1.2315465746219088	1.0182496707533626	91.28767679335118	-0.24604845800414937
SNY	39.5099983215332	-4.055371469807107	-7.035298066980698	-10.873005437470805	4431980.0	2646963.3333333335	2884591.6666666665	1.434738423526834	1.536432366221678	6.449328044390924	-7.207245977755585
SONO	17.940000534057617	-0.16693812155341187	9.657700884841848	11.014855838198292	2400240.0	1966196.6666666667	1969966.6666666667	1.3650719917810865	1.2184165552716628	77.69816696909176	9.485752974066962
SRPT	17.489999771118164	-6.968082548428903	-13.157893241507848	-23.923445214251505	2199140.0	2970503.3333333335	2989768.3333333335	0.739975604583286	0.7355553189461167	3.4294280022728714	-13.329841152282734
SMPL	9.9399995803833	3.541658181283546	-0.2008078081031102	-13.489993225509203	2349480.0	2266180.0	2258128.3333333335	1.0964707128295192	1.0404545947713335	83.03331890779384	-0.3727557188779971
SPSC	80.45999908447266	-0.6789322765760454	-1.4574432567880353	-4.45315288061968	461720.0	500603.3333333333	556363.3333333334	1.357761634294618	0.8298893408983338	16.444174033996163	-1.6293911675629222
SHEN	11.199999809265137	-1.3215909001156003	-7.6669439109782385	-10.756974987668725	930320.0	943806.6666666666	717296.6666666666	1.2252509341602447	1.2969807936279272	63.54502832058225	-7.838891821753125
STEP	46.08000183105469	6.88935555243293	-2.887247439108147	-9.487326715446736	1316040.0	1084496.6666666667	1208318.3333333333	1.188200978026673	1.089150072207793	96.10936335213934	-3.059195349883034
SIBN	19.809999465942383	5.597010790245234	7.371266378128078	6.276824649166538	619320.0	572530.0	541875.0	1.1038722861684105	1.1429204152249135	85.12685196464372	7.199318467353191
SWBI	14.699999809265137	4.7754817465848705	6.444600742982018	19.804394953904968	437500.0	616426.6666666666	532068.3333333334	0.8093420141893062	0.822262804589636	97.28097126698245	6.272652832207131
SYRE	92.72000122070312	8.077864822497634	0.7497581772884618	6.26934237329871	1337920.0	1311463.3333333333	1130060.0	0.490139513368019	1.18393713608127	80.44035774196328	0.5778102665135749
SLDB	7.059999942779541	-3.021981602863171	-17.33021107358826	-32.24568242718715	1451020.0	1220936.6666666667	1089598.3333333333	1.1234816984773985	1.3317017433029603	59.99736186720576	-17.502158984363145
SPRB	45.41999816894531	-4.399074355766982	-15.418999024872464	-21.29613777594751	73480.0	101910.0	78351.66666666667	0.6387989402413895	0.9378230626874561	32.57451218299141	-15.59094693564735
SSNC	79.08000183105469	1.3846177321213942	-1.6417906340453754	-6.557952974693181	1239220.0	1529523.3333333333	1679516.6666666667	0.8809280451208111	0.7378432287066715	88.55140304810821	-1.8137385448202623
SYBT	77.61000061035156	-0.5255012180922465	-1.5226455848447558	-3.3258572615148934	146660.0	153576.66666666666	164910.0	0.8223905541206347	0.8893335758898794	38.68145723802185	-1.6945934956196427
TCBK	52.27000045776367	0.7323204328097198	-1.4331479144402877	-3.756215915933655	269940.0	269196.6666666667	376651.6666666667	1.1296573756485344	0.7166834077463261	57.819587501214436	-1.6050958252151746
TER	444.5299987792969	10.772492474789347	16.509406306982	31.288580166935905	2175480.0	2399843.3333333335	2887171.6666666665	0.6992956484659415	0.753498666226405	81.14997316107987	16.337458396207115
SMBC	71.9000015258789	0.5594426935369318	-0.18047654535756155	-2.05694327871265	72700.0	90043.33333333333	92521.66666666667	0.837374597416059	0.7857618936105056	49.36912315559895	-0.35242445613244844
TECH	72.58000183105469	0.09653798477719612	0.1517877859785901	0.17944083959779136	2632840.0	2743213.3333333335	3060288.3333333335	0.7608595272697226	0.860324163354978	86.95356830417231	-0.02016012479629678
TGTX	53.90999984741211	-4.057659432319536	-5.685794276899639	-4.937399545518939	1766320.0	1806736.6666666667	2033740.0	0.8556310548853273	0.8685082655600027	25.53680282449983	-5.857742187674526
STNE	11.539999961853027	24.487587831651286	18.84654908874013	11.82170836342829	10355000.0	6601940.0	5427138.333333333	4.459749709933747	1.9080036962389326	99.75638979818729	18.674601177965243
STRC	99.4800033569336	0.3834559925969466	0.7086501177234591	1.6969982286732803	1803980.0	1573463.3333333333	1417070.0	0.8839735699804466	1.2730352064471055	67.4234366562344	0.5367022069485722
STTK	6.5	1.0886496660990352	6.382976398746363	-6.6091959141632834	1883720.0	1302890.0	1196275.0	0.9512698692905771	1.5746546571649496	16.93396872159346	6.211028487971476
TITN	25.329999923706055	7.925013484313215	6.428574519712769	10.95050375976597	194940.0	283930.0	232278.33333333334	0.6181100975592576	0.8392517597422632	88.20899980421301	6.256626608937882
TMUS	164.63999938964844	-1.087412190915552	-0.38119735373993585	-12.43484967106606	3977140.0	4733523.333333333	4689710.0	0.9076114550331431	0.8480567028664886	77.99452182120645	-0.5531452645148227
TRNS	90.56999969482422	5.375221536498865	2.733661448054868	5.682617176198069	153700.0	115586.66666666667	124178.33333333333	0.7933440996654747	1.2377360516461542	91.54026818890497	2.561713537279981
TRIP	8.789999961853027	4.518431882705087	-0.1136389621032593	-5.3821313461046305	3097680.0	3982653.3333333335	3721405.0	0.9061546908426208	0.8323952915632671	97.59155117896074	-0.2855868728781462
SUNS	5.940000057220459	-15.864021170489345	-18.06896472799367	-20.48192471143212	127300.0	77486.66666666667	77406.66666666667	1.5925320485244772	1.6445611919731289	0.171442696578751	-18.240912638768556
TSLA	378.7300109863281	5.953279634236444	0.9139417279308625	0.6270467624300935	40050400.0	38689666.666666664	38108001.666666664	1.0884792666431176	1.0509708787756342	94.17072179892779	0.7419938171559756
TTAN	72.16000366210938	20.427246106805924	27.64904514474661	-22.491938942224994	2019420.0	3406213.3333333335	2352253.3333333335	0.545356329217978	0.8585044694732427	97.2697668539069	27.477097233971723
TWST	205.0	14.142535096488048	23.620573922957057	59.27277546937874	3066620.0	2106170.0	1837453.3333333333	1.521719519317054	1.668951229600389	92.62621738142391	23.44862601218217
TXRH	158.97000122070312	0.3281819390825216	-3.9688246537944325	-15.915580623323075	1341800.0	1074556.6666666667	955968.3333333334	2.0075255841944117	1.4036029784808073	83.69402972904548	-4.140772564569319
TASK	8.079999923706055	-0.2469192200216025	-6.589592138283444	0.0	511620.0	472950.0	693190.0	0.4727772491806745	0.7380660424991705	46.99393404150658	-6.761540049058331
TRDA	5.480000019073486	-11.897102830856578	-17.46987757133904	-23.570432904290737	372220.0	323826.6666666667	356333.3333333333	1.4322477045332893	1.0445837231057062	26.468565408167493	-17.641825482113926
TPG	44.5	2.3223690102391594	-4.342219341974568	-16.39267021935818	2706080.0	2570033.3333333335	2673326.6666666665	0.7742312032269361	1.0122519008775583	49.841224863366385	-4.514167252749455
TRS	38.93000030517578	-1.2179638266805213	2.8262009444650213	0.20592492714762556	278720.0	326210.0	375375.0	0.7026148799852856	0.7425108225108226	49.27011666402358	2.6542530336901344
THRM	32.22999954223633	-4.105923960293553	-11.163173575881356	-19.46526943134036	2818400.0	773213.3333333334	625745.0	6.885163214981635	4.504071147192547	44.57631455411207	-11.335121486656242
UCTT	74.0199966430664	-5.187656036363881	1.32784880326607	11.15783257814659	1412240.0	883336.6666666666	1114843.3333333333	1.5772015954656775	1.266760949969054	30.83073861702536	1.155900892491183
UPBD	15.720000267028809	-0.4433166244036138	-6.9271708993470975	-15.800748779914956	1245740.0	928930.0	975975.0	1.7736535583951427	1.2764056456364148	36.883810405444336	-7.099118810121984
UPWK	8.359999656677246	3.5935560448536568	-0.11947704920629114	-9.031555621370732	2351180.0	2641226.6666666665	3272675.0	1.2050461401772914	0.7184275859961652	71.02504469697746	-0.291424959981178
UTMD	73.30999755859375	-1.584105704142744	-1.5708992287940384	3.6769884143472327	26460.0	31993.333333333332	33988.333333333336	1.0595957491143988	0.7785024273034864	10.055196985497261	-1.7428471395689253
TTEK	33.33000183105469	-1.6523976650315284	-7.313674417065233	-8.156514218235158	2154180.0	2186326.6666666665	2554223.3333333335	1.289102878801277	0.8433796574823136	49.239199130474184	-7.48562232784012
UNIT	7.949999809265137	-8.09248370098858	-15.96194738681645	-21.828911016466776	3648960.0	2286110.0	2232776.6666666665	1.6794030033550442	1.6342700344712788	17.27147750830551	-16.133895297591337
TSCO	31.420000076293945	-2.0268151690540144	-2.8147284355753954	-9.190747219846305	11570380.0	9485033.333333334	10509821.666666666	1.7626084603463	1.1009111635735018	53.297049886251216	-2.9866763463502823
VISN	6.199999809265137	1.80623405453451	-4.320990879385587	-2.6687610572700153	6020400.0	8770596.666666666	8124575.0	0.5015736291601598	0.7410110682712634	73.91285049667118	-4.492938790160474
VNET	5.449999809265137	-8.862879734412866	-24.723757160790285	-11.382118296706684	5559100.0	4522306.666666667	4384546.666666667	1.340134680531764	1.267884783223503	54.03812091875131	-24.89570507156517
UFPI	78.04000091552734	-1.7375941642335282	-2.7781186256368007	-6.201918536036511	408220.0	428943.3333333333	436606.6666666667	1.0628443539550678	0.9349834328380998	75.82523021427696	-2.9500665364116876
ULH	17.6299991607666	1.3218364786134145	2.9789620124577043	-4.547916533925042	61200.0	55623.333333333336	51056.666666666664	1.97039611673758	1.1986681465038846	37.37654792688159	2.8070141016828174
VCTR	115.27999877929688	5.1824821024217	6.978467422039958	1.6040892909484354	641400.0	731136.6666666666	644553.3333333334	0.9761512895445904	0.9951077231778078	99.7649431395427	6.806519511265071
WAFD	30.170000076293945	-2.2042149003804496	-6.565502567743659	-16.147858643305764	1440180.0	1210820.0	892720.0	1.0055169224162137	1.6132493951070885	37.10417478152925	-6.737450478518546
VLGEA	45.459999084472656	-1.409675812784489	2.6185098586676165	4.194357028551124	35740.0	52610.0	52471.666666666664	0.6633719825128302	0.6811294984594861	32.92534568539641	2.4465619478927296
VSAT	69.79000091552734	-2.5959533436712605	-8.627908581910464	-2.691021015513669	1646760.0	1649686.6666666667	1858771.6666666667	1.3647440119941967	0.8859399083444891	28.84393191414199	-8.79985649268535
VRM	9.020000457763672	-7.487174792167468	-4.347824328140006	-11.394890104495722	6980.0	46670.0	28320.0	0.280694236125991	0.2464689265536723	12.360236824821428	-4.519772238914893
WEN	6.099999904632568	-4.538340655905569	-8.955222712138807	-22.588834821795427	5552000.0	6552936.666666667	7915911.666666667	0.9220904011992587	0.701372151912593	6.592836339473521	-9.127170622913694
VOGX	17.149999618530273	-22.045456279407848	-41.86440807277874	-46.656302318600176	85620.0	151513.33333333334	None	0.40194482333788	None	4.739182013404729	-42.03635598355363
WATT	12.8100004196167	0.5494556495772318	-0.9280733389545782	20.281698389248497	118720.0	149216.66666666666	176098.33333333334	0.672847090360773	0.6741687882717042	30.525869135699267	-1.100021249729465
URGN	42.779998779296875	4.596570130268642	-0.9722267968173062	-4.679149373528636	756580.0	736253.3333333334	829810.0	1.7337782285083032	0.9117508827321917	96.26181229272049	-1.144174707592193
VRSK	163.27999877929688	-2.6762862125652855	-5.080807624746274	-14.333686489695674	1262500.0	1222680.0	1406265.0	0.881260836850198	0.8977682015836276	11.124516833284801	-5.252755535521161
WEYS	50.189998626708984	6.470087561626703	13.040533562719206	13.577732940624093	40940.0	30556.666666666668	26626.666666666668	1.0406894294752917	1.5375563345017527	55.24079105788861	12.86858565194432
WHF	7.070000171661377	1.4347257457661544	-0.14123943718128354	-0.2820871720180932	95320.0	92370.0	73281.66666666667	1.725668507091047	1.3007346084741522	78.02687360404697	-0.3131873479561704
WRLD	176.27999877929688	2.859139781116782	3.033492636913945	-8.034220828948396	62100.0	64416.666666666664	91128.33333333333	0.9795601552393274	0.6814565539440716	93.20139020391018	2.861544726139058
WINA	293.8599853515625	-1.9289911274555933	2.6800317428022598	-7.416511971515388	77280.0	86976.66666666667	67876.66666666667	1.050856551565554	1.138535579236851	9.335055416929478	2.508083832027373
WSC	17.06999969482422	-4.476782914597215	-5.690611408494741	-12.281600730163671	2973700.0	2765756.6666666665	2778581.6666666665	1.1417490331157116	1.0702222776728416	15.882164433211614	-5.862559319269628
WTW	288.1099853515625	-1.3693472324083302	-6.098044953400071	-15.772090449655632	598120.0	521046.6666666667	543845.0	1.3868239569072507	1.099798655867021	26.23549134060886	-6.269992864174958
VEON	76.94999694824219	10.862977796165804	10.449259323422604	16.15093878979953	198980.0	171433.33333333334	124535.0	1.3048804199883335	1.597783755570723	94.80161726197056	10.277311412647718
VSTM	8.0	2.960103212845318	0.12515931374596836	0.25062632680088337	2459200.0	2254926.6666666665	2195143.3333333335	0.9829144480677865	1.1202913097550198	69.74799064327198	-0.04678859702891852
XPEL	44.9900016784668	4.725332023407466	-1.1425986865404214	-11.611001316782495	179000.0	190726.66666666666	208558.33333333334	1.1235974693278339	0.8582730650897031	91.95557068690131	-1.3145465973153083
XMTR	107.69999694824219	4.421172760886607	8.208578588513703	15.75665938140404	711320.0	763076.6666666666	754648.3333333334	1.1135185193274595	0.9425847359366062	84.10552931471146	8.036630677738817
YSWY	20.059999465942383	3.3487873448743812	-1.6666674458123647	-16.521020005252947	434320.0	322003.3333333333	331955.0	0.9167606960590471	1.308370110406531	42.36465570792745	-1.8386153565872516
XEL	71.48999786376953	3.02637050380832	-0.5010447014570605	-6.353155235499852	5024620.0	5689873.333333333	5286103.333333333	0.7885764299381006	0.950533821069206	91.91615801366027	-0.6729926122319474
VINP	10.720000267028809	15.392898934851521	13.080177053468137	8.832485805744392	81020.0	52710.0	43978.333333333336	3.6786188579017263	1.8422708151741387	98.87748806347066	12.908229142693251
WYNN	77.16999816894531	-4.1604553077307695	-7.381182847340961	-15.716469826727081	2543040.0	2167243.3333333335	1831973.3333333333	0.9093118293131213	1.388142476600824	50.60573002766333	-7.553130758115848
WDAY	188.9600067138672	0.19088048711619415	-1.5423048579192216	-8.67967891649323	1997780.0	3076186.6666666665	3949268.3333333335	0.707531835952738	0.505860790247645	69.91733622609647	-1.7142527686941085
ZBRA	375.6600036621094	1.019175678244094	7.074452053156118	5.079721304086538	399940.0	541820.0	673341.6666666666	0.6428334133106935	0.5939629460031436	67.30674399451115	6.902504142381231
ZM	93.62000274658203	7.239403750166265	2.992300522600927	-4.605661984081044	2612780.0	3281006.6666666665	3124286.6666666665	0.6408703832766773	0.8362804949609831	76.98636730288136	2.8203526118260402
ZION	63.279998779296875	0.14242784387377658	-2.616196506329239	-8.700041829029347	1386900.0	1453720.0	1526788.3333333333	0.8994166689596346	0.9083773891382019	86.04408402793797	-2.788144417104126
ZUMZ	13.729999542236328	-2.899581266842316	-0.9379517868767667	-22.42938446090679	312000.0	348996.6666666667	287558.3333333333	0.8613262781879483	1.0849972469354046	73.86998797782792	-1.1098996976516535
WMT	105.06999969482422	-3.3661395650789157	-2.2058848592027367	-3.089834468453839	24193520.0	23772950.0	24016386.666666668	0.8085155607528725	1.0073755197145948	64.90892052318063	-2.3778327699776236
ZYME	26.209999084472656	-3.355463593659923	-2.2379723738224113	-12.34113906734223	1055000.0	852086.6666666666	664261.6666666666	1.2170123539859012	1.5882295380585463	63.0277824968564	-2.4099202845972982
WLFC	42.84000015258789	-18.087952624230944	-21.739132555708412	-22.824713658891284	275680.0	181636.66666666666	222038.33333333334	2.6371327375162874	1.2415874135847413	0.500229658841377	-21.9110804664833
XXI	6.679999828338623	-0.8902068963955921	1.0589968745885838	4.374995762482349	1552900.0	2331780.0	2001003.3333333333	0.5064800281330143	0.7760606762274259	61.15468558530714	0.8870489638136969
WW	14.869999885559082	-1.0645365951745094	-9.273944848645655	-16.036134080907775	480200.0	281006.6666666667	232925.0	0.3156508742378591	2.0616078136739295	54.934008960510624	-9.445892759420541
