WBTN	5.0	5.3	4.2	27
GLUE	3.8	3.8	3.8	30
ENB	4.9	5.0	4.7	32
TRGP	7.0	7.5	6.0	32
LNC	6.0	6.3	5.3	31
FAGR.BR	6.1		6.1	16
DMP.ASX	5.3	5.5	4.9	27
GALE.ZU	4.8	4.8	4.7	27
VRNS	5.7	6.0	5.1	29
IPAR	6.1	6.0	6.5	32
ELE.MC	5.6	5.5	5.8	30
5803.T	5.7		5.7	14
3407.T	5.7		5.7	17
EGRX	6.9		6.9	15
BL	5.7	5.8	5.4	31
INTEAb.ST	6.5		6.5	17
IBM	5.2	4.7	6.4	32
CGAU	7.3	7.5	6.9	30
TTWO	4.3	4.5	3.9	31
VLY	6.0	5.7	6.8	28
NVCT	5.4	6.2	3.6	23
AVY	6.2	6.2	6.1	32
WINA	5.8	5.7	6.1	29
TTE	8.1		8.1	17
PRU	5.5	5.0	6.8	32
ACS.MC	6.6	6.7	6.4	28
ALXIL.PA	4.9		4.9	9
MNRO	4.3	4.2	4.7	31
VIA	5.0	5.3	4.3	28
SKB.DE	5.1		5.1	16
T3T1.DE	5.3		5.3	14
ECPG	7.0	7.3	6.4	31
2238.HK	3.6	3.3	4.4	27
LKFT	5.8	6.3	4.7	30
CSX	6.1	5.7	7.1	32
GFS	6.6	6.3	7.2	32
NRR.L	5.9	5.7	6.4	27
PMVP	5.3	5.7	4.3	26
DHI	5.2	4.8	6.2	32
INOD	6.2	6.3	6.0	31
SILC	5.8	6.5	4.3	28
STMMI.MI	6.7	7.0	6.0	26
ARM	5.8	5.8	5.8	32
KWS.DE	6.3	6.2	6.5	27
BRX	5.4	5.2	5.8	32
CHG.DE	4.9		4.9	14
NBA.LS	5.0		5.0	15
OSB.L	4.9	4.8	5.3	23
BMO	5.6	5.5	5.8	26
02269.HK	6.9		6.9	16
MICC.L	5.4	5.3	5.7	29
GNFT.PA	5.3	5.8	4.2	24
BA	5.6	5.8	5.0	32
BIRK	6.2	5.7	7.2	32
OEMb.ST	5.3		5.3	17
IESC	7.1	8.0	4.9	30
TAL	6.9	7.0	6.8	31
VASTB.BR	6.1		6.1	16
CPK	5.0	4.3	6.7	32
TARS	4.8	4.8	4.7	28
AVAV	4.3	4.3	4.3	31
NXI.PA	5.1		5.1	15
FHI	7.0	6.5	8.2	32
HAVAS.NV	5.9	5.5	6.9	27
EMAAR.AE	7.5		7.5	17
VOYG	4.3	4.5	3.8	29
REX	5.8		5.8	15
6273.T	7.2		7.2	15
ADM.L	5.7	6.0	5.1	27
ZBRA	6.3	6.0	6.9	32
MKTW	4.3		4.3	16
PBEE.L	5.1	5.5	4.2	27
ALGM	6.2	7.0	4.4	32
BOQ.ASX	3.9	3.3	5.4	24
CRL.MI	6.9	7.3	6.0	30
VAL.US	7.0	7.8	5.0	32
AX1.ASX	4.7	4.0	6.2	26
PXEN.L	3.2		3.2	10
BASS.PA	5.4		5.4	16
TUB.BR	3.8		3.8	12
MANU	3.8		3.8	16
OPTU	3.8	3.3	5.1	29
HRMY	6.7	6.0	8.3	32
INBX.CVR	5.0	5.0		0
SGHC	6.7	7.0	6.0	32
TNG.PA	3.2		3.2	15
TKMS.DE	5.2	5.3	5.0	28
1179.HK	6.5	6.5	6.4	29
AIR.PA	5.8	5.7	6.0	30
LYG	6.2		6.2	15
ABEO	4.4	4.6	3.8	29
GPMT	4.6	4.8	4.3	26
PETS.US	3.4	3.3	3.6	29
SMT.L	5.3		5.3	2
FPH.ASX	6.6	6.8	6.0	27
BAIN.PA	5.7		5.7	14
STE	6.3	6.3	6.2	32
ISRLF	3.8		3.8	8
HIFS	5.8		5.8	12
8795.T	6.1		6.1	15
VAR.OL	6.2		6.2	17
XIFR	5.5	5.2	6.1	30
REVB.L	3.8		3.8	13
SYNT.L	5.8	6.5	4.2	25
ANA.MC	5.7		5.7	16
SAX.DE	5.5	5.3	6.1	30
ALFLO.PA	5.8		5.8	13
FIZZ	5.4	5.7	4.6	31
GRLA.CO	5.6		5.6	11
TLS.ASX	4.8	4.3	5.8	26
AAG.DE	6.1		6.1	16
TTMI	6.6	7.0	5.6	32
ICE	5.9	5.5	6.7	32
ADN1.DE	5.9	5.8	6.1	28
BMPS.MI	6.0	6.2	5.4	26
JDAN.CO	6.2		6.2	14
00016.HK	7.4		7.4	16
1833.HK	4.8	4.7	4.9	27
NKT.CO	4.6		4.6	15
JY0.DE	4.9		4.9	10
6976.T	5.7		5.7	15
RTO.L	5.3	5.2	5.7	28
RKT.L	5.2	4.8	6.1	28
ENIC	5.4	4.8	6.7	28
BFLY	5.6	6.2	4.2	29
PRLB	6.2	6.5	5.6	31
CWY.ASX	5.6	5.5	5.7	27
NOVT	5.5	5.7	5.1	31
RKT	5.1	4.7	6.0	31
BKE	6.8	7.0	6.5	31
ALAVI.PA	5.8		5.8	16
ALL.ASX	6.9	7.0	6.8	28
CBRAIN.CO	6.1		6.1	16
KOSKI.HE	4.4		4.4	17
ALI1.DE	5.8	6.0	5.3	27
RELAIS.HE	6.4		6.4	17
AVAH	7.1	7.7	5.8	32
TTAM	6.3	6.2	6.7	31
4.HK	6.1		6.1	15
6857.T	6.1		6.1	17
GLPI	6.0	5.8	6.4	32
3606.HK	5.7	5.5	6.2	30
NVG.LS	6.0		6.0	14
SYM	5.4	5.2	5.8	31
ORR.L	3.2		3.2	12
SSTK	5.8		5.8	13
7261.T	6.4		6.4	17
JD.L	5.8	5.7	6.0	28
IQ.US	4.2	3.7	5.3	30
OFIX	5.4	5.7	4.7	30
GOLF	6.0	6.3	5.3	31
LCLN	6.5	6.8	5.8	24
AMWL	5.3	5.8	4.3	28
SLDB	4.8	4.7	4.9	26
DRD	6.1	5.5	7.6	27
VCT.L	5.9	6.2	5.1	26
EAAS.L	4.9	4.7	5.4	26
UNIT	5.8	5.7	6.1	29
KRNT	5.8	6.2	4.7	29
ORKA	4.9	5.5	3.5	26
TA1.DE	5.5	5.5		3
INW.MI	5.2	4.8	6.1	29
HRL	5.6	5.8	5.0	32
1812.T	4.9		4.9	15
NRC	5.8	6.5	4.3	30
CERS	5.4	6.2	3.6	29
KNSA	6.3	6.7	5.4	32
FRMM	4.4	4.5	4.2	28
ACIC	6.1	6.1	6.0	31
EFXT	5.9	6.2	5.3	30
TESB.BR	5.4		5.4	15
AIOT	4.5	3.8	6.0	31
SIX2.DE	5.7	5.7	5.6	29
BPT.ASX	5.8	5.2	7.1	27
LGN	5.6	6.0	4.7	30
AMT	5.8	5.7	6.2	32
GDWN.L	4.2		4.2	13
OCFC	5.3	5.0	6.1	28
SMWB	5.5	5.7	5.1	28
BOKU.L	5.6	5.8	5.1	28
CAP.PA	6.3	6.0	6.9	28
EXPN.L	5.5	5.2	6.2	28
SCLX	3.8		3.8	11
MTRX	4.5	4.2	5.1	30
SAFE.L	4.9	4.5	5.7	28
CROX	6.7	6.8	6.5	32
WTFC	5.9	5.7	6.4	28
PMTS	7.3	7.8	6.1	28
TNC	4.9		4.9	17
FICO	5.9	5.5	6.9	30
BCRX	6.1	5.5	7.4	29
AMAT	7.7	8.2	6.4	32
FCPT	5.1	4.7	6.1	32
META	7.1	7.0	7.4	32
LZ	4.8	4.5	5.4	30
9999.HK	6.5	6.0	7.8	30
MTH	5.1	4.7	6.0	32
TMV.DE	6.1	5.5	7.5	30
GL	6.2	5.7	7.2	31
AMI.DE	4.6		4.6	9
EFSC	5.6	5.2	6.5	27
VTY.L	4.4	4.5	4.3	26
CTY1S.HE	6.8		6.8	15
HOVR	4.2		4.2	12
LB	5.8	5.8	5.8	31
QS	4.2	4.2	4.3	25
BBNX	4.3	4.3	4.4	30
GMAB.CO	5.4		5.4	17
GFF	7.3	7.8	6.1	31
FANG	6.4	6.0	7.2	32
SOI.PA	4.6	5.0	3.8	27
ABNX.PA	2.6		2.6	14
APAM	6.1	5.7	6.9	32
TPR	6.8		6.8	17
N91.L	6.8		6.8	16
ELPC	5.7		5.7	16
BE	6.5	7.0	5.3	32
ACMR	6.3	6.6	5.7	33
GSHD	5.6	5.5	6.0	30
AAQ1.DE	3.9		3.9	14
ALLDL.PA	4.6		4.6	16
BOC	4.7		4.7	13
ZTO	6.2	5.7	7.5	32
ADP.PA	6.1	5.8	6.9	28
SAMG	4.9		4.9	17
2016.HK	5.7		5.7	14
SAM	4.9	4.2	6.5	31
UBSI	6.2	6.0	6.7	28
NHP	5.0	5.0	5.1	28
IMB.L	5.8	5.5	6.4	28
VOW3.DE	5.1	4.5	6.5	30
MT.NV	5.7	5.7	5.7	30
ENVA	6.4	6.3	6.5	30
TEN.US	7.5	7.5	7.5	27
IDIP.PA	6.5		6.5	11
CPA	6.9	6.5	7.8	32
OMER	6.2	6.7	5.1	27
CR	7.5	7.8	6.7	32
EFF0.DE	4.4		4.4	10
ARBE	4.5	4.8	3.8	28
CRAV.PA	6.1		6.1	12
RH	5.1	4.8	5.7	31
HPK	6.1	5.8	6.9	28
PEABb.ST	5.4		5.4	17
BBY	6.1	6.0	6.4	32
LEG.DE	4.7	3.8	6.9	30
BIP	4.9	4.5	5.8	30
BLNK	4.1	4.0	4.4	27
HSW.L	5.5	5.3	6.1	28
9888.HK	5.3	5.2	5.7	29
SBLK	8.1		8.1	17
4042.T	7.1		7.1	15
ALNRG.PA	3.8		3.8	13
02319.HK	6.5		6.5	16
DNA	3.8	3.8	3.9	27
6920.T	5.4		5.4	17
NCH2.DE	3.8		3.8	15
QNT.US	5.0	5.3	4.4	22
4578.T	6.8		6.8	17
OM.US	4.7	4.8	4.4	28
CHAR.L	3.6		3.6	12
GEVO	4.1	3.8	4.7	29
JBS	5.8	5.7	6.2	32
UROY	5.5	5.5	5.6	30
ATCO-A.ST	6.1		6.1	17
SSP.US	5.1	5.3	4.6	28
UEIC	6.3	6.7	5.4	29
ALWTR.PA	4.4		4.4	9
MSTR	4.2	4.2	4.3	31
IRD	5.0	5.5	3.8	29
YELP	6.5	6.5	6.4	31
FORT.L	5.4	5.5	5.3	27
VH2.DE	6.9	6.7	7.5	27
OTF	4.9	4.3	6.4	30
XPEV	4.2	4.0	4.7	27
RGTI	4.1	4.0	4.2	28
ALECP.PA	4.4		4.4	13
ALKB.CO	6.0		6.0	17
INH.DE	6.6	6.5	6.9	28
RXL.PA	6.2	6.3	6.1	28
MERY.PA	4.9	4.3	6.2	28
JUN3.DE	4.8	4.2	6.1	30
FULC	4.1	3.8	4.7	26
2513.HK	5.4	6.2	3.5	24
CLNX.MC	5.5	4.7	7.2	28
WLDS	4.4		4.4	12
JBGS	4.5	4.2	5.1	27
LOPE	7.0	7.2	6.5	32
8053.T	5.6		5.6	17
KGN.ASX	5.0	4.8	5.6	27
MAQ.ASX	4.9	4.8	5.1	28
TKA.DE	6.0	6.3	5.3	29
WMG	6.2	6.2	6.1	32
EBF	6.4		6.4	16
AGM	6.6	6.5	6.9	29
PETS.L	5.2	5.3	5.0	27
RBLX	4.4	4.3	4.6	30
FMNB	5.6	5.3	6.4	27
WTRG	4.8	4.2	6.2	32
CHRS	4.8	4.7	4.9	28
SRG.MI	5.8	5.2	7.1	29
KOF	5.7	5.7	5.8	28
ENOG.L	5.0	4.7	5.8	26
CP	5.3	4.5	7.2	32
AMPX	3.8	4.0	3.5	28
WDAY	5.6	5.0	7.1	32
NXT.ASX	5.0	5.0	5.0	27
ZYME	4.4	5.0	3.1	30
NSLR	4.9	5.0	4.6	30
CENER.BR	5.4		5.4	16
PAC	6.0	5.7	6.7	30
FME.DE	5.8	5.3	7.1	30
6971.T	5.8		5.8	17
NF4.DE	4.9		4.9	16
GLXY	5.5	5.3	6.0	30
PSMT	5.7	5.8	5.6	31
DEMANT.CO	6.5		6.5	16
OLP	5.6	5.3	6.2	31
VRSN	6.5	6.7	6.2	30
2318.HK	5.5	4.7	7.5	28
NSIS-B.CO	5.6		5.6	17
101.HK	7.6		7.6	16
CRBG	6.0	5.5	7.1	32
XYL	6.1	6.0	6.5	32
TM	4.7		4.7	17
CMPX	4.1	4.2	3.8	25
PSA	5.3	5.2	5.7	32
AO.L	5.5	5.7	4.9	27
NVTS	4.3	4.7	3.5	29
APLD	5.2	5.2	5.3	30
SPCX.24-7	5.0		5.0	14
CWT	4.8	4.0	6.8	30
WS	4.4		4.4	14
EG	5.6	5.2	6.5	31
CMCL	7.4	7.0	8.3	30
CVI.US	5.5	5.3	6.0	32
VFS	3.5	3.5	3.5	21
FTV	5.9	5.5	6.8	32
BALL	6.3	6.3	6.4	32
CRI	6.8	6.7	7.1	31
GROW.L	5.8	6.0	5.3	8
GETY	5.7		5.7	14
UBER	5.6	5.7	5.4	32
BFST	6.2	6.0	6.7	28
VIR	5.2	5.5	4.6	30
TIGO	5.9	5.3	7.4	30
MLKN	7.0	7.2	6.4	32
SIHL.L	3.5		3.5	12
SCG.ASX	4.7	4.3	5.6	27
GVS.MI	6.7	6.5	7.1	30
MMM	6.4	6.3	6.5	32
AKA.US	5.5	5.8	4.7	28
NVST	6.6	6.5	6.7	32
RDNT	5.6	5.8	5.3	30
LIAB.ST	5.6		5.6	17
PHVS	5.2	5.7	3.9	26
6198.HK	7.6		7.6	16
MTW	6.1	6.2	5.8	31
ABBV	6.0	5.7	6.8	30
SIGI	5.2	4.8	6.2	32
CCP.ASX	6.1	6.0	6.4	25
RECT.BR	5.8		5.8	16
COGT	4.9	5.3	3.9	26
LIDR	4.3	4.3	4.2	27
ALHEX.PA	6.4		6.4	16
AEO	5.7	6.0	5.1	31
IBST.L	4.1	4.0	4.3	27
FVA.L	6.2	6.7	4.9	27
TEF.MC	4.8	4.2	6.2	28
GDS.PA	6.2		6.2	13
KNIN.ZU	5.6	5.8	5.1	30
AKR	5.5	5.0	6.5	32
NIBEB.ST	6.0		6.0	17
HLIT	6.2	6.0	6.7	31
HUYA.US	5.3	5.5	4.7	28
HRTX	3.8		3.8	15
CTKB	5.0	5.2	4.4	29
CAR	4.2	3.8	5.0	29
ALDRV.PA	4.7		4.7	8
STMPA.PA	6.5	6.7	6.0	30
ABVX	4.0	4.2	3.5	28
ALMRB.PA	6.4		6.4	16
GTLB	5.5	5.5	5.6	30
WIZZ.L	4.2	3.8	5.3	24
WOR	6.9	7.5	5.4	31
SOON.ZU	6.5	6.5	6.5	27
SDHC	4.8	4.7	5.1	32
ORC	5.7		5.7	14
ADC	5.2	4.5	6.8	32
EXL.DE	5.2	5.5	4.6	27
SMTI	5.1	5.5	4.2	28
PRMB	5.3	5.2	5.4	32
LILMF	4.3		4.3	9
RCKY	6.8	7.3	5.7	31
FLO	4.4	4.0	5.3	30
DOCN	6.9	7.7	5.1	31
GFR	5.2	5.0	5.7	28
PAAS	6.4	6.0	7.2	31
PAGS	6.8	6.5	7.6	32
9007.T	6.1		6.1	14
MRP	5.0	4.7	5.6	31
8306.T	6.4		6.4	14
NFX.L	3.8		3.8	10
API.L	4.6		4.6	9
PTCT	5.2	5.2	5.1	28
MCHB	5.3	5.3	5.4	28
VNT.ASX	6.7	7.3	5.3	29
TTR1.DE	6.1		6.1	16
XPP.L	5.5	6.2	3.9	26
MLYS	4.2	4.2	4.3	25
CRML	3.5	3.2	4.3	27
MGAM.L	5.7	6.0	5.0	27
PCRX	5.4	4.8	6.8	32
8766.T	5.6		5.6	15
HLE.DE	5.0	4.7	5.6	25
FRME	6.0	5.7	6.7	28
GCMG	7.1	7.2	6.8	31
FND	5.0	4.7	5.7	32
EASOR.HE	6.1		6.1	11
FUL	5.9	5.7	6.4	31
MAU.PA	7.4		7.4	16
ABN.NV	5.6	5.3	6.4	26
SYENS.BR	6.0		6.0	16
AORT	5.3	5.5	5.0	30
SDF.DE	5.7	5.3	6.7	28
UTDI.DE	5.6	5.3	6.4	30
4307.T	5.4		5.4	17
CTEV	5.0	4.8	5.6	27
NAB.ASX	4.5	4.2	5.3	20
IBOC	5.6		5.6	14
DOM.ST	5.4	5.0	6.2	30
VNOM	6.0	5.5	7.1	32
KODK.US	6.4		6.4	15
GSC1.DE	6.4		6.4	16
ELISA.HE	5.7		5.7	17
XZO	6.5		6.5	17
HASI	5.6	5.2	6.4	30
DFTK.DE	5.1		5.1	13
0902.HK	5.5	5.2	6.2	29
ALDNE.PA	4.0		4.0	14
93M1.DE	7.4		7.4	15
CNK	6.4	6.0	7.4	32
WAB	6.3	6.3	6.2	32
BATS.L	5.2	4.8	6.2	28
NEXN	6.6	6.3	7.2	30
FIGR	6.4	7.0	5.1	31
ECVT	6.7	7.0	6.1	31
PBLS	4.8	5.3	3.6	22
FWRD	5.9	5.7	6.4	29
ITIC	6.9		6.9	14
CORT	6.4	6.7	5.7	32
IBS.LS	6.2		6.2	16
DMRC	4.8	5.3	3.8	29
NJR	5.1	5.0	5.4	31
AV.L	5.8	6.2	4.9	28
EH	5.0	5.2	4.6	26
PNI.ASX	5.9	5.5	6.7	28
REYN	5.8	5.7	6.0	32
PCTN.L	6.1		6.1	15
MMYT	6.0	6.2	5.7	31
LMT	6.2	6.3	6.0	32
ARGX.BR	6.5		6.5	17
MLM	6.3	6.3	6.2	32
GILT	6.1	6.5	5.1	31
ALCRB.PA	4.0		4.0	14
SCHP.ZU	5.2	5.0	5.6	28
BEN.ASX	4.2	3.8	5.3	23
FOXT.L	5.3		5.3	16
NKTX	4.7	4.7	4.6	25
ALANSARI.AE	4.7		4.7	14
BRVE	4.9	5.3	3.9	17
ATYR	3.7	3.3	4.6	26
9602.T	6.7		6.7	15
BEI.DE	5.3	5.0	6.0	28
OCSL	5.1	4.8	5.8	30
CDLX	4.6	4.8	4.3	26
RACE.MI	6.7	7.2	5.6	31
ANVS	4.1	4.0	4.2	23
STNG	7.3	7.3	7.2	32
6185.HK	5.5	5.8	4.7	28
LLC.ASX	4.5	4.7	4.2	27
HAE	6.5	6.5	6.5	32
FUR.NV	5.1	4.8	5.8	26
CWC.DE	6.3	6.5	5.8	28
ARCM.L	3.8		3.8	10
00285.HK	6.4		6.4	16
WJG.L	3.9		3.9	14
URGN	5.2	5.7	3.9	27
KT	6.5		6.5	16
NORION.ST	5.6		5.6	14
PNE3.DE	4.8	4.7	5.1	25
OPY	6.0		6.0	13
ANTO.L	6.3	6.0	6.9	28
GLBS	6.9	6.7	7.5	29
HL	6.1	6.0	6.4	32
STAF.L	4.3		4.3	16
FFARM.NV	6.1		6.1	16
WF	6.4		6.4	15
QBTS	3.5	3.7	3.2	29
EVO.ST	5.9	6.2	5.1	30
ALQ.ASX	5.3	5.0	6.0	29
INN	6.2	6.3	6.0	29
FSS	6.6	6.8	6.0	31
OUST	4.7	5.2	3.6	27
SEER	5.2	5.7	4.0	27
BNB.BR	4.9		4.9	6
HEALTH.HE	4.6		4.6	13
AXFO.ST	4.6	4.7	4.4	30
APPS	6.3	6.8	5.3	30
JELD	4.1	4.2	3.8	29
RKLB	4.3	4.8	3.3	30
OPAL	5.6	5.8	5.0	30
KLIC	6.8	7.0	6.4	31
DX	4.9	4.2	6.4	28
ALFLE.PA	5.0		5.0	11
MIR.US	5.5	5.2	6.1	32
BRNK.DE	4.4		4.4	15
KOP	6.3	6.8	5.3	30
MTRN	6.7	7.2	5.4	31
HWG.L	4.6	5.2	3.1	26
CAF.MC	6.5		6.5	16
FITB	5.7	5.5	6.1	28
BURE.ST	7.4		7.4	13
TGTA.DE	4.9		4.9	14
ALMLB.PA	4.4		4.4	16
BAYN.DE	5.7	5.7	5.7	29
ADNT	5.9	5.7	6.4	32
CSTM	6.4	6.8	5.6	32
AI.PA	5.6	5.2	6.4	28
HOT.DE	6.1	6.3	5.7	28
EXR	5.3	4.7	6.7	32
SYRE	5.5	6.2	3.9	25
NXDR	5.7	6.0	4.9	27
D	5.2	4.8	6.2	31
RMBS	6.5	6.7	6.0	32
IDCC	7.0	7.2	6.5	31
MFC	6.5	5.8	8.2	31
SHUR.BR	7.1		7.1	16
GLBE	6.9	7.5	5.4	32
RWE.DE	6.1	6.3	5.6	30
BILL.ST	5.0	5.2	4.4	28
ALATA.PA	4.6		4.6	13
MRL.LS	7.1		7.1	14
BEPC	4.0	3.3	5.6	28
EMR	6.2	6.0	6.8	32
MBI	5.4	5.7	4.7	27
MNKD	4.9	5.3	4.0	29
IMVT	4.9	5.5	3.6	26
SWMR	3.9		3.9	13
VECO	5.7	6.0	4.9	31
1456.HK	6.1		6.1	14
TPW.ASX	5.3	5.5	4.9	28
ALAGO.PA	3.1		3.1	14
COST.L	6.3	6.8	5.1	27
1171.HK	5.2	4.2	7.4	28
IMD.ASX	5.7	5.5	6.2	28
SHIP	7.4	7.2	7.9	30
SAFT	5.8		5.8	15
267.HK	6.9		6.9	16
8309.T	6.0		6.0	14
AAF.L	6.9		6.9	16
SHC	7.0	7.2	6.7	32
BUR.PA	5.8		5.8	14
HLI.ASX	5.6	5.2	6.7	27
GYLDb.CO	5.7		5.7	11
IMTX	4.6	5.0	3.6	29
ALSGD.PA	3.9		3.9	12
FUBO	3.9	3.8	4.3	29
LAW	5.3	5.7	4.4	27
ALOKW.PA	4.3		4.3	14
ALVAP.PA	6.4		6.4	14
EVTC	6.6	6.2	7.5	31
VIPS	5.7	5.7	5.8	30
SSH1V.HE	3.9		3.9	15
288.HK	4.7		4.7	16
SCHL	6.0	6.3	5.4	31
DHER.DE	5.2	5.3	4.9	24
GIL	5.8	5.7	6.2	32
AC.PA	5.6	5.7	5.3	28
TPG.ASX	5.0	4.5	6.1	28
WAVE.PA	6.4		6.4	16
GOSS	4.1	4.0	4.4	25
FR.PA	6.1	5.8	6.8	29
SHAK	5.2	5.3	5.0	32
1519.HK	5.3	5.7	4.4	28
MA	7.1	7.3	6.7	32
SPSN.ZU	4.2	3.8	5.3	27
ZWS	6.6	6.5	6.9	31
CER.L	6.1	6.0	6.2	27
BSBR	5.2	4.7	6.4	27
CIM	4.7	4.7	4.7	28
AD8.ASX	4.6	4.5	4.7	25
SAND.ST	6.0	5.7	6.7	30
AML.L	4.2	3.8	5.0	26
ALT.US	4.1	4.3	3.6	29
DNTH	5.1	5.2	4.9	30
DEEZR.PA	5.7		5.7	15
PGNY	6.9	7.3	6.1	32
CBOE	7.3	7.3	7.2	32
SKA-B.ST	5.3		5.3	17
4689.T	6.8		6.8	17
ALK	4.3	4.0	5.1	31
AET.L	6.6	6.5	6.8	26
PAG.L	5.6	5.5	5.8	25
APH	7.7	8.3	6.4	32
TEL.US	7.5	7.5	7.4	32
VAC	6.1		6.1	15
2328.HK	5.7	5.5	6.1	27
IBU.DE	6.0		6.0	14
SHB-A.ST	4.7		4.7	15
VIK	6.1	6.3	5.6	32
200.HK	6.7		6.7	16
HAW.DE	5.8		5.8	15
CRLO.PA	5.8		5.8	12
TLC.ASX	4.9	4.8	5.3	28
BOR.L	3.3		3.3	10
ABCL	5.0	5.8	3.1	29
MATAS.CO	6.0		6.0	16
HTGC	5.2	4.7	6.5	31
ET	6.4	6.3	6.8	32
GPGI	4.6	5.0	3.8	28
CXO.ASX	4.5	4.7	3.9	25
2799.HK	5.0	5.3	4.2	24
IAG.L	6.0	6.2	5.7	30
UCG.MI	5.9	5.7	6.5	26
SSB	6.3	6.2	6.7	28
SBX.DE	4.6		4.6	8
BBUC	5.7	5.5	6.2	28
CCEP	5.5	5.7	5.0	30
NEXTA.BR	6.4		6.4	16
SKF-A.ST	6.2		6.2	14
NVAX	5.5	6.5	3.3	29
TOST	6.5	7.0	5.4	32
RWC.ASX	5.6	5.7	5.3	28
LIME	6.6	6.7	6.4	25
7974.T	4.9		4.9	15
RBO.PA	6.0		6.0	16
HAPN	6.1	5.8	6.9	31
3IN.L	4.8	5.0	4.4	26
ETOR	5.4	5.7	4.6	30
BYD	6.0	5.8	6.5	32
VRT	6.7	6.8	6.4	32
CSGP	5.6	5.2	6.4	32
SSIT.L	5.3		5.3	2
MAXNQ	4.0		4.0	13
3311.HK	6.0	5.7	6.7	27
RMD	6.4	6.2	6.8	32
2013.HK	4.3	4.2	4.7	23
UE	5.1	4.7	6.1	32
ALKLA.PA	5.4		5.4	13
CA1.DE	3.9		3.9	13
PAYC	6.4	6.3	6.7	32
CRAI	6.0	6.5	4.9	32
SGMOQ	3.8		3.8	11
OII	6.5	7.2	5.0	31
NB	3.7	3.5	4.2	25
SUN	6.1	6.5	5.1	31
SCANFL.HE	4.7		4.7	17
CART	6.6	6.5	6.7	33
1658.HK	5.0		5.0	15
CPRT	6.0	5.8	6.5	32
AXS.NV	6.0	6.2	5.7	27
AVOL.ZU	5.1	4.7	6.1	28
EXFY	6.0	6.3	5.3	28
MTC.L	4.2		4.2	12
REF	5.7	5.8	5.4	25
BLBD	6.4	6.7	5.7	33
BTMCQ	5.0		5.0	12
BLZE	5.3	5.5	4.7	28
1802.T	5.7		5.7	15
KKR	6.0	5.7	6.7	30
CRI.PA	4.0		4.0	15
AMLAK.AE	6.5		6.5	12
PTGX	6.3	6.7	5.4	31
RVMD	4.8	5.3	3.8	26
6526.T	5.0		5.0	16
KIE.L	5.8	6.0	5.3	27
RKH.L	4.9	5.2	4.2	21
RDN	6.6	6.0	7.9	32
REH.ASX	6.0	6.2	5.4	27
LKFN	5.2	4.8	6.2	28
NXPI	6.7	6.3	7.8	32
HYL.BR	4.0		4.0	13
SRNE	4.2		4.2	12
SY1.DE	6.8	7.3	5.6	28
VALMT.HE	6.2		6.2	17
SPHR	5.7	5.8	5.6	30
RCMN.DE	4.6		4.6	11
RAMP	6.6	6.5	6.9	31
LUNR	4.3	4.5	3.9	28
BRCB	4.8	4.8	4.9	32
IPF.L	5.3		5.3	15
VIRP.PA	5.9	5.7	6.5	28
BAMNB.NV	5.7		5.7	16
RED.MC	6.0	5.7	6.7	29
IMMX	4.9	5.3	3.9	24
6302.T	5.6		5.6	16
CCU	4.3	4.0	5.1	26
NEU	5.6		5.6	15
APA.ASX	5.8	5.8	5.8	27
SIBN	5.6	5.8	5.0	29
RYAAY	5.2	5.2	5.3	32
6503.T	5.6		5.6	17
LMP.L	5.4	5.3	5.6	28
FDE.PA	6.2		6.2	15
AM.PA	5.6	5.0	6.9	28
PFIS	6.5		6.5	15
INTS	4.2	4.3	3.9	23
HPOLB.ST	6.1		6.1	15
AIP	5.0	5.4	4.2	29
TRAX	5.2	5.7	3.9	21
0914.HK	5.4	5.2	5.8	30
VSXY	6.4	6.8	5.4	31
CION	5.6		5.6	16
CRLA.PA	6.0		6.0	12
SCE.DE	4.4		4.4	16
OKLO	3.9	3.8	4.3	28
OPRT	6.4	6.5	6.1	30
ULCC	4.6	4.8	4.2	30
WTC.ASX	5.7	5.3	6.7	28
POXEL.PA	4.7		4.7	11
SSABB.ST	5.4		5.4	15
TILE	7.1	7.3	6.7	31
COLB	6.2	5.8	7.1	28
PTEC.L	5.0	5.2	4.7	28
STORb.ST	6.4		6.4	16
GNC.ASX	4.8	5.0	4.4	26
MCRI	7.4	7.5	7.1	31
KBH	4.5	4.3	5.1	30
NWN	5.3	5.0	6.0	31
TDOC	4.4	4.0	5.4	29
DYVOX.ST	6.1		6.1	17
BARK	4.6		4.6	13
HAS.L	5.5	5.7	5.0	25
ENR	6.1	6.3	5.7	31
REFI	5.8		5.8	15
SSRM	7.1	6.8	7.8	32
RCMT	7.4	8.2	5.7	30
ECO.L	4.3	4.8	3.1	21
EXPE	6.5	6.0	7.8	32
QBE.ASX	6.1	5.8	6.8	28
QNST	7.0	7.2	6.7	32
GCTS	2.6		2.6	13
HEIA.NV	5.7	5.2	6.8	28
WEHB.BR	6.8		6.8	16
ELM.L	6.5	6.7	6.2	28
NMFC	5.3	5.3	5.4	29
INWI.ST	6.0		6.0	17
ATRLJb.ST	6.0		6.0	17
SM	6.8	6.0	8.6	32
MTU.PA	6.7		6.7	16
UCB.BR	7.4		7.4	16
URI	6.1	5.8	6.7	32
TIMA.DE	6.5	6.0	7.6	27
EVEX	4.1	4.2	3.9	24
ABO.BR	5.4		5.4	15
BDTX	4.3	4.5	3.9	26
XE	4.7	5.0	3.9	24
SWKS	5.4	5.5	5.3	32
BEKB.BR	6.4		6.4	16
IDX.ASX	4.9	4.5	5.7	28
HLG.DE	4.6		4.6	13
WES	6.1	5.7	6.9	30
CSWC	5.2	5.0	5.8	30
THRM	6.3	6.2	6.5	32
HYLN	5.1	5.7	3.6	28
MRO.L	5.4	5.3	5.7	28
AM	5.7	5.5	6.2	28
BNJ.NV	5.8	5.2	7.2	27
ULTP.L	5.2	5.3	4.9	27
SONO	5.9	6.0	5.8	31
ALTD.PA	4.0		4.0	11
NUTX	7.5	7.5	7.4	30
BEEM	4.1	4.3	3.8	27
COV.PA	5.4	5.0	6.2	28
COL.ASX	4.5	4.3	5.1	28
ECK.DE	4.9		4.9	14
IPDN	4.0		4.0	13
LOAR	5.7	5.8	5.6	32
FCNCA	6.4	6.2	6.9	28
TROW	6.1	5.3	8.1	32
DRS	6.5	6.7	6.0	32
CCBG	5.9	6.0	5.8	27
MX	4.3		4.3	13
FAST.NV	5.6	6.2	4.2	24
ABNB	6.4	6.2	6.9	33
RLGT	7.1	8.0	4.9	31
IGMS CVR	5.0	5.0		0
ALH	6.5	6.7	6.2	32
CDW	6.1	6.2	5.8	32
VICI	5.6	4.8	7.6	32
LRCX	7.4	7.7	6.7	32
KTOS	5.2	5.3	4.9	32
144.HK	6.9		6.9	16
GRFS	6.9		6.9	17
INDV	6.5	6.2	7.2	29
VIV.US	5.3	4.3	7.5	31
CA.PA	5.8	5.7	6.1	28
KIST.L	7.1	7.5	6.2	27
RENT	5.6		5.6	13
EOG	7.6	7.2	8.6	32
AAOI	5.1	5.7	3.6	31
OKTA	6.4	6.7	5.6	32
RUBI	6.0		6.0	13
9901.HK	6.4	6.7	5.6	29
MTS.MC	5.6	5.5	5.7	28
DCI	6.0	6.3	5.4	32
4DS.DE	6.4		6.4	16
FG	4.8	4.0	6.5	32
RS1.L	6.2	6.7	5.1	27
EGL.LS	6.1		6.1	14
SNX.US	6.7	7.2	5.6	32
2002.T	5.8		5.8	14
SSYS.US	5.0	5.3	4.3	30
BUR	4.5	4.5	4.6	27
HIMX	6.2	6.7	5.0	31
SMPL	5.2	5.0	5.8	30
GFTU.L	6.1	6.3	5.7	28
6618.HK	5.8	5.7	6.1	28
DVN	6.8	6.5	7.5	32
GTLY.L	3.8		3.8	16
BCPC	6.7	7.0	6.1	31
DH	5.5	5.3	6.0	28
FTK.DE	6.3	5.8	7.4	26
ALORA.PA	5.6		5.6	11
NOS.LS	6.5		6.5	16
CVSA	6.6	6.7	6.5	31
DOTD.L	6.2	6.2	6.1	27
MDT.US	6.4	6.0	7.2	32
ASC.L	5.0	5.0	4.9	27
SEM.LS	6.1		6.1	14
7951.T	6.8		6.8	16
SHOP	6.0	6.3	5.3	32
L	6.4		6.4	15
NRGV	4.6	5.0	3.6	28
RHC.ASX	5.7	5.7	5.8	28
ACAN.PA	4.2		4.2	9
ICG.L	5.8	5.8	5.8	26
PRCT	3.9	3.8	4.3	29
SHA0.DE	4.7	4.5	5.0	28
PSIX	6.7	7.2	5.4	30
IDR.MC	7.4	7.7	6.7	30
NTST	5.5	5.0	6.7	32
BYIT.L	6.2	6.2	6.2	28
HAWK	5.2	5.5	4.4	24
9988.HK	5.1	4.5	6.5	30
SAN.MC	5.9	5.8	6.1	26
ERA.PA	4.9		4.9	15
3898.HK	6.1	5.8	6.9	29
FROG	6.2	6.7	5.0	28
HIVE	4.8	4.3	5.8	27
NUE	6.7	7.0	6.0	32
GRPN	4.3	4.3	4.3	27
NXE	4.6	4.8	4.0	25
PUB.PA	6.0	5.8	6.5	25
DOO	5.9	5.8	6.1	30
WKHS	4.0		4.0	14
CCNE	6.7	6.7	6.8	28
CVNA	5.8	6.3	4.7	32
LYFT	4.7	4.2	6.0	32
OXY	7.6	7.5	7.8	32
TSEM	6.6	7.0	5.6	31
GABC	6.1	6.0	6.5	28
MCB	5.4	5.2	6.0	27
MSGS	4.8	5.3	3.8	28
SHW	5.8	5.7	6.2	32
EVT.ASX	5.6	5.7	5.3	27
FLUGb.CO	5.8		5.8	16
CAN.L	5.2	4.8	6.0	25
ALVDM.PA	5.1		5.1	16
CTSH	6.3	5.8	7.5	32
ALINV.PA	3.9		3.9	13
FMG.ASX	6.0	5.5	7.1	28
FRP.L	6.3	6.2	6.4	27
NAH.L	6.8		6.8	15
FDXF	6.1	6.8	4.4	29
RMTI	4.4	4.5	4.2	29
SNDL	4.4	4.2	4.9	29
CNU.ASX	6.0		6.0	16
ODFB.OL	5.6		5.6	14
HEIO.NV	6.7		6.7	16
ITT	6.3	6.2	6.7	30
TMIP.L	4.9		4.9	12
PSAN.DE	3.5		3.5	15
LITE	6.2	6.7	5.1	31
TEN.MI	6.8	7.0	6.5	30
WAFD	5.3	5.0	6.1	28
ERIC-B.ST	6.0		6.0	17
BWB	6.3	6.5	6.0	29
9434.T	6.7		6.7	17
AEG	5.1		5.1	15
DXRX.L	5.4	6.0	4.0	25
AER	6.9	6.8	7.1	31
SALT.L	3.5		3.5	11
LONN.ZU	6.2	6.3	6.1	28
ECOR.L	7.0	7.2	6.4	28
ULBI	5.0		5.0	14
MXL	5.8	6.5	4.2	30
ENLT	6.2	6.5	5.6	31
IMKTA	6.4		6.4	15
RHK.DE	5.4		5.4	16
SHBB.ST	4.3		4.3	13
SCM	4.8	4.3	6.0	29
XRXDW	4.9		4.9	7
CNNE	4.9	5.0	4.6	29
EBS	5.8	5.3	6.8	30
LASR	5.4	5.7	4.7	31
EME.L	4.0		4.0	9
KRE.CO	5.7		5.7	11
MPL.ASX	5.9	5.8	6.1	28
ESAB	5.9	5.5	6.7	32
DDS	6.2	6.5	5.6	31
EXR.L	3.8		3.8	13
SIP.BR	7.9		7.9	16
NEDSE.NV	5.0		5.0	12
4661.T	6.0		6.0	14
CTD.ASX	4.9	4.5	5.8	27
FLOW.NV	6.4		6.4	17
EXC	5.6	5.3	6.2	32
AIXC	3.3		3.3	8
BRC	6.7		6.7	17
1966.HK	4.6		4.6	12
PZC.L	5.9	6.0	5.6	27
FDJU.PA	4.7	4.2	5.8	28
WFRD	6.8	6.8	6.8	32
FSBW	5.7	5.7	5.8	27
BNTX	4.6	4.1	5.8	32
CTVA	6.4	6.8	5.6	25
AEE	5.2	4.8	6.2	32
ALC.ZU	5.5	4.8	7.1	31
BWA	7.3	7.7	6.5	32
TNL	5.8	5.2	7.1	30
MSFT	7.2	7.2	7.1	32
AROC	6.4	6.3	6.7	32
SNFI	4.3		4.3	8
MSFT.24-7	6.8		6.8	17
ACHR	4.5	5.0	3.2	29
MGPI	5.4	5.8	4.6	30
AWI	6.6	6.5	6.7	31
7751.T	5.8		5.8	17
ASC	7.2	7.2	7.1	32
DK	6.2	5.8	7.1	32
BLCO	6.0	6.0	6.1	31
KMPR	4.5	4.2	5.3	30
TAP	5.2	4.5	6.9	31
CREI.L	5.0		5.0	3
03993.HK	7.5		7.5	17
GCT	7.8	8.2	6.9	31
SAF.PA	5.6	5.3	6.2	28
WASH	5.9	5.8	6.0	27
LLY	7.0	7.3	6.4	32
FBK	5.7	5.3	6.7	28
SAMPO.HE	6.4		6.4	17
MGR.ASX	5.8	5.2	7.1	28
AN	5.1	5.2	4.9	32
ALSYDB.CO	6.2		6.2	15
VCYT	5.9	5.8	6.1	32
MBX	4.9	5.3	3.9	27
RNK.L	5.1	4.7	6.1	27
DXS.ASX	5.2	4.5	6.9	28
SRRK	4.1	4.2	3.8	26
RIO.ASX	6.2	6.2	6.1	28
ITRI	6.4	6.3	6.7	31
GPK	5.7	5.7	5.8	32
IVU.DE	6.4		6.4	16
PRTS	4.7	4.8	4.6	29
CLB	5.3	5.2	5.7	31
VSNT	6.1	5.5	7.4	31
KINVB.ST	4.7		4.7	14
SHO	5.6	5.8	5.3	31
TWE.ASX	5.0	5.3	4.2	27
MZTI	5.6	5.8	5.3	32
RGNX	4.2	4.2	4.2	29
META.24-7	7.1		7.1	17
NWL	5.1	5.0	5.4	31
VLTSA.PA	6.0		6.0	14
PRPL	4.2		4.2	14
NAT	5.5	5.3	6.0	31
RTX.CO	5.7		5.7	15
WOW.ASX	4.8	4.7	5.1	26
OSW	6.1	6.5	5.1	31
CNC.L	6.1	6.8	4.6	27
ELEC.PA	6.5		6.5	14
GRMN	6.8	6.8	6.9	31
WEB.BR	5.3		5.3	13
HIW	5.3	5.2	5.6	31
ACH.US	4.2	4.0	4.7	28
VANI	4.6	5.0	3.8	24
EXA.PA	6.6	6.8	6.0	27
ALL.L	4.8	5.3	3.5	25
DCC.L	5.5	5.8	4.9	28
INDT.ST	6.0	6.2	5.7	29
EGBN	5.8	6.2	5.0	26
VYX	5.4	5.2	5.8	32
HST	7.1	7.3	6.7	31
ULVR.L	5.0	4.7	5.7	28
AGMB	5.4	5.7	4.6	23
CMPR	5.2	5.3	5.1	30
MOS	3.8	3.5	4.4	31
BRBY.L	5.5	5.2	6.1	28
DOC	5.9	6.0	5.7	31
3968.HK	6.2	6.0	6.7	26
MRK	6.2	6.7	5.1	32
FUTU	6.0	5.5	7.1	28
APPF	5.9	6.2	5.3	32
CCOI	4.0	3.7	4.6	29
RIGL	7.1	7.7	5.7	31
OGS	5.3	5.0	6.0	32
V6C.DE	4.3		4.3	15
DLG.MI	6.7	6.7	6.8	28
ELD.ASX	4.8	4.3	5.8	28
PRQR	5.1	5.3	4.6	29
AUR	4.6	5.2	3.3	29
PWO.DE	5.1		5.1	16
RWAY	5.0	4.5	6.1	30
ABX.DE	3.2		3.2	12
MTBLY	4.7		4.7	14
1928.T	6.1		6.1	17
SWP.PA	6.4		6.4	16
SGRO.L	4.8	4.8	4.9	28
BHB	6.2	6.0	6.8	27
VEA.ASX	6.2	6.2	6.2	29
OCDO.L	5.3	5.0	6.1	26
PHI	7.1		7.1	14
BHE	6.9	7.3	6.1	31
CODX	5.0	5.2	4.6	28
SREN.ZU	5.7	5.3	6.5	30
3092.T	6.0		6.0	15
PRC.PA	5.1		5.1	12
SPXC	6.3	6.3	6.4	32
GNS.L	6.4	6.7	5.6	28
ELVN	5.3	5.8	4.3	26
ALINS.PA	4.4		4.4	11
WAH.DE	5.8		5.8	14
EYPT	3.1	3.0	3.5	30
NEXI.MI	5.1	4.5	6.5	27
VIAV	6.8	7.5	5.0	31
BTBT	4.4	4.5	4.2	29
BTG.L	6.1	6.5	5.3	27
HWC	5.9	5.5	6.7	28
IG.MI	6.1	5.5	7.4	29
6861.T	6.4		6.4	14
CXAI	5.2	5.2	5.3	28
JOYY	6.4	6.8	5.6	29
WD	5.5	5.5	5.4	29
RICK	7.1		7.1	14
AEXA	3.8		3.8	6
HEM.ST	6.5	6.5	6.5	30
DOX	5.6	5.2	6.7	31
1698.HK	6.2	5.7	7.2	29
ESNT.L	6.1	6.7	4.7	27
ARIS.MI	6.6	6.5	6.7	28
STJ.L	5.3	5.2	5.4	28
POST	6.1	6.2	6.0	32
SITC	5.1	5.3	4.6	28
OPLN	7.2	7.7	6.0	31
NXR.L	6.1	6.2	5.8	27
DOCS.L	5.8	5.8	5.8	28
CTOS	5.7	6.3	4.4	31
VRTS	5.4	4.8	6.9	31
INFQ	4.9	5.3	4.0	22
6674.T	5.0		5.0	14
ASH	6.0	6.2	5.7	32
UTG.L	4.0	3.5	5.1	27
TCBK	6.1	6.3	5.7	27
MAAT.PA	4.0		4.0	8
RGL.L	5.1		5.1	13
IVZ.US	6.0	5.7	6.8	31
GEF	5.5	5.5	5.6	29
ADV.DE	4.7		4.7	15
SHOE	5.3	5.0	6.0	31
RAIVV.HE	5.7		5.7	17
PFV.DE	5.6		5.6	12
FRVIA.PA	5.1	4.8	5.8	27
ACAD	5.7	5.7	5.8	32
ALCOG.PA	4.6		4.6	13
BDT.DE	4.7		4.7	13
9926.HK	4.8	5.2	3.9	26
PUK	5.4	5.3	5.7	29
ABVX.PA	3.9	4.2	3.1	27
ASTE	5.6	5.7	5.3	31
FIVN	6.1	5.8	6.8	31
OGI	5.7	5.7	5.8	29
SLDP	4.8	5.0	4.4	28
HAFC	6.1	6.0	6.2	27
ANAB	6.1	6.0	6.2	26
LXP	5.9	6.0	5.7	31
ALO.PA	4.9	4.5	6.0	26
OPENW	3.6		3.6	8
ENW.L	3.5		3.5	13
WEB.ASX	5.7	5.0	7.2	27
CAL	5.2	5.0	5.7	31
TNDM	4.5	4.5	4.4	30
AZE.BR	6.1		6.1	16
IVR	4.3	3.7	5.7	29
ALCIS.PA	6.7		6.7	16
ALPAU.PA	6.0		6.0	16
TGS.OL	4.9		4.9	17
P4O.DE	4.3		4.3	14
WPR.ASX	4.4	4.2	4.9	26
GPN	5.8	4.7	8.3	32
SGML	4.0	3.8	4.6	30
TECN.ZU	5.7	6.3	4.3	27
MBLY	4.9	4.2	6.5	30
ALORD.PA	5.4		5.4	11
FDMT	5.5	6.0	4.2	29
ALX.ASX	4.3	4.2	4.4	27
CHYM	6.3	6.4	6.0	33
JBOG.PA	5.0		5.0	8
SCPX	3.5		3.5	12
3.HK	5.6		5.6	16
CEN.PA	6.2		6.2	16
HG	7.6	7.8	7.1	31
BRN.ASX	3.3		3.3	14
ARLO	5.9	5.8	6.0	31
ESS	4.8	4.2	6.2	32
VOS.DE	5.4	5.0	6.2	27
ADUS	6.4	6.5	6.2	32
ACVA	4.9	5.2	4.3	28
SABR	5.9	5.8	6.2	29
6506.T	5.6		5.6	17
KSC.DE	4.6		4.6	13
LOMA	5.7	5.7	5.6	30
AMLX	5.1	5.7	3.6	27
CANG	4.4		4.4	12
RAL	6.4	6.7	5.8	30
CVGI	5.8	5.8	5.7	30
HYMC	4.9	5.5	3.5	26
NFG	5.9	5.5	6.9	31
GWH	3.6		3.6	14
CCC.US	5.9	5.8	6.0	31
EGHT	6.8	6.7	6.9	31
ZEAL.CO	6.2		6.2	17
QUBT	4.2	4.3	4.0	29
SXI	7.1	7.3	6.7	31
UPB	4.4	4.3	4.7	28
LUS1.DE	5.6		5.6	11
KEP	6.4		6.4	16
WIG1.DE	3.8		3.8	11
HUM	6.8	7.2	5.7	32
PERR.PA	6.4		6.4	16
MTG	6.3	5.8	7.5	32
ROCKB.CO	4.3		4.3	16
02688.HK	6.0		6.0	16
BGEO.L	6.5	7.2	4.9	22
CBZ	6.1	6.3	5.6	31
MELE.BR	6.1		6.1	17
4208.T	6.5		6.5	16
0688.HK	5.8	5.3	6.8	28
ACI	4.4	3.8	5.7	32
EPC	6.1	6.2	5.8	31
EVI	5.9	6.3	5.0	31
LINC	5.5	5.3	6.0	32
02020.HK	7.8		7.8	16
NANO.PA	4.8	5.3	3.6	22
VIO.BR	6.0		6.0	15
HBAN	6.1	5.7	6.9	28
ROL	4.7	4.5	5.1	32
GHC	5.7		5.7	17
LBTYA	5.3	4.7	6.7	31
WEX	6.8	6.2	8.2	32
AALB.NV	6.4	6.5	6.2	28
MU	7.5	7.2	8.1	32
BMBL	5.8	5.4	6.7	30
LTRX	6.1	6.5	5.1	30
GNTX	6.0	5.5	7.2	31
OMU.L	4.9		4.9	16
ALCOF.PA	6.7		6.7	14
ATNM	6.3	6.2	6.4	28
ATEX	5.6	6.3	4.0	31
MTB	5.8	5.5	6.4	28
AIFC	4.3		4.3	15
ATEB.BR	5.0		5.0	15
CLBT	6.3	6.5	6.0	31
AYI	6.3	6.2	6.4	32
CRNX	4.6	4.8	4.0	28
TMT.L	6.5		6.5	13
MDGL	4.3	4.5	3.8	29
AG1.DE	6.2	6.8	4.9	29
AMD	6.5	6.8	5.8	32
ENT.L	4.5	4.2	5.1	26
4005.T	6.4		6.4	17
PEUG.PA	6.7		6.7	16
UNFI	5.2	5.3	5.0	32
RBBN	5.5	5.2	6.1	31
HBR.L	6.4	6.3	6.7	28
MFG	6.4		6.4	14
0968.HK	6.2	6.0	6.7	28
TEM.US	4.8	5.0	4.3	29
AGS.BR	5.7		5.7	14
PRIMOF.CO	6.7		6.7	14
MAR	6.4	6.3	6.7	29
AGX	7.1	7.5	6.1	31
EEFT	5.8	5.3	6.9	31
KRC	5.6	5.2	6.4	31
COMB.BR	6.7		6.7	15
DGX	6.6	6.8	6.1	32
LTOD.L	6.1		6.1	14
MCS.US	6.1	6.2	5.8	30
TPVG	5.0	5.0	4.9	29
ADVM CVR	5.0	5.0		0
MCRB	4.7	5.0	3.9	28
JCQ.PA	6.5		6.5	16
EXP	5.9	5.8	6.0	32
CFG	6.1	6.0	6.4	28
MSDL	5.3	5.0	6.0	30
SEK.ASX	4.7	4.2	6.0	26
PEBO	6.2	5.8	7.2	28
MPLX.US	6.1	6.2	6.0	32
ALKEY.PA	4.0		4.0	14
HTLD	5.8	6.2	4.9	31
ABAT	3.7	3.7	3.6	29
AIRE	4.4		4.4	12
PZZA	4.2	4.0	4.7	29
POLR.L	7.0	7.2	6.7	28
DTD2.DE	6.7		6.7	16
TMUS	6.4	5.5	8.5	32
SWX	6.1	6.0	6.2	32
MITK	7.1	7.2	6.8	31
MEKKO.HE	6.0		6.0	17
NSIT.US	6.8	7.2	5.7	31
NXT.L	6.7	7.3	5.4	28
RJF	6.5	6.5	6.5	30
TTG.L	5.4	5.8	4.4	27
PSNY	3.7	3.7	3.6	24
ANGX	4.4	4.3	4.6	27
VTOL	6.4	6.7	5.8	31
FOSL	6.1	6.5	5.1	30
HSAI	5.2	5.0	5.8	32
PH	6.7	7.0	6.1	32
HR	3.8	3.3	5.0	30
VXT.DE	4.6		4.6	13
ALMS	4.8	5.2	4.0	29
NRDS	5.9	5.5	6.8	31
MRSH	6.2	5.7	7.2	32
JDW.L	5.2	5.3	5.0	27
9961.HK	5.7	5.8	5.6	28
EXENS.PA	6.3	6.7	5.3	28
FDM.L	5.3	5.8	4.3	27
KA8.DE	6.2		6.2	14
ITGR	5.6	5.8	5.3	31
IBN	6.2		6.2	14
NXT.US	6.4	6.7	5.6	32
PFLT	4.9	4.5	6.0	29
ALCLS.PA	4.7		4.7	14
ENENTO.HE	5.3		5.3	17
EXLS	6.9	7.2	6.2	32
0434.HK	5.1		5.1	13
4507.T	6.5		6.5	17
INVX	6.2	6.3	6.1	31
CRST.L	5.0	5.2	4.7	27
TRNS	6.2	6.5	5.4	31
ANDE	6.2	6.7	4.9	31
NXFIL.NV	3.8		3.8	13
SAA.L	5.6	5.7	5.3	25
ALPJT.PA	4.7		4.7	15
ICHR	5.5	5.8	4.7	31
00763.HK	5.8		5.8	17
REG1V.HE	4.9		4.9	17
RDX.ASX	6.0	6.3	5.3	27
BON.PA	5.7		5.7	14
ALEX.HE	6.7		6.7	13
CIE.MC	7.2		7.2	15
TCRX	4.4	4.5	4.2	28
VACN.ZU	6.9	7.7	5.1	28
THX.L	6.2	5.8	7.2	27
PUBM	6.3	6.5	5.8	30
VEZ.DE	4.7		4.7	14
DLB	5.9	5.5	6.7	31
HFD.L	5.4	5.5	5.1	28
INF.L	5.3	5.2	5.7	28
ONT.US	4.9	5.0	4.7	30
SECTb.ST	5.3		5.3	16
6532.T	6.5		6.5	17
2282.T	5.7		5.7	16
SE	5.4	5.3	5.8	32
MIRM	4.7	4.7	4.7	28
IBP	6.1	6.0	6.2	32
DRW8.DE	5.7		5.7	16
DEF.DE	4.6	4.0	6.0	26
NGS	6.9	6.7	7.4	31
PNW	5.2	4.8	6.0	32
NUVA.DE	5.7		5.7	12
RGR	5.5	5.5	5.6	31
CCJ	5.3	5.5	4.9	31
AUDC.US	6.8	7.5	5.3	31
CARLB.CO	6.2		6.2	15
REG	5.7	5.7	5.8	32
BOX	6.0	5.8	6.5	30
PXED	6.8	6.5	7.4	32
SNA	6.3	6.3	6.4	32
MBB.DE	6.1	5.7	7.1	27
GDOT	4.6		4.6	14
BBCP	7.2	7.5	6.4	31
VLGDF	3.8		3.8	7
SDP.L	5.3		5.3	2
EKI.PA	5.1		5.1	14
GPRE	7.0	7.3	6.4	31
NANO.L	5.6		5.6	15
THG	5.5	5.2	6.2	31
GPC	4.7	4.3	5.6	32
BCH.US	5.3	5.3	5.3	24
MMED	5.1	5.0	5.4	27
6361.T	5.7		5.7	17
SPSC	6.3	6.2	6.5	31
DSGR	5.7	6.0	5.0	31
PCZ.DE	5.6	5.5	6.0	23
ABSI	4.6	5.3	2.9	28
DEC.L	5.9	5.5	6.9	30
ALLOG.PA	5.3		5.3	16
ED	5.3	4.8	6.4	32
PATH	6.0	5.8	6.5	31
VERI	3.5	3.2	4.2	26
LIND	6.0	6.2	5.4	28
HLCL.L	5.0	5.5	4.0	27
FRES.L	5.7	5.2	6.9	26
BSP	5.1	4.8	5.8	25
FIP	4.2	3.7	5.3	29
FNB	5.4	5.2	6.0	28
VTGN	5.0		5.0	14
WT	7.1	7.2	6.9	32
STHO	6.0		6.0	14
MGTX	7.3	7.2	7.5	30
MMI	5.4		5.4	17
WSHP	3.1		3.1	12
CPNG	4.3	4.0	4.9	30
GLNG	6.3	6.2	6.5	32
KRRO	4.1	4.3	3.8	27
ISRG	6.2	6.3	6.1	32
QCRH	6.5	6.5	6.4	27
CMRC	5.6	5.7	5.3	28
VSAT	6.6	6.8	6.0	30
AGEN	4.9	4.7	5.4	29
HURN	7.3	8.0	5.8	31
CE	5.0	4.7	5.7	31
TLRY	3.7	3.3	4.6	28
1318.HK	6.3	5.8	7.6	27
APPN	5.3	5.5	4.7	27
RDDT	6.2	5.8	7.2	32
IHG	5.8	5.7	6.2	28
RSG	5.9	5.8	6.0	32
INVE-A.ST	6.9		6.9	15
GENK	3.8		3.8	15
BZH	5.3	6.0	3.6	30
CALX.US	5.8	6.2	5.0	31
MRVL	6.5	6.7	6.1	32
LDA.MC	6.5		6.5	17
DUE.DE	5.2	4.8	6.1	27
PDN.ASX	4.8	4.7	5.0	28
1797.HK	5.8	6.0	5.4	27
LYEL	4.1	4.2	4.0	26
1398.HK	5.3	5.0	6.0	26
00966.HK	7.1		7.1	16
ALCLA.PA	5.7		5.7	15
ABX	6.1	5.5	7.6	32
VALUE.NV	7.2		7.2	14
AEP.L	6.9	7.2	6.1	27
ZVRA	6.6	6.7	6.4	31
ALLGO.PA	3.6		3.6	12
LMAT	6.1	5.7	6.9	32
SLN	4.9	5.3	3.9	27
CTY.L	5.6		5.6	3
VP.L	4.9		4.9	14
FSJ.L	5.3	5.3	5.4	25
ALIT	5.3	5.0	6.0	29
NOW	5.3	5.2	5.4	32
VVX	5.7	6.0	5.1	32
FBNC	5.9	5.8	6.2	28
ESEA	7.3	7.2	7.4	30
WSM	7.2	7.5	6.5	32
ZPTA	3.3		3.3	10
BAP	6.8	7.2	5.7	28
CMS	5.2	4.8	6.0	32
ALCO	4.7	5.2	3.6	30
CIP.ASX	4.9	4.8	5.3	27
CLFD	5.1	5.3	4.6	31
DSGN	5.5	6.0	4.4	26
FA	6.5	6.7	6.1	31
ALERS.PA	5.6		5.6	16
ORN	5.6	6.3	3.9	31
SCAB.ST	5.4		5.4	17
TMO	7.0	7.2	6.7	32
RDNW	4.3		4.3	13
BPE.MI	6.6	6.5	6.9	26
CECO	6.1	6.8	4.6	30
EBK.DE	5.0		5.0	14
RL	7.3	7.7	6.4	32
SBUX	5.4	5.3	5.6	30
ABCB	5.6	5.3	6.4	28
AAT	4.7	4.5	5.1	31
BMEA	4.3	4.3	4.2	26
WSFS	6.1	5.7	7.1	28
6186.HK	5.8	5.2	7.1	28
CAMX.ST	6.2	6.2	6.1	30
GEMI	3.9	3.3	5.3	30
ALENO.PA	4.6		4.6	14
ALCPB.PA	3.9		3.9	13
NEDAP.NV	5.7		5.7	16
CARM.PA	7.1		7.1	16
MER.L	6.1	6.2	5.8	27
DBAN.DE	5.0	4.3	6.5	25
OPENZ	3.6		3.6	8
UJO.L	4.7		4.7	15
8TRA.DE	5.4	5.0	6.4	30
ARCT	5.0	5.2	4.6	30
G24.DE	5.8	5.3	6.9	30
CNTM	4.0	3.8	4.6	25
PUUILO.HE	5.6		5.6	17
3099.T	6.2		6.2	15
INTT	7.1	7.7	5.6	32
TAALEEM.AE	6.2		6.2	16
RAA.DE	6.5	6.5	6.4	30
VIH1.DE	7.6		7.6	15
IMAX	6.6	6.5	6.8	32
BWP.ASX	5.4	5.3	5.6	26
VERK.HE	5.7		5.7	17
IWG.L	4.7	4.7	4.7	25
HMSO.L	5.5	5.0	6.7	28
GIX	3.5		3.5	7
BANF	5.7	5.5	6.1	26
HGEA.DE	4.7		4.7	14
FATE	4.9	5.5	3.5	29
TOKMAN.HE	4.9		4.9	17
MUX.DE	4.4		4.4	14
ACB	4.2	4.0	4.7	26
VPG	5.3	5.8	4.3	31
CODI	6.2	7.0	4.4	30
OBDC	4.9	4.2	6.4	31
ORLY	5.3	5.0	6.0	30
PXS.L	4.2		4.2	11
KAI	6.0	6.0	6.1	32
1816.HK	5.4	4.8	6.9	28
SRAIL.ZU	5.5	5.5	5.6	27
ATR	5.7	5.7	5.8	32
CRCT	6.7	7.0	6.0	31
ENGN	4.1	4.2	4.0	25
U	6.3	6.8	5.3	29
CG	6.0	6.3	5.3	31
PLUG	3.8	3.7	3.9	30
G.MI	6.3	6.2	6.4	29
ALB	6.2	5.8	7.1	32
JOE	6.4		6.4	15
NRG.PA	6.7		6.7	16
AGYS	6.3	6.7	5.4	31
ENSG	6.1	6.2	6.0	31
WST	7.4	8.2	5.7	32
ENG.MC	5.2	4.7	6.2	28
GCO	6.6	7.0	5.6	31
IBRX	5.2	5.7	4.0	27
EGP.US	5.1	5.0	5.4	32
1024.HK	5.4	4.8	6.9	30
HPHA.DE	4.2		4.2	13
2359.HK	7.4	7.7	6.7	29
WIHL.ST	4.8	4.0	6.8	29
DAE.ZU	6.1	6.3	5.6	28
EMA	5.2	5.0	5.7	30
DCTH	6.1	6.0	6.5	31
BIGGQ	4.7		4.7	13
CVM	3.9		3.9	11
SEIC	7.4	7.7	6.7	32
YSWY	5.4	5.3	5.7	26
A1OS.DE	4.6		4.6	15
INTC	6.5	6.8	5.7	31
ATRAV.HE	5.1		5.1	17
MMS	6.1	6.2	6.0	31
GOOG.24-7	6.7		6.7	17
ENAV.MI	6.2	6.2	6.1	28
ARRY	4.5	4.0	5.7	30
BME.L	5.3	5.2	5.4	28
LEU	4.6	4.5	4.9	32
IPH.PA	3.3		3.3	13
USAR	4.1	4.0	4.2	28
VOF.L	6.4		6.4	13
KNF	4.8	4.8	4.9	32
SDCCQ	4.4		4.4	12
SEQI.L	3.5		3.5	9
FCF	5.8	5.7	6.1	27
SEA.L	4.2		4.2	12
CAPR	4.3	4.3	4.4	28
SBAC	5.1	4.5	6.4	30
HSP.L	5.1		5.1	16
CFFN	6.0	6.2	5.4	27
FDR.MC	5.7	5.2	6.9	30
EEE.L	4.0	4.3	3.2	21
GOTU	5.4		5.4	12
HE1.L	3.5		3.5	11
01093.HK	7.6		7.6	17
MSCI	6.1	6.0	6.4	30
OMDA	5.3	5.3	5.3	32
GRF.MC	7.2		7.2	17
PRG	6.6	6.3	7.2	31
BAP.ASX	4.6	4.3	5.3	25
MGNI	7.2	7.2	7.1	32
MTSI	7.1	7.8	5.6	32
HSY	5.8	5.7	6.2	32
TSCO	5.0	4.7	5.6	32
SJF.CO	5.7		5.7	12
RITM	5.2	5.0	5.7	29
HOLMb.ST	5.0		5.0	17
ALDUX.PA	4.2		4.2	16
FINV	6.2	5.8	7.1	30
NEM	7.7	7.8	7.5	32
PGR	5.8	5.7	6.0	32
ESE	6.0	6.0	6.1	31
ATNI	7.2		7.2	17
PERI	5.3	5.2	5.4	30
APETIT.HE	4.9		4.9	17
CRH	6.3	6.3	6.4	32
ATEC	6.0	6.2	5.4	29
LPE.PA	7.1		7.1	16
STN	6.1	6.0	6.4	30
JXN	6.1	6.3	5.6	30
01177.HK	7.9		7.9	16
BKG.L	5.4	5.3	5.7	27
EBO.DE	5.9	6.3	5.1	21
AMN	6.7	6.8	6.4	32
EQIX	6.3	6.5	5.7	32
SOFI	5.0	4.5	6.1	30
LUXORb.CO	5.6		5.6	14
CCSI	7.3	7.5	6.8	31
TIC	5.7		5.7	15
AMX	5.8	4.7	8.2	32
PSTL	6.6	6.8	6.2	30
ADOC.PA	3.3		3.3	9
MKL	6.0	5.7	6.7	32
IONQ	3.6	3.5	4.0	30
ALFA.ST	6.0	6.2	5.7	30
7202.T	6.1		6.1	17
AURE.PA	4.9		4.9	15
ADV	5.4	5.5	5.3	29
6752.T	6.4		6.4	17
AUTL	4.8	5.2	4.0	29
CMCSA	5.5	4.7	7.5	32
CLOV	5.6	6.2	4.2	28
CRBU	4.5	4.7	4.2	28
4324.T	6.1		6.1	16
2423.HK	6.8	7.0	6.5	30
HBH.DE	6.4	6.3	6.8	28
COLR.BR	6.1		6.1	16
POM	4.3		4.3	11
SICP	5.7		5.7	10
01336.HK	7.4		7.4	16
HUH1V.HE	6.1		6.1	17
ARGX	5.7	5.8	5.6	32
HOPE	5.9	5.8	6.2	28
LAUR	6.7	6.8	6.4	32
CRIS	4.1	3.8	4.7	28
5631.T	6.1		6.1	15
ALBI.PA	4.2		4.2	14
MTX.DE	5.5	5.2	6.1	30
BIG.PA	5.3		5.3	14
RWAY.MI	5.9	5.5	6.9	27
CAKE.US	5.6	5.8	5.3	32
MICC.US	5.8	5.7	6.1	29
CHTR	5.0	4.0	7.2	32
APE.ASX	5.2	5.0	5.8	28
ONEW	5.7		5.7	15
AFYA	7.2	6.7	8.3	33
ANZ.ASX	4.6	4.3	5.3	23
FFIV	6.8	7.0	6.2	31
UONE	5.8		5.8	14
INBX	4.9	5.5	3.5	25
OLN	4.5	4.3	4.9	31
LQDA	6.4	6.3	6.7	32
HIGH.DE	4.7		4.7	8
M3V.DE	4.4		4.4	12
REXR	4.9	4.8	5.0	31
8750.T	7.1		7.1	15
PPG	6.7	6.7	6.7	32
KRMN	5.3	5.5	5.0	32
ELAN	5.5	5.5	5.6	31
XEL	5.5	5.2	6.1	32
NHC	5.4		5.4	15
HTHT	6.9	6.7	7.5	32
TRMK	5.9	5.8	6.0	28
LQDT	7.7	8.3	6.4	31
SMA	4.8	4.2	6.1	32
BBVA.MC	5.8	5.3	7.1	26
BAND.US	6.0	6.5	4.9	29
RSG.L	6.9	6.8	7.2	28
AGCO	5.5	5.5	5.4	32
GBTG	6.5		6.5	16
VRLA.PA	5.2	5.0	5.8	27
XRAY	5.3	4.8	6.5	31
CTPNV.NV	5.5	5.0	6.8	28
CURB	5.9	5.7	6.5	32
VITR.ST	5.8		5.8	16
NVDA.EUR	7.3	7.5	6.9	32
IFX.DE	6.4	6.3	6.7	30
PD	6.3	6.2	6.7	31
ZIP	5.4	5.8	4.6	28
AZN.L	5.4	5.2	6.0	30
LLOY.L	5.4	5.3	5.6	26
2331.HK	5.9	5.5	6.8	28
ARES	5.3	5.2	5.7	32
DTC.AE	5.0		5.0	17
NEX.PA	5.8	5.8	5.8	27
SDG.PA	5.3		5.3	12
GPT.ASX	4.8	4.0	6.5	28
HTGMQ	4.0		4.0	11
JBSS	5.7	6.3	4.4	31
00175.HK	7.1		7.1	16
BAER.ZU	6.5	6.2	7.1	24
FRST	5.9	5.8	6.1	28
VANQ.L	4.8	5.2	3.9	25
BOY.L	5.6	5.8	5.3	27
PACK	5.8		5.8	15
VRM	6.0		6.0	12
RXO	4.8	5.0	4.4	31
AME	6.5	6.7	6.1	32
COO	5.4	4.7	6.9	32
AXON	5.8	6.2	4.7	32
CBRL	4.9	4.8	5.3	31
MF.PA	5.3	5.3	5.4	27
ALTME.PA	4.4		4.4	8
SITM	6.3	6.8	5.1	31
VRDN	4.3	4.5	4.0	29
VIV.PA	4.1	4.2	4.0	27
NSSC	6.4	6.3	6.5	31
TENG.L	4.4		4.4	16
TE.PA	4.8	4.3	6.1	30
NWPX.US	6.4	6.7	5.8	31
EQT	6.1	5.8	6.9	32
TOM2.NV	5.0		5.0	16
CCK	6.7		6.7	17
TIT.MI	5.4	4.7	6.9	28
LEG	5.8		5.8	16
INTR	6.2	6.2	6.1	27
PCG	5.5	4.8	7.1	32
SNBRQ	4.3		4.3	15
PAY.US	5.9	6.2	5.1	32
RIO.L	6.1	6.0	6.2	28
TOON	6.1		6.1	14
SHL.DE	5.7	5.5	6.1	30
GEA.PA	6.4		6.4	14
LEN.B	4.9	4.7	5.3	4
STMN.ZU	6.7	6.8	6.5	28
PLAY	3.9	3.5	4.9	29
ST	6.8	7.0	6.5	32
CVBF	6.7	6.7	6.8	28
EQNR	6.6	6.0	7.9	32
ZIM	5.9	5.8	6.0	31
GEL	5.9	6.0	5.7	30
BEZ.DE	4.9		4.9	16
3800.HK	4.4	4.2	5.0	27
NTRS	6.3	6.2	6.5	28
FTRE	5.6	5.7	5.3	31
MVBF	6.1	6.2	6.0	28
DNLM.L	5.9	6.0	5.8	27
PYPL	5.9	5.0	7.9	32
FAA.DE	6.9		6.9	16
AGNC	4.8	4.2	6.1	29
EOAN.DE	5.6	5.5	5.7	29
FLD	5.0	5.5	3.9	27
FHB	5.6	5.2	6.5	28
1GBS.DE	5.1		5.1	10
SDI.L	6.4	7.0	5.1	27
SKHY	6.8	6.5	7.6	29
LATOb.ST	5.1		5.1	15
WOR.ASX	5.0	4.8	5.4	29
NK.PA	6.5		6.5	16
ARQT	6.0	6.5	4.7	32
ITUB	5.3	5.2	5.6	28
ALU.ASX	4.8	5.2	3.9	13
IBAB.BR	5.4		5.4	16
KE	6.2	6.5	5.6	31
MGRC	6.4	6.3	6.7	31
DBG.PA	6.1		6.1	16
PANW	5.4	5.5	5.1	32
RR.L	5.9	6.0	5.6	28
GEN.L	5.3	5.2	5.4	27
CBKD.L	5.6		5.6	9
KENDR.NV	6.2		6.2	16
ELV.ASX	5.6	5.0	7.1	28
STRF	4.2		4.2	10
ACHC	5.9	6.3	5.1	31
MYE	6.8	7.3	5.7	31
BCYC	4.3	4.2	4.6	29
ELUXB.ST	4.7		4.7	16
IFRX	4.4	4.3	4.7	26
CC.US	5.0	5.2	4.4	30
VU.PA	5.6	5.7	5.3	28
NVM.DE	6.2		6.2	14
SRAD.L	6.2	6.5	5.4	27
DEQ.DE	5.3	5.0	6.1	27
PARKIN.AE	6.1		6.1	17
FLT.ASX	5.9	5.7	6.5	27
UHAL	5.0	4.8	5.4	30
G1A.DE	6.0	5.8	6.4	28
DEYAAR.AE	8.2		8.2	16
WRLD	6.8		6.8	17
HLLY	5.9	5.3	7.2	32
SZG.DE	6.2	6.3	6.1	30
GMR.L	5.8	6.0	5.4	27
HILS.L	6.3	7.0	4.6	27
DTE	4.7	4.3	5.6	32
AMBA	4.8	4.8	4.9	30
SNDX	3.7	3.8	3.5	30
GRDN	7.3	8.5	4.6	32
00857.HK	6.5		6.5	17
FSTA.L	5.3	5.3	5.3	28
AQN	4.5	4.0	5.7	31
NPO	6.5	7.0	5.4	31
GMD.ASX	7.3	7.2	7.5	28
FAN.L	6.1	6.3	5.7	28
BRO	6.0	5.3	7.8	32
REP.MC	6.8	6.5	7.5	30
GNW	6.0	6.0	6.1	31
BG	6.1	6.5	5.1	32
SHC.L	4.9	4.7	5.3	28
DG.PA	5.9	5.5	6.9	28
THFF	5.8	5.7	6.0	28
AGRO	6.6	6.7	6.4	30
ING.L	6.7		6.7	16
DBV.PA	3.6		3.6	13
XMTR	6.0	6.7	4.3	29
FSKRS.HE	5.4		5.4	17
KCO.DE	4.9	5.2	4.3	24
IQV	6.1	6.3	5.8	32
MP	4.6	4.8	4.0	30
IBCP	6.2	6.0	6.8	27
BRSP	5.0	4.8	5.4	29
TIG.L	4.6	4.8	4.3	25
TTK.DE	4.4		4.4	15
ATYM.L	7.1	7.2	6.9	29
IMRX	4.6	4.7	4.3	24
SPSY.L	6.5		6.5	16
AXIAY	6.8		6.8	17
USNA	5.8		5.8	16
LOB	5.8	5.7	6.1	28
DFH	4.6		4.6	16
ABM	6.1	6.3	5.7	30
690D.DE	5.8		5.8	15
AAK.ST	5.8	6.0	5.3	30
EMEIS.PA	5.6		5.6	15
OCUL	3.9	4.0	3.6	29
CRDO	7.2	7.8	5.8	32
ROOT	5.9	6.0	5.8	31
CGF.ASX	6.5	6.2	7.2	27
SOU.L	4.0		4.0	11
TPG0.DE	6.7		6.7	16
FBU.ASX	4.8	4.5	5.4	27
ALM.MC	6.7		6.7	17
SEE.L	4.1	4.5	3.3	26
836.HK	6.9		6.9	16
GVA	5.6	5.2	6.5	30
TOL	5.2	4.8	6.0	32
YOU	7.3	7.3	7.2	32
REKR	4.0	3.8	4.4	27
SLAB	5.1	5.5	4.2	31
TCL.ASX	4.7	4.2	5.7	28
VETO.PA	7.1		7.1	16
DXPE	6.9	7.3	6.1	31
LIN	6.1	6.0	6.2	32
EVH	5.4	5.5	5.3	31
SIRI	5.8	5.0	7.5	32
KFRC	6.7	7.3	5.3	31
ALSMA.PA	4.2		4.2	14
KEEL	3.6	3.8	3.3	30
VIMIAN.ST	5.6	5.8	5.1	29
NRO.PA	6.7		6.7	16
FDS	6.2	5.5	7.8	32
EC.PA	6.9		6.9	14
STRL.US	7.1	7.7	5.8	32
SKJE.CO	6.1		6.1	11
GBT.PA	5.4		5.4	15
BNP.PA	6.1	5.8	6.9	25
TRI.L	5.9	6.2	5.1	25
WLDN	5.8	5.8	5.8	32
EHTH	5.6	5.5	5.8	29
MWH	5.7	5.7	5.8	29
ALTG	4.6	4.8	4.3	28
9101.T	6.5		6.5	15
6806.HK	6.5		6.5	14
AGL	5.5	6.2	3.8	28
LZM	3.9	4.2	3.3	28
1299.HK	5.4	5.5	5.3	28
DE	7.0	7.5	5.7	32
6099.HK	6.3	5.8	7.4	26
OABI	5.6	6.2	4.2	28
SBT.PA	6.0		6.0	16
HRPK.DE	6.2	6.0	6.7	25
MDU	5.0	4.7	5.6	32
AFX.DE	5.0	4.5	6.2	24
CERT	4.9	4.7	5.3	30
M5S.DE	4.3		4.3	12
VIST	6.7	6.3	7.8	31
WRBY	5.4	5.8	4.6	32
RPAY	6.0	5.8	6.5	29
AVTX.NV	3.3	3.3	3.3	25
OMF	5.8	5.7	6.1	28
UPLD	5.4	5.3	5.8	27
FLG	5.2	5.3	5.1	28
NMRK	5.9	5.5	6.9	31
CHN.ASX	4.3	4.3	4.2	24
IVVD	4.5	4.7	4.2	28
RRGB	5.6	6.0	4.6	28
MBRFY	5.3		5.3	14
DIDIY	4.7	4.8	4.4	29
OPM.PA	5.4	5.0	6.4	27
JEN.DE	7.3	7.8	6.0	29
AKTIA.HE	5.1		5.1	15
UTI	5.6	5.7	5.4	32
UPS	6.0	6.3	5.4	32
ZZb.ST	7.1		7.1	17
BAX	5.5	5.5	5.4	31
HAL	6.6	6.8	6.2	32
FSLR	6.8	6.7	7.2	32
HUN	4.8	4.7	5.1	31
EQH	5.7	6.2	4.6	29
TRUP	5.3	5.5	5.0	31
EFC	5.7	5.5	6.2	29
BALDB.ST	6.5		6.5	17
WBD	4.8	4.7	5.0	29
N4G0.DE	4.3		4.3	14
WSE	6.1	5.7	6.9	28
HNR1.DE	5.7	5.3	6.5	30
ANODb.ST	5.6		5.6	17
BRKR	6.0	6.3	5.4	32
BTDR	4.9	5.0	4.6	29
WMK	5.6		5.6	12
SOLS	5.8	5.7	6.0	32
PIG.PA	5.0		5.0	15
AKE.PA	5.9	5.5	6.7	30
ANORA.HE	5.8		5.8	17
VSH	7.0	7.7	5.3	32
OTB.L	5.4	5.5	5.1	24
M7U.DE	5.0		5.0	16
AADX	5.0	5.2	4.4	24
CLN.ZU	6.4	6.7	5.7	27
DOV	6.4	6.5	6.2	32
IPH.ASX	5.7	5.2	6.8	27
ANIP	6.2	5.8	7.2	32
DHL.DE	6.3	6.2	6.4	30
WVE	4.2	4.3	4.0	29
SEZL	7.1	7.2	6.8	31
BLKB	5.4	4.8	6.8	32
LRN	6.0	5.5	7.1	32
GE	6.1	6.2	6.0	32
DBRG	6.7		6.7	15
CBSH	6.1	6.0	6.2	28
SIS.DE	5.3		5.3	15
BHC	6.5	6.2	7.2	29
ABB.ASX	5.8	5.7	6.0	27
HLS.ASX	4.8	4.5	5.6	26
ALNTG.PA	5.4		5.4	12
00981.HK	5.7		5.7	17
MMB.PA	6.4		6.4	16
THC	7.2	7.2	7.2	32
SHUAA.AE	4.4		4.4	11
LDO.MI	5.9	5.7	6.5	30
CVE	8.3	8.7	7.4	31
WFA.DE	4.7		4.7	7
TRST.L	5.3	5.3	5.4	24
LPL	5.3		5.3	16
DHT	6.8	6.8	6.9	32
ALMOU.PA	6.5		6.5	15
NOG.L	5.6		5.6	13
INDU-A.ST	6.5		6.5	15
AUB.ASX	5.6	5.3	6.4	28
ANTIN.PA	5.8	5.3	7.1	28
CTEC.L	5.6	5.8	5.3	28
670.HK	5.4		5.4	15
JMAT.L	4.8	4.8	4.7	27
4911.T	5.6		5.6	16
5333.T	6.7		6.7	15
TRDA	4.2	4.7	3.1	29
TEM.L	5.1		5.1	3
JBL	6.0	6.2	5.7	32
AAPL.EUR	6.6	6.8	6.1	32
RAM.LS	5.6		5.6	16
8354.T	6.1		6.1	14
CAT	6.6	6.7	6.4	32
ULTA	6.1	6.3	5.6	32
VSTM	5.0	5.5	3.9	29
LYC.ASX	6.0	5.8	6.4	28
MTN	4.9	4.7	5.3	31
WTS	7.0	7.5	5.7	31
MTCH	7.2	6.8	8.2	29
BSY	6.2	6.2	6.1	32
PON1V.HE	5.6		5.6	17
PRM.L	3.9		3.9	12
SLM	5.6	5.5	5.8	30
TER	7.3	7.8	6.2	32
WHWK	5.0	5.3	4.4	25
DIA.MI	5.6	5.2	6.7	29
PAALb.CO	5.8		5.8	14
AIFORIA.HE	3.3		3.3	14
ITW	6.0	6.0	6.1	32
UFCS	6.6	6.8	6.0	31
XXII	4.2		4.2	14
FARN.L	4.7	5.2	3.6	20
DASH.US	5.9	5.8	6.0	32
BETA	4.8	5.2	3.8	29
IMU.ASX	3.5		3.5	15
LILAK	5.8	5.8	5.7	29
1721.T	5.3		5.3	14
BLMN	5.6	5.7	5.4	32
TRN.L	5.2	4.7	6.5	28
1873.HK	6.8		6.8	16
BMED.MI	6.5	6.5	6.4	26
SYF	6.0	5.7	6.8	28
1988.HK	5.3		5.3	15
BMY.L	6.7	7.3	5.4	27
DNOW	5.1	5.3	4.7	30
BBDC	5.2	4.7	6.4	30
8304.T	6.5		6.5	14
PNR	6.0	5.7	6.8	32
2M6.DE	6.1	5.8	6.9	26
FYNBK.CO	6.0		6.0	12
TITC.BR	6.4		6.4	15
CPB	4.8	4.2	6.1	32
VGNT	6.8	7.2	5.8	28
MCG.L	4.9	4.8	5.3	21
NAK	3.3	3.3	3.2	27
MA10.DE	4.4		4.4	16
LNTH	6.4	6.3	6.5	32
HVT	6.2		6.2	17
WAT	6.6	7.0	5.8	32
ALTOU.PA	6.2		6.2	14
A6T.DE	5.6		5.6	14
CAG	4.4	4.0	5.4	31
SHLS	6.0	6.0	6.1	31
LVS	6.3	5.8	7.4	32
HAG.DE	5.5	5.3	6.0	29
BO.CO	4.6		4.6	15
UBI.PA	5.1	4.7	6.1	27
WUW.DE	5.8		5.8	16
HOV	5.1		5.1	17
ROAD	6.4	6.5	6.1	32
DCGO	4.3	4.3	4.3	29
NEE	5.0	4.5	6.2	32
DRH	6.2	6.5	5.6	32
6146.T	6.4		6.4	15
ALSN	7.0	7.0	6.9	32
NBHC	5.3	5.0	6.0	28
00006.HK	5.7		5.7	16
WOOF	4.5	4.0	5.8	31
INMD	5.8	5.5	6.4	31
PDFS	6.4	7.0	4.9	31
CLAR	5.2	5.3	4.9	29
WRT1V.HE	5.7		5.7	17
RIC.ASX	5.5	5.7	4.9	27
SLX.ASX	4.4	4.8	3.6	26
LNT	4.8	4.3	6.1	32
PB	5.9	5.5	6.9	28
ALLY	6.1	6.0	6.4	28
GLOO	4.9	5.0	4.6	26
1138.HK	7.1	6.7	7.9	30
BBW	6.2	6.2	6.1	32
ABS2.DE	5.3	5.2	5.4	25
KEMPOWR.HE	4.0		4.0	15
SWED-A.ST	5.3		5.3	15
AMH	6.2	6.2	6.2	31
KP2.L	3.3		3.3	8
ALJXR.PA	4.7		4.7	15
COOK	5.3	5.3	5.3	28
GENL.L	4.7		4.7	14
HCM	4.6	4.5	4.7	28
IRDM	6.7	6.8	6.4	31
RY	5.6	5.7	5.4	26
3323.HK	3.8	3.2	5.3	28
EIKN	5.0	5.3	4.3	22
BEIJb.ST	5.3		5.3	17
ARXS	6.6	7.0	5.6	28
COF	6.1	5.8	6.9	28
6645.T	6.7		6.7	16
MET.US	7.4	7.8	6.4	32
CTRI	5.5	5.7	5.1	32
STEP	4.5	4.7	4.2	29
ILU.ASX	4.4	4.2	4.9	27
TECOM.AE	7.1		7.1	17
CBU	5.0	4.7	5.8	27
AMLIF	4.0		4.0	10
ALODC.PA	6.1		6.1	16
WTI	6.3	6.2	6.4	28
BBD	5.3	5.2	5.6	28
UGI	5.3	5.5	4.7	31
RBRK	6.4	7.0	5.1	27
JLP.L	5.0		5.0	14
VSTS	5.8	6.3	4.6	29
APD	6.1	6.2	6.0	31
5020.T	5.4		5.4	17
MRN.PA	5.9	6.3	5.1	27
CRN.ASX	3.6	3.2	4.4	27
EWBC	6.4	6.3	6.5	28
B	6.3	5.8	7.4	31
TLW.L	5.7	5.2	6.8	25
NTRA	5.7	6.3	4.3	29
STO.ASX	5.8	5.7	6.1	27
ENOV	5.4	5.2	5.8	31
6098.T	5.7		5.7	17
NWH.ASX	6.4	6.2	6.9	27
3618.HK	5.8		5.8	15
6988.T	6.5		6.5	17
DKUPL.PA	5.1		5.1	10
KEY	5.8	5.7	6.2	28
ACA.PA	5.3	5.2	5.6	26
MTS.ASX	5.1	5.0	5.3	26
GMM.DE	6.1		6.1	15
MSM	7.2	8.0	5.3	30
ADAM	6.0	5.8	6.5	30
3328.HK	5.9	6.0	5.7	26
HBM	6.9	6.7	7.4	31
ORANY	7.1		7.1	16
ATLC	6.5	6.2	7.1	29
AOV.ASX	5.8	5.3	7.1	27
UGP	7.1	7.2	6.8	31
PBI	6.3	6.0	7.1	29
OKUR	5.0	5.2	4.7	25
SLDE	7.8	7.5	8.6	31
LADR	5.1	4.8	5.7	30
CAE	5.5	5.2	6.1	31
MZX.DE	6.8		6.8	16
NVDA.24-7	7.2		7.2	17
HSBC	5.8		5.8	15
BGS	5.5	5.5	5.4	31
ALPRG.PA	4.2		4.2	16
NVS	5.6	5.2	6.5	32
TXT	5.6	5.5	6.0	32
TDAY	5.9	6.2	5.1	30
BBY.L	5.6	5.7	5.3	28
MO	5.8	5.3	6.9	30
1209.HK	6.6	6.5	6.7	28
TRN.MI	5.5	4.8	7.1	29
ROR.L	6.3	6.8	5.1	28
FLY	4.6	4.7	4.4	29
MAB1.L	5.0	5.2	4.4	25
OFS	4.9		4.9	15
CPR.MI	6.8	7.0	6.5	28
NKGN	3.5		3.5	8
UNA.NV	5.4	5.3	5.6	28
XPER	5.4	5.3	5.8	28
DNORD.CO	4.6		4.6	15
EPIA.ST	6.0		6.0	17
RGN.ASX	4.8	4.3	5.8	27
PRAX	4.6	4.8	4.3	26
TFI.PA	5.3	5.3	5.4	28
ADBE	5.9	4.9	8.1	33
4902.T	6.1		6.1	16
UTL	5.4	5.3	5.6	31
ONWD.BR	4.6		4.6	13
SNC.LS	3.9		3.9	15
EMBLA.CO	5.4		5.4	17
SONY	6.8		6.8	17
GRRR	4.4	4.2	5.0	29
DGII	6.6	6.8	6.2	31
RUM	4.6	5.2	3.3	27
GWRE	6.2	6.5	5.6	32
CBA.ASX	3.8	3.3	5.0	24
INIO	5.2	5.2	5.1	28
LGVN	4.6	4.7	4.3	27
SSPG.L	4.9	4.8	5.3	26
HMU.DE	5.4	5.5	5.3	28
AED.BR	6.9		6.9	16
PSX	6.3	6.3	6.2	32
MAIRE.MI	5.5	5.5	5.4	30
9696.HK	5.8	5.3	7.1	30
GMAB.US	6.3	6.2	6.7	32
FRA.DE	5.9	5.8	6.2	29
TPC	6.6	7.0	5.8	30
VSVS.L	6.3	7.0	4.7	26
ROKOb.ST	6.0		6.0	16
PIN.L	5.0		5.0	4
INVP.L	4.9		4.9	14
ADP	5.4	5.3	5.7	32
CRDF	4.0	4.0	3.9	28
MDM.PA	5.0		5.0	14
FWDI	4.5	4.7	4.2	30
1925.T	6.9		6.9	15
01055.HK	5.1		5.1	15
FXPO.L	4.2		4.2	15
GYRE	4.4	4.8	3.5	29
SOP.PA	5.7	5.3	6.5	28
LPK.DE	4.8	5.0	4.4	26
RNA	4.9	5.3	4.0	23
ALAFY.PA	3.9		3.9	13
BARC.L	4.9	4.7	5.3	26
TPB	5.7	5.5	6.2	31
MTZ	6.3	6.7	5.4	32
CQR.ASX	4.8	4.2	6.2	27
MIN.ASX	5.8	5.3	7.1	28
SSABAH.HE	4.7		4.7	10
TTEC	5.0		5.0	16
NCCb.ST	4.6		4.6	17
NI	5.2	4.7	6.5	31
IEL.ASX	5.3	5.0	6.0	28
FTS	4.9	4.5	5.8	30
CELC	5.2	5.8	3.9	25
0B2.DE	5.9	6.2	5.3	21
MNDY	6.5	6.3	6.9	32
BHP	6.1	6.0	6.5	30
BXSL	5.5	5.3	6.1	30
RLAY	4.7	5.2	3.5	30
316.HK	4.9		4.9	16
COIN	4.5	4.3	5.0	31
EMN	5.8	5.7	6.1	32
SEG	4.7	5.0	3.9	28
ALSTW.PA	5.4		5.4	15
PBR	6.8	6.2	8.3	32
WMS	7.1	7.3	6.7	32
DFS.L	5.3	5.2	5.4	27
VALE	5.4	4.5	7.4	32
AMZN.24-7	6.1		6.1	17
SBNY	6.9		6.9	13
LSCC	6.4	6.7	5.6	31
NX	6.7	6.7	6.7	31
PRX.NV	5.2	5.0	5.6	27
PRVA	6.1	6.5	5.1	32
DNUT	4.2	4.2	4.3	29
SMHI	5.9	7.0	3.5	29
FSLY	5.7	5.8	5.4	29
BA.L	4.9	4.8	5.1	28
AKBA	4.8	4.8	4.7	28
MGY	7.4	7.2	7.8	32
VRSK	6.2	6.0	6.7	30
FSM	6.8	6.2	8.1	31
AIRS	4.5	4.3	4.9	29
TCM.CO	6.0		6.0	16
CNI	6.1	5.7	6.9	31
FEVR.L	5.6	6.2	4.3	28
GRAB	6.2	6.5	5.6	32
STEM	4.4	4.2	4.9	25
SAP	6.2	6.2	6.1	32
BMN.ASX	4.2	4.5	3.6	26
CRSU.PA	5.8		5.8	12
S.US	5.3	5.5	4.9	29
DBX	5.8	5.5	6.5	29
OPFI	6.0	6.0	6.0	29
QCOM	6.7	6.7	6.7	32
WBX	4.9	5.3	4.0	21
MWB0.DE	7.4		7.4	11
RRL.ASX	6.9	6.2	8.5	28
AMSC	6.2	6.8	4.7	31
SKWD	7.1	7.3	6.5	31
GNC.L	4.3	4.3	4.3	27
ROIV	5.3	6.5	2.5	30
DV	5.8	5.5	6.5	31
GFL	5.4	5.3	5.7	30
CNQ	7.1	7.2	6.8	31
PKOH	7.1	7.7	5.6	31
OGN.US	6.7		6.7	17
SARO	5.3	5.2	5.7	32
CABO	4.9	4.2	6.4	30
7269.T	6.5		6.5	17
LIVN	6.9	7.3	6.1	32
SERE.L	5.0		5.0	4
QED.L	3.2		3.2	11
TDY	6.4	6.3	6.8	32
PRV.L	4.9		4.9	16
CELH	6.6	6.6	6.7	33
SSMR	4.7	5.2	3.5	24
BVI.PA	6.0	6.3	5.3	28
ALNOV.PA	5.7		5.7	13
WEN	5.9	5.8	6.1	31
TIV.CO	5.1		5.1	14
9147.T	5.8		5.8	17
CLW	5.2	5.5	4.4	30
PCA.L	4.3		4.3	12
USLM	6.5		6.5	17
HLT	6.4	6.3	6.7	30
BIM.PA	6.1	5.8	6.8	28
ALTOO.PA	4.2		4.2	11
SINCH.ST	5.3	5.3	5.4	30
AOF.DE	6.5	6.5	6.4	29
TEMN.ZU	6.1	6.0	6.5	30
SF3.DE	6.7		6.7	16
NEC.ASX	5.2	5.2	5.3	25
CSTL	5.8	6.2	4.9	29
ASCE.BR	6.7		6.7	16
DIB.AE	5.7		5.7	15
AMP.US	6.9	6.7	7.5	31
COLUM.CO	4.2		4.2	14
SGP.ASX	5.9	5.7	6.5	28
CEPU	6.8	6.5	7.5	31
HYQ.DE	5.7	5.7	5.6	27
CCN.PA	6.1		6.1	12
BLLN	5.7	6.1	4.9	33
OR.US	5.7	5.8	5.4	31
PHR.LS	4.3		4.3	11
NP5.DE	4.5	4.8	3.8	22
KDP	5.9	5.5	6.7	32
3692.HK	6.0	5.7	6.8	27
UBS	6.1	6.0	6.2	27
LFUS	6.5	6.8	5.8	30
SRAG.DE	5.3		5.3	14
NEU.ASX	5.2	5.5	4.6	27
AJ91.DE	6.2		6.2	14
DTM	6.0	6.0	6.1	32
SNEX	6.2	6.8	4.9	29
LIT.L	4.7		4.7	12
ARCAD.NV	6.0	6.2	5.6	28
ING.ASX	4.8	4.5	5.6	28
TENB	5.3	5.0	6.1	32
IMSR	4.6	4.7	4.3	25
MSFT.EUR	7.2	7.2	7.1	32
6690.HK	5.2	4.8	6.1	30
STT	6.4	6.3	6.7	28
00388.HK	7.5		7.5	17
AD	5.1	5.2	4.9	31
XPS.L	6.0	6.3	5.4	27
HDB	5.7		5.7	14
SKYW	5.4	5.3	5.8	32
9992.HK	5.8	5.2	7.2	28
AB.PA	5.3		5.3	12
TSLA.EUR	4.9	5.3	3.9	32
ABEO.PA	6.0		6.0	13
OFRM	4.7	5.0	3.9	28
PPL	5.5	5.0	6.8	31
CKF.ASX	5.0	4.3	6.5	27
TU	3.9	3.2	5.4	30
STM.US	6.1	6.2	5.8	31
SUNB.L	5.6	5.2	6.4	31
UAVS	4.0		4.0	13
CASH	5.4	5.5	5.3	27
MBWM	6.1	6.0	6.2	28
AAL	5.1	4.7	6.1	29
ZM	6.4	6.3	6.8	31
EVD.DE	6.1	5.8	6.8	30
SOLV	6.3	6.8	5.3	32
BW	5.8	6.3	4.7	28
3382.T	5.6		5.6	15
EL	5.9	5.8	6.1	32
SLQT	6.3	6.5	6.0	28
KFY	6.1	6.2	5.8	31
1919.HK	6.2	6.3	6.1	28
COUR	5.4	5.3	5.7	29
CRC	5.1	4.2	7.1	31
LFST	6.3	6.8	5.1	32
ACX.DE	4.6		4.6	14
LFCR	4.4	4.8	3.5	26
4519.T	6.9		6.9	17
HFG.DE	4.2	3.2	6.5	28
WYFI	4.0	3.7	4.7	29
HYSG.BR	5.4		5.4	16
UMI.BR	6.0		6.0	16
BRE.MI	6.2	5.8	7.1	28
ASPS	5.0		5.0	15
AAPL	6.6	6.8	6.1	33
CDRE	6.2	6.3	6.0	30
RPM	6.1	6.3	5.8	32
NVO	5.8	4.8	8.3	32
GOZ.ASX	4.9	4.3	6.4	28
SRB.L	7.6		7.6	16
MNY	4.3		4.3	12
NVX.ASX	4.3		4.3	11
STM.DE	6.8	6.8	6.8	29
SKISb.ST	5.7		5.7	17
DR0.DE	7.4		7.4	16
SPNT	6.6	6.8	6.0	32
DSGX	6.8	6.8	6.9	31
SCYR.MC	6.9		6.9	16
ALGID.PA	4.9		4.9	15
GFT.DE	6.6	7.0	5.8	28
ALHGR.PA	4.4		4.4	8
EAPI.PA	5.3		5.3	14
TAC	5.8	5.5	6.5	31
CANATU.HE	3.8		3.8	14
EIG	5.1	5.3	4.6	31
STX.US	7.6	7.8	7.1	32
CME	5.3	5.1	5.7	33
UPBD	5.6	5.3	6.2	32
REMEDY.HE	5.0		5.0	15
DOUG	5.6		5.6	15
CEA.DE	4.7		4.7	13
1803.T	5.3		5.3	14
1929.HK	5.9	5.8	6.1	28
RDZN	4.5	4.7	3.9	28
CXM	5.8	5.8	5.8	31
EPROb.ST	5.8		5.8	17
LAND.ZU	5.3	5.3	5.4	27
HYFM	4.2		4.2	12
SF.US	5.7	5.2	6.8	30
RXST	4.7	4.5	5.3	29
KBR	5.9	6.0	5.6	32
PSPN.ZU	4.3	3.7	5.7	29
ALCUR.PA	4.7		4.7	13
IPS.PA	6.4	6.0	7.2	28
AGO	6.0	5.5	7.1	30
GOEVQ	4.0		4.0	12
ATTO	4.8	5.3	3.6	20
TZOO	4.8	4.7	4.9	28
PRI	6.4	6.0	7.2	31
ENGI.PA	5.9	5.8	6.0	29
PONY	4.3	4.5	3.8	29
AIV	5.3		5.3	14
PLTR	6.5	6.5	6.4	32
HMH	5.6	5.7	5.4	26
RIO	5.8	5.2	7.1	30
PPT.ASX	4.9	4.5	5.7	27
URW.PA	5.7	5.0	7.2	28
DAKT	6.4	6.8	5.6	31
PINS	5.6	5.0	6.9	32
REPX	7.0	6.5	8.2	31
ESQ	6.2	6.0	6.7	27
BTU	4.7	4.5	5.0	30
FIX	7.5	8.2	6.0	31
QB7.DE	5.7		5.7	11
ASND	6.1	6.5	5.3	32
VITb.ST	6.8		6.8	17
LSEG.L	5.4	5.0	6.4	28
WDFC	6.3	6.8	5.3	31
ED4.DE	5.3		5.3	14
FNF	5.6	4.8	7.4	31
GHH.L	6.0	6.8	4.0	27
ARIS	7.3	7.2	7.4	30
UWMC	3.4	3.3	3.6	29
KDK	4.6	4.7	4.3	26
CIBUS.ST	5.1		5.1	16
KWY	5.0		5.0	14
KRUS	4.4		4.4	15
USFD	6.0	6.3	5.4	31
PROX.BR	6.7		6.7	17
2503.T	5.8		5.8	17
GMED	6.6	6.2	7.5	32
PBYI	6.8	7.2	5.7	29
OPTX	3.6		3.6	13
CYD	5.5	5.5	5.4	21
VISN	5.5	5.5	5.6	30
TRB.L	4.9		4.9	16
8316.T	6.7		6.7	14
THRY	5.1	5.0	5.3	29
ADEA	6.6	6.5	6.7	31
ESLT	6.0	6.5	4.9	31
XNCR	4.9	5.3	4.0	29
CDI.PA	6.5		6.5	12
NCNO	5.4	5.3	5.6	31
HON	5.9	5.8	6.1	32
ALNSE.PA	6.2		6.2	16
SFR.ASX	6.4	6.0	7.4	28
3436.T	4.9		4.9	16
ASIX	4.4	4.7	3.6	29
MSEX	5.1	4.7	6.1	30
1628.HK	5.4		5.4	14
IMXI	5.4	5.3	5.6	31
UHAL.B	5.6	5.8	5.0	4
SBET	4.2	4.3	4.0	29
1913.HK	5.7	5.7	5.8	28
EXPD	7.0	7.8	5.3	32
MASS	6.1	6.7	4.7	28
CAM.L	5.1		5.1	15
Q	6.9	7.0	6.8	32
CNR	5.4	5.5	5.3	31
LKFT.NV	5.8	5.7	6.1	28
NRIM	6.2	6.3	6.0	28
2914.T	6.9		6.9	17
NU	6.5	6.5	6.4	28
LIV.L	5.6		5.6	12
ATCO-B.ST	5.7		5.7	16
03690.HK	4.7		4.7	16
HVN.ASX	5.5	5.2	6.1	28
METCB	3.9		3.9	13
INTU	6.4	5.8	7.8	32
GAP	6.2	6.5	5.6	31
QFG.BR	4.4		4.4	13
FCT.MI	5.2	4.8	6.2	28
AMV0.DE	4.8	4.7	5.1	27
CAPD.L	6.7		6.7	16
KGX.DE	6.1	5.7	7.1	30
PLX.PA	6.2	5.5	7.9	27
REINA.NV	4.9		4.9	8
SVRA	4.4	4.7	3.8	25
MGEE	5.1	4.7	6.1	31
1347.HK	5.0	5.0	5.0	29
ABR	4.2	4.2	4.3	30
ROG	6.8	7.0	6.2	31
ABO.DE	6.2		6.2	13
HOG	5.3	5.2	5.6	32
STGW	6.5	6.7	6.0	32
USB	6.3	6.2	6.5	28
CNE.L	7.4		7.4	16
3808.HK	6.4	6.2	6.9	27
5019.T	6.2		6.2	14
SBCF	5.6	5.3	6.2	28
AMCI	3.8		3.8	10
LEN.DE	5.0	5.0		3
TSLA.24-7	4.2		4.2	17
FFBC	6.1	6.0	6.2	27
LIC.ASX	5.1	4.8	5.7	28
SG	4.9	5.3	3.9	31
OOMA	6.1	6.3	5.7	31
ATRA	5.3	6.0	3.8	26
ANTX	5.2	5.7	4.0	24
MTO.L	5.7	6.2	4.6	27
IONS	3.9	4.3	3.1	31
OERL.ZU	6.7	6.8	6.5	28
KOPN	5.8	7.0	3.1	31
ZUMZ	6.0		6.0	16
IDXX	6.1	6.2	6.0	32
MYRG	6.6	7.3	4.9	31
FC	4.8	4.7	5.1	29
PLNT	6.3	5.8	7.4	30
TRIFOR.CO	4.6		4.6	17
8830.T	5.4		5.4	14
JD.US	5.2	5.0	5.6	32
HWDN.L	6.0	6.0	6.0	28
FMC	5.4	5.5	5.1	31
ALBON.PA	5.8		5.8	15
ANE.MC	5.7		5.7	16
RWA.L	5.3	5.8	4.3	25
BLND.L	4.7	4.2	6.0	28
TEAM	5.4	5.5	5.3	31
BXDC	5.3	5.5	4.7	17
VAU.ASX	6.3	5.7	7.8	28
ROP	5.2	4.2	7.5	32
ACX.MC	6.1	6.2	6.0	29
OMCL	6.4	6.8	5.4	31
6969.HK	5.0	5.2	4.4	27
991.HK	6.0		6.0	16
DIE.DE	5.4		5.4	14
S32.ASX	5.8	5.8	5.8	28
IBEX	7.2	7.7	6.1	31
ALSPW.PA	4.3		4.3	9
QUIK	4.8	5.3	3.5	29
KTB	6.1	5.7	6.9	32
BLDR	5.1	5.0	5.3	32
DFTX	5.0	5.3	4.4	25
ERII	5.2	4.8	6.1	31
MCOVb.ST	3.5		3.5	16
SHI.L	4.6	4.5	4.9	26
NECB	6.6	6.5	6.7	27
NACON.PA	5.8		5.8	11
PDL.L	3.8		3.8	13
DSV.CO	6.2		6.2	17
VST	5.7	5.2	6.8	32
ALMIN.PA	5.3		5.3	14
NIOX.L	5.1		5.1	16
EQX	6.0	5.7	6.8	31
FWONA	6.0	6.0	6.0	31
ZEPP	4.4	4.2	5.0	24
RWT	4.4	4.3	4.6	28
LILA	6.7	7.0	6.0	28
AMG	7.2	7.2	7.2	32
GDRX	5.2	4.7	6.2	32
BC8.DE	6.1	6.3	5.6	28
LOV.ASX	5.7	5.5	6.1	28
SUI.US	5.2	5.2	5.3	32
CRBP2.PA	6.0		6.0	12
SMG.ZU	5.9	5.5	6.9	27
BNL	5.8	5.7	6.0	32
ABT.US	6.0	5.8	6.5	32
NEXA	6.4	6.0	7.2	31
PVH	5.9	5.5	6.9	31
BBAR	4.9	4.8	5.0	27
ALFPC.PA	5.4		5.4	16
NG.US	4.3	4.5	4.0	28
WAL	5.8	5.7	6.2	28
NHF.ASX	5.4	5.2	5.8	28
12.HK	6.7		6.7	14
SANOMA.HE	5.6		5.6	17
FAF	5.8	5.3	6.8	32
ILM1.DE	5.8	5.8	5.8	28
NTR	5.5	5.0	6.5	32
LUV	5.6	5.3	6.4	32
S188.DE	4.4		4.4	14
MNTN	6.8	6.5	7.4	31
01928.HK	5.3		5.3	15
CDXS	4.4	4.8	3.5	29
6818.HK	5.8		5.8	14
ROP.ZU	6.2	6.0	6.7	28
HICL.L	4.9		4.9	4
ALPWG.PA	5.8		5.8	16
CNA.L	6.1	5.8	6.7	28
MRTN	5.9	6.3	5.1	32
TXNM	6.0		6.0	17
TMDX	5.5	5.5	5.6	32
SN	7.3	8.0	5.6	31
ARKO	5.5	6.0	4.3	31
UN0.DE	5.3	5.2	5.4	28
GEF.B	4.9	4.8	5.0	4
ISS.CO	6.4		6.4	16
HUSQB.ST	6.1		6.1	17
KLS.ASX	5.8	5.7	6.2	28
CSN.L	4.9	5.0	4.6	27
GRE.MC	5.9	5.8	6.0	29
VOGX	4.4	4.7	3.6	17
COVH.PA	6.0		6.0	15
EVK.DE	6.1	6.2	5.8	30
TEO	6.0	5.8	6.4	29
778.HK	5.0		5.0	13
SLVM	5.1	5.0	5.3	32
HLX	6.8		6.8	15
ANF	7.1	7.0	7.2	32
BB	6.1	6.3	5.8	30
KBHL.CO	5.8		5.8	14
FDEV.L	6.9	7.0	6.8	27
YAL.ASX	5.9	5.5	6.7	26
APLE	6.2	6.2	6.1	32
REPL	4.9	5.7	3.1	26
LOTB.BR	5.3		5.3	16
ELF	6.3	6.5	5.8	32
SDZNY	5.6		5.6	16
ERAG.DE	7.1		7.1	16
NGVC	6.1	6.2	5.8	30
MSA	6.6	6.7	6.5	31
CI	6.1	6.0	6.5	32
APGE	3.3		3.3	11
669.HK	4.6		4.6	16
FE	5.3	4.7	6.7	32
SU	7.6	7.7	7.5	31
PATK	5.5	5.5	5.6	32
4523.T	6.1		6.1	17
REZI	6.2	6.5	5.4	31
GNS.US	5.0		5.0	14
LBRT	6.0	6.5	4.9	32
BNR.DE	6.0	5.8	6.4	30
ZTS	6.4	6.2	6.9	31
MFLTY	3.9		3.9	10
GROY	5.1	5.2	4.9	31
TUI1.DE	4.8	4.5	5.4	30
RNG	6.1	5.8	6.7	29
JM.ST	3.6		3.6	16
SLG	5.6	5.7	5.3	31
FCX	6.9	6.8	7.1	32
SLNAF	4.0		4.0	10
HH.CO	4.2		4.2	15
LIFE	6.1	6.3	5.7	30
DCH.US	5.5	5.0	6.5	31
MEDP	6.2	6.5	5.6	31
HNI	5.8		5.8	16
HARBb.CO	4.9		4.9	14
IRE.ASX	6.0	6.2	5.7	27
MTUS	5.0		5.0	17
WCC	7.0	7.7	5.3	32
KLSO.L	6.2		6.2	13
AEHR	5.0	5.7	3.3	29
GMG.ASX	5.6	5.0	7.1	28
KALMAR.HE	6.2		6.2	17
1801.T	6.2		6.2	15
6762.T	6.2		6.2	17
GDYN	6.2	6.5	5.6	31
MBQ.DE	6.4		6.4	13
AVT.PA	4.0		4.0	13
EQV1V.HE	6.2		6.2	14
MLGO	4.7		4.7	13
SBBb.ST	5.7		5.7	15
4062.T	6.4		6.4	17
BPT.L	5.9	5.8	6.1	28
7201.T	5.3		5.3	16
AENA.MC	6.6	6.7	6.4	30
ALICA.PA	6.2		6.2	16
PTC	5.7	5.5	6.2	32
ALAB	7.0	7.5	5.8	33
CVC.NV	6.7	6.7	6.8	28
EXPO	6.6	7.0	5.7	31
JNJ	6.8	6.8	6.7	32
QLT.L	5.3	5.2	5.7	28
PSEC	5.5	5.3	6.1	30
IDR.US	5.9	6.0	5.8	31
RACE	6.7	7.3	5.4	32
UFPT	4.9		4.9	17
GILD	6.5	6.5	6.4	31
SURF.CVR	5.0	5.0		0
BIIB	6.8	6.8	6.8	32
FIRY	4.7		4.7	13
GHRS	5.2	5.7	4.0	25
SBI.HE	4.7		4.7	13
CLVT	5.2	4.7	6.4	29
TECX.CVR	5.0	5.0		0
A2M.ASX	6.3	6.3	6.2	27
KEYS.L	4.9		4.9	16
MAS	6.6	6.7	6.4	31
TABREED.AE	6.2		6.2	16
DGE.L	5.2	5.0	5.7	28
IVCBF	4.3		4.3	8
IDYA	5.1	5.7	3.8	28
M.US	6.0	6.0	6.0	31
PHR	5.9	5.8	6.0	32
GXO	5.2	5.0	5.8	32
RNST	5.9	5.5	6.7	28
7186.T	6.0		6.0	14
4755.T	5.7		5.7	16
IDA	5.3	4.7	6.7	32
PSH0.DE	4.1	4.3	3.8	20
ZION	5.5	5.3	6.1	28
PIII	3.6	3.7	3.5	26
AVLN	5.0	5.2	4.4	20
FBIN	5.9	5.8	6.1	32
ASR	5.8	5.0	7.6	30
4385.T	5.7		5.7	16
FIG	4.8	5.0	4.3	31
APAM.NV	5.8	5.7	6.0	28
EVR	6.9	7.0	6.7	30
ALKAL.PA	5.3		5.3	13
FIE.DE	5.8	5.5	6.5	28
PRU.L	5.9	5.5	6.8	27
SAIL	5.0	5.0	4.9	29
PII	4.7	4.8	4.4	31
RAND.NV	5.8	5.8	5.7	30
ALMKT.PA	5.1		5.1	13
TRP	5.7	5.5	6.1	30
2600.HK	6.6	6.2	7.6	30
SW	4.9	4.8	5.3	32
5214.T	6.2		6.2	16
GFRD.L	5.9	6.3	5.0	27
NAE.PA	4.7		4.7	13
MFG.ASX	5.3	5.3	5.3	28
ANGI	4.9	4.7	5.3	30
PBR.A	5.7	6.0	5.0	4
QRVO	5.9	5.5	6.8	31
SLP	5.6		5.6	16
LIFCOb.ST	5.8		5.8	17
CHDN	5.7	5.5	6.2	32
BGA.ASX	6.0	6.2	5.4	28
VNT	6.2	5.7	7.2	32
XERS	5.9	6.2	5.1	28
PNTG	6.6	7.2	5.3	32
ECONB.BR	6.2		6.2	16
BIDU	5.1	4.8	5.7	31
AMCR	5.5	5.0	6.5	31
SION	3.8	3.5	4.4	26
LYNX	5.1	5.3	4.6	21
MUM.DE	5.3		5.3	16
IART	5.8	5.5	6.5	30
151.HK	7.1		7.1	16
AXICY	7.4		7.4	14
CRNC	6.1	5.8	6.7	29
WELL.US	5.8	6.0	5.4	32
TG	6.1		6.1	15
ABG	4.7	4.2	5.7	32
OXB.L	5.1	5.7	3.8	25
ACRS	4.5	4.8	3.8	29
CURY.L	5.2	5.3	5.1	27
COH.PA	5.6		5.6	15
TSLA	4.9	5.3	3.9	32
ZURN.ZU	5.1	4.8	5.7	28
PIPR	6.5	6.7	6.1	29
ASX	6.1	6.3	5.7	31
MONY.L	6.6	6.8	6.1	27
TTALO.HE	5.3		5.3	17
CTRN	5.4	5.8	4.6	31
CNS	6.1	6.3	5.7	32
MLAB	5.8		5.8	17
OVV	7.1	6.8	7.8	32
ABEV	6.3	5.8	7.4	31
2802.T	5.4		5.4	17
GOOS	5.3	4.8	6.4	30
VIRT	7.5	7.7	7.2	30
ADMA	6.2	6.0	6.7	30
SPI.L	5.3	5.3	5.3	25
OSG	5.0	4.7	5.6	29
CALM	4.1	4.2	3.8	31
CDZ0.DE	5.3	5.2	5.4	17
LTR.ASX	5.0	4.3	6.5	28
HKFOODS.HE	6.1		6.1	16
ELIOR.PA	5.8		5.8	16
PUM.DE	4.9	4.8	5.0	27
ALRIB.PA	4.7		4.7	16
ALDAR.PA	6.0		6.0	14
PAY.L	6.7		6.7	16
HFWA	6.2	6.2	6.1	28
ALPM.PA	5.0		5.0	11
TWO	6.0		6.0	13
TE	3.6	3.5	3.8	29
PLUS.L	6.1	6.0	6.4	25
CON.US	7.5	8.2	6.0	32
HLF	6.2	6.0	6.8	29
UMC	5.9	5.8	6.1	30
PME.ASX	6.1	6.3	5.6	27
QAN.ASX	5.2	4.7	6.4	28
FLO.L	5.7	6.0	4.9	25
HUBB	6.3	6.3	6.4	32
POLN.L	6.5	6.8	5.8	27
FLEX	6.5	7.0	5.3	31
VOW.DE	5.7	5.3	6.7	28
MIPS.ST	7.0	7.5	5.7	29
OSCR	6.8	7.0	6.5	32
NBN	6.2	6.7	4.9	27
LYV	5.3	5.7	4.3	31
MGA	6.2	6.3	6.0	32
LSX.DE	5.6		5.6	16
TRU.US	6.5	6.0	7.8	32
GNL	5.6	5.5	5.7	28
RAW.DE	5.7	5.5	6.1	21
AVD	5.0		5.0	13
NIO	3.9	3.5	4.9	27
CGS.L	5.8	6.3	4.6	27
W.US	5.9	6.3	5.1	29
ENS.US	7.0	7.2	6.5	32
PSFE	5.1	4.7	6.0	30
DDR.ASX	6.4	7.3	4.4	28
FIS.US	5.3	4.3	7.6	32
BYW.DE	4.7		4.7	13
STLA.US	4.1	4.0	4.3	31
VRV.DE	6.2		6.2	15
SRE	6.1	5.8	6.9	32
LBRDK	4.2		4.2	6
AZZ	6.5	6.8	5.8	31
ZG	5.3	5.0	6.1	32
NEO.US	5.5	5.7	4.9	31
BBIO	4.7	5.2	3.6	27
IDL.PA	5.1	5.0	5.4	28
HPQ	5.4	4.8	6.7	29
SYR.ASX	4.1	4.0	4.2	22
VOYA.US	5.7	5.2	6.8	32
AMAL	6.4	6.3	6.5	27
AKTS	5.0	5.4	4.2	27
GSL	7.5	7.8	6.9	29
URG	4.1	4.2	4.0	29
PWP	5.5	5.8	4.7	28
OSIS	5.7	5.5	6.2	32
CLF.US	5.1	5.2	4.9	31
HEPS	4.9		4.9	10
AGL.ASX	5.1	5.0	5.3	27
PGC	6.5	6.7	6.1	27
MENS	3.8		3.8	8
WIX.L	5.9	6.0	5.7	27
CSG.NV	5.8	5.7	6.1	28
1605.T	7.2		7.2	17
GEO	6.8	7.5	5.1	32
1044.HK	5.7	5.5	6.2	27
GMRS	5.7	5.7	5.8	25
KTA.DE	4.2		4.2	14
CNDF.PA	6.9		6.9	12
PARKEN.CO	6.8		6.8	14
02196.HK	6.1		6.1	17
HUMA	3.6	3.5	4.0	29
YEXT	5.6	5.7	5.4	31
LUOTEA.HE	5.1		5.1	17
CYTK	4.5	4.7	3.9	28
CPAY	6.7	6.3	7.8	32
MYPS	5.1		5.1	16
PAR.PA	5.3		5.3	13
4BB.L	4.6	5.2	3.2	24
SBRE.L	6.0	6.0	6.1	27
HUSCO.CO	5.1		5.1	14
WLFC	6.3	5.7	7.8	31
RIGD.L	6.1		6.1	15
GPCR	4.5	4.7	4.0	26
KROS	4.5	4.5	4.6	28
CAF.PA	5.6		5.6	12
WAF.ASX	8.0	7.8	8.3	28
TRCS.L	5.5	5.5	5.4	27
NESN.ZU	4.6	4.2	5.4	29
APTD.L	5.0		5.0	16
SHAZ	5.0	5.2	4.7	29
FLR.US	5.3	5.7	4.4	31
SMHN.DE	6.5	7.2	4.7	30
ZURA	4.5	4.7	3.9	25
BMY	7.1	7.3	6.8	32
MTD	5.9	6.2	5.3	31
RVPH	4.4		4.4	10
PS	4.8	5.5	3.2	28
LAGRb.ST	5.3		5.3	17
1876.HK	4.6	4.5	4.9	30
BTLS.BR	3.5		3.5	13
PLPC	6.9	7.8	4.9	30
MRAM	5.3	5.5	4.9	28
EBAY	6.8	7.0	6.4	32
341.HK	5.4		5.4	16
PFS	6.0	5.8	6.5	28
GKP.L	6.4	7.0	5.0	27
NA9.DE	6.5	6.7	6.1	27
BAR.BR	5.1		5.1	14
NETC.CO	5.3		5.3	14
0941.HK	5.2	4.7	6.4	28
8725.T	6.4		6.4	14
EVS.BR	6.7		6.7	16
ML.PA	5.4	5.5	5.1	9
CAMT	6.0	6.2	5.6	29
TREE.US	6.2	6.3	6.0	31
GIC	5.1		5.1	17
ALNFL.PA	4.0		4.0	10
RTX	6.4	6.3	6.5	32
DOYU	4.9	5.2	4.3	26
FDX	7.1	7.2	6.8	32
ACGL	5.9	5.3	7.2	32
JKS	4.7	4.8	4.6	27
XD4.DE	6.5		6.5	14
9843.T	6.7		6.7	15
AEWU.L	5.3		5.3	3
9626.HK	6.0	5.7	6.7	28
1378.HK	6.7	6.3	7.8	28
TPRO.MI	6.8	7.3	5.6	28
EDV.ASX	3.8	3.2	5.3	28
DAM.DE	4.6		4.6	14
LOGC	3.9		3.9	12
EMAN.L	6.0		6.0	13
BXP	4.5	3.7	6.4	32
HEN3.DE	5.6	5.3	6.4	28
FPE.DE	6.8	7.3	5.6	27
PRLD	5.5	5.8	4.7	28
XELA	5.1		5.1	12
3750.HK	6.4	6.2	6.9	29
CBT	5.8	5.2	7.1	31
TIGR	5.8	5.2	7.2	27
ELIS.PA	6.0	5.5	7.1	28
CCEP.NV	5.8	6.0	5.3	29
DVA	6.9	7.3	6.1	31
HEAD.L	3.9		3.9	13
PEB	4.6	4.3	5.4	30
PRIM	5.5	5.7	5.0	32
POLB.L	3.3		3.3	10
CAR.L	5.4		5.4	15
WRB.US	5.7	5.2	6.9	32
SAGA.L	6.3	6.5	5.8	27
CGBD	4.9	4.2	6.5	30
WEIR.L	5.9	6.0	5.6	28
ONIT	5.9	5.8	6.2	30
PRKS	4.3	3.7	5.8	30
BTG.US	6.2	5.8	7.2	31
COTY.PA	4.2	3.7	5.4	30
RBT.PA	6.5	6.5	6.4	28
CAPMAN.HE	5.6		5.6	17
MATW	3.9	4.2	3.3	30
BVN	7.4	7.5	7.2	31
TLN	4.5	4.7	4.2	29
TMP	6.3	6.8	5.1	27
NEXT	3.9	4.0	3.8	24
KLTR	4.9	4.8	5.0	28
TFPM	6.1	6.3	5.7	30
CRBP	4.3	4.2	4.4	25
GTY	5.9	5.8	6.2	32
FELE	6.2	6.3	6.0	31
EDN	5.1		5.1	14
FMX	5.8	5.7	6.0	31
MAT	5.6	5.2	6.7	32
WSU.DE	5.3	5.3	5.4	27
ALAGR.PA	6.4		6.4	14
YOC.DE	4.6		4.6	11
IVT	5.2	5.0	5.6	31
MTVW.L	5.8		5.8	14
CCB	4.5	4.7	3.9	26
BKV	6.1	5.8	6.7	32
CMTG	4.3	4.3	4.3	26
NUF.ASX	6.2	6.7	4.9	24
ANIC.L	4.3	4.3	4.4	23
LAND	5.4	5.2	6.0	29
REI	5.9	5.5	6.7	29
6702.T	6.1		6.1	17
SEDG	4.8	4.8	4.9	31
BKKT	4.2	4.3	4.0	28
CLDX	4.0	4.2	3.6	30
IVSO.ST	5.6		5.6	15
DBD	5.8	5.8	5.7	31
AZ2.DE	6.1	6.3	5.8	25
TGYM.MI	5.8	5.7	6.0	28
GGAL	4.3	3.7	5.6	28
SRAD	5.0	4.3	6.7	32
ROCK	5.8		5.8	17
EVRG	5.1	4.7	6.1	32
RAPP	4.6	5.0	3.6	28
LECO	6.6	6.8	6.1	32
IREN	4.4	4.8	3.5	31
PBF	6.3	6.2	6.4	32
ENC.MC	4.4		4.4	15
PHM	5.5	5.0	6.7	32
IR	6.6	6.7	6.4	32
GS	6.5	6.5	6.5	30
ANET	7.4	8.0	6.1	32
DMRE.DE	6.4		6.4	14
ALDEL.PA	7.1		7.1	16
TBBB	4.8	4.7	5.0	28
PANL	7.1	7.3	6.8	31
BOBS	5.0	4.8	5.6	28
ARWR	5.0	5.5	3.8	30
NCLH	4.9	4.3	6.2	32
PBH.NV	3.6		3.6	10
HP3A.DE	5.4		5.4	16
BCS	4.2	3.3	6.4	27
AXS.L	5.7	6.2	4.4	27
SA	4.9	5.7	2.9	26
ALTA.PA	5.1		5.1	16
CACC	5.9	6.2	5.3	30
BOSS.DE	5.9	5.8	6.1	30
CMG	5.7	5.7	5.7	32
WKC	5.3	5.5	5.0	30
MNST	7.2	7.5	6.4	32
HPOW.L	3.6		3.6	13
SAFE.US	5.4	4.8	6.8	32
WHR	3.7	3.2	5.0	32
DIOS.ST	6.5		6.5	15
BGC	6.8	7.2	6.0	29
MORN	7.1	7.2	6.8	31
CHE	6.0	6.0	6.1	31
ADPT	5.1	5.6	4.0	30
ALMR	6.1	6.8	4.4	24
EVGO	4.4	4.8	3.5	29
KRNY	5.9	5.8	6.1	27
BRZE	5.8	5.8	5.7	30
HPAI	5.1		5.1	12
INS.DE	6.0		6.0	16
MCHP	6.3	6.2	6.4	32
GFM.L	6.6	6.8	6.2	27
ACET	4.5	4.7	4.2	27
8601.T	6.8		6.8	14
CRNT	5.8	6.0	5.4	30
BY	6.6	6.7	6.4	27
DINO	7.4	7.5	7.1	32
PHIA.NV	5.7	5.3	6.5	30
POMRY.PA	4.4		4.4	16
CHWY	4.7	4.2	5.7	31
ALINN.PA	4.4		4.4	14
KR	5.1	4.8	5.8	32
WIMI	4.3		4.3	15
PZS.DE	6.1		6.1	13
CLIG.L	6.8		6.8	16
WGS	4.0	4.0	4.0	30
WCPRF	6.2	5.7	7.2	25
ADTN	4.8	5.0	4.3	30
SF.ST	6.2		6.2	15
4188.T	6.0		6.0	16
CHCT	6.0	6.0	6.1	31
HUT	4.2	4.5	3.6	29
CSV	5.9	5.5	6.7	31
GSK	5.8	5.8	5.8	32
ALFEN.NV	5.3	5.0	6.1	28
QRF.BR	6.8		6.8	16
HDF.PA	6.2		6.2	14
BYW6.DE	4.9		4.9	12
5711.T	6.5		6.5	14
ALAGP.PA	4.0		4.0	13
ALFRE.PA	5.3		5.3	16
AXS.US	5.8	5.2	7.2	32
AVT.US	6.0	6.5	5.0	31
BBDO	5.1		5.1	12
ASRNL.NV	6.3	5.8	7.4	28
CARG	7.1	7.0	7.5	32
WTTR	6.6	7.3	4.9	31
REC.L	6.1		6.1	16
EMPOWER.AE	6.7		6.7	17
THRL.L	5.5	5.7	4.9	8
GBDC	4.7	4.0	6.2	30
0762.HK	5.3	4.8	6.5	28
6103.T	6.7		6.7	15
4751.T	5.7		5.7	15
7912.T	6.4		6.4	15
ZAL.DE	5.6	5.0	6.9	30
FCEL	4.8	5.0	4.4	31
AAON	6.4	7.1	4.9	32
MORE.NV	6.2		6.2	13
BIOGb.ST	5.4		5.4	17
6954.T	6.0		6.0	15
DJUR.CO	6.2		6.2	11
ESRT	5.9	5.5	6.8	30
RS	5.9	6.0	5.8	32
ECL	6.7	7.0	6.0	32
SFER.MI	5.6	5.2	6.4	29
BMS.L	6.1	6.5	5.3	27
TDUP	4.2	3.8	5.0	28
MSGE	6.4	6.8	5.6	31
PCYO	6.0		6.0	15
SBID.L	6.4		6.4	12
XXI	4.0		4.0	7
TRYG.CO	5.4		5.4	17
SIQ.ASX	6.3	6.0	6.9	27
HUBS	5.5	5.3	6.1	32
CSH.DE	6.0		6.0	16
VAC.PA	6.1		6.1	15
CMCO	5.2	5.2	5.1	30
TVTX	5.5	5.7	4.9	30
GPRO	3.6	3.2	4.4	27
MKS.L	5.2	5.0	5.7	28
CAVA	5.4	5.7	4.6	32
APC	5.7	6.0	5.0	29
TAALA.HE	7.4		7.4	17
EGO	6.4	6.3	6.7	31
MIDD.US	6.4	6.7	5.7	31
ACT.DE	5.8		5.8	16
MS	7.1	7.2	6.8	30
SES	4.2	4.3	4.0	28
8253.T	6.7		6.7	15
4063.T	6.9		6.9	17
EPAM	5.4	5.0	6.4	32
SONN CVR	5.0	5.0		0
ASML.NV	6.8	6.8	6.9	30
VLGEA	5.8		5.8	12
AMP.MI	5.9	5.5	6.7	30
ALGN	6.2	5.8	7.2	32
MFIC	4.3	3.8	5.6	29
MEI	5.9	6.2	5.1	30
HRI	6.4	6.2	6.9	32
MNG.L	4.7	4.2	6.0	26
BRCK.L	5.3	5.8	4.2	27
PAT.DE	6.3	6.2	6.4	28
AVTR	5.8	6.0	5.4	29
HOMI.BR	6.5		6.5	16
PFGC	5.2	5.2	5.3	32
ALTHO.PA	4.0		4.0	6
QDT.PA	6.2		6.2	15
CLLS	4.3	4.0	5.0	28
XFAB.PA	4.1	3.7	5.0	30
CYPH	5.4	6.0	3.9	24
CHKP	6.8	6.8	6.8	32
KBX.DE	6.8	7.0	6.4	30
TAH.ASX	5.2	4.5	6.7	27
CARR	5.6	5.5	5.7	32
STAR.L	5.6		5.6	13
SLHN.ZU	5.0	4.7	5.8	28
ARDX	4.1	3.8	4.9	29
RAUTE.HE	4.6		4.6	17
SFQ.DE	7.0	7.0	7.1	28
SANM	6.8	7.3	5.8	31
FNTN.DE	4.4	3.8	5.8	30
OCGN	3.7	3.8	3.5	27
VERX	5.3	5.2	5.6	31
RHI	4.7	4.7	4.6	31
BAVA.CO	6.4		6.4	16
BYG.L	4.2	3.7	5.3	28
NLOP	5.8		5.8	13
QIA.DE	6.6	6.2	7.4	31
PNV.ASX	5.4	5.5	5.3	27
OEC	5.0	4.5	6.2	29
MTX	5.6	5.5	5.8	31
SNDR	6.4	6.7	5.6	32
YSN.DE	6.4	7.0	4.9	28
GDHG	5.8		5.8	14
IOVA	4.8	5.0	4.3	30
LNA.PA	6.8		6.8	16
HONA	5.2	5.0	5.7	26
6160.HK	5.4	5.5	5.1	28
HGTY	6.3	6.0	6.9	32
RYAN	5.3	5.0	6.0	32
ALD.ASX	5.7	6.0	5.0	28
VEON	6.4	5.8	7.9	31
6178.T	5.0		5.0	14
PGN.DE	5.7		5.7	13
HAFN	7.8	8.0	7.4	31
KVUE	6.1	5.8	6.8	31
BIKE.DE	5.6		5.6	16
BR	6.1	6.3	5.6	32
8035.T	6.8		6.8	17
KEYS	7.7	8.2	6.4	32
CARD.L	5.8		5.8	16
DY	6.0	6.2	5.4	32
WRD	4.5	4.0	5.7	28
RLJ	6.1	6.2	6.0	32
SNN.US	5.1	4.5	6.4	30
RESI.L	5.0		5.0	1
E	5.1	4.8	5.8	30
ACLS	6.0	6.2	5.4	32
BKR	7.0	7.2	6.4	32
TPT.L	5.0		5.0	16
ALNA.L	5.0		5.0	1
TSM	7.6	7.2	8.5	32
ADMCM.HE	6.4		6.4	17
TRI.PA	6.1	5.7	7.1	27
UTHR	6.4	6.3	6.8	32
CPRI	5.2	5.3	5.1	31
GBCI	5.3	5.2	5.7	28
2007.HK	3.7	3.3	4.7	25
SBH	5.8	5.5	6.4	31
EROC	5.9	6.5	4.4	27
MAGN	5.4	5.5	5.3	30
CAI	5.5	5.9	4.7	33
RC	3.8	3.7	4.0	27
4704.T	6.4		6.4	15
2202.HK	3.4	2.7	4.9	27
NOTE	4.2		4.2	14
SGL.DE	5.8	6.0	5.3	24
CATY	5.8	5.5	6.4	28
NGVT	6.6	7.0	5.7	31
EVFM	4.4		4.4	12
CRWD	5.7	6.3	4.3	32
2367.HK	6.2	5.7	7.4	27
DECB.BR	6.8		6.8	16
AOS	5.8	5.7	6.2	31
UP	3.9		3.9	12
SIG	6.5	6.3	7.1	31
ZNTL	5.1	5.8	3.6	26
LR.PA	6.5	6.3	7.1	30
FULT	5.8	5.5	6.5	28
CRM	6.5	5.8	8.2	32
KRN.DE	6.0	5.7	6.7	30
PLX	7.3	7.7	6.4	30
0728.HK	5.3	4.8	6.5	28
IGO.ASX	5.3	4.8	6.4	28
CW	6.0	6.3	5.3	32
IRWD	8.2		8.2	16
SDG.L	6.2		6.2	16
BOKF	5.5	5.3	6.1	28
HIMS	3.8	3.3	5.1	31
OXSQ	5.3		5.3	15
ITRK.L	6.3	6.7	5.4	25
VCTR	7.8	8.0	7.5	32
ECHO	5.0	5.3	4.4	31
4506.T	6.4		6.4	16
REC.MI	6.3	6.0	6.9	28
AIRARABIA.AE	4.6		4.6	17
MYO	5.9	6.5	4.4	27
PLXS	6.4	7.0	5.1	31
ROVI.MC	6.5		6.5	16
ALX	5.3	5.0	6.0	29
MARS.L	5.2	5.0	5.7	27
TTD	5.2	4.3	7.2	32
0390.HK	5.4		5.4	16
EXPL.PA	5.8		5.8	16
GPI	4.6	4.2	5.4	32
DAVE	7.3	7.5	6.8	32
PSO	6.1	6.0	6.5	29
ANNX	4.2	4.3	4.0	25
SLGN	6.4	6.3	6.8	32
LHX	5.6	5.3	6.4	32
OSBC	6.5	6.3	6.9	27
RPRX	7.1	7.3	6.8	32
LXFR	4.9		4.9	17
FLS.CO	5.8		5.8	17
MKSI	5.9	5.7	6.5	31
MEMS.PA	5.4		5.4	16
MRK.DE	6.3	6.0	6.9	30
IRS	5.9	5.2	7.4	29
TRIN	5.1	5.3	4.7	30
KGC	6.8	6.2	8.2	31
BXB.ASX	5.3	5.2	5.7	27
ODET.PA	4.7		4.7	9
APMD	5.2	5.3	5.1	23
TROAX.ST	5.0	5.7	3.5	29
MGM	5.9	6.0	5.8	32
MNDI.L	4.7	5.0	4.0	26
TW	6.0	6.0	6.0	30
F	5.1	5.2	5.0	31
COLM	6.3	6.2	6.7	31
00268.HK	5.7		5.7	16
ALIBR.PA	4.6		4.6	13
CO.PA	5.7		5.7	15
NYAX	5.7	6.0	4.9	31
FIVE	7.1	7.2	6.8	32
DPLM.L	6.8	7.5	5.0	28
GSM	5.0		5.0	13
KNOS.L	6.5	7.2	4.9	27
MAIN	5.3	5.5	4.7	31
TRV	6.1	5.8	6.8	32
7832.T	5.8		5.8	15
LU	4.5	4.2	5.3	26
PDA0.DE	4.7		4.7	12
FR.US	6.5	6.5	6.4	32
ETR	5.5	5.2	6.1	31
HWH	3.3		3.3	13
MDRX	5.3		5.3	15
ALTN.L	6.5		6.5	16
BFSA.DE	6.1	5.8	6.9	30
LE	5.8	6.0	5.4	31
EWTX	4.7	5.0	3.9	26
WK	6.4	6.5	6.1	30
ACSO.L	6.6	7.0	5.6	28
ALFER.PA	6.4		6.4	16
AIZ	6.2	6.0	6.8	32
ALGIL.PA	6.7		6.7	16
CLPT	4.0	4.2	3.6	28
SON.LS	6.1		6.1	16
NEM.DE	5.6	5.2	6.7	29
WDP.BR	6.5		6.5	17
HDN.ASX	5.3	4.7	6.7	27
M12.DE	6.1		6.1	15
ASPO.HE	5.1		5.1	17
REA.ASX	6.4	6.3	6.7	27
HOLO	4.9		4.9	13
CARE	5.9	5.8	6.0	28
AVGO	6.9	6.8	7.1	32
LEMON.HE	5.8		5.8	17
3888.HK	6.6	6.5	6.8	30
BNGO	5.7	5.8	5.6	27
SEB-A.ST	5.7		5.7	15
WPM	5.9	6.0	5.8	31
MILDEF.ST	6.5	7.0	5.3	29
STRK.US	4.3		4.3	10
DOMO	4.2		4.2	14
BMI	5.6	5.8	5.3	31
HACK.ST	6.4	7.0	5.1	29
NEWAb.ST	6.0		6.0	17
GENB	5.0	5.7	3.5	25
AHCO	4.9	4.8	5.1	30
NBTB	5.9	5.8	6.1	28
BTI	5.0	4.5	6.2	29
HIAB.HE	6.5		6.5	17
CNC	6.4	6.5	6.1	31
AES	5.8	5.3	6.8	32
TRNO	5.5	5.5	5.6	32
2413.T	6.5		6.5	15
PSM.DE	4.8	4.3	6.0	27
PAH3.DE	3.7	3.3	4.6	25
KEFI.L	3.8		3.8	10
JBTM	5.5	5.3	6.1	31
MIDW.L	5.5	6.2	3.8	25
7735.T	6.0		6.0	17
MREO	4.0	4.0	3.9	26
7272.T	6.7		6.7	17
DLX	6.4	6.3	6.5	31
FNTL.L	5.4		5.4	16
NKE	5.2	5.0	5.6	32
ESTC	7.0	7.3	6.2	32
TYRA	4.6	4.7	4.3	27
JBH.ASX	5.3	5.3	5.4	28
ALHAF.PA	3.1		3.1	13
SOUN	3.5	3.5	3.6	28
2501.T	5.0		5.0	17
BCO	6.3	6.2	6.5	31
ALGAE.PA	3.8		3.8	13
FORTUM.HE	5.8		5.8	17
VLX.L	6.4	7.0	4.9	27
JIN.ASX	6.4	5.8	7.9	28
1801.HK	6.3	6.2	6.4	27
6066.HK	6.0	5.5	7.2	25
06862.HK	6.2		6.2	16
WPC	6.0	6.0	6.1	32
SLAMF	3.2		3.2	8
HOWL	4.4		4.4	13
REL.L	5.4	5.2	6.0	28
AMBEA.ST	5.6		5.6	17
ALGIR.PA	4.7		4.7	13
PFG	5.7	5.3	6.7	32
GAW.L	5.8	6.0	5.4	27
ENI.MI	6.8	6.7	6.9	30
LMND	4.5	4.5	4.4	28
9021.T	6.0		6.0	15
FUN.US	3.8	3.2	5.3	31
CTAS	6.8	7.2	5.7	32
NDAQ	6.6	6.3	7.2	32
ALCAT.PA	6.9		6.9	16
CRON	6.3	6.5	6.0	28
NESTE.HE	7.1		7.1	17
DB	5.7	5.7	5.6	27
CGC	4.6		4.6	13
ROKU	6.4	6.5	6.1	32
SIFG.NV	5.4		5.4	14
STORYb.ST	6.4		6.4	17
ALV	5.5	5.3	6.0	32
QUAD.US	6.9	7.2	6.2	31
GIII	6.2	6.2	6.1	31
WSBF	6.0		6.0	13
NEOG	5.6	6.0	4.6	31
3969.HK	6.5		6.5	16
PODD	6.3	6.0	6.9	32
DIC.AE	7.1		7.1	16
MNTK	4.9		4.9	17
GEBN.ZU	5.6	5.5	5.7	28
WALLb.ST	5.8		5.8	17
RLI	5.6	5.2	6.7	31
1810.HK	5.3	5.5	4.7	30
FAE.MC	6.7		6.7	16
00241.HK	5.7		5.7	16
ANDG	6.3	6.5	5.8	31
SIGHT.PA	3.9	3.7	4.4	21
ACTG	5.3	5.4	5.1	31
ELG.DE	7.3	7.8	6.2	29
TOWN.L	4.9		4.9	14
OMASP.HE	5.7		5.7	14
CIB	6.3	6.3	6.4	24
VLTO	6.8	7.0	6.2	32
LTA.PA	4.9		4.9	2
TT	6.8	7.2	6.0	32
MSPR	3.5		3.5	12
AXSM	4.9	5.5	3.6	29
CSW	6.6	6.7	6.5	31
FHZN.ZU	6.2	6.2	6.1	28
IMNM	4.6	5.0	3.6	26
JRVR	5.4	4.8	6.7	31
GLP	5.3		5.3	16
COMP.US	5.8	5.8	5.7	32
AI	4.1	4.0	4.2	28
CAST.ST	5.6	5.2	6.5	30
GRVO.PA	6.0		6.0	15
83.HK	6.7		6.7	16
SAR.US	4.9	4.7	5.3	27
MOMO	6.2		6.2	17
A7A.DE	3.6		3.6	13
MRL.MC	6.2	5.8	7.1	30
8604.T	6.4		6.4	14
ORCL	6.7	6.3	7.6	32
RELL	6.8	7.3	5.6	31
VERA	4.0	3.8	4.6	26
EXE	6.2	5.7	7.4	32
HPE	6.6	6.5	6.8	32
WEC	4.8	4.3	6.1	31
REEAF.US	4.3		4.3	12
OSE.PA	4.0		4.0	14
ALPDX.PA	5.4		5.4	14
TWLO	6.4	6.7	5.6	32
RBREW.CO	6.0		6.0	17
SOL.ASX	5.1		5.1	16
QLYS	6.4	6.5	6.2	32
OTIS	5.1	4.7	6.1	30
AMUN.PA	6.3	5.8	7.5	30
ORNBV.HE	6.2		6.2	17
MIAX	6.2	6.0	6.7	32
FLGT	5.0	5.2	4.7	28
SECU-B.ST	6.1		6.1	17
HEMO.L	3.5		3.5	9
AGNT	4.7	5.0	4.0	30
ALHC	5.9	5.9	6.0	33
SAH	5.0	5.0	5.1	32
NPKI	6.6	6.7	6.5	31
VG	6.8	6.8	6.8	32
WM	5.6	5.3	6.2	32
ALBAV.HE	4.6		4.6	12
STRA	6.5	6.2	7.1	31
AVNW	5.5	5.8	4.9	31
FCIT.L	5.3		5.3	2
ACKB.BR	6.4		6.4	16
NPCE	5.3	5.7	4.4	28
SHELL.NV	6.4	6.0	7.5	30
EMAARDEV.AE	9.0		9.0	17
HLNE	6.6	6.2	7.6	32
NE	5.9	6.0	5.6	32
SPK.ASX	6.2		6.2	15
LYB	5.4	5.5	5.1	31
ACDC	3.9	3.8	4.2	29
UNM	5.9	6.0	5.7	31
BH	6.1		6.1	14
VRCA	4.8	5.5	3.2	26
CHGG	5.8		5.8	16
APLT.CVR	5.0	5.0		0
GLIBK	6.5		6.5	13
FBRT	4.5	4.0	5.8	30
KAP.L	7.7	7.7	7.6	26
CFR.ZU	6.1	5.7	6.9	28
AEP	5.0	4.7	5.8	32
UA	4.9		4.9	14
TAK	6.0	5.7	6.8	29
CNDA	3.3		3.3	8
METC	3.4	3.5	3.2	29
SLL.DE	5.2	5.5	4.6	25
VBK.DE	5.9	6.0	5.6	27
CRDA.L	5.8	6.2	5.0	26
AKZA.NV	6.1	5.8	6.7	30
SAP.DE	6.2	5.8	7.1	30
BC	5.4	5.5	5.1	31
PSDL.L	5.0		5.0	13
RHP	6.3	6.7	5.3	32
PSTX.CVR	5.0	5.0		0
AOSL	5.0	5.7	3.5	29
ONT.L	5.2	5.7	3.9	24
BAB.L	5.0	4.8	5.6	28
RNW	5.9	5.7	6.5	30
LEI.DE	4.7		4.7	16
SENEA	6.5	6.5	6.5	29
PDM	5.5	5.5	5.4	30
HLN	5.3	4.7	6.8	29
APG	6.3	6.8	5.1	30
MUB.DE	6.5		6.5	12
SDY.L	4.6	4.3	5.4	25
GLJ.DE	5.6	5.3	6.2	26
NABL	5.3	5.0	6.0	29
HLMA.L	5.9	6.0	5.6	26
MOH	5.3	5.2	5.7	32
EZJ.L	6.2	6.7	5.0	28
CRWV	4.6	4.3	5.3	29
BEKE	6.5	6.5	6.4	32
MMT.PA	5.2	5.3	5.0	28
5706.T	6.4		6.4	15
CYRX	6.2	7.0	4.2	31
INEA.PA	5.6		5.6	16
SPIR	4.5	4.7	3.9	29
FBP	6.3	6.3	6.4	28
3405.T	6.0		6.0	17
RUN	4.7	4.3	5.7	32
TCX	4.3		4.3	12
LXU	7.2	7.3	6.9	32
APEI	6.5	6.5	6.5	32
FLNA	4.5	4.3	5.1	27
FIGS	6.5	6.7	6.2	31
CHA	6.3	6.0	6.9	30
RGLD	6.1	5.8	6.9	32
FC9.DE	5.3		5.3	14
00001.HK	6.4		6.4	16
HSX.L	5.9	6.0	5.8	28
BDN	4.9	4.8	5.3	31
JLL	6.1	5.8	6.9	32
DERM	4.8	5.0	4.2	29
DIN	5.3	5.2	5.6	29
NDA.DE	5.6	6.0	4.6	30
GRVY	6.2		6.2	12
SOF.BR	5.8		5.8	13
H2O.DE	4.0		4.0	14
NRDY	4.6	5.0	3.6	27
P911.DE	5.6		5.6	17
OSK	5.7	5.8	5.4	32
GSBD	4.2	3.3	6.2	30
1038.HK	5.7	6.0	5.1	28
PWR	6.7	7.2	5.4	32
AVPT	6.3	6.8	5.1	32
YPF	6.0	5.0	8.3	32
RGA	7.0	6.8	7.4	32
WMT	5.6	5.8	5.0	32
PK	4.6	4.0	6.0	30
ENTA	4.5	5.0	3.3	29
RI.PA	5.7	5.3	6.5	28
5406.T	6.5		6.5	14
BOH	5.5	5.0	6.5	28
LUCK	3.9	3.5	5.0	28
ABDN.L	5.7	5.2	6.8	28
BSAC	5.3	5.3	5.3	24
HY	4.3	4.7	3.5	29
MMGRb.ST	5.6		5.6	17
NTSK	5.7	6.0	4.9	28
JDC.DE	5.4		5.4	14
OTTR	6.4		6.4	17
ITX.MC	6.3	6.2	6.5	30
BEAN.ZU	6.7	7.0	6.0	28
PHAT	5.2	5.7	4.2	27
SAN.PA	5.2	4.7	6.2	30
OLMA	3.7	3.7	3.8	25
EPRT	6.0	5.5	7.1	32
STLD	6.6	7.0	5.6	32
NP3.ST	5.0	4.3	6.8	28
CVS	5.9	6.0	5.8	32
TORO	4.9		4.9	14
BIJ.DE	6.1		6.1	15
SU.PA	5.7	5.3	6.5	28
EQT.ST	5.8	5.7	6.0	28
AUB.PA	6.1		6.1	16
RF.PA	5.0		5.0	14
00017.HK	4.3		4.3	15
EAF	4.3	4.8	3.3	27
IMCR	3.6	3.3	4.3	28
9064.T	5.1		5.1	17
AMTB	6.0	5.8	6.5	28
MNKS.L	5.3		5.3	2
SPGI	5.8	5.2	7.2	32
EKF.L	5.0		5.0	16
DD	6.4	6.5	6.1	32
EDL.DE	6.8		6.8	16
BRG.ASX	6.4	6.8	5.6	28
TINC.BR	6.5		6.5	16
SKY.US	6.5	6.5	6.4	32
AOJb.CO	5.7		5.7	14
PSN.L	5.3	5.5	4.9	28
KCR.HE	6.0		6.0	17
WNC	5.5	5.7	4.9	30
SRG.US	3.8		3.8	12
CXW	6.6	6.8	6.0	31
EDV.L	7.1	7.2	6.8	30
WRKS.L	4.9		4.9	15
KESKOA.HE	4.6		4.6	14
CLMB	6.4	6.7	5.7	31
ELV	6.5	6.8	5.8	32
SDF.ASX	5.6	5.3	6.4	28
EE	6.4	6.3	6.5	32
MOD	6.3	7.0	4.6	32
VLRS	5.1		5.1	16
KOS	5.0	4.3	6.8	30
IFS	6.4	6.8	5.6	27
D6H0.DE	4.9		4.9	14
WU	4.6	3.7	6.7	32
PCTY	6.5	6.3	7.1	32
ALBFR.PA	5.3		5.3	16
NWF.L	5.2	5.3	4.9	27
03908.HK	7.8		7.8	15
METSO.HE	5.7		5.7	17
SAIA	6.4	6.7	5.6	32
SMBK	6.3	6.0	6.9	28
STB.OL	7.2		7.2	17
MBGL	5.8	5.3	6.9	27
TXN	6.7	6.8	6.5	32
MUSTI.HE	4.6		4.6	13
BLFS	5.5	5.7	4.9	29
GRWG	4.9	5.0	4.6	29
NAN.ASX	4.8	5.0	4.3	27
INSE	6.2	6.3	6.0	28
COTY	4.2	3.5	5.7	31
EVCM	5.4	4.8	6.8	31
ONTEX.BR	5.7		5.7	14
SKF-B.ST	6.9		6.9	17
LAZ	4.9	4.7	5.4	29
JJSF	6.0	6.7	4.3	31
AUTO.L	6.1	6.0	6.4	28
MAZE	4.5	4.5	4.4	29
ZJYL	4.2		4.2	14
HSTM	6.4	6.7	5.8	32
VAF.LS	6.1		6.1	15
XVIVO.ST	4.9		4.9	17
LFTO	6.5	6.3	7.1	28
6472.T	6.7		6.7	17
JTC.L	4.3		4.3	15
OHB.DE	6.2	6.8	4.9	29
LOVE	5.1	4.5	6.5	30
0939.HK	6.0	6.2	5.4	26
AESI	5.0	5.5	4.0	30
6952.T	6.5		6.5	14
GRI.L	5.4	5.3	5.6	27
MGNX	4.8	4.8	4.7	29
ALLEI.ST	6.4	6.8	5.4	30
KPN.NV	5.6	5.0	6.9	30
ALPUL.PA	6.0		6.0	14
EW	6.1	6.0	6.2	32
ASPI	4.1	4.2	4.0	28
CUBI	5.9	5.5	6.8	28
CEK.DE	6.5		6.5	16
NCC.L	4.0		4.0	14
BWMX	6.9		6.9	17
EFX	5.7	5.0	7.4	32
5801.T	5.6		5.6	15
VABK	6.5		6.5	12
MQG.ASX	5.5	5.7	5.0	5
ALVGO.PA	4.9		4.9	13
PHARM.NV	5.6		5.6	16
9618.HK	5.0	4.7	5.8	30
8267.T	6.2		6.2	15
IXHL	4.3		4.3	12
JMIA	4.1	4.3	3.8	28
ATHXQ	3.5		3.5	11
NXH	3.6	3.2	4.7	30
0883.HK	6.7	6.2	7.9	29
EBC	5.8	5.7	6.1	28
CYH	6.1	6.3	5.7	29
ALBOA.PA	5.1		5.1	13
9104.T	6.4		6.4	15
BPMC CVR	5.0	5.0		0
8411.T	6.1		6.1	14
GBX.US	5.3	5.3	5.3	31
VCT.PA	5.9	5.7	6.5	28
FRBT	6.1	6.2	5.8	24
DGICA	5.3		5.3	17
ABDX.L	3.9		3.9	13
DDD	4.6		4.6	16
LII	5.9	5.8	6.2	32
KER.PA	5.6	5.2	6.4	27
THULE.ST	5.6	5.3	6.4	30
BLC.PA	6.9		6.9	16
BESI.NV	6.5	6.3	6.9	30
TSCO.L	5.0	5.0	5.1	28
SERA	4.0		4.0	15
74SW.PA	5.7	5.7	5.8	27
GATC.L	4.6		4.6	16
ACCB.BR	6.5		6.5	14
PFBC	6.3	6.2	6.5	28
NXTMH.HE	4.2		4.2	14
8331.T	5.4		5.4	14
HO.PA	5.7	5.3	6.5	28
TLYS	6.4	6.5	6.2	30
ASM.NV	7.4	7.7	6.8	30
JST.DE	5.8	5.8	5.7	29
CGNX	6.5	6.7	6.1	32
RBA	5.9	5.5	6.7	32
AF.PA	5.3	5.0	6.0	28
RRX	5.8	5.8	5.8	32
SCI	5.6	5.3	6.2	31
IE	4.5	4.7	4.2	29
MED.US	5.0	4.7	5.7	29
SPINNEYS.AE	6.2		6.2	16
BSD.PA	6.8		6.8	14
FHN	5.6	5.2	6.4	28
6963.T	5.0		5.0	14
2015.HK	4.4	4.7	3.8	29
CIG	5.8		5.8	16
06881.HK	7.1		7.1	14
VIRC	4.7		4.7	15
FLL	4.5	3.8	6.0	29
DIA.MC	5.6		5.6	16
PG	6.1	6.0	6.2	32
BEZ.L	4.4		4.4	16
SLIGR.NV	5.6		5.6	16
BBSI	5.7	5.7	5.7	31
NYT	7.0	7.3	6.2	32
3401.T	6.4		6.4	15
CHD	5.8	5.7	6.1	32
TGHN.DE	5.4		5.4	16
BKT.MC	6.2	6.2	6.2	26
1880.HK	5.5	5.0	6.7	30
2HRA.DE	6.0		6.0	16
INPST.NV	5.4		5.4	12
1072.HK	4.3	4.0	5.1	28
CUBE	4.8	4.3	5.8	32
GLEN.L	5.6	5.8	5.3	28
IGIC	5.9	5.3	7.2	29
FSV	6.1	6.3	5.6	30
RET.BR	6.5		6.5	16
ALGEN.PA	4.9		4.9	11
MTHH.CO	4.9		4.9	17
FPI	5.2	5.0	5.7	31
CNP	5.3	4.8	6.5	32
EVN.ASX	6.3	5.7	7.6	28
UMBF	6.3	6.2	6.7	28
7741.T	6.2		6.2	17
BRSL	6.0	6.3	5.4	32
ENTG	6.6	7.0	5.8	32
BXC	5.6	5.5	5.7	30
DOLE	5.6	5.5	5.8	31
SCL	5.7	6.0	4.9	30
EKTAB.ST	5.6		5.6	16
AEM	6.7	6.7	6.7	31
BMA	4.9	4.5	6.0	28
ALCBX.PA	4.0		4.0	14
TSHA	4.2	4.3	3.9	28
VTRS	6.4	6.7	5.8	31
2588.HK	5.2	5.0	5.7	27
M3B0.DE	4.9		4.9	14
COFA.PA	5.7	5.5	6.1	28
HCSG	6.3	6.7	5.4	32
NSP	4.4	4.8	3.6	30
MRTX.CVR	5.0	5.0		0
FABG.ST	4.4	3.7	6.0	30
CNTY	5.3	5.2	5.6	29
4901.T	6.0		6.0	17
BWXT	6.0	6.5	5.0	32
ASB	6.4	6.2	6.9	28
AAMI	6.5	7.0	5.4	32
KRG	4.7	4.2	5.7	32
RUSHB.US	5.0		5.0	14
CVEO	6.0	6.2	5.7	28
BBVA.US	5.9	5.8	6.0	28
LCID	3.2	2.8	4.0	29
1359.HK	5.0		5.0	12
EQBK	6.0	5.8	6.5	26
BEAM	4.1	4.3	3.5	29
EXTR	6.3	6.7	5.4	31
02313.HK	6.8		6.8	16
GRNT	5.3	5.0	6.0	30
TLK	5.3		5.3	11
PICS	6.3	6.2	6.5	28
ONON	6.8	6.8	6.8	32
VMX.PA	5.1		5.1	14
ASST	4.1	4.3	3.5	28
TFIN	5.8	5.7	6.0	27
TEXF.BR	5.8		5.8	16
STAA	5.5	5.3	6.1	32
8804.T	5.6		5.6	17
MPT	5.5	5.2	6.1	30
SHEL.L	6.3	6.2	6.7	30
DLN.L	4.8	4.7	5.0	28
TVRD	4.6	4.8	4.3	25
JMKE	6.1	5.8	6.7	24
DTE.DE	6.1	5.7	6.9	30
GFG.DE	5.1		5.1	13
SMR	3.2	3.0	3.8	29
CACI	6.0	6.3	5.4	32
STDN	4.8	5.3	3.5	21
ADS.DE	5.8	5.3	6.8	30
IRTC	5.2	5.3	5.0	29
LSPD	5.3	5.3	5.4	28
MEDCL.PA	4.9	5.8	2.8	25
GOGO	5.2	5.3	4.9	29
ALCOX.PA	5.2	4.8	6.2	24
00027.HK	6.8		6.8	17
AMBR	5.0	5.5	4.0	26
HDSN	5.3	5.5	5.0	31
6770.T	5.6		5.6	15
ATAI	4.0	4.3	3.3	30
CDA.ASX	6.9	7.2	6.1	28
BST.DE	5.8		5.8	14
HSIC	6.1	6.2	5.8	32
CDE	5.4	4.8	6.8	32
ODC	6.0		6.0	12
NOVO-B.CO	6.9		6.9	17
MOBI	5.2	5.3	4.9	22
DAVA	4.8	4.5	5.4	30
BXMT	4.3	4.2	4.7	30
ICP1V.HE	5.7		5.7	17
6326.T	6.4		6.4	17
AAUC	5.5	5.0	6.7	25
LUCE.L	6.4	6.8	5.4	27
MANO.L	4.8	5.0	4.2	26
BLX	5.0		5.0	13
SXT.US	6.5	7.0	5.4	32
BLTE	4.8	5.0	4.4	23
CORZ	4.3	3.7	5.7	28
PVLA	5.0	5.5	3.9	25
ADJ.DE	3.5		3.5	15
9735.T	6.2		6.2	14
THS.L	6.3	6.2	6.5	27
HCI	7.6	7.2	8.6	32
UUUU	3.7	3.8	3.5	29
NTES	6.0	5.0	8.5	32
TRUEb.ST	6.0		6.0	17
RCEL	4.3	4.5	4.0	26
FOX.US	6.7	6.3	7.6	28
CMP	6.0	6.0	6.0	31
INTRUM.ST	5.5	5.3	6.0	28
TYL	5.8	5.8	5.8	32
MONC.MI	6.7	6.7	6.8	29
00257.HK	7.8		7.8	16
NIC	6.1	6.2	6.0	27
SUJA	6.6	7.2	5.1	23
SPWH	4.8	5.0	4.4	30
ALQWA.PA	4.2		4.2	13
BCML	5.6	5.5	5.8	28
4061.T	6.1		6.1	13
NAI.NV	6.9		6.9	14
PTLO	4.7	4.3	5.6	32
BAK	4.0	3.5	5.3	26
TPG	5.3	5.3	5.4	30
NNIT.CO	5.0		5.0	15
EMBRACB.ST	5.8		5.8	15
SITOWS.HE	4.7		4.7	15
3861.T	6.1		6.1	14
VVY.NV	3.1		3.1	10
CBAN	6.4		6.4	15
DRR.ASX	6.2	6.3	6.1	28
KNEBV.HE	5.4		5.4	17
ABBNY	5.4	5.3	5.7	29
MHID.L	6.8		6.8	13
VOLV-A.ST	5.7		5.7	15
CSIQ	3.7	3.3	4.7	30
COR	5.4	5.5	5.3	32
CDA.PA	6.5		6.5	16
LULU	5.8	5.3	6.9	32
BOI.PA	6.5		6.5	15
TCBI	5.9	5.7	6.4	28
ADT	5.6	4.7	7.6	30
TNK	7.4	7.2	7.8	32
BOOT.L	4.6	5.3	3.1	27
4004.T	5.6		5.6	16
OPTI.BR	3.9		3.9	14
SYBT	6.0	5.8	6.4	28
SK.PA	5.8	5.8	5.8	28
1339.HK	5.7	5.2	6.8	27
WEW.DE	6.1		6.1	16
UNP	6.5	6.2	7.2	32
BAG.L	5.2	5.2	5.3	27
JBHT	6.6	7.0	5.6	32
LIN.DE	5.9	6.5	4.4	11
ELME	5.0		5.0	13
SGI	5.2	5.0	5.7	31
0656.HK	4.5	4.3	4.9	26
RIOT	4.5	4.8	3.9	30
RUSTA.ST	6.1		6.1	17
UIE.CO	6.0		6.0	14
BP.US	6.6	6.5	6.9	32
TTO.DE	3.9		3.9	10
MBUU	5.0	4.3	6.7	32
SRCE	6.6	6.8	6.0	27
ASPN	5.0	5.2	4.7	30
AJMANBANK.AE	5.8		5.8	13
LAT.PA	5.1		5.1	14
XYZ	6.5	6.7	6.2	32
MPTI	6.0		6.0	17
USAC	6.1	6.0	6.2	31
VKTX	3.9	3.8	4.3	25
SCSC	6.5	6.7	6.2	31
WAY	6.5	6.3	6.9	32
DAR	6.9	7.2	6.2	32
RELY	7.1	7.5	6.1	32
PENN	5.0	4.5	6.1	31
ACRE	4.8	4.8	4.7	28
7012.T	5.7		5.7	17
INGM	5.8	5.8	5.8	32
PRM	5.4	6.0	3.9	29
ALWF.PA	4.9		4.9	9
TTC	6.7	7.3	5.4	31
CM	5.7	5.5	6.1	27
KLR.L	6.5	7.0	5.4	27
H.US	5.2	5.0	5.7	32
WCN	5.8	5.5	6.5	32
GDS	6.0	5.8	6.5	32
WHK	5.4	5.5	5.3	26
3347.HK	5.0	5.2	4.7	29
BHP.L	6.4	6.3	6.8	28
BIOAb.ST	3.9		3.9	16
SBRA	5.2	5.0	5.7	32
SUPV.US	5.0	4.8	5.4	25
TFX	5.7	5.7	5.7	31
BEIAb.ST	5.3		5.3	17
ALFA.L	6.6	6.8	6.0	27
AJG	6.0	5.5	7.2	32
SMSN.L	8.1		8.1	17
IAM.PA	6.4		6.4	11
SMSD.L	7.9		7.9	17
XPOF	4.7	4.5	5.0	26
CDZI	3.8	4.3	2.6	30
7211.T	5.8		5.8	15
JUP.L	7.0	6.8	7.4	28
BRCC	5.6	5.7	5.3	27
ACA.US	6.3	6.7	5.4	31
1963.T	5.4		5.4	14
TEAD	3.9	4.2	3.3	28
NIC.ASX	5.1	5.2	4.9	26
ODFL	7.0	7.3	6.2	32
SFOODS.HE	3.8		3.8	13
ALCJ.PA	3.8		3.8	9
SNG.DE	4.0		4.0	12
ATS	5.1	5.0	5.4	28
XTIA	4.6		4.6	13
RARE.US	4.1	4.2	4.0	27
AON	6.0	5.7	6.7	32
CWK.L	6.1	6.8	4.6	28
ANGO	5.7	6.3	4.3	30
9022.T	7.1		7.1	15
BSL.DE	6.8	7.2	5.7	27
AMKR	6.9	6.8	7.1	31
FISN	5.1	5.5	4.2	23
UDR	4.9	4.7	5.3	32
RMAX	6.5		6.5	14
NATR	6.1	6.3	5.8	31
PNL.NV	4.7	4.3	5.7	26
MCK	5.7	6.0	5.0	30
DYN	4.0	4.0	3.9	26
MDB	5.8	5.8	5.7	32
ORIC	4.5	4.8	3.8	26
ALDLT.PA	7.4		7.4	16
WHF	5.2	4.8	6.1	29
WSBC	5.9	5.7	6.4	28
FSG.L	7.0	7.2	6.4	26
ONC	6.5	6.2	7.1	32
UU.L	6.5	6.5	6.5	28
HTB	6.3	6.2	6.4	28
INCLU.BR	6.2		6.2	16
VIE.PA	5.6	5.2	6.5	28
SWC.L	5.0	5.7	3.3	20
SYME.L	3.6		3.6	10
BBT	5.4	5.2	5.8	28
SQN.ZU	5.6	5.2	6.7	26
KMX	5.5	5.2	6.2	32
BNN.DE	3.6		3.6	12
TROX	4.3	4.3	4.2	30
5411.T	5.8		5.8	15
GLFE	5.8		5.8	13
NOV	5.5	5.3	6.0	32
MLTX	4.4	4.2	4.9	26
MSLH.L	5.4	5.5	5.1	25
KELYA.US	6.0	6.2	5.4	30
SGMT	4.9	5.0	4.6	25
ALUR	3.8		3.8	11
OBD.L	3.8		3.8	13
SUZ	7.2		7.2	16
2268.HK	6.6	6.8	6.0	28
2727.HK	5.0	4.3	6.5	28
RVLV	5.8	6.0	5.4	31
CINF	6.4	6.0	7.4	31
MRX.DE	4.4		4.4	13
2269.T	5.8		5.8	17
EVC	5.4		5.4	14
NBR	6.5	7.0	5.4	32
MSI	6.3	6.3	6.4	31
MCFT	5.7	6.0	5.0	28
SYNSAM.ST	6.3	6.2	6.5	29
XIOR.BR	6.7		6.7	16
IGG.L	5.6	5.2	6.4	23
UPXI	4.0	4.3	3.2	27
LOGN.ZU	6.8	6.8	6.8	31
HSBK.L	4.7		4.7	11
AZO	5.3	4.8	6.4	28
IAG.US	7.4	7.7	6.7	31
7453.T	6.7		6.7	15
SUL.ASX	5.6	5.3	6.2	28
SOBI.ST	6.5	6.2	7.2	30
AMZN	6.7	6.8	6.4	32
INTA	5.1	4.8	5.7	29
HLUNB.CO	6.9		6.9	17
QXO	4.3	4.0	5.1	31
291.HK	7.5		7.5	16
ALTUV.PA	6.0		6.0	15
CBK.DE	5.8	5.5	6.4	26
TALO	7.7	7.5	8.1	30
ORRON.ST	3.3		3.3	16
HOFT	4.6		4.6	16
MARK	5.0		5.0	13
TCMD	6.0	6.2	5.7	31
QTTOY	4.0		4.0	11
DBI	5.8	5.7	6.1	31
INCY	6.8	6.8	6.7	32
IPN.PA	6.7	6.0	8.2	28
SR	5.3	4.7	6.7	31
INSM	4.8	4.8	4.7	31
HTZWW	4.9		4.9	7
CQE.ASX	6.0	6.0	6.0	26
NICE	5.9	5.8	6.1	31
EOG.L	3.5		3.5	12
MLP.DE	6.3	6.3	6.2	28
ALXO	4.7	4.7	4.7	25
JAZZ	7.7	7.7	7.6	32
OHLA.MC	6.2		6.2	16
AGFB.BR	5.3		5.3	16
NHC.ASX	6.1	6.0	6.4	28
ALRS	6.1	6.2	6.0	27
UTZ	5.1	5.3	4.7	29
GNLX	4.5	4.8	3.9	26
CMC	6.3	6.2	6.4	30
CPF	6.1	6.2	5.8	27
PIHLIS.HE	5.8		5.8	17
NCYT.L	5.1		5.1	14
HTZ	4.2	4.0	4.7	28
MOTR.L	5.4	6.2	3.5	27
ESTA	5.5	6.0	4.2	29
EPM	4.7	4.3	5.7	30
ATRO	7.2	8.0	5.4	32
NNN	5.0	4.7	5.6	32
ALTRA.ST	6.9		6.9	16
DPZ	5.6	5.3	6.2	30
GIMB.BR	6.4		6.4	15
TMC	4.7	5.0	3.9	23
CWST	4.7	4.3	5.6	32
ORA.US	5.5	5.2	6.1	32
WEST	4.7	5.0	3.9	26
ALHF.PA	4.4		4.4	15
GETIB.ST	6.4		6.4	17
LPG	7.4	7.3	7.8	31
EVCO	4.3		4.3	9
CNXC	5.4	5.0	6.2	30
TNET	5.6	5.8	5.3	31
ULC.DE	5.3		5.3	15
ELI.BR	7.2		7.2	16
XAR.L	5.3	5.8	4.2	26
RRC	6.1	5.5	7.6	32
BEN.PA	4.5	4.5	4.6	26
BZU.MI	5.8	5.2	7.1	28
BLK	7.2	7.2	7.2	32
AWK	5.0	4.2	6.8	32
IPGP	5.7	5.5	6.1	31
LUMI.ST	6.3	6.8	5.1	29
FLUX.BR	5.8		5.8	16
PAM	6.2	5.7	7.5	31
CHEMM.CO	5.4		5.4	16
HTG.L	5.7	6.2	4.6	27
VET.US	5.2	4.5	6.9	27
SQM	7.0	6.5	8.1	31
MYCR.ST	6.7		6.7	17
URBN	7.3	7.7	6.4	32
TOP.US	3.9		3.9	11
02018.HK	6.5		6.5	16
GALD.ZU	6.1	6.0	6.5	29
MRCY	5.6	6.0	4.7	31
177.HK	6.8		6.8	16
ATKR	6.1	6.5	5.3	29
PSNL	4.9	5.5	3.5	29
BROS	5.5	5.5	5.4	32
BFIT.NV	5.5	5.0	6.5	28
SUR.DE	6.2		6.2	15
8591.T	6.8		6.8	15
DNLI	4.3	4.5	3.9	29
XRX	5.4	5.3	5.6	31
OUT	6.8	7.2	5.7	31
EIX	4.9	4.2	6.5	32
EVOK.L	5.0	5.0	5.1	25
CBRE	5.8	6.0	5.3	32
PLSE	4.9	5.8	2.8	28
PAT.PA	7.1		7.1	10
MEL.MC	6.3	6.2	6.5	30
ISHA.DE	5.1		5.1	14
KGF.L	5.4	5.3	5.7	27
AQST	5.0	5.5	3.9	25
FIA1S.HE	6.8		6.8	17
NWS.ASX	6.1	6.2	5.8	28
HII	5.6	5.8	5.1	32
BANR	5.8	5.7	6.2	28
RSL2.DE	5.3		5.3	16
APTA.L	3.9		3.9	12
TSPH	4.3		4.3	11
0753.HK	3.5	3.0	4.7	26
HLI	6.0	6.3	5.3	30
WING	6.1	6.0	6.5	30
G.US	6.1	5.8	6.9	32
SRP.L	5.0	5.0	5.1	27
HGV	4.8	4.7	5.1	32
ORBS	3.5		3.5	13
NBIS	5.3	5.5	4.9	31
STAN.L	5.8	6.0	5.4	26
NOG	5.3	5.0	6.1	31
HIPO	6.2	6.0	6.7	30
NICL.L	5.9	6.0	5.8	28
HUB.ASX	6.6	6.8	6.1	26
ENPH	5.2	4.8	6.1	32
SFM	5.1	4.8	5.7	32
AIA.ASX	4.2	3.5	5.8	27
TPE.DE	5.0	5.8	3.3	28
ORIOLA.HE	4.0		4.0	16
SGSN.ZU	5.6	5.8	5.3	28
SO	4.9	4.3	6.2	31
QQ.L	5.6	5.5	5.7	28
UAL	5.7	5.5	6.1	32
AGN.NV	5.0	4.8	5.4	27
FRPT	5.8	6.2	5.0	32
0386.HK	4.5	3.8	6.2	30
SFNC	5.2	5.3	5.0	26
RILY	5.8		5.8	12
TGS.US	7.2		7.2	17
TFSL	5.3	5.5	4.9	26
UFPI	5.1	5.0	5.3	31
KMB	5.0	5.0	5.1	32
COCO	6.6	6.8	6.0	32
USPH	5.5	5.8	4.7	31
LBG.L	5.7	5.7	5.8	27
JBLU	3.8	3.5	4.4	31
TRVN	3.8		3.8	11
NTG.DE	6.2		6.2	16
CLIQ.DE	5.4		5.4	14
SRC.L	5.5	5.5	5.6	27
IX	6.7		6.7	13
HMC	5.1	4.5	6.4	28
NVR	5.7	6.0	5.1	32
SBMO.NV	7.7	7.8	7.4	28
INDB	5.4	5.2	6.0	28
TMCI	5.5	6.2	3.8	28
DOCS	5.9	5.7	6.5	32
SUNS	5.3	5.3	5.3	28
285A.T	6.9		6.9	16
DEI	5.0	4.3	6.7	31
IEX	6.7	7.0	6.1	32
IES.L	4.8	5.5	3.1	25
SSD	6.1	6.2	6.0	32
DNL.ASX	5.8	5.7	6.0	28
EMH.DE	4.6		4.6	9
OGE	5.3	4.8	6.4	32
ALKLH.PA	6.9		6.9	14
NAMS	3.9	4.0	3.8	29
PDLB	6.0		6.0	14
SYRS	3.6		3.6	12
NTDOY	5.1		5.1	14
2801.T	5.3		5.3	15
LMNR.US	4.0	4.3	3.2	30
INBK	6.0	6.2	5.7	25
WDC	6.8	6.7	6.9	31
SPX.L	5.6	5.5	5.7	28
HEI.DE	5.8	5.5	6.5	29
AMPY	5.0	4.7	5.7	31
TDG	6.0	5.7	6.8	30
C1V0.DE	4.3		4.3	15
JOBY	3.7	3.7	3.8	29
BVB.DE	4.9		4.9	15
GAM.PA	6.7		6.7	14
DMNIF	4.0		4.0	10
01128.HK	6.7		6.7	16
6305.T	6.9		6.9	17
STERV.HE	5.6		5.6	17
BXT.DE	3.6		3.6	8
HABA.DE	4.2	3.8	5.3	27
9896.HK	5.9	5.7	6.4	28
ALWEC.PA	6.1		6.1	14
S92.DE	5.8	6.2	5.0	25
HBT	6.4	6.2	6.8	27
DFIN	6.7	6.8	6.4	32
IBKR	6.8	6.8	6.8	30
JEN.BR	6.1		6.1	16
CB	6.4	6.2	6.8	32
2601.HK	5.8	5.2	7.2	27
MNSO	5.2	4.8	6.2	31
IZEA	4.3		4.3	14
CSR	4.7	4.2	5.8	30
PNC	6.1	5.8	6.8	28
MPWR	6.8	7.0	6.2	32
RAT.L	4.8	4.5	5.4	25
ALHPI.PA	6.8		6.8	11
PDD	5.9	5.0	7.9	32
ALHRS.PA	4.9		4.9	14
BANQ.BR	4.2		4.2	14
GEV	6.3	7.0	4.7	32
ZD	6.4	6.2	6.8	30
IRON	4.5	4.5	4.4	26
NST.ASX	6.2	5.7	7.5	28
TRI	5.5	5.2	6.2	31
FBK.MI	5.7	5.5	6.1	25
SHOO	7.1	7.2	6.8	32
CRZK.DE	8.1		8.1	12
CAN	4.4	4.5	4.2	29
VTS	5.5	5.3	6.1	30
RYZ	3.6		3.6	15
NTB	6.2	6.2	6.1	27
HOOD	6.8	7.0	6.4	30
TK	7.6		7.6	15
LOGI	6.7	6.7	6.8	31
ALHOP.PA	4.7		4.7	9
TECX	5.1	5.5	4.3	26
FTCHQ	4.4		4.4	12
SWECb.ST	5.7		5.7	17
VTU.L	5.1		5.1	16
1585.HK	5.6	5.3	6.2	27
CPINV.BR	6.5		6.5	16
AMTX	3.7	3.7	3.8	26
ADEN.ZU	5.9	5.7	6.4	30
RES	5.4		5.4	17
ALW.L	5.3		5.3	2
AEVA	4.3	4.7	3.3	26
OFLX	5.3		5.3	14
SINT	5.2	5.5	4.6	28
ZIG.L	5.5	5.7	5.1	28
YSS	4.3	4.3	4.4	25
ATG.L	6.1	6.3	5.8	26
06886.HK	7.5		7.5	14
BPOST.BR	5.8		5.8	14
FGP.L	5.9	6.0	5.7	27
6181.HK	6.1	6.0	6.4	28
RENEF	3.5		3.5	7
4043.T	5.1		5.1	13
GTN	5.6	5.3	6.4	30
ACN	6.4	6.2	6.9	32
BZUN	6.3	6.1	6.8	29
TSBK	6.1		6.1	12
HTG.DE	5.7		5.7	14
IP.MI	6.0	5.7	6.7	29
VWS.CO	5.1		5.1	17
FRE.DE	6.1	5.8	6.7	28
9107.T	6.2		6.2	15
GOFORE.HE	6.1		6.1	17
TFW.L	6.5		6.5	14
CNMD	5.9	5.5	6.7	31
AMRX	7.1	8.0	5.0	32
VZ	5.8	4.8	8.1	32
WA1.ASX	3.9		3.9	10
BILI	5.4	5.0	6.2	29
KETL.L	5.7	5.8	5.6	24
INKT	5.2	5.7	4.0	22
8001.T	5.3		5.3	16
KMI	6.3	6.2	6.5	31
VLA.PA	3.8		3.8	16
GEHC	6.1	5.8	6.7	32
FF	4.6		4.6	13
DAN	5.5	5.5	5.4	31
BKH	5.8	5.7	6.1	32
MSBI	5.7	5.5	6.1	27
ALMIB.PA	3.6		3.6	7
UCTT	5.9	6.5	4.6	30
PCOR	5.4	5.5	5.1	29
WTB.L	4.8	4.5	5.6	28
2333.HK	5.3	4.8	6.4	28
IPR.LS	5.3		5.3	15
OXM	4.1	3.8	4.7	30
ABCA.PA	7.8		7.8	16
NEWT.US	5.7	5.3	6.5	31
GBF.DE	4.7	4.3	5.6	30
ST5.DE	6.1		6.1	14
ZLAB	5.1	5.7	3.6	28
PRU.ASX	6.6	6.2	7.5	28
7004.T	5.7		5.7	12
4452.T	6.7		6.7	17
LRE.L	6.1	5.7	6.9	28
ASUR	5.4	4.8	6.7	31
PMV.ASX	6.6	6.2	7.4	27
STB.L	5.6		5.6	14
DOM.L	5.6	5.5	5.7	26
NCK.ASX	6.1	5.7	7.1	28
CMO.PA	5.8		5.8	12
III.L	5.9	5.5	6.7	28
VK.PA	6.6	6.7	6.4	30
VIRI.PA	6.7	6.3	7.6	29
FCC.MC	5.4	5.2	6.0	25
LNG	7.0	7.0	7.1	32
BOOM	5.4	5.3	5.7	30
00135.HK	6.7		6.7	16
ITRN	7.4	7.8	6.5	31
ARR	5.6		5.6	14
TIMB	5.5	4.8	7.1	31
5713.T	5.7		5.7	17
BDC	6.4	6.3	6.7	31
NFN.DE	5.1		5.1	16
MND.ASX	6.0	6.2	5.7	28
MSAG.DE	5.0		5.0	14
SMNR	4.0		4.0	7
CBOT.PA	7.1		7.1	16
MCBS	6.3	6.2	6.4	25
LSS.PA	6.5		6.5	16
MTRS.ST	4.7	4.5	5.1	30
ZETA.US	6.3	6.7	5.3	30
WLK	5.0	4.8	5.4	31
BHP.ASX	6.3	6.2	6.5	28
WPP	3.9		3.9	15
WEYS	6.7		6.7	15
02382.HK	6.4		6.4	16
9009.T	6.4		6.4	14
UVSP	6.2	6.3	6.1	28
A.US	6.8	7.0	6.2	32
ETON	7.1	7.8	5.6	32
FOBANK.CO	5.8		5.8	13
NXRT	5.3	5.3	5.3	29
SON	5.3	4.8	6.4	32
SES.MI	6.2	6.3	6.0	28
CAAP	7.3	7.2	7.5	32
PL	5.0	5.3	4.2	28
VSEC	5.7	5.8	5.4	32
543A.T	6.0		6.0	13
LKQ	5.6	5.2	6.7	32
VIS.MC	6.1	6.0	6.4	28
SCT.L	6.1	6.5	5.1	28
CRAP.PA	5.6		5.6	12
INVH	4.8	4.3	5.8	31
DELL	6.6	6.7	6.5	30
ECMPA.NV	7.1		7.1	16
YNGA.L	5.7		5.7	16
NSC	5.9	5.5	6.9	32
HLAG.DE	4.9	4.5	6.0	29
HEXA-B.ST	5.0		5.0	17
HARVIA.HE	6.2		6.2	17
ADSK	6.2	5.8	7.1	32
APM.DE	6.1		6.1	16
MHPC.L	6.0		6.0	14
TKR	6.7	7.0	6.0	32
HSD.L	5.3		5.3	16
TEL.OL	6.2		6.2	17
AMBP	6.0	6.3	5.4	30
HALO	6.8	7.0	6.5	32
0992.HK	5.8	6.3	4.7	30
NBG6.DE	5.3		5.3	16
BHRB	6.0	6.0	6.1	27
2INV.DE	4.4		4.4	9
LACR.PA	6.4		6.4	16
TNGX	4.6	5.2	3.3	28
SRPT	3.5	2.8	5.0	31
DOW.ASX	5.0	4.8	5.6	29
WPP.L	3.8	3.5	4.4	27
SRT.DE	6.1		6.1	17
QDEL	4.4	4.2	4.9	30
SN.L	5.6	5.2	6.4	28
MLL.DE	6.1		6.1	15
ABDP.L	5.2	5.3	5.1	25
CHC.ASX	6.3	6.3	6.2	28
SCMN.ZU	4.7	4.2	6.0	30
MD	6.4	6.5	6.1	32
IMCD.NV	5.9	6.0	5.8	28
BURL	5.5	5.5	5.6	32
PAG	5.3	5.7	4.3	31
BZ	6.2	5.1	8.8	33
SHBI	6.5	6.3	6.9	28
AMRZ.ZU	5.1	4.3	6.9	30
REY.MI	7.0	7.2	6.5	27
RCN.L	4.3		4.3	16
THEON.NV	6.5		6.5	17
AVNT.US	6.7	6.7	6.8	32
CUZ	4.8	4.2	6.1	32
NVGS	7.6	7.7	7.5	31
TKC	5.6		5.6	12
9660.HK	4.8	5.0	4.4	25
NATL	6.3	6.3	6.4	31
AMC	4.6	4.5	4.7	27
NTAP	6.6	6.5	6.8	32
ALSPT.PA	5.6		5.6	14
LION	5.1	5.2	4.9	10
00384.HK	5.3		5.3	16
RPC.US	6.3	6.2	6.4	30
SHEN	4.5	4.3	4.9	30
TNE.ASX	6.3	6.5	6.0	27
AMP.ASX	5.4	5.0	6.2	28
OBK	6.5	6.2	7.1	28
CPI.L	4.3	4.0	5.1	26
TBCG.L	4.6		4.6	11
CNOB	6.5	6.5	6.5	28
NOMD	6.1	5.8	6.8	31
SDR.ASX	3.9	3.8	4.2	24
7731.T	4.4		4.4	16
ZYNE.CVR	5.0	5.0		0
PAA	6.4	6.7	5.8	32
OTEX	5.9	5.2	7.6	31
ACT	5.8	5.3	6.9	32
NRG	5.4	5.2	5.8	31
DSI.AE	4.0		4.0	13
HCA	6.0	5.8	6.5	30
XHR	6.0	6.2	5.6	30
ARCC	4.7	4.2	5.7	30
TNIE.DE	5.7	6.3	4.3	25
PLGO	6.5	6.5	6.5	31
CVCO	6.0	6.5	4.9	31
ETTE.HE	6.5		6.5	17
9531.T	5.7		5.7	14
PAF.L	7.3	7.2	7.6	28
LBIRD.PA	6.0		6.0	16
MED.DE	6.2		6.2	16
VNO	5.2	5.2	5.3	31
7203.T	5.7		5.7	17
RDY	5.8		5.8	16
02388.HK	5.6		5.6	14
DRX.L	4.7	4.8	4.6	28
ABTC	3.3	3.0	4.0	28
ASHM.L	5.3	5.2	5.4	27
ALITL.PA	6.0		6.0	15
MAA	5.3	5.0	6.0	31
WSO	5.0	5.2	4.7	32
GOOG	7.3	7.5	6.9	31
GLRE	5.4		5.4	14
RSW.L	6.6	7.2	5.3	28
ALDX	4.5	4.7	3.9	25
1958.HK	4.1	3.8	4.9	26
SMR.ASX	4.7	4.5	5.3	26
VIK1V.HE	5.8		5.8	14
TONX	5.3		5.3	13
PR	7.0	6.5	8.2	32
SPM.MI	6.3	6.7	5.3	28
PEG	5.4	5.0	6.4	32
NUS	5.8		5.8	16
ALIKO.PA	4.7		4.7	8
ARI	5.4	5.3	5.8	29
POET	4.0		4.0	14
INVZ	4.3	4.3	4.3	27
LIGHT.NV	5.3	5.0	6.1	29
KLRS	5.0	5.3	4.3	25
ANN.ASX	6.0	6.0	6.0	28
PRDO	6.9	6.5	7.8	32
BVR.ASX	4.6		4.6	12
RCI	6.3	5.8	7.5	31
FDUS	5.8	6.2	5.0	29
WISE.L	5.6	5.3	6.4	28
1997.HK	5.3	5.0	6.1	26
TEX	6.4		6.4	17
CRGY	6.3	5.8	7.4	32
PINE	5.9	5.7	6.4	31
BBAI	4.0	4.0	4.0	29
CGNT	6.3	6.8	5.0	29
ESSITYB.ST	5.7		5.7	17
HESM	5.5	5.0	6.5	31
AT1.DE	5.8	5.0	7.6	28
ORI.ASX	5.6	5.7	5.4	27
SGP	4.7	5.0	4.0	22
LKE.ASX	3.8		3.8	13
ARMX.AE	6.4		6.4	17
ERIC-A.ST	6.2		6.2	14
NVDA	7.3	7.5	6.9	32
HTO	6.4	6.3	6.5	31
YALA	7.2		7.2	14
SCCO	6.1	5.7	6.9	32
6055.HK	6.0	6.2	5.6	27
SKIN	5.7	5.7	5.8	29
KYIV	6.7	6.2	7.8	31
MKC/V	5.4	5.5	5.3	4
EMBJ	6.3	6.0	6.9	32
SMBC	6.1	6.0	6.2	28
ZBIO	4.5	4.8	3.8	28
TDC	6.0	6.0	6.1	31
KARD	5.3	5.8	4.3	20
LIVE.L	5.8	6.2	5.0	8
ABBN.ZU	5.8	5.5	6.4	30
MELI	5.9	5.8	6.0	32
VGP.BR	7.1		7.1	16
MPAA	5.1		5.1	16
AXP	6.9	7.0	6.7	30
7013.T	6.1		6.1	16
MHK	6.3	5.8	7.5	32
LPLA.US	6.1	6.0	6.2	30
INGA.NV	6.4	6.5	6.2	26
ACWN.DE	5.0		5.0	15
HCM.L	4.8	5.2	3.8	27
LNN	5.5	5.3	6.0	31
4503.T	8.1		8.1	17
6501.T	6.4		6.4	16
PPC	5.5	5.5	5.6	31
MYR.ASX	3.9	3.7	4.4	23
SSL	7.2		7.2	16
PNN.L	5.4	5.3	5.7	28
ALLO	5.0	5.3	4.2	27
CTT.LS	6.4		6.4	16
CLBK	6.2	6.3	6.0	26
WKP.L	4.4	4.2	5.0	27
01113.HK	7.6		7.6	16
TTAN	5.0	5.0	5.0	29
WEAV	5.3	5.5	4.9	28
SDA	5.3	5.2	5.6	30
DKSH.ZU	6.0	6.3	5.3	27
BNZL.L	5.6	5.7	5.3	28
HPP	3.9	3.5	4.7	31
IPO.L	6.3	6.3	6.2	27
SANA	4.4	4.7	3.8	25
NWBI	5.6	5.5	6.0	28
SAGAb.ST	6.1		6.1	16
SUPX	4.0		4.0	13
SOLARb.CO	4.7		4.7	16
MAP.MC	5.6	5.5	5.8	29
ARHS	5.9	6.0	5.7	32
MATX	6.4	6.5	6.1	32
MTLS	5.7		5.7	17
STLAP.PA	4.1	4.0	4.4	27
AHR	5.7	6.0	5.0	32
ASKER.ST	5.8		5.8	17
00880.HK	5.6		5.6	16
PAHC	6.0	6.3	5.3	31
HMC.ASX	5.2	5.2	5.3	27
KO	6.9	7.2	6.2	32
GXI.DE	4.8	4.5	5.4	28
DETEC.HE	5.4		5.4	17
CMBT	6.5	6.3	7.1	30
SEIT.L	5.2	5.3	4.9	6
6367.T	6.0		6.0	15
FCN	6.0	5.8	6.4	31
ERAS	4.6	5.2	3.3	25
PFSI	4.6	4.2	5.4	30
SNR.L	5.5	5.7	4.9	26
PROK	4.5	4.7	4.0	26
MC.PA	5.9	5.5	6.9	28
INVA	6.2	6.0	6.8	31
BKS.L	5.2	5.7	3.9	27
HQY	6.4	6.3	6.8	32
BB.PA	6.5	6.5	6.5	28
SNY	4.6	4.2	5.6	32
AYV.PA	5.2	4.7	6.5	30
ALWIN.PA	2.9		2.9	12
LOW	5.4	5.3	5.6	30
CWEN	5.1	4.3	6.9	32
RAYb.ST	5.6		5.6	17
MAN	5.9	6.0	5.6	32
MUSA	6.0	6.5	5.0	32
CKN.L	6.8	7.0	6.4	28
GUBRA.CO	3.5		3.5	14
AXGN	5.3	6.0	3.8	31
LOCO	5.9	6.0	5.6	31
RIVN	5.0	5.2	4.4	29
KMT	6.2	6.2	6.1	32
NAVN	5.4	5.8	4.6	29
PCVX	4.9	5.2	4.3	26
PBH	5.7	5.3	6.7	31
CMW.ASX	5.6		5.6	16
EPAC	6.5		6.5	17
SYK	6.8	6.7	7.1	32
GYM.L	5.3	5.2	5.4	27
2057.HK	6.6	6.3	7.4	29
MERC	3.4	3.3	3.8	29
NSI.NV	4.5	4.0	5.8	26
HSPOF	3.5		3.5	8
CGON	4.2	4.7	2.9	28
RDW.US	4.0	3.8	4.4	28
ALBPS.PA	3.8		3.8	8
2611.HK	5.9	5.3	7.2	25
V3V.DE	5.3		5.3	15
DVLT	4.8	5.0	4.4	27
6030.HK	6.7	6.3	7.6	28
GME	6.4	6.5	6.1	30
KEMIRA.HE	6.0		6.0	17
PAGE.L	5.2	5.8	3.8	27
MBK.DE	5.1		5.1	13
MANE	5.6	6.2	4.3	22
POOL	5.8	5.8	5.7	32
MLI	6.5		6.5	17
SLYG.DE	6.3	6.7	5.3	25
CATO	4.9		4.9	14
ENGCONb.ST	4.6		4.6	17
PGH.L	6.6	7.0	5.6	27
ALU10.PA	6.1		6.1	16
ICAD.PA	4.7	4.2	6.0	27
CTBI	6.3	6.2	6.5	27
COL.MC	4.7	3.8	6.7	30
GRCL.CVR	5.0	5.0		0
OLLI	5.2	5.0	5.6	32
FN	6.5	7.2	4.9	31
MT.US	5.4	5.5	5.3	32
SYNA	5.1	5.2	4.9	30
RR	4.7		4.7	14
LASP.CO	5.6		5.6	12
HAS	7.6	7.8	7.1	32
PPH.L	5.8	5.7	6.0	28
CSAN	6.1		6.1	14
PTON	5.8	5.5	6.4	29
BCE	6.0	5.5	7.1	30
OBT	6.5	6.8	5.7	27
NBP	4.3	4.3	4.2	25
AMPL	4.9	4.8	5.3	28
OEWA.DE	5.2	5.0	5.8	25
NKTR	4.1	3.7	5.0	31
00066.HK	6.8		6.8	16
IBTA	5.8	6.0	5.3	29
TRON	4.0		4.0	13
MCB.L	6.3	6.8	5.1	27
9502.T	4.9		4.9	15
BRK.L	4.9	5.3	3.9	26
SEPL.L	7.0	7.2	6.4	30
00322.HK	6.4		6.4	16
UIS	5.5	5.7	4.9	28
WHD	6.9	6.8	7.1	32
HOLN.ZU	5.4	5.0	6.2	28
CCH.L	6.2	6.3	6.1	29
MWA	6.0	5.7	6.7	32
PENG	6.5	7.2	4.9	31
ACCO	6.8	7.0	6.5	30
P	6.6	7.5	4.6	32
WAF.DE	5.8	6.3	4.7	28
VRRM	6.6	6.2	7.4	30
STAG	6.0	6.0	6.0	31
HCC	6.3	6.3	6.4	32
RRTL.DE	4.9	4.5	5.7	28
TRN.US	5.3	5.3	5.4	31
ENEL.MI	5.2	4.7	6.2	30
EGY	5.4	5.0	6.2	31
YUMC	6.1	5.7	7.1	32
TREX	6.1	6.0	6.5	32
CX	4.9	4.2	6.5	30
COA.L	6.6	6.7	6.5	28
9201.T	7.6		7.6	17
BLND.US	5.3	5.5	5.0	27
TW.L	4.7	4.5	5.1	28
YIT.HE	4.6		4.6	16
WOLF	4.8	4.8	4.9	28
BVC.L	4.4		4.4	13
SNDK	8.0	8.3	7.2	32
DIE.BR	4.9		4.9	16
9658.HK	4.8	5.0	4.4	28
OC	4.9	4.7	5.3	31
TEG.DE	4.8	4.3	6.0	28
8802.T	5.8		5.8	15
EDEN.PA	5.5	4.7	7.5	26
HHH	6.0	6.0	6.1	32
RM	6.4	6.5	6.2	32
ITV.L	5.1	5.0	5.3	28
HEIJM.NV	5.8		5.8	16
ALNEV.PA	4.0		4.0	12
BHF	4.8	3.8	7.1	31
SBGI	5.9	6.0	5.6	30
NWG	5.9	6.0	5.8	28
TRMD-A.CO	6.1		6.1	17
EYE	4.9	4.5	5.7	31
MLCO	5.5	5.3	6.0	28
OPAD	4.3	4.2	4.6	28
MVST	5.1	4.8	5.7	28
REA	4.8	5.0	4.4	20
CEVA	5.6	5.8	5.1	29
HM-B.ST	5.8		5.8	17
ALBIZ.PA	4.6		4.6	12
RMS.PA	5.7	5.3	6.7	28
RCL	6.2	6.0	6.8	32
ARQQ	3.5		3.5	13
9633.HK	6.3	6.2	6.7	28
KURA	4.3	4.5	3.9	29
HNGE	7.0	7.7	5.3	32
RSI	6.5	6.8	5.7	32
1332.T	5.8		5.8	15
NPWR	4.8	5.0	4.4	25
KWR	7.2	7.3	6.9	31
FII.PA	6.7		6.7	16
VNET	4.5	3.7	6.4	30
AFRM	6.4	6.7	5.6	33
HIG	6.6	6.2	7.4	32
IFF	5.7	6.0	5.1	32
ASX.ASX	5.7	5.2	6.9	28
EXE.PA	5.7		5.7	15
APA	6.7	6.3	7.6	32
NORTHM.CO	6.1		6.1	15
5101.T	6.2		6.2	17
AMPH	6.5	6.2	7.1	31
GOOGL	7.8	8.2	6.9	32
RLMD	4.6	4.8	4.0	25
CAML.L	5.4	4.8	6.7	26
ABOS	5.0	5.2	4.4	27
BKHT.DE	5.8		5.8	13
5301.T	6.2		6.2	16
GATX	5.7	5.3	6.7	31
ZH	4.4		4.4	14
BX	6.0	6.0	6.1	30
AIXA.DE	5.6	5.3	6.2	30
CTMX	4.0	3.8	4.6	29
6990.HK	4.7	4.8	4.6	27
DECK	6.5	6.3	6.9	32
1808.T	5.7		5.7	15
KLAC	7.3	7.8	6.2	32
7752.T	6.7		6.7	16
TBN	5.5	6.2	3.8	26
8630.T	6.0		6.0	15
SMWH.L	4.4	4.0	5.3	26
WWW	6.3	6.0	7.1	31
RCP.L	5.1		5.1	3
BPOP	6.7	6.8	6.4	28
BP.L	6.5	6.5	6.5	30
SVC	4.3		4.3	16
AEIS	6.6	6.7	6.4	33
ETD	5.5	5.7	5.1	31
ES	5.4	4.7	6.9	32
TJX	5.9	6.2	5.1	31
RCUS	4.7	5.5	2.8	30
WERN	5.0	4.7	5.6	31
PM	6.5	6.3	6.9	29
HLIO	6.9	7.2	6.1	31
SGR.ASX	4.2		4.2	13
SDLF.L	4.5	4.3	4.9	25
BSM	6.7	7.0	6.0	32
SERV	3.9	4.0	3.8	27
8002.T	5.1		5.1	17
0916.HK	5.1	4.3	7.1	28
CCS	5.4		5.4	17
OVLY	6.4		6.4	12
AFG	6.8	6.7	6.9	31
1818.HK	5.2	4.2	7.4	30
ETN	6.3	6.3	6.2	32
AKAM	6.4	6.3	6.5	33
LUXE	5.6	5.8	5.3	29
VXRT	5.4		5.4	15
INDI	4.4	4.5	4.2	28
JBIO	4.6	4.8	4.2	21
DCO	5.8	6.2	4.7	31
TKO	5.6	5.3	6.4	32
MAB.L	5.7	5.8	5.4	27
LTM	5.6	5.5	5.7	30
PLNW.PA	6.8	7.0	6.5	28
8031.T	4.9		4.9	16
FPS	5.9	6.3	5.1	32
ORG.ASX	4.9	4.8	5.3	28
SGM.ASX	5.6	5.5	6.0	27
5108.T	7.5		7.5	17
TBPH	5.4		5.4	17
ENVX	4.1	4.2	3.9	28
SUMMA.HE	5.6		5.6	12
2883.HK	6.3	6.0	6.9	29
TNYA	3.6	3.3	4.3	26
LPX	5.5	6.0	4.4	32
CENX	6.7	7.0	6.0	32
R3NK.DE	6.3	6.5	5.7	30
RYTM	4.2	4.3	3.9	29
ALSOG.PA	6.4		6.4	16
CVLT	6.6	6.8	6.0	32
JKHY	5.8	5.5	6.4	32
STKS	4.1	4.0	4.3	27
STVG.L	3.3		3.3	13
DLTR	6.0	6.2	5.7	32
GENI	4.7	4.5	5.0	29
SAIC	6.5	6.7	6.0	32
IIIV	5.0	4.7	5.7	30
BMRN	5.7	5.3	6.7	32
ALFUM.PA	4.2		4.2	14
W7L.L	5.7	5.8	5.4	27
DQ	4.5	4.5	4.4	30
PBA	5.2	4.8	6.0	31
AMSF	5.9	5.8	6.2	31
INO	3.4	3.2	3.9	26
NMAX	5.4	6.0	4.0	31
NHI	6.1	6.0	6.2	32
OCI.NV	4.0		4.0	9
CSQR	5.5	5.7	5.1	21
ATRC	5.9	6.3	4.9	32
CLNE	5.5	6.2	4.0	30
GET.PA	6.4	6.3	6.7	28
SIG.ASX	5.5	5.8	4.7	28
MTC	3.6		3.6	11
NWL.ASX	6.0	6.3	5.4	28
GGR	5.4		5.4	12
MP1.ASX	5.4	5.8	4.6	26
OHI	5.1	5.0	5.4	32
SHL.ASX	5.0	4.5	6.1	28
UAA	4.5	4.3	5.0	31
RDWR	5.1		5.1	17
BKSY	4.9	5.0	4.7	27
AEET.L	5.0		5.0	1
CDNS	6.9	7.2	6.1	33
SGHT	5.9	6.5	4.6	28
ALHYP.PA	5.6		5.6	16
DWNI.DE	5.7		5.7	16
NMR.US	6.5		6.5	14
SPOK	6.2		6.2	15
MEC	5.7	6.3	4.2	30
STLAM.MI	4.0	3.8	4.6	30
01114.HK	5.8		5.8	16
HTRO.ST	6.7	7.2	5.4	29
PLAB	6.0	6.0	6.0	31
CNDT	5.3	5.2	5.4	29
FRS.DE	4.3		4.3	13
ATMU	6.8	7.0	6.2	32
8252.T	6.2		6.2	15
MANTA.HE	7.4		7.4	17
DTL.ASX	5.0	5.3	4.3	28
SPRB	4.0	3.8	4.4	25
GNRC	6.8	7.3	5.6	32
HNL.DE	5.3		5.3	14
TTE.PA	6.8	6.3	8.1	30
C	6.4	6.5	6.2	28
3996.HK	5.8		5.8	15
DDOG	5.9	6.3	5.1	32
GFC.PA	5.0	4.3	6.5	28
TIPT	4.6		4.6	13
ZV.MI	5.8	5.5	6.4	27
CCCC	4.9	5.0	4.6	28
NUVB	4.7	4.7	4.7	29
AVIR	5.1	5.5	4.3	25
LMRI	5.4	5.7	4.7	26
IPOK.DE	3.8		3.8	12
SPRC	4.4		4.4	14
CHCO	5.8	5.7	6.1	28
NAGE	5.6	6.0	4.7	32
AMCX	5.4	5.3	5.8	30
EQS.PA	5.8		5.8	13
UPWK	6.2	5.7	7.2	31
ASSA-B.ST	6.7		6.7	15
FMBH	6.5	6.3	7.1	27
PSN.US	6.0	6.3	5.4	32
DSX	7.1		7.1	14
5714.T	6.1		6.1	14
SLRC	5.4	5.2	5.8	29
TPK.L	5.0	4.8	5.4	27
CQP	6.7	6.8	6.5	32
VTEX	6.9	6.8	7.1	31
1317.HK	6.5		6.5	15
INA.ASX	5.5	5.0	6.7	28
BDX	5.6	5.0	6.9	32
RUSHA	5.5	5.5	5.4	32
INPP.L	5.1		5.1	15
UNH	6.2	6.3	6.0	32
NVCR	5.2	5.3	4.9	30
MPCK.DE	6.1		6.1	15
SCR.PA	5.5	5.3	6.1	30
SPB	6.5	6.7	6.2	31
2338.HK	6.0	5.5	7.2	30
FOIL	4.4	4.3	4.7	27
ICLR	5.1	4.7	6.0	32
NN	4.2	4.5	3.5	28
ALEAC.PA	5.8		5.8	13
DORM	6.5	6.7	6.2	31
STWD	5.1	5.0	5.4	29
UMH	6.0	5.8	6.5	31
CCAP.DE	3.5		3.5	13
SVV	4.4	3.7	6.0	31
PRGS	5.8	5.2	7.1	32
2607.HK	5.4	5.3	5.7	29
CRL	5.9	6.2	5.1	31
BIOPOR.CO	3.9		3.9	13
UI	6.5	6.5	6.5	31
HAYW	5.8	5.3	7.1	32
GLE.L	4.1	4.0	4.2	25
TECK	7.8		7.8	17
JYSK.CO	5.4		5.4	15
BMNR	4.7	5.2	3.6	29
PHM.MC	5.8	5.8	5.8	29
TERN.L	3.6		3.6	12
MC	6.2	6.3	6.0	29
UPM.HE	5.0		5.0	17
COST	6.1	6.5	5.1	32
OPRA	6.4	6.0	7.2	31
WGO	5.4	5.3	5.8	32
WAC.DE	5.9	5.8	6.2	27
ONTO	6.5	6.7	6.2	32
SKE	5.0	5.7	3.3	20
OPK	5.0	5.3	4.3	30
PHUN	5.1		5.1	12
DSY.PA	6.2	5.7	7.2	30
FRCB	5.7		5.7	11
COHU	5.3	5.2	5.6	30
KLC	4.6	4.3	5.4	29
6758.T	6.8		6.8	17
BYND	4.3	4.3	4.2	28
RCH.L	4.7	4.5	5.0	25
FEML.L	5.7		5.7	12
ASAN	4.7	4.8	4.4	29
WBA US CVR	5.0	5.0		0
WDS.ASX	5.8	5.7	6.1	29
WIX	4.9	4.5	5.8	28
GLO.PA	7.1		7.1	16
YXT	5.1		5.1	13
CMI	6.1	6.2	6.0	32
8058.T	5.4		5.4	16
FNV	6.0	6.2	5.7	31
LHA.DE	4.9	4.2	6.5	30
1186.HK	4.5	4.2	5.3	27
CLSK	4.1	4.3	3.5	30
FAST	6.2	6.7	5.1	32
BFC	6.0	5.6	6.9	28
ISP.MI	5.8	5.8	5.7	26
UVE	6.7	6.5	7.1	31
1308.HK	6.5	7.0	5.3	27
FEV.DE	5.0		5.0	14
9432.T	6.4		6.4	17
CYR.DE	4.0		4.0	14
UNITED.HE	5.6		5.6	12
TOPS	6.4		6.4	13
TSN	5.3	5.7	4.4	32
VTMX	6.8		6.8	17
9001.T	5.8		5.8	14
TATE.L	5.6		5.6	16
FRSH	6.8	7.0	6.4	31
SVE.DE	5.1		5.1	9
PAR	5.3	5.3	5.4	30
ORSTED.CO	6.7		6.7	16
NAMM	6.7		6.7	15
AVA	5.1	4.8	5.8	32
MPC	6.5	6.7	6.2	32
VID.MC	5.9	5.7	6.5	27
MMSI	6.1	6.0	6.4	32
BTSG	7.1	7.8	5.6	33
SUNWQ	4.4		4.4	14
O5G.DE	5.7		5.7	13
MATV	5.3		5.3	17
ETG.DE	6.0		6.0	14
SBSI	5.0	4.7	5.8	28
CRCL	4.5	4.3	5.0	32
INSW	7.5	7.5	7.6	32
7011.T	6.0		6.0	17
CDP	6.2	6.0	6.8	32
KGS.US	5.8	5.7	6.1	32
B7E.DE	5.2	4.8	6.0	24
IVCAF	3.5		3.5	8
DEZ.DE	5.3	5.2	5.7	29
SBS.DE	5.6	5.5	6.0	26
XPON	4.0		4.0	13
LNWO	6.0	5.8	6.5	32
RHM.DE	5.0	4.5	6.1	30
AKRO.CVR	5.0	5.0		0
ALVO	5.4	6.2	3.6	27
BCC	6.2	6.5	5.4	31
MUR	6.6	6.0	7.9	32
DFDS.CO	5.8		5.8	16
JPM	6.1	5.8	6.8	28
1109.HK	6.1	5.8	6.8	28
IMM.L	3.3		3.3	10
LGND	6.8	7.2	6.0	31
PEP	5.4	4.8	6.7	32
VIC.L	5.1		5.1	15
CVX.PA	3.6		3.6	9
HTFL	5.1	5.7	3.6	29
ARW	6.1	6.3	5.7	31
GAIN	5.1		5.1	14
ALSEN.PA	4.9	4.8	5.3	25
AAU.L	3.6		3.6	11
TGTX	5.8	6.2	4.9	32
SAMS.PA	6.7		6.7	16
SIE.DE	5.6	5.5	5.7	30
293.HK	6.7		6.7	16
LI	3.8	4.0	3.2	31
SDZ.ZU	5.6	5.5	5.8	28
CMPS	5.0	5.0	4.9	26
ZIL2.DE	6.9		6.9	16
PRAA	6.6	6.8	6.1	30
EKT.DE	5.1	5.0	5.3	27
COR.LS	6.5		6.5	16
BREB.BR	6.0		6.0	13
VRTX	6.3	6.3	6.4	32
MARA	3.0	2.5	4.3	31
FSECURE.HE	6.4		6.4	17
AIN	5.1	5.0	5.4	31
CTGO	4.8	5.0	4.3	26
NOK	6.2	6.7	5.0	32
JACK	4.4	3.8	5.7	30
VITL	4.2	4.3	3.9	29
TR	5.4		5.4	14
VPK.NV	5.9	5.5	6.8	29
STTK	5.0	5.5	3.9	27
MH	5.9	5.8	6.2	31
6841.T	4.9		4.9	15
TRE.MC	6.1	6.3	5.6	28
MAR.LS	4.3		4.3	11
ON	6.1	5.8	6.9	32
AKW.PA	5.6		5.6	16
MVV1.DE	5.0		5.0	15
FOXA	6.5	5.8	8.1	32
PKG	6.6	6.7	6.4	32
RUI.PA	5.8		5.8	16
NC5A.DE	4.7		4.7	13
IIPR	5.2	4.7	6.5	31
PKE	6.2	6.3	6.0	29
MICC.NV	5.9	5.7	6.4	29
BETSB.ST	4.7		4.7	17
GEN	5.9	5.2	7.6	32
SURG	3.9	3.5	5.0	27
1787.HK	4.7	3.8	6.8	28
SPT	5.2	4.8	6.1	28
AGBK	6.5	7.0	5.3	28
LUNG	5.0	5.3	4.4	28
KD	4.7	4.2	5.7	31
BFAM	5.2	5.0	5.8	32
PEGA	5.5	5.5	5.4	32
AURA	4.4	4.5	4.2	25
CVR.THS	5.0	5.0		0
GFIN.L	3.2		3.2	14
SOLB.BR	6.1		6.1	17
Z	5.6	5.5	5.8	31
AQ.ST	5.7		5.7	17
GTES	6.2	6.0	6.8	32
CABK.MC	5.8	5.7	6.0	26
9501.T	5.3		5.3	13
WTM	7.9		7.9	15
LOG.MC	5.4		5.4	14
WIL.L	5.3	5.3	5.4	28
ENITY.ST	6.7		6.7	15
PLCE	3.7	3.5	4.3	28
KHC	5.6	5.2	6.5	31
VAN.BR	5.7		5.7	15
ZTF.L	6.3	6.3	6.4	28
KWG.DE	6.5		6.5	14
RZLT	4.6	4.8	4.2	27
BF-B	6.8		6.8	17
LXRX	4.5	4.8	3.8	30
PLS.ASX	6.2	5.5	7.8	28
AFCG	4.9		4.9	14
TME	6.1	5.3	7.9	32
NOLAb.ST	5.0		5.0	17
IMC.MC	7.5		7.5	16
TSSI	5.9	6.7	4.2	30
AVGO.EUR	6.9	6.8	7.1	32
OMC	5.2	4.8	6.2	32
WBC.ASX	4.3	3.7	5.6	24
JEGI.L	5.1		5.1	2
1U1.DE	6.1	6.2	6.0	28
SMWN.DE	4.2		4.2	11
MDLN	5.5	5.5	5.4	32
XP	7.1	7.2	6.8	30
LAMR	5.8	5.8	5.7	30
PHP.L	5.1	4.8	5.8	28
ARTNA	6.2		6.2	15
7489.HK	5.0	4.7	5.7	25
ARCO	6.0	6.0	6.1	31
3402.T	6.1		6.1	16
2871.T	6.1		6.1	14
TTI	6.3	6.5	5.7	31
UVV	4.7		4.7	17
SUPN	5.5	5.7	5.1	29
NTGY.MC	6.3	6.2	6.4	29
TELFY	4.0	3.2	5.8	27
HE	3.5	2.8	5.0	32
RCO.PA	5.2	5.0	5.7	28
ELMT	6.1	6.8	4.6	25
LSTR	5.8	5.8	5.7	32
DOW	4.9	5.2	4.3	31
0998.HK	5.8	6.0	5.4	25
RGEN	5.3	5.2	5.7	32
MXHN.DE	5.3		5.3	14
PEN	5.2	5.3	5.1	31
GD	5.9	6.0	5.6	32
RSKD	5.8	6.2	5.0	29
FTNT	7.0	7.2	6.7	32
TRTX	5.2	5.0	5.7	29
BAMI.MI	5.4	5.3	5.6	25
OWL	5.9	5.5	6.7	32
GWW	7.1	7.7	5.7	32
CFR	6.5	6.5	6.4	28
LAR	4.1	4.0	4.3	28
ECF.DE	4.6		4.6	12
REN.NV	5.5	5.2	6.2	27
XTP.DE	4.7		4.7	13
DLR	5.7	5.3	6.7	31
ARAMI.PA	5.4		5.4	16
CHEF	7.0	7.8	5.3	31
RIG	5.9	5.7	6.5	31
GRC.US	6.0		6.0	17
VOLV-B.ST	6.5		6.5	17
STOK	4.1	4.2	3.8	30
IHS	6.1		6.1	16
PLUS	5.6		5.6	17
BUFAB.ST	5.4		5.4	17
CAH	6.4	6.5	6.1	30
CHH	6.1		6.1	17
LIN.PA	5.8		5.8	16
AFRY.ST	5.3	5.2	5.7	30
CHT	6.7		6.7	16
NNE	4.8	5.0	4.2	28
SMP.US	6.2	6.2	6.2	31
PLTK	5.4	5.2	6.0	29
PSON.L	5.5	5.5	5.6	28
ODD	4.2	4.0	4.6	31
IEP	4.7		4.7	14
UHS	5.8	5.7	6.2	32
SNGX	4.3	4.3	4.3	24
2618.HK	5.5	5.0	6.5	29
QBY0.DE	4.9		4.9	16
LAD	5.4	5.0	6.2	32
CPU.ASX	5.9	5.8	6.0	26
LQAG.DE	5.0		5.0	15
SPCX	5.6	5.8	5.0	26
ASTH	6.6	7.0	5.8	32
RMNI	5.7	5.5	6.2	28
BILL	5.9	5.7	6.4	30
GNE	6.3	6.5	5.8	30
COFFEEB.ST	6.7		6.7	15
COHR	6.6	7.0	5.6	31
EOSE	3.6	3.7	3.3	27
SKT	5.3	4.8	6.4	32
LUND-B.ST	7.5		7.5	15
DIA.L	4.4		4.4	16
OVZON.ST	6.7		6.7	17
ADYEN.NV	6.8	6.5	7.5	28
SMMT	4.1	4.5	3.3	27
SLF	5.4	5.3	5.8	31
ALHRG.PA	5.6		5.6	15
EDU	6.7	6.3	7.8	31
VOD.L	5.5	5.2	6.1	26
ACLN.ZU	5.9	5.8	6.0	28
MRVI	5.5	6.3	3.6	30
PHAR.L	5.9	5.8	6.0	26
CBRS	5.8	6.2	4.9	26
OZK	4.8	4.3	6.0	28
GME.DE	5.3		5.3	15
ZIOC.L	3.5		3.5	11
IDHC.L	6.1		6.1	12
JHX	6.5	6.3	6.9	32
WBT.ASX	4.3		4.3	14
PYR.DE	2.9		2.9	12
IDT	7.0	7.3	6.4	31
KVYO	5.4	5.2	5.8	32
AUGO	6.8	6.8	6.7	33
FFIN	4.9	4.5	5.8	28
AEIN.DE	4.8	4.7	5.1	25
CURV	5.5	6.0	4.2	26
EQPT	6.0	6.2	5.4	32
CY1K.DE	5.3		5.3	14
KOF.PA	5.3		5.3	16
MAKO	7.0	6.8	7.4	25
SNWS.L	6.0	6.5	5.0	27
9868.HK	4.3	4.0	5.0	25
CHPT	4.7	4.5	5.1	28
CIFR	3.5	3.7	2.9	30
ARF.ASX	5.7	5.2	6.9	28
PACB	4.8	4.8	4.7	29
EKOP.BR	4.4		4.4	13
SRE.L	5.4	4.8	6.9	27
DTG.DE	6.6	6.7	6.4	30
HP	5.6	5.7	5.4	31
AMBUB.CO	5.8		5.8	17
PGY	6.7	6.0	8.3	32
UEC	3.2	3.2	3.3	29
ARVN	5.0	4.7	5.8	31
IOSP	7.2	7.5	6.4	31
CIA.ASX	5.3	5.0	6.1	30
EVLV	4.7	5.0	4.0	29
KSS	5.7	5.5	6.2	31
PWH.ASX	5.7	5.7	5.7	28
CCC.L	6.1	6.7	4.7	28
UAMY	3.5	4.0	2.4	29
BWMN	5.2	5.1	5.6	32
FER.MC	5.4	5.3	5.6	29
IP.US	4.8	4.7	5.1	31
AR.US	5.5	4.5	7.8	29
VUL.ASX	4.0	4.3	3.3	24
PRE.L	3.6		3.6	10
STZ	5.8	5.0	7.5	32
1288.HK	6.0	6.2	5.7	26
DXC	5.3	5.0	6.1	31
AMTM	5.9	6.0	5.7	32
MBWS.PA	4.6		4.6	16
VMRK	4.8	4.3	6.0	26
DMRA	4.8	5.2	4.0	26
1766.HK	6.5		6.5	17
WATT	4.5	4.7	4.0	27
AGMH	4.4		4.4	14
SWBI	6.6	6.7	6.5	30
GSK.L	5.4	5.2	5.8	30
PFE	6.1	6.0	6.5	32
DNN	4.1	4.8	2.5	30
IIIN	4.9		4.9	17
DIM.PA	5.6	5.5	5.8	30
TD	5.9	5.8	6.1	26
ILKKA.HE	4.2		4.2	17
VNDA	4.6	4.7	4.3	31
DKS	5.2	4.7	6.4	32
HAL.NV	7.1		7.1	16
FLYW	6.6	6.8	6.0	32
GLINT.LS	6.5		6.5	14
CRS	6.4	6.7	5.7	32
SMCP.PA	6.7		6.7	16
PXA.ASX	5.5	5.2	6.1	28
ALMDT.PA	3.8		3.8	12
4502.T	6.2		6.2	16
DXCM	7.0	7.3	6.2	32
PESI	4.9	5.7	3.1	29
DAL	6.4	6.5	6.1	32
BUCN.ZU	5.7	5.8	5.4	28
IMI.L	5.9	6.0	5.6	28
HEI	6.6	6.7	6.5	32
NDX1.DE	6.5	6.7	6.1	30
AHRT	4.4	4.0	5.4	28
OZ	3.8		3.8	12
SDGR	4.6	4.7	4.3	29
ALGT	5.9	5.7	6.5	32
3958.HK	7.2		7.2	14
MOND	5.1		5.1	11
3289.T	6.7		6.7	15
AMD.EUR	6.5	6.8	5.8	32
AMR	4.6	4.8	4.2	29
CTS	7.1	7.5	6.2	31
ALG.DE	5.7		5.7	16
IRM	5.6	5.8	5.3	30
06060.HK	5.0		5.0	16
SFBS	6.1	6.0	6.5	28
EMAT	3.8	4.3	2.5	22
OPEN	4.0	4.2	3.5	28
GH	5.7	6.2	4.4	27
KALU	6.7	7.0	6.1	32
REAL	4.9	5.0	4.7	27
E4C.DE	6.2		6.2	16
ATEN	6.7	7.2	5.6	31
EME	6.8	7.3	5.7	31
VG80.DE	5.3		5.3	11
ALPVL.PA	5.8		5.8	15
INVEB.ST	6.8		6.8	13
IAG.ASX	5.8	5.7	6.1	27
CASS	6.8	6.5	7.5	31
CCI	5.2	4.7	6.4	30
BSX.US	5.9	5.5	6.8	32
NVMI	6.1	6.3	5.8	32
CIGI	6.2	6.2	6.2	30
PRY.MI	6.3	6.3	6.2	30
META.EUR	7.1	7.0	7.4	32
WDS	5.8	5.3	6.9	26
BAM	6.3	6.3	6.2	31
RILBA.CO	5.4		5.4	14
CVRX	4.7	4.8	4.4	27
DB1.DE	5.7	5.3	6.7	30
CLASb.ST	6.0		6.0	17
CRTA.L	4.3		4.3	13
PKX	5.7		5.7	16
IOT	6.3	6.8	5.0	32
PCAR	6.1	6.0	6.5	32
MTDR	6.3	5.8	7.4	32
VTR	5.3	5.2	5.7	32
TOWN	5.2	5.0	5.8	27
TRIG.L	3.1		3.1	12
PECO	5.5	5.7	4.9	32
SNPS	6.2	6.3	6.1	32
HWM	6.5	6.7	6.2	32
CRK	4.8	4.5	5.4	32
BOL.PA	4.3		4.3	16
6936.HK	5.6	5.5	5.8	29
KRT	6.5	7.3	4.7	31
AAD.DE	5.0		5.0	15
MFP	5.3	5.3	5.3	23
OFG	6.1	5.8	6.8	28
DFM.AE	7.9		7.9	16
UTMD	6.8		6.8	14
KRO	4.9	4.8	5.3	29
GN.CO	4.7		4.7	16
QURE	3.6	3.5	3.9	30
ENQ.L	6.4		6.4	16
ADI.US	7.0	6.8	7.4	32
PRO.L	4.5	4.8	3.8	24
1776.HK	7.1		7.1	15
SUP.L	6.2		6.2	16
FRVO	5.0	5.3	4.2	23
COP	7.4	7.2	7.8	32
JAKK	7.0	7.7	5.4	31
UNI.MC	5.4	5.3	5.8	26
GLE.PA	6.1	5.8	6.7	26
HEI.A	5.4	5.5	5.3	4
SMRT	4.6	4.5	4.7	28
ALIMP.PA	4.3		4.3	11
PAYX	6.3	6.3	6.2	32
MQ	6.1	6.0	6.5	31
YUM	5.6	5.2	6.5	30
ALCAF.PA	6.0		6.0	14
4151.T	7.2		7.2	17
BEN	6.7	7.0	6.0	32
BAC	6.3	6.2	6.5	28
FMS	4.9	4.2	6.5	31
PLD	5.7	5.5	6.1	32
9983.T	5.7		5.7	16
6701.T	6.1		6.1	17
AG	6.6	6.3	7.4	31
ALTO	6.2	6.7	5.0	30
GDDY	5.7	5.2	6.9	31
AVEX	6.0	6.2	5.7	27
MB.MI	5.4	5.3	5.8	22
INSP	5.1	5.3	4.7	32
TELA	5.7	6.3	4.2	25
LH	6.1	6.3	5.7	32
CXT	6.6	6.3	7.2	31
CAR.ASX	5.9	5.7	6.5	28
CAT31.PA	6.1		6.1	12
LAND.L	4.3	3.8	5.6	28
IMMO.BR	6.1		6.1	16
ALLAN.PA	6.1		6.1	16
PRME	4.6	5.2	3.2	29
TDSA.LS	6.5		6.5	14
ICL	5.9	6.0	5.8	29
TRMB	5.2	5.0	5.7	31
ULH	4.9	4.8	5.1	29
AERO.US	6.0		6.0	16
OKE	5.8	5.7	6.2	32
NRP.NV	6.2	6.0	6.8	27
1099.HK	5.8	5.7	6.0	27
9202.T	6.9		6.9	17
RNO.PA	5.3	4.7	6.8	28
CIV.PA	6.2		6.2	12
SCYX	4.6	5.0	3.8	28
EXK	5.7	5.5	6.1	31
NOKIA.HE	5.6		5.6	17
BONEX.ST	4.9		4.9	17
IEAG	3.8		3.8	6
TCAP.L	5.4	5.5	5.3	25
TRIP	4.7	4.3	5.7	32
LXS.DE	4.6	4.2	5.4	26
BN.PA	5.6	5.0	7.1	28
AYTU	5.0	5.0	5.1	28
CBG.L	4.3	4.5	4.0	22
STUB	5.0	4.7	5.7	30
WABC	6.0	6.2	5.6	27
NN6.DE	4.4		4.4	12
1088.HK	5.2	4.7	6.2	29
4021.T	6.7		6.7	17
FGR.PA	5.8	5.3	7.1	28
WALD	4.3		4.3	14
NPK	5.8	6.2	4.7	30
ADDTb.ST	4.7		4.7	17
PTEN	5.9	6.0	5.6	31
9766.T	7.1		7.1	17
LISN.ZU	5.0	4.8	5.6	28
OPENL	3.6		3.6	8
BANC	5.3	4.8	6.4	26
TREL-B.ST	6.8		6.8	17
CSCO	7.0	7.0	7.1	32
XOS	4.7		4.7	15
WSC	5.2	4.7	6.2	30
GLOB	5.6	5.2	6.5	30
BMRC	5.3	5.2	5.6	27
WBI	6.5	6.8	5.8	27
APO	6.6	6.5	6.8	30
PRGO	5.4	5.8	4.6	30
ZS	5.8	6.2	4.9	30
HIK.L	6.4	6.7	5.8	27
ALVU.PA	6.1		6.1	16
AONC	4.6		4.6	12
3697.T	5.4		5.4	13
IMO	5.6	5.5	6.0	30
BABA	5.3	4.7	6.7	32
STLN	6.0	6.7	4.4	28
LBTYK	5.7	5.5	6.2	27
GRK.HE	6.1		6.1	17
ALEMG.PA	6.0		6.0	12
HCKT	6.8	7.2	5.8	31
KBC.BR	5.7		5.7	14
GMS.L	4.9		4.9	16
FLS	6.4	6.8	5.4	31
ASLE	4.6	4.7	4.4	29
1193.HK	5.1	4.7	6.0	28
DSFIR.NV	5.2	5.2	5.1	28
FET.US	5.3		5.3	16
SXC	5.4	5.5	5.1	30
AXB.L	5.8		5.8	12
ALTHX.PA	4.0		4.0	13
STRO	5.0	5.3	4.4	28
GGB	6.2	6.0	6.8	32
WJL.ASX	5.8		5.8	16
ACLX.CVR	5.0	5.0		0
WES.ASX	4.6	4.5	4.7	28
AMANAT.AE	6.2		6.2	16
AGI	6.4	6.3	6.8	30
TBBK	5.6	5.5	6.0	28
ADE.DE	3.9		3.9	13
TPL	5.3		5.3	17
WGX.ASX	6.8	6.2	8.1	28
BV.US	5.0	4.7	5.6	30
MONT.BR	6.7		6.7	16
YORW.US	6.1		6.1	17
NAVI	4.4	3.7	6.1	29
788.HK	7.1		7.1	16
ALDMS.PA	4.3		4.3	16
WIB.DE	5.0	4.7	5.7	25
CRTO	6.1	5.7	6.9	31
LW	6.0	5.7	6.7	32
SVT.L	5.9	6.3	5.0	28
960.HK	5.0		5.0	15
VOD	5.8	5.8	5.8	27
ACEL	6.5	6.7	6.1	32
8801.T	6.0		6.0	15
ZIMMER-CVR	5.0	5.0		0
KMK.L	4.0		4.0	16
BELFB	6.3	6.5	6.0	32
GYC.DE	6.1	5.5	7.6	28
METSB.HE	5.0		5.0	16
9005.T	4.6		4.6	14
ALKS	6.2	6.3	6.0	33
LDI	3.9	3.7	4.3	26
RMV.L	6.6	6.7	6.4	28
ESNT	7.3	6.7	8.8	32
OXIG.L	6.3	6.8	5.0	27
168.HK	6.5		6.5	17
MUX	5.6	5.8	5.1	31
9008.T	6.4		6.4	14
HTWS.L	7.0	7.5	6.0	27
GOLD.US	5.8	5.7	6.2	30
DAC	6.2	5.8	7.2	28
GTK.DE	4.6		4.6	11
IOS.DE	6.1	6.0	6.2	30
OBS.DE	6.4		6.4	16
LYTS	6.5	6.8	5.8	31
BIO.US	6.0	6.2	5.6	31
STRD	4.3		4.3	10
MG	5.3		5.3	17
823.HK	6.0		6.0	15
SBRY.L	4.9	5.0	4.7	28
CRBN.NV	5.8	6.0	5.4	27
POWI	5.9	6.2	5.1	30
LASTIK.HE	5.8		5.8	16
CSL.ASX	5.6	5.5	5.7	27
EROK	6.2	7.0	4.2	28
OPCH	5.3	5.2	5.4	32
ESI	7.3	8.0	5.6	32
AZN	5.6	5.2	6.7	31
ATOM.US	3.3		3.3	13
TDS	5.4	4.8	6.9	30
CALY	6.8	7.0	6.5	31
THEP.PA	6.4		6.4	16
JCI	6.3	6.5	5.7	32
DWS.DE	6.6	6.2	7.5	29
VERU	4.5	4.7	4.2	26
MAERSKB.CO	5.0		5.0	17
TRVI	4.6	5.0	3.8	26
DAR.DE	5.4		5.4	14
RHLD	5.8		5.8	13
EVLI.HE	6.1		6.1	14
ALNXT.PA	6.0		6.0	14
AXL.L	7.1		7.1	16
6724.T	6.2		6.2	16
GEMD.L	5.3		5.3	14
AMS.ZU	5.4	5.3	5.7	29
AXTA	6.5	6.8	5.8	32
CAP.DE	4.4		4.4	10
XBP	5.7		5.7	13
MDLZ	5.5	5.2	6.1	32
9984.T	4.3		4.3	17
PINE.L	4.0		4.0	15
LWAY	5.7	6.2	4.4	30
KLAR	5.0	4.8	5.6	30
R1B.DE	3.5		3.5	12
TDW	6.0	6.0	6.0	32
HXL	6.5	6.8	5.7	32
NYXH.BR	4.7		4.7	15
1772.HK	5.5	5.0	6.7	30
QTWO	5.7	5.5	6.2	32
ALIFb.ST	5.4		5.4	16
FWRG	4.6	4.5	4.7	32
ALSTI.PA	6.8		6.8	16
SGO.PA	5.6	5.0	6.9	28
VLK.NV	6.2		6.2	14
SOS.L	4.7		4.7	16
GPE.PA	5.6		5.6	16
SSNC	6.5	6.0	7.6	32
SPRY	4.5	4.5	4.6	29
GPOR	5.2	4.5	6.8	32
LTC.US	6.4	6.3	6.8	32
RHIM.L	5.7	5.7	5.7	27
MKTX	5.6	5.2	6.7	32
IRT	4.3	3.8	5.6	32
SYSR.ST	6.6	6.8	6.0	28
UMD.DE	4.3		4.3	11
IUR.DE	4.4		4.4	14
MRNA	4.6	5.2	3.1	30
ALV.DE	5.4	5.0	6.4	28
WH	5.9	5.7	6.4	32
MMS.ASX	6.1	6.0	6.4	26
MCY	6.4		6.4	15
ROST	7.1	7.7	5.7	31
GUI.PA	4.9		4.9	14
EGLA.MI	5.4	5.3	5.7	25
RF	5.5	5.0	6.8	28
TXRH	5.6	5.3	6.2	32
PLMR	6.3	6.3	6.2	32
PCT.US	4.2	4.5	3.6	28
6504.T	5.6		5.6	17
SYZ.DE	4.4		4.4	15
AIT	6.9	7.5	5.6	31
NG.L	4.8	4.3	5.8	28
FYB.DE	5.5	5.8	4.9	24
DHR	7.1	7.5	6.2	32
DMP.DE	6.5	6.3	6.9	28
SIX3.DE	5.7		5.7	15
INCH.L	5.3	5.3	5.3	27
ALKT	5.3	5.5	5.0	28
RCKT	4.6	4.3	5.4	26
TRS	6.2	6.2	6.2	31
AIR.US	6.6	7.0	5.7	31
BCIC	4.7	4.3	5.7	28
6471.T	6.7		6.7	16
ALMDG.PA	5.8		5.8	16
AERT	6.4		6.4	13
FTDR	7.2	7.5	6.4	31
SDRL	5.9	6.2	5.3	31
TKO.PA	5.9	5.3	7.2	27
NNOX	4.2		4.2	14
HCO.PA	4.6		4.6	16
6178.HK	6.9		6.9	14
22UA.DE	4.9	4.7	5.3	26
O4B.DE	6.0		6.0	16
NWE	5.5	5.3	6.1	32
ECG	7.2	8.0	5.3	32
SPG	5.1	5.0	5.4	32
ORA.ASX	5.6	5.7	5.4	26
S6P.DE	5.1		5.1	7
PLRX	4.2	4.3	4.0	26
TSEOQ	4.3		4.3	14
WY	5.4	5.8	4.4	32
RMR	6.1	5.8	6.7	31
KESKOB.HE	4.6		4.6	17
CZR	4.9	4.5	6.0	31
SMG	6.3	6.5	5.8	30
SYY	5.6	5.8	5.0	32
CRTO.PA	6.4		6.4	12
TGLS	6.1	6.2	5.8	31
300.HK	6.1		6.1	17
FNAC.PA	5.8		5.8	14
TFII	6.2	6.3	6.0	31
AVAP.L	6.3	6.2	6.5	27
2502.T	6.8		6.8	17
ALECO.PA	4.0		4.0	14
PSH.L	4.9		4.9	11
6723.T	7.2		7.2	17
DCOM	5.9	5.8	6.1	28
8233.T	6.5		6.5	15
SOC	3.6	4.0	2.8	29
1157.HK	5.6	5.5	5.7	27
QFIN	5.6	4.7	7.6	31
TWEKA.NV	7.1	7.3	6.7	28
HNST	5.4	5.7	4.7	29
AJB.L	6.1	6.3	5.8	26
6981.T	6.5		6.5	17
ETL.PA	5.4	4.8	6.8	27
DEA	4.7	3.8	6.8	31
KNOP	6.7		6.7	17
FWONK	5.7	6.0	5.0	32
ICFI	6.1	6.3	5.7	31
SUY1V.HE	4.4		4.4	16
ATI	7.0	7.8	5.1	32
ATLX	4.8	5.2	4.0	25
DIGIA.HE	6.4		6.4	17
MBIN	6.3	6.5	6.0	27
PSQH	4.5	4.3	4.9	27
JYNT	5.9	6.2	5.1	31
MTRO.L	5.5	6.0	4.3	24
ALFOR.PA	4.2		4.2	13
ALVAL.PA	3.9		3.9	13
4543.T	6.7		6.7	17
WMB	6.2	6.2	6.2	32
ALEC	4.4	4.7	3.8	29
BIPC	4.8	4.0	6.5	26
GRBK	5.4		5.4	17
AFL	5.5	5.0	6.7	32
YUBICO.ST	5.4	5.7	4.6	30
ALUNI.PA	7.2		7.2	16
EPR	6.2	6.2	6.1	32
T.US	5.6	4.8	7.6	32
KEN	5.0		5.0	12
RVTY	6.2	6.2	6.2	32
ALCGM.PA	6.8		6.8	16
GRSD	5.4	5.3	5.6	29
OPRX	6.2	6.2	6.1	32
00002.HK	5.7		5.7	16
8015.T	5.6		5.6	16
ALKKO.PA	4.9		4.9	14
HMY	8.3		8.3	16
CRSP	4.2	4.2	4.3	30
LINE	5.2	5.3	5.0	29
MEOH	7.0	6.8	7.6	31
ASAIY	5.4	5.0	6.2	29
ATO	5.3	4.8	6.5	32
HUBG	5.6	5.5	5.8	32
IVA.PA	3.6		3.6	12
WCH.DE	5.3	5.7	4.4	27
TFC	5.7	5.3	6.7	28
DEME.BR	6.7		6.7	16
ARB.ASX	5.8	5.7	6.0	28
RXT	4.6	4.8	4.2	26
VISL	5.8		5.8	12
MOV	6.5	6.7	6.0	31
AMC.ASX	5.1	4.7	6.0	29
BWB.DE	5.1		5.1	10
SNAP	5.3	5.3	5.4	30
KGH.L	5.8	6.0	5.4	27
ALG	5.6	5.2	6.7	31
SPOT	6.6	7.5	4.6	32
STVN	6.1	6.0	6.2	32
HOLCO.NV	5.1		5.1	15
IOM.L	3.9	3.7	4.4	25
RENE.LS	6.2		6.2	16
GIS	4.1	3.7	5.1	31
UPP.AE	4.6		4.6	16
BN.US	5.9	5.5	6.7	29
MLR	6.6	7.3	5.1	31
IPI	6.0	5.3	7.6	31
CAC	6.1	5.8	6.7	28
KN	6.6	7.0	5.8	31
BAH	6.1	6.2	5.8	32
COAG	5.3	5.8	4.3	19
KB	6.1		6.1	15
PAMPALO.HE	6.0		6.0	17
ABF.L	4.8	4.7	5.0	28
IEP.BR	6.7		6.7	13
ALRM	6.3	6.2	6.5	31
3988.HK	5.4	5.3	5.7	26
NTGR	5.8	6.3	4.7	30
GPE.L	4.3	4.2	4.7	28
LSL.L	6.4	6.7	5.7	27
SUS.L	5.2	5.3	5.1	23
RMS.ASX	6.8	6.7	7.2	27
ALDLS.PA	4.2		4.2	8
MUV2.DE	5.3	5.0	6.1	29
XENE	4.3	4.3	4.2	27
874.HK	5.4		5.4	16
PHG	6.2		6.2	17
SMTC	6.5	6.8	5.8	32
AMZN.EUR	6.7	6.8	6.4	32
BTRW.L	4.9	4.8	5.3	28
OTLY	4.0	3.8	4.4	27
BARN.ZU	5.8	5.5	6.4	28
RLX	5.4		5.4	17
6473.T	5.7		5.7	17
5831.T	5.7		5.7	13
ALEO2.PA	6.1		6.1	13
SBSW	6.8	6.2	8.2	30
HDD.DE	4.7	4.7	4.7	25
3659.T	7.2		7.2	17
SCHP.PA	6.7		6.7	16
NWSA	6.5	6.3	6.9	31
WIT	5.1	4.8	5.8	32
CIEN	6.0		6.0	17
TLX.ASX	5.6	6.3	4.0	27
CHRD	7.4	6.8	8.9	32
PANR.L	4.1	4.5	3.3	22
AUS.DE	5.8	5.8		3
HOC.L	7.0	6.7	7.6	28
LAC	4.3	4.2	4.6	26
WTW	5.9	5.3	7.2	32
CEC.DE	5.1		5.1	16
358.HK	5.7		5.7	17
THO	5.5	5.3	6.0	31
KNTK	6.1	6.3	5.7	30
IQE.L	3.6		3.6	15
BOOT	5.4	5.3	5.7	32
DANSKE.CO	5.1		5.1	15
CRMD	6.6	6.2	7.4	32
BJRI	5.9	6.2	5.1	32
TELIA.ST	6.0	5.8	6.5	30
DRVN	6.0	5.7	6.7	31
GM	6.8	6.8	6.8	32
DLO	7.3	7.7	6.5	32
EZPW	7.0	7.3	6.4	32
KIM	5.6	5.2	6.7	32
LTH	6.4	6.3	6.5	32
ITP.PA	5.7		5.7	16
MRX	7.3	7.7	6.5	28
AVO	5.7	6.5	3.9	32
FOUR	5.6	5.2	6.7	32
7270.T	5.8		5.8	17
JEF	6.0	5.7	6.8	25
IPX	4.1	4.2	4.0	24
SWK	5.9	5.7	6.4	32
5201.T	6.0		6.0	16
VERV US CVR	5.0	5.0		0
OI	4.5	4.0	5.7	31
SPIE.PA	5.6	5.5	5.7	28
CGEM	4.7	4.7	4.6	28
WLTH	5.6	5.5	5.7	30
LIO.L	6.0	6.2	5.6	28
BVS	7.2	8.0	5.4	31
NOAH	5.6	5.2	6.7	27
WLN.PA	5.1	4.8	5.7	27
H9W.DE	4.4		4.4	13
TEVA	5.4	5.3	5.8	28
INFY	5.9	6.0	5.8	32
FISI	6.3	6.3	6.2	27
SAB.MC	5.2	5.2	5.3	25
9866.HK	4.6	4.5	4.7	25
ALPAS.PA	5.8		5.8	14
3SQ1.DE	4.4		4.4	10
AMRZ	5.1	4.5	6.4	32
MAK.DE	5.3		5.3	13
TWST	4.2	4.5	3.6	29
ABI.BR	7.5		7.5	17
SYT.DE	4.7		4.7	15
ANIK	5.9	6.2	5.1	30
NLY	5.5	5.3	6.1	30
FCH.L	7.1	7.7	5.6	27
ZOMDF	5.0		5.0	13
OSPN	6.5	6.7	6.2	31
IMDA.PA	6.1		6.1	13
SFWL	6.1		6.1	14
ALATI.PA	6.9		6.9	16
PMT	5.0	5.2	4.6	28
ALHUN.PA	4.4		4.4	15
UBK.DE	4.4		4.4	11
MAMA	6.0	6.3	5.4	30
5332.T	6.4		6.4	15
ARJOb.ST	6.8		6.8	17
CRSR	5.9	6.2	5.1	31
TGT	6.1	6.0	6.2	32
HRTG	6.8	6.5	7.4	31
SFGYY	5.6		5.6	12
AMS.MC	6.2	5.7	7.4	30
CTRE	5.3	4.8	6.5	32
MACF.L	5.3	5.5	4.9	27
CPT	4.5	4.2	5.3	32
ERC.AE	4.4		4.4	13
AWR	6.0		6.0	17
5401.T	6.1		6.1	15
CHRW	6.5	7.2	4.9	32
DG.US	6.3	6.2	6.4	32
CWH	4.6	4.5	4.9	30
ELB.DE	4.3		4.3	14
GT	4.8	4.2	6.1	31
BLSH	4.4	4.2	5.0	30
CINT	5.6	5.3	6.2	31
CNA	4.6	3.5	7.2	31
EMIRATESNBD.AE	6.1		6.1	15
FRO	6.9	7.0	6.8	32
CON.DE	5.6	5.8	5.3	26
DKG.DE	5.1		5.1	14
PHIN	6.2	6.3	6.1	31
SGRY	5.6	5.7	5.3	30
MCD	5.6	5.3	6.2	30
4568.T	6.2		6.2	17
SIVE.ST	2.1		2.1	13
WKL.NV	6.1	5.8	6.8	28
KOD	4.6	5.3	3.1	26
CRUS	5.8	5.5	6.5	31
TBLA	6.4	6.3	6.5	31
PPGN.ZU	5.5	5.7	4.9	28
CAJPY	6.4		6.4	15
ADIG	5.2	5.2	5.3	21
DKL	5.7	5.7	5.6	29
ERF.PA	5.7	5.3	6.5	28
LGEN.L	4.5	4.2	5.3	27
MFIN	6.5	6.3	7.1	32
SUBC.OL	5.0		5.0	17
CLH	7.1	7.7	5.8	32
DUOL	5.9	6.0	5.7	32
NN.NV	5.7	5.2	6.8	28
KBCA.BR	3.2		3.2	12
CASY	5.9	6.3	5.0	32
SAGE CVR	5.0	5.0		0
UBSG.ZU	6.0	5.7	6.8	27
VRL.DE	3.6		3.6	10
TEP.PA	6.2	5.7	7.2	27
NTLA	3.9	4.0	3.8	29
ALL	6.0	5.5	7.1	32
LUMN	5.0	4.7	5.6	29
KTN.DE	5.8	5.8	5.7	29
PHE.L	3.5		3.5	13
ARE	5.0	4.7	5.8	31
BKNG	6.8	6.3	7.9	31
AUB	5.6	5.3	6.2	28
CCL	6.3	5.8	7.6	32
OIS	6.1	6.5	5.1	30
CMM.ASX	6.5	6.2	7.1	28
LEA	5.5	5.2	6.1	32
SJ	4.7		4.7	12
BNS	5.8	5.7	6.0	25
HEN.DE	6.2		6.2	16
AL2SI.PA	4.0		4.0	16
PAYO	6.0	6.0	6.0	31
JANX	4.6	4.8	4.0	27
R	6.5	6.5	6.4	31
OBIO	5.5	6.5	3.3	29
KNX	5.3	5.0	6.1	32
FVRR	6.0	5.7	6.8	31
REGN	6.9	6.3	8.2	32
AMRC	5.7	5.7	5.8	31
BNY	6.4	6.5	6.2	28
8308.T	6.1		6.1	14
DVP.ASX	5.6	5.8	5.3	27
1618.HK	5.1		5.1	14
API	5.1	5.2	4.9	27
TRST	6.4		6.4	13
RPT	5.3	5.3	5.3	26
ALLE	6.5	6.5	6.4	32
ALBIO.PA	5.3		5.3	13
RPD	5.2	4.7	6.5	30
BRAV.ST	5.7		5.7	17
VALT.L	6.1	5.8	6.8	28
PAYS	6.4	6.8	5.6	31
OUT1V.HE	4.9		4.9	16
CEG	5.8	5.7	6.1	32
ALOPM.PA	6.8		6.8	13
CCAP	5.0	4.8	5.6	29
ALMB.CO	5.0		5.0	17
SZU.DE	5.9	6.3	5.1	27
NET	5.4	5.8	4.6	30
RNGR	6.5	6.7	6.0	31
UL.US	5.2	5.0	5.6	28
STRC	4.2		4.2	10
AU	7.2	7.0	7.8	32
AVON.L	5.6	6.2	4.2	28
ALRPD.PA	4.0		4.0	13
PITEF	4.0		4.0	4
AGIO	4.7	4.8	4.6	30
ZGN	6.2	6.2	6.1	30
BOE.ASX	4.9	4.3	6.2	28
1898.HK	5.4	4.7	7.1	30
TMCR	5.3	6.0	3.6	20
HWKN	5.7	6.3	4.3	31
WFC	6.1	5.8	6.9	28
01211.HK	6.1		6.1	17
KYMR	4.7	5.3	3.2	30
ALTAO.PA	4.2		4.2	12
LMB	6.1	6.3	5.7	32
XPEL	6.5	7.0	5.4	30
CVLG	5.6	6.2	4.3	32
FORM	6.1	6.3	5.6	32
BKU	5.1	4.7	6.0	28
GLW	6.5	6.8	5.8	32
EL.PA	4.9	4.2	6.5	28
RGCO	5.6		5.6	17
00019.HK	6.5		6.5	16
RPI.L	6.0	7.0	3.6	27
TFF.PA	5.3	4.8	6.4	28
GEOS	3.8		3.8	14
CDNA	6.3	6.8	5.0	31
LOOMIS.ST	6.3	6.3	6.2	29
FRT	5.6	5.5	5.8	32
DIOD	6.8	6.8	6.7	31
FNKO	5.5	5.7	4.9	29
1SXP.DE	5.8		5.8	17
MBG.DE	5.6	5.5	5.8	30
ALLIX.PA	4.9		4.9	13
OLED	5.6	4.7	7.6	31
SSE.L	5.7	5.8	5.6	27
9503.T	6.0		6.0	15
TMPL.L	5.3		5.3	2
VLN	5.2	5.3	5.0	29
EMSN.ZU	5.9	6.2	5.3	28
HOFI.ST	6.5		6.5	14
PLOW	6.7	7.0	6.1	31
TS	6.0	6.0	6.0	32
FSK	4.7	4.5	5.3	29
BMW.DE	5.1	4.8	5.7	30
ATROB	4.7		4.7	14
XNET	5.3		5.3	12
EAT	5.8	6.0	5.4	32
MAX	6.4	6.8	5.4	31
3759.HK	5.7	5.7	5.8	30
VINP	6.7	6.0	8.3	30
GPRK	8.2		8.2	16
BAS.DE	6.1	6.0	6.5	30
ALMCE.PA	6.1		6.1	16
PSKY	4.7	4.2	5.7	30
ONL	5.6		5.6	15
UNI.MI	7.6		7.6	16
ASO	6.1	5.8	6.7	32
DLX.DE	6.5		6.5	16
KLRA	5.1	5.5	4.2	22
KC	4.9	4.3	6.4	27
DP4A.DE	6.4		6.4	14
BWY.L	4.7	4.5	5.3	28
RATOb.ST	6.0		6.0	16
FTI	7.1	7.3	6.5	32
SW.PA	5.4	5.5	5.3	27
2432.T	6.8		6.8	16
NMIH	7.2	6.8	8.1	32
AIHS	4.0		4.0	10
VIB3.DE	5.4		5.4	14
CABA	4.2	4.2	4.3	25
PNFP	6.1	5.8	6.7	28
TXG	4.7	5.0	3.9	29
ALDBT.PA	4.6		4.6	13
PARR	6.9	7.3	6.1	32
DRI	5.2	5.2	5.1	32
MTGb.ST	6.8		6.8	17
BUSE	5.6	5.5	6.0	29
WOSG.L	5.9	6.3	5.1	28
2768.T	5.6		5.6	16
BWIN	4.8	4.7	4.9	30
WHC.ASX	6.1	5.5	7.4	28
FLNC	3.3	3.0	3.9	31
KAR.ASX	6.3	5.8	7.5	28
TRC	4.4		4.4	16
ALESE.PA	5.1		5.1	14
6113.T	6.7		6.7	15
RNR	6.7	7.0	6.1	31
FTAI	5.6	6.0	4.6	32
GTX.US	6.9	7.2	6.1	30
WHA.NV	6.8		6.8	16
MVIS	3.9		3.9	12
UNF	5.6		5.6	17
SNOW	5.3	5.8	4.3	30
ILMN	6.4	7.0	5.0	32
VICR	6.9	7.7	5.0	31
CFC.DE	3.9		3.9	13
VFC	5.8	5.7	6.0	32
SEI.US	6.8	6.8	6.8	31
STNE	6.8	6.2	8.2	30
BOWL.L	5.6	5.3	6.2	28
BRT	5.2	5.2	5.1	29
ONB	6.3	6.3	6.4	28
GLIBA	6.4		6.4	14
SAV.DE	5.8	5.8		3
TBI	5.5	5.7	5.0	31
PAX	5.2	4.5	6.9	32
AMGN	6.7	6.5	7.1	32
LZB	6.1	6.0	6.5	31
KIN.BR	6.8		6.8	16
HRB	6.0	5.7	6.8	32
SIMO	7.1	7.8	5.6	32
SRTA	5.2	5.3	5.0	28
CBSM.PA	5.3		5.3	2
PAGP	6.0	6.2	5.4	32
TTST.L	6.8		6.8	12
EFR	5.1		5.1	14
MBC	5.2	5.3	5.0	29
VLO	7.3	7.5	6.7	32
CABP.L	4.3		4.3	16
AAPL.24-7	6.1		6.1	17
MRC.L	5.3		5.3	2
SALIK.AE	5.6		5.6	17
YETI	6.5	6.7	6.0	32
LHYFE.PA	4.3		4.3	14
CLMT	5.3	5.5	4.7	29
CHRT.L	5.5	5.7	4.9	27
EFOR	6.1	5.8	6.7	31
COLO-B.CO	6.4		6.4	17
5802.T	5.1		5.1	15
COCP	2.9		2.9	14
IBE.MC	5.5	5.2	6.2	30
THG.L	4.3	4.0	4.9	24
TAM.L	6.5	6.5	6.4	27
PLTR.EUR	6.5	6.5	6.4	32
UMG.NV	4.9	4.7	5.3	29
NFLX	5.7	5.3	6.7	32
ICUI	6.3	6.5	5.7	31
CWK.US	5.2	5.0	5.8	31
SIGA	4.3		4.3	14
MPE.L	6.9	7.0	6.8	27
NNI	5.4	5.5	5.3	29
ITM.MI	5.5	5.5	5.6	27
MWC	6.7		6.7	14
TYRES.HE	5.7		5.7	17
SHEL	6.7	6.3	7.6	32
SRFM	3.5	3.5	3.5	25
TBCH	5.2	5.2	5.3	29
GGP.L	6.6	6.3	7.4	27
INF.PA	6.8		6.8	16
BFS	5.4		5.4	15
CLX	4.5	4.3	5.0	32
EFG.PA	3.6		3.6	14
CARS	5.9	5.7	6.4	32
GTT.PA	7.3	7.8	6.1	28
EVT.DE	4.0	4.0	4.0	27
ICOS.MI	6.3	6.2	6.4	28
RBC	6.7	7.2	5.6	32
CLW.ASX	5.0	4.8	5.6	27
ARCB	6.1	6.0	6.4	32
6753.T	5.4		5.4	17
4183.T	6.8		6.8	16
DBK.DE	5.8	5.8	5.8	27
UCB	5.3	5.0	6.1	28
6902.T	6.1		6.1	17
GHM	5.9	6.7	4.0	31
SEQUA.BR	3.9		3.9	7
EPD	5.7	5.2	6.8	32
RMD.ASX	6.4	6.2	6.8	30
CTO	6.9	7.2	6.1	30
LINDEX.HE	6.8		6.8	17
PAYP	6.0	5.3	7.5	31
1800.HK	5.1		5.1	16
BULL	5.7	5.6	6.0	31
PDSB	4.5	4.7	3.9	23
CDLR	6.8		6.8	15
BANI.BR	7.4		7.4	16
KREF	4.2	4.2	4.2	27
PNDORA.CO	6.2		6.2	17
IMUX	4.5	4.2	5.3	25
BRAI	3.3		3.3	9
AAP	5.2	4.8	6.1	32
0700.HK	6.5	6.0	7.6	30
S30.PA	5.0		5.0	14
IHRT	5.0	5.0	5.1	28
ITG	5.3	5.7	4.4	24
VID.L	3.8		3.8	14
CNO	6.8	6.5	7.4	32
SPCE	3.7	3.7	3.6	27
BOL.ST	6.0	5.8	6.4	30
LOLB.CO	6.5		6.5	11
CNM	5.5	5.2	6.1	32
RCAT	3.8	3.8	3.8	28
KIDS	5.3	5.8	4.3	28
PUMP.US	4.5	4.3	4.9	30
BTMD	5.7	5.7	5.8	29
DEX.DE	5.8		5.8	16
LTMC.MI	6.1	6.0	6.2	30
ATO.PA	5.0		5.0	14
IXX.DE	6.1	6.0	6.4	28
ALNT	6.6	7.3	5.0	32
BKTI	6.5	6.7	6.1	30
ENX.PA	6.4	6.0	7.2	28
BUD	5.8	5.5	6.4	32
QSR	5.9	5.8	6.2	32
GASS	7.3	7.3	7.4	31
CTT.ASX	4.4		4.4	14
DHC	5.5	5.8	4.9	30
BC.MI	6.1	6.0	6.5	29
ADM	6.2	6.5	5.6	32
HCAT	5.3	5.8	4.3	28
MFA	5.5	5.3	6.1	29
BITTI.HE	6.1		6.1	17
HTH	5.4	5.3	5.7	28
POWL	7.0	7.8	5.3	32
INGN	5.7	6.0	4.9	28
CBUS	4.7	5.3	3.3	27
GO	4.7	4.7	4.7	29
ULS	6.2	6.3	6.0	31
MYGN	4.3	4.3	4.3	31
COLD	4.4	4.5	4.2	31
FOR	6.1		6.1	17
CPS	5.3	5.2	5.6	26
MDXG	6.0	6.2	5.4	31
8697.T	4.2		4.2	13
DMC	4.2		4.2	17
RRR	5.9	5.5	6.8	32
PARRO.PA	4.4		4.4	14
6479.T	5.7		5.7	16
SAVE.ST	5.8	5.8	5.7	28
PFD.L	5.6	5.3	6.4	27
TRU.L	5.7		5.7	16
SUN.ASX	4.9	4.3	6.4	28
ORA.PA	5.8	5.0	7.6	29
TEP.L	5.4		5.4	16
780.HK	8.1		8.1	17
ACM	5.1	5.0	5.4	32
BGN.MI	6.2	6.8	4.7	24
RXRX	4.6	5.0	3.6	28
MANH	6.3	6.5	5.7	30
HTT	5.0		5.0	14
APTV	6.0	5.8	6.5	32
ONDS	4.4	4.2	5.0	30
CF	6.8	6.5	7.5	32
APOG	6.1		6.1	17
ALLT.US	6.6	6.7	6.5	31
ALVIO.PA	3.8		3.8	14
APLS.CVR	5.0	5.0		0
XRO.ASX	5.2	4.7	6.2	26
ZBH	5.8	5.3	6.9	32
HVPE.L	5.0		5.0	15
ODTX	5.2	5.8	3.9	24
SMCI	5.9	5.7	6.5	32
NTCT	7.0	7.3	6.2	31
SESG.PA	5.2	4.7	6.2	29
ELS	5.0	4.5	6.2	32
GGG	6.0	5.8	6.4	32
SMIN.L	5.7	5.7	5.7	27
SFD	5.8	6.0	5.4	32
NXDT	4.7		4.7	13
SCHW	6.4	5.8	7.9	30
HNRG	4.5	4.7	4.2	32
BORR	5.7	6.0	4.9	30
ITN.DE	3.3		3.3	12
PRCH	6.5	7.0	5.4	28
TECH	5.8	5.7	6.1	32
ATAT	7.1	6.8	7.8	32
EIN.DE	5.9	5.7	6.4	27
DKNG	4.3	4.3	4.4	31
XPO	6.3	6.5	5.8	32
EMG.L	6.9	7.3	6.1	28
VMC	6.0	6.0	6.1	32
GSIT	4.4	4.5	4.3	26
VANTI.PA	4.9		4.9	14
CHRY.L	3.9		3.9	7
PI	4.8	4.8	4.9	29
BBWI	5.8	5.3	6.8	30
WULF	3.8	3.8	3.9	29
DOCU	5.7	5.5	6.2	31
WW	4.9	4.7	5.4	30
SVS.L	6.0	6.2	5.7	27
LDOS	6.1	6.2	5.8	32
BKD	5.4	5.3	5.6	30
ASML	7.0	7.2	6.4	32
SAABB.ST	6.1		6.1	17
KSPI	6.9	7.0	6.8	28
TLS	5.3	5.2	5.6	30
9433.T	6.5		6.5	17
EHC	6.5	6.7	6.1	32
NBIX	6.8	6.7	7.2	32
STO3.DE	6.5		6.5	16
GDST	4.0		4.0	7
RELX	5.7		5.7	16
RZLV	3.5	3.3	4.0	26
SGH.ASX	5.3	5.3	5.4	8
LENZ	3.9	3.5	5.0	28
AZUL	4.3	4.3	4.4	26
PRTA	4.4	4.7	3.8	29
3086.T	6.0		6.0	16
PPTA	4.2	4.5	3.5	26
GFI.US	6.4	6.2	6.9	31
WYNN	5.8	5.3	7.1	30
SRP.PA	3.9		3.9	14
QSI	4.8	5.5	3.3	28
SJJ.DE	4.6		4.6	16
7911.T	6.7		6.7	14
ASAI.L	6.0		6.0	14
UHR.ZU	4.8	4.2	6.2	28
VNA.DE	4.8	4.0	6.5	30
EC	6.1	5.8	6.8	28
TV	5.1	4.8	5.8	29
SPFI	6.4	6.2	6.9	27
ZEG.L	6.8	7.0	6.5	23
PARP.PA	4.9		4.9	11
FISV	5.0	4.7	5.8	12
5233.T	6.8		6.8	14
AVXL	4.2		4.2	8
FFARMS.CO	4.3		4.3	13
TX	6.6	6.5	6.7	30
ETSY	5.7	5.3	6.5	30
OLVAS.HE	6.8		6.8	17
EMR.ASX	6.8	6.7	7.1	28
TPST	3.9	4.0	3.6	25
DOU.DE	4.7	4.2	5.8	29
ATE.PA	6.4		6.4	16
02386.HK	5.8		5.8	16
LUG.ST	5.7	6.2	4.4	30
INGR	5.8	5.5	6.5	31
LCII	6.3	6.2	6.4	32
FUTR.L	5.0	4.5	6.2	28
GEST.MC	6.9		6.9	17
HQ	5.0	5.7	3.5	25
MAC	5.3	5.3	5.4	31
SLMT	5.6		5.6	13
SBS	6.4	6.2	6.8	31
FGA.PA	5.8		5.8	16
ELIX.L	5.6	5.3	6.2	27
NCAB.ST	5.3		5.3	17
HZO	5.4	5.2	5.8	31
SIKA.ZU	5.7	5.5	6.1	28
DEWA.AE	6.7		6.7	17
O	5.2	4.8	6.2	32
CBD.AE	5.1		5.1	14
PIRC.MI	6.3	6.0	6.9	29
POR	4.9	4.2	6.4	32
ALTR.LS	5.1		5.1	16
TSLX	5.6	5.2	6.7	30
PROC.L	5.3		5.3	16
HOMB	6.1	6.2	6.0	28
ALNY	5.9	5.7	6.5	33
DU.AE	6.2		6.2	17
ALNN6.PA	4.6		4.6	9
RGP	5.4	5.7	4.6	30
BRBR	5.5	5.2	6.1	30
STF.PA	5.6		5.6	16
PJT	6.7	7.2	5.6	29
ATEME.PA	5.8		5.8	16
IMMR	6.5	6.7	6.0	29
HELE	5.7	5.8	5.4	28
ORCP.L	3.6		3.6	8
AZTA	5.2	5.3	4.9	31
GOOG.EUR	7.3	7.5	6.9	31
DFLI	4.2	4.5	3.5	26
JBI	6.0	5.7	6.7	31
TGA.L	5.0		5.0	14
BETR	4.0	3.7	4.6	27
LEGN	3.9	3.2	5.4	29
JILL	6.7	6.7	6.7	31
SEAT	4.2	3.8	5.3	27
AS	6.1	6.0	6.2	31
SGE.L	6.2	6.2	6.1	28
VAIAS.HE	5.8		5.8	17
GERN	4.1	4.2	4.0	29
ENR.DE	6.5	6.5	6.5	30
CNX	5.3	4.7	6.8	32
DSP	6.8	6.5	7.4	31
CVX.US	7.3	7.3	7.2	32
TTEK	6.1	6.3	5.7	31
SREI.L	5.0		5.0	13
GRND	6.7	6.8	6.4	30
MTPLF	4.9	4.0	7.1	25
CNH.US	6.1	6.3	5.6	32
AZJ.ASX	5.2	4.5	6.7	27
WINE.L	5.0		5.0	14
2628.HK	5.7	4.8	7.9	27
UN9.DE	6.0		6.0	14
HMN	6.2	5.7	7.5	31
DEO	5.5	5.5	5.4	29
DEC.PA	6.8	6.7	7.1	28
PYX.L	4.3		4.3	12
PSG.MC	6.5		6.5	16
RY4C.DE	5.0	4.7	5.8	25
SFR.L	5.5	5.5	5.4	25
7267.T	6.2		6.2	16
9020.T	6.2		6.2	15
INHD	4.7		4.7	14
BCSF	5.3	4.8	6.4	30
LEN	4.9	4.7	5.3	32
6301.T	6.2		6.2	17
PTRN	6.7	7.2	5.4	29
CBL.US	6.6	6.3	7.2	28
1071.HK	5.2	4.7	6.2	28
PST.MI	5.5	5.0	6.7	29
ASY.PA	4.7		4.7	16
V	6.8	6.7	6.9	32
VMI	6.6	7.3	5.0	31
COLL	5.9	5.3	7.2	32
OBEL.BR	6.2		6.2	16
SDR.L	6.2		6.2	16
BFH	6.5	6.5	6.4	28
ISPR	4.7	5.0	3.9	26
XPRO	5.7	5.7	5.7	31
HBNC	5.7	6.0	5.1	26
GNK.US	6.8	7.3	5.8	31
HRZN	4.8	4.0	6.5	30
C3R.DE	4.4		4.4	14
LFMD	3.7	3.8	3.6	28
GIB	5.6	5.0	6.9	31
ORGO	4.9	5.0	4.7	28
ERO	6.5	6.5	6.4	31
SRI	5.7		5.7	15
CATE.ST	5.1	4.5	6.4	30
TITN	5.5	6.2	3.9	30
UPST	4.7	4.7	4.6	32
BBOX.L	5.4	5.5	5.1	9
KNSL	5.4	4.8	6.8	32
CS.PA	5.3	5.3	5.4	27
WB	5.2	4.2	7.5	30
RTO.US	5.5	5.0	6.7	29
NIQ	5.6	5.7	5.3	10
FCFS	7.0	7.2	6.5	32
QTRX	4.2	4.0	4.7	28
RTC.DE	4.0		4.0	15
LCTX	3.2	3.5	2.4	30
3998.HK	7.0	6.8	7.5	27
9532.T	5.1		5.1	15
IS7.DE	5.6		5.6	15
NP	6.3	6.3	6.2	30
USEA	5.5	5.2	6.1	28
GKOS	5.5	6.2	3.9	30
RBB	6.4	6.3	6.8	28
ARVLF	4.6		4.6	9
NVT	7.4	8.0	6.0	32
YMM	6.1	5.5	7.6	32
MPB	6.4	6.3	6.7	28
LIF	5.5	5.7	5.0	30
DFDV	4.3	4.3	4.2	27
STC	6.3	6.3	6.2	31
OMAB	5.8	5.0	7.8	31
PRK	5.8	5.7	6.2	27
MAIR	6.7	7.2	5.6	28
UZU.DE	6.1		6.1	16
MCO	7.3	7.5	6.7	32
ALHG.PA	5.8		5.8	16
DUK	5.3	4.8	6.5	32
VUZI	3.8	4.3	2.8	28
WAGA.PA	3.6		3.6	14
VEEV	6.0	5.8	6.5	32
HD	5.8	6.0	5.3	32
SOBO	6.2	6.0	6.7	30
STBA	6.0	5.8	6.5	28
NWG.L	5.7	6.0	5.0	26
NDSN	7.5	7.8	6.9	31
BHVN	4.2	4.2	4.3	26
ARX	5.9	6.3	4.9	29
SCHO.CO	5.7		5.7	16
IZM	5.1		5.1	14
AX	6.0	5.7	6.7	28
CFEB.BR	6.1		6.1	16
CMT	6.3	6.8	5.0	31
9863.HK	5.2	4.8	6.1	27
INV.US	4.2	4.5	3.6	27
HSBA.L	5.3	5.2	5.6	26
ORI	5.2	4.3	7.2	31
LI.PA	5.2	4.7	6.4	28
JHX.ASX	6.1	5.7	6.9	30
FUM.L	4.4		4.4	13
KRYS	6.7	7.3	5.4	32
NTNX	6.8	7.2	5.7	32
EXEL	6.7	6.5	7.2	32
UFI	4.9		4.9	16
7733.T	6.7		6.7	17
INVE	5.1	5.3	4.6	30
SB1.DE	4.3		4.3	14
AMM.DE	5.0		5.0	13
GOOD	6.3	6.5	6.0	30
IT	6.2	5.7	7.5	31
MHO	6.0		6.0	17
VC	6.1	6.0	6.4	32
KSB.DE	6.4		6.4	16
ASTS	3.5	3.7	3.2	29
TCPC	4.7	4.3	5.7	29
TRVG	6.6	7.0	5.8	31
TNOM.HE	5.8		5.8	17
IHP.L	6.1	5.8	6.9	28
AUPH	7.1	7.3	6.7	30
GTM	4.9	4.2	6.7	30
ASLI.L	5.0		5.0	1
SCPH CVR	5.0	5.0		0
COH.ASX	5.2	5.0	5.6	28
YNGN.L	6.1		6.1	14
VVV.US	5.0	4.7	5.6	32
WLY	6.0		6.0	16
PGHN.ZU	5.3	5.0	6.1	28
SLB	6.1	6.2	6.0	32
APP	6.0	5.8	6.5	32
HLMN	5.6	5.5	5.8	31
VCEL	6.0	6.3	5.3	31
NRIX	4.8	5.2	3.8	28
WWD	6.7	7.0	6.0	32
IRMD	6.4	6.7	5.7	30
AAL.L	6.7	7.0	6.1	27
ALBLD.PA	6.8		6.8	16
FOXF	5.1	5.2	4.9	30
BKYI	5.1	5.2	5.0	28
ARMK	6.3	6.7	5.3	32
BJ	5.4	5.7	4.7	32
EN.PA	5.8	5.7	6.2	30
HROW	4.5	4.7	3.9	30
BSL.ASX	5.9	5.7	6.4	26
BIOS.BR	4.0		4.0	11
ARG.PA	5.5	5.0	6.8	27
ALUPG.PA	5.3		5.3	13
ROK	6.4	6.7	5.7	32
ARBB.L	4.4		4.4	14
CL	6.0	6.2	5.7	32
NOVN.ZU	5.7	5.0	7.2	30
GSBC	5.8	6.0	5.4	27
HHPD.L	5.3	5.0	6.0	25
GALP.LS	7.6		7.6	17
LIK.DE	6.1		6.1	16
HAIN	3.5	3.0	4.7	30
SWA.DE	5.6		5.6	16
RGC	3.2		3.2	9
GRG.L	5.3	5.2	5.4	28
BTGO	4.9	5.0	4.6	30
ACIW	6.2	6.5	5.6	32
NGG	4.8	4.3	6.0	29
FIBK	5.5	5.2	6.1	28
XOM	6.6	6.5	6.8	32
ALTPC.PA	6.1		6.1	10
KSB3.DE	6.1	6.0	6.4	27
GSAT	5.6	6.2	4.2	29
SPTX	5.2	5.5	4.6	22
DT	6.2	6.3	6.0	31
SJM	5.8	5.5	6.4	32
CLS	6.7	7.3	5.4	32
SITE	5.6	5.5	5.7	32
1530.HK	6.6	6.2	7.6	27
LEVI	6.3	6.2	6.4	32
MUFG	5.7	5.8	5.6	26
KEX	6.9	7.5	5.6	32
MKC	5.1	4.7	6.0	31
TLX.DE	5.8	5.7	6.2	29
ASPL.L	6.8		6.8	13
FRMI	3.9	3.8	4.3	21
VCX.ASX	5.2	4.5	6.9	28
AIG	6.2	5.2	8.5	32
2899.HK	5.9	5.2	7.4	30
BGL.ASX	6.0	6.2	5.7	28
GBLB.BR	5.7		5.7	14
AROW	6.3	6.3	6.2	28
CSL	6.7	6.7	6.8	32
XYZ.ASX	4.6		4.6	17
VIL.PA	5.6		5.6	13
DIS	6.1	6.0	6.5	32
SLPb.ST	6.9		6.9	17
BLDP	4.6	4.7	4.4	30
DRO.ASX	4.3	4.2	4.6	26
EDIT	4.9	5.2	4.3	28
BVXP.L	6.2		6.2	16
SFIX	4.8	4.7	4.9	29
NXST	6.8	6.5	7.4	32
TASK	6.6	6.5	6.9	31
J	6.0	5.8	6.5	32
TEL2B.ST	6.7		6.7	17
GIVN.ZU	5.9	6.2	5.3	28
AA	6.5	6.5	6.4	32
PPLI	5.9	6.3	5.1	31
GRAL	4.9	5.0	4.7	29
OR.PA	5.8	5.5	6.4	28
LUXHQ	4.0		4.0	11
AD.NV	4.9	4.5	6.0	30
MNBA.CO	5.6		5.6	11
NOC	5.7	5.7	5.7	32
SAVE.PA	6.2		6.2	16
RYN	5.0	5.0	4.9	31
VVV3.DE	6.7		6.7	14
POWW	7.2	7.2	7.2	30
