TICKER	FILE
AAPL	analyst_targets_A.txt
GOOG	analyst_targets_G.txt
META	analyst_targets_M1.txt
MSFT	analyst_targets_M2.txt
AMZN	analyst_targets_A.txt
CSCO	analyst_targets_C.txt
INTC	analyst_targets_I.txt
WMT	analyst_targets_W.txt
PEP	analyst_targets_P1.txt
EBAY	analyst_targets_E.txt
NBIS	analyst_targets_N.txt
FWONK	analyst_targets_F.txt
OPCH	analyst_targets_O.txt
LNTH	analyst_targets_L.txt
NOVT	analyst_targets_N.txt
PRVA	analyst_targets_P2.txt
ZD	analyst_targets_Z.txt
SMCI	analyst_targets_S2.txt
PTCT	analyst_targets_P2.txt
ENVX	analyst_targets_E.txt
CALM	analyst_targets_C.txt
NEOG	analyst_targets_N.txt
TSLA	analyst_targets_T.txt
FSLR	analyst_targets_F.txt
TRIP	analyst_targets_T.txt
URBN	analyst_targets_U.txt
ADBE	analyst_targets_A.txt
NFLX	analyst_targets_N.txt
WDC	analyst_targets_W.txt
MU	analyst_targets_M2.txt
AGNC	analyst_targets_A.txt
ADSK	analyst_targets_A.txt
NVDA	analyst_targets_N.txt
CAR	analyst_targets_C.txt
BIDU	analyst_targets_B.txt
SBUX	analyst_targets_S1.txt
AMGN	analyst_targets_A.txt
CHKP	analyst_targets_C.txt
KDP	analyst_targets_K.txt
DBX	analyst_targets_D.txt
WIX	analyst_targets_W.txt
RYAAY	analyst_targets_R.txt
ACB	analyst_targets_A.txt
TVRD	analyst_targets_T.txt
CRBP	analyst_targets_C.txt
CRON	analyst_targets_C.txt
NXH	analyst_targets_N.txt
TLRY	analyst_targets_T.txt
LYFT	analyst_targets_L.txt
BYND	analyst_targets_B.txt
ARBE	analyst_targets_A.txt
ODD	analyst_targets_O.txt
VFS	analyst_targets_V.txt
ARM	analyst_targets_A.txt
NTES	analyst_targets_N.txt
JD.US	analyst_targets_J.txt
TCOM.CH	analyst_targets_T.txt
TTWO	analyst_targets_T.txt
MRX	analyst_targets_M2.txt
AAL	analyst_targets_A.txt
BIIB	analyst_targets_B.txt
PSKY	analyst_targets_P2.txt
CMCSA	analyst_targets_C.txt
COST	analyst_targets_C.txt
GILD	analyst_targets_G.txt
GPRO	analyst_targets_G.txt
HON	analyst_targets_H.txt
BKNG	analyst_targets_B.txt
PYPL	analyst_targets_P2.txt
QCOM	analyst_targets_Q.txt
PAGP	analyst_targets_P1.txt
UAL	analyst_targets_U.txt
MDLZ	analyst_targets_M1.txt
SNEX	analyst_targets_S2.txt
AVT.US	analyst_targets_A.txt
EXC	analyst_targets_E.txt
KMB	analyst_targets_K.txt
XRX	analyst_targets_X.txt
PCAR	analyst_targets_P1.txt
GT	analyst_targets_G.txt
AEP	analyst_targets_A.txt
APA	analyst_targets_A.txt
CHRW	analyst_targets_C.txt
TXN	analyst_targets_T.txt
CSX	analyst_targets_C.txt
ADP	analyst_targets_A.txt
CDW	analyst_targets_C.txt
XEL	analyst_targets_X.txt
ROST	analyst_targets_R.txt
PFG	analyst_targets_P1.txt
HSIC	analyst_targets_H.txt
CTSH	analyst_targets_C.txt
CHTR	analyst_targets_C.txt
AMAT	analyst_targets_A.txt
STLD	analyst_targets_S2.txt
DLTR	analyst_targets_D.txt
NWSA	analyst_targets_N.txt
CPB	analyst_targets_C.txt
VC	analyst_targets_V.txt
ORLY	analyst_targets_O.txt
CASY	analyst_targets_C.txt
LKQ	analyst_targets_L.txt
GEN	analyst_targets_G.txt
NTAP	analyst_targets_N.txt
SANM	analyst_targets_S1.txt
JBHT	analyst_targets_J.txt
MAT	analyst_targets_M1.txt
JBLU	analyst_targets_J.txt
NWL	analyst_targets_N.txt
CLMT	analyst_targets_C.txt
EXPE	analyst_targets_E.txt
NAVI	analyst_targets_N.txt
AMD	analyst_targets_A.txt
WYNN	analyst_targets_W.txt
HST	analyst_targets_H.txt
FISV	analyst_targets_F.txt
CINF	analyst_targets_C.txt
Z	analyst_targets_Z.txt
LRCX	analyst_targets_L.txt
CTAS	analyst_targets_C.txt
ANDE	analyst_targets_A.txt
NTRS	analyst_targets_N.txt
INTU	analyst_targets_I.txt
FWONA	analyst_targets_F.txt
BLMN	analyst_targets_B.txt
HAS	analyst_targets_H.txt
TROW	analyst_targets_T.txt
SLGN	analyst_targets_S1.txt
MAR	analyst_targets_M1.txt
MTCH	analyst_targets_M2.txt
SEDG	analyst_targets_S1.txt
REGN	analyst_targets_R.txt
NTLA	analyst_targets_N.txt
EDIT	analyst_targets_E.txt
CLLS	analyst_targets_C.txt
FIBK	analyst_targets_F.txt
UMBF	analyst_targets_U.txt
CBSH	analyst_targets_C.txt
FFIN	analyst_targets_F.txt
UBSI	analyst_targets_U.txt
HWC	analyst_targets_H.txt
TFIN	analyst_targets_T.txt
BOKF	analyst_targets_B.txt
CVBF	analyst_targets_C.txt
FULT	analyst_targets_F.txt
CATY	analyst_targets_C.txt
FHB	analyst_targets_F.txt
EBC	analyst_targets_E.txt
SFNC	analyst_targets_S1.txt
CASH	analyst_targets_C.txt
LKFN	analyst_targets_L.txt
TBBK	analyst_targets_T.txt
FBNC	analyst_targets_F.txt
FIVN	analyst_targets_F.txt
HIMX	analyst_targets_H.txt
GMAB.US	analyst_targets_G.txt
AEIS	analyst_targets_A.txt
MSEX	analyst_targets_M2.txt
CIFR	analyst_targets_C.txt
MBLY	analyst_targets_M1.txt
NXT.US	analyst_targets_N.txt
ENLT	analyst_targets_E.txt
ATAI	analyst_targets_A.txt
DAVE	analyst_targets_D.txt
GEHC	analyst_targets_G.txt
WBTN	analyst_targets_W.txt
CXAI	analyst_targets_C.txt
INKT	analyst_targets_I.txt
OUST	analyst_targets_O.txt
AKAM	analyst_targets_A.txt
CHDN	analyst_targets_C.txt
CME	analyst_targets_C.txt
COO	analyst_targets_C.txt
UNIT	analyst_targets_U.txt
DPZ	analyst_targets_D.txt
GLPI	analyst_targets_G.txt
GRMN	analyst_targets_G.txt
GSAT	analyst_targets_G.txt
HAIN	analyst_targets_H.txt
IBKR	analyst_targets_I.txt
ILMN	analyst_targets_I.txt
INCY	analyst_targets_I.txt
IONS	analyst_targets_I.txt
IPGP	analyst_targets_I.txt
JAZZ	analyst_targets_J.txt
KHC	analyst_targets_K.txt
LAMR	analyst_targets_L.txt
LBTYA	analyst_targets_L.txt
LBTYK	analyst_targets_L.txt
LILA	analyst_targets_L.txt
MELI	analyst_targets_M1.txt
MMYT	analyst_targets_M2.txt
MNST	analyst_targets_M2.txt
NXPI	analyst_targets_N.txt
PBYI	analyst_targets_P1.txt
POWI	analyst_targets_P2.txt
PPC	analyst_targets_P2.txt
ROP	analyst_targets_R.txt
SBAC	analyst_targets_S1.txt
SEIC	analyst_targets_S1.txt
SHOP	analyst_targets_S1.txt
SWBI	analyst_targets_S2.txt
SWKS	analyst_targets_S2.txt
SYNA	analyst_targets_S2.txt
TRMB	analyst_targets_T.txt
VIAV	analyst_targets_V.txt
VRSK	analyst_targets_V.txt
VRSN	analyst_targets_V.txt
VRTX	analyst_targets_V.txt
WTW	analyst_targets_W.txt
XRAY	analyst_targets_X.txt
WEN	analyst_targets_W.txt
CACC	analyst_targets_C.txt
VISN	analyst_targets_V.txt
FAST	analyst_targets_F.txt
AVGO	analyst_targets_A.txt
AZN	analyst_targets_A.txt
LIN	analyst_targets_L.txt
ASML	analyst_targets_A.txt
ISRG	analyst_targets_I.txt
TMUS	analyst_targets_T.txt
WDAY	analyst_targets_W.txt
ADI.US	analyst_targets_A.txt
EQIX	analyst_targets_E.txt
PAYX	analyst_targets_P1.txt
SIRI	analyst_targets_S1.txt
TEAM	analyst_targets_T.txt
ALGN	analyst_targets_A.txt
LULU	analyst_targets_L.txt
MCHP	analyst_targets_M1.txt
ULTA	analyst_targets_U.txt
KLAC	analyst_targets_K.txt
IDXX	analyst_targets_I.txt
CDNS	analyst_targets_C.txt
PPLI	analyst_targets_P2.txt
SNPS	analyst_targets_S2.txt
FANG	analyst_targets_F.txt
FTNT	analyst_targets_F.txt
CGC	analyst_targets_C.txt
VTRS	analyst_targets_V.txt
HBAN	analyst_targets_H.txt
STX.US	analyst_targets_S2.txt
MRVL	analyst_targets_M2.txt
TSCO	analyst_targets_T.txt
STNE	analyst_targets_S2.txt
DXCM	analyst_targets_D.txt
OKTA	analyst_targets_O.txt
FFIV	analyst_targets_F.txt
ON	analyst_targets_O.txt
DOCU	analyst_targets_D.txt
TTD	analyst_targets_T.txt
SRPT	analyst_targets_S2.txt
ZION	analyst_targets_Z.txt
ZS	analyst_targets_Z.txt
MDB	analyst_targets_M1.txt
OLED	analyst_targets_O.txt
ROKU	analyst_targets_R.txt
FIVE	analyst_targets_F.txt
NTNX	analyst_targets_N.txt
GH	analyst_targets_G.txt
LITE	analyst_targets_L.txt
BHF	analyst_targets_B.txt
TNDM	analyst_targets_T.txt
LNT	analyst_targets_L.txt
JKHY	analyst_targets_J.txt
PDD	analyst_targets_P1.txt
WB	analyst_targets_W.txt
BILI	analyst_targets_B.txt
FSLY	analyst_targets_F.txt
GRWG	analyst_targets_G.txt
RPAY	analyst_targets_R.txt
NNOX	analyst_targets_N.txt
DOX	analyst_targets_D.txt
API	analyst_targets_A.txt
CRSR	analyst_targets_C.txt
ENTG	analyst_targets_E.txt
KC	analyst_targets_K.txt
MGNI	analyst_targets_M1.txt
MANH	analyst_targets_M1.txt
MIDD.US	analyst_targets_M1.txt
CRWD	analyst_targets_C.txt
KTOS	analyst_targets_K.txt
AMBA	analyst_targets_A.txt
AVAV	analyst_targets_A.txt
DOYU	analyst_targets_D.txt
QFIN	analyst_targets_Q.txt
ALRM	analyst_targets_A.txt
AXGN	analyst_targets_A.txt
BLDP	analyst_targets_B.txt
CSIQ	analyst_targets_C.txt
CEVA	analyst_targets_C.txt
ENPH	analyst_targets_E.txt
EEFT	analyst_targets_E.txt
FLEX	analyst_targets_F.txt
FOSL	analyst_targets_F.txt
GNTX	analyst_targets_G.txt
PI	analyst_targets_P1.txt
PODD	analyst_targets_P2.txt
IDCC	analyst_targets_I.txt
IRTC	analyst_targets_I.txt
POOL	analyst_targets_P2.txt
PTC	analyst_targets_P2.txt
QRVO	analyst_targets_Q.txt
SMTC	analyst_targets_S2.txt
SLAB	analyst_targets_S1.txt
RUN	analyst_targets_R.txt
UEIC	analyst_targets_U.txt
ZBRA	analyst_targets_Z.txt
CBRL	analyst_targets_C.txt
PZZA	analyst_targets_P2.txt
SFM	analyst_targets_S1.txt
PTON	analyst_targets_P2.txt
CSGP	analyst_targets_C.txt
ZM	analyst_targets_Z.txt
MKTX	analyst_targets_M1.txt
SSNC	analyst_targets_S2.txt
CPRT	analyst_targets_C.txt
ODFL	analyst_targets_O.txt
BMRN	analyst_targets_B.txt
ACAD	analyst_targets_A.txt
OLLI	analyst_targets_O.txt
ARWR	analyst_targets_A.txt
NBIX	analyst_targets_N.txt
NVCR	analyst_targets_N.txt
EHTH	analyst_targets_E.txt
SFIX	analyst_targets_S1.txt
TREE.US	analyst_targets_T.txt
BZUN	analyst_targets_B.txt
HQY	analyst_targets_H.txt
REG	analyst_targets_R.txt
CRUS	analyst_targets_C.txt
PENN	analyst_targets_P1.txt
GOSS	analyst_targets_G.txt
CROX	analyst_targets_C.txt
AXON	analyst_targets_A.txt
CHRS	analyst_targets_C.txt
FRPT	analyst_targets_F.txt
EXEL	analyst_targets_E.txt
NTRA	analyst_targets_N.txt
CZR	analyst_targets_C.txt
HTHT	analyst_targets_H.txt
MRCY	analyst_targets_M2.txt
BRKR	analyst_targets_B.txt
INGN	analyst_targets_I.txt
PLAY	analyst_targets_P1.txt
VCYT	analyst_targets_V.txt
RGEN	analyst_targets_R.txt
JACK	analyst_targets_J.txt
TXRH	analyst_targets_T.txt
SBRA	analyst_targets_S1.txt
TECH	analyst_targets_T.txt
MRNA	analyst_targets_M2.txt
NVAX	analyst_targets_N.txt
CODX	analyst_targets_C.txt
COIN	analyst_targets_C.txt
ALDX	analyst_targets_A.txt
SHLS	analyst_targets_S1.txt
TTEK	analyst_targets_T.txt
APPS	analyst_targets_A.txt
CRTO	analyst_targets_C.txt
AYTU	analyst_targets_A.txt
BKYI	analyst_targets_B.txt
BLFS	analyst_targets_B.txt
BLNK	analyst_targets_B.txt
BNGO	analyst_targets_B.txt
PR	analyst_targets_P2.txt
CLDX	analyst_targets_C.txt
CLSK	analyst_targets_C.txt
COCP	analyst_targets_C.txt
PUBM	analyst_targets_P2.txt
APP	analyst_targets_A.txt
GEVO	analyst_targets_G.txt
GLBS	analyst_targets_G.txt
ALGM	analyst_targets_A.txt
MARA	analyst_targets_M1.txt
VRDN	analyst_targets_V.txt
MITK	analyst_targets_M1.txt
OCGN	analyst_targets_O.txt
PAYS	analyst_targets_P1.txt
PLUG	analyst_targets_P2.txt
RIOT	analyst_targets_R.txt
LSTR	analyst_targets_L.txt
SHIP	analyst_targets_S1.txt
SINT	analyst_targets_S1.txt
NSLR	analyst_targets_N.txt
VKTX	analyst_targets_V.txt
VUZI	analyst_targets_V.txt
WATT	analyst_targets_W.txt
ACMR	analyst_targets_A.txt
ADMA	analyst_targets_A.txt
ALT.US	analyst_targets_A.txt
APPF	analyst_targets_A.txt
ARCT	analyst_targets_A.txt
AXSM	analyst_targets_A.txt
CAN	analyst_targets_C.txt
CDLX	analyst_targets_C.txt
CERS	analyst_targets_C.txt
CRIS	analyst_targets_C.txt
CRSP	analyst_targets_C.txt
DOMO	analyst_targets_D.txt
EH	analyst_targets_E.txt
AGNT	analyst_targets_A.txt
FATE	analyst_targets_F.txt
FCEL	analyst_targets_F.txt
TBCH	analyst_targets_T.txt
MNKD	analyst_targets_M2.txt
NMIH	analyst_targets_N.txt
OCUL	analyst_targets_O.txt
PRQR	analyst_targets_P2.txt
PTGX	analyst_targets_P2.txt
RPD	analyst_targets_R.txt
VSTM	analyst_targets_V.txt
MFIC	analyst_targets_M1.txt
ALNY	analyst_targets_A.txt
ANGI	analyst_targets_A.txt
ARCC	analyst_targets_A.txt
ATRA	analyst_targets_A.txt
BBIO	analyst_targets_B.txt
BCRX	analyst_targets_B.txt
BGC	analyst_targets_B.txt
BNTX	analyst_targets_B.txt
AZTA	analyst_targets_A.txt
CAKE.US	analyst_targets_C.txt
CARG	analyst_targets_C.txt
CDXS	analyst_targets_C.txt
CG	analyst_targets_C.txt
CGNX	analyst_targets_C.txt
CHEF	analyst_targets_C.txt
CLNE	analyst_targets_C.txt
CNDT	analyst_targets_C.txt
CRNT	analyst_targets_C.txt
CYTK	analyst_targets_C.txt
DDOG	analyst_targets_D.txt
FIZZ	analyst_targets_F.txt
FOXA	analyst_targets_F.txt
GERN	analyst_targets_G.txt
GIII	analyst_targets_G.txt
GLNG	analyst_targets_G.txt
GO	analyst_targets_G.txt
GOGO	analyst_targets_G.txt
GOOD	analyst_targets_G.txt
GOOGL	analyst_targets_G.txt
GPRE	analyst_targets_G.txt
HALO	analyst_targets_H.txt
HCAT	analyst_targets_H.txt
HLIT	analyst_targets_H.txt
IFRX	analyst_targets_I.txt
IHRT	analyst_targets_I.txt
INMD	analyst_targets_I.txt
INO	analyst_targets_I.txt
IRDM	analyst_targets_I.txt
ITRI	analyst_targets_I.txt
LECO	analyst_targets_L.txt
LI	analyst_targets_L.txt
LSCC	analyst_targets_L.txt
LXRX	analyst_targets_L.txt
MCRB	analyst_targets_M1.txt
MKSI	analyst_targets_M1.txt
MLCO	analyst_targets_M2.txt
MPWR	analyst_targets_M2.txt
MSTR	analyst_targets_M2.txt
NICE	analyst_targets_N.txt
IBRX	analyst_targets_I.txt
NKTR	analyst_targets_N.txt
NMRK	analyst_targets_N.txt
NXST	analyst_targets_N.txt
ADAM	analyst_targets_A.txt
OGI	analyst_targets_O.txt
OPK	analyst_targets_O.txt
PAAS	analyst_targets_P1.txt
PACB	analyst_targets_P1.txt
PFLT	analyst_targets_P1.txt
PGNY	analyst_targets_P1.txt
PLCE	analyst_targets_P1.txt
PSEC	analyst_targets_P2.txt
PTEN	analyst_targets_P2.txt
QDEL	analyst_targets_Q.txt
QURE	analyst_targets_Q.txt
REAL	analyst_targets_R.txt
RIGL	analyst_targets_R.txt
RPRX	analyst_targets_R.txt
RRGB	analyst_targets_R.txt
RRR	analyst_targets_R.txt
RVMD	analyst_targets_R.txt
SABR	analyst_targets_S1.txt
SBGI	analyst_targets_S1.txt
SDGR	analyst_targets_S1.txt
LNWO	analyst_targets_L.txt
SKYW	analyst_targets_S1.txt
SLM	analyst_targets_S1.txt
SNDL	analyst_targets_S2.txt
SNDX	analyst_targets_S2.txt
SONO	analyst_targets_S2.txt
SPWH	analyst_targets_S2.txt
SSRM	analyst_targets_S2.txt
BMBL	analyst_targets_B.txt
SVC	analyst_targets_S2.txt
TER	analyst_targets_T.txt
TRVG	analyst_targets_T.txt
TSEM	analyst_targets_T.txt
TXG	analyst_targets_T.txt
UPWK	analyst_targets_U.txt
UTHR	analyst_targets_U.txt
VEON	analyst_targets_V.txt
VIR	analyst_targets_V.txt
WT	analyst_targets_W.txt
WING	analyst_targets_W.txt
WMG	analyst_targets_W.txt
XP	analyst_targets_X.txt
ZG	analyst_targets_Z.txt
GTM	analyst_targets_G.txt
QS	analyst_targets_Q.txt
DRH	analyst_targets_D.txt
PAA	analyst_targets_P1.txt
TIGO	analyst_targets_T.txt
GDS	analyst_targets_G.txt
UHAL	analyst_targets_U.txt
LFUS	analyst_targets_L.txt
FUTU	analyst_targets_F.txt
OMAB	analyst_targets_O.txt
HTLD	analyst_targets_H.txt
GSM	analyst_targets_G.txt
AMKR	analyst_targets_A.txt
MTSI	analyst_targets_M2.txt
LKFT	analyst_targets_L.txt
STGW	analyst_targets_S2.txt
TITN	analyst_targets_T.txt
DYN	analyst_targets_D.txt
PRME	analyst_targets_P2.txt
GCT	analyst_targets_G.txt
HDSN	analyst_targets_H.txt
CRCT	analyst_targets_C.txt
BOOM	analyst_targets_B.txt
EZPW	analyst_targets_E.txt
PFBC	analyst_targets_P1.txt
PRDO	analyst_targets_P2.txt
MCRI	analyst_targets_M1.txt
ICHR	analyst_targets_I.txt
ROOT	analyst_targets_R.txt
AMCX	analyst_targets_A.txt
WSBC	analyst_targets_W.txt
ZYME	analyst_targets_Z.txt
TOWN	analyst_targets_T.txt
VITL	analyst_targets_V.txt
MATW	analyst_targets_M1.txt
FLD	analyst_targets_F.txt
THRY	analyst_targets_T.txt
MLAB	analyst_targets_M1.txt
LQDA	analyst_targets_L.txt
CFFN	analyst_targets_C.txt
FA	analyst_targets_F.txt
ENTA	analyst_targets_E.txt
ANAB	analyst_targets_A.txt
AMSF	analyst_targets_A.txt
AMTX	analyst_targets_A.txt
TBPH	analyst_targets_T.txt
IMTX	analyst_targets_I.txt
ALHC	analyst_targets_A.txt
OCFC	analyst_targets_O.txt
MCHB	analyst_targets_M1.txt
SLP	analyst_targets_S2.txt
NEWT.US	analyst_targets_N.txt
RCEL	analyst_targets_R.txt
SYBT	analyst_targets_S2.txt
OFIX	analyst_targets_O.txt
ALKT	analyst_targets_A.txt
DXPE	analyst_targets_D.txt
VSEC	analyst_targets_V.txt
NMFC	analyst_targets_N.txt
ANGO	analyst_targets_A.txt
PHAT	analyst_targets_P1.txt
HWKN	analyst_targets_H.txt
RNW	analyst_targets_R.txt
DKNG	analyst_targets_D.txt
PLTR	analyst_targets_P2.txt
FROG	analyst_targets_F.txt
KLRS	analyst_targets_K.txt
AGEN	analyst_targets_A.txt
PCVX	analyst_targets_P1.txt
ABNB	analyst_targets_A.txt
DASH.US	analyst_targets_D.txt
SAIA	analyst_targets_S1.txt
AFRM	analyst_targets_A.txt
GLBE	analyst_targets_G.txt
ARRY	analyst_targets_A.txt
GTLB	analyst_targets_G.txt
PGY	analyst_targets_P1.txt
GFS	analyst_targets_G.txt
CEG	analyst_targets_C.txt
TPG	analyst_targets_T.txt
WBD	analyst_targets_W.txt
WRD	analyst_targets_W.txt
SRAD	analyst_targets_S2.txt
UPST	analyst_targets_U.txt
DUOL	analyst_targets_D.txt
EVGO	analyst_targets_E.txt
PRGS	analyst_targets_P2.txt
CMRC	analyst_targets_C.txt
BPOP	analyst_targets_B.txt
TENB	analyst_targets_T.txt
VRNS	analyst_targets_V.txt
CTKB	analyst_targets_C.txt
HUT	analyst_targets_H.txt
SNY	analyst_targets_S2.txt
LOGI	analyst_targets_L.txt
ONC	analyst_targets_O.txt
BCPC	analyst_targets_B.txt
THRM	analyst_targets_T.txt
GILT	analyst_targets_G.txt
GDYN	analyst_targets_G.txt
PEGA	analyst_targets_P1.txt
IVVD	analyst_targets_I.txt
ASND	analyst_targets_A.txt
ALGT	analyst_targets_A.txt
GRPN	analyst_targets_G.txt
BSY	analyst_targets_B.txt
CMPS	analyst_targets_C.txt
LOVE	analyst_targets_L.txt
CHRD	analyst_targets_C.txt
FIP	analyst_targets_F.txt
WAY	analyst_targets_W.txt
TEM.US	analyst_targets_T.txt
GRAL	analyst_targets_G.txt
SUNS	analyst_targets_S2.txt
SFD	analyst_targets_S1.txt
SNDK	analyst_targets_S2.txt
NDAQ	analyst_targets_N.txt
LBRDK	analyst_targets_L.txt
ICLR	analyst_targets_I.txt
FOX.US	analyst_targets_F.txt
ACGL	analyst_targets_A.txt
NDSN	analyst_targets_N.txt
PCTY	analyst_targets_P1.txt
MORN	analyst_targets_M2.txt
OPEN	analyst_targets_O.txt
EWBC	analyst_targets_E.txt
CNXC	analyst_targets_C.txt
ZLAB	analyst_targets_Z.txt
MEDP	analyst_targets_M1.txt
LEGN	analyst_targets_L.txt
FCNCA	analyst_targets_F.txt
FOXF	analyst_targets_F.txt
WWD	analyst_targets_W.txt
BL	analyst_targets_B.txt
VICR	analyst_targets_V.txt
SPT	analyst_targets_S2.txt
RGLD	analyst_targets_R.txt
COLM	analyst_targets_C.txt
KRNT	analyst_targets_K.txt
ASTH	analyst_targets_A.txt
EXPO	analyst_targets_E.txt
RBC	analyst_targets_R.txt
HLNE	analyst_targets_H.txt
OZK	analyst_targets_O.txt
HELE	analyst_targets_H.txt
VLY	analyst_targets_V.txt
ACHC	analyst_targets_A.txt
IART	analyst_targets_I.txt
CELH	analyst_targets_C.txt
CERT	analyst_targets_C.txt
TWST	analyst_targets_T.txt
SITM	analyst_targets_S1.txt
STAA	analyst_targets_S2.txt
SPSC	analyst_targets_S2.txt
QLYS	analyst_targets_Q.txt
NBP	analyst_targets_N.txt
ICUI	analyst_targets_I.txt
NEO.US	analyst_targets_N.txt
DIOD	analyst_targets_D.txt
KNSL	analyst_targets_K.txt
LIVN	analyst_targets_L.txt
ENSG	analyst_targets_E.txt
ASO	analyst_targets_A.txt
JOYY	analyst_targets_J.txt
HAPN	analyst_targets_H.txt
ABCL	analyst_targets_A.txt
LOB	analyst_targets_L.txt
SHOO	analyst_targets_S1.txt
INDB	analyst_targets_I.txt
CRNC	analyst_targets_C.txt
EYE	analyst_targets_E.txt
NVMI	analyst_targets_N.txt
ACIW	analyst_targets_A.txt
VSAT	analyst_targets_V.txt
TGTX	analyst_targets_T.txt
AUPH	analyst_targets_A.txt
ALKS	analyst_targets_A.txt
NEXN	analyst_targets_N.txt
CLOV	analyst_targets_C.txt
CYRX	analyst_targets_C.txt
TRUP	analyst_targets_T.txt
TEAD	analyst_targets_T.txt
PLTK	analyst_targets_P2.txt
WOOF	analyst_targets_W.txt
DRVN	analyst_targets_D.txt
LOPE	analyst_targets_L.txt
AHCO	analyst_targets_A.txt
WDFC	analyst_targets_W.txt
TCBI	analyst_targets_T.txt
IOVA	analyst_targets_I.txt
FLGT	analyst_targets_F.txt
CVLT	analyst_targets_C.txt
NWE	analyst_targets_N.txt
COLB	analyst_targets_C.txt
UCTT	analyst_targets_U.txt
PRCH	analyst_targets_P2.txt
NTCT	analyst_targets_N.txt
CDNA	analyst_targets_C.txt
TW	analyst_targets_T.txt
GDRX	analyst_targets_G.txt
ARGX	analyst_targets_A.txt
WSC	analyst_targets_W.txt
OMCL	analyst_targets_O.txt
RKLB	analyst_targets_R.txt
FLNC	analyst_targets_F.txt
NCNO	analyst_targets_N.txt
BEAM	analyst_targets_B.txt
WTFC	analyst_targets_W.txt
APPN	analyst_targets_A.txt
RARE.US	analyst_targets_R.txt
GSHD	analyst_targets_G.txt
EXLS	analyst_targets_E.txt
ARVN	analyst_targets_A.txt
KLIC	analyst_targets_K.txt
INSM	analyst_targets_I.txt
RLAY	analyst_targets_R.txt
PTLO	analyst_targets_P2.txt
ONB	analyst_targets_O.txt
WERN	analyst_targets_W.txt
UPBD	analyst_targets_U.txt
FTDR	analyst_targets_F.txt
ARCB	analyst_targets_A.txt
ALLO	analyst_targets_A.txt
FLNA	analyst_targets_F.txt
ACLS	analyst_targets_A.txt
BAND.US	analyst_targets_B.txt
AOSL	analyst_targets_A.txt
PWP	analyst_targets_P2.txt
PAYO	analyst_targets_P1.txt
TBLA	analyst_targets_T.txt
BKKT	analyst_targets_B.txt
GRAB	analyst_targets_G.txt
SOFI	analyst_targets_S2.txt
LCID	analyst_targets_L.txt
SIMO	analyst_targets_S1.txt
OTLY	analyst_targets_O.txt
TASK	analyst_targets_T.txt
DLO	analyst_targets_D.txt
MNDY	analyst_targets_M2.txt
HOOD	analyst_targets_H.txt
MQ	analyst_targets_M2.txt
DNUT	analyst_targets_D.txt
SG	analyst_targets_S1.txt
RIVN	analyst_targets_R.txt
CART	analyst_targets_C.txt
KLTR	analyst_targets_K.txt
LPLA.US	analyst_targets_L.txt
RMBS	analyst_targets_R.txt
RXRX	analyst_targets_R.txt
MDGL	analyst_targets_M1.txt
WFRD	analyst_targets_W.txt
FRSH	analyst_targets_F.txt
EXTR	analyst_targets_E.txt
ROIV	analyst_targets_R.txt
SYM	analyst_targets_S2.txt
AEHR	analyst_targets_A.txt
APLD	analyst_targets_A.txt
BZ	analyst_targets_B.txt
TMDX	analyst_targets_T.txt
TRI	analyst_targets_T.txt
PECO	analyst_targets_P1.txt
FLYW	analyst_targets_F.txt
AAOI	analyst_targets_A.txt
BRZE	analyst_targets_B.txt
MLTX	analyst_targets_M2.txt
FWRD	analyst_targets_F.txt
CRDO	analyst_targets_C.txt
SAIC	analyst_targets_S1.txt
NSIT.US	analyst_targets_N.txt
KRYS	analyst_targets_K.txt
CWST	analyst_targets_C.txt
AMSC	analyst_targets_A.txt
OPRA	analyst_targets_O.txt
SGRY	analyst_targets_S1.txt
AAON	analyst_targets_A.txt
MZTI	analyst_targets_M2.txt
MRVI	analyst_targets_M2.txt
UFPI	analyst_targets_U.txt
SIGI	analyst_targets_S1.txt
STRL.US	analyst_targets_S2.txt
MMSI	analyst_targets_M2.txt
VRRM	analyst_targets_V.txt
SGML	analyst_targets_S1.txt
AMLX	analyst_targets_A.txt
RELY	analyst_targets_R.txt
PRTA	analyst_targets_P2.txt
IMVT	analyst_targets_I.txt
CCOI	analyst_targets_C.txt
AMPH	analyst_targets_A.txt
SMPL	analyst_targets_S2.txt
PERI	analyst_targets_P1.txt
RDNT	analyst_targets_R.txt
PENG	analyst_targets_P1.txt
ATEC	analyst_targets_A.txt
NVTS	analyst_targets_N.txt
CRBU	analyst_targets_C.txt
BMEA	analyst_targets_B.txt
NSSC	analyst_targets_N.txt
VTGN	analyst_targets_V.txt
PCT.US	analyst_targets_P1.txt
INDI	analyst_targets_I.txt
FCFS	analyst_targets_F.txt
DNLI	analyst_targets_D.txt
INTA	analyst_targets_I.txt
SSYS.US	analyst_targets_S2.txt
HUBG	analyst_targets_H.txt
HRMY	analyst_targets_H.txt
CORT	analyst_targets_C.txt
RYTM	analyst_targets_R.txt
KEEL	analyst_targets_K.txt
TVTX	analyst_targets_T.txt
PRCT	analyst_targets_P2.txt
SHC	analyst_targets_S1.txt
ZNTL	analyst_targets_Z.txt
HTO	analyst_targets_H.txt
SDA	analyst_targets_S1.txt
COCO	analyst_targets_C.txt
CCC.US	analyst_targets_C.txt
CAMT	analyst_targets_C.txt
FELE	analyst_targets_F.txt
ULCC	analyst_targets_U.txt
IPAR	analyst_targets_I.txt
ATRC	analyst_targets_A.txt
CVCO	analyst_targets_C.txt
NEXT	analyst_targets_N.txt
PLRX	analyst_targets_P1.txt
GGAL	analyst_targets_G.txt
MIRM	analyst_targets_M1.txt
SUPN	analyst_targets_S2.txt
LZ	analyst_targets_L.txt
PSNY	analyst_targets_P2.txt
MNRO	analyst_targets_M2.txt
PLAB	analyst_targets_P1.txt
RXST	analyst_targets_R.txt
FORM	analyst_targets_F.txt
OSIS	analyst_targets_O.txt
MYRG	analyst_targets_M2.txt
SBCF	analyst_targets_S1.txt
VCEL	analyst_targets_V.txt
VECO	analyst_targets_V.txt
XENE	analyst_targets_X.txt
IDYA	analyst_targets_I.txt
LAUR	analyst_targets_L.txt
TNGX	analyst_targets_T.txt
SKIN	analyst_targets_S1.txt
IMCR	analyst_targets_I.txt
REPL	analyst_targets_R.txt
GPCR	analyst_targets_G.txt
ERII	analyst_targets_E.txt
BLKB	analyst_targets_B.txt
RCKT	analyst_targets_R.txt
XMTR	analyst_targets_X.txt
IRON	analyst_targets_I.txt
WAFD	analyst_targets_W.txt
HLMN	analyst_targets_H.txt
COHU	analyst_targets_C.txt
ICFI	analyst_targets_I.txt
FULC	analyst_targets_F.txt
HURN	analyst_targets_H.txt
URGN	analyst_targets_U.txt
VERA	analyst_targets_V.txt
CSTL	analyst_targets_C.txt
DRS	analyst_targets_D.txt
VCTR	analyst_targets_V.txt
PSMT	analyst_targets_P2.txt
MGPI	analyst_targets_M1.txt
XPEL	analyst_targets_X.txt
STRA	analyst_targets_S2.txt
DGII	analyst_targets_D.txt
AGIO	analyst_targets_A.txt
BELFB	analyst_targets_B.txt
KRUS	analyst_targets_K.txt
RUM	analyst_targets_R.txt
JJSF	analyst_targets_J.txt
GTX.US	analyst_targets_G.txt
AGYS	analyst_targets_A.txt
HROW	analyst_targets_H.txt
PLXS	analyst_targets_P2.txt
ARHS	analyst_targets_A.txt
CENX	analyst_targets_C.txt
VNOM	analyst_targets_V.txt
ADUS	analyst_targets_A.txt
RUSHA	analyst_targets_R.txt
ARQT	analyst_targets_A.txt
MYGN	analyst_targets_M2.txt
HCSG	analyst_targets_H.txt
INVZ	analyst_targets_I.txt
ECHO	analyst_targets_E.txt
EVLV	analyst_targets_E.txt
MVST	analyst_targets_M2.txt
BWIN	analyst_targets_B.txt
KYMR	analyst_targets_K.txt
BANR	analyst_targets_B.txt
BJRI	analyst_targets_B.txt
PATK	analyst_targets_P1.txt
SIBN	analyst_targets_S1.txt
MGEE	analyst_targets_M1.txt
OCSL	analyst_targets_O.txt
ABOS	analyst_targets_A.txt
CLFD	analyst_targets_C.txt
CRNX	analyst_targets_C.txt
ANIP	analyst_targets_A.txt
TTMI	analyst_targets_T.txt
MGRC	analyst_targets_M1.txt
KNSA	analyst_targets_K.txt
TMCI	analyst_targets_T.txt
WSFS	analyst_targets_W.txt
OM.US	analyst_targets_O.txt
ROAD	analyst_targets_R.txt
POWL	analyst_targets_P2.txt
GBDC	analyst_targets_G.txt
KURA	analyst_targets_K.txt
COGT	analyst_targets_C.txt
KROS	analyst_targets_K.txt
ADTN	analyst_targets_A.txt
QTRX	analyst_targets_Q.txt
ESTA	analyst_targets_E.txt
INOD	analyst_targets_I.txt
REYN	analyst_targets_R.txt
HOPE	analyst_targets_H.txt
IOSP	analyst_targets_I.txt
ADPT	analyst_targets_A.txt
SCHL	analyst_targets_S1.txt
TARS	analyst_targets_T.txt
DORM	analyst_targets_D.txt
ASLE	analyst_targets_A.txt
JBSS	analyst_targets_J.txt
MBUU	analyst_targets_M1.txt
OSW	analyst_targets_O.txt
SKWD	analyst_targets_S1.txt
LFST	analyst_targets_L.txt
LILAK	analyst_targets_L.txt
BANF	analyst_targets_B.txt
XNCR	analyst_targets_X.txt
ECPG	analyst_targets_E.txt
EFSC	analyst_targets_E.txt
STEP	analyst_targets_S2.txt
DCGO	analyst_targets_D.txt
COLL	analyst_targets_C.txt
TCMD	analyst_targets_T.txt
NBTB	analyst_targets_N.txt
ACT	analyst_targets_A.txt
ACDC	analyst_targets_A.txt
EGBN	analyst_targets_E.txt
INVA	analyst_targets_I.txt
LMB	analyst_targets_L.txt
CMPR	analyst_targets_C.txt
FDMT	analyst_targets_F.txt
VERX	analyst_targets_V.txt
BLBD	analyst_targets_B.txt
PRAA	analyst_targets_P2.txt
APOG	analyst_targets_A.txt
MRTN	analyst_targets_M2.txt
CABA	analyst_targets_C.txt
DH	analyst_targets_D.txt
LMAT	analyst_targets_L.txt
LGND	analyst_targets_L.txt
PLMR	analyst_targets_P1.txt
FRME	analyst_targets_F.txt
CSWC	analyst_targets_C.txt
TRMK	analyst_targets_T.txt
RGNX	analyst_targets_R.txt
NWBI	analyst_targets_N.txt
FFBC	analyst_targets_F.txt
TIGR	analyst_targets_T.txt
WINA	analyst_targets_W.txt
PDFS	analyst_targets_P1.txt
FNKO	analyst_targets_F.txt
KALU	analyst_targets_K.txt
EYPT	analyst_targets_E.txt
MCFT	analyst_targets_M1.txt
ACRS	analyst_targets_A.txt
FWRG	analyst_targets_F.txt
IMXI	analyst_targets_I.txt
ATEX	analyst_targets_A.txt
LOCO	analyst_targets_L.txt
ADEA	analyst_targets_A.txt
WABC	analyst_targets_W.txt
BCYC	analyst_targets_B.txt
SANA	analyst_targets_S1.txt
MDXG	analyst_targets_M1.txt
CHCO	analyst_targets_C.txt
AMPL	analyst_targets_A.txt
MERC	analyst_targets_M1.txt
AVPT	analyst_targets_A.txt
IQ.US	analyst_targets_I.txt
TFSL	analyst_targets_T.txt
HCM	analyst_targets_H.txt
ALVO	analyst_targets_A.txt
EVCM	analyst_targets_E.txt
CLBK	analyst_targets_C.txt
AFYA	analyst_targets_A.txt
GCMG	analyst_targets_G.txt
DSGR	analyst_targets_D.txt
CLBT	analyst_targets_C.txt
HSAI	analyst_targets_H.txt
SHEN	analyst_targets_S1.txt
MBIN	analyst_targets_M1.txt
WALD	analyst_targets_W.txt
SRCE	analyst_targets_S2.txt
TCBK	analyst_targets_T.txt
BUSE	analyst_targets_B.txt
BLTE	analyst_targets_B.txt
NRC	analyst_targets_N.txt
STBA	analyst_targets_S2.txt
PEBO	analyst_targets_P1.txt
TRS	analyst_targets_T.txt
ARKO	analyst_targets_A.txt
CMCO	analyst_targets_C.txt
BFC	analyst_targets_B.txt
TRNS	analyst_targets_T.txt
QCRH	analyst_targets_Q.txt
GABC	analyst_targets_G.txt
ARDX	analyst_targets_A.txt
SLRC	analyst_targets_S2.txt
HSTM	analyst_targets_H.txt
SCSC	analyst_targets_S1.txt
WEST	analyst_targets_W.txt
PHVS	analyst_targets_P1.txt
SRRK	analyst_targets_S2.txt
ASTS	analyst_targets_A.txt
CGBD	analyst_targets_C.txt
CRAI	analyst_targets_C.txt
CTBI	analyst_targets_C.txt
AVO	analyst_targets_A.txt
PLPC	analyst_targets_P1.txt
CNOB	analyst_targets_C.txt
FMBH	analyst_targets_F.txt
KELYA.US	analyst_targets_K.txt
METC	analyst_targets_M1.txt
KE	analyst_targets_K.txt
IIIV	analyst_targets_I.txt
OSBC	analyst_targets_O.txt
HCKT	analyst_targets_H.txt
TCPC	analyst_targets_T.txt
BBSI	analyst_targets_B.txt
ULH	analyst_targets_U.txt
LQDT	analyst_targets_L.txt
GSBC	analyst_targets_G.txt
CCAP	analyst_targets_C.txt
HFWA	analyst_targets_H.txt
CECO	analyst_targets_C.txt
QNST	analyst_targets_Q.txt
KIDS	analyst_targets_K.txt
WVE	analyst_targets_W.txt
CCB	analyst_targets_C.txt
DMRC	analyst_targets_D.txt
OLMA	analyst_targets_O.txt
JRVR	analyst_targets_J.txt
MBWM	analyst_targets_M1.txt
NAMS	analyst_targets_N.txt
OABI	analyst_targets_O.txt
CASS	analyst_targets_C.txt
UFCS	analyst_targets_U.txt
TILE	analyst_targets_T.txt
NRDS	analyst_targets_N.txt
UVSP	analyst_targets_U.txt
IRMD	analyst_targets_I.txt
ITRN	analyst_targets_I.txt
ELVN	analyst_targets_E.txt
AMAL	analyst_targets_A.txt
LAND	analyst_targets_L.txt
RWAY	analyst_targets_R.txt
ATRO	analyst_targets_A.txt
NN	analyst_targets_N.txt
CCBG	analyst_targets_C.txt
IGIC	analyst_targets_I.txt
HNRG	analyst_targets_H.txt
GRSD	analyst_targets_G.txt
SVRA	analyst_targets_S2.txt
TYRA	analyst_targets_T.txt
BFST	analyst_targets_B.txt
TRDA	analyst_targets_T.txt
VNET	analyst_targets_V.txt
GPGI	analyst_targets_G.txt
SSP.US	analyst_targets_S2.txt
SMBC	analyst_targets_S2.txt
RGP	analyst_targets_R.txt
FDUS	analyst_targets_F.txt
KRNY	analyst_targets_K.txt
MSBI	analyst_targets_M2.txt
ALNT	analyst_targets_A.txt
GNLX	analyst_targets_G.txt
ALEC	analyst_targets_A.txt
PAHC	analyst_targets_P1.txt
SPFI	analyst_targets_S2.txt
ANTX	analyst_targets_A.txt
HAFC	analyst_targets_H.txt
DAKT	analyst_targets_D.txt
PROK	analyst_targets_P2.txt
LYTS	analyst_targets_L.txt
HBNC	analyst_targets_H.txt
SENEA	analyst_targets_S1.txt
FMNB	analyst_targets_F.txt
CAC	analyst_targets_C.txt
CCSI	analyst_targets_C.txt
KRT	analyst_targets_K.txt
THFF	analyst_targets_T.txt
PGC	analyst_targets_P1.txt
EWTX	analyst_targets_E.txt
IBCP	analyst_targets_I.txt
BWMN	analyst_targets_B.txt
WASH	analyst_targets_W.txt
GHRS	analyst_targets_G.txt
NAMM	analyst_targets_N.txt
BTMD	analyst_targets_B.txt
LASR	analyst_targets_L.txt
NBN	analyst_targets_N.txt
IMNM	analyst_targets_I.txt
CCNE	analyst_targets_C.txt
ESQ	analyst_targets_E.txt
NTGR	analyst_targets_N.txt
AIRS	analyst_targets_A.txt
CGEM	analyst_targets_C.txt
BTDR	analyst_targets_B.txt
HRZN	analyst_targets_H.txt
ACTG	analyst_targets_A.txt
ORIC	analyst_targets_O.txt
AROW	analyst_targets_A.txt
ALRS	analyst_targets_A.txt
ALXO	analyst_targets_A.txt
SHBI	analyst_targets_S1.txt
BHRB	analyst_targets_B.txt
SPRY	analyst_targets_S2.txt
MLYS	analyst_targets_M2.txt
MPB	analyst_targets_M2.txt
PNTG	analyst_targets_P2.txt
DSP	analyst_targets_D.txt
ACIC	analyst_targets_A.txt
LIND	analyst_targets_L.txt
OSPN	analyst_targets_O.txt
MGNX	analyst_targets_M1.txt
LUNG	analyst_targets_L.txt
ALTO	analyst_targets_A.txt
AVNW	analyst_targets_A.txt
PKOH	analyst_targets_P1.txt
AURA	analyst_targets_A.txt
CGNT	analyst_targets_C.txt
JANX	analyst_targets_J.txt
NWPX.US	analyst_targets_N.txt
JBIO	analyst_targets_J.txt
BMRC	analyst_targets_B.txt
PANL	analyst_targets_P1.txt
ANIK	analyst_targets_A.txt
OKUR	analyst_targets_O.txt
CVRX	analyst_targets_C.txt
INSE	analyst_targets_I.txt
LINC	analyst_targets_L.txt
REFI	analyst_targets_R.txt
LMNR.US	analyst_targets_L.txt
ZURA	analyst_targets_Z.txt
AVIR	analyst_targets_A.txt
CARE	analyst_targets_C.txt
VNDA	analyst_targets_V.txt
FISI	analyst_targets_F.txt
WLDN	analyst_targets_W.txt
CVGI	analyst_targets_C.txt
MGTX	analyst_targets_M1.txt
CBUS	analyst_targets_C.txt
LFMD	analyst_targets_L.txt
FSBW	analyst_targets_F.txt
CELC	analyst_targets_C.txt
SMTI	analyst_targets_S2.txt
AUDC.US	analyst_targets_A.txt
NRIM	analyst_targets_N.txt
NECB	analyst_targets_N.txt
CLAR	analyst_targets_C.txt
NRIX	analyst_targets_N.txt
IMMR	analyst_targets_I.txt
LFCR	analyst_targets_L.txt
ASUR	analyst_targets_A.txt
CTRN	analyst_targets_C.txt
PMTS	analyst_targets_P2.txt
AIP	analyst_targets_A.txt
PRTS	analyst_targets_P2.txt
GASS	analyst_targets_G.txt
OPRT	analyst_targets_O.txt
BLZE	analyst_targets_B.txt
MASS	analyst_targets_M1.txt
CRMD	analyst_targets_C.txt
JAKK	analyst_targets_J.txt
RELL	analyst_targets_R.txt
IMRX	analyst_targets_I.txt
IPX	analyst_targets_I.txt
RCMT	analyst_targets_R.txt
STOK	analyst_targets_S2.txt
NVCT	analyst_targets_N.txt
ZVRA	analyst_targets_Z.txt
INVE	analyst_targets_I.txt
VRCA	analyst_targets_V.txt
TELA	analyst_targets_T.txt
MAMA	analyst_targets_M1.txt
INBK	analyst_targets_I.txt
MPAA	analyst_targets_M2.txt
OPRX	analyst_targets_O.txt
CLPT	analyst_targets_C.txt
FLL	analyst_targets_F.txt
PDSB	analyst_targets_P1.txt
JYNT	analyst_targets_J.txt
UPLD	analyst_targets_U.txt
WHWK	analyst_targets_W.txt
SILC	analyst_targets_S1.txt
TZOO	analyst_targets_T.txt
RGTI	analyst_targets_R.txt
EOSE	analyst_targets_E.txt
SLDP	analyst_targets_S1.txt
WULF	analyst_targets_W.txt
RXT	analyst_targets_R.txt
TSHA	analyst_targets_T.txt
ERAS	analyst_targets_E.txt
XERS	analyst_targets_X.txt
MREO	analyst_targets_M2.txt
SOUN	analyst_targets_S2.txt
PMVP	analyst_targets_P2.txt
REKR	analyst_targets_R.txt
DHC	analyst_targets_D.txt
NKTX	analyst_targets_N.txt
AUR	analyst_targets_A.txt
BTBT	analyst_targets_B.txt
ORGO	analyst_targets_O.txt
STRO	analyst_targets_S2.txt
HIVE	analyst_targets_H.txt
SERA	analyst_targets_S1.txt
AUTL	analyst_targets_A.txt
STTK	analyst_targets_S2.txt
IREN	analyst_targets_I.txt
INTS	analyst_targets_I.txt
ENGN	analyst_targets_E.txt
MTRX	analyst_targets_M2.txt
APGE	analyst_targets_A.txt
QBTS	analyst_targets_Q.txt
TMC	analyst_targets_T.txt
AKBA	analyst_targets_A.txt
PIII	analyst_targets_P1.txt
STLN	analyst_targets_S2.txt
IMUX	analyst_targets_I.txt
CCCC	analyst_targets_C.txt
CRDF	analyst_targets_C.txt
PSNL	analyst_targets_P2.txt
TECX	analyst_targets_T.txt
ACET	analyst_targets_A.txt
QSI	analyst_targets_Q.txt
KOPN	analyst_targets_K.txt
CMPX	analyst_targets_C.txt
SEER	analyst_targets_S1.txt
SCYX	analyst_targets_S1.txt
RMTI	analyst_targets_R.txt
LYEL	analyst_targets_L.txt
TNYA	analyst_targets_T.txt
AQST	analyst_targets_A.txt
POWW	analyst_targets_P2.txt
SMMT	analyst_targets_S2.txt
ABSI	analyst_targets_A.txt
VERI	analyst_targets_V.txt
RBBN	analyst_targets_R.txt
TDUP	analyst_targets_T.txt
AIOT	analyst_targets_A.txt
LGVN	analyst_targets_L.txt
HNST	analyst_targets_H.txt
DSGN	analyst_targets_D.txt
EXFY	analyst_targets_E.txt
OMER	analyst_targets_O.txt
KOD	analyst_targets_K.txt
RLMD	analyst_targets_R.txt
ANNX	analyst_targets_A.txt
CYPH	analyst_targets_C.txt
IRD	analyst_targets_I.txt
SGHT	analyst_targets_S1.txt
HUMA	analyst_targets_H.txt
RDZN	analyst_targets_R.txt
DCTH	analyst_targets_D.txt
LUNR	analyst_targets_L.txt
DFTX	analyst_targets_D.txt
SRTA	analyst_targets_S2.txt
RMNI	analyst_targets_R.txt
BDTX	analyst_targets_B.txt
CDZI	analyst_targets_C.txt
ADV	analyst_targets_A.txt
PRLD	analyst_targets_P2.txt
CAPR	analyst_targets_C.txt
ETON	analyst_targets_E.txt
SGMT	analyst_targets_S1.txt
ABAT	analyst_targets_A.txt
GLUE	analyst_targets_G.txt
CNTY	analyst_targets_C.txt
TLS	analyst_targets_T.txt
IMMX	analyst_targets_I.txt
ABEO	analyst_targets_A.txt
BVS	analyst_targets_B.txt
SLDB	analyst_targets_S1.txt
STKS	analyst_targets_S2.txt
INTR	analyst_targets_I.txt
BEEM	analyst_targets_B.txt
TCRX	analyst_targets_T.txt
OPAL	analyst_targets_O.txt
SURG	analyst_targets_S2.txt
LTRX	analyst_targets_L.txt
DERM	analyst_targets_D.txt
BBCP	analyst_targets_B.txt
OBIO	analyst_targets_O.txt
PESI	analyst_targets_P1.txt
NPCE	analyst_targets_N.txt
LE	analyst_targets_L.txt
VIRC	analyst_targets_V.txt
MRAM	analyst_targets_M2.txt
PLSE	analyst_targets_P1.txt
MFIN	analyst_targets_M1.txt
USAR	analyst_targets_U.txt
VINP	analyst_targets_V.txt
INV.US	analyst_targets_I.txt
ISPR	analyst_targets_I.txt
BULL	analyst_targets_B.txt
FRST	analyst_targets_F.txt
BWB	analyst_targets_B.txt
SEZL	analyst_targets_S1.txt
QUIK	analyst_targets_Q.txt
LWAY	analyst_targets_L.txt
XBP	analyst_targets_X.txt
WHF	analyst_targets_W.txt
SLN	analyst_targets_S2.txt
NATR	analyst_targets_N.txt
PRAX	analyst_targets_P2.txt
RBB	analyst_targets_R.txt
BCIC	analyst_targets_B.txt
SYRE	analyst_targets_S2.txt
HBT	analyst_targets_H.txt
GYRE	analyst_targets_G.txt
MVBF	analyst_targets_M2.txt
BCML	analyst_targets_B.txt
MCBS	analyst_targets_M1.txt
ESEA	analyst_targets_E.txt
ALCO	analyst_targets_A.txt
RCKY	analyst_targets_R.txt
ATLC	analyst_targets_A.txt
KRRO	analyst_targets_K.txt
CLMB	analyst_targets_C.txt
CRWV	analyst_targets_C.txt
ETOR	analyst_targets_E.txt
CHA	analyst_targets_C.txt
GLXY	analyst_targets_G.txt
CHYM	analyst_targets_C.txt
SLDE	analyst_targets_S1.txt
CAI	analyst_targets_C.txt
EIKN	analyst_targets_E.txt
OMDA	analyst_targets_O.txt
CORZ	analyst_targets_C.txt
ALAB	analyst_targets_A.txt
SBET	analyst_targets_S1.txt
QUBT	analyst_targets_Q.txt
TLN	analyst_targets_T.txt
FLY	analyst_targets_F.txt
TTAN	analyst_targets_T.txt
HTFL	analyst_targets_H.txt
AEVA	analyst_targets_A.txt
PSIX	analyst_targets_P2.txt
DGICA	analyst_targets_D.txt
NUTX	analyst_targets_N.txt
KSPI	analyst_targets_K.txt
LGN	analyst_targets_L.txt
GEMI	analyst_targets_G.txt
FIGR	analyst_targets_F.txt
NTSK	analyst_targets_N.txt
PTRN	analyst_targets_P2.txt
FRMI	analyst_targets_F.txt
UROY	analyst_targets_U.txt
ONDS	analyst_targets_O.txt
NNE	analyst_targets_N.txt
RCAT	analyst_targets_R.txt
SERV	analyst_targets_S1.txt
IXHL	analyst_targets_I.txt
DFDV	analyst_targets_D.txt
DVLT	analyst_targets_D.txt
NAVN	analyst_targets_N.txt
BLLN	analyst_targets_B.txt
LIDR	analyst_targets_L.txt
TSSI	analyst_targets_T.txt
GRRR	analyst_targets_G.txt
SNGX	analyst_targets_S2.txt
WYFI	analyst_targets_W.txt
DFLI	analyst_targets_D.txt
DMRA	analyst_targets_D.txt
ATYR	analyst_targets_A.txt
SPRB	analyst_targets_S2.txt
VANI	analyst_targets_V.txt
MWH	analyst_targets_M2.txt
APC	analyst_targets_A.txt
AGMB	analyst_targets_A.txt
LFTO	analyst_targets_L.txt
AKTS	analyst_targets_A.txt
LMRI	analyst_targets_L.txt
WLTH	analyst_targets_W.txt
MDLN	analyst_targets_M1.txt
UPB	analyst_targets_U.txt
ZBIO	analyst_targets_Z.txt
HYMC	analyst_targets_H.txt
NAGE	analyst_targets_N.txt
APEI	analyst_targets_A.txt
GLOO	analyst_targets_G.txt
FWDI	analyst_targets_F.txt
CTMX	analyst_targets_C.txt
RZLT	analyst_targets_R.txt
PVLA	analyst_targets_P2.txt
MAZE	analyst_targets_M1.txt
KYIV	analyst_targets_K.txt
AVAH	analyst_targets_A.txt
AUGO	analyst_targets_A.txt
BRCB	analyst_targets_B.txt
BBNX	analyst_targets_B.txt
TRVI	analyst_targets_T.txt
RAPP	analyst_targets_R.txt
MBX	analyst_targets_M1.txt
LENZ	analyst_targets_L.txt
IMSR	analyst_targets_I.txt
BETR	analyst_targets_B.txt
SAIL	analyst_targets_S1.txt
NB	analyst_targets_N.txt
INDV	analyst_targets_I.txt
RZLV	analyst_targets_R.txt
ABVX	analyst_targets_A.txt
ASST	analyst_targets_A.txt
PONY	analyst_targets_P2.txt
CRML	analyst_targets_C.txt
LIFE	analyst_targets_L.txt
PICS	analyst_targets_P1.txt
EQPT	analyst_targets_E.txt
CAE	analyst_targets_C.txt
CGON	analyst_targets_C.txt
MEOH	analyst_targets_M1.txt
ESLT	analyst_targets_E.txt
FSV	analyst_targets_F.txt
LIF	analyst_targets_L.txt
OTEX	analyst_targets_O.txt
LINE	analyst_targets_L.txt
CIGI	analyst_targets_C.txt
SKHY	analyst_targets_S1.txt
DSGX	analyst_targets_D.txt
DOO	analyst_targets_D.txt
BTSG	analyst_targets_B.txt
NYAX	analyst_targets_N.txt
WGS	analyst_targets_W.txt
PPTA	analyst_targets_P2.txt
DNTH	analyst_targets_D.txt
SION	analyst_targets_S1.txt
SHAZ	analyst_targets_S1.txt
ALLT.US	analyst_targets_A.txt
TMCR	analyst_targets_T.txt
HQ	analyst_targets_H.txt
EMAT	analyst_targets_E.txt
BRAI	analyst_targets_B.txt
PBLS	analyst_targets_P1.txt
FRBT	analyst_targets_F.txt
SGP	analyst_targets_S1.txt
GENB	analyst_targets_G.txt
MMED	analyst_targets_M2.txt
PAYP	analyst_targets_P1.txt
HMH	analyst_targets_H.txt
ARXS	analyst_targets_A.txt
ALMR	analyst_targets_A.txt
KLRA	analyst_targets_K.txt
YSWY	analyst_targets_Y.txt
NHP	analyst_targets_N.txt
XE	analyst_targets_X.txt
ELMT	analyst_targets_E.txt
AVLN	analyst_targets_A.txt
COAG	analyst_targets_C.txt
SPTX	analyst_targets_S2.txt
MAKO	analyst_targets_M1.txt
SUJA	analyst_targets_S2.txt
MOBI	analyst_targets_M2.txt
ODTX	analyst_targets_O.txt
FRVO	analyst_targets_F.txt
CBRS	analyst_targets_C.txt
WSE	analyst_targets_W.txt
SPCX	analyst_targets_S2.txt
FISN	analyst_targets_F.txt
INIO	analyst_targets_I.txt
QNT.US	analyst_targets_Q.txt
SPCX.24-7	analyst_targets_S2.txt
ORKA	analyst_targets_O.txt
ALMS	analyst_targets_A.txt
HONA	analyst_targets_H.txt
LIME	analyst_targets_L.txt
ITG	analyst_targets_I.txt
KARD	analyst_targets_K.txt
BSP	analyst_targets_B.txt
APMD	analyst_targets_A.txt
BRVE	analyst_targets_B.txt
ATTO	analyst_targets_A.txt
A.US	analyst_targets_NYSE_A.txt
AA	analyst_targets_NYSE_A.txt
AADX	analyst_targets_NYSE_A.txt
AAMI	analyst_targets_NYSE_A.txt
AAP	analyst_targets_NYSE_A.txt
AAT	analyst_targets_NYSE_A.txt
AAUC	analyst_targets_NYSE_A.txt
ABBV	analyst_targets_NYSE_A.txt
ABCB	analyst_targets_NYSE_A.txt
ABEV	analyst_targets_NYSE_A.txt
ABG	analyst_targets_NYSE_A.txt
ABM	analyst_targets_NYSE_A.txt
ABR	analyst_targets_NYSE_A.txt
ABT.US	analyst_targets_NYSE_A.txt
ABX	analyst_targets_NYSE_A.txt
ACA.US	analyst_targets_NYSE_A.txt
ACCO	analyst_targets_NYSE_A.txt
ACEL	analyst_targets_NYSE_A.txt
ACH.US	analyst_targets_NYSE_A.txt
ACHR	analyst_targets_NYSE_A.txt
ACI	analyst_targets_NYSE_A.txt
ACM	analyst_targets_NYSE_A.txt
ACN	analyst_targets_NYSE_A.txt
ACRE	analyst_targets_NYSE_A.txt
ACVA	analyst_targets_NYSE_A.txt
AD	analyst_targets_NYSE_A.txt
ADC	analyst_targets_NYSE_A.txt
ADM	analyst_targets_NYSE_A.txt
ADNT	analyst_targets_NYSE_A.txt
ADT	analyst_targets_NYSE_A.txt
AEE	analyst_targets_NYSE_A.txt
AEM	analyst_targets_NYSE_A.txt
AEO	analyst_targets_NYSE_A.txt
AER	analyst_targets_NYSE_A.txt
AERO.US	analyst_targets_NYSE_A.txt
AES	analyst_targets_NYSE_A.txt
AESI	analyst_targets_NYSE_A.txt
AFG	analyst_targets_NYSE_A.txt
AFL	analyst_targets_NYSE_A.txt
AG	analyst_targets_NYSE_A.txt
AGBK	analyst_targets_NYSE_A.txt
AGCO	analyst_targets_NYSE_A.txt
AGI	analyst_targets_NYSE_A.txt
AGL	analyst_targets_NYSE_A.txt
AGM	analyst_targets_NYSE_A.txt
AGO	analyst_targets_NYSE_A.txt
AGRO	analyst_targets_NYSE_A.txt
AGX	analyst_targets_NYSE_A.txt
AHR	analyst_targets_NYSE_A.txt
AHRT	analyst_targets_NYSE_A.txt
AI	analyst_targets_NYSE_A.txt
AIG	analyst_targets_NYSE_A.txt
AIN	analyst_targets_NYSE_A.txt
AIR.US	analyst_targets_NYSE_A.txt
AIT	analyst_targets_NYSE_A.txt
AIZ	analyst_targets_NYSE_A.txt
AJG	analyst_targets_NYSE_A.txt
AKA.US	analyst_targets_NYSE_A.txt
AKR	analyst_targets_NYSE_A.txt
ALB	analyst_targets_NYSE_A.txt
ALG	analyst_targets_NYSE_A.txt
ALH	analyst_targets_NYSE_A.txt
ALIT	analyst_targets_NYSE_A.txt
ALK	analyst_targets_NYSE_A.txt
ALL	analyst_targets_NYSE_A.txt
ALLE	analyst_targets_NYSE_A.txt
ALLY	analyst_targets_NYSE_A.txt
ALSN	analyst_targets_NYSE_A.txt
ALTG	analyst_targets_NYSE_A.txt
ALV	analyst_targets_NYSE_A.txt
ALX	analyst_targets_NYSE_A.txt
AM	analyst_targets_NYSE_A.txt
AMBP	analyst_targets_NYSE_A.txt
AMC	analyst_targets_NYSE_A.txt
AMCR	analyst_targets_NYSE_A.txt
AME	analyst_targets_NYSE_A.txt
AMG	analyst_targets_NYSE_A.txt
AMH	analyst_targets_NYSE_A.txt
AMN	analyst_targets_NYSE_A.txt
AMP.US	analyst_targets_NYSE_A.txt
AMPX	analyst_targets_NYSE_A.txt
AMPY	analyst_targets_NYSE_A.txt
AMR	analyst_targets_NYSE_A.txt
AMRC	analyst_targets_NYSE_A.txt
AMRX	analyst_targets_NYSE_A.txt
AMRZ	analyst_targets_NYSE_A.txt
AMT	analyst_targets_NYSE_A.txt
AMTB	analyst_targets_NYSE_A.txt
AMTM	analyst_targets_NYSE_A.txt
AMWL	analyst_targets_NYSE_A.txt
AMX	analyst_targets_NYSE_A.txt
AN	analyst_targets_NYSE_A.txt
ANDG	analyst_targets_NYSE_A.txt
ANET	analyst_targets_NYSE_A.txt
ANF	analyst_targets_NYSE_A.txt
ANGX	analyst_targets_NYSE_A.txt
ANVS	analyst_targets_NYSE_A.txt
AON	analyst_targets_NYSE_A.txt
AORT	analyst_targets_NYSE_A.txt
AOS	analyst_targets_NYSE_A.txt
APAM	analyst_targets_NYSE_A.txt
APD	analyst_targets_NYSE_A.txt
APG	analyst_targets_NYSE_A.txt
APH	analyst_targets_NYSE_A.txt
APLE	analyst_targets_NYSE_A.txt
APO	analyst_targets_NYSE_A.txt
APTV	analyst_targets_NYSE_A.txt
AQN	analyst_targets_NYSE_A.txt
AR.US	analyst_targets_NYSE_A.txt
ARCO	analyst_targets_NYSE_A.txt
ARE	analyst_targets_NYSE_A.txt
ARES	analyst_targets_NYSE_A.txt
ARI	analyst_targets_NYSE_A.txt
ARIS	analyst_targets_NYSE_A.txt
ARLO	analyst_targets_NYSE_A.txt
ARMK	analyst_targets_NYSE_A.txt
AROC	analyst_targets_NYSE_A.txt
ARW	analyst_targets_NYSE_A.txt
ARX	analyst_targets_NYSE_A.txt
AS	analyst_targets_NYSE_A.txt
ASAN	analyst_targets_NYSE_A.txt
ASB	analyst_targets_NYSE_A.txt
ASC	analyst_targets_NYSE_A.txt
ASH	analyst_targets_NYSE_A.txt
ASIX	analyst_targets_NYSE_A.txt
ASPN	analyst_targets_NYSE_A.txt
ASR	analyst_targets_NYSE_A.txt
ASX	analyst_targets_NYSE_A.txt
ATEN	analyst_targets_NYSE_A.txt
ATHM.CH	analyst_targets_NYSE_A.txt
ATI	analyst_targets_NYSE_A.txt
ATKR	analyst_targets_NYSE_A.txt
ATMU	analyst_targets_NYSE_A.txt
ATNM	analyst_targets_NYSE_A.txt
ATO	analyst_targets_NYSE_A.txt
ATR	analyst_targets_NYSE_A.txt
ATS	analyst_targets_NYSE_A.txt
AU	analyst_targets_NYSE_A.txt
AUB	analyst_targets_NYSE_A.txt
AVA	analyst_targets_NYSE_A.txt
AVEX	analyst_targets_NYSE_A.txt
AVNT.US	analyst_targets_NYSE_A.txt
AVTR	analyst_targets_NYSE_A.txt
AVY	analyst_targets_NYSE_A.txt
AWI	analyst_targets_NYSE_A.txt
AWK	analyst_targets_NYSE_A.txt
AWR	analyst_targets_NYSE_A.txt
AX	analyst_targets_NYSE_A.txt
AXP	analyst_targets_NYSE_A.txt
AXS.US	analyst_targets_NYSE_A.txt
AXTA	analyst_targets_NYSE_A.txt
AYI	analyst_targets_NYSE_A.txt
AZO	analyst_targets_NYSE_A.txt
AZZ	analyst_targets_NYSE_A.txt
B	analyst_targets_NYSE_B.txt
BA	analyst_targets_NYSE_B.txt
BABA	analyst_targets_NYSE_B.txt
BAC	analyst_targets_NYSE_B.txt
BAH	analyst_targets_NYSE_B.txt
BALL	analyst_targets_NYSE_B.txt
BAM	analyst_targets_NYSE_B.txt
BANC	analyst_targets_NYSE_B.txt
BAP	analyst_targets_NYSE_B.txt
BARK	analyst_targets_NYSE_B.txt
BAX	analyst_targets_NYSE_B.txt
BB	analyst_targets_NYSE_B.txt
BBAI	analyst_targets_NYSE_B.txt
BBAR	analyst_targets_NYSE_B.txt
BBDC	analyst_targets_NYSE_B.txt
BBT	analyst_targets_NYSE_B.txt
BBUC	analyst_targets_NYSE_B.txt
BBVA.US	analyst_targets_NYSE_B.txt
BBW	analyst_targets_NYSE_B.txt
BBWI	analyst_targets_NYSE_B.txt
BBY	analyst_targets_NYSE_B.txt
BC	analyst_targets_NYSE_B.txt
BCC	analyst_targets_NYSE_B.txt
BCE	analyst_targets_NYSE_B.txt
BCH.US	analyst_targets_NYSE_B.txt
BCO	analyst_targets_NYSE_B.txt
BCS	analyst_targets_NYSE_B.txt
BCSF	analyst_targets_NYSE_B.txt
BDC	analyst_targets_NYSE_B.txt
BDN	analyst_targets_NYSE_B.txt
BDX	analyst_targets_NYSE_B.txt
BE	analyst_targets_NYSE_B.txt
BEKE	analyst_targets_NYSE_B.txt
BEN	analyst_targets_NYSE_B.txt
BEPC	analyst_targets_NYSE_B.txt
BETA	analyst_targets_NYSE_B.txt
BF-B	analyst_targets_NYSE_B.txt
BF.A	analyst_targets_NYSE_B.txt
BFAM	analyst_targets_NYSE_B.txt
BFH	analyst_targets_NYSE_B.txt
BFLY	analyst_targets_NYSE_B.txt
BG	analyst_targets_NYSE_B.txt
BGS	analyst_targets_NYSE_B.txt
BHB	analyst_targets_NYSE_B.txt
BHC	analyst_targets_NYSE_B.txt
BHE	analyst_targets_NYSE_B.txt
BHP	analyst_targets_NYSE_B.txt
BHVN	analyst_targets_NYSE_B.txt
BILL	analyst_targets_NYSE_B.txt
BIO.US	analyst_targets_NYSE_B.txt
BIP	analyst_targets_NYSE_B.txt
BIPC	analyst_targets_NYSE_B.txt
BIRK	analyst_targets_NYSE_B.txt
BJ	analyst_targets_NYSE_B.txt
BKD	analyst_targets_NYSE_B.txt
BKE	analyst_targets_NYSE_B.txt
BKH	analyst_targets_NYSE_B.txt
BKR	analyst_targets_NYSE_B.txt
BKSY	analyst_targets_NYSE_B.txt
BKTI	analyst_targets_NYSE_B.txt
BKU	analyst_targets_NYSE_B.txt
BKV	analyst_targets_NYSE_B.txt
BLCO	analyst_targets_NYSE_B.txt
BLDR	analyst_targets_NYSE_B.txt
BLK	analyst_targets_NYSE_B.txt
BLND.US	analyst_targets_NYSE_B.txt
BLSH	analyst_targets_NYSE_B.txt
BMA	analyst_targets_NYSE_B.txt
BMI	analyst_targets_NYSE_B.txt
BMNR	analyst_targets_NYSE_B.txt
BMO	analyst_targets_NYSE_B.txt
BMY	analyst_targets_NYSE_B.txt
BN.US	analyst_targets_NYSE_B.txt
BNL	analyst_targets_NYSE_B.txt
BNS	analyst_targets_NYSE_B.txt
BNY	analyst_targets_NYSE_B.txt
BOBS	analyst_targets_NYSE_B.txt
BOH	analyst_targets_NYSE_B.txt
BOOT	analyst_targets_NYSE_B.txt
BORR	analyst_targets_NYSE_B.txt
BOX	analyst_targets_NYSE_B.txt
BP.US	analyst_targets_NYSE_B.txt
BR	analyst_targets_NYSE_B.txt
BRBR	analyst_targets_NYSE_B.txt
BRC	analyst_targets_NYSE_B.txt
BRCC	analyst_targets_NYSE_B.txt
BRK.B	analyst_targets_NYSE_B.txt
BRO	analyst_targets_NYSE_B.txt
BROS	analyst_targets_NYSE_B.txt
BRSL	analyst_targets_NYSE_B.txt
BRSP	analyst_targets_NYSE_B.txt
BRT	analyst_targets_NYSE_B.txt
BRX	analyst_targets_NYSE_B.txt
BSAC	analyst_targets_NYSE_B.txt
BSBR	analyst_targets_NYSE_B.txt
BSM	analyst_targets_NYSE_B.txt
BSX.US	analyst_targets_NYSE_B.txt
BTG.US	analyst_targets_NYSE_B.txt
BTGO	analyst_targets_NYSE_B.txt
BTU	analyst_targets_NYSE_B.txt
BUD	analyst_targets_NYSE_B.txt
BUR	analyst_targets_NYSE_B.txt
BURL	analyst_targets_NYSE_B.txt
BV.US	analyst_targets_NYSE_B.txt
BVN	analyst_targets_NYSE_B.txt
BW	analyst_targets_NYSE_B.txt
BWA	analyst_targets_NYSE_B.txt
BWXT	analyst_targets_NYSE_B.txt
BX	analyst_targets_NYSE_B.txt
BXC	analyst_targets_NYSE_B.txt
BXDC	analyst_targets_NYSE_B.txt
BXMT	analyst_targets_NYSE_B.txt
BXP	analyst_targets_NYSE_B.txt
BXSL	analyst_targets_NYSE_B.txt
BY	analyst_targets_NYSE_B.txt
BYD	analyst_targets_NYSE_B.txt
BZH	analyst_targets_NYSE_B.txt
C	analyst_targets_NYSE_C1.txt
CAAP	analyst_targets_NYSE_C1.txt
CABO	analyst_targets_NYSE_C1.txt
CACI	analyst_targets_NYSE_C1.txt
CAG	analyst_targets_NYSE_C1.txt
CAH	analyst_targets_NYSE_C1.txt
CALX.US	analyst_targets_NYSE_C1.txt
CALY	analyst_targets_NYSE_C1.txt
CANG	analyst_targets_NYSE_C1.txt
CARR	analyst_targets_NYSE_C1.txt
CARS	analyst_targets_NYSE_C1.txt
CAT	analyst_targets_NYSE_C1.txt
CAVA	analyst_targets_NYSE_C1.txt
CB	analyst_targets_NYSE_C1.txt
CBL.US	analyst_targets_NYSE_C1.txt
CBRE	analyst_targets_NYSE_C1.txt
CBT	analyst_targets_NYSE_C1.txt
CBU	analyst_targets_NYSE_C1.txt
CBZ	analyst_targets_NYSE_C1.txt
CC.US	analyst_targets_NYSE_C1.txt
CCEP	analyst_targets_NYSE_C1.txt
CCI	analyst_targets_NYSE_C1.txt
CCJ	analyst_targets_NYSE_C1.txt
CCK	analyst_targets_NYSE_C1.txt
CCL	analyst_targets_NYSE_C1.txt
CCU	analyst_targets_NYSE_C1.txt
CDE	analyst_targets_NYSE_C1.txt
CDP	analyst_targets_NYSE_C1.txt
CDRE	analyst_targets_NYSE_C1.txt
CE	analyst_targets_NYSE_C1.txt
CF	analyst_targets_NYSE_C1.txt
CFG	analyst_targets_NYSE_C1.txt
CFR	analyst_targets_NYSE_C1.txt
CGAU	analyst_targets_NYSE_C1.txt
CHCT	analyst_targets_NYSE_C1.txt
CHD	analyst_targets_NYSE_C1.txt
CHE	analyst_targets_NYSE_C1.txt
CHH	analyst_targets_NYSE_C1.txt
CHPT	analyst_targets_NYSE_C1.txt
CHWY	analyst_targets_NYSE_C1.txt
CI	analyst_targets_NYSE_C1.txt
CIB	analyst_targets_NYSE_C1.txt
CIEN	analyst_targets_NYSE_C1.txt
CIM	analyst_targets_NYSE_C1.txt
CINT	analyst_targets_NYSE_C1.txt
CL	analyst_targets_NYSE_C1.txt
CLB	analyst_targets_NYSE_C1.txt
CLF.US	analyst_targets_NYSE_C1.txt
CLH	analyst_targets_NYSE_C1.txt
CLS	analyst_targets_NYSE_C1.txt
CLVT	analyst_targets_NYSE_C1.txt
CLW	analyst_targets_NYSE_C1.txt
CLX	analyst_targets_NYSE_C1.txt
CM	analyst_targets_NYSE_C1.txt
CMC	analyst_targets_NYSE_C1.txt
CMCL	analyst_targets_NYSE_C1.txt
CMG	analyst_targets_NYSE_C1.txt
CMI	analyst_targets_NYSE_C1.txt
CMP	analyst_targets_NYSE_C1.txt
CMS	analyst_targets_NYSE_C1.txt
CMT	analyst_targets_NYSE_C1.txt
CMTG	analyst_targets_NYSE_C1.txt
CNA	analyst_targets_NYSE_C1.txt
CNC	analyst_targets_NYSE_C1.txt
CNH.US	analyst_targets_NYSE_C1.txt
CNI	analyst_targets_NYSE_C1.txt
CNK	analyst_targets_NYSE_C1.txt
CNM	analyst_targets_NYSE_C1.txt
CNMD	analyst_targets_NYSE_C1.txt
CNNE	analyst_targets_NYSE_C1.txt
CNO	analyst_targets_NYSE_C1.txt
CNP	analyst_targets_NYSE_C2.txt
CNQ	analyst_targets_NYSE_C2.txt
CNR	analyst_targets_NYSE_C2.txt
CNS	analyst_targets_NYSE_C2.txt
CNX	analyst_targets_NYSE_C2.txt
CODI	analyst_targets_NYSE_C2.txt
COF	analyst_targets_NYSE_C2.txt
COHR	analyst_targets_NYSE_C2.txt
COLD	analyst_targets_NYSE_C2.txt
COMP.US	analyst_targets_NYSE_C2.txt
CON.US	analyst_targets_NYSE_C2.txt
COOK	analyst_targets_NYSE_C2.txt
COP	analyst_targets_NYSE_C2.txt
COR	analyst_targets_NYSE_C2.txt
COTY	analyst_targets_NYSE_C2.txt
COUR	analyst_targets_NYSE_C2.txt
CP	analyst_targets_NYSE_C2.txt
CPA	analyst_targets_NYSE_C2.txt
CPAY	analyst_targets_NYSE_C2.txt
CPF	analyst_targets_NYSE_C2.txt
CPK	analyst_targets_NYSE_C2.txt
CPNG	analyst_targets_NYSE_C2.txt
CPRI	analyst_targets_NYSE_C2.txt
CPS	analyst_targets_NYSE_C2.txt
CPT	analyst_targets_NYSE_C2.txt
CQP	analyst_targets_NYSE_C2.txt
CR	analyst_targets_NYSE_C2.txt
CRBG	analyst_targets_NYSE_C2.txt
CRC	analyst_targets_NYSE_C2.txt
CRCL	analyst_targets_NYSE_C2.txt
CRD.A	analyst_targets_NYSE_C2.txt
CRGY	analyst_targets_NYSE_C2.txt
CRH	analyst_targets_NYSE_C2.txt
CRI	analyst_targets_NYSE_C2.txt
CRK	analyst_targets_NYSE_C2.txt
CRL	analyst_targets_NYSE_C2.txt
CRM	analyst_targets_NYSE_C2.txt
CRS	analyst_targets_NYSE_C2.txt
CSL	analyst_targets_NYSE_C2.txt
CSQR	analyst_targets_NYSE_C2.txt
CSR	analyst_targets_NYSE_C2.txt
CSTM	analyst_targets_NYSE_C2.txt
CSV	analyst_targets_NYSE_C2.txt
CSW	analyst_targets_NYSE_C2.txt
CTEV	analyst_targets_NYSE_C2.txt
CTGO	analyst_targets_NYSE_C2.txt
CTO	analyst_targets_NYSE_C2.txt
CTOS	analyst_targets_NYSE_C2.txt
CTRE	analyst_targets_NYSE_C2.txt
CTRI	analyst_targets_NYSE_C2.txt
CTVA	analyst_targets_NYSE_C2.txt
CUBE	analyst_targets_NYSE_C2.txt
CUBI	analyst_targets_NYSE_C2.txt
CURB	analyst_targets_NYSE_C2.txt
CURV	analyst_targets_NYSE_C2.txt
CUZ	analyst_targets_NYSE_C2.txt
CVE	analyst_targets_NYSE_C2.txt
CVEO	analyst_targets_NYSE_C2.txt
CVI.US	analyst_targets_NYSE_C2.txt
CVLG	analyst_targets_NYSE_C2.txt
CVNA	analyst_targets_NYSE_C2.txt
CVS	analyst_targets_NYSE_C2.txt
CVSA	analyst_targets_NYSE_C2.txt
CVX.US	analyst_targets_NYSE_C2.txt
CW	analyst_targets_NYSE_C2.txt
CWEN	analyst_targets_NYSE_C2.txt
CWH	analyst_targets_NYSE_C2.txt
CWK.US	analyst_targets_NYSE_C2.txt
CWT	analyst_targets_NYSE_C2.txt
CX	analyst_targets_NYSE_C2.txt
CXM	analyst_targets_NYSE_C2.txt
CXT	analyst_targets_NYSE_C2.txt
CXW	analyst_targets_NYSE_C2.txt
CYD	analyst_targets_NYSE_C2.txt
CYH	analyst_targets_NYSE_C2.txt
D	analyst_targets_NYSE_D.txt
DAC	analyst_targets_NYSE_D.txt
DAL	analyst_targets_NYSE_D.txt
DAN	analyst_targets_NYSE_D.txt
DAR	analyst_targets_NYSE_D.txt
DAVA	analyst_targets_NYSE_D.txt
DB	analyst_targets_NYSE_D.txt
DBD	analyst_targets_NYSE_D.txt
DBI	analyst_targets_NYSE_D.txt
DCH.US	analyst_targets_NYSE_D.txt
DCI	analyst_targets_NYSE_D.txt
DCO	analyst_targets_NYSE_D.txt
DCOM	analyst_targets_NYSE_D.txt
DD	analyst_targets_NYSE_D.txt
DDS	analyst_targets_NYSE_D.txt
DE	analyst_targets_NYSE_D.txt
DEA	analyst_targets_NYSE_D.txt
DECK	analyst_targets_NYSE_D.txt
DEI	analyst_targets_NYSE_D.txt
DELL	analyst_targets_NYSE_D.txt
DEO	analyst_targets_NYSE_D.txt
DFIN	analyst_targets_NYSE_D.txt
DG.US	analyst_targets_NYSE_D.txt
DGX	analyst_targets_NYSE_D.txt
DHI	analyst_targets_NYSE_D.txt
DHR	analyst_targets_NYSE_D.txt
DHT	analyst_targets_NYSE_D.txt
DIN	analyst_targets_NYSE_D.txt
DINO	analyst_targets_NYSE_D.txt
DIS	analyst_targets_NYSE_D.txt
DK	analyst_targets_NYSE_D.txt
DKL	analyst_targets_NYSE_D.txt
DKS	analyst_targets_NYSE_D.txt
DLB	analyst_targets_NYSE_D.txt
DLR	analyst_targets_NYSE_D.txt
DNA	analyst_targets_NYSE_D.txt
DNN	analyst_targets_NYSE_D.txt
DNOW	analyst_targets_NYSE_D.txt
DOC	analyst_targets_NYSE_D.txt
DOCN	analyst_targets_NYSE_D.txt
DOCS	analyst_targets_NYSE_D.txt
DOLE	analyst_targets_NYSE_D.txt
DOV	analyst_targets_NYSE_D.txt
DOW	analyst_targets_NYSE_D.txt
DQ	analyst_targets_NYSE_D.txt
DRD	analyst_targets_NYSE_D.txt
DRI	analyst_targets_NYSE_D.txt
DT	analyst_targets_NYSE_D.txt
DTE	analyst_targets_NYSE_D.txt
DTM	analyst_targets_NYSE_D.txt
DUK	analyst_targets_NYSE_D.txt
DV	analyst_targets_NYSE_D.txt
DVA	analyst_targets_NYSE_D.txt
DVN	analyst_targets_NYSE_D.txt
DX	analyst_targets_NYSE_D.txt
DXC	analyst_targets_NYSE_D.txt
DY	analyst_targets_NYSE_D.txt
E	analyst_targets_NYSE_E.txt
EAF	analyst_targets_NYSE_E.txt
EAT	analyst_targets_NYSE_E.txt
EBS	analyst_targets_NYSE_E.txt
EC	analyst_targets_NYSE_E.txt
ECG	analyst_targets_NYSE_E.txt
ECL	analyst_targets_NYSE_E.txt
ECVT	analyst_targets_NYSE_E.txt
ED	analyst_targets_NYSE_E.txt
EDU	analyst_targets_NYSE_E.txt
EE	analyst_targets_NYSE_E.txt
EFC	analyst_targets_NYSE_E.txt
EFOR	analyst_targets_NYSE_E.txt
EFX	analyst_targets_NYSE_E.txt
EFXT	analyst_targets_NYSE_E.txt
EG	analyst_targets_NYSE_E.txt
EGHT	analyst_targets_NYSE_E.txt
EGO	analyst_targets_NYSE_E.txt
EGP.US	analyst_targets_NYSE_E.txt
EGY	analyst_targets_NYSE_E.txt
EHC	analyst_targets_NYSE_E.txt
EIG	analyst_targets_NYSE_E.txt
EIX	analyst_targets_NYSE_E.txt
EL	analyst_targets_NYSE_E.txt
ELAN	analyst_targets_NYSE_E.txt
ELF	analyst_targets_NYSE_E.txt
ELS	analyst_targets_NYSE_E.txt
ELV	analyst_targets_NYSE_E.txt
EMA	analyst_targets_NYSE_E.txt
EMBJ	analyst_targets_NYSE_E.txt
EME	analyst_targets_NYSE_E.txt
EMN	analyst_targets_NYSE_E.txt
EMR	analyst_targets_NYSE_E.txt
ENB	analyst_targets_NYSE_E.txt
ENIC	analyst_targets_NYSE_E.txt
ENOV	analyst_targets_NYSE_E.txt
ENR	analyst_targets_NYSE_E.txt
ENS.US	analyst_targets_NYSE_E.txt
ENVA	analyst_targets_NYSE_E.txt
EOG	analyst_targets_NYSE_E.txt
EPAC	analyst_targets_NYSE_E.txt
EPAM	analyst_targets_NYSE_E.txt
EPC	analyst_targets_NYSE_E.txt
EPD	analyst_targets_NYSE_E.txt
EPM	analyst_targets_NYSE_E.txt
EPR	analyst_targets_NYSE_E.txt
EPRT	analyst_targets_NYSE_E.txt
EQBK	analyst_targets_NYSE_E.txt
EQH	analyst_targets_NYSE_E.txt
EQNR	analyst_targets_NYSE_E.txt
EQT	analyst_targets_NYSE_E.txt
EQX	analyst_targets_NYSE_E.txt
ERO	analyst_targets_NYSE_E.txt
EROC	analyst_targets_NYSE_E.txt
EROK	analyst_targets_NYSE_E.txt
ES	analyst_targets_NYSE_E.txt
ESAB	analyst_targets_NYSE_E.txt
ESE	analyst_targets_NYSE_E.txt
ESI	analyst_targets_NYSE_E.txt
ESNT	analyst_targets_NYSE_E.txt
ESRT	analyst_targets_NYSE_E.txt
ESS	analyst_targets_NYSE_E.txt
ESTC	analyst_targets_NYSE_E.txt
ET	analyst_targets_NYSE_E.txt
ETD	analyst_targets_NYSE_E.txt
ETN	analyst_targets_NYSE_E.txt
ETR	analyst_targets_NYSE_E.txt
ETSY	analyst_targets_NYSE_E.txt
EVEX	analyst_targets_NYSE_E.txt
EVH	analyst_targets_NYSE_E.txt
EVR	analyst_targets_NYSE_E.txt
EVRG	analyst_targets_NYSE_E.txt
EVTC	analyst_targets_NYSE_E.txt
EW	analyst_targets_NYSE_E.txt
EXE	analyst_targets_NYSE_E.txt
EXK	analyst_targets_NYSE_E.txt
EXP	analyst_targets_NYSE_E.txt
EXPD	analyst_targets_NYSE_E.txt
EXR	analyst_targets_NYSE_E.txt
F	analyst_targets_NYSE_F.txt
FAF	analyst_targets_NYSE_F.txt
FBIN	analyst_targets_NYSE_F.txt
FBK	analyst_targets_NYSE_F.txt
FBP	analyst_targets_NYSE_F.txt
FBRT	analyst_targets_NYSE_F.txt
FC	analyst_targets_NYSE_F.txt
FCF	analyst_targets_NYSE_F.txt
FCN	analyst_targets_NYSE_F.txt
FCPT	analyst_targets_NYSE_F.txt
FCX	analyst_targets_NYSE_F.txt
FDS	analyst_targets_NYSE_F.txt
FDX	analyst_targets_NYSE_F.txt
FE	analyst_targets_NYSE_F.txt
FG	analyst_targets_NYSE_F.txt
FHI	analyst_targets_NYSE_F.txt
FHN	analyst_targets_NYSE_F.txt
FICO	analyst_targets_NYSE_F.txt
FIG	analyst_targets_NYSE_F.txt
FIGS	analyst_targets_NYSE_F.txt
FINV	analyst_targets_NYSE_F.txt
FIS.US	analyst_targets_NYSE_F.txt
FITB	analyst_targets_NYSE_F.txt
FIX	analyst_targets_NYSE_F.txt
FLG	analyst_targets_NYSE_F.txt
FLO	analyst_targets_NYSE_F.txt
FLR.US	analyst_targets_NYSE_F.txt
FLS	analyst_targets_NYSE_F.txt
FMC	analyst_targets_NYSE_F.txt
FMS	analyst_targets_NYSE_F.txt
FMX	analyst_targets_NYSE_F.txt
FN	analyst_targets_NYSE_F.txt
FNB	analyst_targets_NYSE_F.txt
FND	analyst_targets_NYSE_F.txt
FNF	analyst_targets_NYSE_F.txt
FNV	analyst_targets_NYSE_F.txt
FOUR	analyst_targets_NYSE_F.txt
FPI	analyst_targets_NYSE_F.txt
FPS	analyst_targets_NYSE_F.txt
FR.US	analyst_targets_NYSE_F.txt
FRO	analyst_targets_NYSE_F.txt
FRT	analyst_targets_NYSE_F.txt
FSK	analyst_targets_NYSE_F.txt
FSM	analyst_targets_NYSE_F.txt
FSS	analyst_targets_NYSE_F.txt
FTAI	analyst_targets_NYSE_F.txt
FTI	analyst_targets_NYSE_F.txt
FTRE	analyst_targets_NYSE_F.txt
FTS	analyst_targets_NYSE_F.txt
FTV	analyst_targets_NYSE_F.txt
FUBO	analyst_targets_NYSE_F.txt
FUL	analyst_targets_NYSE_F.txt
FUN.US	analyst_targets_NYSE_F.txt
FVRR	analyst_targets_NYSE_F.txt
G.US	analyst_targets_NYSE_G.txt
GAP	analyst_targets_NYSE_G.txt
GATX	analyst_targets_NYSE_G.txt
GBCI	analyst_targets_NYSE_G.txt
GBX.US	analyst_targets_NYSE_G.txt
GCO	analyst_targets_NYSE_G.txt
GD	analyst_targets_NYSE_G.txt
GDDY	analyst_targets_NYSE_G.txt
GE	analyst_targets_NYSE_G.txt
GEF	analyst_targets_NYSE_G.txt
GEL	analyst_targets_NYSE_G.txt
GENI	analyst_targets_NYSE_G.txt
GEO	analyst_targets_NYSE_G.txt
GETY	analyst_targets_NYSE_G.txt
GEV	analyst_targets_NYSE_G.txt
GFF	analyst_targets_NYSE_G.txt
GFI.US	analyst_targets_NYSE_G.txt
GFL	analyst_targets_NYSE_G.txt
GFR	analyst_targets_NYSE_G.txt
GGB	analyst_targets_NYSE_G.txt
GGG	analyst_targets_NYSE_G.txt
GHM	analyst_targets_NYSE_G.txt
GIB	analyst_targets_NYSE_G.txt
GIL	analyst_targets_NYSE_G.txt
GIS	analyst_targets_NYSE_G.txt
GKOS	analyst_targets_NYSE_G.txt
GL	analyst_targets_NYSE_G.txt
GLOB	analyst_targets_NYSE_G.txt
GLW	analyst_targets_NYSE_G.txt
GM	analyst_targets_NYSE_G.txt
GMED	analyst_targets_NYSE_G.txt
GMRS	analyst_targets_NYSE_G.txt
GNE	analyst_targets_NYSE_G.txt
GNK.US	analyst_targets_NYSE_G.txt
GNL	analyst_targets_NYSE_G.txt
GNRC	analyst_targets_NYSE_G.txt
GNW	analyst_targets_NYSE_G.txt
GOLD.US	analyst_targets_NYSE_G.txt
GOLF	analyst_targets_NYSE_G.txt
GOOS	analyst_targets_NYSE_G.txt
GPC	analyst_targets_NYSE_G.txt
GPI	analyst_targets_NYSE_G.txt
GPK	analyst_targets_NYSE_G.txt
GPMT	analyst_targets_NYSE_G.txt
GPN	analyst_targets_NYSE_G.txt
GPOR	analyst_targets_NYSE_G.txt
GRDN	analyst_targets_NYSE_G.txt
GRND	analyst_targets_NYSE_G.txt
GRNT	analyst_targets_NYSE_G.txt
GROY	analyst_targets_NYSE_G.txt
GS	analyst_targets_NYSE_G.txt
GSBD	analyst_targets_NYSE_G.txt
GSK	analyst_targets_NYSE_G.txt
GSL	analyst_targets_NYSE_G.txt
GTES	analyst_targets_NYSE_G.txt
GTN	analyst_targets_NYSE_G.txt
GTY	analyst_targets_NYSE_G.txt
GVA	analyst_targets_NYSE_G.txt
GWRE	analyst_targets_NYSE_G.txt
GWW	analyst_targets_NYSE_G.txt
GXO	analyst_targets_NYSE_G.txt
H.US	analyst_targets_NYSE_H.txt
HAE	analyst_targets_NYSE_H.txt
HAFN	analyst_targets_NYSE_H.txt
HAL	analyst_targets_NYSE_H.txt
HASI	analyst_targets_NYSE_H.txt
HAWK	analyst_targets_NYSE_H.txt
HAYW	analyst_targets_NYSE_H.txt
HBM	analyst_targets_NYSE_H.txt
HCA	analyst_targets_NYSE_H.txt
HCC	analyst_targets_NYSE_H.txt
HCI	analyst_targets_NYSE_H.txt
HD	analyst_targets_NYSE_H.txt
HE	analyst_targets_NYSE_H.txt
HEI	analyst_targets_NYSE_H.txt
HEI.A	analyst_targets_NYSE_H.txt
HESM	analyst_targets_NYSE_H.txt
HG	analyst_targets_NYSE_H.txt
HGTY	analyst_targets_NYSE_H.txt
HGV	analyst_targets_NYSE_H.txt
HHH	analyst_targets_NYSE_H.txt
HIG	analyst_targets_NYSE_H.txt
HII	analyst_targets_NYSE_H.txt
HIMS	analyst_targets_NYSE_H.txt
HIPO	analyst_targets_NYSE_H.txt
HIW	analyst_targets_NYSE_H.txt
HL	analyst_targets_NYSE_H.txt
HLF	analyst_targets_NYSE_H.txt
HLI	analyst_targets_NYSE_H.txt
HLIO	analyst_targets_NYSE_H.txt
HLLY	analyst_targets_NYSE_H.txt
HLN	analyst_targets_NYSE_H.txt
HLT	analyst_targets_NYSE_H.txt
HMN	analyst_targets_NYSE_H.txt
HNGE	analyst_targets_NYSE_H.txt
HOG	analyst_targets_NYSE_H.txt
HOMB	analyst_targets_NYSE_H.txt
HP	analyst_targets_NYSE_H.txt
HPE	analyst_targets_NYSE_H.txt
HPP	analyst_targets_NYSE_H.txt
HPQ	analyst_targets_NYSE_H.txt
HR	analyst_targets_NYSE_H.txt
HRB	analyst_targets_NYSE_H.txt
HRI	analyst_targets_NYSE_H.txt
HRL	analyst_targets_NYSE_H.txt
HRTG	analyst_targets_NYSE_H.txt
HSY	analyst_targets_NYSE_H.txt
HTB	analyst_targets_NYSE_H.txt
HTGC	analyst_targets_NYSE_H.txt
HTH	analyst_targets_NYSE_H.txt
HTZ	analyst_targets_NYSE_H.txt
HUBB	analyst_targets_NYSE_H.txt
HUBS	analyst_targets_NYSE_H.txt
HUM	analyst_targets_NYSE_H.txt
HUN	analyst_targets_NYSE_H.txt
HUYA.US	analyst_targets_NYSE_H.txt
HWM	analyst_targets_NYSE_H.txt
HXL	analyst_targets_NYSE_H.txt
HY	analyst_targets_NYSE_H.txt
HYLN	analyst_targets_NYSE_H.txt
HZO	analyst_targets_NYSE_H.txt
IAG.US	analyst_targets_NYSE_I.txt
IBM	analyst_targets_NYSE_I.txt
IBP	analyst_targets_NYSE_I.txt
IBTA	analyst_targets_NYSE_I.txt
ICE	analyst_targets_NYSE_I.txt
ICL	analyst_targets_NYSE_I.txt
IDA	analyst_targets_NYSE_I.txt
IDR.US	analyst_targets_NYSE_I.txt
IE	analyst_targets_NYSE_I.txt
IEX	analyst_targets_NYSE_I.txt
IFF	analyst_targets_NYSE_I.txt
IFS	analyst_targets_NYSE_I.txt
IHG	analyst_targets_NYSE_I.txt
IIPR	analyst_targets_NYSE_I.txt
IMAX	analyst_targets_NYSE_I.txt
IMO	analyst_targets_NYSE_I.txt
INFQ	analyst_targets_NYSE_I.txt
INFY	analyst_targets_NYSE_I.txt
INGM	analyst_targets_NYSE_I.txt
INGR	analyst_targets_NYSE_I.txt
INN	analyst_targets_NYSE_I.txt
INSP	analyst_targets_NYSE_I.txt
INSW	analyst_targets_NYSE_I.txt
INTT	analyst_targets_NYSE_I.txt
INVH	analyst_targets_NYSE_I.txt
INVX	analyst_targets_NYSE_I.txt
IONQ	analyst_targets_NYSE_I.txt
IOT	analyst_targets_NYSE_I.txt
IP.US	analyst_targets_NYSE_I.txt
IPI	analyst_targets_NYSE_I.txt
IQV	analyst_targets_NYSE_I.txt
IR	analyst_targets_NYSE_I.txt
IRM	analyst_targets_NYSE_I.txt
IRT	analyst_targets_NYSE_I.txt
IT	analyst_targets_NYSE_I.txt
ITGR	analyst_targets_NYSE_I.txt
ITT	analyst_targets_NYSE_I.txt
ITUB	analyst_targets_NYSE_I.txt
ITW	analyst_targets_NYSE_I.txt
IVR	analyst_targets_NYSE_I.txt
IVT	analyst_targets_NYSE_I.txt
IVZ.US	analyst_targets_NYSE_I.txt
J	analyst_targets_NYSE_J.txt
JBGS	analyst_targets_NYSE_J.txt
JBI	analyst_targets_NYSE_J.txt
JBL	analyst_targets_NYSE_J.txt
JBS	analyst_targets_NYSE_J.txt
JBTM	analyst_targets_NYSE_J.txt
JCI	analyst_targets_NYSE_J.txt
JEF	analyst_targets_NYSE_J.txt
JELD	analyst_targets_NYSE_J.txt
JHX	analyst_targets_NYSE_J.txt
JILL	analyst_targets_NYSE_J.txt
JKS	analyst_targets_NYSE_J.txt
JLL	analyst_targets_NYSE_J.txt
JMIA	analyst_targets_NYSE_J.txt
JMKE	analyst_targets_NYSE_J.txt
JNJ	analyst_targets_NYSE_J.txt
JOBY	analyst_targets_NYSE_J.txt
JPM	analyst_targets_NYSE_J.txt
JXN	analyst_targets_NYSE_J.txt
KAI	analyst_targets_NYSE_K.txt
KB	analyst_targets_NYSE_K.txt
KBH	analyst_targets_NYSE_K.txt
KBR	analyst_targets_NYSE_K.txt
KD	analyst_targets_NYSE_K.txt
KDK	analyst_targets_NYSE_K.txt
KEX	analyst_targets_NYSE_K.txt
KEY	analyst_targets_NYSE_K.txt
KEYS	analyst_targets_NYSE_K.txt
KFRC	analyst_targets_NYSE_K.txt
KFY	analyst_targets_NYSE_K.txt
KGC	analyst_targets_NYSE_K.txt
KGS.US	analyst_targets_NYSE_K.txt
KIM	analyst_targets_NYSE_K.txt
KKR	analyst_targets_NYSE_K.txt
KLAR	analyst_targets_NYSE_K.txt
KLC	analyst_targets_NYSE_K.txt
KMI	analyst_targets_NYSE_K.txt
KMPR	analyst_targets_NYSE_K.txt
KMT	analyst_targets_NYSE_K.txt
KMX	analyst_targets_NYSE_K.txt
KN	analyst_targets_NYSE_K.txt
KNF	analyst_targets_NYSE_K.txt
KNOP	analyst_targets_NYSE_K.txt
KNTK	analyst_targets_NYSE_K.txt
KNX	analyst_targets_NYSE_K.txt
KO	analyst_targets_NYSE_K.txt
KOF	analyst_targets_NYSE_K.txt
KOP	analyst_targets_NYSE_K.txt
KOS	analyst_targets_NYSE_K.txt
KR	analyst_targets_NYSE_K.txt
KRC	analyst_targets_NYSE_K.txt
KREF	analyst_targets_NYSE_K.txt
KRG	analyst_targets_NYSE_K.txt
KRMN	analyst_targets_NYSE_K.txt
KRO	analyst_targets_NYSE_K.txt
KSS	analyst_targets_NYSE_K.txt
KTB	analyst_targets_NYSE_K.txt
KVUE	analyst_targets_NYSE_K.txt
KVYO	analyst_targets_NYSE_K.txt
KWR	analyst_targets_NYSE_K.txt
LAC	analyst_targets_NYSE_L.txt
LAD	analyst_targets_NYSE_L.txt
LADR	analyst_targets_NYSE_L.txt
LAR	analyst_targets_NYSE_L.txt
LAW	analyst_targets_NYSE_L.txt
LAZ	analyst_targets_NYSE_L.txt
LB	analyst_targets_NYSE_L.txt
LBRT	analyst_targets_NYSE_L.txt
LCII	analyst_targets_NYSE_L.txt
LCLN	analyst_targets_NYSE_L.txt
LCTX	analyst_targets_NYSE_L.txt
LDI	analyst_targets_NYSE_L.txt
LDOS	analyst_targets_NYSE_L.txt
LEA	analyst_targets_NYSE_L.txt
LEG	analyst_targets_NYSE_L.txt
LEN	analyst_targets_NYSE_L.txt
LEN.B	analyst_targets_NYSE_L.txt
LEU	analyst_targets_NYSE_L.txt
LEVI	analyst_targets_NYSE_L.txt
LH	analyst_targets_NYSE_L.txt
LHX	analyst_targets_NYSE_L.txt
LII	analyst_targets_NYSE_L.txt
LION	analyst_targets_NYSE_L.txt
LLY	analyst_targets_NYSE_L.txt
LMND	analyst_targets_NYSE_L.txt
LMT	analyst_targets_NYSE_L.txt
LNC	analyst_targets_NYSE_L.txt
LNG	analyst_targets_NYSE_L.txt
LNN	analyst_targets_NYSE_L.txt
LOAR	analyst_targets_NYSE_L.txt
LOMA	analyst_targets_NYSE_L.txt
LOW	analyst_targets_NYSE_L.txt
LPG	analyst_targets_NYSE_L.txt
LPX	analyst_targets_NYSE_L.txt
LRN	analyst_targets_NYSE_L.txt
LSPD	analyst_targets_NYSE_L.txt
LTC.US	analyst_targets_NYSE_L.txt
LTH	analyst_targets_NYSE_L.txt
LTM	analyst_targets_NYSE_L.txt
LU	analyst_targets_NYSE_L.txt
LUCK	analyst_targets_NYSE_L.txt
LUMN	analyst_targets_NYSE_L.txt
LUV	analyst_targets_NYSE_L.txt
LUXE	analyst_targets_NYSE_L.txt
LVS	analyst_targets_NYSE_L.txt
LW	analyst_targets_NYSE_L.txt
LXP	analyst_targets_NYSE_L.txt
LXU	analyst_targets_NYSE_L.txt
LYB	analyst_targets_NYSE_L.txt
LYV	analyst_targets_NYSE_L.txt
LZB	analyst_targets_NYSE_L.txt
LZM	analyst_targets_NYSE_L.txt
M.US	analyst_targets_NYSE_M1.txt
MA	analyst_targets_NYSE_M1.txt
MAA	analyst_targets_NYSE_M1.txt
MAC	analyst_targets_NYSE_M1.txt
MAGN	analyst_targets_NYSE_M1.txt
MAIN	analyst_targets_NYSE_M1.txt
MAIR	analyst_targets_NYSE_M1.txt
MAN	analyst_targets_NYSE_M1.txt
MANE	analyst_targets_NYSE_M1.txt
MANU	analyst_targets_NYSE_M1.txt
MAS	analyst_targets_NYSE_M1.txt
MATX	analyst_targets_NYSE_M1.txt
MAX	analyst_targets_NYSE_M1.txt
MBC	analyst_targets_NYSE_M1.txt
MBI	analyst_targets_NYSE_M1.txt
MC	analyst_targets_NYSE_M1.txt
MCB	analyst_targets_NYSE_M1.txt
MCD	analyst_targets_NYSE_M1.txt
MCK	analyst_targets_NYSE_M1.txt
MCO	analyst_targets_NYSE_M1.txt
MCS.US	analyst_targets_NYSE_M1.txt
MD	analyst_targets_NYSE_M1.txt
MDT.US	analyst_targets_NYSE_M1.txt
MDU	analyst_targets_NYSE_M1.txt
MEC	analyst_targets_NYSE_M1.txt
MED.US	analyst_targets_NYSE_M1.txt
MEI	analyst_targets_NYSE_M1.txt
MET.US	analyst_targets_NYSE_M1.txt
MFA	analyst_targets_NYSE_M1.txt
MFC	analyst_targets_NYSE_M1.txt
MGA	analyst_targets_NYSE_M1.txt
MGM	analyst_targets_NYSE_M1.txt
MGY	analyst_targets_NYSE_M1.txt
MH	analyst_targets_NYSE_M1.txt
MHK	analyst_targets_NYSE_M1.txt
MHO	analyst_targets_NYSE_M1.txt
MIAX	analyst_targets_NYSE_M1.txt
MICC.US	analyst_targets_NYSE_M1.txt
MIR.US	analyst_targets_NYSE_M1.txt
MKC	analyst_targets_NYSE_M1.txt
MKC/V	analyst_targets_NYSE_M1.txt
MKL	analyst_targets_NYSE_M1.txt
MLM	analyst_targets_NYSE_M1.txt
MLR	analyst_targets_NYSE_M1.txt
MMM	analyst_targets_NYSE_M2.txt
MMS	analyst_targets_NYSE_M2.txt
MNSO	analyst_targets_NYSE_M2.txt
MNTN	analyst_targets_NYSE_M2.txt
MO	analyst_targets_NYSE_M2.txt
MOD	analyst_targets_NYSE_M2.txt
MOG.A	analyst_targets_NYSE_M2.txt
MOH	analyst_targets_NYSE_M2.txt
MOS	analyst_targets_NYSE_M2.txt
MOV	analyst_targets_NYSE_M2.txt
MP	analyst_targets_NYSE_M2.txt
MPC	analyst_targets_NYSE_M2.txt
MPLX.US	analyst_targets_NYSE_M2.txt
MPT	analyst_targets_NYSE_M2.txt
MRK	analyst_targets_NYSE_M2.txt
MRP	analyst_targets_NYSE_M2.txt
MRSH	analyst_targets_NYSE_M2.txt
MS	analyst_targets_NYSE_M2.txt
MSA	analyst_targets_NYSE_M2.txt
MSCI	analyst_targets_NYSE_M2.txt
MSDL	analyst_targets_NYSE_M2.txt
MSGE	analyst_targets_NYSE_M2.txt
MSGS	analyst_targets_NYSE_M2.txt
MSI	analyst_targets_NYSE_M2.txt
MSM	analyst_targets_NYSE_M2.txt
MT.US	analyst_targets_NYSE_M2.txt
MTB	analyst_targets_NYSE_M2.txt
MTD	analyst_targets_NYSE_M2.txt
MTDR	analyst_targets_NYSE_M2.txt
MTG	analyst_targets_NYSE_M2.txt
MTH	analyst_targets_NYSE_M2.txt
MTN	analyst_targets_NYSE_M2.txt
MTRN	analyst_targets_NYSE_M2.txt
MTW	analyst_targets_NYSE_M2.txt
MTX	analyst_targets_NYSE_M2.txt
MTZ	analyst_targets_NYSE_M2.txt
MUFG	analyst_targets_NYSE_M2.txt
MUR	analyst_targets_NYSE_M2.txt
MUSA	analyst_targets_NYSE_M2.txt
MUX	analyst_targets_NYSE_M2.txt
MWA	analyst_targets_NYSE_M2.txt
MXL	analyst_targets_NYSE_M2.txt
MYE	analyst_targets_NYSE_M2.txt
MYO	analyst_targets_NYSE_M2.txt
NABL	analyst_targets_NYSE_N.txt
NAK	analyst_targets_NYSE_N.txt
NAT	analyst_targets_NYSE_N.txt
NATL	analyst_targets_NYSE_N.txt
NBHC	analyst_targets_NYSE_N.txt
NBR	analyst_targets_NYSE_N.txt
NCLH	analyst_targets_NYSE_N.txt
NE	analyst_targets_NYSE_N.txt
NEE	analyst_targets_NYSE_N.txt
NEM	analyst_targets_NYSE_N.txt
NET	analyst_targets_NYSE_N.txt
NEXA	analyst_targets_NYSE_N.txt
NFG	analyst_targets_NYSE_N.txt
NG.US	analyst_targets_NYSE_N.txt
NGS	analyst_targets_NYSE_N.txt
NGVC	analyst_targets_NYSE_N.txt
NGVT	analyst_targets_NYSE_N.txt
NHI	analyst_targets_NYSE_N.txt
NI	analyst_targets_NYSE_N.txt
NIC	analyst_targets_NYSE_N.txt
NIO	analyst_targets_NYSE_N.txt
NIQ	analyst_targets_NYSE_N.txt
NJR	analyst_targets_NYSE_N.txt
NKE	analyst_targets_NYSE_N.txt
NLY	analyst_targets_NYSE_N.txt
NMAX	analyst_targets_NYSE_N.txt
NMR.US	analyst_targets_NYSE_N.txt
NNI	analyst_targets_NYSE_N.txt
NNN	analyst_targets_NYSE_N.txt
NOAH	analyst_targets_NYSE_N.txt
NOC	analyst_targets_NYSE_N.txt
NOG	analyst_targets_NYSE_N.txt
NOK	analyst_targets_NYSE_N.txt
NOMD	analyst_targets_NYSE_N.txt
NOV	analyst_targets_NYSE_N.txt
NOW	analyst_targets_NYSE_N.txt
NP	analyst_targets_NYSE_N.txt
NPKI	analyst_targets_NYSE_N.txt
NPO	analyst_targets_NYSE_N.txt
NPWR	analyst_targets_NYSE_N.txt
NRDY	analyst_targets_NYSE_N.txt
NRG	analyst_targets_NYSE_N.txt
NRGV	analyst_targets_NYSE_N.txt
NSC	analyst_targets_NYSE_N.txt
NSP	analyst_targets_NYSE_N.txt
NTB	analyst_targets_NYSE_N.txt
NTR	analyst_targets_NYSE_N.txt
NTST	analyst_targets_NYSE_N.txt
NU	analyst_targets_NYSE_N.txt
NUE	analyst_targets_NYSE_N.txt
NUVB	analyst_targets_NYSE_N.txt
NVGS	analyst_targets_NYSE_N.txt
NVO	analyst_targets_NYSE_N.txt
NVR	analyst_targets_NYSE_N.txt
NVS	analyst_targets_NYSE_N.txt
NVST	analyst_targets_NYSE_N.txt
NVT	analyst_targets_NYSE_N.txt
NWG	analyst_targets_NYSE_N.txt
NWN	analyst_targets_NYSE_N.txt
NX	analyst_targets_NYSE_N.txt
NXDR	analyst_targets_NYSE_N.txt
NXE	analyst_targets_NYSE_N.txt
NXRT	analyst_targets_NYSE_N.txt
NYT	analyst_targets_NYSE_N.txt
O	analyst_targets_NYSE_O.txt
OBDC	analyst_targets_NYSE_O.txt
OBK	analyst_targets_NYSE_O.txt
OC	analyst_targets_NYSE_O.txt
OEC	analyst_targets_NYSE_O.txt
OFG	analyst_targets_NYSE_O.txt
OFRM	analyst_targets_NYSE_O.txt
OGE	analyst_targets_NYSE_O.txt
OGS	analyst_targets_NYSE_O.txt
OHI	analyst_targets_NYSE_O.txt
OI	analyst_targets_NYSE_O.txt
OII	analyst_targets_NYSE_O.txt
OIS	analyst_targets_NYSE_O.txt
OKE	analyst_targets_NYSE_O.txt
OKLO	analyst_targets_NYSE_O.txt
OLN	analyst_targets_NYSE_O.txt
OLP	analyst_targets_NYSE_O.txt
OMC	analyst_targets_NYSE_O.txt
OMF	analyst_targets_NYSE_O.txt
ONIT	analyst_targets_NYSE_O.txt
ONON	analyst_targets_NYSE_O.txt
ONT.US	analyst_targets_NYSE_O.txt
ONTO	analyst_targets_NYSE_O.txt
OOMA	analyst_targets_NYSE_O.txt
OPAD	analyst_targets_NYSE_O.txt
OPFI	analyst_targets_NYSE_O.txt
OPLN	analyst_targets_NYSE_O.txt
OPTU	analyst_targets_NYSE_O.txt
OR.US	analyst_targets_NYSE_O.txt
ORA.US	analyst_targets_NYSE_O.txt
ORCL	analyst_targets_NYSE_O.txt
ORI	analyst_targets_NYSE_O.txt
ORN	analyst_targets_NYSE_O.txt
OSCR	analyst_targets_NYSE_O.txt
OSG	analyst_targets_NYSE_O.txt
OSK	analyst_targets_NYSE_O.txt
OTF	analyst_targets_NYSE_O.txt
OTIS	analyst_targets_NYSE_O.txt
OUT	analyst_targets_NYSE_O.txt
OVV	analyst_targets_NYSE_O.txt
OWL	analyst_targets_NYSE_O.txt
OXM	analyst_targets_NYSE_O.txt
OXY	analyst_targets_NYSE_O.txt
P	analyst_targets_NYSE_P1.txt
PAC	analyst_targets_NYSE_P1.txt
PAG	analyst_targets_NYSE_P1.txt
PAGS	analyst_targets_NYSE_P1.txt
PAM	analyst_targets_NYSE_P1.txt
PANW	analyst_targets_NYSE_P1.txt
PAR	analyst_targets_NYSE_P1.txt
PARR	analyst_targets_NYSE_P1.txt
PATH	analyst_targets_NYSE_P1.txt
PAY.US	analyst_targets_NYSE_P1.txt
PAYC	analyst_targets_NYSE_P1.txt
PB	analyst_targets_NYSE_P1.txt
PBA	analyst_targets_NYSE_P1.txt
PBF	analyst_targets_NYSE_P1.txt
PBH	analyst_targets_NYSE_P1.txt
PBI	analyst_targets_NYSE_P1.txt
PBR	analyst_targets_NYSE_P1.txt
PBR.A	analyst_targets_NYSE_P1.txt
PCG	analyst_targets_NYSE_P1.txt
PCOR	analyst_targets_NYSE_P1.txt
PCRX	analyst_targets_NYSE_P1.txt
PD	analyst_targets_NYSE_P1.txt
PDM	analyst_targets_NYSE_P1.txt
PEB	analyst_targets_NYSE_P1.txt
PEG	analyst_targets_NYSE_P1.txt
PEN	analyst_targets_NYSE_P1.txt
PFE	analyst_targets_NYSE_P1.txt
PFGC	analyst_targets_NYSE_P1.txt
PFS	analyst_targets_NYSE_P1.txt
PFSI	analyst_targets_NYSE_P1.txt
PG	analyst_targets_NYSE_P1.txt
PGR	analyst_targets_NYSE_P1.txt
PH	analyst_targets_NYSE_P1.txt
PHIN	analyst_targets_NYSE_P1.txt
PHM	analyst_targets_NYSE_P1.txt
PHR	analyst_targets_NYSE_P1.txt
PII	analyst_targets_NYSE_P1.txt
PINE	analyst_targets_NYSE_P1.txt
PINS	analyst_targets_NYSE_P1.txt
PIPR	analyst_targets_NYSE_P1.txt
PJT	analyst_targets_NYSE_P2.txt
PK	analyst_targets_NYSE_P2.txt
PKE	analyst_targets_NYSE_P2.txt
PKG	analyst_targets_NYSE_P2.txt
PL	analyst_targets_NYSE_P2.txt
PLD	analyst_targets_NYSE_P2.txt
PLGO	analyst_targets_NYSE_P2.txt
PLNT	analyst_targets_NYSE_P2.txt
PLOW	analyst_targets_NYSE_P2.txt
PM	analyst_targets_NYSE_P2.txt
PMT	analyst_targets_NYSE_P2.txt
PNC	analyst_targets_NYSE_P2.txt
PNFP	analyst_targets_NYSE_P2.txt
PNR	analyst_targets_NYSE_P2.txt
PNW	analyst_targets_NYSE_P2.txt
POR	analyst_targets_NYSE_P2.txt
POST	analyst_targets_NYSE_P2.txt
PPG	analyst_targets_NYSE_P2.txt
PPL	analyst_targets_NYSE_P2.txt
PRG	analyst_targets_NYSE_P2.txt
PRGO	analyst_targets_NYSE_P2.txt
PRI	analyst_targets_NYSE_P2.txt
PRIM	analyst_targets_NYSE_P2.txt
PRK	analyst_targets_NYSE_P2.txt
PRKS	analyst_targets_NYSE_P2.txt
PRLB	analyst_targets_NYSE_P2.txt
PRM	analyst_targets_NYSE_P2.txt
PRMB	analyst_targets_NYSE_P2.txt
PRU	analyst_targets_NYSE_P2.txt
PS	analyst_targets_NYSE_P2.txt
PSA	analyst_targets_NYSE_P2.txt
PSFE	analyst_targets_NYSE_P2.txt
PSN.US	analyst_targets_NYSE_P2.txt
PSO	analyst_targets_NYSE_P2.txt
PSQH	analyst_targets_NYSE_P2.txt
PSTL	analyst_targets_NYSE_P2.txt
PSX	analyst_targets_NYSE_P2.txt
PUMP.US	analyst_targets_NYSE_P2.txt
PVH	analyst_targets_NYSE_P2.txt
PWR	analyst_targets_NYSE_P2.txt
PXED	analyst_targets_NYSE_P2.txt
Q	analyst_targets_NYSE_Q.txt
QSR	analyst_targets_NYSE_Q.txt
QTWO	analyst_targets_NYSE_Q.txt
QUAD.US	analyst_targets_NYSE_Q.txt
QXO	analyst_targets_NYSE_Q.txt
R	analyst_targets_NYSE_R.txt
RACE	analyst_targets_NYSE_R.txt
RAL	analyst_targets_NYSE_R.txt
RAMP	analyst_targets_NYSE_R.txt
RBA	analyst_targets_NYSE_R.txt
RBLX	analyst_targets_NYSE_R.txt
RBRK	analyst_targets_NYSE_R.txt
RC	analyst_targets_NYSE_R.txt
RCI	analyst_targets_NYSE_R.txt
RCL	analyst_targets_NYSE_R.txt
RCUS	analyst_targets_NYSE_R.txt
RDDT	analyst_targets_NYSE_R.txt
RDN	analyst_targets_NYSE_R.txt
RDW.US	analyst_targets_NYSE_R.txt
RDY	analyst_targets_NYSE_R.txt
REA	analyst_targets_NYSE_R.txt
REF	analyst_targets_NYSE_R.txt
REI	analyst_targets_NYSE_R.txt
REPX	analyst_targets_NYSE_R.txt
RES	analyst_targets_NYSE_R.txt
REXR	analyst_targets_NYSE_R.txt
REZI	analyst_targets_NYSE_R.txt
RF	analyst_targets_NYSE_R.txt
RGA	analyst_targets_NYSE_R.txt
RGR	analyst_targets_NYSE_R.txt
RH	analyst_targets_NYSE_R.txt
RHI	analyst_targets_NYSE_R.txt
RHP	analyst_targets_NYSE_R.txt
RIG	analyst_targets_NYSE_R.txt
RIO	analyst_targets_NYSE_R.txt
RITM	analyst_targets_NYSE_R.txt
RJF	analyst_targets_NYSE_R.txt
RKT	analyst_targets_NYSE_R.txt
RL	analyst_targets_NYSE_R.txt
RLGT	analyst_targets_NYSE_R.txt
RLI	analyst_targets_NYSE_R.txt
RLJ	analyst_targets_NYSE_R.txt
RM	analyst_targets_NYSE_R.txt
RMD	analyst_targets_NYSE_R.txt
RNG	analyst_targets_NYSE_R.txt
RNGR	analyst_targets_NYSE_R.txt
RNR	analyst_targets_NYSE_R.txt
RNST	analyst_targets_NYSE_R.txt
ROG	analyst_targets_NYSE_R.txt
ROK	analyst_targets_NYSE_R.txt
ROL	analyst_targets_NYSE_R.txt
RPC.US	analyst_targets_NYSE_R.txt
RPM	analyst_targets_NYSE_R.txt
RPT	analyst_targets_NYSE_R.txt
RRC	analyst_targets_NYSE_R.txt
RRX	analyst_targets_NYSE_R.txt
RS	analyst_targets_NYSE_R.txt
RSG	analyst_targets_NYSE_R.txt
RSI	analyst_targets_NYSE_R.txt
RSKD	analyst_targets_NYSE_R.txt
RTO.US	analyst_targets_NYSE_R.txt
RTX	analyst_targets_NYSE_R.txt
RVLV	analyst_targets_NYSE_R.txt
RVTY	analyst_targets_NYSE_R.txt
RWT	analyst_targets_NYSE_R.txt
RXO	analyst_targets_NYSE_R.txt
RY	analyst_targets_NYSE_R.txt
RYAN	analyst_targets_NYSE_R.txt
RYN	analyst_targets_NYSE_R.txt
S.US	analyst_targets_NYSE_S1.txt
SA	analyst_targets_NYSE_S1.txt
SAFE.US	analyst_targets_NYSE_S1.txt
SAH	analyst_targets_NYSE_S1.txt
SAM	analyst_targets_NYSE_S1.txt
SAP	analyst_targets_NYSE_S1.txt
SAR.US	analyst_targets_NYSE_S1.txt
SARO	analyst_targets_NYSE_S1.txt
SBH	analyst_targets_NYSE_S1.txt
SBS	analyst_targets_NYSE_S1.txt
SBSI	analyst_targets_NYSE_S1.txt
SBSW	analyst_targets_NYSE_S1.txt
SCCO	analyst_targets_NYSE_S1.txt
SCHW	analyst_targets_NYSE_S1.txt
SCI	analyst_targets_NYSE_S1.txt
SCL	analyst_targets_NYSE_S1.txt
SCM	analyst_targets_NYSE_S1.txt
SDHC	analyst_targets_NYSE_S1.txt
SDRL	analyst_targets_NYSE_S1.txt
SE	analyst_targets_NYSE_S1.txt
SEAT	analyst_targets_NYSE_S1.txt
SEG	analyst_targets_NYSE_S1.txt
SEI.US	analyst_targets_NYSE_S1.txt
SES	analyst_targets_NYSE_S1.txt
SF.US	analyst_targets_NYSE_S1.txt
SFBS	analyst_targets_NYSE_S1.txt
SGHC	analyst_targets_NYSE_S1.txt
SGI	analyst_targets_NYSE_S1.txt
SHAK	analyst_targets_NYSE_S1.txt
SHEL	analyst_targets_NYSE_S1.txt
SHO	analyst_targets_NYSE_S1.txt
SHW	analyst_targets_NYSE_S1.txt
SIG	analyst_targets_NYSE_S1.txt
SITC	analyst_targets_NYSE_S1.txt
SITE	analyst_targets_NYSE_S1.txt
SJM	analyst_targets_NYSE_S1.txt
SKE	analyst_targets_NYSE_S1.txt
SKT	analyst_targets_NYSE_S1.txt
SKY.US	analyst_targets_NYSE_S1.txt
SLB	analyst_targets_NYSE_S1.txt
SLF	analyst_targets_NYSE_S1.txt
SLG	analyst_targets_NYSE_S1.txt
SLQT	analyst_targets_NYSE_S1.txt
SLVM	analyst_targets_NYSE_S1.txt
SM	analyst_targets_NYSE_S1.txt
SMA	analyst_targets_NYSE_S1.txt
SMBK	analyst_targets_NYSE_S1.txt
SMG	analyst_targets_NYSE_S1.txt
SMHI	analyst_targets_NYSE_S1.txt
SMP.US	analyst_targets_NYSE_S1.txt
SMR	analyst_targets_NYSE_S1.txt
SMRT	analyst_targets_NYSE_S1.txt
SMWB	analyst_targets_NYSE_S1.txt
SN	analyst_targets_NYSE_S2.txt
SNA	analyst_targets_NYSE_S2.txt
SNAP	analyst_targets_NYSE_S2.txt
SNDR	analyst_targets_NYSE_S2.txt
SNN.US	analyst_targets_NYSE_S2.txt
SNOW	analyst_targets_NYSE_S2.txt
SNX.US	analyst_targets_NYSE_S2.txt
SO	analyst_targets_NYSE_S2.txt
SOBO	analyst_targets_NYSE_S2.txt
SOC	analyst_targets_NYSE_S2.txt
SOLV	analyst_targets_NYSE_S2.txt
SON	analyst_targets_NYSE_S2.txt
SONY	analyst_targets_NYSE_S2.txt
SPB	analyst_targets_NYSE_S2.txt
SPCE	analyst_targets_NYSE_S2.txt
SPG	analyst_targets_NYSE_S2.txt
SPGI	analyst_targets_NYSE_S2.txt
SPHR	analyst_targets_NYSE_S2.txt
SPIR	analyst_targets_NYSE_S2.txt
SPOT	analyst_targets_NYSE_S2.txt
SPXC	analyst_targets_NYSE_S2.txt
SQM	analyst_targets_NYSE_S2.txt
SR	analyst_targets_NYSE_S2.txt
SRE	analyst_targets_NYSE_S2.txt
SRFM	analyst_targets_NYSE_S2.txt
SSB	analyst_targets_NYSE_S2.txt
SSD	analyst_targets_NYSE_S2.txt
SSMR	analyst_targets_NYSE_S2.txt
ST	analyst_targets_NYSE_S2.txt
STAG	analyst_targets_NYSE_S2.txt
STC	analyst_targets_NYSE_S2.txt
STDN	analyst_targets_NYSE_S2.txt
STE	analyst_targets_NYSE_S2.txt
STEM	analyst_targets_NYSE_S2.txt
STLA.US	analyst_targets_NYSE_S2.txt
STM.US	analyst_targets_NYSE_S2.txt
STN	analyst_targets_NYSE_S2.txt
STNG	analyst_targets_NYSE_S2.txt
STT	analyst_targets_NYSE_S2.txt
STUB	analyst_targets_NYSE_S2.txt
STVN	analyst_targets_NYSE_S2.txt
STWD	analyst_targets_NYSE_S2.txt
STZ	analyst_targets_NYSE_S2.txt
SU	analyst_targets_NYSE_S2.txt
SUI.US	analyst_targets_NYSE_S2.txt
SUN	analyst_targets_NYSE_S2.txt
SUPV.US	analyst_targets_NYSE_S2.txt
SUZ	analyst_targets_NYSE_S2.txt
SVV	analyst_targets_NYSE_S2.txt
SW	analyst_targets_NYSE_S2.txt
SWK	analyst_targets_NYSE_S2.txt
SWX	analyst_targets_NYSE_S2.txt
SXC	analyst_targets_NYSE_S2.txt
SXI	analyst_targets_NYSE_S2.txt
SXT.US	analyst_targets_NYSE_S2.txt
SYF	analyst_targets_NYSE_S2.txt
SYK	analyst_targets_NYSE_S2.txt
SYY	analyst_targets_NYSE_S2.txt
T.US	analyst_targets_NYSE_T1.txt
TAC	analyst_targets_NYSE_T1.txt
TAK	analyst_targets_NYSE_T1.txt
TAL	analyst_targets_NYSE_T1.txt
TALO	analyst_targets_NYSE_T1.txt
TAP	analyst_targets_NYSE_T1.txt
TBBB	analyst_targets_NYSE_T1.txt
TBI	analyst_targets_NYSE_T1.txt
TBN	analyst_targets_NYSE_T1.txt
TD	analyst_targets_NYSE_T1.txt
TDAY	analyst_targets_NYSE_T1.txt
TDC	analyst_targets_NYSE_T1.txt
TDG	analyst_targets_NYSE_T1.txt
TDOC	analyst_targets_NYSE_T1.txt
TDS	analyst_targets_NYSE_T1.txt
TDW	analyst_targets_NYSE_T1.txt
TDY	analyst_targets_NYSE_T1.txt
TE	analyst_targets_NYSE_T1.txt
TECK	analyst_targets_NYSE_T1.txt
TEL.US	analyst_targets_NYSE_T1.txt
TEO	analyst_targets_NYSE_T1.txt
TEVA	analyst_targets_NYSE_T1.txt
TEX	analyst_targets_NYSE_T1.txt
TFC	analyst_targets_NYSE_T1.txt
TFII	analyst_targets_NYSE_T1.txt
TFPM	analyst_targets_NYSE_T1.txt
TFX	analyst_targets_NYSE_T1.txt
TGLS	analyst_targets_NYSE_T1.txt
TGT	analyst_targets_NYSE_T1.txt
THC	analyst_targets_NYSE_T1.txt
THG	analyst_targets_NYSE_T1.txt
THO	analyst_targets_NYSE_T1.txt
TIC	analyst_targets_NYSE_T1.txt
TIMB	analyst_targets_NYSE_T1.txt
TJX	analyst_targets_NYSE_T1.txt
TKO	analyst_targets_NYSE_T1.txt
TKR	analyst_targets_NYSE_T1.txt
TLYS	analyst_targets_NYSE_T1.txt
TME	analyst_targets_NYSE_T2.txt
TMO	analyst_targets_NYSE_T2.txt
TMP	analyst_targets_NYSE_T2.txt
TNC	analyst_targets_NYSE_T2.txt
TNET	analyst_targets_NYSE_T2.txt
TNK	analyst_targets_NYSE_T2.txt
TNL	analyst_targets_NYSE_T2.txt
TOL	analyst_targets_NYSE_T2.txt
TOST	analyst_targets_NYSE_T2.txt
TPB	analyst_targets_NYSE_T2.txt
TPC	analyst_targets_NYSE_T2.txt
TPL	analyst_targets_NYSE_T2.txt
TPR	analyst_targets_NYSE_T2.txt
TPVG	analyst_targets_NYSE_T2.txt
TREX	analyst_targets_NYSE_T2.txt
TRGP	analyst_targets_NYSE_T2.txt
TRIN	analyst_targets_NYSE_T2.txt
TRN.US	analyst_targets_NYSE_T2.txt
TRNO	analyst_targets_NYSE_T2.txt
TROX	analyst_targets_NYSE_T2.txt
TRP	analyst_targets_NYSE_T2.txt
TRTX	analyst_targets_NYSE_T2.txt
TRU.US	analyst_targets_NYSE_T2.txt
TRV	analyst_targets_NYSE_T2.txt
TS	analyst_targets_NYSE_T2.txt
TSLX	analyst_targets_NYSE_T2.txt
TSM	analyst_targets_NYSE_T2.txt
TSN	analyst_targets_NYSE_T2.txt
TT	analyst_targets_NYSE_T2.txt
TTAM	analyst_targets_NYSE_T2.txt
TTC	analyst_targets_NYSE_T2.txt
TTE	analyst_targets_NYSE_T2.txt
TTI	analyst_targets_NYSE_T2.txt
TU	analyst_targets_NYSE_T2.txt
TV	analyst_targets_NYSE_T2.txt
TWLO	analyst_targets_NYSE_T2.txt
TX	analyst_targets_NYSE_T2.txt
TXNM	analyst_targets_NYSE_T2.txt
TXT	analyst_targets_NYSE_T2.txt
TYL	analyst_targets_NYSE_T2.txt
U	analyst_targets_NYSE_U.txt
UAA	analyst_targets_NYSE_U.txt
UAMY	analyst_targets_NYSE_U.txt
UBER	analyst_targets_NYSE_U.txt
UBS	analyst_targets_NYSE_U.txt
UCB	analyst_targets_NYSE_U.txt
UDR	analyst_targets_NYSE_U.txt
UE	analyst_targets_NYSE_U.txt
UEC	analyst_targets_NYSE_U.txt
UGI	analyst_targets_NYSE_U.txt
UGP	analyst_targets_NYSE_U.txt
UHS	analyst_targets_NYSE_U.txt
UI	analyst_targets_NYSE_U.txt
UIS	analyst_targets_NYSE_U.txt
UL.US	analyst_targets_NYSE_U.txt
ULS	analyst_targets_NYSE_U.txt
UMC	analyst_targets_NYSE_U.txt
UMH	analyst_targets_NYSE_U.txt
UNF	analyst_targets_NYSE_U.txt
UNFI	analyst_targets_NYSE_U.txt
UNH	analyst_targets_NYSE_U.txt
UNM	analyst_targets_NYSE_U.txt
UNP	analyst_targets_NYSE_U.txt
UPS	analyst_targets_NYSE_U.txt
URG	analyst_targets_NYSE_U.txt
URI	analyst_targets_NYSE_U.txt
USAC	analyst_targets_NYSE_U.txt
USB	analyst_targets_NYSE_U.txt
USFD	analyst_targets_NYSE_U.txt
USPH	analyst_targets_NYSE_U.txt
UTI	analyst_targets_NYSE_U.txt
UTL	analyst_targets_NYSE_U.txt
UTZ	analyst_targets_NYSE_U.txt
UUUU	analyst_targets_NYSE_U.txt
UVE	analyst_targets_NYSE_U.txt
UWMC	analyst_targets_NYSE_U.txt
V	analyst_targets_NYSE_V.txt
VAC	analyst_targets_NYSE_V.txt
VAL.US	analyst_targets_NYSE_V.txt
VALE	analyst_targets_NYSE_V.txt
VEEV	analyst_targets_NYSE_V.txt
VET.US	analyst_targets_NYSE_V.txt
VFC	analyst_targets_NYSE_V.txt
VG	analyst_targets_NYSE_V.txt
VIA	analyst_targets_NYSE_V.txt
VICI	analyst_targets_NYSE_V.txt
VIK	analyst_targets_NYSE_V.txt
VIPS	analyst_targets_NYSE_V.txt
VIRT	analyst_targets_NYSE_V.txt
VIST	analyst_targets_NYSE_V.txt
VIV.US	analyst_targets_NYSE_V.txt
VLN	analyst_targets_NYSE_V.txt
VLO	analyst_targets_NYSE_V.txt
VLRS	analyst_targets_NYSE_V.txt
VLTO	analyst_targets_NYSE_V.txt
VMC	analyst_targets_NYSE_V.txt
VMI	analyst_targets_NYSE_V.txt
VMRK	analyst_targets_NYSE_V.txt
VNO	analyst_targets_NYSE_V.txt
VNT	analyst_targets_NYSE_V.txt
VOYA.US	analyst_targets_NYSE_V.txt
VOYG	analyst_targets_NYSE_V.txt
VPG	analyst_targets_NYSE_V.txt
VRT	analyst_targets_NYSE_V.txt
VRTS	analyst_targets_NYSE_V.txt
VSH	analyst_targets_NYSE_V.txt
VST	analyst_targets_NYSE_V.txt
VSTS	analyst_targets_NYSE_V.txt
VSXY	analyst_targets_NYSE_V.txt
VTEX	analyst_targets_NYSE_V.txt
VTMX	analyst_targets_NYSE_V.txt
VTOL	analyst_targets_NYSE_V.txt
VTR	analyst_targets_NYSE_V.txt
VTS	analyst_targets_NYSE_V.txt
VVV.US	analyst_targets_NYSE_V.txt
VVX	analyst_targets_NYSE_V.txt
VYX	analyst_targets_NYSE_V.txt
VZ	analyst_targets_NYSE_V.txt
W.US	analyst_targets_NYSE_W.txt
WAB	analyst_targets_NYSE_W.txt
WAL	analyst_targets_NYSE_W.txt
WAT	analyst_targets_NYSE_W.txt
WBI	analyst_targets_NYSE_W.txt
WBX	analyst_targets_NYSE_W.txt
WCC	analyst_targets_NYSE_W.txt
WCN	analyst_targets_NYSE_W.txt
WD	analyst_targets_NYSE_W.txt
WDS	analyst_targets_NYSE_W.txt
WEAV	analyst_targets_NYSE_W.txt
WEC	analyst_targets_NYSE_W.txt
WELL.US	analyst_targets_NYSE_W.txt
WES	analyst_targets_NYSE_W.txt
WEX	analyst_targets_NYSE_W.txt
WFC	analyst_targets_NYSE_W.txt
WGO	analyst_targets_NYSE_W.txt
WH	analyst_targets_NYSE_W.txt
WHD	analyst_targets_NYSE_W.txt
WHK	analyst_targets_NYSE_W.txt
WHR	analyst_targets_NYSE_W.txt
WIT	analyst_targets_NYSE_W.txt
WK	analyst_targets_NYSE_W.txt
WKC	analyst_targets_NYSE_W.txt
WLK	analyst_targets_NYSE_W.txt
WM	analyst_targets_NYSE_W.txt
WMB	analyst_targets_NYSE_W.txt
WMS	analyst_targets_NYSE_W.txt
WNC	analyst_targets_NYSE_W.txt
WOLF	analyst_targets_NYSE_W.txt
WOR	analyst_targets_NYSE_W.txt
WPC	analyst_targets_NYSE_W.txt
WPM	analyst_targets_NYSE_W.txt
WPP	analyst_targets_NYSE_W.txt
WRB.US	analyst_targets_NYSE_W.txt
WRBY	analyst_targets_NYSE_W.txt
WS	analyst_targets_NYSE_W.txt
WSM	analyst_targets_NYSE_W.txt
WSO	analyst_targets_NYSE_W.txt
WST	analyst_targets_NYSE_W.txt
WTI	analyst_targets_NYSE_W.txt
WTRG	analyst_targets_NYSE_W.txt
WTS	analyst_targets_NYSE_W.txt
WTTR	analyst_targets_NYSE_W.txt
WU	analyst_targets_NYSE_W.txt
WWW	analyst_targets_NYSE_W.txt
WY	analyst_targets_NYSE_W.txt
XHR	analyst_targets_NYSE_X.txt
XIFR	analyst_targets_NYSE_X.txt
XOM	analyst_targets_NYSE_X.txt
XPER	analyst_targets_NYSE_X.txt
XPEV	analyst_targets_NYSE_X.txt
XPO	analyst_targets_NYSE_X.txt
XPOF	analyst_targets_NYSE_X.txt
XPRO	analyst_targets_NYSE_X.txt
XYL	analyst_targets_NYSE_X.txt
XYZ	analyst_targets_NYSE_X.txt
YELP	analyst_targets_NYSE_Y.txt
YETI	analyst_targets_NYSE_Y.txt
YEXT	analyst_targets_NYSE_Y.txt
YMM	analyst_targets_NYSE_Y.txt
YOU	analyst_targets_NYSE_Y.txt
YPF	analyst_targets_NYSE_Y.txt
YSS	analyst_targets_NYSE_Y.txt
YUM	analyst_targets_NYSE_Y.txt
YUMC	analyst_targets_NYSE_Y.txt
ZBH	analyst_targets_NYSE_Z.txt
ZEPP	analyst_targets_NYSE_Z.txt
ZETA.US	analyst_targets_NYSE_Z.txt
ZGN	analyst_targets_NYSE_Z.txt
ZH	analyst_targets_NYSE_Z.txt
ZIM	analyst_targets_NYSE_Z.txt
ZIP	analyst_targets_NYSE_Z.txt
ZTO	analyst_targets_NYSE_Z.txt
ZTS	analyst_targets_NYSE_Z.txt
ZWS	analyst_targets_NYSE_Z.txt
0B2.DE	analyst_targets_FRANKFURT_0-9.txt
1U1.DE	analyst_targets_FRANKFURT_0-9.txt
22UA.DE	analyst_targets_FRANKFURT_0-9.txt
2M6.DE	analyst_targets_FRANKFURT_0-9.txt
8TRA.DE	analyst_targets_FRANKFURT_0-9.txt
AAPL.EUR	analyst_targets_FRANKFURT_A.txt
ABS2.DE	analyst_targets_FRANKFURT_A.txt
ACT.DE	analyst_targets_FRANKFURT_A.txt
ADN1.DE	analyst_targets_FRANKFURT_A.txt
ADS.DE	analyst_targets_FRANKFURT_A.txt
AEIN.DE	analyst_targets_FRANKFURT_A.txt
AFX.DE	analyst_targets_FRANKFURT_A.txt
AG1.DE	analyst_targets_FRANKFURT_A.txt
AIXA.DE	analyst_targets_FRANKFURT_A.txt
ALI1.DE	analyst_targets_FRANKFURT_A.txt
ALV.DE	analyst_targets_FRANKFURT_A.txt
AMD.EUR	analyst_targets_FRANKFURT_A.txt
AMV0.DE	analyst_targets_FRANKFURT_A.txt
AMZN.EUR	analyst_targets_FRANKFURT_A.txt
AOF.DE	analyst_targets_FRANKFURT_A.txt
AT1.DE	analyst_targets_FRANKFURT_A.txt
AVGO.EUR	analyst_targets_FRANKFURT_A.txt
AZ2.DE	analyst_targets_FRANKFURT_A.txt
BAS.DE	analyst_targets_FRANKFURT_B.txt
BAYN.DE	analyst_targets_FRANKFURT_B.txt
BC8.DE	analyst_targets_FRANKFURT_B.txt
BEI.DE	analyst_targets_FRANKFURT_B.txt
BFSA.DE	analyst_targets_FRANKFURT_B.txt
BMW.DE	analyst_targets_FRANKFURT_B.txt
BNR.DE	analyst_targets_FRANKFURT_B.txt
BOSS.DE	analyst_targets_FRANKFURT_B.txt
BSL.DE	analyst_targets_FRANKFURT_B.txt
CBK.DE	analyst_targets_FRANKFURT_C.txt
CON.DE	analyst_targets_FRANKFURT_C.txt
CWC.DE	analyst_targets_FRANKFURT_C.txt
DB1.DE	analyst_targets_FRANKFURT_D.txt
DBAN.DE	analyst_targets_FRANKFURT_D.txt
DBK.DE	analyst_targets_FRANKFURT_D.txt
DEF.DE	analyst_targets_FRANKFURT_D.txt
DEQ.DE	analyst_targets_FRANKFURT_D.txt
DEZ.DE	analyst_targets_FRANKFURT_D.txt
DHER.DE	analyst_targets_FRANKFURT_D.txt
DHL.DE	analyst_targets_FRANKFURT_D.txt
DMP.DE	analyst_targets_FRANKFURT_D.txt
DOU.DE	analyst_targets_FRANKFURT_D.txt
DTE.DE	analyst_targets_FRANKFURT_D.txt
DTG.DE	analyst_targets_FRANKFURT_D.txt
DUE.DE	analyst_targets_FRANKFURT_D.txt
DWS.DE	analyst_targets_FRANKFURT_D.txt
EBO.DE	analyst_targets_FRANKFURT_E.txt
EIN.DE	analyst_targets_FRANKFURT_E.txt
ELG.DE	analyst_targets_FRANKFURT_E.txt
ENR.DE	analyst_targets_FRANKFURT_E.txt
EOAN.DE	analyst_targets_FRANKFURT_E.txt
EVD.DE	analyst_targets_FRANKFURT_E.txt
EVK.DE	analyst_targets_FRANKFURT_E.txt
EVT.DE	analyst_targets_FRANKFURT_E.txt
EXL.DE	analyst_targets_FRANKFURT_E.txt
FIE.DE	analyst_targets_FRANKFURT_F.txt
FME.DE	analyst_targets_FRANKFURT_F.txt
FNTN.DE	analyst_targets_FRANKFURT_F.txt
FPE.DE	analyst_targets_FRANKFURT_F.txt
FRA.DE	analyst_targets_FRANKFURT_F.txt
FRE.DE	analyst_targets_FRANKFURT_F.txt
FTK.DE	analyst_targets_FRANKFURT_F.txt
FYB.DE	analyst_targets_FRANKFURT_F.txt
G1A.DE	analyst_targets_FRANKFURT_G.txt
G24.DE	analyst_targets_FRANKFURT_G.txt
GBF.DE	analyst_targets_FRANKFURT_G.txt
GFT.DE	analyst_targets_FRANKFURT_G.txt
GLJ.DE	analyst_targets_FRANKFURT_G.txt
GOOG.EUR	analyst_targets_FRANKFURT_G.txt
GXI.DE	analyst_targets_FRANKFURT_G.txt
GYC.DE	analyst_targets_FRANKFURT_G.txt
HABA.DE	analyst_targets_FRANKFURT_H.txt
HAG.DE	analyst_targets_FRANKFURT_H.txt
HBH.DE	analyst_targets_FRANKFURT_H.txt
HDD.DE	analyst_targets_FRANKFURT_H.txt
HEI.DE	analyst_targets_FRANKFURT_H.txt
HEN3.DE	analyst_targets_FRANKFURT_H.txt
HFG.DE	analyst_targets_FRANKFURT_H.txt
HLAG.DE	analyst_targets_FRANKFURT_H.txt
HLE.DE	analyst_targets_FRANKFURT_H.txt
HNR1.DE	analyst_targets_FRANKFURT_H.txt
HOT.DE	analyst_targets_FRANKFURT_H.txt
HYQ.DE	analyst_targets_FRANKFURT_H.txt
IFX.DE	analyst_targets_FRANKFURT_I.txt
ILM1.DE	analyst_targets_FRANKFURT_I.txt
INH.DE	analyst_targets_FRANKFURT_I.txt
INS.DE	analyst_targets_FRANKFURT_I.txt
IOS.DE	analyst_targets_FRANKFURT_I.txt
IXX.DE	analyst_targets_FRANKFURT_I.txt
JEN.DE	analyst_targets_FRANKFURT_J.txt
JST.DE	analyst_targets_FRANKFURT_J.txt
JUN3.DE	analyst_targets_FRANKFURT_J.txt
KBX.DE	analyst_targets_FRANKFURT_K.txt
KCO.DE	analyst_targets_FRANKFURT_K.txt
KGX.DE	analyst_targets_FRANKFURT_K.txt
KRN.DE	analyst_targets_FRANKFURT_K.txt
KSB3.DE	analyst_targets_FRANKFURT_K.txt
KTN.DE	analyst_targets_FRANKFURT_K.txt
KWS.DE	analyst_targets_FRANKFURT_K.txt
LEG.DE	analyst_targets_FRANKFURT_L.txt
LEN.DE	analyst_targets_FRANKFURT_L.txt
LHA.DE	analyst_targets_FRANKFURT_L.txt
LIN.DE	analyst_targets_FRANKFURT_L.txt
LPK.DE	analyst_targets_FRANKFURT_L.txt
LXS.DE	analyst_targets_FRANKFURT_L.txt
MBB.DE	analyst_targets_FRANKFURT_M.txt
MBG.DE	analyst_targets_FRANKFURT_M.txt
META.EUR	analyst_targets_FRANKFURT_M.txt
MLP.DE	analyst_targets_FRANKFURT_M.txt
MRK.DE	analyst_targets_FRANKFURT_M.txt
MSFT.EUR	analyst_targets_FRANKFURT_M.txt
MTX.DE	analyst_targets_FRANKFURT_M.txt
MUV2.DE	analyst_targets_FRANKFURT_M.txt
MUX.DE	analyst_targets_FRANKFURT_M.txt
NA9.DE	analyst_targets_FRANKFURT_N.txt
NDA.DE	analyst_targets_FRANKFURT_N.txt
NDX1.DE	analyst_targets_FRANKFURT_N.txt
NEM.DE	analyst_targets_FRANKFURT_N.txt
NP5.DE	analyst_targets_FRANKFURT_N.txt
NVDA.EUR	analyst_targets_FRANKFURT_N.txt
OEWA.DE	analyst_targets_FRANKFURT_O.txt
OHB.DE	analyst_targets_FRANKFURT_O.txt
PAH3.DE	analyst_targets_FRANKFURT_P.txt
PAT.DE	analyst_targets_FRANKFURT_P.txt
PCZ.DE	analyst_targets_FRANKFURT_P.txt
PLTR.EUR	analyst_targets_FRANKFURT_P.txt
PNE3.DE	analyst_targets_FRANKFURT_P.txt
PSM.DE	analyst_targets_FRANKFURT_P.txt
PUM.DE	analyst_targets_FRANKFURT_P.txt
QIA.DE	analyst_targets_FRANKFURT_Q.txt
R3NK.DE	analyst_targets_FRANKFURT_R.txt
RAA.DE	analyst_targets_FRANKFURT_R.txt
RAW.DE	analyst_targets_FRANKFURT_R.txt
RHM.DE	analyst_targets_FRANKFURT_R.txt
RRTL.DE	analyst_targets_FRANKFURT_R.txt
RWE.DE	analyst_targets_FRANKFURT_R.txt
RY4C.DE	analyst_targets_FRANKFURT_R.txt
S92.DE	analyst_targets_FRANKFURT_S.txt
SAP.DE	analyst_targets_FRANKFURT_S.txt
SAV.DE	analyst_targets_FRANKFURT_S.txt
SAX.DE	analyst_targets_FRANKFURT_S.txt
SBS.DE	analyst_targets_FRANKFURT_S.txt
SDF.DE	analyst_targets_FRANKFURT_S.txt
SFQ.DE	analyst_targets_FRANKFURT_S.txt
SGL.DE	analyst_targets_FRANKFURT_S.txt
SHA0.DE	analyst_targets_FRANKFURT_S.txt
SHL.DE	analyst_targets_FRANKFURT_S.txt
SIE.DE	analyst_targets_FRANKFURT_S.txt
SIX2.DE	analyst_targets_FRANKFURT_S.txt
SLL.DE	analyst_targets_FRANKFURT_S.txt
SMHN.DE	analyst_targets_FRANKFURT_S.txt
STM.DE	analyst_targets_FRANKFURT_S.txt
SY1.DE	analyst_targets_FRANKFURT_S.txt
SZG.DE	analyst_targets_FRANKFURT_S.txt
SZU.DE	analyst_targets_FRANKFURT_S.txt
TA1.DE	analyst_targets_FRANKFURT_T.txt
TEG.DE	analyst_targets_FRANKFURT_T.txt
TIMA.DE	analyst_targets_FRANKFURT_T.txt
TKA.DE	analyst_targets_FRANKFURT_T.txt
TKMS.DE	analyst_targets_FRANKFURT_T.txt
TLX.DE	analyst_targets_FRANKFURT_T.txt
TMV.DE	analyst_targets_FRANKFURT_T.txt
TNIE.DE	analyst_targets_FRANKFURT_T.txt
TPE.DE	analyst_targets_FRANKFURT_T.txt
TSLA.EUR	analyst_targets_FRANKFURT_T.txt
TUI1.DE	analyst_targets_FRANKFURT_T.txt
UN0.DE	analyst_targets_FRANKFURT_U.txt
UTDI.DE	analyst_targets_FRANKFURT_U.txt
VBK.DE	analyst_targets_FRANKFURT_V.txt
VH2.DE	analyst_targets_FRANKFURT_V.txt
VNA.DE	analyst_targets_FRANKFURT_V.txt
VOS.DE	analyst_targets_FRANKFURT_V.txt
VOW.DE	analyst_targets_FRANKFURT_V.txt
VOW3.DE	analyst_targets_FRANKFURT_V.txt
WAC.DE	analyst_targets_FRANKFURT_W.txt
WAF.DE	analyst_targets_FRANKFURT_W.txt
WCH.DE	analyst_targets_FRANKFURT_W.txt
WIB.DE	analyst_targets_FRANKFURT_W.txt
YSN.DE	analyst_targets_FRANKFURT_Y.txt
ZAL.DE	analyst_targets_FRANKFURT_Z.txt
74SW.PA	analyst_targets_PARIS_7.txt
ABVX.PA	analyst_targets_PARIS_A1.txt
AC.PA	analyst_targets_PARIS_A1.txt
ACA.PA	analyst_targets_PARIS_A1.txt
ADP.PA	analyst_targets_PARIS_A1.txt
AF.PA	analyst_targets_PARIS_A1.txt
AI.PA	analyst_targets_PARIS_A1.txt
AIR.PA	analyst_targets_PARIS_A1.txt
AKE.PA	analyst_targets_PARIS_A1.txt
ALCGM.PA	analyst_targets_PARIS_A1.txt
ALCOX.PA	analyst_targets_PARIS_A1.txt
ALO.PA	analyst_targets_PARIS_A2.txt
ALSEN.PA	analyst_targets_PARIS_A3.txt
AM.PA	analyst_targets_PARIS_A3.txt
AMUN.PA	analyst_targets_PARIS_A3.txt
ANTIN.PA	analyst_targets_PARIS_A3.txt
ARG.PA	analyst_targets_PARIS_A3.txt
ATE.PA	analyst_targets_PARIS_A3.txt
ATO.PA	analyst_targets_PARIS_A3.txt
AUB.PA	analyst_targets_PARIS_A3.txt
AYV.PA	analyst_targets_PARIS_A3.txt
BEN.PA	analyst_targets_PARIS_B.txt
BIM.PA	analyst_targets_PARIS_B.txt
BN.PA	analyst_targets_PARIS_B.txt
BNP.PA	analyst_targets_PARIS_B.txt
BVI.PA	analyst_targets_PARIS_B.txt
CA.PA	analyst_targets_PARIS_C.txt
CAP.PA	analyst_targets_PARIS_C.txt
COFA.PA	analyst_targets_PARIS_C.txt
COTY.PA	analyst_targets_PARIS_C.txt
COV.PA	analyst_targets_PARIS_C.txt
CS.PA	analyst_targets_PARIS_C.txt
DEC.PA	analyst_targets_PARIS_D.txt
DG.PA	analyst_targets_PARIS_D.txt
DIM.PA	analyst_targets_PARIS_D.txt
DSY.PA	analyst_targets_PARIS_D.txt
EDEN.PA	analyst_targets_PARIS_E.txt
EL.PA	analyst_targets_PARIS_E.txt
ELIOR.PA	analyst_targets_PARIS_E.txt
ELIS.PA	analyst_targets_PARIS_E.txt
EN.PA	analyst_targets_PARIS_E.txt
ENGI.PA	analyst_targets_PARIS_E.txt
ENX.PA	analyst_targets_PARIS_E.txt
ERF.PA	analyst_targets_PARIS_E.txt
ETL.PA	analyst_targets_PARIS_E.txt
EXA.PA	analyst_targets_PARIS_E.txt
EXENS.PA	analyst_targets_PARIS_E.txt
FDJU.PA	analyst_targets_PARIS_F.txt
FGR.PA	analyst_targets_PARIS_F.txt
FR.PA	analyst_targets_PARIS_F.txt
FRVIA.PA	analyst_targets_PARIS_F.txt
GET.PA	analyst_targets_PARIS_G.txt
GFC.PA	analyst_targets_PARIS_G.txt
GLE.PA	analyst_targets_PARIS_G.txt
GTT.PA	analyst_targets_PARIS_G.txt
HO.PA	analyst_targets_PARIS_H.txt
ICAD.PA	analyst_targets_PARIS_I.txt
IDL.PA	analyst_targets_PARIS_I.txt
IPN.PA	analyst_targets_PARIS_I.txt
IVA.PA	analyst_targets_PARIS_I.txt
KER.PA	analyst_targets_PARIS_K.txt
LI.PA	analyst_targets_PARIS_L.txt
LR.PA	analyst_targets_PARIS_L.txt
MC.PA	analyst_targets_PARIS_M.txt
MEDCL.PA	analyst_targets_PARIS_M.txt
MERY.PA	analyst_targets_PARIS_M.txt
MF.PA	analyst_targets_PARIS_M.txt
ML.PA	analyst_targets_PARIS_M.txt
MRN.PA	analyst_targets_PARIS_M.txt
NANO.PA	analyst_targets_PARIS_N.txt
NEX.PA	analyst_targets_PARIS_N.txt
OPM.PA	analyst_targets_PARIS_O.txt
OR.PA	analyst_targets_PARIS_O.txt
ORA.PA	analyst_targets_PARIS_O.txt
PLNW.PA	analyst_targets_PARIS_P.txt
PLX.PA	analyst_targets_PARIS_P.txt
PUB.PA	analyst_targets_PARIS_P.txt
RCO.PA	analyst_targets_PARIS_R.txt
RI.PA	analyst_targets_PARIS_R.txt
RMS.PA	analyst_targets_PARIS_R.txt
RNO.PA	analyst_targets_PARIS_R.txt
RXL.PA	analyst_targets_PARIS_R.txt
SAF.PA	analyst_targets_PARIS_S.txt
SAN.PA	analyst_targets_PARIS_S.txt
SCR.PA	analyst_targets_PARIS_S.txt
SESG.PA	analyst_targets_PARIS_S.txt
SGO.PA	analyst_targets_PARIS_S.txt
SIGHT.PA	analyst_targets_PARIS_S.txt
SK.PA	analyst_targets_PARIS_S.txt
SOI.PA	analyst_targets_PARIS_S.txt
SOP.PA	analyst_targets_PARIS_S.txt
SPIE.PA	analyst_targets_PARIS_S.txt
STLAP.PA	analyst_targets_PARIS_S.txt
STMPA.PA	analyst_targets_PARIS_S.txt
SU.PA	analyst_targets_PARIS_S.txt
SW.PA	analyst_targets_PARIS_S.txt
TE.PA	analyst_targets_PARIS_T.txt
TEP.PA	analyst_targets_PARIS_T.txt
TFF.PA	analyst_targets_PARIS_T.txt
TFI.PA	analyst_targets_PARIS_T.txt
TKO.PA	analyst_targets_PARIS_T.txt
TRI.PA	analyst_targets_PARIS_T.txt
TTE.PA	analyst_targets_PARIS_T.txt
UBI.PA	analyst_targets_PARIS_U.txt
URW.PA	analyst_targets_PARIS_U.txt
VCT.PA	analyst_targets_PARIS_V.txt
VIE.PA	analyst_targets_PARIS_V.txt
VIRI.PA	analyst_targets_PARIS_V.txt
VIRP.PA	analyst_targets_PARIS_V.txt
VIV.PA	analyst_targets_PARIS_V.txt
VK.PA	analyst_targets_PARIS_V.txt
VLTSA.PA	analyst_targets_PARIS_V.txt
VRLA.PA	analyst_targets_PARIS_V.txt
VU.PA	analyst_targets_PARIS_V.txt
WLN.PA	analyst_targets_PARIS_W.txt
XFAB.PA	analyst_targets_PARIS_X.txt
A2M.ASX	analyst_targets_SYDNEY_A.txt
ABB.ASX	analyst_targets_SYDNEY_A.txt
AD8.ASX	analyst_targets_SYDNEY_A.txt
AGL.ASX	analyst_targets_SYDNEY_A.txt
AIA.ASX	analyst_targets_SYDNEY_A.txt
ALD.ASX	analyst_targets_SYDNEY_A.txt
ALL.ASX	analyst_targets_SYDNEY_A.txt
ALQ.ASX	analyst_targets_SYDNEY_A.txt
ALX.ASX	analyst_targets_SYDNEY_A.txt
AMC.ASX	analyst_targets_SYDNEY_A.txt
AMP.ASX	analyst_targets_SYDNEY_A.txt
ANN.ASX	analyst_targets_SYDNEY_A.txt
ANZ.ASX	analyst_targets_SYDNEY_A.txt
AOV.ASX	analyst_targets_SYDNEY_A.txt
APA.ASX	analyst_targets_SYDNEY_A.txt
APE.ASX	analyst_targets_SYDNEY_A.txt
ARB.ASX	analyst_targets_SYDNEY_A.txt
ARF.ASX	analyst_targets_SYDNEY_A.txt
ASX.ASX	analyst_targets_SYDNEY_A.txt
AUB.ASX	analyst_targets_SYDNEY_A.txt
AX1.ASX	analyst_targets_SYDNEY_A.txt
AZJ.ASX	analyst_targets_SYDNEY_A.txt
BAP.ASX	analyst_targets_SYDNEY_B.txt
BEN.ASX	analyst_targets_SYDNEY_B.txt
BGA.ASX	analyst_targets_SYDNEY_B.txt
BGL.ASX	analyst_targets_SYDNEY_B.txt
BHP.ASX	analyst_targets_SYDNEY_B.txt
BMN.ASX	analyst_targets_SYDNEY_B.txt
BOE.ASX	analyst_targets_SYDNEY_B.txt
BOQ.ASX	analyst_targets_SYDNEY_B.txt
BPT.ASX	analyst_targets_SYDNEY_B.txt
BRG.ASX	analyst_targets_SYDNEY_B.txt
BSL.ASX	analyst_targets_SYDNEY_B.txt
BWP.ASX	analyst_targets_SYDNEY_B.txt
BXB.ASX	analyst_targets_SYDNEY_B.txt
CAR.ASX	analyst_targets_SYDNEY_C.txt
CBA.ASX	analyst_targets_SYDNEY_C.txt
CCP.ASX	analyst_targets_SYDNEY_C.txt
CDA.ASX	analyst_targets_SYDNEY_C.txt
CGF.ASX	analyst_targets_SYDNEY_C.txt
CHC.ASX	analyst_targets_SYDNEY_C.txt
CHN.ASX	analyst_targets_SYDNEY_C.txt
CIA.ASX	analyst_targets_SYDNEY_C.txt
CIP.ASX	analyst_targets_SYDNEY_C.txt
CKF.ASX	analyst_targets_SYDNEY_C.txt
CLW.ASX	analyst_targets_SYDNEY_C.txt
CMM.ASX	analyst_targets_SYDNEY_C.txt
COH.ASX	analyst_targets_SYDNEY_C.txt
COL.ASX	analyst_targets_SYDNEY_C.txt
CPU.ASX	analyst_targets_SYDNEY_C.txt
CQE.ASX	analyst_targets_SYDNEY_C.txt
CQR.ASX	analyst_targets_SYDNEY_C.txt
CRN.ASX	analyst_targets_SYDNEY_C.txt
CSL.ASX	analyst_targets_SYDNEY_C.txt
CWY.ASX	analyst_targets_SYDNEY_C.txt
CXO.ASX	analyst_targets_SYDNEY_C.txt
DDR.ASX	analyst_targets_SYDNEY_D.txt
DMP.ASX	analyst_targets_SYDNEY_D.txt
DNL.ASX	analyst_targets_SYDNEY_D.txt
DOW.ASX	analyst_targets_SYDNEY_D.txt
DRO.ASX	analyst_targets_SYDNEY_D.txt
DRR.ASX	analyst_targets_SYDNEY_D.txt
DTL.ASX	analyst_targets_SYDNEY_D.txt
DVP.ASX	analyst_targets_SYDNEY_D.txt
DXS.ASX	analyst_targets_SYDNEY_D.txt
EDV.ASX	analyst_targets_SYDNEY_E.txt
ELD.ASX	analyst_targets_SYDNEY_E.txt
ELV.ASX	analyst_targets_SYDNEY_E.txt
EMR.ASX	analyst_targets_SYDNEY_E.txt
EVN.ASX	analyst_targets_SYDNEY_E.txt
EVT.ASX	analyst_targets_SYDNEY_E.txt
FBU.ASX	analyst_targets_SYDNEY_F.txt
FLT.ASX	analyst_targets_SYDNEY_F.txt
FMG.ASX	analyst_targets_SYDNEY_F.txt
FPH.ASX	analyst_targets_SYDNEY_F.txt
GMD.ASX	analyst_targets_SYDNEY_G.txt
GMG.ASX	analyst_targets_SYDNEY_G.txt
GNC.ASX	analyst_targets_SYDNEY_G.txt
GOZ.ASX	analyst_targets_SYDNEY_G.txt
GPT.ASX	analyst_targets_SYDNEY_G.txt
HDN.ASX	analyst_targets_SYDNEY_H.txt
HLI.ASX	analyst_targets_SYDNEY_H.txt
HLS.ASX	analyst_targets_SYDNEY_H.txt
HMC.ASX	analyst_targets_SYDNEY_H.txt
HUB.ASX	analyst_targets_SYDNEY_H.txt
HVN.ASX	analyst_targets_SYDNEY_H.txt
IAG.ASX	analyst_targets_SYDNEY_I.txt
IDX.ASX	analyst_targets_SYDNEY_I.txt
IEL.ASX	analyst_targets_SYDNEY_I.txt
IGO.ASX	analyst_targets_SYDNEY_I.txt
ILU.ASX	analyst_targets_SYDNEY_I.txt
IMD.ASX	analyst_targets_SYDNEY_I.txt
INA.ASX	analyst_targets_SYDNEY_I.txt
ING.ASX	analyst_targets_SYDNEY_I.txt
IPH.ASX	analyst_targets_SYDNEY_I.txt
IRE.ASX	analyst_targets_SYDNEY_I.txt
JBH.ASX	analyst_targets_SYDNEY_J.txt
JHX.ASX	analyst_targets_SYDNEY_J.txt
JIN.ASX	analyst_targets_SYDNEY_J.txt
KAR.ASX	analyst_targets_SYDNEY_K.txt
KGN.ASX	analyst_targets_SYDNEY_K.txt
KLS.ASX	analyst_targets_SYDNEY_K.txt
LIC.ASX	analyst_targets_SYDNEY_L.txt
LLC.ASX	analyst_targets_SYDNEY_L.txt
LOV.ASX	analyst_targets_SYDNEY_L.txt
LTR.ASX	analyst_targets_SYDNEY_L.txt
LYC.ASX	analyst_targets_SYDNEY_L.txt
MAQ.ASX	analyst_targets_SYDNEY_M.txt
MFG.ASX	analyst_targets_SYDNEY_M.txt
MGR.ASX	analyst_targets_SYDNEY_M.txt
MIN.ASX	analyst_targets_SYDNEY_M.txt
MMS.ASX	analyst_targets_SYDNEY_M.txt
MND.ASX	analyst_targets_SYDNEY_M.txt
MP1.ASX	analyst_targets_SYDNEY_M.txt
MPL.ASX	analyst_targets_SYDNEY_M.txt
MQG.ASX	analyst_targets_SYDNEY_M.txt
MTS.ASX	analyst_targets_SYDNEY_M.txt
MYR.ASX	analyst_targets_SYDNEY_M.txt
NAB.ASX	analyst_targets_SYDNEY_N.txt
NAN.ASX	analyst_targets_SYDNEY_N.txt
NCK.ASX	analyst_targets_SYDNEY_N.txt
NEC.ASX	analyst_targets_SYDNEY_N.txt
NEU.ASX	analyst_targets_SYDNEY_N.txt
NHC.ASX	analyst_targets_SYDNEY_N.txt
NHF.ASX	analyst_targets_SYDNEY_N.txt
NIC.ASX	analyst_targets_SYDNEY_N.txt
NST.ASX	analyst_targets_SYDNEY_N.txt
NUF.ASX	analyst_targets_SYDNEY_N.txt
NWH.ASX	analyst_targets_SYDNEY_N.txt
NWL.ASX	analyst_targets_SYDNEY_N.txt
NWS.ASX	analyst_targets_SYDNEY_N.txt
NXT.ASX	analyst_targets_SYDNEY_N.txt
ORA.ASX	analyst_targets_SYDNEY_O.txt
ORG.ASX	analyst_targets_SYDNEY_O.txt
ORI.ASX	analyst_targets_SYDNEY_O.txt
PDN.ASX	analyst_targets_SYDNEY_P.txt
PLS.ASX	analyst_targets_SYDNEY_P.txt
PME.ASX	analyst_targets_SYDNEY_P.txt
PMV.ASX	analyst_targets_SYDNEY_P.txt
PNI.ASX	analyst_targets_SYDNEY_P.txt
PNV.ASX	analyst_targets_SYDNEY_P.txt
PPT.ASX	analyst_targets_SYDNEY_P.txt
PRU.ASX	analyst_targets_SYDNEY_P.txt
PWH.ASX	analyst_targets_SYDNEY_P.txt
PXA.ASX	analyst_targets_SYDNEY_P.txt
QAN.ASX	analyst_targets_SYDNEY_Q.txt
QBE.ASX	analyst_targets_SYDNEY_Q.txt
RDX.ASX	analyst_targets_SYDNEY_R.txt
REA.ASX	analyst_targets_SYDNEY_R.txt
REH.ASX	analyst_targets_SYDNEY_R.txt
RGN.ASX	analyst_targets_SYDNEY_R.txt
RHC.ASX	analyst_targets_SYDNEY_R.txt
RIC.ASX	analyst_targets_SYDNEY_R.txt
RIO.ASX	analyst_targets_SYDNEY_R.txt
RMD.ASX	analyst_targets_SYDNEY_R.txt
RMS.ASX	analyst_targets_SYDNEY_R.txt
RRL.ASX	analyst_targets_SYDNEY_R.txt
RWC.ASX	analyst_targets_SYDNEY_R.txt
S32.ASX	analyst_targets_SYDNEY_S.txt
SCG.ASX	analyst_targets_SYDNEY_S.txt
SDF.ASX	analyst_targets_SYDNEY_S.txt
SDR.ASX	analyst_targets_SYDNEY_S.txt
SEK.ASX	analyst_targets_SYDNEY_S.txt
SFR.ASX	analyst_targets_SYDNEY_S.txt
SGH.ASX	analyst_targets_SYDNEY_S.txt
SGM.ASX	analyst_targets_SYDNEY_S.txt
SGP.ASX	analyst_targets_SYDNEY_S.txt
SHL.ASX	analyst_targets_SYDNEY_S.txt
SIG.ASX	analyst_targets_SYDNEY_S.txt
SIQ.ASX	analyst_targets_SYDNEY_S.txt
SLX.ASX	analyst_targets_SYDNEY_S.txt
SMR.ASX	analyst_targets_SYDNEY_S.txt
STO.ASX	analyst_targets_SYDNEY_S.txt
SUL.ASX	analyst_targets_SYDNEY_S.txt
SUN.ASX	analyst_targets_SYDNEY_S.txt
SYR.ASX	analyst_targets_SYDNEY_S.txt
TAH.ASX	analyst_targets_SYDNEY_T.txt
TCL.ASX	analyst_targets_SYDNEY_T.txt
TLC.ASX	analyst_targets_SYDNEY_T.txt
TLS.ASX	analyst_targets_SYDNEY_T.txt
TLX.ASX	analyst_targets_SYDNEY_T.txt
TNE.ASX	analyst_targets_SYDNEY_T.txt
TPG.ASX	analyst_targets_SYDNEY_T.txt
TPW.ASX	analyst_targets_SYDNEY_T.txt
TWE.ASX	analyst_targets_SYDNEY_T.txt
VAU.ASX	analyst_targets_SYDNEY_V.txt
VCX.ASX	analyst_targets_SYDNEY_V.txt
VEA.ASX	analyst_targets_SYDNEY_V.txt
VNT.ASX	analyst_targets_SYDNEY_V.txt
VUL.ASX	analyst_targets_SYDNEY_V.txt
WA1.ASX	analyst_targets_SYDNEY_W.txt
WAF.ASX	analyst_targets_SYDNEY_W.txt
WBC.ASX	analyst_targets_SYDNEY_W.txt
WDS.ASX	analyst_targets_SYDNEY_W.txt
WEB.ASX	analyst_targets_SYDNEY_W.txt
WES.ASX	analyst_targets_SYDNEY_W.txt
WGX.ASX	analyst_targets_SYDNEY_W.txt
WHC.ASX	analyst_targets_SYDNEY_W.txt
WOR.ASX	analyst_targets_SYDNEY_W.txt
WOW.ASX	analyst_targets_SYDNEY_W.txt
WPR.ASX	analyst_targets_SYDNEY_W.txt
WTC.ASX	analyst_targets_SYDNEY_W.txt
XRO.ASX	analyst_targets_SYDNEY_X.txt
YAL.ASX	analyst_targets_SYDNEY_Y.txt
AAK.ST	analyst_targets_STOCKHOLM_A.txt
AFRY.ST	analyst_targets_STOCKHOLM_A.txt
ALFA.ST	analyst_targets_STOCKHOLM_A.txt
ALLEI.ST	analyst_targets_STOCKHOLM_A.txt
AXFO.ST	analyst_targets_STOCKHOLM_A.txt
BILL.ST	analyst_targets_STOCKHOLM_B.txt
BOL.ST	analyst_targets_STOCKHOLM_B.txt
CAMX.ST	analyst_targets_STOCKHOLM_C.txt
CAST.ST	analyst_targets_STOCKHOLM_C.txt
CATE.ST	analyst_targets_STOCKHOLM_C.txt
DOM.ST	analyst_targets_STOCKHOLM_D.txt
EQT.ST	analyst_targets_STOCKHOLM_E.txt
EVO.ST	analyst_targets_STOCKHOLM_E.txt
FABG.ST	analyst_targets_STOCKHOLM_F.txt
HACK.ST	analyst_targets_STOCKHOLM_H.txt
HEM.ST	analyst_targets_STOCKHOLM_H.txt
HTRO.ST	analyst_targets_STOCKHOLM_H.txt
INDT.ST	analyst_targets_STOCKHOLM_I.txt
INTRUM.ST	analyst_targets_STOCKHOLM_I.txt
LOOMIS.ST	analyst_targets_STOCKHOLM_L.txt
LUG.ST	analyst_targets_STOCKHOLM_L.txt
LUMI.ST	analyst_targets_STOCKHOLM_L.txt
MILDEF.ST	analyst_targets_STOCKHOLM_M.txt
MIPS.ST	analyst_targets_STOCKHOLM_M.txt
MTRS.ST	analyst_targets_STOCKHOLM_M.txt
NCAB.ST	analyst_targets_STOCKHOLM_N.txt
NP3.ST	analyst_targets_STOCKHOLM_N.txt
SAND.ST	analyst_targets_STOCKHOLM_S.txt
SAVE.ST	analyst_targets_STOCKHOLM_S.txt
SINCH.ST	analyst_targets_STOCKHOLM_S.txt
SOBI.ST	analyst_targets_STOCKHOLM_S.txt
SYNSAM.ST	analyst_targets_STOCKHOLM_S.txt
SYSR.ST	analyst_targets_STOCKHOLM_S.txt
TELIA.ST	analyst_targets_STOCKHOLM_T.txt
THULE.ST	analyst_targets_STOCKHOLM_T.txt
TROAX.ST	analyst_targets_STOCKHOLM_T.txt
VIMIAN.ST	analyst_targets_STOCKHOLM_V.txt
WIHL.ST	analyst_targets_STOCKHOLM_W.txt
YUBICO.ST	analyst_targets_STOCKHOLM_Y.txt
0386.HK	analyst_targets_HONGKONG_HK2.txt
0656.HK	analyst_targets_HONGKONG_HK2.txt
0688.HK	analyst_targets_HONGKONG_HK2.txt
0700.HK	analyst_targets_HONGKONG_HK2.txt
0753.HK	analyst_targets_HONGKONG_HK2.txt
0902.HK	analyst_targets_HONGKONG_HK2.txt
0914.HK	analyst_targets_HONGKONG_HK2.txt
0916.HK	analyst_targets_HONGKONG_HK2.txt
0968.HK	analyst_targets_HONGKONG_HK2.txt
0992.HK	analyst_targets_HONGKONG_HK2.txt
0998.HK	analyst_targets_HONGKONG_HK2.txt
1024.HK	analyst_targets_HONGKONG_HK2.txt
1038.HK	analyst_targets_HONGKONG_HK2.txt
1044.HK	analyst_targets_HONGKONG_HK2.txt
1071.HK	analyst_targets_HONGKONG_HK2.txt
1072.HK	analyst_targets_HONGKONG_HK2.txt
1088.HK	analyst_targets_HONGKONG_HK2.txt
1099.HK	analyst_targets_HONGKONG_HK2.txt
1109.HK	analyst_targets_HONGKONG_HK2.txt
1138.HK	analyst_targets_HONGKONG_HK2.txt
1157.HK	analyst_targets_HONGKONG_HK2.txt
1171.HK	analyst_targets_HONGKONG_HK3.txt
1179.HK	analyst_targets_HONGKONG_HK3.txt
1193.HK	analyst_targets_HONGKONG_HK3.txt
1209.HK	analyst_targets_HONGKONG_HK3.txt
1288.HK	analyst_targets_HONGKONG_HK3.txt
1299.HK	analyst_targets_HONGKONG_HK3.txt
1308.HK	analyst_targets_HONGKONG_HK3.txt
1318.HK	analyst_targets_HONGKONG_HK3.txt
1339.HK	analyst_targets_HONGKONG_HK3.txt
1347.HK	analyst_targets_HONGKONG_HK3.txt
1378.HK	analyst_targets_HONGKONG_HK3.txt
1519.HK	analyst_targets_HONGKONG_HK3.txt
1530.HK	analyst_targets_HONGKONG_HK3.txt
1585.HK	analyst_targets_HONGKONG_HK3.txt
1698.HK	analyst_targets_HONGKONG_HK3.txt
1772.HK	analyst_targets_HONGKONG_HK3.txt
1787.HK	analyst_targets_HONGKONG_HK3.txt
1797.HK	analyst_targets_HONGKONG_HK3.txt
1801.HK	analyst_targets_HONGKONG_HK3.txt
1810.HK	analyst_targets_HONGKONG_HK3.txt
1816.HK	analyst_targets_HONGKONG_HK3.txt
1818.HK	analyst_targets_HONGKONG_HK3.txt
1833.HK	analyst_targets_HONGKONG_HK3.txt
1876.HK	analyst_targets_HONGKONG_HK4.txt
1880.HK	analyst_targets_HONGKONG_HK4.txt
1898.HK	analyst_targets_HONGKONG_HK4.txt
1913.HK	analyst_targets_HONGKONG_HK4.txt
1919.HK	analyst_targets_HONGKONG_HK4.txt
1929.HK	analyst_targets_HONGKONG_HK4.txt
1958.HK	analyst_targets_HONGKONG_HK4.txt
1997.HK	analyst_targets_HONGKONG_HK4.txt
2007.HK	analyst_targets_HONGKONG_HK4.txt
2013.HK	analyst_targets_HONGKONG_HK4.txt
2015.HK	analyst_targets_HONGKONG_HK4.txt
2057.HK	analyst_targets_HONGKONG_HK4.txt
2202.HK	analyst_targets_HONGKONG_HK4.txt
2238.HK	analyst_targets_HONGKONG_HK4.txt
2268.HK	analyst_targets_HONGKONG_HK4.txt
2318.HK	analyst_targets_HONGKONG_HK4.txt
2328.HK	analyst_targets_HONGKONG_HK4.txt
2331.HK	analyst_targets_HONGKONG_HK4.txt
2333.HK	analyst_targets_HONGKONG_HK4.txt
2338.HK	analyst_targets_HONGKONG_HK4.txt
2359.HK	analyst_targets_HONGKONG_HK4.txt
2367.HK	analyst_targets_HONGKONG_HK4.txt
2423.HK	analyst_targets_HONGKONG_HK4.txt
2513.HK	analyst_targets_HONGKONG_HK4.txt
2588.HK	analyst_targets_HONGKONG_HK4.txt
2600.HK	analyst_targets_HONGKONG_HK4.txt
2601.HK	analyst_targets_HONGKONG_HK4.txt
2611.HK	analyst_targets_HONGKONG_HK4.txt
2618.HK	analyst_targets_HONGKONG_HK4.txt
2628.HK	analyst_targets_HONGKONG_HK4.txt
2727.HK	analyst_targets_HONGKONG_HK4.txt
2883.HK	analyst_targets_HONGKONG_HK5.txt
2899.HK	analyst_targets_HONGKONG_HK5.txt
3311.HK	analyst_targets_HONGKONG_HK5.txt
3323.HK	analyst_targets_HONGKONG_HK5.txt
3328.HK	analyst_targets_HONGKONG_HK5.txt
3347.HK	analyst_targets_HONGKONG_HK5.txt
3606.HK	analyst_targets_HONGKONG_HK5.txt
3692.HK	analyst_targets_HONGKONG_HK5.txt
3750.HK	analyst_targets_HONGKONG_HK5.txt
3759.HK	analyst_targets_HONGKONG_HK5.txt
3800.HK	analyst_targets_HONGKONG_HK5.txt
3808.HK	analyst_targets_HONGKONG_HK5.txt
3888.HK	analyst_targets_HONGKONG_HK5.txt
3898.HK	analyst_targets_HONGKONG_HK5.txt
3988.HK	analyst_targets_HONGKONG_HK5.txt
3998.HK	analyst_targets_HONGKONG_HK5.txt
6030.HK	analyst_targets_HONGKONG_HK5.txt
6055.HK	analyst_targets_HONGKONG_HK5.txt
6066.HK	analyst_targets_HONGKONG_HK5.txt
6099.HK	analyst_targets_HONGKONG_HK5.txt
6160.HK	analyst_targets_HONGKONG_HK5.txt
6181.HK	analyst_targets_HONGKONG_HK5.txt
6185.HK	analyst_targets_HONGKONG_HK5.txt
6186.HK	analyst_targets_HONGKONG_HK5.txt
6618.HK	analyst_targets_HONGKONG_HK6.txt
6690.HK	analyst_targets_HONGKONG_HK6.txt
6969.HK	analyst_targets_HONGKONG_HK6.txt
6990.HK	analyst_targets_HONGKONG_HK6.txt
9618.HK	analyst_targets_HONGKONG_HK6.txt
9626.HK	analyst_targets_HONGKONG_HK6.txt
9633.HK	analyst_targets_HONGKONG_HK6.txt
9660.HK	analyst_targets_HONGKONG_HK6.txt
9696.HK	analyst_targets_HONGKONG_HK6.txt
9863.HK	analyst_targets_HONGKONG_HK6.txt
9866.HK	analyst_targets_HONGKONG_HK6.txt
9868.HK	analyst_targets_HONGKONG_HK6.txt
9888.HK	analyst_targets_HONGKONG_HK6.txt
9896.HK	analyst_targets_HONGKONG_HK6.txt
9901.HK	analyst_targets_HONGKONG_HK6.txt
9926.HK	analyst_targets_HONGKONG_HK6.txt
9961.HK	analyst_targets_HONGKONG_HK6.txt
9988.HK	analyst_targets_HONGKONG_HK6.txt
9992.HK	analyst_targets_HONGKONG_HK6.txt
9999.HK	analyst_targets_HONGKONG_HK6.txt
AKRBP.OL	analyst_targets_OSLO_A.txt
AKSO.OL	analyst_targets_OSLO_A.txt
AUTO.OL	analyst_targets_OSLO_A.txt
BWLPG.OL	analyst_targets_OSLO_B.txt
DNB.OL	analyst_targets_OSLO_D.txt
EQNR.OL	analyst_targets_OSLO_E.txt
FRO.OL	analyst_targets_OSLO_F.txt
GJF.OL	analyst_targets_OSLO_G.txt
HSHP.OL	analyst_targets_OSLO_H.txt
KOG.OL	analyst_targets_OSLO_K.txt
NEL.OL	analyst_targets_OSLO_N.txt
NHY.OL	analyst_targets_OSLO_N.txt
NOD.OL	analyst_targets_OSLO_N.txt
ODFB.OL	analyst_targets_OSLO_O.txt
STB.OL	analyst_targets_OSLO_S.txt
SUBC.OL	analyst_targets_OSLO_S.txt
TEL.OL	analyst_targets_OSLO_T.txt
TGS.OL	analyst_targets_OSLO_T.txt
VAR.OL	analyst_targets_OSLO_V.txt
AMP.MI	analyst_targets_MILAN_A.txt
ARIS.MI	analyst_targets_MILAN_A.txt
BAMI.MI	analyst_targets_MILAN_B.txt
BC.MI	analyst_targets_MILAN_B.txt
BGN.MI	analyst_targets_MILAN_B.txt
BMED.MI	analyst_targets_MILAN_B.txt
BMPS.MI	analyst_targets_MILAN_B.txt
BPE.MI	analyst_targets_MILAN_B.txt
BRE.MI	analyst_targets_MILAN_B.txt
BZU.MI	analyst_targets_MILAN_B.txt
CPR.MI	analyst_targets_MILAN_C.txt
CRL.MI	analyst_targets_MILAN_C.txt
DIA.MI	analyst_targets_MILAN_D.txt
DLG.MI	analyst_targets_MILAN_D.txt
EGLA.MI	analyst_targets_MILAN_E.txt
ENAV.MI	analyst_targets_MILAN_E.txt
ENEL.MI	analyst_targets_MILAN_E.txt
ENI.MI	analyst_targets_MILAN_E.txt
FBK.MI	analyst_targets_MILAN_F.txt
FCT.MI	analyst_targets_MILAN_F.txt
G.MI	analyst_targets_MILAN_G.txt
GVS.MI	analyst_targets_MILAN_G.txt
ICOS.MI	analyst_targets_MILAN_I.txt
IG.MI	analyst_targets_MILAN_I.txt
INW.MI	analyst_targets_MILAN_I.txt
IP.MI	analyst_targets_MILAN_I.txt
ISP.MI	analyst_targets_MILAN_I.txt
ITM.MI	analyst_targets_MILAN_I.txt
LDO.MI	analyst_targets_MILAN_L.txt
LTMC.MI	analyst_targets_MILAN_L.txt
MAIRE.MI	analyst_targets_MILAN_M.txt
MB.MI	analyst_targets_MILAN_M.txt
MONC.MI	analyst_targets_MILAN_M.txt
NEXI.MI	analyst_targets_MILAN_N.txt
PIRC.MI	analyst_targets_MILAN_P.txt
PRY.MI	analyst_targets_MILAN_P.txt
PST.MI	analyst_targets_MILAN_P.txt
RACE.MI	analyst_targets_MILAN_R.txt
REC.MI	analyst_targets_MILAN_R.txt
REY.MI	analyst_targets_MILAN_R.txt
RWAY.MI	analyst_targets_MILAN_R.txt
SES.MI	analyst_targets_MILAN_S.txt
SFER.MI	analyst_targets_MILAN_S.txt
SPM.MI	analyst_targets_MILAN_S.txt
SRG.MI	analyst_targets_MILAN_S.txt
STLAM.MI	analyst_targets_MILAN_S.txt
STMMI.MI	analyst_targets_MILAN_S.txt
TEN.MI	analyst_targets_MILAN_T.txt
TGYM.MI	analyst_targets_MILAN_T.txt
TIT.MI	analyst_targets_MILAN_T.txt
TPRO.MI	analyst_targets_MILAN_T.txt
TRN.MI	analyst_targets_MILAN_T.txt
UCG.MI	analyst_targets_MILAN_U.txt
UNI.MI	analyst_targets_MILAN_U.txt
ZV.MI	analyst_targets_MILAN_Z.txt
ABBN.ZU	analyst_targets_ZURICH.txt
ACLN.ZU	analyst_targets_ZURICH.txt
ADEN.ZU	analyst_targets_ZURICH.txt
ALC.ZU	analyst_targets_ZURICH.txt
AMRZ.ZU	analyst_targets_ZURICH.txt
AMS.ZU	analyst_targets_ZURICH.txt
AVOL.ZU	analyst_targets_ZURICH.txt
BAER.ZU	analyst_targets_ZURICH.txt
BARN.ZU	analyst_targets_ZURICH.txt
BEAN.ZU	analyst_targets_ZURICH.txt
BUCN.ZU	analyst_targets_ZURICH.txt
CFR.ZU	analyst_targets_ZURICH.txt
CLN.ZU	analyst_targets_ZURICH.txt
DAE.ZU	analyst_targets_ZURICH.txt
DKSH.ZU	analyst_targets_ZURICH.txt
EMSN.ZU	analyst_targets_ZURICH.txt
FHZN.ZU	analyst_targets_ZURICH.txt
GALD.ZU	analyst_targets_ZURICH.txt
GALE.ZU	analyst_targets_ZURICH.txt
GEBN.ZU	analyst_targets_ZURICH.txt
GIVN.ZU	analyst_targets_ZURICH.txt
HOLN.ZU	analyst_targets_ZURICH.txt
KNIN.ZU	analyst_targets_ZURICH.txt
LAND.ZU	analyst_targets_ZURICH.txt
LISN.ZU	analyst_targets_ZURICH.txt
LOGN.ZU	analyst_targets_ZURICH.txt
LONN.ZU	analyst_targets_ZURICH.txt
NESN.ZU	analyst_targets_ZURICH.txt
NOVN.ZU	analyst_targets_ZURICH.txt
OERL.ZU	analyst_targets_ZURICH.txt
PGHN.ZU	analyst_targets_ZURICH.txt
PPGN.ZU	analyst_targets_ZURICH.txt
PSPN.ZU	analyst_targets_ZURICH.txt
ROP.ZU	analyst_targets_ZURICH.txt
SCHP.ZU	analyst_targets_ZURICH.txt
SCMN.ZU	analyst_targets_ZURICH.txt
SDZ.ZU	analyst_targets_ZURICH.txt
SGSN.ZU	analyst_targets_ZURICH.txt
SIKA.ZU	analyst_targets_ZURICH.txt
SLHN.ZU	analyst_targets_ZURICH.txt
SMG.ZU	analyst_targets_ZURICH.txt
SOON.ZU	analyst_targets_ZURICH.txt
SPSN.ZU	analyst_targets_ZURICH.txt
SQN.ZU	analyst_targets_ZURICH.txt
SRAIL.ZU	analyst_targets_ZURICH.txt
SREN.ZU	analyst_targets_ZURICH.txt
STMN.ZU	analyst_targets_ZURICH.txt
TECN.ZU	analyst_targets_ZURICH.txt
TEMN.ZU	analyst_targets_ZURICH.txt
UBSG.ZU	analyst_targets_ZURICH.txt
UHR.ZU	analyst_targets_ZURICH.txt
VACN.ZU	analyst_targets_ZURICH.txt
ZURN.ZU	analyst_targets_ZURICH.txt
AALB.NV	analyst_targets_AMSTERDAM.txt
ABN.NV	analyst_targets_AMSTERDAM.txt
AD.NV	analyst_targets_AMSTERDAM.txt
ADYEN.NV	analyst_targets_AMSTERDAM.txt
AGN.NV	analyst_targets_AMSTERDAM.txt
AKZA.NV	analyst_targets_AMSTERDAM.txt
ALFEN.NV	analyst_targets_AMSTERDAM.txt
APAM.NV	analyst_targets_AMSTERDAM.txt
ARCAD.NV	analyst_targets_AMSTERDAM.txt
ASM.NV	analyst_targets_AMSTERDAM.txt
ASML.NV	analyst_targets_AMSTERDAM.txt
ASRNL.NV	analyst_targets_AMSTERDAM.txt
AVTX.NV	analyst_targets_AMSTERDAM.txt
AXS.NV	analyst_targets_AMSTERDAM.txt
BAMNB.NV	analyst_targets_AMSTERDAM.txt
BESI.NV	analyst_targets_AMSTERDAM.txt
BFIT.NV	analyst_targets_AMSTERDAM.txt
BNJ.NV	analyst_targets_AMSTERDAM.txt
CCEP.NV	analyst_targets_AMSTERDAM.txt
CRBN.NV	analyst_targets_AMSTERDAM.txt
CSG.NV	analyst_targets_AMSTERDAM.txt
CTPNV.NV	analyst_targets_AMSTERDAM.txt
CVC.NV	analyst_targets_AMSTERDAM.txt
DSFIR.NV	analyst_targets_AMSTERDAM.txt
ECMPA.NV	analyst_targets_AMSTERDAM.txt
FAST.NV	analyst_targets_AMSTERDAM.txt
FER.NV	analyst_targets_AMSTERDAM.txt
FUR.NV	analyst_targets_AMSTERDAM.txt
HEIA.NV	analyst_targets_AMSTERDAM.txt
IMCD.NV	analyst_targets_AMSTERDAM.txt
INGA.NV	analyst_targets_AMSTERDAM.txt
KPN.NV	analyst_targets_AMSTERDAM.txt
LIGHT.NV	analyst_targets_AMSTERDAM.txt
LKFT.NV	analyst_targets_AMSTERDAM.txt
MICC.NV	analyst_targets_AMSTERDAM.txt
MT.NV	analyst_targets_AMSTERDAM.txt
NN.NV	analyst_targets_AMSTERDAM.txt
NSI.NV	analyst_targets_AMSTERDAM.txt
OCI.NV	analyst_targets_AMSTERDAM.txt
PHIA.NV	analyst_targets_AMSTERDAM.txt
PNL.NV	analyst_targets_AMSTERDAM.txt
PRX.NV	analyst_targets_AMSTERDAM.txt
RAND.NV	analyst_targets_AMSTERDAM.txt
REN.NV	analyst_targets_AMSTERDAM.txt
SBMO.NV	analyst_targets_AMSTERDAM.txt
SHELL.NV	analyst_targets_AMSTERDAM.txt
SLIGR.NV	analyst_targets_AMSTERDAM.txt
THEON.NV	analyst_targets_AMSTERDAM.txt
TWEKA.NV	analyst_targets_AMSTERDAM.txt
UMG.NV	analyst_targets_AMSTERDAM.txt
UNA.NV	analyst_targets_AMSTERDAM.txt
VPK.NV	analyst_targets_AMSTERDAM.txt
WKL.NV	analyst_targets_AMSTERDAM.txt
ABI.BR	analyst_targets_BRUSSELS.txt
AGS.BR	analyst_targets_BRUSSELS.txt
ARGX.BR	analyst_targets_BRUSSELS.txt
AZE.BR	analyst_targets_BRUSSELS.txt
CENER.BR	analyst_targets_BRUSSELS.txt
COLR.BR	analyst_targets_BRUSSELS.txt
DIE.BR	analyst_targets_BRUSSELS.txt
ELI.BR	analyst_targets_BRUSSELS.txt
KBC.BR	analyst_targets_BRUSSELS.txt
MELE.BR	analyst_targets_BRUSSELS.txt
NYXH.BR	analyst_targets_BRUSSELS.txt
PROX.BR	analyst_targets_BRUSSELS.txt
SHUR.BR	analyst_targets_BRUSSELS.txt
SOLB.BR	analyst_targets_BRUSSELS.txt
TESB.BR	analyst_targets_BRUSSELS.txt
UCB.BR	analyst_targets_BRUSSELS.txt
UMI.BR	analyst_targets_BRUSSELS.txt
ELISA.HE	analyst_targets_HELSINKI.txt
FORTUM.HE	analyst_targets_HELSINKI.txt
HUH1V.HE	analyst_targets_HELSINKI.txt
KNEBV.HE	analyst_targets_HELSINKI.txt
METSO.HE	analyst_targets_HELSINKI.txt
NESTE.HE	analyst_targets_HELSINKI.txt
NOKIA.HE	analyst_targets_HELSINKI.txt
OUT1V.HE	analyst_targets_HELSINKI.txt
SAMPO.HE	analyst_targets_HELSINKI.txt
SSABAH.HE	analyst_targets_HELSINKI.txt
STERV.HE	analyst_targets_HELSINKI.txt
UPM.HE	analyst_targets_HELSINKI.txt
WRT1V.HE	analyst_targets_HELSINKI.txt
ALMB.CO	analyst_targets_COPENHAGEN.txt
DANSKE.CO	analyst_targets_COPENHAGEN.txt
DEMANT.CO	analyst_targets_COPENHAGEN.txt
DSV.CO	analyst_targets_COPENHAGEN.txt
FLS.CO	analyst_targets_COPENHAGEN.txt
GMAB.CO	analyst_targets_COPENHAGEN.txt
ACS.MC	analyst_targets_MADRID.txt
ACX.MC	analyst_targets_MADRID.txt
AENA.MC	analyst_targets_MADRID.txt
AMS.MC	analyst_targets_MADRID.txt
ANA.MC	analyst_targets_MADRID.txt
ANE.MC	analyst_targets_MADRID.txt
BBVA.MC	analyst_targets_MADRID.txt
BKT.MC	analyst_targets_MADRID.txt
CABK.MC	analyst_targets_MADRID.txt
CLNX.MC	analyst_targets_MADRID.txt
COL.MC	analyst_targets_MADRID.txt
ELE.MC	analyst_targets_MADRID.txt
ENG.MC	analyst_targets_MADRID.txt
FCC.MC	analyst_targets_MADRID.txt
FDR.MC	analyst_targets_MADRID.txt
FER.MC	analyst_targets_MADRID.txt
GRE.MC	analyst_targets_MADRID.txt
IBE.MC	analyst_targets_MADRID.txt
IDR.MC	analyst_targets_MADRID.txt
ITX.MC	analyst_targets_MADRID.txt
MAP.MC	analyst_targets_MADRID.txt
MEL.MC	analyst_targets_MADRID.txt
MRL.MC	analyst_targets_MADRID.txt
MTS.MC	analyst_targets_MADRID.txt
NTGY.MC	analyst_targets_MADRID.txt
PHM.MC	analyst_targets_MADRID.txt
RED.MC	analyst_targets_MADRID.txt
REP.MC	analyst_targets_MADRID.txt
SAB.MC	analyst_targets_MADRID.txt
SAN.MC	analyst_targets_MADRID.txt
SCYR.MC	analyst_targets_MADRID.txt
TEF.MC	analyst_targets_MADRID.txt
UNI.MC	analyst_targets_MADRID.txt
VID.MC	analyst_targets_MADRID.txt
VIS.MC	analyst_targets_MADRID.txt
AAF.L	analyst_targets_LONDON.txt
AAL.L	analyst_targets_LONDON.txt
ABDN.L	analyst_targets_LONDON.txt
ABF.L	analyst_targets_LONDON.txt
ADM.L	analyst_targets_LONDON.txt
AEP.L	analyst_targets_LONDON.txt
AJB.L	analyst_targets_LONDON.txt
ALFA.L	analyst_targets_LONDON.txt
AML.L	analyst_targets_LONDON.txt
ANTO.L	analyst_targets_LONDON.txt
AO.L	analyst_targets_LONDON.txt
ASC.L	analyst_targets_LONDON.txt
ASHM.L	analyst_targets_LONDON.txt
ATG.L	analyst_targets_LONDON.txt
ATYM.L	analyst_targets_LONDON.txt
AUTO.L	analyst_targets_LONDON.txt
AV.L	analyst_targets_LONDON.txt
AVAP.L	analyst_targets_LONDON.txt
AVON.L	analyst_targets_LONDON.txt
AZN.L	analyst_targets_LONDON.txt
BA.L	analyst_targets_LONDON.txt
BAB.L	analyst_targets_LONDON.txt
BAG.L	analyst_targets_LONDON.txt
BARC.L	analyst_targets_LONDON.txt
BATS.L	analyst_targets_LONDON.txt
BBOX.L	analyst_targets_LONDON.txt
BBY.L	analyst_targets_LONDON.txt
BGEO.L	analyst_targets_LONDON.txt
BHP.L	analyst_targets_LONDON.txt
BKG.L	analyst_targets_LONDON.txt
BLND.L	analyst_targets_LONDON.txt
BME.L	analyst_targets_LONDON.txt
BMS.L	analyst_targets_LONDON.txt
BMY.L	analyst_targets_LONDON.txt
BNZL.L	analyst_targets_LONDON.txt
BOOT.L	analyst_targets_LONDON.txt
BOWL.L	analyst_targets_LONDON.txt
BOY.L	analyst_targets_LONDON.txt
BP.L	analyst_targets_LONDON.txt
BPT.L	analyst_targets_LONDON.txt
BRBY.L	analyst_targets_LONDON.txt
BRK.L	analyst_targets_LONDON.txt
BTRW.L	analyst_targets_LONDON.txt
BWY.L	analyst_targets_LONDON.txt
BYG.L	analyst_targets_LONDON.txt
BYIT.L	analyst_targets_LONDON.txt
CBG.L	analyst_targets_LONDON.txt
CCC.L	analyst_targets_LONDON.txt
CCH.L	analyst_targets_LONDON.txt
CGS.L	analyst_targets_LONDON.txt
CKN.L	analyst_targets_LONDON.txt
CNA.L	analyst_targets_LONDON.txt
COA.L	analyst_targets_LONDON.txt
COST.L	analyst_targets_LONDON.txt
CPI.L	analyst_targets_LONDON.txt
CRDA.L	analyst_targets_LONDON.txt
CRST.L	analyst_targets_LONDON.txt
CSN.L	analyst_targets_LONDON.txt
CTEC.L	analyst_targets_LONDON.txt
CURY.L	analyst_targets_LONDON.txt
CWK.L	analyst_targets_LONDON.txt
DCC.L	analyst_targets_LONDON.txt
DEC.L	analyst_targets_LONDON.txt
DFS.L	analyst_targets_LONDON.txt
DGE.L	analyst_targets_LONDON.txt
DLN.L	analyst_targets_LONDON.txt
DNLM.L	analyst_targets_LONDON.txt
DOCS.L	analyst_targets_LONDON.txt
DOM.L	analyst_targets_LONDON.txt
DPLM.L	analyst_targets_LONDON.txt
DRX.L	analyst_targets_LONDON.txt
ECOR.L	analyst_targets_LONDON.txt
EDV.L	analyst_targets_LONDON.txt
ELIX.L	analyst_targets_LONDON.txt
ELM.L	analyst_targets_LONDON.txt
EMG.L	analyst_targets_LONDON.txt
ENOG.L	analyst_targets_LONDON.txt
ENQ.L	analyst_targets_LONDON.txt
ENT.L	analyst_targets_LONDON.txt
ESNT.L	analyst_targets_LONDON.txt
EVOK.L	analyst_targets_LONDON.txt
EXPN.L	analyst_targets_LONDON.txt
EZJ.L	analyst_targets_LONDON.txt
FAN.L	analyst_targets_LONDON.txt
FCH.L	analyst_targets_LONDON.txt
FDM.L	analyst_targets_LONDON.txt
FGP.L	analyst_targets_LONDON.txt
FORT.L	analyst_targets_LONDON.txt
FRES.L	analyst_targets_LONDON.txt
FSG.L	analyst_targets_LONDON.txt
FSJ.L	analyst_targets_LONDON.txt
FUTR.L	analyst_targets_LONDON.txt
FVA.L	analyst_targets_LONDON.txt
FXPO.L	analyst_targets_LONDON.txt
GAW.L	analyst_targets_LONDON.txt
GEN.L	analyst_targets_LONDON.txt
GFRD.L	analyst_targets_LONDON.txt
GFTU.L	analyst_targets_LONDON.txt
GKP.L	analyst_targets_LONDON.txt
GLE.L	analyst_targets_LONDON.txt
GLEN.L	analyst_targets_LONDON.txt
GNC.L	analyst_targets_LONDON.txt
GNS.L	analyst_targets_LONDON.txt
GPE.L	analyst_targets_LONDON.txt
GRG.L	analyst_targets_LONDON.txt
GRI.L	analyst_targets_LONDON.txt
GROW.L	analyst_targets_LONDON.txt
GSK.L	analyst_targets_LONDON.txt
GYM.L	analyst_targets_LONDON.txt
HAS.L	analyst_targets_LONDON.txt
HBR.L	analyst_targets_LONDON.txt
HFD.L	analyst_targets_LONDON.txt
HHPD.L	analyst_targets_LONDON.txt
HICL.L	analyst_targets_LONDON.txt
HIK.L	analyst_targets_LONDON.txt
HILS.L	analyst_targets_LONDON.txt
HLCL.L	analyst_targets_LONDON.txt
HLMA.L	analyst_targets_LONDON.txt
HMSO.L	analyst_targets_LONDON.txt
HOC.L	analyst_targets_LONDON.txt
HSBA.L	analyst_targets_LONDON.txt
HSW.L	analyst_targets_LONDON.txt
HSX.L	analyst_targets_LONDON.txt
HTG.L	analyst_targets_LONDON.txt
HTWS.L	analyst_targets_LONDON.txt
HWDN.L	analyst_targets_LONDON.txt
HWG.L	analyst_targets_LONDON.txt
IAG.L	analyst_targets_LONDON.txt
IBST.L	analyst_targets_LONDON.txt
ICG.L	analyst_targets_LONDON.txt
IGG.L	analyst_targets_LONDON.txt
IHP.L	analyst_targets_LONDON.txt
III.L	analyst_targets_LONDON.txt
IMB.L	analyst_targets_LONDON.txt
IMI.L	analyst_targets_LONDON.txt
INCH.L	analyst_targets_LONDON.txt
INF.L	analyst_targets_LONDON.txt
ITRK.L	analyst_targets_LONDON.txt
ITV.L	analyst_targets_LONDON.txt
IWG.L	analyst_targets_LONDON.txt
JD.L	analyst_targets_LONDON.txt
JDW.L	analyst_targets_LONDON.txt
JMAT.L	analyst_targets_LONDON.txt
JUP.L	analyst_targets_LONDON.txt
KAP.L	analyst_targets_LONDON.txt
KGF.L	analyst_targets_LONDON.txt
KIE.L	analyst_targets_LONDON.txt
KLR.L	analyst_targets_LONDON.txt
KNOS.L	analyst_targets_LONDON.txt
LAND.L	analyst_targets_LONDON.txt
LGEN.L	analyst_targets_LONDON.txt
LIO.L	analyst_targets_LONDON.txt
LIVE.L	analyst_targets_LONDON.txt
LLOY.L	analyst_targets_LONDON.txt
LMP.L	analyst_targets_LONDON.txt
LRE.L	analyst_targets_LONDON.txt
LSEG.L	analyst_targets_LONDON.txt
LUCE.L	analyst_targets_LONDON.txt
MAB.L	analyst_targets_LONDON.txt
MAB1.L	analyst_targets_LONDON.txt
MACF.L	analyst_targets_LONDON.txt
MARS.L	analyst_targets_LONDON.txt
MCG.L	analyst_targets_LONDON.txt
MER.L	analyst_targets_LONDON.txt
MGAM.L	analyst_targets_LONDON.txt
MICC.L	analyst_targets_LONDON.txt
MKS.L	analyst_targets_LONDON.txt
MNDI.L	analyst_targets_LONDON.txt
MNG.L	analyst_targets_LONDON.txt
MONY.L	analyst_targets_LONDON.txt
MOTR.L	analyst_targets_LONDON.txt
MRO.L	analyst_targets_LONDON.txt
MSLH.L	analyst_targets_LONDON.txt
MTO.L	analyst_targets_LONDON.txt
MTRO.L	analyst_targets_LONDON.txt
N91.L	analyst_targets_LONDON.txt
NCC.L	analyst_targets_LONDON.txt
NG.L	analyst_targets_LONDON.txt
NRR.L	analyst_targets_LONDON.txt
NWG.L	analyst_targets_LONDON.txt
NXR.L	analyst_targets_LONDON.txt
NXT.L	analyst_targets_LONDON.txt
OCDO.L	analyst_targets_LONDON.txt
ONT.L	analyst_targets_LONDON.txt
OSB.L	analyst_targets_LONDON.txt
OTB.L	analyst_targets_LONDON.txt
OXB.L	analyst_targets_LONDON.txt
OXIG.L	analyst_targets_LONDON.txt
PAF.L	analyst_targets_LONDON.txt
PAG.L	analyst_targets_LONDON.txt
PAGE.L	analyst_targets_LONDON.txt
PBEE.L	analyst_targets_LONDON.txt
PETS.L	analyst_targets_LONDON.txt
PFD.L	analyst_targets_LONDON.txt
PHP.L	analyst_targets_LONDON.txt
PINE.L	analyst_targets_LONDON.txt
PLUS.L	analyst_targets_LONDON.txt
PNN.L	analyst_targets_LONDON.txt
PPH.L	analyst_targets_LONDON.txt
PROC.L	analyst_targets_LONDON.txt
PRU.L	analyst_targets_LONDON.txt
PRV.L	analyst_targets_LONDON.txt
PSN.L	analyst_targets_LONDON.txt
PSON.L	analyst_targets_LONDON.txt
PTEC.L	analyst_targets_LONDON.txt
PZC.L	analyst_targets_LONDON.txt
QLT.L	analyst_targets_LONDON.txt
QQ.L	analyst_targets_LONDON.txt
RAT.L	analyst_targets_LONDON.txt
RCH.L	analyst_targets_LONDON.txt
REL.L	analyst_targets_LONDON.txt
RHIM.L	analyst_targets_LONDON.txt
RIO.L	analyst_targets_LONDON.txt
RKT.L	analyst_targets_LONDON.txt
RMV.L	analyst_targets_LONDON.txt
RNK.L	analyst_targets_LONDON.txt
ROR.L	analyst_targets_LONDON.txt
RPI.L	analyst_targets_LONDON.txt
RR.L	analyst_targets_LONDON.txt
RS1.L	analyst_targets_LONDON.txt
RSG.L	analyst_targets_LONDON.txt
RSW.L	analyst_targets_LONDON.txt
RTO.L	analyst_targets_LONDON.txt
SAFE.L	analyst_targets_LONDON.txt
SAGA.L	analyst_targets_LONDON.txt
SBRE.L	analyst_targets_LONDON.txt
SBRY.L	analyst_targets_LONDON.txt
SCT.L	analyst_targets_LONDON.txt
SDLF.L	analyst_targets_LONDON.txt
SDY.L	analyst_targets_LONDON.txt
SEIT.L	analyst_targets_LONDON.txt
SEPL.L	analyst_targets_LONDON.txt
SFR.L	analyst_targets_LONDON.txt
SGE.L	analyst_targets_LONDON.txt
SGRO.L	analyst_targets_LONDON.txt
SHC.L	analyst_targets_LONDON.txt
SHEL.L	analyst_targets_LONDON.txt
SHI.L	analyst_targets_LONDON.txt
SMIN.L	analyst_targets_LONDON.txt
SMSD.L	analyst_targets_LONDON.txt
SMSN.L	analyst_targets_LONDON.txt
SMWH.L	analyst_targets_LONDON.txt
SN.L	analyst_targets_LONDON.txt
SNWS.L	analyst_targets_LONDON.txt
SPX.L	analyst_targets_LONDON.txt
SRAD.L	analyst_targets_LONDON.txt
SRE.L	analyst_targets_LONDON.txt
SRP.L	analyst_targets_LONDON.txt
SSE.L	analyst_targets_LONDON.txt
SSPG.L	analyst_targets_LONDON.txt
STAN.L	analyst_targets_LONDON.txt
STJ.L	analyst_targets_LONDON.txt
SUNB.L	analyst_targets_LONDON.txt
SUS.L	analyst_targets_LONDON.txt
SVS.L	analyst_targets_LONDON.txt
SVT.L	analyst_targets_LONDON.txt
SWC.L	analyst_targets_LONDON.txt
SYNT.L	analyst_targets_LONDON.txt
TATE.L	analyst_targets_LONDON.txt
TCAP.L	analyst_targets_LONDON.txt
TEP.L	analyst_targets_LONDON.txt
THG.L	analyst_targets_LONDON.txt
THRL.L	analyst_targets_LONDON.txt
TLW.L	analyst_targets_LONDON.txt
TPK.L	analyst_targets_LONDON.txt
TRI.L	analyst_targets_LONDON.txt
TRN.L	analyst_targets_LONDON.txt
TRST.L	analyst_targets_LONDON.txt
TSCO.L	analyst_targets_LONDON.txt
TW.L	analyst_targets_LONDON.txt
ULVR.L	analyst_targets_LONDON.txt
UTG.L	analyst_targets_LONDON.txt
UU.L	analyst_targets_LONDON.txt
VALT.L	analyst_targets_LONDON.txt
VANQ.L	analyst_targets_LONDON.txt
VCT.L	analyst_targets_LONDON.txt
VLX.L	analyst_targets_LONDON.txt
VOD.L	analyst_targets_LONDON.txt
VSVS.L	analyst_targets_LONDON.txt
VTY.L	analyst_targets_LONDON.txt
WEIR.L	analyst_targets_LONDON.txt
WIL.L	analyst_targets_LONDON.txt
WISE.L	analyst_targets_LONDON.txt
WIX.L	analyst_targets_LONDON.txt
WIZZ.L	analyst_targets_LONDON.txt
WKP.L	analyst_targets_LONDON.txt
WOSG.L	analyst_targets_LONDON.txt
WPP.L	analyst_targets_LONDON.txt
WTB.L	analyst_targets_LONDON.txt
XAR.L	analyst_targets_LONDON.txt
XPP.L	analyst_targets_LONDON.txt
XPS.L	analyst_targets_LONDON.txt
ZEG.L	analyst_targets_LONDON.txt
ZIG.L	analyst_targets_LONDON.txt
ZTF.L	analyst_targets_LONDON.txt
4BB.L	analyst_targets_LONDONAIM.txt
ABDP.L	analyst_targets_LONDONAIM.txt
ACSO.L	analyst_targets_LONDONAIM.txt
AET.L	analyst_targets_LONDONAIM.txt
ALL.L	analyst_targets_LONDONAIM.txt
AXS.L	analyst_targets_LONDONAIM.txt
BKS.L	analyst_targets_LONDONAIM.txt
BOKU.L	analyst_targets_LONDONAIM.txt
BRCK.L	analyst_targets_LONDONAIM.txt
BTG.L	analyst_targets_LONDONAIM.txt
CAML.L	analyst_targets_LONDONAIM.txt
CER.L	analyst_targets_LONDONAIM.txt
CHRT.L	analyst_targets_LONDONAIM.txt
CNC.L	analyst_targets_LONDONAIM.txt
DOTD.L	analyst_targets_LONDONAIM.txt
DXRX.L	analyst_targets_LONDONAIM.txt
EAAS.L	analyst_targets_LONDONAIM.txt
ECO.L	analyst_targets_LONDONAIM.txt
EEE.L	analyst_targets_LONDONAIM.txt
FARN.L	analyst_targets_LONDONAIM.txt
FDEV.L	analyst_targets_LONDONAIM.txt
FEVR.L	analyst_targets_LONDONAIM.txt
FLO.L	analyst_targets_LONDONAIM.txt
FRP.L	analyst_targets_LONDONAIM.txt
GFM.L	analyst_targets_LONDONAIM.txt
GGP.L	analyst_targets_LONDONAIM.txt
GHH.L	analyst_targets_LONDONAIM.txt
GMR.L	analyst_targets_LONDONAIM.txt
HCM.L	analyst_targets_LONDONAIM.txt
IES.L	analyst_targets_LONDONAIM.txt
IOM.L	analyst_targets_LONDONAIM.txt
KETL.L	analyst_targets_LONDONAIM.txt
KGH.L	analyst_targets_LONDONAIM.txt
KIST.L	analyst_targets_LONDONAIM.txt
LBG.L	analyst_targets_LONDONAIM.txt
MANO.L	analyst_targets_LONDONAIM.txt
MIDW.L	analyst_targets_LONDONAIM.txt
MPE.L	analyst_targets_LONDONAIM.txt
NICL.L	analyst_targets_LONDONAIM.txt
NWF.L	analyst_targets_LONDONAIM.txt
PGH.L	analyst_targets_LONDONAIM.txt
POLR.L	analyst_targets_LONDONAIM.txt
PRO.L	analyst_targets_LONDONAIM.txt
RKH.L	analyst_targets_LONDONAIM.txt
SAA.L	analyst_targets_LONDONAIM.txt
SDI.L	analyst_targets_LONDONAIM.txt
SRC.L	analyst_targets_LONDONAIM.txt
TAM.L	analyst_targets_LONDONAIM.txt
THS.L	analyst_targets_LONDONAIM.txt
THX.L	analyst_targets_LONDONAIM.txt
TIG.L	analyst_targets_LONDONAIM.txt
TRCS.L	analyst_targets_LONDONAIM.txt
ULTP.L	analyst_targets_LONDONAIM.txt
VIC.L	analyst_targets_LONDONAIM.txt
CBOE	analyst_targets_CHICAGO.txt
