AAON	3.2	1.5	1.0	0.0	0.5	1.0	0.5	0.0	7
ABSI	4.6	2.0	1.5	1.0	0.0	2.0	0.0	0.0	7
AAPL	2.9	1.0	1.0	0.0	0.5	1.0	0.5	0.0	7
ACET	2.9	1.5	1.5	0.0	0.0	0.5	0.0	0.5	7
ABEO	3.6	1.5	0.5	0.0	0.0	2.0	0.5	0.5	7
ACIC	4.6	0.5	1.5	0.0	0.5	1.5	1.5	1.0	7
ACAD	3.2	1.0	1.5	0.0	0.0	1.5	0.0	0.5	7
ACT	3.2	0.0	0.5	0.0	0.0	1.5	0.5	2.0	7
ADSK	3.2	1.5	0.5	0.0	1.0	1.0	0.5	0.0	7
ADMA	2.5	0.5	0.5	0.0	0.5	2.0	0.0	0.0	7
AEVA	5.7	2.0	0.5	0.0	2.0	1.0	1.5	1.0	7
ADV	5.0	2.0	0.0	0.0	2.0	1.5	0.0	1.5	7
AFYA	3.6	0.0	0.0	0.0	0.5	1.5	2.0	1.0	6
AEIS	2.5	1.5	0.0	0.0	1.0	1.0	0.0	0.0	7
AGNT	5.0	2.0	1.5	0.0	1.0	2.0	0.5	0.0	6
AGMB	3.6	1.0	1.5	0.0	0.0	1.0	0.0	1.5	6
AIFC	4.3	2.0	1.5	0.0	0.0	2.0	0.5	0.0	7
ADBE	2.5	1.5	0.5	0.0	0.5	1.0	0.0	0.0	7
AIP	2.5	2.0	0.5	0.0	0.0	1.0	0.0	0.0	7
AIXC	4.3	0.0	1.0	2.0	1.0	1.0	1.0	0.0	4
ALCO	3.6	1.0	0.0	0.0	1.0	2.0	0.5	0.5	7
ALLO	2.5	0.5	1.0	0.0	0.0	2.0	0.0	0.0	7
ALGM	3.2	2.0	0.5	0.0	0.5	1.0	0.0	0.5	7
ALHC	3.2	1.0	1.5	0.0	1.0	1.0	0.0	0.0	7
ALMS	1.4	0.0	1.0	0.0	0.0	0.5	0.0	0.5	7
ALTO	1.4	0.0	0.0	0.0	0.5	1.0	0.5	0.0	7
AMAL	4.3	1.0	1.0	0.0	1.0	1.5	1.0	0.5	6
AMD	2.9	2.0	1.5	0.0	0.0	0.5	0.0	0.0	7
AMSC	3.6	2.0	1.0	0.0	0.0	1.5	0.5	0.0	7
AMLX	1.1	0.0	0.0	0.0	0.0	1.0	0.0	0.5	7
AMZN	2.1	1.5	0.0	0.0	0.5	0.5	0.5	0.0	7
ALRM	2.5	0.5	1.0	0.0	0.5	1.5	0.0	0.0	7
ANGI	3.6	1.5	1.0	0.0	0.5	1.5	0.0	0.5	7
AMBR	2.5	1.0	0.0	0.0	0.0	0.0	1.0	1.5	6
ANIP	3.2	0.0	1.0	0.0	1.0	1.5	1.0	0.0	7
AONC	4.3	0.5	0.5	0.0	1.0	0.5	2.0	1.5	7
API	1.1	0.5	0.0	0.0	0.0	1.0	0.0	0.0	7
APP	3.6	2.0	1.5	0.0	1.0	0.5	0.0	0.0	7
APC	3.6	1.0	1.0	0.0	2.0	1.0	0.0	0.0	6
APPS	3.6	2.0	0.5	0.0	1.5	1.0	0.0	0.0	7
ARKO	5.0	1.0	1.5	0.0	2.0	1.5	0.0	1.0	7
ARDX	3.9	0.5	1.5	0.0	1.5	1.5	0.5	0.0	7
ARCB	2.1	1.5	0.0	0.0	0.5	1.0	0.0	0.0	7
ARQQ	4.3	2.0	0.5	0.0	0.0	1.5	0.5	1.5	7
ARXS	3.2	1.0	0.0	0.0	0.5	1.5	1.5	0.0	6
ASND	2.1	1.0	0.0	0.0	0.5	1.5	0.0	0.0	6
ARTNA	0.7	0.0	0.0	0.0	0.5	0.5	0.0	0.0	7
ASPS	3.2	0.0	1.0	0.0	1.0	2.0	0.0	0.5	6
ATEX	2.1	1.0	0.5	0.0	0.0	1.0	0.0	0.5	7
ATYR	3.9	1.0	2.0	0.0	0.0	2.0	0.5	0.0	7
ATNI	3.2	0.5	0.5	0.0	1.0	1.0	1.0	0.5	7
ASTH	3.6	1.0	0.0	0.0	1.5	2.0	0.0	0.5	7
ATRC	2.5	1.5	1.0	0.0	0.0	1.0	0.0	0.0	7
AUPH	2.5	1.5	0.0	0.0	0.0	1.5	0.5	0.0	7
AVGO	1.8	1.5	0.0	0.0	0.5	0.5	0.0	0.0	7
AVNW	1.4	0.5	0.0	0.0	0.5	1.0	0.0	0.0	7
AUTL	5.0	2.0	0.0	0.0	2.0	1.0	0.5	1.5	7
ATAI	2.9	1.5	2.0	0.0	0.0	0.5	0.0	0.0	7
AZN	1.8	0.0	1.5	0.0	0.5	0.0	0.5	0.0	7
AXON	3.6	1.5	1.0	1.0	0.5	1.0	0.0	0.0	7
AVT.US	3.2	1.0	1.5	0.0	0.5	1.5	0.0	0.0	7
AD.NV	3.2	0.0	1.5	0.0	1.0	1.0	1.0	0.0	5
BAMNB.NV	2.9	0.5	1.0	0.0	0.5	1.0	1.0	0.0	5
AKZA.NV	2.9	1.0	0.0	0.0	1.0	1.0	1.0	0.0	5
CSG.NV	5.0	1.0	1.0	0.0	1.0	1.0	1.0	2.0	4
ASRNL.NV	3.6	0.5	1.0	0.0	1.5	1.0	1.0	0.0	5
DSFIR.NV	3.2	0.5	1.5	0.0	0.5	1.0	1.0	0.0	5
ARCAD.NV	2.9	0.5	0.0	0.0	1.0	1.0	1.0	0.5	5
BNJ.NV	5.0	0.0	1.0	0.0	2.0	1.0	1.0	2.0	5
HOLCO.NV	2.1	0.0	1.0	0.0	0.0	1.0	1.0	0.0	5
HEIA.NV	3.2	0.5	0.0	0.0	1.0	1.0	1.0	1.0	5
MICC.NV	3.6	1.0	0.0	0.0	2.0	1.0	1.0	0.0	4
FUR.NV	3.2	0.5	1.5	0.0	0.5	1.0	1.0	0.0	5
INPST.NV	6.1	1.0	1.5	0.0	2.0	1.0	1.0	2.0	5
KPN.NV	3.2	0.0	1.0	0.0	1.5	1.0	1.0	0.0	5
NAI.NV	2.9	0.0	0.0	0.0	1.0	1.0	1.0	1.0	4
NN.NV	2.5	0.5	0.5	0.0	0.5	1.0	1.0	0.0	5
PRX.NV	3.6	0.5	2.0	0.0	0.5	1.0	1.0	0.0	5
PHARM.NV	2.9	0.0	1.5	0.0	0.5	1.0	1.0	0.0	5
TOM2.NV	3.9	1.0	1.5	0.0	0.0	1.0	1.0	1.0	5
NXFIL.NV	2.9	0.0	0.0	0.0	0.5	1.0	1.0	1.5	5
UNA.NV	2.5	0.0	0.0	0.0	1.5	1.0	1.0	0.0	5
REN.NV	2.9	0.0	0.0	0.0	2.0	1.0	1.0	0.0	5
SLIGR.NV	4.6	1.0	1.5	0.0	1.0	1.0	1.0	1.0	5
BBIO	3.2	1.0	0.5	0.0	1.0	2.0	0.0	0.0	6
VPK.NV	4.3	0.5	1.5	1.0	1.0	1.0	1.0	0.0	5
BCRX	2.1	0.5	0.0	0.0	1.0	1.5	0.0	0.0	6
BCIC	4.3	0.0	2.0	0.0	1.5	0.5	1.0	1.0	6
BANF	3.2	0.5	0.5	0.0	1.0	1.5	0.5	0.5	6
BETR	5.4	1.5	2.0	0.0	2.0	1.0	0.5	0.5	7
BEAM	3.2	2.0	0.5	0.0	0.0	2.0	0.0	0.0	7
BGC	3.2	1.0	1.0	0.0	1.5	1.0	0.0	0.0	7
WKL.NV	3.2	0.0	0.5	0.0	2.0	1.0	1.0	0.0	5
BJRI	3.2	1.5	0.5	0.0	1.0	1.0	0.5	0.0	7
BIDU	2.5	0.5	1.5	0.0	0.5	0.5	0.5	0.0	7
BKYI	2.9	0.5	2.0	0.0	0.0	0.0	1.5	0.0	7
BLDP	4.3	2.0	1.5	0.0	0.0	1.5	0.5	0.5	7
BLLN	3.2	1.0	0.0	1.0	0.0	1.0	1.0	0.5	6
BMEA	1.8	0.0	0.5	0.0	0.0	1.0	1.0	0.0	7
BLTE	3.6	1.5	0.5	0.0	1.0	1.0	0.0	1.0	6
BOOM	2.5	2.0	0.5	0.0	0.0	0.5	0.5	0.0	7
BRCB	4.3	1.0	1.5	0.0	1.5	1.0	1.0	0.0	6
BRZE	1.8	1.0	0.0	0.0	0.0	0.5	1.0	0.0	7
BTBT	3.6	2.0	1.0	0.0	1.0	0.5	0.5	0.0	7
BTSG	3.9	2.0	0.5	0.0	1.0	1.0	0.5	0.5	7
BNGO	1.1	1.5	0.0	0.0	0.0	0.0	0.0	0.0	7
BZUN	3.6	0.0	0.5	2.0	0.5	1.0	0.5	0.5	7
BWMN	2.9	1.5	1.0	0.0	1.0	0.5	0.0	0.0	7
BVS	3.6	0.5	0.5	0.0	1.0	1.0	1.0	1.0	7
ACCB.BR	2.5	0.0	0.5	0.0	0.0	1.0	1.0	1.0	4
ASCE.BR	1.8	0.0	0.0	0.0	0.5	1.0	1.0	0.0	5
BANI.BR	4.3	1.0	0.5	0.0	1.0	1.0	1.0	1.5	4
BEKB.BR	2.9	1.0	0.0	0.0	0.5	1.0	1.0	0.5	5
AGFB.BR	3.2	0.5	1.0	0.0	1.0	1.0	1.0	0.0	5
COMB.BR	2.5	0.0	0.0	0.0	0.5	1.0	1.0	1.0	5
DEME.BR	3.6	1.0	0.0	0.0	0.5	1.0	1.0	1.5	5
CENER.BR	3.9	1.0	0.5	0.0	0.5	1.0	1.0	1.5	5
EKOP.BR	5.4	0.0	2.0	0.0	1.5	1.0	1.0	2.0	5
BPOST.BR	5.4	0.5	2.0	0.0	2.0	1.0	1.0	1.0	5
FAGR.BR	2.1	0.0	0.0	0.0	1.0	1.0	1.0	0.0	5
GIMB.BR	1.4	0.0	0.0	0.0	0.0	1.0	1.0	0.0	5
HYSG.BR	2.9	0.0	0.0	0.0	0.0	1.0	1.0	2.0	5
IMMO.BR	4.6	1.0	1.5	0.0	1.0	1.0	1.0	1.0	4
LOTB.BR	3.6	0.5	1.0	0.0	0.5	1.0	1.0	1.0	5
KBC.BR	3.6	0.5	0.5	0.0	1.0	1.0	1.0	1.0	3
ONTEX.BR	4.3	0.5	1.5	1.0	0.5	1.0	1.0	0.5	5
NEXTA.BR	4.3	0.5	0.0	1.0	0.5	1.0	1.0	2.0	5
SOLB.BR	3.6	0.0	1.0	0.0	1.5	1.0	1.0	0.5	5
PROX.BR	3.9	0.0	1.5	0.0	1.0	1.0	1.0	1.0	5
SHUR.BR	5.0	1.0	2.0	0.0	0.5	1.0	1.0	1.5	5
TEXF.BR	2.5	0.0	0.5	0.0	0.0	1.0	1.0	1.0	4
RECT.BR	3.2	1.0	0.5	0.0	0.5	1.0	1.0	0.5	5
TUB.BR	4.3	0.0	2.0	0.0	1.0	1.0	1.0	1.0	4
VAN.BR	3.2	0.0	1.0	0.0	0.0	1.0	1.0	1.5	5
CABA	3.2	2.0	1.0	0.0	0.0	1.0	0.5	0.0	7
VIO.BR	4.3	1.0	0.5	0.0	0.5	1.0	1.0	2.0	5
WEHB.BR	2.9	0.5	0.0	0.0	0.5	1.0	1.0	1.0	5
CAE	3.2	1.0	1.5	0.0	0.5	1.5	0.0	0.0	7
CARG	4.6	1.5	1.0	1.0	0.5	1.5	1.0	0.0	7
CAPR	2.5	0.5	1.0	0.0	0.5	0.5	0.5	0.5	7
CASS	2.1	0.0	0.5	0.0	0.5	1.0	1.0	0.0	7
CALM	3.2	0.0	1.5	1.0	1.0	1.0	0.0	0.0	6
CBRL	4.3	1.5	1.0	0.0	1.5	1.5	0.5	0.0	7
CCNE	3.6	0.5	1.0	0.0	1.0	1.5	1.0	0.0	6
CBUS	5.0	1.5	1.0	0.0	2.0	2.0	0.0	0.5	7
CCBG	2.1	0.0	0.5	0.0	1.0	1.5	0.0	0.0	6
CERT	4.3	1.5	0.0	1.0	0.5	2.0	0.5	0.5	7
CELH	2.5	1.0	1.5	0.0	0.0	1.0	0.0	0.0	7
CDLX	4.6	0.5	2.0	1.0	1.0	2.0	0.0	0.0	6
CDW	3.2	1.0	0.0	0.0	2.0	1.0	0.5	0.0	7
CG	5.0	2.0	2.0	0.0	1.5	1.0	0.0	0.5	7
CECO	2.1	1.5	0.0	0.0	0.5	0.5	0.5	0.0	7
CGON	2.1	0.0	0.5	0.0	0.0	2.0	0.0	0.5	7
CGEM	2.5	0.0	0.0	1.0	0.0	2.0	0.0	0.5	7
CHDN	3.9	0.5	1.5	0.0	2.0	1.0	0.5	0.0	7
CHRD	1.1	0.0	0.5	0.0	0.0	1.0	0.0	0.0	7
CLFD	3.2	2.0	0.5	0.0	0.0	1.5	0.0	0.5	7
CHTR	4.6	0.5	2.0	0.0	2.0	1.0	1.0	0.0	7
CIGI	4.3	1.5	2.0	0.0	1.0	1.0	0.5	0.0	7
CLBK	2.5	0.0	1.0	0.0	1.0	1.0	0.5	0.0	6
CLPT	4.3	1.5	1.0	0.0	2.0	1.5	0.0	0.0	7
CLMT	3.9	0.5	1.5	0.0	1.0	1.0	1.0	0.5	6
CMPS	3.2	2.0	0.0	0.0	0.5	1.5	0.0	0.5	7
CNDT	3.2	1.5	0.5	0.0	1.0	1.0	0.5	0.0	7
CMCSA	3.2	0.5	2.0	0.0	1.0	1.0	0.0	0.0	7
CNXC	3.6	0.5	0.5	0.0	1.5	1.5	0.5	0.5	7
COCP	3.2	1.5	0.5	0.0	1.0	1.0	0.0	0.5	7
COHU	3.6	1.5	1.5	0.0	0.5	1.5	0.0	0.0	7
CORT	2.5	0.0	1.5	0.0	0.0	2.0	0.0	0.0	7
CPB	3.9	0.0	1.5	1.0	1.5	1.0	0.0	0.5	7
CRMD	3.6	1.5	1.0	0.0	0.5	2.0	0.0	0.0	7
CRDF	3.2	1.5	1.0	0.0	0.0	2.0	0.0	0.0	7
COLL	4.6	0.5	2.0	0.0	2.0	1.5	0.5	0.0	7
CRNT	2.1	1.5	0.5	0.0	0.0	0.5	0.5	0.0	7
CRBP	4.3	2.0	2.0	0.0	0.0	0.5	1.0	0.5	7
CROX	2.9	1.5	0.5	0.0	1.0	1.0	0.0	0.0	7
CRWV	3.2	1.0	0.5	0.0	2.0	0.5	0.0	0.5	6
CTKB	3.9	1.0	1.5	1.0	0.0	1.5	0.0	0.5	7
CSIQ	5.0	1.5	1.5	0.0	1.5	1.5	0.5	0.5	7
CRTO	3.9	1.0	2.0	1.0	0.0	1.0	0.5	0.0	6
CTSH	1.8	1.0	0.0	0.0	0.0	1.5	0.0	0.0	7
CVGI	3.2	1.5	0.0	0.0	1.0	1.0	0.5	0.5	7
CSX	3.2	1.5	0.5	0.0	1.0	1.0	0.5	0.0	7
CWST	2.9	0.5	0.5	0.0	1.0	2.0	0.0	0.0	7
CBOE	0.7	0.0	0.5	0.0	0.0	0.5	0.0	0.0	7
BAVA.CO	2.5	1.0	0.5	0.0	0.0	1.0	1.0	0.0	5
ALSYDB.CO	3.2	0.0	1.5	0.0	1.0	1.0	1.0	0.0	4
COLO-B.CO	3.9	0.5	1.0	0.0	1.5	1.0	1.0	0.5	5
CARLB.CO	3.2	0.5	0.0	0.0	1.0	1.0	1.0	1.0	4
DFDS.CO	3.6	1.0	1.0	0.0	1.0	1.0	1.0	0.0	5
FLS.CO	2.9	1.5	0.5	0.0	0.0	1.0	1.0	0.0	5
GRLA.CO	3.9	0.0	1.5	1.0	1.0	1.0	1.0	0.0	4
FYNBK.CO	3.2	0.0	0.0	0.0	1.0	1.0	1.0	1.5	4
DSV.CO	3.9	1.0	2.0	0.0	0.5	1.0	1.0	0.0	5
HARBb.CO	2.9	1.0	0.0	0.0	0.5	1.0	1.0	0.5	5
JYSK.CO	2.9	0.0	1.0	0.0	1.0	1.0	1.0	0.0	4
LASP.CO	3.9	0.0	0.0	2.0	1.0	1.0	1.0	0.5	4
NNIT.CO	4.6	0.0	2.0	1.0	0.5	1.0	1.0	1.0	5
MTHH.CO	2.9	0.5	1.5	0.0	0.0	1.0	1.0	0.0	5
MAERSKB.CO	3.2	0.5	1.5	0.0	0.5	1.0	1.0	0.0	5
CYRX	5.0	2.0	2.0	1.0	0.5	1.0	0.5	0.0	7
NSIS-B.CO	2.1	0.5	0.5	0.0	0.0	1.0	1.0	0.0	5
SJF.CO	3.2	0.0	1.5	0.0	1.0	1.0	1.0	0.0	4
PRIMOF.CO	4.6	0.0	0.5	2.0	1.0	1.0	1.0	1.0	4
ROCKB.CO	3.6	1.5	0.5	0.0	1.0	1.0	1.0	0.0	4
TIV.CO	3.9	0.0	1.0	1.0	0.5	1.0	1.0	1.0	5
PAALb.CO	3.2	0.5	0.5	0.0	0.5	1.0	1.0	1.0	4
DAVE	3.6	2.0	0.5	0.0	1.0	1.5	0.0	0.0	7
TRYG.CO	2.9	0.0	1.0	0.0	0.0	1.0	1.0	1.0	5
DCTH	1.8	0.5	1.0	0.0	0.0	1.0	0.0	0.0	7
DGICA	1.8	0.0	0.0	0.0	0.0	1.5	0.0	1.0	7
DFDV	3.6	2.0	1.0	0.0	1.0	0.5	0.0	0.5	6
DHC	3.6	2.0	0.0	0.0	1.5	1.5	0.0	0.0	7
ZEAL.CO	2.9	0.5	1.5	0.0	0.0	1.0	1.0	0.0	5
DLO	2.5	1.0	0.0	0.0	0.0	1.5	0.0	1.0	7
DMRC	4.3	2.0	1.0	0.0	0.0	2.0	0.5	0.5	7
DNUT	5.4	1.5	2.0	0.0	1.5	1.5	0.0	1.0	7
HUSCO.CO	3.9	1.0	1.5	1.0	0.0	1.0	1.0	0.0	5
DOO	3.9	1.0	1.0	0.0	2.0	1.0	0.5	0.0	7
DOYU	3.2	1.0	1.5	0.0	0.0	0.5	0.5	1.0	7
DSGR	3.6	0.5	2.0	0.0	1.0	0.5	1.0	0.0	7
AJMANBANK.AE	3.2	0.5	0.0	0.0	1.0	1.0	1.0	1.0	4
AMLAK.AE	3.9	0.0	1.5	0.0	1.0	1.0	1.0	1.0	4
DEWA.AE	3.2	0.0	0.0	0.0	0.5	1.0	1.0	2.0	5
DTC.AE	4.3	0.0	0.5	1.0	2.0	1.0	1.0	0.5	5
DIB.AE	3.6	0.0	1.5	0.0	1.0	1.0	1.0	0.5	4
SALIK.AE	3.2	0.0	0.5	0.0	2.0	1.0	1.0	0.0	5
TAALEEM.AE	2.9	0.0	0.5	0.0	1.0	1.0	1.0	0.5	5
UPP.AE	2.5	0.5	1.0	0.0	0.0	1.0	1.0	0.0	5
EEFT	4.3	1.0	1.5	0.0	1.5	1.5	0.5	0.0	7
EH	4.3	1.0	2.0	0.0	0.5	2.0	0.5	0.0	7
ELMT	3.2	1.0	0.5	0.0	0.0	0.5	1.0	1.5	6
DRS	2.1	0.0	0.5	0.0	0.0	1.0	0.0	1.5	7
DXPE	3.6	1.0	1.5	0.0	1.5	1.0	0.0	0.0	7
ENSG	1.8	0.5	0.0	0.0	1.0	1.0	0.0	0.0	7
ENGN	2.5	0.0	1.5	0.0	0.0	0.5	0.5	1.0	7
DUOL	1.8	1.0	0.5	0.0	0.0	1.0	0.0	0.0	7
ENVX	5.4	2.0	2.0	0.0	2.0	1.5	0.0	0.0	7
EVCM	3.9	0.5	0.5	0.0	0.5	2.0	0.0	2.0	7
EMAARDEV.AE	3.6	0.0	1.5	0.0	0.0	1.0	1.0	1.5	5
ESTA	3.9	1.0	0.0	0.0	2.0	2.0	0.0	0.5	7
ESEA	3.6	0.5	0.5	0.0	0.5	0.5	2.0	1.0	7
ERC.AE	3.9	0.0	1.5	0.0	0.0	1.0	1.0	2.0	5
EQPT	4.6	1.0	1.0	0.0	2.0	1.5	0.0	1.0	6
EWBC	3.2	1.0	0.5	0.0	1.0	1.5	0.5	0.0	6
ECHO	2.9	1.0	0.0	0.0	1.0	2.0	0.0	0.0	7
EXEL	2.5	0.0	1.5	0.0	0.0	2.0	0.0	0.0	7
EYE	3.2	1.0	1.0	0.0	0.5	1.5	0.5	0.0	7
EXPE	3.2	1.5	0.0	0.0	1.5	1.0	0.5	0.0	7
FA	3.6	1.0	0.0	0.0	1.5	1.5	0.0	1.0	7
FCFS	2.1	0.5	0.5	0.0	1.0	1.0	0.0	0.0	7
FFIN	2.9	1.0	0.0	0.0	1.0	2.0	0.0	0.0	6
FDUS	3.2	0.5	0.0	0.0	1.0	1.0	1.0	1.0	6
FLD	2.9	0.0	1.5	0.0	0.5	0.0	0.5	1.5	7
FLL	4.3	1.5	2.0	0.0	1.0	1.0	0.5	0.0	6
FISI	3.2	0.5	1.0	0.0	1.0	1.0	1.0	0.0	6
FOSL	5.7	1.5	2.0	0.0	2.0	2.0	0.0	0.5	7
FLY	2.5	1.0	1.0	0.0	0.0	1.0	0.0	0.5	6
FMNB	3.2	1.0	0.5	0.0	1.0	1.5	0.5	0.0	6
FOXF	3.2	1.5	0.0	0.0	1.0	1.5	0.5	0.0	7
FRPT	2.5	1.5	0.0	0.0	0.5	1.5	0.0	0.0	7
FRVO	4.6	1.0	2.0	1.0	0.0	0.5	1.5	0.5	6
FTNT	2.9	1.0	1.5	0.0	0.5	1.0	0.0	0.0	7
FSLY	1.4	0.0	0.5	0.0	0.5	1.0	0.0	0.0	7
FWONK	1.4	0.5	0.0	0.0	0.5	1.0	0.0	0.0	7
FUTU	2.1	0.0	0.5	0.0	0.5	1.0	0.5	0.5	7
FRMI	4.3	1.0	2.0	0.0	0.5	1.0	1.0	0.5	6
0B2.DE	3.2	0.5	1.0	0.0	1.0	1.0	1.0	0.0	4
1SXP.DE	5.0	1.0	1.0	1.0	0.5	1.0	1.0	1.5	5
FATE	3.2	2.0	0.0	0.0	0.5	1.5	0.5	0.0	7
3SQ1.DE	3.6	1.0	1.0	0.0	0.5	1.0	1.0	0.5	5
2HRA.DE	3.9	0.0	1.5	0.0	0.5	1.0	1.0	1.5	5
8TRA.DE	4.6	1.5	0.0	0.0	1.0	1.0	1.0	2.0	5
AAD.DE	5.4	1.0	2.0	1.0	1.0	1.0	1.0	0.5	5
FIBK	2.9	0.5	0.0	0.0	1.0	2.0	0.5	0.0	6
ADN1.DE	5.0	1.0	1.0	0.0	1.5	1.0	1.0	1.5	5
ABX.DE	4.3	1.0	1.5	0.0	0.5	1.0	1.0	1.0	4
AEIN.DE	4.6	0.5	1.5	1.0	0.5	1.0	1.0	1.0	5
ACX.DE	3.9	1.5	0.0	0.0	0.0	1.0	1.0	2.0	5
APM.DE	4.6	1.0	1.5	1.0	0.0	1.0	1.0	1.0	5
AMV0.DE	3.6	1.0	1.0	0.0	0.0	1.0	1.0	1.0	4
ALG.DE	6.8	0.0	1.5	2.0	2.0	1.0	1.0	2.0	5
AVGO.EUR	1.8	1.5	0.0	0.0	0.5	0.5	0.0	0.0	7
BEZ.DE	3.2	0.0	2.0	0.0	0.5	1.0	1.0	0.0	5
BC8.DE	3.2	1.0	0.0	0.0	0.5	1.0	1.0	1.0	4
BIKE.DE	4.3	1.0	1.5	0.0	0.5	1.0	1.0	1.0	5
BMW.DE	4.3	1.0	1.5	0.0	1.0	1.0	1.0	0.5	5
BST.DE	2.9	0.0	1.0	0.0	0.0	1.0	1.0	1.0	5
BXT.DE	3.9	1.5	1.0	0.0	1.0	1.0	1.0	0.0	4
CAP.DE	5.0	0.5	1.5	0.0	2.0	1.0	1.0	1.0	5
C1V0.DE	5.0	1.5	1.0	0.0	1.0	1.0	1.0	1.5	5
BOSS.DE	2.5	0.5	0.0	0.0	0.5	1.0	1.0	0.5	5
CEK.DE	4.6	0.5	1.0	2.0	0.0	1.0	1.0	1.0	4
CDZ0.DE	2.9	0.0	1.0	0.0	0.0	1.0	1.0	1.0	4
CLIQ.DE	3.6	0.0	1.0	2.0	0.0	1.0	1.0	0.0	5
CSH.DE	3.2	0.5	0.5	0.0	1.0	1.0	1.0	0.5	5
AAQ1.DE	2.5	0.0	0.0	0.0	0.5	1.0	1.0	1.0	5
DAR.DE	3.2	0.5	0.5	0.0	0.5	1.0	1.0	1.0	4
CYR.DE	3.2	1.0	0.5	0.0	0.0	1.0	1.0	1.0	4
DBK.DE	2.9	1.0	0.0	0.0	1.0	1.0	1.0	0.0	4
DEX.DE	3.6	0.5	0.5	0.0	1.0	1.0	1.0	1.0	5
DMP.DE	5.0	1.0	0.5	0.0	1.5	1.0	1.0	2.0	5
DP4A.DE	3.2	0.5	1.5	0.0	0.5	1.0	1.0	0.0	5
DTD2.DE	2.5	0.0	0.5	0.0	0.0	1.0	1.0	1.0	5
DUE.DE	4.3	1.5	1.5	0.0	0.5	1.0	1.0	0.5	5
E4C.DE	4.3	1.0	1.5	0.0	0.0	1.0	1.0	1.5	5
ECK.DE	5.0	0.0	0.5	1.0	1.5	1.0	1.0	2.0	4
EFF0.DE	4.3	0.0	1.0	0.0	2.0	1.0	1.0	1.0	4
EBK.DE	3.6	0.0	0.0	0.0	1.0	1.0	1.0	2.0	5
ENR.DE	2.9	2.0	0.0	0.0	0.0	1.0	1.0	0.0	5
ETG.DE	3.6	0.0	1.0	0.0	1.0	1.0	1.0	1.0	4
EVT.DE	4.3	1.5	1.5	0.0	0.5	1.0	1.0	0.5	5
FC9.DE	4.3	0.0	0.5	0.0	2.0	1.0	1.0	1.5	5
FIE.DE	4.6	0.5	1.5	0.0	1.0	1.0	1.0	1.5	5
FYB.DE	2.9	0.5	0.5	0.0	0.0	1.0	1.0	1.0	4
GBF.DE	3.2	0.5	2.0	0.0	0.0	1.0	1.0	0.0	5
DIE.DE	3.6	0.0	0.5	0.0	1.0	1.0	1.0	1.5	5
GLJ.DE	6.1	1.5	2.0	0.0	2.0	1.0	1.0	1.0	5
FIVE	2.5	1.0	0.0	0.0	1.0	0.5	1.0	0.0	7
GXI.DE	2.5	0.0	0.0	0.0	1.5	1.0	1.0	0.0	5
AMD.EUR	2.9	2.0	1.5	0.0	0.0	0.5	0.0	0.0	7
H9W.DE	4.3	0.0	1.5	0.0	1.5	1.0	1.0	1.0	4
HAW.DE	5.0	0.0	2.0	0.0	1.5	1.0	1.0	1.5	5
GOOG.EUR	2.1	1.5	0.0	0.0	0.0	1.0	0.5	0.0	7
HEI.DE	3.9	1.0	1.5	0.0	0.5	1.0	1.0	0.5	5
HMU.DE	5.0	0.0	1.0	2.0	0.5	1.0	1.0	1.5	5
ELB.DE	3.9	1.0	0.0	0.0	2.0	1.0	1.0	0.5	5
HLAG.DE	3.9	1.0	0.0	0.0	0.5	1.0	1.0	2.0	5
HFG.DE	3.2	0.0	1.5	0.0	1.0	1.0	1.0	0.0	5
HRPK.DE	3.6	0.0	0.5	1.0	1.0	1.0	1.0	0.5	5
HOT.DE	4.6	1.0	0.0	0.0	2.0	1.0	1.0	1.5	5
ILM1.DE	4.6	1.5	1.5	0.0	0.5	1.0	1.0	1.0	5
IOS.DE	4.6	0.5	0.5	0.0	2.0	1.0	1.0	1.5	5
ISHA.DE	2.1	0.5	0.0	0.0	0.5	1.0	1.0	0.0	5
FPE.DE	2.9	0.5	1.5	0.0	0.0	1.0	1.0	0.0	5
IBU.DE	4.3	2.0	1.5	0.0	0.0	1.0	1.0	0.5	5
FRE.DE	3.2	1.0	0.0	0.0	0.5	1.0	1.0	1.0	4
JY0.DE	3.9	0.0	0.5	1.0	1.0	1.0	1.0	1.0	3
JEN.DE	2.9	1.0	0.5	0.0	0.5	1.0	1.0	0.0	5
KCO.DE	5.7	1.5	1.5	1.0	1.0	1.0	1.0	1.0	3
IVU.DE	3.6	1.0	1.5	0.0	0.0	1.0	1.0	0.5	5
KWS.DE	2.9	0.0	0.5	0.0	0.0	1.0	1.0	1.5	5
KSB.DE	2.9	0.5	1.5	0.0	0.0	1.0	1.0	0.0	5
KTA.DE	6.8	1.5	1.5	1.0	2.0	1.0	1.0	1.5	5
LIN.DE	3.9	1.0	0.5	0.0	1.0	1.0	1.0	1.0	2
LSX.DE	3.6	0.0	1.0	0.0	0.5	1.0	1.0	1.5	5
M5S.DE	5.0	1.0	1.0	0.0	1.0	1.0	1.0	2.0	5
MBG.DE	3.6	0.5	1.5	0.0	1.0	1.0	1.0	0.0	5
M12.DE	2.9	1.0	1.0	0.0	0.0	1.0	1.0	0.0	5
MA10.DE	1.8	0.5	0.0	0.0	0.0	1.0	1.0	0.0	5
MLL.DE	5.4	0.5	1.0	0.0	2.0	1.0	1.0	2.0	5
MRK.DE	2.5	0.5	0.5	0.0	0.5	1.0	1.0	0.0	5
MUM.DE	4.3	1.0	1.5	0.0	0.5	1.0	1.0	1.0	5
NEM.DE	3.2	0.5	0.5	0.0	0.5	1.0	1.0	1.0	5
NCH2.DE	3.9	1.0	0.5	0.0	0.0	1.0	1.0	2.0	5
NA9.DE	4.6	1.0	2.0	0.0	1.5	1.0	1.0	0.0	5
NN6.DE	3.2	0.0	0.5	0.0	1.0	1.0	1.0	1.0	3
NUVA.DE	4.3	0.0	0.0	1.0	2.0	1.0	1.0	1.0	4
OEWA.DE	2.9	0.0	0.0	0.0	0.5	1.0	1.0	1.5	5
PAT.DE	4.3	1.5	1.5	0.0	0.0	1.0	1.0	1.0	5
P4O.DE	2.1	0.0	0.0	0.0	0.0	1.0	1.0	1.0	5
MSFT.EUR	2.1	1.0	1.0	0.0	0.0	1.0	0.0	0.0	7
PFV.DE	3.2	0.5	0.5	0.0	0.5	1.0	1.0	1.0	4
O4B.DE	3.6	0.0	1.0	0.0	0.0	1.0	1.0	2.0	5
PNE3.DE	5.4	0.0	1.5	0.0	2.0	1.0	1.0	2.0	5
PYR.DE	2.1	0.0	0.0	0.0	1.0	1.0	1.0	0.0	5
PSM.DE	6.8	1.5	2.0	1.0	1.5	1.0	1.0	1.5	5
R3NK.DE	5.4	2.0	2.0	0.0	1.0	1.0	1.0	0.5	5
QBY0.DE	3.2	1.5	0.5	0.0	0.0	1.0	1.0	0.5	5
RCMN.DE	2.1	0.0	0.5	0.0	0.5	1.0	1.0	0.0	5
RRTL.DE	4.6	0.5	2.0	0.0	0.5	1.0	1.0	1.5	5
RWE.DE	2.9	0.5	1.0	0.0	0.5	1.0	1.0	0.0	5
S6P.DE	4.3	0.0	1.0	1.0	1.0	1.0	1.0	1.0	1
MVV1.DE	2.5	0.0	0.0	0.0	0.5	1.0	1.0	1.0	5
SBS.DE	2.9	1.0	0.5	0.0	0.5	1.0	1.0	0.0	5
SGL.DE	5.4	1.5	0.5	2.0	0.5	1.0	1.0	1.0	4
SIE.DE	3.6	1.5	1.0	0.0	0.5	1.0	1.0	0.0	5
SDF.DE	2.1	0.0	0.0	0.0	0.0	1.0	1.0	1.0	4
SIX3.DE	3.6	1.0	0.0	0.0	1.5	1.0	1.0	0.5	5
SMWN.DE	3.6	0.0	1.0	0.0	0.5	1.0	1.0	1.5	5
SRAG.DE	3.2	1.5	0.0	0.0	0.0	1.0	1.0	1.0	4
STM.DE	3.9	1.0	0.5	0.0	1.0	1.0	1.0	1.0	5
SLL.DE	3.2	0.5	0.5	0.0	1.0	1.0	1.0	0.5	5
SVE.DE	2.5	0.0	0.0	0.0	1.0	1.0	1.0	0.5	4
TGTA.DE	5.0	0.0	1.5	0.0	1.5	1.0	1.0	2.0	5
SZU.DE	3.6	0.0	0.5	0.0	0.5	1.0	1.0	2.0	5
TMV.DE	3.6	1.0	0.0	0.0	2.0	1.0	1.0	0.0	5
TPG0.DE	4.3	1.5	2.0	0.0	0.5	1.0	1.0	0.0	5
TTO.DE	5.0	0.0	1.5	1.0	1.0	1.0	1.0	1.5	3
TKMS.DE	3.6	1.0	0.0	1.0	0.0	1.0	1.0	1.0	4
UBK.DE	4.3	0.5	0.5	2.0	1.0	1.0	1.0	0.0	4
VG80.DE	2.1	0.0	0.0	0.0	0.0	1.0	1.0	1.0	4
VRL.DE	4.3	1.0	1.0	0.0	1.0	1.0	1.0	1.0	2
UZU.DE	3.6	1.0	0.0	0.0	0.5	1.0	1.0	1.5	5
VOS.DE	5.0	1.0	2.0	0.0	1.0	1.0	1.0	1.0	5
VIH1.DE	6.1	1.0	2.0	1.0	1.0	1.0	1.0	1.5	5
WAF.DE	3.6	1.5	0.0	0.0	0.5	1.0	1.0	1.0	5
WIB.DE	4.6	1.0	1.5	1.0	1.0	1.0	1.0	0.0	5
VVV3.DE	3.2	1.0	0.5	0.0	1.0	1.0	1.0	0.0	4
V6C.DE	5.4	1.0	0.0	2.0	1.0	1.0	1.0	1.5	5
WUW.DE	6.8	0.5	2.0	2.0	1.5	1.0	1.0	1.5	5
YOC.DE	5.4	1.0	2.0	2.0	0.0	1.0	1.0	0.5	5
ZIL2.DE	3.6	1.0	0.0	0.0	1.0	1.0	1.0	1.0	5
GASS	1.8	0.0	0.5	0.0	0.0	0.0	0.5	1.5	7
SYT.DE	2.5	0.0	0.5	0.0	0.0	1.0	1.0	1.0	5
GCT	4.3	1.5	1.5	0.0	1.0	1.5	0.5	0.0	7
GENK	3.9	1.0	1.0	0.0	2.0	1.0	0.5	0.0	7
GDS	4.3	0.0	1.0	2.0	1.0	1.5	0.0	0.5	7
GEVO	3.9	1.0	2.0	0.0	0.5	2.0	0.0	0.0	7
GGR	2.5	1.0	0.5	0.0	2.0	0.0	0.0	0.0	7
GIII	3.2	1.5	1.0	0.0	0.0	2.0	0.0	0.0	7
GLUE	3.9	1.5	1.0	0.0	0.0	2.0	0.5	0.5	7
UN0.DE	3.6	0.5	0.5	0.0	0.0	1.0	1.0	2.0	5
GLIBA	3.2	1.0	1.0	0.0	0.5	1.5	0.5	0.0	6
GOGO	5.7	1.5	2.0	0.0	2.0	1.5	0.5	0.5	7
GLOO	2.9	1.0	1.0	0.0	0.0	0.5	1.0	0.5	6
GOOGL	2.1	1.5	0.0	0.0	0.0	1.0	0.5	0.0	7
GPGI	4.6	1.0	1.0	0.0	1.0	2.0	0.5	1.0	6
GRMN	1.8	1.0	0.5	0.0	0.0	1.0	0.0	0.0	7
GRSD	3.9	0.5	2.0	0.0	1.0	1.0	0.0	1.0	7
GSIT	3.6	2.0	1.5	0.0	0.0	1.5	0.0	0.0	7
GSAT	5.4	1.5	2.0	0.0	1.0	1.5	0.5	1.0	7
GTLB	2.5	1.0	1.0	0.0	1.0	0.5	0.0	0.0	6
GYRE	3.9	2.0	0.0	0.0	0.0	2.0	0.0	1.5	7
HCAT	3.9	1.5	0.5	0.0	1.5	1.0	0.5	0.5	7
GEMI	3.6	1.0	1.5	0.0	1.0	1.0	0.5	0.0	6
HBAN	2.5	1.0	1.0	0.0	1.0	0.5	0.0	0.0	6
HCSG	1.8	1.0	0.0	0.0	0.0	1.0	0.5	0.0	7
GIX	3.9	1.0	1.0	0.0	1.0	0.0	2.0	0.5	5
HIMX	2.9	2.0	0.0	0.0	0.5	1.0	0.0	0.5	7
HEPS	4.3	2.0	0.5	0.0	1.0	0.5	0.0	2.0	6
HLMN	3.9	1.5	1.5	0.0	0.5	1.0	1.0	0.0	7
HNRG	3.6	0.0	1.5	1.0	0.0	1.5	0.5	0.5	7
HQ	2.5	0.0	0.5	0.0	0.0	1.0	1.0	1.0	7
GNLX	3.2	0.5	1.5	0.0	0.0	2.0	0.5	0.0	7
HOWL	2.1	0.5	0.0	0.0	1.0	0.0	1.5	0.0	6
HOOD	2.9	2.0	0.0	0.0	1.5	0.5	0.0	0.0	7
GRAB	2.9	1.0	1.0	0.0	0.0	1.0	0.5	0.5	7
HTHT	3.6	0.0	0.5	0.0	1.5	1.5	0.5	1.0	7
HSAI	3.9	1.5	1.0	0.0	0.0	1.0	0.0	2.0	7
HUBG	2.5	1.5	1.5	0.0	0.0	0.5	0.0	0.0	7
HUT	3.9	2.0	0.0	0.0	2.0	1.0	0.5	0.0	7
HWKN	2.1	0.5	0.5	0.0	0.5	1.5	0.0	0.0	7
HALO	3.9	1.0	1.0	0.0	2.0	1.5	0.0	0.0	7
AKTIA.HE	3.2	0.0	1.0	0.0	1.0	1.0	1.0	0.5	4
ASPO.HE	2.9	0.5	0.0	0.0	1.0	1.0	1.0	0.5	5
CANATU.HE	2.9	0.5	1.5	0.0	0.0	1.0	1.0	0.0	5
DETEC.HE	4.6	0.5	2.0	0.0	1.0	1.0	1.0	1.0	4
ELISA.HE	3.6	0.0	0.5	1.0	1.0	1.0	1.0	0.5	5
ETTE.HE	4.3	0.5	0.5	0.0	1.0	1.0	1.0	2.0	5
FORTUM.HE	3.6	0.0	0.5	1.0	0.5	1.0	1.0	1.0	5
HUH1V.HE	3.6	0.0	1.0	1.0	1.0	1.0	1.0	0.0	5
GOFORE.HE	3.2	0.0	0.5	1.0	0.5	1.0	1.0	0.5	5
HEALTH.HE	2.1	0.0	0.5	0.0	0.0	1.0	1.0	0.5	5
HROW	4.6	0.0	1.5	0.0	2.0	2.0	0.5	0.5	7
HOLO	3.2	2.0	2.0	0.0	0.0	0.5	0.0	0.0	7
KEMPOWR.HE	4.6	0.5	2.0	0.0	0.5	1.0	1.0	1.5	5
LEMON.HE	3.6	0.0	0.5	0.0	0.5	1.0	1.0	2.0	5
KNEBV.HE	2.1	0.5	0.5	0.0	0.0	1.0	1.0	0.0	5
HST	2.5	1.0	0.5	0.0	1.0	1.0	0.0	0.0	7
METSO.HE	2.9	1.0	0.5	0.0	0.5	1.0	1.0	0.0	5
OLVAS.HE	2.1	0.0	0.5	0.0	0.5	1.0	1.0	0.0	5
ORNBV.HE	2.1	0.0	1.0	0.0	0.0	1.0	1.0	0.0	5
PIHLIS.HE	3.9	0.0	1.0	0.0	1.5	1.0	1.0	1.0	5
RAIVV.HE	3.6	0.0	2.0	1.0	0.0	1.0	1.0	0.0	5
SFOODS.HE	2.5	0.0	0.0	0.0	0.5	1.0	1.0	1.0	5
SANOMA.HE	3.2	0.0	0.0	0.0	1.5	1.0	1.0	1.0	5
RELAIS.HE	4.6	1.0	1.0	0.0	1.0	1.0	1.0	1.5	5
SUY1V.HE	4.3	1.0	1.5	0.0	1.0	1.0	1.0	0.5	5
UNITED.HE	2.9	0.5	0.0	0.0	0.0	1.0	1.0	1.5	5
VALMT.HE	2.9	1.0	0.5	0.0	0.5	1.0	1.0	0.0	5
WRT1V.HE	3.2	1.5	0.5	0.0	0.0	1.0	1.0	0.5	5
KALMAR.HE	2.5	0.5	0.5	0.0	0.5	1.0	1.0	0.0	5
TOKMAN.HE	5.0	1.0	1.0	0.0	2.0	1.0	1.0	1.0	5
00002.HK	2.9	0.5	0.5	0.0	0.5	1.0	1.0	0.5	5
00017.HK	5.7	1.0	2.0	1.0	1.0	1.0	1.0	1.0	5
MANTA.HE	2.1	0.0	0.5	0.0	0.5	1.0	1.0	0.0	5
00066.HK	3.2	0.5	0.0	0.0	0.5	1.0	1.0	1.5	5
SSH1V.HE	3.6	0.0	1.5	0.0	0.0	1.0	1.0	1.5	5
01211.HK	2.9	0.0	1.5	0.0	0.5	1.0	1.0	0.0	5
01114.HK	3.9	1.0	2.0	0.0	0.0	1.0	1.0	0.5	5
02018.HK	3.2	1.5	0.0	0.0	0.5	1.0	1.0	0.5	5
02269.HK	3.2	0.5	2.0	0.0	0.0	1.0	1.0	0.0	5
02382.HK	2.9	1.0	0.5	0.0	0.0	1.0	1.0	0.5	5
00241.HK	5.0	1.5	2.0	0.0	0.0	1.0	1.0	1.5	5
00285.HK	3.2	0.0	1.0	0.0	0.0	1.0	1.0	1.5	5
00388.HK	2.9	1.0	1.0	0.0	0.0	1.0	1.0	0.0	5
0386.HK	2.5	0.5	0.5	0.0	0.5	1.0	1.0	0.0	5
02688.HK	2.9	0.5	0.5	0.0	0.5	1.0	1.0	0.5	5
03993.HK	3.2	1.0	1.0	0.0	0.5	1.0	1.0	0.0	5
00880.HK	5.4	0.5	2.0	0.0	1.5	1.0	1.0	1.5	5
0728.HK	2.5	0.5	1.0	0.0	0.0	1.0	1.0	0.0	5
01055.HK	4.3	0.0	2.0	0.0	2.0	1.0	1.0	0.0	5
06881.HK	4.3	0.5	1.5	0.0	2.0	1.0	1.0	0.0	5
0883.HK	2.5	0.0	0.0	0.0	0.0	1.0	1.0	1.5	5
0916.HK	3.9	0.5	1.5	0.0	1.5	1.0	1.0	0.0	5
0968.HK	5.0	1.5	2.0	0.0	0.5	1.0	1.0	1.0	5
1044.HK	4.3	0.5	2.0	0.0	1.0	1.0	1.0	0.5	5
1088.HK	1.4	0.0	0.0	0.0	0.0	1.0	1.0	0.0	5
1179.HK	3.6	0.0	0.5	0.0	1.5	1.0	1.0	1.0	5
101.HK	4.3	0.5	1.5	0.0	0.5	1.0	1.0	1.5	5
1138.HK	2.9	0.5	1.0	0.0	0.5	1.0	1.0	0.0	5
12.HK	4.6	1.0	1.5	0.0	0.5	1.0	1.0	1.5	5
1299.HK	3.2	0.5	1.5	0.0	0.5	1.0	1.0	0.0	5
1318.HK	4.6	1.0	2.0	0.0	0.0	1.0	1.0	1.5	4
1359.HK	4.3	0.0	1.5	0.0	2.0	1.0	1.0	0.5	5
1519.HK	3.6	1.0	0.5	0.0	1.0	1.0	1.0	0.5	5
0656.HK	3.6	0.5	0.0	0.0	1.0	1.0	1.0	1.5	5
144.HK	3.6	0.5	1.0	0.0	0.0	1.0	1.0	1.5	5
1787.HK	3.6	0.5	1.5	0.0	1.0	1.0	1.0	0.0	5
1801.HK	1.8	0.0	0.5	0.0	0.0	1.0	1.0	0.0	5
168.HK	2.5	0.0	1.5	0.0	0.0	1.0	1.0	0.0	5
1876.HK	2.5	0.0	1.5	0.0	0.0	1.0	1.0	0.0	5
1913.HK	4.6	1.0	1.0	0.0	1.0	1.0	1.0	1.5	5
1958.HK	3.2	0.0	2.0	0.0	0.0	1.0	1.0	0.5	5
1997.HK	3.9	1.0	0.5	1.0	0.0	1.0	1.0	1.0	5
2013.HK	5.0	1.0	2.0	0.0	1.0	1.0	1.0	1.0	4
2057.HK	2.5	0.0	0.5	0.0	0.5	1.0	1.0	0.5	5
2268.HK	4.6	1.0	2.0	0.0	0.0	1.0	1.0	1.5	5
2331.HK	3.9	1.0	2.0	0.0	0.0	1.0	1.0	0.5	5
2359.HK	3.2	0.5	2.0	0.0	0.0	1.0	1.0	0.0	5
2513.HK	3.6	1.0	0.5	0.0	0.5	1.0	1.0	1.0	4
1618.HK	3.9	1.0	2.0	0.0	0.5	1.0	1.0	0.0	5
2618.HK	4.3	0.5	1.5	0.0	0.5	1.0	1.0	1.5	5
2601.HK	2.9	0.0	1.5	0.0	0.5	1.0	1.0	0.0	5
2727.HK	3.2	0.5	1.5	0.0	0.5	1.0	1.0	0.0	5
2883.HK	2.5	0.5	0.5	0.0	0.5	1.0	1.0	0.0	5
177.HK	2.1	0.0	0.5	0.0	0.5	1.0	1.0	0.0	5
1818.HK	4.3	1.0	1.5	0.0	0.5	1.0	1.0	1.0	5
293.HK	3.9	0.0	1.0	0.0	1.0	1.0	1.0	1.5	5
3328.HK	3.2	0.0	1.5	0.0	1.0	1.0	1.0	0.0	4
3692.HK	2.9	0.5	0.0	0.0	0.0	1.0	1.0	1.5	5
316.HK	3.9	1.5	0.0	0.0	0.0	1.0	1.0	2.0	5
3898.HK	2.5	0.0	1.5	0.0	0.0	1.0	1.0	0.0	5
3800.HK	2.9	0.5	1.0	0.0	0.5	1.0	1.0	0.0	5
3969.HK	2.5	0.0	1.5	0.0	0.0	1.0	1.0	0.0	5
3998.HK	2.9	0.5	0.5	0.0	0.0	1.0	1.0	1.0	5
6618.HK	4.3	1.0	1.5	0.0	0.0	1.0	1.0	1.5	5
7489.HK	4.3	1.0	2.0	0.0	0.5	1.0	1.0	0.5	4
670.HK	4.3	0.0	2.0	0.0	2.0	1.0	1.0	0.0	5
9618.HK	2.5	0.0	1.0	0.0	0.5	1.0	1.0	0.0	5
836.HK	3.2	0.5	0.0	0.0	1.0	1.0	1.0	1.0	5
358.HK	3.9	1.5	1.0	0.0	1.0	1.0	1.0	0.0	5
9658.HK	3.2	0.5	1.5	0.0	0.5	1.0	1.0	0.0	5
6055.HK	4.3	1.0	1.0	0.0	0.5	1.0	1.0	1.5	5
6160.HK	3.2	0.5	1.0	0.0	0.5	1.0	1.0	0.5	5
9863.HK	3.2	0.5	1.5	0.0	0.0	1.0	1.0	0.5	5
6185.HK	2.1	1.0	0.0	0.0	0.0	1.0	1.0	0.0	5
9888.HK	3.2	0.5	1.5	0.0	0.5	1.0	1.0	0.0	5
IART	3.6	1.5	0.0	0.0	1.5	1.5	0.0	0.5	7
6936.HK	2.9	0.0	1.5	0.0	0.5	1.0	1.0	0.0	5
IBKR	4.3	1.5	0.5	0.0	1.5	1.0	1.5	0.0	7
ICUI	2.1	1.0	0.0	0.0	0.5	1.5	0.0	0.0	7
ICFI	1.4	0.5	0.0	0.0	0.5	1.0	0.0	0.0	7
9988.HK	1.8	0.0	0.5	0.0	0.0	1.0	1.0	0.0	5
IDYA	1.8	0.0	0.5	0.0	0.0	2.0	0.0	0.0	7
991.HK	2.9	0.5	0.0	0.0	1.5	1.0	1.0	0.0	5
IHRT	4.6	2.0	1.5	0.0	1.0	2.0	0.0	0.0	6
IESC	3.2	1.5	0.5	0.0	0.0	1.0	0.5	1.0	7
IMCR	4.3	1.0	1.0	1.0	1.0	2.0	0.0	0.0	7
IMMX	1.4	0.0	0.0	0.0	0.0	1.5	0.0	0.5	7
IMSR	3.2	1.0	2.0	0.0	0.0	1.0	0.0	0.5	6
IMVT	3.6	1.0	0.0	0.0	1.0	2.0	0.0	1.0	6
788.HK	2.9	0.0	1.5	0.0	0.5	1.0	1.0	0.0	5
INBX	3.9	2.0	0.0	0.0	1.0	1.5	0.0	1.0	6
INGN	2.1	1.5	0.5	0.0	0.0	1.0	0.0	0.0	7
INTA	1.4	0.0	0.0	0.0	0.0	1.0	0.5	0.5	7
INDB	3.2	1.0	0.5	0.0	1.0	1.5	0.5	0.0	6
INOD	2.1	2.0	0.0	0.0	0.0	1.0	0.0	0.0	7
INKT	3.6	0.0	0.0	1.0	1.0	1.0	1.0	1.0	6
INTS	4.3	2.0	2.0	0.0	0.0	0.5	1.5	0.0	7
INVA	1.4	0.0	0.0	0.0	0.0	2.0	0.0	0.0	7
IONS	3.9	0.0	2.0	0.0	2.0	1.5	0.0	0.0	7
IPAR	3.6	1.0	0.5	0.0	0.0	2.0	0.5	1.0	7
IPX	3.6	1.5	2.0	0.0	0.0	1.0	0.5	0.0	7
IRON	4.3	2.0	0.0	2.0	0.0	2.0	0.0	0.0	7
IRDM	3.6	1.0	0.5	0.0	2.0	1.0	0.5	0.0	7
ITRN	1.1	0.5	0.0	0.0	0.0	0.5	0.0	0.5	7
ISPR	5.4	2.0	1.0	0.0	1.0	2.0	0.0	1.5	6
ITG	7.1	1.0	1.5	2.0	2.0	1.0	1.5	1.0	6
IZEA	4.6	1.0	2.0	0.0	1.0	0.5	1.5	0.5	6
JAKK	4.3	1.5	2.0	0.0	0.0	1.5	0.5	0.5	7
JBHT	2.9	1.5	0.0	0.0	0.5	0.5	1.0	0.5	7
JBSS	1.8	0.0	0.5	0.0	0.0	1.0	1.0	0.0	7
KHC	2.1	0.0	1.0	0.0	0.5	1.0	0.0	0.5	7
KNSL	2.5	1.0	0.5	0.0	0.0	2.0	0.0	0.0	7
JKHY	1.4	0.5	0.5	0.0	0.0	1.0	0.0	0.0	7
JYNT	3.2	1.0	1.5	0.0	0.0	1.0	0.0	1.0	7
KRYS	2.1	0.0	0.5	0.0	0.0	2.0	0.0	0.5	7
KTOS	3.2	1.0	2.0	0.0	0.0	1.0	0.5	0.0	7
KROS	2.9	1.0	1.0	0.0	0.0	1.5	0.5	0.0	7
KRT	4.6	0.5	2.0	0.0	0.5	1.0	1.5	1.0	7
KYMR	3.2	2.0	0.5	0.0	0.0	2.0	0.0	0.0	7
KRRO	4.6	2.0	1.5	0.0	0.5	2.0	0.0	0.5	7
LAND	2.9	1.0	0.5	0.0	0.5	1.0	1.0	0.0	7
KLRA	3.6	1.0	1.5	0.0	0.0	1.5	0.0	1.0	6
LBRDK	2.9	0.5	0.5	1.0	0.5	0.5	0.0	1.0	5
KE	2.9	1.5	0.5	0.0	0.0	1.5	0.5	0.0	7
LCID	6.1	1.0	1.5	0.0	1.5	1.5	1.5	1.5	7
LEGN	2.5	0.5	1.0	0.0	0.0	1.5	0.5	0.0	7
LFUS	2.9	1.5	1.0	0.0	0.0	1.5	0.0	0.0	7
LGVN	2.9	0.0	2.0	0.0	0.0	0.5	1.0	0.5	7
LFMD	4.3	2.0	1.5	0.0	0.5	2.0	0.0	0.0	7
LILAK	4.6	0.5	1.5	0.0	2.0	1.0	1.5	0.0	7
LINC	3.6	1.0	1.0	0.0	1.0	1.0	1.0	0.0	7
LIF	3.6	1.0	1.5	0.0	0.5	2.0	0.0	0.0	7
LITE	3.2	1.5	1.5	0.0	0.5	0.5	0.5	0.0	7
LKFT	2.5	0.0	0.0	1.0	0.0	2.0	0.5	0.0	7
LOB	4.3	2.0	0.0	0.0	1.0	2.0	0.5	0.5	6
LMB	2.1	1.5	1.0	0.0	0.0	0.5	0.0	0.0	7
LNT	3.6	0.5	1.0	0.0	1.5	2.0	0.0	0.0	7
LSCC	2.9	2.0	0.5	0.0	0.0	1.0	0.5	0.0	7
LOPE	2.5	0.5	0.5	0.0	0.0	1.5	1.0	0.0	7
LQDA	4.6	0.5	1.5	1.0	1.0	2.0	0.0	0.5	7
LULU	3.6	1.0	2.0	0.0	0.5	0.5	1.0	0.0	7
LWAY	2.5	0.0	0.5	0.0	0.0	1.0	1.0	1.0	7
LYFT	3.6	2.0	0.5	0.0	0.5	1.5	0.5	0.0	7
GALP.LS	3.6	0.0	1.0	0.0	1.0	1.0	1.0	1.0	5
ALTR.LS	4.3	0.0	1.0	0.0	1.5	1.0	1.0	1.5	5
NVG.LS	3.2	0.0	0.5	0.0	0.5	1.0	1.0	1.5	5
MRL.LS	3.6	1.0	1.0	0.0	0.5	1.0	1.0	0.5	5
CTT.LS	4.3	1.0	1.0	0.0	1.0	1.0	1.0	1.0	5
RENE.LS	3.2	0.0	0.0	0.0	1.5	1.0	1.0	1.0	5
SON.LS	3.9	0.5	1.0	0.0	1.0	1.0	1.0	1.0	5
ALFA.L	2.5	0.0	0.5	0.0	0.0	1.0	1.0	1.0	5
AEP.L	2.9	0.0	1.0	0.0	0.0	1.0	1.0	1.0	5
ABDN.L	3.6	1.5	1.5	0.0	0.0	1.0	1.0	0.0	5
AO.L	4.3	1.5	0.5	0.0	0.5	1.0	1.0	1.5	5
ASAI.L	5.4	2.0	0.5	0.0	1.5	1.0	1.0	1.5	5
ALW.L	5.0	1.0	2.0	0.0	1.0	1.0	1.0	1.0	2
ASLI.L	3.9	1.0	0.5	0.0	1.0	1.0	1.0	1.0	2
ATYM.L	3.6	1.5	1.5	0.0	0.0	1.0	1.0	0.0	5
AVAP.L	4.3	0.0	1.0	1.0	1.5	1.0	1.0	0.5	5
BAG.L	2.1	0.0	0.5	0.0	0.0	1.0	1.0	0.5	5
BGEO.L	3.6	0.5	1.0	0.0	1.0	1.0	1.0	0.5	4
BLND.L	3.2	1.0	1.0	0.0	0.5	1.0	1.0	0.0	5
BOWL.L	2.5	0.0	0.5	0.0	1.0	1.0	1.0	0.0	5
BPT.L	4.6	1.5	1.5	0.0	0.5	1.0	1.0	1.0	5
IPR.LS	4.3	1.0	1.0	0.0	1.0	1.0	1.0	1.0	4
BWY.L	2.9	1.5	0.5	0.0	0.0	1.0	1.0	0.0	5
CAR.L	2.5	0.5	0.0	0.0	1.0	1.0	1.0	0.0	4
CABP.L	4.3	1.5	1.0	0.0	0.0	1.0	1.0	1.5	5
3IN.L	3.2	0.0	1.5	0.0	0.0	1.0	1.0	1.0	4
CBKD.L	2.5	0.5	0.0	0.0	1.0	1.0	1.0	0.0	4
CGS.L	2.1	0.0	1.0	0.0	0.0	1.0	1.0	0.0	5
CNE.L	3.2	0.0	1.5	0.0	0.0	1.0	1.0	1.0	5
CLIG.L	2.9	0.0	1.5	0.0	0.0	1.0	1.0	0.5	5
CPI.L	3.6	1.0	0.0	0.0	2.0	1.0	1.0	0.0	5
CRST.L	3.2	1.5	0.5	0.0	0.5	1.0	1.0	0.0	5
CTY.L	4.6	1.0	1.5	0.0	1.0	1.0	1.0	1.0	2
AZN.L	2.1	0.0	0.5	0.0	0.5	1.0	1.0	0.0	5
DGE.L	4.6	0.0	1.0	2.0	1.5	1.0	1.0	0.0	5
DCC.L	3.6	0.5	1.5	0.0	1.0	1.0	1.0	0.0	5
BBOX.L	4.3	1.0	1.0	0.0	1.0	1.0	1.0	1.0	2
DNLM.L	3.9	1.0	0.5	0.0	2.0	1.0	1.0	0.0	5
EDV.L	2.9	1.5	0.5	0.0	0.0	1.0	1.0	0.0	5
DPLM.L	3.9	1.0	2.0	0.0	0.5	1.0	1.0	0.0	5
BMY.L	2.5	0.0	1.5	0.0	0.0	1.0	1.0	0.0	5
ENT.L	3.6	1.0	0.0	0.0	2.0	1.0	1.0	0.0	5
FAN.L	3.6	1.0	1.0	0.0	1.0	1.0	1.0	0.0	5
FDM.L	2.5	1.0	0.0	0.0	0.5	1.0	1.0	0.0	5
EMG.L	2.9	0.5	1.5	0.0	0.0	1.0	1.0	0.0	5
FORT.L	2.5	0.5	0.5	0.0	0.5	1.0	1.0	0.0	5
FUTR.L	2.9	1.5	0.0	0.0	0.5	1.0	1.0	0.0	5
FRES.L	2.5	0.5	0.0	0.0	0.0	1.0	1.0	1.0	4
FSG.L	3.2	0.5	1.0	0.0	0.5	1.0	1.0	0.5	5
GMS.L	2.9	0.5	0.5	0.0	0.5	1.0	1.0	0.5	5
GDWN.L	2.9	0.5	0.0	0.0	0.0	1.0	1.0	1.5	5
GKP.L	2.1	0.0	1.0	0.0	0.0	1.0	1.0	0.0	5
GENL.L	3.6	0.5	0.5	0.0	0.0	1.0	1.0	2.0	5
GPE.L	3.2	1.0	1.0	0.0	0.5	1.0	1.0	0.0	5
GROW.L	4.6	1.0	1.5	0.0	1.0	1.0	1.0	1.0	2
HAS.L	3.2	1.0	1.0	0.0	0.5	1.0	1.0	0.0	5
HHPD.L	2.9	1.0	0.5	0.0	0.5	1.0	1.0	0.0	5
HSBK.L	3.6	0.0	0.5	0.0	1.0	1.0	1.0	1.5	4
HSX.L	2.5	0.0	1.5	0.0	0.0	1.0	1.0	0.0	5
HILS.L	4.3	1.5	2.0	0.0	0.5	1.0	1.0	0.0	5
HVPE.L	3.2	0.0	1.5	0.0	0.0	1.0	1.0	1.0	4
HMSO.L	3.9	1.5	1.0	0.0	1.0	1.0	1.0	0.0	5
IDHC.L	3.2	0.0	0.5	0.0	0.5	1.0	1.0	1.5	5
IAG.L	4.6	1.5	1.0	0.0	1.5	1.0	1.0	0.5	5
III.L	3.6	1.0	0.0	0.0	1.0	1.0	1.0	1.0	2
INVP.L	2.9	0.0	1.0	0.0	1.0	1.0	1.0	0.0	4
ITRK.L	5.4	1.0	2.0	0.0	1.5	1.0	1.0	1.0	4
INCH.L	4.3	1.0	1.0	0.0	2.0	1.0	1.0	0.0	5
JMAT.L	2.9	1.0	0.5	0.0	0.5	1.0	1.0	0.0	5
KAP.L	2.5	0.0	0.0	0.0	0.0	1.0	1.0	1.5	5
JD.L	4.3	1.5	0.5	0.0	1.0	1.0	1.0	1.0	5
LAND.L	3.2	1.0	1.0	0.0	0.5	1.0	1.0	0.0	5
KLR.L	3.6	1.0	1.5	0.0	0.5	1.0	1.0	0.0	5
LSL.L	2.5	0.0	1.0	0.0	0.5	1.0	1.0	0.0	5
MGAM.L	4.3	1.0	2.0	0.0	1.0	1.0	1.0	0.0	5
LIVE.L	4.3	1.0	1.0	0.0	1.0	1.0	1.0	1.0	2
MAB.L	5.0	1.5	2.0	0.0	0.5	1.0	1.0	1.0	5
LMP.L	2.9	1.0	0.5	0.0	0.5	1.0	1.0	0.0	5
MHPC.L	5.0	0.5	0.0	2.0	1.0	1.0	1.0	1.5	5
MNDI.L	2.5	0.5	0.5	0.0	0.5	1.0	1.0	0.0	5
N91.L	2.1	0.5	0.5	0.0	0.0	1.0	1.0	0.0	5
MTO.L	4.3	1.0	2.0	0.0	1.0	1.0	1.0	0.0	5
OCDO.L	4.6	2.0	1.0	0.0	1.0	1.0	1.0	0.5	5
MRC.L	4.6	1.0	1.5	0.0	1.0	1.0	1.0	1.0	2
NG.L	3.2	0.5	1.0	0.0	1.0	1.0	1.0	0.0	5
ONT.L	3.9	1.0	1.5	0.0	0.0	1.0	1.0	1.0	5
NWG.L	3.9	1.0	1.5	0.0	1.0	1.0	1.0	0.0	4
OXB.L	4.3	1.0	0.0	0.0	2.0	1.0	1.0	1.0	5
MARS.L	3.6	1.0	0.5	0.0	1.5	1.0	1.0	0.0	5
PBEE.L	2.9	0.0	0.5	0.0	0.0	1.0	1.0	1.5	5
PAG.L	3.9	1.5	0.5	0.0	1.5	1.0	1.0	0.0	5
PFD.L	2.9	0.5	1.0	0.0	0.0	1.0	1.0	0.5	5
PDL.L	3.6	0.0	1.0	0.0	1.0	1.0	1.0	1.0	4
PNN.L	3.6	0.5	0.5	0.0	2.0	1.0	1.0	0.0	5
PRU.L	2.5	1.0	0.5	0.0	0.0	1.0	1.0	0.0	5
QLT.L	2.9	1.0	1.0	0.0	0.0	1.0	1.0	0.0	5
PSH.L	2.5	0.5	0.0	0.0	0.0	1.0	1.0	1.0	4
RCH.L	2.5	1.5	0.0	0.0	0.0	1.0	1.0	0.0	5
PTEC.L	2.9	0.5	1.0	0.0	0.0	1.0	1.0	0.5	5
REL.L	3.2	0.0	0.5	0.0	2.0	1.0	1.0	0.0	5
RHIM.L	5.4	1.5	1.0	0.0	1.5	1.0	1.0	1.5	5
ROR.L	3.6	1.0	2.0	0.0	0.0	1.0	1.0	0.0	5
RKT.L	2.9	0.0	0.5	0.0	1.5	1.0	1.0	0.0	5
RR.L	4.6	1.5	1.5	0.0	1.5	1.0	1.0	0.0	5
SAFE.L	2.5	1.0	0.0	0.0	0.5	1.0	1.0	0.0	5
RSW.L	4.3	1.0	2.0	0.0	0.0	1.0	1.0	1.0	5
SBID.L	3.6	0.0	0.0	1.0	1.0	1.0	1.0	1.0	4
SCT.L	2.9	0.5	1.0	0.0	0.0	1.0	1.0	0.5	5
SEPL.L	3.2	0.0	1.5	0.0	0.5	1.0	1.0	0.5	5
SDR.L	4.3	1.0	2.0	0.0	0.0	1.0	1.0	1.0	5
SGRO.L	3.6	1.0	1.5	0.0	0.5	1.0	1.0	0.0	5
SHI.L	4.6	0.5	1.0	0.0	2.0	1.0	1.0	1.0	5
SFR.L	3.9	1.0	2.0	0.0	0.5	1.0	1.0	0.0	5
SMSD.L	3.9	1.5	1.5	0.0	0.0	1.0	1.0	0.5	5
PIN.L	4.6	1.0	1.5	0.0	1.0	1.0	1.0	1.0	2
SRAD.L	3.9	0.0	1.0	0.0	1.0	1.0	1.0	1.5	5
PRE.L	3.2	1.0	0.5	0.0	0.0	1.0	1.0	1.0	5
SRP.L	2.9	0.5	0.5	0.0	1.0	1.0	1.0	0.0	5
SUS.L	3.9	0.5	0.5	0.0	1.0	1.0	1.0	1.5	5
TATE.L	3.6	0.0	1.5	0.0	1.0	1.0	1.0	0.5	5
STJ.L	2.9	1.0	0.5	0.0	0.5	1.0	1.0	0.0	5
SVT.L	4.3	0.5	1.5	0.0	2.0	1.0	1.0	0.0	5
TEM.L	4.6	1.0	1.5	0.0	1.0	1.0	1.0	1.0	2
TLW.L	2.9	0.5	0.0	0.0	1.0	1.0	1.0	0.5	4
TGA.L	2.5	1.0	0.5	0.0	0.0	1.0	1.0	0.0	5
TOWN.L	4.3	0.5	1.0	0.0	1.5	1.0	1.0	1.0	5
TRI.L	2.9	0.5	1.0	0.0	0.5	1.0	1.0	0.0	5
TRST.L	2.9	0.5	0.5	0.0	1.0	1.0	1.0	0.0	4
UTG.L	2.5	1.0	0.0	0.0	0.5	1.0	1.0	0.0	5
TTST.L	3.2	1.0	0.0	0.0	1.0	1.0	1.0	0.5	5
VANQ.L	3.9	1.0	0.0	0.0	2.0	1.0	1.0	0.5	5
VP.L	3.9	0.0	1.0	0.0	1.5	1.0	1.0	1.0	5
VLX.L	4.3	1.5	1.5	0.0	0.5	1.0	1.0	0.5	5
WEIR.L	3.9	1.0	0.5	1.0	1.0	1.0	1.0	0.0	5
SMWH.L	3.6	1.0	0.0	0.0	2.0	1.0	1.0	0.0	5
WIX.L	3.9	1.0	0.5	0.0	2.0	1.0	1.0	0.0	5
WOSG.L	4.3	2.0	1.0	0.0	1.0	1.0	1.0	0.0	5
SNWS.L	3.9	0.0	1.5	0.0	2.0	1.0	1.0	0.0	5
SSPG.L	4.3	1.0	1.0	0.0	2.0	1.0	1.0	0.0	5
XAR.L	2.9	0.5	1.5	0.0	0.0	1.0	1.0	0.0	5
YNGA.L	3.9	1.0	2.0	0.0	0.5	1.0	1.0	0.0	5
4BB.L	5.0	1.0	0.5	0.0	2.0	1.0	1.0	1.5	5
ZIG.L	3.6	1.0	1.0	0.0	1.0	1.0	1.0	0.0	5
ABDX.L	2.5	0.0	1.0	0.0	0.0	1.0	1.0	0.5	5
AET.L	2.5	0.0	0.5	0.0	0.5	1.0	1.0	0.5	5
ANIC.L	3.2	1.0	0.0	0.0	1.0	1.0	1.0	0.5	4
BTG.L	2.5	0.0	1.0	0.0	0.0	1.0	1.0	0.5	5
ARBB.L	3.9	0.0	1.0	0.0	1.0	1.0	1.0	1.5	4
CAML.L	2.5	1.5	0.0	0.0	0.0	1.0	1.0	0.0	5
BOKU.L	1.8	0.0	0.0	0.0	0.0	1.0	1.0	0.5	5
CHRT.L	2.1	0.0	0.5	0.0	0.0	1.0	1.0	0.5	5
CRTA.L	3.6	1.5	0.5	0.0	0.0	1.0	1.0	1.0	5
EKF.L	2.1	0.5	0.5	0.0	0.0	1.0	1.0	0.0	5
FARN.L	4.3	1.0	1.0	0.0	1.5	1.0	1.0	0.5	5
AXL.L	3.2	0.5	1.5	0.0	0.0	1.0	1.0	0.5	5
FLO.L	3.2	0.5	1.5	0.0	0.5	1.0	1.0	0.0	5
EAAS.L	4.3	1.0	0.5	0.0	2.0	1.0	1.0	0.5	5
ENW.L	2.9	0.0	0.0	0.0	0.0	1.0	1.0	2.0	5
FRP.L	2.1	0.0	0.5	0.0	0.0	1.0	1.0	0.5	5
HCM.L	2.5	0.0	1.0	0.0	0.0	1.0	1.0	0.5	5
GFIN.L	3.6	0.0	0.5	0.0	1.0	1.0	1.0	1.5	4
IQE.L	4.3	2.0	0.5	0.0	0.5	1.0	1.0	1.0	5
GHH.L	3.9	1.0	1.5	0.0	0.5	1.0	1.0	0.5	5
KETL.L	3.2	1.0	0.0	0.0	1.5	1.0	1.0	0.0	5
KIST.L	5.0	0.5	1.5	0.0	2.0	1.0	1.0	1.0	5
HSP.L	3.6	0.5	1.5	0.0	0.0	1.0	1.0	1.0	5
LBG.L	3.2	0.5	0.5	0.0	0.0	1.0	1.0	1.5	5
LIV.L	3.6	0.0	0.0	0.0	1.0	1.0	1.0	2.0	4
NCYT.L	2.5	1.0	0.0	0.0	0.5	1.0	1.0	0.0	5
MPE.L	3.6	0.0	1.5	0.0	1.0	1.0	1.0	0.5	4
OBD.L	3.9	0.0	1.0	0.0	1.0	1.0	1.0	1.5	5
NIOX.L	2.5	0.0	1.0	0.0	0.0	1.0	1.0	0.5	5
PHE.L	2.9	1.5	0.5	0.0	0.0	1.0	1.0	0.0	5
PRM.L	2.9	0.0	0.5	0.0	1.0	1.0	1.0	0.5	4
ORR.L	3.2	1.5	0.0	0.0	1.0	1.0	1.0	0.0	4
PXS.L	2.9	0.5	0.0	0.0	1.0	1.0	1.0	0.5	4
REVB.L	4.6	1.5	0.5	0.0	1.0	1.0	1.0	1.5	4
SOU.L	3.9	1.0	1.0	0.0	1.0	1.0	1.0	0.5	4
SALT.L	3.6	0.0	0.5	0.0	1.0	1.0	1.0	1.5	4
SEA.L	4.3	1.0	2.0	0.0	1.0	1.0	1.0	0.0	4
SRC.L	3.6	1.5	1.0	0.0	0.5	1.0	1.0	0.0	5
SUP.L	3.6	1.0	0.5	0.0	0.0	1.0	1.0	1.5	5
THS.L	2.5	0.5	1.0	0.0	0.0	1.0	1.0	0.0	5
TENG.L	3.9	1.0	1.5	0.0	0.5	1.0	1.0	0.5	5
TMT.L	5.0	1.0	1.0	0.0	1.0	1.0	1.0	2.0	4
TRU.L	2.5	0.0	0.5	0.0	1.0	1.0	1.0	0.0	4
ULTP.L	3.2	0.5	0.5	0.0	0.5	1.0	1.0	1.0	5
VTU.L	3.9	1.0	1.5	0.0	0.5	1.0	1.0	0.5	5
ZIOC.L	3.6	1.0	0.5	0.0	0.0	1.0	1.0	1.5	4
WJG.L	2.9	1.5	0.0	0.0	0.0	1.0	1.0	0.5	5
MASS	2.9	0.5	1.5	0.0	0.0	1.5	0.0	0.5	7
MAZE	3.2	1.0	1.0	0.0	0.0	2.0	0.0	0.5	6
MANH	3.2	1.0	1.0	0.0	0.5	1.0	1.0	0.0	7
MBX	2.5	0.0	0.5	0.0	0.0	2.0	0.5	0.5	7
MBLY	3.6	1.5	1.0	0.0	0.0	2.0	0.0	0.5	7
MCHB	3.2	0.0	0.0	0.0	1.0	1.5	0.5	1.5	6
MCRI	2.1	1.5	0.0	0.0	0.0	1.0	0.0	0.5	7
MDLN	3.9	1.0	0.5	0.0	0.5	1.5	0.5	1.5	6
METC	4.3	1.5	2.0	0.0	1.0	1.5	0.0	0.0	7
MEOH	3.6	1.0	1.0	0.0	1.0	1.0	1.0	0.0	7
MGNI	3.2	2.0	1.0	0.0	0.5	1.0	0.0	0.0	7
MFIN	4.3	0.5	1.0	0.0	2.0	2.0	0.0	0.5	7
MEDP	2.9	1.0	1.0	0.0	0.5	1.5	0.0	0.0	7
MIRM	3.6	0.5	0.5	1.0	1.0	2.0	0.0	0.0	6
MLCO	3.6	0.0	1.5	0.0	1.0	0.5	0.5	1.5	6
MKTW	2.1	0.0	0.5	0.0	1.0	1.0	0.0	0.5	6
MMSI	2.5	0.5	0.5	0.0	0.5	1.5	0.5	0.0	7
MGRC	1.8	0.0	0.5	0.0	0.5	1.0	0.5	0.0	7
MNTK	3.6	0.5	1.0	1.0	0.5	1.0	0.0	1.0	7
MOMO	3.6	0.0	2.0	1.0	0.0	1.0	1.0	0.0	7
MRAM	2.5	2.0	0.5	0.0	0.0	1.0	0.0	0.0	7
MPB	2.1	0.0	0.5	0.0	1.0	1.5	0.0	0.0	6
MRVL	3.9	2.0	0.5	2.0	0.0	0.5	0.5	0.0	7
MRNA	2.5	1.0	1.5	0.0	0.0	0.0	1.0	0.0	7
MSEX	2.1	0.5	0.0	0.0	1.0	1.5	0.0	0.0	7
MSTR	2.1	2.0	0.5	0.0	0.0	0.5	0.0	0.0	7
MTLS	3.6	1.5	1.5	0.0	0.0	0.5	0.0	1.5	7
MU	2.5	2.0	1.0	0.0	0.0	0.5	0.0	0.0	7
MYGN	2.9	1.5	0.5	0.0	0.5	1.0	0.5	0.0	7
AENA.MC	3.6	1.0	0.0	0.0	1.0	1.0	1.0	1.0	5
MZTI	2.9	0.0	1.5	0.0	0.0	1.5	0.5	0.5	7
COL.MC	4.6	1.5	1.5	0.0	0.5	1.0	1.0	1.0	5
ENC.MC	3.6	0.0	1.0	0.0	1.0	1.0	1.0	1.0	5
MNKD	2.5	1.0	0.0	0.0	1.0	1.5	0.0	0.0	6
FCC.MC	4.3	1.0	1.0	0.0	1.0	1.0	1.0	1.0	4
MLTX	3.9	1.0	0.5	1.0	0.0	1.5	1.0	0.5	7
GEST.MC	3.9	1.0	0.0	0.0	1.0	1.0	1.0	1.5	5
IBE.MC	2.9	0.0	1.0	0.0	1.0	1.0	1.0	0.0	5
ITX.MC	3.6	1.0	0.0	0.0	0.5	1.0	1.0	1.5	5
MAP.MC	2.9	0.0	0.5	0.0	0.0	1.0	1.0	1.5	5
MTS.MC	3.6	1.5	0.5	0.0	0.0	1.0	1.0	1.0	5
MVST	4.6	2.0	2.0	0.0	0.5	1.0	0.0	1.0	7
REP.MC	2.5	0.0	1.0	0.0	0.5	1.0	1.0	0.0	5
SAN.MC	3.6	1.0	1.0	0.0	1.0	1.0	1.0	0.0	4
TRE.MC	4.6	1.5	0.5	0.0	1.5	1.0	1.0	1.0	5
PHM.MC	2.5	0.0	1.0	0.0	0.0	1.0	1.0	0.5	5
ANA.MC	3.9	1.0	0.0	0.0	1.5	1.0	1.0	1.0	5
VIS.MC	2.5	0.0	0.5	0.0	0.5	1.0	1.0	0.5	5
BMED.MI	3.6	0.5	1.0	0.0	1.0	1.0	1.0	0.5	4
BRE.MI	3.2	1.0	0.0	0.0	0.5	1.0	1.0	1.0	4
CAF.MC	3.9	0.5	1.5	0.0	1.0	1.0	1.0	0.5	5
CRL.MI	3.9	1.0	0.5	1.0	0.0	1.0	1.0	1.0	5
BBVA.MC	3.6	1.0	1.0	0.0	1.0	1.0	1.0	0.0	4
EGLA.MI	5.4	0.5	2.0	1.0	1.0	1.0	1.0	1.0	5
BAMI.MI	2.9	0.0	0.5	0.0	1.0	1.0	1.0	0.5	4
G.MI	3.6	0.5	0.5	0.0	1.0	1.0	1.0	1.0	5
LTMC.MI	3.2	0.0	0.5	0.0	2.0	1.0	1.0	0.0	5
ISP.MI	3.2	1.0	0.5	0.0	1.0	1.0	1.0	0.0	4
ENI.MI	3.2	0.0	1.5	0.0	0.5	1.0	1.0	0.5	5
IG.MI	4.6	0.5	1.5	0.0	2.0	1.0	1.0	0.5	5
PRY.MI	2.5	1.0	0.0	0.0	0.5	1.0	1.0	0.0	5
REC.MI	4.3	0.5	0.5	1.0	1.0	1.0	1.0	1.0	5
SES.MI	2.9	1.0	0.0	0.0	1.0	1.0	1.0	0.0	5
SRG.MI	3.6	0.5	0.5	0.0	1.5	1.0	1.0	0.5	5
TPRO.MI	5.4	1.0	1.5	1.0	0.0	1.0	1.0	2.0	5
TEN.MI	3.9	0.0	1.0	1.0	0.0	1.0	1.0	1.5	5
UNI.MI	3.2	0.5	0.5	0.0	0.5	1.0	1.0	1.0	5
NAVI	4.3	1.0	0.5	0.0	2.0	2.0	0.0	0.5	7
NBP	5.0	1.5	2.0	0.0	0.0	2.0	0.5	1.0	7
NDAQ	1.8	1.0	0.0	0.0	0.5	0.5	0.5	0.0	7
NBIS	2.9	1.5	0.5	0.0	1.0	0.5	0.5	0.0	7
NAMM	3.9	0.0	1.5	0.0	1.0	0.0	1.0	2.0	6
NHP	3.2	1.0	0.5	0.0	1.0	1.5	0.5	0.0	6
NEXN	1.8	1.5	0.0	0.0	0.0	1.0	0.0	0.0	7
NKTX	1.8	1.0	0.0	0.0	0.0	1.5	0.0	0.0	7
NMRK	3.6	1.5	1.5	0.0	1.0	1.0	0.0	0.0	7
NEO.US	4.6	1.5	1.5	1.0	0.5	2.0	0.0	0.0	7
NRIX	3.6	2.0	0.5	0.0	0.0	2.0	0.0	0.5	7
NSSC	2.5	1.5	1.0	0.0	0.0	1.0	0.0	0.0	7
NTNX	4.3	0.5	2.0	1.0	1.5	1.0	0.0	0.0	7
NTES	1.8	0.5	0.5	0.0	0.0	1.0	0.5	0.0	7
NTSK	3.6	1.0	0.0	1.0	2.0	0.5	0.0	0.5	6
NVCR	3.6	1.0	0.0	1.0	0.5	1.5	1.0	0.0	7
NVMI	2.5	1.5	0.0	0.0	0.5	1.0	0.5	0.0	7
NWE	2.1	0.0	0.0	0.0	1.0	1.0	1.0	0.0	7
NXST	4.3	1.0	1.5	0.0	2.0	1.5	0.0	0.0	7
AAMI	3.9	1.5	1.5	0.0	1.5	0.5	0.5	0.0	7
AAT	3.6	1.0	0.0	0.0	1.5	1.0	1.5	0.0	7
ABCB	2.5	1.0	0.0	0.0	1.0	1.5	0.0	0.0	6
A.US	2.9	1.5	1.5	0.0	0.5	0.5	0.0	0.0	7
ABM	2.5	0.5	1.0	0.0	1.0	1.0	0.0	0.0	7
ACEL	3.9	1.0	0.5	0.0	1.5	1.5	0.0	1.0	7
ACI	3.9	0.0	1.5	0.0	2.0	1.5	0.0	0.5	7
NNOX	3.6	1.5	2.0	0.0	0.0	1.0	0.5	0.0	7
NRC	3.6	0.0	0.5	0.0	2.0	1.0	0.5	1.0	7
ADNT	3.9	1.5	1.5	0.0	1.0	1.5	0.0	0.0	7
AEG	0.7	0.5	0.0	0.0	0.5	0.0	0.0	0.0	7
ADC	3.2	0.0	1.5	0.0	0.5	1.0	1.5	0.0	7
MONC.MI	3.6	1.0	1.5	0.0	0.5	1.0	1.0	0.0	5
AER	3.2	1.0	0.0	0.0	1.5	1.0	1.0	0.0	7
AESI	2.9	1.0	0.0	0.0	1.0	1.5	0.0	0.5	7
AGCO	1.4	1.0	0.0	0.0	0.5	0.5	0.0	0.0	7
AFL	1.8	0.5	0.5	0.0	0.5	1.0	0.0	0.0	7
NWSA	2.1	1.0	0.5	0.0	0.5	1.0	0.0	0.0	7
AGM	3.2	1.0	0.5	0.0	2.0	1.0	0.0	0.0	7
AI	3.2	2.0	0.5	0.0	0.0	1.5	0.5	0.0	7
AGX	2.1	0.5	0.5	0.0	0.0	1.0	1.0	0.0	7
AIZ	1.8	0.5	0.0	0.0	0.5	1.0	0.5	0.0	7
ALH	4.3	1.0	0.5	0.0	2.0	0.5	0.5	1.5	6
AKR	3.9	1.0	2.0	0.0	0.5	1.5	0.5	0.0	7
ALSN	2.9	1.0	0.0	0.0	1.5	1.0	0.5	0.0	7
ABX	2.9	0.0	0.0	0.0	0.5	2.0	0.5	1.0	7
ALV	2.9	1.5	0.0	0.0	1.0	1.5	0.0	0.0	7
AME	1.8	1.0	1.0	0.0	0.0	0.5	0.0	0.0	7
AIR.US	2.5	1.0	0.5	0.0	0.5	1.0	0.5	0.0	7
AMBP	3.2	0.5	0.0	0.0	1.0	1.5	0.0	1.5	6
ACRE	5.0	1.5	2.0	0.0	2.0	1.5	0.0	0.0	7
AMN	3.2	0.0	1.5	0.0	1.0	1.5	0.5	0.0	7
AMPY	1.8	0.0	0.5	0.0	0.0	1.5	0.0	0.5	7
AMRX	5.7	1.5	1.5	0.0	2.0	1.5	0.5	1.0	7
AMX	3.9	0.0	0.5	0.0	1.5	0.5	1.5	1.5	7
ANDG	4.6	1.0	1.5	0.0	2.0	1.0	0.5	0.5	6
ANGX	2.1	0.0	0.5	0.0	1.0	1.0	0.5	0.0	6
AMTB	4.3	1.0	1.5	0.0	1.0	1.5	1.0	0.0	6
APD	1.8	0.5	0.0	0.0	1.0	1.0	0.0	0.0	7
AORT	3.6	1.5	1.0	0.0	1.0	1.0	0.5	0.0	7
AQN	3.6	1.0	1.5	0.0	1.0	1.0	0.5	0.0	7
APLE	2.9	1.0	1.0	0.0	0.5	1.5	0.0	0.0	7
ARIS	2.1	2.0	0.0	0.0	0.0	1.0	0.0	0.0	7
ARE	2.5	1.0	1.0	0.0	0.5	1.0	0.0	0.0	7
AROC	2.5	1.0	0.0	0.0	1.5	1.0	0.0	0.0	7
ARX	3.6	1.0	2.0	0.0	0.0	0.5	0.5	1.0	6
ASB	2.9	1.0	0.0	0.0	1.0	1.0	1.0	0.0	6
ASIX	2.9	1.5	1.0	0.0	0.5	0.5	0.5	0.0	7
ATS	3.6	1.0	1.5	0.0	0.5	1.5	0.0	0.5	7
ASX	4.6	1.5	2.0	0.0	0.5	0.5	1.5	0.5	7
AVA	2.9	0.0	1.5	0.0	1.0	1.5	0.0	0.0	7
ALL	1.1	0.0	0.0	0.0	0.0	1.0	0.5	0.0	7
AX	3.2	1.5	0.0	0.0	1.0	2.0	0.0	0.0	6
BABA	1.4	0.0	1.0	0.0	0.0	1.0	0.0	0.0	7
AZO	2.5	0.0	1.5	0.0	1.0	0.5	0.5	0.0	6
BAK	4.3	0.5	1.5	0.0	1.0	0.5	1.0	1.5	6
BAX	2.1	0.5	0.0	0.0	1.5	1.0	0.0	0.0	7
BANC	3.2	1.5	0.5	0.0	1.0	1.0	0.5	0.0	6
BBDO	3.9	0.0	0.5	2.0	1.0	0.5	1.5	0.0	6
BBAR	2.5	0.0	0.0	0.0	1.0	0.0	1.0	1.5	6
ATI	2.9	1.0	0.5	0.0	1.0	0.5	1.0	0.0	7
ATNM	2.1	0.0	0.0	2.0	0.0	1.0	0.0	0.0	7
BBY	3.2	1.5	0.5	0.0	1.0	1.0	0.5	0.0	7
BCE	3.9	0.5	1.5	0.0	1.5	1.5	0.5	0.0	7
AWI	2.1	1.0	0.5	0.0	0.5	1.0	0.0	0.0	7
BBVA.US	2.5	1.0	0.5	0.0	1.0	0.5	0.5	0.0	6
BCS	2.5	1.0	0.0	1.0	1.0	0.5	0.0	0.0	6
BETA	3.2	1.0	0.5	0.0	0.0	1.0	1.0	1.0	6
BEKE	1.4	0.0	0.0	0.0	0.0	1.0	0.5	0.5	7
BDN	4.3	1.5	1.0	0.0	2.0	1.5	0.0	0.0	7
AVNT.US	2.5	1.5	0.5	0.0	0.5	1.0	0.0	0.0	7
BFAM	3.9	1.0	1.0	0.0	1.5	1.0	1.0	0.0	7
BFS	4.6	1.0	1.5	0.0	2.0	1.0	0.0	1.0	7
AXS.US	1.1	0.0	0.5	0.0	0.0	1.0	0.0	0.0	7
BHC	1.8	0.0	0.0	0.0	1.0	1.0	0.0	0.5	6
BH	2.5	0.5	0.0	0.0	0.5	0.0	0.5	2.0	7
BHVN	4.3	2.0	0.0	0.0	2.0	1.0	0.5	0.5	7
BIP	3.2	1.0	0.5	0.0	1.5	0.5	1.0	0.0	7
BJ	1.4	0.0	0.0	0.0	1.0	1.0	0.0	0.0	7
BKH	2.9	0.5	0.0	0.0	1.0	2.0	0.5	0.0	7
BKTI	1.8	0.5	0.0	0.0	0.0	1.0	0.5	0.5	7
BLCO	3.6	0.5	0.5	0.0	0.5	1.5	0.0	2.0	7
BNL	3.2	1.0	0.5	0.0	1.0	2.0	0.0	0.0	7
BMA	2.1	0.0	0.0	0.0	1.0	0.5	0.0	1.5	6
BNY	2.5	1.0	0.0	0.0	1.0	1.0	0.5	0.0	6
BOH	3.2	0.5	0.5	0.0	1.0	2.0	0.5	0.0	6
BMO	2.9	1.0	0.5	0.0	1.0	1.0	0.5	0.0	6
BRBR	3.6	0.5	2.0	0.0	1.0	1.0	0.5	0.0	6
BOX	3.6	0.5	1.5	0.0	2.0	1.0	0.0	0.0	7
BLND.US	3.2	1.0	2.0	0.0	0.0	1.5	0.0	0.0	7
BRSL	4.6	1.0	1.5	0.0	1.5	1.0	0.5	1.0	7
BRX	3.6	1.0	0.5	0.0	1.5	1.5	0.5	0.0	7
BSM	2.1	0.0	0.5	0.0	0.0	1.5	0.5	0.5	7
BTGO	3.2	1.0	1.0	0.0	1.0	0.5	0.0	1.0	6
BUD	1.8	0.5	0.0	0.0	0.5	0.5	1.0	0.0	7
BX	3.6	1.5	1.0	0.0	0.5	1.5	0.5	0.0	7
BXMT	5.0	1.0	2.0	1.0	2.0	1.0	0.0	0.0	7
CACI	2.5	0.5	0.5	0.0	1.0	1.0	0.5	0.0	7
C	2.1	1.0	0.0	0.0	1.0	0.5	0.5	0.0	6
CAL	2.1	0.5	0.0	0.0	1.0	1.5	0.0	0.0	7
BV.US	3.2	1.0	1.5	0.0	0.5	1.0	0.0	0.5	7
CANG	3.2	1.0	1.5	0.0	0.5	0.0	0.5	1.0	5
CB	0.7	0.0	0.0	0.0	0.5	0.5	0.0	0.0	7
CBRE	2.9	1.5	1.0	0.0	1.0	0.5	0.0	0.0	7
CAT	3.6	1.5	0.0	0.0	1.5	1.0	1.0	0.0	7
CBZ	3.2	1.0	1.5	0.0	1.0	0.5	0.5	0.0	7
CCL	3.9	2.0	0.5	0.0	1.5	0.5	1.0	0.0	7
CCI	3.2	1.0	1.5	0.0	1.0	1.0	0.0	0.0	6
CDRE	4.6	1.5	2.0	0.0	1.0	1.5	0.0	0.5	7
CGAU	2.9	1.5	0.5	0.0	0.0	1.0	1.0	0.0	7
CDE	1.8	1.5	0.5	0.0	0.0	0.5	0.0	0.0	7
CF	1.4	0.5	0.0	0.0	0.5	1.0	0.0	0.0	7
CHPT	2.1	1.5	0.0	0.0	1.0	0.5	0.0	0.0	6
CHE	1.8	0.5	0.5	0.0	0.5	1.0	0.0	0.0	7
CI	1.8	0.0	0.0	0.0	0.5	1.0	1.0	0.0	7
CIG	1.1	0.0	0.0	0.0	0.5	0.0	1.0	0.0	7
CLVT	5.0	1.5	2.0	0.0	1.0	2.0	0.0	0.5	7
CM	3.6	1.5	0.5	0.0	1.0	2.0	0.0	0.0	6
CION	3.9	1.0	0.5	0.0	1.5	1.0	0.5	1.0	6
CMCL	2.5	0.5	0.0	0.0	0.5	2.0	0.0	0.5	7
CMP	3.9	1.5	0.5	0.0	2.0	1.0	0.5	0.0	7
BWA	2.5	1.0	0.0	1.0	0.5	1.0	0.0	0.0	7
CMTG	3.9	1.0	2.0	0.0	1.5	1.0	0.0	0.0	7
CLF.US	2.9	2.0	0.0	0.0	1.0	1.0	0.0	0.0	7
BY	3.6	0.5	1.0	0.0	1.0	1.0	1.0	0.5	6
CNO	3.6	1.0	1.0	0.0	1.5	0.5	1.0	0.0	7
CNR	1.1	0.0	0.0	0.0	0.0	1.0	0.5	0.0	7
COOK	5.7	2.0	0.0	2.0	2.0	0.5	0.5	1.0	7
CNH.US	3.2	1.5	0.5	0.0	2.0	0.5	0.0	0.0	7
CODI	4.3	1.5	0.5	0.0	2.0	1.5	0.5	0.0	7
COLD	3.2	1.0	0.0	0.0	1.5	1.5	0.5	0.0	7
COTY	3.6	1.0	0.5	0.0	1.0	1.5	0.0	1.0	7
CPK	2.5	0.5	0.5	0.0	1.0	1.5	0.0	0.0	7
CR	1.8	1.0	0.5	0.0	0.5	0.5	0.0	0.0	7
CPA	2.1	1.0	0.0	0.0	1.0	1.0	0.0	0.0	7
CRCL	1.4	1.0	0.5	0.0	0.0	0.5	0.0	0.0	6
CRL	3.6	1.5	1.0	1.0	1.0	0.5	0.0	0.0	7
CRH	2.5	1.0	1.5	0.0	0.5	0.5	0.0	0.0	7
CSAN	4.3	0.0	1.0	0.0	1.5	0.5	1.5	1.5	7
CSW	2.5	1.0	0.0	0.0	1.0	1.5	0.0	0.0	7
CTO	2.5	0.5	0.5	0.0	1.0	1.0	0.5	0.0	7
CSR	3.9	1.0	1.0	0.0	1.0	1.0	1.5	0.0	7
CUBE	2.9	1.0	0.5	0.0	1.0	1.0	0.5	0.0	7
CTRI	3.9	1.0	1.5	0.0	1.0	1.0	1.0	0.0	7
CURV	3.9	0.5	0.5	0.0	1.0	2.0	0.0	1.5	6
CVEO	3.2	0.5	0.5	0.0	1.0	2.0	0.0	0.5	7
CVM	3.9	0.5	1.0	2.0	0.5	1.0	0.5	0.0	7
CNM	3.2	1.0	1.5	0.0	1.0	1.0	0.0	0.0	7
CW	2.5	1.0	1.5	0.0	0.5	0.5	0.0	0.0	7
CVS	1.4	0.5	0.0	0.0	1.0	0.5	0.0	0.0	7
CXM	2.1	0.5	1.0	0.0	0.0	0.5	1.0	0.0	7
CYD	4.3	1.5	1.5	0.0	1.0	0.5	0.5	1.0	5
DAR	2.1	1.0	1.0	0.0	0.5	0.5	0.0	0.0	7
DAC	5.0	1.0	2.0	0.0	0.0	1.5	1.5	1.0	6
CWK.US	4.3	1.5	1.5	0.0	1.0	1.5	0.5	0.0	7
DBD	3.2	1.0	0.5	0.0	1.0	2.0	0.0	0.0	7
DECK	2.9	1.0	1.5	0.0	0.0	1.0	0.5	0.0	7
DDS	2.5	1.0	1.0	0.0	0.0	1.0	0.0	0.5	7
CPS	4.6	2.0	1.5	0.0	1.0	1.0	1.0	0.0	6
DCH.US	4.3	1.5	1.0	0.0	2.0	1.5	0.0	0.0	7
DEO	2.1	0.0	0.0	0.0	1.5	1.0	0.5	0.0	7
DHR	1.4	0.5	0.5	0.0	0.5	0.5	0.0	0.0	7
DKL	2.9	0.0	0.5	0.0	1.0	0.5	0.5	1.5	6
DINO	2.9	0.5	1.5	0.0	0.5	1.0	0.5	0.0	7
DOC	3.6	1.0	0.0	1.0	1.0	1.5	0.5	0.0	7
DOLE	2.9	0.5	1.5	0.0	1.0	1.0	0.0	0.0	7
DNA	5.4	1.5	0.5	2.0	1.0	1.5	1.0	0.0	7
DRI	2.9	0.5	0.0	0.0	2.0	1.5	0.0	0.0	7
DOW	1.4	0.0	0.0	0.0	1.0	1.0	0.0	0.0	7
DV	2.5	1.0	1.5	0.0	0.0	0.5	0.5	0.0	7
DTE	2.9	0.0	1.0	0.0	1.5	1.0	0.5	0.0	7
DX	4.6	1.0	2.0	0.0	2.0	1.0	0.5	0.0	7
ECG	1.8	1.0	0.0	0.0	0.5	1.0	0.0	0.0	6
EE	2.9	1.5	0.0	0.0	0.5	1.5	0.5	0.0	7
ED	2.1	0.0	0.0	1.0	1.0	1.0	0.0	0.0	7
DCOM	3.9	1.0	1.0	0.0	1.0	2.0	0.5	0.0	6
EG	2.1	0.0	0.5	0.0	0.0	1.5	1.0	0.0	7
EFR	1.4	0.0	1.0	0.0	0.0	0.0	0.0	1.0	6
EIG	1.8	0.0	0.5	0.0	0.0	1.5	0.5	0.0	7
ELAN	2.5	1.5	0.0	0.0	0.5	1.5	0.0	0.0	7
ELPC	3.2	0.0	1.5	0.0	1.0	0.5	1.5	0.0	7
EGP.US	2.9	1.0	0.0	0.0	0.5	1.5	1.0	0.0	7
DLR	1.8	1.0	0.0	0.0	0.5	1.0	0.0	0.0	7
DG.US	1.4	0.0	0.0	0.0	1.5	0.5	0.0	0.0	7
EMA	4.6	0.0	1.0	2.0	1.5	2.0	0.0	0.0	7
ENIC	2.1	0.0	0.0	0.0	0.5	0.5	0.5	1.5	7
EMN	2.9	1.0	0.5	0.0	1.0	1.5	0.0	0.0	7
EPAC	2.5	1.0	0.5	0.0	0.5	1.0	0.5	0.0	7
EPD	2.5	0.0	0.5	0.0	1.0	1.5	0.0	0.5	7
E	1.8	0.0	1.0	0.0	0.5	0.5	0.0	0.5	7
EPRT	3.9	1.0	2.0	0.0	0.5	1.5	0.5	0.0	7
EQNR	2.5	0.5	1.0	0.0	0.5	1.0	0.5	0.0	7
EBF	2.9	0.0	1.5	0.0	0.0	2.0	0.5	0.0	7
ERO	2.9	1.5	1.0	0.0	0.5	1.0	0.0	0.0	7
ENS.US	2.5	1.0	0.0	0.0	0.5	1.0	1.0	0.0	7
ESI	1.8	1.5	0.0	0.0	0.5	0.5	0.0	0.0	7
ESS	2.1	0.5	0.0	0.0	1.0	1.0	0.5	0.0	7
ETD	2.1	1.0	0.5	0.0	0.0	1.0	0.5	0.0	7
ES	3.2	0.5	1.0	0.0	1.5	1.0	0.5	0.0	7
EVH	3.6	1.0	0.5	0.0	2.0	1.0	0.5	0.0	7
EVRG	2.5	0.0	0.0	0.0	1.5	1.5	0.5	0.0	7
EXP	3.6	1.5	1.5	0.0	1.0	1.0	0.0	0.0	7
FC	3.2	0.5	0.0	0.0	1.0	2.0	0.0	1.0	5
FCPT	3.6	1.0	2.0	0.0	0.5	1.0	0.5	0.0	7
F	4.3	2.0	1.0	0.0	2.0	0.5	0.5	0.0	7
FDX	2.9	1.5	0.5	0.0	1.0	1.0	0.0	0.0	7
FBK	3.2	1.0	0.5	0.0	1.0	1.5	0.5	0.0	6
FHI	1.8	0.5	0.0	0.0	0.5	1.5	0.0	0.0	7
FIRY	4.3	2.0	0.0	0.0	1.5	2.0	0.0	0.5	7
FET.US	2.9	0.5	1.5	0.0	0.5	1.0	0.5	0.0	7
FNB	2.5	1.0	0.0	0.0	1.0	1.5	0.0	0.0	6
FMS	2.9	1.0	0.5	0.0	1.0	1.0	0.0	0.5	7
FLR.US	2.1	1.5	0.0	0.0	0.5	1.0	0.0	0.0	7
FOUR	5.4	1.5	1.5	0.0	2.0	1.5	0.0	1.0	7
FNV	2.5	1.0	0.0	0.0	1.0	1.0	0.5	0.0	6
FSS	2.9	1.5	0.0	0.0	0.5	2.0	0.0	0.0	7
FTRE	5.4	2.0	1.0	1.0	1.5	2.0	0.0	0.0	7
FR.US	2.5	1.0	0.0	0.0	1.0	1.0	0.5	0.0	7
EW	1.8	1.0	0.0	0.0	0.0	1.0	0.5	0.0	7
FVRR	3.2	1.5	2.0	0.0	0.0	1.0	0.0	0.0	7
FUBO	3.9	2.0	2.0	0.0	0.0	1.0	0.5	0.0	7
GATX	3.9	1.0	0.0	0.0	2.0	2.0	0.5	0.0	7
FIX	1.8	1.5	0.5	0.0	0.0	0.5	0.0	0.0	7
GD	1.1	0.0	0.5	0.0	0.5	0.5	0.0	0.0	7
FIG	3.2	1.0	1.5	0.0	0.0	0.5	0.5	1.0	6
GEL	5.0	1.0	1.5	0.0	2.0	2.0	0.5	0.0	7
GE	3.2	1.5	0.5	0.0	1.0	1.0	0.5	0.0	7
GBX.US	3.6	1.5	1.0	0.0	1.0	1.5	0.0	0.0	7
GETY	5.7	2.0	2.0	0.0	2.0	1.0	0.0	1.0	7
GGB	2.5	1.0	1.0	0.0	0.0	1.0	0.5	0.0	7
GIL	5.0	1.0	2.0	1.0	1.0	2.0	0.0	0.0	7
GHM	1.8	1.0	0.0	0.0	0.0	1.0	0.5	0.0	7
FSK	4.3	1.0	1.0	0.0	1.0	1.5	0.5	1.0	6
GLW	1.4	1.0	0.0	0.0	0.5	0.5	0.0	0.0	7
ETSY	2.9	2.0	0.0	0.0	1.0	1.0	0.0	0.0	6
GFI.US	1.8	0.5	1.0	0.0	0.0	0.5	0.5	0.0	7
GNE	1.8	0.0	1.0	0.0	0.0	1.5	0.0	0.0	7
GNRC	2.1	2.0	0.0	0.0	0.5	0.5	0.0	0.0	7
GOOS	5.0	1.5	1.5	0.0	1.5	1.5	0.5	0.5	7
GPI	4.3	1.0	1.5	0.0	1.5	1.5	0.5	0.0	7
GPN	2.9	1.0	0.0	0.0	1.0	1.5	0.5	0.0	7
GRDN	2.5	0.0	0.5	0.0	0.0	1.0	0.5	1.5	7
GRBK	3.6	1.5	0.5	0.0	0.0	1.5	1.0	0.5	7
GSK	2.9	0.0	1.0	1.0	1.0	1.0	0.0	0.0	7
GXO	3.6	1.5	1.0	0.0	1.5	1.0	0.0	0.0	7
GWH	5.7	1.5	2.0	2.0	1.0	0.5	0.5	0.5	6
GTN	2.9	1.0	0.0	0.0	1.5	1.0	0.5	0.0	7
HAFN	3.6	0.0	2.0	0.0	0.5	0.0	1.5	1.0	7
HCA	2.5	1.0	0.0	0.0	1.0	1.0	0.0	0.5	6
HD	3.6	1.0	1.5	0.0	2.0	0.5	0.0	0.0	7
HEI	2.5	1.0	0.0	0.0	0.5	1.5	0.5	0.0	7
HG	1.4	0.0	0.5	0.0	0.0	1.0	0.0	0.5	7
HHH	3.9	1.0	0.0	0.0	1.0	1.5	1.0	1.0	7
HIMS	3.9	2.0	0.5	0.0	2.0	1.0	0.0	0.0	7
GL	1.4	0.0	0.0	0.0	0.5	1.0	0.5	0.0	7
HLIO	2.1	1.5	0.0	0.0	0.5	1.0	0.0	0.0	7
HL	1.8	1.5	0.5	0.0	0.0	0.5	0.0	0.0	7
HLT	2.1	1.0	0.0	0.0	1.0	1.0	0.0	0.0	6
HMN	1.4	0.0	0.5	0.0	0.5	1.0	0.0	0.0	7
HNI	2.9	1.0	0.5	0.0	1.0	1.5	0.0	0.0	7
HPP	3.6	2.0	0.0	0.0	1.0	2.0	0.0	0.0	7
GROY	2.5	1.0	1.0	0.0	0.0	1.0	0.0	0.5	7
HRB	2.9	0.0	0.0	0.0	2.0	2.0	0.0	0.0	7
GOLD.US	2.5	0.5	0.0	0.0	1.0	1.0	0.5	0.5	7
HRTG	3.2	1.0	1.0	0.0	0.0	1.0	1.0	0.5	7
HTB	3.6	1.0	0.0	0.0	1.0	1.0	2.0	0.0	6
HTT	3.2	1.5	1.0	0.0	0.0	1.0	1.0	0.0	7
HUBS	2.5	1.5	1.0	0.0	0.0	0.5	0.5	0.0	7
HXL	1.8	1.0	0.0	0.0	0.5	1.0	0.0	0.0	7
IBN	1.8	0.0	0.5	0.0	1.0	1.0	0.0	0.0	6
HAWK	3.9	1.0	2.0	0.0	0.0	1.0	1.0	0.5	6
ICE	1.8	1.0	0.0	0.0	0.5	0.5	0.5	0.0	7
HZO	3.9	1.5	2.0	0.0	1.0	1.0	0.0	0.0	7
HUYA.US	2.5	0.5	1.5	0.0	0.0	0.0	1.5	0.0	7
IEX	2.9	1.0	1.0	0.0	0.5	1.0	0.5	0.0	7
IDR.US	3.2	1.5	1.5	0.0	0.0	1.5	0.0	0.0	7
IMO	3.2	1.0	0.5	0.0	0.0	2.0	0.0	1.0	6
IIIN	1.4	0.5	0.0	0.0	0.0	1.0	0.5	0.0	7
INSP	2.1	0.5	0.5	0.0	0.0	1.5	0.5	0.0	7
INVH	2.9	1.0	0.5	0.0	1.0	1.0	0.5	0.0	7
IOT	2.1	1.5	0.5	0.0	0.0	1.0	0.0	0.0	7
IQV	3.9	1.0	1.5	0.0	2.0	1.0	0.0	0.0	7
INGM	3.6	1.0	0.5	0.0	1.0	1.0	0.0	1.5	6
ITGR	2.9	0.5	2.0	0.0	0.5	1.0	0.0	0.0	7
IRS	3.2	0.0	0.0	0.0	0.5	1.5	1.0	1.5	7
ITW	3.2	1.0	0.0	0.0	2.0	1.5	0.0	0.0	7
HOV	3.2	2.0	0.0	0.0	1.0	1.0	0.5	0.0	7
JBS	4.6	1.0	1.0	0.0	2.0	1.5	0.0	1.0	6
JEF	4.6	1.5	0.5	0.0	2.0	1.0	1.0	0.5	7
JMIA	5.0	2.0	1.0	0.0	2.0	1.0	0.5	0.5	7
JBGS	4.3	1.0	1.5	0.0	1.5	2.0	0.0	0.0	7
JILL	4.3	0.5	1.5	0.0	1.5	1.0	0.0	1.5	7
JXN	3.9	1.5	1.0	0.0	0.5	1.5	1.0	0.0	7
JOBY	4.6	2.0	2.0	0.0	0.5	1.0	0.5	0.5	7
KBH	3.9	1.5	1.5	0.0	0.5	1.5	0.5	0.0	7
KEX	3.2	1.0	0.5	1.0	0.5	1.0	0.5	0.0	7
KFRC	3.6	1.0	0.5	0.0	1.0	1.5	1.0	0.0	7
KLAR	3.9	1.0	1.5	0.0	0.5	1.0	0.5	1.0	6
KDK	5.0	0.5	2.0	1.0	1.0	1.5	0.5	0.5	7
IVZ.US	2.5	1.5	0.5	0.0	0.0	1.0	0.5	0.0	7
KMPR	2.9	1.0	1.0	0.0	0.5	1.5	0.0	0.0	7
KNTK	2.9	0.5	1.0	0.0	1.0	1.0	0.0	0.5	7
KOS	3.2	1.0	0.5	0.0	2.0	0.5	0.5	0.0	7
KGS.US	2.5	1.0	0.0	0.0	1.0	1.0	0.5	0.0	7
KREF	4.3	1.0	0.5	0.0	2.0	2.0	0.0	0.5	7
KTB	3.6	1.0	0.5	0.0	1.5	1.5	0.5	0.0	7
LAC	4.3	2.0	2.0	0.0	0.5	1.0	0.5	0.0	7
KWR	3.6	1.5	0.5	0.0	0.5	2.0	0.0	0.5	7
KODK.US	2.5	1.5	0.0	0.0	0.0	1.5	0.0	0.5	7
LEN	3.6	1.5	2.0	0.0	0.0	1.5	0.0	0.0	7
LB	2.5	0.0	1.0	0.0	0.5	2.0	0.0	0.0	7
LAR	3.2	2.0	0.5	0.0	0.0	1.0	1.0	0.0	7
LEVI	3.2	1.5	0.5	0.0	1.0	1.0	0.5	0.0	7
LII	3.9	1.0	1.5	0.0	1.5	1.0	0.5	0.0	7
LLY	2.5	0.0	0.5	0.0	1.5	1.0	0.5	0.0	7
LNC	3.2	1.0	0.0	1.0	0.5	1.5	0.5	0.0	7
KN	3.2	1.5	1.0	0.0	0.0	1.5	0.5	0.0	7
LRN	2.5	0.0	1.0	0.0	0.5	2.0	0.0	0.0	7
KRO	3.2	1.0	0.5	0.0	0.5	0.5	0.0	2.0	7
LTH	3.2	1.5	0.5	0.0	1.0	1.0	0.5	0.0	7
LUCK	5.0	0.5	1.5	0.0	1.0	2.0	0.0	2.0	6
LUXE	3.9	1.0	0.5	0.0	0.0	2.0	0.0	2.0	7
LXFR	2.9	1.0	0.5	0.0	0.5	0.5	1.5	0.0	7
LYB	1.8	0.0	0.0	0.0	1.0	1.0	0.0	0.5	7
LCLN	2.5	1.0	0.0	0.0	0.5	0.5	1.0	0.5	6
LYV	4.3	1.0	0.5	0.0	2.0	2.0	0.0	0.5	7
LDOS	2.9	0.5	1.0	0.0	1.0	1.0	0.5	0.0	7
MAC	4.3	2.0	0.0	0.0	1.5	2.0	0.5	0.0	7
MANU	3.2	0.5	0.0	0.0	2.0	1.5	0.0	0.5	7
MBI	4.3	1.5	1.5	1.0	1.0	1.0	0.0	0.0	6
MATX	3.6	1.5	1.5	0.0	0.0	1.0	1.0	0.0	7
M.US	2.9	1.5	0.0	0.0	1.0	1.0	0.5	0.0	7
MCD	2.5	0.0	1.5	0.0	1.0	0.5	0.5	0.0	6
LOAR	3.9	0.5	0.5	0.0	1.0	2.0	0.5	1.0	7
LPG	2.5	0.5	1.5	0.0	0.5	1.0	0.0	0.0	7
MFG	2.1	0.0	1.5	0.0	1.0	0.5	0.0	0.0	6
MGM	5.4	1.5	1.5	0.0	2.0	1.5	0.5	0.5	7
MED.US	2.1	0.5	0.0	0.0	0.0	2.0	0.0	0.5	7
MCS.US	1.8	0.5	0.5	0.0	0.5	1.0	0.0	0.0	7
META.24-7	2.5	1.0	1.0	0.0	0.5	0.5	0.5	0.0	7
MHK	2.9	1.0	0.5	0.0	0.0	1.0	1.0	0.5	7
MLM	3.9	1.0	1.5	0.0	0.5	1.0	1.0	0.5	7
MICC.US	3.6	1.0	0.0	0.0	2.0	2.0	0.0	0.0	6
MNTN	3.2	1.0	0.5	0.0	1.0	1.0	0.5	0.5	5
MOV	2.5	1.0	0.5	0.0	0.0	1.5	0.5	0.0	7
MMM	2.9	1.0	0.0	0.0	2.0	1.0	0.0	0.0	7
MAIR	4.3	1.0	1.5	0.0	1.0	0.5	1.0	1.0	6
MRK	2.5	0.0	0.5	0.0	1.0	1.0	1.0	0.0	7
MSGE	4.3	0.5	0.5	1.0	2.0	1.0	1.0	0.0	7
MPLX.US	3.6	0.0	0.5	0.0	1.5	1.0	0.5	1.5	7
MTD	3.9	1.0	1.5	0.0	2.0	1.0	0.0	0.0	7
MTH	3.2	1.5	1.0	0.0	0.5	1.5	0.0	0.0	7
MDT.US	2.9	0.5	0.0	2.0	0.5	0.5	0.5	0.0	7
MTZ	3.9	2.0	1.0	0.0	1.0	1.0	0.0	0.5	7
MUSA	2.5	0.0	0.0	0.0	2.0	1.0	0.5	0.0	7
MX	2.9	1.5	1.0	0.0	0.0	1.0	0.5	0.0	7
MYO	3.9	1.5	1.0	0.0	2.0	0.5	0.0	0.5	7
NAT	2.9	0.5	1.5	0.0	1.0	1.0	0.0	0.0	7
NBR	2.1	1.0	0.0	0.0	1.0	1.0	0.0	0.0	7
NEE	3.6	0.5	1.5	0.0	1.5	1.0	0.5	0.0	7
NEU	2.1	0.5	1.0	0.0	0.5	1.0	0.0	0.0	7
MSCI	2.5	1.5	0.0	0.0	1.0	0.5	0.5	0.0	6
NGVC	3.9	1.5	0.0	0.0	1.0	1.5	0.5	1.0	7
NIO	4.3	1.0	2.0	0.0	1.5	1.0	0.5	0.0	7
NHI	3.6	0.5	2.0	0.0	1.0	1.5	0.0	0.0	7
MSM	4.3	1.0	1.5	0.0	0.5	1.0	1.0	1.0	6
NMAX	3.2	1.0	0.0	0.0	0.0	1.0	1.0	1.5	6
MTUS	3.2	1.5	1.0	0.0	0.0	1.5	0.5	0.0	7
NKE	2.9	1.0	1.5	0.0	0.5	0.5	0.5	0.0	7
NOG	2.9	1.0	0.0	0.0	1.0	2.0	0.0	0.0	7
NNN	2.5	0.5	1.0	0.0	1.0	1.0	0.0	0.0	7
NOTE	5.7	0.5	2.0	2.0	2.0	0.0	1.5	0.0	7
NP	3.9	1.0	0.0	1.0	1.0	1.0	0.5	1.0	5
NRG	4.3	1.0	1.5	1.0	2.0	0.5	0.0	0.0	7
NPO	2.9	1.5	0.5	0.0	0.5	1.0	0.5	0.0	7
NTR	2.5	1.0	0.0	0.0	0.5	0.5	1.5	0.0	7
NSP	3.2	0.5	0.5	0.0	2.0	1.5	0.0	0.0	7
NUE	3.6	2.0	1.0	0.0	0.5	1.0	0.5	0.0	7
NVR	2.9	1.0	1.0	0.0	0.5	1.0	0.5	0.0	7
NVT	3.6	1.5	1.0	0.0	0.5	0.5	1.5	0.0	7
NX	3.2	1.0	0.0	0.0	1.0	1.5	1.0	0.0	7
NXE	3.6	1.5	0.5	1.0	0.5	1.5	0.0	0.0	7
NVDA.24-7	2.9	2.0	1.5	0.0	0.0	0.5	0.0	0.0	7
OC	3.2	1.5	0.5	0.0	1.5	0.5	0.5	0.0	7
OI	4.6	0.5	2.0	0.0	2.0	1.5	0.5	0.0	7
OFG	3.6	0.5	1.0	0.0	1.0	1.5	1.0	0.0	6
OLP	3.6	1.0	0.0	0.0	1.5	1.5	1.0	0.0	7
OKE	2.5	0.5	0.5	0.0	1.0	1.5	0.0	0.0	7
OGN.US	5.0	1.5	2.0	0.0	2.0	1.0	0.5	0.0	7
OPTU	3.6	1.0	1.0	0.0	1.0	2.0	0.0	0.0	6
OPAD	4.3	2.0	0.0	0.0	2.0	2.0	0.0	0.0	7
OSG	2.5	1.0	1.0	0.0	0.0	1.0	0.5	0.0	7
NG.US	3.9	2.0	1.0	0.0	0.5	1.0	0.0	1.0	7
ORI	2.9	0.5	1.0	0.0	0.5	1.5	0.5	0.0	7
OTIS	3.2	1.0	1.5	0.0	1.0	1.0	0.0	0.0	6
ORA.US	3.6	1.0	1.5	0.0	1.0	1.5	0.0	0.0	7
OZ	3.2	0.0	1.5	0.0	1.0	2.0	0.0	0.0	7
OWL	2.9	1.5	1.0	0.0	0.5	1.0	0.0	0.0	7
PACK	4.6	2.0	1.0	0.0	1.0	1.5	0.0	1.0	7
PAYC	3.2	1.0	1.0	0.0	1.5	1.0	0.0	0.0	7
PARR	2.9	0.5	2.0	0.0	0.5	1.0	0.0	0.0	7
O	2.9	0.5	1.5	0.0	0.5	1.5	0.0	0.0	7
PBF	2.5	0.0	2.0	0.0	0.5	1.0	0.0	0.0	7
PAM	3.2	0.0	0.0	1.0	0.5	0.5	1.5	1.0	7
PBR	2.9	0.0	1.5	1.0	0.5	0.5	0.5	0.0	7
PCOR	1.1	0.5	0.0	0.0	0.0	1.0	0.0	0.0	7
PDM	3.2	1.5	0.5	0.0	1.5	0.5	0.5	0.0	7
ONIT	5.7	1.5	2.0	1.0	2.0	1.0	0.0	0.5	7
PEN	1.8	0.5	0.5	0.0	0.0	1.5	0.0	0.0	7
PHI	4.3	0.0	1.0	1.0	2.0	1.0	0.0	1.0	6
PHR	2.9	1.0	1.0	0.0	0.0	1.0	0.5	0.5	7
PGR	0.4	0.0	0.0	0.0	0.0	0.5	0.0	0.0	7
PINS	2.9	1.0	0.5	0.0	0.5	1.0	1.0	0.0	7
PK	3.6	1.5	1.0	0.0	1.0	1.5	0.0	0.0	7
PKX	2.9	1.5	0.5	0.0	0.5	1.0	0.5	0.0	7
ONT.US	4.6	2.0	1.0	0.0	1.0	1.5	1.0	0.0	7
PLGO	2.9	0.0	0.5	0.0	0.5	1.5	0.5	1.0	7
PNC	2.9	1.0	0.0	0.0	1.0	1.0	1.0	0.0	6
PPG	2.9	1.0	0.5	0.0	1.0	1.0	0.5	0.0	7
PNW	3.2	0.0	0.0	0.0	1.5	2.0	1.0	0.0	7
PRGO	2.1	0.5	0.0	0.0	1.0	1.5	0.0	0.0	7
PRM	3.6	2.0	0.0	0.0	1.0	1.5	0.5	0.0	7
PS	4.6	1.0	1.0	0.0	0.0	0.5	2.0	2.0	6
PRK	2.5	0.5	0.0	0.0	1.0	1.5	0.5	0.0	6
PSTL	2.9	0.5	0.5	0.0	1.0	1.5	0.5	0.0	7
QTWO	2.5	1.5	0.0	0.0	0.0	1.5	0.5	0.0	7
PXED	4.6	1.0	1.5	0.0	0.0	1.5	0.5	2.0	6
R	2.9	1.0	0.0	0.0	2.0	1.0	0.0	0.0	7
PUMP.US	2.9	1.0	0.5	0.0	1.0	1.0	0.5	0.0	7
PFS	2.5	1.0	0.0	0.0	1.0	1.5	0.0	0.0	6
PSN.US	2.9	0.5	1.0	0.0	0.5	1.0	0.0	1.0	7
RBRK	3.2	1.0	1.5	0.0	1.0	1.0	0.0	0.0	6
RAMP	4.3	1.5	1.5	0.0	0.0	1.5	1.5	0.0	7
REF	5.0	1.0	0.5	0.0	1.0	1.0	2.0	1.5	6
REXR	2.5	1.0	0.0	0.0	0.5	1.0	1.0	0.0	7
RGA	2.5	0.0	1.5	0.0	0.5	1.0	0.5	0.0	7
PLX	1.4	0.0	0.5	0.0	0.0	1.0	0.5	0.0	7
REPX	2.9	1.0	1.0	0.0	0.5	1.0	0.0	0.5	7
RIO	1.4	0.5	0.0	0.0	0.5	1.0	0.0	0.0	7
RLI	1.4	0.0	0.0	0.0	0.0	2.0	0.0	0.0	7
RM	3.9	1.0	1.0	0.0	2.0	1.0	0.0	0.5	7
RKT	4.3	2.0	1.5	0.0	1.0	1.0	0.5	0.0	7
RNST	2.9	1.0	0.0	0.0	1.0	1.5	0.5	0.0	6
ROL	3.9	0.5	2.0	0.0	0.5	1.0	1.0	0.5	7
RNG	3.2	1.0	1.5	0.0	1.0	1.0	0.0	0.0	6
RS	2.5	1.0	1.0	0.0	0.0	1.0	0.5	0.0	7
RPT	4.6	1.5	1.0	0.0	1.5	1.5	0.5	0.5	7
RSKD	3.6	1.5	1.5	0.0	0.0	0.0	1.0	1.0	7
RVLV	2.1	1.5	0.5	0.0	0.0	1.0	0.0	0.0	7
RYN	3.9	1.0	1.5	1.0	0.5	1.0	0.5	0.0	7
RCL	3.2	2.0	0.0	0.0	1.5	1.0	0.0	0.0	7
RDN	2.1	0.5	0.5	1.0	0.0	1.0	0.0	0.0	7
SBS	2.1	0.0	0.5	0.0	1.0	0.5	0.5	0.5	7
SCL	2.1	1.0	0.5	0.0	0.5	1.0	0.0	0.0	7
RHI	2.1	1.0	0.0	0.0	0.0	1.5	0.5	0.0	7
SAR.US	5.0	0.5	1.0	2.0	1.5	1.0	0.0	1.0	6
SDRL	2.1	1.5	0.0	0.0	0.0	1.5	0.0	0.0	7
SEG	3.2	1.5	0.0	0.0	0.0	2.0	0.0	1.0	7
SGI	4.6	1.5	1.5	0.0	1.5	1.0	1.0	0.0	7
SHO	3.2	1.0	0.5	0.0	0.5	1.5	1.0	0.0	7
SITC	3.6	1.0	1.5	0.0	0.0	1.5	1.0	0.0	7
SKE	4.6	2.0	0.0	0.0	2.0	2.0	0.0	0.5	7
SF.US	2.5	1.0	1.0	0.0	0.5	1.0	0.0	0.0	7
RXO	5.7	2.0	1.5	2.0	0.5	2.0	0.0	0.0	7
SLQT	4.6	2.0	2.0	1.0	0.5	0.5	0.0	0.5	7
SLB	1.8	1.0	0.0	0.0	0.5	1.0	0.0	0.0	7
SAH	4.3	1.0	1.0	0.0	2.0	1.5	0.0	0.5	7
SMHI	3.2	1.0	0.5	0.0	1.0	1.5	0.0	0.5	7
SMA	3.6	1.0	0.5	0.0	1.0	1.5	1.0	0.0	6
SMRT	3.2	1.5	0.5	0.0	0.0	2.0	0.5	0.0	7
SNA	2.1	0.5	0.0	0.0	0.0	2.0	0.5	0.0	7
S.US	2.9	0.5	1.5	0.0	1.0	0.5	0.5	0.0	6
SOLV	3.2	0.5	1.0	0.0	1.0	1.0	1.0	0.0	7
SCCO	4.3	1.0	1.0	0.0	0.5	1.5	0.0	2.0	7
SONY	1.8	1.0	0.0	0.0	0.0	1.0	0.5	0.0	7
SO	2.9	0.0	1.0	0.0	1.5	1.0	0.5	0.0	7
SPG	3.9	1.5	0.0	0.0	2.0	1.5	0.5	0.0	7
SNN.US	2.1	0.5	1.5	0.0	0.5	0.5	0.0	0.0	7
SPXC	2.5	1.5	1.0	0.0	0.0	1.0	0.0	0.0	7
SPIR	2.9	2.0	0.5	0.0	0.0	1.5	0.0	0.0	7
SRE	2.5	0.5	1.5	0.0	1.0	0.5	0.0	0.0	7
ST	2.5	1.5	0.0	0.0	1.0	1.0	0.0	0.0	7
SSL	2.1	0.0	1.0	0.0	0.5	0.5	1.0	0.0	7
STDN	4.3	1.0	0.0	1.0	1.0	1.0	0.5	1.5	5
SU	2.9	0.5	1.5	0.0	0.5	1.0	0.5	0.0	7
STVN	1.4	0.5	0.0	0.0	0.0	1.0	0.5	0.0	7
STNG	2.1	0.0	1.5	0.0	0.0	1.0	0.0	0.5	7
SVV	5.7	1.5	0.5	0.0	2.0	1.5	1.0	1.5	7
STLA.US	4.3	1.0	2.0	0.0	1.0	1.5	0.5	0.0	7
SWX	2.1	0.5	0.5	0.0	1.0	1.0	0.0	0.0	7
SYY	2.9	0.5	0.5	0.0	2.0	1.0	0.0	0.0	7
TAK	1.8	0.0	0.5	0.0	0.5	0.5	1.0	0.0	7
TAP	3.2	0.0	1.5	0.0	0.5	2.0	0.5	0.0	7
TBN	1.1	0.0	0.0	0.0	0.0	0.5	1.0	0.0	7
TDC	1.8	0.5	0.0	0.0	0.0	1.5	0.5	0.0	7
SXT.US	2.9	1.0	1.0	0.0	0.5	1.0	0.5	0.0	7
SUPV.US	2.5	0.0	0.5	0.0	1.0	1.0	0.0	1.0	6
TE	4.6	2.0	1.0	0.0	2.0	1.0	0.0	0.5	7
TELFY	3.2	0.0	1.5	0.0	1.5	0.5	0.5	0.5	7
TGT	2.9	1.0	0.5	0.0	1.0	1.0	0.5	0.0	7
TEVA	5.0	1.0	1.5	0.0	1.5	2.0	1.0	0.0	6
THO	3.9	1.5	2.0	0.0	0.0	1.5	0.5	0.0	7
TFII	3.6	1.5	0.0	1.0	1.0	1.5	0.0	0.0	7
TG	2.5	0.5	1.0	0.0	0.0	1.0	1.0	0.0	7
SRI	3.6	2.0	0.0	0.0	1.0	1.5	0.5	0.0	7
TJX	1.8	0.5	0.5	0.0	1.0	0.5	0.0	0.0	7
TKO	2.5	0.5	1.0	0.0	0.5	1.5	0.0	0.0	7
TLYS	2.5	0.0	0.5	0.0	1.5	0.0	1.0	0.5	7
TOL	2.5	1.5	0.5	0.0	0.5	1.0	0.0	0.0	7
TNET	4.3	1.0	0.5	0.0	2.0	1.0	0.5	1.0	7
TPB	3.9	1.0	1.5	0.0	0.5	2.0	0.5	0.0	7
TPR	3.6	1.5	0.5	0.0	2.0	1.0	0.0	0.0	7
TRIN	2.5	0.5	0.5	0.0	1.0	1.5	0.0	0.0	7
TRC	3.2	0.5	1.0	0.0	0.0	1.5	1.0	0.5	7
TROX	4.3	1.0	1.0	0.0	2.0	1.5	0.0	0.5	7
TSEOQ	5.0	2.0	2.0	0.0	1.0	2.0	0.0	0.0	6
TSN	2.5	0.0	1.5	0.0	0.5	0.5	1.0	0.0	7
TTC	2.5	0.5	1.0	0.0	1.0	1.0	0.0	0.0	7
TWO	3.6	1.0	0.0	1.0	2.0	0.5	0.5	0.0	6
TRU.US	3.9	1.5	1.0	0.0	1.0	1.0	1.0	0.0	7
TU	4.6	0.5	2.0	0.0	1.5	2.0	0.5	0.0	7
TDS	1.1	0.0	0.5	0.0	0.0	1.0	0.0	0.0	7
UA	3.9	1.5	1.0	0.0	1.0	2.0	0.0	0.0	7
TXT	3.2	1.0	2.0	0.0	0.5	1.0	0.0	0.0	7
UAVS	2.5	2.0	1.0	0.0	0.0	0.5	0.0	0.0	7
UEC	3.9	1.5	1.5	1.0	0.0	1.5	0.0	0.0	7
UCB	2.9	1.0	0.0	0.0	1.0	1.5	0.5	0.0	6
UIS	4.3	2.0	1.0	0.0	1.0	2.0	0.0	0.0	6
UGP	3.6	0.0	1.0	0.0	1.0	0.5	1.5	1.0	7
UNFI	2.9	1.0	0.0	0.0	1.5	1.0	0.5	0.0	7
UMC	2.9	1.5	0.5	0.0	0.0	1.0	1.0	0.0	7
USB	2.1	1.0	0.0	0.0	1.0	1.0	0.0	0.0	6
URG	4.3	1.0	2.0	0.0	1.0	2.0	0.0	0.0	7
UNP	3.2	1.0	0.0	0.0	1.5	2.0	0.0	0.0	7
TMO	2.9	1.0	1.5	0.0	1.0	0.5	0.0	0.0	7
VAC	3.9	1.5	0.5	0.0	2.0	1.0	0.5	0.0	7
UVV	3.2	0.5	1.5	0.0	1.0	1.5	0.0	0.0	7
VG	2.9	1.0	0.0	0.0	2.0	1.0	0.0	0.0	6
VIRT	3.2	0.5	1.0	0.0	2.0	1.0	0.0	0.0	7
VLRS	4.3	1.0	1.0	1.0	2.0	0.5	0.0	0.5	7
VLGDF	3.9	1.0	0.5	0.0	1.0	1.0	1.0	1.0	2
VNT	3.2	1.0	0.5	0.0	1.5	1.5	0.0	0.0	7
VPG	1.8	1.5	0.0	0.0	0.0	1.0	0.0	0.0	7
VMI	1.8	1.5	0.0	0.0	0.5	0.5	0.0	0.0	7
VICI	2.5	0.5	2.0	0.0	0.5	0.5	0.0	0.0	7
VSXY	4.3	2.0	1.0	0.0	2.0	1.0	0.0	0.0	7
VSH	2.9	1.5	0.0	0.0	0.5	1.0	1.0	0.0	7
VTOL	2.5	1.5	0.0	0.0	1.0	1.0	0.0	0.0	7
WAL	4.3	1.5	0.5	1.0	1.0	1.5	0.5	0.0	6
VZ	2.1	0.0	0.0	0.0	1.5	1.0	0.5	0.0	7
WBX	5.4	2.0	1.5	0.0	1.0	1.5	0.0	1.5	6
USPH	2.5	1.0	0.5	0.0	0.5	1.5	0.0	0.0	7
WD	4.3	1.5	2.0	0.0	1.0	1.0	0.5	0.0	7
VVV.US	3.9	1.0	0.5	0.0	2.0	1.5	0.5	0.0	7
WGO	3.6	1.0	2.0	0.0	0.5	1.0	0.5	0.0	7
WEC	3.9	0.0	1.5	0.0	1.5	1.5	1.0	0.0	7
UTZ	3.6	0.5	2.0	0.0	0.5	1.0	1.0	0.0	7
VEEV	2.1	1.0	1.0	0.0	0.0	0.5	0.5	0.0	7
WHK	1.8	1.0	0.5	0.0	0.0	0.5	0.0	0.5	6
WK	2.1	0.5	0.0	0.0	1.0	1.0	0.5	0.0	6
WLY	2.9	0.5	0.5	0.0	1.5	1.5	0.0	0.0	7
WMK	2.1	0.0	0.0	0.0	0.0	2.0	0.0	1.0	6
WRBY	3.2	2.0	0.5	0.0	0.5	1.5	0.0	0.0	7
WPM	1.8	1.5	0.0	0.0	0.0	0.5	0.5	0.0	7
WOLF	3.9	1.0	0.5	0.0	1.5	1.5	0.0	1.0	6
WSO	2.9	1.0	1.5	0.0	0.0	1.5	0.0	0.0	7
WTM	1.1	0.0	0.0	0.0	0.0	1.5	0.0	0.0	7
WY	4.3	1.0	2.0	1.0	0.5	1.0	0.5	0.0	7
XOM	1.1	0.0	1.0	0.0	0.0	0.5	0.0	0.0	7
WTTR	2.9	1.0	1.0	0.0	0.0	1.0	1.0	0.0	7
YALA	2.1	0.0	1.0	0.0	0.0	0.5	0.0	1.5	7
XYL	3.9	1.0	1.5	1.0	0.0	1.0	1.0	0.0	7
YEXT	3.2	1.0	0.0	0.0	2.0	1.0	0.0	0.5	7
YPF	3.6	0.0	1.0	0.0	1.0	1.0	1.0	1.0	7
YUMC	2.5	0.0	2.0	0.0	0.5	1.0	0.0	0.0	7
ZIM	2.5	1.0	1.0	0.0	1.0	0.5	0.0	0.0	7
OBIO	3.6	0.5	1.0	0.0	1.5	1.0	0.0	1.0	7
ZTS	3.6	0.5	1.5	0.0	2.0	1.0	0.0	0.0	7
ODD	3.6	2.0	0.5	0.0	1.5	1.0	0.0	0.0	7
WEX	2.9	1.0	0.0	0.0	2.0	1.0	0.0	0.0	7
OCGN	4.6	2.0	1.5	0.0	1.0	2.0	0.0	0.0	6
OLED	3.6	1.5	1.5	0.0	0.0	1.5	0.5	0.0	7
OFIX	2.9	0.5	1.0	0.0	0.5	1.5	0.5	0.0	7
OGI	3.9	2.0	1.5	0.0	0.0	1.5	0.0	0.5	7
OMDA	3.2	1.0	0.0	0.0	1.0	1.5	1.0	0.0	5
ZETA.US	2.9	1.5	1.5	0.0	0.0	0.5	0.5	0.0	7
ONB	3.2	1.0	0.5	0.0	1.0	1.5	0.5	0.0	6
ONEW	5.4	1.5	1.0	0.0	2.0	2.0	0.5	0.5	7
OPENZ	6.1	2.0	2.0	0.0	1.5	1.0	1.0	1.0	4
OPEN	5.4	2.0	2.0	0.0	1.5	1.5	0.5	0.0	7
OPRT	4.6	1.5	1.5	0.0	2.0	1.0	0.0	0.5	7
OM.US	5.4	2.0	1.5	1.0	1.0	1.5	0.0	0.5	7
ORBS	3.2	2.0	1.5	0.0	0.0	0.5	0.0	0.5	7
OSBC	4.3	0.5	1.0	1.0	1.0	1.5	1.0	0.0	6
ORIC	3.2	1.0	0.5	1.0	0.0	2.0	0.0	0.0	7
XPO	3.2	1.5	0.0	0.0	1.5	1.5	0.0	0.0	7
OSW	1.8	1.0	0.0	0.0	0.0	1.5	0.0	0.0	7
OXSQ	2.1	0.0	0.5	0.0	1.0	0.5	0.0	1.0	6
ODFB.OL	3.2	0.0	1.5	0.0	1.0	1.0	1.0	0.0	5
TEL.OL	3.2	0.0	1.5	0.0	1.0	1.0	1.0	0.0	5
ABBNY	2.1	1.0	0.5	0.0	0.5	0.5	0.5	0.0	7
ASAIY	4.3	0.0	1.5	0.0	2.0	1.0	1.0	0.5	7
AXICY	2.5	0.0	0.5	0.0	0.5	2.0	0.5	0.0	7
DIDIY	1.8	0.5	1.0	0.0	0.0	0.0	0.0	1.0	7
CAJPY	1.1	0.0	0.0	0.0	0.5	0.5	0.5	0.0	7
GLFE	4.6	2.0	1.0	0.0	1.0	0.5	1.0	1.0	5
EGRX	2.9	1.0	0.5	0.0	0.0	1.0	0.5	1.0	7
FRCB	5.4	2.0	2.0	1.0	1.0	0.5	1.0	0.0	6
HTZWW	5.4	2.0	0.5	1.0	1.0	1.0	1.0	1.0	2
IVCBF	5.4	0.0	2.0	1.0	0.5	0.0	2.0	2.0	6
LILMF	5.0	2.0	2.0	0.0	1.0	2.0	0.0	0.0	6
LUXHQ	5.0	2.0	1.0	1.0	1.0	0.0	1.0	1.0	4
NKGN	5.0	0.5	1.5	1.0	1.0	0.0	2.0	1.0	6
MBRFY	3.6	0.0	0.0	0.0	2.0	1.0	1.0	1.0	5
RVPH	2.1	0.0	2.0	0.0	0.0	1.0	0.0	0.0	7
PITEF	6.1	2.0	2.0	0.0	1.0	0.0	1.5	2.0	6
SDCCQ	5.0	2.0	2.0	0.0	1.0	2.0	0.0	0.0	6
SLNAF	5.4	0.5	2.0	1.0	1.0	0.0	1.0	2.0	5
SNFI	2.9	1.5	0.0	0.0	1.0	1.0	0.5	0.0	6
SGMOQ	3.2	1.5	1.0	0.0	1.0	0.5	0.5	0.0	6
SYRS	4.6	1.5	2.0	0.0	1.0	0.0	2.0	0.0	6
TSPH	2.5	1.0	1.0	0.0	0.0	1.5	0.0	0.0	7
XELA	6.4	0.5	2.0	2.0	1.0	2.0	0.0	1.5	6
OTTR	2.1	0.0	0.5	0.0	0.5	2.0	0.0	0.0	7
PAGP	2.9	0.5	0.5	0.0	0.5	2.0	0.5	0.0	7
PAYP	4.3	1.0	0.5	0.0	1.5	1.0	0.5	1.5	6
PATK	4.3	1.0	2.0	0.0	1.0	2.0	0.0	0.0	7
PAA	3.2	0.5	0.5	0.0	0.5	1.5	1.0	0.5	7
PBLS	3.2	1.0	0.5	0.0	0.0	2.0	0.5	0.5	6
PCYO	2.1	1.5	0.0	0.0	0.0	1.0	0.0	0.5	7
PENN	4.3	1.5	0.5	0.0	2.0	1.5	0.5	0.0	7
PDLB	3.2	0.5	1.0	0.0	1.0	1.0	0.5	0.5	6
PESI	1.4	0.5	0.0	0.0	0.0	1.5	0.0	0.0	7
PHAT	4.6	0.5	2.0	1.0	1.0	1.5	0.5	0.0	6
PI	3.2	2.0	0.0	0.0	1.0	1.5	0.0	0.0	7
PGC	2.9	0.5	0.5	0.0	1.0	1.5	0.5	0.0	6
PECO	1.8	0.5	0.0	0.0	1.0	1.0	0.0	0.0	7
PKOH	5.4	1.5	1.0	1.0	1.5	1.0	1.0	0.5	7
MOND	7.1	2.0	2.0	1.0	2.0	2.0	1.0	0.0	7
PLCE	6.1	2.0	2.0	0.0	1.0	2.0	0.0	1.5	6
PLTR	2.5	1.5	1.0	0.0	0.0	0.5	0.5	0.0	7
PLXS	2.1	1.0	1.0	0.0	0.0	1.0	0.0	0.0	7
PLRX	4.3	1.5	2.0	0.0	0.0	1.5	1.0	0.0	7
PNTG	3.9	1.5	1.0	0.0	1.0	1.0	1.0	0.0	7
POM	6.1	1.0	2.0	2.0	1.0	0.5	1.0	1.0	5
PRCH	5.7	2.0	1.5	0.0	2.0	2.0	0.0	0.5	7
POWI	2.9	1.5	0.0	0.0	1.0	1.5	0.0	0.0	6
PPC	3.9	0.0	1.0	0.0	1.0	1.0	0.5	2.0	7
PRME	6.8	2.0	1.0	2.0	2.0	2.0	0.0	0.5	7
PR	1.8	0.5	1.0	0.0	0.0	0.5	0.5	0.0	7
PRGS	3.2	1.0	0.0	0.0	1.5	2.0	0.0	0.0	7
PRVA	2.1	1.0	1.0	0.0	0.0	1.0	0.0	0.0	7
PRQR	1.4	0.0	1.0	0.0	0.0	0.5	0.0	0.5	7
PTLO	3.9	1.5	1.5	0.0	1.0	1.5	0.0	0.0	7
PSKY	5.0	1.5	1.0	1.0	1.0	1.5	0.0	1.0	7
PTCT	3.2	0.0	1.5	0.0	1.0	2.0	0.0	0.0	6
PYPL	2.1	1.5	0.0	0.0	0.5	0.5	0.5	0.0	7
PUBM	3.2	1.5	1.5	0.0	0.0	1.0	0.5	0.0	7
AB.PA	5.7	1.5	1.5	0.0	1.0	1.0	1.0	2.0	4
ADP.PA	4.6	1.0	0.5	0.0	1.5	1.0	1.0	1.5	5
PSNY	5.4	2.0	2.0	0.0	1.0	1.5	0.0	1.0	6
PFG	2.5	1.0	0.5	0.0	0.5	1.5	0.0	0.0	7
PCT.US	5.4	2.0	2.0	0.0	1.5	2.0	0.0	0.0	7
ABNX.PA	4.3	0.0	2.0	0.0	1.0	1.0	1.0	1.0	5
ALATI.PA	3.6	0.5	0.0	0.0	1.0	1.0	1.0	1.5	5
ACA.PA	5.0	1.0	0.5	1.0	1.0	1.0	1.0	1.5	4
AIR.PA	2.5	1.0	0.0	0.0	0.5	1.0	1.0	0.0	5
ALBLD.PA	4.6	0.5	2.0	0.0	1.0	1.0	1.0	1.0	4
ALBPS.PA	5.0	1.5	0.5	0.0	1.0	1.0	1.0	2.0	4
ALBI.PA	4.6	1.0	0.5	0.0	1.0	1.0	1.0	2.0	5
ALCBX.PA	3.6	1.0	0.5	1.0	0.5	1.0	1.0	0.0	5
AL2SI.PA	3.9	2.0	0.5	0.0	0.0	1.0	1.0	1.0	5
ALCOF.PA	3.6	0.0	1.0	0.0	0.5	1.0	1.0	1.5	5
ALCJ.PA	4.3	0.5	1.5	0.0	2.0	1.0	1.0	0.0	5
ALCPB.PA	4.6	2.0	0.5	0.0	1.0	1.0	1.0	1.0	5
ALAGP.PA	3.6	0.0	2.0	0.0	0.0	1.0	1.0	1.0	4
ALDNE.PA	4.3	1.0	2.0	0.0	0.0	1.0	1.0	1.0	4
ALDLS.PA	3.9	1.0	0.0	0.0	1.0	1.0	1.0	1.5	3
ALEMG.PA	2.9	0.0	0.0	0.0	0.5	1.0	1.0	1.5	5
ALEAC.PA	6.4	1.0	2.0	2.0	2.0	1.0	1.0	0.0	4
ALDAR.PA	5.0	0.5	0.5	0.0	2.0	1.0	1.0	2.0	5
ALERS.PA	4.3	0.5	1.5	0.0	0.0	1.0	1.0	2.0	5
ALFPC.PA	5.0	0.5	2.0	1.0	0.5	1.0	1.0	1.0	5
ALFLE.PA	3.9	0.0	1.5	0.0	1.0	1.0	1.0	1.0	4
ALGAE.PA	3.2	1.0	0.5	0.0	0.0	1.0	1.0	1.0	5
ALHYP.PA	5.4	1.5	2.0	0.0	0.5	1.0	1.0	1.5	5
ALGIL.PA	4.3	1.0	1.5	0.0	0.0	1.0	1.0	1.5	5
ALIKO.PA	3.6	0.5	0.5	0.0	1.0	1.0	1.0	1.0	3
ALHGR.PA	5.0	1.5	1.0	0.0	1.0	1.0	1.0	1.5	4
ALHRG.PA	3.9	1.0	0.5	0.0	0.5	1.0	1.0	1.5	5
ALJXR.PA	6.4	2.0	0.5	2.0	1.5	1.0	1.0	1.0	4
ALINS.PA	4.3	0.5	1.5	0.0	1.0	1.0	1.0	1.0	4
ALMIB.PA	3.6	0.0	2.0	0.0	1.0	1.0	1.0	0.0	4
ALLAN.PA	4.6	0.0	1.5	0.0	1.0	1.0	1.0	2.0	5
ALLIX.PA	3.2	1.0	0.5	0.0	0.5	1.0	1.0	0.5	5
ALKKO.PA	3.6	0.0	1.5	0.0	0.5	1.0	1.0	1.0	4
ALMLB.PA	3.2	0.5	0.5	0.0	0.5	1.0	1.0	1.0	4
ALNEV.PA	5.0	2.0	2.0	0.0	0.0	1.0	1.0	1.0	4
ALNTG.PA	3.6	0.0	1.0	0.0	1.0	1.0	1.0	1.0	4
ALORA.PA	4.3	0.5	2.0	0.0	1.0	1.0	1.0	0.5	5
ALNOV.PA	4.3	1.0	0.5	2.0	0.5	1.0	1.0	0.0	5
ALPM.PA	3.6	0.5	0.5	0.0	1.0	1.0	1.0	1.0	4
ALPAU.PA	3.9	0.5	0.5	0.0	1.0	1.0	1.0	1.5	5
ALPVL.PA	4.6	1.5	1.0	0.0	1.0	1.0	1.0	1.0	5
ALODC.PA	3.6	0.5	1.0	0.0	0.5	1.0	1.0	1.0	4
ALSGD.PA	3.9	0.5	1.5	0.0	0.5	1.0	1.0	1.0	4
ALRIB.PA	3.2	1.5	0.0	0.0	0.0	1.0	1.0	1.0	5
ALSPT.PA	3.9	1.0	0.5	0.0	0.5	1.0	1.0	1.5	5
ALSTW.PA	3.2	1.0	0.5	0.0	0.0	1.0	1.0	1.0	5
ALTD.PA	3.9	1.0	1.5	0.0	0.5	1.0	1.0	0.5	5
ALTME.PA	2.9	1.0	0.0	0.0	1.0	1.0	1.0	0.0	4
ALUNI.PA	4.3	0.5	0.0	2.0	0.5	1.0	1.0	1.0	5
ALHEX.PA	3.9	1.0	1.0	0.0	0.5	1.0	1.0	1.0	4
ALTPC.PA	4.3	0.0	1.0	1.0	1.0	1.0	1.0	1.0	3
ALVIO.PA	5.4	2.0	0.0	0.0	2.0	1.0	1.0	1.5	5
ALWF.PA	5.0	1.0	1.0	0.0	1.5	1.0	1.0	1.5	5
ANTIN.PA	4.6	1.0	2.0	0.0	0.0	1.0	1.0	1.5	5
ALXIL.PA	3.9	1.5	0.0	0.0	1.0	1.0	1.0	1.0	4
AVT.PA	2.5	0.0	0.5	0.0	1.0	1.0	1.0	0.0	4
ATO.PA	4.6	1.5	1.5	0.0	1.0	1.0	1.0	0.5	4
ASY.PA	5.7	1.0	2.0	1.0	0.5	1.0	1.0	1.5	5
BOL.PA	3.9	0.5	1.5	0.0	0.0	1.0	1.0	1.5	5
BASS.PA	5.0	0.5	1.5	0.0	1.0	1.0	1.0	2.0	5
BN.PA	3.6	0.0	2.0	0.0	1.0	1.0	1.0	0.0	5
BUR.PA	5.0	0.5	1.5	0.0	1.0	1.0	1.0	2.0	5
CAF.PA	3.6	0.0	2.0	0.0	1.0	1.0	1.0	0.0	4
CCN.PA	3.9	0.0	0.0	1.0	1.0	1.0	1.0	1.5	4
CEN.PA	4.6	0.5	2.0	0.0	0.0	1.0	1.0	2.0	5
COVH.PA	4.3	0.0	2.0	0.0	0.5	1.0	1.0	1.5	5
COH.PA	2.1	0.0	1.0	0.0	0.0	1.0	1.0	0.0	5
CRBP2.PA	2.5	0.0	0.5	0.0	1.0	1.0	1.0	0.0	4
CRLO.PA	3.2	0.5	1.0	0.0	1.0	1.0	1.0	0.0	4
CS.PA	2.9	0.5	0.0	0.0	1.0	1.0	1.0	0.5	5
ALVAP.PA	3.6	0.5	0.5	1.0	0.0	1.0	1.0	1.0	4
DSY.PA	2.1	0.5	0.0	0.0	0.5	1.0	1.0	0.0	5
DG.PA	3.9	0.5	1.5	0.0	1.0	1.0	1.0	0.5	5
EDEN.PA	2.9	0.5	0.5	0.0	1.0	1.0	1.0	0.0	4
CAT31.PA	4.3	0.0	1.5	0.0	1.0	1.0	1.0	1.5	4
EL.PA	3.9	0.5	1.5	0.0	0.5	1.0	1.0	1.0	5
ELIS.PA	4.3	1.5	1.5	0.0	1.0	1.0	1.0	0.0	5
ERA.PA	4.6	1.0	1.5	0.0	1.5	1.0	1.0	0.5	5
BIG.PA	4.3	1.0	2.0	0.0	0.5	1.0	1.0	0.5	5
FGA.PA	4.3	0.5	0.0	0.0	2.0	1.0	1.0	1.5	5
ENGI.PA	2.9	0.5	0.0	0.0	1.0	1.0	1.0	0.5	5
EXPL.PA	4.3	0.5	0.0	1.0	0.5	1.0	1.0	2.0	5
CNDF.PA	2.9	0.0	1.0	0.0	1.0	1.0	1.0	0.0	4
GEA.PA	3.9	0.0	1.5	0.0	0.0	1.0	1.0	2.0	5
GAM.PA	2.9	0.0	0.0	0.0	0.0	1.0	1.0	2.0	5
EXA.PA	3.2	1.0	0.0	0.0	0.5	1.0	1.0	1.0	5
FNAC.PA	4.6	1.0	1.0	0.0	1.5	1.0	1.0	1.0	5
GLE.PA	2.9	1.0	0.0	0.0	1.0	1.0	1.0	0.0	4
GUI.PA	3.9	0.0	1.0	1.0	0.0	1.0	1.0	1.5	5
DBV.PA	3.6	0.0	2.0	0.0	0.0	1.0	1.0	1.0	5
INEA.PA	3.6	0.0	1.0	0.0	1.0	1.0	1.0	1.0	5
HO.PA	3.6	0.0	0.5	1.0	0.5	1.0	1.0	1.0	5
IPN.PA	3.2	0.0	0.0	1.0	0.0	1.0	1.0	1.5	5
IVA.PA	4.6	1.0	1.5	0.0	1.5	1.0	1.0	0.5	5
KER.PA	4.6	1.0	1.5	0.0	1.0	1.0	1.0	1.0	5
LAT.PA	5.4	0.0	1.5	0.0	2.0	1.0	1.0	2.0	5
LI.PA	3.6	1.0	0.0	1.0	0.5	1.0	1.0	0.5	5
LPE.PA	4.3	0.0	2.0	0.0	0.5	1.0	1.0	1.5	5
LTA.PA	5.0	1.0	2.0	0.0	1.0	1.0	1.0	1.0	2
MBWS.PA	3.2	0.0	0.5	0.0	0.0	1.0	1.0	2.0	5
MEDCL.PA	5.7	1.0	1.0	2.0	2.0	1.0	1.0	0.0	5
MF.PA	3.9	1.0	0.5	0.0	1.0	1.0	1.0	1.0	5
NACON.PA	5.0	1.0	2.0	0.0	1.0	1.0	1.0	1.0	3
MMT.PA	4.6	0.5	1.5	1.0	0.0	1.0	1.0	1.5	5
NEX.PA	2.9	1.0	0.0	0.0	1.0	1.0	1.0	0.0	5
NRG.PA	5.4	0.0	1.5	2.0	0.0	1.0	1.0	2.0	5
IDIP.PA	3.9	0.5	0.5	0.0	1.0	1.0	1.0	1.5	4
ODET.PA	4.6	0.5	1.0	0.0	1.0	1.0	1.0	2.0	4
ORA.PA	3.6	0.0	1.0	0.0	1.5	1.0	1.0	0.5	5
PARP.PA	5.0	0.0	2.0	0.0	1.0	1.0	1.0	2.0	4
PLNW.PA	4.3	1.0	1.5	0.0	0.0	1.0	1.0	1.5	5
PERR.PA	5.4	1.0	2.0	1.0	0.5	1.0	1.0	1.0	4
POXEL.PA	5.4	1.5	2.0	0.0	1.0	1.0	1.0	1.0	3
GPE.PA	4.3	0.0	0.5	1.0	1.0	1.0	1.0	1.5	5
QDT.PA	3.2	1.0	0.0	0.0	1.0	1.0	1.0	0.5	5
RCO.PA	2.9	0.5	0.0	0.0	0.5	1.0	1.0	1.0	4
RMS.PA	4.6	1.0	2.0	0.0	0.0	1.0	1.0	1.5	5
SAMS.PA	3.9	0.0	0.5	0.0	1.0	1.0	1.0	2.0	5
RXL.PA	3.2	1.0	0.0	0.0	1.0	1.0	1.0	0.5	5
SBT.PA	3.2	0.0	0.0	0.0	0.5	1.0	1.0	2.0	5
SDG.PA	5.0	1.0	1.5	0.0	1.0	1.0	1.0	1.5	4
SRP.PA	4.3	0.5	0.5	0.0	1.5	1.0	1.0	1.5	5
SOI.PA	3.9	1.5	1.0	0.0	0.5	1.0	1.0	0.5	5
SIGHT.PA	3.9	0.5	1.5	0.0	1.0	1.0	1.0	0.5	4
STMPA.PA	2.9	1.5	0.0	0.0	0.0	1.0	1.0	0.5	5
SWP.PA	4.6	1.0	1.5	0.0	1.5	1.0	1.0	0.5	5
TKO.PA	3.9	0.5	1.0	0.0	0.5	1.0	1.0	1.5	5
TTE.PA	2.5	0.0	1.0	0.0	0.5	1.0	1.0	0.0	5
TFF.PA	5.7	0.0	2.0	2.0	0.5	1.0	1.0	1.5	5
VAC.PA	4.3	1.5	0.5	0.0	1.0	1.0	1.0	1.0	4
VETO.PA	3.6	1.0	0.5	0.0	0.0	1.0	1.0	1.5	5
VIRI.PA	2.5	0.0	0.5	0.0	1.0	1.0	1.0	0.0	5
VMX.PA	3.9	1.5	0.5	0.0	1.0	1.0	1.0	0.5	5
XFAB.PA	4.3	1.5	0.5	0.0	0.5	1.0	1.0	1.5	5
WAGA.PA	5.0	1.0	0.0	0.0	2.0	1.0	1.0	2.0	4
QCRH	2.5	0.5	1.0	0.0	1.0	1.0	0.0	0.0	6
VK.PA	2.5	0.0	0.5	0.0	0.5	1.0	1.0	0.5	5
QSI	3.2	2.0	0.5	1.0	0.0	1.0	0.0	0.0	7
RDNT	3.6	1.5	0.0	0.0	1.5	2.0	0.0	0.0	7
QUIK	2.1	1.0	0.5	0.0	0.0	1.5	0.0	0.0	7
RCKT	2.9	0.0	1.5	0.0	0.0	2.0	0.0	0.5	7
RDZN	5.0	1.5	1.0	0.0	1.0	1.5	0.5	1.5	6
RBC	1.8	1.5	0.0	0.0	0.0	0.5	0.5	0.0	7
QNT.US	3.2	1.0	2.0	0.0	0.0	0.5	1.0	0.0	6
RENT	5.7	1.5	2.0	0.0	1.0	2.0	1.0	0.5	6
RELL	3.2	1.5	0.5	1.0	0.0	1.0	0.5	0.0	7
RGC	4.6	1.0	1.5	1.0	0.5	1.0	0.5	1.0	6
REG	2.1	1.0	0.5	0.0	0.5	1.0	0.0	0.0	7
RGLD	1.1	0.0	0.0	0.0	0.0	1.0	0.5	0.0	7
RGTI	3.2	2.0	1.5	0.0	0.0	1.0	0.0	0.0	7
RARE.US	2.5	0.0	1.5	0.0	1.0	1.0	0.0	0.0	6
RMR	2.5	1.0	0.0	0.0	0.5	2.0	0.0	0.0	7
RIGL	3.2	1.0	1.0	0.0	0.0	2.0	0.0	0.5	7
RNW	5.0	1.0	0.5	0.0	2.0	0.5	1.5	1.5	7
ROP	2.1	0.5	0.5	0.0	0.5	1.5	0.0	0.0	7
RLMD	3.6	0.5	0.5	0.0	1.0	2.0	0.5	0.5	6
RIVN	3.6	1.5	0.5	0.0	1.0	1.5	0.0	0.5	7
ROIV	2.1	1.0	0.5	0.0	0.0	1.0	0.5	0.0	7
RPD	2.9	1.0	0.0	0.0	2.0	1.0	0.0	0.0	7
RR	2.1	0.0	1.5	0.0	0.0	1.5	0.0	0.0	7
RXT	3.6	2.0	0.0	0.0	1.0	1.0	0.0	1.0	6
RZLT	2.5	0.5	0.5	0.0	0.0	2.0	0.0	0.5	7
RUSHA	2.9	1.0	0.5	0.0	0.5	2.0	0.0	0.0	7
SAFT	2.1	0.0	2.0	0.0	0.0	1.0	0.0	0.0	7
RWAY	3.9	0.5	0.5	1.0	1.0	1.5	0.0	1.0	6
SAIC	2.5	0.0	0.5	0.0	1.5	1.0	0.5	0.0	7
SBCF	2.5	1.0	0.0	0.0	1.0	1.5	0.0	0.0	6
SCHL	2.5	1.0	0.0	0.0	0.5	1.5	0.5	0.0	7
SDGR	4.3	1.5	1.5	1.0	0.5	1.5	0.0	0.0	7
SEIC	2.5	1.0	0.5	0.0	0.0	1.0	1.0	0.0	7
SFIX	4.3	2.0	1.0	0.0	0.5	2.0	0.5	0.0	7
SGHT	4.6	2.0	1.0	0.0	0.5	1.5	1.0	0.5	7
SGP	3.6	1.0	0.0	0.0	0.0	2.0	0.0	2.0	6
SHBI	3.2	1.0	0.5	0.0	1.0	1.5	0.5	0.0	6
SHIP	2.9	1.0	1.0	0.0	1.0	0.0	0.5	0.5	7
RUBI	5.7	1.0	2.0	2.0	1.5	0.0	0.0	1.5	6
SHOO	2.1	1.0	0.5	0.0	0.5	1.0	0.0	0.0	7
SIGA	2.9	1.0	1.0	0.0	0.0	1.0	0.0	1.0	7
SIRI	2.9	1.0	0.0	0.0	1.0	2.0	0.0	0.0	7
SANA	4.6	2.0	1.5	0.0	0.5	2.0	0.0	0.5	7
SBLK	2.9	0.5	1.0	0.0	0.5	0.5	1.0	0.5	7
SIMO	2.5	1.5	0.5	0.0	0.0	0.5	1.0	0.0	7
SKYW	3.2	1.5	0.0	0.0	1.0	1.5	0.5	0.0	7
SCSC	2.5	1.5	1.0	0.0	0.0	1.0	0.0	0.0	7
SKHY	3.2	2.0	1.5	0.0	0.0	0.5	0.0	0.5	7
SLDE	2.5	1.0	0.5	0.0	0.0	1.0	0.0	1.0	6
SLP	3.2	1.5	1.0	0.0	0.0	2.0	0.0	0.0	7
SLM	3.2	1.0	0.0	0.0	1.5	2.0	0.0	0.0	7
SMCI	2.1	2.0	0.0	0.0	0.5	0.5	0.0	0.0	7
SERV	3.9	2.0	1.5	0.0	0.0	1.5	0.5	0.0	7
SMTC	3.2	2.0	1.5	0.0	0.5	0.5	0.0	0.0	7
SNDL	2.1	1.0	1.5	0.0	0.0	0.5	0.0	0.0	7
SNGX	2.5	2.0	1.5	0.0	0.0	0.0	0.0	0.0	7
SOFI	3.6	2.0	1.5	0.0	0.5	1.0	0.0	0.0	7
SOUN	3.9	2.0	2.0	0.0	0.0	1.5	0.0	0.0	7
SPRC	2.5	1.0	1.5	0.0	0.0	0.0	1.0	0.0	6
SPT	2.1	1.0	0.5	0.0	0.0	1.0	0.5	0.0	7
SPFI	2.1	0.0	0.0	0.0	1.0	1.0	0.5	0.5	6
SRRK	2.5	0.5	0.0	0.0	1.0	2.0	0.0	0.0	7
STAA	2.5	1.0	0.5	0.0	0.0	1.0	0.0	1.0	7
STGW	4.6	1.5	1.0	0.0	1.5	1.5	0.0	1.0	7
SRAD	3.2	1.5	1.5	0.0	0.0	1.5	0.0	0.0	7
STLD	2.5	1.5	0.5	0.0	0.5	1.0	0.0	0.0	7
STOK	3.6	1.5	0.5	0.0	0.0	2.0	0.5	0.5	7
STRD	3.2	2.0	0.5	0.0	0.0	1.5	0.5	0.0	7
SUPN	2.5	0.5	1.0	0.0	0.0	1.5	0.5	0.0	7
SSP.US	4.6	0.5	0.5	1.0	2.0	1.5	0.5	0.5	7
SVC	3.9	1.5	1.0	0.0	2.0	1.0	0.0	0.0	7
SWKS	3.2	1.5	0.5	1.0	0.0	1.0	0.0	0.5	7
SYM	3.9	2.0	1.0	0.0	0.0	2.0	0.5	0.0	7
STRL.US	2.5	2.0	0.5	0.0	0.0	0.5	0.5	0.0	7
STX.US	4.3	2.0	0.5	1.0	1.5	0.5	0.5	0.0	7
AMBEA.ST	4.3	0.5	1.5	0.0	2.0	1.0	1.0	0.0	5
ALIFb.ST	3.2	1.5	0.0	0.0	1.0	1.0	1.0	0.0	5
ADDTb.ST	2.9	1.0	0.5	0.0	0.5	1.0	1.0	0.0	5
ARJOb.ST	2.9	0.5	0.5	0.0	0.5	1.0	1.0	0.5	5
ATRLJb.ST	5.4	1.5	2.0	0.0	1.0	1.0	1.0	1.0	5
AXFO.ST	3.9	0.5	0.5	0.0	1.5	1.0	1.0	1.0	5
BONEX.ST	1.4	0.0	0.0	0.0	0.0	1.0	1.0	0.0	5
BEIJb.ST	2.9	1.0	0.5	0.0	0.5	1.0	1.0	0.0	5
BIOAb.ST	2.1	0.5	0.0	0.0	0.0	1.0	1.0	0.5	5
DOM.ST	4.3	1.5	2.0	0.0	0.5	1.0	1.0	0.0	5
CATE.ST	4.6	1.5	2.0	0.0	1.0	1.0	1.0	0.0	5
ENITY.ST	3.9	1.0	1.0	0.0	1.0	1.0	1.0	0.5	4
HEM.ST	4.3	0.5	2.0	0.0	1.0	1.0	1.0	0.5	5
GETIB.ST	3.9	1.0	1.5	0.0	0.5	1.0	1.0	0.5	5
ESSITYB.ST	2.1	0.0	0.5	0.0	0.5	1.0	1.0	0.0	5
ASSA-B.ST	3.2	1.0	0.0	0.0	0.5	1.0	1.0	1.0	4
INDT.ST	3.9	1.0	1.5	0.0	0.5	1.0	1.0	0.5	5
HPOLB.ST	4.3	1.0	1.5	0.0	0.5	1.0	1.0	1.0	4
BURE.ST	3.6	1.5	1.0	0.0	0.0	1.0	1.0	0.5	5
INTEAb.ST	3.2	1.0	0.5	0.0	1.0	1.0	1.0	0.0	4
IVSO.ST	2.9	1.0	0.0	0.0	0.0	1.0	1.0	1.0	4
INVEB.ST	3.2	0.5	1.0	0.0	0.0	1.0	1.0	1.0	4
LUG.ST	3.6	1.5	0.5	0.0	0.0	1.0	1.0	1.0	5
LIAB.ST	4.3	1.0	1.5	1.0	0.5	1.0	1.0	0.0	5
ELUXB.ST	4.6	1.0	1.5	0.0	2.0	1.0	1.0	0.0	5
MCOVb.ST	5.4	1.5	1.5	0.0	2.0	1.0	1.0	0.5	5
EQT.ST	3.9	1.5	1.0	0.0	0.5	1.0	1.0	0.5	5
KINVB.ST	2.5	1.5	0.0	0.0	0.0	1.0	1.0	0.0	5
MTRS.ST	2.9	0.5	0.5	0.0	1.0	1.0	1.0	0.0	5
NIBEB.ST	3.2	1.0	1.0	0.0	0.5	1.0	1.0	0.0	5
NCCb.ST	3.6	1.0	1.5	0.0	0.5	1.0	1.0	0.0	5
RAYb.ST	2.9	1.0	0.5	0.0	0.5	1.0	1.0	0.0	5
SAABB.ST	1.8	0.0	0.0	0.0	0.0	1.0	1.0	0.5	5
SAVE.ST	3.9	0.5	0.5	0.0	2.0	1.0	1.0	0.5	5
SF.ST	4.3	0.5	1.5	0.0	1.0	1.0	1.0	1.0	5
SEB-A.ST	4.3	0.0	1.5	1.0	1.0	1.0	1.0	0.5	4
MIPS.ST	3.2	1.5	0.5	0.0	0.5	1.0	1.0	0.0	5
SKA-B.ST	2.1	1.0	0.0	0.0	0.0	1.0	1.0	0.0	5
SKISb.ST	2.9	0.5	0.0	0.0	0.5	1.0	1.0	1.0	5
NP3.ST	5.0	1.5	1.5	0.0	1.0	1.0	1.0	1.0	5
SSABB.ST	3.9	1.5	1.0	0.0	0.0	1.0	1.0	1.0	4
ORRON.ST	2.9	1.5	0.0	0.0	0.5	1.0	1.0	0.0	5
THULE.ST	3.9	1.5	1.5	0.0	0.5	1.0	1.0	0.0	5
SYSR.ST	3.6	1.5	0.5	0.0	0.0	1.0	1.0	1.0	5
TRUEb.ST	2.1	1.0	0.0	0.0	0.0	1.0	1.0	0.0	5
YUBICO.ST	2.9	0.5	1.0	0.0	0.0	1.0	1.0	0.5	5
VITb.ST	2.9	1.0	0.5	0.0	0.5	1.0	1.0	0.0	5
ABB.ASX	3.6	0.5	1.5	0.0	0.5	1.0	1.0	0.5	5
AIA.ASX	2.5	0.5	1.0	0.0	0.0	1.0	1.0	0.0	5
WALLb.ST	5.0	1.5	2.0	0.0	1.0	1.0	1.0	0.5	5
ALQ.ASX	3.2	1.0	0.5	0.0	1.0	1.0	1.0	0.0	5
AMC.ASX	2.5	0.5	0.0	0.0	1.0	1.0	1.0	0.0	5
ANZ.ASX	3.2	0.5	0.0	0.0	1.0	1.0	1.0	1.0	3
APE.ASX	5.4	1.0	2.0	0.0	1.5	1.0	1.0	1.0	5
BGA.ASX	2.5	0.5	0.5	0.0	0.5	1.0	1.0	0.0	5
SWECb.ST	3.6	1.0	1.0	0.0	0.5	1.0	1.0	0.5	5
BPT.ASX	3.2	0.0	1.5	0.0	0.0	1.0	1.0	1.0	4
CHC.ASX	3.2	1.5	1.0	0.0	0.0	1.0	1.0	0.0	5
CIP.ASX	3.2	1.0	1.0	0.0	0.5	1.0	1.0	0.0	5
ASX.ASX	1.8	0.0	0.5	0.0	0.0	1.0	1.0	0.0	5
COH.ASX	2.1	0.0	1.0	0.0	0.0	1.0	1.0	0.0	5
AZJ.ASX	2.1	0.0	0.0	0.0	1.0	1.0	1.0	0.0	5
BMN.ASX	2.1	1.0	0.0	0.0	0.0	1.0	1.0	0.0	5
BXB.ASX	2.5	0.0	0.5	0.0	1.0	1.0	1.0	0.0	5
CQE.ASX	3.6	1.0	1.5	0.0	0.5	1.0	1.0	0.0	5
DMP.ASX	3.9	1.0	0.5	0.0	1.5	1.0	1.0	0.5	5
CSL.ASX	2.1	0.0	0.5	0.0	0.5	1.0	1.0	0.0	5
CCP.ASX	3.2	1.0	1.0	0.0	0.5	1.0	1.0	0.0	5
DRO.ASX	3.2	1.0	1.5	0.0	0.0	1.0	1.0	0.0	5
DVP.ASX	2.9	1.0	0.5	0.0	0.0	1.0	1.0	0.5	5
ELD.ASX	1.8	0.0	0.0	0.0	0.5	1.0	1.0	0.0	5
EVN.ASX	2.5	1.5	0.0	0.0	0.0	1.0	1.0	0.0	5
CMM.ASX	2.5	1.5	0.0	0.0	0.0	1.0	1.0	0.0	5
FLT.ASX	3.9	0.5	1.5	0.0	1.0	1.0	1.0	0.5	5
BSL.ASX	3.2	1.0	0.5	0.0	0.0	1.0	1.0	1.0	4
GMD.ASX	2.5	1.5	0.0	0.0	0.0	1.0	1.0	0.0	5
HUB.ASX	3.6	1.0	2.0	0.0	0.0	1.0	1.0	0.0	5
GOZ.ASX	4.6	1.0	1.0	0.0	1.0	1.0	1.0	1.5	5
HLI.ASX	1.8	0.5	0.0	0.0	0.0	1.0	1.0	0.0	5
IDX.ASX	2.5	0.0	0.5	0.0	1.0	1.0	1.0	0.0	5
ILU.ASX	3.2	1.0	1.0	0.0	0.5	1.0	1.0	0.0	5
CWY.ASX	2.1	0.5	0.0	0.0	0.5	1.0	1.0	0.0	5
IRE.ASX	3.6	1.0	1.5	0.0	0.5	1.0	1.0	0.0	5
JIN.ASX	3.6	0.5	2.0	0.0	0.5	1.0	1.0	0.0	5
LLC.ASX	3.6	0.5	1.5	0.0	1.0	1.0	1.0	0.0	5
LYC.ASX	2.9	0.5	1.5	0.0	0.0	1.0	1.0	0.0	5
MND.ASX	2.1	0.5	0.5	0.0	0.0	1.0	1.0	0.0	5
MGR.ASX	2.9	1.0	0.5	0.0	0.5	1.0	1.0	0.0	5
NAB.ASX	3.6	0.5	0.5	0.0	1.0	1.0	1.0	1.0	3
MQG.ASX	3.9	1.0	0.5	0.0	1.0	1.0	1.0	1.0	2
NHF.ASX	1.8	0.0	0.5	0.0	0.0	1.0	1.0	0.0	5
NWH.ASX	3.9	1.0	1.5	0.0	1.0	1.0	1.0	0.0	5
NXT.ASX	4.3	1.5	2.0	0.0	0.5	1.0	1.0	0.0	5
INA.ASX	2.5	1.0	0.0	0.0	0.5	1.0	1.0	0.0	5
ORI.ASX	3.2	0.5	0.0	0.0	1.0	1.0	1.0	1.0	4
PME.ASX	2.9	0.5	0.5	0.0	0.0	1.0	1.0	1.0	5
KLS.ASX	3.9	1.0	1.0	0.0	1.0	1.0	1.0	0.5	5
PNV.ASX	3.2	1.5	1.0	0.0	0.0	1.0	1.0	0.0	5
PWH.ASX	2.9	1.0	0.0	0.0	0.5	1.0	1.0	0.5	5
RIC.ASX	2.9	0.0	0.5	0.0	1.5	1.0	1.0	0.0	5
REH.ASX	4.3	1.0	1.0	0.0	0.5	1.0	1.0	1.5	5
QBE.ASX	2.9	0.0	0.5	0.0	0.5	1.0	1.0	1.0	4
NEC.ASX	4.3	1.0	1.5	0.0	1.0	1.0	1.0	0.5	5
NST.ASX	2.5	1.5	0.0	0.0	0.0	1.0	1.0	0.0	5
S32.ASX	2.5	0.5	1.0	0.0	0.0	1.0	1.0	0.0	5
SIQ.ASX	2.1	0.5	0.0	0.0	0.5	1.0	1.0	0.0	5
SDR.ASX	3.6	1.0	2.0	0.0	0.0	1.0	1.0	0.0	5
SGR.ASX	3.9	0.5	0.0	0.0	1.5	1.0	1.0	1.5	5
SUL.ASX	3.2	1.0	0.0	0.0	1.0	1.0	1.0	0.5	5
SOL.ASX	2.1	0.0	0.5	0.0	0.0	1.0	1.0	0.5	5
TAH.ASX	1.8	0.0	0.0	0.0	0.5	1.0	1.0	0.0	5
TPG.ASX	3.6	0.0	1.0	0.0	0.5	1.0	1.0	1.5	5
TLS.ASX	3.2	0.0	0.5	0.0	1.0	1.0	1.0	1.0	4
RMS.ASX	2.5	1.5	0.0	0.0	0.0	1.0	1.0	0.0	5
VAU.ASX	2.5	1.0	0.5	0.0	0.0	1.0	1.0	0.0	5
WAF.ASX	2.5	1.0	0.5	0.0	0.0	1.0	1.0	0.0	5
VNT.ASX	2.5	0.0	0.0	0.0	1.5	1.0	1.0	0.0	5
WDS.ASX	2.1	0.0	0.5	0.0	0.5	1.0	1.0	0.0	5
TBBK	3.6	1.5	1.5	0.0	1.0	1.0	0.0	0.0	6
TBPH	1.4	0.0	0.0	0.0	0.0	1.0	0.0	1.0	7
WGX.ASX	2.9	1.5	0.5	0.0	0.0	1.0	1.0	0.0	5
TCMD	2.1	1.0	0.0	0.0	0.0	1.5	0.5	0.0	7
SGH.ASX	4.3	1.0	1.0	0.0	1.0	1.0	1.0	1.0	2
YAL.ASX	2.9	0.0	0.5	0.0	0.0	1.0	1.0	1.5	5
WTC.ASX	5.0	1.5	1.5	0.0	1.0	1.0	1.0	1.0	5
WOR.ASX	3.2	0.0	2.0	0.0	0.5	1.0	1.0	0.0	5
TCRX	3.9	1.0	2.0	0.0	1.0	0.5	1.0	0.0	7
TEAD	5.7	1.5	1.0	0.0	2.0	2.0	0.0	1.5	7
TECX	2.9	0.0	0.5	0.0	0.0	2.0	1.0	0.5	7
THRY	5.0	1.0	2.0	1.0	1.0	1.0	0.5	0.5	7
TLS	3.2	1.0	1.0	0.0	0.0	1.0	1.0	0.5	7
THFF	1.8	0.0	0.5	0.0	1.0	1.0	0.0	0.0	6
TEM.US	5.0	2.0	0.5	1.0	2.0	1.0	0.0	0.5	7
TMCR	4.6	1.0	2.0	0.0	0.5	0.0	1.5	1.5	6
TNDM	4.3	1.5	0.5	0.0	2.0	1.5	0.5	0.0	7
TONX	3.6	0.5	0.5	0.0	1.0	1.5	0.5	1.0	6
TORO	5.7	2.0	0.0	1.0	1.0	0.5	1.5	2.0	6
TRMB	2.1	1.5	0.5	0.0	0.0	0.5	0.5	0.0	7
TRON	4.6	2.0	1.5	0.0	0.0	1.0	0.0	2.0	7
TRVI	3.2	1.0	0.0	2.0	0.0	1.5	0.0	0.0	7
TRST	3.6	0.5	1.0	0.0	1.0	1.5	1.0	0.0	6
TTD	2.9	1.0	2.0	0.0	0.0	1.0	0.0	0.0	7
TSEM	1.4	1.0	0.5	0.0	0.0	0.5	0.0	0.0	7
TVTX	4.6	1.0	0.5	1.0	2.0	2.0	0.0	0.0	7
TFIN	3.2	1.5	0.0	0.0	1.0	2.0	0.0	0.0	6
TILE	2.9	2.0	0.0	0.0	0.5	1.5	0.0	0.0	7
TYRA	2.5	0.5	0.5	0.0	0.0	1.5	0.0	1.0	7
1605.T	1.8	0.0	0.0	0.0	0.0	1.0	1.0	0.5	5
TPST	3.6	1.5	2.0	0.0	1.0	0.0	0.0	0.5	6
1802.T	1.8	0.0	0.5	0.0	0.0	1.0	1.0	0.0	5
1812.T	2.5	0.0	1.0	0.0	0.5	1.0	1.0	0.0	5
1963.T	1.4	0.0	0.0	0.0	0.0	1.0	1.0	0.0	5
TREE.US	3.9	2.0	2.0	0.0	1.0	0.5	0.0	0.0	7
2282.T	2.1	0.0	0.5	0.0	0.5	1.0	1.0	0.0	5
2768.T	2.5	0.5	0.0	0.0	1.0	1.0	1.0	0.0	5
2501.T	1.4	0.0	0.0	0.0	0.0	1.0	1.0	0.0	5
TTMI	2.5	2.0	0.0	0.0	0.5	0.5	0.5	0.0	7
3086.T	2.1	0.0	0.0	0.0	1.0	1.0	1.0	0.0	5
3289.T	3.9	0.0	2.0	0.0	1.5	1.0	1.0	0.0	5
3402.T	2.1	0.0	0.5	0.0	0.5	1.0	1.0	0.0	5
TSLA.24-7	2.1	2.0	0.0	0.0	0.0	0.5	0.0	0.5	7
TXG	5.0	2.0	1.5	2.0	0.0	1.5	0.0	0.0	7
3436.T	2.5	1.0	0.0	0.0	0.5	1.0	1.0	0.0	5
3861.T	2.5	0.0	0.5	0.0	1.0	1.0	1.0	0.0	5
4061.T	1.8	0.0	0.0	0.0	0.5	1.0	1.0	0.0	5
4021.T	2.9	0.0	2.0	0.0	0.0	1.0	1.0	0.0	5
4208.T	2.1	0.0	0.5	0.0	0.5	1.0	1.0	0.0	5
4151.T	3.6	0.0	1.0	0.0	1.0	1.0	1.0	1.0	4
4755.T	5.4	1.0	2.0	0.0	2.0	1.0	1.0	0.5	5
4519.T	4.6	0.5	1.5	0.0	1.0	1.0	1.0	1.5	4
4911.T	2.1	0.5	0.0	0.0	0.5	1.0	1.0	0.0	5
5101.T	2.5	0.5	0.5	0.0	0.5	1.0	1.0	0.0	5
5214.T	1.8	0.0	0.5	0.0	0.0	1.0	1.0	0.0	5
285A.T	2.9	1.0	0.0	0.0	0.5	1.0	1.0	0.5	4
5332.T	2.1	1.0	0.0	0.0	0.0	1.0	1.0	0.0	5
5406.T	2.1	0.5	0.0	0.0	0.5	1.0	1.0	0.0	5
5631.T	2.9	0.5	1.0	0.0	0.5	1.0	1.0	0.0	5
5713.T	2.9	1.5	0.0	0.0	0.5	1.0	1.0	0.0	5
5802.T	2.1	1.0	0.0	0.0	0.0	1.0	1.0	0.0	5
6098.T	2.9	1.0	1.0	0.0	0.0	1.0	1.0	0.0	5
6146.T	2.9	1.0	0.0	0.0	1.0	1.0	1.0	0.0	4
4503.T	1.8	0.0	0.0	0.0	0.5	1.0	1.0	0.0	5
6301.T	3.6	1.0	1.5	0.0	0.5	1.0	1.0	0.0	5
4385.T	3.6	1.0	0.0	0.0	1.5	1.0	1.0	0.5	5
6326.T	2.5	1.0	0.0	0.0	0.5	1.0	1.0	0.0	5
4689.T	3.2	0.5	0.0	0.0	0.5	1.0	1.0	1.5	5
4568.T	2.5	1.0	0.5	0.0	0.0	1.0	1.0	0.0	4
6532.T	2.9	1.0	1.0	0.0	0.0	1.0	1.0	0.0	5
6479.T	3.2	1.0	0.0	1.0	0.5	1.0	1.0	0.0	5
6701.T	1.4	0.0	0.0	0.0	0.0	1.0	1.0	0.0	5
6504.T	2.5	1.0	0.5	0.0	0.0	1.0	1.0	0.0	5
6724.T	3.6	0.5	2.0	0.0	0.5	1.0	1.0	0.0	5
6841.T	3.2	1.0	0.5	0.0	0.0	1.0	1.0	1.0	3
6758.T	2.1	1.0	0.0	0.0	0.0	1.0	1.0	0.0	5
6471.T	2.1	0.5	0.0	0.0	0.5	1.0	1.0	0.0	5
6902.T	3.9	0.5	1.5	0.0	0.0	1.0	1.0	1.5	5
6976.T	2.9	1.5	0.0	0.0	0.5	1.0	1.0	0.0	5
6954.T	2.9	1.0	0.0	0.0	1.0	1.0	1.0	0.0	4
7004.T	2.1	0.5	0.0	0.0	0.5	1.0	1.0	0.0	5
7013.T	3.2	1.0	1.0	0.0	0.5	1.0	1.0	0.0	5
7261.T	2.5	0.5	0.5	0.0	0.5	1.0	1.0	0.0	5
7202.T	2.5	0.0	0.5	0.0	0.5	1.0	1.0	0.5	5
7270.T	2.1	0.0	0.5	0.0	0.0	1.0	1.0	0.5	5
7731.T	1.8	0.0	0.0	0.0	0.5	1.0	1.0	0.0	5
7832.T	3.2	0.0	1.5	0.0	1.0	1.0	1.0	0.0	4
8002.T	2.1	0.5	0.0	0.0	0.5	1.0	1.0	0.0	5
7741.T	2.1	1.0	0.0	0.0	0.0	1.0	1.0	0.0	4
8035.T	3.6	1.5	0.5	0.0	1.0	1.0	1.0	0.0	4
8267.T	3.9	0.0	2.0	0.0	1.5	1.0	1.0	0.0	5
8308.T	3.6	0.0	2.0	0.0	1.0	1.0	1.0	0.0	4
8233.T	2.1	0.0	0.0	0.0	1.0	1.0	1.0	0.0	5
8331.T	3.6	0.0	2.0	0.0	1.0	1.0	1.0	0.0	4
8591.T	2.9	0.5	0.5	0.0	1.0	1.0	1.0	0.0	5
8750.T	2.5	0.0	1.0	0.0	0.5	1.0	1.0	0.0	5
8630.T	1.8	0.0	0.5	0.0	0.0	1.0	1.0	0.0	5
8801.T	3.9	0.0	2.0	0.0	1.5	1.0	1.0	0.0	5
9007.T	2.1	0.0	0.0	0.0	1.0	1.0	1.0	0.0	5
8830.T	5.4	1.0	2.0	0.0	1.5	1.0	1.0	1.0	3
9020.T	3.6	0.0	1.5	0.0	1.5	1.0	1.0	0.0	5
9064.T	1.8	0.0	0.0	0.0	0.5	1.0	1.0	0.0	5
9202.T	2.1	0.0	0.0	0.0	1.0	1.0	1.0	0.0	5
9434.T	3.6	0.0	0.5	0.0	1.5	1.0	1.0	1.0	5
9503.T	2.1	0.0	0.0	0.0	1.0	1.0	1.0	0.0	5
UAL	3.2	1.5	0.0	0.0	1.5	1.0	0.5	0.0	7
9602.T	1.8	0.0	0.0	0.0	0.0	1.0	1.0	0.5	5
9107.T	2.9	1.0	0.5	0.0	0.0	1.0	1.0	0.5	4
9843.T	2.9	1.0	0.5	0.0	0.0	1.0	1.0	0.5	5
ULBI	2.1	0.5	0.0	0.0	0.5	0.5	0.5	1.0	7
UEIC	2.1	1.0	1.0	0.0	0.0	0.5	0.0	0.5	7
UFPT	2.5	1.0	1.0	0.0	0.0	1.5	0.0	0.0	7
UONE	3.9	0.0	2.0	0.0	2.0	1.5	0.0	0.0	7
7951.T	1.4	0.0	0.0	0.0	0.0	1.0	1.0	0.0	5
UROY	2.5	1.5	0.0	0.0	0.5	0.5	1.0	0.0	7
UVSP	2.9	0.5	0.5	0.0	1.0	1.0	1.0	0.0	6
VC	3.9	1.5	1.0	0.0	0.0	2.0	1.0	0.0	7
USLM	2.9	0.5	0.5	0.0	0.0	1.5	0.0	1.5	7
VIAV	2.9	1.5	0.5	0.0	0.5	0.5	1.0	0.0	7
VERA	2.5	1.0	0.5	0.0	0.0	1.5	0.0	0.5	7
VIR	3.9	1.5	2.0	0.0	0.0	1.5	0.0	0.5	7
VITL	3.6	1.0	1.5	0.0	0.5	1.5	0.5	0.0	7
VLY	2.9	1.0	0.0	0.0	1.0	1.5	0.5	0.0	6
VRCA	3.2	1.5	1.0	0.0	0.5	0.5	0.5	0.5	7
VNOM	1.8	0.0	0.0	1.0	0.0	1.5	0.0	0.0	7
VRNS	1.8	0.5	0.0	0.0	1.0	1.0	0.0	0.0	7
VRSN	2.9	0.5	1.0	0.0	1.0	0.5	1.0	0.0	6
VTGN	2.9	0.0	2.0	0.0	0.0	1.0	1.0	0.0	7
VXRT	1.8	1.0	0.5	0.0	0.0	0.5	0.5	0.0	7
UPLD	5.4	1.5	2.0	0.0	2.0	1.0	0.5	0.5	7
WALD	3.9	0.0	1.5	0.0	0.5	0.0	2.0	1.5	7
ULTA	2.5	1.0	0.0	0.0	1.0	1.0	0.5	0.0	7
UPXI	2.5	0.0	1.5	0.0	1.0	1.0	0.0	0.0	6
WAY	2.1	0.0	0.0	0.0	0.5	1.5	0.5	0.5	7
WBD	5.4	1.5	2.0	2.0	1.0	1.0	0.0	0.0	7
WDC	2.9	2.0	0.0	1.0	0.0	0.5	0.5	0.0	7
VCYT	2.9	2.0	0.0	0.0	0.0	1.5	0.5	0.0	7
WERN	2.9	1.5	0.0	0.0	0.5	1.5	0.5	0.0	7
WHWK	4.3	1.0	0.0	0.0	1.0	2.0	1.0	1.0	6
WFRD	2.1	1.0	0.0	0.0	1.0	1.0	0.0	0.0	7
WING	4.3	2.0	1.5	0.0	1.0	1.0	0.5	0.0	6
WLDN	2.9	1.5	1.0	0.0	0.0	1.5	0.0	0.0	7
WLTH	2.9	1.0	0.0	0.0	0.0	1.0	1.5	0.5	6
WSE	3.2	1.5	1.0	0.0	0.0	1.0	0.5	0.5	7
WOOF	5.7	1.5	2.0	0.0	1.5	1.5	0.0	1.5	7
WULF	4.6	2.0	0.5	0.0	2.0	1.0	0.5	0.5	7
WT	3.9	1.0	1.5	0.0	2.0	1.0	0.0	0.0	7
WWD	1.4	1.0	0.0	0.0	0.5	0.5	0.0	0.0	7
WSBC	2.1	0.5	0.0	0.0	1.0	1.5	0.0	0.0	6
XNCR	3.6	1.0	0.5	0.0	0.5	2.0	0.5	0.5	7
XENE	3.2	0.5	1.5	0.0	0.0	2.0	0.5	0.0	7
XOS	2.5	1.5	0.5	0.0	0.5	0.0	0.0	1.0	7
XPON	3.2	0.5	1.5	0.0	0.0	0.0	2.0	0.5	7
XRXDW	6.1	2.0	0.5	1.0	2.0	1.0	1.0	1.0	3
VSEC	3.6	1.5	1.0	0.0	0.5	1.5	0.0	0.5	7
ZJYL	3.6	2.0	1.5	0.0	0.5	0.0	1.0	0.0	7
ZNTL	3.6	2.0	0.5	0.0	0.0	1.0	0.5	1.0	7
ZURA	3.2	0.0	1.0	0.0	1.0	1.0	0.5	1.0	6
ZD	3.6	1.0	1.0	0.0	0.5	2.0	0.5	0.0	7
ABBN.ZU	3.2	1.0	1.0	0.0	0.5	1.0	1.0	0.0	5
ALC.ZU	2.1	0.5	0.5	0.0	0.0	1.0	1.0	0.0	5
BEAN.ZU	2.1	1.0	0.0	0.0	0.0	1.0	1.0	0.0	5
AVOL.ZU	4.6	1.0	1.0	0.0	2.0	1.0	1.0	0.5	5
CLN.ZU	3.9	0.0	1.5	0.0	1.0	1.0	1.0	1.0	5
EMSN.ZU	3.9	0.5	1.5	0.0	0.0	1.0	1.0	1.5	5
XXII	3.6	0.5	2.0	0.0	0.0	0.0	2.0	0.5	7
XBP	4.3	0.0	1.0	0.0	2.0	0.5	1.0	1.5	7
GALE.ZU	2.9	0.0	1.5	0.0	0.5	1.0	1.0	0.0	5
LISN.ZU	3.2	0.0	2.0	0.0	0.5	1.0	1.0	0.0	5
Z	3.6	2.0	2.0	0.0	0.0	1.0	0.0	0.0	7
HOLN.ZU	2.5	0.5	0.5	0.0	0.5	1.0	1.0	0.0	5
NESN.ZU	2.9	0.0	0.5	0.0	1.5	1.0	1.0	0.0	5
ROP.ZU	2.5	0.0	0.5	0.0	1.0	1.0	1.0	0.0	5
SDZ.ZU	2.1	0.0	0.5	0.0	0.5	1.0	1.0	0.0	5
PGHN.ZU	4.6	1.0	2.0	0.0	1.5	1.0	1.0	0.0	5
SLHN.ZU	3.2	0.5	0.0	0.0	2.0	1.0	1.0	0.0	5
TEMN.ZU	3.6	0.5	0.5	0.0	1.5	1.0	1.0	0.5	5
SREN.ZU	2.1	0.0	0.5	0.0	0.5	1.0	1.0	0.0	5
VACN.ZU	3.9	1.5	1.5	0.0	0.5	1.0	1.0	0.0	5
SPSN.ZU	3.9	1.0	0.5	0.0	1.0	1.0	1.0	1.0	3
AAL	3.2	1.5	0.5	0.0	1.0	0.5	1.0	0.0	6
ABAT	3.6	1.5	2.0	0.0	0.0	1.5	0.0	0.0	7
ACMR	3.6	2.0	0.0	1.0	0.0	1.0	1.0	0.0	7
ABTC	2.5	1.0	1.5	0.0	0.5	0.5	0.0	0.0	6
ABNB	2.5	1.5	0.0	0.0	0.5	1.0	0.5	0.0	7
ACB	2.9	1.5	0.0	1.0	0.0	1.5	0.0	0.0	7
ACGL	0.4	0.0	0.0	0.0	0.0	0.5	0.0	0.0	7
ACIW	2.1	1.0	0.0	0.0	0.5	1.5	0.0	0.0	7
ADEA	2.5	1.0	0.0	0.0	1.0	1.5	0.0	0.0	7
ACTG	2.9	0.5	0.0	0.0	0.0	2.0	0.0	1.5	7
ADTN	4.3	1.5	1.5	1.0	0.5	1.5	0.0	0.0	7
ADP	2.5	1.0	0.5	0.0	1.0	1.0	0.0	0.0	7
AFCG	3.9	1.0	0.5	0.0	1.0	1.5	0.5	1.0	7
AGEN	3.6	1.5	0.5	0.0	1.0	1.5	0.5	0.0	6
AIHS	3.9	1.0	0.5	1.0	1.0	0.0	2.0	0.0	5
AEP	2.5	0.0	0.5	0.0	1.5	1.5	0.0	0.0	7
AKAM	2.5	0.5	0.0	0.0	1.5	1.5	0.0	0.0	7
AGMH	3.9	2.0	1.5	0.0	0.0	0.0	2.0	0.0	7
AKTS	3.6	1.0	1.0	0.0	0.0	2.0	0.0	1.0	6
ALDX	4.6	1.5	2.0	2.0	0.0	1.0	0.0	0.0	7
AGYS	1.4	0.0	0.0	0.0	0.0	1.5	0.5	0.0	7
ALKS	2.1	0.0	0.0	0.0	1.0	2.0	0.0	0.0	7
ALGN	2.5	1.5	0.5	0.0	0.0	1.0	0.5	0.0	7
ALNT	3.2	1.5	1.5	0.0	0.5	0.5	0.5	0.0	7
ALRS	3.6	0.5	1.0	0.0	1.0	2.0	0.5	0.0	6
AIRE	3.9	2.0	2.0	0.0	0.0	0.5	0.5	0.5	7
ALVO	2.9	0.0	0.0	0.0	1.0	1.0	0.5	1.5	6
AMAT	1.8	1.5	0.0	0.0	0.0	0.5	0.5	0.0	7
AMCI	3.9	0.0	1.5	0.0	0.0	0.0	2.0	2.0	7
AMGN	2.9	0.0	0.5	0.0	2.0	1.0	0.5	0.0	7
ANAB	3.2	0.0	0.0	0.0	2.0	2.0	0.0	0.5	7
ALLT.US	2.1	1.5	0.0	0.0	0.0	1.0	0.0	0.5	7
AMPH	3.6	1.0	0.5	0.0	1.0	2.0	0.0	0.5	7
ANGO	2.5	0.0	1.0	1.0	0.0	1.0	0.0	0.5	7
AMSF	3.6	0.0	2.0	0.0	1.0	0.5	1.5	0.0	6
ANNX	2.5	1.5	0.0	0.0	0.0	2.0	0.0	0.0	7
APEI	2.9	1.5	0.0	0.0	0.5	1.5	0.5	0.0	7
AOSL	2.5	2.0	0.5	0.0	0.0	1.0	0.0	0.0	7
APMD	4.3	1.0	0.5	0.0	1.0	0.5	2.0	1.0	6
APLD	3.6	2.0	1.0	0.0	1.0	1.0	0.0	0.0	7
APPF	1.8	1.0	0.0	0.0	0.0	1.5	0.0	0.0	7
AQST	3.6	1.5	0.0	0.0	1.0	1.5	1.0	0.0	6
ARCC	3.2	0.5	0.0	0.0	1.0	2.0	0.0	1.0	6
ARGX	1.4	0.0	0.0	1.0	0.0	1.0	0.0	0.0	7
ARQT	3.6	1.5	0.0	0.0	0.5	1.5	1.0	0.5	7
ARM	3.9	2.0	0.0	0.0	0.0	1.0	0.5	2.0	7
ARVN	3.9	2.0	1.5	0.0	0.0	1.5	0.5	0.0	7
ASO	2.1	1.0	0.0	0.0	1.0	1.0	0.0	0.0	7
ASLE	3.9	0.0	2.0	0.0	0.5	1.5	1.0	0.5	7
ATAT	2.1	0.5	1.0	0.0	0.5	0.5	0.5	0.0	7
ASTS	5.0	2.0	1.0	1.0	1.0	1.5	0.5	0.0	7
ATLC	5.4	2.0	0.5	0.0	2.0	1.0	0.5	1.5	7
ASST	2.9	2.0	0.0	0.0	0.0	0.5	1.0	0.5	7
ATRO	2.9	1.5	0.0	0.0	1.5	1.0	0.0	0.0	7
AUR	2.9	2.0	0.0	0.0	0.0	1.5	0.5	0.0	7
AVIR	1.8	0.0	0.0	0.0	0.0	2.0	0.0	0.5	7
AVAH	4.3	2.0	0.5	0.0	2.0	0.5	0.0	1.0	7
AVXL	4.3	1.0	2.0	0.0	1.0	2.0	0.0	0.0	6
ATOM.US	3.2	2.0	0.5	0.0	0.0	2.0	0.0	0.0	7
AVO	2.1	0.0	0.0	0.0	0.5	1.5	0.0	1.0	7
AXSM	3.6	1.0	0.0	1.0	2.0	1.0	0.0	0.0	7
AUDC.US	3.2	1.0	1.0	0.0	0.0	0.5	1.0	1.0	7
AZTA	4.3	1.5	1.0	2.0	0.0	1.5	0.0	0.0	7
ADYEN.NV	3.6	2.0	1.0	0.0	0.0	1.0	1.0	0.0	5
ALFEN.NV	2.9	1.5	0.5	0.0	0.0	1.0	1.0	0.0	5
AALB.NV	3.9	1.5	1.5	0.0	0.5	1.0	1.0	0.0	5
ASM.NV	2.9	1.5	0.5	0.0	0.0	1.0	1.0	0.0	5
AVTX.NV	4.3	1.0	2.0	0.0	1.0	1.0	1.0	0.0	4
BESI.NV	2.9	1.5	0.0	0.0	0.5	1.0	1.0	0.0	5
CCEP.NV	2.9	0.0	0.0	0.0	1.0	1.0	1.0	1.0	5
CTPNV.NV	5.4	1.0	2.0	0.0	1.0	1.0	1.0	1.5	5
ECMPA.NV	3.2	0.5	1.0	0.0	0.5	1.0	1.0	0.5	5
HAL.NV	2.1	0.5	0.5	0.0	0.0	1.0	1.0	0.0	5
HEIJM.NV	2.5	1.5	0.0	0.0	0.0	1.0	1.0	0.0	5
IMCD.NV	3.2	1.0	0.5	0.0	1.0	1.0	1.0	0.0	5
FFARM.NV	2.5	1.0	0.0	0.0	0.5	1.0	1.0	0.0	5
MORE.NV	4.3	0.5	0.5	0.0	2.0	1.0	1.0	1.0	4
LIGHT.NV	3.2	1.0	1.0	0.0	0.5	1.0	1.0	0.0	5
NEDAP.NV	1.4	0.0	0.0	0.0	0.0	1.0	1.0	0.0	5
PHIA.NV	3.6	1.0	1.5	0.0	0.5	1.0	1.0	0.0	5
OCI.NV	4.6	0.0	1.5	1.0	1.0	1.0	1.0	1.0	3
NRP.NV	1.8	0.0	0.0	0.0	0.5	1.0	1.0	0.0	5
RAND.NV	3.6	1.0	0.5	0.0	0.5	1.0	1.0	1.0	5
SBMO.NV	3.6	0.5	1.0	0.0	1.0	1.0	1.0	0.5	5
THEON.NV	3.6	1.0	0.0	0.0	0.5	1.0	1.0	1.5	5
TWEKA.NV	3.6	1.0	1.5	0.0	0.5	1.0	1.0	0.0	5
BBNX	3.2	1.0	0.0	0.0	0.0	1.5	1.0	1.0	6
BCYC	4.3	1.5	1.0	0.0	0.0	1.5	0.0	2.0	7
BCPC	1.4	1.0	0.0	0.0	0.0	1.0	0.0	0.0	7
BANR	2.9	1.0	0.0	0.0	1.0	1.0	1.0	0.0	6
BEEM	2.9	1.5	1.5	0.0	0.0	0.0	1.0	0.0	7
SHELL.NV	2.9	0.0	1.5	0.0	0.5	1.0	1.0	0.0	5
VALUE.NV	3.6	0.0	0.0	2.0	0.0	1.0	1.0	1.0	5
VVY.NV	3.2	1.5	1.0	0.0	0.0	1.0	1.0	0.0	5
BFC	2.1	0.0	0.5	0.0	1.0	1.5	0.0	0.0	6
BHF	3.9	1.0	0.5	0.0	1.5	1.5	1.0	0.0	7
BIIB	2.9	0.0	1.5	0.0	0.5	1.5	0.5	0.0	7
BKKT	3.9	2.0	2.0	0.0	0.0	1.0	0.0	0.5	7
BL	4.3	0.5	1.5	0.0	1.5	1.5	0.5	0.5	7
BLMN	3.6	1.5	0.0	0.0	2.0	1.0	0.5	0.0	7
BLZE	3.6	1.5	0.0	0.0	1.0	0.5	2.0	0.0	7
BNTX	2.1	1.5	0.0	0.0	0.0	0.5	0.0	1.0	7
BLFS	4.6	2.0	1.5	2.0	0.0	1.0	0.0	0.0	7
BMRC	2.1	0.5	0.0	0.0	1.0	1.5	0.0	0.0	6
BRKR	3.9	1.5	1.5	0.0	0.5	1.5	0.0	0.5	7
BULL	2.1	0.5	0.5	0.0	0.0	0.5	1.0	0.5	7
BWB	2.5	0.5	0.5	0.0	1.0	1.5	0.0	0.0	6
BSP	5.0	1.0	1.5	0.0	2.0	2.0	0.0	0.5	6
BPOP	2.1	0.5	0.5	0.0	1.0	1.0	0.0	0.0	6
BTDR	4.3	2.0	1.0	0.0	1.5	1.0	0.0	0.5	7
BYND	5.0	2.0	2.0	0.0	2.0	1.0	0.0	0.0	7
ATEB.BR	6.4	1.0	1.5	1.0	2.0	1.0	1.0	1.5	5
AGS.BR	3.6	0.5	1.0	0.0	0.5	1.0	1.0	1.0	4
BANQ.BR	3.9	1.5	1.0	0.0	0.5	1.0	1.0	0.5	5
ABI.BR	2.9	0.5	0.0	0.0	0.5	1.0	1.0	1.0	5
BIOS.BR	4.3	1.5	0.5	1.0	1.0	1.0	1.0	0.0	3
ACKB.BR	2.1	0.5	0.0	0.0	0.0	1.0	1.0	0.5	5
BREB.BR	4.3	0.5	1.0	0.0	1.0	1.0	1.0	1.5	4
CFEB.BR	3.9	1.5	0.0	0.0	0.5	1.0	1.0	1.5	5
CPINV.BR	2.5	0.5	0.0	0.0	1.0	1.0	1.0	0.0	5
DIE.BR	5.0	1.0	0.5	0.0	2.0	1.0	1.0	1.5	5
HOMI.BR	3.6	0.0	1.5	0.0	1.0	1.0	1.0	0.5	5
ELI.BR	3.6	0.5	0.0	0.0	1.5	1.0	1.0	1.0	5
INCLU.BR	3.9	0.5	1.5	0.0	0.5	1.0	1.0	1.0	4
FLUX.BR	3.6	0.0	0.0	1.0	2.0	1.0	1.0	0.0	5
IBAB.BR	3.6	1.5	0.5	0.0	1.0	1.0	1.0	0.0	5
KBCA.BR	3.9	0.5	1.0	1.0	0.0	1.0	1.0	1.0	5
MELE.BR	3.6	1.5	0.0	0.0	0.5	1.0	1.0	1.0	5
NYXH.BR	4.6	1.0	2.0	0.0	0.5	1.0	1.0	1.0	5
ONWD.BR	3.6	1.0	1.5	0.0	0.0	1.0	1.0	0.5	5
QFG.BR	5.7	1.0	2.0	1.0	1.0	1.0	1.0	1.0	3
RET.BR	3.6	0.5	1.5	0.0	0.5	1.0	1.0	0.5	5
SYENS.BR	3.6	0.5	1.5	0.0	0.5	1.0	1.0	0.5	5
TINC.BR	1.8	0.0	0.5	0.0	0.0	1.0	1.0	0.0	5
SIP.BR	3.2	0.0	1.5	0.0	0.0	1.0	1.0	1.0	5
UCB.BR	3.6	0.0	2.0	0.0	0.5	1.0	1.0	0.5	5
WDP.BR	3.6	1.0	1.5	0.0	0.5	1.0	1.0	0.0	5
CAI	3.2	1.0	1.0	0.0	0.5	0.5	0.5	1.0	6
CAR	6.1	2.0	2.0	0.0	1.0	2.0	0.5	1.0	6
CART	1.8	1.0	0.0	0.0	0.0	1.0	0.0	0.5	7
VASTB.BR	3.9	1.0	2.0	0.0	0.5	1.0	1.0	0.0	4
CAMT	2.9	1.5	0.0	0.0	0.5	1.0	0.5	0.5	7
CASY	2.1	0.5	0.5	0.0	0.5	0.5	1.0	0.0	7
CBRS	2.5	1.0	1.5	0.0	0.0	0.5	0.5	0.0	6
CCOI	2.9	0.5	1.5	0.0	1.0	1.0	0.0	0.0	6
CDNA	3.9	2.0	1.5	1.0	0.0	1.0	0.0	0.0	7
CAC	3.2	0.5	1.0	0.0	1.0	1.5	0.5	0.0	6
CEG	3.9	1.0	0.5	2.0	0.5	1.0	0.5	0.0	7
CDXS	3.9	2.0	0.5	0.0	1.5	1.0	0.0	0.5	7
CCAP	3.6	0.5	2.0	0.0	1.0	0.5	0.0	1.0	6
CEVA	2.5	2.0	0.0	0.0	0.0	1.0	0.5	0.0	7
CGBD	4.3	0.5	1.0	0.0	1.0	1.5	1.0	1.0	6
CCC.US	1.1	0.0	0.0	0.0	0.5	1.0	0.0	0.0	7
CGNT	1.4	1.5	0.0	0.0	0.0	0.0	0.0	0.5	7
CHA	3.2	1.0	0.5	0.0	0.0	0.5	1.0	1.5	6
CHEF	3.9	1.5	1.0	0.0	1.0	1.5	0.5	0.0	7
CHRS	4.6	1.0	1.5	1.0	1.0	2.0	0.0	0.0	7
CHYM	1.8	1.0	0.0	0.0	0.0	0.5	0.5	0.5	6
CLBT	2.9	1.0	1.0	0.0	0.0	0.5	0.5	1.0	7
CLNE	4.6	2.0	2.0	0.0	0.5	1.0	0.5	0.5	7
CINF	1.8	0.5	0.5	0.0	0.0	1.5	0.0	0.0	7
CLLS	5.7	2.0	1.5	0.0	1.5	1.0	1.5	0.5	7
CME	1.1	0.0	0.0	0.0	0.0	1.0	0.5	0.0	7
COIN	3.2	2.0	1.0	0.0	0.5	0.5	0.5	0.0	7
CENX	3.2	2.0	0.5	0.0	0.5	1.0	0.0	0.5	7
CLSK	3.6	2.0	0.5	0.0	1.5	1.0	0.0	0.0	7
CPRT	2.9	1.0	1.5	0.0	0.0	1.0	0.5	0.0	7
CMPX	3.9	1.0	2.0	0.0	0.0	2.0	0.0	0.5	7
COAG	3.6	1.0	0.5	0.0	0.0	1.5	1.0	1.0	6
CRBU	5.7	2.0	2.0	2.0	0.0	2.0	0.0	0.0	7
CRDO	2.5	2.0	0.0	0.0	0.0	0.5	1.0	0.0	7
CNOB	2.9	1.0	0.5	0.0	1.0	1.0	0.5	0.0	6
CODX	5.0	2.0	2.0	2.0	0.0	0.5	0.5	0.0	7
COLM	3.2	1.0	0.0	0.0	0.0	1.5	1.0	1.0	7
CORZ	3.6	2.0	1.0	0.0	1.0	1.0	0.0	0.0	6
CRSP	3.6	1.5	0.0	1.0	0.5	2.0	0.0	0.0	7
CRUS	1.8	1.0	0.5	0.0	0.0	1.0	0.0	0.0	7
CVLT	3.2	0.5	0.5	0.0	2.0	1.5	0.0	0.0	7
CRNX	2.5	0.0	2.0	1.0	0.0	0.5	0.0	0.0	6
CSCO	2.1	1.0	0.5	0.0	0.5	1.0	0.0	0.0	7
CSTL	2.5	1.0	0.5	1.0	0.0	1.0	0.0	0.0	7
CTAS	2.1	1.0	0.0	0.0	0.5	1.5	0.0	0.0	7
CTMX	4.6	2.0	2.0	0.0	0.0	2.0	0.5	0.0	7
CVBF	2.9	0.5	0.5	0.0	1.0	1.5	0.5	0.0	6
BIOPOR.CO	3.2	1.5	0.0	1.0	0.0	1.0	1.0	0.0	5
ALKB.CO	2.9	0.5	1.0	0.0	0.0	1.0	1.0	0.5	5
CXAI	4.3	1.0	2.0	1.0	0.5	0.0	1.5	0.0	7
CBRAIN.CO	3.6	1.0	1.0	0.0	0.0	1.0	1.0	1.0	5
COLUM.CO	3.6	0.5	0.5	0.0	0.5	1.0	1.0	1.5	5
CRML	4.3	2.0	1.5	0.0	0.0	1.0	0.5	1.0	7
CYTK	2.9	0.0	0.5	1.0	1.0	1.5	0.0	0.0	6
AMBUB.CO	2.9	1.5	0.5	0.0	0.0	1.0	1.0	0.0	5
DANSKE.CO	3.6	0.5	1.0	0.0	1.0	1.0	1.0	0.5	4
EMBLA.CO	3.6	0.0	1.0	0.0	0.5	1.0	1.0	1.5	5
FLUGb.CO	2.1	0.5	0.0	0.0	0.5	1.0	1.0	0.0	5
GMAB.CO	4.3	0.5	0.5	2.0	1.0	1.0	1.0	0.0	5
LOLB.CO	4.3	0.0	0.5	2.0	1.0	1.0	1.0	0.5	4
GUBRA.CO	3.2	0.0	1.5	0.0	0.0	1.0	1.0	1.0	5
HH.CO	3.2	1.0	0.0	0.0	1.0	1.0	1.0	0.5	5
NORTHM.CO	3.2	0.5	1.0	0.0	0.0	1.0	1.0	1.0	4
PARKEN.CO	3.9	0.0	1.0	0.0	1.0	1.0	1.0	1.5	5
DJUR.CO	2.5	0.0	0.5	0.0	1.0	1.0	1.0	0.0	4
ISS.CO	3.9	1.0	1.0	0.0	1.5	1.0	1.0	0.0	5
RBREW.CO	3.6	0.0	2.0	0.0	1.0	1.0	1.0	0.0	5
RTX.CO	4.3	1.5	0.5	2.0	0.0	1.0	1.0	0.0	5
KBHL.CO	4.3	0.0	2.0	0.0	1.5	1.0	1.0	0.5	5
SKJE.CO	4.6	0.0	1.5	1.0	1.0	1.0	1.0	1.0	3
TRIFOR.CO	2.5	1.0	0.0	0.0	0.5	1.0	1.0	0.0	5
DAKT	2.9	1.5	1.5	0.0	0.0	0.5	0.5	0.0	7
DBX	2.5	0.5	0.5	0.0	1.0	1.5	0.0	0.0	6
NETC.CO	2.5	0.5	0.0	0.0	1.0	1.0	1.0	0.0	5
DDOG	2.9	1.5	1.5	0.0	0.0	0.5	0.5	0.0	7
MATAS.CO	3.9	0.5	2.0	0.0	1.0	1.0	1.0	0.0	5
DFLI	3.2	0.0	2.0	0.0	1.0	1.0	0.5	0.0	7
DGII	2.9	1.0	0.5	1.0	0.0	1.0	0.5	0.0	7
DOCU	2.5	1.0	1.0	0.0	0.0	1.0	0.5	0.0	7
DNLI	2.9	1.0	0.0	1.0	0.0	2.0	0.0	0.0	7
DPZ	3.6	1.0	1.5	0.0	1.0	1.0	0.5	0.0	6
DORM	2.9	1.0	0.0	1.0	0.5	1.5	0.0	0.0	7
DRVN	3.9	1.0	0.5	0.0	2.0	1.5	0.5	0.0	7
DVLT	2.9	0.0	2.0	0.0	0.0	0.5	1.0	0.5	7
ALANSARI.AE	4.6	0.0	0.0	2.0	0.5	1.0	1.0	2.0	5
DSGX	1.1	0.0	0.0	0.0	0.0	0.5	1.0	0.0	7
DYN	2.9	1.0	1.0	0.0	0.5	1.5	0.0	0.0	7
ARMX.AE	4.3	0.0	1.5	0.0	0.5	1.0	1.0	2.0	5
DEYAAR.AE	3.2	0.0	1.5	0.0	0.0	1.0	1.0	1.0	5
DU.AE	3.6	0.0	1.0	0.0	0.0	1.0	1.0	2.0	5
DIC.AE	2.1	0.0	0.0	0.0	0.5	1.0	1.0	0.5	5
SHUAA.AE	3.2	0.0	0.0	1.0	0.5	1.0	1.0	1.0	5
UIE.CO	2.5	0.0	0.5	0.0	0.0	1.0	1.0	1.0	5
EFSC	3.2	1.0	0.0	0.0	1.0	1.5	1.0	0.0	6
DIOD	3.9	2.0	0.5	1.0	0.0	1.0	1.0	0.0	7
DLTR	1.8	0.5	0.0	0.0	1.5	0.5	0.0	0.0	7
ENLT	3.2	1.0	0.0	0.0	2.0	1.0	0.5	0.0	7
ENTA	3.9	1.0	0.5	0.0	1.5	2.0	0.0	0.5	7
EOSE	4.3	2.0	2.0	0.0	1.0	1.0	0.0	0.0	6
ESLT	2.5	0.0	0.0	0.0	0.0	1.0	1.5	1.0	7
ETON	2.1	1.0	0.5	0.0	0.5	0.5	0.0	0.5	7
TABREED.AE	4.6	0.0	1.5	0.0	1.0	1.0	1.0	2.0	5
EBAY	3.6	1.5	0.5	0.0	1.5	1.0	0.5	0.0	7
ECPG	4.3	1.5	1.0	0.0	2.0	1.0	0.5	0.0	7
EVGO	4.6	2.0	1.5	0.0	1.0	2.0	0.0	0.0	7
EXFY	3.2	1.5	0.5	0.0	0.0	0.5	1.5	0.5	7
EHTH	4.3	1.5	2.0	1.0	0.0	0.5	1.0	0.0	7
EXPO	1.4	0.5	0.0	0.0	0.0	1.5	0.0	0.0	7
ELVN	1.8	0.0	0.0	1.0	0.0	1.5	0.0	0.0	7
EYPT	3.2	1.5	2.0	0.0	0.0	0.5	0.0	0.5	7
FANG	1.4	0.5	0.0	0.0	0.0	1.0	0.0	0.5	7
FBNC	3.2	1.0	0.5	0.0	1.0	2.0	0.0	0.0	6
EMIRATESNBD.AE	3.2	0.0	0.0	0.0	1.0	1.0	1.0	1.5	4
FIVN	3.2	1.5	0.5	0.0	1.0	1.0	0.5	0.0	7
ERAS	2.5	0.5	0.0	1.0	0.0	1.5	0.0	0.5	7
FLNA	3.6	0.5	1.5	0.0	1.0	2.0	0.0	0.0	6
EWTX	1.8	0.0	0.5	0.0	0.0	1.5	0.0	0.5	7
FLYW	3.2	1.5	1.0	0.0	0.0	1.5	0.0	0.5	7
FCNCA	3.2	0.5	0.5	0.0	1.0	1.5	0.5	0.5	6
FFIV	2.1	1.0	1.5	0.0	0.0	0.5	0.0	0.0	7
FELE	1.8	1.0	0.0	0.0	0.0	1.0	0.5	0.0	7
FIGR	3.9	1.0	1.5	0.0	1.0	1.0	0.5	0.5	6
FOX.US	2.1	0.5	0.0	0.0	0.5	2.0	0.0	0.0	7
FRMM	3.6	1.5	1.0	0.0	0.0	2.0	0.0	0.5	7
FISN	3.9	1.0	1.5	0.0	0.0	1.0	1.0	1.0	6
FRBT	2.9	1.0	1.0	0.0	1.0	0.0	0.0	1.0	5
FLEX	2.5	1.5	0.0	0.0	1.0	1.0	0.0	0.0	7
FSV	3.6	1.0	1.0	0.0	1.0	1.0	1.0	0.0	7
FWDI	1.8	1.0	1.0	0.0	0.0	0.5	0.0	0.0	7
FWRD	2.9	1.5	0.5	0.0	1.0	1.0	0.0	0.0	6
FNKO	3.6	1.0	0.5	0.0	1.0	1.0	1.0	0.5	7
FSBW	3.9	0.5	1.0	0.0	1.0	1.5	1.0	0.5	6
FRSH	3.6	1.0	1.0	2.0	0.0	1.0	0.0	0.0	7
AAG.DE	2.9	1.5	0.0	0.0	0.0	1.0	1.0	0.5	5
ABO.DE	3.6	0.0	0.5	0.0	1.5	1.0	1.0	1.0	4
1U1.DE	3.9	0.0	0.0	2.0	0.5	1.0	1.0	1.0	4
4DS.DE	2.5	0.5	0.0	0.0	0.0	1.0	1.0	1.0	5
2INV.DE	4.3	0.0	1.0	1.0	1.0	1.0	1.0	1.0	2
93M1.DE	3.2	1.0	0.5	0.0	0.0	1.0	1.0	1.0	4
AIXA.DE	2.5	1.0	0.0	0.0	0.5	1.0	1.0	0.0	5
ALI1.DE	3.6	1.5	0.0	0.0	1.0	1.0	1.0	0.5	5
AMI.DE	3.2	0.0	0.5	0.0	1.0	1.0	1.0	1.0	4
A6T.DE	3.6	1.0	1.0	0.0	0.0	1.0	1.0	1.0	4
FULC	3.2	2.0	1.5	0.0	0.0	1.0	0.0	0.0	7
BAS.DE	2.1	0.5	0.0	0.0	0.5	1.0	1.0	0.0	5
ACT.DE	3.2	0.0	0.0	1.0	0.5	1.0	1.0	1.0	5
ADS.DE	3.6	1.0	1.0	0.0	1.0	1.0	1.0	0.0	5
ADE.DE	3.9	1.0	0.0	2.0	0.0	1.0	1.0	0.5	4
AFX.DE	3.9	1.5	0.5	0.0	0.0	1.0	1.0	1.5	5
BFSA.DE	3.9	2.0	0.5	0.0	1.0	1.0	1.0	0.0	5
AT1.DE	5.4	1.5	2.0	0.0	1.0	1.0	1.0	1.0	5
AMZN.EUR	2.1	1.5	0.0	0.0	0.5	0.5	0.5	0.0	7
AZ2.DE	4.3	1.5	1.0	1.0	0.0	1.0	1.0	0.5	5
C3R.DE	3.9	1.0	1.5	0.0	1.0	1.0	1.0	0.0	5
CEA.DE	4.6	0.0	1.5	0.0	1.0	1.0	1.0	2.0	5
CFC.DE	5.0	0.0	1.5	0.0	2.0	1.0	1.0	1.5	5
CON.DE	4.6	1.5	0.5	0.0	1.5	1.0	1.0	1.0	4
BDT.DE	4.3	0.5	1.5	0.0	1.0	1.0	1.0	1.0	5
CWC.DE	2.5	0.5	0.5	0.0	0.0	1.0	1.0	0.5	5
D6H0.DE	5.7	1.0	1.5	1.0	1.0	1.0	1.0	1.5	4
BRNK.DE	5.0	1.0	2.0	0.0	1.5	1.0	1.0	0.5	5
BVB.DE	2.5	0.5	0.5	0.0	0.0	1.0	1.0	0.5	5
DEF.DE	4.3	0.0	1.5	0.0	2.0	1.0	1.0	0.5	5
DEZ.DE	3.2	2.0	0.0	0.0	0.5	1.0	1.0	0.0	5
BYW.DE	3.9	0.0	1.5	1.0	1.0	1.0	1.0	0.0	4
DHER.DE	5.0	2.0	1.0	0.0	2.0	1.0	1.0	0.0	5
DR0.DE	1.8	0.0	0.0	0.0	0.5	1.0	1.0	0.0	5
CBK.DE	2.9	0.5	0.5	0.0	1.0	1.0	1.0	0.0	4
BNN.DE	3.2	0.5	0.0	0.0	1.0	1.0	1.0	1.0	4
DB1.DE	2.9	0.0	1.5	0.0	0.5	1.0	1.0	0.0	5
ED4.DE	4.3	0.0	1.5	0.0	1.5	1.0	1.0	1.0	5
DMRE.DE	5.4	0.5	1.0	0.0	2.0	1.0	1.0	2.0	5
ELG.DE	3.2	1.5	0.0	0.0	0.0	1.0	1.0	1.0	5
EOAN.DE	3.2	1.0	0.0	0.0	1.5	1.0	1.0	0.0	5
DWNI.DE	5.0	1.0	1.5	0.0	0.5	1.0	1.0	2.0	5
DKG.DE	3.2	0.0	0.0	0.0	1.0	1.0	1.0	1.5	5
EIN.DE	3.6	1.0	2.0	0.0	0.0	1.0	1.0	0.0	5
DTE.DE	2.9	0.0	0.5	0.0	1.5	1.0	1.0	0.0	5
EVD.DE	3.6	1.5	0.5	0.0	0.0	1.0	1.0	1.0	5
GFG.DE	2.5	0.0	0.0	0.0	0.5	1.0	1.0	1.0	5
EXL.DE	6.4	1.5	1.5	2.0	1.0	1.0	1.0	1.0	3
FEV.DE	2.1	0.0	0.5	0.0	0.0	1.0	1.0	0.5	5
GSC1.DE	3.2	0.0	0.5	1.0	0.5	1.0	1.0	0.5	5
EBO.DE	3.9	1.0	0.5	1.0	1.0	1.0	1.0	0.0	4
HABA.DE	3.9	0.5	1.5	0.0	1.5	1.0	1.0	0.0	5
HGEA.DE	4.3	1.0	1.5	0.0	1.0	1.0	1.0	0.5	5
FRS.DE	3.6	0.0	1.0	2.0	0.0	1.0	1.0	0.0	5
G1A.DE	3.6	0.5	1.5	0.0	0.0	1.0	1.0	1.0	4
HNL.DE	3.6	1.5	0.5	0.0	0.5	1.0	1.0	0.5	5
HP3A.DE	3.2	0.0	0.5	0.0	1.0	1.0	1.0	1.0	4
FME.DE	3.2	1.0	0.0	0.0	1.0	1.0	1.0	0.5	5
GME.DE	5.4	0.0	2.0	2.0	0.0	1.0	1.0	1.5	5
GYC.DE	5.4	1.0	2.0	0.0	0.5	1.0	1.0	2.0	5
INH.DE	4.3	1.5	1.0	0.0	1.0	1.0	1.0	0.5	5
HBH.DE	3.2	1.0	0.0	0.0	0.5	1.0	1.0	1.0	5
HEN.DE	2.1	0.5	0.0	0.0	0.5	1.0	1.0	0.0	5
IPOK.DE	3.2	0.0	0.5	0.0	0.0	1.0	1.0	2.0	5
ITN.DE	5.7	1.0	1.0	2.0	1.0	1.0	1.0	1.0	2
KA8.DE	2.5	0.0	0.5	0.0	0.0	1.0	1.0	1.0	4
KSB3.DE	2.9	0.5	1.5	0.0	0.0	1.0	1.0	0.0	5
IXX.DE	3.2	1.5	0.0	0.0	0.5	1.0	1.0	0.5	5
LEG.DE	6.1	1.5	2.0	2.0	1.0	1.0	1.0	0.0	5
HLE.DE	3.2	0.0	1.0	0.0	0.5	1.0	1.0	1.0	4
LPK.DE	2.9	2.0	0.0	0.0	0.0	1.0	1.0	0.0	5
LUS1.DE	4.6	1.0	1.5	0.0	1.0	1.0	1.0	1.0	4
HTG.DE	4.3	1.0	2.0	0.0	0.5	1.0	1.0	0.5	5
KTN.DE	2.9	0.5	0.0	0.0	0.5	1.0	1.0	1.0	5
KGX.DE	5.4	2.0	1.5	0.0	1.0	1.0	1.0	1.0	5
LHA.DE	3.2	1.0	0.5	0.0	1.0	1.0	1.0	0.0	5
M3B0.DE	3.9	0.5	1.5	1.0	0.5	1.0	1.0	0.0	5
MTX.DE	2.9	1.0	0.5	0.0	0.5	1.0	1.0	0.0	5
JST.DE	2.9	1.0	0.0	0.0	1.0	1.0	1.0	0.0	5
MED.DE	3.6	0.0	0.5	0.0	1.0	1.0	1.0	1.5	5
MLP.DE	4.6	1.0	1.5	0.0	1.0	1.0	1.0	1.0	4
MRX.DE	6.4	1.0	1.0	2.0	1.5	1.0	1.0	1.5	5
MZX.DE	2.1	0.0	0.0	0.0	0.0	1.0	1.0	1.0	5
NBG6.DE	4.3	0.0	1.5	2.0	0.0	1.0	1.0	0.5	5
NDA.DE	2.9	1.5	0.0	0.0	0.0	1.0	1.0	0.5	5
MAK.DE	5.0	0.0	2.0	0.0	1.0	1.0	1.0	2.0	4
MBK.DE	3.6	0.0	1.0	0.0	1.0	1.0	1.0	1.0	3
NP5.DE	4.3	1.0	2.0	0.0	1.0	1.0	1.0	0.0	4
O5G.DE	5.0	0.0	0.0	2.0	1.0	1.0	1.0	2.0	5
PCZ.DE	4.3	1.5	0.5	0.0	1.0	1.0	1.0	1.0	4
PSAN.DE	5.0	0.5	1.5	0.0	1.5	1.0	1.0	1.5	5
MWB0.DE	3.9	0.0	0.0	2.0	0.0	1.0	1.0	1.5	5
PZS.DE	3.9	0.0	0.5	2.0	0.0	1.0	1.0	1.0	4
NF4.DE	5.0	0.5	0.5	2.0	1.0	1.0	1.0	1.0	4
MUV2.DE	1.4	0.0	0.0	0.0	0.0	1.0	1.0	0.0	5
OHB.DE	4.6	1.0	1.0	0.0	0.5	1.0	1.0	2.0	5
P911.DE	3.9	1.0	0.0	0.0	0.5	1.0	1.0	2.0	5
NVDA.EUR	2.9	2.0	1.5	0.0	0.0	0.5	0.0	0.0	7
RHK.DE	3.2	0.0	0.5	0.0	0.0	1.0	1.0	2.0	5
RY4C.DE	2.9	1.0	1.0	0.0	0.0	1.0	1.0	0.0	5
PGN.DE	3.9	1.0	0.5	0.0	1.0	1.0	1.0	1.0	4
PUM.DE	3.6	1.0	0.0	0.0	1.0	1.0	1.0	1.0	4
SHA0.DE	6.1	1.5	1.5	0.0	2.0	1.0	1.0	1.5	5
QIA.DE	2.9	0.5	0.0	1.0	0.5	1.0	1.0	0.0	5
RAA.DE	4.3	1.5	1.5	0.0	0.0	1.0	1.0	1.0	5
SLYG.DE	3.9	0.0	0.5	2.0	0.0	1.0	1.0	1.0	5
RSL2.DE	5.0	0.0	2.0	0.0	1.0	1.0	1.0	2.0	5
SNG.DE	3.9	0.0	1.5	0.0	1.0	1.0	1.0	1.0	3
SF3.DE	3.6	0.5	0.0	0.0	1.0	1.0	1.0	1.5	5
SAX.DE	4.3	1.0	0.0	0.0	2.0	1.0	1.0	1.0	5
SBX.DE	3.9	0.0	1.5	0.0	1.0	1.0	1.0	1.0	3
SRT.DE	5.0	1.5	0.5	2.0	1.0	1.0	1.0	0.0	5
STO3.DE	2.9	1.0	1.0	0.0	0.0	1.0	1.0	0.0	5
SYZ.DE	3.9	0.5	1.5	0.0	0.5	1.0	1.0	1.0	5
SIS.DE	2.9	0.0	0.0	0.0	0.0	1.0	1.0	2.0	5
TIMA.DE	3.6	0.0	1.0	0.0	0.5	1.0	1.0	1.5	5
SJJ.DE	3.6	1.0	0.5	0.0	0.0	1.0	1.0	1.5	5
TTR1.DE	2.5	0.5	0.5	0.0	0.0	1.0	1.0	0.5	5
S92.DE	2.9	0.5	0.5	0.0	0.0	1.0	1.0	1.0	4
TEG.DE	4.3	1.5	1.5	0.0	1.0	1.0	1.0	0.0	5
T3T1.DE	3.6	0.0	1.0	0.0	1.0	1.0	1.0	1.0	3
SWA.DE	2.9	0.0	0.0	0.0	0.5	1.0	1.0	1.5	5
TNIE.DE	3.2	1.0	0.5	0.0	0.0	1.0	1.0	1.0	5
VOW.DE	4.3	1.0	2.0	0.0	1.0	1.0	1.0	0.0	5
VBK.DE	1.8	0.0	0.0	0.0	0.0	1.0	1.0	0.5	5
TSLA.EUR	2.1	2.0	0.0	0.0	0.0	0.5	0.0	0.5	7
ULC.DE	4.6	0.5	1.5	1.0	1.0	1.0	1.0	0.5	5
UN9.DE	5.0	0.5	0.5	2.0	0.5	1.0	1.0	1.5	5
WAH.DE	3.6	0.0	1.0	0.0	1.0	1.0	1.0	1.0	4
VXT.DE	5.0	1.0	1.0	2.0	0.0	1.0	1.0	1.0	5
WIG1.DE	4.3	0.0	2.0	1.0	1.0	1.0	1.0	0.0	3
YSN.DE	3.9	1.0	1.0	0.0	0.0	1.0	1.0	1.5	5
XD4.DE	3.2	0.0	1.0	0.0	0.0	1.0	1.0	1.5	5
GBDC	3.9	0.0	0.5	1.0	1.0	2.0	0.0	1.0	6
GDHG	5.4	2.0	2.0	0.0	0.0	0.0	2.0	1.5	7
GEN	4.6	1.5	0.5	0.0	2.0	1.5	0.5	0.5	7
GEOS	2.1	0.0	2.0	0.0	0.0	1.0	0.0	0.0	7
GH	4.6	1.5	2.0	1.0	1.0	1.0	0.0	0.0	6
GILD	2.5	0.0	0.5	0.0	1.5	1.0	0.5	0.0	7
VH2.DE	3.9	1.0	1.0	0.0	0.0	1.0	1.0	1.5	5
VNA.DE	4.6	1.5	2.0	0.0	1.0	1.0	1.0	0.0	5
GLIBK	2.9	1.0	1.0	0.0	0.5	1.5	0.0	0.0	6
GLPI	2.9	0.5	1.5	0.0	1.5	0.5	0.0	0.0	7
WEW.DE	3.9	1.0	1.0	0.0	0.5	1.0	1.0	1.0	5
GNTX	2.1	1.0	0.5	0.0	0.0	1.5	0.0	0.0	7
GOOD	4.6	1.0	1.0	0.0	2.0	2.0	0.5	0.0	7
GFS	3.9	1.5	0.5	0.0	0.0	0.5	1.5	1.5	7
GRAL	5.0	2.0	1.5	1.0	0.0	2.0	0.0	0.5	7
GRPN	2.9	0.0	0.0	0.0	1.0	2.0	0.0	1.0	6
GLBE	2.1	1.0	0.5	0.0	0.0	1.0	0.0	0.5	7
GSBC	3.9	0.5	1.0	1.0	1.0	1.5	0.0	0.5	6
GLXY	3.9	2.0	0.5	0.0	1.5	1.0	0.5	0.0	7
GTM	3.6	1.0	1.0	0.0	1.5	1.5	0.0	0.0	7
GABC	3.2	0.5	1.0	0.0	1.0	2.0	0.0	0.0	6
GOSS	5.0	2.0	2.0	0.0	1.0	1.0	0.5	0.5	6
GPRE	2.1	1.0	0.0	0.0	0.5	1.5	0.0	0.0	7
HAFC	3.2	0.5	1.0	0.0	1.0	1.5	0.5	0.0	6
GDYN	2.1	1.0	0.0	0.0	0.0	1.0	0.5	0.5	7
HBNC	2.9	1.0	0.5	0.0	1.0	1.0	0.5	0.0	6
HDSN	3.2	1.0	1.0	0.0	0.0	1.0	1.0	0.5	7
HFWA	2.5	0.0	0.5	0.0	1.0	1.5	0.5	0.0	6
HIVE	3.2	2.0	1.0	0.0	1.0	0.5	0.0	0.0	7
HNST	2.5	2.0	0.5	0.0	0.0	1.0	0.0	0.0	7
HON	3.2	1.0	0.5	0.0	1.5	0.5	1.0	0.0	7
GRVY	1.4	1.0	0.0	0.0	0.0	0.0	0.0	1.0	7
HRTX	5.4	1.5	1.5	0.0	2.0	2.0	0.0	0.5	7
GSM	3.6	1.0	0.0	0.0	0.5	1.0	1.5	1.0	6
HSIC	2.9	1.0	0.5	0.0	1.0	1.5	0.0	0.0	7
HSTM	3.2	0.0	2.0	0.0	0.0	1.5	0.5	0.5	7
HAPN	3.2	2.0	0.5	0.0	0.0	1.0	1.0	0.0	7
HTLD	2.5	1.5	0.0	0.0	0.0	1.0	0.5	0.5	7
HCKT	3.2	1.0	1.0	0.0	1.0	1.5	0.0	0.0	7
HWC	3.2	1.0	0.5	0.0	1.0	1.5	0.5	0.0	6
HYFM	5.0	2.0	1.0	0.0	1.0	1.0	1.5	0.5	6
HLNE	2.9	1.5	1.0	0.0	0.0	1.5	0.0	0.0	7
ALBAV.HE	2.9	0.0	1.0	0.0	1.0	1.0	1.0	0.0	4
HOPE	3.2	1.0	0.5	0.0	1.0	1.5	0.5	0.0	6
CAPMAN.HE	2.9	0.0	0.5	0.0	0.5	1.0	1.0	1.0	5
HQY	1.4	0.0	0.0	0.0	0.5	1.0	0.5	0.0	7
ENENTO.HE	3.6	1.0	0.0	1.0	0.5	1.0	1.0	0.5	5
FSECURE.HE	5.4	1.0	1.5	1.0	2.0	1.0	1.0	0.0	5
HUMA	4.6	2.0	2.0	0.0	1.5	1.0	0.0	0.0	7
ADMCM.HE	2.5	0.5	1.0	0.0	0.0	1.0	1.0	0.0	5
ANORA.HE	3.6	0.5	0.0	1.0	0.5	1.0	1.0	1.0	5
HPAI	3.2	0.0	2.0	0.0	0.5	0.0	0.5	1.5	7
ATRAV.HE	2.5	0.0	0.0	0.0	0.5	1.0	1.0	1.0	5
KCR.HE	3.2	1.5	0.5	0.0	0.0	1.0	1.0	0.5	5
DIGIA.HE	4.3	0.0	2.0	0.0	0.5	1.0	1.0	1.5	5
KESKOA.HE	3.2	0.5	1.0	0.0	1.0	1.0	1.0	0.0	5
KOSKI.HE	2.9	0.0	1.5	0.0	0.5	1.0	1.0	0.0	5
EVLI.HE	2.5	0.0	0.0	0.0	1.0	1.0	1.0	0.5	5
LINDEX.HE	3.9	0.5	1.0	0.0	1.5	1.0	1.0	0.5	5
OMASP.HE	3.9	0.0	2.0	0.0	1.0	1.0	1.0	0.5	4
NOKIA.HE	2.1	0.5	0.0	0.0	0.0	1.0	1.0	0.5	5
GRK.HE	4.3	1.0	1.5	0.0	0.0	1.0	1.0	1.5	4
RAUTE.HE	3.2	0.5	0.0	0.0	0.0	1.0	1.0	2.0	5
PON1V.HE	3.6	0.5	1.0	0.0	0.0	1.0	1.0	1.5	5
REMEDY.HE	2.9	1.0	0.0	0.0	0.5	1.0	1.0	0.5	5
SITOWS.HE	4.6	0.5	0.5	2.0	1.0	1.0	1.0	0.5	5
HIAB.HE	3.6	1.5	0.5	0.0	1.0	1.0	1.0	0.0	5
ICP1V.HE	3.6	1.5	0.0	0.0	0.5	1.0	1.0	1.0	5
MUSTI.HE	5.0	0.5	1.0	0.0	1.5	1.0	1.0	2.0	5
MEKKO.HE	4.3	0.5	2.0	0.0	0.5	1.0	1.0	1.0	5
VERK.HE	5.0	0.5	0.5	2.0	1.0	1.0	1.0	1.0	5
YIT.HE	3.9	0.5	1.0	0.0	1.0	1.0	1.0	1.0	5
SBI.HE	3.9	1.0	1.5	0.0	1.0	1.0	1.0	0.0	5
TTALO.HE	2.5	0.0	0.5	0.0	1.0	1.0	1.0	0.0	5
STERV.HE	2.1	0.5	0.0	0.0	0.5	1.0	1.0	0.0	5
TAALA.HE	3.9	1.0	0.5	1.0	0.0	1.0	1.0	1.0	5
00135.HK	2.5	0.5	0.0	0.0	0.0	1.0	1.0	1.0	5
OUT1V.HE	2.5	1.5	0.0	0.0	0.0	1.0	1.0	0.0	5
00322.HK	3.2	0.0	0.0	0.0	1.0	1.0	1.0	1.5	5
UPM.HE	1.8	0.0	0.0	0.0	0.5	1.0	1.0	0.0	5
00257.HK	4.3	0.5	1.5	0.0	1.0	1.0	1.0	1.0	5
00966.HK	3.9	1.0	0.0	0.0	1.0	1.0	1.0	1.5	5
00763.HK	3.9	0.5	2.0	0.0	1.0	1.0	1.0	0.0	5
00006.HK	2.1	0.5	0.0	0.0	0.0	1.0	1.0	0.5	5
01093.HK	2.5	0.5	0.5	0.0	0.0	1.0	1.0	0.5	5
02386.HK	2.9	0.5	1.5	0.0	0.0	1.0	1.0	0.0	5
02313.HK	4.6	1.0	2.0	0.0	0.5	1.0	1.0	1.0	5
00019.HK	2.5	0.0	1.0	0.0	0.0	1.0	1.0	0.5	5
0434.HK	2.5	0.0	0.5	0.0	0.0	1.0	1.0	1.0	5
01336.HK	3.9	1.0	1.5	0.0	1.0	1.0	1.0	0.0	5
0902.HK	2.9	0.5	0.0	0.0	1.5	1.0	1.0	0.0	5
02020.HK	3.6	0.5	1.0	0.0	0.5	1.0	1.0	1.0	5
01128.HK	5.7	1.0	1.5	1.0	1.0	1.0	1.0	1.5	4
0390.HK	3.2	0.0	1.5	0.0	1.0	1.0	1.0	0.0	5
06886.HK	3.6	0.5	0.5	0.0	2.0	1.0	1.0	0.0	5
0753.HK	4.3	0.0	2.0	0.0	2.0	1.0	1.0	0.0	5
0992.HK	4.3	1.0	1.5	0.0	1.0	1.0	1.0	0.5	5
06862.HK	4.3	0.5	1.5	0.0	0.5	1.0	1.0	1.5	5
1071.HK	2.1	0.0	0.0	0.0	1.0	1.0	1.0	0.0	5
1209.HK	3.9	0.5	1.5	0.0	0.0	1.0	1.0	1.5	5
1099.HK	2.9	0.0	1.5	0.0	0.5	1.0	1.0	0.0	5
0939.HK	3.9	0.0	1.5	0.0	1.0	1.0	1.0	1.0	4
1024.HK	4.3	1.5	2.0	0.0	0.5	1.0	1.0	0.0	5
1186.HK	3.6	0.0	1.5	0.0	1.5	1.0	1.0	0.0	5
1308.HK	3.9	1.0	1.5	0.0	0.0	1.0	1.0	1.0	5
1339.HK	2.5	0.5	0.5	0.0	0.5	1.0	1.0	0.0	5
1157.HK	3.2	0.0	2.0	0.0	0.5	1.0	1.0	0.0	5
1378.HK	4.6	1.0	1.5	0.0	0.5	1.0	1.0	1.5	5
1456.HK	3.9	0.0	1.5	0.0	1.5	1.0	1.0	0.5	5
1772.HK	3.6	0.5	2.0	0.0	0.5	1.0	1.0	0.0	5
1797.HK	3.6	2.0	0.0	0.0	0.0	1.0	1.0	1.0	5
1530.HK	2.9	0.0	1.5	0.0	0.0	1.0	1.0	0.5	5
1966.HK	4.6	1.5	1.0	0.0	1.0	1.0	1.0	1.0	4
1698.HK	3.2	0.5	2.0	0.0	0.0	1.0	1.0	0.0	5
200.HK	5.4	0.5	2.0	0.0	2.0	1.0	1.0	1.0	5
1810.HK	2.9	0.5	1.5	0.0	0.0	1.0	1.0	0.0	5
2015.HK	3.2	0.0	2.0	0.0	0.0	1.0	1.0	0.5	5
1628.HK	5.0	0.0	2.0	0.0	2.0	1.0	1.0	1.0	5
2202.HK	3.2	0.5	0.5	0.0	1.5	1.0	1.0	0.0	5
2367.HK	3.9	0.5	2.0	0.0	0.0	1.0	1.0	1.0	5
2318.HK	3.6	0.5	1.5	0.0	1.0	1.0	1.0	0.0	5
2588.HK	5.7	1.0	1.5	0.0	2.0	1.0	1.0	1.5	5
1833.HK	4.3	1.0	2.0	0.0	0.0	1.0	1.0	1.0	5
1880.HK	2.9	0.0	2.0	0.0	0.0	1.0	1.0	0.0	5
2333.HK	3.2	0.5	2.0	0.0	0.0	1.0	1.0	0.0	5
1919.HK	2.9	0.5	0.5	0.0	0.0	1.0	1.0	1.0	5
2899.HK	2.9	1.0	0.5	0.0	0.5	1.0	1.0	0.0	5
2799.HK	4.6	1.0	1.0	0.0	2.0	1.0	1.0	0.5	5
3311.HK	3.9	1.0	0.0	0.0	1.0	1.0	1.0	1.5	5
3958.HK	3.9	0.5	1.0	0.0	2.0	1.0	1.0	0.0	5
2607.HK	2.5	0.0	1.0	0.0	0.5	1.0	1.0	0.0	5
2628.HK	2.5	1.0	0.0	0.0	0.5	1.0	1.0	0.0	5
3.HK	3.2	0.5	0.0	0.0	1.0	1.0	1.0	1.0	5
4.HK	3.6	0.0	1.5	0.0	0.0	1.0	1.0	1.5	5
3606.HK	2.5	0.0	1.0	0.0	0.5	1.0	1.0	0.0	5
3808.HK	3.6	1.5	0.0	0.0	0.0	1.0	1.0	1.5	5
3347.HK	1.8	0.0	0.5	0.0	0.0	1.0	1.0	0.0	5
6178.HK	3.6	0.0	1.5	0.0	1.5	1.0	1.0	0.0	5
3988.HK	3.2	0.0	1.5	0.0	1.0	1.0	1.0	0.0	4
6066.HK	3.6	0.5	0.5	0.0	2.0	1.0	1.0	0.0	5
3750.HK	2.9	0.0	1.5	0.0	0.5	1.0	1.0	0.0	5
6806.HK	3.9	0.0	1.5	0.0	2.0	1.0	1.0	0.0	5
9626.HK	3.6	0.5	2.0	0.0	0.5	1.0	1.0	0.0	5
9866.HK	4.6	1.0	2.0	0.0	1.5	1.0	1.0	0.0	5
778.HK	3.9	1.0	1.5	0.0	0.5	1.0	1.0	0.5	5
6186.HK	3.2	0.5	1.0	0.0	0.0	1.0	1.0	1.0	5
874.HK	2.9	0.0	1.5	0.0	0.5	1.0	1.0	0.0	5
6969.HK	3.9	1.5	0.5	0.0	0.0	1.0	1.0	1.5	5
IBCP	2.1	0.5	0.0	0.0	1.0	1.0	0.5	0.0	6
9660.HK	3.6	1.0	1.5	0.0	0.5	1.0	1.0	0.0	4
ICHR	2.5	1.5	0.0	0.0	0.0	1.0	1.0	0.0	7
823.HK	2.9	1.0	0.5	0.0	0.5	1.0	1.0	0.0	5
9896.HK	4.6	0.0	2.0	0.0	1.0	1.0	1.0	1.5	5
IFRX	3.9	2.0	0.0	0.0	0.0	2.0	1.0	0.5	7
9926.HK	2.1	0.0	0.0	0.0	0.5	1.0	1.0	0.5	5
669.HK	3.2	1.5	0.5	0.0	0.0	1.0	1.0	0.5	5
IMTX	3.9	1.5	1.5	0.0	0.0	1.5	0.0	1.0	7
IMXI	2.1	0.5	0.5	0.0	0.5	1.0	0.5	0.0	7
IDCC	3.2	1.5	0.0	0.0	0.5	2.0	0.5	0.0	7
IEAG	2.9	1.0	0.0	0.0	1.0	0.0	2.0	0.0	5
INDI	4.3	2.0	1.0	0.0	1.0	2.0	0.0	0.0	7
INHD	3.9	2.0	2.0	0.0	0.0	0.0	1.5	0.0	7
INMD	2.1	2.0	0.0	0.0	0.0	1.0	0.0	0.0	7
IIIV	2.9	0.5	1.5	0.0	0.0	1.5	0.0	0.5	7
INTC	2.9	2.0	0.5	0.0	0.5	0.5	0.5	0.0	7
IMKTA	2.5	0.5	0.5	0.0	0.5	2.0	0.0	0.0	7
IMNM	3.6	2.0	0.0	1.0	0.0	2.0	0.0	0.0	7
INTU	2.9	1.0	1.5	0.0	0.5	0.5	0.5	0.0	7
IOSP	2.9	1.0	1.5	0.0	0.0	1.0	0.5	0.0	7
IPDN	4.6	1.5	0.0	2.0	0.0	0.0	2.0	1.0	7
IBOC	2.5	0.5	0.0	0.0	1.0	1.5	0.5	0.0	6
IREN	3.6	2.0	0.5	0.0	1.5	0.5	0.5	0.0	7
9992.HK	3.9	1.0	1.5	0.0	0.0	1.0	1.0	1.0	5
ITIC	1.8	0.5	1.0	0.0	0.0	0.5	0.5	0.0	7
INVE	4.6	1.5	2.0	1.0	0.0	0.5	1.0	0.5	7
JBIO	2.9	1.0	0.5	0.0	0.0	2.0	0.5	0.0	6
IRTC	4.3	1.5	1.5	0.0	2.0	1.0	0.0	0.0	7
ISRG	3.2	1.5	0.5	0.0	1.0	1.0	0.5	0.0	6
JOYY	2.1	0.0	1.5	0.0	0.0	0.5	0.5	0.5	7
IVVD	2.9	1.0	1.0	0.0	0.0	1.5	0.0	0.5	7
IQ.US	2.5	0.0	1.0	0.0	1.0	1.5	0.0	0.0	7
IZM	3.6	0.5	2.0	0.0	1.0	0.5	1.0	0.0	7
KDP	2.5	0.0	0.5	0.0	1.0	1.5	0.5	0.0	7
KLAC	2.1	1.5	0.0	0.0	1.0	0.5	0.0	0.0	7
KLRS	4.6	1.0	1.5	1.0	0.0	1.0	0.5	1.5	6
KLIC	2.1	1.5	0.0	0.0	0.0	1.0	0.5	0.0	7
KEEL	3.6	2.0	0.5	0.0	2.0	0.5	0.0	0.0	7
KNSA	1.8	0.0	1.0	0.0	0.0	1.5	0.0	0.0	7
KOPN	2.5	2.0	0.0	0.0	0.0	1.5	0.0	0.0	7
INSE	3.6	1.5	1.0	0.0	1.0	1.0	0.5	0.0	6
KIDS	2.5	1.0	0.5	0.0	0.5	1.0	0.0	0.5	7
LBTYA	4.3	0.5	1.5	1.0	1.0	1.5	0.5	0.0	7
KALU	2.5	1.5	0.0	0.0	1.0	1.0	0.0	0.0	7
LASR	2.9	2.0	1.0	0.0	0.0	0.5	0.5	0.0	7
KARD	4.6	1.0	1.0	1.0	0.0	1.5	1.0	1.0	6
LE	4.3	2.0	1.0	0.0	0.0	1.5	0.0	1.5	7
LFST	3.9	1.5	1.0	0.0	0.5	1.0	1.0	0.5	7
LI	3.2	0.0	2.0	0.0	0.0	2.0	0.0	0.5	7
LGN	2.9	1.0	0.5	0.0	1.0	1.0	0.0	0.5	6
LENZ	4.6	1.5	2.0	0.0	0.0	2.0	0.0	1.0	7
LIND	4.6	2.0	1.5	0.0	1.0	1.5	0.0	0.5	6
LIME	2.5	1.0	1.0	0.0	0.0	1.0	0.0	0.5	6
LIVN	2.5	1.0	0.5	0.0	0.0	1.5	0.5	0.0	7
LIFE	2.9	1.0	1.0	0.0	0.0	0.5	1.5	0.0	6
JD.US	1.8	0.0	1.0	0.0	0.5	1.0	0.0	0.0	7
LOVE	4.3	2.0	0.0	0.0	1.0	2.0	0.5	0.5	7
LOCO	2.1	0.5	0.0	0.0	0.5	1.5	0.5	0.0	7
LNTH	2.1	0.0	1.0	0.0	0.5	1.0	0.5	0.0	7
JANX	3.9	2.0	1.0	0.0	0.0	1.5	0.5	0.5	7
LMNR.US	2.9	0.0	1.0	0.0	0.5	1.5	1.0	0.0	7
LSTR	1.8	1.0	0.0	0.0	0.0	1.0	0.5	0.0	7
LUNG	1.4	0.0	0.0	0.0	1.0	0.5	0.5	0.0	7
KSPI	1.4	0.0	0.0	0.0	0.0	0.5	0.5	1.0	7
NBA.LS	3.6	0.0	1.0	0.0	0.5	1.0	1.0	1.5	5
PHR.LS	2.9	0.0	1.0	0.0	1.0	1.0	1.0	0.0	4
TDSA.LS	4.6	0.5	1.0	0.0	2.0	1.0	1.0	1.0	5
SEM.LS	3.6	0.5	0.0	0.0	0.5	1.0	1.0	2.0	5
AAF.L	4.3	0.5	0.5	0.0	1.5	1.0	1.0	1.5	5
ABF.L	3.9	1.0	0.5	0.0	0.5	1.0	1.0	1.5	5
LKQ	3.2	1.0	1.5	0.0	1.0	1.0	0.0	0.0	7
AML.L	5.4	2.0	0.0	0.0	2.0	1.0	1.0	1.5	5
LQDT	2.9	1.0	1.5	0.0	0.0	1.0	0.0	0.5	7
API.L	2.9	0.5	0.5	0.0	1.0	1.0	1.0	0.0	4
LXRX	3.6	1.0	0.0	0.0	0.5	2.0	0.5	1.0	7
AUTO.L	2.1	0.5	0.0	0.0	0.5	1.0	1.0	0.0	5
GLINT.LS	5.0	0.0	1.0	2.0	0.5	1.0	1.0	1.5	5
LYTS	1.8	0.0	0.0	0.0	1.0	1.0	0.5	0.0	7
BARC.L	3.6	1.0	1.0	0.0	1.0	1.0	1.0	0.0	4
BHP.L	3.6	1.0	1.5	0.0	0.5	1.0	1.0	0.0	5
ALNA.L	3.6	1.0	0.0	0.0	1.0	1.0	1.0	1.0	2
AEWU.L	4.3	1.0	1.0	0.0	1.0	1.0	1.0	1.0	2
BNZL.L	3.2	0.0	1.5	0.0	1.0	1.0	1.0	0.0	5
BOY.L	3.9	1.5	1.5	0.0	0.5	1.0	1.0	0.0	5
ASC.L	6.8	2.0	2.0	0.0	2.0	1.0	1.0	1.5	5
BTRW.L	2.9	1.5	0.5	0.0	0.0	1.0	1.0	0.0	5
BYG.L	2.5	1.0	0.5	0.0	0.0	1.0	1.0	0.0	5
AVON.L	2.5	0.0	1.0	0.0	0.5	1.0	1.0	0.0	5
CCC.L	3.2	1.0	1.0	0.0	0.0	1.0	1.0	0.5	5
BBY.L	3.6	0.5	1.5	0.0	1.0	1.0	1.0	0.0	5
COA.L	3.9	1.5	1.0	0.0	1.0	1.0	1.0	0.0	5
BA.L	2.5	0.0	1.0	0.0	0.5	1.0	1.0	0.0	5
CAN.L	3.2	1.0	0.5	0.0	1.0	1.0	1.0	0.0	4
CSN.L	2.9	0.5	1.0	0.0	0.5	1.0	1.0	0.0	5
CRDA.L	4.3	1.0	1.5	0.0	0.5	1.0	1.0	1.0	4
CURY.L	3.6	1.5	1.0	0.0	0.5	1.0	1.0	0.0	5
DEC.L	3.2	0.0	0.5	0.0	2.0	1.0	1.0	0.0	5
DIA.L	3.2	0.5	1.5	0.0	0.5	1.0	1.0	0.0	5
BME.L	4.6	1.0	1.5	0.0	2.0	1.0	1.0	0.0	5
CHRY.L	3.6	1.0	0.0	0.0	1.0	1.0	1.0	1.0	2
DOCS.L	3.2	0.0	0.5	0.0	1.0	1.0	1.0	1.0	5
ELIX.L	2.9	0.5	0.0	0.0	0.5	1.0	1.0	1.0	5
ESNT.L	3.9	1.0	2.0	0.0	0.5	1.0	1.0	0.0	5
EXPN.L	3.2	1.0	0.5	0.0	1.0	1.0	1.0	0.0	5
FCH.L	3.9	1.0	0.5	0.0	1.0	1.0	1.0	1.0	5
FSJ.L	3.2	0.5	0.5	0.0	1.0	1.0	1.0	0.5	5
BRBY.L	3.2	0.5	0.5	0.0	1.5	1.0	1.0	0.0	5
CARD.L	2.9	1.0	0.5	0.0	0.5	1.0	1.0	0.0	5
GEMD.L	2.9	1.0	0.5	0.0	0.0	1.0	1.0	0.5	5
GLE.L	1.8	0.5	0.0	0.0	0.0	1.0	1.0	0.0	5
GFRD.L	2.9	0.0	1.5	0.0	0.5	1.0	1.0	0.0	5
GNC.L	3.9	1.0	0.5	0.0	1.0	1.0	1.0	1.0	5
GSK.L	2.5	0.0	0.5	0.0	1.0	1.0	1.0	0.0	5
DRX.L	2.9	0.5	1.0	0.0	0.5	1.0	1.0	0.0	5
HBR.L	3.6	0.0	1.0	0.0	1.0	1.0	1.0	1.0	5
ENOG.L	3.6	0.0	0.5	0.0	2.0	1.0	1.0	0.5	5
FEML.L	4.6	0.5	2.0	0.0	1.0	1.0	1.0	1.0	3
FOXT.L	2.5	1.0	0.0	0.0	0.5	1.0	1.0	0.0	5
HOC.L	2.5	1.0	0.0	0.0	0.0	1.0	1.0	0.5	5
HSD.L	2.5	0.0	1.5	0.0	0.0	1.0	1.0	0.0	5
FVA.L	2.1	0.0	1.0	0.0	0.0	1.0	1.0	0.0	5
HWDN.L	3.2	1.5	0.5	0.0	0.5	1.0	1.0	0.0	5
IBST.L	2.5	1.0	0.0	0.0	0.5	1.0	1.0	0.0	5
INF.L	2.9	0.5	1.0	0.0	0.5	1.0	1.0	0.0	5
GRG.L	3.9	1.0	2.0	0.0	0.5	1.0	1.0	0.0	5
IPF.L	4.6	0.0	2.0	1.0	1.0	1.0	1.0	0.5	4
HEMO.L	3.2	1.5	0.0	0.0	0.5	1.0	1.0	0.5	5
ITV.L	2.5	0.5	0.5	0.0	0.5	1.0	1.0	0.0	5
JTC.L	5.0	1.0	1.5	1.0	1.0	1.0	1.0	0.5	4
HICL.L	4.6	1.0	1.5	0.0	1.0	1.0	1.0	1.0	2
HLCL.L	2.9	1.0	0.5	0.0	0.5	1.0	1.0	0.0	5
KLSO.L	4.6	1.5	1.5	0.0	0.5	1.0	1.0	1.0	5
KGF.L	3.2	1.0	1.0	0.0	0.5	1.0	1.0	0.0	5
LGEN.L	5.4	1.0	1.5	1.0	2.0	1.0	1.0	0.0	5
LTOD.L	2.5	0.5	0.0	0.0	1.0	1.0	1.0	0.0	5
IGG.L	1.8	0.0	0.0	0.0	0.5	1.0	1.0	0.0	5
MAB1.L	2.9	1.0	0.0	0.0	0.5	1.0	1.0	0.5	5
MCG.L	3.9	1.5	0.5	0.0	1.0	1.0	1.0	0.5	4
MICC.L	4.3	1.0	1.0	0.0	2.0	1.0	1.0	0.0	4
MONY.L	3.2	1.0	1.0	0.0	0.5	1.0	1.0	0.0	5
MTRO.L	4.6	1.0	1.0	0.0	1.0	1.0	1.0	1.5	4
MRO.L	2.9	1.0	0.5	0.0	0.5	1.0	1.0	0.0	5
NANO.L	2.5	0.0	0.5	0.0	1.0	1.0	1.0	0.0	4
NXR.L	2.9	1.0	0.5	0.0	0.5	1.0	1.0	0.0	5
HTG.L	2.5	0.5	0.5	0.0	0.0	1.0	1.0	0.5	5
LRE.L	2.9	0.0	1.5	0.0	0.5	1.0	1.0	0.0	5
IMB.L	2.9	0.0	0.5	0.0	1.5	1.0	1.0	0.0	5
OSB.L	3.2	1.0	0.5	0.0	1.0	1.0	1.0	0.0	4
PETS.L	3.2	1.0	1.0	0.0	0.5	1.0	1.0	0.0	5
PCA.L	3.2	0.0	1.0	0.0	1.0	1.0	1.0	0.5	4
MNG.L	4.3	1.0	1.0	0.0	1.5	1.0	1.0	0.5	5
JDW.L	5.4	1.0	2.0	0.0	2.0	1.0	1.0	0.5	5
POLN.L	3.2	0.0	1.5	0.0	0.5	1.0	1.0	0.5	5
PINE.L	3.6	0.5	1.5	0.0	0.0	1.0	1.0	1.0	5
PROC.L	5.0	0.5	0.5	0.0	2.0	1.0	1.0	2.0	5
PSN.L	2.9	1.5	0.5	0.0	0.0	1.0	1.0	0.0	5
NRR.L	3.2	0.5	1.0	0.0	1.0	1.0	1.0	0.0	5
QQ.L	2.5	0.0	1.0	0.0	0.5	1.0	1.0	0.0	5
PYX.L	5.0	1.0	2.0	1.0	1.0	1.0	1.0	0.0	3
OXIG.L	3.2	1.0	1.5	0.0	0.0	1.0	1.0	0.0	5
PAGE.L	3.6	1.0	1.0	0.0	1.0	1.0	1.0	0.0	5
RIGD.L	3.9	0.0	2.0	0.0	0.5	1.0	1.0	1.0	5
RMV.L	2.1	1.0	0.0	0.0	0.0	1.0	1.0	0.0	5
SAGA.L	5.4	2.0	1.5	0.0	1.0	1.0	1.0	1.0	4
RTO.L	2.1	0.0	0.0	0.0	1.0	1.0	1.0	0.0	5
RS1.L	3.6	1.0	1.5	0.0	0.5	1.0	1.0	0.0	5
SBRE.L	3.2	0.0	1.5	0.0	1.0	1.0	1.0	0.0	4
PHAR.L	3.6	0.0	1.0	0.0	1.0	1.0	1.0	1.0	4
SEQI.L	4.6	1.0	1.5	0.0	1.0	1.0	1.0	1.0	2
SDLF.L	4.6	1.0	1.5	0.0	2.0	1.0	1.0	0.0	5
SHC.L	3.2	1.0	1.0	0.0	0.0	1.0	1.0	0.5	5
SIHL.L	2.9	0.5	1.0	0.0	0.0	1.0	1.0	0.5	5
SMSN.L	3.6	1.5	1.0	0.0	0.0	1.0	1.0	0.5	5
SPI.L	5.4	1.0	2.0	0.0	1.5	1.0	1.0	1.0	5
RCP.L	4.6	1.0	1.5	0.0	1.0	1.0	1.0	1.0	2
SRE.L	3.2	1.5	0.5	0.0	0.5	1.0	1.0	0.0	5
SSE.L	2.9	0.5	1.0	0.0	0.5	1.0	1.0	0.0	5
RESI.L	4.3	1.0	1.0	0.0	1.0	1.0	1.0	1.0	2
STVG.L	2.9	0.0	1.0	0.0	1.0	1.0	1.0	0.0	4
SWC.L	3.6	1.0	1.5	0.0	0.0	1.0	1.0	0.5	4
SVS.L	4.3	1.5	1.0	0.0	1.0	1.0	1.0	0.5	5
THG.L	4.6	2.0	0.0	0.0	1.0	1.0	1.0	1.5	5
TEP.L	2.5	0.5	0.0	0.0	1.0	1.0	1.0	0.0	5
SDY.L	2.9	0.5	0.0	0.0	1.5	1.0	1.0	0.0	5
SGE.L	3.6	0.0	1.0	0.0	2.0	1.0	1.0	0.0	5
PRV.L	3.6	0.5	1.5	0.0	0.0	1.0	1.0	1.0	5
TPK.L	3.6	1.5	1.0	0.0	0.5	1.0	1.0	0.0	5
TRIG.L	3.9	0.0	1.5	0.0	1.0	1.0	1.0	1.0	3
SN.L	2.5	0.5	0.5	0.0	0.5	1.0	1.0	0.0	5
TSCO.L	3.6	0.5	1.5	0.0	1.0	1.0	1.0	0.0	5
UU.L	5.0	0.5	1.5	1.0	2.0	1.0	1.0	0.0	5
VSVS.L	3.9	1.0	1.0	0.0	0.5	1.0	1.0	1.0	4
WIZZ.L	4.6	2.0	0.5	0.0	2.0	1.0	1.0	0.0	5
TMIP.L	3.6	0.0	1.0	0.0	0.0	1.0	1.0	2.0	5
STAN.L	3.6	0.5	1.5	0.0	1.0	1.0	1.0	0.0	4
YNGN.L	3.6	1.0	1.5	0.0	0.5	1.0	1.0	0.0	5
TW.L	2.9	1.5	0.5	0.0	0.0	1.0	1.0	0.0	5
AAU.L	3.6	1.0	0.0	0.0	1.0	1.0	1.0	1.0	4
VOD.L	3.2	0.0	1.5	0.0	1.0	1.0	1.0	0.0	5
WIL.L	2.1	0.0	0.5	0.0	0.5	1.0	1.0	0.0	5
ACSO.L	2.9	0.5	0.5	0.0	0.0	1.0	1.0	1.0	5
TBCG.L	3.9	0.5	1.5	0.0	1.0	1.0	1.0	0.5	4
WPP.L	4.3	0.5	1.5	0.0	2.0	1.0	1.0	0.0	5
BVXP.L	3.2	0.5	0.5	0.0	1.0	1.0	1.0	0.5	4
ARCM.L	1.4	0.0	0.0	0.0	0.0	1.0	1.0	0.0	5
XPP.L	3.9	1.5	1.5	0.0	0.5	1.0	1.0	0.0	5
CER.L	2.5	0.5	0.0	0.0	0.0	1.0	1.0	1.0	5
CNC.L	3.6	1.5	1.5	0.0	0.0	1.0	1.0	0.0	5
VCT.L	2.9	0.5	1.5	0.0	0.0	1.0	1.0	0.0	5
ECO.L	2.9	1.0	0.0	0.0	1.0	1.0	1.0	0.0	4
EMAN.L	5.0	0.0	1.5	0.0	2.0	1.0	1.0	1.5	5
ZTF.L	3.6	1.0	1.5	0.0	0.5	1.0	1.0	0.0	5
EOG.L	1.8	0.0	0.5	0.0	0.0	1.0	1.0	0.0	5
FDEV.L	3.2	0.0	1.5	0.0	0.0	1.0	1.0	1.0	5
APTA.L	2.9	1.0	0.5	0.0	0.0	1.0	1.0	0.5	5
GFM.L	2.5	0.0	1.0	0.0	0.0	1.0	1.0	0.5	5
FUM.L	4.3	0.0	1.5	0.0	1.0	1.0	1.0	1.5	4
GMR.L	2.1	0.0	0.5	0.0	0.0	1.0	1.0	0.5	5
IES.L	3.2	1.0	0.0	0.0	0.0	1.0	1.0	1.5	5
KEYS.L	2.9	0.0	1.5	0.0	0.0	1.0	1.0	0.5	5
KMK.L	2.9	1.5	0.0	0.0	0.0	1.0	1.0	0.5	5
DOTD.L	3.2	1.5	0.5	0.0	0.0	1.0	1.0	0.5	5
MANO.L	2.9	0.5	0.0	0.0	0.5	1.0	1.0	1.0	5
FNTL.L	3.2	0.5	0.5	0.0	0.5	1.0	1.0	1.0	5
MTC.L	4.3	1.0	1.5	0.0	1.0	1.0	1.0	0.5	4
AXS.L	3.6	1.5	0.5	0.0	0.5	1.0	1.0	0.5	5
BOR.L	3.6	1.0	0.0	0.0	1.0	1.0	1.0	1.0	4
JLP.L	2.1	1.0	0.0	0.0	0.0	1.0	1.0	0.0	5
ING.L	3.2	0.5	0.0	0.0	1.0	1.0	1.0	1.0	4
PANR.L	2.5	1.5	0.0	0.0	0.0	1.0	1.0	0.0	5
HE1.L	2.5	0.0	0.5	0.0	1.0	1.0	1.0	0.0	4
POLB.L	4.3	2.0	0.5	0.0	1.0	1.0	1.0	0.5	4
PRO.L	3.2	0.0	0.0	0.0	1.0	1.0	1.0	1.5	5
STAF.L	2.9	0.5	0.5	0.0	0.5	1.0	1.0	0.5	5
NFX.L	3.6	1.5	0.5	0.0	1.0	1.0	1.0	0.0	4
NOG.L	3.6	0.5	1.0	0.0	1.0	1.0	1.0	0.5	4
TERN.L	1.4	0.0	0.0	0.0	0.0	1.0	1.0	0.0	5
QED.L	2.1	0.5	0.5	0.0	0.0	1.0	1.0	0.0	5
SEE.L	3.2	0.5	0.0	0.0	2.0	1.0	1.0	0.0	5
RKH.L	2.5	0.0	0.0	0.0	0.5	1.0	1.0	1.0	5
VIC.L	4.6	1.0	1.0	0.0	1.0	1.0	1.0	1.5	5
SDG.L	3.2	0.5	1.5	0.0	0.0	1.0	1.0	0.5	5
SPSY.L	2.1	0.0	0.5	0.0	0.0	1.0	1.0	0.5	5
W7L.L	2.5	0.0	0.5	0.0	0.0	1.0	1.0	1.0	5
MAKO	2.5	1.5	0.5	0.0	0.0	0.0	1.5	0.0	7
WRKS.L	4.3	0.0	1.0	0.0	2.0	1.0	1.0	1.0	5
SYME.L	4.6	0.0	2.0	1.0	1.0	1.0	1.0	0.5	3
MAR	2.9	1.0	0.0	0.0	1.0	1.0	1.0	0.0	6
MCHP	2.5	1.5	0.0	0.0	1.0	1.0	0.0	0.0	7
THX.L	2.9	1.5	0.0	0.0	0.0	1.0	1.0	0.5	5
TRB.L	3.6	0.0	2.0	0.0	0.0	1.0	1.0	1.0	5
MERC	3.9	0.5	2.0	0.0	1.0	0.0	1.5	0.5	6
MAT	2.9	0.5	0.0	1.0	1.0	1.5	0.0	0.0	7
MCBS	3.9	0.5	1.0	0.0	1.0	2.0	0.5	0.5	6
MBUU	2.9	1.0	1.5	0.0	0.5	1.0	0.0	0.0	7
MDB	1.4	1.5	0.0	0.0	0.0	0.5	0.0	0.0	7
MGNX	3.6	1.5	0.5	0.0	1.0	2.0	0.0	0.0	7
MGTX	2.9	1.5	0.0	0.0	0.5	1.0	0.0	1.0	7
MDLZ	1.4	0.0	0.0	0.0	1.0	1.0	0.0	0.0	7
MBGL	2.1	1.0	1.5	0.0	0.0	0.5	0.0	0.0	6
MLGO	4.3	1.0	2.0	0.0	0.0	1.5	0.5	1.0	7
MNRO	3.2	1.0	0.5	0.0	1.0	1.5	0.5	0.0	7
MNY	3.2	1.5	1.5	0.0	0.0	0.5	0.0	1.0	7
METCB	3.9	1.5	2.0	0.0	1.0	0.5	0.5	0.0	7
MITK	2.5	1.0	0.5	0.0	0.0	1.5	0.5	0.0	7
MFP	2.9	1.0	1.0	0.0	0.5	1.0	0.5	0.0	6
MKTX	1.8	0.5	0.0	0.0	0.0	0.5	1.5	0.0	7
MRTN	2.1	1.0	0.0	0.0	0.0	1.5	0.0	0.5	7
MLYS	2.9	0.5	1.5	0.0	0.0	1.5	0.0	0.5	7
MRX	4.3	0.0	1.5	0.0	2.0	1.0	0.5	1.0	6
MMYT	6.4	1.0	1.0	2.0	1.0	2.0	0.5	1.5	6
MELI	2.5	1.5	0.0	0.0	1.5	0.5	0.0	0.0	7
MTC	1.4	0.0	0.0	0.0	0.0	2.0	0.0	0.0	7
MTRX	3.2	1.0	1.0	0.0	0.0	1.0	1.5	0.0	7
MVBF	2.9	1.0	0.5	0.0	1.0	1.0	0.5	0.0	6
ACS.MC	3.9	0.5	0.5	0.0	2.0	1.0	1.0	0.5	5
ALM.MC	3.9	0.0	2.0	0.0	0.0	1.0	1.0	1.5	5
MORN	3.2	1.0	0.0	0.0	1.5	1.0	0.0	1.0	7
MPWR	2.1	1.5	0.5	0.0	0.0	1.0	0.0	0.0	7
BKT.MC	2.5	0.0	0.5	0.0	1.0	1.0	1.0	0.0	4
ANE.MC	3.6	0.0	0.0	0.0	1.0	1.0	1.0	2.0	5
CIE.MC	4.6	1.0	1.0	0.0	1.0	1.0	1.0	1.5	5
DIA.MC	4.6	0.0	1.0	0.0	2.0	1.0	1.0	1.5	5
ENG.MC	2.5	0.0	0.5	0.0	1.0	1.0	1.0	0.0	5
GRE.MC	6.8	1.5	1.5	1.0	2.0	1.0	1.0	1.5	5
FDR.MC	4.3	1.0	1.5	0.0	0.5	1.0	1.0	1.0	5
MRCY	2.1	1.0	0.5	0.0	0.5	1.0	0.0	0.0	7
LDA.MC	2.1	0.0	0.0	0.0	0.0	1.0	1.0	1.0	5
MEL.MC	3.9	0.5	0.0	0.0	1.5	1.0	1.0	1.5	5
NTGY.MC	4.3	0.0	1.5	0.0	1.0	1.0	1.0	1.5	5
PSG.MC	5.0	1.0	0.0	0.0	2.0	1.0	1.0	2.0	5
MSFT	2.1	1.0	1.0	0.0	0.0	1.0	0.0	0.0	7
MWC	5.0	1.0	1.5	0.0	1.0	0.0	2.0	1.5	6
UNI.MC	3.2	0.0	0.5	0.0	1.0	1.0	1.0	1.0	4
ROVI.MC	3.2	0.0	1.0	0.0	0.0	1.0	1.0	1.5	5
AMP.MI	3.9	1.0	0.0	0.0	1.0	1.0	1.0	1.5	5
MYPS	2.5	1.0	1.0	0.0	0.0	0.5	0.5	0.5	7
SCYR.MC	3.9	0.5	0.5	0.0	2.0	1.0	1.0	0.5	5
BC.MI	4.3	1.0	0.5	0.0	1.5	1.0	1.0	1.0	5
BMPS.MI	3.9	1.0	1.0	0.0	1.0	1.0	1.0	0.5	4
BZU.MI	3.9	1.0	1.0	0.0	0.0	1.0	1.0	1.5	5
IDR.MC	3.6	1.0	0.5	0.0	0.5	1.0	1.0	1.0	5
FBK.MI	2.5	0.5	0.0	0.0	1.0	1.0	1.0	0.0	4
ITM.MI	4.3	0.5	1.5	0.0	0.5	1.0	1.0	1.5	5
PST.MI	4.6	1.0	0.0	0.0	2.0	1.0	1.0	1.5	5
MAIRE.MI	5.4	1.0	1.0	1.0	1.5	1.0	1.0	1.0	5
SFER.MI	4.3	1.0	0.5	0.0	1.0	1.0	1.0	1.5	5
TGYM.MI	3.9	1.0	1.0	0.0	0.5	1.0	1.0	1.0	5
ENAV.MI	2.9	0.5	0.0	0.0	0.5	1.0	1.0	1.0	5
DIA.MI	3.9	0.5	1.0	0.0	0.5	1.0	1.0	1.5	5
INW.MI	5.0	1.0	1.0	0.0	1.5	1.0	1.0	1.5	5
TRN.MI	3.6	0.5	0.5	0.0	1.5	1.0	1.0	0.5	5
ZV.MI	5.7	1.0	2.0	1.0	0.5	1.0	1.0	1.5	5
NEXI.MI	3.6	1.0	0.0	0.0	1.0	1.0	1.0	1.0	5
NBIX	1.1	0.0	0.5	0.0	0.0	1.0	0.0	0.0	7
REY.MI	3.2	1.0	1.0	0.0	0.0	1.0	1.0	0.5	5
NEOG	3.9	1.5	1.0	1.0	0.5	1.0	0.5	0.0	7
GVS.MI	4.3	1.0	1.0	0.0	0.5	1.0	1.0	1.5	5
NAMS	3.2	0.0	1.5	0.0	0.0	2.0	0.5	0.5	7
NMFC	3.9	0.5	1.5	0.0	1.0	1.5	0.0	1.0	6
NN	3.9	1.0	1.0	1.0	0.0	1.5	0.5	0.5	7
NDSN	2.9	1.0	1.5	0.0	0.5	1.0	0.0	0.0	7
NRDS	3.2	1.5	1.0	0.0	0.0	1.5	0.5	0.0	7
STLAM.MI	4.3	1.0	2.0	0.0	1.0	1.0	1.0	0.0	5
NICE	1.1	0.0	0.0	0.0	0.0	1.0	0.5	0.0	7
NEXT	4.6	1.5	0.0	0.0	2.0	1.5	0.5	1.0	7
NTGR	2.1	1.0	0.5	0.0	0.0	1.5	0.0	0.0	7
NSIT.US	3.6	1.0	1.5	0.0	1.0	1.0	0.5	0.0	7
NVCT	3.6	0.0	0.5	0.0	1.0	2.0	1.0	0.5	6
NUTX	4.6	2.0	2.0	0.0	0.5	1.5	0.0	0.5	7
NVTS	2.5	2.0	0.5	0.0	0.0	1.0	0.0	0.0	7
NAVN	1.8	1.0	0.0	0.0	0.0	0.5	0.0	1.0	6
NWL	2.9	1.0	0.0	0.0	1.5	1.5	0.0	0.0	7
NXH	6.1	2.0	1.5	2.0	0.5	1.5	1.0	0.0	6
AAP	3.6	1.0	1.5	0.0	1.5	1.0	0.0	0.0	7
AAUC	2.9	1.0	0.5	0.0	0.5	1.5	0.0	0.5	7
NOVT	2.9	1.5	0.5	0.0	0.0	2.0	0.0	0.0	7
NBTB	2.5	0.0	0.5	0.0	1.0	1.5	0.5	0.0	6
ABEV	2.5	0.0	1.0	0.0	0.0	1.0	0.0	1.5	7
ACM	3.6	1.0	2.0	0.0	1.0	0.5	0.5	0.0	7
NTAP	3.9	1.5	1.5	0.0	1.5	1.0	0.0	0.0	7
NTRA	3.9	1.5	1.5	1.0	0.0	1.0	0.5	0.0	7
ADIG	3.9	1.0	1.5	0.0	0.5	1.0	1.5	0.0	6
ABR	5.0	1.0	2.0	0.0	2.0	2.0	0.0	0.0	7
ACVA	3.2	1.5	2.0	0.0	0.5	0.5	0.0	0.0	7
ACA.US	3.9	1.0	2.0	0.0	0.5	0.5	1.5	0.0	7
AERO.US	3.2	1.0	0.5	0.0	1.0	0.5	0.0	1.5	5
ADT	3.9	1.0	1.5	0.0	1.5	1.0	0.0	0.5	7
ACH.US	6.1	1.5	2.0	1.0	1.0	1.5	1.0	0.5	6
AEXA	3.2	1.0	0.0	1.0	1.0	1.0	0.5	0.0	5
AEM	1.1	0.5	0.0	0.0	0.0	0.5	0.5	0.0	7
AGO	2.5	0.5	1.5	0.0	0.5	1.0	0.0	0.0	7
AIT	2.5	1.0	0.5	0.0	0.0	1.0	1.0	0.0	7
AIG	1.8	0.5	0.5	0.0	0.0	0.5	1.0	0.0	7
AA	2.5	1.5	1.0	0.0	0.0	1.0	0.0	0.0	7
AJG	1.8	0.5	0.5	0.0	0.5	1.0	0.0	0.0	7
ALB	2.5	1.5	1.0	0.0	0.0	1.0	0.0	0.0	7
ALTG	3.6	1.5	0.0	0.0	1.0	1.0	0.5	1.0	6
AG	2.5	2.0	0.5	0.0	0.0	0.5	0.5	0.0	7
AGI	2.1	1.5	1.0	0.0	0.0	0.5	0.0	0.0	7
NXT.US	3.9	2.0	1.5	1.0	0.0	1.0	0.0	0.0	7
AHR	2.5	1.0	0.0	0.0	0.5	1.5	0.5	0.0	7
AMG	3.9	1.0	1.5	0.0	0.5	1.0	1.5	0.0	7
AMR	2.1	1.0	0.5	0.0	0.0	1.0	0.5	0.0	7
AMP.US	2.5	1.0	0.0	0.0	0.5	1.5	0.5	0.0	7
ALIT	4.3	1.5	2.0	0.0	1.5	0.5	0.5	0.0	7
ALLE	2.1	1.0	0.0	0.0	1.0	0.5	0.5	0.0	7
ANET	3.2	1.5	1.5	0.0	1.0	0.5	0.0	0.0	6
ALX	4.3	0.5	0.0	0.0	2.0	1.5	1.0	1.0	7
AMC	2.9	2.0	0.5	0.0	1.0	0.5	0.0	0.0	6
AR.US	1.8	0.5	0.5	0.0	0.5	1.0	0.0	0.0	7
ARES	3.9	1.5	0.5	0.0	1.5	1.5	0.5	0.0	7
AMRZ	3.6	1.0	2.0	0.0	0.5	0.5	1.0	0.0	6
ARLO	2.9	1.5	1.0	0.0	0.0	1.5	0.0	0.0	7
AMTM	3.2	0.0	2.0	0.0	0.5	1.0	0.5	0.5	7
ASC	2.1	0.0	1.5	0.0	0.0	1.0	0.5	0.0	7
ANVS	3.9	1.5	1.5	0.0	1.0	1.0	0.5	0.0	6
AS	4.6	2.0	1.5	0.0	0.0	0.5	1.0	1.5	7
AOS	2.9	1.0	1.0	0.0	0.5	1.5	0.0	0.0	7
APG	2.5	1.5	0.0	0.0	1.0	1.0	0.0	0.0	7
ATKR	3.6	1.5	2.0	0.0	0.5	0.5	0.5	0.0	7
APO	3.9	1.5	0.5	0.0	1.0	1.5	0.5	0.5	7
ARR	4.6	1.5	1.5	0.0	2.0	1.0	0.5	0.0	7
AMZN.24-7	2.1	1.5	0.0	0.0	0.5	0.5	0.5	0.0	7
AWK	2.9	0.5	0.5	0.0	1.0	1.5	0.5	0.0	7
ASPN	3.6	2.0	0.0	0.0	0.5	2.0	0.5	0.0	7
ATO	2.9	0.5	1.5	0.0	0.5	1.0	0.5	0.0	7
ATEN	3.2	1.0	0.0	0.0	1.0	1.5	1.0	0.0	7
AXTA	2.9	1.5	0.0	0.0	1.0	1.0	0.5	0.0	7
AZUL	3.6	1.0	0.0	0.0	1.0	0.5	2.0	0.5	5
AVD	3.9	1.5	2.0	0.0	1.5	0.0	0.5	0.0	7
AVTR	3.2	1.0	1.5	0.0	0.5	1.5	0.0	0.0	7
BBD	3.6	0.0	1.0	2.0	1.0	0.0	1.0	0.0	6
BBT	2.5	1.0	0.0	0.0	1.0	1.0	0.5	0.0	5
BBW	2.9	1.0	1.5	0.0	0.5	1.0	0.0	0.0	7
AXIAY	2.5	0.0	1.0	0.0	0.5	0.5	1.0	0.5	7
BC	3.6	1.5	1.0	0.0	1.0	1.5	0.0	0.0	7
AU	1.4	0.5	0.0	0.0	0.0	0.5	1.0	0.0	7
BALL	2.5	1.0	0.0	0.0	1.0	1.0	0.5	0.0	7
BAC	2.1	1.5	0.0	0.0	1.0	0.5	0.0	0.0	6
BB	1.8	1.5	0.0	0.0	0.0	1.0	0.0	0.0	7
BAP	3.2	1.0	1.0	0.0	1.0	1.0	0.0	0.5	6
BEN	2.9	1.5	0.5	0.0	0.0	1.0	0.0	1.0	7
BCSF	4.3	0.5	2.0	0.0	1.0	1.0	0.5	1.0	6
BDX	2.5	0.0	1.0	0.0	0.5	1.5	0.5	0.0	7
B	1.8	1.0	0.0	0.0	0.0	0.5	1.0	0.0	7
BILL	1.8	1.0	0.0	0.0	0.5	1.0	0.0	0.0	7
BIPC	4.3	1.5	1.0	0.0	2.0	1.5	0.0	0.0	7
BCH.US	3.6	0.0	0.0	1.0	1.0	1.0	0.5	1.5	6
BF-B	2.1	0.0	0.0	0.0	0.5	2.0	0.5	0.0	7
BFH	2.9	1.0	0.5	0.0	1.0	1.5	0.0	0.0	6
BG	1.8	0.5	0.0	0.0	1.0	1.0	0.0	0.0	7
BKD	3.2	0.5	0.5	0.0	1.0	2.0	0.5	0.0	6
BLSH	2.9	1.0	0.5	0.0	0.0	1.0	0.0	1.5	6
BMI	2.5	0.5	1.0	0.0	0.0	2.0	0.0	0.0	7
BMY	1.8	0.0	0.0	0.0	1.5	1.0	0.0	0.0	7
BNS	4.6	1.0	1.0	1.0	1.0	1.0	1.5	0.0	6
BHE	2.1	1.5	0.5	0.0	0.0	1.0	0.0	0.0	7
BRO	2.5	0.5	1.0	0.0	0.5	1.5	0.0	0.0	7
BRSP	5.0	1.5	2.0	0.0	2.0	1.0	0.5	0.0	7
BLDR	4.3	1.5	2.0	0.0	1.0	1.0	0.5	0.0	7
BKR	2.1	1.0	0.0	0.0	1.0	1.0	0.0	0.0	7
BKU	2.9	1.5	0.0	0.0	1.0	1.0	0.5	0.0	6
BSAC	2.5	0.0	0.0	1.0	1.0	0.5	0.5	0.5	6
BOBS	4.6	1.0	0.5	0.0	1.5	2.0	0.0	1.5	6
BOOT	3.6	1.5	1.5	0.0	0.5	1.0	0.5	0.0	7
BSX.US	3.6	0.5	2.0	0.0	0.5	0.5	1.5	0.0	7
BWMX	4.3	1.0	0.0	0.0	2.0	0.5	1.0	1.5	7
BRC	1.8	0.5	0.0	0.0	0.0	1.0	1.0	0.0	7
BYD	4.3	1.0	1.0	0.0	1.0	1.5	1.0	0.5	7
BUR	4.3	1.0	2.0	0.0	1.5	1.5	0.0	0.0	7
BTI	1.8	0.0	1.0	0.0	0.5	0.0	1.0	0.0	7
BVN	1.1	0.0	0.0	0.0	0.0	1.0	0.0	0.5	7
CARR	2.5	1.5	0.5	0.0	1.0	0.5	0.0	0.0	7
CALX.US	3.9	1.5	1.5	0.0	0.0	1.5	1.0	0.0	7
BXC	2.5	1.5	0.0	0.0	1.0	1.0	0.0	0.0	7
CAAP	3.6	0.5	0.0	0.0	0.5	1.5	0.5	2.0	7
BXP	3.6	1.0	0.0	0.0	1.5	2.0	0.5	0.0	7
CATO	2.5	0.5	1.5	0.0	1.0	0.5	0.0	0.0	7
CAG	2.5	0.0	1.5	0.0	1.0	1.0	0.0	0.0	7
CCS	2.5	1.5	0.0	0.0	0.5	1.5	0.0	0.0	7
CDLR	3.2	0.5	0.0	0.0	1.0	2.0	0.0	1.0	7
CFG	2.1	1.0	0.0	0.0	1.0	1.0	0.0	0.0	6
CHCT	2.9	0.5	2.0	0.0	1.0	0.5	0.0	0.0	7
CHGG	2.9	2.0	0.5	0.0	0.5	1.0	0.0	0.0	7
CIB	2.1	0.0	1.0	0.0	1.0	0.5	0.5	0.0	6
CIM	6.1	2.0	2.0	0.0	2.0	1.0	1.5	0.0	7
CL	2.1	0.0	0.0	0.0	2.0	1.0	0.0	0.0	7
CBAN	2.5	0.5	0.5	0.0	1.0	1.5	0.0	0.0	6
CCJ	2.9	1.0	1.0	1.0	0.0	1.0	0.0	0.0	7
BP.US	1.1	0.0	0.5	0.0	1.0	0.0	0.0	0.0	7
CBT	2.9	1.0	0.0	0.0	0.5	2.0	0.5	0.0	7
CLH	2.5	1.0	1.0	0.0	1.0	0.5	0.0	0.0	7
CLW	1.8	0.0	0.5	0.0	0.5	1.0	0.5	0.0	7
CMG	3.2	1.0	1.0	0.0	1.5	1.0	0.0	0.0	7
CMBT	3.9	0.0	1.5	0.0	1.5	0.5	0.5	1.5	7
CE	2.9	0.5	0.5	0.0	2.0	1.0	0.0	0.0	7
CMS	2.9	0.0	1.5	0.0	1.5	1.0	0.0	0.0	7
CNA	2.9	0.0	0.5	0.0	0.0	1.5	0.0	2.0	7
CNI	2.9	1.0	0.5	0.0	1.0	1.0	0.5	0.0	7
CNMD	2.9	1.0	0.5	0.0	1.0	1.5	0.0	0.0	7
COF	2.5	1.0	0.5	0.0	1.0	1.0	0.0	0.0	6
CHT	2.5	0.0	1.5	0.0	0.0	1.0	1.0	0.0	7
CPAY	4.3	1.0	1.0	0.0	2.0	1.5	0.5	0.0	7
CPNG	3.9	1.0	1.5	0.0	1.5	1.0	0.5	0.0	7
CRBG	3.6	1.0	1.5	0.0	1.0	1.0	0.0	0.5	7
CC.US	3.9	1.5	1.0	0.0	1.0	1.5	0.5	0.0	6
CNS	3.6	1.5	0.0	0.0	0.0	1.5	1.0	1.0	7
CNP	3.2	0.0	1.0	0.0	1.5	1.5	0.5	0.0	7
COP	1.1	0.0	0.5	0.0	0.5	0.5	0.0	0.0	7
CSTM	2.9	1.5	0.0	0.0	1.5	1.0	0.0	0.0	7
COMP.US	2.9	2.0	0.0	0.0	1.0	1.0	0.0	0.0	7
COUR	2.9	1.5	1.0	0.0	0.0	1.0	0.0	0.5	7
CTEV	3.6	1.0	0.5	0.0	1.0	1.5	0.0	1.0	6
CTS	2.5	1.0	0.5	0.0	0.0	1.5	0.5	0.0	7
CPT	3.2	1.0	1.5	0.0	1.0	1.0	0.0	0.0	7
CVNA	3.6	2.0	0.5	0.0	1.0	1.5	0.0	0.0	7
CVSA	1.8	0.5	0.0	0.0	0.5	1.0	0.5	0.0	7
CWEN	3.9	1.0	1.5	0.0	1.5	1.5	0.0	0.0	7
CRM	2.9	1.5	0.5	0.0	1.0	0.5	0.5	0.0	7
CSL	2.9	1.0	0.5	0.0	1.5	1.0	0.0	0.0	7
CWT	2.5	0.0	0.0	0.0	1.0	1.0	1.5	0.0	7
CXT	3.2	1.0	0.0	0.0	1.0	2.0	0.5	0.0	7
CYH	5.0	2.0	1.0	0.0	1.0	2.0	0.0	1.0	6
CTOS	5.4	1.5	0.5	0.0	2.0	1.0	1.0	1.5	7
DAVA	3.6	1.0	1.5	0.0	1.0	1.5	0.0	0.0	7
CUBI	3.2	1.5	0.0	0.0	1.0	2.0	0.0	0.0	6
DBI	3.9	1.5	0.0	0.0	2.0	1.5	0.0	0.5	7
CUZ	2.9	1.0	0.0	0.0	1.0	1.5	0.5	0.0	7
DCI	2.1	1.0	0.5	0.0	0.5	1.0	0.0	0.0	7
DE	3.6	1.0	1.0	0.0	1.5	1.0	0.5	0.0	7
DFH	5.0	2.0	2.0	0.0	1.0	2.0	0.0	0.0	7
CVI.US	4.6	1.0	1.5	0.0	1.5	1.0	0.0	1.5	7
DGX	2.9	0.5	0.5	1.0	1.0	1.0	0.0	0.0	7
DIS	1.8	1.5	0.0	0.0	0.5	0.5	0.0	0.0	7
DKS	3.2	1.0	1.0	0.0	1.0	0.5	1.0	0.0	7
CRI	4.3	1.0	0.5	1.0	1.0	1.0	1.5	0.0	7
DOCN	3.2	1.5	0.5	0.0	1.5	1.0	0.0	0.0	7
DOUG	3.6	2.0	1.5	0.0	0.5	1.0	0.0	0.0	7
DSX	4.6	0.5	0.5	0.0	1.0	1.0	2.0	1.5	7
DAL	3.2	1.5	0.5	0.0	1.0	1.0	0.5	0.0	7
DVA	3.6	0.5	0.0	0.0	2.0	1.5	0.0	1.0	7
DD	2.1	1.0	0.0	0.0	0.0	1.0	1.0	0.0	7
DTM	1.8	0.5	0.0	0.0	0.5	1.0	0.5	0.0	7
DXC	3.6	0.5	0.0	1.0	1.0	2.0	0.5	0.0	7
DEI	4.6	1.5	1.5	0.0	1.5	2.0	0.0	0.0	7
EAF	4.3	2.0	0.5	0.0	1.0	1.0	1.0	0.5	6
ECL	3.2	1.0	0.0	0.0	1.0	1.0	1.5	0.0	7
DLX	3.9	1.5	0.5	0.0	1.5	1.5	0.5	0.0	7
DNN	5.0	2.0	1.0	1.0	1.5	1.0	0.5	0.0	7
EGHT	3.2	2.0	0.0	0.0	1.5	0.5	0.5	0.0	7
DQ	3.6	0.5	2.0	0.0	1.0	1.0	0.0	0.5	6
ELF	1.8	1.5	0.0	0.0	0.5	0.5	0.0	0.0	7
ELS	3.6	0.5	1.5	0.0	1.5	1.5	0.0	0.0	7
EMBJ	2.1	0.5	0.5	0.0	0.5	0.5	1.0	0.0	7
EDN	3.9	0.0	0.5	2.0	0.5	1.5	0.0	1.0	6
DHT	2.1	0.0	1.5	0.0	0.5	1.0	0.0	0.0	7
EBS	5.0	2.0	0.5	1.0	1.5	1.5	0.5	0.0	7
EFC	4.6	1.0	1.5	0.0	2.0	1.5	0.5	0.0	7
EMR	3.9	1.5	1.5	0.0	0.5	1.0	1.0	0.0	7
EFX	4.3	1.5	1.5	0.0	1.0	1.5	0.5	0.0	7
EIX	2.9	0.5	1.0	0.0	1.5	0.5	0.5	0.0	7
ENVA	3.2	1.5	0.0	0.0	2.0	1.0	0.0	0.0	7
ENOV	3.6	1.5	1.5	0.0	1.0	1.0	0.0	0.0	7
EPAM	2.5	1.5	0.5	0.0	0.0	1.0	0.5	0.0	7
EQBK	2.9	1.0	0.5	0.0	1.0	1.0	0.5	0.0	6
ESNT	1.4	0.5	0.0	0.0	0.0	1.0	0.5	0.0	7
EQT	2.1	0.5	1.0	0.0	0.0	1.0	0.5	0.0	7
EGY	1.8	0.0	0.5	0.0	0.5	1.5	0.0	0.0	7
ESTC	2.9	1.0	1.0	0.0	0.5	0.5	1.0	0.0	7
ETN	2.9	1.0	0.5	0.0	1.0	1.0	0.5	0.0	7
EVC	5.0	1.5	0.0	2.0	1.5	1.5	0.5	0.0	7
EXPD	2.9	1.0	2.0	0.0	0.0	1.0	0.0	0.0	7
FAF	2.9	1.5	0.5	0.0	0.5	1.5	0.0	0.0	7
FBP	3.2	1.0	0.5	0.0	1.0	1.5	0.5	0.0	6
FCX	3.2	1.5	1.0	0.0	0.5	0.5	1.0	0.0	7
ESAB	3.2	1.0	1.5	0.0	1.0	1.0	0.0	0.0	7
EPM	2.5	0.0	0.5	0.0	1.0	1.0	1.0	0.0	7
FF	2.9	1.0	0.0	0.0	0.0	1.0	1.0	1.0	7
EROC	4.6	1.0	0.5	1.0	0.0	1.0	1.0	2.0	6
EVTC	2.5	0.5	0.0	0.0	1.5	1.5	0.0	0.0	7
EXE	2.1	0.0	1.5	0.0	0.0	1.0	0.5	0.0	7
FIGS	2.5	1.0	0.0	1.0	0.0	1.5	0.0	0.0	7
FLG	3.6	1.0	0.5	0.0	1.0	1.5	0.5	0.5	6
FIS.US	3.6	1.0	1.5	0.0	1.0	1.0	0.5	0.0	7
FLS	2.5	1.5	0.0	0.0	1.0	1.0	0.0	0.0	7
FCF	2.9	0.5	0.5	0.0	1.0	1.0	1.0	0.0	6
FMX	1.4	0.0	0.0	0.0	1.0	1.0	0.0	0.0	7
FOIL	5.0	1.0	1.5	0.0	1.5	0.0	1.5	1.5	6
FRO	2.9	0.0	1.5	0.0	0.5	1.0	0.5	0.5	7
FTS	2.5	0.0	0.5	0.0	1.0	2.0	0.0	0.0	7
FDXF	3.2	1.0	1.5	0.0	1.0	0.5	0.0	0.5	5
FHN	2.5	0.5	0.0	0.0	1.0	1.0	1.0	0.0	6
EVI	2.5	0.0	0.5	0.0	0.5	0.5	0.5	1.5	7
GBCI	3.2	0.5	0.5	0.0	1.0	2.0	0.5	0.0	6
GDDY	3.6	1.0	0.0	0.0	2.0	1.0	1.0	0.0	7
FND	3.6	1.5	1.0	0.0	1.0	1.0	0.5	0.0	7
GEF	2.9	0.5	0.5	0.0	0.5	1.0	1.5	0.0	7
FPI	2.1	0.5	0.0	0.0	0.5	1.5	0.5	0.0	7
FSM	3.2	2.0	0.0	1.0	0.0	1.0	0.5	0.0	7
FTAI	5.0	1.5	1.5	1.0	2.0	1.0	0.0	0.0	7
GIB	2.5	0.0	0.5	0.0	0.5	2.0	0.5	0.0	7
GCO	3.9	2.0	0.0	0.0	1.0	1.0	1.0	0.5	7
GEV	2.1	1.0	0.5	0.0	0.0	1.0	0.5	0.0	7
GENI	4.6	2.0	0.5	1.0	1.0	1.5	0.5	0.0	7
GFL	3.2	0.5	0.5	0.0	1.0	1.5	0.5	0.5	7
FUL	2.9	1.0	1.0	0.0	1.0	1.0	0.0	0.0	7
GGG	1.8	1.0	0.5	0.0	0.0	0.5	0.5	0.0	7
GOLF	3.6	0.5	1.0	0.0	1.0	1.5	0.0	1.0	7
GIS	3.2	0.0	2.0	0.0	1.5	1.0	0.0	0.0	7
GNS.US	3.6	2.0	2.0	0.0	0.0	0.5	0.0	0.5	7
G.US	2.1	0.5	0.5	0.0	0.5	1.0	0.5	0.0	7
GOTU	2.1	0.5	0.0	0.0	1.0	1.0	0.5	0.0	7
GLOB	3.2	1.0	1.0	0.0	0.0	1.5	1.0	0.0	7
GRND	3.2	0.0	0.0	0.0	1.0	1.5	0.5	1.5	6
GRC.US	3.2	1.5	0.5	0.0	0.5	1.0	0.5	0.5	7
GTY	3.2	0.5	0.5	0.0	1.0	1.5	1.0	0.0	7
GM	3.2	1.5	0.5	0.0	1.5	1.0	0.0	0.0	7
GWRE	2.1	1.0	0.0	0.0	0.5	0.5	1.0	0.0	7
GMED	1.4	1.0	0.0	0.0	0.0	1.0	0.0	0.0	7
GNK.US	3.2	1.0	1.5	0.0	0.5	0.5	1.0	0.0	7
HAYW	2.9	1.0	1.5	0.0	0.5	1.0	0.0	0.0	7
H.US	3.2	1.5	0.5	0.0	1.0	1.5	0.0	0.0	7
GPK	3.9	0.5	2.0	0.0	1.5	1.0	0.5	0.0	7
GPOR	2.5	0.5	1.0	0.0	0.5	1.0	0.5	0.0	7
GS	3.6	1.5	0.0	0.0	2.0	1.0	0.5	0.0	7
HIG	0.7	0.0	0.5	0.0	0.0	0.5	0.0	0.0	7
HLLY	4.3	1.5	2.0	0.0	1.0	1.0	0.0	0.5	7
GSL	3.6	1.0	1.5	0.0	0.5	0.5	0.5	1.0	6
HMY	1.1	0.5	0.5	0.0	0.0	0.5	0.0	0.0	7
HAL	2.1	1.0	0.0	0.0	0.5	1.0	0.5	0.0	7
HOG	3.2	1.5	0.5	0.0	0.5	2.0	0.0	0.0	7
HCC	1.8	0.5	0.0	0.0	0.0	1.5	0.5	0.0	7
HP	2.1	0.5	0.5	0.0	0.5	1.0	0.5	0.0	7
HDB	3.6	0.0	2.0	0.0	1.0	1.0	1.0	0.0	6
HGTY	3.6	1.0	1.5	0.0	0.5	0.5	0.5	1.0	7
HIPO	2.1	1.5	0.0	0.0	0.0	1.0	0.5	0.0	7
HRI	3.9	2.0	0.0	0.0	2.0	1.0	0.5	0.0	7
HLF	1.8	0.5	0.0	0.0	1.0	1.0	0.0	0.0	6
HVT	2.5	1.0	1.0	0.0	0.5	1.0	0.0	0.0	7
HY	3.6	1.5	0.0	0.0	1.0	1.5	0.5	0.5	7
IBP	5.4	1.5	2.0	0.0	1.5	1.5	1.0	0.0	7
IAG.US	2.5	2.0	0.0	0.0	0.0	0.5	1.0	0.0	7
ICL	3.2	1.0	1.0	0.0	0.5	1.0	0.0	1.0	6
IDT	2.1	0.5	1.5	0.0	0.0	1.0	0.0	0.0	7
HPQ	2.9	1.0	0.5	0.0	1.0	1.0	0.5	0.0	6
HSBC	2.1	0.5	0.5	0.0	1.0	1.0	0.0	0.0	6
HTZ	6.4	2.0	1.5	2.0	1.0	1.5	0.0	1.0	6
INFQ	1.4	1.0	0.5	0.0	0.0	0.5	0.0	0.0	6
IIPR	3.2	1.5	0.5	0.0	0.5	2.0	0.0	0.0	7
IHG	2.9	1.0	0.5	0.0	1.0	0.5	1.0	0.0	6
HUM	3.6	0.5	1.5	1.0	0.5	1.0	0.5	0.0	7
INSW	1.8	0.0	1.5	0.0	0.0	1.0	0.0	0.0	7
IR	2.5	1.0	0.5	0.0	0.5	1.0	0.5	0.0	7
HLX	4.6	1.0	1.5	1.0	1.0	1.0	0.0	1.0	4
IRT	2.9	1.0	1.0	0.0	0.5	1.0	0.5	0.0	7
IX	2.1	0.5	0.5	0.0	1.0	0.5	0.5	0.0	7
IVR	4.6	1.5	2.0	0.0	2.0	1.0	0.0	0.0	7
HTGC	2.5	0.5	0.0	0.0	1.0	1.5	0.5	0.0	7
IFF	2.9	1.0	0.5	0.0	0.5	2.0	0.0	0.0	7
JELD	3.6	2.0	0.5	0.0	1.0	1.0	0.5	0.0	6
INGR	2.9	0.5	1.5	0.0	0.5	1.5	0.0	0.0	7
JMKE	4.3	1.0	2.0	0.0	0.5	1.0	1.5	0.0	6
INVX	2.9	1.0	0.5	0.0	0.0	1.0	1.0	0.5	7
JOE	3.2	1.5	0.5	0.0	0.5	1.5	0.5	0.0	7
KBR	2.5	0.0	0.5	0.0	1.5	1.5	0.0	0.0	7
KAI	2.9	1.5	0.5	0.0	0.5	1.5	0.0	0.0	7
KEN	3.2	0.0	0.5	0.0	1.0	1.0	1.0	1.0	6
ITT	3.6	1.5	0.0	0.0	0.5	2.0	0.0	1.0	6
KFY	1.8	1.5	0.0	0.0	0.0	1.0	0.0	0.0	7
KIM	3.2	1.0	0.5	0.0	1.0	1.5	0.5	0.0	7
JBTM	3.2	1.0	1.5	0.0	0.5	1.5	0.0	0.0	7
KEY	2.1	1.0	0.0	0.0	1.0	0.5	0.5	0.0	6
JBI	4.3	1.5	1.5	0.0	1.0	1.0	1.0	0.0	7
KNX	2.9	1.5	0.0	0.0	0.5	1.0	1.0	0.0	7
KRG	3.2	1.0	0.5	0.0	1.0	1.5	0.5	0.0	7
JKS	4.3	0.0	2.0	0.0	1.0	1.0	1.0	1.0	7
KLC	5.7	1.0	2.0	0.0	2.0	1.0	0.5	1.5	6
KNF	3.2	0.5	1.5	0.0	1.0	1.0	0.5	0.0	7
IP.US	3.2	1.0	1.0	0.0	0.5	2.0	0.0	0.0	7
KOF	2.1	0.5	0.5	0.0	0.5	0.5	0.0	1.0	6
LAW	3.6	2.0	0.5	0.0	0.0	1.5	0.0	1.0	7
KR	2.5	0.0	0.5	0.0	2.0	1.0	0.0	0.0	7
LAD	3.9	1.5	0.5	0.0	2.0	1.5	0.0	0.0	7
LCTX	3.9	1.5	1.5	0.0	0.0	2.0	0.0	0.5	7
KSS	3.6	1.5	0.0	0.0	1.5	1.5	0.5	0.0	7
KVUE	1.1	0.0	0.0	0.0	1.0	0.5	0.0	0.0	7
LION	3.6	1.0	0.0	0.0	1.0	1.0	1.0	1.0	2
LH	2.9	1.0	0.5	0.0	0.5	1.0	1.0	0.0	7
LMND	4.3	2.0	1.5	0.0	0.5	2.0	0.0	0.0	7
LOMA	2.1	0.5	0.0	1.0	0.0	0.5	0.0	1.0	7
LNG	2.1	0.0	0.5	0.0	1.5	0.5	0.5	0.0	7
LSPD	2.5	1.5	0.0	0.0	0.0	1.5	0.0	0.5	7
KMT	2.9	1.5	0.0	0.0	0.5	1.0	1.0	0.0	7
LTM	3.9	1.0	0.5	0.0	2.0	1.0	0.0	1.0	6
KWY	3.9	0.0	1.0	0.0	1.5	2.0	0.0	1.0	7
LXP	2.9	1.0	1.5	0.0	0.5	0.5	0.5	0.0	7
LVS	5.0	0.5	2.0	0.0	2.0	1.0	0.5	1.0	7
LZB	3.6	1.5	1.5	0.0	0.5	0.5	1.0	0.0	7
LYG	2.9	1.0	0.0	0.0	1.0	0.0	2.0	0.0	6
LBRT	1.8	0.5	0.0	0.0	1.0	1.0	0.0	0.0	7
MA	2.5	0.5	0.5	0.0	2.0	0.5	0.0	0.0	7
LEA	2.1	1.5	0.0	0.0	0.5	1.0	0.0	0.0	7
MAX	3.2	1.0	0.5	0.0	1.0	1.0	0.0	1.0	6
MAGN	2.9	1.0	0.0	0.0	1.5	1.0	0.5	0.0	6
MAN	1.8	0.5	0.5	0.0	0.5	1.0	0.0	0.0	7
MAS	2.9	1.5	0.0	0.0	1.0	1.0	0.5	0.0	6
MC	3.6	2.0	1.0	0.0	0.5	1.5	0.0	0.0	7
MFA	5.4	1.5	1.5	1.0	2.0	1.0	0.5	0.0	7
MCK	2.1	0.0	0.5	0.0	1.0	1.0	0.5	0.0	6
LPL	3.9	1.5	1.0	0.0	1.5	0.5	0.5	0.5	7
MGY	2.5	0.5	0.5	0.0	0.0	1.5	0.5	0.5	7
LUMN	4.3	2.0	1.5	0.0	1.0	1.0	0.5	0.0	6
MEI	2.9	1.5	0.5	0.0	0.5	1.0	0.5	0.0	7
MDU	3.2	0.0	1.0	0.0	1.0	2.0	0.5	0.0	7
MCY	2.9	1.0	0.5	0.0	0.5	1.0	0.0	1.0	6
MG	3.9	1.0	1.5	0.0	1.0	1.0	0.0	1.0	7
MHO	3.2	1.5	0.5	0.0	0.5	1.5	0.5	0.0	7
MP	3.9	2.0	1.0	0.0	0.5	1.5	0.5	0.0	7
MMS	3.2	0.5	1.5	0.0	1.0	1.5	0.0	0.0	7
MKL	2.5	0.5	1.5	0.0	0.0	1.0	0.5	0.0	7
MIR.US	4.6	1.0	1.5	1.0	0.5	2.0	0.5	0.0	7
MRP	5.0	1.0	1.5	2.0	0.5	1.5	0.5	0.0	6
MS	3.6	1.5	0.0	0.0	2.0	1.0	0.0	0.5	7
MSDL	4.3	0.5	2.0	0.0	1.0	1.5	0.0	1.0	6
MTN	2.9	0.5	0.0	0.0	2.0	1.5	0.0	0.0	7
MTDR	2.1	1.0	0.0	0.0	0.5	1.5	0.0	0.0	7
MTW	3.6	1.5	1.5	0.0	0.5	1.0	0.5	0.0	7
MUX	2.9	1.5	0.5	0.0	0.0	2.0	0.0	0.0	7
MOH	2.1	0.5	0.0	0.0	1.0	1.0	0.5	0.0	7
MPT	4.6	1.5	1.5	0.0	1.5	2.0	0.0	0.0	7
MLR	2.1	1.0	0.5	0.0	0.0	1.0	0.5	0.0	7
NCLH	5.4	2.0	1.0	0.0	2.0	1.5	1.0	0.0	7
MT.US	2.1	1.5	0.5	0.0	0.0	0.5	0.5	0.0	7
NEM	1.4	0.5	0.5	0.0	0.0	0.5	0.5	0.0	7
MXL	3.2	2.0	1.0	0.0	0.5	0.5	0.5	0.0	7
MO	1.4	0.0	0.0	0.0	1.0	1.0	0.0	0.0	6
NGG	2.5	0.5	1.0	0.0	1.0	0.5	0.5	0.0	7
NABL	2.5	0.0	0.5	0.0	0.5	0.5	0.5	1.5	7
NGVT	4.3	1.0	1.0	0.0	2.0	1.5	0.5	0.0	7
NI	2.1	0.5	1.0	0.0	1.0	0.5	0.0	0.0	7
NIQ	3.9	1.0	0.5	0.0	1.0	1.0	1.0	1.0	2
NATL	3.6	0.5	1.0	0.0	2.0	1.5	0.0	0.0	7
MSGS	3.6	0.5	1.0	0.0	1.0	1.5	1.0	0.0	6
NOAH	4.6	1.0	2.0	2.0	0.0	0.5	0.0	1.0	7
NMR.US	3.2	0.5	0.5	0.0	2.0	0.5	1.0	0.0	7
NOV	2.5	1.0	0.5	0.0	0.5	1.5	0.0	0.0	7
NRGV	3.9	1.5	0.5	0.0	2.0	1.5	0.0	0.0	7
MUFG	1.8	0.0	1.0	0.0	1.0	0.5	0.0	0.0	6
NEXA	2.5	1.0	0.0	0.0	1.0	0.0	0.0	1.5	7
NLOP	3.6	1.0	2.0	0.0	0.0	1.5	0.5	0.0	7
NOK	1.4	0.5	0.0	0.0	0.0	0.0	1.0	0.5	7
NPK	2.1	0.0	1.5	0.0	0.0	0.5	0.5	0.5	7
NWG	2.1	1.0	0.5	0.0	1.0	0.0	0.5	0.0	6
NPWR	3.6	1.0	2.0	0.0	0.0	1.0	0.0	1.0	7
NXDR	1.8	1.5	0.0	0.0	0.0	1.0	0.0	0.0	7
NXRT	5.4	1.5	1.5	0.0	2.0	1.0	1.5	0.0	7
ODC	3.2	0.5	0.5	1.0	0.0	1.5	0.0	1.0	6
NUS	3.6	1.0	2.0	0.0	0.5	1.5	0.0	0.0	7
NVS	1.1	0.0	0.0	0.0	1.0	0.5	0.0	0.0	7
OMC	2.5	0.5	0.0	0.0	1.0	2.0	0.0	0.0	7
OBDC	4.6	0.5	1.5	1.0	1.0	1.5	0.0	1.0	6
NTST	4.6	1.0	1.5	0.0	1.0	1.5	1.5	0.0	7
NVGS	3.2	0.0	1.0	0.0	0.5	1.0	1.0	1.0	7
ONL	2.5	1.5	0.0	0.0	0.5	1.5	0.0	0.0	7
OFRM	3.9	1.0	1.0	0.0	0.0	2.0	0.0	1.5	6
ONTO	2.1	1.5	0.5	0.0	0.5	0.5	0.0	0.0	7
OPFI	4.6	1.5	2.0	0.0	0.5	1.0	0.0	1.5	7
OII	3.2	1.5	0.5	0.0	0.5	1.5	0.5	0.0	7
ORN	3.9	1.5	1.0	0.0	1.0	1.5	0.5	0.0	7
ORC	5.4	1.5	2.0	1.0	2.0	1.0	0.0	0.0	7
OKLO	4.6	1.5	2.0	1.0	0.0	1.0	1.0	0.0	7
OPY	3.9	1.0	1.5	0.0	1.0	0.0	1.0	1.0	7
OSK	2.5	1.5	0.5	0.0	0.0	1.0	0.5	0.0	7
PANW	2.5	1.0	1.5	0.0	0.0	1.0	0.0	0.0	7
PAG	4.3	1.0	0.5	0.0	1.5	1.5	0.0	1.5	7
PATH	1.4	1.0	0.0	0.0	0.0	0.5	0.5	0.0	7
OXM	3.9	1.0	1.5	0.0	1.0	1.5	0.5	0.0	7
PCRX	2.1	0.0	0.5	0.0	0.5	2.0	0.0	0.0	7
PB	2.1	0.5	0.0	0.0	1.0	1.0	0.5	0.0	6
PBH	3.2	0.0	1.0	0.0	1.0	2.0	0.5	0.0	7
PEB	4.6	1.5	1.5	0.0	1.0	1.5	1.0	0.0	7
PFSI	5.7	1.5	2.0	0.0	2.0	1.5	0.0	1.0	7
PH	2.1	1.0	0.5	0.0	0.5	0.5	0.5	0.0	7
PII	4.3	1.5	1.0	0.0	1.5	1.5	0.5	0.0	7
OGS	2.9	0.5	1.0	0.0	1.0	1.5	0.0	0.0	7
OUT	4.3	1.5	0.5	0.0	2.0	1.5	0.5	0.0	7
P	2.9	1.5	1.5	0.0	0.0	0.5	0.5	0.0	7
PM	1.8	0.0	0.5	0.0	1.0	1.0	0.0	0.0	6
PNFP	2.1	1.0	0.0	0.0	1.0	1.0	0.0	0.0	6
POR	3.2	0.5	1.5	0.0	1.0	1.5	0.0	0.0	7
PPL	2.5	0.5	1.0	0.0	1.0	1.0	0.0	0.0	7
PHIN	3.2	1.0	0.5	0.0	0.5	2.0	0.5	0.0	7
PFE	1.4	0.0	0.5	0.0	0.5	1.0	0.0	0.0	7
PRI	2.1	1.0	0.0	0.0	0.5	1.5	0.0	0.0	7
PIPR	3.2	1.5	1.5	0.0	0.0	1.0	0.5	0.0	7
PSA	3.2	1.0	0.5	0.0	1.0	1.5	0.5	0.0	7
PSX	2.9	0.5	1.5	0.0	0.5	0.5	1.0	0.0	7
PL	3.2	2.0	1.0	0.0	1.0	0.5	0.0	0.0	7
PSO	1.8	0.0	0.5	0.0	0.5	1.0	0.5	0.0	7
PVH	2.5	1.5	0.0	0.0	1.0	1.0	0.0	0.0	7
PLNT	3.6	1.0	1.5	0.0	1.0	1.0	0.5	0.0	6
RACE	2.1	0.5	0.0	0.0	1.0	1.5	0.0	0.0	7
PRKS	4.6	1.5	0.5	0.0	1.0	2.0	0.0	1.5	6
RC	5.4	1.5	2.0	0.0	2.0	2.0	0.0	0.0	7
PKE	0.7	0.0	0.0	0.0	0.0	1.0	0.0	0.0	7
PRMB	3.2	0.5	0.0	0.0	1.5	1.5	0.5	0.5	7
REZI	4.3	1.5	1.5	0.0	1.0	1.0	1.0	0.0	7
Q	1.4	1.0	0.0	0.0	0.5	0.5	0.0	0.0	6
RGR	1.4	0.0	1.0	0.0	0.0	1.0	0.0	0.0	7
RBA	2.9	0.5	1.0	0.0	0.5	1.5	0.5	0.0	7
RHP	4.3	1.5	0.5	0.0	2.0	1.0	1.0	0.0	7
QUAD.US	4.3	1.0	0.5	0.0	2.0	1.0	1.0	0.5	7
RL	2.5	1.5	0.0	0.0	1.0	1.0	0.0	0.0	7
REI	1.8	1.0	0.0	0.0	0.5	0.5	0.5	0.0	7
RMAX	5.0	2.0	0.5	1.0	1.0	1.0	1.0	0.5	5
RLJ	3.2	1.0	0.5	0.0	1.0	1.5	0.0	0.5	7
RCUS	2.5	1.0	0.0	0.0	0.5	1.5	0.0	0.5	7
RDW.US	3.2	2.0	0.5	1.0	0.0	1.0	0.0	0.0	7
RNGR	0.7	0.0	0.0	0.0	0.0	0.5	0.0	0.5	7
RRC	1.8	0.5	0.0	0.0	0.0	1.5	0.5	0.0	7
RVTY	2.5	1.0	1.0	0.0	0.5	1.0	0.0	0.0	7
RY	2.5	1.0	0.5	0.0	1.0	0.5	0.5	0.0	6
RTO.US	2.9	0.0	1.5	0.0	1.0	0.5	1.0	0.0	7
RYZ	2.9	1.5	0.0	0.0	1.0	1.0	0.5	0.0	7
SAM	3.2	1.0	1.5	0.0	0.0	1.5	0.5	0.0	7
SARO	5.0	1.0	2.0	0.0	1.0	1.5	1.0	0.5	7
SCHW	2.1	0.5	0.0	0.0	1.5	0.5	0.5	0.0	7
ROG	1.4	0.0	1.0	0.0	0.0	1.0	0.0	0.0	7
RSG	1.8	0.0	0.0	0.0	1.0	1.0	0.5	0.0	7
RPC.US	3.2	1.0	0.5	0.0	1.0	1.5	0.0	0.5	7
RES	2.9	1.0	0.0	0.0	0.0	1.5	0.0	1.5	7
SFBS	2.9	1.0	0.0	0.0	1.0	2.0	0.0	0.0	6
SHAK	3.6	1.5	1.0	0.0	1.5	1.0	0.0	0.0	7
SHW	3.2	1.0	0.5	0.0	2.0	1.0	0.0	0.0	7
SA	3.2	2.0	0.5	0.0	0.5	1.5	0.0	0.0	7
SBSI	2.1	0.5	0.0	0.0	1.0	1.5	0.0	0.0	6
RITM	4.6	1.0	1.5	0.0	2.0	1.5	0.5	0.0	7
SKT	4.3	1.0	0.5	1.0	2.0	1.5	0.0	0.0	7
SE	3.9	1.5	1.0	1.0	0.5	1.0	0.0	0.5	7
SEI.US	3.2	1.5	0.5	0.0	1.5	1.0	0.0	0.0	7
SITE	4.3	1.5	2.0	0.0	0.5	1.0	1.0	0.0	7
SNAP	2.9	1.0	0.5	0.0	1.5	0.5	0.0	0.5	7
SLF	2.5	0.5	0.5	0.0	0.5	1.0	1.0	0.0	7
SNOW	3.2	1.5	1.0	0.0	1.0	1.0	0.0	0.0	7
SOBO	3.2	1.0	0.0	0.0	1.5	2.0	0.0	0.0	7
SMBK	3.2	0.5	1.0	0.0	1.0	1.0	1.0	0.0	6
SLVM	4.3	0.5	1.5	0.0	1.0	2.0	0.5	0.5	7
SCM	4.3	0.5	1.5	0.0	1.5	1.0	0.5	1.0	6
SPNT	2.1	0.5	0.5	0.0	0.5	1.5	0.0	0.0	7
SRFM	5.0	2.0	1.5	0.0	1.0	1.5	0.5	0.5	6
SPGI	2.9	1.0	1.0	0.0	0.5	1.0	0.5	0.0	7
SMP.US	3.2	1.0	0.5	0.0	1.0	1.5	0.5	0.0	7
SSB	1.8	0.5	0.0	0.0	1.0	1.0	0.0	0.0	6
STAG	3.2	1.0	1.5	0.0	1.0	1.0	0.0	0.0	7
SMWB	5.0	1.5	1.0	0.0	1.5	0.5	1.5	1.0	7
STE	2.1	1.0	0.5	0.0	0.0	1.0	0.5	0.0	7
SSMR	3.6	1.0	0.0	0.0	0.0	1.0	1.5	1.5	6
STT	3.2	1.5	0.5	0.0	1.0	1.0	0.5	0.0	6
SXC	3.2	1.0	1.0	0.0	1.0	1.0	0.5	0.0	7
SUI.US	2.9	0.5	1.5	0.0	0.5	0.5	1.0	0.0	7
SON	2.1	0.0	0.0	0.0	1.0	2.0	0.0	0.0	7
SQM	1.8	1.0	0.0	0.0	0.5	0.5	0.0	0.5	7
STWD	4.3	1.0	1.5	0.0	2.0	1.0	0.5	0.0	7
SW	2.1	1.0	0.0	0.0	0.5	1.0	0.5	0.0	7
STM.US	1.8	1.5	0.0	0.0	0.0	0.5	0.0	0.5	7
TD	3.2	1.0	1.0	0.0	1.0	1.0	0.5	0.0	6
TDG	3.9	1.0	1.5	0.0	1.0	1.0	1.0	0.0	6
TDW	2.5	0.5	0.5	0.0	0.5	2.0	0.0	0.0	7
SPB	2.5	0.5	0.0	0.0	0.5	2.0	0.5	0.0	7
TAL	1.1	0.0	0.5	0.0	0.0	1.0	0.0	0.0	7
TFPM	1.8	0.0	0.5	0.0	0.0	0.5	0.0	1.5	7
TGLS	5.0	1.5	2.0	0.0	0.0	1.5	1.0	1.0	7
THC	3.2	1.0	1.0	0.0	1.5	0.5	0.5	0.0	7
TBBB	3.9	0.0	2.0	0.0	2.0	1.0	0.0	0.5	7
TIC	4.6	2.0	0.5	0.0	1.0	2.0	0.0	1.0	7
SYF	2.9	1.5	0.5	0.0	1.0	1.0	0.0	0.0	6
TECK	2.9	1.5	1.0	0.0	0.5	1.0	0.0	0.0	7
TEX	2.9	1.5	0.0	0.0	0.5	1.5	0.5	0.0	7
T.US	1.8	0.0	0.0	0.0	1.0	1.0	0.5	0.0	7
TOPS	5.7	2.0	2.0	0.0	2.0	1.0	0.0	1.0	7
TEN.US	2.9	0.0	1.5	0.0	1.0	0.0	1.0	0.5	7
TNK	2.5	0.0	1.5	0.0	0.0	0.5	1.0	0.5	7
TPC	2.5	2.0	0.0	0.0	0.5	1.0	0.0	0.0	7
TPVG	4.6	1.5	1.0	0.0	1.0	2.0	0.0	1.0	6
TREX	2.5	1.5	0.0	0.0	0.5	1.5	0.0	0.0	7
TRV	1.1	0.0	0.5	0.0	0.0	1.0	0.0	0.0	7
TRP	4.3	1.0	0.0	0.0	1.5	2.0	1.5	0.0	7
TKR	2.5	1.0	0.5	0.0	0.5	1.0	0.5	0.0	7
TK	2.1	0.0	1.5	0.0	0.0	1.0	0.0	0.5	7
TSLX	3.6	0.5	0.5	0.0	1.0	2.0	0.0	1.0	6
TV	4.3	1.0	1.5	0.0	0.5	0.5	1.5	1.0	7
TX	2.5	1.0	1.5	0.0	0.0	0.0	0.0	1.0	6
TTE	2.5	0.0	0.5	1.0	0.5	1.0	0.5	0.0	7
TYL	2.5	1.0	0.5	0.0	0.5	1.0	0.5	0.0	7
UDR	3.2	0.5	1.5	0.0	1.5	0.5	0.5	0.0	7
TMP	2.9	0.5	1.0	0.0	1.0	1.0	0.5	0.0	6
UL.US	2.9	0.0	0.5	0.0	1.5	0.5	1.5	0.0	7
TM	1.8	0.0	0.5	0.0	1.0	1.0	0.0	0.0	7
TT	2.5	1.0	0.5	0.0	0.5	1.0	0.5	0.0	7
TRN.US	4.3	1.5	1.0	0.0	2.0	1.5	0.0	0.0	7
UMH	2.5	1.0	0.0	0.0	1.0	1.5	0.0	0.0	7
UNH	1.4	0.5	0.0	0.0	0.5	0.5	0.5	0.0	7
USFD	2.1	1.0	0.0	0.0	1.0	1.0	0.0	0.0	7
UP	6.1	2.0	2.0	0.0	1.0	1.5	0.0	2.0	6
UUUU	4.6	2.0	2.0	0.0	1.0	1.5	0.0	0.0	7
UWMC	5.7	2.0	1.5	0.0	2.0	1.5	0.5	0.5	7
UHS	2.1	1.0	0.5	0.0	0.5	1.0	0.0	0.0	7
VGNT	3.9	1.0	1.0	0.0	2.0	1.0	0.5	0.0	6
VET.US	2.5	0.5	0.0	0.0	0.5	1.5	1.0	0.0	7
VIK	3.6	1.5	0.0	0.0	2.0	0.5	0.5	0.5	7
URI	3.9	2.0	0.5	0.0	1.5	1.0	0.5	0.0	7
UAA	3.6	1.5	1.0	0.0	1.0	1.5	0.0	0.0	7
UBER	2.5	1.5	1.0	0.0	0.5	0.5	0.0	0.0	7
UFI	1.8	0.5	0.0	0.0	0.5	0.5	1.0	0.0	7
UTI	3.6	1.0	1.5	0.0	1.0	1.0	0.5	0.0	7
VLTO	1.8	0.5	0.0	0.0	1.0	1.0	0.0	0.0	7
VRT	2.1	2.0	0.0	0.0	0.5	0.5	0.0	0.0	7
VST	5.0	1.5	1.0	2.0	2.0	0.5	0.0	0.0	7
VTEX	2.5	1.0	0.0	0.0	0.0	0.5	1.0	1.0	7
VOYA.US	2.9	1.0	1.0	0.0	0.5	1.0	0.5	0.0	7
VAL.US	1.8	1.0	0.0	0.0	0.5	1.0	0.0	0.0	7
WAT	3.6	1.0	1.5	1.0	0.5	1.0	0.0	0.0	7
VIST	1.4	0.0	0.5	0.0	1.0	0.5	0.0	0.0	7
WDS	2.5	0.0	0.5	0.0	0.5	1.5	0.0	1.0	6
VLN	2.1	1.5	0.5	0.0	0.0	0.5	0.0	0.5	7
VMRK	3.9	0.5	1.0	0.0	0.5	0.5	2.0	1.0	6
WHR	4.3	1.0	2.0	0.0	1.5	1.5	0.0	0.0	7
VTR	2.5	0.5	0.0	0.0	1.0	1.5	0.5	0.0	7
WKC	3.9	1.5	0.5	0.0	0.5	2.0	1.0	0.0	7
W.US	3.2	2.0	0.5	0.0	1.0	1.0	0.0	0.0	6
WCC	3.2	1.5	1.5	0.0	1.0	0.5	0.0	0.0	7
WF	2.1	0.5	0.5	0.0	1.0	0.5	0.5	0.0	6
WPP	2.9	0.5	0.5	0.0	2.0	1.0	0.0	0.0	7
WH	3.6	0.5	1.0	0.0	2.0	1.5	0.0	0.0	7
WS	3.9	2.0	0.0	1.0	0.0	1.5	1.0	0.0	7
WELL.US	2.1	0.5	0.5	0.0	0.5	1.5	0.0	0.0	7
WST	2.9	1.0	1.5	0.0	0.0	1.0	0.5	0.0	7
XHR	2.5	1.0	0.0	0.0	1.0	1.0	0.5	0.0	7
WM	1.8	0.0	0.5	0.0	1.5	0.5	0.0	0.0	7
VVX	1.4	0.0	0.0	0.0	1.0	1.0	0.0	0.0	7
WMS	3.9	1.5	1.5	0.0	1.0	1.0	0.5	0.0	7
YELP	2.5	0.0	1.5	0.0	0.0	1.5	0.5	0.0	7
XYZ	2.9	2.0	0.5	0.0	0.5	1.0	0.0	0.0	7
WOR	3.2	1.0	0.5	0.0	0.5	1.0	1.0	0.5	7
ZBH	1.1	0.0	0.0	0.0	0.5	1.0	0.0	0.0	7
ZGN	5.0	1.0	0.0	0.0	1.0	1.5	1.5	2.0	7
ZIP	2.5	1.5	0.0	0.0	1.0	0.5	0.5	0.0	6
XPER	3.6	1.0	1.5	0.0	0.0	2.0	0.5	0.0	7
XPOF	4.6	1.0	1.0	0.0	1.0	2.0	0.5	1.0	6
ZWS	2.1	1.0	0.0	0.0	0.5	1.5	0.0	0.0	7
OCSL	3.2	0.5	0.5	0.0	1.0	1.5	0.0	1.0	6
OBT	2.1	0.0	1.0	0.0	1.0	1.0	0.0	0.0	6
ODFL	2.1	1.5	0.0	0.0	0.0	1.0	0.5	0.0	7
OFLX	3.2	0.0	1.5	0.0	0.0	1.0	0.5	1.5	7
OLLI	1.4	0.0	0.0	0.0	0.5	1.0	0.5	0.0	7
YMM	1.1	0.0	1.0	0.0	0.0	0.5	0.0	0.0	7
YXT	6.1	2.0	2.0	0.0	1.5	0.0	1.5	1.5	7
YSS	3.6	1.0	2.0	0.0	0.0	0.5	0.5	1.0	6
ONC	3.2	0.5	1.0	0.0	0.5	1.0	1.0	0.5	7
OMAB	3.9	0.0	1.5	0.0	1.5	1.0	1.5	0.0	7
OPENL	6.1	2.0	2.0	0.0	1.5	1.0	1.0	1.0	4
WTRG	2.5	0.5	0.0	0.0	1.0	1.0	1.0	0.0	7
WU	4.3	0.5	1.5	0.0	2.0	1.5	0.5	0.0	7
ORKA	1.4	0.0	0.5	0.0	0.0	1.5	0.0	0.0	7
OSIS	3.9	1.5	1.5	0.0	1.0	1.5	0.0	0.0	7
OTEX	3.6	1.0	1.0	0.0	1.0	2.0	0.0	0.0	7
OZK	4.3	1.0	0.0	2.0	1.0	2.0	0.0	0.0	6
OKTA	2.5	0.5	1.5	0.0	0.0	0.5	1.0	0.0	7
TGS.OL	2.1	0.0	0.5	0.0	0.5	1.0	1.0	0.0	5
AMLIF	3.9	2.0	2.0	0.0	0.0	0.5	1.0	0.0	7
OMER	4.3	2.0	1.0	0.0	1.0	1.5	0.5	0.0	6
OPAL	3.9	0.5	1.0	0.0	1.0	2.0	0.0	1.0	7
CNDA	3.2	0.0	2.0	1.0	1.0	0.0	0.5	0.0	5
OPK	3.9	1.5	0.5	0.0	0.5	2.0	0.0	1.0	7
OPRX	3.2	1.5	0.5	0.0	0.0	1.5	0.5	0.5	7
FTCHQ	4.3	2.0	1.5	0.0	1.5	0.0	1.0	0.0	7
OUST	2.1	2.0	0.0	0.0	0.0	1.0	0.0	0.0	7
ATHXQ	5.0	2.0	2.0	0.0	1.0	0.0	2.0	0.0	6
BIGGQ	4.3	2.0	2.0	0.0	1.0	1.0	0.0	0.0	6
LOGC	4.6	2.0	1.5	0.0	0.0	1.5	0.5	1.0	7
EVCO	3.2	0.0	2.0	0.0	1.0	0.5	1.0	0.0	6
MTBLY	5.0	2.0	1.0	0.0	0.5	0.0	2.0	1.5	7
GOEVQ	5.7	2.0	2.0	0.0	0.5	0.0	2.0	1.5	7
SBNY	4.3	2.0	1.0	0.0	1.0	0.5	1.5	0.0	6
STB.OL	3.2	0.5	0.5	0.0	1.5	1.0	1.0	0.0	5
SICP	2.9	2.0	0.0	0.0	1.0	0.5	0.5	0.0	6
SRNE	3.6	0.0	2.0	1.0	1.0	1.0	0.0	0.0	6
SMNR	5.0	0.0	2.0	0.0	1.0	1.0	1.0	2.0	4
ZOMDF	3.2	1.5	1.0	0.0	0.0	2.0	0.0	0.0	7
VISL	3.9	1.0	1.0	2.0	0.0	0.5	0.5	0.5	7
PAHC	2.1	0.0	0.5	0.0	1.5	1.0	0.0	0.0	7
MARK	4.3	1.5	2.0	0.0	1.0	0.0	1.5	0.0	6
MDRX	2.1	0.5	0.0	0.0	0.0	0.0	2.0	0.5	7
PAAS	1.8	1.5	0.5	0.0	0.0	0.5	0.0	0.0	7
NTDOY	4.3	1.0	1.0	0.0	1.0	1.0	1.0	1.0	2
PCTY	1.8	0.5	0.5	0.0	0.0	1.0	0.0	0.5	7
PDD	2.5	0.0	1.5	0.0	0.0	1.0	0.0	1.0	7
SDZNY	2.1	0.0	0.5	0.0	0.5	1.0	1.0	0.0	5
PEP	2.9	0.0	1.5	0.0	1.5	1.0	0.0	0.0	7
PFIS	2.9	0.5	1.0	0.0	1.0	1.0	0.5	0.0	6
PAX	2.5	0.5	1.0	0.0	0.5	1.0	0.5	0.0	7
PAYS	3.9	1.0	2.0	0.0	0.0	0.5	1.0	1.0	7
PHUN	3.6	2.0	0.5	0.0	0.0	1.5	1.0	0.0	7
QTTOY	3.9	0.5	2.0	0.0	1.0	1.0	1.0	0.0	6
PICS	3.2	1.0	0.5	1.0	0.5	0.5	0.5	0.5	6
PDSB	3.9	1.0	0.5	0.0	1.0	0.0	2.0	1.0	6
PEGA	2.5	1.0	0.5	0.0	0.0	1.0	0.0	1.0	7
PLSE	3.9	1.5	1.0	0.0	0.0	1.0	0.5	1.5	7
PETS.US	3.6	1.0	2.0	0.0	0.0	1.5	0.0	0.5	7
PMTS	2.9	1.0	0.5	0.0	1.0	0.5	0.5	0.5	6
PONY	3.2	1.0	2.0	0.0	0.0	1.0	0.0	0.5	6
POWL	1.4	1.0	0.0	0.0	0.0	1.0	0.0	0.0	7
PGNY	1.4	1.0	0.0	0.0	0.0	1.0	0.0	0.0	7
PPLI	3.2	1.0	0.0	0.0	0.0	2.0	1.0	0.5	7
PBYI	3.9	1.5	1.5	0.0	0.0	2.0	0.0	0.5	7
PRCT	2.9	1.0	1.5	0.0	0.0	1.5	0.0	0.0	7
PRLD	2.9	1.0	0.0	0.0	0.0	1.5	0.0	1.5	7
PLAB	1.8	1.5	0.5	0.0	0.0	0.5	0.0	0.0	7
PROK	3.2	1.5	1.0	0.0	0.0	2.0	0.0	0.0	7
PLMR	1.4	0.0	0.0	0.0	0.5	1.0	0.5	0.0	7
PLUG	4.3	2.0	1.5	0.0	1.5	1.0	0.0	0.0	7
PODD	3.2	1.0	1.5	0.0	0.5	0.5	1.0	0.0	7
PSMT	1.8	0.5	0.5	0.0	0.0	1.5	0.0	0.0	7
PVLA	2.9	1.0	0.5	0.0	0.0	2.0	0.0	0.5	6
ABCA.PA	3.2	0.0	1.5	0.0	0.0	1.0	1.0	1.0	5
PRAA	3.9	1.0	0.5	0.0	2.0	1.0	1.0	0.0	7
ACAN.PA	5.0	1.0	2.0	0.0	1.0	1.0	1.0	1.0	3
ABVX.PA	2.1	0.0	0.5	0.0	0.0	1.0	1.0	0.5	5
ALAFY.PA	3.6	0.5	0.5	0.0	0.5	1.0	1.0	1.5	5
PSEC	5.0	1.0	1.5	2.0	0.5	1.0	0.0	1.0	6
PRTA	2.5	0.0	1.0	0.0	0.0	2.0	0.0	0.5	7
ALAGR.PA	3.9	1.5	0.0	0.0	1.0	1.0	1.0	1.0	5
ALAVI.PA	3.9	0.0	0.0	0.0	1.5	1.0	1.0	2.0	5
ALBIO.PA	3.6	0.5	0.0	0.0	1.5	1.0	1.0	1.0	5
PTEN	2.1	0.5	0.5	0.0	0.5	1.0	0.5	0.0	7
PTON	3.6	2.0	0.5	0.0	1.0	1.5	0.0	0.0	6
ALCAF.PA	3.2	0.0	0.0	0.0	0.5	1.0	1.0	2.0	5
ALCOG.PA	2.9	0.0	0.0	1.0	0.0	1.0	1.0	1.0	5
ALCGM.PA	3.9	0.5	0.5	0.0	1.0	1.0	1.0	1.5	5
PZZA	4.3	1.0	2.0	0.0	1.0	1.0	1.0	0.0	6
ALCLA.PA	5.4	1.0	2.0	1.0	1.0	1.0	1.0	0.5	5
ALDRV.PA	4.3	0.0	2.0	0.0	1.0	1.0	1.0	1.0	3
ALDBT.PA	5.0	1.5	0.5	0.0	2.0	1.0	1.0	1.0	4
ALECO.PA	4.6	1.5	0.0	1.0	1.0	1.0	1.0	1.0	5
ALDLT.PA	5.4	1.0	2.0	0.0	1.0	1.0	1.0	1.5	5
ALENO.PA	3.2	0.5	0.0	0.0	1.0	1.0	1.0	1.0	5
AF.PA	4.3	1.5	0.0	0.0	2.0	1.0	1.0	0.5	5
AKE.PA	3.2	1.0	0.5	0.0	0.5	1.0	1.0	0.5	5
ALGEN.PA	3.6	0.0	0.5	1.0	0.5	1.0	1.0	1.0	4
ALGIR.PA	3.2	0.0	0.5	0.0	0.5	1.0	1.0	1.5	5
ALHOP.PA	3.6	0.5	0.5	0.0	1.0	1.0	1.0	1.0	4
ALHRS.PA	4.3	1.0	1.0	0.0	1.0	1.0	1.0	1.0	4
ALIMP.PA	5.0	0.5	2.0	0.0	1.0	1.0	1.0	1.5	4
ALINV.PA	2.9	0.5	0.5	0.0	0.5	1.0	1.0	0.5	5
ALCRB.PA	3.9	1.5	2.0	0.0	0.0	1.0	1.0	0.0	5
ALESE.PA	2.9	0.0	0.0	0.0	1.0	1.0	1.0	1.0	4
ALFRE.PA	4.3	1.0	0.5	0.0	0.5	1.0	1.0	2.0	5
ALKAL.PA	3.9	2.0	0.5	0.0	0.0	1.0	1.0	1.0	4
ALKLA.PA	2.5	0.5	0.5	0.0	0.5	1.0	1.0	0.0	5
ALLOG.PA	4.6	0.5	0.5	2.0	0.5	1.0	1.0	1.0	4
ALMOU.PA	2.9	0.5	0.0	0.0	0.5	1.0	1.0	1.0	4
ALHF.PA	3.9	0.0	1.5	0.0	1.0	1.0	1.0	1.0	4
ALNRG.PA	2.9	0.0	0.5	0.0	1.0	1.0	1.0	0.5	4
ALIBR.PA	3.6	1.5	0.5	0.0	1.0	1.0	1.0	0.0	4
ALBOA.PA	3.2	0.0	2.0	0.0	0.5	1.0	1.0	0.0	5
ALNXT.PA	3.9	1.0	1.0	1.0	0.0	1.0	1.0	0.5	4
ALPDX.PA	5.4	1.0	0.5	2.0	0.5	1.0	1.0	1.5	5
ALFLO.PA	3.6	0.0	1.0	0.0	1.0	1.0	1.0	1.0	4
ALPRG.PA	2.1	0.0	0.0	0.0	0.0	1.0	1.0	1.0	4
ALMIN.PA	3.6	1.0	1.0	0.0	0.0	1.0	1.0	1.0	4
ALMDG.PA	3.2	0.0	1.5	0.0	0.0	1.0	1.0	1.0	4
ALSMA.PA	4.3	0.5	0.5	0.0	1.0	1.0	1.0	2.0	5
ALNFL.PA	6.4	1.5	2.0	1.0	1.5	1.0	1.0	1.0	4
ALLDL.PA	3.6	1.0	1.0	0.0	0.5	1.0	1.0	0.5	5
ALTHO.PA	5.0	1.0	2.0	0.0	1.0	1.0	1.0	1.0	2
ALTA.PA	5.4	1.0	2.0	0.0	1.0	1.0	1.0	1.5	5
ALTOO.PA	6.1	1.5	2.0	0.0	1.0	1.0	1.0	2.0	4
ALOKW.PA	5.0	0.0	1.5	0.0	2.0	1.0	1.0	1.5	5
ALORD.PA	3.2	0.0	1.0	0.0	0.5	1.0	1.0	1.0	4
ALVU.PA	3.6	1.0	0.0	0.0	0.5	1.0	1.0	1.5	5
ALWIN.PA	5.0	2.0	1.0	0.0	1.0	1.0	1.0	1.0	3
ALPWG.PA	2.5	0.0	1.5	0.0	0.0	1.0	1.0	0.0	5
ALRPD.PA	3.2	0.0	1.5	0.0	0.0	1.0	1.0	1.0	4
ATE.PA	2.9	1.0	1.0	0.0	0.0	1.0	1.0	0.0	5
AUB.PA	2.9	1.0	0.0	0.0	0.0	1.0	1.0	1.0	4
ALTUV.PA	3.2	0.0	2.0	0.0	0.5	1.0	1.0	0.0	5
ALUPG.PA	3.9	0.0	1.0	0.0	0.5	1.0	1.0	2.0	5
ALVDM.PA	5.4	0.5	2.0	1.0	0.0	1.0	1.0	2.0	5
BIM.PA	3.9	0.5	0.5	1.0	0.0	1.0	1.0	1.5	5
AM.PA	3.6	0.0	0.5	1.0	0.0	1.0	1.0	1.5	5
ALSPW.PA	4.3	0.0	2.0	0.0	1.0	1.0	1.0	1.0	3
AYV.PA	6.1	1.0	2.0	0.0	2.0	1.0	1.0	1.5	5
BB.PA	2.9	0.0	1.0	0.0	0.0	1.0	1.0	1.0	5
CDA.PA	5.0	1.0	2.0	0.0	1.0	1.0	1.0	1.0	5
CIV.PA	3.6	0.5	0.5	0.0	1.0	1.0	1.0	1.0	4
COTY.PA	4.3	1.0	0.0	1.0	1.0	1.0	1.0	1.0	5
BON.PA	3.6	0.0	1.5	0.0	1.0	1.0	1.0	0.5	5
BVI.PA	4.3	0.5	0.5	1.0	1.5	1.0	1.0	0.5	5
BNP.PA	2.9	1.0	0.0	0.0	1.0	1.0	1.0	0.0	4
CAP.PA	2.9	0.5	0.5	0.0	1.0	1.0	1.0	0.0	5
ARAMI.PA	4.3	0.5	1.0	0.0	1.0	1.0	1.0	1.5	5
CRI.PA	5.7	1.5	1.5	0.0	1.5	1.0	1.0	1.5	5
CRSU.PA	2.5	0.0	0.5	0.0	1.0	1.0	1.0	0.0	4
CVX.PA	4.6	1.0	0.5	0.0	1.0	1.0	1.0	2.0	3
EAPI.PA	4.3	1.0	2.0	0.0	0.0	1.0	1.0	1.0	5
DIM.PA	5.0	1.0	1.0	1.0	0.5	1.0	1.0	1.5	5
DEC.PA	6.1	1.0	1.5	1.0	1.5	1.0	1.0	1.5	5
CBOT.PA	5.0	0.0	2.0	2.0	0.5	1.0	1.0	0.5	5
EXE.PA	5.4	1.0	2.0	0.0	0.5	1.0	1.0	2.0	5
FDE.PA	4.3	0.0	1.5	1.0	1.0	1.0	1.0	0.5	5
CO.PA	6.1	1.5	1.5	0.0	2.0	1.0	1.0	1.5	5
FGR.PA	4.3	0.5	1.5	0.0	1.5	1.0	1.0	0.5	5
CRAP.PA	3.2	0.0	1.5	0.0	1.0	1.0	1.0	0.0	4
FR.PA	3.6	1.5	0.0	0.0	1.5	1.0	1.0	0.0	5
GET.PA	3.9	0.5	0.5	0.0	1.5	1.0	1.0	1.0	5
GBT.PA	6.1	1.0	2.0	1.0	1.5	1.0	1.0	1.0	5
GLO.PA	6.1	1.0	2.0	0.0	2.0	1.0	1.0	1.5	5
EFG.PA	2.5	0.0	0.5	0.0	1.0	1.0	1.0	0.0	4
EMEIS.PA	5.0	0.5	2.0	0.0	2.0	1.0	1.0	0.5	5
ENX.PA	4.3	1.0	1.5	0.0	0.5	1.0	1.0	1.0	4
ELEC.PA	3.9	0.0	1.5	0.0	0.0	1.0	1.0	2.0	5
ERF.PA	3.9	1.0	1.0	0.0	1.0	1.0	1.0	0.5	5
IPS.PA	2.5	0.5	0.0	0.0	0.5	1.0	1.0	0.5	5
INF.PA	2.5	1.0	0.0	0.0	0.0	1.0	1.0	0.5	4
JBOG.PA	5.0	0.5	1.5	0.0	1.0	1.0	1.0	2.0	4
LBIRD.PA	3.6	1.0	0.0	0.0	1.0	1.0	1.0	1.0	3
IDL.PA	5.0	1.0	1.0	0.0	2.0	1.0	1.0	1.0	5
KOF.PA	3.6	1.0	2.0	0.0	0.0	1.0	1.0	0.0	5
MC.PA	4.6	1.0	2.0	0.0	0.5	1.0	1.0	1.0	5
MAAT.PA	4.6	0.5	2.0	0.0	1.0	1.0	1.0	1.0	4
MEMS.PA	1.8	0.5	0.0	0.0	0.0	1.0	1.0	0.0	5
MRN.PA	3.6	1.5	1.0	0.0	0.5	1.0	1.0	0.0	5
NAE.PA	4.3	1.0	0.0	0.0	1.0	1.0	1.0	2.0	4
GRVO.PA	4.6	1.0	1.5	0.0	1.0	1.0	1.0	1.0	5
NK.PA	3.9	0.5	0.5	0.0	1.0	1.0	1.0	1.5	5
HCO.PA	3.2	0.0	1.0	0.0	0.5	1.0	1.0	1.0	5
NRO.PA	2.1	0.0	1.0	0.0	0.0	1.0	1.0	0.0	5
IAM.PA	4.3	0.0	1.5	0.0	1.0	1.0	1.0	1.5	5
PEUG.PA	4.6	1.0	1.5	0.0	0.0	1.0	1.0	2.0	5
LIN.PA	3.9	0.0	1.5	0.0	0.5	1.0	1.0	1.5	5
LR.PA	2.9	1.0	0.0	0.0	1.0	1.0	1.0	0.0	5
ML.PA	3.9	1.0	0.5	0.0	1.0	1.0	1.0	1.0	2
OSE.PA	4.3	1.0	2.0	0.0	0.5	1.0	1.0	0.5	5
PARRO.PA	2.5	0.0	0.0	0.0	0.0	1.0	1.0	1.5	5
PLX.PA	3.9	0.5	0.0	0.0	2.0	1.0	1.0	1.0	5
S30.PA	5.7	2.0	2.0	0.0	2.0	1.0	1.0	0.0	5
OPM.PA	5.0	1.0	1.5	0.0	1.0	1.0	1.0	1.5	5
SAN.PA	3.2	0.0	2.0	0.0	0.5	1.0	1.0	0.0	5
PRC.PA	1.4	0.0	0.0	0.0	0.0	1.0	1.0	0.0	5
SK.PA	3.9	1.5	0.0	0.0	1.0	1.0	1.0	1.0	5
RBO.PA	6.8	0.5	2.0	2.0	1.5	1.0	1.0	1.5	5
RNO.PA	5.0	1.0	1.5	0.0	2.0	1.0	1.0	0.5	5
TE.PA	3.2	0.5	1.0	0.0	0.5	1.0	1.0	0.5	5
TNG.PA	4.3	0.5	1.5	0.0	0.0	1.0	1.0	2.0	5
TFI.PA	3.9	0.5	2.0	0.0	0.0	1.0	1.0	1.0	5
VANTI.PA	4.3	0.5	1.5	0.0	1.0	1.0	1.0	1.0	4
SCHP.PA	3.2	0.0	0.0	0.0	1.0	1.0	1.0	1.5	5
SOP.PA	2.9	1.0	0.0	0.0	0.5	1.0	1.0	0.5	5
RF.PA	3.6	1.5	0.5	0.0	0.0	1.0	1.0	1.0	5
VLA.PA	4.6	1.5	1.0	0.0	2.0	1.0	1.0	0.0	5
SU.PA	4.3	1.0	0.0	2.0	1.0	1.0	1.0	0.0	5
VRLA.PA	5.4	0.5	1.0	1.0	1.5	1.0	1.0	1.5	5
SESG.PA	5.4	1.0	2.0	0.0	2.0	1.0	1.0	0.5	5
QBTS	3.2	2.0	1.5	0.0	0.0	1.0	0.0	0.0	7
QLYS	2.5	0.5	1.5	0.0	0.0	1.0	0.5	0.0	7
UBI.PA	2.9	0.0	0.5	0.0	1.0	1.0	1.0	0.5	5
VIE.PA	5.0	1.0	0.5	1.0	2.0	1.0	1.0	0.5	5
STF.PA	3.9	0.5	0.5	0.0	1.0	1.0	1.0	1.5	5
VIRP.PA	3.2	0.5	1.0	0.0	0.0	1.0	1.0	1.0	5
RCKY	2.9	2.0	0.5	0.0	0.5	1.0	0.0	0.0	7
WAVE.PA	4.6	1.0	2.0	0.0	0.0	1.0	1.0	1.5	5
QDEL	4.6	0.5	1.5	1.0	1.5	2.0	0.0	0.0	7
RDNW	4.6	1.5	0.5	0.0	1.0	2.0	0.0	1.5	6
QURE	3.2	1.0	0.5	0.0	1.5	1.5	0.0	0.0	7
REPL	3.2	1.0	0.5	0.0	1.0	1.5	0.0	0.5	7
RBB	3.6	1.0	1.0	0.0	1.0	1.5	0.5	0.0	6
RGNX	3.2	1.0	0.5	0.0	2.0	1.0	0.0	0.0	7
QRVO	2.5	1.5	0.5	0.0	0.5	1.0	0.0	0.0	7
RELY	1.8	0.0	0.5	0.0	0.0	1.0	1.0	0.0	7
REAL	4.3	2.0	1.0	0.0	1.0	1.5	0.5	0.0	6
REGN	0.7	0.0	0.0	0.0	0.0	1.0	0.0	0.0	7
QTRX	1.8	1.0	0.5	0.0	0.0	1.0	0.0	0.0	7
RKLB	2.1	2.0	0.5	0.0	0.0	0.5	0.0	0.0	7
RCAT	3.2	1.5	1.5	0.0	0.0	1.0	0.5	0.0	7
ROST	2.1	1.0	0.5	0.0	0.5	1.0	0.0	0.0	7
RHLD	3.2	1.0	0.5	0.0	0.5	1.0	0.0	1.5	6
RPRX	1.8	0.0	0.5	0.0	1.0	1.0	0.0	0.0	7
RRGB	3.6	2.0	0.5	0.0	1.0	1.0	0.0	0.5	6
RILY	4.6	1.5	1.0	0.0	2.0	2.0	0.0	0.0	7
RMBS	2.9	2.0	0.5	0.0	0.0	1.0	0.5	0.0	7
ROAD	4.3	1.0	1.5	0.0	1.5	1.5	0.5	0.0	7
RMTI	3.6	1.5	0.0	2.0	0.5	1.0	0.0	0.0	7
ROKU	3.9	2.0	1.5	0.0	0.0	1.0	1.0	0.0	7
RYAAY	2.1	1.0	1.0	0.0	0.0	0.5	0.5	0.0	7
RUSHB.US	3.6	1.0	1.5	0.0	0.5	1.0	1.0	0.0	7
RXRX	3.6	1.0	0.0	2.0	0.0	2.0	0.0	0.0	7
RGCO	2.9	0.0	1.0	0.0	1.0	1.5	0.0	0.5	7
RZLV	2.5	0.0	1.5	0.0	0.5	0.5	0.5	0.5	7
SANM	2.9	1.5	0.0	0.0	1.0	1.0	0.5	0.0	7
SBET	3.6	2.0	0.5	0.0	1.0	1.0	0.5	0.0	6
SBRA	2.9	0.5	0.5	0.0	1.0	1.5	0.5	0.0	7
SCLX	4.6	1.5	1.5	1.0	1.0	1.0	0.5	0.0	6
SEZL	4.3	2.0	0.0	0.0	0.5	2.0	0.5	1.0	7
SFWL	3.9	1.5	1.0	0.0	0.5	0.0	1.0	1.5	7
SFM	3.6	0.5	1.5	0.0	1.0	1.5	0.5	0.0	7
SGML	3.6	0.5	0.5	0.0	2.0	0.5	0.5	1.0	7
RUM	2.9	1.5	0.0	0.0	0.5	1.0	0.0	1.0	7
SAIL	3.2	1.0	0.5	0.0	0.0	1.0	0.0	2.0	6
SEDG	3.2	1.5	1.0	0.0	1.0	1.0	0.0	0.0	7
SIGI	1.1	0.0	0.0	0.0	0.0	1.0	0.5	0.0	7
SCYX	2.9	1.0	0.5	0.0	0.0	1.5	0.5	0.5	7
SITM	3.9	2.0	0.5	0.0	1.0	1.0	0.5	0.5	7
SHLS	2.5	2.0	0.0	0.0	0.5	1.0	0.0	0.0	7
SHC	4.6	2.0	1.0	0.0	2.0	1.0	0.0	0.5	7
SGRY	4.3	2.0	1.0	0.0	1.0	1.0	0.0	1.0	7
SLAB	4.3	1.5	2.0	0.0	1.0	1.5	0.0	0.0	6
SMMT	3.9	1.5	0.5	0.0	0.0	1.5	0.0	2.0	7
SHOP	2.1	2.0	0.5	0.0	0.0	0.5	0.0	0.0	7
SNDX	2.9	0.0	0.0	0.0	2.0	2.0	0.0	0.0	7
SENEA	1.8	0.0	0.5	0.0	0.5	0.5	1.0	0.0	7
SINT	2.5	0.5	0.5	0.0	0.5	1.0	1.0	0.0	7
SKIN	5.4	1.0	1.5	0.0	2.0	2.0	0.0	1.0	7
SPCX	2.5	1.0	0.0	0.0	0.5	0.5	0.5	1.0	6
SLMT	5.4	1.0	2.0	0.0	1.0	1.0	1.0	1.5	5
SLRC	4.6	0.5	2.0	0.0	1.0	1.0	1.0	1.0	6
SPRY	5.4	1.0	1.5	0.0	2.0	2.0	0.0	1.0	7
SLDP	3.9	2.0	1.5	0.0	0.0	2.0	0.0	0.0	7
SPTX	3.6	1.0	0.5	0.0	0.0	2.0	0.0	1.5	6
SRTA	2.9	2.0	0.5	0.0	0.0	1.0	0.0	0.5	7
SSRM	1.8	1.0	0.5	0.0	0.0	1.0	0.0	0.0	7
SMTI	5.4	1.0	2.0	0.0	2.0	0.5	1.0	1.0	7
SPOK	1.8	0.0	1.0	0.0	0.0	1.0	0.5	0.0	7
STHO	2.9	1.5	0.0	0.0	0.5	1.5	0.0	0.5	7
SNPS	2.9	1.5	0.5	0.0	0.5	0.5	1.0	0.0	7
STRF	3.6	2.0	0.0	0.0	0.0	1.5	0.5	1.0	6
SUJA	3.9	1.0	0.5	0.0	1.0	0.5	0.5	2.0	6
SOLS	2.9	1.0	0.0	0.0	1.5	0.5	1.0	0.0	6
SUPX	1.8	0.0	2.0	0.0	0.0	0.0	0.0	0.5	7
SWMR	4.6	1.0	1.5	0.0	0.0	0.5	2.0	1.5	6
SYNA	3.9	2.0	0.5	1.0	1.0	1.0	0.0	0.0	7
STLN	2.5	0.0	1.0	0.0	1.0	1.5	0.0	0.0	6
STBA	2.9	1.0	0.5	0.0	1.0	1.5	0.0	0.0	6
STRA	1.4	0.0	0.0	0.0	0.0	1.5	0.5	0.0	7
STRO	3.9	1.5	0.5	0.0	1.0	1.5	0.5	0.5	6
SVRA	2.1	0.0	0.0	0.0	0.0	2.0	0.5	0.5	7
AAK.ST	3.2	0.0	2.0	0.0	0.0	1.0	1.0	0.5	5
AFRY.ST	3.2	1.0	1.0	0.0	0.5	1.0	1.0	0.0	5
SRCE	3.6	0.5	1.0	0.0	1.0	1.5	0.5	0.5	6
BALDB.ST	5.0	1.5	2.0	0.0	1.0	1.0	1.0	0.5	5
BETSB.ST	2.1	0.0	1.0	0.0	0.0	1.0	1.0	0.0	5
ALLEI.ST	2.9	1.0	1.0	0.0	0.0	1.0	1.0	0.0	5
BIOGb.ST	2.1	0.0	0.0	0.0	1.0	1.0	1.0	0.0	4
BRAV.ST	3.9	1.0	2.0	0.0	0.5	1.0	1.0	0.0	5
ASKER.ST	3.9	1.0	0.5	0.0	1.0	1.0	1.0	1.0	4
CIBUS.ST	5.0	1.5	2.0	0.0	1.5	1.0	1.0	0.0	5
DYVOX.ST	3.6	1.0	0.5	0.0	1.5	1.0	1.0	0.0	5
COFFEEB.ST	2.5	1.0	0.0	0.0	0.0	1.0	1.0	0.5	4
ERIC-A.ST	2.5	0.5	0.5	0.0	0.5	1.0	1.0	0.0	5
EVO.ST	2.9	0.5	0.5	0.0	0.0	1.0	1.0	1.0	5
HEXA-B.ST	2.5	1.0	0.0	0.0	0.5	1.0	1.0	0.0	5
ATCO-A.ST	3.6	1.0	1.5	0.0	0.5	1.0	1.0	0.0	5
ANODb.ST	2.9	0.5	0.5	0.0	1.0	1.0	1.0	0.0	5
HOFI.ST	3.9	1.0	1.0	0.0	1.0	1.0	1.0	0.5	5
INDU-A.ST	2.5	1.0	0.5	0.0	0.0	1.0	1.0	0.0	5
EMBRACB.ST	2.5	1.0	0.0	0.0	0.0	1.0	1.0	0.5	5
EPIA.ST	3.6	1.5	1.0	0.0	0.5	1.0	1.0	0.0	5
LAGRb.ST	2.9	1.0	0.0	0.0	1.0	1.0	1.0	0.0	5
CAMX.ST	2.9	0.0	0.5	1.0	0.0	1.0	1.0	0.5	5
JM.ST	4.3	1.5	1.0	0.0	1.5	1.0	1.0	0.0	5
INWI.ST	3.6	1.0	1.5	0.0	0.5	1.0	1.0	0.0	5
MYCR.ST	3.2	0.5	1.5	0.0	0.0	1.0	1.0	0.5	5
LUMI.ST	3.6	2.0	0.5	0.0	0.0	1.0	1.0	0.5	5
HTRO.ST	3.6	1.5	1.0	0.0	0.5	1.0	1.0	0.0	5
INTRUM.ST	5.4	1.5	2.0	0.0	2.0	1.0	1.0	0.0	5
PEABb.ST	4.3	1.5	0.0	0.0	1.0	1.0	1.0	1.5	5
MMGRb.ST	2.9	0.0	0.0	0.0	1.0	1.0	1.0	1.0	5
LIFCOb.ST	3.2	1.0	0.0	0.0	0.5	1.0	1.0	1.0	5
NOLAb.ST	2.5	0.5	0.0	0.0	0.5	1.0	1.0	0.5	5
SHB-A.ST	2.9	0.0	1.0	0.0	1.0	1.0	1.0	0.0	4
SINCH.ST	4.3	2.0	1.0	0.0	0.5	1.0	1.0	0.5	5
OVZON.ST	3.2	1.5	1.0	0.0	0.0	1.0	1.0	0.0	5
SKF-A.ST	3.2	1.0	1.0	0.0	0.5	1.0	1.0	0.0	5
SLPb.ST	3.9	1.0	1.5	0.0	1.0	1.0	1.0	0.0	5
STORYb.ST	4.3	1.5	1.5	0.0	0.5	1.0	1.0	0.5	5
SWED-A.ST	3.9	0.5	1.5	0.0	1.0	1.0	1.0	0.5	4
ROKOb.ST	3.6	1.0	0.5	0.0	0.5	1.0	1.0	1.0	4
TEL2B.ST	3.2	0.0	0.5	1.0	1.0	1.0	1.0	0.0	5
VIMIAN.ST	4.6	1.0	1.0	0.0	0.5	1.0	1.0	2.0	5
SBBb.ST	5.7	2.0	2.0	0.0	1.5	1.0	1.0	0.5	5
TREL-B.ST	3.2	1.0	1.0	0.0	0.5	1.0	1.0	0.0	5
VOLV-A.ST	2.9	1.0	0.0	0.0	1.0	1.0	1.0	0.0	5
WIHL.ST	4.3	1.0	2.0	0.0	1.0	1.0	1.0	0.0	5
SECTb.ST	3.2	1.0	1.0	0.0	0.0	1.0	1.0	0.5	5
SAGAb.ST	3.9	1.5	1.0	0.0	1.0	1.0	1.0	0.0	5
ALU.ASX	4.6	1.0	1.5	0.0	1.0	1.0	1.0	1.0	2
AD8.ASX	2.9	0.0	1.5	0.0	0.0	1.0	1.0	0.5	5
AMP.ASX	3.9	0.0	1.5	0.0	2.0	1.0	1.0	0.0	5
ALD.ASX	2.9	0.0	1.0	0.0	1.0	1.0	1.0	0.0	5
AOV.ASX	3.6	0.5	2.0	0.0	0.5	1.0	1.0	0.0	5
ARB.ASX	3.6	1.0	2.0	0.0	0.0	1.0	1.0	0.0	5
BAP.ASX	2.9	0.0	1.0	0.0	0.5	1.0	1.0	0.5	5
BOE.ASX	1.4	0.0	0.0	0.0	0.0	1.0	1.0	0.0	5
BVR.ASX	3.2	0.5	1.5	0.0	0.0	1.0	1.0	0.5	5
CDA.ASX	3.9	1.5	1.5	0.0	0.0	1.0	1.0	0.5	5
ZZb.ST	2.9	1.0	0.5	0.0	0.0	1.0	1.0	0.5	5
CKF.ASX	3.6	0.0	1.5	0.0	1.5	1.0	1.0	0.0	5
CMW.ASX	3.9	1.0	1.5	0.0	0.5	1.0	1.0	0.5	5
AUB.ASX	2.5	0.5	0.5	0.0	0.5	1.0	1.0	0.0	5
BRG.ASX	2.9	1.5	0.0	0.0	0.0	1.0	1.0	0.5	5
BGL.ASX	2.9	1.5	0.0	0.0	0.5	1.0	1.0	0.0	5
CXO.ASX	2.1	1.0	0.0	0.0	0.0	1.0	1.0	0.0	5
COL.ASX	2.9	0.0	0.0	0.0	2.0	1.0	1.0	0.0	5
CQR.ASX	3.2	0.5	1.0	0.0	0.5	1.0	1.0	0.5	5
CTD.ASX	3.9	1.0	2.0	0.0	0.0	1.0	1.0	0.5	5
ELV.ASX	2.9	1.0	1.0	0.0	0.0	1.0	1.0	0.0	5
CAR.ASX	3.6	1.0	1.5	0.0	0.5	1.0	1.0	0.0	5
CHN.ASX	3.6	1.5	1.5	0.0	0.0	1.0	1.0	0.0	5
DNL.ASX	2.5	0.0	1.0	0.0	0.5	1.0	1.0	0.0	5
HLS.ASX	3.9	0.0	1.0	0.0	2.0	1.0	1.0	0.5	5
DXS.ASX	2.9	0.5	1.0	0.0	0.5	1.0	1.0	0.0	5
DRR.ASX	3.2	0.5	0.5	0.0	1.0	1.0	1.0	0.5	5
FMG.ASX	3.9	0.5	2.0	0.0	0.0	1.0	1.0	1.0	5
GMG.ASX	2.9	1.0	1.0	0.0	0.0	1.0	1.0	0.0	5
HVN.ASX	3.9	0.5	1.5	0.0	0.5	1.0	1.0	1.0	5
ING.ASX	3.2	0.0	0.5	0.0	2.0	1.0	1.0	0.0	5
GPT.ASX	3.6	1.0	1.5	0.0	0.5	1.0	1.0	0.0	5
JBH.ASX	3.2	1.0	1.0	0.0	0.5	1.0	1.0	0.0	5
IEL.ASX	3.2	0.5	1.0	0.0	1.0	1.0	1.0	0.0	5
MAQ.ASX	3.2	0.0	1.5	0.0	0.0	1.0	1.0	1.0	5
EVT.ASX	3.2	0.5	0.0	0.0	1.5	1.0	1.0	0.5	5
MTS.ASX	3.2	0.0	0.5	0.0	1.0	1.0	1.0	1.0	4
KAR.ASX	2.1	0.0	0.5	0.0	0.5	1.0	1.0	0.0	5
IMD.ASX	2.9	1.0	0.5	0.0	0.5	1.0	1.0	0.0	5
NIC.ASX	3.6	1.0	0.5	0.0	0.5	1.0	1.0	1.0	5
LIC.ASX	4.3	1.0	1.5	0.0	0.5	1.0	1.0	1.0	5
NUF.ASX	3.2	0.0	1.0	0.0	0.5	1.0	1.0	1.0	4
NAN.ASX	2.9	1.0	1.0	0.0	0.0	1.0	1.0	0.0	5
NWL.ASX	4.3	1.0	1.5	0.0	0.5	1.0	1.0	1.0	5
LOV.ASX	4.6	1.0	0.5	0.0	2.0	1.0	1.0	1.0	5
MIN.ASX	3.2	1.0	0.5	0.0	1.0	1.0	1.0	0.0	5
RDX.ASX	2.5	0.0	0.0	0.0	0.0	1.0	1.0	1.5	5
NEU.ASX	3.6	1.5	0.5	0.0	1.0	1.0	1.0	0.0	4
PDN.ASX	2.9	1.5	0.5	0.0	0.0	1.0	1.0	0.0	5
PPT.ASX	2.9	1.0	0.5	0.0	0.5	1.0	1.0	0.0	5
PXA.ASX	3.2	0.0	2.0	0.0	0.0	1.0	1.0	0.5	5
MP1.ASX	3.2	1.5	1.0	0.0	0.0	1.0	1.0	0.0	5
SCG.ASX	3.2	1.0	1.0	0.0	0.5	1.0	1.0	0.0	5
SEK.ASX	3.6	1.0	1.5	0.0	0.5	1.0	1.0	0.0	5
ORA.ASX	2.5	0.0	1.0	0.0	0.5	1.0	1.0	0.0	5
SPK.ASX	2.9	0.0	1.0	0.0	1.0	1.0	1.0	0.0	5
RIO.ASX	2.1	0.5	0.0	0.0	0.5	1.0	1.0	0.0	5
SUN.ASX	1.8	0.0	0.5	0.0	0.0	1.0	1.0	0.0	5
TCL.ASX	4.3	0.5	1.5	0.0	2.0	1.0	1.0	0.0	5
SGM.ASX	2.5	1.0	0.0	0.0	0.5	1.0	1.0	0.0	5
SHL.ASX	3.2	0.5	1.5	0.0	0.5	1.0	1.0	0.0	5
TPW.ASX	4.6	1.5	2.0	0.0	0.5	1.0	1.0	0.5	5
RGN.ASX	2.5	0.5	0.5	0.0	0.5	1.0	1.0	0.0	5
PMV.ASX	2.9	0.0	1.0	0.0	0.0	1.0	1.0	1.0	5
VCX.ASX	2.9	0.5	1.0	0.0	0.5	1.0	1.0	0.0	5
RRL.ASX	2.5	1.5	0.0	0.0	0.0	1.0	1.0	0.0	5
WEB.ASX	2.5	1.0	0.0	0.0	0.5	1.0	1.0	0.0	5
WHC.ASX	1.8	0.0	0.0	0.0	0.5	1.0	1.0	0.0	5
TBCH	4.6	2.0	0.0	1.0	1.0	2.0	0.0	0.5	7
TLX.ASX	2.9	0.5	0.5	0.0	1.0	1.0	1.0	0.0	5
VUL.ASX	4.3	1.5	2.0	0.0	0.0	1.0	1.0	0.5	5
SLX.ASX	3.2	0.5	1.5	0.0	0.0	1.0	1.0	0.5	5
WBC.ASX	3.6	0.5	1.5	0.0	1.0	1.0	1.0	0.0	4
WOW.ASX	4.3	0.0	1.0	0.0	2.0	1.0	1.0	1.0	4
TENB	4.3	1.0	1.0	0.0	1.5	1.0	1.5	0.0	7
TARS	1.4	0.0	0.0	0.0	0.0	1.5	0.0	0.5	7
XRO.ASX	3.9	1.0	2.0	0.0	0.5	1.0	1.0	0.0	5
TEAM	3.9	1.5	2.0	0.0	1.0	0.5	0.5	0.0	7
TCX	4.3	1.0	1.5	0.0	1.0	2.0	0.0	0.5	6
TMDX	4.3	2.0	0.5	0.0	1.5	2.0	0.0	0.0	7
TNGX	3.2	1.0	0.0	1.0	0.0	2.0	0.0	0.5	7
TCBI	2.9	0.5	0.0	0.0	1.0	2.0	0.5	0.0	6
TFSL	3.9	0.5	0.0	0.0	1.0	2.0	0.0	2.0	6
TIPT	1.8	1.0	0.0	0.0	0.0	1.0	0.0	0.5	7
TOON	4.3	2.0	1.5	0.0	0.5	1.0	1.0	0.0	7
TIGO	4.6	1.0	0.5	0.0	2.0	1.0	1.0	1.0	7
TRAX	2.5	1.0	0.0	0.0	0.0	1.5	0.5	0.5	6
TRMK	2.9	0.5	0.5	0.0	1.0	2.0	0.0	0.0	6
TRI	2.5	0.0	0.5	0.0	0.0	1.5	0.0	1.5	7
TRUP	3.2	1.5	1.0	0.0	0.0	1.5	0.0	0.5	7
TROW	2.5	1.5	0.0	0.0	0.0	2.0	0.0	0.0	7
TSHA	2.9	1.0	0.5	0.0	0.0	2.0	0.0	0.5	7
TSBK	1.8	0.0	0.5	0.0	1.0	1.0	0.0	0.0	6
TSSI	3.9	2.0	0.5	0.0	0.5	1.0	1.0	0.5	7
TTWO	3.2	1.0	0.5	0.0	1.0	1.0	1.0	0.0	7
TW	1.4	0.5	0.0	1.0	0.0	0.5	0.0	0.0	7
TTEC	5.7	1.0	1.5	0.0	2.0	2.0	0.5	1.0	7
TLN	5.7	1.5	0.5	2.0	2.0	1.0	1.0	0.0	7
TZOO	5.0	1.5	1.5	0.0	1.0	1.5	0.5	1.0	6
TMC	4.6	2.0	1.5	0.0	1.0	1.0	0.0	1.0	6
1721.T	2.5	0.0	0.5	1.0	0.0	1.0	1.0	0.0	5
1803.T	2.9	0.0	1.5	0.0	0.5	1.0	1.0	0.0	5
2871.T	1.8	0.0	0.0	0.0	0.5	1.0	1.0	0.0	5
TOWN	1.8	0.5	0.0	0.0	1.0	1.0	0.0	0.0	6
TXN	2.5	1.5	0.5	0.0	0.5	1.0	0.0	0.0	7
2002.T	1.4	0.0	0.0	0.0	0.0	1.0	1.0	0.0	5
1925.T	2.9	0.0	1.0	0.0	1.0	1.0	1.0	0.0	5
2413.T	2.5	0.5	0.0	0.0	0.0	1.0	1.0	1.0	5
2502.T	1.8	0.0	0.0	0.0	0.5	1.0	1.0	0.0	5
3405.T	1.8	0.0	0.0	0.0	0.5	1.0	1.0	0.0	5
3659.T	2.9	0.5	0.5	0.0	0.0	1.0	1.0	1.0	5
4042.T	2.1	0.5	0.0	0.0	0.5	1.0	1.0	0.0	5
4183.T	2.5	0.5	0.0	0.0	1.0	1.0	1.0	0.0	5
4062.T	3.6	1.5	1.0	0.0	0.5	1.0	1.0	0.0	5
4307.T	2.1	0.0	0.0	0.0	0.5	1.0	1.0	0.5	5
4452.T	1.8	0.0	0.5	0.0	0.0	1.0	1.0	0.0	5
4523.T	1.4	0.0	0.0	0.0	0.0	1.0	1.0	0.0	5
4578.T	1.8	0.0	0.5	0.0	0.0	1.0	1.0	0.0	5
4704.T	2.1	0.0	0.0	0.0	1.0	1.0	1.0	0.0	4
3382.T	2.5	0.0	0.5	0.0	1.0	1.0	1.0	0.0	5
5108.T	1.8	0.5	0.0	0.0	0.0	1.0	1.0	0.0	5
5333.T	1.8	0.5	0.0	0.0	0.0	1.0	1.0	0.0	5
2801.T	1.8	0.0	0.5	0.0	0.0	1.0	1.0	0.0	5
4004.T	4.3	1.0	1.0	1.0	1.0	1.0	1.0	0.0	5
3092.T	2.9	0.5	0.5	0.0	0.0	1.0	1.0	1.0	5
4506.T	2.9	0.0	0.5	0.0	0.5	1.0	1.0	1.0	5
5803.T	1.8	0.5	0.0	0.0	0.0	1.0	1.0	0.0	5
4901.T	1.4	0.0	0.0	0.0	0.0	1.0	1.0	0.0	5
6103.T	2.1	0.5	0.5	0.0	0.0	1.0	1.0	0.0	5
5019.T	2.9	0.0	0.5	0.0	1.0	1.0	1.0	0.5	5
6178.T	3.9	0.0	1.5	0.0	1.0	1.0	1.0	1.0	4
5233.T	2.1	0.5	0.0	0.0	0.5	1.0	1.0	0.0	5
6361.T	2.9	1.5	0.0	0.0	0.5	1.0	1.0	0.0	5
5411.T	3.2	1.0	0.5	0.0	1.0	1.0	1.0	0.0	5
6472.T	2.5	0.5	0.0	0.0	1.0	1.0	1.0	0.0	5
6501.T	2.1	0.5	0.5	0.0	0.0	1.0	1.0	0.0	5
5714.T	2.1	1.0	0.0	0.0	0.0	1.0	1.0	0.0	5
6302.T	3.2	0.5	1.5	0.0	0.5	1.0	1.0	0.0	5
6506.T	2.9	1.5	0.5	0.0	0.0	1.0	1.0	0.0	5
6645.T	2.9	1.0	0.5	0.0	0.5	1.0	1.0	0.0	5
5706.T	3.6	1.5	0.5	1.0	0.0	1.0	1.0	0.0	5
6762.T	3.9	0.5	0.5	2.0	0.5	1.0	1.0	0.0	5
6752.T	3.2	1.0	1.5	0.0	0.0	1.0	1.0	0.0	5
6963.T	2.9	0.5	1.0	0.0	0.5	1.0	1.0	0.0	5
7186.T	3.2	0.0	1.5	0.0	1.0	1.0	1.0	0.0	4
6857.T	4.3	1.0	2.0	1.0	0.0	1.0	1.0	0.0	5
7203.T	2.9	0.0	1.0	0.0	1.0	1.0	1.0	0.0	5
7751.T	1.8	0.0	0.0	0.0	0.5	1.0	1.0	0.0	5
6920.T	3.6	1.5	0.5	0.0	1.0	1.0	1.0	0.0	4
7974.T	4.3	1.0	1.0	0.0	1.0	1.0	1.0	1.0	2
6702.T	1.8	0.5	0.0	0.0	0.0	1.0	1.0	0.0	5
6981.T	2.5	1.5	0.0	0.0	0.0	1.0	1.0	0.0	5
7011.T	1.8	0.0	0.5	0.0	0.0	1.0	1.0	0.0	5
8053.T	2.9	0.5	0.5	0.0	1.0	1.0	1.0	0.0	5
8304.T	2.9	0.0	1.0	0.0	1.0	1.0	1.0	0.0	4
7267.T	2.9	0.0	1.0	0.0	1.0	1.0	1.0	0.0	5
8252.T	3.6	0.0	1.0	0.0	2.0	1.0	1.0	0.0	5
7272.T	2.5	0.5	0.5	0.0	0.5	1.0	1.0	0.0	5
7733.T	2.1	0.0	0.5	0.0	0.5	1.0	1.0	0.0	5
8309.T	3.2	0.0	1.5	0.0	1.0	1.0	1.0	0.0	4
8601.T	3.9	0.5	1.0	0.0	2.0	1.0	1.0	0.0	5
8697.T	3.9	1.0	1.5	0.0	0.0	1.0	1.0	1.0	3
8802.T	2.9	0.0	1.0	0.0	1.0	1.0	1.0	0.0	5
8354.T	3.6	0.0	2.0	0.0	1.0	1.0	1.0	0.0	4
7911.T	2.1	0.5	0.0	0.0	0.5	1.0	1.0	0.0	5
9008.T	2.5	0.0	0.5	0.0	1.0	1.0	1.0	0.0	5
9021.T	2.1	0.0	0.0	0.0	1.0	1.0	1.0	0.0	5
9147.T	3.6	0.5	1.5	0.0	1.0	1.0	1.0	0.0	5
9432.T	3.2	0.0	0.5	0.0	1.5	1.0	1.0	0.5	5
9501.T	3.2	0.0	1.0	0.0	1.5	1.0	1.0	0.0	5
9735.T	1.4	0.0	0.0	0.0	0.0	1.0	1.0	0.0	5
8015.T	4.3	1.0	1.5	0.0	1.0	1.0	1.0	0.5	5
9983.T	2.5	0.5	0.5	0.0	0.0	1.0	1.0	0.5	5
8766.T	3.6	1.0	1.0	0.0	0.0	1.0	1.0	1.0	3
9001.T	2.1	0.0	0.0	0.0	1.0	1.0	1.0	0.0	5
9101.T	2.9	0.5	1.0	0.0	0.5	1.0	1.0	0.0	5
UPB	4.6	1.0	2.0	1.0	0.0	1.5	0.5	0.5	6
UPST	5.4	2.0	1.5	0.0	2.0	1.5	0.5	0.0	7
9531.T	2.1	0.0	0.5	0.0	0.5	1.0	1.0	0.0	5
URBN	3.2	1.5	1.0	0.0	0.5	1.0	0.0	0.5	7
UFCS	1.8	0.0	1.5	0.0	0.0	1.0	0.0	0.0	7
UBSI	2.9	0.5	0.5	0.0	1.0	1.5	0.5	0.0	6
VABK	3.2	0.0	0.5	0.0	1.0	2.0	0.5	0.5	6
VCEL	2.5	1.0	0.0	0.0	0.0	2.0	0.5	0.0	7
ULCC	5.0	2.0	0.0	0.0	2.0	1.5	0.0	1.5	7
VERI	5.0	2.0	2.0	0.0	1.0	1.0	1.0	0.0	7
VIRC	3.2	0.0	0.5	0.0	0.5	2.0	0.5	1.0	7
VICR	3.2	2.0	0.5	0.0	0.0	0.5	1.0	0.5	7
VKTX	2.1	0.5	0.5	0.0	0.0	2.0	0.0	0.0	7
USAR	4.6	2.0	1.5	0.0	0.0	1.0	1.0	1.0	7
UTHR	2.1	0.0	0.0	0.0	1.0	1.0	1.0	0.0	6
UHAL	2.9	1.0	0.0	0.0	1.0	2.0	0.0	0.0	7
VRRM	4.6	0.0	2.0	1.0	2.0	1.0	0.5	0.0	7
VRDN	2.9	1.0	0.5	0.0	0.5	2.0	0.0	0.0	7
VECO	2.5	1.5	0.0	0.0	0.0	2.0	0.0	0.0	7
VSNT	2.5	1.0	1.0	0.0	0.5	1.0	0.0	0.0	6
VERX	2.9	1.0	1.0	0.0	1.0	1.0	0.0	0.0	7
WASH	2.9	0.5	1.0	0.0	1.0	1.5	0.0	0.0	6
WB	3.6	0.0	1.5	0.0	0.5	2.0	0.0	1.0	7
UMBF	2.5	1.0	0.0	0.0	1.0	1.5	0.0	0.0	6
WBTN	6.1	2.0	0.5	2.0	0.0	1.5	0.5	2.0	7
WDFC	1.4	0.0	0.5	0.0	0.5	1.0	0.0	0.0	7
VNDA	4.3	0.5	1.5	1.0	0.0	2.0	0.5	0.5	7
WEST	5.0	1.0	0.5	0.0	2.0	2.0	0.0	1.5	7
WLDS	3.9	2.0	2.0	0.0	0.0	0.0	1.5	0.0	7
WIMI	2.5	1.0	2.0	0.0	0.0	0.0	0.5	0.0	6
WGS	3.9	2.0	0.5	0.0	0.5	2.0	0.0	0.5	7
VRTX	1.1	0.0	0.0	0.0	0.0	1.0	0.5	0.0	7
VTRS	3.6	1.0	1.5	0.0	1.0	1.0	0.5	0.0	7
VOD	2.1	0.0	1.0	0.0	1.0	1.0	0.0	0.0	7
WVE	3.9	1.5	2.0	0.0	0.0	1.0	0.0	1.0	7
WIX	2.9	1.0	0.5	0.0	1.0	1.0	0.5	0.0	6
WMG	3.2	1.5	0.0	0.0	2.0	1.0	0.0	0.0	7
WRD	3.6	1.0	2.0	0.0	0.0	1.5	0.0	0.5	6
XE	3.9	1.0	1.5	1.0	0.0	1.0	0.5	0.5	6
XERS	2.9	1.0	1.0	0.0	1.0	1.0	0.0	0.0	6
XNET	3.2	1.0	1.5	0.0	0.0	1.0	0.0	1.0	7
WSFS	3.6	1.0	1.0	0.0	1.0	1.5	0.5	0.0	6
WABC	2.9	0.5	0.5	0.0	1.0	1.5	0.5	0.0	6
WTFC	3.2	1.0	0.0	1.0	1.0	1.5	0.0	0.0	6
ZG	3.9	2.0	2.0	0.0	0.0	1.0	0.5	0.0	7
WYFI	3.9	1.0	1.0	0.0	1.0	0.5	0.5	1.5	6
ZS	1.8	1.0	0.0	0.0	0.5	0.5	0.0	0.5	7
XP	4.6	1.0	1.0	2.0	2.0	0.5	0.0	0.0	7
WSBF	2.1	0.5	0.5	0.0	1.0	1.0	0.0	0.0	6
XTIA	2.9	0.0	1.5	0.0	1.0	1.0	0.5	0.0	6
ZVRA	2.1	1.0	0.0	0.0	0.0	1.5	0.5	0.0	7
ZLAB	1.8	0.5	0.0	0.0	0.5	1.5	0.0	0.0	7
ACLN.ZU	2.1	0.0	0.0	0.0	1.0	1.0	1.0	0.0	5
ZBIO	3.2	1.0	0.0	0.0	1.0	2.0	0.0	0.5	7
BAER.ZU	3.6	1.0	1.0	0.0	1.0	1.0	1.0	0.0	4
BUCN.ZU	2.9	1.0	0.5	0.0	0.0	1.0	1.0	0.5	5
YORW.US	1.8	0.5	0.0	0.0	0.5	1.0	0.5	0.0	7
AMRZ.ZU	3.9	1.0	2.0	0.0	0.5	1.0	1.0	0.0	4
GEBN.ZU	3.2	1.0	0.5	0.0	1.0	1.0	1.0	0.0	5
KNIN.ZU	4.6	0.5	1.0	0.0	1.5	1.0	1.0	1.5	5
XRAY	4.6	1.0	2.0	0.0	1.5	1.5	0.5	0.0	7
FHZN.ZU	3.9	0.5	2.0	0.0	0.5	1.0	1.0	0.5	5
LOGN.ZU	1.8	0.5	0.0	0.0	0.0	1.0	1.0	0.0	5
PPGN.ZU	3.9	1.0	0.5	0.0	0.5	1.0	1.0	1.5	5
SQN.ZU	3.6	1.0	1.5	0.0	0.0	1.0	1.0	0.5	5
SGSN.ZU	3.6	0.5	0.5	0.0	2.0	1.0	1.0	0.0	5
DAE.ZU	4.3	1.0	1.0	0.0	1.0	1.0	1.0	1.0	5
SMG.ZU	3.9	1.0	1.0	0.0	0.0	1.0	1.0	1.5	4
NOVN.ZU	2.1	0.0	0.0	0.0	1.0	1.0	1.0	0.0	5
SCHP.ZU	2.1	0.5	0.5	0.0	0.0	1.0	1.0	0.0	5
UBSG.ZU	3.2	1.0	0.5	0.0	1.0	1.0	1.0	0.0	4
ZURN.ZU	1.8	0.0	0.0	0.0	0.5	1.0	1.0	0.0	5
STMN.ZU	2.9	1.5	0.0	0.0	0.0	1.0	1.0	0.5	5
ABCL	4.3	1.5	1.0	1.0	0.0	1.5	0.5	0.5	7
ACHC	2.9	0.5	0.5	0.0	1.0	2.0	0.0	0.0	7
ABVX	2.9	0.0	0.5	1.0	0.0	1.5	0.5	0.5	7
ACDC	4.6	1.5	0.5	0.0	1.5	1.0	0.0	2.0	7
AAOI	2.9	2.0	0.0	1.0	0.0	0.5	0.5	0.0	7
ABOS	2.9	0.0	0.5	0.0	0.5	1.5	0.5	1.0	7
ACLS	2.5	2.0	0.0	0.0	0.0	1.0	0.5	0.0	7
ACRS	2.1	1.0	0.0	0.0	0.0	1.5	0.0	0.5	7
ADUS	2.1	1.0	0.5	0.0	0.0	1.0	0.5	0.0	7
ADAM	3.9	1.5	0.5	0.0	2.0	1.0	0.5	0.0	7
ADPT	5.4	2.0	1.5	0.0	2.0	1.5	0.0	0.5	7
AEHR	3.2	2.0	0.5	1.0	0.0	0.5	0.5	0.0	7
AFRM	3.6	2.0	0.5	0.0	1.5	0.5	0.5	0.0	7
AERT	3.6	0.5	0.5	0.0	1.0	0.0	1.0	2.0	6
AGIO	1.4	0.5	0.0	0.0	0.0	1.5	0.0	0.0	7
AGNC	4.6	1.5	2.0	0.0	2.0	1.0	0.0	0.0	7
AIOT	3.9	1.5	1.5	0.0	0.5	2.0	0.0	0.0	7
AHCO	4.6	1.5	1.5	0.0	1.0	1.0	1.0	0.5	7
ADI.US	2.1	1.5	1.0	0.0	0.0	0.5	0.0	0.0	7
AIRS	4.6	2.0	1.5	0.0	0.5	1.0	0.0	1.5	7
ALEC	2.9	0.5	0.0	1.0	1.0	1.0	0.0	0.5	6
ALAB	2.9	2.0	0.5	1.0	0.0	0.5	0.0	0.0	7
AKBA	2.9	0.0	1.5	0.0	2.0	0.5	0.0	0.0	7
ALGT	3.9	1.5	0.5	0.0	1.5	1.0	1.0	0.0	7
ALKT	3.6	0.5	1.5	0.0	1.0	1.0	0.0	1.0	7
ALXO	2.9	0.0	1.5	0.0	0.0	1.5	0.5	0.5	7
ALNY	3.9	0.0	1.5	0.0	1.5	1.0	1.5	0.0	7
ALMR	5.0	1.0	1.5	2.0	0.0	1.5	0.0	1.0	6
AMBA	2.9	2.0	0.0	0.0	0.0	1.0	1.0	0.0	7
AMCX	3.9	1.5	0.5	0.0	1.5	2.0	0.0	0.0	7
AMKR	2.9	2.0	0.0	0.0	0.5	0.5	0.0	1.0	7
ALT.US	3.6	0.0	2.0	1.0	0.0	2.0	0.0	0.0	7
AMPL	4.3	1.5	2.0	1.0	0.0	1.0	0.5	0.0	7
ANDE	2.1	0.5	0.0	0.0	0.5	1.0	1.0	0.0	7
AMTX	4.3	2.0	1.0	0.0	1.0	2.0	0.0	0.0	6
ANTX	3.9	1.0	0.5	0.0	1.0	2.0	0.0	1.0	6
ANIK	1.4	0.0	0.5	0.0	0.0	1.0	0.5	0.0	7
APA	1.8	0.0	1.0	0.0	0.5	1.0	0.0	0.0	7
APGE	2.9	0.0	2.0	1.0	0.0	1.0	0.0	0.0	6
APPN	2.5	1.0	0.5	0.0	1.0	1.0	0.0	0.0	6
APOG	4.6	1.0	0.5	2.0	0.5	1.0	1.5	0.0	7
ARCT	2.5	2.0	0.0	0.0	0.0	1.0	0.5	0.0	7
ARBE	3.2	1.0	2.0	0.0	0.5	0.5	0.0	0.5	7
ARHS	3.6	2.0	0.5	0.0	1.0	1.0	0.5	0.0	7
ARRY	5.4	2.0	2.0	0.0	2.0	1.0	0.5	0.0	7
AROW	3.2	0.5	0.5	0.0	1.0	1.5	1.0	0.0	6
ASTE	3.2	1.5	1.5	0.0	0.5	0.5	0.5	0.0	7
ARWR	3.6	1.5	0.0	0.0	2.0	1.5	0.0	0.0	7
ASPI	4.3	2.0	1.5	0.0	1.0	1.5	0.0	0.0	7
ASUR	2.5	0.5	0.5	0.0	0.5	1.5	0.5	0.0	7
ATEC	3.6	0.5	0.5	0.0	2.0	1.5	0.0	0.5	7
ASML	2.1	1.5	1.0	0.0	0.0	0.5	0.0	0.0	7
ATRA	2.9	0.0	0.0	0.0	1.0	1.5	0.5	1.0	6
ATTO	3.9	1.0	1.0	0.0	0.0	1.0	1.5	1.0	6
AUGO	2.5	0.0	0.5	0.0	1.0	1.0	0.0	1.0	7
ATLX	2.9	0.0	1.5	0.0	0.0	2.0	0.0	0.5	7
AVPT	3.6	1.0	1.0	1.0	0.0	1.5	0.0	0.5	7
AVAV	3.6	1.5	2.0	0.0	0.0	0.5	0.5	0.5	7
AURA	2.1	0.0	0.5	0.0	0.0	1.5	0.5	0.5	7
AVLN	3.2	1.0	1.0	0.0	0.0	2.0	0.0	0.5	6
AXGN	2.5	1.0	0.0	1.0	0.0	1.0	0.5	0.0	7
AYTU	2.9	0.0	1.0	0.0	0.5	2.0	0.0	0.5	7
ABN.NV	3.9	0.5	1.5	0.0	1.0	1.0	1.0	0.5	4
APAM.NV	5.4	2.0	0.0	2.0	0.5	1.0	1.0	1.0	5
AXS.NV	3.9	1.5	1.0	0.0	0.5	1.0	1.0	0.5	5
AGN.NV	2.5	0.5	0.5	0.0	0.5	1.0	1.0	0.0	5
ASML.NV	3.6	1.5	1.5	0.0	0.0	1.0	1.0	0.0	5
BFIT.NV	3.6	1.0	0.0	0.0	2.0	1.0	1.0	0.0	5
CRBN.NV	2.9	1.0	0.5	0.0	0.5	1.0	1.0	0.0	5
CVC.NV	3.2	1.0	0.5	0.0	1.0	1.0	1.0	0.0	5
FLOW.NV	2.9	0.0	0.0	0.0	2.0	1.0	1.0	0.0	5
HEIO.NV	3.2	0.5	0.0	0.0	1.0	1.0	1.0	1.0	5
HAVAS.NV	3.9	1.0	0.0	1.0	0.5	1.0	1.0	1.0	4
FAST.NV	5.7	1.0	1.5	0.0	2.0	1.0	1.0	1.5	5
KENDR.NV	3.2	1.0	1.0	0.0	0.5	1.0	1.0	0.0	5
INGA.NV	3.6	1.0	1.0	0.0	1.0	1.0	1.0	0.0	4
LKFT.NV	2.5	0.0	0.0	0.0	0.0	1.0	1.0	1.5	5
NEDSE.NV	3.9	0.0	1.5	0.0	1.0	1.0	1.0	1.0	3
PBH.NV	3.6	0.5	0.5	0.0	0.0	1.0	1.0	2.0	5
NSI.NV	3.9	0.5	2.0	0.0	0.5	1.0	1.0	0.5	5
MT.NV	3.6	1.5	0.5	0.0	0.0	1.0	1.0	1.0	5
PNL.NV	4.3	0.5	1.5	0.0	2.0	1.0	1.0	0.0	5
REINA.NV	3.2	0.0	1.0	0.0	1.0	1.0	1.0	0.5	4
SIFG.NV	4.3	1.0	2.0	0.0	1.0	1.0	1.0	0.0	5
BBCP	3.9	1.0	0.0	0.0	1.5	1.0	1.0	1.0	7
BBSI	2.9	1.0	0.5	0.0	0.0	1.5	1.0	0.0	7
BCML	1.4	0.0	0.0	0.0	1.0	1.0	0.0	0.0	6
UMG.NV	4.6	0.5	2.0	0.0	1.5	1.0	1.0	0.5	5
BAND.US	3.2	2.0	0.5	0.0	1.0	1.0	0.0	0.0	7
BDTX	3.6	2.0	1.0	0.0	0.0	1.5	0.5	0.0	7
WHA.NV	3.9	1.0	1.5	0.0	1.0	1.0	1.0	0.0	5
BELFB	1.8	1.5	0.0	0.0	0.0	1.0	0.0	0.0	7
BHRB	2.1	0.0	0.5	0.0	1.0	1.5	0.0	0.0	6
BILI	3.6	0.5	2.0	0.0	0.5	1.5	0.5	0.0	7
VLK.NV	3.2	0.5	1.0	0.0	1.0	1.0	1.0	0.0	4
BKNG	2.9	1.0	1.0	0.0	1.0	1.0	0.0	0.0	6
BFST	2.5	0.5	1.0	0.0	1.0	1.0	0.0	0.0	6
BLKB	3.6	1.0	0.0	0.0	2.0	1.5	0.0	0.5	7
BLNK	3.9	2.0	1.5	0.0	0.0	2.0	0.0	0.0	7
BMBL	4.3	2.0	2.0	0.0	0.5	1.5	0.0	0.0	7
BMRN	1.8	0.0	0.0	1.0	0.5	1.0	0.0	0.0	7
BLBD	2.9	1.5	0.5	0.0	0.0	1.5	0.5	0.0	7
BRAI	5.0	1.0	2.0	0.0	1.0	0.5	0.5	2.0	5
BRVE	5.4	1.0	1.0	0.0	0.0	1.5	2.0	2.0	6
BOKF	4.3	1.0	0.0	0.0	1.0	2.0	0.5	1.5	6
BTMD	5.7	1.5	2.0	0.0	1.0	1.0	1.5	1.0	6
BSY	3.6	1.0	0.5	0.0	1.0	1.5	0.0	1.0	7
BUSE	2.9	0.5	0.5	0.0	1.0	1.5	0.5	0.0	6
ABO.BR	5.0	0.0	2.0	0.0	1.5	1.0	1.0	1.5	5
BWIN	3.6	1.0	1.5	0.0	1.5	1.0	0.0	0.0	7
BZ	1.1	0.0	0.5	0.0	0.0	0.5	0.0	0.5	7
AZE.BR	3.2	0.5	1.0	0.0	0.5	1.0	1.0	0.5	5
ARGX.BR	1.8	0.0	0.5	0.0	0.0	1.0	1.0	0.0	5
AED.BR	3.6	1.0	1.5	0.0	0.5	1.0	1.0	0.0	5
BTLS.BR	3.9	1.5	1.0	0.0	0.0	1.0	1.0	1.0	5
BAR.BR	3.9	0.5	2.0	0.0	0.0	1.0	1.0	1.0	4
BNB.BR	4.6	0.5	2.0	0.0	1.0	1.0	1.0	1.0	3
DECB.BR	3.6	0.5	1.0	0.0	0.5	1.0	1.0	1.0	5
COLR.BR	3.6	0.0	0.5	1.0	0.0	1.0	1.0	1.5	5
ECONB.BR	5.0	1.0	0.0	1.0	1.5	1.0	1.0	1.5	5
EVS.BR	2.9	0.0	2.0	0.0	0.0	1.0	1.0	0.0	5
HYL.BR	4.3	0.5	1.5	2.0	0.0	1.0	1.0	0.0	5
IEP.BR	4.3	0.0	2.0	1.0	0.0	1.0	1.0	1.0	3
JEN.BR	2.9	0.5	0.0	0.0	0.0	1.0	1.0	1.5	5
GBLB.BR	4.3	0.5	2.0	0.0	0.5	1.0	1.0	1.0	5
MONT.BR	3.6	1.0	1.5	0.0	0.5	1.0	1.0	0.0	5
OPTI.BR	6.4	0.5	1.5	2.0	2.0	1.0	1.0	1.0	5
KIN.BR	4.6	0.0	1.5	0.0	2.0	1.0	1.0	1.0	5
QRF.BR	3.6	0.0	1.5	0.0	1.0	1.0	1.0	0.5	5
OBEL.BR	5.4	0.0	2.0	0.0	1.5	1.0	1.0	2.0	5
SEQUA.BR	3.6	0.0	0.0	1.0	1.0	1.0	1.0	1.0	3
SOF.BR	2.9	1.0	0.0	0.0	0.0	1.0	1.0	1.0	5
TESB.BR	3.9	0.5	1.5	0.0	0.0	1.0	1.0	1.5	5
TITC.BR	2.9	0.5	0.0	0.0	0.5	1.0	1.0	1.0	5
WEB.BR	6.4	1.0	2.0	1.0	1.0	1.0	1.0	2.0	4
CACC	4.3	1.5	0.0	0.0	2.0	1.5	0.0	1.0	7
UMI.BR	2.9	1.0	0.0	0.0	1.0	1.0	1.0	0.0	5
CAN	2.9	2.0	1.5	0.0	0.0	0.5	0.0	0.0	7
VGP.BR	5.4	1.5	2.0	0.0	1.0	1.0	1.0	1.0	5
XIOR.BR	3.6	0.5	1.5	0.0	1.0	1.0	1.0	0.0	5
CARE	2.5	0.5	0.5	0.0	1.0	1.5	0.0	0.0	6
CCB	3.9	1.0	1.5	0.0	1.0	1.5	0.5	0.0	6
CASH	3.2	0.5	0.5	0.0	1.0	2.0	0.5	0.0	6
CBSH	2.1	0.5	0.0	0.0	1.0	1.5	0.0	0.0	6
CCSI	4.6	2.0	0.5	0.0	2.0	1.0	1.0	0.0	7
CAKE.US	3.9	1.0	1.0	0.0	2.0	1.5	0.0	0.0	7
CCCC	3.6	2.0	0.0	0.0	0.0	2.0	0.5	0.5	7
CDZI	5.0	1.5	1.0	0.0	2.0	2.0	0.0	0.5	7
CDNS	1.4	1.0	0.0	0.0	0.5	0.5	0.0	0.0	7
CELC	3.6	0.0	0.5	1.0	1.0	2.0	0.0	0.5	6
CFFN	2.9	0.5	0.5	0.0	1.0	1.5	0.5	0.0	6
CERS	3.6	2.0	0.0	0.0	1.0	2.0	0.0	0.0	7
CGC	4.6	2.0	2.0	0.0	0.5	1.5	0.5	0.0	7
CGNX	2.1	1.5	0.5	0.0	0.0	1.0	0.0	0.0	7
CHKP	2.9	0.0	1.0	0.0	0.5	1.5	0.5	0.5	7
CHCO	2.5	0.0	0.5	0.0	1.0	2.0	0.0	0.0	6
CHRW	3.9	1.0	1.0	1.0	1.0	1.0	0.5	0.0	7
CIFR	3.9	2.0	0.5	0.0	2.0	0.5	0.5	0.0	7
CLAR	1.8	1.0	0.0	0.0	0.0	1.0	0.0	0.5	7
CATY	3.2	1.0	0.5	0.0	1.0	1.5	0.5	0.0	6
CLDX	2.5	1.0	0.0	0.0	0.0	2.0	0.5	0.0	7
CLMB	3.9	1.0	1.0	1.0	0.0	2.0	0.5	0.0	7
CLOV	3.6	2.0	0.5	0.0	1.0	1.0	0.5	0.0	6
CMCO	3.2	1.5	0.0	0.0	1.5	1.5	0.0	0.0	7
CMPR	4.3	2.0	0.5	0.0	1.0	2.0	0.0	0.5	6
CMRC	3.6	1.0	0.0	0.0	2.0	1.0	0.5	0.5	7
CNTY	4.3	1.5	2.0	0.0	1.0	1.0	0.0	0.5	6
COCO	1.1	0.5	0.0	0.0	0.0	1.0	0.0	0.0	7
COO	2.9	1.0	1.0	0.0	0.5	0.5	1.0	0.0	7
COST	1.8	1.0	0.5	0.0	0.0	1.0	0.0	0.0	7
COLB	1.8	0.5	0.0	0.0	1.0	1.0	0.0	0.0	6
CRAI	1.8	0.5	0.0	0.0	1.5	0.5	0.0	0.0	7
CRCT	2.1	0.0	1.5	0.0	0.0	1.5	0.0	0.0	7
COGT	1.8	0.0	0.0	0.0	0.5	2.0	0.0	0.0	7
CRON	2.5	1.5	0.5	0.0	0.0	0.5	0.0	1.0	7
CRNC	3.6	2.0	0.5	0.0	1.0	1.5	0.0	0.0	7
CSGP	2.1	0.5	1.5	0.0	0.0	0.5	0.5	0.0	7
CRWD	2.5	1.0	1.5	0.0	0.0	0.5	0.5	0.0	7
CRIS	4.3	2.0	2.0	0.0	0.0	0.0	1.5	0.5	7
CSWC	2.9	0.5	0.5	0.0	1.0	1.5	0.5	0.0	7
CTBI	3.6	0.5	1.0	1.0	1.0	1.5	0.0	0.0	6
CRSR	4.3	2.0	1.0	0.0	0.0	1.5	0.5	1.0	7
CVCO	1.8	1.5	0.0	0.0	0.0	1.0	0.0	0.0	7
CVRX	4.6	0.5	2.0	0.0	2.0	0.5	1.0	0.5	7
CTRN	3.9	2.0	0.0	0.0	1.5	1.0	0.0	1.0	7
CYPH	2.1	1.0	0.5	0.0	0.0	0.0	1.0	0.5	7
CZR	5.0	2.0	1.5	0.0	2.0	1.5	0.0	0.0	7
BO.CO	3.2	1.5	0.5	0.0	0.5	1.0	1.0	0.0	5
CHEMM.CO	2.5	1.5	0.0	0.0	0.0	1.0	1.0	0.0	5
ALMB.CO	2.9	1.0	0.0	0.0	0.0	1.0	1.0	1.0	5
FFARMS.CO	5.4	0.0	0.5	2.0	1.0	1.0	1.0	2.0	5
AOJb.CO	2.9	1.0	0.5	0.0	0.5	1.0	1.0	0.0	5
DEMANT.CO	5.0	0.5	1.5	0.0	1.5	1.0	1.0	1.5	5
FOBANK.CO	2.9	0.0	0.0	0.0	1.0	1.0	1.0	1.0	3
GN.CO	3.2	1.5	0.0	0.0	1.0	1.0	1.0	0.0	5
DNORD.CO	4.3	0.0	1.0	2.0	0.5	1.0	1.0	0.5	5
JDAN.CO	4.6	0.0	1.0	0.0	1.5	1.0	1.0	2.0	5
HLUNB.CO	2.1	0.0	0.5	0.0	0.5	1.0	1.0	0.0	5
GYLDb.CO	2.9	0.0	0.5	0.0	0.5	1.0	1.0	1.0	4
KRE.CO	4.6	0.0	1.0	2.0	1.0	1.0	1.0	0.5	4
MNBA.CO	2.5	0.0	0.5	0.0	1.0	1.0	1.0	0.0	4
LUXORb.CO	3.9	0.0	0.0	0.0	1.5	1.0	1.0	2.0	5
NOVO-B.CO	2.5	0.0	1.0	0.0	0.5	1.0	1.0	0.0	5
NKT.CO	2.5	0.5	0.0	0.0	0.0	1.0	1.0	1.0	4
ORSTED.CO	3.2	0.5	0.0	0.0	0.5	1.0	1.0	1.5	5
PNDORA.CO	4.3	1.5	0.5	0.0	2.0	1.0	1.0	0.0	5
TCM.CO	2.9	1.0	0.5	0.0	0.5	1.0	1.0	0.0	5
RILBA.CO	3.2	0.0	1.5	0.0	1.0	1.0	1.0	0.0	4
SCHO.CO	4.3	1.0	1.5	0.0	0.5	1.0	1.0	1.0	5
TRMD-A.CO	3.2	0.0	1.5	0.0	0.5	1.0	1.0	0.5	5
SOLARb.CO	3.9	1.0	1.5	0.0	1.0	1.0	1.0	0.0	5
VWS.CO	3.2	1.0	0.5	0.0	1.0	1.0	1.0	0.0	5
DCGO	2.5	1.0	1.5	0.0	0.0	0.5	0.5	0.0	7
DERM	2.9	1.0	0.0	0.0	0.5	2.0	0.0	0.5	7
DH	4.3	1.5	1.0	0.0	1.0	0.5	0.5	1.5	7
DFTX	3.2	2.0	0.5	0.0	0.0	1.0	1.0	0.0	7
DKNG	4.3	1.5	1.5	0.0	2.0	1.0	0.0	0.0	7
DMRA	4.3	1.5	0.0	1.0	1.0	2.0	0.0	0.5	6
DNTH	2.5	0.0	0.5	1.0	0.0	2.0	0.0	0.0	7
DOMO	3.9	1.5	1.0	0.0	1.0	1.5	0.5	0.0	6
DASH.US	2.9	2.0	0.5	0.0	0.5	1.0	0.0	0.0	7
DRH	2.1	1.0	0.5	0.0	0.5	1.0	0.0	0.0	7
DOX	2.1	0.0	0.5	0.0	0.5	1.5	0.5	0.0	7
DSP	2.5	1.0	0.0	0.0	0.0	1.5	1.0	0.0	7
DSGN	2.9	1.5	0.0	0.0	0.0	1.5	0.0	1.0	7
DXCM	2.9	1.5	1.0	0.0	0.5	1.0	0.0	0.0	7
AIRARABIA.AE	2.9	0.0	0.5	0.0	0.5	1.0	1.0	1.0	5
AMANAT.AE	3.6	0.0	2.0	0.0	0.0	1.0	1.0	1.0	5
DSI.AE	2.9	0.0	0.0	2.0	0.0	1.0	1.0	0.0	5
CBD.AE	3.6	0.0	1.0	0.0	1.0	1.0	1.0	1.0	4
EMAAR.AE	2.9	0.0	1.0	0.0	0.0	1.0	1.0	1.0	5
DFM.AE	3.6	0.0	1.0	0.0	0.0	1.0	1.0	2.0	5
PARKIN.AE	3.2	0.5	0.5	0.0	1.5	1.0	1.0	0.0	5
SPINNEYS.AE	4.3	0.0	1.0	0.0	1.5	1.0	1.0	1.5	5
TECOM.AE	3.6	0.0	0.5	0.0	0.5	1.0	1.0	2.0	5
EBC	2.1	0.5	0.0	0.0	1.0	1.5	0.0	0.0	6
EMPOWER.AE	4.6	0.0	1.0	0.0	1.5	1.0	1.0	2.0	5
EIKN	4.6	1.0	1.5	0.0	0.5	1.5	1.0	1.0	6
EGBN	3.9	1.0	1.5	0.0	1.0	2.0	0.0	0.0	6
EDIT	3.6	2.0	0.0	0.0	0.0	2.0	0.5	0.5	7
EMAT	5.4	0.0	2.0	0.0	1.0	0.5	2.0	2.0	6
ERII	2.9	1.0	2.0	0.0	0.0	1.0	0.0	0.0	7
ENPH	3.2	1.5	1.0	0.0	0.5	1.0	0.5	0.0	7
ENTG	3.2	1.5	1.0	0.0	1.0	1.0	0.0	0.0	7
ETOR	2.1	1.0	1.5	0.0	0.0	0.5	0.0	0.0	6
ESQ	1.8	0.0	0.0	0.0	1.0	1.5	0.0	0.0	6
EQIX	2.9	1.0	0.5	0.0	1.5	1.0	0.0	0.0	7
EVLV	3.9	1.5	2.0	0.0	0.5	1.0	0.5	0.0	7
EXC	2.9	0.0	1.5	0.0	1.5	1.0	0.0	0.0	7
EXTR	2.9	1.5	0.0	0.0	1.5	1.0	0.0	0.0	7
FCEL	3.6	2.0	0.0	1.0	0.0	1.0	1.0	0.0	7
FDMT	3.2	2.0	0.0	0.0	0.0	2.0	0.0	0.5	7
FAST	2.5	0.5	1.0	0.0	0.0	1.5	0.5	0.0	7
EZPW	2.5	0.5	0.5	0.0	0.5	2.0	0.0	0.0	7
FFBC	2.9	1.0	0.0	0.0	1.0	1.5	0.5	0.0	6
EXLS	1.8	1.0	0.0	0.0	0.5	1.0	0.0	0.0	7
FHB	2.5	0.5	0.5	0.0	1.0	1.5	0.0	0.0	6
FIP	5.7	2.0	2.0	0.0	2.0	2.0	0.0	0.0	7
FISV	5.0	1.0	2.0	0.0	1.0	1.0	1.0	1.0	2
FLNC	4.6	2.0	2.0	0.0	1.0	1.0	0.0	0.5	7
FIZZ	4.3	1.0	1.5	0.0	0.0	2.0	0.0	1.5	7
FOXA	1.8	0.5	0.0	0.0	0.5	1.5	0.0	0.0	7
FLGT	2.1	1.0	0.0	0.0	0.0	1.5	0.0	0.5	7
FMBH	2.5	0.5	1.0	0.0	1.0	1.0	0.0	0.0	6
FORM	2.5	1.0	1.5	0.0	0.0	0.5	0.5	0.0	7
FRME	3.2	1.0	0.0	0.0	1.0	1.5	1.0	0.0	6
FROG	2.9	1.5	1.0	0.0	0.0	1.0	0.5	0.0	7
FTDR	3.6	1.5	0.0	0.0	2.0	1.5	0.0	0.0	7
FSLR	2.9	1.5	1.5	0.0	0.0	1.0	0.0	0.0	7
FWONA	1.8	0.5	0.0	0.0	0.5	1.5	0.0	0.0	7
FRST	3.2	0.5	1.0	0.0	1.0	1.0	1.0	0.0	6
FULT	2.9	0.5	0.5	0.0	1.0	1.5	0.5	0.0	6
FWRG	3.9	1.0	1.5	0.0	1.5	1.5	0.0	0.0	7
22UA.DE	3.2	1.5	0.0	0.0	0.0	1.0	1.0	1.0	5
1GBS.DE	5.4	0.0	1.5	2.0	1.0	1.0	1.0	1.0	3
690D.DE	2.5	0.0	1.0	0.0	0.5	1.0	1.0	0.0	5
A7A.DE	2.5	0.5	0.0	0.0	0.0	1.0	1.0	1.0	4
A1OS.DE	4.6	0.5	1.5	0.0	1.5	1.0	1.0	1.0	5
2M6.DE	2.1	0.5	0.0	0.0	0.5	1.0	1.0	0.0	5
ABS2.DE	4.3	1.0	0.5	1.0	0.5	1.0	1.0	1.0	5
ADJ.DE	4.6	1.5	0.0	0.0	2.0	1.0	1.0	1.0	5
ADV.DE	1.8	0.0	0.5	0.0	0.0	1.0	1.0	0.0	5
AG1.DE	6.4	2.0	1.5	1.0	1.5	1.0	1.0	1.0	5
ACWN.DE	2.9	0.0	0.5	0.0	0.0	1.0	1.0	1.5	5
AMM.DE	3.6	0.0	1.0	0.0	2.0	1.0	1.0	0.0	5
AJ91.DE	5.0	1.0	2.0	1.0	0.0	1.0	1.0	1.0	4
AAPL.EUR	2.9	1.0	1.0	0.0	0.5	1.0	0.5	0.0	7
AOF.DE	3.6	1.5	0.5	0.0	0.0	1.0	1.0	1.0	5
B7E.DE	3.6	0.5	1.5	0.0	0.5	1.0	1.0	0.5	5
ALV.DE	3.2	0.5	0.5	0.0	0.5	1.0	1.0	1.0	4
BAYN.DE	2.9	1.0	0.0	0.0	1.0	1.0	1.0	0.0	5
BEI.DE	2.5	0.0	0.5	0.0	0.0	1.0	1.0	1.0	5
BIJ.DE	3.2	0.5	0.5	0.0	0.5	1.0	1.0	1.0	5
BNR.DE	2.9	0.5	0.5	0.0	1.0	1.0	1.0	0.0	5
BKHT.DE	4.6	1.0	0.5	2.0	0.0	1.0	1.0	1.0	5
BSL.DE	3.9	2.0	0.0	0.0	0.5	1.0	1.0	1.0	5
CA1.DE	4.6	1.5	2.0	0.0	0.0	1.0	1.0	1.0	5
BYW6.DE	4.3	0.0	1.5	0.0	1.0	1.0	1.0	1.5	4
CCAP.DE	6.1	0.5	1.0	2.0	2.0	1.0	1.0	1.0	4
CEC.DE	5.4	1.5	0.5	0.0	2.0	1.0	1.0	1.5	5
BWB.DE	3.6	0.5	0.0	0.0	1.0	1.0	1.0	1.5	4
CHG.DE	2.5	0.0	0.0	0.0	0.5	1.0	1.0	1.0	4
CY1K.DE	3.9	1.0	1.5	0.0	0.0	1.0	1.0	1.0	4
CRZK.DE	5.7	1.0	2.0	1.0	1.0	1.0	1.0	1.0	2
DEQ.DE	3.9	0.0	0.5	0.0	1.0	1.0	1.0	2.0	5
DAM.DE	2.1	0.0	0.0	0.0	0.0	1.0	1.0	1.0	4
DFTK.DE	5.7	1.0	1.5	1.0	0.5	1.0	1.0	2.0	4
DBAN.DE	3.6	1.0	1.5	0.0	0.0	1.0	1.0	0.5	5
DHL.DE	3.6	1.0	1.0	0.0	1.0	1.0	1.0	0.0	5
DTG.DE	3.2	1.0	0.0	0.0	1.0	1.0	1.0	0.5	5
DOU.DE	5.7	1.0	2.0	0.0	1.5	1.0	1.0	1.5	5
DLX.DE	3.6	0.0	0.0	2.0	0.0	1.0	1.0	1.0	5
DRW8.DE	3.2	0.5	1.0	1.0	0.0	1.0	1.0	0.0	5
DWS.DE	3.2	1.0	0.0	0.0	0.0	1.0	1.0	1.5	5
ECF.DE	3.6	0.0	0.0	2.0	0.0	1.0	1.0	1.0	4
EKT.DE	5.4	0.5	2.0	0.0	2.0	1.0	1.0	1.0	5
ERAG.DE	3.9	1.5	0.5	0.0	0.0	1.0	1.0	1.5	5
EMH.DE	3.2	0.5	0.0	1.0	1.0	1.0	1.0	0.0	4
FAA.DE	3.6	1.0	0.5	0.0	0.5	1.0	1.0	1.0	5
FTK.DE	3.6	1.0	1.0	1.0	0.0	1.0	1.0	0.0	5
EVK.DE	3.9	0.5	1.5	0.0	0.5	1.0	1.0	1.0	5
G24.DE	2.9	0.5	1.0	0.0	0.5	1.0	1.0	0.0	5
EDL.DE	3.6	0.5	0.0	0.0	1.0	1.0	1.0	1.5	5
FNTN.DE	2.9	0.0	1.5	0.0	0.5	1.0	1.0	0.0	5
GMM.DE	4.6	1.0	0.5	0.0	1.0	1.0	1.0	2.0	5
GTK.DE	3.9	0.0	0.0	0.0	1.5	1.0	1.0	2.0	5
GFT.DE	3.9	1.0	1.5	0.0	0.5	1.0	1.0	0.5	5
FRA.DE	5.0	1.0	1.0	0.0	1.5	1.0	1.0	1.5	5
H2O.DE	4.3	1.0	2.0	0.0	0.0	1.0	1.0	1.0	4
HAG.DE	3.9	0.0	0.0	1.0	1.5	1.0	1.0	1.0	5
HEN3.DE	2.1	0.5	0.0	0.0	0.5	1.0	1.0	0.0	5
HDD.DE	4.3	1.5	1.0	0.0	0.5	1.0	1.0	1.0	4
HIGH.DE	2.9	0.0	0.0	0.0	1.0	1.0	1.0	1.0	3
HPHA.DE	4.6	0.5	1.5	0.0	1.0	1.0	1.0	1.5	4
HLG.DE	3.9	0.0	1.0	0.0	1.0	1.0	1.0	1.5	4
HNR1.DE	2.1	0.0	0.0	0.0	0.0	1.0	1.0	1.0	5
HYQ.DE	5.0	2.0	2.0	0.0	0.5	1.0	1.0	0.5	5
IS7.DE	6.4	0.0	2.0	2.0	1.5	1.0	1.0	1.5	5
IFX.DE	3.2	2.0	0.0	0.0	0.5	1.0	1.0	0.0	5
JDC.DE	5.4	0.5	2.0	1.0	1.0	1.0	1.0	1.0	5
IUR.DE	6.8	1.0	1.5	2.0	1.5	1.0	1.0	1.5	5
INS.DE	3.9	1.5	1.5	0.0	0.5	1.0	1.0	0.0	5
KBX.DE	4.3	1.0	0.0	1.0	0.5	1.0	1.0	1.5	5
KRN.DE	3.9	1.0	1.5	0.0	0.0	1.0	1.0	1.0	5
KSC.DE	4.3	1.0	1.0	0.0	1.5	1.0	1.0	0.5	5
JUN3.DE	4.3	1.5	1.5	0.0	1.0	1.0	1.0	0.0	5
LEI.DE	4.6	1.0	1.5	1.0	0.0	1.0	1.0	1.0	5
LIK.DE	3.6	1.0	0.5	0.0	0.5	1.0	1.0	1.0	4
KWG.DE	3.2	0.0	0.5	0.0	0.0	1.0	1.0	2.0	5
LQAG.DE	2.5	0.5	0.0	0.0	0.5	1.0	1.0	0.5	5
M3V.DE	5.7	0.0	1.5	2.0	1.0	1.0	1.0	1.5	4
LXS.DE	4.3	1.0	1.0	0.0	1.0	1.0	1.0	1.0	4
MBB.DE	3.6	1.0	0.5	0.0	0.0	1.0	1.0	1.5	5
M7U.DE	3.9	1.0	1.5	0.0	0.0	1.0	1.0	1.0	4
MBQ.DE	5.4	1.5	1.0	1.0	1.0	1.0	1.0	1.0	3
MPCK.DE	2.9	0.0	0.5	0.0	0.0	1.0	1.0	1.5	5
MSAG.DE	2.5	0.0	0.0	0.0	0.5	1.0	1.0	1.0	4
MUX.DE	3.9	0.5	1.0	0.0	1.5	1.0	1.0	0.5	5
MXHN.DE	3.6	0.0	1.5	0.0	0.0	1.0	1.0	1.5	5
META.EUR	2.5	1.0	1.0	0.0	0.5	0.5	0.5	0.0	7
N4G0.DE	3.9	2.0	0.5	0.0	0.0	1.0	1.0	1.0	5
MUB.DE	3.2	0.0	0.5	0.0	1.0	1.0	1.0	1.0	3
NC5A.DE	3.2	0.5	1.5	0.0	0.5	1.0	1.0	0.0	5
NDX1.DE	3.9	1.0	0.0	1.0	0.5	1.0	1.0	1.0	5
NFN.DE	5.0	0.5	1.0	2.0	0.0	1.0	1.0	1.5	5
OBS.DE	2.5	0.0	1.5	0.0	0.0	1.0	1.0	0.0	5
NTG.DE	3.6	1.0	0.5	0.0	0.5	1.0	1.0	1.0	5
PDA0.DE	5.4	0.0	1.5	2.0	1.0	1.0	1.0	1.0	3
PAH3.DE	3.6	1.0	2.0	0.0	0.0	1.0	1.0	0.0	5
NVM.DE	6.1	1.5	2.0	0.0	1.5	1.0	1.0	1.5	5
QB7.DE	4.3	0.5	1.5	0.0	1.0	1.0	1.0	1.0	4
PSH0.DE	3.9	0.5	1.0	1.0	1.0	1.0	1.0	0.0	4
PWO.DE	3.6	0.5	1.0	0.0	0.5	1.0	1.0	1.0	5
RAW.DE	5.0	1.5	1.0	0.0	1.0	1.0	1.0	1.5	4
RHM.DE	3.6	0.0	1.5	1.0	0.5	1.0	1.0	0.0	5
RTC.DE	2.1	0.5	0.5	0.0	0.0	1.0	1.0	0.0	5
R1B.DE	2.5	0.0	0.5	0.0	0.0	1.0	1.0	1.0	4
PLTR.EUR	2.5	1.5	1.0	0.0	0.0	0.5	0.5	0.0	7
SB1.DE	3.9	1.0	1.5	0.0	0.0	1.0	1.0	1.0	5
SAP.DE	1.8	0.5	0.0	0.0	0.0	1.0	1.0	0.0	5
SCE.DE	4.6	1.5	0.5	0.0	1.0	1.0	1.0	1.5	5
S188.DE	3.2	0.0	1.0	0.0	0.0	1.0	1.0	1.5	5
SHL.DE	3.9	1.0	0.5	0.0	0.5	1.0	1.0	1.5	5
SIX2.DE	4.3	1.0	0.0	0.0	1.5	1.0	1.0	1.5	5
SKB.DE	4.3	1.0	1.0	0.0	1.0	1.0	1.0	1.0	5
SFQ.DE	4.3	1.5	1.0	0.0	1.5	1.0	1.0	0.0	5
SMHN.DE	2.9	2.0	0.0	0.0	0.0	1.0	1.0	0.0	5
ST5.DE	6.1	1.0	1.5	2.0	0.5	1.0	1.0	1.5	5
SUR.DE	5.7	0.5	2.0	2.0	1.0	1.0	1.0	0.5	5
SZG.DE	3.9	2.0	0.0	0.0	0.5	1.0	1.0	1.0	5
SY1.DE	2.9	0.5	1.0	0.0	0.5	1.0	1.0	0.0	5
TGHN.DE	2.9	0.0	0.0	1.0	0.0	1.0	1.0	1.0	4
TKA.DE	2.9	1.5	0.5	0.0	0.0	1.0	1.0	0.0	5
TLX.DE	3.2	0.0	0.5	0.0	0.5	1.0	1.0	1.5	5
TTK.DE	3.6	0.5	0.5	0.0	0.5	1.0	1.0	1.5	5
TPE.DE	3.2	1.5	0.0	0.0	0.5	1.0	1.0	0.5	5
UMD.DE	3.6	1.0	1.0	0.0	0.0	1.0	1.0	1.0	4
UTDI.DE	3.2	0.0	0.5	0.0	1.0	1.0	1.0	1.0	5
V3V.DE	6.4	0.5	1.0	2.0	2.0	1.0	1.0	1.5	5
VEZ.DE	3.6	0.0	1.5	0.0	0.5	1.0	1.0	1.0	5
TUI1.DE	4.3	1.5	1.0	0.0	1.5	1.0	1.0	0.0	5
VIB3.DE	4.3	1.0	2.0	0.0	1.0	1.0	1.0	0.0	5
VRV.DE	4.6	1.0	2.0	0.0	1.0	1.0	1.0	0.5	5
VOW3.DE	3.9	1.0	1.5	0.0	1.0	1.0	1.0	0.0	5
WAC.DE	3.9	1.5	0.5	0.0	0.0	1.0	1.0	1.5	5
WCH.DE	2.9	0.5	0.0	0.0	0.5	1.0	1.0	1.0	4
ZAL.DE	3.2	1.5	0.5	0.0	0.5	1.0	1.0	0.0	5
XTP.DE	4.6	0.0	1.5	1.0	1.0	1.0	1.0	1.0	3
WFA.DE	3.9	1.5	1.0	0.0	0.0	1.0	1.0	1.0	4
WSU.DE	4.3	0.5	1.5	0.0	1.5	1.0	1.0	0.5	5
GAIN	2.1	0.5	0.0	0.0	1.0	0.5	0.0	1.0	6
GCMG	3.2	1.0	0.5	0.0	2.0	0.5	0.5	0.0	7
GDRX	2.5	1.5	0.0	0.0	1.0	1.0	0.0	0.0	7
GEHC	2.9	1.0	0.5	0.0	1.0	1.5	0.0	0.0	7
GENB	2.5	1.0	0.5	0.0	0.0	1.0	0.0	1.0	6
GERN	2.5	0.5	1.0	0.0	0.5	1.5	0.0	0.0	7
GGAL	2.9	0.0	0.5	1.0	1.0	1.5	0.0	0.0	6
GHRS	4.3	1.5	0.0	1.0	0.0	2.0	0.5	1.0	7
GILT	4.6	1.0	1.5	2.0	0.0	1.0	1.0	0.0	7
GLBS	2.9	0.0	0.5	0.0	0.5	1.0	1.0	1.0	7
GLNG	2.1	0.0	0.0	0.0	1.0	1.5	0.5	0.0	7
GLRE	2.1	0.0	0.0	0.0	0.0	1.5	1.0	0.5	7
GOOG	2.1	1.5	0.0	0.0	0.0	1.0	0.5	0.0	7
GPRO	3.2	2.0	0.0	0.0	1.0	0.0	1.0	0.5	6
GRFS	3.6	1.5	1.0	0.0	1.0	1.5	0.0	0.0	7
GPCR	3.9	1.5	2.0	0.0	0.0	1.5	0.0	0.5	7
GO	2.9	0.5	0.0	0.0	1.5	1.5	0.5	0.0	7
GRWG	2.1	2.0	0.0	0.0	0.0	1.0	0.0	0.0	7
HAIN	4.3	1.0	2.0	0.0	2.0	0.5	0.0	0.5	7
GT	5.0	1.5	2.0	0.0	2.0	1.0	0.5	0.0	7
HAS	2.5	0.0	0.0	0.0	2.0	1.0	0.5	0.0	7
GSHD	3.6	1.5	0.5	0.0	1.0	1.5	0.5	0.0	6
GRRR	1.4	0.0	0.5	0.0	0.5	1.0	0.0	0.0	7
GMAB.US	3.6	0.5	1.0	1.0	1.0	0.5	1.0	0.0	7
HCM	1.8	0.0	0.5	0.0	0.0	0.5	1.0	0.5	7
GTX.US	2.9	1.0	0.0	0.0	1.0	0.5	1.5	0.0	6
HBT	3.9	0.0	1.5	0.0	1.0	1.5	0.5	1.0	6
HIFS	3.2	1.0	0.0	0.0	1.0	1.5	0.5	0.5	6
HMH	2.9	1.0	0.5	0.0	0.0	1.0	0.5	1.0	5
HOFT	1.1	1.0	0.0	0.0	0.0	0.5	0.0	0.0	7
HELE	3.2	1.5	0.5	0.0	1.0	1.5	0.0	0.0	7
HLIT	2.5	1.5	0.5	0.0	0.5	1.0	0.0	0.0	7
HOVR	2.9	2.0	1.0	0.0	0.0	1.0	0.0	0.0	7
HONA	2.9	1.0	1.5	0.0	1.0	0.5	0.0	0.0	5
HPK	4.3	0.0	1.0	0.0	0.5	2.0	0.5	2.0	7
HSPOF	5.0	0.0	1.5	2.0	1.0	0.0	0.5	2.0	6
HRMY	2.5	1.0	1.0	0.0	0.0	1.0	0.5	0.0	7
HRZN	3.2	1.0	0.5	0.0	1.0	1.0	0.0	1.0	6
HWH	2.9	0.0	0.5	0.0	0.0	0.0	1.5	2.0	7
HYMC	3.6	2.0	0.5	0.0	0.0	1.5	0.0	1.0	7
HTO	2.1	0.0	0.0	0.0	1.0	2.0	0.0	0.0	7
HTFL	3.6	1.0	1.5	1.0	0.0	0.5	0.5	0.5	6
AIFORIA.HE	3.6	0.0	1.5	0.0	0.5	1.0	1.0	1.0	5
HURN	2.5	0.0	0.5	0.0	1.5	1.0	0.5	0.0	7
ALEX.HE	2.9	1.0	0.0	0.0	0.0	1.0	1.0	1.0	4
EASOR.HE	6.8	1.0	2.0	2.0	1.5	1.0	1.0	1.0	3
BITTI.HE	2.5	0.0	1.0	0.0	0.0	1.0	1.0	0.5	5
EQV1V.HE	3.2	0.0	1.0	0.0	0.0	1.0	1.0	1.5	5
CTY1S.HE	4.3	0.5	0.5	0.0	1.0	1.0	1.0	2.0	5
APETIT.HE	2.5	0.0	1.0	0.0	0.0	1.0	1.0	0.5	5
HARVIA.HE	3.2	1.5	0.5	0.0	0.5	1.0	1.0	0.0	5
FIA1S.HE	4.3	1.5	0.0	0.0	1.5	1.0	1.0	1.0	5
HKFOODS.HE	3.2	0.5	0.0	0.0	1.0	1.0	1.0	1.0	5
FSKRS.HE	4.3	1.0	0.5	0.0	1.0	1.0	1.0	1.5	5
KEMIRA.HE	2.5	0.0	0.5	0.0	0.5	1.0	1.0	0.5	5
KESKOB.HE	3.2	0.5	1.0	0.0	1.0	1.0	1.0	0.0	5
ILKKA.HE	3.2	0.0	1.5	0.0	0.0	1.0	1.0	1.0	5
LUOTEA.HE	3.2	0.0	2.0	0.0	0.5	1.0	1.0	0.0	5
METSB.HE	1.8	0.0	0.0	0.0	0.5	1.0	1.0	0.0	5
LASTIK.HE	3.6	1.0	1.0	0.0	1.0	1.0	1.0	0.0	4
NESTE.HE	3.6	0.5	1.0	0.0	0.5	1.0	1.0	1.0	5
PUUILO.HE	3.2	0.5	0.5	0.0	1.5	1.0	1.0	0.0	5
PAMPALO.HE	3.6	1.0	0.0	1.0	0.0	1.0	1.0	1.0	4
REG1V.HE	4.6	1.0	2.0	0.0	1.5	1.0	1.0	0.0	5
NXTMH.HE	2.9	0.0	1.0	0.0	0.5	1.0	1.0	0.5	5
SAMPO.HE	2.9	0.0	1.0	0.0	0.5	1.0	1.0	0.5	5
SCANFL.HE	3.9	0.5	1.0	0.0	0.5	1.0	1.0	1.5	5
ORIOLA.HE	4.3	0.0	1.5	1.0	1.0	1.0	1.0	0.5	5
SUMMA.HE	4.3	1.0	2.0	1.0	0.0	1.0	1.0	0.0	4
SSABAH.HE	3.2	1.5	1.0	0.0	0.0	1.0	1.0	0.0	5
VAIAS.HE	3.2	0.5	1.5	0.0	0.0	1.0	1.0	0.5	5
TNOM.HE	5.0	1.5	2.0	0.0	1.5	1.0	1.0	0.0	5
VIK1V.HE	2.9	0.0	0.0	0.0	0.5	1.0	1.0	1.5	5
TYRES.HE	3.2	1.5	0.5	0.0	0.5	1.0	1.0	0.0	5
00001.HK	2.9	0.5	0.5	0.0	0.5	1.0	1.0	0.5	5
00016.HK	3.2	1.0	0.5	0.0	0.0	1.0	1.0	1.0	5
00027.HK	3.2	0.5	1.0	0.0	0.0	1.0	1.0	1.0	5
00175.HK	3.2	0.0	1.5	0.0	0.0	1.0	1.0	1.0	5
00384.HK	4.6	1.0	1.5	0.0	1.0	1.0	1.0	1.0	5
00981.HK	2.1	0.0	0.5	0.0	0.5	1.0	1.0	0.0	5
00857.HK	1.8	0.5	0.0	0.0	0.0	1.0	1.0	0.0	5
00268.HK	2.9	1.0	1.0	0.0	0.0	1.0	1.0	0.0	5
01113.HK	2.5	0.5	0.0	0.0	0.0	1.0	1.0	1.0	5
01177.HK	2.9	0.5	0.0	0.0	0.5	1.0	1.0	1.0	5
01928.HK	5.0	0.0	2.0	0.0	2.0	1.0	1.0	1.0	4
02196.HK	2.1	0.0	0.5	0.0	0.5	1.0	1.0	0.0	5
02388.HK	3.9	0.0	1.0	0.0	1.0	1.0	1.0	1.5	4
03908.HK	3.6	1.0	0.0	0.0	2.0	1.0	1.0	0.0	5
02319.HK	2.1	0.0	0.0	0.0	0.5	1.0	1.0	0.5	5
03690.HK	2.5	0.0	1.0	0.0	0.5	1.0	1.0	0.0	5
0700.HK	3.6	0.5	1.5	0.0	0.5	1.0	1.0	0.5	5
0688.HK	3.6	0.5	0.5	0.0	0.5	1.0	1.0	1.5	5
06060.HK	3.6	1.0	1.5	0.0	0.0	1.0	1.0	0.5	5
0762.HK	4.3	0.5	2.0	0.0	0.0	1.0	1.0	1.5	5
0914.HK	2.5	0.0	1.5	0.0	0.0	1.0	1.0	0.0	5
0941.HK	2.9	0.0	0.5	0.0	0.0	1.0	1.0	1.5	5
1072.HK	3.2	0.5	2.0	0.0	0.0	1.0	1.0	0.0	5
1038.HK	3.6	0.5	1.0	0.0	0.0	1.0	1.0	1.5	5
1109.HK	3.2	0.5	0.5	0.0	0.5	1.0	1.0	1.0	5
1193.HK	3.6	0.5	0.5	0.0	0.5	1.0	1.0	1.5	5
1171.HK	2.5	0.5	0.5	0.0	0.5	1.0	1.0	0.0	5
0998.HK	2.9	0.0	1.0	0.0	1.0	1.0	1.0	0.0	4
1288.HK	3.2	0.0	1.5	0.0	1.0	1.0	1.0	0.0	4
1317.HK	4.6	0.0	2.0	0.0	1.5	1.0	1.0	1.0	5
1347.HK	3.9	1.5	0.5	0.0	0.5	1.0	1.0	1.0	5
1398.HK	3.2	0.0	1.5	0.0	1.0	1.0	1.0	0.0	4
1658.HK	2.5	0.0	0.5	0.0	1.0	1.0	1.0	0.0	4
1585.HK	4.3	0.5	2.0	0.0	0.0	1.0	1.0	1.5	5
1776.HK	3.6	1.0	0.0	0.0	2.0	1.0	1.0	0.0	5
151.HK	3.9	0.0	2.0	0.0	0.0	1.0	1.0	1.5	5
1766.HK	1.8	0.0	0.5	0.0	0.0	1.0	1.0	0.0	5
1873.HK	4.6	1.5	0.0	2.0	0.0	1.0	1.0	1.0	5
1800.HK	4.3	0.5	2.0	0.0	1.5	1.0	1.0	0.0	5
1816.HK	2.5	0.0	0.0	0.0	1.5	1.0	1.0	0.0	5
1898.HK	2.5	0.0	1.0	0.0	0.5	1.0	1.0	0.0	5
1929.HK	4.6	0.5	1.5	0.0	1.0	1.0	1.0	1.5	5
1988.HK	2.5	0.0	0.5	0.0	1.0	1.0	1.0	0.0	4
2016.HK	2.5	0.5	0.0	0.0	1.0	1.0	1.0	0.0	4
2007.HK	6.1	2.0	1.5	0.0	2.0	1.0	1.0	1.0	5
2238.HK	2.5	0.0	1.0	0.0	0.5	1.0	1.0	0.0	5
2328.HK	1.4	0.0	0.0	0.0	0.0	1.0	1.0	0.0	5
2423.HK	1.8	0.0	0.0	0.0	0.0	1.0	1.0	0.5	5
2600.HK	3.9	1.5	1.5	0.0	0.5	1.0	1.0	0.0	5
2338.HK	2.9	1.5	0.0	0.0	0.5	1.0	1.0	0.0	5
2611.HK	3.2	0.0	0.5	0.0	2.0	1.0	1.0	0.0	5
288.HK	3.6	0.0	1.5	0.0	0.5	1.0	1.0	1.0	5
291.HK	3.2	0.0	1.5	0.0	0.0	1.0	1.0	1.0	5
267.HK	5.0	1.0	0.5	0.0	1.5	1.0	1.0	2.0	5
3759.HK	3.2	0.5	1.5	0.0	0.5	1.0	1.0	0.0	5
3618.HK	2.1	0.0	0.0	0.0	1.0	1.0	1.0	0.0	4
3323.HK	4.3	1.5	1.5	0.0	1.0	1.0	1.0	0.0	5
341.HK	2.5	0.0	0.0	0.0	0.5	1.0	1.0	1.0	5
300.HK	2.1	0.5	0.0	0.0	0.5	1.0	1.0	0.0	5
3968.HK	2.5	0.0	0.5	0.0	1.0	1.0	1.0	0.0	4
6099.HK	3.6	0.5	0.5	0.0	2.0	1.0	1.0	0.0	5
6181.HK	4.3	0.5	1.5	0.0	0.5	1.0	1.0	1.5	5
3996.HK	3.9	0.5	1.5	0.0	1.5	1.0	1.0	0.0	5
6030.HK	3.9	0.5	1.5	0.0	1.5	1.0	1.0	0.0	5
3888.HK	2.5	0.5	0.5	0.0	0.0	1.0	1.0	0.5	5
6690.HK	2.9	0.0	1.5	0.0	0.5	1.0	1.0	0.0	5
6198.HK	2.1	0.5	0.5	0.0	0.0	1.0	1.0	0.0	5
6818.HK	3.2	0.0	1.5	0.0	1.0	1.0	1.0	0.0	4
6990.HK	2.1	0.0	0.0	0.0	0.0	1.0	1.0	1.0	5
9633.HK	3.6	0.0	1.5	0.0	0.0	1.0	1.0	1.5	5
9868.HK	4.3	1.0	2.0	0.0	1.0	1.0	1.0	0.0	5
83.HK	3.2	0.5	1.0	0.0	0.0	1.0	1.0	1.0	5
780.HK	3.6	0.0	2.0	0.0	0.0	1.0	1.0	1.0	5
9696.HK	3.2	0.5	2.0	0.0	0.0	1.0	1.0	0.0	5
960.HK	5.7	2.0	2.0	0.0	0.5	1.0	1.0	1.5	5
9961.HK	2.9	0.0	2.0	0.0	0.0	1.0	1.0	0.0	5
9901.HK	1.8	0.0	0.0	0.0	0.0	1.0	1.0	0.5	5
IBEX	2.1	0.5	1.0	0.0	0.5	0.5	0.5	0.0	7
IBRX	3.9	0.0	1.0	0.0	1.0	2.0	0.0	1.5	6
ICLR	2.9	1.5	0.5	0.0	0.5	1.0	0.5	0.0	7
IEP	5.7	0.5	1.5	0.0	2.0	2.0	0.0	2.0	7
IDXX	3.2	1.5	1.5	0.0	0.5	1.0	0.0	0.0	7
9999.HK	2.9	0.5	0.5	0.0	0.0	1.0	1.0	1.0	5
IMMR	2.9	1.0	0.5	0.0	0.5	1.5	0.5	0.0	7
IGIC	2.9	0.0	0.0	0.0	1.0	1.0	0.5	1.5	6
IMRX	2.9	0.0	1.5	0.0	0.0	2.0	0.0	0.5	7
ILMN	3.9	1.5	1.5	0.0	1.0	1.0	0.5	0.0	7
INBK	2.5	1.0	0.5	0.0	1.0	1.0	0.0	0.0	6
IMUX	3.2	1.5	0.5	0.0	0.0	1.5	1.0	0.0	7
INCY	2.1	0.5	0.0	1.0	0.0	1.5	0.0	0.0	7
INIO	5.7	1.0	1.5	1.0	2.0	1.0	0.5	1.0	6
INDV	2.5	1.0	0.5	0.0	1.0	1.0	0.0	0.0	6
INTR	4.3	1.0	0.5	1.0	1.0	0.5	1.5	0.5	6
INSM	3.6	1.0	1.0	1.0	1.0	1.0	0.0	0.0	7
INO	3.2	1.5	0.5	0.0	1.5	1.0	0.0	0.0	7
INVZ	4.3	1.5	2.0	0.0	0.5	1.5	0.0	0.5	7
IOVA	2.9	0.5	1.5	0.0	0.0	1.5	0.5	0.0	7
IPGP	2.9	1.0	1.0	0.0	0.0	1.5	0.0	0.5	7
IRD	2.1	0.5	0.0	0.0	1.0	0.5	0.5	0.5	6
ITRI	3.9	1.5	1.0	0.0	1.0	2.0	0.0	0.0	7
IRMD	2.9	1.0	0.0	0.0	1.0	1.5	0.0	0.5	6
INV.US	2.5	0.0	2.0	0.0	0.0	0.5	1.0	0.0	7
ISRLF	2.9	0.0	1.0	0.0	1.0	1.5	0.0	0.5	6
IRWD	2.1	0.0	0.0	0.0	1.0	2.0	0.0	0.0	6
IXHL	3.9	2.0	1.5	0.0	0.0	1.5	0.5	0.0	7
JACK	3.9	1.5	0.5	0.0	1.0	2.0	0.0	0.5	6
JAZZ	2.5	0.0	0.5	0.0	1.0	1.0	1.0	0.0	7
JRVR	3.2	0.0	2.0	0.0	0.5	1.5	0.5	0.0	7
JJSF	1.8	0.0	0.5	0.0	0.0	1.5	0.0	0.5	7
JBLU	4.3	1.5	1.5	0.0	2.0	1.0	0.0	0.0	7
KMB	4.3	0.0	1.5	0.0	2.0	2.0	0.5	0.0	7
KC	4.6	2.0	1.5	0.0	1.0	1.0	0.0	1.0	7
KRNT	2.5	2.0	1.0	0.0	0.0	0.5	0.0	0.0	7
KRUS	4.6	1.5	1.0	1.0	1.0	1.5	0.0	0.5	7
KURA	2.1	0.0	0.0	0.0	0.5	1.5	0.5	0.5	7
KRNY	3.2	0.5	0.5	0.0	1.0	1.0	1.5	0.0	6
KOD	5.0	2.0	1.0	0.0	1.0	2.0	0.0	1.0	7
KYIV	3.6	1.0	0.0	0.0	0.5	1.0	0.5	2.0	6
LAMR	3.6	1.5	0.0	0.0	2.0	1.5	0.0	0.0	7
LBTYK	3.6	0.5	1.5	0.0	1.0	1.5	0.5	0.0	7
KLTR	5.0	1.5	0.5	0.0	2.0	1.5	0.5	1.0	7
LAUR	2.5	0.0	1.0	0.0	0.5	1.0	1.0	0.0	7
LECO	2.1	1.5	0.0	0.0	0.5	0.5	0.5	0.0	7
LFCR	6.1	1.0	0.0	2.0	2.0	2.0	0.5	1.0	7
KELYA.US	2.1	1.0	1.0	0.0	0.0	1.0	0.0	0.0	7
LFTO	5.7	1.0	2.0	0.0	1.0	1.0	1.5	1.5	5
LGND	3.6	1.0	1.0	0.0	1.0	2.0	0.0	0.0	7
LIDR	3.2	2.0	1.5	0.0	0.0	0.0	1.0	0.0	7
LINE	4.3	1.0	0.5	0.0	1.0	1.5	0.5	1.5	7
LIN	2.5	0.5	0.0	1.0	0.5	1.0	0.5	0.0	7
LILA	3.6	0.5	1.5	0.0	2.0	0.5	0.5	0.0	7
LMAT	2.1	0.0	1.5	0.0	0.5	1.0	0.0	0.0	7
LKFN	2.5	0.5	0.0	0.0	1.0	2.0	0.0	0.0	6
LOGI	1.8	0.5	0.0	0.0	0.0	2.0	0.0	0.0	7
LNWO	3.9	0.5	1.0	0.0	2.0	1.5	0.5	0.0	7
LMRI	4.3	1.0	0.5	0.0	1.5	1.0	0.5	1.5	6
LTRX	1.8	1.5	0.0	0.0	0.0	0.5	0.5	0.0	7
LRCX	2.9	2.0	0.5	0.0	0.5	1.0	0.0	0.0	7
LUNR	3.9	2.0	1.0	1.0	0.5	1.0	0.0	0.0	7
LYEL	3.6	0.0	2.0	0.0	0.0	2.0	0.0	1.0	7
LZ	3.2	1.5	1.5	0.0	0.0	1.0	0.0	0.5	7
COR.LS	2.5	0.0	0.0	0.0	0.0	1.0	1.0	1.5	5
EGL.LS	4.3	1.0	0.0	0.0	2.0	1.0	1.0	1.0	4
IBS.LS	3.9	0.0	0.5	0.0	1.5	1.0	1.0	1.5	5
MAR.LS	3.9	0.5	0.5	0.0	1.5	1.0	1.0	1.0	4
NOS.LS	4.3	0.0	1.0	0.0	1.5	1.0	1.0	1.5	5
RAM.LS	2.9	0.0	0.5	0.0	0.0	1.0	1.0	1.5	5
SNC.LS	3.2	0.0	0.5	0.0	0.0	1.0	1.0	2.0	5
LPLA.US	2.5	0.5	0.0	0.0	1.0	1.0	1.0	0.0	7
VAF.LS	2.9	0.0	0.0	0.0	1.0	1.0	1.0	1.0	4
AAL.L	3.6	1.0	1.5	0.0	0.5	1.0	1.0	0.0	5
ADM.L	2.9	0.0	1.0	0.0	1.0	1.0	1.0	0.0	5
AJB.L	2.9	1.0	1.0	0.0	0.0	1.0	1.0	0.0	5
ALTN.L	3.6	1.5	0.0	0.0	0.0	1.0	1.0	1.5	5
ANTO.L	4.6	1.5	1.0	0.0	0.5	1.0	1.0	1.5	5
ATG.L	4.3	0.5	1.5	1.0	0.5	1.0	1.0	0.5	5
APTD.L	2.9	0.0	1.0	0.0	0.0	1.0	1.0	1.0	5
ASHM.L	3.2	1.0	0.5	0.0	0.0	1.0	1.0	1.0	5
AV.L	3.2	0.5	1.5	0.0	0.5	1.0	1.0	0.0	5
AXB.L	2.1	0.0	0.0	0.0	1.0	1.0	1.0	0.0	4
BATS.L	2.1	0.0	0.5	0.0	0.5	1.0	1.0	0.0	5
BKG.L	2.5	1.0	0.5	0.0	0.0	1.0	1.0	0.0	5
BEZ.L	2.9	0.0	2.0	0.0	0.0	1.0	1.0	0.0	5
BAB.L	3.2	1.0	0.0	0.0	1.5	1.0	1.0	0.0	5
BP.L	3.2	0.0	1.5	0.0	1.0	1.0	1.0	0.0	5
BOOT.L	2.1	0.0	0.0	0.0	0.5	1.0	1.0	0.5	5
BMS.L	3.6	0.0	1.5	1.0	0.5	1.0	1.0	0.0	5
BVC.L	2.1	0.5	0.0	0.0	0.0	1.0	1.0	0.5	5
BYIT.L	2.9	0.5	1.5	0.0	0.0	1.0	1.0	0.0	5
BRK.L	3.2	1.0	1.0	0.0	0.0	1.0	1.0	0.5	5
CNA.L	2.1	0.0	0.5	0.0	0.5	1.0	1.0	0.0	5
CBG.L	3.6	1.5	0.5	0.0	1.0	1.0	1.0	0.0	4
CAPD.L	2.5	0.5	0.5	0.0	0.5	1.0	1.0	0.0	5
CKN.L	3.2	0.5	1.5	0.0	0.0	1.0	1.0	0.5	5
CCH.L	3.9	0.5	1.0	0.0	1.0	1.0	1.0	1.0	5
CTEC.L	3.2	0.5	1.0	0.0	1.0	1.0	1.0	0.0	5
COST.L	3.2	1.0	1.5	0.0	0.0	1.0	1.0	0.0	5
CWK.L	2.5	0.5	1.0	0.0	0.0	1.0	1.0	0.0	5
DFS.L	3.9	1.5	0.5	0.0	1.0	1.0	1.0	0.5	5
CREI.L	4.3	1.0	1.0	0.0	1.0	1.0	1.0	1.0	2
DOM.L	4.3	1.5	1.5	0.0	1.0	1.0	1.0	0.0	4
ECOR.L	2.5	0.0	1.0	0.0	0.0	1.0	1.0	0.5	5
DLN.L	3.2	1.0	1.0	0.0	0.5	1.0	1.0	0.0	5
EVOK.L	3.9	1.0	1.0	0.0	1.0	1.0	1.0	0.5	4
ELM.L	3.6	1.0	1.5	0.0	0.5	1.0	1.0	0.0	5
FCIT.L	3.9	1.0	0.5	0.0	1.0	1.0	1.0	1.0	2
ENQ.L	3.6	0.0	1.5	0.0	1.5	1.0	1.0	0.0	5
FGP.L	3.6	0.5	1.0	0.0	1.5	1.0	1.0	0.0	5
EZJ.L	4.6	1.5	2.0	0.0	1.0	1.0	1.0	0.0	5
FSTA.L	3.2	0.5	1.5	0.0	0.5	1.0	1.0	0.0	5
FXPO.L	2.9	0.5	0.0	0.0	0.0	1.0	1.0	1.5	5
GAW.L	2.5	1.0	0.5	0.0	0.0	1.0	1.0	0.0	5
GEN.L	3.2	1.5	0.5	0.0	0.5	1.0	1.0	0.0	5
GFTU.L	3.2	1.0	1.0	0.0	0.5	1.0	1.0	0.0	5
GNS.L	2.5	1.0	0.5	0.0	0.0	1.0	1.0	0.0	5
GRI.L	3.2	0.5	1.0	0.0	1.0	1.0	1.0	0.0	5
GYM.L	4.3	1.0	1.0	0.0	2.0	1.0	1.0	0.0	5
HEAD.L	4.3	1.0	2.0	0.0	1.0	1.0	1.0	0.0	5
HFD.L	3.6	1.0	1.5	0.0	0.5	1.0	1.0	0.0	5
GLEN.L	3.6	0.5	1.0	0.0	1.0	1.0	1.0	0.5	5
HIK.L	3.2	0.5	1.0	0.0	0.5	1.0	1.0	0.5	5
HLMA.L	3.6	1.0	0.5	0.0	0.5	1.0	1.0	1.0	4
HTWS.L	4.3	1.0	1.0	0.0	2.0	1.0	1.0	0.0	5
HSW.L	2.5	0.5	0.5	0.0	0.0	1.0	1.0	0.5	5
HSBA.L	3.6	0.5	1.5	0.0	1.0	1.0	1.0	0.0	4
HWG.L	3.9	0.5	1.5	0.0	0.0	1.0	1.0	1.5	5
IHP.L	3.6	1.5	1.5	0.0	0.0	1.0	1.0	0.0	5
ICG.L	3.2	1.5	0.5	0.0	0.5	1.0	1.0	0.0	5
INPP.L	3.9	0.0	1.5	0.0	1.0	1.0	1.0	1.0	3
IWG.L	3.9	1.5	0.5	0.0	1.0	1.0	1.0	0.5	4
IMI.L	4.3	1.0	2.0	0.0	1.0	1.0	1.0	0.0	5
JUP.L	2.9	1.5	0.5	0.0	0.0	1.0	1.0	0.0	5
JEGI.L	4.6	1.0	1.5	0.0	1.0	1.0	1.0	1.0	2
KNOS.L	3.6	1.0	1.5	0.0	0.0	1.0	1.0	0.5	5
IPO.L	3.6	1.5	1.5	0.0	0.0	1.0	1.0	0.0	5
LLOY.L	3.6	1.0	1.0	0.0	1.0	1.0	1.0	0.0	4
LIO.L	3.2	1.5	1.0	0.0	0.0	1.0	1.0	0.0	5
LSEG.L	2.5	0.0	1.0	0.0	0.5	1.0	1.0	0.0	5
KIE.L	4.6	1.0	1.5	0.0	2.0	1.0	1.0	0.0	5
LUCE.L	3.9	1.5	0.5	0.0	0.5	1.0	1.0	1.0	5
MACF.L	2.9	0.5	1.0	0.0	0.5	1.0	1.0	0.0	5
MHID.L	3.9	0.0	0.0	2.0	1.0	1.0	1.0	0.5	5
MER.L	2.9	0.0	1.0	0.0	1.0	1.0	1.0	0.0	5
MKS.L	3.6	1.0	1.0	0.0	1.0	1.0	1.0	0.0	5
MNKS.L	5.0	1.0	2.0	0.0	1.0	1.0	1.0	1.0	2
MSLH.L	4.3	1.5	1.5	0.0	0.0	1.0	1.0	1.0	4
MOTR.L	4.6	1.0	1.0	0.0	2.0	1.0	1.0	0.5	5
NCC.L	2.9	0.5	1.0	0.0	0.5	1.0	1.0	0.0	5
MTVW.L	3.2	0.0	1.0	0.0	0.0	1.0	1.0	1.5	5
NXT.L	3.6	1.0	1.0	0.0	1.0	1.0	1.0	0.0	5
OTB.L	2.9	1.5	0.5	0.0	0.0	1.0	1.0	0.0	5
OMU.L	2.1	0.5	0.5	0.0	0.0	1.0	1.0	0.0	5
PAF.L	2.1	0.5	0.0	0.0	0.0	1.0	1.0	0.5	5
PAY.L	2.9	0.0	0.5	0.0	1.5	1.0	1.0	0.0	5
PCTN.L	2.1	0.0	0.5	0.0	0.5	1.0	1.0	0.0	5
PHP.L	3.2	0.5	1.0	0.0	1.0	1.0	1.0	0.0	5
PPH.L	3.6	0.0	0.5	0.0	1.5	1.0	1.0	1.0	5
PLUS.L	1.4	0.0	0.0	0.0	0.0	1.0	1.0	0.0	5
PSDL.L	2.5	0.0	0.5	0.0	1.0	1.0	1.0	0.0	5
PSON.L	2.9	0.0	1.5	0.0	0.5	1.0	1.0	0.0	5
PZC.L	3.2	0.5	1.0	0.0	0.5	1.0	1.0	0.5	5
RAT.L	1.8	0.5	0.0	0.0	0.0	1.0	1.0	0.0	5
REC.L	2.9	0.5	0.5	0.0	0.0	1.0	1.0	1.0	5
RGL.L	3.2	0.5	0.5	0.0	1.0	1.0	1.0	0.5	5
RPI.L	2.1	0.0	0.0	0.0	0.0	1.0	1.0	1.0	5
RIO.L	2.5	0.5	0.5	0.0	0.5	1.0	1.0	0.0	5
RSG.L	2.9	1.5	0.5	0.0	0.0	1.0	1.0	0.0	5
RNK.L	3.9	1.5	0.0	0.0	0.5	1.0	1.0	1.5	5
RWA.L	3.6	1.0	1.0	0.0	1.0	1.0	1.0	0.0	5
SBRY.L	3.9	1.0	1.0	0.0	1.0	1.0	1.0	0.5	5
SDP.L	4.6	1.0	1.5	0.0	1.0	1.0	1.0	1.0	2
SEIT.L	3.6	1.0	0.0	0.0	1.0	1.0	1.0	1.0	2
SERE.L	4.3	1.0	1.0	0.0	1.0	1.0	1.0	1.0	2
SHEL.L	2.9	0.0	1.5	0.0	0.5	1.0	1.0	0.0	5
SMT.L	5.0	1.0	2.0	0.0	1.0	1.0	1.0	1.0	2
SNR.L	3.6	1.0	1.5	0.0	0.5	1.0	1.0	0.0	5
SMIN.L	3.6	0.5	2.0	0.0	0.5	1.0	1.0	0.0	5
SPX.L	3.9	1.0	1.5	0.0	1.0	1.0	1.0	0.0	5
SREI.L	3.2	0.5	0.5	0.0	0.5	1.0	1.0	1.0	5
STB.L	3.9	1.0	1.5	0.0	1.0	1.0	1.0	0.0	4
SUNB.L	4.6	1.5	1.5	0.0	1.5	1.0	1.0	0.0	5
SSIT.L	3.9	1.0	0.5	0.0	1.0	1.0	1.0	1.0	2
SYNT.L	3.9	1.0	1.0	0.0	1.0	1.0	1.0	0.5	5
TCAP.L	3.6	0.0	1.5	0.0	1.5	1.0	1.0	0.0	5
THRL.L	4.6	1.0	1.5	0.0	1.0	1.0	1.0	1.0	2
TMPL.L	4.6	1.0	1.5	0.0	1.0	1.0	1.0	1.0	2
TRN.L	2.5	0.0	0.5	0.0	1.0	1.0	1.0	0.0	5
VALT.L	2.5	1.0	0.5	0.0	0.0	1.0	1.0	0.0	5
TPT.L	4.6	1.0	0.5	0.0	2.0	1.0	1.0	1.0	5
VOF.L	2.9	0.0	1.0	0.0	0.0	1.0	1.0	1.0	4
VID.L	4.6	0.5	2.0	0.0	0.5	1.0	1.0	1.5	5
ULVR.L	3.2	0.0	1.0	0.0	1.5	1.0	1.0	0.0	5
TTG.L	3.6	0.5	2.0	0.0	0.5	1.0	1.0	0.0	5
WISE.L	3.2	1.5	0.5	0.0	0.0	1.0	1.0	0.5	5
VTY.L	3.9	2.0	0.5	0.0	0.5	1.0	1.0	0.5	5
WKP.L	3.9	1.0	1.0	0.0	0.5	1.0	1.0	1.0	5
XPS.L	2.1	0.0	0.5	0.0	0.5	1.0	1.0	0.0	5
WTB.L	3.2	0.5	0.5	0.0	1.5	1.0	1.0	0.0	5
ZEG.L	4.6	2.0	1.0	0.0	1.0	1.0	1.0	0.5	4
MCB.L	5.0	1.5	1.0	0.0	1.5	1.0	1.0	1.0	5
ABDP.L	1.8	0.0	0.0	0.0	0.0	1.0	1.0	0.5	5
AEET.L	4.6	1.0	1.5	0.0	1.0	1.0	1.0	1.0	2
ALL.L	2.9	0.0	0.5	0.0	1.0	1.0	1.0	0.5	4
ASPL.L	3.2	0.0	0.0	1.0	0.5	1.0	1.0	1.0	4
CHAR.L	3.9	1.0	1.5	0.0	0.0	1.0	1.0	1.0	4
BKS.L	2.5	0.5	0.5	0.0	0.0	1.0	1.0	0.5	5
BRCK.L	2.5	0.0	0.5	0.0	0.5	1.0	1.0	0.5	5
DXRX.L	3.9	0.5	2.0	0.0	0.0	1.0	1.0	1.0	5
EEE.L	2.9	2.0	0.0	0.0	0.0	1.0	1.0	0.0	5
CAM.L	3.6	0.0	1.5	0.0	0.0	1.0	1.0	1.5	5
EME.L	3.6	0.5	0.5	0.0	1.0	1.0	1.0	1.0	4
EXR.L	2.9	0.0	2.0	0.0	0.0	1.0	1.0	0.0	5
GATC.L	3.9	1.0	1.0	0.0	0.0	1.0	1.0	1.5	5
GGP.L	2.9	1.0	0.5	0.0	0.0	1.0	1.0	0.5	4
HPOW.L	2.9	2.0	0.0	0.0	0.0	1.0	1.0	0.0	5
GTLY.L	2.1	0.0	0.0	0.0	1.0	1.0	1.0	0.0	5
IMM.L	3.9	2.0	0.5	0.0	1.0	1.0	1.0	0.0	4
FEVR.L	2.9	1.0	1.0	0.0	0.0	1.0	1.0	0.0	5
IOM.L	3.9	1.0	0.0	0.0	1.5	1.0	1.0	1.0	5
KGH.L	4.6	1.5	1.0	0.0	1.0	1.0	1.0	1.0	5
KEFI.L	3.2	2.0	0.5	0.0	0.0	1.0	1.0	0.0	5
KP2.L	5.0	1.0	2.0	0.0	1.0	1.0	1.0	1.0	2
LIT.L	3.6	0.5	1.5	0.0	1.0	1.0	1.0	0.0	4
NAH.L	3.2	1.0	1.5	0.0	0.0	1.0	1.0	0.0	4
MIDW.L	3.6	0.0	1.0	0.0	1.0	1.0	1.0	1.0	5
NICL.L	3.2	0.0	1.5	0.0	0.0	1.0	1.0	1.0	5
ORCP.L	3.6	2.0	0.0	0.0	1.0	1.0	1.0	0.0	4
PGH.L	2.9	0.0	1.5	0.0	0.0	1.0	1.0	0.5	5
NWF.L	2.5	0.0	1.0	0.0	0.5	1.0	1.0	0.0	5
POLR.L	2.5	1.0	0.5	0.0	0.0	1.0	1.0	0.0	5
RCN.L	1.8	0.0	0.0	0.0	0.5	1.0	1.0	0.0	5
PXEN.L	3.6	1.5	1.0	0.0	0.0	1.0	1.0	0.5	5
SAA.L	3.9	0.5	0.5	0.0	1.5	1.0	1.0	1.0	5
SRB.L	2.9	1.0	0.5	0.0	0.0	1.0	1.0	0.5	5
SOS.L	3.6	1.5	1.0	0.0	0.0	1.0	1.0	0.5	5
SDI.L	3.9	1.0	1.5	0.0	0.5	1.0	1.0	0.5	5
STAR.L	3.2	0.5	0.5	0.0	0.5	1.0	1.0	1.0	5
TAM.L	2.5	0.5	0.5	0.0	0.0	1.0	1.0	0.5	5
TFW.L	2.9	0.0	1.0	0.0	0.0	1.0	1.0	1.0	5
TIG.L	3.6	0.5	0.0	0.0	2.0	1.0	1.0	0.5	5
TRCS.L	2.5	0.5	1.0	0.0	0.0	1.0	1.0	0.0	5
UJO.L	1.8	0.0	0.0	0.0	0.0	1.0	1.0	0.5	5
WINE.L	3.2	1.5	0.5	0.0	0.0	1.0	1.0	0.5	5
MAMA	2.1	0.5	0.5	0.0	0.0	1.0	1.0	0.0	7
MARA	2.9	2.0	0.5	0.0	1.0	0.5	0.0	0.0	7
MATW	4.6	1.0	1.5	0.0	1.0	1.5	1.5	0.0	7
MCRB	3.6	0.0	2.0	0.0	1.5	1.0	0.5	0.0	7
MCFT	2.9	1.0	0.5	0.0	1.0	1.0	0.0	0.5	6
MBIN	5.4	1.5	0.5	0.0	1.0	2.0	1.5	1.0	6
MBWM	3.2	1.0	0.5	0.0	1.0	1.0	1.0	0.0	6
MDXG	3.2	1.0	0.5	0.0	0.0	2.0	0.5	0.5	7
MENS	5.7	1.0	2.0	0.0	1.0	1.5	1.0	1.5	5
MDGL	3.6	1.0	0.0	0.0	0.5	2.0	0.5	1.0	7
META	2.5	1.0	1.0	0.0	0.5	0.5	0.5	0.0	7
MFIC	4.3	0.5	2.0	0.0	1.5	1.0	0.0	1.0	6
MGPI	2.9	0.0	2.0	0.0	0.5	1.0	0.0	0.5	7
MGEE	2.9	0.5	1.0	0.0	0.5	2.0	0.0	0.0	7
MKSI	3.2	2.0	0.0	0.0	1.0	1.0	0.5	0.0	7
MLAB	3.6	1.0	2.0	0.0	1.0	0.5	0.5	0.0	7
MLKN	2.9	1.5	0.0	0.0	1.0	1.5	0.0	0.0	7
MOBI	2.5	1.0	1.0	0.0	0.0	0.5	0.0	1.0	6
MPAA	3.9	1.0	1.0	0.0	1.0	1.5	0.5	0.5	7
MQ	2.5	1.5	0.5	0.0	0.0	1.5	0.0	0.0	7
MNDY	3.2	1.0	1.0	0.0	0.5	1.0	0.5	0.5	7
MMED	6.4	1.0	0.5	2.0	0.0	1.5	2.0	2.0	6
MNST	1.1	0.0	0.0	0.0	0.0	1.0	0.5	0.0	7
MIDD.US	3.2	1.5	0.5	0.0	1.0	1.0	0.5	0.0	7
MREO	2.5	0.0	1.5	0.0	0.0	0.5	1.0	0.5	7
MSBI	3.2	0.5	1.0	0.0	1.0	1.5	0.5	0.0	6
MSPR	4.3	2.0	2.0	0.0	1.0	0.0	1.0	0.0	6
MTSI	2.1	1.5	0.5	0.0	0.0	0.5	0.5	0.0	7
MRVI	2.9	0.5	1.0	0.0	0.5	0.5	1.0	0.5	7
MVIS	4.6	1.0	2.0	0.0	1.5	1.0	0.5	0.5	7
MTCH	3.2	1.5	0.5	0.0	1.0	1.0	0.5	0.0	6
MWH	3.6	1.0	1.5	0.0	0.0	1.0	0.0	1.5	6
ACX.MC	3.9	1.0	1.0	0.0	1.0	1.0	1.0	0.5	5
MYRG	1.4	1.5	0.0	0.0	0.0	0.5	0.0	0.0	7
CABK.MC	3.2	0.0	0.5	0.0	1.0	1.0	1.0	1.0	4
CLNX.MC	5.0	1.5	1.5	0.0	1.5	1.0	1.0	0.5	5
FAE.MC	2.5	0.0	0.5	0.0	0.5	1.0	1.0	0.5	5
AMS.MC	2.5	0.5	0.5	0.0	0.5	1.0	1.0	0.0	5
ELE.MC	4.3	0.5	1.0	0.0	1.0	1.0	1.0	1.5	5
FER.MC	4.3	1.0	1.5	0.0	1.0	1.0	1.0	0.5	5
GRF.MC	4.3	1.5	0.5	1.0	1.0	1.0	1.0	0.0	5
IMC.MC	4.6	1.0	0.5	1.0	0.0	1.0	1.0	2.0	4
MRL.MC	3.6	1.0	1.0	0.0	0.5	1.0	1.0	0.5	5
LOG.MC	2.1	0.0	0.0	0.0	0.0	1.0	1.0	1.0	5
RED.MC	3.2	0.0	1.0	0.0	1.0	1.0	1.0	0.5	5
SAB.MC	2.9	0.5	0.5	0.0	1.0	1.0	1.0	0.0	4
ARIS.MI	2.9	1.0	0.0	0.0	1.0	1.0	1.0	0.0	5
TEF.MC	3.6	0.0	1.0	0.0	1.5	1.0	1.0	0.5	5
BGN.MI	3.6	0.5	0.5	0.0	1.0	1.0	1.0	1.0	4
CPR.MI	2.5	0.0	0.0	0.0	0.5	1.0	1.0	1.0	5
OHLA.MC	4.3	1.0	1.0	0.0	1.0	1.0	1.0	1.0	5
VID.MC	3.2	1.0	0.0	1.0	0.0	1.0	1.0	0.5	5
DLG.MI	3.9	1.5	0.5	0.0	0.0	1.0	1.0	1.5	5
BPE.MI	3.2	0.5	0.5	0.0	1.0	1.0	1.0	0.5	4
ENEL.MI	3.6	1.0	0.5	0.0	1.0	1.0	1.0	0.5	5
ICOS.MI	3.2	0.5	0.0	0.0	0.5	1.0	1.0	1.5	5
FCT.MI	5.0	0.5	1.0	1.0	1.5	1.0	1.0	1.0	5
IP.MI	3.9	1.5	0.5	1.0	0.5	1.0	1.0	0.0	5
LDO.MI	2.5	0.0	1.0	0.0	0.5	1.0	1.0	0.0	5
RACE.MI	2.5	0.5	0.0	0.0	1.0	1.0	1.0	0.0	5
SPM.MI	4.6	1.5	1.0	0.0	1.0	1.0	1.0	1.0	4
PIRC.MI	3.6	1.0	0.5	0.0	0.5	1.0	1.0	1.0	5
MB.MI	3.6	0.5	0.5	1.0	1.0	1.0	1.0	0.0	4
STMMI.MI	2.9	1.5	0.0	0.0	0.0	1.0	1.0	0.5	5
TIT.MI	2.5	0.5	0.0	0.0	1.0	1.0	1.0	0.0	5
UCG.MI	3.2	1.0	0.5	0.0	1.0	1.0	1.0	0.0	4
NAGE	4.3	2.0	2.0	0.0	0.0	1.5	0.0	0.5	7
RWAY.MI	4.6	0.0	2.0	0.0	1.0	1.0	1.0	1.5	5
NB	2.1	0.0	2.0	0.0	0.0	1.0	0.0	0.0	7
NCNO	2.1	1.0	0.0	0.0	0.5	1.5	0.0	0.0	7
NBN	2.5	0.5	0.5	0.0	1.0	1.0	0.5	0.0	6
NECB	1.8	0.0	0.5	0.0	1.0	1.0	0.0	0.0	6
NFLX	3.2	1.5	1.5	0.0	0.5	1.0	0.0	0.0	7
NKTR	2.9	1.5	1.0	0.0	0.0	1.5	0.0	0.0	7
NMIH	1.1	0.5	0.0	0.0	0.0	1.0	0.0	0.0	7
NATR	4.3	1.0	2.0	0.0	0.0	1.0	1.5	0.5	7
NNE	4.6	2.0	2.0	1.0	0.0	1.5	0.0	0.0	7
NEWT.US	3.9	1.5	0.5	0.0	1.0	2.0	0.5	0.0	7
NTCT	2.1	0.5	0.5	0.0	0.0	1.5	0.5	0.0	7
NRIM	2.9	1.0	0.0	0.0	1.0	1.5	0.5	0.0	6
NPCE	4.6	2.0	0.0	0.0	2.0	1.5	0.5	0.5	7
NSLR	3.2	1.5	1.5	0.0	0.0	0.5	1.0	0.0	7
NVAX	5.4	2.0	1.0	2.0	1.0	1.5	0.0	0.0	6
NTRS	2.9	1.5	0.5	0.0	1.0	1.0	0.0	0.0	6
NVDA	2.9	2.0	1.5	0.0	0.0	0.5	0.0	0.0	7
NTLA	3.9	2.0	0.5	1.0	0.0	2.0	0.0	0.0	7
NXPI	2.9	2.0	0.0	0.0	1.0	0.5	0.5	0.0	7
NWBI	3.2	0.5	0.5	0.0	1.0	2.0	0.5	0.0	6
NYAX	3.6	0.0	0.5	0.0	1.0	0.5	2.0	1.0	7
AADX	5.4	1.0	2.0	0.0	0.5	0.5	2.0	1.5	6
ABBV	2.5	0.0	1.5	0.0	1.0	1.0	0.0	0.0	6
ABG	3.6	0.5	1.5	0.0	1.0	1.5	0.5	0.0	7
ACCO	3.9	1.0	1.0	0.0	1.0	2.0	0.5	0.0	7
ACHR	3.2	2.0	1.5	0.0	0.0	1.0	0.0	0.0	7
NWPX.US	1.4	1.0	0.0	0.0	0.0	1.0	0.0	0.0	7
ACN	1.8	1.0	0.0	0.0	0.5	1.0	0.0	0.0	7
AAPL.24-7	2.9	1.0	1.0	0.0	0.5	1.0	0.5	0.0	7
AD	4.3	0.0	1.5	0.0	1.0	1.0	1.0	1.5	7
ADM	2.5	0.5	1.0	0.0	0.5	1.0	0.5	0.0	7
ABT.US	1.4	0.5	0.5	0.0	0.5	0.5	0.0	0.0	7
AEE	3.6	0.0	1.0	1.0	1.5	1.5	0.0	0.0	7
AGBK	5.4	1.0	0.5	1.0	2.0	1.0	0.5	1.5	6
AFG	1.8	0.5	0.5	0.0	0.5	1.0	0.0	0.0	7
AES	2.5	1.0	0.0	0.0	2.0	0.5	0.0	0.0	7
AEO	2.5	1.5	0.5	0.0	1.0	0.5	0.0	0.0	7
AGL	2.5	2.0	0.0	0.0	0.0	1.0	0.0	0.5	7
AGRO	2.1	0.0	0.0	0.0	1.0	0.5	0.0	1.5	7
AIN	2.1	1.0	0.0	0.0	0.5	1.0	0.5	0.0	7
AIV	5.0	1.5	2.0	0.0	1.5	0.5	1.0	0.5	7
AHRT	2.1	1.0	0.0	0.0	1.0	1.0	0.0	0.0	7
ALG	1.8	1.0	0.5	0.0	0.0	1.0	0.0	0.0	7
ALK	3.2	1.5	0.5	0.0	1.5	1.0	0.0	0.0	7
ALLY	3.2	1.0	1.0	0.0	1.0	1.0	0.5	0.0	6
ALUR	3.2	0.0	1.5	0.0	1.0	0.0	2.0	0.0	6
AM	2.9	0.5	0.0	0.0	1.5	1.0	0.5	0.5	7
AMCR	2.1	0.5	0.0	0.0	1.0	1.5	0.0	0.0	7
AMH	1.8	0.5	0.0	0.0	0.5	1.0	0.5	0.0	7
AKA.US	5.0	1.5	0.5	0.0	1.5	0.5	1.0	2.0	7
AMRC	4.6	2.0	1.0	0.0	1.5	1.5	0.5	0.0	7
AMT	3.9	1.0	1.5	0.0	2.0	0.5	0.5	0.0	7
AMPX	2.9	2.0	1.0	0.0	0.0	1.0	0.0	0.0	7
AMWL	2.5	1.5	1.0	0.0	0.0	0.5	0.0	0.5	7
ANF	3.2	1.0	1.0	0.0	1.0	0.5	1.0	0.0	7
APAM	4.6	1.5	1.5	2.0	0.5	1.0	0.0	0.0	7
AN	4.6	1.0	1.0	0.0	2.0	1.5	1.0	0.0	7
APH	3.2	1.5	1.5	0.0	1.0	0.5	0.0	0.0	7
APTV	3.6	1.5	2.0	0.0	0.5	0.5	0.5	0.0	7
AON	2.9	0.5	1.5	0.0	1.5	0.5	0.0	0.0	7
ARI	3.6	1.5	2.0	0.0	0.0	0.5	0.5	0.5	7
ARMK	2.9	1.0	0.5	0.0	1.5	1.0	0.0	0.0	7
ARCO	2.5	0.0	0.0	1.0	2.0	0.5	0.0	0.0	7
ASR	3.2	0.0	1.5	0.0	0.5	1.0	0.5	1.0	6
ASAN	3.6	1.0	0.0	0.0	1.5	1.0	0.5	1.0	7
ASH	2.5	0.0	0.5	1.0	0.5	1.5	0.0	0.0	7
ARW	3.2	1.0	1.5	0.0	0.5	0.5	1.0	0.0	7
ATMU	3.6	1.5	1.0	0.0	1.5	1.0	0.0	0.0	7
AUB	2.5	0.5	0.0	0.0	1.0	1.5	0.5	0.0	6
ATR	2.1	0.0	0.0	1.0	0.5	1.0	0.5	0.0	7
AVEX	3.2	1.0	1.5	0.0	0.0	0.5	0.0	1.5	6
AWR	1.8	0.5	0.0	0.0	1.0	1.0	0.0	0.0	7
AVY	2.5	1.0	0.0	0.0	1.5	0.5	0.5	0.0	7
AXP	3.6	1.0	1.0	0.0	1.5	1.0	0.0	0.5	7
AYI	1.8	1.5	0.0	0.0	0.0	1.0	0.0	0.0	7
AZZ	2.1	1.0	0.5	0.0	0.5	1.0	0.0	0.0	7
BA	3.2	1.5	0.5	0.0	2.0	0.5	0.0	0.0	7
BARK	5.4	2.0	2.0	0.0	0.5	2.0	0.5	0.5	7
BBAI	3.9	2.0	2.0	0.0	0.0	1.5	0.0	0.0	7
BBDC	2.5	0.5	0.0	0.0	1.0	1.0	0.0	1.0	6
BAM	4.3	1.5	1.0	0.0	0.5	1.5	0.0	1.5	7
BAH	2.9	0.0	1.0	0.0	2.0	1.0	0.0	0.0	7
BBWI	2.9	1.5	0.5	0.0	1.0	0.5	0.5	0.0	6
BBUC	6.8	1.5	1.5	0.0	2.0	1.5	1.0	2.0	7
BCO	4.3	1.0	0.5	0.0	2.0	2.0	0.5	0.0	7
BE	3.2	2.0	0.5	0.0	1.5	0.5	0.0	0.0	7
BCC	1.8	1.0	0.0	0.0	0.0	1.0	0.5	0.0	7
BEPC	3.9	1.0	1.5	0.0	1.5	1.5	0.0	0.0	7
BDC	3.6	1.0	0.5	0.0	1.0	2.0	0.5	0.0	7
BFLY	4.6	2.0	1.5	1.0	0.0	1.5	0.5	0.0	7
BHB	2.9	0.5	1.0	0.0	1.0	1.5	0.0	0.0	6
BIRK	3.2	1.5	1.0	0.0	0.5	0.5	0.0	1.0	7
BHP	2.5	1.0	0.5	0.0	0.5	1.5	0.0	0.0	7
BGS	4.6	0.5	1.5	1.0	2.0	1.5	0.0	0.0	7
BKSY	3.6	2.0	0.5	0.0	1.0	1.5	0.0	0.0	7
BKV	4.6	1.0	1.0	0.0	0.5	1.0	1.5	1.5	7
BLK	2.1	1.5	0.0	0.0	0.0	1.0	0.5	0.0	7
BLX	3.9	0.5	0.5	0.0	1.0	1.0	1.5	1.0	5
BMNR	2.1	2.0	0.5	0.0	0.0	0.0	0.5	0.0	7
BIO.US	2.5	1.0	1.0	0.0	0.0	1.0	0.5	0.0	7
BOC	2.1	0.5	0.0	0.0	0.0	2.0	0.0	0.5	7
BORR	4.3	1.0	0.0	1.0	2.0	1.0	0.5	0.5	7
BRCC	3.6	1.5	0.5	0.0	0.5	1.0	1.0	0.5	7
BKE	3.6	1.0	0.5	0.0	1.0	1.5	0.0	1.0	7
BR	2.5	1.0	0.5	0.0	1.0	0.5	0.5	0.0	7
BN.US	4.6	2.0	1.5	0.0	1.5	1.0	0.0	0.5	7
BROS	4.6	2.0	2.0	0.0	1.0	1.0	0.5	0.0	7
BRT	5.0	1.0	1.5	0.0	2.0	1.5	0.0	1.0	7
BSBR	3.6	0.0	0.0	1.0	1.0	0.5	1.0	1.5	6
BURL	3.9	1.5	0.5	0.0	2.0	0.5	1.0	0.0	7
BTU	1.1	0.0	0.5	0.0	0.0	1.0	0.0	0.0	7
BW	4.6	1.0	1.0	0.0	2.0	1.0	1.0	0.5	7
BXDC	5.0	1.0	1.5	0.0	1.0	1.0	1.5	1.0	4
BXSL	3.2	0.0	1.0	0.0	1.0	1.5	0.0	1.0	6
BWXT	3.9	0.5	1.5	1.0	1.5	0.5	0.5	0.0	7
CAH	2.1	0.5	0.5	0.0	1.0	1.0	0.0	0.0	6
BTG.US	1.8	1.5	0.0	0.0	0.0	0.5	0.5	0.0	7
CABO	5.0	0.5	2.0	0.0	2.0	1.0	1.0	0.5	7
BZH	3.9	2.0	1.5	0.0	1.0	1.0	0.0	0.0	7
CALY	1.4	1.0	0.0	0.0	0.0	1.0	0.0	0.0	7
CARS	4.3	1.5	0.0	1.0	1.0	2.0	0.5	0.0	7
CAVA	3.6	2.0	1.0	0.0	0.5	1.0	0.5	0.0	7
CBU	2.9	0.5	0.0	0.0	1.0	2.0	0.5	0.0	6
CCEP	2.9	0.0	0.0	0.0	1.0	1.5	0.5	1.0	7
CCU	3.6	0.0	1.0	0.0	1.0	2.0	0.0	1.0	6
CDP	2.5	0.5	0.0	0.0	1.5	1.5	0.0	0.0	7
CCK	2.1	0.5	0.0	0.0	1.5	1.0	0.0	0.0	7
CEPU	1.4	0.0	0.0	0.0	0.5	0.5	0.5	0.5	7
CBL.US	5.7	1.5	1.0	2.0	2.0	1.0	0.0	0.5	7
CFR	2.9	0.5	0.5	0.0	1.0	1.5	0.5	0.0	6
CHWY	5.4	1.5	1.5	0.0	2.0	0.5	0.5	1.5	7
CHD	1.1	0.0	0.0	0.0	0.5	1.0	0.0	0.0	7
CIEN	3.9	1.5	0.0	2.0	1.0	0.5	0.5	0.0	7
CINT	2.9	1.0	1.0	0.0	0.5	0.0	1.5	0.0	7
CLS	1.8	1.5	0.0	0.0	0.5	0.5	0.0	0.0	7
CHH	3.6	0.5	0.0	0.0	2.0	2.0	0.0	0.5	7
CLX	3.9	0.5	1.5	0.0	2.0	0.5	1.0	0.0	7
CLB	3.6	1.0	1.5	0.0	0.5	2.0	0.0	0.0	7
CMC	3.6	1.5	0.0	0.0	0.5	1.0	1.0	1.0	6
CMI	3.2	1.5	0.0	0.0	0.5	1.0	1.5	0.0	7
CNC	2.5	1.0	1.0	0.0	0.5	1.0	0.0	0.0	7
CMT	1.1	0.0	0.0	0.0	0.0	1.5	0.0	0.0	7
CNK	3.6	1.0	1.0	0.0	2.0	1.0	0.0	0.0	7
CNNE	2.5	1.5	0.0	0.0	0.0	1.5	0.0	0.5	7
CNQ	4.6	1.0	1.0	0.0	0.5	2.0	2.0	0.0	7
CNX	2.9	0.5	1.0	0.0	0.5	2.0	0.0	0.0	7
COHR	2.5	2.0	0.5	0.0	0.5	0.5	0.0	0.0	7
CPF	2.9	1.0	0.5	0.0	1.0	1.0	0.5	0.0	6
CP	2.9	1.5	0.0	0.0	0.5	2.0	0.0	0.0	7
CPRI	5.0	1.5	1.0	0.0	2.0	1.0	1.5	0.0	7
COR	2.5	0.5	0.0	0.0	2.0	1.0	0.0	0.0	7
CRC	2.1	1.0	0.5	0.0	0.5	1.0	0.0	0.0	7
CON.US	4.3	0.5	1.5	0.0	2.0	1.0	1.0	0.0	7
CQP	3.6	0.0	0.0	0.0	2.0	1.0	0.0	2.0	7
CRGY	2.5	1.0	0.5	0.0	1.0	1.0	0.0	0.0	7
CRK	4.3	0.5	1.5	0.0	1.0	1.5	0.0	1.5	7
CSQR	3.2	1.0	0.5	0.0	1.0	0.5	1.5	0.0	5
CTGO	2.1	0.0	1.0	0.0	0.0	1.5	0.0	0.5	7
CTRE	3.2	0.5	0.5	1.0	0.0	1.5	1.0	0.0	7
CRS	2.1	1.5	0.0	0.0	0.5	0.5	0.5	0.0	7
CSV	3.6	0.5	1.5	0.0	1.5	1.0	0.5	0.0	7
CTVA	6.4	1.0	2.0	2.0	1.0	1.0	1.0	1.0	4
CURB	2.1	0.5	0.0	0.0	0.0	1.5	1.0	0.0	7
CVE	3.6	0.5	1.0	0.0	0.5	1.5	1.5	0.0	7
CVLG	3.2	1.5	0.0	0.0	0.5	1.0	1.0	0.5	7
CWH	5.7	2.0	1.5	1.0	2.0	1.5	0.0	0.0	7
CX	2.9	1.0	1.0	1.0	0.5	0.5	0.0	0.0	7
CXW	3.6	0.5	1.0	1.0	1.0	1.5	0.0	0.0	7
DAN	2.5	2.0	0.0	0.0	0.5	1.0	0.0	0.0	7
D	2.5	0.5	0.5	0.0	1.5	1.0	0.0	0.0	7
DB	2.1	1.0	0.0	0.0	1.0	0.5	0.5	0.0	6
DCO	2.5	1.0	0.5	0.0	0.5	1.0	0.5	0.0	7
DBRG	3.6	1.5	2.0	0.0	0.0	1.0	0.5	0.0	7
DDD	3.6	2.0	0.5	0.0	0.5	2.0	0.0	0.0	7
CVX.US	2.1	0.5	1.0	0.0	0.0	0.5	1.0	0.0	7
DELL	3.2	1.5	1.5	0.0	1.0	0.5	0.0	0.0	6
DEA	2.5	1.0	0.0	0.0	1.0	1.5	0.0	0.0	7
DFIN	1.4	0.5	0.0	0.0	0.5	1.0	0.0	0.0	7
DHI	3.6	1.5	1.5	1.0	0.0	1.0	0.0	0.0	7
DK	2.9	0.5	1.0	0.0	2.0	0.5	0.0	0.0	7
DLB	1.1	0.5	0.0	0.0	0.0	1.0	0.0	0.0	7
DIN	3.2	1.0	0.0	1.0	1.0	1.5	0.0	0.0	6
DNOW	2.9	1.0	0.5	0.0	0.5	1.0	1.0	0.0	7
DMC	1.4	0.0	0.5	0.0	0.0	1.5	0.0	0.0	7
DOV	2.1	1.0	0.0	0.0	0.5	1.0	0.5	0.0	7
DRD	2.5	0.0	0.5	0.0	0.0	0.5	1.5	1.0	7
DOCS	2.9	1.5	0.5	0.0	0.0	1.0	1.0	0.0	7
DT	2.5	0.5	1.5	0.0	0.0	0.5	1.0	0.0	7
DUK	2.9	0.0	1.5	0.0	1.5	1.0	0.0	0.0	7
DVN	1.8	0.5	0.5	0.0	0.0	0.5	1.0	0.0	7
DY	3.2	1.5	1.5	0.0	1.0	0.5	0.0	0.0	7
EC	3.2	0.0	1.0	0.0	1.0	1.0	0.0	1.5	7
EAT	3.6	1.5	0.0	0.0	2.0	1.5	0.0	0.0	7
EFOR	1.8	0.0	0.0	0.0	1.0	1.0	0.5	0.0	7
ECVT	2.5	1.0	0.0	0.0	1.0	1.0	0.5	0.0	7
EGO	1.8	1.5	0.0	0.0	0.0	1.0	0.0	0.0	7
EFXT	2.9	2.0	0.5	0.0	0.5	0.5	0.5	0.0	7
EDU	1.1	0.0	0.0	0.0	0.0	1.0	0.0	0.5	7
ELV	1.8	0.5	0.5	0.0	0.5	1.0	0.0	0.0	7
ELME	3.9	1.0	2.0	1.0	0.5	1.0	0.0	0.0	7
EHC	2.5	0.5	1.0	0.0	1.0	1.0	0.0	0.0	7
EL	2.5	1.5	0.0	0.0	1.5	0.5	0.0	0.0	7
EME	1.1	1.0	0.0	0.0	0.0	0.5	0.0	0.0	7
ENB	4.6	1.0	1.5	0.0	1.5	1.0	1.5	0.0	7
ENR	3.2	0.5	0.0	0.0	2.0	1.5	0.5	0.0	7
EQH	3.9	1.0	1.5	0.0	2.0	0.5	0.5	0.0	7
EPR	2.9	1.0	0.0	0.0	1.5	1.5	0.0	0.0	7
EQX	2.9	2.0	0.5	0.0	0.0	1.0	0.5	0.0	7
EOG	1.4	0.0	1.0	0.0	0.0	1.0	0.0	0.0	7
EPC	2.1	0.0	0.5	0.0	1.0	1.5	0.0	0.0	7
ESE	1.4	1.0	0.0	0.0	0.0	1.0	0.0	0.0	7
EROK	1.8	1.0	0.5	0.0	0.0	1.0	0.0	0.0	6
EVEX	6.1	1.0	2.0	0.0	2.0	2.0	0.0	1.5	7
EVR	2.5	1.5	1.0	0.0	0.5	0.5	0.0	0.0	7
ETR	2.5	0.0	0.0	0.0	1.5	1.5	0.5	0.0	7
ET	2.5	0.5	1.0	0.0	1.0	1.0	0.0	0.0	7
ESRT	4.3	1.5	1.5	0.0	1.0	1.0	1.0	0.0	7
EXK	2.9	2.0	0.5	0.0	0.5	0.5	0.5	0.0	7
EXR	2.5	1.0	0.5	0.0	1.0	1.0	0.0	0.0	7
FBIN	3.6	1.5	1.0	0.0	1.0	1.0	0.5	0.0	7
FCN	3.2	0.0	1.0	0.0	1.0	1.5	1.0	0.0	7
FBRT	4.6	1.0	2.0	0.0	2.0	1.0	0.5	0.0	7
FE	3.2	0.0	1.0	0.0	1.5	1.5	0.5	0.0	7
FG	5.0	1.5	1.0	0.0	0.5	1.5	1.0	1.5	7
FDS	1.8	0.5	0.5	0.0	0.5	1.0	0.0	0.0	7
FINV	2.9	0.0	2.0	0.0	0.0	1.0	1.0	0.0	7
FITB	2.5	1.0	0.0	0.0	1.0	1.5	0.0	0.0	6
FICO	4.3	1.5	1.5	1.0	1.0	1.0	0.0	0.0	6
FMC	4.6	0.0	2.0	0.0	2.0	1.5	0.0	1.0	7
FN	3.2	1.5	0.5	1.0	0.0	0.5	1.0	0.0	7
FLO	3.2	0.0	2.0	0.0	1.5	1.0	0.0	0.0	7
FNF	3.6	1.0	1.5	0.0	0.5	1.0	1.0	0.0	7
FOR	4.3	1.5	0.0	0.0	0.5	1.5	1.0	1.5	7
FRT	2.1	1.0	0.0	0.0	1.0	1.0	0.0	0.0	7
FTI	2.1	1.0	0.5	0.0	0.5	1.0	0.0	0.0	7
FTV	1.8	1.0	0.0	0.0	0.5	1.0	0.0	0.0	7
GAP	3.9	2.0	0.0	0.0	1.0	1.0	0.5	1.0	7
GBTG	3.6	1.0	2.0	0.0	1.0	1.0	0.0	0.0	7
GCTS	2.9	1.5	0.0	0.0	1.0	1.5	0.0	0.0	6
FPS	2.9	1.0	0.5	0.0	1.0	0.5	0.5	0.5	6
GDOT	2.9	1.0	0.5	0.0	1.0	1.0	0.5	0.0	6
FUN.US	4.3	0.0	1.5	0.0	2.0	2.0	0.5	0.0	7
GFF	4.3	1.5	0.5	0.0	2.0	1.5	0.5	0.0	7
GFR	3.2	0.0	0.0	0.0	0.0	0.5	2.0	2.0	7
GEO	3.6	0.5	1.5	1.0	1.0	1.0	0.0	0.0	7
GIC	3.6	0.5	1.5	0.0	0.0	1.0	0.5	1.5	7
GKOS	1.8	0.5	0.5	0.0	0.0	1.5	0.0	0.0	7
GLP	3.6	1.0	0.0	0.0	2.0	1.0	1.0	0.0	7
GNW	1.4	1.0	0.0	0.0	0.0	0.5	0.5	0.0	7
GNL	3.2	1.0	0.5	0.0	1.5	1.5	0.0	0.0	7
GMRS	3.9	1.0	1.0	0.0	2.0	1.0	0.0	0.5	6
GME	3.6	1.5	1.0	0.0	0.5	1.0	1.0	0.0	7
GHC	2.5	0.5	0.5	0.0	0.5	1.0	1.0	0.0	7
GPMT	4.6	1.5	2.0	0.0	1.5	0.5	1.0	0.0	7
GPC	2.1	0.5	0.0	0.0	1.0	1.5	0.0	0.0	7
GOOG.24-7	2.1	1.5	0.0	0.0	0.0	1.0	0.5	0.0	7
GPRK	3.6	0.0	0.5	0.0	1.5	0.5	1.0	1.5	7
GRNT	3.6	0.0	1.0	0.0	1.0	1.0	1.0	1.0	7
GSBD	3.2	0.5	0.5	0.0	1.0	1.5	0.0	1.0	6
GTES	3.2	1.5	0.5	0.0	0.5	1.5	0.5	0.0	7
GVA	3.6	1.5	0.5	0.0	1.5	1.5	0.0	0.0	7
GWW	2.5	1.0	0.5	0.0	0.5	1.0	0.5	0.0	7
HASI	3.9	1.5	0.0	0.0	1.5	2.0	0.5	0.0	7
HAE	3.2	0.5	1.5	0.0	1.0	1.0	0.5	0.0	7
HCI	2.1	1.0	0.0	0.0	0.0	1.0	0.5	0.5	7
HBM	2.1	2.0	0.5	0.0	0.0	0.5	0.0	0.0	7
HE	3.9	0.5	2.0	0.0	1.5	1.5	0.0	0.0	7
HGV	5.7	1.5	2.0	0.0	2.0	1.5	0.5	0.5	7
HESM	3.2	0.5	0.5	0.0	2.0	1.0	0.5	0.0	7
HII	2.5	0.0	1.5	0.0	0.5	1.0	0.5	0.0	7
HLN	2.9	0.0	1.5	0.0	0.5	0.5	1.5	0.0	7
HLI	2.5	1.0	1.0	0.0	0.0	1.0	0.5	0.0	7
HIW	2.9	1.0	0.0	0.0	1.0	2.0	0.0	0.0	7
HNGE	2.9	1.0	2.0	0.0	0.0	0.5	0.5	0.0	6
HMC	2.1	0.0	1.0	0.0	1.0	0.5	0.5	0.0	7
HOMB	2.5	0.5	0.0	0.0	1.0	1.5	0.5	0.0	6
HR	2.9	1.0	1.0	0.0	1.0	1.0	0.0	0.0	7
HPE	2.9	1.5	1.5	0.0	0.5	0.5	0.0	0.0	7
HSY	3.2	0.0	1.5	0.0	1.0	1.5	0.5	0.0	7
HRL	3.2	0.0	1.5	0.0	0.5	1.0	0.5	1.0	7
HUBB	2.5	1.0	0.0	0.0	1.0	1.5	0.0	0.0	7
HTH	4.6	1.0	0.5	1.0	1.0	2.0	0.5	0.5	6
IBTA	4.3	0.0	1.5	1.0	0.0	2.0	0.0	1.5	7
HUN	2.9	1.0	1.0	0.0	1.0	1.0	0.0	0.0	7
HWM	2.9	1.5	0.0	0.0	1.0	0.5	1.0	0.0	7
HYLN	3.2	2.0	0.0	0.0	0.0	1.5	0.5	0.5	7
IBM	2.9	0.5	1.0	0.0	1.5	1.0	0.0	0.0	7
IDA	2.9	0.0	0.5	0.0	1.0	2.0	0.5	0.0	7
IE	2.9	1.5	1.0	0.0	0.0	1.0	0.0	0.5	7
IFS	2.5	0.0	0.5	0.0	1.0	0.5	0.0	1.5	6
IHS	4.6	0.5	1.0	0.0	1.0	1.0	1.5	1.5	6
INFY	2.5	0.0	2.0	0.0	0.0	1.5	0.0	0.0	7
IMAX	3.2	0.0	1.0	1.0	0.5	1.5	0.0	0.5	7
INN	2.1	1.5	0.0	0.0	1.0	0.5	0.0	0.0	7
INTT	1.8	1.5	0.0	0.0	0.0	1.0	0.0	0.0	7
IONQ	2.1	2.0	0.5	0.0	0.0	0.5	0.0	0.0	7
IPI	1.8	1.5	0.0	0.0	0.0	0.5	0.0	0.5	7
IT	2.9	1.0	0.0	0.0	1.0	1.5	0.5	0.0	6
IRM	2.5	1.0	0.0	0.0	1.0	1.0	0.5	0.0	6
IVT	2.5	1.0	0.5	0.0	0.5	1.5	0.0	0.0	7
ITUB	3.9	0.0	1.5	1.0	1.0	0.5	1.5	0.0	6
JBL	2.9	1.5	0.0	0.0	1.5	1.0	0.0	0.0	7
JLL	2.9	1.5	0.5	0.0	0.5	1.0	0.5	0.0	7
JCI	3.2	1.5	1.5	0.0	0.5	1.0	0.0	0.0	7
J	2.1	0.5	0.0	0.0	1.0	1.0	0.5	0.0	7
JPM	2.1	1.0	0.0	0.0	1.0	1.0	0.0	0.0	6
JHX	2.1	1.0	0.0	0.0	0.5	0.5	1.0	0.0	7
JNJ	1.4	0.0	0.5	0.0	0.5	1.0	0.0	0.0	7
KB	2.1	0.5	1.0	0.0	1.0	0.5	0.0	0.0	6
KD	4.6	1.5	1.5	0.0	2.0	1.5	0.0	0.0	7
KGC	2.5	1.5	1.5	0.0	0.0	0.5	0.0	0.0	7
KEYS	3.2	1.0	2.0	0.0	0.5	0.5	0.5	0.0	7
KEP	4.6	1.0	1.5	0.0	2.0	0.5	0.5	1.0	7
KKR	3.6	2.0	1.0	0.0	0.5	1.0	0.0	0.5	7
KMI	1.8	0.5	0.0	0.0	1.0	1.0	0.0	0.0	7
KNOP	2.1	0.0	0.0	1.0	1.0	0.5	0.0	0.5	7
KOP	3.6	1.5	0.5	0.0	2.0	1.0	0.0	0.0	7
KMX	3.9	1.5	0.5	0.0	2.0	1.0	0.5	0.0	7
KRMN	4.6	1.0	2.0	0.0	1.5	1.0	0.5	0.5	6
KO	1.4	0.0	0.5	0.0	1.0	0.5	0.0	0.0	7
KRC	3.2	1.0	0.0	0.0	1.0	1.5	1.0	0.0	7
KT	2.1	0.0	0.5	1.0	0.5	1.0	0.0	0.0	7
KVYO	1.8	0.5	0.5	0.0	0.0	1.0	0.5	0.0	7
LADR	5.0	1.0	2.0	0.0	2.0	1.5	0.5	0.0	7
LAZ	4.6	1.5	2.0	0.0	1.5	1.5	0.0	0.0	7
L	2.1	0.5	0.0	0.0	0.5	1.5	0.5	0.0	7
LDI	5.7	2.0	2.0	0.0	2.0	1.0	0.0	1.0	7
LCII	5.4	1.5	2.0	1.0	1.0	1.5	0.5	0.0	7
LEU	5.0	1.5	2.0	1.0	1.0	1.5	0.0	0.0	7
LHX	3.2	0.5	2.0	0.0	0.5	0.5	1.0	0.0	7
LEG	4.3	0.5	1.0	1.0	1.5	2.0	0.0	0.0	6
LNN	1.4	0.5	0.5	0.0	0.0	1.0	0.0	0.0	7
LMT	1.8	0.0	0.5	0.0	1.5	0.5	0.0	0.0	7
LOW	3.2	1.0	2.0	0.0	1.0	0.5	0.0	0.0	6
LPX	3.6	1.5	1.5	0.0	0.0	1.5	0.5	0.0	7
LU	5.4	0.5	2.0	0.0	1.0	1.5	1.0	1.5	7
LW	3.9	0.0	0.5	2.0	1.5	1.0	0.5	0.0	7
LUV	2.5	1.0	0.0	0.0	1.0	1.0	0.5	0.0	7
LYNX	3.6	1.0	1.0	0.0	2.0	0.0	1.0	0.0	5
LZM	4.3	1.5	0.5	0.0	0.5	1.5	0.5	1.5	7
LXU	2.1	0.0	0.5	0.0	1.0	1.0	0.5	0.0	7
MAA	2.9	0.5	1.5	0.0	1.0	1.0	0.0	0.0	7
MANE	2.9	1.0	1.0	0.0	0.0	1.5	0.0	0.5	6
MAIN	2.5	0.5	0.0	0.0	1.0	2.0	0.0	0.0	7
MATV	2.5	1.0	0.0	0.0	1.5	0.5	0.5	0.0	7
MBC	3.9	1.5	1.5	0.0	1.0	1.5	0.0	0.0	7
MCB	2.1	1.0	0.0	0.0	1.0	1.0	0.0	0.0	6
LTC.US	2.5	0.5	1.0	0.0	0.5	1.0	0.5	0.0	7
MD	2.5	0.5	1.0	0.0	0.5	1.5	0.0	0.0	7
MCO	3.6	1.5	0.5	0.0	1.5	1.0	0.5	0.0	7
MFC	2.9	0.5	1.0	0.0	0.5	0.5	1.5	0.0	7
MH	4.6	1.0	0.0	0.0	2.0	1.0	0.5	2.0	6
MIAX	3.6	1.0	1.0	2.0	0.0	1.0	0.0	0.0	6
MGA	3.9	2.0	0.5	0.0	0.5	1.5	1.0	0.0	7
MEC	3.2	1.5	1.0	0.0	0.5	1.0	0.0	0.5	7
MKC	2.9	0.5	1.5	0.0	0.5	1.0	0.5	0.0	7
MNSO	4.6	0.0	2.0	0.0	1.0	1.0	1.0	1.5	7
MOS	2.9	1.0	1.5	0.0	0.5	1.0	0.0	0.0	7
MOD	2.1	1.5	0.5	0.0	0.5	0.5	0.0	0.0	7
MMI	2.5	1.5	0.0	0.0	0.0	1.5	0.0	0.5	7
MPC	3.6	0.5	2.0	0.0	1.0	1.0	0.5	0.0	7
MET.US	2.9	0.5	1.0	0.0	1.5	1.0	0.0	0.0	7
MPTI	1.4	0.5	0.0	0.0	0.0	1.0	0.5	0.0	7
MSI	3.2	1.0	0.5	0.0	2.0	1.0	0.0	0.0	7
MRSH	2.1	0.5	0.5	0.0	1.0	0.5	0.5	0.0	7
MLI	1.8	1.0	0.0	0.0	0.0	1.0	0.5	0.0	7
MTB	1.8	0.5	0.0	0.0	1.0	1.0	0.0	0.0	6
MSA	2.1	1.0	0.0	0.0	0.5	1.0	0.5	0.0	7
MTRN	3.9	1.0	2.0	1.0	0.5	0.5	0.5	0.0	7
MTG	1.4	0.5	0.5	0.0	0.0	1.0	0.0	0.0	7
MSFT.24-7	2.1	1.0	1.0	0.0	0.0	1.0	0.0	0.0	7
MTX	1.8	1.0	0.0	0.0	0.5	1.0	0.0	0.0	7
MUR	2.1	0.5	0.5	0.0	0.5	1.5	0.0	0.0	7
NAK	2.9	0.5	1.0	0.0	0.5	1.5	0.5	0.0	7
MWA	3.2	1.0	1.5	0.0	0.5	1.0	0.5	0.0	7
NBHC	2.5	1.0	0.5	0.0	1.0	1.0	0.0	0.0	6
MYE	2.9	1.0	0.5	0.0	1.0	1.0	0.5	0.0	7
NET	3.6	1.5	1.5	0.0	1.5	0.5	0.0	0.0	7
NGS	1.8	0.0	0.0	0.0	1.0	1.0	0.5	0.0	7
NFG	3.9	0.0	1.5	1.0	1.0	2.0	0.0	0.0	7
NHC	2.5	0.5	1.5	0.0	0.0	1.5	0.0	0.0	7
NE	2.5	1.0	0.0	0.0	0.5	2.0	0.0	0.0	7
NIC	2.9	0.5	0.5	0.0	1.0	1.5	0.5	0.0	6
NJR	2.1	0.0	0.0	0.0	1.0	1.5	0.5	0.0	7
NLY	4.3	1.5	2.0	0.0	2.0	0.5	0.0	0.0	7
NOMD	1.8	0.5	0.0	0.0	1.0	0.5	0.5	0.0	7
NNI	2.9	0.5	0.5	0.0	1.5	1.0	0.0	0.5	7
NOC	2.5	0.0	2.0	0.0	1.0	0.5	0.0	0.0	7
NRDY	6.1	1.5	2.0	1.0	1.0	2.0	0.0	1.0	7
NOW	1.4	1.0	0.0	0.0	0.5	0.5	0.0	0.0	7
NTB	2.9	0.5	0.5	0.0	1.0	1.0	1.0	0.0	6
NU	1.8	1.0	0.0	0.0	1.0	0.5	0.0	0.0	6
NSC	2.9	1.5	0.0	0.0	1.0	1.5	0.0	0.0	7
NUVB	4.3	1.5	0.5	0.0	1.5	2.0	0.0	0.5	7
NVST	1.8	1.0	0.0	0.0	0.5	1.0	0.0	0.0	7
NVO	2.1	0.0	1.5	0.0	0.5	0.5	0.5	0.0	7
NXDT	2.9	1.0	0.5	0.0	0.5	1.5	0.5	0.0	7
NWN	2.5	0.0	0.5	0.0	1.5	1.5	0.0	0.0	7
NYT	3.2	1.0	0.5	0.0	1.0	1.5	0.5	0.0	6
NPKI	2.9	1.5	1.0	0.0	0.0	1.0	0.5	0.0	7
OEC	3.6	1.0	0.0	0.0	2.0	1.5	0.5	0.0	7
OBK	2.5	0.5	1.0	0.0	1.0	1.0	0.0	0.0	6
OIS	2.9	1.5	0.5	1.0	0.0	1.0	0.0	0.0	7
OHI	2.9	0.5	0.0	1.0	0.5	1.5	0.5	0.0	7
OGE	1.8	0.0	0.0	0.0	1.0	1.5	0.0	0.0	7
OLN	4.3	1.5	1.5	0.0	1.5	1.0	0.5	0.0	7
ONON	3.2	2.0	0.5	0.0	0.0	1.0	1.0	0.0	7
OOMA	3.2	1.5	0.5	0.0	0.5	1.0	1.0	0.0	7
OSCR	3.2	2.0	1.5	0.0	0.0	1.0	0.0	0.0	7
OMF	3.6	1.5	0.0	0.0	2.0	1.0	0.5	0.0	7
OTF	3.9	1.0	2.0	0.0	1.0	0.5	0.0	1.0	5
OPLN	2.9	1.5	0.0	0.0	1.5	0.5	0.5	0.0	7
OXY	1.1	0.0	0.5	0.0	0.5	0.5	0.0	0.0	7
OR.US	2.5	1.5	0.5	0.0	0.0	1.0	0.5	0.0	7
OVV	1.8	0.5	0.5	0.0	0.5	1.0	0.0	0.0	7
ORCL	3.9	1.5	1.0	0.0	2.0	0.5	0.0	0.5	7
PAR	3.9	1.5	1.0	0.0	0.5	2.0	0.0	0.5	7
PAGS	2.9	1.5	0.0	1.0	0.0	1.5	0.0	0.0	7
PAC	2.9	0.0	1.0	0.0	1.0	1.0	1.0	0.0	7
PBA	2.9	0.5	0.0	0.0	1.0	2.0	0.5	0.0	7
PBI	3.6	1.5	0.5	0.0	1.0	2.0	0.0	0.0	6
PD	3.2	1.0	1.0	0.0	1.5	1.0	0.0	0.0	7
PCG	2.1	0.0	1.5	0.0	1.5	0.0	0.0	0.0	7
PAY.US	1.4	1.5	0.0	0.0	0.0	0.5	0.0	0.0	7
PEG	4.3	0.5	1.0	2.0	1.0	1.0	0.5	0.0	7
PG	1.8	0.0	0.5	1.0	0.5	0.5	0.0	0.0	7
PFGC	3.6	1.0	0.5	0.0	1.5	1.0	1.0	0.0	7
PINE	1.8	0.5	0.0	0.0	1.0	1.0	0.0	0.0	7
PHG	3.9	1.0	2.0	1.0	0.5	1.0	0.0	0.0	7
PJT	2.5	1.0	1.0	0.0	0.5	1.0	0.0	0.0	7
PHM	2.5	1.0	1.0	0.0	0.0	1.5	0.0	0.0	7
PKG	2.1	0.5	0.0	0.0	1.0	1.0	0.5	0.0	7
PLOW	2.5	1.5	0.0	0.0	1.0	0.5	0.5	0.0	7
PMT	6.1	1.0	1.5	1.0	2.0	1.5	0.5	1.0	6
PLD	2.9	1.5	0.0	0.0	0.5	1.5	0.5	0.0	7
PRIM	3.2	1.5	1.0	0.0	0.5	1.0	0.5	0.0	7
POST	3.9	0.0	2.0	0.0	1.5	1.5	0.0	0.5	7
PNR	3.2	1.0	2.0	0.0	0.5	0.5	0.5	0.0	7
PRG	3.2	1.5	0.5	0.0	1.0	1.0	0.5	0.0	7
PRLB	3.6	1.5	2.0	0.0	0.0	1.0	0.5	0.0	7
PSQH	4.3	0.5	1.5	0.0	2.0	0.5	1.0	0.5	7
PWR	2.9	1.5	0.5	0.0	0.5	1.0	0.5	0.0	7
PUK	2.9	1.0	2.0	0.0	0.0	0.0	1.0	0.0	7
QSR	3.2	0.5	0.5	0.0	2.0	1.5	0.0	0.0	7
PRU	3.2	1.0	0.0	0.0	1.5	1.5	0.5	0.0	7
PSFE	5.4	1.5	1.5	0.0	2.0	1.5	0.0	1.0	7
QXO	4.6	2.0	1.5	0.0	0.5	1.5	1.0	0.0	7
RBLX	5.0	1.5	1.5	0.0	2.0	0.5	1.5	0.0	7
RAL	4.3	1.0	1.5	1.0	0.5	1.0	1.0	0.0	6
RDDT	2.9	2.0	0.5	0.0	0.0	1.0	0.5	0.0	7
REA	3.6	1.0	1.5	0.0	0.0	1.0	0.0	1.5	6
RELX	2.9	0.0	0.5	0.0	2.0	1.0	0.5	0.0	7
RF	2.9	1.0	0.0	0.0	1.0	1.5	0.5	0.0	6
RCI	4.6	1.0	1.5	0.0	1.5	2.0	0.5	0.0	7
RIG	2.5	1.5	0.0	0.0	0.5	1.5	0.0	0.0	7
REX	1.4	0.5	0.0	0.0	0.0	1.0	0.5	0.0	7
RLX	4.3	1.0	1.5	0.0	0.0	0.5	1.5	1.5	7
RJF	2.1	1.0	0.0	0.0	0.5	1.5	0.0	0.0	7
RH	5.0	2.0	1.5	0.0	2.0	1.0	0.0	0.5	7
RLGT	2.5	1.0	0.5	0.0	0.5	0.5	0.5	0.5	7
RMD	2.1	0.5	0.0	0.0	0.0	2.0	0.5	0.0	7
RNR	1.8	0.0	1.0	0.0	0.0	1.0	0.5	0.0	7
RRX	2.1	1.0	0.5	0.0	0.5	0.5	0.5	0.0	7
RWT	5.7	1.5	1.5	0.0	2.0	1.0	2.0	0.0	7
RYAN	3.2	0.5	0.5	0.0	2.0	1.5	0.0	0.0	7
RTX	1.1	0.0	0.0	0.0	0.5	1.0	0.0	0.0	7
RPM	3.9	1.0	1.5	1.0	1.0	0.5	0.5	0.0	7
RSI	2.9	1.5	0.5	0.0	0.0	1.0	1.0	0.0	7
RDY	2.5	0.0	0.5	0.0	0.0	2.0	1.0	0.0	7
ROK	2.9	1.5	0.5	0.0	1.0	1.0	0.0	0.0	7
SBH	3.6	1.0	0.5	0.0	1.5	2.0	0.0	0.0	7
SAP	1.4	0.5	0.0	0.0	0.0	0.5	1.0	0.0	7
SCI	3.6	1.0	0.5	0.0	2.0	1.5	0.0	0.0	7
SBSW	2.5	1.0	1.0	0.0	0.5	0.5	0.5	0.0	7
SEAT	5.4	1.0	2.0	0.0	1.0	2.0	0.0	1.5	6
SDHC	3.9	1.0	2.0	0.0	0.0	2.0	0.0	0.5	7
SES	2.5	1.0	1.0	0.0	0.0	1.0	0.5	0.0	7
SGHC	2.9	1.0	0.0	0.0	0.0	2.0	0.0	1.0	7
SHEL	2.5	0.0	1.5	0.0	0.5	1.0	0.5	0.0	7
SIG	2.5	1.0	0.5	0.0	0.5	1.0	0.5	0.0	7
SJM	1.8	0.0	0.0	0.0	1.0	1.0	0.5	0.0	7
SAFE.US	5.0	1.5	1.5	0.0	1.5	2.0	0.0	0.5	7
SLG	3.2	1.5	0.0	0.0	1.0	2.0	0.0	0.0	7
SM	2.5	1.0	0.5	0.0	1.0	1.0	0.0	0.0	7
SN	3.2	1.5	1.0	0.0	0.5	1.0	0.0	0.5	7
SMR	3.6	2.0	2.0	0.0	0.0	0.5	0.5	0.0	7
SNDR	2.9	1.5	0.0	0.0	0.0	2.0	0.0	0.5	7
SMG	4.6	2.0	1.5	0.0	1.0	1.0	0.5	0.5	6
SPCE	3.9	2.0	1.0	0.0	0.5	1.5	0.5	0.0	7
SPHR	4.3	1.5	0.0	2.0	0.5	2.0	0.0	0.0	7
SKY.US	1.4	1.0	0.0	0.0	0.0	1.0	0.0	0.0	7
SOC	3.6	0.0	1.5	0.0	2.0	1.0	0.0	0.5	7
SNX.US	2.9	1.5	1.0	0.0	0.5	0.5	0.5	0.0	7
SR	3.2	0.5	1.0	0.0	1.5	1.0	0.5	0.0	7
SPOT	2.1	1.5	0.5	0.0	0.0	0.5	0.0	0.5	7
STEM	5.4	1.5	2.0	1.0	1.0	2.0	0.0	0.0	6
SSD	2.1	1.5	0.5	0.0	0.0	1.0	0.0	0.0	7
STN	4.6	0.5	2.0	1.0	1.0	1.5	0.5	0.0	7
SSTK	3.6	1.0	2.0	0.0	1.0	0.5	0.0	0.5	7
STC	3.2	1.0	1.5	0.0	0.5	1.0	0.5	0.0	7
SRG.US	4.3	2.0	1.5	0.0	0.0	2.0	0.0	0.5	7
STUB	3.6	1.0	2.0	0.0	0.5	1.0	0.5	0.0	6
STZ	4.3	0.0	1.5	2.0	1.0	1.0	0.5	0.0	7
SUZ	2.9	0.0	0.5	0.0	1.5	1.0	0.0	1.0	7
SUN	2.9	0.0	0.5	0.0	1.5	1.5	0.0	0.5	7
SWK	1.8	1.0	0.0	0.0	0.5	1.0	0.0	0.0	7
TAC	3.9	0.0	1.0	0.0	1.5	1.5	1.5	0.0	7
SXI	1.8	1.0	0.0	0.0	0.5	1.0	0.0	0.0	7
TBI	2.9	1.5	0.5	0.0	0.5	1.0	0.5	0.0	7
TALO	2.1	0.0	1.0	0.0	0.5	1.0	0.0	0.5	7
SYK	2.1	0.5	1.0	0.0	0.5	0.5	0.5	0.0	7
TDAY	5.4	1.5	0.5	0.0	2.0	2.0	1.0	0.5	7
TDY	1.8	1.0	0.0	0.0	0.0	1.0	0.5	0.0	7
TDOC	3.6	2.0	0.5	0.0	0.5	1.5	0.5	0.0	7
TEO	1.1	0.0	0.0	0.0	0.5	0.0	0.0	1.0	6
TFC	2.1	1.0	0.0	0.0	1.0	1.0	0.0	0.0	6
TFX	2.9	1.0	0.0	0.0	1.0	1.5	0.5	0.0	7
TEL.US	1.8	1.0	0.0	0.0	0.5	1.0	0.0	0.0	7
TKC	3.2	0.5	1.0	0.0	0.5	0.5	1.0	1.0	7
THG	0.7	0.0	0.5	0.0	0.0	0.5	0.0	0.0	7
TLK	2.1	0.0	1.5	0.0	0.5	1.0	0.0	0.0	7
TIMB	2.5	0.0	1.0	1.0	0.5	1.0	0.0	0.0	7
TGS.US	2.1	0.5	0.0	0.0	0.5	0.5	0.5	1.0	7
TNC	2.9	1.0	0.5	0.0	0.5	1.5	0.5	0.0	7
TNL	3.9	1.5	1.0	0.0	1.0	2.0	0.0	0.0	6
TME	2.5	0.5	2.0	0.0	0.0	1.0	0.0	0.0	7
TOST	2.5	1.5	0.0	0.0	1.0	1.0	0.0	0.0	6
TPL	2.1	0.5	0.5	0.0	0.0	2.0	0.0	0.0	7
TRGP	3.6	0.5	1.0	0.0	2.0	1.0	0.5	0.0	7
TRNO	2.1	1.0	0.0	0.0	0.0	2.0	0.0	0.0	7
TR	2.1	0.0	0.0	0.0	0.0	2.0	0.0	1.0	7
TRTX	5.4	1.5	2.0	0.0	2.0	1.5	0.5	0.0	7
TTAM	5.4	1.0	1.5	0.0	0.5	2.0	0.5	2.0	6
TS	2.1	0.0	1.0	1.0	0.0	0.5	0.0	0.5	7
TSM	2.9	1.5	2.0	0.0	0.0	0.5	0.0	0.0	7
TTI	3.6	1.5	1.5	0.0	0.5	1.0	0.5	0.0	7
TWLO	3.6	1.5	1.5	0.0	0.0	1.0	1.0	0.0	7
U	3.2	2.0	1.0	0.0	0.5	1.0	0.0	0.0	7
UAMY	2.1	0.0	2.0	0.0	0.0	1.0	0.0	0.0	7
TXNM	2.5	0.0	0.5	0.0	1.5	1.0	0.0	0.5	7
UE	2.9	1.0	1.0	0.0	1.0	1.0	0.0	0.0	7
UBS	2.5	1.0	0.0	0.0	1.0	1.0	0.5	0.0	6
UI	3.6	1.5	1.0	0.0	0.0	0.5	0.0	2.0	7
UGI	2.5	1.0	0.0	0.0	1.0	1.0	0.5	0.0	7
ULS	2.9	0.5	1.0	1.0	0.0	1.5	0.0	0.0	7
UNF	2.1	0.5	0.5	0.0	0.0	1.0	1.0	0.0	7
UPS	3.2	1.0	0.5	0.0	1.5	1.5	0.0	0.0	7
UNM	1.8	0.0	0.5	0.0	0.5	0.5	1.0	0.0	7
USNA	3.2	0.5	1.0	0.0	1.0	1.0	0.0	1.0	6
USAC	3.2	0.0	0.0	0.0	2.0	1.0	1.0	0.5	7
UTL	1.4	0.0	0.0	0.0	1.0	1.0	0.0	0.0	7
V	2.5	0.5	1.0	0.0	0.5	1.0	0.5	0.0	7
VFC	4.6	1.5	1.0	0.0	2.0	1.5	0.5	0.0	7
VALE	1.8	0.5	0.0	1.0	0.5	0.5	0.0	0.0	7
VIPS	2.1	0.5	1.5	0.0	0.0	0.5	0.5	0.0	7
VIA	2.5	1.0	0.0	0.0	0.0	2.0	0.0	0.5	6
VLO	2.9	0.5	2.0	0.0	0.5	1.0	0.0	0.0	7
VMC	3.2	1.0	1.5	0.0	0.5	1.0	0.5	0.0	7
VOYG	2.5	1.0	0.0	0.0	1.0	1.5	0.0	0.0	6
UVE	2.5	0.5	1.5	0.0	0.0	1.0	0.5	0.0	7
VNO	3.6	1.5	0.0	0.0	1.0	2.0	0.5	0.0	7
VRTS	3.2	1.5	1.0	0.0	0.5	1.0	0.5	0.0	7
VSTS	4.3	1.0	0.5	0.0	1.5	1.5	1.0	0.5	7
VTMX	1.8	0.0	0.0	0.0	0.5	1.0	0.5	0.5	7
VIV.US	2.5	0.0	0.5	0.0	0.5	0.5	0.5	1.5	7
VTS	2.9	0.5	0.5	0.0	0.0	2.0	0.5	0.5	7
VYX	3.9	1.5	1.0	0.0	1.0	2.0	0.0	0.0	7
WBI	3.2	1.0	0.0	0.0	1.0	2.0	0.0	0.5	6
WCN	1.8	0.0	0.5	0.0	1.0	1.0	0.0	0.0	7
WAB	3.2	1.0	1.0	0.0	0.5	1.0	1.0	0.0	7
WEAV	2.9	1.5	1.5	0.0	0.5	0.0	0.0	0.5	7
WFC	2.5	1.0	0.5	0.0	1.0	0.5	0.5	0.0	6
WIT	4.6	0.0	1.5	0.0	0.0	2.0	1.5	1.5	7
WES	3.2	0.5	0.5	0.0	1.5	1.5	0.0	0.5	7
WLK	3.6	0.5	1.0	0.0	0.5	1.5	0.0	1.5	7
WHD	2.1	1.5	0.5	0.0	0.0	1.0	0.0	0.0	7
WMB	2.1	0.5	0.0	0.0	1.5	1.0	0.0	0.0	7
WPC	3.2	0.5	1.5	0.0	1.0	1.5	0.0	0.0	7
WNC	4.3	1.5	1.5	0.0	1.5	1.5	0.0	0.0	7
WSM	2.9	1.5	1.0	0.0	0.5	1.0	0.0	0.0	7
WTI	2.1	0.0	0.0	0.0	1.0	1.0	0.5	0.5	6
WTS	1.8	1.0	0.5	0.0	0.0	1.0	0.0	0.0	7
WWW	3.9	1.5	0.0	1.0	1.5	1.5	0.0	0.0	7
XIFR	3.2	1.0	0.5	1.0	0.5	1.5	0.0	0.0	7
YETI	2.1	1.5	0.0	0.0	0.5	1.0	0.0	0.0	7
WRB.US	1.8	0.0	0.0	0.0	0.5	1.5	0.0	0.5	7
XPEV	3.6	1.0	2.0	0.0	1.0	1.0	0.0	0.0	7
YOU	2.9	1.0	0.5	0.0	0.5	1.5	0.5	0.0	7
XPRO	2.1	1.0	0.5	0.0	0.0	1.5	0.0	0.0	7
YUM	3.2	0.5	1.5	0.0	1.0	1.0	0.5	0.0	6
OCFC	3.2	1.0	1.0	0.0	1.0	1.0	0.5	0.0	6
ZEPP	4.6	2.0	2.0	0.0	0.5	1.0	0.5	0.5	7
OABI	2.5	1.5	1.0	0.0	0.0	0.5	0.5	0.0	7
ZH	2.5	0.0	0.5	0.0	0.0	1.0	0.5	1.5	7
ZTO	2.5	0.0	1.0	0.0	0.5	1.5	0.0	0.5	7
ODTX	2.9	1.0	0.0	0.0	0.0	2.0	0.0	1.0	6
XZO	4.6	1.0	0.5	0.0	0.0	1.5	1.5	2.0	6
OFS	6.1	1.0	1.0	2.0	1.5	2.0	0.0	1.0	6
OKUR	3.9	1.0	1.0	0.0	0.0	1.5	1.0	1.0	6
OCUL	3.2	1.0	1.5	0.0	0.0	2.0	0.0	0.0	7
ON	2.5	2.0	0.0	0.0	0.5	1.0	0.0	0.0	7
OLMA	4.3	2.0	1.5	0.0	0.0	2.0	0.0	0.5	7
OMCL	1.8	1.0	0.5	0.0	0.0	1.0	0.0	0.0	7
OPCH	3.9	0.5	0.5	2.0	1.0	1.5	0.0	0.0	7
ONDS	2.5	2.0	0.5	0.0	0.0	1.0	0.0	0.0	7
OPENW	6.1	2.0	2.0	0.0	1.5	1.0	1.0	1.0	4
ORGO	4.6	1.5	2.0	0.0	0.0	2.0	0.0	1.0	7
OPRA	3.2	1.5	0.5	0.0	0.0	1.0	0.0	1.5	7
OPTX	2.9	0.5	0.0	0.0	0.0	1.5	0.5	1.5	7
OSPN	3.9	1.5	1.5	0.0	0.0	2.0	0.5	0.0	7
ORLY	2.9	0.5	1.5	0.0	1.0	1.0	0.0	0.0	6
OTLY	4.6	2.0	0.5	0.0	1.0	1.0	0.5	1.5	6
ARVLF	5.4	2.0	2.0	0.0	0.5	2.0	0.0	1.0	7
OVLY	2.1	0.0	1.0	0.0	1.0	1.0	0.0	0.0	6
VAR.OL	4.6	0.0	1.0	0.0	2.0	1.0	1.0	1.5	5
SUBC.OL	2.9	0.5	1.0	0.0	0.0	1.0	1.0	0.5	5
BTMCQ	5.7	2.0	2.0	1.0	2.0	0.0	1.0	0.0	6
ATROB	3.6	1.5	0.0	0.0	1.5	1.0	1.0	0.0	5
DMNIF	5.0	1.0	2.0	1.0	1.0	0.0	2.0	0.0	4
CNTM	5.7	2.0	2.0	0.0	1.0	0.0	2.0	1.0	7
GDST	5.0	0.0	2.0	1.0	1.0	0.5	1.0	1.5	5
EVFM	3.2	1.5	0.5	0.0	1.0	0.0	1.5	0.0	6
IVCAF	4.6	0.0	2.0	0.0	1.0	0.0	1.5	2.0	6
HTGMQ	5.4	2.0	1.0	1.0	2.0	0.0	1.5	0.0	5
MTPLF	2.1	0.0	1.0	0.0	0.0	1.0	1.0	0.0	5
ORANY	3.2	0.0	1.5	0.0	1.5	0.5	0.5	0.5	7
MFLTY	5.4	2.0	2.0	1.0	1.0	0.0	1.5	0.0	5
MAXNQ	4.6	1.0	2.0	0.0	1.0	0.0	1.0	1.5	6
SFGYY	3.9	1.0	0.0	0.0	1.5	1.0	1.0	1.0	3
SLAMF	5.7	0.0	2.0	1.0	1.0	0.0	2.0	2.0	5
SUNWQ	3.6	2.0	2.0	0.0	0.0	0.5	0.5	0.0	7
SNBRQ	4.3	2.0	2.0	0.0	1.0	1.0	0.0	0.0	6
SCPX	3.9	2.0	2.0	0.0	1.0	0.0	0.5	0.0	6
REEAF.US	5.0	2.0	2.0	0.0	2.0	0.5	0.0	0.5	7
TRVN	5.4	2.0	2.0	0.0	1.0	0.5	2.0	0.0	6
ZPTA	6.4	2.0	1.0	2.0	1.0	0.0	1.5	1.5	7
PACB	5.0	2.0	0.5	2.0	1.0	1.5	0.0	0.0	6
PAYO	2.9	1.0	2.0	0.0	0.0	1.0	0.0	0.0	7
PANL	2.9	1.0	1.0	0.0	0.5	0.5	0.0	1.0	7
PCVX	4.3	1.5	0.5	2.0	0.0	2.0	0.0	0.0	7
PAYX	2.9	1.0	0.5	0.0	1.0	1.5	0.0	0.0	7
WCPRF	2.9	1.0	1.0	0.0	0.0	1.0	1.0	0.0	5
PCAR	2.1	1.0	0.0	0.0	0.5	1.0	0.5	0.0	7
PDFS	2.9	1.5	0.5	0.0	0.0	1.0	1.0	0.0	7
PEBO	2.5	0.5	0.5	0.0	1.0	1.5	0.0	0.0	6
PENG	4.3	2.0	0.0	2.0	0.5	1.0	0.5	0.0	7
PGY	3.2	2.0	0.0	0.0	1.0	1.0	0.5	0.0	7
PFBC	2.9	0.5	0.5	0.0	1.0	2.0	0.0	0.0	6
PIII	3.6	1.5	0.5	0.0	1.0	0.5	0.5	1.0	7
PFLT	4.3	0.5	2.0	0.0	1.5	1.0	0.0	1.0	6
PHVS	2.1	2.0	0.0	0.0	0.0	0.5	0.0	0.5	7
PERI	1.4	1.0	0.5	0.0	0.0	0.5	0.0	0.0	7
PLAY	5.4	2.0	1.5	0.0	2.0	1.0	0.5	0.5	7
PLTK	4.3	1.0	1.5	0.0	1.0	1.0	0.0	1.5	6
PLUS	2.5	1.0	1.0	0.0	0.0	1.5	0.0	0.0	7
PMVP	3.9	1.5	1.0	0.0	0.0	1.0	1.0	1.0	7
POET	1.8	1.0	0.5	0.0	0.0	0.5	0.5	0.0	7
PLPC	2.5	1.0	0.5	0.0	0.0	0.5	0.5	1.0	7
POOL	3.6	1.0	2.0	0.0	1.0	1.0	0.0	0.0	7
PPTA	3.2	1.0	1.0	0.0	0.0	2.0	0.0	0.5	7
POWW	2.1	1.0	0.5	0.0	0.0	1.5	0.0	0.0	7
PRAX	3.2	2.0	0.5	0.0	0.0	2.0	0.0	0.0	7
PRDO	1.4	0.5	0.0	0.0	0.0	1.5	0.0	0.0	7
PRPL	5.0	1.5	2.0	0.0	1.0	1.0	0.5	1.0	6
PRTS	2.9	0.5	0.5	0.0	1.0	1.0	1.0	0.0	7
PSIX	3.9	2.0	0.5	0.0	0.5	1.0	0.0	1.5	7
PSNL	3.2	2.0	1.0	1.0	0.0	0.5	0.0	0.0	7
PWP	2.9	1.5	0.5	0.0	0.5	1.5	0.0	0.0	7
PTRN	2.5	1.0	0.0	0.0	0.0	1.0	0.0	1.5	6
74SW.PA	3.6	0.5	0.5	0.0	0.5	1.0	1.0	1.5	5
PTC	3.9	1.0	1.0	2.0	0.5	1.0	0.0	0.0	7
AC.PA	3.2	1.0	0.0	0.0	1.0	1.0	1.0	0.5	5
ADOC.PA	3.6	0.0	2.0	0.0	1.0	1.0	1.0	0.0	4
ABEO.PA	3.6	0.0	1.0	0.0	1.0	1.0	1.0	1.0	3
AI.PA	2.5	0.5	0.5	0.0	0.5	1.0	1.0	0.0	5
ALATA.PA	5.4	0.0	1.5	1.0	2.0	1.0	1.0	1.0	5
ALAGO.PA	3.6	0.5	0.5	0.0	2.0	1.0	1.0	0.0	5
AKW.PA	3.6	0.5	1.0	0.0	0.0	1.0	1.0	1.5	5
ALBIZ.PA	3.9	0.0	0.5	0.0	2.0	1.0	1.0	1.0	5
ALBON.PA	3.2	0.0	0.5	0.0	1.0	1.0	1.0	1.0	4
ALCAT.PA	5.0	0.5	1.5	2.0	0.5	1.0	1.0	0.5	5
PTGX	2.9	1.5	0.5	0.0	0.0	2.0	0.0	0.0	7
ALCOX.PA	2.5	0.5	1.0	0.0	0.0	1.0	1.0	0.0	5
ALCIS.PA	3.2	0.5	0.0	0.0	0.5	1.0	1.0	1.5	5
ALCUR.PA	3.9	1.5	0.5	0.0	1.0	1.0	1.0	0.5	5
ALDEL.PA	3.2	0.5	0.0	0.0	1.0	1.0	1.0	1.0	5
ALCLS.PA	5.4	2.0	1.5	0.0	1.5	1.0	1.0	0.5	5
ALDUX.PA	4.6	0.0	2.0	0.0	1.5	1.0	1.0	1.0	4
ALDMS.PA	3.9	0.5	1.0	0.0	1.0	1.0	1.0	1.0	5
ALECP.PA	4.3	0.0	2.0	0.0	1.0	1.0	1.0	1.0	3
ALEO2.PA	5.0	1.0	0.5	2.0	0.5	1.0	1.0	1.0	3
ALFER.PA	3.9	1.0	1.5	0.0	1.0	1.0	1.0	0.0	5
ALGID.PA	3.2	0.0	1.0	0.0	1.5	1.0	1.0	0.0	5
ALFUM.PA	4.3	1.0	0.0	0.0	2.0	1.0	1.0	1.0	5
ALFOR.PA	5.7	1.0	1.5	1.0	1.5	1.0	1.0	1.0	5
ALHAF.PA	3.6	1.5	0.5	0.0	0.0	1.0	1.0	1.0	5
ALHG.PA	3.9	1.0	0.0	0.0	1.5	1.0	1.0	1.0	4
ALHUN.PA	4.3	0.0	1.5	0.0	1.5	1.0	1.0	1.0	4
ALITL.PA	2.9	0.0	1.5	0.0	0.0	1.0	1.0	0.5	5
ALHPI.PA	3.9	0.5	2.0	0.0	1.0	1.0	1.0	0.0	4
ALICA.PA	6.1	0.5	1.5	2.0	1.5	1.0	1.0	1.0	5
ALKEY.PA	4.6	1.0	0.5	0.0	1.5	1.0	1.0	1.5	5
ALINN.PA	3.9	0.0	1.0	0.0	1.5	1.0	1.0	1.0	4
ALKLH.PA	3.2	0.0	1.5	0.0	0.0	1.0	1.0	1.0	4
ALLGO.PA	3.9	0.0	1.5	0.0	1.0	1.0	1.0	1.0	3
ALMCE.PA	4.6	1.0	0.0	2.0	0.0	1.0	1.0	1.5	5
ALMDT.PA	4.6	0.5	1.0	1.0	1.0	1.0	1.0	1.0	4
ALMRB.PA	4.3	0.0	2.0	0.0	0.5	1.0	1.0	1.5	5
ALNN6.PA	4.3	1.0	0.0	0.0	2.0	1.0	1.0	1.0	4
ALNSE.PA	4.3	0.0	1.5	0.0	0.5	1.0	1.0	2.0	5
ALOPM.PA	2.9	0.5	0.5	0.0	1.0	1.0	1.0	0.0	5
ALMKT.PA	3.2	1.0	0.5	0.0	1.0	1.0	1.0	0.0	4
ALO.PA	4.3	1.0	1.5	0.0	0.5	1.0	1.0	1.0	4
ALPAS.PA	2.9	0.0	0.5	0.0	0.0	1.0	1.0	1.5	5
ALPJT.PA	3.9	0.0	1.0	0.0	1.0	1.0	1.0	1.5	5
ALPUL.PA	3.9	0.0	1.5	0.0	1.0	1.0	1.0	1.0	5
ALSEN.PA	3.9	0.5	2.0	0.0	0.0	1.0	1.0	1.0	5
ALQWA.PA	2.5	0.0	0.5	0.0	0.0	1.0	1.0	1.0	4
ALSOG.PA	3.6	0.5	0.5	0.0	0.5	1.0	1.0	1.5	5
ALSTI.PA	6.8	2.0	1.5	2.0	1.0	1.0	1.0	1.0	5
ALTAO.PA	5.0	1.0	0.5	0.0	2.0	1.0	1.0	1.5	5
ALTHX.PA	3.2	1.5	0.0	0.0	1.0	1.0	1.0	0.0	5
ALTOU.PA	4.6	1.0	1.5	0.0	1.5	1.0	1.0	0.5	5
ALU10.PA	3.6	0.0	0.5	0.0	1.0	1.0	1.0	1.5	5
ALVAL.PA	2.9	0.0	1.0	0.0	0.5	1.0	1.0	0.5	5
ALVGO.PA	3.6	0.0	0.0	0.0	1.0	1.0	1.0	2.0	5
ALWEC.PA	3.6	0.5	0.0	1.0	0.0	1.0	1.0	1.5	5
AMUN.PA	4.6	1.0	0.5	0.0	1.5	1.0	1.0	1.5	5
ARG.PA	3.6	1.0	0.0	0.0	1.0	1.0	1.0	1.0	5
ATEME.PA	2.9	0.5	0.5	0.0	0.5	1.0	1.0	0.5	5
ALWTR.PA	5.7	2.0	1.0	0.0	1.0	1.0	1.0	2.0	4
AURE.PA	3.6	0.0	0.5	0.0	0.5	1.0	1.0	2.0	5
BAIN.PA	2.9	0.0	2.0	0.0	0.0	1.0	1.0	0.0	5
BEN.PA	4.3	0.5	2.0	0.0	0.5	1.0	1.0	1.0	5
BLC.PA	5.4	1.0	1.5	0.0	2.0	1.0	1.0	1.0	5
BOI.PA	3.9	0.0	2.0	0.0	0.0	1.0	1.0	1.5	5
CA.PA	2.9	0.5	0.0	0.0	1.5	1.0	1.0	0.0	5
CBSM.PA	4.6	1.0	1.5	0.0	1.0	1.0	1.0	1.0	2
BSD.PA	3.9	0.5	0.5	0.0	0.5	1.0	1.0	2.0	5
CARM.PA	4.3	0.5	1.5	0.0	1.0	1.0	1.0	1.0	5
CDI.PA	3.6	1.0	0.5	0.0	0.5	1.0	1.0	1.0	4
COFA.PA	2.9	0.0	0.0	0.0	1.5	1.0	1.0	0.5	5
CMO.PA	2.5	0.0	0.5	0.0	1.0	1.0	1.0	0.0	4
CRAV.PA	3.2	0.0	1.5	0.0	1.0	1.0	1.0	0.0	4
COV.PA	4.6	1.0	2.0	0.0	1.0	1.0	1.0	0.5	5
CRLA.PA	3.6	0.5	1.5	0.0	1.0	1.0	1.0	0.0	4
CRTO.PA	2.1	0.0	0.0	0.0	1.0	1.0	1.0	0.0	4
DKUPL.PA	3.2	0.0	0.0	0.0	1.0	1.0	1.0	1.5	4
DBG.PA	3.9	2.0	0.0	0.0	0.5	1.0	1.0	1.0	5
DEEZR.PA	2.9	0.0	1.0	0.0	1.0	1.0	1.0	0.0	4
EKI.PA	3.6	1.5	0.5	0.0	0.5	1.0	1.0	0.5	5
EC.PA	3.2	0.0	0.5	0.0	0.0	1.0	1.0	2.0	5
ELIOR.PA	5.7	2.0	2.0	0.0	1.0	1.0	1.0	1.0	5
EQS.PA	2.9	0.5	1.5	0.0	0.0	1.0	1.0	0.0	5
EN.PA	3.6	0.5	0.5	0.0	1.0	1.0	1.0	1.0	5
FII.PA	3.2	1.0	0.0	0.0	0.5	1.0	1.0	1.0	5
ETL.PA	4.3	0.0	2.0	0.0	1.0	1.0	1.0	1.0	5
FDJU.PA	4.6	0.5	1.5	0.0	2.0	1.0	1.0	0.5	5
EXENS.PA	2.9	1.0	0.0	0.0	0.5	1.0	1.0	0.5	5
ALBFR.PA	2.1	0.0	0.0	0.0	0.5	1.0	1.0	0.5	5
GFC.PA	3.9	1.0	1.5	0.0	0.5	1.0	1.0	0.5	5
GTT.PA	2.1	0.0	1.0	0.0	0.0	1.0	1.0	0.0	5
ICAD.PA	5.0	1.0	2.0	0.0	1.0	1.0	1.0	1.0	5
FRVIA.PA	5.7	1.5	1.5	1.0	2.0	1.0	1.0	0.0	5
GNFT.PA	2.9	1.0	0.0	0.0	1.0	1.0	1.0	0.0	3
HDF.PA	3.9	0.0	2.0	0.0	0.0	1.0	1.0	1.5	5
IMDA.PA	3.9	0.0	1.5	0.0	0.5	1.0	1.0	1.5	5
IPH.PA	3.6	1.0	0.5	0.0	1.0	1.0	1.0	0.5	4
ITP.PA	4.3	1.0	1.5	0.0	0.0	1.0	1.0	1.5	5
LACR.PA	4.3	1.0	0.5	0.0	1.0	1.0	1.0	1.5	5
JCQ.PA	5.0	1.0	0.5	2.0	0.5	1.0	1.0	1.0	5
LNA.PA	5.7	0.5	1.5	1.0	2.0	1.0	1.0	1.0	5
LHYFE.PA	5.7	1.0	1.5	0.0	2.0	1.0	1.0	1.5	5
LSS.PA	2.9	1.0	0.0	0.0	0.5	1.0	1.0	0.5	5
GDS.PA	5.0	0.0	0.0	1.0	2.0	1.0	1.0	2.0	5
MAU.PA	3.2	0.0	0.0	1.0	0.0	1.0	1.0	1.5	5
MDM.PA	4.6	0.0	1.5	0.0	2.0	1.0	1.0	1.0	4
MMB.PA	5.4	1.0	0.5	0.0	2.0	1.0	1.0	2.0	5
NANO.PA	3.2	0.5	0.5	0.0	1.0	1.0	1.0	0.5	4
MTU.PA	3.6	1.5	0.0	0.0	0.5	1.0	1.0	1.0	5
NXI.PA	4.3	1.0	2.0	0.0	1.0	1.0	1.0	0.0	5
PAR.PA	4.3	0.0	1.5	0.0	0.5	1.0	1.0	2.0	5
OR.PA	3.2	1.0	0.0	0.0	0.5	1.0	1.0	1.0	5
MERY.PA	4.3	1.0	2.0	0.0	1.0	1.0	1.0	0.0	5
PAT.PA	3.6	0.0	0.5	0.0	1.0	1.0	1.0	1.5	4
POMRY.PA	5.0	0.0	2.0	0.0	1.5	1.0	1.0	1.5	5
PIG.PA	3.9	1.0	0.0	0.0	1.5	1.0	1.0	1.0	4
RUI.PA	3.6	1.0	0.5	0.0	1.0	1.0	1.0	0.5	5
RBT.PA	2.5	0.0	0.5	0.0	0.5	1.0	1.0	0.5	5
RI.PA	3.9	0.5	2.0	0.0	0.5	1.0	1.0	0.5	5
SAF.PA	2.9	1.0	0.0	0.0	0.5	1.0	1.0	0.5	5
PUB.PA	3.2	0.5	0.5	0.0	0.5	1.0	1.0	1.0	4
SMCP.PA	4.6	1.5	0.5	1.0	0.5	1.0	1.0	1.0	5
SGO.PA	4.3	1.5	2.0	0.0	0.5	1.0	1.0	0.0	5
STLAP.PA	4.3	1.0	2.0	0.0	1.0	1.0	1.0	0.0	5
SPIE.PA	3.6	0.5	1.0	0.0	1.5	1.0	1.0	0.0	5
SW.PA	3.2	0.0	0.5	0.0	1.0	1.0	1.0	1.0	5
TEP.PA	3.2	0.5	0.5	0.0	1.0	1.0	1.0	0.5	5
SAVE.PA	3.6	0.0	1.0	0.0	0.5	1.0	1.0	1.5	5
SCR.PA	2.5	0.5	0.5	0.0	0.5	1.0	1.0	0.0	5
URW.PA	4.3	1.5	1.5	0.0	1.0	1.0	1.0	0.0	5
VCT.PA	4.3	0.5	1.5	0.0	0.5	1.0	1.0	1.5	5
THEP.PA	3.6	0.5	2.0	0.0	0.0	1.0	1.0	0.5	5
TRI.PA	3.9	1.0	1.5	0.0	0.0	1.0	1.0	1.0	5
VIL.PA	3.2	0.0	0.5	0.0	0.5	1.0	1.0	1.5	5
VLTSA.PA	5.0	1.0	1.0	0.0	1.5	1.0	1.0	1.5	5
VU.PA	3.2	0.5	1.0	0.0	0.0	1.0	1.0	1.0	5
WLN.PA	4.6	2.0	1.5	0.0	0.5	1.0	1.0	0.5	5
VIV.PA	4.3	1.0	2.0	0.0	0.5	1.0	1.0	0.5	5
QFIN	2.1	0.5	2.0	0.0	0.0	0.0	0.0	0.5	7
QNST	2.1	0.5	0.0	0.0	0.0	1.5	1.0	0.0	7
QCOM	2.5	1.5	0.0	0.0	0.5	1.0	0.5	0.0	7
RAPP	2.9	1.5	0.5	0.0	0.0	1.5	0.0	0.5	7
QS	3.9	2.0	2.0	0.0	0.0	1.5	0.0	0.0	7
QUBT	3.6	2.0	1.5	0.0	0.0	1.5	0.0	0.0	7
RCMT	2.1	0.0	1.5	0.0	0.5	0.5	0.0	0.5	7
RCEL	4.6	2.0	2.0	0.0	1.0	1.5	0.0	0.0	6
RDWR	2.9	1.0	1.0	0.0	0.0	1.0	0.5	0.5	7
REKR	5.0	2.0	2.0	1.0	0.5	1.5	0.0	0.0	7
REFI	2.9	0.0	1.5	0.0	0.5	1.5	0.5	0.0	7
RBBN	5.0	1.5	1.5	0.0	1.0	1.5	0.5	1.0	7
REYN	3.2	0.5	0.5	0.0	0.5	1.0	0.5	1.5	7
RENEF	5.0	0.0	2.0	1.0	1.0	0.0	1.0	2.0	5
RGEN	4.3	1.0	1.5	1.0	0.5	1.5	0.5	0.0	7
RICK	2.9	1.0	0.0	0.0	1.0	2.0	0.0	0.0	7
RGP	1.4	0.5	0.5	0.0	0.0	0.5	0.5	0.0	7
RIOT	2.5	2.0	0.0	0.0	0.5	1.0	0.0	0.0	7
RNA	3.2	1.0	1.5	0.0	0.0	2.0	0.0	0.0	6
RLAY	3.6	1.5	1.0	0.0	0.0	2.0	0.0	0.5	7
RMNI	3.6	1.5	0.0	0.0	1.0	1.0	0.5	1.0	6
ROCK	4.6	1.5	1.0	0.0	1.5	1.5	1.0	0.0	7
ROOT	3.6	2.0	1.0	0.0	0.5	1.5	0.0	0.0	7
RVMD	3.2	1.5	1.5	0.0	0.5	1.0	0.0	0.0	7
RXST	2.5	1.0	1.5	0.0	0.0	1.0	0.0	0.0	7
RUN	5.7	2.0	2.0	0.0	2.0	2.0	0.0	0.0	7
RRR	5.0	1.5	1.0	0.0	2.0	1.0	1.0	0.5	7
RYTM	3.9	2.0	0.0	1.0	0.5	2.0	0.0	0.0	7
RPAY	4.3	2.0	0.0	0.0	1.5	1.5	0.0	1.0	7
SABR	3.6	1.0	0.5	0.0	1.0	1.5	0.5	0.5	6
SAIA	2.1	2.0	0.0	0.0	0.0	1.0	0.0	0.0	7
SAMG	2.9	0.5	0.5	0.0	0.5	1.0	1.5	0.0	7
SBAC	3.6	1.0	1.5	0.0	1.0	1.0	0.5	0.0	6
SBUX	2.5	1.0	0.0	0.0	1.0	1.5	0.0	0.0	6
SBGI	4.6	1.0	1.5	0.0	2.0	2.0	0.0	0.0	7
SDA	3.2	0.0	2.0	0.0	1.0	0.0	1.0	0.5	7
SEER	3.2	1.5	1.5	0.0	0.0	0.0	1.0	0.5	7
SERA	2.9	1.0	1.0	0.0	0.0	1.5	0.0	0.5	7
SFNC	2.5	1.0	0.5	0.0	1.0	1.0	0.0	0.0	6
SG	2.9	2.0	0.5	0.0	0.5	1.0	0.0	0.0	7
SHAZ	3.2	2.0	0.0	0.0	1.0	0.5	0.0	1.0	7
SHEN	3.2	0.5	1.0	0.0	0.5	1.5	1.0	0.0	7
SFD	5.7	1.0	2.0	0.0	0.5	1.0	1.5	2.0	6
SGMT	3.2	2.0	0.5	0.0	0.0	1.5	0.5	0.0	7
SILC	3.2	1.5	1.5	0.0	0.0	0.0	1.5	0.0	7
SHOE	3.9	1.5	0.5	0.0	0.5	1.5	1.0	0.5	7
SION	3.2	1.0	2.0	0.0	0.0	0.5	0.0	1.0	6
SJ	2.9	1.0	0.0	1.0	0.0	0.0	1.0	1.0	7
SKWD	1.4	0.0	0.0	0.0	0.5	1.0	0.5	0.0	7
SLDB	3.2	2.0	0.0	0.0	0.0	2.0	0.0	0.5	7
SIBN	2.9	0.5	1.0	0.0	0.0	2.0	0.5	0.0	7
SLGN	3.6	0.5	1.5	0.0	1.5	1.5	0.0	0.0	7
SNEX	3.2	0.5	0.0	0.0	2.0	1.5	0.5	0.0	7
SLN	2.9	1.5	0.0	1.0	0.0	0.5	0.5	0.5	7
SMPL	2.5	0.0	1.5	0.0	0.5	1.0	0.5	0.0	7
SNY	3.2	0.0	2.0	0.0	0.5	1.0	1.0	0.0	7
SONO	3.2	2.0	0.5	0.0	0.0	1.5	0.5	0.0	7
SMBC	2.5	1.0	0.5	0.0	1.0	1.0	0.0	0.0	6
SNDK	1.8	1.0	0.5	0.0	0.0	0.0	1.0	0.0	6
SPSC	1.4	0.5	0.0	0.0	0.0	1.5	0.0	0.0	7
SPWH	2.9	0.0	1.5	0.0	2.0	0.0	0.5	0.0	7
SRPT	1.8	0.0	0.5	0.0	0.5	1.5	0.0	0.0	7
STEP	3.6	1.5	1.0	0.0	1.0	1.0	0.5	0.0	7
SPRB	3.9	2.0	2.0	0.0	0.0	1.0	0.0	0.5	7
SPCX.24-7	2.5	1.0	0.0	0.0	0.5	0.5	0.5	1.0	6
STNE	3.9	1.5	0.5	1.0	1.5	0.5	0.5	0.0	7
STKS	6.4	1.5	2.0	1.0	2.0	2.0	0.0	0.5	7
SSNC	2.1	1.0	0.0	0.0	1.0	1.0	0.0	0.0	7
SUNS	3.6	1.0	1.5	0.0	0.5	1.0	0.5	0.5	7
SURG	3.6	0.0	2.0	0.0	1.0	0.0	2.0	0.0	6
SWBI	2.1	1.0	0.5	0.0	0.0	1.0	0.5	0.0	7
STTK	2.9	1.0	0.5	0.0	0.0	1.5	0.5	0.5	7
STRC	4.3	2.0	1.5	0.0	0.0	0.5	1.0	1.0	6
SSYS.US	3.6	2.0	0.5	0.0	0.0	1.0	1.0	0.5	7
SYBT	2.5	0.5	0.0	0.0	1.0	1.5	0.5	0.0	6
SYRE	5.7	2.0	1.0	2.0	1.0	2.0	0.0	0.0	6
STRK.US	3.2	2.0	0.0	0.0	0.0	0.0	1.5	1.0	6
ALFA.ST	3.2	0.5	1.0	0.0	0.5	1.0	1.0	0.5	5
AQ.ST	3.2	0.5	1.5	0.0	0.0	1.0	1.0	0.5	5
ALTRA.ST	3.9	1.5	0.5	0.0	1.0	1.0	1.0	0.5	5
ATCO-B.ST	3.9	1.0	1.0	1.0	0.5	1.0	1.0	0.0	5
BILL.ST	1.4	0.0	0.0	0.0	0.0	1.0	1.0	0.0	5
BEIAb.ST	3.6	1.0	1.5	0.0	0.5	1.0	1.0	0.0	5
CAST.ST	2.9	1.5	0.0	0.0	0.5	1.0	1.0	0.0	5
BOL.ST	2.1	1.0	0.0	0.0	0.0	1.0	1.0	0.0	5
BUFAB.ST	4.6	1.5	1.5	0.0	1.0	1.0	1.0	0.5	5
CLASb.ST	3.2	1.0	0.5	0.0	0.5	1.0	1.0	0.5	5
DIOS.ST	5.0	1.5	2.0	0.0	1.0	1.0	1.0	0.5	5
EKTAB.ST	2.9	1.0	0.0	0.0	1.0	1.0	1.0	0.0	5
ENGCONb.ST	2.9	0.5	0.5	0.0	0.0	1.0	1.0	1.0	5
HACK.ST	3.6	1.0	0.5	0.0	0.0	1.0	1.0	1.5	4
EPROb.ST	3.2	1.0	1.0	0.0	0.5	1.0	1.0	0.0	5
ERIC-B.ST	2.5	0.5	0.5	0.0	0.5	1.0	1.0	0.0	5
HM-B.ST	5.4	1.0	1.5	0.0	1.5	1.0	1.0	1.5	5
HOLMb.ST	2.1	0.0	0.5	0.0	0.0	1.0	1.0	0.5	5
INVE-A.ST	2.5	0.5	1.0	0.0	0.0	1.0	1.0	0.0	5
HUSQB.ST	4.3	1.5	1.5	0.0	0.5	1.0	1.0	0.5	5
LOOMIS.ST	3.6	0.0	1.5	0.0	1.5	1.0	1.0	0.0	5
FABG.ST	4.6	1.5	1.5	0.0	1.0	1.0	1.0	0.5	5
MILDEF.ST	3.2	1.0	1.0	0.0	0.5	1.0	1.0	0.0	5
LUND-B.ST	3.6	1.0	0.5	0.0	0.0	1.0	1.0	1.5	5
NCAB.ST	4.6	1.0	1.5	1.0	1.0	1.0	1.0	0.0	5
NORION.ST	3.6	0.5	0.5	0.0	1.0	1.0	1.0	1.0	4
LATOb.ST	4.3	1.5	0.5	0.0	0.5	1.0	1.0	1.5	5
NEWAb.ST	3.6	1.5	1.0	0.0	0.5	1.0	1.0	0.0	5
MTGb.ST	3.2	0.5	1.0	0.0	0.5	1.0	1.0	0.5	5
OEMb.ST	2.9	1.0	1.0	0.0	0.0	1.0	1.0	0.0	5
SAND.ST	3.2	1.5	0.5	0.0	0.5	1.0	1.0	0.0	5
RUSTA.ST	4.6	1.0	0.5	0.0	1.5	1.0	1.0	1.5	5
RATOb.ST	3.2	1.0	0.0	1.0	0.5	1.0	1.0	0.0	5
SCAB.ST	1.8	0.0	0.5	0.0	0.0	1.0	1.0	0.0	5
SIVE.ST	2.5	0.5	0.5	0.0	0.0	1.0	1.0	0.5	5
SECU-B.ST	2.5	0.5	0.0	0.0	1.0	1.0	1.0	0.0	5
SOBI.ST	2.1	0.0	0.5	0.0	0.5	1.0	1.0	0.0	5
SYNSAM.ST	3.6	0.0	1.5	0.0	1.0	1.0	1.0	0.5	5
SHBB.ST	2.5	0.0	0.5	0.0	1.0	1.0	1.0	0.0	4
SKF-B.ST	3.6	1.0	1.5	0.0	0.5	1.0	1.0	0.0	5
TELIA.ST	3.2	0.0	0.0	0.0	1.5	1.0	1.0	1.0	5
STORb.ST	3.6	1.0	0.5	1.0	0.5	1.0	1.0	0.0	5
TROAX.ST	3.9	1.0	1.0	0.0	1.0	1.0	1.0	0.5	5
VITR.ST	5.0	1.5	1.5	1.0	0.0	1.0	1.0	1.0	5
XVIVO.ST	2.9	1.5	0.0	0.0	0.0	1.0	1.0	0.5	5
VOLV-B.ST	2.9	1.0	0.0	0.0	1.0	1.0	1.0	0.0	5
A2M.ASX	1.8	0.0	0.5	0.0	0.0	1.0	1.0	0.0	5
AGL.ASX	2.5	0.0	1.0	0.0	0.5	1.0	1.0	0.0	5
ALL.ASX	1.8	0.0	0.0	0.0	0.5	1.0	1.0	0.0	5
ALX.ASX	4.3	0.5	1.5	0.0	0.5	1.0	1.0	1.5	5
ANN.ASX	3.6	0.5	2.0	0.0	0.5	1.0	1.0	0.0	5
APA.ASX	3.6	0.0	1.0	0.0	2.0	1.0	1.0	0.0	5
ARF.ASX	3.2	0.5	1.5	0.0	0.5	1.0	1.0	0.0	5
AX1.ASX	3.9	1.0	1.0	0.0	1.0	1.0	1.0	0.5	5
BHP.ASX	2.9	1.0	0.5	0.0	0.5	1.0	1.0	0.0	5
BRN.ASX	2.5	0.0	1.5	0.0	0.0	1.0	1.0	0.0	5
BWP.ASX	2.9	0.5	1.0	0.0	0.0	1.0	1.0	0.5	5
BOQ.ASX	2.5	0.5	0.0	0.0	1.0	1.0	1.0	0.0	4
BEN.ASX	3.2	0.5	1.0	0.0	1.0	1.0	1.0	0.0	4
CGF.ASX	3.6	0.5	0.5	0.0	1.5	1.0	1.0	0.5	5
CIA.ASX	4.3	0.5	2.0	0.0	1.0	1.0	1.0	0.5	5
CBA.ASX	3.9	1.0	1.5	0.0	1.0	1.0	1.0	0.0	4
CLW.ASX	3.6	1.0	1.5	0.0	0.5	1.0	1.0	0.0	5
CRN.ASX	4.6	0.0	1.5	0.0	2.0	1.0	1.0	1.0	5
CPU.ASX	2.9	0.0	0.5	0.0	0.5	1.0	1.0	1.0	4
CTT.ASX	5.0	2.0	1.0	0.0	1.0	1.0	1.0	1.0	4
CNU.ASX	3.9	0.0	1.5	0.0	2.0	1.0	1.0	0.0	5
DDR.ASX	4.3	0.5	2.0	0.0	1.0	1.0	1.0	0.5	5
DOW.ASX	2.9	1.0	0.5	0.0	0.5	1.0	1.0	0.0	5
EDV.ASX	3.2	0.0	1.0	0.0	1.5	1.0	1.0	0.0	5
DTL.ASX	3.2	1.0	1.5	0.0	0.0	1.0	1.0	0.0	5
EMR.ASX	2.5	1.0	0.0	0.0	0.0	1.0	1.0	0.5	5
FBU.ASX	2.1	0.5	0.0	0.0	0.5	1.0	1.0	0.0	5
GNC.ASX	2.1	0.0	0.0	0.0	1.0	1.0	1.0	0.0	5
FPH.ASX	3.2	1.0	1.5	0.0	0.0	1.0	1.0	0.0	5
HMC.ASX	2.9	1.0	0.5	0.0	0.0	1.0	1.0	0.5	5
HDN.ASX	2.9	0.5	1.0	0.0	0.5	1.0	1.0	0.0	5
IGO.ASX	2.1	0.5	0.5	0.0	0.0	1.0	1.0	0.0	5
IAG.ASX	1.8	0.0	0.0	0.0	0.5	1.0	1.0	0.0	5
IPH.ASX	2.1	0.0	0.5	0.0	0.5	1.0	1.0	0.0	5
IMU.ASX	5.0	2.0	2.0	0.0	0.5	1.0	1.0	0.5	5
JHX.ASX	2.5	1.0	0.0	0.0	0.5	1.0	1.0	0.0	5
KGN.ASX	3.9	2.0	0.5	0.0	0.5	1.0	1.0	0.5	5
LKE.ASX	2.5	0.0	1.5	0.0	0.0	1.0	1.0	0.0	5
LTR.ASX	4.6	1.5	2.0	0.0	0.5	1.0	1.0	0.5	5
MFG.ASX	2.9	0.0	1.5	0.0	0.0	1.0	1.0	0.5	5
MMS.ASX	3.2	0.5	0.0	0.0	2.0	1.0	1.0	0.0	5
MPL.ASX	1.4	0.0	0.0	0.0	0.0	1.0	1.0	0.0	5
MYR.ASX	5.0	1.0	1.5	0.0	1.5	1.0	1.0	1.0	3
NCK.ASX	3.6	1.0	1.0	0.0	1.0	1.0	1.0	0.0	5
NHC.ASX	2.5	0.0	0.5	0.0	0.0	1.0	1.0	1.0	5
NWS.ASX	2.9	1.0	0.5	0.0	0.5	1.0	1.0	0.0	5
PLS.ASX	2.9	1.0	0.5	0.0	0.5	1.0	1.0	0.0	5
ORG.ASX	2.5	0.5	0.5	0.0	0.5	1.0	1.0	0.0	5
NVX.ASX	3.9	1.0	2.0	0.0	0.5	1.0	1.0	0.0	5
PNI.ASX	3.6	1.5	1.0	0.0	0.0	1.0	1.0	0.5	5
PRU.ASX	2.5	1.0	0.5	0.0	0.0	1.0	1.0	0.0	5
QAN.ASX	3.6	0.5	0.5	0.0	2.0	1.0	1.0	0.0	5
RHC.ASX	3.9	0.5	1.5	0.0	1.5	1.0	1.0	0.0	5
REA.ASX	3.2	0.5	0.5	0.0	0.0	1.0	1.0	1.5	5
RWC.ASX	3.2	0.5	2.0	0.0	0.0	1.0	1.0	0.0	5
SFR.ASX	2.9	1.5	0.5	0.0	0.0	1.0	1.0	0.0	5
SDF.ASX	2.1	0.0	0.5	0.0	0.5	1.0	1.0	0.0	5
RMD.ASX	2.9	0.5	0.5	0.0	0.0	1.0	1.0	1.0	5
SMR.ASX	2.9	0.0	0.0	0.0	0.5	1.0	1.0	1.5	5
SIG.ASX	2.9	0.0	0.5	0.0	0.5	1.0	1.0	1.0	5
SGP.ASX	3.2	1.0	1.0	0.0	0.5	1.0	1.0	0.0	5
STO.ASX	3.6	0.0	1.5	0.0	0.5	1.0	1.0	1.0	4
SYR.ASX	5.0	1.0	2.0	0.0	1.0	1.0	1.0	1.0	4
TLC.ASX	3.9	0.0	1.5	0.0	2.0	1.0	1.0	0.0	5
TNE.ASX	1.8	0.5	0.0	0.0	0.0	1.0	1.0	0.0	5
VEA.ASX	4.3	0.0	1.5	0.0	2.0	1.0	1.0	0.5	5
WA1.ASX	5.0	2.0	2.0	0.0	0.0	1.0	1.0	1.0	5
WES.ASX	3.2	0.5	0.5	0.0	1.5	1.0	1.0	0.0	5
WJL.ASX	3.9	0.5	2.0	0.0	0.0	1.0	1.0	1.0	5
WBT.ASX	3.2	1.0	1.5	0.0	0.0	1.0	1.0	0.0	5
WPR.ASX	3.6	1.0	1.5	0.0	0.5	1.0	1.0	0.0	5
TWE.ASX	1.8	0.0	0.0	0.0	0.5	1.0	1.0	0.0	5
TASK	4.3	2.0	0.5	0.0	1.5	1.0	0.5	0.5	7
TCBK	2.5	0.5	0.0	0.0	1.0	1.5	0.5	0.0	6
TCPC	3.9	1.0	0.5	0.0	1.5	1.5	0.0	1.0	6
TDUP	5.0	2.0	2.0	0.0	1.0	1.5	0.5	0.0	7
XYZ.ASX	3.6	2.0	0.5	0.0	0.5	1.0	1.0	0.0	5
TBLA	3.6	1.5	1.0	0.0	0.0	1.0	0.5	1.0	7
TELA	3.9	1.5	0.0	0.0	1.0	0.5	1.5	1.0	6
TECH	2.9	1.5	2.0	0.0	0.0	0.5	0.0	0.0	7
TER	2.9	1.5	1.0	0.0	0.0	1.0	0.5	0.0	7
TGTX	3.9	1.5	1.0	0.0	1.0	2.0	0.0	0.0	7
THRM	5.0	1.5	0.5	2.0	0.5	1.5	0.0	1.0	7
TIGR	2.1	0.0	1.5	0.0	0.0	1.0	0.5	0.0	7
TLRY	3.6	2.0	2.0	0.0	0.0	1.0	0.0	0.0	7
TITN	4.3	1.5	1.0	0.0	1.5	1.0	1.0	0.0	7
TMCI	4.6	1.5	0.0	2.0	1.0	1.5	0.0	0.5	7
TMUS	3.6	0.0	1.5	0.0	1.5	1.0	0.0	1.0	7
TNYA	4.3	2.0	2.0	0.0	0.0	2.0	0.0	0.0	7
TRDA	3.6	0.0	2.0	0.0	0.0	1.5	0.5	1.0	7
TPG	3.2	1.5	0.5	0.0	1.0	1.0	0.5	0.0	7
TRNS	2.1	0.5	1.0	0.0	0.5	1.0	0.0	0.0	7
TRVG	2.5	0.5	0.0	0.0	0.0	0.0	2.0	1.0	7
TRS	2.9	0.5	0.0	0.0	0.5	2.0	0.5	0.5	7
TRIP	4.3	1.0	1.5	0.0	1.0	1.5	1.0	0.0	7
TSCO	3.2	0.5	1.0	0.0	1.5	1.0	0.5	0.0	7
TSLA	2.1	2.0	0.0	0.0	0.0	0.5	0.0	0.5	7
TOP.US	2.5	1.0	1.0	0.0	0.0	0.5	1.0	0.0	7
TTEK	1.8	1.0	0.0	0.0	0.5	1.0	0.0	0.0	7
TTAN	2.1	1.0	0.5	0.0	0.0	0.5	0.5	0.5	6
TWST	5.4	2.0	1.5	2.0	0.0	1.5	0.5	0.0	7
TXRH	3.2	1.0	1.5	1.0	0.5	0.5	0.0	0.0	7
1332.T	2.9	0.0	1.0	0.0	1.0	1.0	1.0	0.0	5
1808.T	2.5	0.0	1.0	0.0	0.5	1.0	1.0	0.0	5
1801.T	2.9	0.5	1.0	0.0	0.5	1.0	1.0	0.0	5
TVRD	3.6	1.0	2.0	0.0	0.0	0.5	1.0	0.5	6
2269.T	1.8	0.0	0.5	0.0	0.0	1.0	1.0	0.0	5
2503.T	2.1	0.0	0.5	0.0	0.5	1.0	1.0	0.0	5
2432.T	2.5	0.0	0.5	0.0	0.0	1.0	1.0	1.0	5
1928.T	2.5	0.0	0.5	0.0	1.0	1.0	1.0	0.0	5
2802.T	2.1	0.0	0.5	0.0	0.5	1.0	1.0	0.0	5
3099.T	1.4	0.0	0.0	0.0	0.0	1.0	1.0	0.0	5
2914.T	2.9	0.0	1.0	0.0	0.5	1.0	1.0	0.5	5
3697.T	3.2	1.0	0.0	0.0	1.0	1.0	1.0	0.5	5
3407.T	2.5	0.5	0.5	0.0	0.5	1.0	1.0	0.0	5
3401.T	2.5	0.0	0.5	0.0	0.5	1.0	1.0	0.5	5
4005.T	2.9	0.0	1.0	0.0	1.0	1.0	1.0	0.0	5
4063.T	2.1	1.0	0.0	0.0	0.0	1.0	1.0	0.0	5
4043.T	3.6	1.0	0.5	0.0	0.5	1.0	1.0	1.0	3
4188.T	2.5	0.5	0.5	0.0	0.5	1.0	1.0	0.0	5
4324.T	2.5	0.0	0.5	0.0	1.0	1.0	1.0	0.0	5
4543.T	1.4	0.0	0.0	0.0	0.0	1.0	1.0	0.0	5
4502.T	2.5	0.0	1.0	0.0	0.5	1.0	1.0	0.0	5
4661.T	1.8	0.0	0.0	0.0	0.0	1.0	1.0	0.5	5
4507.T	2.9	0.0	0.5	1.0	0.5	1.0	1.0	0.0	5
5020.T	2.1	0.0	0.5	0.0	0.5	1.0	1.0	0.0	5
5301.T	3.6	0.5	2.0	0.0	0.5	1.0	1.0	0.0	5
5201.T	2.1	0.0	0.5	0.0	0.5	1.0	1.0	0.0	5
4902.T	2.1	0.0	0.5	0.0	0.5	1.0	1.0	0.0	5
4751.T	3.2	0.5	1.5	0.0	0.5	1.0	1.0	0.0	5
5711.T	3.2	1.0	0.5	0.0	1.0	1.0	1.0	0.0	5
543A.T	3.6	0.0	1.5	0.0	0.5	1.0	1.0	1.0	5
5401.T	2.5	0.5	0.0	0.0	1.0	1.0	1.0	0.0	5
5801.T	2.9	1.0	0.5	0.0	0.5	1.0	1.0	0.0	5
6273.T	2.5	1.0	0.5	0.0	0.0	1.0	1.0	0.0	5
6305.T	2.9	1.0	0.0	0.0	0.5	1.0	1.0	0.5	5
6113.T	1.8	0.5	0.0	0.0	0.0	1.0	1.0	0.0	5
6367.T	2.1	0.5	0.0	0.0	0.5	1.0	1.0	0.0	5
5831.T	3.2	0.0	1.5	0.0	1.0	1.0	1.0	0.0	4
6503.T	1.8	0.5	0.0	0.0	0.0	1.0	1.0	0.0	5
6473.T	3.2	0.5	1.5	0.0	0.0	1.0	1.0	0.5	5
6526.T	2.9	0.5	0.5	0.0	1.0	1.0	1.0	0.0	4
6674.T	3.2	1.0	0.0	0.0	0.5	1.0	1.0	1.0	3
6723.T	3.6	1.5	0.0	1.0	0.5	1.0	1.0	0.0	5
6753.T	4.3	0.5	0.5	0.0	1.5	1.0	1.0	1.5	5
6952.T	2.1	0.0	1.0	0.0	0.0	1.0	1.0	0.0	5
6971.T	2.5	0.0	1.5	0.0	0.0	1.0	1.0	0.0	5
6861.T	3.9	1.0	1.0	0.0	1.0	1.0	1.0	0.5	4
6770.T	2.1	0.5	0.5	0.0	0.0	1.0	1.0	0.0	5
6988.T	2.5	0.5	0.0	0.0	1.0	1.0	1.0	0.0	4
7201.T	3.9	0.0	1.5	0.0	1.5	1.0	1.0	0.5	5
7211.T	2.9	0.0	0.5	0.0	0.5	1.0	1.0	1.0	5
7453.T	2.5	0.5	1.0	0.0	0.0	1.0	1.0	0.0	5
7269.T	1.4	0.0	0.0	0.0	0.0	1.0	1.0	0.0	5
7735.T	2.9	1.5	0.5	0.0	0.0	1.0	1.0	0.0	5
7012.T	3.2	1.0	0.5	0.0	1.0	1.0	1.0	0.0	5
7912.T	1.8	0.0	0.5	0.0	0.0	1.0	1.0	0.0	5
8001.T	2.5	0.5	0.5	0.0	0.5	1.0	1.0	0.0	5
7752.T	2.9	0.0	1.0	0.0	0.5	1.0	1.0	0.5	5
8031.T	1.8	0.0	0.0	0.0	0.5	1.0	1.0	0.0	5
8253.T	3.2	0.5	0.0	0.0	2.0	1.0	1.0	0.0	5
8058.T	2.1	0.5	0.0	0.0	0.5	1.0	1.0	0.0	5
8316.T	2.9	0.0	1.0	0.0	1.0	1.0	1.0	0.0	4
8411.T	3.6	0.0	2.0	0.0	1.0	1.0	1.0	0.0	4
8306.T	3.2	0.0	1.5	0.0	1.0	1.0	1.0	0.0	4
8604.T	3.6	0.5	0.5	0.0	2.0	1.0	1.0	0.0	5
8725.T	2.1	0.0	1.0	0.0	0.0	1.0	1.0	0.0	5
8804.T	2.9	0.0	0.5	0.0	1.5	1.0	1.0	0.0	5
8795.T	2.1	0.0	1.0	0.0	0.0	1.0	1.0	0.0	5
9005.T	5.0	1.0	2.0	0.0	1.0	1.0	1.0	1.0	3
9201.T	2.1	0.0	0.5	0.0	0.5	1.0	1.0	0.0	5
9009.T	2.1	0.0	0.5	0.0	0.5	1.0	1.0	0.0	5
9104.T	3.2	0.5	1.0	0.0	1.0	1.0	1.0	0.0	5
9433.T	2.5	0.0	0.5	0.0	1.0	1.0	1.0	0.0	5
9532.T	1.8	0.0	0.0	0.0	0.5	1.0	1.0	0.0	5
9022.T	2.5	0.0	0.5	0.0	1.0	1.0	1.0	0.0	5
9502.T	2.1	0.0	0.0	0.0	1.0	1.0	1.0	0.0	5
9984.T	3.2	1.0	0.0	0.0	1.0	1.0	1.0	0.5	5
UFPI	3.2	1.5	1.5	0.0	0.0	1.0	0.5	0.0	7
UNIT	4.6	1.5	0.5	0.0	2.0	2.0	0.0	0.5	7
ULH	3.2	0.5	0.0	0.0	1.0	1.5	0.0	1.5	7
UCTT	3.2	2.0	0.0	0.0	1.0	1.0	0.5	0.0	7
9766.T	1.8	0.0	0.0	0.0	0.0	1.0	1.0	0.5	5
UPBD	4.6	1.5	1.5	0.0	1.5	2.0	0.0	0.0	7
UPWK	3.2	1.0	1.5	0.0	0.5	1.5	0.0	0.0	7
URGN	3.6	1.5	0.5	0.0	1.0	1.5	0.5	0.0	6
VANI	4.3	2.0	0.5	0.0	1.0	0.5	1.0	1.0	7
VERU	4.3	1.0	1.5	2.0	0.0	1.5	0.0	0.0	7
VEON	4.3	1.5	1.5	0.0	2.0	0.5	0.5	0.0	7
UTMD	2.5	0.0	1.0	1.0	0.0	1.0	0.5	0.0	7
USEA	4.3	0.5	0.5	0.0	1.5	2.0	1.0	0.5	7
VISN	4.3	2.0	2.0	0.0	0.0	1.0	1.0	0.0	7
VFS	4.6	1.0	1.0	0.0	1.0	1.5	0.0	2.0	6
VINP	2.9	0.0	0.0	1.0	0.5	1.0	0.5	1.0	7
VCTR	2.9	1.0	1.0	0.0	0.5	1.0	0.0	0.5	7
VNET	4.6	0.0	1.5	1.0	2.0	1.5	0.0	0.5	7
VLGEA	2.1	0.0	1.0	0.0	0.5	1.0	0.5	0.0	7
VRM	4.3	1.0	1.0	0.0	2.0	0.0	0.0	2.0	6
VOGX	2.5	1.0	1.0	0.0	1.0	0.0	0.0	0.5	5
VSTM	2.5	0.0	0.0	0.0	1.5	1.5	0.0	0.5	7
VRSK	3.6	0.5	1.5	0.0	1.0	1.0	1.0	0.0	6
VUZI	3.2	1.5	0.5	0.0	0.0	2.0	0.0	0.5	7
VSAT	2.9	1.5	0.0	0.0	1.0	1.5	0.0	0.0	7
WATT	2.1	1.5	0.5	0.0	0.0	1.0	0.0	0.0	7
WAFD	2.9	1.0	0.5	0.0	1.0	1.0	0.5	0.0	6
WDAY	2.5	1.0	0.0	0.0	0.5	1.0	1.0	0.0	7
WEYS	3.9	1.0	1.5	0.0	0.0	1.5	0.5	1.0	7
WINA	3.6	0.5	1.5	0.0	1.0	1.5	0.0	0.5	6
WLFC	5.7	0.5	1.0	2.0	2.0	1.5	0.0	1.0	7
WKHS	5.7	1.0	1.5	0.0	2.0	1.5	0.5	1.5	6
WEN	3.6	0.0	1.5	0.0	2.0	1.5	0.0	0.0	7
WMT	2.9	0.5	1.0	0.0	0.5	0.5	1.0	0.5	7
WRLD	3.9	1.0	0.0	0.0	1.5	1.5	0.5	1.0	7
WHF	2.1	0.0	0.0	0.0	1.0	1.0	0.0	1.0	6
WSC	3.9	1.5	1.0	0.0	2.0	1.0	0.0	0.0	7
WSHP	4.3	1.0	2.0	0.0	0.5	0.0	0.5	2.0	6
WW	3.6	1.0	0.5	0.0	1.5	1.5	0.0	0.5	6
WTW	1.8	0.0	0.0	0.0	1.0	1.0	0.5	0.0	7
XEL	3.6	0.0	1.0	1.0	1.5	1.5	0.0	0.0	7
XMTR	3.9	1.5	1.5	0.0	0.5	1.5	0.5	0.0	7
WYNN	3.9	1.0	2.0	0.0	1.0	1.0	0.0	0.5	6
XXI	3.6	1.5	1.0	0.0	0.0	1.0	0.0	1.5	7
XRX	4.6	2.0	0.5	0.0	2.0	2.0	0.0	0.0	7
YSWY	3.9	1.0	1.0	0.0	1.0	1.5	0.0	1.0	6
XPEL	2.1	1.0	0.0	0.0	0.0	2.0	0.0	0.0	7
ZM	1.1	1.0	0.0	0.0	0.0	0.5	0.0	0.0	7
ZION	2.1	1.0	0.0	0.0	1.0	1.0	0.0	0.0	6
ZBRA	3.6	1.5	1.5	0.0	1.0	1.0	0.0	0.0	7
ZYME	2.9	1.0	0.5	1.0	0.0	1.5	0.0	0.0	7
ZUMZ	3.9	1.0	1.5	0.0	1.0	1.0	0.5	0.5	7
ADEN.ZU	3.2	1.0	0.5	0.0	1.0	1.0	1.0	0.0	5
BARN.ZU	3.9	0.0	1.5	0.0	1.5	1.0	1.0	0.5	5
DKSH.ZU	3.6	0.0	1.5	0.0	0.5	1.0	1.0	1.0	5
GALD.ZU	2.5	0.0	0.0	0.0	0.5	1.0	1.0	1.0	5
CFR.ZU	2.5	1.0	0.0	0.0	0.5	1.0	1.0	0.0	5
AMS.ZU	5.0	1.5	1.5	0.0	2.0	1.0	1.0	0.0	5
GIVN.ZU	2.9	0.5	0.5	0.0	1.0	1.0	1.0	0.0	5
LAND.ZU	2.1	0.5	0.0	0.0	0.5	1.0	1.0	0.0	5
LONN.ZU	3.2	1.0	1.0	0.0	0.5	1.0	1.0	0.0	5
OERL.ZU	4.6	1.0	1.5	0.0	1.0	1.0	1.0	1.0	5
PSPN.ZU	2.1	0.0	0.5	0.0	0.5	1.0	1.0	0.0	5
SCMN.ZU	2.9	0.0	0.0	0.0	1.0	1.0	1.0	1.0	5
SIKA.ZU	3.2	1.0	0.5	0.0	1.0	1.0	1.0	0.0	5
SRAIL.ZU	3.9	0.5	1.0	0.0	1.0	1.0	1.0	1.0	5
SOON.ZU	3.6	1.0	1.5	0.0	0.5	1.0	1.0	0.0	5
UHR.ZU	2.1	1.0	0.0	0.0	0.0	1.0	1.0	0.0	5
TECN.ZU	4.6	1.0	1.5	2.0	0.0	1.0	1.0	0.0	5
