AAON	79	Industrials	985
AEIS	92	Industrials	985
AMSC	61	Industrials	985
ARCB	61	Industrials	985
ARXS	90	Industrials	985
AXON	40	Industrials	985
BAMNB.NV	44	Industrials	985
CSG.NV	50	Industrials	985
ARCAD.NV	61	Industrials	985
INPST.NV	32	Industrials	985
NXFIL.NV	2	Industrials	985
REN.NV	23	Industrials	985
WKL.NV	56	Industrials	985
BKYI	22	Industrials	985
BLDP	11	Industrials	985
BOOM	32	Industrials	985
BWMN	32	Industrials	985
BEKB.BR	79	Industrials	985
AGFB.BR	40	Industrials	985
DEME.BR	90	Industrials	985
CENER.BR	28	Industrials	985
BPOST.BR	50	Industrials	985
RECT.BR	50	Industrials	985
VIO.BR	61	Industrials	985
CAE	23	Industrials	985
CASS	92	Industrials	985
CECO	92	Industrials	985
CSX	66	Industrials	985
CWST	14	Industrials	985
DFDS.CO	50	Industrials	985
FLS.CO	50	Industrials	985
DSV.CO	71	Industrials	985
MTHH.CO	16	Industrials	985
MAERSKB.CO	44	Industrials	985
CYRX	61	Industrials	985
ROCKB.CO	8	Industrials	985
PAALb.CO	50	Industrials	985
DSGR	44	Industrials	985
DTC.AE	16	Industrials	985
SALIK.AE	40	Industrials	985
UPP.AE	11	Industrials	985
EH	19	Industrials	985
ELMT	66	Industrials	985
DRS	83	Industrials	985
DXPE	97	Industrials	985
ENVX	4	Industrials	985
ESEA	98	Industrials	985
EQPT	66	Industrials	985
FA	83	Industrials	985
FLY	11	Industrials	985
8TRA.DE	32	Industrials	985
AAD.DE	19	Industrials	985
DAR.DE	40	Industrials	985
DP4A.DE	94	Industrials	985
DUE.DE	23	Industrials	985
ENR.DE	83	Industrials	985
GBF.DE	13	Industrials	985
HLAG.DE	22	Industrials	985
HOT.DE	66	Industrials	985
KSB.DE	79	Industrials	985
MLL.DE	66	Industrials	985
NCH2.DE	2	Industrials	985
PFV.DE	40	Industrials	985
PYR.DE	0	Industrials	985
R3NK.DE	71	Industrials	985
SIE.DE	44	Industrials	985
SIX3.DE	44	Industrials	985
STM.DE	97	Industrials	985
TKMS.DE	28	Industrials	985
VOS.DE	32	Industrials	985
GASS	97	Industrials	985
GPGI	9	Industrials	985
HLMN	40	Industrials	985
HUBG	40	Industrials	985
ASPO.HE	22	Industrials	985
ETTE.HE	83	Industrials	985
KEMPOWR.HE	4	Industrials	985
KNEBV.HE	40	Industrials	985
METSO.HE	44	Industrials	985
VALMT.HE	79	Industrials	985
WRT1V.HE	40	Industrials	985
KALMAR.HE	71	Industrials	985
00066.HK	92	Industrials	985
01055.HK	22	Industrials	985
1519.HK	28	Industrials	985
0656.HK	9	Industrials	985
144.HK	94	Industrials	985
2057.HK	90	Industrials	985
1618.HK	22	Industrials	985
2618.HK	34	Industrials	985
2727.HK	19	Industrials	985
177.HK	92	Industrials	985
293.HK	90	Industrials	985
316.HK	16	Industrials	985
3898.HK	71	Industrials	985
3969.HK	83	Industrials	985
670.HK	32	Industrials	985
6936.HK	40	Industrials	985
ICFI	50	Industrials	985
IESC	98	Industrials	985
ITG	32	Industrials	985
JBHT	90	Industrials	985
KTOS	19	Industrials	985
KE	71	Industrials	985
LMB	74	Industrials	985
CTT.LS	79	Industrials	985
AVAP.L	74	Industrials	985
CGS.L	32	Industrials	985
CPI.L	7	Industrials	985
DPLM.L	92	Industrials	985
FAN.L	83	Industrials	985
GDWN.L	5	Industrials	985
HAS.L	34	Industrials	985
HILS.L	83	Industrials	985
IAG.L	83	Industrials	985
ITRK.L	74	Industrials	985
KLR.L	90	Industrials	985
MGAM.L	28	Industrials	985
MTO.L	44	Industrials	985
REL.L	16	Industrials	985
RHIM.L	66	Industrials	985
ROR.L	74	Industrials	985
RR.L	61	Industrials	985
SHI.L	19	Industrials	985
SFR.L	40	Industrials	985
SRAD.L	71	Industrials	985
SRP.L	19	Industrials	985
TRI.L	56	Industrials	985
VP.L	16	Industrials	985
VLX.L	79	Industrials	985
WEIR.L	44	Industrials	985
ZIG.L	44	Industrials	985
BTG.L	66	Industrials	985
CHRT.L	44	Industrials	985
FLO.L	50	Industrials	985
EAAS.L	16	Industrials	985
HSP.L	22	Industrials	985
PHE.L	1	Industrials	985
SUP.L	71	Industrials	985
MGRC	94	Industrials	985
AENA.MC	86	Industrials	985
FCC.MC	32	Industrials	985
TRE.MC	79	Industrials	985
ANA.MC	44	Industrials	985
CAF.MC	83	Industrials	985
PRY.MI	86	Industrials	985
NSSC	79	Industrials	985
ABM	66	Industrials	985
AER	94	Industrials	985
AGCO	44	Industrials	985
AGX	95	Industrials	985
AME	86	Industrials	985
AIR.US	86	Industrials	985
ATS	22	Industrials	985
ATI	95	Industrials	985
AWI	86	Industrials	985
BETA	11	Industrials	985
BV.US	19	Industrials	985
CAT	95	Industrials	985
CBZ	71	Industrials	985
CDRE	71	Industrials	985
CNH.US	66	Industrials	985
CODI	79	Industrials	985
CR	100	Industrials	985
CPA	95	Industrials	985
CSW	90	Industrials	985
CNM	44	Industrials	985
CW	74	Industrials	985
DAC	71	Industrials	985
ECG	100	Industrials	985
EPAC	86	Industrials	985
EBF	79	Industrials	985
ENS.US	98	Industrials	985
FDX	97	Industrials	985
FLR.US	28	Industrials	985
FSS	94	Industrials	985
GATX	56	Industrials	985
FIX	99	Industrials	985
GD	56	Industrials	985
GE	66	Industrials	985
GBX.US	23	Industrials	985
GHM	44	Industrials	985
GNRC	90	Industrials	985
GPN	40	Industrials	985
GXO	23	Industrials	985
GWH	0	Industrials	985
HAFN	100	Industrials	985
HEI	90	Industrials	985
HLIO	94	Industrials	985
HXL	83	Industrials	985
HAWK	23	Industrials	985
IEX	90	Industrials	985
IIIN	16	Industrials	985
ITW	61	Industrials	985
JOBY	4	Industrials	985
KEX	97	Industrials	985
KFRC	90	Industrials	985
KODK.US	79	Industrials	985
LII	56	Industrials	985
LXFR	16	Industrials	985
MATX	79	Industrials	985
LOAR	44	Industrials	985
MMM	79	Industrials	985
MAIR	92	Industrials	985
MTZ	74	Industrials	985
MSM	95	Industrials	985
NPO	90	Industrials	985
NSP	8	Industrials	985
NVT	99	Industrials	985
NX	94	Industrials	985
OC	28	Industrials	985
OTIS	23	Industrials	985
PAM	71	Industrials	985
ONT.US	28	Industrials	985
R	71	Industrials	985
RHI	13	Industrials	985
RXO	16	Industrials	985
SMHI	56	Industrials	985
SNA	74	Industrials	985
SPXC	79	Industrials	985
SPIR	9	Industrials	985
TE	3	Industrials	985
TFII	79	Industrials	985
TG	66	Industrials	985
TNET	40	Industrials	985
TRC	8	Industrials	985
TTC	90	Industrials	985
TXT	40	Industrials	985
UNP	86	Industrials	985
VLRS	11	Industrials	985
VMI	92	Industrials	985
WBX	16	Industrials	985
WSO	22	Industrials	985
XYL	66	Industrials	985
ZIM	56	Industrials	985
XPO	74	Industrials	985
ODFB.OL	40	Industrials	985
ABBNY	44	Industrials	985
LILMF	11	Industrials	985
PITEF	4	Industrials	985
OTTR	79	Industrials	985
PESI	16	Industrials	985
PKOH	97	Industrials	985
ADP.PA	74	Industrials	985
PCT.US	5	Industrials	985
AIR.PA	50	Industrials	985
ALDLS.PA	5	Industrials	985
ALEAC.PA	50	Industrials	985
ALORA.PA	32	Industrials	985
ALPM.PA	19	Industrials	985
ALTD.PA	4	Industrials	985
ALTPC.PA	66	Industrials	985
ALWF.PA	40	Industrials	985
ASY.PA	11	Industrials	985
CEN.PA	71	Industrials	985
DG.PA	56	Industrials	985
ELIS.PA	50	Industrials	985
FGA.PA	50	Industrials	985
GEA.PA	79	Industrials	985
EXA.PA	71	Industrials	985
HO.PA	40	Industrials	985
LAT.PA	22	Industrials	985
NEX.PA	56	Industrials	985
PERR.PA	79	Industrials	985
GPE.PA	40	Industrials	985
SAMS.PA	90	Industrials	985
SDG.PA	28	Industrials	985
WAGA.PA	3	Industrials	985
RBC	92	Industrials	985
RR	11	Industrials	985
SHIP	99	Industrials	985
RUBI	44	Industrials	985
SBLK	100	Industrials	985
SKYW	32	Industrials	985
SERV	4	Industrials	985
SYM	40	Industrials	985
STRL.US	97	Industrials	985
ADDTb.ST	13	Industrials	985
BEIJb.ST	28	Industrials	985
ASSA-B.ST	83	Industrials	985
INDT.ST	71	Industrials	985
LIAB.ST	40	Industrials	985
MTRS.ST	13	Industrials	985
NIBEB.ST	50	Industrials	985
NCCb.ST	19	Industrials	985
SAABB.ST	66	Industrials	985
SKA-B.ST	28	Industrials	985
SYSR.ST	92	Industrials	985
AIA.ASX	7	Industrials	985
ALQ.ASX	34	Industrials	985
SWECb.ST	44	Industrials	985
AZJ.ASX	28	Industrials	985
BXB.ASX	28	Industrials	985
DRO.ASX	7	Industrials	985
CWY.ASX	40	Industrials	985
MND.ASX	56	Industrials	985
NWH.ASX	83	Industrials	985
KLS.ASX	50	Industrials	985
REH.ASX	61	Industrials	985
SIQ.ASX	74	Industrials	985
VNT.ASX	92	Industrials	985
1802.T	44	Industrials	985
1812.T	16	Industrials	985
1963.T	32	Industrials	985
2768.T	40	Industrials	985
5332.T	71	Industrials	985
5631.T	66	Industrials	985
6301.T	71	Industrials	985
6326.T	71	Industrials	985
6532.T	83	Industrials	985
6504.T	40	Industrials	985
6841.T	16	Industrials	985
6954.T	61	Industrials	985
7004.T	44	Industrials	985
7013.T	66	Industrials	985
8002.T	22	Industrials	985
9007.T	61	Industrials	985
9020.T	66	Industrials	985
9064.T	22	Industrials	985
9202.T	94	Industrials	985
UAL	61	Industrials	985
9107.T	71	Industrials	985
ULBI	19	Industrials	985
WERN	19	Industrials	985
WLDN	56	Industrials	985
WWD	86	Industrials	985
XOS	13	Industrials	985
XPON	4	Industrials	985
VSEC	50	Industrials	985
ABBN.ZU	66	Industrials	985
BEAN.ZU	95	Industrials	985
VACN.ZU	86	Industrials	985
AAL	19	Industrials	985
ABAT	1	Industrials	985
ACTG	28	Industrials	985
AIHS	4	Industrials	985
ASLE	11	Industrials	985
ATRO	98	Industrials	985
ALFEN.NV	28	Industrials	985
AALB.NV	83	Industrials	985
HEIJM.NV	50	Industrials	985
MORE.NV	71	Industrials	985
LIGHT.NV	28	Industrials	985
RAND.NV	50	Industrials	985
THEON.NV	90	Industrials	985
ACKB.BR	79	Industrials	985
CFEB.BR	71	Industrials	985
CAR	5	Industrials	985
CPRT	61	Industrials	985
CTAS	83	Industrials	985
ISS.CO	79	Industrials	985
KBHL.CO	50	Industrials	985
DFLI	4	Industrials	985
ARMX.AE	79	Industrials	985
EOSE	1	Industrials	985
ESLT	71	Industrials	985
EXPO	86	Industrials	985
FELE	71	Industrials	985
FISN	19	Industrials	985
FWRD	56	Industrials	985
AAG.DE	66	Industrials	985
BFSA.DE	66	Industrials	985
AZ2.DE	83	Industrials	985
CEA.DE	13	Industrials	985
DEZ.DE	23	Industrials	985
BYW.DE	13	Industrials	985
EIN.DE	56	Industrials	985
GSC1.DE	79	Industrials	985
G1A.DE	56	Industrials	985
HNL.DE	28	Industrials	985
HP3A.DE	40	Industrials	985
INH.DE	86	Industrials	985
KSB3.DE	66	Industrials	985
LPK.DE	19	Industrials	985
KGX.DE	66	Industrials	985
LHA.DE	19	Industrials	985
MTX.DE	56	Industrials	985
NDA.DE	40	Industrials	985
OHB.DE	71	Industrials	985
RY4C.DE	22	Industrials	985
RAA.DE	66	Industrials	985
SLYG.DE	74	Industrials	985
RSL2.DE	32	Industrials	985
SNG.DE	4	Industrials	985
STO3.DE	83	Industrials	985
TTR1.DE	66	Industrials	985
WAH.DE	50	Industrials	985
XD4.DE	83	Industrials	985
VH2.DE	94	Industrials	985
HON	56	Industrials	985
HTLD	61	Industrials	985
HYFM	7	Industrials	985
ENENTO.HE	44	Industrials	985
KCR.HE	50	Industrials	985
GRK.HE	66	Industrials	985
RAUTE.HE	11	Industrials	985
PON1V.HE	50	Industrials	985
SITOWS.HE	8	Industrials	985
HIAB.HE	83	Industrials	985
YIT.HE	11	Industrials	985
00257.HK	100	Industrials	985
02386.HK	50	Industrials	985
00019.HK	83	Industrials	985
0390.HK	28	Industrials	985
0753.HK	1	Industrials	985
1186.HK	9	Industrials	985
1308.HK	83	Industrials	985
1157.HK	40	Industrials	985
2588.HK	28	Industrials	985
1919.HK	71	Industrials	985
3311.HK	61	Industrials	985
3808.HK	79	Industrials	985
3750.HK	71	Industrials	985
669.HK	11	Industrials	985
IPDN	1	Industrials	985
INVE	22	Industrials	985
LGN	40	Industrials	985
LIME	86	Industrials	985
LSTR	61	Industrials	985
TDSA.LS	83	Industrials	985
BOY.L	56	Industrials	985
AVON.L	44	Industrials	985
BBY.L	56	Industrials	985
BA.L	16	Industrials	985
DIA.L	13	Industrials	985
ELIX.L	40	Industrials	985
EXPN.L	34	Industrials	985
FSJ.L	34	Industrials	985
GFRD.L	56	Industrials	985
LTOD.L	83	Industrials	985
MCG.L	16	Industrials	985
MRO.L	28	Industrials	985
NXR.L	66	Industrials	985
QQ.L	32	Industrials	985
PAGE.L	34	Industrials	985
RTO.L	19	Industrials	985
RS1.L	71	Industrials	985
SDY.L	11	Industrials	985
PRV.L	79	Industrials	985
TPK.L	19	Industrials	985
WIZZ.L	5	Industrials	985
TMIP.L	16	Industrials	985
XPP.L	34	Industrials	985
IES.L	14	Industrials	985
KEYS.L	16	Industrials	985
MANO.L	19	Industrials	985
FNTL.L	32	Industrials	985
PRO.L	9	Industrials	985
STAF.L	7	Industrials	985
MFP	23	Industrials	985
MRTN	66	Industrials	985
MTRX	9	Industrials	985
ACS.MC	86	Industrials	985
GRE.MC	56	Industrials	985
MRCY	32	Industrials	985
PSG.MC	83	Industrials	985
SCYR.MC	92	Industrials	985
PST.MI	56	Industrials	985
MAIRE.MI	34	Industrials	985
ENAV.MI	71	Industrials	985
GVS.MI	86	Industrials	985
NDSN	99	Industrials	985
ACM	22	Industrials	985
ACA.US	74	Industrials	985
AERO.US	83	Industrials	985
ADT	40	Industrials	985
AIT	97	Industrials	985
ALTG	22	Industrials	985
ALLE	92	Industrials	985
ARLO	56	Industrials	985
AMTM	61	Industrials	985
ASC	98	Industrials	985
AOS	50	Industrials	985
APG	86	Industrials	985
ATKR	66	Industrials	985
AZUL	7	Industrials	985
BLDR	32	Industrials	985
BRC	90	Industrials	985
CARR	44	Industrials	985
BXC	40	Industrials	985
CAAP	99	Industrials	985
CDLR	92	Industrials	985
CLH	98	Industrials	985
CNI	56	Industrials	985
CSL	90	Industrials	985
CXT	86	Industrials	985
CTOS	61	Industrials	985
DCI	61	Industrials	985
DE	90	Industrials	985
DSX	98	Industrials	985
DAL	79	Industrials	985
EAF	7	Industrials	985
DLX	74	Industrials	985
EMBJ	74	Industrials	985
EMR	66	Industrials	985
EFX	50	Industrials	985
ETN	79	Industrials	985
EXPD	95	Industrials	985
ESAB	66	Industrials	985
EROC	61	Industrials	985
FLS	74	Industrials	985
FOIL	8	Industrials	985
FDXF	79	Industrials	985
EVI	56	Industrials	985
FTAI	40	Industrials	985
GEV	74	Industrials	985
GFL	28	Industrials	985
GGG	61	Industrials	985
GRC.US	61	Industrials	985
GNK.US	92	Industrials	985
HAYW	56	Industrials	985
GSL	99	Industrials	985
HRI	79	Industrials	985
HY	7	Industrials	985
HTZ	7	Industrials	985
IR	86	Industrials	985
JELD	4	Industrials	985
KBR	56	Industrials	985
KAI	61	Industrials	985
ITT	86	Industrials	985
KFY	66	Industrials	985
JBTM	34	Industrials	985
JBI	56	Industrials	985
KNX	34	Industrials	985
KMT	71	Industrials	985
LTM	40	Industrials	985
MAN	56	Industrials	985
MAS	83	Industrials	985
MG	28	Industrials	985
MMS	56	Industrials	985
MIR.US	23	Industrials	985
MTW	66	Industrials	985
NPK	50	Industrials	985
NPWR	14	Industrials	985
ORN	40	Industrials	985
OSK	40	Industrials	985
PH	90	Industrials	985
PL	16	Industrials	985
PKE	56	Industrials	985
REZI	56	Industrials	985
RGR	32	Industrials	985
RBA	56	Industrials	985
QUAD.US	94	Industrials	985
RDW.US	3	Industrials	985
RTO.US	34	Industrials	985
RYZ	1	Industrials	985
SARO	28	Industrials	985
RSG	32	Industrials	985
SITE	56	Industrials	985
SRFM	1	Industrials	985
TDG	56	Industrials	985
TIC	22	Industrials	985
TEX	56	Industrials	985
TPC	86	Industrials	985
TREX	56	Industrials	985
TKR	92	Industrials	985
TT	94	Industrials	985
TRN.US	28	Industrials	985
UP	3	Industrials	985
URI	74	Industrials	985
VLTO	92	Industrials	985
VRT	90	Industrials	985
WCC	95	Industrials	985
WM	44	Industrials	985
VVX	44	Industrials	985
WMS	97	Industrials	985
WOR	94	Industrials	985
ZWS	86	Industrials	985
ODFL	95	Industrials	985
OFLX	28	Industrials	985
YSS	11	Industrials	985
OMAB	61	Industrials	985
OPAL	40	Industrials	985
POWL	98	Industrials	985
PLUG	2	Industrials	985
ALDBT.PA	11	Industrials	985
ALENO.PA	11	Industrials	985
AF.PA	32	Industrials	985
ALGIR.PA	13	Industrials	985
ALFRE.PA	28	Industrials	985
ALIBR.PA	11	Industrials	985
ALBOA.PA	22	Industrials	985
ALTOO.PA	5	Industrials	985
ALTUV.PA	61	Industrials	985
AM.PA	40	Industrials	985
AYV.PA	23	Industrials	985
BVI.PA	56	Industrials	985
CRI.PA	4	Industrials	985
EXE.PA	50	Industrials	985
FGR.PA	50	Industrials	985
GET.PA	74	Industrials	985
GLO.PA	97	Industrials	985
IPS.PA	71	Industrials	985
IDL.PA	22	Industrials	985
MRN.PA	56	Industrials	985
LR.PA	95	Industrials	985
PLX.PA	71	Industrials	985
SCHP.PA	90	Industrials	985
SU.PA	56	Industrials	985
VIE.PA	40	Industrials	985
STF.PA	40	Industrials	985
RKLB	11	Industrials	985
RCAT	2	Industrials	985
RHLD	50	Industrials	985
ROAD	79	Industrials	985
RYAAY	23	Industrials	985
SFWL	66	Industrials	985
SPCX	50	Industrials	985
AFRY.ST	40	Industrials	985
BRAV.ST	44	Industrials	985
ATCO-A.ST	66	Industrials	985
EPIA.ST	71	Industrials	985
LAGRb.ST	22	Industrials	985
INWI.ST	61	Industrials	985
MYCR.ST	90	Industrials	985
PEABb.ST	32	Industrials	985
MMGRb.ST	40	Industrials	985
LIFCOb.ST	50	Industrials	985
SKF-A.ST	66	Industrials	985
TREL-B.ST	92	Industrials	985
VOLV-A.ST	44	Industrials	985
IMD.ASX	50	Industrials	985
TCL.ASX	13	Industrials	985
TRI	23	Industrials	985
1721.T	28	Industrials	985
1803.T	28	Industrials	985
5333.T	90	Industrials	985
5803.T	44	Industrials	985
4901.T	61	Industrials	985
6103.T	94	Industrials	985
6361.T	44	Industrials	985
6472.T	90	Industrials	985
6501.T	79	Industrials	985
6302.T	28	Industrials	985
6506.T	32	Industrials	985
5706.T	79	Industrials	985
7011.T	61	Industrials	985
8053.T	40	Industrials	985
7911.T	90	Industrials	985
9008.T	79	Industrials	985
9021.T	61	Industrials	985
9147.T	50	Industrials	985
9735.T	71	Industrials	985
8015.T	44	Industrials	985
9001.T	50	Industrials	985
9101.T	90	Industrials	985
ULCC	11	Industrials	985
UHAL	28	Industrials	985
XE	11	Industrials	985
XTIA	11	Industrials	985
ACLN.ZU	56	Industrials	985
BUCN.ZU	44	Industrials	985
GEBN.ZU	34	Industrials	985
KNIN.ZU	40	Industrials	985
FHZN.ZU	71	Industrials	985
SGSN.ZU	32	Industrials	985
DAE.ZU	66	Industrials	985
SCHP.ZU	32	Industrials	985
AERT	79	Industrials	985
ALGT	61	Industrials	985
APOG	44	Industrials	985
ASTE	40	Industrials	985
AVAV	7	Industrials	985
KENDR.NV	71	Industrials	985
PBH.NV	1	Industrials	985
PNL.NV	13	Industrials	985
SIFG.NV	32	Industrials	985
BBCP	99	Industrials	985
BBSI	44	Industrials	985
BLNK	4	Industrials	985
BLBD	83	Industrials	985
ABO.BR	28	Industrials	985
DECB.BR	92	Industrials	985
JEN.BR	66	Industrials	985
UMI.BR	61	Industrials	985
CDZI	2	Industrials	985
CHRW	83	Industrials	985
CMCO	34	Industrials	985
CMPR	28	Industrials	985
CRAI	56	Industrials	985
AOJb.CO	44	Industrials	985
DNORD.CO	11	Industrials	985
NKT.CO	8	Industrials	985
SCHO.CO	44	Industrials	985
VWS.CO	22	Industrials	985
AIRARABIA.AE	11	Industrials	985
DSI.AE	7	Industrials	985
PARKIN.AE	66	Industrials	985
ERII	23	Industrials	985
EVLV	13	Industrials	985
FCEL	14	Industrials	985
FAST	71	Industrials	985
FIP	5	Industrials	985
ABS2.DE	23	Industrials	985
CA1.DE	3	Industrials	985
BYW6.DE	16	Industrials	985
CY1K.DE	28	Industrials	985
DHL.DE	61	Industrials	985
DTG.DE	83	Industrials	985
ERAG.DE	98	Industrials	985
FRA.DE	56	Industrials	985
H2O.DE	4	Industrials	985
HAG.DE	44	Industrials	985
HDD.DE	13	Industrials	985
IUR.DE	13	Industrials	985
KRN.DE	61	Industrials	985
JUN3.DE	22	Industrials	985
KWG.DE	83	Industrials	985
MBB.DE	71	Industrials	985
MBQ.DE	79	Industrials	985
MXHN.DE	32	Industrials	985
NC5A.DE	11	Industrials	985
NDX1.DE	83	Industrials	985
RHM.DE	22	Industrials	985
S188.DE	8	Industrials	985
SIX2.DE	34	Industrials	985
SKB.DE	22	Industrials	985
TGHN.DE	32	Industrials	985
TKA.DE	50	Industrials	985
TTK.DE	8	Industrials	985
TPE.DE	28	Industrials	985
VIB3.DE	32	Industrials	985
WAC.DE	71	Industrials	985
WSU.DE	28	Industrials	985
GLBS	95	Industrials	985
HOVR	7	Industrials	985
HONA	23	Industrials	985
HURN	98	Industrials	985
FIA1S.HE	92	Industrials	985
LUOTEA.HE	28	Industrials	985
LASTIK.HE	50	Industrials	985
SCANFL.HE	13	Industrials	985
SUMMA.HE	32	Industrials	985
TNOM.HE	50	Industrials	985
VIK1V.HE	50	Industrials	985
00001.HK	79	Industrials	985
1072.HK	9	Industrials	985
1766.HK	83	Industrials	985
1800.HK	22	Industrials	985
267.HK	94	Industrials	985
3996.HK	50	Industrials	985
6198.HK	100	Industrials	985
INIO	23	Industrials	985
JBLU	2	Industrials	985
KRNT	50	Industrials	985
LECO	97	Industrials	985
KELYA.US	61	Industrials	985
LUNR	8	Industrials	985
LZ	14	Industrials	985
EGL.LS	66	Industrials	985
MAR.LS	7	Industrials	985
BAB.L	28	Industrials	985
BMS.L	66	Industrials	985
CKN.L	92	Industrials	985
COST.L	74	Industrials	985
FGP.L	56	Industrials	985
EZJ.L	71	Industrials	985
GEN.L	34	Industrials	985
GFTU.L	79	Industrials	985
HLMA.L	61	Industrials	985
IMI.L	66	Industrials	985
KIE.L	50	Industrials	985
LUCE.L	90	Industrials	985
RWA.L	28	Industrials	985
SNR.L	34	Industrials	985
SMIN.L	50	Industrials	985
SPX.L	61	Industrials	985
SUNB.L	40	Industrials	985
BRCK.L	28	Industrials	985
GATC.L	11	Industrials	985
HPOW.L	1	Industrials	985
GTLY.L	2	Industrials	985
KGH.L	50	Industrials	985
TFW.L	79	Industrials	985
MATW	4	Industrials	985
MIDD.US	61	Industrials	985
MYRG	79	Industrials	985
FER.MC	32	Industrials	985
LOG.MC	32	Industrials	985
ARIS.MI	79	Industrials	985
OHLA.MC	71	Industrials	985
FCT.MI	34	Industrials	985
IP.MI	56	Industrials	985
LDO.MI	56	Industrials	985
NNE	11	Industrials	985
AADX	19	Industrials	985
ACCO	90	Industrials	985
ACHR	5	Industrials	985
ALG	34	Industrials	985
ALK	5	Industrials	985
AMRC	44	Industrials	985
AMPX	1	Industrials	985
ARMK	74	Industrials	985
ASR	40	Industrials	985
AVEX	66	Industrials	985
AYI	61	Industrials	985
AZZ	92	Industrials	985
BA	40	Industrials	985
BAH	66	Industrials	985
BBUC	50	Industrials	985
BCO	74	Industrials	985
BE	83	Industrials	985
BKSY	16	Industrials	985
BOC	13	Industrials	985
BW	50	Industrials	985
BWXT	61	Industrials	985
CMC	66	Industrials	985
CMI	61	Industrials	985
CP	34	Industrials	985
CRS	79	Industrials	985
CVLG	40	Industrials	985
CXW	92	Industrials	985
DCO	50	Industrials	985
DLB	56	Industrials	985
DNOW	32	Industrials	985
DOV	79	Industrials	985
DY	61	Industrials	985
EME	92	Industrials	985
ENR	66	Industrials	985
EVEX	5	Industrials	985
FBIN	61	Industrials	985
FCN	56	Industrials	985
FPS	56	Industrials	985
GFF	98	Industrials	985
GEO	95	Industrials	985
GIC	22	Industrials	985
GHC	44	Industrials	985
GTES	66	Industrials	985
GVA	40	Industrials	985
GWW	97	Industrials	985
HII	40	Industrials	985
HUBB	74	Industrials	985
HWM	83	Industrials	985
JCI	74	Industrials	985
J	74	Industrials	985
KRMN	28	Industrials	985
LHX	40	Industrials	985
LNN	34	Industrials	985
LMT	66	Industrials	985
LPX	32	Industrials	985
LUV	50	Industrials	985
LYNX	19	Industrials	985
MEC	50	Industrials	985
MLI	83	Industrials	985
MSA	90	Industrials	985
MWA	71	Industrials	985
NOC	50	Industrials	985
NSC	61	Industrials	985
NPKI	86	Industrials	985
PAC	71	Industrials	985
PBI	66	Industrials	985
PRIM	50	Industrials	985
PNR	61	Industrials	985
PRG	86	Industrials	985
PRLB	66	Industrials	985
PWR	90	Industrials	985
QXO	11	Industrials	985
RELX	44	Industrials	985
RLGT	97	Industrials	985
RRX	50	Industrials	985
RTX	74	Industrials	985
ROK	86	Industrials	985
SMR	0	Industrials	985
SNDR	79	Industrials	985
SPCE	4	Industrials	985
STN	71	Industrials	985
SWK	61	Industrials	985
SXI	95	Industrials	985
TBI	40	Industrials	985
TNC	16	Industrials	985
ULS	66	Industrials	985
UNF	56	Industrials	985
UPS	61	Industrials	985
VOYG	7	Industrials	985
VSTS	50	Industrials	985
WCN	50	Industrials	985
WAB	83	Industrials	985
WNC	34	Industrials	985
WTS	97	Industrials	985
ZTO	71	Industrials	985
ATROB	13	Industrials	985
PANL	97	Industrials	985
PCAR	71	Industrials	985
PLPC	97	Industrials	985
POOL	50	Industrials	985
POWW	98	Industrials	985
PSIX	90	Industrials	985
ALCIS.PA	90	Industrials	985
ALCUR.PA	19	Industrials	985
ALFER.PA	79	Industrials	985
ALHG.PA	50	Industrials	985
ALHPI.PA	92	Industrials	985
ALMCE.PA	71	Industrials	985
ALO.PA	14	Industrials	985
ALPJT.PA	16	Industrials	985
ALSOG.PA	79	Industrials	985
ALSTI.PA	94	Industrials	985
ALTOU.PA	71	Industrials	985
ALWTR.PA	5	Industrials	985
AURE.PA	16	Industrials	985
DBG.PA	61	Industrials	985
EN.PA	50	Industrials	985
FII.PA	90	Industrials	985
EXENS.PA	90	Industrials	985
MTU.PA	90	Industrials	985
PIG.PA	19	Industrials	985
SAF.PA	44	Industrials	985
SGO.PA	44	Industrials	985
SPIE.PA	40	Industrials	985
SW.PA	32	Industrials	985
TEP.PA	71	Industrials	985
THEP.PA	79	Industrials	985
RCMT	99	Industrials	985
RGP	34	Industrials	985
ROCK	50	Industrials	985
SAIA	79	Industrials	985
SPCX.24-7	19	Industrials	985
SWBI	86	Industrials	985
ALFA.ST	74	Industrials	985
AQ.ST	40	Industrials	985
ATCO-B.ST	44	Industrials	985
BEIAb.ST	22	Industrials	985
BUFAB.ST	28	Industrials	985
ENGCONb.ST	11	Industrials	985
EPROb.ST	50	Industrials	985
HUSQB.ST	66	Industrials	985
LOOMIS.ST	74	Industrials	985
MILDEF.ST	92	Industrials	985
LUND-B.ST	99	Industrials	985
LATOb.ST	22	Industrials	985
OEMb.ST	28	Industrials	985
SAND.ST	61	Industrials	985
RATOb.ST	61	Industrials	985
SECU-B.ST	66	Industrials	985
SKF-B.ST	92	Industrials	985
STORb.ST	79	Industrials	985
TROAX.ST	23	Industrials	985
VOLV-B.ST	83	Industrials	985
ALX.ASX	7	Industrials	985
DOW.ASX	19	Industrials	985
IPH.ASX	50	Industrials	985
MMS.ASX	66	Industrials	985
NVX.ASX	7	Industrials	985
QAN.ASX	28	Industrials	985
RWC.ASX	32	Industrials	985
TITN	28	Industrials	985
TRNS	79	Industrials	985
TTEK	74	Industrials	985
1801.T	71	Industrials	985
2432.T	94	Industrials	985
3407.T	50	Industrials	985
3401.T	79	Industrials	985
5201.T	50	Industrials	985
4902.T	66	Industrials	985
543A.T	61	Industrials	985
5801.T	40	Industrials	985
6273.T	98	Industrials	985
6305.T	94	Industrials	985
6113.T	90	Industrials	985
6367.T	61	Industrials	985
6503.T	44	Industrials	985
6526.T	13	Industrials	985
6971.T	50	Industrials	985
7012.T	44	Industrials	985
7912.T	71	Industrials	985
8001.T	28	Industrials	985
7752.T	90	Industrials	985
8031.T	19	Industrials	985
8058.T	40	Industrials	985
9201.T	99	Industrials	985
9009.T	79	Industrials	985
9104.T	79	Industrials	985
9022.T	97	Industrials	985
ULH	16	Industrials	985
USEA	34	Industrials	985
VRSK	71	Industrials	985
WLFC	74	Industrials	985
WSC	22	Industrials	985
XMTR	40	Industrials	985
XRX	32	Industrials	985
ADEN.ZU	56	Industrials	985
DKSH.ZU	66	Industrials	985
LAND.ZU	34	Industrials	985
OERL.ZU	90	Industrials	985
SRAIL.ZU	34	Industrials	985
ABSI	33	Healthcare	854
ACET	25	Healthcare	854
ABEO	23	Healthcare	854
ACAD	63	Healthcare	854
ADMA	83	Healthcare	854
AGMB	50	Healthcare	854
ALLO	43	Healthcare	854
ALHC	83	Healthcare	854
ALMS	36	Healthcare	854
AMLX	47	Healthcare	854
ANIP	85	Healthcare	854
AONC	30	Healthcare	854
ARDX	13	Healthcare	854
ASND	80	Healthcare	854
ATYR	5	Healthcare	854
ASTH	95	Healthcare	854
ATRC	70	Healthcare	854
AUPH	95	Healthcare	854
AUTL	43	Healthcare	854
ATAI	11	Healthcare	854
AZN	73	Healthcare	854
PHARM.NV	63	Healthcare	854
BBIO	33	Healthcare	854
BCRX	80	Healthcare	854
BEAM	16	Healthcare	854
BLLN	83	Healthcare	854
BMEA	19	Healthcare	854
BLTE	36	Healthcare	854
BTSG	98	Healthcare	854
BNGO	66	Healthcare	854
BVS	98	Healthcare	854
FAGR.BR	80	Healthcare	854
TUB.BR	7	Healthcare	854
CABA	16	Healthcare	854
CAPR	19	Healthcare	854
CBUS	33	Healthcare	854
CERT	30	Healthcare	854
CGON	23	Healthcare	854
CGEM	43	Healthcare	854
CLPT	11	Healthcare	854
CMPS	43	Healthcare	854
COCP	1	Healthcare	854
CORT	83	Healthcare	854
CRMD	91	Healthcare	854
CRDF	16	Healthcare	854
COLL	73	Healthcare	854
CRBP	11	Healthcare	854
CTKB	33	Healthcare	854
BAVA.CO	87	Healthcare	854
COLO-B.CO	89	Healthcare	854
DCTH	87	Healthcare	854
ZEAL.CO	83	Healthcare	854
ENSG	83	Healthcare	854
ENGN	19	Healthcare	854
ESTA	60	Healthcare	854
EXEL	93	Healthcare	854
1SXP.DE	70	Healthcare	854
FATE	43	Healthcare	854
BXT.DE	4	Healthcare	854
AAQ1.DE	4	Healthcare	854
DMP.DE	89	Healthcare	854
EVT.DE	11	Healthcare	854
FIE.DE	73	Healthcare	854
FYB.DE	53	Healthcare	854
GXI.DE	30	Healthcare	854
ILM1.DE	70	Healthcare	854
FRE.DE	80	Healthcare	854
M12.DE	80	Healthcare	854
MRK.DE	85	Healthcare	854
NN6.DE	23	Healthcare	854
SBS.DE	63	Healthcare	854
GLUE	16	Healthcare	854
GYRE	43	Healthcare	854
HCAT	53	Healthcare	854
HCSG	89	Healthcare	854
GNLX	25	Healthcare	854
HOWL	23	Healthcare	854
HALO	97	Healthcare	854
HEALTH.HE	30	Healthcare	854
HROW	25	Healthcare	854
ORNBV.HE	83	Healthcare	854
PIHLIS.HE	70	Healthcare	854
02269.HK	96	Healthcare	854
00241.HK	66	Healthcare	854
1801.HK	85	Healthcare	854
2268.HK	89	Healthcare	854
2359.HK	99	Healthcare	854
3692.HK	80	Healthcare	854
6618.HK	70	Healthcare	854
6160.HK	63	Healthcare	854
6185.HK	57	Healthcare	854
IART	73	Healthcare	854
ICUI	85	Healthcare	854
IDYA	60	Healthcare	854
IMCR	4	Healthcare	854
IMMX	36	Healthcare	854
IMVT	47	Healthcare	854
INBX	39	Healthcare	854
INGN	66	Healthcare	854
INKT	63	Healthcare	854
INTS	16	Healthcare	854
INVA	83	Healthcare	854
IONS	13	Healthcare	854
IRON	23	Healthcare	854
JYNT	73	Healthcare	854
KRYS	93	Healthcare	854
KROS	25	Healthcare	854
KYMR	30	Healthcare	854
KRRO	13	Healthcare	854
KLRA	47	Healthcare	854
LEGN	9	Healthcare	854
LGVN	30	Healthcare	854
LFMD	5	Healthcare	854
LKFT	70	Healthcare	854
LQDA	89	Healthcare	854
AZN.L	60	Healthcare	854
IDHC.L	80	Healthcare	854
ONT.L	43	Healthcare	854
OXB.L	47	Healthcare	854
4BB.L	30	Healthcare	854
ABDX.L	9	Healthcare	854
EKF.L	47	Healthcare	854
FARN.L	33	Healthcare	854
HCM.L	36	Healthcare	854
NCYT.L	47	Healthcare	854
OBD.L	7	Healthcare	854
NIOX.L	47	Healthcare	854
PRM.L	9	Healthcare	854
PXS.L	16	Healthcare	854
MASS	63	Healthcare	854
MAZE	11	Healthcare	854
MBX	39	Healthcare	854
MDLN	60	Healthcare	854
MEDP	80	Healthcare	854
MIRM	33	Healthcare	854
MMSI	80	Healthcare	854
MRNA	23	Healthcare	854
MYGN	16	Healthcare	854
MNKD	36	Healthcare	854
MLTX	30	Healthcare	854
PHM.MC	70	Healthcare	854
REC.MI	80	Healthcare	854
NBP	19	Healthcare	854
NKTX	39	Healthcare	854
NEO.US	63	Healthcare	854
NRIX	36	Healthcare	854
NVCR	60	Healthcare	854
A.US	95	Healthcare	854
NNOX	19	Healthcare	854
NRC	73	Healthcare	854
AMN	93	Healthcare	854
AMRX	98	Healthcare	854
AORT	53	Healthcare	854
BAX	66	Healthcare	854
ATNM	91	Healthcare	854
BHC	85	Healthcare	854
BHVN	30	Healthcare	854
BLCO	73	Healthcare	854
CHE	76	Healthcare	854
CI	66	Healthcare	854
CRL	70	Healthcare	854
CVM	11	Healthcare	854
CVS	80	Healthcare	854
DHR	97	Healthcare	854
DNA	9	Healthcare	854
ELAN	57	Healthcare	854
EVH	50	Healthcare	854
FMS	47	Healthcare	854
FTRE	63	Healthcare	854
EW	85	Healthcare	854
GRDN	99	Healthcare	854
GSK	66	Healthcare	854
HCA	76	Healthcare	854
HIMS	13	Healthcare	854
INSP	57	Healthcare	854
IQV	80	Healthcare	854
ITGR	63	Healthcare	854
LLY	98	Healthcare	854
MRK	85	Healthcare	854
MTD	73	Healthcare	854
MDT.US	87	Healthcare	854
MYO	76	Healthcare	854
OGN.US	93	Healthcare	854
PEN	57	Healthcare	854
PHR	73	Healthcare	854
PRGO	60	Healthcare	854
PLX	98	Healthcare	854
SOLV	91	Healthcare	854
SNN.US	47	Healthcare	854
STVN	85	Healthcare	854
TAK	70	Healthcare	854
TEVA	60	Healthcare	854
TMO	97	Healthcare	854
USPH	60	Healthcare	854
VEEV	73	Healthcare	854
WRBY	70	Healthcare	854
OBIO	60	Healthcare	854
ZTS	87	Healthcare	854
OCGN	5	Healthcare	854
OFIX	57	Healthcare	854
OGI	66	Healthcare	854
OMDA	53	Healthcare	854
OM.US	33	Healthcare	854
ORIC	25	Healthcare	854
EGRX	96	Healthcare	854
NKGN	4	Healthcare	854
RVPH	23	Healthcare	854
SDCCQ	23	Healthcare	854
SGMOQ	7	Healthcare	854
SYRS	4	Healthcare	854
PBLS	36	Healthcare	854
PHAT	53	Healthcare	854
PLRX	16	Healthcare	854
PNTG	91	Healthcare	854
POM	39	Healthcare	854
PRME	16	Healthcare	854
PRVA	80	Healthcare	854
PRQR	47	Healthcare	854
PTCT	50	Healthcare	854
AB.PA	47	Healthcare	854
ABNX.PA	0	Healthcare	854
ALBPS.PA	7	Healthcare	854
ALCJ.PA	7	Healthcare	854
ALEMG.PA	76	Healthcare	854
ALERS.PA	63	Healthcare	854
ALGAE.PA	9	Healthcare	854
ALIKO.PA	33	Healthcare	854
ALINS.PA	23	Healthcare	854
ALNEV.PA	11	Healthcare	854
ALNOV.PA	76	Healthcare	854
ALSGD.PA	9	Healthcare	854
ALTME.PA	23	Healthcare	854
ALVIO.PA	11	Healthcare	854
EL.PA	39	Healthcare	854
DBV.PA	4	Healthcare	854
IPN.PA	93	Healthcare	854
IVA.PA	4	Healthcare	854
MEDCL.PA	30	Healthcare	854
POXEL.PA	33	Healthcare	854
SIGHT.PA	9	Healthcare	854
VETO.PA	98	Healthcare	854
QSI	39	Healthcare	854
RDNT	63	Healthcare	854
RCKT	30	Healthcare	854
RGC	7	Healthcare	854
RARE.US	16	Healthcare	854
RIGL	98	Healthcare	854
RLMD	30	Healthcare	854
ROIV	53	Healthcare	854
RZLT	23	Healthcare	854
SDGR	30	Healthcare	854
SGHT	80	Healthcare	854
SGP	36	Healthcare	854
SIGA	19	Healthcare	854
SANA	23	Healthcare	854
SLP	63	Healthcare	854
SNGX	19	Healthcare	854
SPRC	39	Healthcare	854
SRRK	13	Healthcare	854
STAA	60	Healthcare	854
STOK	13	Healthcare	854
SUPN	60	Healthcare	854
AMBEA.ST	63	Healthcare	854
ALIFb.ST	57	Healthcare	854
ARJOb.ST	95	Healthcare	854
BONEX.ST	39	Healthcare	854
BIOAb.ST	9	Healthcare	854
GETIB.ST	87	Healthcare	854
MCOVb.ST	2	Healthcare	854
RAYb.ST	66	Healthcare	854
COH.ASX	50	Healthcare	854
CSL.ASX	63	Healthcare	854
IDX.ASX	47	Healthcare	854
PME.ASX	73	Healthcare	854
PNV.ASX	63	Healthcare	854
TBPH	60	Healthcare	854
TCMD	76	Healthcare	854
TCRX	19	Healthcare	854
TECX	47	Healthcare	854
TEM.US	33	Healthcare	854
TNDM	30	Healthcare	854
TRVI	36	Healthcare	854
TVTX	60	Healthcare	854
TYRA	30	Healthcare	854
TPST	9	Healthcare	854
TXG	25	Healthcare	854
4151.T	98	Healthcare	854
4519.T	95	Healthcare	854
4503.T	100	Healthcare	854
4568.T	80	Healthcare	854
7741.T	83	Healthcare	854
UFPT	39	Healthcare	854
VERA	11	Healthcare	854
VIR	50	Healthcare	854
VRCA	33	Healthcare	854
VTGN	43	Healthcare	854
VXRT	57	Healthcare	854
WAY	89	Healthcare	854
VCYT	85	Healthcare	854
WHWK	43	Healthcare	854
XNCR	50	Healthcare	854
XENE	23	Healthcare	854
ZJYL	19	Healthcare	854
ZNTL	47	Healthcare	854
ZURA	25	Healthcare	854
ALC.ZU	60	Healthcare	854
GALE.ZU	30	Healthcare	854
ROP.ZU	85	Healthcare	854
SDZ.ZU	70	Healthcare	854
ACB	13	Healthcare	854
AGEN	47	Healthcare	854
AKTS	47	Healthcare	854
ALDX	23	Healthcare	854
ALKS	85	Healthcare	854
ALGN	83	Healthcare	854
ALVO	53	Healthcare	854
AMGN	93	Healthcare	854
ANAB	85	Healthcare	854
AMPH	89	Healthcare	854
ANGO	91	Healthcare	854
ANNX	19	Healthcare	854
APMD	50	Healthcare	854
AQST	30	Healthcare	854
ARGX	76	Healthcare	854
ARQT	80	Healthcare	854
ARVN	43	Healthcare	854
AVIR	53	Healthcare	854
AVAH	99	Healthcare	854
AVXL	16	Healthcare	854
AXSM	39	Healthcare	854
AZTA	50	Healthcare	854
PHIA.NV	66	Healthcare	854
BBNX	33	Healthcare	854
BCYC	33	Healthcare	854
VVY.NV	1	Healthcare	854
BIIB	95	Healthcare	854
BNTX	36	Healthcare	854
BLFS	70	Healthcare	854
BRKR	80	Healthcare	854
BIOS.BR	11	Healthcare	854
IBAB.BR	57	Healthcare	854
NYXH.BR	33	Healthcare	854
ONWD.BR	30	Healthcare	854
UCB.BR	99	Healthcare	854
CAI	70	Healthcare	854
CDNA	76	Healthcare	854
CDXS	23	Healthcare	854
CHRS	33	Healthcare	854
CLLS	19	Healthcare	854
CMPX	16	Healthcare	854
COAG	57	Healthcare	854
CRBU	25	Healthcare	854
CODX	47	Healthcare	854
CRSP	30	Healthcare	854
CRNX	30	Healthcare	854
CSTL	70	Healthcare	854
CTMX	11	Healthcare	854
BIOPOR.CO	7	Healthcare	854
ALKB.CO	70	Healthcare	854
CYTK	25	Healthcare	854
AMBUB.CO	70	Healthcare	854
EMBLA.CO	53	Healthcare	854
GMAB.CO	57	Healthcare	854
GUBRA.CO	2	Healthcare	854
DNLI	25	Healthcare	854
DYN	7	Healthcare	854
ENTA	30	Healthcare	854
ETON	99	Healthcare	854
ELVN	60	Healthcare	854
EYPT	2	Healthcare	854
ERAS	33	Healthcare	854
FLNA	25	Healthcare	854
EWTX	33	Healthcare	854
FULC	16	Healthcare	854
AFX.DE	43	Healthcare	854
FME.DE	70	Healthcare	854
GME.DE	53	Healthcare	854
MED.DE	87	Healthcare	854
MAK.DE	47	Healthcare	854
NP5.DE	25	Healthcare	854
RHK.DE	57	Healthcare	854
QIA.DE	87	Healthcare	854
SBX.DE	30	Healthcare	854
SRT.DE	80	Healthcare	854
GH	66	Healthcare	854
GILD	89	Healthcare	854
GRAL	33	Healthcare	854
GOSS	13	Healthcare	854
HRTX	7	Healthcare	854
HSIC	76	Healthcare	854
HSTM	87	Healthcare	854
HQY	87	Healthcare	854
HUMA	7	Healthcare	854
TTALO.HE	53	Healthcare	854
01093.HK	100	Healthcare	854
1099.HK	70	Healthcare	854
1530.HK	91	Healthcare	854
1833.HK	36	Healthcare	854
2607.HK	57	Healthcare	854
3347.HK	43	Healthcare	854
874.HK	57	Healthcare	854
IFRX	39	Healthcare	854
9926.HK	43	Healthcare	854
IMTX	30	Healthcare	854
INMD	70	Healthcare	854
IMNM	30	Healthcare	854
JBIO	30	Healthcare	854
IRTC	50	Healthcare	854
ISRG	83	Healthcare	854
IVVD	36	Healthcare	854
KLRS	43	Healthcare	854
KNSA	76	Healthcare	854
KIDS	66	Healthcare	854
KARD	57	Healthcare	854
LFST	91	Healthcare	854
LENZ	9	Healthcare	854
LIVN	89	Healthcare	854
LNTH	91	Healthcare	854
JANX	23	Healthcare	854
LUNG	43	Healthcare	854
LXRX	25	Healthcare	854
GSK.L	50	Healthcare	854
HEMO.L	2	Healthcare	854
SPI.L	53	Healthcare	854
SN.L	63	Healthcare	854
BVXP.L	83	Healthcare	854
APTA.L	9	Healthcare	854
FUM.L	23	Healthcare	854
POLB.L	1	Healthcare	854
NFX.L	7	Healthcare	854
MGNX	36	Healthcare	854
MGTX	99	Healthcare	854
MLYS	16	Healthcare	854
ALM.MC	96	Healthcare	854
ROVI.MC	89	Healthcare	854
AMP.MI	73	Healthcare	854
DIA.MI	73	Healthcare	854
NBIX	95	Healthcare	854
NEOG	73	Healthcare	854
NAMS	9	Healthcare	854
NVCT	57	Healthcare	854
NUTX	99	Healthcare	854
NTRA	60	Healthcare	854
ACH.US	16	Healthcare	854
ANVS	13	Healthcare	854
AVTR	70	Healthcare	854
BDX	80	Healthcare	854
BKD	53	Healthcare	854
BMY	96	Healthcare	854
BSX.US	76	Healthcare	854
CNMD	73	Healthcare	854
CTEV	43	Healthcare	854
CYH	80	Healthcare	854
DGX	91	Healthcare	854
DVA	96	Healthcare	854
EBS	70	Healthcare	854
ENOV	57	Healthcare	854
GMED	87	Healthcare	854
HUM	93	Healthcare	854
LCTX	1	Healthcare	854
LH	80	Healthcare	854
MCK	66	Healthcare	854
MOH	47	Healthcare	854
NVS	63	Healthcare	854
PCRX	63	Healthcare	854
PBH	70	Healthcare	854
PFE	80	Healthcare	854
RCUS	33	Healthcare	854
RVTY	80	Healthcare	854
STE	85	Healthcare	854
THC	98	Healthcare	854
UNH	83	Healthcare	854
UHS	70	Healthcare	854
WAT	91	Healthcare	854
WST	99	Healthcare	854
ZBH	80	Healthcare	854
ONC	89	Healthcare	854
ORKA	39	Healthcare	854
OMER	83	Healthcare	854
OPK	53	Healthcare	854
OPRX	83	Healthcare	854
ATHXQ	2	Healthcare	854
SRNE	16	Healthcare	854
SMNR	11	Healthcare	854
ZOMDF	43	Healthcare	854
PAHC	76	Healthcare	854
MDRX	53	Healthcare	854
SDZNY	63	Healthcare	854
PDSB	25	Healthcare	854
PLSE	39	Healthcare	854
PETS.US	2	Healthcare	854
PGNY	93	Healthcare	854
PBYI	95	Healthcare	854
PRCT	11	Healthcare	854
PRLD	60	Healthcare	854
PROK	25	Healthcare	854
PODD	85	Healthcare	854
PVLA	43	Healthcare	854
ABVX.PA	9	Healthcare	854
PRTA	23	Healthcare	854
ALBIO.PA	53	Healthcare	854
ALCGM.PA	95	Healthcare	854
ALGEN.PA	43	Healthcare	854
ALIMP.PA	19	Healthcare	854
ALSMA.PA	23	Healthcare	854
ALNFL.PA	9	Healthcare	854
BIM.PA	80	Healthcare	854
ALSPW.PA	19	Healthcare	854
CVX.PA	4	Healthcare	854
EAPI.PA	53	Healthcare	854
DIM.PA	63	Healthcare	854
GBT.PA	70	Healthcare	854
EMEIS.PA	63	Healthcare	854
ERF.PA	66	Healthcare	854
LBIRD.PA	70	Healthcare	854
MAAT.PA	9	Healthcare	854
OSE.PA	11	Healthcare	854
SAN.PA	50	Healthcare	854
TNG.PA	1	Healthcare	854
VLA.PA	7	Healthcare	854
VIRP.PA	73	Healthcare	854
QDEL	23	Healthcare	854
QURE	4	Healthcare	854
REPL	39	Healthcare	854
RGNX	19	Healthcare	854
REGN	93	Healthcare	854
QTRX	13	Healthcare	854
RPRX	98	Healthcare	854
RMTI	19	Healthcare	854
RXRX	25	Healthcare	854
SCLX	7	Healthcare	854
SCYX	36	Healthcare	854
SHC	96	Healthcare	854
SGRY	63	Healthcare	854
SMMT	16	Healthcare	854
SNDX	5	Healthcare	854
SINT	53	Healthcare	854
SPRY	25	Healthcare	854
SPTX	50	Healthcare	854
SRTA	50	Healthcare	854
SMTI	47	Healthcare	854
SPOK	83	Healthcare	854
STLN	83	Healthcare	854
STRO	43	Healthcare	854
SVRA	25	Healthcare	854
BIOGb.ST	57	Healthcare	854
ASKER.ST	70	Healthcare	854
DYVOX.ST	80	Healthcare	854
CAMX.ST	83	Healthcare	854
NOLAb.ST	47	Healthcare	854
VIMIAN.ST	63	Healthcare	854
SECTb.ST	53	Healthcare	854
HLS.ASX	30	Healthcare	854
NAN.ASX	36	Healthcare	854
NEU.ASX	50	Healthcare	854
SHL.ASX	43	Healthcare	854
TLX.ASX	73	Healthcare	854
TARS	43	Healthcare	854
TMDX	53	Healthcare	854
TNGX	30	Healthcare	854
TRAX	43	Healthcare	854
TSHA	16	Healthcare	854
2413.T	93	Healthcare	854
4523.T	80	Healthcare	854
4578.T	95	Healthcare	854
4506.T	87	Healthcare	854
7733.T	87	Healthcare	854
UPB	23	Healthcare	854
VCEL	76	Healthcare	854
VKTX	9	Healthcare	854
UTHR	87	Healthcare	854
VRDN	23	Healthcare	854
VNDA	30	Healthcare	854
WGS	9	Healthcare	854
VRTX	89	Healthcare	854
VTRS	87	Healthcare	854
WVE	19	Healthcare	854
XERS	73	Healthcare	854
ZVRA	91	Healthcare	854
ZLAB	47	Healthcare	854
ZBIO	36	Healthcare	854
XRAY	60	Healthcare	854
PPGN.ZU	73	Healthcare	854
NOVN.ZU	66	Healthcare	854
STMN.ZU	89	Healthcare	854
ABCL	43	Healthcare	854
ACHC	66	Healthcare	854
ABVX	13	Healthcare	854
ABOS	50	Healthcare	854
ACRS	30	Healthcare	854
ADUS	89	Healthcare	854
ADPT	43	Healthcare	854
AGIO	33	Healthcare	854
AHCO	39	Healthcare	854
AIRS	25	Healthcare	854
ALEC	16	Healthcare	854
AKBA	36	Healthcare	854
ALXO	33	Healthcare	854
ALNY	76	Healthcare	854
ALMR	85	Healthcare	854
ALT.US	13	Healthcare	854
ANTX	57	Healthcare	854
ANIK	73	Healthcare	854
APGE	1	Healthcare	854
ARCT	36	Healthcare	854
ARWR	47	Healthcare	854
ATEC	76	Healthcare	854
ATRA	53	Healthcare	854
ATTO	36	Healthcare	854
AURA	23	Healthcare	854
AVLN	43	Healthcare	854
AXGN	50	Healthcare	854
AYTU	43	Healthcare	854
LKFT.NV	73	Healthcare	854
BDTX	19	Healthcare	854
BMRN	66	Healthcare	854
BRVE	39	Healthcare	854
BTMD	66	Healthcare	854
ARGX.BR	83	Healthcare	854
HYL.BR	7	Healthcare	854
SEQUA.BR	9	Healthcare	854
CCCC	39	Healthcare	854
CELC	50	Healthcare	854
CERS	57	Healthcare	854
CGC	30	Healthcare	854
CLDX	23	Healthcare	854
CLOV	53	Healthcare	854
COO	66	Healthcare	854
COGT	39	Healthcare	854
CRON	91	Healthcare	854
CRIS	13	Healthcare	854
CVRX	33	Healthcare	854
CHEMM.CO	57	Healthcare	854
DEMANT.CO	89	Healthcare	854
GN.CO	33	Healthcare	854
HLUNB.CO	98	Healthcare	854
NOVO-B.CO	96	Healthcare	854
DCGO	19	Healthcare	854
DERM	36	Healthcare	854
DH	60	Healthcare	854
DFTX	47	Healthcare	854
DMRA	30	Healthcare	854
DNTH	47	Healthcare	854
DSGN	66	Healthcare	854
DXCM	99	Healthcare	854
EIKN	43	Healthcare	854
EDIT	33	Healthcare	854
FDMT	60	Healthcare	854
FLGT	47	Healthcare	854
22UA.DE	53	Healthcare	854
2M6.DE	80	Healthcare	854
AJ91.DE	76	Healthcare	854
BAYN.DE	73	Healthcare	854
DRW8.DE	63	Healthcare	854
HIGH.DE	33	Healthcare	854
HPHA.DE	16	Healthcare	854
LIK.DE	80	Healthcare	854
M3V.DE	33	Healthcare	854
PSH0.DE	16	Healthcare	854
SHL.DE	63	Healthcare	854
V3V.DE	53	Healthcare	854
GDRX	50	Healthcare	854
GEHC	76	Healthcare	854
GENB	43	Healthcare	854
GERN	13	Healthcare	854
GHRS	57	Healthcare	854
GRFS	96	Healthcare	854
GPCR	25	Healthcare	854
GMAB.US	87	Healthcare	854
HCM	30	Healthcare	854
HRMY	96	Healthcare	854
HTFL	47	Healthcare	854
AIFORIA.HE	1	Healthcare	854
REG1V.HE	39	Healthcare	854
NXTMH.HE	16	Healthcare	854
ORIOLA.HE	9	Healthcare	854
01177.HK	100	Healthcare	854
02196.HK	70	Healthcare	854
1873.HK	98	Healthcare	854
3759.HK	66	Healthcare	854
6990.HK	43	Healthcare	854
IBRX	50	Healthcare	854
ICLR	50	Healthcare	854
IDXX	80	Healthcare	854
IMRX	30	Healthcare	854
ILMN	83	Healthcare	854
IMUX	25	Healthcare	854
INCY	95	Healthcare	854
INDV	91	Healthcare	854
INSM	36	Healthcare	854
INO	4	Healthcare	854
IOVA	33	Healthcare	854
IRD	43	Healthcare	854
IRMD	87	Healthcare	854
IRWD	100	Healthcare	854
IXHL	19	Healthcare	854
JAZZ	100	Healthcare	854
KURA	25	Healthcare	854
KOD	30	Healthcare	854
LFCR	23	Healthcare	854
LGND	93	Healthcare	854
LMAT	80	Healthcare	854
LMRI	57	Healthcare	854
LYEL	13	Healthcare	854
BVC.L	23	Healthcare	854
CTEC.L	63	Healthcare	854
GNS.L	80	Healthcare	854
HIK.L	87	Healthcare	854
DXRX.L	57	Healthcare	854
IMM.L	1	Healthcare	854
MCRB	33	Healthcare	854
MDXG	76	Healthcare	854
MENS	7	Healthcare	854
MDGL	23	Healthcare	854
MOBI	50	Healthcare	854
MMED	47	Healthcare	854
MREO	16	Healthcare	854
MSPR	2	Healthcare	854
MRVI	57	Healthcare	854
FAE.MC	89	Healthcare	854
GRF.MC	98	Healthcare	854
NKTR	19	Healthcare	854
NPCE	57	Healthcare	854
NVAX	66	Healthcare	854
NTLA	9	Healthcare	854
ABBV	80	Healthcare	854
ABT.US	76	Healthcare	854
AGL	60	Healthcare	854
ALUR	9	Healthcare	854
AMWL	60	Healthcare	854
ATR	73	Healthcare	854
BFLY	70	Healthcare	854
BIO.US	83	Healthcare	854
CAH	87	Healthcare	854
CNC	87	Healthcare	854
COR	39	Healthcare	854
CON.US	99	Healthcare	854
DOCS	76	Healthcare	854
ELV	85	Healthcare	854
EHC	91	Healthcare	854
GKOS	57	Healthcare	854
GMRS	66	Healthcare	854
HAE	95	Healthcare	854
HLN	57	Healthcare	854
HNGE	97	Healthcare	854
JNJ	95	Healthcare	854
MANE	66	Healthcare	854
MD	89	Healthcare	854
NHC	57	Healthcare	854
NUVB	33	Healthcare	854
NVST	89	Healthcare	854
NVO	70	Healthcare	854
OSCR	95	Healthcare	854
PHG	83	Healthcare	854
RMD	73	Healthcare	854
RDY	70	Healthcare	854
SYK	95	Healthcare	854
TDOC	23	Healthcare	854
TFX	66	Healthcare	854
WEAV	53	Healthcare	854
OABI	63	Healthcare	854
ODTX	53	Healthcare	854
OKUR	43	Healthcare	854
OCUL	9	Healthcare	854
OLMA	5	Healthcare	854
OMCL	83	Healthcare	854
OPCH	63	Healthcare	854
ORGO	39	Healthcare	854
EVFM	23	Healthcare	854
HTGMQ	11	Healthcare	854
SCPX	2	Healthcare	854
TRVN	7	Healthcare	854
PACB	33	Healthcare	854
PCVX	36	Healthcare	854
PIII	4	Healthcare	854
PHVS	50	Healthcare	854
PMVP	53	Healthcare	854
PRAX	30	Healthcare	854
PSNL	47	Healthcare	854
ADOC.PA	1	Healthcare	854
PTGX	85	Healthcare	854
ALCOX.PA	50	Healthcare	854
ALCLS.PA	33	Healthcare	854
ALDMS.PA	19	Healthcare	854
ALKLH.PA	95	Healthcare	854
ALMDT.PA	9	Healthcare	854
ALOPM.PA	95	Healthcare	854
ALMKT.PA	47	Healthcare	854
ALSEN.PA	39	Healthcare	854
ALTAO.PA	16	Healthcare	854
ALTHX.PA	0	Healthcare	854
BLC.PA	96	Healthcare	854
BOI.PA	89	Healthcare	854
EQS.PA	96	Healthcare	854
GNFT.PA	53	Healthcare	854
IPH.PA	1	Healthcare	854
LNA.PA	93	Healthcare	854
GDS.PA	83	Healthcare	854
NANO.PA	43	Healthcare	854
RAPP	33	Healthcare	854
RCEL	11	Healthcare	854
RGEN	70	Healthcare	854
RNA	39	Healthcare	854
RLAY	39	Healthcare	854
RVMD	47	Healthcare	854
RXST	33	Healthcare	854
RYTM	19	Healthcare	854
SEER	50	Healthcare	854
SERA	11	Healthcare	854
SGMT	43	Healthcare	854
SION	7	Healthcare	854
SLDB	36	Healthcare	854
SIBN	63	Healthcare	854
SLN	39	Healthcare	854
SNY	30	Healthcare	854
SRPT	4	Healthcare	854
SPRB	11	Healthcare	854
STTK	50	Healthcare	854
SYRE	60	Healthcare	854
EKTAB.ST	70	Healthcare	854
SOBI.ST	87	Healthcare	854
SYNSAM.ST	85	Healthcare	854
VITR.ST	70	Healthcare	854
XVIVO.ST	39	Healthcare	854
ANN.ASX	80	Healthcare	854
FPH.ASX	93	Healthcare	854
IMU.ASX	2	Healthcare	854
RHC.ASX	66	Healthcare	854
RMD.ASX	83	Healthcare	854
SIG.ASX	60	Healthcare	854
TELA	66	Healthcare	854
TECH	73	Healthcare	854
TGTX	76	Healthcare	854
TLRY	11	Healthcare	854
TMCI	57	Healthcare	854
TNYA	4	Healthcare	854
TRDA	16	Healthcare	854
TWST	13	Healthcare	854
TVRD	30	Healthcare	854
4543.T	98	Healthcare	854
4502.T	87	Healthcare	854
4507.T	89	Healthcare	854
URGN	50	Healthcare	854
VANI	30	Healthcare	854
VERU	23	Healthcare	854
UTMD	95	Healthcare	854
VOGX	23	Healthcare	854
VSTM	43	Healthcare	854
WW	39	Healthcare	854
ZYME	23	Healthcare	854
GALD.ZU	70	Healthcare	854
LONN.ZU	83	Healthcare	854
SOON.ZU	91	Healthcare	854
TECN.ZU	66	Healthcare	854
AAPL	80	Technology	836
ADSK	58	Technology	836
AEVA	11	Technology	836
AIFC	9	Technology	836
ADBE	54	Technology	836
AIP	35	Technology	836
ALGM	76	Technology	836
AMD	80	Technology	836
ALRM	80	Technology	836
API	30	Technology	836
APPS	85	Technology	836
ARQQ	3	Technology	836
AVGO	92	Technology	836
AVNW	50	Technology	836
AVT.US	54	Technology	836
TOM2.NV	28	Technology	836
BRZE	44	Technology	836
HYSG.BR	44	Technology	836
CDW	63	Technology	836
CLFD	28	Technology	836
CNDT	47	Technology	836
CNXC	30	Technology	836
COHU	19	Technology	836
CRNT	63	Technology	836
CRWV	19	Technology	836
CSIQ	3	Technology	836
CTSH	63	Technology	836
NNIT.CO	22	Technology	836
DAVE	99	Technology	836
DLO	96	Technology	836
DMRC	22	Technology	836
EEFT	50	Technology	836
DUOL	54	Technology	836
EVCM	38	Technology	836
FTNT	94	Technology	836
FSLY	40	Technology	836
ADN1.DE	40	Technology	836
ABX.DE	2	Technology	836
AEIN.DE	19	Technology	836
AVGO.EUR	92	Technology	836
BC8.DE	54	Technology	836
CEK.DE	69	Technology	836
CSH.DE	58	Technology	836
CYR.DE	7	Technology	836
DTD2.DE	99	Technology	836
AMD.EUR	80	Technology	836
HRPK.DE	69	Technology	836
IOS.DE	63	Technology	836
ISHA.DE	35	Technology	836
JY0.DE	22	Technology	836
JEN.DE	97	Technology	836
IVU.DE	76	Technology	836
MA10.DE	13	Technology	836
MUM.DE	28	Technology	836
NEM.DE	44	Technology	836
NA9.DE	88	Technology	836
P4O.DE	11	Technology	836
MSFT.EUR	97	Technology	836
QBY0.DE	22	Technology	836
TMV.DE	63	Technology	836
TPG0.DE	88	Technology	836
VRL.DE	3	Technology	836
WAF.DE	58	Technology	836
V6C.DE	11	Technology	836
SYT.DE	17	Technology	836
GCT	100	Technology	836
GDS	63	Technology	836
GLOO	22	Technology	836
GRMN	94	Technology	836
GSIT	16	Technology	836
GTLB	40	Technology	836
HIMX	76	Technology	836
HQ	25	Technology	836
GRAB	69	Technology	836
DETEC.HE	38	Technology	836
GOFORE.HE	63	Technology	836
HOLO	22	Technology	836
LEMON.HE	47	Technology	836
SSH1V.HE	4	Technology	836
02018.HK	80	Technology	836
02382.HK	69	Technology	836
00285.HK	76	Technology	836
0968.HK	63	Technology	836
2013.HK	11	Technology	836
2513.HK	38	Technology	836
3800.HK	19	Technology	836
INTA	22	Technology	836
INOD	92	Technology	836
ITRN	99	Technology	836
JKHY	54	Technology	836
LFUS	85	Technology	836
LIF	40	Technology	836
LITE	63	Technology	836
LSCC	76	Technology	836
LYFT	19	Technology	836
ALFA.L	85	Technology	836
FDM.L	35	Technology	836
HHPD.L	40	Technology	836
RSW.L	69	Technology	836
SCT.L	63	Technology	836
SMSD.L	100	Technology	836
TRST.L	35	Technology	836
XAR.L	35	Technology	836
BOKU.L	44	Technology	836
CRTA.L	11	Technology	836
IQE.L	2	Technology	836
GHH.L	58	Technology	836
KETL.L	47	Technology	836
TENG.L	13	Technology	836
MANH	71	Technology	836
MRAM	40	Technology	836
MRVL	69	Technology	836
MSTR	7	Technology	836
MTLS	47	Technology	836
MU	99	Technology	836
CRL.MI	97	Technology	836
SES.MI	69	Technology	836
TPRO.MI	85	Technology	836
NTNX	80	Technology	836
NTSK	50	Technology	836
NVMI	92	Technology	836
AI	7	Technology	836
ASX	58	Technology	836
BKTI	85	Technology	836
BOX	63	Technology	836
BLND.US	35	Technology	836
CACI	69	Technology	836
CLVT	30	Technology	836
CXM	54	Technology	836
DBD	50	Technology	836
FOUR	44	Technology	836
FIG	19	Technology	836
GLW	85	Technology	836
HUBS	35	Technology	836
IOT	71	Technology	836
INGM	50	Technology	836
KDK	16	Technology	836
KN	85	Technology	836
LDOS	71	Technology	836
MNTN	85	Technology	836
MX	11	Technology	836
NOTE	5	Technology	836
NVDA.24-7	97	Technology	836
PAYC	76	Technology	836
PCOR	30	Technology	836
QTWO	44	Technology	836
PSN.US	58	Technology	836
RBRK	71	Technology	836
RAMP	85	Technology	836
RNG	63	Technology	836
RSKD	63	Technology	836
SMRT	13	Technology	836
S.US	40	Technology	836
SONY	92	Technology	836
ST	85	Technology	836
TDC	58	Technology	836
UAVS	7	Technology	836
UIS	40	Technology	836
UMC	54	Technology	836
VNT	69	Technology	836
VPG	35	Technology	836
VSH	85	Technology	836
WK	76	Technology	836
WOLF	19	Technology	836
YALA	88	Technology	836
YEXT	50	Technology	836
WEX	88	Technology	836
OLED	40	Technology	836
ZETA.US	63	Technology	836
DIDIY	25	Technology	836
CAJPY	76	Technology	836
TSPH	11	Technology	836
XELA	28	Technology	836
PAYP	58	Technology	836
PI	25	Technology	836
PLTR	80	Technology	836
PLXS	76	Technology	836
POWI	54	Technology	836
PRGS	50	Technology	836
PUBM	63	Technology	836
ALCBX.PA	4	Technology	836
AL2SI.PA	7	Technology	836
ALCOF.PA	88	Technology	836
ALCPB.PA	5	Technology	836
ALHYP.PA	44	Technology	836
ALJXR.PA	22	Technology	836
ALLIX.PA	17	Technology	836
ALNTG.PA	38	Technology	836
ALRIB.PA	22	Technology	836
ALSTW.PA	38	Technology	836
AVT.PA	4	Technology	836
ATO.PA	25	Technology	836
COH.PA	44	Technology	836
DSY.PA	69	Technology	836
BIG.PA	35	Technology	836
GUI.PA	25	Technology	836
PLNW.PA	88	Technology	836
QDT.PA	88	Technology	836
RXL.PA	69	Technology	836
SOI.PA	13	Technology	836
STMPA.PA	76	Technology	836
SWP.PA	76	Technology	836
VMX.PA	25	Technology	836
XFAB.PA	13	Technology	836
QUIK	19	Technology	836
RDZN	14	Technology	836
QNT.US	30	Technology	836
RELL	76	Technology	836
RGTI	7	Technology	836
ROP	30	Technology	836
RPD	35	Technology	836
RXT	22	Technology	836
SAIC	80	Technology	836
SIMO	96	Technology	836
SCSC	80	Technology	836
SKHY	92	Technology	836
SMCI	54	Technology	836
SMTC	85	Technology	836
SOUN	3	Technology	836
SPT	28	Technology	836
SRAD	25	Technology	836
STRD	11	Technology	836
SWKS	28	Technology	836
STX.US	100	Technology	836
IVSO.ST	38	Technology	836
TRUEb.ST	58	Technology	836
YUBICO.ST	35	Technology	836
VITb.ST	94	Technology	836
IRE.ASX	63	Technology	836
NXT.ASX	28	Technology	836
SDR.ASX	5	Technology	836
WTC.ASX	54	Technology	836
THRY	28	Technology	836
TLS	47	Technology	836
TONX	28	Technology	836
TRMB	35	Technology	836
TSEM	85	Technology	836
TTMI	96	Technology	836
3436.T	35	Technology	836
5214.T	69	Technology	836
285A.T	96	Technology	836
6146.T	76	Technology	836
6479.T	50	Technology	836
6701.T	69	Technology	836
6724.T	69	Technology	836
6758.T	92	Technology	836
6976.T	44	Technology	836
8035.T	80	Technology	836
UEIC	69	Technology	836
VIAV	76	Technology	836
VRNS	54	Technology	836
VRSN	76	Technology	836
UPLD	38	Technology	836
WDC	94	Technology	836
WLTH	35	Technology	836
WSE	63	Technology	836
XBP	47	Technology	836
TEMN.ZU	63	Technology	836
ACMR	69	Technology	836
ACIW	69	Technology	836
ADEA	85	Technology	836
ADTN	19	Technology	836
ADP	38	Technology	836
AKAM	80	Technology	836
AGMH	13	Technology	836
AGYS	76	Technology	836
ALNT	80	Technology	836
AMAT	99	Technology	836
AMCI	4	Technology	836
ALLT.US	92	Technology	836
AOSL	25	Technology	836
APLD	16	Technology	836
APPF	54	Technology	836
ARM	47	Technology	836
ASTS	3	Technology	836
ATOM.US	1	Technology	836
AUDC.US	92	Technology	836
ADYEN.NV	92	Technology	836
ASM.NV	97	Technology	836
BESI.NV	92	Technology	836
NEDAP.NV	47	Technology	836
TWEKA.NV	96	Technology	836
BEEM	7	Technology	836
BKKT	9	Technology	836
BL	50	Technology	836
BLZE	38	Technology	836
BULL	69	Technology	836
BSP	30	Technology	836
BTDR	28	Technology	836
BANQ.BR	9	Technology	836
MELE.BR	58	Technology	836
CAMT	76	Technology	836
CBRS	50	Technology	836
CEVA	44	Technology	836
CCC.US	54	Technology	836
CGNT	71	Technology	836
CHYM	76	Technology	836
CLBT	71	Technology	836
CRDO	97	Technology	836
CORZ	13	Technology	836
CRUS	63	Technology	836
CVLT	85	Technology	836
CSCO	94	Technology	836
CXAI	30	Technology	836
CBRAIN.CO	63	Technology	836
COLUM.CO	9	Technology	836
RTX.CO	47	Technology	836
TRIFOR.CO	16	Technology	836
DAKT	80	Technology	836
DBX	50	Technology	836
NETC.CO	28	Technology	836
DDOG	54	Technology	836
DGII	85	Technology	836
DOCU	47	Technology	836
DVLT	19	Technology	836
DSGX	94	Technology	836
DIOD	88	Technology	836
EXFY	71	Technology	836
FIVN	63	Technology	836
FLYW	92	Technology	836
FFIV	92	Technology	836
FRMM	16	Technology	836
FLEX	80	Technology	836
FRSH	94	Technology	836
AIXA.DE	63	Technology	836
AMI.DE	16	Technology	836
A6T.DE	38	Technology	836
C3R.DE	13	Technology	836
CFC.DE	5	Technology	836
D6H0.DE	22	Technology	836
ELG.DE	98	Technology	836
EXL.DE	35	Technology	836
FEV.DE	25	Technology	836
IXX.DE	63	Technology	836
KTN.DE	47	Technology	836
PSAN.DE	2	Technology	836
NVDA.EUR	98	Technology	836
SIS.DE	35	Technology	836
SJJ.DE	16	Technology	836
S92.DE	50	Technology	836
T3T1.DE	35	Technology	836
YSN.DE	69	Technology	836
GEN	54	Technology	836
GFS	85	Technology	836
GTM	25	Technology	836
GDYN	69	Technology	836
HCKT	85	Technology	836
FSECURE.HE	76	Technology	836
ADMCM.HE	63	Technology	836
HPAI	28	Technology	836
DIGIA.HE	76	Technology	836
NOKIA.HE	44	Technology	836
ICP1V.HE	47	Technology	836
00763.HK	50	Technology	836
0992.HK	50	Technology	836
1810.HK	35	Technology	836
9660.HK	17	Technology	836
ICHR	58	Technology	836
IMXI	40	Technology	836
IDCC	98	Technology	836
INDI	13	Technology	836
IIIV	25	Technology	836
INTC	71	Technology	836
INTU	85	Technology	836
IZM	28	Technology	836
KLAC	97	Technology	836
KLIC	92	Technology	836
KEEL	5	Technology	836
KOPN	58	Technology	836
LASR	35	Technology	836
KSPI	94	Technology	836
NBA.LS	25	Technology	836
GLINT.LS	92	Technology	836
LYTS	80	Technology	836
CCC.L	69	Technology	836
NANO.L	88	Technology	836
PINE.L	7	Technology	836
OXIG.L	69	Technology	836
SMSN.L	100	Technology	836
SWC.L	14	Technology	836
SGE.L	50	Technology	836
ACSO.L	76	Technology	836
CER.L	63	Technology	836
CNC.L	63	Technology	836
KMK.L	7	Technology	836
DOTD.L	69	Technology	836
ING.L	88	Technology	836
SEE.L	7	Technology	836
SPSY.L	88	Technology	836
SYME.L	3	Technology	836
MCHP	88	Technology	836
TRB.L	22	Technology	836
MDB	54	Technology	836
MBGL	54	Technology	836
MLGO	17	Technology	836
MITK	96	Technology	836
MPWR	92	Technology	836
MSFT	97	Technology	836
IDR.MC	99	Technology	836
NEXI.MI	28	Technology	836
REY.MI	94	Technology	836
NN	7	Technology	836
NICE	58	Technology	836
NTGR	44	Technology	836
NSIT.US	92	Technology	836
NVTS	17	Technology	836
NAVN	38	Technology	836
NOVT	58	Technology	836
NTAP	80	Technology	836
ADIG	30	Technology	836
NXT.US	76	Technology	836
ALIT	35	Technology	836
ANET	99	Technology	836
ATEN	92	Technology	836
BB	63	Technology	836
BILL	54	Technology	836
BLSH	22	Technology	836
BMI	44	Technology	836
BHE	94	Technology	836
CALX.US	50	Technology	836
CPAY	88	Technology	836
CTS	97	Technology	836
CRM	88	Technology	836
DAVA	19	Technology	836
DOCN	96	Technology	836
DXC	40	Technology	836
EGHT	92	Technology	836
DQ	14	Technology	836
EPAM	44	Technology	836
ESTC	97	Technology	836
EVTC	85	Technology	836
FIS.US	30	Technology	836
GDDY	47	Technology	836
GIB	44	Technology	836
G.US	71	Technology	836
GLOB	47	Technology	836
GRND	71	Technology	836
GWRE	69	Technology	836
HPQ	35	Technology	836
INFQ	30	Technology	836
JKS	22	Technology	836
LAW	25	Technology	836
LSPD	35	Technology	836
LPL	35	Technology	836
MEI	63	Technology	836
MXL	44	Technology	836
NABL	30	Technology	836
NATL	71	Technology	836
NOK	85	Technology	836
ONTO	80	Technology	836
PANW	38	Technology	836
PATH	58	Technology	836
P	92	Technology	836
Q	99	Technology	836
ROG	85	Technology	836
SNOW	35	Technology	836
SMWB	35	Technology	836
STM.US	63	Technology	836
TYL	50	Technology	836
UBER	47	Technology	836
VTEX	94	Technology	836
VLN	47	Technology	836
XYZ	85	Technology	836
XPER	38	Technology	836
YMM	69	Technology	836
YXT	28	Technology	836
OSIS	50	Technology	836
OTEX	58	Technology	836
OKTA	76	Technology	836
OUST	19	Technology	836
MTBLY	17	Technology	836
VISL	44	Technology	836
MARK	25	Technology	836
PCTY	80	Technology	836
PAYS	85	Technology	836
PHUN	28	Technology	836
PICS	80	Technology	836
PEGA	40	Technology	836
PONY	11	Technology	836
PLAB	69	Technology	836
ALCLA.PA	47	Technology	836
ALDRV.PA	17	Technology	836
ALKAL.PA	35	Technology	836
ALLOG.PA	25	Technology	836
ALHF.PA	17	Technology	836
ALNRG.PA	3	Technology	836
ALPRG.PA	9	Technology	836
ALMDG.PA	50	Technology	836
ALLDL.PA	22	Technology	836
ALTHO.PA	7	Technology	836
ALORD.PA	38	Technology	836
ALPWG.PA	50	Technology	836
ATE.PA	76	Technology	836
AUB.PA	63	Technology	836
CAP.PA	71	Technology	836
INF.PA	92	Technology	836
MEMS.PA	38	Technology	836
NRO.PA	88	Technology	836
LIN.PA	47	Technology	836
PARRO.PA	13	Technology	836
S30.PA	22	Technology	836
SOP.PA	47	Technology	836
QBTS	3	Technology	836
QLYS	76	Technology	836
WAVE.PA	76	Technology	836
QRVO	54	Technology	836
RELY	96	Technology	836
RMBS	80	Technology	836
RZLV	2	Technology	836
SANM	92	Technology	836
SAIL	25	Technology	836
SEDG	25	Technology	836
SITM	69	Technology	836
SHLS	58	Technology	836
SLAB	28	Technology	836
SHOP	63	Technology	836
SLMT	44	Technology	836
SNPS	69	Technology	836
STRF	9	Technology	836
SUPX	7	Technology	836
SWMR	5	Technology	836
SYNA	28	Technology	836
ERIC-A.ST	76	Technology	836
HEXA-B.ST	28	Technology	836
ANODb.ST	44	Technology	836
HTRO.ST	80	Technology	836
AD8.ASX	16	Technology	836
CDA.ASX	94	Technology	836
MAQ.ASX	17	Technology	836
NWL.ASX	58	Technology	836
PXA.ASX	30	Technology	836
MP1.ASX	44	Technology	836
TBCH	35	Technology	836
SLX.ASX	13	Technology	836
TENB	35	Technology	836
XRO.ASX	30	Technology	836
TEAM	35	Technology	836
TCX	11	Technology	836
TSSI	54	Technology	836
TTEC	25	Technology	836
TXN	85	Technology	836
4062.T	76	Technology	836
4307.T	35	Technology	836
4704.T	69	Technology	836
6645.T	88	Technology	836
6762.T	80	Technology	836
6752.T	69	Technology	836
6963.T	25	Technology	836
6857.T	63	Technology	836
7751.T	50	Technology	836
6920.T	44	Technology	836
6702.T	69	Technology	836
6981.T	80	Technology	836
VERI	2	Technology	836
VICR	92	Technology	836
VRRM	85	Technology	836
VECO	47	Technology	836
VERX	25	Technology	836
WLDS	13	Technology	836
WIX	22	Technology	836
WRD	14	Technology	836
XNET	35	Technology	836
WYFI	7	Technology	836
ZS	54	Technology	836
LOGN.ZU	88	Technology	836
AAOI	40	Technology	836
ACLS	50	Technology	836
AEHR	30	Technology	836
AIOT	14	Technology	836
ADI.US	92	Technology	836
ALAB	92	Technology	836
ALKT	35	Technology	836
AMBA	28	Technology	836
AMKR	96	Technology	836
AMPL	30	Technology	836
APPN	35	Technology	836
ARBE	14	Technology	836
ARRY	17	Technology	836
ASUR	40	Technology	836
ASML	94	Technology	836
AVPT	76	Technology	836
ASML.NV	92	Technology	836
BAND.US	50	Technology	836
BELFB	85	Technology	836
BLKB	38	Technology	836
BRAI	1	Technology	836
BSY	69	Technology	836
BAR.BR	28	Technology	836
ECONB.BR	69	Technology	836
EVS.BR	88	Technology	836
OPTI.BR	4	Technology	836
CAN	16	Technology	836
CCSI	98	Technology	836
CDNS	88	Technology	836
CGNX	85	Technology	836
CHKP	85	Technology	836
CIFR	1	Technology	836
CLMB	71	Technology	836
CMRC	44	Technology	836
CRCT	80	Technology	836
CRNC	58	Technology	836
CRWD	44	Technology	836
CRSR	54	Technology	836
BO.CO	16	Technology	836
SOLARb.CO	17	Technology	836
DOMO	9	Technology	836
DOX	40	Technology	836
DSP	85	Technology	836
ENPH	30	Technology	836
ENTG	76	Technology	836
EXTR	58	Technology	836
EXLS	94	Technology	836
FORM	54	Technology	836
FROG	71	Technology	836
FSLR	92	Technology	836
1GBS.DE	35	Technology	836
A1OS.DE	16	Technology	836
ADV.DE	17	Technology	836
AAPL.EUR	80	Technology	836
AOF.DE	71	Technology	836
BKHT.DE	50	Technology	836
BSL.DE	88	Technology	836
CHG.DE	22	Technology	836
DAM.DE	16	Technology	836
FAA.DE	94	Technology	836
GFT.DE	85	Technology	836
IFX.DE	76	Technology	836
KSC.DE	16	Technology	836
M7U.DE	25	Technology	836
MUB.DE	80	Technology	836
NFN.DE	38	Technology	836
OBS.DE	76	Technology	836
PDA0.DE	17	Technology	836
RTC.DE	7	Technology	836
R1B.DE	2	Technology	836
PLTR.EUR	80	Technology	836
SAP.DE	69	Technology	836
SCE.DE	13	Technology	836
SMHN.DE	92	Technology	836
UMD.DE	11	Technology	836
VRV.DE	76	Technology	836
GILT	58	Technology	836
GPRO	3	Technology	836
GRRR	9	Technology	836
HLIT	63	Technology	836
EASOR.HE	58	Technology	836
BITTI.HE	50	Technology	836
VAIAS.HE	58	Technology	836
00981.HK	47	Technology	836
00268.HK	47	Technology	836
1347.HK	28	Technology	836
IBEX	97	Technology	836
IMMR	80	Technology	836
IPGP	58	Technology	836
ITRI	76	Technology	836
KC	22	Technology	836
KLTR	22	Technology	836
LIDR	11	Technology	836
LOGI	69	Technology	836
LTRX	69	Technology	836
LRCX	97	Technology	836
APTD.L	25	Technology	836
BYIT.L	71	Technology	836
KNOS.L	85	Technology	836
NCC.L	7	Technology	836
PAY.L	88	Technology	836
RPI.L	58	Technology	836
VID.L	4	Technology	836
TTG.L	28	Technology	836
WISE.L	44	Technology	836
BKS.L	30	Technology	836
EXR.L	4	Technology	836
IOM.L	5	Technology	836
MIDW.L	35	Technology	836
RCN.L	11	Technology	836
SDI.L	76	Technology	836
TRCS.L	47	Technology	836
MKSI	71	Technology	836
MLAB	50	Technology	836
MQ	63	Technology	836
MNDY	69	Technology	836
MTSI	96	Technology	836
MVIS	7	Technology	836
AMS.MC	69	Technology	836
STMMI.MI	85	Technology	836
NCNO	38	Technology	836
NTCT	94	Technology	836
NVDA	98	Technology	836
NXPI	94	Technology	836
NYAX	40	Technology	836
ACN	69	Technology	836
AAPL.24-7	63	Technology	836
APH	99	Technology	836
ASAN	19	Technology	836
ARW	63	Technology	836
BBAI	7	Technology	836
BDC	85	Technology	836
BR	63	Technology	836
CIEN	80	Technology	836
CINT	40	Technology	836
CLS	88	Technology	836
COHR	88	Technology	836
CSQR	40	Technology	836
DDD	16	Technology	836
DELL	92	Technology	836
DFIN	85	Technology	836
DT	63	Technology	836
EFOR	63	Technology	836
ESE	69	Technology	836
FICO	54	Technology	836
FN	80	Technology	836
FTV	54	Technology	836
GCTS	0	Technology	836
HPE	92	Technology	836
IBTA	54	Technology	836
IBM	35	Technology	836
INFY	54	Technology	836
INTT	94	Technology	836
IONQ	5	Technology	836
IT	69	Technology	836
JBL	58	Technology	836
KD	17	Technology	836
KEYS	99	Technology	836
KVYO	28	Technology	836
MPTI	58	Technology	836
MSI	80	Technology	836
MSFT.24-7	92	Technology	836
NET	38	Technology	836
NRDY	14	Technology	836
NOW	35	Technology	836
OOMA	63	Technology	836
ORCL	88	Technology	836
PAR	38	Technology	836
PAGS	94	Technology	836
PD	85	Technology	836
PAY.US	54	Technology	836
PSQH	14	Technology	836
PSFE	22	Technology	836
RAL	71	Technology	836
SAP	58	Technology	836
SNX.US	88	Technology	836
TDY	76	Technology	836
TEL.US	98	Technology	836
TOST	80	Technology	836
TSM	99	Technology	836
TWLO	69	Technology	836
U	80	Technology	836
UI	85	Technology	836
VIA	25	Technology	836
VYX	38	Technology	836
WIT	28	Technology	836
YOU	94	Technology	836
ZEPP	13	Technology	836
ON	76	Technology	836
ONDS	13	Technology	836
OPTX	3	Technology	836
OSPN	80	Technology	836
CNTM	7	Technology	836
MAXNQ	7	Technology	836
SUNWQ	13	Technology	836
ZPTA	0	Technology	836
PAYO	54	Technology	836
PAYX	54	Technology	836
PDFS	69	Technology	836
PENG	76	Technology	836
PGY	88	Technology	836
PLUS	44	Technology	836
POET	7	Technology	836
74SW.PA	63	Technology	836
PTC	50	Technology	836
ALGID.PA	22	Technology	836
ALITL.PA	58	Technology	836
ALICA.PA	63	Technology	836
ALKEY.PA	7	Technology	836
ALINN.PA	13	Technology	836
ALLGO.PA	3	Technology	836
ALNN6.PA	22	Technology	836
ALNSE.PA	76	Technology	836
ALVGO.PA	22	Technology	836
ALWEC.PA	63	Technology	836
ATEME.PA	50	Technology	836
EKI.PA	35	Technology	836
ALBFR.PA	35	Technology	836
LACR.PA	76	Technology	836
LSS.PA	80	Technology	836
VU.PA	50	Technology	836
WLN.PA	28	Technology	836
QCOM	85	Technology	836
QUBT	9	Technology	836
RDWR	28	Technology	836
REKR	7	Technology	836
RBBN	38	Technology	836
RMNI	47	Technology	836
RUN	17	Technology	836
RPAY	58	Technology	836
SABR	54	Technology	836
SHAZ	28	Technology	836
SILC	44	Technology	836
SONO	50	Technology	836
SNDK	100	Technology	836
SPSC	71	Technology	836
STNE	92	Technology	836
SSNC	71	Technology	836
STRC	9	Technology	836
SSYS.US	35	Technology	836
STRK.US	11	Technology	836
ERIC-B.ST	63	Technology	836
NCAB.ST	35	Technology	836
SIVE.ST	0	Technology	836
BRN.ASX	2	Technology	836
DDR.ASX	76	Technology	836
DTL.ASX	30	Technology	836
TNE.ASX	69	Technology	836
WBT.ASX	9	Technology	836
TASK	92	Technology	836
XYZ.ASX	16	Technology	836
TER	97	Technology	836
TTAN	25	Technology	836
3697.T	44	Technology	836
6723.T	96	Technology	836
6753.T	22	Technology	836
6952.T	80	Technology	836
6861.T	76	Technology	836
6770.T	44	Technology	836
7735.T	58	Technology	836
UCTT	63	Technology	836
UPBD	40	Technology	836
VISN	40	Technology	836
VNET	9	Technology	836
VUZI	11	Technology	836
VSAT	85	Technology	836
WATT	14	Technology	836
WDAY	50	Technology	836
ZM	80	Technology	836
ZBRA	63	Technology	836
AMS.ZU	35	Technology	836
ACIC	51	Financial Services	880
ACT	51	Financial Services	880
AMAL	82	Financial Services	880
AMBR	13	Financial Services	880
ASRNL.NV	89	Financial Services	880
NN.NV	45	Financial Services	880
BCIC	11	Financial Services	880
BANF	45	Financial Services	880
BETR	4	Financial Services	880
BGC	96	Financial Services	880
BTBT	10	Financial Services	880
GIMB.BR	82	Financial Services	880
KBC.BR	45	Financial Services	880
CCNE	93	Financial Services	880
CCBG	57	Financial Services	880
CG	70	Financial Services	880
CLBK	75	Financial Services	880
CBOE	96	Financial Services	880
ALSYDB.CO	75	Financial Services	880
GRLA.CO	40	Financial Services	880
FYNBK.CO	70	Financial Services	880
JYSK.CO	40	Financial Services	880
LASP.CO	40	Financial Services	880
SJF.CO	45	Financial Services	880
TRYG.CO	26	Financial Services	880
DGICA	13	Financial Services	880
DFDV	6	Financial Services	880
AJMANBANK.AE	51	Financial Services	880
AMLAK.AE	86	Financial Services	880
DIB.AE	51	Financial Services	880
EWBC	78	Financial Services	880
FCFS	96	Financial Services	880
FFIN	22	Financial Services	880
FDUS	45	Financial Services	880
FLD	19	Financial Services	880
FISI	78	Financial Services	880
FMNB	40	Financial Services	880
FUTU	63	Financial Services	880
0B2.DE	63	Financial Services	880
FIBK	31	Financial Services	880
ALG.DE	40	Financial Services	880
DBK.DE	70	Financial Services	880
EFF0.DE	7	Financial Services	880
GLJ.DE	40	Financial Services	880
M5S.DE	6	Financial Services	880
O4B.DE	63	Financial Services	880
SRAG.DE	31	Financial Services	880
SVE.DE	22	Financial Services	880
UBK.DE	11	Financial Services	880
VG80.DE	40	Financial Services	880
VVV3.DE	91	Financial Services	880
WUW.DE	51	Financial Services	880
GEMI	4	Financial Services	880
HBAN	57	Financial Services	880
GIX	1	Financial Services	880
HOOD	89	Financial Services	880
HUT	7	Financial Services	880
AKTIA.HE	22	Financial Services	880
UNITED.HE	40	Financial Services	880
MANTA.HE	98	Financial Services	880
00388.HK	99	Financial Services	880
06881.HK	96	Financial Services	880
1299.HK	31	Financial Services	880
1359.HK	19	Financial Services	880
2601.HK	51	Financial Services	880
3328.HK	57	Financial Services	880
IBKR	93	Financial Services	880
INDB	31	Financial Services	880
KNSL	31	Financial Services	880
LOB	51	Financial Services	880
ABDN.L	45	Financial Services	880
ASAI.L	63	Financial Services	880
BGEO.L	89	Financial Services	880
BPT.L	57	Financial Services	880
CABP.L	4	Financial Services	880
3IN.L	13	Financial Services	880
CBKD.L	40	Financial Services	880
CLIG.L	93	Financial Services	880
EMG.L	91	Financial Services	880
FSG.L	82	Financial Services	880
HSBK.L	11	Financial Services	880
HSX.L	70	Financial Services	880
HVPE.L	19	Financial Services	880
INVP.L	16	Financial Services	880
N91.L	95	Financial Services	880
NWG.L	45	Financial Services	880
PBEE.L	13	Financial Services	880
PAG.L	40	Financial Services	880
PRU.L	57	Financial Services	880
QLT.L	26	Financial Services	880
PSH.L	16	Financial Services	880
SBID.L	82	Financial Services	880
SDR.L	75	Financial Services	880
SUS.L	33	Financial Services	880
STJ.L	26	Financial Services	880
VANQ.L	13	Financial Services	880
ANIC.L	6	Financial Services	880
ARBB.L	7	Financial Services	880
FRP.L	78	Financial Services	880
LIV.L	40	Financial Services	880
TMT.L	86	Financial Services	880
TRU.L	45	Financial Services	880
MCHB	40	Financial Services	880
MFIN	86	Financial Services	880
MKTW	6	Financial Services	880
MPB	78	Financial Services	880
MAP.MC	40	Financial Services	880
SAN.MC	57	Financial Services	880
BMED.MI	86	Financial Services	880
BBVA.MC	45	Financial Services	880
BAMI.MI	31	Financial Services	880
G.MI	78	Financial Services	880
ISP.MI	57	Financial Services	880
UNI.MI	99	Financial Services	880
NAVI	2	Financial Services	880
NDAQ	89	Financial Services	880
AAMI	82	Financial Services	880
ABCB	40	Financial Services	880
AEG	22	Financial Services	880
AFL	33	Financial Services	880
AGM	89	Financial Services	880
AIZ	75	Financial Services	880
ABX	70	Financial Services	880
AMTB	86	Financial Services	880
ARX	57	Financial Services	880
ASB	78	Financial Services	880
ALL	51	Financial Services	880
AX	63	Financial Services	880
BANC	26	Financial Services	880
BBDO	26	Financial Services	880
BBAR	19	Financial Services	880
BBVA.US	33	Financial Services	880
BCS	5	Financial Services	880
AXS.US	57	Financial Services	880
BMA	22	Financial Services	880
BNY	82	Financial Services	880
BOH	33	Financial Services	880
BMO	40	Financial Services	880
BTGO	16	Financial Services	880
BX	63	Financial Services	880
C	82	Financial Services	880
CANG	10	Financial Services	880
CB	70	Financial Services	880
CM	45	Financial Services	880
CION	40	Financial Services	880
BY	78	Financial Services	880
CNO	91	Financial Services	880
CRCL	13	Financial Services	880
DCOM	51	Financial Services	880
EG	26	Financial Services	880
EFR	22	Financial Services	880
EIG	19	Financial Services	880
FBK	45	Financial Services	880
FHI	96	Financial Services	880
FNB	31	Financial Services	880
FSK	10	Financial Services	880
HG	99	Financial Services	880
GL	75	Financial Services	880
HMN	75	Financial Services	880
GOLD.US	51	Financial Services	880
HRTG	93	Financial Services	880
HTB	78	Financial Services	880
HTT	19	Financial Services	880
IBN	75	Financial Services	880
ICE	33	Financial Services	880
JEF	70	Financial Services	880
JXN	63	Financial Services	880
KLAR	19	Financial Services	880
IVZ.US	70	Financial Services	880
KMPR	5	Financial Services	880
LNC	63	Financial Services	880
LCLN	78	Financial Services	880
MBI	31	Financial Services	880
MFG	82	Financial Services	880
MSCI	57	Financial Services	880
NP	75	Financial Services	880
OFG	70	Financial Services	880
OSG	10	Financial Services	880
ORI	24	Financial Services	880
OWL	57	Financial Services	880
ONIT	51	Financial Services	880
PGR	33	Financial Services	880
PLGO	89	Financial Services	880
PNC	75	Financial Services	880
PS	13	Financial Services	880
PRK	57	Financial Services	880
PFS	70	Financial Services	880
RGA	95	Financial Services	880
RLI	40	Financial Services	880
RM	57	Financial Services	880
RKT	22	Financial Services	880
RNST	45	Financial Services	880
RDN	89	Financial Services	880
SAR.US	16	Financial Services	880
SF.US	51	Financial Services	880
SLQT	82	Financial Services	880
SUPV.US	22	Financial Services	880
TRIN	22	Financial Services	880
TRU.US	86	Financial Services	880
UCB	26	Financial Services	880
USB	63	Financial Services	880
VIRT	99	Financial Services	880
WAL	45	Financial Services	880
WD	33	Financial Services	880
WTM	100	Financial Services	880
ONB	78	Financial Services	880
OPRT	86	Financial Services	880
OSBC	86	Financial Services	880
OXSQ	31	Financial Services	880
FRCB	45	Financial Services	880
IVCBF	6	Financial Services	880
SNFI	6	Financial Services	880
PDLB	63	Financial Services	880
PGC	86	Financial Services	880
PRCH	82	Financial Services	880
PYPL	57	Financial Services	880
PFG	51	Financial Services	880
ACA.PA	22	Financial Services	880
ANTIN.PA	51	Financial Services	880
CAF.PA	40	Financial Services	880
CCN.PA	70	Financial Services	880
CRBP2.PA	63	Financial Services	880
CRLO.PA	51	Financial Services	880
CS.PA	40	Financial Services	880
EDEN.PA	33	Financial Services	880
CAT31.PA	70	Financial Services	880
CNDF.PA	95	Financial Services	880
GLE.PA	75	Financial Services	880
MF.PA	31	Financial Services	880
IDIP.PA	86	Financial Services	880
TKO.PA	57	Financial Services	880
QCRH	78	Financial Services	880
SAFT	51	Financial Services	880
RWAY	19	Financial Services	880
SBCF	51	Financial Services	880
SEIC	98	Financial Services	880
SHBI	86	Financial Services	880
SLDE	100	Financial Services	880
SLM	40	Financial Services	880
SOFI	16	Financial Services	880
SPFI	82	Financial Services	880
ENITY.ST	91	Financial Services	880
BURE.ST	98	Financial Services	880
INVEB.ST	93	Financial Services	880
EQT.ST	57	Financial Services	880
KINVB.ST	11	Financial Services	880
SAVE.ST	63	Financial Services	880
SEB-A.ST	40	Financial Services	880
ANZ.ASX	11	Financial Services	880
ASX.ASX	70	Financial Services	880
CCP.ASX	70	Financial Services	880
HUB.ASX	89	Financial Services	880
HLI.ASX	24	Financial Services	880
NAB.ASX	8	Financial Services	880
NHF.ASX	31	Financial Services	880
QBE.ASX	82	Financial Services	880
SOL.ASX	22	Financial Services	880
TBBK	40	Financial Services	880
THFF	63	Financial Services	880
TRST	82	Financial Services	880
TFIN	51	Financial Services	880
TREE.US	75	Financial Services	880
8308.T	70	Financial Services	880
8331.T	31	Financial Services	880
8591.T	93	Financial Services	880
8750.T	96	Financial Services	880
8630.T	82	Financial Services	880
UVSP	75	Financial Services	880
VLY	57	Financial Services	880
WULF	4	Financial Services	880
WT	98	Financial Services	880
WSBC	63	Financial Services	880
PGHN.ZU	24	Financial Services	880
SLHN.ZU	24	Financial Services	880
SREN.ZU	45	Financial Services	880
ABTC	1	Financial Services	880
ACGL	57	Financial Services	880
AFCG	16	Financial Services	880
ALRS	75	Financial Services	880
AMSF	63	Financial Services	880
ARCC	8	Financial Services	880
ATLC	82	Financial Services	880
ASST	4	Financial Services	880
HAL.NV	96	Financial Services	880
BANR	51	Financial Services	880
VALUE.NV	97	Financial Services	880
BFC	70	Financial Services	880
BHF	16	Financial Services	880
BMRC	26	Financial Services	880
BWB	78	Financial Services	880
BPOP	91	Financial Services	880
AGS.BR	45	Financial Services	880
BREB.BR	51	Financial Services	880
KBCA.BR	0	Financial Services	880
QFG.BR	6	Financial Services	880
TINC.BR	86	Financial Services	880
CAC	75	Financial Services	880
CCAP	19	Financial Services	880
CGBD	16	Financial Services	880
CINF	89	Financial Services	880
CME	19	Financial Services	880
COIN	11	Financial Services	880
CLSK	4	Financial Services	880
CNOB	78	Financial Services	880
CVBF	91	Financial Services	880
DANSKE.CO	26	Financial Services	880
LOLB.CO	86	Financial Services	880
DJUR.CO	75	Financial Services	880
SKJE.CO	75	Financial Services	880
ALANSARI.AE	11	Financial Services	880
SHUAA.AE	10	Financial Services	880
EFSC	40	Financial Services	880
ECPG	96	Financial Services	880
EHTH	40	Financial Services	880
FBNC	75	Financial Services	880
EMIRATESNBD.AE	70	Financial Services	880
FCNCA	82	Financial Services	880
FIGR	89	Financial Services	880
FRBT	70	Financial Services	880
FSBW	45	Financial Services	880
93M1.DE	98	Financial Services	880
ADE.DE	2	Financial Services	880
CBK.DE	51	Financial Services	880
DB1.DE	51	Financial Services	880
EBO.DE	63	Financial Services	880
FRS.DE	4	Financial Services	880
IPOK.DE	2	Financial Services	880
LUS1.DE	40	Financial Services	880
M3B0.DE	16	Financial Services	880
MLP.DE	75	Financial Services	880
NBG6.DE	70	Financial Services	880
MBK.DE	22	Financial Services	880
PCZ.DE	57	Financial Services	880
MWB0.DE	95	Financial Services	880
PZS.DE	70	Financial Services	880
NF4.DE	22	Financial Services	880
MUV2.DE	13	Financial Services	880
UN9.DE	63	Financial Services	880
GBDC	11	Financial Services	880
GSBC	51	Financial Services	880
GLXY	33	Financial Services	880
GABC	70	Financial Services	880
HAFC	70	Financial Services	880
HBNC	40	Financial Services	880
HFWA	75	Financial Services	880
HIVE	19	Financial Services	880
HAPN	70	Financial Services	880
HWC	57	Financial Services	880
HLNE	89	Financial Services	880
ALBAV.HE	10	Financial Services	880
HOPE	57	Financial Services	880
CAPMAN.HE	40	Financial Services	880
EVLI.HE	70	Financial Services	880
OMASP.HE	45	Financial Services	880
TAALA.HE	99	Financial Services	880
00966.HK	96	Financial Services	880
01336.HK	98	Financial Services	880
06886.HK	99	Financial Services	880
0939.HK	63	Financial Services	880
1339.HK	45	Financial Services	880
1456.HK	70	Financial Services	880
2318.HK	40	Financial Services	880
2799.HK	19	Financial Services	880
3958.HK	98	Financial Services	880
2628.HK	57	Financial Services	880
6178.HK	95	Financial Services	880
3988.HK	33	Financial Services	880
6066.HK	63	Financial Services	880
6806.HK	91	Financial Services	880
IBCP	75	Financial Services	880
IEAG	2	Financial Services	880
IBOC	40	Financial Services	880
IREN	7	Financial Services	880
ITIC	95	Financial Services	880
LIFE	70	Financial Services	880
PHR.LS	6	Financial Services	880
BARC.L	16	Financial Services	880
CSN.L	19	Financial Services	880
CHRY.L	3	Financial Services	880
FCH.L	96	Financial Services	880
FEML.L	82	Financial Services	880
HSD.L	26	Financial Services	880
IPF.L	26	Financial Services	880
JTC.L	6	Financial Services	880
KLSO.L	70	Financial Services	880
LGEN.L	10	Financial Services	880
IGG.L	31	Financial Services	880
MAB1.L	19	Financial Services	880
MTRO.L	33	Financial Services	880
LRE.L	70	Financial Services	880
OSB.L	16	Financial Services	880
MNG.L	13	Financial Services	880
POLN.L	89	Financial Services	880
SBRE.L	63	Financial Services	880
SEQI.L	1	Financial Services	880
SDLF.L	13	Financial Services	880
SIHL.L	1	Financial Services	880
STAN.L	75	Financial Services	880
TBCG.L	10	Financial Services	880
TERN.L	2	Financial Services	880
MCBS	78	Financial Services	880
MKTX	57	Financial Services	880
MRX	97	Financial Services	880
MTC	2	Financial Services	880
MVBF	78	Financial Services	880
MORN	93	Financial Services	880
BKT.MC	75	Financial Services	880
LDA.MC	86	Financial Services	880
UNI.MC	31	Financial Services	880
BMPS.MI	63	Financial Services	880
FBK.MI	45	Financial Services	880
NMFC	26	Financial Services	880
NBTB	57	Financial Services	880
AEXA	2	Financial Services	880
AGO	63	Financial Services	880
AIG	33	Financial Services	880
AJG	51	Financial Services	880
AMG	97	Financial Services	880
AMP.US	96	Financial Services	880
ARES	26	Financial Services	880
APO	89	Financial Services	880
BBD	31	Financial Services	880
BBT	31	Financial Services	880
BAC	82	Financial Services	880
BAP	93	Financial Services	880
BEN	89	Financial Services	880
BCSF	26	Financial Services	880
BCH.US	26	Financial Services	880
BFH	82	Financial Services	880
BNS	57	Financial Services	880
BRO	70	Financial Services	880
BKU	22	Financial Services	880
BSAC	24	Financial Services	880
BUR	8	Financial Services	880
CFG	78	Financial Services	880
CIB	78	Financial Services	880
CBAN	82	Financial Services	880
CNA	13	Financial Services	880
COF	70	Financial Services	880
CRBG	57	Financial Services	880
CNS	86	Financial Services	880
CUBI	57	Financial Services	880
ENVA	78	Financial Services	880
EQBK	63	Financial Services	880
ESNT	97	Financial Services	880
FAF	51	Financial Services	880
FBP	78	Financial Services	880
FLG	31	Financial Services	880
FCF	45	Financial Services	880
FHN	40	Financial Services	880
GBCI	31	Financial Services	880
GS	89	Financial Services	880
HIG	82	Financial Services	880
HDB	45	Financial Services	880
HGTY	78	Financial Services	880
HIPO	75	Financial Services	880
HSBC	51	Financial Services	880
IX	91	Financial Services	880
HTGC	22	Financial Services	880
KEY	40	Financial Services	880
LMND	8	Financial Services	880
KWY	19	Financial Services	880
LYG	75	Financial Services	880
MA	95	Financial Services	880
MC	78	Financial Services	880
MCY	82	Financial Services	880
MKL	63	Financial Services	880
MS	97	Financial Services	880
MSDL	26	Financial Services	880
NOAH	40	Financial Services	880
NMR.US	86	Financial Services	880
MUFG	63	Financial Services	880
NWG	70	Financial Services	880
OBDC	13	Financial Services	880
OPFI	63	Financial Services	880
OPY	63	Financial Services	880
PB	45	Financial Services	880
PFSI	10	Financial Services	880
PNFP	70	Financial Services	880
PRI	82	Financial Services	880
PIPR	86	Financial Services	880
RY	40	Financial Services	880
SCHW	86	Financial Services	880
RPC.US	78	Financial Services	880
SFBS	57	Financial Services	880
SBSI	19	Financial Services	880
SLF	31	Financial Services	880
SMBK	78	Financial Services	880
SCM	13	Financial Services	880
SPNT	91	Financial Services	880
SPGI	51	Financial Services	880
SSB	75	Financial Services	880
STT	82	Financial Services	880
TD	57	Financial Services	880
SYF	70	Financial Services	880
TPVG	13	Financial Services	880
TRV	57	Financial Services	880
TSLX	40	Financial Services	880
TMP	78	Financial Services	880
UWMC	2	Financial Services	880
VOYA.US	57	Financial Services	880
WF	86	Financial Services	880
OCSL	22	Financial Services	880
OBT	86	Financial Services	880
WU	10	Financial Services	880
OZK	13	Financial Services	880
CNDA	0	Financial Services	880
EVCO	6	Financial Services	880
SBNY	95	Financial Services	880
STB.OL	99	Financial Services	880
SICP	45	Financial Services	880
PFIS	86	Financial Services	880
PAX	24	Financial Services	880
PMTS	98	Financial Services	880
PLMR	70	Financial Services	880
ABCA.PA	100	Financial Services	880
PRAA	89	Financial Services	880
PSEC	31	Financial Services	880
CIV.PA	75	Financial Services	880
BNP.PA	78	Financial Services	880
CRSU.PA	51	Financial Services	880
CRAP.PA	40	Financial Services	880
ENX.PA	82	Financial Services	880
PEUG.PA	91	Financial Services	880
RF.PA	19	Financial Services	880
RBB	82	Financial Services	880
RILY	51	Financial Services	880
SBET	5	Financial Services	880
SEZL	95	Financial Services	880
SIGI	24	Financial Services	880
SLRC	51	Financial Services	880
STBA	63	Financial Services	880
SRCE	86	Financial Services	880
HOFI.ST	86	Financial Services	880
INDU-A.ST	91	Financial Services	880
INTRUM.ST	33	Financial Services	880
SHB-A.ST	11	Financial Services	880
SWED-A.ST	26	Financial Services	880
ROKOb.ST	63	Financial Services	880
AMP.ASX	51	Financial Services	880
AUB.ASX	31	Financial Services	880
PPT.ASX	16	Financial Services	880
SUN.ASX	16	Financial Services	880
WBC.ASX	5	Financial Services	880
TCBI	57	Financial Services	880
TFSL	26	Financial Services	880
TIPT	10	Financial Services	880
TRMK	51	Financial Services	880
TRUP	31	Financial Services	880
TROW	70	Financial Services	880
TSBK	70	Financial Services	880
TW	51	Financial Services	880
TOWN	31	Financial Services	880
6178.T	22	Financial Services	880
7186.T	63	Financial Services	880
8304.T	91	Financial Services	880
8252.T	70	Financial Services	880
8309.T	63	Financial Services	880
8601.T	93	Financial Services	880
8697.T	4	Financial Services	880
8354.T	70	Financial Services	880
8766.T	45	Financial Services	880
UPST	8	Financial Services	880
UFCS	89	Financial Services	880
UBSI	70	Financial Services	880
VABK	86	Financial Services	880
WASH	45	Financial Services	880
UMBF	63	Financial Services	880
WSFS	70	Financial Services	880
WABC	45	Financial Services	880
WTFC	51	Financial Services	880
XP	93	Financial Services	880
WSBF	63	Financial Services	880
BAER.ZU	82	Financial Services	880
SQN.ZU	40	Financial Services	880
UBSG.ZU	63	Financial Services	880
ZURN.ZU	22	Financial Services	880
AFRM	82	Financial Services	880
AROW	70	Financial Services	880
ABN.NV	57	Financial Services	880
AGN.NV	22	Financial Services	880
CVC.NV	91	Financial Services	880
FLOW.NV	82	Financial Services	880
INGA.NV	89	Financial Services	880
NEDSE.NV	16	Financial Services	880
REINA.NV	16	Financial Services	880
BCML	40	Financial Services	880
BHRB	63	Financial Services	880
VLK.NV	75	Financial Services	880
BFST	75	Financial Services	880
BOKF	33	Financial Services	880
BUSE	40	Financial Services	880
BWIN	13	Financial Services	880
BNB.BR	16	Financial Services	880
GBLB.BR	45	Financial Services	880
SOF.BR	51	Financial Services	880
CACC	57	Financial Services	880
CARE	57	Financial Services	880
CCB	8	Financial Services	880
CASH	31	Financial Services	880
CBSH	70	Financial Services	880
CFFN	57	Financial Services	880
CHCO	51	Financial Services	880
CATY	51	Financial Services	880
COLB	70	Financial Services	880
CSWC	24	Financial Services	880
CTBI	78	Financial Services	880
CYPH	31	Financial Services	880
ALMB.CO	19	Financial Services	880
FOBANK.CO	51	Financial Services	880
KRE.CO	45	Financial Services	880
MNBA.CO	40	Financial Services	880
LUXORb.CO	40	Financial Services	880
RILBA.CO	31	Financial Services	880
AMANAT.AE	75	Financial Services	880
CBD.AE	22	Financial Services	880
DFM.AE	100	Financial Services	880
EBC	51	Financial Services	880
EGBN	40	Financial Services	880
ETOR	31	Financial Services	880
ESQ	75	Financial Services	880
EZPW	89	Financial Services	880
FFBC	70	Financial Services	880
FHB	45	Financial Services	880
FMBH	86	Financial Services	880
FRME	45	Financial Services	880
FRST	57	Financial Services	880
FULT	63	Financial Services	880
A7A.DE	2	Financial Services	880
B7E.DE	24	Financial Services	880
ALV.DE	40	Financial Services	880
BWB.DE	22	Financial Services	880
CRZK.DE	100	Financial Services	880
DFTK.DE	22	Financial Services	880
DBAN.DE	19	Financial Services	880
DWS.DE	89	Financial Services	880
FTK.DE	78	Financial Services	880
HNR1.DE	45	Financial Services	880
HYQ.DE	45	Financial Services	880
JDC.DE	19	Financial Services	880
LQAG.DE	19	Financial Services	880
MUX.DE	7	Financial Services	880
N4G0.DE	6	Financial Services	880
QB7.DE	45	Financial Services	880
RAW.DE	40	Financial Services	880
SB1.DE	6	Financial Services	880
TLX.DE	51	Financial Services	880
XTP.DE	11	Financial Services	880
GAIN	22	Financial Services	880
GCMG	96	Financial Services	880
GGAL	10	Financial Services	880
GLRE	31	Financial Services	880
GSHD	40	Financial Services	880
HBT	86	Financial Services	880
HIFS	51	Financial Services	880
HSPOF	1	Financial Services	880
HRZN	13	Financial Services	880
ALEX.HE	91	Financial Services	880
EQV1V.HE	70	Financial Services	880
SAMPO.HE	82	Financial Services	880
02388.HK	40	Financial Services	880
03908.HK	99	Financial Services	880
06060.HK	19	Financial Services	880
0998.HK	63	Financial Services	880
1288.HK	57	Financial Services	880
1398.HK	24	Financial Services	880
1658.HK	19	Financial Services	880
1776.HK	96	Financial Services	880
1988.HK	40	Financial Services	880
2016.HK	45	Financial Services	880
2328.HK	40	Financial Services	880
2611.HK	57	Financial Services	880
3618.HK	45	Financial Services	880
3968.HK	75	Financial Services	880
6099.HK	75	Financial Services	880
6030.HK	86	Financial Services	880
6818.HK	51	Financial Services	880
IGIC	51	Financial Services	880
INBK	63	Financial Services	880
INTR	57	Financial Services	880
INV.US	5	Financial Services	880
ISRLF	2	Financial Services	880
JRVR	31	Financial Services	880
KRNY	57	Financial Services	880
LKFN	24	Financial Services	880
LPLA.US	70	Financial Services	880
ADM.L	45	Financial Services	880
AJB.L	70	Financial Services	880
ASHM.L	19	Financial Services	880
AV.L	33	Financial Services	880
AXB.L	51	Financial Services	880
BEZ.L	7	Financial Services	880
BRK.L	11	Financial Services	880
CBG.L	6	Financial Services	880
HSBA.L	26	Financial Services	880
IHP.L	70	Financial Services	880
ICG.L	57	Financial Services	880
INPP.L	22	Financial Services	880
JUP.L	95	Financial Services	880
IPO.L	86	Financial Services	880
LLOY.L	33	Financial Services	880
LIO.L	63	Financial Services	880
LSEG.L	40	Financial Services	880
OMU.L	16	Financial Services	880
PLUS.L	70	Financial Services	880
RAT.L	26	Financial Services	880
REC.L	70	Financial Services	880
STB.L	40	Financial Services	880
TCAP.L	40	Financial Services	880
VOF.L	82	Financial Services	880
LIT.L	16	Financial Services	880
PGH.L	89	Financial Services	880
POLR.L	96	Financial Services	880
TAM.L	78	Financial Services	880
MARA	0	Financial Services	880
MBIN	86	Financial Services	880
MBWM	70	Financial Services	880
MFIC	6	Financial Services	880
MSBI	45	Financial Services	880
CABK.MC	57	Financial Services	880
SAB.MC	24	Financial Services	880
BGN.MI	75	Financial Services	880
BPE.MI	93	Financial Services	880
MB.MI	31	Financial Services	880
UCG.MI	57	Financial Services	880
NBN	75	Financial Services	880
NECB	75	Financial Services	880
NMIH	93	Financial Services	880
NEWT.US	45	Financial Services	880
NRIM	57	Financial Services	880
NSLR	16	Financial Services	880
NTRS	70	Financial Services	880
NWBI	40	Financial Services	880
AGBK	86	Financial Services	880
AFG	89	Financial Services	880
ALLY	63	Financial Services	880
APAM	57	Financial Services	880
AON	63	Financial Services	880
AUB	40	Financial Services	880
AXP	95	Financial Services	880
BBDC	24	Financial Services	880
BAM	78	Financial Services	880
BHB	70	Financial Services	880
BLK	97	Financial Services	880
BLX	19	Financial Services	880
BMNR	7	Financial Services	880
BN.US	57	Financial Services	880
BSBR	26	Financial Services	880
BXSL	33	Financial Services	880
CBU	19	Financial Services	880
CFR	78	Financial Services	880
CPF	57	Financial Services	880
DB	45	Financial Services	880
DBRG	91	Financial Services	880
EQH	40	Financial Services	880
EVR	96	Financial Services	880
FG	13	Financial Services	880
FDS	63	Financial Services	880
FINV	75	Financial Services	880
FITB	45	Financial Services	880
FNF	40	Financial Services	880
GDOT	10	Financial Services	880
GNW	63	Financial Services	880
GSBD	5	Financial Services	880
HASI	40	Financial Services	880
HCI	99	Financial Services	880
HLI	51	Financial Services	880
HOMB	63	Financial Services	880
HTH	57	Financial Services	880
IFS	75	Financial Services	880
ITUB	33	Financial Services	880
JPM	75	Financial Services	880
KB	75	Financial Services	880
KKR	63	Financial Services	880
LAZ	19	Financial Services	880
L	82	Financial Services	880
LDI	3	Financial Services	880
LU	8	Financial Services	880
MAIN	19	Financial Services	880
MCB	26	Financial Services	880
MCO	98	Financial Services	880
MFC	86	Financial Services	880
MIAX	89	Financial Services	880
MET.US	97	Financial Services	880
MRSH	75	Financial Services	880
MTB	40	Financial Services	880
MTG	75	Financial Services	880
NBHC	26	Financial Services	880
NIC	70	Financial Services	880
NNI	33	Financial Services	880
NTB	75	Financial Services	880
NU	89	Financial Services	880
OBK	86	Financial Services	880
OMF	51	Financial Services	880
OTF	16	Financial Services	880
PJT	91	Financial Services	880
PUK	31	Financial Services	880
PRU	31	Financial Services	880
RF	33	Financial Services	880
RJF	89	Financial Services	880
RNR	89	Financial Services	880
RYAN	26	Financial Services	880
STC	78	Financial Services	880
TFC	45	Financial Services	880
THG	31	Financial Services	880
UBS	57	Financial Services	880
UNM	45	Financial Services	880
V	93	Financial Services	880
UVE	93	Financial Services	880
VRTS	31	Financial Services	880
WFC	70	Financial Services	880
WRB.US	31	Financial Services	880
OCFC	26	Financial Services	880
XZO	93	Financial Services	880
OFS	22	Financial Services	880
OVLY	82	Financial Services	880
BTMCQ	19	Financial Services	880
GDST	4	Financial Services	880
IVCAF	1	Financial Services	880
SFGYY	40	Financial Services	880
SLAMF	0	Financial Services	880
PEBO	75	Financial Services	880
PFBC	86	Financial Services	880
PFLT	16	Financial Services	880
PWP	31	Financial Services	880
ALBON.PA	51	Financial Services	880
AMUN.PA	78	Financial Services	880
BSD.PA	93	Financial Services	880
COFA.PA	63	Financial Services	880
CMO.PA	51	Financial Services	880
CRAV.PA	70	Financial Services	880
CRLA.PA	70	Financial Services	880
CRTO.PA	75	Financial Services	880
SCR.PA	33	Financial Services	880
VIL.PA	40	Financial Services	880
QFIN	40	Financial Services	880
RENEF	1	Financial Services	880
RIOT	7	Financial Services	880
ROOT	57	Financial Services	880
SAMG	16	Financial Services	880
SFNC	24	Financial Services	880
SKWD	96	Financial Services	880
SNEX	86	Financial Services	880
SMBC	70	Financial Services	880
STEP	8	Financial Services	880
SYBT	57	Financial Services	880
INVE-A.ST	95	Financial Services	880
NORION.ST	40	Financial Services	880
SHBB.ST	6	Financial Services	880
BOQ.ASX	6	Financial Services	880
BEN.ASX	5	Financial Services	880
CGF.ASX	86	Financial Services	880
CBA.ASX	2	Financial Services	880
CPU.ASX	63	Financial Services	880
IAG.ASX	33	Financial Services	880
MFG.ASX	31	Financial Services	880
MPL.ASX	57	Financial Services	880
PNI.ASX	45	Financial Services	880
SDF.ASX	40	Financial Services	880
TCBK	63	Financial Services	880
TCPC	11	Financial Services	880
TIGR	51	Financial Services	880
TPG	31	Financial Services	880
TOP.US	3	Financial Services	880
5831.T	45	Financial Services	880
8253.T	91	Financial Services	880
8316.T	91	Financial Services	880
8411.T	70	Financial Services	880
8306.T	82	Financial Services	880
8604.T	82	Financial Services	880
8725.T	82	Financial Services	880
8795.T	70	Financial Services	880
VINP	82	Financial Services	880
VCTR	100	Financial Services	880
VRM	63	Financial Services	880
WAFD	26	Financial Services	880
WRLD	93	Financial Services	880
WHF	24	Financial Services	880
WTW	57	Financial Services	880
ZION	33	Financial Services	880
ADV	35	Communication Services	324
ANGI	25	Communication Services	324
APP	66	Communication Services	324
ATEX	48	Communication Services	324
ATNI	99	Communication Services	324
BNJ.NV	54	Communication Services	324
KPN.NV	54	Communication Services	324
BIDU	31	Communication Services	324
PROX.BR	90	Communication Services	324
CARG	98	Communication Services	324
CDLX	20	Communication Services	324
CHTR	28	Communication Services	324
CMCSA	44	Communication Services	324
CRTO	82	Communication Services	324
DOYU	23	Communication Services	324
ECHO	40	Communication Services	324
FWONK	54	Communication Services	324
APM.DE	71	Communication Services	324
BST.DE	59	Communication Services	324
C1V0.DE	10	Communication Services	324
CLIQ.DE	40	Communication Services	324
E4C.DE	75	Communication Services	324
GOOG.EUR	99	Communication Services	324
LSX.DE	48	Communication Services	324
PSM.DE	20	Communication Services	324
RRTL.DE	25	Communication Services	324
TGTA.DE	25	Communication Services	324
YOC.DE	12	Communication Services	324
GLIBA	82	Communication Services	324
GOGO	31	Communication Services	324
GOOGL	100	Communication Services	324
GSAT	48	Communication Services	324
ELISA.HE	54	Communication Services	324
0728.HK	31	Communication Services	324
9888.HK	40	Communication Services	324
IHRT	28	Communication Services	324
788.HK	98	Communication Services	324
IRDM	95	Communication Services	324
IZEA	12	Communication Services	324
LBRDK	10	Communication Services	324
LILAK	59	Communication Services	324
IPR.LS	40	Communication Services	324
BMY.L	90	Communication Services	324
FUTR.L	28	Communication Services	324
RCH.L	20	Communication Services	324
SNWS.L	75	Communication Services	324
GFIN.L	1	Communication Services	324
LBG.L	54	Communication Services	324
MGNI	98	Communication Services	324
MOMO	75	Communication Services	324
NBIS	54	Communication Services	324
NEXN	85	Communication Services	324
NTES	71	Communication Services	324
NXST	93	Communication Services	324
NWSA	85	Communication Services	324
AMX	48	Communication Services	324
ANGX	14	Communication Services	324
BCE	61	Communication Services	324
DV	59	Communication Services	324
FIRY	20	Communication Services	324
FVRR	66	Communication Services	324
FUBO	6	Communication Services	324
GETY	54	Communication Services	324
GTN	40	Communication Services	324
HUYA.US	44	Communication Services	324
LYV	40	Communication Services	324
MANU	3	Communication Services	324
MCS.US	71	Communication Services	324
META.24-7	98	Communication Services	324
MSGE	82	Communication Services	324
NMAX	35	Communication Services	324
OPTU	3	Communication Services	324
PHI	98	Communication Services	324
PINS	48	Communication Services	324
TELFY	3	Communication Services	324
TKO	54	Communication Services	324
TU	6	Communication Services	324
TDS	43	Communication Services	324
VZ	54	Communication Services	324
WLY	66	Communication Services	324
TEL.OL	75	Communication Services	324
PSKY	15	Communication Services	324
ALBLD.PA	93	Communication Services	324
ALDNE.PA	12	Communication Services	324
ALUNI.PA	94	Communication Services	324
ALXIL.PA	25	Communication Services	324
BOL.PA	12	Communication Services	324
GAM.PA	90	Communication Services	324
NACON.PA	59	Communication Services	324
MMT.PA	35	Communication Services	324
NRG.PA	82	Communication Services	324
ORA.PA	61	Communication Services	324
SCHL	54	Communication Services	324
SIRI	48	Communication Services	324
STGW	75	Communication Services	324
SSP.US	28	Communication Services	324
HEM.ST	85	Communication Services	324
SF.ST	82	Communication Services	324
ABB.ASX	59	Communication Services	324
NEC.ASX	35	Communication Services	324
TPG.ASX	23	Communication Services	324
TLS.ASX	23	Communication Services	324
TEAD	6	Communication Services	324
TTD	35	Communication Services	324
6098.T	66	Communication Services	324
9434.T	90	Communication Services	324
9602.T	90	Communication Services	324
UONE	54	Communication Services	324
UPXI	7	Communication Services	324
WBD	15	Communication Services	324
ZD	82	Communication Services	324
Z	48	Communication Services	324
CCOI	7	Communication Services	324
NORTHM.CO	71	Communication Services	324
PARKEN.CO	93	Communication Services	324
DU.AE	75	Communication Services	324
FOX.US	77	Communication Services	324
1U1.DE	71	Communication Services	324
BVB.DE	25	Communication Services	324
DTE.DE	71	Communication Services	324
EVD.DE	82	Communication Services	324
ITN.DE	2	Communication Services	324
KA8.DE	75	Communication Services	324
HTG.DE	54	Communication Services	324
SAX.DE	44	Communication Services	324
SYZ.DE	14	Communication Services	324
VXT.DE	18	Communication Services	324
WIG1.DE	3	Communication Services	324
GLIBK	85	Communication Services	324
GRPN	14	Communication Services	324
GRVY	75	Communication Services	324
REMEDY.HE	28	Communication Services	324
0434.HK	31	Communication Services	324
1024.HK	43	Communication Services	324
1698.HK	75	Communication Services	324
9626.HK	66	Communication Services	324
JOYY	82	Communication Services	324
IQ.US	10	Communication Services	324
LBTYA	40	Communication Services	324
AAF.L	94	Communication Services	324
AUTO.L	71	Communication Services	324
CAN.L	35	Communication Services	324
INF.L	35	Communication Services	324
ITV.L	35	Communication Services	324
MONY.L	82	Communication Services	324
RMV.L	77	Communication Services	324
STVG.L	2	Communication Services	324
VOD.L	43	Communication Services	324
WPP.L	7	Communication Services	324
EMAN.L	66	Communication Services	324
FDEV.L	94	Communication Services	324
GMR.L	59	Communication Services	324
MNY	12	Communication Services	324
MYPS	31	Communication Services	324
NRDS	59	Communication Services	324
AMC	20	Communication Services	324
CHT	90	Communication Services	324
DIS	59	Communication Services	324
EVC	40	Communication Services	324
GENI	14	Communication Services	324
IDT	95	Communication Services	324
MAX	75	Communication Services	324
LUMN	28	Communication Services	324
MSGS	23	Communication Services	324
NXDR	59	Communication Services	324
OMC	35	Communication Services	324
PSO	66	Communication Services	324
SNAP	31	Communication Services	324
T.US	48	Communication Services	324
TV	31	Communication Services	324
WPP	6	Communication Services	324
YELP	85	Communication Services	324
ZIP	43	Communication Services	324
NTDOY	31	Communication Services	324
QTTOY	7	Communication Services	324
PPLI	61	Communication Services	324
ALHOP.PA	28	Communication Services	324
ALINV.PA	6	Communication Services	324
ALKLA.PA	43	Communication Services	324
ALNXT.PA	54	Communication Services	324
ALWIN.PA	0	Communication Services	324
DEC.PA	95	Communication Services	324
EFG.PA	2	Communication Services	324
HCO.PA	20	Communication Services	324
IAM.PA	82	Communication Services	324
PRC.PA	31	Communication Services	324
TFI.PA	40	Communication Services	324
VANTI.PA	25	Communication Services	324
SESG.PA	35	Communication Services	324
UBI.PA	40	Communication Services	324
ROKU	85	Communication Services	324
RUM	18	Communication Services	324
COFFEEB.ST	90	Communication Services	324
EMBRACB.ST	59	Communication Services	324
SINCH.ST	54	Communication Services	324
OVZON.ST	90	Communication Services	324
STORYb.ST	82	Communication Services	324
TEL2B.ST	90	Communication Services	324
CAR.ASX	66	Communication Services	324
EVT.ASX	40	Communication Services	324
SEK.ASX	23	Communication Services	324
SPK.ASX	75	Communication Services	324
TOON	71	Communication Services	324
TIGO	59	Communication Services	324
TTWO	12	Communication Services	324
TZOO	23	Communication Services	324
3659.T	99	Communication Services	324
7974.T	25	Communication Services	324
9432.T	85	Communication Services	324
VSNT	71	Communication Services	324
WB	40	Communication Services	324
WBTN	28	Communication Services	324
WIMI	12	Communication Services	324
VOD	59	Communication Services	324
WMG	61	Communication Services	324
ZG	40	Communication Services	324
SMG.ZU	66	Communication Services	324
AMCX	43	Communication Services	324
HAVAS.NV	59	Communication Services	324
UMG.NV	18	Communication Services	324
BILI	43	Communication Services	324
BMBL	66	Communication Services	324
BZ	77	Communication Services	324
KIN.BR	93	Communication Services	324
OBEL.BR	75	Communication Services	324
GYLDb.CO	54	Communication Services	324
FOXA	77	Communication Services	324
FWONA	66	Communication Services	324
G24.DE	48	Communication Services	324
EDL.DE	93	Communication Services	324
FNTN.DE	20	Communication Services	324
HLG.DE	18	Communication Services	324
META.EUR	98	Communication Services	324
UTDI.DE	48	Communication Services	324
GOOG	99	Communication Services	324
ILKKA.HE	10	Communication Services	324
0700.HK	85	Communication Services	324
0762.HK	31	Communication Services	324
0941.HK	35	Communication Services	324
3888.HK	71	Communication Services	324
9999.HK	71	Communication Services	324
KYIV	90	Communication Services	324
LBTYK	54	Communication Services	324
LFTO	90	Communication Services	324
LILA	90	Communication Services	324
NOS.LS	85	Communication Services	324
SNC.LS	6	Communication Services	324
ATG.L	71	Communication Services	324
HTWS.L	95	Communication Services	324
PSON.L	54	Communication Services	324
ZEG.L	93	Communication Services	324
NAH.L	93	Communication Services	324
SAA.L	48	Communication Services	324
TIG.L	18	Communication Services	324
META	98	Communication Services	324
MTCH	98	Communication Services	324
TEF.MC	23	Communication Services	324
TIT.MI	43	Communication Services	324
RWAY.MI	61	Communication Services	324
NFLX	59	Communication Services	324
AD	28	Communication Services	324
CABO	23	Communication Services	324
CARS	61	Communication Services	324
CNK	75	Communication Services	324
GOOG.24-7	90	Communication Services	324
IMAX	93	Communication Services	324
KT	93	Communication Services	324
NYT	94	Communication Services	324
RBLX	14	Communication Services	324
RDDT	71	Communication Services	324
RCI	77	Communication Services	324
SEAT	10	Communication Services	324
SPHR	48	Communication Services	324
SPOT	77	Communication Services	324
SSTK	59	Communication Services	324
STUB	28	Communication Services	324
TDAY	54	Communication Services	324
TEO	66	Communication Services	324
TKC	48	Communication Services	324
TLK	40	Communication Services	324
TIMB	44	Communication Services	324
TME	71	Communication Services	324
VIV.US	40	Communication Services	324
ZH	14	Communication Services	324
OPRA	82	Communication Services	324
ORANY	98	Communication Services	324
PERI	40	Communication Services	324
PLAY	6	Communication Services	324
PLTK	43	Communication Services	324
ALATA.PA	18	Communication Services	324
ALBIZ.PA	18	Communication Services	324
ALDUX.PA	10	Communication Services	324
ALECP.PA	14	Communication Services	324
ALFUM.PA	10	Communication Services	324
ALPUL.PA	66	Communication Services	324
ALQWA.PA	10	Communication Services	324
DKUPL.PA	31	Communication Services	324
DEEZR.PA	54	Communication Services	324
ETL.PA	43	Communication Services	324
PUB.PA	66	Communication Services	324
VIV.PA	7	Communication Services	324
QNST	94	Communication Services	324
SBGI	54	Communication Services	324
SHEN	15	Communication Services	324
SJ	20	Communication Services	324
SURG	6	Communication Services	324
HACK.ST	82	Communication Services	324
MTGb.ST	82	Communication Services	324
TELIA.ST	59	Communication Services	324
CNU.ASX	66	Communication Services	324
NWS.ASX	71	Communication Services	324
REA.ASX	82	Communication Services	324
TBLA	77	Communication Services	324
TMUS	71	Communication Services	324
TRVG	93	Communication Services	324
4324.T	71	Communication Services	324
4751.T	59	Communication Services	324
9433.T	85	Communication Services	324
9984.T	12	Communication Services	324
9766.T	100	Communication Services	324
UPWK	75	Communication Services	324
VEON	82	Communication Services	324
WSHP	1	Communication Services	324
SCMN.ZU	18	Communication Services	324
AFYA	93	Consumer Defensive	310
ALCO	18	Consumer Defensive	310
AD.NV	11	Consumer Defensive	310
HEIA.NV	46	Consumer Defensive	310
MICC.NV	70	Consumer Defensive	310
UNA.NV	26	Consumer Defensive	310
SLIGR.NV	54	Consumer Defensive	310
COMB.BR	93	Consumer Defensive	310
LOTB.BR	37	Consumer Defensive	310
ONTEX.BR	66	Consumer Defensive	310
CALM	5	Consumer Defensive	310
CELH	90	Consumer Defensive	310
CPB	19	Consumer Defensive	310
CARLB.CO	85	Consumer Defensive	310
HARBb.CO	22	Consumer Defensive	310
DNUT	6	Consumer Defensive	310
TAALEEM.AE	75	Consumer Defensive	310
ERC.AE	10	Consumer Defensive	310
FRPT	46	Consumer Defensive	310
BEZ.DE	22	Consumer Defensive	310
HAW.DE	66	Consumer Defensive	310
HFG.DE	6	Consumer Defensive	310
SZU.DE	54	Consumer Defensive	310
OLVAS.HE	95	Consumer Defensive	310
RAIVV.HE	60	Consumer Defensive	310
SANOMA.HE	54	Consumer Defensive	310
SUY1V.HE	10	Consumer Defensive	310
TOKMAN.HE	22	Consumer Defensive	310
1044.HK	60	Consumer Defensive	310
1318.HK	86	Consumer Defensive	310
168.HK	90	Consumer Defensive	310
1876.HK	18	Consumer Defensive	310
6055.HK	75	Consumer Defensive	310
IPAR	81	Consumer Defensive	310
ISPR	11	Consumer Defensive	310
JBSS	60	Consumer Defensive	310
KHC	54	Consumer Defensive	310
LINC	46	Consumer Defensive	310
LOPE	97	Consumer Defensive	310
LWAY	60	Consumer Defensive	310
SON.LS	81	Consumer Defensive	310
AEP.L	97	Consumer Defensive	310
BAG.L	33	Consumer Defensive	310
DGE.L	26	Consumer Defensive	310
MHPC.L	60	Consumer Defensive	310
OCDO.L	33	Consumer Defensive	310
PFD.L	66	Consumer Defensive	310
RKT.L	30	Consumer Defensive	310
TATE.L	54	Consumer Defensive	310
MPE.L	97	Consumer Defensive	310
REVB.L	1	Consumer Defensive	310
SALT.L	0	Consumer Defensive	310
MZTI	54	Consumer Defensive	310
ACI	8	Consumer Defensive	310
BJ	33	Consumer Defensive	310
BRBR	46	Consumer Defensive	310
BUD	54	Consumer Defensive	310
COTY	2	Consumer Defensive	310
DAR	97	Consumer Defensive	310
DEO	37	Consumer Defensive	310
DOLE	54	Consumer Defensive	310
DG.US	81	Consumer Defensive	310
FC	22	Consumer Defensive	310
JBS	60	Consumer Defensive	310
LRN	75	Consumer Defensive	310
MICC.US	66	Consumer Defensive	310
NGVC	81	Consumer Defensive	310
PXED	95	Consumer Defensive	310
SYY	54	Consumer Defensive	310
TAP	33	Consumer Defensive	310
TGT	81	Consumer Defensive	310
TPB	60	Consumer Defensive	310
TSN	26	Consumer Defensive	310
UNFI	46	Consumer Defensive	310
UVV	18	Consumer Defensive	310
UTZ	30	Consumer Defensive	310
WMK	54	Consumer Defensive	310
ODD	8	Consumer Defensive	310
ASAIY	46	Consumer Defensive	310
MBRFY	37	Consumer Defensive	310
PPC	46	Consumer Defensive	310
ALFLE.PA	26	Consumer Defensive	310
ALLAN.PA	81	Consumer Defensive	310
ALKKO.PA	22	Consumer Defensive	310
ALPAU.PA	60	Consumer Defensive	310
ALODC.PA	81	Consumer Defensive	310
BN.PA	54	Consumer Defensive	310
LPE.PA	98	Consumer Defensive	310
MBWS.PA	14	Consumer Defensive	310
RCO.PA	37	Consumer Defensive	310
SBT.PA	75	Consumer Defensive	310
SNDL	10	Consumer Defensive	310
AXFO.ST	14	Consumer Defensive	310
ESSITYB.ST	60	Consumer Defensive	310
BGA.ASX	75	Consumer Defensive	310
ELD.ASX	26	Consumer Defensive	310
RIC.ASX	37	Consumer Defensive	310
2282.T	60	Consumer Defensive	310
2501.T	26	Consumer Defensive	310
4911.T	54	Consumer Defensive	310
VITL	6	Consumer Defensive	310
WALD	8	Consumer Defensive	310
XXII	6	Consumer Defensive	310
LISN.ZU	33	Consumer Defensive	310
NESN.ZU	14	Consumer Defensive	310
APEI	85	Consumer Defensive	310
AVO	66	Consumer Defensive	310
CCEP.NV	54	Consumer Defensive	310
FFARM.NV	81	Consumer Defensive	310
BYND	8	Consumer Defensive	310
ABI.BR	100	Consumer Defensive	310
SIP.BR	100	Consumer Defensive	310
CHEF	97	Consumer Defensive	310
RBREW.CO	75	Consumer Defensive	310
UIE.CO	75	Consumer Defensive	310
DLTR	70	Consumer Defensive	310
HEN.DE	85	Consumer Defensive	310
SWA.DE	54	Consumer Defensive	310
HNST	54	Consumer Defensive	310
ANORA.HE	66	Consumer Defensive	310
ATRAV.HE	30	Consumer Defensive	310
KESKOA.HE	14	Consumer Defensive	310
00322.HK	88	Consumer Defensive	310
1797.HK	70	Consumer Defensive	310
2367.HK	85	Consumer Defensive	310
6186.HK	75	Consumer Defensive	310
6969.HK	18	Consumer Defensive	310
IMKTA	88	Consumer Defensive	310
KDP	75	Consumer Defensive	310
LMNR.US	4	Consumer Defensive	310
ABF.L	19	Consumer Defensive	310
BNZL.L	54	Consumer Defensive	310
BME.L	30	Consumer Defensive	310
GNC.L	5	Consumer Defensive	310
FVA.L	70	Consumer Defensive	310
MICC.L	42	Consumer Defensive	310
IMB.L	46	Consumer Defensive	310
TSCO.L	22	Consumer Defensive	310
WIL.L	54	Consumer Defensive	310
W7L.L	54	Consumer Defensive	310
MDLZ	30	Consumer Defensive	310
DIA.MC	54	Consumer Defensive	310
ITM.MI	46	Consumer Defensive	310
NWL	26	Consumer Defensive	310
ABEV	88	Consumer Defensive	310
BF-B	95	Consumer Defensive	310
BG	81	Consumer Defensive	310
BTI	26	Consumer Defensive	310
CAG	10	Consumer Defensive	310
CHGG	66	Consumer Defensive	310
CL	75	Consumer Defensive	310
COUR	42	Consumer Defensive	310
CVSA	88	Consumer Defensive	310
ELF	86	Consumer Defensive	310
FMX	66	Consumer Defensive	310
GIS	5	Consumer Defensive	310
GNS.US	26	Consumer Defensive	310
GOTU	42	Consumer Defensive	310
HLF	85	Consumer Defensive	310
INGR	66	Consumer Defensive	310
KLC	14	Consumer Defensive	310
KOF	60	Consumer Defensive	310
KR	30	Consumer Defensive	310
KVUE	81	Consumer Defensive	310
MAGN	37	Consumer Defensive	310
MO	60	Consumer Defensive	310
NUS	66	Consumer Defensive	310
OFRM	18	Consumer Defensive	310
PM	86	Consumer Defensive	310
PRMB	37	Consumer Defensive	310
SAM	30	Consumer Defensive	310
SPB	90	Consumer Defensive	310
TAL	95	Consumer Defensive	310
TBBB	19	Consumer Defensive	310
UL.US	33	Consumer Defensive	310
USFD	75	Consumer Defensive	310
UTI	54	Consumer Defensive	310
OLLI	33	Consumer Defensive	310
BIGGQ	18	Consumer Defensive	310
PEP	42	Consumer Defensive	310
PSMT	46	Consumer Defensive	310
ALAGR.PA	81	Consumer Defensive	310
ALAVI.PA	66	Consumer Defensive	310
ALECO.PA	4	Consumer Defensive	310
ALRPD.PA	4	Consumer Defensive	310
BB.PA	90	Consumer Defensive	310
COTY.PA	8	Consumer Defensive	310
BON.PA	42	Consumer Defensive	310
CO.PA	60	Consumer Defensive	310
JBOG.PA	26	Consumer Defensive	310
SFM	30	Consumer Defensive	310
SENEA	90	Consumer Defensive	310
SKIN	60	Consumer Defensive	310
SUJA	91	Consumer Defensive	310
STRA	81	Consumer Defensive	310
AAK.ST	54	Consumer Defensive	310
ZZb.ST	98	Consumer Defensive	310
COL.ASX	18	Consumer Defensive	310
ING.ASX	26	Consumer Defensive	310
IEL.ASX	37	Consumer Defensive	310
MTS.ASX	22	Consumer Defensive	310
WOW.ASX	18	Consumer Defensive	310
2871.T	81	Consumer Defensive	310
2002.T	66	Consumer Defensive	310
2502.T	95	Consumer Defensive	310
4452.T	93	Consumer Defensive	310
3382.T	37	Consumer Defensive	310
2801.T	42	Consumer Defensive	310
WEST	18	Consumer Defensive	310
ANDE	85	Consumer Defensive	310
HEIO.NV	93	Consumer Defensive	310
COLR.BR	85	Consumer Defensive	310
COCO	91	Consumer Defensive	310
COST	70	Consumer Defensive	310
FFARMS.CO	4	Consumer Defensive	310
SPINNEYS.AE	85	Consumer Defensive	310
FIZZ	42	Consumer Defensive	310
BEI.DE	37	Consumer Defensive	310
GTK.DE	14	Consumer Defensive	310
HEN3.DE	42	Consumer Defensive	310
LEI.DE	26	Consumer Defensive	310
VEZ.DE	18	Consumer Defensive	310
GO	19	Consumer Defensive	310
HAIN	1	Consumer Defensive	310
HELE	42	Consumer Defensive	310
APETIT.HE	22	Consumer Defensive	310
HKFOODS.HE	81	Consumer Defensive	310
KESKOB.HE	14	Consumer Defensive	310
02319.HK	90	Consumer Defensive	310
1317.HK	93	Consumer Defensive	310
151.HK	99	Consumer Defensive	310
288.HK	18	Consumer Defensive	310
291.HK	99	Consumer Defensive	310
9633.HK	81	Consumer Defensive	310
9901.HK	88	Consumer Defensive	310
JJSF	75	Consumer Defensive	310
KMB	26	Consumer Defensive	310
LAUR	93	Consumer Defensive	310
BATS.L	33	Consumer Defensive	310
CCH.L	85	Consumer Defensive	310
CWK.L	81	Consumer Defensive	310
PZC.L	70	Consumer Defensive	310
SBRY.L	18	Consumer Defensive	310
ULVR.L	33	Consumer Defensive	310
MCB.L	86	Consumer Defensive	310
CAM.L	30	Consumer Defensive	310
FEVR.L	37	Consumer Defensive	310
NICL.L	81	Consumer Defensive	310
WINE.L	30	Consumer Defensive	310
MAMA	66	Consumer Defensive	310
MGPI	42	Consumer Defensive	310
MNST	99	Consumer Defensive	310
CPR.MI	97	Consumer Defensive	310
ICOS.MI	86	Consumer Defensive	310
NAGE	54	Consumer Defensive	310
NATR	81	Consumer Defensive	310
ADM	85	Consumer Defensive	310
AGRO	95	Consumer Defensive	310
BGS	46	Consumer Defensive	310
BRCC	54	Consumer Defensive	310
CCEP	46	Consumer Defensive	310
CCU	11	Consumer Defensive	310
CHD	46	Consumer Defensive	310
CLX	18	Consumer Defensive	310
DMC	6	Consumer Defensive	310
EDU	98	Consumer Defensive	310
EL	70	Consumer Defensive	310
EPC	70	Consumer Defensive	310
FLO	14	Consumer Defensive	310
HSY	70	Consumer Defensive	310
HRL	54	Consumer Defensive	310
KO	97	Consumer Defensive	310
LW	70	Consumer Defensive	310
MH	60	Consumer Defensive	310
MKC	30	Consumer Defensive	310
NOMD	70	Consumer Defensive	310
PG	66	Consumer Defensive	310
PFGC	37	Consumer Defensive	310
POST	81	Consumer Defensive	310
RLX	42	Consumer Defensive	310
SJM	66	Consumer Defensive	310
STZ	81	Consumer Defensive	310
TR	42	Consumer Defensive	310
USNA	66	Consumer Defensive	310
OTLY	2	Consumer Defensive	310
MFLTY	2	Consumer Defensive	310
PRDO	88	Consumer Defensive	310
ALVAL.PA	2	Consumer Defensive	310
CA.PA	37	Consumer Defensive	310
ITP.PA	60	Consumer Defensive	310
OR.PA	66	Consumer Defensive	310
POMRY.PA	10	Consumer Defensive	310
RI.PA	70	Consumer Defensive	310
SAVE.PA	81	Consumer Defensive	310
SFD	75	Consumer Defensive	310
SMPL	33	Consumer Defensive	310
A2M.ASX	86	Consumer Defensive	310
EDV.ASX	10	Consumer Defensive	310
GNC.ASX	19	Consumer Defensive	310
TWE.ASX	26	Consumer Defensive	310
1332.T	66	Consumer Defensive	310
2269.T	66	Consumer Defensive	310
2503.T	66	Consumer Defensive	310
2802.T	42	Consumer Defensive	310
2914.T	95	Consumer Defensive	310
VLGEA	60	Consumer Defensive	310
WMT	46	Consumer Defensive	310
XXI	4	Consumer Defensive	310
YSWY	42	Consumer Defensive	310
BARN.ZU	66	Consumer Defensive	310
AGNT	18	Real Estate	366
ASPS	32	Real Estate	366
NAI.NV	95	Real Estate	366
ACCB.BR	89	Real Estate	366
ASCE.BR	89	Real Estate	366
BANI.BR	98	Real Estate	366
IMMO.BR	80	Real Estate	366
NEXTA.BR	85	Real Estate	366
SHUR.BR	98	Real Estate	366
TEXF.BR	68	Real Estate	366
WEHB.BR	93	Real Estate	366
CIGI	82	Real Estate	366
PRIMOF.CO	95	Real Estate	366
DHC	68	Real Estate	366
EMAARDEV.AE	100	Real Estate	366
FRMI	3	Real Estate	366
FC9.DE	47	Real Estate	366
NUVA.DE	64	Real Estate	366
PAT.DE	84	Real Estate	366
RCMN.DE	13	Real Estate	366
SMWN.DE	5	Real Estate	366
VIH1.DE	99	Real Estate	366
HST	98	Real Estate	366
00017.HK	8	Real Estate	366
101.HK	99	Real Estate	366
12.HK	91	Real Estate	366
1997.HK	52	Real Estate	366
LAND	61	Real Estate	366
MRL.LS	98	Real Estate	366
BLND.L	27	Real Estate	366
GPE.L	8	Real Estate	366
HMSO.L	61	Real Estate	366
LAND.L	8	Real Estate	366
LSL.L	89	Real Estate	366
LMP.L	52	Real Estate	366
SAFE.L	27	Real Estate	366
SGRO.L	22	Real Estate	366
TOWN.L	27	Real Estate	366
UTG.L	2	Real Estate	366
COL.MC	18	Real Estate	366
NHP	32	Real Estate	366
NMRK	71	Real Estate	366
AAT	18	Real Estate	366
ADC	40	Real Estate	366
AKR	56	Real Estate	366
ACRE	22	Real Estate	366
APLE	80	Real Estate	366
ARE	32	Real Estate	366
BEKE	75	Real Estate	366
BDN	22	Real Estate	366
BFS	52	Real Estate	366
BNL	68	Real Estate	366
BRX	52	Real Estate	366
BXMT	13	Real Estate	366
CBRE	71	Real Estate	366
CCI	40	Real Estate	366
CMTG	8	Real Estate	366
COLD	8	Real Estate	366
CTO	95	Real Estate	366
CSR	27	Real Estate	366
CUBE	22	Real Estate	366
CWK.US	40	Real Estate	366
DOC	75	Real Estate	366
DX	27	Real Estate	366
EGP.US	36	Real Estate	366
DLR	64	Real Estate	366
EPRT	75	Real Estate	366
ESS	32	Real Estate	366
FCPT	36	Real Estate	366
FR.US	89	Real Estate	366
HHH	75	Real Estate	366
HPP	1	Real Estate	366
INVH	27	Real Estate	366
IRS	71	Real Estate	366
JBGS	10	Real Estate	366
KREF	5	Real Estate	366
MAC	47	Real Estate	366
NHI	75	Real Estate	366
NNN	32	Real Estate	366
OLP	61	Real Estate	366
OPAD	8	Real Estate	366
OZ	1	Real Estate	366
O	52	Real Estate	366
PDM	47	Real Estate	366
PK	22	Real Estate	366
PSTL	90	Real Estate	366
REXR	27	Real Estate	366
RPT	47	Real Estate	366
RYN	32	Real Estate	366
SEG	18	Real Estate	366
SHO	61	Real Estate	366
SITC	36	Real Estate	366
SMA	22	Real Estate	366
SPG	32	Real Estate	366
TWO	75	Real Estate	366
VICI	61	Real Estate	366
WY	56	Real Estate	366
OPEN	3	Real Estate	366
PECO	56	Real Estate	366
BASS.PA	64	Real Estate	366
COVH.PA	75	Real Estate	366
INEA.PA	61	Real Estate	366
LI.PA	52	Real Estate	366
REG	64	Real Estate	366
RMR	85	Real Estate	366
SVC	13	Real Estate	366
ATRLJb.ST	82	Real Estate	366
CATE.ST	36	Real Estate	366
INTEAb.ST	89	Real Estate	366
NP3.ST	32	Real Estate	366
WALLb.ST	68	Real Estate	366
CHC.ASX	82	Real Estate	366
CIP.ASX	18	Real Estate	366
CQE.ASX	75	Real Estate	366
GOZ.ASX	27	Real Estate	366
LLC.ASX	13	Real Estate	366
MGR.ASX	52	Real Estate	366
INA.ASX	56	Real Estate	366
3289.T	89	Real Estate	366
8801.T	64	Real Estate	366
8830.T	52	Real Estate	366
SPSN.ZU	5	Real Estate	366
AIRE	10	Real Estate	366
CTPNV.NV	52	Real Estate	366
ECMPA.NV	98	Real Estate	366
NRP.NV	84	Real Estate	366
ATEB.BR	32	Real Estate	366
CPINV.BR	89	Real Estate	366
HOMI.BR	89	Real Estate	366
INCLU.BR	82	Real Estate	366
RET.BR	89	Real Estate	366
WDP.BR	89	Real Estate	366
VASTB.BR	80	Real Estate	366
DEYAAR.AE	100	Real Estate	366
DIC.AE	98	Real Estate	366
FSV	80	Real Estate	366
AT1.DE	61	Real Estate	366
BRNK.DE	10	Real Estate	366
DEF.DE	13	Real Estate	366
DMRE.DE	85	Real Estate	366
DWNI.DE	64	Real Estate	366
DKG.DE	36	Real Estate	366
HABA.DE	5	Real Estate	366
GYC.DE	75	Real Estate	366
LEG.DE	18	Real Estate	366
O5G.DE	52	Real Estate	366
TEG.DE	22	Real Estate	366
VNA.DE	22	Real Estate	366
GLPI	75	Real Estate	366
GOOD	89	Real Estate	366
1209.HK	93	Real Estate	366
1966.HK	13	Real Estate	366
1628.HK	52	Real Estate	366
2202.HK	0	Real Estate	366
4.HK	80	Real Estate	366
778.HK	32	Real Estate	366
823.HK	75	Real Estate	366
API.L	13	Real Estate	366
BYG.L	4	Real Estate	366
FOXT.L	47	Real Estate	366
HLCL.L	27	Real Estate	366
PCA.L	8	Real Estate	366
NRR.L	71	Real Estate	366
SHC.L	27	Real Estate	366
SRE.L	52	Real Estate	366
SVS.L	80	Real Estate	366
INW.MI	40	Real Estate	366
ABR	18	Real Estate	366
AHR	64	Real Estate	366
ALX	47	Real Estate	366
ARR	61	Real Estate	366
BRSP	22	Real Estate	366
BXP	10	Real Estate	366
CCS	52	Real Estate	366
CHCT	71	Real Estate	366
CIM	18	Real Estate	366
COMP.US	68	Real Estate	366
CPT	10	Real Estate	366
CUZ	18	Real Estate	366
DOUG	61	Real Estate	366
DEI	22	Real Estate	366
ELS	32	Real Estate	366
EFC	61	Real Estate	366
FPI	47	Real Estate	366
GTY	71	Real Estate	366
IIPR	36	Real Estate	366
IRT	8	Real Estate	366
IVR	8	Real Estate	366
JOE	85	Real Estate	366
KIM	61	Real Estate	366
KRG	18	Real Estate	366
LXP	71	Real Estate	366
MFA	56	Real Estate	366
MRP	27	Real Estate	366
MPT	56	Real Estate	366
NLOP	68	Real Estate	366
NXRT	47	Real Estate	366
NTST	56	Real Estate	366
ONL	61	Real Estate	366
ORC	64	Real Estate	366
PEB	13	Real Estate	366
OUT	84	Real Estate	366
PSA	47	Real Estate	366
RC	3	Real Estate	366
RHP	84	Real Estate	366
RMAX	89	Real Estate	366
RLJ	84	Real Estate	366
RITM	40	Real Estate	366
SKT	47	Real Estate	366
STAG	75	Real Estate	366
SUI.US	40	Real Estate	366
STWD	36	Real Estate	366
UDR	27	Real Estate	366
UMH	80	Real Estate	366
VMRK	27	Real Estate	366
VTR	52	Real Estate	366
WELL.US	68	Real Estate	366
XHR	85	Real Estate	366
ACAN.PA	5	Real Estate	366
ALTA.PA	36	Real Estate	366
CBOT.PA	95	Real Estate	366
SBRA	40	Real Estate	366
STHO	75	Real Estate	366
BALDB.ST	89	Real Estate	366
CIBUS.ST	36	Real Estate	366
SLPb.ST	91	Real Estate	366
SBBb.ST	64	Real Estate	366
WIHL.ST	22	Real Estate	366
SAGAb.ST	80	Real Estate	366
CMW.ASX	61	Real Estate	366
CQR.ASX	40	Real Estate	366
DXS.ASX	32	Real Estate	366
GMG.ASX	68	Real Estate	366
GPT.ASX	27	Real Estate	366
LIC.ASX	47	Real Estate	366
SCG.ASX	13	Real Estate	366
RGN.ASX	18	Real Estate	366
VCX.ASX	40	Real Estate	366
1925.T	95	Real Estate	366
8802.T	68	Real Estate	366
ADAM	80	Real Estate	366
AGNC	22	Real Estate	366
NSI.NV	18	Real Estate	366
WHA.NV	93	Real Estate	366
AED.BR	95	Real Estate	366
IEP.BR	91	Real Estate	366
MONT.BR	91	Real Estate	366
QRF.BR	93	Real Estate	366
WEB.BR	47	Real Estate	366
VGP.BR	98	Real Estate	366
XIOR.BR	91	Real Estate	366
CSGP	61	Real Estate	366
JDAN.CO	82	Real Estate	366
DRH	75	Real Estate	366
EMAAR.AE	99	Real Estate	366
TECOM.AE	98	Real Estate	366
EQIX	84	Real Estate	366
ADJ.DE	1	Real Estate	366
AMM.DE	32	Real Estate	366
CCAP.DE	1	Real Estate	366
DEQ.DE	47	Real Estate	366
INS.DE	75	Real Estate	366
CTY1S.HE	93	Real Estate	366
00016.HK	98	Real Estate	366
01113.HK	99	Real Estate	366
0688.HK	68	Real Estate	366
1109.HK	80	Real Estate	366
2007.HK	2	Real Estate	366
2423.HK	85	Real Estate	366
83.HK	93	Real Estate	366
960.HK	32	Real Estate	366
LAMR	64	Real Estate	366
LINE	40	Real Estate	366
BOOT.L	13	Real Estate	366
DLN.L	32	Real Estate	366
GRI.L	52	Real Estate	366
HWG.L	13	Real Estate	366
IWG.L	18	Real Estate	366
MTVW.L	68	Real Estate	366
PCTN.L	80	Real Estate	366
PHP.L	36	Real Estate	366
PSDL.L	32	Real Estate	366
RGL.L	36	Real Estate	366
SREI.L	32	Real Estate	366
WKP.L	10	Real Estate	366
ASPL.L	93	Real Estate	366
CLNX.MC	56	Real Estate	366
MRL.MC	84	Real Estate	366
AIV	47	Real Estate	366
AHRT	10	Real Estate	366
AMH	82	Real Estate	366
AMT	68	Real Estate	366
ARI	52	Real Estate	366
BRT	40	Real Estate	366
BXDC	47	Real Estate	366
CDP	82	Real Estate	366
CBL.US	90	Real Estate	366
CTRE	47	Real Estate	366
CURB	80	Real Estate	366
DEA	18	Real Estate	366
ELME	32	Real Estate	366
EPR	80	Real Estate	366
ESRT	52	Real Estate	366
EXR	47	Real Estate	366
FBRT	22	Real Estate	366
FOR	75	Real Estate	366
FRT	61	Real Estate	366
GNL	61	Real Estate	366
GPMT	8	Real Estate	366
HIW	47	Real Estate	366
HR	2	Real Estate	366
IHS	80	Real Estate	366
INN	71	Real Estate	366
IRM	52	Real Estate	366
IVT	40	Real Estate	366
JLL	80	Real Estate	366
KRC	61	Real Estate	366
LADR	40	Real Estate	366
MAA	47	Real Estate	366
LTC.US	90	Real Estate	366
MMI	47	Real Estate	366
NLY	56	Real Estate	366
NXDT	18	Real Estate	366
OHI	47	Real Estate	366
PINE	71	Real Estate	366
PMT	36	Real Estate	366
PLD	56	Real Estate	366
RWT	18	Real Estate	366
SDHC	22	Real Estate	366
SAFE.US	64	Real Estate	366
SLG	36	Real Estate	366
SRG.US	2	Real Estate	366
TRNO	52	Real Estate	366
TRTX	40	Real Estate	366
UE	36	Real Estate	366
VNO	27	Real Estate	366
VTMX	93	Real Estate	366
WPC	71	Real Estate	366
ARG.PA	56	Real Estate	366
CARM.PA	98	Real Estate	366
COV.PA	56	Real Estate	366
GFC.PA	27	Real Estate	366
ICAD.PA	18	Real Estate	366
IMDA.PA	80	Real Estate	366
NXI.PA	36	Real Estate	366
PAR.PA	47	Real Estate	366
MERY.PA	18	Real Estate	366
PAT.PA	98	Real Estate	366
URW.PA	68	Real Estate	366
REFI	68	Real Estate	366
SBAC	36	Real Estate	366
SUNS	47	Real Estate	366
ALTRA.ST	95	Real Estate	366
CAST.ST	64	Real Estate	366
DIOS.ST	89	Real Estate	366
FABG.ST	4	Real Estate	366
ARF.ASX	56	Real Estate	366
BWP.ASX	52	Real Estate	366
CLW.ASX	32	Real Estate	366
HMC.ASX	47	Real Estate	366
HDN.ASX	40	Real Estate	366
SGP.ASX	64	Real Estate	366
WPR.ASX	10	Real Estate	366
8804.T	61	Real Estate	366
UNIT	64	Real Estate	366
PSPN.ZU	10	Real Estate	366
ALTO	69	Basic Materials	411
AKZA.NV	69	Basic Materials	411
DSFIR.NV	31	Basic Materials	411
HOLCO.NV	29	Basic Materials	411
SOLB.BR	65	Basic Materials	411
CLMT	36	Basic Materials	411
NSIS-B.CO	41	Basic Materials	411
2HRA.DE	50	Basic Materials	411
HEI.DE	45	Basic Materials	411
FPE.DE	90	Basic Materials	411
IBU.DE	59	Basic Materials	411
KCO.DE	23	Basic Materials	411
KWS.DE	65	Basic Materials	411
SGL.DE	50	Basic Materials	411
SDF.DE	54	Basic Materials	411
UZU.DE	65	Basic Materials	411
WIB.DE	27	Basic Materials	411
GEVO	11	Basic Materials	411
HWKN	45	Basic Materials	411
CANATU.HE	7	Basic Materials	411
SFOODS.HE	6	Basic Materials	411
03993.HK	99	Basic Materials	411
1787.HK	16	Basic Materials	411
1818.HK	37	Basic Materials	411
358.HK	29	Basic Materials	411
IPX	7	Basic Materials	411
ALTR.LS	29	Basic Materials	411
NVG.LS	59	Basic Materials	411
ATYM.L	96	Basic Materials	411
EDV.L	92	Basic Materials	411
FORT.L	41	Basic Materials	411
FRES.L	45	Basic Materials	411
JMAT.L	18	Basic Materials	411
MNDI.L	18	Basic Materials	411
PDL.L	6	Basic Materials	411
PRE.L	4	Basic Materials	411
TTST.L	92	Basic Materials	411
CAML.L	33	Basic Materials	411
ORR.L	0	Basic Materials	411
SRC.L	59	Basic Materials	411
THS.L	90	Basic Materials	411
ZIOC.L	2	Basic Materials	411
METC	2	Basic Materials	411
MEOH	94	Basic Materials	411
MNTK	27	Basic Materials	411
ENC.MC	15	Basic Materials	411
MTS.MC	41	Basic Materials	411
NAMM	87	Basic Materials	411
APD	65	Basic Materials	411
ARIS	97	Basic Materials	411
ASIX	15	Basic Materials	411
BAK	9	Basic Materials	411
AVNT.US	87	Basic Materials	411
CGAU	97	Basic Materials	411
CDE	36	Basic Materials	411
CF	90	Basic Materials	411
CMCL	99	Basic Materials	411
CMP	54	Basic Materials	411
CLF.US	29	Basic Materials	411
CRH	73	Basic Materials	411
DOW	23	Basic Materials	411
EMN	50	Basic Materials	411
ERO	73	Basic Materials	411
ESI	99	Basic Materials	411
EXP	54	Basic Materials	411
FNV	54	Basic Materials	411
GGB	77	Basic Materials	411
GFI.US	77	Basic Materials	411
HL	73	Basic Materials	411
GROY	31	Basic Materials	411
IDR.US	54	Basic Materials	411
LAC	14	Basic Materials	411
KWR	95	Basic Materials	411
LAR	11	Basic Materials	411
KRO	23	Basic Materials	411
LYB	31	Basic Materials	411
MLM	73	Basic Materials	411
NEU	41	Basic Materials	411
MTUS	27	Basic Materials	411
NTR	36	Basic Materials	411
NUE	90	Basic Materials	411
NG.US	11	Basic Materials	411
PKX	45	Basic Materials	411
PPG	87	Basic Materials	411
PRM	36	Basic Materials	411
RIO	41	Basic Materials	411
RS	65	Basic Materials	411
SCL	45	Basic Materials	411
SKE	27	Basic Materials	411
SCCO	65	Basic Materials	411
SSL	99	Basic Materials	411
STDN	21	Basic Materials	411
SXT.US	73	Basic Materials	411
TROX	12	Basic Materials	411
TSEOQ	14	Basic Materials	411
VLGDF	6	Basic Materials	411
WPM	54	Basic Materials	411
ALHGR.PA	15	Basic Materials	411
ALHRG.PA	41	Basic Materials	411
ALMIB.PA	4	Basic Materials	411
ERA.PA	23	Basic Materials	411
EXPL.PA	50	Basic Materials	411
VK.PA	83	Basic Materials	411
RGLD	65	Basic Materials	411
STLD	81	Basic Materials	411
HPOLB.ST	65	Basic Materials	411
LUG.ST	45	Basic Materials	411
SSABB.ST	36	Basic Materials	411
DVP.ASX	50	Basic Materials	411
EVN.ASX	73	Basic Materials	411
CMM.ASX	81	Basic Materials	411
BSL.ASX	59	Basic Materials	411
GMD.ASX	95	Basic Materials	411
ILU.ASX	15	Basic Materials	411
LYC.ASX	59	Basic Materials	411
ORI.ASX	37	Basic Materials	411
NST.ASX	69	Basic Materials	411
S32.ASX	65	Basic Materials	411
RMS.ASX	87	Basic Materials	411
VAU.ASX	77	Basic Materials	411
WAF.ASX	100	Basic Materials	411
WGX.ASX	90	Basic Materials	411
TMCR	33	Basic Materials	411
3861.T	65	Basic Materials	411
4061.T	65	Basic Materials	411
4021.T	87	Basic Materials	411
4208.T	77	Basic Materials	411
5406.T	77	Basic Materials	411
5713.T	45	Basic Materials	411
USLM	81	Basic Materials	411
CLN.ZU	83	Basic Materials	411
EMSN.ZU	59	Basic Materials	411
HOLN.ZU	37	Basic Materials	411
AVTX.NV	1	Basic Materials	411
IMCD.NV	45	Basic Materials	411
OCI.NV	12	Basic Materials	411
BCPC	83	Basic Materials	411
SYENS.BR	59	Basic Materials	411
CENX	92	Basic Materials	411
CRML	4	Basic Materials	411
FLUGb.CO	50	Basic Materials	411
HH.CO	12	Basic Materials	411
ALI1.DE	50	Basic Materials	411
BAS.DE	54	Basic Materials	411
ACT.DE	50	Basic Materials	411
BNN.DE	4	Basic Materials	411
MZX.DE	90	Basic Materials	411
VBK.DE	54	Basic Materials	411
GPRE	94	Basic Materials	411
HDSN	33	Basic Materials	411
GSM	27	Basic Materials	411
KOSKI.HE	15	Basic Materials	411
OUT1V.HE	23	Basic Materials	411
UPM.HE	27	Basic Materials	411
1378.HK	87	Basic Materials	411
1772.HK	45	Basic Materials	411
2899.HK	50	Basic Materials	411
INHD	19	Basic Materials	411
IOSP	96	Basic Materials	411
KALU	87	Basic Materials	411
SEM.LS	65	Basic Materials	411
BHP.L	77	Basic Materials	411
CRDA.L	50	Basic Materials	411
ESNT.L	65	Basic Materials	411
GEMD.L	33	Basic Materials	411
HOC.L	94	Basic Materials	411
IBST.L	11	Basic Materials	411
PYX.L	14	Basic Materials	411
VSVS.L	77	Basic Materials	411
AAU.L	0	Basic Materials	411
ARCM.L	6	Basic Materials	411
VCT.L	54	Basic Materials	411
ZTF.L	73	Basic Materials	411
GFM.L	83	Basic Materials	411
AXS.L	45	Basic Materials	411
JLP.L	27	Basic Materials	411
MAKO	94	Basic Materials	411
THX.L	69	Basic Materials	411
MERC	4	Basic Materials	411
METCB	7	Basic Materials	411
BZU.MI	50	Basic Materials	411
AAUC	37	Basic Materials	411
AEM	87	Basic Materials	411
AA	83	Basic Materials	411
ALB	69	Basic Materials	411
AG	87	Basic Materials	411
AGI	83	Basic Materials	411
AMR	18	Basic Materials	411
AMRZ	29	Basic Materials	411
ASPN	27	Basic Materials	411
AXTA	77	Basic Materials	411
AVD	27	Basic Materials	411
AU	96	Basic Materials	411
B	73	Basic Materials	411
BVN	97	Basic Materials	411
CBT	50	Basic Materials	411
CLW	33	Basic Materials	411
CE	29	Basic Materials	411
CC.US	21	Basic Materials	411
CSTM	77	Basic Materials	411
DD	77	Basic Materials	411
ECL	81	Basic Materials	411
FCX	95	Basic Materials	411
FF	18	Basic Materials	411
FSM	96	Basic Materials	411
FUL	54	Basic Materials	411
HMY	100	Basic Materials	411
HCC	77	Basic Materials	411
IAG.US	99	Basic Materials	411
ICL	54	Basic Materials	411
IFF	37	Basic Materials	411
KNF	21	Basic Materials	411
LOMA	36	Basic Materials	411
MP	16	Basic Materials	411
MUX	45	Basic Materials	411
MT.US	37	Basic Materials	411
NEM	100	Basic Materials	411
NGVT	94	Basic Materials	411
NEXA	69	Basic Materials	411
ODC	45	Basic Materials	411
SHW	54	Basic Materials	411
SA	23	Basic Materials	411
SLVM	23	Basic Materials	411
SSMR	19	Basic Materials	411
SXC	36	Basic Materials	411
SQM	94	Basic Materials	411
TFPM	59	Basic Materials	411
TGLS	65	Basic Materials	411
TECK	87	Basic Materials	411
TX	77	Basic Materials	411
WS	27	Basic Materials	411
AMLIF	9	Basic Materials	411
PAAS	77	Basic Materials	411
ALAFY.PA	7	Basic Materials	411
ALCOG.PA	18	Basic Materials	411
AKE.PA	54	Basic Materials	411
ALCRB.PA	9	Basic Materials	411
ALMOU.PA	81	Basic Materials	411
ALFLO.PA	50	Basic Materials	411
GRVO.PA	59	Basic Materials	411
NK.PA	81	Basic Materials	411
SGML	9	Basic Materials	411
SSRM	99	Basic Materials	411
SOLS	36	Basic Materials	411
ALLEI.ST	87	Basic Materials	411
LUMI.ST	77	Basic Materials	411
ALU.ASX	31	Basic Materials	411
BVR.ASX	18	Basic Materials	411
BGL.ASX	59	Basic Materials	411
CXO.ASX	15	Basic Materials	411
ELV.ASX	41	Basic Materials	411
CHN.ASX	14	Basic Materials	411
DNL.ASX	41	Basic Materials	411
DRR.ASX	77	Basic Materials	411
FMG.ASX	69	Basic Materials	411
NIC.ASX	31	Basic Materials	411
NUF.ASX	69	Basic Materials	411
MIN.ASX	65	Basic Materials	411
RDX.ASX	65	Basic Materials	411
RIO.ASX	69	Basic Materials	411
SGM.ASX	45	Basic Materials	411
RRL.ASX	83	Basic Materials	411
VUL.ASX	14	Basic Materials	411
TMC	19	Basic Materials	411
3405.T	59	Basic Materials	411
4042.T	92	Basic Materials	411
4183.T	81	Basic Materials	411
4004.T	41	Basic Materials	411
5233.T	90	Basic Materials	411
5411.T	50	Basic Materials	411
5714.T	65	Basic Materials	411
USAR	11	Basic Materials	411
WDFC	73	Basic Materials	411
AMRZ.ZU	27	Basic Materials	411
AMTX	4	Basic Materials	411
ASPI	11	Basic Materials	411
AUGO	92	Basic Materials	411
ATLX	21	Basic Materials	411
APAM.NV	54	Basic Materials	411
AXS.NV	59	Basic Materials	411
CRBN.NV	50	Basic Materials	411
MT.NV	41	Basic Materials	411
AZE.BR	65	Basic Materials	411
BTLS.BR	2	Basic Materials	411
TESB.BR	36	Basic Materials	411
TITC.BR	77	Basic Materials	411
EMAT	6	Basic Materials	411
BNR.DE	50	Basic Materials	411
DLX.DE	81	Basic Materials	411
EVK.DE	65	Basic Materials	411
LXS.DE	18	Basic Materials	411
NTG.DE	69	Basic Materials	411
ST5.DE	59	Basic Materials	411
SZG.DE	54	Basic Materials	411
SY1.DE	90	Basic Materials	411
WCH.DE	33	Basic Materials	411
HYMC	23	Basic Materials	411
KEMIRA.HE	41	Basic Materials	411
PAMPALO.HE	59	Basic Materials	411
SSABAH.HE	23	Basic Materials	411
0914.HK	36	Basic Materials	411
2600.HK	87	Basic Materials	411
3323.HK	9	Basic Materials	411
9696.HK	59	Basic Materials	411
LIN	65	Basic Materials	411
COR.LS	81	Basic Materials	411
RAM.LS	29	Basic Materials	411
AAL.L	83	Basic Materials	411
ALTN.L	81	Basic Materials	411
ANTO.L	90	Basic Materials	411
CAPD.L	87	Basic Materials	411
ECOR.L	96	Basic Materials	411
ELM.L	81	Basic Materials	411
FXPO.L	11	Basic Materials	411
GLEN.L	41	Basic Materials	411
MSLH.L	41	Basic Materials	411
PAF.L	99	Basic Materials	411
RIO.L	69	Basic Materials	411
RSG.L	92	Basic Materials	411
SYNT.L	50	Basic Materials	411
VALT.L	54	Basic Materials	411
ALL.L	21	Basic Materials	411
EEE.L	9	Basic Materials	411
GGP.L	90	Basic Materials	411
KEFI.L	6	Basic Materials	411
KP2.L	1	Basic Materials	411
SRB.L	99	Basic Materials	411
ACX.MC	54	Basic Materials	411
IMC.MC	99	Basic Materials	411
NB	4	Basic Materials	411
NWPX.US	77	Basic Materials	411
ASH	59	Basic Materials	411
BCC	69	Basic Materials	411
BHP	65	Basic Materials	411
BTG.US	81	Basic Materials	411
CMT	73	Basic Materials	411
CTGO	21	Basic Materials	411
CTVA	19	Basic Materials	411
CX	23	Basic Materials	411
DRD	65	Basic Materials	411
ECVT	87	Basic Materials	411
EGO	87	Basic Materials	411
EQX	65	Basic Materials	411
EXK	65	Basic Materials	411
FMC	36	Basic Materials	411
HBM	94	Basic Materials	411
HUN	19	Basic Materials	411
IE	16	Basic Materials	411
IPI	54	Basic Materials	411
JHX	81	Basic Materials	411
KGC	92	Basic Materials	411
KOP	73	Basic Materials	411
LZM	9	Basic Materials	411
LXU	96	Basic Materials	411
MATV	33	Basic Materials	411
MOS	6	Basic Materials	411
MTRN	73	Basic Materials	411
MTX	41	Basic Materials	411
NAK	1	Basic Materials	411
OEC	27	Basic Materials	411
OLN	14	Basic Materials	411
OR.US	45	Basic Materials	411
REA	19	Basic Materials	411
REX	50	Basic Materials	411
RPM	69	Basic Materials	411
SBSW	90	Basic Materials	411
SMG	73	Basic Materials	411
SSD	65	Basic Materials	411
SUZ	96	Basic Materials	411
TTAM	73	Basic Materials	411
UAMY	2	Basic Materials	411
VALE	36	Basic Materials	411
VMC	59	Basic Materials	411
WLK	29	Basic Materials	411
PPTA	12	Basic Materials	411
AI.PA	50	Basic Materials	411
ALEO2.PA	45	Basic Materials	411
JCQ.PA	87	Basic Materials	411
LHYFE.PA	14	Basic Materials	411
RBT.PA	81	Basic Materials	411
VCT.PA	73	Basic Materials	411
BILL.ST	27	Basic Materials	411
BOL.ST	59	Basic Materials	411
HOLMb.ST	27	Basic Materials	411
SCAB.ST	36	Basic Materials	411
BHP.ASX	73	Basic Materials	411
CIA.ASX	33	Basic Materials	411
CRN.ASX	4	Basic Materials	411
EMR.ASX	94	Basic Materials	411
FBU.ASX	21	Basic Materials	411
IGO.ASX	36	Basic Materials	411
JHX.ASX	65	Basic Materials	411
LKE.ASX	6	Basic Materials	411
LTR.ASX	27	Basic Materials	411
PLS.ASX	69	Basic Materials	411
PRU.ASX	90	Basic Materials	411
SFR.ASX	77	Basic Materials	411
SMR.ASX	23	Basic Materials	411
SYR.ASX	11	Basic Materials	411
WA1.ASX	6	Basic Materials	411
4005.T	87	Basic Materials	411
4063.T	92	Basic Materials	411
4043.T	29	Basic Materials	411
4188.T	45	Basic Materials	411
5301.T	69	Basic Materials	411
5711.T	81	Basic Materials	411
5401.T	59	Basic Materials	411
6988.T	87	Basic Materials	411
UFPI	29	Basic Materials	411
GIVN.ZU	59	Basic Materials	411
SIKA.ZU	45	Basic Materials	411
AMZN	93	Consumer Cyclical	734
ARKO	47	Consumer Cyclical	734
PRX.NV	34	Consumer Cyclical	734
BJRI	67	Consumer Cyclical	734
BRCB	19	Consumer Cyclical	734
BZUN	76	Consumer Cyclical	734
VAN.BR	63	Consumer Cyclical	734
CBRL	22	Consumer Cyclical	734
CHDN	63	Consumer Cyclical	734
CROX	93	Consumer Cyclical	734
CVGI	63	Consumer Cyclical	734
TIV.CO	29	Consumer Cyclical	734
HUSCO.CO	25	Consumer Cyclical	734
DOO	56	Consumer Cyclical	734
EYE	22	Consumer Cyclical	734
EXPE	86	Consumer Cyclical	734
FLL	11	Consumer Cyclical	734
FOSL	67	Consumer Cyclical	734
FOXF	29	Consumer Cyclical	734
ACX.DE	13	Consumer Cyclical	734
AMV0.DE	19	Consumer Cyclical	734
BIKE.DE	56	Consumer Cyclical	734
BMW.DE	34	Consumer Cyclical	734
BOSS.DE	67	Consumer Cyclical	734
CDZ0.DE	34	Consumer Cyclical	734
DEX.DE	63	Consumer Cyclical	734
ECK.DE	22	Consumer Cyclical	734
DIE.DE	44	Consumer Cyclical	734
FIVE	99	Consumer Cyclical	734
H9W.DE	10	Consumer Cyclical	734
ELB.DE	8	Consumer Cyclical	734
KTA.DE	8	Consumer Cyclical	734
MBG.DE	56	Consumer Cyclical	734
ZIL2.DE	96	Consumer Cyclical	734
GENK	2	Consumer Cyclical	734
GGR	56	Consumer Cyclical	734
GIII	81	Consumer Cyclical	734
GRSD	44	Consumer Cyclical	734
HEPS	25	Consumer Cyclical	734
HTHT	95	Consumer Cyclical	734
HSAI	34	Consumer Cyclical	734
HUH1V.HE	72	Consumer Cyclical	734
RELAIS.HE	86	Consumer Cyclical	734
01211.HK	76	Consumer Cyclical	734
01114.HK	63	Consumer Cyclical	734
00880.HK	51	Consumer Cyclical	734
1179.HK	88	Consumer Cyclical	734
1913.HK	56	Consumer Cyclical	734
1958.HK	10	Consumer Cyclical	734
2331.HK	72	Consumer Cyclical	734
3998.HK	95	Consumer Cyclical	734
7489.HK	25	Consumer Cyclical	734
9618.HK	25	Consumer Cyclical	734
9658.HK	19	Consumer Cyclical	734
9863.HK	34	Consumer Cyclical	734
9988.HK	29	Consumer Cyclical	734
JAKK	97	Consumer Cyclical	734
KRT	88	Consumer Cyclical	734
LCID	0	Consumer Cyclical	734
LULU	63	Consumer Cyclical	734
AO.L	47	Consumer Cyclical	734
BOWL.L	51	Consumer Cyclical	734
BWY.L	17	Consumer Cyclical	734
CAR.L	44	Consumer Cyclical	734
CRST.L	25	Consumer Cyclical	734
DNLM.L	67	Consumer Cyclical	734
ENT.L	11	Consumer Cyclical	734
INCH.L	44	Consumer Cyclical	734
JD.L	51	Consumer Cyclical	734
MAB.L	56	Consumer Cyclical	734
MARS.L	39	Consumer Cyclical	734
PTEC.L	22	Consumer Cyclical	734
SMWH.L	10	Consumer Cyclical	734
WIX.L	67	Consumer Cyclical	734
WOSG.L	76	Consumer Cyclical	734
SSPG.L	22	Consumer Cyclical	734
YNGA.L	56	Consumer Cyclical	734
ULTP.L	34	Consumer Cyclical	734
VTU.L	29	Consumer Cyclical	734
WJG.L	3	Consumer Cyclical	734
MBLY	22	Consumer Cyclical	734
MCRI	99	Consumer Cyclical	734
MLCO	44	Consumer Cyclical	734
GEST.MC	96	Consumer Cyclical	734
ITX.MC	76	Consumer Cyclical	734
MVST	29	Consumer Cyclical	734
VIS.MC	76	Consumer Cyclical	734
BRE.MI	86	Consumer Cyclical	734
EGLA.MI	44	Consumer Cyclical	734
LTMC.MI	86	Consumer Cyclical	734
ACEL	88	Consumer Cyclical	734
ADNT	67	Consumer Cyclical	734
MONC.MI	93	Consumer Cyclical	734
ALH	88	Consumer Cyclical	734
ALSN	97	Consumer Cyclical	734
ALV	47	Consumer Cyclical	734
AMBP	63	Consumer Cyclical	734
ANDG	83	Consumer Cyclical	734
BABA	39	Consumer Cyclical	734
AZO	39	Consumer Cyclical	734
BBY	67	Consumer Cyclical	734
BFAM	39	Consumer Cyclical	734
BH	76	Consumer Cyclical	734
BRSL	63	Consumer Cyclical	734
CAL	29	Consumer Cyclical	734
CCL	83	Consumer Cyclical	734
CHPT	11	Consumer Cyclical	734
BWA	99	Consumer Cyclical	734
COOK	34	Consumer Cyclical	734
CURV	47	Consumer Cyclical	734
CVEO	72	Consumer Cyclical	734
CYD	44	Consumer Cyclical	734
DECK	88	Consumer Cyclical	734
DDS	81	Consumer Cyclical	734
CPS	39	Consumer Cyclical	734
DCH.US	51	Consumer Cyclical	734
DRI	34	Consumer Cyclical	734
ETD	44	Consumer Cyclical	734
F	29	Consumer Cyclical	734
GIL	67	Consumer Cyclical	734
ETSY	63	Consumer Cyclical	734
GOOS	39	Consumer Cyclical	734
GPI	13	Consumer Cyclical	734
GRBK	39	Consumer Cyclical	734
HD	63	Consumer Cyclical	734
HLT	72	Consumer Cyclical	734
HNI	63	Consumer Cyclical	734
HRB	72	Consumer Cyclical	734
HZO	44	Consumer Cyclical	734
HOV	29	Consumer Cyclical	734
JMIA	10	Consumer Cyclical	734
JILL	93	Consumer Cyclical	734
KBH	19	Consumer Cyclical	734
KTB	81	Consumer Cyclical	734
LEN	22	Consumer Cyclical	734
LEVI	83	Consumer Cyclical	734
LTH	86	Consumer Cyclical	734
LUCK	3	Consumer Cyclical	734
LUXE	51	Consumer Cyclical	734
M.US	72	Consumer Cyclical	734
MCD	51	Consumer Cyclical	734
MGM	67	Consumer Cyclical	734
MED.US	25	Consumer Cyclical	734
MHK	90	Consumer Cyclical	734
MOV	88	Consumer Cyclical	734
MTH	29	Consumer Cyclical	734
MUSA	76	Consumer Cyclical	734
NIO	3	Consumer Cyclical	734
NKE	39	Consumer Cyclical	734
NVR	67	Consumer Cyclical	734
OI	11	Consumer Cyclical	734
PACK	63	Consumer Cyclical	734
REF	63	Consumer Cyclical	734
ROL	22	Consumer Cyclical	734
RVLV	63	Consumer Cyclical	734
RCL	67	Consumer Cyclical	734
SGI	34	Consumer Cyclical	734
SAH	29	Consumer Cyclical	734
SVV	10	Consumer Cyclical	734
STLA.US	6	Consumer Cyclical	734
THO	44	Consumer Cyclical	734
SRI	56	Consumer Cyclical	734
TJX	56	Consumer Cyclical	734
TLYS	83	Consumer Cyclical	734
TOL	34	Consumer Cyclical	734
TPR	96	Consumer Cyclical	734
UA	25	Consumer Cyclical	734
VAC	63	Consumer Cyclical	734
VSXY	83	Consumer Cyclical	734
VVV.US	19	Consumer Cyclical	734
WGO	56	Consumer Cyclical	734
YUMC	81	Consumer Cyclical	734
ONEW	56	Consumer Cyclical	734
ORBS	0	Consumer Cyclical	734
OSW	67	Consumer Cyclical	734
GLFE	63	Consumer Cyclical	734
LUXHQ	4	Consumer Cyclical	734
SLNAF	4	Consumer Cyclical	734
PATK	47	Consumer Cyclical	734
PENN	25	Consumer Cyclical	734
MOND	29	Consumer Cyclical	734
PLCE	1	Consumer Cyclical	734
PTLO	17	Consumer Cyclical	734
PSNY	3	Consumer Cyclical	734
ALATI.PA	96	Consumer Cyclical	734
ALBI.PA	6	Consumer Cyclical	734
ALDAR.PA	72	Consumer Cyclical	734
ALFPC.PA	39	Consumer Cyclical	734
ALGIL.PA	93	Consumer Cyclical	734
ALMLB.PA	10	Consumer Cyclical	734
ALPVL.PA	63	Consumer Cyclical	734
ALSPT.PA	51	Consumer Cyclical	734
ALHEX.PA	86	Consumer Cyclical	734
BUR.PA	63	Consumer Cyclical	734
ALVAP.PA	86	Consumer Cyclical	734
FNAC.PA	63	Consumer Cyclical	734
KER.PA	51	Consumer Cyclical	734
PARP.PA	22	Consumer Cyclical	734
RMS.PA	56	Consumer Cyclical	734
SRP.PA	3	Consumer Cyclical	734
TFF.PA	34	Consumer Cyclical	734
VAC.PA	76	Consumer Cyclical	734
RENT	51	Consumer Cyclical	734
RIVN	22	Consumer Cyclical	734
RUSHA	56	Consumer Cyclical	734
SFIX	19	Consumer Cyclical	734
SHOO	99	Consumer Cyclical	734
DOM.ST	44	Consumer Cyclical	734
ELUXB.ST	17	Consumer Cyclical	734
MIPS.ST	97	Consumer Cyclical	734
SKISb.ST	56	Consumer Cyclical	734
THULE.ST	51	Consumer Cyclical	734
AMC.ASX	34	Consumer Cyclical	734
APE.ASX	34	Consumer Cyclical	734
DMP.ASX	34	Consumer Cyclical	734
FLT.ASX	67	Consumer Cyclical	734
JIN.ASX	86	Consumer Cyclical	734
PWH.ASX	56	Consumer Cyclical	734
SGR.ASX	6	Consumer Cyclical	734
SUL.ASX	67	Consumer Cyclical	734
TAH.ASX	39	Consumer Cyclical	734
TRON	4	Consumer Cyclical	734
TILE	98	Consumer Cyclical	734
3086.T	72	Consumer Cyclical	734
3402.T	76	Consumer Cyclical	734
TSLA.24-7	6	Consumer Cyclical	734
4755.T	56	Consumer Cyclical	734
5101.T	81	Consumer Cyclical	734
5802.T	56	Consumer Cyclical	734
4385.T	56	Consumer Cyclical	734
4689.T	95	Consumer Cyclical	734
6471.T	96	Consumer Cyclical	734
6902.T	76	Consumer Cyclical	734
7261.T	86	Consumer Cyclical	734
7202.T	81	Consumer Cyclical	734
7270.T	63	Consumer Cyclical	734
7731.T	10	Consumer Cyclical	734
7832.T	72	Consumer Cyclical	734
8267.T	81	Consumer Cyclical	734
8233.T	88	Consumer Cyclical	734
9843.T	93	Consumer Cyclical	734
7951.T	96	Consumer Cyclical	734
VC	76	Consumer Cyclical	734
ULTA	72	Consumer Cyclical	734
WING	72	Consumer Cyclical	734
WOOF	11	Consumer Cyclical	734
AVOL.ZU	34	Consumer Cyclical	734
ABNB	90	Consumer Cyclical	734
ASO	67	Consumer Cyclical	734
ATAT	95	Consumer Cyclical	734
AUR	13	Consumer Cyclical	734
BLMN	47	Consumer Cyclical	734
DIE.BR	22	Consumer Cyclical	734
CART	90	Consumer Cyclical	734
CASY	63	Consumer Cyclical	734
CHA	76	Consumer Cyclical	734
COLM	81	Consumer Cyclical	734
MATAS.CO	72	Consumer Cyclical	734
DPZ	56	Consumer Cyclical	734
DORM	88	Consumer Cyclical	734
DRVN	72	Consumer Cyclical	734
EBAY	90	Consumer Cyclical	734
EVGO	8	Consumer Cyclical	734
FWDI	10	Consumer Cyclical	734
FNKO	47	Consumer Cyclical	734
ADS.DE	63	Consumer Cyclical	734
AMZN.EUR	93	Consumer Cyclical	734
CON.DE	63	Consumer Cyclical	734
BDT.DE	17	Consumer Cyclical	734
CWC.DE	83	Consumer Cyclical	734
DHER.DE	34	Consumer Cyclical	734
ED4.DE	39	Consumer Cyclical	734
GFG.DE	29	Consumer Cyclical	734
HGEA.DE	25	Consumer Cyclical	734
HBH.DE	81	Consumer Cyclical	734
HLE.DE	51	Consumer Cyclical	734
JST.DE	72	Consumer Cyclical	734
MRX.DE	17	Consumer Cyclical	734
P911.DE	51	Consumer Cyclical	734
PGN.DE	56	Consumer Cyclical	734
PUM.DE	19	Consumer Cyclical	734
SHA0.DE	13	Consumer Cyclical	734
SF3.DE	93	Consumer Cyclical	734
TIMA.DE	86	Consumer Cyclical	734
TNIE.DE	56	Consumer Cyclical	734
VOW.DE	56	Consumer Cyclical	734
TSLA.EUR	25	Consumer Cyclical	734
ULC.DE	39	Consumer Cyclical	734
GDHG	63	Consumer Cyclical	734
WEW.DE	81	Consumer Cyclical	734
GNTX	83	Consumer Cyclical	734
GLBE	96	Consumer Cyclical	734
LINDEX.HE	95	Consumer Cyclical	734
MUSTI.HE	17	Consumer Cyclical	734
MEKKO.HE	72	Consumer Cyclical	734
VERK.HE	51	Consumer Cyclical	734
SBI.HE	17	Consumer Cyclical	734
STERV.HE	44	Consumer Cyclical	734
02313.HK	96	Consumer Cyclical	734
02020.HK	100	Consumer Cyclical	734
01128.HK	95	Consumer Cyclical	734
06862.HK	86	Consumer Cyclical	734
200.HK	93	Consumer Cyclical	734
2015.HK	11	Consumer Cyclical	734
1880.HK	39	Consumer Cyclical	734
2333.HK	39	Consumer Cyclical	734
3606.HK	63	Consumer Cyclical	734
9866.HK	13	Consumer Cyclical	734
9896.HK	67	Consumer Cyclical	734
9992.HK	63	Consumer Cyclical	734
INSE	81	Consumer Cyclical	734
LE	63	Consumer Cyclical	734
LI	2	Consumer Cyclical	734
LIND	72	Consumer Cyclical	734
JD.US	34	Consumer Cyclical	734
LOVE	39	Consumer Cyclical	734
LOCO	67	Consumer Cyclical	734
LKQ	51	Consumer Cyclical	734
AML.L	5	Consumer Cyclical	734
LQDT	100	Consumer Cyclical	734
ASC.L	11	Consumer Cyclical	734
BTRW.L	29	Consumer Cyclical	734
COA.L	86	Consumer Cyclical	734
CURY.L	34	Consumer Cyclical	734
DOCS.L	63	Consumer Cyclical	734
BRBY.L	47	Consumer Cyclical	734
CARD.L	63	Consumer Cyclical	734
GLE.L	5	Consumer Cyclical	734
HWDN.L	72	Consumer Cyclical	734
GRG.L	39	Consumer Cyclical	734
KGF.L	39	Consumer Cyclical	734
PETS.L	34	Consumer Cyclical	734
JDW.L	39	Consumer Cyclical	734
PROC.L	44	Consumer Cyclical	734
PSN.L	39	Consumer Cyclical	734
SAGA.L	76	Consumer Cyclical	734
THG.L	8	Consumer Cyclical	734
YNGN.L	76	Consumer Cyclical	734
TW.L	17	Consumer Cyclical	734
MTC.L	6	Consumer Cyclical	734
VIC.L	29	Consumer Cyclical	734
SDG.L	81	Consumer Cyclical	734
WRKS.L	22	Consumer Cyclical	734
MAR	83	Consumer Cyclical	734
MAT	51	Consumer Cyclical	734
MBUU	25	Consumer Cyclical	734
MNRO	8	Consumer Cyclical	734
MMYT	72	Consumer Cyclical	734
MELI	67	Consumer Cyclical	734
CIE.MC	98	Consumer Cyclical	734
FDR.MC	56	Consumer Cyclical	734
MEL.MC	67	Consumer Cyclical	734
MWC	93	Consumer Cyclical	734
BC.MI	67	Consumer Cyclical	734
SFER.MI	51	Consumer Cyclical	734
TGYM.MI	63	Consumer Cyclical	734
ZV.MI	63	Consumer Cyclical	734
STLAM.MI	6	Consumer Cyclical	734
NXH	1	Consumer Cyclical	734
AAP	44	Consumer Cyclical	734
ACVA	22	Consumer Cyclical	734
AS	76	Consumer Cyclical	734
AMZN.24-7	76	Consumer Cyclical	734
BBW	81	Consumer Cyclical	734
BC	44	Consumer Cyclical	734
BALL	83	Consumer Cyclical	734
BOBS	25	Consumer Cyclical	734
BOOT	44	Consumer Cyclical	734
BWMX	93	Consumer Cyclical	734
BYD	67	Consumer Cyclical	734
CATO	22	Consumer Cyclical	734
CMG	56	Consumer Cyclical	734
CPNG	5	Consumer Cyclical	734
CVNA	63	Consumer Cyclical	734
DBI	63	Consumer Cyclical	734
DFH	13	Consumer Cyclical	734
DKS	34	Consumer Cyclical	734
CRI	95	Consumer Cyclical	734
FIGS	90	Consumer Cyclical	734
FND	25	Consumer Cyclical	734
GEF	44	Consumer Cyclical	734
GCO	86	Consumer Cyclical	734
GOLF	67	Consumer Cyclical	734
GM	90	Consumer Cyclical	734
H.US	34	Consumer Cyclical	734
GPK	56	Consumer Cyclical	734
HLLY	72	Consumer Cyclical	734
HOG	25	Consumer Cyclical	734
HVT	81	Consumer Cyclical	734
IBP	81	Consumer Cyclical	734
IHG	63	Consumer Cyclical	734
JMKE	81	Consumer Cyclical	734
IP.US	19	Consumer Cyclical	734
LAD	39	Consumer Cyclical	734
KSS	56	Consumer Cyclical	734
LVS	81	Consumer Cyclical	734
LZB	76	Consumer Cyclical	734
LEA	47	Consumer Cyclical	734
MHO	56	Consumer Cyclical	734
MTN	13	Consumer Cyclical	734
MLR	90	Consumer Cyclical	734
NCLH	22	Consumer Cyclical	734
PAG	29	Consumer Cyclical	734
OXM	5	Consumer Cyclical	734
PII	13	Consumer Cyclical	734
PHIN	86	Consumer Cyclical	734
PVH	44	Consumer Cyclical	734
PLNT	83	Consumer Cyclical	734
RACE	93	Consumer Cyclical	734
PRKS	10	Consumer Cyclical	734
RL	99	Consumer Cyclical	734
SHAK	34	Consumer Cyclical	734
SE	44	Consumer Cyclical	734
SMP.US	81	Consumer Cyclical	734
SON	39	Consumer Cyclical	734
SW	29	Consumer Cyclical	734
TM	17	Consumer Cyclical	734
VGNT	95	Consumer Cyclical	734
VIK	76	Consumer Cyclical	734
UAA	11	Consumer Cyclical	734
UFI	22	Consumer Cyclical	734
WHR	2	Consumer Cyclical	734
W.US	56	Consumer Cyclical	734
WH	51	Consumer Cyclical	734
ZGN	72	Consumer Cyclical	734
XPOF	10	Consumer Cyclical	734
FTCHQ	10	Consumer Cyclical	734
LOGC	3	Consumer Cyclical	734
GOEVQ	4	Consumer Cyclical	734
PDD	67	Consumer Cyclical	734
PTON	63	Consumer Cyclical	734
ALCAF.PA	72	Consumer Cyclical	734
PZZA	8	Consumer Cyclical	734
ALDLT.PA	99	Consumer Cyclical	734
ALHRS.PA	22	Consumer Cyclical	734
ALPDX.PA	51	Consumer Cyclical	734
ALVU.PA	86	Consumer Cyclical	734
ALUPG.PA	39	Consumer Cyclical	734
ALVDM.PA	29	Consumer Cyclical	734
CDA.PA	88	Consumer Cyclical	734
ARAMI.PA	44	Consumer Cyclical	734
FR.PA	81	Consumer Cyclical	734
KOF.PA	39	Consumer Cyclical	734
MC.PA	67	Consumer Cyclical	734
OPM.PA	44	Consumer Cyclical	734
SK.PA	63	Consumer Cyclical	734
RBO.PA	56	Consumer Cyclical	734
RNO.PA	34	Consumer Cyclical	734
VRLA.PA	44	Consumer Cyclical	734
RCKY	98	Consumer Cyclical	734
RDNW	8	Consumer Cyclical	734
REAL	19	Consumer Cyclical	734
ROST	98	Consumer Cyclical	734
RRGB	34	Consumer Cyclical	734
RUSHB.US	25	Consumer Cyclical	734
SLDP	13	Consumer Cyclical	734
BETSB.ST	17	Consumer Cyclical	734
EVO.ST	83	Consumer Cyclical	734
JM.ST	1	Consumer Cyclical	734
AOV.ASX	63	Consumer Cyclical	734
ARB.ASX	72	Consumer Cyclical	734
BAP.ASX	13	Consumer Cyclical	734
CKF.ASX	22	Consumer Cyclical	734
BRG.ASX	83	Consumer Cyclical	734
CTD.ASX	34	Consumer Cyclical	734
HVN.ASX	47	Consumer Cyclical	734
JBH.ASX	29	Consumer Cyclical	734
LOV.ASX	72	Consumer Cyclical	734
ORA.ASX	47	Consumer Cyclical	734
TPW.ASX	47	Consumer Cyclical	734
PMV.ASX	90	Consumer Cyclical	734
WEB.ASX	56	Consumer Cyclical	734
5108.T	99	Consumer Cyclical	734
3092.T	76	Consumer Cyclical	734
7203.T	56	Consumer Cyclical	734
7267.T	81	Consumer Cyclical	734
7272.T	93	Consumer Cyclical	734
9983.T	51	Consumer Cyclical	734
URBN	98	Consumer Cyclical	734
VIRC	17	Consumer Cyclical	734
ARHS	63	Consumer Cyclical	734
BFIT.NV	47	Consumer Cyclical	734
FAST.NV	47	Consumer Cyclical	734
BKNG	95	Consumer Cyclical	734
CAKE.US	51	Consumer Cyclical	734
CLAR	34	Consumer Cyclical	734
CNTY	39	Consumer Cyclical	734
CVCO	90	Consumer Cyclical	734
CTRN	44	Consumer Cyclical	734
CZR	17	Consumer Cyclical	734
PNDORA.CO	81	Consumer Cyclical	734
TCM.CO	72	Consumer Cyclical	734
DKNG	8	Consumer Cyclical	734
DASH.US	63	Consumer Cyclical	734
FTDR	98	Consumer Cyclical	734
FWRG	13	Consumer Cyclical	734
690D.DE	63	Consumer Cyclical	734
AG1.DE	81	Consumer Cyclical	734
ACWN.DE	25	Consumer Cyclical	734
BIJ.DE	76	Consumer Cyclical	734
CEC.DE	29	Consumer Cyclical	734
DOU.DE	17	Consumer Cyclical	734
ECF.DE	8	Consumer Cyclical	734
GMM.DE	76	Consumer Cyclical	734
IS7.DE	51	Consumer Cyclical	734
KBX.DE	90	Consumer Cyclical	734
MSAG.DE	17	Consumer Cyclical	734
PAH3.DE	1	Consumer Cyclical	734
NVM.DE	72	Consumer Cyclical	734
PWO.DE	29	Consumer Cyclical	734
SFQ.DE	96	Consumer Cyclical	734
SUR.DE	81	Consumer Cyclical	734
TUI1.DE	19	Consumer Cyclical	734
VOW3.DE	29	Consumer Cyclical	734
ZAL.DE	51	Consumer Cyclical	734
WFA.DE	17	Consumer Cyclical	734
GRWG	19	Consumer Cyclical	734
GT	19	Consumer Cyclical	734
HAS	100	Consumer Cyclical	734
GTX.US	96	Consumer Cyclical	734
HOFT	13	Consumer Cyclical	734
HWH	0	Consumer Cyclical	734
HARVIA.HE	81	Consumer Cyclical	734
FSKRS.HE	44	Consumer Cyclical	734
METSB.HE	25	Consumer Cyclical	734
PUUILO.HE	51	Consumer Cyclical	734
TYRES.HE	51	Consumer Cyclical	734
00027.HK	98	Consumer Cyclical	734
00175.HK	98	Consumer Cyclical	734
01928.HK	39	Consumer Cyclical	734
03690.HK	17	Consumer Cyclical	734
1585.HK	51	Consumer Cyclical	734
1929.HK	63	Consumer Cyclical	734
2238.HK	2	Consumer Cyclical	734
2338.HK	72	Consumer Cyclical	734
341.HK	44	Consumer Cyclical	734
300.HK	76	Consumer Cyclical	734
6181.HK	76	Consumer Cyclical	734
6690.HK	34	Consumer Cyclical	734
9868.HK	10	Consumer Cyclical	734
780.HK	100	Consumer Cyclical	734
9961.HK	56	Consumer Cyclical	734
INVZ	8	Consumer Cyclical	734
JACK	10	Consumer Cyclical	734
KRUS	29	Consumer Cyclical	734
LNWO	67	Consumer Cyclical	734
IBS.LS	81	Consumer Cyclical	734
VAF.LS	76	Consumer Cyclical	734
BKG.L	44	Consumer Cyclical	734
DFS.L	39	Consumer Cyclical	734
DOM.L	44	Consumer Cyclical	734
EVOK.L	25	Consumer Cyclical	734
FSTA.L	39	Consumer Cyclical	734
GAW.L	67	Consumer Cyclical	734
GYM.L	29	Consumer Cyclical	734
HEAD.L	3	Consumer Cyclical	734
HFD.L	44	Consumer Cyclical	734
HSW.L	44	Consumer Cyclical	734
MACF.L	39	Consumer Cyclical	734
MHID.L	95	Consumer Cyclical	734
MER.L	76	Consumer Cyclical	734
MKS.L	29	Consumer Cyclical	734
MOTR.L	39	Consumer Cyclical	734
NXT.L	93	Consumer Cyclical	734
OTB.L	44	Consumer Cyclical	734
PPH.L	63	Consumer Cyclical	734
RNK.L	29	Consumer Cyclical	734
TRN.L	39	Consumer Cyclical	734
TPT.L	25	Consumer Cyclical	734
VTY.L	10	Consumer Cyclical	734
XPS.L	76	Consumer Cyclical	734
WTB.L	19	Consumer Cyclical	734
ABDP.L	34	Consumer Cyclical	734
SOS.L	17	Consumer Cyclical	734
MCFT	56	Consumer Cyclical	734
MLKN	76	Consumer Cyclical	734
MPAA	29	Consumer Cyclical	734
VID.MC	56	Consumer Cyclical	734
DLG.MI	93	Consumer Cyclical	734
RACE.MI	90	Consumer Cyclical	734
PIRC.MI	83	Consumer Cyclical	734
ABG	17	Consumer Cyclical	734
AEO	51	Consumer Cyclical	734
AIN	29	Consumer Cyclical	734
AMCR	47	Consumer Cyclical	734
AKA.US	47	Consumer Cyclical	734
ANF	98	Consumer Cyclical	734
AN	29	Consumer Cyclical	734
APTV	72	Consumer Cyclical	734
ARCO	81	Consumer Cyclical	734
ATMU	95	Consumer Cyclical	734
AVY	81	Consumer Cyclical	734
BARK	13	Consumer Cyclical	734
BBWI	63	Consumer Cyclical	734
BIRK	81	Consumer Cyclical	734
BKE	96	Consumer Cyclical	734
BROS	44	Consumer Cyclical	734
BURL	47	Consumer Cyclical	734
BZH	39	Consumer Cyclical	734
CALY	95	Consumer Cyclical	734
CAVA	34	Consumer Cyclical	734
CCK	88	Consumer Cyclical	734
CHWY	17	Consumer Cyclical	734
CHH	47	Consumer Cyclical	734
CNNE	17	Consumer Cyclical	734
CPRI	34	Consumer Cyclical	734
CSV	67	Consumer Cyclical	734
CWH	13	Consumer Cyclical	734
DAN	51	Consumer Cyclical	734
DHI	44	Consumer Cyclical	734
DIN	39	Consumer Cyclical	734
EAT	63	Consumer Cyclical	734
GAP	76	Consumer Cyclical	734
GBTG	81	Consumer Cyclical	734
FUN.US	3	Consumer Cyclical	734
GME	86	Consumer Cyclical	734
GPC	19	Consumer Cyclical	734
HGV	19	Consumer Cyclical	734
HMC	34	Consumer Cyclical	734
HYLN	39	Consumer Cyclical	734
KMX	47	Consumer Cyclical	734
LCII	83	Consumer Cyclical	734
LEG	63	Consumer Cyclical	734
LOW	44	Consumer Cyclical	734
MBC	34	Consumer Cyclical	734
MGA	81	Consumer Cyclical	734
MNSO	47	Consumer Cyclical	734
MOD	83	Consumer Cyclical	734
MYE	95	Consumer Cyclical	734
ONON	96	Consumer Cyclical	734
OPLN	96	Consumer Cyclical	734
PHM	47	Consumer Cyclical	734
PKG	90	Consumer Cyclical	734
PLOW	93	Consumer Cyclical	734
QSR	67	Consumer Cyclical	734
RH	34	Consumer Cyclical	734
RSI	90	Consumer Cyclical	734
SBH	44	Consumer Cyclical	734
SCI	51	Consumer Cyclical	734
SES	5	Consumer Cyclical	734
SGHC	93	Consumer Cyclical	734
SIG	88	Consumer Cyclical	734
SN	99	Consumer Cyclical	734
SKY.US	93	Consumer Cyclical	734
TNL	72	Consumer Cyclical	734
VFC	63	Consumer Cyclical	734
VIPS	56	Consumer Cyclical	734
WSM	98	Consumer Cyclical	734
WWW	86	Consumer Cyclical	734
YETI	90	Consumer Cyclical	734
XPEV	6	Consumer Cyclical	734
YUM	51	Consumer Cyclical	734
ORLY	39	Consumer Cyclical	734
ARVLF	13	Consumer Cyclical	734
DMNIF	4	Consumer Cyclical	734
MTPLF	29	Consumer Cyclical	734
SNBRQ	8	Consumer Cyclical	734
REEAF.US	10	Consumer Cyclical	734
PRPL	1	Consumer Cyclical	734
PRTS	17	Consumer Cyclical	734
PTRN	93	Consumer Cyclical	734
AC.PA	51	Consumer Cyclical	734
ABEO.PA	72	Consumer Cyclical	734
AKW.PA	51	Consumer Cyclical	734
ALCAT.PA	93	Consumer Cyclical	734
ALDEL.PA	98	Consumer Cyclical	734
ALFOR.PA	6	Consumer Cyclical	734
ALHUN.PA	10	Consumer Cyclical	734
ALMRB.PA	76	Consumer Cyclical	734
ALPAS.PA	63	Consumer Cyclical	734
ALU10.PA	76	Consumer Cyclical	734
BAIN.PA	56	Consumer Cyclical	734
BEN.PA	11	Consumer Cyclical	734
CDI.PA	86	Consumer Cyclical	734
ELIOR.PA	63	Consumer Cyclical	734
FDJU.PA	17	Consumer Cyclical	734
FRVIA.PA	22	Consumer Cyclical	734
MDM.PA	25	Consumer Cyclical	734
MMB.PA	86	Consumer Cyclical	734
SMCP.PA	93	Consumer Cyclical	734
STLAP.PA	8	Consumer Cyclical	734
TRI.PA	76	Consumer Cyclical	734
QS	6	Consumer Cyclical	734
REYN	63	Consumer Cyclical	734
RICK	98	Consumer Cyclical	734
RRR	67	Consumer Cyclical	734
SBUX	44	Consumer Cyclical	734
SDA	39	Consumer Cyclical	734
SG	19	Consumer Cyclical	734
SHOE	39	Consumer Cyclical	734
SLGN	86	Consumer Cyclical	734
SPWH	19	Consumer Cyclical	734
STKS	5	Consumer Cyclical	734
CLASb.ST	72	Consumer Cyclical	734
HM-B.ST	63	Consumer Cyclical	734
NEWAb.ST	72	Consumer Cyclical	734
RUSTA.ST	76	Consumer Cyclical	734
ALL.ASX	95	Consumer Cyclical	734
AX1.ASX	17	Consumer Cyclical	734
CTT.ASX	10	Consumer Cyclical	734
KGN.ASX	25	Consumer Cyclical	734
MYR.ASX	3	Consumer Cyclical	734
NCK.ASX	72	Consumer Cyclical	734
TLC.ASX	19	Consumer Cyclical	734
WES.ASX	13	Consumer Cyclical	734
WJL.ASX	63	Consumer Cyclical	734
TDUP	5	Consumer Cyclical	734
THRM	83	Consumer Cyclical	734
TRS	81	Consumer Cyclical	734
TRIP	17	Consumer Cyclical	734
TSCO	25	Consumer Cyclical	734
TSLA	25	Consumer Cyclical	734
TXRH	47	Consumer Cyclical	734
1808.T	63	Consumer Cyclical	734
1928.T	76	Consumer Cyclical	734
3099.T	81	Consumer Cyclical	734
4661.T	72	Consumer Cyclical	734
6473.T	44	Consumer Cyclical	734
6674.T	25	Consumer Cyclical	734
7201.T	39	Consumer Cyclical	734
7211.T	81	Consumer Cyclical	734
7453.T	93	Consumer Cyclical	734
7269.T	88	Consumer Cyclical	734
9005.T	13	Consumer Cyclical	734
VFS	1	Consumer Cyclical	734
WEYS	93	Consumer Cyclical	734
WINA	63	Consumer Cyclical	734
WKHS	4	Consumer Cyclical	734
WEN	72	Consumer Cyclical	734
WYNN	63	Consumer Cyclical	734
XPEL	88	Consumer Cyclical	734
ZUMZ	72	Consumer Cyclical	734
CFR.ZU	76	Consumer Cyclical	734
UHR.ZU	17	Consumer Cyclical	734
APC	39	Energy	266
FUR.NV	20	Energy	266
VPK.NV	57	Energy	266
CHRD	92	Energy	266
HMU.DE	31	Energy	266
SLL.DE	24	Energy	266
0386.HK	9	Energy	266
0883.HK	74	Energy	266
1088.HK	20	Energy	266
1138.HK	90	Energy	266
2883.HK	63	Energy	266
GALP.LS	98	Energy	266
CNE.L	96	Energy	266
DCC.L	43	Energy	266
GMS.L	17	Energy	266
GKP.L	63	Energy	266
GENL.L	11	Energy	266
KAP.L	99	Energy	266
SEPL.L	88	Energy	266
TLW.L	24	Energy	266
TGA.L	20	Energy	266
AET.L	74	Energy	266
AXL.L	90	Energy	266
ENW.L	3	Energy	266
KIST.L	90	Energy	266
SOU.L	6	Energy	266
SEA.L	8	Energy	266
REP.MC	82	Energy	266
ENI.MI	82	Energy	266
TEN.MI	82	Energy	266
AESI	20	Energy	266
AMPY	13	Energy	266
AROC	69	Energy	266
BSM	60	Energy	266
CNR	31	Energy	266
CSAN	57	Energy	266
DKL	28	Energy	266
DINO	96	Energy	266
EE	69	Energy	266
EPD	39	Energy	266
E	17	Energy	266
EQNR	77	Energy	266
FET.US	27	Energy	266
GEL	47	Energy	266
IMO	35	Energy	266
KNTK	51	Energy	266
KOS	20	Energy	266
KGS.US	39	Energy	266
LB	47	Energy	266
LPG	96	Energy	266
MPLX.US	60	Energy	266
NAT	39	Energy	266
NBR	77	Energy	266
NOG	14	Energy	266
NXE	11	Energy	266
OKE	43	Energy	266
PARR	85	Energy	266
PBF	63	Energy	266
PBR	82	Energy	266
PUMP.US	9	Energy	266
REPX	88	Energy	266
SDRL	51	Energy	266
SLB	57	Energy	266
SU	99	Energy	266
STNG	93	Energy	266
TBN	27	Energy	266
UEC	1	Energy	266
UGP	85	Energy	266
URG	7	Energy	266
VG	69	Energy	266
VTOL	69	Energy	266
WHK	31	Energy	266
XOM	82	Energy	266
WTTR	85	Energy	266
YPF	43	Energy	266
PAGP	51	Energy	266
PAA	63	Energy	266
PR	88	Energy	266
ODET.PA	11	Energy	266
TTE.PA	77	Energy	266
VIRI.PA	88	Energy	266
BPT.ASX	31	Energy	266
BMN.ASX	9	Energy	266
WDS.ASX	43	Energy	266
YAL.ASX	51	Energy	266
WOR.ASX	20	Energy	266
TORO	11	Energy	266
1605.T	92	Energy	266
UROY	35	Energy	266
VNOM	43	Energy	266
WFRD	82	Energy	266
SBMO.NV	99	Energy	266
SHELL.NV	60	Energy	266
FLUX.BR	43	Energy	266
CLNE	31	Energy	266
FANG	60	Energy	266
4DS.DE	69	Energy	266
DR0.DE	96	Energy	266
GEOS	5	Energy	266
00135.HK	77	Energy	266
DEC.L	47	Energy	266
HBR.L	69	Energy	266
ENOG.L	21	Energy	266
HTG.L	39	Energy	266
RIGD.L	57	Energy	266
PHAR.L	47	Energy	266
ECO.L	9	Energy	266
EOG.L	3	Energy	266
BOR.L	2	Energy	266
PANR.L	7	Energy	266
HE1.L	3	Energy	266
NOG.L	35	Energy	266
QED.L	0	Energy	266
RKH.L	17	Energy	266
NEXT	5	Energy	266
AR.US	24	Energy	266
BKR	82	Energy	266
CCJ	24	Energy	266
BP.US	74	Energy	266
CMBT	82	Energy	266
COP	92	Energy	266
CVI.US	31	Energy	266
DTM	51	Energy	266
DNN	7	Energy	266
DHT	85	Energy	266
EQT	43	Energy	266
EGY	28	Energy	266
EPM	9	Energy	266
EXE	57	Energy	266
FRO	85	Energy	266
GPOR	24	Energy	266
HAL	72	Energy	266
HP	35	Energy	266
INSW	99	Energy	266
HLX	82	Energy	266
INVX	60	Energy	266
LNG	88	Energy	266
LBRT	60	Energy	266
MGY	96	Energy	266
MTDR	47	Energy	266
NOV	43	Energy	266
NVGS	98	Energy	266
OII	72	Energy	266
PSX	72	Energy	266
REI	39	Energy	266
RNGR	72	Energy	266
RRC	35	Energy	266
RES	39	Energy	266
SEI.US	82	Energy	266
SOBO	69	Energy	266
TDW	47	Energy	266
TOPS	69	Energy	266
TEN.US	96	Energy	266
TNK	96	Energy	266
TRP	27	Energy	266
TK	98	Energy	266
TTE	82	Energy	266
UUUU	4	Energy	266
VET.US	24	Energy	266
VAL.US	88	Energy	266
VIST	77	Energy	266
WDS	43	Energy	266
WKC	21	Energy	266
TGS.OL	17	Energy	266
PTEN	57	Energy	266
FDE.PA	51	Energy	266
NAE.PA	13	Energy	266
TE.PA	17	Energy	266
ALD.ASX	39	Energy	266
BOE.ASX	27	Energy	266
KAR.ASX	57	Energy	266
PDN.ASX	17	Energy	266
WHC.ASX	47	Energy	266
5019.T	69	Energy	266
ACDC	7	Energy	266
APA	74	Energy	266
TRMD-A.CO	60	Energy	266
GLNG	63	Energy	266
HMH	39	Energy	266
HPK	57	Energy	266
NESTE.HE	90	Energy	266
00857.HK	72	Energy	266
1171.HK	24	Energy	266
1898.HK	39	Energy	266
IEP	13	Energy	266
BP.L	72	Energy	266
ENQ.L	69	Energy	266
SHEL.L	51	Energy	266
CHAR.L	3	Energy	266
EME.L	6	Energy	266
ORCP.L	5	Energy	266
NWF.L	27	Energy	266
PXEN.L	1	Energy	266
STAR.L	35	Energy	266
UJO.L	13	Energy	266
SPM.MI	57	Energy	266
AM	35	Energy	266
BKV	51	Energy	266
BORR	31	Energy	266
BTU	13	Energy	266
CLB	24	Energy	266
CNQ	82	Energy	266
CNX	28	Energy	266
CRC	21	Energy	266
CQP	72	Energy	266
CRGY	72	Energy	266
CRK	17	Energy	266
CVE	100	Energy	266
CVX.US	92	Energy	266
DK	63	Energy	266
DVN	77	Energy	266
EC	69	Energy	266
EFXT	47	Energy	266
ENB	17	Energy	266
EOG	93	Energy	266
EROK	60	Energy	266
ET	69	Energy	266
FTI	90	Energy	266
GFR	20	Energy	266
GLP	27	Energy	266
GPRK	100	Energy	266
GRNT	27	Energy	266
HESM	35	Energy	266
KMI	43	Energy	266
KNOP	77	Energy	266
LEU	13	Energy	266
MPC	72	Energy	266
MUR	69	Energy	266
NGS	85	Energy	266
NFG	57	Energy	266
NE	39	Energy	266
OIS	57	Energy	266
OXY	92	Energy	266
OVV	88	Energy	266
PBA	24	Energy	266
RIG	47	Energy	266
SHEL	77	Energy	266
SM	77	Energy	266
SOC	3	Energy	266
SUN	57	Energy	266
TALO	98	Energy	266
TGS.US	90	Energy	266
TPL	28	Energy	266
TRGP	85	Energy	266
TS	51	Energy	266
TTI	63	Energy	266
USAC	57	Energy	266
VLO	93	Energy	266
VTS	31	Energy	266
WBI	69	Energy	266
WES	57	Energy	266
WHD	85	Energy	266
WMB	35	Energy	266
WTI	63	Energy	266
XPRO	47	Energy	266
VAR.OL	69	Energy	266
SUBC.OL	20	Energy	266
WCPRF	60	Energy	266
EC.PA	85	Energy	266
GTT.PA	93	Energy	266
MAU.PA	96	Energy	266
RUI.PA	43	Energy	266
NHC.ASX	57	Energy	266
STO.ASX	47	Energy	266
VEA.ASX	47	Energy	266
5020.T	51	Energy	266
ARTNA	91	Utilities	162
EKOP.BR	9	Utilities	162
DEWA.AE	94	Utilities	162
FRVO	23	Utilities	162
3SQ1.DE	9	Utilities	162
EBK.DE	31	Utilities	162
ETG.DE	83	Utilities	162
OEWA.DE	44	Utilities	162
PNE3.DE	15	Utilities	162
RWE.DE	91	Utilities	162
MVV1.DE	31	Utilities	162
UN0.DE	67	Utilities	162
HNRG	9	Utilities	162
FORTUM.HE	75	Utilities	162
00002.HK	72	Utilities	162
02688.HK	83	Utilities	162
0916.HK	38	Utilities	162
836.HK	99	Utilities	162
991.HK	83	Utilities	162
IMSR	10	Utilities	162
LNT	31	Utilities	162
RENE.LS	91	Utilities	162
NG.L	15	Utilities	162
PNN.L	72	Utilities	162
SVT.L	77	Utilities	162
MSEX	44	Utilities	162
IBE.MC	62	Utilities	162
IG.MI	86	Utilities	162
SRG.MI	75	Utilities	162
NWE	44	Utilities	162
AQN	11	Utilities	162
AVA	38	Utilities	162
BIP	23	Utilities	162
BKH	54	Utilities	162
CIG	75	Utilities	162
CPK	31	Utilities	162
CTRI	62	Utilities	162
DTE	15	Utilities	162
ED	54	Utilities	162
ELPC	72	Utilities	162
EMA	31	Utilities	162
ENIC	44	Utilities	162
ES	44	Utilities	162
EVRG	15	Utilities	162
GNE	92	Utilities	162
NEE	44	Utilities	162
NRG	58	Utilities	162
ORA.US	62	Utilities	162
PNW	23	Utilities	162
SBS	91	Utilities	162
SO	23	Utilities	162
SRE	83	Utilities	162
SWX	86	Utilities	162
WEC	15	Utilities	162
AXICY	100	Utilities	162
PCYO	83	Utilities	162
ALAGP.PA	6	Utilities	162
ENGI.PA	83	Utilities	162
RNW	77	Utilities	162
ORRON.ST	3	Utilities	162
9503.T	86	Utilities	162
AEP	31	Utilities	162
ELI.BR	99	Utilities	162
CEG	67	Utilities	162
ENLT	93	Utilities	162
TABREED.AE	91	Utilities	162
ABO.DE	91	Utilities	162
EOAN.DE	67	Utilities	162
00006.HK	58	Utilities	162
0902.HK	58	Utilities	162
1071.HK	23	Utilities	162
3.HK	67	Utilities	162
DRX.L	23	Utilities	162
SSE.L	86	Utilities	162
TEP.L	58	Utilities	162
TRIG.L	2	Utilities	162
UU.L	95	Utilities	162
ANE.MC	72	Utilities	162
ENG.MC	44	Utilities	162
NTGY.MC	92	Utilities	162
TRN.MI	67	Utilities	162
AWK	31	Utilities	162
ATO	54	Utilities	162
AXIAY	98	Utilities	162
BIPC	15	Utilities	162
CMS	54	Utilities	162
CNP	54	Utilities	162
CWEN	38	Utilities	162
CWT	31	Utilities	162
EDN	58	Utilities	162
EIX	23	Utilities	162
FTS	23	Utilities	162
KEN	31	Utilities	162
MDU	31	Utilities	162
NGG	15	Utilities	162
NI	54	Utilities	162
NRGV	23	Utilities	162
OKLO	4	Utilities	162
OGS	38	Utilities	162
POR	23	Utilities	162
PPL	62	Utilities	162
VST	62	Utilities	162
WTRG	31	Utilities	162
ALESE.PA	38	Utilities	162
ALMIN.PA	54	Utilities	162
ALOKW.PA	7	Utilities	162
ELEC.PA	94	Utilities	162
RGCO	67	Utilities	162
TLN	7	Utilities	162
9501.T	54	Utilities	162
9531.T	72	Utilities	162
YORW.US	86	Utilities	162
ORSTED.CO	97	Utilities	162
EMPOWER.AE	97	Utilities	162
EXC	67	Utilities	162
FLNC	2	Utilities	162
EKT.DE	31	Utilities	162
HTO	97	Utilities	162
00384.HK	54	Utilities	162
1038.HK	72	Utilities	162
1193.HK	23	Utilities	162
1816.HK	58	Utilities	162
CNA.L	86	Utilities	162
MGEE	38	Utilities	162
MWH	72	Utilities	162
ELE.MC	72	Utilities	162
RED.MC	83	Utilities	162
ENEL.MI	31	Utilities	162
AEE	54	Utilities	162
AES	75	Utilities	162
AWR	83	Utilities	162
BEPC	6	Utilities	162
CEPU	98	Utilities	162
D	44	Utilities	162
DUK	44	Utilities	162
ETR	62	Utilities	162
FE	38	Utilities	162
HE	4	Utilities	162
IDA	38	Utilities	162
KEP	93	Utilities	162
NJR	38	Utilities	162
NWN	54	Utilities	162
OGE	54	Utilities	162
PCG	62	Utilities	162
PEG	54	Utilities	162
SR	54	Utilities	162
STEM	9	Utilities	162
TAC	75	Utilities	162
TXNM	83	Utilities	162
UGI	54	Utilities	162
UTL	44	Utilities	162
XIFR	54	Utilities	162
ALAGO.PA	1	Utilities	162
ALHAF.PA	2	Utilities	162
HDF.PA	91	Utilities	162
VLTSA.PA	83	Utilities	162
AGL.ASX	38	Utilities	162
APA.ASX	75	Utilities	162
ORG.ASX	23	Utilities	162
9532.T	38	Utilities	162
9502.T	10	Utilities	162
XEL	44	Utilities	162
