2026-09-07	00001.HK	69.25														5.8	4	2.0	1.0	1.0	1.0	1.5	0.5	2.5	4	0.5	0.5	0.0	0.5	1.0	5.8	4
2026-09-07	00002.HK	77.1500015258789														4.2	4	0.0	1.0	1.0	1.0	1.5	0.5	3.0	4	0.5	1.0	0.0	0.5	1.0	4.2	4
2026-09-07	00006.HK	60.54999923706055														4.2	4	0.0	1.0	1.0	1.0	2.0	0.0	1.5	4	0.5	0.0	0.0	0.0	1.0	4.2	4
2026-09-07	00016.HK	119.19999694824219														7.5	4	2.0	1.0	1.0	1.0	2.0	2.0	2.0	4	1.0	0.0	0.0	0.0	1.0	7.5	4
2026-09-07	00017.HK	6.550000190734863														4.2	4	2.0	1.0	1.0	1.0	0.0	0.0	4.0	4	1.0	1.5	0.0	0.5	1.0	4.2	4
2026-09-07	00019.HK	106.69999694824219														5.8	4	2.0	1.0	1.0	1.0	1.0	1.0	3.0	4	0.0	2.0	0.0	0.0	1.0	5.8	4
2026-09-07	00027.HK	33.70000076293945														5.4	5	1.5	1.0	1.0	0.0	2.0	1.0	2.0	4	0.5	0.5	0.0	0.0	1.0	5.4	5
2026-09-07	00066.HK	33.119998931884766														6.2	4	2.0	1.0	1.0	1.0	2.0	0.5	2.0	4	0.5	0.0	0.0	0.5	1.0	6.2	4
2026-09-07	00135.HK	7.309999942779541														5.4	4	1.5	1.0	1.0	1.0	1.0	1.0	1.5	4	0.5	0.0	0.0	0.0	1.0	5.4	4
2026-09-07	00175.HK	16.790000915527344														6.2	4	2.0	1.0	1.0	1.0	1.0	1.5	2.0	4	0.0	1.0	0.0	0.0	1.0	6.2	4
2026-09-07	00241.HK	3.1649999618530273														5.8	4	2.0	1.0	1.0	1.0	1.0	1.0	4.5	4	1.5	2.0	0.0	0.0	1.0	5.8	4
2026-09-07	00257.HK	5.005000114440918														5.8	4	2.0	1.0	1.0	1.0	1.5	0.5	2.5	4	0.5	0.0	0.0	1.0	1.0	5.8	4
2026-09-07	00268.HK	8.375														6.2	4	2.0	1.0	1.0	1.0	1.0	1.5	2.5	4	1.0	0.5	0.0	0.0	1.0	6.2	4
2026-09-07	00285.HK	26.8799991607666														5.8	4	2.0	1.0	1.0	1.0	1.0	1.0	2.5	4	0.0	0.5	1.0	0.0	1.0	5.8	4
2026-09-07	00322.HK	12.619999885559082														4.2	4	0.0	1.0	1.0	1.0	1.0	1.0	2.5	4	0.0	0.5	0.0	1.0	1.0	4.2	4
2026-09-07	00384.HK	5.639999866485596														4.6	4	1.5	1.0	1.0	1.0	1.0	0.0	4.0	4	1.0	1.0	0.0	1.0	1.0	4.6	4
2026-09-07	00388.HK	404.0														6.7	5	0.5	1.0	1.0	2.0	2.0	1.5	2.0	4	1.0	0.0	0.0	0.0	1.0	6.7	5
2026-09-07	00763.HK	23.799999237060547														5.4	5	2.0	1.0	1.0	0.0	1.0	1.5	4.0	4	0.5	1.5	0.0	1.0	1.0	5.4	5
2026-09-07	00857.HK	9.960000038146973														5.8	5	2.0	1.0	1.0	0.5	1.0	1.5	1.5	4	0.5	0.0	0.0	0.0	1.0	5.8	5
2026-09-07	00880.HK	1.4299999475479126														3.8	5	2.0	1.0	1.0	0.0	0.5	0.0	4.5	4	0.5	1.5	0.0	1.5	1.0	3.8	5
2026-09-07	00966.HK	21.860000610351562														7.5	4	2.0	1.0	1.0	1.0	2.0	2.0	3.5	4	1.0	0.5	0.0	1.0	1.0	7.5	4
2026-09-07	00981.HK	68.30000305175781														7.5	5	1.5	1.0	1.0	2.0	1.5	2.0	1.5	4	0.0	0.0	0.0	0.5	1.0	7.5	5
2026-09-07	01055.HK	3.055000066757202														5.4	4	2.0	1.0	1.0	1.0	0.5	1.0	5.0	4	0.0	2.0	0.0	2.0	1.0	5.4	4
2026-09-07	01093.HK	9.680000305175781														7.5	5	1.5	1.0	1.0	1.5	2.0	2.0	1.5	4	0.5	0.0	0.0	0.0	1.0	7.5	5
2026-09-07	01113.HK	46.91999816894531														7.1	4	2.0	1.0	1.0	1.0	1.5	2.0	2.0	4	0.5	0.5	0.0	0.0	1.0	7.1	4
2026-09-07	01114.HK	1.9049999713897705														7.5	4	2.0	1.0	1.0	1.0	2.0	2.0	3.5	4	0.5	2.0	0.0	0.0	1.0	7.5	4
2026-09-07	01128.HK	5.775000095367432														5.4	5	2.0	1.0	1.0	0.0	1.0	1.5	3.0	3	1.0	0.0	0.0	1.0	1.0	5.4	5
2026-09-07	01177.HK	5.46999979019165														6.2	4	2.0	1.0	1.0	1.0	1.0	1.5	2.5	4	0.5	0.5	0.0	0.5	1.0	6.2	4
2026-09-07	01211.HK	84.5														5.0	5	2.0	1.0	1.0	0.5	1.0	0.5	2.0	4	0.0	0.5	0.0	0.5	1.0	5.0	5
2026-09-07	01336.HK	49.099998474121094														7.5	4	2.0	1.0	1.0	1.0	2.0	2.0	3.5	4	1.0	0.5	0.0	1.0	1.0	7.5	4
2026-09-07	01928.HK	14.180000305175781														5.8	5	2.0	1.0	1.0	0.0	1.5	1.5	4.0	4	0.0	1.0	0.0	2.0	1.0	5.8	5
2026-09-07	02018.HK	43.5														5.8	4	2.0	1.0	1.0	1.0	1.0	1.0	3.0	4	1.5	0.0	0.0	0.5	1.0	5.8	4
2026-09-07	02020.HK	75.8499984741211														5.8	4	1.0	1.0	1.0	1.0	1.5	1.5	2.5	4	0.5	0.5	0.0	0.5	1.0	5.8	4
2026-09-07	02196.HK	17.350000381469727														5.4	5	1.5	1.0	2.0	0.0	1.0	1.0	4.5	4	0.0	1.0	2.0	0.5	1.0	5.4	5
2026-09-07	02269.HK	48.47999954223633														7.1	4	2.0	1.0	1.0	1.0	2.0	1.5	2.0	4	0.5	0.5	0.0	0.0	1.0	7.1	4
2026-09-07	02313.HK	36.86000061035156														4.6	4	0.5	1.0	1.0	1.0	1.5	0.5	4.0	4	1.0	1.5	0.0	0.5	1.0	4.6	4
2026-09-07	02319.HK	18.229999542236328														5.8	4	2.0	1.0	1.0	1.0	1.0	1.0	2.0	4	0.0	0.5	0.0	0.5	1.0	5.8	4
2026-09-07	02382.HK	69.55000305175781														5.8	4	1.0	1.0	1.0	1.0	1.5	1.5	2.0	4	1.0	0.0	0.0	0.0	1.0	5.8	4
2026-09-07	02386.HK	5.744999885559082														6.7	4	1.5	1.0	2.0	1.0	1.0	1.5	4.0	4	0.5	0.5	2.0	0.0	1.0	6.7	4
2026-09-07	02388.HK	52.79999923706055														5.4	4	0.5	1.0	1.0	1.0	2.0	1.0	4.0	3	0.0	2.0	0.0	1.0	1.0	5.4	4
2026-09-07	02688.HK	49.52000045776367														4.6	4	0.5	1.0	1.0	1.0	1.0	1.0	2.5	4	0.5	0.5	0.0	0.5	1.0	4.6	4
2026-09-07	03690.HK	80.05000305175781														4.6	5	0.0	1.0	1.0	2.0	0.0	1.5	1.5	4	0.0	0.0	0.0	0.5	1.0	4.6	5
2026-09-07	0386.HK	4.724999904632568	4.8	8	1.0	1.0	1.0	1.0	2.0	2.0	0.0	1.0	0.5	1.0	0.0	5.0	5	2.0	1.0	1.0	0.0	1.0	1.0	2.0	4	0.5	0.0	0.0	0.5	1.0	4.9	13
2026-09-07	0390.HK	3.3499999046325684														5.0	4	1.5	1.0	1.0	1.0	1.0	0.5	3.5	4	0.0	1.5	0.0	1.0	1.0	5.0	4
2026-09-07	03908.HK	21.459999084472656														8.3	5	2.0	1.0	1.0	2.0	2.0	2.0	4.5	4	1.0	0.5	0.0	2.0	1.0	8.3	5
2026-09-07	03993.HK	16.3700008392334														7.1	4	2.0	1.0	1.0	1.0	1.5	2.0	3.0	4	1.0	0.5	0.0	0.5	1.0	7.1	4
2026-09-07	0434.HK	3.0399999618530273														4.6	3	1.0	1.0	1.0	1.0	0.0	1.5	2.0	4	0.0	1.0	0.0	0.0	1.0	4.6	3
2026-09-07	06060.HK	11.270000457763672														5.4	4	1.0	1.0	1.0	1.0	1.0	1.5	2.5	4	1.0	0.5	0.0	0.0	1.0	5.4	4
2026-09-07	0656.HK	5.204999923706055	4.8	7	2.0	1.5	1.0	1.0	2.0	1.0	1.0	1.0	0.0	0.0	0.0	2.9	4	0.0	1.0	1.0	1.0	0.0	0.5	2.5	4	0.0	0.5	0.0	1.0	1.0	4.2	11
2026-09-07	06862.HK	11.279999732971191														5.8	4	2.0	1.0	1.0	1.0	1.0	1.0	3.5	4	0.5	1.5	0.0	0.5	1.0	5.8	4
2026-09-07	0688.HK	12.90999984741211	5.7	8	1.5	2.0	1.0	1.0	0.0	2.0	1.0	1.0	0.5	0.5	2.0	6.2	4	2.0	1.0	1.0	1.0	1.0	1.5	2.5	4	0.5	0.5	0.0	0.5	1.0	5.8	12
2026-09-07	06881.HK	7.775000095367432														7.5	4	2.0	1.0	1.0	1.0	2.0	2.0	4.5	4	0.5	1.0	0.0	2.0	1.0	7.5	4
2026-09-07	06886.HK	17.700000762939453														7.5	4	2.0	1.0	1.0	1.0	2.0	2.0	3.5	4	0.5	0.0	0.0	2.0	1.0	7.5	4
2026-09-07	0700.HK	438.3999938964844	5.9	9	1.5	2.0	1.0	1.0	0.0	2.0	1.5	1.0	1.5	0.5	1.0	6.2	5	1.5	1.0	1.0	0.5	2.0	1.5	3.0	4	0.5	1.0	0.0	0.5	1.0	6.0	14
2026-09-07	0728.HK	4.579999923706055	4.8	8	1.5	2.0	1.0	1.0	0.0	2.0	0.5	1.0	1.0	0.5	0.0	4.2	4	0.5	1.0	1.0	1.0	1.0	0.5	2.5	4	0.5	1.0	0.0	0.0	1.0	4.6	12
2026-09-07	0753.HK	3.8399999141693115	3.0	8	1.0	2.0	1.0	1.0	0.0	0.0	1.0	0.0	0.0	0.5	0.0	3.8	4	0.0	1.0	1.0	1.0	0.5	1.0	4.5	4	0.0	1.5	0.0	2.0	1.0	3.2	12
2026-09-07	0762.HK	5.664999961853027	4.5	8	1.5	2.0	1.0	1.0	0.0	2.0	1.0	1.0	0.5	0.0	0.0	4.2	4	0.0	1.0	1.0	1.0	1.0	1.0	3.0	4	0.5	1.5	0.0	0.0	1.0	4.4	12
2026-09-07	0883.HK	24.8799991607666	6.4	8	1.5	2.0	1.0	1.0	2.0	2.0	0.0	1.0	1.5	0.0	2.0	6.7	5	2.0	1.0	1.0	0.0	2.0	2.0	1.0	4	0.0	0.0	0.0	0.0	1.0	6.5	13
2026-09-07	0902.HK	5.659999847412109	4.5	7	0.5	1.5	1.0	1.0	0.0	2.0	1.0	1.0	1.0	1.0	0.0	5.4	4	2.0	1.0	1.0	1.0	1.0	0.5	4.0	4	0.5	1.0	0.0	1.5	1.0	4.8	11
2026-09-07	0914.HK	16.690000534057617	6.1	9	1.5	2.0	1.0	1.0	0.0	1.0	1.5	1.5	0.5	1.5	2.0	2.5	5	0.0	1.0	1.0	0.0	1.0	0.0	2.5	4	0.0	1.5	0.0	0.0	1.0	5.0	14
2026-09-07	0916.HK	5.364999771118164	5.7	8	1.5	2.0	1.0	1.0	0.0	2.0	1.0	2.0	0.5	1.5	0.0	5.8	4	2.0	1.0	1.0	1.0	1.5	0.5	4.0	4	0.5	1.0	0.0	1.5	1.0	5.7	12
2026-09-07	0939.HK	9.53499984741211														5.8	5	1.5	1.0	1.0	0.5	2.0	1.0	3.0	3	0.0	1.0	0.0	1.0	1.0	5.8	5
2026-09-07	0941.HK	79.0999984741211	4.5	9	1.5	2.0	1.0	1.0	0.0	2.0	0.5	1.0	1.0	0.0	0.0	4.2	4	0.0	1.0	1.0	1.0	1.5	0.5	1.5	4	0.0	0.5	0.0	0.0	1.0	4.4	13
2026-09-07	0968.HK	2.180000066757202	5.5	7	2.0	2.0	1.0	1.0	0.0	1.5	1.0	1.0	0.0	0.5	2.0	5.0	4	2.0	1.0	1.0	1.0	1.0	0.0	4.0	4	1.5	1.0	0.0	0.5	1.0	5.3	11
2026-09-07	0992.HK	32.36000061035156	5.7	8	1.5	1.5	1.0	1.0	2.0	0.5	2.0	1.0	1.0	1.0	0.0	7.5	5	2.0	1.0	1.0	2.0	1.0	2.0	4.0	4	1.0	1.0	0.0	1.0	1.0	6.2	13
2026-09-07	0998.HK	8.279999732971191	6.1	8	1.5	1.5	1.0	1.0	2.0	2.0	1.0	1.0	1.0	0.5	1.0	5.0	4	1.0	1.0	0.5	1.0	2.0	0.5	4.0	3	0.0	1.0	1.0	1.0	1.0	5.8	12
2026-09-07	0B2.DE	178.39999389648438	7.0	6	2.0	1.5	1.0	1.0	2.0	2.0	1.0	1.0	1.5	1.5	1.0	5.8	4	1.0	1.0	1.0	1.0	2.0	1.0	4.0	3	0.5	1.5	0.0	1.0	1.0	6.6	10
2026-09-07	101.HK	7.070000171661377														7.1	4	2.0	1.0	1.0	1.0	1.5	2.0	3.5	4	0.5	1.5	0.0	0.5	1.0	7.1	4
2026-09-07	1024.HK	33.97999954223633	5.0	9	1.5	2.0	1.0	1.0	0.0	0.5	1.5	0.0	1.5	1.0	1.0	5.0	5	1.5	1.0	1.0	0.0	1.5	1.0	5.0	4	1.5	2.0	0.0	0.5	1.0	5.0	14
2026-09-07	1038.HK	65.8499984741211	6.1	7	1.5	1.5	1.0	1.0	2.0	2.0	1.0	1.0	1.5	0.0	1.0	5.4	4	0.5	1.0	1.0	1.0	2.0	1.0	2.5	4	0.5	1.0	0.0	0.0	1.0	5.9	11
2026-09-07	1044.HK	21.579999923706055	4.5	8	1.0	1.5	1.0	1.0	0.0	2.0	1.0	0.0	1.0	0.5	1.0	4.6	4	0.5	1.0	1.0	1.0	1.5	0.5	4.0	4	0.5	1.5	0.0	1.0	1.0	4.5	12
2026-09-07	1071.HK	3.984999895095825	5.5	7	1.5	2.0	1.0	1.0	1.0	2.0	1.0	1.0	1.0	0.5	0.0	5.4	4	2.0	1.0	1.0	1.0	1.0	0.5	2.5	4	0.0	0.5	0.0	1.0	1.0	5.5	11
2026-09-07	1072.HK	19.959999084472656	4.8	8	2.0	2.0	1.0	1.0	0.0	0.5	0.0	1.0	1.0	1.0	1.0	3.8	4	0.0	1.0	1.0	1.0	1.0	0.5	2.5	4	0.5	1.0	0.0	0.0	1.0	4.5	12
2026-09-07	1088.HK	44.65999984741211	5.9	9	1.5	1.5	1.0	1.0	2.0	2.0	1.5	1.0	1.0	0.5	0.0	5.0	4	0.0	1.0	1.0	1.0	1.5	1.5	2.0	4	0.0	0.0	1.0	0.0	1.0	5.6	13
2026-09-07	1099.HK	15.829999923706055	6.4	7	2.0	2.0	1.0	1.0	0.0	2.0	1.0	1.0	1.0	2.0	1.0	4.6	4	1.0	1.0	1.0	1.0	1.0	0.5	3.0	4	0.0	1.5	0.0	0.5	1.0	5.9	11
2026-09-07	1109.HK	29.8799991607666	5.9	8	1.5	2.0	1.0	1.0	0.0	2.0	1.0	1.0	1.0	0.5	2.0	4.6	4	1.5	1.0	1.0	1.0	1.0	0.0	2.5	4	0.5	0.5	0.0	0.5	1.0	5.5	12
2026-09-07	1138.HK	17.329999923706055	6.1	9	2.0	2.0	1.0	1.0	2.0	1.0	0.0	1.0	1.5	1.0	1.0	7.9	5	2.0	1.0	1.0	1.5	2.0	2.0	2.5	4	0.5	0.5	0.0	0.5	1.0	6.6	14
2026-09-07	1157.HK	5.940000057220459	6.1	8	2.0	2.0	1.0	1.0	0.0	2.0	1.0	1.0	1.0	0.5	2.0	4.6	4	0.0	1.0	1.0	1.0	1.0	1.5	3.5	4	0.0	2.0	0.0	0.5	1.0	5.6	12
2026-09-07	1171.HK	12.960000038146973	5.5	8	1.0	1.5	1.0	1.0	2.0	2.0	1.0	1.0	1.0	0.5	0.0	6.7	4	2.0	1.0	1.0	1.0	1.0	2.0	1.5	4	0.0	0.0	0.0	0.5	1.0	5.9	12
2026-09-07	1179.HK	35.560001373291016	6.8	8	1.5	2.0	1.0	1.0	1.0	2.0	2.0	1.0	2.0	0.5	1.0	5.4	5	0.5	1.0	1.0	1.0	1.5	1.5	2.5	4	0.0	0.0	0.0	1.5	1.0	6.4	13
2026-09-07	1186.HK	4.414999961853027														4.6	4	1.5	1.0	1.0	1.0	1.0	0.0	5.5	4	0.0	2.0	1.0	1.5	1.0	4.6	4
2026-09-07	1193.HK	16.65999984741211	5.0	8	1.0	1.0	1.0	1.0	1.0	2.0	1.0	1.5	1.0	0.5	0.0	4.6	4	0.5	1.0	1.0	1.0	1.0	1.0	2.5	4	0.5	0.5	0.0	0.5	1.0	4.9	12
2026-09-07	12.HK	26.559999465942383														7.5	4	2.0	1.0	1.0	1.0	2.0	2.0	3.5	4	1.0	1.0	0.0	0.5	1.0	7.5	4
2026-09-07	1209.HK	39.900001525878906	6.8	8	1.5	2.0	1.0	1.0	1.0	2.0	1.0	1.0	2.0	0.5	2.0	5.8	4	1.0	1.0	1.0	1.0	2.0	1.0	2.0	4	0.5	0.5	0.0	0.0	1.0	6.5	12
2026-09-07	1288.HK	6.380000114440918	7.0	8	1.5	1.5	1.0	1.0	2.0	2.0	1.5	1.5	1.0	1.5	1.0	6.2	5	1.5	1.0	1.0	0.5	2.0	1.5	3.0	3	0.0	1.0	0.0	1.0	1.0	6.8	13
2026-09-07	1299.HK	77.0999984741211	7.3	7	2.0	2.0	1.0	1.0	1.0	2.0	1.0	1.0	1.5	1.5	2.0	5.8	4	1.5	1.0	1.0	1.0	2.0	0.5	2.0	4	0.5	0.0	0.0	0.5	1.0	6.8	11
2026-09-07	1308.HK	46.060001373291016	7.3	8	2.0	1.0	1.0	1.0	2.0	1.5	1.0	2.0	2.0	0.5	2.0	6.7	4	1.5	1.0	1.0	1.0	2.0	1.5	3.0	4	1.0	1.0	0.0	0.0	1.0	7.1	12
2026-09-07	1317.HK	0.17000000178813934														5.0	4	1.0	1.0	1.0	1.0	2.0	0.0	4.0	4	0.0	1.5	0.0	1.5	1.0	5.0	4
2026-09-07	1318.HK	50.099998474121094	5.5	8	2.0	2.0	1.0	1.0	0.0	1.0	1.0	0.5	2.0	0.5	1.0	7.5	4	2.0	1.0	1.0	1.0	2.0	2.0	3.5	3	1.0	1.5	0.0	0.0	1.0	6.1	12
2026-09-07	1332.T	1208.5														6.2	5	1.5	1.0	1.0	1.5	1.0	1.5	3.5	4	0.0	0.5	1.0	1.0	1.0	6.2	5
2026-09-07	1339.HK	6.054999828338623	7.3	8	1.5	2.0	1.0	1.0	2.0	1.5	1.0	1.5	1.5	1.0	2.0	6.2	4	2.0	1.0	1.0	1.0	1.0	1.5	3.0	4	0.5	0.0	1.0	0.5	1.0	7.0	12
2026-09-07	1347.HK	115.0999984741211	5.0	9	1.5	2.0	1.0	1.0	1.0	1.0	0.0	0.5	0.0	1.0	2.0	7.5	5	2.0	1.0	1.0	2.0	1.0	2.0	3.0	4	1.5	0.0	0.0	0.5	1.0	5.8	14
2026-09-07	1359.HK	0.9100000262260437														4.2	3	1.0	1.0	1.0	1.0	1.0	0.0	5.0	4	0.5	1.5	0.0	2.0	1.0	4.2	3
2026-09-07	1378.HK	23.15999984741211	6.1	8	2.0	2.0	1.0	1.0	1.0	0.5	1.0	1.0	1.5	0.5	2.0	6.2	4	2.0	1.0	1.0	1.0	1.5	1.0	3.5	4	1.0	1.0	0.0	0.5	1.0	6.1	12
2026-09-07	1398.HK	7.505000114440918														5.8	5	1.5	1.0	1.0	0.5	2.0	1.0	3.0	3	0.0	1.0	0.0	1.0	1.0	5.8	5
2026-09-07	144.HK	16.309999465942383														5.4	4	0.0	1.0	1.0	1.0	2.0	1.5	2.0	4	0.5	0.5	0.0	0.0	1.0	5.4	4
2026-09-07	1456.HK	3.9100000858306885														7.1	4	2.0	1.0	1.0	1.0	2.0	1.5	4.0	4	0.0	1.5	0.0	1.5	1.0	7.1	4
2026-09-07	151.HK	3.009999990463257														5.4	4	1.0	1.0	1.0	1.0	1.5	1.0	4.0	4	0.0	2.0	1.0	0.0	1.0	5.4	4
2026-09-07	1519.HK	9.704999923706055	5.5	7	1.5	2.0	1.0	1.0	0.0	2.0	1.0	1.0	1.0	0.5	1.0	6.7	4	2.0	1.0	1.0	1.0	1.0	2.0	3.0	4	1.0	0.0	0.0	1.0	1.0	5.9	11
2026-09-07	1530.HK	16.040000915527344	6.1	7	1.5	2.0	1.0	1.0	0.0	2.0	1.0	1.0	2.0	1.0	1.0	5.4	4	0.5	1.0	1.0	1.0	2.0	1.0	2.5	4	0.0	1.5	0.0	0.0	1.0	5.9	11
2026-09-07	1585.HK	8.890000343322754	5.5	7	2.0	2.0	1.0	1.0	0.0	1.5	1.0	1.0	2.0	0.5	0.0	5.4	4	2.0	1.0	1.0	1.0	1.0	0.5	3.5	4	0.5	2.0	0.0	0.0	1.0	5.5	11
2026-09-07	1605.T	3788.0														4.2	5	0.5	1.0	1.0	0.0	2.0	0.5	1.0	4	0.0	0.0	0.0	0.0	1.0	4.2	5
2026-09-07	1618.HK	1.3450000286102295														4.2	3	1.0	1.0	1.0	1.0	1.0	0.0	4.5	4	1.0	2.0	0.0	0.5	1.0	4.2	3
2026-09-07	1628.HK	0.11100000143051147														7.1	4	2.0	1.0	1.0	1.0	2.0	1.5	4.5	4	0.0	1.5	0.0	2.0	1.0	7.1	4
2026-09-07	1658.HK	5.375														5.8	5	0.5	1.0	1.0	2.0	2.0	0.5	2.0	3	0.0	0.0	0.0	1.0	1.0	5.8	5
2026-09-07	168.HK	40.939998626708984														4.2	5	0.0	1.0	1.0	1.0	1.5	0.5	2.5	4	0.0	1.5	0.0	0.0	1.0	4.2	5
2026-09-07	1698.HK	32.2400016784668	5.5	8	1.5	2.0	1.0	1.0	0.0	1.0	1.5	1.0	1.0	0.0	2.0	5.4	5	1.5	1.0	1.0	0.0	2.0	1.0	4.0	4	1.0	2.0	0.0	0.0	1.0	5.5	13
2026-09-07	1721.T	5419.0														5.0	4	1.0	1.0	1.0	1.0	1.0	1.0	1.5	4	0.0	0.5	0.0	0.0	1.0	5.0	4
2026-09-07	1766.HK	5.425000190734863														5.0	5	2.0	1.0	1.0	0.0	1.0	1.0	1.0	4	0.0	0.0	0.0	0.0	1.0	5.0	5
2026-09-07	177.HK	9.90999984741211														5.4	4	0.5	1.0	1.0	1.0	2.0	1.0	2.5	3	1.0	0.0	0.0	0.5	1.0	5.4	4
2026-09-07	1772.HK	36.41999816894531	6.4	9	1.0	2.0	1.0	1.0	0.0	2.0	2.0	2.0	1.0	1.0	1.0	6.2	5	2.0	1.0	1.0	0.0	1.5	2.0	3.5	4	0.5	1.5	0.0	0.5	1.0	6.3	14
2026-09-07	1776.HK	18.3700008392334														7.5	4	2.0	1.0	1.0	1.0	2.0	2.0	3.5	4	0.5	0.0	0.0	2.0	1.0	7.5	4
2026-09-07	1787.HK	25.799999237060547	4.1	8	1.0	0.0	1.0	1.0	1.0	2.0	1.0	0.0	1.0	1.0	0.0	4.2	4	1.0	1.0	1.0	1.0	1.0	0.0	3.0	4	0.5	0.5	0.0	1.0	1.0	4.1	12
2026-09-07	1797.HK	26.68000030517578	6.1	7	2.0	2.0	1.0	1.0	2.0	1.0	1.0	1.0	1.0	0.5	1.0	5.0	4	0.0	1.0	1.0	1.0	1.0	2.0	3.0	4	2.0	0.0	0.0	0.0	1.0	5.8	11
2026-09-07	1800.HK	3.515000104904175	4.1	7	1.0	1.5	1.0	1.0	0.0	2.0	1.0	1.0	0.5	0.0	0.0	5.0	4	1.5	1.0	1.0	1.0	1.0	0.5	4.5	4	0.0	2.0	0.0	1.5	1.0	4.4	11
2026-09-07	1801.HK	101.30000305175781	7.3	7	1.5	2.0	1.0	1.0	2.0	2.0	1.0	1.0	1.0	1.5	2.0	6.7	4	2.0	1.0	1.0	1.0	1.0	2.0	1.5	4	0.0	0.5	0.0	0.0	1.0	7.1	11
2026-09-07	1801.T	12825.0														7.1	5	2.0	1.0	1.0	2.0	1.0	1.5	2.5	4	0.5	0.5	0.0	0.5	1.0	7.1	5
2026-09-07	1802.T	3018.0														5.4	5	2.0	1.0	1.0	0.0	1.0	1.5	1.5	4	0.0	0.5	0.0	0.0	1.0	5.4	5
2026-09-07	1803.T	2417.0														4.6	4	0.5	1.0	1.0	1.0	1.0	1.0	2.0	4	0.0	0.5	0.0	0.5	1.0	4.6	4
2026-09-07	1808.T	2842.0														4.6	5	1.0	1.0	1.0	0.5	1.0	1.0	1.5	4	0.0	0.0	0.0	0.5	1.0	4.6	5
2026-09-07	1810.HK	27.5	5.9	9	1.5	1.5	1.0	1.0	1.0	1.5	1.5	1.5	1.0	0.5	1.0	3.3	5	0.5	1.0	1.0	0.0	1.0	0.5	2.5	4	0.5	1.0	0.0	0.0	1.0	5.1	14
2026-09-07	1812.T	5016.0														5.0	5	0.5	1.0	1.0	2.0	1.0	0.5	2.0	4	0.0	0.5	0.0	0.5	1.0	5.0	5
2026-09-07	1816.HK	3.0399999618530273	5.2	7	1.5	2.0	1.0	1.0	1.0	1.0	1.0	1.0	1.0	1.0	0.0	6.2	4	1.5	1.0	1.0	1.0	1.5	1.5	2.5	4	0.0	0.0	0.0	1.5	1.0	5.5	11
2026-09-07	1818.HK	21.8799991607666	4.5	9	1.0	1.0	1.0	1.0	1.0	2.0	0.0	0.0	1.5	0.5	1.0	5.8	5	2.0	1.0	1.0	0.0	1.5	1.5	3.0	4	1.0	0.5	0.0	0.5	1.0	4.9	14
2026-09-07	1833.HK	6.59499979019165	5.2	8	2.0	2.0	1.0	1.0	0.0	1.0	1.0	1.5	0.5	0.5	1.0	3.8	4	0.0	1.0	1.0	1.0	1.0	0.5	4.0	4	1.0	2.0	0.0	0.0	1.0	4.8	12
2026-09-07	1873.HK	1.3250000476837158														6.2	4	1.5	1.0	1.0	1.0	1.0	2.0	3.5	4	1.5	1.0	0.0	0.0	1.0	6.2	4
2026-09-07	1876.HK	6.039999961853027	4.3	8	1.5	2.0	1.0	1.0	0.0	2.0	0.0	1.0	1.0	0.0	0.0	5.0	5	2.0	1.0	1.0	0.0	1.0	1.0	2.0	4	0.0	1.0	0.0	0.0	1.0	4.5	13
2026-09-07	1880.HK	50.25	5.9	8	1.0	1.5	1.0	1.0	1.0	2.0	2.0	1.0	1.0	0.5	1.0	6.2	5	2.0	1.0	1.0	2.0	1.0	0.5	2.5	4	0.0	1.5	0.0	0.0	1.0	6.0	13
2026-09-07	1898.HK	11.050000190734863	5.9	9	1.5	2.0	1.0	1.0	1.0	2.0	0.0	1.0	1.0	1.5	1.0	5.8	4	1.5	1.0	1.0	1.0	1.5	1.0	3.0	4	0.0	0.5	1.0	0.5	1.0	5.9	13
2026-09-07	1913.HK	39.959999084472656	5.7	8	2.0	2.0	1.0	1.0	0.0	1.0	1.0	1.0	1.5	0.0	2.0	5.8	4	1.0	1.0	1.0	1.0	1.5	1.5	3.5	4	1.0	0.5	0.0	1.0	1.0	5.7	12
2026-09-07	1919.HK	16.270000457763672	4.5	8	0.5	0.5	1.0	1.0	2.0	1.0	1.0	0.0	1.0	1.0	1.0	5.4	4	0.5	1.0	1.0	1.0	1.5	1.5	2.0	4	0.5	0.5	0.0	0.0	1.0	4.8	12
2026-09-07	1925.T	4634.0														6.2	5	2.0	1.0	1.0	1.5	1.0	1.0	2.5	4	0.0	0.5	0.0	1.0	1.0	6.2	5
2026-09-07	1928.T	3340.0														5.0	5	2.0	1.0	1.0	0.0	1.0	1.0	2.5	4	0.0	0.5	0.0	1.0	1.0	5.0	5
2026-09-07	1929.HK	11.970000267028809	6.4	8	2.0	2.0	1.0	1.0	0.0	1.5	1.0	1.5	2.0	0.0	2.0	5.8	4	1.5	1.0	1.0	1.0	1.0	1.5	3.0	4	0.5	0.5	0.0	1.0	1.0	6.2	12
2026-09-07	1958.HK	0.75	4.3	8	1.0	1.5	1.0	1.0	0.0	1.5	1.0	1.5	0.5	0.5	0.0	4.6	4	2.0	1.0	1.0	1.0	0.5	0.0	4.0	4	0.0	2.0	1.0	0.0	1.0	4.4	12
2026-09-07	1963.T	2391.5														5.0	4	2.0	1.0	1.0	1.0	1.0	0.0	1.0	4	0.0	0.0	0.0	0.0	1.0	5.0	4
2026-09-07	1966.HK	0.052000001072883606														3.3	3	1.0	1.0	1.0	1.0	0.0	0.0	4.0	3	1.5	0.5	0.0	1.0	1.0	3.3	3
2026-09-07	1988.HK	3.5399999618530273														4.6	4	0.0	1.0	1.0	1.0	2.0	0.5	2.5	3	0.0	0.5	0.0	1.0	1.0	4.6	4
2026-09-07	1997.HK	31.280000686645508	5.7	8	1.5	1.5	1.0	1.0	2.0	2.0	1.0	2.0	0.0	0.5	0.0	4.6	4	2.0	1.0	1.0	1.0	0.0	0.5	2.5	4	1.0	0.5	0.0	0.0	1.0	5.4	12
2026-09-07	1GBS.DE	4.639999866485596														6.2	3	1.5	1.0	1.0	1.0	2.0	1.0	3.5	3	0.0	0.5	1.0	1.0	1.0	6.2	3
2026-09-07	1SXP.DE	23.049999237060547														5.8	5	0.5	1.0	1.0	2.0	1.5	1.0	4.0	4	1.0	1.5	0.0	0.5	1.0	5.8	5
2026-09-07	1U1.DE	23.649999618530273	5.9	8	1.5	1.5	1.0	1.0	1.5	2.0	1.0	1.0	0.5	0.0	2.0	6.2	5	1.0	1.0	1.0	2.0	1.0	1.5	1.5	4	0.0	0.0	0.0	0.5	1.0	6.0	13
2026-09-07	200.HK	3.200000047683716														5.0	4	0.5	1.0	1.0	1.0	1.0	1.5	5.0	4	0.5	1.5	0.0	2.0	1.0	5.0	4
2026-09-07	2002.T	2011.5														4.6	4	0.5	1.0	1.0	1.0	1.0	1.0	1.0	4	0.0	0.0	0.0	0.0	1.0	4.6	4
2026-09-07	2007.HK	0.20000000298023224	3.9	7	0.5	0.0	1.0	1.0	1.0	1.5	1.0	1.0	1.5	0.0	0.0	5.0	4	2.0	1.0	1.0	1.0	1.0	0.0	6.5	4	2.0	1.5	0.0	2.0	1.0	4.2	11
2026-09-07	2013.HK	0.9750000238418579	5.0	7	1.5	2.0	1.0	1.0	0.0	2.0	1.0	1.0	0.0	0.5	1.0	4.6	3	1.0	1.0	1.0	1.0	0.0	1.5	5.0	4	1.0	2.0	0.0	1.0	1.0	4.9	10
2026-09-07	2015.HK	50.400001525878906	4.8	9	1.0	1.0	1.0	1.0	1.0	2.0	0.0	1.0	0.0	0.5	2.0	2.1	5	0.0	1.0	1.0	0.0	0.5	0.0	4.0	4	0.5	1.5	1.0	0.0	1.0	4.0	14
2026-09-07	2016.HK	2.424999952316284														6.7	4	2.0	1.0	1.0	1.0	2.0	1.0	2.5	3	0.5	0.0	0.0	1.0	1.0	6.7	4
2026-09-07	2057.HK	164.1999969482422	5.7	9	1.0	1.0	1.0	1.0	0.0	2.0	2.0	0.5	1.5	0.5	2.0	5.8	5	1.5	1.0	1.0	0.0	1.5	2.0	1.5	4	0.0	0.0	0.0	0.5	1.0	5.7	14
2026-09-07	2202.HK	2.390000104904175	3.2	8	0.5	0.0	1.0	1.0	0.0	2.0	1.0	0.0	0.0	0.5	1.0	4.2	4	2.0	1.0	1.0	1.0	0.0	0.0	5.5	4	0.5	1.5	1.0	1.5	1.0	3.5	12
2026-09-07	2238.HK	2.1549999713897705	2.5	9	1.0	1.5	1.0	1.0	0.0	0.0	0.0	0.0	0.0	0.0	1.0	3.8	4	1.0	1.0	1.0	0.0	0.0	1.5	3.0	4	0.0	1.5	0.0	0.5	1.0	2.9	13
2026-09-07	2268.HK	72.55000305175781	7.0	8	1.5	2.0	1.0	1.0	2.0	2.0	1.0	1.0	1.5	0.5	2.0	5.8	4	0.0	1.0	1.0	1.0	2.0	2.0	2.0	4	0.5	0.5	0.0	0.0	1.0	6.6	12
2026-09-07	2269.T	4371.0														5.4	5	2.0	1.0	1.0	0.5	1.0	1.0	2.0	4	0.0	1.0	0.0	0.0	1.0	5.4	5
2026-09-07	2282.T	6076.0														4.6	5	0.0	1.0	1.0	1.5	1.0	1.0	2.0	4	0.0	0.5	0.0	0.5	1.0	4.6	5
2026-09-07	22UA.DE	89.69999694824219	6.1	7	2.0	2.0	1.0	1.0	2.0	2.0	1.0	1.0	0.0	0.5	1.0	5.0	5	2.0	2.0	1.0	1.0	0.0	0.0	2.5	4	1.5	0.0	0.0	0.0	1.0	5.8	12
2026-09-07	2318.HK	56.25	5.7	8	1.5	2.0	1.0	1.0	1.0	2.0	1.0	1.0	1.0	1.0	0.0	6.2	4	2.0	1.0	1.0	1.0	1.5	1.0	3.0	4	0.5	0.5	0.0	1.0	1.0	5.8	12
2026-09-07	2328.HK	17.229999542236328	7.0	7	1.5	1.5	1.0	1.0	2.0	2.0	1.0	1.0	1.5	1.0	2.0	5.4	4	1.5	1.0	1.0	1.0	1.0	1.0	1.0	4	0.0	0.0	0.0	0.0	1.0	6.5	11
2026-09-07	2331.HK	13.75	5.9	8	1.5	2.0	1.0	1.0	0.0	2.0	1.0	0.5	1.0	1.0	2.0	5.4	4	1.0	1.0	1.0	1.0	1.5	1.0	3.5	4	1.0	1.5	0.0	0.0	1.0	5.8	12
2026-09-07	2333.HK	7.635000228881836	5.2	8	1.5	2.0	1.0	1.0	0.0	2.0	1.0	0.0	1.0	1.0	1.0	5.0	4	1.0	1.0	1.0	1.0	1.0	1.0	3.5	4	0.5	2.0	0.0	0.0	1.0	5.1	12
2026-09-07	2338.HK	32.959999084472656	6.4	9	2.0	2.0	1.0	1.0	1.0	2.0	0.5	1.0	1.0	1.5	1.0	6.7	5	2.0	1.0	1.0	2.0	1.0	1.0	3.0	4	1.5	0.0	0.0	0.5	1.0	6.5	14
2026-09-07	2359.HK	191.6999969482422	7.7	9	2.0	1.5	1.0	1.0	2.0	1.0	2.0	1.0	2.0	1.5	2.0	6.7	4	1.0	1.0	1.0	2.0	2.0	1.0	2.0	4	0.0	1.0	0.0	0.0	1.0	7.4	13
2026-09-07	2367.HK	26.0	5.7	7	1.5	2.0	1.0	1.0	0.0	2.0	1.0	1.0	1.5	0.5	1.0	5.8	4	1.5	1.0	1.0	1.0	2.0	0.5	3.0	4	0.5	1.5	0.0	0.0	1.0	5.7	11
2026-09-07	2413.T	1703.5														6.2	4	1.0	1.0	1.0	2.0	1.5	1.0	3.5	2	1.0	0.5	0.0	1.0	1.0	6.2	4
2026-09-07	2423.HK	45.779998779296875	7.3	8	2.0	2.0	1.0	1.0	2.0	2.0	1.5	1.0	1.0	0.5	2.0	6.2	5	2.0	1.0	1.0	2.0	1.0	0.5	1.0	4	0.0	0.0	0.0	0.0	1.0	7.0	13
2026-09-07	2432.T	2563.0														5.4	4	1.5	1.0	1.0	1.0	2.0	0.0	1.0	4	0.0	0.0	0.0	0.0	1.0	5.4	4
2026-09-07	2501.T	1851.0														5.8	5	2.0	1.0	1.0	0.0	2.0	1.0	1.0	4	0.0	0.0	0.0	0.0	1.0	5.8	5
2026-09-07	2502.T	1628.0														5.4	5	2.0	1.0	1.0	0.0	1.0	1.5	1.5	4	0.0	0.0	0.0	0.5	1.0	5.4	5
2026-09-07	2503.T	2871.5														4.2	5	1.0	1.0	1.0	0.0	1.0	1.0	2.0	4	0.0	0.5	0.0	0.5	1.0	4.2	5
2026-09-07	2513.HK	1018.0	5.9	7	1.5	2.0	1.0	1.0	0.5	1.0	1.0	1.5	1.0	0.5	2.0	5.0	3	1.0	1.0	1.0	1.0	0.0	2.0	3.0	3	1.0	0.5	0.0	0.5	1.0	5.6	10
2026-09-07	2588.HK	73.1500015258789	5.0	8	1.5	2.0	1.0	1.0	0.0	2.0	1.0	1.0	1.0	0.5	0.0	5.4	4	0.5	1.0	1.0	1.0	2.0	1.0	4.5	4	1.0	0.5	0.0	2.0	1.0	5.1	12
2026-09-07	2600.HK	8.824999809265137	6.4	9	1.5	2.0	1.0	1.0	1.0	1.0	1.0	1.0	1.5	1.0	2.0	5.8	4	1.5	1.0	1.0	1.0	1.0	1.5	3.5	4	1.5	0.5	0.0	0.5	1.0	6.2	13
2026-09-07	2601.HK	30.280000686645508	6.4	8	1.5	2.0	1.0	1.0	1.0	2.0	1.0	1.0	1.5	1.0	1.0	6.2	4	2.0	1.0	1.0	1.0	1.5	1.0	2.0	4	0.0	0.5	0.0	0.5	1.0	6.3	12
2026-09-07	2607.HK	11.510000228881836														3.3	5	0.0	1.0	1.0	0.0	1.0	1.0	4.0	4	0.0	0.5	2.0	0.5	1.0	3.3	5
2026-09-07	2611.HK	15.100000381469727	5.9	7	1.5	2.0	1.0	1.0	1.0	1.5	1.0	1.0	1.0	1.0	1.0	7.5	4	2.0	1.0	1.0	1.0	2.0	2.0	3.0	4	0.0	0.0	0.0	2.0	1.0	6.4	11
2026-09-07	2618.HK	11.140000343322754	4.8	8	1.5	2.0	1.0	1.0	0.0	1.0	1.0	1.0	1.0	0.0	1.0	5.8	5	2.0	1.0	1.0	0.0	1.0	2.0	3.0	4	0.5	1.0	0.0	0.5	1.0	5.1	13
2026-09-07	2628.HK	30.559999465942383	6.8	7	1.5	2.0	1.0	1.0	2.0	2.0	1.0	1.0	2.0	1.5	0.0	7.5	4	2.0	1.0	1.0	1.0	2.0	2.0	2.5	4	1.0	0.0	0.0	0.5	1.0	7.0	11
2026-09-07	267.HK	13.600000381469727														5.0	4	1.0	1.0	1.0	1.0	1.0	1.0	5.0	4	1.0	1.5	0.0	1.5	1.0	5.0	4
2026-09-07	2727.HK	3.0799999237060547	5.7	9	1.5	2.0	1.0	1.0	0.0	2.0	1.5	2.0	0.5	0.0	1.0	5.4	4	0.5	1.0	1.0	1.0	1.0	2.0	3.5	4	0.5	1.5	0.0	0.5	1.0	5.6	13
2026-09-07	2768.T	5853.0														6.7	4	2.0	1.0	1.0	1.0	1.0	2.0	2.5	4	0.5	0.0	0.0	1.0	1.0	6.7	4
2026-09-07	2799.HK	0.6549999713897705	6.1	7	1.5	2.0	1.0	1.0	1.0	2.0	1.0	1.0	1.5	0.5	1.0	4.6	4	2.0	1.0	1.0	1.0	0.5	0.0	5.0	4	1.0	1.0	0.0	2.0	1.0	5.6	11
2026-09-07	2801.T	1726.5														4.2	5	0.0	1.0	1.0	0.5	1.0	1.5	1.5	4	0.0	0.5	0.0	0.0	1.0	4.2	5
2026-09-07	2802.T	5219.0														4.6	5	0.5	1.0	1.0	0.5	1.0	1.5	1.5	4	0.0	0.0	0.0	0.5	1.0	4.6	5
2026-09-07	285A.T	59530.0														8.3	5	2.0	1.0	1.0	2.0	2.0	2.0	2.5	3	1.0	0.0	0.0	0.5	1.0	8.3	5
2026-09-07	2871.T	2102.0														5.8	4	1.0	1.0	1.0	1.0	1.0	2.0	1.5	4	0.0	0.0	0.0	0.5	1.0	5.8	4
2026-09-07	288.HK	7.425000190734863														4.2	4	0.0	1.0	1.0	1.0	1.0	1.0	3.0	4	0.0	1.5	0.0	0.5	1.0	4.2	4
2026-09-07	2883.HK	7.175000190734863	6.6	9	2.0	2.0	1.0	1.0	1.0	1.5	2.0	1.0	1.0	1.0	1.0	5.4	5	2.0	1.0	1.0	1.0	1.0	0.5	3.0	4	0.5	1.0	0.0	0.5	1.0	6.2	14
2026-09-07	2899.HK	35.91999816894531	7.0	9	2.0	2.0	1.0	1.0	2.0	2.0	0.5	1.0	2.0	1.0	1.0	5.0	5	1.5	1.0	1.0	0.0	1.5	1.0	2.5	4	1.0	0.0	0.0	0.5	1.0	6.4	14
2026-09-07	291.HK	18.899999618530273														5.8	4	2.0	1.0	1.0	1.0	1.0	1.0	2.5	4	0.0	1.5	0.0	0.0	1.0	5.8	4
2026-09-07	2914.T	6736.0														6.2	5	1.5	1.0	1.0	1.0	1.5	1.5	2.5	4	0.0	1.0	0.0	0.5	1.0	6.2	5
2026-09-07	293.HK	14.510000228881836														5.4	4	0.0	1.0	1.0	1.0	1.5	2.0	3.0	4	0.0	1.0	0.0	1.0	1.0	5.4	4
2026-09-07	2HRA.DE	7.079999923706055														5.0	4	0.0	1.0	1.0	1.0	1.0	2.0	3.0	4	0.0	1.5	0.0	0.5	1.0	5.0	4
2026-09-07	2INV.DE	11.399999618530273														4.6	3	2.0	1.0	1.0	1.0	0.5	0.0	4.0	2	0.0	1.0	1.0	1.0	1.0	4.6	3
2026-09-07	2M6.DE	81.0199966430664	7.0	7	1.5	1.5	1.0	1.0	2.0	1.5	1.0	1.0	1.0	2.0	2.0	6.7	5	1.0	2.0	1.0	1.0	1.5	1.5	2.0	4	0.5	0.0	0.0	0.5	1.0	6.9	12
2026-09-07	3.HK	7.179999828338623														5.0	4	0.5	1.0	1.0	1.0	1.5	1.0	2.5	4	0.5	0.0	0.0	1.0	1.0	5.0	4
2026-09-07	300.HK	99.6500015258789														5.4	5	1.0	1.0	1.0	1.5	1.0	1.0	3.0	4	0.0	1.5	0.0	0.5	1.0	5.4	5
2026-09-07	3086.T	2694.0														4.2	4	0.5	1.0	1.0	1.0	1.0	0.5	2.0	4	0.0	0.0	0.0	1.0	1.0	4.2	4
2026-09-07	3092.T	1126.5														4.6	5	0.5	1.0	1.0	0.0	2.0	1.0	2.0	4	0.5	0.5	0.0	0.0	1.0	4.6	5
2026-09-07	3099.T	3207.0														5.4	5	2.0	1.0	1.0	0.0	1.5	1.0	1.0	4	0.0	0.0	0.0	0.0	1.0	5.4	5
2026-09-07	316.HK	150.0														5.4	4	1.0	1.0	1.0	1.0	1.5	1.0	2.5	4	1.5	0.0	0.0	0.0	1.0	5.4	4
2026-09-07	3289.T	1292.0														5.8	5	2.0	1.0	1.0	1.5	1.0	0.5	3.0	4	0.0	0.5	0.0	1.5	1.0	5.8	5
2026-09-07	3311.HK	8.359999656677246	5.0	8	1.5	2.0	1.0	1.0	1.0	1.0	1.0	0.0	1.0	0.5	1.0	4.6	4	1.5	1.0	1.0	1.0	1.0	0.0	3.0	4	1.0	0.0	0.0	1.0	1.0	4.9	12
2026-09-07	3323.HK	3.4049999713897705	3.9	7	1.5	2.0	1.0	1.0	0.0	0.5	1.0	1.0	0.0	0.5	0.0	5.0	4	2.0	1.0	1.0	1.0	0.5	0.5	5.5	4	1.5	2.0	0.0	1.0	1.0	4.2	11
2026-09-07	3328.HK	7.880000114440918	6.1	8	1.5	1.5	1.0	1.0	2.0	2.0	0.5	1.0	1.0	1.0	1.0	5.4	5	1.0	1.0	1.0	0.0	2.0	1.5	3.0	3	0.0	1.0	0.0	1.0	1.0	5.9	13
2026-09-07	3347.HK	38.79999923706055	5.9	8	1.5	2.0	1.0	1.0	1.0	1.0	0.0	1.0	0.5	2.0	2.0	3.8	5	0.0	1.0	1.0	0.0	1.0	1.5	1.0	4	0.0	0.0	0.0	0.0	1.0	5.3	13
2026-09-07	3382.T	2039.5														4.2	5	0.0	1.0	1.0	2.0	1.0	0.0	2.0	4	0.0	0.0	0.0	1.0	1.0	4.2	5
2026-09-07	3401.T	1704.0														5.0	4	2.0	1.0	1.0	1.0	0.5	0.5	2.5	4	0.0	1.0	0.0	0.5	1.0	5.0	4
2026-09-07	3402.T	1259.0														5.0	5	1.5	1.0	1.0	0.0	1.0	1.5	2.0	4	0.0	0.5	0.0	0.5	1.0	5.0	5
2026-09-07	3405.T	1811.5														5.8	5	2.0	1.0	1.0	0.5	1.0	1.5	1.5	4	0.0	0.0	0.0	0.5	1.0	5.8	5
2026-09-07	3407.T	1612.5														5.8	4	1.5	1.0	1.0	1.0	1.0	1.5	2.0	4	0.5	0.0	0.0	0.5	1.0	5.8	4
2026-09-07	341.HK	5.389999866485596														4.2	4	0.5	1.0	1.0	1.0	1.0	0.5	1.5	4	0.0	0.0	0.0	0.5	1.0	4.2	4
2026-09-07	3436.T	3315.0														5.0	5	0.0	1.0	1.0	2.0	0.5	1.5	2.5	4	1.0	0.0	0.0	0.5	1.0	5.0	5
2026-09-07	358.HK	36.599998474121094														4.6	5	1.0	1.0	1.0	0.0	1.0	1.5	3.5	4	1.5	0.0	0.0	1.0	1.0	4.6	5
2026-09-07	3606.HK	56.54999923706055	6.6	8	1.5	2.0	1.0	1.0	1.0	2.0	0.0	1.0	1.5	1.5	2.0	5.0	5	1.5	1.0	1.0	0.0	1.5	1.0	3.0	4	0.0	0.5	1.0	0.5	1.0	6.1	13
2026-09-07	3618.HK	6.40500020980835														6.7	4	2.0	1.0	1.0	1.0	2.0	1.0	2.0	3	0.0	0.0	0.0	1.0	1.0	6.7	4
2026-09-07	3659.T	3051.0														5.4	5	1.0	1.0	1.0	0.5	2.0	1.0	1.5	4	0.5	0.0	0.0	0.0	1.0	5.4	5
2026-09-07	3692.HK	36.279998779296875	6.6	8	1.5	2.0	1.0	1.0	2.0	2.0	1.0	1.0	1.5	0.5	1.0	5.8	4	0.5	1.0	1.0	1.0	2.0	1.5	1.5	4	0.5	0.0	0.0	0.0	1.0	6.4	12
2026-09-07	3697.T	852.9000244140625														5.4	4	0.5	1.0	1.0	1.0	1.0	2.0	3.5	4	1.0	0.5	0.0	1.0	1.0	5.4	4
2026-09-07	3750.HK	572.5	6.4	7	2.0	2.0	1.0	1.0	0.0	1.5	1.0	1.0	1.5	1.0	2.0	6.2	5	1.5	1.0	1.0	0.5	1.5	2.0	1.5	4	0.0	0.0	0.0	0.5	1.0	6.3	12
2026-09-07	3759.HK	28.200000762939453	6.4	8	1.0	2.0	1.0	1.0	2.0	2.0	1.0	1.0	1.0	1.0	1.0	5.0	5	0.5	1.0	1.0	0.0	1.5	2.0	2.5	4	0.5	0.5	0.0	0.5	1.0	6.0	13
2026-09-07	3800.HK	0.7350000143051147	5.5	8	2.0	2.0	1.0	1.0	1.0	1.0	1.0	1.0	0.0	1.0	1.0	3.3	4	0.0	1.0	1.0	1.0	0.0	1.0	3.0	4	0.5	1.0	0.0	0.5	1.0	4.8	12
2026-09-07	3808.HK	42.2400016784668	6.4	8	2.0	2.0	1.0	1.0	2.0	1.5	1.0	0.5	1.5	0.5	1.0	6.7	4	2.0	1.0	1.0	1.0	1.0	2.0	3.0	4	1.5	0.5	0.0	0.0	1.0	6.5	12
2026-09-07	3861.T	873.9000244140625														5.8	4	2.0	1.0	1.0	1.0	1.0	1.0	2.0	4	0.0	0.0	0.0	1.0	1.0	5.8	4
2026-09-07	3888.HK	25.0	6.1	9	1.5	2.0	1.0	1.0	0.0	2.0	2.0	1.0	1.0	1.0	1.0	5.8	5	2.0	1.0	1.0	0.0	2.0	1.0	2.0	4	0.5	0.5	0.0	0.0	1.0	6.0	14
2026-09-07	3898.HK	30.559999465942383	6.1	9	2.0	2.0	1.0	1.0	0.0	1.5	0.5	1.5	1.0	1.0	2.0	5.4	5	2.0	1.0	1.0	0.0	1.5	1.0	2.5	4	0.0	1.5	0.0	0.0	1.0	5.9	14
2026-09-07	3958.HK	5.860000133514404														7.5	4	2.0	1.0	1.0	1.0	2.0	2.0	4.5	4	0.5	1.0	0.0	2.0	1.0	7.5	4
2026-09-07	3968.HK	51.900001525878906	6.6	8	1.5	1.5	1.0	1.0	2.0	2.0	0.5	1.5	1.0	1.5	1.0	5.8	5	1.5	1.0	1.0	0.5	2.0	1.0	3.0	3	0.0	1.0	0.0	1.0	1.0	6.4	13
2026-09-07	3969.HK	3.1600000858306885														5.8	4	2.0	1.0	1.0	1.0	1.5	0.5	3.5	3	1.0	1.5	0.0	0.0	1.0	5.8	4
2026-09-07	3988.HK	5.945000171661377	5.7	8	1.5	1.0	1.0	1.0	2.0	2.0	0.5	0.5	1.0	1.0	1.0	6.2	5	1.5	1.0	1.0	1.0	2.0	1.0	3.5	3	0.0	1.5	0.0	1.0	1.0	5.8	13
2026-09-07	3996.HK	1.0399999618530273														5.4	4	2.0	1.0	1.0	1.0	1.0	0.5	4.0	4	0.0	1.5	0.0	1.5	1.0	5.4	4
2026-09-07	3998.HK	4.389999866485596	6.4	7	2.0	2.0	1.0	1.0	0.0	2.0	1.0	1.0	1.5	0.5	2.0	5.4	4	1.0	1.0	1.0	1.0	1.5	1.0	1.5	4	0.5	0.0	0.0	0.0	1.0	6.1	11
2026-09-07	3IN.L	390.5														5.4	4	1.5	1.0	1.0	1.0	2.0	0.0	2.0	4	0.0	1.0	0.0	0.0	1.0	5.4	4
2026-09-07	3SQ1.DE	2.259999990463257														5.0	2	1.0	1.0	2.0	1.0	0.0	1.0	5.5	4	1.0	1.0	2.0	0.5	1.0	5.0	2
2026-09-07	4.HK	19.049999237060547														4.2	4	1.0	1.0	1.0	1.0	0.5	0.5	2.0	4	0.0	1.0	0.0	0.0	1.0	4.2	4
2026-09-07	4004.T	16580.0														6.2	4	2.0	1.0	1.0	1.0	1.0	1.5	3.5	4	1.0	0.5	0.0	1.0	1.0	6.2	4
2026-09-07	4005.T	590.4000244140625														5.8	5	2.0	1.0	1.0	1.0	1.0	1.0	2.5	4	0.0	0.5	0.0	1.0	1.0	5.8	5
2026-09-07	4021.T	7954.0														6.7	4	2.0	1.0	1.0	1.0	1.5	1.5	2.0	4	0.0	1.0	0.0	0.0	1.0	6.7	4
2026-09-07	4042.T	2639.5														6.2	4	2.0	1.0	1.0	1.0	1.0	1.5	2.0	4	0.5	0.0	0.0	0.5	1.0	6.2	4
2026-09-07	4043.T	4091.0														3.8	3	0.0	1.0	1.0	1.0	0.5	1.0	3.0	3	1.0	0.5	0.0	0.5	1.0	3.8	3
2026-09-07	4061.T	3282.0														4.6	3	0.5	1.0	1.0	1.0	1.0	1.0	1.5	4	0.0	0.0	0.0	0.5	1.0	4.6	3
2026-09-07	4062.T	22200.0														7.9	5	2.0	1.0	1.0	2.0	1.5	2.0	3.5	4	1.5	0.5	0.0	0.5	1.0	7.9	5
2026-09-07	4063.T	5818.0														5.0	5	1.0	1.0	1.0	0.5	1.5	1.0	2.0	4	1.0	0.0	0.0	0.0	1.0	5.0	5
2026-09-07	4151.T	2390.0														5.8	5	0.0	1.0	1.0	2.0	1.5	1.5	2.5	3	0.0	0.5	0.0	1.0	1.0	5.8	5
2026-09-07	4183.T	2231.0														5.8	4	1.5	1.0	1.0	1.0	1.0	1.5	3.0	4	0.5	0.5	0.0	1.0	1.0	5.8	4
2026-09-07	4188.T	1227.0														4.2	5	0.5	1.0	1.0	0.0	1.0	1.5	3.0	4	0.5	1.0	0.0	0.5	1.0	4.2	5
2026-09-07	4208.T	3470.0														6.7	4	2.0	1.0	1.0	1.0	1.0	2.0	2.5	4	0.0	1.0	0.0	0.5	1.0	6.7	4
2026-09-07	4307.T	4950.0														5.8	5	2.0	1.0	1.0	1.0	1.0	1.0	1.5	4	0.0	0.0	0.0	0.5	1.0	5.8	5
2026-09-07	4324.T	3630.0														5.0	5	1.5	1.0	1.0	1.5	0.0	1.0	3.0	4	0.0	1.0	0.0	1.0	1.0	5.0	5
2026-09-07	4385.T	4340.0														6.2	4	1.0	1.0	1.0	1.0	1.5	2.0	4.0	4	1.0	0.5	0.0	1.5	1.0	6.2	4
2026-09-07	4452.T	3455.0														5.4	5	0.5	1.0	1.0	2.0	1.0	1.0	1.0	4	0.0	0.0	0.0	0.0	1.0	5.4	5
2026-09-07	4502.T	5777.0														5.8	5	2.0	1.0	1.0	1.0	0.5	1.5	2.5	4	0.0	1.0	0.0	0.5	1.0	5.8	5
2026-09-07	4503.T	2303.0														7.9	5	2.0	1.0	1.0	2.0	1.5	2.0	1.5	4	0.0	0.0	0.0	0.5	1.0	7.9	5
2026-09-07	4506.T	1618.5														6.2	4	1.0	1.0	1.0	1.0	2.0	1.5	2.0	4	0.0	0.5	0.0	0.5	1.0	6.2	4
2026-09-07	4507.T	2943.0														6.7	5	2.0	1.0	1.0	0.0	2.0	2.0	1.5	4	0.0	0.0	0.0	0.5	1.0	6.7	5
2026-09-07	4519.T	6564.0														6.2	5	1.0	1.0	1.0	1.0	2.0	1.5	4.0	3	0.5	1.5	0.0	1.0	1.0	6.2	5
2026-09-07	4523.T	4633.0														4.6	4	0.0	1.0	1.0	1.0	1.0	1.5	1.0	4	0.0	0.0	0.0	0.0	1.0	4.6	4
2026-09-07	4543.T	2373.5														5.8	5	1.0	1.0	1.0	1.0	1.5	1.5	1.0	4	0.0	0.0	0.0	0.0	1.0	5.8	5
2026-09-07	4568.T	2735.5														6.7	5	1.0	1.0	1.0	1.5	1.5	2.0	3.0	3	1.0	1.0	0.0	0.0	1.0	6.7	5
2026-09-07	4578.T	11730.0														7.1	5	1.5	1.0	1.0	2.0	1.5	1.5	1.5	4	0.0	0.5	0.0	0.0	1.0	7.1	5
2026-09-07	4661.T	3092.0														5.4	5	0.0	1.0	1.0	1.5	1.5	1.5	1.0	4	0.0	0.0	0.0	0.0	1.0	5.4	5
2026-09-07	4689.T	521.5														5.8	5	0.5	1.0	1.0	2.0	1.0	1.5	2.5	4	0.5	0.5	0.0	0.5	1.0	5.8	5
2026-09-07	4704.T	5772.0														5.0	5	1.0	1.0	1.0	0.0	1.5	1.5	2.5	3	0.0	0.5	0.0	1.0	1.0	5.0	5
2026-09-07	4751.T	1255.0														4.6	5	1.5	1.0	1.0	0.0	1.0	1.0	3.5	4	0.5	1.5	0.0	0.5	1.0	4.6	5
2026-09-07	4755.T	742.2000122070312														3.3	5	0.0	1.0	1.0	0.0	0.5	1.5	5.0	4	1.0	1.0	0.0	2.0	1.0	3.3	5
2026-09-07	4901.T	3239.0														6.2	4	2.0	1.0	1.0	1.0	1.0	1.5	1.0	4	0.0	0.0	0.0	0.0	1.0	6.2	4
2026-09-07	4902.T	621.2999877929688														4.2	4	0.0	1.0	1.0	1.0	1.0	1.0	2.5	4	0.0	0.0	1.0	0.5	1.0	4.2	4
2026-09-07	4911.T	3380.0														3.8	5	0.0	1.0	1.0	0.5	0.5	1.5	2.5	4	0.5	0.5	0.0	0.5	1.0	3.8	5
2026-09-07	4BB.L	475.0	5.0	7	1.5	2.0	1.0	1.0	0.0	2.0	1.0	1.0	0.0	0.5	1.0	3.8	3	1.0	1.0	1.0	1.0	0.5	0.0	4.5	4	1.0	1.0	0.0	1.5	1.0	4.6	10
2026-09-07	4DS.DE	23.399999618530273														5.4	4	1.0	1.0	1.0	1.0	1.5	1.0	1.5	4	0.5	0.0	0.0	0.0	1.0	5.4	4
2026-09-07	5019.T	1499.0														6.2	4	1.5	1.0	1.0	1.0	1.0	2.0	2.5	4	0.0	0.5	0.0	1.0	1.0	6.2	4
2026-09-07	5020.T	1369.0														6.2	4	2.0	1.0	1.0	1.0	1.0	1.5	2.0	4	0.0	0.5	0.0	0.5	1.0	6.2	4
2026-09-07	5101.T	7110.0														6.2	4	1.5	1.0	1.0	1.0	1.5	1.5	2.0	4	0.5	0.0	0.0	0.5	1.0	6.2	4
2026-09-07	5108.T	3920.0														6.2	5	2.0	1.0	1.0	1.0	1.0	1.5	1.0	4	0.0	0.0	0.0	0.0	1.0	6.2	5
2026-09-07	5201.T	5670.0														5.4	4	1.0	1.0	1.0	1.0	1.0	1.5	2.0	4	0.0	0.5	0.0	0.5	1.0	5.4	4
2026-09-07	5214.T	4826.0														5.8	4	2.0	1.0	1.0	1.0	1.0	1.0	2.0	4	0.0	1.0	0.0	0.0	1.0	5.8	4
2026-09-07	5233.T	4213.0														5.8	4	2.0	1.0	1.0	1.0	1.0	1.0	2.0	4	0.5	0.0	0.0	0.5	1.0	5.8	4
2026-09-07	5301.T	1875.5														6.2	4	2.0	1.0	1.0	1.0	1.0	1.5	3.5	4	0.5	1.5	0.0	0.5	1.0	6.2	4
2026-09-07	5332.T	6007.0														6.2	5	2.0	1.0	1.0	1.5	1.0	1.0	2.0	4	1.0	0.0	0.0	0.0	1.0	6.2	5
2026-09-07	5333.T	5316.0														6.7	5	2.0	1.0	1.0	1.0	1.5	1.5	1.5	4	0.5	0.0	0.0	0.0	1.0	6.7	5
2026-09-07	5401.T	697.5														6.2	5	0.5	1.0	1.0	2.0	1.0	2.0	3.5	4	0.5	1.0	0.0	1.0	1.0	6.2	5
2026-09-07	5406.T	2064.5														5.8	4	2.0	1.0	1.0	1.0	1.0	1.0	2.0	4	0.5	0.0	0.0	0.5	1.0	5.8	4
2026-09-07	5411.T	1872.0														5.0	5	2.0	1.0	1.0	0.0	1.0	1.0	3.0	4	1.0	0.0	0.0	1.0	1.0	5.0	5
2026-09-07	543A.T	276.0														5.4	4	0.0	1.0	1.0	1.0	1.5	2.0	3.0	4	0.0	1.5	0.0	0.5	1.0	5.4	4
2026-09-07	5631.T	7393.0														5.0	4	2.0	1.0	1.0	1.0	1.0	0.0	3.0	4	0.5	1.0	0.0	0.5	1.0	5.0	4
2026-09-07	5706.T	25800.0														6.2	5	1.5	1.0	1.0	1.0	1.5	1.5	3.0	4	1.5	0.5	0.0	0.0	1.0	6.2	5
2026-09-07	5711.T	5261.0														6.7	4	2.0	1.0	1.0	1.0	1.0	2.0	3.5	4	1.0	0.5	0.0	1.0	1.0	6.7	4
2026-09-07	5713.T	9939.0														7.5	5	2.0	1.0	1.0	1.5	1.5	2.0	3.0	4	1.5	0.0	0.0	0.5	1.0	7.5	5
2026-09-07	5714.T	9349.0														6.7	4	2.0	1.0	1.0	1.0	1.0	2.0	2.0	4	1.0	0.0	0.0	0.0	1.0	6.7	4
2026-09-07	5801.T	3840.0														6.7	5	1.0	1.0	1.0	2.0	1.0	2.0	2.5	4	1.0	0.0	0.0	0.5	1.0	6.7	5
2026-09-07	5802.T	2201.5														4.2	5	0.0	1.0	1.0	0.5	1.0	1.5	2.0	4	1.0	0.0	0.0	0.0	1.0	4.2	5
2026-09-07	5803.T	5241.0														5.8	4	0.5	1.0	1.0	2.0	1.5	1.0	1.5	4	0.5	0.0	0.0	0.0	1.0	5.8	4
2026-09-07	5831.T	3651.0														7.5	5	1.0	1.0	1.0	2.0	2.0	2.0	3.5	3	0.0	1.5	0.0	1.0	1.0	7.5	5
2026-09-07	6030.HK	26.780000686645508	6.6	9	2.0	2.0	1.0	1.0	0.0	2.0	2.0	2.0	1.0	0.5	1.0	8.3	5	2.0	1.0	1.0	2.0	2.0	2.0	3.0	4	0.5	0.0	0.0	1.5	1.0	7.1	14
2026-09-07	6055.HK	24.600000381469727	6.1	7	2.0	1.5	1.0	1.0	1.0	1.5	1.0	1.0	1.5	0.0	2.0	4.2	4	1.0	1.0	1.0	1.0	1.0	0.0	3.0	4	1.0	0.5	0.0	0.5	1.0	5.5	11
2026-09-07	6066.HK	12.050000190734863	6.4	7	1.5	2.0	1.0	1.0	2.0	2.0	1.0	1.0	1.0	0.5	1.0	7.5	4	2.0	1.0	1.0	1.0	2.0	2.0	3.5	4	0.5	0.0	0.0	2.0	1.0	6.7	11
2026-09-07	6098.T	16140.0														6.7	5	1.0	1.0	1.0	2.0	1.5	1.5	3.0	4	1.0	1.0	0.0	0.0	1.0	6.7	5
2026-09-07	6099.HK	15.279999732971191	6.8	8	2.0	2.0	1.0	1.0	1.0	2.0	2.0	1.0	1.0	1.0	1.0	7.5	4	2.0	1.0	1.0	1.0	2.0	2.0	3.0	4	0.0	0.0	0.0	2.0	1.0	7.0	12
2026-09-07	6103.T	4695.0														6.2	4	2.0	1.0	1.0	1.0	1.0	1.5	1.5	4	0.5	0.0	0.0	0.0	1.0	6.2	4
2026-09-07	6113.T	2562.5														6.7	4	2.0	1.0	1.0	1.0	1.0	2.0	1.5	4	0.5	0.0	0.0	0.0	1.0	6.7	4
2026-09-07	6146.T	57150.0														7.5	5	1.0	1.0	1.0	2.0	2.0	2.0	3.0	3	1.0	0.0	0.0	1.0	1.0	7.5	5
2026-09-07	6160.HK	215.1999969482422	6.4	7	2.0	2.0	1.0	1.0	2.0	1.5	1.0	1.0	1.0	0.5	1.0	7.1	4	2.0	1.0	1.0	1.0	1.5	2.0	2.5	4	0.5	0.5	0.0	0.5	1.0	6.6	11
2026-09-07	6178.HK	7.5														7.1	4	2.0	1.0	1.0	1.0	2.0	1.5	3.5	4	0.0	1.0	0.0	1.5	1.0	7.1	4
2026-09-07	6178.T	2497.0														5.0	4	1.0	1.0	1.0	1.0	1.0	1.0	3.5	3	0.0	1.5	0.0	1.0	1.0	5.0	4
2026-09-07	6181.HK	389.79998779296875	6.8	8	1.5	2.0	1.0	1.0	1.0	2.0	1.0	1.0	2.0	0.5	2.0	7.1	4	2.0	1.0	1.0	1.0	1.5	2.0	2.5	4	0.0	1.0	0.0	0.5	1.0	6.9	12
2026-09-07	6185.HK	28.5	6.1	8	1.5	2.0	1.0	1.0	1.0	2.0	2.0	1.0	0.5	0.5	1.0	5.0	4	0.0	1.0	1.0	1.0	1.0	2.0	2.5	3	1.0	0.5	0.0	0.0	1.0	5.8	12
2026-09-07	6186.HK	2.815000057220459	5.7	7	1.5	2.0	1.0	1.0	0.0	1.5	1.0	1.0	1.0	0.5	2.0	5.8	4	2.0	1.0	1.0	1.0	1.0	1.0	3.5	4	0.5	2.0	0.0	0.0	1.0	5.7	11
2026-09-07	6198.HK	7.34499979019165														7.5	4	2.0	1.0	1.5	1.0	2.0	1.5	4.0	3	1.0	0.0	2.0	0.0	1.0	7.5	4
2026-09-07	6273.T	68590.0														7.1	5	0.5	1.0	1.0	2.0	2.0	2.0	2.0	4	1.0	0.0	0.0	0.0	1.0	7.1	5
2026-09-07	6301.T	7576.0														5.0	4	0.5	1.0	1.0	1.0	1.0	1.5	4.0	4	1.0	1.5	0.0	0.5	1.0	5.0	4
2026-09-07	6302.T	5970.0														5.0	4	0.5	1.0	1.0	1.0	1.0	1.5	3.0	4	0.5	1.0	0.0	0.5	1.0	5.0	4
2026-09-07	6305.T	6026.0														6.2	5	1.5	1.0	1.0	2.0	1.0	1.0	2.5	4	1.0	0.0	0.0	0.5	1.0	6.2	5
2026-09-07	6326.T	2917.0														6.7	5	1.5	1.0	1.0	2.0	1.0	1.5	3.0	4	1.0	0.5	0.0	0.5	1.0	6.7	5
2026-09-07	6361.T	4598.0														7.5	5	2.0	1.0	1.0	2.0	1.0	2.0	2.5	4	1.0	0.0	0.0	0.5	1.0	7.5	5
2026-09-07	6367.T	20660.0														4.6	4	0.5	1.0	1.0	1.0	1.0	1.0	2.0	4	0.5	0.0	0.0	0.5	1.0	4.6	4
2026-09-07	6471.T	1122.0														5.8	4	1.0	1.0	1.0	1.0	1.0	2.0	2.0	4	0.5	0.0	0.0	0.5	1.0	5.8	4
2026-09-07	6472.T	398.6000061035156														4.6	5	1.5	1.0	1.0	0.0	1.0	1.0	2.5	4	0.5	0.0	0.0	1.0	1.0	4.6	5
2026-09-07	6473.T	2201.5														5.0	5	2.0	1.0	1.0	0.0	1.0	1.0	3.0	4	0.5	1.5	0.0	0.0	1.0	5.0	5
2026-09-07	6479.T	3468.0														5.4	5	1.5	1.0	1.0	0.5	1.0	1.5	3.0	4	1.0	0.5	0.0	0.5	1.0	5.4	5
2026-09-07	6501.T	5358.0														7.1	5	2.0	1.0	1.0	2.0	1.0	1.5	2.0	4	0.5	0.5	0.0	0.0	1.0	7.1	5
2026-09-07	6503.T	5385.0														5.8	5	0.5	1.0	1.0	2.0	1.0	1.5	1.5	4	0.5	0.0	0.0	0.0	1.0	5.8	5
2026-09-07	6504.T	13395.0														4.2	5	0.0	1.0	1.0	0.5	1.0	1.5	2.0	4	1.0	0.0	0.0	0.0	1.0	4.2	5
2026-09-07	6506.T	4661.0														4.6	5	1.0	1.0	1.0	0.0	1.0	1.5	3.0	4	1.5	0.5	0.0	0.0	1.0	4.6	5
2026-09-07	6526.T	1996.5														4.6	4	0.0	1.0	1.0	1.0	1.0	1.5	3.5	3	0.5	1.0	0.0	1.0	1.0	4.6	4
2026-09-07	6532.T	7403.0														7.1	4	1.5	1.0	1.0	1.0	2.0	2.0	2.5	4	1.0	0.5	0.0	0.0	1.0	7.1	4
2026-09-07	6618.HK	36.7400016784668	5.9	7	1.5	2.0	1.0	1.0	0.0	2.0	1.0	1.0	1.0	0.5	2.0	5.8	4	1.5	1.0	1.0	1.0	1.0	1.5	3.0	4	1.0	1.0	0.0	0.0	1.0	5.9	11
2026-09-07	6645.T	6290.0														6.2	4	2.0	1.0	1.0	1.0	1.0	1.5	3.0	4	1.0	0.5	0.0	0.5	1.0	6.2	4
2026-09-07	6674.T	5115.0														4.6	4	1.0	1.0	1.0	1.0	0.5	1.0	2.5	3	1.0	0.0	0.0	0.5	1.0	4.6	4
2026-09-07	669.HK	133.5														5.4	4	1.5	1.0	1.0	1.0	1.0	1.0	3.0	4	1.5	0.5	0.0	0.0	1.0	5.4	4
2026-09-07	6690.HK	21.1200008392334	5.7	8	2.0	2.0	1.0	1.0	1.0	1.5	0.0	1.0	1.0	1.0	1.0	4.2	5	1.0	1.0	1.0	0.0	1.0	1.0	2.0	4	0.0	0.5	0.0	0.5	1.0	5.2	13
2026-09-07	670.HK	2.7249999046325684														5.4	4	1.5	1.0	1.0	1.0	0.5	1.5	4.5	4	0.0	1.5	0.0	2.0	1.0	5.4	4
2026-09-07	6701.T	4610.0														5.4	5	2.0	1.0	1.0	0.0	1.0	1.5	1.0	4	0.0	0.0	0.0	0.0	1.0	5.4	5
2026-09-07	6702.T	3831.0														6.7	5	2.0	1.0	1.0	2.0	1.0	1.0	1.5	4	0.5	0.0	0.0	0.0	1.0	6.7	5
2026-09-07	6723.T	3403.0														7.1	5	0.5	1.0	1.0	2.0	2.0	2.0	3.0	4	1.5	0.0	0.0	0.5	1.0	7.1	5
2026-09-07	6724.T	3151.0														6.2	4	2.0	1.0	1.0	1.0	1.0	1.5	3.0	4	0.5	1.0	0.0	0.5	1.0	6.2	4
2026-09-07	6752.T	4421.0														5.8	5	1.5	1.0	1.0	1.5	1.0	1.0	3.0	4	1.0	1.0	0.0	0.0	1.0	5.8	5
2026-09-07	6753.T	637.4000244140625														4.6	5	2.0	1.0	1.0	0.0	1.0	0.5	3.5	4	0.5	0.5	0.0	1.5	1.0	4.6	5
2026-09-07	6758.T	3780.0														5.4	5	1.0	1.0	1.0	2.0	0.5	1.0	1.5	4	0.5	0.0	0.0	0.0	1.0	5.4	5
2026-09-07	6762.T	2980.5														7.1	5	2.0	1.0	1.0	1.5	1.0	2.0	2.0	4	0.5	0.0	0.0	0.5	1.0	7.1	5
2026-09-07	6770.T	2256.5														4.6	5	0.0	1.0	1.0	2.0	1.0	0.5	2.0	4	0.5	0.5	0.0	0.0	1.0	4.6	5
2026-09-07	6806.HK	2.5350000858306885														7.1	4	2.0	1.0	0.5	1.0	2.0	2.0	5.0	4	0.0	1.0	1.0	2.0	1.0	7.1	4
2026-09-07	6818.HK	2.805000066757202														5.4	4	2.0	1.0	0.5	1.0	2.0	0.0	4.5	3	0.0	1.5	1.0	1.0	1.0	5.4	4
2026-09-07	6841.T	4750.0														3.8	5	1.0	1.0	1.0	0.0	0.5	1.0	2.5	3	1.0	0.5	0.0	0.0	1.0	3.8	5
2026-09-07	6857.T	34480.0														7.5	5	1.0	1.0	1.0	2.0	2.0	2.0	3.0	4	1.0	1.0	0.0	0.0	1.0	7.5	5
2026-09-07	6861.T	78890.0														7.5	5	1.0	1.0	1.0	2.0	2.0	2.0	3.5	3	1.0	0.5	0.0	1.0	1.0	7.5	5
2026-09-07	6902.T	1927.0														4.2	5	1.0	1.0	1.0	0.0	1.0	1.0	2.0	4	0.5	0.5	0.0	0.0	1.0	4.2	5
2026-09-07	690D.DE	1.8461999893188477														5.0	4	1.0	1.0	1.0	1.0	1.0	1.0	2.0	4	0.0	0.5	0.0	0.5	1.0	5.0	4
2026-09-07	6920.T	35590.0														5.0	5	1.0	1.0	1.0	1.0	2.0	0.0	3.5	3	1.5	0.0	0.0	1.0	1.0	5.0	5
2026-09-07	6936.HK	31.100000381469727	5.2	8	1.5	1.5	1.0	1.0	0.0	2.0	1.0	1.0	1.0	0.5	1.0	4.2	5	1.0	1.0	1.0	0.0	1.0	1.0	2.0	4	0.0	0.5	0.0	0.5	1.0	4.9	13
2026-09-07	6952.T	2319.0														6.2	4	2.0	1.0	1.0	1.0	1.0	1.5	2.0	4	0.0	1.0	0.0	0.0	1.0	6.2	4
2026-09-07	6954.T	6011.0														6.7	5	1.0	1.0	1.0	1.5	2.0	1.5	3.0	3	1.0	0.0	0.0	1.0	1.0	6.7	5
2026-09-07	6963.T	5243.0														4.6	5	0.0	1.0	1.0	2.0	0.0	1.5	2.5	4	0.5	0.5	0.0	0.5	1.0	4.6	5
2026-09-07	6969.HK	9.84000015258789	6.1	7	2.0	2.0	1.0	1.0	1.0	0.5	1.0	1.0	2.0	0.0	2.0	5.4	4	0.0	1.0	1.0	1.0	2.0	1.5	2.5	3	1.0	0.5	0.0	0.0	1.0	5.9	11
2026-09-07	6971.T	3544.0														6.2	5	1.5	1.0	1.0	2.0	1.0	1.0	1.5	4	0.0	0.5	0.0	0.0	1.0	6.2	5
2026-09-07	6976.T	9824.0														7.1	5	2.0	1.0	1.0	2.0	1.0	1.5	3.5	4	1.5	0.5	0.0	0.5	1.0	7.1	5
2026-09-07	6981.T	7620.0														7.5	5	1.5	1.0	1.0	2.0	1.5	2.0	2.5	4	1.5	0.0	0.0	0.0	1.0	7.5	5
2026-09-07	6988.T	3379.0														5.4	5	1.0	1.0	1.0	0.5	1.5	1.5	2.5	3	0.5	0.0	0.0	1.0	1.0	5.4	5
2026-09-07	6990.HK	490.3999938964844	5.7	7	1.5	2.0	1.0	1.0	1.0	2.0	1.0	1.0	0.5	0.5	1.0	4.2	4	0.0	1.0	1.0	1.0	1.0	1.0	1.0	4	0.0	0.0	0.0	0.0	1.0	5.2	11
2026-09-07	7004.T	1193.0														5.8	3	1.5	1.0	1.5	1.0	1.0	1.0	3.0	4	0.5	0.0	1.0	0.5	1.0	5.8	3
2026-09-07	7011.T	3829.0														3.8	5	1.0	1.0	1.0	0.0	1.0	0.5	1.5	4	0.0	0.5	0.0	0.0	1.0	3.8	5
2026-09-07	7012.T	2488.0														5.8	5	1.5	1.0	1.0	1.0	1.0	1.5	3.0	4	1.0	0.0	0.0	1.0	1.0	5.8	5
2026-09-07	7013.T	2730.5														5.4	5	1.5	1.0	1.0	0.0	1.5	1.5	3.0	4	1.0	0.5	0.0	0.5	1.0	5.4	5
2026-09-07	7186.T	1926.5														6.2	4	1.0	1.0	1.0	1.0	2.0	1.5	3.5	3	0.0	1.5	0.0	1.0	1.0	6.2	4
2026-09-07	7201.T	316.6000061035156														4.2	5	1.5	1.0	1.0	0.0	0.5	1.0	3.5	4	0.0	1.0	0.0	1.5	1.0	4.2	5
2026-09-07	7202.T	2224.5														6.7	5	2.0	1.0	1.0	2.0	1.0	1.0	1.5	4	0.0	0.0	0.0	0.5	1.0	6.7	5
2026-09-07	7203.T	3096.0														6.2	5	1.0	1.0	1.0	2.0	1.0	1.5	2.5	4	0.0	0.5	0.0	1.0	1.0	6.2	5
2026-09-07	7211.T	367.6000061035156														3.3	5	0.0	1.0	1.0	0.0	1.0	1.0	1.5	4	0.0	0.0	0.0	0.5	1.0	3.3	5
2026-09-07	7261.T	1162.0														7.1	5	2.0	1.0	1.0	2.0	1.0	1.5	2.0	4	0.5	0.0	0.0	0.5	1.0	7.1	5
2026-09-07	7267.T	1695.0														3.8	5	0.5	1.0	1.0	0.0	0.5	1.5	3.0	4	0.0	1.0	0.0	1.0	1.0	3.8	5
2026-09-07	7269.T	2055.0														5.8	5	2.0	1.0	1.0	0.0	1.0	2.0	1.0	4	0.0	0.0	0.0	0.0	1.0	5.8	5
2026-09-07	7270.T	2640.5														5.0	5	2.0	1.0	1.0	0.0	1.0	1.0	1.5	4	0.0	0.5	0.0	0.0	1.0	5.0	5
2026-09-07	7272.T	1848.5														7.1	5	2.0	1.0	1.0	2.0	1.0	1.5	2.5	4	0.0	1.0	0.0	0.5	1.0	7.1	5
2026-09-07	7453.T	4223.0														4.6	5	1.0	1.0	1.0	1.5	0.5	0.5	3.0	4	1.0	0.5	0.0	0.5	1.0	4.6	5
2026-09-07	7489.HK	2.559999942779541	4.5	6	2.0	2.0	1.0	1.0	0.5	0.0	1.0	1.0	1.0	0.5	0.0	6.7	4	2.0	1.0	1.0	1.0	1.0	2.0	4.0	3	1.0	1.5	0.0	0.5	1.0	5.2	10
2026-09-07	74SW.PA	39.29999923706055	6.4	7	1.5	2.0	1.0	1.0	2.0	2.0	1.0	1.0	1.0	0.5	1.0	5.0	4	1.0	1.0	1.0	1.0	1.0	1.0	4.0	4	0.5	1.0	1.0	0.5	1.0	6.0	11
2026-09-07	7731.T	1874.5														4.2	5	2.0	1.0	1.0	0.0	0.0	1.0	2.0	4	0.0	0.5	0.0	0.5	1.0	4.2	5
2026-09-07	7733.T	2017.0														5.0	5	0.5	1.0	1.0	1.0	1.0	1.5	2.0	4	0.0	0.5	0.0	0.5	1.0	5.0	5
2026-09-07	7735.T	13515.0														5.8	5	1.5	1.0	1.0	2.0	1.5	0.0	2.5	4	1.5	0.0	0.0	0.0	1.0	5.8	5
2026-09-07	7741.T	24145.0														5.8	5	0.5	1.0	1.0	1.0	2.0	1.5	2.0	3	1.0	0.0	0.0	0.0	1.0	5.8	5
2026-09-07	7751.T	4502.0														3.8	5	0.5	1.0	1.0	0.0	1.0	1.0	1.5	4	0.0	0.0	0.0	0.5	1.0	3.8	5
2026-09-07	7752.T	1654.0														5.8	4	2.0	1.0	1.0	1.0	1.0	1.0	2.5	4	0.0	1.0	0.0	0.5	1.0	5.8	4
2026-09-07	778.HK	4.460000038146973														4.2	3	1.0	1.0	1.0	1.0	0.5	0.5	4.0	4	1.0	1.5	0.0	0.5	1.0	4.2	3
2026-09-07	780.HK	11.420000076293945														5.4	5	1.5	1.0	1.0	0.5	1.5	1.0	3.0	4	0.0	2.0	0.0	0.0	1.0	5.4	5
2026-09-07	7832.T	5344.0														5.4	5	0.0	1.0	1.0	2.0	1.5	1.0	2.5	3	0.0	0.5	0.0	1.0	1.0	5.4	5
2026-09-07	788.HK	9.149999618530273														5.4	4	1.5	1.0	1.0	1.0	1.5	0.5	2.5	4	0.0	1.0	0.0	0.5	1.0	5.4	4
2026-09-07	7911.T	5246.0														7.1	5	2.0	1.0	1.0	2.0	1.0	1.5	2.5	4	0.5	0.5	0.0	0.5	1.0	7.1	5
2026-09-07	7912.T	3096.0														6.7	5	2.0	1.0	1.0	2.0	1.0	1.0	1.5	4	0.0	0.5	0.0	0.0	1.0	6.7	5
2026-09-07	7951.T	1315.0														6.2	4	2.0	1.0	1.0	1.0	1.0	1.5	1.5	4	0.0	0.5	0.0	0.0	1.0	6.2	4
2026-09-07	7974.T	8750.0														3.3	5	1.0	1.0	1.0	0.0	0.5	0.5	3.5	2	1.0	0.5	0.0	1.0	1.0	3.3	5
2026-09-07	8001.T	2264.5														4.6	4	0.5	1.0	1.0	1.0	1.0	1.0	3.5	4	0.5	1.5	0.0	0.5	1.0	4.6	4
2026-09-07	8002.T	5146.0														5.0	5	0.5	1.0	1.0	0.5	1.0	2.0	2.0	4	0.5	0.0	0.0	0.5	1.0	5.0	5
2026-09-07	8015.T	7680.0														6.2	4	1.5	1.0	1.0	1.0	1.0	2.0	4.5	4	1.0	1.5	0.0	1.0	1.0	6.2	4
2026-09-07	8031.T	5099.0														5.8	4	1.0	1.0	1.0	1.0	1.0	2.0	1.5	4	0.0	0.0	0.0	0.5	1.0	5.8	4
2026-09-07	8035.T	55840.0														7.5	5	1.0	1.0	1.0	2.0	2.0	2.0	3.5	3	1.5	0.0	0.0	1.0	1.0	7.5	5
2026-09-07	8053.T	1871.5														4.6	5	0.5	1.0	1.0	1.0	1.0	1.0	4.0	4	0.5	1.5	0.0	1.0	1.0	4.6	5
2026-09-07	8058.T	4990.0														6.2	4	1.5	1.0	1.0	1.0	1.0	2.0	2.0	4	0.5	0.0	0.0	0.5	1.0	6.2	4
2026-09-07	823.HK	38.79999923706055														2.9	4	0.0	1.0	1.0	1.0	0.0	0.5	2.5	4	1.0	0.0	0.0	0.5	1.0	2.9	4
2026-09-07	8233.T	2181.0														5.0	4	1.5	1.0	1.0	1.0	0.5	1.0	2.0	4	0.0	0.0	0.0	1.0	1.0	5.0	4
2026-09-07	8252.T	2870.0														6.2	4	2.0	1.0	1.0	1.0	1.5	1.0	3.5	4	0.0	0.5	0.0	2.0	1.0	6.2	4
2026-09-07	8253.T	4614.0														7.1	5	2.0	1.0	1.0	2.0	1.5	1.0	3.5	4	0.0	0.5	0.0	2.0	1.0	7.1	5
2026-09-07	8267.T	1389.0														5.4	5	2.0	1.0	1.0	0.0	1.0	1.5	4.0	4	0.0	1.5	0.0	1.5	1.0	5.4	5
2026-09-07	83.HK	10.569999694824219														6.2	4	2.0	1.0	1.0	1.0	2.0	0.5	2.0	4	0.5	0.5	0.0	0.0	1.0	6.2	4
2026-09-07	8304.T	3406.0														8.3	5	2.0	1.0	1.0	2.0	2.0	2.0	3.5	3	0.0	1.5	0.0	1.0	1.0	8.3	5
2026-09-07	8306.T	3711.0														7.5	5	1.0	1.0	1.0	2.0	2.0	2.0	3.5	3	0.0	1.5	0.0	1.0	1.0	7.5	5
2026-09-07	8308.T	2542.5														7.5	5	1.5	1.0	1.0	2.0	2.0	1.5	3.5	3	0.0	1.5	0.0	1.0	1.0	7.5	5
2026-09-07	8309.T	1782.0														6.7	5	0.5	1.0	1.0	1.5	2.0	2.0	3.5	3	0.0	1.5	0.0	1.0	1.0	6.7	5
2026-09-07	8316.T	6976.0														6.7	5	1.0	1.0	1.0	1.0	2.0	2.0	3.5	3	0.0	1.5	0.0	1.0	1.0	6.7	5
2026-09-07	8331.T	2815.5														6.7	5	0.0	1.0	1.0	2.0	2.0	2.0	3.5	3	0.0	1.5	0.0	1.0	1.0	6.7	5
2026-09-07	8354.T	7866.0														6.7	5	1.5	1.0	1.0	1.0	2.0	1.5	3.5	3	0.0	1.5	0.0	1.0	1.0	6.7	5
2026-09-07	836.HK	18.690000534057617														5.4	4	1.0	1.0	1.0	1.0	1.5	1.0	2.5	4	0.5	0.0	0.0	1.0	1.0	5.4	4
2026-09-07	8411.T	8710.0														7.5	5	1.0	1.0	1.0	2.0	2.0	2.0	3.5	3	0.0	1.5	0.0	1.0	1.0	7.5	5
2026-09-07	8591.T	6201.0														7.5	5	2.0	1.0	1.0	2.0	1.5	1.5	3.5	4	0.5	1.0	0.0	1.0	1.0	7.5	5
2026-09-07	8601.T	1866.5														8.3	5	2.0	1.0	1.0	2.0	2.0	2.0	5.0	4	0.5	1.5	0.0	2.0	1.0	8.3	5
2026-09-07	8604.T	1656.0														6.7	5	2.0	1.0	1.0	0.5	1.5	2.0	5.0	4	0.5	1.5	0.0	2.0	1.0	6.7	5
2026-09-07	8630.T	6782.0														5.0	5	0.5	1.0	1.0	0.0	1.5	2.0	1.5	4	0.0	0.5	0.0	0.0	1.0	5.0	5
2026-09-07	8697.T	2233.5														4.6	4	0.0	1.0	1.0	2.0	0.5	1.0	3.0	3	1.0	1.0	0.0	0.0	1.0	4.6	4
2026-09-07	8725.T	5149.0														5.0	4	0.5	1.0	1.0	1.0	1.5	1.0	2.5	4	0.0	1.5	0.0	0.0	1.0	5.0	4
2026-09-07	874.HK	13.579999923706055														5.4	4	2.0	1.0	1.0	1.0	1.0	0.5	4.5	3	1.0	2.0	0.0	0.5	1.0	5.4	4
2026-09-07	8750.T	1868.0														5.8	5	2.0	1.0	1.0	0.0	1.0	2.0	2.5	4	0.0	1.0	0.0	0.5	1.0	5.8	5
2026-09-07	8766.T	7923.0														4.6	4	1.0	1.0	1.0	1.0	0.5	1.0	3.0	3	1.0	1.0	0.0	0.0	1.0	4.6	4
2026-09-07	8795.T	4873.0														4.6	5	2.0	1.0	1.0	0.5	1.0	0.0	2.0	4	0.0	1.0	0.0	0.0	1.0	4.6	5
2026-09-07	8801.T	1493.0														3.3	5	0.5	1.0	1.0	0.5	1.0	0.0	4.0	4	0.0	1.5	0.0	1.5	1.0	3.3	5
2026-09-07	8802.T	3664.0														5.4	5	1.0	1.0	1.0	0.0	1.5	2.0	2.5	4	0.0	0.5	0.0	1.0	1.0	5.4	5
2026-09-07	8804.T	3338.0														5.0	5	1.0	1.0	1.0	0.0	1.5	1.5	3.0	4	0.0	0.5	0.0	1.5	1.0	5.0	5
2026-09-07	8830.T	3211.0														5.0	4	0.5	1.0	1.0	2.0	0.5	1.0	5.0	3	1.0	1.5	0.0	1.5	1.0	5.0	4
2026-09-07	8TRA.DE	37.91999816894531	5.2	9	1.0	1.0	1.0	1.0	2.0	1.5	2.0	1.0	1.0	0.0	0.0	6.2	5	1.5	1.0	1.0	2.0	1.0	1.0	4.0	4	1.5	0.5	0.0	1.0	1.0	5.5	14
2026-09-07	9001.T	2911.0														5.8	4	2.0	1.0	1.0	1.0	1.0	1.0	2.0	4	0.0	0.0	0.0	1.0	1.0	5.8	4
2026-09-07	9005.T	1621.0														3.8	4	0.0	1.0	1.0	1.0	0.5	1.0	4.5	3	1.0	1.5	0.0	1.0	1.0	3.8	4
2026-09-07	9007.T	1763.0														5.0	4	1.0	1.0	1.0	1.0	1.0	1.0	2.5	4	0.0	0.5	0.0	1.0	1.0	5.0	4
2026-09-07	9008.T	772.5														5.4	4	1.5	1.0	1.0	1.0	1.0	1.0	2.0	4	0.0	0.0	0.0	1.0	1.0	5.4	4
2026-09-07	9009.T	1369.5														6.2	4	2.0	1.0	1.0	1.0	1.5	1.0	2.5	4	0.0	1.0	0.0	0.5	1.0	6.2	4
2026-09-07	9020.T	3478.0														5.4	5	0.5	1.0	1.0	2.0	1.0	1.0	3.0	4	0.0	0.5	0.0	1.5	1.0	5.4	5
2026-09-07	9021.T	2990.0														3.8	5	0.0	1.0	1.0	1.0	1.0	0.5	2.0	4	0.0	0.0	0.0	1.0	1.0	3.8	5
2026-09-07	9022.T	3795.0														5.4	5	0.0	1.0	1.0	1.5	2.0	1.0	2.0	4	0.0	0.0	0.0	1.0	1.0	5.4	5
2026-09-07	9064.T	1930.0														4.2	5	1.0	1.0	1.0	0.0	1.0	1.0	2.0	4	0.0	0.5	0.0	0.5	1.0	4.2	5
2026-09-07	9101.T	7420.0														7.5	5	2.0	1.0	1.0	2.0	1.0	2.0	4.0	4	0.5	2.0	0.0	0.5	1.0	7.5	5
2026-09-07	9104.T	7164.0														7.9	5	2.0	1.0	1.0	2.0	1.5	2.0	3.5	4	0.5	1.0	0.0	1.0	1.0	7.9	5
2026-09-07	9107.T	3425.0														5.8	5	0.0	1.0	1.0	2.0	1.5	1.5	3.0	3	1.0	1.0	0.0	0.0	1.0	5.8	5
2026-09-07	9147.T	5634.0														5.4	5	0.0	1.0	1.0	2.0	1.0	1.5	4.0	4	0.5	1.5	0.0	1.0	1.0	5.4	5
2026-09-07	9201.T	2996.0														7.1	5	2.0	1.0	1.0	2.0	1.0	1.5	2.0	4	0.0	0.5	0.0	0.5	1.0	7.1	5
2026-09-07	9202.T	2983.5														5.0	5	0.5	1.0	1.0	0.5	1.0	2.0	2.0	4	0.0	0.0	0.0	1.0	1.0	5.0	5
2026-09-07	93M1.DE	25.700000762939453														4.2	2	1.0	1.0	1.0	1.0	0.0	1.0	2.5	4	1.0	0.5	0.0	0.0	1.0	4.2	2
2026-09-07	9432.T	168.8000030517578														4.2	5	0.5	1.0	1.0	0.0	1.0	1.5	3.0	4	0.0	0.5	0.0	1.5	1.0	4.2	5
2026-09-07	9433.T	2961.0														6.2	5	1.5	1.0	1.0	1.5	1.5	1.0	3.0	4	0.0	1.0	0.0	1.0	1.0	6.2	5
2026-09-07	9434.T	238.60000610351562														4.6	4	0.5	1.0	1.0	1.0	1.0	1.0	4.0	4	0.0	1.5	0.0	1.5	1.0	4.6	4
2026-09-07	9501.T	564.0														5.4	4	1.5	1.0	1.0	1.0	1.0	1.0	3.0	4	0.0	0.5	0.0	1.5	1.0	5.4	4
2026-09-07	9502.T	2976.0														3.3	5	0.0	1.0	1.0	0.0	1.0	1.0	2.5	4	0.0	0.5	0.0	1.0	1.0	3.3	5
2026-09-07	9503.T	2965.5														6.2	5	1.0	1.0	1.0	2.0	1.5	1.0	3.5	4	0.0	1.5	0.0	1.0	1.0	6.2	5
2026-09-07	9531.T	6163.0														5.0	4	1.0	1.0	1.0	1.0	1.0	1.0	1.5	4	0.0	0.0	0.0	0.5	1.0	5.0	4
2026-09-07	9532.T	5766.0														4.2	5	1.0	1.0	1.0	0.0	1.0	1.0	1.5	4	0.0	0.0	0.0	0.5	1.0	4.2	5
2026-09-07	960.HK	6.014999866485596														4.6	4	2.0	1.0	1.0	1.0	0.5	0.0	5.0	4	2.0	1.5	0.0	0.5	1.0	4.6	4
2026-09-07	9602.T	1571.0														5.4	4	1.0	1.0	1.0	1.0	1.5	1.0	1.0	4	0.0	0.0	0.0	0.0	1.0	5.4	4
2026-09-07	9618.HK	108.80000305175781	5.7	9	1.5	2.0	1.0	1.0	0.0	2.0	1.0	1.0	1.0	1.0	1.0	5.0	5	2.0	1.0	1.0	0.5	1.0	0.5	2.0	4	0.0	0.5	0.0	0.5	1.0	5.5	14
2026-09-07	9626.HK	123.80000305175781	6.1	9	2.0	2.0	1.0	1.0	0.0	1.0	1.5	1.5	1.0	1.5	1.0	6.7	5	2.0	1.0	2.0	1.0	1.0	1.0	5.5	4	0.5	1.5	2.0	0.5	1.0	6.3	14
2026-09-07	9633.HK	41.84000015258789	5.7	8	2.0	2.0	1.0	1.0	0.0	1.5	1.0	1.0	2.0	0.0	1.0	6.2	4	1.0	1.0	1.0	1.0	2.0	1.5	2.0	4	0.0	1.0	0.0	0.0	1.0	5.8	12
2026-09-07	9658.HK	9.725000381469727														4.2	4	0.0	1.0	1.0	1.0	1.0	1.0	3.5	4	0.5	1.5	0.0	0.5	1.0	4.2	4
2026-09-07	9660.HK	4.400000095367432	5.2	8	2.0	2.0	1.0	1.0	0.0	0.5	1.0	1.0	0.0	1.0	2.0	5.0	3	1.0	1.0	1.0	1.0	0.0	2.0	3.5	3	1.0	1.0	0.0	0.5	1.0	5.1	11
2026-09-07	9696.HK	34.560001373291016	5.7	9	1.0	1.5	1.0	1.0	0.0	2.0	0.0	2.0	1.5	0.5	2.0	7.5	5	1.0	1.0	1.0	2.0	2.0	2.0	2.5	4	0.5	1.0	0.0	0.0	1.0	6.2	14
2026-09-07	9735.T	6296.0														5.8	4	2.0	1.0	1.0	1.0	1.0	1.0	1.0	4	0.0	0.0	0.0	0.0	1.0	5.8	4
2026-09-07	9766.T	20775.0														6.7	5	1.0	1.0	1.0	1.0	2.0	2.0	1.0	4	0.0	0.0	0.0	0.0	1.0	6.7	5
2026-09-07	9843.T	3216.0														5.0	4	1.5	1.0	1.0	1.0	1.0	0.5	2.5	4	1.0	0.5	0.0	0.0	1.0	5.0	4
2026-09-07	9863.HK	36.040000915527344	5.0	8	1.5	2.0	1.0	1.0	0.0	2.0	1.0	1.0	1.0	0.5	0.0	5.0	4	0.0	1.0	1.0	1.0	1.0	2.0	3.0	4	0.5	1.5	0.0	0.0	1.0	5.0	12
2026-09-07	9866.HK	29.219999313354492	4.8	9	2.0	2.0	1.0	1.0	0.0	1.0	0.0	2.0	0.0	0.5	1.0	4.6	4	1.0	1.0	1.0	0.0	0.5	2.0	5.5	4	1.0	2.0	0.0	1.5	1.0	4.7	13
2026-09-07	9868.HK	42.0	5.0	9	1.5	2.0	1.0	1.0	0.0	2.0	0.5	1.5	0.0	0.5	1.0	3.8	4	1.0	1.0	1.0	0.0	0.5	1.0	5.0	4	1.0	2.0	0.0	1.0	1.0	4.6	13
2026-09-07	9888.HK	91.4000015258789	6.4	9	1.5	2.0	1.0	1.0	0.0	2.0	1.5	2.0	0.0	1.0	2.0	3.8	5	2.0	1.0	0.5	0.0	0.5	0.5	5.5	4	0.5	1.5	2.0	0.5	1.0	5.6	14
2026-09-07	9896.HK	18.670000076293945	5.2	9	1.5	2.0	1.0	1.0	0.0	2.0	0.0	0.5	1.0	0.5	2.0	5.4	4	1.0	1.0	1.0	1.0	1.0	1.5	4.0	4	0.0	2.0	0.0	1.0	1.0	5.3	13
2026-09-07	9901.HK	45.400001525878906	7.0	8	2.0	2.0	1.0	1.0	2.0	1.5	2.0	1.0	1.0	1.0	1.0	6.2	4	1.5	1.0	1.0	1.0	1.0	2.0	1.5	4	0.0	0.5	0.0	0.0	1.0	6.8	12
2026-09-07	991.HK	2.6500000953674316														5.4	4	1.5	1.0	1.0	1.0	1.0	1.0	3.0	4	0.5	0.0	0.0	1.5	1.0	5.4	4
2026-09-07	9926.HK	96.0	5.7	8	1.5	2.0	1.0	1.0	1.0	2.0	1.0	1.0	0.0	1.0	1.0	5.0	3	1.0	1.0	1.0	1.0	0.0	2.0	2.0	4	0.0	0.5	0.0	0.5	1.0	5.5	11
2026-09-07	9961.HK	326.6000061035156	6.8	9	1.5	2.0	1.0	1.0	0.0	2.0	2.0	1.0	1.5	1.0	2.0	5.4	5	1.0	1.0	1.0	0.0	2.0	1.5	2.5	4	0.0	1.5	0.0	0.0	1.0	6.4	14
2026-09-07	9983.T	69160.0														5.0	5	0.5	1.0	1.0	0.0	1.5	2.0	1.0	4	0.0	0.0	0.0	0.0	1.0	5.0	5
2026-09-07	9984.T	6217.0														4.6	5	0.0	1.0	1.0	0.0	2.0	1.5	4.0	4	1.0	0.0	1.0	1.0	1.0	4.6	5
2026-09-07	9988.HK	109.5999984741211	5.2	9	1.5	2.0	1.0	1.0	0.0	2.0	0.0	1.0	1.0	1.0	1.0	6.7	5	2.0	1.0	1.0	2.0	1.0	1.0	2.0	4	0.5	0.5	0.0	0.0	1.0	5.6	14
2026-09-07	9992.HK	156.1999969482422	5.2	7	1.5	0.5	1.0	1.0	0.0	2.0	1.0	1.0	2.0	0.5	1.0	7.1	4	1.5	1.0	1.0	1.0	2.0	2.0	3.5	4	1.0	1.5	0.0	0.0	1.0	5.8	11
2026-09-07	9999.HK	187.6999969482422	5.2	8	2.0	2.0	1.0	1.0	0.0	1.0	0.5	1.0	1.5	0.5	1.0	5.8	5	1.5	1.0	1.0	0.5	2.0	1.0	2.0	4	0.5	0.5	0.0	0.0	1.0	5.4	13
2026-09-07	A.US	150.86000061035156	7.5	10	2.0	1.5	1.0	1.5	2.0	1.5	1.5	0.0	1.5	2.0	2.0	5.0	6	1.5	0.0	1.0	1.0	1.5	1.0	3.0	5	1.5	0.5	0.0	0.5	0.5	6.8	16
2026-09-07	A1OS.DE	67.5999984741211														5.4	4	2.0	1.0	1.0	1.0	0.5	1.0	6.0	4	0.5	2.0	1.0	1.5	1.0	5.4	4
2026-09-07	A2M.ASX	6.699999809265137	6.4	7	1.5	1.5	1.0	1.0	0.0	2.0	1.0	1.0	1.5	1.5	2.0	5.0	4	1.0	1.0	1.0	1.0	1.0	1.0	1.0	4	0.0	0.0	0.0	0.0	1.0	6.0	11
2026-09-07	A6T.DE	2.049999952316284														5.4	3	1.0	1.0	1.0	1.0	0.5	2.0	4.0	4	0.0	1.0	2.0	0.0	1.0	5.4	3
2026-09-07	A7A.DE	13.600000381469727														4.6	4	2.0	1.0	1.0	1.0	0.5	0.0	2.5	4	0.5	0.5	0.0	0.5	1.0	4.6	4
2026-09-07	AA	49.970001220703125	7.0	10	1.5	2.0	1.0	1.5	1.0	1.0	2.0	0.0	1.5	2.0	2.0	4.2	6	0.0	1.0	1.0	0.0	1.0	2.0	2.0	5	1.5	0.0	0.0	0.0	0.5	6.2	16
2026-09-07	AAD.DE	19.520000457763672														4.2	4	1.0	1.0	1.0	1.0	0.5	0.5	5.0	4	1.0	2.0	0.0	1.0	1.0	4.2	4
2026-09-07	AADX	12.930000305175781	6.6	8	2.0	2.0	1.0	1.5	0.5	1.5	0.0	1.0	1.0	2.0	2.0	5.0	3	1.0	1.0	1.0	1.0	0.0	2.0	3.5	4	1.0	1.5	0.0	0.5	0.5	6.1	11
2026-09-07	AAF.L	349.3999938964844	7.3	9	1.5	2.0	1.0	1.0	2.0	2.0	2.0	2.0	2.0	0.5	0.0	6.2	4	1.0	1.0	1.0	1.0	1.5	2.0	2.5	4	0.0	0.0	0.0	1.5	1.0	7.0	13
2026-09-07	AAG.DE	13.800000190734863														4.6	4	1.5	1.0	1.0	1.0	1.0	0.0	2.5	4	1.5	0.0	0.0	0.0	1.0	4.6	4
2026-09-07	AAK.ST	207.39999389648438	5.2	8	0.5	1.0	1.0	1.0	0.0	2.0	0.5	1.0	1.5	1.0	2.0	3.8	5	1.0	1.0	1.0	0.0	1.0	0.5	2.0	4	0.0	1.0	0.0	0.0	1.0	4.8	13
2026-09-07	AAL	13.130000114440918	5.7	9	1.5	2.0	1.0	1.0	0.0	1.0	2.0	1.0	1.0	2.0	0.0	5.8	6	2.0	2.0	1.0	0.0	0.5	1.5	3.0	4	1.5	0.5	0.0	1.0	0.0	5.7	15
2026-09-07	AAL.L	4166.0	6.8	8	2.0	1.5	1.0	1.0	2.0	2.0	1.0	1.0	0.0	1.5	2.0	5.0	4	1.5	1.0	1.0	1.0	0.0	1.5	4.0	4	1.0	1.5	0.0	0.5	1.0	6.3	12
2026-09-07	AALB.NV	42.36000061035156	6.8	8	1.5	1.5	1.0	1.0	2.0	2.0	1.0	1.0	1.0	2.0	1.0	5.4	4	1.5	1.0	1.0	1.0	1.0	1.0	4.0	4	1.5	1.0	0.0	0.5	1.0	6.4	12
2026-09-07	AAMI	93.58000183105469	7.3	9	1.0	0.5	1.0	1.5	2.0	2.0	2.0	1.0	2.0	2.0	1.0	5.8	6	0.5	0.0	1.0	2.0	1.5	2.0	5.0	5	1.5	1.5	0.0	1.5	0.5	6.8	15
2026-09-07	AAOI	105.52999877929688	6.0	10	1.5	2.0	0.7	0.5	1.0	1.0	2.0	1.0	0.0	1.5	2.0	4.6	6	2.0	0.0	1.0	0.0	0.5	2.0	2.0	5	2.0	0.0	0.0	0.0	0.0	5.6	16
2026-09-07	AAON	79.4000015258789	7.2	10	2.0	2.0	1.3	1.0	0.0	2.0	2.0	1.0	1.5	2.0	1.0	5.8	5	2.0	1.0	1.0	0.0	1.0	2.0	4.5	5	1.5	1.5	0.0	0.5	1.0	6.8	15
2026-09-07	AAP	44.18000030517578	5.7	10	1.0	1.5	1.0	0.0	0.0	1.5	2.0	1.0	0.5	2.0	2.0	5.4	6	2.0	2.0	1.0	0.0	1.0	0.5	4.5	5	1.0	0.5	0.0	1.5	1.5	5.6	16
2026-09-07	AAPL	319.9700012207031	7.0	11	1.5	1.5	1.0	2.0	2.0	1.0	1.5	0.5	2.0	1.5	1.0	5.4	6	0.5	1.0	1.0	0.5	2.0	1.5	2.5	5	1.0	0.5	0.0	0.5	0.5	6.5	17
2026-09-07	AAPL.24-7	319.9700012207031														5.4	5	0.5	1.0	1.0	0.5	2.0	1.5	2.5	5	1.0	0.5	0.0	0.5	0.5	5.4	5
2026-09-07	AAPL.EUR	319.9700012207031	7.0	10	1.5	1.5	1.0	2.0	2.0	1.0	1.5	0.5	2.0	1.5	1.0	5.4	6	0.5	1.0	1.0	0.5	2.0	1.5	2.5	5	1.0	0.5	0.0	0.5	0.5	6.5	16
2026-09-07	AAQ1.DE	1.7799999713897705														3.3	4	0.0	1.0	1.5	1.0	0.0	0.5	3.5	4	0.0	0.0	2.0	0.5	1.0	3.3	4
2026-09-07	AAT	22.040000915527344	5.0	9	0.5	1.5	1.0	1.5	1.0	2.0	0.0	1.0	0.5	2.0	0.0	2.5	6	0.0	0.0	1.0	0.0	1.0	1.0	3.5	5	1.0	0.0	0.0	1.5	1.0	4.2	15
2026-09-07	AAU.L	1.5499999523162842														4.6	2	1.0	1.0	1.0	1.0	0.5	1.0	2.5	4	1.0	0.5	0.0	0.0	1.0	4.6	2
2026-09-07	AAUC	23.6200008392334	5.2	8	1.5	2.0	1.0	1.5	1.0	1.0	1.0	1.0	0.0	1.5	0.0	5.4	3	1.0	1.0	1.0	1.0	0.5	2.0	2.0	5	0.5	0.0	0.0	0.5	1.0	5.3	11
2026-09-07	AB.PA	0.7319999933242798														5.0	3	1.0	1.0	1.0	1.0	0.0	2.0	4.5	3	1.5	1.0	0.0	1.0	1.0	5.0	3
2026-09-07	ABAT	2.7799999713897705	4.8	9	1.5	2.0	1.0	0.5	1.0	1.5	0.0	1.0	0.0	1.0	1.0	5.4	4	1.0	1.0	1.0	1.0	0.5	2.0	4.5	5	1.5	1.5	0.0	0.0	1.5	5.0	13
2026-09-07	ABB.ASX	4.139999866485596	5.7	7	2.0	2.0	1.0	1.0	0.0	2.0	1.0	1.0	1.0	0.5	1.0	5.0	4	0.5	1.0	1.0	1.0	1.0	1.5	4.0	4	0.5	2.0	0.0	0.5	1.0	5.5	11
2026-09-07	ABBN.ZU	77.76000213623047	5.9	9	1.0	1.0	1.0	1.0	1.0	1.0	1.5	1.0	2.0	1.5	1.0	5.8	5	1.0	1.0	1.0	1.0	1.5	1.5	3.0	4	1.0	0.5	0.0	0.5	1.0	5.9	14
2026-09-07	ABBNY	95.95999908447266	5.7	9	1.0	0.5	1.0	2.0	1.0	2.0	1.0	1.0	2.0	0.0	1.0	6.7	5	1.0	1.0	1.0	2.0	1.5	1.5	2.5	5	1.0	0.5	0.0	0.5	0.5	6.0	14
2026-09-07	ABBV	256.4599914550781	6.8	9	2.0	1.5	1.0	2.0	2.0	1.5	1.0	1.0	1.0	2.0	0.0	7.1	6	2.0	2.0	1.0	1.0	1.0	1.5	3.0	4	0.0	1.0	0.0	1.0	1.0	6.9	15
2026-09-07	ABCA.PA	5.340000152587891														5.4	4	1.5	1.0	1.0	1.0	2.0	0.0	1.0	4	0.0	0.0	0.0	0.0	1.0	5.4	4
2026-09-07	ABCB	86.05000305175781	6.4	8	1.5	1.5	1.0	1.0	1.0	2.0	1.0	1.0	1.0	2.0	1.0	5.8	6	1.5	1.0	1.0	0.5	2.0	1.0	3.5	4	1.0	0.5	0.0	1.0	1.0	6.2	14
2026-09-07	ABCL	11.430000305175781	6.2	11	2.0	2.0	1.7	0.5	2.0	0.0	2.0	1.5	0.0	1.0	1.0	3.8	5	1.0	1.0	1.0	1.5	0.0	0.0	3.5	5	1.5	1.0	0.0	0.0	1.0	5.5	16
2026-09-07	ABDN.L	250.0	6.1	8	1.0	1.0	1.0	1.0	2.0	2.0	1.0	1.5	1.0	1.0	1.0	6.2	4	1.5	1.0	1.0	1.0	2.0	1.0	3.5	4	1.5	1.0	0.0	0.0	1.0	6.1	12
2026-09-07	ABDP.L	841.0	5.5	8	1.5	2.0	1.0	1.0	0.0	2.0	1.0	0.5	0.0	1.0	2.0	3.8	3	1.0	1.0	1.0	1.0	0.5	0.0	2.0	4	0.0	1.0	0.0	0.0	1.0	5.0	11
2026-09-07	ABDX.L	10.75														5.0	3	1.0	1.0	1.0	1.0	0.0	2.0	1.5	4	0.0	0.5	0.0	0.0	1.0	5.0	3
2026-09-07	ABEO	6.0	5.8	10	1.5	2.0	0.7	0.0	1.0	2.0	2.0	1.0	0.0	1.5	1.0	4.2	4	1.0	1.0	1.0	0.0	0.0	2.0	3.0	5	1.5	0.0	0.0	0.0	1.5	5.3	14
2026-09-07	ABEO.PA	8.4399995803833														6.2	4	2.0	1.0	1.0	1.0	1.0	1.5	2.5	3	0.0	0.5	0.0	1.0	1.0	6.2	4
2026-09-07	ABEV	3.0199999809265137	6.4	9	1.0	1.5	1.0	1.0	2.0	2.0	2.0	1.0	1.5	0.0	1.0	3.8	6	1.0	0.0	1.0	0.0	1.5	1.0	1.5	5	0.0	0.5	0.0	0.0	1.0	5.6	15
2026-09-07	ABF.L	2072.0	5.7	8	0.5	0.5	1.0	1.0	2.0	2.0	1.0	1.0	1.0	0.5	2.0	4.6	4	0.5	1.0	1.0	1.0	1.0	1.0	2.0	4	1.0	0.0	0.0	0.0	1.0	5.4	12
2026-09-07	ABG	217.25999450683594	5.7	9	0.5	1.5	1.0	0.5	2.0	1.5	1.5	1.0	1.0	2.0	0.0	6.2	6	2.0	1.0	1.0	1.5	1.0	1.0	2.5	5	0.5	0.0	0.0	1.0	1.0	5.8	15
2026-09-07	ABI.BR	69.04000091552734														6.2	5	1.0	1.0	1.0	1.5	1.5	1.5	2.5	4	0.5	0.5	0.0	0.5	1.0	6.2	5
2026-09-07	ABM	47.04999923706055	6.6	9	1.5	1.0	1.0	1.5	2.0	2.0	0.5	1.0	1.0	2.0	1.0	5.0	5	1.0	1.0	1.0	1.0	1.0	1.0	3.0	5	0.5	0.5	0.0	1.0	1.0	6.1	14
2026-09-07	ABN.NV	43.130001068115234	5.9	8	1.5	1.0	1.0	1.0	1.5	1.5	1.0	1.0	1.0	1.5	1.0	7.5	5	1.5	1.0	1.0	2.0	2.0	1.5	4.5	3	0.5	2.0	0.0	1.0	1.0	6.4	13
2026-09-07	ABNB	181.94000244140625	6.0	11	1.5	1.0	0.3	1.5	2.0	1.0	0.5	0.5	2.0	2.0	1.0	7.5	6	1.0	2.0	1.0	1.5	2.0	1.5	3.0	5	1.0	1.0	0.0	0.5	0.5	6.4	17
2026-09-07	ABNX.PA	1.899999976158142														3.3	3	1.0	1.0	1.0	1.0	0.0	0.0	4.0	4	0.0	2.0	0.0	1.0	1.0	3.3	3
2026-09-07	ABO.BR	3.799999952316284														4.2	4	0.0	1.0	1.0	1.0	1.0	1.0	3.5	4	0.0	1.5	0.0	1.0	1.0	4.2	4
2026-09-07	ABO.DE	1.1299999952316284														4.6	3	1.0	1.0	1.0	1.0	0.0	1.5	5.5	4	0.0	1.0	2.0	1.5	1.0	4.6	3
2026-09-07	ABOS	3.180000066757202	6.8	9	1.5	2.0	1.0	1.0	2.0	1.0	2.0	1.0	0.0	1.5	2.0	5.4	4	1.0	1.0	1.0	2.0	0.5	1.0	3.0	5	0.0	1.0	0.0	0.5	1.5	6.4	13
2026-09-07	ABR	5.25	6.6	9	0.5	1.0	1.0	2.0	1.0	2.0	2.0	1.0	0.5	1.5	2.0	2.9	6	1.0	0.0	1.0	0.0	1.5	0.0	4.5	5	1.0	1.5	0.0	2.0	0.0	5.5	15
2026-09-07	ABS2.DE	37.04999923706055	5.0	7	1.5	1.5	1.0	1.0	0.0	2.0	1.0	1.0	1.5	0.5	0.0	4.6	4	1.5	1.0	1.0	1.0	1.0	0.0	2.5	4	1.0	0.0	0.0	0.5	1.0	4.9	11
2026-09-07	ABSI	8.819999694824219	5.2	9	2.0	2.0	1.0	0.0	1.0	1.0	0.5	1.0	0.0	2.0	1.0	4.2	4	1.0	1.0	1.0	1.5	0.5	0.0	4.5	5	2.0	0.5	0.0	0.0	2.0	4.9	13
2026-09-07	ABT.US	108.33000183105469	7.5	10	2.0	1.5	1.0	2.0	2.0	2.0	1.0	1.0	1.0	2.0	1.0	5.8	6	1.0	1.0	1.0	1.0	1.5	1.5	1.5	5	0.5	0.0	0.0	0.5	0.5	7.0	16
2026-09-07	ABTC	7.989999771118164	4.3	9	1.5	2.0	1.0	0.5	1.0	2.0	0.0	1.0	0.0	0.5	0.0	3.8	4	1.0	0.0	0.5	1.0	0.0	2.0	6.0	4	1.0	2.0	2.0	0.5	0.5	4.1	13
2026-09-07	ABVX	114.79000091552734	5.2	9	2.0	2.0	1.0	1.0	0.0	1.5	0.0	1.0	0.0	2.0	1.0	5.4	5	1.0	2.0	1.0	0.0	0.5	2.0	1.5	5	0.0	0.0	0.0	0.0	1.5	5.3	14
2026-09-07	ABVX.PA	97.5999984741211														6.2	4	1.0	1.0	1.0	2.0	0.5	2.0	1.0	4	0.0	0.0	0.0	0.0	1.0	6.2	4
2026-09-07	ABX	9.609999656677246	5.5	9	2.0	2.0	1.0	0.5	1.0	1.5	1.5	1.0	1.0	0.5	0.0	6.2	6	0.5	2.0	1.0	0.5	1.5	2.0	2.0	5	0.0	0.0	0.0	0.5	1.5	5.7	15
2026-09-07	ABX.DE	1.0859999656677246														3.8	3	1.0	1.0	1.0	1.0	0.5	0.0	5.0	4	1.0	1.5	1.0	0.5	1.0	3.8	3
2026-09-07	AC.PA	46.900001525878906	6.1	8	1.5	2.0	1.0	1.0	1.0	2.0	1.0	0.0	1.0	2.0	1.0	5.4	4	1.5	1.0	1.0	1.0	1.0	1.0	3.0	4	1.0	0.0	0.0	1.0	1.0	5.9	12
2026-09-07	ACA.PA	18.80500030517578	5.7	8	1.0	1.5	1.0	1.0	2.0	2.0	0.5	1.0	1.0	0.5	1.0	4.6	5	0.0	1.0	1.0	1.0	2.0	0.5	3.5	3	1.0	0.5	0.0	1.0	1.0	5.4	13
2026-09-07	ACA.US	145.4499969482422	7.0	9	1.0	1.0	1.0	1.5	2.0	2.0	2.0	1.0	1.0	2.0	1.0	4.6	6	1.0	0.0	1.0	1.0	1.5	1.0	4.0	5	1.0	2.0	0.0	0.5	0.5	6.3	15
2026-09-07	ACAD	28.020000457763672	7.7	10	2.0	2.0	1.0	1.0	2.0	1.0	2.0	1.0	2.0	2.0	1.0	6.2	6	0.0	1.0	1.0	2.0	2.0	1.5	2.5	5	1.0	0.5	0.0	0.0	1.0	7.2	16
2026-09-07	ACAN.PA	0.2070000022649765														2.5	4	0.0	1.0	1.0	1.0	0.0	0.0	2.5	4	0.0	1.5	0.0	0.0	1.0	2.5	4
2026-09-07	ACB	3.950000047683716	4.5	8	1.5	0.5	1.0	1.0	2.0	2.0	0.0	1.0	0.0	0.0	1.0	2.9	4	1.0	1.0	1.0	0.0	0.0	0.5	3.0	5	1.5	0.5	0.0	0.0	1.0	4.0	12
2026-09-07	ACCB.BR	0.027000000700354576														5.0	4	1.0	1.0	1.0	1.0	2.0	0.0	2.0	3	1.0	0.0	0.0	0.0	1.0	5.0	4
2026-09-07	ACCO	4.420000076293945	7.5	9	1.5	2.0	1.0	1.0	2.0	1.0	2.0	1.0	1.0	2.0	2.0	5.0	5	2.0	1.0	1.0	0.0	1.0	1.0	5.0	5	1.0	1.5	0.0	1.0	1.5	6.8	14
2026-09-07	ACDC	5.150000095367432	3.9	10	0.5	0.5	2.0	1.0	1.0	2.0	0.0	1.0	0.0	0.5	0.0	2.5	5	1.0	0.0	1.0	0.5	0.0	0.5	3.5	5	1.5	0.0	0.0	1.5	0.5	3.5	15
2026-09-07	ACEL	11.880000114440918	8.0	9	1.5	2.0	1.0	1.5	1.0	2.0	2.0	1.0	1.5	2.0	2.0	4.6	6	1.0	0.0	1.0	1.5	1.0	1.0	4.0	5	1.0	0.0	0.0	1.5	1.5	7.0	15
2026-09-07	ACET	9.59000015258789	6.6	10	2.0	2.0	1.0	1.5	2.0	1.0	1.5	1.0	0.0	1.5	1.0	3.3	4	1.0	0.0	1.0	0.5	0.5	1.0	2.5	5	1.5	0.5	0.0	0.0	0.5	5.6	14
2026-09-07	ACGL	98.0999984741211	6.6	10	1.5	1.5	1.0	1.5	1.0	1.5	2.0	1.0	1.5	2.0	0.0	5.4	6	1.5	1.0	1.0	1.0	2.0	0.0	1.0	5	0.0	0.0	0.0	0.0	1.0	6.2	16
2026-09-07	ACH.US	1.2100000381469727	4.5	8	1.0	1.5	1.0	0.5	0.0	2.0	0.0	1.0	1.0	2.0	0.0	2.5	6	2.0	0.0	1.0	0.0	0.0	0.0	5.0	4	1.5	1.5	0.0	1.0	1.0	3.9	14
2026-09-07	ACHC	28.1299991607666	6.4	9	1.5	2.0	1.0	0.0	1.0	1.5	2.0	1.0	0.0	2.0	2.0	3.8	6	1.5	1.0	1.0	0.5	0.0	0.5	3.5	5	0.5	0.5	0.0	1.0	1.5	5.6	15
2026-09-07	ACHR	5.710000038146973	5.7	9	2.0	2.0	1.0	0.5	1.0	0.5	2.0	1.0	0.0	1.5	1.0	2.9	4	1.0	0.0	1.0	0.0	0.5	1.0	3.5	5	2.0	1.0	0.0	0.0	0.5	4.9	13
2026-09-07	ACI	12.550000190734863	3.6	10	1.0	1.0	1.0	0.5	0.0	1.0	1.0	0.0	0.5	2.0	0.0	5.4	6	1.5	2.0	1.0	0.0	1.0	1.0	4.0	5	0.0	1.0	0.0	2.0	1.0	4.1	16
2026-09-07	ACIC	9.539999961853027	6.5	10	1.5	2.0	0.7	1.0	0.0	2.0	2.0	1.0	2.0	1.0	1.0	3.3	6	0.5	0.0	1.0	0.0	2.0	0.5	2.5	5	0.0	1.0	0.0	0.5	1.0	5.5	16
2026-09-07	ACIW	52.95000076293945	7.5	10	1.5	2.0	1.0	1.0	1.0	2.0	1.5	1.0	1.5	2.0	2.0	4.6	6	1.0	1.0	1.0	0.0	1.5	1.0	2.5	5	1.0	0.0	0.0	0.5	1.0	6.6	16
2026-09-07	ACKB.BR	280.6000061035156														4.2	4	0.0	1.0	1.0	1.0	1.5	0.5	2.0	4	0.5	0.5	0.0	0.0	1.0	4.2	4
2026-09-07	ACLN.ZU	76.0999984741211	7.0	8	1.0	1.0	1.0	1.0	2.0	2.0	1.0	1.5	2.0	1.0	2.0	5.8	4	0.5	1.0	1.0	1.0	1.5	2.0	2.0	4	0.0	0.0	0.0	1.0	1.0	6.6	12
2026-09-07	ACLS	115.08000183105469	5.7	10	1.0	2.0	1.0	1.0	0.0	1.5	2.0	0.0	1.0	2.0	1.0	6.2	6	1.5	0.0	1.0	2.0	1.5	1.5	3.5	5	2.0	0.5	0.0	0.0	1.0	5.8	16
2026-09-07	ACLX.CVR		5.0	0	1.0	1.0	1.0	1.0	1.0	1.0	1.0	1.0	1.0	1.0	1.0																5.0	0
2026-09-07	ACM	66.58000183105469	5.9	9	2.0	2.0	1.0	1.0	0.0	1.5	0.0	1.0	1.5	2.0	1.0	5.0	6	2.0	1.0	1.0	1.0	1.0	0.0	4.0	5	1.0	1.5	0.0	1.0	0.5	5.6	15
2026-09-07	ACMR	74.44000244140625	6.9	10	2.0	2.0	0.7	1.0	1.0	1.5	2.0	1.0	1.0	2.0	1.0	5.4	6	0.5	0.0	1.0	1.5	1.5	2.0	3.0	5	2.0	0.0	0.0	0.0	1.0	6.5	16
2026-09-07	ACN	186.72000122070312	6.1	9	1.5	1.0	1.0	1.5	1.0	0.5	1.5	1.0	1.5	2.0	1.0	5.4	6	1.5	1.0	1.0	0.5	1.5	1.0	2.0	5	1.0	0.0	0.0	0.0	1.0	5.9	15
2026-09-07	ACRE	4.570000171661377	5.5	9	1.0	1.5	1.0	1.5	0.0	2.0	2.0	1.0	0.0	1.0	1.0	3.3	5	1.0	2.0	1.0	0.0	0.0	0.0	5.0	5	1.5	0.5	0.0	2.0	1.0	4.8	14
2026-09-07	ACRS	6.170000076293945	6.1	10	2.0	2.0	1.0	0.5	2.0	1.0	1.0	1.0	0.0	2.0	1.0	5.4	5	1.0	2.0	1.0	1.5	0.5	0.5	3.5	5	0.5	1.5	0.0	0.0	1.5	5.9	15
2026-09-07	ACS.MC	102.0999984741211	6.4	8	2.0	2.0	1.0	1.0	0.0	2.0	1.0	1.5	1.5	1.0	1.0	5.8	4	1.5	1.0	1.0	1.0	1.0	1.5	3.5	4	0.5	0.0	0.0	2.0	1.0	6.2	12
2026-09-07	ACSO.L	302.0	7.0	8	1.5	2.0	1.0	1.0	1.0	2.0	1.0	1.0	1.0	2.0	2.0	5.4	4	1.5	1.0	1.0	1.0	1.0	1.0	2.0	4	0.5	0.5	0.0	0.0	1.0	6.5	12
2026-09-07	ACT	49.27000045776367	4.9	10	1.0	1.0	0.3	0.5	2.0	2.0	1.5	1.0	1.0	0.5	0.0	6.2	6	1.5	1.0	1.0	1.0	2.0	1.0	4.0	5	0.0	1.5	1.0	0.0	1.5	5.3	16
2026-09-07	ACT.DE	163.1999969482422	6.6	7	2.0	2.0	1.0	1.0	1.0	2.0	1.0	0.5	1.0	1.0	2.0	5.0	4	1.0	1.0	1.0	1.0	1.0	1.0	2.5	3	1.0	0.0	0.0	0.5	1.0	6.1	11
2026-09-07	ACTG	4.539999961853027	6.5	10	1.5	2.0	0.7	1.0	1.0	2.0	2.0	1.0	0.0	2.0	1.0	4.6	6	1.0	1.0	1.0	0.0	0.5	2.0	2.0	5	0.0	0.5	0.0	0.0	1.5	5.9	16
2026-09-07	ACVA	6.980000019073486	6.4	9	1.0	2.0	1.0	1.0	1.0	1.0	2.0	1.0	0.0	2.0	2.0	5.8	4	1.0	1.0	1.0	2.0	0.5	1.5	3.5	5	2.0	0.0	0.0	0.5	1.0	6.2	13
2026-09-07	ACWN.DE	6.75														3.8	4	0.0	1.0	1.0	1.0	0.5	1.0	2.0	4	0.0	1.0	0.0	0.0	1.0	3.8	4
2026-09-07	ACX.DE	3.309999942779541														4.2	3	1.0	1.0	1.0	1.0	1.0	0.0	3.0	4	1.5	0.5	0.0	0.0	1.0	4.2	3
2026-09-07	ACX.MC	18.360000610351562	6.4	9	2.0	1.5	1.0	1.0	2.0	1.5	0.0	1.0	0.5	1.5	2.0	5.8	4	2.0	1.0	1.0	1.0	1.0	1.0	5.0	4	1.0	2.0	0.0	1.0	1.0	6.2	13
2026-09-07	AD	38.5	5.5	9	1.0	1.5	1.0	0.5	1.0	1.5	2.0	1.0	1.5	1.0	0.0	5.8	6	0.0	0.0	1.0	2.0	2.0	2.0	5.0	5	0.0	1.0	1.0	1.0	2.0	5.6	15
2026-09-07	AD.NV	31.65999984741211	5.0	9	0.5	1.0	1.0	1.0	0.0	1.0	1.5	2.0	1.5	1.5	0.0	4.6	5	1.0	1.0	1.0	0.5	1.0	1.0	3.0	4	0.0	1.0	0.0	1.0	1.0	4.9	14
2026-09-07	AD8.ASX	2.4000000953674316	5.5	7	1.5	2.0	1.0	1.0	1.0	2.0	1.0	1.0	0.0	0.5	1.0	4.2	3	1.0	1.0	1.0	1.0	0.0	1.0	2.0	4	0.0	1.0	0.0	0.0	1.0	5.1	10
2026-09-07	ADAM	9.75	6.8	10	1.5	1.0	1.0	1.5	2.0	2.0	2.0	1.0	1.5	1.5	0.0	7.1	6	0.5	1.0	1.0	2.0	2.0	2.0	5.5	5	1.5	1.0	0.0	2.0	1.0	6.9	16
2026-09-07	ADBE	266.510009765625	5.5	10	1.0	1.0	1.0	1.0	1.0	0.5	1.5	1.0	2.0	2.0	0.0	8.8	6	2.0	2.0	1.0	2.0	2.0	1.5	3.0	5	1.5	0.0	0.0	0.5	1.0	6.5	16
2026-09-07	ADC	72.62000274658203	5.9	10	2.0	1.5	1.0	2.0	0.0	2.0	1.0	1.0	0.5	2.0	0.0	7.9	6	2.0	2.0	1.0	1.0	2.0	1.5	1.0	5	0.0	0.5	0.0	0.5	0.0	6.5	16
2026-09-07	ADDTb.ST	330.3999938964844														4.2	5	0.0	1.0	1.0	1.0	1.0	1.0	2.5	4	1.0	0.0	0.0	0.5	1.0	4.2	5
2026-09-07	ADE.DE	27.239999771118164														5.0	3	1.0	1.0	1.0	1.0	0.0	2.0	2.5	4	1.0	0.5	0.0	0.0	1.0	5.0	3
2026-09-07	ADEA	26.5	7.0	9	2.0	2.0	1.0	0.5	1.0	1.5	1.5	1.0	2.0	2.0	1.0	4.6	6	1.0	0.0	1.0	0.0	2.0	1.5	4.0	5	1.0	0.5	0.0	1.0	1.5	6.3	15
2026-09-07	ADEN.ZU	24.15999984741211	7.0	8	1.5	1.5	1.0	1.0	2.0	2.0	2.0	1.0	1.0	1.5	1.0	6.7	5	2.0	1.0	1.0	2.0	1.0	1.0	4.0	4	1.0	1.0	0.0	1.0	1.0	6.9	13
2026-09-07	ADI.US	362.25	7.3	10	2.0	2.0	1.0	2.0	1.0	1.0	1.5	1.5	1.0	2.0	1.0	7.5	6	2.0	0.0	1.0	2.0	2.0	2.0	2.0	5	1.5	0.0	0.0	0.0	0.5	7.4	16
2026-09-07	ADIG	20.649999618530273	5.7	6	1.0	1.5	1.0	1.0	1.0	2.0	1.0	1.0	1.0	0.0	2.0	4.6	4	0.5	1.0	1.0	1.0	1.0	1.0	3.0	4	1.0	1.5	0.0	0.5	0.0	5.4	10
2026-09-07	ADJ.DE	0.11299999803304672														2.9	4	0.0	1.0	1.0	1.0	0.0	0.5	4.5	4	1.5	0.0	0.0	2.0	1.0	2.9	4
2026-09-07	ADM	84.61000061035156	7.5	9	1.5	1.5	1.0	1.5	2.0	2.0	2.0	1.0	1.0	2.0	1.0	5.4	6	1.5	0.0	1.0	2.0	1.0	1.0	3.0	5	0.5	1.0	0.0	0.5	1.0	6.9	15
2026-09-07	ADM.L	3816.0	6.6	8	1.5	1.5	1.0	1.0	2.0	1.5	1.0	0.5	2.0	1.5	1.0	5.0	4	1.0	1.0	1.0	1.0	1.5	0.5	2.5	4	0.0	0.5	0.0	1.0	1.0	6.1	12
2026-09-07	ADMA	9.619999885559082	6.4	9	1.5	2.0	1.0	0.5	1.0	1.0	1.0	1.0	2.0	2.0	1.0	5.8	5	1.5	1.0	1.0	0.0	2.0	1.5	4.0	5	0.5	1.0	0.0	1.0	1.5	6.2	14
2026-09-07	ADMCM.HE	26.299999237060547														5.4	5	0.5	1.0	1.0	1.5	1.5	1.0	2.5	4	0.5	1.0	0.0	0.0	1.0	5.4	5
2026-09-07	ADN1.DE	61.70000076293945	5.5	7	1.0	1.5	1.0	1.0	1.0	2.0	1.0	1.0	1.0	0.5	1.0	5.4	4	1.0	1.0	1.0	1.0	1.0	1.5	4.0	4	1.0	0.5	0.0	1.5	1.0	5.5	11
2026-09-07	ADNT	20.010000228881836	6.8	9	1.5	2.0	1.0	1.0	1.0	1.5	2.0	1.0	1.0	2.0	1.0	5.8	6	2.0	2.0	1.0	0.0	1.0	1.0	4.5	5	1.5	0.5	0.0	1.0	1.5	6.5	15
2026-09-07	ADOC.PA	4.0														3.8	3	1.0	1.0	1.0	1.0	0.5	0.0	4.5	4	0.0	1.5	0.0	2.0	1.0	3.8	3
2026-09-07	ADP	277.6199951171875	7.3	10	1.0	1.5	1.0	1.5	2.0	2.0	1.0	1.0	2.0	2.0	1.0	4.6	6	0.5	0.0	1.0	1.0	2.0	1.0	4.0	5	1.0	1.0	0.0	1.0	1.0	6.5	16
2026-09-07	ADP.PA	109.4000015258789	5.7	8	1.5	1.5	1.0	1.0	0.0	2.0	1.0	1.5	1.0	1.0	1.0	5.8	4	2.0	1.0	1.0	1.0	1.0	1.0	4.0	4	1.0	0.5	0.0	1.5	1.0	5.7	12
2026-09-07	ADPT	24.280000686645508	6.0	10	2.0	1.0	0.3	0.5	2.0	1.5	2.0	1.0	0.0	2.0	1.0	5.8	5	1.0	1.0	1.0	2.0	0.0	2.0	6.0	5	2.0	1.0	0.0	2.0	1.0	5.9	15
2026-09-07	ADS.DE	149.14999389648438	5.9	9	2.0	2.0	1.0	1.0	0.0	2.0	0.0	1.0	1.5	1.5	1.0	6.7	5	2.0	1.0	1.0	1.5	1.0	1.5	3.5	4	1.0	0.5	0.0	1.0	1.0	6.1	14
2026-09-07	ADSK	217.89999389648438	6.4	10	2.0	2.0	1.0	1.5	0.0	1.5	1.5	0.5	2.0	2.0	0.0	7.5	6	2.0	2.0	1.0	0.5	2.0	1.5	5.0	5	1.5	0.5	1.0	1.0	1.0	6.7	16
2026-09-07	ADT	7.460000038146973	5.9	9	0.5	0.5	1.0	1.0	2.0	2.0	1.5	1.0	1.5	2.0	0.0	6.2	5	1.5	1.0	1.0	1.5	1.5	1.0	3.5	5	1.0	0.0	0.0	1.5	1.0	6.0	14
2026-09-07	ADTN	7.099999904632568	6.1	9	2.0	2.0	1.0	0.5	0.0	1.0	2.0	1.0	0.0	2.0	2.0	2.9	6	1.0	0.0	1.0	0.0	0.5	1.0	5.0	5	1.5	2.0	0.0	0.5	1.0	5.1	15
2026-09-07	ADUS	118.76000213623047	7.7	10	2.0	1.5	1.0	1.0	2.0	2.0	1.5	1.0	1.0	2.0	2.0	5.8	6	1.5	1.0	1.0	1.5	1.0	1.0	3.0	5	1.0	1.0	0.0	0.0	1.0	7.1	16
2026-09-07	ADV	31.450000762939453	5.2	9	1.5	2.0	1.0	0.5	1.0	1.5	0.0	1.0	0.0	1.0	2.0	3.8	5	1.0	1.0	1.0	0.0	0.5	1.0	5.0	5	2.0	0.0	0.0	2.0	1.0	4.8	14
2026-09-07	ADV.DE	22.700000762939453														6.7	4	2.0	1.0	1.0	1.0	1.0	2.0	1.5	4	0.0	0.5	0.0	0.0	1.0	6.7	4
2026-09-07	ADVM CVR		5.0	0	1.0	1.0	1.0	1.0	1.0	1.0	1.0	1.0	1.0	1.0	1.0																5.0	0
2026-09-07	ADYEN.NV	1026.5999755859375	7.0	8	2.0	2.0	1.0	1.0	1.0	1.0	1.0	1.0	1.5	2.0	2.0	6.7	4	1.5	1.0	1.0	1.0	2.0	1.5	3.5	4	2.0	0.5	0.0	0.0	1.0	6.9	12
2026-09-07	AED.BR	67.44999694824219														7.5	4	2.0	1.0	1.0	1.0	2.0	2.0	2.5	4	1.0	0.0	0.0	0.5	1.0	7.5	4
2026-09-07	AEE	106.47000122070312	5.9	9	1.5	1.5	1.0	1.0	0.0	2.0	2.0	1.0	1.0	2.0	0.0	5.0	6	0.5	2.0	1.0	0.5	1.5	0.5	3.0	5	0.0	0.0	0.0	1.5	1.5	5.6	15
2026-09-07	AEET.L	25.399999618530273														5.0	1	1.0	1.0	1.0	1.0	1.0	1.0	3.5	2	1.0	0.5	0.0	1.0	1.0	5.0	1
2026-09-07	AEG	9.140000343322754														3.8	4	0.0	1.0	1.0	1.0	1.0	0.5	2.0	5	0.5	1.0	0.0	0.5	0.0	3.8	4
2026-09-07	AEHR	86.26000213623047	5.8	10	2.0	2.0	0.3	0.5	1.0	1.0	2.0	1.0	0.0	2.0	1.0	5.8	6	2.0	0.0	1.0	2.0	0.0	2.0	3.5	5	2.0	0.0	1.0	0.0	0.5	5.8	16
2026-09-07	AEIN.DE	15.600000381469727	4.5	7	1.5	2.0	1.0	1.0	0.0	2.0	0.0	1.0	1.0	0.5	0.0	4.2	4	0.0	1.0	1.0	1.0	1.0	1.0	3.0	4	0.5	1.0	0.0	0.5	1.0	4.4	11
2026-09-07	AEIS	280.8999938964844	6.7	10	2.0	2.0	0.7	1.0	0.0	1.5	2.0	1.0	1.5	2.0	1.0	7.5	6	0.5	2.0	1.0	2.0	1.5	2.0	3.0	5	1.5	0.0	0.0	1.0	0.5	6.9	16
2026-09-07	AEM	204.72999572753906	7.7	10	1.5	1.5	1.0	2.0	2.0	1.0	1.5	1.0	1.5	2.0	2.0	5.0	5	0.0	1.0	1.0	0.0	2.0	2.0	1.0	5	0.5	0.0	0.0	0.0	0.5	6.9	15
2026-09-07	AENA.MC	25.81999969482422	6.6	8	1.5	1.5	1.0	1.0	1.0	2.0	2.0	1.0	2.0	0.5	1.0	5.4	5	0.5	1.0	1.0	1.0	2.0	1.0	2.5	4	0.5	0.0	0.0	1.0	1.0	6.2	13
2026-09-07	AEO	17.389999389648438	6.8	10	1.0	2.0	1.0	0.5	1.0	1.0	2.0	1.0	1.5	2.0	2.0	2.9	6	0.5	0.0	1.0	0.0	1.0	1.0	4.0	5	1.5	0.5	0.0	1.0	1.0	5.6	16
2026-09-07	AEP	124.5	5.9	10	1.5	1.5	1.0	1.5	0.0	2.0	1.0	1.5	1.0	2.0	0.0	4.2	6	1.0	0.0	1.0	0.5	1.5	1.0	3.5	5	0.5	0.0	0.0	1.5	1.5	5.4	16
2026-09-07	AEP.L	196.39999389648438	6.8	7	1.5	2.0	1.0	1.0	2.0	2.0	1.0	1.0	1.0	0.5	2.0	5.8	4	1.5	1.0	1.0	1.0	1.5	1.0	1.5	4	0.0	0.5	0.0	0.0	1.0	6.5	11
2026-09-07	AER	145.39999389648438	8.0	9	2.0	2.0	1.0	2.0	1.0	2.0	2.0	1.0	1.5	2.0	1.0	7.1	6	2.0	0.0	1.0	2.0	2.0	1.5	3.5	5	1.0	0.5	0.0	1.5	0.5	7.7	15
2026-09-07	AERO.US	15.789999961853027	6.6	9	1.0	2.0	1.0	2.0	1.0	2.0	2.0	1.0	1.0	1.5	0.0	7.9	6	2.0	2.0	1.0	2.0	1.0	1.5	4.0	3	1.0	0.5	1.0	1.0	0.5	7.0	15
2026-09-07	AERT	7.179999828338623														5.8	4	1.0	1.0	1.0	1.0	1.0	2.0	2.0	4	0.5	0.5	0.0	1.0	0.0	5.8	4
2026-09-07	AES	14.789999961853027	6.6	9	1.0	1.0	1.0	1.5	2.0	2.0	2.0	1.0	1.0	2.0	0.0	5.8	6	2.0	1.0	1.0	0.0	1.5	1.5	3.5	5	1.0	0.0	0.0	2.0	0.5	6.4	15
2026-09-07	AESI	13.460000038146973	5.5	10	1.0	1.5	1.0	0.0	2.0	1.5	0.0	1.0	0.0	2.0	2.0	3.3	5	1.0	1.0	1.0	0.0	0.0	1.0	3.5	5	1.0	0.0	0.0	1.0	1.5	4.8	15
2026-09-07	AET.L	76.19999694824219	5.5	7	1.5	2.0	1.0	1.0	2.0	2.0	1.0	1.0	0.0	0.5	0.0	3.3	3	1.0	1.0	0.5	1.0	0.5	0.0	3.0	4	0.0	0.5	1.0	0.5	1.0	4.8	10
2026-09-07	AEVA	15.6899995803833	5.1	9	1.5	2.0	0.3	1.0	0.0	0.5	1.5	1.0	1.0	1.5	1.0	4.6	4	1.0	1.0	1.0	1.0	0.0	1.5	5.0	5	2.0	0.5	0.0	2.0	0.5	4.9	13
2026-09-07	AEWU.L	104.4000015258789														5.0	2	1.0	1.0	1.0	1.0	1.0	1.0	3.0	2	1.0	0.0	0.0	1.0	1.0	5.0	2
2026-09-07	AEXA	11.40999984741211														4.6	2	1.0	1.0	1.0	1.0	0.5	1.0	3.0	3	1.0	0.0	0.0	1.0	1.0	4.6	2
2026-09-07	AF.PA	11.720000267028809	5.9	9	1.0	1.5	1.0	1.0	1.0	2.0	2.0	1.0	2.0	0.5	0.0	6.7	5	2.0	1.0	1.0	2.0	1.0	1.0	4.5	4	1.5	0.0	0.0	2.0	1.0	6.1	14
2026-09-07	AFCG	3.569999933242798														3.3	4	1.0	1.0	1.0	0.0	0.0	1.0	3.5	5	1.0	0.0	0.0	1.0	1.5	3.3	4
2026-09-07	AFG	142.72000122070312	7.0	9	1.0	1.5	1.0	1.5	1.0	2.0	1.5	1.0	1.5	1.5	2.0	7.1	6	1.0	2.0	1.0	2.0	1.5	1.0	2.5	5	0.5	0.5	0.0	0.5	1.0	7.0	15
2026-09-07	AFL	117.20999908447266	5.7	9	1.0	1.0	1.0	1.5	1.0	1.5	1.5	1.0	1.5	1.5	0.0	5.0	6	1.5	0.0	1.0	1.0	2.0	0.5	2.0	5	0.5	0.0	0.0	0.5	1.0	5.5	15
2026-09-07	AFRM	72.3499984741211	7.4	11	1.5	2.0	0.7	1.5	1.0	1.0	2.0	1.5	2.0	2.0	1.0	7.9	6	2.0	2.0	1.0	0.5	2.0	2.0	4.5	5	2.0	0.0	0.0	1.5	1.0	7.5	17
2026-09-07	AFRY.ST	104.30000305175781	5.7	8	1.5	2.0	1.0	1.0	1.0	1.5	0.0	1.0	1.0	1.5	1.0	4.2	5	1.5	1.0	1.0	0.0	1.0	0.5	3.5	4	1.0	1.0	0.0	0.5	1.0	5.2	13
2026-09-07	AFX.DE	31.559999465942383	4.8	7	0.5	0.5	1.0	1.0	2.0	1.5	1.5	0.0	1.0	0.5	1.0	4.6	5	1.5	1.0	1.0	0.0	1.0	1.0	3.0	4	1.5	0.5	0.0	0.0	1.0	4.7	12
2026-09-07	AFYA	14.680000305175781	7.3	10	1.0	2.0	1.0	1.0	2.0	2.0	2.0	1.0	1.5	0.5	2.0	5.8	6	2.0	1.0	1.0	0.0	2.0	1.0	2.5	5	0.0	0.0	1.0	0.5	1.0	6.8	16
2026-09-07	AG	20.969999313354492	7.5	8	2.0	2.0	1.0	1.0	2.0	2.0	1.0	1.0	1.0	1.5	2.0	4.6	6	0.5	0.0	1.0	0.0	2.0	2.0	2.5	5	2.0	0.0	0.0	0.0	0.5	6.6	14
2026-09-07	AG1.DE	22.040000915527344	6.6	8	1.5	2.0	1.0	1.0	0.0	2.0	1.0	1.0	1.0	2.0	2.0	5.8	5	0.0	1.0	1.0	2.0	1.0	2.0	4.5	4	2.0	0.0	0.0	1.5	1.0	6.4	13
2026-09-07	AGBK	6.75	7.5	8	1.5	2.0	1.0	1.5	1.5	1.5	1.5	1.0	1.0	2.0	2.0	4.2	6	2.0	0.0	1.0	0.0	2.0	0.0	4.5	4	1.0	1.0	0.0	2.0	0.5	6.5	14
2026-09-07	AGCO	133.39999389648438	6.6	10	1.5	0.5	1.0	1.0	1.5	1.5	2.0	1.5	1.0	2.0	1.0	3.3	6	1.5	0.0	1.0	0.0	1.0	0.5	4.0	5	1.0	0.5	1.0	0.5	1.0	5.6	16
2026-09-07	AGEN	8.239999771118164	5.0	8	1.5	2.0	1.0	0.5	2.0	1.0	0.0	1.0	1.0	1.0	0.0	5.4	6	1.5	0.0	1.0	0.0	2.0	2.0	4.5	4	1.5	1.5	0.0	1.0	0.5	5.1	14
2026-09-07	AGFB.BR	0.4205000102519989														4.6	4	2.0	1.0	1.0	1.0	0.0	0.5	4.0	4	0.5	1.5	0.0	1.0	1.0	4.6	4
2026-09-07	AGI	36.970001220703125	7.3	8	2.0	2.0	1.0	1.0	1.0	1.0	1.5	1.0	2.0	1.5	2.0	6.2	5	1.5	1.0	1.0	0.0	2.0	2.0	2.5	5	1.5	0.5	0.0	0.0	0.5	7.0	13
2026-09-07	AGIO	33.099998474121094	5.9	9	2.0	2.0	1.0	0.5	1.0	1.0	1.5	1.0	0.0	2.0	1.0	7.1	5	1.0	2.0	1.0	2.0	0.5	2.0	2.0	5	0.5	0.0	0.0	0.0	1.5	6.3	14
2026-09-07	AGL	88.5	6.1	10	1.0	2.0	1.0	1.0	1.0	1.0	2.0	1.5	0.0	2.0	1.0	3.8	4	1.0	1.0	1.0	0.0	0.5	1.0	2.5	5	2.0	0.0	0.0	0.0	0.5	5.4	14
2026-09-07	AGL.ASX	8.670000076293945	5.7	7	1.5	1.5	1.0	1.0	1.0	1.5	1.0	1.0	1.5	0.5	1.0	4.6	4	1.0	1.0	1.0	1.0	1.0	0.5	2.0	4	0.0	0.5	0.0	0.5	1.0	5.4	11
2026-09-07	AGM	227.77999877929688	7.3	9	1.5	1.5	1.0	2.0	2.0	2.0	1.0	1.0	1.0	2.0	1.0	7.5	6	2.0	0.0	1.0	2.0	2.0	2.0	4.0	5	1.0	1.0	0.0	2.0	0.0	7.4	15
2026-09-07	AGMB	15.779999732971191	6.4	7	2.0	2.0	1.0	1.5	1.5	0.5	1.0	1.0	1.0	1.5	1.0	3.8	4	1.0	1.0	1.0	0.0	0.5	1.0	4.5	4	1.0	0.5	1.0	0.0	2.0	5.6	11
2026-09-07	AGMH	0.9240000247955322														5.0	4	2.0	1.0	1.0	1.0	1.0	0.0	4.0	5	2.0	2.0	0.0	0.0	0.0	5.0	4
2026-09-07	AGN.NV	7.978000164031982	5.5	8	1.0	1.0	1.0	1.0	2.0	1.5	1.0	0.5	1.0	1.0	1.0	3.8	4	0.0	1.0	1.0	1.0	1.0	0.5	3.0	4	0.5	1.0	0.0	0.5	1.0	5.0	12
2026-09-07	AGNC	10.649999618530273	5.0	10	1.5	1.5	1.0	1.0	0.0	2.0	1.0	0.5	1.5	1.0	0.0	6.2	5	0.5	2.0	1.0	1.0	2.0	1.0	4.5	5	1.5	0.0	0.0	2.0	1.0	5.4	15
2026-09-07	AGNT	4.03000020980835	5.0	9	1.5	2.0	1.0	0.5	0.0	2.0	0.0	1.0	0.0	1.0	2.0	3.3	6	0.0	1.0	1.0	0.0	0.5	1.5	6.0	4	2.0	1.5	0.0	1.0	1.5	4.5	15
2026-09-07	AGO	75.69000244140625	5.9	9	1.5	1.5	1.0	1.0	0.0	2.0	2.0	1.0	1.0	2.0	0.0	7.9	6	2.0	2.0	1.0	2.0	2.0	0.5	3.5	5	0.5	1.0	0.0	0.5	1.5	6.5	15
2026-09-07	AGRO	11.770000457763672	6.6	10	1.0	1.5	1.0	1.5	2.0	1.5	2.0	1.0	0.5	0.5	2.0	5.0	5	0.0	1.0	1.0	1.0	1.0	2.0	1.5	5	0.0	0.0	0.0	1.0	0.5	6.1	15
2026-09-07	AGS.BR	76.4000015258789														5.4	4	0.0	1.0	1.0	1.0	1.5	2.0	4.0	4	0.5	2.0	0.0	0.5	1.0	5.4	4
2026-09-07	AGX	417.989990234375	8.0	10	2.0	2.0	1.0	1.0	0.0	1.5	2.0	2.0	2.0	2.0	2.0	5.4	6	0.5	0.0	1.0	1.5	1.5	2.0	1.5	5	0.5	0.0	0.0	0.0	1.0	7.2	16
2026-09-07	AGYS	111.36000061035156	7.7	9	2.0	1.5	1.0	1.0	2.0	1.5	2.0	1.0	1.0	2.0	2.0	5.8	6	0.5	2.0	1.0	0.5	1.5	1.5	1.0	5	0.0	0.0	0.0	0.0	1.0	7.1	15
2026-09-07	AHCO	6.489999771118164	5.0	9	2.0	2.0	1.0	1.0	0.0	1.0	0.0	1.0	0.0	2.0	1.0	4.2	5	1.0	1.0	1.0	0.0	0.5	1.5	4.0	5	1.5	1.0	0.0	1.0	0.5	4.8	14
2026-09-07	AHR	54.720001220703125	6.4	10	2.0	1.5	1.0	0.5	1.0	1.5	2.0	1.0	0.5	2.0	1.0	5.8	6	0.0	1.0	1.0	2.0	1.0	2.0	3.5	5	0.5	0.5	0.0	0.5	2.0	6.2	16
2026-09-07	AHRT	6.610000133514404	5.2	10	0.5	1.5	1.0	1.5	1.0	2.0	0.0	1.0	0.0	2.0	1.0	3.3	4	1.0	1.0	1.0	0.0	0.0	1.0	3.0	5	1.0	0.0	0.0	1.0	1.0	4.6	14
2026-09-07	AI	10.460000038146973	4.1	9	0.5	0.5	1.0	0.0	1.0	1.0	1.5	1.0	0.0	1.5	1.0	4.2	5	1.0	1.0	1.0	2.0	0.0	0.0	4.0	5	2.0	0.5	0.0	0.0	1.5	4.1	14
2026-09-07	AI.PA	170.44000244140625	5.9	8	2.0	1.5	1.0	1.0	1.0	2.0	1.0	1.5	1.0	1.0	0.0	5.4	4	1.0	1.0	1.0	1.0	1.5	1.0	2.5	4	0.5	0.5	0.0	0.5	1.0	5.8	12
2026-09-07	AIA.ASX	6.989999771118164	4.1	7	0.5	1.0	1.0	1.0	0.0	2.0	1.0	1.0	0.5	1.0	0.0	5.0	4	0.0	1.0	1.0	1.0	2.0	1.0	1.5	4	0.5	0.0	0.0	0.0	1.0	4.4	11
2026-09-07	AIFC	0.5600000023841858														4.6	4	2.0	1.0	1.0	1.0	0.5	0.0	5.5	5	2.0	1.5	0.0	0.0	2.0	4.6	4
2026-09-07	AIFORIA.HE	0.9980000257492065														5.0	4	2.0	1.0	1.5	1.0	0.5	0.0	5.5	4	0.0	2.0	2.0	0.5	1.0	5.0	4
2026-09-07	AIG	76.20999908447266	6.4	10	1.5	1.5	1.0	2.0	0.0	2.0	2.0	1.0	1.0	2.0	0.0	6.7	6	2.0	2.0	1.0	0.5	1.5	1.0	1.5	5	0.5	0.5	0.0	0.0	0.5	6.5	16
2026-09-07	AIHS	1.9952000379562378														3.8	3	1.0	1.0	1.0	1.0	0.5	0.0	2.0	4	1.0	0.0	0.0	1.0	0.0	3.8	3
2026-09-07	AIN	62.43000030517578	6.8	10	1.0	2.0	1.0	1.5	1.0	2.0	1.5	1.0	0.0	2.0	2.0	6.7	6	1.5	2.0	1.0	2.0	0.5	1.0	2.0	5	1.0	0.0	0.0	0.5	0.5	6.8	16
2026-09-07	AIOT	3.0199999809265137	4.1	10	2.0	2.0	1.0	0.5	0.0	0.5	0.0	0.0	0.0	2.0	1.0	4.6	6	2.0	1.0	1.0	0.0	0.5	1.0	5.0	5	1.5	1.5	0.0	0.5	1.5	4.2	16
2026-09-07	AIP	21.3700008392334	5.5	9	2.0	2.0	1.0	1.0	0.0	1.5	0.0	1.0	0.0	1.5	2.0	4.2	4	1.0	1.0	1.0	0.0	0.0	2.0	3.5	5	2.0	0.5	0.0	0.0	1.0	5.1	13
2026-09-07	AIR.PA	198.9600067138672	6.4	9	2.0	1.5	1.0	1.0	1.0	1.5	1.5	1.0	1.5	1.0	1.0	5.8	5	1.5	1.0	1.0	0.5	1.0	2.0	3.0	4	1.0	0.5	0.0	0.5	1.0	6.2	14
2026-09-07	AIR.US	126.54000091552734	7.3	10	1.5	2.0	1.0	1.5	1.0	1.0	2.0	1.0	1.0	2.0	2.0	5.8	4	1.0	1.0	1.0	1.0	1.0	2.0	3.0	5	1.0	0.5	0.0	0.5	1.0	6.8	14
2026-09-07	AIRARABIA.AE	4.809999942779541														4.2	5	0.0	1.0	1.0	1.0	1.5	0.5	1.5	4	0.0	0.0	0.0	0.5	1.0	4.2	5
2026-09-07	AIRE	1.5														3.8	3	1.0	1.0	1.0	1.0	0.5	0.0	5.5	5	2.0	2.0	0.0	0.0	1.5	3.8	3
2026-09-07	AIRS	2.7950000762939453	4.5	9	1.5	2.0	1.0	1.0	0.0	2.0	0.0	1.0	0.0	1.5	0.0	4.2	5	1.0	2.0	1.0	0.0	0.5	0.5	5.5	5	2.0	1.0	1.0	0.5	1.0	4.4	14
2026-09-07	AIT	325.57000732421875	8.0	9	2.0	2.0	1.0	1.5	1.0	2.0	1.5	1.0	1.5	2.0	2.0	6.2	6	0.5	2.0	1.0	1.5	1.0	1.5	1.5	5	1.0	0.0	0.0	0.0	0.5	7.5	15
2026-09-07	AIV	2.559999942779541														5.4	4	1.0	1.0	1.0	1.0	2.0	0.5	5.5	5	1.5	2.0	0.0	1.5	0.5	5.4	4
2026-09-07	AIXA.DE	36.150001525878906	5.5	8	1.0	2.0	1.0	1.0	1.0	1.5	0.0	1.0	1.0	1.5	1.0	5.4	5	1.0	1.0	1.0	2.0	1.5	0.0	2.5	4	1.0	0.0	0.0	0.5	1.0	5.5	13
2026-09-07	AIXC	0.7089999914169312														4.6	2	1.0	1.0	1.0	1.0	0.5	1.0	4.0	4	1.0	2.0	0.0	0.0	1.0	4.6	2
2026-09-07	AIZ	285.739990234375	7.5	9	2.0	1.5	1.0	1.5	2.0	2.0	2.0	1.0	1.5	2.0	0.0	6.2	6	1.0	2.0	1.0	1.5	1.0	1.0	3.0	5	0.5	1.0	0.0	0.5	1.0	7.1	15
2026-09-07	AJ91.DE	11.0														5.0	4	1.5	1.0	1.0	1.0	1.0	0.5	4.5	4	1.0	1.5	1.0	0.0	1.0	5.0	4
2026-09-07	AJB.L	614.5	6.1	7	0.5	1.0	1.0	1.0	2.0	2.0	1.0	1.0	2.0	1.0	1.0	7.1	4	1.0	1.0	2.0	1.0	2.0	1.5	5.0	4	1.0	1.0	2.0	0.0	1.0	6.4	11
2026-09-07	AJG	262.69000244140625	6.8	9	2.0	1.5	1.0	1.5	2.0	1.0	1.0	1.0	1.0	2.0	1.0	7.9	6	2.0	2.0	1.0	1.0	1.5	2.0	2.0	5	0.5	0.0	0.0	0.5	1.0	7.1	15
2026-09-07	AJMANBANK.AE	1.409999966621399														7.1	4	2.0	1.0	1.0	1.0	2.0	1.5	3.0	3	0.5	0.5	0.0	1.0	1.0	7.1	4
2026-09-07	AKA.US	10.960000038146973	6.8	9	1.0	1.5	1.0	2.0	2.0	2.0	2.0	1.0	0.0	1.5	1.0	3.3	4	1.0	1.0	1.0	0.0	0.5	0.5	4.0	5	1.5	0.5	0.0	1.5	0.5	5.8	13
2026-09-07	AKAM	105.22000122070312	6.6	10	1.5	2.0	1.0	0.5	0.0	1.0	1.5	2.0	1.0	2.0	2.0	5.0	6	1.5	1.0	1.0	0.5	1.0	1.0	3.0	5	0.5	0.0	0.0	1.5	1.0	6.1	16
2026-09-07	AKBA	0.9750000238418579	5.5	9	2.0	2.0	1.0	1.0	0.0	1.0	2.0	1.0	0.0	1.0	1.0	1.7	5	1.0	0.0	1.0	0.0	0.0	0.0	4.5	5	0.0	1.5	0.0	2.0	1.0	4.4	14
2026-09-07	AKE.PA	59.29999923706055	5.9	8	1.0	1.0	1.0	1.0	2.0	2.0	0.0	1.0	0.5	1.5	2.0	5.8	5	2.0	1.0	1.0	1.0	1.0	1.0	2.5	4	1.0	0.0	0.0	0.5	1.0	5.9	13
2026-09-07	AKR	20.290000915527344	6.6	10	2.0	2.0	1.0	0.0	0.0	2.0	2.0	1.5	1.0	2.0	1.0	6.7	6	0.0	2.0	1.0	2.0	1.5	1.5	3.5	5	1.0	0.0	0.0	0.5	2.0	6.6	16
2026-09-07	AKRO.CVR		5.0	0	1.0	1.0	1.0	1.0	1.0	1.0	1.0	1.0	1.0	1.0	1.0																5.0	0
2026-09-07	AKTIA.HE	12.600000381469727														5.0	5	0.0	1.0	1.0	1.0	1.0	2.0	3.0	3	0.0	1.0	0.0	1.0	1.0	5.0	5
2026-09-07	AKTS	27.049999237060547	6.4	8	2.0	2.0	1.0	0.0	1.5	2.0	0.5	1.0	1.0	2.0	1.0	5.4	5	1.0	0.0	1.0	2.0	0.5	2.0	3.0	4	1.0	0.0	0.0	0.0	2.0	6.1	13
2026-09-07	AKW.PA	6.300000190734863														4.6	4	1.0	1.0	1.0	1.0	1.0	0.5	3.5	4	0.5	2.0	0.0	0.0	1.0	4.6	4
2026-09-07	AKZA.NV	60.7400016784668	6.6	8	1.0	1.0	1.0	1.0	2.0	2.0	0.5	1.0	1.0	2.0	2.0	5.4	5	1.0	1.0	1.0	2.0	1.0	0.5	3.5	4	1.0	0.5	0.0	1.0	1.0	6.2	13
2026-09-07	AL2SI.PA	28.760000228881836														5.0	4	0.0	1.0	1.0	1.0	1.0	2.0	3.0	4	2.0	0.0	0.0	0.0	1.0	5.0	4
2026-09-07	ALAB	310.3999938964844	7.0	9	1.5	2.0	1.0	1.0	1.0	1.0	2.0	1.0	2.0	2.0	1.0	6.7	6	0.0	1.0	1.0	2.0	2.0	2.0	3.5	5	2.0	0.0	1.0	0.0	0.5	6.9	15
2026-09-07	ALAFY.PA	2.75														3.8	3	1.0	1.0	1.0	1.0	0.5	0.0	1.5	4	0.5	0.0	0.0	0.0	1.0	3.8	3
2026-09-07	ALAGO.PA	0.17870000004768372														4.2	2	1.0	1.0	1.0	1.0	0.0	1.0	3.0	3	0.5	0.5	0.0	1.0	1.0	4.2	2
2026-09-07	ALAGP.PA	0.9480000138282776														4.6	3	1.0	1.0	1.0	1.0	0.0	1.5	1.5	4	0.0	0.5	0.0	0.0	1.0	4.6	3
2026-09-07	ALAGR.PA	0.04800000041723251														7.5	4	2.0	1.0	1.0	1.0	2.0	2.0	3.0	4	1.0	0.0	0.0	1.0	1.0	7.5	4
2026-09-07	ALANSARI.AE	0.9470000267028809														5.0	4	1.0	1.0	1.0	1.0	2.0	0.0	3.5	4	0.0	0.0	2.0	0.5	1.0	5.0	4
2026-09-07	ALATA.PA	21.295000076293945														5.4	3	1.0	1.0	1.0	1.0	0.5	2.0	3.5	4	0.0	0.5	0.0	2.0	1.0	5.4	3
2026-09-07	ALATI.PA	4.159999847412109														4.6	3	1.0	1.0	1.0	1.0	0.5	1.0	3.5	4	0.5	0.5	0.0	1.5	1.0	4.6	3
2026-09-07	ALAVI.PA	15.800000190734863														3.8	4	0.0	1.0	1.0	1.0	1.0	0.5	2.5	4	0.0	0.0	0.0	1.5	1.0	3.8	4
2026-09-07	ALB	126.27999877929688	6.8	10	1.5	2.0	1.0	2.0	0.0	1.0	2.0	1.0	0.5	2.0	2.0	5.8	6	2.0	1.0	1.0	0.0	1.0	2.0	1.5	5	1.5	0.0	0.0	0.0	0.0	6.5	16
2026-09-07	ALBAV.HE	45.70000076293945														4.6	4	0.0	1.0	1.0	1.0	2.0	0.5	2.5	3	0.0	0.5	0.0	1.0	1.0	4.6	4
2026-09-07	ALBFR.PA	195.1999969482422														5.0	4	0.5	1.0	1.0	1.0	1.5	1.0	1.5	4	0.0	0.0	0.0	0.5	1.0	5.0	4
2026-09-07	ALBI.PA	2.140000104904175														4.2	4	0.0	1.0	2.0	1.0	0.5	0.5	5.5	4	1.0	0.5	2.0	1.0	1.0	4.2	4
2026-09-07	ALBIO.PA	0.8920000195503235														4.6	3	1.0	1.0	2.0	1.0	0.0	0.5	5.5	4	1.0	0.0	2.0	1.5	1.0	4.6	3
2026-09-07	ALBIZ.PA	2.6500000953674316														4.6	2	1.0	1.0	1.0	1.0	0.5	1.0	3.5	4	0.0	0.5	0.0	2.0	1.0	4.6	2
2026-09-07	ALBLD.PA	11.399999618530273														5.8	4	1.0	1.0	1.0	1.0	1.0	2.0	4.5	4	0.5	2.0	0.0	1.0	1.0	5.8	4
2026-09-07	ALBOA.PA	11.899999618530273														4.2	3	1.0	1.0	0.0	1.0	0.5	1.5	4.5	4	0.0	1.0	2.0	0.5	1.0	4.2	3
2026-09-07	ALBON.PA	96.80000305175781														4.6	4	0.5	1.0	1.0	1.0	1.0	1.0	2.5	4	0.0	0.5	0.0	1.0	1.0	4.6	4
2026-09-07	ALBPS.PA	0.0771000012755394														4.6	2	1.0	1.0	1.0	1.0	0.5	1.0	3.5	3	1.5	0.0	0.0	1.0	1.0	4.6	2
2026-09-07	ALC.ZU	57.29999923706055	5.5	9	1.0	1.5	1.0	1.0	1.0	1.5	1.0	0.0	0.5	1.5	2.0	6.2	6	1.5	2.0	1.0	1.0	1.0	1.0	1.5	4	0.5	0.0	0.0	0.0	1.0	5.7	15
2026-09-07	ALCAF.PA	13.050000190734863														4.2	4	0.0	1.0	1.0	1.0	1.0	1.0	2.0	4	0.0	0.5	0.0	0.5	1.0	4.2	4
2026-09-07	ALCAT.PA	1.940000057220459														5.8	4	2.0	1.0	1.0	1.0	1.0	1.0	3.0	4	0.5	1.0	0.0	0.5	1.0	5.8	4
2026-09-07	ALCBX.PA	0.011599999852478504														4.2	4	0.0	1.0	1.0	1.0	0.0	2.0	3.5	4	1.0	1.0	0.0	0.5	1.0	4.2	4
2026-09-07	ALCGM.PA	10.34000015258789	4.8	7	1.5	2.0	1.0	1.0	0.0	2.0	1.0	1.0	0.5	0.5	0.0	5.4	4	2.0	1.0	1.0	1.0	1.0	0.5	3.0	4	0.5	0.5	0.0	1.0	1.0	5.0	11
2026-09-07	ALCIS.PA	20.5														6.2	4	2.0	1.0	1.0	1.0	1.0	1.5	3.0	4	0.5	1.0	0.0	0.5	1.0	6.2	4
2026-09-07	ALCJ.PA	1.340000033378601														3.8	3	1.0	1.0	1.0	1.0	0.5	0.0	5.0	3	0.0	2.0	1.0	1.0	1.0	3.8	3
2026-09-07	ALCLA.PA	0.6899999976158142														4.6	4	0.5	1.0	1.0	1.0	2.0	0.0	4.5	4	1.0	1.5	0.0	1.0	1.0	4.6	4
2026-09-07	ALCLS.PA	2.803999900817871														3.3	3	1.0	1.0	1.0	1.0	0.0	0.0	5.0	4	2.0	0.5	0.0	1.5	1.0	3.3	3
2026-09-07	ALCO	40.43000030517578	6.1	9	1.5	1.5	1.0	1.5	2.0	2.0	0.0	1.0	0.5	1.5	1.0	2.5	6	0.0	0.0	1.0	0.0	1.0	1.0	4.0	5	1.0	0.5	0.0	1.0	1.5	5.0	15
2026-09-07	ALCOF.PA	280.0														5.0	4	1.5	1.0	1.0	1.0	1.0	0.5	2.5	3	1.0	0.0	0.0	0.5	1.0	5.0	4
2026-09-07	ALCOG.PA	7.099999904632568														5.0	3	1.0	1.0	1.0	1.0	0.0	2.0	2.5	4	0.0	0.5	1.0	0.0	1.0	5.0	3
2026-09-07	ALCOX.PA	0.38100001215934753	5.2	7	1.5	2.0	1.0	1.0	1.0	2.0	1.0	1.0	0.0	0.0	1.0	4.2	5	0.0	1.0	1.0	1.0	0.0	2.0	3.0	4	0.5	0.5	1.0	0.0	1.0	4.9	12
2026-09-07	ALCPB.PA	0.5120000243186951														3.8	3	1.0	1.0	1.0	1.0	0.5	0.0	5.5	4	2.0	1.5	0.0	1.0	1.0	3.8	3
2026-09-07	ALCRB.PA	5.75														6.2	4	2.0	1.0	1.0	1.0	0.5	2.0	4.0	4	1.5	1.5	0.0	0.0	1.0	6.2	4
2026-09-07	ALCUR.PA	2.359999895095825														3.3	3	1.0	1.0	1.0	1.0	0.0	0.0	4.5	4	1.0	1.5	0.0	1.0	1.0	3.3	3
2026-09-07	ALD.ASX	40.630001068115234	6.1	8	1.5	1.0	1.0	1.0	2.0	2.0	1.0	0.0	2.0	1.0	1.0	5.4	4	0.5	1.0	1.0	1.0	1.0	2.0	2.5	4	0.0	0.5	0.0	1.0	1.0	5.9	12
2026-09-07	ALDAR.PA	2.4800000190734863														4.2	3	1.0	1.0	1.0	1.0	0.5	0.5	4.0	4	0.5	0.5	0.0	2.0	1.0	4.2	3
2026-09-07	ALDBT.PA	0.044199999421834946														3.8	3	1.0	1.0	1.0	1.0	0.0	0.5	6.0	4	1.5	1.5	0.0	2.0	1.0	3.8	3
2026-09-07	ALDEL.PA	29.700000762939453														5.4	4	2.0	1.0	1.0	1.0	1.0	0.5	3.0	4	1.0	0.0	0.0	1.0	1.0	5.4	4
2026-09-07	ALDLS.PA	10.800000190734863														4.6	3	1.0	1.0	1.0	1.0	0.5	1.0	2.5	4	1.0	0.5	0.0	0.0	1.0	4.6	3
2026-09-07	ALDLT.PA	32.400001525878906														5.8	4	2.0	1.0	1.0	1.0	1.0	1.0	5.0	4	1.0	2.0	0.0	1.0	1.0	5.8	4
2026-09-07	ALDMS.PA	1.0199999809265137														5.0	3	1.0	1.0	1.0	1.0	0.5	1.5	4.0	4	0.5	1.5	0.0	1.0	1.0	5.0	3
2026-09-07	ALDNE.PA	0.4050000011920929														3.3	3	1.0	1.0	1.0	1.0	0.0	0.0	3.5	4	1.0	1.5	0.0	0.0	1.0	3.3	3
2026-09-07	ALDRV.PA	0.37860000133514404														3.3	3	1.0	1.0	1.0	1.0	0.0	0.0	2.5	4	0.0	1.5	0.0	0.0	1.0	3.3	3
2026-09-07	ALDUX.PA	1.1699999570846558														3.8	4	0.0	1.0	1.0	1.0	1.0	0.5	4.0	4	0.0	1.5	0.0	1.5	1.0	3.8	4
2026-09-07	ALDX	1.4800000190734863	5.7	9	1.0	2.0	1.0	1.0	0.0	2.0	2.0	1.0	0.0	1.5	1.0	3.8	4	1.0	1.0	1.0	0.0	0.5	1.0	3.5	5	1.0	1.5	0.0	0.0	1.0	5.1	13
2026-09-07	ALEAC.PA	2.9000000953674316														4.2	2	1.0	1.0	1.0	1.0	0.0	1.0	6.5	3	0.5	2.0	1.0	2.0	1.0	4.2	2
2026-09-07	ALEC	2.4600000381469727	5.5	9	1.0	1.0	1.0	1.0	2.0	0.0	2.0	1.0	0.0	2.0	1.0	3.8	5	1.0	1.0	1.0	1.0	0.5	0.0	2.5	4	0.5	0.0	0.0	1.0	1.0	5.0	14
2026-09-07	ALECO.PA	2.240000009536743														4.2	3	1.0	1.0	1.0	1.0	0.5	0.5	3.5	4	1.0	0.5	0.0	1.0	1.0	4.2	3
2026-09-07	ALECP.PA	0.2709999978542328														3.8	4	1.0	1.0	1.0	1.0	0.5	0.0	3.0	3	0.0	1.0	0.0	1.0	1.0	3.8	4
2026-09-07	ALEMG.PA	5.099999904632568														5.8	4	2.0	1.0	1.0	1.0	0.5	1.5	2.5	4	0.0	0.0	1.0	0.5	1.0	5.8	4
2026-09-07	ALENO.PA	6.460000038146973														5.0	4	0.0	1.0	1.0	1.0	1.0	2.0	3.0	4	0.5	0.5	0.0	1.0	1.0	5.0	4
2026-09-07	ALEO2.PA	2.7200000286102295														4.2	3	1.0	1.0	1.0	1.0	0.5	0.5	3.5	4	0.0	0.0	2.0	0.5	1.0	4.2	3
2026-09-07	ALERS.PA	19.600000381469727														4.2	4	0.0	1.0	1.0	1.0	1.0	1.0	3.0	4	0.5	1.5	0.0	0.0	1.0	4.2	4
2026-09-07	ALESE.PA	10.039999961853027														4.2	3	0.0	1.0	1.0	1.0	1.0	1.0	3.0	4	0.0	0.0	1.0	1.0	1.0	4.2	3
2026-09-07	ALEX.HE	14.800000190734863														6.7	4	1.5	1.0	1.0	1.0	1.5	2.0	3.0	4	1.0	1.0	0.0	0.0	1.0	6.7	4
2026-09-07	ALFA.L	165.0	6.8	7	1.5	2.0	1.0	1.0	1.0	2.0	1.0	1.0	2.0	0.5	2.0	5.8	4	1.0	1.0	1.0	1.0	2.0	1.0	1.5	4	0.0	0.5	0.0	0.0	1.0	6.5	11
2026-09-07	ALFA.ST	555.7999877929688	6.4	9	1.5	1.5	1.0	1.0	1.0	2.0	0.5	1.5	1.5	1.5	1.0	5.4	5	1.0	1.0	1.0	1.0	1.5	1.0	2.5	4	0.5	0.5	0.0	0.5	1.0	6.1	14
2026-09-07	ALFEN.NV	11.569999694824219	5.7	7	1.0	2.0	1.0	1.0	0.0	2.0	1.0	1.0	0.5	1.0	2.0	5.0	4	0.0	1.0	1.0	1.0	1.0	2.0	3.0	4	1.5	0.5	0.0	0.0	1.0	5.5	11
2026-09-07	ALFER.PA	6.820000171661377														5.4	4	1.5	1.0	1.0	1.0	1.0	1.0	4.5	4	1.0	0.5	1.0	1.0	1.0	5.4	4
2026-09-07	ALFLE.PA	21.600000381469727														5.0	4	1.0	1.0	1.0	1.0	1.0	1.0	3.5	4	0.0	1.5	0.0	1.0	1.0	5.0	4
2026-09-07	ALFLO.PA	1.1399999856948853														5.4	3	1.0	1.0	1.0	1.0	0.5	2.0	4.0	4	0.5	1.5	0.0	1.0	1.0	5.4	3
2026-09-07	ALFOR.PA	0.2150000035762787														3.3	3	1.0	1.0	1.0	1.0	0.0	0.0	5.0	4	1.0	1.5	0.0	1.5	1.0	3.3	3
2026-09-07	ALFPC.PA	83.4000015258789														4.2	3	1.0	1.0	1.0	1.0	1.0	0.0	4.0	4	0.5	2.0	0.0	0.5	1.0	4.2	3
2026-09-07	ALFRE.PA	2.5999999046325684														5.4	4	2.0	1.0	1.0	1.0	1.0	0.5	2.5	4	1.0	0.0	0.0	0.5	1.0	5.4	4
2026-09-07	ALFUM.PA	5.800000190734863														5.4	3	1.0	1.0	1.0	1.0	0.5	2.0	5.0	4	1.0	1.0	0.0	2.0	1.0	5.4	3
2026-09-07	ALG	173.55999755859375	6.6	9	1.5	1.5	1.0	1.0	2.0	2.0	0.5	1.0	1.0	2.0	1.0	6.2	6	2.0	2.0	1.0	0.5	1.0	1.0	2.0	5	1.0	0.0	0.0	0.0	1.0	6.5	15
2026-09-07	ALG.DE	3.259999990463257														5.0	4	1.0	1.0	1.0	1.0	1.5	0.5	6.5	4	0.0	1.5	2.0	2.0	1.0	5.0	4
2026-09-07	ALGAE.PA	0.45899999141693115														4.6	3	1.0	1.0	1.0	1.0	0.0	1.5	2.5	4	1.0	0.5	0.0	0.0	1.0	4.6	3
2026-09-07	ALGEN.PA	2.4800000190734863														5.4	4	1.0	1.0	1.0	1.0	1.0	1.5	2.0	4	0.0	0.5	0.0	0.5	1.0	5.4	4
2026-09-07	ALGID.PA	0.8539999723434448														4.2	4	0.5	1.0	1.0	1.0	0.5	1.0	3.0	4	0.0	0.5	0.0	1.5	1.0	4.2	4
2026-09-07	ALGIL.PA	21.399999618530273														5.8	4	2.0	1.0	1.0	1.0	1.0	1.0	3.5	4	1.0	1.5	0.0	0.0	1.0	5.8	4
2026-09-07	ALGIR.PA	16.350000381469727														4.2	3	1.0	1.0	1.0	1.0	0.5	0.5	1.5	4	0.0	0.0	0.0	0.5	1.0	4.2	3
2026-09-07	ALGM	36.61000061035156	5.7	10	2.0	2.0	1.0	0.5	0.0	2.0	1.5	0.0	0.5	2.0	1.0	4.2	6	0.0	0.0	1.0	1.0	1.0	2.0	4.0	5	2.0	0.5	0.0	0.5	1.0	5.2	16
2026-09-07	ALGN	158.63999938964844	6.1	10	1.5	2.0	1.0	1.0	0.0	1.5	1.5	1.0	1.0	2.0	1.0	6.2	6	2.0	2.0	1.0	0.5	1.0	1.0	2.5	5	1.5	0.0	0.0	0.0	1.0	6.1	16
2026-09-07	ALGT	78.16000366210938	6.4	10	2.0	2.0	1.0	1.0	0.0	1.5	2.0	2.0	0.5	2.0	0.0	6.7	6	2.0	0.0	1.0	2.0	1.0	2.0	4.5	5	1.5	0.5	0.0	1.5	1.0	6.5	16
2026-09-07	ALH	22.729999542236328	7.3	9	2.0	2.0	1.0	1.0	0.0	2.0	2.0	1.0	2.0	2.0	1.0	5.8	6	1.0	2.0	1.0	0.5	1.5	1.0	4.0	4	1.0	0.0	0.0	2.0	1.0	6.8	15
2026-09-07	ALHAF.PA	0.5920000076293945														5.4	3	1.0	1.0	1.0	1.0	0.5	2.0	3.0	4	1.5	0.5	0.0	0.0	1.0	5.4	3
2026-09-07	ALHC	13.539999961853027	7.0	9	1.5	2.0	1.0	0.5	0.0	2.0	2.0	1.0	1.5	2.0	2.0	5.0	6	0.0	2.0	1.0	0.0	1.0	2.0	4.5	5	1.0	1.5	0.0	1.0	1.0	6.4	15
2026-09-07	ALHEX.PA	25.100000381469727														4.2	3	0.0	1.0	1.0	1.0	1.0	1.0	5.0	4	1.0	1.5	1.0	0.5	1.0	4.2	3
2026-09-07	ALHF.PA	4.039999961853027														4.2	4	0.0	1.0	1.0	1.0	2.0	0.0	3.0	3	0.0	1.0	0.0	1.0	1.0	4.2	4
2026-09-07	ALHG.PA	1.7680000066757202														4.2	4	0.0	1.0	1.0	1.0	1.0	1.0	4.0	3	1.0	0.5	0.0	1.5	1.0	4.2	4
2026-09-07	ALHGR.PA	3.950000047683716														5.0	3	1.0	1.0	1.0	1.0	0.0	2.0	3.5	4	1.5	0.5	0.0	0.5	1.0	5.0	3
2026-09-07	ALHOP.PA	14.25														5.0	4	2.0	1.0	1.0	1.0	1.0	0.0	5.0	4	0.5	0.0	2.0	1.5	1.0	5.0	4
2026-09-07	ALHPI.PA	0.0038999998942017555														7.5	4	2.0	1.0	1.0	1.0	2.0	2.0	4.0	3	0.0	2.0	0.0	1.0	1.0	7.5	4
2026-09-07	ALHRG.PA	20.700000762939453														4.2	4	1.0	1.0	1.0	1.0	0.5	0.5	2.5	4	1.0	0.0	0.0	0.5	1.0	4.2	4
2026-09-07	ALHRS.PA	1.2100000381469727														4.6	3	1.0	1.0	1.0	1.0	0.0	1.5	4.5	4	1.0	1.5	0.0	1.0	1.0	4.6	3
2026-09-07	ALHUN.PA	6.800000190734863														3.3	4	0.0	1.0	1.0	1.0	0.5	0.5	3.5	4	0.0	0.0	1.0	1.5	1.0	3.3	4
2026-09-07	ALHYP.PA	4.800000190734863														5.4	4	2.0	1.0	1.0	1.0	1.0	0.5	4.0	4	1.0	1.5	0.0	0.5	1.0	5.4	4
2026-09-07	ALI1.DE	14.920000076293945	7.3	7	2.0	2.0	1.0	1.0	2.0	2.0	1.0	1.0	2.0	1.0	1.0	5.8	4	0.0	1.0	1.0	1.0	2.0	2.0	4.0	4	1.5	0.5	0.0	1.0	1.0	6.8	11
2026-09-07	ALIBR.PA	0.00039999998989515007														5.0	4	2.0	1.0	1.0	1.0	1.0	0.0	4.0	3	1.5	0.5	0.0	1.0	1.0	5.0	4
2026-09-07	ALICA.PA	8.739999771118164														4.6	3	1.0	1.0	1.0	1.0	0.5	1.0	5.0	4	0.5	2.0	0.0	1.5	1.0	4.6	3
2026-09-07	ALIFb.ST	163.5														5.0	5	0.5	1.0	1.0	1.5	1.0	1.0	3.5	4	1.5	0.0	0.0	1.0	1.0	5.0	5
2026-09-07	ALIKO.PA	1.399999976158142														5.0	3	1.0	1.0	1.0	1.0	0.0	2.0	4.0	3	0.5	1.5	0.0	1.0	1.0	5.0	3
2026-09-07	ALIMP.PA	0.17839999496936798														5.0	3	1.0	1.0	1.0	1.0	0.0	2.0	5.0	4	0.5	1.5	0.0	2.0	1.0	5.0	3
2026-09-07	ALINN.PA	2.4600000381469727														4.6	4	2.0	1.0	1.0	1.0	0.5	0.0	3.0	4	0.0	0.5	0.0	1.5	1.0	4.6	4
2026-09-07	ALINS.PA	0.2879999876022339														5.0	3	1.0	1.0	1.0	1.0	0.0	2.0	2.5	3	0.0	0.5	0.0	1.0	1.0	5.0	3
2026-09-07	ALINV.PA	1.6349999904632568														5.0	3	1.0	1.0	1.0	1.0	2.0	0.0	2.5	3	1.0	0.0	0.0	0.5	1.0	5.0	3
2026-09-07	ALIT	14.920000076293945	5.2	9	1.0	1.0	1.0	1.5	0.0	1.5	1.5	1.0	0.0	2.0	1.0	3.8	5	1.0	2.0	1.0	0.0	0.0	0.5	5.0	5	1.5	1.5	0.0	1.5	0.5	4.8	14
2026-09-07	ALITL.PA	15.600000381469727														3.8	4	0.0	1.0	1.0	1.0	1.0	0.5	2.5	4	0.0	1.5	0.0	0.0	1.0	3.8	4
2026-09-07	ALJXR.PA	0.2745000123977661														5.0	4	0.0	1.0	1.0	1.0	1.0	2.0	4.5	4	2.0	0.0	0.0	1.5	1.0	5.0	4
2026-09-07	ALK	42.040000915527344	5.2	10	2.0	2.0	1.0	0.5	0.0	1.0	2.0	1.0	0.0	2.0	0.0	5.0	6	1.5	2.0	1.0	0.0	0.5	1.0	4.5	5	1.5	0.5	0.0	1.5	1.0	5.1	16
2026-09-07	ALKAL.PA	5.650000095367432														3.3	3	1.0	1.0	1.0	1.0	0.0	0.0	4.5	4	2.0	0.5	1.0	0.0	1.0	3.3	3
2026-09-07	ALKB.CO	208.8000030517578														5.8	5	0.0	1.0	1.0	2.0	1.5	1.5	2.5	4	0.5	1.0	0.0	0.0	1.0	5.8	5
2026-09-07	ALKEY.PA	8.380000114440918														4.2	4	0.5	1.0	1.0	1.0	1.0	0.5	3.5	4	1.0	0.0	0.0	1.5	1.0	4.2	4
2026-09-07	ALKKO.PA	0.062199998646974564														5.0	4	0.0	1.0	1.0	1.0	1.0	2.0	3.5	4	0.5	1.5	0.0	0.5	1.0	5.0	4
2026-09-07	ALKLA.PA	0.8519999980926514														3.8	3	1.0	1.0	1.0	1.0	0.5	0.0	2.0	4	0.5	0.0	0.0	0.5	1.0	3.8	3
2026-09-07	ALKLH.PA	0.14800000190734863														6.2	4	1.5	1.0	1.0	1.0	1.5	1.5	3.0	4	0.5	1.5	0.0	0.0	1.0	6.2	4
2026-09-07	ALKS	46.099998474121094	6.6	9	1.5	2.0	1.0	0.5	1.0	1.0	2.0	1.0	0.5	2.0	2.0	6.7	6	1.0	1.0	1.0	2.0	1.0	2.0	3.0	5	0.0	0.5	0.0	1.0	1.5	6.6	15
2026-09-07	ALKT	19.690000534057617	6.4	10	1.5	1.0	1.0	1.0	2.0	2.0	0.5	1.0	0.0	2.0	2.0	5.0	5	1.0	2.0	1.0	0.0	0.5	1.5	2.5	5	0.5	0.0	0.0	1.0	1.0	6.0	15
2026-09-07	ALL	259.57000732421875	6.8	10	1.0	1.5	1.0	2.0	2.0	1.5	2.0	0.0	2.0	2.0	0.0	5.8	6	1.0	0.0	1.0	2.0	1.5	1.5	1.0	5	0.0	1.0	0.0	0.0	0.0	6.5	16
2026-09-07	ALL.ASX	60.630001068115234	6.8	8	1.5	1.5	1.0	1.0	1.0	2.0	1.0	1.5	1.5	1.0	2.0	6.2	4	2.0	1.0	1.0	1.0	2.0	0.5	1.5	4	0.0	0.0	0.0	0.5	1.0	6.6	12
2026-09-07	ALL.L	15.050000190734863	5.5	7	1.0	2.0	1.0	1.0	1.0	2.0	1.0	1.0	0.0	0.0	2.0	3.8	3	1.0	1.0	1.0	1.0	0.5	0.0	2.0	3	0.0	0.0	0.0	1.0	1.0	5.0	10
2026-09-07	ALLAN.PA	27.0														4.6	4	1.5	1.0	1.0	1.0	1.0	0.0	3.0	4	0.0	1.0	0.0	1.0	1.0	4.6	4
2026-09-07	ALLDL.PA	12.300000190734863														5.4	4	2.0	1.0	1.0	1.0	1.0	0.5	3.0	4	1.0	0.5	0.0	0.5	1.0	5.4	4
2026-09-07	ALLE	157.1199951171875	7.5	10	1.5	1.5	1.0	1.5	2.0	2.0	1.0	0.0	2.0	2.0	2.0	5.8	6	1.0	1.0	1.0	1.0	1.5	1.5	2.5	5	1.0	0.0	0.0	1.0	0.5	7.0	16
2026-09-07	ALLEI.ST	118.5	6.6	8	1.0	0.5	1.0	1.0	2.0	2.0	1.5	1.0	1.0	1.5	2.0	3.8	5	0.5	1.0	1.0	0.0	1.0	1.0	3.5	4	1.0	1.5	0.0	0.0	1.0	5.8	13
2026-09-07	ALLGO.PA	1.3250000476837158														3.8	3	1.0	1.0	1.0	1.0	0.0	0.5	3.0	3	0.0	1.0	0.0	1.0	1.0	3.8	3
2026-09-07	ALLIX.PA	22.200000762939453														5.0	3	1.0	1.0	1.0	1.0	0.5	1.5	4.5	4	1.0	1.0	1.0	0.5	1.0	5.0	3
2026-09-07	ALLO	1.9700000286102295	6.4	9	2.0	2.0	1.0	0.5	1.0	1.5	2.0	1.0	0.0	2.0	1.0	6.2	4	1.0	2.0	1.0	2.0	0.5	1.0	2.5	5	0.0	0.5	0.0	0.0	2.0	6.3	13
2026-09-07	ALLOG.PA	1.9259999990463257														5.0	4	0.0	1.0	1.0	1.0	1.0	2.0	2.0	4	0.5	0.0	0.0	0.5	1.0	5.0	4
2026-09-07	ALLT.US	7.639999866485596	7.0	9	2.0	2.0	1.0	1.5	0.0	1.0	2.0	1.0	1.0	2.0	2.0	7.5	6	2.0	2.0	1.0	1.5	1.0	1.5	3.0	5	1.5	0.5	0.0	0.0	1.0	7.1	15
2026-09-07	ALLY	43.72999954223633	7.3	9	2.0	2.0	1.0	1.5	1.0	2.0	1.5	1.0	1.0	2.0	1.0	5.8	6	2.0	0.0	1.0	1.0	1.5	1.5	3.5	4	1.0	0.5	0.0	1.0	1.0	6.8	15
2026-09-07	ALM.MC	10.420000076293945														5.8	4	1.5	1.0	1.0	1.0	1.0	1.5	2.5	4	0.0	1.5	0.0	0.0	1.0	5.8	4
2026-09-07	ALMB.CO	17.350000381469727														4.6	5	0.5	1.0	1.0	1.5	1.0	0.5	2.5	4	1.0	0.5	0.0	0.0	1.0	4.6	5
2026-09-07	ALMCE.PA	5.5														5.8	4	2.0	1.0	1.0	1.0	1.0	1.0	2.5	4	1.0	0.5	0.0	0.0	1.0	5.8	4
2026-09-07	ALMDG.PA	10.100000381469727														5.0	4	2.0	1.0	1.0	1.0	1.0	0.0	2.5	4	0.0	0.5	1.0	0.0	1.0	5.0	4
2026-09-07	ALMDT.PA	4.105000019073486														4.2	3	1.0	1.0	1.0	1.0	0.0	1.0	3.0	3	0.5	0.5	0.0	1.0	1.0	4.2	3
2026-09-07	ALMIB.PA	0.625														4.6	3	1.0	1.0	1.0	1.0	0.5	1.0	5.0	3	0.0	2.0	1.0	1.0	1.0	4.6	3
2026-09-07	ALMIN.PA	4.949999809265137														6.2	4	2.0	1.0	0.5	1.0	1.0	2.0	4.5	4	1.0	1.5	1.0	0.0	1.0	6.2	4
2026-09-07	ALMKT.PA	0.15539999306201935														7.1	4	2.0	1.0	1.0	1.0	2.0	1.5	3.0	3	1.0	0.0	0.0	1.0	1.0	7.1	4
2026-09-07	ALMLB.PA	1.5800000429153442														4.2	4	0.5	1.0	1.0	1.0	1.0	0.5	3.0	4	0.5	1.0	0.0	0.5	1.0	4.2	4
2026-09-07	ALMOU.PA	22.200000762939453														5.4	4	1.5	1.0	1.0	1.0	1.0	1.0	2.0	4	0.5	0.0	0.0	0.5	1.0	5.4	4
2026-09-07	ALMR	30.799999237060547	7.3	9	2.0	1.5	1.0	1.5	1.5	2.0	2.0	1.0	1.0	1.5	1.0	5.4	4	1.0	1.0	1.0	1.5	0.0	2.0	2.5	4	1.0	0.0	0.0	0.0	1.5	6.7	13
2026-09-07	ALMRB.PA	3.7799999713897705														5.0	4	1.0	1.0	1.0	1.0	1.0	1.0	3.0	4	0.0	1.5	0.0	0.5	1.0	5.0	4
2026-09-07	ALMS	11.100000381469727	5.7	10	2.0	2.0	1.0	1.0	0.0	0.5	2.0	1.0	0.0	2.0	1.0	4.2	5	1.0	2.0	1.0	0.5	0.5	0.0	2.0	5	0.5	0.5	0.0	0.0	1.0	5.2	15
2026-09-07	ALNA.L	9.0														5.0	1	1.0	1.0	1.0	1.0	1.0	1.0	3.0	2	1.0	0.0	0.0	1.0	1.0	5.0	1
2026-09-07	ALNEV.PA	0.3700000047683716														3.8	3	1.0	1.0	1.0	1.0	0.5	0.0	5.0	4	2.0	2.0	0.0	0.0	1.0	3.8	3
2026-09-07	ALNFL.PA	0.9160000085830688														5.4	3	1.0	1.0	1.0	1.0	0.5	2.0	4.5	4	1.0	1.0	0.0	1.5	1.0	5.4	3
2026-09-07	ALNN6.PA	1.159999966621399														3.3	3	1.0	1.0	1.0	1.0	0.0	0.0	5.0	4	1.0	0.0	1.0	2.0	1.0	3.3	3
2026-09-07	ALNOV.PA	0.5090000033378601														4.2	3	1.0	1.0	1.0	1.0	0.0	1.0	3.0	4	1.0	0.5	0.0	0.5	1.0	4.2	3
2026-09-07	ALNRG.PA	0.004000000189989805														4.6	4	2.0	1.0	1.0	1.0	0.0	0.5	2.5	3	0.0	0.5	0.0	1.0	1.0	4.6	4
2026-09-07	ALNSE.PA	45.0														5.0	4	0.5	1.0	1.0	1.0	1.0	1.5	3.5	4	0.0	0.0	2.0	0.5	1.0	5.0	4
2026-09-07	ALNT	94.62000274658203	6.4	9	1.5	1.0	1.0	1.5	1.0	1.0	2.0	1.0	1.0	2.0	1.0	4.2	6	0.0	0.0	1.0	1.5	1.0	1.5	3.0	5	1.5	0.5	0.0	0.5	0.5	5.7	15
2026-09-07	ALNTG.PA	0.8640000224113464														4.2	4	0.0	1.0	1.0	1.0	1.0	1.0	4.5	3	0.0	0.5	2.0	1.0	1.0	4.2	4
2026-09-07	ALNXT.PA	0.328000009059906														5.0	4	1.5	1.0	1.0	1.0	1.0	0.5	2.5	4	0.5	1.0	0.0	0.0	1.0	5.0	4
2026-09-07	ALNY	266.1099853515625	7.3	10	2.0	2.0	1.0	1.5	1.0	0.5	2.0	1.0	2.0	2.0	1.0	7.1	6	2.0	2.0	1.0	0.0	1.5	2.0	2.5	5	0.0	0.5	0.0	1.5	0.5	7.2	16
2026-09-07	ALO.PA	16.5	5.5	7	1.0	2.0	1.0	1.0	1.0	1.5	1.0	1.0	0.5	2.0	0.0	5.8	4	2.0	1.0	1.0	1.0	1.0	1.0	3.5	4	1.0	1.0	0.0	0.5	1.0	5.6	11
2026-09-07	ALODC.PA	8.399999618530273														5.8	4	1.5	1.0	1.0	1.0	1.0	1.5	1.5	4	0.0	0.0	0.0	0.5	1.0	5.8	4
2026-09-07	ALOKW.PA	0.2680000066757202														3.3	3	1.0	1.0	1.0	1.0	0.0	0.0	4.5	4	0.0	1.5	0.0	2.0	1.0	3.3	3
2026-09-07	ALOPM.PA	0.24500000476837158														6.7	4	2.0	1.0	1.0	1.0	2.0	1.0	4.0	4	0.0	2.0	0.0	1.0	1.0	6.7	4
2026-09-07	ALORA.PA	0.4099999964237213														4.2	3	1.0	1.0	1.0	1.0	0.5	0.5	3.5	4	0.5	1.0	0.0	1.0	1.0	4.2	3
2026-09-07	ALORD.PA	0.4659999907016754														5.4	3	1.0	1.0	1.0	1.0	0.5	2.0	1.5	4	0.0	0.0	0.0	0.5	1.0	5.4	3
2026-09-07	ALPAS.PA	4.960000038146973														5.4	4	2.0	1.0	1.0	1.0	1.0	0.5	1.5	4	0.0	0.5	0.0	0.0	1.0	5.4	4
2026-09-07	ALPAU.PA	1.149999976158142														5.0	4	1.0	1.0	1.0	1.0	1.0	1.0	3.0	4	0.5	0.5	0.0	1.0	1.0	5.0	4
2026-09-07	ALPDX.PA	12.050000190734863														4.6	4	1.0	1.0	1.0	1.0	1.0	0.5	2.5	4	1.0	0.0	0.0	0.5	1.0	4.6	4
2026-09-07	ALPJT.PA	6.039999961853027														3.8	4	0.0	1.0	1.0	1.0	0.5	1.0	2.5	4	0.0	0.5	0.0	1.0	1.0	3.8	4
2026-09-07	ALPM.PA	24.5														3.8	4	0.0	1.0	1.0	1.0	1.0	0.5	2.5	4	0.5	1.0	0.0	0.0	1.0	3.8	4
2026-09-07	ALPRG.PA	0.32899999618530273														5.4	4	2.0	1.0	1.0	1.0	1.5	0.0	1.0	4	0.0	0.0	0.0	0.0	1.0	5.4	4
2026-09-07	ALPUL.PA	7.900000095367432														4.2	3	1.0	1.0	1.0	1.0	0.5	0.5	3.5	4	0.0	1.5	0.0	1.0	1.0	4.2	3
2026-09-07	ALPVL.PA	2.109999895095825														3.8	4	0.0	1.0	1.0	1.0	0.5	1.0	3.5	4	1.5	0.0	0.0	1.0	1.0	3.8	4
2026-09-07	ALPWG.PA	0.6039999723434448														4.6	2	1.0	1.0	1.0	1.0	0.5	1.0	2.0	4	0.0	0.5	0.0	0.5	1.0	4.6	2
2026-09-07	ALQ.ASX	21.780000686645508	6.1	8	1.5	1.5	1.0	1.0	0.0	2.0	1.0	2.0	1.5	1.0	1.0	5.8	5	1.0	1.0	1.0	2.0	1.0	1.0	3.0	4	1.0	0.0	0.0	1.0	1.0	6.0	13
2026-09-07	ALQWA.PA	1.6299999952316284														5.8	3	2.0	1.0	1.0	1.0	1.0	1.0	1.5	4	0.0	0.5	0.0	0.0	1.0	5.8	3
2026-09-07	ALRIB.PA	8.5600004196167														4.6	4	0.0	1.0	1.0	1.0	1.5	1.0	2.5	4	1.5	0.0	0.0	0.0	1.0	4.6	4
2026-09-07	ALRM	56.47999954223633	7.3	9	1.5	1.5	1.0	1.0	2.0	2.0	2.0	1.0	1.0	2.0	1.0	6.2	6	1.5	2.0	1.0	0.5	1.5	1.0	4.0	5	0.5	1.5	0.0	0.5	1.5	7.0	15
2026-09-07	ALRPD.PA	2.7950000762939453														3.8	3	1.0	1.0	1.0	1.0	0.5	0.0	2.5	4	0.0	1.5	0.0	0.0	1.0	3.8	3
2026-09-07	ALRS	33.790000915527344	6.4	8	1.0	1.0	1.0	1.0	2.0	2.0	2.0	1.0	0.5	1.5	1.0	5.4	6	0.5	2.0	1.0	0.5	1.5	1.0	4.0	4	0.5	1.5	0.0	1.0	1.0	6.1	14
2026-09-07	ALSEN.PA	0.2485000044107437	5.2	7	1.5	2.0	1.0	1.0	0.0	2.0	1.0	1.0	0.0	1.0	1.0	4.6	4	1.0	1.0	1.0	1.0	0.5	1.0	2.5	4	0.0	1.5	0.0	0.0	1.0	5.0	11
2026-09-07	ALSGD.PA	0.1242000013589859														3.3	3	1.0	1.0	1.0	1.0	0.0	0.0	3.0	4	0.5	0.5	1.0	0.0	1.0	3.3	3
2026-09-07	ALSMA.PA	7.659999847412109														5.0	3	1.0	1.0	1.0	1.0	0.0	2.0	2.5	4	0.5	0.0	0.0	1.0	1.0	5.0	3
2026-09-07	ALSN	131.24000549316406	7.7	9	1.0	1.5	1.0	1.0	2.0	2.0	1.5	1.0	2.0	2.0	2.0	6.2	6	2.0	0.0	1.0	1.0	1.5	2.0	4.5	5	1.0	1.0	0.0	1.5	1.0	7.2	15
2026-09-07	ALSOG.PA	32.5														5.4	4	1.5	1.0	1.0	1.0	1.0	1.0	2.0	4	0.5	0.0	0.0	0.5	1.0	5.4	4
2026-09-07	ALSPT.PA	0.25099998712539673														4.2	3	1.0	1.0	1.0	1.0	0.5	0.5	4.5	4	1.0	1.0	1.0	0.5	1.0	4.2	3
2026-09-07	ALSPW.PA	0.12319999933242798														3.8	3	1.0	1.0	1.0	1.0	0.0	0.5	3.5	3	0.0	1.5	0.0	1.0	1.0	3.8	3
2026-09-07	ALSTI.PA	49.70000076293945														6.2	4	1.0	1.0	1.0	1.0	1.5	2.0	4.5	4	2.0	0.5	0.0	1.0	1.0	6.2	4
2026-09-07	ALSTW.PA	80.4000015258789														6.2	4	0.5	1.0	1.0	1.0	2.0	2.0	3.0	4	1.0	1.0	0.0	0.0	1.0	6.2	4
2026-09-07	ALSYDB.CO	687.5														5.8	5	1.0	1.0	1.0	0.0	2.0	2.0	3.5	3	0.0	1.5	0.0	1.0	1.0	5.8	5
2026-09-07	ALT.US	3.4200000762939453	5.9	9	2.0	2.0	1.0	0.0	1.0	1.0	2.0	1.0	0.0	2.0	1.0	4.6	4	0.0	1.0	1.0	2.0	0.5	1.0	2.5	5	0.0	0.5	0.0	0.0	2.0	5.5	13
2026-09-07	ALTA.PA	91.0														4.2	4	0.5	1.0	1.0	1.0	1.0	0.5	5.0	4	0.5	1.5	1.0	1.0	1.0	4.2	4
2026-09-07	ALTAO.PA	0.014399999752640724														4.2	3	1.0	1.0	1.0	1.0	0.0	1.0	3.5	4	0.5	0.0	0.0	2.0	1.0	4.2	3
2026-09-07	ALTD.PA	0.028200000524520874														5.0	3	0.0	1.0	1.0	1.0	2.0	1.0	3.0	4	1.0	0.5	0.0	0.5	1.0	5.0	3
2026-09-07	ALTG	6.099999904632568	4.5	10	1.5	2.0	1.0	1.5	0.0	0.5	0.0	1.0	0.0	1.5	1.0	5.0	5	1.0	1.0	1.0	2.0	0.5	0.5	3.5	4	1.5	0.0	0.0	1.0	1.0	4.7	15
2026-09-07	ALTHO.PA	0.0010999999940395355														4.6	2	1.0	1.0	1.0	1.0	0.5	1.0	5.0	2	1.0	2.0	0.0	1.0	1.0	4.6	2
2026-09-07	ALTHX.PA	3.7899999618530273														3.8	3	1.0	1.0	1.0	1.0	0.5	0.0	3.5	4	1.5	0.0	0.0	1.0	1.0	3.8	3
2026-09-07	ALTME.PA	0.125														4.6	2	1.0	1.0	1.0	1.0	0.5	1.0	2.5	3	0.5	0.0	0.0	1.0	1.0	4.6	2
2026-09-07	ALTN.L	1205.0														7.5	4	2.0	1.0	1.0	1.0	2.0	2.0	2.5	4	1.5	0.0	0.0	0.0	1.0	7.5	4
2026-09-07	ALTO	4.039999961853027	6.4	9	1.5	2.0	1.0	1.0	0.0	1.5	2.0	1.0	1.5	1.5	1.0	5.4	5	2.0	1.0	1.0	0.0	1.0	1.5	1.0	5	0.0	0.0	0.0	0.5	0.5	6.1	14
2026-09-07	ALTOO.PA	0.0010000000474974513														3.8	3	1.0	1.0	1.0	1.0	0.0	0.5	5.5	3	1.5	2.0	0.0	1.0	1.0	3.8	3
2026-09-07	ALTOU.PA	3.819999933242798														5.0	4	2.0	1.0	1.0	1.0	1.0	0.0	5.0	4	1.0	1.0	0.0	2.0	1.0	5.0	4
2026-09-07	ALTPC.PA	26.899999618530273														5.8	4	1.0	1.0	1.0	1.0	2.0	1.0	3.0	4	0.0	1.5	0.0	0.5	1.0	5.8	4
2026-09-07	ALTR.LS	4.684999942779541														5.4	4	2.0	1.0	1.0	1.0	1.0	0.5	2.5	4	0.0	0.0	0.0	1.5	1.0	5.4	4
2026-09-07	ALTRA.ST	79.9000015258789														5.8	4	1.0	1.0	1.0	1.0	2.0	1.0	4.0	4	1.5	0.5	0.0	1.0	1.0	5.8	4
2026-09-07	ALTUV.PA	1.3550000190734863														4.6	4	1.0	1.0	1.0	1.0	1.0	0.5	2.0	4	0.0	0.5	0.0	0.5	1.0	4.6	4
2026-09-07	ALU.ASX	0.625	5.9	5	1.5	2.0	1.0	1.0	1.0	2.0	1.0	1.0	1.0	0.5	1.0	4.6	2	1.0	1.0	1.0	1.0	0.5	1.0	4.5	2	1.0	1.5	0.0	1.0	1.0	5.5	7
2026-09-07	ALU10.PA	1.2100000381469727														5.0	4	1.5	1.0	1.0	1.0	1.0	0.5	2.5	4	0.0	0.5	0.0	1.0	1.0	5.0	4
2026-09-07	ALUNI.PA	1.7400000095367432														5.8	4	2.0	1.0	1.0	1.0	1.0	1.0	3.0	4	0.5	0.0	1.0	0.5	1.0	5.8	4
2026-09-07	ALUPG.PA	1.649999976158142														4.6	3	1.0	1.0	1.0	1.0	0.5	1.0	2.5	4	0.0	1.0	0.0	0.5	1.0	4.6	3
2026-09-07	ALUR	1.1200000047683716														3.3	3	1.0	1.0	1.0	1.0	0.0	0.0	2.0	4	0.0	1.0	0.0	1.0	0.0	3.3	3
2026-09-07	ALV	125.19999694824219	7.5	9	1.5	1.5	1.0	1.0	2.0	2.0	1.5	1.0	2.0	2.0	1.0	4.2	6	2.0	0.0	1.0	0.0	1.0	1.0	4.0	5	1.5	0.5	0.0	1.0	1.0	6.5	15
2026-09-07	ALV.DE	450.6000061035156	5.9	9	1.0	1.0	1.0	1.0	2.0	0.5	1.5	0.5	1.5	1.0	2.0	5.4	5	0.5	1.0	1.0	1.5	1.0	1.5	3.5	4	0.5	1.5	0.0	0.5	1.0	5.8	14
2026-09-07	ALVAL.PA	0.7940000295639038														5.4	3	1.0	1.0	1.0	1.0	0.5	2.0	2.0	4	0.0	0.5	0.0	0.5	1.0	5.4	3
2026-09-07	ALVAP.PA	2.9700000286102295														5.4	4	2.0	1.0	1.0	1.0	1.0	0.5	2.0	4	0.0	1.0	0.0	0.0	1.0	5.4	4
2026-09-07	ALVDM.PA	179.5														5.0	4	1.0	1.0	1.0	1.0	1.0	1.0	3.5	4	0.5	2.0	0.0	0.0	1.0	5.0	4
2026-09-07	ALVGO.PA	1.7699999809265137														4.6	3	1.0	1.0	1.0	1.0	0.0	1.5	3.5	4	0.0	1.5	0.0	1.0	1.0	4.6	3
2026-09-07	ALVIO.PA	0.6809999942779541														4.6	4	0.5	1.0	1.0	1.0	0.0	2.0	5.5	4	2.0	0.5	0.0	2.0	1.0	4.6	4
2026-09-07	ALVO	5.320000171661377	6.1	9	1.5	1.5	1.0	1.5	1.5	1.0	0.0	2.0	1.0	0.5	2.0	3.3	5	1.0	2.0	1.0	0.0	0.0	0.0	2.5	4	0.0	0.0	0.0	1.0	1.5	5.3	14
2026-09-07	ALVU.PA	17.25														5.4	4	1.0	1.0	1.0	1.0	1.0	1.5	3.5	4	1.0	1.0	0.0	0.5	1.0	5.4	4
2026-09-07	ALW.L	1368.0														5.8	2	2.0	1.0	1.0	1.0	1.0	1.0	4.0	2	1.0	1.0	0.0	1.0	1.0	5.8	2
2026-09-07	ALWEC.PA	24.600000381469727														6.7	4	2.0	1.0	1.0	1.0	1.0	2.0	2.5	4	0.5	0.0	1.0	0.0	1.0	6.7	4
2026-09-07	ALWF.PA	3.9000000953674316														4.6	3	1.0	1.0	1.0	1.0	0.5	1.0	4.0	4	1.0	0.5	0.0	1.5	1.0	4.6	3
2026-09-07	ALWIN.PA	0.3199999928474426														3.8	3	1.0	1.0	1.0	1.0	0.5	0.0	4.5	3	2.0	0.5	0.0	1.0	1.0	3.8	3
2026-09-07	ALWTR.PA	1.2000000476837158														3.3	3	1.0	1.0	1.0	1.0	0.0	0.0	4.5	3	2.0	0.5	0.0	1.0	1.0	3.3	3
2026-09-07	ALX	262.4200134277344	5.2	8	0.5	0.5	1.0	0.5	1.0	2.0	1.0	1.0	2.0	1.0	1.0	5.4	5	0.5	1.0	1.0	1.0	2.0	1.0	5.0	5	0.5	0.5	0.0	2.0	2.0	5.3	13
2026-09-07	ALX.ASX	4.510000228881836	4.5	7	1.0	1.5	1.0	1.0	0.0	2.0	1.0	1.0	0.5	1.0	0.0	4.6	4	0.0	1.0	1.0	1.0	2.0	0.5	2.5	4	0.5	0.5	0.0	0.5	1.0	4.5	11
2026-09-07	ALXIL.PA	4.940000057220459														3.3	3	1.0	1.0	1.0	1.0	0.0	0.0	2.0	4	1.0	0.0	0.0	0.0	1.0	3.3	3
2026-09-07	ALXO	2.009999990463257	6.4	9	1.5	2.0	1.0	1.0	1.0	2.0	1.5	1.0	0.0	2.0	1.0	6.2	4	1.0	2.0	1.0	2.0	0.5	1.0	1.5	5	0.0	0.0	0.0	0.0	1.5	6.3	13
2026-09-07	AM	22.600000381469727	6.1	10	1.0	1.5	1.0	1.5	2.0	2.0	0.5	1.0	1.5	1.5	0.0	5.4	6	0.5	0.0	1.0	2.0	2.0	1.0	4.0	5	0.5	1.0	0.0	1.5	1.0	5.9	16
2026-09-07	AM.PA	277.3999938964844	5.5	8	1.0	2.0	1.0	1.0	0.0	1.5	1.0	1.5	1.5	0.5	1.0	7.1	4	2.0	1.0	1.0	1.0	1.5	2.0	2.0	4	0.0	1.0	0.0	0.0	1.0	6.0	12
2026-09-07	AMAL	49.16999816894531	6.6	8	1.5	1.5	1.0	1.0	2.0	2.0	1.0	1.0	1.0	1.5	1.0	7.5	6	1.5	1.0	1.0	1.5	2.0	2.0	4.5	4	0.5	1.5	0.0	1.0	1.5	6.9	14
2026-09-07	AMANAT.AE	1.440000057220459														6.2	4	1.0	1.0	1.0	1.0	1.5	2.0	2.0	4	0.0	1.0	0.0	0.0	1.0	6.2	4
2026-09-07	AMAT	454.7099914550781	8.2	10	2.0	2.0	1.0	2.0	1.0	1.0	1.5	1.5	2.0	2.0	2.0	7.5	6	2.0	0.0	1.0	2.0	2.0	2.0	2.0	5	1.5	0.0	0.0	0.0	0.5	8.0	16
2026-09-07	AMBA	62.88999938964844	5.7	10	1.5	2.0	1.0	0.5	0.0	1.0	2.0	0.5	0.0	2.0	2.0	5.4	6	1.0	1.0	1.0	2.0	0.0	1.5	5.0	5	2.0	0.5	2.0	0.0	0.5	5.6	16
2026-09-07	AMBEA.ST	171.5														5.0	5	1.0	1.0	1.0	1.0	1.0	1.0	5.0	4	0.5	1.5	0.0	2.0	1.0	5.0	5
2026-09-07	AMBP	5.010000228881836	6.4	8	1.0	1.5	1.0	1.0	2.0	2.0	2.0	1.0	1.0	0.5	1.0	4.2	6	0.0	1.0	1.0	0.5	1.0	1.5	3.0	4	0.5	0.5	0.0	1.0	1.0	5.7	14
2026-09-07	AMBR	0.9100000262260437	6.1	7	1.5	2.0	1.0	2.0	0.0	2.0	1.0	1.0	1.0	1.0	1.0	3.3	4	0.5	1.0	1.0	1.0	0.5	0.0	5.0	4	1.0	2.0	0.0	0.0	2.0	5.3	11
2026-09-07	AMBUB.CO	68.05000305175781														5.4	5	0.5	1.0	1.0	2.0	1.0	1.0	3.0	4	1.5	0.5	0.0	0.0	1.0	5.4	5
2026-09-07	AMC	2.6500000953674316	5.7	8	1.0	1.0	1.0	1.5	2.0	0.5	2.0	1.0	1.0	1.5	0.0	4.2	5	0.0	1.0	1.5	1.0	0.0	1.5	4.5	4	2.0	0.5	1.0	1.0	0.0	5.2	13
2026-09-07	AMC.ASX	63.040000915527344	6.1	8	2.0	1.5	1.0	1.0	1.0	2.0	1.5	1.0	1.0	0.5	1.0	6.2	4	1.5	1.0	1.0	1.0	1.0	2.0	2.5	4	0.5	0.0	0.0	1.0	1.0	6.1	12
2026-09-07	AMCI	3.9000000953674316														3.8	3	1.0	1.0	1.0	1.0	0.5	0.0	1.5	5	0.0	1.5	0.0	0.0	0.0	3.8	3
2026-09-07	AMCR	45.150001525878906	6.6	9	1.5	1.5	1.0	1.5	1.0	2.0	1.0	1.0	1.0	2.0	1.0	7.1	5	1.5	2.0	1.0	1.0	1.0	2.0	2.5	5	0.5	0.0	0.0	1.0	1.0	6.7	14
2026-09-07	AMCX	12.479999542236328	4.5	9	0.5	0.0	1.0	0.0	2.0	1.5	0.0	1.0	0.0	2.0	2.0	5.0	6	2.0	0.0	1.0	2.0	0.5	0.5	6.0	5	1.5	1.5	0.0	1.5	1.5	4.7	15
2026-09-07	AMD	477.57000732421875	6.6	10	2.0	2.0	1.0	1.5	1.0	0.0	1.5	0.5	1.0	2.0	2.0	7.1	6	2.0	0.0	1.0	2.0	1.5	2.0	3.0	5	2.0	0.5	0.0	0.0	0.5	6.7	16
2026-09-07	AMD.EUR	477.57000732421875	6.6	10	2.0	2.0	1.0	1.5	1.0	0.0	1.5	0.5	1.0	2.0	2.0	7.1	6	2.0	0.0	1.0	2.0	1.5	2.0	3.0	5	2.0	0.5	0.0	0.0	0.5	6.7	16
2026-09-07	AME	237.72000122070312	7.5	10	2.0	2.0	1.0	2.0	1.0	2.0	1.5	1.0	1.0	2.0	1.0	5.4	6	0.5	0.0	1.0	1.5	2.0	1.5	2.0	5	1.0	0.5	0.0	0.0	0.5	6.9	16
2026-09-07	AMG	370.2200012207031	8.0	9	2.0	2.0	1.0	1.5	2.0	2.0	1.5	1.0	1.5	2.0	1.0	7.5	6	2.0	0.0	1.0	2.0	2.0	2.0	3.0	5	1.0	1.0	0.0	0.5	0.5	7.8	15
2026-09-07	AMGN	437.2300109863281	7.0	10	1.5	0.5	1.0	1.5	2.0	1.5	2.0	0.5	2.0	2.0	1.0	6.7	6	1.0	2.0	1.0	1.0	2.0	1.0	4.5	5	0.0	1.5	0.0	2.0	1.0	6.9	16
2026-09-07	AMH	32.470001220703125	7.5	10	1.5	1.5	1.0	1.5	1.0	2.0	2.0	1.0	1.0	2.0	2.0	5.8	6	0.5	1.0	1.0	1.5	2.0	1.0	3.0	5	1.0	0.5	0.0	0.5	1.0	7.0	16
2026-09-07	AMI.DE	0.15000000596046448														5.4	3	1.0	1.0	1.0	1.0	0.5	2.0	3.0	4	0.0	1.0	0.0	1.0	1.0	5.4	3
2026-09-07	AMKR	47.77000045776367	6.1	9	1.5	2.0	1.0	0.5	0.0	1.5	2.0	1.0	1.0	1.0	2.0	7.5	6	2.0	1.0	1.0	2.0	1.0	2.0	3.5	5	2.0	0.5	0.0	0.5	0.5	6.5	15
2026-09-07	AML.L	34.099998474121094	4.1	7	1.0	1.5	1.0	1.0	0.0	2.0	1.0	1.0	0.0	0.5	0.0	4.2	4	1.0	1.0	1.0	0.0	0.0	2.0	7.0	4	2.0	2.0	0.0	2.0	1.0	4.1	11
2026-09-07	AMLAK.AE	1.1699999570846558														5.0	4	2.0	1.0	0.0	1.0	2.0	0.0	5.5	3	0.0	1.5	2.0	1.0	1.0	5.0	4
2026-09-07	AMLIF	0.3370000123977661														4.6	2	1.0	1.0	1.0	1.0	0.5	1.0	3.5	5	2.0	1.0	0.0	0.0	0.5	4.6	2
2026-09-07	AMLX	34.099998474121094	6.1	9	2.0	2.0	1.0	0.5	2.0	0.5	1.5	1.0	0.0	2.0	1.0	4.6	4	1.0	2.0	1.0	0.0	0.5	1.0	2.0	5	0.0	0.5	0.0	0.0	1.5	5.6	13
2026-09-07	AMM.DE	0.25600001215934753														3.3	3	1.0	1.0	1.0	1.0	0.0	0.0	4.5	4	0.0	1.5	0.0	2.0	1.0	3.3	3
2026-09-07	AMN	33.79999923706055	7.5	9	1.5	1.5	1.0	1.0	2.0	2.0	2.0	1.0	1.5	2.0	1.0	7.1	6	1.5	2.0	1.0	2.0	1.0	1.0	3.0	5	0.0	1.0	0.0	1.0	1.0	7.4	15
2026-09-07	AMP.ASX	2.440000057220459	5.0	8	1.5	1.0	1.0	1.0	2.0	1.5	1.0	0.0	1.0	1.0	0.0	4.6	4	0.5	1.0	1.0	1.0	1.0	1.0	4.5	4	0.0	1.5	0.0	2.0	1.0	4.9	12
2026-09-07	AMP.MI	11.829999923706055	5.9	9	2.0	1.5	1.0	1.0	2.0	1.5	0.5	2.0	1.0	0.5	0.0	5.0	5	2.0	1.0	1.0	0.0	1.0	1.0	3.0	4	1.0	0.0	0.0	1.0	1.0	5.6	14
2026-09-07	AMP.US	560.5599975585938	7.7	9	1.5	1.0	1.0	1.5	2.0	1.5	1.5	1.0	2.0	2.0	2.0	7.5	6	1.0	2.0	1.0	2.0	1.5	1.5	4.0	5	1.0	1.5	0.0	0.5	1.0	7.6	15
2026-09-07	AMPH	23.18000030517578	5.9	10	1.0	0.5	1.0	0.0	2.0	2.0	1.0	1.0	1.0	1.5	2.0	5.4	6	1.5	0.0	1.0	1.5	1.5	1.0	5.0	5	1.0	0.0	1.0	1.0	2.0	5.8	16
2026-09-07	AMPL	13.020000457763672	5.2	9	1.5	0.5	1.0	1.0	2.0	1.5	0.0	1.0	0.0	2.0	1.0	6.7	5	1.0	2.0	1.0	2.0	0.0	2.0	3.5	5	1.5	1.0	0.0	0.0	1.0	5.6	14
2026-09-07	AMPX	9.890000343322754	4.5	9	2.0	2.0	1.0	0.5	0.0	1.0	0.0	1.0	0.0	1.5	1.0	5.0	5	1.0	0.0	1.0	2.0	0.0	2.0	4.0	5	2.0	1.0	0.0	0.0	1.0	4.7	14
2026-09-07	AMPY	4.900000095367432	5.7	9	1.5	2.0	1.0	1.0	1.0	1.5	0.0	1.0	1.0	1.5	1.0	3.8	6	2.0	0.0	1.0	0.0	1.5	0.0	1.0	5	0.0	0.0	0.0	0.0	1.0	5.1	15
2026-09-07	AMR	225.41000366210938	5.5	9	1.0	0.0	1.0	0.5	2.0	2.0	1.5	1.0	0.0	2.0	1.0	2.9	5	1.0	1.0	1.0	0.0	0.5	0.0	2.0	5	0.5	0.5	0.0	0.0	1.0	4.7	14
2026-09-07	AMRC	23.149999618530273	6.1	9	1.5	2.0	1.0	0.5	0.0	1.5	1.5	1.0	0.5	2.0	2.0	6.2	6	1.5	1.0	1.0	2.0	1.0	1.0	6.0	5	2.0	1.0	0.0	1.5	1.5	6.1	15
2026-09-07	AMRX	17.440000534057617	7.3	9	2.0	1.5	1.0	1.5	1.0	1.0	2.0	1.0	2.0	1.0	2.0	3.8	6	0.5	1.0	1.0	0.0	1.0	1.0	5.5	5	1.5	1.0	0.0	2.0	1.0	6.2	15
2026-09-07	AMRZ	43.81999969482422	4.8	10	1.0	2.0	1.0	2.0	0.0	1.0	0.0	0.0	1.0	1.5	1.0	5.0	6	1.5	1.0	1.0	0.0	1.5	1.0	3.5	4	1.0	1.5	0.0	0.5	0.5	4.9	16
2026-09-07	AMRZ.ZU	35.470001220703125	4.8	9	1.0	2.0	1.0	1.0	0.0	1.0	0.5	0.5	1.0	1.5	1.0	5.0	6	1.5	1.0	1.0	0.0	1.5	1.0	3.5	3	1.0	1.0	0.0	0.5	1.0	4.9	15
2026-09-07	AMS.MC	57.599998474121094	7.3	9	2.0	2.0	1.0	1.0	2.0	2.0	1.5	1.0	2.0	1.5	0.0	5.8	5	1.5	1.0	1.0	1.0	1.5	1.0	2.0	4	0.5	0.0	0.0	0.5	1.0	6.8	14
2026-09-07	AMS.ZU	18.09000015258789	6.1	9	1.5	1.5	1.0	1.0	2.0	1.5	2.0	1.0	0.0	1.0	1.0	6.2	5	2.0	1.0	1.0	2.0	0.5	1.0	5.0	4	1.5	0.5	0.0	2.0	1.0	6.1	14
2026-09-07	AMSC	29.549999237060547	7.7	9	2.0	2.0	1.0	1.0	0.0	2.0	2.0	1.0	2.0	2.0	2.0	6.7	6	2.0	1.0	1.0	0.0	2.0	2.0	4.0	5	2.0	1.0	0.0	0.0	1.0	7.4	15
2026-09-07	AMSF	25.989999771118164	6.6	9	1.0	2.0	1.0	1.5	0.0	2.0	0.5	1.0	1.5	2.0	2.0	5.8	6	1.0	2.0	1.0	0.0	1.5	1.5	3.5	4	0.0	2.0	0.0	1.0	0.5	6.4	15
2026-09-07	AMT	175.85000610351562	7.5	10	1.5	1.5	1.0	2.0	1.0	2.0	2.0	1.5	2.0	2.0	0.0	6.2	6	1.0	1.0	1.0	1.5	2.0	1.0	3.5	5	1.0	0.0	0.0	2.0	0.5	7.1	16
2026-09-07	AMTB	29.68000030517578	7.3	8	1.5	1.0	1.0	1.5	2.0	2.0	2.0	1.0	1.0	2.0	1.0	6.7	6	1.0	2.0	1.0	2.0	1.5	0.5	4.5	4	1.0	1.5	0.0	1.0	1.0	7.1	14
2026-09-07	AMTM	20.059999465942383	6.1	9	1.5	2.0	1.0	1.0	0.0	1.0	1.5	1.0	0.5	2.0	2.0	5.0	6	1.0	2.0	1.0	0.5	1.0	0.5	4.5	4	1.0	2.0	0.0	0.5	1.0	5.8	15
2026-09-07	AMTX	1.8300000429153442	5.0	8	1.5	2.0	1.0	0.5	1.0	2.0	0.5	1.0	1.0	0.5	0.0	5.0	4	1.0	1.0	1.0	1.5	0.0	1.5	4.5	4	1.5	0.5	0.0	1.0	1.5	5.0	12
2026-09-07	AMUN.PA	97.55000305175781	5.9	9	1.0	0.5	1.0	1.0	2.0	1.5	1.5	0.5	1.0	2.0	1.0	5.8	5	0.0	1.0	1.0	2.0	1.5	1.5	5.5	4	1.0	2.0	0.0	1.5	1.0	5.9	14
2026-09-07	AMV0.DE	37.650001525878906	5.0	9	1.5	2.0	1.0	1.0	1.0	1.5	0.0	1.5	0.0	0.5	1.0	2.9	4	1.0	1.0	1.0	0.0	0.5	0.0	2.0	3	1.0	0.0	0.0	0.0	1.0	4.4	13
2026-09-07	AMWL	12.989999771118164	6.8	9	1.0	0.5	1.0	2.0	2.0	2.0	2.0	1.0	0.0	1.5	2.0	2.5	4	1.0	1.0	1.0	0.0	0.0	0.0	3.0	5	1.5	1.0	0.0	0.0	0.5	5.5	13
2026-09-07	AMX	23.0	4.8	9	1.5	2.0	1.0	2.0	0.0	1.0	0.5	1.0	1.5	0.0	0.0	7.1	6	2.0	2.0	1.0	1.5	1.0	1.0	2.0	5	0.0	0.0	0.0	1.5	0.5	5.5	15
2026-09-07	AMZN	258.510009765625	8.0	10	2.0	2.0	1.0	2.0	2.0	1.0	2.0	1.0	2.0	1.5	1.0	7.1	6	1.0	2.0	1.0	1.5	1.5	1.5	3.0	5	1.5	0.5	0.0	0.5	0.5	7.7	16
2026-09-07	AMZN.24-7	258.510009765625														6.2	5	1.0	1.0	1.0	1.5	1.5	1.5	3.0	5	1.5	0.5	0.0	0.5	0.5	6.2	5
2026-09-07	AMZN.EUR	258.510009765625	8.0	10	2.0	2.0	1.0	2.0	2.0	1.0	2.0	1.0	2.0	1.5	1.0	7.1	6	1.0	2.0	1.0	1.5	1.5	1.5	3.0	5	1.5	0.5	0.0	0.5	0.5	7.7	16
2026-09-07	AN	212.36000061035156	7.0	9	2.0	1.5	1.0	1.0	2.0	1.5	1.5	1.0	2.0	2.0	0.0	4.6	6	2.0	0.0	1.0	1.0	1.0	0.5	3.5	5	0.5	0.0	0.0	2.0	1.0	6.3	15
2026-09-07	ANA.MC	203.1999969482422														5.4	4	1.5	1.0	1.0	1.0	1.0	1.0	4.0	4	1.0	0.5	0.0	1.5	1.0	5.4	4
2026-09-07	ANAB	56.79999923706055	6.4	10	2.0	2.0	1.0	0.0	1.0	1.5	2.0	1.5	0.0	2.0	1.0	3.3	5	1.0	2.0	0.5	0.0	0.0	0.5	6.0	5	0.0	0.5	2.0	2.0	1.5	5.5	15
2026-09-07	ANDE	69.30999755859375	7.7	9	1.5	2.0	1.0	1.5	1.0	2.0	2.0	1.0	1.0	2.0	2.0	5.4	6	2.0	0.0	1.0	2.0	1.0	0.5	3.0	5	0.5	0.5	1.0	0.5	0.5	7.0	15
2026-09-07	ANDG	56.2599983215332	6.4	10	2.0	1.0	1.0	0.0	1.5	1.5	2.0	1.0	0.0	2.0	2.0	5.4	6	0.0	2.0	1.0	0.5	1.0	2.0	6.0	4	1.0	1.5	0.0	2.0	1.5	6.1	16
2026-09-07	ANE.MC	21.200000762939453	4.8	8	1.0	1.5	1.0	1.0	0.0	2.0	1.0	1.5	0.5	0.0	1.0	3.3	4	0.0	1.0	1.0	1.0	1.0	0.0	3.0	4	0.5	0.5	0.0	1.0	1.0	4.3	12
2026-09-07	ANET	193.77999877929688	8.9	10	2.0	2.0	1.0	2.0	2.0	1.5	1.5	1.5	2.0	2.0	2.0	7.1	6	1.5	0.0	1.0	2.0	2.0	2.0	3.5	4	1.5	0.5	0.0	1.0	0.5	8.4	16
2026-09-07	ANF	149.6699981689453	7.3	10	1.5	1.5	1.0	0.5	1.5	2.0	2.0	1.0	2.0	2.0	1.0	6.7	6	0.5	2.0	1.0	2.0	1.5	1.0	4.5	5	1.0	1.5	0.0	1.0	1.0	7.1	16
2026-09-07	ANGI	4.900000095367432	4.1	9	1.5	2.0	1.0	0.5	0.0	0.0	0.0	1.0	0.0	2.0	1.0	1.7	6	0.0	1.0	1.0	0.0	0.0	0.0	4.5	5	1.5	1.5	0.0	0.5	1.0	3.4	15
2026-09-07	ANGO	15.199999809265137	7.7	9	2.0	2.0	1.0	1.5	2.0	1.5	2.0	1.0	0.0	2.0	2.0	4.6	6	1.5	2.0	1.0	0.0	0.0	1.0	1.5	5	0.0	1.0	0.0	0.0	0.5	6.8	15
2026-09-07	ANGX	4.579999923706055	6.4	8	2.0	2.0	1.0	1.5	2.0	2.0	0.5	1.0	1.0	1.0	0.0	5.0	5	1.0	0.0	1.0	2.0	0.0	2.0	3.0	4	0.0	1.0	0.0	1.0	1.0	6.0	13
2026-09-07	ANIC.L	5.199999809265137	4.8	7	1.5	2.0	1.0	1.0	0.0	2.0	1.0	1.0	0.0	0.0	1.0	4.6	2	1.0	1.0	1.0	1.0	0.5	1.0	4.0	3	1.0	1.0	0.0	1.0	1.0	4.7	9
2026-09-07	ANIK	20.809999465942383	6.8	9	1.5	1.0	1.0	1.5	2.0	2.0	2.0	1.0	0.0	2.0	1.0	5.8	6	1.0	1.0	1.0	2.0	0.5	1.5	2.0	5	0.0	1.0	0.0	0.0	1.0	6.5	15
2026-09-07	ANIP	71.2300033569336	7.3	9	2.0	2.0	1.0	0.5	0.0	2.0	2.0	1.0	1.5	2.0	2.0	6.2	6	1.0	2.0	1.0	0.0	1.5	2.0	4.0	5	0.0	1.5	0.0	1.0	1.5	7.0	15
2026-09-07	ANN.ASX	41.83000183105469	6.1	8	1.5	1.0	1.0	1.0	1.5	2.0	1.0	0.0	1.0	1.5	2.0	5.8	4	1.5	1.0	1.0	1.0	1.0	1.5	3.5	4	0.5	1.5	0.0	0.5	1.0	6.0	12
2026-09-07	ANNX	4.869999885559082	4.5	10	1.5	2.0	1.0	0.5	0.0	0.0	1.5	0.5	0.0	2.0	1.0	4.6	4	1.0	2.0	1.0	0.0	0.5	1.0	3.5	5	1.5	0.0	0.0	0.0	2.0	4.5	14
2026-09-07	ANODb.ST	48.25														3.8	5	1.0	1.0	1.0	0.0	1.0	0.5	3.5	4	0.5	1.0	0.0	1.0	1.0	3.8	5
2026-09-07	ANORA.HE	3.8399999141693115														4.6	5	0.0	1.0	1.0	2.0	1.0	0.5	3.0	4	0.5	0.0	1.0	0.5	1.0	4.6	5
2026-09-07	ANTIN.PA	8.5	5.2	8	1.0	1.5	1.0	1.0	0.0	2.0	1.0	1.0	1.5	0.5	1.0	5.4	4	1.5	1.0	1.0	1.0	2.0	0.0	3.5	4	1.0	1.5	0.0	0.0	1.0	5.3	12
2026-09-07	ANTO.L	3915.0	6.1	8	1.0	1.0	1.0	1.0	2.0	1.0	1.0	1.5	1.5	0.5	2.0	6.7	4	2.0	1.0	1.0	1.0	1.5	1.5	3.5	4	1.5	0.5	0.0	0.5	1.0	6.3	12
2026-09-07	ANTX	5.889999866485596	6.1	9	1.5	2.0	1.0	1.0	2.0	2.0	0.0	1.0	0.0	2.0	1.0	4.6	4	1.0	0.0	1.0	2.0	0.5	1.0	4.5	4	1.0	0.5	0.0	1.0	2.0	5.6	13
2026-09-07	ANVS	1.3899999856948853	4.3	9	1.5	2.0	1.0	0.5	0.0	2.0	0.0	1.0	0.0	0.5	1.0	5.4	4	1.0	1.0	1.0	2.0	0.5	1.0	7.0	4	1.5	2.0	1.0	1.0	1.5	4.6	13
2026-09-07	ANZ.ASX	37.93000030517578	5.5	7	1.0	0.5	1.0	1.0	2.0	2.0	1.0	0.5	1.0	1.0	1.0	5.4	4	1.0	1.0	1.0	1.0	2.0	0.5	2.5	3	0.5	0.0	0.0	1.0	1.0	5.5	11
2026-09-07	AO.L	93.0	5.9	7	1.5	2.0	1.0	1.0	0.0	2.0	1.0	1.0	1.5	1.0	1.0	5.0	4	1.0	1.0	1.0	1.0	1.0	1.0	3.5	4	1.5	0.5	0.0	0.5	1.0	5.6	11
2026-09-07	AOF.DE	98.19999694824219	7.5	8	1.5	2.0	1.0	1.0	2.0	1.5	2.0	1.0	2.0	0.5	2.0	5.8	4	0.5	1.0	1.0	1.0	2.0	1.5	2.5	4	1.5	0.0	0.0	0.0	1.0	7.0	12
2026-09-07	AOJb.CO	104.4000015258789														5.8	4	1.5	1.0	1.0	1.0	1.0	1.5	4.0	4	1.0	1.5	0.0	0.5	1.0	5.8	4
2026-09-07	AON	323.0899963378906	6.8	10	1.5	2.0	1.0	2.0	0.0	1.5	1.5	0.5	2.0	2.0	1.0	6.2	6	1.0	2.0	1.0	0.5	2.0	1.0	3.0	5	0.5	0.5	0.0	1.5	0.5	6.6	16
2026-09-07	AONC	9.989999771118164														5.4	3	1.0	1.0	1.0	1.0	0.5	2.0	2.0	5	0.5	0.5	0.0	1.0	0.0	5.4	3
2026-09-07	AORT	25.56999969482422	5.9	9	2.0	2.0	1.0	1.0	0.0	2.0	1.0	1.0	0.0	2.0	1.0	4.2	6	0.0	2.0	1.0	0.0	0.5	1.5	4.0	5	1.5	0.5	0.0	1.0	1.0	5.4	15
2026-09-07	AOS	60.47999954223633	6.8	9	1.5	1.5	1.0	0.5	0.0	2.0	1.5	1.0	2.0	2.0	2.0	4.6	6	1.5	1.0	1.0	0.0	1.5	0.5	3.5	5	1.0	0.5	0.0	0.5	1.5	6.1	15
2026-09-07	AOSL	25.200000762939453	5.5	9	1.5	2.0	1.0	0.5	0.0	1.5	1.5	1.0	0.0	2.0	1.0	2.5	5	1.0	0.0	1.0	0.0	0.5	0.5	3.5	5	2.0	0.5	0.0	0.0	1.0	4.6	14
2026-09-07	AOV.ASX	6.199999809265137	5.7	7	1.5	2.0	1.0	1.0	0.0	1.0	1.0	1.0	1.0	1.0	2.0	5.0	4	1.0	1.0	1.0	1.0	1.0	1.0	3.5	4	0.5	1.5	0.0	0.5	1.0	5.5	11
2026-09-07	APA	42.77000045776367	6.6	10	1.0	1.0	1.0	1.0	2.0	1.5	2.0	1.0	2.0	2.0	0.0	4.2	6	1.5	0.0	1.0	0.0	1.5	1.0	2.5	5	0.0	1.0	0.0	0.5	1.0	5.9	16
2026-09-07	APA.ASX	10.8100004196167	5.5	7	1.0	0.5	1.0	1.0	2.0	1.5	1.0	1.0	1.0	1.0	1.0	3.3	4	0.0	1.0	1.0	1.0	1.0	0.0	4.0	4	0.0	1.0	0.0	2.0	1.0	4.8	11
2026-09-07	APAM	41.56999969482422	7.3	9	1.5	1.0	1.0	1.0	2.0	2.0	1.5	1.0	2.0	2.0	1.0	7.1	6	2.0	1.0	1.0	1.5	2.0	1.0	3.0	5	1.5	0.0	0.0	0.5	1.0	7.2	15
2026-09-07	APAM.NV	49.41999816894531	6.1	8	1.5	1.5	1.0	1.0	2.0	1.5	1.0	1.0	0.5	0.5	2.0	5.8	4	2.0	1.0	1.0	1.0	1.0	1.0	4.5	4	2.0	1.0	0.0	0.5	1.0	6.0	12
2026-09-07	APC	18.989999771118164	6.4	8	1.5	1.5	1.0	1.0	0.5	2.0	1.5	1.0	1.0	2.0	1.0	5.0	6	1.0	1.0	1.0	0.0	1.0	2.0	4.5	4	1.0	0.0	0.0	2.0	1.5	6.0	14
2026-09-07	APD	301.2699890136719	7.5	10	1.5	1.5	1.0	2.0	2.0	2.0	1.5	1.5	0.5	2.0	1.0	5.8	6	1.0	2.0	1.0	1.5	0.5	1.0	3.5	5	0.5	1.0	0.0	1.0	1.0	7.0	16
2026-09-07	APE.ASX	21.260000228881836	5.5	8	1.5	2.0	1.0	1.0	0.0	2.0	1.0	1.0	1.0	0.5	1.0	5.8	4	1.0	1.0	1.0	1.0	1.0	2.0	5.5	4	1.0	1.0	1.0	1.5	1.0	5.6	12
2026-09-07	APEI	45.36000061035156	6.6	9	1.5	2.0	1.0	0.5	0.0	2.0	2.0	1.0	1.5	2.0	1.0	5.8	6	2.0	2.0	1.0	0.0	1.0	1.0	3.0	5	1.5	0.0	0.0	0.5	1.0	6.4	15
2026-09-07	APETIT.HE	12.199999809265137														3.8	5	0.5	1.0	1.0	0.5	1.0	0.5	2.5	4	0.0	1.5	0.0	0.0	1.0	3.8	5
2026-09-07	APG	40.040000915527344	6.8	10	2.0	2.0	1.0	1.5	0.0	2.0	1.5	1.0	1.0	2.0	1.0	5.0	5	1.0	0.0	1.0	1.5	1.0	1.5	3.5	5	1.5	0.0	0.0	1.0	1.0	6.3	15
2026-09-07	APGE	133.9600067138672	5.5	10	1.0	1.0	1.0	1.0	1.5	1.5	1.0	1.0	0.0	2.0	1.0	2.9	4	1.0	0.0	1.0	0.0	0.5	1.0	3.0	5	0.0	2.0	0.0	0.0	1.0	4.7	14
2026-09-07	APH	82.77999877929688	9.1	10	2.0	2.0	1.0	2.0	2.0	1.5	2.0	1.5	2.0	2.0	2.0	7.1	6	2.0	0.0	1.0	2.0	1.5	2.0	4.0	5	1.5	1.0	0.0	1.0	0.5	8.5	16
2026-09-07	API	4.239999771118164	6.8	8	1.5	2.0	1.0	2.0	2.0	2.0	1.0	1.0	0.5	1.0	1.0	4.6	4	0.0	1.0	1.0	1.0	1.0	1.5	1.0	5	0.5	0.0	0.0	0.0	0.5	6.1	12
2026-09-07	API.L	1.75														4.6	2	1.0	1.0	1.0	1.0	0.5	1.0	3.5	3	0.5	1.0	0.0	1.0	1.0	4.6	2
2026-09-07	APLD	26.3700008392334	5.5	9	2.0	2.0	1.0	0.0	0.0	1.0	2.0	1.0	0.0	2.0	1.0	5.0	6	1.0	2.0	1.0	0.0	0.0	2.0	3.5	5	2.0	0.0	0.0	1.0	0.5	5.3	15
2026-09-07	APLE	15.600000381469727	5.9	9	1.5	1.5	1.0	0.5	1.0	2.0	1.5	1.0	1.0	2.0	0.0	6.2	6	1.0	2.0	1.0	1.0	1.5	1.0	3.0	5	1.0	0.5	0.0	0.5	1.0	6.0	15
2026-09-07	APLS.CVR		5.0	0	1.0	1.0	1.0	1.0	1.0	1.0	1.0	1.0	1.0	1.0	1.0																5.0	0
2026-09-07	APLT.CVR		5.0	0	1.0	1.0	1.0	1.0	1.0	1.0	1.0	1.0	1.0	1.0	1.0																5.0	0
2026-09-07	APM.DE	2.680000066757202														5.8	4	1.0	1.0	1.0	1.0	1.0	2.0	3.5	4	1.5	1.0	0.0	0.0	1.0	5.8	4
2026-09-07	APMD	27.450000762939453	6.4	6	2.0	2.0	1.0	1.0	1.0	1.5	1.0	1.0	1.0	0.5	2.0	5.4	4	1.5	1.0	1.0	1.0	0.0	2.0	2.0	3	1.0	0.0	0.0	1.0	0.0	6.1	10
2026-09-07	APO	133.6699981689453	7.7	10	2.0	1.5	1.0	1.5	2.0	1.5	1.5	1.5	1.0	1.5	2.0	6.2	6	2.0	1.0	1.0	0.5	1.0	2.0	3.5	5	1.5	0.0	0.0	1.0	1.0	7.2	16
2026-09-07	APOG	39.970001220703125	7.0	9	1.0	1.0	1.0	1.5	1.0	2.0	2.0	1.0	1.0	2.0	2.0	5.0	6	1.5	2.0	1.0	0.0	1.0	0.5	3.5	5	1.0	0.0	1.0	0.5	1.0	6.4	15
2026-09-07	APP	320.55999755859375	6.1	10	2.0	2.0	1.0	1.5	0.0	0.5	1.5	0.0	2.0	2.0	1.0	6.2	6	2.0	0.0	1.0	0.5	2.0	2.0	5.0	5	2.0	1.5	0.0	1.0	0.5	6.1	16
2026-09-07	APPF	214.27999877929688	7.7	9	2.0	1.5	1.0	1.0	2.0	2.0	1.5	1.0	2.0	2.0	1.0	5.0	6	0.0	1.0	1.0	1.0	1.5	1.5	2.0	5	1.0	0.0	0.0	0.0	1.0	6.9	15
2026-09-07	APPN	38.369998931884766	5.2	8	0.5	0.0	1.0	0.5	2.0	1.5	2.0	1.0	1.0	2.0	0.0	4.6	5	1.0	0.0	1.0	1.5	0.5	1.5	3.5	4	1.0	0.5	0.0	1.0	1.0	5.0	13
2026-09-07	APPS	10.710000038146973	6.8	9	2.0	2.0	1.0	1.0	1.0	2.0	2.0	1.0	0.0	2.0	1.0	6.2	6	2.0	0.0	1.0	2.0	0.5	2.0	4.0	5	2.0	0.0	0.0	1.5	0.5	6.6	15
2026-09-07	APTA.L	0.375														5.4	3	1.0	1.0	1.5	1.0	0.0	2.0	5.5	4	1.0	1.5	2.0	0.0	1.0	5.4	3
2026-09-07	APTD.L	220.0														4.2	4	0.5	1.0	1.0	1.0	1.0	0.5	1.5	4	0.0	0.5	0.0	0.0	1.0	4.2	4
2026-09-07	APTV	47.95000076293945	6.6	9	1.5	2.0	1.0	1.0	0.0	1.0	2.0	1.0	1.0	2.0	2.0	5.8	6	2.0	2.0	1.0	0.0	1.0	1.0	4.0	5	1.5	1.5	0.0	0.5	0.5	6.4	15
2026-09-07	AQ.ST	222.39999389648438														4.2	5	0.5	1.0	1.0	1.5	1.0	0.0	3.0	3	0.5	0.5	0.0	1.0	1.0	4.2	5
2026-09-07	AQN	5.670000076293945	5.5	9	1.0	1.5	1.0	1.0	0.0	2.0	2.0	1.0	0.5	2.0	0.0	4.6	6	1.0	1.0	1.0	0.5	1.0	1.0	4.0	5	1.0	1.0	0.0	1.0	1.0	5.2	15
2026-09-07	AQST	5.340000152587891	6.8	8	2.0	2.0	1.0	0.5	2.0	1.0	2.0	1.0	1.0	1.5	1.0	4.2	4	1.0	1.0	1.0	0.0	0.0	2.0	4.0	4	1.5	0.0	0.0	1.0	1.5	6.0	12
2026-09-07	AR.US	39.40999984741211	6.1	10	2.0	2.0	1.0	1.5	2.0	1.0	0.0	1.0	1.0	2.0	0.0	7.5	6	2.0	2.0	1.0	1.0	1.5	1.5	1.0	5	0.0	0.0	0.0	0.5	0.5	6.5	16
2026-09-07	ARAMI.PA	3.7200000286102295														4.6	4	1.0	1.0	1.0	1.0	1.0	0.5	3.0	4	0.5	0.5	0.0	1.0	1.0	4.6	4
2026-09-07	ARB.ASX	18.969999313354492	5.5	8	1.5	2.0	1.0	1.0	0.0	2.0	1.0	0.0	1.0	1.5	1.0	4.6	4	0.5	1.0	1.0	1.0	1.5	0.5	3.5	4	1.0	1.5	0.0	0.0	1.0	5.2	12
2026-09-07	ARBB.L	800.0														6.2	4	2.0	1.0	1.0	1.0	1.5	1.0	3.0	3	0.0	1.0	0.0	1.0	1.0	6.2	4
2026-09-07	ARBE	0.6359999775886536	5.2	9	1.5	2.0	1.0	1.0	0.0	2.0	0.5	1.0	0.0	0.5	2.0	5.4	4	1.0	1.0	1.0	1.0	0.5	2.0	4.0	5	1.0	1.5	0.0	0.5	1.0	5.3	13
2026-09-07	ARCAD.NV	44.41999816894531	6.8	7	1.5	1.5	1.0	1.0	2.0	2.0	1.0	1.0	1.5	1.5	1.0	4.6	4	0.5	1.0	1.0	1.0	1.0	1.0	3.0	4	0.5	0.5	0.0	1.0	1.0	6.1	11
2026-09-07	ARCB	141.1199951171875	5.7	9	1.5	1.5	1.0	1.0	1.0	1.5	1.5	1.0	0.5	2.0	0.0	7.1	6	2.0	1.0	1.0	2.0	1.0	1.5	3.5	5	1.5	0.5	0.0	0.5	1.0	6.1	15
2026-09-07	ARCC	20.040000915527344	5.7	10	1.5	1.0	1.0	1.0	2.0	2.0	1.0	1.0	1.0	1.0	0.0	5.8	6	0.5	2.0	1.0	0.5	2.0	1.0	3.0	5	0.5	0.0	0.0	1.0	1.5	5.7	16
2026-09-07	ARCM.L	0.699999988079071														4.6	2	1.0	1.0	1.0	1.0	0.5	1.0	1.0	4	0.0	0.0	0.0	0.0	1.0	4.6	2
2026-09-07	ARCO	8.170000076293945	7.5	9	1.5	2.0	1.0	1.5	2.0	2.0	2.0	1.0	2.0	1.5	0.0	6.2	5	2.0	1.0	1.0	1.0	1.0	1.5	2.5	5	0.0	0.0	0.0	2.0	0.5	7.1	14
2026-09-07	ARCT	15.819999694824219	5.2	9	1.5	2.0	1.0	0.0	1.5	0.0	1.5	1.0	0.0	2.0	1.0	5.4	5	1.0	2.0	1.0	2.0	0.5	0.0	4.0	5	2.0	0.0	0.0	0.0	2.0	5.3	14
2026-09-07	ARDX	3.7799999713897705	5.0	9	2.0	2.0	1.0	1.0	0.0	1.0	0.0	1.0	0.0	2.0	1.0	4.2	5	1.0	1.0	1.0	0.0	0.0	2.0	5.0	5	0.5	2.0	0.0	1.5	1.0	4.8	14
2026-09-07	ARE	52.650001525878906	5.9	10	1.0	1.0	1.0	1.0	2.0	2.0	0.0	1.0	0.0	2.0	2.0	2.9	6	0.5	0.0	1.0	2.0	0.0	0.0	3.0	5	1.0	0.5	0.0	0.5	1.0	5.0	16
2026-09-07	ARES	140.14999389648438	5.9	9	2.0	1.5	1.0	0.5	2.0	1.5	0.5	1.0	1.0	2.0	0.0	5.8	6	1.5	2.0	1.0	0.0	1.5	1.0	4.5	5	1.5	0.0	0.0	1.5	1.5	5.9	15
2026-09-07	ARF.ASX	2.319999933242798	5.5	8	1.5	2.0	1.0	1.0	0.0	1.5	1.0	0.0	1.0	1.0	2.0	6.7	4	2.0	1.0	1.0	1.0	2.0	1.0	3.5	4	0.5	1.5	0.0	0.5	1.0	5.9	12
2026-09-07	ARG.PA	73.69999694824219	5.7	7	1.0	1.5	1.0	1.0	2.0	2.0	1.0	1.0	1.0	1.0	0.0	5.8	4	1.0	1.0	1.0	1.0	2.0	1.0	3.5	4	1.0	0.5	0.0	1.0	1.0	5.7	11
2026-09-07	ARGX	1033.1500244140625	7.5	10	2.0	1.5	1.0	2.0	2.0	1.5	2.0	1.0	1.5	1.0	1.0	7.1	6	1.5	0.0	1.0	2.0	2.0	2.0	2.5	5	0.0	1.5	0.0	0.0	1.0	7.4	16
2026-09-07	ARGX.BR	893.5999755859375														7.9	5	1.5	1.0	1.0	2.0	2.0	2.0	2.5	4	0.0	1.5	0.0	0.0	1.0	7.9	5
2026-09-07	ARHS	8.729999542236328	7.3	9	1.5	2.0	1.0	0.5	2.0	1.5	2.0	1.0	1.5	2.0	1.0	5.0	6	1.0	2.0	1.0	0.0	1.0	1.0	4.0	5	2.0	0.0	0.0	1.0	1.0	6.6	15
2026-09-07	ARI	6.880000114440918	5.9	9	1.5	1.5	1.0	1.0	0.0	2.0	0.0	1.0	1.0	2.0	2.0	6.2	6	1.5	1.0	1.0	0.0	2.0	2.0	3.5	5	1.5	1.5	0.0	0.0	0.5	6.0	15
2026-09-07	ARIS	20.049999237060547	7.7	9	1.5	2.0	1.0	1.0	2.0	2.0	1.5	0.5	1.5	2.0	2.0	6.2	5	1.5	1.0	1.0	0.0	2.0	2.0	3.5	5	2.0	0.5	0.0	0.0	1.0	7.2	14
2026-09-07	ARIS.MI	3.8399999141693115	6.8	8	1.5	2.0	1.0	1.0	1.0	2.0	1.0	2.0	1.0	0.5	2.0	6.2	5	1.5	1.0	1.0	2.0	1.0	1.0	3.5	4	1.0	0.5	0.0	1.0	1.0	6.6	13
2026-09-07	ARJOb.ST	28.700000762939453														4.6	5	1.0	1.0	1.0	0.5	1.0	1.0	3.0	4	0.5	0.0	1.0	0.5	1.0	4.6	5
2026-09-07	ARKO	4.889999866485596	6.8	9	1.5	2.0	1.0	1.0	0.0	2.0	2.0	1.0	0.5	2.0	2.0	4.2	6	0.0	1.0	1.0	0.0	1.0	2.0	5.0	5	1.0	0.5	0.0	2.0	1.5	6.0	15
2026-09-07	ARLO	13.970000267028809	7.5	9	2.0	2.0	1.0	0.5	2.0	1.5	2.0	1.0	1.5	2.0	1.0	8.3	6	2.0	2.0	1.0	2.0	1.0	2.0	3.5	5	1.5	0.5	0.0	0.0	1.5	7.7	15
2026-09-07	ARM	252.08999633789062	5.5	10	2.0	1.5	1.0	0.5	1.0	0.0	1.5	0.5	1.0	2.0	1.0	7.5	6	1.0	1.0	1.0	2.0	2.0	2.0	3.0	5	2.0	0.0	0.0	0.0	1.0	6.1	16
2026-09-07	ARMK	56.779998779296875	7.0	9	2.0	2.0	1.0	1.5	1.0	2.0	1.0	1.0	1.0	2.0	1.0	5.0	6	2.0	0.0	1.0	1.0	1.0	1.0	4.0	5	1.0	0.5	0.0	1.5	1.0	6.4	15
2026-09-07	ARMX.AE	1.690000057220459														6.7	4	2.0	1.0	1.0	1.0	1.0	2.0	3.0	4	0.0	1.5	0.0	0.5	1.0	6.7	4
2026-09-07	AROC	32.689998626708984	6.6	9	1.5	2.0	1.0	1.0	0.0	2.0	1.5	1.0	1.5	2.0	1.0	5.8	6	1.5	2.0	1.0	0.0	2.0	0.5	3.5	5	1.0	0.0	0.0	1.5	1.0	6.4	15
2026-09-07	AROW	39.56999969482422	6.8	9	1.5	1.5	1.0	1.5	1.0	2.0	1.0	2.0	1.0	1.5	1.0	5.8	6	0.5	2.0	1.0	0.5	2.0	1.0	3.5	4	0.5	1.0	0.0	1.0	1.0	6.5	15
2026-09-07	ARQQ	21.3700008392334														5.4	3	1.0	1.0	1.0	1.0	0.5	2.0	4.5	5	2.0	1.0	0.0	0.0	1.5	5.4	3
2026-09-07	ARQT	23.899999618530273	7.3	9	2.0	2.0	1.0	0.5	0.0	2.0	2.0	1.0	1.5	2.0	2.0	5.0	6	0.0	0.0	1.0	2.0	1.0	2.0	4.0	5	1.5	0.0	0.0	0.5	2.0	6.6	15
2026-09-07	ARR	16.350000381469727														5.0	4	0.5	1.0	1.0	0.5	2.0	1.0	3.5	5	1.5	0.0	0.0	2.0	0.0	5.0	4
2026-09-07	ARRY	4.599999904632568	4.5	9	1.0	2.0	1.0	0.0	0.0	1.0	0.0	1.0	0.0	2.0	2.0	3.3	6	2.0	0.0	1.0	0.0	0.5	0.5	6.0	5	1.5	1.5	0.0	2.0	1.0	4.1	15
2026-09-07	ARTNA	36.189998626708984														5.4	4	0.5	1.0	1.0	1.0	2.0	1.0	2.5	5	0.0	1.5	0.0	0.5	0.5	5.4	4
2026-09-07	ARVLF	9.999999747378752e-05														4.2	2	1.0	1.0	0.5	1.0	0.5	1.0	8.5	5	2.0	2.0	2.0	0.5	2.0	4.2	2
2026-09-07	ARVN	9.390000343322754	6.1	9	1.5	2.0	1.0	1.0	1.0	0.5	2.0	1.0	0.5	2.0	1.0	5.4	6	0.5	2.0	1.0	0.0	1.0	2.0	3.0	5	1.5	0.5	0.0	0.0	1.0	5.9	15
2026-09-07	ARW	215.97000122070312	7.0	9	1.0	1.5	1.0	1.5	2.0	1.5	2.0	1.0	1.0	2.0	1.0	6.7	6	2.0	0.0	1.0	2.0	1.0	2.0	3.0	5	1.0	1.0	0.0	0.5	0.5	6.9	15
2026-09-07	ARWR	86.33999633789062	7.5	10	2.0	2.0	1.0	1.0	2.0	1.5	2.0	2.0	0.0	2.0	1.0	4.2	5	1.0	1.0	1.0	0.0	0.0	2.0	5.5	5	1.5	1.0	0.0	2.0	1.0	6.5	15
2026-09-07	ARX	19.8799991607666	5.9	9	1.0	1.0	1.0	1.0	1.5	2.0	2.0	1.0	0.0	1.5	1.0	4.6	5	1.0	0.0	1.0	1.5	0.0	2.0	3.0	4	1.0	1.5	0.0	0.0	0.5	5.5	14
2026-09-07	ARXS	53.619998931884766	7.0	9	2.0	1.5	1.0	1.5	1.5	1.5	2.0	1.0	1.0	1.5	1.0	5.8	5	0.0	1.0	1.0	2.0	1.0	2.0	2.5	4	1.0	0.5	0.0	0.5	0.5	6.6	14
2026-09-07	AS	29.530000686645508	6.6	9	2.0	2.0	1.0	1.0	0.0	1.5	2.0	1.0	1.0	1.0	2.0	5.8	6	2.0	1.0	1.0	0.0	1.0	2.0	4.0	5	2.0	1.5	0.0	0.0	0.5	6.4	15
2026-09-07	ASAI.L	244.0														7.5	4	2.0	1.0	1.0	1.0	2.0	2.0	6.5	4	2.0	0.5	1.0	2.0	1.0	7.5	4
2026-09-07	ASAIY	9.015000343322754	5.9	8	1.0	1.0	1.0	1.5	2.0	2.0	1.0	1.0	1.5	0.0	1.0	4.6	5	0.5	1.0	1.0	1.0	1.0	1.0	4.0	5	0.0	0.5	0.0	2.0	1.5	5.5	13
2026-09-07	ASAN	8.8100004196167	4.8	10	1.0	1.0	1.0	0.0	1.0	2.0	2.0	1.0	0.0	1.5	0.0	1.7	5	1.0	0.0	0.0	0.0	0.0	1.0	6.0	5	1.0	0.5	2.0	1.5	1.0	3.9	15
2026-09-07	ASB	31.06999969482422	7.5	8	1.5	1.5	1.0	2.0	2.0	2.0	1.5	1.0	1.0	2.0	1.0	7.1	6	1.0	2.0	1.0	0.5	2.0	2.0	2.5	4	0.5	1.0	0.0	1.0	0.0	7.4	14
2026-09-07	ASC	18.170000076293945	7.3	9	1.5	1.5	1.0	1.0	2.0	2.0	1.5	1.0	1.5	2.0	1.0	8.3	6	2.0	1.0	1.0	2.0	2.0	2.0	2.0	5	0.0	1.0	0.0	0.0	1.0	7.6	15
2026-09-07	ASC.L	421.5	4.5	7	1.0	0.5	1.0	1.0	2.0	2.0	1.0	1.0	0.0	0.5	0.0	4.2	4	2.0	1.0	1.0	1.0	0.0	0.0	8.5	4	2.0	1.5	2.0	2.0	1.0	4.4	11
2026-09-07	ASCE.BR	53.29999923706055														6.2	4	2.0	1.0	1.0	1.0	2.0	0.5	2.5	4	0.0	0.0	1.0	0.5	1.0	6.2	4
2026-09-07	ASH	72.93000030517578	6.4	10	2.0	1.5	1.0	0.5	2.0	2.0	0.5	1.0	0.5	2.0	1.0	4.2	6	1.5	0.0	1.0	0.5	1.0	1.0	2.5	5	0.0	1.0	0.0	0.5	1.0	5.7	16
2026-09-07	ASHM.L	218.39999389648438	5.2	7	0.5	0.5	1.0	1.0	2.0	1.5	1.0	1.0	1.0	1.0	1.0	5.8	4	1.5	1.0	1.5	1.0	2.0	0.0	3.0	4	1.0	0.0	1.0	0.0	1.0	5.4	11
2026-09-07	ASIX	17.450000762939453	5.2	9	1.0	1.0	1.0	1.5	0.0	2.0	1.0	1.0	0.0	2.0	1.0	2.9	5	1.0	0.0	1.0	0.0	0.5	1.0	3.0	5	1.5	0.5	0.0	0.5	0.5	4.5	14
2026-09-07	ASKER.ST	73.0														5.0	5	0.0	1.0	1.0	1.5	1.0	1.5	3.0	3	1.0	0.0	0.0	1.0	1.0	5.0	5
2026-09-07	ASLE	5.800000190734863	4.8	9	1.0	2.0	1.0	1.0	0.0	2.0	0.0	1.0	0.0	1.5	1.0	3.8	5	1.0	2.0	1.0	0.0	0.5	0.0	2.5	5	0.0	1.0	0.0	0.5	1.0	4.5	14
2026-09-07	ASLI.L	10.699999809265137														5.0	1	1.0	1.0	1.0	1.0	1.0	1.0	4.5	2	1.0	1.5	0.0	1.0	1.0	5.0	1
2026-09-07	ASM.NV	825.2000122070312	7.5	9	1.5	2.0	1.0	1.0	1.0	1.0	2.0	1.5	2.0	1.5	2.0	7.5	5	1.5	1.0	1.0	2.0	2.0	1.5	2.5	4	1.5	0.0	0.0	0.0	1.0	7.5	14
2026-09-07	ASML	1714.8800048828125	7.3	10	2.0	2.0	1.0	2.0	1.0	1.5	1.5	1.5	2.0	0.5	1.0	6.7	6	1.0	0.0	1.0	2.0	2.0	2.0	2.0	5	1.5	0.5	0.0	0.0	0.0	7.1	16
2026-09-07	ASML.NV	1467.4000244140625	7.0	9	2.0	2.0	1.0	1.0	1.0	1.5	1.5	1.5	2.0	1.0	1.0	7.5	5	1.0	1.0	1.0	2.0	2.0	2.0	3.0	4	1.5	0.5	0.0	0.0	1.0	7.1	14
2026-09-07	ASND	270.55999755859375	8.2	10	2.0	1.5	1.0	1.0	2.0	1.5	2.0	1.0	2.0	2.0	2.0	5.0	6	1.0	0.0	1.0	0.0	2.0	2.0	4.0	4	1.0	1.0	0.0	0.5	1.5	7.2	16
2026-09-07	ASO	44.939998626708984	6.4	10	1.5	2.0	1.0	0.5	0.0	1.5	1.0	1.0	1.5	2.0	2.0	5.0	6	2.0	0.0	1.0	1.0	1.0	1.0	4.5	5	1.0	1.0	0.0	1.0	1.5	6.0	16
2026-09-07	ASPI	4.199999809265137														6.2	4	1.0	1.0	1.0	2.0	0.5	2.0	6.0	5	2.0	1.5	0.0	1.0	1.5	6.2	4
2026-09-07	ASPL.L	0.07000000029802322														6.7	3	2.0	1.0	1.0	1.0	2.0	1.0	3.0	3	0.0	0.5	1.0	0.5	1.0	6.7	3
2026-09-07	ASPN	4.920000076293945	5.5	9	1.5	2.0	1.0	0.5	1.0	1.0	0.0	1.0	0.0	2.0	2.0	3.3	5	1.0	0.0	1.0	2.0	0.0	0.0	3.5	5	2.0	0.0	0.0	0.5	1.0	4.8	14
2026-09-07	ASPO.HE	7.300000190734863														5.0	5	2.0	1.0	1.0	0.0	1.0	1.0	3.0	4	0.5	0.5	0.0	1.0	1.0	5.0	5
2026-09-07	ASPS	5.650000095367432														5.0	5	2.0	1.0	1.0	0.0	0.5	1.5	3.5	4	0.0	1.0	0.0	1.0	1.5	5.0	5
2026-09-07	ASR	257.3299865722656	5.0	10	0.5	1.5	1.0	1.5	0.0	2.0	0.0	1.5	1.5	0.5	1.0	6.7	6	2.0	2.0	1.0	0.0	2.0	1.0	3.0	5	0.0	1.5	0.0	0.5	1.0	5.5	16
2026-09-07	ASRNL.NV	74.41999816894531	7.0	8	2.0	1.5	1.0	1.0	1.5	2.0	1.0	1.5	1.0	2.0	1.0	5.8	4	1.5	1.0	1.0	1.0	1.0	1.5	5.0	4	0.5	2.0	0.0	1.5	1.0	6.6	12
2026-09-07	ASSA-B.ST	352.20001220703125														6.2	5	1.5	1.0	1.0	1.5	1.5	1.0	2.5	4	1.0	0.0	0.0	0.5	1.0	6.2	5
2026-09-07	ASST	27.139999389648438	5.0	10	1.5	1.5	1.0	0.0	1.5	2.0	0.0	1.0	0.0	1.5	1.0	5.4	5	1.0	2.0	1.0	0.0	0.5	2.0	5.0	5	2.0	1.5	0.0	0.0	1.5	5.1	15
2026-09-07	ASTE	44.220001220703125														5.8	5	2.0	1.0	1.0	0.0	1.0	2.0	3.5	5	1.5	1.0	0.0	0.5	0.5	5.8	5
2026-09-07	ASTH	38.470001220703125	6.6	9	1.5	2.0	1.0	0.5	1.0	2.0	2.0	1.0	1.0	1.5	1.0	5.0	6	0.0	0.0	1.0	2.0	1.0	2.0	3.5	5	1.0	0.0	0.0	1.5	1.0	6.1	15
2026-09-07	ASTS	62.310001373291016	4.8	10	1.5	2.0	1.0	0.5	0.0	1.0	0.0	2.0	0.0	1.5	1.0	3.8	5	1.0	0.0	1.0	0.0	0.5	2.0	4.5	5	2.0	0.5	0.0	1.0	1.0	4.5	15
2026-09-07	ASUR	9.279999732971191	6.8	10	2.0	2.0	1.0	1.5	2.0	1.5	1.0	1.0	0.0	2.0	1.0	7.9	6	2.0	2.0	1.0	2.0	0.5	2.0	3.0	5	0.5	0.5	0.0	0.5	1.5	7.1	16
2026-09-07	ASX	37.5099983215332	6.8	9	1.5	2.0	1.0	2.0	1.0	2.0	2.0	1.0	1.5	0.0	1.0	4.2	6	0.0	0.0	1.0	1.0	1.0	2.0	3.0	5	1.5	0.5	0.0	0.5	0.5	6.0	15
2026-09-07	ASX.ASX	55.880001068115234	5.9	8	1.0	1.5	1.0	1.0	2.0	2.0	1.0	0.0	1.0	1.5	1.0	6.2	4	1.0	1.0	1.0	1.0	2.0	1.5	1.0	4	0.0	0.0	0.0	0.0	1.0	6.0	12
2026-09-07	ASY.PA	42.79999923706055														4.2	4	0.0	1.0	1.0	1.0	1.0	1.0	4.5	4	1.0	0.0	2.0	0.5	1.0	4.2	4
2026-09-07	AT1.DE	1.9019999504089355	4.8	8	1.5	2.0	1.0	1.0	0.0	0.5	1.0	1.0	1.0	0.5	1.0	6.7	4	2.0	1.0	1.0	1.0	2.0	1.0	5.5	4	1.5	2.0	0.0	1.0	1.0	5.4	12
2026-09-07	ATAI	7.389999866485596	5.2	9	1.0	1.0	1.0	1.0	2.0	2.0	0.0	1.0	0.0	1.5	1.0	5.0	5	1.0	1.0	1.0	0.5	0.5	2.0	3.5	5	1.5	2.0	0.0	0.0	0.0	5.1	14
2026-09-07	ATAT	34.36000061035156														5.4	5	1.0	1.0	1.0	0.0	1.5	2.0	2.0	5	0.5	0.5	0.0	0.5	0.5	5.4	5
2026-09-07	ATCO-A.ST	201.8000030517578														5.8	5	1.0	1.0	1.0	1.5	1.5	1.0	3.5	4	1.0	1.0	0.0	0.5	1.0	5.8	5
2026-09-07	ATCO-B.ST	175.9499969482422														5.4	4	1.0	1.0	1.0	1.0	1.5	1.0	3.5	4	1.0	1.0	0.0	0.5	1.0	5.4	4
2026-09-07	ATE.PA	72.44999694824219	7.0	7	1.5	2.0	1.0	1.0	2.0	2.0	1.0	1.0	0.5	1.5	2.0	5.0	4	1.5	1.0	1.0	1.0	1.0	0.5	3.0	4	1.5	0.5	0.0	0.0	1.0	6.4	11
2026-09-07	ATEB.BR	1.2000000476837158														3.8	4	2.0	1.0	0.5	1.0	0.0	0.0	7.0	4	1.0	2.0	1.0	2.0	1.0	3.8	4
2026-09-07	ATEC	9.449999809265137	7.0	9	2.0	2.0	1.0	0.5	1.0	2.0	2.0	1.0	0.0	2.0	2.0	5.8	6	2.0	2.0	1.0	0.5	0.0	1.5	5.0	5	1.0	1.0	0.0	2.0	1.0	6.6	15
2026-09-07	ATEME.PA	12.649999618530273														4.2	4	0.0	1.0	1.0	1.0	1.0	1.0	3.0	4	0.0	1.0	0.0	1.0	1.0	4.2	4
2026-09-07	ATEN	24.59000015258789	6.4	9	2.0	2.0	1.0	0.5	0.0	1.5	1.5	1.0	1.5	2.0	1.0	4.2	6	0.0	0.0	1.0	1.0	1.5	1.5	3.0	5	1.0	0.0	0.0	1.0	1.0	5.7	15
2026-09-07	ATEX	86.2699966430664	7.0	9	1.5	2.0	1.0	0.5	1.0	1.5	2.0	1.0	2.0	2.0	1.0	5.0	6	1.0	0.0	1.0	0.0	2.0	2.0	2.5	5	1.0	0.5	0.0	0.0	1.0	6.4	15
2026-09-07	ATG.L	420.3999938964844	5.5	7	1.5	1.5	1.0	1.0	1.0	2.0	1.0	1.0	0.0	2.0	0.0	5.0	3	1.0	1.0	1.0	1.0	0.0	2.0	2.5	4	0.5	0.5	0.0	0.5	1.0	5.3	10
2026-09-07	ATHXQ	9.999999747378752e-05														4.6	2	1.0	1.0	1.0	1.0	0.5	1.0	7.0	3	2.0	2.0	1.0	1.0	1.0	4.6	2
2026-09-07	ATI	210.64999389648438	8.6	10	2.0	2.0	1.0	1.5	2.0	1.5	2.0	1.0	2.0	2.0	2.0	6.2	6	1.5	0.0	1.0	2.0	1.5	1.5	3.5	5	1.0	1.0	0.0	1.0	0.5	7.9	16
2026-09-07	ATKR	93.76000213623047	6.6	9	1.0	1.0	1.0	1.5	1.5	2.0	1.5	1.0	0.0	2.0	2.0	3.3	5	1.0	0.0	1.0	0.5	0.5	1.0	4.0	5	1.5	2.0	0.0	0.5	0.0	5.6	14
2026-09-07	ATLC	93.12999725341797	5.7	10	2.0	2.0	1.0	0.0	1.0	1.0	1.5	1.0	1.5	0.5	1.0	7.1	5	1.0	1.0	1.0	1.5	2.0	2.0	6.0	5	2.0	0.5	1.0	2.0	0.5	6.1	15
2026-09-07	ATLX	3.3299999237060547														4.6	2	1.0	1.0	1.0	1.0	0.5	1.0	2.5	5	0.0	1.0	0.0	0.0	1.5	4.6	2
2026-09-07	ATMU	48.34000015258789	7.7	9	1.5	2.0	1.0	1.5	0.0	2.0	2.0	1.0	2.0	2.0	2.0	6.2	6	1.0	2.0	1.0	0.5	1.5	1.5	4.0	5	1.0	0.5	0.0	1.5	1.0	7.2	15
2026-09-07	ATNI	30.93000030517578														6.2	5	0.5	1.0	1.0	2.0	2.0	1.0	3.0	5	0.5	1.0	0.0	1.0	0.5	6.2	5
2026-09-07	ATNM	1.0299999713897705	6.8	9	1.5	2.0	1.0	1.5	1.0	1.5	2.0	1.0	2.0	0.5	1.0	5.8	4	2.0	1.0	1.0	0.0	2.0	1.0	1.5	5	0.0	0.5	0.0	0.0	1.0	6.5	13
2026-09-07	ATO	167.55999755859375	5.9	9	1.5	1.5	1.0	1.5	0.0	2.0	1.5	1.0	1.0	2.0	0.0	5.8	6	1.0	1.0	1.0	1.0	2.0	1.0	2.5	5	0.5	0.5	0.0	0.5	1.0	5.9	15
2026-09-07	ATO.PA	26.81999969482422	5.2	6	0.5	2.0	1.0	1.0	0.0	2.0	1.0	1.0	1.0	1.0	1.0	3.3	4	1.5	1.0	0.5	1.0	0.0	0.0	6.5	3	1.5	2.0	1.0	1.0	1.0	4.6	10
2026-09-07	ATOM.US	4.039999961853027														4.6	3	1.0	1.0	1.0	1.0	0.5	1.0	4.5	5	2.0	0.5	0.0	0.0	2.0	4.6	3
2026-09-07	ATR	127.41000366210938	7.5	9	1.5	2.0	1.0	1.5	1.0	2.0	1.5	1.0	1.0	2.0	2.0	4.6	6	0.5	1.0	1.0	1.0	1.0	1.0	1.5	5	0.0	0.0	0.0	0.5	1.0	6.6	15
2026-09-07	ATRA	9.760000228881836	6.8	8	1.5	2.0	1.0	1.0	2.0	2.0	0.0	1.0	1.0	1.5	2.0	4.6	4	1.0	1.0	1.5	2.0	0.0	0.0	4.5	4	0.0	0.0	2.0	1.0	1.5	6.1	12
2026-09-07	ATRAV.HE	16.219999313354492														5.0	5	0.5	1.0	1.0	1.5	1.0	1.0	1.5	4	0.0	0.0	0.0	0.5	1.0	5.0	5
2026-09-07	ATRC	51.52000045776367	6.8	9	2.0	1.5	1.0	1.0	1.5	1.5	2.0	1.0	0.5	2.0	1.0	4.6	6	0.0	2.0	1.0	0.0	1.0	1.5	4.0	5	1.5	1.5	0.0	0.0	1.0	6.1	15
2026-09-07	ATRLJb.ST	25.850000381469727														4.6	4	0.0	1.0	1.0	1.0	1.5	1.0	5.0	4	1.5	1.5	0.0	1.0	1.0	4.6	4
2026-09-07	ATRO	76.26000213623047	8.6	9	2.0	2.0	1.0	1.0	2.0	2.0	2.0	1.0	2.0	2.0	2.0	7.9	6	1.5	2.0	1.0	2.0	1.0	2.0	4.5	5	1.5	0.5	0.0	1.5	1.0	8.4	15
2026-09-07	ATROB	76.4000015258789														6.2	4	1.5	1.0	1.0	1.0	1.0	2.0	4.5	4	1.5	0.5	0.0	1.5	1.0	6.2	4
2026-09-07	ATS	19.649999618530273	5.5	9	1.0	2.0	1.0	1.0	0.0	1.5	0.5	0.5	0.5	2.0	2.0	2.9	5	0.0	1.0	1.0	0.0	1.0	0.5	4.5	5	1.0	1.5	0.0	0.5	1.5	4.7	14
2026-09-07	ATTO	25.549999237060547	5.9	7	2.0	2.0	1.0	1.0	1.0	1.5	0.5	1.0	1.0	1.0	1.0	4.6	2	1.0	1.0	1.0	1.0	0.5	1.0	2.0	4	1.0	1.0	0.0	0.0	0.0	5.5	9
2026-09-07	ATYM.L	1046.0	6.8	8	1.5	1.5	1.0	1.0	2.0	2.0	0.0	1.0	1.5	1.5	2.0	7.1	5	1.0	1.0	1.0	2.0	2.0	1.5	3.5	4	1.5	1.0	0.0	0.0	1.0	6.9	13
2026-09-07	ATYR	0.4970000088214874	4.1	9	1.0	2.0	1.0	0.5	0.0	0.0	1.5	1.0	0.0	1.0	1.0	5.4	3	1.0	1.0	1.0	2.0	0.5	1.0	4.0	5	0.5	2.0	0.0	0.0	1.5	4.5	12
2026-09-07	AU	109.06999969482422	8.0	10	2.0	1.0	1.0	2.0	2.0	1.0	1.0	1.5	2.0	2.0	2.0	6.7	6	2.0	1.0	1.0	0.0	2.0	2.0	1.5	5	0.5	0.5	0.0	0.0	0.5	7.6	16
2026-09-07	AUB	40.90999984741211	6.6	8	1.5	1.5	1.0	1.0	1.0	2.0	1.5	1.0	1.0	2.0	1.0	6.2	6	1.5	0.0	1.0	1.0	2.0	2.0	5.5	4	0.5	0.5	2.0	1.0	1.5	6.5	14
2026-09-07	AUB.ASX	29.25	6.6	7	1.5	1.5	1.0	1.0	2.0	2.0	1.0	1.0	1.0	1.5	1.0	5.4	4	1.5	1.0	1.0	1.0	1.0	1.0	1.5	4	0.0	0.0	0.0	0.5	1.0	6.2	11
2026-09-07	AUB.PA	54.0	5.9	7	1.5	2.0	1.0	1.0	1.0	2.0	1.0	1.0	1.0	0.5	1.0	5.8	4	1.0	1.0	1.0	1.0	1.0	2.0	2.0	4	1.0	0.0	0.0	0.0	1.0	5.9	11
2026-09-07	AUDC.US	10.149999618530273	7.7	9	1.5	2.0	1.0	2.0	2.0	2.0	2.0	1.0	0.5	1.0	2.0	3.3	6	0.0	0.0	1.0	1.0	1.0	1.0	2.5	5	1.0	1.0	0.0	0.0	0.5	6.4	15
2026-09-07	AUGO	84.91000366210938	5.9	10	1.5	2.0	1.0	0.5	2.0	1.5	0.0	0.5	2.0	1.0	1.0	6.7	5	1.0	1.0	1.0	1.0	2.0	2.0	3.0	5	0.0	0.5	0.0	1.0	1.5	6.1	15
2026-09-07	AUPH	16.079999923706055	7.3	9	1.5	1.5	1.0	1.0	2.0	1.5	2.0	1.0	2.0	1.5	1.0	6.2	5	2.0	1.0	1.0	0.0	2.0	1.5	3.0	5	1.5	0.0	0.0	0.0	1.5	7.0	14
2026-09-07	AUR	6.340000152587891	6.4	10	1.5	2.0	1.0	0.5	2.0	1.5	2.0	0.5	0.0	2.0	1.0	4.2	5	1.0	0.0	1.0	0.5	0.5	2.0	3.5	5	2.0	0.0	0.0	0.0	1.5	5.7	15
2026-09-07	AURA	7.559999942779541	6.1	9	1.5	2.0	1.0	1.0	2.0	1.5	0.5	1.0	0.0	2.0	1.0	4.6	4	1.0	1.0	1.0	1.0	0.5	1.0	2.0	5	0.0	0.0	0.0	0.0	2.0	5.6	13
2026-09-07	AURE.PA	6.0														4.2	4	0.5	1.0	1.0	1.0	0.5	1.0	1.5	4	0.0	0.0	0.0	0.5	1.0	4.2	4
2026-09-07	AUS.DE		6.1	3	1.5	2.0	1.0	1.0	1.0	2.0	1.0	1.0	1.0	1.0	1.0																6.1	3
2026-09-07	AUTL	2.240000009536743	6.1	9	2.0	2.0	1.0	1.0	2.0	2.0	0.0	1.0	0.0	1.5	1.0	5.4	4	1.0	1.0	1.0	2.0	0.5	1.0	3.5	3	1.0	0.5	0.0	1.0	1.0	5.9	13
2026-09-07	AUTO.L	505.0	6.1	8	0.5	2.0	1.0	1.0	0.0	1.0	1.0	1.0	2.0	2.0	2.0	6.2	4	1.5	1.0	1.0	1.0	2.0	1.0	2.5	4	0.5	0.5	0.0	0.5	1.0	6.1	12
2026-09-07	AV.L	729.7999877929688	7.3	8	1.5	1.0	1.0	1.0	2.0	2.0	1.0	1.5	1.0	2.0	2.0	5.4	4	1.0	1.0	1.0	1.0	1.0	1.5	5.5	4	0.5	1.5	2.0	0.5	1.0	6.7	12
2026-09-07	AVA	37.54999923706055	5.7	9	0.5	1.0	1.0	1.0	0.0	2.0	2.0	1.0	1.0	2.0	1.0	5.4	6	1.0	2.0	1.0	0.0	1.5	1.0	3.0	5	0.0	0.5	0.0	1.0	1.5	5.6	15
2026-09-07	AVAH	13.579999923706055	7.7	9	1.5	1.5	1.0	1.0	2.0	2.0	2.0	1.0	2.0	2.0	1.0	7.1	6	1.5	1.0	1.0	2.0	1.5	1.5	6.0	5	2.0	1.5	0.0	2.0	0.5	7.5	15
2026-09-07	AVAP.L	138.0	5.9	7	1.5	2.0	1.0	1.0	2.0	2.0	1.0	1.0	0.0	0.5	1.0	4.2	3	1.0	1.0	1.0	1.0	0.0	1.0	3.5	4	0.0	0.5	0.0	2.0	1.0	5.4	10
2026-09-07	AVAV	144.64999389648438	5.0	10	2.0	2.0	1.0	1.0	0.0	0.5	0.5	1.0	0.0	2.0	1.0	5.0	6	1.0	2.0	1.0	0.0	0.0	2.0	3.5	5	1.5	1.5	0.0	0.0	0.5	5.0	16
2026-09-07	AVD	2.3299999237060547														3.8	3	1.0	1.0	1.0	1.0	0.0	0.5	5.0	5	1.5	1.5	0.0	1.5	0.5	3.8	3
2026-09-07	AVEX	16.469999313354492	6.6	9	2.0	2.0	1.0	0.5	0.5	2.0	2.0	0.5	1.0	2.0	1.0	6.2	5	0.5	1.0	1.0	2.0	1.0	2.0	2.5	4	1.0	1.0	0.0	0.0	0.5	6.5	14
2026-09-07	AVGO	357.8999938964844	7.3	10	2.0	2.0	1.0	2.0	0.0	1.0	1.0	1.0	2.0	2.0	2.0	8.8	6	2.0	2.0	1.0	1.5	2.0	2.0	4.5	5	1.5	0.5	1.0	0.5	1.0	7.8	16
2026-09-07	AVGO.EUR	357.8999938964844	7.3	10	2.0	2.0	1.0	2.0	0.0	1.0	1.0	1.0	2.0	2.0	2.0	8.8	6	2.0	2.0	1.0	1.5	2.0	2.0	4.5	5	1.5	0.5	1.0	0.5	1.0	7.8	16
2026-09-07	AVIR	5.829999923706055	6.1	9	1.5	2.0	1.0	0.5	2.0	2.0	0.5	1.0	0.0	2.0	1.0	5.4	3	1.0	1.0	1.0	2.0	0.5	1.0	3.0	5	0.0	1.0	0.0	0.0	2.0	5.9	12
2026-09-07	AVLN	37.38999938964844	6.6	8	1.5	2.0	1.0	1.5	1.5	2.0	0.0	1.0	1.0	2.0	1.0	4.6	2	1.0	1.0	1.0	1.0	0.5	1.0	4.0	4	1.0	1.0	0.0	0.0	2.0	6.0	10
2026-09-07	AVNT.US	43.400001525878906	7.5	9	1.5	1.5	1.0	1.0	2.0	2.0	1.5	1.0	1.0	2.0	2.0	6.2	6	1.5	1.0	1.0	2.0	1.0	1.0	4.0	5	1.5	1.0	0.0	0.5	1.0	7.1	15
2026-09-07	AVNW	19.780000686645508	6.1	10	2.0	2.0	1.0	1.0	0.0	1.5	0.5	1.0	0.5	2.0	2.0	2.5	6	0.0	0.0	1.0	0.0	1.0	1.0	2.5	5	0.5	0.0	0.0	0.5	1.5	5.0	16
2026-09-07	AVO	12.680000305175781	6.4	9	1.5	2.0	1.0	1.0	0.0	2.0	2.0	1.0	0.5	1.0	2.0	2.1	6	0.5	0.0	1.0	0.0	1.0	0.0	1.5	5	0.0	0.0	0.0	0.5	1.0	5.1	15
2026-09-07	AVOL.ZU	44.2599983215332	5.2	7	1.0	1.5	1.0	1.0	0.0	2.0	1.0	1.0	1.5	1.5	0.0	3.8	4	0.0	1.0	1.0	1.0	1.0	0.5	4.5	4	1.0	0.5	0.0	2.0	1.0	4.8	11
2026-09-07	AVON.L	1836.0	7.5	8	1.5	2.0	1.0	1.0	2.0	2.0	1.0	2.0	1.0	2.0	1.0	4.2	4	0.0	1.0	1.0	1.0	1.0	1.0	1.5	4	0.0	0.0	0.0	0.5	1.0	6.5	12
2026-09-07	AVPT	13.430000305175781	7.5	9	1.5	2.0	1.0	1.0	2.0	1.0	2.0	1.0	1.5	1.5	2.0	3.8	6	0.0	0.0	1.0	0.0	1.5	2.0	2.0	5	1.0	0.0	0.0	0.0	1.0	6.4	15
2026-09-07	AVT.PA	0.08299999684095383														3.3	4	0.5	1.0	1.0	1.0	0.0	0.5	2.0	3	0.0	0.0	0.0	1.0	1.0	3.3	4
2026-09-07	AVT.US	92.05999755859375	6.8	9	1.0	1.0	1.0	0.5	2.0	1.5	2.0	1.0	1.0	2.0	2.0	5.4	6	0.5	0.0	1.0	2.0	1.0	2.0	4.0	5	1.0	1.0	0.0	0.5	1.5	6.4	15
2026-09-07	AVTR	14.970000267028809	5.9	9	1.0	0.5	1.0	1.0	2.0	1.0	1.5	1.0	0.0	2.0	2.0	5.8	5	1.0	2.0	1.0	1.5	0.5	1.0	3.5	5	1.0	1.0	0.0	0.5	1.0	5.9	14
2026-09-07	AVTX.NV	4.920000076293945	3.0	8	0.5	1.0	1.0	1.0	0.0	2.0	1.0	0.0	0.0	0.0	0.0	3.3	3	1.0	1.0	1.0	1.0	0.0	0.0	6.0	4	1.0	2.0	1.0	1.0	1.0	3.1	11
2026-09-07	AVXL	2.859999895095825														4.2	3	1.0	1.0	1.0	0.5	0.5	1.0	5.5	4	1.0	1.5	0.0	1.0	2.0	4.2	3
2026-09-07	AVY	175.05999755859375	8.0	10	2.0	1.5	1.0	1.5	2.0	2.0	1.5	1.0	2.0	2.0	1.0	5.4	6	1.0	2.0	1.0	0.0	1.0	1.5	3.5	5	1.0	0.0	0.0	1.5	1.0	7.2	16
2026-09-07	AWI	173.3300018310547	7.5	10	2.0	1.5	1.0	1.5	1.0	1.5	1.0	1.0	2.0	2.0	2.0	6.7	6	1.0	2.0	1.0	1.0	1.5	1.5	2.0	5	1.0	0.0	0.0	0.5	0.5	7.3	16
2026-09-07	AWK	140.6999969482422	5.9	9	1.0	1.0	1.0	1.0	2.0	2.0	1.0	1.0	1.0	2.0	0.0	6.7	6	1.0	2.0	1.0	1.0	2.0	1.0	3.5	5	0.5	1.0	0.0	1.0	1.0	6.1	15
2026-09-07	AWR	88.52999877929688	6.1	9	1.0	0.5	1.0	1.5	2.0	2.0	1.5	1.0	1.0	2.0	0.0	5.4	6	0.5	1.0	1.0	0.5	2.0	1.5	3.5	5	0.5	1.0	0.0	1.0	1.0	5.9	15
2026-09-07	AX	97.94999694824219	6.8	8	1.5	1.5	1.0	1.0	1.0	2.0	1.5	1.0	1.5	2.0	1.0	7.9	6	2.0	2.0	1.0	1.0	2.0	1.5	4.5	4	1.5	0.5	0.0	1.0	1.5	7.1	14
2026-09-07	AX1.ASX	0.699999988079071	4.5	8	1.0	1.5	1.0	1.0	0.0	1.5	1.0	1.5	0.0	0.5	1.0	5.4	4	2.0	1.0	1.0	1.0	0.5	1.0	3.5	4	1.0	0.5	0.0	1.0	1.0	4.8	12
2026-09-07	AXB.L	67.0999984741211														7.1	4	2.0	1.0	1.0	1.0	2.0	1.5	2.5	3	0.0	0.5	0.0	1.0	1.0	7.1	4
2026-09-07	AXFO.ST	243.39999389648438	4.3	8	0.5	1.0	1.0	1.0	0.0	2.0	0.5	1.0	2.0	0.5	0.0	3.3	5	0.0	1.0	1.0	0.0	1.0	1.0	4.0	4	0.5	1.0	0.0	1.5	1.0	4.0	13
2026-09-07	AXGN	48.279998779296875	6.8	9	1.5	1.5	1.0	1.0	2.0	2.0	2.0	1.0	0.0	2.0	1.0	2.5	6	0.0	0.0	1.0	0.0	0.0	2.0	3.0	5	1.0	1.0	0.0	0.0	1.0	5.5	15
2026-09-07	AXIAY	10.890000343322754														4.6	5	0.5	1.0	1.0	0.0	2.0	1.0	2.0	5	0.0	1.0	0.0	0.5	0.5	4.6	5
2026-09-07	AXICY	10.640000343322754														6.2	4	1.5	1.0	1.0	1.0	2.0	1.0	2.0	5	0.0	0.0	0.0	0.5	1.5	6.2	4
2026-09-07	AXL.L	29.600000381469727														6.7	4	1.5	1.0	1.0	1.0	1.5	2.0	3.5	4	0.0	1.5	1.0	0.0	1.0	6.7	4
2026-09-07	AXON	515.6699829101562	6.8	10	2.0	2.0	1.0	1.0	1.0	1.5	1.5	0.0	1.0	2.0	2.0	5.4	6	1.0	1.0	1.0	0.5	1.0	2.0	3.0	5	1.5	0.0	0.0	0.5	1.0	6.4	16
2026-09-07	AXP	326.1600036621094	6.8	9	1.5	1.5	1.0	1.5	0.0	1.5	1.5	1.0	2.0	1.5	2.0	6.2	6	1.5	1.0	1.0	1.0	1.5	1.5	3.5	5	1.0	0.0	0.0	1.5	1.0	6.6	15
2026-09-07	AXS.L	70.0999984741211	6.6	7	1.5	2.0	1.0	1.0	1.0	2.0	1.0	1.0	1.0	1.0	2.0	5.0	4	0.5	1.0	1.0	1.0	1.0	1.5	2.5	4	1.0	0.0	0.0	0.5	1.0	6.1	11
2026-09-07	AXS.NV	0.8119999766349792	6.6	7	1.5	2.0	1.0	1.0	1.0	2.0	1.0	1.0	1.0	1.0	2.0	6.2	4	2.0	1.0	1.0	1.0	1.0	1.5	2.5	4	1.0	0.0	0.0	0.5	1.0	6.5	11
2026-09-07	AXS.US	101.13999938964844	6.4	9	2.0	2.0	1.0	1.5	0.0	2.0	1.0	1.0	1.5	2.0	0.0	5.8	6	1.5	2.0	1.0	0.0	1.5	1.0	0.5	5	0.0	0.0	0.0	0.0	0.5	6.2	15
2026-09-07	AXSM	206.67999267578125	5.5	10	2.0	2.0	1.0	1.0	1.0	1.0	0.0	1.0	0.0	2.0	1.0	4.2	5	1.0	1.0	1.0	0.0	0.0	2.0	3.5	5	0.5	0.0	0.0	2.0	1.0	5.1	15
2026-09-07	AXTA	35.779998779296875	7.5	10	1.5	1.5	1.0	1.0	2.0	2.0	1.5	1.0	1.0	2.0	2.0	4.2	6	1.0	0.0	1.0	1.0	1.0	1.0	4.5	5	1.5	0.5	0.0	1.0	1.5	6.5	16
2026-09-07	AYI	334.04998779296875	8.0	10	1.5	1.5	1.0	1.5	1.0	2.0	1.5	2.0	1.5	2.0	2.0	5.4	6	1.5	0.0	1.0	1.5	1.5	1.0	2.5	5	1.5	0.0	0.0	0.0	1.0	7.2	16
2026-09-07	AYTU	2.2100000381469727	5.9	9	1.5	2.0	1.0	1.5	0.0	2.0	2.0	1.0	0.0	1.0	1.0	2.5	4	1.0	1.0	1.0	0.0	0.0	0.0	2.5	5	0.0	0.0	0.0	0.5	2.0	4.9	13
2026-09-07	AYV.PA	11.069999694824219	5.0	9	1.5	1.5	1.0	1.0	0.0	2.0	0.5	1.5	1.0	1.0	0.0	5.0	5	2.0	1.0	1.0	0.0	1.0	1.0	3.5	4	0.5	0.0	0.0	2.0	1.0	5.0	14
2026-09-07	AZ2.DE	84.30000305175781	6.6	7	1.5	1.5	1.0	1.0	2.0	2.0	1.0	1.0	1.5	1.0	1.0	5.0	4	1.0	1.0	1.0	1.0	1.0	1.0	4.5	4	1.5	2.0	0.0	0.0	1.0	6.1	11
2026-09-07	AZE.BR	12.3100004196167														4.6	4	0.5	1.0	1.0	1.0	1.0	1.0	3.5	4	0.5	1.5	0.0	0.5	1.0	4.6	4
2026-09-07	AZJ.ASX	3.7300000190734863	5.5	8	0.5	1.0	1.0	1.0	0.0	2.0	1.0	2.0	1.0	1.5	1.0	5.4	4	1.5	1.0	1.0	1.0	1.0	1.0	2.0	4	0.0	0.0	0.0	1.0	1.0	5.5	12
2026-09-07	AZN	162.6999969482422	6.1	10	1.5	2.0	1.0	2.0	0.0	1.0	1.5	1.5	1.5	1.5	0.0	5.8	4	1.5	1.0	1.0	1.0	1.5	1.0	1.0	5	0.0	0.5	0.0	0.5	0.0	6.0	14
2026-09-07	AZN.L	12006.0	5.5	9	1.5	2.0	1.0	1.0	0.0	1.0	1.5	1.0	1.5	1.5	0.0	5.8	5	1.5	1.0	1.0	1.0	1.5	1.0	1.5	4	0.0	0.0	0.0	0.5	1.0	5.6	14
2026-09-07	AZO	2983.2900390625	5.9	9	1.5	2.0	1.0	1.5	0.0	2.0	1.0	1.0	1.0	2.0	0.0	6.7	6	1.5	2.0	1.0	1.0	1.5	1.0	4.0	4	0.0	1.5	1.0	1.0	0.5	6.1	15
2026-09-07	AZTA	31.329999923706055	6.1	10	1.5	1.5	1.0	0.5	2.0	2.0	0.0	1.0	0.0	2.0	2.0	5.4	6	2.0	2.0	1.0	0.0	0.0	1.5	3.0	5	1.5	0.0	0.0	0.0	1.5	5.9	16
2026-09-07	AZUL	7.489999771118164	5.9	7	1.5	2.0	1.0	2.0	0.5	2.0	1.0	1.0	1.0	1.0	0.0	5.4	4	1.5	1.0	1.0	1.0	1.0	1.0	3.0	3	1.0	1.0	0.0	1.0	0.0	5.8	11
2026-09-07	AZZ	140.02000427246094	7.5	9	1.5	1.5	1.0	1.5	1.0	2.0	1.5	1.0	1.5	2.0	2.0	5.0	6	1.5	0.0	1.0	1.0	1.5	1.0	3.0	5	1.0	0.5	0.0	0.5	1.0	6.8	15
2026-09-07	B	44.75	6.6	9	1.5	1.5	1.0	1.0	2.0	0.5	1.5	1.0	2.0	1.5	1.0	5.0	6	1.0	0.0	1.0	0.0	2.0	2.0	1.5	5	1.0	0.0	0.0	0.0	0.5	6.1	15
2026-09-07	B7E.DE	16.350000381469727														6.2	3	2.0	1.0	1.0	1.0	1.5	1.0	4.0	4	0.5	1.0	1.0	0.5	1.0	6.2	3
2026-09-07	BA	212.25	8.0	10	2.0	2.0	1.0	2.0	0.0	2.0	2.0	1.5	2.0	2.0	1.0	5.0	6	1.0	2.0	1.0	0.0	1.0	1.0	3.5	5	1.5	0.0	0.0	2.0	0.0	7.1	16
2026-09-07	BA.L	1956.5	5.9	7	1.5	1.5	1.0	1.0	0.0	1.5	1.0	1.0	1.5	2.0	1.0	4.6	4	0.5	1.0	1.0	1.0	1.0	1.0	1.5	4	0.0	0.0	0.0	0.5	1.0	5.5	11
2026-09-07	BAB.L	990.7999877929688	6.1	8	2.0	2.0	1.0	1.0	0.0	1.5	1.0	1.5	2.0	1.5	0.0	5.4	4	1.5	1.0	1.0	1.0	1.0	1.0	4.5	4	1.0	1.0	0.0	1.5	1.0	5.9	12
2026-09-07	BABA	113.23999786376953	5.5	10	2.0	2.0	1.0	2.0	0.0	1.5	0.0	1.0	1.0	0.5	1.0	5.8	6	2.0	0.0	1.0	2.0	1.0	1.0	2.0	5	0.5	0.5	0.0	0.0	1.0	5.6	16
2026-09-07	BAC	62.68000030517578	7.5	9	2.0	1.5	1.0	2.0	2.0	2.0	1.5	0.5	1.0	2.0	1.0	7.1	6	2.0	0.0	1.0	2.0	2.0	1.5	3.0	4	1.0	1.0	0.0	1.0	0.0	7.4	15
2026-09-07	BAER.ZU	74.83999633789062	6.6	7	1.5	1.0	1.0	1.0	2.0	2.0	1.0	1.0	1.5	1.5	1.0	7.1	4	1.5	1.0	1.0	1.0	2.0	2.0	4.5	3	1.0	1.5	0.0	1.0	1.0	6.7	11
2026-09-07	BAG.L	601.0	6.1	7	2.0	2.0	1.0	1.0	0.0	1.5	1.0	1.0	1.0	1.0	2.0	5.4	4	1.0	1.0	1.0	1.0	1.5	1.0	2.0	4	0.0	1.0	0.0	0.0	1.0	5.9	11
2026-09-07	BAH	72.80000305175781	6.8	10	1.0	1.5	1.0	1.0	1.0	0.5	2.0	1.0	2.0	2.0	2.0	4.6	6	1.5	1.0	1.0	0.5	1.0	0.5	3.5	5	0.0	0.5	0.0	2.0	1.0	6.1	16
2026-09-07	BAIN.PA	135.0														5.4	4	0.5	1.0	1.0	1.0	1.5	1.5	1.5	4	0.0	0.5	0.0	0.0	1.0	5.4	4
2026-09-07	BAK	1.8899999856948853														5.8	4	1.5	1.0	1.0	1.0	0.5	2.0	3.0	4	0.5	1.0	0.0	1.0	0.5	5.8	4
2026-09-07	BALDB.ST	53.720001220703125														6.2	5	1.0	1.0	1.0	1.5	2.0	1.0	4.5	4	1.5	1.0	0.0	1.0	1.0	6.2	5
2026-09-07	BALL	62.66999816894531	7.0	9	1.5	1.5	1.0	1.5	1.0	2.0	1.5	1.0	1.5	2.0	1.0	5.8	6	1.5	1.0	1.0	1.0	1.0	1.5	3.5	5	1.0	0.5	0.0	1.0	1.0	6.6	15
2026-09-07	BAM	50.599998474121094	7.3	9	1.5	1.5	1.0	1.0	2.0	1.5	1.5	1.0	2.0	2.0	1.0	6.7	5	1.5	1.0	1.0	0.5	2.0	2.0	3.5	5	1.5	0.0	0.0	0.5	1.5	7.1	14
2026-09-07	BAMI.MI	16.100000381469727	6.4	7	1.5	1.0	1.0	1.0	2.0	2.0	1.0	1.0	1.0	1.5	1.0	5.4	5	1.0	1.0	1.0	1.0	2.0	0.5	2.5	3	0.0	0.5	0.0	1.0	1.0	6.1	12
2026-09-07	BAMNB.NV	11.420000076293945														4.2	4	0.0	1.0	1.0	1.0	1.0	1.0	2.5	4	0.5	0.5	0.0	0.5	1.0	4.2	4
2026-09-07	BANC	18.920000076293945	5.9	8	2.0	1.5	1.0	1.0	0.0	2.0	1.5	1.0	0.0	2.0	1.0	6.2	5	1.5	2.0	1.0	1.5	0.5	1.0	2.5	4	1.0	0.0	0.0	1.0	0.5	6.0	13
2026-09-07	BAND.US	43.77000045776367	6.6	9	2.0	2.0	1.0	0.5	1.0	1.0	1.5	1.0	0.5	2.0	2.0	5.4	5	1.0	0.0	1.0	1.5	1.0	2.0	4.0	5	2.0	0.0	0.0	1.0	1.0	6.2	14
2026-09-07	BANF	112.88999938964844	6.4	8	1.0	1.5	1.0	1.5	1.0	2.0	1.5	1.0	1.0	1.5	1.0	6.2	5	1.0	1.0	1.0	1.5	2.0	1.0	3.5	4	0.5	0.5	0.0	1.0	1.5	6.3	13
2026-09-07	BANI.BR	2.9800000190734863														5.0	4	0.0	1.0	1.0	1.0	1.5	1.5	3.5	4	0.0	0.0	1.0	1.5	1.0	5.0	4
2026-09-07	BANQ.BR	2.2699999809265137														4.2	3	1.0	1.0	1.0	1.0	0.0	1.0	3.5	4	1.5	0.5	0.0	0.5	1.0	4.2	3
2026-09-07	BANR	71.1500015258789	6.8	8	1.0	1.5	1.0	1.0	2.0	2.0	1.5	1.0	1.0	2.0	1.0	7.5	6	1.0	2.0	1.0	2.0	2.0	1.0	3.5	4	1.0	0.5	0.0	1.0	1.0	7.0	14
2026-09-07	BAP	382.5299987792969	7.0	8	1.5	2.0	1.0	1.5	1.0	2.0	1.0	1.0	1.5	2.0	1.0	4.6	6	0.0	0.0	1.0	1.0	2.0	1.5	4.0	4	1.0	1.0	0.0	1.0	1.0	6.3	14
2026-09-07	BAP.ASX	0.8299999833106995	5.0	8	1.0	0.0	1.0	1.0	0.5	0.5	1.0	2.0	0.0	2.0	2.0	3.8	3	1.0	1.0	1.0	1.0	0.0	0.5	2.5	4	0.0	1.0	0.0	0.5	1.0	4.6	11
2026-09-07	BAR.BR	8.045000076293945														3.8	4	0.0	1.0	1.0	1.0	1.0	0.5	3.0	4	0.5	1.5	0.0	0.0	1.0	3.8	4
2026-09-07	BARC.L	496.6499938964844	5.9	8	2.0	1.5	1.0	1.0	1.0	2.0	1.5	0.0	1.0	1.0	1.0	6.2	5	1.5	1.0	1.0	0.5	2.0	1.5	3.5	3	1.0	0.5	0.0	1.0	1.0	6.0	13
2026-09-07	BARK	10.739999771118164	6.4	9	1.5	1.5	1.0	1.0	1.0	2.0	2.0	1.0	0.0	1.0	2.0	3.8	3	1.0	1.0	1.0	1.0	0.5	0.0	4.5	5	2.0	0.5	0.0	0.5	1.5	5.6	12
2026-09-07	BARN.ZU	1087.0	5.9	8	1.0	1.5	1.0	1.0	0.0	2.0	1.0	1.5	1.0	1.0	2.0	5.4	4	2.0	1.0	1.0	1.0	1.0	0.5	3.5	4	0.0	1.0	0.0	1.5	1.0	5.8	12
2026-09-07	BAS.DE	53.36000061035156	6.6	9	2.0	1.5	1.0	1.0	2.0	2.0	0.5	0.5	1.0	1.0	2.0	5.4	5	2.0	1.0	1.0	0.0	1.0	1.5	3.0	4	0.5	1.0	0.0	0.5	1.0	6.2	14
2026-09-07	BASS.PA	42.400001525878906														5.0	4	0.0	1.0	1.0	1.0	1.0	2.0	4.5	4	0.5	1.0	1.0	1.0	1.0	5.0	4
2026-09-07	BATS.L	4125.0	5.0	8	1.5	1.5	1.0	1.0	0.0	1.5	1.0	1.0	1.0	1.5	0.0	6.2	4	1.5	1.0	1.0	1.0	2.0	1.0	2.0	4	0.0	0.5	0.0	0.5	1.0	5.4	12
2026-09-07	BAVA.CO	215.60000610351562														6.7	4	1.0	1.0	1.0	1.0	2.0	2.0	2.0	4	1.0	0.0	0.0	0.0	1.0	6.7	4
2026-09-07	BAX	25.829999923706055	6.6	9	1.0	1.0	1.0	1.0	2.0	1.5	2.0	1.0	0.0	2.0	2.0	4.2	6	0.0	2.0	1.0	0.5	0.5	1.0	3.5	5	0.5	0.5	0.0	1.5	1.0	5.9	15
2026-09-07	BAYN.DE	48.849998474121094	6.6	9	2.0	2.0	1.0	1.0	2.0	2.0	2.0	0.0	0.0	1.5	1.0	2.9	5	0.0	1.0	1.0	0.0	0.5	1.0	4.0	4	1.0	1.0	0.0	1.0	1.0	5.5	14
2026-09-07	BB	7.699999809265137	6.4	10	1.0	2.0	1.0	1.0	1.0	1.0	2.0	0.5	1.0	1.5	2.0	7.1	5	1.0	1.0	1.0	2.0	1.5	2.0	2.0	5	1.5	0.0	0.0	0.0	0.5	6.6	15
2026-09-07	BB.PA	67.5														4.2	4	0.5	1.0	1.0	1.0	1.0	0.5	2.5	4	0.0	1.5	0.0	0.0	1.0	4.2	4
2026-09-07	BBAI	2.9200000762939453	5.0	9	1.0	2.0	1.0	0.0	0.0	2.0	2.0	1.0	0.0	1.0	1.0	4.6	5	1.0	0.0	1.0	2.0	0.0	1.5	5.0	5	2.0	1.5	0.0	0.0	1.5	4.9	14
2026-09-07	BBAR	14.819999694824219	5.0	9	1.0	2.0	1.0	1.5	0.0	2.0	0.0	1.0	1.0	0.5	1.0	5.0	5	0.0	2.0	1.0	1.0	1.0	1.0	1.5	4	0.0	0.0	0.0	1.0	0.5	5.0	14
2026-09-07	BBCP	10.5	7.5	9	1.5	2.0	1.0	1.5	2.0	1.5	2.0	1.0	0.5	1.5	2.0	7.1	6	0.0	2.0	2.0	2.0	1.0	1.5	6.5	5	1.0	0.5	2.0	1.5	1.5	7.4	15
2026-09-07	BBD	3.4700000286102295														5.8	5	1.0	1.0	1.0	1.0	2.0	1.0	1.0	4	0.0	0.0	0.0	1.0	0.0	5.8	5
2026-09-07	BBDC	9.020000457763672	6.6	9	1.5	1.5	1.0	1.5	2.0	2.0	1.5	1.0	1.0	1.5	0.0	6.2	6	0.5	2.0	1.0	2.0	2.0	0.0	3.0	5	0.5	0.5	0.0	1.0	1.0	6.5	15
2026-09-07	BBDO	3.1700000762939453														5.8	4	1.0	1.0	1.0	1.0	2.0	1.0	1.5	4	0.0	0.0	0.0	1.0	0.5	5.8	4
2026-09-07	BBIO	74.83999633789062	5.5	9	2.0	2.0	1.0	0.5	1.0	1.0	0.0	0.5	1.0	2.0	1.0	3.3	5	1.0	0.0	1.0	0.0	0.0	2.0	4.0	4	1.0	0.0	0.0	1.0	2.0	4.8	14
2026-09-07	BBNX	19.420000076293945	6.4	10	2.0	1.0	1.0	0.5	2.0	2.0	2.0	0.5	0.0	2.0	1.0	4.6	5	1.0	0.0	1.0	1.5	0.0	2.0	2.0	4	1.0	0.0	0.0	0.0	1.0	5.9	15
2026-09-07	BBOX.L	154.0	5.7	4	1.5	2.0	1.0	1.0	0.0	2.0	1.0	1.0	1.0	1.0	1.0	5.0	2	1.0	1.0	1.0	1.0	1.0	1.0	3.0	2	1.0	0.0	0.0	1.0	1.0	5.5	6
2026-09-07	BBSI	33.90999984741211	7.0	9	1.5	2.0	1.0	1.5	1.0	2.0	1.0	1.0	1.5	2.0	1.0	5.4	6	1.5	2.0	1.0	0.0	1.0	1.0	2.0	5	1.0	0.0	0.0	0.0	1.0	6.5	15
2026-09-07	BBT	31.889999389648438	6.6	8	1.5	1.5	1.0	1.5	2.0	2.0	0.0	1.0	1.0	2.0	1.0	5.0	6	0.5	0.0	1.0	0.5	2.0	2.0	4.5	3	1.0	1.5	0.0	1.0	1.0	6.1	14
2026-09-07	BBUC	28.020000457763672	6.4	9	1.5	2.0	1.0	1.5	0.0	1.5	2.0	1.0	0.5	2.0	1.0	5.0	4	1.0	1.0	1.0	2.0	0.5	0.5	6.5	5	1.5	1.5	0.0	2.0	1.5	6.0	13
2026-09-07	BBVA.MC	25.389999389648438	5.9	8	1.0	1.0	1.0	1.0	2.0	2.0	1.5	0.0	1.5	1.0	1.0	7.1	5	1.0	1.0	1.0	1.5	2.0	2.0	5.0	3	1.0	2.0	0.0	1.0	1.0	6.3	13
2026-09-07	BBVA.US	29.510000228881836	6.1	8	1.0	1.0	1.0	2.0	2.0	2.0	1.0	1.0	1.5	0.0	1.0	6.7	6	1.0	1.0	1.0	1.0	2.0	2.0	4.0	4	1.0	2.0	0.0	1.0	0.0	6.3	14
2026-09-07	BBW	29.43000030517578	7.0	9	1.5	2.0	1.0	0.0	0.0	2.0	2.0	1.0	2.0	2.0	2.0	5.4	6	2.0	2.0	1.0	0.0	1.0	0.5	5.0	5	1.0	1.5	0.0	0.5	2.0	6.5	15
2026-09-07	BBWI	19.510000228881836	5.9	9	1.0	1.5	1.0	1.0	0.0	1.5	2.0	1.0	1.0	2.0	1.0	5.8	6	2.0	2.0	1.0	0.0	1.5	0.5	3.5	4	1.5	0.5	0.0	1.0	0.5	5.9	15
2026-09-07	BBY	90.2699966430664	6.8	10	1.0	1.0	1.0	1.0	2.0	1.5	1.5	1.0	2.0	2.0	1.0	5.8	6	1.0	1.0	1.0	2.0	1.0	1.0	5.5	5	1.5	2.0	0.0	1.0	1.0	6.5	16
2026-09-07	BBY.L	875.0	6.6	7	1.5	2.0	1.0	1.0	2.0	2.0	1.0	1.0	1.5	1.5	0.0	5.4	4	1.0	1.0	1.0	1.0	1.0	1.5	3.0	4	0.5	0.5	0.0	1.0	1.0	6.2	11
2026-09-07	BC	74.43000030517578	6.4	9	1.5	1.5	1.0	2.0	0.0	2.0	2.0	1.0	0.0	2.0	1.0	3.8	6	2.0	0.0	1.0	0.0	0.5	1.0	2.5	5	1.5	0.0	0.0	1.0	0.0	5.6	15
2026-09-07	BC.MI	81.04000091552734	5.9	7	1.5	2.0	1.0	1.0	0.0	2.0	1.0	1.0	2.0	0.5	1.0	5.4	5	0.5	1.0	1.0	2.0	1.0	1.0	4.0	4	1.0	0.5	0.0	1.5	1.0	5.8	12
2026-09-07	BC8.DE	36.2400016784668	7.3	8	2.0	1.5	1.0	1.0	2.0	2.0	1.5	1.0	1.0	1.0	2.0	5.8	5	0.5	1.0	1.0	2.0	1.0	1.5	2.5	4	1.0	0.0	0.0	0.5	1.0	6.8	13
2026-09-07	BCC	79.20999908447266	8.0	9	1.5	2.0	1.0	1.0	2.0	2.0	2.0	1.0	1.0	2.0	2.0	4.6	6	0.5	2.0	1.0	0.0	1.0	1.0	2.0	5	1.0	0.0	0.0	0.0	1.0	7.0	15
2026-09-07	BCE	23.670000076293945	6.6	9	1.5	1.5	1.0	1.0	1.0	1.5	1.5	2.0	2.0	1.5	0.0	6.7	5	2.0	1.0	1.0	1.0	2.0	1.0	3.5	5	0.5	0.0	0.0	1.5	1.5	6.6	14
2026-09-07	BCH.US	42.349998474121094	6.6	8	1.0	1.5	1.0	2.0	2.0	2.0	1.5	1.0	1.5	0.0	1.0	6.7	6	1.0	2.0	1.0	0.5	2.0	1.5	2.5	4	0.0	0.5	0.0	1.0	1.0	6.6	14
2026-09-07	BCIC	7.340000152587891	5.0	9	1.0	2.0	1.0	2.0	0.0	1.5	2.0	1.0	0.0	0.5	0.0	5.4	5	2.0	1.0	1.0	0.0	0.5	2.0	3.5	5	0.0	1.5	0.0	1.5	0.5	5.1	14
2026-09-07	BCML	30.799999237060547	5.2	8	1.0	1.0	1.0	1.5	1.0	2.0	0.0	1.0	0.5	1.5	1.0	5.4	6	2.0	2.0	1.0	0.0	1.5	0.0	2.0	4	0.0	0.0	0.0	1.0	1.0	5.3	14
2026-09-07	BCO	108.87000274658203	7.3	9	2.0	2.0	1.0	0.5	0.0	2.0	1.5	1.0	2.0	2.0	2.0	6.2	6	1.5	2.0	1.0	1.0	1.0	1.0	4.5	5	1.0	0.0	0.0	2.0	1.5	7.0	15
2026-09-07	BCPC	171.61000061035156	8.0	9	1.5	2.0	1.0	1.5	2.0	2.0	1.5	1.0	1.0	2.0	2.0	6.7	6	0.5	2.0	1.0	1.5	1.5	1.5	2.5	5	1.0	0.5	0.0	0.0	1.0	7.6	15
2026-09-07	BCRX	9.960000038146973	7.3	8	2.0	2.0	1.0	0.5	2.0	0.5	2.0	1.0	1.0	2.0	2.0	5.8	6	0.0	2.0	1.0	2.0	0.0	2.0	3.5	4	0.5	0.5	0.0	1.0	1.5	6.8	14
2026-09-07	BCS	27.0	5.5	8	1.5	2.0	1.0	1.0	1.0	2.0	1.5	0.0	1.0	0.0	1.0	7.1	6	1.5	2.0	1.0	0.5	2.0	1.5	4.5	4	1.0	1.0	1.0	1.0	0.5	6.0	14
2026-09-07	BCSF	11.819999694824219	5.7	9	1.0	1.5	1.0	1.5	0.0	2.0	1.0	1.0	1.0	1.5	1.0	6.2	6	1.5	2.0	1.0	1.0	2.0	0.0	4.0	5	0.5	1.5	0.0	1.0	1.0	5.8	15
2026-09-07	BCYC	4.300000190734863	5.7	9	1.5	2.0	1.0	1.0	1.0	0.5	1.5	1.0	0.0	2.0	1.0	5.4	5	1.0	2.0	1.0	2.0	0.5	0.0	4.5	5	1.5	1.0	0.0	0.0	2.0	5.6	14
2026-09-07	BDC	122.27999877929688	8.0	9	2.0	2.0	1.0	0.5	2.0	2.0	1.5	1.0	1.5	2.0	2.0	6.7	6	1.5	1.0	1.0	2.0	1.0	1.5	3.5	5	1.0	0.0	0.0	1.0	1.5	7.6	15
2026-09-07	BDN	3.119999885559082	5.9	10	1.0	1.0	1.0	1.0	2.0	2.0	0.0	1.0	0.0	2.0	2.0	2.9	6	1.0	0.0	1.0	0.0	0.0	1.5	5.0	5	1.5	0.5	0.0	2.0	1.0	5.0	16
2026-09-07	BDT.DE	9.119999885559082														4.2	4	1.0	1.0	1.0	1.0	0.5	0.5	4.0	4	0.5	1.5	0.0	1.0	1.0	4.2	4
2026-09-07	BDTX	2.119999885559082	6.1	9	2.0	2.0	1.0	0.5	1.0	1.0	2.0	1.0	0.0	2.0	1.0	3.8	4	1.0	0.0	1.0	1.0	0.5	1.0	4.5	5	2.0	1.0	0.0	0.0	1.5	5.4	13
2026-09-07	BDX	184.74000549316406	6.8	10	1.5	1.0	1.0	1.5	2.0	2.0	1.5	1.5	1.0	2.0	0.0	6.2	6	1.5	2.0	1.0	1.0	1.0	1.0	2.5	5	0.0	1.0	0.0	0.5	1.0	6.6	16
2026-09-07	BE	252.8699951171875	7.3	10	2.0	1.5	1.0	1.0	2.0	1.0	2.0	1.0	1.5	2.0	1.0	6.7	6	2.0	0.0	1.0	2.0	1.0	2.0	4.5	5	2.0	0.5	0.0	1.5	0.5	7.1	16
2026-09-07	BEAM	29.65999984741211	6.1	9	2.0	2.0	1.0	0.0	2.0	0.5	2.0	1.0	0.0	2.0	1.0	3.3	5	1.0	1.0	1.0	1.0	0.0	0.0	4.0	5	2.0	0.0	0.0	0.0	2.0	5.3	14
2026-09-07	BEAN.ZU	839.5	7.7	8	1.5	2.0	1.0	1.0	1.0	2.0	1.0	2.0	2.0	1.5	2.0	6.7	4	1.5	1.0	1.0	1.0	1.5	2.0	2.0	4	1.0	0.0	0.0	0.0	1.0	7.4	12
2026-09-07	BEEM	1.409999966621399	5.5	9	1.5	2.0	1.0	0.5	1.0	2.0	1.5	1.0	0.0	0.5	1.0	4.6	4	1.0	1.0	1.0	0.5	0.0	2.0	3.5	5	1.5	1.0	0.0	0.0	1.0	5.2	13
2026-09-07	BEI.DE	76.44000244140625	4.8	8	0.5	0.5	1.0	1.0	0.0	2.0	1.0	1.0	1.0	0.5	2.0	3.8	4	0.0	1.0	1.0	1.0	1.0	0.5	1.5	4	0.0	0.5	0.0	0.0	1.0	4.5	12
2026-09-07	BEIAb.ST	300.5														5.4	5	1.0	1.0	1.0	1.5	1.0	1.0	3.5	4	1.0	1.0	0.0	0.5	1.0	5.4	5
2026-09-07	BEIJb.ST	138.89999389648438														4.6	5	0.0	1.0	1.0	1.5	1.0	1.0	2.5	4	1.0	0.0	0.0	0.5	1.0	4.6	5
2026-09-07	BEKB.BR	39.400001525878906														5.4	4	2.0	1.0	1.0	1.0	1.0	0.5	2.5	4	1.0	0.0	0.0	0.5	1.0	5.4	4
2026-09-07	BEKE	17.920000076293945	7.3	9	1.5	2.0	1.0	1.0	2.0	2.0	2.0	1.0	1.0	0.5	2.0	5.0	6	2.0	0.0	1.0	1.5	1.0	0.5	2.5	5	0.0	0.0	1.0	0.0	1.5	6.6	15
2026-09-07	BELFB	243.7899932861328	7.3	9	2.0	2.0	1.0	1.0	1.0	2.0	2.0	1.0	1.0	2.0	1.0	5.8	6	1.0	0.0	1.0	2.0	1.0	2.0	2.0	5	1.5	0.0	0.0	0.0	0.5	6.8	15
2026-09-07	BEN	34.72999954223633	7.0	10	1.0	1.5	1.0	1.5	2.0	2.0	2.0	1.0	1.0	1.5	1.0	6.2	6	2.0	0.0	1.0	2.0	1.0	1.5	3.5	5	1.5	1.0	0.0	0.0	1.0	6.8	16
2026-09-07	BEN.ASX	10.5	4.8	6	0.5	1.0	1.0	1.0	0.0	2.0	1.0	1.0	1.0	1.0	1.0	5.4	4	1.0	1.0	1.0	1.0	1.5	1.0	3.5	3	0.5	1.0	0.0	1.0	1.0	5.0	10
2026-09-07	BEN.PA	5.769999980926514	5.0	7	1.0	1.5	1.0	1.0	0.0	2.0	1.0	1.0	0.0	0.5	2.0	3.3	4	0.0	1.0	1.0	1.0	0.5	0.5	3.5	4	0.5	1.5	0.0	0.5	1.0	4.5	11
2026-09-07	BEPC	31.75	4.3	9	0.5	2.0	1.0	1.0	0.0	2.0	0.0	1.0	0.0	2.0	0.0	3.8	6	1.0	1.0	1.0	0.0	0.0	1.5	5.5	5	1.0	1.5	0.0	1.5	1.5	4.1	15
2026-09-07	BESI.NV	196.64999389648438	6.4	9	1.5	2.0	1.0	1.0	0.0	1.0	1.0	2.0	2.0	1.5	1.0	8.3	5	2.0	1.0	1.0	2.0	2.0	2.0	3.0	4	1.5	0.0	0.0	0.5	1.0	7.0	14
2026-09-07	BETA	22.200000762939453	5.7	9	2.0	2.0	1.0	1.0	2.0	1.5	0.0	1.0	0.0	1.0	1.0	3.8	5	1.0	0.0	1.0	0.0	0.5	2.0	2.5	4	1.0	0.5	0.0	0.0	1.0	5.1	14
2026-09-07	BETR	14.475000381469727	3.9	10	2.0	2.0	1.0	0.0	0.0	1.0	0.0	1.0	0.0	1.5	0.0	4.2	4	1.0	1.0	1.0	0.0	0.0	2.0	6.0	5	1.5	1.5	0.0	2.0	1.0	4.0	14
2026-09-07	BETSB.ST	94.05000305175781														5.4	5	2.0	1.0	1.0	0.0	1.5	1.0	2.0	4	0.0	1.0	0.0	0.0	1.0	5.4	5
2026-09-07	BEZ.DE	3.240000009536743														4.2	4	0.0	1.0	2.0	1.0	1.0	0.0	4.5	4	0.0	1.0	2.0	0.5	1.0	4.2	4
2026-09-07	BEZ.L	1301.5														4.2	4	0.0	1.0	1.0	1.0	1.5	0.5	3.0	4	0.0	2.0	0.0	0.0	1.0	4.2	4
2026-09-07	BF-B	26.729999542236328														4.6	5	1.0	1.0	1.0	0.5	1.5	0.5	1.5	5	0.0	0.0	0.0	0.5	1.0	4.6	5
2026-09-07	BFAM	70.25	6.4	9	2.0	2.0	1.0	1.5	0.0	2.0	1.5	1.0	1.0	2.0	0.0	5.4	6	1.0	1.0	1.0	1.5	1.0	1.0	3.5	5	1.0	0.5	0.0	1.5	0.5	6.1	15
2026-09-07	BFC	156.22999572753906	6.1	8	1.0	1.0	1.0	1.0	2.0	2.0	1.5	1.0	1.0	1.0	1.0	8.8	6	2.0	2.0	1.0	1.5	2.0	2.0	4.0	4	0.0	1.5	0.0	1.0	1.5	6.9	14
2026-09-07	BFH	110.87000274658203	8.4	9	1.5	1.5	1.0	2.0	2.0	2.0	2.0	2.0	1.5	2.0	1.0	5.4	6	0.5	0.0	1.0	2.0	2.0	1.0	3.5	4	1.0	1.5	0.0	1.0	0.0	7.5	15
2026-09-07	BFIT.NV	34.7400016784668	5.9	8	1.5	1.5	1.0	1.0	2.0	2.0	1.0	1.0	1.0	1.0	0.0	4.6	4	0.0	1.0	1.0	1.0	1.0	1.5	5.0	4	1.0	1.0	0.0	2.0	1.0	5.5	12
2026-09-07	BFLY	7.360000133514404	5.7	10	2.0	1.5	1.0	0.5	1.0	1.0	2.0	1.0	0.0	1.5	1.0	5.8	5	1.0	1.0	1.0	2.0	0.0	2.0	3.5	5	2.0	0.5	0.0	0.0	1.0	5.7	15
2026-09-07	BFS	32.52000045776367														4.6	4	0.0	1.0	1.0	1.0	1.5	1.0	3.0	5	1.0	0.0	0.0	2.0	0.0	4.6	4
2026-09-07	BFSA.DE	37.04999923706055	6.4	9	2.0	1.5	1.0	1.0	2.0	2.0	0.0	1.0	1.0	1.5	1.0	5.0	5	1.0	1.0	1.0	1.0	1.0	1.0	5.5	4	2.0	1.5	0.0	1.0	1.0	6.0	14
2026-09-07	BFST	31.84000015258789	7.0	8	1.5	1.5	1.0	1.5	2.0	2.0	1.5	1.0	1.0	1.5	1.0	7.1	6	1.5	2.0	1.0	0.5	2.0	1.5	4.0	4	0.5	1.5	0.0	1.0	1.0	7.0	14
2026-09-07	BG	118.70999908447266	8.4	9	2.0	2.0	1.0	1.5	2.0	2.0	2.0	1.0	1.0	2.0	2.0	5.8	6	1.5	1.0	1.0	0.5	1.0	2.0	3.0	5	0.5	0.5	0.0	1.0	1.0	7.6	15
2026-09-07	BGA.ASX	6.050000190734863	5.9	7	1.0	1.5	1.0	1.0	1.0	2.0	1.0	1.0	1.0	1.5	1.0	4.6	4	0.5	1.0	1.0	1.0	1.0	1.0	2.0	4	0.5	0.0	0.0	0.5	1.0	5.5	11
2026-09-07	BGC	12.170000076293945	8.2	9	1.5	2.0	1.0	1.5	2.0	2.0	1.5	1.0	1.5	2.0	2.0	5.0	6	0.5	2.0	1.0	0.5	1.0	1.0	4.5	5	1.0	1.0	0.0	1.5	1.0	7.2	15
2026-09-07	BGEO.L	13620.0	7.0	7	1.5	1.0	1.0	1.0	1.5	2.0	2.0	1.0	2.0	1.5	1.0	8.3	5	2.0	1.0	1.0	2.0	2.0	2.0	4.5	3	0.5	2.0	0.0	1.0	1.0	7.4	12
2026-09-07	BGL.ASX	1.6449999809265137	6.8	8	2.0	1.5	1.0	1.0	2.0	2.0	1.0	2.0	0.0	1.5	1.0	5.8	4	2.0	1.0	1.0	1.0	0.0	2.0	3.5	4	1.5	0.5	0.0	0.5	1.0	6.5	12
2026-09-07	BGN.MI	66.0	6.4	7	1.5	1.5	1.0	1.0	2.0	2.0	1.0	0.5	2.0	0.5	1.0	5.8	4	0.0	1.0	1.0	1.0	2.0	2.0	3.5	3	0.5	1.0	0.0	1.0	1.0	6.2	11
2026-09-07	BGS	3.2899999618530273	5.9	10	1.0	2.0	1.0	0.5	0.0	2.0	2.0	1.0	0.0	1.5	2.0	3.3	6	0.0	2.0	1.0	0.0	0.5	0.5	5.5	5	0.5	2.0	0.0	2.0	1.0	5.1	16
2026-09-07	BH	383.75														4.6	4	1.0	1.0	1.0	1.0	0.5	1.0	1.0	5	0.5	0.0	0.0	0.5	0.0	4.6	4
2026-09-07	BHB	40.38999938964844	6.8	8	1.5	1.0	1.0	1.5	2.0	2.0	1.5	1.0	1.0	1.5	1.0	8.3	6	1.5	2.0	1.0	1.5	2.0	2.0	4.5	4	0.5	1.5	0.0	1.0	1.5	7.2	14
2026-09-07	BHC	6.559999942779541	7.0	8	1.0	2.0	1.0	1.5	2.0	2.0	1.5	1.0	1.0	1.5	1.0	5.8	6	2.0	2.0	1.0	0.5	0.0	1.5	1.5	4	0.0	0.0	0.0	1.0	0.5	6.6	14
2026-09-07	BHE	72.63999938964844	7.3	9	1.5	2.0	1.0	1.5	1.0	2.0	1.5	1.0	0.5	2.0	2.0	6.7	6	1.5	1.0	1.0	2.0	1.0	1.5	2.5	5	1.5	0.0	0.0	0.0	1.0	7.1	15
2026-09-07	BHF	53.58000183105469	4.8	9	1.0	2.0	1.0	0.5	0.0	2.0	0.0	1.0	1.0	2.0	0.0	7.9	6	2.0	2.0	1.0	1.0	1.5	2.0	4.0	5	1.0	0.0	0.0	1.5	1.5	5.7	15
2026-09-07	BHP	90.41999816894531	6.4	9	1.0	0.0	1.0	2.0	2.0	2.0	1.0	1.5	1.5	0.0	2.0	5.0	5	0.0	1.0	1.0	1.0	1.5	1.5	4.0	5	1.0	1.0	0.0	0.5	1.5	6.0	14
2026-09-07	BHP.ASX	62.93000030517578	5.7	8	1.0	0.5	1.0	1.0	2.0	1.0	1.0	0.5	1.5	1.0	2.0	5.4	4	0.5	1.0	1.0	1.0	1.5	1.5	3.5	4	1.0	1.0	0.0	0.5	1.0	5.6	12
2026-09-07	BHP.L	3345.0	6.1	8	1.0	0.5	1.0	1.0	2.0	1.0	1.0	1.5	1.5	1.0	2.0	5.8	4	1.0	1.0	1.0	1.0	1.5	1.5	3.5	4	1.0	1.0	0.0	0.5	1.0	6.0	12
2026-09-07	BHRB	72.3499984741211	6.8	8	1.5	1.5	1.0	1.5	2.0	2.0	1.5	1.0	1.0	1.0	1.0	6.7	6	1.5	1.0	1.0	0.5	2.0	2.0	3.5	4	0.0	1.0	0.0	1.0	1.5	6.8	14
2026-09-07	BHVN	15.6899995803833	6.1	10	2.0	2.0	1.0	0.5	2.0	0.5	1.0	1.5	0.0	2.0	1.0	6.2	4	1.0	2.0	1.0	2.0	0.5	1.0	6.0	5	2.0	0.5	0.0	2.0	1.5	6.1	14
2026-09-07	BIDU	99.47000122070312	5.2	10	1.5	1.5	1.0	1.5	0.0	1.0	1.5	1.0	0.0	0.5	2.0	5.0	6	2.0	2.0	1.0	0.0	0.5	0.5	3.0	5	0.5	1.0	0.0	0.5	1.0	5.1	16
2026-09-07	BIG.PA	0.131400004029274														5.0	4	2.0	1.0	1.0	1.0	0.5	0.5	4.5	4	1.0	2.0	0.0	0.5	1.0	5.0	4
2026-09-07	BIGGQ	0.0003000000142492354														4.6	4	2.0	1.0	1.0	1.0	0.0	0.5	6.0	4	2.0	2.0	0.0	1.0	1.0	4.6	4
2026-09-07	BIIB	220.8300018310547	7.5	10	1.5	1.5	1.0	1.5	2.0	1.0	2.0	1.5	0.5	2.0	2.0	5.4	6	1.5	2.0	1.0	0.0	1.0	1.0	3.0	5	0.0	1.5	0.0	0.5	1.0	6.9	16
2026-09-07	BIJ.DE	47.20000076293945														4.2	4	0.0	1.0	1.0	1.0	1.0	1.0	2.0	4	0.5	0.0	0.0	0.5	1.0	4.2	4
2026-09-07	BIKE.DE	2.559999942779541														4.6	4	0.0	1.0	1.0	1.0	1.0	1.5	3.0	4	1.0	0.5	0.0	0.5	1.0	4.6	4
2026-09-07	BILI	15.229999542236328	5.5	10	2.0	2.0	1.0	1.0	0.0	1.5	1.5	1.0	1.0	0.0	1.0	4.6	5	2.0	1.0	0.0	0.5	1.0	1.0	6.5	5	0.5	2.0	2.0	0.5	1.5	5.2	15
2026-09-07	BILL	49.15999984741211	7.0	9	1.5	1.5	1.0	0.5	2.0	2.0	2.0	1.0	0.0	2.0	2.0	5.8	6	2.0	0.0	1.0	2.0	0.5	1.5	3.0	5	1.0	0.5	0.0	0.5	1.0	6.6	15
2026-09-07	BILL.ST	81.0999984741211	6.1	8	1.5	1.0	1.0	1.0	1.5	2.0	2.0	1.0	0.0	1.5	1.0	2.5	5	0.0	1.0	1.0	0.0	0.5	0.5	1.0	4	0.0	0.0	0.0	0.0	1.0	5.0	13
2026-09-07	BIM.PA	74.25	5.7	8	1.0	1.0	1.0	1.0	1.0	2.0	1.0	1.0	1.0	0.5	2.0	5.0	4	1.0	1.0	1.0	1.0	1.5	0.5	2.5	4	0.5	1.0	0.0	0.0	1.0	5.5	12
2026-09-07	BIO.US	386.1099853515625	7.0	9	1.5	0.5	1.0	2.0	2.0	2.0	2.0	1.0	0.5	2.0	1.0	3.8	6	0.0	2.0	1.0	0.0	1.0	0.5	2.5	5	1.0	1.5	0.0	0.0	0.0	6.0	15
2026-09-07	BIOAb.ST	334.0														4.6	5	0.0	1.0	1.0	2.0	1.5	0.0	2.0	4	0.5	0.5	0.0	0.0	1.0	4.6	5
2026-09-07	BIOGb.ST	113.4000015258789														4.6	5	0.5	1.0	1.0	0.0	2.0	1.0	2.0	3	0.0	0.0	0.0	1.0	1.0	4.6	5
2026-09-07	BIOPOR.CO	1.1950000524520874														3.3	3	1.0	1.0	1.0	1.0	0.0	0.0	3.0	4	1.5	0.5	0.0	0.0	1.0	3.3	3
2026-09-07	BIOS.BR	0.0020000000949949026														3.8	2	1.0	1.0	1.0	1.0	0.5	0.0	5.0	2	1.5	0.5	1.0	1.0	1.0	3.8	2
2026-09-07	BIP	37.130001068115234	5.0	8	2.0	2.0	1.0	1.0	0.0	1.5	0.0	1.0	1.0	1.5	0.0	3.8	6	0.0	1.0	1.0	0.0	1.0	1.5	3.0	5	1.0	0.0	0.0	1.5	0.5	4.6	14
2026-09-07	BIPC	37.349998474121094	5.0	8	0.5	2.0	1.0	1.0	0.0	2.0	0.0	1.0	1.5	2.0	0.0	4.6	4	1.0	1.0	1.0	1.0	0.5	1.0	6.0	5	1.5	1.0	0.0	2.0	1.5	4.9	12
2026-09-07	BIRK	34.0	5.7	10	1.5	2.0	1.0	0.5	0.0	1.0	1.5	1.0	1.0	2.0	1.0	5.8	6	2.0	1.0	1.0	0.0	1.5	1.5	4.0	5	1.5	1.0	0.0	0.5	1.0	5.7	16
2026-09-07	BITTI.HE	34.0														7.5	5	1.0	1.0	1.0	2.0	2.0	2.0	1.5	4	0.0	0.5	0.0	0.0	1.0	7.5	5
2026-09-07	BJ	93.19000244140625	6.6	9	1.5	1.5	1.0	1.0	1.0	2.0	1.5	1.0	2.0	2.0	0.0	4.6	6	1.0	0.0	1.0	1.0	1.0	1.5	2.5	5	0.0	0.0	0.0	1.0	1.5	6.0	15
2026-09-07	BJRI	59.88999938964844	6.4	9	1.0	2.0	1.0	1.0	1.0	2.0	2.0	1.0	1.0	2.0	0.0	5.0	6	1.0	0.0	1.0	2.0	1.0	1.0	4.0	5	1.5	0.5	0.0	1.0	1.0	6.0	15
2026-09-07	BKD	11.770000457763672	5.7	9	1.5	2.0	1.0	0.5	0.0	1.5	2.0	1.0	0.0	2.0	1.0	5.8	6	2.0	1.0	1.0	2.0	0.5	0.5	3.0	4	0.5	0.0	0.0	1.0	1.5	5.7	15
2026-09-07	BKE	43.150001525878906	6.4	9	1.0	1.5	1.0	0.5	0.0	2.0	1.5	1.0	2.0	1.5	2.0	5.0	6	0.5	2.0	1.0	0.0	1.5	1.0	4.5	5	1.0	1.0	0.0	1.0	1.5	6.0	15
2026-09-07	BKG.L	3456.0	5.2	7	1.5	2.0	1.0	1.0	0.0	0.0	1.0	1.0	1.0	2.0	1.0	4.2	4	0.0	1.0	1.0	1.0	1.5	0.5	2.0	4	1.0	0.0	0.0	0.0	1.0	4.9	11
2026-09-07	BKH	73.20999908447266	6.1	9	1.5	1.5	1.0	0.5	1.0	2.0	2.0	1.0	1.0	2.0	0.0	5.4	6	1.0	2.0	1.0	0.0	1.5	1.0	4.0	5	0.5	0.5	0.0	1.0	2.0	5.9	15
2026-09-07	BKHT.DE	21.299999237060547														5.4	3	1.0	1.0	1.0	1.0	2.0	0.5	3.5	4	1.0	1.5	0.0	0.0	1.0	5.4	3
2026-09-07	BKKT	8.329999923706055	4.5	9	1.5	2.0	1.0	0.0	1.0	2.0	0.0	1.0	0.0	0.5	1.0	4.6	4	1.0	1.0	1.0	2.0	0.5	0.0	5.0	5	2.0	1.5	0.0	0.0	1.5	4.5	13
2026-09-07	BKNG	193.2899932861328	7.0	9	2.0	2.0	1.0	1.5	1.0	1.5	1.5	1.0	1.0	2.0	1.0	6.2	6	2.0	1.0	1.0	0.5	2.0	1.0	3.0	4	1.0	0.0	0.0	1.0	1.0	6.8	15
2026-09-07	BKR	63.5	8.4	9	2.0	1.5	1.0	1.5	2.0	2.0	2.0	1.0	1.5	2.0	2.0	5.0	6	1.0	0.0	1.0	2.0	1.5	0.5	3.0	5	1.0	0.5	0.0	1.0	0.5	7.4	15
2026-09-07	BKS.L	220.0	6.8	7	1.5	2.0	1.0	1.0	2.0	2.0	1.0	1.0	0.5	1.0	2.0	3.8	4	0.0	1.0	1.0	1.0	1.0	0.5	1.0	4	0.0	0.0	0.0	0.0	1.0	5.9	11
2026-09-07	BKSY	20.5	5.9	9	1.5	2.0	1.0	0.5	0.0	2.0	2.0	1.0	0.0	2.0	1.0	5.8	4	1.0	1.0	1.0	2.0	0.0	2.0	5.5	5	2.0	1.0	0.0	1.0	1.5	5.9	13
2026-09-07	BKT.MC	16.8700008392334	6.6	8	1.5	1.0	1.0	1.0	2.0	2.0	1.5	1.0	1.5	1.0	1.0	5.0	4	0.0	1.0	1.0	1.0	2.0	1.0	3.5	3	0.0	1.5	0.0	1.0	1.0	6.1	12
2026-09-07	BKTI	73.16000366210938	6.8	9	1.5	2.0	1.0	1.0	0.0	2.0	2.0	1.0	2.0	1.5	1.0	5.0	5	1.0	1.0	1.0	0.0	1.5	1.5	2.0	5	0.5	0.5	0.0	0.0	1.0	6.3	14
2026-09-07	BKU	46.380001068115234	5.2	9	1.0	1.0	1.0	1.0	0.0	1.5	1.0	1.0	1.0	2.0	1.0	5.0	6	2.0	0.0	1.0	0.0	2.0	1.0	3.5	4	1.0	0.5	0.0	1.0	1.0	5.1	15
2026-09-07	BKV	26.059999465942383	6.4	10	2.0	2.0	1.0	0.5	1.0	1.5	2.0	1.0	1.0	1.0	1.0	6.2	6	2.0	1.0	1.0	0.0	2.0	1.5	3.0	4	1.0	0.0	0.0	0.5	1.5	6.3	16
2026-09-07	BKYI	2.809999942779541	5.7	9	1.5	2.0	1.0	2.0	0.0	2.0	2.0	1.0	0.0	0.0	1.0	5.4	4	1.0	1.0	1.0	2.0	0.0	1.5	2.0	5	0.0	2.0	0.0	0.0	0.0	5.6	13
2026-09-07	BL	32.709999084472656	6.8	9	1.0	1.5	1.0	0.5	1.0	2.0	2.0	1.0	1.0	2.0	2.0	3.3	6	0.0	0.0	1.0	1.0	1.0	1.0	3.5	5	0.5	0.5	0.0	1.5	1.0	5.8	15
2026-09-07	BLBD	63.630001068115234	8.0	9	2.0	2.0	1.0	0.5	1.0	2.0	2.0	1.0	2.0	2.0	2.0	7.1	6	2.0	2.0	1.0	0.0	1.5	2.0	3.0	5	1.5	0.0	0.0	0.0	1.5	7.7	15
2026-09-07	BLC.PA	22.0														5.8	4	2.0	1.0	1.0	1.0	1.0	1.0	5.5	4	1.0	1.5	0.0	2.0	1.0	5.8	4
2026-09-07	BLCO	18.040000915527344	5.7	10	1.0	1.0	1.0	1.0	2.0	1.5	2.0	0.5	0.0	0.5	2.0	5.0	6	2.0	1.0	1.0	0.5	0.5	1.0	3.5	5	0.5	1.0	0.0	0.5	1.5	5.5	16
2026-09-07	BLDP	2.3399999141693115	5.2	9	1.5	2.0	1.0	1.0	0.0	1.0	2.0	1.0	0.0	1.0	1.0	5.0	5	0.5	1.0	1.0	2.0	0.0	1.5	4.0	5	2.0	1.0	0.0	0.0	1.0	5.1	14
2026-09-07	BLDR	65.79000091552734	5.7	9	1.5	2.0	1.0	1.0	0.0	1.0	0.5	1.0	0.5	2.0	2.0	2.9	6	1.0	0.0	1.0	0.0	1.0	0.5	5.0	5	1.5	1.5	0.0	1.0	1.0	4.9	15
2026-09-07	BLFS	35.25	6.4	9	1.0	0.5	1.0	0.5	2.0	2.0	2.0	1.0	1.0	2.0	1.0	7.5	6	0.0	2.0	1.0	2.0	2.0	2.0	3.5	5	2.0	1.0	0.0	0.0	0.5	6.7	15
2026-09-07	BLK	1122.2900390625	8.2	9	2.0	1.5	1.0	2.0	2.0	2.0	1.5	1.0	1.0	2.0	2.0	7.5	6	2.0	0.0	1.0	2.0	2.0	2.0	2.5	5	1.5	0.5	0.0	0.0	0.5	8.0	15
2026-09-07	BLKB	47.099998474121094	6.8	9	1.5	1.5	1.0	0.5	2.0	2.0	1.5	1.0	2.0	2.0	0.0	7.1	6	2.0	2.0	1.0	1.0	1.5	1.0	4.0	5	1.0	0.0	0.0	2.0	1.0	6.9	15
2026-09-07	BLLN	99.38999938964844	6.4	10	2.0	2.0	1.0	1.0	1.0	1.0	2.0	1.0	1.0	1.0	1.0	5.0	6	0.0	0.0	1.0	2.0	1.0	2.0	1.5	4	1.0	0.0	0.0	0.0	0.5	6.0	16
2026-09-07	BLMN	9.789999961853027	6.6	9	1.0	2.0	1.0	0.5	2.0	2.0	2.0	1.0	1.0	2.0	0.0	2.9	6	0.5	0.0	1.0	0.0	1.0	1.0	4.5	5	1.5	0.0	0.0	2.0	1.0	5.5	15
2026-09-07	BLND.L	418.0	5.9	8	1.5	1.5	1.0	1.0	1.0	2.0	1.0	1.0	1.0	2.0	0.0	5.0	4	0.0	1.0	1.0	1.0	2.0	1.0	3.0	4	1.0	0.5	0.0	0.5	1.0	5.6	12
2026-09-07	BLND.US	1.5399999618530273	6.4	9	1.5	2.0	1.0	1.0	0.0	1.0	2.0	1.0	0.5	2.0	2.0	4.2	5	1.0	1.0	1.0	0.0	1.0	1.0	3.0	5	1.0	1.0	0.0	0.0	1.0	5.7	14
2026-09-07	BLNK	0.5889999866485596	5.7	9	1.5	2.0	1.0	0.5	1.0	2.0	2.0	1.0	0.0	0.5	1.0	3.3	3	1.0	1.0	1.0	1.0	0.0	0.0	5.5	5	2.0	1.5	0.0	0.0	2.0	5.0	12
2026-09-07	BLSH	36.0	4.8	10	1.5	1.5	1.0	0.5	1.5	1.0	1.0	1.0	0.0	0.5	1.0	5.4	5	1.0	2.0	1.0	0.0	0.5	2.0	2.5	4	1.0	0.5	0.0	0.0	1.0	5.0	15
2026-09-07	BLTE	193.61000061035156	5.0	10	2.0	2.0	1.0	1.0	1.5	1.0	0.0	1.0	0.0	0.5	1.0	7.1	4	1.0	2.0	2.0	2.0	0.5	1.0	7.5	4	1.5	1.5	2.0	1.0	1.5	5.6	14
2026-09-07	BLX	55.63999938964844														5.8	4	1.0	1.0	1.0	1.0	2.0	1.0	2.5	4	0.5	0.5	0.0	1.0	0.5	5.8	4
2026-09-07	BLZE	13.454999923706055	6.4	9	2.0	2.0	1.0	1.5	1.0	2.0	2.0	1.0	0.0	1.5	0.0	5.4	4	1.0	1.0	1.0	2.0	0.0	1.5	2.5	5	1.5	0.0	0.0	1.0	0.0	6.1	13
2026-09-07	BMA	78.56999969482422	4.5	9	1.5	2.0	1.0	1.5	0.0	1.5	0.0	0.0	1.0	0.5	1.0	7.5	6	2.0	1.0	1.0	2.0	1.0	2.0	1.5	4	0.0	0.0	0.0	1.0	0.5	5.4	15
2026-09-07	BMBL	2.9000000953674316	5.9	10	1.0	2.0	1.0	0.5	0.0	1.5	2.0	1.0	0.0	2.0	2.0	2.5	5	1.0	1.0	1.0	0.0	0.0	0.0	5.0	5	2.0	1.5	0.0	0.5	1.0	4.9	15
2026-09-07	BME.L	227.0	6.4	8	1.5	0.5	1.0	1.0	2.0	1.5	1.0	1.0	1.5	2.0	1.0	5.4	4	1.5	1.0	1.0	1.0	1.0	1.0	4.5	4	1.0	0.5	0.0	2.0	1.0	6.1	12
2026-09-07	BMEA	2.0299999713897705	5.7	9	2.0	2.0	1.0	0.5	1.5	0.5	2.0	1.0	0.0	1.0	1.0	5.8	4	1.0	1.0	1.5	2.0	0.5	1.0	3.0	5	0.0	0.0	1.0	0.0	2.0	5.7	13
2026-09-07	BMED.MI	23.6200008392334	6.6	8	1.5	1.0	1.0	1.0	2.0	2.0	2.0	0.5	2.0	0.5	1.0	7.5	5	2.0	1.0	1.0	1.0	2.0	2.0	3.5	3	0.5	1.0	0.0	1.0	1.0	6.9	13
2026-09-07	BMI	132.49000549316406	6.1	9	1.5	2.0	1.0	0.0	0.0	2.0	0.5	1.0	1.5	2.0	2.0	2.9	6	0.5	0.0	1.0	0.0	1.5	0.5	2.5	5	0.5	0.5	0.0	0.0	1.5	5.1	15
2026-09-07	BMN.ASX	4.369999885559082	6.4	7	2.0	2.0	1.0	1.0	2.0	1.0	1.0	1.0	0.0	2.0	1.0	4.6	2	1.0	1.0	1.0	1.0	0.5	1.0	2.0	4	1.0	0.0	0.0	0.0	1.0	5.9	9
2026-09-07	BMNR	24.969999313354492	6.6	9	1.5	2.0	1.0	1.0	2.0	2.0	2.0	1.0	0.0	1.0	1.0	3.8	5	1.0	0.0	1.0	0.0	0.5	2.0	2.5	5	1.5	0.5	0.0	0.0	0.5	5.8	14
2026-09-07	BMO	175.39999389648438	6.4	8	1.5	1.5	1.0	1.0	1.0	1.5	1.5	1.5	1.0	1.5	1.0	6.7	5	1.0	1.0	1.0	1.5	2.0	1.5	4.5	4	1.0	1.0	0.0	1.0	1.5	6.5	13
2026-09-07	BMPS.MI	11.61400032043457	6.1	7	1.0	0.5	1.0	1.0	2.0	2.0	2.0	1.0	1.5	0.5	1.0	6.7	5	2.0	1.0	1.0	0.0	2.0	2.0	4.5	3	1.0	1.5	0.0	1.0	1.0	6.3	12
2026-09-07	BMRC	27.729999542236328	5.9	8	1.5	1.5	1.0	1.0	1.0	2.0	1.5	1.0	0.0	1.5	1.0	5.8	6	0.5	2.0	1.0	1.5	0.0	2.0	2.5	4	0.5	0.0	0.0	1.0	1.0	5.9	14
2026-09-07	BMRN	66.52999877929688	6.4	9	1.5	2.0	1.0	1.0	2.0	1.0	0.0	1.0	0.5	2.0	2.0	6.2	6	2.0	2.0	1.0	0.0	1.0	1.5	2.0	5	0.0	0.5	0.0	0.5	1.0	6.3	15
2026-09-07	BMS.L	217.0	5.7	8	1.5	2.0	1.0	1.0	0.0	2.0	1.0	1.0	0.5	0.5	2.0	4.6	4	0.5	1.0	1.0	1.0	1.0	1.0	3.0	4	0.0	0.5	1.0	0.5	1.0	5.4	12
2026-09-07	BMW.DE	62.79999923706055	5.5	8	1.0	1.5	1.0	1.0	1.0	1.0	2.0	1.0	1.0	0.5	1.0	4.6	5	2.0	1.0	1.0	0.0	1.0	0.5	3.5	4	0.5	1.0	0.0	1.0	1.0	5.2	13
2026-09-07	BMY	66.81999969482422	7.7	10	1.5	1.0	1.0	1.5	2.0	1.0	2.0	1.0	2.0	2.0	2.0	5.0	6	0.5	0.0	1.0	2.0	1.5	1.0	4.0	5	0.0	1.5	0.0	1.5	1.0	6.9	16
2026-09-07	BMY.L	623.0	7.0	8	1.5	2.0	1.0	1.0	1.0	2.0	1.0	1.0	1.0	2.0	2.0	4.6	4	1.0	1.0	1.0	1.0	1.0	0.5	1.5	4	0.0	0.5	0.0	0.0	1.0	6.3	12
2026-09-07	BN.PA	63.720001220703125	5.5	7	1.5	2.0	1.0	1.0	0.0	2.0	1.0	1.0	1.0	1.5	0.0	5.4	4	1.5	1.0	1.0	1.0	1.0	1.0	3.0	4	0.0	1.0	0.0	1.0	1.0	5.5	11
2026-09-07	BN.US	40.310001373291016	5.9	7	2.0	2.0	1.0	1.0	0.0	2.0	1.0	1.0	0.5	1.5	1.0	5.4	5	1.5	1.0	1.0	1.0	1.0	1.0	5.0	5	2.0	0.5	0.0	1.5	1.0	5.8	12
2026-09-07	BNB.BR	370.0														4.6	3	1.0	1.0	1.0	1.0	0.5	1.0	3.5	3	0.5	1.0	0.0	1.0	1.0	4.6	3
2026-09-07	BNGO	1.2000000476837158	6.1	9	1.5	2.0	1.0	1.0	1.0	2.0	2.0	1.0	0.0	0.0	2.0	5.8	4	1.0	1.0	1.0	2.0	0.0	2.0	5.0	5	1.5	1.5	0.0	0.0	2.0	6.0	13
2026-09-07	BNJ.NV	8.579999923706055	5.7	8	1.5	2.0	1.0	1.0	1.0	2.0	1.0	1.0	2.0	0.0	0.0	5.8	4	1.0	1.0	1.0	1.0	1.0	2.0	3.5	4	0.0	0.5	0.0	2.0	1.0	5.7	12
2026-09-07	BNL	20.809999465942383	6.4	9	1.5	1.5	1.0	0.5	1.0	1.5	1.5	1.0	0.5	2.0	2.0	5.4	6	0.5	2.0	1.0	0.0	2.0	1.0	3.5	5	1.0	0.0	0.0	1.0	1.5	6.1	15
2026-09-07	BNN.DE	2.569999933242798														2.9	3	1.0	1.0	0.5	1.0	0.0	0.0	5.0	3	0.5	0.5	2.0	1.0	1.0	2.9	3
2026-09-07	BNP.PA	104.54000091552734	6.4	8	2.0	1.5	1.0	1.0	1.0	1.5	1.5	1.5	1.0	1.0	1.0	7.5	5	2.0	1.0	1.0	1.5	2.0	1.5	4.0	3	1.0	1.0	0.0	1.0	1.0	6.7	13
2026-09-07	BNR.DE	61.15999984741211	5.9	9	1.0	1.0	1.0	1.0	2.0	2.0	0.0	0.5	1.0	1.5	2.0	6.2	5	1.5	1.0	1.0	1.5	1.0	1.5	3.0	4	0.5	0.5	0.0	1.0	1.0	6.0	14
2026-09-07	BNS	93.81999969482422	7.3	8	1.5	1.5	1.0	1.0	2.0	2.0	1.5	2.0	1.0	1.5	1.0	7.1	5	1.5	1.0	1.0	1.5	2.0	1.5	5.0	4	1.5	1.5	0.0	1.0	1.0	7.2	13
2026-09-07	BNTX	103.76000213623047	5.7	10	2.0	2.0	1.0	1.5	2.0	2.0	0.0	0.5	0.0	0.5	1.0	5.8	6	2.0	2.0	1.0	2.0	0.0	0.0	2.0	5	1.5	0.0	0.0	0.0	0.5	5.7	16
2026-09-07	BNY	164.83999633789062	7.5	8	1.5	1.0	1.0	2.0	2.0	2.0	2.0	1.0	1.0	2.0	1.0	6.7	6	1.5	0.0	1.0	2.0	2.0	1.5	4.0	4	1.0	2.0	0.0	1.0	0.0	7.3	14
2026-09-07	BNZL.L	2658.0	6.1	8	1.5	1.5	1.0	1.0	1.0	2.0	1.0	0.0	1.5	2.0	1.0	5.0	4	1.0	1.0	1.0	1.0	1.0	1.0	2.5	4	0.0	0.5	0.0	1.0	1.0	5.8	12
2026-09-07	BO.CO	10.199999809265137														3.8	4	0.5	1.0	1.0	1.0	0.5	0.5	3.5	4	1.5	0.5	0.0	0.5	1.0	3.8	4
2026-09-07	BOBS	17.639999389648438	6.4	8	2.0	1.5	1.0	0.0	1.5	2.0	2.0	1.0	1.0	2.0	0.0	4.6	6	1.0	1.0	1.0	0.5	1.0	1.0	3.5	4	1.0	0.0	0.0	1.5	1.0	5.9	14
2026-09-07	BOC	13.760000228881836														4.2	3	1.0	1.0	1.0	1.0	0.0	1.0	3.0	5	0.5	0.5	0.0	0.0	2.0	4.2	3
2026-09-07	BOE.ASX	1.534999966621399	5.0	8	1.0	1.0	1.0	1.0	2.0	0.0	1.0	0.5	0.5	2.0	1.0	5.0	4	0.0	1.0	1.0	1.0	1.0	2.0	1.0	4	0.0	0.0	0.0	0.0	1.0	5.0	12
2026-09-07	BOH	77.19000244140625	6.8	8	1.0	1.5	1.0	2.0	1.0	2.0	1.5	1.0	1.0	2.0	1.0	6.7	6	1.0	2.0	1.0	0.5	2.0	1.5	2.0	4	0.5	0.5	0.0	1.0	0.0	6.8	14
2026-09-07	BOI.PA	26.0														4.6	4	1.0	1.0	1.0	1.0	1.0	0.5	1.5	4	0.0	0.5	0.0	0.0	1.0	4.6	4
2026-09-07	BOKF	136.6999969482422	5.7	9	1.0	1.5	1.0	1.0	1.0	2.0	2.0	0.0	1.0	1.0	1.0	5.8	6	1.5	0.0	1.0	1.0	2.0	1.5	4.5	4	0.5	0.5	1.0	1.0	1.5	5.7	15
2026-09-07	BOKU.L	112.0	6.1	7	1.5	2.0	1.0	1.0	0.0	2.0	1.0	1.0	1.0	2.0	1.0	5.4	4	0.5	1.0	1.0	1.0	1.0	2.0	2.0	4	0.0	1.0	0.0	0.0	1.0	5.9	11
2026-09-07	BOL.PA	3.8239998817443848														3.8	4	0.0	1.0	1.0	1.0	1.5	0.0	3.0	4	0.5	1.5	0.0	0.0	1.0	3.8	4
2026-09-07	BOL.ST	547.5999755859375	7.0	9	1.0	1.0	1.0	1.0	2.0	1.0	2.0	1.5	1.5	1.5	2.0	6.2	5	0.5	1.0	1.0	2.0	1.5	1.5	2.0	4	1.0	0.0	0.0	0.0	1.0	6.8	14
2026-09-07	BON.PA	8.579999923706055														5.0	4	1.5	1.0	1.0	1.0	1.0	0.5	2.5	4	0.0	0.5	0.0	1.0	1.0	5.0	4
2026-09-07	BONEX.ST	228.0														4.6	5	0.0	1.0	1.0	0.0	1.5	2.0	1.0	4	0.0	0.0	0.0	0.0	1.0	4.6	5
2026-09-07	BOOM	6.96999979019165	6.6	9	1.0	1.5	1.0	2.0	2.0	2.0	0.0	1.0	0.0	2.0	2.0	5.4	6	2.0	0.0	1.0	2.0	0.5	1.0	2.0	5	1.5	0.0	0.0	0.0	0.5	6.2	15
2026-09-07	BOOT	154.2899932861328	6.8	10	2.0	2.0	1.0	0.5	0.0	1.5	1.5	1.0	1.5	2.0	2.0	4.6	6	1.0	0.0	1.0	0.5	1.5	1.5	3.5	5	1.5	0.5	0.0	0.5	1.0	6.1	16
2026-09-07	BOOT.L	150.0	5.0	7	1.5	2.0	1.0	1.0	0.0	1.5	1.0	1.0	0.5	0.5	1.0	5.8	3	2.0	1.0	1.0	1.0	1.0	1.0	2.0	4	0.0	1.0	0.0	0.0	1.0	5.2	10
2026-09-07	BOQ.ASX	6.630000114440918	5.2	7	1.0	0.5	1.0	1.0	2.0	1.5	1.0	1.0	0.5	1.0	1.0	4.2	4	0.0	1.0	1.0	1.0	1.0	1.0	2.5	3	0.5	0.0	0.0	1.0	1.0	4.9	11
2026-09-07	BOR.L	10.050000190734863														3.8	2	1.0	1.0	0.0	1.0	0.5	1.0	5.0	3	1.0	0.0	2.0	1.0	1.0	3.8	2
2026-09-07	BORR	4.539999961853027	5.9	10	1.0	2.0	1.0	0.5	1.0	2.0	0.5	1.0	0.0	2.0	2.0	2.5	5	1.0	1.0	1.0	0.0	0.0	0.0	4.5	5	1.0	0.0	0.0	2.0	1.5	4.9	15
2026-09-07	BOSS.DE	38.79999923706055	6.8	8	1.0	1.0	1.0	1.0	2.0	2.0	2.0	1.0	1.0	1.0	2.0	3.3	5	0.5	1.0	1.0	0.0	1.0	0.5	2.0	4	0.5	0.0	0.0	0.5	1.0	5.8	13
2026-09-07	BOWL.L	281.5	6.1	8	1.5	2.0	1.0	1.0	1.0	1.5	1.0	1.0	1.5	2.0	0.0	5.8	4	1.5	1.0	1.0	1.0	1.5	1.0	3.0	4	0.0	0.0	1.0	1.0	1.0	6.0	12
2026-09-07	BOX	35.189998626708984	5.7	10	1.0	1.0	1.0	0.5	2.0	2.0	2.0	1.0	0.0	2.0	0.0	6.2	6	2.0	2.0	1.0	1.0	0.0	1.5	6.0	5	1.5	1.5	0.0	2.0	1.0	5.8	16
2026-09-07	BOY.L	948.5	6.1	8	2.0	1.0	1.0	1.0	1.5	2.0	1.0	0.0	1.0	2.0	1.0	4.6	4	0.5	1.0	1.0	1.0	1.0	1.0	5.0	4	1.5	2.0	0.0	0.5	1.0	5.6	12
2026-09-07	BP.L	539.7000122070312	6.8	9	2.0	1.5	1.0	1.0	2.0	1.5	2.0	1.0	1.0	1.0	1.0	7.5	5	2.0	1.0	1.0	2.0	1.0	2.0	2.5	4	0.0	0.5	0.0	1.0	1.0	7.0	14
2026-09-07	BP.US	43.810001373291016	6.8	10	1.0	1.5	1.0	2.0	2.0	1.5	2.0	1.5	1.0	0.5	1.0	7.5	6	2.0	1.0	1.0	2.0	1.0	2.0	1.5	5	0.0	0.5	0.0	1.0	0.0	7.0	16
2026-09-07	BPE.MI	14.270000457763672	7.0	8	1.5	1.5	1.0	1.0	2.0	2.0	2.0	1.0	1.5	1.0	1.0	7.9	5	2.0	1.0	1.0	1.5	2.0	2.0	3.5	3	0.5	1.0	0.0	1.0	1.0	7.3	13
2026-09-07	BPMC CVR		5.0	0	1.0	1.0	1.0	1.0	1.0	1.0	1.0	1.0	1.0	1.0	1.0																5.0	0
2026-09-07	BPOP	171.32000732421875	7.5	8	2.0	1.5	1.0	1.5	1.0	2.0	2.0	1.0	1.5	2.0	1.0	6.2	6	1.5	0.0	1.0	2.0	2.0	1.0	4.5	4	0.5	1.0	1.0	1.0	1.0	7.1	14
2026-09-07	BPOST.BR	1.2940000295639038														4.2	3	1.0	1.0	1.0	1.0	0.5	0.5	5.5	4	0.5	2.0	0.0	2.0	1.0	4.2	3
2026-09-07	BPT.ASX	0.8700000047683716	4.5	7	0.5	1.0	1.0	1.0	0.0	1.5	1.0	1.0	1.0	1.0	1.0	4.6	5	2.0	1.0	1.0	0.0	1.5	0.0	2.0	4	0.0	1.0	0.0	0.0	1.0	4.5	12
2026-09-07	BPT.L	304.79998779296875	5.7	8	1.5	2.0	1.0	1.0	1.0	2.0	1.0	0.5	0.5	1.0	1.0	5.0	4	0.0	1.0	1.0	1.0	1.0	2.0	3.5	4	1.5	0.5	0.0	0.5	1.0	5.5	12
2026-09-07	BR	172.8800048828125	7.3	9	1.5	1.5	1.0	1.5	1.0	1.5	2.0	1.0	2.0	2.0	1.0	3.8	6	1.0	0.0	1.0	0.0	1.5	1.0	3.0	5	1.0	0.5	0.0	1.0	0.5	6.2	15
2026-09-07	BRAI	5.630000114440918	5.5	7	1.5	2.0	1.0	2.0	0.5	2.0	1.0	1.0	1.0	0.0	0.0	4.6	2	1.0	1.0	1.0	1.0	0.5	1.0	5.0	3	1.0	1.5	1.0	1.0	0.5	5.2	9
2026-09-07	BRAV.ST	140.0														6.7	5	2.0	1.0	1.0	2.0	1.0	1.0	5.0	4	1.0	1.5	1.0	0.5	1.0	6.7	5
2026-09-07	BRBR	10.390000343322754	5.5	9	1.5	2.0	1.0	0.5	0.0	1.0	0.0	1.0	1.0	2.0	2.0	5.8	6	2.0	2.0	1.0	0.0	1.0	1.0	3.0	4	0.0	1.5	0.0	1.0	0.5	5.6	15
2026-09-07	BRBY.L	1103.5	5.9	8	1.0	1.5	1.0	1.0	1.0	1.0	1.0	1.5	0.5	1.5	2.0	5.8	4	2.0	1.0	1.0	1.0	1.0	1.0	3.5	4	0.5	0.5	0.0	1.5	1.0	5.9	12
2026-09-07	BRC	90.20999908447266	7.7	10	1.5	1.5	1.0	2.0	1.0	2.0	1.5	1.0	1.5	2.0	2.0	7.1	6	1.0	2.0	1.0	2.0	1.5	1.0	2.0	5	0.5	0.5	0.0	0.0	1.0	7.5	16
2026-09-07	BRCB	9.579999923706055	5.5	9	1.0	1.5	1.0	1.0	1.0	1.5	2.0	1.0	0.0	2.0	0.0	5.0	5	1.0	1.0	1.0	0.0	1.0	2.0	4.5	4	1.0	1.0	0.0	1.5	1.0	5.3	14
2026-09-07	BRCC	8.75	5.2	9	1.5	2.0	1.0	1.5	0.0	0.0	2.0	1.0	0.0	1.5	1.0	5.8	4	1.0	2.0	1.0	1.0	0.5	1.5	3.5	5	1.5	0.5	0.0	0.5	1.0	5.4	13
2026-09-07	BRCK.L	48.95000076293945	5.7	7	1.5	2.0	1.0	1.0	0.0	2.0	1.0	1.0	0.5	1.5	1.0	3.8	4	0.0	1.0	1.0	1.0	1.0	0.5	2.5	4	0.0	0.0	1.0	0.5	1.0	5.1	11
2026-09-07	BRE.MI	10.069999694824219	6.4	8	1.5	2.0	1.0	1.0	1.0	2.0	2.0	1.0	1.0	0.5	1.0	5.8	4	2.0	1.0	1.0	1.0	1.0	1.0	2.5	4	1.0	0.0	0.0	0.5	1.0	6.2	12
2026-09-07	BREB.BR	104.80000305175781														6.2	4	0.5	1.0	1.0	1.0	2.0	2.0	3.5	3	0.5	0.0	1.0	1.0	1.0	6.2	4
2026-09-07	BRG.ASX	32.06999969482422	6.4	8	1.5	1.5	1.0	1.0	1.0	2.0	1.0	1.0	1.0	1.0	2.0	4.6	4	0.5	1.0	1.0	1.0	1.0	1.0	3.0	4	1.5	0.5	0.0	0.0	1.0	5.9	12
2026-09-07	BRK.L	1565.0	6.4	7	1.0	1.0	1.0	1.0	1.5	2.0	1.0	1.0	0.5	2.0	2.0	4.2	3	0.0	1.0	1.0	1.0	1.0	1.0	2.0	3	1.0	0.0	0.0	0.0	1.0	5.7	10
2026-09-07	BRKR	58.5	6.1	10	1.5	1.0	1.0	0.5	1.0	1.5	2.0	1.0	0.0	2.0	2.0	4.6	6	1.0	2.0	1.0	0.0	0.5	1.0	4.0	5	1.5	1.0	0.0	0.5	1.0	5.6	16
2026-09-07	BRN.ASX	0.125														5.0	3	1.0	1.0	1.0	1.0	0.5	1.5	2.5	4	0.0	1.5	0.0	0.0	1.0	5.0	3
2026-09-07	BRNK.DE	0.6000000238418579														2.5	4	0.0	1.0	1.0	1.0	0.0	0.0	5.5	4	1.0	2.0	0.0	1.5	1.0	2.5	4
2026-09-07	BRO	71.41999816894531	6.6	10	1.5	1.5	1.0	1.0	2.0	1.5	1.5	0.5	1.0	2.0	1.0	7.1	6	1.0	2.0	1.0	1.0	1.5	2.0	2.0	5	0.5	0.0	0.0	0.5	1.0	6.7	16
2026-09-07	BROS	46.58000183105469	5.7	10	2.0	2.0	1.0	0.0	0.0	1.5	2.0	0.0	1.0	2.0	1.0	4.6	6	1.0	0.0	1.0	0.5	1.0	2.0	5.5	5	2.0	1.5	0.0	1.0	1.0	5.4	16
2026-09-07	BRSL	11.300000190734863	6.6	9	1.5	1.5	1.0	1.5	1.0	1.5	2.0	1.0	1.5	1.0	1.0	3.8	6	1.5	0.0	1.0	0.0	1.5	0.5	4.5	5	1.0	1.0	0.0	1.5	1.0	5.8	15
2026-09-07	BRSP	4.679999828338623	5.5	9	1.5	2.0	1.0	1.5	0.0	2.0	0.5	1.0	0.0	1.5	1.0	3.3	5	1.0	1.0	1.0	0.0	0.5	0.5	5.5	5	1.5	1.5	0.0	2.0	0.5	4.8	14
2026-09-07	BRT	14.350000381469727	6.1	9	1.0	1.5	1.0	1.5	0.0	2.0	0.5	1.0	1.5	1.5	2.0	5.8	5	2.0	1.0	1.0	0.5	2.0	0.5	4.5	5	0.5	0.5	0.0	2.0	1.5	6.0	14
2026-09-07	BRVE	26.739999771118164	6.1	6	2.0	2.0	1.0	1.0	1.0	2.0	1.0	1.0	1.0	0.5	1.0	4.6	2	1.0	1.0	1.0	1.0	0.5	1.0	1.5	4	1.0	0.5	0.0	0.0	0.0	5.6	8
2026-09-07	BRX	29.149999618530273	5.7	10	2.0	2.0	1.0	1.0	0.0	2.0	0.5	1.0	1.0	2.0	0.0	4.2	6	1.0	0.0	1.0	0.0	2.0	1.0	4.0	5	1.0	0.0	0.0	1.5	1.5	5.2	16
2026-09-07	BRZE	31.959999084472656	6.6	10	2.0	1.5	1.0	0.5	2.0	1.5	2.0	1.0	0.0	2.0	1.0	5.8	6	1.0	2.0	1.0	1.0	0.0	2.0	3.0	5	1.0	0.5	0.0	0.0	1.5	6.4	16
2026-09-07	BSAC	35.66999816894531	6.6	8	1.5	1.5	1.0	2.0	2.0	1.5	1.5	1.0	1.5	0.0	1.0	5.8	5	0.5	1.0	1.0	0.5	2.0	2.0	2.5	4	0.0	1.0	0.0	1.0	0.5	6.4	13
2026-09-07	BSBR	5.960000038146973	4.8	7	0.5	0.5	1.0	1.0	2.0	2.0	0.5	1.0	1.0	0.0	1.0	7.5	6	2.0	2.0	1.0	0.0	2.0	2.0	2.5	4	0.0	0.0	1.0	1.0	0.5	5.6	13
2026-09-07	BSD.PA	5.639999866485596														7.1	4	1.5	1.0	1.0	1.0	2.0	2.0	3.0	4	0.5	1.0	0.0	0.5	1.0	7.1	4
2026-09-07	BSL.ASX	32.560001373291016	6.6	8	1.5	1.5	1.0	1.0	2.0	2.0	1.0	0.0	1.0	1.5	2.0	5.8	4	2.0	1.0	1.0	1.0	1.0	1.0	3.5	4	1.5	1.0	0.0	0.0	1.0	6.4	12
2026-09-07	BSL.DE	22.899999618530273	6.6	7	1.5	2.0	1.0	1.0	1.0	2.0	1.0	1.0	1.5	0.5	2.0	5.4	4	0.0	1.0	1.0	1.0	1.5	2.0	3.5	4	2.0	0.0	0.0	0.5	1.0	6.2	11
2026-09-07	BSM	14.649999618530273	7.0	9	1.0	1.5	1.0	2.0	2.0	2.0	1.5	1.0	2.0	0.5	1.0	5.0	6	1.5	0.0	1.0	0.0	2.0	1.5	2.0	5	0.0	0.5	0.0	0.0	1.5	6.4	15
2026-09-07	BSP	39.58000183105469	5.0	8	1.5	1.5	1.0	1.0	1.0	0.5	2.0	1.0	1.0	0.5	0.0	5.4	4	0.0	1.0	1.0	1.0	1.5	2.0	4.5	4	1.0	0.5	0.0	2.0	1.0	5.1	12
2026-09-07	BST.DE	6.900000095367432														5.4	4	1.5	1.0	1.0	1.0	1.0	1.0	1.5	4	0.0	0.5	0.0	0.0	1.0	5.4	4
2026-09-07	BSX.US	47.79999923706055	7.3	10	2.0	2.0	1.0	2.0	1.0	1.0	1.5	1.0	1.5	2.0	1.0	6.7	6	2.0	2.0	1.0	0.5	1.5	1.0	3.0	5	0.5	1.5	0.0	0.5	0.5	7.1	16
2026-09-07	BSY	33.709999084472656	5.9	9	2.0	2.0	1.0	1.0	0.0	1.5	1.5	1.0	1.5	1.5	0.0	5.0	6	1.5	0.0	1.0	0.5	1.5	1.5	4.5	5	1.0	1.0	0.0	1.0	1.5	5.6	15
2026-09-07	BTBT	1.6399999856948853	5.7	9	1.5	2.0	1.0	0.5	1.0	2.0	0.0	1.0	0.0	1.5	2.0	4.2	5	1.0	1.0	1.0	0.0	0.0	2.0	4.5	5	2.0	1.0	0.0	1.0	0.5	5.2	14
2026-09-07	BTDR	12.380000114440918	5.7	10	2.0	2.0	1.0	0.0	2.0	0.5	0.0	2.0	0.0	2.0	1.0	4.2	5	1.0	1.0	1.0	0.0	0.0	2.0	5.0	5	2.0	0.5	0.0	1.5	1.0	5.2	15
2026-09-07	BTG.L	107.5	5.7	7	1.5	2.0	1.0	1.0	0.0	2.0	1.0	1.0	1.0	1.0	1.0	5.4	4	1.0	1.0	1.0	1.0	1.0	1.5	2.0	4	0.0	1.0	0.0	0.0	1.0	5.6	11
2026-09-07	BTG.US	5.610000133514404	7.0	9	1.5	1.5	1.0	1.0	2.0	1.0	0.5	2.0	1.5	1.5	2.0	5.0	6	1.5	0.0	1.0	0.0	2.0	1.5	3.0	5	1.5	0.5	0.0	0.0	1.0	6.4	15
2026-09-07	BTGO	7.300000190734863	6.1	10	2.0	2.0	1.0	1.5	1.5	0.5	2.0	1.0	0.0	1.0	1.0	5.4	5	1.0	2.0	1.0	0.0	0.5	2.0	3.5	4	1.0	1.0	0.0	1.0	0.5	5.9	15
2026-09-07	BTI	55.349998474121094	5.5	9	1.5	2.0	1.0	2.0	0.0	2.0	1.0	1.0	1.0	0.5	0.0	7.1	5	1.5	2.0	1.0	1.0	2.0	1.0	1.0	5	0.0	0.5	0.0	0.5	0.0	6.0	14
2026-09-07	BTLS.BR	2.3499999046325684														3.8	3	1.0	1.0	1.0	1.0	0.5	0.0	3.0	4	1.5	0.5	0.0	0.0	1.0	3.8	3
2026-09-07	BTMCQ	0.019999999552965164														3.8	3	1.0	1.0	1.0	1.0	0.5	0.0	7.0	5	2.0	2.0	1.0	2.0	0.0	3.8	3
2026-09-07	BTMD	1.5449999570846558	5.9	8	1.5	2.0	1.0	1.5	0.0	1.0	1.5	1.0	1.0	1.5	1.0	4.2	6	1.5	1.0	1.0	0.0	1.0	0.5	4.5	4	1.5	1.0	0.0	1.0	1.0	5.4	14
2026-09-07	BTRW.L	304.29998779296875	5.9	8	2.0	1.5	1.0	1.0	1.0	1.5	1.0	1.0	0.5	1.5	1.0	6.2	4	2.0	1.0	1.0	1.0	1.0	1.5	2.5	4	1.5	0.0	0.0	0.0	1.0	6.0	12
2026-09-07	BTSG	60.72999954223633	7.7	9	2.0	2.0	1.0	1.0	1.0	2.0	2.0	1.0	1.0	2.0	2.0	6.7	6	0.0	2.0	1.0	2.0	1.0	2.0	4.0	5	2.0	0.5	0.0	1.0	0.5	7.4	15
2026-09-07	BTU	28.850000381469727	5.2	9	1.5	1.0	1.0	0.5	1.0	1.5	0.0	1.0	0.0	2.0	2.0	4.2	5	1.0	1.0	1.0	0.0	0.5	1.5	1.0	5	0.0	0.0	0.0	0.0	1.0	4.9	14
2026-09-07	BUCN.ZU	332.5	5.0	8	1.0	1.0	1.0	1.0	0.5	2.0	1.0	0.0	1.0	0.5	2.0	4.6	4	1.0	1.0	1.0	1.0	1.0	0.5	2.5	4	1.0	0.5	0.0	0.0	1.0	4.9	12
2026-09-07	BUD	80.3499984741211	5.9	10	1.5	2.0	1.0	2.0	1.0	2.0	1.5	1.0	1.0	0.0	0.0	5.8	6	1.0	1.0	1.0	1.0	1.5	1.5	3.5	5	0.5	0.5	1.0	0.5	1.0	5.9	16
2026-09-07	BUFAB.ST	137.1999969482422														5.8	5	0.5	1.0	1.0	2.0	1.0	1.5	5.0	4	1.5	1.5	0.0	1.0	1.0	5.8	5
2026-09-07	BULL	9.739999771118164	6.6	10	1.5	2.0	1.0	1.0	2.0	2.0	2.0	0.0	0.5	1.5	1.0	6.7	6	1.0	1.0	1.0	2.0	1.0	2.0	1.5	5	0.5	0.0	0.0	0.0	1.0	6.6	16
2026-09-07	BUR	4.349999904632568	5.7	9	1.5	2.0	1.0	1.0	1.0	2.0	0.0	1.0	0.0	2.0	1.0	2.9	4	1.0	1.0	1.0	0.0	0.5	0.0	5.5	5	1.0	1.5	0.0	1.5	1.5	4.9	13
2026-09-07	BUR.PA	394.0														3.8	4	0.0	1.0	1.0	1.0	1.0	0.5	2.5	4	0.5	0.0	0.0	1.0	1.0	3.8	4
2026-09-07	BURE.ST	312.79998779296875														6.2	3	1.5	1.0	1.0	1.0	2.0	1.0	3.5	4	1.5	1.0	0.0	0.0	1.0	6.2	3
2026-09-07	BURL	265.3299865722656	6.8	9	1.5	2.0	1.0	1.0	0.0	1.5	2.0	1.0	2.0	2.0	1.0	6.2	6	2.0	2.0	1.0	0.0	1.0	1.5	6.5	5	1.5	1.0	1.0	2.0	1.0	6.6	15
2026-09-07	BUSE	30.65999984741211	7.3	8	2.0	1.5	1.0	1.5	2.0	2.0	1.5	1.0	1.0	1.5	1.0	5.0	6	1.0	0.0	1.0	1.5	2.0	0.5	3.5	4	0.5	1.0	0.0	1.0	1.0	6.6	14
2026-09-07	BV.US	11.359999656677246	4.8	9	1.5	2.0	1.0	0.0	0.0	1.5	0.0	1.0	0.5	2.0	1.0	5.4	6	1.5	2.0	1.0	0.0	1.0	1.0	3.0	5	1.0	0.5	0.0	0.5	1.0	5.0	15
2026-09-07	BVB.DE	3.240000009536743														3.3	4	0.5	1.0	1.0	1.0	0.5	0.0	2.0	4	1.0	0.0	0.0	0.0	1.0	3.3	4
2026-09-07	BVC.L	11.75														3.3	3	1.0	1.0	1.0	1.0	0.0	0.0	3.5	4	0.5	2.0	0.0	0.0	1.0	3.3	3
2026-09-07	BVI.PA	27.200000762939453	6.6	8	1.5	1.5	1.0	1.0	1.0	1.5	1.0	1.0	2.0	2.0	1.0	5.0	4	1.0	1.0	1.0	1.0	1.0	1.0	3.0	4	0.5	0.0	0.0	1.5	1.0	6.1	12
2026-09-07	BVN	33.900001525878906	8.2	9	1.5	1.5	1.0	1.5	2.0	2.0	2.0	1.0	2.0	1.5	2.0	7.1	6	1.5	2.0	1.0	0.0	2.0	2.0	1.0	5	0.0	0.0	0.0	0.0	1.0	7.9	15
2026-09-07	BVR.ASX	0.375														5.4	3	1.0	1.0	1.0	1.0	0.5	2.0	2.5	4	0.5	1.0	0.0	0.0	1.0	5.4	3
2026-09-07	BVS	14.069999694824219	8.6	9	1.5	2.0	1.0	1.5	2.0	2.0	2.0	1.0	2.0	2.0	2.0	4.2	6	1.0	1.0	1.0	0.0	1.0	1.0	3.0	5	0.5	1.0	0.0	1.0	0.5	7.3	15
2026-09-07	BVXP.L	1705.0														5.8	4	1.5	1.0	1.0	1.0	2.0	0.5	3.0	3	0.5	0.5	0.0	1.0	1.0	5.8	4
2026-09-07	BW	7.099999904632568	6.4	8	1.5	2.0	1.0	0.5	0.0	2.0	2.0	1.0	1.0	2.0	1.0	5.4	5	1.0	2.0	1.0	0.0	0.5	2.0	4.5	5	1.0	0.5	0.0	2.0	1.0	6.1	13
2026-09-07	BWA	67.54000091552734	8.4	10	2.0	1.5	1.0	1.5	2.0	2.0	1.5	2.0	1.0	2.0	2.0	4.6	6	2.0	0.0	1.0	0.5	1.0	1.0	2.5	5	1.0	0.5	0.0	0.5	0.5	7.3	16
2026-09-07	BWB	21.850000381469727	7.0	8	2.0	1.5	1.0	1.5	2.0	2.0	1.0	1.0	1.0	1.5	1.0	6.7	6	2.0	1.0	1.0	0.5	2.0	1.5	3.5	4	0.5	1.0	0.0	1.0	1.0	6.9	14
2026-09-07	BWB.DE	6.659999847412109														4.2	4	0.5	1.0	1.0	1.0	1.0	0.5	3.0	3	1.0	0.0	0.0	1.0	1.0	4.2	4
2026-09-07	BWIN	30.8799991607666	6.1	10	2.0	1.0	1.0	0.5	2.0	1.5	1.5	1.0	0.0	2.0	1.0	5.8	5	1.0	2.0	1.0	0.5	0.5	2.0	5.0	5	1.0	1.0	0.0	1.5	1.5	6.0	15
2026-09-07	BWMN	42.43000030517578	5.7	9	1.0	1.0	1.0	1.0	1.5	2.0	2.0	1.0	0.5	1.5	0.0	5.8	6	0.0	2.0	1.0	1.5	1.0	1.5	4.0	5	1.5	1.0	0.0	1.0	0.5	5.7	15
2026-09-07	BWMX	15.739999771118164														5.8	5	2.0	1.0	1.0	0.5	1.0	1.5	3.5	5	1.0	0.0	0.0	2.0	0.5	5.8	5
2026-09-07	BWP.ASX	3.690000057220459	5.7	8	1.5	1.5	1.0	1.0	0.0	2.0	1.0	2.0	1.0	0.5	1.0	5.0	4	0.0	1.0	1.0	1.0	2.0	1.0	2.0	4	0.5	0.5	0.0	0.0	1.0	5.5	12
2026-09-07	BWXT	157.58999633789062	8.0	10	2.0	2.0	1.0	1.5	0.0	1.5	2.0	1.5	2.0	2.0	2.0	4.6	6	1.0	0.0	1.0	0.5	1.5	1.5	4.0	5	0.5	1.0	0.0	1.5	1.0	7.0	16
2026-09-07	BWY.L	2100.0	6.4	8	2.0	1.5	1.0	1.0	1.0	2.0	1.0	1.0	0.5	2.0	1.0	5.4	4	1.5	1.0	1.0	1.0	1.0	1.0	3.0	4	1.5	0.5	0.0	0.0	1.0	6.1	12
2026-09-07	BX	136.14999389648438	6.8	10	1.5	1.0	1.0	1.5	2.0	1.5	2.0	0.5	2.0	2.0	0.0	7.1	6	1.5	2.0	1.0	0.0	2.0	2.0	3.0	5	1.5	0.0	0.0	0.5	1.0	6.9	16
2026-09-07	BXB.ASX	19.299999237060547	5.2	8	1.5	1.5	1.0	1.0	0.0	1.5	1.0	1.0	2.0	1.0	0.0	5.0	3	0.5	1.0	1.0	1.0	1.5	1.0	2.5	4	0.0	0.5	0.0	1.0	1.0	5.1	11
2026-09-07	BXC	81.80999755859375	6.6	9	1.5	1.0	1.0	1.0	2.0	2.0	2.0	1.0	0.0	2.0	1.0	6.2	6	1.0	2.0	1.0	2.0	0.5	1.0	3.5	5	1.5	0.5	0.0	1.0	0.5	6.5	15
2026-09-07	BXDC	20.329999923706055	6.6	7	1.5	1.5	1.0	1.0	0.5	2.0	2.0	1.0	1.0	2.0	1.0	4.6	2	1.0	1.0	1.0	1.0	0.5	1.0	3.0	3	1.0	0.5	0.0	1.0	0.5	6.0	9
2026-09-07	BXMT	14.199999809265137	5.0	9	1.5	1.5	1.0	1.0	0.0	2.0	0.0	1.0	0.5	1.5	1.0	3.3	6	1.0	1.0	1.0	0.0	1.0	0.0	5.5	5	1.0	1.5	0.0	2.0	1.0	4.5	15
2026-09-07	BXP	67.69000244140625	5.2	10	1.5	1.5	1.0	1.0	1.0	1.5	0.0	1.0	1.0	2.0	0.0	4.6	6	0.5	0.0	1.0	2.0	1.0	1.0	4.0	5	1.0	0.0	0.0	1.5	1.5	5.0	16
2026-09-07	BXSL	24.719999313354492	5.7	10	1.5	1.0	1.0	1.0	1.0	2.0	1.5	1.0	0.5	1.0	1.0	6.2	6	1.0	2.0	1.0	1.0	2.0	0.5	3.0	5	0.0	0.5	0.0	1.0	1.5	5.8	16
2026-09-07	BXT.DE	0.20999999344348907														5.4	2	1.0	1.0	2.0	1.0	0.5	1.0	7.0	3	1.5	1.5	2.0	1.0	1.0	5.4	2
2026-09-07	BY	38.849998474121094	7.0	8	1.0	1.5	1.0	1.5	2.0	2.0	2.0	1.0	1.0	1.5	1.0	6.7	6	1.5	1.0	1.0	1.0	2.0	1.5	4.0	4	0.5	1.5	0.0	1.0	1.0	6.9	14
2026-09-07	BYD	78.0199966430664	5.7	10	1.0	1.5	1.0	1.0	0.0	2.0	1.5	0.5	2.0	2.0	0.0	3.8	6	0.5	0.0	1.0	0.5	2.0	0.5	4.0	5	1.0	1.0	0.0	1.0	1.0	5.1	16
2026-09-07	BYG.L	829.0	4.3	8	1.0	1.5	1.0	1.0	0.0	1.5	1.0	0.0	0.5	2.0	0.0	5.0	4	0.0	1.0	1.0	1.0	2.0	1.0	3.5	4	1.0	1.5	0.0	0.0	1.0	4.5	12
2026-09-07	BYIT.L	422.6000061035156	5.9	8	0.5	0.5	1.0	1.0	2.0	2.0	1.0	0.0	2.0	2.0	1.0	5.8	4	1.0	1.0	1.0	1.0	2.0	1.0	2.5	4	0.5	1.0	0.0	0.0	1.0	5.9	12
2026-09-07	BYND	11.789999961853027	3.9	8	0.5	0.5	1.0	0.0	0.0	2.0	0.0	1.0	1.0	0.5	2.0	4.2	6	0.0	0.0	1.0	1.5	2.0	0.5	7.0	5	2.0	2.0	0.0	2.0	1.0	4.0	14
2026-09-07	BYW.DE	8.760000228881836														5.4	3	2.0	1.0	1.0	1.0	0.5	1.0	3.0	3	0.0	1.0	0.0	1.0	1.0	5.4	3
2026-09-07	BYW6.DE	2.5999999046325684														5.4	3	2.0	1.0	1.0	1.0	0.5	1.0	3.5	3	0.0	1.5	0.0	1.0	1.0	5.4	3
2026-09-07	BZ	16.920000076293945	7.5	9	1.5	2.0	1.0	1.0	2.0	2.0	1.5	1.0	1.5	2.0	1.0	7.5	6	1.0	2.0	1.0	1.5	2.0	1.5	2.0	5	0.0	0.5	0.0	0.0	1.5	7.5	15
2026-09-07	BZH	33.2599983215332	6.4	9	1.0	1.0	1.0	1.0	2.0	2.0	2.0	1.0	0.0	2.0	1.0	2.9	6	1.5	0.0	1.0	0.0	0.5	0.5	5.0	5	2.0	1.5	0.0	1.0	0.5	5.3	15
2026-09-07	BZU.MI	40.7400016784668	5.0	7	1.0	1.5	1.0	1.0	0.0	2.0	1.0	1.0	1.0	0.5	1.0	6.2	4	2.0	1.0	1.0	1.0	1.5	1.0	3.0	4	1.0	1.0	0.0	0.0	1.0	5.4	11
2026-09-07	BZUN	2.869999885559082	6.8	8	1.5	2.0	1.0	2.0	2.0	2.0	1.0	1.0	0.0	0.5	2.0	5.4	4	2.0	1.0	1.0	1.0	0.5	1.0	2.0	5	0.5	0.5	0.0	0.5	0.5	6.4	12
2026-09-07	C	137.72000122070312	7.5	8	2.0	1.5	1.0	2.0	2.0	1.5	1.5	1.0	1.0	2.0	1.0	5.8	6	2.0	0.0	1.0	0.5	2.0	1.5	3.0	4	1.0	1.0	0.0	1.0	0.0	7.0	14
2026-09-07	C1V0.DE	7.949999809265137														2.5	4	0.0	1.0	1.0	1.0	0.0	0.0	6.5	4	1.5	1.0	2.0	1.0	1.0	2.5	4
2026-09-07	C3R.DE	1.2300000190734863														3.3	3	1.0	1.0	1.0	1.0	0.0	0.0	4.0	4	1.0	1.0	0.0	1.0	1.0	3.3	3
2026-09-07	CA.PA	16.405000686645508	4.5	7	1.0	0.5	1.0	1.0	2.0	0.5	1.0	1.0	1.0	1.0	0.0	5.8	4	2.0	1.0	1.0	1.0	1.0	1.0	3.5	4	0.5	0.5	0.0	1.5	1.0	4.9	11
2026-09-07	CA1.DE	2.25														5.4	3	1.0	1.0	1.0	1.0	0.5	2.0	3.5	4	1.0	1.5	0.0	0.0	1.0	5.4	3
2026-09-07	CAAP	24.40999984741211	6.8	9	1.5	2.0	1.0	1.5	0.0	2.0	2.0	1.0	1.5	0.5	2.0	6.2	6	1.5	2.0	1.0	0.0	1.5	1.5	2.5	5	0.5	0.0	0.0	0.5	1.5	6.6	15
2026-09-07	CABA	3.4700000286102295	6.1	9	2.0	2.0	1.0	0.0	2.0	1.0	1.5	1.0	0.0	2.0	1.0	5.0	4	1.0	1.0	1.0	1.5	0.5	1.0	4.5	5	2.0	0.5	0.0	0.0	2.0	5.8	13
2026-09-07	CABK.MC	13.515000343322754	5.9	8	1.5	1.0	1.0	1.0	2.0	2.0	1.5	0.0	1.5	0.5	1.0	7.1	5	2.0	1.0	1.0	1.0	2.0	1.5	4.0	3	0.0	2.0	0.0	1.0	1.0	6.3	13
2026-09-07	CABO	25.469999313354492	4.5	9	0.5	2.0	1.0	0.5	0.0	2.0	1.0	1.0	0.0	2.0	0.0	2.9	5	1.0	1.0	1.0	0.0	0.0	0.5	5.0	5	0.0	2.0	0.0	2.0	1.0	4.0	14
2026-09-07	CABP.L	84.4000015258789														5.8	4	1.5	1.0	1.0	1.0	2.0	0.5	3.0	4	1.5	0.5	0.0	0.0	1.0	5.8	4
2026-09-07	CAC	58.16999816894531	7.0	8	1.5	1.0	1.0	1.5	2.0	2.0	1.5	1.0	1.0	2.0	1.0	7.9	6	1.5	2.0	1.0	1.0	2.0	2.0	4.5	4	0.5	1.5	0.0	1.0	1.5	7.3	14
2026-09-07	CACC	604.719970703125	6.6	9	1.0	1.0	1.0	0.0	2.0	2.0	1.5	1.0	2.0	2.0	1.0	5.0	6	1.0	0.0	1.0	1.0	2.0	1.0	5.5	5	1.5	0.5	0.0	2.0	1.5	6.1	15
2026-09-07	CACI	623.6099853515625	7.5	9	2.0	1.5	1.0	1.0	2.0	2.0	2.0	1.0	1.0	2.0	1.0	4.6	6	0.0	2.0	1.0	0.0	1.0	1.5	3.0	5	0.5	0.5	0.0	1.0	1.0	6.6	15
2026-09-07	CAE	24.40999984741211	5.7	8	1.5	2.0	1.0	1.0	0.0	1.0	2.0	1.0	1.0	2.0	0.0	6.7	6	1.0	2.0	1.0	2.0	1.0	1.0	4.0	5	1.0	1.0	0.0	0.5	1.5	6.0	14
2026-09-07	CAF.MC	74.5999984741211														6.2	4	1.5	1.0	1.0	1.0	1.0	2.0	4.0	4	0.5	1.5	0.0	1.0	1.0	6.2	4
2026-09-07	CAF.PA	114.23999786376953														5.4	4	0.0	1.0	1.0	1.0	2.0	1.5	2.0	3	0.0	0.0	0.0	1.0	1.0	5.4	4
2026-09-07	CAG	15.479999542236328	4.5	10	0.5	0.5	1.0	0.5	1.0	2.0	1.5	1.0	0.0	2.0	0.0	3.3	6	0.0	2.0	1.0	0.0	0.0	1.0	1.5	5	0.0	0.0	0.0	1.0	0.5	4.1	16
2026-09-07	CAH	247.17999267578125	7.3	8	2.0	1.5	1.0	1.5	2.0	2.0	2.0	1.0	1.0	2.0	0.0	6.7	6	1.5	2.0	1.0	1.5	1.0	1.0	3.5	4	0.5	1.5	0.0	1.0	0.5	7.1	14
2026-09-07	CAI	25.06999969482422	6.4	10	1.5	1.0	1.0	0.5	2.0	1.0	2.0	1.0	1.5	1.5	1.0	6.2	6	2.0	1.0	1.0	0.0	1.5	2.0	2.5	4	1.0	0.0	0.0	0.5	1.0	6.3	16
2026-09-07	CAJPY	29.6200008392334														4.6	4	0.5	1.0	1.0	1.0	1.0	1.0	1.0	5	0.0	0.0	0.0	0.5	0.5	4.6	4
2026-09-07	CAKE.US	107.58000183105469	6.1	10	1.5	0.5	1.0	0.0	2.0	1.5	1.5	1.5	2.0	2.0	0.0	5.0	6	1.0	0.0	1.0	2.0	1.0	1.0	5.0	5	1.0	1.0	0.0	2.0	1.0	5.8	16
2026-09-07	CAL	12.430000305175781														5.4	5	2.0	1.0	1.0	0.5	1.0	1.0	3.5	5	0.5	0.0	0.0	1.5	1.5	5.4	5
2026-09-07	CALM	74.62999725341797	5.0	9	1.0	1.5	1.0	0.5	0.0	2.0	0.0	1.0	1.0	2.0	1.0	4.6	6	1.0	2.0	1.0	0.0	1.5	0.0	3.5	4	0.0	1.5	0.0	1.0	1.0	4.9	15
2026-09-07	CALX.US	35.959999084472656	6.8	9	2.0	2.0	1.0	1.0	0.0	1.0	2.0	1.0	1.0	2.0	2.0	3.8	6	0.5	0.0	1.0	0.0	1.0	2.0	5.0	5	1.5	1.5	1.0	0.0	1.0	5.9	15
2026-09-07	CALY	15.899999618530273	7.0	9	1.5	2.0	1.0	1.5	1.0	2.0	2.0	1.0	0.5	2.0	1.0	5.8	6	2.0	1.0	1.0	2.0	0.0	1.0	2.0	5	1.0	0.0	0.0	0.0	1.0	6.6	15
2026-09-07	CAM.L	5950.0														5.4	3	2.0	1.0	1.0	1.0	0.5	1.0	1.5	4	0.0	0.5	0.0	0.0	1.0	5.4	3
2026-09-07	CAML.L	178.0	5.5	8	1.0	1.5	1.0	1.0	1.5	2.0	1.0	0.5	0.0	1.5	1.0	5.0	3	1.0	1.0	1.0	1.0	0.0	2.0	2.5	4	1.5	0.0	0.0	0.0	1.0	5.3	11
2026-09-07	CAMT	145.72000122070312	5.7	9	1.5	2.0	1.0	1.0	0.0	1.5	1.0	1.0	1.0	1.5	1.0	5.8	6	1.0	1.0	1.0	2.0	1.0	1.0	3.0	5	1.5	0.0	0.0	0.5	1.0	5.7	15
2026-09-07	CAMX.ST	587.0	5.9	9	1.5	2.0	1.0	1.0	1.0	2.0	0.0	1.0	1.5	1.0	1.0	5.8	5	0.0	1.0	1.0	2.0	2.0	1.0	1.5	4	0.5	0.0	0.0	0.0	1.0	5.9	14
2026-09-07	CAN	0.36000001430511475	5.0	9	1.5	2.0	1.0	1.0	1.0	2.0	0.0	1.0	0.0	0.5	1.0	3.3	4	1.0	1.0	1.0	1.0	0.0	0.0	4.5	5	2.0	1.0	0.0	0.0	1.5	4.5	13
2026-09-07	CAN.L	270.20001220703125	5.7	7	1.5	2.0	1.0	1.0	2.0	2.0	1.0	1.0	0.5	0.5	0.0	5.4	3	1.0	1.0	1.0	1.0	0.5	2.0	3.0	3	1.0	0.0	0.0	1.0	1.0	5.6	10
2026-09-07	CANATU.HE	5.849999904632568														3.3	3	1.0	1.0	1.0	1.0	0.0	0.0	3.0	4	0.5	1.5	0.0	0.0	1.0	3.3	3
2026-09-07	CANG	2.190000057220459														3.3	3	1.0	1.0	1.0	0.0	0.0	1.0	3.5	4	1.0	1.5	0.0	0.5	0.5	3.3	3
2026-09-07	CAP.DE	2.440000057220459														3.8	3	1.0	1.0	1.0	1.0	0.5	0.0	5.0	3	1.0	1.0	0.0	2.0	1.0	3.8	3
2026-09-07	CAP.PA	106.4000015258789	6.1	8	1.5	2.0	1.0	1.0	1.0	1.0	1.0	1.0	1.0	2.0	1.0	5.8	4	2.0	1.0	1.0	1.0	1.0	1.0	3.0	4	0.5	0.5	0.0	1.0	1.0	6.0	12
2026-09-07	CAPD.L	114.5														7.1	4	2.0	1.0	1.0	1.0	1.5	2.0	2.0	4	0.5	0.0	0.0	0.5	1.0	7.1	4
2026-09-07	CAPMAN.HE	1.8040000200271606														7.5	5	2.0	1.0	1.0	2.0	2.0	1.0	1.5	4	0.0	0.0	0.0	0.5	1.0	7.5	5
2026-09-07	CAPR	9.399999618530273	3.4	10	1.5	2.0	1.0	0.0	0.0	0.0	0.0	0.0	0.0	2.0	1.0	5.4	5	2.0	2.0	1.0	0.0	0.5	1.0	2.5	5	0.5	1.0	0.0	0.5	0.5	4.0	15
2026-09-07	CAR	138.72999572753906	3.9	8	0.5	1.0	1.0	0.0	0.0	2.0	0.0	1.0	1.0	2.0	0.0	3.3	6	2.0	0.0	1.0	0.0	0.5	0.5	6.5	4	2.0	1.5	0.0	1.0	2.0	3.7	14
2026-09-07	CAR.ASX	26.0	6.1	7	2.0	2.0	1.0	1.0	0.0	2.0	1.0	1.0	1.0	1.5	1.0	6.2	4	1.5	1.0	1.0	1.0	2.0	1.0	3.0	4	1.0	0.5	0.0	0.5	1.0	6.1	11
2026-09-07	CAR.L	38.0														5.4	4	2.0	1.0	1.0	1.0	1.0	0.5	3.5	3	0.5	1.0	0.0	1.0	1.0	5.4	4
2026-09-07	CARD.L	73.5														5.8	4	2.0	1.0	1.0	1.0	1.0	1.0	3.5	4	1.5	0.5	0.0	0.5	1.0	5.8	4
2026-09-07	CARE	31.979999542236328	5.9	8	1.0	1.5	1.0	1.0	1.0	2.0	0.0	1.0	2.0	1.5	1.0	6.7	6	2.0	0.0	1.0	1.0	2.0	2.0	2.5	4	0.0	0.5	0.0	1.0	1.0	6.1	14
2026-09-07	CARG	33.7400016784668	7.3	9	2.0	2.0	1.0	0.5	0.0	2.0	1.5	1.0	2.0	2.0	2.0	7.5	6	2.0	1.0	1.0	2.0	1.5	1.5	2.5	5	1.0	0.0	0.0	0.5	1.0	7.4	15
2026-09-07	CARLB.CO	875.2000122070312														4.2	5	0.5	1.0	1.0	0.5	1.0	1.0	2.5	4	0.5	0.0	0.0	1.0	1.0	4.2	5
2026-09-07	CARM.PA	15.65999984741211														6.2	4	2.0	1.0	1.0	1.0	2.0	0.5	4.0	4	0.5	1.5	0.0	1.0	1.0	6.2	4
2026-09-07	CARR	59.709999084472656	6.4	9	1.5	2.0	1.0	1.5	0.0	1.5	1.5	1.0	1.0	2.0	1.0	5.4	6	1.5	2.0	1.0	0.0	1.0	1.0	3.0	5	1.5	0.0	0.0	1.0	0.5	6.1	15
2026-09-07	CARS	11.729999542236328	6.4	9	1.5	2.0	1.0	0.5	1.0	1.5	0.5	1.0	1.0	2.0	2.0	4.2	6	1.0	0.0	1.0	1.0	1.0	1.0	4.5	5	1.5	0.5	0.0	1.0	1.5	5.7	15
2026-09-07	CART	51.06999969482422	6.4	9	1.5	1.5	1.0	0.5	2.0	1.0	0.0	1.0	1.5	2.0	2.0	5.4	6	1.0	1.0	1.0	0.5	1.5	1.5	3.0	5	0.5	1.5	0.0	0.0	1.0	6.1	15
2026-09-07	CASH	83.19000244140625	6.1	8	1.5	2.0	1.0	0.5	0.0	2.0	1.0	1.0	1.5	2.0	1.0	4.2	6	2.0	0.0	1.0	0.0	2.0	0.0	3.5	4	0.5	0.0	0.0	1.0	2.0	5.5	14
2026-09-07	CASS	55.810001373291016	7.0	9	1.5	1.0	1.0	1.5	2.0	2.0	1.5	1.0	1.5	1.5	1.0	5.8	6	1.0	1.0	1.0	1.0	1.5	1.5	2.5	5	0.0	1.0	0.0	0.5	1.0	6.6	15
2026-09-07	CAST.ST	132.89999389648438	6.8	9	1.0	1.0	1.0	1.0	2.0	2.0	1.5	2.0	0.5	1.0	2.0	5.0	5	2.0	1.0	1.0	0.0	2.0	0.0	4.0	4	1.5	1.0	0.0	0.5	1.0	6.3	14
2026-09-07	CASY	756.0900268554688	7.5	10	2.0	2.0	1.0	1.5	1.0	1.5	2.0	1.0	1.5	2.0	1.0	5.0	6	0.5	0.0	1.0	2.0	1.0	1.5	2.0	5	0.5	0.0	0.0	0.5	1.0	6.8	16
2026-09-07	CAT	813.9400024414062	7.5	10	1.5	2.0	1.0	2.0	1.0	1.5	2.0	0.5	2.0	2.0	1.0	7.5	6	1.5	1.0	1.0	2.0	1.5	2.0	3.5	5	1.5	0.0	0.0	1.5	0.5	7.5	16
2026-09-07	CAT31.PA	120.94000244140625														7.1	4	2.0	1.0	1.0	1.0	2.0	1.5	2.5	3	0.0	0.5	0.0	1.0	1.0	7.1	4
2026-09-07	CATE.ST	384.79998779296875	4.8	8	1.5	1.5	1.0	1.0	0.0	2.0	0.0	1.0	1.0	1.5	0.0	5.8	4	0.0	1.0	1.0	1.0	2.0	2.0	5.0	4	1.5	1.5	0.0	1.0	1.0	5.1	12
2026-09-07	CATO	2.5999999046325684														4.6	4	1.5	1.0	1.0	1.0	0.5	0.5	4.5	5	0.5	2.0	0.0	1.0	1.0	4.6	4
2026-09-07	CATY	62.689998626708984	6.4	8	1.0	1.0	1.0	1.0	2.0	1.5	1.5	1.0	1.0	2.0	1.0	6.2	6	1.5	0.0	1.0	1.5	2.0	1.5	4.0	4	1.0	1.0	0.0	1.0	1.0	6.3	14
2026-09-07	CAVA	60.7599983215332	6.8	10	1.5	2.0	1.0	0.5	0.0	1.5	2.0	1.5	1.0	2.0	2.0	3.3	6	0.0	0.0	1.0	0.0	1.0	2.0	3.5	5	1.5	0.5	0.0	0.5	1.0	5.8	16
2026-09-07	CB	341.5899963378906	6.4	9	1.0	1.5	1.0	2.0	1.0	1.5	2.0	1.0	1.0	2.0	0.0	5.4	6	0.5	1.0	1.0	1.5	1.5	1.0	1.5	5	0.0	0.5	0.0	0.5	0.5	6.1	15
2026-09-07	CBA.ASX	161.5399932861328	3.6	7	0.0	0.0	1.0	1.0	0.0	1.0	1.0	1.0	1.0	1.0	1.0	5.4	4	0.5	1.0	1.0	1.0	2.0	1.0	2.5	3	0.5	0.0	0.0	1.0	1.0	4.1	11
2026-09-07	CBAN	21.75														6.2	5	1.0	1.0	1.0	0.5	2.0	2.0	3.5	4	0.5	1.0	0.0	1.0	1.0	6.2	5
2026-09-07	CBD.AE	9.649999618530273														6.7	4	2.0	1.0	1.0	1.0	2.0	1.0	2.5	3	0.0	0.5	0.0	1.0	1.0	6.7	4
2026-09-07	CBG.L	427.0	5.7	6	1.0	1.5	1.0	1.0	1.0	2.0	1.0	1.0	0.0	2.0	1.0	3.8	4	0.5	1.0	1.0	1.0	0.5	0.5	3.5	3	1.5	0.0	0.0	1.0	1.0	5.1	10
2026-09-07	CBK.DE	42.060001373291016	6.6	8	1.5	1.0	1.0	1.0	2.0	2.0	2.0	1.0	1.0	1.0	1.0	7.1	5	2.0	1.0	1.0	1.0	2.0	1.5	4.0	3	0.5	1.5	0.0	1.0	1.0	6.7	13
2026-09-07	CBKD.L	2.684999942779541														7.5	4	2.0	1.0	1.0	1.0	2.0	2.0	3.0	3	0.5	0.5	0.0	1.0	1.0	7.5	4
2026-09-07	CBL.US	54.97999954223633	6.6	8	1.5	2.0	1.0	1.0	1.0	2.0	1.0	1.0	2.0	2.0	0.0	6.7	5	2.0	1.0	1.0	1.0	2.0	1.0	5.5	5	1.5	1.0	0.0	2.0	1.0	6.6	13
2026-09-07	CBOE	298.3800048828125	7.5	10	1.0	1.5	1.0	1.5	2.0	1.5	1.5	0.5	2.0	2.0	2.0	7.5	6	0.5	2.0	1.0	1.5	2.0	2.0	0.5	5	0.0	0.0	0.0	0.0	0.5	7.5	16
2026-09-07	CBOT.PA	4.03000020980835														5.8	4	2.0	1.0	1.0	1.0	2.0	0.0	1.5	4	0.0	0.0	0.0	0.5	1.0	5.8	4
2026-09-07	CBRAIN.CO	79.4000015258789														5.0	4	0.5	1.0	1.0	1.0	1.5	1.0	2.5	4	1.0	0.5	0.0	0.0	1.0	5.0	4
2026-09-07	CBRE	147.85000610351562	8.4	9	2.0	2.0	1.0	2.0	2.0	2.0	2.0	1.0	1.5	2.0	1.0	6.2	6	2.0	0.0	1.0	2.0	1.0	1.5	2.5	5	1.0	0.0	0.0	1.0	0.5	7.7	15
2026-09-07	CBRL	54.689998626708984	5.0	9	1.0	0.5	1.0	0.0	1.0	1.5	2.0	1.0	1.0	2.0	0.0	4.6	6	1.0	0.0	1.0	2.0	1.0	0.5	4.5	5	1.0	1.0	0.0	1.5	1.0	4.9	15
2026-09-07	CBRS	210.0500030517578	7.3	8	2.0	2.0	1.0	0.5	1.5	2.0	2.0	1.0	1.0	2.0	1.0	5.0	3	1.0	1.0	1.0	1.0	0.0	2.0	3.0	4	1.0	0.5	1.0	0.0	0.5	6.6	11
2026-09-07	CBSH	58.369998931884766	6.6	8	1.0	1.5	1.0	1.5	1.0	2.0	1.5	1.0	1.0	2.0	1.0	5.8	6	1.0	0.0	1.0	1.5	2.0	1.5	3.5	4	0.5	1.0	0.0	1.0	1.0	6.4	14
2026-09-07	CBSM.PA	9.600000381469727														5.4	2	1.5	1.0	1.0	1.0	1.0	1.0	4.0	2	1.0	0.0	1.0	1.0	1.0	5.4	2
2026-09-07	CBT	81.4800033569336	6.1	9	1.0	1.5	1.0	0.5	1.0	2.0	1.5	1.0	1.0	2.0	1.0	6.7	6	1.5	2.0	1.0	1.5	1.0	1.0	3.0	5	1.0	0.0	0.0	0.5	1.5	6.3	15
2026-09-07	CBU	63.849998474121094	6.1	8	1.0	1.5	1.0	1.5	1.0	2.0	0.5	1.0	1.0	2.0	1.0	5.4	5	0.5	1.0	1.0	0.5	2.0	1.5	3.0	4	0.5	0.0	0.0	1.0	1.5	5.9	13
2026-09-07	CBUS	1.590000033378601	5.0	9	1.5	2.0	1.0	1.0	0.0	2.0	0.0	1.0	0.0	0.5	2.0	3.8	4	1.0	1.0	1.0	0.0	0.5	1.0	6.5	5	1.5	1.0	0.0	2.0	2.0	4.6	13
2026-09-07	CBZ	54.849998474121094	6.4	9	1.5	0.5	1.0	1.0	1.5	1.5	2.0	1.0	1.0	2.0	1.0	5.0	6	1.5	2.0	1.0	0.0	1.0	0.5	3.5	5	1.0	1.0	0.0	1.0	0.5	6.0	15
2026-09-07	CC.US	15.300000190734863	5.7	10	1.5	2.0	1.0	0.5	0.0	1.0	2.0	0.5	0.0	2.0	2.0	2.5	6	1.0	0.0	1.0	0.0	0.5	0.5	4.0	4	1.5	0.5	0.0	1.0	1.0	4.7	16
2026-09-07	CCAP	10.369999885559082	5.5	9	1.0	1.5	1.0	1.5	0.0	2.0	1.0	1.0	0.0	2.0	1.0	4.6	6	2.0	2.0	1.0	0.0	0.5	0.0	4.5	5	0.5	2.0	0.0	1.0	1.0	5.2	15
2026-09-07	CCAP.DE	0.23000000417232513														5.8	4	2.0	1.0	1.0	1.0	2.0	0.0	4.0	4	0.5	0.5	0.0	2.0	1.0	5.8	4
2026-09-07	CCB	50.33000183105469	5.0	8	2.0	1.0	1.0	1.0	0.0	2.0	0.0	1.0	0.0	2.0	1.0	2.5	5	1.0	0.0	1.0	0.0	0.5	0.5	3.0	4	0.5	1.0	0.0	1.0	0.5	4.2	13
2026-09-07	CCBG	51.84000015258789	6.6	8	1.0	1.0	1.0	1.5	2.0	2.0	1.5	1.0	1.0	1.5	1.0	5.4	6	1.0	0.0	1.0	1.5	2.0	1.0	3.5	4	0.0	1.0	0.0	1.0	1.5	6.2	14
2026-09-07	CCC.L	5590.0	6.8	8	2.0	1.5	1.0	1.0	2.0	1.5	1.0	1.5	1.5	1.0	1.0	5.4	4	0.5	1.0	1.0	1.0	1.0	2.0	4.0	4	1.0	2.0	0.0	0.0	1.0	6.4	12
2026-09-07	CCC.US	7.510000228881836	6.6	9	1.5	1.5	1.0	1.0	2.0	0.5	1.5	1.0	0.5	2.0	2.0	3.3	6	0.0	0.0	1.0	1.0	1.0	1.0	2.5	5	0.0	0.0	1.0	0.5	1.0	5.6	15
2026-09-07	CCCC	3.759999990463257	6.1	9	2.0	2.0	1.0	0.0	1.0	1.5	2.0	1.0	0.0	2.0	1.0	5.0	5	1.0	1.0	1.0	2.0	0.0	1.0	4.0	5	2.0	0.0	0.0	0.0	2.0	5.8	14
2026-09-07	CCEP	105.76000213623047	5.5	9	2.0	1.5	1.0	1.0	1.0	2.0	1.0	0.0	1.5	1.0	0.0	3.8	5	0.5	0.0	1.0	1.0	1.0	1.0	2.5	5	0.0	0.5	0.0	1.0	1.0	5.0	14
2026-09-07	CCEP.NV	91.5	5.5	8	2.0	1.5	1.0	1.0	1.0	2.0	1.0	0.0	1.5	1.0	0.0	3.8	5	0.5	0.0	1.0	1.0	1.0	1.0	2.5	4	0.0	0.5	0.0	1.0	1.0	5.0	13
2026-09-07	CCH.L	4534.0	5.7	8	1.5	1.5	1.0	1.0	1.0	2.0	1.0	0.0	2.0	0.5	1.0	5.4	5	1.0	1.0	1.0	1.0	1.0	1.5	3.0	4	0.5	0.5	0.0	1.0	1.0	5.6	13
2026-09-07	CCI	75.83000183105469	6.1	8	1.5	2.0	1.0	1.5	0.0	1.5	2.0	1.0	1.0	2.0	0.0	6.7	6	2.0	2.0	1.0	0.5	2.0	0.5	3.5	4	1.0	1.0	0.0	1.0	0.5	6.3	14
2026-09-07	CCJ	100.73999786376953	6.1	9	2.0	2.0	1.0	1.0	1.0	1.5	0.0	1.5	1.0	1.5	1.0	4.6	6	1.0	0.0	1.0	1.5	1.5	0.5	1.5	5	1.0	0.0	0.0	0.0	0.5	5.6	15
2026-09-07	CCK	115.16000366210938	7.0	9	1.5	1.5	1.0	1.5	1.0	1.5	1.5	1.0	2.0	2.0	1.0	7.1	6	2.0	2.0	1.0	1.0	1.0	1.5	3.0	5	0.5	0.5	0.0	1.5	0.5	7.0	15
2026-09-07	CCL	23.510000228881836	6.8	10	2.0	2.0	1.0	1.5	0.0	1.5	2.0	1.0	2.0	2.0	0.0	6.2	6	2.0	2.0	1.0	0.0	1.5	1.0	5.5	5	2.0	1.5	0.0	1.5	0.5	6.6	16
2026-09-07	CCN.PA	161.5														6.2	4	1.5	1.0	1.0	1.0	2.0	1.0	2.5	3	0.0	0.5	0.0	1.0	1.0	6.2	4
2026-09-07	CCNE	34.90999984741211	7.3	8	1.5	1.5	1.0	1.5	2.0	2.0	2.0	1.0	1.0	1.5	1.0	7.5	6	1.5	2.0	1.0	0.5	2.0	2.0	4.0	4	0.5	1.5	0.0	1.0	1.0	7.4	14
2026-09-07	CCOI	10.050000190734863	4.8	9	1.0	2.0	1.0	0.5	0.0	1.0	2.0	1.0	0.0	2.0	0.0	4.2	6	1.0	0.0	1.0	2.0	0.5	0.5	4.0	4	0.5	1.5	0.0	1.0	1.0	4.6	15
2026-09-07	CCP.ASX	14.369999885559082	6.6	7	2.0	2.0	1.0	1.0	2.0	1.5	1.0	1.0	1.0	1.0	1.0	6.7	4	2.0	1.0	1.0	1.0	2.0	1.0	2.5	4	1.0	0.0	0.0	0.5	1.0	6.6	11
2026-09-07	CCS	64.51000213623047														5.8	5	1.5	1.0	1.0	2.0	1.0	0.5	3.5	5	1.5	0.0	0.0	0.5	1.5	5.8	5
2026-09-07	CCSI	35.36000061035156	7.5	9	1.5	1.5	1.0	1.0	1.0	2.0	1.5	1.0	2.0	2.0	2.0	5.4	6	2.0	0.0	1.0	0.5	2.0	1.0	6.0	5	2.0	0.5	0.0	2.0	1.5	6.9	15
2026-09-07	CCU	11.880000114440918	4.8	9	0.0	0.5	1.0	1.5	1.0	1.5	0.5	1.0	1.0	0.5	2.0	4.2	6	1.0	0.0	1.0	1.0	1.0	1.0	3.5	5	0.0	0.5	0.0	1.0	2.0	4.6	15
2026-09-07	CDA.ASX	46.06999969482422	6.6	7	1.5	1.5	1.0	1.0	2.0	2.0	1.0	1.0	2.0	0.5	1.0	7.1	4	1.5	1.0	1.0	1.0	2.0	2.0	3.5	4	1.5	1.0	0.0	0.0	1.0	6.7	11
2026-09-07	CDA.PA	20.049999237060547														4.2	4	0.0	1.0	1.0	1.0	1.0	1.0	4.0	4	1.0	1.0	0.0	1.0	1.0	4.2	4
2026-09-07	CDE	21.239999771118164	6.6	9	2.0	1.5	1.0	1.5	2.0	1.5	0.0	1.0	1.0	2.0	1.0	4.6	6	0.5	0.0	1.0	0.0	2.0	2.0	2.0	5	1.5	0.0	0.0	0.0	0.5	6.0	15
2026-09-07	CDI.PA	393.79998779296875														4.6	4	1.0	1.0	1.0	1.0	1.0	0.5	4.0	4	1.0	1.5	0.0	0.5	1.0	4.6	4
2026-09-07	CDLR	24.93000030517578														7.5	4	2.0	1.0	1.0	1.0	2.0	2.0	4.0	5	0.5	0.5	0.0	1.0	2.0	7.5	4
2026-09-07	CDLX	3.619999885559082	5.0	9	1.0	2.0	1.0	0.5	0.0	1.0	2.0	1.0	0.0	0.5	2.0	2.5	4	1.0	1.0	1.0	0.0	0.0	0.0	5.5	4	0.5	2.0	0.0	1.0	2.0	4.2	13
2026-09-07	CDNA	50.880001068115234	8.4	10	2.0	2.0	1.0	0.5	2.0	2.0	2.0	2.0	2.0	2.0	1.0	6.7	6	1.0	0.0	1.0	2.0	2.0	2.0	4.5	5	2.0	1.5	0.0	0.0	1.0	7.9	16
2026-09-07	CDNS	292.70001220703125	7.3	9	2.0	2.0	1.0	2.0	0.0	1.0	1.5	1.0	1.5	2.0	2.0	6.7	6	1.0	0.0	1.0	2.0	2.0	2.0	4.0	5	1.0	1.0	1.0	0.5	0.5	7.1	15
2026-09-07	CDP	35.15999984741211	7.0	10	1.5	1.5	1.0	1.0	1.0	2.0	1.5	1.0	1.0	2.0	2.0	7.1	6	1.5	1.0	1.0	2.0	2.0	1.0	4.0	5	0.5	0.5	0.0	1.5	1.5	7.0	16
2026-09-07	CDRE	29.760000228881836	6.4	9	1.5	2.0	1.0	1.0	0.0	0.5	2.0	1.0	1.0	2.0	2.0	4.6	5	0.5	1.0	1.0	0.0	1.0	2.0	4.5	5	1.5	1.0	0.0	1.0	1.0	5.9	14
2026-09-07	CDW	152.3800048828125	7.0	10	1.5	1.0	1.0	1.0	2.0	1.5	1.5	1.0	2.0	2.0	1.0	6.7	6	1.5	2.0	1.0	1.5	1.0	1.0	4.5	5	1.0	0.5	0.0	2.0	1.0	6.9	16
2026-09-07	CDXS	1.4600000381469727	5.7	9	2.0	2.0	1.0	1.5	0.0	0.0	2.0	1.0	0.0	2.0	1.0	3.8	6	0.0	1.0	1.0	2.0	0.0	0.5	4.5	5	2.0	0.5	0.0	1.5	0.5	5.1	15
2026-09-07	CDZ0.DE	1.309999942779541														6.2	4	1.5	1.0	1.0	1.0	1.0	2.0	2.0	4	0.0	1.0	0.0	0.0	1.0	6.2	4
2026-09-07	CDZI	4.170000076293945	5.0	9	1.5	2.0	1.0	0.5	1.0	2.0	0.0	1.0	0.0	1.0	1.0	3.8	6	1.0	2.0	1.0	0.0	0.5	0.0	6.0	5	2.0	0.5	0.0	2.0	1.5	4.6	15
2026-09-07	CE	44.66999816894531	5.0	10	1.5	2.0	1.0	1.0	0.0	1.0	0.5	1.0	0.0	2.0	1.0	2.5	6	1.0	0.0	1.0	0.0	0.0	1.0	4.0	5	0.5	0.5	0.0	2.0	1.0	4.2	16
2026-09-07	CEA.DE	4.579999923706055														4.6	3	0.5	1.0	1.0	1.0	1.0	1.0	3.0	4	0.0	1.0	0.0	1.0	1.0	4.6	3
2026-09-07	CEC.DE	3.9200000762939453														5.4	4	2.0	1.0	1.0	1.0	0.5	1.0	4.5	4	1.5	0.0	0.0	2.0	1.0	5.4	4
2026-09-07	CECO	74.0999984741211	7.3	9	2.0	2.0	1.0	1.5	1.0	1.5	2.0	1.0	0.0	2.0	2.0	7.1	6	1.0	2.0	1.0	2.0	0.5	2.0	2.5	5	1.5	0.0	0.0	0.5	0.5	7.2	15
2026-09-07	CEG	298.9599914550781	7.3	9	2.0	1.5	1.0	1.5	2.0	1.0	1.5	1.0	1.5	2.0	1.0	7.1	6	0.5	2.0	1.0	1.5	1.5	2.0	2.5	5	1.0	0.0	0.0	0.5	1.0	7.2	15
2026-09-07	CEK.DE	10.960000038146973														7.9	4	2.0	1.0	2.0	1.0	1.5	2.0	3.5	4	0.0	0.5	2.0	0.0	1.0	7.9	4
2026-09-07	CELC	95.69999694824219	6.1	9	2.0	2.0	1.0	0.0	1.0	1.5	2.0	1.0	0.0	2.0	1.0	3.8	4	1.0	1.0	1.0	0.0	0.5	1.0	2.5	4	0.0	0.0	0.0	1.0	1.5	5.4	13
2026-09-07	CELH	30.65999984741211	6.6	10	1.5	2.0	1.0	0.5	1.0	1.5	2.0	0.0	1.0	2.0	2.0	6.2	6	2.0	2.0	1.0	0.0	1.0	1.5	2.5	5	1.0	1.0	0.0	0.0	0.5	6.5	16
2026-09-07	CEN.PA	52.599998474121094														5.4	4	1.5	1.0	1.0	1.0	1.0	1.0	2.5	4	0.5	1.0	0.0	0.0	1.0	5.4	4
2026-09-07	CENER.BR	22.959999084472656														5.4	4	1.0	1.0	1.0	1.0	1.5	1.0	3.0	4	1.0	0.5	0.0	0.5	1.0	5.4	4
2026-09-07	CENX	46.779998779296875	7.0	9	2.0	2.0	1.0	0.5	1.0	1.5	0.5	1.0	2.0	2.0	2.0	6.7	6	2.0	1.0	1.0	0.5	2.0	1.5	3.5	5	2.0	0.0	0.0	0.5	1.0	6.9	15
2026-09-07	CEPU	14.039999961853027														8.3	5	2.0	1.0	1.0	2.0	2.0	2.0	1.0	5	0.0	0.0	0.0	0.5	0.5	8.3	5
2026-09-07	CER.L	995.0	5.9	7	1.5	2.0	1.0	1.0	0.0	1.5	1.0	1.0	1.5	1.5	1.0	5.0	4	1.0	1.0	1.0	1.0	2.0	0.0	2.0	4	0.0	1.0	0.0	0.0	1.0	5.6	11
2026-09-07	CERS	2.5899999141693115	6.8	9	1.5	2.0	1.0	1.0	1.0	1.5	2.0	1.0	0.0	2.0	2.0	2.9	5	1.0	0.0	1.0	0.0	0.5	1.0	4.0	5	1.5	0.0	0.0	1.0	1.5	5.6	14
2026-09-07	CERT	7.940000057220459	5.7	10	1.5	1.0	1.0	0.0	2.0	1.5	0.5	1.0	0.0	2.0	2.0	3.3	5	1.0	1.0	1.0	0.0	0.0	1.0	3.5	5	1.5	0.0	0.0	0.5	1.5	5.0	15
2026-09-07	CEVA	26.950000762939453	5.9	9	2.0	2.0	1.0	1.0	0.0	1.0	2.0	1.0	0.0	2.0	1.0	5.8	5	1.0	1.0	1.0	2.0	0.5	1.5	3.5	5	2.0	0.5	0.0	0.0	1.0	5.9	14
2026-09-07	CF	133.35000610351562	6.8	9	1.0	0.5	1.0	1.0	2.0	1.5	2.0	1.0	2.0	2.0	1.0	6.2	6	2.0	1.0	1.0	0.0	2.0	1.5	2.5	5	0.0	1.0	0.0	0.5	1.0	6.6	15
2026-09-07	CFC.DE	0.4000000059604645														3.3	3	1.0	1.0	1.0	1.0	0.0	0.0	4.5	4	0.0	1.5	0.0	2.0	1.0	3.3	3
2026-09-07	CFEB.BR	11.149999618530273														5.0	4	1.5	1.0	1.0	1.0	1.0	0.5	3.0	4	1.5	0.0	0.0	0.5	1.0	5.0	4
2026-09-07	CFFN	8.869999885559082	7.0	8	1.5	1.5	1.0	1.0	2.0	2.0	1.5	1.0	1.0	2.0	1.0	4.6	6	0.0	0.0	1.0	1.0	2.0	1.5	4.0	4	0.5	1.0	0.0	1.0	1.5	6.3	14
2026-09-07	CFG	70.77999877929688	7.0	9	2.0	1.5	1.0	2.0	1.0	2.0	1.5	0.5	1.0	2.0	1.0	5.8	6	1.0	0.0	1.0	1.5	2.0	1.5	3.0	4	1.0	1.0	0.0	1.0	0.0	6.6	15
2026-09-07	CFR	162.6199951171875	6.6	9	1.0	1.0	1.0	2.0	2.0	1.5	1.5	0.0	1.5	2.0	1.0	5.8	6	0.5	1.0	1.0	1.5	2.0	1.0	2.5	4	0.5	1.0	0.0	1.0	0.0	6.4	15
2026-09-07	CFR.ZU	185.4499969482422	6.1	8	2.0	1.5	1.0	1.0	1.0	2.0	1.0	0.5	1.0	1.5	1.0	5.4	4	1.0	1.0	1.0	1.0	1.5	1.0	3.0	4	1.0	0.5	0.0	0.5	1.0	5.9	12
2026-09-07	CG	46.970001220703125	6.6	10	1.5	2.0	1.0	1.0	1.0	1.5	1.5	0.5	1.0	1.5	2.0	5.0	6	2.0	1.0	1.0	0.5	1.5	0.0	5.0	5	2.0	0.5	0.0	1.5	1.0	6.1	16
2026-09-07	CGAU	22.920000076293945	8.0	8	1.5	1.5	1.0	1.0	2.0	1.5	2.0	1.0	2.0	2.0	2.0	6.7	5	2.0	1.0	1.0	0.0	2.0	2.0	3.0	5	1.5	1.0	0.0	0.0	0.5	7.6	13
2026-09-07	CGBD	11.6899995803833	5.7	9	1.0	1.0	1.0	1.0	2.0	2.0	1.0	1.0	0.5	1.0	1.0	6.7	6	1.0	2.0	1.0	2.0	1.5	0.5	3.0	5	0.5	0.0	0.0	1.0	1.5	6.0	15
2026-09-07	CGC	0.9729999899864197	3.9	9	1.5	2.0	1.0	1.0	1.0	0.0	0.0	1.0	0.0	0.0	1.0	4.6	3	1.0	1.0	1.0	1.0	0.0	1.5	5.5	5	2.0	1.5	0.0	0.5	1.5	4.1	12
2026-09-07	CGEM	22.09000015258789	6.1	9	2.0	2.0	1.0	0.0	2.0	1.0	1.5	1.0	0.0	2.0	1.0	5.8	4	1.0	2.0	1.0	1.5	0.5	1.0	3.5	5	0.0	1.5	0.0	0.0	2.0	6.0	13
2026-09-07	CGF.ASX	9.8100004196167	6.1	8	2.0	1.5	1.0	1.0	1.0	2.0	1.0	0.0	1.0	1.0	2.0	5.8	3	1.5	1.0	1.0	1.0	1.5	1.0	3.5	4	0.5	0.5	0.0	1.5	1.0	6.0	11
2026-09-07	CGNT	8.470000267028809	6.8	9	1.5	2.0	1.0	2.0	0.0	2.0	2.0	1.0	0.5	2.0	1.0	4.2	5	1.0	1.0	1.0	0.0	0.5	1.5	2.0	5	1.5	0.0	0.0	0.0	0.5	6.0	14
2026-09-07	CGNX	62.25	7.0	9	2.0	2.0	1.0	1.0	1.0	1.5	2.0	1.0	1.0	2.0	1.0	5.4	6	0.5	0.0	1.0	2.0	1.5	1.5	3.0	5	1.5	0.5	0.0	0.0	1.0	6.5	15
2026-09-07	CGON	74.66999816894531	5.9	9	2.0	2.0	1.0	0.5	2.0	1.5	0.0	1.0	0.0	2.0	1.0	2.9	4	1.0	0.0	1.0	0.0	0.5	1.0	3.0	5	0.0	1.0	0.0	0.0	2.0	5.0	13
2026-09-07	CGS.L	302.0	6.4	7	1.5	2.0	1.0	1.0	1.0	2.0	1.0	1.0	1.0	1.5	1.0	4.6	4	1.0	1.0	1.0	1.0	1.0	0.5	1.5	4	0.0	0.5	0.0	0.0	1.0	5.9	11
2026-09-07	CHA	11.65999984741211	6.6	10	1.5	2.0	1.0	1.5	2.0	2.0	0.5	1.5	1.5	0.0	1.0	7.1	5	1.5	1.0	1.5	2.0	1.5	1.0	3.0	4	1.0	0.5	1.0	0.0	0.5	6.7	15
2026-09-07	CHAR.L	2.75														3.8	3	0.0	1.0	1.0	1.0	0.5	1.0	1.5	4	0.0	0.5	0.0	0.0	1.0	3.8	3
2026-09-07	CHC.ASX	19.0	6.6	8	1.0	2.0	1.0	1.0	0.0	2.0	1.0	1.0	1.5	2.0	2.0	5.0	4	0.5	1.0	1.0	1.0	2.0	0.5	3.5	4	1.5	1.0	0.0	0.0	1.0	6.1	12
2026-09-07	CHCO	145.57000732421875	6.6	8	1.0	0.5	1.0	1.0	2.0	2.0	1.5	1.0	1.5	2.0	1.0	6.2	6	1.0	1.0	1.0	1.5	2.0	1.0	4.0	4	0.0	1.5	0.0	1.0	1.5	6.5	14
2026-09-07	CHCT	15.0	6.4	9	1.5	1.5	1.0	1.5	0.0	2.0	2.0	1.0	0.5	2.0	1.0	5.4	5	1.0	1.0	1.0	1.0	1.5	1.0	2.5	5	0.5	0.5	0.0	1.0	0.5	6.1	14
2026-09-07	CHD	98.55000305175781	6.6	9	1.5	1.5	1.0	1.0	1.0	1.5	1.5	1.0	1.5	2.0	1.0	4.6	6	0.5	1.0	1.0	0.5	1.5	1.0	2.0	5	0.0	0.5	0.0	0.5	1.0	6.0	15
2026-09-07	CHDN	87.06999969482422	6.6	10	2.0	2.0	1.0	1.0	0.0	2.0	1.5	1.0	2.0	2.0	0.0	5.0	6	1.0	0.0	1.0	1.5	1.5	1.0	4.5	5	0.5	1.0	0.0	2.0	1.0	6.1	16
2026-09-07	CHE	519.8400268554688	6.8	9	1.5	1.5	1.0	1.0	2.0	2.0	1.0	1.0	2.0	2.0	0.0	7.1	6	1.0	2.0	1.0	2.0	1.5	1.0	3.0	5	0.5	1.0	0.0	0.5	1.0	6.9	15
2026-09-07	CHEF	114.36000061035156	7.5	9	2.0	1.0	1.0	0.5	2.0	1.5	2.0	1.0	1.5	2.0	2.0	6.7	6	1.5	1.0	1.0	2.0	1.0	1.5	5.5	5	1.5	1.5	0.0	1.0	1.5	7.3	15
2026-09-07	CHEMM.CO	510.0														4.6	5	0.0	1.0	1.0	1.0	2.0	0.5	2.5	4	1.5	0.0	0.0	0.0	1.0	4.6	5
2026-09-07	CHG.DE	46.849998474121094														5.0	3	1.0	1.0	1.0	1.0	0.0	2.0	3.0	4	0.0	1.5	0.0	0.5	1.0	5.0	3
2026-09-07	CHGG	0.8500000238418579														3.3	5	2.0	1.0	1.0	0.0	0.0	0.0	5.0	5	2.0	0.5	1.0	0.5	1.0	3.3	5
2026-09-07	CHH	100.62000274658203	4.8	9	1.0	1.5	1.0	0.0	0.0	1.5	0.5	1.0	2.0	2.0	0.0	5.0	6	1.0	1.0	1.0	0.0	2.0	1.0	4.5	5	0.5	0.0	0.0	2.0	2.0	4.9	15
2026-09-07	CHKP	137.0500030517578	7.0	10	1.5	1.5	1.0	1.0	1.0	1.0	2.0	0.5	2.0	2.0	2.0	5.0	6	1.5	0.0	1.0	0.5	2.0	1.0	2.5	5	0.5	0.5	0.0	0.5	1.0	6.4	16
2026-09-07	CHN.ASX	1.2799999713897705	4.8	7	1.5	2.0	1.0	1.0	1.0	0.0	1.0	1.0	0.0	1.0	1.0	2.9	4	0.0	1.0	1.0	1.0	0.5	0.0	3.5	4	1.5	1.0	0.0	0.0	1.0	4.2	11
2026-09-07	CHPT	9.890000343322754	4.8	10	1.0	0.0	1.0	0.0	1.5	1.5	2.0	1.5	0.0	1.0	1.0	6.2	5	1.0	1.0	2.0	2.0	0.0	1.5	7.0	4	1.5	0.5	2.0	1.0	2.0	5.2	15
2026-09-07	CHRD	146.38999938964844	6.8	10	2.0	1.5	1.0	1.0	2.0	1.5	1.5	0.5	1.0	2.0	1.0	7.1	6	2.0	2.0	1.0	0.0	1.5	2.0	2.5	5	0.0	1.5	0.0	0.0	1.0	6.9	16
2026-09-07	CHRS	1.4199999570846558	5.2	9	1.5	2.0	1.0	0.5	1.0	1.5	0.0	1.0	0.0	1.0	2.0	5.8	4	1.0	1.0	1.0	2.0	0.0	2.0	4.5	5	1.0	0.5	0.0	1.0	2.0	5.4	13
2026-09-07	CHRT.L	1158.0	5.5	8	1.5	2.0	1.0	1.0	0.0	1.5	1.0	1.0	1.0	1.0	1.0	5.4	4	1.0	1.0	1.0	1.0	1.0	1.5	1.0	4	0.0	0.0	0.0	0.0	1.0	5.5	12
2026-09-07	CHRW	147.63999938964844	7.3	10	1.5	2.0	1.0	1.5	0.0	1.0	1.5	1.5	2.0	2.0	2.0	4.6	6	1.0	0.0	1.0	1.0	1.0	1.5	3.0	5	1.0	0.5	0.0	1.0	0.5	6.5	16
2026-09-07	CHRY.L	72.0999984741211														4.6	2	1.0	1.0	1.0	1.0	0.5	1.0	5.0	2	1.0	2.0	0.0	1.0	1.0	4.6	2
2026-09-07	CHT	43.81999969482422														5.4	4	1.0	1.0	1.0	1.0	1.5	1.0	1.0	5	0.0	0.0	0.0	0.0	1.0	5.4	4
2026-09-07	CHTR	151.99000549316406	4.5	9	1.0	0.5	1.0	0.0	1.0	1.0	0.5	1.0	2.0	2.0	0.0	5.8	6	2.0	2.0	1.0	0.5	1.0	0.5	4.5	5	0.5	0.5	0.0	2.0	1.5	4.9	15
2026-09-07	CHWY	23.65999984741211	5.9	10	1.5	1.5	1.0	1.0	1.0	1.0	1.0	1.0	2.0	2.0	0.0	5.0	5	2.0	1.0	1.0	0.0	1.0	1.0	3.5	5	1.5	0.5	0.0	1.0	0.5	5.6	15
2026-09-07	CHYM	33.7599983215332	6.8	10	2.0	1.5	1.0	1.0	2.0	1.0	2.0	1.5	0.0	2.0	1.0	6.2	6	2.0	0.0	1.0	2.0	0.5	2.0	3.0	4	1.0	1.5	0.0	0.0	0.5	6.6	16
2026-09-07	CI	282.5199890136719	6.6	9	1.5	2.0	1.0	1.5	1.0	1.5	1.5	1.0	1.5	2.0	0.0	6.2	6	2.0	2.0	1.0	0.5	1.0	1.0	1.0	5	0.0	0.0	0.0	0.5	0.5	6.5	15
2026-09-07	CIA.ASX	3.5299999713897705	5.2	8	1.5	2.0	1.0	1.0	0.0	0.5	0.0	1.0	1.0	1.5	2.0	3.8	5	1.0	1.0	1.0	0.0	1.0	0.5	4.0	4	0.5	1.5	0.0	1.0	1.0	4.8	13
2026-09-07	CIB	100.58000183105469	7.0	8	1.5	1.0	1.0	2.0	2.0	2.0	2.0	1.0	1.5	0.5	1.0	8.3	6	2.0	2.0	0.5	2.0	1.5	2.0	4.0	4	0.0	1.5	1.0	1.0	0.5	7.4	14
2026-09-07	CIBUS.ST	141.75														6.2	3	1.5	1.0	1.0	1.0	2.0	1.0	4.0	4	1.0	1.0	0.0	1.0	1.0	6.2	3
2026-09-07	CIE.MC	25.600000381469727														5.8	3	2.0	1.0	1.0	1.0	1.0	1.0	5.5	4	1.0	1.5	1.0	1.0	1.0	5.8	3
2026-09-07	CIEN	321.0	6.8	10	1.5	2.0	1.0	1.5	0.0	1.0	2.0	1.5	1.5	2.0	1.0	7.9	6	2.0	1.0	1.0	2.0	1.5	2.0	4.0	5	1.5	0.0	1.0	1.0	0.5	7.1	16
2026-09-07	CIFR	17.739999771118164	5.2	10	2.0	2.0	1.0	0.5	0.0	1.0	0.0	1.0	0.0	2.0	2.0	2.1	5	1.0	0.0	1.0	0.0	0.5	0.0	4.5	5	2.0	0.0	0.0	2.0	0.5	4.3	15
2026-09-07	CIG	2.140000104904175														5.4	5	2.0	1.0	1.0	0.0	1.5	1.0	1.0	5	0.0	0.5	0.0	0.5	0.0	5.4	5
2026-09-07	CIGI	99.0199966430664	6.4	9	2.0	2.0	1.0	1.0	0.0	2.0	1.0	1.0	1.0	2.0	1.0	4.2	6	1.5	0.0	0.5	0.5	1.0	1.5	5.5	5	1.5	1.0	1.0	1.0	1.0	5.7	15
2026-09-07	CIM	11.640000343322754	5.2	9	1.0	1.5	1.0	1.5	0.0	2.0	0.5	1.0	0.5	1.5	1.0	3.8	6	0.5	1.0	1.0	0.0	1.0	1.0	5.5	5	1.5	1.5	0.0	2.0	0.5	4.8	15
2026-09-07	CINF	171.10000610351562	7.3	9	1.5	1.5	1.0	1.5	1.0	2.0	2.0	1.0	1.5	2.0	1.0	6.7	6	1.0	1.0	1.0	1.0	2.0	2.0	1.5	5	0.5	0.0	0.0	0.0	1.0	7.1	15
2026-09-07	CINT	3.5799999237060547	6.1	9	1.5	2.0	1.0	2.0	1.0	1.0	1.0	1.0	1.0	1.0	1.0	4.6	6	1.5	0.0	1.0	0.0	1.0	2.0	3.0	5	1.0	1.0	0.0	0.5	0.5	5.6	15
2026-09-07	CION	7.340000152587891														4.6	5	0.0	1.0	1.0	2.0	1.0	0.5	4.0	5	1.0	0.5	0.0	1.5	1.0	4.6	5
2026-09-07	CIP.ASX	2.9700000286102295	5.9	8	1.5	2.0	1.0	1.0	0.0	2.0	1.0	2.0	1.0	1.5	0.0	5.0	4	0.0	1.0	1.0	1.0	2.0	1.0	3.5	4	1.0	1.0	0.0	0.5	1.0	5.6	12
2026-09-07	CIV.PA	119.19999694824219														6.2	4	1.5	1.0	1.0	1.0	2.0	1.0	2.5	3	0.5	0.0	0.0	1.0	1.0	6.2	4
2026-09-07	CKF.ASX	8.300000190734863	5.2	8	1.5	2.0	1.0	1.0	1.0	2.0	1.0	0.5	1.0	0.5	0.0	5.0	3	1.0	1.0	1.0	1.0	1.0	1.0	3.5	4	0.0	1.0	0.0	1.5	1.0	5.1	11
2026-09-07	CKN.L	5100.0	7.0	8	1.5	1.0	1.0	1.0	2.0	2.0	1.0	1.0	1.5	1.5	2.0	6.2	4	1.0	1.0	1.0	1.0	1.5	2.0	2.5	4	0.5	1.0	0.0	0.0	1.0	6.8	12
2026-09-07	CL	88.7699966430664	7.3	9	1.5	1.5	1.0	1.5	1.0	2.0	1.5	1.0	2.0	2.0	1.0	4.2	6	1.0	0.0	1.0	1.0	1.0	1.0	3.0	5	0.0	0.0	0.0	2.0	1.0	6.4	15
2026-09-07	CLAR	3.75	5.9	10	1.0	0.0	1.0	1.5	2.0	2.0	2.0	1.0	0.0	1.5	1.0	3.8	5	0.5	1.0	1.0	1.0	0.0	1.0	3.0	5	1.0	1.0	0.0	0.0	1.0	5.3	15
2026-09-07	CLASb.ST	450.20001220703125														5.8	5	0.5	1.0	1.0	2.0	1.0	1.5	3.5	4	1.0	1.0	0.0	0.5	1.0	5.8	5
2026-09-07	CLB	12.539999961853027	5.5	9	0.5	0.5	1.0	0.0	1.0	2.0	1.0	1.0	1.0	2.0	2.0	5.0	6	1.5	2.0	1.0	0.0	1.0	0.5	3.0	5	1.0	0.5	0.0	0.5	1.0	5.3	15
2026-09-07	CLBK	11.699999809265137	6.4	8	2.0	2.0	1.0	0.0	2.0	2.0	2.0	1.0	1.0	0.0	1.0	7.1	5	1.0	1.0	1.0	2.0	2.0	1.5	3.0	4	0.0	1.5	0.0	1.0	0.5	6.6	13
2026-09-07	CLBT	11.449999809265137	6.4	9	2.0	2.0	1.0	1.0	0.0	1.0	1.5	1.0	1.0	1.5	2.0	5.8	6	0.0	2.0	1.0	1.0	1.5	1.5	2.5	5	1.0	1.0	0.0	0.0	0.5	6.2	15
2026-09-07	CLDX	39.68000030517578	5.5	10	2.0	2.0	1.0	0.5	2.0	0.0	0.5	1.0	0.0	2.0	1.0	4.6	5	1.0	1.0	1.0	2.0	0.5	0.0	3.0	5	1.0	0.5	0.0	0.0	1.5	5.2	15
2026-09-07	CLF.US	12.5	6.1	9	1.0	0.5	1.0	0.5	2.0	1.5	2.0	1.0	0.0	2.0	2.0	7.1	6	2.0	2.0	1.0	2.0	0.5	1.0	4.0	5	2.0	0.0	0.0	1.0	1.0	6.4	15
2026-09-07	CLFD	28.649999618530273	5.2	9	2.0	2.0	1.0	0.5	0.0	2.0	0.0	1.0	0.5	1.5	1.0	3.3	6	0.0	1.0	1.0	0.0	0.5	1.5	4.0	5	2.0	1.0	0.0	0.0	1.0	4.6	15
2026-09-07	CLH	317.1000061035156	8.2	9	2.0	1.5	1.0	1.5	2.0	2.0	1.5	1.0	1.5	2.0	2.0	6.2	6	2.0	0.0	1.0	2.0	1.0	1.5	3.5	5	1.0	1.0	0.0	1.0	0.5	7.6	15
2026-09-07	CLIG.L	470.0														5.8	4	1.0	1.0	1.0	1.0	2.0	1.0	3.0	4	0.0	1.0	1.0	0.0	1.0	5.8	4
2026-09-07	CLIQ.DE	5.099999904632568														3.3	3	1.0	1.0	1.0	1.0	0.0	0.0	3.0	4	0.0	2.0	0.0	0.0	1.0	3.3	3
2026-09-07	CLLS	3.240000009536743	6.1	9	1.5	2.0	1.0	2.0	1.0	2.0	1.5	1.0	0.0	0.5	1.0	4.2	4	1.0	1.0	1.0	2.0	0.0	0.0	6.0	5	2.0	0.5	0.0	1.5	2.0	5.5	13
2026-09-07	CLMB	29.170000076293945	7.0	9	1.5	1.0	1.0	1.0	2.0	2.0	1.5	1.0	1.5	2.0	1.0	5.8	6	1.0	2.0	1.0	1.0	1.0	1.0	3.0	5	1.0	0.5	0.0	0.0	1.5	6.6	15
2026-09-07	CLMT	53.130001068115234	5.9	9	1.5	1.0	1.0	1.0	2.0	1.0	2.0	1.0	1.0	1.5	0.0	6.2	4	2.0	1.0	1.0	1.0	0.5	2.0	3.5	4	0.5	1.5	0.0	1.0	0.5	6.0	13
2026-09-07	CLN.ZU	10.59000015258789	6.1	7	1.5	1.0	1.0	1.0	2.0	1.5	1.0	1.0	0.0	1.5	2.0	5.0	4	2.0	1.0	1.0	1.0	0.5	0.5	3.5	4	0.5	1.0	0.0	1.0	1.0	5.8	11
2026-09-07	CLNE	1.649999976158142	6.6	9	1.5	2.0	1.0	1.5	0.0	2.0	2.0	1.0	0.0	1.5	2.0	2.5	6	0.0	1.0	1.0	0.0	0.0	1.0	5.0	5	2.0	1.5	0.0	0.5	1.0	5.4	15
2026-09-07	CLNX.MC	25.65999984741211	5.7	9	1.5	2.0	1.0	1.0	0.0	2.0	2.0	1.0	0.0	2.0	0.0	5.8	4	1.0	1.0	1.0	2.0	0.5	1.5	5.0	4	1.5	1.0	0.0	1.5	1.0	5.7	13
2026-09-07	CLOV	4.255000114440918	5.9	9	1.5	2.0	1.0	1.0	1.0	2.0	0.5	1.0	0.0	1.0	2.0	4.6	4	1.0	0.0	1.0	1.0	0.5	2.0	4.5	4	2.0	0.5	0.0	1.0	1.0	5.5	13
2026-09-07	CLPT	13.960000038146973	5.0	10	1.5	2.0	1.0	0.5	1.0	1.5	0.0	1.0	0.0	1.5	1.0	4.6	5	2.0	1.0	1.0	0.0	0.0	1.5	5.5	5	1.5	0.5	0.0	2.0	1.5	4.9	15
2026-09-07	CLS	312.3500061035156	7.0	10	2.0	2.0	1.0	1.5	0.0	1.5	1.5	1.5	2.0	1.5	1.0	7.1	6	1.5	1.0	1.0	2.0	1.0	2.0	3.0	5	1.5	0.5	0.0	0.5	0.5	7.0	16
2026-09-07	CLSK	12.6899995803833	5.2	9	2.0	2.0	1.0	0.0	1.0	1.5	0.0	1.0	0.0	2.0	1.0	2.5	5	1.0	1.0	1.0	0.0	0.0	0.0	4.5	5	2.0	0.5	0.0	1.5	0.5	4.4	14
2026-09-07	CLVT	2.069999933242798	4.5	9	1.0	2.0	1.0	0.5	0.0	0.5	2.0	1.0	0.0	2.0	0.0	3.8	5	2.0	1.0	1.0	0.0	0.0	0.5	5.0	5	1.5	1.0	0.0	1.0	1.5	4.3	14
2026-09-07	CLW	20.920000076293945	6.6	9	1.0	1.0	1.0	1.5	2.0	2.0	1.0	1.0	0.0	2.0	2.0	4.6	6	0.5	1.0	1.0	2.0	0.5	0.5	1.5	5	0.0	0.5	0.0	0.5	0.5	6.0	15
2026-09-07	CLW.ASX	3.509999990463257	5.7	8	1.0	1.5	1.0	1.0	0.0	2.0	1.0	1.0	1.0	1.0	2.0	7.1	4	2.0	1.0	1.0	1.0	2.0	1.5	3.5	4	1.0	1.0	0.0	0.5	1.0	6.1	12
2026-09-07	CLX	93.05999755859375	4.8	10	0.5	1.0	1.0	0.5	0.0	1.5	1.5	0.5	2.0	2.0	0.0	5.0	6	1.5	2.0	1.0	0.0	1.0	0.5	4.5	5	0.5	1.0	0.0	2.0	1.0	4.9	16
2026-09-07	CM	117.5	6.1	8	1.5	1.5	1.0	1.0	1.0	2.0	1.5	0.0	1.5	1.5	1.0	7.1	6	1.0	2.0	1.0	1.0	2.0	1.5	5.5	4	1.5	1.0	0.0	1.0	2.0	6.4	14
2026-09-07	CMBT	19.489999771118164	5.7	10	1.5	1.0	1.0	2.0	1.5	2.0	0.0	0.0	2.0	0.5	1.0	8.3	5	2.0	1.0	1.0	2.0	2.0	2.0	5.0	5	0.0	2.0	1.0	1.5	0.5	6.5	15
2026-09-07	CMC	70.27999877929688	7.5	9	1.5	1.5	1.0	1.0	2.0	2.0	1.5	1.0	1.0	2.0	2.0	6.7	6	0.0	2.0	1.0	2.0	1.0	2.0	3.0	5	1.5	0.0	0.0	0.5	1.0	7.3	15
2026-09-07	CMCL	26.329999923706055	7.3	9	1.5	2.0	1.0	0.5	1.5	2.0	2.0	1.0	2.0	1.5	1.0	6.2	5	2.0	1.0	1.0	0.0	2.0	1.5	2.5	5	0.5	0.0	0.0	0.5	1.5	7.0	14
2026-09-07	CMCO	18.84000015258789	6.4	9	1.0	1.0	1.0	0.0	2.0	2.0	2.0	1.0	0.0	2.0	2.0	5.8	6	2.0	2.0	1.0	0.0	0.0	2.0	3.5	5	1.5	0.0	0.0	1.5	0.5	6.2	15
2026-09-07	CMCSA	26.489999771118164	5.9	9	1.5	1.5	1.0	1.5	1.0	1.0	1.5	1.0	1.0	2.0	0.0	4.2	6	0.0	2.0	1.0	0.5	1.0	0.5	2.0	5	0.5	0.0	0.0	1.0	0.5	5.4	15
2026-09-07	CME	281.2900085449219	6.6	10	1.0	1.0	1.0	2.0	2.0	1.5	1.0	0.5	1.5	2.0	1.0	3.8	6	0.0	0.0	1.0	0.5	2.0	1.0	0.5	5	0.0	0.0	0.0	0.0	0.5	5.8	16
2026-09-07	CMG	36.959999084472656	7.5	10	2.0	2.0	1.0	1.5	2.0	1.5	1.5	1.0	2.0	2.0	0.0	4.6	6	1.0	0.0	1.0	1.0	1.5	1.0	3.0	5	1.0	0.0	0.0	1.5	0.5	6.6	16
2026-09-07	CMI	560.75	6.8	9	2.0	2.0	1.0	2.0	0.0	1.5	0.0	1.0	1.5	2.0	2.0	5.4	6	1.5	0.0	1.0	2.0	1.0	1.0	2.5	5	1.5	0.0	0.0	0.5	0.5	6.4	15
2026-09-07	CMM.ASX	16.1299991607666	6.8	8	2.0	2.0	1.0	1.0	2.0	2.0	1.0	0.0	2.0	1.0	1.0	6.2	4	0.5	1.0	1.0	1.0	2.0	2.0	3.0	4	1.5	0.5	0.0	0.0	1.0	6.6	12
2026-09-07	CMO.PA	117.5														6.7	4	2.0	1.0	1.0	1.0	2.0	1.0	2.0	3	0.0	0.0	0.0	1.0	1.0	6.7	4
2026-09-07	CMP	25.31999969482422	6.1	9	0.5	1.5	1.0	1.0	1.0	2.0	0.5	1.0	1.0	2.0	2.0	5.8	6	2.0	0.0	1.0	2.0	1.0	1.0	4.5	5	1.5	0.0	0.0	2.0	1.0	6.0	15
2026-09-07	CMPR	87.44999694824219	6.4	8	1.5	2.0	1.0	0.5	1.0	2.0	2.0	1.0	1.0	2.0	0.0	4.2	5	1.0	0.0	1.0	1.0	1.0	1.0	5.5	4	1.5	0.0	1.0	1.0	2.0	5.7	13
2026-09-07	CMPS	13.270000457763672	5.0	9	2.0	2.0	1.0	0.5	2.0	0.0	0.0	1.0	0.0	1.5	1.0	5.8	4	1.0	2.0	1.0	1.5	0.5	1.0	4.0	5	2.0	0.5	0.0	0.5	1.0	5.2	13
2026-09-07	CMPX	2.380000114440918	5.2	10	2.0	2.0	1.0	0.0	1.0	0.0	1.5	1.0	0.0	2.0	1.0	2.9	4	1.0	0.0	1.0	0.0	0.5	1.0	4.0	5	1.0	1.0	0.0	0.0	2.0	4.5	14
2026-09-07	CMRC	2.569999933242798	5.2	9	0.5	0.0	1.0	1.0	0.0	2.0	2.0	1.0	0.0	2.0	2.0	2.9	5	1.0	0.0	1.0	0.0	0.5	1.0	6.5	5	1.0	1.0	1.0	2.0	1.5	4.5	14
2026-09-07	CMS	68.45999908447266	6.4	10	1.5	1.5	1.0	2.0	0.0	2.0	1.5	1.5	1.0	2.0	0.0	5.0	6	1.0	0.0	1.0	2.0	1.5	0.5	3.0	5	0.0	1.5	0.0	1.5	0.0	6.0	16
2026-09-07	CMT	24.1200008392334	6.6	9	1.5	2.0	1.0	1.5	1.0	2.0	0.0	1.0	0.5	2.0	2.0	5.0	6	2.0	2.0	1.0	0.0	1.0	0.0	1.5	5	0.0	0.0	0.0	0.0	1.5	6.1	15
2026-09-07	CMTG	1.6200000047683716	4.8	9	0.5	2.0	1.0	1.5	0.0	2.0	0.0	1.0	0.0	1.5	1.0	3.8	4	1.0	1.0	1.0	0.0	0.5	1.0	5.5	5	1.0	1.5	0.0	1.5	1.5	4.5	13
2026-09-07	CMW.ASX	0.375														4.2	4	0.0	1.0	1.0	1.0	2.0	0.0	4.0	4	1.0	1.5	0.0	0.5	1.0	4.2	4
2026-09-07	CNA	48.470001220703125	4.8	9	0.5	1.0	1.0	0.5	1.0	2.0	0.5	1.0	1.0	2.0	0.0	7.1	6	2.0	2.0	1.0	1.5	1.0	1.0	1.5	5	0.0	0.0	0.0	0.0	1.5	5.5	15
2026-09-07	CNA.L	149.8000030517578	6.6	8	2.0	2.0	1.0	1.0	0.0	1.5	1.0	2.0	1.5	1.5	1.0	5.8	4	2.0	1.0	1.0	1.0	1.0	1.0	3.0	4	0.0	1.5	0.0	0.5	1.0	6.4	12
2026-09-07	CNC	67.04000091552734	7.0	9	1.5	1.5	1.0	1.5	2.0	2.0	2.0	1.0	0.0	2.0	1.0	5.4	6	2.0	0.0	1.0	2.0	0.5	1.0	3.5	5	1.0	1.5	0.0	0.5	0.5	6.5	15
2026-09-07	CNC.L	265.0	6.8	7	1.5	2.0	1.0	1.0	2.0	2.0	1.0	1.0	1.0	1.5	1.0	5.0	4	0.0	1.0	1.5	1.0	1.5	1.0	4.5	4	1.5	1.0	1.0	0.0	1.0	6.3	11
2026-09-07	CNDA	12.5														3.8	3	0.0	1.0	1.0	1.0	0.5	1.0	3.0	4	0.0	2.0	0.0	1.0	0.0	3.8	3
2026-09-07	CNDF.PA	30.799999237060547														7.1	4	2.0	1.0	1.0	1.0	2.0	1.5	2.0	3	0.0	0.0	0.0	1.0	1.0	7.1	4
2026-09-07	CNDT	1.940000057220459	6.6	9	1.5	2.0	1.0	1.5	1.5	2.0	0.0	1.0	0.0	2.0	2.0	5.4	5	1.0	2.0	1.0	2.0	0.5	0.0	3.5	5	1.5	0.0	0.0	1.0	1.0	6.2	14
2026-09-07	CNE.L	382.0														5.4	3	1.0	1.0	1.0	1.0	1.5	1.0	2.5	4	0.0	1.5	0.0	0.0	1.0	5.4	3
2026-09-07	CNH.US	14.399999618530273	6.1	10	1.5	0.5	1.0	1.0	1.5	1.0	2.0	1.5	0.5	2.0	1.0	5.8	6	2.0	2.0	1.0	0.0	1.0	1.0	6.5	5	1.5	2.0	0.0	2.0	1.0	6.0	16
2026-09-07	CNI	123.37000274658203	5.7	9	1.5	1.5	1.0	1.0	1.0	1.0	1.5	0.5	1.5	2.0	0.0	5.4	6	0.5	0.0	1.0	1.5	2.0	1.5	5.5	5	1.0	0.5	2.0	1.0	1.0	5.6	15
2026-09-07	CNK	35.040000915527344	5.9	10	1.5	1.5	1.0	0.5	2.0	1.5	1.0	0.0	2.0	2.0	0.0	5.4	6	1.0	2.0	1.0	0.0	1.0	1.5	4.0	5	1.0	0.5	0.0	2.0	0.5	5.8	16
2026-09-07	CNM	44.31999969482422	5.9	10	1.0	2.0	1.0	1.0	0.0	1.0	1.0	0.5	1.5	2.0	2.0	5.8	6	1.5	1.0	1.0	2.0	1.0	0.5	4.0	5	1.0	1.0	0.0	1.0	1.0	5.9	16
2026-09-07	CNMD	49.31999969482422	6.6	9	1.0	0.5	1.0	1.0	2.0	2.0	2.0	1.0	1.0	2.0	1.0	5.4	6	1.0	2.0	1.0	0.5	1.0	1.0	3.5	5	1.0	0.5	0.0	1.0	1.0	6.2	15
2026-09-07	CNNE	15.829999923706055	5.5	9	1.5	1.0	1.0	0.5	2.0	2.0	0.0	1.0	0.0	2.0	1.0	4.6	5	1.0	1.0	1.0	2.0	0.0	0.5	3.0	5	1.5	0.0	0.0	0.0	1.5	5.2	14
2026-09-07	CNO	56.75	7.5	10	1.5	1.5	1.0	2.0	2.0	1.5	2.0	0.0	1.0	2.0	2.0	5.0	6	1.5	0.0	1.0	1.0	1.0	1.5	4.0	5	1.0	1.5	0.0	1.5	0.0	6.8	16
2026-09-07	CNOB	32.310001373291016	6.8	8	1.5	1.5	1.0	1.5	1.0	2.0	1.5	1.0	1.0	2.0	1.0	6.7	6	1.5	0.0	1.0	1.5	2.0	2.0	4.0	4	1.0	1.0	0.0	1.0	1.0	6.8	14
2026-09-07	CNP	39.66999816894531	5.9	9	1.5	1.5	1.0	1.0	0.0	1.5	1.5	1.0	1.0	2.0	1.0	5.8	6	1.0	1.0	1.0	1.0	1.5	1.5	3.5	5	0.0	0.5	0.0	1.5	1.5	5.9	15
2026-09-07	CNQ	50.459999084472656	7.7	9	1.5	1.5	1.0	1.0	2.0	1.5	2.0	1.5	2.0	2.0	1.0	4.6	6	0.5	0.0	1.0	0.0	2.0	2.0	4.5	5	1.0	1.5	0.0	0.5	1.5	6.8	15
2026-09-07	CNR	99.62000274658203	7.3	9	1.0	1.5	1.0	1.0	2.0	2.0	2.0	1.0	0.5	2.0	2.0	2.5	6	0.0	0.0	1.0	0.0	1.0	1.0	0.5	5	0.0	0.0	0.0	0.0	0.5	5.9	15
2026-09-07	CNS	79.91000366210938	6.8	9	1.5	1.5	1.0	1.5	1.0	2.0	1.0	1.0	2.0	1.5	1.0	6.7	6	1.0	1.0	1.0	1.5	2.0	1.5	2.5	5	1.0	0.5	0.0	0.0	1.0	6.8	15
2026-09-07	CNTM	5.400000095367432	4.3	9	1.5	2.0	1.0	1.5	0.0	2.0	0.5	1.0	0.0	0.0	0.0	7.1	4	2.0	1.0	1.5	1.0	1.0	2.0	4.5	5	2.0	0.5	1.0	1.0	0.0	5.1	13
2026-09-07	CNTY	1.2100000381469727	5.5	9	1.5	2.0	1.0	2.0	0.0	2.0	0.0	1.0	0.0	1.5	1.0	4.6	6	2.0	1.0	1.0	0.0	0.5	1.0	4.5	4	1.5	1.5	0.0	1.0	0.5	5.2	15
2026-09-07	CNU.ASX	7.21999979019165														4.6	4	0.5	1.0	1.0	1.0	1.0	1.0	5.0	4	0.0	2.0	0.0	2.0	1.0	4.6	4
2026-09-07	CNX	37.4900016784668	5.9	9	0.5	0.5	1.0	0.5	2.0	2.0	2.0	1.0	1.5	2.0	0.0	5.8	6	1.0	1.0	1.0	2.0	2.0	0.0	2.5	5	0.5	0.0	0.0	0.5	1.5	5.9	15
2026-09-07	CNXC	32.15999984741211	5.2	9	1.5	0.5	1.0	0.0	1.5	2.0	1.0	1.0	0.0	2.0	1.0	5.0	6	2.0	2.0	1.0	0.0	0.0	1.0	3.5	5	0.0	0.5	0.0	1.5	1.5	5.1	15
2026-09-07	CO.PA	0.18459999561309814														5.0	4	2.0	1.0	1.0	1.0	0.5	0.5	6.0	4	1.5	1.5	0.0	2.0	1.0	5.0	4
2026-09-07	COA.L	81.05000305175781	7.7	8	1.5	2.0	1.0	1.0	1.0	2.0	1.0	2.0	1.5	2.0	2.0	5.8	4	1.5	1.0	1.0	1.0	1.0	1.5	4.0	4	1.5	0.5	0.0	1.0	1.0	7.1	12
2026-09-07	COAG	44.40999984741211	6.6	7	2.0	2.0	1.0	1.0	0.5	1.5	1.5	1.0	1.0	2.0	1.0	4.6	2	1.0	1.0	1.0	1.0	0.5	1.0	2.5	4	1.0	0.5	0.0	0.0	1.0	6.0	9
2026-09-07	COCO	55.130001068115234	7.0	9	2.0	2.0	1.0	0.5	0.0	2.0	2.0	1.0	2.0	2.0	1.0	5.4	6	0.5	0.0	1.0	1.5	1.5	2.0	2.5	5	0.5	0.0	1.0	0.0	1.0	6.5	15
2026-09-07	COCP	1.1299999952316284														5.4	3	1.0	1.0	1.0	2.0	0.5	1.0	4.5	5	1.5	1.0	0.0	1.0	1.0	5.4	3
2026-09-07	CODI	11.670000076293945	7.5	9	1.5	2.0	1.0	1.0	2.0	2.0	2.0	1.0	0.0	2.0	2.0	3.3	6	0.5	0.0	1.0	2.0	0.5	0.0	6.0	5	1.5	1.0	0.0	2.0	1.5	6.2	15
2026-09-07	CODX	1.159999966621399	5.7	9	1.5	2.0	1.0	1.0	0.0	2.0	1.5	1.0	0.0	0.5	2.0	5.4	4	1.0	1.0	1.0	2.0	0.5	1.0	4.5	5	2.0	2.0	0.0	0.0	0.5	5.6	13
2026-09-07	COF	219.60000610351562	7.7	8	2.0	1.5	1.0	2.0	2.0	1.5	2.0	1.0	1.0	2.0	1.0	6.2	6	2.0	0.0	1.0	0.5	2.0	2.0	2.5	4	1.0	0.0	0.0	1.0	0.5	7.2	14
2026-09-07	COFA.PA	16.260000228881836	6.8	7	1.5	2.0	1.0	1.0	2.0	2.0	1.0	1.0	1.0	1.5	1.0	5.8	4	1.5	1.0	1.0	1.0	1.5	1.0	3.5	4	0.0	1.0	0.0	1.5	1.0	6.5	11
2026-09-07	COFFEEB.ST	19.1200008392334														5.0	4	0.0	1.0	1.0	1.0	1.0	2.0	2.5	3	1.0	0.5	0.0	0.0	1.0	5.0	4
2026-09-07	COGT	34.7599983215332	5.7	9	2.0	2.0	1.0	0.5	0.0	2.0	1.0	1.0	0.0	2.0	1.0	5.0	4	1.0	1.0	1.0	1.5	0.5	1.0	2.5	5	0.0	0.5	0.0	0.5	1.5	5.5	13
2026-09-07	COH.ASX	140.38999938964844	5.7	8	1.0	1.5	1.0	1.0	1.0	1.5	1.0	0.0	1.0	1.5	2.0	4.6	4	0.5	1.0	1.0	1.0	1.0	1.0	1.5	4	0.0	0.5	0.0	0.0	1.0	5.4	12
2026-09-07	COH.PA	9.960000038146973														5.8	4	1.0	1.0	1.0	1.0	1.5	1.5	1.5	4	0.0	0.5	0.0	0.0	1.0	5.8	4
2026-09-07	COHR	281.8599853515625	6.8	9	1.5	2.0	1.0	1.0	1.0	1.0	1.5	1.0	1.0	2.0	2.0	7.1	6	2.0	0.0	1.0	2.0	1.5	2.0	3.0	5	2.0	0.0	0.0	0.5	0.5	6.9	15
2026-09-07	COHU	50.720001220703125	5.2	9	2.0	2.0	1.0	0.0	1.0	1.5	0.0	1.0	0.0	2.0	1.0	7.5	6	1.5	2.0	1.0	2.0	0.5	2.0	3.5	5	1.5	0.0	0.0	0.5	1.5	5.9	15
2026-09-07	COIN	184.63999938964844	4.3	10	1.5	1.5	1.0	0.5	1.0	0.0	0.0	0.5	0.0	1.5	2.0	4.2	6	2.0	2.0	1.0	0.0	0.0	0.0	4.0	5	2.0	1.0	0.0	0.5	0.5	4.3	16
2026-09-07	COL.ASX	23.56999969482422	5.7	8	1.5	1.0	1.0	1.0	2.0	2.0	1.0	0.0	2.0	1.0	0.0	4.6	4	0.5	1.0	1.0	1.0	1.0	1.0	3.5	4	0.0	0.5	0.0	2.0	1.0	5.4	12
2026-09-07	COL.MC	5.304999828338623	4.1	9	0.5	0.5	1.0	1.0	0.0	2.0	0.5	1.0	1.0	1.5	0.0	6.7	4	2.0	1.0	1.0	1.0	2.0	1.0	4.0	4	1.5	0.0	1.0	0.5	1.0	4.9	13
2026-09-07	COLB	30.799999237060547	7.0	9	1.5	1.5	1.0	1.5	1.0	1.5	2.0	1.5	1.0	2.0	1.0	7.5	6	1.5	2.0	1.0	0.5	2.0	2.0	3.0	4	0.5	0.5	0.0	1.0	1.0	7.1	15
2026-09-07	COLD	14.220000267028809	5.2	10	1.5	1.5	1.0	1.0	1.0	2.0	0.0	1.5	0.0	2.0	0.0	1.7	6	0.0	0.0	1.0	0.0	0.0	1.0	4.0	5	1.0	0.0	0.0	1.5	1.5	4.1	16
2026-09-07	COLL	23.530000686645508	6.1	9	1.5	2.0	1.0	0.0	0.0	1.5	2.0	1.0	1.5	2.0	1.0	5.0	6	1.0	2.0	1.0	0.0	1.0	1.0	6.5	5	0.5	2.0	0.0	2.0	2.0	5.8	15
2026-09-07	COLM	57.720001220703125	5.7	9	1.0	1.5	1.0	0.5	0.0	1.0	2.0	1.0	1.0	1.5	2.0	5.0	6	1.0	2.0	1.0	0.0	1.0	1.0	2.0	5	1.0	0.0	0.0	0.0	1.0	5.5	15
2026-09-07	COLO-B.CO	454.70001220703125														4.6	5	1.5	1.0	1.0	0.0	1.0	1.0	3.5	4	0.5	0.5	0.0	1.5	1.0	4.6	5
2026-09-07	COLR.BR	39.52000045776367														5.0	4	1.0	1.0	1.0	1.0	1.0	1.0	2.5	4	0.0	1.5	0.0	0.0	1.0	5.0	4
2026-09-07	COLUM.CO	9.699999809265137														4.2	4	0.0	1.0	1.0	1.0	1.0	1.0	2.0	4	0.5	0.0	0.0	0.5	1.0	4.2	4
2026-09-07	COMB.BR	308.0														6.7	4	1.5	1.0	2.0	1.0	1.5	1.0	4.0	4	0.0	0.5	2.0	0.5	1.0	6.7	4
2026-09-07	COMP.US	11.119999885559082	7.0	9	2.0	2.0	1.0	1.0	1.0	2.0	2.0	1.0	0.5	2.0	1.0	6.2	6	0.0	2.0	1.0	1.5	1.0	2.0	4.0	5	2.0	0.0	0.0	1.0	1.0	6.8	15
2026-09-07	CON.DE	71.55999755859375	6.1	9	2.0	1.5	1.0	1.0	2.0	2.0	2.0	0.0	0.0	1.0	1.0	2.1	5	0.0	1.0	1.0	0.0	0.5	0.0	4.5	4	1.5	0.5	0.0	1.5	1.0	4.9	14
2026-09-07	CON.US	34.470001220703125	8.2	9	2.0	1.5	1.0	1.5	2.0	2.0	2.0	1.0	2.0	2.0	1.0	5.8	6	1.0	2.0	1.0	1.0	1.0	1.0	4.5	5	0.5	1.5	0.0	2.0	0.5	7.5	15
2026-09-07	COO	69.58999633789062	6.4	9	1.5	2.0	1.0	1.5	0.0	2.0	1.5	1.0	0.5	2.0	1.0	5.8	6	2.0	2.0	1.0	0.0	1.0	1.0	3.0	5	1.0	0.5	0.0	0.5	1.0	6.2	15
2026-09-07	COOK	49.970001220703125	5.0	9	1.0	2.0	1.0	1.0	0.0	1.5	0.5	1.0	0.0	2.0	1.0	2.5	4	1.0	1.0	1.0	0.0	0.0	0.0	4.0	5	2.0	0.0	0.0	2.0	0.0	4.2	13
2026-09-07	COP	134.25999450683594	7.7	10	2.0	1.5	1.0	2.0	2.0	1.0	1.5	1.0	1.0	2.0	2.0	5.4	6	1.5	0.0	1.0	0.5	1.5	2.0	2.5	5	0.0	1.5	0.0	0.5	0.5	7.0	16
2026-09-07	COR	330.95001220703125	6.6	10	2.0	1.5	1.0	1.5	2.0	1.5	1.0	0.0	2.0	2.0	0.0	5.8	6	2.0	1.0	1.0	1.0	1.0	1.0	3.5	5	0.5	0.0	0.0	2.0	1.0	6.4	16
2026-09-07	COR.LS	7.050000190734863														5.4	4	2.0	1.0	1.0	1.0	1.0	0.5	1.0	4	0.0	0.0	0.0	0.0	1.0	5.4	4
2026-09-07	CORT	111.62000274658203	7.0	9	1.5	2.0	1.0	0.5	2.0	0.5	2.0	1.0	1.0	2.0	2.0	8.3	6	2.0	2.0	1.0	2.0	1.0	2.0	2.5	5	0.0	1.0	0.0	0.0	1.5	7.4	15
2026-09-07	CORZ	17.889999389648438	4.8	8	2.0	2.0	1.0	0.0	0.0	1.5	0.0	1.0	1.0	2.0	0.0	4.6	4	1.0	0.0	1.0	1.0	0.5	2.0	4.5	4	2.0	0.5	0.0	1.0	1.0	4.7	12
2026-09-07	COST	915.739990234375	7.0	10	2.0	2.0	1.0	2.0	0.0	1.5	1.0	1.0	2.0	2.0	1.0	5.8	6	0.0	2.0	1.0	1.0	1.0	2.0	3.0	5	1.0	0.5	0.0	0.5	1.0	6.6	16
2026-09-07	COST.L	227.5	6.8	7	1.5	2.0	1.0	1.0	2.0	2.0	1.0	1.0	1.5	1.0	1.0	5.0	4	1.0	1.0	1.0	1.0	1.0	1.0	3.0	4	1.0	1.0	0.0	0.0	1.0	6.3	11
2026-09-07	COTY	2.930000066757202	3.9	9	1.0	0.5	1.0	0.5	2.0	1.5	0.0	1.0	0.0	1.0	0.0	3.3	6	2.0	0.0	1.0	0.0	0.0	1.0	3.0	5	1.0	0.0	0.0	1.0	1.0	3.7	15
2026-09-07	COTY.PA	2.559999942779541	4.1	8	1.0	0.5	1.0	1.0	2.0	1.5	0.0	1.0	0.0	1.0	0.0	3.3	6	2.0	0.0	1.0	0.0	0.0	1.0	3.0	4	1.0	0.0	0.0	1.0	1.0	3.9	14
2026-09-07	COUR	5.800000190734863	6.6	9	1.5	2.0	1.0	1.0	1.0	1.0	2.0	1.0	0.0	2.0	2.0	6.7	5	1.0	2.0	1.0	2.0	0.0	2.0	3.5	5	1.5	1.0	0.0	0.0	1.0	6.6	14
2026-09-07	COV.PA	49.040000915527344	4.3	8	1.0	1.5	1.0	1.0	0.0	1.5	1.0	0.5	1.0	1.0	0.0	5.0	4	0.0	1.0	1.0	1.0	2.0	1.0	4.5	4	1.0	1.5	0.0	1.0	1.0	4.5	12
2026-09-07	COVH.PA	22.600000381469727														5.0	4	0.0	1.0	1.0	1.0	2.0	1.0	4.5	4	0.0	1.0	2.0	0.5	1.0	5.0	4
2026-09-07	CP	91.5999984741211	6.4	9	2.0	1.5	1.0	1.5	2.0	1.0	1.0	1.0	1.0	2.0	0.0	6.7	6	1.0	1.0	1.0	1.5	2.0	1.5	4.5	5	1.5	1.0	0.0	0.5	1.5	6.5	15
2026-09-07	CPA	132.30999755859375	7.3	10	2.0	2.0	1.0	1.5	1.0	2.0	1.0	1.0	1.5	2.0	1.0	8.8	6	2.0	2.0	1.0	2.0	1.5	2.0	3.0	5	1.0	0.0	0.0	1.0	1.0	7.8	16
2026-09-07	CPAY	416.3699951171875	7.5	10	2.0	1.5	1.0	1.5	2.0	1.5	1.5	1.5	2.0	2.0	0.0	7.9	6	2.0	1.0	1.0	1.5	2.0	2.0	5.5	5	1.0	1.5	0.0	2.0	1.0	7.6	16
2026-09-07	CPB	21.3799991607666	4.1	10	0.5	1.0	1.0	0.0	0.0	2.0	1.0	1.0	1.0	1.5	0.0	5.0	6	2.0	2.0	0.5	0.0	1.0	0.5	5.0	5	0.0	1.0	1.0	1.5	1.5	4.4	16
2026-09-07	CPF	38.189998626708984	6.8	8	1.5	1.5	1.0	1.5	1.0	2.0	1.5	1.0	1.0	2.0	1.0	5.0	6	1.0	0.0	1.0	1.0	2.0	1.0	3.5	4	1.0	0.5	0.0	1.0	1.0	6.3	14
2026-09-07	CPI.L	258.0	5.0	7	2.0	2.0	1.0	1.0	0.0	1.0	1.0	1.0	0.0	2.0	0.0	4.2	4	1.0	1.0	1.0	1.0	0.5	0.5	4.5	4	1.0	0.5	0.0	2.0	1.0	4.8	11
2026-09-07	CPINV.BR	12.619999885559082														7.1	4	2.0	1.0	1.0	1.0	2.0	1.5	2.5	4	0.5	0.0	0.0	1.0	1.0	7.1	4
2026-09-07	CPK	132.66000366210938	6.1	9	1.5	1.5	1.0	1.0	2.0	2.0	0.5	1.0	1.0	2.0	0.0	5.8	6	1.0	1.0	1.0	1.5	1.5	1.0	2.5	5	0.5	0.0	0.0	1.0	1.0	6.0	15
2026-09-07	CPNG	15.289999961853027	4.8	10	1.5	2.0	1.0	1.0	0.0	1.5	0.0	1.5	0.0	2.0	0.0	5.8	5	1.5	2.0	1.0	1.0	0.5	1.0	5.5	5	1.0	2.0	0.0	1.5	1.0	5.1	15
2026-09-07	CPP.L	20.0														5.4	3	1.0	1.0	1.0	1.0	1.0	1.5	4.5	4	1.5	1.0	1.0	0.0	1.0	5.4	3
2026-09-07	CPR.MI	5.771999835968018	5.9	7	1.0	1.5	1.0	1.0	1.0	2.0	1.0	1.0	1.0	0.5	2.0	5.0	4	1.5	1.0	1.0	1.0	1.0	0.5	2.0	4	0.0	0.5	0.0	0.5	1.0	5.6	11
2026-09-07	CPRI	13.5600004196167	6.6	9	1.5	2.0	1.0	1.0	0.0	1.5	1.5	1.0	2.0	2.0	1.0	3.8	6	2.0	0.0	1.0	0.0	1.0	0.5	5.5	5	1.5	1.5	0.0	2.0	0.5	5.8	15
2026-09-07	CPRT	33.720001220703125	6.4	10	1.0	1.0	1.0	1.0	1.0	1.0	1.5	2.0	1.5	2.0	1.0	4.2	6	0.0	0.0	1.0	1.0	2.0	1.0	2.5	5	1.0	0.5	0.0	0.0	1.0	5.7	16
2026-09-07	CPS	27.18000030517578	5.2	8	1.5	2.0	1.0	1.5	0.0	1.0	0.0	1.0	1.0	1.5	1.0	5.4	4	1.0	1.0	1.0	2.0	0.5	1.0	5.0	4	2.0	1.5	0.0	1.0	0.5	5.3	12
2026-09-07	CPT	105.69000244140625	5.0	10	1.5	1.5	1.0	1.5	0.0	1.5	0.0	1.0	1.0	2.0	0.0	2.9	6	0.0	0.0	1.0	0.0	2.0	0.5	2.5	5	0.5	0.0	0.0	1.0	1.0	4.4	16
2026-09-07	CPU.ASX	39.529998779296875	6.4	8	1.0	1.5	1.0	1.0	1.0	2.0	1.0	0.0	2.0	1.5	2.0	5.8	4	1.5	1.0	1.0	1.0	1.5	1.0	2.0	4	0.0	0.5	0.0	0.5	1.0	6.2	12
2026-09-07	CQE.ASX	2.390000104904175	6.1	7	1.5	2.0	1.0	1.0	0.0	2.0	1.0	1.0	1.0	1.0	2.0	6.7	4	2.0	1.0	1.0	1.0	2.0	1.0	4.0	4	1.0	1.5	0.0	0.5	1.0	6.3	11
2026-09-07	CQP	68.7300033569336	6.4	10	0.5	0.5	1.0	2.0	2.0	1.5	2.0	0.5	2.0	1.0	1.0	5.4	6	0.0	1.0	1.0	1.5	2.0	1.0	4.0	5	0.0	1.0	0.0	2.0	1.0	6.1	16
2026-09-07	CQR.ASX	3.950000047683716	5.7	8	1.5	1.5	1.0	1.0	1.0	2.0	1.0	0.0	1.0	1.5	1.0	5.4	4	0.0	1.0	1.0	1.0	2.0	1.5	2.0	4	0.5	0.0	0.0	0.5	1.0	5.6	12
2026-09-07	CR	204.69000244140625	8.2	10	2.0	1.5	1.0	1.5	1.0	2.0	1.5	2.0	1.5	2.0	2.0	5.8	6	1.0	0.0	1.0	1.5	1.5	2.0	2.0	5	1.0	0.0	0.0	0.5	0.5	7.5	16
2026-09-07	CRAI	170.91000366210938	7.3	9	1.5	2.0	1.0	1.0	2.0	2.0	1.5	1.0	2.0	2.0	0.0	4.2	6	1.5	0.0	1.0	0.0	1.0	1.5	2.5	5	0.5	0.0	0.0	1.5	0.5	6.4	15
2026-09-07	CRAP.PA	135.1199951171875														6.7	4	2.0	1.0	1.0	1.0	2.0	1.0	2.5	3	0.0	0.5	0.0	1.0	1.0	6.7	4
2026-09-07	CRAV.PA	142.0														6.7	4	2.0	1.0	0.5	1.0	2.0	1.5	3.0	3	0.0	0.0	1.0	1.0	1.0	6.7	4
2026-09-07	CRBG	34.470001220703125	6.8	10	2.0	1.5	1.0	1.0	2.0	1.5	1.0	1.0	1.0	2.0	1.0	5.8	6	1.0	2.0	1.0	0.0	1.0	2.0	4.5	5	1.0	2.0	0.0	1.0	0.5	6.5	16
2026-09-07	CRBN.NV	21.479999542236328	7.0	7	1.5	1.5	1.0	1.0	1.5	2.0	1.0	1.0	1.0	2.0	2.0	5.0	4	1.5	1.0	1.0	1.0	1.0	0.5	4.0	4	1.0	1.5	0.0	0.5	1.0	6.4	11
2026-09-07	CRBP	11.079999923706055	6.1	9	2.0	2.0	1.0	0.5	2.0	1.5	0.5	1.0	0.0	2.0	1.0	3.8	3	1.0	1.0	1.0	0.0	0.5	1.0	4.0	5	2.0	0.5	0.0	0.0	1.5	5.4	12
2026-09-07	CRBP2.PA	37.0														7.5	4	2.0	1.0	1.0	1.0	2.0	2.0	2.5	3	0.0	0.5	0.0	1.0	1.0	7.5	4
2026-09-07	CRBU	1.5700000524520874	5.0	9	2.0	2.0	1.0	0.5	0.0	0.5	2.0	1.0	0.0	1.0	1.0	5.4	5	1.0	2.0	1.0	2.0	0.5	0.0	5.0	5	2.0	1.5	0.0	0.0	1.5	5.1	14
2026-09-07	CRC	54.220001220703125	5.2	10	2.0	2.0	1.0	1.0	1.0	1.5	0.5	0.5	0.0	2.0	0.0	6.2	6	2.0	2.0	1.0	0.0	0.5	2.0	2.5	5	1.0	0.0	0.0	0.5	1.0	5.5	16
2026-09-07	CRCL	102.05000305175781	5.5	10	1.5	0.5	1.0	0.5	2.0	0.0	2.0	0.5	1.5	1.5	1.0	6.2	6	0.0	2.0	1.0	2.0	1.5	1.0	1.5	4	1.0	0.0	0.0	0.0	0.5	5.7	16
2026-09-07	CRCT	5.539999961853027	6.8	9	0.5	0.0	1.0	1.0	2.0	2.0	2.0	1.0	2.0	1.5	2.0	5.4	6	1.5	0.0	1.0	2.0	1.5	0.5	1.0	5	0.0	0.0	0.0	0.0	1.0	6.4	15
2026-09-07	CRDA.L	3296.0	6.8	8	1.5	1.5	1.0	1.0	2.0	1.5	1.0	1.5	0.5	1.5	2.0	5.8	4	2.0	1.0	1.0	1.0	1.0	1.0	3.0	4	1.0	0.5	0.0	0.5	1.0	6.5	12
2026-09-07	CRDF	1.090000033378601	5.5	9	1.5	2.0	1.0	0.5	1.0	2.0	1.5	1.0	0.0	0.5	1.0	5.4	5	1.0	2.0	1.0	2.0	0.5	0.0	4.0	5	1.5	1.0	0.0	0.0	1.5	5.5	14
2026-09-07	CRDO	170.57000732421875	7.0	10	2.0	2.0	1.0	1.5	0.0	1.0	2.0	1.0	2.0	2.0	1.0	6.7	6	0.0	1.0	1.0	2.0	2.0	2.0	3.5	5	2.0	0.0	1.0	0.0	0.5	6.9	16
2026-09-07	CREI.L	82.80000305175781														5.8	2	2.0	1.0	1.0	1.0	1.0	1.0	3.0	2	1.0	0.0	0.0	1.0	1.0	5.8	2
2026-09-07	CRGY	13.770000457763672	5.9	10	1.5	2.0	1.0	0.5	2.0	1.0	2.0	0.5	0.5	2.0	0.0	5.0	6	0.0	2.0	1.0	0.0	1.0	2.0	4.0	5	1.0	1.0	0.0	1.0	1.0	5.6	16
2026-09-07	CRH	94.26000213623047	7.3	10	2.0	2.0	1.0	1.5	0.0	1.5	1.0	1.5	1.5	2.0	2.0	4.2	6	1.0	1.0	1.0	0.0	1.0	1.0	3.5	5	1.0	1.5	0.0	0.5	0.5	6.4	16
2026-09-07	CRI	33.54999923706055	6.8	9	1.5	2.0	1.0	0.5	0.0	1.5	2.0	1.0	1.5	2.0	2.0	6.2	6	1.0	2.0	1.0	1.5	1.0	1.0	3.0	5	1.0	0.0	0.0	1.0	1.0	6.6	15
2026-09-07	CRI.PA	8.6899995803833														3.8	3	0.0	1.0	1.0	1.0	0.5	1.0	4.5	4	1.5	0.5	0.0	1.5	1.0	3.8	3
2026-09-07	CRIS	1.350000023841858	4.3	8	1.5	2.0	1.0	0.5	0.0	2.0	0.0	1.0	1.0	0.5	0.0	6.2	5	2.0	1.0	1.0	2.0	0.5	1.0	4.5	5	2.0	2.0	0.0	0.0	0.5	4.9	13
2026-09-07	CRK	15.260000228881836	5.5	10	1.0	1.5	1.0	0.0	1.0	1.5	2.0	1.5	1.5	1.0	0.0	4.2	6	0.0	2.0	1.0	0.0	2.0	0.0	4.0	5	0.0	1.0	0.0	1.0	2.0	5.1	16
2026-09-07	CRL	288.5	6.4	10	2.0	1.0	1.0	1.0	2.0	1.5	1.5	1.0	0.0	2.0	1.0	4.6	6	2.0	1.0	1.0	0.5	0.5	0.5	4.5	5	1.5	1.5	0.0	1.0	0.5	5.9	16
2026-09-07	CRL.MI	27.5	7.0	9	1.5	2.0	1.0	1.0	1.0	2.0	2.0	1.0	1.5	0.5	2.0	6.7	5	0.5	1.0	1.0	2.0	1.5	2.0	2.0	4	1.0	0.0	0.0	0.0	1.0	6.9	14
2026-09-07	CRLA.PA	89.5														6.7	4	2.0	1.0	1.0	1.0	2.0	1.0	3.0	3	0.5	0.5	0.0	1.0	1.0	6.7	4
2026-09-07	CRLO.PA	98.58999633789062														5.4	4	1.5	1.0	1.0	1.0	1.5	0.5	2.5	3	0.5	0.0	0.0	1.0	1.0	5.4	4
2026-09-07	CRM	259.2300109863281	6.4	10	1.5	1.0	1.0	1.5	1.5	1.0	2.0	1.0	1.5	2.0	0.0	7.9	6	1.5	2.0	1.0	1.5	2.0	1.5	4.5	5	1.5	1.5	0.0	1.0	0.5	6.8	16
2026-09-07	CRMD	8.430000305175781	8.0	9	2.0	2.0	1.0	0.0	2.0	2.0	2.0	1.0	2.0	1.5	2.0	7.5	6	2.0	2.0	1.0	0.0	2.0	2.0	4.5	5	1.5	0.5	0.0	0.5	2.0	7.8	15
2026-09-07	CRML	7.28000020980835	4.1	8	1.0	1.5	1.0	0.0	1.0	2.0	1.0	1.0	0.0	0.5	0.0	4.6	4	1.0	0.0	1.0	1.0	0.5	2.0	4.5	5	2.0	1.5	0.0	0.0	1.0	4.2	12
2026-09-07	CRN.ASX	0.25	3.2	8	1.0	0.0	1.0	1.0	0.5	1.5	0.0	1.0	0.0	0.0	1.0	4.2	3	1.0	1.0	1.0	1.0	0.0	1.0	3.5	4	0.0	0.5	0.0	2.0	1.0	3.5	11
2026-09-07	CRNC	8.529999732971191	5.9	9	1.0	1.5	1.0	0.5	0.0	2.0	2.0	1.0	0.0	2.0	2.0	5.8	5	1.0	1.0	1.0	2.0	0.5	1.5	5.0	5	2.0	0.5	0.0	1.0	1.5	5.9	14
2026-09-07	CRNT	2.0999999046325684	6.4	9	2.0	2.0	1.0	2.0	0.0	1.5	2.0	1.0	0.0	0.5	2.0	4.2	6	2.0	0.0	1.0	0.0	0.5	1.5	2.5	5	1.5	1.0	0.0	0.0	0.0	5.7	15
2026-09-07	CRNX	84.94999694824219	5.2	10	1.0	1.0	1.0	1.0	1.5	2.0	1.0	0.0	0.0	2.0	1.0	7.1	5	1.0	2.0	1.0	2.0	0.5	2.0	2.5	5	0.0	2.0	0.0	0.0	0.5	5.8	15
2026-09-07	CRON	3.259999990463257	6.4	9	1.5	1.0	1.0	2.0	2.0	1.0	2.0	1.0	1.0	0.5	1.0	6.7	4	1.0	1.0	1.0	1.0	2.0	2.0	2.5	5	1.5	0.5	0.0	0.0	0.5	6.5	13
2026-09-07	CROX	117.52999877929688	7.0	10	1.5	2.0	1.0	0.5	1.0	1.5	2.0	1.0	2.0	2.0	1.0	4.2	6	1.5	0.0	1.0	0.0	1.5	1.0	4.0	5	1.5	0.5	0.0	1.0	1.0	6.2	16
2026-09-07	CRS	475.3299865722656	7.5	9	2.0	2.0	1.0	1.5	1.0	1.5	1.5	1.0	2.0	2.0	1.0	5.8	6	1.0	0.0	1.0	2.0	1.5	1.5	2.5	5	1.5	0.0	0.0	0.5	0.5	7.0	15
2026-09-07	CRSP	55.790000915527344	5.7	9	1.5	2.0	1.0	0.0	2.0	0.5	1.5	1.0	0.0	2.0	1.0	6.2	5	1.0	1.0	1.0	2.0	0.5	2.0	4.5	5	1.5	0.5	0.0	0.5	2.0	5.8	14
2026-09-07	CRSR	12.720000267028809	6.6	9	1.0	1.0	1.0	0.0	2.0	1.5	2.0	1.0	1.0	2.0	2.0	3.8	6	0.0	0.0	1.0	2.0	1.0	0.5	3.5	5	2.0	0.5	0.0	0.0	1.0	5.8	15
2026-09-07	CRST.L	58.099998474121094	5.7	8	1.5	2.0	1.0	1.0	0.0	2.0	1.0	0.5	0.0	1.5	2.0	4.6	4	2.0	1.0	1.0	1.0	0.5	0.0	4.5	4	1.5	1.5	0.0	0.5	1.0	5.4	12
2026-09-07	CRSU.PA	230.0														6.7	4	2.0	1.0	1.0	1.0	2.0	1.0	4.0	3	0.0	0.0	2.0	1.0	1.0	6.7	4
2026-09-07	CRTA.L	12.5														5.0	3	1.0	1.0	1.0	1.0	0.0	2.0	4.0	4	1.5	1.5	0.0	0.0	1.0	5.0	3
2026-09-07	CRTO	17.6200008392334	6.4	9	1.5	2.0	1.0	1.5	0.0	1.0	2.0	1.0	1.0	2.0	1.0	4.2	5	2.0	0.0	1.0	1.0	1.0	0.0	2.0	4	1.0	0.5	0.0	0.0	0.5	5.7	14
2026-09-07	CRTO.PA	135.8800048828125														5.8	4	1.5	1.0	1.5	1.0	2.0	0.0	3.0	3	0.0	0.0	1.0	1.0	1.0	5.8	4
2026-09-07	CRUS	113.20999908447266	6.4	9	1.5	2.0	1.0	1.0	0.0	1.0	2.0	1.0	1.5	2.0	1.0	4.6	6	0.0	1.0	1.0	0.0	2.0	1.5	3.5	5	1.0	1.5	0.0	0.0	1.0	5.9	15
2026-09-07	CRWD	213.10000610351562	6.8	10	2.0	1.5	1.0	1.5	2.0	0.0	1.5	1.0	0.5	2.0	2.0	4.2	6	0.0	0.0	1.0	1.0	1.0	2.0	3.5	5	1.5	1.0	0.0	0.0	1.0	6.0	16
2026-09-07	CRWV	89.36000061035156	5.5	10	1.5	2.0	1.0	0.5	1.0	1.0	1.5	1.5	0.0	2.0	0.0	5.0	5	1.0	2.0	1.0	0.0	0.0	2.0	4.0	4	1.0	0.5	0.0	2.0	0.5	5.3	15
2026-09-07	CRZK.DE	0.3540000021457672														6.7	2	2.0	1.0	1.0	1.0	2.0	1.0	6.0	2	1.0	2.0	1.0	1.0	1.0	6.7	2
2026-09-07	CS.PA	44.63999938964844	6.4	8	2.0	1.5	1.0	1.0	2.0	1.0	1.0	1.5	1.0	1.0	1.0	4.6	4	0.0	1.0	1.0	1.0	1.5	1.0	3.5	4	0.5	1.0	0.0	1.0	1.0	5.9	12
2026-09-07	CSAN	2.9000000953674316														5.0	3	1.0	1.0	1.0	1.0	0.0	2.0	3.0	5	0.0	1.0	0.0	1.0	1.0	5.0	3
2026-09-07	CSCO	109.19999694824219	7.3	10	1.5	2.0	1.0	2.0	1.0	1.5	1.5	1.5	2.0	2.0	0.0	7.5	6	1.5	1.0	1.0	2.0	2.0	1.5	2.5	5	1.0	0.5	0.0	0.5	0.5	7.4	16
2026-09-07	CSG.NV	16.601999282836914	5.7	5	1.5	2.0	1.0	1.0	1.5	1.5	1.0	1.0	1.0	0.0	1.0	5.4	4	0.5	1.0	1.0	1.0	1.5	1.5	4.0	3	1.0	1.0	0.0	1.0	1.0	5.6	9
2026-09-07	CSGP	30.90999984741211	6.8	9	1.5	2.0	1.0	1.5	1.0	0.5	2.0	1.0	0.5	2.0	2.0	6.2	6	2.0	2.0	1.0	0.0	1.0	1.5	2.5	5	0.5	1.5	0.0	0.0	0.5	6.6	15
2026-09-07	CSH.DE	7.420000076293945														5.4	4	1.5	1.0	1.5	1.0	1.0	0.5	3.5	4	0.5	0.0	1.0	1.0	1.0	5.4	4
2026-09-07	CSIQ	13.220000267028809	3.2	10	0.5	0.5	1.0	0.0	0.0	1.0	0.0	1.5	0.0	1.5	1.0	3.8	5	2.0	1.0	1.0	0.0	0.5	0.0	5.5	5	1.5	1.0	0.0	1.5	1.5	3.4	15
2026-09-07	CSL	352.1400146484375	7.5	9	1.5	1.5	1.0	1.0	1.0	2.0	1.5	1.0	2.0	2.0	2.0	6.2	6	2.0	2.0	1.0	0.0	1.5	1.0	3.5	5	1.0	0.0	0.0	1.5	1.0	7.1	15
2026-09-07	CSL.ASX	173.17999267578125	6.1	8	2.0	1.0	1.0	1.0	1.5	1.5	1.0	1.5	0.0	1.0	2.0	4.2	4	1.0	1.0	1.0	1.0	0.0	1.0	1.5	4	0.0	0.0	0.0	0.5	1.0	5.5	12
2026-09-07	CSN.L	359.0	6.1	8	1.5	0.5	1.0	1.0	2.0	2.0	1.0	1.0	0.5	2.0	1.0	5.0	4	0.0	1.0	1.0	1.0	1.0	2.0	3.0	4	0.5	1.0	0.0	0.5	1.0	5.8	12
2026-09-07	CSQR	18.020000457763672	6.8	6	2.0	2.0	1.0	1.0	1.0	1.5	1.0	1.0	1.0	1.5	2.0	4.6	3	1.0	1.0	1.0	1.0	0.0	1.5	3.5	3	1.0	1.5	0.0	1.0	0.0	6.1	9
2026-09-07	CSR	52.900001525878906	5.5	10	1.5	2.0	1.0	1.0	0.0	2.0	0.0	1.0	0.5	2.0	1.0	5.4	6	0.0	2.0	1.0	2.0	1.0	0.5	5.5	5	1.0	1.5	1.0	1.0	1.0	5.5	16
2026-09-07	CSTL	32.90999984741211	6.8	9	2.0	2.0	1.0	1.0	2.0	1.0	2.0	1.0	0.0	2.0	1.0	4.6	4	1.0	1.0	1.0	0.0	0.5	2.0	2.0	5	1.0	0.0	0.0	0.0	1.0	6.1	13
2026-09-07	CSTM	27.139999389648438	7.5	9	1.5	2.0	1.0	1.0	1.0	2.0	2.0	1.0	2.0	2.0	1.0	6.7	6	2.0	0.0	1.0	2.0	1.0	2.0	4.0	5	1.5	0.0	0.0	1.5	1.0	7.3	15
2026-09-07	CSV	33.91999816894531	6.4	9	1.5	2.0	1.0	1.5	0.0	2.0	0.5	1.0	1.5	2.0	1.0	6.2	6	2.0	2.0	1.0	0.0	1.5	1.0	4.0	5	0.5	1.5	0.0	1.5	0.5	6.3	15
2026-09-07	CSW	308.4599914550781	7.5	9	1.5	1.5	1.0	1.0	2.0	2.0	1.5	1.0	1.0	2.0	2.0	7.1	6	0.5	2.0	1.0	1.5	1.5	2.0	3.0	5	1.0	0.0	0.0	1.0	1.0	7.4	15
2026-09-07	CSWC	24.579999923706055	5.7	9	1.0	0.5	1.0	1.0	2.0	2.0	1.5	1.0	1.0	0.5	1.0	5.0	5	0.0	1.0	1.0	1.5	2.0	0.5	4.0	5	0.5	1.0	0.0	1.0	1.5	5.5	14
2026-09-07	CSX	49.40999984741211	6.6	9	1.5	1.5	1.0	2.0	1.0	1.5	1.5	1.0	1.5	2.0	0.0	7.1	6	1.0	1.0	1.0	2.0	2.0	1.5	4.0	5	1.5	1.0	0.0	1.0	0.5	6.7	15
2026-09-07	CTAS	200.47000122070312	7.3	10	2.0	1.5	1.0	1.5	2.0	1.5	1.0	1.0	2.0	1.5	1.0	5.4	6	0.5	1.0	1.0	1.5	1.5	1.0	3.0	5	1.0	0.5	0.0	0.5	1.0	6.7	16
2026-09-07	CTBI	77.76000213623047	7.0	8	1.5	1.5	1.0	1.5	2.0	2.0	1.5	1.0	1.0	1.5	1.0	8.3	6	1.5	2.0	1.0	2.0	2.0	1.5	4.0	4	0.5	1.5	0.0	1.0	1.0	7.4	14
2026-09-07	CTD.ASX	2.200000047683716														4.2	4	1.0	1.0	0.0	1.0	1.0	1.0	6.0	3	1.0	2.0	2.0	0.0	1.0	4.2	4
2026-09-07	CTEC.L	228.1999969482422	7.5	8	2.0	2.0	1.0	1.0	2.0	1.5	1.0	1.0	1.0	2.0	2.0	5.8	4	2.0	1.0	1.0	1.0	1.0	1.0	2.5	4	0.5	0.0	0.0	1.0	1.0	7.0	12
2026-09-07	CTEV	38.43000030517578	6.1	8	2.0	1.5	1.0	1.0	2.0	2.0	0.0	1.0	1.0	2.0	0.0	4.2	5	1.0	0.0	1.0	2.0	0.0	1.0	3.5	4	1.0	0.0	0.0	1.0	1.5	5.5	13
2026-09-07	CTGO	19.770000457763672	5.7	10	1.5	2.0	1.0	1.0	1.0	1.0	2.0	1.0	0.0	1.0	1.0	5.4	3	1.0	2.0	1.0	1.0	0.5	1.0	2.0	5	0.0	0.5	0.0	0.0	1.5	5.6	13
2026-09-07	CTKB	4.699999809265137	5.7	9	1.5	2.0	1.0	1.5	2.0	1.0	0.0	1.0	0.0	1.5	1.0	4.2	5	1.0	2.0	1.0	0.0	0.0	1.0	2.5	5	1.0	0.0	0.0	0.0	1.5	5.2	14
2026-09-07	CTMX	3.7100000381469727	5.5	9	2.0	2.0	1.0	0.5	1.0	1.5	0.0	1.0	0.0	2.0	1.0	5.4	5	1.0	2.0	1.0	2.0	0.5	0.0	4.5	5	2.0	0.5	0.0	0.0	2.0	5.5	14
2026-09-07	CTO	21.489999771118164	7.5	9	2.0	1.5	1.0	1.5	1.0	2.0	2.0	1.0	1.0	1.5	2.0	6.2	5	1.0	1.0	1.0	1.0	2.0	1.5	3.5	5	0.5	1.0	0.0	1.0	1.0	7.1	14
2026-09-07	CTOS	9.1899995803833	7.0	9	2.0	2.0	1.0	1.0	1.0	2.0	2.0	1.0	0.5	2.0	1.0	2.9	6	0.0	0.0	1.0	0.0	1.0	1.5	4.5	5	1.5	0.0	0.0	2.0	1.0	5.8	15
2026-09-07	CTPNV.NV	14.220000267028809	4.8	8	1.5	2.0	1.0	1.0	0.0	1.5	1.0	1.0	1.0	0.5	0.0	5.8	4	0.5	1.0	1.0	1.0	2.0	1.5	4.5	4	1.0	1.5	0.0	1.0	1.0	5.1	12
2026-09-07	CTRE	39.0099983215332	5.7	10	1.5	1.5	1.0	0.5	1.0	2.0	0.5	0.5	1.0	2.0	1.0	5.8	6	1.0	1.0	1.0	1.0	2.0	1.0	3.0	5	0.5	0.0	0.0	0.5	2.0	5.7	16
2026-09-07	CTRI	20.540000915527344	6.4	10	1.0	2.0	1.0	1.5	0.0	1.0	2.0	1.0	0.5	2.0	2.0	6.2	6	1.5	2.0	1.0	0.0	1.0	2.0	4.0	5	1.0	1.5	0.0	1.0	0.5	6.3	16
2026-09-07	CTRN	71.16000366210938	7.0	9	1.5	1.5	1.0	0.5	2.0	2.0	2.0	1.0	1.0	2.0	1.0	4.2	6	0.5	1.0	1.0	0.0	1.0	1.5	6.0	5	2.0	1.0	0.0	1.5	1.5	6.2	15
2026-09-07	CTS	57.18000030517578	7.5	9	1.5	1.5	1.0	1.5	1.0	2.0	2.0	1.0	1.0	2.0	2.0	5.4	6	1.5	0.0	1.0	1.5	1.5	1.0	2.0	5	1.0	0.0	0.0	0.0	1.0	6.9	15
2026-09-07	CTSH	62.310001373291016	6.4	10	1.0	1.0	1.0	1.0	1.0	1.5	1.5	1.0	1.0	2.0	2.0	7.1	6	2.0	2.0	1.0	1.0	1.5	1.0	2.0	5	1.0	0.0	0.0	0.0	1.0	6.6	16
2026-09-07	CTT.ASX	0.2150000035762787														4.2	3	1.0	1.0	1.0	1.0	0.5	0.5	5.5	3	2.0	1.5	0.0	1.0	1.0	4.2	3
2026-09-07	CTT.LS	6.489999771118164														5.0	4	1.0	1.0	0.5	1.0	1.0	1.5	4.0	4	1.0	0.0	1.0	1.0	1.0	5.0	4
2026-09-07	CTVA	87.86000061035156	8.0	10	2.0	1.5	1.0	1.5	2.0	2.0	2.0	1.0	0.5	2.0	2.0	3.3	6	1.5	0.0	1.0	0.0	1.0	0.5	2.5	5	0.5	1.0	0.0	0.0	1.0	6.6	16
2026-09-07	CTY.L	587.0														5.8	2	2.0	1.0	1.0	1.0	1.0	1.0	4.0	2	1.0	1.0	0.0	1.0	1.0	5.8	2
2026-09-07	CTY1S.HE	2.994999885559082														5.4	4	0.5	1.0	1.0	1.0	2.0	1.0	3.0	4	0.5	0.5	0.0	1.0	1.0	5.4	4
2026-09-07	CUBE	39.5	6.6	10	1.5	1.5	1.0	1.5	1.0	2.0	1.0	2.0	1.0	2.0	0.0	5.0	6	0.0	0.0	1.0	2.0	2.0	1.0	3.0	5	1.0	0.0	0.0	1.0	1.0	6.1	16
2026-09-07	CUBI	81.06999969482422	6.8	8	2.0	1.5	1.0	0.5	2.0	1.5	1.5	1.0	1.0	2.0	1.0	7.1	6	1.5	2.0	1.0	0.5	2.0	1.5	5.0	4	1.5	1.0	0.0	1.0	1.5	6.9	14
2026-09-07	CURB	29.469999313354492	6.4	9	1.5	1.5	1.0	0.0	1.0	2.0	1.5	1.0	0.5	2.0	2.0	7.1	6	0.0	2.0	1.0	2.0	1.5	2.0	3.5	4	1.0	0.5	0.0	0.0	2.0	6.6	15
2026-09-07	CURV	2.440000057220459	6.6	9	1.0	2.0	1.0	0.5	2.0	2.0	2.0	1.0	1.0	2.0	0.0	3.8	4	1.0	1.0	2.0	0.0	0.5	0.0	6.5	4	1.0	0.5	2.0	1.0	2.0	5.8	13
2026-09-07	CURY.L	154.0	6.1	7	2.0	2.0	1.0	1.0	1.0	2.0	1.0	1.0	1.0	1.5	0.0	5.4	4	1.5	1.0	1.0	1.0	1.0	1.0	3.5	4	1.5	0.5	0.0	0.5	1.0	5.9	11
2026-09-07	CUZ	29.110000610351562	5.9	10	1.5	1.5	1.0	1.0	1.0	2.0	1.0	1.5	0.5	2.0	0.0	5.0	5	1.5	0.0	1.0	1.0	1.0	1.5	4.0	5	1.0	0.5	0.0	1.0	1.5	5.6	15
2026-09-07	CVBF	22.6200008392334	7.3	8	2.0	1.5	1.0	1.0	2.0	2.0	1.5	1.0	1.0	2.0	1.0	7.5	6	1.5	1.0	1.0	1.5	2.0	2.0	4.0	4	0.5	1.0	0.0	1.0	1.5	7.4	14
2026-09-07	CVC.NV	13.899999618530273	7.0	8	2.0	2.0	1.0	1.0	1.0	1.5	1.0	1.0	2.0	1.0	2.0	6.7	4	1.5	1.0	1.0	1.0	2.0	1.5	2.5	4	0.5	0.0	0.0	1.0	1.0	6.9	12
2026-09-07	CVCO	566.1900024414062	7.0	9	1.5	1.5	1.0	1.0	1.0	2.0	1.0	1.0	1.5	2.0	2.0	3.3	6	0.0	1.0	1.0	0.0	1.0	1.0	2.0	5	1.5	0.0	0.0	0.0	0.5	5.9	15
2026-09-07	CVE	32.369998931884766	8.0	9	2.0	1.5	1.0	1.0	2.0	2.0	2.0	1.0	1.5	1.5	2.0	7.5	6	1.5	1.0	1.0	2.0	1.5	2.0	3.0	5	0.0	1.5	0.0	0.5	1.0	7.8	15
2026-09-07	CVEO	34.13999938964844	6.1	9	1.5	2.0	1.0	0.5	2.0	1.5	0.0	1.0	0.0	2.0	2.0	4.2	4	0.0	1.0	1.0	1.0	0.5	1.5	4.0	5	0.5	1.0	0.0	1.0	1.5	5.5	13
2026-09-07	CVGI	3.240000009536743	5.7	9	1.5	2.0	1.0	1.5	0.0	2.0	0.0	1.0	0.0	1.5	2.0	5.4	6	1.5	0.0	1.0	2.0	0.5	1.5	3.0	5	1.5	0.0	0.0	1.0	0.5	5.6	15
2026-09-07	CVI.US	44.5	5.7	9	0.5	0.0	1.0	0.0	1.5	2.0	2.0	1.0	1.5	2.0	1.0	5.4	6	2.0	0.0	1.0	0.5	1.0	2.0	6.0	5	1.0	2.0	0.0	1.5	1.5	5.6	15
2026-09-07	CVLG	35.04999923706055	6.4	9	2.0	2.0	1.0	1.0	1.0	1.5	1.0	1.0	0.5	2.0	1.0	5.0	6	0.0	2.0	1.0	1.0	1.0	1.0	3.0	5	1.5	0.0	0.0	0.5	1.0	6.0	15
2026-09-07	CVLT	136.41000366210938	7.3	10	1.5	2.0	1.0	1.0	1.0	1.5	2.0	0.0	2.0	2.0	2.0	6.7	6	0.5	2.0	1.0	2.0	1.0	1.5	4.0	5	1.0	0.0	0.0	2.0	1.0	7.1	16
2026-09-07	CVM	1.6299999952316284														5.0	3	1.5	1.0	1.0	1.0	0.5	1.0	3.0	5	0.5	1.5	0.0	0.5	0.5	5.0	3
2026-09-07	CVNA	74.58999633789062	7.7	10	2.0	1.5	1.0	0.5	2.0	2.0	2.0	1.0	2.0	2.0	1.0	4.6	6	0.5	1.0	1.0	0.0	1.0	2.0	4.5	5	2.0	0.0	0.0	1.0	1.5	6.8	16
2026-09-07	CVR.THS		5.0	0	1.0	1.0	1.0	1.0	1.0	1.0	1.0	1.0	1.0	1.0	1.0																5.0	0
2026-09-07	CVRX	3.049999952316284	5.2	9	1.5	2.0	1.0	0.5	0.0	2.0	1.0	1.0	0.0	1.5	1.0	3.8	4	1.0	1.0	1.0	0.0	0.0	1.5	4.5	5	0.5	1.5	0.0	2.0	0.5	4.8	13
2026-09-07	CVS	96.73999786376953	7.0	10	2.0	1.5	1.0	2.0	1.0	2.0	2.0	1.0	1.0	2.0	0.0	4.2	6	2.0	0.0	1.0	0.0	1.0	1.0	2.5	5	0.5	0.5	0.0	1.0	0.5	6.2	16
2026-09-07	CVSA	128.08999633789062	7.3	9	2.0	2.0	1.0	1.0	1.0	1.5	2.0	1.0	1.5	2.0	1.0	5.8	6	2.0	0.0	1.0	1.5	1.5	1.0	2.0	5	0.5	0.0	0.0	0.5	1.0	6.8	15
2026-09-07	CVX.PA	5.699999809265137														3.8	3	1.0	1.0	1.0	1.0	0.5	0.0	3.5	3	1.0	0.5	0.0	1.0	1.0	3.8	3
2026-09-07	CVX.US	208.60000610351562	8.2	10	2.0	1.5	1.0	2.0	2.0	2.0	2.0	1.5	1.0	2.0	1.0	6.7	6	2.0	0.0	1.0	2.0	1.0	2.0	2.0	5	0.0	1.5	0.0	0.0	0.5	7.7	16
2026-09-07	CW	566.75	6.8	10	1.5	2.0	1.0	1.5	0.0	1.5	1.5	0.5	1.5	2.0	2.0	4.2	6	1.0	0.0	1.0	0.5	1.5	1.0	2.5	5	1.0	0.5	0.0	0.5	0.5	6.0	16
2026-09-07	CWC.DE	109.4000015258789	6.4	7	1.5	2.0	1.0	1.0	1.5	1.5	1.0	1.0	1.0	0.5	2.0	5.4	4	1.5	1.0	1.0	1.0	1.0	1.0	4.0	4	1.0	2.0	0.0	0.0	1.0	6.1	11
2026-09-07	CWEN	31.81999969482422	5.2	10	2.0	2.0	1.0	1.0	0.0	1.5	0.0	1.0	0.0	2.0	1.0	7.1	6	0.5	2.0	1.0	2.0	1.0	2.0	4.5	5	1.0	0.5	0.0	1.5	1.5	5.8	16
2026-09-07	CWH	6.960000038146973	6.1	10	2.0	2.0	1.0	0.5	1.0	1.5	1.5	1.0	0.0	2.0	1.0	3.3	5	1.0	1.0	1.0	0.0	0.5	0.5	6.0	5	2.0	1.0	0.0	2.0	1.0	5.3	15
2026-09-07	CWK.L	5230.0	7.0	7	2.0	2.0	1.0	1.0	0.0	2.0	1.0	1.0	1.5	2.0	2.0	4.6	4	0.5	1.0	1.0	1.0	1.0	1.0	1.5	4	0.5	0.0	0.0	0.0	1.0	6.3	11
2026-09-07	CWK.US	13.65999984741211	5.9	10	1.5	2.0	1.0	1.0	0.0	1.5	1.5	1.0	0.5	2.0	1.0	5.0	6	2.0	0.0	1.0	0.5	1.0	1.5	4.0	5	1.5	0.0	0.0	1.0	1.5	5.6	16
2026-09-07	CWST	93.52999877929688	6.4	9	1.0	2.0	1.0	0.5	2.0	2.0	2.0	1.0	0.5	2.0	0.0	5.4	6	0.5	2.0	1.0	0.5	1.0	1.5	3.0	5	0.5	0.0	0.0	1.0	1.5	6.1	15
2026-09-07	CWT	50.029998779296875	5.7	9	1.5	1.5	1.0	1.5	1.0	2.0	0.0	1.0	1.0	2.0	0.0	6.7	5	1.0	1.0	1.0	2.0	1.5	1.5	2.0	5	0.0	0.5	0.0	1.0	0.5	6.0	14
2026-09-07	CWY.ASX	2.5999999046325684	6.1	7	2.0	1.5	1.0	1.0	2.0	2.0	1.0	1.0	0.5	1.5	0.0	5.4	4	1.0	1.0	1.0	1.0	1.0	1.5	2.0	4	0.5	0.0	0.0	0.5	1.0	5.9	11
2026-09-07	CX	11.029999732971191	4.3	9	1.5	2.0	1.0	1.0	0.0	1.5	0.0	1.0	0.5	1.0	0.0	5.4	5	2.0	0.0	1.0	1.0	1.0	1.5	2.0	5	1.0	0.0	0.0	0.5	0.5	4.6	14
2026-09-07	CXAI	3.4100000858306885	5.2	9	1.5	2.0	1.0	1.0	0.0	2.0	0.5	1.0	0.0	0.5	2.0	6.2	4	1.0	1.0	1.0	2.0	0.5	2.0	4.0	5	1.0	2.0	0.0	0.5	0.5	5.5	13
2026-09-07	CXM	5.909999847412109	6.1	9	1.0	1.5	1.0	1.0	0.0	1.5	2.0	1.0	0.5	2.0	2.0	4.2	6	2.0	0.0	1.0	0.0	1.0	1.0	2.0	5	0.5	0.5	0.0	0.0	1.0	5.5	15
2026-09-07	CXO.ASX	0.33000001311302185	5.2	7	1.5	0.5	1.0	1.0	2.0	2.0	1.0	1.0	0.0	0.5	1.0	4.6	2	1.0	1.0	1.0	1.0	0.5	1.0	2.5	4	1.0	0.5	0.0	0.0	1.0	5.0	9
2026-09-07	CXT	50.060001373291016	6.8	9	2.0	2.0	1.0	0.5	1.0	2.0	1.5	1.0	1.0	2.0	1.0	6.2	6	1.0	2.0	1.0	0.5	1.0	2.0	4.0	5	1.0	0.0	0.0	1.0	2.0	6.6	15
2026-09-07	CXW	34.709999084472656	7.5	9	2.0	2.0	1.0	0.5	2.0	2.0	2.0	1.0	1.0	2.0	1.0	5.8	6	1.5	1.0	1.0	0.5	1.0	2.0	5.5	5	0.5	2.0	0.0	1.0	2.0	7.0	15
2026-09-07	CY1K.DE	3.0299999713897705														3.8	3	1.0	1.0	1.0	1.0	0.5	0.0	6.0	4	1.0	2.0	2.0	0.0	1.0	3.8	3
2026-09-07	CYD	37.43000030517578	5.7	6	1.5	2.0	1.0	1.5	0.0	2.0	1.0	1.0	1.0	0.5	1.0	5.8	5	2.0	1.0	1.0	1.0	1.0	1.0	3.5	4	1.5	0.5	0.0	1.0	0.5	5.7	11
2026-09-07	CYH	2.890000104904175	6.6	8	1.5	2.0	1.0	0.5	0.0	1.5	2.0	1.0	1.0	2.0	2.0	4.6	6	1.0	2.0	1.0	0.0	1.0	0.5	5.0	4	2.0	0.5	0.0	1.0	1.5	6.0	14
2026-09-07	CYPH	2.4200000762939453	5.5	9	1.5	0.0	1.0	1.0	1.5	2.0	2.0	1.0	0.0	1.0	1.0	5.8	3	2.0	1.0	1.5	1.0	0.5	1.0	3.0	5	0.0	0.0	2.0	0.0	1.0	5.6	12
2026-09-07	CYR.DE	1.9600000381469727														5.4	3	1.0	1.0	1.0	1.0	0.5	2.0	3.0	4	1.0	1.0	0.0	0.0	1.0	5.4	3
2026-09-07	CYRX	15.8100004196167	7.5	9	2.0	2.0	1.0	1.0	2.0	1.5	2.0	1.0	0.0	2.0	2.0	3.3	6	0.0	2.0	1.0	0.0	0.0	1.0	4.5	5	2.0	1.0	0.0	0.5	1.0	6.2	15
2026-09-07	CYTK	72.72000122070312	6.1	9	2.0	2.0	1.0	0.5	1.0	1.0	1.0	1.0	1.0	2.0	1.0	5.4	5	1.0	2.0	1.0	2.0	0.5	0.0	2.5	4	0.0	0.0	0.0	1.0	1.5	5.9	14
2026-09-07	CZR	29.68000030517578	4.3	9	1.0	1.0	1.0	0.5	1.0	2.0	0.0	1.0	0.0	2.0	0.0	3.8	6	0.0	0.0	1.0	2.0	0.5	1.0	6.0	5	1.5	1.5	0.0	2.0	1.0	4.1	15
2026-09-07	D	65.83999633789062	6.4	9	1.5	1.5	1.0	1.5	1.0	2.0	1.5	1.0	1.0	2.0	0.0	5.0	6	0.5	0.0	1.0	1.5	1.5	1.5	3.5	5	0.5	0.0	0.0	1.5	1.5	6.0	15
2026-09-07	D6H0.DE	77.5														4.6	4	0.5	1.0	1.0	1.0	1.0	1.0	4.5	4	1.0	1.5	0.0	1.0	1.0	4.6	4
2026-09-07	DAC	155.25999450683594	5.9	9	1.5	1.0	1.0	1.0	2.0	2.0	1.0	1.0	1.0	0.5	1.0	6.7	5	2.0	1.0	1.0	1.0	2.0	1.0	4.0	5	1.0	2.0	0.0	0.0	1.0	6.1	14
2026-09-07	DAE.ZU	130.8000030517578	5.5	5	1.5	2.0	1.0	1.0	0.0	2.0	1.0	1.0	1.0	0.5	1.0	4.6	4	0.5	1.0	1.0	1.0	1.0	1.0	4.5	3	1.0	1.5	0.0	1.0	1.0	5.2	9
2026-09-07	DAKT	19.350000381469727	7.3	10	1.5	2.0	1.0	1.0	0.0	2.0	2.0	1.0	1.5	2.0	2.0	5.0	6	2.0	1.0	1.0	0.0	1.0	1.0	4.0	5	1.5	0.5	1.0	0.0	1.0	6.6	16
2026-09-07	DAL	80.16999816894531	7.0	9	2.0	2.0	1.0	1.5	1.0	2.0	1.5	1.0	1.5	2.0	0.0	6.2	6	2.0	0.0	1.0	2.0	1.0	1.5	3.5	5	1.5	0.0	0.0	1.0	1.0	6.8	15
2026-09-07	DAM.DE	28.200000762939453														4.2	3	1.0	1.0	1.0	1.0	0.5	0.5	1.5	4	0.0	0.5	0.0	0.0	1.0	4.2	3
2026-09-07	DAN	32.040000915527344	6.4	9	2.0	2.0	1.0	1.0	2.0	2.0	0.0	1.0	0.0	2.0	1.0	4.2	6	0.0	1.0	1.0	0.5	1.5	1.0	4.0	5	2.0	0.5	0.0	0.5	1.0	5.7	15
2026-09-07	DANSKE.CO	374.3999938964844														5.4	5	0.0	1.0	1.0	1.5	2.0	1.0	4.0	3	0.5	1.5	0.0	1.0	1.0	5.4	5
2026-09-07	DAR	65.19000244140625	8.2	10	2.0	2.0	1.0	1.5	2.0	1.5	2.0	1.0	1.0	2.0	2.0	6.2	6	0.0	2.0	1.0	2.0	1.0	1.5	3.0	5	1.0	1.0	0.0	0.5	0.5	7.6	16
2026-09-07	DAR.DE	9.25														4.6	3	1.0	1.0	1.0	1.0	0.5	1.0	4.5	4	0.5	0.5	2.0	0.5	1.0	4.6	3
2026-09-07	DASH.US	211.72999572753906	6.6	10	2.0	2.0	1.0	1.5	2.0	1.0	0.5	0.5	1.0	2.0	1.0	5.4	6	0.5	0.0	1.0	2.0	1.0	2.0	3.0	5	1.5	0.0	0.0	0.5	1.0	6.2	16
2026-09-07	DAVA	3.059999942779541	5.7	9	1.0	2.0	1.0	1.5	1.0	2.0	0.0	1.0	0.0	1.0	2.0	2.9	6	2.0	0.0	1.0	0.0	0.0	0.5	4.5	5	1.0	1.5	0.0	1.0	1.0	4.9	15
2026-09-07	DAVE	380.69000244140625	7.5	10	2.0	1.5	1.0	0.0	2.0	2.0	2.0	1.0	2.0	2.0	1.0	7.1	6	1.0	1.0	1.0	1.5	2.0	2.0	4.5	5	2.0	0.5	0.0	1.0	1.0	7.4	16
2026-09-07	DB	41.33000183105469	7.0	8	2.0	1.5	1.0	2.0	1.5	1.5	1.5	1.0	1.0	1.5	1.0	5.8	6	1.0	2.0	1.0	0.0	2.0	1.0	4.5	4	1.0	2.0	0.0	1.0	0.5	6.6	14
2026-09-07	DB1.DE	281.29998779296875	6.4	9	1.5	1.0	1.0	1.0	2.0	2.0	1.0	0.5	1.5	1.5	1.0	6.2	5	0.5	1.0	1.0	1.5	2.0	1.5	2.5	4	0.0	1.0	0.0	0.5	1.0	6.3	14
2026-09-07	DBAN.DE	20.75	4.5	8	1.5	2.0	1.0	1.0	0.0	1.5	0.0	1.0	0.0	0.0	2.0	4.2	2	1.0	1.0	1.0	1.0	0.0	1.0	4.0	4	1.0	2.0	0.0	0.0	1.0	4.4	10
2026-09-07	DBD	68.66999816894531	6.4	9	1.5	2.0	1.0	0.5	0.0	2.0	2.0	1.0	1.0	2.0	1.0	3.3	6	1.0	0.0	1.0	0.0	1.0	1.0	3.5	5	1.0	0.0	0.0	1.0	1.5	5.5	15
2026-09-07	DBG.PA	9.210000038146973														4.6	4	0.5	1.0	1.0	1.0	1.0	1.0	3.5	4	1.5	0.5	0.0	0.5	1.0	4.6	4
2026-09-07	DBI	5.260000228881836	5.7	9	1.0	2.0	1.0	0.0	0.0	1.5	2.0	1.0	1.0	2.0	1.0	3.8	6	1.0	0.0	1.0	0.5	1.0	1.0	6.5	5	1.5	0.0	1.0	2.0	2.0	5.1	15
2026-09-07	DBK.DE	35.56999969482422	7.3	8	2.0	1.5	1.0	1.0	1.5	1.5	2.0	2.0	1.0	1.5	1.0	5.8	6	1.0	2.0	1.0	0.0	2.0	1.0	5.0	3	1.0	2.0	0.0	1.0	1.0	6.8	14
2026-09-07	DBRG	15.930000305175781														6.2	4	0.5	1.0	1.0	2.0	2.0	1.0	4.5	5	1.5	2.0	0.0	0.0	1.0	6.2	4
2026-09-07	DBV.PA	2.305999994277954														3.8	3	1.0	1.0	1.0	1.0	0.5	0.0	1.5	4	0.0	0.5	0.0	0.0	1.0	3.8	3
2026-09-07	DBX	34.83000183105469	5.9	9	1.0	0.5	1.0	0.0	2.0	1.0	1.5	2.0	1.0	2.0	1.0	3.8	6	0.0	1.0	1.0	0.0	1.5	1.0	3.5	4	0.5	1.0	0.0	1.0	1.0	5.3	15
2026-09-07	DCC.L	6335.0	5.9	8	1.0	1.0	1.0	1.0	2.0	2.0	1.0	0.0	1.0	2.0	1.0	5.0	4	1.0	1.0	1.0	1.0	1.0	1.0	3.5	4	0.5	1.0	0.0	1.0	1.0	5.6	12
2026-09-07	DCGO	0.40299999713897705	4.8	9	1.5	2.0	1.0	1.5	0.0	0.5	0.0	1.0	0.0	1.0	2.0	2.9	5	1.0	1.0	1.0	0.0	0.0	0.5	3.5	5	1.0	1.5	0.0	0.0	1.0	4.2	14
2026-09-07	DCH.US	6.989999771118164	6.4	9	1.5	2.0	1.0	1.0	2.0	0.5	2.0	1.0	0.0	2.0	1.0	7.9	6	2.0	2.0	1.0	2.0	0.5	2.0	5.0	5	1.5	0.0	0.0	2.0	1.5	6.8	15
2026-09-07	DCI	91.02999877929688	6.6	10	1.5	1.5	1.0	1.5	0.0	2.0	1.0	0.0	2.0	2.0	2.0	3.8	6	1.0	0.0	1.0	0.0	1.5	1.0	3.0	5	1.0	0.5	0.0	0.5	1.0	5.8	16
2026-09-07	DCO	168.32000732421875	6.4	9	1.5	2.0	1.0	1.0	1.0	2.0	1.5	1.0	0.0	2.0	1.0	5.0	6	1.5	1.0	1.0	0.5	0.5	1.5	2.5	5	1.0	0.5	0.0	0.5	0.5	6.0	15
2026-09-07	DCOM	41.25	6.8	8	1.5	1.5	1.0	1.0	2.0	2.0	1.0	1.0	1.0	2.0	1.0	5.0	6	0.5	0.0	1.0	1.0	2.0	1.5	5.5	4	1.0	1.5	0.0	1.0	2.0	6.3	14
2026-09-07	DCTH	16.479999542236328	6.8	9	2.0	2.0	1.0	1.0	2.0	1.0	2.0	1.0	0.5	1.5	1.0	7.5	6	1.0	2.0	1.0	2.0	1.0	2.0	2.5	5	0.5	1.0	0.0	0.0	1.0	7.0	15
2026-09-07	DD	131.58999633789062	6.8	10	1.5	2.0	1.0	1.5	0.0	2.0	1.5	1.0	0.5	2.0	2.0	3.8	6	1.0	0.0	1.0	0.5	1.0	1.0	1.5	5	1.0	0.0	0.0	0.0	0.5	5.9	16
2026-09-07	DDD	3.4600000381469727														5.4	5	2.0	1.0	1.0	2.0	0.0	0.5	5.0	5	2.0	0.5	0.0	0.5	2.0	5.4	5
2026-09-07	DDOG	212.92999267578125	6.8	10	2.0	2.0	1.0	1.5	1.0	1.0	2.0	1.0	0.5	2.0	1.0	6.2	6	1.5	0.0	1.0	2.0	1.0	2.0	2.0	5	1.5	0.0	0.0	0.0	0.5	6.6	16
2026-09-07	DDR.ASX	14.720000267028809	7.0	8	1.5	2.0	1.0	1.0	2.0	2.0	1.0	0.5	2.0	0.5	2.0	5.4	4	1.0	1.0	1.0	1.0	1.0	1.5	3.5	4	0.5	1.0	0.0	1.0	1.0	6.5	12
2026-09-07	DDS	656.6900024414062	6.1	9	0.5	0.5	1.0	0.0	2.0	1.5	2.0	1.0	2.0	2.0	1.0	5.4	6	1.0	1.0	1.0	1.5	1.5	0.5	2.5	5	1.0	0.0	0.0	0.0	1.5	5.9	15
2026-09-07	DE	693.530029296875	7.7	10	1.5	1.0	1.0	2.0	2.0	1.0	2.0	1.0	1.5	2.0	2.0	3.8	6	1.0	1.0	1.0	0.0	1.5	0.0	5.5	5	1.0	1.5	0.0	2.0	1.0	6.5	16
2026-09-07	DEA	24.309999465942383	4.5	9	0.5	1.0	1.0	1.0	1.0	2.0	0.0	1.0	0.5	2.0	0.0	5.8	6	0.0	2.0	1.0	2.0	1.0	1.0	3.5	5	1.0	0.5	0.0	1.0	1.0	4.9	15
2026-09-07	DEC.L	1128.0	6.8	9	1.5	2.0	1.0	1.0	2.0	1.0	2.0	0.5	2.0	2.0	0.0	8.3	5	2.0	1.0	1.0	2.0	2.0	2.0	3.0	4	0.0	0.0	0.0	2.0	1.0	7.2	14
2026-09-07	DEC.PA	24.020000457763672	6.4	8	1.5	1.5	1.0	1.0	2.0	2.0	1.0	1.0	1.5	0.5	1.0	5.0	4	1.0	1.0	1.0	1.0	1.0	1.0	5.0	4	1.0	1.5	0.0	1.5	1.0	6.0	12
2026-09-07	DECB.BR	2.384999990463257														5.8	4	2.0	1.0	1.0	1.0	1.0	1.0	3.0	4	0.5	1.0	0.0	0.5	1.0	5.8	4
2026-09-07	DECK	85.80999755859375	7.3	10	1.5	2.0	1.0	1.0	0.0	1.0	2.0	1.5	2.0	2.0	2.0	5.0	6	1.5	1.0	1.0	0.0	1.5	1.0	3.0	5	1.0	1.0	0.0	0.0	1.0	6.6	16
2026-09-07	DEEZR.PA	1.2799999713897705														4.6	4	0.5	1.0	1.0	1.0	1.0	1.0	3.5	3	0.0	0.5	1.0	1.0	1.0	4.6	4
2026-09-07	DEF.DE	18.799999237060547	5.0	8	1.5	2.0	1.0	1.0	0.0	2.0	1.5	1.0	1.0	0.0	0.0	5.4	4	1.0	1.0	1.0	1.0	1.5	1.0	5.0	4	0.0	2.0	0.0	2.0	1.0	5.1	12
2026-09-07	DEI	11.420000076293945	5.2	10	1.0	1.5	1.0	0.0	1.0	2.0	2.0	1.0	0.0	2.0	0.0	4.6	6	0.0	2.0	1.0	1.0	0.5	1.0	5.0	5	1.0	0.5	0.0	1.5	2.0	5.0	16
2026-09-07	DELL	524.1400146484375	6.8	9	1.5	1.5	1.0	1.5	2.0	1.5	2.0	1.0	1.0	2.0	0.0	7.5	6	2.0	2.0	1.0	1.0	1.0	2.0	5.0	4	1.5	2.0	0.0	1.0	0.5	7.0	15
2026-09-07	DEMANT.CO	291.79998779296875														5.8	5	1.5	1.0	1.0	1.0	1.0	1.5	4.5	4	0.5	1.5	0.0	1.5	1.0	5.8	5
2026-09-07	DEME.BR	183.0														5.4	4	1.5	1.0	1.0	1.0	1.0	1.0	3.0	4	1.0	0.5	0.0	0.5	1.0	5.4	4
2026-09-07	DEO	89.19000244140625	7.0	8	1.5	1.5	1.0	2.0	2.0	2.0	1.0	1.0	1.0	0.5	2.0	6.2	5	2.0	2.0	1.0	1.0	1.0	0.5	2.0	5	0.0	0.0	0.0	1.5	0.5	6.8	13
2026-09-07	DEQ.DE	18.059999465942383	4.8	7	1.0	1.5	1.0	1.0	0.0	2.0	1.0	1.0	1.0	0.0	1.0	5.0	4	0.0	1.0	1.0	1.0	2.0	1.0	3.0	4	0.0	1.0	0.0	1.0	1.0	4.9	11
2026-09-07	DERM	7.860000133514404	5.9	9	1.5	2.0	1.0	0.5	2.0	2.0	0.0	1.0	0.0	1.0	2.0	4.6	4	1.0	1.0	1.0	0.0	0.5	2.0	4.0	5	1.0	0.5	0.0	0.5	2.0	5.5	13
2026-09-07	DETEC.HE	7.860000133514404														5.0	5	2.0	1.0	1.0	0.0	1.0	1.0	4.5	3	0.5	2.0	0.0	1.0	1.0	5.0	5
2026-09-07	DEWA.AE	2.75														5.0	5	1.0	1.0	1.0	0.5	2.0	0.5	1.5	4	0.0	0.0	0.0	0.5	1.0	5.0	5
2026-09-07	DEX.DE	2.2799999713897705														5.4	4	2.0	1.0	1.0	1.0	1.0	0.5	2.5	4	0.5	0.0	0.0	1.0	1.0	5.4	4
2026-09-07	DEYAAR.AE	0.7599999904632568														6.7	4	2.0	1.0	1.0	1.0	2.0	1.0	3.0	4	0.0	1.0	1.0	0.0	1.0	6.7	4
2026-09-07	DEZ.DE	12.84000015258789	5.7	9	1.5	2.0	1.0	1.0	1.5	2.0	0.0	1.0	1.0	1.5	0.0	5.4	4	1.0	1.0	1.0	1.0	1.0	1.5	5.0	4	2.0	1.5	0.0	0.5	1.0	5.6	13
2026-09-07	DFDS.CO	156.3000030517578														5.4	5	1.0	1.0	1.0	2.0	0.5	1.0	4.0	4	1.0	1.0	0.0	1.0	1.0	5.4	5
2026-09-07	DFDV	5.869999885559082	4.1	9	1.5	0.5	1.0	0.0	1.5	2.0	0.0	1.0	0.0	0.5	1.0	6.2	4	1.0	1.0	1.0	2.0	0.5	2.0	5.0	4	2.0	0.5	0.0	1.0	1.5	4.7	13
2026-09-07	DFH	13.800000190734863														4.6	5	2.0	1.0	1.0	0.0	1.0	0.5	6.0	5	2.0	1.5	0.0	1.0	1.5	4.6	5
2026-09-07	DFIN	50.91999816894531	7.3	9	1.5	1.5	1.0	1.0	2.0	2.0	2.0	1.0	1.0	2.0	1.0	4.2	6	2.0	0.0	1.0	0.0	1.0	1.0	2.5	5	0.5	0.5	0.0	0.5	1.0	6.4	15
2026-09-07	DFLI	1.090000033378601	4.8	9	1.5	2.0	1.0	1.0	0.0	2.0	0.0	1.0	0.0	0.0	2.0	2.5	4	1.0	1.0	1.0	0.0	0.0	0.0	4.0	5	0.0	2.0	0.0	1.0	1.0	4.1	13
2026-09-07	DFM.AE	1.409999966621399														7.1	4	1.0	1.0	1.5	1.0	2.0	2.0	2.5	4	0.0	0.5	1.0	0.0	1.0	7.1	4
2026-09-07	DFS.L	162.0	6.6	7	1.5	2.0	1.0	1.0	2.0	2.0	1.0	1.0	1.0	2.0	0.0	5.4	4	1.5	1.0	1.0	1.0	1.0	1.0	4.0	4	1.5	0.0	0.0	1.5	1.0	6.2	11
2026-09-07	DFTK.DE	1.3250000476837158														3.8	3	1.0	1.0	1.0	1.0	0.0	0.5	3.5	4	0.0	2.0	0.0	0.5	1.0	3.8	3
2026-09-07	DFTX	38.09000015258789	5.5	10	2.0	2.0	1.0	1.0	1.0	1.0	0.0	1.0	0.0	2.0	1.0	5.4	4	1.0	2.0	1.0	1.0	0.5	1.0	3.5	5	2.0	0.5	0.0	0.0	1.0	5.5	14
2026-09-07	DG.PA	113.94999694824219	6.1	8	2.0	2.0	1.0	1.0	0.0	2.0	1.0	1.5	1.5	1.5	0.0	5.0	4	1.0	1.0	1.0	1.0	1.0	1.0	4.0	4	0.5	1.5	0.0	1.0	1.0	5.8	12
2026-09-07	DG.US	133.2100067138672	7.5	10	1.5	1.5	1.0	1.5	2.0	1.5	2.0	1.0	1.5	2.0	1.0	5.8	6	1.0	2.0	1.0	1.0	1.0	1.0	2.5	5	0.0	0.0	0.0	1.5	1.0	7.0	16
2026-09-07	DGE.L	1657.0	6.6	8	1.5	1.5	1.0	1.0	2.0	1.5	1.0	0.5	1.0	1.5	2.0	5.4	4	2.0	1.0	1.0	1.0	1.0	0.5	2.5	4	0.0	0.0	0.0	1.5	1.0	6.2	12
2026-09-07	DGICA	19.450000762939453	5.9	9	1.0	1.0	1.0	1.0	2.0	2.0	1.0	1.0	1.0	2.0	0.0	5.0	6	1.5	2.0	1.0	0.0	1.0	0.5	2.0	5	0.0	0.5	0.0	0.0	1.5	5.6	15
2026-09-07	DGII	69.36000061035156	7.0	9	2.0	2.0	1.0	1.0	1.0	2.0	1.5	1.0	1.0	2.0	1.0	6.7	6	2.0	0.0	1.0	2.0	1.0	2.0	2.5	5	1.0	0.5	0.0	0.0	1.0	6.9	15
2026-09-07	DGX	237.13999938964844	7.7	10	1.5	1.5	1.0	1.5	2.0	2.0	1.5	1.0	1.0	2.0	2.0	5.0	6	1.0	0.0	1.0	1.5	1.0	1.5	3.5	5	0.5	1.0	0.0	1.0	1.0	6.9	16
2026-09-07	DH	1.0499999523162842	6.1	10	1.0	2.0	1.0	1.5	0.5	0.0	2.0	1.5	0.0	2.0	2.0	3.3	5	1.0	1.0	1.0	0.5	0.0	0.5	5.0	5	1.5	1.0	0.0	1.0	1.5	5.3	15
2026-09-07	DHC	7.510000228881836	6.4	9	1.5	2.0	1.0	1.0	1.0	1.5	2.0	1.0	0.0	2.0	1.0	4.6	6	1.0	1.0	1.0	2.0	0.0	0.5	5.0	5	2.0	0.0	0.0	1.5	1.5	5.9	15
2026-09-07	DHER.DE	36.470001220703125	4.5	8	1.0	1.0	1.0	1.0	1.0	1.5	1.0	0.0	0.0	1.5	1.0	5.0	3	1.0	1.0	1.0	1.0	0.5	1.5	6.0	4	2.0	1.0	0.0	2.0	1.0	4.7	11
2026-09-07	DHI	142.75	5.7	9	1.0	1.5	1.0	1.5	0.0	1.0	1.5	1.0	1.0	2.0	1.0	5.0	6	1.5	2.0	1.0	0.0	1.0	0.5	3.0	5	1.5	0.5	0.0	0.0	1.0	5.5	15
2026-09-07	DHL.DE	54.959999084472656	5.7	9	1.0	1.0	1.0	1.0	1.0	1.5	1.5	1.0	1.5	1.0	1.0	5.8	5	0.5	1.0	1.0	2.0	1.0	1.5	4.0	4	1.0	1.0	0.0	1.0	1.0	5.7	14
2026-09-07	DHR	207.66000366210938	8.2	10	2.0	1.5	1.0	2.0	2.0	2.0	1.5	1.0	1.0	2.0	2.0	4.2	6	1.5	0.0	1.0	0.0	1.5	1.0	2.0	5	1.0	0.0	0.0	0.5	0.5	7.0	16
2026-09-07	DHT	20.8700008392334	7.5	9	1.5	1.0	1.0	1.0	2.0	2.0	2.0	1.0	2.0	2.0	1.0	7.1	6	1.5	0.0	1.0	2.0	2.0	2.0	4.5	5	0.0	2.0	1.0	0.5	1.0	7.4	15
2026-09-07	DIA.L	562.0														5.0	4	2.0	1.0	1.0	1.0	1.0	0.0	3.0	4	0.5	1.0	0.0	0.5	1.0	5.0	4
2026-09-07	DIA.MC	39.54999923706055														5.8	4	2.0	1.0	1.0	1.0	1.0	1.0	4.0	4	0.5	0.5	0.0	2.0	1.0	5.8	4
2026-09-07	DIA.MI	75.36000061035156	5.7	8	1.0	1.0	1.0	1.0	2.0	2.0	1.0	0.0	1.0	0.5	2.0	4.6	5	1.0	1.0	1.0	0.0	1.5	1.0	2.5	4	0.5	0.5	0.0	0.5	1.0	5.4	13
2026-09-07	DIB.AE	7.230000019073486														6.7	5	2.0	1.0	1.0	1.0	2.0	1.0	3.5	3	0.0	1.5	0.0	1.0	1.0	6.7	5
2026-09-07	DIC.AE	3.7699999809265137														7.5	4	2.0	1.0	1.0	1.0	2.0	2.0	1.5	4	0.0	0.0	0.0	0.5	1.0	7.5	4
2026-09-07	DIDIY	3.740000009536743	6.6	10	1.5	2.0	1.0	2.0	1.0	2.0	2.0	1.5	0.5	0.0	1.0	4.6	4	1.0	1.0	1.0	0.0	1.0	1.5	1.5	5	0.5	1.0	0.0	0.0	0.0	6.0	14
2026-09-07	DIE.BR	180.39999389648438														4.2	4	0.0	1.0	1.0	1.0	1.0	1.0	4.5	4	1.0	0.5	0.0	2.0	1.0	4.2	4
2026-09-07	DIE.DE	8.300000190734863														4.6	4	1.5	1.0	1.0	1.0	1.0	0.0	2.0	4	0.0	0.0	0.0	1.0	1.0	4.6	4
2026-09-07	DIGIA.HE	5.559999942779541														5.4	5	0.5	1.0	1.0	2.0	1.0	1.0	3.0	4	0.5	1.0	0.0	0.5	1.0	5.4	5
2026-09-07	DIM.PA	190.3000030517578	5.7	9	1.5	2.0	1.0	1.0	2.0	1.5	0.5	0.5	1.0	0.5	1.0	5.0	5	1.5	1.0	1.0	0.5	1.0	1.0	2.5	4	1.0	0.0	0.0	0.5	1.0	5.5	14
2026-09-07	DIN	31.68000030517578	5.2	8	1.0	1.5	1.0	0.5	0.0	2.0	1.5	1.0	1.0	2.0	0.0	4.6	6	1.5	1.0	1.0	0.0	1.0	1.0	3.5	4	1.0	0.0	0.0	1.0	1.5	5.0	14
2026-09-07	DINO	105.41000366210938	7.0	9	1.5	0.5	1.0	1.0	1.5	1.5	2.0	1.0	1.5	2.0	2.0	5.8	6	1.0	0.0	1.0	2.0	1.0	2.0	3.0	5	0.5	1.5	0.0	0.5	0.5	6.6	15
2026-09-07	DIOD	91.79000091552734	6.6	9	1.5	2.0	1.0	1.0	1.0	1.5	2.0	1.0	0.5	2.0	1.0	8.3	6	2.0	2.0	1.0	2.0	1.0	2.0	3.0	5	2.0	0.0	0.0	0.0	1.0	7.1	15
2026-09-07	DIOS.ST	64.75														6.2	4	1.5	1.0	1.0	1.0	2.0	1.0	3.5	4	1.5	0.0	0.0	1.0	1.0	6.2	4
2026-09-07	DIS	105.30999755859375	7.0	10	2.0	1.5	1.0	2.0	2.0	1.5	1.5	1.0	1.0	2.0	0.0	5.0	6	0.5	2.0	1.0	0.5	1.0	1.0	2.5	5	1.5	0.0	0.0	0.5	0.5	6.4	16
2026-09-07	DJUR.CO	1065.0														7.1	4	1.5	1.0	1.0	1.0	2.0	2.0	2.5	3	0.0	0.5	0.0	1.0	1.0	7.1	4
2026-09-07	DK	71.86000061035156	6.1	10	1.5	0.5	1.0	0.5	2.0	1.0	2.0	1.0	2.0	2.0	0.0	8.3	6	2.0	2.0	1.0	2.0	1.0	2.0	4.5	5	0.5	1.0	0.0	2.0	1.0	6.8	16
2026-09-07	DKG.DE	1.409999966621399														5.0	3	1.0	1.0	1.0	1.0	0.0	2.0	2.5	4	0.0	0.5	0.0	1.0	1.0	5.0	3
2026-09-07	DKL	55.70000076293945	5.2	8	1.0	1.0	1.0	2.0	2.0	2.0	0.0	1.0	1.0	0.5	0.0	6.2	6	1.0	0.0	1.0	2.0	1.5	2.0	2.0	4	0.0	0.5	0.0	1.0	0.5	5.5	14
2026-09-07	DKNG	24.010000228881836	5.0	10	2.0	2.0	1.0	1.0	0.0	1.0	0.0	1.0	0.0	2.0	1.0	3.3	6	2.0	0.0	1.0	0.0	0.5	0.5	5.0	5	1.5	1.0	0.0	2.0	0.5	4.5	16
2026-09-07	DKS	139.14999389648438	5.9	10	1.5	1.5	1.0	0.5	0.0	1.0	1.5	1.5	1.5	2.0	1.0	7.1	5	1.5	2.0	1.0	1.0	1.0	2.0	4.0	5	1.0	1.0	0.0	1.0	1.0	6.3	15
2026-09-07	DKSH.ZU	66.30000305175781	6.4	7	1.5	1.5	1.0	1.0	2.0	2.0	1.0	1.0	1.0	1.0	1.0	4.6	4	1.0	1.0	1.0	1.0	1.0	0.5	2.5	4	0.0	1.0	0.0	0.5	1.0	5.9	11
2026-09-07	DKUPL.PA	24.0														4.6	4	0.0	1.0	1.0	1.0	1.0	1.5	2.5	4	0.0	0.0	0.0	1.5	1.0	4.6	4
2026-09-07	DLB	61.959999084472656	7.3	9	1.5	2.0	1.0	0.5	2.0	2.0	2.0	1.0	1.0	2.0	1.0	5.0	6	1.5	1.0	1.0	0.5	1.5	0.5	2.5	5	1.0	0.0	0.0	0.0	1.5	6.6	15
2026-09-07	DLG.MI	40.34000015258789	7.0	8	1.5	2.0	1.0	1.0	2.0	2.0	1.0	1.0	1.5	0.5	2.0	5.4	4	1.5	1.0	1.0	1.0	1.0	1.0	3.5	4	1.5	1.0	0.0	0.0	1.0	6.5	12
2026-09-07	DLN.L	1963.0	6.1	8	1.5	1.5	1.0	1.0	1.0	1.5	1.0	0.5	0.5	2.0	2.0	4.6	4	0.0	1.0	1.0	1.0	1.5	1.0	3.0	4	1.0	0.5	0.0	0.5	1.0	5.6	12
2026-09-07	DLO	15.520000457763672	8.0	10	1.5	2.0	1.0	0.5	2.0	2.0	2.0	1.5	2.0	2.0	1.0	5.4	6	1.0	1.0	1.0	0.0	1.5	2.0	3.0	5	1.0	0.5	0.0	0.0	1.5	7.2	16
2026-09-07	DLR	188.38999938964844	7.3	10	2.0	1.5	1.0	2.0	2.0	2.0	1.5	1.5	0.5	2.0	0.0	6.2	5	0.0	2.0	1.0	1.0	1.5	2.0	2.0	5	1.0	0.5	0.0	0.5	0.0	7.0	15
2026-09-07	DLTR	131.4199981689453	7.3	10	1.5	1.0	1.0	1.0	2.0	1.0	2.0	1.5	2.0	2.0	1.0	5.0	6	1.0	2.0	1.0	0.0	1.0	1.0	4.0	5	0.5	1.0	0.0	1.5	1.0	6.6	16
2026-09-07	DLX	24.290000915527344														5.0	5	2.0	1.0	1.0	0.5	1.0	0.5	5.5	5	1.5	0.0	1.0	1.5	1.5	5.0	5
2026-09-07	DLX.DE	2.440000057220459														5.8	4	1.5	1.0	1.0	1.0	1.0	1.5	1.0	4	0.0	0.0	0.0	0.0	1.0	5.8	4
2026-09-07	DMC	32.119998931884766														4.2	5	1.0	1.0	1.0	0.0	1.0	1.0	2.0	5	0.0	0.5	0.0	0.0	1.5	4.2	5
2026-09-07	DMNIF	0.057999998331069946														4.6	1	1.0	1.0	1.0	1.0	0.5	1.0	5.0	2	1.0	2.0	1.0	1.0	0.0	4.6	1
2026-09-07	DMP.ASX	20.260000228881836	4.8	8	1.0	0.5	1.0	1.0	2.0	2.0	1.0	1.0	0.0	1.0	0.0	3.3	4	0.5	1.0	1.0	1.0	0.5	0.0	3.5	4	1.0	0.0	0.0	1.5	1.0	4.3	12
2026-09-07	DMP.DE	39.599998474121094	6.4	8	1.5	2.0	1.0	1.0	0.0	1.5	2.0	1.0	2.0	0.0	2.0	5.8	4	1.5	1.0	1.0	1.0	1.5	1.0	3.5	4	1.0	0.0	0.0	1.5	1.0	6.2	12
2026-09-07	DMRA	30.059999465942383	6.4	10	2.0	2.0	1.0	1.0	2.0	1.5	0.5	1.0	0.0	2.0	1.0	6.2	4	1.0	2.0	1.0	2.0	0.5	1.0	5.0	4	1.5	0.5	0.0	1.0	2.0	6.3	14
2026-09-07	DMRC	5.309999942779541	5.0	9	1.5	2.0	1.0	0.0	0.0	1.0	2.0	1.0	0.0	1.5	1.0	3.8	5	2.0	1.0	1.0	0.0	0.0	0.5	5.5	5	2.0	1.5	0.0	0.0	2.0	4.6	14
2026-09-07	DMRE.DE	0.3799999952316284														5.0	3	1.0	1.0	1.0	1.0	0.0	2.0	4.5	4	0.5	1.0	0.0	2.0	1.0	5.0	3
2026-09-07	DNA	6.949999809265137	4.1	9	0.5	1.0	1.0	0.5	0.0	1.0	1.0	1.0	0.0	2.0	1.0	3.3	4	1.0	1.0	1.0	1.0	0.0	0.0	4.5	5	1.5	1.0	0.0	1.0	1.0	3.9	13
2026-09-07	DNL.ASX	3.930000066757202	6.6	7	1.5	1.5	1.0	1.0	2.0	2.0	1.0	1.0	1.0	1.5	1.0	3.8	4	0.0	1.0	1.0	1.0	0.5	1.0	3.0	4	0.0	1.5	0.0	0.5	1.0	5.8	11
2026-09-07	DNLI	22.280000686645508	5.5	9	2.0	2.0	1.0	0.5	1.0	1.0	0.5	1.0	0.0	2.0	1.0	5.4	4	1.0	1.0	1.0	2.0	0.5	1.0	3.5	5	1.0	0.5	0.0	0.0	2.0	5.5	13
2026-09-07	DNLM.L	882.5	6.6	8	1.5	2.0	1.0	1.0	1.0	2.0	1.0	1.5	2.0	1.5	0.0	5.4	4	1.0	1.0	1.5	1.0	1.0	1.0	5.0	4	1.0	0.5	1.0	1.5	1.0	6.2	12
2026-09-07	DNN	3.4200000762939453	6.6	9	2.0	2.0	1.0	1.0	2.0	2.0	2.0	0.0	0.0	1.5	1.0	2.9	6	0.0	2.0	1.0	0.0	0.5	0.0	4.0	5	1.5	0.0	0.0	1.5	1.0	5.5	15
2026-09-07	DNORD.CO	386.6000061035156														6.2	4	1.5	1.0	1.0	1.0	1.0	2.0	3.5	4	0.0	2.0	0.0	0.5	1.0	6.2	4
2026-09-07	DNOW	16.1200008392334	6.8	9	2.0	1.5	1.0	1.0	2.0	2.0	0.5	1.0	0.0	2.0	2.0	6.2	5	1.0	1.0	1.0	2.0	0.5	2.0	3.5	5	1.0	1.0	0.0	0.5	1.0	6.6	14
2026-09-07	DNTH	108.0999984741211	5.9	10	2.0	2.0	1.0	0.5	2.0	1.0	0.5	1.0	0.0	2.0	1.0	7.1	5	1.0	2.0	1.0	2.0	0.5	2.0	3.0	5	0.0	1.0	0.0	0.0	2.0	6.3	15
2026-09-07	DNUT	3.380000114440918	4.8	9	1.0	1.5	1.0	0.0	1.0	2.0	2.0	1.0	0.0	1.0	0.0	3.8	5	1.0	0.0	1.0	2.0	0.5	0.0	5.0	5	1.5	0.5	0.0	1.5	1.5	4.5	14
2026-09-07	DOC	20.649999618530273	7.3	10	1.5	1.5	1.0	1.5	1.0	2.0	2.0	1.0	0.5	2.0	2.0	3.8	5	0.0	0.0	1.0	1.0	1.0	1.5	3.5	5	1.0	0.5	0.0	1.0	1.0	6.2	15
2026-09-07	DOCN	112.47000122070312	7.5	9	2.0	2.0	1.0	1.0	1.0	1.5	2.0	1.0	2.0	2.0	1.0	6.7	6	1.0	0.0	1.0	2.0	2.0	2.0	3.5	5	1.5	0.0	0.0	1.5	0.5	7.3	15
2026-09-07	DOCS	26.350000381469727	6.4	9	1.5	2.0	1.0	0.5	1.0	1.0	1.5	1.0	1.5	2.0	1.0	5.8	6	2.0	1.0	1.0	0.0	2.0	1.0	3.0	5	1.5	1.0	0.0	0.0	0.5	6.2	15
2026-09-07	DOCS.L	72.0														5.4	4	2.0	1.0	1.0	1.0	1.0	0.5	2.5	4	0.0	0.5	0.0	1.0	1.0	5.4	4
2026-09-07	DOCU	68.41000366210938	6.1	10	1.0	1.5	1.0	0.5	2.0	2.0	1.5	0.5	1.5	2.0	0.0	5.4	6	2.0	0.0	1.5	1.0	1.0	1.0	4.0	5	1.0	0.0	2.0	0.0	1.0	5.9	16
2026-09-07	DOLE	14.010000228881836	5.7	9	1.0	1.0	1.0	1.0	1.0	2.0	0.5	1.0	1.0	2.0	1.0	4.6	6	1.0	0.0	1.0	1.5	1.0	1.0	2.5	5	0.5	0.0	0.0	1.0	1.0	5.4	15
2026-09-07	DOM.L	210.8000030517578	5.2	6	0.5	0.0	1.0	1.0	2.0	2.0	1.0	1.0	1.0	2.0	0.0	5.4	4	1.5	1.0	1.0	1.0	1.0	1.0	4.5	3	1.5	1.0	0.0	1.0	1.0	5.3	10
2026-09-07	DOM.ST	23.65999984741211	6.4	8	1.5	2.0	1.0	1.0	1.0	2.0	0.0	1.0	0.5	2.0	2.0	3.8	5	1.0	1.0	1.0	0.0	1.0	0.5	4.5	4	1.5	1.5	0.0	0.5	1.0	5.6	13
2026-09-07	DOMO	3.880000114440918	5.7	8	1.5	1.5	1.0	0.5	1.0	1.5	2.0	1.0	1.0	1.5	0.0	3.3	4	1.0	1.0	1.5	0.0	0.0	0.5	5.0	4	1.5	1.0	1.0	1.0	0.5	5.0	12
2026-09-07	DOO	67.31999969482422	8.0	9	1.5	1.5	1.0	1.0	2.0	1.5	2.0	2.0	2.0	2.0	1.0	5.0	5	1.0	1.0	1.5	0.0	1.0	1.5	6.0	5	1.0	0.0	2.0	2.0	1.0	7.1	14
2026-09-07	DORM	131.3000030517578	7.3	9	1.5	2.0	1.0	1.0	1.0	2.0	2.0	1.0	1.5	2.0	1.0	5.8	6	1.5	2.0	1.0	0.0	1.5	1.0	2.5	5	1.0	0.0	0.0	0.5	1.0	6.8	15
2026-09-07	DOTD.L	50.70000076293945	6.4	7	1.5	2.0	1.0	1.0	1.0	2.0	1.0	1.0	1.0	1.5	1.0	5.4	4	1.0	1.0	1.0	1.0	1.5	1.0	3.0	4	1.5	0.5	0.0	0.0	1.0	6.1	11
2026-09-07	DOU.DE	8.050000190734863	4.3	8	1.5	2.0	1.0	1.0	0.0	2.0	0.0	1.0	0.5	0.5	0.0	3.3	5	0.5	1.0	1.0	0.0	1.0	0.5	5.0	4	1.0	1.5	0.0	1.5	1.0	4.0	13
2026-09-07	DOUG	1.809999942779541														5.8	4	2.0	1.0	1.0	1.0	1.0	1.0	5.0	5	2.0	1.0	0.0	0.5	1.5	5.8	4
2026-09-07	DOV	192.8800048828125	6.6	9	1.5	2.0	1.0	1.5	0.0	1.5	1.0	1.0	1.0	2.0	2.0	4.2	6	1.0	0.0	1.0	0.5	1.5	1.0	2.5	5	1.0	0.0	0.0	0.5	1.0	5.9	15
2026-09-07	DOW	29.440000534057617	5.7	10	1.0	1.5	1.0	1.0	0.0	1.5	2.0	0.5	0.0	2.0	2.0	2.5	6	0.0	0.0	1.0	0.0	0.5	1.5	2.0	5	0.0	0.0	0.0	1.0	1.0	4.7	16
2026-09-07	DOW.ASX	6.460000038146973	5.9	7	1.5	2.0	1.0	1.0	0.0	1.5	1.0	1.0	1.0	2.0	1.0	3.8	5	1.0	1.0	1.0	0.0	1.0	0.5	5.0	4	1.0	1.5	1.0	0.5	1.0	5.3	12
2026-09-07	DOX	62.209999084472656	5.7	9	1.5	1.5	1.0	0.5	1.0	2.0	1.0	1.0	1.0	2.0	0.0	4.6	6	2.0	0.0	1.0	0.5	1.0	1.0	2.5	5	0.0	0.5	0.0	0.5	1.5	5.4	15
2026-09-07	DOYU	4.300000190734863	5.9	9	1.0	1.5	1.0	2.0	0.0	2.0	2.0	1.0	0.0	0.5	2.0	3.3	4	1.0	1.0	1.0	0.0	0.5	0.5	4.5	5	1.0	2.0	1.0	0.0	0.5	5.1	13
2026-09-07	DP4A.DE	2912.0														6.2	4	2.0	1.0	1.0	1.0	1.0	1.5	4.0	4	0.5	2.0	0.0	0.5	1.0	6.2	4
2026-09-07	DPLM.L	7120.0	7.5	8	2.0	1.5	1.0	1.0	1.0	2.0	1.0	1.5	1.5	2.0	2.0	5.0	4	0.0	1.0	1.0	1.0	1.5	1.5	3.0	4	1.0	0.5	0.0	0.5	1.0	6.8	12
2026-09-07	DPZ	341.0799865722656	6.8	9	2.0	1.5	1.0	1.0	1.0	1.5	1.0	1.0	1.0	2.0	2.0	4.6	6	1.0	0.0	1.0	1.0	1.5	1.0	3.5	4	1.0	0.5	0.0	1.0	1.0	6.1	15
2026-09-07	DQ	12.3100004196167	5.0	9	1.5	2.0	1.0	1.0	0.0	2.0	0.0	1.0	0.0	1.5	1.0	5.0	6	2.0	1.0	1.0	2.0	0.0	0.0	4.0	4	0.5	1.5	0.0	1.0	1.0	5.0	15
2026-09-07	DR0.DE	87.4000015258789														7.5	4	2.0	1.0	1.0	1.0	2.0	2.0	1.5	4	0.0	0.0	0.0	0.5	1.0	7.5	4
2026-09-07	DRD	28.579999923706055	6.8	8	1.5	2.0	1.0	2.0	1.0	2.0	1.0	1.0	2.0	0.5	1.0	7.1	4	1.5	1.0	1.0	1.0	2.0	2.0	1.0	5	0.5	0.0	0.0	0.0	0.5	6.9	12
2026-09-07	DRH	12.079999923706055	6.6	9	1.5	1.5	1.0	1.0	1.0	1.5	2.0	1.0	1.0	2.0	1.0	3.8	6	0.5	0.0	1.0	0.5	1.5	1.0	3.0	5	1.0	0.5	0.0	0.5	1.0	5.8	15
2026-09-07	DRI	216.8800048828125	6.8	10	1.5	1.5	1.0	1.0	2.0	2.0	1.0	1.0	2.0	2.0	0.0	5.0	6	1.0	1.0	1.0	0.5	1.0	1.5	4.0	5	0.5	0.5	0.0	2.0	1.0	6.3	16
2026-09-07	DRO.ASX	1.75	4.1	8	0.5	0.5	1.0	1.0	0.0	2.0	1.0	1.0	0.0	1.0	1.0	5.0	3	1.0	1.0	1.0	1.0	0.0	2.0	4.0	4	1.0	2.0	0.0	0.0	1.0	4.4	11
2026-09-07	DRR.ASX	4.239999771118164	5.7	7	1.5	1.5	1.0	1.0	0.0	1.5	1.0	1.0	2.0	1.0	1.0	5.4	4	1.5	1.0	1.0	1.0	2.0	0.0	2.5	4	0.5	0.0	0.0	1.0	1.0	5.6	11
2026-09-07	DRS	36.599998474121094	6.8	9	1.5	2.0	1.0	2.0	0.0	2.0	2.0	1.0	1.0	0.5	2.0	6.2	6	0.5	2.0	1.0	1.5	1.0	1.5	1.5	5	0.0	0.5	0.0	0.0	1.0	6.6	15
2026-09-07	DRVN	13.5600004196167	5.9	9	1.0	1.5	1.0	0.5	0.0	1.5	2.0	1.0	1.5	2.0	1.0	5.0	6	2.0	1.0	1.0	0.0	1.0	1.0	5.0	5	1.0	0.0	0.0	2.0	2.0	5.6	15
2026-09-07	DRW8.DE	83.0														5.0	4	1.0	1.0	1.0	1.0	1.0	1.0	2.5	4	0.5	1.0	0.0	0.0	1.0	5.0	4
2026-09-07	DRX.L	797.5	5.9	8	1.5	1.5	1.0	1.0	1.0	1.0	1.0	2.0	0.5	1.5	1.0	3.8	4	0.0	1.0	1.0	1.0	1.0	0.5	2.0	4	0.5	0.0	0.0	0.5	1.0	5.3	12
2026-09-07	DSFIR.NV	93.05999755859375	5.5	8	1.0	0.5	1.0	1.0	2.0	1.0	1.0	1.0	0.5	1.0	2.0	5.8	5	2.0	1.0	1.0	2.0	0.0	1.0	3.5	4	0.5	1.5	0.0	0.5	1.0	5.6	13
2026-09-07	DSGN	15.140000343322754	6.8	9	1.5	2.0	1.0	0.5	2.0	2.0	2.0	1.0	0.0	2.0	1.0	5.4	3	1.0	2.0	1.0	1.0	0.5	1.0	4.5	5	1.5	1.0	0.0	0.0	2.0	6.4	12
2026-09-07	DSGR	34.65999984741211	6.4	9	1.0	1.0	1.0	1.5	2.0	2.0	0.0	1.0	0.5	2.0	2.0	5.0	6	0.5	0.0	1.0	2.0	1.0	1.5	4.0	5	0.5	2.0	0.0	1.0	0.5	6.0	15
2026-09-07	DSGX	78.94000244140625	7.5	9	2.0	2.0	1.0	1.0	2.0	2.0	0.5	1.0	1.0	2.0	2.0	7.1	6	1.0	1.0	1.0	2.0	2.0	1.5	1.0	5	0.0	0.0	0.0	0.0	1.0	7.4	15
2026-09-07	DSI.AE	0.23100000619888306														4.2	3	1.0	1.0	0.0	1.0	0.0	2.0	4.0	4	0.0	1.0	2.0	0.0	1.0	4.2	3
2026-09-07	DSP	13.65999984741211	7.0	9	2.0	2.0	1.0	1.0	2.0	1.5	0.5	1.0	1.0	1.5	2.0	8.3	6	2.0	2.0	1.0	2.0	1.0	2.0	3.0	5	1.0	1.0	0.0	0.0	1.0	7.4	15
2026-09-07	DSV.CO	1321.5														6.7	5	2.0	1.0	1.0	1.0	1.0	2.0	3.5	4	1.0	1.0	0.0	0.5	1.0	6.7	5
2026-09-07	DSX	3.009999990463257														6.2	4	1.5	1.0	1.0	1.0	2.0	1.0	4.0	5	0.0	1.5	1.0	1.0	0.5	6.2	4
2026-09-07	DSY.PA	21.020000457763672	5.9	8	1.0	0.5	1.0	1.0	2.0	1.0	1.0	1.0	1.5	1.0	2.0	5.8	5	0.5	1.0	1.0	1.5	2.0	1.0	2.0	4	0.5	0.0	0.0	0.5	1.0	5.9	13
2026-09-07	DT	51.900001525878906	7.5	10	2.0	1.5	1.0	1.5	2.0	1.5	1.5	1.5	1.0	2.0	1.0	5.8	5	1.5	1.0	1.0	1.0	1.0	1.5	2.0	5	0.5	1.0	0.0	0.0	0.5	7.0	15
2026-09-07	DTC.AE	2.2300000190734863														5.0	5	1.0	1.0	1.0	2.0	1.0	0.0	3.5	4	0.0	0.5	0.0	2.0	1.0	5.0	5
2026-09-07	DTD2.DE	1.9450000524520874														6.2	4	2.0	1.0	1.0	1.0	1.5	1.0	2.0	4	0.0	1.0	0.0	0.0	1.0	6.2	4
2026-09-07	DTE	136.0800018310547	5.9	9	1.5	1.5	1.0	1.5	0.0	2.0	1.5	1.0	1.0	2.0	0.0	5.0	6	1.0	1.0	1.0	1.5	1.0	0.5	3.0	5	0.0	0.5	0.0	1.5	1.0	5.6	15
2026-09-07	DTE.DE	28.399999618530273	6.6	9	2.0	2.0	1.0	1.0	1.0	2.0	1.5	0.5	1.5	1.0	1.0	4.2	5	1.0	1.0	1.0	0.0	1.0	1.0	2.5	4	0.0	0.0	0.0	1.5	1.0	5.9	14
2026-09-07	DTG.DE	45.72999954223633	7.0	9	1.5	1.5	1.0	1.0	2.0	1.5	2.0	1.0	1.0	1.0	2.0	6.7	5	2.0	1.0	1.0	2.0	1.0	1.0	3.5	4	1.0	0.5	0.0	1.0	1.0	6.9	14
2026-09-07	DTL.ASX	10.770000457763672	6.1	7	1.0	1.0	1.0	1.0	2.0	2.0	1.0	1.0	2.0	0.5	1.0	4.6	4	0.5	1.0	1.0	1.0	1.0	1.0	3.0	4	1.0	1.0	0.0	0.0	1.0	5.6	11
2026-09-07	DTM	129.52000427246094	6.4	10	1.5	2.0	1.0	1.0	0.0	1.5	1.5	1.5	1.0	2.0	1.0	4.6	6	0.5	0.0	1.0	0.5	2.0	1.5	2.0	5	0.5	0.0	0.0	0.5	1.0	5.9	16
2026-09-07	DU.AE	11.119999885559082														6.2	5	2.0	1.0	1.0	1.0	1.5	1.0	1.0	4	0.0	0.0	0.0	0.0	1.0	6.2	5
2026-09-07	DUE.DE	18.059999465942383	5.2	8	1.5	2.0	1.0	1.0	1.0	2.0	0.0	1.0	0.0	1.0	1.0	5.0	4	1.5	1.0	1.0	1.0	1.0	0.5	4.0	4	1.5	1.0	0.0	0.5	1.0	5.1	12
2026-09-07	DUK	120.22000122070312	5.9	9	1.5	1.5	1.0	1.5	0.0	2.0	1.5	1.0	1.0	2.0	0.0	5.8	6	1.0	2.0	1.0	0.5	1.5	1.0	3.0	5	0.0	0.5	0.0	1.5	1.0	5.9	15
2026-09-07	DUOL	154.4600067138672	6.8	10	1.0	1.0	1.0	0.0	2.0	1.0	2.0	1.0	2.0	2.0	2.0	5.8	6	1.0	0.0	1.0	1.5	2.0	1.5	2.5	5	1.0	0.5	0.0	0.0	1.0	6.5	16
2026-09-07	DV	13.359999656677246	5.9	9	1.0	1.0	1.0	1.0	2.0	2.0	0.0	1.0	1.0	2.0	1.0	5.0	6	2.0	1.0	1.0	0.0	1.0	1.0	2.0	5	1.0	0.5	0.0	0.0	0.5	5.6	15
2026-09-07	DVA	183.99000549316406	6.4	9	1.5	2.0	1.0	0.5	1.0	1.5	1.5	1.0	2.0	1.0	1.0	4.2	6	2.0	0.0	1.0	0.0	1.0	1.0	4.0	5	1.0	0.0	0.0	2.0	1.0	5.7	15
2026-09-07	DVLT	0.20000000298023224	5.0	9	1.5	2.0	1.0	0.5	0.0	2.0	2.0	1.0	0.0	0.0	1.0	5.4	4	2.0	1.0	0.0	1.0	0.5	2.0	5.0	5	0.0	2.0	2.0	0.0	1.0	5.1	13
2026-09-07	DVN	48.060001373291016	6.8	10	2.0	2.0	1.0	1.5	2.0	1.5	1.5	0.5	1.0	2.0	0.0	5.8	6	0.5	2.0	1.0	0.0	1.5	2.0	1.0	5	0.0	0.5	0.0	0.0	0.5	6.5	16
2026-09-07	DVP.ASX	5.199999809265137	6.1	7	1.5	2.0	1.0	1.0	0.0	2.0	1.0	1.0	1.0	1.0	2.0	6.7	4	1.0	1.0	1.0	1.0	2.0	2.0	2.0	4	1.0	0.0	0.0	0.0	1.0	6.3	11
2026-09-07	DWNI.DE	17.260000228881836														5.0	4	1.0	1.0	1.0	1.0	2.0	0.0	4.0	4	1.0	1.5	0.0	0.5	1.0	5.0	4
2026-09-07	DWS.DE	75.94999694824219	5.2	9	1.0	0.5	1.0	1.0	2.0	1.5	1.5	0.5	1.0	0.5	1.0	6.7	5	1.0	1.0	1.0	2.0	2.0	1.0	4.0	4	1.0	2.0	0.0	0.0	1.0	5.6	14
2026-09-07	DX	12.899999618530273	5.5	9	2.0	1.5	1.0	1.0	0.0	2.0	1.0	1.0	1.5	1.0	0.0	7.5	5	2.0	1.0	1.0	2.0	2.0	1.0	4.0	5	1.0	0.5	0.0	2.0	0.5	6.1	14
2026-09-07	DXC	11.65999984741211	5.0	9	1.0	1.0	1.0	0.0	1.0	1.0	1.5	1.0	0.5	2.0	1.0	3.8	6	2.0	0.0	1.0	0.0	1.0	0.5	3.5	5	1.0	0.0	0.0	1.0	1.5	4.6	15
2026-09-07	DXCM	87.9000015258789	8.2	9	2.0	1.5	1.0	1.0	2.0	1.5	2.0	1.0	2.0	2.0	2.0	6.7	6	1.5	1.0	1.0	1.0	2.0	1.5	4.0	5	1.5	1.0	0.0	0.5	1.0	7.7	15
2026-09-07	DXPE	184.0	7.7	9	1.5	1.5	1.0	1.5	2.0	2.0	1.0	1.0	1.5	2.0	2.0	7.1	6	2.0	1.0	1.0	2.0	1.0	1.5	4.0	5	1.0	1.0	0.0	1.5	0.5	7.5	15
2026-09-07	DXRX.L	146.5	6.1	7	1.5	2.0	1.0	1.0	1.0	2.0	1.0	1.0	0.5	1.5	1.0	5.0	4	0.0	1.0	1.0	1.0	1.0	2.0	2.0	4	1.0	0.0	0.0	0.0	1.0	5.8	11
2026-09-07	DXS.ASX	5.760000228881836	5.7	8	1.5	2.0	1.0	1.0	0.0	2.0	1.0	2.0	0.5	1.5	0.0	4.6	4	0.5	1.0	1.0	1.0	2.0	0.0	3.0	4	0.5	1.0	0.0	0.5	1.0	5.4	12
2026-09-07	DY	300.2300109863281	7.3	10	2.0	2.0	1.0	1.0	0.0	1.5	2.0	1.0	1.5	2.0	2.0	4.2	6	0.5	0.0	1.0	0.5	1.0	2.0	4.5	5	1.5	1.0	0.0	1.0	1.0	6.4	16
2026-09-07	DYN	24.280000686645508	5.7	10	2.0	2.0	1.0	0.5	1.0	1.0	0.5	1.5	0.0	2.0	1.0	3.8	4	1.0	1.0	1.0	0.0	0.5	1.0	4.0	5	1.0	1.0	0.0	0.5	1.5	5.1	14
2026-09-07	DYVOX.ST	77.0														5.0	5	0.5	1.0	1.0	1.0	1.0	1.5	4.0	4	1.0	0.5	0.0	1.5	1.0	5.0	5
2026-09-07	E	53.58000183105469	6.1	9	1.0	1.5	1.0	2.0	2.0	2.0	1.0	1.0	1.0	0.0	1.0	5.4	5	2.0	0.0	1.0	1.0	1.0	1.5	2.0	5	0.0	1.0	0.0	0.5	0.5	5.9	14
2026-09-07	E4C.DE	7.099999904632568														6.2	4	2.0	1.0	1.0	1.0	1.0	1.5	3.0	4	1.0	1.0	0.0	0.0	1.0	6.2	4
2026-09-07	EAAS.L	1.899999976158142	4.5	7	1.5	2.0	1.0	1.0	0.0	2.0	1.0	1.0	0.0	0.5	0.0	5.8	4	2.0	1.0	0.5	1.0	0.5	2.0	7.5	4	1.0	1.5	2.0	2.0	1.0	4.9	11
2026-09-07	EAF	6.199999809265137	5.0	8	1.0	2.0	1.0	1.0	0.0	2.0	0.0	1.0	1.0	1.0	1.0	2.9	5	1.0	1.0	1.0	0.0	0.0	0.5	6.5	4	2.0	1.5	1.0	1.0	1.0	4.4	13
2026-09-07	EAPI.PA	0.8659999966621399														3.3	3	1.0	1.0	1.0	1.0	0.0	0.0	4.0	4	1.0	2.0	0.0	0.0	1.0	3.3	3
2026-09-07	EASOR.HE	0.5270000100135803														5.4	3	1.0	1.0	1.0	1.0	1.5	1.0	5.0	3	1.0	1.5	0.0	1.5	1.0	5.4	3
2026-09-07	EAT	230.22000122070312	6.4	9	2.0	1.5	1.0	0.0	2.0	1.0	1.5	1.0	2.0	2.0	0.0	5.0	6	1.0	0.0	1.0	2.0	1.0	1.0	5.5	5	1.5	1.0	0.0	2.0	1.0	6.0	15
2026-09-07	EBAY	103.41000366210938	6.8	10	1.5	1.5	1.0	1.5	1.0	1.0	1.5	1.0	2.0	2.0	1.0	5.0	6	1.5	0.0	1.0	0.5	1.5	1.5	4.0	5	1.5	0.0	0.0	1.5	1.0	6.3	16
2026-09-07	EBC	22.239999771118164	6.1	8	1.5	1.5	1.0	1.0	1.0	1.5	1.0	1.0	1.0	2.0	1.0	6.2	6	1.5	0.0	1.0	1.0	2.0	2.0	3.0	4	0.5	0.5	0.0	1.0	1.0	6.1	14
2026-09-07	EBF	21.459999084472656														6.2	4	2.0	1.0	1.0	1.0	1.5	1.0	2.5	5	0.0	0.5	0.0	0.0	2.0	6.2	4
2026-09-07	EBK.DE	68.5999984741211														4.6	4	0.0	1.0	1.0	1.0	0.5	2.0	3.0	4	0.0	0.0	1.0	1.0	1.0	4.6	4
2026-09-07	EBO.DE	123.80000305175781	6.6	6	2.0	1.5	1.0	1.0	2.0	2.0	1.0	1.0	1.0	1.0	1.0	5.8	4	0.0	1.0	1.0	1.0	2.0	2.0	4.0	3	0.5	1.5	0.0	1.0	1.0	6.4	10
2026-09-07	EBS	6.210000038146973	5.5	9	1.0	2.0	1.0	0.0	0.0	2.0	2.0	1.0	0.0	2.0	1.0	5.0	6	2.0	1.0	1.0	0.0	0.0	2.0	6.0	5	2.0	1.0	0.0	1.5	1.5	5.3	15
2026-09-07	EC	17.25	6.1	10	0.5	0.0	1.0	1.5	2.0	2.0	2.0	1.0	1.5	0.0	2.0	5.8	6	2.0	0.0	1.0	0.5	1.5	2.0	3.5	5	0.0	1.5	0.0	1.0	1.0	6.0	16
2026-09-07	EC.PA	217.5														4.2	4	0.0	1.0	1.0	1.0	1.5	0.5	1.0	4	0.0	0.0	0.0	0.0	1.0	4.2	4
2026-09-07	ECF.DE	2.759999990463257														5.0	3	1.0	1.0	1.0	1.0	0.0	2.0	2.0	3	0.0	0.0	0.0	1.0	1.0	5.0	3
2026-09-07	ECG	117.23999786376953	8.0	9	2.0	2.0	1.0	1.5	0.0	2.0	2.0	1.0	2.0	2.0	2.0	5.8	6	1.0	0.0	1.0	2.0	1.0	2.0	2.0	4	1.0	0.0	0.0	0.5	0.5	7.3	15
2026-09-07	ECHO	89.80000305175781	5.2	9	2.0	2.0	1.0	0.0	0.0	2.0	0.5	1.0	0.0	2.0	1.0	3.3	6	1.5	1.0	1.0	0.0	0.0	0.5	3.5	5	1.0	0.5	0.0	1.0	1.0	4.6	15
2026-09-07	ECK.DE	19.200000762939453														3.3	4	0.5	1.0	0.0	1.0	1.0	0.5	5.0	4	0.0	0.5	2.0	1.5	1.0	3.3	4
2026-09-07	ECL	279.2799987792969	8.4	10	2.0	1.5	1.0	2.0	2.0	1.5	1.0	2.0	1.5	2.0	2.0	4.2	6	0.5	1.0	1.0	0.0	1.5	1.0	2.5	5	1.0	0.0	0.0	1.0	0.5	7.1	16
2026-09-07	ECMPA.NV	27.649999618530273	6.1	8	1.5	2.0	1.0	1.0	2.0	2.0	1.0	1.0	1.0	1.0	0.0	6.7	4	2.0	1.0	1.0	1.0	2.0	1.0	2.0	4	0.5	0.0	0.0	0.5	1.0	6.3	12
2026-09-07	ECO.L	45.79999923706055	5.2	7	1.5	2.0	1.0	1.0	1.0	2.0	1.0	1.0	0.0	0.0	1.0	4.6	2	1.0	1.0	1.0	1.0	0.5	1.0	3.0	3	1.0	0.0	0.0	1.0	1.0	5.0	9
2026-09-07	ECONB.BR	1.5														5.0	4	1.5	1.0	1.0	1.0	1.0	0.5	3.5	4	0.5	0.5	0.0	1.5	1.0	5.0	4
2026-09-07	ECOR.L	172.1999969482422	7.3	8	2.0	1.5	1.0	1.0	2.0	1.5	1.0	2.0	1.0	1.0	2.0	6.2	4	0.5	1.0	1.0	1.0	2.0	2.0	3.5	3	1.0	1.5	0.0	0.0	1.0	7.0	12
2026-09-07	ECPG	97.30000305175781	8.0	9	2.0	1.5	1.0	1.0	2.0	2.0	2.0	1.0	2.0	2.0	1.0	6.7	6	2.0	0.0	1.0	2.0	1.5	1.5	6.5	5	1.5	1.0	1.0	2.0	1.0	7.6	15
2026-09-07	ECVT	10.210000038146973	7.0	9	1.5	2.0	1.0	1.5	0.0	2.0	2.0	1.0	0.5	2.0	2.0	4.2	6	0.0	1.0	1.0	0.5	0.5	2.0	3.0	5	1.0	0.0	0.0	1.0	1.0	6.2	15
2026-09-07	ED	107.29000091552734	6.1	9	0.5	1.0	1.0	1.5	1.0	2.0	1.5	1.0	1.0	2.0	1.0	5.4	6	1.0	1.0	1.0	0.5	1.5	1.5	2.0	5	0.0	0.0	0.0	1.0	1.0	5.9	15
2026-09-07	ED4.DE	2.9600000381469727														4.2	3	1.0	1.0	1.0	1.0	0.5	0.5	4.0	4	0.0	1.5	0.0	1.5	1.0	4.2	3
2026-09-07	EDEN.PA	30.450000762939453	5.5	7	1.0	0.0	1.0	1.0	2.0	2.0	1.0	1.5	1.0	1.5	0.0	5.4	4	1.0	1.0	1.0	1.0	1.5	1.0	4.5	3	0.5	2.0	0.0	1.0	1.0	5.5	11
2026-09-07	EDIT	3.2300000190734863	6.4	9	1.5	2.0	1.0	0.5	2.0	1.0	2.0	1.0	0.0	2.0	1.0	5.8	4	1.0	1.0	1.0	2.0	0.0	2.0	4.0	5	2.0	0.0	0.0	0.0	2.0	6.2	13
2026-09-07	EDL.DE	4.559999942779541														5.8	4	2.0	1.0	1.0	1.0	1.0	1.0	4.0	4	0.5	0.5	1.0	1.0	1.0	5.8	4
2026-09-07	EDN	24.600000381469727														4.6	4	0.0	1.0	1.0	1.0	1.0	1.5	2.0	5	0.0	0.0	0.0	0.5	1.5	4.6	4
2026-09-07	EDU	59.5099983215332	6.8	9	1.5	2.0	1.0	1.5	2.0	1.0	2.0	1.0	1.0	1.0	1.0	6.2	6	1.5	0.0	1.0	2.0	1.0	2.0	1.5	5	0.0	0.5	0.0	0.0	1.0	6.6	15
2026-09-07	EDV.ASX	3.2300000190734863	3.9	8	1.0	1.0	1.0	1.0	0.0	2.0	1.0	0.0	0.5	1.0	0.0	4.2	4	0.0	1.0	1.0	1.0	1.0	1.0	3.0	4	0.0	0.5	0.0	1.5	1.0	4.0	12
2026-09-07	EDV.L	4723.0	7.7	8	2.0	1.5	1.0	1.0	2.0	1.5	1.5	1.0	2.0	1.5	2.0	5.4	5	1.0	1.0	1.0	0.0	1.5	2.0	3.0	4	1.5	0.5	0.0	0.0	1.0	7.0	13
2026-09-07	EE	40.029998779296875	7.3	10	2.0	1.5	1.0	0.5	2.0	2.0	1.0	1.0	1.0	2.0	2.0	4.6	6	0.5	1.0	1.0	0.0	1.0	2.0	4.5	5	1.5	1.0	0.0	0.5	1.5	6.5	16
2026-09-07	EEE.L	39.54999923706055	5.5	7	1.5	2.0	1.0	1.0	1.0	2.0	1.0	1.0	0.0	0.5	1.0	4.6	2	1.0	1.0	1.0	1.0	0.5	1.0	3.5	4	2.0	0.5	0.0	0.0	1.0	5.2	9
2026-09-07	EEFT	73.80999755859375	6.1	9	1.5	1.5	1.0	0.5	1.0	1.5	1.0	1.0	1.5	2.0	1.0	6.2	6	2.0	2.0	1.0	0.5	1.0	1.0	4.0	5	1.0	0.0	0.0	1.5	1.5	6.1	15
2026-09-07	EFC	13.470000267028809	6.8	9	2.0	1.5	1.0	1.0	1.0	2.0	2.0	1.0	1.0	1.5	1.0	7.5	6	2.0	1.0	1.0	1.0	2.0	2.0	4.5	5	1.0	0.5	0.0	2.0	1.0	7.0	15
2026-09-07	EFF0.DE	2.319999933242798														3.8	3	1.0	1.0	1.0	1.0	0.5	0.0	3.5	4	0.0	1.0	0.0	1.5	1.0	3.8	3
2026-09-07	EFG.PA	1.7549999952316284														4.6	4	2.0	1.0	1.0	1.0	0.0	0.5	4.0	3	0.0	0.0	2.0	1.0	1.0	4.6	4
2026-09-07	EFOR	32.54999923706055	6.1	9	1.5	1.5	1.0	0.5	1.0	2.0	0.5	1.0	0.5	2.0	2.0	7.1	6	2.0	2.0	1.0	2.0	1.0	0.5	2.0	5	0.0	0.0	0.0	1.0	1.0	6.4	15
2026-09-07	EFR	10.470000267028809														5.0	4	1.0	1.0	1.0	1.0	2.0	0.0	0.5	5	0.0	0.5	0.0	0.0	0.0	5.0	4
2026-09-07	EFSC	64.66000366210938	6.6	8	2.0	1.5	1.0	1.5	1.0	2.0	0.5	1.0	1.0	2.0	1.0	7.1	6	1.5	2.0	1.0	1.0	2.0	1.0	3.0	4	0.5	0.5	0.0	1.0	1.0	6.7	14
2026-09-07	EFX	177.0500030517578	5.5	10	1.5	1.5	1.0	1.0	0.0	1.5	1.5	1.0	1.0	2.0	0.0	6.2	6	1.5	2.0	0.5	0.5	1.5	1.5	5.0	5	1.5	0.5	1.0	1.0	1.0	5.7	16
2026-09-07	EFXT	22.260000228881836	5.9	8	1.5	2.0	1.0	1.0	2.0	1.0	0.0	1.0	0.5	2.0	1.0	2.9	5	0.0	1.0	1.0	0.0	1.0	0.5	3.0	5	2.0	0.0	0.0	0.5	0.5	5.0	13
2026-09-07	EG	380.8699951171875	6.1	9	1.5	1.0	1.0	1.5	2.0	2.0	0.5	1.0	1.0	2.0	0.0	4.2	6	2.0	0.0	1.0	0.5	1.5	0.0	1.5	5	0.0	0.5	0.0	0.0	1.0	5.5	15
2026-09-07	EGBN	28.18000030517578	6.1	8	1.0	1.0	1.0	0.5	2.0	2.0	2.0	1.0	0.0	2.0	1.0	2.5	5	1.0	0.0	1.0	0.0	0.0	1.0	5.0	4	1.0	1.5	0.0	1.0	1.5	5.0	13
2026-09-07	EGHT	1.8899999856948853	6.6	9	1.5	2.0	1.0	1.5	0.0	2.0	2.0	1.0	0.5	2.0	1.0	7.1	6	2.0	2.0	1.0	1.5	1.0	1.0	4.5	5	2.0	0.5	0.0	1.5	0.5	6.7	15
2026-09-07	EGL.LS	4.776000022888184														4.6	4	0.5	1.0	1.0	1.0	1.0	1.0	4.0	4	1.0	0.0	0.0	2.0	1.0	4.6	4
2026-09-07	EGLA.MI	0.9440000057220459	5.2	7	1.0	2.0	1.0	1.0	0.0	2.0	1.0	1.0	0.0	0.5	2.0	4.2	3	1.0	1.0	1.0	1.0	0.5	0.5	4.5	4	0.5	2.0	0.0	1.0	1.0	4.9	10
2026-09-07	EGO	43.02000045776367	6.4	8	1.5	1.0	1.0	1.0	2.0	1.0	1.5	1.0	1.0	2.0	1.0	5.0	6	0.0	2.0	1.0	0.0	2.0	1.0	3.0	5	1.5	0.5	0.0	0.0	1.0	6.0	14
2026-09-07	EGP.US	198.6199951171875	5.9	10	1.5	1.5	1.0	1.0	1.0	2.0	1.0	1.0	1.0	2.0	0.0	4.2	6	0.0	0.0	1.0	1.0	2.0	1.0	2.5	5	1.0	0.0	0.0	0.5	1.0	5.4	16
2026-09-07	EGRX	0.75														5.0	4	2.0	1.0	1.0	1.0	1.0	0.0	2.5	5	1.0	0.5	0.0	0.0	1.0	5.0	4
2026-09-07	EGY	6.0	5.7	9	1.5	2.0	1.0	1.0	2.0	2.0	0.0	1.0	0.0	2.0	0.0	6.2	6	0.5	2.0	1.0	2.0	0.0	2.0	2.5	5	0.0	0.5	0.0	0.5	1.5	5.8	15
2026-09-07	EH	4.690000057220459	5.5	9	1.0	1.5	1.0	0.5	0.0	2.0	2.0	1.0	0.0	1.0	2.0	3.3	3	1.0	1.0	1.0	1.0	0.0	0.0	5.5	5	1.0	2.0	0.0	0.5	2.0	4.8	12
2026-09-07	EHC	121.79000091552734	8.0	9	2.0	2.0	1.0	1.5	2.0	2.0	1.5	1.0	1.5	2.0	1.0	5.4	5	2.0	0.0	1.0	1.0	1.5	1.0	3.5	5	0.5	1.0	0.0	1.0	1.0	7.2	14
2026-09-07	EHTH	0.9900000095367432	6.1	9	1.0	2.0	1.0	2.0	0.0	2.0	1.5	1.0	0.5	1.5	1.0	4.6	5	2.0	1.0	1.0	0.5	1.0	0.0	4.0	5	1.5	2.0	0.0	0.0	0.5	5.6	14
2026-09-07	EIG	49.650001525878906	5.7	9	1.5	1.5	1.0	1.0	1.0	2.0	0.0	1.0	0.5	2.0	1.0	4.6	6	1.5	2.0	1.0	0.0	1.0	0.0	2.0	5	0.0	1.0	0.0	0.0	1.0	5.4	15
2026-09-07	EIKN	10.859999656677246	5.9	8	1.5	2.0	1.0	0.5	1.5	2.0	0.0	1.0	1.0	1.5	1.0	3.8	4	1.0	1.0	1.0	0.0	0.5	1.0	4.0	4	1.0	0.5	0.0	0.5	2.0	5.3	12
2026-09-07	EIN.DE	73.19999694824219	6.8	7	1.5	2.0	1.0	1.0	1.0	2.0	1.0	1.0	1.5	1.0	2.0	5.0	4	1.5	1.0	1.0	1.0	1.0	0.5	2.5	4	1.0	0.5	0.0	0.0	1.0	6.3	11
2026-09-07	EIX	56.77000045776367	5.2	10	0.5	1.5	1.0	1.5	0.0	1.5	2.0	0.0	1.5	2.0	0.0	4.6	6	0.5	2.0	1.0	0.0	1.5	0.5	4.0	5	0.5	1.0	0.0	1.5	1.0	5.0	16
2026-09-07	EKF.L	25.25														4.2	4	0.0	1.0	1.0	1.0	1.0	1.0	1.5	4	0.0	0.5	0.0	0.0	1.0	4.2	4
2026-09-07	EKI.PA	2.380000114440918														4.6	3	1.0	1.0	1.0	1.0	0.5	1.0	3.0	4	1.5	0.0	0.0	0.5	1.0	4.6	3
2026-09-07	EKOP.BR	3.75														5.0	4	2.0	1.0	1.0	1.0	0.0	1.0	3.5	4	0.0	1.0	0.0	1.5	1.0	5.0	4
2026-09-07	EKT.DE	25.25														5.4	4	0.5	1.0	1.0	1.0	1.0	2.0	5.0	4	0.5	1.5	0.0	2.0	1.0	5.4	4
2026-09-07	EKTAB.ST	52.29999923706055														5.0	5	2.0	1.0	1.0	1.0	0.5	0.5	3.0	4	1.0	0.0	0.0	1.0	1.0	5.0	5
2026-09-07	EL	103.86000061035156	6.6	10	1.5	1.0	1.0	1.5	2.0	1.5	2.0	0.5	0.5	2.0	1.0	6.7	6	1.0	2.0	1.0	2.0	1.0	1.0	4.5	5	1.5	0.5	0.0	1.5	1.0	6.6	16
2026-09-07	EL.PA	149.8000030517578	4.5	8	1.5	2.0	1.0	1.0	0.0	1.0	1.0	1.0	1.0	0.5	0.0	5.4	4	1.5	1.0	1.0	1.0	1.0	1.0	4.0	4	0.5	2.0	0.0	0.5	1.0	4.8	12
2026-09-07	ELAN	24.5	6.8	10	2.0	2.0	1.0	1.0	1.0	1.5	2.0	0.5	0.0	2.0	2.0	4.2	6	0.0	0.0	1.0	2.0	0.5	1.5	3.0	5	1.5	0.0	0.0	0.5	1.0	6.0	16
2026-09-07	ELB.DE	2.200000047683716														4.6	3	1.0	1.0	1.0	1.0	0.5	1.0	4.0	3	1.0	0.0	0.0	2.0	1.0	4.6	3
2026-09-07	ELD.ASX	6.699999809265137	5.5	7	1.0	0.5	1.0	1.0	1.5	2.0	1.0	1.0	1.0	1.0	1.0	7.1	4	2.0	1.0	1.5	1.0	1.0	2.0	3.5	4	0.0	0.0	2.0	0.5	1.0	6.0	11
2026-09-07	ELE.MC	41.220001220703125	5.5	8	0.5	0.5	1.0	1.0	2.0	2.0	1.5	1.0	2.0	0.5	0.0	5.4	5	0.5	1.0	1.0	1.5	1.5	1.0	4.0	4	0.5	1.5	0.0	1.0	1.0	5.5	13
2026-09-07	ELEC.PA	158.60000610351562														5.8	4	2.0	1.0	1.0	1.0	1.5	0.5	2.5	4	0.0	1.5	0.0	0.0	1.0	5.8	4
2026-09-07	ELF	109.66999816894531	6.1	10	1.5	0.5	1.0	1.0	2.0	1.0	2.0	1.5	0.0	2.0	1.0	5.0	6	1.5	1.0	1.0	0.0	0.5	2.0	3.0	5	2.0	0.0	0.0	0.5	0.5	5.8	16
2026-09-07	ELG.DE	139.8000030517578	6.4	8	1.5	2.0	1.0	1.0	0.0	1.5	1.5	1.0	1.5	1.0	2.0	5.0	4	0.0	1.0	1.0	1.0	1.5	1.5	2.5	4	1.5	0.0	0.0	0.0	1.0	6.0	12
2026-09-07	ELI.BR	119.0999984741211														5.4	4	0.5	1.0	1.0	1.0	1.5	1.5	3.0	4	0.5	0.0	0.0	1.5	1.0	5.4	4
2026-09-07	ELIOR.PA	2.062000036239624	3.9	7	0.5	0.5	1.0	1.0	0.0	2.0	1.0	1.0	1.0	0.5	0.0	5.4	4	2.0	1.0	1.0	1.0	1.0	0.5	5.0	4	2.0	1.0	0.0	1.0	1.0	4.3	11
2026-09-07	ELIS.PA	23.420000076293945	5.5	7	1.5	2.0	1.0	1.0	0.0	2.0	1.0	1.0	1.0	1.5	0.0	5.4	4	1.5	1.0	1.0	1.0	1.0	1.0	5.5	4	1.0	1.5	1.0	1.0	1.0	5.5	11
2026-09-07	ELISA.HE	35.459999084472656														3.3	5	0.0	1.0	1.0	0.0	1.5	0.5	3.0	4	0.0	1.0	0.0	1.0	1.0	3.3	5
2026-09-07	ELIX.L	622.0	5.2	7	1.5	2.0	1.0	1.0	0.0	2.0	1.0	1.0	1.0	1.0	0.0	6.2	4	1.0	1.0	1.0	1.0	1.5	2.0	2.5	4	0.5	1.0	0.0	0.0	1.0	5.5	11
2026-09-07	ELM.L	176.8000030517578	7.3	7	1.5	1.5	1.0	1.0	2.0	2.0	1.0	1.0	1.0	2.0	2.0	6.2	4	2.0	1.0	1.0	1.0	1.5	1.0	3.0	4	1.0	0.5	0.0	0.5	1.0	7.0	11
2026-09-07	ELME	1.690000057220459														3.3	4	0.0	1.0	1.0	1.0	0.0	1.0	3.5	5	0.5	2.0	0.0	0.5	0.5	3.3	4
2026-09-07	ELMT	16.780000686645508	6.8	8	1.5	2.0	1.0	1.0	1.5	2.0	2.0	1.0	1.0	1.0	1.0	6.2	4	1.0	1.0	1.0	2.0	0.5	2.0	2.0	4	1.0	0.0	0.0	0.0	1.0	6.6	12
2026-09-07	ELPC	12.260000228881836														6.2	4	1.5	1.0	1.0	1.0	1.5	1.5	1.5	5	0.0	0.5	0.0	1.0	0.0	6.2	4
2026-09-07	ELS	62.41999816894531	5.9	9	1.5	1.5	1.0	1.0	0.0	2.0	1.5	1.0	1.5	2.0	0.0	6.2	6	0.0	2.0	1.0	1.5	2.0	1.0	3.0	5	0.5	0.0	0.0	1.5	1.0	6.0	15
2026-09-07	ELUXB.ST	27.719999313354492														4.2	5	1.5	1.0	1.0	0.0	0.5	1.0	5.5	4	1.0	1.5	0.0	2.0	1.0	4.2	5
2026-09-07	ELV	407.5	7.7	9	1.5	1.5	1.0	1.5	2.0	1.5	2.0	1.0	1.0	2.0	2.0	3.8	6	1.5	0.0	1.0	0.0	1.0	1.0	3.0	5	0.5	1.0	0.0	0.5	1.0	6.5	15
2026-09-07	ELV.ASX	7.53000020980835	5.2	7	1.5	2.0	1.0	1.0	0.0	1.0	1.0	1.0	1.0	1.0	1.0	6.7	4	1.0	1.0	1.0	1.0	2.0	2.0	2.0	4	1.0	0.0	0.0	0.0	1.0	5.6	11
2026-09-07	ELVN	59.31999969482422	6.4	9	2.0	2.0	1.0	0.5	2.0	1.5	1.0	1.0	0.0	2.0	1.0	6.2	4	1.0	2.0	1.0	2.0	0.5	1.0	3.0	5	0.0	1.5	0.0	0.0	1.5	6.3	13
2026-09-07	EMA	50.349998474121094	5.7	8	2.0	1.5	1.0	1.0	0.0	2.0	1.5	1.0	1.0	1.5	0.0	4.6	5	0.5	1.0	1.0	0.5	1.5	1.0	3.0	5	0.0	0.0	0.0	1.5	1.5	5.4	13
2026-09-07	EMAAR.AE	10.760000228881836														5.0	5	0.0	1.0	1.0	0.5	2.0	1.5	2.5	4	0.0	1.5	0.0	0.0	1.0	5.0	5
2026-09-07	EMAARDEV.AE	12.779999732971191														6.7	5	2.0	1.0	1.0	0.0	2.0	2.0	2.5	4	0.0	1.5	0.0	0.0	1.0	6.7	5
2026-09-07	EMAN.L	55.5														4.2	3	1.0	1.0	1.0	1.0	0.5	0.5	4.5	4	0.0	1.5	0.0	2.0	1.0	4.2	3
2026-09-07	EMAT	3.0199999809265137	5.5	8	1.5	2.0	1.0	2.0	0.5	1.0	2.0	1.0	1.0	0.0	0.0	3.8	2	1.0	1.0	0.0	1.0	0.5	1.0	5.0	4	0.0	1.5	2.0	1.0	0.5	5.0	10
2026-09-07	EMBJ	73.80999755859375	7.3	10	2.0	2.0	1.0	2.0	2.0	2.0	1.0	1.0	1.0	1.0	1.0	6.2	6	0.0	2.0	1.0	2.0	1.0	1.5	2.0	5	0.5	0.5	0.0	0.5	0.5	7.0	16
2026-09-07	EMBLA.CO	28.75														5.8	5	1.0	1.0	1.0	1.5	1.0	1.5	2.0	4	0.0	0.5	0.0	0.5	1.0	5.8	5
2026-09-07	EMBRACB.ST	74.04000091552734														5.0	4	1.0	1.0	1.0	0.0	1.0	2.0	3.0	3	1.0	0.0	0.0	1.0	1.0	5.0	4
2026-09-07	EME	754.1599731445312	7.3	9	2.0	2.0	1.0	1.5	0.0	1.5	2.0	1.0	2.0	2.0	1.0	6.2	6	2.0	0.0	1.0	2.0	1.0	1.5	1.5	5	1.0	0.0	0.0	0.0	0.5	7.0	15
2026-09-07	EME.L	0.03999999910593033														4.6	2	1.0	1.0	1.0	1.0	0.5	1.0	4.0	2	1.0	1.0	0.0	1.0	1.0	4.6	2
2026-09-07	EMEIS.PA	12.819999694824219														5.0	4	1.5	1.0	1.0	1.0	0.5	1.0	3.5	4	0.5	0.0	0.0	2.0	1.0	5.0	4
2026-09-07	EMG.L	307.6000061035156	6.8	8	1.5	1.5	1.0	1.0	2.0	2.0	1.0	0.5	1.5	1.0	2.0	6.7	4	1.5	1.0	1.0	1.0	1.5	2.0	2.5	4	0.5	1.0	0.0	0.0	1.0	6.8	12
2026-09-07	EMH.DE	2.2200000286102295														5.0	3	1.0	1.0	1.0	1.0	0.0	2.0	3.0	3	0.5	0.5	0.0	1.0	1.0	5.0	3
2026-09-07	EMIRATESNBD.AE	30.31999969482422														7.5	5	2.0	1.0	1.5	1.5	2.0	1.0	3.0	3	0.0	0.0	1.0	1.0	1.0	7.5	5
2026-09-07	EMN	71.19000244140625	7.3	9	2.0	1.5	1.0	1.0	2.0	2.0	1.5	1.0	1.0	2.0	1.0	5.0	6	2.0	0.0	1.0	1.0	1.0	1.0	3.0	5	1.0	0.0	0.0	1.0	1.0	6.6	15
2026-09-07	EMPOWER.AE	1.5700000524520874														5.4	5	1.5	1.0	1.0	0.5	2.0	0.5	3.5	4	0.0	1.0	0.0	1.5	1.0	5.4	5
2026-09-07	EMR	152.82000732421875	6.4	9	1.5	1.5	1.0	1.5	2.0	1.5	1.0	1.0	1.0	2.0	0.0	5.8	6	1.0	1.0	1.0	1.5	1.5	1.0	3.5	5	1.5	0.5	0.0	0.5	1.0	6.2	15
2026-09-07	EMR.ASX	7.070000171661377	6.4	7	1.0	1.0	1.0	1.0	2.0	2.0	1.0	1.0	2.0	1.0	1.0	6.7	4	1.0	1.0	1.0	1.0	2.0	2.0	2.5	4	1.0	0.5	0.0	0.0	1.0	6.5	11
2026-09-07	EMSN.ZU	789.0	5.5	7	1.0	0.5	1.0	1.0	2.0	1.5	1.0	1.0	1.5	0.5	1.0	4.6	4	0.0	1.0	1.0	1.0	2.0	0.5	3.0	4	1.0	1.0	0.0	0.0	1.0	5.2	11
2026-09-07	EN.PA	44.5099983215332	5.7	9	1.5	2.0	1.0	1.0	0.0	1.5	2.0	1.5	1.0	1.0	0.0	3.8	5	1.0	1.0	1.0	0.0	1.0	0.5	2.5	4	0.5	0.0	0.0	1.0	1.0	5.1	14
2026-09-07	ENAV.MI	4.978000164031982	5.9	7	1.5	2.0	1.0	1.0	0.0	2.0	1.0	1.0	1.0	0.5	2.0	5.0	5	0.5	1.0	1.0	1.0	1.5	1.0	2.0	4	0.5	0.0	0.0	0.5	1.0	5.6	12
2026-09-07	ENB	50.09000015258789	5.5	10	1.5	1.5	1.0	1.5	0.0	1.5	1.5	1.0	1.0	1.5	0.0	3.8	6	0.0	0.0	1.0	0.5	1.0	2.0	4.0	5	0.5	0.0	0.0	1.5	2.0	5.0	16
2026-09-07	ENC.MC	2.5339999198913574														4.6	4	1.0	1.0	1.0	1.0	0.5	1.0	2.0	4	0.0	0.0	0.0	1.0	1.0	4.6	4
2026-09-07	ENEL.MI	9.065999984741211	4.5	8	1.0	1.5	1.0	1.0	0.0	2.0	0.5	1.0	1.0	1.0	0.0	6.2	5	2.0	1.0	1.0	1.5	1.0	1.0	3.0	4	1.0	0.0	0.0	1.0	1.0	5.0	13
2026-09-07	ENENTO.HE	15.699999809265137														3.8	5	0.5	1.0	1.0	0.0	1.0	1.0	4.0	4	1.0	0.5	1.0	0.5	1.0	3.8	5
2026-09-07	ENG.MC	16.600000381469727	4.8	8	0.5	1.0	1.0	1.0	1.0	2.0	1.0	1.5	1.0	0.5	0.0	5.0	5	0.0	1.0	1.0	1.5	2.0	0.5	2.5	4	0.0	0.5	0.0	1.0	1.0	4.9	13
2026-09-07	ENGCONb.ST	70.0														4.2	5	0.0	1.0	1.0	0.0	1.5	1.5	3.5	4	0.5	0.0	2.0	0.0	1.0	4.2	5
2026-09-07	ENGI.PA	24.010000228881836	5.2	7	1.5	2.0	1.0	1.0	0.0	2.0	1.0	1.0	1.0	1.0	0.0	5.0	5	0.5	1.0	1.0	2.0	1.0	0.5	2.5	4	0.5	0.0	0.0	1.0	1.0	5.1	12
2026-09-07	ENGN	1.8200000524520874	5.7	9	1.0	2.0	1.0	1.5	1.0	1.0	1.0	1.0	0.0	2.0	1.0	4.6	4	1.0	0.0	1.0	2.0	0.5	1.0	2.0	5	0.0	1.5	0.0	0.0	0.5	5.4	13
2026-09-07	ENI.MI	23.075000762939453	6.4	9	1.5	1.5	1.0	1.0	2.0	1.5	2.0	1.0	1.0	0.5	1.0	7.1	5	2.0	1.0	1.0	2.0	1.0	1.5	2.5	4	0.0	1.0	0.0	0.5	1.0	6.6	14
2026-09-07	ENIC	4.449999809265137	5.2	7	1.0	1.5	1.0	1.0	2.0	2.0	1.0	1.0	1.0	0.0	0.0	5.8	5	1.5	2.0	1.0	1.0	1.5	0.0	1.5	5	0.0	0.5	0.0	0.5	0.5	5.4	12
2026-09-07	ENITY.ST	80.0														5.4	5	0.5	1.0	1.0	0.0	2.0	2.0	3.5	3	1.0	0.5	0.0	1.0	1.0	5.4	5
2026-09-07	ENLT	78.91999816894531	7.3	9	1.5	2.0	1.0	2.0	1.0	1.5	2.0	1.0	1.0	2.0	1.0	4.6	5	0.0	1.0	1.0	0.0	1.5	2.0	4.0	5	1.0	0.0	0.0	2.0	1.0	6.5	14
2026-09-07	ENOG.L	778.5	4.5	8	1.0	1.0	1.0	1.0	1.0	1.5	1.0	1.0	0.0	1.5	0.0	4.2	3	1.0	1.0	1.0	1.0	0.0	1.0	3.5	4	0.0	0.5	0.0	2.0	1.0	4.4	11
2026-09-07	ENOV	18.559999465942383	6.1	10	2.0	2.0	1.0	0.5	0.0	1.0	2.0	1.0	0.0	2.0	2.0	3.8	6	0.5	2.0	1.0	0.0	0.0	1.0	7.0	5	1.5	2.0	1.0	1.0	1.5	5.4	16
2026-09-07	ENPH	36.369998931884766	5.7	10	1.5	2.0	1.0	0.5	0.0	0.0	2.0	1.5	1.0	2.0	1.0	5.4	6	2.0	2.0	1.0	0.0	1.5	0.0	3.5	5	1.5	0.5	0.0	0.5	1.0	5.6	16
2026-09-07	ENQ.L	24.850000381469727	6.8	8	1.5	2.0	1.0	1.0	2.0	2.0	1.0	1.0	2.0	1.5	0.0	5.8	4	2.0	1.0	1.0	1.0	1.5	0.5	4.5	3	1.0	1.0	0.0	1.5	1.0	6.5	12
2026-09-07	ENR	21.229999542236328	7.0	9	1.5	0.5	1.0	0.5	1.0	2.0	2.0	1.0	2.0	2.0	2.0	4.6	6	1.5	1.0	1.0	0.0	1.0	1.0	4.0	5	0.5	0.0	0.0	2.0	1.5	6.3	15
2026-09-07	ENR.DE	146.52000427246094	6.1	9	2.0	2.0	1.0	1.0	0.0	1.5	1.5	1.0	2.0	1.5	0.0	6.7	5	2.0	1.0	1.0	1.5	1.0	1.5	3.0	4	2.0	0.0	0.0	0.0	1.0	6.3	14
2026-09-07	ENS.US	181.91000366210938	7.5	9	2.0	2.0	1.0	1.0	0.0	2.0	2.0	1.0	1.5	2.0	2.0	5.8	6	2.0	0.0	1.0	2.0	1.0	1.0	3.0	5	1.5	0.0	0.0	0.5	1.0	7.0	15
2026-09-07	ENSG	170.7899932861328	6.8	9	1.5	2.0	1.0	1.5	0.0	2.0	1.5	1.0	1.5	2.0	1.0	7.1	6	1.5	2.0	1.0	1.5	1.0	1.5	2.5	5	0.5	0.0	0.0	1.0	1.0	6.9	15
2026-09-07	ENT.L	527.7999877929688	5.5	8	2.0	2.0	1.0	1.0	0.0	1.0	1.0	1.5	0.0	1.5	1.0	4.2	3	1.0	1.0	1.0	1.0	0.0	1.0	5.0	4	0.5	1.5	0.0	2.0	1.0	5.1	11
2026-09-07	ENTA	14.079999923706055	6.8	9	1.5	2.0	1.0	0.5	2.0	2.0	2.0	1.0	0.0	2.0	1.0	1.7	5	1.0	0.0	1.0	0.0	0.0	0.0	5.0	5	1.0	0.5	0.0	1.5	2.0	5.3	14
2026-09-07	ENTG	138.74000549316406	6.8	10	1.5	2.0	1.0	1.0	1.0	1.0	1.5	2.0	1.0	2.0	1.0	5.8	6	1.5	0.0	1.0	2.0	1.0	1.5	3.0	5	1.5	0.0	0.0	1.0	0.5	6.5	16
2026-09-07	ENVA	230.5800018310547	7.0	9	2.0	1.5	1.0	0.5	1.0	2.0	1.5	1.0	2.0	2.0	1.0	6.7	6	1.0	0.0	1.0	2.0	2.0	2.0	5.5	5	1.5	0.5	0.0	2.0	1.5	6.9	15
2026-09-07	ENVX	3.319999933242798	4.5	9	1.5	2.0	1.0	0.0	0.0	0.0	2.0	1.0	0.0	1.5	1.0	4.2	5	1.0	0.0	1.0	0.5	0.5	2.0	7.5	5	2.0	2.0	0.0	2.0	1.5	4.4	14
2026-09-07	ENW.L	12.25														4.2	2	1.0	1.0	1.0	1.0	0.0	1.0	2.5	4	0.5	1.0	0.0	0.0	1.0	4.2	2
2026-09-07	ENX.PA	160.3000030517578	7.5	9	2.0	1.5	1.0	1.0	2.0	2.0	1.5	1.5	1.5	1.5	1.0	6.2	5	0.0	1.0	1.0	2.0	2.0	1.5	3.5	4	1.0	1.0	0.0	0.5	1.0	7.1	14
2026-09-07	EOAN.DE	17.5	5.0	8	1.5	1.5	1.0	1.0	0.0	2.0	0.5	1.0	1.5	1.0	0.0	5.4	4	2.0	1.0	1.0	1.0	1.0	0.5	3.5	4	1.0	0.0	0.0	1.5	1.0	5.1	12
2026-09-07	EOG	145.19000244140625	7.5	10	1.5	1.5	1.0	1.5	2.0	1.5	1.5	0.5	1.5	2.0	2.0	7.1	6	1.5	2.0	1.0	0.0	2.0	2.0	2.0	5	0.0	1.0	0.0	0.0	1.0	7.4	16
2026-09-07	EOG.L	1.684999942779541														3.3	3	1.0	1.0	1.0	1.0	0.0	0.0	1.0	4	0.0	0.0	0.0	0.0	1.0	3.3	3
2026-09-07	EOSE	3.880000114440918	4.8	9	1.5	1.5	1.0	0.0	0.0	1.5	0.0	1.5	1.0	1.5	1.0	3.3	5	1.0	0.0	1.0	0.0	0.0	2.0	5.5	4	2.0	1.5	0.0	1.0	1.0	4.3	14
2026-09-07	EPAC	37.34000015258789	8.2	9	1.5	2.0	1.0	1.5	2.0	2.0	1.5	1.0	1.5	2.0	2.0	5.4	6	2.0	1.0	1.0	0.0	1.5	1.0	2.5	5	1.0	0.0	0.0	0.5	1.0	7.4	15
2026-09-07	EPAM	117.04000091552734	5.9	9	1.0	0.5	1.0	0.5	1.0	1.5	1.5	1.0	1.0	2.0	2.0	4.6	6	2.0	0.0	1.0	0.5	1.0	1.0	3.0	5	1.5	0.5	0.0	0.0	1.0	5.5	15
2026-09-07	EPC	28.8700008392334	6.8	10	1.5	1.5	1.0	0.5	2.0	2.0	1.5	1.0	0.0	2.0	2.0	4.2	6	0.5	2.0	1.0	0.0	0.5	1.0	4.0	5	0.0	1.5	0.0	1.0	1.5	6.0	16
2026-09-07	EPD	38.939998626708984	5.7	10	1.5	1.5	1.0	1.5	2.0	1.5	1.0	0.5	1.5	0.5	0.0	8.3	6	1.5	2.0	1.0	2.0	1.5	2.0	3.0	5	0.0	1.0	0.0	1.0	1.0	6.5	16
2026-09-07	EPIA.ST	262.29998779296875														6.7	5	1.0	1.0	1.0	2.0	1.5	1.5	3.5	4	1.5	0.5	0.0	0.5	1.0	6.7	5
2026-09-07	EPM	3.680000066757202	4.1	9	2.0	2.0	1.0	1.0	0.0	1.0	0.0	1.0	0.0	1.0	0.0	2.9	6	2.0	0.0	1.0	0.0	0.5	0.0	3.5	5	0.0	1.0	0.0	1.0	1.5	3.7	15
2026-09-07	EPR	59.9900016784668	7.0	10	1.5	1.5	1.0	0.5	1.0	2.0	1.5	1.5	1.0	2.0	2.0	5.0	6	1.0	0.0	1.0	0.5	2.0	1.5	5.5	5	1.0	0.5	1.0	1.5	1.5	6.4	16
2026-09-07	EPROb.ST	47.25														4.2	5	1.0	1.0	1.0	0.5	1.0	0.5	3.5	4	1.0	1.0	0.0	0.5	1.0	4.2	5
2026-09-07	EPRT	29.639999389648438	6.4	10	2.0	2.0	1.0	0.5	0.0	2.0	1.5	1.0	1.0	2.0	1.0	6.7	6	1.0	2.0	1.0	0.5	2.0	1.5	4.5	5	1.0	1.0	0.0	0.5	2.0	6.5	16
2026-09-07	EQBK	50.970001220703125	6.8	8	1.5	1.5	1.0	1.5	2.0	2.0	1.5	1.0	0.5	1.5	1.0	6.7	5	1.0	1.0	1.0	1.5	1.5	2.0	5.0	4	0.5	1.5	1.0	1.0	1.0	6.8	13
2026-09-07	EQH	52.959999084472656	7.0	10	2.0	1.5	1.0	2.0	2.0	1.5	1.0	0.5	0.0	2.0	2.0	4.2	5	1.0	1.0	1.0	1.5	0.5	0.0	4.0	5	1.0	1.0	0.0	2.0	0.0	6.2	15
2026-09-07	EQIX	1035.97998046875	7.5	10	2.0	2.0	1.0	2.0	1.0	2.0	1.0	1.5	1.0	2.0	1.0	5.4	6	0.5	2.0	1.0	0.0	1.5	1.5	3.5	5	1.0	0.5	0.0	1.5	0.5	6.9	16
2026-09-07	EQNR	42.09000015258789	5.7	10	0.5	0.5	1.0	1.5	2.0	2.0	1.5	1.0	1.5	0.0	1.0	6.2	6	1.5	0.0	1.0	2.0	1.0	2.0	3.0	5	0.5	1.0	0.0	0.5	1.0	5.8	16
2026-09-07	EQPT	19.549999237060547	6.6	9	1.5	2.0	1.0	0.5	1.5	1.0	2.0	1.0	0.5	1.5	2.0	5.4	6	1.5	1.0	1.0	0.0	1.0	2.0	5.0	4	1.0	1.0	0.0	2.0	1.0	6.2	15
2026-09-07	EQS.PA	32.5														5.4	4	0.5	1.0	1.0	1.0	1.5	1.5	3.0	4	0.5	1.5	0.0	0.0	1.0	5.4	4
2026-09-07	EQT	55.16999816894531	6.8	10	2.0	2.0	1.0	1.5	1.0	1.0	2.0	1.5	1.0	2.0	0.0	5.4	6	1.0	2.0	1.0	0.0	2.0	0.5	1.0	5	0.5	0.0	0.0	0.0	0.5	6.4	16
2026-09-07	EQT.ST	319.29998779296875	6.6	8	1.5	1.5	1.0	1.0	2.0	1.5	1.0	2.0	1.0	1.0	1.0	7.5	4	2.0	1.0	1.0	1.0	2.0	2.0	3.0	4	1.5	0.0	0.0	0.5	1.0	6.9	12
2026-09-07	EQV1V.HE	9.039999961853027														5.8	5	1.0	1.0	1.0	1.0	2.0	1.0	2.5	4	0.0	1.5	0.0	0.0	1.0	5.8	5
2026-09-07	EQX	12.8100004196167	6.8	8	2.0	2.0	1.0	1.0	1.0	1.5	2.0	1.0	1.0	1.5	1.0	5.0	6	1.0	0.0	1.0	0.0	2.0	2.0	2.5	5	2.0	0.0	0.0	0.0	0.5	6.3	14
2026-09-07	ERA.PA	44.459999084472656														5.4	4	2.0	1.0	1.0	1.0	0.0	1.5	5.0	4	1.0	1.5	0.0	1.5	1.0	5.4	4
2026-09-07	ERAG.DE	8.300000190734863														5.0	4	1.0	1.0	1.0	1.0	2.0	0.0	2.0	3	1.0	0.0	0.0	0.0	1.0	5.0	4
2026-09-07	ERAS	16.190000534057617	5.5	10	2.0	2.0	1.0	1.0	1.0	1.0	0.0	1.0	0.0	2.0	1.0	4.6	4	1.0	2.0	1.0	0.0	0.5	1.0	2.0	5	0.5	0.0	0.0	0.0	1.5	5.2	14
2026-09-07	ERC.AE	2.0299999713897705														5.4	3	1.0	1.0	1.0	1.0	0.5	2.0	2.0	4	0.0	1.0	0.0	0.0	1.0	5.4	3
2026-09-07	ERF.PA	72.72000122070312	5.5	7	0.5	0.5	1.0	1.0	2.0	2.0	1.0	1.0	1.0	1.0	1.0	5.8	4	2.0	1.0	1.0	1.0	1.0	1.0	4.0	4	1.0	1.0	0.0	1.0	1.0	5.6	11
2026-09-07	ERIC-A.ST	98.30000305175781														5.0	4	1.0	1.0	1.0	1.0	1.5	0.5	2.0	4	0.5	0.0	0.0	0.5	1.0	5.0	4
2026-09-07	ERIC-B.ST	97.05999755859375														4.6	5	1.0	1.0	1.0	0.5	1.5	0.5	2.0	4	0.5	0.0	0.0	0.5	1.0	4.6	5
2026-09-07	ERII	7.630000114440918	5.2	9	1.0	1.0	1.0	1.0	0.0	2.0	0.5	1.0	1.0	2.0	1.0	4.2	6	0.5	2.0	1.0	0.0	1.5	0.0	4.0	5	1.0	2.0	0.0	0.0	1.0	4.9	15
2026-09-07	ERO	34.900001525878906	7.0	9	1.5	1.5	1.0	1.0	2.0	1.5	1.5	0.5	2.0	2.0	1.0	5.8	6	1.5	0.0	1.0	0.5	2.0	2.0	3.5	5	1.5	0.5	0.0	0.5	1.0	6.6	15
2026-09-07	EROC	12.329999923706055	6.8	7	2.0	2.0	1.0	1.0	0.5	1.5	2.0	1.0	1.0	2.0	1.0	2.5	4	0.0	1.0	1.0	1.0	0.0	0.0	2.0	4	1.0	0.5	0.0	0.0	0.5	5.5	11
2026-09-07	EROK	25.850000381469727	7.5	8	1.5	1.0	1.0	1.5	1.5	2.0	2.0	1.0	1.0	2.0	2.0	6.2	4	2.0	1.0	1.0	1.0	0.5	2.0	2.5	4	1.0	0.5	0.0	0.0	1.0	7.1	12
2026-09-07	ES	71.05000305175781	5.9	9	1.0	1.0	1.0	1.5	1.0	2.0	1.5	1.0	1.0	2.0	0.0	5.0	6	1.0	1.0	1.0	0.5	1.5	1.0	3.0	5	0.5	0.0	0.0	1.5	1.0	5.6	15
2026-09-07	ESAB	75.0199966430664	6.6	9	2.0	2.0	1.0	0.5	0.0	2.0	1.0	1.0	1.0	2.0	2.0	6.2	6	2.0	2.0	1.0	0.0	1.0	1.5	5.5	5	1.0	2.0	0.0	1.0	1.5	6.5	15
2026-09-07	ESE	274.0199890136719	6.8	9	1.5	2.0	1.0	1.5	0.0	2.0	2.0	1.0	1.0	2.0	1.0	6.7	6	1.0	1.0	1.0	1.5	2.0	1.5	2.0	5	1.0	0.0	0.0	0.0	1.0	6.8	15
2026-09-07	ESEA	76.3499984741211	7.0	9	1.5	1.5	1.0	2.0	2.0	2.0	1.5	1.0	2.0	0.0	1.0	5.4	5	0.0	1.0	1.0	2.0	2.0	0.5	2.0	5	0.5	1.0	0.0	0.5	0.0	6.5	14
2026-09-07	ESI	36.0099983215332	7.7	9	2.0	2.0	1.0	1.5	1.0	2.0	1.5	1.0	1.0	2.0	2.0	4.6	6	0.0	0.0	1.0	1.5	1.0	2.0	2.5	5	1.5	0.0	0.0	0.5	0.5	6.8	15
2026-09-07	ESLT	703.280029296875	6.4	9	1.0	2.0	1.0	2.0	0.0	2.0	2.0	1.0	1.5	0.5	1.0	5.0	5	0.0	1.0	1.0	1.5	1.0	1.5	0.5	5	0.0	0.0	0.0	0.0	0.5	6.0	14
2026-09-07	ESNT	69.18000030517578	7.7	9	1.5	1.5	1.0	1.5	2.0	2.0	1.5	1.0	1.0	2.0	2.0	8.3	6	2.0	2.0	1.0	1.5	2.0	1.5	4.0	5	0.5	1.5	1.0	0.0	1.0	7.9	15
2026-09-07	ESNT.L	111.0	7.3	7	1.5	2.0	1.0	1.0	2.0	2.0	1.0	1.0	0.5	2.0	2.0	4.2	4	0.0	1.0	1.0	1.0	1.0	1.0	3.5	4	1.0	1.0	0.0	0.5	1.0	6.4	11
2026-09-07	ESQ	118.95999908447266	6.1	8	1.0	1.5	1.0	1.0	1.0	2.0	1.0	1.0	1.5	1.5	1.0	8.3	6	1.0	2.0	1.0	2.0	2.0	2.0	2.5	4	0.0	0.0	0.0	1.0	1.5	6.8	14
2026-09-07	ESRT	4.539999961853027	5.2	9	0.5	1.5	1.0	1.0	0.0	2.0	1.0	1.0	0.5	2.0	1.0	5.0	5	0.0	2.0	1.0	1.0	1.0	1.0	5.0	5	1.5	1.5	0.0	1.0	1.0	5.1	14
2026-09-07	ESS	278.6099853515625	6.1	10	1.5	1.5	1.0	1.5	1.0	2.0	0.0	2.0	1.0	2.0	0.0	6.2	6	0.0	2.0	1.0	1.5	2.0	1.0	2.5	5	0.5	0.0	0.0	1.0	1.0	6.1	16
2026-09-07	ESSITYB.ST	272.20001220703125														3.8	5	0.5	1.0	1.0	0.0	1.0	1.0	1.5	4	0.0	0.0	0.0	0.5	1.0	3.8	5
2026-09-07	ESTA	74.29000091552734	6.6	10	2.0	2.0	1.0	0.5	1.0	1.5	2.0	1.5	0.0	2.0	1.0	6.2	5	1.0	2.0	1.0	1.5	0.0	2.0	4.5	5	1.0	0.0	0.0	2.0	1.5	6.5	15
2026-09-07	ESTC	91.80999755859375	8.0	10	1.5	2.0	1.0	1.0	2.0	1.0	2.0	1.0	2.0	2.0	2.0	7.9	6	1.5	2.0	1.0	1.5	2.0	1.5	3.0	5	1.0	0.5	0.0	0.5	1.0	8.0	16
2026-09-07	ET	21.5	6.6	10	2.0	1.5	1.0	2.0	2.0	1.0	1.0	1.0	1.0	1.0	1.0	8.3	6	2.0	2.0	1.0	2.0	1.0	2.0	4.0	5	0.5	1.5	0.0	1.0	1.0	7.1	16
2026-09-07	ETD	22.489999771118164	5.9	9	1.0	1.0	1.0	0.5	0.0	2.0	1.5	1.0	1.0	2.0	2.0	3.8	6	1.0	1.0	1.0	0.0	1.0	0.5	2.5	5	1.0	0.5	0.0	0.0	1.0	5.3	15
2026-09-07	ETG.DE	17.100000381469727														5.0	4	1.5	1.0	1.0	1.0	1.0	0.5	4.5	4	0.0	1.5	1.0	1.0	1.0	5.0	4
2026-09-07	ETL.PA	1.7890000343322754	5.5	8	1.0	2.0	1.0	1.0	0.0	2.0	1.0	1.5	0.0	0.5	2.0	4.2	4	1.0	1.0	1.0	1.0	0.0	1.0	3.5	4	0.0	1.5	0.0	1.0	1.0	5.1	12
2026-09-07	ETN	410.8500061035156	7.3	9	2.0	2.0	1.0	2.0	1.0	1.5	1.0	1.0	1.5	2.0	1.0	6.7	6	0.5	2.0	1.0	1.0	1.5	2.0	2.5	5	1.0	0.0	0.0	1.0	0.5	7.1	15
2026-09-07	ETON	58.45000076293945	8.0	9	2.0	1.5	1.0	1.0	2.0	1.0	2.0	1.0	2.0	2.0	2.0	7.1	6	0.0	2.0	1.0	2.0	1.5	2.0	3.0	5	1.0	1.0	0.0	0.5	0.5	7.7	15
2026-09-07	ETOR	32.470001220703125	5.9	10	1.5	2.0	1.0	1.0	0.0	1.0	1.5	1.0	1.5	1.5	1.0	2.9	6	1.5	0.0	1.0	0.0	1.0	0.0	2.5	4	1.0	0.5	0.0	0.0	1.0	5.0	16
2026-09-07	ETR	107.2699966430664	6.1	10	2.0	1.5	1.0	1.0	1.0	1.5	1.5	1.0	1.0	2.0	0.0	4.2	6	1.0	0.0	1.0	0.5	1.5	1.0	3.5	5	0.0	0.5	0.0	1.5	1.5	5.5	16
2026-09-07	ETSY	76.51000213623047	5.5	8	1.5	1.5	1.0	0.5	1.0	1.5	0.0	1.0	1.0	2.0	1.0	5.4	6	2.0	1.0	1.0	0.5	1.0	1.0	4.5	4	2.0	0.5	0.0	1.0	1.0	5.5	14
2026-09-07	ETTE.HE	8.460000038146973														6.2	5	2.0	1.0	1.0	2.0	1.0	0.5	2.5	4	0.5	0.0	0.0	1.0	1.0	6.2	5
2026-09-07	EVC	8.420000076293945														5.0	4	0.0	1.0	1.0	1.0	1.0	2.0	4.0	5	1.5	0.0	0.0	1.5	1.0	5.0	4
2026-09-07	EVCM	7.920000076293945	5.0	9	1.0	2.0	1.0	0.5	0.0	1.0	0.0	1.0	0.5	2.0	2.0	6.7	6	2.0	1.0	1.0	2.0	1.0	1.0	4.5	5	1.0	1.5	0.0	0.5	1.5	5.5	15
2026-09-07	EVCO	2.0														4.6	1	1.0	1.0	1.0	1.0	0.5	1.0	5.0	3	0.0	2.0	1.0	1.0	1.0	4.6	1
2026-09-07	EVD.DE	58.650001525878906	6.8	9	2.0	2.0	1.0	1.0	1.0	1.5	2.0	1.5	2.0	1.0	0.0	6.2	5	1.0	1.0	1.0	2.0	1.0	1.5	2.5	4	1.0	0.5	0.0	0.0	1.0	6.6	14
2026-09-07	EVEX	2.2200000286102295	4.5	10	2.0	2.0	1.0	0.5	0.0	0.5	1.5	1.0	0.0	0.5	1.0	5.0	3	1.0	1.0	1.0	1.5	0.5	1.0	6.5	5	1.0	1.5	0.0	2.0	2.0	4.7	13
2026-09-07	EVFM	0.00800000037997961														3.3	3	1.0	1.0	1.0	1.0	0.0	0.0	2.5	4	1.5	0.0	0.0	1.0	0.0	3.3	3
2026-09-07	EVGO	1.5099999904632568	5.2	9	1.5	2.0	1.0	0.0	0.0	0.0	2.0	1.0	0.0	2.0	2.0	1.7	5	1.0	0.0	1.0	0.0	0.0	0.0	7.5	5	2.0	1.5	1.0	1.0	2.0	4.1	14
2026-09-07	EVH	4.320000171661377	6.1	9	2.0	2.0	1.0	0.5	1.0	1.0	2.0	1.0	0.0	2.0	1.0	5.0	6	1.0	0.0	1.0	2.0	0.0	2.0	4.5	5	1.0	0.5	0.0	2.0	1.0	5.8	15
2026-09-07	EVI	13.65999984741211														6.7	5	2.0	1.0	1.0	2.0	1.0	1.0	2.5	5	0.0	1.5	0.0	0.5	0.5	6.7	5
2026-09-07	EVK.DE	18.600000381469727	6.8	9	2.0	1.5	1.0	1.0	2.0	2.0	2.0	1.0	0.5	1.0	1.0	5.4	5	0.0	1.0	1.0	2.0	1.0	1.5	3.5	4	0.5	1.5	0.0	0.5	1.0	6.4	14
2026-09-07	EVLI.HE	24.5														5.8	5	1.0	1.0	1.0	0.5	2.0	1.5	2.0	4	0.0	0.0	0.0	1.0	1.0	5.8	5
2026-09-07	EVLV	5.0	6.1	9	2.0	2.0	1.0	1.0	0.0	2.0	1.5	1.0	0.0	2.0	1.0	3.8	5	1.0	0.0	1.0	0.0	0.5	2.0	4.5	5	1.5	1.5	0.0	0.5	1.0	5.4	14
2026-09-07	EVN.ASX	14.899999618530273	6.1	8	1.0	0.5	1.0	1.0	2.0	1.5	1.0	0.0	2.0	1.5	2.0	7.1	4	2.0	1.0	1.0	1.0	2.0	1.5	3.0	4	1.5	0.5	0.0	0.0	1.0	6.4	12
2026-09-07	EVO.ST	846.0	6.6	8	1.0	0.5	1.0	1.0	1.5	2.0	1.5	1.0	2.0	1.0	2.0	5.8	5	1.5	1.0	1.0	1.0	2.0	0.5	3.0	4	0.5	1.5	0.0	0.0	1.0	6.4	13
2026-09-07	EVOK.L	44.25	5.2	7	1.0	1.5	1.0	1.0	1.0	2.0	1.0	1.0	1.0	1.0	0.0	2.9	4	0.0	1.0	1.0	1.0	0.0	0.5	4.0	3	1.0	0.0	1.0	1.0	1.0	4.5	11
2026-09-07	EVR	297.9200134277344	7.7	9	1.5	2.0	1.0	1.5	0.0	2.0	2.0	1.0	2.0	2.0	2.0	6.2	6	1.5	2.0	1.0	0.0	1.5	1.5	3.0	5	1.5	0.5	0.0	0.5	0.5	7.2	15
2026-09-07	EVRG	81.54000091552734	6.4	10	1.5	1.5	1.0	1.0	1.0	2.0	1.0	2.0	1.0	2.0	0.0	4.6	6	1.0	0.0	1.0	1.0	1.5	1.0	3.5	5	0.5	0.0	0.0	1.5	1.5	5.9	16
2026-09-07	EVS.BR	29.200000762939453														5.4	4	0.5	1.0	1.0	1.0	1.5	1.5	1.5	4	0.0	0.5	0.0	0.0	1.0	5.4	4
2026-09-07	EVT.ASX	14.289999961853027	6.8	8	2.0	1.5	1.0	1.0	2.0	2.0	1.0	2.0	1.0	1.5	0.0	4.2	4	0.0	1.0	1.0	1.0	1.0	1.0	4.0	4	0.5	0.0	1.0	1.5	1.0	6.0	12
2026-09-07	EVT.DE	3.2119998931884766	4.5	8	1.5	2.0	1.0	1.0	0.0	0.0	0.0	1.0	0.0	1.5	2.0	3.8	4	1.5	1.0	1.0	1.0	0.0	0.0	5.0	4	1.5	2.0	0.0	0.5	1.0	4.3	12
2026-09-07	EVTC	30.350000381469727	7.5	9	1.5	1.5	1.0	1.0	2.0	2.0	1.5	1.0	1.0	2.0	2.0	6.2	6	1.0	2.0	1.0	1.0	1.0	1.5	4.0	5	0.5	0.5	0.0	1.5	1.5	7.1	15
2026-09-07	EW	89.9000015258789	7.0	10	1.5	1.5	1.0	1.5	2.0	1.5	1.5	1.0	1.0	2.0	1.0	4.6	6	1.0	0.0	1.0	0.5	1.5	1.5	2.0	5	1.0	0.5	0.0	0.0	0.5	6.3	16
2026-09-07	EWBC	130.77000427246094	7.0	9	1.5	1.5	1.0	1.5	1.0	2.0	1.5	1.0	1.5	2.0	1.0	6.2	6	0.0	2.0	1.0	1.0	2.0	1.5	4.0	4	1.0	1.0	0.0	1.0	1.0	6.8	15
2026-09-07	EWTX	43.06999969482422	5.7	9	2.0	1.5	1.0	0.5	2.0	1.0	0.5	1.0	0.0	2.0	1.0	4.6	4	1.0	0.0	1.0	2.0	0.5	1.0	2.5	5	0.0	1.0	0.0	0.0	1.5	5.4	13
2026-09-07	EXA.PA	124.30000305175781	6.6	7	1.5	1.5	1.0	1.0	2.0	2.0	1.0	1.0	0.5	1.0	2.0	6.7	4	2.0	1.0	1.0	1.0	1.0	2.0	2.5	4	1.0	0.0	0.0	0.5	1.0	6.6	11
2026-09-07	EXC	43.63999938964844	6.1	9	1.0	1.5	1.0	1.5	0.0	2.0	1.5	1.0	1.0	2.0	1.0	5.4	6	1.0	2.0	1.0	0.0	1.5	1.0	3.5	5	0.0	1.0	0.0	1.5	1.0	5.9	15
2026-09-07	EXE	97.91000366210938	6.8	10	2.0	2.0	1.0	1.5	1.0	1.0	2.0	1.5	1.0	2.0	0.0	5.0	6	2.0	1.0	1.0	0.0	2.0	0.0	1.0	5	0.0	0.5	0.0	0.0	0.5	6.3	16
2026-09-07	EXE.PA	19.899999618530273														4.6	4	2.0	1.0	1.0	1.0	0.5	0.0	4.0	4	1.0	1.5	0.0	0.5	1.0	4.6	4
2026-09-07	EXEL	59.0099983215332	6.1	10	1.0	0.5	1.0	0.5	2.0	1.0	2.0	0.5	2.0	2.0	1.0	6.7	6	0.5	2.0	1.0	1.0	2.0	1.5	4.0	5	0.0	2.0	0.0	0.0	2.0	6.3	16
2026-09-07	EXENS.PA	55.20000076293945	6.1	7	1.5	2.0	1.0	1.0	0.0	2.0	1.0	1.0	1.0	1.0	2.0	4.6	4	0.0	1.0	1.0	1.0	1.0	1.5	2.5	4	1.0	0.0	0.0	0.5	1.0	5.6	11
2026-09-07	EXFY	2.380000114440918	6.4	9	1.5	1.5	1.0	2.0	2.0	2.0	1.0	1.0	0.0	1.0	1.0	4.6	4	1.0	1.0	1.0	2.0	0.0	0.5	2.0	5	1.5	0.5	0.0	0.0	0.0	5.9	13
2026-09-07	EXK	11.119999885559082	7.0	8	2.0	2.0	1.0	1.0	2.0	2.0	0.0	1.0	1.0	1.5	2.0	5.4	6	0.0	2.0	1.0	0.5	1.0	2.0	3.5	5	2.0	0.0	0.0	0.5	1.0	6.5	14
2026-09-07	EXL.DE	1.9500000476837158	5.7	7	1.5	2.0	1.0	1.0	0.0	2.0	1.0	1.0	2.0	0.0	1.0	4.2	4	1.0	1.0	1.0	1.0	1.0	0.0	5.0	3	1.5	1.5	0.0	1.0	1.0	5.2	11
2026-09-07	EXLS	36.630001068115234	8.2	10	2.0	2.0	1.0	1.0	2.0	2.0	1.5	1.5	2.0	2.0	1.0	7.5	6	2.0	2.0	1.0	1.0	1.5	1.5	2.5	5	1.0	0.0	0.0	0.5	1.0	8.0	16
2026-09-07	EXP	194.47999572753906	6.4	10	1.0	1.5	1.0	1.0	0.0	2.0	1.5	1.0	2.0	2.0	1.0	4.6	6	1.0	1.0	1.0	0.0	1.5	1.0	4.0	5	1.5	0.5	0.0	1.0	1.0	5.9	16
2026-09-07	EXPD	188.8000030517578	7.7	9	1.0	1.0	1.0	1.5	2.0	1.5	2.0	1.0	2.0	2.0	2.0	5.4	6	0.5	0.0	1.0	2.0	1.0	2.0	3.5	5	1.0	1.5	0.0	0.0	1.0	7.0	15
2026-09-07	EXPE	298.0400085449219	6.8	9	1.5	1.5	1.0	1.0	2.0	1.0	2.0	1.0	2.0	2.0	0.0	7.1	6	2.0	1.0	1.0	1.5	1.5	1.5	4.5	5	1.5	0.5	0.0	1.5	1.0	6.9	15
2026-09-07	EXPL.PA	271.0														5.4	4	1.0	1.0	1.0	1.0	1.0	1.5	3.5	4	0.5	0.5	1.0	0.5	1.0	5.4	4
2026-09-07	EXPN.L	2814.0	6.4	8	2.0	2.0	1.0	1.0	1.0	2.0	1.0	0.5	2.0	1.5	0.0	6.2	4	1.5	1.0	1.0	1.0	1.5	1.5	3.5	4	1.0	0.5	0.0	1.0	1.0	6.3	12
2026-09-07	EXPO	68.3499984741211	7.5	9	1.5	1.5	1.0	1.0	2.0	1.5	1.0	1.0	2.0	2.0	2.0	7.1	6	1.0	2.0	1.0	1.5	1.5	1.5	1.5	5	0.5	0.0	0.0	0.0	1.0	7.4	15
2026-09-07	EXR	139.25	5.7	10	1.5	1.5	1.0	1.5	0.0	2.0	1.0	1.0	1.0	2.0	0.0	5.8	6	0.0	2.0	1.0	1.0	2.0	1.0	3.0	5	1.0	0.0	0.0	1.0	1.0	5.7	16
2026-09-07	EXR.L	0.22499999403953552														3.3	3	1.0	1.0	1.0	1.0	0.0	0.0	2.0	4	0.0	1.0	0.0	0.0	1.0	3.3	3
2026-09-07	EXTR	21.700000762939453	6.6	9	2.0	2.0	1.0	1.0	1.0	1.0	1.5	1.0	2.0	2.0	0.0	6.7	6	2.0	2.0	1.0	0.5	1.0	1.5	4.0	5	1.5	0.0	0.0	1.5	1.0	6.6	15
2026-09-07	EYE	16.739999771118164	5.5	9	2.0	2.0	1.0	0.0	0.0	1.0	2.0	1.0	1.0	2.0	0.0	4.6	6	0.5	2.0	1.0	0.0	1.0	1.0	4.0	5	1.0	1.0	0.0	0.5	1.5	5.2	15
2026-09-07	EYPT	4.579999923706055	3.4	10	1.5	2.0	1.0	0.0	0.0	0.0	0.0	0.0	0.0	2.0	1.0	5.4	5	1.0	2.0	1.0	0.0	0.5	2.0	5.5	5	1.5	1.5	0.0	0.5	2.0	4.0	15
2026-09-07	EZJ.L	670.2000122070312	6.1	7	1.0	1.0	1.0	1.0	2.0	2.0	1.0	1.0	1.0	1.5	1.0	5.0	4	0.5	1.0	1.0	1.0	1.0	1.5	5.0	4	1.5	1.5	0.0	1.0	1.0	5.8	11
2026-09-07	EZPW	33.31999969482422	7.3	9	2.0	2.0	1.0	0.0	2.0	2.0	2.0	1.0	1.0	2.0	1.0	6.7	6	2.0	2.0	1.0	0.0	1.0	2.0	4.0	5	0.5	1.0	0.0	0.5	2.0	7.1	15
2026-09-07	F	14.619999885559082	7.0	10	1.5	1.5	1.0	2.0	2.0	1.5	2.0	1.5	0.0	1.5	1.0	5.0	6	0.0	2.0	1.0	2.0	0.5	0.5	4.0	5	2.0	0.0	0.0	2.0	0.0	6.4	16
2026-09-07	FA	21.3799991607666	7.7	9	2.0	2.0	1.0	0.5	2.0	2.0	2.0	1.0	0.5	2.0	2.0	4.6	6	0.0	1.0	1.0	1.0	1.0	1.5	4.0	5	1.0	0.5	0.0	1.5	1.0	6.8	15
2026-09-07	FAA.DE	15.850000381469727														6.2	4	1.5	1.0	1.0	1.0	1.5	1.5	3.0	4	1.0	0.5	0.0	0.5	1.0	6.2	4
2026-09-07	FABG.ST	72.8499984741211	3.0	9	0.5	0.5	1.0	1.0	0.0	1.5	0.0	0.5	0.5	1.0	0.0	5.8	5	0.0	1.0	1.0	2.0	1.5	1.5	5.0	4	1.5	1.5	0.0	1.0	1.0	3.8	14
2026-09-07	FAE.MC	4.514999866485596														7.1	4	2.0	1.0	1.0	1.0	1.5	2.0	2.0	4	0.0	0.5	0.0	0.5	1.0	7.1	4
2026-09-07	FAF	72.75	7.0	9	2.0	1.5	1.0	1.0	2.0	2.0	2.0	1.0	1.0	2.0	0.0	4.6	6	0.5	0.0	1.0	1.5	1.0	1.5	5.0	5	1.5	0.5	1.0	0.5	1.5	6.3	15
2026-09-07	FAGR.BR	21.649999618530273														4.6	4	0.0	1.0	1.0	1.0	1.0	1.5	2.0	4	0.0	0.0	0.0	1.0	1.0	4.6	4
2026-09-07	FAN.L	668.0	7.7	7	1.5	2.0	1.0	1.0	2.0	2.0	1.0	1.0	1.5	2.0	2.0	5.8	4	0.5	1.0	1.0	1.0	1.5	2.0	3.5	4	1.0	0.5	0.0	1.0	1.0	7.1	11
2026-09-07	FANG	199.22000122070312	6.4	10	2.0	1.5	1.0	1.5	2.0	1.5	1.5	0.5	0.5	2.0	0.0	4.2	6	0.0	1.0	1.0	0.0	1.0	2.0	1.5	5	0.0	0.5	0.0	0.0	1.0	5.7	16
2026-09-07	FARN.L	38.0	5.9	6	1.5	2.0	1.0	1.0	0.0	2.0	1.0	1.0	1.0	0.5	2.0	4.6	2	1.0	1.0	1.0	1.0	0.5	1.0	5.5	4	1.0	2.0	0.0	1.5	1.0	5.5	8
2026-09-07	FAST	49.599998474121094	7.5	10	1.5	1.0	1.0	1.5	2.0	2.0	1.0	1.5	2.0	2.0	1.0	5.0	6	0.5	0.0	1.0	1.5	1.5	1.5	2.0	5	0.5	0.5	0.0	0.0	1.0	6.8	16
2026-09-07	FAST.NV	39.79999923706055	6.1	7	1.5	1.5	1.0	1.0	2.0	2.0	1.0	1.0	0.0	0.5	2.0	5.0	3	1.0	1.0	1.0	1.0	0.0	2.0	6.0	4	1.0	1.0	1.0	2.0	1.0	5.8	10
2026-09-07	FATE	2.4800000190734863	6.1	10	1.5	2.0	1.0	1.0	1.0	2.0	1.5	1.0	0.0	1.5	1.0	4.2	5	1.0	0.0	1.0	1.5	0.5	1.0	4.0	5	2.0	0.5	0.0	0.5	1.0	5.5	15
2026-09-07	FBIN	43.11000061035156	6.8	9	1.5	2.0	1.0	1.0	0.0	1.5	2.0	1.0	1.0	2.0	2.0	4.6	6	1.0	2.0	1.0	0.0	1.0	0.5	3.5	5	1.5	0.5	0.0	1.0	0.5	6.1	15
2026-09-07	FBK	56.9900016784668	5.9	9	2.0	0.5	1.0	1.0	1.0	1.0	1.5	1.0	1.0	2.0	1.0	6.2	6	1.0	0.0	1.0	1.5	2.0	2.0	3.0	4	1.0	0.0	0.0	1.0	1.0	6.0	15
2026-09-07	FBK.MI	23.3700008392334	6.4	7	1.5	1.5	1.0	1.0	1.0	2.0	1.0	0.0	2.0	2.0	1.0	7.1	5	1.0	1.0	1.0	2.0	2.0	1.5	3.0	3	0.5	0.5	0.0	1.0	1.0	6.6	12
2026-09-07	FBNC	65.04000091552734	7.0	8	1.5	1.5	1.0	1.0	2.0	2.0	1.5	1.0	1.0	2.0	1.0	5.4	6	1.0	0.0	1.0	1.0	2.0	1.5	5.0	4	1.0	1.5	0.0	1.0	1.5	6.5	14
2026-09-07	FBP	28.510000228881836	7.3	8	1.5	1.5	1.0	1.0	2.0	1.5	2.0	1.0	1.5	2.0	1.0	6.7	6	0.0	2.0	1.0	2.0	2.0	1.0	3.5	4	0.5	1.0	0.0	1.0	1.0	7.1	14
2026-09-07	FBRT	8.59000015258789	5.7	9	1.5	2.0	1.0	1.0	1.0	2.0	0.0	1.0	0.5	1.5	1.0	5.4	6	1.0	1.0	1.0	0.0	2.0	1.5	4.5	5	1.0	0.5	0.0	2.0	1.0	5.6	15
2026-09-07	FBU.ASX	3.180000066757202	5.2	8	0.5	0.5	1.0	1.0	2.0	2.0	1.0	0.5	1.0	1.0	1.0	4.2	3	0.0	1.0	1.0	1.0	1.0	1.0	2.5	4	0.5	0.5	0.0	0.5	1.0	4.9	11
2026-09-07	FC	19.020000457763672	4.8	9	2.0	2.0	1.0	1.0	0.0	1.0	0.0	1.0	0.5	2.0	0.0	3.8	6	1.5	0.0	1.0	0.0	1.0	1.0	3.0	4	0.5	0.0	0.0	1.0	1.5	4.5	15
2026-09-07	FC9.DE	10.800000190734863														6.2	4	2.0	1.0	1.0	1.0	2.0	0.5	2.5	4	0.0	0.0	0.0	1.5	1.0	6.2	4
2026-09-07	FCC.MC	10.920000076293945	4.8	7	1.0	1.5	1.0	1.0	0.0	2.0	1.0	1.0	1.0	0.0	1.0	4.6	4	0.0	1.0	1.0	1.0	1.0	1.5	4.5	4	1.0	0.5	1.0	1.0	1.0	4.7	11
2026-09-07	FCEL	14.949999809265137	5.7	10	2.0	2.0	1.0	0.0	1.0	1.5	1.0	1.5	0.0	1.5	1.0	5.8	6	2.0	2.0	1.0	2.0	0.0	0.0	3.0	5	2.0	0.5	0.0	0.0	0.5	5.7	16
2026-09-07	FCF	21.34000015258789	7.0	8	1.5	1.5	1.0	1.5	2.0	2.0	1.0	1.0	1.0	2.0	1.0	6.2	5	1.5	1.0	1.0	1.0	2.0	1.0	3.5	4	0.5	1.0	0.0	1.0	1.0	6.8	13
2026-09-07	FCFS	225.6199951171875	8.0	10	2.0	1.5	1.0	1.0	2.0	2.0	1.5	2.0	1.5	2.0	1.0	7.1	6	1.5	2.0	1.0	1.0	1.0	2.0	3.5	5	0.5	1.0	0.0	1.0	1.0	7.7	16
2026-09-07	FCH.L	231.5	7.5	7	1.5	2.0	1.0	1.0	2.0	2.0	1.0	1.0	1.5	1.5	2.0	6.7	4	1.0	1.0	1.0	1.0	2.0	2.0	3.5	4	0.5	1.0	0.0	1.0	1.0	7.3	11
2026-09-07	FCIT.L	344.79998779296875														5.8	2	2.0	1.0	1.0	1.0	1.0	1.0	4.5	2	1.0	1.5	0.0	1.0	1.0	5.8	2
2026-09-07	FCN	151.6999969482422	6.4	9	1.0	1.5	1.0	0.5	0.0	2.0	1.5	1.0	1.5	2.0	2.0	7.1	6	2.0	2.0	1.0	1.5	1.0	1.0	2.5	5	0.0	0.5	0.0	1.0	1.0	6.6	15
2026-09-07	FCNCA	2208.489990234375	6.8	8	1.0	1.0	1.0	1.5	2.0	2.0	2.0	1.0	1.0	1.5	1.0	7.1	6	1.5	2.0	1.0	1.0	2.0	1.0	3.5	4	0.5	1.0	0.0	1.0	1.0	6.9	14
2026-09-07	FCPT	24.93000030517578	6.1	10	1.5	1.5	1.0	1.5	1.0	2.0	1.0	1.0	1.0	2.0	0.0	5.4	6	1.0	1.0	1.0	0.5	2.0	1.0	3.0	5	1.0	0.0	0.0	1.0	1.0	5.9	16
2026-09-07	FCT.MI	12.21500015258789	5.2	8	1.5	2.0	1.0	1.0	0.0	2.0	1.0	2.0	1.0	0.0	0.0	5.4	4	2.0	1.0	1.0	1.0	1.0	0.5	4.0	4	0.5	1.0	0.0	1.5	1.0	5.3	12
2026-09-07	FCX	72.7300033569336	8.0	10	1.5	1.0	1.0	2.0	2.0	2.0	2.0	1.0	1.0	2.0	2.0	4.6	6	0.0	2.0	1.0	0.5	1.5	0.5	3.5	5	1.5	1.0	0.0	0.5	0.5	7.0	16
2026-09-07	FDE.PA	27.100000381469727														4.6	4	0.0	1.0	1.0	1.0	1.0	1.5	4.5	4	0.0	1.5	1.0	1.0	1.0	4.6	4
2026-09-07	FDEV.L	456.5	7.3	7	1.5	2.0	1.0	1.0	2.0	2.0	1.0	1.0	1.5	1.0	2.0	7.1	4	2.0	1.0	1.0	1.0	1.5	2.0	1.0	4	0.0	0.0	0.0	0.0	1.0	7.2	11
2026-09-07	FDJU.PA	22.290000915527344	4.3	8	1.0	1.5	1.0	1.0	0.0	2.0	1.0	1.0	0.5	0.5	0.0	3.8	4	0.0	1.0	1.0	1.0	1.0	0.5	4.5	4	0.5	1.0	0.0	2.0	1.0	4.1	12
2026-09-07	FDM.L	104.5999984741211	6.4	7	1.5	2.0	1.0	1.0	0.0	2.0	1.0	1.0	0.5	2.0	2.0	3.3	4	0.0	1.0	1.0	1.0	1.0	0.0	3.5	4	1.0	1.0	0.0	0.5	1.0	5.5	11
2026-09-07	FDMT	14.970000267028809	6.6	9	1.5	2.0	1.0	0.0	2.0	2.0	2.0	1.0	0.0	2.0	1.0	4.6	5	1.0	1.0	1.0	0.5	0.0	2.0	5.0	5	2.0	1.0	0.0	0.0	2.0	6.0	14
2026-09-07	FDR.MC	19.049999237060547	5.5	8	1.5	2.0	1.0	1.0	0.0	2.0	0.5	1.0	1.0	1.0	1.0	5.0	5	2.0	1.0	1.0	0.0	1.0	1.0	3.5	4	1.0	1.0	0.0	0.5	1.0	5.3	13
2026-09-07	FDS	301.9599914550781	5.5	9	1.0	0.5	1.0	0.5	2.0	1.0	1.0	1.0	2.0	2.0	0.0	7.1	6	1.5	2.0	1.0	1.0	2.0	1.0	2.0	5	0.5	0.0	0.0	0.5	1.0	6.0	15
2026-09-07	FDUS	19.6299991607666	6.1	9	1.0	1.0	1.0	1.5	1.0	2.0	1.5	1.0	1.0	0.5	2.0	5.4	5	0.5	1.0	1.0	1.0	2.0	1.0	2.5	5	0.5	0.0	0.0	1.0	1.0	5.9	14
2026-09-07	FDX	322.5199890136719	7.5	10	2.0	1.5	1.0	1.5	2.0	1.5	1.5	1.5	1.0	2.0	1.0	5.0	5	1.5	0.0	1.0	1.0	1.0	1.5	4.5	5	1.5	1.0	0.0	1.0	1.0	6.8	15
2026-09-07	FDXF	129.4499969482422	6.8	7	1.5	2.0	1.0	1.0	0.5	1.5	1.0	1.0	2.0	1.5	2.0	4.6	4	0.5	1.0	1.0	1.0	1.0	1.0	4.5	3	1.0	1.5	0.0	1.0	1.0	6.1	11
2026-09-07	FE	46.77000045776367	5.5	9	1.5	1.5	1.0	1.0	0.0	2.0	1.0	1.0	1.0	2.0	0.0	6.2	6	1.0	2.0	1.0	1.5	1.0	1.0	2.5	5	0.0	0.0	0.0	1.5	1.0	5.7	15
2026-09-07	FELE	99.76000213623047	6.8	9	1.0	1.5	1.0	2.0	0.0	2.0	1.5	1.0	1.0	2.0	2.0	5.4	6	1.0	2.0	1.0	0.5	1.0	1.0	1.5	5	1.0	0.0	0.0	0.0	0.5	6.4	15
2026-09-07	FEML.L	1480.0														6.7	3	2.0	1.0	1.0	1.0	2.0	1.0	3.5	3	0.5	1.0	0.0	1.0	1.0	6.7	3
2026-09-07	FER.MC	50.0	5.5	8	1.5	2.0	1.0	1.0	0.0	1.5	1.0	1.0	1.0	1.0	1.0	4.2	5	0.0	1.0	1.0	1.0	1.0	1.0	3.5	4	0.5	1.0	0.0	1.0	1.0	5.1	13
2026-09-07	FER.NV	49.880001068115234	5.5	7	1.5	2.0	1.0	1.0	0.0	1.5	1.0	1.0	1.0	1.0	1.0	4.2	4	0.0	1.0	1.0	1.0	1.0	1.0	4.5	4	0.5	1.0	1.0	1.0	1.0	5.1	11
2026-09-07	FET.US	80.29000091552734														5.8	5	1.0	1.0	1.0	2.0	0.5	1.5	3.0	5	0.5	1.0	0.0	0.5	1.0	5.8	5
2026-09-07	FEV.DE	11.350000381469727														3.8	4	0.0	1.0	1.0	1.0	1.0	0.5	1.5	4	0.0	0.5	0.0	0.0	1.0	3.8	4
2026-09-07	FEVR.L	825.0	5.7	8	2.0	2.0	1.0	1.0	0.0	1.5	1.0	1.0	1.0	1.0	1.0	3.8	4	0.0	1.0	1.0	1.0	1.0	0.5	2.0	4	1.0	0.0	0.0	0.0	1.0	5.1	12
2026-09-07	FF	5.260000228881836														5.0	3	1.0	1.0	1.0	1.0	0.0	2.0	1.5	5	1.0	0.0	0.0	0.0	0.5	5.0	3
2026-09-07	FFARM.NV	5.710000038146973														5.8	4	2.0	1.0	1.0	1.0	1.0	1.0	2.5	4	1.0	0.0	0.0	0.5	1.0	5.8	4
2026-09-07	FFARMS.CO	69.0														4.6	3	1.0	1.0	1.0	1.0	0.0	1.5	3.0	4	0.0	1.0	0.0	1.0	1.0	4.6	3
2026-09-07	FFBC	32.97999954223633	6.4	8	1.0	1.5	1.0	1.0	1.0	2.0	1.5	1.0	1.0	2.0	1.0	5.4	6	1.5	0.0	1.0	0.5	2.0	1.5	3.5	4	1.0	0.5	0.0	1.0	1.0	6.1	14
2026-09-07	FFIN	33.439998626708984	5.7	9	1.0	1.0	1.0	1.0	1.0	2.0	0.5	1.0	1.0	2.0	1.0	5.8	6	0.5	1.0	1.0	1.5	2.0	1.0	4.0	4	1.0	0.0	0.0	1.0	2.0	5.7	15
2026-09-07	FFIV	390.4700012207031	7.3	9	1.5	1.5	1.0	1.5	1.0	1.0	2.0	1.0	1.5	2.0	2.0	6.2	6	1.5	0.0	1.0	1.5	2.0	1.5	2.0	5	1.0	0.5	0.0	0.0	0.5	7.0	15
2026-09-07	FG	25.040000915527344	5.0	9	1.0	1.5	1.0	1.0	0.0	2.0	0.5	1.0	1.0	2.0	0.0	4.2	6	2.0	0.0	1.0	0.0	1.0	1.0	3.5	5	1.5	0.5	0.0	0.5	1.0	4.8	15
2026-09-07	FGA.PA	11.119999885559082														5.0	4	0.0	1.0	1.5	1.0	1.0	1.5	5.5	4	0.5	0.0	2.0	2.0	1.0	5.0	4
2026-09-07	FGP.L	176.60000610351562	5.9	7	1.5	2.0	1.0	1.0	0.0	2.0	1.0	1.0	1.5	2.0	0.0	5.0	4	2.0	1.0	1.0	1.0	1.0	0.0	3.5	4	0.5	0.5	0.0	1.5	1.0	5.6	11
2026-09-07	FGR.PA	108.9000015258789	5.2	8	1.5	2.0	1.0	1.0	0.0	2.0	1.0	0.5	1.5	1.0	0.0	5.0	4	1.0	1.0	1.0	1.0	1.0	1.0	4.0	4	0.5	1.0	0.0	1.5	1.0	5.1	12
2026-09-07	FHB	26.06999969482422	5.7	8	1.0	1.5	1.0	0.5	0.0	2.0	1.5	1.0	1.0	2.0	1.0	6.7	6	1.5	2.0	1.0	0.5	2.0	1.0	2.5	4	0.5	0.0	0.0	1.0	1.0	6.0	14
2026-09-07	FHI	62.400001525878906	8.0	9	1.5	1.0	1.0	1.0	2.0	2.0	2.0	1.0	2.0	2.0	2.0	7.9	6	1.0	2.0	1.0	2.0	2.0	1.5	3.0	5	0.5	0.5	0.0	0.5	1.5	8.0	15
2026-09-07	FHN	24.940000534057617	7.0	8	1.5	1.5	1.0	2.0	1.0	2.0	1.5	1.0	1.0	2.0	1.0	6.2	6	1.0	2.0	1.0	0.5	2.0	1.0	2.0	4	0.5	0.5	0.0	1.0	0.0	6.8	14
2026-09-07	FHZN.ZU	207.1999969482422	5.5	8	0.5	1.5	1.0	1.0	0.0	2.0	1.0	1.0	1.0	1.0	2.0	5.0	4	0.0	1.0	1.0	1.0	2.0	1.0	3.5	4	0.5	1.5	0.0	0.5	1.0	5.3	12
2026-09-07	FIA1S.HE	4.625999927520752														7.1	5	2.0	1.0	1.0	2.0	1.0	1.5	4.5	4	1.5	0.5	0.0	1.5	1.0	7.1	5
2026-09-07	FIBK	37.849998474121094	6.1	8	1.0	1.0	1.0	0.5	1.0	2.0	2.0	1.0	1.0	2.0	1.0	5.8	6	1.5	0.0	1.0	1.5	2.0	1.0	3.5	4	0.5	0.5	0.0	1.0	1.5	6.0	14
2026-09-07	FICO	932.260009765625	5.9	9	2.0	2.0	1.0	0.5	0.0	1.5	1.5	0.5	1.0	2.0	1.0	5.4	6	2.0	0.0	0.0	0.5	2.0	2.0	7.0	4	1.5	1.5	2.0	1.0	1.0	5.8	15
2026-09-07	FIE.DE	38.849998474121094	5.7	8	2.0	2.0	1.0	1.0	0.0	1.5	1.0	1.0	1.5	0.5	1.0	4.6	4	0.5	1.0	1.0	1.0	1.0	1.0	4.0	4	0.5	1.5	0.0	1.0	1.0	5.4	12
2026-09-07	FIG	24.1200008392334	6.1	10	2.0	2.0	1.0	0.0	0.0	1.5	2.0	1.0	0.0	2.0	2.0	2.5	6	0.0	0.0	1.0	0.0	0.0	2.0	2.5	4	1.0	1.0	0.0	0.0	0.5	5.0	16
2026-09-07	FIGR	35.959999084472656	7.3	9	1.5	2.0	1.0	1.0	1.0	0.5	2.0	1.0	2.0	2.0	2.0	6.2	6	0.5	0.0	1.0	2.0	2.0	2.0	3.5	4	1.0	0.5	0.0	1.0	1.0	7.0	15
2026-09-07	FIGS	14.420000076293945	7.0	9	1.5	2.0	1.0	0.5	2.0	1.5	2.0	1.0	1.0	2.0	1.0	6.7	6	0.0	2.0	1.0	2.0	1.0	2.0	2.5	5	1.0	0.5	0.0	0.0	1.0	6.9	15
2026-09-07	FII.PA	60.79999923706055														5.8	4	2.0	1.0	1.0	1.0	1.0	1.0	2.5	4	1.0	0.0	0.0	0.5	1.0	5.8	4
2026-09-07	FINV	3.390000104904175	5.7	10	1.5	2.0	1.0	1.5	0.0	2.0	1.5	0.0	1.0	1.0	1.0	5.0	5	2.0	0.0	1.0	1.0	1.5	0.5	3.0	5	0.0	1.5	0.0	0.0	1.5	5.5	15
2026-09-07	FIP	3.4100000858306885	4.3	9	1.5	2.0	1.0	0.0	0.0	2.0	0.0	1.0	0.0	2.0	0.0	5.0	5	1.0	2.0	1.0	0.0	0.0	2.0	7.5	5	2.0	1.5	0.0	2.0	2.0	4.5	14
2026-09-07	FIRY	10.130000114440918														5.0	3	1.0	1.0	1.0	1.0	0.0	2.0	4.0	5	2.0	0.0	0.0	1.5	0.5	5.0	3
2026-09-07	FIS.US	41.88999938964844	5.7	9	1.5	2.0	1.0	1.5	0.0	1.0	1.0	1.0	1.5	2.0	0.0	7.9	6	2.0	2.0	1.0	0.5	2.0	2.0	3.5	5	1.0	1.0	0.0	1.0	0.5	6.4	15
2026-09-07	FISI	41.70000076293945	7.3	8	1.5	1.5	1.0	1.5	2.0	2.0	1.5	1.0	1.0	2.0	1.0	6.7	6	1.5	1.0	1.0	1.5	2.0	1.0	4.0	4	0.5	1.5	0.0	1.0	1.0	7.1	14
2026-09-07	FISN	7.150000095367432	5.9	9	1.5	2.0	1.0	1.5	0.5	2.0	2.0	1.0	0.0	0.5	1.0	4.6	2	1.0	1.0	1.0	1.0	0.5	1.0	3.5	4	1.0	1.5	0.0	0.0	1.0	5.5	11
2026-09-07	FISV	53.0	5.5	6	1.0	2.0	1.0	1.0	1.0	1.5	0.5	1.0	1.0	1.0	1.0	5.4	4	1.5	2.0	1.0	0.0	1.0	1.0	4.5	2	1.0	1.5	0.0	1.0	1.0	5.5	10
2026-09-07	FITB	54.869998931884766	6.6	8	1.5	1.5	1.0	2.0	1.0	2.0	0.5	1.0	1.0	2.0	1.0	5.0	6	1.0	0.0	1.0	0.0	2.0	2.0	2.5	4	1.0	0.5	0.0	1.0	0.0	6.1	14
2026-09-07	FIVE	252.1999969482422	8.6	10	2.0	2.0	1.0	1.5	2.0	1.0	2.0	1.5	2.0	2.0	2.0	7.9	6	2.0	1.0	1.0	2.0	1.5	2.0	5.0	5	1.0	1.5	1.0	1.0	0.5	8.4	16
2026-09-07	FIVN	33.27000045776367	5.9	9	1.5	1.0	1.0	0.5	2.0	0.5	1.5	1.0	1.0	2.0	1.0	5.8	6	2.0	1.0	1.0	0.5	1.0	1.5	5.0	5	1.5	1.5	0.0	1.0	1.0	5.9	15
2026-09-07	FIX	1610.3399658203125	7.7	9	2.0	2.0	1.0	1.5	1.0	1.5	2.0	1.0	2.0	2.0	1.0	6.2	6	2.0	0.0	1.0	2.0	1.5	1.0	3.0	5	1.5	0.5	0.0	0.5	0.5	7.2	15
2026-09-07	FIZZ	32.2400016784668	5.0	9	0.5	1.0	1.0	0.5	1.0	2.0	0.5	1.0	2.0	0.5	1.0	2.9	6	0.0	0.0	1.0	0.5	1.5	0.5	3.0	5	0.5	0.5	0.0	0.0	2.0	4.4	15
2026-09-07	FLD	0.5389999747276306	5.9	9	1.5	2.0	1.0	2.0	1.0	0.0	2.0	1.0	0.0	0.5	2.0	4.2	4	1.0	1.0	1.0	2.0	0.0	0.0	2.5	5	0.0	1.5	0.0	0.5	0.5	5.4	13
2026-09-07	FLEX	109.51000213623047	7.5	10	2.0	2.0	1.0	1.5	1.0	1.5	1.5	1.5	1.5	2.0	1.0	6.7	6	2.0	0.0	1.0	2.0	1.0	2.0	3.0	5	1.5	0.0	0.0	1.0	0.5	7.3	16
2026-09-07	FLG	13.520000457763672	7.3	9	2.0	2.0	1.0	2.0	0.0	2.0	2.0	1.5	0.5	2.0	1.0	4.6	6	2.0	0.0	1.0	0.0	1.0	1.5	2.0	4	1.0	0.0	0.0	1.0	0.0	6.5	15
2026-09-07	FLGT	19.729999542236328	5.5	9	1.0	1.0	1.0	0.5	1.0	2.0	2.0	1.0	0.0	1.5	1.0	5.0	4	1.0	2.0	1.0	1.0	0.0	1.0	2.5	5	1.0	0.0	0.0	0.0	1.5	5.3	13
2026-09-07	FLL	2.069999933242798	4.8	9	1.5	2.0	1.0	2.0	0.0	2.0	0.0	1.0	0.0	1.0	0.0	5.4	6	2.0	1.0	1.0	1.5	0.0	1.0	5.0	4	1.5	1.5	0.0	1.0	1.0	5.0	15
2026-09-07	FLNA	0.8199999928474426	5.7	9	1.5	2.0	1.0	0.5	0.0	2.0	2.0	1.0	0.0	0.5	2.0	5.0	5	1.0	1.0	1.0	1.5	0.5	1.0	5.5	4	0.5	2.0	0.0	1.0	2.0	5.5	14
2026-09-07	FLNC	10.350000381469727	4.3	10	1.0	2.0	1.0	0.0	0.0	1.5	0.0	1.0	0.0	2.0	1.0	4.2	6	0.5	0.0	1.0	2.0	0.5	1.0	5.0	5	2.0	1.0	0.0	1.0	1.0	4.3	16
2026-09-07	FLO	6.269999980926514	5.0	9	1.0	1.0	1.0	0.0	0.0	2.0	2.0	1.0	1.0	2.0	0.0	3.3	6	0.0	1.0	1.0	0.0	1.0	1.0	4.5	5	0.0	2.0	0.0	1.0	1.5	4.5	15
2026-09-07	FLO.L	68.0	6.8	7	1.5	2.0	1.0	1.0	2.0	2.0	1.0	1.0	0.0	1.5	2.0	5.0	3	1.0	1.0	1.0	1.0	0.5	1.5	2.5	4	0.5	0.5	0.0	0.5	1.0	6.3	10
2026-09-07	FLOW.NV	28.739999771118164														5.4	5	2.0	1.0	1.0	0.0	1.5	1.0	3.5	4	0.0	0.5	0.0	2.0	1.0	5.4	5
2026-09-07	FLR.US	56.15999984741211	6.4	9	1.5	1.5	1.0	0.5	2.0	1.5	1.0	1.0	0.0	2.0	2.0	4.6	6	1.5	2.0	1.0	0.0	0.0	1.0	4.0	5	1.5	1.0	0.0	0.5	1.0	5.9	15
2026-09-07	FLS	76.63999938964844	7.7	10	1.5	1.5	1.0	1.0	2.0	1.5	2.0	1.0	1.5	2.0	2.0	2.9	6	1.0	0.0	1.0	0.0	1.0	0.5	3.5	5	1.5	0.0	0.0	1.0	1.0	6.3	16
2026-09-07	FLS.CO	574.0														5.4	5	1.0	1.0	1.0	0.5	1.5	1.5	3.5	4	1.5	1.0	0.0	0.0	1.0	5.4	5
2026-09-07	FLT.ASX	11.479999542236328	5.5	8	1.5	2.0	1.0	1.0	0.0	2.0	1.0	0.5	1.0	1.0	1.0	5.0	4	1.5	1.0	1.0	1.0	1.0	0.5	3.0	4	0.5	0.5	0.0	1.0	1.0	5.3	12
2026-09-07	FLUGb.CO	390.0														4.6	4	0.5	1.0	1.0	1.0	1.0	1.0	2.0	4	0.5	0.0	0.0	0.5	1.0	4.6	4
2026-09-07	FLUX.BR	22.799999237060547														5.0	4	1.0	1.0	1.0	1.0	1.0	1.0	4.5	4	0.0	1.5	0.0	2.0	1.0	5.0	4
2026-09-07	FLY	21.670000076293945	5.5	9	1.5	2.0	1.0	0.5	0.0	1.0	1.5	1.0	0.0	1.5	2.0	5.0	4	1.0	1.0	1.0	1.0	0.0	2.0	3.0	4	1.0	1.0	0.0	0.0	1.0	5.3	13
2026-09-07	FLYW	18.549999237060547	7.0	9	1.5	1.5	1.0	1.0	2.0	1.5	1.5	1.0	0.5	2.0	2.0	5.8	6	0.0	1.0	1.0	2.0	1.0	2.0	3.5	5	1.5	1.0	0.0	0.0	1.0	6.6	15
2026-09-07	FMBH	51.33000183105469	7.0	8	1.5	1.5	1.0	1.5	2.0	2.0	1.5	1.0	1.0	1.5	1.0	8.3	6	1.5	2.0	1.0	1.5	2.0	2.0	3.5	4	0.5	1.0	0.0	1.0	1.0	7.4	14
2026-09-07	FMC	12.970000267028809	5.7	10	1.0	1.0	1.0	0.0	1.0	1.0	2.0	1.5	0.0	2.0	2.0	3.3	6	1.0	2.0	1.0	0.0	0.0	0.0	4.5	5	0.0	1.0	0.0	2.0	1.5	5.0	16
2026-09-07	FME.DE	39.220001220703125	4.8	8	0.5	1.0	1.0	1.0	0.0	1.5	1.5	1.0	1.0	1.0	1.0	5.0	5	2.0	1.0	1.0	0.0	1.0	1.0	3.5	4	1.0	0.5	0.0	1.0	1.0	4.9	13
2026-09-07	FMG.ASX	17.770000457763672	5.5	8	1.0	1.0	1.0	1.0	0.0	1.5	1.0	2.0	1.0	0.5	2.0	6.2	4	2.0	1.0	1.0	1.0	1.5	1.0	2.5	4	0.5	1.0	0.0	0.0	1.0	5.7	12
2026-09-07	FMNB	16.06999969482422	6.4	8	1.0	1.0	1.0	1.5	2.0	2.0	1.5	1.0	1.0	1.0	1.0	7.5	6	0.5	2.0	1.0	1.5	2.0	2.0	4.0	4	0.5	1.5	0.0	1.0	1.0	6.7	14
2026-09-07	FMS	22.65999984741211	5.2	8	1.0	1.5	1.0	1.0	0.0	2.0	2.0	1.0	1.0	0.0	1.0	5.0	6	2.0	1.0	1.0	0.0	1.0	1.0	3.5	5	1.0	0.5	0.0	1.0	1.0	5.1	14
2026-09-07	FMX	120.41000366210938	5.9	9	1.5	1.5	1.0	1.0	1.0	2.0	2.0	0.0	1.0	1.0	1.0	4.6	6	0.0	2.0	1.0	0.5	1.0	1.0	2.0	5	0.0	0.0	0.0	1.0	1.0	5.5	15
2026-09-07	FN	407.3999938964844	7.3	9	2.0	2.0	1.0	1.5	0.0	1.5	1.5	1.0	1.5	2.0	2.0	5.8	6	0.5	0.0	1.0	2.0	1.5	2.0	3.0	5	1.5	1.0	0.0	0.0	0.5	6.8	15
2026-09-07	FNAC.PA	34.599998474121094														4.6	3	1.0	1.0	1.0	1.0	0.5	1.0	4.5	4	1.0	1.0	0.0	1.5	1.0	4.6	3
2026-09-07	FNB	18.670000076293945	6.8	8	2.0	1.5	1.0	1.0	1.0	2.0	1.5	1.0	1.0	2.0	1.0	4.6	6	1.5	0.0	1.0	0.0	2.0	1.0	4.0	4	1.0	1.0	0.0	1.0	1.0	6.1	14
2026-09-07	FND	50.22999954223633	5.7	9	1.5	2.0	1.0	0.5	0.0	1.0	1.5	1.0	1.0	2.0	1.0	4.6	6	1.0	0.0	1.0	1.5	1.0	1.0	4.5	5	1.5	1.0	0.0	1.0	1.0	5.4	15
2026-09-07	FNF	45.779998779296875	6.1	9	2.0	2.0	1.0	1.5	0.0	2.0	1.0	1.0	1.0	2.0	0.0	5.4	6	2.0	1.0	1.0	0.0	1.0	1.5	4.5	5	1.0	1.0	1.0	0.5	1.0	5.9	15
2026-09-07	FNKO	5.679999828338623	5.9	9	1.0	1.5	1.0	0.5	1.0	2.0	2.0	1.0	0.0	2.0	1.0	2.9	5	1.0	0.0	1.0	0.0	0.5	1.0	3.0	5	1.0	0.0	0.0	1.0	1.0	5.0	14
2026-09-07	FNTL.L	188.5														4.6	4	0.5	1.0	1.0	1.0	1.0	1.0	2.5	4	0.5	0.5	0.0	0.5	1.0	4.6	4
2026-09-07	FNTN.DE	24.3799991607666	5.0	8	1.5	1.5	1.0	1.0	1.0	2.0	0.0	1.0	1.5	0.5	0.0	7.1	5	2.0	1.0	1.0	1.5	1.0	2.0	2.5	4	0.0	1.0	0.0	0.5	1.0	5.6	13
2026-09-07	FNV	266.17999267578125	7.0	8	1.5	1.5	1.0	1.0	2.0	1.5	1.5	1.0	1.5	2.0	1.0	4.6	6	0.5	0.0	1.0	0.0	2.0	2.0	4.0	4	1.0	1.0	0.0	1.0	1.0	6.3	14
2026-09-07	FOBANK.CO	277.5														5.4	4	1.5	1.0	1.0	1.0	2.0	0.0	2.0	3	0.0	0.0	0.0	1.0	1.0	5.4	4
2026-09-07	FOIL	22.59000015258789														4.6	4	0.0	1.0	1.0	1.0	1.0	1.5	3.0	4	1.0	0.5	0.0	1.5	0.0	4.6	4
2026-09-07	FOR	27.889999389648438														4.2	5	0.0	1.0	1.0	1.5	1.0	0.5	2.5	5	1.5	0.0	0.0	0.0	1.0	4.2	5
2026-09-07	FORM	103.9000015258789	6.8	9	1.5	2.0	1.0	1.5	1.0	1.0	2.0	1.0	1.0	2.0	1.0	6.7	6	1.5	0.0	1.0	2.0	1.5	2.0	2.0	5	1.5	0.0	0.0	0.0	0.5	6.8	15
2026-09-07	FORT.L	143.0	6.8	7	1.5	2.0	1.0	1.0	1.0	1.5	1.0	1.0	1.0	2.0	2.0	5.0	4	2.0	1.0	1.0	1.0	1.0	0.0	2.5	4	0.5	0.5	0.0	0.5	1.0	6.3	11
2026-09-07	FORTUM.HE	20.979999542236328														4.2	5	0.0	1.0	1.0	0.0	1.5	1.5	2.0	4	0.0	0.5	0.0	0.5	1.0	4.2	5
2026-09-07	FOSL	5.150000095367432	7.0	9	1.5	2.0	1.0	0.5	2.0	2.0	2.0	1.0	0.0	1.5	2.0	3.8	6	1.5	1.0	1.0	0.0	0.5	0.5	5.5	5	1.5	0.5	0.0	2.0	1.5	6.0	15
2026-09-07	FOUR	45.939998626708984	5.2	9	1.5	2.0	1.0	0.5	0.0	0.5	1.0	1.0	1.0	2.0	1.0	5.8	6	2.0	1.0	1.0	0.0	1.0	2.0	5.5	5	1.5	0.5	0.0	2.0	1.5	5.4	15
2026-09-07	FOX.US	58.41999816894531	5.7	8	0.5	0.5	1.0	1.0	2.0	2.0	1.0	1.0	1.0	1.5	1.0	6.7	5	1.0	2.0	1.0	1.0	1.0	2.0	2.5	5	0.5	0.0	0.0	0.5	1.5	6.0	13
2026-09-07	FOXA	65.41999816894531	6.4	9	1.5	1.5	1.0	0.0	2.0	1.0	2.0	1.0	1.0	2.0	1.0	7.9	6	1.5	2.0	1.0	2.0	1.0	2.0	2.5	5	0.5	0.0	0.0	0.5	1.5	6.8	15
2026-09-07	FOXF	21.520000457763672	5.9	9	1.0	0.5	1.0	0.5	2.0	2.0	2.0	1.0	0.0	2.0	1.0	3.8	6	1.0	2.0	1.0	0.0	0.0	0.5	3.5	5	1.5	0.0	0.0	1.0	1.0	5.3	15
2026-09-07	FOXT.L	38.20000076293945														5.0	4	1.5	1.0	1.0	1.0	1.0	0.5	3.0	4	1.0	0.5	0.0	0.5	1.0	5.0	4
2026-09-07	FPE.DE	36.45000076293945	6.6	7	1.5	1.5	1.0	1.0	1.5	2.0	1.0	1.0	1.5	0.5	2.0	5.0	4	0.0	1.0	1.0	1.0	1.0	2.0	3.5	4	0.5	2.0	0.0	0.0	1.0	6.1	11
2026-09-07	FPH.ASX	36.09000015258789	7.0	7	1.5	1.5	1.0	1.0	2.0	2.0	1.0	1.0	1.5	1.0	2.0	5.4	4	0.0	1.0	1.0	1.0	2.0	1.5	3.0	4	1.0	1.0	0.0	0.0	1.0	6.5	11
2026-09-07	FPI	10.649999618530273	6.6	9	1.0	1.0	1.0	1.0	2.0	2.0	2.0	1.0	1.0	1.5	1.0	4.6	6	1.0	1.0	1.0	0.0	2.0	0.5	2.5	5	0.5	0.0	0.0	0.5	1.5	6.0	15
2026-09-07	FPS	31.350000381469727	6.8	8	2.0	2.0	1.0	0.5	0.5	2.0	1.0	1.0	1.0	2.0	2.0	7.5	6	2.0	2.0	1.0	1.0	1.0	2.0	3.5	4	1.0	1.0	0.0	1.0	0.5	7.0	14
2026-09-07	FR.PA	14.520000457763672	5.9	8	1.5	0.5	1.0	1.0	2.0	2.0	1.0	1.5	1.0	1.5	0.0	4.6	5	2.0	1.0	1.0	0.0	1.0	0.5	4.0	4	1.5	0.0	0.0	1.5	1.0	5.5	13
2026-09-07	FR.US	61.849998474121094	7.3	10	2.0	1.5	1.0	1.5	1.0	2.0	2.0	1.0	1.0	2.0	1.0	6.7	6	1.0	2.0	1.0	1.0	2.0	1.0	3.0	5	1.0	0.0	0.0	1.0	1.0	7.1	16
2026-09-07	FRA.DE	62.45000076293945	6.1	9	1.5	1.5	1.0	1.0	0.0	1.5	1.5	1.5	1.0	1.0	2.0	4.6	5	1.0	1.0	1.0	0.5	1.0	1.0	5.0	4	1.0	1.5	0.0	1.5	1.0	5.6	14
2026-09-07	FRBT	19.139999389648438	6.1	7	2.0	1.5	1.0	2.0	0.5	2.0	0.0	1.0	1.0	1.5	1.0	7.1	4	2.0	1.0	1.0	1.0	2.0	1.5	2.0	3	1.0	0.0	0.0	1.0	0.0	6.4	11
2026-09-07	FRCB	0.000699999975040555														5.8	4	2.0	1.0	1.0	1.0	2.0	0.0	5.0	4	2.0	2.0	0.0	1.0	0.0	5.8	4
2026-09-07	FRE.DE	43.630001068115234	6.1	9	2.0	2.0	1.0	1.0	0.0	2.0	1.5	1.0	1.0	1.0	1.0	6.2	5	2.0	1.0	1.0	1.5	1.0	1.0	2.5	4	1.0	0.0	0.0	0.5	1.0	6.1	14
2026-09-07	FRES.L	3146.0	4.5	8	1.0	1.0	1.0	1.0	1.0	0.5	1.0	0.0	2.0	0.5	1.0	6.7	4	1.0	1.0	1.0	1.0	2.0	2.0	1.5	4	0.5	0.0	0.0	0.0	1.0	5.2	12
2026-09-07	FRME	42.060001373291016	6.6	8	1.5	2.0	1.0	1.5	1.0	2.0	0.5	1.0	1.0	2.0	1.0	6.7	6	1.5	2.0	1.0	0.5	2.0	1.0	3.5	4	1.0	0.5	0.0	1.0	1.0	6.6	14
2026-09-07	FRMI	5.119999885559082	3.9	8	1.5	2.0	1.0	0.5	0.0	0.0	0.0	1.0	1.0	0.5	1.0	5.4	4	1.0	1.0	1.0	2.0	0.5	1.0	4.0	4	1.0	2.0	0.0	0.5	0.5	4.3	12
2026-09-07	FRMM	5.309999942779541	5.2	9	1.5	2.0	1.0	0.0	1.0	2.0	0.0	1.0	0.0	1.0	2.0	2.9	4	1.0	0.0	1.0	0.0	0.5	1.0	4.0	5	1.5	1.0	0.0	0.0	1.5	4.5	13
2026-09-07	FRO	46.119998931884766	6.6	10	1.5	1.0	1.0	1.0	2.0	1.5	0.5	1.0	2.0	1.0	2.0	7.5	6	0.0	2.0	1.0	2.0	2.0	2.0	3.0	5	0.0	1.5	0.0	0.5	1.0	6.9	16
2026-09-07	FROG	87.5999984741211	6.8	10	2.0	2.0	1.0	1.0	1.0	1.5	2.0	0.5	0.0	2.0	2.0	5.8	5	1.0	1.0	1.0	1.5	0.5	2.0	3.0	5	1.5	0.5	0.0	0.0	1.0	6.5	15
2026-09-07	FRP.L	119.5	7.0	7	1.5	2.0	1.0	1.0	1.0	2.0	1.0	1.0	2.0	1.0	2.0	6.7	4	1.5	1.0	1.0	1.0	1.5	2.0	1.0	4	0.0	0.0	0.0	0.0	1.0	6.9	11
2026-09-07	FRPT	70.23999786376953	7.0	9	1.5	1.5	1.0	0.5	2.0	1.5	2.0	1.0	1.5	2.0	1.0	4.2	6	0.5	0.0	1.0	0.5	1.5	1.5	3.0	5	1.5	0.0	0.0	0.5	1.0	6.2	15
2026-09-07	FRS.DE	2.9600000381469727														5.0	3	1.0	1.0	1.0	1.0	0.5	1.5	2.5	4	0.0	1.5	0.0	0.0	1.0	5.0	3
2026-09-07	FRSH	12.729999542236328	7.0	10	1.0	0.5	1.0	0.5	2.0	2.0	2.0	1.0	1.5	2.0	2.0	6.7	6	2.0	0.0	1.0	1.5	2.0	1.5	2.5	5	1.0	1.0	0.0	0.0	0.5	6.9	16
2026-09-07	FRST	16.3799991607666	6.6	8	1.5	1.5	1.0	1.5	2.0	2.0	0.0	1.0	1.0	2.0	1.0	8.3	6	2.0	2.0	1.0	1.0	2.0	2.0	3.5	4	0.5	1.5	0.0	1.0	0.5	7.1	14
2026-09-07	FRT	117.08999633789062	7.0	10	1.5	1.5	1.0	2.0	1.0	2.0	2.0	1.5	1.0	2.0	0.0	5.4	6	0.5	1.0	1.0	1.0	2.0	1.0	2.5	5	1.0	0.5	0.0	1.0	0.0	6.5	16
2026-09-07	FRVIA.PA	9.932000160217285	5.2	8	1.5	2.0	1.0	1.0	1.0	1.5	1.0	1.5	0.0	1.0	0.0	5.0	4	2.0	1.0	1.0	1.0	0.5	0.5	5.0	4	1.5	0.5	0.0	2.0	1.0	5.1	12
2026-09-07	FRVO	18.15999984741211	5.9	8	2.0	2.0	1.0	1.0	0.5	1.0	0.0	2.0	1.0	1.5	1.0	5.0	3	1.0	1.0	1.0	1.5	0.5	1.0	3.0	4	1.0	1.0	0.0	0.0	1.0	5.6	11
2026-09-07	FSBW	43.880001068115234	6.1	8	1.0	1.0	1.0	1.5	2.0	2.0	0.5	1.0	1.0	1.5	1.0	5.4	6	1.5	1.0	1.0	0.0	2.0	1.0	3.5	4	0.5	0.5	0.0	1.0	1.5	5.9	14
2026-09-07	FSECURE.HE	1.9220000505447388														5.4	5	1.0	1.0	1.0	1.0	1.5	1.0	3.5	4	0.5	0.0	0.0	2.0	1.0	5.4	5
2026-09-07	FSG.L	478.5	7.5	7	1.5	2.0	1.0	1.0	2.0	2.0	1.0	1.0	2.0	1.0	2.0	6.2	3	1.5	1.0	1.0	1.0	2.0	1.0	3.0	4	0.5	1.0	0.0	0.5	1.0	7.1	10
2026-09-07	FSJ.L	442.0	5.2	7	1.5	2.0	1.0	1.0	0.0	2.0	1.0	1.0	0.0	1.0	1.0	4.2	3	1.0	1.0	1.0	1.0	0.5	0.5	2.5	4	0.5	0.0	0.0	1.0	1.0	4.9	10
2026-09-07	FSK	12.4399995803833	5.5	9	1.0	0.5	1.0	1.5	2.0	1.5	0.5	1.0	0.0	1.0	2.0	3.3	6	0.5	2.0	1.0	0.5	0.0	0.0	3.5	5	1.0	0.5	0.0	1.0	1.0	4.8	15
2026-09-07	FSKRS.HE	14.0														5.0	5	2.0	1.0	1.0	0.0	1.0	1.0	3.5	4	1.0	0.5	0.0	1.0	1.0	5.0	5
2026-09-07	FSLR	204.4499969482422	6.4	9	1.5	2.0	1.0	0.5	0.0	1.0	1.5	1.0	1.5	2.0	2.0	4.6	6	2.0	0.0	1.0	0.0	2.0	0.5	3.5	5	1.5	1.0	0.0	0.0	1.0	5.9	15
2026-09-07	FSLY	20.59000015258789	5.7	9	1.0	2.0	1.0	0.5	1.0	1.0	2.0	1.0	0.0	2.0	1.0	6.7	5	1.0	2.0	1.0	2.0	0.0	2.0	1.5	5	0.0	0.0	0.0	0.5	1.0	6.0	14
2026-09-07	FSM	12.3100004196167	6.8	8	1.5	1.5	1.0	1.0	2.0	2.0	0.5	1.0	1.5	2.0	1.0	7.9	6	1.5	1.0	1.0	2.0	2.0	2.0	3.5	5	2.0	0.5	0.0	0.0	1.0	7.1	14
2026-09-07	FSS	119.27999877929688	8.0	10	2.0	2.0	1.0	1.0	1.0	2.0	2.0	1.0	1.5	2.0	2.0	5.8	6	1.5	0.0	1.0	1.5	1.5	1.5	3.5	5	1.5	0.0	0.0	0.5	1.5	7.3	16
2026-09-07	FSTA.L	734.0														5.0	4	1.0	1.0	1.0	1.0	1.0	1.0	3.0	4	0.5	1.0	0.0	0.5	1.0	5.0	4
2026-09-07	FSV	144.11000061035156	7.3	8	2.0	2.0	1.0	1.0	1.0	1.5	1.5	1.0	1.0	2.0	2.0	4.6	6	0.0	2.0	1.0	0.5	1.0	1.0	4.0	5	1.0	0.5	0.0	1.0	1.5	6.5	14
2026-09-07	FTAI	196.27999877929688	5.9	9	2.0	2.0	1.0	0.5	0.0	1.5	0.0	1.0	2.0	2.0	1.0	3.8	6	0.0	0.0	1.0	0.0	1.5	2.0	5.0	5	1.5	0.5	0.0	2.0	1.0	5.3	15
2026-09-07	FTCHQ	9.999999747378752e-05														3.8	3	1.0	1.0	1.0	1.0	0.0	0.5	6.0	5	2.0	2.0	0.0	1.5	0.5	3.8	3
2026-09-07	FTDR	82.5999984741211	8.2	10	2.0	1.5	1.0	1.0	2.0	2.0	2.0	0.5	2.0	2.0	2.0	5.0	6	1.0	0.0	1.0	1.5	1.5	1.0	5.5	5	1.5	0.5	0.0	2.0	1.5	7.2	16
2026-09-07	FTI	79.83999633789062	7.7	10	2.0	1.0	1.0	1.5	2.0	2.0	2.0	0.5	2.0	2.0	1.0	5.8	6	1.0	1.0	1.0	1.5	1.5	1.0	4.0	5	0.5	2.0	0.0	0.5	1.0	7.1	16
2026-09-07	FTK.DE	36.13999938964844	6.8	8	1.5	2.0	1.0	1.0	1.0	2.0	1.0	2.0	1.5	2.0	0.0	6.7	4	1.0	1.0	1.0	1.0	2.0	2.0	2.0	4	1.0	0.0	0.0	0.0	1.0	6.8	12
2026-09-07	FTNT	156.2899932861328	6.6	10	1.0	1.5	1.0	1.5	1.0	0.5	2.0	1.0	2.0	2.0	1.0	8.3	6	1.0	2.0	1.0	2.0	2.0	2.0	3.0	5	1.0	1.0	0.0	0.5	0.5	7.1	16
2026-09-07	FTRE	17.700000762939453	5.7	10	1.5	2.0	1.0	0.5	1.0	1.5	2.0	1.0	0.0	2.0	0.0	5.4	6	2.0	1.0	1.0	1.5	0.5	0.5	5.5	5	2.0	0.5	0.0	1.5	1.5	5.6	16
2026-09-07	FTS	55.2599983215332	5.2	9	1.0	1.5	1.0	1.0	0.0	1.5	1.5	1.5	1.0	1.5	0.0	4.6	5	0.5	1.0	1.0	0.5	1.5	1.0	3.0	5	0.0	0.0	0.0	1.0	2.0	5.0	14
2026-09-07	FTV	56.939998626708984	6.1	9	1.0	1.5	1.0	1.0	0.0	2.0	2.0	1.0	1.0	2.0	1.0	5.4	6	2.0	0.0	1.0	1.0	1.5	1.0	2.5	5	1.0	0.0	0.0	0.5	1.0	5.9	15
2026-09-07	FUBO	11.25	5.2	9	2.0	2.0	1.0	0.0	1.0	2.0	0.0	1.0	0.0	1.5	1.0	5.4	6	2.0	1.0	1.0	0.0	0.5	2.0	4.5	5	2.0	1.5	0.0	0.0	1.0	5.3	15
2026-09-07	FUL	53.88999938964844	6.8	9	1.5	2.0	1.0	1.0	0.0	2.0	1.5	1.0	1.0	2.0	2.0	6.2	6	1.0	2.0	1.0	1.5	1.0	1.0	3.5	5	1.0	0.5	0.0	1.0	1.0	6.6	15
2026-09-07	FULC	3.8499999046325684	5.0	9	0.5	0.0	1.0	1.0	1.0	2.0	1.5	1.0	0.0	2.0	1.0	5.4	4	1.0	1.0	1.0	2.0	0.5	1.0	4.5	5	2.0	1.5	0.0	0.0	1.0	5.1	13
2026-09-07	FULT	24.100000381469727	6.6	8	1.0	1.5	1.0	1.0	1.0	2.0	2.0	1.0	1.0	2.0	1.0	7.1	6	1.0	2.0	1.0	1.0	2.0	1.5	3.5	4	0.5	1.0	0.0	1.0	1.0	6.7	14
2026-09-07	FUM.L	0.27799999713897705														3.8	3	1.0	1.0	1.0	1.0	0.5	0.0	4.0	3	0.0	2.0	0.0	1.0	1.0	3.8	3
2026-09-07	FUN.US	15.510000228881836	3.4	10	1.5	2.0	1.0	0.0	0.0	1.0	0.0	0.0	0.0	2.0	0.0	4.2	6	1.0	2.0	1.0	0.5	0.0	0.5	4.0	5	0.0	0.5	0.0	2.0	1.5	3.6	16
2026-09-07	FUR.NV	8.515000343322754	4.8	7	1.0	1.5	1.0	1.0	0.0	2.0	1.0	1.0	0.0	1.0	1.0	5.0	4	1.5	1.0	1.0	1.0	0.5	1.0	3.5	4	0.5	1.5	0.0	0.5	1.0	4.9	11
2026-09-07	FUTR.L	296.79998779296875	5.5	7	1.5	2.0	1.0	1.0	0.0	2.0	1.0	1.0	0.5	2.0	0.0	5.4	4	2.0	1.0	1.0	1.0	1.0	0.5	4.5	4	1.5	1.5	0.0	0.5	1.0	5.5	11
2026-09-07	FUTU	121.75	5.9	9	2.0	2.0	1.0	1.0	1.0	1.0	0.0	1.0	2.0	1.0	1.0	7.5	6	1.5	2.0	1.0	0.5	2.0	2.0	2.0	5	0.0	0.5	0.0	0.5	1.0	6.4	15
2026-09-07	FVA.L	134.5	6.6	7	1.5	2.0	1.0	1.0	1.0	2.0	1.0	1.0	0.5	1.5	2.0	5.4	4	1.0	1.0	1.0	1.0	2.0	0.5	1.0	4	0.0	0.0	0.0	0.0	1.0	6.2	11
2026-09-07	FVRR	9.25	5.7	9	1.0	2.0	1.0	1.0	0.0	1.0	1.5	1.0	1.0	1.0	2.0	4.6	6	1.5	2.0	1.0	0.0	1.0	0.0	4.0	5	1.5	1.5	0.0	0.0	1.0	5.4	15
2026-09-07	FWDI	6.309999942779541	5.2	9	1.5	2.0	1.0	1.0	2.0	2.0	0.0	1.0	0.0	1.0	0.0	5.8	6	0.5	1.0	1.0	2.0	0.5	2.0	4.0	5	1.0	1.5	0.0	0.0	1.5	5.4	15
2026-09-07	FWONA	88.37999725341797	7.3	9	2.0	2.0	1.0	1.5	1.0	2.0	2.0	1.0	0.5	2.0	1.0	6.2	6	0.0	2.0	1.0	2.0	1.0	1.5	2.5	5	0.5	0.0	0.0	0.5	1.5	7.0	15
2026-09-07	FWONK	95.5	7.3	9	2.0	2.0	1.0	1.5	1.0	2.0	2.0	1.0	0.5	2.0	1.0	2.9	6	0.0	0.0	1.0	0.0	1.0	1.5	2.0	5	0.5	0.0	0.0	0.5	1.0	6.0	15
2026-09-07	FWRD	17.889999389648438	6.6	9	1.5	2.0	1.0	1.0	1.0	2.0	2.0	1.0	0.0	2.0	1.0	6.7	6	2.0	2.0	1.0	2.0	0.0	1.0	3.0	4	1.5	0.0	0.0	1.0	0.5	6.6	15
2026-09-07	FWRG	12.050000190734863	5.9	9	2.0	2.0	1.0	0.5	0.0	2.0	2.0	1.0	0.5	2.0	0.0	4.6	6	0.0	2.0	1.0	0.0	1.0	1.5	4.5	5	1.0	0.5	0.0	1.5	1.5	5.5	15
2026-09-07	FXPO.L	28.579999923706055	4.5	7	1.0	1.0	1.0	1.0	0.5	2.0	1.0	1.0	0.0	0.5	1.0	2.5	3	0.0	1.0	1.0	1.0	0.0	0.0	3.0	3	0.5	0.5	1.0	0.0	1.0	3.9	10
2026-09-07	FYB.DE	20.5	6.1	7	1.5	2.0	1.0	1.0	1.0	2.0	1.0	1.0	0.0	1.0	2.0	5.8	4	1.0	1.0	1.0	2.0	0.0	2.0	1.5	4	0.5	0.0	0.0	0.0	1.0	6.0	11
2026-09-07	FYNBK.CO	201.0														6.7	4	1.0	1.0	1.0	1.0	2.0	2.0	2.0	3	0.0	0.0	0.0	1.0	1.0	6.7	4
2026-09-07	G.MI	44.869998931884766	5.9	9	1.5	1.5	1.0	1.0	2.0	0.5	1.0	0.0	1.5	1.0	2.0	4.2	4	0.0	1.0	1.0	1.0	1.0	1.0	4.0	4	0.5	1.5	0.0	1.0	1.0	5.4	13
2026-09-07	G.US	37.31999969482422	6.8	9	1.0	1.5	1.0	1.0	1.0	1.5	1.5	1.0	1.5	2.0	2.0	5.0	6	1.5	0.0	1.0	1.0	1.5	1.0	2.0	5	0.5	0.0	0.0	0.5	1.0	6.3	15
2026-09-07	G1A.DE	64.94999694824219	6.6	9	1.5	1.5	1.0	1.0	2.0	1.5	0.5	1.5	1.5	1.5	1.0	5.0	5	2.0	1.0	1.0	0.0	1.0	1.0	2.0	4	0.5	0.5	0.0	0.0	1.0	6.1	14
2026-09-07	G24.DE	76.0999984741211	6.8	8	2.0	2.0	1.0	1.0	2.0	1.5	1.5	1.0	1.5	1.5	0.0	6.2	4	1.0	1.0	1.0	1.0	2.0	1.5	2.5	4	0.5	0.5	0.0	0.5	1.0	6.6	12
2026-09-07	GABC	50.0099983215332	7.0	8	1.5	1.5	1.0	1.5	2.0	2.0	1.5	1.0	1.0	1.5	1.0	7.1	6	1.5	1.0	1.0	1.5	2.0	1.5	4.0	4	0.5	1.0	0.0	1.0	1.5	7.0	14
2026-09-07	GAIN	16.399999618530273														6.2	5	0.0	1.0	1.0	1.5	2.0	2.0	3.0	5	0.5	1.0	0.0	1.0	0.5	6.2	5
2026-09-07	GALD.ZU	158.64999389648438	5.7	7	2.0	2.0	1.0	1.0	0.0	1.5	1.0	1.0	1.0	1.0	1.0	6.2	5	1.5	1.0	1.0	0.5	1.5	2.0	1.5	4	0.0	0.0	0.0	0.5	1.0	5.8	12
2026-09-07	GALE.ZU	82.9000015258789	5.2	7	1.0	1.0	1.0	1.0	0.0	2.0	1.0	1.0	1.0	1.5	1.0	4.6	4	0.5	1.0	1.0	1.0	1.0	1.0	2.5	4	0.0	1.0	0.0	0.5	1.0	5.0	11
2026-09-07	GALP.LS	20.520000457763672														7.5	5	2.0	1.0	1.0	2.0	1.0	2.0	2.5	4	0.0	0.5	0.0	1.0	1.0	7.5	5
2026-09-07	GAM.PA	101.0														4.6	4	0.5	1.0	1.0	1.0	0.0	2.0	1.0	4	0.0	0.0	0.0	0.0	1.0	4.6	4
2026-09-07	GAP	22.43000030517578	6.6	10	1.5	2.0	1.0	0.5	1.0	1.0	2.0	0.0	2.0	1.5	2.0	3.8	6	1.5	0.0	1.0	0.5	1.0	0.5	4.0	5	2.0	0.0	0.0	1.0	1.0	5.8	16
2026-09-07	GASS	9.289999961853027	7.5	9	1.5	2.0	1.0	2.0	2.0	2.0	2.0	1.0	1.0	1.0	1.0	7.9	6	2.0	2.0	1.0	2.0	2.0	0.5	0.5	5	0.0	0.5	0.0	0.0	0.0	7.6	15
2026-09-07	GATC.L	140.5														5.0	4	1.5	1.0	0.5	1.0	1.0	1.0	3.0	4	1.0	0.0	1.0	0.0	1.0	5.0	4
2026-09-07	GATX	178.11000061035156	6.8	9	1.5	2.0	1.0	1.0	1.0	2.0	1.5	1.0	1.0	2.0	1.0	5.8	6	2.0	0.0	1.0	0.5	1.5	2.0	4.5	5	1.0	0.0	0.0	2.0	1.5	6.5	15
2026-09-07	GAW.L	18450.0	6.4	7	1.5	2.0	1.0	1.0	0.0	2.0	1.0	1.0	2.0	1.5	1.0	5.4	4	0.5	1.0	1.0	1.0	2.0	1.0	2.0	4	1.0	0.0	0.0	0.0	1.0	6.1	11
2026-09-07	GBCI	46.83000183105469	6.4	8	2.0	2.0	1.0	1.0	0.0	2.0	1.0	1.0	1.0	2.0	1.0	5.4	6	1.0	0.0	1.0	0.5	2.0	2.0	3.0	4	0.5	0.0	0.0	1.0	1.5	6.1	14
2026-09-07	GBDC	13.0	5.0	9	2.0	1.0	1.0	1.5	0.0	2.0	0.5	1.0	0.5	1.5	0.0	6.2	6	1.5	2.0	1.0	1.0	2.0	0.0	3.0	5	0.0	0.0	0.0	1.0	2.0	5.4	15
2026-09-07	GBF.DE	82.5	6.1	8	2.0	2.0	1.0	1.0	1.0	1.5	0.5	1.0	1.0	1.5	1.0	5.0	5	0.5	1.0	1.0	1.5	1.0	1.0	2.5	4	0.5	1.0	0.0	0.0	1.0	5.8	13
2026-09-07	GBLB.BR	73.94999694824219														5.4	3	2.0	1.0	1.0	1.0	0.5	1.0	3.0	4	0.5	1.0	0.0	0.5	1.0	5.4	3
2026-09-07	GBT.PA	7.559999942779541														4.6	4	2.0	1.0	1.0	1.0	0.0	0.5	5.5	4	1.0	2.0	0.0	1.5	1.0	4.6	4
2026-09-07	GBTG	9.479999542236328														5.8	5	0.0	1.0	1.0	2.0	1.0	2.0	5.0	5	1.0	2.0	0.0	1.0	1.0	5.8	5
2026-09-07	GBX.US	43.2599983215332	5.2	9	0.5	1.0	1.0	0.5	0.0	2.0	1.5	1.0	1.0	2.0	1.0	4.2	6	2.0	1.0	1.0	0.0	1.0	0.0	4.5	5	1.5	0.5	0.0	1.0	1.5	4.9	15
2026-09-07	GCMG	13.270000457763672	8.6	9	2.0	2.0	1.0	1.5	2.0	2.0	1.5	1.0	2.0	2.0	2.0	5.4	6	0.5	2.0	1.0	0.5	1.0	1.5	4.0	5	1.0	0.5	0.0	2.0	0.5	7.6	15
2026-09-07	GCO	35.810001373291016	8.0	9	1.5	2.0	1.0	1.0	2.0	2.0	2.0	1.0	1.0	2.0	2.0	5.4	6	2.0	2.0	1.0	0.0	1.0	0.5	5.0	5	2.0	0.0	1.0	1.0	1.0	7.2	15
2026-09-07	GCT	51.75	8.2	9	1.5	2.0	1.0	0.5	2.0	2.0	2.0	1.0	2.0	2.0	2.0	7.5	6	2.0	2.0	1.0	0.5	1.5	2.0	4.5	5	1.5	1.0	0.0	1.0	1.0	8.0	15
2026-09-07	GCTS	1.7699999809265137														2.9	4	1.0	1.0	1.0	0.0	0.5	0.0	4.5	4	2.0	0.5	0.0	1.0	1.0	2.9	4
2026-09-07	GD	359.3900146484375	7.3	10	1.5	1.5	1.0	2.0	1.0	2.0	1.5	1.0	1.5	2.0	1.0	4.6	6	1.0	0.0	1.0	1.5	1.0	1.0	1.0	5	0.0	0.0	0.0	0.5	0.5	6.5	16
2026-09-07	GDDY	101.30999755859375	6.6	9	1.5	1.5	1.0	1.0	2.0	1.0	1.5	1.0	2.0	2.0	0.0	5.8	6	2.0	0.0	1.0	1.5	1.5	1.0	3.5	5	1.0	0.0	0.0	2.0	0.5	6.4	15
2026-09-07	GDHG	1.2400000095367432														3.3	4	2.0	1.0	0.0	1.0	0.0	0.0	6.0	5	2.0	2.0	2.0	0.0	0.0	3.3	4
2026-09-07	GDOT	13.329999923706055														4.6	5	1.5	1.0	1.0	0.0	0.5	1.5	3.0	4	1.0	0.0	0.0	1.0	1.0	4.6	5
2026-09-07	GDRX	3.4800000190734863	5.5	9	1.0	1.5	1.0	1.0	2.0	1.0	0.5	1.0	0.5	1.5	1.0	2.5	6	0.0	0.0	1.0	0.5	1.0	0.5	3.5	5	1.5	0.0	0.0	1.0	1.0	4.6	15
2026-09-07	GDS	31.364999771118164	6.6	10	1.5	2.0	1.0	0.5	0.0	2.0	2.0	1.0	1.0	1.5	2.0	5.0	6	0.0	2.0	1.0	0.0	2.0	1.0	3.0	5	0.0	0.5	0.0	1.0	1.5	6.1	16
2026-09-07	GDS.PA	10.699999809265137														5.0	3	1.5	1.0	1.0	1.0	0.5	1.0	3.5	4	0.0	0.5	0.0	2.0	1.0	5.0	3
2026-09-07	GDST	12.5														4.6	1	1.0	1.0	1.0	1.0	0.5	1.0	4.5	3	0.0	2.0	1.0	1.0	0.5	4.6	1
2026-09-07	GDWN.L	20050.0														5.0	3	0.0	1.0	1.0	1.0	2.0	1.0	1.5	4	0.5	0.0	0.0	0.0	1.0	5.0	3
2026-09-07	GDYN	8.0600004196167	6.8	9	1.5	2.0	1.0	0.5	2.0	2.0	1.5	1.0	0.5	2.0	1.0	4.2	6	0.0	0.0	1.0	2.0	1.0	1.0	1.5	5	1.0	0.0	0.0	0.0	0.5	6.0	15
2026-09-07	GE	337.1199951171875	7.7	9	2.0	2.0	1.0	2.0	1.0	2.0	2.0	1.0	2.0	2.0	0.0	5.8	6	0.0	1.0	1.0	1.5	1.5	2.0	3.5	5	1.5	0.0	0.0	1.0	1.0	7.1	15
2026-09-07	GEA.PA	72.5														4.2	4	1.0	1.0	1.0	1.0	1.0	0.0	2.5	4	0.0	1.5	0.0	0.0	1.0	4.2	4
2026-09-07	GEBN.ZU	563.4000244140625	6.6	7	1.0	1.5	1.0	1.0	1.0	2.0	1.0	1.0	2.0	1.0	2.0	5.0	4	0.5	1.0	1.0	1.0	1.5	1.0	3.0	4	1.0	0.0	0.0	1.0	1.0	6.1	11
2026-09-07	GEF	85.0	5.9	7	0.5	1.5	1.0	1.0	2.0	2.0	0.0	1.0	1.0	2.0	1.0	5.8	6	2.0	1.0	1.0	0.0	2.0	1.0	2.0	5	0.5	1.0	0.0	0.5	0.0	5.9	13
2026-09-07	GEF.B		5.0	3	0.5	0.5	1.0	1.0	1.0	2.0	1.0	1.0	1.0	1.0	1.0	5.0	1	1.0	1.0	1.0	1.0	1.0	1.0								5.0	4
2026-09-07	GEHC	68.86000061035156	7.3	10	2.0	2.0	1.0	1.5	1.0	1.5	1.5	1.0	1.5	2.0	1.0	5.4	6	1.0	2.0	1.0	0.5	1.0	1.0	3.5	5	1.0	0.5	0.0	1.0	1.0	6.7	16
2026-09-07	GEL	15.850000381469727	6.8	9	1.5	1.5	1.0	1.5	1.0	2.0	2.0	1.0	1.5	2.0	0.0	4.6	6	0.5	1.0	1.0	0.0	1.0	2.0	5.5	5	0.5	0.0	1.0	2.0	2.0	6.1	15
2026-09-07	GEMD.L	7.820000171661377														5.0	3	1.0	1.0	1.0	1.0	0.0	2.0	2.0	3	1.0	0.0	0.0	0.0	1.0	5.0	3
2026-09-07	GEMI	4.679999828338623	4.8	8	1.5	1.5	1.0	0.5	1.0	1.0	0.0	1.0	1.0	1.0	1.0	4.6	5	1.0	1.0	1.0	0.5	0.0	2.0	5.0	4	1.0	1.5	0.0	1.0	1.5	4.7	13
2026-09-07	GEN	30.649999618530273	6.6	9	1.5	1.0	1.0	1.0	2.0	1.5	1.5	1.0	2.0	2.0	0.0	6.2	6	1.0	1.0	1.0	1.5	2.0	1.0	6.5	5	1.5	1.5	0.0	2.0	1.5	6.5	15
2026-09-07	GEN.L	266.6000061035156	6.4	8	2.0	2.0	1.0	1.0	0.0	2.0	1.0	1.0	1.0	2.0	1.0	5.0	4	1.0	1.0	1.0	1.0	1.0	1.0	4.0	4	1.5	1.0	0.0	0.5	1.0	6.0	12
2026-09-07	GENB	16.389999389648438	6.4	8	2.0	2.0	1.0	1.0	1.5	1.5	0.0	1.0	1.0	2.0	1.0	3.8	5	1.0	1.0	1.0	1.0	0.5	0.0	3.0	4	1.0	0.0	0.0	0.0	2.0	5.6	13
2026-09-07	GENI	7.489999771118164	5.7	10	2.0	2.0	1.0	0.5	2.0	2.0	0.0	1.0	0.0	2.0	0.0	5.0	5	1.0	0.0	1.0	2.0	0.0	2.0	4.0	5	2.0	0.0	0.0	1.0	1.0	5.5	15
2026-09-07	GENK	1.899999976158142														3.8	4	1.0	1.0	1.0	0.0	0.5	1.0	3.5	5	1.0	0.5	0.0	2.0	0.0	3.8	4
2026-09-07	GENL.L	55.400001525878906														3.3	3	1.0	1.0	1.0	1.0	0.0	0.0	2.0	4	0.5	0.5	0.0	0.0	1.0	3.3	3
2026-09-07	GEO	31.770000457763672	8.2	10	2.0	2.0	1.0	0.5	2.0	2.0	2.0	1.0	1.5	2.0	2.0	6.2	6	1.5	0.0	1.0	2.0	1.5	1.5	4.5	5	0.5	1.5	0.0	1.0	1.5	7.6	16
2026-09-07	GEOS	5.380000114440918														4.2	4	2.0	1.0	1.0	1.0	0.0	0.0	3.0	5	0.0	2.0	0.0	0.0	1.0	4.2	4
2026-09-07	GERN	1.5700000524520874	6.1	9	1.5	2.0	1.0	0.5	2.0	1.5	1.0	1.0	0.0	2.0	1.0	3.8	5	1.0	1.0	1.0	0.0	0.0	1.5	2.5	5	0.5	0.0	0.0	0.5	1.5	5.4	14
2026-09-07	GEST.MC	2.984999895095825														5.8	4	2.0	1.0	1.0	1.0	1.0	1.0	3.5	4	1.0	0.5	0.0	1.0	1.0	5.8	4
2026-09-07	GET.PA	18.610000610351562	5.9	8	1.5	1.0	1.0	1.0	1.0	2.0	1.0	1.0	1.0	0.5	2.0	6.7	4	2.0	1.0	1.0	1.0	1.5	1.5	3.5	4	0.5	0.5	0.0	1.5	1.0	6.1	12
2026-09-07	GETIB.ST	241.8000030517578														5.8	5	1.5	1.0	1.0	1.5	1.0	1.0	4.0	4	1.0	1.5	0.0	0.5	1.0	5.8	5
2026-09-07	GETY	0.2370000034570694	3.6	9	1.0	2.0	1.0	0.5	0.0	2.0	0.0	1.0	0.0	0.5	0.0	4.6	4	1.0	1.0	1.0	2.0	0.0	0.5	6.5	5	2.0	2.0	0.0	2.0	0.5	3.9	13
2026-09-07	GEV	941.9500122070312	7.5	10	2.0	2.0	1.0	1.5	1.0	2.0	2.0	1.0	2.0	2.0	0.0	5.4	6	1.0	0.0	1.0	0.5	2.0	2.0	2.0	5	1.0	0.0	0.0	0.0	1.0	6.9	16
2026-09-07	GEVO	1.6399999856948853	4.5	9	1.5	2.0	1.0	0.5	1.0	0.0	0.0	1.0	0.0	1.0	2.0	5.0	4	1.0	1.0	1.0	2.0	0.0	1.0	4.0	5	1.0	1.0	0.0	0.5	1.5	4.7	13
2026-09-07	GFC.PA	68.19999694824219	4.3	8	1.5	2.0	1.0	1.0	0.0	1.0	1.0	0.0	0.5	1.5	0.0	4.6	4	0.0	1.0	1.0	1.0	1.5	1.0	3.5	4	1.0	1.0	0.0	0.5	1.0	4.4	12
2026-09-07	GFF	99.68000030517578	8.2	9	1.5	2.0	1.0	1.0	2.0	2.0	1.5	1.0	2.0	2.0	2.0	5.4	6	2.0	0.0	1.0	1.5	1.0	1.0	5.0	5	1.5	0.5	0.0	2.0	1.0	7.4	15
2026-09-07	GFG.DE	0.45399999618530273														4.2	3	1.0	1.0	1.0	1.0	0.5	0.5	1.5	4	0.0	0.0	0.0	0.5	1.0	4.2	3
2026-09-07	GFI.US	47.400001525878906	7.5	8	1.5	1.5	1.0	2.0	2.0	2.0	1.0	1.0	2.0	0.5	2.0	6.7	5	0.0	2.0	1.0	1.0	2.0	2.0	1.0	5	0.5	0.0	0.0	0.0	0.5	7.3	13
2026-09-07	GFIN.L	0.0430000014603138														3.3	4	0.0	1.0	1.0	1.0	0.0	1.0	2.5	3	0.0	0.5	0.0	1.0	1.0	3.3	4
2026-09-07	GFL	43.72999954223633	5.9	10	1.5	2.0	1.0	0.5	2.0	1.0	1.5	1.5	0.0	2.0	0.0	5.0	5	1.0	2.0	1.0	0.0	0.5	1.5	3.0	5	0.0	0.5	0.0	1.0	1.5	5.6	15
2026-09-07	GFM.L	282.5	5.2	7	1.5	2.0	1.0	1.0	0.0	2.0	1.0	1.0	1.0	0.0	1.0	5.8	4	0.5	1.0	1.0	1.0	1.5	2.0	1.0	4	0.0	0.0	0.0	0.0	1.0	5.4	11
2026-09-07	GFR	6.159999847412109	5.5	10	1.5	2.0	1.0	2.0	1.0	2.0	0.0	1.0	0.0	1.5	0.0	5.4	4	1.0	1.0	1.0	1.0	0.5	2.0	1.0	5	0.0	0.5	0.0	0.0	0.5	5.5	14
2026-09-07	GFRD.L	602.0	6.6	7	1.5	1.5	1.0	1.0	2.0	2.0	1.0	1.0	2.0	1.5	0.0	5.0	4	1.0	1.0	1.0	1.0	1.0	1.0	2.5	4	0.0	1.0	0.0	0.5	1.0	6.1	11
2026-09-07	GFS	45.209999084472656	6.4	10	1.5	2.0	1.0	0.5	0.0	0.0	2.0	2.0	1.0	2.0	2.0	6.7	6	2.0	1.0	1.0	1.5	1.5	1.0	2.5	5	1.5	0.5	0.0	0.0	0.5	6.5	16
2026-09-07	GFT.DE	25.799999237060547	6.4	8	1.5	2.0	1.0	1.0	2.0	2.0	1.0	1.0	1.0	0.5	1.0	5.0	4	1.0	1.0	1.0	1.0	1.0	1.0	4.0	4	1.0	1.5	0.0	0.5	1.0	6.0	12
2026-09-07	GFTU.L	1007.2000122070312	7.3	8	2.0	1.5	1.0	1.0	2.0	2.0	1.0	1.0	1.0	1.5	2.0	5.4	4	1.5	1.0	1.0	1.0	1.0	1.0	3.0	4	1.0	0.5	0.0	0.5	1.0	6.7	12
2026-09-07	GGAL	44.36000061035156	3.9	9	1.5	2.0	1.0	0.5	0.0	1.5	0.0	0.0	0.5	0.5	1.0	7.1	6	2.0	2.0	1.0	2.0	1.0	0.5	2.5	4	0.0	0.0	0.0	1.0	1.5	4.9	15
2026-09-07	GGB	4.96999979019165	6.6	10	1.5	2.0	1.0	1.5	2.0	2.0	0.0	1.0	0.5	1.0	2.0	5.0	6	0.0	1.0	1.0	2.0	1.0	1.0	3.0	5	1.0	1.5	0.0	0.0	0.5	6.1	16
2026-09-07	GGG	77.87999725341797	6.6	9	1.0	2.0	1.0	1.0	0.0	2.0	1.0	1.0	1.5	2.0	2.0	5.4	6	1.0	0.0	1.0	1.5	2.0	1.0	2.5	5	1.0	0.5	0.0	0.0	1.0	6.2	15
2026-09-07	GGP.L	620.0	5.9	8	1.0	1.5	1.0	1.0	1.0	1.5	1.0	1.0	2.0	1.0	1.0	7.5	4	2.0	1.0	1.0	1.0	2.0	2.0	2.5	3	1.0	0.5	0.0	0.0	1.0	6.4	12
2026-09-07	GGR	2.6600000858306885														4.2	3	1.0	1.0	1.0	1.0	0.0	1.0	5.0	5	1.0	1.0	0.0	2.0	1.0	4.2	3
2026-09-07	GH	161.41000366210938	6.8	9	2.0	1.5	1.0	1.0	2.0	1.0	1.5	1.0	1.0	2.0	1.0	5.4	5	1.0	2.0	1.0	0.5	0.0	2.0	4.5	4	1.5	1.0	0.0	1.0	1.0	6.4	14
2026-09-07	GHC	1135.8900146484375														3.8	5	0.0	1.0	1.0	0.0	1.5	1.0	2.5	5	0.5	0.0	0.0	0.5	1.5	3.8	5
2026-09-07	GHH.L	1205.0	6.6	7	1.0	1.0	1.0	1.0	2.0	2.0	1.0	1.0	0.5	2.0	2.0	4.6	4	0.0	1.0	1.0	1.0	1.0	1.5	4.0	4	1.0	1.5	0.0	0.5	1.0	6.0	11
2026-09-07	GHM	87.77999877929688	6.8	9	2.0	2.0	1.0	1.0	0.0	2.0	2.0	1.0	1.0	2.0	1.0	3.8	6	0.5	0.0	1.0	0.0	1.0	2.0	2.0	5	1.0	0.0	0.0	0.0	1.0	5.9	15
2026-09-07	GHRS	28.229999542236328	6.4	9	2.0	2.0	1.0	0.5	2.0	1.0	1.5	1.0	0.0	2.0	1.0	4.6	4	1.0	0.0	1.0	2.0	0.5	1.0	4.0	5	1.5	1.0	0.0	0.0	1.5	5.9	13
2026-09-07	GIB	73.6500015258789	5.7	8	1.0	1.5	1.0	1.0	1.0	1.5	1.0	1.0	1.5	2.0	0.0	5.8	6	1.5	1.0	1.0	1.0	1.5	1.0	2.5	5	0.0	0.0	0.0	0.5	2.0	5.7	14
2026-09-07	GIC	39.810001373291016														5.0	5	1.5	1.0	1.0	0.5	1.0	1.0	3.0	5	0.5	1.5	0.0	0.0	1.0	5.0	5
2026-09-07	GIII	27.739999771118164	5.9	7	1.5	2.0	1.0	0.0	0.0	1.5	2.0	1.0	1.0	2.0	1.0	6.7	6	1.5	2.0	1.0	2.0	1.0	0.5	5.0	5	1.5	0.5	1.0	0.0	2.0	6.1	13
2026-09-07	GIL	53.400001525878906	6.6	9	2.0	2.0	1.0	1.0	0.0	1.0	1.5	1.0	1.0	2.0	2.0	6.7	6	2.0	0.0	1.0	2.0	1.0	2.0	4.0	5	1.0	0.5	0.0	1.0	1.5	6.6	15
2026-09-07	GILD	151.0	6.8	10	2.0	1.5	1.0	2.0	2.0	1.5	1.5	0.5	0.0	2.0	1.0	5.4	6	1.0	1.0	1.0	2.0	0.0	1.5	3.5	5	0.0	1.0	0.0	1.5	1.0	6.4	16
2026-09-07	GILT	10.119999885559082	7.0	9	1.5	2.0	1.0	1.5	0.0	2.0	2.0	1.0	1.0	1.5	2.0	2.9	6	0.0	0.0	1.0	0.0	1.0	1.5	3.5	5	1.0	1.5	0.0	0.0	1.0	5.8	15
2026-09-07	GIMB.BR	44.79999923706055														6.2	4	0.5	1.0	1.0	1.0	2.0	2.0	3.0	4	0.5	0.5	1.0	0.0	1.0	6.2	4
2026-09-07	GIS	38.290000915527344	4.5	10	0.5	0.5	1.0	0.5	1.0	2.0	1.5	1.0	0.0	2.0	0.0	2.1	6	0.0	0.0	1.0	0.0	0.5	1.0	3.0	5	0.0	0.5	0.0	1.5	1.0	3.8	16
2026-09-07	GIVN.ZU	3250.0	5.0	8	1.0	1.0	1.0	1.0	1.0	1.5	1.0	0.0	1.5	1.0	1.0	4.2	4	0.0	1.0	1.0	1.0	1.5	0.5	3.0	4	0.5	0.5	0.0	1.0	1.0	4.8	12
2026-09-07	GIX	9.989999771118164														4.6	2	1.0	1.0	1.0	1.0	0.5	1.0	3.5	3	1.0	1.5	0.0	1.0	0.0	4.6	2
2026-09-07	GKOS	177.47000122070312	6.8	10	2.0	1.5	1.0	1.0	2.0	2.0	2.0	0.5	0.0	2.0	1.0	5.0	5	1.0	0.0	1.0	2.0	0.0	2.0	2.5	5	0.5	1.0	0.0	0.0	1.0	6.3	15
2026-09-07	GKP.L	189.8000030517578	7.0	7	1.5	2.0	1.0	1.0	2.0	2.0	1.0	1.0	1.0	1.0	2.0	5.0	4	1.0	1.0	1.0	1.0	1.5	0.5	1.0	4	0.0	0.0	0.0	0.0	1.0	6.4	11
2026-09-07	GL	174.27000427246094	6.6	9	2.0	1.5	1.0	2.0	1.0	1.5	1.0	1.0	1.5	2.0	0.0	7.1	6	1.5	2.0	1.0	1.5	1.5	1.0	1.0	5	0.0	0.5	0.0	0.5	0.0	6.7	15
2026-09-07	GLBE	38.369998931884766	7.3	10	1.5	2.0	1.0	1.5	1.0	2.0	2.0	0.0	1.5	1.5	2.0	5.0	6	0.0	0.0	1.0	1.5	1.5	2.0	2.0	5	1.0	0.5	0.0	0.0	0.5	6.6	16
2026-09-07	GLBS	3.690000057220459	7.0	9	1.5	2.0	1.0	1.5	2.0	2.0	2.0	1.0	0.5	0.0	2.0	7.5	5	1.5	1.0	1.0	2.0	1.5	2.0	3.0	5	0.0	1.5	0.0	0.5	1.0	7.1	14
2026-09-07	GLE.L	260.0	4.5	7	0.5	0.5	1.0	1.0	0.0	2.0	1.0	1.0	0.5	1.5	1.0	5.4	4	1.5	1.0	1.0	1.0	1.0	1.0	2.5	4	0.5	1.0	0.0	0.0	1.0	4.8	11
2026-09-07	GLE.PA	74.18000030517578	6.4	8	1.5	1.5	1.0	1.0	1.0	2.0	2.0	0.5	1.0	1.5	1.0	6.2	5	1.0	1.0	1.0	1.5	2.0	1.0	3.5	3	1.0	0.5	0.0	1.0	1.0	6.3	13
2026-09-07	GLEN.L	601.7000122070312	6.6	8	1.5	1.5	1.0	1.0	2.0	1.5	1.0	1.0	1.5	1.5	1.0	6.7	4	2.0	1.0	1.0	1.0	1.0	2.0	3.0	4	0.5	0.5	0.0	1.0	1.0	6.6	12
2026-09-07	GLFE	7.800000190734863														5.0	4	1.5	1.0	1.0	1.0	0.5	1.0	4.5	4	2.0	1.0	0.0	1.0	0.5	5.0	4
2026-09-07	GLIBA	26.6200008392334														3.8	3	1.0	1.0	1.0	1.0	0.0	0.5	3.5	4	1.0	0.5	0.0	0.5	1.5	3.8	3
2026-09-07	GLIBK	26.270000457763672														3.8	3	1.0	1.0	1.0	1.0	0.0	0.5	3.5	4	1.0	0.5	0.0	0.5	1.5	3.8	3
2026-09-07	GLINT.LS	1.2699999809265137														5.8	4	1.5	1.0	1.0	1.0	1.0	1.5	2.5	4	0.0	1.0	0.0	0.5	1.0	5.8	4
2026-09-07	GLJ.DE	12.079999923706055	6.1	8	1.5	2.0	1.0	1.0	1.0	2.0	0.5	1.0	1.0	0.5	2.0	6.7	4	2.0	1.0	1.0	1.0	1.5	1.5	5.5	4	1.5	1.0	0.0	2.0	1.0	6.3	12
2026-09-07	GLNG	52.119998931884766	7.0	9	1.5	2.0	1.0	1.0	2.0	2.0	0.0	1.0	1.0	2.0	2.0	7.5	6	0.0	2.0	1.0	2.0	2.0	2.0	2.5	5	0.0	0.5	0.0	1.0	1.0	7.1	15
2026-09-07	GLO.PA	28.200000762939453														5.4	4	1.5	1.0	1.0	1.0	1.0	1.0	4.5	4	1.0	0.5	0.0	2.0	1.0	5.4	4
2026-09-07	GLOB	39.130001068115234	5.9	10	1.0	1.5	1.0	0.5	1.0	1.5	1.0	0.5	1.0	2.0	2.0	5.4	6	2.0	2.0	1.0	0.0	1.0	0.5	2.5	5	1.0	0.5	0.0	0.0	1.0	5.8	16
2026-09-07	GLOO	3.0950000286102295	4.8	9	2.0	2.0	1.0	1.0	0.0	1.0	0.0	2.0	0.0	1.5	0.0	5.8	4	1.0	1.0	1.0	2.0	0.0	2.0	3.5	4	1.0	2.0	0.0	0.0	0.5	5.1	13
2026-09-07	GLP	52.70000076293945														5.8	5	0.0	1.0	1.0	2.0	1.0	2.0	5.0	5	1.0	1.5	0.0	2.0	0.5	5.8	5
2026-09-07	GLPI	41.91999816894531	6.6	10	1.5	1.5	1.0	1.5	0.0	1.5	2.0	1.0	1.5	2.0	1.0	5.0	6	1.5	0.0	1.0	0.5	2.0	1.0	4.5	5	0.5	1.5	0.0	1.5	1.0	6.1	16
2026-09-07	GLRE	15.420000076293945														4.2	4	1.0	1.0	1.0	1.0	1.0	0.0	1.0	5	0.0	0.0	0.0	0.0	1.0	4.2	4
2026-09-07	GLUE	13.84000015258789	4.5	9	2.0	2.0	1.0	0.0	0.0	1.0	0.0	1.0	0.0	2.0	1.0	4.6	5	1.0	1.0	1.0	2.0	0.5	0.0	3.5	5	1.5	0.0	0.0	0.0	2.0	4.5	14
2026-09-07	GLW	154.3000030517578	7.0	9	1.5	2.0	1.0	1.5	1.0	1.0	1.0	1.0	1.5	2.0	2.0	6.2	6	2.0	0.0	1.0	1.5	1.5	1.5	2.0	5	1.0	0.0	0.0	0.5	0.5	6.8	15
2026-09-07	GLXY	26.329999923706055	7.0	10	2.0	2.0	1.0	0.5	2.0	1.0	2.0	1.0	0.0	2.0	2.0	2.5	5	1.0	0.0	1.0	0.0	0.5	0.5	5.0	5	2.0	0.5	0.0	1.5	1.0	5.6	15
2026-09-07	GM	87.76000213623047	7.7	10	2.0	2.0	1.0	1.5	2.0	1.5	2.0	1.5	0.5	2.0	1.0	5.8	6	2.0	0.0	1.0	2.0	1.0	1.0	5.0	5	1.5	1.0	0.0	1.5	1.0	7.1	16
2026-09-07	GMAB.CO	2165.0														6.2	5	0.0	1.0	1.0	2.0	1.5	2.0	3.5	4	0.5	1.0	0.0	1.0	1.0	6.2	5
2026-09-07	GMAB.US	33.599998474121094	7.7	10	2.0	1.5	1.0	2.0	2.0	1.5	1.5	2.0	1.0	0.5	2.0	7.1	6	0.0	2.0	1.0	2.0	1.5	2.0	3.5	5	0.5	1.0	0.0	1.0	1.0	7.5	16
2026-09-07	GMD.ASX	8.170000076293945	7.3	8	2.0	1.5	1.0	1.0	2.0	1.0	1.0	1.0	2.0	1.5	2.0	6.7	4	1.0	1.0	1.0	1.0	2.0	2.0	3.5	4	1.5	1.0	0.0	0.0	1.0	7.1	12
2026-09-07	GME	19.15999984741211														7.9	5	2.0	1.0	1.0	2.0	2.0	1.5	4.5	5	1.5	1.0	0.0	0.5	1.5	7.9	5
2026-09-07	GME.DE	2.5299999713897705														5.0	4	2.0	1.0	0.0	1.0	0.5	1.5	5.0	4	0.0	2.0	2.0	0.0	1.0	5.0	4
2026-09-07	GMED	78.29000091552734	6.4	9	1.5	2.0	1.0	1.0	0.0	1.5	2.0	1.0	1.0	2.0	1.0	7.1	6	1.5	2.0	1.0	1.5	1.5	1.0	2.0	5	1.0	0.0	0.0	0.0	1.0	6.6	15
2026-09-07	GMG.ASX	27.56999969482422	6.4	8	2.0	2.0	1.0	1.0	0.0	2.0	1.0	1.5	1.0	1.5	1.0	6.2	4	0.5	1.0	1.0	1.0	2.0	2.0	2.5	4	1.0	0.5	0.0	0.0	1.0	6.3	12
2026-09-07	GMM.DE	12.399999618530273														5.0	4	1.0	1.0	1.0	1.0	1.0	1.0	4.0	4	1.0	1.0	0.0	1.0	1.0	5.0	4
2026-09-07	GMR.L	30.100000381469727	5.7	7	1.5	2.0	1.0	1.0	0.0	2.0	1.0	1.0	1.5	0.5	1.0	5.4	4	1.0	1.0	1.0	1.0	1.5	1.0	3.0	4	0.5	1.5	0.0	0.0	1.0	5.6	11
2026-09-07	GMRS	13.460000038146973	5.9	7	2.0	2.0	1.0	1.0	0.5	0.5	0.0	1.0	1.0	2.0	2.0	5.0	3	1.0	1.0	1.0	1.0	1.0	1.0	4.0	4	1.0	0.0	0.0	2.0	1.0	5.6	10
2026-09-07	GMS.L	18.520000457763672														6.7	4	1.0	1.0	2.0	1.0	1.5	1.5	4.0	4	0.5	0.0	2.0	0.5	1.0	6.7	4
2026-09-07	GN.CO	96.13999938964844														3.3	5	1.0	1.0	1.0	0.0	0.5	0.5	4.0	4	1.5	0.5	0.0	1.0	1.0	3.3	5
2026-09-07	GNC.ASX	6.849999904632568	5.7	8	1.5	1.5	1.0	1.0	1.5	1.5	1.0	1.5	0.0	1.0	1.0	5.0	4	2.0	1.0	1.0	1.0	0.5	0.5	2.0	4	0.0	0.0	0.0	1.0	1.0	5.5	12
2026-09-07	GNC.L	255.1999969482422	4.8	7	1.0	0.0	1.0	1.0	2.0	2.0	1.0	1.0	0.5	1.0	0.0	5.0	4	0.0	1.0	1.0	1.0	1.0	2.0	3.0	4	1.0	0.0	0.0	1.0	1.0	4.9	11
2026-09-07	GNE	15.510000228881836	7.0	9	1.0	1.0	1.0	1.5	2.0	2.0	2.0	1.0	1.0	1.0	2.0	5.8	6	1.5	1.0	1.0	2.0	1.0	0.5	2.0	5	0.0	0.5	0.0	0.0	1.5	6.6	15
2026-09-07	GNFT.PA	13.779999732971191														5.0	3	1.0	1.0	1.0	1.0	0.0	2.0	4.0	3	1.0	1.0	0.0	1.0	1.0	5.0	3
2026-09-07	GNK.US	27.649999618530273	7.5	9	1.5	1.5	1.0	1.5	2.0	2.0	2.0	1.0	0.5	1.5	2.0	5.4	6	0.5	0.0	1.0	2.0	1.0	2.0	4.5	5	1.0	2.0	0.0	0.5	1.0	6.9	15
2026-09-07	GNL	9.119999885559082	6.8	9	1.5	2.0	1.0	2.0	1.0	2.0	1.5	1.0	0.0	2.0	1.0	2.9	4	1.0	1.0	1.0	0.0	0.5	0.0	2.5	5	1.0	0.0	0.0	1.5	0.0	5.6	13
2026-09-07	GNLX	2.440000057220459	5.5	9	1.5	2.0	1.0	1.0	0.0	2.0	0.5	1.0	0.0	1.0	2.0	5.0	3	1.0	1.0	1.0	1.5	0.5	1.0	4.5	5	0.5	2.0	0.0	0.0	2.0	5.3	12
2026-09-07	GNRC	187.35000610351562	6.8	9	1.5	2.0	1.0	1.5	0.0	1.0	2.0	1.0	1.0	2.0	2.0	5.0	6	2.0	0.0	1.0	0.5	1.0	1.5	3.5	5	2.0	0.5	0.0	0.5	0.5	6.3	15
2026-09-07	GNS.L	2264.0	7.0	8	1.5	2.0	1.0	1.0	1.0	2.0	1.0	1.0	1.0	2.0	2.0	4.2	4	0.5	1.0	1.0	1.0	1.0	0.5	3.0	4	1.0	0.5	0.0	0.5	1.0	6.2	12
2026-09-07	GNS.US	0.1809999942779541														4.6	2	1.0	1.0	1.0	1.0	0.5	1.0	4.5	5	2.0	1.5	0.0	0.0	1.0	4.6	2
2026-09-07	GNTX	23.139999389648438	6.6	9	1.5	2.0	1.0	1.0	0.0	2.0	1.5	1.0	1.5	2.0	1.0	6.7	6	2.0	2.0	1.0	1.0	1.5	0.5	2.5	5	0.5	0.5	0.0	0.0	1.5	6.6	15
2026-09-07	GNW	10.350000381469727	7.0	9	1.5	1.5	1.0	1.5	2.0	2.0	1.5	1.0	0.5	2.0	1.0	5.0	5	2.0	0.0	1.0	1.0	1.0	1.0	2.5	5	1.0	1.0	0.0	0.0	0.5	6.4	14
2026-09-07	GO	12.380000114440918	5.7	10	1.0	0.5	1.0	0.0	2.0	2.0	2.0	1.0	0.0	2.0	1.0	4.6	5	1.0	2.0	1.0	0.0	0.5	1.0	3.5	5	0.5	0.0	0.0	1.5	1.5	5.4	15
2026-09-07	GOEVQ	0.0010999999940395355														5.4	3	1.0	1.0	1.0	1.0	0.5	2.0	4.5	5	2.0	2.0	0.0	0.5	0.0	5.4	3
2026-09-07	GOFORE.HE	11.65999984741211														5.8	5	1.0	1.0	1.0	1.0	1.0	2.0	1.5	4	0.0	0.0	0.0	0.5	1.0	5.8	5
2026-09-07	GOGO	2.8399999141693115	5.2	9	1.5	2.0	1.0	0.5	0.0	2.0	0.0	1.0	0.0	1.5	2.0	2.5	5	1.0	0.0	1.0	0.0	0.5	0.5	6.0	5	1.0	1.5	0.0	2.0	1.5	4.4	14
2026-09-07	GOLD.US	46.130001068115234	6.1	9	2.0	2.0	1.0	0.5	2.0	1.5	0.0	1.0	1.0	1.5	1.0	5.4	6	1.0	1.0	1.5	0.0	1.0	2.0	5.0	5	0.5	0.0	2.0	1.0	1.5	5.9	15
2026-09-07	GOLF	86.87999725341797	5.5	9	1.0	1.5	1.0	0.5	0.0	1.5	0.0	1.0	2.0	1.5	2.0	4.6	6	0.5	1.0	1.0	0.5	1.0	1.5	4.0	5	1.0	0.5	0.0	1.0	1.5	5.2	15
2026-09-07	GOOD	13.109999656677246	7.5	9	1.5	1.5	1.0	1.0	2.0	2.0	2.0	1.0	1.0	1.5	2.0	5.8	5	0.0	1.0	1.0	2.0	1.5	1.5	6.0	5	1.0	1.5	0.0	2.0	1.5	7.0	14
2026-09-07	GOOG	335.30999755859375	8.0	9	2.0	2.0	1.0	1.0	1.0	2.0	2.0	1.0	2.0	1.5	2.0	7.9	6	1.5	2.0	1.0	1.0	2.0	2.0	2.0	5	1.5	0.0	0.0	0.0	0.5	8.0	15
2026-09-07	GOOG.24-7	335.30999755859375														7.1	5	1.5	1.0	1.0	1.0	2.0	2.0	2.0	5	1.5	0.0	0.0	0.0	0.5	7.1	5
2026-09-07	GOOG.EUR	335.30999755859375	8.0	9	2.0	2.0	1.0	1.0	1.0	2.0	2.0	1.0	2.0	1.5	2.0	7.9	6	1.5	2.0	1.0	1.0	2.0	2.0	2.0	5	1.5	0.0	0.0	0.0	0.5	8.0	15
2026-09-07	GOOGL	338.4599914550781	8.4	10	2.0	2.0	1.0	2.0	1.0	1.5	2.0	1.0	2.0	2.0	2.0	7.9	6	1.5	2.0	1.0	1.0	2.0	2.0	2.0	5	1.5	0.0	0.0	0.0	0.5	8.2	16
2026-09-07	GOOS	8.140000343322754	5.0	9	0.5	1.5	1.0	0.5	0.0	1.5	0.5	1.0	1.0	1.5	2.0	4.6	5	1.0	1.0	1.0	0.0	1.0	1.5	6.0	5	1.5	2.0	0.0	1.5	1.0	4.9	14
2026-09-07	GOSS	0.17499999701976776	4.5	8	1.0	2.0	1.0	0.5	1.0	0.0	0.5	1.0	1.0	2.0	0.0	4.2	4	1.0	1.0	1.0	2.0	0.0	0.0	5.5	4	2.0	2.0	0.0	1.0	0.5	4.4	12
2026-09-07	GOTU	2.200000047683716														5.4	3	1.0	1.0	1.0	1.0	0.5	2.0	3.5	5	0.5	0.5	0.0	1.0	1.5	5.4	3
2026-09-07	GOZ.ASX	2.069999933242798	4.5	7	1.5	2.0	1.0	1.0	0.0	2.0	1.0	1.0	0.5	0.0	0.0	5.4	4	0.5	1.0	1.0	1.0	2.0	1.0	4.5	4	1.0	1.5	0.0	1.0	1.0	4.8	11
2026-09-07	GPC	138.0800018310547	5.9	9	1.5	1.0	1.0	1.0	2.0	1.5	0.5	1.0	0.5	2.0	1.0	6.2	6	1.5	2.0	1.0	1.0	1.0	1.0	3.0	5	0.5	0.5	0.0	1.0	1.0	6.0	15
2026-09-07	GPCR	47.34000015258789	5.5	10	2.0	2.0	1.0	0.5	0.0	0.5	2.0	1.0	0.0	2.0	1.0	3.8	4	1.0	1.0	1.0	0.0	0.5	1.0	3.5	5	1.5	0.0	0.0	0.0	2.0	5.0	14
2026-09-07	GPE.L	335.20001220703125	5.0	8	0.5	0.5	1.0	1.0	1.0	2.0	1.0	1.0	1.0	2.0	0.0	5.8	4	0.0	1.0	1.0	1.0	2.0	2.0	2.5	4	1.0	0.0	0.0	0.5	1.0	5.2	12
2026-09-07	GPE.PA	62.099998474121094														4.6	3	0.5	1.0	1.0	1.0	1.0	1.0	2.5	4	0.0	0.5	0.0	1.0	1.0	4.6	3
2026-09-07	GPGI	13.630000114440918	5.2	9	1.0	1.5	1.0	0.0	0.0	2.0	2.0	1.0	0.0	2.0	1.0	5.0	4	1.0	1.0	0.5	2.0	0.5	1.0	7.0	4	1.0	1.0	2.0	1.0	2.0	5.1	13
2026-09-07	GPI	300.760009765625	5.7	9	1.5	1.5	1.0	0.5	1.0	1.5	0.5	1.0	1.0	2.0	1.0	4.2	6	2.0	0.0	1.5	0.0	1.0	0.5	5.0	5	1.0	0.5	1.0	1.5	1.0	5.2	15
2026-09-07	GPK	10.430000305175781	5.9	9	1.0	1.5	1.0	1.0	0.0	1.5	2.0	1.0	1.0	2.0	1.0	2.5	6	0.5	0.0	1.0	0.0	1.0	0.5	4.0	5	0.5	1.0	0.0	1.5	1.0	4.9	15
2026-09-07	GPMT	1.0399999618530273	5.7	9	1.0	2.0	1.0	2.0	0.0	2.0	1.5	1.0	0.0	1.0	1.0	4.2	4	1.0	2.0	0.5	0.0	0.5	1.0	6.5	5	1.5	2.0	1.0	1.5	0.5	5.2	13
2026-09-07	GPN	92.54000091552734	6.1	10	1.5	1.5	1.0	1.0	2.0	1.5	1.0	1.5	0.5	2.0	0.0	6.7	6	2.0	2.0	1.0	0.5	0.5	2.0	4.0	5	0.5	1.5	0.0	1.0	1.0	6.3	16
2026-09-07	GPOR	179.39999389648438	6.6	9	1.5	2.0	1.0	1.0	1.0	2.0	1.0	1.0	2.0	2.0	0.0	5.8	6	2.0	2.0	1.0	0.0	2.0	0.0	1.5	5	0.0	0.0	0.0	0.5	1.0	6.4	15
2026-09-07	GPRE	15.449999809265137	7.3	9	1.5	2.0	1.0	0.0	1.0	2.0	2.0	1.0	1.5	2.0	2.0	5.8	6	1.5	2.0	1.0	1.5	1.0	0.0	3.0	5	1.0	0.0	0.0	0.5	1.5	6.8	15
2026-09-07	GPRK	11.5600004196167														6.2	4	2.0	1.0	0.5	1.0	1.5	1.5	3.5	5	0.0	0.5	1.0	1.5	0.5	6.2	4
2026-09-07	GPRO	1.7000000476837158	3.4	9	0.5	0.0	1.0	0.5	1.5	2.0	0.0	1.0	0.0	1.0	0.0	5.0	5	2.0	1.0	2.0	1.0	0.0	0.0	6.0	4	2.0	0.0	2.0	1.0	1.0	3.9	14
2026-09-07	GPT.ASX	4.579999923706055	5.0	8	1.5	2.0	1.0	1.0	0.0	2.0	1.0	0.0	1.0	1.5	0.0	5.4	4	1.0	1.0	1.0	1.0	2.0	0.5	3.5	4	1.0	1.0	0.0	0.5	1.0	5.1	12
2026-09-07	GRAB	3.4200000762939453	7.0	9	2.0	2.0	1.0	1.0	0.0	2.0	2.0	1.0	1.0	1.5	2.0	5.4	6	2.0	0.0	1.0	0.0	1.5	2.0	3.5	5	1.0	1.5	0.0	0.0	1.0	6.5	15
2026-09-07	GRAL	80.33999633789062	5.7	10	1.5	0.5	1.0	0.5	2.0	1.0	2.0	1.0	0.0	2.0	1.0	5.0	5	1.0	2.0	1.0	0.0	0.0	2.0	4.0	5	2.0	0.0	0.0	0.0	2.0	5.5	15
2026-09-07	GRBK	71.08999633789062														6.2	5	1.5	1.0	1.0	2.0	1.5	0.5	1.5	5	1.5	0.0	0.0	0.0	0.0	6.2	5
2026-09-07	GRC.US	75.33999633789062														5.8	5	1.0	1.0	1.0	2.0	1.0	1.0	3.5	5	1.5	0.5	0.0	0.5	1.0	5.8	5
2026-09-07	GRCL.CVR		5.0	0	1.0	1.0	1.0	1.0	1.0	1.0	1.0	1.0	1.0	1.0	1.0																5.0	0
2026-09-07	GRDN	40.77000045776367	8.2	10	2.0	1.5	1.0	1.0	2.0	2.0	2.0	1.0	2.0	1.5	2.0	5.0	6	0.5	1.0	1.0	1.5	1.0	1.0	3.0	4	1.0	0.5	0.0	0.0	1.5	7.2	16
2026-09-07	GRE.MC	86.0	5.5	8	1.5	2.0	1.0	1.0	0.0	2.0	1.0	1.0	1.0	0.5	1.0	4.6	5	0.5	1.0	1.0	2.0	1.0	0.0	5.0	4	1.5	0.5	0.0	2.0	1.0	5.2	13
2026-09-07	GRF.MC	9.894000053405762														6.2	5	2.0	1.0	1.0	2.0	1.0	0.5	3.5	4	1.0	0.5	0.0	1.0	1.0	6.2	5
2026-09-07	GRFS	7.800000190734863														5.8	5	2.0	1.0	1.0	1.5	1.0	0.5	3.5	5	1.0	0.5	0.0	1.0	1.0	5.8	5
2026-09-07	GRG.L	1865.0	6.4	7	2.0	1.5	1.0	1.0	2.0	1.5	1.0	1.0	1.5	1.5	0.0	5.4	4	1.5	1.0	1.0	1.0	1.0	1.0	3.0	4	1.0	0.5	0.0	0.5	1.0	6.1	11
2026-09-07	GRI.L	168.0	5.9	8	1.5	2.0	1.0	1.0	0.0	1.5	1.0	1.0	1.0	2.0	1.0	5.8	4	2.0	1.0	1.0	1.0	2.0	0.0	3.0	4	0.5	0.5	0.0	1.0	1.0	5.9	12
2026-09-07	GRK.HE	21.850000381469727														5.4	5	1.0	1.0	1.0	2.0	1.0	0.5	4.5	3	1.0	1.5	1.0	0.0	1.0	5.4	5
2026-09-07	GRLA.CO	1045.0														6.2	4	1.5	1.0	1.0	1.0	2.0	1.0	2.0	3	0.0	0.0	0.0	1.0	1.0	6.2	4
2026-09-07	GRMN	277.0299987792969	7.0	9	1.0	1.5	1.0	1.5	2.0	1.5	2.0	1.0	1.5	1.5	1.0	7.1	6	0.5	2.0	1.0	1.5	2.0	1.5	2.5	5	1.0	0.5	0.0	0.0	1.0	7.0	15
2026-09-07	GRND	15.25	6.4	9	1.5	2.0	1.0	0.5	1.0	2.0	1.5	1.0	2.0	0.5	1.0	6.7	6	0.5	2.0	1.0	1.0	1.5	2.0	2.0	4	0.0	0.0	0.0	1.0	1.0	6.5	15
2026-09-07	GRNT	5.079999923706055	5.7	9	1.5	2.0	1.0	1.0	2.0	1.0	0.0	1.0	0.0	2.0	1.0	4.6	5	1.0	1.0	1.0	0.0	0.5	2.0	2.5	5	0.0	0.0	0.0	1.0	1.5	5.4	14
2026-09-07	GROW.L	683.0	6.4	4	1.5	1.5	1.0	1.0	2.0	2.0	1.0	1.0	1.0	1.0	1.0	5.8	2	2.0	1.0	1.0	1.0	1.0	1.0	4.5	2	1.0	1.5	0.0	1.0	1.0	6.2	6
2026-09-07	GROY	3.3499999046325684	6.1	10	2.0	2.0	1.0	1.5	1.0	1.0	2.0	1.0	0.5	0.5	1.0	4.2	6	0.0	1.0	1.0	0.0	1.0	2.0	2.5	5	1.0	0.5	0.0	0.0	1.0	5.5	16
2026-09-07	GRPN	18.8700008392334	4.8	8	1.0	2.0	1.0	0.0	1.0	1.5	0.0	1.0	1.0	2.0	0.0	2.1	5	0.0	1.0	1.0	0.0	0.0	0.5	2.5	4	0.0	0.0	0.0	1.0	1.5	4.0	13
2026-09-07	GRRR	13.789999961853027	5.0	9	1.5	2.0	1.0	0.0	1.0	2.0	0.0	1.0	0.0	0.5	2.0	4.2	4	1.0	1.0	1.0	0.0	0.0	2.0	2.0	5	0.0	0.5	0.0	0.5	1.0	4.8	13
2026-09-07	GRSD	1.899999976158142	5.5	9	1.5	2.0	1.0	1.5	0.0	2.0	2.0	1.0	0.0	1.0	0.0	2.9	4	1.0	1.0	1.0	0.0	0.0	0.5	3.5	5	0.5	1.5	0.0	1.0	0.5	4.7	13
2026-09-07	GRVO.PA	17.850000381469727														3.8	4	0.0	1.0	1.0	1.0	1.0	0.5	3.5	4	1.0	0.5	0.0	1.0	1.0	3.8	4
2026-09-07	GRVY	72.98999786376953														5.8	4	2.0	1.0	1.0	1.0	1.5	0.5	4.0	5	1.0	1.0	2.0	0.0	0.0	5.8	4
2026-09-07	GRWG	1.6449999809265137	6.4	9	1.5	2.0	1.0	1.5	2.0	2.0	1.0	1.0	0.0	1.0	1.0	5.0	5	1.0	1.0	1.0	2.0	0.0	1.0	2.5	5	2.0	0.0	0.0	0.0	0.5	6.0	14
2026-09-07	GS	1038.6099853515625	7.5	9	1.5	1.5	1.0	1.5	1.0	1.5	2.0	1.0	1.5	2.0	2.0	7.1	6	1.5	0.0	1.0	2.0	2.0	2.0	5.0	5	1.5	0.5	0.0	2.0	1.0	7.4	15
2026-09-07	GSAT	82.33999633789062	5.5	9	1.0	1.5	1.0	1.0	2.0	2.0	0.0	1.0	0.0	0.5	2.0	5.4	5	2.0	1.0	1.0	2.0	0.0	0.5	5.0	5	1.5	1.5	0.0	1.0	1.0	5.5	14
2026-09-07	GSBC	80.23999786376953	6.4	8	1.0	0.5	1.0	1.0	2.0	2.0	2.0	1.0	1.0	1.5	1.0	5.4	6	1.0	1.0	1.0	1.0	2.0	0.5	4.0	4	0.5	1.5	0.0	1.0	1.0	6.1	14
2026-09-07	GSBD	9.979999542236328	4.8	9	0.5	0.5	1.0	1.0	2.0	1.5	1.5	1.0	0.5	1.0	0.0	6.7	6	1.0	2.0	1.0	2.0	1.5	0.5	3.0	5	0.5	0.0	0.0	1.0	1.5	5.4	15
2026-09-07	GSC1.DE	14.449999809265137														5.8	4	1.5	1.0	1.0	1.0	1.0	1.5	2.0	4	0.0	0.5	0.0	0.5	1.0	5.8	4
2026-09-07	GSHD	65.20999908447266	6.8	8	1.0	1.0	1.0	0.5	2.0	1.5	2.0	1.0	1.0	2.0	2.0	4.2	6	0.0	1.0	1.0	0.0	1.0	2.0	3.5	4	1.5	0.0	0.0	1.0	1.0	6.0	14
2026-09-07	GSIT	5.349999904632568														4.2	3	1.0	1.0	1.0	1.0	0.0	1.0	4.5	5	2.0	1.0	0.0	0.0	1.5	4.2	3
2026-09-07	GSK	49.88999938964844	6.6	10	1.5	2.0	1.0	2.0	0.0	2.0	2.0	1.5	2.0	0.5	0.0	2.9	6	0.0	0.0	1.0	0.0	1.5	1.0	2.0	5	0.0	0.0	0.0	1.0	1.0	5.5	16
2026-09-07	GSK.L	1846.5	5.5	9	1.0	1.5	1.0	1.0	0.0	1.0	1.5	2.0	2.0	1.0	0.0	3.8	5	0.0	1.0	1.0	0.0	1.5	1.0	2.0	4	0.0	0.0	0.0	1.0	1.0	5.0	14
2026-09-07	GSL	46.400001525878906	7.7	9	1.5	1.5	1.0	2.0	2.0	2.0	1.5	1.0	1.5	1.0	2.0	5.4	6	2.0	0.0	1.0	0.5	2.0	1.0	4.0	5	1.0	2.0	0.0	0.5	0.5	7.0	15
2026-09-07	GSM	4.670000076293945	6.4	9	1.5	2.0	1.0	1.5	2.0	2.0	0.5	1.0	0.0	1.5	1.0	3.3	5	1.0	1.0	1.0	0.0	0.5	0.5	2.0	5	1.0	0.0	0.0	0.5	0.5	5.5	14
2026-09-07	GT	6.25	5.9	9	1.5	2.0	1.0	0.5	0.0	2.0	2.0	1.0	0.0	2.0	1.0	4.6	6	2.0	2.0	1.0	0.0	0.0	0.5	5.0	5	1.0	1.0	0.0	2.0	1.0	5.5	15
2026-09-07	GTES	25.950000762939453	6.8	9	1.5	2.0	1.0	1.5	1.0	1.5	1.5	1.0	1.0	2.0	1.0	5.8	6	1.0	1.0	1.0	1.5	1.5	1.0	3.0	5	1.5	0.0	0.0	0.5	1.0	6.5	15
2026-09-07	GTK.DE	6.849999904632568														3.3	3	1.0	1.0	1.0	1.0	0.0	0.0	5.0	4	0.0	0.5	2.0	1.5	1.0	3.3	3
2026-09-07	GTLB	49.83000183105469	6.6	10	1.0	1.5	1.0	1.0	1.5	1.0	2.0	1.5	0.0	2.0	2.0	5.0	5	1.0	1.0	1.0	0.5	0.5	2.0	4.0	4	1.0	1.0	0.0	1.0	1.0	6.1	15
2026-09-07	GTLY.L	58.0														4.6	4	0.5	1.0	1.0	1.0	1.0	1.0	4.5	4	0.0	1.5	1.0	1.0	1.0	4.6	4
2026-09-07	GTM	4.130000114440918	4.5	9	1.0	2.0	1.0	0.5	1.0	0.0	1.5	1.0	0.0	2.0	0.0	3.8	5	1.0	0.0	1.0	1.5	0.0	1.0	4.5	5	1.0	1.0	0.0	1.5	1.0	4.3	14
2026-09-07	GTN	4.949999809265137	6.1	9	1.5	2.0	1.0	2.0	2.0	2.0	0.0	1.0	0.0	2.0	0.0	4.6	6	2.0	1.0	1.0	0.0	0.5	1.0	2.5	5	1.0	0.0	0.0	1.5	0.0	5.6	15
2026-09-07	GTT.PA	216.1999969482422	8.0	8	1.5	1.5	1.0	1.0	2.0	2.0	1.0	2.0	2.0	1.5	2.0	5.4	4	1.0	1.0	1.0	1.0	2.0	0.5	2.5	4	0.0	1.5	0.0	0.0	1.0	7.2	12
2026-09-07	GTX.US	27.969999313354492	7.5	8	2.0	2.0	1.0	1.5	1.0	2.0	2.0	1.0	1.0	2.0	1.0	5.0	6	1.0	0.0	1.0	2.0	1.0	1.0	2.5	4	0.5	0.5	0.0	1.0	0.5	6.8	14
2026-09-07	GTY	32.529998779296875	6.1	10	1.0	1.5	1.0	0.0	1.0	2.0	1.0	1.0	1.0	2.0	2.0	6.2	6	1.5	2.0	1.0	0.0	2.0	1.0	3.5	5	0.5	0.0	0.0	1.0	2.0	6.1	16
2026-09-07	GUBRA.CO	360.79998779296875														3.3	3	1.0	1.0	1.0	1.0	0.0	0.0	1.5	4	0.0	0.5	0.0	0.0	1.0	3.3	3
2026-09-07	GUI.PA	4.389999866485596														3.8	4	0.0	1.0	1.0	1.0	0.5	1.0	1.5	4	0.0	0.5	0.0	0.0	1.0	3.8	4
2026-09-07	GVA	119.30000305175781	5.9	9	1.5	2.0	1.0	0.5	0.0	2.0	2.0	1.0	0.0	2.0	1.0	7.1	6	2.0	1.0	1.0	2.0	0.5	2.0	4.5	5	1.5	0.5	0.0	1.5	1.0	6.3	15
2026-09-07	GVS.MI	4.764999866485596	6.4	8	1.5	2.0	1.0	1.0	2.0	1.5	0.5	1.0	1.0	0.5	2.0	5.0	5	1.0	1.0	1.0	1.0	1.0	1.0	3.0	4	1.0	0.5	0.0	0.5	1.0	6.0	13
2026-09-07	GWH	0.34200000762939453														2.9	4	1.0	1.0	1.0	0.0	0.5	0.0	5.5	4	1.5	2.0	0.0	1.0	1.0	2.9	4
2026-09-07	GWRE	162.4199981689453	7.7	11	2.0	2.0	1.0	1.0	2.0	1.5	2.0	0.5	1.0	2.0	2.0	4.6	6	2.0	1.0	0.0	0.0	1.0	1.5	4.5	5	1.0	0.0	2.0	0.5	1.0	6.8	17
2026-09-07	GWW	1324.489990234375	7.3	9	1.0	1.0	1.0	1.5	1.0	2.0	1.5	1.0	2.0	2.0	2.0	5.4	6	1.0	1.0	1.0	1.0	1.0	1.5	3.5	5	1.0	1.0	0.0	0.5	1.0	6.7	15
2026-09-07	GXI.DE	28.280000686645508	5.0	9	1.0	1.0	1.0	1.0	2.0	0.5	0.5	2.0	0.0	2.0	0.0	5.4	4	1.5	1.0	1.0	1.0	0.0	2.0	2.5	4	0.0	0.0	0.0	1.5	1.0	5.1	13
2026-09-07	GXO	48.31999969482422	5.7	9	2.0	2.0	1.0	1.0	0.0	1.0	2.0	1.0	0.5	2.0	0.0	5.4	6	1.5	2.0	1.0	0.0	1.0	1.0	5.0	5	1.5	1.0	0.0	1.5	1.0	5.6	15
2026-09-07	GYC.DE	9.369999885559082	4.5	8	1.0	0.5	1.0	1.0	0.0	2.0	1.0	1.0	1.0	0.5	1.0	6.7	4	2.0	1.0	1.0	1.0	2.0	1.0	3.0	4	1.0	0.5	0.0	0.5	1.0	5.2	12
2026-09-07	GYLDb.CO	368.0														6.2	4	2.0	1.0	1.0	1.0	1.0	1.5	3.0	4	0.0	0.5	1.0	0.5	1.0	6.2	4
2026-09-07	GYM.L	200.0	6.1	8	1.5	2.0	1.0	1.0	1.0	2.0	1.0	1.0	1.0	2.0	0.0	4.2	4	0.0	1.0	1.0	1.0	1.0	1.0	4.5	4	1.0	0.5	0.0	2.0	1.0	5.5	12
2026-09-07	GYRE	6.860000133514404	5.7	9	1.5	2.0	1.0	1.0	1.0	2.0	2.0	1.0	0.0	0.0	1.0	2.9	5	1.0	1.0	1.0	0.0	0.0	0.5	4.0	5	2.0	0.0	0.0	0.0	2.0	4.9	14
2026-09-07	H.US	165.85000610351562	5.5	10	1.5	1.5	1.0	0.0	0.0	2.0	2.0	1.5	0.5	2.0	0.0	5.0	6	1.5	2.0	1.0	0.0	1.0	0.5	3.5	5	1.5	0.0	0.0	1.0	1.0	5.3	16
2026-09-07	H2O.DE	1.059999942779541														4.6	3	1.0	1.0	1.0	1.0	0.0	1.5	3.5	4	0.0	1.5	0.0	1.0	1.0	4.6	3
2026-09-07	H9W.DE	2.859999895095825														5.0	3	1.0	1.0	1.0	1.0	0.5	1.5	3.0	4	0.0	0.5	0.0	1.5	1.0	5.0	3
2026-09-07	HABA.DE	4.260000228881836	4.3	8	1.5	2.0	1.0	1.0	0.0	2.0	1.0	1.0	0.0	0.0	0.0	3.3	4	0.0	1.0	1.0	1.0	0.5	0.5	4.5	4	0.5	1.5	0.0	1.5	1.0	4.0	12
2026-09-07	HACK.ST	85.55000305175781	7.0	8	1.5	1.5	1.0	1.0	2.0	2.0	2.0	1.0	2.0	0.5	1.0	6.2	5	1.5	1.0	1.0	0.0	2.0	2.0	3.0	3	1.0	1.0	0.0	0.0	1.0	6.8	13
2026-09-07	HAE	102.91999816894531	6.6	10	1.5	1.0	1.0	1.0	2.0	1.5	1.5	1.0	1.0	2.0	1.0	6.2	6	1.0	2.0	1.0	1.5	1.0	1.0	3.5	5	0.5	1.0	0.0	1.0	1.0	6.5	16
2026-09-07	HAFC	32.060001373291016	7.3	8	1.5	1.5	1.0	1.5	2.0	2.0	1.5	1.0	1.0	2.0	1.0	6.2	6	1.5	0.0	1.0	1.0	2.0	2.0	3.5	4	0.5	1.0	0.0	1.0	1.0	7.0	14
2026-09-07	HAFN	9.220000267028809														8.8	5	2.0	1.0	1.5	2.0	2.0	2.0	3.0	5	0.0	1.5	1.0	0.5	0.0	8.8	5
2026-09-07	HAG.DE	79.69999694824219	5.9	9	2.0	2.0	1.0	1.0	1.0	2.0	0.5	0.5	1.0	1.0	1.0	6.2	4	1.5	1.0	1.0	1.0	1.0	2.0	3.0	4	0.0	0.5	0.0	1.5	1.0	6.0	13
2026-09-07	HAIN	0.75	4.8	9	1.0	1.5	1.0	1.0	1.0	2.0	0.0	1.0	0.0	2.0	0.0	2.1	6	1.5	0.0	1.0	0.0	0.0	0.0	5.5	5	1.0	1.0	0.0	2.0	1.5	4.0	15
2026-09-07	HAL	37.06999969482422	7.7	9	2.0	1.5	1.0	1.0	2.0	1.5	2.0	1.0	1.0	2.0	2.0	4.6	6	2.0	0.0	1.0	0.5	1.0	1.0	2.0	5	0.5	0.5	0.0	0.5	0.5	6.8	15
2026-09-07	HAL.NV	161.8000030517578														5.4	4	1.5	1.0	1.0	1.0	1.5	0.5	1.5	4	0.5	0.0	0.0	0.0	1.0	5.4	4
2026-09-07	HALO	110.19000244140625	6.4	10	1.5	0.5	1.0	0.5	1.5	1.0	0.0	2.0	2.0	2.0	2.0	5.8	6	0.5	0.0	1.0	1.5	2.0	2.0	6.5	5	1.0	2.0	0.0	2.0	1.5	6.2	16
2026-09-07	HAPN	17.75	7.5	9	2.0	2.0	1.0	1.5	1.0	2.0	2.0	1.0	1.0	2.0	1.0	5.4	6	1.5	0.0	1.0	1.5	1.5	1.0	3.0	5	2.0	0.0	0.0	0.0	1.0	6.9	15
2026-09-07	HARBb.CO	130.0														4.6	4	0.5	1.0	1.0	1.0	1.0	1.0	3.0	4	1.0	0.5	0.0	0.5	1.0	4.6	4
2026-09-07	HARVIA.HE	45.20000076293945														5.8	5	0.5	1.0	1.0	1.5	1.5	1.5	4.0	4	1.5	1.0	0.0	0.5	1.0	5.8	5
2026-09-07	HAS	92.52999877929688	8.4	10	2.0	1.5	1.0	1.0	2.0	1.5	2.0	1.5	2.0	2.0	2.0	6.2	6	1.0	2.0	1.0	0.5	1.5	1.5	2.5	5	0.0	0.0	0.0	2.0	0.5	7.7	16
2026-09-07	HAS.L	69.80000305175781	6.6	7	1.5	2.0	1.0	1.0	2.0	2.0	1.0	1.0	0.0	2.0	1.0	4.2	3	1.0	1.0	1.0	1.0	0.5	0.5	3.5	4	1.0	1.0	0.0	0.5	1.0	5.9	10
2026-09-07	HASI	38.34000015258789	6.1	10	2.0	2.0	1.0	0.5	1.0	1.5	1.5	0.5	0.5	2.0	1.0	7.9	6	1.5	2.0	1.0	1.0	2.0	2.0	6.5	5	1.5	0.5	1.0	1.5	2.0	6.6	16
2026-09-07	HAVAS.NV	18.600000381469727	5.7	7	1.5	2.0	1.0	1.0	2.0	1.5	1.0	1.0	1.0	0.5	0.0	5.8	4	2.0	1.0	1.0	1.0	1.0	1.0	3.0	3	1.0	0.5	0.0	0.5	1.0	5.7	11
2026-09-07	HAW.DE	16.25														4.6	4	1.0	1.0	1.0	1.0	1.0	0.5	4.5	4	0.5	1.5	0.0	1.5	1.0	4.6	4
2026-09-07	HAWK	17.360000610351562	5.5	9	2.0	2.0	1.0	1.5	0.5	1.0	0.0	1.0	1.0	1.0	1.0	5.0	3	1.0	1.0	1.0	1.0	0.0	2.0	3.5	4	1.0	2.0	0.0	0.0	0.5	5.3	12
2026-09-07	HAYW	13.920000076293945	6.8	10	1.5	2.0	1.0	1.5	0.0	2.0	2.0	1.0	1.0	2.0	1.0	6.7	6	1.5	2.0	1.0	1.0	1.5	1.0	2.5	5	1.0	0.5	0.0	0.5	0.5	6.8	16
2026-09-07	HBAN	17.030000686645508	6.6	8	1.5	1.5	1.0	1.5	1.0	1.5	1.5	1.0	1.0	2.0	1.0	6.7	6	1.0	2.0	1.0	0.0	2.0	2.0	2.5	4	1.0	0.0	0.0	1.0	0.5	6.6	14
2026-09-07	HBH.DE	81.80000305175781	6.8	7	1.5	1.5	1.0	1.0	2.0	2.0	1.0	1.0	1.0	1.0	2.0	5.8	4	2.0	1.0	1.0	1.0	1.0	1.0	3.5	4	1.0	0.5	0.0	1.0	1.0	6.5	11
2026-09-07	HBM	27.43000030517578	7.0	9	2.0	1.5	1.0	1.0	2.0	1.5	0.0	1.0	1.5	2.0	2.0	4.6	6	1.0	0.0	1.0	0.0	2.0	1.5	3.0	5	2.0	0.5	0.0	0.0	0.5	6.3	15
2026-09-07	HBNC	19.90999984741211	6.6	8	1.5	1.5	1.0	1.5	1.0	2.0	2.0	1.0	0.0	2.0	1.0	5.0	6	2.0	0.0	1.0	1.0	0.5	1.5	3.0	4	0.5	1.0	0.0	1.0	0.5	6.1	14
2026-09-07	HBR.L	258.79998779296875	5.7	8	1.5	2.0	1.0	1.0	2.0	1.0	1.0	1.5	1.0	0.5	0.0	5.8	4	1.0	1.0	1.0	1.0	1.0	2.0	2.0	4	0.0	0.0	0.0	1.0	1.0	5.7	12
2026-09-07	HBT	36.59000015258789	6.1	8	1.5	1.0	1.0	1.0	2.0	2.0	1.5	1.0	1.0	0.5	1.0	7.1	6	1.0	1.0	1.0	1.5	2.0	2.0	4.5	4	0.5	1.5	0.0	1.0	1.5	6.4	14
2026-09-07	HCA	405.0	5.7	9	1.5	1.5	1.0	1.5	1.0	1.0	1.5	0.5	1.0	2.0	0.0	5.4	6	1.5	2.0	1.0	0.0	1.0	1.0	3.5	4	1.0	0.5	0.0	1.0	1.0	5.6	15
2026-09-07	HCAT	1.690000057220459	6.4	9	1.0	1.5	1.0	1.5	0.0	2.0	2.0	1.0	0.0	2.0	2.0	2.5	4	1.0	1.0	1.0	0.0	0.0	0.0	4.0	5	1.5	0.5	0.0	1.5	0.5	5.2	13
2026-09-07	HCC	104.44999694824219	6.6	9	1.5	1.0	1.0	0.5	2.0	1.5	2.0	1.0	1.0	2.0	1.0	4.2	6	0.5	0.0	1.0	0.0	1.5	2.0	3.0	5	0.5	1.0	0.0	0.0	1.5	5.9	15
2026-09-07	HCI	187.63999938964844	7.7	9	1.5	2.0	1.0	1.5	2.0	2.0	2.0	1.0	2.0	2.0	0.0	8.8	6	2.0	2.0	1.0	2.0	2.0	1.5	2.5	5	1.0	0.5	0.0	0.0	1.0	8.0	15
2026-09-07	HCKT	11.210000038146973	7.5	9	2.0	2.0	1.0	1.0	1.0	2.0	1.0	1.0	1.5	2.0	2.0	4.2	6	2.0	1.0	1.0	0.0	1.0	0.0	4.0	5	1.0	1.0	0.0	1.0	1.0	6.5	15
2026-09-07	HCM	14.09000015258789	5.9	9	1.5	1.5	1.0	2.0	1.5	2.0	1.0	1.0	0.5	0.0	1.0	4.2	4	0.0	1.0	1.0	1.0	1.0	1.0	2.0	5	0.0	0.0	1.0	0.0	1.0	5.4	13
2026-09-07	HCM.L	212.0	5.7	8	2.0	2.0	1.0	1.0	1.5	1.0	1.0	1.0	0.5	0.5	1.0	4.2	4	0.0	1.0	1.0	1.0	1.0	1.0	1.0	4	0.0	0.0	0.0	0.0	1.0	5.2	12
2026-09-07	HCO.PA	3.5399999618530273														5.4	4	0.5	1.0	1.0	1.0	1.0	2.0	1.5	4	0.0	0.5	0.0	0.0	1.0	5.4	4
2026-09-07	HCSG	21.81999969482422	7.5	9	2.0	2.0	1.0	1.5	1.0	1.5	2.0	1.0	1.5	2.0	1.0	6.2	6	1.5	2.0	1.0	1.0	1.0	1.0	2.0	5	1.0	0.0	0.0	0.0	1.0	7.1	15
2026-09-07	HD	321.04998779296875	7.5	10	2.0	2.0	1.0	2.0	0.0	2.0	1.5	1.0	2.0	2.0	1.0	5.4	6	1.0	2.0	1.0	0.5	1.0	1.0	4.0	5	1.0	0.5	0.0	2.0	0.5	6.9	16
2026-09-07	HDB	23.18000030517578														6.7	5	1.5	1.0	1.0	1.0	2.0	1.5	3.5	4	0.0	1.5	0.0	1.0	1.0	6.7	5
2026-09-07	HDD.DE	1.440999984741211	5.5	8	1.5	2.0	1.0	1.0	1.0	2.0	1.0	1.0	0.0	0.5	1.0	2.9	4	0.0	1.0	1.0	1.0	0.5	0.0	4.0	4	1.5	1.0	0.0	0.5	1.0	4.7	12
2026-09-07	HDF.PA	2.4700000286102295														3.8	3	1.0	1.0	1.0	1.0	0.5	0.0	2.0	4	0.0	1.0	0.0	0.0	1.0	3.8	3
2026-09-07	HDN.ASX	1.1200000047683716	5.0	8	1.5	1.5	1.0	1.0	0.0	2.0	1.0	1.0	1.0	1.0	0.0	7.5	4	2.0	1.0	1.0	1.0	2.0	2.0	3.5	4	0.5	1.5	0.0	0.5	1.0	5.8	12
2026-09-07	HDSN	5.349999904632568	5.5	9	1.5	2.0	1.0	1.0	0.0	2.0	0.0	1.0	0.5	2.0	1.0	4.2	6	2.0	0.0	1.0	0.0	1.0	1.0	2.5	5	0.5	1.0	0.0	0.0	1.0	5.1	15
2026-09-07	HE	11.09000015258789	4.3	9	0.5	1.5	1.0	0.5	0.0	2.0	0.0	1.0	1.0	2.0	0.0	5.0	5	0.0	1.0	1.0	1.0	1.0	2.0	4.5	5	0.0	1.5	0.0	1.5	1.5	4.5	14
2026-09-07	HE1.L	0.3799999952316284														4.6	2	1.0	1.0	1.0	1.0	0.5	1.0	3.0	3	0.0	1.0	0.0	1.0	1.0	4.6	2
2026-09-07	HEAD.L	10.5														3.8	3	1.0	1.0	1.0	1.0	0.0	0.5	4.5	4	1.0	1.5	0.0	1.0	1.0	3.8	3
2026-09-07	HEALTH.HE	0.8980000019073486														4.6	3	1.0	1.0	1.0	1.0	0.5	1.0	2.5	4	0.0	1.5	0.0	0.0	1.0	4.6	3
2026-09-07	HEI	325.4800109863281	7.7	10	1.5	2.0	1.0	2.0	1.0	1.5	2.0	0.5	1.5	2.0	2.0	7.9	6	1.0	2.0	1.0	2.0	1.5	2.0	2.0	5	1.0	0.0	0.0	0.5	0.5	7.8	16
2026-09-07	HEI.A		5.9	3	1.5	2.0	1.0	1.0	1.0	1.5	1.0	1.0	1.0	1.0	1.0	5.8	1	1.0	2.0	1.0	1.0	1.0	1.0								5.9	4
2026-09-07	HEI.DE	166.60000610351562	6.1	7	2.0	2.0	1.0	1.0	1.0	1.5	1.0	1.0	1.0	1.0	1.0	5.8	5	1.5	1.0	1.0	1.5	1.0	1.0	3.5	4	1.0	1.0	0.0	0.5	1.0	6.0	12
2026-09-07	HEIA.NV	73.0199966430664	5.2	7	1.5	1.5	1.0	1.0	1.0	2.0	1.0	1.0	1.0	0.5	0.0	5.4	4	1.5	1.0	1.0	1.0	1.0	1.0	2.5	4	0.5	0.0	0.0	1.0	1.0	5.3	11
2026-09-07	HEIJM.NV	86.8499984741211														5.4	4	1.0	1.0	1.0	1.0	1.0	1.5	2.5	4	1.5	0.0	0.0	0.0	1.0	5.4	4
2026-09-07	HEIO.NV	68.25														4.6	4	1.0	1.0	1.0	1.0	1.0	0.5	2.5	4	0.5	0.0	0.0	1.0	1.0	4.6	4
2026-09-07	HELE	28.399999618530273	5.9	9	1.0	0.5	1.0	0.5	1.0	2.0	2.0	1.0	0.0	2.0	2.0	4.2	6	1.5	0.0	1.0	1.5	0.0	1.0	5.0	5	1.5	1.0	0.0	1.0	1.5	5.4	15
2026-09-07	HEM.ST	87.80000305175781	6.4	9	1.0	2.0	1.0	1.0	0.0	2.0	0.5	2.0	2.0	1.5	1.0	4.2	5	1.0	1.0	1.0	0.0	2.0	0.0	3.5	4	0.5	1.0	0.0	1.0	1.0	5.7	14
2026-09-07	HEMO.L	520.0														3.8	2	1.0	1.0	0.0	1.0	0.5	1.0	7.0	4	1.5	1.0	2.0	1.5	1.0	3.8	2
2026-09-07	HEN.DE	70.5														4.2	4	0.5	1.0	1.0	1.0	1.0	0.5	2.5	4	0.5	0.5	0.0	0.5	1.0	4.2	4
2026-09-07	HEN3.DE	76.41999816894531	6.1	7	1.5	1.0	1.0	1.0	2.0	2.0	1.0	1.0	1.0	1.0	1.0	4.2	4	0.5	1.0	1.0	1.0	1.0	0.5	2.5	4	0.5	0.5	0.0	0.5	1.0	5.5	11
2026-09-07	HEPS	2.674999952316284														5.4	3	1.0	1.0	1.0	1.0	0.5	2.0	4.5	4	2.0	0.0	0.0	1.0	1.5	5.4	3
2026-09-07	HESM	39.90999984741211	6.1	9	0.5	0.5	1.0	1.0	2.0	2.0	1.5	1.0	2.0	2.0	0.0	5.8	6	1.5	0.0	1.0	2.0	2.0	0.5	4.5	5	0.0	1.0	0.0	2.0	1.5	6.0	15
2026-09-07	HEXA-B.ST	96.31999969482422														5.4	5	2.0	1.0	1.0	0.5	1.0	1.0	2.5	4	1.0	0.0	0.0	0.5	1.0	5.4	5
2026-09-07	HFD.L	264.0	6.1	8	2.0	1.0	1.0	1.0	2.0	1.5	1.0	1.0	1.0	2.0	0.0	5.0	4	1.0	1.0	1.0	1.0	1.0	1.0	4.5	4	1.5	1.5	0.0	0.5	1.0	5.8	12
2026-09-07	HFG.DE	2.7990000247955322	3.6	9	0.5	1.5	1.0	1.0	0.0	2.0	0.0	0.0	0.0	2.0	0.0	5.0	4	1.0	1.0	1.0	2.0	0.5	0.5	3.5	4	0.0	1.5	0.0	1.0	1.0	4.0	13
2026-09-07	HFWA	29.290000915527344	6.6	8	1.5	1.5	1.0	1.0	1.0	2.0	1.5	1.0	1.0	2.0	1.0	5.4	6	1.0	0.0	1.0	0.5	2.0	2.0	3.0	4	0.0	1.0	0.0	1.0	1.0	6.2	14
2026-09-07	HG	35.599998474121094	8.4	9	2.0	1.5	1.0	1.5	2.0	1.5	2.0	1.0	2.0	2.0	2.0	6.2	6	2.0	0.0	1.0	1.5	1.5	1.5	2.0	5	0.0	1.0	0.0	0.0	1.0	7.7	15
2026-09-07	HGEA.DE	0.8399999737739563														3.8	3	1.0	1.0	1.0	1.0	0.0	0.5	6.5	4	1.0	1.5	2.0	1.0	1.0	3.8	3
2026-09-07	HGTY	13.550000190734863	6.1	9	1.0	1.5	1.0	1.5	2.0	1.5	0.0	1.0	1.0	2.0	1.0	3.8	6	2.0	0.0	1.0	0.0	1.0	0.5	4.5	5	1.0	1.5	0.0	0.5	1.5	5.4	15
2026-09-07	HGV	42.04999923706055	5.5	10	1.0	1.5	1.0	0.5	0.0	2.0	1.0	1.0	1.0	2.0	1.0	3.3	6	1.0	0.0	1.0	0.0	1.0	1.0	5.0	5	1.5	0.5	0.0	2.0	1.0	4.8	16
2026-09-07	HH.CO	104.4000015258789														3.8	4	0.0	1.0	1.0	1.0	0.5	1.0	3.5	4	1.0	0.5	0.0	1.0	1.0	3.8	4
2026-09-07	HHH	64.12000274658203	6.4	9	1.0	2.0	1.0	1.0	0.0	2.0	2.0	1.0	1.0	2.0	1.0	5.0	6	1.5	0.0	1.0	0.0	1.5	2.0	4.5	5	1.0	1.0	0.0	1.0	1.5	6.0	15
2026-09-07	HHPD.L	16.200000762939453	5.7	7	1.5	2.0	1.0	1.0	1.0	2.0	1.0	1.0	1.0	0.0	1.0	6.7	4	2.0	1.0	1.0	1.0	1.0	2.0	2.5	4	1.0	0.0	0.0	0.5	1.0	6.0	11
2026-09-07	HIAB.HE	61.54999923706055														5.8	5	1.0	1.0	1.0	2.0	1.0	1.0	4.5	4	1.5	1.0	0.0	1.0	1.0	5.8	5
2026-09-07	HICL.L	135.1999969482422	5.7	4	1.5	1.0	1.0	1.0	1.0	2.0	1.0	1.0	1.0	1.0	1.0	5.8	2	2.0	1.0	1.0	1.0	1.0	1.0	4.0	2	1.0	1.0	0.0	1.0	1.0	5.7	6
2026-09-07	HIFS	307.989990234375														7.1	4	1.5	1.0	1.0	1.0	2.0	2.0	3.5	4	1.0	0.5	0.0	1.0	1.0	7.1	4
2026-09-07	HIG	138.3699951171875	7.7	10	1.5	1.5	1.0	2.0	1.0	2.0	2.0	0.5	1.5	2.0	2.0	4.6	6	2.0	0.0	1.0	0.0	1.5	1.0	0.5	5	0.0	0.5	0.0	0.0	0.0	6.8	16
2026-09-07	HIGH.DE	5.800000190734863														5.8	3	1.0	1.0	1.0	1.0	1.0	2.0	2.5	3	0.0	0.5	0.0	1.0	1.0	5.8	3
2026-09-07	HII	285.92999267578125	6.6	9	1.5	2.0	1.0	1.5	0.0	1.5	2.0	1.0	1.0	2.0	1.0	5.8	6	2.0	1.0	1.0	0.5	1.0	1.5	2.0	5	0.0	1.0	0.0	0.5	0.5	6.4	15
2026-09-07	HIK.L	1593.0	5.7	8	0.5	0.5	1.0	1.0	1.0	2.0	1.0	1.0	1.5	1.0	2.0	5.4	4	1.0	1.0	1.0	1.0	1.5	1.0	2.0	4	0.5	0.0	0.0	0.5	1.0	5.6	12
2026-09-07	HILS.L	2920.0	6.8	7	1.5	1.5	1.0	1.0	1.0	2.0	1.0	1.0	1.5	1.5	2.0	4.6	4	0.5	1.0	1.0	1.0	1.0	1.0	3.5	4	1.5	0.5	0.0	0.5	1.0	6.1	11
2026-09-07	HIMS	27.709999084472656	3.6	10	1.0	1.5	1.0	0.0	0.0	1.0	0.0	1.5	0.0	2.0	0.0	5.8	6	0.5	2.0	1.0	1.0	0.5	2.0	5.5	5	2.0	0.5	0.0	2.0	1.0	4.3	16
2026-09-07	HIMX	13.680000305175781	6.8	9	1.5	2.0	1.0	1.5	1.0	2.0	2.0	1.0	0.5	0.5	2.0	6.2	6	1.5	1.0	1.0	2.0	1.0	1.0	3.0	5	2.0	0.0	0.0	0.5	0.5	6.6	15
2026-09-07	HIPO	33.869998931884766	7.3	9	1.5	1.5	1.0	1.5	2.0	1.5	2.0	1.0	2.0	1.0	1.0	7.9	5	2.0	1.0	1.0	1.5	2.0	2.0	3.0	5	1.5	0.5	0.0	0.0	1.0	7.5	14
2026-09-07	HIVE	3.109999895095825	5.9	8	2.0	2.0	1.0	1.0	2.0	1.0	0.0	1.0	0.0	1.0	2.0	5.0	3	1.0	1.0	1.0	1.0	0.0	2.0	4.5	5	2.0	0.5	0.0	1.0	1.0	5.6	11
2026-09-07	HIW	31.190000534057617	5.5	10	1.0	1.0	1.0	0.5	1.0	2.0	1.0	0.5	1.0	2.0	1.0	4.2	6	0.0	1.0	1.0	0.0	2.0	1.0	4.0	5	1.0	0.5	0.0	1.0	1.5	5.1	16
2026-09-07	HKFOODS.HE	1.6679999828338623														5.8	4	2.0	1.0	1.0	1.0	1.0	1.0	2.5	4	0.5	0.0	0.0	1.0	1.0	5.8	4
2026-09-07	HL	20.68000030517578	7.5	9	1.5	1.5	1.0	2.0	2.0	1.0	2.0	1.0	1.5	2.0	1.0	3.8	6	0.0	0.0	1.0	0.0	1.5	2.0	1.5	5	1.5	0.0	0.0	0.0	0.0	6.4	15
2026-09-07	HLAG.DE	138.89999389648438	4.5	9	0.5	0.0	1.0	1.0	2.0	1.5	0.0	2.0	0.5	0.5	1.0	6.2	5	1.5	1.0	1.0	2.0	1.0	1.0	2.5	4	1.0	0.0	0.0	0.5	1.0	5.0	14
2026-09-07	HLCL.L	198.0	6.4	8	1.5	2.0	1.0	1.0	0.0	2.0	1.0	1.0	0.5	2.0	2.0	5.0	4	0.0	1.0	1.0	1.0	1.5	1.5	3.0	4	1.0	0.5	0.0	0.5	1.0	6.0	12
2026-09-07	HLE.DE	72.19999694824219	5.0	7	1.0	1.0	1.0	1.0	1.0	2.0	1.0	1.0	0.5	0.5	1.0	4.2	4	0.0	1.0	1.0	1.0	1.0	1.0	2.0	4	0.0	0.5	0.0	0.5	1.0	4.8	11
2026-09-07	HLF	12.380000114440918	5.7	8	1.5	2.0	1.0	0.5	1.0	0.5	1.0	1.0	1.0	2.0	1.0	5.8	6	2.0	2.0	1.0	0.0	1.0	1.0	3.0	4	1.0	0.0	0.0	1.0	1.0	5.7	14
2026-09-07	HLG.DE	0.6639999747276306														2.5	4	0.0	1.0	1.0	1.0	0.0	0.0	4.0	3	0.0	1.0	1.0	1.0	1.0	2.5	4
2026-09-07	HLI	137.11000061035156	7.0	9	1.5	1.5	1.0	1.5	1.0	2.0	0.5	1.0	1.5	2.0	2.0	2.9	6	1.0	0.0	1.0	0.0	1.5	0.0	2.0	5	1.0	0.5	0.0	0.0	0.5	5.8	15
2026-09-07	HLI.ASX	5.199999809265137	4.8	7	0.5	0.5	1.0	1.0	0.0	1.5	1.0	1.0	1.5	1.5	1.0	5.8	4	2.0	1.0	1.0	1.0	2.0	0.0	1.5	4	0.5	0.0	0.0	0.0	1.0	5.1	11
2026-09-07	HLIO	71.62000274658203	7.7	9	1.5	2.0	1.0	1.5	1.0	2.0	2.0	1.0	1.0	2.0	2.0	5.4	6	1.5	0.0	1.0	2.0	1.0	1.0	3.0	5	1.5	0.0	0.0	0.5	1.0	7.0	15
2026-09-07	HLIT	11.779999732971191	7.0	9	1.5	2.0	1.0	1.0	1.0	2.0	2.0	1.0	1.0	2.0	1.0	6.7	6	1.0	2.0	1.0	2.0	0.0	2.0	3.0	5	1.5	0.0	0.0	0.5	1.0	6.9	15
2026-09-07	HLLY	3.049999952316284	6.1	9	2.0	2.0	1.0	1.5	1.0	1.0	0.5	1.0	0.5	2.0	1.0	5.8	6	2.0	0.0	1.0	2.0	1.0	1.0	4.0	5	1.5	0.5	0.0	1.0	1.0	6.0	15
2026-09-07	HLMA.L	3604.0	5.9	8	1.0	2.0	1.0	1.0	0.0	1.0	1.0	1.0	1.5	1.5	2.0	5.4	4	0.5	1.0	1.0	1.0	1.5	1.5	3.0	4	1.0	0.5	0.0	0.5	1.0	5.8	12
2026-09-07	HLMN	7.679999828338623	6.4	9	1.5	2.0	1.0	1.5	0.0	1.5	1.0	1.0	0.5	2.0	2.0	5.0	5	0.5	1.0	1.0	1.5	1.0	1.0	3.5	5	1.5	1.0	0.0	0.5	0.5	6.0	14
2026-09-07	HLN	9.600000381469727	5.2	9	1.5	1.5	1.0	2.0	0.0	2.0	1.0	1.0	1.0	0.5	0.0	6.2	5	1.0	2.0	1.0	1.0	1.5	1.0	2.0	5	0.0	0.0	1.0	0.5	0.5	5.5	14
2026-09-07	HLNE	103.05999755859375	7.0	9	2.0	2.0	1.0	0.5	1.0	1.0	2.0	1.0	2.0	2.0	1.0	7.5	6	1.0	1.0	1.0	2.0	2.0	2.0	2.0	5	1.0	0.0	0.0	0.0	1.0	7.1	15
2026-09-07	HLS.ASX	0.46000000834465027	5.2	8	1.0	1.0	1.0	1.0	1.0	1.5	1.0	2.0	0.0	2.0	0.0	4.2	3	1.0	1.0	1.0	1.0	0.0	1.0	3.5	4	0.0	0.5	0.0	2.0	1.0	4.9	11
2026-09-07	HLT	311.17999267578125	6.1	9	1.5	1.5	1.0	1.5	0.0	2.0	1.5	1.5	1.0	2.0	0.0	5.8	6	1.5	1.0	1.0	0.5	2.0	1.0	2.5	4	1.0	0.0	0.0	1.0	0.5	6.0	15
2026-09-07	HLUNB.CO	44.119998931884766														5.0	5	0.0	1.0	1.0	1.5	1.5	1.0	2.0	4	0.0	0.5	0.0	0.5	1.0	5.0	5
2026-09-07	HLX	10.600000381469727														5.4	5	0.0	1.0	1.5	0.0	2.0	2.0	5.5	4	1.0	1.5	1.0	1.0	1.0	5.4	5
2026-09-07	HM-B.ST	175.5														5.0	5	0.5	1.0	1.0	2.0	1.0	0.5	3.5	4	1.0	0.0	0.0	1.5	1.0	5.0	5
2026-09-07	HMC	32.66999816894531														4.6	4	0.5	1.0	1.0	1.0	0.5	1.5	2.5	5	0.0	1.0	0.0	1.0	0.5	4.6	4
2026-09-07	HMC.ASX	3.380000114440918	5.9	8	1.5	1.5	1.0	1.0	2.0	2.0	1.0	0.5	0.0	0.5	2.0	3.3	3	0.0	1.0	1.0	1.0	0.0	1.0	2.0	4	1.0	0.0	0.0	0.0	1.0	5.1	11
2026-09-07	HMH	19.5	6.1	9	2.0	2.0	1.0	1.0	0.5	1.5	0.0	1.0	0.5	2.0	2.0	3.3	4	0.0	1.0	1.0	1.0	1.0	0.0	2.0	4	1.0	0.0	0.0	0.0	1.0	5.3	13
2026-09-07	HMN	50.939998626708984	7.5	9	1.5	1.5	1.0	1.5	1.0	2.0	2.0	1.0	1.0	2.0	2.0	5.8	6	1.5	2.0	1.0	0.0	1.5	1.0	2.0	5	0.0	0.5	0.0	0.5	1.0	7.0	15
2026-09-07	HMSO.L	362.6000061035156	5.7	8	1.5	1.5	1.0	1.0	1.0	2.0	1.0	0.5	1.0	2.0	0.0	6.7	4	1.0	1.0	1.0	1.0	2.0	2.0	6.0	4	1.5	0.5	2.0	1.0	1.0	6.0	12
2026-09-07	HMU.DE	40.20000076293945														5.4	4	2.0	1.0	1.0	1.0	1.0	0.5	4.0	4	0.0	0.5	2.0	0.5	1.0	5.4	4
2026-09-07	HMY	20.270000457763672														7.5	4	2.0	1.0	1.0	1.0	2.0	2.0	2.0	5	1.0	0.0	0.0	0.0	1.0	7.5	4
2026-09-07	HNGE	92.37000274658203	7.7	10	2.0	1.5	1.0	1.0	2.0	1.5	2.0	1.0	2.0	2.0	1.0	6.7	6	1.5	2.0	1.0	0.0	1.5	2.0	3.5	4	1.0	1.5	0.0	0.0	1.0	7.4	16
2026-09-07	HNI	49.65999984741211														6.2	5	2.0	1.0	1.0	0.5	1.0	2.0	4.5	5	1.0	1.0	0.0	1.0	1.5	6.2	5
2026-09-07	HNL.DE	7.559999942779541														4.6	3	1.0	1.0	1.0	1.0	0.5	1.0	3.5	4	1.5	0.5	0.0	0.5	1.0	4.6	3
2026-09-07	HNR1.DE	260.6000061035156	5.7	9	1.5	1.5	1.0	1.0	2.0	1.5	1.0	1.0	1.5	0.5	0.0	4.6	5	0.0	1.0	1.0	2.0	1.5	0.0	1.0	4	0.0	0.0	0.0	0.0	1.0	5.4	14
2026-09-07	HNRG	16.600000381469727	6.1	10	1.5	2.0	1.0	1.0	1.0	2.0	2.0	1.0	0.0	2.0	0.0	2.9	6	1.5	0.0	1.0	0.0	0.5	0.5	1.5	5	0.0	0.5	0.0	0.0	1.0	5.1	16
2026-09-07	HNST	5.949999809265137	5.7	9	1.5	0.5	1.0	1.0	1.5	2.0	2.0	1.0	0.0	1.0	1.0	2.9	5	1.0	1.0	1.0	0.0	0.5	0.0	5.0	5	2.0	2.0	0.0	0.0	1.0	4.9	14
2026-09-07	HO.PA	233.60000610351562	5.5	8	1.5	2.0	1.0	1.0	0.0	1.5	1.0	2.0	1.5	0.5	0.0	5.0	4	1.0	1.0	1.0	1.0	1.0	1.0	2.0	4	0.0	0.5	0.0	0.5	1.0	5.3	12
2026-09-07	HOC.L	662.0	6.8	8	2.0	1.5	1.0	1.0	2.0	1.0	1.0	1.5	2.0	1.0	1.0	7.1	4	2.0	1.0	1.0	1.0	1.5	2.0	2.5	4	1.0	0.5	0.0	0.0	1.0	6.9	12
2026-09-07	HOFI.ST	210.39999389648438														7.1	4	1.5	1.0	1.0	1.0	2.0	2.0	4.0	4	1.0	1.0	0.0	1.0	1.0	7.1	4
2026-09-07	HOFT	13.119999885559082														5.4	5	1.5	1.0	1.0	2.0	0.5	0.5	1.5	5	1.0	0.0	0.0	0.0	0.5	5.4	5
2026-09-07	HOG	28.299999237060547	5.5	10	0.5	0.5	1.0	0.0	2.0	1.0	0.5	1.5	1.0	2.0	2.0	3.3	6	1.0	0.0	1.0	0.5	1.0	0.5	4.0	5	1.5	0.5	0.0	0.5	1.5	4.8	16
2026-09-07	HOLCO.NV	77.0														4.6	4	1.0	1.0	1.0	1.0	1.0	0.5	3.0	4	0.5	1.5	0.0	0.0	1.0	4.6	4
2026-09-07	HOLMb.ST	326.6000061035156														3.8	5	0.0	1.0	1.0	0.0	1.5	1.0	1.0	4	0.0	0.0	0.0	0.0	1.0	3.8	5
2026-09-07	HOLN.ZU	73.83999633789062	6.1	8	1.5	1.5	1.0	1.0	2.0	2.0	1.0	1.0	0.5	1.0	1.0	5.8	4	2.0	1.0	1.0	1.0	1.0	1.0	2.0	4	0.5	0.0	0.0	0.5	1.0	6.0	12
2026-09-07	HOLO	1.7200000286102295														5.0	3	1.0	1.0	1.0	1.0	0.0	2.0	4.5	5	2.0	1.5	0.0	0.0	1.0	5.0	3
2026-09-07	HOMB	30.149999618530273	7.0	9	1.5	1.5	1.0	1.0	2.0	2.0	1.5	1.0	1.0	2.0	1.0	5.8	6	0.5	1.0	1.0	1.5	2.0	1.0	3.0	4	0.5	0.5	0.0	1.0	1.0	6.6	15
2026-09-07	HOMI.BR	19.040000915527344														7.1	4	2.0	1.0	1.0	1.0	2.0	1.5	2.0	4	0.0	0.0	0.0	1.0	1.0	7.1	4
2026-09-07	HON	209.61000061035156	7.0	10	2.0	2.0	1.0	2.0	0.0	0.5	1.5	1.5	2.0	2.0	1.0	4.6	6	0.5	1.0	1.0	0.0	2.0	1.0	3.5	5	1.0	0.5	0.0	1.5	0.5	6.3	16
2026-09-07	HONA	161.00999450683594	5.9	7	1.5	2.0	1.0	1.0	0.5	1.0	0.0	1.0	1.0	2.0	2.0	5.8	4	1.5	1.0	1.0	1.0	1.5	1.0	4.0	3	1.0	1.5	0.0	1.0	0.5	5.9	11
2026-09-07	HOOD	122.11000061035156	7.5	10	2.0	1.0	1.0	1.5	2.0	1.0	2.0	1.5	1.5	2.0	1.0	7.5	6	1.0	1.0	1.0	2.0	2.0	2.0	4.0	5	2.0	0.0	0.0	1.5	0.5	7.5	16
2026-09-07	HOPE	14.130000114440918	7.0	8	1.5	1.5	1.0	1.0	2.0	2.0	1.5	1.0	1.0	2.0	1.0	7.1	6	1.5	0.0	1.0	2.0	2.0	2.0	4.5	4	1.0	1.5	0.0	1.0	1.0	7.0	14
2026-09-07	HOT.DE	426.0	5.5	8	1.0	1.5	1.0	1.0	1.0	2.0	1.0	0.5	2.0	0.0	1.0	5.0	4	0.5	1.0	1.0	1.0	1.0	1.5	3.5	4	0.5	0.0	0.0	2.0	1.0	5.3	12
2026-09-07	HOV	122.79000091552734														5.0	5	1.0	1.0	1.0	2.0	1.0	0.0	3.5	5	2.0	0.0	0.0	1.0	0.5	5.0	5
2026-09-07	HOVR	1.6799999475479126														5.4	3	1.0	1.0	1.0	2.0	0.5	1.0	3.5	5	2.0	1.0	0.0	0.0	0.5	5.4	3
2026-09-07	HOWL	0.9660000205039978														4.2	3	1.0	1.0	1.0	1.0	0.0	1.0	2.5	4	0.5	0.5	0.0	1.0	0.5	4.2	3
2026-09-07	HP	44.36000061035156	5.9	10	1.5	1.0	1.0	0.5	2.0	2.0	0.0	1.0	0.0	2.0	2.0	2.5	6	0.0	1.0	1.0	0.0	0.5	0.5	3.5	5	0.5	1.0	0.0	0.5	1.5	4.9	16
2026-09-07	HP3A.DE	2.7799999713897705														5.4	4	1.5	1.0	1.0	1.0	1.0	1.0	3.5	4	0.0	0.5	1.0	1.0	1.0	5.4	4
2026-09-07	HPAI	0.42899999022483826														4.6	3	1.0	1.0	1.0	1.0	0.5	1.0	2.5	5	0.0	2.0	0.0	0.5	0.0	4.6	3
2026-09-07	HPE	52.0	7.3	10	1.5	2.0	1.0	1.0	2.0	1.0	2.0	1.5	1.0	2.0	1.0	6.2	6	2.0	0.0	1.0	1.5	1.0	2.0	4.5	5	1.5	0.5	1.0	0.5	1.0	7.0	16
2026-09-07	HPHA.DE	2.5299999713897705														4.6	4	0.0	1.0	1.0	1.0	0.5	2.0	3.5	3	0.5	1.0	0.0	1.0	1.0	4.6	4
2026-09-07	HPK	8.050000190734863														5.8	4	1.0	1.0	1.0	2.0	0.0	2.0	3.0	5	0.0	0.5	0.0	0.5	2.0	5.8	4
2026-09-07	HPOLB.ST	95.94999694824219														5.4	5	0.5	1.0	1.0	2.0	1.0	1.0	4.0	4	1.0	1.5	0.0	0.5	1.0	5.4	5
2026-09-07	HPOW.L	10.760000228881836														5.4	3	1.0	1.0	1.0	1.0	0.5	2.0	3.5	4	2.0	0.5	0.0	0.0	1.0	5.4	3
2026-09-07	HPP	12.609999656677246	5.0	10	1.0	1.0	1.0	2.0	1.0	1.0	0.0	2.0	0.0	2.0	0.0	1.7	6	0.0	0.0	1.0	0.5	0.0	0.5	3.0	5	2.0	0.0	0.0	1.0	0.0	4.0	16
2026-09-07	HPQ	32.63999938964844	5.0	9	0.5	0.5	1.0	0.5	2.0	1.0	2.0	0.5	1.0	2.0	0.0	6.7	6	0.5	2.0	1.0	2.0	1.0	1.5	5.5	4	1.5	2.0	0.0	1.0	1.0	5.5	15
2026-09-07	HQ	15.5600004196167	5.2	9	1.5	2.0	1.0	1.0	0.5	2.0	0.0	1.0	0.0	1.5	1.0	4.6	2	1.0	1.0	1.0	1.0	0.5	1.0	2.0	5	0.0	1.0	0.0	0.0	1.0	5.0	11
2026-09-07	HQY	96.06999969482422	7.5	10	2.0	2.0	1.0	1.0	1.0	1.5	1.5	1.5	1.0	2.0	2.0	5.8	6	1.5	1.0	1.0	1.0	1.5	1.0	2.0	5	0.0	0.5	0.0	0.5	1.0	7.0	16
2026-09-07	HR	19.1200008392334	4.5	10	1.5	1.5	1.0	1.0	1.0	1.0	0.0	1.0	0.0	2.0	0.0	2.5	5	0.0	0.0	1.0	1.0	0.5	0.5	3.0	5	1.0	0.0	0.0	1.0	1.0	3.9	15
2026-09-07	HRB	49.060001373291016	5.9	10	1.0	0.5	1.0	0.0	2.0	1.0	1.5	1.0	2.0	2.0	1.0	5.8	6	2.0	0.0	1.0	1.5	1.5	1.0	4.0	5	0.0	0.5	0.0	2.0	1.5	5.9	16
2026-09-07	HRI	140.9199981689453	6.1	9	1.5	2.0	1.0	1.0	0.0	1.5	2.0	1.0	0.5	2.0	1.0	8.3	6	2.0	2.0	1.0	2.0	1.0	2.0	5.0	5	2.0	0.0	0.0	2.0	1.0	6.8	15
2026-09-07	HRL	21.540000915527344	6.4	9	1.5	2.0	1.0	1.0	0.0	1.5	1.5	1.0	0.5	2.0	2.0	3.3	6	1.0	0.0	1.0	0.5	1.0	0.5	1.5	5	0.0	0.5	0.0	0.0	1.0	5.5	15
2026-09-07	HRMY	42.25	6.8	10	1.5	1.5	1.0	1.0	2.0	1.0	1.0	1.5	1.5	2.0	1.0	7.5	6	1.5	1.0	1.0	2.0	1.5	2.0	3.5	5	1.0	1.5	0.0	0.0	1.0	7.0	16
2026-09-07	HROW	38.540000915527344	5.0	9	2.0	2.0	1.0	0.5	0.0	1.0	0.0	1.0	0.0	1.5	2.0	4.6	5	1.0	2.0	1.0	0.0	0.0	1.5	4.0	5	0.0	0.0	0.0	2.0	2.0	4.9	14
2026-09-07	HRPK.DE	1.75														3.8	3	1.0	1.0	1.0	1.0	0.0	0.5	2.0	4	0.0	0.0	0.0	1.0	1.0	3.8	3
2026-09-07	HRTG	33.95000076293945	7.0	9	1.5	1.5	1.0	1.5	2.0	1.5	2.0	1.0	2.0	1.5	0.0	6.7	6	2.0	0.0	1.0	2.0	2.0	1.0	2.5	5	1.0	1.0	0.0	0.0	0.5	6.9	15
2026-09-07	HRTX	0.3400000035762787														3.3	4	1.0	1.0	1.0	0.0	0.0	1.0	7.0	5	1.5	1.5	0.0	2.0	2.0	3.3	4
2026-09-07	HRZN	4.840000152587891	4.8	9	1.0	1.0	1.0	1.5	1.0	1.5	0.5	1.0	0.5	0.5	1.0	5.4	6	1.0	1.0	1.0	1.5	1.0	1.0	3.5	5	1.0	0.5	0.0	1.0	1.0	5.0	15
2026-09-07	HSAI	18.889999389648438	6.6	10	1.5	2.0	1.0	1.0	1.0	2.0	2.0	1.0	1.0	1.0	1.0	6.7	6	2.0	1.0	1.0	0.5	1.5	2.0	3.5	5	1.5	0.5	0.0	0.0	1.5	6.6	16
2026-09-07	HSBA.L	1580.199951171875	5.7	8	1.5	1.0	1.0	1.0	2.0	1.0	1.5	0.0	1.0	1.5	1.0	7.9	5	2.0	1.0	1.0	1.5	2.0	2.0	4.0	3	0.5	1.5	0.0	1.0	1.0	6.4	13
2026-09-07	HSBC	107.11000061035156														7.9	5	2.0	1.0	1.0	1.5	2.0	2.0	4.5	4	0.5	2.0	0.0	1.0	1.0	7.9	5
2026-09-07	HSBK.L	34.20000076293945														6.2	4	2.0	1.0	1.0	1.0	2.0	0.5	3.0	3	0.0	1.0	0.0	1.0	1.0	6.2	4
2026-09-07	HSD.L	50.5														5.8	4	1.0	1.0	1.0	1.0	1.0	2.0	2.0	4	0.0	0.0	1.0	0.0	1.0	5.8	4
2026-09-07	HSIC	89.80999755859375	7.0	10	1.5	1.5	1.0	1.0	2.0	2.0	1.5	1.0	1.0	2.0	1.0	5.4	6	1.0	2.0	1.0	0.5	1.0	1.0	4.5	5	1.0	1.5	0.0	1.0	1.0	6.5	16
2026-09-07	HSP.L	842.0														6.7	4	2.0	1.0	1.0	1.0	1.0	2.0	3.0	4	0.5	1.5	0.0	0.0	1.0	6.7	4
2026-09-07	HSPOF	11.989999771118164														4.6	2	1.0	1.0	1.0	1.0	0.5	1.0	2.5	4	0.0	1.5	0.0	1.0	0.0	4.6	2
2026-09-07	HST	22.049999237060547	7.3	9	1.5	1.5	1.0	1.0	1.0	1.5	2.0	1.0	1.5	2.0	2.0	5.0	6	0.5	2.0	1.0	0.0	1.5	1.0	3.0	5	1.0	0.0	0.0	1.0	1.0	6.6	15
2026-09-07	HSTM	29.200000762939453	7.0	9	1.5	1.0	1.0	1.0	2.0	2.0	2.0	1.0	1.0	2.0	1.0	5.0	6	0.5	2.0	1.0	0.0	1.0	1.5	2.5	5	0.0	1.0	0.0	0.0	1.5	6.4	15
2026-09-07	HSW.L	106.0	5.7	7	2.0	2.0	1.0	1.0	0.0	1.5	1.0	1.0	1.0	2.0	0.0	5.0	4	0.5	1.0	1.0	1.0	1.0	1.5	2.0	4	0.5	0.5	0.0	0.0	1.0	5.5	11
2026-09-07	HSX.L	1878.0	7.0	8	2.0	1.5	1.0	1.0	2.0	2.0	1.0	0.5	1.5	2.0	1.0	5.0	4	0.5	1.0	1.0	1.0	1.5	1.0	2.5	4	0.0	1.5	0.0	0.0	1.0	6.4	12
2026-09-07	HSY	173.14999389648438	6.8	10	1.5	1.5	1.0	1.0	0.0	2.0	2.0	1.0	2.0	2.0	1.0	4.6	6	2.0	0.0	1.0	0.0	1.5	1.0	3.5	5	0.0	1.0	0.0	1.0	1.5	6.1	16
2026-09-07	HTB	47.25	6.8	8	1.5	1.5	1.0	1.5	1.0	2.0	2.0	1.0	1.0	1.5	1.0	7.1	6	1.5	2.0	1.0	1.5	2.0	0.5	2.0	4	0.5	0.0	0.0	1.0	0.5	6.9	14
2026-09-07	HTFL	48.90999984741211	5.7	9	2.0	0.0	1.0	0.5	1.5	1.5	2.0	1.0	0.0	2.0	1.0	5.0	5	1.0	0.0	1.0	2.0	0.0	2.0	3.5	4	1.0	1.5	0.0	0.0	1.0	5.5	14
2026-09-07	HTG.DE	0.8799999952316284														5.0	3	1.0	1.0	1.0	1.0	0.0	2.0	4.0	4	1.0	1.5	0.0	0.5	1.0	5.0	3
2026-09-07	HTG.L	400.5	5.9	7	1.5	2.0	1.0	1.0	0.0	2.0	1.0	1.0	1.0	1.5	1.0	4.6	4	1.0	1.0	1.0	1.0	1.0	0.5	1.5	4	0.5	0.0	0.0	0.0	1.0	5.5	11
2026-09-07	HTGC	17.6299991607666	5.7	9	1.5	1.0	1.0	1.0	2.0	1.5	1.0	1.0	1.5	1.0	0.0	6.2	6	2.0	1.0	1.0	0.5	2.0	1.0	3.5	5	0.5	0.5	0.0	1.0	1.5	5.8	15
2026-09-07	HTGMQ	9.999999747378752e-05														3.8	3	1.0	1.0	1.0	1.0	0.5	0.0	5.0	4	2.0	1.0	0.0	2.0	0.0	3.8	3
2026-09-07	HTH	39.2400016784668	6.8	8	1.0	1.5	1.0	1.0	2.0	2.0	2.0	1.0	1.0	1.5	1.0	6.7	6	2.0	2.0	1.0	0.5	1.5	1.0	4.5	4	1.0	1.0	0.0	1.0	1.5	6.8	14
2026-09-07	HTHT	45.77000045776367	7.5	9	1.5	2.0	1.0	1.5	1.0	2.0	2.0	1.0	2.0	1.5	1.0	6.7	6	2.0	2.0	1.0	0.0	1.5	1.5	3.0	5	0.0	0.0	0.0	1.5	1.5	7.3	15
2026-09-07	HTLD	12.4399995803833	5.9	9	0.5	1.0	1.0	1.0	1.0	2.0	2.0	1.0	0.0	1.5	2.0	5.4	6	1.0	2.0	1.0	2.0	0.5	0.0	2.5	5	1.5	0.0	0.0	0.0	1.0	5.8	15
2026-09-07	HTO	64.31999969482422	6.8	9	1.5	1.0	1.0	0.5	2.0	2.0	1.0	1.0	1.0	2.0	2.0	6.7	6	0.5	2.0	1.0	2.0	1.5	1.0	4.0	5	0.0	1.0	0.0	1.0	2.0	6.8	15
2026-09-07	HTRO.ST	38.06999969482422	6.8	8	1.5	2.0	1.0	1.0	1.0	2.0	2.0	1.0	0.5	1.0	2.0	5.4	5	0.0	1.0	1.0	2.0	1.0	1.5	3.5	4	1.5	0.5	0.0	0.5	1.0	6.4	13
2026-09-07	HTT	2.609999895095825														5.8	4	2.0	1.0	1.0	1.0	2.0	0.0	2.5	5	1.5	0.5	0.0	0.0	0.5	5.8	4
2026-09-07	HTWS.L	203.60000610351562	7.3	7	1.5	2.0	1.0	1.0	2.0	2.0	1.0	1.0	2.0	1.5	1.0	4.6	4	0.0	1.0	1.0	1.0	1.0	1.5	4.0	4	1.0	0.0	0.0	2.0	1.0	6.5	11
2026-09-07	HTZ	2.299999952316284	5.2	8	1.0	1.5	1.0	0.0	1.0	1.0	2.0	1.0	1.0	2.0	0.0	3.8	5	1.0	1.0	1.0	0.0	0.5	1.0	4.5	4	2.0	1.0	0.0	1.0	0.5	4.8	13
2026-09-07	HTZWW	2.0350000858306885														5.4	3	2.0	1.0	1.0	1.0	0.5	1.0	7.0	2	2.0	2.0	1.0	1.0	1.0	5.4	3
2026-09-07	HUB.ASX	73.38999938964844	6.8	8	1.5	2.0	1.0	1.0	0.0	2.0	1.0	1.5	1.5	1.5	2.0	5.8	4	0.0	1.0	1.0	1.0	2.0	2.0	3.5	4	1.0	1.5	0.0	0.0	1.0	6.5	12
2026-09-07	HUBB	460.7200012207031	7.5	10	1.5	2.0	1.0	1.0	0.0	2.0	1.5	2.0	1.5	2.0	2.0	6.7	6	1.0	1.0	1.0	2.0	1.5	1.5	3.0	5	1.0	0.0	0.0	1.0	1.0	7.3	16
2026-09-07	HUBG	36.68000030517578	5.7	10	1.0	1.0	1.0	1.0	0.0	2.0	1.0	1.5	1.0	2.0	1.0	5.0	6	1.0	2.0	1.0	0.5	1.0	0.5	3.0	5	1.0	1.0	0.0	0.0	1.0	5.5	16
2026-09-07	HUBS	247.60000610351562	5.2	10	1.5	1.0	1.0	0.5	1.0	1.0	1.5	0.0	1.0	2.0	1.0	6.7	6	2.0	2.0	1.0	0.5	1.0	1.5	2.0	5	1.0	0.5	0.0	0.0	0.5	5.6	16
2026-09-07	HUH1V.HE	31.68000030517578														5.4	5	1.0	1.0	1.0	1.5	1.0	1.0	3.0	4	0.0	1.0	0.0	1.0	1.0	5.4	5
2026-09-07	HUM	401.5400085449219	7.5	10	1.5	1.5	1.0	1.5	2.0	0.5	1.5	2.0	1.0	2.0	2.0	4.6	6	1.5	0.0	1.0	0.0	1.0	2.0	2.5	5	0.5	1.0	0.0	0.5	0.5	6.6	16
2026-09-07	HUMA	0.6050000190734863	4.1	9	2.0	2.0	1.0	0.5	0.0	0.0	1.0	1.0	0.0	0.5	1.0	6.2	5	1.0	1.0	1.0	2.0	0.5	2.0	6.0	5	2.0	1.5	0.0	1.5	1.0	4.7	14
2026-09-07	HUN	9.619999885559082	4.8	9	1.0	1.5	1.0	1.0	0.0	1.5	0.5	1.0	0.0	2.0	1.0	3.3	6	1.0	0.0	1.0	0.0	0.5	1.5	3.0	5	0.5	0.5	0.0	1.0	1.0	4.3	15
2026-09-07	HURN	155.27000427246094	8.9	9	2.0	2.0	1.0	1.5	2.0	2.0	2.0	1.0	2.0	2.0	2.0	5.4	6	1.5	1.0	1.0	0.5	1.0	1.5	2.5	5	0.0	0.5	0.0	1.5	0.5	7.8	15
2026-09-07	HUSCO.CO	31.799999237060547														5.0	3	1.0	1.0	1.0	1.0	0.5	1.5	3.5	4	1.0	1.5	0.0	0.0	1.0	5.0	3
2026-09-07	HUSQB.ST	38.9900016784668														3.3	5	0.5	1.0	1.0	0.0	1.0	0.5	3.5	4	1.5	0.5	0.0	0.5	1.0	3.3	5
2026-09-07	HUT	93.54499816894531	5.0	9	2.0	2.0	1.0	0.5	1.0	0.5	0.0	1.0	0.0	2.0	1.0	4.2	4	1.0	1.0	1.0	0.0	0.0	2.0	4.5	5	2.0	0.0	0.0	2.0	0.5	4.8	13
2026-09-07	HUYA.US	2.119999885559082	6.1	9	1.5	2.0	1.0	1.0	0.0	2.0	2.0	1.0	0.0	1.0	2.0	5.0	6	2.0	1.0	1.0	0.0	0.5	1.5	5.0	5	0.5	2.0	1.0	0.0	1.5	5.8	15
2026-09-07	HVN.ASX	4.320000171661377	5.0	8	0.5	1.0	1.0	1.0	0.0	2.0	1.0	1.0	1.0	0.5	2.0	4.6	4	0.5	1.0	1.0	1.0	1.5	0.5	3.5	4	0.5	1.5	0.0	0.5	1.0	4.9	12
2026-09-07	HVPE.L	3340.0														6.2	4	2.0	1.0	1.0	1.0	2.0	0.5	1.5	4	0.0	0.5	0.0	0.0	1.0	6.2	4
2026-09-07	HVT	28.559999465942383														5.0	5	2.0	1.0	1.0	0.0	1.0	1.0	2.5	5	1.0	1.0	0.0	0.5	0.0	5.0	5
2026-09-07	HWC	75.83999633789062	6.6	8	2.0	1.5	1.0	1.0	1.0	2.0	1.0	1.0	1.0	2.0	1.0	6.7	6	1.0	2.0	1.0	1.0	2.0	1.0	4.0	4	1.0	1.0	0.0	1.0	1.0	6.6	14
2026-09-07	HWDN.L	775.0	6.6	7	1.0	2.0	1.0	1.0	0.0	2.0	1.0	1.0	1.5	2.0	2.0	5.4	4	1.0	1.0	1.0	1.0	1.5	1.0	3.5	4	1.5	0.5	0.0	0.5	1.0	6.2	11
2026-09-07	HWG.L	176.0	6.6	7	1.5	1.5	1.0	1.0	2.0	2.0	1.0	1.0	0.5	1.0	2.0	3.3	4	0.0	1.0	1.0	1.0	1.0	0.0	2.5	4	0.5	1.0	0.0	0.0	1.0	5.6	11
2026-09-07	HWH	1.8799999952316284														3.8	3	1.0	1.0	1.0	1.0	0.5	0.0	1.0	5	0.0	1.0	0.0	0.0	0.0	3.8	3
2026-09-07	HWKN	129.1300048828125	6.6	9	1.5	2.0	1.0	1.0	0.0	2.0	0.5	1.0	1.5	2.0	2.0	2.5	6	0.5	0.0	1.0	0.0	1.0	0.5	3.5	5	0.5	1.0	0.0	0.5	1.5	5.4	15
2026-09-07	HWM	259.2699890136719	8.4	10	2.0	2.0	1.0	2.0	1.0	2.0	1.5	1.0	2.0	2.0	2.0	7.5	6	2.0	0.0	1.0	2.0	2.0	2.0	3.0	5	1.0	0.0	0.0	1.0	1.0	8.1	16
2026-09-07	HXL	91.9800033569336	7.3	10	1.0	2.0	1.0	1.0	1.0	1.5	2.0	1.5	1.0	2.0	2.0	5.0	6	2.0	0.0	1.0	1.0	1.0	1.0	2.5	5	1.0	0.0	0.0	0.5	1.0	6.6	16
2026-09-07	HY	35.75	5.9	9	1.5	2.0	1.0	1.0	2.0	1.5	0.5	1.0	0.0	1.5	1.0	2.1	5	1.0	0.0	1.0	0.0	0.5	0.0	3.5	5	1.5	0.0	0.0	1.0	1.0	4.8	14
2026-09-07	HYFM	0.9539999961853027														3.3	3	1.0	1.0	1.0	1.0	0.0	0.0	4.0	4	2.0	1.0	0.0	1.0	0.0	3.3	3
2026-09-07	HYL.BR	4.489999771118164														3.3	3	1.0	1.0	1.0	1.0	0.0	0.0	3.0	4	0.5	1.5	0.0	0.0	1.0	3.3	3
2026-09-07	HYLN	3.690000057220459	5.7	9	1.5	2.0	1.0	0.5	1.0	2.0	1.5	1.0	0.0	1.0	1.0	6.2	4	1.0	1.0	1.0	2.0	0.5	2.0	3.5	5	2.0	0.5	0.0	0.0	1.0	5.8	13
2026-09-07	HYMC	22.690000534057617	5.7	10	1.5	2.0	1.0	0.0	0.0	2.0	2.0	2.0	0.0	1.0	1.0	4.2	3	1.0	1.0	1.0	0.5	0.5	1.0	4.0	5	2.0	0.5	0.0	0.0	1.5	5.2	13
2026-09-07	HYQ.DE	84.6500015258789	5.5	7	1.5	2.0	1.0	1.0	0.0	1.5	1.0	1.0	1.0	1.0	1.0	4.2	4	0.0	1.0	1.0	1.0	1.0	1.0	4.5	4	2.0	1.0	0.0	0.5	1.0	5.1	11
2026-09-07	HYSG.BR	3.880000114440918														5.0	4	1.5	1.0	1.0	1.0	1.0	0.5	1.0	4	0.0	0.0	0.0	0.0	1.0	5.0	4
2026-09-07	HZO	52.15999984741211	5.0	9	1.5	0.5	1.0	0.5	1.5	1.5	0.0	1.0	0.5	2.0	1.0	5.0	6	1.5	2.0	1.0	0.0	1.0	0.5	5.5	5	1.5	2.0	0.0	1.0	1.0	5.0	15
2026-09-07	IAG.ASX	8.020000457763672	5.9	8	2.0	1.5	1.0	1.0	1.0	2.0	1.0	0.0	1.5	1.0	1.0	6.2	4	2.0	1.0	1.0	1.0	1.0	1.5	2.0	4	0.0	0.5	0.0	0.5	1.0	6.0	12
2026-09-07	IAG.L	431.20001220703125	6.6	8	2.0	2.0	1.0	1.0	1.0	2.0	2.0	1.0	2.0	0.5	0.0	5.4	5	0.5	1.0	1.0	2.0	1.0	1.0	4.0	4	1.5	0.0	0.0	1.5	1.0	6.2	13
2026-09-07	IAG.US	20.479999542236328	8.2	9	2.0	2.0	1.0	1.0	2.0	1.0	2.0	1.0	2.0	2.0	2.0	4.2	6	0.0	0.0	1.0	0.0	2.0	2.0	3.0	5	2.0	0.5	0.0	0.0	0.5	7.0	15
2026-09-07	IAM.PA	9.100000381469727														5.0	4	0.5	1.0	1.0	1.0	1.5	1.0	3.0	4	0.0	1.0	0.0	1.0	1.0	5.0	4
2026-09-07	IART	16.719999313354492	5.5	9	1.0	1.5	1.0	0.5	1.0	1.0	2.0	1.0	0.0	2.0	1.0	5.0	5	2.0	1.0	1.0	0.5	0.5	1.0	5.0	5	1.5	0.5	0.0	1.5	1.5	5.3	14
2026-09-07	IBAB.BR	15.65999984741211														5.0	4	1.0	1.0	1.0	1.0	1.0	1.0	4.0	4	1.5	0.5	0.0	1.0	1.0	5.0	4
2026-09-07	IBCP	37.369998931884766	7.0	8	1.0	1.5	1.0	1.5	2.0	2.0	1.5	1.0	1.0	2.0	1.0	7.9	6	1.5	2.0	1.0	1.5	2.0	1.5	3.0	4	0.5	1.0	0.0	1.0	0.5	7.3	14
2026-09-07	IBE.MC	19.889999389648438	5.0	9	1.0	1.0	1.0	1.0	1.0	1.5	1.5	1.0	1.0	1.0	0.0	5.0	5	0.5	1.0	1.0	1.0	1.5	1.0	3.0	4	0.5	0.5	0.0	1.0	1.0	5.0	14
2026-09-07	IBEX	39.16999816894531														6.7	5	1.5	1.0	1.0	2.0	1.0	1.5	2.5	5	0.5	0.5	0.0	0.5	1.0	6.7	5
2026-09-07	IBKR	92.62000274658203	7.0	10	1.5	1.5	1.0	1.5	2.0	2.0	1.5	0.0	1.5	2.0	1.0	6.7	6	1.5	0.0	1.0	2.0	1.5	2.0	4.5	5	1.5	1.0	0.0	1.5	0.5	6.9	16
2026-09-07	IBM	234.88999938964844	5.9	9	2.0	1.5	1.0	1.5	0.0	1.0	1.5	1.0	2.0	1.5	0.0	5.0	6	1.0	1.0	1.0	0.5	1.5	1.0	3.0	5	0.5	0.5	0.0	1.5	0.5	5.6	15
2026-09-07	IBN	30.299999237060547														6.7	5	2.0	1.0	1.0	0.5	2.0	1.5	2.5	4	0.0	0.5	0.0	1.0	1.0	6.7	5
2026-09-07	IBOC	71.91000366210938														5.4	5	2.0	1.0	1.0	0.0	2.0	0.5	2.5	4	0.5	0.0	0.0	1.0	1.0	5.4	5
2026-09-07	IBP	238.57000732421875	7.0	9	1.0	1.0	1.0	1.0	1.0	2.0	1.5	1.0	2.0	2.0	2.0	5.0	6	0.5	2.0	1.0	0.5	1.0	1.0	4.5	5	1.5	0.5	0.0	1.5	1.0	6.4	15
2026-09-07	IBRX	8.079999923706055	5.2	8	1.5	2.0	1.0	0.0	2.0	1.5	0.0	1.0	1.0	0.5	1.0	6.2	5	1.0	1.0	1.0	2.0	0.5	2.0	3.0	4	0.0	0.0	0.0	1.0	2.0	5.5	13
2026-09-07	IBS.LS	10.220000267028809														5.8	4	2.0	1.0	1.0	1.0	1.0	1.0	2.0	4	0.0	0.0	0.0	1.0	1.0	5.8	4
2026-09-07	IBST.L	84.8499984741211	5.5	7	1.5	2.0	1.0	1.0	0.0	1.5	1.0	1.0	0.0	2.0	1.0	4.6	4	2.0	1.0	1.0	1.0	0.5	0.0	4.0	4	1.0	1.5	0.0	0.5	1.0	5.2	11
2026-09-07	IBTA	38.38999938964844	5.7	9	1.0	1.0	1.0	0.0	2.0	1.5	2.0	1.0	0.0	1.0	2.0	4.6	5	1.0	0.0	1.0	2.0	0.5	1.0	3.5	5	0.0	1.5	0.0	0.0	2.0	5.4	14
2026-09-07	IBU.DE	15.100000381469727														4.6	3	1.0	1.0	1.0	1.0	0.5	1.0	5.5	4	2.0	0.5	2.0	0.0	1.0	4.6	3
2026-09-07	ICAD.PA	17.959999084472656	4.8	8	0.5	0.5	1.0	1.0	0.0	2.0	1.0	1.5	0.0	2.0	1.0	2.9	4	0.5	1.0	1.0	1.0	0.0	0.0	4.0	3	1.0	1.0	0.0	1.0	1.0	4.2	12
2026-09-07	ICE	161.25999450683594	7.7	10	2.0	1.5	1.0	2.0	2.0	2.0	1.5	1.0	1.0	2.0	1.0	5.0	6	1.0	0.0	1.0	1.0	2.0	1.0	2.5	5	1.0	0.5	0.0	0.5	0.5	6.9	16
2026-09-07	ICFI	88.0	6.8	9	1.5	1.5	1.0	1.5	2.0	1.5	1.0	1.0	1.0	2.0	1.0	4.2	6	1.0	1.0	1.0	0.5	1.0	0.5	2.0	5	0.5	0.5	0.0	0.5	0.5	6.0	15
2026-09-07	ICG.L	1946.0	7.5	8	2.0	2.0	1.0	1.0	2.0	1.5	1.0	1.0	1.5	1.5	2.0	5.4	4	1.5	1.0	1.0	1.0	2.0	0.0	3.0	4	1.5	0.0	0.0	0.5	1.0	6.9	12
2026-09-07	ICHR	56.380001068115234	6.6	9	2.0	2.0	1.0	1.0	1.0	1.5	2.0	1.0	0.0	2.0	1.0	6.2	6	2.0	0.0	1.0	2.0	0.5	2.0	2.5	5	2.0	0.0	0.0	0.0	0.5	6.5	15
2026-09-07	ICL	5.869999885559082	7.0	9	1.0	1.0	1.0	2.0	2.0	2.0	1.5	1.0	1.0	1.0	2.0	6.2	5	1.0	1.0	1.0	2.0	1.0	1.5	2.5	5	1.0	0.0	0.0	0.5	1.0	6.8	14
2026-09-07	ICLR	164.85000610351562	5.5	10	1.5	1.5	1.0	1.5	1.0	1.5	0.5	1.0	0.5	2.0	0.0	6.2	6	2.0	2.0	1.0	0.5	1.0	1.0	3.0	5	1.5	0.5	0.0	0.5	0.5	5.7	16
2026-09-07	ICOS.MI	12.579999923706055	6.8	7	2.0	2.0	1.0	1.0	1.0	2.0	1.0	1.0	1.0	1.0	2.0	4.6	4	1.0	1.0	1.0	1.0	1.0	0.5	2.0	4	0.5	0.0	0.0	0.5	1.0	6.1	11
2026-09-07	ICP1V.HE	8.40999984741211														5.0	5	1.0	1.0	1.0	0.0	1.0	2.0	3.5	4	1.5	0.5	0.0	0.5	1.0	5.0	5
2026-09-07	ICUI	167.5800018310547	7.7	9	2.0	1.5	1.0	1.0	2.0	2.0	2.0	1.0	0.5	2.0	2.0	5.4	6	2.0	0.0	1.0	1.5	1.0	1.0	2.5	5	0.5	0.5	0.0	0.5	1.0	7.0	15
2026-09-07	IDA	135.6999969482422	5.7	9	1.5	1.5	1.0	1.0	0.0	2.0	1.5	1.0	1.0	2.0	0.0	6.2	6	1.0	2.0	1.0	1.0	1.5	1.0	2.5	5	0.0	0.0	0.0	1.0	1.5	5.8	15
2026-09-07	IDCC	337.94000244140625	8.4	9	2.0	2.0	1.0	0.5	2.0	2.0	2.0	1.0	2.0	2.0	2.0	4.6	6	1.5	1.0	1.0	0.0	2.0	0.0	4.0	5	1.5	0.0	0.0	0.5	2.0	7.3	15
2026-09-07	IDHC.L	0.515999972820282														7.1	4	2.0	1.0	1.0	1.0	1.5	2.0	2.5	4	0.0	1.0	0.0	0.5	1.0	7.1	4
2026-09-07	IDIP.PA	70.0														4.6	4	0.5	1.0	1.0	1.0	2.0	0.0	2.0	4	0.5	0.5	0.0	0.0	1.0	4.6	4
2026-09-07	IDL.PA	330.0	5.5	5	1.5	2.0	1.0	1.0	0.0	2.0	1.0	1.0	1.0	0.5	1.0	5.0	4	0.5	1.0	1.0	1.0	1.0	1.5	3.5	3	1.0	0.5	0.0	1.0	1.0	5.3	9
2026-09-07	IDR.MC	59.29999923706055	8.0	9	2.0	1.5	1.0	1.0	2.0	2.0	2.0	1.5	1.5	1.0	2.0	5.8	5	0.0	1.0	1.0	2.0	1.0	2.0	3.0	4	1.0	0.5	0.0	0.5	1.0	7.3	14
2026-09-07	IDR.US	31.450000762939453	6.8	9	1.5	2.0	1.0	0.5	1.0	2.0	2.0	1.0	2.0	1.0	1.0	5.4	6	1.0	0.0	1.0	1.0	2.0	1.5	4.0	5	1.5	1.0	0.0	0.0	1.5	6.4	15
2026-09-07	IDT	68.83000183105469														5.8	5	1.5	1.0	1.0	1.5	1.0	1.0	2.5	5	0.5	1.5	0.0	0.0	0.5	5.8	5
2026-09-07	IDX.ASX	2.3299999237060547	5.7	8	2.0	2.0	1.0	1.0	2.0	1.5	1.0	0.5	0.5	1.0	0.0	4.6	4	0.5	1.0	1.0	1.0	1.0	1.0	2.0	4	0.0	0.0	0.0	1.0	1.0	5.4	12
2026-09-07	IDXX	535.3800048828125	6.8	10	1.5	2.0	1.0	1.5	0.0	1.5	1.5	1.0	2.0	2.0	1.0	5.8	6	0.5	2.0	1.0	0.5	2.0	1.0	4.5	5	1.5	1.5	0.0	0.5	1.0	6.5	16
2026-09-07	IDYA	39.86000061035156	7.0	10	2.0	2.0	1.0	0.5	2.0	1.5	2.0	1.5	0.0	2.0	1.0	4.2	4	1.0	2.0	1.0	0.0	0.0	1.0	3.0	5	0.0	1.0	0.0	0.0	2.0	6.2	14
2026-09-07	IE	9.989999771118164	5.7	10	1.5	2.0	1.0	1.0	1.0	2.0	0.0	1.0	0.0	2.0	1.0	4.6	5	1.0	2.0	1.0	1.0	0.5	0.0	3.5	5	1.5	1.0	0.0	0.0	1.0	5.4	15
2026-09-07	IEAG	10.229999542236328														4.6	2	1.0	1.0	1.0	1.0	0.5	1.0	3.0	3	1.0	1.0	0.0	1.0	0.0	4.6	2
2026-09-07	IEL.ASX	1.6399999856948853	5.0	7	1.0	2.0	1.0	1.0	0.0	0.5	1.0	1.0	0.5	2.0	1.0	3.3	4	0.0	1.0	1.0	1.0	1.0	0.0	4.5	4	0.5	2.0	0.0	1.0	1.0	4.5	11
2026-09-07	IEP	6.820000171661377														5.8	4	1.5	1.0	1.0	1.0	0.5	2.0	5.5	5	0.5	1.0	0.0	2.0	2.0	5.8	4
2026-09-07	IEP.BR	0.0020000000949949026														7.5	4	2.0	1.0	1.0	1.0	2.0	2.0	4.0	3	1.0	2.0	0.0	0.0	1.0	7.5	4
2026-09-07	IES.L	22.0	5.0	7	1.5	2.0	1.0	1.0	0.0	2.0	1.0	1.0	0.0	0.5	1.0	5.0	3	1.0	1.0	1.0	1.0	0.0	2.0	2.5	4	1.0	0.5	0.0	0.0	1.0	5.0	10
2026-09-07	IESC	322.57000732421875														6.7	5	0.5	1.0	1.0	2.0	1.5	2.0	2.5	5	1.5	0.0	0.0	0.0	1.0	6.7	5
2026-09-07	IEX	223.74000549316406	7.0	9	2.0	1.5	1.0	1.5	1.0	2.0	1.5	1.0	1.0	2.0	1.0	5.0	6	1.0	0.0	1.0	1.5	1.5	1.0	2.5	5	1.0	0.5	0.0	0.5	0.5	6.4	15
2026-09-07	IFF	86.3499984741211	6.6	9	1.5	1.5	1.0	1.0	2.0	2.0	0.5	1.0	0.0	2.0	2.0	5.0	6	1.0	2.0	1.0	0.0	1.0	1.0	4.5	5	1.0	1.5	0.0	0.5	1.5	6.1	15
2026-09-07	IFRX	2.2200000286102295	6.1	10	1.5	2.0	1.0	1.0	2.0	2.0	0.0	1.0	0.0	2.0	1.0	3.8	3	1.0	1.0	1.0	0.0	0.5	1.0	4.5	5	2.0	0.5	0.0	0.0	2.0	5.4	13
2026-09-07	IFS	55.7400016784668	6.8	8	1.5	2.0	1.0	2.0	1.0	2.0	1.5	1.0	1.5	0.5	1.0	5.0	6	1.5	0.0	1.0	0.5	2.0	1.0	2.0	4	0.0	0.5	0.0	1.0	0.5	6.3	14
2026-09-07	IFX.DE	56.86000061035156	6.4	9	2.0	2.0	1.0	1.0	1.0	1.0	0.5	1.0	1.0	1.5	2.0	6.7	5	2.0	1.0	1.0	1.5	1.0	1.5	3.5	4	2.0	0.0	0.0	0.5	1.0	6.5	14
2026-09-07	IG.MI	8.390000343322754	5.5	8	1.5	2.0	1.0	1.0	0.0	2.0	1.0	1.0	1.5	1.0	0.0	6.2	5	0.5	1.0	1.0	1.5	1.5	2.0	4.0	4	0.5	0.5	0.0	2.0	1.0	5.7	13
2026-09-07	IGG.L	1335.0	6.1	6	1.5	2.0	1.0	1.0	0.0	2.0	1.0	1.0	1.0	2.0	1.0	6.2	4	1.0	1.0	1.0	1.0	2.0	1.5	2.0	4	0.0	0.5	0.0	0.5	1.0	6.1	10
2026-09-07	IGIC	27.040000915527344	5.7	9	1.5	1.5	1.0	1.5	1.0	2.0	0.5	1.0	1.5	1.0	0.0	6.2	6	1.5	2.0	1.0	0.0	2.0	1.0	2.5	4	0.0	0.5	0.0	1.0	1.0	5.8	15
2026-09-07	IGMS CVR		5.0	0	1.0	1.0	1.0	1.0	1.0	1.0	1.0	1.0	1.0	1.0	1.0																5.0	0
2026-09-07	IGO.ASX	8.229999542236328	5.9	8	1.5	1.0	1.0	1.0	2.0	1.5	1.0	0.5	1.0	1.5	1.0	7.1	4	2.0	1.0	1.0	1.0	2.0	1.5	2.0	4	0.5	0.5	0.0	0.0	1.0	6.3	12
2026-09-07	IHG	159.9499969482422	5.7	7	1.5	1.5	1.0	2.0	1.0	2.0	1.0	1.0	1.0	0.5	0.0	6.7	5	1.5	2.0	1.0	1.0	1.5	1.0	3.0	4	1.0	0.5	0.0	1.0	0.5	6.0	12
2026-09-07	IHP.L	386.5	7.3	7	1.5	2.0	1.0	1.0	2.0	2.0	1.0	1.0	2.0	1.5	1.0	5.8	4	0.5	1.0	1.0	1.0	2.0	1.5	3.5	4	1.5	1.0	0.0	0.0	1.0	6.8	11
2026-09-07	IHRT	2.805000066757202	4.5	8	0.5	0.5	1.0	1.0	0.0	2.0	0.0	1.0	1.0	2.0	1.0	2.9	6	0.0	1.0	1.0	0.0	0.5	1.0	5.5	4	2.0	1.0	0.0	1.0	1.5	4.0	14
2026-09-07	IHS	8.470000267028809														5.4	5	2.0	1.0	1.0	0.0	1.0	1.5	3.0	4	0.5	1.0	0.0	1.0	0.5	5.4	5
2026-09-07	III.L	2771.0	6.6	8	2.0	2.0	1.0	1.0	1.0	1.5	1.0	0.5	1.5	2.0	1.0	5.8	4	2.0	1.0	1.0	1.0	2.0	0.0	2.0	4	1.0	0.0	0.0	0.0	1.0	6.4	12
2026-09-07	IIIN	31.260000228881836														4.6	5	1.5	1.0	1.0	0.0	1.0	1.0	0.5	5	0.0	0.0	0.0	0.0	0.5	4.6	5
2026-09-07	IIIV	16.600000381469727	5.2	8	1.5	2.0	1.0	0.0	0.0	1.5	1.5	1.0	1.0	2.0	0.0	5.8	5	1.5	2.0	1.0	1.0	0.5	1.0	4.0	4	1.0	1.5	0.0	0.0	1.5	5.4	13
2026-09-07	IIPR	57.20000076293945	5.5	9	1.0	1.5	1.0	0.5	1.0	1.0	1.0	1.0	1.0	2.0	1.0	5.4	6	1.5	1.0	1.0	0.0	2.0	1.0	4.0	5	1.5	0.0	0.0	0.5	2.0	5.5	15
2026-09-07	ILKKA.HE	3.819999933242798														3.3	5	0.0	1.0	1.0	0.0	1.5	0.5	1.5	4	0.0	0.5	0.0	0.0	1.0	3.3	5
2026-09-07	ILM1.DE	10.819999694824219	5.9	7	2.0	2.0	1.0	1.0	0.0	1.5	1.0	1.0	0.5	1.0	2.0	5.0	4	1.0	1.0	1.0	1.0	1.0	1.0	5.0	4	1.5	2.0	0.0	0.5	1.0	5.6	11
2026-09-07	ILMN	218.22000122070312	7.0	10	1.5	0.5	1.0	0.5	2.0	1.0	2.0	1.0	2.0	2.0	2.0	3.8	6	0.5	0.0	1.0	0.5	1.5	1.0	5.0	5	1.5	1.5	0.0	1.0	1.0	6.0	16
2026-09-07	ILU.ASX	6.920000076293945	5.9	7	1.5	1.5	1.0	1.0	2.0	1.5	1.0	1.0	0.0	1.5	1.0	4.2	4	2.0	1.0	1.0	1.0	0.0	0.0	2.0	4	0.5	0.0	0.0	0.5	1.0	5.4	11
2026-09-07	IMAX	51.63999938964844	6.6	10	2.0	1.0	1.0	0.5	2.0	1.5	2.0	0.5	1.0	2.0	1.0	7.9	6	2.0	2.0	1.0	2.0	1.0	1.5	2.5	5	0.0	1.0	0.0	0.5	1.0	7.0	16
2026-09-07	IMB.L	2489.0	5.9	7	1.5	2.0	1.0	1.0	0.0	2.0	1.0	1.0	2.0	1.5	0.0	5.8	4	2.0	1.0	1.0	1.0	1.0	1.0	4.5	4	0.0	2.0	0.0	1.5	1.0	5.9	11
2026-09-07	IMC.MC	3.9100000858306885														7.1	4	2.0	1.0	1.0	1.0	2.0	1.5	2.0	3	1.0	0.0	0.0	0.0	1.0	7.1	4
2026-09-07	IMCD.NV	97.05999755859375	6.6	7	1.5	1.0	1.0	1.0	2.0	2.0	1.0	1.0	1.0	2.0	1.0	5.0	4	1.0	1.0	1.0	1.0	1.0	1.0	3.5	4	1.0	0.5	0.0	1.0	1.0	6.1	11
2026-09-07	IMCR	36.130001068115234	5.0	9	1.5	2.0	1.0	0.5	2.0	0.0	0.0	1.0	0.0	2.0	1.0	4.2	5	1.0	1.0	1.0	0.0	0.5	1.5	4.0	5	0.5	0.5	0.0	1.0	2.0	4.8	14
2026-09-07	IMD.ASX	3.4700000286102295	5.9	7	1.0	2.0	1.0	1.0	0.0	1.5	1.0	1.0	1.0	1.5	2.0	5.4	4	0.0	1.0	1.0	1.0	1.5	2.0	3.0	4	1.0	0.5	0.0	0.5	1.0	5.8	11
2026-09-07	IMDA.PA	46.20000076293945														4.6	3	1.0	1.0	1.0	1.0	0.5	1.0	2.5	4	0.0	1.0	0.0	0.5	1.0	4.6	3
2026-09-07	IMI.L	3044.0	6.8	8	2.0	1.5	1.0	1.0	2.0	1.5	1.0	0.0	2.0	2.0	1.0	5.4	4	1.0	1.0	1.0	1.0	1.5	1.0	4.0	4	1.0	1.0	0.0	1.0	1.0	6.4	12
2026-09-07	IMKTA	83.06999969482422														5.8	4	2.0	1.0	1.0	1.0	1.0	1.0	2.5	5	0.5	0.0	0.0	0.5	1.5	5.8	4
2026-09-07	IMM.L	3.5999999046325684														4.6	2	1.0	1.0	1.0	1.0	0.5	1.0	6.0	3	2.0	2.0	0.0	1.0	1.0	4.6	2
2026-09-07	IMMO.BR	20.299999237060547														5.4	4	2.0	1.0	1.0	1.0	1.5	0.0	5.0	4	1.0	1.5	0.0	1.5	1.0	5.4	4
2026-09-07	IMMR	7.710000038146973	7.5	9	1.5	2.0	1.0	1.0	2.0	2.0	2.0	1.0	0.5	1.5	2.0	4.6	4	1.0	1.0	1.0	1.0	1.0	0.5	3.5	5	1.0	1.0	0.0	0.5	1.0	6.6	13
2026-09-07	IMMX	13.90999984741211	5.9	10	2.0	2.0	1.0	0.5	2.0	1.0	0.0	1.5	0.0	2.0	1.0	3.8	3	1.0	1.0	1.0	0.0	0.5	1.0	3.0	5	0.0	1.5	0.0	0.0	1.5	5.3	13
2026-09-07	IMNM	26.760000228881836	6.1	9	2.0	2.0	1.0	0.5	2.0	2.0	0.0	1.0	0.0	2.0	1.0	2.9	4	1.0	0.0	1.0	0.0	0.5	1.0	5.0	5	2.0	1.0	0.0	0.0	2.0	5.1	13
2026-09-07	IMO	128.6199951171875	4.8	10	0.5	0.5	1.0	0.0	2.0	1.5	1.0	1.0	1.5	0.5	1.0	4.2	6	0.0	0.0	0.0	2.0	1.0	2.0	6.0	5	1.0	1.0	2.0	0.0	2.0	4.6	16
2026-09-07	IMRX	4.820000171661377	5.2	9	2.0	2.0	1.0	0.0	0.0	1.0	2.0	1.0	0.0	1.5	1.0	5.0	3	1.0	1.0	1.0	1.5	0.5	1.0	4.0	5	0.0	1.0	1.0	0.0	2.0	5.1	12
2026-09-07	IMSR	5.150000095367432	5.2	9	1.5	2.0	1.0	0.5	0.0	2.0	2.0	1.0	0.0	0.5	1.0	5.4	4	1.0	1.0	1.0	2.0	0.5	1.0	4.0	4	1.0	2.0	0.0	0.0	1.0	5.3	13
2026-09-07	IMTX	9.5600004196167	5.7	9	2.0	2.0	1.0	1.0	1.0	1.0	1.0	1.0	0.0	1.5	1.0	4.2	5	1.0	0.0	1.0	0.5	0.5	2.0	3.5	5	1.5	0.0	0.0	0.0	2.0	5.2	14
2026-09-07	IMU.ASX	0.06800000369548798														2.9	4	0.0	1.0	1.0	1.0	0.5	0.0	5.5	4	2.0	2.0	0.0	0.5	1.0	2.9	4
2026-09-07	IMUX	13.109999656677246	5.9	9	2.0	2.0	1.0	1.0	1.0	0.0	2.0	1.0	0.0	2.0	1.0	6.7	4	1.0	2.0	1.5	2.0	0.5	1.0	4.5	5	1.5	0.5	1.0	0.0	1.5	6.1	13
2026-09-07	IMVT	39.25	5.5	9	2.0	2.0	1.0	0.5	1.0	0.5	1.5	1.0	0.0	1.5	1.0	3.8	4	1.0	1.0	1.0	0.0	0.5	1.0	4.5	4	1.0	0.5	0.0	1.0	2.0	5.0	13
2026-09-07	IMXI	14.510000228881836	5.7	9	1.0	0.5	1.0	1.0	1.0	2.0	0.0	1.0	1.0	2.0	2.0	5.4	6	0.5	2.0	1.0	2.0	1.0	0.0	2.0	5	0.5	0.5	0.0	0.5	0.5	5.6	15
2026-09-07	INA.ASX	4.190000057220459	5.5	7	1.5	2.0	1.0	1.0	0.0	2.0	1.0	1.0	1.0	1.5	0.0	7.9	4	2.0	1.0	2.0	1.0	2.0	1.5	5.0	4	1.0	0.5	2.0	0.5	1.0	6.2	11
2026-09-07	INBK	29.75	6.8	8	1.5	1.0	1.0	1.5	2.0	2.0	2.0	1.0	0.0	2.0	1.0	5.0	5	1.0	0.0	1.0	2.0	0.0	2.0	4.5	4	1.0	1.5	0.0	1.0	1.0	6.3	13
2026-09-07	INBX	121.16999816894531	5.7	9	2.0	2.0	1.0	0.0	2.0	1.5	0.0	1.0	0.0	2.0	1.0	2.9	4	1.0	0.0	1.0	0.0	0.5	1.0	5.5	4	2.0	0.5	0.0	1.0	2.0	4.9	13
2026-09-07	INBX.CVR		5.0	0	1.0	1.0	1.0	1.0	1.0	1.0	1.0	1.0	1.0	1.0	1.0																5.0	0
2026-09-07	INCH.L	849.5	7.0	7	1.5	2.0	1.0	1.0	2.0	2.0	1.0	1.0	1.5	1.5	1.0	5.4	4	1.5	1.0	1.0	1.0	1.0	1.0	5.0	4	1.0	1.0	0.0	2.0	1.0	6.5	11
2026-09-07	INCLU.BR	16.799999237060547														6.7	4	2.0	1.0	1.0	1.0	2.0	1.0	4.5	4	0.5	0.5	2.0	0.5	1.0	6.7	4
2026-09-07	INCY	126.75	7.3	10	1.5	1.0	1.0	1.0	2.0	1.5	2.0	1.0	2.0	2.0	1.0	4.2	6	0.0	0.0	1.0	0.0	2.0	2.0	2.5	5	0.5	1.0	0.0	0.0	1.0	6.4	16
2026-09-07	INDB	83.9000015258789	6.1	8	1.0	1.5	1.0	1.0	1.0	2.0	1.0	1.0	1.0	2.0	1.0	4.6	6	0.0	0.0	1.0	0.5	2.0	2.0	3.5	4	0.5	1.0	0.0	1.0	1.0	5.6	14
2026-09-07	INDI	3.5999999046325684	5.5	9	2.0	2.0	1.0	0.0	0.0	2.0	1.0	1.0	0.0	2.0	1.0	5.0	5	1.0	2.0	1.0	0.0	0.0	2.0	5.5	5	2.0	0.5	0.0	1.0	2.0	5.3	14
2026-09-07	INDT.ST	249.60000610351562	6.6	8	1.5	1.0	1.0	1.0	2.0	2.0	1.0	1.0	1.5	1.5	1.0	6.2	5	1.0	1.0	1.0	2.0	1.0	1.5	4.0	4	1.5	1.0	0.0	0.5	1.0	6.5	13
2026-09-07	INDU-A.ST	541.0														5.8	4	0.0	1.0	1.0	1.0	2.0	2.0	3.0	4	1.0	1.0	0.0	0.0	1.0	5.8	4
2026-09-07	INDV	34.939998626708984	5.9	8	2.0	2.0	1.0	0.5	0.0	1.5	2.0	1.0	1.0	2.0	0.0	8.3	6	1.5	2.0	1.0	2.0	2.0	1.5	3.0	4	1.0	0.0	0.0	1.0	1.0	6.6	14
2026-09-07	INEA.PA	32.29999923706055														2.9	4	0.0	1.0	0.0	1.0	1.0	0.5	4.5	4	0.0	0.5	2.0	1.0	1.0	2.9	4
2026-09-07	INF.L	911.2000122070312	6.4	8	1.5	1.5	1.0	1.0	2.0	2.0	1.0	1.5	0.5	2.0	0.0	5.8	4	2.0	1.0	1.0	1.0	1.0	1.0	2.5	4	0.5	0.5	0.0	0.5	1.0	6.2	12
2026-09-07	INF.PA	40.5														5.8	4	2.0	1.0	1.0	1.0	1.0	1.0	1.0	4	0.0	0.0	0.0	0.0	1.0	5.8	4
2026-09-07	INFQ	12.850000381469727	6.4	8	2.0	2.0	1.0	1.0	1.5	2.0	0.5	1.0	1.0	1.0	1.0	5.0	3	1.0	1.0	1.0	1.0	0.0	2.0	2.0	4	1.0	0.5	0.0	0.0	0.5	6.0	11
2026-09-07	INFY	11.699999809265137	6.4	10	1.0	1.5	1.0	1.5	1.0	2.0	1.5	0.0	2.0	0.5	2.0	5.0	6	1.0	1.0	1.0	0.5	1.5	1.0	2.5	5	0.0	1.5	0.0	0.0	1.0	6.0	16
2026-09-07	ING.ASX	2.0799999237060547	4.8	8	1.0	1.0	1.0	1.0	0.0	2.0	1.0	0.0	1.0	1.5	1.0	5.0	4	1.0	1.0	1.0	1.0	1.0	1.0	3.0	4	0.0	0.0	0.0	2.0	1.0	4.9	12
2026-09-07	ING.L	65.0														5.8	4	2.0	1.0	1.0	1.0	1.5	0.5	4.5	3	0.5	1.0	1.0	1.0	1.0	5.8	4
2026-09-07	INGA.NV	32.005001068115234	7.3	8	2.0	1.5	1.0	1.0	1.5	2.0	1.5	1.5	1.5	1.5	1.0	6.7	5	1.0	1.0	1.0	1.5	2.0	1.5	5.0	3	1.0	2.0	0.0	1.0	1.0	7.1	13
2026-09-07	INGM	28.84000015258789	6.8	10	1.5	1.5	1.0	0.5	2.0	2.0	1.5	1.0	1.0	2.0	1.0	5.0	6	1.0	0.0	1.0	1.5	1.0	1.5	3.5	4	1.0	0.5	0.0	1.0	1.0	6.3	16
2026-09-07	INGN	5.420000076293945	6.6	9	1.5	2.0	1.0	1.0	0.0	2.0	2.0	1.0	0.0	2.0	2.0	5.4	4	1.0	2.0	1.0	1.0	0.5	1.0	4.0	5	1.5	1.5	0.0	0.0	1.0	6.2	13
2026-09-07	INGR	101.26000213623047	5.9	9	1.0	1.5	1.0	1.0	0.0	2.0	0.5	1.0	1.0	2.0	2.0	5.4	6	1.5	2.0	1.0	0.0	1.0	1.0	3.5	5	0.5	1.0	0.0	0.5	1.5	5.8	15
2026-09-07	INH.DE	38.20000076293945	6.1	8	1.5	2.0	1.0	1.0	1.5	2.0	0.0	1.0	1.0	0.5	2.0	6.2	4	1.5	1.0	1.0	1.0	1.0	2.0	5.5	4	1.5	2.0	0.0	1.0	1.0	6.1	12
2026-09-07	INHD	4.53000020980835														5.8	4	2.0	1.0	1.0	1.0	0.0	2.0	4.0	5	2.0	2.0	0.0	0.0	0.0	5.8	4
2026-09-07	INIO	20.770000457763672	6.1	8	2.0	2.0	1.0	0.5	0.5	1.0	2.0	1.0	1.0	1.5	1.0	5.0	4	0.0	1.0	1.0	1.0	1.0	2.0	5.0	4	1.0	1.5	0.0	2.0	0.5	5.8	12
2026-09-07	INKT	11.640000343322754	6.8	8	1.5	2.0	1.0	1.5	2.0	2.0	2.0	1.0	1.0	0.0	1.0	5.4	3	1.0	1.0	1.0	2.0	0.5	1.0	2.5	4	0.0	0.0	0.0	1.0	1.5	6.4	11
2026-09-07	INMD	14.90999984741211	6.1	9	1.0	1.5	1.0	1.5	1.0	2.0	1.0	1.0	1.0	1.5	1.0	4.6	6	2.0	0.0	1.0	0.0	2.0	0.5	3.0	5	2.0	0.0	0.0	0.0	1.0	5.6	15
2026-09-07	INN	5.789999961853027	7.0	10	1.5	2.0	1.0	2.0	1.0	2.0	2.0	1.0	0.0	2.0	1.0	5.4	5	1.0	1.0	1.0	2.0	0.5	1.0	2.5	5	1.5	0.0	0.0	1.0	0.0	6.5	15
2026-09-07	INO	1.4299999475479126	4.5	9	1.5	2.0	1.0	0.0	1.5	1.0	0.0	1.0	0.0	1.0	1.0	5.4	4	1.0	1.0	1.0	2.0	0.5	1.0	4.0	5	1.5	0.0	0.0	1.5	1.0	4.8	13
2026-09-07	INOD	55.65999984741211	7.0	9	1.5	2.0	1.0	0.5	0.0	2.0	2.0	1.0	2.0	1.5	2.0	6.7	6	2.0	1.0	1.0	0.5	1.5	2.0	3.5	5	2.0	0.5	0.0	0.0	1.0	6.9	15
2026-09-07	INPP.L	139.1999969482422														7.5	4	2.0	1.0	1.0	1.0	2.0	2.0	2.5	3	0.0	0.5	0.0	1.0	1.0	7.5	4
2026-09-07	INPST.NV	15.5600004196167														4.6	4	0.0	1.0	1.0	1.0	1.0	1.5	6.0	4	1.0	2.0	0.0	2.0	1.0	4.6	4
2026-09-07	INS.DE	7.380000114440918														6.2	4	2.0	1.0	1.0	1.0	1.5	1.0	4.5	4	1.5	1.5	0.0	0.5	1.0	6.2	4
2026-09-07	INSE	5.590000152587891	6.6	8	1.5	2.0	1.0	1.0	0.0	2.0	2.0	1.0	1.0	2.0	1.0	2.5	5	1.0	1.0	1.0	0.0	0.0	0.0	5.5	4	1.5	1.5	0.0	1.0	1.5	5.4	13
2026-09-07	INSM	126.29000091552734	6.6	9	2.0	2.0	1.0	1.0	1.0	1.5	2.0	1.0	0.0	2.0	1.0	7.1	6	1.5	2.0	1.0	2.0	0.0	2.0	3.5	5	1.0	0.5	0.0	1.0	1.0	6.7	15
2026-09-07	INSP	63.08000183105469	6.1	10	1.5	1.0	1.0	0.5	1.0	1.0	2.0	1.0	1.5	2.0	1.0	3.8	6	1.5	0.0	1.0	0.0	1.5	0.5	2.0	5	0.5	0.5	0.0	0.0	1.0	5.4	16
2026-09-07	INSW	104.5	7.5	9	1.5	1.0	1.0	1.0	2.0	2.0	2.0	1.0	2.0	2.0	1.0	8.3	6	2.0	1.0	1.0	2.0	2.0	2.0	3.0	5	0.0	2.0	0.0	0.0	1.0	7.7	15
2026-09-07	INTA	41.709999084472656	5.2	9	0.5	0.0	1.0	1.0	2.0	2.0	2.0	1.0	0.0	2.0	0.0	6.7	6	2.0	1.0	1.0	2.0	0.5	1.5	1.5	5	0.0	0.5	0.0	0.0	1.0	5.6	15
2026-09-07	INTC	95.80000305175781	6.1	10	1.0	2.0	1.0	1.5	1.0	0.0	2.0	1.5	0.0	1.5	2.0	6.2	6	1.5	1.0	1.0	2.0	0.0	2.0	3.0	5	2.0	0.0	0.0	0.5	0.5	6.1	16
2026-09-07	INTEAb.ST	72.0999984741211														7.1	4	1.5	1.0	1.0	1.0	2.0	2.0	3.0	3	1.0	0.0	0.0	1.0	1.0	7.1	4
2026-09-07	INTR	5.659999847412109	6.6	9	1.5	2.0	1.0	1.5	1.0	2.0	1.0	1.0	1.5	1.0	1.0	6.7	5	2.0	1.0	1.0	0.0	2.0	2.0	3.5	4	1.0	1.0	0.0	1.0	0.5	6.6	14
2026-09-07	INTRUM.ST	3.8980000019073486	6.4	8	1.5	2.0	1.0	1.0	1.0	2.0	2.0	1.0	0.0	0.5	2.0	3.3	4	0.5	1.0	1.0	1.0	0.0	0.5	6.5	4	1.5	2.0	0.0	2.0	1.0	5.5	12
2026-09-07	INTS	4.099999904632568	5.0	9	1.5	2.0	1.0	1.5	0.0	2.0	0.0	1.0	0.0	1.0	1.0	3.8	3	1.0	1.0	1.0	0.0	0.5	1.0	4.5	5	2.0	2.0	0.0	0.0	0.5	4.6	12
2026-09-07	INTT	11.15999984741211	6.6	9	1.5	2.0	1.0	1.5	0.0	1.5	2.0	1.0	0.5	1.5	2.0	5.8	6	0.0	1.0	1.0	2.0	1.0	2.0	2.5	5	1.5	0.5	0.0	0.0	0.5	6.4	15
2026-09-07	INTU	332.70001220703125	6.6	10	1.5	1.5	1.0	1.5	1.0	1.0	1.5	0.0	1.5	2.0	2.0	6.7	6	1.5	2.0	1.0	0.0	2.0	1.5	3.0	5	1.0	1.0	0.0	0.5	0.5	6.6	16
2026-09-07	INV.US	1.1100000143051147	4.8	10	1.5	2.0	1.0	0.5	0.0	2.0	0.5	1.0	0.0	1.0	1.0	4.6	4	1.0	1.0	1.0	0.0	0.5	2.0	2.5	5	0.0	2.0	0.0	0.0	0.5	4.7	14
2026-09-07	INVA	21.329999923706055	6.6	9	2.0	2.0	1.0	0.5	0.0	1.5	1.5	1.0	2.0	2.0	1.0	7.1	6	2.0	1.0	1.0	1.0	2.0	1.5	1.5	5	0.0	0.0	0.0	0.0	1.5	6.7	15
2026-09-07	INVE	2.809999942779541	6.1	9	1.0	2.0	1.0	1.5	1.0	1.5	2.0	1.0	0.0	1.5	1.0	5.4	6	2.0	0.0	1.0	2.0	0.0	1.5	3.0	5	1.5	1.0	0.0	0.0	0.5	5.9	15
2026-09-07	INVE-A.ST	404.20001220703125														5.8	4	0.0	1.0	1.0	1.0	2.0	2.0	2.5	4	0.5	1.0	0.0	0.0	1.0	5.8	4
2026-09-07	INVEB.ST	408.04998779296875														5.8	4	0.0	1.0	1.0	1.0	2.0	2.0	2.5	4	0.5	1.0	0.0	0.0	1.0	5.8	4
2026-09-07	INVH	28.389999389648438	5.9	10	1.5	1.5	1.0	1.5	1.0	2.0	0.5	1.0	1.0	2.0	0.0	5.4	6	0.0	0.0	1.0	2.0	2.0	1.5	3.0	5	1.0	0.0	0.0	1.0	1.0	5.8	16
2026-09-07	INVP.L	670.0														6.7	4	2.0	1.0	1.0	1.0	2.0	1.0	3.0	3	0.0	1.0	0.0	1.0	1.0	6.7	4
2026-09-07	INVX	30.06999969482422	6.8	9	1.5	1.5	1.0	1.0	2.0	2.0	1.0	1.0	1.0	2.0	1.0	4.6	6	0.5	0.0	1.0	2.0	1.0	1.0	2.5	4	1.0	0.5	0.0	0.0	1.0	6.1	15
2026-09-07	INVZ	0.3449999988079071	4.8	9	1.0	2.0	1.0	1.0	0.0	2.0	0.0	1.0	0.0	0.5	2.0	5.8	4	1.0	1.0	1.0	2.0	0.0	2.0	5.0	5	1.5	2.0	0.0	0.5	1.0	5.1	13
2026-09-07	INW.MI	6.179999828338623	4.5	8	1.5	2.0	1.0	1.0	0.0	2.0	0.0	1.0	1.0	0.5	0.0	5.4	4	1.0	1.0	1.0	1.0	2.0	0.5	5.0	4	1.0	1.5	0.0	1.5	1.0	4.8	12
2026-09-07	INWI.ST	183.8000030517578														5.0	5	1.0	1.0	1.0	0.5	1.0	1.5	4.0	4	1.5	1.0	0.0	0.5	1.0	5.0	5
2026-09-07	IOM.L	14.350000381469727	4.1	7	0.5	0.0	1.0	1.0	1.0	2.0	1.0	1.0	0.0	1.5	0.0	3.8	3	1.0	1.0	0.5	1.0	0.5	0.5	6.5	4	1.0	1.0	2.0	1.5	1.0	4.0	10
2026-09-07	IONQ	39.52000045776367	4.8	10	2.0	2.0	1.0	0.5	0.0	1.5	0.0	1.0	0.0	1.5	1.0	5.4	5	1.0	2.0	1.0	0.0	0.5	2.0	3.0	5	2.0	0.5	0.0	0.0	0.5	5.0	15
2026-09-07	IONS	58.09000015258789	5.7	10	2.0	2.0	1.0	0.5	0.0	1.0	2.0	1.0	0.0	2.0	1.0	2.5	6	0.0	2.0	1.0	0.0	0.0	0.0	4.0	5	0.0	0.5	0.0	2.0	1.5	4.7	16
2026-09-07	IOS.DE	34.720001220703125	6.4	8	2.0	1.5	1.0	1.0	2.0	2.0	1.0	1.0	2.0	0.5	0.0	5.4	4	1.0	1.0	1.0	1.0	1.5	1.0	3.0	4	0.0	0.0	0.0	2.0	1.0	6.1	12
2026-09-07	IOSP	93.94999694824219	8.0	9	1.5	1.5	1.0	1.5	2.0	2.0	2.0	1.0	1.0	2.0	2.0	6.2	6	2.0	2.0	1.0	0.0	1.0	1.5	3.0	5	1.0	1.5	0.0	0.0	0.5	7.5	15
2026-09-07	IOT	40.20000076293945	7.7	10	1.5	2.0	1.0	1.0	2.0	2.0	2.0	0.5	1.0	2.0	2.0	6.7	6	0.0	1.0	2.0	2.0	1.0	2.0	5.0	5	1.5	0.5	2.0	0.0	1.0	7.4	16
2026-09-07	IOVA	8.789999961853027	5.7	9	2.0	1.5	1.0	0.0	2.0	1.0	1.0	1.0	0.0	2.0	1.0	6.7	5	1.0	2.0	1.0	2.0	0.0	2.0	3.5	5	1.0	1.5	0.0	0.0	1.0	6.0	14
2026-09-07	IP.MI	36.279998779296875	5.9	8	1.0	1.5	1.0	1.0	1.0	2.0	0.5	1.0	1.0	1.0	2.0	5.8	5	1.0	1.0	1.0	1.5	1.5	1.0	3.5	4	1.5	0.5	0.0	0.5	1.0	5.9	13
2026-09-07	IP.US	37.2400016784668	5.2	9	2.0	2.0	1.0	0.5	0.0	2.0	0.0	1.0	0.0	2.0	1.0	3.8	6	1.0	2.0	1.0	0.0	0.0	0.5	3.0	5	1.0	0.0	0.0	0.5	1.5	4.8	15
2026-09-07	IPAR	116.69000244140625	5.9	9	1.0	1.5	1.0	0.5	1.0	1.0	1.5	1.0	1.5	2.0	1.0	6.7	6	0.5	2.0	1.0	2.0	1.5	1.0	3.0	5	1.0	0.5	0.0	0.0	1.5	6.1	15
2026-09-07	IPDN	0.10999999940395355														3.3	3	1.0	1.0	1.0	1.0	0.0	0.0	3.5	5	1.5	2.0	0.0	0.0	0.0	3.3	3
2026-09-07	IPF.L	250.0														6.2	4	2.0	1.0	1.0	1.0	1.0	1.5	4.0	4	0.0	2.0	0.0	1.0	1.0	6.2	4
2026-09-07	IPGP	78.0	5.9	9	1.5	2.0	1.0	0.0	0.0	2.0	2.0	1.0	0.5	2.0	1.0	7.1	6	1.0	2.0	1.0	2.0	1.0	1.5	4.0	5	1.0	1.5	0.0	0.0	1.5	6.3	15
2026-09-07	IPH.ASX	3.3499999046325684	5.9	7	1.5	2.0	1.0	1.0	0.0	1.5	1.0	1.0	1.0	1.0	2.0	5.4	4	1.5	1.0	1.0	1.0	1.5	0.5	2.5	4	0.0	1.0	0.0	0.5	1.0	5.8	11
2026-09-07	IPH.PA	1.7519999742507935														3.8	3	1.0	1.0	1.0	1.0	0.5	0.0	3.0	3	1.0	0.0	0.0	1.0	1.0	3.8	3
2026-09-07	IPI	40.5099983215332	5.7	9	0.5	0.5	1.0	1.5	2.0	1.0	2.0	1.0	0.5	1.5	1.0	7.5	6	2.0	2.0	1.0	2.0	1.5	0.5	2.0	5	1.5	0.0	0.0	0.0	0.5	6.2	15
2026-09-07	IPN.PA	164.6999969482422	6.8	8	1.5	2.0	1.0	1.0	2.0	1.5	1.0	1.5	1.0	0.5	2.0	6.7	4	2.0	1.0	1.0	1.0	1.5	1.5	2.0	4	0.0	1.0	0.0	0.0	1.0	6.8	12
2026-09-07	IPO.L	69.19999694824219														6.7	3	2.0	1.0	1.0	1.0	2.0	1.0	3.0	4	1.5	0.5	0.0	0.0	1.0	6.7	3
2026-09-07	IPOK.DE	124.0														4.6	2	1.0	1.0	1.0	1.0	0.5	1.0	1.5	4	0.0	0.5	0.0	0.0	1.0	4.6	2
2026-09-07	IPR.LS	0.20999999344348907														3.8	4	0.0	1.0	1.0	1.0	1.0	0.5	2.5	4	0.0	0.0	0.0	1.5	1.0	3.8	4
2026-09-07	IPS.PA	36.81999969482422	5.7	8	1.0	1.5	1.0	1.0	1.0	2.0	1.0	0.5	1.0	1.5	1.0	5.4	4	1.5	1.0	1.0	1.0	1.0	1.0	2.0	4	0.5	0.0	0.0	0.5	1.0	5.6	12
2026-09-07	IPX	21.75	5.2	9	1.5	2.0	1.0	1.5	0.0	2.0	1.0	1.0	0.0	0.5	1.0	5.4	4	1.0	2.0	1.0	1.0	0.5	1.0	4.0	5	1.5	1.5	0.0	0.0	1.0	5.3	13
2026-09-07	IQ.US	0.8799999952316284	4.8	9	1.5	2.0	1.0	0.5	0.0	2.0	1.5	1.0	0.0	1.0	0.0	2.5	6	1.0	0.0	1.0	0.0	0.5	0.5	5.0	5	0.0	2.0	0.0	1.0	2.0	4.1	15
2026-09-07	IQE.L	47.45000076293945														5.0	4	2.0	1.0	1.0	1.0	0.0	1.0	5.0	4	2.0	0.0	1.0	1.0	1.0	5.0	4
2026-09-07	IQV	267.7699890136719	7.0	10	2.0	1.0	1.0	1.5	2.0	2.0	1.5	1.0	1.5	2.0	0.0	5.8	6	2.0	1.0	1.0	1.0	1.0	1.0	5.0	5	1.0	1.5	0.0	2.0	0.5	6.6	16
2026-09-07	IR	76.36000061035156	7.3	9	2.0	2.0	1.0	1.5	0.0	2.0	1.5	1.0	1.0	2.0	2.0	5.4	6	2.0	0.0	1.0	1.0	1.5	1.0	3.0	5	1.0	0.5	0.0	0.5	1.0	6.7	15
2026-09-07	IRD	4.670000076293945	5.5	10	2.0	2.0	1.0	0.5	2.0	1.0	0.0	1.0	0.0	1.5	1.0	5.0	5	1.0	2.0	1.5	1.0	0.5	0.0	5.0	4	0.5	0.5	1.0	1.0	2.0	5.3	15
2026-09-07	IRDM	47.209999084472656	6.4	9	1.5	0.0	1.0	1.5	1.0	2.0	0.5	1.0	1.5	2.0	2.0	6.2	6	1.0	1.0	1.0	2.0	1.5	1.0	4.0	5	1.0	0.5	0.0	2.0	0.5	6.3	15
2026-09-07	IRE.ASX	5.639999866485596	6.6	7	1.5	2.0	1.0	1.0	0.0	2.0	1.0	1.0	1.5	1.5	2.0	4.2	4	0.5	1.0	1.0	1.0	1.5	0.0	4.0	4	1.0	1.5	0.0	0.5	1.0	5.9	11
2026-09-07	IREN	44.68000030517578	5.7	10	1.5	2.0	1.0	0.0	1.0	1.0	2.0	1.5	0.0	1.5	1.0	1.2	6	0.5	0.0	1.0	0.0	0.0	0.0	4.0	5	2.0	0.0	0.0	1.5	0.5	4.3	16
2026-09-07	IRM	116.86000061035156	6.8	9	2.0	2.0	1.0	1.5	1.0	2.0	1.5	1.0	1.0	2.0	0.0	5.4	6	0.5	2.0	1.0	0.5	1.0	1.5	4.0	4	1.5	0.5	0.0	1.0	1.0	6.4	15
2026-09-07	IRMD	83.44999694824219	6.4	9	1.5	2.0	1.0	1.0	0.0	2.0	1.5	1.0	1.5	1.5	1.0	4.6	5	0.0	1.0	0.5	1.0	2.0	1.0	4.0	4	1.0	0.0	1.0	1.0	1.0	5.9	14
2026-09-07	IRON	79.2300033569336	6.1	10	2.0	2.0	1.0	0.0	2.0	1.5	1.0	1.0	0.0	2.0	1.0	5.4	4	1.0	1.0	1.0	2.0	0.5	1.0	4.5	5	2.0	0.5	0.0	0.0	2.0	5.9	14
2026-09-07	IRS	15.15999984741211														5.8	4	0.5	1.0	1.0	1.0	2.0	1.5	3.0	4	1.0	0.0	0.0	0.5	1.5	5.8	4
2026-09-07	IRT	16.09000015258789	5.0	10	1.5	1.5	1.0	1.0	0.0	2.0	0.0	1.5	0.5	2.0	0.0	5.0	6	0.0	2.0	1.0	1.0	1.0	1.0	2.5	5	1.0	0.0	0.0	0.5	1.0	5.0	16
2026-09-07	IRTC	123.06999969482422	7.0	10	2.0	2.0	1.0	1.0	1.0	2.0	2.0	1.5	0.0	2.0	1.0	5.4	5	1.0	2.0	1.0	0.0	0.5	2.0	5.5	5	1.5	1.0	0.0	2.0	1.0	6.5	15
2026-09-07	IRWD	4.260000228881836														8.3	5	2.0	1.0	1.0	2.0	2.0	2.0	3.0	4	0.0	0.5	0.0	1.0	1.5	8.3	5
2026-09-07	IS7.DE	1.649999976158142														3.3	4	1.0	1.0	0.0	1.0	0.5	0.5	6.0	4	0.0	1.5	2.0	1.5	1.0	3.3	4
2026-09-07	ISHA.DE	1.399999976158142														4.2	3	1.0	1.0	1.0	1.0	0.5	0.5	2.0	4	0.5	0.0	0.0	0.5	1.0	4.2	3
2026-09-07	ISP.MI	6.736000061035156	6.8	8	2.0	1.5	1.0	1.0	2.0	2.0	1.5	1.0	1.0	1.0	1.0	6.2	5	1.0	1.0	1.0	1.5	2.0	1.0	4.5	3	1.0	1.5	0.0	1.0	1.0	6.6	13
2026-09-07	ISPR	1.5399999618530273	5.5	8	1.5	2.0	1.0	1.5	1.0	2.0	0.0	1.0	1.0	0.0	1.0	4.2	4	1.0	1.0	1.0	2.0	0.0	0.0	6.0	4	2.0	1.0	0.0	1.0	2.0	5.1	12
2026-09-07	ISRG	366.70001220703125	7.5	10	2.0	2.0	1.0	1.5	0.0	1.5	2.0	2.0	1.5	2.0	1.0	5.8	6	1.0	0.0	1.0	1.5	2.0	1.5	4.0	4	1.5	1.0	0.0	1.0	0.5	7.0	16
2026-09-07	ISRLF	12.600000381469727														4.2	2	1.0	1.0	0.5	1.0	0.5	1.0	4.5	4	0.0	1.0	1.0	1.0	1.5	4.2	2
2026-09-07	ISS.CO	280.6000061035156														5.0	4	1.0	1.0	1.0	1.0	1.0	1.0	4.5	4	1.0	1.0	0.0	1.5	1.0	5.0	4
2026-09-07	IT	186.4199981689453	6.1	10	1.0	1.0	1.0	0.5	2.0	1.5	2.0	0.5	2.0	2.0	0.0	7.1	6	2.0	2.0	1.0	1.5	1.5	0.5	3.0	4	1.0	0.0	0.0	1.0	1.0	6.4	16
2026-09-07	ITG	13.109999656677246	7.5	8	2.0	2.0	1.0	2.0	1.0	2.0	0.5	1.0	1.0	2.0	2.0	5.4	3	1.0	1.0	1.0	1.0	0.5	2.0	3.5	4	1.0	0.5	0.0	2.0	0.0	6.9	11
2026-09-07	ITGR	126.5	6.4	9	1.0	1.0	1.0	1.0	1.5	2.0	1.5	1.0	1.0	2.0	1.0	5.0	6	0.5	2.0	1.0	1.0	1.0	0.5	3.5	5	0.5	2.0	0.0	0.5	0.5	6.0	15
2026-09-07	ITIC	297.9700012207031														5.8	4	1.0	1.0	1.0	1.0	1.5	1.5	2.0	5	0.5	1.0	0.0	0.0	0.5	5.8	4
2026-09-07	ITM.MI	25.549999237060547	5.2	7	1.0	1.5	1.0	1.0	0.0	2.0	1.0	1.0	0.5	0.5	2.0	4.2	4	0.0	1.0	1.0	1.0	1.0	1.0	3.0	4	0.5	1.0	0.0	0.5	1.0	4.9	11
2026-09-07	ITN.DE	0.3700000047683716														3.8	3	1.0	1.0	1.0	1.0	0.5	0.0	2.5	3	0.0	0.5	0.0	1.0	1.0	3.8	3
2026-09-07	ITP.PA	28.0														4.6	4	0.5	1.0	1.0	1.0	1.5	0.5	3.0	4	1.0	1.0	0.0	0.0	1.0	4.6	4
2026-09-07	ITRI	97.01000213623047	8.0	9	2.0	2.0	1.0	0.5	2.0	1.5	2.0	1.0	1.5	2.0	2.0	6.7	6	2.0	2.0	1.0	1.0	1.5	0.5	4.0	5	1.5	0.5	0.0	1.0	1.0	7.6	15
2026-09-07	ITRK.L	5860.0	6.4	8	1.0	1.0	1.0	1.0	2.0	2.0	1.0	0.0	2.0	2.0	1.0	4.6	4	0.5	1.0	1.0	1.0	1.0	1.0	5.5	4	1.0	2.0	0.0	1.5	1.0	5.9	12
2026-09-07	ITRN	51.7400016784668	8.0	9	1.5	2.0	1.0	2.0	1.0	2.0	1.5	1.0	2.0	1.5	2.0	5.8	6	0.5	0.0	1.0	2.0	1.5	2.0	1.0	5	0.5	0.0	0.0	0.0	0.5	7.3	15
2026-09-07	ITT	204.3300018310547	7.5	9	2.0	2.0	1.0	1.0	2.0	2.0	1.5	1.0	1.0	2.0	1.0	7.1	6	1.0	2.0	1.0	1.5	1.0	2.0	3.5	5	1.5	0.0	0.0	0.5	1.5	7.4	15
2026-09-07	ITUB	8.149999618530273	7.0	8	1.5	2.0	1.0	2.0	2.0	2.0	1.0	1.0	1.5	0.5	1.0	5.8	6	1.5	0.0	1.0	1.0	2.0	1.5	1.0	4	0.0	0.0	0.0	1.0	0.0	6.6	14
2026-09-07	ITV.L	71.0999984741211	5.7	7	1.0	1.5	1.0	1.0	0.0	2.0	1.0	1.0	1.0	2.0	1.0	5.4	4	1.5	1.0	1.0	1.0	1.0	1.0	3.0	4	1.0	0.5	0.0	0.5	1.0	5.6	11
2026-09-07	ITW	270.1199951171875	6.8	9	1.0	1.5	1.0	1.5	1.0	1.5	1.5	1.0	2.0	2.0	1.0	5.4	6	0.5	1.0	1.0	1.5	1.5	1.0	4.5	5	1.0	0.0	0.0	2.0	1.5	6.4	15
2026-09-07	ITX.MC	57.439998626708984	7.0	9	2.0	1.5	1.0	1.0	2.0	2.0	1.0	1.5	2.0	0.5	1.0	5.4	5	0.5	1.0	1.0	1.5	1.5	1.0	3.5	4	1.0	1.0	0.0	0.5	1.0	6.5	14
2026-09-07	IUR.DE	1.6100000143051147														2.9	4	0.0	1.0	1.0	1.0	0.0	0.5	6.5	4	0.5	1.5	2.0	1.5	1.0	2.9	4
2026-09-07	IVA.PA	4.059999942779541	6.1	7	1.5	2.0	1.0	1.0	1.0	2.0	1.0	1.0	1.0	1.0	1.0	3.8	3	1.0	1.0	1.0	1.0	0.5	0.0	3.0	3	1.0	0.0	0.0	1.0	1.0	5.4	10
2026-09-07	IVCAF	12.0														4.6	1	1.0	1.0	1.0	1.0	0.5	1.0	2.0	3	0.0	0.0	1.0	1.0	0.0	4.6	1
2026-09-07	IVCBF	6.0														5.4	2	2.0	1.0	1.0	1.0	0.5	1.0	2.0	4	0.0	0.5	1.0	0.5	0.0	5.4	2
2026-09-07	IVR	7.199999809265137	4.5	9	0.5	1.5	1.0	1.0	0.0	2.0	1.0	1.0	1.0	1.0	0.0	5.0	5	0.0	2.0	1.0	0.0	2.0	1.0	6.0	5	1.5	1.5	0.0	2.0	1.0	4.7	14
2026-09-07	IVSO.ST	236.1999969482422														4.6	5	0.0	1.0	1.0	0.0	1.5	2.0	2.5	4	1.0	0.5	0.0	0.0	1.0	4.6	5
2026-09-07	IVT	32.630001068115234	6.1	10	1.5	1.5	1.0	1.0	1.0	2.0	0.0	1.0	0.5	2.0	2.0	3.3	6	0.0	0.0	1.0	0.5	1.0	1.5	4.0	5	2.0	0.0	0.0	0.5	1.5	5.3	16
2026-09-07	IVU.DE	25.5														5.4	4	1.0	1.0	1.0	1.0	1.0	1.5	4.0	4	1.0	2.0	0.0	0.0	1.0	5.4	4
2026-09-07	IVVD	0.8259999752044678	5.9	10	2.0	2.0	1.0	0.5	1.0	2.0	0.5	1.0	0.0	2.0	1.0	3.3	5	1.0	0.0	1.0	0.0	0.0	2.0	4.0	5	1.0	1.0	0.0	0.0	2.0	5.1	15
2026-09-07	IVZ.US	33.06999969482422	6.6	9	1.5	1.5	1.0	1.5	2.0	2.0	2.0	1.0	0.0	2.0	0.0	6.2	6	2.0	0.0	1.0	2.0	0.5	2.0	3.5	5	1.5	1.5	0.0	0.0	0.5	6.5	15
2026-09-07	IWG.L	188.60000610351562	5.7	7	1.5	2.0	1.0	1.0	1.0	2.0	1.0	1.0	1.0	1.0	0.0	4.2	4	0.0	1.0	1.0	1.0	1.0	1.0	4.0	3	1.5	0.5	0.0	1.0	1.0	5.2	11
2026-09-07	IX	39.939998626708984														5.4	4	0.5	1.0	1.0	1.0	1.5	1.5	3.5	5	0.5	1.0	0.0	1.0	1.0	5.4	4
2026-09-07	IXHL	3.244999885559082	5.2	9	1.5	2.0	1.0	1.0	0.0	2.0	2.0	1.0	0.0	0.0	1.0	5.4	3	1.0	1.0	1.0	2.0	0.5	1.0	5.0	5	2.0	1.5	0.0	0.0	1.5	5.3	12
2026-09-07	IXX.DE	43.0	5.9	8	1.5	2.0	1.0	1.0	0.0	2.0	1.0	1.0	1.0	0.5	2.0	6.2	4	1.5	1.0	1.0	1.0	1.0	2.0	3.5	4	1.5	0.5	0.0	0.5	1.0	6.0	12
2026-09-07	IZEA	2.990000009536743														3.3	4	0.5	1.0	1.0	1.0	0.5	0.0	4.5	4	1.5	1.5	0.0	1.0	0.5	3.3	4
2026-09-07	IZM	0.2329999953508377														5.8	4	2.0	1.0	1.0	1.0	1.0	1.0	3.5	5	0.5	2.0	0.0	1.0	0.0	5.8	4
2026-09-07	J	146.22999572753906	7.3	9	1.5	1.5	1.0	1.5	2.0	2.0	1.5	1.0	1.0	2.0	1.0	7.5	6	2.0	2.0	1.0	1.0	1.0	2.0	2.5	5	0.5	0.0	0.0	1.0	1.0	7.4	15
2026-09-07	JACK	16.139999389648438	4.5	8	1.0	1.5	1.0	0.0	1.0	1.0	0.5	1.0	1.0	2.0	0.0	4.6	6	2.0	1.0	1.0	0.0	1.0	0.5	4.0	4	1.5	0.0	0.0	1.0	1.5	4.5	14
2026-09-07	JAKK	24.579999923706055	7.3	9	1.5	1.5	1.0	1.5	1.0	2.0	2.0	1.0	1.0	1.5	2.0	3.8	6	1.0	0.0	1.0	0.0	1.0	1.5	3.0	5	1.5	0.5	0.0	0.0	1.0	6.2	15
2026-09-07	JANX	20.239999771118164	5.9	9	2.0	2.0	1.0	0.5	1.5	0.0	2.0	1.0	0.0	2.0	1.0	4.6	4	1.0	0.0	1.0	2.0	0.5	1.0	4.0	5	2.0	0.5	0.0	0.0	1.5	5.5	13
2026-09-07	JAZZ	246.80999755859375	8.2	10	2.0	2.0	1.0	1.0	1.0	2.0	2.0	1.5	1.5	2.0	2.0	6.7	6	2.0	0.0	1.0	1.5	2.0	1.5	3.0	5	0.0	1.0	0.0	1.0	1.0	7.7	16
2026-09-07	JBGS	11.699999809265137	4.5	8	0.5	1.5	1.0	0.0	0.0	2.0	1.0	1.0	0.0	2.0	1.0	4.2	4	1.0	1.0	1.0	1.0	0.0	1.0	6.0	5	1.0	1.5	0.0	1.5	2.0	4.4	12
2026-09-07	JBH.ASX	67.58999633789062	6.4	8	1.5	1.5	1.0	1.0	0.0	2.0	1.0	1.5	2.0	1.5	1.0	5.0	4	1.0	1.0	1.0	1.0	1.0	1.0	4.0	4	1.0	1.5	0.0	0.5	1.0	6.0	12
2026-09-07	JBHT	273.7699890136719	6.8	9	1.5	1.5	1.0	1.5	1.0	1.5	1.5	1.0	1.5	2.0	1.0	6.2	6	1.0	1.0	1.0	2.0	1.0	1.5	3.5	5	1.5	1.0	0.0	0.5	0.5	6.6	15
2026-09-07	JBI	5.090000152587891	6.6	9	1.5	2.0	1.0	1.5	0.0	2.0	0.5	1.0	1.0	2.0	2.0	5.0	6	1.0	2.0	1.0	0.0	1.0	1.0	4.5	5	1.5	1.0	0.0	1.0	1.0	6.1	15
2026-09-07	JBIO	19.899999618530273	5.5	8	2.0	2.0	1.0	0.5	1.0	0.5	0.0	1.0	1.0	2.0	1.0	3.8	3	1.0	0.0	1.0	1.0	0.5	1.0	3.0	4	1.0	0.0	0.0	0.0	2.0	5.0	11
2026-09-07	JBL	310.57000732421875	7.3	9	2.0	2.0	1.0	1.5	1.0	2.0	1.5	1.0	2.0	2.0	0.0	6.2	6	2.0	0.0	1.0	2.0	1.0	1.5	4.0	5	1.5	0.0	0.0	2.0	0.5	7.0	15
2026-09-07	JBLU	4.630000114440918	3.6	10	1.0	2.0	1.0	0.0	0.0	1.5	0.5	0.0	0.0	2.0	0.0	5.8	6	2.0	0.0	1.0	2.0	0.5	1.5	4.5	5	1.5	0.5	0.0	2.0	0.5	4.3	16
2026-09-07	JBOG.PA	2.0299999713897705														4.2	3	1.0	1.0	1.0	1.0	0.5	0.5	4.5	4	0.5	1.0	0.0	2.0	1.0	4.2	3
2026-09-07	JBS	13.029999732971191	6.1	9	1.5	2.0	1.0	0.5	1.0	2.0	1.0	1.0	1.0	0.5	2.0	5.8	6	1.5	2.0	1.0	0.0	1.0	1.5	5.0	4	1.0	0.5	0.0	2.0	1.5	6.0	15
2026-09-07	JBSS	72.43000030517578	7.0	9	1.5	2.0	1.0	1.0	0.0	2.0	1.5	1.0	1.5	2.0	2.0	3.3	6	1.0	0.0	1.0	0.0	1.0	1.0	1.0	5	0.0	0.0	0.0	0.0	1.0	5.9	15
2026-09-07	JBTM	117.72000122070312	6.1	10	2.0	2.0	1.0	1.0	0.0	1.5	1.5	1.0	0.5	2.0	1.0	4.6	6	1.5	1.0	1.0	0.0	1.0	1.0	4.5	5	1.0	1.5	0.0	0.5	1.5	5.6	16
2026-09-07	JCI	144.94000244140625	7.0	10	1.5	1.5	1.0	1.5	2.0	1.5	1.5	1.0	1.0	2.0	1.0	5.0	6	1.0	0.0	1.0	1.5	1.5	1.0	3.0	5	1.5	0.5	0.0	0.5	0.5	6.4	16
2026-09-07	JCQ.PA	21.149999618530273														5.8	4	2.0	1.0	1.5	1.0	1.0	0.5	4.5	4	1.0	0.0	2.0	0.5	1.0	5.8	4
2026-09-07	JD.L	82.37999725341797	6.1	8	1.0	1.5	1.0	1.0	1.0	2.0	1.0	1.0	1.0	1.0	2.0	5.8	4	2.0	1.0	1.0	1.0	1.0	1.0	3.5	4	1.5	0.0	0.0	1.0	1.0	6.0	12
2026-09-07	JD.US	28.260000228881836	6.1	10	2.0	2.0	1.0	2.0	0.0	1.0	2.0	1.0	1.0	0.5	1.0	4.2	6	2.0	0.0	1.0	0.5	1.0	0.5	1.5	5	0.0	0.5	0.0	0.5	0.5	5.5	16
2026-09-07	JDAN.CO	205.0														5.8	4	1.0	1.0	1.0	1.0	2.0	1.0	2.5	4	0.0	0.0	0.0	1.5	1.0	5.8	4
2026-09-07	JDC.DE	19.850000381469727														4.6	4	0.0	1.0	1.0	1.0	1.0	1.5	4.0	4	0.5	1.5	0.0	1.0	1.0	4.6	4
2026-09-07	JDW.L	827.5	5.0	7	1.0	0.5	1.0	1.0	2.0	1.0	1.0	1.0	1.5	1.0	0.0	5.4	4	1.5	1.0	1.0	1.0	1.0	1.0	5.0	4	1.0	1.0	0.0	2.0	1.0	5.1	11
2026-09-07	JEF	55.22999954223633	6.8	7	1.5	2.0	1.0	1.5	2.0	1.5	1.0	1.0	1.0	1.5	1.0	7.1	6	1.5	2.0	1.0	0.0	2.0	2.0	3.5	4	1.0	0.0	0.0	2.0	0.5	6.9	13
2026-09-07	JEGI.L	146.1999969482422														5.8	2	2.0	1.0	1.0	1.0	1.0	1.0	3.5	2	1.0	0.5	0.0	1.0	1.0	5.8	2
2026-09-07	JELD	2.299999952316284	5.5	9	1.0	0.5	1.0	0.5	2.0	2.0	0.0	1.0	0.0	2.0	2.0	3.8	6	1.0	0.0	1.0	2.0	0.0	0.5	6.0	4	2.0	0.5	1.0	1.0	1.5	5.0	15
2026-09-07	JEN.BR	75.5999984741211														6.2	4	1.5	1.0	1.0	1.0	1.0	2.0	1.5	4	0.5	0.0	0.0	0.0	1.0	6.2	4
2026-09-07	JEN.DE	40.119998931884766	7.7	8	2.0	1.5	1.0	1.0	2.0	2.0	2.0	1.0	1.0	1.5	2.0	6.2	5	1.5	1.0	1.0	2.0	1.0	1.0	3.5	4	1.5	0.5	0.0	0.5	1.0	7.2	13
2026-09-07	JHX	30.389999389648438	7.0	10	2.0	1.5	1.0	1.5	2.0	2.0	1.5	0.0	0.5	1.5	2.0	7.1	6	1.5	1.0	1.0	2.0	1.0	2.0	3.5	5	1.0	1.5	0.0	0.5	0.5	7.0	16
2026-09-07	JHX.ASX	41.9900016784668	6.4	9	1.5	1.5	1.0	1.0	2.0	2.0	1.0	0.5	0.5	1.0	2.0	7.1	5	1.5	1.0	1.0	2.0	1.0	2.0	3.5	4	1.0	1.0	0.0	0.5	1.0	6.6	14
2026-09-07	JILL	19.979999542236328	6.8	9	1.5	0.5	1.0	0.5	2.0	2.0	2.0	1.0	1.5	2.0	1.0	5.0	6	1.5	2.0	1.0	0.0	1.0	0.5	6.0	5	1.0	1.5	0.0	1.5	2.0	6.3	15
2026-09-07	JIN.ASX	6.730000019073486	6.1	8	1.0	2.0	1.0	1.0	0.0	2.0	1.0	1.5	2.0	1.0	1.0	5.8	4	0.5	1.0	1.0	1.0	1.5	2.0	3.0	4	0.5	1.0	0.0	0.5	1.0	6.0	12
2026-09-07	JJSF	84.11000061035156	7.7	9	2.0	2.0	1.0	0.5	2.0	2.0	1.5	1.0	1.0	2.0	2.0	2.1	6	0.0	0.0	1.0	0.0	1.0	0.5	1.0	5	0.0	0.0	0.0	0.0	1.0	6.0	15
2026-09-07	JKHY	165.63999938964844	7.0	10	1.5	1.5	1.0	1.0	2.0	1.5	2.0	0.5	1.5	2.0	1.0	5.8	6	1.0	1.0	1.0	1.5	1.5	1.0	1.5	5	0.5	0.0	0.0	0.0	1.0	6.6	16
2026-09-07	JKS	11.979999542236328	5.0	8	1.0	2.0	1.0	1.0	0.0	2.0	0.0	1.0	1.0	1.0	1.0	3.8	6	2.0	1.0	1.0	0.0	0.5	0.0	4.0	5	0.0	2.0	0.0	1.0	1.0	4.6	14
2026-09-07	JLL	362.3599853515625	7.7	10	1.5	1.5	1.0	2.0	2.0	2.0	2.0	1.0	1.0	2.0	1.0	7.9	6	2.0	2.0	1.0	2.0	1.0	1.5	3.0	5	1.5	0.5	0.0	0.5	0.5	7.8	16
2026-09-07	JLP.L	2.5														5.0	3	1.0	1.0	1.0	1.0	0.0	2.0	3.5	4	1.0	1.5	0.0	0.0	1.0	5.0	3
2026-09-07	JM.ST	129.60000610351562														4.6	5	1.0	1.0	1.0	2.0	0.5	0.0	4.0	4	1.5	0.0	0.0	1.5	1.0	4.6	5
2026-09-07	JMAT.L	2292.0	5.7	7	1.0	1.5	1.0	1.0	0.0	2.0	1.0	1.0	0.0	2.0	2.0	5.4	4	1.0	1.0	1.0	1.0	0.5	2.0	4.0	4	1.0	1.5	0.0	0.5	1.0	5.6	11
2026-09-07	JMIA	7.289999961853027	5.0	9	1.5	2.0	1.0	1.0	1.0	2.0	1.0	1.0	0.0	0.5	0.0	4.2	5	1.0	1.0	1.0	0.5	0.0	1.5	6.0	5	2.0	1.0	0.0	2.0	1.0	4.8	14
2026-09-07	JMKE	20.780000686645508	7.3	6	2.0	2.0	1.0	1.0	1.0	2.0	1.0	1.0	1.0	2.0	2.0	6.2	4	2.0	1.0	1.0	1.0	1.0	1.5	2.5	4	1.0	1.0	0.0	0.5	0.0	7.0	10
2026-09-07	JNJ	275.2300109863281	7.7	10	2.0	1.0	1.0	2.0	2.0	2.0	1.0	1.0	2.0	2.0	1.0	5.0	6	0.0	2.0	1.0	0.0	2.0	1.0	2.5	5	0.0	1.5	0.0	0.5	0.5	6.9	16
2026-09-07	JOBY	6.739999771118164	4.3	9	1.0	2.0	1.0	0.5	0.0	0.5	1.5	1.0	0.0	1.0	1.0	4.6	5	1.0	1.0	1.0	0.0	0.5	2.0	5.0	5	2.0	2.0	0.0	0.5	0.5	4.4	14
2026-09-07	JOE	66.11000061035156														6.7	4	1.0	1.0	1.0	1.0	2.0	2.0	3.5	5	1.5	0.5	0.0	0.5	1.0	6.7	4
2026-09-07	JOYY	75.0	7.5	10	1.5	2.0	1.0	1.0	2.0	2.0	2.0	1.5	0.0	1.5	2.0	4.6	6	2.0	0.0	1.0	0.0	1.0	1.5	1.5	5	0.0	0.5	0.0	0.0	1.0	6.6	16
2026-09-07	JPM	358.6400146484375	7.5	8	1.5	1.5	1.0	2.0	2.0	1.5	1.5	1.0	1.5	2.0	1.0	8.3	6	1.0	2.0	1.0	2.0	2.0	2.0	4.5	4	1.0	1.5	0.0	1.0	1.0	7.7	14
2026-09-07	JRVR	4.159999847412109	5.2	9	1.0	1.5	1.0	1.5	0.0	2.0	0.0	1.0	0.5	2.0	1.0	5.4	6	2.0	2.0	1.0	0.0	1.0	0.5	3.0	5	0.0	1.0	0.0	0.5	1.5	5.3	15
2026-09-07	JST.DE	62.29999923706055	7.0	8	1.5	2.0	1.0	1.0	2.0	2.0	0.0	1.0	1.0	2.0	2.0	4.2	4	0.0	1.0	1.0	1.0	0.5	1.5	4.0	4	1.5	0.5	0.0	1.0	1.0	6.2	12
2026-09-07	JTC.L	1339.0														5.0	4	0.0	1.0	1.0	1.0	1.0	2.0	4.5	4	1.0	1.5	0.0	1.0	1.0	5.0	4
2026-09-07	JTKWY	3.9000000953674316														3.8	3	1.0	1.0	1.0	1.0	0.0	0.5	3.0	4	1.5	0.0	0.0	0.5	1.0	3.8	3
2026-09-07	JUN3.DE	26.6200008392334	5.7	8	2.0	2.0	1.0	1.0	1.0	1.5	0.5	1.0	0.5	1.0	1.0	5.0	5	0.5	1.0	1.0	1.5	1.0	1.0	3.0	3	1.0	0.5	0.0	0.5	1.0	5.5	13
2026-09-07	JUP.L	163.0	6.1	8	1.0	1.5	1.0	1.0	0.0	2.0	1.0	2.0	1.0	1.0	2.0	6.7	4	1.0	1.0	1.0	1.0	2.0	2.0	2.5	4	1.5	0.0	0.0	0.0	1.0	6.3	12
2026-09-07	JXN	140.6300048828125	7.0	9	1.5	1.0	1.0	1.0	2.0	2.0	1.5	1.0	0.5	2.0	2.0	3.3	4	0.0	0.0	1.0	1.0	1.0	1.0	6.0	5	1.5	2.0	1.0	0.5	1.0	5.9	13
2026-09-07	JY0.DE	16.100000381469727														5.0	2	1.0	1.0	1.0	1.0	0.0	2.0	4.0	3	0.0	1.0	1.0	1.0	1.0	5.0	2
2026-09-07	JYNT	8.319999694824219	6.8	9	1.5	2.0	1.0	1.0	0.0	2.0	2.0	1.0	1.0	1.5	2.0	3.8	6	0.0	1.0	1.0	0.0	1.0	1.5	3.0	5	1.0	0.5	0.0	0.0	1.5	5.9	15
2026-09-07	JYSK.CO	1107.0														7.1	5	2.0	1.0	1.0	1.5	2.0	1.0	4.0	3	0.0	2.0	0.0	1.0	1.0	7.1	5
2026-09-07	KA8.DE	3.259999990463257														6.2	4	2.0	1.0	1.0	1.0	1.0	1.5	1.0	4	0.0	0.0	0.0	0.0	1.0	6.2	4
2026-09-07	KAI	298.760009765625	6.6	9	1.5	1.5	1.0	0.5	0.0	2.0	2.0	1.0	1.0	2.0	2.0	5.4	6	0.5	2.0	1.0	0.0	1.0	2.0	3.0	5	1.0	0.0	0.0	0.5	1.5	6.2	15
2026-09-07	KALMAR.HE	40.040000915527344														5.4	5	1.5	1.0	1.0	0.5	1.0	1.5	2.0	4	0.5	0.0	0.0	0.5	1.0	5.4	5
2026-09-07	KALU	164.19000244140625	7.0	9	0.5	1.0	1.0	1.0	1.0	2.0	2.0	1.0	2.0	2.0	2.0	7.9	6	1.5	2.0	1.0	2.0	1.0	2.0	4.0	5	1.5	0.5	0.0	1.0	1.0	7.3	15
2026-09-07	KAP.L	76.0	7.5	9	1.5	1.5	1.0	1.0	1.0	2.0	0.5	2.0	2.0	2.0	2.0	8.3	5	2.0	1.0	1.0	2.0	2.0	2.0	1.5	4	0.0	0.5	0.0	0.0	1.0	7.7	14
2026-09-07	KAR.ASX	1.774999976158142	6.4	8	1.5	1.0	1.0	1.0	2.0	1.5	1.0	1.5	1.0	1.5	1.0	5.0	4	1.5	1.0	1.0	1.0	1.5	0.0	1.5	4	0.0	0.0	0.0	0.5	1.0	6.0	12
2026-09-07	KARD	20.850000381469727	6.4	8	2.0	2.0	1.0	1.5	0.5	2.0	0.0	1.0	1.0	2.0	1.0	4.6	2	1.0	1.0	1.0	1.0	0.5	1.0	2.5	4	1.0	0.0	0.0	0.0	1.5	5.9	10
2026-09-07	KB	128.67999267578125	7.0	8	1.5	2.0	1.0	2.0	2.0	2.0	2.0	1.0	1.0	0.0	1.0	7.1	6	2.0	0.0	1.0	2.0	2.0	1.5	3.5	4	0.5	1.5	0.0	1.0	0.5	7.0	14
2026-09-07	KBC.BR	133.1999969482422														5.4	5	0.0	1.0	1.0	1.5	2.0	1.0	4.0	3	0.5	1.5	0.0	1.0	1.0	5.4	5
2026-09-07	KBCA.BR	95.19999694824219														3.8	3	0.0	1.0	1.0	1.0	0.5	1.0	3.5	4	0.5	2.0	0.0	0.0	1.0	3.8	3
2026-09-07	KBH	52.25	5.0	10	1.5	1.5	1.0	0.0	0.0	1.5	0.5	1.0	1.0	2.0	1.0	3.8	6	0.0	2.0	1.0	0.5	1.0	0.0	4.0	5	1.5	0.5	0.0	0.5	1.5	4.6	16
2026-09-07	KBHL.CO	5540.0														6.2	4	1.5	1.0	1.0	1.0	2.0	1.0	3.5	4	0.0	1.0	0.0	1.5	1.0	6.2	4
2026-09-07	KBR	36.81999969482422	6.8	9	1.5	1.5	1.0	1.0	1.0	1.5	1.5	1.0	2.0	2.0	1.0	4.6	6	2.0	0.0	1.0	0.5	1.0	1.0	3.0	5	0.0	0.5	0.0	1.5	1.0	6.1	15
2026-09-07	KBX.DE	104.30000305175781	7.0	8	2.0	1.5	1.0	1.0	2.0	2.0	0.5	1.0	1.5	1.0	2.0	5.0	5	0.5	1.0	1.0	1.5	1.0	1.0	3.0	4	1.0	0.5	0.0	0.5	1.0	6.4	13
2026-09-07	KC	10.9399995803833	5.9	9	1.5	2.0	1.0	1.5	1.0	2.0	2.0	1.0	0.0	0.0	1.0	6.2	4	1.0	1.0	1.0	2.0	0.5	2.0	4.5	5	2.0	0.5	0.0	1.0	1.0	6.0	13
2026-09-07	KCO.DE	12.220000267028809	4.3	9	0.5	0.5	1.0	1.0	1.0	2.0	0.0	1.0	0.0	0.5	2.0	5.4	4	2.0	1.0	1.0	1.0	0.5	1.0	7.0	4	1.5	1.5	2.0	1.0	1.0	4.6	13
2026-09-07	KCR.HE	29.65999984741211														5.8	5	1.5	1.0	1.0	2.0	1.0	0.5	2.5	4	1.5	0.0	0.0	0.0	1.0	5.8	5
2026-09-07	KD	13.149999618530273	4.8	9	0.5	1.5	1.0	0.5	1.0	1.5	0.5	1.0	1.0	2.0	0.0	2.5	6	0.5	0.0	1.0	0.0	1.0	0.5	6.0	5	1.5	1.0	0.0	2.0	1.5	4.1	15
2026-09-07	KDK	3.819999933242798	5.2	8	2.0	2.0	1.0	1.0	0.0	1.5	0.0	1.0	1.0	1.0	1.0	5.4	5	1.0	2.0	1.0	0.0	0.5	2.0	4.0	5	0.0	1.5	0.0	1.0	1.5	5.3	13
2026-09-07	KDP	32.59000015258789	6.8	10	1.5	1.5	1.0	1.0	2.0	1.5	1.5	2.0	1.0	2.0	0.0	5.8	6	1.5	1.0	1.0	0.5	1.0	2.0	3.0	5	0.0	1.0	0.0	1.0	1.0	6.5	16
2026-09-07	KE	25.030000686645508	6.4	9	1.5	1.5	1.0	1.0	1.0	2.0	0.5	1.0	0.5	2.0	2.0	5.0	6	1.5	0.0	1.0	2.0	1.0	0.5	3.0	5	1.0	0.5	0.0	0.0	1.5	6.0	15
2026-09-07	KEEL	3.4700000286102295	5.0	9	2.0	2.0	1.0	0.5	1.0	1.0	0.0	1.0	0.0	1.5	1.0	3.3	5	1.0	2.0	1.0	0.0	0.0	0.0	5.0	5	2.0	0.0	0.0	2.0	1.0	4.5	14
2026-09-07	KEFI.L	1.1779999732971191														3.8	2	1.0	1.0	0.0	1.0	0.5	1.0	4.5	4	1.5	0.0	2.0	0.0	1.0	3.8	2
2026-09-07	KELYA.US	16.860000610351562	6.1	9	1.5	1.5	1.0	1.5	2.0	2.0	0.0	1.0	0.0	2.0	1.0	5.8	5	2.0	2.0	1.0	1.0	0.5	0.5	3.5	5	1.0	1.5	0.0	0.0	1.0	6.0	14
2026-09-07	KEMIRA.HE	17.479999542236328														2.9	5	0.0	1.0	1.0	0.0	1.0	0.5	1.5	4	0.0	0.0	0.0	0.5	1.0	2.9	5
2026-09-07	KEMPOWR.HE	10.239999771118164														4.2	4	1.0	1.0	1.0	0.0	0.5	1.5	3.0	4	0.0	1.5	0.0	0.5	1.0	4.2	4
2026-09-07	KEN	69.18000030517578														5.0	4	0.0	1.0	1.0	1.0	1.0	2.0	1.0	5	0.0	0.0	0.0	0.5	0.5	5.0	4
2026-09-07	KENDR.NV	19.600000381469727														5.0	4	1.0	1.0	1.0	1.0	1.0	1.0	3.0	4	1.0	0.5	0.0	0.5	1.0	5.0	4
2026-09-07	KEP	11.9399995803833														5.4	4	2.0	1.0	1.0	1.0	1.0	0.5	5.0	5	1.0	1.5	0.0	2.0	0.5	5.4	4
2026-09-07	KER.PA	245.1999969482422	5.0	8	1.0	1.5	1.0	1.0	0.0	2.0	1.0	1.0	0.0	0.5	2.0	5.0	4	2.0	1.0	1.0	1.0	0.5	0.5	4.0	4	1.0	1.0	0.0	1.0	1.0	5.0	12
2026-09-07	KESKOA.HE	22.049999237060547														4.2	4	0.0	1.0	1.0	1.0	1.0	1.0	5.0	4	1.0	2.0	0.0	1.0	1.0	4.2	4
2026-09-07	KESKOB.HE	22.639999389648438														4.6	5	0.0	1.0	1.0	1.5	1.0	1.0	5.0	4	1.0	2.0	0.0	1.0	1.0	4.6	5
2026-09-07	KETL.L	34.900001525878906	6.1	7	1.5	2.0	1.0	1.0	0.0	2.0	1.0	1.0	1.0	1.0	2.0	6.2	4	2.0	1.0	1.0	1.0	2.0	0.5	5.0	4	1.0	1.5	0.0	1.5	1.0	6.1	11
2026-09-07	KEX	140.77000427246094	8.2	9	2.0	2.0	1.0	1.5	2.0	2.0	1.5	1.0	1.0	2.0	2.0	4.6	6	0.5	0.0	1.0	1.5	1.5	1.0	2.5	5	1.0	0.5	0.0	0.5	0.5	7.1	15
2026-09-07	KEY	22.18000030517578	7.0	8	1.5	1.5	1.0	2.0	1.0	2.0	1.5	1.0	1.0	2.0	1.0	5.4	6	1.5	0.0	1.0	0.5	2.0	1.5	2.5	4	1.0	0.5	0.0	1.0	0.0	6.5	14
2026-09-07	KEYS	327.2099914550781	9.3	10	2.0	2.0	1.0	2.0	2.0	2.0	2.0	2.0	1.5	2.0	2.0	7.1	6	2.0	0.0	1.0	2.0	1.5	2.0	3.0	5	1.5	0.5	0.0	0.5	0.5	8.6	16
2026-09-07	KEYS.L	588.0														5.4	4	1.0	1.0	1.0	1.0	1.0	1.5	1.0	4	0.0	0.0	0.0	0.0	1.0	5.4	4
2026-09-07	KFRC	54.529998779296875	7.3	9	1.5	1.5	1.0	1.0	1.0	2.0	1.0	1.0	2.0	2.0	2.0	6.7	6	2.0	1.0	1.0	2.0	1.0	1.0	5.0	5	1.0	1.0	1.0	1.0	1.0	7.1	15
2026-09-07	KFY	85.3499984741211	7.3	9	2.0	1.0	1.0	1.0	2.0	1.5	1.5	1.0	1.0	2.0	2.0	5.0	6	1.5	0.0	1.0	1.5	1.0	1.0	5.5	5	1.5	1.5	1.0	0.5	1.0	6.6	15
2026-09-07	KGC	30.8700008392334	7.5	9	2.0	2.0	1.0	1.0	2.0	1.0	1.5	0.5	2.0	1.5	2.0	7.1	6	1.5	2.0	1.0	0.0	2.0	2.0	2.0	5	1.5	0.0	0.0	0.0	0.5	7.4	15
2026-09-07	KGF.L	307.3999938964844	6.1	7	1.5	1.5	1.0	1.0	1.0	2.0	1.0	1.0	0.5	2.0	1.0	5.8	4	2.0	1.0	1.0	1.0	1.0	1.0	2.5	4	1.0	0.0	0.0	0.5	1.0	6.0	11
2026-09-07	KGH.L	172.0	5.9	8	1.5	2.0	1.0	1.0	0.0	2.0	1.0	1.0	0.5	1.0	2.0	5.4	4	0.5	1.0	1.0	1.0	1.0	2.0	3.5	4	1.5	0.0	0.0	1.0	1.0	5.8	12
2026-09-07	KGN.ASX	3.359999895095825	5.2	7	1.5	2.0	1.0	1.0	0.0	2.0	1.0	1.0	2.0	0.0	0.0	5.0	4	1.0	1.0	1.0	1.0	1.0	1.0	4.0	4	2.0	0.5	0.0	0.5	1.0	5.1	11
2026-09-07	KGS.US	62.59000015258789	5.7	9	2.0	2.0	1.0	0.5	1.0	1.5	0.0	1.0	0.5	2.0	1.0	4.2	6	0.0	0.0	1.0	1.0	1.0	2.0	3.5	5	1.0	0.5	0.0	1.0	1.0	5.2	15
2026-09-07	KGX.DE	45.29999923706055	6.4	9	1.5	2.0	1.0	1.0	1.0	1.5	1.5	1.5	1.0	1.0	1.0	5.8	5	2.0	1.0	1.0	1.0	1.0	1.0	4.5	4	2.0	0.5	0.0	1.0	1.0	6.2	14
2026-09-07	KHC	24.850000381469727	5.2	10	1.0	1.0	1.0	0.5	1.0	2.0	1.5	1.0	0.0	1.5	1.0	3.8	6	2.0	1.0	1.0	0.0	0.0	0.5	1.5	5	0.0	0.0	0.0	0.5	1.0	4.8	16
2026-09-07	KIDS	22.40999984741211	6.6	9	2.0	2.0	1.0	1.5	2.0	1.0	1.5	1.0	0.0	1.5	1.0	3.8	4	1.0	1.0	1.0	0.0	0.0	1.5	2.5	5	1.0	0.0	0.0	0.5	1.0	5.8	13
2026-09-07	KIE.L	252.8000030517578	6.4	7	1.5	1.5	1.0	1.0	2.0	2.0	1.0	1.0	1.0	2.0	0.0	5.0	4	1.0	1.0	1.0	1.0	1.0	1.0	4.5	4	1.0	1.0	0.0	1.5	1.0	6.0	11
2026-09-07	KIM	23.600000381469727	5.9	10	1.5	1.5	1.0	1.0	1.0	1.5	1.5	1.0	1.0	2.0	0.0	6.7	6	0.5	2.0	1.0	1.5	2.0	1.0	3.5	5	1.0	0.0	0.0	1.0	1.5	6.1	16
2026-09-07	KIN.BR	48.54999923706055														5.0	4	0.0	1.0	1.0	1.0	1.0	2.0	5.0	4	0.0	2.0	0.0	2.0	1.0	5.0	4
2026-09-07	KINVB.ST	61.02000045776367														4.6	4	0.0	1.0	1.0	1.0	0.5	2.0	3.0	4	1.5	0.5	0.0	0.0	1.0	4.6	4
2026-09-07	KIST.L	302.5	5.5	7	1.5	1.5	1.0	1.0	2.0	2.0	1.0	1.0	0.0	1.0	0.0	6.2	3	1.0	1.0	2.0	1.0	0.5	2.0	6.0	4	0.0	1.0	2.0	2.0	1.0	5.7	10
2026-09-07	KKR	107.7300033569336	6.6	9	2.0	1.5	1.0	2.0	2.0	1.0	1.5	1.0	1.0	1.5	0.0	5.8	6	2.0	0.0	1.0	1.5	1.5	1.0	2.5	5	1.5	0.0	0.0	0.5	0.5	6.4	15
2026-09-07	KLAC	185.60000610351562	7.7	10	1.5	2.0	1.0	1.5	1.0	1.0	1.5	1.5	2.0	2.0	2.0	6.2	6	1.0	0.0	1.0	2.0	2.0	1.5	3.0	5	1.5	0.0	0.0	1.0	0.5	7.2	16
2026-09-07	KLAR	14.40999984741211	5.0	10	1.5	2.0	1.0	0.5	0.0	1.5	2.0	0.0	0.0	1.5	1.0	4.6	6	2.0	0.0	1.0	0.0	0.5	2.0	4.5	4	1.0	1.5	0.0	0.5	1.5	4.9	16
2026-09-07	KLC	2.6700000762939453	4.8	9	1.0	2.0	1.0	0.5	0.0	1.0	2.0	1.0	0.0	2.0	0.0	3.8	5	1.0	2.0	1.0	0.0	0.0	0.5	5.0	4	1.0	1.0	0.0	2.0	1.0	4.5	14
2026-09-07	KLIC	81.62000274658203	7.3	9	1.5	2.0	1.0	1.5	1.0	2.0	2.0	1.0	1.0	2.0	1.0	6.2	6	1.0	0.0	1.0	2.0	1.5	2.0	2.0	5	1.5	0.0	0.0	0.0	0.5	7.0	15
2026-09-07	KLR.L	3028.0	6.6	7	1.5	1.0	1.0	1.0	1.0	2.0	1.0	1.0	2.0	2.0	1.0	5.8	4	1.5	1.0	1.0	1.0	1.0	1.5	3.0	4	1.0	0.5	0.0	0.5	1.0	6.4	11
2026-09-07	KLRA	16.229999542236328	6.4	8	2.0	2.0	1.0	1.5	0.5	2.0	0.0	1.0	1.0	2.0	1.0	3.8	3	1.0	1.0	1.0	0.0	0.5	1.0	4.5	4	1.0	1.5	0.0	0.0	2.0	5.6	11
2026-09-07	KLRS	3.9000000953674316	6.1	9	1.5	2.0	1.0	1.5	0.0	2.0	1.5	1.0	0.0	2.0	1.0	4.6	4	1.0	1.0	1.0	1.0	0.5	1.0	2.5	4	1.0	1.5	0.0	0.0	0.0	5.6	13
2026-09-07	KLS.ASX	4.139999866485596	5.2	7	1.0	2.0	1.0	1.0	0.0	2.0	1.0	1.0	1.0	0.5	1.0	5.0	4	1.0	1.0	1.0	1.0	1.0	1.0	5.5	4	1.0	0.5	2.0	1.0	1.0	5.1	11
2026-09-07	KLSO.L	3.5														5.8	4	0.0	1.0	1.0	1.0	2.0	2.0	3.5	3	1.0	1.0	0.0	0.5	1.0	5.8	4
2026-09-07	KLTR	1.5099999904632568	6.6	9	1.5	2.0	1.0	2.0	2.0	2.0	2.0	1.0	0.0	1.0	0.0	4.6	5	1.0	2.0	1.0	0.0	0.5	1.0	3.5	5	1.0	0.0	0.0	2.0	0.5	6.0	14
2026-09-07	KMB	104.95999908447266	6.4	9	1.5	1.5	1.0	0.5	1.0	2.0	1.5	1.0	2.0	2.0	0.0	3.8	6	1.0	0.0	1.0	0.0	1.5	1.0	4.5	5	0.0	0.5	0.0	2.0	2.0	5.6	15
2026-09-07	KMI	31.399999618530273	6.4	10	1.5	1.5	1.0	1.5	1.0	1.5	2.0	1.0	1.0	2.0	0.0	5.4	6	0.5	1.0	1.0	1.0	1.5	1.5	2.5	5	0.5	0.0	0.0	1.0	1.0	6.1	16
2026-09-07	KMK.L	7.480000019073486														7.5	4	2.0	1.0	1.0	1.0	2.0	2.0	3.0	4	1.5	0.5	0.0	0.0	1.0	7.5	4
2026-09-07	KMPR	28.040000915527344	4.3	9	1.0	2.0	1.0	1.0	0.0	1.5	0.0	1.0	0.0	2.0	0.0	5.0	6	2.0	2.0	1.0	0.5	0.0	0.5	4.0	5	1.0	1.0	0.0	0.5	1.5	4.5	15
2026-09-07	KMT	31.020000457763672	6.4	9	0.5	1.5	1.0	0.5	0.0	2.0	2.0	1.0	1.5	2.0	2.0	6.7	6	1.5	0.0	1.0	2.0	1.5	2.0	4.0	5	1.5	0.0	1.0	0.5	1.0	6.5	15
2026-09-07	KMX	63.290000915527344	5.7	9	1.0	0.5	1.0	0.5	2.0	2.0	0.0	1.0	0.5	2.0	2.0	7.5	6	2.0	2.0	1.0	2.0	1.0	1.0	5.5	5	1.0	1.5	0.0	2.0	1.0	6.2	15
2026-09-07	KN	35.4900016784668	6.6	9	1.5	1.5	1.0	1.0	1.0	2.0	1.5	1.0	1.0	2.0	1.0	6.7	6	2.0	0.0	1.0	2.0	1.5	1.5	3.0	5	1.5	0.5	0.0	0.0	1.0	6.6	15
2026-09-07	KNEBV.HE	51.5														5.4	5	1.0	1.0	1.0	1.5	1.0	1.0	2.5	4	1.0	0.5	0.0	0.0	1.0	5.4	5
2026-09-07	KNF	61.83000183105469	5.9	10	1.5	2.0	1.0	1.0	0.0	1.5	0.5	0.5	1.0	2.0	2.0	4.2	6	1.0	0.0	1.0	0.5	1.0	1.5	4.0	5	0.5	1.5	0.0	1.0	1.0	5.4	16
2026-09-07	KNIN.ZU	211.3000030517578	5.5	9	1.5	1.0	1.0	1.0	2.0	1.5	0.5	1.0	2.0	0.5	0.0	5.8	5	1.0	1.0	1.0	2.0	1.0	1.0	4.0	4	0.5	1.0	0.0	1.5	1.0	5.6	14
2026-09-07	KNOP	11.390000343322754														3.3	5	0.0	1.0	1.0	0.0	1.0	1.0	4.5	4	1.0	1.0	1.0	1.0	0.5	3.3	5
2026-09-07	KNOS.L	1243.0	5.7	8	1.5	1.0	1.0	1.0	1.5	1.5	1.0	0.0	2.0	1.0	1.0	5.4	4	0.5	1.0	1.0	1.0	1.0	2.0	3.5	4	1.0	1.5	0.0	0.0	1.0	5.6	12
2026-09-07	KNSA	77.91000366210938	6.6	9	2.0	2.0	1.0	0.5	2.0	1.5	0.5	1.0	1.0	2.0	1.0	5.4	6	0.0	2.0	1.0	0.5	1.0	2.0	2.5	5	0.0	1.0	0.0	0.0	1.5	6.2	15
2026-09-07	KNSL	373.1700134277344	6.4	9	1.0	1.0	1.0	0.5	2.0	2.0	1.5	1.0	2.0	2.0	0.0	5.8	6	1.5	0.0	1.0	1.0	2.0	1.5	2.5	5	1.0	0.0	0.0	0.0	1.5	6.2	15
2026-09-07	KNTK	54.43000030517578	7.0	10	2.0	1.0	1.0	1.0	2.0	1.5	2.0	1.5	1.5	2.0	0.0	7.9	6	0.5	2.0	1.0	2.0	2.0	2.0	4.0	5	0.5	1.5	0.0	1.0	1.0	7.3	16
2026-09-07	KNX	71.98999786376953	5.7	9	2.0	2.0	1.0	1.0	1.0	2.0	0.0	1.0	0.5	2.0	0.0	6.2	6	2.0	0.0	1.0	2.0	1.0	1.5	2.5	5	1.0	0.5	0.0	0.5	0.5	5.8	15
2026-09-07	KO	88.06999969482422	8.0	10	2.0	1.5	1.0	2.0	2.0	2.0	1.5	1.0	2.0	1.5	1.0	5.8	6	0.0	2.0	1.0	1.0	2.0	1.0	2.5	5	0.0	1.0	0.0	1.0	0.5	7.3	16
2026-09-07	KOD	35.36000061035156	5.9	9	2.0	2.0	1.0	0.0	1.0	1.5	0.5	1.0	0.0	2.0	2.0	3.8	4	1.0	1.0	1.0	0.0	0.5	1.0	5.5	5	2.0	0.5	0.0	1.0	2.0	5.3	13
2026-09-07	KODK.US	9.289999961853027														5.0	3	1.0	1.0	1.0	1.0	0.5	1.5	3.0	5	1.5	0.0	0.0	0.0	1.5	5.0	3
2026-09-07	KOF	112.0	6.4	9	1.0	1.5	1.0	1.0	2.0	2.0	1.5	0.5	1.5	1.0	1.0	4.2	6	0.0	0.0	1.0	2.0	1.0	1.0	2.5	5	0.5	1.0	0.0	0.5	0.5	5.7	15
2026-09-07	KOF.PA	23.100000381469727														5.4	4	1.5	1.0	1.0	1.0	1.0	1.0	3.5	4	1.0	1.5	0.0	0.0	1.0	5.4	4
2026-09-07	KOP	47.779998779296875	7.0	9	1.5	2.0	1.0	1.0	1.0	2.0	2.0	1.0	0.0	2.0	2.0	2.5	6	0.0	0.0	1.0	0.5	0.5	1.0	5.5	5	1.5	1.0	0.0	2.0	1.0	5.6	15
2026-09-07	KOPN	4.28000020980835	7.5	9	1.5	2.0	1.0	0.5	2.0	1.5	2.0	1.0	1.5	1.5	2.0	5.4	6	0.0	1.0	1.0	1.0	1.5	2.0	3.0	5	2.0	0.0	0.0	0.0	1.0	6.9	15
2026-09-07	KOS	2.7799999713897705	5.2	9	1.0	1.0	1.0	1.5	2.0	2.0	0.0	1.0	0.0	2.0	0.0	3.3	5	1.0	0.0	1.0	0.0	0.0	2.0	3.5	5	0.5	0.5	0.0	2.0	0.5	4.6	14
2026-09-07	KOSKI.HE	8.699999809265137														3.8	5	0.0	1.0	1.0	0.0	1.0	1.5	2.0	4	0.0	0.5	0.0	0.5	1.0	3.8	5
2026-09-07	KP2.L	3.4000000953674316														4.6	2	1.0	1.0	1.0	1.0	0.5	1.0	3.5	3	1.5	0.0	0.0	1.0	1.0	4.6	2
2026-09-07	KPN.NV	4.0980000495910645	5.5	9	1.0	1.5	1.0	1.0	0.0	2.0	0.5	1.0	2.0	2.0	0.0	5.0	5	1.0	1.0	1.0	0.5	1.5	1.0	3.0	4	0.0	0.5	0.0	1.5	1.0	5.3	14
2026-09-07	KR	58.59000015258789	5.9	10	1.5	1.5	1.0	1.5	1.0	1.0	1.5	1.0	1.0	2.0	0.0	5.0	6	2.0	1.0	1.0	0.0	1.0	1.0	4.0	5	0.0	1.0	0.0	2.0	1.0	5.6	16
2026-09-07	KRC	37.13999938964844	6.6	10	1.5	1.5	1.0	1.0	1.0	2.0	2.0	1.0	0.5	2.0	1.0	5.8	5	1.0	2.0	1.0	1.0	1.5	0.5	3.5	5	1.0	0.0	0.0	1.0	1.5	6.4	15
2026-09-07	KRE.CO	10200.0														5.0	4	0.5	1.0	1.0	1.0	2.0	0.5	4.0	3	0.0	2.0	0.0	1.0	1.0	5.0	4
2026-09-07	KREF	7.650000095367432	4.8	9	0.5	0.5	1.0	0.5	2.0	2.0	0.0	1.0	0.0	2.0	1.0	3.8	4	1.0	1.0	1.0	0.0	0.5	1.0	4.0	5	1.0	0.0	0.0	2.0	1.0	4.5	13
2026-09-07	KRG	25.959999084472656	6.4	10	1.5	2.0	1.0	1.0	1.0	2.0	2.0	0.5	1.0	2.0	0.0	4.2	6	0.5	1.0	1.0	0.0	2.0	0.5	3.0	5	1.0	0.0	0.0	1.0	1.0	5.7	16
2026-09-07	KRMN	39.97999954223633	5.5	10	1.5	2.0	1.0	1.0	0.0	0.5	1.0	1.0	1.0	2.0	1.0	5.8	6	0.0	2.0	1.0	1.0	1.0	2.0	5.5	4	1.0	2.0	0.0	1.5	1.0	5.6	16
2026-09-07	KRN.DE	117.0	5.9	8	2.0	2.0	1.0	1.0	1.0	2.0	0.5	1.0	1.0	0.5	1.0	5.8	5	2.0	1.0	1.0	1.0	1.0	1.0	2.5	4	1.0	0.5	0.0	0.0	1.0	5.9	13
2026-09-07	KRNT	16.549999237060547	7.3	9	2.0	2.0	1.0	2.0	2.0	1.0	2.0	1.0	0.0	2.0	1.0	4.2	5	1.0	1.0	1.0	0.0	0.5	1.5	2.0	5	1.5	0.0	0.0	0.0	0.5	6.4	14
2026-09-07	KRNY	10.130000114440918	6.6	8	1.5	1.5	1.0	1.5	2.0	2.0	0.5	1.0	0.5	2.0	1.0	6.7	6	1.0	2.0	1.0	0.5	2.0	1.5	4.5	4	0.5	2.0	0.0	1.0	1.0	6.6	14
2026-09-07	KRO	8.430000305175781	4.5	9	0.5	0.5	1.0	1.5	2.0	2.0	0.0	1.0	0.0	0.5	1.0	6.2	5	1.5	1.0	1.0	2.0	0.5	1.5	3.0	5	1.0	1.0	0.0	0.5	0.5	5.0	14
2026-09-07	KROS	11.319999694824219	5.5	9	1.5	2.0	1.0	1.0	1.0	1.5	0.0	1.0	0.0	2.0	1.0	5.4	4	1.0	1.0	1.0	2.0	0.5	1.0	3.0	5	1.0	1.0	0.0	0.0	1.0	5.5	13
2026-09-07	KRRO	12.239999771118164	5.9	9	2.0	2.0	1.0	0.5	1.0	0.5	2.0	1.0	0.0	2.0	1.0	4.2	4	1.0	1.0	1.0	0.5	0.5	1.0	5.5	5	2.0	1.0	0.0	0.5	2.0	5.4	13
2026-09-07	KRT	48.38999938964844	7.0	9	1.0	0.0	1.0	1.5	2.0	2.0	2.0	1.0	2.0	1.0	2.0	5.4	5	1.0	1.0	1.0	1.0	1.5	1.0	3.5	5	1.0	1.5	0.0	0.5	0.5	6.5	14
2026-09-07	KRUS	44.209999084472656	5.2	9	1.5	2.0	1.0	0.0	0.0	1.0	2.0	1.0	0.0	2.0	1.0	6.7	5	1.0	2.0	1.0	2.0	0.5	1.5	5.5	5	1.5	1.5	0.0	1.0	1.5	5.6	14
2026-09-07	KRYS	358.239990234375	7.3	9	2.0	1.5	1.0	0.5	2.0	1.5	2.0	1.0	1.5	2.0	1.0	5.0	6	0.0	1.0	1.0	0.0	2.0	2.0	3.0	5	0.5	1.5	0.0	0.0	1.0	6.6	15
2026-09-07	KSB.DE	954.0														5.4	4	1.5	1.0	1.0	1.0	1.0	1.0	2.0	4	0.5	0.5	0.0	0.0	1.0	5.4	4
2026-09-07	KSB3.DE	846.0	6.6	7	1.5	2.0	1.0	1.0	1.0	2.0	1.0	1.0	1.0	1.0	2.0	5.4	4	1.5	1.0	1.0	1.0	1.0	1.0	2.5	4	0.5	1.0	0.0	0.0	1.0	6.2	11
2026-09-07	KSC.DE	0.2549999952316284														3.3	3	1.0	1.0	1.0	1.0	0.0	0.0	4.5	4	1.0	1.0	0.0	1.5	1.0	3.3	3
2026-09-07	KSPI	107.52999877929688	7.0	9	1.5	1.5	1.0	2.0	2.0	2.0	0.5	1.0	2.0	1.0	1.0	7.9	6	2.0	2.0	1.0	1.0	2.0	1.5	2.0	5	0.0	1.5	0.0	0.0	0.5	7.3	15
2026-09-07	KSS	19.440000534057617	5.5	10	1.0	0.5	1.0	0.0	2.0	0.5	2.0	1.0	1.0	2.0	1.0	5.0	6	1.5	2.0	1.0	0.0	1.0	0.5	4.5	5	1.5	0.0	0.0	1.5	1.5	5.3	16
2026-09-07	KT	19.790000915527344														3.3	4	0.0	1.0	1.0	1.0	1.0	0.0	1.0	5	0.0	0.0	0.0	0.5	0.5	3.3	4
2026-09-07	KTA.DE	11.619999885559082														4.2	3	1.0	1.0	1.0	1.0	0.5	0.5	5.5	4	1.5	1.0	0.0	2.0	1.0	4.2	3
2026-09-07	KTB	73.58999633789062	7.3	10	2.0	2.0	1.0	0.5	1.0	1.5	1.0	1.0	2.0	2.0	2.0	7.1	6	1.5	2.0	1.0	1.5	1.0	1.5	4.0	5	1.0	0.0	0.0	1.5	1.5	7.2	16
2026-09-07	KTN.DE	21.5	6.6	8	1.5	2.0	1.0	1.0	0.0	2.0	2.0	1.0	1.0	1.0	2.0	5.4	4	2.0	1.0	1.0	1.0	1.0	0.5	2.0	4	0.5	0.0	0.0	0.5	1.0	6.2	12
2026-09-07	KTOS	47.81999969482422	6.1	10	2.0	2.0	1.0	1.0	0.0	0.5	2.0	1.5	0.5	2.0	1.0	5.8	6	0.0	2.0	1.0	1.0	1.0	2.0	3.0	5	1.0	1.5	0.0	0.0	0.5	6.0	16
2026-09-07	KURA	13.25	5.5	9	2.0	2.0	1.0	0.5	2.0	0.5	0.0	1.0	0.0	2.0	1.0	5.4	5	1.0	0.0	1.0	2.0	0.5	2.0	4.0	5	0.0	1.5	0.0	0.5	2.0	5.5	14
2026-09-07	KVUE	18.739999771118164	6.8	9	1.0	1.0	1.0	1.5	1.0	2.0	2.0	1.0	1.5	2.0	1.0	6.2	6	1.5	2.0	1.0	0.5	1.5	1.0	2.0	5	0.0	0.5	0.0	1.0	0.5	6.6	15
2026-09-07	KVYO	18.610000610351562	6.1	10	2.0	2.0	1.0	0.0	1.0	1.0	2.0	1.0	0.5	2.0	1.0	5.0	6	0.0	2.0	1.0	0.0	1.0	2.0	2.0	5	0.5	0.5	0.0	0.0	1.0	5.8	16
2026-09-07	KWG.DE	2.180000066757202														6.2	4	1.5	1.0	1.0	1.0	1.0	2.0	2.0	4	0.0	1.0	0.0	0.0	1.0	6.2	4
2026-09-07	KWR	161.5	7.3	9	1.5	1.5	1.0	0.5	2.0	2.0	1.5	1.0	1.0	2.0	2.0	7.1	6	1.0	2.0	1.0	2.0	1.0	1.5	4.5	5	1.5	0.5	0.0	0.5	2.0	7.2	15
2026-09-07	KWS.DE	77.30000305175781	6.4	7	1.5	1.5	1.0	1.0	2.0	2.0	1.0	1.0	1.0	0.0	2.0	4.6	4	0.5	1.0	1.0	1.0	1.0	1.0	2.5	4	0.0	1.0	0.0	0.5	1.0	5.9	11
2026-09-07	KWY	10.319999694824219														6.2	4	2.0	1.0	1.0	1.0	0.5	2.0	4.0	5	0.0	0.5	0.0	1.5	2.0	6.2	4
2026-09-07	KYIV	14.109999656677246	6.6	9	2.0	2.0	1.0	1.0	2.0	1.5	1.5	1.0	1.0	0.5	1.0	6.7	5	1.5	1.0	1.0	1.5	1.5	1.5	3.0	4	1.0	0.5	0.0	0.5	1.0	6.6	14
2026-09-07	KYMR	117.38999938964844	5.5	10	2.0	1.5	1.0	0.5	2.0	1.0	0.5	0.5	0.0	2.0	1.0	4.2	5	1.0	1.0	1.0	0.0	0.0	2.0	5.0	5	2.0	1.0	0.0	0.0	2.0	5.1	15
2026-09-07	L	109.30000305175781														5.4	4	1.5	1.0	1.0	1.0	1.0	1.0	2.0	5	0.5	0.0	0.0	0.5	1.0	5.4	4
2026-09-07	LAC	3.0	4.5	9	1.0	2.0	1.0	1.0	0.0	2.0	0.0	1.0	0.0	1.0	1.0	5.4	4	1.0	1.0	1.0	2.0	0.5	1.0	5.0	5	2.0	1.5	0.0	0.5	1.0	4.8	13
2026-09-07	LACR.PA	19.600000381469727														5.0	4	2.0	1.0	1.0	1.0	0.5	0.5	4.5	4	1.0	1.5	0.0	1.0	1.0	5.0	4
2026-09-07	LAD	386.80999755859375	6.8	9	2.0	1.5	1.0	0.5	2.0	1.5	1.5	1.0	1.0	2.0	1.0	6.7	6	2.0	1.0	1.0	2.0	1.0	1.0	5.0	5	1.5	0.5	0.0	2.0	1.0	6.8	15
2026-09-07	LADR	9.829999923706055	5.5	10	1.5	1.5	1.0	1.5	0.0	2.0	0.5	1.0	0.5	1.5	1.0	5.8	6	1.0	0.0	1.0	2.0	2.0	1.0	5.0	5	1.0	1.0	0.0	2.0	1.0	5.6	16
2026-09-07	LAGRb.ST	222.60000610351562														5.0	5	0.5	1.0	1.0	0.5	1.5	1.5	3.0	4	1.0	0.0	0.0	1.0	1.0	5.0	5
2026-09-07	LAMR	150.75999450683594	6.4	9	1.5	1.5	1.0	1.0	1.0	2.0	1.0	1.0	2.0	2.0	0.0	5.8	5	1.0	1.0	1.0	1.0	2.0	1.0	4.5	5	1.0	0.5	0.0	2.0	1.0	6.2	14
2026-09-07	LAND	9.829999923706055	5.7	9	1.0	0.5	1.0	1.0	1.5	2.0	1.5	1.0	0.0	1.0	2.0	5.4	5	1.0	1.0	1.0	2.0	0.5	1.0	2.5	5	1.0	0.0	0.0	0.5	1.0	5.6	14
2026-09-07	LAND.L	663.0	6.1	8	1.5	1.5	1.0	1.0	1.0	2.0	1.0	1.5	1.0	2.0	0.0	5.4	4	0.5	1.0	1.0	1.0	2.0	1.0	3.0	4	1.0	0.5	0.0	0.5	1.0	5.9	12
2026-09-07	LAND.ZU	45.70000076293945	5.7	7	1.0	1.5	1.0	1.0	1.0	2.0	1.0	1.0	0.5	1.5	1.0	4.2	4	0.0	1.0	1.0	1.0	0.0	2.0	3.5	4	1.0	1.0	0.0	0.5	1.0	5.2	11
2026-09-07	LAR	6.789999961853027	5.0	9	2.0	2.0	1.0	1.5	1.0	1.5	0.0	1.0	0.0	1.0	0.0	5.4	5	2.0	2.0	1.0	0.0	0.5	1.0	2.5	5	2.0	0.0	0.0	0.0	0.5	5.1	14
2026-09-07	LASP.CO	1360.0														6.2	4	1.5	1.0	1.0	1.0	2.0	1.0	2.0	3	0.0	0.0	0.0	1.0	1.0	6.2	4
2026-09-07	LASR	40.060001373291016	6.1	9	1.5	2.0	1.0	1.0	0.0	2.0	2.0	1.0	0.0	2.0	1.0	5.4	6	1.0	2.0	1.0	0.0	0.5	2.0	3.0	5	2.0	0.5	0.0	0.0	0.5	5.9	15
2026-09-07	LASTIK.HE	7.099999904632568														4.6	5	1.5	1.0	1.0	0.0	1.0	1.0	3.0	3	1.0	0.0	0.0	1.0	1.0	4.6	5
2026-09-07	LAT.PA	0.014600000344216824														3.8	4	0.0	1.0	1.0	1.0	0.5	1.0	3.0	4	0.0	0.0	0.0	2.0	1.0	3.8	4
2026-09-07	LATOb.ST	208.60000610351562														5.8	4	1.0	1.0	1.0	1.0	2.0	1.0	3.0	4	1.5	0.0	0.0	0.5	1.0	5.8	4
2026-09-07	LAUR	36.7599983215332	7.0	9	1.5	1.5	1.0	1.5	1.0	2.0	2.0	1.0	2.0	2.0	0.0	5.0	6	1.5	0.0	1.0	0.5	1.5	1.5	2.0	5	0.0	0.5	0.0	0.5	1.0	6.4	15
2026-09-07	LAW	4.239999771118164	6.4	9	1.5	2.0	1.0	1.5	1.0	1.0	2.0	1.0	0.0	2.0	1.0	3.8	4	1.0	1.0	1.0	0.0	0.0	1.5	3.5	5	2.0	0.5	0.0	0.0	1.0	5.6	13
2026-09-07	LAZ	45.0	5.7	9	1.0	1.0	1.0	0.5	1.0	1.5	0.5	1.0	2.0	2.0	1.0	3.8	6	1.5	0.0	1.0	0.0	1.0	1.0	4.5	5	1.5	0.5	0.0	1.5	1.0	5.1	15
2026-09-07	LB	86.52999877929688	5.9	9	1.5	1.0	1.0	0.5	2.0	1.5	0.5	1.0	1.0	2.0	1.0	5.0	6	0.0	0.0	1.0	1.5	1.5	2.0	3.5	5	0.0	1.0	0.0	0.5	2.0	5.6	15
2026-09-07	LBG.L	32.20000076293945	5.9	7	1.5	2.0	1.0	1.0	0.0	2.0	1.0	1.0	1.0	0.5	2.0	5.8	4	1.5	1.0	1.0	1.0	1.0	1.5	2.5	4	0.5	1.0	0.0	0.0	1.0	5.9	11
2026-09-07	LBIRD.PA	25.200000762939453														4.6	4	0.5	1.0	1.0	1.0	1.0	1.0	3.0	4	1.0	0.5	0.0	0.5	1.0	4.6	4
2026-09-07	LBRDK	36.02000045776367	4.8	9	1.5	1.5	1.0	1.5	1.0	2.0	0.0	0.0	0.0	2.0	0.0	4.6	2	1.0	1.0	1.0	1.0	0.5	1.0	2.0	5	0.5	0.5	0.0	0.5	0.5	4.7	11
2026-09-07	LBRT	20.59000015258789	6.4	9	1.5	2.0	1.0	0.5	0.0	1.0	2.0	1.0	1.0	2.0	2.0	4.6	6	0.5	0.0	1.0	1.5	1.0	1.5	2.0	5	0.5	0.0	0.0	1.0	0.5	5.9	15
2026-09-07	LBTYA	10.619999885559082	4.5	9	1.0	1.0	1.0	1.0	0.0	2.0	0.0	1.0	0.0	2.0	1.0	6.2	6	2.0	2.0	1.0	2.0	0.0	0.5	3.0	5	0.5	0.5	0.0	1.0	1.0	5.0	15
2026-09-07	LBTYK	10.430000305175781	6.1	8	1.5	2.0	1.0	1.0	1.0	2.0	1.0	1.0	0.0	2.0	1.0	5.4	5	2.0	2.0	1.0	1.0	0.0	0.5	3.5	5	0.5	0.5	0.0	1.0	1.5	5.9	13
2026-09-07	LCID	4.679999828338623	3.4	10	1.0	2.0	1.0	0.0	0.0	0.0	0.0	1.0	0.0	1.5	1.0	5.0	5	1.0	2.0	1.0	0.0	0.0	2.0	4.0	5	1.0	1.0	0.0	1.5	0.5	3.9	15
2026-09-07	LCII	102.5999984741211	6.8	10	1.5	2.0	1.0	0.5	0.0	2.0	2.0	1.0	1.0	2.0	2.0	4.6	6	1.5	2.0	1.0	0.0	1.0	0.0	4.0	5	1.0	0.5	0.0	1.0	1.5	6.1	16
2026-09-07	LCLN	27.190000534057617	7.5	8	2.0	1.0	1.0	2.0	1.5	2.0	2.0	1.0	1.0	2.0	1.0	6.2	3	1.0	1.0	1.0	1.0	1.5	2.0	4.5	4	1.0	1.5	1.0	0.5	0.5	7.1	11
2026-09-07	LCTX	1.0800000429153442	4.8	9	2.0	2.0	1.0	0.5	0.0	2.0	0.0	1.0	0.0	1.0	1.0	0.8	6	0.0	0.0	1.0	0.0	0.0	0.0	5.0	5	1.5	1.5	0.0	0.0	2.0	3.6	15
2026-09-07	LDA.MC	1.3279999494552612														6.7	5	1.5	1.0	1.0	2.0	1.0	1.5	2.0	4	0.0	1.0	0.0	0.0	1.0	6.7	5
2026-09-07	LDI	0.9419999718666077	4.1	9	0.5	1.5	1.0	0.5	0.0	2.0	0.0	1.0	0.0	1.5	1.0	3.8	4	1.0	1.0	1.0	0.0	0.5	1.0	7.5	5	2.0	2.0	0.0	2.0	1.5	4.0	13
2026-09-07	LDO.MI	50.459999084472656	6.1	9	2.0	2.0	1.0	1.0	0.0	2.0	2.0	1.5	1.0	1.0	0.0	5.8	4	1.5	1.0	1.0	1.0	1.0	1.5	2.0	4	0.0	0.5	0.0	0.5	1.0	6.0	13
2026-09-07	LDOS	133.0500030517578	7.5	10	1.5	1.5	1.0	1.5	1.0	1.5	1.5	1.0	2.0	2.0	2.0	4.6	6	1.0	1.0	1.0	0.5	1.0	1.0	2.5	5	0.5	0.5	0.0	1.0	0.5	6.6	16
2026-09-07	LE	10.9399995803833	6.8	10	1.5	2.0	1.0	0.5	0.0	2.0	2.0	1.0	2.0	1.0	2.0	5.8	6	2.0	1.0	1.0	0.0	2.0	1.0	4.5	5	2.0	1.0	0.0	0.0	1.5	6.5	16
2026-09-07	LEA	134.67999267578125	6.4	9	1.0	1.0	1.0	1.0	2.0	1.5	1.5	1.0	1.0	2.0	1.0	4.6	6	2.0	0.0	1.0	0.5	1.0	1.0	3.5	5	1.5	0.5	0.0	0.5	1.0	5.9	15
2026-09-07	LECO	276.44000244140625	8.2	9	2.0	1.5	1.0	1.5	2.0	1.5	1.5	1.0	2.0	2.0	2.0	5.4	6	1.0	0.0	1.0	1.5	1.5	1.5	2.5	5	1.5	0.0	0.0	0.5	0.5	7.4	15
2026-09-07	LEG	9.199999809265137	6.6	8	1.0	1.5	1.0	0.5	1.0	2.0	1.0	1.0	1.5	2.0	2.0	5.8	6	0.5	2.0	1.0	2.0	1.0	0.5	5.0	5	0.5	1.0	0.0	1.5	2.0	6.4	14
2026-09-07	LEG.DE	49.13999938964844	4.5	9	1.0	1.0	1.0	1.0	0.0	2.0	0.5	0.5	1.5	1.5	0.0	5.8	5	2.0	1.0	1.0	0.0	2.0	1.0	5.0	4	1.5	1.5	0.0	1.0	1.0	4.9	14
2026-09-07	LEGN	21.520000457763672	3.2	10	1.5	2.0	1.0	0.0	0.0	0.0	0.0	0.0	0.0	1.5	1.0	5.4	5	1.0	2.0	1.0	0.0	0.5	2.0	2.0	5	0.0	0.5	0.0	0.0	1.5	3.9	15
2026-09-07	LEI.DE	12.850000381469727														4.2	4	0.5	1.0	1.0	1.0	1.0	0.5	4.0	4	1.0	2.0	0.0	0.0	1.0	4.2	4
2026-09-07	LEMON.HE	4.949999809265137														4.2	5	0.5	1.0	1.0	0.0	1.5	1.0	2.0	4	0.0	0.5	0.0	0.5	1.0	4.2	5
2026-09-07	LEN	83.58000183105469	5.0	10	0.5	1.0	1.0	2.0	0.0	1.0	0.5	1.0	1.0	2.0	1.0	3.8	6	0.0	2.0	1.0	0.0	1.0	0.5	3.0	5	1.5	1.5	0.0	0.0	0.0	4.6	16
2026-09-07	LEN.B		4.8	3	0.5	1.0	1.0	1.0	1.0	1.0	1.0	1.0	1.0	1.0	1.0	5.8	1	1.0	2.0	1.0	1.0	1.0	1.0								5.1	4
2026-09-07	LEN.DE		5.2	3	1.0	0.5	1.0	1.0	1.0	2.0	1.0	1.0	1.0	1.0	1.0																5.2	3
2026-09-07	LENZ	5.960000038146973	4.5	9	1.5	2.0	1.0	0.0	1.0	0.0	0.5	1.0	0.0	2.0	1.0	5.0	5	1.0	1.0	1.0	1.5	0.5	1.0	5.0	5	1.5	1.5	0.0	0.0	2.0	4.7	14
2026-09-07	LEU	173.88999938964844	5.5	10	1.5	2.0	1.0	0.0	0.0	1.0	2.0	0.5	1.0	2.0	1.0	5.4	6	0.5	2.0	1.0	0.0	1.5	1.5	6.5	5	1.5	1.5	1.0	1.0	1.5	5.5	16
2026-09-07	LEVI	21.059999465942383	7.5	9	2.0	2.0	1.0	1.0	0.0	1.5	2.0	1.0	2.0	2.0	2.0	5.0	6	1.0	2.0	1.0	0.0	1.0	1.0	3.5	5	1.5	0.0	0.0	1.0	1.0	6.8	15
2026-09-07	LFCR	4.400000095367432	5.9	9	2.0	2.0	1.0	1.0	0.0	2.0	0.0	1.0	1.0	2.0	1.0	2.5	5	0.5	0.0	1.5	0.0	0.0	1.0	7.0	5	1.0	1.0	1.0	2.0	2.0	4.9	14
2026-09-07	LFMD	3.0799999237060547	3.6	9	1.5	2.0	1.0	0.5	0.0	1.0	0.0	1.0	0.0	1.0	0.0	2.9	5	1.0	0.0	1.0	0.0	1.0	0.5	5.0	5	2.0	1.0	0.0	0.5	1.5	3.4	14
2026-09-07	LFST	12.729999542236328	7.0	10	2.0	1.0	1.0	1.0	2.0	2.0	2.0	1.0	0.5	2.0	1.0	5.8	6	0.0	1.0	1.0	2.0	1.0	2.0	4.0	5	1.5	1.5	0.0	0.5	0.5	6.6	16
2026-09-07	LFTO	18.739999771118164	7.3	9	2.0	2.0	1.0	1.5	0.5	1.5	2.0	1.5	1.0	2.0	1.0	5.0	4	0.0	1.0	1.0	1.0	1.0	2.0	4.0	3	1.0	1.5	0.0	1.0	0.5	6.6	13
2026-09-07	LFUS	419.07000732421875	6.8	9	1.5	2.0	1.0	1.0	1.0	2.0	1.5	1.0	0.0	2.0	2.0	5.4	6	1.0	0.0	1.0	2.0	0.5	2.0	3.0	5	1.5	0.5	0.0	0.0	1.0	6.4	15
2026-09-07	LGEN.L	295.70001220703125	4.3	8	0.5	1.0	1.0	1.0	1.0	1.0	1.0	0.0	2.0	1.0	0.0	5.8	4	1.0	1.0	1.0	1.0	1.5	1.5	4.0	4	0.5	0.5	0.0	2.0	1.0	4.8	12
2026-09-07	LGN	52.970001220703125	5.9	10	2.0	2.0	1.0	1.0	0.0	1.0	2.0	1.0	0.0	2.0	1.0	5.4	5	1.0	0.0	1.0	2.0	0.5	2.0	3.0	4	1.0	0.5	0.0	1.0	0.5	5.8	15
2026-09-07	LGND	285.6000061035156	7.3	9	2.0	2.0	1.0	0.5	1.0	2.0	2.0	1.0	1.5	2.0	1.0	5.0	6	1.0	0.0	1.0	0.0	2.0	2.0	4.0	5	1.0	0.5	0.0	1.0	1.5	6.6	15
2026-09-07	LGVN	6.809999942779541	4.3	9	1.5	0.0	1.0	1.0	0.0	2.0	0.5	1.0	0.0	0.5	2.0	3.3	4	1.0	1.0	1.0	0.0	0.5	0.5	1.5	5	0.0	0.5	0.0	0.0	1.0	4.0	13
2026-09-07	LH	326.8900146484375	7.5	10	2.0	1.0	1.0	1.5	2.0	2.0	1.5	0.5	1.0	2.0	2.0	5.0	6	1.5	0.0	1.0	1.5	1.0	1.0	3.0	5	1.0	1.0	0.0	0.5	0.5	6.8	16
2026-09-07	LHA.DE	7.8460001945495605	3.4	9	1.0	1.0	1.0	1.0	0.0	1.5	0.0	0.0	1.0	1.0	0.0	6.7	5	2.0	1.0	1.0	2.0	1.0	1.0	4.0	4	1.5	0.5	0.0	1.0	1.0	4.4	14
2026-09-07	LHX	256.45001220703125	5.9	8	1.5	2.0	1.0	1.5	0.0	1.0	2.0	0.0	1.0	2.0	1.0	7.1	6	1.5	2.0	1.0	0.5	1.5	2.0	3.5	5	0.5	2.0	0.0	0.5	0.5	6.3	14
2026-09-07	LHYFE.PA	1.9919999837875366														5.4	3	1.0	1.0	1.0	1.0	0.5	2.0	5.5	4	1.0	1.5	0.0	2.0	1.0	5.4	3
2026-09-07	LI	12.369999885559082	4.3	10	1.0	1.5	1.0	1.0	0.0	2.0	0.0	1.0	0.0	0.0	2.0	2.1	6	0.0	1.0	1.0	0.0	0.5	0.0	3.5	5	0.5	1.5	0.0	0.0	1.5	3.6	16
2026-09-07	LI.PA	37.959999084472656	5.5	8	1.5	1.5	1.0	1.0	1.0	2.0	1.0	1.0	1.0	1.0	0.0	5.0	4	0.0	1.0	1.0	1.0	2.0	1.0	3.0	4	1.0	0.5	0.0	0.5	1.0	5.3	12
2026-09-07	LIAB.ST	128.8000030517578														5.0	5	2.0	1.0	1.0	0.0	1.0	1.0	4.0	4	1.0	1.5	0.0	0.5	1.0	5.0	5
2026-09-07	LIC.ASX	5.099999904632568	5.2	8	1.5	1.5	1.0	1.0	0.0	2.0	1.0	0.0	1.0	1.5	1.0	7.1	4	1.5	1.0	1.0	1.0	2.0	2.0	4.5	4	1.0	0.0	2.0	0.5	1.0	5.8	12
2026-09-07	LIDR	1.3700000047683716	5.9	9	1.5	2.0	1.0	1.5	1.0	2.0	1.5	1.0	0.0	0.5	1.0	4.6	4	1.0	1.0	1.0	0.0	0.5	2.0	3.5	5	2.0	1.0	0.0	0.0	0.5	5.5	13
2026-09-07	LIF	44.16999816894531	6.8	9	2.0	2.0	1.0	0.5	0.0	2.0	2.0	1.0	2.0	1.5	1.0	5.4	5	0.5	1.0	1.0	0.0	2.0	2.0	5.0	5	1.0	1.5	0.0	0.5	2.0	6.4	14
2026-09-07	LIFCOb.ST	314.20001220703125														5.8	5	0.5	1.0	1.0	1.5	1.5	1.5	2.5	4	1.0	0.0	0.0	0.5	1.0	5.8	5
2026-09-07	LIFE	39.849998474121094	6.4	9	2.0	0.5	1.0	1.5	1.0	1.5	2.0	1.0	0.0	1.5	2.0	5.8	5	1.0	1.0	1.0	2.0	0.0	2.0	2.5	4	1.0	1.5	0.0	0.0	0.0	6.2	14
2026-09-07	LIGHT.NV	15.5	5.9	8	1.5	2.0	1.0	1.0	0.0	1.5	2.0	1.0	1.0	2.0	0.0	4.2	5	1.5	1.0	1.0	0.0	1.0	0.5	3.5	4	1.0	1.0	0.0	0.5	1.0	5.4	13
2026-09-07	LII	390.5299987792969	6.6	10	1.0	2.0	1.0	1.0	0.0	1.0	1.0	1.5	2.0	2.0	2.0	6.2	6	2.0	2.0	1.0	0.0	1.5	1.0	4.5	5	1.0	1.5	0.0	1.5	0.5	6.5	16
2026-09-07	LIK.DE	530.0														5.4	4	0.5	1.0	1.0	1.0	1.0	2.0	3.0	4	1.0	0.5	0.0	0.5	1.0	5.4	4
2026-09-07	LILA	8.520000457763672	6.8	10	1.5	2.0	1.0	1.5	2.0	2.0	2.0	0.0	0.0	2.0	1.0	3.8	4	1.0	0.0	1.0	1.0	0.5	1.0	4.5	5	0.5	1.5	0.0	2.0	0.5	5.9	14
2026-09-07	LILAK	8.449999809265137	5.0	9	1.0	0.5	1.0	1.5	2.0	1.0	0.0	1.0	0.0	2.0	1.0	2.9	5	1.0	0.0	1.0	0.0	0.5	1.0	5.0	5	0.5	1.5	0.0	2.0	1.0	4.4	14
2026-09-07	LILMF	0.0003000000142492354														5.8	3	2.0	1.0	1.5	1.0	0.5	1.0	9.0	4	2.0	2.0	2.0	1.0	2.0	5.8	3
2026-09-07	LIME	36.75	6.6	7	2.0	1.5	1.0	1.0	1.0	1.5	2.0	1.0	1.0	0.5	2.0	7.1	4	1.5	1.0	1.0	1.0	2.0	2.0	2.0	4	1.0	0.0	0.0	0.0	1.0	6.7	11
2026-09-07	LIN	477.57000732421875	6.4	10	2.0	1.5	1.0	2.0	0.0	2.0	1.0	1.0	1.5	2.0	0.0	4.2	6	1.0	0.0	1.0	0.0	2.0	1.0	1.5	5	0.5	0.0	0.0	0.5	0.5	5.7	16
2026-09-07	LIN.DE	413.3999938964844	6.1	5	2.0	1.5	1.0	1.0	0.0	2.0	2.0	1.0	1.0	1.0	1.0	4.2	4	0.5	0.0	1.0	1.5	1.0	1.0	3.0	2	1.0	0.0	0.0	1.0	1.0	5.5	9
2026-09-07	LIN.PA	45.400001525878906														3.3	4	0.0	1.0	1.0	1.0	1.0	0.0	1.5	4	0.0	0.0	0.0	0.5	1.0	3.3	4
2026-09-07	LINC	25.639999389648438	6.1	9	1.5	2.0	1.0	1.0	0.0	2.0	2.0	1.0	1.0	2.0	0.0	5.8	6	1.0	2.0	1.0	0.0	1.0	2.0	2.5	5	0.5	0.5	0.0	1.0	0.5	6.0	15
2026-09-07	LIND	25.8700008392334	6.1	8	1.5	2.0	1.0	0.5	1.0	1.5	2.0	1.0	1.0	2.0	0.0	5.0	5	1.0	0.0	1.0	2.0	0.5	1.5	4.5	4	2.0	0.0	0.0	1.0	1.5	5.8	13
2026-09-07	LINDEX.HE	2.325000047683716														6.2	5	1.5	1.0	1.0	2.0	1.0	1.0	3.5	4	0.5	0.5	0.0	1.5	1.0	6.2	5
2026-09-07	LINE	38.16999816894531	5.5	10	1.5	2.0	1.0	1.0	0.0	2.0	2.0	1.5	0.0	1.0	0.0	2.9	5	1.0	0.0	1.0	0.0	0.5	1.0	3.0	5	1.0	0.0	0.0	1.0	1.0	4.7	15
2026-09-07	LIO.L	300.5	4.5	8	0.5	1.0	1.0	1.0	1.0	1.0	1.0	1.0	1.0	0.5	1.0	5.0	4	2.0	1.0	1.0	1.0	1.0	0.0	2.5	4	1.5	0.0	0.0	0.0	1.0	4.7	12
2026-09-07	LION	11.170000076293945	5.9	5	1.5	2.0	1.0	1.0	1.0	0.5	2.0	1.0	1.0	1.0	1.0	4.2	3	1.0	1.0	1.0	0.0	1.0	1.0	3.0	2	1.0	0.0	0.0	1.0	1.0	5.4	8
2026-09-07	LISN.ZU	87900.0	5.5	8	0.5	1.5	1.0	1.0	0.0	1.0	1.0	2.0	1.5	0.5	2.0	5.8	4	2.0	1.0	1.0	1.0	1.5	0.5	3.0	4	0.0	1.5	0.0	0.5	1.0	5.6	12
2026-09-07	LIT.L	1.725000023841858														4.6	2	1.0	1.0	1.0	1.0	0.5	1.0	6.0	4	0.0	2.0	1.0	2.0	1.0	4.6	2
2026-09-07	LITE	881.2550048828125	7.3	10	2.0	2.0	1.0	1.0	2.0	1.0	1.5	1.5	0.0	2.0	2.0	5.8	6	2.0	0.0	1.0	2.0	0.0	2.0	3.0	5	1.5	0.5	0.0	0.5	0.5	6.8	16
2026-09-07	LIV.L	38.29999923706055														6.7	4	1.0	1.0	1.0	1.0	2.0	2.0	3.0	3	0.0	1.0	0.0	1.0	1.0	6.7	4
2026-09-07	LIVE.L	73.80000305175781	6.1	4	1.5	1.5	1.0	1.0	1.5	2.0	1.0	1.0	1.0	1.0	1.0	4.2	2	0.0	1.0	1.0	1.0	1.0	1.0	4.5	2	1.0	1.5	0.0	1.0	1.0	5.5	6
2026-09-07	LIVN	81.91999816894531	8.2	10	2.0	1.5	1.0	1.0	2.0	2.0	2.0	2.0	1.5	2.0	1.0	6.2	6	2.0	1.0	1.0	0.5	1.5	1.5	3.5	5	1.0	1.0	0.0	0.0	1.5	7.6	16
2026-09-07	LKE.ASX	0.04399999976158142														3.8	3	1.0	1.0	1.0	1.0	0.5	0.0	2.0	4	0.0	1.0	0.0	0.0	1.0	3.8	3
2026-09-07	LKFN	60.56999969482422	6.1	8	1.0	1.5	1.0	0.5	1.0	2.0	1.5	1.0	1.0	2.0	1.0	7.1	6	1.5	2.0	1.0	1.0	2.0	1.0	3.5	4	0.5	0.0	0.0	1.0	2.0	6.4	14
2026-09-07	LKFT	28.489999771118164	5.2	9	1.0	0.5	1.0	1.0	0.0	2.0	2.0	1.0	1.5	0.5	1.0	5.8	6	2.0	0.0	1.0	2.0	2.0	0.0	2.5	5	0.0	0.5	0.0	0.0	2.0	5.4	15
2026-09-07	LKFT.NV	24.600000381469727	5.2	8	0.5	0.5	1.0	1.0	0.0	2.0	2.0	1.0	1.5	1.0	1.0	5.8	5	2.0	1.0	1.0	1.0	2.0	0.0	1.5	4	0.0	0.5	0.0	0.0	1.0	5.4	13
2026-09-07	LKQ	25.540000915527344	6.8	10	2.0	2.0	1.0	1.0	1.0	1.0	1.0	1.0	1.0	2.0	2.0	5.4	6	2.0	2.0	1.0	0.0	1.0	0.5	3.5	5	1.0	0.5	0.0	1.0	1.0	6.4	16
2026-09-07	LLC.ASX	2.9100000858306885	5.2	8	1.5	2.0	1.0	1.0	0.0	2.0	1.0	0.5	0.0	1.5	1.0	3.3	4	1.0	1.0	1.0	1.0	0.0	0.0	3.5	4	0.5	1.0	0.0	1.0	1.0	4.6	12
2026-09-07	LLOY.L	112.5999984741211	5.9	8	2.0	1.5	1.0	1.0	1.0	2.0	0.5	0.5	1.0	1.5	1.0	6.7	5	2.0	1.0	1.0	0.5	2.0	1.5	4.0	3	1.0	1.0	0.0	1.0	1.0	6.1	13
2026-09-07	LLY	1149.3599853515625	8.0	10	2.0	2.0	1.0	2.0	1.0	1.5	2.0	1.0	2.0	2.0	1.0	7.5	6	1.5	1.0	1.0	1.5	2.0	2.0	3.0	5	0.5	0.5	0.0	1.5	0.5	7.8	16
2026-09-07	LMAT	80.66999816894531	6.1	10	1.0	2.0	1.0	1.0	0.0	1.5	1.5	1.0	1.5	2.0	1.0	5.8	6	1.0	2.0	1.0	0.0	2.0	1.0	3.0	5	0.0	1.5	0.0	0.5	1.0	6.0	16
2026-09-07	LMB	49.86000061035156	6.4	10	2.0	2.0	1.0	1.0	0.0	1.5	2.0	0.0	1.5	2.0	1.0	5.8	6	1.0	2.0	1.0	0.0	1.0	2.0	3.0	5	1.5	1.0	0.0	0.0	0.5	6.2	16
2026-09-07	LMND	53.40999984741211	5.0	9	1.0	1.0	1.0	0.5	0.0	2.0	2.0	1.0	0.0	1.5	1.0	4.2	5	1.0	1.0	1.0	0.0	0.0	2.0	5.0	5	2.0	1.0	0.0	0.5	1.5	4.8	14
2026-09-07	LMNR.US	14.989999771118164	6.4	9	1.5	2.0	1.0	1.5	1.5	2.0	0.0	1.0	0.0	1.5	2.0	4.2	6	0.0	2.0	1.0	2.0	0.0	0.0	2.5	5	0.0	0.5	0.0	0.5	1.5	5.7	15
2026-09-07	LMP.L	184.5	5.2	8	1.0	1.5	1.0	1.0	0.0	2.0	1.0	1.0	1.0	2.0	0.0	5.4	4	0.0	1.0	1.0	1.0	2.0	1.5	3.0	4	1.0	0.5	0.0	0.5	1.0	5.3	12
2026-09-07	LMRI	12.180000305175781	6.1	9	2.0	2.0	1.0	1.0	1.5	2.0	0.0	1.0	1.0	1.0	1.0	5.0	5	1.0	2.0	1.0	0.5	0.5	1.0	3.5	4	1.0	0.0	0.0	1.5	1.0	5.8	14
2026-09-07	LMT	525.280029296875	6.6	10	1.0	1.5	1.0	2.0	0.0	1.5	1.5	1.0	2.0	2.0	1.0	5.4	6	1.5	1.0	1.0	0.5	1.0	1.5	2.5	5	0.0	0.5	0.0	1.5	0.5	6.2	16
2026-09-07	LNA.PA	32.5														5.8	4	1.5	1.0	1.0	1.0	1.0	1.5	3.5	4	0.0	0.5	0.0	2.0	1.0	5.8	4
2026-09-07	LNC	45.470001220703125	8.2	9	1.5	1.5	1.0	2.0	2.0	1.5	2.0	1.0	1.5	2.0	2.0	5.4	6	1.5	0.0	1.0	1.0	1.5	1.5	2.5	5	1.0	1.0	0.0	0.5	0.0	7.4	15
2026-09-07	LNG	292.0	7.3	10	2.0	1.5	1.0	1.5	2.0	1.0	2.0	1.0	2.0	2.0	0.0	6.2	6	0.0	1.0	1.0	2.0	1.5	2.0	4.5	5	0.0	1.5	1.0	1.5	0.5	7.0	16
2026-09-07	LNN	123.38999938964844	6.4	9	1.0	1.0	1.0	0.5	2.0	2.0	0.5	1.0	1.0	2.0	2.0	4.6	6	1.0	2.0	1.0	0.0	1.0	0.5	2.0	5	0.5	0.0	0.0	0.0	1.5	5.9	15
2026-09-07	LNT	67.97000122070312	5.5	9	1.5	1.5	1.0	0.5	0.0	2.0	1.5	1.0	1.0	2.0	0.0	5.8	6	1.0	1.0	1.0	1.5	1.5	1.0	4.0	5	0.5	0.5	0.0	1.5	1.5	5.6	15
2026-09-07	LNTH	100.97000122070312	6.1	10	1.0	1.5	1.0	0.5	1.0	2.0	2.0	0.0	1.5	2.0	1.0	5.0	6	1.0	0.0	1.0	1.5	1.5	1.0	2.0	5	0.0	1.0	0.0	0.5	0.5	5.8	16
2026-09-07	LNWO	89.58999633789062	6.4	10	1.5	2.0	1.0	0.5	1.0	2.0	1.5	0.0	2.0	0.5	2.0	4.6	6	2.0	1.0	0.5	0.0	1.0	1.0	4.5	5	0.0	0.0	1.0	2.0	1.5	5.9	16
2026-09-07	LOAR	67.8499984741211	6.8	9	2.0	2.0	1.0	0.5	1.0	1.5	2.0	1.0	1.0	2.0	1.0	5.0	6	0.0	0.0	1.0	1.5	1.5	2.0	3.0	5	0.5	0.0	0.0	1.0	1.5	6.3	15
2026-09-07	LOB	39.61000061035156	6.4	9	1.5	1.5	1.0	1.0	1.0	2.0	1.0	1.0	1.0	2.0	1.0	5.8	6	1.5	0.0	1.0	1.0	2.0	1.5	5.0	4	2.0	0.5	0.0	1.0	1.5	6.2	15
2026-09-07	LOCO	15.369999885559082	6.6	9	1.5	2.0	1.0	1.0	1.0	2.0	2.0	1.0	1.0	2.0	0.0	5.4	6	1.5	1.0	1.0	1.0	1.0	1.0	3.0	5	0.5	0.5	0.0	0.5	1.5	6.2	15
2026-09-07	LOG.MC	35.279998779296875														5.0	4	1.0	1.0	1.0	1.0	1.0	1.0	1.5	4	0.0	0.5	0.0	0.0	1.0	5.0	4
2026-09-07	LOGC	12.949999809265137														4.2	3	1.0	1.0	1.0	1.0	0.5	0.5	5.0	5	2.0	1.5	0.0	0.0	1.5	4.2	3
2026-09-07	LOGI	102.05000305175781	7.5	9	1.0	1.5	1.0	1.0	2.0	1.0	2.0	1.0	2.0	2.0	2.0	5.4	6	1.0	2.0	1.0	0.0	1.5	1.0	2.5	5	0.5	0.0	0.0	0.0	2.0	6.9	15
2026-09-07	LOGN.ZU	82.31999969482422	7.5	8	1.0	1.5	1.0	1.0	2.0	1.0	2.0	1.0	2.0	2.0	2.0	6.7	6	1.0	2.0	1.0	1.5	1.5	1.0	1.5	4	0.5	0.0	0.0	0.0	1.0	7.3	14
2026-09-07	LOLB.CO	870.0														7.1	4	2.0	1.0	1.0	1.0	2.0	1.5	2.5	3	0.0	0.5	0.0	1.0	1.0	7.1	4
2026-09-07	LOMA	10.270000457763672	5.7	9	1.5	2.0	1.0	2.0	0.0	2.0	0.0	1.0	0.5	0.5	2.0	3.3	5	0.0	0.0	1.0	1.0	1.0	1.0	1.0	5	0.5	0.0	0.0	0.0	0.5	5.0	14
2026-09-07	LONN.ZU	567.2000122070312	6.6	8	2.0	1.5	1.0	1.0	1.0	2.0	1.0	0.5	1.0	1.5	2.0	5.4	4	1.5	1.0	1.0	1.0	0.5	1.5	3.0	4	1.0	0.5	0.0	0.5	1.0	6.2	12
2026-09-07	LOOMIS.ST	529.0	6.8	8	1.0	1.5	1.0	1.0	2.0	2.0	1.5	1.0	1.5	1.5	1.0	5.8	5	1.0	1.0	1.0	2.0	1.0	1.0	4.0	4	0.5	1.0	0.0	1.5	1.0	6.5	13
2026-09-07	LOPE	152.6699981689453	8.0	10	2.0	2.0	1.0	1.0	1.0	2.0	1.5	1.0	2.0	2.0	2.0	6.7	6	2.0	2.0	1.0	0.5	1.5	1.0	2.0	5	0.5	0.5	0.0	0.0	1.0	7.6	16
2026-09-07	LOTB.BR	12220.0														5.0	4	0.0	1.0	1.0	1.0	1.5	1.5	3.0	4	0.5	1.0	0.0	0.5	1.0	5.0	4
2026-09-07	LOV.ASX	23.600000381469727	5.5	7	1.5	2.0	1.0	1.0	0.0	2.0	1.0	1.0	2.0	0.5	0.0	5.4	4	0.5	1.0	1.0	1.0	1.5	1.5	5.0	4	1.0	1.0	0.0	2.0	1.0	5.5	11
2026-09-07	LOVE	16.690000534057617	6.8	9	2.0	2.0	1.0	0.0	1.0	1.5	2.0	1.0	0.5	2.0	2.0	5.4	5	2.0	1.0	1.0	1.0	1.0	0.5	5.0	5	2.0	0.0	0.0	1.0	2.0	6.4	14
2026-09-07	LOW	204.4499969482422	7.0	8	2.0	2.0	1.0	2.0	0.0	2.0	1.5	1.0	1.0	2.0	1.0	3.8	6	1.5	0.0	1.0	0.0	1.0	1.0	4.5	4	1.0	1.5	0.0	1.0	1.0	6.0	14
2026-09-07	LPE.PA	81.0														6.2	4	2.0	1.0	1.0	1.0	1.5	1.0	3.0	4	0.0	1.5	0.0	0.5	1.0	6.2	4
2026-09-07	LPG	55.20000076293945	7.7	10	1.5	1.0	1.0	1.0	1.5	2.0	2.0	2.0	2.0	2.0	1.0	9.2	6	2.0	2.0	1.0	2.0	2.0	2.0	4.0	5	0.5	2.0	0.0	0.5	1.0	8.1	16
2026-09-07	LPK.DE	13.300000190734863	5.7	7	1.5	2.0	1.0	1.0	1.0	2.0	1.0	1.0	0.0	1.0	1.0	4.2	4	2.0	1.0	1.0	1.0	0.0	0.0	3.5	4	2.0	0.5	0.0	0.0	1.0	5.2	11
2026-09-07	LPL	3.299999952316284														3.3	5	0.0	1.0	1.0	0.5	0.5	1.0	4.5	5	1.5	1.0	0.0	1.5	0.5	3.3	5
2026-09-07	LPLA.US	359.3299865722656	7.7	10	2.0	1.5	1.0	1.5	2.0	1.0	1.5	1.0	1.5	2.0	2.0	7.9	6	2.0	2.0	1.0	1.5	1.0	2.0	2.5	5	0.0	0.5	0.0	1.0	1.0	7.8	16
2026-09-07	LPX	68.16999816894531	6.4	10	2.0	2.0	1.0	0.5	0.0	2.0	2.0	1.0	0.5	2.0	1.0	3.8	6	0.5	2.0	1.0	0.0	1.0	0.0	4.0	5	1.5	1.5	0.0	0.0	1.0	5.6	16
2026-09-07	LQAG.DE	4.650000095367432														5.8	4	2.0	1.0	1.0	1.0	0.0	2.0	2.5	3	1.0	0.0	0.0	0.5	1.0	5.8	4
2026-09-07	LQDA	68.66000366210938	7.7	9	2.0	2.0	1.0	0.5	1.0	1.5	2.0	1.0	2.0	2.0	2.0	5.8	6	0.0	1.0	1.0	1.0	2.0	2.0	3.5	5	0.5	0.5	0.0	1.0	1.5	7.1	15
2026-09-07	LQDT	42.11000061035156	8.2	9	1.5	2.0	1.0	1.5	2.0	2.0	2.0	1.0	1.0	2.0	2.0	7.1	6	1.5	2.0	1.0	2.0	1.0	1.0	3.5	5	1.0	1.5	0.0	0.0	1.0	7.9	15
2026-09-07	LR.PA	140.89999389648438	7.7	9	2.0	2.0	1.0	1.0	2.0	1.5	0.5	2.0	1.5	1.5	2.0	6.2	5	1.0	1.0	1.0	1.5	1.5	1.5	3.0	4	1.0	0.0	0.0	1.0	1.0	7.2	14
2026-09-07	LRCX	307.6499938964844	7.3	10	2.0	2.0	1.0	1.5	1.0	0.0	1.5	1.0	2.0	2.0	2.0	7.1	6	1.5	0.0	1.0	2.0	2.0	2.0	3.0	5	2.0	0.0	0.0	0.5	0.5	7.2	16
2026-09-07	LRE.L	630.0	6.8	8	2.0	1.0	1.0	1.0	2.0	2.0	1.0	1.0	1.5	1.5	1.0	6.2	4	2.0	1.0	1.0	1.0	2.0	0.5	1.5	4	0.0	0.0	0.0	0.5	1.0	6.6	12
2026-09-07	LRN	84.68000030517578	6.6	9	1.5	2.0	1.0	0.0	1.0	1.5	2.0	1.0	1.5	2.0	1.0	5.8	6	2.0	2.0	1.0	0.0	1.5	0.5	2.5	5	0.0	0.5	0.0	0.5	1.5	6.4	15
2026-09-07	LSCC	115.9000015258789	6.8	9	2.0	2.0	1.0	1.0	1.0	2.0	1.5	1.0	0.5	2.0	1.0	7.5	6	2.0	1.0	1.0	2.0	1.0	2.0	2.0	5	1.5	0.0	0.0	0.0	0.5	7.0	15
2026-09-07	LSEG.L	8830.0	7.0	8	2.0	2.0	1.0	1.0	2.0	1.5	1.0	1.0	1.0	2.0	1.0	6.2	4	2.0	1.0	1.0	1.0	1.5	1.0	1.5	4	0.0	0.0	0.0	0.5	1.0	6.8	12
2026-09-07	LSL.L	268.0														5.0	4	1.0	1.0	1.0	1.0	1.0	1.0	2.0	4	0.0	0.5	0.0	0.5	1.0	5.0	4
2026-09-07	LSPD	10.510000228881836	5.9	9	1.0	2.0	1.0	1.5	2.0	1.0	1.0	1.0	0.0	1.5	1.0	5.0	4	1.0	1.0	1.0	1.5	0.5	1.0	3.5	5	2.0	0.0	0.0	0.0	1.5	5.6	13
2026-09-07	LSS.PA	21.799999237060547														5.4	4	2.0	1.0	1.0	1.0	1.0	0.5	2.5	4	1.0	0.0	0.0	0.5	1.0	5.4	4
2026-09-07	LSTR	177.9199981689453	6.6	10	1.5	1.5	1.0	1.0	1.0	1.5	0.5	1.5	1.0	2.0	2.0	7.1	6	2.0	1.0	1.0	2.0	1.0	1.5	1.5	5	1.0	0.0	0.0	0.0	0.5	6.7	16
2026-09-07	LSX.DE	3.859999895095825														3.8	4	0.0	1.0	1.0	1.0	1.0	0.5	1.5	4	0.0	0.0	0.0	0.5	1.0	3.8	4
2026-09-07	LTA.PA	23.0														5.0	1	1.0	1.0	1.0	1.0	1.0	1.0	4.5	2	1.0	1.5	0.0	1.0	1.0	5.0	1
2026-09-07	LTC.US	41.209999084472656	7.0	10	1.5	1.5	1.0	1.0	2.0	1.5	1.0	2.0	1.0	2.0	1.0	5.8	6	0.0	2.0	1.0	2.0	2.0	0.0	3.5	5	0.5	1.0	0.0	1.0	1.0	6.6	16
2026-09-07	LTH	43.22999954223633	7.3	10	2.0	2.0	1.0	1.0	2.0	2.0	1.5	1.5	1.0	2.0	0.0	7.1	6	1.0	2.0	1.0	1.5	1.5	1.5	4.5	5	1.5	1.0	0.0	1.0	1.0	7.2	16
2026-09-07	LTM	52.470001220703125	6.1	10	1.5	2.0	1.0	2.0	0.0	2.0	2.0	1.0	2.0	0.0	0.0	3.8	6	0.5	0.0	1.0	0.0	1.0	2.0	4.0	5	1.0	0.0	0.0	2.0	1.0	5.4	16
2026-09-07	LTMC.MI	24.270000457763672	6.8	9	1.5	2.0	1.0	1.0	1.0	2.0	2.0	1.0	2.0	1.5	0.0	4.6	5	0.5	1.0	1.0	1.0	1.0	1.0	5.0	4	0.0	0.0	2.0	2.0	1.0	6.1	14
2026-09-07	LTOD.L	41.599998474121094														5.4	4	1.5	1.0	1.0	1.0	1.0	1.0	3.0	4	0.5	0.5	0.0	1.0	1.0	5.4	4
2026-09-07	LTR.ASX	1.184999942779541	5.9	8	2.0	2.0	1.0	1.0	0.0	1.5	1.0	2.0	1.0	0.5	1.0	5.8	4	0.5	1.0	1.0	1.0	1.5	2.0	3.5	4	1.5	0.5	0.0	0.5	1.0	5.9	12
2026-09-07	LTRX	5.21999979019165	5.7	9	2.0	2.0	1.0	1.0	0.0	1.0	2.0	1.0	0.0	1.5	1.0	5.4	6	2.0	2.0	1.0	0.0	0.5	1.0	3.0	5	1.5	1.0	0.0	0.0	0.5	5.6	15
2026-09-07	LU	1.25	4.3	7	1.5	2.0	1.0	1.0	0.0	1.0	1.0	1.0	0.0	0.0	1.0	3.8	4	1.0	1.0	1.0	1.0	0.5	0.0	4.5	5	0.5	2.0	0.0	1.0	1.0	4.1	11
2026-09-07	LUCE.L	219.0	6.6	7	1.5	2.0	1.0	1.0	1.0	2.0	1.0	1.0	1.5	0.5	2.0	5.0	4	1.0	1.0	1.0	1.0	1.0	1.0	3.0	4	1.5	0.0	0.0	0.5	1.0	6.1	11
2026-09-07	LUCK	6.289999961853027	4.1	8	1.5	2.0	1.0	0.5	0.0	0.0	0.0	1.0	1.0	2.0	0.0	3.8	5	1.0	1.0	1.0	0.0	0.5	1.0	4.5	4	0.5	1.0	0.0	1.0	2.0	4.0	13
2026-09-07	LUG.ST	689.5999755859375	6.6	8	1.0	1.0	1.0	1.0	2.0	1.5	1.5	1.0	2.0	0.5	2.0	5.0	5	1.0	1.0	1.0	0.0	2.0	1.0	2.5	4	1.5	0.0	0.0	0.0	1.0	6.1	13
2026-09-07	LULU	100.61000061035156	5.9	10	1.0	1.0	1.0	1.0	0.0	0.5	2.0	0.5	2.0	2.0	2.0	5.0	6	2.0	2.0	0.0	0.0	1.5	0.5	6.5	5	1.0	2.0	2.0	0.5	1.0	5.6	16
2026-09-07	LUMI.ST	246.1999969482422	7.0	8	1.5	1.5	1.0	1.0	2.0	1.0	1.5	1.0	1.5	1.5	2.0	5.8	5	1.0	1.0	1.0	0.0	2.0	2.0	3.5	4	2.0	0.5	0.0	0.0	1.0	6.6	13
2026-09-07	LUMN	6.769999980926514	5.2	9	1.0	1.5	1.0	1.0	1.0	1.5	0.5	1.0	1.0	2.0	0.0	1.7	6	0.0	0.0	1.0	0.0	0.5	0.5	4.5	4	2.0	0.5	0.0	1.0	1.0	4.1	15
2026-09-07	LUNA.US	1.3600000143051147														4.6	3	1.0	1.0	1.0	1.0	0.5	1.0	5.0	5	2.0	0.5	0.0	0.5	2.0	4.6	3
2026-09-07	LUND-B.ST	589.5														7.1	4	1.5	1.0	1.0	1.0	2.0	2.0	3.5	4	1.0	1.5	0.0	0.0	1.0	7.1	4
2026-09-07	LUNG	2.2100000381469727	6.6	9	2.0	2.0	1.0	1.5	2.0	0.5	2.0	1.0	0.0	1.5	1.0	3.8	5	1.0	0.0	1.0	2.0	0.0	0.5	1.5	5	0.0	0.0	0.0	1.0	0.5	5.8	14
2026-09-07	LUNR	14.8100004196167	4.3	9	1.5	2.0	1.0	0.0	0.0	0.0	0.0	1.0	0.0	2.0	2.0	5.0	5	1.0	2.0	1.0	0.0	0.0	2.0	4.5	5	2.0	1.0	0.0	0.5	1.0	4.5	14
2026-09-07	LUOTEA.HE	1.9800000190734863														5.4	5	1.0	1.0	1.5	0.0	2.0	1.0	4.5	4	0.0	2.0	1.0	0.5	1.0	5.4	5
2026-09-07	LUS1.DE	16.950000762939453														6.7	4	2.0	1.0	1.0	1.0	1.0	2.0	3.5	4	0.5	1.0	0.0	1.0	1.0	6.7	4
2026-09-07	LUV	39.619998931884766	6.1	10	1.5	2.0	1.0	1.0	0.0	1.5	2.0	1.5	1.0	2.0	0.0	7.9	6	2.0	2.0	1.0	2.0	1.0	1.5	3.0	5	1.0	0.0	0.0	1.0	1.0	6.6	16
2026-09-07	LUXE	7.71999979019165	6.4	8	1.0	1.5	1.0	1.0	0.0	2.0	2.0	1.0	2.0	0.5	2.0	6.2	6	2.0	1.0	1.0	0.0	1.5	2.0	3.5	5	1.0	0.5	0.0	0.0	2.0	6.3	14
2026-09-07	LUXHQ	0.006500000134110451														3.3	2	1.0	1.0	1.0	1.0	0.0	0.0	6.0	3	2.0	2.0	1.0	1.0	0.0	3.3	2
2026-09-07	LUXORb.CO	760.0														5.0	4	0.5	1.0	1.0	1.0	2.0	0.5	3.5	3	1.0	0.0	0.0	1.5	1.0	5.0	4
2026-09-07	LVS	44.369998931884766	5.2	10	1.5	2.0	1.0	0.5	0.0	1.5	1.5	0.5	2.0	1.0	0.0	5.8	6	2.0	2.0	1.0	0.0	1.5	0.5	5.5	5	1.0	1.5	0.0	2.0	1.0	5.4	16
2026-09-07	LW	49.869998931884766	7.0	10	1.0	1.5	1.0	1.5	1.0	2.0	2.0	1.0	1.5	2.0	1.0	6.2	6	2.0	2.0	1.0	0.5	1.0	1.0	2.5	5	0.0	0.0	0.0	1.5	1.0	6.8	16
2026-09-07	LWAY	25.010000228881836	6.4	9	1.5	2.0	1.0	1.0	1.0	2.0	0.0	1.0	1.0	1.5	2.0	4.6	5	0.5	0.0	1.0	1.0	1.0	2.0	0.5	5	0.0	0.0	0.0	0.0	0.5	5.9	14
2026-09-07	LXFR	17.209999084472656														3.3	5	1.0	1.0	1.0	0.0	1.0	0.0	2.0	5	1.0	0.5	0.0	0.5	0.0	3.3	5
2026-09-07	LXP	60.779998779296875	6.8	9	1.0	0.5	1.0	2.0	2.0	2.0	2.0	1.0	0.5	2.0	1.0	5.8	6	0.5	1.0	1.0	2.0	1.5	1.0	3.0	5	1.0	1.5	0.0	0.5	0.0	6.5	15
2026-09-07	LXRX	2.240000009536743	6.4	9	1.5	2.0	1.0	0.5	1.0	2.0	2.0	1.0	0.0	2.0	1.0	3.3	6	1.0	0.0	1.0	2.0	0.0	0.0	4.0	5	1.0	0.5	0.0	0.5	2.0	5.5	15
2026-09-07	LXS.DE	15.520000457763672	5.7	8	0.5	0.5	1.0	1.0	1.0	2.0	2.0	1.0	0.0	1.5	2.0	5.0	4	2.0	1.0	1.0	1.0	0.0	1.0	3.5	4	1.0	0.5	0.0	1.0	1.0	5.5	12
2026-09-07	LXU	11.300000190734863	7.7	10	1.5	1.5	1.0	1.0	1.0	2.0	2.0	2.0	1.0	2.0	2.0	6.2	6	2.0	2.0	1.0	0.0	1.0	1.5	2.0	5	0.0	0.0	0.0	1.0	1.0	7.2	16
2026-09-07	LYB	63.52000045776367	6.4	10	1.0	1.5	1.0	1.5	2.0	1.5	0.0	1.5	0.0	2.0	2.0	3.3	6	1.0	0.0	1.0	0.0	0.5	1.5	1.5	5	0.0	0.0	0.0	1.0	0.5	5.5	16
2026-09-07	LYC.ASX	15.619999885559082	5.7	7	1.5	2.0	1.0	1.0	0.0	1.5	1.0	1.0	1.0	1.5	1.0	7.5	4	2.0	1.0	1.0	1.0	2.0	2.0	2.0	4	0.5	0.5	0.0	0.0	1.0	6.2	11
2026-09-07	LYEL	14.369999885559082	4.8	9	1.5	2.0	1.0	1.0	1.0	0.5	0.0	1.0	0.0	1.5	1.0	3.8	3	1.0	1.0	1.0	1.0	0.5	0.0	3.0	5	0.0	1.5	0.0	0.0	1.5	4.5	12
2026-09-07	LYFT	16.719999313354492	6.1	10	1.0	1.5	1.0	0.5	2.0	0.5	2.0	1.0	2.0	2.0	0.0	6.2	6	2.0	0.0	1.0	1.0	2.0	1.5	4.0	5	2.0	0.5	0.0	0.5	1.0	6.1	16
2026-09-07	LYG	6.079999923706055														6.7	5	2.0	1.0	1.0	0.5	2.0	1.5	3.0	4	1.0	1.0	0.0	1.0	0.0	6.7	5
2026-09-07	LYNX	12.670000076293945														5.4	3	1.0	1.0	1.0	1.0	0.5	2.0	6.0	3	1.0	2.0	0.0	2.0	1.0	5.4	3
2026-09-07	LYTS	20.229999542236328	7.3	9	2.0	2.0	1.0	1.0	0.0	2.0	2.0	1.0	1.0	2.0	2.0	6.7	6	2.0	2.0	1.0	0.0	1.0	2.0	3.5	5	0.5	0.5	0.0	1.0	1.5	7.1	15
2026-09-07	LYV	173.5	5.7	9	2.0	1.5	1.0	0.5	1.0	2.0	0.0	1.0	1.5	2.0	0.0	2.5	6	0.0	0.0	1.0	0.0	1.0	1.0	5.5	5	1.0	0.5	0.0	2.0	2.0	4.7	15
2026-09-07	LZ	6.130000114440918	4.5	9	1.5	1.5	1.0	0.5	0.0	1.0	0.5	1.0	1.0	2.0	0.0	3.3	5	0.0	1.0	1.0	0.0	1.0	1.0	3.5	5	1.5	1.0	0.0	0.0	1.0	4.1	14
2026-09-07	LZB	32.7599983215332	7.3	9	1.5	2.0	1.0	1.5	0.0	2.0	2.0	1.0	1.0	2.0	2.0	5.0	6	1.5	2.0	1.0	0.0	1.0	0.5	3.5	5	1.5	0.5	0.0	0.5	1.0	6.6	15
2026-09-07	LZM	4.25	5.5	8	1.5	2.0	1.0	2.0	1.0	2.0	1.0	1.0	0.0	0.5	0.0	4.6	5	1.0	1.0	1.0	0.0	0.5	2.0	2.0	5	1.5	0.0	0.0	0.5	0.0	5.2	13
2026-09-07	M.US	23.049999237060547	5.0	9	0.5	0.5	1.0	0.5	1.0	0.5	2.0	1.0	1.0	2.0	1.0	5.0	6	0.5	1.0	1.0	1.5	1.0	1.0	4.5	5	1.5	0.5	0.0	1.0	1.5	5.0	15
2026-09-07	M12.DE	19.760000228881836														5.0	4	1.0	1.0	1.0	1.0	1.0	1.0	3.0	4	1.0	1.0	0.0	0.0	1.0	5.0	4
2026-09-07	M3B0.DE	1.4500000476837158														3.8	3	1.0	1.0	1.0	1.0	0.0	0.5	5.5	4	0.5	1.5	2.0	0.5	1.0	3.8	3
2026-09-07	M3V.DE	24.200000762939453														5.0	4	1.5	1.0	1.0	1.0	1.0	0.5	2.0	3	0.0	0.0	0.0	1.0	1.0	5.0	4
2026-09-07	M5S.DE	0.10899999737739563														5.8	3	1.0	1.0	2.0	1.0	0.0	2.0	6.0	4	1.0	1.0	2.0	1.0	1.0	5.8	3
2026-09-07	M7U.DE	24.200000762939453														4.6	4	0.0	1.0	1.0	1.0	1.0	1.5	3.0	3	1.0	1.0	0.0	0.0	1.0	4.6	4
2026-09-07	MA	579.2100219726562	8.0	10	2.0	1.5	1.0	2.0	2.0	1.5	1.5	1.0	2.0	2.0	1.0	5.4	6	1.0	0.0	1.0	1.0	2.0	1.5	4.0	5	0.5	1.0	0.0	2.0	0.5	7.2	16
2026-09-07	MA10.DE	1.7799999713897705														3.8	4	0.0	1.0	1.0	1.0	1.0	0.5	1.5	4	0.5	0.0	0.0	0.0	1.0	3.8	4
2026-09-07	MAA	128.32000732421875	5.9	10	1.0	1.5	1.0	1.5	0.0	2.0	2.0	1.0	1.0	2.0	0.0	5.8	6	0.0	2.0	1.0	1.5	1.5	1.0	3.0	5	0.5	0.5	0.0	1.0	1.0	5.9	16
2026-09-07	MAAT.PA	2.940000057220459														5.4	3	1.0	1.0	1.0	1.0	0.5	2.0	4.5	4	0.0	1.5	0.0	2.0	1.0	5.4	3
2026-09-07	MAB.L	279.0	6.1	7	1.5	2.0	1.0	1.0	2.0	2.0	1.0	1.0	1.0	1.0	0.0	5.8	4	2.0	1.0	1.0	1.0	1.0	1.0	3.5	4	1.5	0.5	0.0	0.5	1.0	6.0	11
2026-09-07	MAB1.L	496.0	5.7	7	1.5	2.0	1.0	1.0	0.0	2.0	1.0	1.0	1.5	1.5	0.0	5.4	4	1.0	1.0	1.0	1.0	1.0	1.5	3.5	4	1.0	1.5	0.0	0.0	1.0	5.6	11
2026-09-07	MAC	23.239999771118164	5.9	10	1.5	1.5	1.0	0.5	1.0	2.0	2.0	1.5	0.0	2.0	0.0	3.3	6	0.0	1.0	1.0	1.0	0.0	1.0	5.5	5	2.0	0.5	0.0	1.5	1.5	5.1	16
2026-09-07	MACF.L	78.19999694824219	5.7	8	1.0	1.0	1.0	1.0	2.0	2.0	1.0	1.0	1.0	1.5	0.0	5.0	4	1.0	1.0	1.0	1.0	1.0	1.0	2.0	4	0.5	0.0	0.0	0.5	1.0	5.5	12
2026-09-07	MAERSKB.CO	22610.0														7.1	5	2.0	1.0	1.0	2.0	1.0	1.5	4.0	4	0.5	2.0	0.0	0.5	1.0	7.1	5
2026-09-07	MAGN	12.539999961853027	5.9	9	1.0	2.0	1.0	1.0	1.0	2.0	0.0	1.0	0.0	2.0	2.0	3.8	6	0.0	2.0	1.0	0.0	0.5	1.0	3.5	4	1.0	0.0	0.0	1.5	1.0	5.3	15
2026-09-07	MAIN	57.68000030517578	5.9	9	1.0	1.0	1.0	0.5	2.0	2.0	1.0	1.0	1.0	0.5	2.0	5.4	6	1.0	1.0	1.0	0.5	2.0	1.0	3.5	5	0.5	0.0	0.0	1.0	2.0	5.8	15
2026-09-07	MAIR	25.899999618530273	7.5	9	2.0	2.0	1.0	1.5	0.5	1.5	2.0	1.5	1.0	1.5	2.0	4.6	5	0.0	1.0	1.0	0.5	1.0	2.0	4.0	4	1.0	1.5	0.0	1.0	0.5	6.6	14
2026-09-07	MAIRE.MI	12.199999809265137	5.5	9	1.0	2.0	1.0	1.0	0.0	2.0	1.0	0.5	2.0	0.5	1.0	3.8	5	0.0	1.0	1.0	0.5	1.0	1.0	5.0	4	1.0	1.5	0.0	1.5	1.0	5.0	14
2026-09-07	MAK.DE	0.8650000095367432														5.0	4	2.0	1.0	1.0	1.0	0.0	1.0	4.0	3	0.0	2.0	0.0	1.0	1.0	5.0	4
2026-09-07	MAKO	10.180000305175781	7.3	7	1.5	2.0	1.0	1.0	2.0	2.0	1.0	1.0	2.0	1.5	1.0	6.7	4	1.0	1.0	1.0	1.0	2.0	2.0	2.5	5	1.5	1.0	0.0	0.0	0.0	7.1	11
2026-09-07	MAMA	15.15999984741211	6.6	9	1.5	2.0	1.0	1.0	0.0	2.0	2.0	1.0	1.0	2.0	1.0	5.0	5	0.0	2.0	0.0	1.0	1.0	2.0	3.5	5	0.5	0.0	2.0	0.0	1.0	6.1	14
2026-09-07	MAN	61.97999954223633	5.9	9	1.5	0.5	1.0	0.5	2.0	1.0	1.5	1.0	1.0	2.0	1.0	5.0	6	2.0	1.0	1.0	0.0	1.0	1.0	3.5	5	0.5	1.5	0.0	0.5	1.0	5.6	15
2026-09-07	MANE	98.51000213623047	5.9	8	2.0	2.0	1.0	0.5	0.5	2.0	0.0	1.0	1.0	2.0	1.0	5.4	4	1.0	1.0	1.0	2.0	0.5	1.0	2.5	4	1.0	0.5	0.0	0.0	1.0	5.8	12
2026-09-07	MANH	213.77000427246094	7.0	9	2.0	1.0	1.0	1.5	2.0	1.5	1.5	1.0	2.0	2.0	0.0	5.4	5	0.5	1.0	1.0	1.5	1.5	1.0	3.0	5	1.0	1.0	0.0	0.5	0.5	6.5	14
2026-09-07	MANO.L	36.5	5.2	7	1.5	2.0	1.0	1.0	0.0	2.0	1.0	1.0	0.5	0.5	1.0	4.6	4	1.0	1.0	1.0	1.0	1.0	0.5	3.5	4	0.5	1.5	0.0	0.5	1.0	5.0	11
2026-09-07	MANTA.HE	6.340000152587891														5.4	5	0.5	1.0	1.0	0.0	2.0	2.0	1.5	4	0.0	0.0	0.0	0.5	1.0	5.4	5
2026-09-07	MANU	20.899999618530273														5.0	5	2.0	1.0	1.0	0.0	0.5	1.5	4.5	5	0.5	0.0	0.0	2.0	2.0	5.0	5
2026-09-07	MAP.MC	4.510000228881836	5.9	9	1.0	0.5	1.0	1.0	2.0	2.0	2.0	1.0	1.5	0.0	1.0	5.8	5	0.5	1.0	1.0	2.0	1.0	1.5	2.5	4	0.0	1.5	0.0	0.0	1.0	5.9	14
2026-09-07	MAQ.ASX	55.11000061035156	4.8	7	2.0	2.0	1.0	1.0	0.0	1.0	1.0	1.0	1.0	0.5	0.0	5.8	4	2.0	1.0	1.0	1.0	1.0	1.0	2.5	4	0.0	1.5	0.0	0.0	1.0	5.1	11
2026-09-07	MAR	336.510009765625	5.5	9	1.5	1.5	1.0	1.5	0.0	1.5	1.5	1.0	1.0	1.5	0.0	5.8	6	1.0	1.0	1.0	0.5	2.0	1.5	3.0	4	1.0	0.0	0.0	1.0	1.0	5.6	15
2026-09-07	MAR.LS	2.3499999046325684														5.4	4	2.0	1.0	1.0	1.0	0.5	1.0	3.5	4	0.5	0.5	0.0	1.5	1.0	5.4	4
2026-09-07	MARA	11.3100004196167	3.9	9	1.5	2.0	1.0	0.0	1.0	0.0	0.0	1.0	0.0	2.0	0.0	4.6	6	2.0	2.0	1.0	0.0	0.5	0.0	4.0	5	2.0	0.5	0.0	1.0	0.5	4.1	15
2026-09-07	MARK	0.00039999998989515007														5.8	4	1.5	1.0	1.0	1.0	0.5	2.0	4.5	4	1.5	2.0	0.0	1.0	0.0	5.8	4
2026-09-07	MARS.L	50.20000076293945	5.7	7	1.5	2.0	1.0	1.0	0.0	2.0	1.0	1.0	1.0	2.0	0.0	5.4	4	2.0	1.0	1.0	1.0	1.0	0.5	3.5	4	1.0	0.0	0.0	1.5	1.0	5.6	11
2026-09-07	MAS	72.69999694824219	7.5	10	1.0	1.5	1.0	1.5	1.0	1.5	2.0	1.0	2.0	2.0	2.0	5.4	6	1.0	2.0	1.0	0.5	1.5	0.5	3.0	4	1.5	0.0	0.0	1.0	0.5	6.9	16
2026-09-07	MASS	10.050000190734863	7.5	9	2.0	2.0	1.0	0.5	2.0	2.0	2.0	1.0	0.0	2.0	2.0	5.0	5	1.0	2.0	1.0	0.0	0.0	2.0	3.0	5	0.5	1.0	0.0	0.0	1.5	6.8	14
2026-09-07	MAT	14.529999732971191	5.7	9	1.0	1.5	1.0	0.5	1.0	1.0	0.0	1.0	1.5	2.0	2.0	6.7	6	1.5	2.0	1.0	1.0	1.0	1.5	3.5	5	0.5	1.0	0.0	1.0	1.0	6.0	15
2026-09-07	MATAS.CO	90.30000305175781														5.0	4	1.0	1.0	1.0	1.0	1.0	1.0	3.5	4	0.5	1.0	0.0	1.0	1.0	5.0	4
2026-09-07	MATV	12.65999984741211														3.8	5	0.5	1.0	1.0	0.0	1.0	1.0	3.5	5	1.0	0.5	0.0	1.5	0.5	3.8	5
2026-09-07	MATW	21.1299991607666	5.0	9	1.0	1.5	1.0	0.5	0.0	2.0	0.0	1.0	0.0	2.0	2.0	2.1	6	1.0	0.0	1.0	0.0	0.5	0.0	5.0	5	1.0	1.5	0.0	1.0	1.5	4.1	15
2026-09-07	MATX	225.58999633789062	7.3	9	2.0	1.5	1.0	1.0	2.0	2.0	2.0	1.0	1.5	2.0	0.0	5.8	6	1.0	0.0	1.0	2.0	1.5	1.5	4.0	5	1.5	1.5	0.0	0.0	1.0	6.8	15
2026-09-07	MAU.PA	7.885000228881836														7.5	4	2.0	1.0	1.0	1.0	2.0	2.0	1.0	4	0.0	0.0	0.0	0.0	1.0	7.5	4
2026-09-07	MAX	12.050000190734863	6.6	8	2.0	2.0	1.0	1.0	1.0	1.0	2.0	1.0	1.0	1.5	1.0	7.5	6	2.0	1.0	1.0	2.0	1.0	2.0	3.0	4	1.0	0.5	0.0	1.0	0.5	6.9	14
2026-09-07	MAXNQ	9.999999747378752e-05														4.6	4	2.0	1.0	1.0	1.0	0.5	0.0	4.0	4	1.0	2.0	0.0	1.0	0.0	4.6	4
2026-09-07	MAZE	26.209999084472656	5.0	10	2.0	2.0	1.0	0.5	0.0	0.5	1.0	1.0	0.0	2.0	1.0	5.4	4	1.0	2.0	1.0	1.0	0.5	1.0	3.5	4	1.0	0.5	0.0	0.0	2.0	5.1	14
2026-09-07	MB.MI	28.100000381469727	5.5	7	1.0	0.5	1.0	1.0	2.0	1.0	1.5	0.0	1.0	2.0	1.0	6.7	4	1.5	1.0	1.0	1.0	2.0	1.5	4.0	3	0.5	1.5	0.0	1.0	1.0	5.9	11
2026-09-07	MBB.DE	178.0	5.5	7	1.0	1.5	1.0	1.0	0.0	2.0	1.0	1.0	1.5	0.0	2.0	5.0	4	1.0	1.0	1.0	1.0	1.0	1.0	2.5	4	1.0	0.5	0.0	0.0	1.0	5.3	11
2026-09-07	MBC	8.510000228881836	6.1	9	1.0	1.5	1.0	1.0	0.0	2.0	2.0	1.0	0.0	2.0	2.0	5.0	5	1.0	2.0	1.0	0.0	0.5	1.5	4.5	5	1.5	0.5	0.0	1.0	1.5	5.8	14
2026-09-07	MBG.DE	47.685001373291016	6.4	9	1.0	1.5	1.0	1.0	1.0	2.0	2.0	1.5	1.0	1.0	1.0	4.6	5	2.0	1.0	1.0	0.0	1.0	0.5	3.0	4	0.5	0.5	0.0	1.0	1.0	5.9	14
2026-09-07	MBGL	20.579999923706055	6.4	7	1.5	1.5	1.0	1.0	1.5	2.0	1.0	1.0	1.0	0.5	2.0	6.2	4	2.0	1.0	1.0	1.0	1.5	1.0	2.0	4	1.0	0.5	0.0	0.0	0.5	6.3	11
2026-09-07	MBI	4.769999980926514	6.4	8	1.5	2.0	1.0	1.0	0.0	2.0	2.0	1.0	1.0	1.5	1.0	2.5	6	1.0	1.0	1.0	0.0	0.0	0.0	5.5	4	1.5	1.5	0.0	1.0	1.5	5.2	14
2026-09-07	MBIN	52.68000030517578	7.0	8	1.5	1.5	1.0	1.0	2.0	1.5	2.0	1.0	1.0	2.0	1.0	7.1	6	1.5	0.0	1.0	2.0	2.0	2.0	4.5	4	1.0	1.0	0.0	1.0	1.5	7.0	14
2026-09-07	MBK.DE	12.600000381469727														5.4	4	2.0	1.0	1.0	1.0	1.5	0.0	2.5	3	0.0	0.5	0.0	1.0	1.0	5.4	4
2026-09-07	MBLY	8.5600004196167	5.0	10	1.5	2.0	1.0	0.0	0.0	0.5	2.0	1.5	0.0	1.5	1.0	6.7	6	2.0	2.0	1.0	2.0	0.0	1.0	4.0	4	1.5	0.5	0.0	1.0	1.0	5.5	16
2026-09-07	MBQ.DE	1.0499999523162842														5.0	4	2.0	1.0	1.0	1.0	1.0	0.0	4.5	3	1.5	1.0	0.0	1.0	1.0	5.0	4
2026-09-07	MBRFY	3.4600000381469727														4.2	4	0.0	1.0	1.0	1.0	1.0	1.0	3.5	4	0.0	0.5	0.0	2.0	1.0	4.2	4
2026-09-07	MBUU	27.8799991607666	5.0	10	1.0	1.5	1.0	1.0	0.0	2.0	0.0	1.0	0.5	2.0	1.0	6.7	6	2.0	2.0	1.0	0.0	1.0	2.0	3.0	5	1.0	0.0	0.0	0.5	1.5	5.5	16
2026-09-07	MBWM	62.13999938964844	6.4	9	1.0	1.0	1.0	1.5	2.0	2.0	1.5	0.0	1.0	2.0	1.0	6.7	6	1.0	2.0	1.0	0.5	2.0	1.5	5.0	4	1.0	2.0	0.0	1.0	1.0	6.5	15
2026-09-07	MBWS.PA	2.990000009536743														3.8	4	0.0	1.0	1.0	1.0	1.0	0.5	2.0	4	0.0	1.0	0.0	0.0	1.0	3.8	4
2026-09-07	MBX	61.720001220703125	5.7	9	2.0	2.0	1.0	0.5	1.0	1.0	1.0	1.0	0.0	2.0	1.0	4.6	4	1.0	2.0	1.0	0.0	0.5	1.0	3.5	4	1.0	1.0	0.0	0.0	1.5	5.4	13
2026-09-07	MC	69.0199966430664	7.3	9	1.0	1.0	1.0	1.0	2.0	2.0	2.0	1.0	2.0	2.0	1.0	6.2	6	1.0	2.0	1.0	0.5	1.5	1.5	4.0	5	2.0	0.5	0.0	0.5	1.0	7.0	15
2026-09-07	MC.PA	429.1000061035156	5.9	8	1.5	2.0	1.0	1.0	0.0	1.5	1.0	1.0	1.5	0.5	2.0	5.0	4	1.0	1.0	1.0	1.0	1.5	0.5	4.5	4	1.0	2.0	0.0	0.5	1.0	5.6	12
2026-09-07	MCB	93.19000244140625	6.1	8	1.5	1.5	1.0	1.5	1.0	2.0	0.0	1.0	1.0	2.0	1.0	5.0	6	1.5	0.0	1.0	0.0	2.0	1.5	3.5	4	1.0	0.5	0.0	1.0	1.0	5.8	14
2026-09-07	MCB.L	189.60000610351562														5.0	4	1.0	1.0	1.0	1.0	1.0	1.0	4.0	4	1.5	0.5	0.0	1.0	1.0	5.0	4
2026-09-07	MCBS	35.790000915527344	6.6	8	1.0	1.5	1.0	1.5	2.0	2.0	1.5	1.0	1.5	0.5	1.0	7.1	5	1.5	1.0	1.0	1.0	2.0	2.0	4.0	4	0.5	1.0	0.0	1.0	1.5	6.7	13
2026-09-07	MCD	255.69000244140625	6.4	9	1.5	2.0	1.0	2.0	0.0	1.5	1.0	1.0	1.0	2.0	1.0	4.6	6	1.0	0.0	1.0	0.5	2.0	1.0	3.5	4	0.0	2.0	0.0	1.0	0.5	5.9	15
2026-09-07	MCFT	24.149999618530273	7.0	9	1.0	1.5	1.0	1.0	1.0	2.0	2.0	1.0	1.0	2.0	2.0	5.0	6	0.5	1.0	1.0	1.5	1.0	1.0	3.5	4	1.0	0.0	0.0	1.0	1.5	6.4	15
2026-09-07	MCG.L	24.1200008392334	5.2	6	1.5	2.0	1.0	1.0	1.0	1.0	1.0	1.0	1.0	1.0	0.0	3.3	3	1.0	1.0	1.0	1.0	0.0	0.0	3.5	3	1.5	0.0	0.0	1.0	1.0	4.6	9
2026-09-07	MCHB	15.819999694824219	6.1	9	1.5	1.5	1.0	1.0	1.0	2.0	2.0	1.0	1.0	0.5	1.0	6.2	6	1.5	0.0	1.0	1.0	2.0	2.0	2.5	4	0.0	0.5	0.0	1.0	1.0	6.1	15
2026-09-07	MCHP	74.16999816894531	6.6	9	1.5	2.0	1.0	1.0	0.0	1.5	1.5	1.0	1.0	2.0	2.0	7.5	6	2.0	1.0	1.0	2.0	1.0	2.0	3.0	5	1.5	0.0	0.0	1.0	0.5	6.9	15
2026-09-07	MCK	907.989990234375	6.4	9	2.0	1.5	1.0	1.5	2.0	1.5	1.5	0.0	1.0	2.0	0.0	4.2	6	1.0	0.0	1.0	1.0	1.0	1.0	2.0	4	0.0	0.5	0.0	1.0	0.5	5.7	15
2026-09-07	MCO	493.54998779296875	8.4	10	2.0	1.5	1.0	2.0	2.0	2.0	1.5	1.5	2.0	2.0	1.0	6.7	6	1.0	2.0	1.0	0.5	2.0	1.5	3.5	5	1.5	0.0	0.0	1.5	0.5	7.9	16
2026-09-07	MCOVb.ST	241.5														3.8	5	0.5	1.0	1.0	0.0	1.0	1.0	5.0	4	1.5	0.5	0.0	2.0	1.0	3.8	5
2026-09-07	MCRB	5.71999979019165	6.6	9	1.5	2.0	1.0	1.5	1.0	2.0	2.0	1.0	0.0	0.5	2.0	5.4	4	1.0	1.0	1.0	2.0	0.5	1.0	4.0	5	0.0	1.5	0.0	1.5	1.0	6.2	13
2026-09-07	MCRI	121.5199966430664	6.6	9	1.0	1.0	1.0	1.5	1.0	2.0	2.0	1.0	1.5	1.5	1.0	5.4	6	1.5	1.0	1.0	0.0	2.0	1.0	3.0	5	1.5	0.5	0.0	0.0	1.0	6.2	15
2026-09-07	MCS.US	27.270000457763672	7.3	9	2.0	1.5	1.0	1.5	2.0	2.0	2.0	1.0	1.0	2.0	0.0	4.2	5	0.5	0.0	1.0	1.0	1.0	1.5	2.0	5	0.5	0.5	0.0	0.5	0.5	6.4	14
2026-09-07	MCY	104.52999877929688														6.2	5	1.5	1.0	1.0	1.0	1.5	1.5	3.0	5	1.0	0.5	0.0	0.5	1.0	6.2	5
2026-09-07	MD	27.030000686645508	7.0	9	1.0	1.0	1.0	1.0	2.0	2.0	2.0	1.0	1.5	2.0	1.0	5.4	6	2.0	1.0	1.0	0.5	1.0	1.0	4.0	5	0.5	1.5	0.0	0.5	1.5	6.5	15
2026-09-07	MDB	368.739990234375	7.0	10	2.0	2.0	1.0	1.5	1.0	1.5	2.0	1.0	0.5	2.0	1.0	6.7	6	1.0	2.0	1.0	1.0	1.0	2.0	2.0	5	1.5	0.0	0.0	0.0	0.5	6.9	16
2026-09-07	MDGL	541.0800170898438	5.7	9	2.0	2.0	1.0	0.5	2.0	1.0	0.0	1.0	0.0	2.0	1.0	4.2	5	1.0	1.0	1.0	0.0	0.0	2.0	3.0	5	1.0	0.5	0.0	0.5	1.0	5.2	14
2026-09-07	MDLN	36.59000015258789	6.4	10	2.0	2.0	1.0	1.0	0.5	1.0	2.0	1.0	0.5	2.0	1.0	4.6	6	0.0	2.0	1.0	0.0	1.0	1.5	3.0	4	1.0	0.5	0.0	0.5	1.0	5.9	16
2026-09-07	MDLZ	61.279998779296875	6.4	10	1.5	1.5	1.0	1.5	1.0	2.0	1.5	1.0	1.0	2.0	0.0	5.8	6	2.0	2.0	1.0	0.0	1.0	1.0	2.0	5	0.0	0.5	0.0	1.0	0.5	6.2	16
2026-09-07	MDM.PA	0.22550000250339508														3.8	3	1.0	1.0	1.0	1.0	0.0	0.5	4.5	4	0.0	1.5	0.0	2.0	1.0	3.8	3
2026-09-07	MDRX	4.809999942779541														3.3	5	1.0	1.0	1.0	0.0	0.0	1.0	1.5	5	0.5	0.0	0.0	0.0	1.0	3.3	5
2026-09-07	MDT.US	94.16999816894531	8.0	10	1.5	1.5	1.0	2.0	2.0	1.5	1.5	1.5	1.0	2.0	2.0	6.7	6	1.0	2.0	1.0	1.0	1.5	1.5	1.5	5	0.5	0.0	0.0	0.5	0.5	7.6	16
2026-09-07	MDU	19.56999969482422	5.2	9	1.5	1.5	1.0	1.0	0.0	2.0	0.5	1.0	1.0	2.0	0.0	4.6	6	1.0	1.0	1.0	0.0	1.5	1.0	2.5	5	0.0	0.0	0.0	1.0	1.5	5.0	15
2026-09-07	MDXG	4.570000171661377	7.0	10	2.0	2.0	1.0	1.0	1.0	2.0	2.0	1.0	0.5	2.0	1.0	4.6	6	0.5	1.0	1.0	2.0	1.0	0.0	3.5	5	1.5	0.5	0.0	0.0	1.5	6.3	16
2026-09-07	MEC	19.65999984741211	6.6	9	2.0	2.0	1.0	0.5	0.0	2.0	2.0	1.0	0.0	2.0	2.0	4.6	5	1.0	1.0	1.0	0.0	0.5	2.0	3.5	5	1.5	0.5	0.0	0.5	1.0	6.0	14
2026-09-07	MED.DE	5.5														4.2	4	0.0	1.0	1.0	1.0	1.0	1.0	3.5	4	0.0	1.5	0.0	1.0	1.0	4.2	4
2026-09-07	MED.US	12.630000114440918	6.1	9	1.0	1.0	1.0	0.5	2.0	2.0	2.0	1.0	0.0	2.0	1.0	5.4	5	2.0	1.0	1.0	2.0	0.5	0.0	2.0	5	0.5	0.0	0.0	0.0	1.5	5.9	14
2026-09-07	MEDCL.PA	22.799999237060547	5.7	6	1.5	2.0	1.0	1.0	0.0	2.0	1.0	1.0	1.0	1.0	1.0	3.3	3	1.0	1.0	1.0	1.0	0.0	0.0	4.5	4	1.0	0.5	0.0	2.0	1.0	5.0	9
2026-09-07	MEDP	591.2899780273438	6.1	9	1.0	1.0	1.0	1.0	2.0	1.0	1.5	1.0	2.0	2.0	0.0	5.0	6	0.5	0.0	1.0	1.5	1.5	1.5	3.0	5	1.0	0.5	0.0	0.5	1.0	5.8	15
2026-09-07	MEI	15.6899995803833	5.9	9	1.5	2.0	1.0	1.0	1.0	1.5	0.0	1.0	0.0	2.0	2.0	4.2	6	2.0	0.0	1.0	0.0	0.5	1.5	4.5	5	1.5	0.5	1.0	0.5	1.0	5.4	15
2026-09-07	MEKKO.HE	9.390000343322754														4.6	5	1.5	1.0	1.0	0.0	1.5	0.5	4.0	4	0.5	2.0	0.0	0.5	1.0	4.6	5
2026-09-07	MEL.MC	10.069999694824219	5.2	8	1.5	2.0	1.0	1.0	1.0	2.0	0.0	1.0	1.5	0.5	0.0	5.0	5	0.0	1.0	1.0	2.0	1.0	1.0	3.0	4	0.5	0.0	0.0	1.5	1.0	5.1	13
2026-09-07	MELE.BR	65.8499984741211														5.8	5	1.0	1.0	1.0	1.5	1.5	1.0	3.0	4	1.5	0.0	0.0	0.5	1.0	5.8	5
2026-09-07	MELI	1978.3599853515625	7.0	10	1.5	1.5	1.0	2.0	2.0	1.5	0.5	0.5	2.0	2.0	1.0	7.1	6	2.0	2.0	1.0	0.5	1.0	2.0	3.5	5	1.5	0.0	0.0	1.5	0.5	7.0	16
2026-09-07	MEMS.PA	5.139999866485596														5.0	4	0.5	1.0	1.0	1.0	1.0	1.5	2.5	4	0.5	0.0	1.0	0.0	1.0	5.0	4
2026-09-07	MENS	2.390000104904175														4.6	2	1.0	1.0	1.0	1.0	0.5	1.0	5.0	3	1.0	2.0	0.0	1.0	1.0	4.6	2
2026-09-07	MEOH	58.720001220703125	7.3	9	1.5	2.0	1.0	1.0	2.0	1.5	0.0	2.0	1.0	2.0	2.0	6.7	6	2.0	0.0	1.0	2.0	1.0	2.0	3.0	5	1.0	0.5	0.0	1.0	0.5	7.1	15
2026-09-07	MER.L	423.0	6.1	7	1.5	1.5	1.0	1.0	1.0	1.5	1.0	1.0	2.0	2.0	0.0	5.8	4	2.0	1.0	1.0	1.0	1.0	1.0	2.5	4	0.0	0.5	0.0	1.0	1.0	6.0	11
2026-09-07	MERC	0.3799999952316284	3.4	9	0.5	2.0	1.0	1.0	0.0	0.0	0.0	1.0	0.0	1.0	1.0	3.3	5	1.0	1.0	1.0	0.0	0.0	1.0	4.5	4	0.0	2.0	0.0	1.0	1.5	3.4	14
2026-09-07	MERY.PA	10.979999542236328	5.0	7	1.0	1.5	1.0	1.0	0.0	2.0	1.0	1.0	0.5	1.0	1.0	4.6	4	0.0	1.0	1.0	1.0	1.5	1.0	4.5	4	1.0	0.5	1.0	1.0	1.0	4.9	11
2026-09-07	MET.US	97.62000274658203	8.0	10	2.0	1.5	1.0	2.0	2.0	1.5	1.5	1.0	1.0	2.0	2.0	5.4	6	2.0	0.0	1.0	1.0	1.0	1.5	4.0	5	0.5	1.5	0.0	1.5	0.5	7.2	16
2026-09-07	META	616.77001953125	7.5	10	2.0	2.0	1.0	2.0	1.0	1.0	0.5	1.0	2.0	2.0	2.0	7.5	6	2.0	2.0	1.0	0.0	2.0	2.0	2.5	5	1.5	0.0	0.0	0.5	0.5	7.5	16
2026-09-07	META.24-7	616.77001953125														6.7	5	2.0	1.0	1.0	0.0	2.0	2.0	2.5	5	1.5	0.0	0.0	0.5	0.5	6.7	5
2026-09-07	META.EUR	616.77001953125	7.5	10	2.0	2.0	1.0	2.0	1.0	1.0	0.5	1.0	2.0	2.0	2.0	7.5	6	2.0	2.0	1.0	0.0	2.0	2.0	2.5	5	1.5	0.0	0.0	0.5	0.5	7.5	16
2026-09-07	METC	13.199999809265137	4.5	9	1.5	2.0	1.0	0.0	1.0	0.5	0.0	1.0	0.0	2.0	1.0	2.1	5	1.0	0.0	1.0	0.0	0.0	0.5	5.5	5	1.5	1.5	0.0	1.0	1.5	3.8	14
2026-09-07	METCB	6.860000133514404														3.8	3	1.0	1.0	1.0	1.0	0.0	0.5	4.5	5	1.5	1.5	0.0	1.0	0.5	3.8	3
2026-09-07	METSB.HE	3.4660000801086426														3.8	5	1.5	1.0	1.0	0.0	0.5	0.5	2.5	4	0.0	1.0	0.0	0.5	1.0	3.8	5
2026-09-07	METSO.HE	17.739999771118164														5.0	5	1.5	1.0	1.0	0.5	1.0	1.0	4.0	4	1.5	1.0	0.0	0.5	1.0	5.0	5
2026-09-07	MF.PA	85.75	6.4	7	1.5	2.0	1.0	1.0	2.0	2.0	1.0	1.0	1.0	0.5	1.0	5.4	4	2.0	1.0	1.0	1.0	0.5	1.0	3.5	4	1.0	0.5	0.0	1.0	1.0	6.1	11
2026-09-07	MFA	8.949999809265137	6.1	9	1.5	1.5	1.0	1.5	0.0	2.0	1.5	1.0	1.0	1.5	1.0	5.8	6	1.0	1.0	1.0	0.0	2.0	2.0	5.0	5	1.5	1.0	0.0	2.0	0.5	6.0	15
2026-09-07	MFC	44.34000015258789	6.6	8	2.0	1.0	1.0	1.0	2.0	1.5	1.5	1.0	1.0	1.5	1.0	7.5	6	2.0	1.0	1.0	1.5	2.0	1.5	4.5	5	0.5	1.5	0.0	0.5	2.0	6.9	14
2026-09-07	MFG	11.229999542236328														7.1	5	1.0	1.0	1.0	1.5	2.0	2.0	3.5	4	0.0	2.0	0.0	1.0	0.5	7.1	5
2026-09-07	MFG.ASX	8.800000190734863	5.2	7	1.5	1.5	1.0	1.0	0.0	2.0	1.0	1.0	1.0	0.5	1.0	5.0	4	1.0	1.0	1.0	1.0	2.0	0.0	1.5	4	0.0	0.5	0.0	0.0	1.0	5.1	11
2026-09-07	MFIC	9.619999885559082	4.5	9	1.0	1.5	1.0	1.5	0.0	1.5	1.5	1.0	0.0	1.0	0.0	4.2	6	0.5	1.0	1.0	2.0	0.5	0.0	4.5	5	0.5	1.5	0.0	1.5	1.0	4.4	15
2026-09-07	MFIN	12.220000267028809	5.7	9	1.0	0.5	1.0	1.0	1.5	2.0	1.5	1.0	1.0	1.0	1.0	6.7	6	2.0	1.0	1.0	2.0	1.0	1.0	6.5	5	0.5	2.0	0.0	2.0	2.0	6.0	15
2026-09-07	MFLTY	9.999999747378752e-05														3.3	3	1.0	1.0	1.0	1.0	0.0	0.0	5.0	4	2.0	2.0	0.0	1.0	0.0	3.3	3
2026-09-07	MFP	45.209999084472656	6.1	6	1.5	1.5	1.0	1.0	0.5	2.0	1.0	1.0	1.0	1.0	2.0	4.6	4	0.0	1.0	1.0	1.0	1.0	1.5	3.0	4	1.0	1.0	0.0	0.5	0.5	5.6	10
2026-09-07	MG	19.1200008392334														5.0	5	2.0	1.0	1.0	0.0	1.0	1.0	5.0	5	1.0	1.5	0.0	1.0	1.5	5.0	5
2026-09-07	MGA	68.87000274658203	6.8	10	1.0	1.0	1.0	1.5	2.0	1.5	2.0	1.0	1.0	2.0	1.0	4.2	6	2.0	0.0	1.0	0.0	1.0	1.0	5.0	5	2.0	1.0	0.0	0.5	1.5	6.0	16
2026-09-07	MGAM.L	247.0	6.1	7	1.0	1.0	1.0	1.0	2.0	2.0	1.0	1.0	0.5	2.0	1.0	5.0	4	1.0	1.0	1.0	1.0	1.0	1.0	4.5	4	1.5	1.0	0.0	1.0	1.0	5.8	11
2026-09-07	MGEE	77.37000274658203	5.7	9	1.0	1.0	1.0	1.0	0.0	2.0	1.5	1.0	1.0	2.0	1.0	5.8	6	0.0	2.0	1.0	1.5	1.5	1.0	3.0	5	0.5	0.5	0.0	0.5	1.5	5.7	15
2026-09-07	MGM	41.220001220703125	6.4	10	1.0	2.0	1.0	0.5	1.0	1.5	2.0	1.0	1.5	1.5	1.0	4.6	6	2.0	0.0	1.0	0.5	1.0	1.0	5.0	5	1.5	0.0	0.0	2.0	1.5	5.9	16
2026-09-07	MGNI	24.139999389648438	7.3	10	2.0	2.0	1.0	1.0	2.0	1.0	1.5	1.0	1.5	2.0	1.0	8.3	6	2.0	2.0	1.0	1.5	2.0	1.5	4.5	5	2.0	1.0	0.0	0.5	1.0	7.6	16
2026-09-07	MGNX	4.400000095367432	5.5	9	1.5	2.0	1.0	0.5	2.0	0.0	0.0	1.0	0.0	2.0	2.0	7.1	5	1.0	2.0	1.0	2.0	0.5	2.0	5.0	5	1.5	1.0	0.0	1.0	1.5	6.0	14
2026-09-07	MGPI	16.399999618530273	5.7	9	1.5	2.0	1.0	1.0	0.0	1.0	2.0	1.0	0.0	2.0	1.0	2.1	6	1.5	0.0	1.0	0.0	0.0	0.0	4.0	5	0.0	1.5	1.0	0.5	1.0	4.6	15
2026-09-07	MGR.ASX	1.8450000286102295	6.4	8	1.5	2.0	1.0	1.0	1.0	2.0	1.0	2.0	1.0	1.5	0.0	5.8	4	1.0	1.0	1.0	1.0	2.0	1.0	3.0	4	1.0	0.5	0.0	0.5	1.0	6.2	12
2026-09-07	MGRC	111.58999633789062	6.8	9	1.5	2.0	1.0	1.5	0.0	2.0	1.0	1.0	1.0	2.0	2.0	6.2	6	1.5	2.0	1.0	1.0	1.5	0.5	1.0	5	0.0	0.0	0.0	0.5	0.5	6.6	15
2026-09-07	MGTX	13.890000343322754	7.7	9	2.0	2.0	1.0	1.0	2.0	1.0	2.0	1.0	2.0	2.0	1.0	7.9	6	1.0	2.0	1.0	2.0	1.5	2.0	4.5	5	1.5	1.0	0.0	0.5	1.5	7.8	15
2026-09-07	MGY	26.799999237060547	7.5	10	1.5	1.5	1.0	0.5	2.0	1.5	1.5	1.5	1.5	2.0	2.0	6.2	6	1.5	1.0	1.0	0.0	2.0	2.0	1.5	5	0.5	0.0	0.0	0.0	1.0	7.1	16
2026-09-07	MH	13.3100004196167	7.3	10	2.0	2.0	1.0	1.0	2.0	1.5	2.0	1.0	1.5	2.0	0.0	3.8	5	0.5	1.0	1.0	0.0	1.0	1.0	4.0	4	1.0	0.0	0.0	2.0	1.0	6.2	15
2026-09-07	MHID.L	33.25														6.2	4	1.5	1.0	1.0	1.0	1.0	2.0	2.0	4	0.0	0.0	0.0	1.0	1.0	6.2	4
2026-09-07	MHK	133.6300048828125	7.0	9	1.0	1.0	1.0	1.0	2.0	1.5	2.0	1.0	1.0	2.0	2.0	7.5	6	2.0	2.0	1.0	2.0	1.0	1.0	3.0	5	1.0	1.0	0.0	0.0	1.0	7.1	15
2026-09-07	MHO	148.25999450683594	5.9	9	1.5	1.5	1.0	1.0	1.0	2.0	0.0	1.0	1.0	2.0	1.0	4.6	6	2.0	0.0	1.0	1.0	1.0	0.5	4.0	5	1.5	0.5	0.0	0.5	1.5	5.5	15
2026-09-07	MHPC.L	6.960000038146973														6.7	4	2.0	1.0	1.0	1.0	1.0	2.0	2.5	4	0.5	0.0	0.0	1.0	1.0	6.7	4
2026-09-07	MIAX	42.38999938964844	6.8	10	2.0	2.0	1.0	1.0	0.0	1.5	2.0	0.0	1.5	2.0	2.0	6.7	6	0.5	2.0	1.0	2.0	1.0	1.5	2.5	4	1.0	0.5	0.0	0.0	1.0	6.8	16
2026-09-07	MICC.L	1433.0	5.2	8	1.5	0.5	1.0	1.0	1.5	1.5	1.0	0.0	1.0	1.5	1.0	6.7	5	2.0	2.0	1.0	1.0	1.0	1.0	5.0	3	1.0	1.0	0.0	2.0	1.0	5.6	13
2026-09-07	MICC.NV	16.70199966430664	5.7	8	1.5	0.5	1.0	1.0	1.5	1.5	1.0	1.0	1.0	1.5	1.0	6.7	5	2.0	2.0	1.0	1.0	1.0	1.0	5.0	3	1.0	1.0	0.0	2.0	1.0	6.0	13
2026-09-07	MICC.US	19.31999969482422	5.2	8	1.5	0.5	1.0	1.0	1.5	1.5	1.0	0.0	1.0	1.5	1.0	6.7	5	2.0	2.0	1.0	1.0	1.0	1.0	6.0	4	1.0	1.0	0.0	2.0	2.0	5.6	13
2026-09-07	MIDD.US	111.75	7.3	10	1.5	2.0	1.0	1.5	0.0	2.0	2.0	1.0	1.0	2.0	2.0	3.3	6	1.0	1.0	1.0	0.0	0.0	1.0	3.0	5	1.5	0.0	0.0	1.0	0.5	6.1	16
2026-09-07	MIDW.L	141.0	6.4	7	1.5	2.0	1.0	1.0	1.0	2.0	1.0	1.0	0.0	1.5	2.0	4.6	3	1.0	1.0	1.0	1.0	0.5	1.0	3.0	4	0.0	1.0	0.0	1.0	1.0	5.9	10
2026-09-07	MILDEF.ST	234.8000030517578	7.5	8	1.5	1.0	1.0	1.0	2.0	2.0	2.0	1.0	1.5	1.5	2.0	5.0	5	0.0	1.0	1.0	0.5	1.5	2.0	4.0	4	1.0	1.5	0.0	0.5	1.0	6.8	13
2026-09-07	MIN.ASX	63.060001373291016	7.0	7	1.5	1.5	1.0	1.0	2.0	1.5	1.0	1.0	2.0	1.0	2.0	5.8	4	0.5	1.0	1.0	1.0	1.5	2.0	3.5	4	1.0	0.5	0.0	1.0	1.0	6.6	11
2026-09-07	MIPS.ST	392.3999938964844	8.4	8	1.5	2.0	1.0	1.0	2.0	2.0	2.0	1.0	2.0	2.0	2.0	6.7	5	0.0	1.0	1.0	2.0	2.0	2.0	3.5	4	1.5	0.5	0.0	0.5	1.0	7.9	13
2026-09-07	MIR.US	16.93000030517578	6.4	10	2.0	2.0	1.0	0.5	1.0	1.5	1.5	1.0	0.5	2.0	1.0	5.0	6	0.0	2.0	1.0	0.5	1.0	1.5	4.0	5	1.0	1.0	0.0	0.5	1.5	6.0	16
2026-09-07	MIRM	100.9000015258789	6.1	9	2.0	2.0	1.0	0.5	1.0	2.0	0.0	1.0	0.0	2.0	2.0	5.8	5	1.0	1.0	1.0	2.0	0.0	2.0	2.5	4	0.0	0.0	0.0	1.0	1.5	6.0	14
2026-09-07	MITK	18.56999969482422	8.2	9	2.0	2.0	1.0	1.0	2.0	2.0	2.0	1.0	1.0	2.0	2.0	6.2	6	1.5	2.0	1.0	0.0	1.5	1.5	3.0	5	1.0	1.0	0.0	0.0	1.0	7.6	15
2026-09-07	MKC	52.08000183105469	5.9	9	1.5	1.5	1.0	1.0	0.0	2.0	1.5	1.0	1.5	2.0	0.0	6.2	6	1.0	2.0	1.0	0.0	2.0	1.5	1.5	5	0.5	0.5	0.0	0.5	0.0	6.0	15
2026-09-07	MKC/V		5.9	3	1.5	1.5	1.0	1.0	1.0	2.0	1.0	1.0	1.0	1.0	1.0	5.8	1	1.0	2.0	1.0	1.0	1.0	1.0								5.9	4
2026-09-07	MKL	1826.719970703125	6.4	9	1.0	1.5	1.0	2.0	0.0	2.0	1.5	1.0	1.0	2.0	1.0	6.2	6	1.0	2.0	1.0	0.5	1.5	1.5	2.0	5	0.5	0.5	0.0	0.0	1.0	6.3	15
2026-09-07	MKS.L	387.8999938964844	5.7	8	1.5	1.5	1.0	1.0	1.0	2.0	1.0	1.0	1.0	1.5	0.0	6.7	4	2.0	1.0	1.0	1.0	1.0	2.0	3.5	4	1.0	0.5	0.0	1.0	1.0	6.0	12
2026-09-07	MKSI	260.30999755859375	6.1	10	2.0	2.0	1.0	1.0	0.0	0.5	1.5	1.0	1.5	2.0	1.0	6.7	6	1.5	0.0	1.0	2.0	1.5	2.0	4.0	5	2.0	0.0	0.0	1.0	1.0	6.3	16
2026-09-07	MKTW	18.639999389648438														4.6	5	1.0	1.0	2.0	0.0	1.0	0.5	4.5	4	0.0	0.0	2.0	1.0	1.5	4.6	5
2026-09-07	MKTX	163.3800048828125	6.1	10	1.0	1.0	1.0	1.5	1.5	1.5	1.5	0.0	1.5	2.0	1.0	6.2	6	1.5	2.0	1.0	0.5	2.0	0.5	1.5	5	1.0	0.0	0.0	0.0	0.5	6.1	16
2026-09-07	ML.PA	35.15999984741211	6.1	5	1.5	1.5	1.0	1.0	2.0	2.0	1.0	0.5	1.0	1.0	1.0	5.8	2	2.0	1.0	1.0	1.0	1.0	1.0	4.5	2	1.0	1.5	0.0	1.0	1.0	6.0	7
2026-09-07	MLAB	127.77999877929688	6.6	9	1.0	0.5	1.0	1.0	2.0	2.0	1.5	1.0	0.5	2.0	2.0	5.8	6	0.0	2.0	1.0	2.0	1.0	1.0	4.0	5	1.0	1.5	0.0	1.0	0.5	6.4	15
2026-09-07	MLCO	5.210000038146973	6.4	9	2.0	2.0	1.0	1.5	0.0	1.0	2.0	2.0	1.0	0.5	1.0	3.8	6	2.0	0.0	1.0	0.0	1.0	0.5	3.5	4	0.5	1.5	0.0	1.0	0.5	5.6	15
2026-09-07	MLGO	4.019999980926514														3.3	3	1.0	1.0	1.0	1.0	0.0	0.0	4.0	5	1.0	1.5	0.0	0.0	1.5	3.3	3
2026-09-07	MLI	63.7400016784668														6.2	5	0.5	1.0	1.0	1.5	1.5	2.0	2.5	5	1.0	0.5	0.0	0.0	1.0	6.2	5
2026-09-07	MLKN	22.920000076293945														5.0	5	2.0	1.0	1.0	0.0	1.0	1.0	4.5	5	1.5	1.0	0.0	1.0	1.0	5.0	5
2026-09-07	MLL.DE	4.099999904632568														4.2	4	0.0	1.0	1.0	1.0	1.0	1.0	7.5	4	0.5	2.0	2.0	2.0	1.0	4.2	4
2026-09-07	MLM	514.77001953125	6.4	10	1.5	2.0	1.0	1.5	0.0	1.5	1.5	1.0	1.0	2.0	1.0	5.8	6	1.0	1.0	1.0	0.0	2.0	2.0	4.0	5	1.0	1.5	0.0	0.5	1.0	6.2	16
2026-09-07	MLP.DE	9.15999984741211	6.1	8	1.5	2.0	1.0	1.0	2.0	2.0	0.0	1.0	1.0	1.0	1.0	5.4	4	1.0	1.0	1.0	1.0	1.0	1.5	4.0	3	1.0	1.0	0.0	1.0	1.0	5.9	12
2026-09-07	MLR	56.060001373291016	7.7	9	1.5	1.5	1.0	1.5	2.0	2.0	2.0	1.0	0.5	2.0	2.0	3.3	6	0.5	0.0	1.0	0.0	1.0	1.5	3.0	5	1.0	1.0	0.0	0.0	1.0	6.4	15
2026-09-07	MLTX	15.010000228881836	4.5	10	2.0	2.0	1.0	0.5	0.0	0.0	0.5	1.0	0.0	2.0	1.0	6.2	4	1.0	2.0	1.0	2.0	0.5	1.0	3.0	5	1.0	1.0	0.0	0.0	1.0	5.0	14
2026-09-07	MLYS	28.209999084472656	5.5	9	2.0	2.0	1.0	0.5	1.0	1.5	0.0	1.0	0.0	2.0	1.0	5.4	4	1.0	1.0	1.0	2.0	0.5	1.0	3.0	5	0.5	0.5	0.0	0.0	2.0	5.5	13
2026-09-07	MMB.PA	18.5														4.6	4	0.5	1.0	1.0	1.0	1.0	1.0	4.0	4	1.0	0.0	0.0	2.0	1.0	4.6	4
2026-09-07	MMED	23.290000915527344	4.3	8	2.0	1.5	1.0	0.0	1.0	1.5	0.0	0.0	1.0	0.5	1.0	5.0	5	1.0	2.0	1.0	0.0	0.5	1.5	3.5	4	1.0	1.5	0.0	0.0	1.0	4.5	13
2026-09-07	MMGRb.ST	140.60000610351562														5.0	5	0.5	1.0	1.0	1.5	1.0	1.0	2.0	4	0.0	0.0	0.0	1.0	1.0	5.0	5
2026-09-07	MMI	31.889999389648438														5.4	5	0.0	1.0	1.0	2.0	1.0	1.5	4.0	5	1.5	1.0	0.0	0.0	1.5	5.4	5
2026-09-07	MMM	168.55999755859375	7.3	10	1.5	1.5	1.0	2.0	1.0	1.0	1.5	1.5	2.0	2.0	1.0	5.8	6	1.0	1.0	1.0	1.5	1.5	1.0	3.5	5	1.0	0.0	0.0	2.0	0.5	6.8	16
2026-09-07	MMS	57.65999984741211	6.6	9	1.5	2.0	1.0	0.5	0.0	2.0	1.0	1.0	1.5	2.0	2.0	4.6	6	1.0	2.0	1.0	0.0	1.0	0.5	3.5	5	0.5	1.0	0.0	1.0	1.0	6.0	15
2026-09-07	MMS.ASX	20.1200008392334	6.8	7	1.5	1.5	1.0	1.0	2.0	2.0	1.0	1.0	2.0	1.0	1.0	6.2	3	2.0	1.0	1.0	1.0	1.5	1.0	5.5	4	0.5	1.0	1.0	2.0	1.0	6.6	10
2026-09-07	MMSI	89.5999984741211	7.3	9	2.0	1.5	1.0	1.0	2.0	1.5	2.0	1.0	1.0	2.0	1.0	6.2	6	1.0	2.0	1.0	1.5	1.0	1.0	2.5	5	0.0	1.0	0.0	0.5	1.0	7.0	15
2026-09-07	MMT.PA	12.079999923706055														4.6	4	0.5	1.0	1.0	1.0	1.0	1.0	1.5	4	0.5	0.0	0.0	0.0	1.0	4.6	4
2026-09-07	MMYT	55.619998931884766	6.6	9	1.5	2.0	1.0	0.5	0.0	2.0	1.5	1.0	2.0	2.0	1.0	4.2	6	0.0	0.0	1.0	2.0	1.0	1.0	4.5	4	1.0	0.5	0.0	1.0	2.0	5.9	15
2026-09-07	MNBA.CO	397.0														6.2	4	1.0	1.0	2.0	1.0	1.5	1.0	4.5	3	0.0	0.5	2.0	1.0	1.0	6.2	4
2026-09-07	MND.ASX	28.989999771118164	4.8	7	1.0	1.0	1.0	1.0	0.0	1.0	1.0	1.0	1.5	1.0	1.0	6.2	5	2.0	1.0	1.0	1.0	1.0	1.5	1.5	4	0.5	0.0	0.0	0.0	1.0	5.2	12
2026-09-07	MNDI.L	853.0	6.6	7	1.5	1.5	1.0	1.0	2.0	1.5	1.0	1.0	0.0	2.0	2.0	4.6	3	1.0	1.0	1.0	1.0	0.5	1.0	2.0	4	0.5	0.0	0.0	0.5	1.0	6.0	10
2026-09-07	MNDY	91.06999969482422	6.8	9	1.5	1.5	1.0	0.5	1.0	1.5	2.0	1.0	1.0	2.0	2.0	8.3	6	2.0	2.0	1.0	2.0	1.0	2.0	3.0	5	1.0	0.5	0.0	0.5	1.0	7.2	15
2026-09-07	MNG.L	357.3999938964844	4.8	8	1.0	0.5	1.0	1.0	2.0	2.0	1.0	0.0	0.0	1.0	1.0	4.2	3	1.0	1.0	1.0	1.0	0.5	0.5	5.0	4	1.0	1.5	0.0	1.5	1.0	4.6	11
2026-09-07	MNKD	4.059999942779541	5.7	8	1.5	2.0	1.0	1.0	1.0	0.5	0.0	1.0	1.0	1.5	2.0	3.3	6	0.0	1.0	1.0	0.0	0.0	2.0	3.0	4	1.0	0.0	0.0	1.0	1.0	5.0	14
2026-09-07	MNKS.L	1626.0														5.8	2	2.0	1.0	1.0	1.0	1.0	1.0	4.0	2	1.0	1.0	0.0	1.0	1.0	5.8	2
2026-09-07	MNRO	13.289999961853027	4.5	9	1.5	2.0	1.0	0.0	0.0	2.0	0.0	1.0	0.5	2.0	0.0	3.8	6	0.0	2.0	1.0	0.0	1.0	0.5	4.5	5	1.0	1.0	0.0	1.0	1.5	4.3	15
2026-09-07	MNSO	9.5600004196167	5.2	10	1.5	2.0	1.0	1.5	0.0	2.0	0.5	0.0	1.0	0.0	2.0	4.6	5	1.0	1.0	1.0	0.0	1.0	1.5	4.0	5	0.0	2.0	0.0	1.0	1.0	5.0	15
2026-09-07	MNST	43.81999969482422	7.3	10	2.0	1.5	1.0	1.5	1.0	2.0	1.5	1.0	2.0	1.5	1.0	7.1	6	1.0	1.0	1.0	1.5	2.0	2.0	2.0	5	0.5	0.5	0.0	0.0	1.0	7.2	16
2026-09-07	MNTK	2.2300000190734863														3.8	5	0.0	1.0	1.0	0.0	1.0	1.5	4.0	5	0.5	0.5	1.0	0.5	1.5	3.8	5
2026-09-07	MNTN	12.949999809265137	7.7	9	2.0	2.0	1.0	1.0	2.0	1.5	2.0	1.0	1.5	2.0	1.0	7.1	6	2.0	0.0	1.0	2.0	1.5	2.0	3.0	3	1.0	0.0	0.0	1.0	1.0	7.5	15
2026-09-07	MNY	0.8600000143051147														4.6	4	1.0	1.0	1.0	1.0	0.0	1.5	5.0	5	1.5	1.5	1.0	0.0	1.0	4.6	4
2026-09-07	MO	68.87999725341797	5.9	8	1.5	1.5	1.0	1.5	1.0	2.0	1.0	1.0	1.0	1.5	0.0	6.2	6	0.5	2.0	1.0	1.0	2.0	1.0	2.0	4	0.0	0.0	0.0	1.0	1.0	6.0	14
2026-09-07	MOBI	11.630000114440918	5.7	9	2.0	2.0	1.0	1.5	0.5	1.0	0.0	1.0	1.0	1.5	1.0	5.0	3	1.0	1.0	1.0	1.0	0.0	2.0	2.5	4	1.0	0.5	0.0	0.0	1.0	5.5	12
2026-09-07	MOD	194.66000366210938	7.3	10	2.0	2.0	1.0	1.0	0.0	2.0	2.0	1.0	1.0	2.0	2.0	5.0	6	2.0	0.0	1.0	0.0	1.0	2.0	2.5	5	1.5	0.0	0.0	0.5	0.5	6.6	16
2026-09-07	MOH	200.8000030517578	5.2	9	1.0	1.5	1.0	1.0	1.0	1.0	0.0	1.0	0.0	2.0	2.0	5.0	6	2.0	2.0	1.0	0.0	0.5	0.5	2.0	5	0.5	0.0	0.0	1.0	0.5	5.1	15
2026-09-07	MOMO	5.369999885559082														5.0	5	2.0	1.0	1.5	0.0	1.0	0.5	5.0	5	0.5	1.5	2.0	0.0	1.0	5.0	5
2026-09-07	MONC.MI	45.84000015258789	6.6	8	1.0	2.0	1.0	1.0	0.0	2.0	1.0	1.5	1.5	1.5	2.0	4.6	5	1.0	1.0	1.0	0.0	1.5	1.0	4.5	4	1.0	2.0	0.0	0.5	1.0	6.0	13
2026-09-07	MOND	9.999999747378752e-05														4.2	3	1.0	1.0	1.0	1.0	0.0	1.0	8.0	5	2.0	2.0	0.0	2.0	2.0	4.2	3
2026-09-07	MONT.BR	65.30000305175781														7.1	4	2.0	1.0	1.0	1.0	2.0	1.5	3.5	4	1.0	1.0	0.0	0.5	1.0	7.1	4
2026-09-07	MONY.L	198.0	6.6	8	1.5	1.0	1.0	1.0	1.0	2.0	1.0	1.0	2.0	2.0	1.0	5.8	4	1.5	1.0	1.0	1.0	1.5	1.0	3.0	4	1.0	0.5	0.0	0.5	1.0	6.4	12
2026-09-07	MORE.NV	0.9950000047683716														5.8	4	1.0	1.0	1.0	1.0	1.0	2.0	4.5	4	0.5	1.0	0.0	2.0	1.0	5.8	4
2026-09-07	MORN	209.39999389648438	7.5	9	1.5	1.5	1.0	1.0	2.0	2.0	2.0	1.0	2.0	1.5	1.0	5.8	6	1.0	1.0	1.0	1.5	1.5	1.0	3.5	5	1.0	0.0	0.0	1.5	1.0	7.0	15
2026-09-07	MOS	25.850000381469727	5.5	9	1.5	1.5	1.0	0.5	2.0	1.5	0.0	1.0	0.0	2.0	1.0	4.2	6	1.0	2.0	1.0	0.0	0.5	0.5	2.5	5	1.0	0.0	0.0	0.5	1.0	5.1	15
2026-09-07	MOTR.L	132.0	7.0	7	1.5	2.0	1.0	1.0	2.0	2.0	1.0	1.0	1.5	1.5	1.0	5.8	4	1.0	1.0	2.0	1.0	1.0	1.0	6.5	4	1.0	0.5	2.0	2.0	1.0	6.6	11
2026-09-07	MOV	33.970001220703125	7.0	10	1.5	2.0	1.0	1.0	1.0	2.0	2.0	1.0	1.0	2.0	1.0	5.0	6	2.0	1.0	1.0	0.0	1.0	1.0	2.5	5	1.0	0.5	0.0	0.0	1.0	6.4	16
2026-09-07	MP	54.529998779296875	6.4	9	2.0	2.0	1.0	0.5	1.0	1.5	2.0	1.0	0.0	2.0	1.0	5.0	5	1.0	2.0	1.0	0.0	0.0	2.0	4.0	5	2.0	0.5	0.0	0.5	1.0	6.0	14
2026-09-07	MP1.ASX	17.1299991607666	6.6	8	1.5	2.0	1.0	1.0	1.0	2.0	1.0	1.5	0.0	1.5	2.0	5.0	3	1.0	1.0	1.0	1.0	0.0	2.0	2.5	4	1.5	0.0	0.0	0.0	1.0	6.1	11
2026-09-07	MPAA	12.079999923706055	5.2	9	1.5	2.0	1.0	1.0	0.0	2.0	0.0	1.0	0.0	2.0	1.0	5.4	6	2.0	1.0	1.0	2.0	0.5	0.0	4.0	5	1.0	0.5	0.0	1.0	1.5	5.3	15
2026-09-07	MPB	37.400001525878906	6.8	8	1.5	1.5	1.0	1.5	2.0	2.0	1.0	1.0	1.0	1.5	1.0	6.2	6	0.0	2.0	1.0	0.5	2.0	2.0	3.0	4	0.0	1.0	0.0	1.0	1.0	6.6	14
2026-09-07	MPC	388.8999938964844	7.3	10	1.5	0.5	1.0	1.5	1.5	1.0	2.0	2.0	2.0	2.0	1.0	5.8	6	1.0	0.0	1.0	2.0	1.0	2.0	3.5	5	0.5	1.5	0.0	1.0	0.5	6.8	16
2026-09-07	MPCK.DE	5.320000171661377														5.8	4	0.5	1.0	1.0	1.0	2.0	1.5	1.5	4	0.0	0.5	0.0	0.0	1.0	5.8	4
2026-09-07	MPE.L	1840.0	5.9	7	1.5	1.0	1.0	1.0	1.5	2.0	1.0	1.0	1.5	0.5	1.0	6.2	4	1.5	1.0	1.0	1.0	2.0	1.0	3.0	3	0.0	1.0	0.0	1.0	1.0	6.0	11
2026-09-07	MPL.ASX	4.659999847412109	6.4	8	1.0	1.5	1.0	1.0	0.0	2.0	1.0	1.0	2.0	1.5	2.0	5.4	4	1.0	1.0	1.0	1.0	1.0	1.5	1.0	4	0.0	0.0	0.0	0.0	1.0	6.1	12
2026-09-07	MPLX.US	59.66999816894531	6.1	10	1.5	1.0	1.0	1.5	2.0	2.0	1.5	0.5	2.0	0.5	0.0	4.6	6	0.5	0.0	1.0	0.5	2.0	1.5	4.0	5	0.0	1.5	0.0	1.5	1.0	5.6	16
2026-09-07	MPT	4.010000228881836	4.8	10	1.0	2.0	1.0	0.0	0.0	1.0	2.0	1.0	0.0	1.5	1.0	3.8	6	1.0	1.0	1.0	0.0	0.5	1.0	6.5	5	1.5	1.5	0.0	1.5	2.0	4.5	16
2026-09-07	MPTI	74.56999969482422														5.4	5	1.5	1.0	1.0	0.0	1.5	1.5	1.0	5	0.5	0.0	0.0	0.0	0.5	5.4	5
2026-09-07	MPWR	1223.8599853515625	6.8	10	2.0	2.0	1.0	1.0	0.0	1.5	1.5	1.5	1.5	2.0	1.0	7.5	6	2.0	0.0	1.0	2.0	2.0	2.0	2.0	5	1.5	0.0	0.0	0.0	0.5	7.0	16
2026-09-07	MQ	16.579999923706055	6.1	9	1.0	1.5	1.0	1.0	0.0	2.0	2.0	1.0	0.5	1.5	2.0	5.4	6	1.0	0.0	1.0	2.0	1.0	1.5	3.5	5	1.5	1.0	0.0	0.0	1.0	5.9	15
2026-09-07	MQG.ASX	249.8300018310547	5.5	4	1.0	1.0	1.0	1.0	1.0	2.0	1.0	1.0	1.0	1.0	1.0	5.0	1	1.0	1.0	1.0	1.0	1.0	1.0	3.5	2	1.0	0.5	0.0	1.0	1.0	5.3	5
2026-09-07	MRAM	16.3700008392334	5.7	9	1.5	2.0	1.0	0.5	1.0	1.0	2.0	1.0	0.0	1.5	1.0	6.2	4	1.0	1.0	1.0	2.0	0.5	2.0	3.0	5	2.0	0.5	0.0	0.0	0.5	5.8	13
2026-09-07	MRC.L	283.0														5.8	2	2.0	1.0	1.0	1.0	1.0	1.0	4.0	2	1.0	1.0	0.0	1.0	1.0	5.8	2
2026-09-07	MRCY	82.41999816894531	6.1	9	1.5	2.0	1.0	1.0	0.0	1.0	2.0	1.0	0.0	2.0	2.0	5.8	6	0.5	2.0	1.0	2.0	0.5	1.0	3.5	5	1.0	0.5	0.0	0.5	1.5	6.0	15
2026-09-07	MREO	0.25	5.0	9	1.5	2.0	1.0	1.5	0.0	2.0	0.0	1.0	0.0	1.0	1.0	3.8	3	1.0	1.0	1.0	0.0	0.5	1.0	2.0	5	0.0	2.0	0.0	0.0	0.0	4.6	12
2026-09-07	MRK	150.3300018310547	7.5	10	1.5	1.0	1.0	2.0	2.0	1.0	2.0	2.0	1.0	2.0	1.0	4.2	6	0.5	1.0	1.0	0.5	1.0	1.0	3.0	5	0.0	1.5	0.0	1.0	0.5	6.5	16
2026-09-07	MRK.DE	135.85000610351562	6.4	9	1.0	1.5	1.0	1.0	1.0	2.0	1.5	0.5	1.0	1.5	2.0	5.8	5	1.0	1.0	1.0	1.5	1.5	1.0	3.0	4	1.0	0.5	0.0	0.5	1.0	6.2	14
2026-09-07	MRL.LS	13.390000343322754														5.8	4	0.5	1.0	1.0	1.0	2.0	1.5	2.5	4	1.0	0.0	0.0	0.5	1.0	5.8	4
2026-09-07	MRL.MC	13.260000228881836	6.1	9	1.5	2.0	1.0	1.0	0.0	2.0	2.0	0.0	1.0	1.0	2.0	5.0	5	0.5	1.0	1.0	0.0	2.0	1.5	2.5	4	1.0	0.0	0.0	0.5	1.0	5.8	14
2026-09-07	MRN.PA	37.7400016784668	6.1	7	1.5	2.0	1.0	1.0	1.0	2.0	1.0	1.0	0.5	1.5	1.0	4.2	4	0.0	1.0	1.0	1.0	1.0	1.0	3.5	4	1.5	0.5	0.0	0.5	1.0	5.5	11
2026-09-07	MRNA	145.5500030517578	5.7	10	1.0	0.0	1.0	0.5	2.0	0.0	2.0	2.0	0.0	2.0	2.0	4.2	5	1.0	2.0	1.0	0.0	0.0	1.0	3.0	5	1.0	0.5	0.0	0.0	1.5	5.2	15
2026-09-07	MRO.L	503.79998779296875	6.6	8	1.5	2.0	1.0	1.0	1.0	1.5	1.0	1.5	1.0	2.0	1.0	5.8	4	2.0	1.0	1.0	1.0	1.0	1.0	3.0	4	1.0	0.5	0.0	0.5	1.0	6.4	12
2026-09-07	MRP	32.02000045776367	6.6	9	1.5	1.5	1.0	1.0	1.5	2.0	1.0	1.0	1.0	2.0	1.0	6.2	6	1.5	0.0	1.0	1.0	2.0	2.0	2.5	4	1.0	0.0	0.0	0.5	1.0	6.5	15
2026-09-07	MRSH	185.74000549316406	7.5	9	1.0	1.5	1.0	2.0	2.0	1.5	1.5	1.0	2.0	2.0	1.0	6.2	6	1.0	2.0	1.0	1.0	1.5	1.0	2.0	5	0.5	0.0	0.0	1.0	0.5	7.1	15
2026-09-07	MRTN	14.399999618530273	6.8	9	1.0	1.5	1.0	1.0	1.0	2.0	2.0	1.0	0.5	2.0	2.0	6.2	6	1.0	2.0	1.0	2.0	1.0	0.5	2.0	5	1.0	0.0	0.0	0.0	1.0	6.6	15
2026-09-07	MRTX.CVR		5.0	0	1.0	1.0	1.0	1.0	1.0	1.0	1.0	1.0	1.0	1.0	1.0																5.0	0
2026-09-07	MRVI	7.320000171661377	6.8	9	1.5	1.5	1.0	1.0	2.0	2.0	2.0	1.0	0.0	2.0	1.0	4.2	5	1.0	2.0	1.0	0.0	0.0	1.0	2.5	5	0.5	0.5	0.0	0.5	1.0	6.0	14
2026-09-07	MRVL	223.5500030517578	7.5	10	2.0	2.0	1.0	1.5	2.0	1.0	1.0	1.5	1.5	2.0	1.0	6.7	6	1.5	0.0	1.0	1.5	2.0	2.0	2.5	5	2.0	0.0	0.0	0.0	0.5	7.3	16
2026-09-07	MRX	78.2699966430664	7.5	9	2.0	1.0	1.0	1.5	2.0	1.5	1.5	1.0	2.0	2.0	1.0	6.7	6	1.0	0.0	1.5	2.0	1.5	2.0	6.0	5	0.0	2.0	1.0	2.0	1.0	7.3	15
2026-09-07	MRX.DE	1.1200000047683716														3.3	3	1.0	1.0	1.0	1.0	0.0	0.0	5.0	4	1.0	1.5	0.0	1.5	1.0	3.3	3
2026-09-07	MS	217.72000122070312	8.0	10	1.5	1.5	1.0	2.0	2.0	1.5	2.0	1.0	1.5	1.5	2.0	7.5	6	1.0	1.0	1.0	2.0	2.0	2.0	4.5	5	1.5	1.0	0.0	2.0	0.0	7.8	16
2026-09-07	MSA	188.69000244140625	7.5	9	1.5	1.5	1.0	1.5	2.0	2.0	1.5	1.0	1.5	2.0	1.0	7.1	6	2.0	2.0	1.0	1.0	1.5	1.0	3.0	5	1.0	0.5	0.0	0.5	1.0	7.4	15
2026-09-07	MSAG.DE	1.2300000190734863														4.2	3	1.0	1.0	1.0	1.0	0.5	0.5	2.0	4	0.0	0.5	0.0	0.5	1.0	4.2	3
2026-09-07	MSBI	33.72999954223633	6.1	8	1.0	1.0	1.0	1.5	2.0	2.0	0.0	1.0	1.0	2.0	1.0	6.2	6	1.5	0.0	1.0	2.0	1.5	1.5	4.0	4	0.5	1.5	0.0	1.0	1.0	6.1	14
2026-09-07	MSCI	573.010009765625	6.1	8	2.0	2.0	1.0	2.0	0.0	1.5	1.0	1.0	1.0	2.0	0.0	6.2	6	1.0	1.0	1.0	1.0	2.0	1.5	3.0	4	1.5	0.0	0.0	1.0	0.5	6.1	14
2026-09-07	MSDL	15.25	5.2	10	1.0	1.0	1.0	1.0	0.0	2.0	1.0	1.0	0.5	1.0	2.0	5.0	6	1.0	2.0	1.0	0.5	1.5	0.0	3.0	5	0.5	0.0	0.0	1.0	1.5	5.1	16
2026-09-07	MSEX	58.2599983215332	6.4	9	1.5	1.5	1.0	1.0	2.0	2.0	1.0	1.0	1.0	2.0	0.0	5.4	5	0.0	1.0	1.0	1.0	2.0	1.5	3.5	5	0.5	0.5	0.0	1.0	1.5	6.1	14
2026-09-07	MSFT	499.70001220703125	8.0	10	2.0	1.5	1.0	2.0	2.0	1.5	1.5	1.0	2.0	2.0	1.0	7.5	6	1.0	2.0	1.0	1.5	2.0	1.5	2.0	5	1.0	0.5	0.0	0.0	0.5	7.8	16
2026-09-07	MSFT.24-7	499.70001220703125														6.7	5	1.0	1.0	1.0	1.5	2.0	1.5	2.0	5	1.0	0.5	0.0	0.0	0.5	6.7	5
2026-09-07	MSFT.EUR	499.70001220703125	8.0	10	2.0	1.5	1.0	2.0	2.0	1.5	1.5	1.0	2.0	2.0	1.0	7.5	6	1.0	2.0	1.0	1.5	2.0	1.5	2.0	5	1.0	0.5	0.0	0.0	0.5	7.8	16
2026-09-07	MSGE	77.41000366210938	6.8	9	1.5	1.5	1.0	1.5	1.0	1.5	2.0	1.0	2.0	2.0	0.0	5.0	6	0.0	0.0	1.0	2.0	1.0	2.0	3.5	5	0.5	0.5	0.0	2.0	0.5	6.3	15
2026-09-07	MSGS	391.1600036621094	5.7	8	2.0	2.0	1.0	1.0	1.0	1.5	0.0	1.0	1.0	2.0	0.0	3.3	6	0.0	0.0	1.0	0.0	1.0	2.0	4.0	4	0.5	1.0	0.0	1.0	1.5	5.0	14
2026-09-07	MSI	468.04998779296875	8.0	9	2.0	1.5	1.0	1.5	2.0	2.0	1.5	1.0	2.0	2.0	1.0	6.7	6	1.0	2.0	1.0	1.0	1.5	1.5	5.0	5	1.0	1.0	0.0	2.0	1.0	7.6	15
2026-09-07	MSLH.L	165.89999389648438	6.6	7	1.0	1.0	1.0	1.0	2.0	2.0	1.0	1.0	0.5	2.0	2.0	5.0	4	1.5	1.0	1.0	1.0	1.0	0.5	3.0	4	1.5	0.5	0.0	0.0	1.0	6.1	11
2026-09-07	MSM	121.41000366210938	7.7	9	1.5	2.0	1.0	1.5	1.0	2.0	1.5	1.0	1.5	2.0	2.0	5.0	6	1.0	0.0	1.0	2.0	1.0	1.0	3.0	5	1.0	1.0	0.0	0.5	0.5	6.9	15
2026-09-07	MSPR	9.999999747378752e-05														3.8	3	1.0	1.0	1.0	1.0	0.5	0.0	5.0	4	2.0	2.0	0.0	1.0	0.0	3.8	3
2026-09-07	MSTR	142.8000030517578	5.5	10	2.0	2.0	1.0	1.0	2.0	0.0	0.0	1.5	0.0	1.5	1.0	5.8	6	0.5	2.0	1.0	2.0	0.5	1.0	3.0	5	2.0	0.5	0.0	0.0	0.5	5.6	16
2026-09-07	MT.NV	67.23999786376953	6.6	9	2.0	1.5	1.0	1.0	2.0	1.5	2.0	1.5	0.5	0.5	1.0	5.0	5	2.0	1.0	1.0	0.0	1.0	1.0	4.5	4	1.5	2.0	0.0	0.0	1.0	6.1	14
2026-09-07	MT.US	78.73999786376953	6.1	10	1.5	1.0	1.0	2.0	2.0	1.5	2.0	1.0	0.5	0.0	1.0	5.0	6	2.0	1.0	1.0	0.0	1.0	1.0	3.5	5	1.5	2.0	0.0	0.0	0.0	5.8	16
2026-09-07	MTB	239.83999633789062	6.1	9	1.0	1.5	1.0	1.5	1.0	1.5	1.5	0.5	1.0	2.0	1.0	5.4	6	1.5	0.0	1.0	1.0	2.0	1.0	3.5	4	0.5	1.0	0.0	1.0	1.0	5.9	15
2026-09-07	MTBLY	0.5357499718666077														4.6	4	0.0	1.0	1.0	1.0	0.5	2.0	3.5	5	2.0	1.0	0.0	0.5	0.0	4.6	4
2026-09-07	MTC	4.360000133514404														5.4	3	2.0	1.0	1.0	1.0	0.5	1.0	2.0	5	0.0	0.0	0.0	0.0	2.0	5.4	3
2026-09-07	MTC.L	0.7049999833106995														3.3	3	1.0	1.0	1.0	1.0	0.0	0.0	4.0	3	0.5	1.5	0.0	1.0	1.0	3.3	3
2026-09-07	MTCH	41.86000061035156	6.8	9	1.5	1.0	1.0	1.0	2.0	1.5	1.0	1.0	1.0	2.0	2.0	7.9	6	2.0	2.0	1.0	2.0	2.0	0.5	4.5	4	1.5	1.0	0.0	1.0	1.0	7.1	15
2026-09-07	MTD	1345.260009765625	6.4	9	1.5	1.5	1.0	1.5	1.0	2.0	1.5	0.0	1.0	2.0	1.0	4.6	6	0.5	0.0	1.0	1.0	2.0	1.0	4.5	5	1.5	0.0	0.0	2.0	1.0	5.9	15
2026-09-07	MTDR	59.150001525878906	6.6	10	2.0	1.5	1.0	0.5	2.0	1.5	2.0	1.0	1.0	2.0	0.0	5.4	6	2.0	0.0	1.0	0.0	1.5	2.0	3.0	5	0.5	0.5	0.0	0.5	1.5	6.2	16
2026-09-07	MTG	31.010000228881836	6.6	9	1.0	1.0	1.0	1.0	2.0	2.0	1.5	1.0	1.0	2.0	1.0	5.8	6	2.0	0.0	1.0	1.5	2.0	0.5	2.5	5	0.5	1.0	0.0	0.0	1.0	6.4	15
2026-09-07	MTGb.ST	131.6999969482422														6.2	5	2.0	1.0	1.0	1.5	1.0	1.0	3.5	4	1.0	1.0	0.0	0.5	1.0	6.2	5
2026-09-07	MTH	67.33000183105469	5.2	9	1.5	1.5	1.0	0.5	0.0	1.5	0.5	1.0	1.0	2.0	1.0	4.2	6	2.0	1.0	1.0	0.0	1.0	0.0	3.5	5	1.5	0.5	0.0	0.5	1.0	4.9	15
2026-09-07	MTHH.CO	288.0														3.8	5	1.5	1.0	1.0	0.0	1.0	0.0	2.5	4	0.5	1.0	0.0	0.0	1.0	3.8	5
2026-09-07	MTLS	7.460000038146973														6.7	5	1.5	1.0	1.5	2.0	1.0	1.0	6.5	5	1.5	1.5	2.0	0.0	1.5	6.7	5
2026-09-07	MTN	134.9600067138672	4.3	9	1.0	1.0	1.0	0.0	0.0	1.5	0.5	1.0	1.5	2.0	0.0	4.6	6	0.5	2.0	1.0	0.5	1.0	0.5	4.0	5	0.5	0.0	0.0	2.0	1.5	4.4	15
2026-09-07	MTO.L	209.8000030517578	5.9	7	1.0	1.0	1.0	1.0	1.5	2.0	1.0	1.0	1.5	2.0	0.0	5.0	4	0.5	1.0	1.0	1.0	1.0	1.5	4.5	4	1.0	1.5	0.0	1.0	1.0	5.6	11
2026-09-07	MTPLF	1.8049999475479126	5.7	7	1.5	2.0	1.0	1.0	1.0	2.0	1.0	1.0	0.0	1.0	1.0	2.5	3	1.0	1.0	0.0	1.0	0.0	0.0	5.0	4	0.0	1.0	2.0	1.0	1.0	4.7	10
2026-09-07	MTRN	244.24000549316406	7.5	10	1.5	2.0	1.0	1.5	1.0	2.0	1.5	1.0	1.0	2.0	2.0	7.1	5	1.5	1.0	1.0	2.0	1.0	2.0	2.5	5	1.0	0.5	0.0	0.5	0.5	7.4	15
2026-09-07	MTRO.L	178.39999389648438	6.1	6	1.5	1.5	1.0	1.0	2.0	2.0	1.0	1.0	0.5	1.0	1.0	4.2	4	0.0	1.0	1.0	1.0	1.0	1.0	4.5	3	1.0	1.5	0.0	1.0	1.0	5.5	10
2026-09-07	MTRS.ST	159.0	5.5	8	2.0	2.0	1.0	1.0	0.0	2.0	0.0	1.0	1.0	2.0	0.0	3.3	5	0.0	1.0	1.0	0.0	1.0	1.0	2.5	4	0.5	0.0	0.0	1.0	1.0	4.8	13
2026-09-07	MTRX	10.619999885559082	5.0	9	1.5	2.0	1.0	1.5	0.0	2.0	0.0	1.0	0.0	2.0	0.0	6.2	6	1.5	2.0	1.0	1.0	0.5	1.5	4.0	5	1.0	1.0	1.0	0.0	1.0	5.4	15
2026-09-07	MTS.ASX	2.9600000381469727	5.5	7	1.0	1.0	1.0	1.0	0.0	2.0	1.0	1.0	1.5	1.5	1.0	5.0	4	1.0	1.0	1.0	1.0	1.0	1.0	2.5	4	0.0	0.5	0.0	1.0	1.0	5.3	11
2026-09-07	MTS.MC	67.22000122070312	6.4	8	2.0	1.5	1.0	1.0	2.0	1.5	2.0	1.0	0.5	0.5	1.0	5.8	4	2.0	1.0	1.0	1.0	1.0	1.0	4.5	4	1.5	2.0	0.0	0.0	1.0	6.2	12
2026-09-07	MTSI	268.95001220703125	7.5	9	2.0	2.0	1.0	1.5	1.0	1.0	1.5	1.0	1.5	2.0	2.0	6.7	6	1.0	0.0	1.0	2.0	2.0	2.0	2.0	5	1.5	0.0	0.0	0.0	0.5	7.3	15
2026-09-07	MTU.PA	21.850000381469727														6.2	4	2.0	1.0	1.0	1.0	1.0	1.5	3.5	4	1.5	0.5	0.0	0.5	1.0	6.2	4
2026-09-07	MTUS	19.93000030517578														6.2	5	1.5	1.0	1.0	1.5	1.0	1.5	3.0	5	1.5	0.5	0.0	0.0	1.0	6.2	5
2026-09-07	MTVW.L	8600.0														5.4	4	1.0	1.0	1.0	1.0	2.0	0.5	3.0	4	0.0	1.0	1.0	0.0	1.0	5.4	4
2026-09-07	MTW	21.40999984741211	6.4	9	0.5	0.0	1.0	1.5	1.5	2.0	2.0	1.0	0.5	2.0	2.0	5.8	6	0.5	1.0	1.0	2.0	1.0	1.5	5.0	5	1.5	2.0	0.0	0.5	1.0	6.2	15
2026-09-07	MTX	71.76000213623047	6.6	9	1.5	2.0	1.0	1.5	1.0	2.0	1.5	1.0	0.0	2.0	1.0	3.8	6	1.0	1.0	1.0	0.0	0.5	1.0	2.5	5	1.0	0.0	0.0	0.5	1.0	5.8	15
2026-09-07	MTX.DE	347.6000061035156	6.4	8	1.5	1.5	1.0	1.0	1.0	1.5	1.0	1.0	1.5	2.0	1.0	6.2	5	1.5	1.0	1.0	1.0	1.5	1.5	2.5	4	1.0	0.0	0.0	0.5	1.0	6.3	13
2026-09-07	MTZ	237.19000244140625	6.6	9	2.0	2.0	1.0	1.0	0.0	1.0	2.0	1.0	1.5	2.0	1.0	6.7	6	2.0	0.0	1.0	2.0	1.0	2.0	4.5	5	2.0	0.5	0.0	1.0	1.0	6.6	15
2026-09-07	MU	1016.5900268554688	8.0	10	2.0	2.0	1.0	1.5	2.0	0.5	2.0	1.5	2.0	2.0	1.0	9.2	6	2.0	2.0	1.0	2.0	2.0	2.0	2.5	5	2.0	0.5	0.0	0.0	0.0	8.4	16
2026-09-07	MUB.DE	43.79999923706055														6.7	4	2.0	1.0	1.0	1.0	1.0	2.0	3.0	3	0.0	1.0	0.0	1.0	1.0	6.7	4
2026-09-07	MUFG	24.09000015258789	6.8	8	1.5	1.5	1.0	2.0	2.0	2.0	2.0	1.0	1.0	0.0	1.0	7.5	6	1.0	1.0	1.0	2.0	2.0	2.0	3.5	4	0.0	2.0	0.0	1.0	0.5	7.0	14
2026-09-07	MUM.DE	36.0														4.6	4	0.0	1.0	1.0	1.0	1.5	1.0	3.5	4	1.0	1.0	0.0	0.5	1.0	4.6	4
2026-09-07	MUR	36.439998626708984	5.7	10	1.0	1.0	1.0	0.5	2.0	1.5	2.0	0.5	1.0	2.0	0.0	6.7	6	2.0	2.0	1.0	0.0	1.0	2.0	2.0	5	0.0	0.0	0.0	0.5	1.5	6.0	16
2026-09-07	MUSA	511.3299865722656	7.0	9	1.5	1.5	1.0	1.5	1.0	2.0	2.0	1.0	2.0	2.0	0.0	6.2	6	1.5	0.0	1.0	2.0	1.0	2.0	2.5	5	0.0	0.0	0.0	2.0	0.5	6.8	15
2026-09-07	MUSTI.HE	14.899999618530273														5.0	3	1.0	1.0	1.0	1.0	0.5	1.5	4.0	4	0.5	1.0	0.0	1.5	1.0	5.0	3
2026-09-07	MUV2.DE	527.5999755859375	6.6	9	1.5	1.5	1.0	1.0	2.0	2.0	1.5	1.0	1.5	1.5	0.0	4.6	5	1.0	1.0	1.0	0.0	1.5	1.0	1.5	4	0.0	0.5	0.0	0.0	1.0	6.0	14
2026-09-07	MUX	20.06999969482422	6.8	9	1.5	2.0	1.0	0.0	1.0	2.0	2.0	1.0	1.0	1.5	2.0	6.7	6	1.0	0.0	1.0	2.0	2.0	2.0	3.5	5	1.5	0.0	0.0	0.0	2.0	6.8	15
2026-09-07	MUX.DE	25.299999237060547	4.3	8	1.5	2.0	1.0	1.0	0.0	2.0	1.0	1.0	0.0	0.0	0.0	4.6	3	1.0	1.0	1.0	1.0	0.5	1.0	4.0	4	0.5	1.0	0.0	1.5	1.0	4.4	11
2026-09-07	MVBF	31.229999542236328	7.3	8	1.5	1.5	1.0	1.5	2.0	2.0	2.0	1.0	1.0	1.5	1.0	7.1	6	1.5	2.0	1.0	0.0	2.0	2.0	4.5	4	0.5	1.5	0.0	1.0	1.5	7.2	14
2026-09-07	MVIS	1.649999976158142														5.4	3	1.0	1.0	1.0	1.0	0.5	2.0	5.5	5	1.0	2.0	0.0	1.5	1.0	5.4	3
2026-09-07	MVST	0.6909999847412109	5.0	9	1.5	2.0	1.0	1.0	0.0	2.0	0.0	1.0	1.0	0.5	1.0	5.0	5	1.0	2.0	1.0	0.0	1.5	0.5	5.5	5	2.0	2.0	0.0	0.5	1.0	5.0	14
2026-09-07	MVV1.DE	30.299999237060547														3.8	4	0.0	1.0	1.0	1.0	1.0	0.5	2.0	4	0.0	0.5	0.0	0.5	1.0	3.8	4
2026-09-07	MWA	23.950000762939453	7.0	9	1.5	2.0	1.0	1.5	0.0	2.0	2.0	1.0	1.5	2.0	1.0	5.8	6	2.0	1.0	1.0	0.5	1.5	1.0	3.5	5	1.0	1.0	0.0	0.5	1.0	6.6	15
2026-09-07	MWB0.DE	10.899999618530273														7.5	4	2.0	1.0	1.0	1.0	2.0	2.0	1.5	4	0.0	0.5	0.0	0.0	1.0	7.5	4
2026-09-07	MWC	1.399999976158142														5.8	4	2.0	1.0	1.0	1.0	1.0	1.0	3.5	4	1.0	1.5	0.0	1.0	0.0	5.8	4
2026-09-07	MWH	25.270000457763672	6.8	8	2.0	2.0	1.0	0.5	0.5	2.0	2.0	1.0	1.0	2.0	1.0	6.7	6	0.0	2.0	1.0	2.0	1.0	2.0	3.0	4	1.0	1.5	0.0	0.0	0.5	6.8	14
2026-09-07	MX	3.0899999141693115														3.8	3	1.0	1.0	1.0	1.0	0.0	0.5	3.0	5	1.5	1.0	0.0	0.0	0.5	3.8	3
2026-09-07	MXHN.DE	3.2200000286102295														4.2	3	1.0	1.0	1.0	1.0	0.5	0.5	3.0	4	0.0	2.0	0.0	0.0	1.0	4.2	3
2026-09-07	MXL	62.7400016784668	6.8	9	1.5	2.0	1.0	1.0	1.0	1.5	2.0	1.0	0.0	2.0	2.0	5.8	6	2.0	0.0	1.0	2.0	0.0	2.0	3.0	5	2.0	0.0	0.0	0.5	0.5	6.5	15
2026-09-07	MYCR.ST	313.20001220703125														7.9	5	2.0	1.0	1.0	2.0	2.0	1.5	2.0	4	0.5	0.5	0.0	0.0	1.0	7.9	5
2026-09-07	MYE	31.809999465942383	7.7	9	1.5	1.5	1.0	1.5	1.0	2.0	2.0	1.0	1.5	2.0	2.0	4.2	6	0.0	0.0	1.0	2.0	1.0	1.0	3.0	5	1.0	0.5	0.0	1.0	0.5	6.6	15
2026-09-07	MYGN	3.190000057220459	4.8	10	0.5	1.0	1.0	1.0	0.0	1.0	2.0	0.0	0.0	2.0	2.0	2.1	6	1.5	0.0	1.0	0.0	0.0	0.0	4.5	5	1.5	1.5	0.0	0.5	1.0	4.0	16
2026-09-07	MYO	1.440000057220459	7.0	9	1.5	1.5	1.0	1.5	2.0	2.0	2.0	1.0	0.0	1.0	2.0	4.6	4	1.0	1.0	1.0	0.5	0.0	2.0	4.5	5	1.5	0.5	0.0	2.0	0.5	6.3	13
2026-09-07	MYPS	0.5199999809265137														2.9	4	0.0	1.0	1.0	1.0	0.0	0.5	2.0	5	1.0	1.0	0.0	0.0	0.0	2.9	4
2026-09-07	MYR.ASX	0.19499999284744263	4.3	6	1.5	2.0	1.0	1.0	0.0	0.5	1.0	1.0	1.0	0.5	0.0	5.4	3	1.0	1.0	1.0	1.0	0.5	2.0	5.5	3	1.0	2.0	0.0	1.5	1.0	4.6	9
2026-09-07	MYRG	286.5899963378906	6.8	9	1.5	2.0	1.0	1.0	0.0	2.0	2.0	1.0	1.5	2.0	1.0	5.0	6	0.5	0.0	1.0	1.5	1.0	2.0	2.5	5	1.5	0.5	0.0	0.0	0.5	6.3	15
2026-09-07	MZTI	105.38999938964844	5.9	10	1.0	2.0	1.0	0.0	0.0	2.0	0.5	1.0	1.5	2.0	2.0	4.2	6	0.5	2.0	1.0	0.0	1.0	0.5	3.5	5	0.0	2.0	0.0	0.0	1.5	5.4	16
2026-09-07	MZX.DE	13.949999809265137														5.4	4	1.5	1.0	1.0	1.0	1.0	1.0	1.5	4	0.0	0.5	0.0	0.0	1.0	5.4	4
2026-09-07	N4G0.DE	2.9100000858306885														3.8	3	1.0	1.0	1.0	1.0	0.0	0.5	3.5	4	2.0	0.5	0.0	0.0	1.0	3.8	3
2026-09-07	N91.L	213.60000610351562	5.5	7	1.0	1.0	1.0	1.0	0.0	2.0	1.0	1.0	2.0	1.0	1.0	6.7	4	1.5	1.0	1.0	1.0	2.0	1.5	1.5	4	0.5	0.0	0.0	0.0	1.0	5.9	11
2026-09-07	NA9.DE	78.30000305175781	6.6	7	1.5	1.0	1.0	1.0	1.5	2.0	1.0	1.0	2.0	0.5	2.0	5.0	4	1.0	1.0	1.0	1.0	1.0	1.0	5.0	4	1.0	1.5	0.0	1.5	1.0	6.1	11
2026-09-07	NAB.ASX	39.439998626708984	4.8	6	1.0	1.0	1.0	1.0	0.0	1.0	1.0	1.5	1.0	1.0	1.0	5.8	4	1.0	1.0	1.0	1.0	2.0	1.0	3.0	3	0.5	0.5	0.0	1.0	1.0	5.1	10
2026-09-07	NABL	4.059999942779541	5.0	9	1.0	2.0	1.0	1.0	0.0	0.5	1.5	1.0	0.0	2.0	1.0	4.6	5	1.0	2.0	1.0	0.0	0.5	1.0	2.0	5	0.0	1.0	0.0	0.5	0.5	4.9	14
2026-09-07	NACON.PA	0.07500000298023224														3.8	3	1.0	1.0	1.0	1.0	0.0	0.5	5.0	3	1.0	2.0	0.0	1.0	1.0	3.8	3
2026-09-07	NAE.PA	90.5														3.8	3	1.0	1.0	1.0	1.0	0.5	0.0	3.5	4	1.0	0.5	0.0	1.0	1.0	3.8	3
2026-09-07	NAGE	3.1700000762939453	6.4	9	2.0	2.0	1.0	1.0	0.0	1.5	2.0	1.0	1.5	1.0	1.0	3.3	6	1.0	0.0	1.0	0.0	1.5	0.5	4.5	5	2.0	1.5	0.0	0.0	1.0	5.5	15
2026-09-07	NAH.L	35.599998474121094														5.8	4	2.0	1.0	1.0	1.0	1.0	1.0	3.5	4	0.0	0.5	2.0	0.0	1.0	5.8	4
2026-09-07	NAI.NV	8.449999809265137														5.8	4	1.5	1.0	1.0	1.0	1.5	1.0	2.0	4	0.0	0.0	0.0	1.0	1.0	5.8	4
2026-09-07	NAK	1.4700000286102295	4.5	10	1.5	2.0	1.0	1.5	0.0	2.0	0.5	1.0	0.0	0.5	0.0	4.6	5	1.0	0.0	1.0	2.0	0.5	1.0	2.5	5	0.5	0.5	0.0	0.5	1.0	4.5	15
2026-09-07	NAMM	1.340000033378601														6.7	4	2.0	1.0	1.0	1.0	2.0	1.0	2.5	4	0.0	1.5	0.0	1.0	0.0	6.7	4
2026-09-07	NAMS	25.399999618530273	5.0	10	2.0	2.0	1.0	0.5	0.0	1.5	0.0	1.0	0.0	2.0	1.0	2.9	5	1.0	1.0	1.0	0.0	0.5	0.0	3.0	5	0.0	1.0	0.0	0.0	2.0	4.4	15
2026-09-07	NAN.ASX	2.7200000286102295	5.5	7	1.0	1.5	1.0	1.0	0.0	2.0	1.0	1.0	1.0	1.5	1.0	3.8	4	0.0	1.0	1.0	1.0	1.0	0.5	3.5	4	1.0	1.5	0.0	0.0	1.0	5.0	11
2026-09-07	NANO.L	2.369999885559082														6.7	4	2.0	1.0	1.0	1.0	1.0	2.0	3.5	3	0.0	1.5	0.0	1.0	1.0	6.7	4
2026-09-07	NANO.PA	33.5														4.2	2	1.0	1.0	1.0	1.0	0.0	1.0	3.0	3	0.5	0.5	0.0	1.0	1.0	4.2	2
2026-09-07	NAT	7.25	5.5	9	1.0	0.5	1.0	1.0	2.0	1.0	0.0	1.0	2.0	1.5	1.0	7.1	6	1.5	1.0	1.0	1.0	2.0	2.0	4.5	5	0.5	2.0	0.0	1.0	1.0	6.0	15
2026-09-07	NATL	46.09000015258789	7.0	9	1.0	1.5	1.0	1.0	1.0	2.0	2.0	1.0	2.0	2.0	1.0	6.2	6	1.0	2.0	1.0	1.5	1.0	1.0	5.0	5	0.5	1.0	0.0	2.0	1.5	6.8	15
2026-09-07	NATR	14.020000457763672	7.3	9	1.5	2.0	1.0	1.5	0.0	2.0	2.0	1.0	1.0	2.0	2.0	4.2	6	1.0	1.0	1.0	0.0	1.0	1.0	3.5	5	1.0	1.5	0.0	0.0	1.0	6.4	15
2026-09-07	NAVI	9.630000114440918	4.5	9	0.5	0.5	1.0	0.0	2.0	2.0	0.0	1.0	0.0	2.0	1.0	5.0	6	2.0	2.0	1.0	0.0	0.0	1.0	5.0	5	1.5	0.0	0.0	2.0	1.5	4.7	15
2026-09-07	NAVN	27.780000686645508	6.1	10	2.0	1.5	1.0	0.0	2.0	1.5	2.0	1.0	0.0	1.5	1.0	3.8	5	1.0	0.0	1.0	0.5	0.0	2.0	3.0	4	1.0	1.0	0.0	0.0	1.0	5.4	15
2026-09-07	NB	4.130000114440918	5.0	10	2.0	2.0	1.0	1.0	0.0	1.0	2.0	0.0	0.0	1.0	1.0	4.6	3	1.0	1.0	1.0	1.0	0.5	1.0	2.0	5	0.0	1.5	0.0	0.0	0.5	4.9	13
2026-09-07	NBA.LS	7.079999923706055														5.4	4	2.0	1.0	1.0	1.0	1.0	0.5	3.0	4	0.0	1.5	0.0	0.5	1.0	5.4	4
2026-09-07	NBG6.DE	125.0														5.4	4	1.0	1.0	1.0	1.0	1.0	1.5	2.5	4	0.0	1.5	0.0	0.0	1.0	5.4	4
2026-09-07	NBHC	42.06999969482422	6.4	8	1.5	1.5	1.0	1.5	1.0	2.0	0.5	1.0	1.0	2.0	1.0	5.0	6	1.0	0.0	1.0	0.0	2.0	2.0	2.5	4	0.5	0.0	0.0	1.0	1.0	6.0	14
2026-09-07	NBIS	226.38999938964844	6.6	10	1.5	2.0	1.0	0.0	2.0	1.0	2.0	2.0	0.5	1.5	1.0	5.0	6	2.0	0.0	1.0	0.0	1.0	2.0	3.5	5	1.5	0.5	0.0	1.0	0.5	6.1	16
2026-09-07	NBIX	155.63999938964844	7.5	10	2.0	2.0	1.0	1.0	1.0	1.0	2.0	1.0	1.5	2.0	2.0	7.5	6	2.0	2.0	1.0	0.0	2.0	2.0	1.0	5	0.0	0.0	0.0	0.0	1.0	7.5	16
2026-09-07	NBN	132.86000061035156	7.3	8	1.5	1.5	1.0	1.0	2.0	2.0	1.5	1.0	1.5	2.0	1.0	4.2	6	0.0	0.0	1.0	0.5	2.0	1.5	3.5	4	0.5	1.0	0.0	1.0	1.0	6.4	14
2026-09-07	NBP	1.7999999523162842	4.8	9	1.5	2.0	1.0	1.0	0.0	2.0	0.0	1.0	0.0	1.0	1.0	3.8	3	1.0	0.0	1.0	1.0	0.5	1.0	5.0	5	1.5	1.5	0.0	0.0	2.0	4.5	12
2026-09-07	NBR	90.83999633789062	7.5	10	1.0	1.5	1.0	1.0	2.0	1.5	2.0	1.0	1.5	2.0	2.0	2.5	6	0.5	0.0	1.0	0.0	1.0	0.5	3.5	5	1.0	0.5	0.0	1.0	1.0	6.0	16
2026-09-07	NBTB	52.27000045776367	6.8	8	1.5	1.5	1.0	1.0	2.0	2.0	1.5	1.0	1.0	1.5	1.0	5.8	6	0.5	1.0	1.0	1.0	2.0	1.5	3.0	4	0.0	1.0	0.0	1.0	1.0	6.5	14
2026-09-07	NC5A.DE	1.3459999561309814														3.8	3	1.0	1.0	1.0	1.0	0.0	0.5	5.0	3	1.0	1.5	1.0	0.5	1.0	3.8	3
2026-09-07	NCAB.ST	81.0999984741211	8.0	8	1.5	2.0	1.0	1.0	2.0	2.0	1.5	1.0	1.5	2.0	2.0	6.2	5	1.0	1.0	1.0	1.5	1.0	2.0	4.0	4	1.0	1.0	0.0	1.0	1.0	7.5	13
2026-09-07	NCC.L	140.39999389648438	6.6	7	1.0	1.5	1.0	1.0	2.0	2.0	1.0	1.0	0.0	2.0	2.0	4.6	3	1.0	1.0	1.0	1.0	1.0	0.5	2.0	4	0.5	0.0	0.0	0.5	1.0	6.0	10
2026-09-07	NCCb.ST	180.39999389648438														5.0	4	1.5	1.0	1.0	1.0	1.0	0.5	3.5	4	1.0	1.0	0.0	0.5	1.0	5.0	4
2026-09-07	NCH2.DE	7.960000038146973														2.5	4	1.0	1.0	1.0	0.0	0.0	0.0	2.5	4	1.0	0.5	0.0	0.0	1.0	2.5	4
2026-09-07	NCK.ASX	14.899999618530273	5.9	8	1.5	1.5	1.0	1.0	0.0	1.5	1.0	2.0	2.0	1.5	0.0	6.2	4	2.0	1.0	1.0	1.0	1.5	1.0	4.0	4	1.0	1.0	0.0	1.0	1.0	6.0	12
2026-09-07	NCLH	15.569999694824219	5.5	10	1.0	2.0	1.0	0.5	0.0	1.0	2.0	0.5	2.0	2.0	0.0	6.7	6	1.5	2.0	1.0	1.5	1.0	1.0	6.5	5	2.0	1.5	0.0	2.0	1.0	5.9	16
2026-09-07	NCNO	23.1200008392334	6.6	9	2.0	1.5	1.0	0.5	2.0	2.0	2.0	1.0	0.5	2.0	0.0	3.8	6	0.0	0.0	1.0	1.5	1.0	1.0	2.5	5	0.5	0.0	0.0	0.5	1.5	5.8	15
2026-09-07	NCYT.L	43.5														4.2	3	1.0	1.0	1.0	1.0	0.0	1.0	3.0	4	1.0	0.5	0.0	0.5	1.0	4.2	3
2026-09-07	NDA.DE	174.0	6.1	8	1.0	1.0	1.0	1.0	1.0	1.5	1.5	1.0	1.5	1.0	2.0	5.0	5	1.0	1.0	1.0	0.0	1.0	2.0	2.5	4	1.5	0.0	0.0	0.0	1.0	5.8	13
2026-09-07	NDAQ	96.87999725341797	7.3	10	2.0	1.5	1.0	1.5	2.0	1.5	1.5	0.5	1.5	2.0	1.0	6.7	6	1.0	1.0	1.0	1.5	2.0	1.5	3.0	5	1.0	1.0	0.0	0.5	0.5	7.1	16
2026-09-07	NDSN	318.3599853515625	8.2	9	2.0	1.5	1.0	1.5	2.0	2.0	1.5	1.0	1.5	2.0	2.0	7.5	6	1.0	2.0	1.0	2.0	1.5	1.5	3.5	5	1.0	1.0	0.0	0.5	1.0	8.0	15
2026-09-07	NDX1.DE	36.7599983215332	6.1	8	1.5	2.0	1.0	1.0	0.0	1.0	2.0	1.0	2.0	1.0	1.0	6.2	5	1.0	1.0	1.0	2.0	1.0	1.5	3.5	4	1.0	0.0	1.0	0.5	1.0	6.1	13
2026-09-07	NE	45.61000061035156	6.6	10	1.0	1.0	1.0	2.0	2.0	1.5	0.0	1.5	0.5	2.0	2.0	3.3	6	0.0	2.0	1.0	0.0	1.0	0.0	2.0	5	1.0	0.5	0.0	0.5	0.0	5.6	16
2026-09-07	NEC.ASX	0.8899999856948853	5.2	8	2.0	2.0	1.0	1.0	0.0	1.5	1.0	0.5	0.0	1.5	1.0	6.2	3	1.0	1.0	1.0	1.0	2.0	1.5	4.5	4	1.0	1.5	0.0	1.0	1.0	5.5	11
2026-09-07	NECB	27.170000076293945	6.6	8	1.0	1.5	1.0	2.0	2.0	2.0	0.5	1.0	1.0	1.5	1.0	5.8	6	2.0	1.0	1.0	0.5	2.0	0.5	3.0	4	0.0	1.0	0.0	1.0	1.0	6.4	14
2026-09-07	NEDAP.NV	93.69999694824219														5.4	4	1.0	1.0	1.0	1.0	1.0	1.5	1.0	4	0.0	0.0	0.0	0.0	1.0	5.4	4
2026-09-07	NEDSE.NV	0.07999999821186066														5.4	3	2.0	1.0	1.0	1.0	0.5	1.0	3.5	3	0.0	1.5	0.0	1.0	1.0	5.4	3
2026-09-07	NEE	83.43000030517578	5.9	9	1.5	1.5	1.0	2.0	0.0	1.5	1.5	1.0	1.0	2.0	0.0	5.0	6	1.0	0.0	1.0	0.5	2.0	1.5	2.0	5	0.5	0.0	0.0	1.5	0.0	5.6	15
2026-09-07	NEM	128.08999633789062	8.4	10	2.0	1.5	1.0	1.5	2.0	1.0	2.0	1.5	2.0	2.0	2.0	5.0	6	0.5	1.0	1.0	0.0	2.0	1.5	2.0	5	0.5	1.0	0.0	0.0	0.5	7.4	16
2026-09-07	NEM.DE	63.20000076293945	5.0	9	1.5	2.0	1.0	1.0	1.0	0.5	0.5	1.0	2.0	0.5	0.0	5.8	5	1.5	1.0	1.0	0.5	1.5	1.5	3.0	4	0.5	1.0	0.0	0.5	1.0	5.2	14
2026-09-07	NEO.US	17.3799991607666	6.4	9	1.5	1.5	1.0	0.5	2.0	1.5	2.0	1.0	0.0	2.0	1.0	5.0	6	1.0	2.0	1.0	0.0	0.5	1.5	4.0	5	1.5	1.0	0.0	0.5	1.0	6.0	15
2026-09-07	NEOG	11.829999923706055	6.8	9	1.5	1.5	1.0	1.0	2.0	2.0	2.0	1.0	0.0	2.0	1.0	5.8	6	2.0	1.0	1.0	2.0	0.5	0.5	4.0	5	1.5	1.0	0.0	0.5	1.0	6.5	15
2026-09-07	NESN.ZU	78.30999755859375	5.0	8	1.0	1.5	1.0	1.0	0.0	2.0	1.0	0.5	2.0	1.0	0.0	4.6	5	1.0	1.0	1.0	1.0	1.0	0.5	2.5	4	0.0	0.0	0.0	1.5	1.0	4.9	13
2026-09-07	NESTE.HE	31.959999084472656														7.5	5	2.0	1.0	1.0	2.0	1.0	2.0	3.0	4	0.5	1.0	0.0	0.5	1.0	7.5	5
2026-09-07	NET	278.9200134277344	6.4	9	1.5	2.0	1.0	1.5	1.0	0.5	1.5	1.0	0.0	2.0	2.0	5.4	6	1.0	0.0	1.0	2.0	0.5	2.0	4.0	5	1.5	0.5	0.0	1.5	0.5	6.1	15
2026-09-07	NETC.CO	326.20001220703125														4.6	5	0.5	1.0	1.0	0.0	1.0	2.0	2.5	4	0.5	0.0	0.0	1.0	1.0	4.6	5
2026-09-07	NEU	885.0														4.6	4	0.0	1.0	1.0	1.0	1.5	1.0	2.5	5	0.5	0.5	0.0	0.5	1.0	4.6	4
2026-09-07	NEU.ASX	20.459999084472656	6.4	8	1.5	2.0	1.0	1.0	2.0	2.0	1.0	1.0	1.0	0.5	1.0	5.4	4	0.0	1.0	1.0	1.0	2.0	1.5	4.0	3	1.5	0.5	0.0	1.0	1.0	6.1	12
2026-09-07	NEWAb.ST	88.5														5.8	5	2.0	1.0	1.0	0.5	1.0	1.5	4.5	4	1.5	1.5	0.0	0.5	1.0	5.8	5
2026-09-07	NEWT.US	12.4399995803833	5.5	9	1.0	2.0	1.0	0.5	0.0	1.5	1.0	1.0	1.5	1.5	1.0	4.6	6	0.5	1.0	1.0	0.0	1.5	1.5	4.5	5	1.5	0.0	0.0	1.0	2.0	5.2	15
2026-09-07	NEX.PA	136.60000610351562	6.8	8	1.5	2.0	1.0	1.0	1.0	2.0	1.0	2.0	1.0	1.5	1.0	6.2	4	2.0	1.0	1.0	1.0	1.0	1.5	3.0	4	1.0	0.0	0.0	1.0	1.0	6.6	12
2026-09-07	NEXA	13.800000190734863	6.4	10	1.0	1.5	1.0	2.0	2.0	1.5	0.0	2.0	2.0	1.0	0.0	5.8	5	2.0	1.0	1.0	0.0	1.0	2.0	2.5	5	1.0	0.5	0.0	1.0	0.0	6.2	15
2026-09-07	NEXI.MI	4.2769999504089355	5.5	8	1.5	1.5	1.0	1.0	2.0	1.0	1.0	1.0	0.0	1.0	1.0	5.0	4	2.0	1.0	1.0	1.0	0.0	1.0	3.0	4	1.0	0.0	0.0	1.0	1.0	5.3	12
2026-09-07	NEXN	9.5600004196167	6.6	9	2.0	2.0	1.0	1.5	1.0	1.5	1.0	1.0	0.5	2.0	1.0	5.4	5	2.0	1.0	1.0	0.0	1.0	1.5	3.0	5	1.5	0.5	0.0	0.0	1.0	6.2	14
2026-09-07	NEXT	7.340000152587891	5.2	9	1.0	1.5	1.0	0.5	2.0	2.0	1.5	1.0	0.0	1.0	0.0	5.0	4	1.0	1.0	1.0	1.5	0.5	1.0	5.0	5	1.5	0.0	0.0	2.0	1.5	5.1	13
2026-09-07	NEXTA.BR	46.83000183105469														4.2	4	0.0	1.0	1.0	1.0	2.0	0.0	3.5	4	0.5	0.5	1.0	0.5	1.0	4.2	4
2026-09-07	NF4.DE	81.5														5.0	4	0.0	1.0	1.0	1.0	1.0	2.0	5.0	4	0.5	0.5	2.0	1.0	1.0	5.0	4
2026-09-07	NFG	83.31999969482422	6.8	9	1.5	1.5	1.0	1.0	1.0	2.0	1.5	1.0	1.5	2.0	1.0	5.8	6	1.0	2.0	1.0	0.0	2.0	1.0	2.5	5	0.0	0.0	0.0	1.0	1.5	6.5	15
2026-09-07	NFLX	78.25	6.8	9	2.0	2.0	1.0	1.5	1.0	1.0	0.5	1.0	2.0	2.0	1.0	7.1	6	1.5	2.0	1.0	0.5	2.0	1.5	3.0	5	1.5	0.5	0.0	0.5	0.5	6.9	15
2026-09-07	NFN.DE	3.450000047683716														3.8	4	0.0	1.0	1.0	1.0	1.0	0.5	4.5	4	0.5	1.0	2.0	0.0	1.0	3.8	4
2026-09-07	NFX.L	0.16500000655651093														4.6	2	1.0	1.0	1.0	1.0	0.5	1.0	4.5	3	1.5	1.0	0.0	1.0	1.0	4.6	2
2026-09-07	NG.L	1151.0	5.0	8	1.5	1.5	1.0	1.0	0.0	1.5	1.0	1.0	1.0	1.5	0.0	6.2	4	2.0	1.0	1.0	1.0	1.5	1.0	3.0	4	0.5	0.5	0.0	1.0	1.0	5.4	12
2026-09-07	NG.US	8.069999694824219	5.9	9	2.0	2.0	1.0	1.0	1.0	1.5	0.5	1.0	0.0	2.0	1.0	5.0	4	1.5	1.0	1.0	1.0	0.5	1.0	4.0	5	2.0	0.5	0.0	0.5	1.0	5.6	13
2026-09-07	NGG	78.12000274658203														6.2	4	2.0	1.0	1.0	1.0	1.5	1.0	2.5	5	0.5	0.5	0.0	1.0	0.5	6.2	4
2026-09-07	NGS	36.33000183105469	7.5	9	2.0	2.0	1.0	1.5	0.0	2.0	2.0	1.0	1.0	2.0	2.0	8.3	6	2.0	2.0	1.0	1.5	1.5	2.0	2.0	5	0.0	0.0	0.0	1.0	1.0	7.7	15
2026-09-07	NGVC	27.93000030517578	6.6	9	1.5	2.0	1.0	1.0	1.0	2.0	1.5	1.0	1.5	1.0	1.0	6.2	5	1.5	1.0	1.0	2.0	1.0	1.0	4.0	5	1.5	0.5	0.0	1.0	1.0	6.5	14
2026-09-07	NGVT	70.54000091552734	8.0	9	1.5	2.0	1.0	1.0	1.0	2.0	2.0	1.0	2.0	2.0	2.0	5.0	6	1.0	1.0	1.0	1.5	1.0	0.5	4.5	5	1.0	0.5	0.0	2.0	1.0	7.1	15
2026-09-07	NHC	218.63999938964844														5.8	4	2.0	1.0	1.0	1.0	1.0	1.0	3.0	5	0.5	1.0	0.0	0.0	1.5	5.8	4
2026-09-07	NHC.ASX	6.349999904632568	5.9	7	1.0	0.5	1.0	1.0	1.5	1.5	1.0	1.0	1.0	1.5	2.0	3.8	4	0.5	1.0	1.0	1.0	1.0	0.0	3.0	4	0.0	2.0	0.0	0.0	1.0	5.3	11
2026-09-07	NHF.ASX	6.630000114440918	6.1	8	1.5	1.5	1.0	1.0	0.0	2.0	1.0	1.0	1.5	1.0	2.0	4.6	4	0.5	1.0	1.0	1.0	1.0	1.0	1.0	4	0.0	0.0	0.0	0.0	1.0	5.6	12
2026-09-07	NHI	70.87999725341797	6.1	10	1.5	1.5	1.0	1.5	0.0	2.0	0.0	1.0	1.0	2.0	2.0	5.4	6	0.0	1.0	1.0	2.0	2.0	0.5	3.5	5	0.5	1.0	0.0	1.0	1.0	5.9	16
2026-09-07	NHP	16.200000762939453	5.9	9	1.5	1.5	1.0	1.0	1.5	1.5	2.0	1.0	0.0	2.0	0.0	4.6	4	1.0	1.0	1.0	1.5	0.0	1.0	3.5	4	1.0	0.5	0.0	1.0	1.0	5.5	13
2026-09-07	NI	41.38999938964844	6.4	10	2.0	1.5	1.0	1.5	0.0	2.0	1.0	2.0	1.0	2.0	0.0	6.2	6	1.0	2.0	1.0	1.0	1.5	1.0	2.5	5	0.5	0.5	0.0	1.0	0.5	6.3	16
2026-09-07	NIBEB.ST	43.959999084472656														5.4	5	1.0	1.0	1.0	1.5	1.0	1.0	3.5	4	1.0	1.0	0.0	0.5	1.0	5.4	5
2026-09-07	NIC	172.1199951171875	7.3	8	2.0	1.5	1.0	1.5	2.0	2.0	1.5	1.0	1.0	1.5	1.0	5.4	6	1.0	0.0	1.0	0.5	2.0	2.0	3.5	4	0.5	1.0	0.0	1.0	1.0	6.7	14
2026-09-07	NIC.ASX	0.824999988079071	5.7	8	1.5	2.0	1.0	1.0	0.0	1.0	1.0	1.5	2.0	0.5	1.0	6.7	3	1.0	1.0	1.0	1.0	2.0	2.0	2.0	3	1.0	0.0	0.0	0.0	1.0	6.0	11
2026-09-07	NICE	105.5	6.6	9	1.5	1.5	1.0	1.5	2.0	1.0	1.5	1.0	1.0	1.5	1.0	7.1	6	2.0	2.0	1.0	1.0	1.5	1.0	1.0	5	0.0	0.5	0.0	0.0	0.5	6.7	15
2026-09-07	NICL.L	1125.0	6.4	8	1.5	2.0	1.0	1.0	2.0	1.0	1.0	1.0	2.0	0.5	1.0	5.4	4	1.0	1.0	1.0	1.0	1.5	1.0	1.5	4	0.0	0.5	0.0	0.0	1.0	6.1	12
2026-09-07	NIO	3.799999952316284	4.5	10	0.5	2.0	1.0	1.0	0.0	1.5	2.0	0.5	0.0	0.5	1.0	5.4	5	1.0	0.0	1.0	2.0	0.5	2.0	6.5	5	1.0	2.0	1.0	1.5	1.0	4.8	15
2026-09-07	NIOX.L	67.5999984741211														5.0	3	0.5	1.0	1.0	1.0	1.5	1.0	1.0	4	0.0	0.0	0.0	0.0	1.0	5.0	3
2026-09-07	NIQ	18.389999389648438	6.1	6	2.0	1.5	1.0	1.0	2.0	1.0	1.0	1.0	1.0	1.0	1.0	5.4	3	1.0	1.0	1.0	1.5	1.0	1.0	4.0	2	1.0	1.0	0.0	1.0	1.0	5.9	9
2026-09-07	NJR	53.400001525878906	6.6	9	1.5	1.5	1.0	1.5	1.0	2.0	2.0	1.0	1.0	2.0	0.0	4.2	6	1.0	0.0	1.0	0.0	1.5	1.5	2.5	5	0.5	0.0	0.0	1.0	1.0	5.9	15
2026-09-07	NK.PA	24.31999969482422														4.2	4	1.0	1.0	1.0	1.0	0.0	1.0	2.5	4	0.5	0.0	0.0	1.0	1.0	4.2	4
2026-09-07	NKE	38.400001525878906	6.4	10	1.0	2.0	1.0	1.0	0.0	1.0	2.0	0.5	1.5	2.0	2.0	5.0	6	1.5	1.0	1.0	1.0	1.0	0.5	4.5	5	1.0	2.0	0.0	0.5	1.0	6.0	16
2026-09-07	NKGN	0.0020000000949949026														4.6	2	1.0	1.0	1.0	1.0	0.5	1.0	3.5	4	0.5	2.0	0.0	1.0	0.0	4.6	2
2026-09-07	NKT.CO	935.0														3.3	5	0.0	1.0	1.0	0.0	1.0	1.0	1.5	4	0.5	0.0	0.0	0.0	1.0	3.3	5
2026-09-07	NKTR	74.19000244140625	6.1	10	2.0	2.0	1.0	0.5	2.0	0.5	2.0	0.5	0.0	2.0	1.0	4.6	6	2.0	2.0	1.0	0.0	0.0	0.5	2.5	5	1.0	0.0	0.0	0.0	1.5	5.6	16
2026-09-07	NKTX	2.9200000762939453	6.1	9	2.0	2.0	1.0	1.0	2.0	1.5	0.0	1.0	0.0	2.0	1.0	5.4	4	1.0	2.0	1.0	1.0	0.5	1.0	2.0	5	1.0	0.0	0.0	0.0	1.0	5.9	13
2026-09-07	NLOP	11.0														3.3	3	1.0	1.0	1.0	1.0	0.0	0.0	4.5	5	1.0	2.0	0.0	0.0	1.5	3.3	3
2026-09-07	NLY	22.809999465942383	6.8	9	2.0	1.5	1.0	2.0	1.0	2.0	1.5	1.0	1.5	1.5	0.0	7.1	6	0.0	2.0	1.0	1.5	2.0	2.0	3.5	5	1.5	0.0	0.0	2.0	0.0	6.9	15
2026-09-07	NMAX	10.630000114440918	6.8	9	1.5	2.0	1.0	0.0	2.0	2.0	2.0	1.0	0.0	1.5	2.0	5.0	6	0.0	1.0	1.0	2.0	0.5	1.5	3.0	4	1.0	0.5	0.0	0.0	1.5	6.3	15
2026-09-07	NMFC	7.480000019073486	5.5	9	1.0	1.0	1.0	1.5	1.0	2.0	0.5	1.0	0.0	1.0	2.0	3.3	6	1.5	1.0	1.0	0.5	0.0	0.0	3.5	5	0.5	1.0	0.0	1.0	1.0	4.8	15
2026-09-07	NMIH	44.83000183105469	8.2	9	2.0	1.5	1.0	1.5	2.0	2.0	1.5	1.0	1.5	2.0	2.0	7.5	6	2.0	2.0	1.0	1.0	2.0	1.0	2.5	5	0.5	1.0	0.0	0.0	1.0	8.0	15
2026-09-07	NMR.US	10.649999618530273	6.6	9	1.5	1.0	1.0	2.0	1.5	2.0	1.5	1.0	1.0	0.0	2.0	8.8	6	2.0	2.0	1.0	2.0	1.5	2.0	5.0	5	0.5	2.0	0.0	2.0	0.5	7.3	15
2026-09-07	NMRK	15.25	6.4	9	1.5	1.5	1.0	1.5	0.0	2.0	1.5	1.0	1.0	2.0	1.0	5.8	6	1.0	2.0	1.0	0.5	1.0	1.5	5.0	5	1.5	0.5	1.0	1.0	1.0	6.2	15
2026-09-07	NN	15.180000305175781	4.8	9	1.5	2.0	1.0	0.5	0.0	2.0	0.0	1.0	0.0	1.5	1.0	5.8	5	1.0	2.0	1.0	2.0	0.5	0.5	2.5	5	1.0	0.5	0.0	0.0	1.0	5.1	14
2026-09-07	NN.NV	80.27999877929688	6.1	8	2.0	1.5	1.0	1.0	2.0	1.5	1.0	0.0	1.0	1.5	1.0	5.8	4	2.0	1.0	1.0	1.0	1.5	0.5	3.0	4	0.5	1.0	0.0	0.5	1.0	6.0	12
2026-09-07	NN6.DE	1.725000023841858														3.8	3	1.0	1.0	1.5	1.0	0.0	0.0	3.0	3	0.0	0.0	1.0	1.0	1.0	3.8	3
2026-09-07	NNE	17.719999313354492	5.2	9	2.0	2.0	1.0	0.0	0.0	1.5	2.0	1.0	0.0	1.0	1.0	5.4	4	1.0	1.0	1.0	2.0	0.5	1.0	5.0	5	2.0	1.5	0.0	0.0	1.5	5.3	13
2026-09-07	NNI	127.30999755859375	5.7	9	1.0	1.0	1.0	1.5	0.0	2.0	2.0	1.0	1.0	1.0	1.0	4.2	6	2.0	0.0	1.0	0.0	2.0	0.0	3.0	5	0.5	0.0	0.0	1.5	1.0	5.2	15
2026-09-07	NNIT.CO	39.79999923706055														3.3	4	1.0	1.0	1.0	0.0	0.5	0.5	2.5	4	0.0	1.0	0.0	0.5	1.0	3.3	4
2026-09-07	NNN	44.630001068115234	5.7	10	1.0	1.5	1.0	1.5	1.0	2.0	1.0	0.5	1.0	2.0	0.0	5.4	6	0.0	1.0	1.0	1.5	2.0	1.0	2.5	5	0.5	0.0	0.0	1.0	1.0	5.6	16
2026-09-07	NNOX	0.8299999833106995	4.5	9	1.0	2.0	1.0	1.0	0.0	2.0	0.5	1.0	0.0	0.5	1.0	7.9	5	1.0	2.0	2.0	2.0	0.5	2.0	6.0	5	1.5	1.5	2.0	0.0	1.0	5.5	14
2026-09-07	NOAH	8.430000305175781	6.1	9	1.5	2.0	1.0	2.0	0.0	2.0	1.0	1.0	1.0	1.0	1.0	5.4	5	2.0	0.0	1.0	1.0	2.0	0.5	3.0	5	1.0	1.5	0.0	0.0	0.5	5.9	14
2026-09-07	NOC	514.97998046875	6.8	9	1.5	2.0	1.0	2.0	0.0	1.0	1.5	1.0	2.0	2.0	1.0	4.6	6	0.5	0.0	1.0	1.5	1.5	1.0	2.5	5	0.0	1.0	0.0	1.0	0.5	6.1	15
2026-09-07	NOG	25.920000076293945	5.5	9	1.0	1.5	1.0	0.0	2.0	2.0	1.5	1.0	0.0	2.0	0.0	4.2	6	0.0	2.0	1.0	0.5	0.0	1.5	3.0	5	0.5	0.0	0.0	1.0	1.5	5.1	15
2026-09-07	NOG.L	0.699999988079071														4.6	3	1.0	1.0	1.0	1.0	0.0	1.5	3.5	3	0.5	1.0	0.0	1.0	1.0	4.6	3
2026-09-07	NOK	10.029999732971191	6.8	10	2.0	2.0	1.0	2.0	1.0	1.5	2.0	0.5	0.5	0.5	2.0	4.2	6	2.0	0.0	1.0	0.0	1.0	1.0	0.5	5	0.5	0.0	0.0	0.0	0.0	6.0	16
2026-09-07	NOKIA.HE	8.656000137329102														5.0	5	2.0	1.0	1.0	0.0	1.0	1.0	1.5	4	0.5	0.0	0.0	0.0	1.0	5.0	5
2026-09-07	NOLAb.ST	53.0														4.2	5	0.5	1.0	1.0	0.5	1.0	1.0	2.0	4	0.5	0.0	0.0	0.5	1.0	4.2	5
2026-09-07	NOMD	11.640000343322754	6.1	9	1.5	1.5	1.0	1.5	1.0	1.5	1.5	1.0	0.5	1.5	1.0	5.0	6	1.5	2.0	1.0	0.0	1.0	0.5	2.0	5	0.5	0.0	0.0	1.0	0.5	5.8	15
2026-09-07	NORION.ST	70.9000015258789														6.2	4	1.5	1.0	1.0	1.0	2.0	1.0	3.5	3	0.5	1.0	0.0	1.0	1.0	6.2	4
2026-09-07	NORTHM.CO	48.0														5.0	4	1.0	1.0	1.0	1.0	1.5	0.5	1.5	4	0.5	0.0	0.0	0.0	1.0	5.0	4
2026-09-07	NOS.LS	4.935999870300293														5.4	4	1.5	1.0	1.0	1.0	1.5	0.5	2.5	4	0.0	0.0	0.0	1.5	1.0	5.4	4
2026-09-07	NOTE	0.050999999046325684														2.9	3	1.0	1.0	0.5	1.0	0.0	0.0	5.5	5	0.5	2.0	1.0	2.0	0.0	2.9	3
2026-09-07	NOV	21.389999389648438	5.7	9	1.0	1.0	1.0	0.5	2.0	1.5	0.0	1.0	0.5	2.0	2.0	4.6	6	2.0	0.0	1.0	1.0	1.0	0.5	4.5	5	1.0	1.5	0.0	0.5	1.5	5.4	15
2026-09-07	NOVN.ZU	129.5800018310547	5.7	9	1.0	1.0	1.0	1.0	2.0	2.0	1.0	0.5	2.0	1.0	0.0	5.0	5	0.5	1.0	1.0	0.5	2.0	1.0	3.5	4	0.0	1.5	0.0	1.0	1.0	5.5	14
2026-09-07	NOVO-B.CO	298.8999938964844														5.4	5	0.5	1.0	1.0	1.0	2.0	1.0	1.5	4	0.0	0.0	0.0	0.5	1.0	5.4	5
2026-09-07	NOVT	148.36000061035156	6.6	9	1.5	2.0	1.0	0.5	1.0	2.0	1.5	1.0	1.0	2.0	1.0	4.2	6	0.0	0.0	1.0	1.5	1.0	1.5	3.5	5	1.5	0.0	0.0	0.0	2.0	5.9	15
2026-09-07	NOW	141.25999450683594	6.1	10	2.0	1.0	1.0	1.5	2.0	0.5	1.5	1.0	1.0	2.0	0.0	5.8	6	1.5	1.0	1.0	0.0	1.5	2.0	2.0	5	1.0	0.0	0.0	0.5	0.5	6.0	16
2026-09-07	NP	33.22999954223633	6.4	8	1.5	1.0	1.0	1.0	2.0	1.5	1.0	1.0	1.0	2.0	1.0	7.1	6	0.0	2.0	1.0	1.5	2.0	2.0	4.5	3	1.0	1.5	0.0	1.0	1.0	6.6	14
2026-09-07	NP3.ST	260.5	4.3	8	0.5	0.0	1.0	1.0	0.0	2.0	2.0	1.0	1.0	1.0	0.0	6.7	4	1.5	1.0	1.0	1.0	2.0	1.5	5.5	4	1.5	0.0	2.0	1.0	1.0	5.0	12
2026-09-07	NP5.DE	12.899999618530273	5.0	6	1.5	2.0	1.0	1.0	0.0	2.0	1.0	1.0	1.0	0.5	0.0	2.5	3	1.0	1.0	0.0	1.0	0.0	0.0	5.5	3	0.5	1.0	2.0	1.0	1.0	4.2	9
2026-09-07	NPCE	14.899999618530273	6.6	9	2.0	2.0	1.0	1.5	0.0	2.0	2.0	1.0	0.0	2.0	1.0	5.4	5	1.0	1.0	1.0	2.0	0.0	1.5	5.0	5	2.0	0.0	0.0	2.0	1.0	6.2	14
2026-09-07	NPK	147.72000122070312														5.8	4	1.0	1.0	1.0	1.0	1.0	2.0	2.0	5	0.0	1.0	0.0	0.0	1.0	5.8	4
2026-09-07	NPKI	13.220000267028809	7.3	9	1.5	2.0	1.0	1.5	0.0	2.0	2.0	1.0	1.0	2.0	2.0	7.1	6	1.5	2.0	1.0	1.0	1.5	1.5	2.5	5	1.5	0.0	0.0	0.0	1.0	7.2	15
2026-09-07	NPO	296.95001220703125	7.3	9	1.5	2.0	1.0	1.5	1.0	2.0	1.5	1.0	0.5	2.0	2.0	5.0	6	1.0	0.0	1.0	1.5	1.0	1.5	2.5	5	1.5	0.0	0.0	0.5	0.5	6.6	15
2026-09-07	NPWR	1.9299999475479126	5.9	10	1.0	2.0	1.0	1.0	1.0	2.0	2.0	1.0	0.0	1.0	1.0	4.6	3	1.0	1.0	1.0	1.0	0.5	1.0	3.0	5	1.0	1.0	0.0	0.0	1.0	5.5	13
2026-09-07	NRC	21.530000686645508	6.8	9	1.5	2.0	1.0	0.0	2.0	2.0	2.0	1.0	2.0	1.5	0.0	4.6	5	1.5	0.0	1.0	1.0	1.0	1.0	4.0	5	0.0	1.0	0.0	2.0	1.0	6.1	14
2026-09-07	NRDS	9.880000114440918	5.9	9	1.5	1.5	1.0	0.5	1.0	1.0	0.0	1.0	1.5	2.0	2.0	5.8	6	1.5	1.0	1.0	1.5	1.0	1.0	3.0	5	1.5	0.5	0.0	0.0	1.0	5.9	15
2026-09-07	NRDY	9.350000381469727	5.5	9	1.5	2.0	1.0	1.0	0.0	1.0	2.0	1.0	0.0	0.5	2.0	2.9	4	1.0	1.0	1.0	0.0	0.0	0.5	6.5	5	1.5	2.0	0.0	1.0	2.0	4.7	13
2026-09-07	NRG	119.0199966430664	6.4	9	2.0	2.0	1.0	1.5	0.0	1.5	1.5	1.0	1.5	2.0	0.0	6.7	6	2.0	1.0	1.0	1.5	1.0	1.5	4.5	5	1.0	1.0	0.0	2.0	0.5	6.5	15
2026-09-07	NRG.PA	6.320000171661377														5.0	4	0.5	1.0	1.0	1.0	2.0	0.5	3.0	4	0.0	2.0	0.0	0.0	1.0	5.0	4
2026-09-07	NRGV	3.8399999141693115	5.9	9	1.5	2.0	1.0	0.0	1.0	2.0	2.0	1.0	0.0	1.5	1.0	4.2	5	1.0	1.0	1.0	0.0	0.0	2.0	4.5	5	1.5	0.0	0.0	2.0	1.0	5.4	14
2026-09-07	NRIM	26.450000762939453	6.8	8	1.0	1.5	1.0	1.5	1.0	2.0	1.5	1.0	1.5	2.0	1.0	5.8	6	2.0	0.0	1.0	1.0	2.0	1.0	3.0	4	1.0	0.0	0.0	1.0	1.0	6.5	14
2026-09-07	NRIX	26.139999389648438	5.9	10	2.0	2.0	1.0	0.5	2.0	1.0	0.5	1.0	0.0	2.0	1.0	5.4	5	1.0	2.0	1.0	2.0	0.5	0.0	5.0	5	2.0	1.0	0.0	0.0	2.0	5.8	15
2026-09-07	NRO.PA	36.150001525878906														5.8	4	2.0	1.0	1.0	1.0	1.0	1.0	1.5	4	0.0	0.5	0.0	0.0	1.0	5.8	4
2026-09-07	NRP.NV	8.199999809265137	6.6	7	1.0	1.5	1.0	1.0	2.0	2.0	1.0	1.0	1.0	1.0	2.0	6.2	4	1.5	1.0	1.0	1.0	2.0	1.0	4.5	4	0.0	2.0	1.0	0.5	1.0	6.5	11
2026-09-07	NRR.L	79.0	6.6	7	1.5	1.5	1.0	1.0	1.0	2.0	1.0	1.0	1.0	1.5	2.0	6.7	4	1.5	1.0	1.0	1.0	2.0	1.5	3.0	4	0.5	0.5	0.0	1.0	1.0	6.6	11
2026-09-07	NSC	329.4599914550781	6.4	9	1.5	1.5	1.0	1.5	1.0	1.5	1.5	1.0	1.5	2.0	0.0	7.5	6	0.5	2.0	1.0	2.0	2.0	1.5	4.0	5	1.5	0.5	0.0	1.0	1.0	6.7	15
2026-09-07	NSI.NV	16.920000076293945	3.9	7	0.5	0.5	1.0	1.0	1.0	2.0	1.0	1.0	0.0	0.5	0.0	2.9	4	0.0	1.0	1.0	1.0	0.0	0.5	3.0	4	0.5	1.0	0.0	0.5	1.0	3.6	11
2026-09-07	NSIS-B.CO	436.6000061035156														4.6	5	1.0	1.0	1.0	0.0	1.5	1.0	2.0	4	0.5	0.5	0.0	0.0	1.0	4.6	5
2026-09-07	NSIT.US	160.97999572753906	7.3	9	1.5	1.5	1.0	1.0	2.0	2.0	2.0	1.0	1.0	2.0	1.0	5.8	6	1.5	0.0	1.0	2.0	1.0	1.5	4.5	5	1.0	2.0	0.0	1.0	0.5	6.8	15
2026-09-07	NSLR	10.100000381469727	5.7	9	1.5	2.0	1.0	1.5	0.0	2.0	0.0	1.0	2.0	0.5	1.0	5.8	6	2.0	0.0	1.0	0.0	2.0	2.0	2.5	5	1.5	0.5	0.0	0.0	0.5	5.7	15
2026-09-07	NSP	51.959999084472656	5.9	9	1.5	1.5	1.0	1.0	2.0	2.0	0.0	1.0	0.0	2.0	1.0	2.9	6	1.0	0.0	1.0	0.0	0.5	1.0	4.5	5	0.5	1.0	0.0	2.0	1.0	5.0	15
2026-09-07	NSSC	37.0099983215332	7.0	9	2.0	2.0	1.0	1.0	0.0	2.0	2.0	1.0	1.5	2.0	1.0	5.0	6	0.5	1.0	1.0	0.5	2.0	1.0	4.5	5	1.5	1.0	0.0	0.0	2.0	6.4	15
2026-09-07	NST.ASX	23.290000915527344	5.5	8	1.5	1.0	1.0	1.0	1.0	1.0	1.0	0.0	1.0	1.5	2.0	7.1	4	2.0	1.0	1.0	1.0	2.0	1.5	2.5	4	1.5	0.0	0.0	0.0	1.0	6.0	12
2026-09-07	NTAP	185.58999633789062	7.3	10	1.5	1.0	1.0	1.0	2.0	1.5	2.0	1.0	2.0	2.0	1.0	6.2	6	1.0	1.0	1.0	1.0	1.5	2.0	4.5	5	1.5	0.5	0.0	1.5	1.0	7.0	16
2026-09-07	NTB	61.529998779296875	7.5	8	1.0	1.5	1.0	2.0	2.0	2.0	1.5	1.0	1.5	2.0	1.0	5.4	6	1.5	0.0	1.0	1.0	2.0	1.0	3.0	4	0.0	1.0	0.0	1.0	1.0	6.9	14
2026-09-07	NTCT	37.220001220703125	7.0	9	1.0	1.5	1.0	1.0	1.0	2.0	2.0	1.0	1.0	2.0	2.0	4.2	6	1.0	0.0	1.0	0.0	1.5	1.5	1.5	5	0.5	0.0	0.0	0.0	1.0	6.2	15
2026-09-07	NTDOY	14.069999694824219														4.2	4	1.0	1.0	1.0	1.0	0.5	0.5	3.5	2	1.0	0.5	0.0	1.0	1.0	4.2	4
2026-09-07	NTES	119.29000091552734	5.9	9	1.5	2.0	1.0	2.0	0.0	2.0	0.5	1.0	1.5	0.5	1.0	7.5	6	1.5	2.0	1.0	1.5	2.0	1.0	2.0	5	0.5	0.5	0.0	0.0	1.0	6.4	15
2026-09-07	NTG.DE	12.5														5.4	4	1.5	1.0	1.0	1.0	1.0	1.0	2.5	4	1.0	0.0	0.0	0.5	1.0	5.4	4
2026-09-07	NTGR	21.309999465942383	6.6	9	1.5	2.0	1.0	1.0	0.0	2.0	2.0	1.0	0.0	2.0	2.0	5.0	6	2.0	2.0	1.0	0.0	0.5	0.5	3.0	5	1.0	1.0	0.0	0.0	1.0	6.1	15
2026-09-07	NTGY.MC	29.739999771118164	6.4	7	1.5	1.5	1.0	1.0	2.0	2.0	1.0	1.0	1.5	0.5	1.0	4.2	5	0.0	1.0	1.0	0.0	1.5	1.5	3.5	4	0.0	1.5	0.0	1.0	1.0	5.7	12
2026-09-07	NTLA	12.739999771118164	4.8	10	1.5	2.0	1.0	0.0	1.0	0.0	1.5	0.5	0.0	2.0	1.0	4.6	5	1.0	2.0	1.0	1.0	0.5	0.0	4.5	5	2.0	0.5	0.0	0.0	2.0	4.7	15
2026-09-07	NTNX	68.05999755859375	8.0	10	1.5	1.5	1.0	1.0	2.0	1.5	2.0	1.0	2.0	2.0	2.0	7.5	6	1.5	1.0	1.0	2.0	2.0	1.5	3.5	5	0.5	0.5	0.0	1.5	1.0	7.8	16
2026-09-07	NTR	79.47000122070312	6.4	9	1.5	1.0	1.0	2.0	1.5	1.5	0.5	1.0	1.0	2.0	1.0	5.4	6	1.5	2.0	1.0	0.0	1.0	1.0	3.0	5	1.0	1.0	0.0	0.5	0.5	6.1	15
2026-09-07	NTRA	328.17999267578125	7.3	10	2.0	1.0	1.0	1.5	2.0	1.5	2.0	1.0	0.0	2.0	2.0	5.4	5	1.0	0.0	1.0	2.0	0.5	2.0	4.0	5	1.5	1.5	0.0	0.0	1.0	6.7	15
2026-09-07	NTRS	186.6300048828125	7.0	8	1.0	1.0	1.0	1.5	2.0	2.0	1.5	1.0	1.5	2.0	1.0	7.1	6	1.5	0.0	1.0	2.0	2.0	2.0	4.5	4	1.5	1.0	0.0	1.0	1.0	7.0	14
2026-09-07	NTSK	13.9399995803833	7.7	9	2.0	2.0	1.0	1.0	2.0	1.5	2.0	0.5	1.0	2.0	2.0	6.7	5	1.0	2.0	1.0	2.0	0.0	2.0	4.0	4	1.0	0.5	0.0	2.0	0.5	7.4	14
2026-09-07	NTST	20.09000015258789	6.1	9	2.0	1.5	1.0	0.0	1.0	2.0	1.5	1.0	0.5	2.0	1.0	6.7	6	0.0	2.0	1.0	2.0	1.0	2.0	4.0	5	1.0	0.0	0.0	1.0	2.0	6.3	15
2026-09-07	NU	15.369999885559082	7.5	9	1.5	1.5	1.0	1.5	2.0	2.0	1.5	0.5	2.0	2.0	1.0	8.8	6	2.0	2.0	1.0	1.5	2.0	2.0	2.5	4	1.0	0.0	0.0	1.0	0.5	7.9	15
2026-09-07	NUE	261.07000732421875	8.0	9	2.0	1.5	1.0	1.5	2.0	2.0	1.5	1.0	1.0	2.0	2.0	5.0	6	0.0	0.0	1.0	2.0	1.0	2.0	4.0	5	2.0	1.0	0.0	0.5	0.5	7.1	15
2026-09-07	NUF.ASX	3.240000009536743	6.8	8	1.5	1.5	1.0	1.0	2.0	2.0	1.0	1.0	0.0	2.0	2.0	4.6	3	1.0	1.0	1.0	1.0	0.5	1.0	3.0	4	0.0	1.5	0.0	0.5	1.0	6.1	11
2026-09-07	NUS	4.840000152587891														3.3	5	2.0	1.0	1.0	0.0	0.0	0.0	4.5	5	1.0	1.5	0.0	0.5	1.5	3.3	5
2026-09-07	NUTX	193.24000549316406	7.0	9	1.5	2.0	1.0	0.0	2.0	2.0	2.0	1.0	2.0	1.0	1.0	6.7	5	2.0	1.0	1.0	2.0	2.0	0.0	5.5	5	2.0	1.5	0.0	0.5	1.5	6.9	14
2026-09-07	NUVA.DE	0.1809999942779541														4.2	2	1.0	1.0	1.0	1.0	0.0	1.0	4.0	3	0.0	0.0	1.0	2.0	1.0	4.2	2
2026-09-07	NUVB	6.809999942779541	5.2	9	2.0	2.0	1.0	0.0	2.0	1.0	0.0	1.0	0.0	1.5	1.0	5.8	5	1.0	1.0	1.0	2.0	0.0	2.0	4.5	5	1.5	0.0	0.0	1.5	1.5	5.4	14
2026-09-07	NVAX	10.220000267028809	6.4	8	1.5	2.0	1.0	0.0	1.5	0.5	2.0	1.0	1.0	1.5	2.0	2.1	6	1.5	0.0	1.0	0.0	0.0	0.0	5.5	4	2.0	0.5	0.0	1.0	2.0	5.1	14
2026-09-07	NVCR	17.940000534057617	6.1	10	1.5	2.0	1.0	0.5	2.0	0.0	2.0	0.5	0.0	2.0	2.0	5.4	5	1.0	1.0	1.0	2.0	0.0	1.5	3.0	5	1.0	0.5	0.0	0.5	1.0	5.9	15
2026-09-07	NVCT	24.489999771118164	6.1	10	2.0	2.0	1.0	1.0	2.0	2.0	0.0	0.5	0.0	1.0	2.0	5.4	3	1.0	1.0	1.0	2.0	0.5	1.0	3.0	4	0.0	0.5	0.0	1.0	1.5	5.9	13
2026-09-07	NVDA	230.36000061035156	8.0	10	2.0	2.0	1.0	2.0	2.0	1.0	1.5	1.0	2.0	2.0	1.0	7.5	6	2.0	0.0	1.0	2.0	2.0	2.0	4.0	5	2.0	1.5	0.0	0.0	0.5	7.8	16
2026-09-07	NVDA.24-7	230.36000061035156														8.3	5	2.0	1.0	1.0	2.0	2.0	2.0	4.0	5	2.0	1.5	0.0	0.0	0.5	8.3	5
2026-09-07	NVDA.EUR	230.36000061035156	8.0	10	2.0	2.0	1.0	2.0	2.0	1.0	1.5	1.0	2.0	2.0	1.0	7.5	6	2.0	0.0	1.0	2.0	2.0	2.0	4.0	5	2.0	1.5	0.0	0.0	0.5	7.8	16
2026-09-07	NVG.LS	3.252000093460083														5.0	4	2.0	1.0	1.0	1.0	1.0	0.0	1.5	4	0.0	0.0	0.0	0.5	1.0	5.0	4
2026-09-07	NVGS	22.959999084472656	7.5	9	1.5	1.5	1.0	1.5	2.0	2.0	2.0	1.0	1.0	1.0	2.0	7.1	6	1.5	2.0	1.0	0.0	2.0	2.0	2.0	5	0.0	1.0	0.0	0.5	0.5	7.4	15
2026-09-07	NVM.DE	2.299999952316284														5.4	4	2.0	1.0	1.0	1.0	0.5	1.0	5.5	4	1.5	1.5	0.0	1.5	1.0	5.4	4
2026-09-07	NVMI	372.1000061035156	7.0	9	2.0	2.0	1.0	1.0	0.0	1.5	1.5	1.0	1.5	2.0	2.0	6.2	6	1.5	0.0	1.0	1.5	2.0	1.5	3.5	5	1.5	0.5	0.0	0.5	1.0	6.8	15
2026-09-07	NVO	46.599998474121094	5.5	10	1.0	1.0	1.0	2.0	1.0	2.0	1.5	0.5	2.0	0.0	0.0	7.1	6	0.5	2.0	1.0	2.0	2.0	1.0	1.0	5	0.0	0.0	0.0	0.5	0.5	6.0	16
2026-09-07	NVR	6298.85009765625	6.4	9	1.5	1.5	1.0	1.0	0.0	2.0	1.0	1.0	2.0	2.0	1.0	3.8	6	0.0	0.0	1.0	2.0	1.5	0.0	3.0	5	1.0	0.5	0.0	0.5	1.0	5.6	15
2026-09-07	NVS	159.99000549316406	5.7	10	1.5	1.0	1.0	2.0	2.0	2.0	1.0	0.0	2.0	0.0	0.0	5.0	6	0.5	0.0	1.0	1.5	2.0	1.0	2.0	5	0.0	0.5	0.0	1.0	0.5	5.5	16
2026-09-07	NVST	27.280000686645508	7.5	10	1.5	1.5	1.0	1.0	2.0	1.5	2.0	1.5	0.5	2.0	2.0	4.6	6	0.0	1.0	1.0	1.5	1.0	1.0	3.0	5	1.0	0.5	0.0	0.5	1.0	6.6	16
2026-09-07	NVT	156.02999877929688	8.2	9	2.0	2.0	1.0	1.5	1.0	2.0	2.0	1.0	1.5	2.0	2.0	7.1	6	2.0	0.0	1.0	2.0	1.5	2.0	3.0	5	1.5	0.5	0.0	0.5	0.5	7.9	15
2026-09-07	NVTS	11.800000190734863	4.8	9	1.0	2.0	1.0	0.5	0.0	1.0	1.5	1.0	0.0	1.5	1.0	3.8	5	1.0	0.0	1.0	2.0	0.5	0.0	3.0	5	2.0	0.5	0.0	0.0	0.5	4.5	14
2026-09-07	NVX.ASX	0.10499999672174454														4.6	2	1.0	1.0	1.0	1.0	0.5	1.0	4.5	4	1.0	2.0	0.0	0.5	1.0	4.6	2
2026-09-07	NWBI	15.619999885559082	6.4	8	1.0	1.0	1.0	1.0	2.0	1.5	1.5	1.0	1.0	2.0	1.0	5.8	6	1.0	0.0	1.0	1.0	2.0	2.0	4.0	4	0.5	1.0	0.0	1.0	1.5	6.2	14
2026-09-07	NWE	70.77999877929688	5.9	9	1.0	1.0	1.0	1.5	1.0	2.0	1.5	1.0	1.0	2.0	0.0	5.8	6	0.5	2.0	1.0	0.5	1.5	1.5	2.5	5	0.0	0.5	0.0	1.0	1.0	5.9	15
2026-09-07	NWF.L	153.0	5.5	7	1.0	0.5	1.0	1.0	2.0	2.0	1.0	1.0	1.0	0.5	1.0	5.8	4	2.0	1.0	1.0	1.0	1.0	1.0	1.5	4	0.0	0.0	0.0	0.5	1.0	5.6	11
2026-09-07	NWG	18.940000534057617	6.6	9	1.5	2.0	1.0	2.0	2.0	2.0	2.0	0.0	1.0	0.0	1.0	7.1	6	1.5	2.0	1.0	0.5	2.0	1.5	3.5	4	1.0	1.5	0.0	1.0	0.0	6.7	15
2026-09-07	NWG.L	699.7999877929688	7.5	8	2.0	1.5	1.0	1.0	2.0	2.0	2.0	1.5	1.0	1.5	1.0	6.2	5	1.5	1.0	1.0	0.5	2.0	1.5	4.0	3	1.0	1.0	0.0	1.0	1.0	7.1	13
2026-09-07	NWH.ASX	7.710000038146973	6.8	8	2.0	1.5	1.0	1.0	2.0	2.0	1.0	1.0	1.5	1.0	1.0	6.7	4	2.0	1.0	1.0	1.0	1.0	2.0	4.0	4	1.0	1.0	0.0	1.0	1.0	6.8	12
2026-09-07	NWL	6.110000133514404	5.9	9	1.0	2.0	1.0	0.5	2.0	0.5	2.0	1.0	0.0	2.0	1.0	4.2	6	2.0	0.0	1.0	0.5	0.5	1.0	4.0	5	1.0	0.5	0.0	1.5	1.0	5.4	15
2026-09-07	NWL.ASX	20.440000534057617	6.4	8	1.5	2.0	1.0	1.0	0.0	2.0	1.0	2.0	2.0	0.5	1.0	5.0	4	0.0	1.0	1.0	1.0	1.5	1.5	4.0	4	1.0	1.5	0.0	0.5	1.0	6.0	12
2026-09-07	NWN	49.189998626708984	6.1	9	1.5	2.0	1.0	1.0	0.0	2.0	2.0	1.0	1.0	2.0	0.0	5.4	6	1.0	2.0	1.0	0.5	1.0	1.0	3.0	5	0.0	0.0	0.0	1.5	1.5	5.9	15
2026-09-07	NWPX.US	107.68000030517578	6.6	9	1.0	0.5	1.0	1.0	1.0	2.0	2.0	1.0	1.0	2.0	2.0	5.4	6	1.0	0.0	1.0	2.0	1.0	1.5	2.0	5	1.0	0.0	0.0	0.0	1.0	6.2	15
2026-09-07	NWS.ASX	47.0	7.3	8	2.0	1.5	1.0	1.0	2.0	2.0	2.0	1.0	1.0	0.5	2.0	5.0	4	0.5	1.0	1.0	1.0	1.0	1.5	3.0	4	1.0	0.5	0.0	0.5	1.0	6.6	12
2026-09-07	NWSA	30.389999389648438	7.5	9	1.5	0.5	1.0	1.5	2.0	2.0	2.0	1.0	1.0	2.0	2.0	5.8	6	0.5	2.0	1.0	1.0	1.0	1.5	3.5	5	1.0	1.0	0.0	0.5	1.0	7.0	15
2026-09-07	NX	22.93000030517578	8.0	9	1.5	2.0	1.0	1.0	2.0	2.0	2.0	1.0	1.0	2.0	2.0	7.5	6	2.0	1.0	2.0	2.0	1.0	1.0	7.5	5	1.0	2.0	2.0	1.0	1.5	7.8	15
2026-09-07	NXDR	2.240000009536743	6.6	9	1.5	2.0	1.0	1.5	1.0	2.0	2.0	1.0	0.0	1.5	1.0	4.6	4	1.0	1.0	1.0	1.0	0.0	1.5	2.0	5	1.5	0.0	0.0	0.0	0.5	6.0	13
2026-09-07	NXDT	5.46999979019165														3.3	3	1.0	1.0	1.0	1.0	0.0	0.0	3.5	5	1.0	1.0	0.0	0.5	1.0	3.3	3
2026-09-07	NXE	10.729999542236328	5.2	9	2.0	2.0	1.0	1.0	1.0	1.0	0.0	1.0	0.0	1.5	1.0	5.4	3	1.0	1.0	1.0	2.0	0.5	1.0	3.5	5	1.5	0.0	0.0	0.5	1.5	5.3	12
2026-09-07	NXFIL.NV	3.244999885559082														4.6	3	1.0	1.0	1.0	1.0	0.0	1.5	1.5	4	0.0	0.0	0.0	0.5	1.0	4.6	3
2026-09-07	NXH	3.950000047683716	4.3	9	1.0	2.0	1.0	2.0	0.0	1.5	0.0	1.0	0.0	1.0	0.0	5.4	6	1.0	2.0	1.0	0.0	0.5	2.0	4.0	5	2.0	1.5	0.0	0.5	0.0	4.6	15
2026-09-07	NXI.PA	6.534999847412109														2.9	4	0.0	1.0	1.0	1.0	0.5	0.0	4.0	4	0.5	1.5	0.0	1.0	1.0	2.9	4
2026-09-07	NXPI	227.83999633789062	6.8	9	1.5	2.0	1.0	1.5	0.0	1.0	1.0	1.0	2.0	2.0	2.0	6.7	6	2.0	0.0	1.0	1.5	2.0	1.5	4.0	5	2.0	0.5	0.0	1.0	0.5	6.8	15
2026-09-07	NXR.L	312.0	7.0	7	1.5	2.0	1.0	1.0	1.0	2.0	1.0	1.0	1.0	2.0	2.0	5.4	4	0.5	1.0	1.0	1.0	1.0	2.0	2.5	4	1.0	0.0	0.0	0.5	1.0	6.5	11
2026-09-07	NXRT	23.780000686645508	6.6	9	1.5	2.0	1.0	1.0	0.0	2.0	2.0	1.0	0.0	2.0	2.0	4.2	5	0.0	1.0	1.0	2.0	0.0	1.0	5.5	5	1.0	1.5	0.0	2.0	1.0	5.9	14
2026-09-07	NXST	176.8300018310547	6.6	9	2.0	2.0	1.0	0.5	0.0	1.5	1.5	1.0	1.0	2.0	2.0	8.3	6	2.0	2.0	1.0	2.0	1.0	2.0	5.0	5	1.0	0.5	0.0	2.0	1.5	7.1	15
2026-09-07	NXT.ASX	12.75	5.7	8	1.5	2.0	1.0	1.0	0.0	2.0	1.0	0.0	0.5	1.5	2.0	5.0	4	0.0	1.0	1.0	1.0	1.5	1.5	3.5	4	1.5	0.5	0.0	0.5	1.0	5.5	12
2026-09-07	NXT.L	15335.0	8.0	8	2.0	1.5	1.0	1.0	2.0	2.0	1.0	1.0	2.0	2.0	2.0	5.4	4	0.5	1.0	1.0	1.0	1.5	1.5	4.0	4	1.0	1.0	0.0	1.0	1.0	7.2	12
2026-09-07	NXT.US	84.5	7.5	9	2.0	2.0	1.0	1.0	0.0	1.5	2.0	1.0	2.0	2.0	2.0	3.8	6	0.5	0.0	1.0	0.5	1.5	1.0	3.0	5	2.0	0.5	0.0	0.0	0.5	6.4	15
2026-09-07	NXTMH.HE	10.800000190734863														4.6	4	0.0	1.0	1.0	1.0	1.0	1.5	2.0	4	0.0	0.5	0.0	0.5	1.0	4.6	4
2026-09-07	NYAX	52.2400016784668	5.9	9	2.0	2.0	1.0	2.0	0.0	2.0	0.0	1.0	0.5	0.5	2.0	5.8	5	0.0	1.0	1.0	2.0	1.0	2.0	2.0	5	0.0	0.5	0.0	1.0	0.5	5.9	14
2026-09-07	NYT	67.27999877929688	6.8	10	1.5	1.5	1.0	1.0	0.0	1.5	2.0	1.0	1.5	2.0	2.0	5.0	6	0.5	1.0	1.0	0.5	1.5	1.5	3.0	4	1.0	0.0	0.0	1.0	1.0	6.3	16
2026-09-07	NYXH.BR	1.496000051498413														6.2	5	1.0	1.0	1.0	2.0	0.5	2.0	4.0	4	1.0	1.5	0.0	0.5	1.0	6.2	5
2026-09-07	O	61.25	5.7	10	1.0	1.5	1.0	1.5	0.0	2.0	0.0	1.0	0.5	2.0	2.0	5.4	6	0.5	0.0	1.0	2.0	2.0	1.0	2.5	5	0.5	0.0	0.0	0.5	1.5	5.6	16
2026-09-07	O4B.DE	19.399999618530273														6.2	4	1.0	1.0	2.0	1.0	1.0	1.5	3.5	4	0.0	0.5	2.0	0.0	1.0	6.2	4
2026-09-07	O5G.DE	0.7350000143051147														4.6	3	1.0	1.0	1.0	1.0	1.0	0.5	4.0	4	0.0	0.0	2.0	1.0	1.0	4.6	3
2026-09-07	OABI	4.329999923706055	6.6	9	2.0	2.0	1.0	1.5	2.0	0.5	2.0	1.0	0.0	1.5	1.0	5.0	5	1.0	2.0	1.0	0.0	0.0	2.0	4.0	5	1.5	0.5	0.0	0.0	2.0	6.1	14
2026-09-07	OBD.L	0.11500000208616257														5.0	3	1.0	1.0	1.0	1.0	0.5	1.5	3.5	4	0.0	1.5	0.0	1.0	1.0	5.0	3
2026-09-07	OBDC	11.399999618530273	5.7	9	1.5	1.5	1.0	1.5	1.0	2.0	1.0	1.0	0.5	1.5	0.0	5.8	6	1.0	2.0	1.0	1.5	1.5	0.0	3.0	5	0.5	0.5	0.0	1.0	1.0	5.7	15
2026-09-07	OBEL.BR	22.100000381469727														4.2	4	0.0	1.0	1.0	1.0	1.0	1.0	4.0	4	0.0	1.5	0.0	1.5	1.0	4.2	4
2026-09-07	OBIO	5.079999923706055	6.6	9	1.5	2.0	1.0	1.0	2.0	2.0	2.0	1.0	0.0	1.0	1.0	3.8	5	1.0	1.0	1.0	1.5	0.0	0.0	6.0	5	0.5	1.0	1.0	1.5	2.0	5.8	14
2026-09-07	OBK	54.47999954223633	7.5	8	1.5	1.5	1.0	1.5	2.0	2.0	2.0	1.0	1.0	2.0	1.0	7.9	6	1.0	2.0	1.0	1.5	2.0	2.0	4.0	4	0.5	1.5	0.0	1.0	1.0	7.6	14
2026-09-07	OBS.DE	4.820000171661377														5.4	4	1.5	1.0	1.0	1.0	1.0	1.0	2.0	4	0.0	1.0	0.0	0.0	1.0	5.4	4
2026-09-07	OBT	38.720001220703125	7.7	8	1.5	1.5	1.0	2.0	2.0	2.0	2.0	1.0	1.5	1.5	1.0	4.2	6	1.5	0.0	1.0	0.0	2.0	0.5	3.0	4	0.0	1.5	0.0	1.0	0.5	6.6	14
2026-09-07	OC	138.72000122070312	6.6	9	2.0	2.0	1.0	1.5	1.0	1.5	1.5	1.0	0.0	2.0	1.0	2.9	6	1.0	0.0	1.0	0.0	0.5	1.0	5.0	5	1.5	0.5	1.0	1.5	0.5	5.5	15
2026-09-07	OCDO.L	216.39999389648438	4.3	7	0.5	0.0	1.0	1.0	2.0	1.0	1.0	1.0	0.0	1.0	1.0	5.0	3	1.0	1.0	1.0	1.0	0.0	2.0	4.0	4	2.0	0.0	0.0	1.0	1.0	4.5	10
2026-09-07	OCFC	19.43000030517578	6.8	8	1.0	1.5	1.0	1.5	2.0	2.0	1.5	1.0	0.5	2.0	1.0	6.7	6	1.5	2.0	1.0	0.0	1.5	2.0	3.5	4	1.0	0.5	0.0	1.0	1.0	6.8	14
2026-09-07	OCGN	1.3600000143051147	4.3	8	1.5	2.0	1.0	0.0	0.0	2.0	0.0	1.0	1.0	1.0	0.0	3.8	5	1.0	1.0	1.0	0.0	0.5	1.0	5.5	4	2.0	0.5	0.0	1.0	2.0	4.1	13
2026-09-07	OCI.NV	4.105999946594238	5.5	7	1.0	1.0	1.0	1.0	2.0	2.0	1.0	1.0	0.0	1.0	1.0	5.8	3	1.0	1.0	1.0	1.0	1.5	1.5	1.0	4	0.0	0.0	0.0	0.0	1.0	5.6	10
2026-09-07	OCSL	13.0600004196167	6.4	9	1.0	1.0	1.0	1.5	2.0	2.0	1.5	1.0	0.5	1.5	1.0	4.6	6	2.0	0.0	1.0	0.5	1.5	0.5	3.0	5	0.5	0.5	0.0	1.0	1.0	5.9	15
2026-09-07	OCUL	10.640000343322754	5.9	10	2.0	2.0	1.0	0.5	2.0	1.0	0.5	1.0	0.0	2.0	1.0	4.6	5	1.0	0.0	1.0	2.0	0.5	1.0	3.0	5	1.0	0.0	0.0	0.0	2.0	5.5	15
2026-09-07	ODC	87.9000015258789														5.4	4	1.0	1.0	1.0	1.0	1.5	1.0	2.0	5	0.5	0.5	0.0	0.0	1.0	5.4	4
2026-09-07	ODD	13.75	5.0	9	1.0	1.5	1.0	0.0	0.0	2.0	0.0	1.0	1.5	2.0	1.0	4.6	6	1.0	2.0	1.0	0.5	1.0	0.0	6.5	5	2.0	1.5	0.0	1.5	1.5	4.9	15
2026-09-07	ODET.PA	1312.0														3.8	4	0.5	1.0	1.0	1.0	1.0	0.0	2.5	4	0.5	0.0	1.0	0.0	1.0	3.8	4
2026-09-07	ODFB.OL	118.80000305175781														5.4	4	0.5	1.0	1.0	1.0	1.5	1.5	2.0	4	0.0	0.0	0.0	1.0	1.0	5.4	4
2026-09-07	ODFL	185.8699951171875	7.0	10	1.5	2.0	1.0	1.5	0.0	1.5	1.5	1.0	1.5	2.0	2.0	5.8	6	1.0	0.0	1.0	2.0	1.5	1.5	2.0	5	1.0	0.0	0.0	0.0	1.0	6.6	16
2026-09-07	ODTX	28.760000228881836	5.9	8	2.0	2.0	1.0	1.0	1.0	1.0	0.0	1.0	1.0	2.0	1.0	4.6	2	1.0	1.0	1.0	1.0	0.5	1.0	6.0	4	1.0	2.0	1.0	0.0	2.0	5.5	10
2026-09-07	OEC	6.090000152587891	5.2	9	1.0	2.0	1.0	1.5	0.0	2.0	0.0	1.0	0.0	2.0	1.0	5.4	5	1.0	1.0	1.0	2.0	0.5	1.0	4.5	5	1.0	0.5	0.0	2.0	1.0	5.3	14
2026-09-07	OEMb.ST	172.39999389648438														5.4	5	0.5	1.0	1.0	1.0	1.5	1.5	3.0	4	1.0	1.0	0.0	0.0	1.0	5.4	5
2026-09-07	OERL.ZU	5.239999771118164	6.1	8	1.0	0.5	1.0	1.0	2.0	2.0	1.0	2.0	0.5	0.5	2.0	6.2	4	1.5	1.0	1.0	1.0	2.0	1.0	4.5	4	1.0	1.5	0.0	1.0	1.0	6.1	12
2026-09-07	OEWA.DE	60.04999923706055	4.5	7	0.5	1.0	1.0	1.0	1.0	2.0	1.0	1.0	1.0	0.5	0.0	5.0	4	1.0	1.0	1.0	1.0	1.5	0.5	1.5	4	0.0	0.0	0.0	0.5	1.0	4.7	11
2026-09-07	OFG	53.220001220703125	7.3	8	1.0	1.5	1.0	1.0	2.0	2.0	2.0	1.0	1.5	2.0	1.0	8.3	6	2.0	2.0	1.0	1.5	2.0	1.5	4.0	4	0.5	1.5	0.0	1.0	1.0	7.6	14
2026-09-07	OFIX	9.289999961853027	6.6	9	1.5	2.0	1.0	1.0	0.0	2.0	2.0	1.0	0.0	2.0	2.0	3.8	6	0.0	0.0	1.0	2.0	0.5	1.0	3.5	5	0.5	1.5	0.0	0.5	1.0	5.8	15
2026-09-07	OFLX	26.90999984741211														5.0	4	1.0	1.0	1.0	1.0	1.5	0.5	1.5	5	0.0	1.0	0.0	0.0	0.5	5.0	4
2026-09-07	OFRM	17.459999084472656	5.5	9	1.5	2.0	1.0	0.0	0.5	1.0	2.0	1.0	0.0	2.0	1.0	3.8	5	1.0	0.0	1.0	0.0	0.5	2.0	3.5	4	1.0	0.5	0.0	0.0	2.0	5.0	14
2026-09-07	OFS	3.9100000858306885														2.5	5	1.0	1.0	1.0	0.0	0.0	0.0	5.0	5	1.0	1.0	0.0	1.5	1.5	2.5	5
2026-09-07	OGE	46.91999816894531	6.1	10	1.0	1.5	1.0	1.0	1.0	2.0	1.0	2.0	1.0	2.0	0.0	5.4	6	0.5	2.0	1.0	1.0	1.5	0.5	3.0	5	0.5	0.0	0.0	1.0	1.5	5.9	16
2026-09-07	OGI	1.1549999713897705	6.8	8	1.5	2.0	1.0	1.0	1.0	2.0	2.0	1.0	1.5	0.0	2.0	8.3	5	2.0	1.0	1.0	2.0	2.0	2.0	2.5	4	1.0	0.5	0.0	0.0	1.0	7.2	13
2026-09-07	OGN.US	13.779999732971191														4.6	5	1.0	1.0	1.0	1.0	1.0	0.5	7.5	5	1.5	2.0	1.0	2.0	1.0	4.6	5
2026-09-07	OGS	79.86000061035156	6.1	9	1.5	1.5	1.0	1.0	1.0	2.0	1.5	1.0	1.0	2.0	0.0	5.4	6	1.0	2.0	1.0	0.5	1.5	0.5	3.5	5	0.5	0.5	0.0	1.0	1.5	5.9	15
2026-09-07	OHB.DE	184.1999969482422	6.4	8	2.0	2.0	1.0	1.0	0.0	2.0	2.0	1.0	1.0	0.0	2.0	5.4	4	1.5	1.0	1.0	1.0	1.0	1.0	4.5	4	1.0	1.0	1.0	0.5	1.0	6.1	12
2026-09-07	OHI	46.380001068115234	6.4	10	1.0	1.5	1.0	1.5	1.0	2.0	2.0	0.5	1.5	2.0	0.0	4.2	6	0.0	0.0	1.0	0.5	2.0	1.5	2.5	5	0.5	0.0	0.0	0.5	1.5	5.7	16
2026-09-07	OHLA.MC	0.37299999594688416														5.8	4	2.0	1.0	1.0	1.0	1.0	1.0	5.0	4	1.0	1.0	1.0	1.0	1.0	5.8	4
2026-09-07	OI	7.139999866485596	4.8	9	1.5	2.0	1.0	0.5	0.0	1.5	0.0	1.0	0.0	2.0	1.0	4.6	6	2.0	2.0	1.0	0.0	0.0	0.5	5.0	5	0.5	1.5	0.0	2.0	1.0	4.7	15
2026-09-07	OII	51.400001525878906	7.7	9	1.0	1.0	1.0	1.0	2.0	2.0	2.0	1.0	2.0	2.0	2.0	4.6	6	0.0	0.0	1.0	2.0	1.5	1.0	4.0	5	1.0	1.5	0.0	0.5	1.0	6.8	15
2026-09-07	OIS	8.760000228881836	6.8	9	1.5	2.0	1.0	1.5	1.0	1.0	2.0	1.0	0.0	2.0	2.0	3.3	6	1.5	1.0	1.0	0.0	0.0	0.5	2.0	5	1.0	0.0	0.0	0.0	1.0	5.8	15
2026-09-07	OKE	95.43000030517578	6.1	10	1.5	1.0	1.0	1.5	2.0	1.5	1.0	0.5	1.5	2.0	0.0	6.7	6	1.0	1.0	1.0	2.0	1.0	2.0	4.0	5	0.5	1.0	0.0	1.0	1.5	6.3	16
2026-09-07	OKLO	41.27000045776367	4.1	9	1.5	2.0	1.0	0.5	0.0	1.0	0.0	1.0	0.0	1.0	1.0	4.6	4	1.0	2.0	1.0	0.0	0.5	1.0	3.5	5	1.0	2.0	0.0	0.0	0.5	4.2	13
2026-09-07	OKTA	170.60000610351562	8.0	10	2.0	1.5	1.0	1.5	2.0	1.5	1.5	2.0	0.5	2.0	2.0	5.0	6	1.5	0.0	1.0	1.0	1.0	1.5	2.5	5	0.5	1.5	0.0	0.0	0.5	7.1	16
2026-09-07	OKUR	3.5799999237060547	5.9	9	2.0	2.0	1.0	1.5	0.0	1.0	1.5	1.0	0.0	2.0	1.0	5.4	4	1.0	1.0	1.0	2.0	0.5	1.0	2.5	4	1.0	0.0	0.0	0.0	1.5	5.8	13
2026-09-07	OLED	82.33999633789062	5.2	9	1.5	2.0	1.0	1.0	0.0	1.0	0.0	1.0	1.0	2.0	1.0	6.7	6	1.5	2.0	1.0	1.5	2.0	0.0	4.0	5	1.5	1.5	0.0	0.0	1.0	5.6	15
2026-09-07	OLLI	76.56500244140625	6.4	10	1.5	2.0	1.0	0.5	1.0	1.0	1.5	0.5	1.0	2.0	2.0	5.4	6	1.0	2.0	1.0	0.5	1.0	1.0	2.5	5	0.5	0.5	0.0	0.5	1.0	6.1	16
2026-09-07	OLMA	10.75	4.3	9	2.0	2.0	1.0	0.0	0.0	0.0	0.5	1.0	0.0	2.0	1.0	2.9	4	1.0	0.0	1.0	0.0	0.5	1.0	5.0	5	2.0	1.0	0.0	0.0	2.0	3.9	13
2026-09-07	OLN	17.3700008392334	5.0	10	1.0	2.0	1.0	0.5	0.0	1.0	2.0	0.5	0.0	2.0	1.0	3.3	6	0.0	2.0	1.0	0.0	0.5	0.5	5.0	5	1.0	1.5	0.0	1.5	1.0	4.5	16
2026-09-07	OLP	23.920000076293945	6.1	9	1.5	1.5	1.0	1.5	1.0	2.0	2.0	1.0	1.0	1.0	0.0	6.2	6	1.0	0.0	1.0	2.0	2.0	1.5	4.0	5	1.0	0.5	0.0	1.5	1.0	6.1	15
2026-09-07	OLVAS.HE	32.45000076293945														7.1	5	2.0	1.0	1.0	2.0	1.0	1.5	1.5	4	0.0	0.0	0.0	0.5	1.0	7.1	5
2026-09-07	OM.US	3.5899999141693115	5.2	9	1.5	2.0	1.0	1.0	0.0	2.0	0.0	1.0	0.0	2.0	1.0	4.2	5	1.0	2.0	1.0	0.0	0.0	1.0	6.0	5	2.0	1.5	0.0	1.0	1.5	4.9	14
2026-09-07	OMAB	99.72000122070312	5.2	10	1.5	1.5	1.0	2.0	0.0	2.0	0.5	0.5	2.0	0.5	0.0	5.8	5	2.0	1.0	1.0	0.0	2.0	1.0	3.5	5	0.0	1.0	0.0	1.5	1.0	5.4	15
2026-09-07	OMASP.HE	16.940000534057617														5.4	4	1.5	1.0	1.0	1.0	2.0	0.0	6.0	3	0.0	2.0	2.0	1.0	1.0	5.4	4
2026-09-07	OMC	82.62000274658203	5.9	10	2.0	2.0	1.0	1.0	1.0	1.0	1.0	1.0	1.0	2.0	0.0	5.0	6	0.0	2.0	1.0	0.0	1.0	2.0	3.5	5	0.5	0.5	0.0	1.0	1.5	5.6	16
2026-09-07	OMCL	34.369998931884766	7.0	9	2.0	2.0	1.0	1.0	0.0	2.0	2.0	1.0	0.5	2.0	2.0	3.3	6	0.0	1.0	1.0	0.0	1.0	1.0	2.5	5	1.0	0.5	0.0	0.0	1.0	5.9	15
2026-09-07	OMDA	22.770000457763672	7.3	9	2.0	1.5	1.0	1.0	2.0	2.0	2.0	1.0	0.5	2.0	1.0	5.4	6	0.5	0.0	1.0	2.0	1.0	2.0	3.5	3	1.0	0.5	0.0	1.0	1.0	6.7	15
2026-09-07	OMER	18.950000762939453	7.0	8	1.5	2.0	1.0	0.0	1.5	2.0	2.0	1.0	1.0	1.5	2.0	7.5	4	2.0	1.0	1.0	2.0	2.0	1.0	6.0	4	2.0	1.5	0.0	1.0	1.5	7.1	12
2026-09-07	OMF	64.62999725341797	7.3	8	1.5	1.5	1.0	1.5	2.0	1.5	1.5	1.0	1.5	2.0	1.0	5.0	6	2.0	0.0	1.0	0.5	2.0	0.5	4.5	5	1.0	0.5	0.0	2.0	1.0	6.6	14
2026-09-07	OMU.L	59.599998474121094														6.2	4	2.0	1.0	1.0	1.0	1.0	1.5	3.0	4	0.5	0.5	0.0	1.0	1.0	6.2	4
2026-09-07	ON	74.37999725341797	5.9	10	1.5	2.0	1.0	0.5	0.0	1.0	1.5	1.5	1.0	2.0	1.0	6.2	6	2.0	0.0	1.0	2.0	1.5	1.0	3.5	5	2.0	0.5	0.0	0.5	0.5	6.0	16
2026-09-07	ONB	26.040000915527344	6.8	8	2.0	1.5	1.0	1.0	1.0	2.0	1.5	1.0	1.0	2.0	1.0	5.4	6	1.0	0.0	1.0	0.5	2.0	2.0	4.0	4	1.0	1.0	0.0	1.0	1.0	6.4	14
2026-09-07	ONC	358.260009765625	7.3	9	2.0	1.5	1.0	2.0	2.0	1.5	2.0	1.0	1.0	1.0	1.0	8.8	6	2.0	2.0	1.0	2.0	1.5	2.0	2.0	5	0.5	0.5	0.0	0.5	0.5	7.8	15
2026-09-07	ONDS	7.619999885559082	5.0	10	2.0	2.0	1.0	0.0	0.0	1.0	0.0	1.0	1.5	1.5	1.0	6.7	5	1.0	2.0	1.0	0.0	2.0	2.0	3.0	5	2.0	0.5	0.0	0.0	0.5	5.5	15
2026-09-07	ONEW	12.699999809265137														5.0	4	1.0	1.0	1.0	2.0	0.5	0.5	5.5	5	1.5	0.0	0.0	2.0	2.0	5.0	4
2026-09-07	ONIT	35.459999084472656	6.8	9	2.0	2.0	1.0	1.0	0.0	2.0	2.0	1.0	1.5	1.5	1.0	5.8	5	2.0	1.0	1.0	0.0	1.5	1.5	6.0	5	1.5	1.0	0.0	2.0	1.5	6.5	14
2026-09-07	ONL	2.7100000381469727														3.8	4	1.0	1.0	1.0	1.0	0.0	0.5	4.0	5	1.5	0.5	0.0	0.5	1.5	3.8	4
2026-09-07	ONON	27.989999771118164	7.0	10	2.0	2.0	1.0	1.0	0.0	1.0	2.0	1.0	1.5	2.0	2.0	7.1	6	2.0	2.0	1.0	0.5	1.5	1.5	4.5	5	2.0	2.0	0.0	0.0	0.5	7.0	16
2026-09-07	ONT.L	161.39999389648438	5.7	7	1.5	1.5	1.0	1.0	2.0	2.0	1.0	1.0	0.0	0.5	1.0	4.6	3	1.0	1.0	1.0	1.0	0.0	1.5	2.5	4	1.0	0.5	0.0	0.0	1.0	5.4	10
2026-09-07	ONT.US	17.850000381469727	5.5	9	1.5	2.0	1.0	0.5	0.0	0.0	2.0	1.0	0.0	2.0	2.0	2.9	5	1.0	1.0	1.0	0.0	0.5	0.0	4.0	5	1.5	0.5	0.0	1.0	1.0	4.7	14
2026-09-07	ONTEX.BR	2.450000047683716														3.8	3	1.0	1.0	1.0	1.0	0.0	0.5	3.0	4	0.0	1.5	0.0	0.5	1.0	3.8	3
2026-09-07	ONTO	268.010009765625	6.8	9	2.0	2.0	1.0	1.0	1.0	1.5	1.5	1.0	1.0	2.0	1.0	7.1	6	2.0	0.0	1.0	2.0	1.5	2.0	2.5	5	1.5	0.0	0.0	0.5	0.5	6.9	15
2026-09-07	ONWD.BR	2.505000114440918														5.4	3	1.0	1.0	1.0	1.0	0.5	2.0	3.5	4	1.0	1.5	0.0	0.0	1.0	5.4	3
2026-09-07	OOMA	23.200000762939453	7.3	9	2.0	1.5	1.0	1.5	2.0	2.0	2.0	1.0	1.0	2.0	0.0	5.8	5	0.0	1.0	1.0	2.0	1.0	2.0	4.5	5	1.0	1.0	1.0	0.5	1.0	6.8	14
2026-09-07	OPAD	4.099999904632568	4.3	9	1.5	2.0	1.0	0.5	1.0	0.0	0.5	1.0	0.0	1.0	1.0	2.9	4	1.0	1.0	1.0	0.0	0.5	0.0	6.0	5	2.0	0.0	0.0	2.0	2.0	3.9	13
2026-09-07	OPAL	2.009999990463257	5.7	10	0.5	1.5	1.0	0.5	0.0	2.0	2.0	1.0	0.5	1.5	2.0	5.8	5	1.0	1.0	1.0	2.0	1.0	1.0	4.0	5	0.5	0.5	0.0	1.0	2.0	5.7	15
2026-09-07	OPCH	24.209999084472656	6.1	9	1.5	1.5	1.0	0.5	1.0	1.0	1.5	1.0	1.5	2.0	1.0	4.6	6	1.5	1.0	1.0	0.0	1.0	1.0	3.0	5	0.5	0.5	0.0	1.0	1.0	5.6	15
2026-09-07	OPEN	3.1500000953674316	5.0	9	1.0	2.0	1.0	0.0	0.0	2.0	0.5	1.0	0.0	1.5	2.0	1.7	5	1.0	0.0	1.0	0.0	0.0	0.0	6.0	5	2.0	2.0	0.0	1.5	0.5	4.0	14
2026-09-07	OPENL	0.10999999940395355														3.3	3	1.0	1.0	1.0	1.0	0.0	0.0	6.5	4	2.0	2.0	0.0	1.5	1.0	3.3	3
2026-09-07	OPENW	0.16099999845027924														3.3	3	1.0	1.0	1.0	1.0	0.0	0.0	6.5	4	2.0	2.0	0.0	1.5	1.0	3.3	3
2026-09-07	OPENZ	0.10199999809265137														3.3	3	1.0	1.0	1.0	1.0	0.0	0.0	6.5	4	2.0	2.0	0.0	1.5	1.0	3.3	3
2026-09-07	OPFI	7.420000076293945	5.9	10	1.5	2.0	1.0	1.5	0.0	1.0	1.5	1.0	2.0	0.5	1.0	5.8	6	2.0	2.0	1.0	0.0	2.0	0.0	4.0	5	1.5	1.0	0.0	0.5	1.0	5.9	16
2026-09-07	OPK	1.6399999856948853	6.4	9	1.5	2.0	1.0	1.0	2.0	2.0	2.0	1.0	0.0	0.5	1.0	3.3	6	0.0	0.0	1.0	2.0	0.0	1.0	4.5	5	1.5	1.0	0.0	0.5	1.5	5.5	15
2026-09-07	OPLN	35.459999084472656	7.5	9	2.0	2.0	1.0	1.5	1.0	2.0	2.0	1.0	1.0	2.0	1.0	6.2	6	1.5	1.0	1.0	1.5	1.0	1.5	3.5	5	1.5	0.0	0.0	1.5	0.5	7.1	15
2026-09-07	OPM.PA	12.729999542236328	5.0	7	1.5	2.0	1.0	1.0	0.0	2.0	1.0	1.0	1.0	0.5	0.0	4.6	4	1.0	1.0	1.0	1.0	1.0	0.5	5.0	4	1.5	1.5	0.0	1.0	1.0	4.9	11
2026-09-07	OPRA	18.780000686645508	6.1	9	2.0	2.0	1.0	1.0	1.0	1.5	0.5	1.0	1.0	0.5	2.0	7.5	6	1.5	1.0	1.0	2.0	1.5	2.0	3.0	5	1.5	0.5	0.0	0.0	1.0	6.5	15
2026-09-07	OPRT	7.869999885559082	7.3	9	1.5	1.5	1.0	1.5	2.0	2.0	2.0	1.0	0.5	2.0	1.0	5.4	6	1.0	2.0	1.0	0.5	1.0	1.0	5.0	5	1.5	1.0	0.0	2.0	0.5	6.7	15
2026-09-07	OPRX	7.869999885559082	6.4	9	2.0	2.0	1.0	1.0	1.0	1.0	2.0	1.0	0.5	1.5	1.0	4.2	6	1.0	2.0	1.0	0.0	1.0	0.0	3.0	5	1.0	1.0	0.0	0.0	1.0	5.7	15
2026-09-07	OPTI.BR	3.880000114440918														4.2	4	2.0	1.0	1.0	1.0	0.0	0.0	5.5	4	0.5	2.0	0.0	2.0	1.0	4.2	4
2026-09-07	OPTU	1.0499999523162842	3.4	8	0.5	0.0	1.0	0.0	1.0	1.0	0.0	1.0	1.0	2.0	0.0	2.5	6	1.5	0.0	1.0	0.0	0.0	0.5	4.5	4	1.5	0.5	0.0	1.0	1.5	3.1	14
2026-09-07	OPTX	7.570000171661377														5.4	3	1.0	1.0	1.0	1.0	0.5	2.0	1.5	5	0.5	0.0	0.0	0.0	1.0	5.4	3
2026-09-07	OPY	122.88999938964844														6.2	4	1.5	1.0	1.0	1.0	1.0	2.0	3.5	5	1.0	1.5	0.0	1.0	0.0	6.2	4
2026-09-07	OR.PA	383.8999938964844	5.9	8	1.5	1.5	1.0	1.0	2.0	2.0	1.0	1.0	1.5	0.5	0.0	5.4	4	1.0	1.0	1.0	1.0	1.5	1.0	3.0	4	1.0	0.5	0.0	0.5	1.0	5.8	12
2026-09-07	OR.US	37.310001373291016	7.7	8	1.5	2.0	1.0	1.0	2.0	1.5	1.5	1.0	1.5	2.0	2.0	5.0	6	1.0	0.0	1.0	0.0	2.0	2.0	2.0	5	1.5	0.0	0.0	0.0	0.5	6.9	14
2026-09-07	ORA.ASX	1.5	6.1	7	1.0	1.5	1.0	1.0	1.0	2.0	1.0	1.0	0.0	2.0	2.0	4.2	3	1.0	1.0	1.0	1.0	0.0	1.0	2.0	4	0.0	0.5	0.0	0.5	1.0	5.5	10
2026-09-07	ORA.PA	15.34000015258789	5.2	7	1.5	2.0	1.0	1.0	0.0	1.5	1.0	1.0	1.0	1.5	0.0	5.8	4	2.0	1.0	1.0	1.0	1.0	1.0	2.5	4	0.0	0.0	0.0	1.5	1.0	5.4	11
2026-09-07	ORA.US	105.44999694824219	6.8	10	2.0	2.0	1.0	0.5	0.0	2.0	2.0	2.0	0.5	2.0	1.0	5.4	6	0.5	0.0	1.0	2.0	1.5	1.5	4.0	5	1.0	0.5	0.0	1.0	1.5	6.4	16
2026-09-07	ORANY	17.799999237060547														5.8	4	2.0	1.0	1.0	1.0	1.0	1.0	2.5	5	0.0	0.0	0.0	1.5	1.0	5.8	4
2026-09-07	ORBS	0.9039999842643738														3.8	3	1.0	1.0	1.0	1.0	0.5	0.0	4.5	5	2.0	2.0	0.0	0.0	0.5	3.8	3
2026-09-07	ORC	6.550000190734863														5.8	4	2.0	1.0	1.0	0.0	2.0	1.0	5.5	5	1.5	1.0	0.0	2.0	1.0	5.8	4
2026-09-07	ORCL	158.77999877929688	6.8	10	2.0	2.0	1.0	1.5	1.0	0.5	2.0	1.0	2.0	1.0	1.0	8.8	6	2.0	2.0	1.0	1.5	2.0	2.0	5.0	5	1.5	1.0	0.0	2.0	0.5	7.4	16
2026-09-07	ORCP.L	0.041999999433755875														4.6	2	1.0	1.0	1.0	1.0	0.5	1.0	4.5	3	2.0	0.5	0.0	1.0	1.0	4.6	2
2026-09-07	ORG.ASX	11.220000267028809	5.9	7	1.0	1.5	1.0	1.0	1.0	1.5	1.0	1.0	1.5	1.5	1.0	4.6	4	1.0	1.0	1.0	1.0	1.5	0.0	1.5	4	0.0	0.0	0.0	0.5	1.0	5.5	11
2026-09-07	ORGO	1.7100000381469727	5.2	9	1.0	1.5	1.0	0.5	0.0	2.0	2.0	1.0	0.0	1.5	1.0	2.5	4	1.0	1.0	1.0	0.0	0.0	0.0	5.0	5	1.5	1.5	0.0	0.0	2.0	4.4	13
2026-09-07	ORI	41.43000030517578	4.8	9	1.0	0.5	1.0	1.0	0.0	2.0	0.5	1.0	1.5	2.0	0.0	7.1	6	1.5	2.0	1.0	1.0	1.5	1.5	2.5	5	0.5	0.0	0.0	0.5	1.5	5.5	15
2026-09-07	ORI.ASX	22.959999084472656	5.2	8	1.5	1.5	1.0	1.0	0.0	2.0	1.0	0.5	1.0	1.0	1.0	4.2	5	1.0	1.0	1.0	0.5	1.0	0.5	2.5	4	0.5	0.0	0.0	1.0	1.0	4.9	13
2026-09-07	ORIC	12.859999656677246	6.4	9	2.0	2.0	1.0	0.5	2.0	1.0	1.5	1.0	0.0	2.0	1.0	3.3	4	1.0	0.0	1.0	0.5	0.5	1.0	3.5	5	1.0	0.5	0.0	0.0	2.0	5.5	13
2026-09-07	ORIOLA.HE	0.8999999761581421														3.8	5	0.0	1.0	1.0	1.0	0.5	1.0	3.5	4	0.0	1.5	0.0	1.0	1.0	3.8	5
2026-09-07	ORKA	92.51000213623047	5.9	10	2.0	2.0	1.0	0.5	1.0	1.0	1.5	1.0	0.0	2.0	1.0	2.9	4	1.0	0.0	1.0	0.0	0.5	1.0	2.0	5	0.0	0.5	0.0	0.0	1.5	5.0	14
2026-09-07	ORLY	87.88999938964844	6.1	9	2.0	2.0	1.0	1.5	0.0	2.0	1.0	1.0	1.0	2.0	0.0	5.0	6	1.0	0.0	1.0	1.5	1.5	1.0	3.0	4	0.5	0.5	0.0	1.0	1.0	5.8	15
2026-09-07	ORN	9.279999732971191	6.8	9	1.5	2.0	1.0	1.0	0.0	2.0	2.0	1.0	0.5	2.0	2.0	3.3	6	0.0	1.0	1.0	0.0	1.0	1.0	4.0	5	1.5	0.5	0.0	1.0	1.0	5.8	15
2026-09-07	ORNBV.HE	79.80000305175781														5.4	5	0.0	1.0	1.0	0.5	2.0	2.0	2.0	4	0.0	1.0	0.0	0.0	1.0	5.4	5
2026-09-07	ORR.L	0.32499998807907104														4.6	2	1.0	1.0	1.0	1.0	0.5	1.0	3.5	3	1.5	0.0	0.0	1.0	1.0	4.6	2
2026-09-07	ORRON.ST	7.21999979019165														4.2	5	0.0	1.0	1.0	1.0	0.0	2.0	3.0	4	1.5	0.0	0.0	0.5	1.0	4.2	5
2026-09-07	ORSTED.CO	137.10000610351562														6.2	5	2.0	1.0	1.0	1.0	0.5	2.0	2.0	4	0.5	0.0	0.0	0.5	1.0	6.2	5
2026-09-07	OSB.L	516.0	5.9	6	1.5	2.0	1.0	1.0	0.0	2.0	1.0	1.0	1.0	1.5	1.0	6.7	4	2.0	1.0	1.0	1.0	2.0	1.0	3.5	3	1.0	0.5	0.0	1.0	1.0	6.1	10
2026-09-07	OSBC	25.719999313354492	7.5	8	2.0	1.5	1.0	1.5	2.0	2.0	1.5	1.0	1.0	2.0	1.0	7.5	6	1.0	2.0	1.0	1.0	2.0	2.0	4.0	4	0.5	1.5	0.0	1.0	1.0	7.5	14
2026-09-07	OSCR	32.25	6.8	9	1.0	0.5	1.0	1.0	2.0	1.5	2.0	1.0	2.0	2.0	1.0	4.2	6	1.0	0.0	1.0	0.0	1.0	2.0	4.5	5	2.0	1.5	0.0	0.0	1.0	6.0	15
2026-09-07	OSE.PA	2.9860000610351562														4.2	3	1.0	1.0	1.0	1.0	0.5	0.5	4.5	4	1.0	2.0	0.0	0.5	1.0	4.2	3
2026-09-07	OSG	4.96999979019165	5.5	9	2.0	2.0	1.0	1.5	0.0	1.0	2.0	1.0	0.0	1.5	0.0	5.0	5	1.0	2.0	1.0	0.0	0.0	2.0	3.0	5	1.0	1.0	0.0	0.0	1.0	5.3	14
2026-09-07	OSIS	204.14999389648438	6.4	10	2.0	2.0	1.0	0.5	0.0	2.0	1.0	1.0	1.5	2.0	1.0	6.2	6	1.0	2.0	1.0	2.0	1.0	0.5	5.5	5	1.5	1.0	0.0	1.0	2.0	6.3	16
2026-09-07	OSK	157.0800018310547	7.3	9	1.5	1.5	1.0	1.5	2.0	1.5	1.0	1.0	1.0	2.0	2.0	2.5	6	0.0	0.0	1.0	0.0	1.0	1.0	2.0	5	1.5	0.0	0.0	0.0	0.5	5.9	15
2026-09-07	OSPN	16.700000762939453	7.0	9	1.0	1.0	1.0	0.5	2.0	2.0	2.0	1.0	2.0	2.0	1.0	6.2	6	1.5	2.0	1.0	0.0	2.0	1.0	3.5	5	1.5	0.5	0.0	0.0	1.5	6.8	15
2026-09-07	OSW	22.399999618530273	6.6	9	1.5	2.0	1.0	1.0	0.0	2.0	1.0	1.0	1.0	2.0	2.0	4.2	6	0.5	1.0	1.0	0.5	1.0	1.0	3.0	5	1.0	0.5	0.0	0.0	1.5	5.9	15
2026-09-07	OTB.L	183.8000030517578	6.4	7	1.5	1.5	1.0	1.0	1.0	2.0	1.0	1.0	1.0	2.0	1.0	4.2	4	1.0	1.0	1.0	1.0	1.0	0.0	2.5	4	1.5	0.0	0.0	0.0	1.0	5.7	11
2026-09-07	OTEX	23.950000762939453	6.4	9	1.0	1.5	1.0	1.0	1.0	2.0	2.0	1.0	1.5	2.0	0.0	5.8	6	1.5	2.0	1.0	0.0	1.5	1.0	4.0	5	1.0	0.5	0.0	1.0	1.5	6.2	15
2026-09-07	OTF	11.380000114440918	5.7	9	1.5	1.5	1.0	2.0	1.0	1.0	2.0	1.0	0.5	1.0	0.0	7.9	6	1.5	2.0	1.0	2.0	2.0	1.0	3.0	4	1.0	0.5	0.0	1.0	0.5	6.4	15
2026-09-07	OTIS	71.20999908447266	5.7	9	1.5	2.0	1.0	1.5	0.0	1.5	1.0	1.0	1.0	2.0	0.0	5.8	6	1.5	2.0	1.0	0.0	1.5	1.0	4.5	4	1.0	1.5	0.0	1.0	1.0	5.7	15
2026-09-07	OTLY	14.079999923706055	4.8	9	1.0	0.5	1.0	1.5	2.0	2.0	0.0	1.0	0.0	1.5	0.0	5.4	5	1.0	1.0	1.0	2.0	0.0	1.5	3.5	4	2.0	0.0	0.0	1.0	0.5	5.0	14
2026-09-07	OTTR	89.79000091552734														5.8	5	1.0	1.0	1.0	1.5	1.5	1.0	3.0	5	0.0	0.5	0.0	0.5	2.0	5.8	5
2026-09-07	OUST	36.43000030517578	5.5	9	2.0	2.0	1.0	1.0	1.0	1.5	0.0	1.0	0.0	1.5	1.0	4.6	4	1.0	1.0	1.0	0.5	0.0	2.0	2.5	5	2.0	0.0	0.0	0.0	0.5	5.2	13
2026-09-07	OUT	28.959999084472656	7.3	9	2.0	2.0	1.0	1.0	1.0	2.0	2.0	1.0	2.0	2.0	0.0	5.4	6	2.0	0.0	1.0	0.5	1.5	1.5	5.0	5	1.5	0.5	0.0	2.0	1.0	6.7	15
2026-09-07	OUT1V.HE	5.735000133514404														3.8	5	1.0	1.0	1.0	0.0	0.5	1.0	3.5	4	1.5	1.0	0.0	0.0	1.0	3.8	5
2026-09-07	OVLY	34.880001068115234														6.2	4	1.5	1.0	1.0	1.0	2.0	1.0	3.0	4	0.0	1.0	0.0	1.0	1.0	6.2	4
2026-09-07	OVV	64.76000213623047	7.3	10	2.0	1.5	1.0	1.5	2.0	1.0	2.0	1.0	1.0	2.0	1.0	5.8	6	1.0	2.0	1.0	0.0	1.0	2.0	3.5	5	0.5	1.5	0.0	0.5	1.0	6.8	16
2026-09-07	OVZON.ST	40.18000030517578														5.8	5	1.0	1.0	1.0	0.0	2.0	2.0	3.0	4	1.5	0.5	0.0	0.0	1.0	5.8	5
2026-09-07	OWL	11.75	6.8	9	1.5	1.5	1.0	0.5	2.0	1.0	1.5	1.0	1.0	2.0	2.0	5.4	6	2.0	0.0	1.0	1.5	1.0	1.0	3.5	5	1.5	0.5	0.0	0.5	1.0	6.4	15
2026-09-07	OXB.L	435.0	5.0	8	1.5	2.0	1.0	1.0	0.0	1.0	1.0	0.0	0.0	1.5	2.0	5.0	3	1.0	1.0	1.0	1.0	0.0	2.0	6.5	4	1.0	2.0	1.0	1.5	1.0	5.0	11
2026-09-07	OXIG.L	2708.0	6.6	7	1.5	1.5	1.0	1.0	1.0	1.5	1.0	1.0	1.0	2.0	2.0	4.6	4	0.5	1.0	1.0	1.0	1.5	0.5	2.0	4	1.0	0.0	0.0	0.0	1.0	6.0	11
2026-09-07	OXM	30.8700008392334	4.3	9	1.0	1.5	1.0	0.0	0.0	2.0	0.0	1.0	0.0	2.0	1.0	1.7	6	1.0	0.0	0.0	0.0	0.5	0.5	7.0	5	1.0	1.0	2.0	1.0	2.0	3.5	15
2026-09-07	OXSQ	1.350000023841858														5.0	5	1.5	1.0	1.0	2.0	0.0	0.5	2.0	5	0.0	0.5	0.0	1.0	0.5	5.0	5
2026-09-07	OXY	60.040000915527344	7.7	10	1.5	1.5	1.0	2.0	2.0	1.5	2.0	2.0	1.0	1.5	1.0	5.4	6	1.5	0.0	1.0	0.0	2.0	2.0	1.0	5	0.0	0.5	0.0	0.5	0.0	7.0	16
2026-09-07	OZ	48.18000030517578														5.0	3	1.0	1.0	1.0	1.0	0.0	2.0	4.0	5	0.0	1.0	0.0	1.0	2.0	5.0	3
2026-09-07	OZK	50.43000030517578	5.2	9	1.0	1.0	1.0	0.5	1.0	1.5	1.0	0.5	1.0	2.0	1.0	5.4	6	0.5	2.0	1.0	0.5	2.0	0.5	4.5	4	1.0	0.5	0.0	1.0	2.0	5.3	15
2026-09-07	P	99.51000213623047	8.6	10	2.0	2.0	1.0	1.5	2.0	1.0	2.0	2.0	1.5	2.0	2.0	5.0	5	1.0	0.0	1.0	2.0	1.0	1.0	4.0	5	1.5	0.5	0.0	1.0	1.0	7.5	15
2026-09-07	P4O.DE	7.179999828338623														4.2	4	0.0	1.0	1.0	1.0	1.0	1.0	2.0	4	0.5	0.5	0.0	0.0	1.0	4.2	4
2026-09-07	P911.DE	44.220001220703125														4.6	5	2.0	1.0	1.0	0.0	1.0	0.5	2.5	4	1.0	0.0	0.0	0.5	1.0	4.6	5
2026-09-07	PAA	25.700000762939453	5.9	10	1.0	1.0	1.0	2.0	2.0	2.0	0.5	0.5	1.0	1.0	1.0	5.0	6	1.0	1.0	1.0	0.0	1.0	2.0	3.5	5	0.0	2.0	0.0	0.5	1.0	5.6	16
2026-09-07	PAALb.CO	721.0														5.8	4	1.5	1.0	1.0	1.0	1.0	1.5	2.5	4	0.5	0.5	0.0	0.5	1.0	5.8	4
2026-09-07	PAAS	51.34000015258789	6.8	8	1.5	2.0	1.0	1.0	1.0	1.0	1.5	1.0	1.5	1.5	2.0	5.0	6	0.0	1.0	1.0	0.0	2.0	2.0	2.0	5	1.5	0.0	0.0	0.0	0.5	6.3	14
2026-09-07	PAC	208.1699981689453	5.5	9	1.0	1.5	1.0	2.0	0.0	2.0	1.0	1.0	2.0	0.5	0.0	6.2	4	1.5	1.0	1.0	1.0	2.0	1.0	3.0	5	0.0	1.5	0.0	1.0	0.5	5.7	13
2026-09-07	PACB	1.350000023841858	4.5	9	1.0	2.0	1.0	0.5	0.0	0.5	1.5	1.0	0.0	1.5	1.0	2.5	5	1.0	0.0	1.0	0.5	0.0	0.5	5.5	4	2.0	1.0	0.0	1.0	1.5	3.9	14
2026-09-07	PACK	4.539999961853027														5.8	4	1.0	1.0	1.0	2.0	0.5	1.5	4.5	5	2.0	0.5	0.0	1.0	1.0	5.8	4
2026-09-07	PAF.L	136.8000030517578	6.4	7	1.5	1.0	1.0	1.0	2.0	2.0	1.0	1.0	2.0	1.5	0.0	6.7	4	1.0	1.0	1.0	1.0	2.0	2.0	1.5	4	0.5	0.0	0.0	0.0	1.0	6.5	11
2026-09-07	PAG	219.77000427246094	6.1	9	1.5	1.0	1.0	0.5	2.0	2.0	1.0	1.0	1.5	2.0	0.0	4.6	6	1.0	0.0	1.0	1.5	1.0	1.0	5.0	5	1.0	1.5	0.0	1.5	1.0	5.6	15
2026-09-07	PAG.L	819.0	7.0	8	1.5	2.0	1.0	1.0	2.0	2.0	1.0	1.0	1.0	2.0	1.0	6.7	4	2.0	1.0	1.0	1.0	2.0	1.0	3.5	4	1.0	0.0	0.0	1.5	1.0	6.9	12
2026-09-07	PAGE.L	215.8000030517578	6.1	7	1.5	0.5	1.0	1.0	2.0	0.5	1.0	1.0	1.0	2.0	2.0	4.2	4	0.0	1.0	1.0	1.0	1.0	1.0	3.5	4	1.0	0.5	0.0	1.0	1.0	5.5	11
2026-09-07	PAGP	27.889999389648438	6.4	10	1.0	0.5	1.0	1.0	2.0	2.0	2.0	0.5	1.0	2.0	1.0	5.0	6	2.0	0.0	1.0	0.0	1.0	2.0	3.5	5	0.0	1.5	0.0	0.5	1.5	6.0	16
2026-09-07	PAGS	9.729999542236328	6.8	9	1.5	2.0	1.0	0.5	1.0	2.0	1.0	1.0	1.0	2.0	2.0	5.4	6	2.0	1.0	1.0	0.5	1.5	0.5	3.5	5	1.5	0.5	0.0	0.0	1.5	6.4	15
2026-09-07	PAH3.DE	29.010000228881836	5.7	8	1.5	2.0	1.0	1.0	1.0	2.0	1.0	1.0	0.5	0.5	1.0	5.4	3	2.0	1.0	1.0	1.0	0.5	1.0	3.0	4	1.0	1.0	0.0	0.0	1.0	5.6	11
2026-09-07	PAHC	38.25	6.8	10	0.5	0.5	1.0	1.0	1.0	2.0	2.0	1.0	2.0	2.0	2.0	4.6	6	1.0	1.0	1.0	0.5	1.0	1.0	3.5	5	0.0	0.5	0.0	1.5	1.5	6.1	16
2026-09-07	PAM	84.80000305175781	7.0	9	1.5	2.0	1.0	2.0	2.0	1.0	2.0	1.0	1.5	0.5	1.0	7.5	6	2.0	2.0	1.0	0.0	2.0	2.0	1.5	5	0.0	0.5	0.0	0.5	0.5	7.1	15
2026-09-07	PAMPALO.HE	9.6899995803833														5.8	5	0.5	1.0	1.0	0.5	2.0	2.0	2.0	4	1.0	0.0	0.0	0.0	1.0	5.8	5
2026-09-07	PANL	8.550000190734863	7.3	9	1.5	2.0	1.0	1.5	2.0	2.0	2.0	1.0	1.0	1.0	1.0	5.8	6	1.5	0.0	1.0	2.0	1.0	1.5	2.5	5	0.5	1.0	0.0	0.5	0.5	6.8	15
2026-09-07	PANR.L	10.760000228881836														4.6	2	1.0	1.0	1.0	1.0	0.5	1.0	3.5	4	1.5	1.0	0.0	0.0	1.0	4.6	2
2026-09-07	PANW	333.260009765625	6.1	10	2.0	2.0	1.0	1.5	1.0	1.0	1.5	1.0	0.5	2.0	0.0	6.2	6	1.0	1.0	1.0	1.5	1.0	2.0	2.5	5	1.0	0.5	0.0	0.0	1.0	6.1	16
2026-09-07	PAR	19.770000457763672	6.6	9	1.5	2.0	1.0	0.0	1.0	2.0	2.0	1.0	0.0	2.0	2.0	7.1	6	2.0	2.0	1.0	2.0	0.0	1.5	4.5	5	1.5	0.5	0.0	0.5	2.0	6.7	15
2026-09-07	PAR.PA	24.799999237060547														3.8	3	1.0	1.0	1.0	1.0	0.0	0.5	2.5	4	0.0	1.0	0.0	0.5	1.0	3.8	3
2026-09-07	PARKEN.CO	210.0														5.8	4	2.0	1.0	1.0	1.0	1.5	0.5	4.0	3	1.0	1.0	0.0	1.0	1.0	5.8	4
2026-09-07	PARKIN.AE	5.900000095367432														6.7	5	0.5	1.0	1.0	2.0	2.0	1.5	3.5	4	0.5	0.5	0.0	1.5	1.0	6.7	5
2026-09-07	PARP.PA	17.700000762939453														3.8	4	0.0	1.0	0.5	1.0	1.0	1.0	5.0	3	0.0	1.0	2.0	1.0	1.0	3.8	4
2026-09-07	PARR	81.31999969482422	7.7	9	2.0	1.0	1.0	0.5	2.0	1.5	2.0	1.0	2.0	2.0	2.0	6.7	6	2.0	0.0	1.0	2.0	1.0	2.0	3.0	5	0.5	1.0	0.0	0.5	1.0	7.4	15
2026-09-07	PARRO.PA	9.369999885559082														5.0	4	0.0	1.0	1.0	1.0	1.0	2.0	1.0	4	0.0	0.0	0.0	0.0	1.0	5.0	4
2026-09-07	PAT.DE	7.090000152587891	6.1	8	1.5	2.0	1.0	1.0	0.0	2.0	2.0	1.0	0.5	0.5	2.0	5.8	4	2.0	1.0	1.0	1.0	1.5	0.5	2.5	4	1.0	0.5	0.0	0.0	1.0	6.0	12
2026-09-07	PAT.PA	24.799999237060547														7.5	4	2.0	1.0	1.0	1.0	2.0	2.0	4.0	3	0.0	0.0	2.0	1.0	1.0	7.5	4
2026-09-07	PATH	15.1899995803833	6.6	10	1.0	1.5	1.0	0.0	2.0	1.5	1.5	0.5	1.5	2.0	2.0	6.7	6	2.0	0.0	1.0	1.5	2.0	1.5	2.5	5	1.0	0.0	1.0	0.0	0.5	6.6	16
2026-09-07	PATK	82.83999633789062	6.6	10	2.0	2.0	1.0	0.0	0.0	2.0	1.5	1.0	1.0	2.0	2.0	4.2	6	0.5	2.0	1.0	0.0	1.0	0.5	5.0	5	1.0	1.5	0.0	1.0	1.5	5.9	16
2026-09-07	PAX	11.140000343322754														5.8	5	1.0	1.0	1.0	0.5	1.5	2.0	3.5	5	0.5	1.5	0.0	0.5	1.0	5.8	5
2026-09-07	PAY.L	615.0														6.2	4	1.5	1.0	1.0	1.0	1.5	1.5	2.5	4	0.0	0.0	0.0	1.5	1.0	6.2	4
2026-09-07	PAY.US	36.189998626708984	6.8	9	1.0	0.5	1.0	1.0	2.0	2.0	2.0	1.0	1.5	2.0	1.0	5.8	6	0.0	1.0	1.0	2.0	1.0	2.0	2.0	5	1.5	0.0	0.0	0.0	0.5	6.5	15
2026-09-07	PAYC	231.6699981689453	6.8	10	1.5	1.0	1.0	1.0	2.0	1.5	1.5	0.5	2.0	2.0	1.0	6.2	6	1.5	0.0	1.0	2.0	2.0	1.0	4.0	5	0.5	1.5	0.0	1.5	0.5	6.6	16
2026-09-07	PAYO	7.170000076293945	6.8	9	1.0	1.0	1.0	1.0	2.0	2.0	2.0	1.0	1.0	2.0	1.0	5.8	6	0.0	2.0	1.0	2.0	1.0	1.0	4.0	5	1.0	2.0	0.0	0.0	1.0	6.5	15
2026-09-07	PAYP	17.040000915527344	6.1	9	2.0	2.0	1.0	2.0	1.5	1.5	0.5	1.0	2.0	0.0	0.0	6.7	6	1.0	0.0	1.0	2.0	2.0	2.0	4.5	4	1.0	0.0	1.0	1.5	1.0	6.3	15
2026-09-07	PAYS	13.449999809265137	6.8	9	2.0	1.0	1.0	1.5	2.0	1.5	0.5	1.0	2.0	1.5	1.0	5.4	6	0.0	0.0	1.0	2.0	1.5	2.0	3.0	5	1.0	1.5	0.0	0.0	0.5	6.4	15
2026-09-07	PAYX	121.70999908447266	5.7	9	1.0	1.0	1.0	1.0	2.0	1.5	1.0	0.0	1.0	2.0	1.0	5.8	6	1.0	0.0	1.0	1.5	2.0	1.5	4.0	4	1.0	0.5	0.0	1.0	1.5	5.7	15
2026-09-07	PB	72.80999755859375	6.1	9	1.0	1.5	1.0	1.5	1.0	1.5	1.5	0.5	1.0	2.0	1.0	7.1	6	0.0	2.0	1.0	1.5	2.0	2.0	3.0	4	0.5	0.5	0.0	1.0	1.0	6.4	15
2026-09-07	PBA	48.40999984741211	5.7	9	1.5	1.5	1.0	1.0	1.0	2.0	0.5	1.5	1.0	1.5	0.0	5.4	6	1.0	0.0	1.0	0.5	2.0	2.0	5.0	5	0.5	0.5	1.0	1.0	2.0	5.6	15
2026-09-07	PBEE.L	138.0	5.9	7	2.0	2.0	1.0	1.0	1.0	0.0	1.0	1.0	2.0	1.0	1.0	5.4	4	0.5	1.0	0.0	1.0	2.0	2.0	3.0	4	0.0	0.0	2.0	0.0	1.0	5.8	11
2026-09-07	PBF	74.33999633789062	5.9	9	1.0	0.5	1.0	0.5	2.0	0.5	2.0	1.0	1.5	2.0	1.0	7.5	6	2.0	1.0	1.0	2.0	1.0	2.0	3.0	5	0.0	1.5	0.0	0.5	1.0	6.4	15
2026-09-07	PBH	52.2599983215332	6.1	9	1.5	2.0	1.0	0.5	1.0	2.0	0.5	1.0	1.0	2.0	1.0	5.8	6	1.0	2.0	1.0	0.5	1.5	1.0	3.0	5	0.0	0.5	0.0	1.0	1.5	6.0	15
2026-09-07	PBH.NV	3.4200000762939453														4.2	3	0.5	1.0	1.0	1.0	0.5	1.0	2.0	4	0.5	0.5	0.0	0.0	1.0	4.2	3
2026-09-07	PBI	17.399999618530273	6.1	8	1.0	0.5	1.0	2.0	1.0	2.0	2.0	1.0	1.0	2.0	0.0	4.6	6	2.0	0.0	1.0	0.5	1.5	0.5	3.5	4	1.5	1.0	0.0	1.0	0.0	5.6	14
2026-09-07	PBLS	40.41999816894531	6.4	8	2.0	1.0	1.0	1.5	1.5	2.0	0.0	1.0	1.0	2.0	1.0	4.6	2	1.0	1.0	1.0	1.0	0.5	1.0	4.5	4	1.0	1.5	0.0	0.0	2.0	5.9	10
2026-09-07	PBR	20.1200008392334	6.4	8	1.5	1.5	1.0	1.0	2.0	2.0	1.5	1.0	2.0	0.5	0.0	5.0	6	0.0	1.0	1.0	0.0	2.0	2.0	2.0	5	0.0	1.0	0.0	0.5	0.5	6.0	14
2026-09-07	PBR.A		6.1	3	1.5	2.0	1.0	1.0	1.0	2.0	1.0	1.0	1.0	1.0	1.0	5.0	1	1.0	1.0	1.0	1.0	1.0	1.0								5.8	4
2026-09-07	PBYI	9.550000190734863	7.0	9	1.0	0.0	1.0	1.0	2.0	2.0	2.0	1.0	1.5	2.0	2.0	4.6	5	1.0	0.0	1.0	1.0	1.5	1.0	5.0	5	1.5	1.5	0.0	0.0	2.0	6.3	14
2026-09-07	PCA.L	187.0														5.0	3	1.0	1.0	1.0	1.0	2.0	0.0	4.0	3	0.0	0.0	2.0	1.0	1.0	5.0	3
2026-09-07	PCAR	124.69999694824219	6.4	10	1.5	1.5	1.0	1.5	1.0	1.5	1.0	1.0	1.0	2.0	1.0	6.2	6	1.5	1.0	1.0	2.0	1.0	1.0	2.5	5	1.0	0.5	0.0	0.5	0.5	6.3	16
2026-09-07	PCG	14.300000190734863	5.7	10	1.0	2.0	1.0	2.0	0.0	1.0	1.5	0.0	1.0	2.0	1.0	6.2	6	2.0	2.0	1.0	0.0	1.5	1.0	2.0	5	0.0	0.5	0.0	1.5	0.0	5.8	16
2026-09-07	PCOR	58.0099983215332	6.6	10	2.0	1.5	1.0	0.5	2.0	1.5	2.0	1.0	0.0	2.0	1.0	4.6	5	1.0	1.0	1.0	0.5	0.5	1.5	1.5	5	0.5	0.0	0.0	0.0	1.0	6.0	15
2026-09-07	PCRX	26.350000381469727	5.7	9	1.5	2.0	1.0	0.0	2.0	1.0	0.5	1.0	0.5	2.0	1.0	3.3	6	0.0	1.0	1.0	0.0	1.0	1.0	3.5	5	0.0	1.0	0.0	0.5	2.0	5.0	15
2026-09-07	PCT.US	6.389999866485596	5.5	9	1.5	2.0	1.0	0.0	0.0	1.0	1.5	1.0	0.0	2.0	2.0	5.8	5	1.0	1.0	1.0	1.5	0.5	2.0	6.5	5	2.0	1.0	0.0	1.5	2.0	5.6	14
2026-09-07	PCTN.L	72.0														6.2	4	1.5	1.0	1.0	1.0	2.0	1.0	2.5	4	0.0	1.0	0.0	0.5	1.0	6.2	4
2026-09-07	PCTY	152.25	6.8	10	1.5	1.5	1.0	1.0	2.0	1.0	2.0	0.5	1.5	2.0	1.0	7.5	6	1.5	2.0	1.0	1.5	1.5	1.5	1.5	5	0.0	0.5	0.0	0.0	1.0	7.0	16
2026-09-07	PCVX	61.15999984741211	5.7	10	2.0	2.0	1.0	0.5	2.0	1.0	0.0	1.0	0.0	2.0	1.0	5.8	4	1.0	2.0	1.0	1.5	0.5	1.0	4.5	5	1.5	1.0	0.0	0.0	2.0	5.7	14
2026-09-07	PCYO	11.1899995803833														6.7	4	1.0	1.0	1.0	1.0	2.0	2.0	3.0	5	1.5	0.0	0.0	0.0	1.5	6.7	4
2026-09-07	PCZ.DE	8.890000343322754	6.4	6	1.5	2.0	1.0	1.0	2.0	2.0	1.0	1.0	1.0	0.5	1.0	6.2	4	2.0	1.0	1.0	1.0	1.5	1.0	4.0	3	1.5	0.5	0.0	1.0	1.0	6.3	10
2026-09-07	PD	13.619999885559082	6.8	9	1.0	0.5	1.0	0.5	2.0	1.0	2.0	1.0	2.0	2.0	2.0	7.9	6	2.0	2.0	1.0	1.5	2.0	1.0	4.5	5	1.0	0.5	0.0	1.5	1.5	7.1	15
2026-09-07	PDA0.DE	2.0														5.4	3	1.0	1.0	1.0	1.0	0.5	2.0	4.5	3	0.0	1.5	1.0	1.0	1.0	5.4	3
2026-09-07	PDD	82.20999908447266	5.9	10	1.5	2.0	1.0	1.5	0.0	1.0	0.5	1.0	1.5	1.0	2.0	7.9	6	2.0	2.0	1.0	1.5	2.0	1.0	2.0	5	0.0	1.0	0.0	0.0	1.0	6.5	16
2026-09-07	PDFS	45.650001525878906	6.4	10	2.0	2.0	1.0	1.0	1.0	1.5	2.0	0.0	0.5	2.0	1.0	4.6	6	0.0	0.0	1.0	2.0	1.0	1.5	2.5	5	1.5	0.0	0.0	0.0	1.0	5.9	16
2026-09-07	PDL.L	6.860000133514404														3.3	3	1.0	1.0	1.0	1.0	0.0	0.0	3.0	3	0.0	1.0	0.0	1.0	1.0	3.3	3
2026-09-07	PDLB	20.719999313354492														6.7	4	1.5	1.0	1.0	1.0	2.0	1.5	4.0	4	0.5	1.5	0.0	1.0	1.0	6.7	4
2026-09-07	PDM	9.680000305175781	5.9	9	1.5	1.5	1.0	1.0	2.0	2.0	0.0	1.0	0.0	2.0	1.0	2.5	5	0.0	0.0	1.0	1.0	0.0	1.0	5.5	5	1.5	1.0	0.0	1.5	1.5	4.9	14
2026-09-07	PDN.ASX	11.710000038146973	5.7	8	1.5	1.5	1.0	1.0	2.0	0.5	1.0	1.5	0.0	1.5	1.0	5.0	4	0.0	1.0	1.0	1.0	1.0	2.0	2.5	4	1.5	0.0	0.0	0.0	1.0	5.5	12
2026-09-07	PDSB	0.2199999988079071	4.8	9	1.5	2.0	1.0	1.5	0.0	2.0	1.0	1.0	0.0	0.5	0.0	5.4	3	1.0	1.0	1.0	2.0	0.5	1.0	4.5	4	1.5	2.0	0.0	1.0	0.0	5.0	12
2026-09-07	PEABb.ST	100.5														5.0	5	0.0	1.0	1.0	2.0	1.0	1.0	4.5	4	1.5	1.0	0.0	1.0	1.0	5.0	5
2026-09-07	PEB	18.030000686645508	3.9	9	1.0	1.0	1.0	0.5	1.0	1.0	0.0	1.0	0.0	2.0	0.0	2.9	6	0.5	1.0	1.0	0.0	0.5	0.5	5.0	5	1.5	1.0	0.0	1.0	1.5	3.6	15
2026-09-07	PEBO	39.9900016784668	7.0	8	1.5	1.5	1.0	1.5	2.0	2.0	1.5	1.0	1.0	1.5	1.0	8.3	6	1.5	2.0	1.0	2.0	2.0	1.5	3.5	4	0.5	1.0	0.0	1.0	1.0	7.4	14
2026-09-07	PECO	38.959999084472656	7.3	10	1.5	1.5	1.0	1.5	1.0	2.0	1.5	1.0	1.0	2.0	2.0	3.3	6	0.5	0.0	1.0	0.0	1.5	1.0	2.0	5	0.0	0.0	0.0	1.0	1.0	6.1	16
2026-09-07	PEG	73.69999694824219	5.9	9	1.5	1.5	1.0	1.5	0.0	2.0	1.5	1.0	1.0	2.0	0.0	5.8	6	0.5	2.0	1.0	1.5	1.5	0.5	4.0	5	0.5	1.5	0.0	1.0	1.0	5.9	15
2026-09-07	PEGA	37.36000061035156	5.2	10	1.5	1.5	1.0	0.5	1.0	0.5	1.0	0.0	2.0	1.5	1.0	3.3	6	0.5	0.0	1.0	0.0	1.5	1.0	2.5	5	1.0	0.5	0.0	0.0	1.0	4.6	16
2026-09-07	PEN	322.1700134277344	6.1	9	1.0	1.5	1.0	1.0	1.0	2.0	1.0	1.0	1.0	2.0	1.0	4.6	6	0.5	1.0	1.0	0.0	1.5	1.5	2.0	5	0.5	0.5	0.0	0.0	1.0	5.6	15
2026-09-07	PENG	51.7599983215332	7.0	9	1.5	2.0	1.0	0.5	1.0	1.0	2.0	1.0	1.5	2.0	2.0	5.4	6	0.5	0.0	1.0	2.0	1.0	2.0	3.0	5	2.0	0.0	0.0	0.5	0.5	6.5	15
2026-09-07	PENN	17.06999969482422	5.7	9	1.5	2.0	1.0	0.5	1.0	1.5	2.0	1.0	0.0	2.0	0.0	4.6	6	1.5	2.0	1.0	0.0	0.0	1.0	4.5	5	1.5	0.0	0.0	2.0	1.0	5.4	15
2026-09-07	PEP	137.6300048828125	6.1	10	1.5	1.5	1.0	2.0	0.0	1.5	1.0	1.0	2.0	2.0	0.0	5.8	6	1.5	2.0	1.0	0.0	1.5	1.0	3.5	5	0.0	1.0	0.0	1.5	1.0	6.0	16
2026-09-07	PERI	9.3100004196167	6.6	9	1.5	2.0	1.0	1.5	0.0	2.0	2.0	1.0	0.0	1.5	2.0	5.0	6	2.0	2.0	1.0	0.0	0.5	0.5	2.0	5	1.0	0.0	0.0	0.0	1.0	6.1	15
2026-09-07	PERR.PA	80.80000305175781														5.0	4	1.0	1.0	1.0	1.0	1.0	1.0	2.0	4	0.5	0.0	0.0	0.5	1.0	5.0	4
2026-09-07	PESI	18.700000762939453	6.1	9	1.5	2.0	1.0	0.5	2.0	2.0	0.0	1.0	0.0	1.5	2.0	5.0	5	1.0	2.0	1.0	2.0	0.0	0.0	2.0	5	0.0	1.0	0.0	0.0	1.0	5.8	14
2026-09-07	PETS.L	215.8000030517578	6.8	8	1.5	2.0	1.0	1.0	2.0	2.0	1.0	1.5	1.0	2.0	0.0	4.6	4	1.0	1.0	1.0	1.0	1.0	0.5	3.0	4	1.0	0.5	0.0	0.5	1.0	6.1	12
2026-09-07	PETS.US	1.809999942779541														3.3	5	1.0	1.0	1.0	1.0	0.0	0.0	3.0	5	0.5	1.5	0.0	0.0	1.0	3.3	5
2026-09-07	PEUG.PA	56.70000076293945														5.8	3	1.0	1.0	1.0	1.0	2.0	1.0	3.5	4	1.0	1.5	0.0	0.0	1.0	5.8	3
2026-09-07	PFBC	103.5199966430664	6.4	8	1.0	1.5	1.0	0.5	1.0	2.0	1.5	1.0	1.5	2.0	1.0	7.5	6	2.0	2.0	1.0	1.0	2.0	1.0	4.0	4	0.5	0.5	0.0	1.0	2.0	6.7	14
2026-09-07	PFD.L	195.39999389648438	5.7	7	1.5	1.5	1.0	1.0	1.0	2.0	1.0	1.0	1.0	1.5	0.0	5.8	4	1.5	1.0	1.0	1.0	1.5	1.0	2.0	4	0.5	0.5	0.0	0.0	1.0	5.7	11
2026-09-07	PFE	28.450000762939453	6.8	10	1.5	1.0	1.0	1.5	2.0	1.5	2.0	1.0	1.0	1.5	1.0	4.6	6	0.5	2.0	1.0	0.0	1.0	1.0	2.5	5	0.0	1.0	0.0	0.5	1.0	6.1	16
2026-09-07	PFG	116.68000030517578	6.6	10	1.0	0.5	1.0	1.5	2.0	1.5	1.0	1.0	1.0	2.0	2.0	5.0	6	1.5	0.0	1.0	1.5	1.0	1.0	3.5	5	1.0	1.0	0.0	0.5	1.0	6.1	16
2026-09-07	PFGC	98.62999725341797	7.0	10	2.0	2.0	1.0	1.5	1.0	2.0	0.5	0.5	1.0	2.0	2.0	6.2	6	2.0	2.0	1.0	0.5	1.0	1.0	3.0	5	1.0	0.0	0.0	1.5	0.5	6.8	16
2026-09-07	PFIS	71.83000183105469														6.7	5	1.5	1.0	1.0	1.5	2.0	1.0	4.0	4	0.5	1.5	0.0	1.0	1.0	6.7	5
2026-09-07	PFLT	7.389999866485596	5.9	9	2.0	2.0	1.0	1.5	1.0	2.0	0.5	1.0	0.5	0.5	1.0	5.8	5	2.0	1.0	1.0	0.5	1.5	1.0	4.0	5	0.5	1.0	0.0	1.5	1.0	5.9	14
2026-09-07	PFS	23.719999313354492	6.4	8	1.5	1.5	1.0	1.0	1.0	1.5	1.5	1.0	1.0	2.0	1.0	7.5	6	1.0	2.0	1.0	2.0	2.0	1.0	3.0	4	0.5	0.5	0.0	1.0	1.0	6.7	14
2026-09-07	PFSI	73.29000091552734	4.8	9	1.5	2.0	1.0	1.0	0.0	1.5	0.0	1.0	1.0	1.5	0.0	4.2	6	1.5	0.0	1.0	0.0	1.5	1.0	6.5	5	1.5	2.0	0.0	2.0	1.0	4.6	15
2026-09-07	PFV.DE	164.8000030517578														5.0	4	1.0	1.0	1.0	1.0	1.0	1.0	2.0	4	0.5	0.0	0.0	0.5	1.0	5.0	4
2026-09-07	PG	146.44000244140625	6.6	10	1.5	1.5	1.0	2.0	0.0	2.0	1.5	1.0	2.0	2.0	0.0	5.4	6	0.5	2.0	1.0	0.5	1.5	1.0	2.0	5	0.0	0.5	0.0	0.5	1.0	6.2	16
2026-09-07	PGC	46.380001068115234	7.7	8	2.0	2.0	1.0	1.5	2.0	2.0	1.5	1.0	1.0	2.0	1.0	5.4	6	2.0	0.0	1.0	0.0	1.5	2.0	3.5	4	0.5	1.0	0.0	1.0	1.0	7.0	14
2026-09-07	PGH.L	400.0	6.8	7	1.5	1.5	1.0	1.0	2.0	2.0	1.0	1.0	1.5	0.5	2.0	5.4	3	1.0	1.0	1.0	1.0	1.5	1.0	2.0	4	0.0	1.0	0.0	0.0	1.0	6.4	10
2026-09-07	PGHN.ZU	679.0	5.0	8	1.0	1.5	1.0	1.0	0.0	1.5	1.0	0.0	2.0	1.0	1.0	5.0	4	0.5	1.0	1.0	1.0	2.0	0.5	5.0	4	1.0	1.5	0.0	1.5	1.0	5.0	12
2026-09-07	PGN.DE	1.475000023841858														3.3	4	0.5	1.0	1.0	1.0	0.5	0.0	5.0	3	0.5	0.5	2.0	1.0	1.0	3.3	4
2026-09-07	PGNY	25.940000534057617	7.0	10	1.5	2.0	1.0	1.0	1.0	1.5	2.0	0.0	1.5	2.0	2.0	5.0	6	0.5	2.0	1.0	0.5	1.0	1.0	2.0	5	1.0	0.0	0.0	0.0	1.0	6.4	16
2026-09-07	PGR	218.9499969482422	6.6	10	1.5	1.5	1.0	2.0	2.0	1.0	0.5	1.0	2.0	2.0	0.0	5.4	6	0.0	1.0	1.0	2.0	1.5	1.0	0.5	5	0.0	0.0	0.0	0.0	0.5	6.2	16
2026-09-07	PGY	22.979999542236328	7.0	10	2.0	2.0	1.0	0.5	2.0	1.5	2.0	1.0	1.5	1.0	1.0	7.9	6	2.0	2.0	1.0	2.0	1.0	1.5	4.0	5	2.0	0.0	0.0	1.0	1.0	7.3	16
2026-09-07	PH	962.5900268554688	7.7	10	2.0	2.0	1.0	2.0	1.0	1.5	1.5	1.0	2.0	2.0	1.0	5.8	6	0.5	2.0	1.0	1.0	1.5	1.0	2.0	5	1.0	0.0	0.0	0.5	0.5	7.1	16
2026-09-07	PHAR.L	29.700000762939453														2.9	4	0.0	1.0	1.0	1.0	0.5	0.0	2.5	3	0.0	0.5	0.0	1.0	1.0	2.9	4
2026-09-07	PHARM.NV	0.968999981880188														3.8	4	0.0	1.0	1.0	1.0	1.0	0.5	2.5	4	0.0	1.0	0.0	0.5	1.0	3.8	4
2026-09-07	PHAT	9.5	6.8	9	2.0	2.0	1.0	0.5	0.0	1.5	2.0	1.0	1.0	2.0	2.0	3.3	5	1.0	0.0	1.0	0.0	0.0	2.0	4.0	4	0.5	1.0	0.0	1.0	1.5	5.8	14
2026-09-07	PHE.L	0.20999999344348907														5.0	3	1.0	1.0	1.0	1.0	0.0	2.0	4.0	4	1.5	1.5	0.0	0.0	1.0	5.0	3
2026-09-07	PHG	25.889999389648438														5.0	5	2.0	1.0	1.0	0.0	1.0	1.0	2.5	5	1.0	0.5	0.0	0.5	0.5	5.0	5
2026-09-07	PHI	18.200000762939453														5.0	4	0.5	1.0	1.0	1.0	1.5	1.0	4.0	5	0.0	1.0	0.0	2.0	1.0	5.0	4
2026-09-07	PHIA.NV	22.350000381469727	5.5	8	1.0	1.5	1.0	1.0	0.0	1.5	2.0	1.0	1.0	1.0	1.0	5.0	5	2.0	1.0	1.0	0.0	1.0	1.0	3.0	4	1.0	0.5	0.0	0.5	1.0	5.3	13
2026-09-07	PHIN	69.04000091552734	6.8	9	1.5	2.0	1.0	0.5	0.0	2.0	2.0	1.0	1.0	2.0	2.0	3.8	6	1.0	0.0	1.0	0.5	1.0	1.0	3.0	5	1.0	0.0	0.0	0.5	1.5	5.9	15
2026-09-07	PHM	124.44999694824219	5.9	10	1.5	1.5	1.0	1.0	0.0	1.5	1.0	1.5	1.0	2.0	1.0	5.8	6	1.5	2.0	1.0	0.5	1.5	0.5	2.5	5	1.5	0.0	0.0	0.0	1.0	5.9	16
2026-09-07	PHM.MC	83.44999694824219	6.6	7	1.5	1.5	1.0	1.0	2.0	2.0	1.0	1.0	1.5	0.0	2.0	5.0	5	2.0	1.0	1.0	0.0	2.0	0.0	1.0	4	0.0	0.0	0.0	0.0	1.0	6.1	12
2026-09-07	PHP.L	94.55000305175781	5.5	7	1.5	2.0	1.0	1.0	0.0	2.0	1.0	1.0	1.0	1.5	0.0	6.7	4	1.0	1.0	1.0	1.0	2.0	2.0	3.0	4	0.5	0.5	0.0	1.0	1.0	5.9	11
2026-09-07	PHR	10.9399995803833	6.4	10	1.5	2.0	1.0	1.0	0.0	1.0	2.0	1.0	0.5	2.0	2.0	4.2	6	0.0	0.0	1.0	1.5	1.0	1.5	3.0	5	1.0	1.0	0.0	0.0	1.0	5.7	16
2026-09-07	PHR.LS	0.09049999713897705														5.0	3	1.5	1.0	1.0	1.0	0.5	1.0	3.5	3	0.0	1.5	0.0	1.0	1.0	5.0	3
2026-09-07	PHUN	2.0799999237060547														5.4	3	1.0	1.0	1.0	1.0	0.5	2.0	3.5	5	2.0	0.5	0.0	0.0	1.0	5.4	3
2026-09-07	PHVS	35.25	6.4	10	2.0	2.0	1.0	1.5	2.0	1.0	0.5	1.0	0.0	2.0	1.0	4.6	4	1.0	2.0	1.0	0.0	0.5	1.0	4.0	5	2.0	1.0	0.0	0.0	1.0	5.9	14
2026-09-07	PI	172.57000732421875	6.1	10	2.0	1.5	1.0	0.5	2.0	1.0	1.5	1.0	0.0	2.0	1.0	6.7	5	1.0	2.0	1.0	2.0	0.5	1.5	4.5	5	2.0	0.0	0.0	1.0	1.5	6.3	15
2026-09-07	PICS	11.460000038146973	6.1	8	1.5	2.0	1.0	1.5	0.5	2.0	2.0	1.0	1.0	1.0	0.0	7.5	5	2.0	1.0	1.0	2.0	1.0	2.0	3.0	4	1.0	0.5	0.0	0.5	1.0	6.5	13
2026-09-07	PIG.PA	2.2200000286102295														3.3	4	0.0	1.0	1.0	1.0	0.5	0.5	3.5	4	1.0	0.0	0.0	1.5	1.0	3.3	4
2026-09-07	PIHLIS.HE	10.9399995803833														4.2	5	2.0	1.0	1.0	0.0	1.0	0.0	4.5	4	0.0	1.0	1.0	1.5	1.0	4.2	5
2026-09-07	PII	62.52000045776367	5.5	10	1.0	1.5	1.0	0.5	0.0	2.0	2.0	1.0	0.0	2.0	1.0	2.5	6	0.5	0.0	1.0	0.0	0.5	1.0	4.0	5	1.5	0.0	0.0	1.5	1.0	4.6	16
2026-09-07	PIII	9.350000381469727	4.5	9	1.5	2.0	1.0	2.0	1.0	1.0	0.5	1.0	0.0	0.0	0.0	3.8	4	1.0	1.0	1.0	0.0	0.5	1.0	2.5	5	1.5	0.0	0.0	1.0	0.0	4.3	13
2026-09-07	PIN.L	392.5														4.6	2	0.5	1.0	1.0	1.0	1.0	1.0	3.5	2	1.0	0.5	0.0	1.0	1.0	4.6	2
2026-09-07	PINE	19.649999618530273	5.7	9	1.5	1.5	1.0	1.5	1.0	2.0	0.0	1.0	0.5	1.5	1.0	5.8	6	0.0	1.0	1.0	2.0	1.0	2.0	2.5	5	0.5	0.5	0.0	1.0	0.5	5.7	15
2026-09-07	PINE.L	449.5	7.3	7	1.5	1.5	1.0	1.0	1.5	2.0	1.0	1.0	2.0	1.5	2.0	6.7	3	2.0	1.0	1.0	1.0	2.0	1.0	2.0	4	0.5	0.5	0.0	0.0	1.0	7.1	10
2026-09-07	PINS	20.399999618530273	5.7	10	1.5	2.0	1.0	0.5	0.0	1.0	1.5	1.0	1.0	2.0	1.0	7.9	6	2.0	2.0	1.0	2.0	1.0	1.5	3.0	5	1.0	0.5	0.0	0.5	1.0	6.4	16
2026-09-07	PIPR	77.04000091552734	7.7	9	1.0	2.0	1.0	1.5	1.0	2.0	2.0	1.0	1.5	2.0	2.0	5.0	6	1.5	0.0	1.0	0.0	1.5	2.0	3.0	5	1.5	0.5	0.0	0.0	1.0	6.9	15
2026-09-07	PIRC.MI	6.59499979019165	5.7	8	1.5	1.5	1.0	1.0	1.0	2.0	1.0	1.0	1.0	0.5	1.0	5.4	4	1.5	1.0	1.0	1.0	1.0	1.0	3.0	4	1.0	0.5	0.0	0.5	1.0	5.6	12
2026-09-07	PITEF	9.999999747378752e-05														4.6	2	1.0	1.0	1.0	1.0	0.5	1.0	5.0	4	2.0	2.0	0.0	1.0	0.0	4.6	2
2026-09-07	PJT	182.72999572753906	8.0	9	1.5	1.0	1.0	1.0	2.0	2.0	2.0	1.0	2.0	2.0	2.0	6.2	6	1.0	1.0	1.0	1.5	1.5	1.5	3.5	5	1.0	1.0	0.0	0.5	1.0	7.5	15
2026-09-07	PK	15.260000228881836	4.3	10	1.0	1.0	1.0	0.0	2.0	1.0	0.0	1.5	0.0	2.0	0.0	4.6	5	2.0	1.0	1.0	0.0	0.5	1.0	5.0	5	1.5	1.0	0.0	1.0	1.5	4.4	15
2026-09-07	PKE	31.280000686645508	7.0	9	1.5	2.0	1.0	1.0	1.0	2.0	2.0	1.0	1.0	2.0	1.0	5.4	5	1.5	0.0	1.0	1.0	1.5	1.5	1.0	5	0.0	0.0	0.0	0.0	1.0	6.5	14
2026-09-07	PKG	237.25	7.0	9	1.5	1.5	1.0	1.5	1.0	2.0	1.0	1.0	1.0	2.0	2.0	6.2	6	1.0	2.0	1.0	1.0	1.0	1.5	3.0	5	0.5	0.5	0.0	1.0	1.0	6.8	15
2026-09-07	PKOH	46.47999954223633	7.3	9	1.5	2.0	1.0	1.5	2.0	2.0	0.5	1.0	1.0	1.5	2.0	5.0	6	1.5	0.0	1.0	1.5	1.0	1.0	4.5	5	1.5	1.0	0.0	1.5	0.5	6.6	15
2026-09-07	PKX	62.7400016784668														5.8	4	2.0	1.0	1.0	1.0	1.0	1.0	2.5	5	1.5	0.0	0.0	0.5	0.5	5.8	4
2026-09-07	PL	18.1200008392334	6.1	9	1.5	2.0	1.0	1.0	0.0	1.0	2.0	1.0	0.0	2.0	2.0	2.5	5	1.0	0.0	0.0	0.0	0.0	2.0	6.5	5	2.0	0.5	2.0	1.0	1.0	5.0	14
2026-09-07	PLAB	29.1299991607666	6.4	9	1.5	2.0	1.0	0.5	0.0	2.0	2.0	1.0	1.0	2.0	1.0	5.0	6	0.5	0.0	1.0	2.0	1.5	1.0	3.0	5	1.5	0.5	0.0	0.0	1.0	6.0	15
2026-09-07	PLAY	8.720000267028809	4.3	9	1.5	2.0	1.0	0.0	0.0	2.0	0.0	1.0	0.0	2.0	0.0	3.3	5	1.0	1.0	1.0	0.0	0.5	0.5	7.0	5	2.0	2.0	0.0	2.0	1.0	4.0	14
2026-09-07	PLCE	2.809999942779541	5.0	8	1.0	2.0	1.0	0.0	1.0	2.0	0.0	1.0	1.0	2.0	0.0	3.3	6	1.5	1.0	1.0	0.0	0.5	0.0	6.0	4	2.0	1.0	0.0	1.0	2.0	4.5	14
2026-09-07	PLD	137.33999633789062	7.0	10	1.5	1.5	1.0	2.0	1.0	2.0	2.0	1.5	1.0	2.0	0.0	6.7	6	0.0	2.0	1.0	1.5	2.0	1.5	2.5	5	1.5	0.0	0.0	0.5	0.5	6.9	16
2026-09-07	PLGO	25.31999969482422	6.4	9	1.0	1.0	1.0	1.5	2.0	1.5	0.5	1.0	1.5	2.0	1.0	7.1	6	2.0	1.0	1.0	1.5	1.5	1.5	3.0	5	0.0	1.0	0.0	0.5	1.5	6.6	15
2026-09-07	PLMR	136.5800018310547	7.5	9	2.0	1.5	1.0	1.5	2.0	2.0	2.0	1.0	1.5	2.0	0.0	5.8	6	1.0	0.0	1.0	1.5	1.5	2.0	1.5	5	0.0	0.5	0.0	0.5	0.5	7.0	15
2026-09-07	PLNT	50.869998931884766	6.1	8	1.5	2.0	1.0	0.5	0.0	1.0	1.5	1.0	1.0	2.0	2.0	6.7	6	2.0	1.0	1.0	1.5	1.5	1.0	4.0	4	1.0	1.0	0.0	1.0	1.0	6.3	14
2026-09-07	PLNW.PA	24.5	6.8	7	1.0	1.5	1.0	1.0	2.0	2.0	1.0	1.0	2.0	0.5	2.0	5.8	4	0.5	1.0	1.0	1.0	2.0	1.5	3.0	4	1.0	1.0	0.0	0.0	1.0	6.5	11
2026-09-07	PLOW	42.29999923706055	7.5	9	1.0	1.5	1.0	1.5	1.0	2.0	2.0	1.0	1.5	2.0	2.0	6.2	6	2.0	0.0	1.0	2.0	1.0	1.5	3.0	5	1.5	0.0	0.0	1.0	0.5	7.1	15
2026-09-07	PLPC	398.45001220703125	8.0	9	1.5	2.0	1.0	1.0	2.0	2.0	2.0	1.0	1.0	2.0	2.0	5.0	6	0.0	0.0	1.0	2.0	1.0	2.0	2.0	5	1.0	0.5	0.0	0.0	0.5	7.1	15
2026-09-07	PLRX	1.159999966621399	5.9	9	1.0	2.0	1.0	1.5	1.0	1.0	1.5	1.0	0.0	2.0	1.0	3.3	4	1.0	0.0	1.0	0.5	0.5	1.0	3.5	5	1.5	1.0	0.0	0.0	1.0	5.1	13
2026-09-07	PLS.ASX	4.929999828338623	5.7	7	1.5	1.5	1.0	1.0	1.0	1.0	1.0	1.0	1.0	1.5	1.0	6.2	4	0.5	1.0	1.0	1.0	2.0	2.0	2.0	4	0.5	0.0	0.0	0.5	1.0	5.8	11
2026-09-07	PLSE	53.2400016784668	4.8	9	2.0	0.5	1.0	0.5	1.5	1.0	1.5	1.0	0.0	0.5	1.0	3.8	4	1.0	1.0	1.0	0.0	0.5	1.0	4.5	5	1.5	1.5	0.0	0.0	1.5	4.5	13
2026-09-07	PLTK	2.200000047683716	4.3	9	1.5	2.0	1.0	1.0	0.0	0.0	1.0	0.5	1.0	0.5	1.0	2.9	6	1.0	0.0	1.0	0.0	0.5	1.0	4.5	4	1.0	1.5	0.0	1.0	1.0	3.9	15
2026-09-07	PLTR	174.3300018310547	7.0	10	1.5	1.5	1.0	1.5	2.0	0.5	2.0	1.0	2.0	1.5	1.0	7.5	6	1.0	1.0	1.0	2.0	2.0	2.0	2.5	5	1.5	0.5	0.0	0.0	0.5	7.1	16
2026-09-07	PLTR.EUR	174.3300018310547	7.0	10	1.5	1.5	1.0	1.5	2.0	0.5	2.0	1.0	2.0	1.5	1.0	7.5	6	1.0	1.0	1.0	2.0	2.0	2.0	2.5	5	1.5	0.5	0.0	0.0	0.5	7.1	16
2026-09-07	PLUG	2.1700000762939453	4.3	9	1.0	2.0	1.0	0.0	0.0	0.0	0.5	1.0	0.0	2.0	2.0	5.0	6	2.0	0.0	1.0	2.0	0.0	1.0	5.0	5	2.0	0.5	0.0	1.5	1.0	4.5	15
2026-09-07	PLUS	92.0999984741211														5.0	5	1.5	1.0	1.0	0.5	1.0	1.0	2.5	5	1.0	0.5	0.0	0.0	1.0	5.0	5
2026-09-07	PLUS.L	3694.0	6.1	7	1.5	1.5	1.0	1.0	0.0	1.0	1.0	1.0	2.0	1.5	2.0	6.7	4	1.5	1.0	1.0	1.0	2.0	1.5	1.5	4	0.0	0.5	0.0	0.0	1.0	6.3	11
2026-09-07	PLX	2.6700000762939453														6.2	5	1.5	1.0	1.0	0.0	2.0	2.0	1.5	5	0.0	0.5	0.0	0.0	1.0	6.2	5
2026-09-07	PLX.PA	15.710000038146973	5.7	7	1.0	0.0	1.0	1.0	2.0	2.0	1.0	1.0	2.0	0.5	1.0	5.8	4	1.5	1.0	1.0	1.0	1.5	1.0	4.0	4	0.5	0.5	0.0	2.0	1.0	5.7	11
2026-09-07	PLXS	245.97999572753906	7.3	9	2.0	2.0	1.0	1.5	1.0	2.0	1.5	1.0	1.0	2.0	1.0	6.7	6	1.0	1.0	1.0	2.0	1.0	2.0	2.0	5	1.0	0.5	0.0	0.0	0.5	7.1	15
2026-09-07	PM	182.52999877929688	6.8	8	2.0	1.5	1.0	2.0	1.0	2.0	1.5	1.0	1.0	2.0	0.0	6.2	6	1.0	2.0	1.0	0.0	2.0	1.5	1.5	4	0.0	0.0	0.0	1.0	0.5	6.6	14
2026-09-07	PME.ASX	168.61000061035156	5.9	7	1.5	2.0	1.0	1.0	0.0	2.0	1.0	1.0	2.0	0.5	1.0	5.8	4	0.5	1.0	1.0	1.0	2.0	1.5	2.0	4	0.5	0.5	0.0	0.0	1.0	5.9	11
2026-09-07	PMT	9.640000343322754	5.7	9	1.0	1.5	1.0	0.5	0.0	2.0	0.5	1.0	1.0	2.0	2.0	5.8	6	2.0	1.0	1.0	0.0	2.0	1.0	5.5	5	1.0	1.0	0.0	2.0	1.5	5.7	15
2026-09-07	PMTS	28.239999771118164	8.0	8	2.0	1.5	1.0	1.5	2.0	1.5	2.0	1.0	1.0	2.0	2.0	5.4	5	2.0	1.0	1.0	0.0	1.0	1.5	4.0	4	1.0	1.0	0.0	1.0	1.0	7.2	13
2026-09-07	PMV.ASX	11.729999542236328	5.9	8	1.0	1.5	1.0	1.0	0.0	2.0	1.0	1.0	1.5	1.0	2.0	5.4	4	1.0	1.0	1.0	1.0	2.0	0.5	2.5	4	0.0	1.5	0.0	0.0	1.0	5.8	12
2026-09-07	PMVP	1.2899999618530273	6.8	9	1.5	2.0	1.0	1.5	2.0	2.0	2.0	1.0	0.0	1.0	1.0	5.0	4	1.0	1.0	1.0	1.5	0.5	1.0	3.5	5	1.5	0.5	0.0	0.0	1.5	6.3	13
2026-09-07	PNC	245.60000610351562	7.0	9	1.5	1.5	1.0	2.0	1.0	2.0	1.5	1.0	1.0	2.0	1.0	7.5	6	1.0	2.0	1.0	1.0	2.0	2.0	4.0	4	1.0	1.0	0.0	1.0	1.0	7.1	15
2026-09-07	PNDORA.CO	846.5999755859375														5.4	5	0.0	1.0	1.0	2.0	1.5	1.0	5.5	4	1.5	1.0	0.0	2.0	1.0	5.4	5
2026-09-07	PNE3.DE	7.340000152587891	5.7	7	1.5	2.0	1.0	1.0	0.0	2.0	1.0	1.0	0.0	2.0	1.0	3.3	3	1.0	1.0	1.0	1.0	0.0	0.0	4.5	4	0.0	1.5	0.0	2.0	1.0	5.0	10
2026-09-07	PNFP	101.01000213623047	6.8	8	1.5	1.5	1.0	1.5	1.0	2.0	1.5	1.0	1.0	2.0	1.0	5.8	6	1.5	0.0	1.0	0.5	2.0	2.0	3.5	4	1.0	0.5	0.0	1.0	1.0	6.5	14
2026-09-07	PNI.ASX	14.970000267028809	5.5	8	2.0	2.0	1.0	1.0	0.0	1.5	1.0	0.5	1.5	0.5	1.0	7.5	4	2.0	1.0	1.0	1.0	2.0	2.0	3.0	4	1.5	0.5	0.0	0.0	1.0	6.1	12
2026-09-07	PNL.NV	0.9104999899864197	4.5	7	0.5	0.5	1.0	1.0	0.0	2.0	1.0	1.0	1.0	1.0	1.0	5.4	3	1.5	1.0	1.0	1.0	1.0	1.0	5.0	4	0.5	1.5	0.0	2.0	1.0	4.8	10
2026-09-07	PNN.L	463.79998779296875	6.4	7	1.5	2.0	1.0	1.0	0.0	1.5	1.0	1.0	1.0	2.0	2.0	5.0	4	0.0	1.0	1.0	1.0	1.0	2.0	5.5	4	0.5	1.0	1.0	2.0	1.0	6.0	11
2026-09-07	PNR	60.209999084472656	5.9	10	1.5	2.0	1.0	1.0	0.0	1.5	1.5	0.0	1.5	2.0	1.0	5.4	6	2.0	2.0	1.0	0.0	1.5	0.0	3.5	5	1.0	1.5	0.0	0.5	0.5	5.8	16
2026-09-07	PNTG	38.0	7.3	9	2.0	2.0	1.0	1.5	1.0	2.0	1.5	1.0	1.0	2.0	1.0	7.1	6	1.0	2.0	1.0	1.5	1.0	2.0	3.5	5	1.5	0.5	0.0	1.0	0.5	7.2	15
2026-09-07	PNV.ASX	1.0399999618530273	6.6	8	1.5	1.5	1.0	1.0	2.0	2.0	1.0	0.5	1.0	1.0	2.0	5.4	4	1.0	1.0	1.0	1.0	1.0	1.5	3.0	4	1.5	0.5	0.0	0.0	1.0	6.2	12
2026-09-07	PNW	97.5199966430664	5.7	10	1.0	1.5	1.0	1.0	0.0	2.0	2.0	1.0	1.0	2.0	0.0	4.6	6	0.5	1.0	1.0	0.5	1.5	1.0	3.0	5	0.0	0.0	0.0	1.5	1.5	5.4	16
2026-09-07	PODD	147.47999572753906	6.8	9	1.5	1.5	1.0	1.0	0.0	1.0	2.0	1.0	2.0	2.0	2.0	7.1	6	1.5	2.0	1.0	0.5	1.5	2.0	3.5	5	1.0	1.5	0.0	0.5	0.5	6.9	15
2026-09-07	POET	7.920000076293945														4.6	4	1.0	1.0	1.0	0.0	0.5	2.0	2.0	5	1.0	0.5	0.0	0.0	0.5	4.6	4
2026-09-07	POLB.L	8.25														4.6	2	1.0	1.0	1.0	1.0	0.5	1.0	5.0	3	2.0	1.0	0.0	1.0	1.0	4.6	2
2026-09-07	POLN.L	845.0														7.1	4	2.0	1.0	1.0	1.0	2.0	1.5	1.5	4	0.0	0.0	0.0	0.5	1.0	7.1	4
2026-09-07	POLR.L	868.0	7.0	8	1.5	2.0	1.0	1.0	1.0	2.0	1.0	1.0	2.0	1.0	2.0	5.8	4	0.0	1.0	1.0	1.0	2.0	2.0	2.5	4	1.0	0.5	0.0	0.0	1.0	6.6	12
2026-09-07	POM	0.8299999833106995														4.6	3	1.0	1.0	1.0	1.0	0.0	1.5	4.0	3	1.0	2.0	0.0	1.0	0.0	4.6	3
2026-09-07	POMRY.PA	9.760000228881836														3.8	4	0.5	1.0	0.5	1.0	1.0	0.5	4.5	4	0.0	1.0	1.0	1.5	1.0	3.8	4
2026-09-07	PON1V.HE	23.799999237060547														5.0	5	0.5	1.0	1.0	1.5	1.0	1.0	2.0	4	0.5	0.5	0.0	0.0	1.0	5.0	5
2026-09-07	PONY	7.349999904632568	5.2	9	1.5	2.0	1.0	1.0	0.0	1.0	2.0	1.0	0.0	1.0	1.0	3.8	5	1.0	0.0	1.0	0.5	0.0	2.0	4.0	4	1.0	1.5	0.0	0.0	1.5	4.8	14
2026-09-07	POOL	185.22000122070312	6.4	9	1.5	1.5	1.0	0.5	0.0	1.5	1.0	1.0	2.0	2.0	2.0	4.6	6	1.0	1.0	1.0	0.5	1.0	1.0	4.5	5	1.0	1.5	0.0	1.0	1.0	5.9	15
2026-09-07	POR	48.7599983215332	5.5	10	1.5	1.5	1.0	1.0	0.0	2.0	0.0	2.0	1.0	2.0	0.0	6.7	6	1.0	2.0	1.0	2.0	1.0	1.0	3.0	5	0.5	0.0	0.0	1.0	1.5	5.9	16
2026-09-07	POST	84.63999938964844	6.8	9	1.5	2.0	1.0	0.5	0.0	2.0	2.0	1.0	1.0	2.0	2.0	4.6	6	1.5	1.0	1.0	0.5	1.0	0.5	3.5	5	0.0	0.5	0.0	1.5	1.5	6.1	15
2026-09-07	POWI	50.45000076293945	6.4	9	2.0	2.0	1.0	0.5	0.0	2.0	2.0	1.0	0.5	2.0	1.0	5.8	5	1.0	1.0	1.0	2.0	1.0	1.0	4.5	4	1.5	0.5	0.0	1.0	1.5	6.2	14
2026-09-07	POWL	181.1699981689453	6.8	10	1.5	2.0	1.0	0.5	0.0	1.5	1.5	1.0	2.0	2.0	2.0	4.2	6	1.0	0.0	1.0	0.5	1.5	1.0	2.0	5	1.0	0.0	0.0	0.0	1.0	6.0	16
2026-09-07	POWW	2.1700000762939453	6.8	9	1.5	2.0	1.0	1.5	1.0	2.0	2.0	1.0	0.5	1.5	1.0	7.1	6	0.0	2.0	1.0	2.0	1.5	2.0	2.0	5	1.0	0.0	0.0	0.0	1.0	6.9	15
2026-09-07	POXEL.PA	0.19259999692440033														5.0	3	1.0	1.0	1.0	1.0	0.0	2.0	5.0	3	1.5	1.5	0.0	1.0	1.0	5.0	3
2026-09-07	PPC	30.479999542236328	5.7	9	1.5	2.0	1.0	1.5	1.0	1.5	0.5	1.0	1.0	0.5	1.0	5.4	6	2.0	2.0	1.0	0.0	1.0	0.5	2.5	5	0.0	0.5	0.0	1.0	1.0	5.6	15
2026-09-07	PPG	112.52999877929688	7.3	10	1.5	1.5	1.0	1.5	1.0	2.0	1.0	1.0	1.5	2.0	2.0	5.8	6	1.0	2.0	1.0	1.0	1.0	1.0	2.5	5	1.0	0.0	0.0	1.0	0.5	6.8	16
2026-09-07	PPGN.ZU	43.95000076293945	5.5	7	1.0	1.0	1.0	1.0	1.0	2.0	1.0	1.0	0.5	0.5	2.0	5.0	4	0.0	1.0	1.0	1.0	1.0	2.0	3.0	4	1.0	0.5	0.0	0.5	1.0	5.3	11
2026-09-07	PPH.L	1514.0	5.7	8	1.5	2.0	1.0	1.0	0.0	2.0	1.0	0.0	2.0	1.0	1.0	6.7	4	2.0	1.0	1.0	1.0	2.0	1.0	3.0	4	0.0	0.5	0.0	1.5	1.0	6.0	12
2026-09-07	PPL	35.11000061035156	5.7	9	2.0	1.5	1.0	1.0	0.0	2.0	1.0	1.0	1.0	2.0	0.0	6.2	6	1.5	1.0	1.0	1.5	1.5	1.0	3.0	5	0.5	0.5	0.0	1.0	1.0	5.8	15
2026-09-07	PPLI	38.9900016784668	5.5	9	2.0	2.0	1.0	0.5	0.0	1.5	0.0	1.0	1.0	2.0	1.0	5.8	6	0.0	2.0	1.0	2.0	1.5	0.5	2.5	5	1.0	0.0	0.0	0.0	1.5	5.6	15
2026-09-07	PPT.ASX	19.31999969482422	6.1	7	1.0	1.0	1.0	1.0	2.0	2.0	1.0	1.0	0.5	1.0	2.0	4.2	3	0.0	1.0	1.0	1.0	1.0	1.0	3.0	4	1.0	0.5	0.0	0.5	1.0	5.5	10
2026-09-07	PPTA	25.09000015258789	5.7	10	1.5	2.0	1.0	0.5	1.0	2.0	0.0	1.5	0.0	2.0	1.0	2.9	4	1.0	0.0	1.0	0.0	0.5	1.0	2.0	5	0.5	0.0	0.0	0.0	1.5	4.9	14
2026-09-07	PR	23.360000610351562	6.8	10	2.0	1.5	1.0	1.5	2.0	1.0	2.0	1.0	1.0	2.0	0.0	7.5	6	1.5	1.0	1.0	1.5	2.0	2.0	2.0	5	0.0	1.5	0.0	0.0	0.5	7.0	16
2026-09-07	PRAA	19.020000457763672	7.3	9	1.5	2.0	1.0	1.5	2.0	2.0	2.0	1.0	0.0	2.0	1.0	5.8	6	0.0	2.0	1.0	2.0	0.0	2.0	4.0	5	1.0	0.5	0.0	2.0	0.5	6.8	15
2026-09-07	PRAX	351.80999755859375	5.9	9	2.0	2.0	1.0	0.5	2.0	0.0	1.5	1.0	0.0	2.0	1.0	5.4	4	1.0	1.0	1.0	2.0	0.5	1.0	4.5	5	2.0	1.0	0.0	0.0	1.5	5.8	13
2026-09-07	PRC.PA	3.9000000953674316														4.2	4	0.0	1.0	1.0	1.0	1.0	1.0	1.0	4	0.0	0.0	0.0	0.0	1.0	4.2	4
2026-09-07	PRCH	17.940000534057617	6.6	10	1.5	2.0	1.0	0.0	2.0	2.0	2.0	0.0	0.0	2.0	2.0	6.7	5	1.0	2.0	1.0	2.0	0.5	1.5	6.5	5	2.0	1.0	0.0	2.0	1.5	6.6	15
2026-09-07	PRCT	22.760000228881836	5.0	9	1.5	1.5	1.0	0.5	1.0	1.5	0.0	1.0	0.0	2.0	1.0	3.8	4	1.0	1.0	1.0	0.0	0.0	1.5	2.5	5	1.0	0.5	0.0	0.0	1.0	4.6	13
2026-09-07	PRDO	33.20000076293945	7.5	9	1.5	2.0	1.0	1.0	2.0	2.0	1.5	1.0	1.5	2.0	1.0	5.8	6	2.0	0.0	1.0	1.0	2.0	1.0	1.5	5	0.5	0.0	0.0	0.0	1.0	7.0	15
2026-09-07	PRE.L	69.69999694824219														4.6	2	1.0	1.0	1.0	1.0	0.5	1.0	3.0	4	1.0	1.0	0.0	0.0	1.0	4.6	2
2026-09-07	PRG	39.290000915527344	7.3	9	2.0	2.0	1.0	1.0	1.0	1.5	2.0	1.0	1.5	2.0	1.0	6.7	6	2.0	0.0	1.0	2.0	1.0	2.0	3.5	5	1.5	0.0	0.0	1.0	1.0	7.1	15
2026-09-07	PRGO	14.920000076293945	6.8	9	1.5	1.5	1.0	0.0	2.0	2.0	2.0	1.0	0.0	2.0	2.0	2.5	6	1.5	0.0	1.0	0.0	0.0	0.5	3.0	5	0.5	0.0	0.0	1.0	1.5	5.5	15
2026-09-07	PRGS	44.04999923706055	6.6	9	2.0	2.0	1.0	0.5	2.0	0.5	2.0	1.0	1.5	2.0	0.0	6.7	6	1.5	2.0	1.0	1.5	1.0	1.0	5.5	5	1.0	1.0	0.0	2.0	1.5	6.6	15
2026-09-07	PRI	295.6199951171875	6.8	9	1.0	1.5	1.0	1.5	1.0	1.5	1.5	1.0	2.0	2.0	1.0	5.8	6	1.5	0.0	1.0	1.5	2.0	1.0	3.5	5	1.0	0.5	0.0	0.5	1.5	6.5	15
2026-09-07	PRIM	74.43000030517578	6.1	9	2.0	2.0	1.0	0.5	0.0	1.0	2.0	1.0	1.0	2.0	1.0	3.8	6	1.5	1.0	1.0	0.0	1.0	0.0	4.5	5	1.5	1.5	0.0	0.5	1.0	5.4	15
2026-09-07	PRIMOF.CO	228.0														5.4	4	1.0	1.0	1.0	1.0	2.0	0.5	2.0	4	0.0	0.0	0.0	1.0	1.0	5.4	4
2026-09-07	PRK	194.72999572753906	6.4	8	1.0	1.5	1.0	1.5	1.0	2.0	1.5	1.0	1.0	1.5	1.0	6.7	6	0.5	1.0	1.0	1.5	2.0	2.0	3.0	4	0.5	0.5	0.0	1.0	1.0	6.5	14
2026-09-07	PRKS	40.45000076293945	4.8	9	1.5	1.5	1.0	0.0	1.0	1.5	0.0	1.0	1.0	2.0	0.0	2.9	6	1.0	0.0	1.0	0.0	1.0	0.5	3.5	4	1.0	0.0	0.0	1.0	1.5	4.2	15
2026-09-07	PRLB	81.44000244140625	7.5	9	2.0	1.5	1.0	1.5	2.0	2.0	2.0	1.0	0.5	2.0	1.0	6.2	6	2.0	0.0	1.0	2.0	1.0	1.5	3.0	5	1.5	0.5	0.0	0.0	1.0	7.1	15
2026-09-07	PRLD	5.460000038146973	6.8	9	1.5	2.0	1.0	0.5	2.0	2.0	2.0	1.0	0.0	2.0	1.0	5.8	4	1.0	2.0	1.0	2.0	0.0	1.0	3.0	5	1.0	0.5	0.0	0.0	1.5	6.5	13
2026-09-07	PRM	31.760000228881836	7.3	9	1.5	2.0	1.0	1.5	1.0	2.0	2.0	1.0	0.0	2.0	2.0	3.3	5	1.0	0.0	1.0	0.0	0.0	2.0	4.5	5	2.0	0.5	0.0	1.0	1.0	6.1	14
2026-09-07	PRM.L	1.399999976158142														3.3	3	1.0	1.0	1.0	1.0	0.0	0.0	3.5	3	0.0	1.5	0.0	1.0	1.0	3.3	3
2026-09-07	PRMB	22.0	6.1	10	1.5	2.0	1.0	0.0	1.0	1.5	2.0	1.0	0.5	2.0	1.0	3.8	6	0.0	1.0	1.0	0.5	1.0	1.0	3.5	5	0.5	0.0	0.0	1.5	1.5	5.4	16
2026-09-07	PRME	3.700000047683716	5.7	10	2.0	2.0	1.0	0.0	2.0	1.0	0.5	1.0	0.0	2.0	1.0	5.4	5	1.0	2.0	1.0	1.0	0.5	1.0	6.5	5	2.0	0.5	0.0	2.0	2.0	5.6	15
2026-09-07	PRO.L	2.109999895095825	5.7	6	1.5	2.0	1.0	1.0	0.0	2.0	1.0	1.0	1.0	1.0	1.0	4.2	2	1.0	1.0	1.0	1.0	0.0	1.0	4.0	4	0.0	1.5	0.0	1.5	1.0	5.2	8
2026-09-07	PROC.L	48.29999923706055	5.2	7	1.5	2.0	1.0	1.0	1.0	2.0	1.0	1.0	1.0	0.0	0.0	5.0	4	0.0	1.0	1.0	1.0	1.0	2.0	4.0	4	0.5	0.5	0.0	2.0	1.0	5.1	11
2026-09-07	PROK	2.009999990463257	4.8	9	1.5	2.0	1.0	0.5	1.5	0.0	1.5	1.0	0.0	0.5	1.0	4.6	4	1.0	1.0	1.0	2.0	0.5	0.0	4.0	5	1.5	0.5	0.0	0.0	2.0	4.7	13
2026-09-07	PROX.BR	6.34499979019165														3.3	5	0.5	1.0	1.0	0.0	1.0	0.5	2.5	4	0.0	0.5	0.0	1.0	1.0	3.3	5
2026-09-07	PRPL	3.809999942779541														2.5	5	0.5	1.0	1.0	0.0	0.0	0.5	5.5	4	1.5	2.0	0.0	1.0	1.0	2.5	5
2026-09-07	PRQR	2.069999933242798	6.8	9	2.0	2.0	1.0	1.5	2.0	1.0	2.0	1.0	0.0	1.5	1.0	5.0	5	1.0	0.0	1.0	2.0	0.0	2.0	0.5	5	0.0	0.0	0.0	0.0	0.5	6.3	14
2026-09-07	PRTA	9.819999694824219	5.7	9	1.0	2.0	1.0	0.0	2.0	0.5	2.0	1.0	0.0	2.0	1.0	3.8	5	1.0	2.0	1.0	0.5	0.0	0.0	2.0	5	0.0	0.0	0.0	0.0	2.0	5.1	14
2026-09-07	PRTS	9.300000190734863	4.8	9	1.0	0.0	1.0	1.5	1.5	2.0	0.0	1.0	0.0	0.5	2.0	5.0	5	0.5	1.0	2.0	2.0	0.5	0.0	6.0	5	0.5	0.5	2.0	1.0	2.0	4.9	14
2026-09-07	PRU	122.0199966430664	6.1	9	1.0	1.0	1.0	1.5	2.0	1.5	2.0	1.0	1.0	1.5	0.0	5.4	6	2.0	0.0	1.0	1.0	1.0	1.5	5.0	5	1.0	1.0	0.0	1.5	1.5	5.9	15
2026-09-07	PRU.ASX	6.670000076293945	6.6	8	2.0	1.5	1.0	1.0	2.0	2.0	1.0	0.0	1.5	1.5	1.0	6.7	4	1.0	1.0	1.0	1.0	2.0	2.0	3.5	4	1.0	1.5	0.0	0.0	1.0	6.6	12
2026-09-07	PRU.L	1022.5	7.0	8	2.0	2.0	1.0	1.0	0.0	2.0	1.0	1.5	1.5	1.5	2.0	5.4	4	1.0	1.0	1.0	1.0	2.0	0.5	2.5	4	1.0	0.5	0.0	0.0	1.0	6.5	12
2026-09-07	PRV.L	866.0	6.8	8	1.5	2.0	1.0	1.0	2.0	2.0	1.0	0.5	1.0	1.0	2.0	5.0	4	1.0	1.0	1.0	1.0	1.0	1.0	2.0	4	0.5	0.5	0.0	0.0	1.0	6.3	12
2026-09-07	PRVA	20.65999984741211	7.0	10	2.0	2.0	1.0	1.0	0.0	2.0	1.5	1.5	0.5	2.0	2.0	5.0	6	0.0	2.0	1.0	0.0	1.0	2.0	3.0	5	1.0	1.0	0.0	0.0	1.0	6.4	16
2026-09-07	PRX.NV	37.125	6.4	8	2.0	2.0	1.0	1.0	0.0	1.0	1.0	1.0	1.5	1.5	2.0	5.8	3	1.0	1.0	1.0	1.0	2.0	1.0	3.5	4	0.5	1.5	0.0	0.5	1.0	6.2	11
2026-09-07	PRY.MI	122.25	6.6	9	2.0	2.0	1.0	1.0	1.0	2.0	0.5	1.0	1.5	1.5	1.0	7.5	5	2.0	1.0	1.0	2.0	1.0	2.0	2.5	4	1.0	0.0	0.0	0.5	1.0	6.9	14
2026-09-07	PS	39.08000183105469	6.4	10	1.0	1.5	1.0	2.0	1.5	1.5	2.0	1.0	0.5	2.0	0.0	4.2	4	1.0	1.0	1.0	0.0	1.0	1.0	1.5	4	1.0	0.0	0.0	0.0	0.5	5.7	14
2026-09-07	PSA	302.010009765625	5.7	10	1.0	1.5	1.0	1.5	1.0	2.0	1.0	0.0	1.5	2.0	0.0	6.7	6	0.0	2.0	1.0	2.0	2.0	1.0	3.0	5	1.0	0.0	0.0	1.0	1.0	6.0	16
2026-09-07	PSAN.DE	45.400001525878906														5.4	4	2.0	1.0	1.0	1.0	0.0	1.5	4.5	4	0.5	1.5	0.0	1.5	1.0	5.4	4
2026-09-07	PSDL.L	157.0														2.9	3	1.0	1.0	0.5	1.0	0.0	0.0	4.0	4	0.0	1.0	1.0	1.0	1.0	2.9	3
2026-09-07	PSEC	2.2300000190734863	4.5	9	0.5	0.5	1.0	1.0	0.0	2.0	2.0	1.0	0.5	0.5	1.0	5.4	6	1.0	1.0	1.0	1.0	2.0	0.5	3.0	5	0.5	1.0	0.0	0.5	1.0	4.8	15
2026-09-07	PSFE	6.710000038146973	4.8	9	0.5	1.0	1.0	0.5	0.0	2.0	2.0	1.0	0.0	1.5	1.0	3.3	5	1.0	1.0	1.0	0.0	0.0	1.0	6.5	5	1.5	1.5	0.0	2.0	1.5	4.3	14
2026-09-07	PSG.MC	2.859999895095825														5.8	4	2.0	1.0	1.0	1.0	1.0	1.0	4.0	4	1.0	0.0	0.0	2.0	1.0	5.8	4
2026-09-07	PSH.L	3888.0														4.6	2	1.0	1.0	1.0	1.0	0.5	1.0	3.0	4	0.5	1.5	0.0	0.0	1.0	4.6	2
2026-09-07	PSH0.DE	0.06840000301599503														4.6	2	1.0	1.0	1.0	1.0	0.5	1.0	5.5	3	0.5	1.0	2.0	1.0	1.0	4.6	2
2026-09-07	PSIX	40.4900016784668	7.3	9	1.5	2.0	1.0	0.5	1.0	2.0	2.0	1.0	2.0	1.0	2.0	4.6	5	2.0	1.0	1.0	0.0	1.5	0.0	4.5	5	2.0	1.0	0.0	0.5	1.0	6.5	14
2026-09-07	PSKY	10.859999656677246	3.4	9	1.0	0.5	1.0	0.5	1.0	0.5	0.0	1.0	0.0	1.0	1.0	3.8	6	2.0	0.0	1.0	0.0	0.5	1.0	4.5	5	1.5	0.5	0.0	1.0	1.5	3.5	15
2026-09-07	PSM.DE	3.753999948501587	4.1	9	1.0	1.5	1.0	1.0	1.0	2.0	0.5	1.0	0.0	0.0	0.0	4.2	3	1.0	1.0	1.0	1.0	0.5	0.5	4.5	4	1.0	1.0	0.0	1.5	1.0	4.1	12
2026-09-07	PSMT	174.10000610351562	5.5	9	1.0	0.5	1.0	0.5	1.0	2.0	1.0	1.0	1.0	2.0	1.0	7.1	6	1.0	2.0	1.0	2.0	1.0	1.5	2.5	5	0.5	0.5	0.0	0.0	1.5	6.0	15
2026-09-07	PSN.L	1145.0	5.7	8	2.0	1.5	1.0	1.0	1.0	1.5	1.0	0.5	1.0	1.0	1.0	6.2	4	2.0	1.0	1.0	1.0	1.0	1.5	3.0	4	1.5	0.5	0.0	0.0	1.0	5.8	12
2026-09-07	PSN.US	47.58000183105469	6.8	10	1.5	2.0	1.0	0.5	0.0	2.0	1.5	1.5	1.0	2.0	2.0	4.2	6	0.5	2.0	1.0	0.0	1.0	0.5	2.0	5	0.5	0.5	0.0	0.5	0.5	6.0	16
2026-09-07	PSNL	17.200000762939453	5.5	9	1.5	0.5	1.0	0.5	2.0	1.5	1.5	1.0	0.0	1.5	1.0	6.2	5	1.0	2.0	1.0	1.5	0.0	2.0	3.5	5	2.0	1.0	0.0	0.0	0.5	5.7	14
2026-09-07	PSNY	9.210000038146973	4.5	6	0.5	2.0	1.0	1.0	0.0	2.0	1.0	1.0	1.0	0.5	0.0	3.8	5	1.0	1.0	2.0	0.0	0.0	0.5	8.0	4	1.5	1.5	2.0	1.0	2.0	4.3	11
2026-09-07	PSO	15.979999542236328	6.1	9	1.0	1.5	1.0	2.0	1.0	2.0	1.0	1.0	1.0	0.0	2.0	5.8	5	1.0	2.0	1.0	1.0	1.0	1.0	3.0	5	0.0	0.5	1.0	0.5	1.0	6.0	14
2026-09-07	PSON.L	1178.5	5.7	8	0.5	1.5	1.0	1.0	1.0	1.5	1.0	0.0	1.0	2.0	2.0	5.0	4	1.0	1.0	1.0	1.0	1.0	1.0	2.0	4	0.0	0.5	0.0	0.5	1.0	5.5	12
2026-09-07	PSPN.ZU	145.6999969482422	4.8	9	1.0	1.0	1.0	1.0	1.0	1.5	0.5	1.0	1.0	1.5	0.0	5.0	5	0.0	1.0	1.0	0.0	2.0	2.0	1.5	4	0.0	0.0	0.0	0.5	1.0	4.9	14
2026-09-07	PSQH	5.489999771118164	5.2	9	1.5	2.0	1.0	1.5	1.0	2.0	0.0	1.0	0.0	0.5	1.0	5.8	4	1.0	1.0	1.0	2.0	0.0	2.0	4.0	5	0.5	1.5	0.0	2.0	0.0	5.4	13
2026-09-07	PST.MI	26.899999618530273	5.7	8	2.0	1.5	1.0	1.0	1.0	1.5	1.5	1.0	1.5	0.5	0.0	5.8	4	1.5	1.0	1.0	1.0	1.5	1.0	5.0	4	0.5	0.5	1.0	2.0	1.0	5.7	12
2026-09-07	PSTL	23.690000534057617	7.7	10	2.0	1.5	1.0	1.0	2.0	1.5	2.0	1.0	1.0	2.0	2.0	6.2	5	0.0	1.0	1.0	2.0	1.5	2.0	4.0	5	0.5	1.0	0.0	1.0	1.5	7.2	15
2026-09-07	PSTX.CVR		5.0	0	1.0	1.0	1.0	1.0	1.0	1.0	1.0	1.0	1.0	1.0	1.0																5.0	0
2026-09-07	PSX	255.08999633789062	6.6	10	1.5	0.5	1.0	2.0	1.5	1.0	2.0	0.5	1.5	2.0	1.0	6.2	6	1.5	0.0	1.0	2.0	1.0	2.0	3.0	5	0.5	1.5	0.0	0.5	0.5	6.5	16
2026-09-07	PTC	141.02000427246094	6.6	10	1.5	1.5	1.0	1.0	1.0	1.0	2.0	0.5	2.0	2.0	1.0	6.7	6	1.5	1.0	1.0	2.0	2.0	0.5	4.0	5	1.0	0.5	1.0	0.5	1.0	6.6	16
2026-09-07	PTCT	69.30000305175781	5.7	8	1.5	2.0	1.0	0.5	0.0	1.0	1.5	1.0	1.0	2.0	1.0	5.4	5	1.0	2.0	1.0	0.0	0.5	2.0	3.0	4	0.5	0.0	0.0	1.0	1.5	5.6	13
2026-09-07	PTEC.L	411.20001220703125	4.5	7	0.5	0.5	1.0	1.0	2.0	1.5	1.0	1.0	0.0	0.5	1.0	5.0	4	1.0	1.0	1.0	1.0	2.0	0.0	2.5	4	0.5	1.0	0.0	0.0	1.0	4.7	11
2026-09-07	PTEN	12.420000076293945	7.5	10	1.5	1.5	1.0	1.0	2.0	1.5	2.0	2.0	0.0	2.0	2.0	5.4	6	2.0	0.0	1.0	2.0	0.5	1.0	3.0	5	0.5	1.0	0.0	0.5	1.0	6.9	16
2026-09-07	PTGX	145.72000122070312	7.3	10	2.0	1.5	1.0	0.5	2.0	1.5	2.0	1.5	1.0	2.0	1.0	5.8	6	0.0	0.0	1.0	2.0	2.0	2.0	4.5	5	1.5	1.0	0.0	0.0	2.0	6.8	16
2026-09-07	PTLO	4.420000076293945	5.5	9	1.5	2.0	1.0	0.5	0.0	2.0	2.0	1.0	0.5	1.5	0.0	5.0	6	1.0	2.0	1.0	0.0	1.0	1.0	4.5	5	1.5	0.5	0.0	1.0	1.5	5.3	15
2026-09-07	PTON	5.400000095367432	6.4	9	1.5	2.0	1.0	0.5	0.0	1.0	2.0	1.0	1.0	2.0	2.0	4.2	6	0.5	0.0	1.0	1.5	1.0	1.0	5.0	4	2.0	0.5	0.0	1.0	1.5	5.7	15
2026-09-07	PTRN	20.200000762939453	6.8	9	2.0	2.0	1.0	0.5	1.0	2.0	2.0	1.0	0.5	1.0	2.0	6.7	4	1.0	1.0	1.0	2.0	1.0	2.0	2.0	4	1.0	0.0	0.0	0.0	1.0	6.8	13
2026-09-07	PUB.PA	101.0999984741211	6.6	7	1.5	2.0	1.0	1.0	2.0	2.0	1.0	1.0	1.5	1.5	0.0	5.0	4	1.0	1.0	1.0	1.0	1.0	1.0	3.0	4	0.5	1.0	0.0	0.5	1.0	6.1	11
2026-09-07	PUBM	16.5	7.0	9	2.0	2.0	1.0	1.0	2.0	1.5	2.0	1.0	0.0	2.0	1.0	5.8	6	0.0	2.0	1.0	2.0	0.5	1.5	3.0	5	1.5	1.0	0.0	0.0	0.5	6.6	15
2026-09-07	PUK	27.75	6.4	9	2.0	2.0	1.0	2.0	0.0	2.0	1.0	0.5	1.5	0.0	2.0	5.4	5	1.0	1.0	1.0	1.0	2.0	0.5	1.5	5	1.0	0.5	0.0	0.0	0.0	6.1	14
2026-09-07	PUM.DE	23.829999923706055	5.9	9	1.5	2.0	1.0	1.0	0.0	1.5	2.0	1.0	0.0	2.0	1.0	4.2	5	2.0	1.0	1.0	0.0	0.5	0.5	3.0	4	1.0	0.0	0.0	1.0	1.0	5.4	14
2026-09-07	PUMP.US	11.470000267028809	5.0	9	2.0	2.0	1.0	0.5	0.0	1.5	0.0	1.0	0.0	2.0	1.0	2.5	5	1.0	0.0	1.0	0.0	0.5	0.5	2.5	5	0.5	0.0	0.0	1.0	1.0	4.2	14
2026-09-07	PUUILO.HE	17.200000762939453														5.8	5	0.5	1.0	1.0	1.5	1.5	1.5	4.0	4	0.5	1.0	0.0	1.5	1.0	5.8	5
2026-09-07	PVH	74.33000183105469	4.8	10	1.5	2.0	1.0	0.5	0.0	1.0	0.5	0.0	0.0	2.0	2.0	6.7	6	2.0	2.0	1.0	2.0	0.5	0.5	3.5	5	1.5	0.0	0.0	1.0	1.0	5.4	16
2026-09-07	PVLA	157.24000549316406	5.9	9	2.0	2.0	1.0	0.5	2.0	1.5	0.0	1.0	0.0	2.0	1.0	4.6	4	1.0	2.0	1.0	0.0	0.5	1.0	4.5	4	1.0	1.5	0.0	0.0	2.0	5.5	13
2026-09-07	PWH.ASX	11.300000190734863	6.1	7	1.0	0.0	1.0	1.0	2.0	2.0	1.0	1.0	1.5	1.0	2.0	5.4	4	0.0	1.0	1.0	1.0	1.5	2.0	3.0	4	1.0	0.5	0.0	0.5	1.0	5.9	11
2026-09-07	PWO.DE	22.200000762939453														4.2	4	0.5	1.0	1.0	1.0	1.0	0.5	3.5	4	0.5	1.5	0.0	0.5	1.0	4.2	4
2026-09-07	PWP	16.799999237060547	6.4	9	0.5	1.0	1.0	0.5	1.0	2.0	2.0	1.0	1.0	2.0	2.0	4.2	6	0.0	2.0	1.0	0.0	1.0	1.0	4.0	5	1.5	0.5	0.0	0.5	1.5	5.7	15
2026-09-07	PWR	624.4099731445312	7.5	10	2.0	2.0	1.0	1.5	1.0	1.5	2.0	1.0	1.5	2.0	1.0	7.9	6	1.5	2.0	1.0	2.0	1.0	2.0	2.5	5	1.5	0.0	0.0	0.5	0.5	7.6	16
2026-09-07	PXA.ASX	7.550000190734863	5.2	7	1.0	1.5	1.0	1.0	0.0	2.0	1.0	1.0	0.5	1.5	1.0	3.8	4	0.0	1.0	1.0	1.0	0.5	1.0	2.0	4	0.0	1.0	0.0	0.0	1.0	4.8	11
2026-09-07	PXED	28.780000686645508	6.8	9	1.5	2.0	1.0	0.5	0.0	1.0	2.0	1.0	2.0	2.0	2.0	5.0	6	1.5	2.0	1.0	0.0	1.0	0.5	2.5	4	1.0	0.5	0.0	0.0	1.0	6.3	15
2026-09-07	PXEN.L	4.849999904632568														5.4	2	1.0	1.0	2.0	1.0	0.5	1.0	5.0	4	1.5	0.5	2.0	0.0	1.0	5.4	2
2026-09-07	PXS.L	1.0499999523162842														3.3	3	1.0	1.0	1.0	1.0	0.0	0.0	3.0	3	0.5	0.5	0.0	1.0	1.0	3.3	3
2026-09-07	PYPL	54.959999084472656	6.4	10	1.0	1.5	1.0	1.5	1.0	1.0	1.5	1.0	1.5	2.0	1.0	6.7	6	2.0	2.0	1.0	0.5	1.5	1.0	2.5	5	1.5	0.0	0.0	0.5	0.5	6.5	16
2026-09-07	PYR.DE	28.700000762939453														2.5	3	1.0	1.0	0.0	1.0	0.0	0.0	4.0	4	0.0	0.0	2.0	1.0	1.0	2.5	3
2026-09-07	PYX.L	0.002580000087618828														4.6	1	1.0	1.0	1.0	1.0	0.5	1.0	6.0	1	1.0	2.0	1.0	1.0	1.0	4.6	1
2026-09-07	PZC.L	102.19999694824219	5.5	7	1.5	1.5	1.0	1.0	1.0	2.0	1.0	1.0	1.0	1.0	0.0	5.0	4	1.0	1.0	1.0	1.0	1.0	1.0	2.5	4	0.5	0.5	0.0	0.5	1.0	5.3	11
2026-09-07	PZS.DE	2.680000066757202														5.4	4	1.5	1.0	1.0	1.0	2.0	0.0	1.5	4	0.0	0.5	0.0	0.0	1.0	5.4	4
2026-09-07	PZZA	22.68000030517578	4.3	8	1.0	1.5	1.0	0.0	0.0	1.5	0.5	1.0	1.0	2.0	0.0	3.3	6	0.5	1.0	1.0	0.0	1.0	0.5	5.0	4	1.0	2.0	0.0	1.0	1.0	4.0	14
2026-09-07	Q	120.47000122070312	8.0	10	2.0	2.0	1.0	1.5	0.0	2.0	2.0	2.0	1.0	2.0	2.0	7.1	6	1.0	1.0	1.0	2.0	1.5	2.0	2.0	4	1.0	0.0	0.0	0.5	0.5	7.7	16
2026-09-07	QAN.ASX	9.319999694824219	5.9	8	2.0	2.0	1.0	1.0	0.0	2.0	1.0	1.0	2.0	1.0	0.0	5.8	4	2.0	1.0	1.0	1.0	1.0	1.0	4.0	4	0.5	0.5	0.0	2.0	1.0	5.9	12
2026-09-07	QB7.DE	3.140000104904175														5.4	4	1.5	1.0	1.0	1.0	1.5	0.5	5.5	2	1.0	0.5	2.0	1.0	1.0	5.4	4
2026-09-07	QBE.ASX	22.56999969482422	5.7	8	1.0	1.5	1.0	1.0	1.0	2.0	1.0	0.0	1.5	1.5	1.0	6.2	4	2.0	1.0	1.0	1.0	1.5	1.0	1.5	4	0.0	0.0	0.0	0.5	1.0	5.8	12
2026-09-07	QBTS	16.579999923706055	4.5	9	2.0	2.0	1.0	0.0	0.0	1.0	0.5	1.0	0.0	1.5	1.0	2.5	5	1.0	0.0	1.0	0.0	0.5	0.5	4.0	5	2.0	1.0	0.0	0.0	1.0	3.9	14
2026-09-07	QBY0.DE	3.5399999618530273														4.6	5	2.0	1.0	1.0	0.0	1.0	0.5	2.5	4	1.0	0.5	0.0	0.0	1.0	4.6	5
2026-09-07	QCOM	168.74000549316406	6.6	10	1.0	1.5	1.0	1.5	1.0	0.0	1.5	1.0	2.0	2.0	2.0	5.4	6	2.0	1.0	1.0	0.0	2.0	0.5	3.0	5	1.5	0.5	0.0	0.5	0.5	6.2	16
2026-09-07	QCRH	102.69000244140625	7.5	8	1.5	1.5	1.0	1.5	2.0	2.0	2.0	1.0	1.0	2.0	1.0	6.2	6	1.5	0.0	1.0	1.5	2.0	1.5	3.5	4	0.5	1.0	0.0	1.0	1.0	7.1	14
2026-09-07	QDEL	13.970000267028809	4.5	9	0.5	1.5	1.0	0.0	0.0	1.0	2.0	1.0	0.0	2.0	1.0	2.5	6	1.0	0.0	1.0	0.0	0.0	1.0	5.0	5	0.5	1.0	0.0	1.5	2.0	3.9	15
2026-09-07	QDT.PA	13.399999618530273														4.2	4	1.0	1.0	1.0	1.0	0.5	0.5	3.0	4	1.0	0.0	0.0	1.0	1.0	4.2	4
2026-09-07	QED.L	0.9700000286102295														4.6	2	1.0	1.0	1.0	1.0	0.5	1.0	3.5	4	0.5	2.0	0.0	0.0	1.0	4.6	2
2026-09-07	QFG.BR	2.998500108718872														4.6	4	0.0	1.0	1.0	1.0	0.5	2.0	4.0	3	1.0	1.0	0.0	1.0	1.0	4.6	4
2026-09-07	QFIN	9.0600004196167	5.0	10	0.5	2.0	1.0	1.5	0.0	1.0	0.0	0.0	1.5	1.5	2.0	5.0	6	2.0	1.0	1.0	0.0	2.0	0.0	3.0	5	0.5	2.0	0.0	0.0	0.5	5.0	16
2026-09-07	QIA.DE	37.435001373291016	7.0	9	1.5	1.0	1.0	1.0	2.0	1.5	1.5	1.0	1.0	2.0	2.0	6.2	6	1.5	1.0	1.0	1.5	1.5	1.0	2.0	4	0.5	0.0	0.0	0.5	1.0	6.8	15
2026-09-07	QLT.L	186.8000030517578	5.5	7	1.0	1.5	1.0	1.0	0.0	1.5	1.0	1.0	1.0	2.0	1.0	6.7	4	2.0	1.0	1.0	1.0	1.0	2.0	3.0	4	1.0	0.0	1.0	0.0	1.0	5.9	11
2026-09-07	QLYS	171.64999389648438	6.6	9	1.0	1.0	1.0	0.5	2.0	1.0	2.0	1.0	2.0	2.0	1.0	5.4	6	0.5	0.0	1.0	1.5	2.0	1.5	2.0	5	0.5	0.5	0.0	0.0	1.0	6.2	15
2026-09-07	QNST	18.729999542236328	8.2	10	2.0	2.0	1.0	0.5	2.0	2.0	1.5	2.0	2.0	2.0	1.0	7.9	6	1.5	2.0	1.0	2.0	1.0	2.0	2.0	5	0.5	0.5	0.0	0.0	1.0	8.1	16
2026-09-07	QNT.US	49.650001525878906	6.1	8	2.0	2.0	1.0	1.0	0.5	1.5	0.5	1.0	1.0	2.0	1.0	5.4	3	1.0	1.0	1.0	1.0	0.5	2.0	3.0	4	1.0	1.5	0.0	0.0	0.5	5.9	11
2026-09-07	QQ.L	484.0	6.1	8	1.5	1.5	1.0	1.0	1.0	1.5	1.0	1.0	1.5	1.5	1.0	5.0	4	1.0	1.0	1.0	1.0	1.0	1.0	1.5	4	0.0	0.0	0.0	0.5	1.0	5.8	12
2026-09-07	QRF.BR	10.199999809265137														7.5	4	2.0	1.0	1.0	1.0	2.0	2.0	2.5	4	0.0	0.5	0.0	1.0	1.0	7.5	4
2026-09-07	QRVO	102.83999633789062	6.6	10	1.0	0.5	1.0	1.0	2.0	2.0	2.0	1.0	1.0	2.0	1.0	6.7	6	2.0	1.0	1.0	2.0	1.5	0.5	4.0	5	1.5	1.0	0.0	0.5	1.0	6.6	16
2026-09-07	QS	5.480000019073486	5.0	9	1.0	2.0	1.0	0.5	0.0	2.0	1.5	1.0	0.0	1.0	1.0	5.0	4	1.0	1.0	1.0	1.5	0.5	1.0	4.5	5	2.0	1.5	0.0	0.0	1.0	5.0	13
2026-09-07	QSI	0.765999972820282	5.5	9	1.5	2.0	1.0	1.0	0.0	2.0	2.0	1.0	0.0	0.5	1.0	3.8	5	1.0	2.0	1.0	0.0	0.5	0.0	4.5	5	2.0	1.5	0.0	0.0	1.0	5.0	14
2026-09-07	QSR	80.16999816894531	7.5	10	2.0	1.0	1.0	1.0	2.0	2.0	1.5	1.0	2.0	2.0	1.0	4.6	6	1.5	0.0	1.0	0.5	1.5	1.0	5.5	5	0.5	1.5	0.0	2.0	1.5	6.6	16
2026-09-07	QTRX	2.690000057220459	4.5	9	1.0	1.5	1.0	0.5	0.0	2.0	0.0	1.0	0.0	2.0	1.0	5.0	5	1.0	2.0	1.0	0.0	0.0	2.0	4.0	5	1.0	1.5	0.0	0.0	1.5	4.7	14
2026-09-07	QTTOY	0.0003000000142492354														3.3	3	1.0	1.0	1.0	1.0	0.0	0.0	5.0	4	1.0	2.0	0.0	1.0	1.0	3.3	3
2026-09-07	QTWO	62.130001068115234	6.8	9	2.0	2.0	1.0	0.5	2.0	2.0	1.5	1.0	1.0	2.0	0.0	6.2	6	0.0	2.0	1.0	1.5	1.5	1.5	2.5	5	1.5	0.0	0.0	0.0	1.0	6.6	15
2026-09-07	QUAD.US	10.699999809265137	7.7	9	2.0	2.0	1.0	1.5	2.0	2.0	2.0	1.0	2.0	1.5	0.0	6.7	6	2.0	1.0	1.0	2.0	1.0	1.0	5.5	5	1.0	1.5	0.0	2.0	1.0	7.4	15
2026-09-07	QUBT	8.010000228881836	4.8	9	1.5	2.0	1.0	0.0	0.0	1.0	2.0	1.0	0.0	1.0	1.0	5.8	5	1.0	1.0	1.0	2.0	0.0	2.0	5.0	5	2.0	1.5	0.0	0.0	1.5	5.1	14
2026-09-07	QUIK	10.760000228881836	5.0	9	1.5	2.0	1.0	1.0	0.0	1.5	0.0	1.0	0.0	1.0	2.0	4.2	5	1.0	1.0	1.0	0.0	0.0	2.0	2.5	5	1.0	0.5	0.0	0.0	1.0	4.8	14
2026-09-07	QURE	44.5	5.9	10	2.0	2.0	1.0	0.5	2.0	1.0	0.0	1.5	0.0	2.0	1.0	5.0	5	1.0	2.0	1.0	0.0	0.5	1.5	4.0	5	1.0	0.0	0.0	1.5	1.5	5.6	15
2026-09-07	QXO	13.350000381469727	5.5	9	2.0	2.0	1.0	1.0	0.0	0.5	1.5	1.0	0.0	2.0	1.0	6.7	6	1.5	1.0	1.0	2.0	0.5	2.0	5.0	5	2.0	1.5	0.0	0.5	1.0	5.9	15
2026-09-07	R	248.44000244140625	6.6	9	1.5	1.5	1.0	1.5	1.0	2.0	1.5	1.0	1.5	2.0	0.0	5.0	6	2.0	0.0	1.0	1.0	1.0	1.0	4.0	5	1.0	0.5	0.0	2.0	0.5	6.1	15
2026-09-07	R1B.DE	4.619999885559082														3.3	3	1.0	1.0	1.0	1.0	0.0	0.0	4.0	4	0.0	1.0	2.0	0.0	1.0	3.3	3
2026-09-07	R3NK.DE	43.15999984741211	6.8	9	2.0	2.0	1.0	1.0	0.0	1.5	1.5	1.0	1.5	1.5	2.0	4.6	5	0.0	1.0	1.0	1.5	1.0	1.0	6.5	4	2.0	1.5	1.0	1.0	1.0	6.1	14
2026-09-07	RAA.DE	612.0	5.7	8	1.0	1.5	1.0	1.0	0.0	2.0	1.5	1.0	2.0	0.5	1.0	5.8	5	0.5	1.0	1.0	1.5	2.0	1.0	4.0	4	1.5	1.5	0.0	0.0	1.0	5.7	13
2026-09-07	RACE	409.95001220703125	7.7	10	2.0	2.0	1.0	1.5	2.0	1.5	1.0	1.0	2.0	1.0	2.0	4.6	6	0.5	0.0	1.0	1.0	2.0	1.0	3.0	5	0.5	0.0	0.0	1.0	1.5	6.8	16
2026-09-07	RACE.MI	353.20001220703125	7.3	9	2.0	2.0	1.0	1.0	2.0	1.5	1.0	0.5	2.0	1.0	2.0	5.0	6	0.5	0.0	1.0	1.5	2.0	1.0	2.5	4	0.5	0.0	0.0	1.0	1.0	6.6	15
2026-09-07	RAIVV.HE	2.4749999046325684														5.8	5	1.0	1.0	1.0	2.0	1.0	1.0	2.0	4	0.0	1.0	0.0	0.0	1.0	5.8	5
2026-09-07	RAL	63.459999084472656	6.8	9	1.5	2.0	1.0	1.0	1.0	2.0	1.5	1.0	0.0	2.0	2.0	5.4	5	1.0	1.0	1.0	2.0	0.0	1.5	2.5	4	1.0	0.5	0.0	0.5	0.5	6.4	14
2026-09-07	RAM.LS	6.940000057220459														4.6	4	0.5	1.0	1.0	1.0	2.0	0.0	1.5	4	0.0	0.5	0.0	0.0	1.0	4.6	4
2026-09-07	RAMP	37.75	7.5	9	1.0	1.0	1.0	1.0	2.0	2.0	2.0	1.0	1.5	2.0	2.0	6.2	6	2.0	0.0	1.0	2.0	1.5	1.0	4.5	5	1.5	2.0	0.0	0.0	1.0	7.1	15
2026-09-07	RAND.NV	38.9900016784668	6.1	8	1.0	1.0	1.0	1.0	2.0	2.0	1.5	1.0	1.0	1.0	1.0	5.8	5	1.5	1.0	1.0	1.5	1.0	1.0	4.0	4	1.0	1.5	0.0	0.5	1.0	6.0	13
2026-09-07	RAPP	45.77000045776367	6.6	10	2.0	2.0	1.0	1.0	2.0	1.0	1.5	1.0	0.0	2.0	1.0	4.6	4	1.0	2.0	1.0	0.0	0.5	1.0	3.0	5	1.0	0.5	0.0	0.0	1.5	6.0	14
2026-09-07	RARE.US	15.300000190734863	4.5	9	1.5	2.0	1.0	0.5	0.0	0.0	0.0	0.0	1.0	2.0	2.0	5.8	5	1.0	0.0	2.0	2.0	0.0	2.0	6.0	4	0.0	1.5	2.0	1.0	1.5	4.9	14
2026-09-07	RAT.L	1656.0	5.7	8	1.5	1.5	1.0	1.0	0.0	2.0	1.0	1.5	1.0	1.0	1.0	6.2	4	2.0	1.0	1.0	1.0	1.5	1.0	3.0	4	0.5	1.5	0.0	0.0	1.0	5.8	12
2026-09-07	RATOb.ST	39.060001373291016														5.4	5	1.0	1.0	1.0	2.0	0.5	1.0	4.0	4	1.5	1.0	0.0	0.5	1.0	5.4	5
2026-09-07	RAUTE.HE	14.600000381469727														2.5	5	0.0	1.0	1.0	0.0	1.0	0.0	1.5	4	0.5	0.0	0.0	0.0	1.0	2.5	5
2026-09-07	RAW.DE	64.25	5.2	6	1.0	0.5	1.0	1.0	2.0	1.5	1.0	1.0	1.0	0.5	1.0	5.4	4	0.5	1.0	1.0	1.0	2.0	1.0	5.5	3	1.5	2.0	0.0	1.0	1.0	5.3	10
2026-09-07	RAYb.ST	177.10000610351562														4.6	5	0.0	1.0	1.0	2.0	1.5	0.0	3.0	4	1.0	0.5	0.0	0.5	1.0	4.6	5
2026-09-07	RBA	83.54000091552734	6.8	10	2.0	2.0	1.0	1.0	0.0	1.5	1.5	2.0	1.0	2.0	1.0	5.4	6	1.5	1.0	1.0	0.5	1.0	1.5	4.0	5	0.5	1.5	0.0	0.5	1.5	6.4	16
2026-09-07	RBB	27.06999969482422	7.0	8	1.0	1.5	1.0	1.5	2.0	2.0	2.0	1.0	1.0	1.5	1.0	7.5	6	1.5	2.0	1.0	1.0	2.0	1.5	3.5	4	1.0	1.0	0.0	1.0	0.5	7.1	14
2026-09-07	RBBN	1.9900000095367432	6.8	9	2.0	2.0	1.0	1.5	0.0	2.0	2.0	1.0	0.5	2.0	1.0	5.0	6	2.0	2.0	1.0	0.0	1.0	0.0	5.0	5	1.5	1.5	0.0	1.0	1.0	6.3	15
2026-09-07	RBC	488.5400085449219	7.5	9	2.0	2.0	1.0	2.0	0.0	2.0	1.5	1.0	1.0	2.0	2.0	5.4	6	1.0	0.0	1.0	1.5	1.5	1.5	2.0	5	1.5	0.0	0.0	0.0	0.5	6.9	15
2026-09-07	RBLX	43.310001373291016	4.5	10	1.5	1.0	1.0	1.5	0.0	1.0	2.0	0.0	0.0	2.0	0.0	4.6	6	0.0	1.0	1.0	1.5	0.0	2.0	5.0	5	1.5	1.5	0.0	2.0	0.0	4.5	16
2026-09-07	RBO.PA	20.700000762939453														4.6	4	1.0	1.0	1.0	1.0	1.0	0.5	4.5	4	0.5	1.5	0.0	1.5	1.0	4.6	4
2026-09-07	RBREW.CO	419.20001220703125														4.6	5	0.0	1.0	1.0	1.5	1.5	0.5	3.5	4	0.0	1.5	0.0	1.0	1.0	4.6	5
2026-09-07	RBRK	93.66999816894531	8.0	8	2.0	2.0	1.0	1.0	2.0	1.5	2.0	1.0	1.0	2.0	2.0	4.2	5	1.0	1.0	1.0	0.0	0.0	2.0	4.0	4	1.5	0.5	0.0	1.0	1.0	6.9	13
2026-09-07	RBT.PA	797.0	5.5	7	1.5	1.5	1.0	1.0	0.0	2.0	1.0	1.0	1.5	0.5	1.0	5.4	4	1.0	1.0	1.0	1.0	1.5	1.0	2.0	4	0.0	0.5	0.0	0.5	1.0	5.5	11
2026-09-07	RC	1.75	4.1	9	0.5	1.0	1.0	0.5	1.0	1.5	0.0	1.0	0.0	1.5	1.0	2.5	5	0.5	0.0	1.0	0.0	0.5	1.0	6.5	5	1.5	1.0	0.0	2.0	2.0	3.6	14
2026-09-07	RCAT	8.369999885559082	3.9	10	2.0	2.0	1.0	0.0	0.0	1.0	0.0	0.0	0.0	1.5	1.0	4.2	4	1.0	1.0	1.0	0.0	0.0	2.0	3.5	5	1.5	1.0	0.0	0.0	1.0	4.0	14
2026-09-07	RCEL	11.199999809265137	4.8	8	1.5	1.5	1.0	1.0	1.5	1.5	0.0	1.0	1.0	0.5	0.0	5.4	4	1.0	1.0	1.0	2.0	0.0	1.5	6.0	4	2.0	2.0	0.0	1.0	1.0	5.0	12
2026-09-07	RCH.L	42.099998474121094	4.5	7	1.0	1.5	1.0	1.0	0.0	2.0	1.0	1.0	0.0	1.5	0.0	3.8	3	1.0	1.0	1.0	1.0	0.0	0.5	4.0	4	1.5	1.5	0.0	0.0	1.0	4.3	10
2026-09-07	RCI	37.52000045776367	7.3	9	2.0	1.5	1.0	1.0	2.0	2.0	1.5	1.5	2.0	1.5	0.0	7.1	6	2.0	2.0	1.0	0.5	2.0	1.0	4.5	5	1.0	0.0	0.0	1.5	2.0	7.2	15
2026-09-07	RCKT	3.859999895095825	5.2	10	1.5	2.0	1.0	0.5	2.0	0.5	0.0	1.0	0.0	2.0	1.0	5.8	4	1.0	2.0	1.0	1.5	0.5	1.0	2.0	5	0.5	0.0	0.0	0.0	1.5	5.4	14
2026-09-07	RCKY	44.13999938964844	7.7	9	1.5	2.0	1.0	1.5	1.0	2.0	2.0	1.0	1.0	2.0	2.0	7.1	6	1.5	2.0	1.0	1.5	1.0	1.5	4.0	5	2.0	0.5	0.0	0.5	1.0	7.5	15
2026-09-07	RCL	265.19000244140625	6.4	10	2.0	2.0	1.0	1.0	0.0	1.5	1.5	1.0	2.0	2.0	0.0	6.2	6	1.5	1.0	1.0	1.0	2.0	1.0	4.5	5	1.5	0.5	0.0	1.5	1.0	6.3	16
2026-09-07	RCMN.DE	1.1399999856948853														3.3	3	1.0	1.0	1.0	1.0	0.0	0.0	2.0	4	0.0	0.5	0.0	0.5	1.0	3.3	3
2026-09-07	RCMT	40.97999954223633	7.7	9	1.5	1.5	1.0	1.5	2.0	2.0	1.5	1.0	2.0	1.0	2.0	6.2	5	1.0	1.0	1.0	2.0	1.0	1.5	3.0	5	0.0	1.5	0.0	0.5	1.0	7.2	14
2026-09-07	RCN.L	103.0														3.8	4	0.0	1.0	1.0	1.0	1.0	0.5	3.0	4	0.0	1.0	0.0	1.0	1.0	3.8	4
2026-09-07	RCO.PA	44.279998779296875	5.2	8	1.0	1.5	1.0	1.0	1.0	2.0	1.0	0.5	0.5	1.0	1.0	5.0	4	1.5	1.0	1.0	1.0	1.0	0.5	2.0	4	0.5	0.0	0.0	0.5	1.0	5.1	12
2026-09-07	RCP.L	2505.0														5.8	2	2.0	1.0	1.0	1.0	1.0	1.0	3.5	2	1.0	0.5	0.0	1.0	1.0	5.8	2
2026-09-07	RCUS	29.65999984741211	5.9	9	1.5	2.0	1.0	0.5	2.0	1.0	1.0	1.0	0.0	2.0	1.0	2.1	5	1.0	0.0	1.0	0.0	0.5	0.0	4.5	5	1.0	1.0	0.0	0.5	2.0	4.8	14
2026-09-07	RDDT	154.4600067138672	6.1	10	1.5	2.0	1.0	0.5	0.0	0.5	2.0	1.0	2.0	2.0	1.0	8.8	6	2.0	2.0	1.0	1.5	2.0	2.0	3.0	5	2.0	0.5	0.0	0.0	0.5	6.9	16
2026-09-07	RDN	36.65999984741211	7.5	9	2.0	2.0	1.0	1.5	1.0	2.0	1.0	1.0	1.0	2.0	2.0	5.8	6	2.0	0.0	1.0	0.0	2.0	2.0	1.5	5	0.5	0.0	0.0	0.0	1.0	7.0	15
2026-09-07	RDNT	73.70999908447266	6.6	9	1.5	2.0	1.0	0.5	2.0	2.0	1.0	1.0	0.5	2.0	1.0	6.2	6	2.0	2.0	1.0	0.0	0.5	2.0	5.5	5	1.5	0.5	0.0	1.5	2.0	6.5	15
2026-09-07	RDNW	5.840000152587891														4.2	3	1.0	1.0	1.0	1.0	0.5	0.5	4.0	4	1.0	0.0	0.0	1.0	2.0	4.2	3
2026-09-07	RDW.US	10.529999732971191	4.3	9	1.5	2.0	1.0	0.5	0.0	0.5	0.5	1.0	0.0	1.5	1.0	5.0	5	1.0	0.0	1.0	2.0	0.0	2.0	3.0	5	2.0	0.5	0.0	0.0	0.5	4.5	14
2026-09-07	RDWR	28.280000686645508														5.4	5	0.0	1.0	1.0	2.0	1.0	1.5	2.0	5	1.0	0.0	0.0	0.0	1.0	5.4	5
2026-09-07	RDX.ASX	3.490000009536743	5.9	7	1.5	1.5	1.0	1.0	1.0	2.0	1.0	1.0	1.5	0.5	1.0	5.8	4	1.0	1.0	2.0	1.0	1.0	1.0	3.0	4	0.0	0.0	2.0	0.0	1.0	5.9	11
2026-09-07	RDY	11.970000267028809	6.1	9	1.5	2.0	1.0	1.5	0.0	2.0	1.0	1.0	1.0	0.5	2.0	3.8	5	1.0	0.0	1.0	1.0	1.0	0.5	2.5	5	0.0	1.0	0.0	0.0	1.5	5.4	14
2026-09-07	RDZN	1.2899999618530273	5.5	8	1.5	2.0	1.0	1.5	0.0	2.0	2.0	1.0	1.0	0.0	0.0	5.0	5	2.0	1.0	1.0	0.0	0.0	2.0	4.5	4	1.5	0.5	0.0	1.0	1.5	5.3	13
2026-09-07	REA	11.729999542236328	4.8	8	1.5	2.0	1.0	1.5	0.5	1.0	0.0	1.0	1.0	0.0	1.0	4.6	2	1.0	1.0	1.0	1.0	0.5	1.0	3.0	4	1.0	1.0	0.0	0.0	1.0	4.7	10
2026-09-07	REA.ASX	163.16000366210938	5.5	8	1.5	1.5	1.0	1.0	0.0	1.0	1.0	0.5	2.0	0.5	2.0	6.7	3	2.0	1.0	1.0	1.0	2.0	1.0	2.0	4	0.5	0.5	0.0	0.0	1.0	5.9	11
2026-09-07	REAL	9.859999656677246	5.7	8	1.5	2.0	1.0	0.5	0.0	1.5	2.0	1.0	1.0	2.0	0.0	4.6	5	1.0	0.0	1.0	2.0	0.0	1.5	5.0	4	2.0	1.0	0.0	1.0	1.0	5.4	13
2026-09-07	REC.L	43.5														5.8	4	1.5	1.0	1.0	1.0	1.5	1.0	3.0	4	0.5	1.5	0.0	0.0	1.0	5.8	4
2026-09-07	REC.MI	51.900001525878906	5.7	8	1.0	1.0	1.0	1.0	1.0	2.0	1.0	1.0	1.5	1.0	1.0	5.8	4	1.5	1.0	1.0	1.0	1.5	1.0	3.0	4	0.5	0.5	0.0	1.0	1.0	5.7	12
2026-09-07	RECT.BR	12.899999618530273														5.8	4	2.0	1.0	1.0	1.0	0.5	1.5	3.5	4	1.0	1.0	0.0	0.5	1.0	5.8	4
2026-09-07	RED.MC	14.989999771118164	5.5	8	1.5	1.5	1.0	1.0	0.0	2.0	1.0	1.0	1.0	1.0	1.0	5.0	5	0.0	1.0	1.0	1.0	2.0	1.0	2.5	4	0.0	0.5	0.0	1.0	1.0	5.3	13
2026-09-07	REEAF.US	0.004999999888241291														5.4	3	1.0	1.0	1.0	1.0	0.5	2.0	6.5	5	2.0	2.0	0.0	2.0	0.5	5.4	3
2026-09-07	REF	13.6899995803833	6.4	6	2.0	2.0	1.0	1.0	1.0	2.0	1.0	1.0	1.0	0.0	2.0	5.0	4	0.0	1.0	1.0	1.0	1.0	2.0	2.5	4	1.0	1.0	0.0	0.5	0.0	6.0	10
2026-09-07	REFI	10.949999809265137	5.7	9	1.5	2.0	1.0	1.5	1.0	2.0	0.0	1.0	1.0	0.5	1.0	5.4	6	2.0	1.0	1.0	0.0	2.0	0.5	2.5	5	0.0	0.5	0.0	0.5	1.5	5.6	15
2026-09-07	REG	75.26000213623047	6.1	9	1.5	1.5	1.0	1.5	0.0	2.0	2.0	1.0	1.0	2.0	0.0	5.0	6	0.5	0.0	1.0	1.5	2.0	1.0	2.5	5	1.0	0.0	0.0	0.5	1.0	5.8	15
2026-09-07	REG1V.HE	15.680000305175781														3.8	5	0.0	1.0	1.0	0.0	1.5	1.0	2.5	4	1.0	0.5	0.0	0.0	1.0	3.8	5
2026-09-07	REGN	827.719970703125	6.6	10	1.5	1.0	1.0	1.5	2.0	1.5	2.0	0.0	1.0	2.0	1.0	8.3	6	1.5	2.0	1.0	2.0	2.0	1.5	2.5	5	0.0	1.5	0.0	0.0	1.0	7.1	16
2026-09-07	REH.ASX	16.6299991607666	5.7	8	1.0	1.0	1.0	1.0	2.0	1.5	1.0	0.5	1.0	0.5	2.0	4.6	4	0.5	1.0	1.0	1.0	1.0	1.0	3.5	4	1.0	1.0	0.0	0.5	1.0	5.4	12
2026-09-07	REI	1.5	6.4	9	1.5	2.0	1.0	1.5	2.0	2.0	2.0	1.0	0.0	1.0	0.0	6.7	5	1.0	2.0	1.0	2.0	0.0	2.0	2.0	5	1.0	0.0	0.0	0.5	0.5	6.5	14
2026-09-07	REINA.NV	23.725000381469727														4.6	2	1.0	1.0	1.0	1.0	0.5	1.0	3.0	3	0.0	1.0	0.0	1.0	1.0	4.6	2
2026-09-07	REKR	0.5360000133514404	4.5	9	1.5	2.0	1.0	0.5	0.0	2.0	1.5	1.0	0.0	0.5	0.0	4.2	4	1.0	1.0	1.0	1.0	0.0	1.0	5.5	5	1.5	2.0	0.0	0.5	1.5	4.4	13
2026-09-07	REL.L	2620.0	5.9	7	1.5	2.0	1.0	1.0	1.0	1.0	1.0	1.0	2.0	1.5	0.0	6.2	4	1.5	1.0	1.0	1.0	2.0	1.0	3.0	4	0.0	0.0	0.0	2.0	1.0	6.0	11
2026-09-07	RELAIS.HE	14.449999809265137														5.0	5	1.0	1.0	1.0	0.0	1.0	2.0	3.5	4	1.0	0.5	0.0	1.0	1.0	5.0	5
2026-09-07	RELL	17.329999923706055	6.8	9	1.5	2.0	1.0	1.0	1.0	2.0	2.0	1.0	0.5	2.0	1.0	5.0	6	1.0	1.0	1.0	0.0	1.0	2.0	2.0	5	1.5	0.0	0.0	0.0	0.5	6.3	15
2026-09-07	RELX	35.5099983215332														6.2	4	1.5	1.0	1.0	1.0	2.0	1.0	2.5	5	0.0	0.0	0.0	2.0	0.5	6.2	4
2026-09-07	RELY	26.170000076293945	8.2	9	2.0	2.0	1.0	1.0	2.0	2.0	2.0	1.0	2.0	2.0	1.0	6.2	6	1.0	2.0	1.0	0.0	1.5	2.0	2.5	5	0.0	1.5	0.0	0.0	1.0	7.6	15
2026-09-07	REMEDY.HE	18.079999923706055														4.2	4	1.0	1.0	1.0	2.0	0.0	0.0	3.5	4	1.0	1.0	0.0	0.5	1.0	4.2	4
2026-09-07	REN.NV	30.600000381469727	6.4	7	1.5	2.0	1.0	1.0	2.0	1.0	1.0	1.0	2.0	1.5	0.0	6.2	4	1.5	1.0	1.0	1.0	2.0	1.0	3.0	4	0.0	0.0	0.0	2.0	1.0	6.3	11
2026-09-07	RENE.LS	3.505000114440918														5.4	4	0.0	1.0	1.0	1.0	1.5	2.0	2.5	4	0.0	0.0	0.0	1.5	1.0	5.4	4
2026-09-07	RENEF	12.710000038146973														4.6	1	1.0	1.0	1.0	1.0	0.5	1.0	4.0	3	0.0	2.0	1.0	1.0	0.0	4.6	1
2026-09-07	RENT	3.805000066757202														6.7	4	2.0	1.0	1.0	1.0	1.0	2.0	5.0	4	1.0	1.0	0.0	1.0	2.0	6.7	4
2026-09-07	REP.MC	27.739999771118164	7.0	9	2.0	1.5	1.0	1.0	2.0	1.5	1.5	1.0	1.0	1.0	2.0	7.5	5	2.0	1.0	1.0	2.0	1.0	2.0	3.0	4	0.0	1.5	0.0	0.5	1.0	7.1	14
2026-09-07	REPL	15.039999961853027	5.9	9	2.0	2.0	1.0	0.0	2.0	1.0	1.0	1.0	0.0	2.0	1.0	2.9	4	1.0	0.0	1.0	0.0	0.5	1.0	4.5	5	1.0	1.5	0.0	1.0	1.0	5.0	13
2026-09-07	REPX	41.93000030517578	6.6	9	1.5	1.5	1.0	1.5	1.5	2.0	1.0	1.0	1.5	2.0	0.0	7.9	6	0.5	2.0	1.0	2.0	2.0	2.0	5.5	5	1.0	2.0	1.0	0.5	1.0	7.0	15
2026-09-07	RES	6.5	5.5	9	1.0	0.5	1.0	0.0	2.0	2.0	2.0	1.0	0.5	1.0	1.0	5.8	6	0.0	2.0	1.0	2.0	1.0	1.0	2.0	5	0.5	0.0	0.0	0.0	1.5	5.6	15
2026-09-07	RESI.L	7.239999771118164														5.0	1	1.0	1.0	1.0	1.0	1.0	1.0	5.0	2	1.0	2.0	0.0	1.0	1.0	5.0	1
2026-09-07	RET.BR	66.5														6.7	4	2.0	1.0	1.0	1.0	2.0	1.0	2.0	4	0.5	0.0	0.0	0.5	1.0	6.7	4
2026-09-07	REVB.L	4.25														3.3	3	1.0	1.0	1.0	1.0	0.0	0.0	5.5	3	1.5	0.0	2.0	1.0	1.0	3.3	3
2026-09-07	REX	41.459999084472656														5.8	4	1.0	1.0	1.0	1.0	1.5	1.5	1.5	5	0.5	0.0	0.0	0.0	1.0	5.8	4
2026-09-07	REXR	36.790000915527344	5.9	10	1.5	1.5	1.0	1.5	1.0	2.0	2.0	0.5	0.0	2.0	0.0	2.1	6	1.0	0.0	1.0	0.0	0.0	0.5	2.5	5	1.5	0.0	0.0	0.5	0.5	4.8	16
2026-09-07	REY.MI	122.0	7.0	7	1.5	2.0	1.0	1.0	2.0	1.5	1.0	1.0	1.5	1.0	2.0	5.4	4	1.0	1.0	1.0	1.0	1.5	1.0	3.0	4	1.0	1.0	0.0	0.0	1.0	6.5	11
2026-09-07	REYN	21.850000381469727	5.9	9	1.0	1.5	1.0	0.5	0.0	2.0	1.5	1.0	1.5	1.0	2.0	5.4	6	1.5	1.0	1.0	1.0	1.0	1.0	4.0	5	0.5	0.5	1.0	0.5	1.5	5.8	15
2026-09-07	REZI	19.8799991607666	7.3	9	1.5	2.0	1.0	1.0	0.0	2.0	2.0	1.0	1.5	2.0	2.0	5.8	6	2.0	2.0	1.0	0.0	1.0	1.0	4.5	5	1.5	1.5	0.0	1.0	0.5	6.8	15
2026-09-07	RF	30.420000076293945	5.7	9	1.0	1.5	1.0	1.0	1.0	1.5	1.5	0.0	1.0	2.0	1.0	6.2	6	1.0	2.0	1.0	0.5	2.0	1.0	3.5	4	1.0	0.5	0.0	1.0	1.0	5.8	15
2026-09-07	RF.PA	49.2400016784668														5.0	3	2.0	1.0	1.0	1.0	0.0	1.0	2.0	4	1.0	0.0	0.0	0.0	1.0	5.0	3
2026-09-07	RGA	253.27000427246094	7.5	9	1.5	1.5	1.0	2.0	2.0	1.5	2.0	1.0	1.0	2.0	1.0	6.7	6	1.5	2.0	1.0	1.0	1.0	1.5	2.5	5	0.0	1.5	0.0	0.5	0.5	7.3	15
2026-09-07	RGC	6.889999866485596														5.4	2	1.0	1.0	2.0	1.0	0.5	1.0	6.5	5	1.5	1.5	2.0	0.5	1.0	5.4	2
2026-09-07	RGCO	21.93000030517578														5.8	5	1.5	1.0	1.0	1.5	1.5	0.5	4.0	5	0.5	1.0	0.0	1.0	1.5	5.8	5
2026-09-07	RGEN	167.60000610351562	6.8	10	2.0	1.5	1.0	0.5	2.0	1.5	2.0	1.0	0.5	2.0	1.0	5.8	6	1.0	2.0	1.0	0.5	1.0	1.5	3.0	5	1.0	0.5	0.0	0.5	1.0	6.5	16
2026-09-07	RGL.L	93.0														3.3	3	1.0	1.0	1.0	1.0	0.0	0.0	3.0	4	0.5	0.5	0.0	1.0	1.0	3.3	3
2026-09-07	RGLD	262.1099853515625	6.8	9	1.0	1.5	1.0	1.5	2.0	1.5	0.5	1.0	1.0	2.0	2.0	7.1	6	1.5	2.0	1.0	0.0	2.0	2.0	1.5	5	0.0	0.5	0.0	0.0	1.0	6.9	15
2026-09-07	RGN.ASX	2.2699999809265137	5.0	8	1.5	1.5	1.0	1.0	0.0	2.0	1.0	1.0	1.0	1.0	0.0	6.7	4	2.0	1.0	1.0	1.0	2.0	1.0	2.0	4	0.5	0.0	0.0	0.5	1.0	5.5	12
2026-09-07	RGNX	8.9399995803833	5.2	9	1.5	2.0	1.0	0.5	0.0	0.0	2.0	1.0	0.0	1.5	2.0	5.8	4	1.0	1.0	1.0	2.0	0.0	2.0	4.5	5	1.0	0.5	0.0	2.0	1.0	5.4	13
2026-09-07	RGP	4.039999961853027	6.8	9	1.5	2.0	1.0	1.5	0.0	2.0	2.0	1.0	0.0	2.0	2.0	4.6	6	2.0	2.0	1.0	0.0	0.5	0.0	1.0	5	0.5	0.0	0.0	0.0	0.5	6.1	15
2026-09-07	RGR	38.4900016784668	6.1	9	1.5	1.5	1.0	1.5	2.0	2.0	0.0	1.0	0.5	1.5	1.0	4.6	6	0.0	2.0	1.0	0.0	1.0	1.5	1.0	5	0.0	0.0	0.0	0.0	1.0	5.6	15
2026-09-07	RGTI	15.199999809265137	4.8	9	1.5	2.0	1.0	0.5	0.0	0.5	1.5	1.0	0.0	1.5	1.0	5.4	5	1.0	2.0	1.0	0.0	0.5	2.0	4.0	5	2.0	1.5	0.0	0.0	0.5	5.0	14
2026-09-07	RH	147.99000549316406	4.8	9	1.0	2.0	1.0	0.0	0.0	1.0	0.0	1.5	1.0	2.0	1.0	4.6	5	2.0	1.0	1.0	0.0	1.0	0.5	6.0	5	2.0	0.5	0.0	2.0	1.5	4.7	14
2026-09-07	RHC.ASX	53.220001220703125	5.0	8	1.0	0.5	1.0	1.0	1.5	1.5	1.0	1.0	1.0	1.5	0.0	4.6	4	1.0	1.0	1.0	1.0	1.0	0.5	5.0	4	0.5	2.0	0.0	1.5	1.0	4.9	12
2026-09-07	RHI	42.58000183105469	5.2	9	1.0	0.5	1.0	0.0	2.0	0.5	1.5	1.0	1.0	2.0	1.0	4.6	6	0.0	2.0	1.0	1.0	1.0	0.5	3.0	5	0.5	1.0	0.0	0.0	1.5	5.0	15
2026-09-07	RHIM.L	2900.0	6.1	8	1.5	1.5	1.0	1.0	2.0	1.5	1.0	1.0	1.0	1.0	1.0	3.8	4	0.0	1.0	1.0	1.0	1.0	0.5	4.5	4	1.5	0.5	0.0	1.5	1.0	5.4	12
2026-09-07	RHK.DE	14.600000381469727														4.2	4	0.0	1.0	1.0	1.0	1.0	1.0	1.5	4	0.0	0.5	0.0	0.0	1.0	4.2	4
2026-09-07	RHLD	136.58999633789062														5.8	4	1.0	1.0	1.0	1.0	1.0	2.0	2.5	4	1.0	0.0	0.0	0.5	1.0	5.8	4
2026-09-07	RHM.DE	1034.0	5.5	9	2.0	2.0	1.0	1.0	0.0	1.0	0.5	0.5	2.0	1.0	1.0	6.2	5	2.0	1.0	1.0	0.5	1.0	2.0	3.0	4	0.0	1.5	0.0	0.5	1.0	5.7	14
2026-09-07	RHP	123.48999786376953	7.5	10	2.0	1.5	1.0	1.5	1.0	2.0	2.0	1.0	1.5	2.0	1.0	4.6	6	1.5	0.0	1.0	0.5	1.0	1.5	4.0	5	1.0	0.5	0.0	2.0	0.5	6.6	16
2026-09-07	RI.PA	61.7599983215332	5.2	8	1.0	1.5	1.0	1.0	0.0	1.0	1.0	0.5	1.0	1.5	2.0	4.6	4	1.0	1.0	1.0	1.0	1.5	0.0	3.0	4	0.0	1.5	0.0	0.5	1.0	5.0	12
2026-09-07	RIC.ASX	2.640000104904175	5.5	7	1.5	1.5	1.0	1.0	0.0	2.0	1.0	1.0	1.0	1.0	1.0	5.0	4	0.0	1.0	1.0	1.0	1.0	2.0	3.0	4	0.0	0.5	0.0	1.5	1.0	5.3	11
2026-09-07	RICK	29.350000381469727														5.4	4	2.0	1.0	1.0	1.0	0.5	1.0	3.5	5	0.5	0.0	0.0	1.0	2.0	5.4	4
2026-09-07	RIG	5.849999904632568	5.9	9	1.0	2.0	1.0	0.0	2.0	0.5	1.5	1.0	0.0	2.0	2.0	4.2	6	1.5	2.0	1.0	0.0	0.0	0.5	3.5	5	1.5	0.0	0.0	0.5	1.5	5.4	15
2026-09-07	RIGD.L	55.79999923706055														6.7	4	2.0	1.0	1.0	1.0	1.0	2.0	2.0	4	0.0	0.5	0.0	0.5	1.0	6.7	4
2026-09-07	RIGL	48.66999816894531	7.7	9	1.5	2.0	1.0	0.5	2.0	1.0	2.0	1.0	2.0	2.0	2.0	4.2	6	2.0	0.0	1.0	0.0	2.0	0.0	4.0	5	1.0	1.0	0.0	0.0	2.0	6.6	15
2026-09-07	RILBA.CO	1832.0														6.2	5	1.0	1.0	1.0	1.5	2.0	1.0	4.0	3	0.0	2.0	0.0	1.0	1.0	6.2	5
2026-09-07	RILY	7.03000020980835														7.1	4	2.0	1.0	1.0	1.0	2.0	1.5	5.0	5	1.5	0.0	0.0	2.0	1.5	7.1	4
2026-09-07	RIO	103.2699966430664	6.1	8	1.0	0.5	1.0	2.0	2.0	2.0	1.0	1.0	1.5	0.5	1.0	5.8	5	0.0	2.0	1.0	1.0	1.5	1.5	3.0	5	0.5	1.0	0.0	0.5	1.0	6.0	13
2026-09-07	RIO.ASX	177.36000061035156	6.1	7	1.0	1.0	1.0	1.0	2.0	1.5	1.0	1.0	1.5	1.5	1.0	5.0	4	0.0	1.0	1.0	1.0	1.5	1.5	2.5	4	0.5	0.5	0.0	0.5	1.0	5.8	11
2026-09-07	RIO.L	7641.0	6.1	8	1.0	1.0	1.0	1.0	2.0	1.0	1.0	2.0	1.5	1.0	1.0	5.0	4	0.0	1.0	1.0	1.0	1.5	1.5	2.5	4	0.5	0.5	0.0	0.5	1.0	5.8	12
2026-09-07	RIOT	21.799999237060547	6.1	9	2.0	2.0	1.0	0.5	2.0	1.0	0.0	1.0	0.0	2.0	2.0	3.8	5	1.0	1.0	1.0	0.0	0.0	1.5	3.0	5	2.0	0.0	0.0	0.5	0.5	5.4	14
2026-09-07	RITM	10.079999923706055	7.0	9	2.0	2.0	1.0	1.0	1.0	2.0	2.0	1.0	1.0	1.5	1.0	5.4	6	1.0	2.0	1.0	0.0	1.5	1.0	4.0	5	1.0	0.0	0.0	2.0	1.0	6.5	15
2026-09-07	RIVN	15.739999771118164	5.0	10	1.0	1.5	1.0	0.5	0.0	0.5	2.0	1.5	0.0	1.0	2.0	5.8	5	1.0	1.0	1.0	2.0	0.0	2.0	4.5	5	1.5	0.5	0.0	1.0	1.5	5.2	15
2026-09-07	RJF	178.2899932861328	7.0	10	1.5	1.0	1.0	1.5	2.0	1.5	1.5	0.0	1.5	2.0	2.0	6.2	6	2.0	0.0	1.0	1.5	1.5	1.5	4.0	5	1.0	1.0	0.0	0.5	1.5	6.8	16
2026-09-07	RKH.L	73.0														5.0	3	2.0	1.0	0.5	1.0	0.5	1.0	2.5	4	0.0	0.5	1.0	0.0	1.0	5.0	3
2026-09-07	RKLB	64.26000213623047	5.2	10	1.5	2.0	1.0	1.0	0.0	1.0	2.0	0.5	0.0	1.5	1.0	3.3	5	1.0	0.0	1.0	0.0	0.0	2.0	3.0	5	2.0	0.5	0.0	0.0	0.5	4.6	15
2026-09-07	RKT	14.0600004196167	6.4	9	1.5	2.0	1.0	1.0	0.0	1.5	2.0	1.0	0.5	1.5	2.0	6.7	6	2.0	2.0	1.0	0.0	1.0	2.0	5.0	5	2.0	1.0	0.0	1.0	1.0	6.5	15
2026-09-07	RKT.L	5114.0	6.6	8	1.0	2.0	1.0	1.0	1.0	2.0	1.0	1.5	2.0	2.0	0.0	5.4	4	1.0	1.0	1.0	1.0	2.0	0.5	2.5	4	0.0	0.0	0.0	1.5	1.0	6.2	12
2026-09-07	RL	351.20001220703125	7.5	10	2.0	2.0	1.0	1.0	0.0	1.5	1.5	1.5	2.0	2.0	2.0	5.8	6	1.0	0.0	1.0	2.0	1.5	1.5	3.5	5	1.5	0.0	0.0	1.0	1.0	7.0	16
2026-09-07	RLAY	19.040000915527344	5.5	9	2.0	2.0	1.0	0.0	1.0	1.0	1.0	1.0	0.0	2.0	1.0	4.6	5	1.0	2.0	1.0	1.0	0.5	0.0	4.5	5	1.5	1.0	0.0	0.0	2.0	5.2	14
2026-09-07	RLGT	8.4399995803833	7.7	9	1.5	2.0	1.0	2.0	1.0	2.0	2.0	1.0	1.0	1.5	2.0	5.4	6	0.0	2.0	1.0	1.5	1.0	1.0	3.5	5	1.0	0.5	0.0	0.5	1.5	7.0	15
2026-09-07	RLI	62.400001525878906	7.0	9	1.5	1.5	1.0	1.0	1.0	1.5	2.0	1.0	2.0	2.0	1.0	6.7	6	1.0	2.0	1.0	0.5	2.0	1.5	2.0	5	0.0	0.5	0.0	0.0	1.5	6.9	15
2026-09-07	RLJ	10.930000305175781	6.4	9	1.5	1.5	1.0	0.5	1.0	2.0	2.0	1.0	0.5	2.0	1.0	5.0	6	1.0	0.0	1.0	2.0	1.0	1.0	4.0	5	1.0	0.5	0.0	1.0	1.5	6.0	15
2026-09-07	RLMD	4.429999828338623	4.8	9	2.0	2.0	1.0	0.5	0.0	1.0	0.0	1.0	0.0	2.0	1.0	4.6	4	1.0	0.0	1.0	2.0	0.5	1.0	2.5	4	1.0	0.0	0.0	0.0	1.5	4.7	13
2026-09-07	RLX	1.7999999523162842														5.4	5	1.0	1.0	1.0	0.0	2.0	1.5	4.0	5	1.0	1.5	1.0	0.0	0.5	5.4	5
2026-09-07	RM	33.68000030517578	6.4	9	1.5	2.0	1.0	1.0	0.0	2.0	1.5	1.0	1.0	2.0	1.0	5.0	6	2.0	1.0	1.0	0.0	1.0	1.0	4.5	5	1.0	0.5	0.0	2.0	1.0	6.0	15
2026-09-07	RMAX	11.100000381469727														4.6	3	1.0	1.0	1.0	1.5	0.5	0.5	5.0	3	2.0	0.0	1.0	1.0	1.0	4.6	3
2026-09-07	RMBS	85.45999908447266	6.6	10	2.0	2.0	1.0	1.0	0.0	2.0	1.0	1.0	1.5	2.0	1.0	5.8	6	0.5	0.0	1.0	1.5	2.0	2.0	3.5	5	2.0	1.0	0.0	0.0	0.5	6.4	16
2026-09-07	RMD	228.35000610351562	5.9	10	1.0	1.0	1.0	0.5	1.0	2.0	1.5	0.5	1.5	2.0	1.0	5.4	6	1.5	1.0	1.0	0.0	2.0	1.0	2.0	5	0.5	0.0	0.0	0.0	1.5	5.8	16
2026-09-07	RMD.ASX	31.389999389648438	5.7	9	2.0	2.0	1.0	1.0	1.0	2.0	1.0	0.0	1.5	0.0	1.0	5.4	5	1.5	1.0	1.0	0.0	2.0	1.0	2.0	4	0.5	0.5	0.0	0.0	1.0	5.6	14
2026-09-07	RMNI	5.010000228881836	6.1	8	1.5	2.0	1.0	1.5	2.0	1.5	0.0	1.0	1.0	2.0	0.0	5.0	5	2.0	1.0	1.0	0.0	1.0	1.0	4.5	4	1.5	0.5	0.0	1.0	1.5	5.8	13
2026-09-07	RMR	19.549999237060547														5.0	5	2.0	1.0	1.0	0.0	1.0	1.0	3.5	5	1.0	0.5	0.0	0.5	1.5	5.0	5
2026-09-07	RMS.ASX	3.9200000762939453	6.8	8	2.0	2.0	1.0	1.0	2.0	1.5	1.0	0.5	0.5	1.5	2.0	5.0	3	0.5	1.0	1.0	1.0	1.5	1.0	2.5	4	1.5	0.0	0.0	0.0	1.0	6.3	11
2026-09-07	RMS.PA	1457.0	5.5	8	1.5	2.0	1.0	1.0	0.0	1.5	1.0	0.5	2.0	0.5	1.0	5.4	4	0.5	1.0	1.0	1.0	2.0	1.0	4.0	4	1.0	2.0	0.0	0.0	1.0	5.5	12
2026-09-07	RMTI	7.989999771118164	5.0	9	1.5	2.0	1.0	1.5	1.0	2.0	0.0	1.0	0.0	0.0	1.0	3.3	5	0.0	1.0	1.0	0.0	0.5	1.5	3.0	5	1.5	0.5	0.0	0.5	0.5	4.5	14
2026-09-07	RMV.L	491.0	7.3	7	1.0	1.5	1.0	1.0	2.0	1.5	1.0	1.0	2.0	2.0	2.0	5.8	4	1.0	1.0	1.0	1.0	2.0	1.0	2.5	4	1.0	0.5	0.0	0.0	1.0	6.8	11
2026-09-07	RNA	14.1899995803833	6.6	7	2.0	2.0	1.0	1.0	1.5	2.0	0.0	1.0	1.0	2.0	1.0	3.3	4	1.0	1.0	1.0	1.0	0.0	0.0	3.0	4	1.0	0.0	0.0	0.0	2.0	5.6	11
2026-09-07	RNG	73.38999938964844	5.9	9	1.5	0.5	1.0	0.5	1.5	1.0	1.5	1.5	1.0	2.0	1.0	5.4	6	2.0	0.0	1.0	1.5	1.0	1.0	4.0	4	1.0	1.5	0.0	1.0	0.5	5.8	15
2026-09-07	RNGR	16.780000686645508	7.0	9	1.5	1.5	1.0	2.0	2.0	2.0	0.0	1.0	0.5	2.0	2.0	5.8	6	0.5	2.0	1.0	0.5	1.0	2.0	1.0	5	0.0	0.5	0.0	0.0	0.5	6.6	15
2026-09-07	RNK.L	102.5999984741211	5.9	7	1.5	2.0	1.0	1.0	2.0	1.5	1.0	1.0	1.0	1.0	0.0	5.8	4	2.0	1.0	1.0	1.0	1.0	1.0	3.5	4	1.5	0.5	0.0	0.5	1.0	5.9	11
2026-09-07	RNO.PA	29.139999389648438	5.0	8	0.5	1.5	1.0	1.0	1.0	1.5	1.0	0.5	1.0	1.0	1.0	5.8	4	2.0	1.0	1.0	1.0	1.0	1.0	4.5	4	1.0	0.5	0.0	2.0	1.0	5.2	12
2026-09-07	RNR	330.3800048828125	7.3	9	1.0	1.5	1.0	1.5	2.0	1.5	2.0	1.0	1.5	2.0	1.0	4.6	6	0.5	0.0	1.0	2.0	2.0	0.0	2.5	5	0.0	1.5	0.0	0.0	1.0	6.5	15
2026-09-07	RNST	41.400001525878906	6.8	8	2.0	1.5	1.0	1.0	1.0	2.0	1.5	1.0	1.0	2.0	1.0	6.7	6	1.0	1.0	1.0	1.0	2.0	2.0	4.0	4	1.0	0.5	0.0	1.0	1.5	6.8	14
2026-09-07	RNW	6.869999885559082	6.6	9	1.0	1.0	1.0	1.5	2.0	2.0	2.0	1.0	1.0	2.0	0.0	5.0	5	1.0	1.0	1.0	0.5	1.0	1.5	3.0	5	1.0	0.0	0.0	2.0	0.0	6.1	14
2026-09-07	ROAD	104.68000030517578	7.5	9	2.0	2.0	1.0	1.0	0.0	2.0	2.0	1.0	1.5	2.0	2.0	7.5	6	1.0	2.0	1.0	2.0	1.0	2.0	4.0	5	1.0	1.0	0.0	1.5	0.5	7.5	15
2026-09-07	ROCK	47.25														5.8	5	2.0	1.0	1.0	1.0	0.0	2.0	4.5	5	1.5	0.5	0.0	1.5	1.0	5.8	5
2026-09-07	ROCKB.CO	204.1999969482422														5.4	5	1.0	1.0	1.0	2.0	0.5	1.0	3.5	3	1.5	0.0	0.0	1.0	1.0	5.4	5
2026-09-07	ROG	127.81999969482422	7.0	9	1.5	2.0	1.0	1.5	1.0	2.0	2.0	1.0	0.5	2.0	1.0	7.5	6	2.0	2.0	1.0	2.0	1.0	1.0	1.0	5	0.5	0.0	0.0	0.0	0.5	7.1	15
2026-09-07	ROIV	34.93000030517578	6.6	10	2.0	2.0	1.0	1.0	1.0	1.5	2.0	1.0	0.0	2.0	1.0	2.1	5	1.0	0.0	1.0	0.0	0.5	0.0	3.5	5	1.0	1.0	0.0	0.0	1.5	5.2	15
2026-09-07	ROK	433.80999755859375	7.3	10	1.5	1.5	1.0	1.5	1.0	1.5	2.0	1.0	2.0	2.0	1.0	5.0	6	1.0	0.0	1.0	1.5	1.5	1.0	3.5	5	1.5	0.0	0.0	1.0	1.0	6.6	16
2026-09-07	ROKOb.ST	1900.0														5.8	4	0.5	1.0	1.0	1.0	1.5	2.0	3.0	3	1.0	0.5	0.0	0.5	1.0	5.8	4
2026-09-07	ROKU	155.58999633789062	7.5	9	1.5	1.0	1.0	1.0	2.0	2.0	2.0	1.0	1.0	2.0	2.0	6.2	6	2.0	0.0	1.0	1.5	1.0	2.0	4.5	5	2.0	1.5	0.0	0.0	1.0	7.1	15
2026-09-07	ROL	35.86000061035156	5.5	10	1.5	2.0	1.0	1.5	0.0	1.5	1.0	0.0	2.0	1.5	0.0	3.3	6	0.5	0.0	1.0	0.0	1.5	1.0	3.5	5	0.5	2.0	0.0	0.5	0.5	4.8	16
2026-09-07	ROOT	56.59000015258789	6.1	9	1.5	1.5	1.0	0.5	0.0	1.0	2.0	1.0	1.5	1.5	2.0	4.2	6	1.0	1.0	1.0	0.0	1.0	1.0	4.5	5	2.0	0.5	0.0	0.5	1.5	5.5	15
2026-09-07	ROP	407.2799987792969	5.9	9	1.5	1.5	1.0	1.0	2.0	1.0	1.0	1.0	1.0	2.0	0.0	7.1	6	1.0	2.0	1.0	1.5	2.0	1.0	2.5	5	0.5	0.0	0.0	0.5	1.5	6.3	15
2026-09-07	ROP.ZU	357.0	6.6	7	1.5	1.5	1.0	1.0	2.0	1.5	1.0	1.0	2.0	1.0	1.0	5.4	4	1.5	1.0	1.0	1.0	1.5	0.5	3.0	4	0.0	1.0	0.0	1.0	1.0	6.2	11
2026-09-07	ROR.L	484.20001220703125	6.6	8	1.5	1.0	1.0	1.0	1.5	2.0	1.0	0.0	1.5	2.0	2.0	4.6	4	0.5	1.0	1.0	1.0	1.5	0.5	5.0	4	1.0	2.0	1.0	0.0	1.0	6.0	12
2026-09-07	ROST	230.69000244140625	8.4	10	2.0	2.0	1.0	1.5	1.0	2.0	2.0	1.0	2.0	2.0	2.0	5.8	6	1.0	0.0	1.0	2.0	1.5	1.5	3.0	5	1.0	0.5	0.0	0.5	1.0	7.6	16
2026-09-07	ROVI.MC	59.29999923706055														6.7	4	1.5	1.0	1.0	1.0	2.0	1.5	2.0	4	0.0	1.0	0.0	0.0	1.0	6.7	4
2026-09-07	RPAY	3.880000114440918	5.9	9	1.5	2.0	1.0	1.0	1.0	2.0	0.5	1.0	0.0	2.0	1.0	5.0	5	1.0	0.0	1.0	2.0	0.0	2.0	5.0	5	2.0	0.0	0.0	1.5	1.5	5.6	14
2026-09-07	RPC.US	8.5	7.0	9	1.5	2.0	1.0	1.5	1.0	1.5	1.5	1.0	1.0	1.5	2.0	4.2	5	0.5	1.0	1.0	0.0	1.0	1.5	3.5	5	1.0	0.5	0.0	1.0	1.0	6.2	14
2026-09-07	RPD	11.0	5.0	10	1.0	1.5	1.0	0.5	1.0	1.0	2.0	0.0	1.0	2.0	0.0	5.4	5	2.0	1.0	1.0	1.0	1.0	0.5	4.0	5	1.0	0.0	0.0	2.0	1.0	5.1	15
2026-09-07	RPI.L	596.0	5.7	7	1.5	2.0	1.0	1.0	1.0	1.5	1.0	1.0	1.0	0.5	1.0	5.0	4	0.0	1.0	1.0	1.0	1.0	2.0	1.0	4	0.0	0.0	0.0	0.0	1.0	5.5	11
2026-09-07	RPM	105.5199966430664	7.5	10	2.0	2.0	1.0	1.5	0.0	1.5	2.0	1.0	1.5	2.0	2.0	5.4	6	1.0	1.0	1.0	1.5	1.0	1.0	3.0	5	1.0	0.0	0.0	1.0	1.0	6.9	16
2026-09-07	RPRX	63.959999084472656	7.7	9	2.0	1.0	1.0	1.5	2.0	2.0	1.5	1.0	1.0	2.0	2.0	7.9	6	1.5	2.0	1.0	1.5	2.0	1.5	4.0	5	0.0	2.0	0.0	1.0	1.0	7.8	15
2026-09-07	RPT	12.9399995803833	6.6	9	1.5	2.0	1.0	1.5	1.0	2.0	0.0	1.0	0.5	2.0	2.0	6.2	4	1.0	1.0	1.0	2.0	1.5	1.0	3.0	5	1.0	0.0	0.0	1.5	0.5	6.5	13
2026-09-07	RR	1.75														4.2	4	0.5	1.0	1.0	1.0	0.0	1.5	3.5	5	0.5	1.5	0.0	0.0	1.5	4.2	4
2026-09-07	RR.L	1489.4000244140625	7.0	7	2.0	1.5	1.0	1.0	2.0	1.5	1.0	1.0	2.0	1.5	1.0	6.2	4	1.0	1.0	1.0	1.0	1.5	2.0	4.5	4	1.0	1.0	0.0	1.5	1.0	6.8	11
2026-09-07	RRC	42.0	6.1	9	1.0	1.0	1.0	0.5	2.0	1.5	2.0	1.0	1.5	2.0	0.0	6.2	6	1.5	2.0	1.0	0.0	2.0	1.0	1.5	5	0.0	0.0	0.0	0.0	1.5	6.1	15
2026-09-07	RRGB	8.470000267028809	6.8	8	1.5	2.0	1.0	0.5	2.0	2.0	2.0	1.0	1.0	2.0	0.0	5.0	6	1.5	1.0	1.0	1.5	0.5	0.5	4.5	4	2.0	0.5	0.0	1.0	1.0	6.3	14
2026-09-07	RRL.ASX	8.319999694824219	6.6	8	1.5	1.0	1.0	1.0	2.0	1.5	1.0	0.0	2.0	1.5	2.0	7.5	4	2.0	1.0	1.0	1.0	2.0	2.0	3.0	4	1.5	0.5	0.0	0.0	1.0	6.9	12
2026-09-07	RRR	57.150001525878906	6.6	10	2.0	2.0	1.0	0.5	0.0	1.5	2.0	1.5	2.0	2.0	0.0	5.4	6	1.0	1.0	1.0	2.0	1.0	0.5	4.5	5	1.5	0.0	0.0	2.0	1.0	6.2	16
2026-09-07	RRTL.DE	32.54999923706055	4.5	7	0.5	1.0	1.0	1.0	1.0	2.0	1.0	1.0	0.5	0.0	1.0	4.6	4	0.0	1.0	1.0	1.0	1.5	1.0	2.0	4	0.5	0.0	0.0	0.5	1.0	4.5	11
2026-09-07	RRX	162.86000061035156	7.0	9	2.0	2.0	1.0	1.5	0.0	2.0	1.5	1.0	0.5	2.0	2.0	3.8	6	1.5	0.0	1.0	0.0	1.0	1.0	2.5	5	1.0	0.5	0.0	0.5	0.5	6.0	15
2026-09-07	RS	400.510009765625	6.8	9	1.0	1.0	1.0	1.5	2.0	2.0	1.5	1.0	1.0	2.0	1.0	5.8	6	1.0	0.0	1.0	2.0	1.0	2.0	2.5	5	1.0	1.0	0.0	0.0	0.5	6.5	15
2026-09-07	RS1.L	744.5	7.0	7	1.5	1.0	1.0	1.0	2.0	2.0	1.0	1.0	1.0	2.0	2.0	5.8	4	2.0	1.0	1.0	1.0	1.0	1.0	3.5	4	1.0	1.0	0.0	0.5	1.0	6.6	11
2026-09-07	RSG	222.7100067138672	7.0	9	1.5	1.5	1.0	1.5	2.0	2.0	1.5	1.0	1.5	2.0	0.0	4.2	6	0.5	0.0	1.0	1.0	1.5	1.0	2.5	5	0.0	0.5	0.0	1.0	1.0	6.2	15
2026-09-07	RSG.L	74.80000305175781	8.2	8	2.0	2.0	1.0	1.0	2.0	1.0	1.0	2.0	2.0	2.0	2.0	6.7	4	1.5	1.0	1.0	1.0	1.5	2.0	3.0	4	1.5	0.5	0.0	0.0	1.0	7.7	12
2026-09-07	RSI	26.68000030517578	7.7	10	2.0	2.0	1.0	1.0	1.0	1.5	1.5	1.0	2.0	2.0	2.0	5.0	6	0.0	2.0	1.0	0.0	1.0	2.0	2.0	5	1.5	0.0	0.0	0.0	0.5	6.9	16
2026-09-07	RSKD	6.510000228881836	7.0	9	1.5	1.5	1.0	2.0	2.0	2.0	2.0	1.0	0.0	1.5	1.0	5.0	5	1.0	0.0	1.0	1.5	0.5	2.0	2.5	5	1.5	1.0	0.0	0.0	0.0	6.4	14
2026-09-07	RSL2.DE	12.800000190734863														3.8	4	0.0	1.0	1.0	1.0	1.0	0.5	3.0	4	0.0	1.0	0.0	1.0	1.0	3.8	4
2026-09-07	RSW.L	5170.0	6.1	8	1.5	1.0	1.0	1.0	2.0	1.0	1.0	2.0	1.0	1.0	1.0	4.6	4	0.0	1.0	1.0	1.0	1.5	1.0	3.0	4	1.0	1.0	0.0	0.0	1.0	5.6	12
2026-09-07	RTC.DE	1.0199999809265137														5.0	4	0.5	1.0	1.0	1.0	1.0	1.5	2.0	4	0.5	0.5	0.0	0.0	1.0	5.0	4
2026-09-07	RTO.L	348.3999938964844	5.7	7	1.5	2.0	1.0	1.0	0.0	1.0	1.0	1.0	1.0	2.0	1.0	5.8	4	2.0	1.0	1.0	1.0	1.0	1.0	3.0	4	0.0	1.0	0.0	1.0	1.0	5.7	11
2026-09-07	RTO.US	23.829999923706055	5.7	8	1.5	1.5	1.0	2.0	0.0	2.0	1.0	1.0	1.0	0.5	1.0	6.7	5	2.0	2.0	1.0	1.0	1.0	1.0	3.0	5	0.0	1.5	0.0	1.0	0.5	6.0	13
2026-09-07	RTX	200.7899932861328	7.3	10	1.5	1.5	1.0	2.0	1.0	2.0	2.0	1.0	1.0	2.0	1.0	6.7	6	1.0	2.0	1.0	1.5	1.0	1.5	1.5	5	0.0	0.5	0.0	0.5	0.5	7.1	16
2026-09-07	RTX.CO	102.5														4.6	4	0.5	1.0	1.0	1.0	1.0	1.0	2.5	4	1.5	0.0	0.0	0.0	1.0	4.6	4
2026-09-07	RUBI	1.8250000476837158														3.3	3	1.0	1.0	1.0	1.0	0.0	0.0	4.5	4	1.0	2.0	0.0	1.5	0.0	3.3	3
2026-09-07	RUI.PA	33.779998779296875														5.0	4	1.5	1.0	1.0	1.0	1.0	0.5	2.5	4	1.0	0.0	0.0	0.5	1.0	5.0	4
2026-09-07	RUM	8.600000381469727	5.7	9	1.5	2.0	1.0	0.5	2.0	2.0	0.0	1.0	0.0	0.5	2.0	4.2	5	1.0	1.0	1.0	0.0	0.0	2.0	4.0	5	1.5	0.5	0.0	0.5	1.5	5.2	14
2026-09-07	RUN	8.890000343322754	5.2	9	2.0	2.0	1.0	0.0	0.0	0.5	2.0	1.0	0.0	2.0	1.0	7.5	6	0.5	2.0	1.0	2.0	1.5	2.0	7.0	5	2.0	1.5	0.0	2.0	1.5	5.9	15
2026-09-07	RUSHA	50.95000076293945	6.4	9	1.5	1.5	1.0	0.5	1.0	2.0	1.5	1.0	1.0	2.0	1.0	4.6	6	0.5	2.0	1.0	0.5	1.0	0.5	4.0	5	1.0	1.0	0.0	0.5	1.5	5.9	15
2026-09-07	RUSHB.US	51.81999969482422														4.2	4	0.5	1.0	1.0	1.0	1.0	0.5	3.0	5	1.0	1.0	0.0	0.5	0.5	4.2	4
2026-09-07	RUSTA.ST	84.5														4.6	5	1.0	1.0	1.5	0.0	1.0	1.0	5.0	4	1.0	0.0	1.0	2.0	1.0	4.6	5
2026-09-07	RVLV	21.350000381469727	6.4	9	1.0	2.0	1.0	0.5	0.0	1.5	2.0	1.0	1.0	2.0	2.0	4.2	6	1.5	0.0	1.0	0.0	1.0	1.5	3.0	5	1.5	0.5	0.0	0.0	1.0	5.7	15
2026-09-07	RVMD	210.02000427246094	6.1	10	2.0	2.0	1.0	1.5	2.0	1.0	0.0	1.0	0.0	2.0	1.0	4.6	4	1.0	2.0	1.0	0.0	0.5	1.0	4.5	5	1.5	1.5	0.0	0.5	1.0	5.6	14
2026-09-07	RVPH	0.5299999713897705														5.4	3	1.0	1.0	1.0	2.0	0.5	1.0	3.5	5	0.5	2.0	0.0	0.0	1.0	5.4	3
2026-09-07	RVTY	130.22000122070312	6.6	10	1.5	1.0	1.0	1.0	2.0	1.0	1.5	1.0	0.5	2.0	2.0	4.6	6	2.0	0.0	1.0	0.5	1.0	1.0	4.0	5	1.0	1.5	0.0	0.5	1.0	6.0	16
2026-09-07	RWA.L	130.0														4.6	3	1.0	1.0	1.0	1.0	0.5	1.0	3.0	4	1.0	0.0	0.0	1.0	1.0	4.6	3
2026-09-07	RWAY	6.650000095367432	5.5	10	0.5	1.0	1.0	0.5	1.0	2.0	2.0	1.0	0.5	1.5	1.0	7.1	6	1.5	2.0	1.0	2.0	1.0	1.0	3.0	5	0.5	0.5	0.0	1.0	1.0	6.0	16
2026-09-07	RWAY.MI	4.545000076293945	5.0	7	1.0	1.5	1.0	1.0	0.0	2.0	1.0	1.0	2.0	0.5	0.0	6.2	4	1.5	1.0	1.0	1.0	2.0	1.0	3.5	4	0.0	1.5	0.0	1.0	1.0	5.4	11
2026-09-07	RWC.ASX	4.210000038146973	6.4	8	1.0	1.5	1.0	1.0	2.0	2.0	1.0	0.0	0.5	2.0	2.0	4.2	4	0.0	1.0	1.0	1.0	1.0	1.0	3.0	4	1.0	1.0	0.0	0.0	1.0	5.7	12
2026-09-07	RWE.DE	58.400001525878906	7.0	8	2.0	1.5	1.0	1.0	2.0	1.5	2.0	1.0	1.0	1.5	1.0	5.0	5	0.0	1.0	1.0	1.5	2.0	0.5	3.0	4	0.5	1.0	0.0	0.5	1.0	6.4	13
2026-09-07	RWT	4.510000228881836	5.9	9	1.5	2.0	1.0	2.0	0.0	2.0	0.0	1.0	0.5	2.0	1.0	5.0	5	1.5	1.0	1.0	0.5	1.0	1.0	4.5	5	1.5	1.0	0.0	2.0	0.0	5.6	14
2026-09-07	RXL.PA	36.119998931884766	6.6	7	1.5	1.5	1.0	1.0	1.0	1.5	1.0	1.0	1.0	2.0	2.0	5.4	4	1.5	1.0	1.0	1.0	1.0	1.0	3.5	4	1.0	0.5	0.0	1.0	1.0	6.2	11
2026-09-07	RXO	20.65999984741211	4.8	10	1.0	2.0	1.0	0.0	1.0	1.0	0.0	1.5	0.0	2.0	1.0	6.2	6	0.0	2.0	1.0	2.0	0.5	2.0	4.0	5	2.0	0.0	0.0	0.5	1.5	5.2	16
2026-09-07	RXRX	3.630000114440918	5.5	9	1.0	2.0	1.0	0.0	1.0	1.0	2.0	1.0	0.0	2.0	1.0	4.6	5	1.0	2.0	1.0	1.0	0.5	0.0	5.0	5	1.0	1.0	1.0	0.0	2.0	5.2	14
2026-09-07	RXST	6.375	5.7	9	1.0	2.0	1.0	0.5	1.0	1.0	2.0	1.0	0.0	2.0	1.0	5.8	5	1.0	2.0	1.0	2.0	0.0	1.0	2.5	5	1.0	0.5	0.0	0.0	1.0	5.7	14
2026-09-07	RXT	3.190000057220459	5.0	8	1.0	2.0	1.0	0.0	1.0	1.5	0.5	1.0	1.0	2.0	0.0	2.9	5	0.0	1.0	1.0	0.0	0.5	1.0	4.5	4	2.0	0.5	0.0	1.0	1.0	4.4	13
2026-09-07	RY	210.58999633789062	6.6	8	1.5	1.5	1.0	1.0	2.0	2.0	1.5	0.5	1.5	1.0	1.0	6.2	6	1.0	1.0	1.0	1.5	2.0	1.0	3.5	4	1.0	1.0	0.0	1.0	0.5	6.5	14
2026-09-07	RY4C.DE	23.559999465942383	5.7	7	2.0	2.0	1.0	1.0	0.0	2.0	1.0	1.0	1.5	1.0	0.0	4.6	4	0.0	1.0	1.0	1.0	1.5	1.0	2.5	4	1.0	0.5	0.0	0.0	1.0	5.4	11
2026-09-07	RYAAY	55.36000061035156	6.6	10	1.5	2.0	1.0	2.0	0.0	2.0	2.0	1.5	1.5	1.0	0.0	2.9	6	0.0	0.0	1.0	0.0	1.5	1.0	2.5	5	1.0	1.0	0.0	0.0	0.5	5.5	16
2026-09-07	RYAN	41.90999984741211	5.9	9	1.5	1.5	1.0	0.5	1.0	1.5	1.5	1.0	1.5	2.0	0.0	3.8	6	0.0	1.0	1.0	0.5	1.0	1.0	4.0	5	0.5	0.0	0.0	2.0	1.5	5.3	15
2026-09-07	RYN	20.459999084472656	6.1	9	1.0	1.5	1.0	1.5	0.0	2.0	2.0	1.0	0.5	2.0	1.0	3.3	6	0.0	0.0	1.0	0.0	1.0	2.0	3.5	5	1.0	1.0	0.0	0.5	1.0	5.3	15
2026-09-07	RYTM	102.73999786376953	6.1	9	2.0	2.0	1.0	0.5	1.0	1.5	1.5	1.0	0.0	2.0	1.0	5.0	5	1.0	0.0	1.0	2.0	0.0	2.0	4.5	5	2.0	0.0	0.0	0.5	2.0	5.8	14
2026-09-07	RYZ	26.309999465942383														6.2	4	1.0	1.0	1.0	2.0	0.5	2.0	3.5	5	1.5	0.0	0.0	1.0	1.0	6.2	4
2026-09-07	RZLT	4.579999923706055	5.0	9	1.5	2.0	1.0	0.0	1.0	0.5	1.0	1.0	0.0	2.0	1.0	5.0	4	1.0	2.0	1.0	0.5	0.5	1.0	3.0	5	0.5	0.5	0.0	0.0	2.0	5.0	13
2026-09-07	RZLV	2.2100000381469727	3.6	9	2.0	2.0	1.0	0.5	0.0	0.5	1.0	1.0	0.0	0.0	0.0	5.0	3	1.0	1.0	1.0	1.0	0.0	2.0	3.5	5	0.0	2.0	0.0	0.5	1.0	4.0	12
2026-09-07	S.US	19.8799991607666	5.7	9	1.5	2.0	1.0	1.0	2.0	1.0	0.0	1.0	0.0	2.0	1.0	5.0	5	1.0	2.0	1.0	0.0	0.0	2.0	2.5	4	0.5	0.5	0.0	1.0	0.5	5.5	14
2026-09-07	S188.DE	5.800000190734863														3.3	3	1.0	1.0	1.0	1.0	0.0	0.0	2.0	4	0.0	1.0	0.0	0.0	1.0	3.3	3
2026-09-07	S30.PA	0.5410000085830688														4.6	2	1.0	1.0	1.0	1.0	0.5	1.0	6.5	4	2.0	1.5	0.0	2.0	1.0	4.6	2
2026-09-07	S32.ASX	5.139999866485596	5.9	8	1.5	1.0	1.0	1.0	2.0	1.5	1.0	0.0	1.0	1.0	2.0	4.6	4	0.0	1.0	1.0	1.0	1.5	1.0	3.0	4	0.5	1.5	0.0	0.0	1.0	5.5	12
2026-09-07	S6P.DE															5.0	1	1.0	1.0	1.0	1.0	1.0	1.0	4.0	1	0.0	1.0	1.0	1.0	1.0	5.0	1
2026-09-07	S92.DE	56.650001525878906	5.9	8	1.5	2.0	1.0	1.0	1.0	1.5	2.0	1.0	0.0	1.0	1.0	5.8	5	2.0	1.0	1.0	2.0	0.5	0.5	2.5	4	1.0	0.5	0.0	0.0	1.0	5.9	13
2026-09-07	SA	31.829999923706055	7.7	9	1.5	2.0	1.0	1.5	2.0	2.0	2.0	1.0	0.5	1.5	2.0	2.9	4	0.0	1.0	1.0	0.0	0.5	1.0	4.0	5	2.0	0.0	0.0	0.5	1.5	6.3	13
2026-09-07	SAA.L	148.0	6.4	7	1.5	2.0	1.0	1.0	2.0	2.0	1.0	1.0	0.0	1.5	1.0	4.6	2	1.0	1.0	1.0	1.0	0.5	1.0	5.0	4	0.5	0.5	2.0	1.0	1.0	5.9	9
2026-09-07	SAABB.ST	589.4000244140625														6.7	5	1.5	1.0	1.0	1.5	1.0	2.0	1.0	4	0.0	0.0	0.0	0.0	1.0	6.7	5
2026-09-07	SAB.MC	3.7290000915527344	5.7	8	1.0	0.5	1.0	1.0	2.0	2.0	2.0	0.0	1.0	1.0	1.0	4.6	4	0.0	1.0	1.0	0.5	2.0	1.0	4.0	3	0.0	2.0	0.0	1.0	1.0	5.4	12
2026-09-07	SABR	2.130000114440918	6.4	8	1.0	0.5	1.0	0.5	2.0	2.0	2.0	1.0	1.0	2.0	1.0	5.0	6	1.0	1.0	1.0	0.0	2.0	1.0	4.5	4	1.0	1.0	0.0	1.0	1.5	6.0	14
2026-09-07	SAF.PA	333.5	5.7	7	1.5	1.5	1.0	1.0	1.0	1.5	1.0	1.0	2.0	1.0	0.0	5.8	4	1.0	1.0	1.0	1.0	1.5	1.5	3.0	4	1.0	0.5	0.0	0.5	1.0	5.7	11
2026-09-07	SAFE.L	565.0	5.5	8	1.5	2.0	1.0	1.0	0.0	2.0	1.0	1.5	0.5	1.5	0.0	5.8	4	1.0	1.0	1.0	1.0	2.0	1.0	4.0	4	1.0	1.5	0.0	0.5	1.0	5.6	12
2026-09-07	SAFE.US	15.119999885559082	5.5	9	1.0	1.5	1.0	1.0	1.0	1.0	1.0	1.0	0.5	2.0	1.0	7.1	6	2.0	2.0	1.0	0.0	2.0	1.5	5.0	5	1.5	0.0	0.0	1.5	2.0	6.0	15
2026-09-07	SAFT	103.1500015258789														5.8	4	2.0	1.0	1.0	1.0	1.0	1.0	2.5	5	0.0	2.0	0.0	0.0	0.5	5.8	4
2026-09-07	SAGA.L	635.0	5.2	7	1.5	2.0	1.0	1.0	1.0	1.5	1.0	1.0	1.0	0.5	0.0	4.6	4	0.0	1.0	1.0	1.0	1.0	1.5	5.5	4	2.0	0.5	0.0	2.0	1.0	5.0	11
2026-09-07	SAGAb.ST	176.89999389648438														6.2	4	1.5	1.0	1.0	1.0	2.0	1.0	3.5	4	1.5	0.0	0.0	1.0	1.0	6.2	4
2026-09-07	SAGE CVR		5.0	0	1.0	1.0	1.0	1.0	1.0	1.0	1.0	1.0	1.0	1.0	1.0																5.0	0
2026-09-07	SAH	81.0	5.5	9	1.0	1.5	1.0	0.0	1.0	1.0	1.0	1.0	1.5	2.0	1.0	5.4	6	2.0	0.0	1.0	1.5	1.0	1.0	4.5	5	1.0	0.0	0.0	2.0	1.5	5.5	15
2026-09-07	SAIA	357.94000244140625	7.3	10	2.0	2.0	1.0	1.0	0.0	1.5	1.5	2.0	1.0	2.0	2.0	5.0	6	1.0	1.0	1.0	0.5	1.0	1.5	2.5	5	2.0	0.0	0.0	0.0	0.5	6.6	16
2026-09-07	SAIC	126.75	6.8	10	1.0	1.0	1.0	1.0	2.0	1.0	2.0	1.0	2.0	2.0	1.0	5.4	6	1.5	1.0	1.0	1.0	1.0	1.0	3.5	5	0.0	0.5	0.0	1.5	1.5	6.4	16
2026-09-07	SAIL	18.81999969482422	5.7	10	1.5	1.5	1.0	0.0	2.0	1.0	2.0	0.5	0.0	2.0	1.0	5.4	5	1.0	1.0	1.0	1.5	0.0	2.0	2.0	4	1.0	0.0	0.0	0.0	1.0	5.6	15
2026-09-07	SALIK.AE	5.340000152587891														5.4	5	0.5	1.0	1.0	2.0	2.0	0.0	3.5	4	0.0	0.5	0.0	2.0	1.0	5.4	5
2026-09-07	SALT.L	14.5														5.0	3	1.0	1.0	1.0	1.0	0.0	2.0	5.0	4	0.0	2.0	0.0	2.0	1.0	5.0	3
2026-09-07	SAM	168.77999877929688	4.5	10	0.5	1.5	1.0	0.0	0.0	1.5	1.0	1.5	0.0	2.0	1.0	5.8	6	2.0	2.0	1.0	1.0	0.5	0.5	3.5	5	1.0	1.5	0.0	0.0	1.0	4.9	16
2026-09-07	SAMG	10.170000076293945														3.3	5	0.0	1.0	1.0	0.0	1.0	1.0	3.0	5	0.5	1.5	0.0	0.5	0.5	3.3	5
2026-09-07	SAMPO.HE	9.680000305175781														5.0	5	0.0	1.0	1.0	1.5	1.5	1.0	1.5	4	0.0	0.0	0.0	0.5	1.0	5.0	5
2026-09-07	SAMS.PA	118.0														5.4	4	2.0	1.0	1.0	1.0	1.0	0.5	3.0	4	0.0	1.0	0.0	1.0	1.0	5.4	4
2026-09-07	SAN.MC	12.868000030517578	6.8	8	2.0	1.5	1.0	1.0	2.0	2.0	1.0	1.5	1.0	1.0	1.0	7.1	5	2.0	1.0	1.0	1.0	2.0	1.5	4.5	3	1.0	1.5	0.0	1.0	1.0	6.9	13
2026-09-07	SAN.PA	76.26000213623047	5.9	9	2.0	2.0	1.0	1.0	0.0	2.0	1.5	1.5	1.0	1.0	0.0	4.2	5	0.0	1.0	1.0	0.5	1.0	1.5	2.0	4	0.0	0.5	0.0	0.5	1.0	5.4	14
2026-09-07	SANA	3.8499999046325684	5.7	9	2.0	2.0	1.0	0.0	2.0	0.5	1.0	1.0	0.0	2.0	1.0	3.8	4	1.0	1.0	1.0	0.0	0.5	1.0	5.0	5	2.0	0.5	0.0	0.5	2.0	5.1	13
2026-09-07	SAND.ST	390.1000061035156	5.7	9	1.0	1.0	1.0	1.0	2.0	1.5	0.5	0.0	1.5	1.0	2.0	5.8	5	1.0	1.0	1.0	0.5	1.5	2.0	4.0	4	1.5	1.0	0.0	0.5	1.0	5.7	14
2026-09-07	SANM	198.47000122070312	7.3	9	1.0	2.0	1.0	1.0	1.0	2.0	2.0	1.0	1.0	2.0	2.0	8.3	6	2.0	2.0	1.0	2.0	1.0	2.0	3.0	5	1.5	0.0	0.0	1.0	0.5	7.6	15
2026-09-07	SANOMA.HE	9.75														4.2	5	0.0	1.0	1.0	1.5	1.0	0.5	2.5	4	0.0	0.0	0.0	1.5	1.0	4.2	5
2026-09-07	SAP	215.11000061035156	6.8	10	2.0	1.0	1.0	2.0	2.0	1.5	1.5	1.5	1.5	0.0	1.0	6.7	6	1.0	2.0	1.0	1.0	2.0	1.0	1.0	5	0.5	0.0	0.0	0.0	0.5	6.8	16
2026-09-07	SAP.DE	185.67999267578125	6.4	9	1.5	1.5	1.0	1.0	2.0	1.5	1.0	1.0	1.5	1.0	1.0	6.2	5	1.0	1.0	1.0	1.5	2.0	1.0	1.5	4	0.5	0.0	0.0	0.0	1.0	6.3	14
2026-09-07	SAR.US	17.639999389648438	4.8	9	1.5	2.0	1.0	1.5	0.0	2.0	0.5	1.0	0.5	0.5	0.0	4.2	5	1.0	1.0	1.0	0.0	1.5	0.5	5.5	5	0.5	1.5	1.0	1.5	1.0	4.6	14
2026-09-07	SARO	24.809999465942383	6.6	9	2.0	2.0	1.0	1.0	0.0	1.5	1.0	1.0	1.0	2.0	2.0	5.4	6	2.0	0.0	1.0	1.5	1.0	1.0	4.5	4	1.0	1.5	0.0	1.0	1.0	6.2	15
2026-09-07	SAV.DE		6.1	3	1.5	2.0	1.0	1.0	1.0	2.0	1.0	1.0	1.0	1.0	1.0																6.1	3
2026-09-07	SAVE.PA	62.400001525878906														5.4	4	2.0	1.0	1.0	1.0	1.0	0.5	2.0	4	0.0	0.5	0.0	0.5	1.0	5.4	4
2026-09-07	SAVE.ST	355.79998779296875	5.0	9	1.0	1.0	1.0	1.0	1.0	1.5	1.0	0.0	2.0	1.5	0.0	7.1	5	0.5	1.0	1.0	2.0	2.0	2.0	4.0	4	0.5	0.5	0.0	2.0	1.0	5.6	14
2026-09-07	SAX.DE	37.599998474121094	6.6	8	1.5	2.0	1.0	1.0	1.0	2.0	2.0	1.0	2.0	1.0	0.0	3.3	5	0.0	1.0	1.0	0.0	1.0	1.0	4.0	4	1.0	0.0	0.0	2.0	1.0	5.6	13
2026-09-07	SB1.DE	8.140000343322754														4.6	3	1.0	1.0	0.5	1.0	0.0	2.0	4.5	4	1.0	1.5	1.0	0.0	1.0	4.6	3
2026-09-07	SBAC	189.44000244140625	5.9	9	1.5	2.0	1.0	1.5	1.0	1.5	0.5	1.0	1.0	2.0	0.0	5.4	6	0.0	1.0	1.0	1.5	2.0	1.0	3.0	4	1.0	0.0	0.0	1.0	1.0	5.8	15
2026-09-07	SBBb.ST	3.072999954223633														4.2	3	1.0	1.0	1.0	1.0	0.0	1.0	6.0	4	2.0	1.5	0.0	1.5	1.0	4.2	3
2026-09-07	SBCF	34.599998474121094	7.0	8	1.5	1.5	1.0	1.0	2.0	2.0	1.5	1.0	1.0	2.0	1.0	6.2	6	1.0	0.0	1.0	1.5	2.0	2.0	3.5	4	1.0	0.5	0.0	1.0	1.0	6.8	14
2026-09-07	SBET	8.680000305175781	5.0	9	2.0	2.0	1.0	0.5	2.0	0.0	0.0	1.0	0.0	1.5	1.0	5.4	5	1.0	2.0	1.0	0.0	0.5	2.0	4.5	4	2.0	0.5	0.0	1.0	1.0	5.1	14
2026-09-07	SBGI	13.8100004196167	5.9	9	0.5	1.5	1.0	0.0	0.0	2.0	2.0	1.0	1.5	1.5	2.0	4.2	6	2.0	0.0	1.0	0.0	1.0	1.0	5.0	5	1.0	0.5	0.0	2.0	1.5	5.4	15
2026-09-07	SBH	16.700000762939453	6.4	9	1.0	1.0	1.0	0.0	2.0	1.0	1.5	1.0	1.5	2.0	2.0	4.6	6	2.0	0.0	1.0	0.5	1.0	1.0	5.5	5	1.0	1.0	0.0	1.5	2.0	5.9	15
2026-09-07	SBI.HE	0.18449999392032623														4.2	2	1.0	1.0	1.0	1.0	0.0	1.0	3.0	3	1.0	0.0	0.0	1.0	1.0	4.2	2
2026-09-07	SBID.L	108.5999984741211														7.1	4	2.0	1.0	1.0	1.0	2.0	1.5	2.0	3	0.0	0.0	0.0	1.0	1.0	7.1	4
2026-09-07	SBLK	32.41999816894531														7.9	5	1.5	1.0	1.0	2.0	2.0	2.0	3.5	5	0.5	2.0	0.0	0.5	0.5	7.9	5
2026-09-07	SBMO.NV	35.31999969482422	7.0	7	2.0	2.0	1.0	1.0	2.0	2.0	1.0	1.0	1.5	1.0	1.0	5.8	4	2.0	1.0	1.0	1.0	1.5	0.5	3.5	4	0.5	1.0	0.0	1.0	1.0	6.6	11
2026-09-07	SBNY	0.3199999928474426														7.1	4	2.0	1.0	1.0	1.0	2.0	1.5	4.0	4	2.0	0.5	0.0	1.0	0.5	7.1	4
2026-09-07	SBRA	20.780000686645508	6.4	10	1.5	1.5	1.0	0.5	2.0	1.5	0.5	2.0	0.5	2.0	1.0	4.6	6	0.0	1.0	1.0	0.5	1.0	2.0	3.0	5	0.5	0.0	0.0	1.0	1.5	5.9	16
2026-09-07	SBRE.L	172.0	6.1	7	1.5	1.5	1.0	1.0	1.0	2.0	1.0	1.0	1.5	2.0	0.0	5.4	4	1.5	1.0	1.0	1.0	1.5	0.5	2.5	3	0.0	0.5	0.0	1.0	1.0	5.9	11
2026-09-07	SBRY.L	340.8999938964844	5.5	8	1.0	1.0	1.0	1.0	1.0	2.0	1.0	1.5	1.0	1.5	0.0	4.6	4	0.5	1.0	1.0	1.0	1.0	1.0	3.0	4	1.0	0.0	0.0	1.0	1.0	5.2	12
2026-09-07	SBS	5.150000095367432	5.9	9	1.5	2.0	1.0	2.0	0.0	2.0	0.5	1.0	1.5	0.5	1.0	5.0	6	2.0	0.0	1.0	0.0	1.5	1.5	2.0	5	0.0	0.5	0.0	1.0	0.5	5.6	15
2026-09-07	SBS.DE	24.149999618530273	5.7	7	1.5	2.0	1.0	1.0	2.0	1.0	1.0	1.0	0.0	1.0	1.0	5.4	4	2.0	1.0	1.0	1.0	0.5	1.0	2.5	4	1.0	0.0	0.0	0.5	1.0	5.6	11
2026-09-07	SBSI	32.83000183105469	5.7	8	1.0	1.5	1.0	1.5	1.0	2.0	0.0	1.0	1.0	1.5	1.0	5.0	6	0.0	2.0	1.0	0.0	2.0	1.0	3.0	4	0.5	0.5	0.0	1.0	1.0	5.5	14
2026-09-07	SBSW	12.789999961853027	7.3	9	1.5	1.5	1.0	2.0	2.0	1.5	1.0	1.0	2.0	0.5	2.0	7.1	5	1.5	2.0	1.0	1.0	1.0	2.0	2.0	5	1.0	0.0	0.0	0.5	0.5	7.2	14
2026-09-07	SBT.PA	9.180000305175781														4.6	4	1.5	1.0	1.0	1.0	1.0	0.0	1.5	4	0.0	0.0	0.0	0.5	1.0	4.6	4
2026-09-07	SBUX	104.47000122070312	6.6	8	2.0	1.5	1.0	1.5	1.0	2.0	1.5	1.0	1.0	2.0	0.0	6.2	6	1.5	2.0	1.0	1.5	1.0	0.5	4.0	4	1.0	1.0	0.0	1.0	1.0	6.5	14
2026-09-07	SBX.DE	0.9599999785423279														3.8	2	1.0	1.0	0.5	1.0	0.0	1.0	4.5	3	0.5	1.0	1.0	1.0	1.0	3.8	2
2026-09-07	SCAB.ST	116.0														4.6	5	2.0	1.0	1.0	0.0	1.0	0.5	1.0	4	0.0	0.0	0.0	0.0	1.0	4.6	5
2026-09-07	SCANFL.HE	11.899999618530273														4.6	5	0.0	1.0	1.0	0.5	1.0	2.0	2.0	4	0.5	0.0	0.0	0.5	1.0	4.6	5
2026-09-07	SCCO	198.75999450683594	4.5	10	0.0	0.0	1.0	0.5	2.0	1.5	1.5	0.5	2.0	0.0	1.0	7.5	6	0.0	2.0	1.0	2.0	2.0	2.0	4.0	5	1.0	1.0	0.0	0.5	1.5	5.4	16
2026-09-07	SCE.DE	4.329999923706055														5.8	4	2.0	1.0	1.0	1.0	1.0	1.0	4.0	4	1.5	0.5	0.0	1.0	1.0	5.8	4
2026-09-07	SCG.ASX	3.559999942779541	4.8	8	1.5	1.5	1.0	1.0	0.0	2.0	1.0	0.0	1.0	1.5	0.0	4.6	4	0.0	1.0	1.0	1.0	2.0	0.5	3.0	4	1.0	0.5	0.0	0.5	1.0	4.7	12
2026-09-07	SCHL	35.65999984741211	5.9	9	1.0	1.5	1.0	0.5	0.0	2.0	2.0	1.0	1.0	2.0	1.0	3.3	6	1.0	0.0	1.0	0.5	1.0	0.5	2.5	5	1.0	0.0	0.0	0.5	1.0	5.1	15
2026-09-07	SCHO.CO	784.0														4.6	4	0.5	1.0	1.0	1.0	1.0	1.0	4.0	4	1.0	1.5	0.0	0.5	1.0	4.6	4
2026-09-07	SCHP.PA	79.5														3.8	4	0.0	1.0	1.0	1.0	1.0	0.5	2.0	4	0.0	0.0	0.0	1.0	1.0	3.8	4
2026-09-07	SCHP.ZU	260.6000061035156	5.7	8	1.5	1.5	1.0	1.0	0.0	1.5	1.5	1.0	1.5	1.0	1.0	4.2	4	0.5	1.0	1.0	1.0	1.0	0.5	2.5	4	1.0	0.5	0.0	0.0	1.0	5.2	12
2026-09-07	SCHW	109.29000091552734	6.8	10	1.5	1.5	1.0	2.0	2.0	1.0	1.5	1.0	1.5	2.0	0.0	9.2	6	2.0	2.0	1.0	2.0	2.0	2.0	3.0	5	0.5	1.0	0.0	1.5	0.0	7.5	16
2026-09-07	SCI	82.20999908447266	7.5	9	2.0	2.0	1.0	1.5	2.0	2.0	1.0	1.0	2.0	2.0	0.0	6.2	6	1.5	1.0	1.0	1.5	1.5	1.0	4.0	5	1.0	0.0	0.0	2.0	1.0	7.1	15
2026-09-07	SCL	63.41999816894531	6.6	9	1.5	2.0	1.0	1.5	2.0	2.0	0.5	1.0	0.0	2.0	1.0	4.2	6	1.0	1.0	1.0	0.0	0.5	1.5	3.5	5	1.0	1.0	0.0	0.5	1.0	5.9	15
2026-09-07	SCLX	5.414999961853027														3.8	3	1.0	1.0	1.0	1.0	0.5	0.0	4.0	4	1.5	1.0	0.0	1.0	0.5	3.8	3
2026-09-07	SCM	8.779999732971191	4.8	9	1.0	0.5	1.0	1.5	1.0	2.0	1.0	1.0	1.0	0.5	0.0	6.2	5	2.0	1.0	1.0	1.5	2.0	0.0	4.0	5	0.5	0.5	1.0	1.5	0.5	5.2	14
2026-09-07	SCMN.ZU	633.5	4.3	8	0.5	0.5	1.0	1.0	1.0	1.0	2.0	1.0	1.0	0.5	0.0	4.6	5	0.5	1.0	1.0	1.5	1.0	0.5	2.0	4	0.0	0.0	0.0	1.0	1.0	4.4	13
2026-09-07	SCPH CVR		5.0	0	1.0	1.0	1.0	1.0	1.0	1.0	1.0	1.0	1.0	1.0	1.0																5.0	0
2026-09-07	SCPX	0.0010999999940395355														3.8	3	1.0	1.0	1.0	1.0	0.5	0.0	5.0	4	2.0	2.0	0.0	1.0	0.0	3.8	3
2026-09-07	SCR.PA	33.900001525878906	6.1	9	1.0	1.5	1.0	1.0	2.0	1.5	2.0	0.0	1.0	1.5	1.0	4.6	5	2.0	1.0	1.0	0.0	1.0	0.5	3.0	4	0.5	1.0	0.0	0.5	1.0	5.6	14
2026-09-07	SCSC	58.47999954223633	6.6	9	1.0	0.0	1.0	1.0	2.0	2.0	1.5	1.0	1.0	2.0	2.0	7.9	6	2.0	2.0	1.0	2.0	1.0	1.5	3.0	5	1.5	0.5	0.0	0.0	1.0	7.0	15
2026-09-07	SCT.L	2050.0	6.1	8	1.5	1.0	1.0	1.0	2.0	1.5	1.0	0.5	2.0	1.0	1.0	5.4	4	0.5	1.0	1.0	1.0	1.0	2.0	3.0	4	0.5	1.5	0.0	0.0	1.0	5.9	12
2026-09-07	SCYR.MC	4.306000232696533	5.7	8	1.5	2.0	1.0	1.0	0.0	2.0	1.0	1.5	1.0	0.5	1.0	4.6	4	0.0	1.0	1.0	1.0	1.0	1.5	3.5	4	0.5	0.0	0.0	2.0	1.0	5.4	12
2026-09-07	SCYX	5.300000190734863	5.7	9	1.5	0.0	1.0	1.5	1.0	2.0	2.0	1.0	0.0	1.5	1.0	2.5	4	1.0	1.0	1.0	0.0	0.0	0.0	2.0	5	1.0	0.5	0.0	0.0	0.5	4.7	13
2026-09-07	SDA	0.5770000219345093	5.0	9	1.5	2.0	1.0	2.0	0.0	2.0	0.0	1.0	0.5	0.0	1.0	3.8	4	0.0	1.0	0.0	1.0	0.5	2.0	5.5	5	0.0	1.5	2.0	1.0	1.0	4.6	13
2026-09-07	SDCCQ	9.999999747378752e-05														3.3	3	1.0	1.0	1.0	1.0	0.0	0.0	7.0	4	2.0	2.0	0.0	1.0	2.0	3.3	3
2026-09-07	SDF.ASX	5.710000038146973	6.4	7	1.0	1.5	1.0	1.0	2.0	2.0	1.0	1.0	1.0	1.5	1.0	5.0	4	1.0	1.0	1.0	1.0	1.5	0.5	2.0	4	0.0	0.5	0.0	0.5	1.0	6.0	11
2026-09-07	SDF.DE	16.829999923706055	6.1	9	1.0	0.0	1.0	1.0	1.5	1.0	2.0	2.0	1.5	1.5	1.0	4.6	5	0.0	1.0	1.0	0.0	2.0	1.5	1.5	4	0.0	0.5	0.0	0.0	1.0	5.6	14
2026-09-07	SDG.L	75.0														5.8	4	2.0	1.0	1.0	1.0	1.0	1.0	2.5	4	0.5	1.0	0.0	0.0	1.0	5.8	4
2026-09-07	SDG.PA	28.100000381469727														5.8	4	2.0	1.0	1.0	1.0	1.0	1.0	2.5	4	1.0	0.5	0.0	0.0	1.0	5.8	4
2026-09-07	SDGR	20.09000015258789	5.5	10	1.5	1.0	1.0	0.0	2.0	1.5	0.0	1.0	0.0	2.0	2.0	5.0	5	1.0	1.0	1.0	2.0	0.0	1.0	4.5	5	1.5	0.5	0.0	0.5	2.0	5.3	15
2026-09-07	SDHC	11.210000038146973	5.7	9	0.5	2.0	1.0	0.0	0.0	2.0	2.0	1.0	1.0	2.0	1.0	5.0	6	1.0	1.0	1.0	0.0	1.0	2.0	4.5	5	1.0	1.5	0.0	0.0	2.0	5.5	15
2026-09-07	SDI.L	87.5	6.6	7	1.5	2.0	1.0	1.0	1.0	2.0	1.0	1.0	1.0	1.0	2.0	5.4	4	1.0	1.0	1.0	1.0	1.0	1.5	2.5	4	1.0	0.0	0.0	0.5	1.0	6.2	11
2026-09-07	SDLF.L	932.5	5.0	8	1.0	1.0	1.0	1.0	2.0	1.5	1.0	1.0	0.0	1.5	0.0	5.4	3	1.0	1.0	1.0	1.0	0.5	2.0	5.5	4	1.0	1.5	0.0	2.0	1.0	5.1	11
2026-09-07	SDP.L	845.0														5.8	2	2.0	1.0	1.0	1.0	1.0	1.0	3.5	2	1.0	0.5	0.0	1.0	1.0	5.8	2
2026-09-07	SDR.ASX	2.9000000953674316	4.5	7	2.0	2.0	1.0	1.0	0.0	0.5	1.0	1.0	0.0	1.5	0.0	5.0	3	1.0	1.0	1.0	1.0	0.5	1.5	3.5	4	1.0	1.5	0.0	0.0	1.0	4.7	10
2026-09-07	SDR.L	585.0														6.2	4	1.5	1.0	1.0	1.0	1.5	1.5	3.5	4	1.0	1.5	0.0	0.0	1.0	6.2	4
2026-09-07	SDRL	49.08000183105469	6.1	10	1.5	2.0	1.0	1.0	2.0	1.0	0.0	0.5	0.5	2.0	2.0	2.9	6	0.0	0.0	1.0	0.0	1.0	1.5	3.5	5	1.5	0.5	0.0	0.0	1.5	5.1	16
2026-09-07	SDY.L	17.239999771118164	5.0	7	1.5	2.0	1.0	1.0	0.0	2.0	1.0	1.0	0.0	1.5	0.0	4.2	3	1.0	1.0	1.0	1.0	0.5	0.5	4.5	4	0.5	1.5	0.0	1.5	1.0	4.8	10
2026-09-07	SDZ.ZU	68.36000061035156	6.4	8	1.5	1.5	1.0	1.0	1.0	2.0	1.0	1.5	1.0	1.5	1.0	5.4	4	1.5	1.0	1.0	1.0	1.0	1.0	2.0	4	0.0	0.5	0.0	0.5	1.0	6.1	12
2026-09-07	SDZNY	84.33999633789062														5.4	4	1.5	1.0	1.0	1.0	1.0	1.0	2.0	4	0.0	0.5	0.0	0.5	1.0	5.4	4
2026-09-07	SE	112.08999633789062	6.6	9	2.0	2.0	1.0	1.5	2.0	1.0	0.5	1.0	1.0	1.5	1.0	5.0	6	1.5	0.0	1.0	0.5	1.0	2.0	3.0	5	1.5	0.5	0.0	0.5	0.5	6.1	15
2026-09-07	SEA.L	97.5999984741211														5.8	2	1.0	1.0	1.0	1.0	2.0	1.0	4.5	3	1.0	1.5	0.0	1.0	1.0	5.8	2
2026-09-07	SEAT	6.039999961853027	4.5	9	1.5	2.0	1.0	0.0	0.0	0.5	2.0	1.0	0.0	2.0	0.0	4.6	4	1.0	1.0	1.0	2.0	0.0	0.5	5.5	4	1.0	1.5	0.0	1.0	2.0	4.5	13
2026-09-07	SEB-A.ST	226.5														6.2	5	1.0	1.0	1.0	1.5	2.0	1.0	4.0	3	0.0	2.0	0.0	1.0	1.0	6.2	5
2026-09-07	SECTb.ST	290.3999938964844														5.4	4	0.0	1.0	1.0	1.0	1.5	2.0	2.5	4	1.0	0.5	0.0	0.0	1.0	5.4	4
2026-09-07	SECU-B.ST	151.89999389648438														5.0	5	1.5	1.0	1.0	1.0	1.0	0.5	2.5	4	0.5	0.0	0.0	1.0	1.0	5.0	5
2026-09-07	SEDG	34.20000076293945	5.2	10	1.0	1.5	1.0	0.0	0.0	0.5	2.0	1.5	0.0	2.0	2.0	3.8	6	0.0	2.0	1.0	0.0	0.0	1.5	4.5	5	1.5	1.0	0.0	1.0	1.0	4.8	16
2026-09-07	SEE.L	4.489999771118164														3.8	3	1.0	1.0	1.0	1.0	0.0	0.5	3.5	4	0.5	0.0	0.0	2.0	1.0	3.8	3
2026-09-07	SEER	1.9500000476837158	6.1	9	1.5	2.0	1.0	2.0	1.0	2.0	0.5	1.0	0.0	1.5	1.0	2.9	4	1.0	1.0	1.0	0.0	0.5	0.0	1.5	5	1.5	0.0	0.0	0.0	0.0	5.1	13
2026-09-07	SEG	26.260000228881836	6.6	9	1.5	2.0	1.0	1.0	1.0	2.0	2.0	1.0	0.0	2.0	1.0	3.3	5	1.0	1.0	1.0	1.0	0.0	0.0	4.0	5	1.5	0.5	0.0	0.0	2.0	5.6	14
2026-09-07	SEI.US	55.0	5.9	10	2.0	2.0	1.0	0.0	0.0	1.0	2.0	1.0	1.0	2.0	1.0	5.0	6	2.0	0.0	1.0	0.0	1.0	2.0	4.0	5	1.5	0.0	0.0	1.5	1.0	5.6	16
2026-09-07	SEIC	110.38999938964844	7.7	10	2.0	1.5	1.0	2.0	2.0	2.0	1.5	0.0	2.0	2.0	1.0	6.2	6	1.0	0.0	1.0	2.0	2.0	1.5	3.0	5	1.0	1.5	0.0	0.0	0.5	7.2	16
2026-09-07	SEIT.L	36.0	5.2	4	1.0	1.5	1.0	1.0	0.0	2.0	1.0	1.0	1.0	1.0	1.0	5.0	1	1.0	1.0	1.0	1.0	1.0	1.0	4.0	2	1.0	1.0	0.0	1.0	1.0	5.1	5
2026-09-07	SEK.ASX	13.710000038146973	4.1	8	1.5	2.0	1.0	1.0	0.0	1.0	1.0	0.5	0.0	1.0	0.0	4.2	3	1.0	1.0	1.0	1.0	0.0	1.0	3.5	4	1.0	1.0	0.0	0.5	1.0	4.1	11
2026-09-07	SEM.LS	20.850000381469727														5.8	4	2.0	1.0	1.0	1.0	2.0	0.0	2.0	4	0.5	0.0	0.0	0.5	1.0	5.8	4
2026-09-07	SENEA	195.7100067138672	6.6	9	1.0	1.0	1.0	1.5	2.0	2.0	0.5	1.0	1.5	2.0	1.0	7.5	5	2.0	2.0	1.0	1.0	1.0	2.0	2.0	5	0.0	1.0	0.0	0.5	0.5	6.9	14
2026-09-07	SEPL.L	728.0	6.1	9	1.5	0.5	1.0	1.0	1.5	2.0	2.0	1.0	1.5	0.5	1.0	5.8	5	1.0	1.0	1.0	1.0	1.0	2.0	3.0	4	0.0	1.5	0.0	0.5	1.0	6.0	14
2026-09-07	SEQI.L	84.80000305175781														5.0	3	1.5	1.0	1.0	1.0	0.5	1.0	3.5	2	1.0	0.5	0.0	1.0	1.0	5.0	3
2026-09-07	SEQUA.BR	0.6110000014305115														4.6	1	1.0	1.0	1.0	1.0	0.5	1.0	3.5	2	0.0	0.5	1.0	1.0	1.0	4.6	1
2026-09-07	SERA	2.0199999809265137														6.2	4	1.0	1.0	1.0	2.0	0.5	2.0	3.0	5	1.0	1.0	0.0	0.0	1.0	6.2	4
2026-09-07	SERE.L	63.0														4.6	2	0.5	1.0	1.0	1.0	1.0	1.0	3.0	2	1.0	0.0	0.0	1.0	1.0	4.6	2
2026-09-07	SERV	4.945000171661377	4.3	9	1.5	2.0	1.0	0.0	0.0	1.5	0.5	1.0	0.0	1.0	1.0	4.6	4	1.0	1.0	1.0	0.0	0.5	2.0	5.0	5	2.0	1.5	0.0	0.0	1.5	4.4	13
2026-09-07	SES	0.503000020980835	4.3	9	1.0	2.0	1.0	0.5	0.0	2.0	0.0	1.0	0.0	1.0	1.0	4.6	5	1.0	1.0	1.0	0.5	0.0	2.0	3.5	5	1.0	2.0	0.0	0.0	0.5	4.4	14
2026-09-07	SES.MI	97.44999694824219	6.6	7	1.5	2.0	1.0	1.0	2.0	2.0	1.0	1.0	1.5	0.5	1.0	5.0	4	1.0	1.0	1.0	1.0	1.0	1.0	3.5	4	1.0	0.5	0.0	1.0	1.0	6.1	11
2026-09-07	SESG.PA	4.77400016784668	5.2	9	1.5	2.0	1.0	1.0	0.0	2.0	2.0	0.0	0.0	1.0	1.0	5.0	4	0.5	1.0	1.0	1.0	0.5	2.0	5.5	4	1.0	1.5	0.0	2.0	1.0	5.1	13
2026-09-07	SEZL	120.58000183105469	6.6	9	1.5	2.0	1.0	0.0	1.0	2.0	2.0	1.0	2.0	1.0	1.0	7.5	6	2.0	0.0	1.0	2.0	2.0	2.0	3.5	5	2.0	0.0	0.0	0.5	1.0	6.9	15
2026-09-07	SF.ST	6.570000171661377														3.3	4	1.0	1.0	1.0	0.5	0.0	0.5	3.5	4	0.5	1.0	0.0	1.0	1.0	3.3	4
2026-09-07	SF.US	81.48999786376953	7.3	9	1.5	1.5	1.0	2.0	2.0	2.0	1.5	1.0	1.5	2.0	0.0	7.1	6	2.0	1.0	1.0	1.5	1.5	1.5	1.5	5	1.0	0.0	0.0	0.5	0.0	7.2	15
2026-09-07	SF3.DE	4.820000171661377														5.8	4	1.5	1.0	1.0	1.0	1.0	1.5	2.5	4	0.5	0.0	0.0	1.0	1.0	5.8	4
2026-09-07	SFBS	43.130001068115234	6.8	8	1.5	1.5	1.0	1.0	1.0	2.0	1.5	1.0	1.5	2.0	1.0	8.3	6	1.5	2.0	1.0	1.5	2.0	2.0	4.5	4	1.0	0.5	0.0	1.0	2.0	7.2	14
2026-09-07	SFD	21.969999313354492	6.6	9	1.5	2.0	1.0	1.0	0.0	2.0	2.0	1.0	1.5	0.5	2.0	3.8	6	2.0	0.0	1.0	0.0	1.0	0.5	3.0	4	1.0	1.0	0.0	0.5	0.5	5.8	15
2026-09-07	SFER.MI	9.109999656677246	5.5	7	1.0	1.5	1.0	1.0	1.0	2.0	1.0	1.0	0.5	0.0	2.0	5.0	4	1.5	1.0	1.0	1.0	1.0	0.5	3.0	4	0.5	0.5	0.0	1.0	1.0	5.3	11
2026-09-07	SFGYY	5.230000019073486														5.4	4	1.0	1.0	1.0	1.0	0.5	2.0	4.0	3	1.0	0.5	0.0	1.5	1.0	5.4	4
2026-09-07	SFIX	3.049999952316284	5.7	9	1.5	2.0	1.0	0.5	0.0	1.5	2.0	1.0	0.0	2.0	1.0	5.4	5	1.0	1.0	1.0	2.0	0.5	1.0	5.5	5	2.0	1.5	0.0	0.5	1.5	5.6	14
2026-09-07	SFM	81.4000015258789	6.1	10	1.0	1.5	1.0	0.5	1.0	1.5	1.5	1.5	2.0	2.0	0.0	5.4	6	1.0	2.0	1.0	0.5	1.0	1.0	3.0	5	0.5	0.5	0.0	1.0	1.0	5.9	16
2026-09-07	SFNC	23.690000534057617	6.4	8	1.5	1.5	1.0	1.0	2.0	2.0	1.0	1.0	0.0	2.0	1.0	4.2	6	0.5	0.0	1.5	1.0	0.5	1.5	5.5	4	1.0	1.5	1.0	1.0	1.0	5.7	14
2026-09-07	SFOODS.HE	5.019999980926514														5.4	3	1.0	1.0	1.0	1.0	0.5	2.0	2.5	3	1.0	0.0	0.0	0.5	1.0	5.4	3
2026-09-07	SFQ.DE	22.600000381469727	7.0	8	1.5	1.0	1.0	1.0	2.0	1.5	2.0	1.0	1.0	1.5	2.0	5.8	4	2.0	1.0	1.0	1.0	1.0	1.0	5.5	4	1.5	1.5	0.0	1.5	1.0	6.6	12
2026-09-07	SFR.ASX	22.469999313354492	5.9	8	1.0	0.5	1.0	1.0	2.0	1.0	1.0	0.0	1.5	2.0	2.0	7.5	4	2.0	1.0	1.0	1.0	2.0	2.0	3.5	4	1.5	1.0	0.0	0.0	1.0	6.4	12
2026-09-07	SFR.L	38.29999923706055	5.9	7	1.5	1.0	1.0	1.0	2.0	2.0	1.0	1.0	0.0	1.5	1.0	5.4	3	1.0	1.0	1.0	1.0	0.5	2.0	4.0	4	1.0	1.5	0.0	0.5	1.0	5.8	10
2026-09-07	SFWL	0.7975000143051147														6.2	4	2.0	1.0	1.0	1.0	1.0	1.5	5.0	5	2.0	2.0	0.0	0.5	0.5	6.2	4
2026-09-07	SG	6.840000152587891	5.0	9	1.5	1.0	1.0	0.0	2.0	1.0	0.0	1.0	0.5	2.0	1.0	3.3	6	0.0	1.0	1.0	0.0	1.0	1.0	3.5	5	2.0	0.0	0.0	0.5	1.0	4.5	15
2026-09-07	SGE.L	1051.5	6.6	8	1.5	1.0	1.0	1.0	2.0	2.0	1.0	1.0	2.0	2.0	0.0	5.8	4	1.5	1.0	1.0	1.0	1.5	1.0	3.5	4	0.0	0.5	0.0	2.0	1.0	6.4	12
2026-09-07	SGH.ASX	38.97999954223633	5.5	4	1.5	2.0	1.0	1.0	0.0	1.5	1.0	1.0	1.0	1.0	1.0	5.0	2	1.0	1.0	1.0	1.0	1.0	1.0	4.0	2	1.0	1.0	0.0	1.0	1.0	5.3	6
2026-09-07	SGHC	13.989999771118164	7.3	9	2.0	2.0	1.0	0.5	1.0	2.0	2.0	1.0	2.0	0.5	2.0	4.2	6	1.0	0.0	1.0	0.0	1.5	1.5	3.5	5	1.0	0.5	0.0	0.0	2.0	6.4	15
2026-09-07	SGHT	8.350000381469727	6.8	9	2.0	1.0	1.0	1.5	2.0	2.0	2.0	1.0	0.0	1.5	1.0	6.2	5	1.0	2.0	1.0	2.0	0.0	1.5	4.5	5	2.0	1.0	0.0	0.5	1.0	6.6	14
2026-09-07	SGI	69.87000274658203	6.8	10	2.0	2.0	1.0	1.0	1.0	1.5	1.5	1.5	1.5	2.0	0.0	5.4	6	2.0	2.0	1.0	0.0	1.0	0.5	4.0	5	1.0	0.5	0.0	1.5	1.0	6.4	16
2026-09-07	SGL.DE	4.090000152587891	5.2	7	1.0	1.5	1.0	1.0	1.0	2.0	1.0	1.0	0.0	0.0	2.0	4.2	4	1.0	1.0	1.0	1.0	0.5	0.5	3.0	4	1.5	0.0	0.0	0.5	1.0	4.9	11
2026-09-07	SGM.ASX	25.100000381469727	5.5	8	1.0	1.0	1.0	1.0	1.0	1.5	1.0	0.0	1.0	1.5	2.0	5.8	3	2.0	1.0	1.0	1.0	1.0	1.0	3.0	4	1.5	0.0	0.0	0.5	1.0	5.6	11
2026-09-07	SGML	12.390000343322754	5.5	9	1.5	2.0	1.0	1.5	1.0	2.0	0.0	1.0	0.0	2.0	0.0	4.2	5	1.0	1.0	1.0	0.0	0.0	2.0	3.0	5	0.5	0.0	0.0	2.0	0.5	5.1	14
2026-09-07	SGMOQ	0.1599999964237213														3.8	3	1.0	1.0	1.0	1.0	0.5	0.0	4.5	4	1.5	1.0	0.0	1.0	1.0	3.8	3
2026-09-07	SGMT	10.9399995803833	6.1	9	2.0	2.0	1.0	0.5	2.0	0.5	1.5	1.0	0.0	2.0	1.0	5.8	4	1.0	2.0	1.0	1.5	0.5	1.0	5.0	5	2.0	1.5	0.0	0.0	1.5	6.0	13
2026-09-07	SGO.PA	75.77999877929688	5.9	7	2.0	2.0	1.0	1.0	0.0	1.5	1.0	1.0	1.0	1.5	1.0	5.0	4	1.5	1.0	1.0	1.0	1.0	0.5	3.5	4	1.5	0.5	0.0	0.5	1.0	5.6	11
2026-09-07	SGP	28.940000534057617	5.9	8	1.5	2.0	1.0	0.5	1.0	2.0	0.0	1.0	1.0	2.0	1.0	3.8	4	1.0	1.0	1.0	0.0	0.5	1.0	3.5	4	1.0	0.5	0.0	0.0	2.0	5.3	12
2026-09-07	SGP.ASX	4.400000095367432	7.3	8	1.5	2.0	1.0	1.0	1.0	2.0	1.0	2.0	1.0	1.5	2.0	5.8	4	0.5	1.0	1.0	1.0	2.0	1.5	3.0	4	1.0	0.5	0.0	0.5	1.0	6.8	12
2026-09-07	SGR.ASX	0.1550000011920929														4.2	2	1.0	1.0	1.0	1.0	0.0	1.0	3.0	4	0.5	0.0	0.0	1.5	1.0	4.2	2
2026-09-07	SGRO.L	950.2000122070312	5.9	7	1.5	1.0	1.0	1.0	2.0	2.0	1.0	1.0	0.5	2.0	0.0	5.4	4	0.5	1.0	1.0	1.0	2.0	1.0	3.5	4	1.0	1.0	0.0	0.5	1.0	5.8	11
2026-09-07	SGRY	14.260000228881836	6.6	9	2.0	2.0	1.0	0.5	0.0	1.5	2.0	1.0	0.5	2.0	2.0	2.9	5	1.0	0.0	1.0	0.0	0.5	1.0	5.0	5	2.0	0.5	0.0	1.0	1.5	5.5	14
2026-09-07	SGSN.ZU	91.0199966430664	5.0	7	1.0	1.5	1.0	1.0	0.0	1.5	1.0	1.0	2.0	1.0	0.0	4.2	4	0.0	1.0	1.0	1.0	1.0	1.0	3.5	4	0.5	0.0	0.0	2.0	1.0	4.8	11
2026-09-07	SHA0.DE	7.429999828338623	4.3	8	1.5	2.0	1.0	1.0	0.0	2.0	0.0	1.0	0.0	0.0	1.0	4.2	4	1.0	1.0	1.0	1.0	0.5	0.5	5.0	4	1.5	0.5	0.0	2.0	1.0	4.3	12
2026-09-07	SHAK	69.4000015258789	6.1	9	1.5	1.5	1.0	0.5	1.0	1.5	0.5	1.0	1.0	2.0	2.0	2.9	6	0.0	0.0	1.0	0.0	1.0	1.5	4.0	5	1.5	0.5	0.0	1.5	0.5	5.1	15
2026-09-07	SHAZ	55.939998626708984	5.2	9	1.5	2.0	1.0	1.0	0.5	2.0	0.0	1.0	0.0	1.5	1.0	5.4	5	1.0	2.0	1.0	0.0	0.5	2.0	3.5	5	2.0	0.0	0.0	1.0	0.5	5.3	14
2026-09-07	SHB-A.ST	150.8000030517578														4.2	5	0.0	1.0	1.0	0.5	2.0	0.5	4.5	3	0.5	2.0	0.0	1.0	1.0	4.2	5
2026-09-07	SHBB.ST	236.8000030517578														4.6	4	0.0	1.0	1.0	1.0	2.0	0.5	3.0	3	0.5	0.5	0.0	1.0	1.0	4.6	4
2026-09-07	SHBI	23.6299991607666	7.3	8	1.5	1.5	1.0	1.5	2.0	2.0	1.5	1.0	1.0	2.0	1.0	7.9	6	1.5	2.0	1.0	1.5	2.0	1.5	3.5	4	0.5	1.0	0.0	1.0	1.0	7.5	14
2026-09-07	SHC	18.899999618530273	8.0	9	1.5	1.5	1.0	1.5	2.0	1.5	1.5	1.0	2.0	2.0	2.0	6.2	6	1.5	2.0	1.0	0.5	1.5	1.0	5.5	5	1.5	1.0	0.0	2.0	1.0	7.5	15
2026-09-07	SHC.L	146.6999969482422	7.3	8	2.0	2.0	1.0	1.0	2.0	2.0	1.0	2.0	1.0	2.0	0.0	5.0	4	0.0	1.0	1.0	1.0	2.0	1.0	2.5	4	1.0	0.5	0.0	0.0	1.0	6.6	12
2026-09-07	SHEL	92.94999694824219	6.6	10	1.5	1.5	1.0	2.0	2.0	2.0	1.5	0.5	1.0	0.5	1.0	6.2	6	1.0	2.0	1.0	0.5	1.0	2.0	3.0	5	0.0	1.5	0.0	0.5	1.0	6.5	16
2026-09-07	SHEL.L	3437.0	5.5	9	1.5	1.0	1.0	1.0	2.0	0.0	1.5	1.0	1.0	1.0	1.0	6.7	5	1.0	1.0	1.0	2.0	1.0	2.0	2.0	4	0.0	0.5	0.0	0.5	1.0	5.9	14
2026-09-07	SHELL.NV	40.10499954223633	5.5	8	1.5	1.0	1.0	1.0	2.0	0.0	1.5	1.0	1.0	1.0	1.0	6.7	5	1.0	1.0	1.0	2.0	1.0	2.0	2.5	4	0.0	1.0	0.0	0.5	1.0	5.9	13
2026-09-07	SHEN	12.59000015258789	5.7	9	1.5	2.0	1.0	1.0	0.0	2.0	2.0	1.0	0.0	2.0	0.0	4.2	6	2.0	1.0	1.0	0.0	0.0	1.0	2.0	5	0.5	0.0	0.0	0.5	1.0	5.2	15
2026-09-07	SHI.L	10.0	4.5	7	1.0	0.5	1.0	1.0	1.5	0.5	1.0	1.0	0.0	1.5	1.0	4.2	3	1.0	1.0	1.0	1.0	0.5	0.5	4.0	4	0.5	0.5	0.0	2.0	1.0	4.4	10
2026-09-07	SHIP	18.920000076293945	7.0	9	1.5	2.0	1.0	2.0	2.0	2.0	2.0	1.0	1.5	0.5	0.0	8.3	5	2.0	1.0	1.0	2.0	2.0	2.0	4.5	5	1.0	2.0	0.0	1.0	0.5	7.4	14
2026-09-07	SHL.ASX	19.56999969482422	4.5	8	1.0	1.5	1.0	1.0	0.0	2.0	1.0	0.5	1.0	1.0	0.0	5.0	4	1.0	1.0	1.0	1.0	1.0	1.0	2.5	4	0.5	0.5	0.0	0.5	1.0	4.7	12
2026-09-07	SHL.DE	39.0	5.9	9	1.5	1.5	1.0	1.0	2.0	1.0	2.0	0.5	1.0	0.5	1.0	4.6	5	1.0	1.0	1.0	0.5	1.0	1.0	2.5	4	1.0	0.0	0.0	0.5	1.0	5.5	14
2026-09-07	SHLS	7.130000114440918	6.1	9	2.0	2.0	1.0	0.5	0.0	1.0	1.0	1.0	1.0	2.0	2.0	8.3	6	2.0	2.0	1.0	2.0	1.0	2.0	3.5	5	2.0	0.5	0.0	0.5	0.5	6.8	15
2026-09-07	SHO	11.0600004196167	6.1	9	0.5	0.5	1.0	2.0	1.0	2.0	2.0	1.0	0.5	2.0	1.0	6.2	6	0.5	2.0	1.0	2.0	1.0	1.0	2.0	5	1.0	0.5	0.0	0.5	0.0	6.1	15
2026-09-07	SHOE	14.069999694824219	5.9	9	1.5	2.0	1.0	0.0	0.0	2.0	1.5	1.0	1.0	2.0	1.0	4.2	6	2.0	0.0	1.0	0.5	1.0	0.5	5.5	5	1.5	1.0	1.0	0.5	1.5	5.4	15
2026-09-07	SHOO	43.68000030517578	7.3	9	1.5	1.5	1.0	1.0	1.0	1.5	2.0	1.0	1.5	2.0	2.0	6.2	5	1.0	2.0	1.0	1.0	1.0	1.5	3.0	5	1.0	0.5	0.0	0.5	1.0	7.0	14
2026-09-07	SHOP	145.08999633789062	7.7	9	2.0	1.5	1.0	2.0	2.0	1.5	1.5	1.0	1.5	2.0	1.0	5.8	6	0.5	0.0	1.0	2.0	1.5	2.0	2.5	5	2.0	0.0	0.0	0.0	0.5	7.1	15
2026-09-07	SHUAA.AE	0.23499999940395355														4.2	3	1.0	1.0	2.0	1.0	0.0	0.0	3.5	4	0.0	0.0	2.0	0.5	1.0	4.2	3
2026-09-07	SHUR.BR	22.950000762939453														6.7	4	2.0	1.0	1.0	1.0	2.0	1.0	4.0	4	1.0	1.5	0.0	0.5	1.0	6.7	4
2026-09-07	SHW	333.7099914550781	6.6	10	2.0	1.5	1.0	1.5	0.0	2.0	1.5	1.0	2.0	2.0	0.0	6.7	6	1.0	2.0	1.0	1.5	1.5	1.0	4.0	5	1.0	0.0	0.0	2.0	1.0	6.6	16
2026-09-07	SIBN	18.5	6.8	9	2.0	2.0	1.0	0.5	2.0	1.5	2.0	1.0	0.0	2.0	1.0	5.0	5	1.0	2.0	1.0	0.0	0.5	1.5	3.0	5	0.5	0.5	0.0	0.0	2.0	6.3	14
2026-09-07	SICP	0.8500000238418579														5.4	3	2.0	1.0	1.0	1.0	0.5	1.0	4.5	4	2.0	1.0	0.0	1.0	0.5	5.4	3
2026-09-07	SIE.DE	272.6499938964844	5.9	8	1.5	1.5	1.0	1.0	1.0	1.5	1.5	1.0	1.0	1.0	1.0	3.3	5	0.0	1.0	1.0	0.0	1.0	1.0	3.5	4	1.5	0.5	0.0	0.5	1.0	5.1	13
2026-09-07	SIFG.NV	3.680000066757202														5.4	3	1.0	1.0	1.0	1.0	0.5	2.0	4.5	4	1.0	1.5	0.0	1.0	1.0	5.4	3
2026-09-07	SIG	85.30000305175781	7.3	10	2.0	2.0	1.0	0.5	0.0	1.5	2.0	1.5	1.5	2.0	2.0	5.8	6	1.0	2.0	1.0	1.0	1.0	1.0	3.0	5	1.0	0.0	0.0	0.5	1.5	6.8	16
2026-09-07	SIG.ASX	2.690000057220459	5.5	7	1.5	1.5	1.0	1.0	0.0	1.5	1.0	1.0	1.0	0.5	2.0	5.0	4	0.0	1.0	1.0	1.0	1.0	2.0	2.5	4	0.0	1.0	0.0	0.5	1.0	5.3	11
2026-09-07	SIGA	3.2899999618530273														3.3	4	0.5	1.0	1.0	1.0	0.5	0.0	3.5	5	1.0	1.5	0.0	0.0	1.0	3.3	4
2026-09-07	SIGHT.PA	0.10620000213384628	5.0	6	1.0	0.0	1.0	1.0	2.0	2.0	1.0	1.0	1.0	1.0	0.0	3.8	3	1.0	1.0	1.0	1.0	0.5	0.0	3.5	3	0.5	1.0	0.0	1.0	1.0	4.6	9
2026-09-07	SIGI	92.19000244140625	6.1	9	1.0	1.5	1.0	1.5	1.0	2.0	1.5	1.0	1.0	2.0	0.0	4.6	6	2.0	0.0	1.0	0.5	1.0	1.0	1.5	5	0.0	0.5	0.0	0.0	1.0	5.6	15
2026-09-07	SIHL.L	0.33899998664855957														4.2	4	0.0	1.0	1.0	1.0	2.0	0.0	2.5	4	0.5	1.0	0.0	0.0	1.0	4.2	4
2026-09-07	SIKA.ZU	191.9499969482422	7.0	8	2.0	1.5	1.0	1.0	2.0	2.0	1.0	1.0	1.5	1.5	1.0	4.2	4	0.5	1.0	1.0	1.0	1.0	0.5	4.5	4	1.0	1.5	0.0	1.0	1.0	6.2	12
2026-09-07	SILC	40.869998931884766	6.6	9	1.5	2.0	1.0	2.0	1.0	2.0	2.0	1.0	0.0	1.0	1.0	5.8	4	1.0	1.0	1.0	2.0	0.0	2.0	2.0	5	1.5	0.5	0.0	0.0	0.0	6.4	13
2026-09-07	SIMO	256.2099914550781	8.2	9	2.0	2.0	1.0	1.5	1.0	1.5	2.0	1.0	2.0	2.0	2.0	7.5	6	2.0	0.0	1.0	2.0	2.0	2.0	2.0	5	1.5	0.0	0.0	0.0	0.5	8.0	15
2026-09-07	SINCH.ST	44.41999816894531	5.7	8	1.5	2.0	1.0	1.0	2.0	2.0	0.0	1.0	0.5	1.5	0.0	4.2	4	0.0	1.0	1.0	1.0	1.0	1.0	5.5	4	2.0	1.0	1.0	0.5	1.0	5.2	12
2026-09-07	SINT	1.6299999952316284	5.2	9	1.5	2.0	1.0	1.5	0.0	2.0	0.0	1.0	0.0	0.5	2.0	6.2	4	1.0	1.0	1.0	2.0	0.5	2.0	2.5	5	0.5	1.5	0.0	0.5	0.0	5.5	13
2026-09-07	SION	7.179999828338623	4.3	9	1.0	2.0	1.0	0.5	0.0	0.0	1.0	1.0	0.0	2.0	1.0	5.8	4	1.0	2.0	1.0	1.5	0.5	1.0	3.0	4	1.0	1.5	0.0	0.0	0.5	4.8	13
2026-09-07	SIP.BR	104.19999694824219														7.1	4	1.5	1.0	1.0	1.0	2.0	2.0	3.5	4	0.0	1.5	1.0	0.0	1.0	7.1	4
2026-09-07	SIQ.ASX	11.430000305175781	6.4	8	1.5	1.5	1.0	1.0	1.0	2.0	1.0	0.5	2.0	1.5	1.0	6.2	4	1.0	1.0	1.0	1.0	2.0	1.5	2.5	4	0.5	0.5	0.0	0.5	1.0	6.3	12
2026-09-07	SIRI	28.989999771118164	4.5	10	1.0	1.5	1.0	0.5	1.0	1.0	0.0	1.5	1.0	1.5	0.0	6.2	6	1.5	2.0	1.0	0.5	1.5	1.0	4.0	5	1.0	0.5	0.0	1.0	1.5	5.0	16
2026-09-07	SIS.DE	54.0														5.4	3	2.0	1.0	1.0	1.0	0.5	1.0	1.0	4	0.0	0.0	0.0	0.0	1.0	5.4	3
2026-09-07	SITC	2.869999885559082	6.8	9	1.0	2.0	1.0	1.0	0.0	2.0	2.0	1.0	2.0	2.0	1.0	4.2	5	0.0	1.0	1.0	1.0	2.0	0.0	4.0	5	1.0	2.0	0.0	0.0	1.0	6.0	14
2026-09-07	SITE	100.58000183105469	6.8	9	1.5	2.0	1.0	1.0	0.0	1.5	2.0	1.0	1.0	2.0	2.0	4.2	6	0.5	1.0	1.0	0.5	1.0	1.0	4.0	5	1.5	1.0	0.0	0.5	1.0	6.0	15
2026-09-07	SITM	612.0900268554688	7.7	9	2.0	2.0	1.0	1.5	2.0	2.0	2.0	1.0	0.5	2.0	1.0	5.4	6	0.5	0.0	1.0	2.0	1.0	2.0	3.5	5	2.0	0.0	0.0	1.0	0.5	7.0	15
2026-09-07	SITOWS.HE	2.4600000381469727														5.0	4	1.0	1.0	1.0	2.0	0.0	1.0	2.5	4	0.5	0.0	0.0	1.0	1.0	5.0	4
2026-09-07	SIVE.ST	27.260000228881836														3.3	3	1.0	1.0	1.0	1.0	0.0	0.0	2.0	4	0.5	0.5	0.0	0.0	1.0	3.3	3
2026-09-07	SIX2.DE	72.1500015258789	6.8	7	1.5	2.0	1.0	1.0	2.0	2.0	1.0	1.0	1.0	0.5	2.0	4.2	4	0.0	1.0	1.0	1.0	1.0	1.0	3.5	4	1.0	0.0	0.0	1.5	1.0	6.0	11
2026-09-07	SIX3.DE	59.900001525878906														5.8	4	2.0	1.0	1.0	1.0	1.0	1.0	4.0	4	1.0	0.5	0.0	1.5	1.0	5.8	4
2026-09-07	SJ	1.0479999780654907														3.8	3	1.0	1.0	1.0	1.0	0.0	0.5	2.5	5	1.0	0.0	1.0	0.0	0.5	3.8	3
2026-09-07	SJF.CO	477.5														6.2	4	1.5	1.0	1.0	1.0	2.0	1.0	3.5	3	0.0	1.5	0.0	1.0	1.0	6.2	4
2026-09-07	SJJ.DE	14.399999618530273														5.0	4	0.0	1.0	1.0	1.0	1.0	2.0	2.0	4	1.0	0.0	0.0	0.0	1.0	5.0	4
2026-09-07	SJM	126.08000183105469	6.8	9	1.5	1.5	1.0	1.5	2.0	2.0	2.0	1.0	0.5	2.0	0.0	6.2	6	1.0	2.0	1.0	1.5	1.0	1.0	2.5	5	0.0	0.5	0.0	1.0	1.0	6.6	15
2026-09-07	SK.PA	59.20000076293945	6.4	7	1.5	2.0	1.0	1.0	2.0	2.0	1.0	1.0	0.5	1.0	1.0	4.6	4	1.0	1.0	1.0	1.0	1.0	0.5	4.0	4	1.5	0.5	0.0	1.0	1.0	5.9	11
2026-09-07	SKA-B.ST	271.8999938964844														4.6	5	0.0	1.0	1.0	1.5	1.0	1.0	3.0	4	1.0	1.0	0.0	0.0	1.0	4.6	5
2026-09-07	SKB.DE	8.789999961853027														5.0	4	2.0	1.0	1.0	1.0	0.5	0.5	4.0	4	1.0	1.0	0.0	1.0	1.0	5.0	4
2026-09-07	SKE	33.09000015258789	6.6	7	1.5	2.0	1.0	1.0	2.0	2.0	1.0	1.0	0.0	2.0	1.0	4.6	2	1.0	1.0	1.0	1.0	0.5	1.0	6.5	5	2.0	0.5	0.0	2.0	2.0	6.0	9
2026-09-07	SKF-A.ST	276.5														6.7	4	2.0	1.0	2.0	1.0	1.0	1.0	6.0	4	1.0	1.5	2.0	0.5	1.0	6.7	4
2026-09-07	SKF-B.ST	274.5														6.7	5	2.0	1.0	1.0	2.0	1.0	1.0	4.0	4	1.0	1.5	0.0	0.5	1.0	6.7	5
2026-09-07	SKHY	177.0	6.4	8	2.0	2.0	1.0	1.0	1.0	1.0	2.0	1.0	2.0	0.0	1.0	7.5	4	2.0	1.0	1.0	1.0	2.0	2.0	3.0	5	2.0	0.5	0.0	0.5	0.0	6.7	12
2026-09-07	SKIN	0.6850000023841858	6.1	9	1.0	2.0	1.0	0.5	0.0	2.0	2.0	1.0	0.0	2.0	2.0	4.2	5	2.0	0.0	1.0	1.0	0.5	0.5	6.5	5	1.0	1.5	0.0	2.0	2.0	5.5	14
2026-09-07	SKISb.ST	163.89999389648438														4.6	5	0.5	1.0	1.0	0.5	1.5	1.0	2.0	4	0.5	0.0	0.0	0.5	1.0	4.6	5
2026-09-07	SKJE.CO	410.0														6.2	4	1.0	1.0	1.0	1.0	2.0	1.5	3.5	3	0.0	1.5	0.0	1.0	1.0	6.2	4
2026-09-07	SKT	37.33000183105469	6.4	9	1.5	1.5	1.0	1.0	1.0	2.0	1.5	1.0	1.5	2.0	0.0	5.8	6	0.0	2.0	1.0	0.5	2.0	1.5	4.5	5	1.0	0.0	0.0	2.0	1.5	6.2	15
2026-09-07	SKWD	57.34000015258789	8.0	9	2.0	2.0	1.0	1.5	1.0	1.5	2.0	1.0	1.5	2.0	2.0	6.2	6	2.0	0.0	1.0	1.0	1.5	2.0	2.0	5	0.0	0.5	0.0	0.5	1.0	7.5	15
2026-09-07	SKY.US	87.76000213623047	8.2	9	2.0	2.0	1.0	1.0	2.0	2.0	2.0	1.0	1.0	2.0	2.0	4.6	6	0.5	2.0	1.0	0.0	1.0	1.0	2.5	5	1.0	0.5	0.0	0.0	1.0	7.1	15
2026-09-07	SKYW	99.05999755859375	6.6	9	1.5	2.0	1.0	1.0	1.0	2.0	1.5	1.0	1.5	2.0	0.0	3.8	6	1.0	0.0	1.0	0.5	1.0	1.0	3.5	5	1.5	0.0	0.0	1.0	1.0	5.8	15
2026-09-07	SLAB	220.5800018310547	5.9	9	1.0	1.0	1.0	0.5	2.0	2.0	1.5	1.0	0.0	2.0	1.0	5.0	6	0.5	1.0	1.0	1.5	0.5	1.5	6.5	4	1.5	2.0	0.0	1.0	2.0	5.6	15
2026-09-07	SLAMF	19.0														3.8	2	0.0	1.0	1.0	1.0	0.5	1.0	4.0	3	0.0	2.0	1.0	1.0	0.0	3.8	2
2026-09-07	SLB	57.5099983215332	7.3	10	2.0	1.5	1.0	1.5	2.0	1.5	1.5	1.0	1.0	2.0	1.0	3.3	6	1.0	0.0	1.0	0.0	1.0	1.0	3.0	5	0.5	1.0	0.0	0.5	1.0	6.1	16
2026-09-07	SLDB	10.25	6.1	9	2.0	2.0	1.0	0.5	2.0	0.5	1.5	1.0	0.0	2.0	1.0	6.2	4	1.0	2.0	1.0	2.0	0.5	1.0	5.0	5	2.0	1.0	0.0	0.0	2.0	6.1	13
2026-09-07	SLDE	24.670000076293945	7.3	9	2.0	1.5	1.0	0.5	1.5	2.0	2.0	1.0	2.0	1.5	1.0	8.3	6	2.0	2.0	1.0	1.0	2.0	2.0	4.0	4	1.0	1.5	0.0	0.0	1.5	7.6	15
2026-09-07	SLDP	2.515000104904175	5.9	9	1.5	2.0	1.0	0.5	1.0	2.0	2.0	1.0	0.0	1.0	1.0	5.8	4	1.0	2.0	1.0	1.5	0.5	1.0	5.0	5	2.0	1.5	0.0	0.0	1.5	5.9	13
2026-09-07	SLF	80.97000122070312	5.7	9	1.0	1.0	1.0	1.0	2.0	1.5	1.5	0.0	1.0	1.5	1.0	5.4	6	1.0	1.0	1.0	1.5	1.0	1.0	4.5	5	1.0	1.0	0.0	0.5	2.0	5.6	15
2026-09-07	SLG	55.560001373291016	5.9	10	1.0	1.0	1.0	0.0	2.0	1.5	2.0	0.5	0.0	2.0	2.0	4.6	6	1.5	0.0	1.0	1.0	0.0	2.0	5.0	5	1.5	0.5	0.0	1.0	2.0	5.5	16
2026-09-07	SLGN	41.18000030517578	6.6	9	2.0	2.0	1.0	1.0	0.0	2.0	1.5	1.0	1.0	2.0	1.0	6.2	6	2.0	2.0	1.0	0.5	1.0	1.0	3.0	5	0.5	0.0	0.0	1.5	1.0	6.5	15
2026-09-07	SLHN.ZU	938.4000244140625	6.6	8	1.5	1.0	1.0	1.0	2.0	2.0	1.0	1.5	1.5	1.0	1.0	5.4	4	1.0	1.0	1.0	1.0	1.5	1.0	4.5	4	0.5	1.0	0.0	2.0	1.0	6.2	12
2026-09-07	SLIGR.NV	10.539999961853027	4.8	7	1.0	2.0	1.0	1.0	0.0	2.0	1.0	1.0	1.0	0.5	0.0	4.6	4	1.0	1.0	1.0	1.0	1.0	0.5	3.5	4	1.0	0.5	0.0	1.0	1.0	4.7	11
2026-09-07	SLL.DE	30.100000381469727	5.5	7	1.0	1.0	1.0	1.0	1.0	2.0	1.0	1.0	0.5	0.5	2.0	3.3	4	0.0	1.0	1.0	1.0	1.0	0.0	2.5	4	0.5	0.0	0.0	1.0	1.0	4.8	11
2026-09-07	SLM	27.079999923706055	6.4	9	1.5	1.0	1.0	0.5	2.0	1.5	0.5	1.0	2.0	2.0	1.0	6.7	6	2.0	0.0	1.0	2.0	2.0	1.0	4.5	5	1.0	0.5	0.0	1.5	1.5	6.5	15
2026-09-07	SLMT	3.8499999046325684														5.4	3	1.0	1.0	1.0	1.0	0.5	2.0	6.0	4	2.0	2.0	0.0	1.0	1.0	5.4	3
2026-09-07	SLN	14.59000015258789	5.0	10	1.5	2.0	1.0	1.5	2.0	0.0	0.0	1.0	0.0	1.0	1.0	3.8	3	1.0	1.0	1.0	0.0	0.5	1.0	2.5	5	1.5	0.5	0.0	0.0	0.5	4.6	13
2026-09-07	SLNAF	9.999999747378752e-05														4.6	3	1.0	1.0	1.0	1.0	0.0	1.5	5.0	4	2.0	2.0	0.0	1.0	0.0	4.6	3
2026-09-07	SLP	18.43000030517578	5.7	9	1.0	0.5	1.0	0.5	2.0	2.0	0.5	1.0	1.0	2.0	1.0	4.2	6	0.0	2.0	1.0	0.0	1.0	1.0	3.5	5	1.5	0.5	0.0	0.0	1.5	5.2	15
2026-09-07	SLPb.ST	36.29999923706055														7.5	5	1.5	1.0	1.0	1.5	2.0	2.0	3.5	4	1.0	0.5	0.0	1.0	1.0	7.5	5
2026-09-07	SLQT	0.5360000133514404	7.0	9	1.5	2.0	1.0	2.0	0.0	2.0	2.0	1.0	1.0	1.0	2.0	5.4	4	1.0	2.0	1.0	1.0	1.0	0.5	4.0	5	1.5	1.5	0.0	0.5	0.5	6.5	13
2026-09-07	SLRC	12.569999694824219	5.0	9	1.0	1.5	1.0	2.0	0.0	1.0	0.5	1.0	1.0	1.0	1.0	4.2	5	0.0	1.0	1.0	0.5	2.0	0.5	3.5	5	0.5	1.5	0.0	1.0	0.5	4.8	14
2026-09-07	SLVM	35.970001220703125	5.2	10	1.5	2.0	1.0	1.0	0.0	2.0	0.0	0.0	1.0	2.0	1.0	5.0	6	1.0	2.0	1.0	0.0	1.0	1.0	4.5	5	0.5	1.5	0.0	1.0	1.5	5.1	16
2026-09-07	SLX.ASX	5.159999847412109	5.7	7	1.5	2.0	1.0	1.0	1.0	2.0	1.0	1.0	0.0	1.0	1.0	3.3	4	0.5	1.0	1.0	1.0	0.0	0.5	2.0	4	0.0	1.0	0.0	0.0	1.0	5.0	11
2026-09-07	SLYG.DE	62.900001525878906														5.8	4	0.5	1.0	1.0	1.0	1.5	2.0	1.5	4	0.0	0.5	0.0	0.0	1.0	5.8	4
2026-09-07	SM	36.439998626708984	6.8	10	2.0	1.5	1.0	1.0	2.0	1.0	2.0	1.0	1.5	2.0	0.0	7.5	6	2.0	2.0	1.0	0.0	2.0	2.0	3.5	5	0.5	1.0	0.0	1.0	1.0	7.0	16
2026-09-07	SMA	32.58000183105469	5.9	10	1.5	1.5	1.0	1.0	1.0	2.0	2.0	0.5	0.5	2.0	0.0	4.6	6	0.0	1.0	1.0	0.5	1.5	1.5	3.5	4	1.0	0.5	0.0	1.0	1.0	5.5	16
2026-09-07	SMBC	74.16999816894531	5.9	9	1.0	1.5	1.0	1.5	1.0	2.0	1.5	0.0	1.0	1.5	1.0	6.2	6	1.5	1.0	1.0	1.0	2.0	1.0	4.0	4	1.0	1.0	0.0	1.0	1.0	6.0	15
2026-09-07	SMBK	51.869998931884766	6.4	8	1.0	1.0	1.0	1.5	2.0	1.5	1.5	1.0	1.0	1.5	1.0	7.1	6	1.0	2.0	1.0	1.0	2.0	1.5	3.0	4	0.5	1.0	0.0	1.0	0.5	6.6	14
2026-09-07	SMCI	39.59000015258789	6.4	9	1.0	1.0	1.0	0.5	2.0	1.5	2.0	1.0	1.5	1.5	1.0	8.3	6	2.0	2.0	1.0	2.0	1.0	2.0	3.0	5	2.0	0.0	0.0	0.5	0.5	7.0	15
2026-09-07	SMCP.PA	7.019999980926514														4.6	4	1.0	1.0	1.0	1.0	1.0	0.5	4.0	4	1.0	1.5	0.0	0.5	1.0	4.6	4
2026-09-07	SMG	59.470001220703125	6.6	9	1.5	2.0	1.0	1.0	0.0	2.0	2.0	1.0	1.0	2.0	1.0	5.8	6	2.0	2.0	1.0	0.0	1.0	1.0	4.5	4	2.0	0.5	0.0	1.0	1.0	6.4	15
2026-09-07	SMG.ZU	31.049999237060547	6.1	8	1.0	2.0	1.0	1.0	2.0	2.0	1.0	1.0	1.0	0.5	1.0	5.8	4	0.5	1.0	1.0	1.0	2.0	1.5	2.5	3	1.0	0.5	0.0	0.0	1.0	6.0	12
2026-09-07	SMHI	9.760000228881836	7.0	9	1.5	1.5	1.0	1.5	2.0	2.0	2.0	1.0	0.0	1.0	2.0	2.5	5	1.0	0.0	1.0	0.5	0.5	0.0	5.0	5	1.0	1.5	0.0	1.0	1.5	5.6	14
2026-09-07	SMHN.DE	72.4000015258789	7.5	9	2.0	2.0	1.0	1.0	1.0	2.0	0.5	2.0	1.0	2.0	2.0	4.2	5	0.0	1.0	1.0	2.0	1.0	0.0	3.0	4	2.0	0.0	0.0	0.0	1.0	6.5	14
2026-09-07	SMIN.L	2567.0	5.9	8	1.5	1.5	1.0	1.0	1.0	2.0	1.0	0.0	1.0	2.0	1.0	5.4	4	2.0	1.0	1.0	1.0	1.0	0.5	2.5	4	0.5	0.5	0.0	0.5	1.0	5.8	12
2026-09-07	SMMT	17.604999542236328	4.5	10	1.5	2.0	1.0	0.0	1.5	0.5	0.0	2.0	0.0	0.5	1.0	4.2	4	1.0	0.0	1.0	1.5	0.5	1.0	3.5	5	1.5	0.5	0.0	0.0	1.5	4.4	14
2026-09-07	SMNR	0.5005000233650208														4.6	2	1.0	1.0	1.0	1.0	0.5	1.0	4.0	3	0.0	2.0	0.0	1.0	1.0	4.6	2
2026-09-07	SMP.US	41.529998779296875	8.0	9	1.5	2.0	1.0	1.0	2.0	2.0	2.0	1.0	1.0	2.0	2.0	5.0	6	2.0	1.0	1.0	0.0	1.0	1.0	4.5	5	1.0	0.0	1.0	1.0	1.5	7.1	15
2026-09-07	SMPL	11.449999809265137	5.5	9	1.0	2.0	1.0	0.5	0.0	2.0	1.5	1.0	0.0	2.0	1.0	3.8	6	1.0	2.0	1.0	0.0	0.0	0.5	2.5	5	0.0	1.5	0.0	0.5	0.5	5.0	15
2026-09-07	SMR	9.699999809265137	4.8	9	1.5	2.0	1.0	0.5	1.0	1.0	0.0	1.0	0.0	1.5	1.0	3.8	5	1.0	0.0	1.0	2.0	0.5	0.0	4.0	5	2.0	1.5	0.0	0.0	0.5	4.5	14
2026-09-07	SMR.ASX	3.130000114440918	4.3	8	1.0	0.5	1.0	1.0	1.5	2.0	1.0	0.0	0.0	0.5	1.0	3.8	3	1.0	1.0	1.0	1.0	0.5	0.0	4.5	3	1.0	1.5	1.0	0.0	1.0	4.1	11
2026-09-07	SMRT	1.3300000429153442	5.2	9	1.0	1.5	1.0	1.5	1.0	2.0	0.0	1.0	0.0	1.5	1.0	4.2	5	1.0	0.0	1.0	2.0	0.0	1.0	3.0	5	1.5	0.5	0.0	0.0	1.0	4.9	14
2026-09-07	SMSD.L	3600.0	7.0	8	1.5	2.0	1.0	1.0	1.0	2.0	2.0	1.0	2.0	0.0	2.0	7.1	5	2.0	1.0	1.0	0.5	2.0	2.0	4.0	4	1.5	1.5	0.0	0.0	1.0	7.0	13
2026-09-07	SMSN.L	4908.0														8.3	5	2.0	1.0	1.0	2.0	2.0	2.0	3.0	4	1.5	0.5	0.0	0.0	1.0	8.3	5
2026-09-07	SMT.L	1500.0														5.8	2	2.0	1.0	1.0	1.0	1.0	1.0	4.0	2	1.0	1.0	0.0	1.0	1.0	5.8	2
2026-09-07	SMTC	147.88999938964844	7.7	9	2.0	2.0	1.0	1.0	2.0	1.0	1.5	1.0	1.5	2.0	2.0	7.5	6	1.5	1.0	1.0	2.0	1.5	2.0	4.0	5	2.0	0.5	0.0	0.5	1.0	7.6	15
2026-09-07	SMTI	34.72999954223633	5.2	9	1.0	1.0	1.0	1.5	1.5	2.0	0.0	1.0	0.0	0.5	2.0	4.2	4	1.0	1.0	1.0	1.0	0.0	1.0	4.5	5	1.0	1.5	0.0	2.0	0.0	4.9	13
2026-09-07	SMWB	8.84000015258789	6.6	10	1.5	1.5	1.0	2.0	2.0	1.5	2.0	1.5	0.0	1.5	0.0	6.2	5	1.0	2.0	1.0	2.0	0.5	1.0	4.0	5	1.5	1.0	0.0	1.5	0.0	6.5	15
2026-09-07	SMWH.L	384.3999938964844	5.0	7	1.0	2.0	1.0	1.0	0.0	2.0	1.0	1.0	0.0	2.0	0.0	4.6	4	1.0	1.0	1.0	1.0	0.5	1.0	6.0	4	1.0	2.0	0.0	2.0	1.0	4.9	11
2026-09-07	SMWN.DE	4.480000019073486														3.3	3	1.0	1.0	1.0	1.0	0.0	0.0	4.5	4	0.0	1.0	2.0	0.5	1.0	3.3	3
2026-09-07	SN	173.3800048828125	7.5	10	2.0	1.5	1.0	0.5	2.0	1.5	1.5	1.0	2.0	1.5	2.0	6.2	6	1.0	0.0	1.0	2.0	1.5	2.0	3.5	5	1.0	1.0	0.0	0.5	1.0	7.1	16
2026-09-07	SN.L	1064.0	5.7	8	1.0	1.5	1.0	1.0	0.0	2.0	1.0	0.0	1.0	2.0	2.0	5.8	4	1.5	1.0	1.0	1.0	1.5	1.0	3.5	4	0.5	1.5	0.0	0.5	1.0	5.7	12
2026-09-07	SNA	383.0	6.8	9	2.0	1.5	1.0	1.0	1.0	2.0	1.0	1.0	1.5	2.0	1.0	4.6	6	1.0	0.0	1.0	1.0	1.5	1.0	2.0	5	0.5	0.0	0.0	0.0	1.5	6.1	15
2026-09-07	SNAP	5.46999979019165	5.5	9	1.0	2.0	1.0	1.0	1.0	0.0	2.0	1.0	0.0	1.0	2.0	4.2	6	0.0	0.0	1.0	2.0	0.5	1.5	3.5	5	1.0	0.5	0.0	1.5	0.5	5.1	15
2026-09-07	SNBRQ	0.019999999552965164														2.5	5	1.0	1.0	1.0	0.0	0.0	0.0	7.0	4	2.0	2.0	1.0	1.0	1.0	2.5	5
2026-09-07	SNC.LS	2.940000057220459														4.6	4	0.0	1.0	1.0	1.0	2.0	0.5	1.0	4	0.0	0.0	0.0	0.0	1.0	4.6	4
2026-09-07	SNDK	1740.0	8.2	10	2.0	2.0	1.0	1.0	2.0	1.0	2.0	1.0	2.0	2.0	2.0	8.3	6	1.0	2.0	1.0	2.0	2.0	2.0	1.5	4	1.0	0.5	0.0	0.0	0.0	8.2	16
2026-09-07	SNDL	1.434999942779541	5.5	9	1.5	2.0	1.0	2.0	1.0	2.0	0.0	1.0	0.0	0.5	1.0	3.3	5	1.0	1.0	1.0	0.0	0.5	0.5	2.5	5	1.0	1.0	0.0	0.0	0.5	4.8	14
2026-09-07	SNDR	35.040000915527344	5.9	9	1.5	1.5	1.0	0.5	1.0	1.5	0.5	1.0	0.5	2.0	2.0	4.6	6	0.0	0.0	1.0	2.0	1.0	1.5	2.5	5	1.0	0.5	0.0	0.0	1.0	5.5	15
2026-09-07	SNDX	20.559999465942383	4.3	9	2.0	2.0	1.0	0.0	0.0	0.5	0.0	1.0	0.0	2.0	1.0	4.2	5	1.0	1.0	1.0	0.0	0.0	2.0	4.0	5	0.0	0.0	0.0	2.0	2.0	4.3	14
2026-09-07	SNEX	69.45999908447266	7.3	9	1.5	2.0	1.0	1.0	1.0	2.0	2.0	1.0	1.5	2.0	1.0	5.4	6	1.0	0.0	1.0	2.0	1.0	1.5	3.5	5	0.5	0.0	0.0	2.0	1.0	6.7	15
2026-09-07	SNFI	1.899999976158142														4.6	2	1.0	1.0	1.0	1.0	0.5	1.0	3.5	4	1.5	0.0	0.0	1.0	1.0	4.6	2
2026-09-07	SNG.DE	9.619999885559082														4.2	4	0.0	1.0	1.0	1.0	0.0	2.0	3.0	3	0.0	1.0	0.0	1.0	1.0	4.2	4
2026-09-07	SNGX	0.3799999952316284	5.7	9	1.5	2.0	1.0	2.0	1.0	2.0	0.0	1.0	0.0	0.0	2.0	4.6	3	1.0	1.0	1.0	1.0	0.5	1.0	3.5	5	2.0	1.5	0.0	0.0	0.0	5.4	12
2026-09-07	SNN.US	28.8700008392334	5.9	8	1.5	1.0	1.0	2.0	0.0	2.0	1.0	1.0	1.0	0.5	2.0	6.7	5	1.5	2.0	1.0	1.0	1.5	1.0	3.0	5	0.5	1.5	0.0	0.5	0.5	6.1	13
2026-09-07	SNOW	337.17999267578125	6.4	10	2.0	2.0	1.0	1.0	2.0	1.0	2.0	1.0	0.0	2.0	0.0	4.2	6	0.0	1.0	1.0	1.0	0.0	2.0	5.5	5	1.5	1.0	1.0	1.0	1.0	5.7	16
2026-09-07	SNPS	393.8399963378906	6.6	10	2.0	2.0	1.0	1.5	0.0	1.5	1.5	1.5	0.5	2.0	1.0	6.7	6	1.0	1.0	1.0	1.5	1.5	2.0	4.5	5	1.5	1.0	1.0	0.5	0.5	6.6	16
2026-09-07	SNR.L	294.0	5.5	8	1.0	1.0	1.0	1.0	2.0	2.0	1.0	0.0	0.0	2.0	1.0	4.6	3	1.0	1.0	1.0	1.0	0.5	1.0	4.5	4	1.0	1.0	1.0	0.5	1.0	5.2	11
2026-09-07	SNWS.L	70.5999984741211	6.8	7	1.5	2.0	1.0	1.0	2.0	2.0	1.0	1.0	2.0	1.5	0.0	5.4	4	2.0	1.0	1.0	1.0	1.0	0.5	3.0	4	0.0	0.0	0.0	2.0	1.0	6.4	11
2026-09-07	SNX.US	262.6400146484375	7.7	9	2.0	2.0	1.0	1.5	2.0	1.5	2.0	1.0	1.0	2.0	1.0	6.7	6	2.0	0.0	1.0	2.0	1.0	2.0	3.0	5	1.5	0.5	0.0	0.5	0.5	7.4	15
2026-09-07	SNY	44.2400016784668	5.9	10	1.0	2.0	1.0	2.0	1.0	2.0	1.5	1.5	1.0	0.0	0.0	2.9	6	0.0	0.0	1.0	0.0	1.0	1.5	1.5	5	0.0	0.5	0.0	0.5	0.5	5.0	16
2026-09-07	SO	88.11000061035156	5.5	10	1.0	1.5	1.0	1.5	0.0	1.5	1.5	1.0	1.0	2.0	0.0	5.0	6	1.0	1.0	1.0	0.5	1.5	1.0	3.5	5	0.0	0.5	0.0	1.5	1.5	5.3	16
2026-09-07	SOBI.ST	454.79998779296875	5.7	9	2.0	1.5	1.0	1.0	1.0	2.0	1.0	0.5	0.5	2.0	0.0	7.5	5	2.0	1.0	1.0	2.0	1.0	2.0	2.5	4	0.0	1.0	0.0	0.5	1.0	6.2	14
2026-09-07	SOBO	37.04999923706055	7.5	9	1.0	1.0	1.0	1.0	2.0	1.5	2.0	2.0	1.5	1.5	2.0	5.4	5	1.0	1.0	1.0	0.5	2.0	1.0	6.5	4	1.0	1.0	1.0	1.5	2.0	6.9	14
2026-09-07	SOC	4.739999771118164	4.5	9	1.5	2.0	1.0	0.0	1.0	1.5	0.0	1.0	0.0	2.0	0.0	2.9	4	1.0	0.0	1.0	0.0	0.5	1.0	4.5	5	0.0	1.5	0.0	2.0	1.0	4.0	13
2026-09-07	SOF.BR	252.0														5.4	3	0.5	1.0	1.0	1.0	2.0	1.0	2.5	4	1.0	0.5	0.0	0.0	1.0	5.4	3
2026-09-07	SOFI	18.219999313354492	5.7	10	1.0	1.5	1.0	0.5	1.0	1.0	1.5	1.5	1.0	1.5	1.0	5.8	6	2.0	0.0	1.0	0.5	1.5	2.0	4.0	5	2.0	1.0	0.0	0.5	0.5	5.7	16
2026-09-07	SOI.PA	128.3000030517578	4.8	8	1.0	0.5	1.0	1.0	2.0	0.5	1.0	1.5	0.0	1.0	1.0	2.5	4	0.0	1.0	1.0	1.0	0.0	0.0	3.5	4	2.0	0.0	0.0	0.5	1.0	4.1	12
2026-09-07	SOL.ASX	44.45000076293945														6.2	4	0.5	1.0	1.0	1.0	2.0	2.0	1.5	4	0.0	0.5	0.0	0.0	1.0	6.2	4
2026-09-07	SOLARb.CO	205.0														5.0	4	0.5	1.0	1.0	1.0	1.0	1.5	3.0	4	1.0	0.0	0.0	1.0	1.0	5.0	4
2026-09-07	SOLB.BR	26.18000030517578														5.0	5	2.0	1.0	1.0	0.5	1.0	0.5	2.5	4	0.0	0.0	0.0	1.5	1.0	5.0	5
2026-09-07	SOLS	63.72999954223633	6.8	10	2.0	1.5	1.0	1.0	1.0	2.0	0.5	2.0	1.0	2.0	1.0	6.2	6	2.0	0.0	1.0	2.0	1.0	1.5	3.5	4	1.0	0.0	0.0	1.5	1.0	6.6	16
2026-09-07	SOLV	91.69000244140625	7.7	9	1.5	1.0	1.0	1.5	2.0	2.0	2.0	1.0	2.0	2.0	1.0	5.0	6	1.5	1.0	1.0	0.0	1.5	1.0	3.5	5	0.5	1.5	0.0	1.0	0.5	6.9	15
2026-09-07	SON	51.95000076293945	5.9	10	1.5	2.0	1.0	0.5	1.0	2.0	1.0	0.5	1.5	2.0	0.0	6.2	6	2.0	2.0	1.0	1.0	1.0	0.5	2.5	5	0.0	0.0	0.0	1.0	1.5	6.0	16
2026-09-07	SON.LS	2.0250000953674316														5.8	4	2.0	1.0	1.0	1.0	1.0	1.0	3.5	4	0.5	1.0	0.0	1.0	1.0	5.8	4
2026-09-07	SONN CVR		5.0	0	1.0	1.0	1.0	1.0	1.0	1.0	1.0	1.0	1.0	1.0	1.0																5.0	0
2026-09-07	SONO	15.359999656677246	5.9	9	1.0	1.5	1.0	0.5	1.0	2.0	0.0	1.0	1.0	2.0	2.0	6.2	6	0.5	2.0	1.0	2.0	1.0	1.0	3.0	5	2.0	0.0	0.0	0.0	1.0	6.0	15
2026-09-07	SONY	24.559999465942383	6.1	9	1.5	0.5	1.0	2.0	2.0	2.0	1.5	1.0	1.0	0.0	1.0	5.4	6	1.0	2.0	1.0	1.0	0.5	1.0	1.0	5	0.5	0.0	0.0	0.0	0.5	5.9	15
2026-09-07	SOON.ZU	234.8000030517578	6.6	8	1.0	1.0	1.0	1.0	2.0	1.5	1.0	1.5	1.5	1.0	2.0	5.8	3	1.5	1.0	1.0	1.0	1.5	1.0	3.5	4	1.0	1.0	0.0	0.5	1.0	6.4	11
2026-09-07	SOP.PA	171.8000030517578	5.7	8	1.5	2.0	1.0	1.0	2.0	2.0	1.0	0.0	1.0	1.0	0.0	5.8	4	2.0	1.0	1.0	1.0	1.0	1.0	3.0	4	1.0	0.5	0.0	0.5	1.0	5.7	12
2026-09-07	SOS.L	13.25														4.6	4	0.0	1.0	1.0	1.0	1.0	1.5	4.0	4	1.5	1.5	0.0	0.0	1.0	4.6	4
2026-09-07	SOU.L	1.7000000476837158														4.6	2	1.0	1.0	1.0	1.0	0.5	1.0	5.0	3	1.0	2.0	0.0	1.0	1.0	4.6	2
2026-09-07	SOUN	6.739999771118164	4.3	10	2.0	2.0	1.0	0.0	0.0	0.5	1.0	1.0	0.0	1.0	1.0	4.2	5	1.0	1.0	1.0	0.0	0.0	2.0	4.5	5	2.0	1.5	0.0	0.0	1.0	4.3	15
2026-09-07	SPB	88.5	7.0	9	1.5	1.5	1.0	0.5	2.0	1.5	2.0	1.0	0.5	2.0	2.0	3.8	6	1.5	0.0	1.0	0.0	1.0	1.0	3.0	5	0.5	0.5	0.0	0.5	1.5	6.0	15
2026-09-07	SPCE	3.0399999618530273	4.5	9	0.5	0.5	1.0	0.0	1.0	1.0	2.0	1.0	0.0	1.0	2.0	4.6	4	1.0	1.0	1.0	2.0	0.5	0.0	4.5	5	2.0	1.0	0.0	0.5	1.0	4.5	13
2026-09-07	SPCX	147.9499969482422	6.6	9	1.5	2.0	1.0	1.5	1.5	0.0	2.0	2.0	1.0	1.0	1.0	5.0	3	1.0	1.0	1.0	1.0	0.0	2.0	2.0	4	1.0	0.0	0.0	0.5	0.5	6.1	12
2026-09-07	SPCX.24-7	147.9499969482422														5.0	3	1.0	1.0	1.0	1.0	0.0	2.0	2.0	4	1.0	0.0	0.0	0.5	0.5	5.0	3
2026-09-07	SPFI	45.630001068115234	6.8	8	1.5	1.5	1.0	1.5	2.0	2.0	1.5	1.0	1.0	1.0	1.0	7.5	6	1.5	2.0	1.0	0.5	2.0	2.0	3.0	4	0.0	1.0	0.0	1.0	1.0	7.0	14
2026-09-07	SPG	209.44000244140625	5.9	9	1.0	1.5	1.0	2.0	1.0	1.5	0.0	1.0	2.0	2.0	0.0	4.2	6	0.0	0.0	1.0	0.5	2.0	1.5	3.5	5	1.5	0.0	0.0	2.0	0.0	5.4	15
2026-09-07	SPGI	443.510009765625	6.8	10	2.0	1.5	1.0	1.5	2.0	2.0	1.0	1.0	1.0	2.0	0.0	6.2	6	1.0	2.0	1.0	0.0	2.0	1.5	2.5	5	1.0	0.0	0.0	0.5	1.0	6.6	16
2026-09-07	SPHR	142.4199981689453	6.4	10	2.0	2.0	1.0	0.0	1.0	1.5	2.0	1.5	0.0	2.0	1.0	3.3	5	1.0	0.0	1.0	0.0	0.5	1.5	4.0	5	1.5	0.5	0.0	0.5	1.5	5.5	15
2026-09-07	SPI.L	238.0														3.3	4	0.0	1.0	0.0	1.0	1.0	1.0	6.5	4	1.0	1.0	2.0	1.5	1.0	3.3	4
2026-09-07	SPIE.PA	43.79999923706055	5.7	8	1.5	2.0	1.0	1.0	0.0	2.0	1.0	1.0	1.5	1.5	0.0	5.0	4	1.0	1.0	1.0	1.0	1.0	1.0	4.0	4	0.5	1.0	0.0	1.5	1.0	5.5	12
2026-09-07	SPINNEYS.AE	1.2699999809265137														5.0	4	1.5	1.0	1.0	1.0	1.0	0.5	5.0	4	0.0	0.5	2.0	1.5	1.0	5.0	4
2026-09-07	SPIR	11.979999542236328	5.0	9	1.5	2.0	1.0	0.5	0.0	1.0	0.5	1.0	0.0	1.5	2.0	3.8	5	1.0	2.0	1.0	0.0	0.0	0.5	3.5	5	2.0	0.5	0.0	0.0	1.0	4.6	14
2026-09-07	SPK.ASX	1.7649999856948853														4.6	3	0.0	1.0	1.0	1.0	1.5	1.0	2.0	4	0.0	0.0	0.0	1.0	1.0	4.6	3
2026-09-07	SPM.MI	4.3520002365112305	6.1	9	1.5	2.0	1.0	1.0	1.0	2.0	0.0	1.5	1.0	1.5	1.0	5.0	5	2.0	1.0	1.0	0.0	1.0	1.0	4.5	4	1.5	1.0	0.0	1.0	1.0	5.8	14
2026-09-07	SPNT	24.479999542236328														5.4	5	2.0	1.0	1.0	0.5	1.5	0.5	3.0	5	0.5	0.5	0.0	0.5	1.5	5.4	5
2026-09-07	SPOK	10.710000038146973														4.6	4	1.0	1.0	1.0	1.0	1.0	0.5	2.5	5	0.0	1.5	0.0	0.0	1.0	4.6	4
2026-09-07	SPOT	542.4299926757812	7.5	10	1.5	1.5	1.0	1.5	2.0	1.0	2.0	0.5	2.0	1.5	2.0	4.2	6	1.0	0.0	1.0	0.0	1.5	1.5	2.0	5	1.5	0.0	0.0	0.0	0.5	6.5	16
2026-09-07	SPRB	57.93000030517578	5.0	9	2.0	2.0	1.0	0.5	1.0	0.5	0.0	1.0	0.0	2.0	1.0	5.0	3	1.0	1.0	1.0	1.5	0.5	1.0	5.0	5	2.0	0.5	1.0	0.0	1.5	5.0	12
2026-09-07	SPRC	5.289999961853027														4.6	4	2.0	1.0	1.0	1.0	0.5	0.0	4.0	5	2.0	2.0	0.0	0.0	0.0	4.6	4
2026-09-07	SPRY	5.619999885559082	5.0	9	1.5	2.0	1.0	0.0	0.0	2.0	0.5	1.0	0.0	2.0	1.0	6.7	5	1.0	2.0	1.0	2.0	0.0	2.0	6.0	5	1.0	1.5	0.0	2.0	1.5	5.5	14
2026-09-07	SPSC	83.0	6.8	9	1.0	0.5	1.0	0.5	2.0	2.0	2.0	1.0	1.0	2.0	2.0	5.0	6	0.0	2.0	1.0	0.5	1.5	1.0	1.5	5	0.5	0.0	0.0	0.0	1.0	6.3	15
2026-09-07	SPSN.ZU	125.5999984741211	4.3	8	1.0	1.0	1.0	1.0	0.0	2.0	1.0	0.0	1.0	1.5	0.0	4.6	4	0.0	1.0	1.0	1.0	2.0	0.5	3.0	3	1.0	0.0	0.0	1.0	1.0	4.4	12
2026-09-07	SPSY.L	160.0														7.1	4	2.0	1.0	1.0	1.0	2.0	1.5	1.0	4	0.0	0.0	0.0	0.0	1.0	7.1	4
2026-09-07	SPT	11.359999656677246	6.8	9	1.5	1.5	1.0	1.0	2.0	2.0	2.0	1.0	0.0	2.0	1.0	6.7	5	2.0	1.0	1.0	2.0	0.5	1.5	2.0	5	1.0	0.0	0.0	0.0	1.0	6.8	14
2026-09-07	SPTX	24.860000610351562	6.1	8	2.0	2.0	1.0	1.0	1.5	1.0	0.0	1.0	1.0	2.0	1.0	4.2	3	1.0	1.0	1.0	0.5	0.5	1.0	3.5	4	1.0	0.5	0.0	0.0	2.0	5.5	11
2026-09-07	SPWH	1.2999999523162842	6.8	9	1.5	2.0	1.0	2.0	1.0	2.0	2.0	1.0	0.0	1.5	1.0	5.4	6	2.0	0.0	1.0	2.0	0.5	1.0	4.0	5	0.0	1.5	0.0	2.0	0.5	6.4	15
2026-09-07	SPX.L	6960.0	7.0	8	1.5	1.5	1.0	1.0	1.0	1.5	1.0	1.5	1.5	2.0	2.0	5.8	4	1.5	1.0	1.0	1.0	1.5	1.0	3.0	4	1.0	0.0	0.0	1.0	1.0	6.6	12
2026-09-07	SPXC	196.3699951171875	7.3	9	2.0	2.0	1.0	1.5	0.0	2.0	1.5	1.0	1.0	2.0	2.0	6.2	6	1.5	0.0	1.0	1.5	1.5	2.0	2.5	5	1.5	0.5	0.0	0.0	0.5	7.0	15
2026-09-07	SQM	76.43000030517578	6.8	8	1.5	2.0	1.0	1.0	2.0	1.5	0.5	1.0	1.5	1.0	2.0	7.5	6	2.0	0.0	1.0	2.0	2.0	2.0	2.0	5	1.0	0.0	0.0	0.5	0.5	7.0	14
2026-09-07	SQN.ZU	41.939998626708984	5.5	7	1.5	1.0	1.0	1.0	1.0	1.5	1.0	1.0	2.0	1.0	0.0	6.2	4	1.5	1.0	1.0	1.0	2.0	1.0	2.5	4	1.0	0.5	0.0	0.0	1.0	5.7	11
2026-09-07	SR	82.68000030517578	6.1	9	2.0	1.5	1.0	1.0	1.0	2.0	1.0	1.0	1.0	2.0	0.0	7.5	6	0.5	2.0	1.0	2.0	2.0	1.5	3.5	5	0.5	0.0	0.0	1.5	1.5	6.5	15
2026-09-07	SRAD	12.899999618530273	4.8	10	1.5	2.0	1.0	0.5	0.0	1.0	1.5	0.5	0.5	2.0	0.0	4.6	6	0.0	2.0	1.0	0.0	1.0	1.5	4.0	5	1.5	1.5	0.0	0.0	1.0	4.7	16
2026-09-07	SRAD.L	152.0	6.8	7	1.5	2.0	1.0	1.0	1.0	2.0	1.0	1.0	1.5	1.0	2.0	5.0	4	1.5	1.0	1.0	1.0	1.0	0.5	2.0	4	0.0	0.0	0.0	1.0	1.0	6.3	11
2026-09-07	SRAG.DE	2.2200000286102295														5.0	3	0.0	1.0	1.0	1.0	2.0	1.0	3.5	4	1.5	0.0	1.0	0.0	1.0	5.0	3
2026-09-07	SRAIL.ZU	29.540000915527344	5.2	7	1.0	1.0	1.0	1.0	2.0	2.0	1.0	1.0	1.0	0.5	0.0	5.4	4	0.5	1.0	1.0	1.0	1.0	2.0	3.5	4	0.5	1.0	0.0	1.0	1.0	5.3	11
2026-09-07	SRB.L	295.5														7.5	4	2.0	1.0	1.0	1.0	2.0	2.0	2.0	4	1.0	0.0	0.0	0.0	1.0	7.5	4
2026-09-07	SRC.L	128.3000030517578	6.4	8	1.0	1.0	1.0	1.0	2.0	2.0	1.0	1.0	1.0	2.0	1.0	5.8	3	1.0	1.0	2.0	1.0	1.0	1.0	5.0	4	1.5	0.0	2.0	0.5	1.0	6.2	11
2026-09-07	SRCE	87.2300033569336	7.0	8	1.5	1.0	1.0	1.5	2.0	1.5	2.0	1.0	1.0	2.0	1.0	6.7	6	1.5	0.0	1.0	2.0	2.0	1.5	3.5	4	0.5	1.0	0.0	1.0	1.0	6.9	14
2026-09-07	SRE	84.04000091552734	7.7	10	2.0	2.0	1.0	2.0	0.0	1.5	2.0	1.5	1.0	2.0	2.0	6.7	6	2.0	2.0	1.0	1.0	1.5	0.5	3.0	5	0.5	0.5	0.0	1.0	1.0	7.4	16
2026-09-07	SRE.L	95.25	5.0	7	1.5	1.5	1.0	1.0	0.0	2.0	1.0	1.0	1.0	1.0	0.0	7.1	4	2.0	1.0	1.0	1.0	2.0	1.5	3.0	4	1.0	0.5	0.0	0.5	1.0	5.6	11
2026-09-07	SREI.L	42.54999923706055														5.8	4	1.5	1.0	1.0	1.0	2.0	0.5	3.5	4	0.5	1.5	0.0	0.5	1.0	5.8	4
2026-09-07	SREN.ZU	142.85000610351562	5.5	9	0.0	0.5	1.0	1.0	2.0	2.0	2.0	0.0	1.5	1.0	1.0	5.0	5	2.0	1.0	1.0	0.0	1.5	0.5	2.0	4	0.0	0.5	0.0	0.5	1.0	5.3	14
2026-09-07	SRFM	0.6700000166893005	3.6	8	1.5	2.0	1.0	0.5	0.0	0.5	0.0	1.0	1.0	0.5	0.0	3.3	4	1.0	1.0	1.0	0.0	0.0	1.0	6.5	4	2.0	2.0	0.0	1.0	1.5	3.5	12
2026-09-07	SRG.MI	5.659999847412109	4.8	8	1.0	1.5	1.0	1.0	0.0	2.0	1.0	1.0	1.0	1.0	0.0	6.2	5	1.0	1.0	1.0	1.5	2.0	1.0	3.0	4	0.5	0.0	0.0	1.5	1.0	5.2	13
2026-09-07	SRG.US	2.0799999237060547														3.8	3	1.0	1.0	1.0	1.0	0.5	0.0	7.0	5	2.0	2.0	1.0	0.0	2.0	3.8	3
2026-09-07	SRI	7.480000019073486														6.2	5	2.0	1.0	1.0	2.0	0.0	1.5	4.5	5	2.0	0.0	0.0	1.0	1.5	6.2	5
2026-09-07	SRNE	0.0006000000284984708														5.4	3	1.0	1.0	1.0	1.0	0.5	2.0	4.0	4	0.0	2.0	0.0	1.0	1.0	5.4	3
2026-09-07	SRP.L	253.0	6.4	8	1.5	1.5	1.0	1.0	1.0	2.0	1.0	2.0	1.5	1.5	0.0	4.6	4	1.0	1.0	0.5	1.0	1.0	1.0	4.5	4	0.5	0.0	2.0	1.0	1.0	5.9	12
2026-09-07	SRP.PA	0.9599999785423279														4.6	3	1.0	1.0	2.0	1.0	0.5	0.0	7.0	4	0.5	2.0	2.0	1.5	1.0	4.6	3
2026-09-07	SRPT	22.5	3.9	9	1.0	0.5	1.0	0.0	2.0	0.0	0.0	1.0	0.0	2.0	1.0	3.8	6	1.0	2.0	1.0	0.0	0.5	0.0	2.5	5	0.0	0.5	0.0	0.5	1.5	3.9	15
2026-09-07	SRRK	55.33000183105469	5.9	9	2.0	1.5	1.0	0.5	2.0	1.5	0.5	1.0	0.0	2.0	1.0	5.0	4	1.0	1.0	1.0	1.5	0.5	1.0	4.5	5	0.5	1.0	0.0	1.0	2.0	5.6	13
2026-09-07	SRT.DE	189.60000610351562														5.4	5	2.0	1.0	1.0	0.5	1.0	1.0	3.5	4	1.5	0.0	0.0	1.0	1.0	5.4	5
2026-09-07	SRTA	5.320000171661377	6.1	9	1.5	2.0	1.0	1.0	1.0	2.0	0.0	1.0	0.0	2.0	2.0	7.9	5	1.0	2.0	1.0	2.0	1.5	2.0	3.0	5	2.0	0.0	0.0	0.0	1.0	6.6	14
2026-09-07	SSABAH.HE	9.484000205993652														5.0	4	1.0	1.0	1.0	1.0	1.0	1.0	4.0	4	1.5	1.5	0.0	0.0	1.0	5.0	4
2026-09-07	SSABB.ST	106.0999984741211														3.8	5	0.5	1.0	1.0	0.0	1.0	1.0	4.0	4	1.5	1.5	0.0	0.0	1.0	3.8	5
2026-09-07	SSB	107.9800033569336	7.5	8	2.0	1.5	1.0	1.5	2.0	2.0	1.5	1.0	1.0	2.0	1.0	6.7	6	1.5	2.0	1.0	1.0	2.0	0.5	3.5	4	0.5	1.0	0.0	1.0	1.0	7.3	14
2026-09-07	SSD	180.97000122070312	6.4	9	1.0	1.5	1.0	1.5	0.0	2.0	1.5	1.0	1.5	2.0	1.0	3.3	6	0.5	0.0	1.0	0.0	1.5	1.0	2.5	5	1.5	0.0	0.0	0.0	1.0	5.5	15
2026-09-07	SSE.L	2401.0	5.2	7	1.0	1.0	1.0	1.0	0.0	1.5	1.0	1.0	1.0	2.0	1.0	5.8	4	2.0	1.0	1.0	1.0	1.5	0.5	2.5	4	0.5	0.5	0.0	0.5	1.0	5.4	11
2026-09-07	SSH1V.HE	2.25														5.0	3	1.0	1.0	2.0	1.0	0.0	1.0	4.0	4	0.0	1.0	2.0	0.0	1.0	5.0	3
2026-09-07	SSIT.L	185.0														5.8	2	2.0	1.0	1.0	1.0	1.0	1.0	3.0	2	1.0	0.0	0.0	1.0	1.0	5.8	2
2026-09-07	SSL	12.270000457763672														6.2	4	2.0	1.0	1.0	1.0	1.0	1.5	3.0	5	0.0	0.5	1.0	0.5	1.0	6.2	4
2026-09-07	SSMR	17.450000762939453	6.1	8	2.0	1.5	1.0	1.5	1.5	1.0	0.0	1.0	1.0	2.0	1.0	4.6	2	1.0	1.0	1.0	1.0	0.5	1.0	2.5	4	1.0	0.5	0.0	0.0	1.0	5.6	10
2026-09-07	SSNC	83.6500015258789	7.3	9	1.5	1.5	1.0	1.5	2.0	2.0	1.5	1.0	1.0	2.0	1.0	7.9	6	2.0	2.0	1.0	1.5	1.5	1.5	3.0	5	1.0	0.5	0.0	1.0	0.5	7.5	15
2026-09-07	SSP.US	3.299999952316284	4.8	9	1.5	2.0	1.0	1.0	1.0	0.5	0.0	1.0	0.0	1.5	1.0	2.9	5	1.0	0.0	1.0	1.0	0.0	0.5	3.5	5	0.5	0.0	0.0	2.0	1.0	4.2	14
2026-09-07	SSPG.L	196.3000030517578	5.5	8	1.0	1.5	1.0	1.0	1.0	2.0	1.0	1.0	0.5	2.0	0.0	4.6	3	1.0	1.0	1.0	1.0	0.5	1.0	4.5	4	1.0	0.5	0.0	2.0	1.0	5.2	11
2026-09-07	SSRM	37.150001525878906	7.5	10	2.0	1.5	1.0	1.5	2.0	1.5	2.0	1.0	1.0	2.0	1.0	6.2	6	2.0	2.0	1.0	0.0	1.5	1.0	2.5	5	1.0	1.0	0.0	0.0	0.5	7.1	16
2026-09-07	SSTK	5.739999771118164														3.3	3	1.0	1.0	1.0	1.0	0.0	0.0	4.5	5	1.0	2.0	0.0	1.0	0.5	3.3	3
2026-09-07	SSYS.US	8.0	6.1	9	1.5	2.0	1.0	1.5	0.0	2.0	2.0	1.0	0.0	1.5	1.0	2.9	6	1.0	1.0	1.0	0.0	0.0	0.5	4.0	5	2.0	1.0	0.0	0.0	1.0	5.1	15
2026-09-07	ST	43.08000183105469	7.0	9	1.5	2.0	1.0	1.0	1.0	2.0	1.5	1.0	0.5	2.0	2.0	5.0	6	2.0	0.0	1.0	1.0	1.0	1.0	3.5	5	1.5	0.0	0.0	1.0	1.0	6.4	15
2026-09-07	ST5.DE	18.959999084472656														5.0	4	1.0	1.0	1.0	1.0	1.0	1.0	3.5	4	1.0	1.0	0.0	0.5	1.0	5.0	4
2026-09-07	STAA	23.469999313354492	5.9	9	1.0	2.0	1.0	0.5	0.0	2.0	2.0	1.0	0.5	2.0	1.0	6.7	6	2.0	0.0	1.0	2.0	1.0	2.0	3.5	5	1.5	0.0	1.0	0.0	1.0	6.1	15
2026-09-07	STAF.L	40.5														6.2	4	2.0	1.0	1.0	1.0	1.0	1.5	2.5	4	0.5	0.5	0.0	0.5	1.0	6.2	4
2026-09-07	STAG	37.68000030517578	6.6	10	1.0	1.5	1.0	1.0	0.0	2.0	1.5	1.5	1.0	2.0	2.0	5.8	5	0.0	2.0	1.0	1.0	2.0	1.0	3.0	5	1.0	0.0	0.0	1.0	1.0	6.4	15
2026-09-07	STAN.L	2244.0	6.8	7	1.5	1.0	1.0	1.0	2.0	2.0	1.5	1.0	1.0	2.0	1.0	6.7	5	2.0	1.0	1.0	1.0	2.0	1.0	4.0	3	0.5	1.5	0.0	1.0	1.0	6.8	12
2026-09-07	STAR.L	21.0														3.3	3	1.0	1.0	1.0	1.0	0.0	0.0	2.5	4	0.5	0.5	0.0	0.5	1.0	3.3	3
2026-09-07	STB.L	1498.0														6.2	4	2.0	1.0	1.0	1.0	1.5	1.0	4.0	3	1.0	1.0	0.0	1.0	1.0	6.2	4
2026-09-07	STB.OL	205.60000610351562														5.8	5	0.5	1.0	1.0	1.5	1.0	2.0	4.5	4	0.5	1.5	0.0	1.5	1.0	5.8	5
2026-09-07	STBA	50.63999938964844	6.6	8	1.0	1.0	1.0	1.0	2.0	2.0	1.5	1.0	1.0	2.0	1.0	7.1	6	1.5	1.0	1.0	2.0	2.0	1.0	4.5	4	1.0	1.0	0.0	1.0	1.5	6.7	14
2026-09-07	STC	67.52999877929688	6.8	9	1.5	1.5	1.0	1.5	0.0	1.5	2.0	1.0	1.0	2.0	2.0	3.8	6	0.5	0.0	1.0	0.0	1.0	2.0	2.5	5	1.0	0.0	0.0	0.5	1.0	5.9	15
2026-09-07	STDN	14.699999809265137	4.8	7	2.0	1.5	1.0	1.0	1.0	1.0	0.0	1.0	1.0	0.0	1.0	5.0	3	1.0	1.0	1.0	1.0	0.0	2.0	3.0	3	1.0	0.5	0.0	1.0	0.5	4.9	10
2026-09-07	STE	224.58999633789062	7.3	9	2.0	2.0	1.0	1.5	0.0	2.0	1.5	1.0	1.0	2.0	2.0	4.6	6	1.0	0.0	1.0	1.0	1.5	1.0	2.0	5	1.0	0.0	0.0	0.0	1.0	6.5	15
2026-09-07	STEM	5.570000171661377	4.8	8	1.0	2.0	1.0	0.5	0.0	2.0	1.5	1.0	1.0	0.5	0.0	4.2	4	1.0	1.0	1.0	2.0	0.0	0.0	6.0	4	1.5	2.0	0.0	1.0	1.5	4.6	12
2026-09-07	STEP	50.91999816894531	5.7	9	2.0	2.0	1.0	1.0	1.0	1.0	1.5	1.0	0.0	2.0	0.0	4.6	5	1.0	2.0	1.0	0.5	0.0	1.0	4.0	5	1.5	0.5	0.0	1.0	1.0	5.4	14
2026-09-07	STERV.HE	10.180000305175781														2.9	5	0.0	1.0	1.0	0.0	1.0	0.5	2.0	4	0.5	0.0	0.0	0.5	1.0	2.9	5
2026-09-07	STF.PA	127.80000305175781														5.0	4	1.0	1.0	1.0	1.0	1.0	1.0	2.5	4	0.5	0.0	0.0	1.0	1.0	5.0	4
2026-09-07	STGW	8.770000457763672	6.4	9	2.0	1.5	1.0	1.0	2.0	2.0	2.0	1.0	0.5	1.0	0.0	5.0	6	2.0	0.0	1.0	0.5	1.0	1.5	5.0	5	1.5	1.0	0.0	1.5	1.0	6.0	15
2026-09-07	STHO	9.930000305175781														5.4	4	2.0	1.0	1.0	1.0	1.5	0.0	5.5	5	1.5	2.0	0.0	0.5	1.5	5.4	4
2026-09-07	STJ.L	1160.0	6.4	8	1.5	2.0	1.0	1.0	1.0	1.0	1.0	0.5	2.0	2.0	1.0	5.8	4	1.0	1.0	1.0	1.0	1.0	2.0	4.0	4	1.0	0.5	1.0	0.5	1.0	6.2	12
2026-09-07	STKS	1.6299999952316284	4.1	9	1.5	2.0	1.0	1.0	0.0	1.5	0.0	1.0	0.0	1.0	0.0	2.9	4	1.0	1.0	1.0	0.0	0.0	0.5	7.5	5	1.5	2.0	0.0	2.0	2.0	3.7	13
2026-09-07	STLA.US	5.559999942779541	4.3	10	1.0	1.0	1.0	1.5	0.0	1.0	2.0	0.0	0.0	1.0	1.0	3.8	6	2.0	0.0	1.0	0.0	0.0	1.5	5.0	5	1.0	1.5	0.0	1.0	1.5	4.1	16
2026-09-07	STLAM.MI	4.786499977111816	4.1	8	1.0	1.0	1.0	1.0	0.0	1.0	1.0	1.0	0.0	1.0	1.0	4.6	6	2.0	0.0	1.0	1.0	0.0	1.5	4.5	4	1.0	1.5	0.0	1.0	1.0	4.2	14
2026-09-07	STLAP.PA	4.78000020980835	4.1	7	1.0	1.0	1.0	1.0	0.0	1.0	1.0	1.0	0.0	1.0	1.0	4.6	5	2.0	0.0	1.0	1.0	0.0	1.5	4.5	4	1.0	1.5	0.0	1.0	1.0	4.2	12
2026-09-07	STLD	242.05999755859375	7.5	9	1.5	1.5	1.0	1.5	2.0	2.0	1.5	1.0	1.5	2.0	1.0	5.0	6	0.0	0.0	1.0	2.0	1.0	2.0	3.5	5	1.5	0.5	0.0	0.5	1.0	6.8	15
2026-09-07	STLN	5.929999828338623	7.0	8	1.5	2.0	1.0	1.0	2.0	2.0	2.0	1.0	1.0	1.0	1.0	5.4	5	1.0	2.0	1.0	0.0	0.5	2.0	2.5	4	0.0	0.5	0.0	1.0	1.0	6.5	13
2026-09-07	STM.DE	16.799999237060547	7.5	8	1.5	2.0	1.0	1.0	1.0	2.0	2.0	1.0	1.0	2.0	2.0	5.4	4	2.0	1.0	1.0	1.0	1.0	0.5	3.5	4	1.0	0.5	0.0	1.0	1.0	6.9	12
2026-09-07	STM.US	52.2400016784668	5.7	10	1.5	2.0	1.0	1.5	1.0	1.0	0.5	1.0	0.5	0.5	2.0	7.1	6	2.0	1.0	1.0	1.5	1.0	2.0	2.0	5	1.5	0.0	0.0	0.0	0.5	6.1	16
2026-09-07	STMMI.MI	44.814998626708984	5.7	7	1.5	2.0	1.0	1.0	1.0	1.0	1.0	1.0	0.5	0.5	2.0	6.7	4	2.0	1.0	1.0	1.0	1.0	2.0	2.5	4	1.5	0.0	0.0	0.0	1.0	6.0	11
2026-09-07	STMN.ZU	93.94000244140625	6.1	8	1.0	1.5	1.0	1.0	1.0	1.5	1.0	1.0	1.5	1.0	2.0	5.8	4	1.5	1.0	1.0	1.0	1.5	1.0	2.5	4	1.5	0.0	0.0	0.0	1.0	6.0	12
2026-09-07	STMPA.PA	44.80500030517578	5.2	9	1.5	2.0	1.0	1.0	1.0	1.0	0.0	1.0	0.5	0.5	2.0	6.7	5	2.0	1.0	1.0	1.0	1.0	2.0	2.5	4	1.5	0.0	0.0	0.0	1.0	5.6	14
2026-09-07	STN	73.5199966430664	7.5	8	2.0	2.0	1.0	1.0	1.0	2.0	1.0	1.0	1.5	2.0	2.0	5.4	6	1.5	1.0	1.0	0.5	1.0	1.5	3.5	5	0.5	1.0	0.0	1.0	1.0	6.9	14
2026-09-07	STNE	10.109999656677246	6.6	9	1.5	2.0	1.0	0.5	0.0	2.0	1.5	1.0	2.0	2.0	1.0	6.2	5	2.0	1.0	1.0	0.5	2.0	1.0	5.5	5	1.5	1.5	0.0	1.5	1.0	6.5	14
2026-09-07	STNG	82.3499984741211	6.8	10	1.0	1.5	1.0	1.0	2.0	1.5	1.5	1.0	1.5	2.0	1.0	5.8	6	1.0	0.0	1.0	1.0	2.0	2.0	2.0	5	0.0	1.0	0.0	0.0	1.0	6.5	16
2026-09-07	STO.ASX	8.350000381469727	6.4	8	2.0	1.0	1.0	1.0	2.0	2.0	1.0	1.5	0.5	1.0	1.0	5.4	5	2.0	1.0	1.0	0.0	1.5	1.0	2.5	4	0.0	1.0	0.0	0.5	1.0	6.1	13
2026-09-07	STO3.DE	102.0														5.0	4	1.0	1.0	1.0	1.0	1.0	1.0	2.5	4	1.0	0.5	0.0	0.0	1.0	5.0	4
2026-09-07	STOK	29.809999465942383	4.8	10	2.0	2.0	1.0	0.0	0.0	1.0	0.0	1.5	0.0	2.0	1.0	3.8	5	1.0	2.0	1.0	0.0	0.5	0.0	3.5	5	1.5	0.0	0.0	0.0	2.0	4.5	15
2026-09-07	STORYb.ST	115.0999984741211														7.1	5	1.5	1.0	1.0	2.0	1.5	1.5	4.5	4	1.5	1.5	0.0	0.5	1.0	7.1	5
2026-09-07	STORb.ST	11.25														5.0	4	1.0	1.0	1.0	1.0	1.0	1.0	3.0	4	1.0	0.5	0.0	0.5	1.0	5.0	4
2026-09-07	STRA	81.58999633789062	7.5	9	1.5	2.0	1.0	1.0	2.0	2.0	2.0	1.0	1.0	2.0	1.0	5.8	6	2.0	0.0	1.0	1.5	1.5	1.0	1.0	5	0.0	0.0	0.0	0.0	1.0	7.0	15
2026-09-07	STRC	97.75														4.6	3	1.0	1.0	1.0	1.0	0.5	1.0	4.0	5	2.0	1.5	0.0	0.0	0.5	4.6	3
2026-09-07	STRD	75.9000015258789														4.6	3	1.0	1.0	1.0	1.0	0.5	1.0	4.0	5	2.0	0.5	0.0	0.0	1.5	4.6	3
2026-09-07	STRF	104.30000305175781														4.6	3	1.0	1.0	1.0	1.0	0.5	1.0	3.5	5	2.0	0.0	0.0	0.0	1.5	4.6	3
2026-09-07	STRK.US	77.7699966430664														4.6	3	1.0	1.0	1.0	1.0	0.5	1.0	2.0	5	2.0	0.0	0.0	0.0	0.0	4.6	3
2026-09-07	STRL.US	486.489990234375	7.3	9	2.0	2.0	1.0	1.5	0.0	1.5	2.0	1.0	2.0	2.0	1.0	7.1	6	2.0	0.0	1.0	2.0	1.5	2.0	3.0	5	2.0	0.5	0.0	0.0	0.5	7.2	15
2026-09-07	STRO	20.06999969482422	5.5	9	1.5	2.0	1.0	0.5	0.0	2.0	0.0	1.0	1.0	2.0	1.0	5.4	5	1.0	2.0	1.0	2.0	0.5	0.0	3.5	4	1.5	0.0	0.0	1.0	1.0	5.5	14
2026-09-07	STT	194.25999450683594	7.0	8	1.5	1.0	1.0	2.0	2.0	1.5	1.5	1.0	1.0	2.0	1.0	6.2	6	2.0	0.0	1.0	2.0	2.0	0.5	4.5	4	1.5	2.0	0.0	1.0	0.0	6.8	14
2026-09-07	STTK	6.789999961853027	6.1	9	2.0	2.0	1.0	1.0	1.0	1.0	1.5	1.0	0.0	2.0	1.0	5.4	3	1.0	1.0	1.0	2.0	0.5	1.0	2.5	5	1.0	0.5	0.0	0.0	1.0	5.9	12
2026-09-07	STUB	6.599999904632568	5.2	9	1.5	2.0	1.0	0.5	0.0	0.5	2.0	1.0	0.0	2.0	1.0	3.8	5	1.0	0.0	1.0	0.5	0.0	2.0	4.0	4	1.0	1.5	0.0	0.5	1.0	4.8	14
2026-09-07	STVG.L	109.0														3.8	3	1.0	1.0	1.0	1.0	0.5	0.0	2.0	3	0.0	0.0	0.0	1.0	1.0	3.8	3
2026-09-07	STVN	20.510000228881836	7.5	10	2.0	1.5	1.0	1.5	2.0	1.5	1.5	0.5	1.0	2.0	2.0	6.2	6	1.5	2.0	1.0	0.5	1.5	1.0	1.0	5	0.5	0.0	0.0	0.0	0.5	7.1	16
2026-09-07	STWD	16.079999923706055	5.7	9	2.0	1.5	1.0	1.5	0.0	2.0	0.5	1.0	0.5	1.5	1.0	6.2	6	1.0	2.0	1.0	0.0	2.0	1.5	5.0	5	1.0	1.0	0.0	2.0	1.0	5.8	15
2026-09-07	STX.US	849.280029296875	8.0	10	2.0	2.0	1.0	1.5	1.0	1.0	2.0	1.0	2.0	2.0	2.0	9.2	6	2.0	2.0	1.0	2.0	2.0	2.0	4.5	5	2.0	0.5	0.0	1.5	0.5	8.4	16
2026-09-07	STZ	128.17999267578125	6.4	10	1.5	2.0	1.0	1.5	0.0	1.5	2.0	1.0	1.5	2.0	0.0	5.8	6	1.0	2.0	1.0	0.5	2.0	0.5	3.5	5	0.0	1.5	0.0	1.0	1.0	6.2	16
2026-09-07	SU	67.33000183105469	8.2	9	1.5	1.5	1.0	1.0	2.0	1.5	2.0	2.0	1.5	2.0	2.0	4.6	6	0.0	0.0	0.5	1.5	1.5	2.0	4.5	5	0.5	1.5	1.0	0.5	1.0	7.1	15
2026-09-07	SU.PA	288.0	7.0	7	2.0	1.5	1.0	1.0	2.0	2.0	1.0	1.0	1.5	1.5	1.0	5.8	4	1.5	1.0	1.0	1.0	1.5	1.0	3.5	4	1.0	0.5	0.0	1.0	1.0	6.6	11
2026-09-07	SUBC.OL	326.3999938964844														6.2	5	1.5	1.0	1.0	2.0	1.0	1.0	2.5	4	0.5	1.0	0.0	0.0	1.0	6.2	5
2026-09-07	SUI.US	119.44000244140625	6.1	9	2.0	1.5	1.0	1.5	0.0	2.0	2.0	1.0	0.5	2.0	0.0	1.7	6	0.0	0.0	1.0	0.0	0.0	1.0	2.5	5	0.5	1.0	0.0	0.5	0.5	4.8	15
2026-09-07	SUJA	10.510000228881836	7.7	7	1.5	2.0	1.0	1.0	1.5	2.0	2.0	1.0	1.0	2.0	2.0	4.6	3	1.0	1.0	1.0	1.0	0.0	1.5	2.5	4	1.0	0.0	0.0	1.0	0.5	6.8	10
2026-09-07	SUL.ASX	12.859999656677246	5.2	8	1.5	2.0	1.0	1.0	0.0	2.0	1.0	0.0	1.5	0.5	1.0	5.4	4	1.5	1.0	1.0	1.0	1.0	1.0	3.5	4	1.0	0.5	0.0	1.0	1.0	5.3	12
2026-09-07	SUMMA.HE	0.4350000023841858														5.4	3	1.0	1.0	1.5	1.0	0.0	2.0	6.0	3	1.0	2.0	2.0	0.0	1.0	5.4	3
2026-09-07	SUN	75.5999984741211	6.8	10	2.0	1.5	1.0	1.5	2.0	2.0	0.0	1.5	1.5	1.0	1.0	5.0	6	0.0	0.0	1.0	2.0	1.0	2.0	4.0	5	0.0	1.5	0.0	1.5	1.0	6.3	16
2026-09-07	SUN.ASX	19.110000610351562	5.5	8	1.5	1.5	1.0	1.0	2.0	2.0	1.0	0.0	1.0	1.0	0.0	5.4	4	2.0	1.0	1.0	1.0	1.0	0.5	1.5	4	0.0	0.5	0.0	0.0	1.0	5.5	12
2026-09-07	SUNB.L	4976.0	5.7	8	1.5	2.0	1.0	1.0	0.5	1.0	1.0	1.0	1.5	2.0	0.0	6.2	6	1.5	2.0	1.0	0.5	1.5	1.0	4.5	4	1.5	1.0	0.0	1.0	1.0	5.8	14
2026-09-07	SUNS	7.480000019073486	5.2	9	1.0	1.5	1.0	1.5	0.0	2.0	0.0	1.0	1.0	0.5	2.0	5.8	5	2.0	1.0	1.0	0.0	2.0	1.0	3.5	5	1.0	1.5	0.0	0.5	0.5	5.4	14
2026-09-07	SUNWQ	9.999999747378752e-05														4.2	4	2.0	1.0	1.0	1.0	0.0	0.0	4.5	5	2.0	2.0	0.0	0.0	0.5	4.2	4
2026-09-07	SUP.L	146.5														6.2	4	2.0	1.0	1.0	1.0	1.0	1.5	2.0	4	1.0	0.0	0.0	0.0	1.0	6.2	4
2026-09-07	SUPN	43.529998779296875	6.8	9	2.0	2.0	1.0	1.0	0.0	2.0	2.0	1.0	0.0	2.0	2.0	5.0	5	1.0	2.0	1.0	0.0	0.0	2.0	3.0	5	0.5	1.5	0.0	0.0	1.0	6.3	14
2026-09-07	SUPV.US	8.789999961853027	4.5	9	1.0	2.0	1.0	1.5	0.0	2.0	0.0	1.0	0.0	0.5	1.0	5.0	5	1.0	1.0	1.0	2.0	0.0	1.0	2.0	4	0.0	0.0	0.0	1.0	1.0	4.7	14
2026-09-07	SUPX	8.119999885559082														5.4	3	1.0	1.0	1.0	1.0	0.5	2.0	2.5	5	0.0	1.5	0.0	0.0	1.0	5.4	3
2026-09-07	SUR.DE	7.650000095367432														5.4	4	2.0	1.0	1.5	1.0	0.5	0.5	5.5	4	0.5	2.0	1.0	1.0	1.0	5.4	4
2026-09-07	SURF.CVR		5.0	0	1.0	1.0	1.0	1.0	1.0	1.0	1.0	1.0	1.0	1.0	1.0																5.0	0
2026-09-07	SURG	0.16599999368190765	4.3	8	1.5	2.0	1.0	1.0	0.0	2.0	0.0	1.0	1.0	0.0	0.0	5.0	5	2.0	1.0	1.0	0.0	0.0	2.0	3.0	4	0.0	2.0	0.0	1.0	0.0	4.5	13
2026-09-07	SUS.L	1990.0	5.5	7	1.5	1.5	1.0	1.0	1.0	2.0	1.0	1.0	1.0	0.0	1.0	7.5	4	2.0	1.0	1.0	1.0	2.0	2.0	2.5	4	0.5	0.0	0.0	1.0	1.0	6.1	11
2026-09-07	SUY1V.HE	0.6880000233650208														5.8	5	1.5	1.0	1.0	2.0	0.5	1.0	4.0	4	1.0	1.0	0.0	1.0	1.0	5.8	5
2026-09-07	SUZ	9.170000076293945	6.8	8	1.5	2.0	1.0	2.0	2.0	2.0	1.0	1.0	1.5	0.0	1.0	4.6	5	2.0	0.0	1.0	1.0	1.5	0.0	2.5	5	0.0	0.0	0.0	1.5	1.0	6.1	13
2026-09-07	SVC	7.610000133514404	5.2	9	1.5	2.0	1.0	1.5	0.0	2.0	0.5	1.0	0.0	2.0	0.0	4.2	6	1.0	2.0	1.0	1.0	0.0	0.0	5.0	5	1.5	0.5	0.0	2.0	1.0	4.9	15
2026-09-07	SVE.DE	75.0														4.2	2	1.0	1.0	1.0	1.0	0.0	1.0	2.5	3	0.0	0.5	0.0	1.0	1.0	4.2	2
2026-09-07	SVRA	5.369999885559082	4.8	9	2.0	2.0	1.0	0.0	0.0	1.0	0.5	1.0	0.0	2.0	1.0	5.0	4	1.0	2.0	1.0	0.5	0.5	1.0	2.0	5	0.0	0.0	0.0	0.0	2.0	4.9	13
2026-09-07	SVS.L	1034.0	7.0	7	1.5	2.0	1.0	1.0	2.0	2.0	1.0	1.0	1.0	2.0	1.0	5.0	4	1.0	1.0	1.0	1.0	1.0	1.0	4.0	4	1.5	0.5	0.0	1.0	1.0	6.4	11
2026-09-07	SVT.L	2982.0	5.7	8	1.0	1.5	1.0	1.0	0.0	2.0	1.0	1.0	1.5	1.5	1.0	5.4	4	0.5	1.0	1.0	1.0	1.5	1.5	3.5	4	0.5	0.0	0.0	2.0	1.0	5.6	12
2026-09-07	SVV	10.449999809265137	5.7	9	1.5	2.0	1.0	0.5	2.0	1.0	0.5	1.0	1.0	2.0	0.0	4.6	6	0.0	2.0	1.0	0.5	1.0	1.0	4.5	5	1.5	0.0	0.0	2.0	1.0	5.4	15
2026-09-07	SW	45.83000183105469	6.4	10	2.0	2.0	1.0	1.5	1.0	2.0	0.0	1.0	0.5	2.0	1.0	4.2	6	2.0	0.0	1.0	0.0	1.0	1.0	3.0	5	1.0	0.5	0.0	0.5	1.0	5.7	16
2026-09-07	SW.PA	58.04999923706055	5.5	8	1.0	0.5	1.0	1.0	2.0	2.0	1.0	0.5	1.0	1.0	1.0	4.2	4	0.5	1.0	1.0	1.0	1.0	0.5	3.5	4	0.0	1.5	0.0	1.0	1.0	5.1	12
2026-09-07	SWA.DE	14.949999809265137														4.2	4	0.5	1.0	1.0	1.0	1.0	0.5	1.5	4	0.0	0.0	0.0	0.5	1.0	4.2	4
2026-09-07	SWBI	12.890000343322754	6.4	9	1.5	2.0	1.0	1.0	0.0	2.0	2.0	1.0	1.0	1.5	1.0	8.3	5	2.0	1.0	2.0	2.0	1.0	2.0	4.0	5	1.0	0.0	2.0	0.0	1.0	7.0	14
2026-09-07	SWC.L	32.63999938964844	5.5	6	1.5	2.0	1.0	1.0	1.5	2.0	1.0	1.0	1.0	0.0	0.0	4.6	2	1.0	1.0	1.0	1.0	0.5	1.0	2.0	3	1.0	0.0	0.0	0.0	1.0	5.2	8
2026-09-07	SWECb.ST	130.1999969482422														4.6	5	0.0	1.0	1.0	1.5	1.0	1.0	3.5	4	1.0	1.0	0.0	0.5	1.0	4.6	5
2026-09-07	SWED-A.ST	385.8999938964844														5.4	5	0.0	1.0	1.0	1.5	2.0	1.0	4.0	3	0.5	1.5	0.0	1.0	1.0	5.4	5
2026-09-07	SWK	97.36000061035156	7.0	10	1.5	1.0	1.0	1.0	2.0	2.0	2.0	1.0	1.0	2.0	1.0	5.8	6	1.5	2.0	1.0	0.5	1.0	1.0	3.5	5	1.0	1.0	0.0	0.5	1.0	6.6	16
2026-09-07	SWKS	74.0199966430664	5.2	10	1.0	0.5	1.0	0.0	2.0	1.5	1.5	0.0	1.0	2.0	1.0	2.5	6	0.0	0.0	1.0	0.5	1.0	0.5	2.5	5	1.5	0.0	0.0	0.0	1.0	4.4	16
2026-09-07	SWMR	32.2400016784668														4.6	4	1.0	1.0	1.0	0.0	0.5	2.0	2.0	4	1.0	0.5	0.0	0.0	0.5	4.6	4
2026-09-07	SWP.PA	29.75														5.8	4	2.0	1.0	1.0	1.0	1.0	1.0	4.5	4	1.0	1.0	0.0	1.5	1.0	5.8	4
2026-09-07	SWX	88.05999755859375	7.0	9	1.5	1.5	1.0	1.5	1.0	2.0	2.0	1.0	1.0	2.0	1.0	5.4	6	1.0	0.0	1.0	2.0	2.0	0.5	2.5	5	0.5	0.0	0.0	1.0	1.0	6.5	15
2026-09-07	SXC	10.329999923706055	5.9	9	1.0	0.5	1.0	1.5	2.0	2.0	0.0	1.0	0.0	2.0	2.0	4.6	6	1.0	0.0	1.0	2.0	0.5	1.0	4.0	5	1.0	1.5	0.0	1.0	0.5	5.5	15
2026-09-07	SXI	275.7799987792969	7.7	9	2.0	2.0	1.0	1.0	1.0	2.0	1.5	1.0	1.5	2.0	2.0	7.1	6	2.0	1.0	1.0	2.0	1.5	1.0	2.5	5	1.0	0.0	0.0	0.5	1.0	7.5	15
2026-09-07	SXT.US	134.83999633789062	7.0	9	1.5	1.5	1.0	1.0	2.0	2.0	1.5	1.0	1.0	2.0	1.0	5.8	6	1.0	1.0	1.0	1.5	1.0	1.5	3.0	5	0.5	1.5	0.0	0.5	0.5	6.6	15
2026-09-07	SY1.DE	90.4000015258789	6.8	8	1.5	0.5	1.0	1.0	2.0	2.0	1.0	1.0	1.0	2.0	2.0	4.2	4	0.5	1.0	1.0	1.0	1.0	0.5	3.0	4	0.5	1.0	0.0	0.5	1.0	6.0	12
2026-09-07	SYBT	79.48999786376953	6.4	8	1.0	1.5	1.0	1.5	1.0	2.0	1.5	1.0	1.0	1.5	1.0	6.2	6	1.5	0.0	1.0	1.5	2.0	1.5	3.0	4	0.5	0.0	0.0	1.0	1.5	6.3	14
2026-09-07	SYENS.BR	81.3499984741211														5.8	5	2.0	1.0	1.0	1.5	0.5	1.0	3.5	4	0.5	1.5	0.0	0.5	1.0	5.8	5
2026-09-07	SYF	79.91999816894531	7.3	8	1.5	1.5	1.0	1.0	2.0	1.5	2.0	1.0	1.5	2.0	1.0	6.7	6	2.0	2.0	1.0	0.0	2.0	1.0	4.0	4	1.5	0.5	0.0	1.0	1.0	7.1	14
2026-09-07	SYK	303.1300048828125	7.3	9	2.0	2.0	1.0	2.0	0.0	1.5	1.0	1.0	1.5	2.0	2.0	6.2	6	1.5	2.0	1.0	0.5	1.5	1.0	2.5	5	0.5	1.0	0.0	0.5	0.5	7.0	15
2026-09-07	SYM	42.939998626708984	5.9	9	1.5	2.0	1.0	0.0	1.0	1.0	2.0	1.0	0.5	2.0	1.0	6.7	6	0.0	2.0	1.0	2.0	1.0	2.0	4.5	5	2.0	1.0	0.0	0.0	1.5	6.1	15
2026-09-07	SYME.L	2.9999999242136255e-05														5.4	2	1.0	1.0	1.0	1.0	0.5	2.0	6.0	1	1.0	2.0	1.0	1.0	1.0	5.4	2
2026-09-07	SYNA	98.98999786376953	5.5	9	1.0	2.0	1.0	0.5	1.0	1.0	1.5	1.0	0.0	2.0	1.0	5.8	6	2.0	2.0	1.0	1.0	0.0	1.0	4.0	5	2.0	0.0	0.0	1.0	1.0	5.6	15
2026-09-07	SYNSAM.ST	57.400001525878906	7.0	8	1.5	2.0	1.0	1.0	1.0	2.0	2.0	1.0	1.5	1.5	1.0	5.4	5	1.5	1.0	1.0	0.5	1.0	1.5	2.5	4	0.0	0.5	0.0	1.0	1.0	6.5	13
2026-09-07	SYNT.L	109.0	5.5	7	1.0	0.0	1.0	1.0	2.0	2.0	1.0	1.0	0.0	1.0	2.0	4.6	3	1.0	1.0	1.0	1.0	0.5	1.0	4.0	4	1.0	1.0	0.0	1.0	1.0	5.2	10
2026-09-07	SYR.ASX	0.10499999672174454	4.1	7	0.5	1.0	1.0	1.0	0.0	2.0	1.0	1.0	0.0	1.5	0.0	5.4	3	1.0	1.0	1.0	1.0	0.5	2.0	5.0	4	1.0	2.0	0.0	1.0	1.0	4.5	10
2026-09-07	SYRE	88.9800033569336	6.1	10	2.0	2.0	1.0	0.5	1.0	1.5	2.0	0.5	0.0	2.0	1.0	4.6	4	1.0	2.0	1.0	0.0	0.5	1.0	5.5	4	2.0	0.5	0.0	1.0	2.0	5.6	14
2026-09-07	SYRS	0.00039999998989515007														4.6	2	1.0	1.0	1.0	1.0	0.5	1.0	4.5	4	1.5	2.0	0.0	1.0	0.0	4.6	2
2026-09-07	SYSR.ST	89.0999984741211	7.0	8	1.5	1.5	1.0	1.0	2.0	2.0	1.5	1.0	1.0	1.0	2.0	5.0	4	1.0	1.0	1.0	1.0	1.0	1.0	4.0	4	1.5	1.5	0.0	0.0	1.0	6.4	12
2026-09-07	SYT.DE	2.440000057220459														4.6	4	2.0	1.0	1.0	1.0	0.5	0.0	2.0	4	0.0	1.0	0.0	0.0	1.0	4.6	4
2026-09-07	SYY	80.05000305175781	7.0	9	1.5	1.5	1.0	1.5	1.0	2.0	1.0	1.0	2.0	2.0	1.0	4.2	6	1.0	0.0	1.0	1.0	1.0	1.0	3.5	5	0.5	0.0	0.0	2.0	1.0	6.2	15
2026-09-07	SYZ.DE	1.2100000381469727														2.5	4	0.0	1.0	1.0	1.0	0.0	0.0	3.5	4	0.0	2.0	0.0	0.5	1.0	2.5	4
2026-09-07	SZG.DE	60.349998474121094	7.0	9	1.5	1.5	1.0	1.0	2.0	1.5	2.0	2.0	0.5	0.5	2.0	5.8	5	2.0	1.0	1.0	1.5	1.0	0.5	4.5	4	2.0	1.0	0.0	0.5	1.0	6.6	14
2026-09-07	SZU.DE	12.619999885559082	5.0	7	1.5	0.5	1.0	1.0	2.0	1.0	1.0	1.0	0.0	0.0	2.0	3.3	4	0.0	1.0	1.0	1.0	0.5	0.5	2.0	4	0.0	0.5	0.0	0.5	1.0	4.5	11
2026-09-07	T.US	25.68000030517578	6.6	9	1.5	1.5	1.0	2.0	2.0	1.0	1.5	1.0	1.5	1.5	0.0	5.4	6	1.0	1.0	1.0	1.0	1.5	1.0	1.5	5	0.0	0.0	0.0	1.0	0.5	6.2	15
2026-09-07	T3T1.DE	4.860000133514404														5.0	4	1.5	1.0	1.0	1.0	1.0	0.5	2.5	3	0.0	0.5	0.0	1.0	1.0	5.0	4
2026-09-07	TA1.DE		5.7	3	1.0	1.5	1.0	1.0	1.0	2.0	1.0	1.0	1.0	1.0	1.0																5.7	3
2026-09-07	TAALA.HE	7.210000038146973														7.1	5	1.5	1.0	1.0	2.0	2.0	1.0	2.0	4	1.0	0.0	0.0	0.0	1.0	7.1	5
2026-09-07	TAALEEM.AE	3.2300000190734863														5.8	4	1.0	1.0	1.0	1.0	1.5	1.5	2.5	4	0.0	0.5	0.0	1.0	1.0	5.8	4
2026-09-07	TABREED.AE	2.450000047683716														5.0	4	1.0	1.0	1.0	1.0	1.5	0.5	3.5	4	0.0	1.5	0.0	1.0	1.0	5.0	4
2026-09-07	TAC	11.960000038146973	6.1	10	2.0	2.0	1.0	1.5	0.0	2.0	2.0	1.0	0.0	2.0	0.0	5.8	6	0.0	2.0	1.0	2.0	0.5	1.5	4.0	5	0.0	1.5	0.0	1.5	1.0	6.0	16
2026-09-07	TAH.ASX	0.8949999809265137	5.5	8	1.5	1.5	1.0	1.0	1.0	2.0	1.0	1.0	0.5	1.5	0.0	5.8	4	2.0	1.0	1.0	1.0	1.0	1.0	1.5	4	0.0	0.0	0.0	0.5	1.0	5.6	12
2026-09-07	TAK	18.450000762939453	6.1	8	1.5	2.0	1.0	2.0	2.0	2.0	1.0	1.0	0.0	0.0	1.0	5.8	5	2.0	1.0	1.0	1.0	0.5	1.5	2.0	5	0.0	1.5	0.0	0.5	0.0	6.0	13
2026-09-07	TAL	12.399999618530273	7.0	10	1.0	1.5	1.0	1.0	2.0	2.0	2.0	0.0	1.5	1.5	2.0	6.2	6	0.5	2.0	1.0	0.0	2.0	2.0	1.5	5	0.0	0.5	0.0	0.0	1.0	6.8	16
2026-09-07	TALO	16.84000015258789	7.7	10	1.5	1.5	1.0	1.0	2.0	2.0	2.0	2.0	0.0	2.0	2.0	6.7	5	1.0	2.0	1.0	2.0	0.0	2.0	2.5	5	0.0	1.0	0.0	0.5	1.0	7.4	15
2026-09-07	TAM.L	696.0	6.6	7	1.5	2.0	1.0	1.0	1.0	2.0	1.0	1.0	2.0	1.0	1.0	7.1	4	1.5	1.0	1.0	1.0	2.0	2.0	1.5	4	0.5	0.0	0.0	0.0	1.0	6.7	11
2026-09-07	TAP	40.5	4.8	10	1.0	1.5	1.0	0.0	0.0	2.0	2.0	1.0	0.0	2.0	0.0	3.8	6	0.5	2.0	1.0	0.5	0.0	0.5	3.0	5	0.0	1.0	0.0	0.5	1.5	4.5	16
2026-09-07	TARS	90.77999877929688	5.2	10	2.0	1.0	1.0	0.5	1.5	2.0	0.0	0.5	0.0	2.0	1.0	5.0	5	1.0	1.0	1.5	0.0	0.5	2.0	5.0	5	0.5	2.0	1.0	0.0	1.5	5.1	15
2026-09-07	TASK	7.909999847412109	6.8	9	1.0	1.5	1.0	0.5	1.0	1.0	2.0	1.0	2.0	2.0	2.0	5.8	6	2.0	2.0	1.0	0.0	1.0	1.0	4.5	5	2.0	0.5	0.0	1.5	0.5	6.5	15
2026-09-07	TATE.L	558.0	6.8	7	1.0	1.5	1.0	1.0	2.0	2.0	1.0	1.0	1.0	1.5	2.0	5.8	4	2.0	1.0	1.0	1.0	1.0	1.0	3.5	4	0.0	1.5	0.0	1.0	1.0	6.5	11
2026-09-07	TBBB	49.77000045776367	5.2	9	1.5	1.5	1.0	1.5	2.0	1.0	0.0	1.0	0.0	2.0	0.0	4.6	4	1.0	0.0	1.0	1.0	0.5	2.0	4.5	5	0.0	1.5	0.0	2.0	1.0	5.0	13
2026-09-07	TBBK	66.87000274658203	6.8	8	2.0	2.0	1.0	0.5	1.0	2.0	0.5	1.0	2.0	2.0	1.0	7.5	6	1.5	2.0	1.0	1.5	2.0	1.0	3.5	4	1.0	0.0	0.0	1.0	1.5	7.0	14
2026-09-07	TBCG.L	5100.0														7.1	4	2.0	1.0	1.0	1.0	2.0	1.5	4.0	3	0.5	1.5	0.0	1.0	1.0	7.1	4
2026-09-07	TBCH	12.479999542236328	4.5	9	1.5	1.5	1.0	0.0	0.0	1.0	0.0	1.0	0.0	2.0	2.0	4.2	5	2.0	1.0	1.0	0.0	0.5	0.5	5.5	5	2.0	0.5	0.0	1.0	2.0	4.4	14
2026-09-07	TBI	9.850000381469727	6.4	9	1.5	1.0	1.0	1.5	2.0	2.0	0.0	1.0	0.0	2.0	2.0	7.5	6	2.0	2.0	1.0	2.0	0.5	1.5	3.5	5	1.5	1.0	0.0	0.5	0.5	6.7	15
2026-09-07	TBLA	3.859999895095825	6.6	9	2.0	2.0	1.0	1.5	0.0	1.5	2.0	1.0	1.0	1.5	1.0	5.8	6	2.0	2.0	1.0	0.0	1.0	1.0	2.0	5	1.5	0.0	0.0	0.0	0.5	6.4	15
2026-09-07	TBLT	0.010999999940395355														3.3	3	1.0	1.0	1.0	1.0	0.0	0.0	2.5	5	0.0	2.0	0.0	0.5	0.0	3.3	3
2026-09-07	TBN	39.43000030517578	6.6	10	2.0	2.0	1.0	2.0	2.0	1.5	0.0	1.0	0.0	1.0	2.0	5.4	4	1.0	1.0	1.0	2.0	0.5	1.0	1.0	5	0.0	0.0	0.0	0.0	1.0	6.2	14
2026-09-07	TBPH	17.079999923706055	6.6	9	1.0	1.0	1.0	1.0	1.0	2.0	2.0	1.0	1.5	2.0	1.0	5.0	6	1.0	1.0	1.0	1.0	2.0	0.0	0.5	5	0.0	0.0	0.0	0.0	0.5	6.1	15
2026-09-07	TCAP.L	332.79998779296875	5.9	7	1.5	1.5	1.0	1.0	1.0	2.0	1.0	1.0	1.0	1.0	1.0	5.8	4	2.0	1.0	1.0	1.0	1.0	1.0	3.5	4	0.0	1.0	0.0	1.5	1.0	5.9	11
2026-09-07	TCBI	98.63999938964844	6.4	8	1.0	1.5	1.0	0.5	1.0	2.0	2.0	1.0	1.0	2.0	1.0	5.4	6	1.5	1.0	1.0	0.0	2.0	1.0	3.5	4	0.5	0.5	0.0	1.0	1.5	6.1	14
2026-09-07	TCBK	54.400001525878906	6.6	8	1.0	1.5	1.0	1.5	1.0	2.0	1.5	1.0	1.0	2.0	1.0	5.8	6	1.0	0.0	1.0	1.5	2.0	1.5	3.0	4	0.5	0.5	0.0	1.0	1.0	6.4	14
2026-09-07	TCL.ASX	13.739999771118164	4.3	8	1.0	1.0	1.0	1.0	0.0	2.0	1.0	0.5	0.5	1.5	0.0	4.6	4	1.0	1.0	1.0	1.0	1.0	0.5	4.0	4	0.5	0.5	0.0	2.0	1.0	4.4	12
2026-09-07	TCM.CO	68.5999984741211														5.8	4	2.0	1.0	1.0	1.0	1.0	1.0	2.5	4	1.0	0.0	0.0	0.5	1.0	5.8	4
2026-09-07	TCMD	21.8700008392334	6.4	9	1.5	2.0	1.0	0.5	0.0	2.0	2.0	1.0	1.0	2.0	1.0	4.2	6	0.0	2.0	1.0	0.0	1.0	1.0	2.0	5	0.5	0.0	0.0	0.0	1.5	5.7	15
2026-09-07	TCPC	4.070000171661377	4.5	9	0.5	0.5	1.0	1.0	1.0	2.0	1.5	1.0	0.0	0.5	1.0	4.2	6	2.0	2.0	1.0	0.0	0.0	0.0	4.5	5	1.0	0.5	0.0	1.5	1.5	4.4	15
2026-09-07	TCRX	0.3919999897480011	4.3	10	1.5	2.0	1.0	1.5	0.0	0.0	1.0	0.0	0.0	1.5	1.0	3.8	5	1.0	1.0	1.5	0.5	0.5	0.0	6.0	5	1.0	2.0	1.0	1.0	1.0	4.1	15
2026-09-07	TCX	10.729999542236328														4.2	3	1.0	1.0	1.0	1.0	0.0	1.0	4.5	4	1.0	1.0	0.0	1.0	1.5	4.2	3
2026-09-07	TD	121.62999725341797	6.6	8	1.5	1.5	1.0	1.0	2.0	2.0	1.5	0.5	1.0	1.5	1.0	6.7	6	1.5	0.0	1.0	2.0	2.0	1.5	4.5	4	1.0	1.5	0.0	1.0	1.0	6.6	14
2026-09-07	TDAY	6.329999923706055	5.2	9	1.5	2.0	1.0	0.5	0.0	1.5	2.0	1.0	0.0	2.0	0.0	3.3	6	2.0	0.0	1.0	0.0	0.5	0.5	5.0	5	1.5	0.0	0.0	2.0	1.5	4.6	15
2026-09-07	TDC	28.049999237060547	5.5	9	1.0	1.5	1.0	0.0	0.0	1.5	2.0	1.0	2.0	2.0	0.0	4.2	6	0.0	1.0	1.0	0.0	2.0	1.0	1.5	5	0.5	0.0	0.0	0.0	1.0	5.1	15
2026-09-07	TDG	1162.050048828125	6.1	9	1.5	2.0	1.0	1.5	0.0	1.5	1.5	0.5	1.0	2.0	1.0	5.8	6	0.5	0.0	1.0	1.5	2.0	2.0	3.5	4	1.0	1.0	0.0	1.0	0.5	6.0	15
2026-09-07	TDOC	6.28000020980835	5.0	9	1.5	2.0	1.0	0.5	0.0	1.0	2.0	1.0	0.0	2.0	0.0	3.3	5	1.0	1.0	1.0	0.0	0.5	0.5	4.0	5	2.0	0.5	0.0	0.5	1.0	4.5	14
2026-09-07	TDS	37.83000183105469	6.6	9	1.5	2.0	1.0	2.0	1.0	2.0	0.0	1.0	1.0	2.0	1.0	6.7	6	0.0	2.0	1.0	2.0	2.0	1.0	0.0	5	0.0	0.0	0.0	0.0	0.0	6.6	15
2026-09-07	TDSA.LS	0.4819999933242798														6.7	4	2.0	1.0	1.0	1.0	1.0	2.0	4.0	4	0.5	0.5	0.0	2.0	1.0	6.7	4
2026-09-07	TDUP	2.7200000286102295	4.3	9	1.5	2.0	1.0	0.5	0.0	1.0	0.5	1.0	0.0	2.0	0.0	5.0	5	1.0	2.0	1.0	0.0	0.5	1.5	6.5	5	2.0	2.0	0.0	1.0	1.5	4.5	14
2026-09-07	TDW	94.26000213623047	6.4	10	1.5	1.5	1.0	0.5	2.0	1.5	0.0	1.5	1.5	2.0	1.0	2.9	6	1.0	0.0	1.0	0.0	1.5	0.0	3.5	5	0.5	1.0	0.0	0.5	1.5	5.3	16
2026-09-07	TDY	610.6500244140625	7.0	9	2.0	2.0	1.0	1.5	0.0	1.5	1.5	1.0	1.0	2.0	2.0	7.1	6	1.5	2.0	1.0	1.5	1.5	1.0	1.5	5	1.0	0.0	0.0	0.0	0.5	7.0	15
2026-09-07	TE	4.599999904632568	4.3	9	2.0	2.0	1.0	0.0	0.0	0.5	0.0	1.0	0.0	2.0	1.0	4.2	5	1.0	1.0	1.0	0.0	0.0	2.0	5.0	5	2.0	0.5	0.0	2.0	0.5	4.3	14
2026-09-07	TE.PA	29.920000076293945	4.8	9	1.5	2.0	1.0	1.0	0.0	1.0	0.0	0.5	1.0	1.5	1.0	4.6	5	1.0	1.0	1.0	0.0	1.0	1.5	3.0	4	0.5	1.0	0.0	0.5	1.0	4.7	14
2026-09-07	TEAD	0.5040000081062317	4.3	9	1.5	2.0	1.0	1.0	0.0	1.5	0.5	1.0	0.0	1.0	0.0	2.5	4	1.0	1.0	1.0	0.0	0.0	0.0	7.0	5	1.5	1.5	0.0	2.0	2.0	3.8	13
2026-09-07	TEAM	189.5800018310547	5.5	10	2.0	1.0	1.0	1.0	1.5	0.5	2.0	1.0	0.0	2.0	0.0	6.2	6	1.0	1.0	1.0	2.0	0.5	2.0	4.0	5	1.0	1.5	0.0	1.0	0.5	5.7	16
2026-09-07	TECH	72.43000030517578														5.0	5	1.0	1.0	1.0	0.5	1.5	1.0	4.0	5	1.5	2.0	0.0	0.0	0.5	5.0	5
2026-09-07	TECK	69.0999984741211	6.4	8	1.5	0.5	1.0	1.0	2.0	1.0	2.0	1.0	1.0	2.0	1.0	6.7	6	0.5	1.0	1.0	2.0	1.5	2.0	4.5	5	1.5	1.5	0.0	0.5	1.0	6.5	14
2026-09-07	TECN.ZU	194.89999389648438	6.6	7	1.5	1.5	1.0	1.0	2.0	2.0	1.0	1.0	0.0	1.5	2.0	3.8	4	1.0	1.0	1.0	1.0	0.0	0.5	3.5	4	1.0	1.5	0.0	0.0	1.0	5.8	11
2026-09-07	TECOM.AE	3.369999885559082														6.2	5	2.0	1.0	1.0	0.0	2.0	1.5	2.0	4	0.0	0.5	0.0	0.5	1.0	6.2	5
2026-09-07	TECX	30.75	6.1	10	2.0	2.0	1.0	0.5	1.0	1.5	1.5	1.0	0.0	2.0	1.0	5.0	4	1.0	1.0	1.0	1.5	0.5	1.0	2.0	5	0.0	0.5	0.0	0.0	1.5	5.8	14
2026-09-07	TECX.CVR		5.0	0	1.0	1.0	1.0	1.0	1.0	1.0	1.0	1.0	1.0	1.0	1.0																5.0	0
2026-09-07	TEF.MC	3.680999994277954	5.0	9	1.0	1.5	1.0	1.0	2.0	2.0	0.0	1.5	0.0	1.0	0.0	4.6	4	2.0	1.0	1.0	0.0	0.5	1.0	3.0	4	0.0	0.5	0.0	1.5	1.0	4.9	13
2026-09-07	TEG.DE	12.329999923706055	5.7	8	1.5	2.0	1.0	1.0	0.0	2.0	1.0	1.5	0.5	2.0	0.0	4.2	4	0.0	1.0	1.0	1.0	1.0	1.0	5.0	4	1.5	1.5	0.0	1.0	1.0	5.2	12
2026-09-07	TEL.OL	133.0														4.2	5	0.5	1.0	1.0	0.5	1.5	0.5	3.0	4	0.0	1.0	0.0	1.0	1.0	4.2	5
2026-09-07	TEL.US	208.64999389648438	7.5	9	1.5	2.0	1.0	1.5	1.0	1.5	1.5	1.0	1.5	2.0	2.0	7.9	6	2.0	2.0	1.0	1.5	1.5	1.5	3.0	5	1.0	0.5	0.0	0.5	1.0	7.6	15
2026-09-07	TEL2B.ST	168.89999389648438														5.0	4	0.0	1.0	1.0	1.0	2.0	1.0	2.0	4	0.0	0.0	0.0	1.0	1.0	5.0	4
2026-09-07	TELA	0.8220000267028809	7.3	8	1.5	2.0	1.0	2.0	1.0	2.0	1.0	1.0	1.0	1.5	2.0	2.9	4	1.0	1.0	1.0	0.0	0.0	0.5	3.5	4	1.5	0.5	0.0	1.0	0.5	6.0	12
2026-09-07	TELFY	4.25														5.4	3	2.0	1.0	1.0	1.0	0.5	1.0	2.5	5	0.0	0.5	0.0	1.5	0.5	5.4	3
2026-09-07	TELIA.ST	44.369998931884766	5.0	8	1.0	1.5	1.0	1.0	0.0	2.0	1.5	1.0	1.0	1.0	0.0	5.4	5	1.0	1.0	1.0	1.5	1.0	1.0	2.5	4	0.0	0.0	0.0	1.5	1.0	5.1	13
2026-09-07	TEM.L	328.0														5.8	2	2.0	1.0	1.0	1.0	1.0	1.0	4.0	2	1.0	1.0	0.0	1.0	1.0	5.8	2
2026-09-07	TEM.US	64.62000274658203	5.5	10	1.5	1.0	1.0	0.0	2.0	1.0	2.0	1.0	0.0	1.5	1.0	5.8	5	1.0	1.0	1.0	2.0	0.0	2.0	5.5	5	2.0	0.0	0.0	2.0	1.5	5.6	15
2026-09-07	TEMN.ZU	72.75	7.3	9	1.5	2.0	1.0	1.0	2.0	2.0	1.5	1.5	2.0	1.5	0.0	5.4	5	0.5	1.0	1.0	2.0	1.5	0.5	3.0	4	0.5	0.0	0.0	1.5	1.0	6.7	14
2026-09-07	TEN.MI	24.15999984741211	6.8	8	1.5	2.0	1.0	1.0	2.0	2.0	2.0	1.0	1.0	0.5	1.0	3.8	5	0.5	1.0	1.0	0.0	1.5	0.5	1.5	4	0.0	0.5	0.0	0.0	1.0	5.9	13
2026-09-07	TEN.US	43.7400016784668														8.3	5	2.0	1.0	1.0	2.0	2.0	2.0	4.0	5	0.0	1.5	1.0	1.0	0.5	8.3	5
2026-09-07	TENB	34.25	5.5	9	1.5	1.5	1.0	0.5	1.0	1.0	2.0	1.0	0.5	2.0	0.0	6.7	6	1.5	2.0	1.0	1.5	1.0	1.0	3.5	5	1.0	0.5	0.0	1.5	0.5	5.9	15
2026-09-07	TENG.L	102.0														4.2	4	0.0	1.0	1.0	1.0	1.0	1.0	4.5	4	1.0	2.0	0.0	0.5	1.0	4.2	4
2026-09-07	TEO	13.029999732971191	6.1	10	1.5	2.0	1.0	2.0	1.0	2.0	1.5	1.0	1.0	0.5	0.0	4.6	5	1.5	0.0	1.0	1.0	1.0	1.0	3.0	5	0.0	0.5	2.0	0.5	0.0	5.6	15
2026-09-07	TEP.L	861.0	6.4	7	1.5	1.5	1.0	1.0	1.0	1.0	1.0	1.0	2.0	1.0	2.0	5.8	4	2.0	1.0	1.0	1.0	1.0	1.0	3.0	4	0.0	1.0	0.0	1.0	1.0	6.2	11
2026-09-07	TEP.PA	70.44000244140625	5.9	7	1.0	1.5	1.0	1.0	2.0	0.5	1.0	1.0	1.0	2.0	1.0	5.0	4	1.5	1.0	1.0	1.0	1.0	0.5	3.0	4	0.5	0.5	0.0	1.0	1.0	5.6	11
2026-09-07	TER	357.0299987792969	7.7	9	1.5	2.0	1.0	1.0	1.0	1.5	2.0	1.0	2.0	2.0	2.0	7.5	6	2.0	0.0	1.0	2.0	2.0	2.0	2.5	5	1.5	0.5	0.0	0.0	0.5	7.6	15
2026-09-07	TERN.L	1.2000000476837158														5.4	3	1.0	1.0	1.0	1.0	0.5	2.0	3.0	4	0.0	0.0	2.0	0.0	1.0	5.4	3
2026-09-07	TESB.BR	22.299999237060547														5.4	4	2.0	1.0	1.0	1.0	0.5	1.0	2.0	4	0.5	0.5	0.0	0.0	1.0	5.4	4
2026-09-07	TEVA	36.36000061035156	6.1	10	2.0	2.0	1.0	1.5	2.0	1.5	1.0	0.0	1.0	1.5	0.0	7.1	6	2.0	2.0	1.0	2.0	1.0	0.5	5.5	5	1.0	1.5	0.0	1.5	1.5	6.4	16
2026-09-07	TEX	63.22999954223633	7.0	9	1.5	2.0	1.0	1.0	1.0	1.5	2.0	1.0	0.5	2.0	2.0	6.7	6	1.5	1.0	1.0	1.5	1.0	2.0	3.5	5	1.5	0.5	0.0	0.5	1.0	6.9	15
2026-09-07	TEXF.BR	41.0														5.8	4	1.0	1.0	1.0	1.0	2.0	1.0	3.0	4	0.0	0.0	2.0	0.0	1.0	5.8	4
2026-09-07	TFC	51.650001525878906	6.6	9	1.0	1.5	1.0	1.5	2.0	2.0	1.5	0.0	1.0	2.0	1.0	6.7	6	1.5	2.0	1.0	0.5	2.0	1.0	3.5	4	1.0	0.5	0.0	1.0	1.0	6.6	15
2026-09-07	TFF.PA	16.739999771118164	5.7	7	1.5	1.5	1.0	1.0	1.0	2.0	1.0	1.0	0.5	0.0	2.0	5.0	4	2.0	1.0	1.0	1.0	1.0	0.0	1.5	4	0.0	0.0	0.0	0.5	1.0	5.5	11
2026-09-07	TFI.PA	6.849999904632568	4.5	7	0.5	1.0	1.0	1.0	0.0	2.0	1.0	1.0	1.0	0.5	1.0	3.3	4	0.0	1.0	1.0	1.0	1.0	0.0	2.5	4	0.5	1.0	0.0	0.0	1.0	4.1	11
2026-09-07	TFII	137.11000061035156	7.0	8	2.0	2.0	1.0	1.0	1.0	1.5	2.0	1.0	1.0	2.0	1.0	5.0	6	0.5	0.0	1.0	2.0	1.0	1.5	3.5	5	1.5	0.0	0.0	1.0	1.0	6.4	14
2026-09-07	TFIN	69.5999984741211	6.4	8	1.0	2.0	1.0	0.5	1.0	2.0	2.0	1.0	0.5	2.0	1.0	6.2	6	1.0	1.0	1.0	2.0	1.0	1.5	4.0	4	1.5	0.0	0.0	1.0	1.5	6.3	14
2026-09-07	TFPM	33.91999816894531	7.3	8	1.5	2.0	1.0	1.0	2.0	1.5	1.5	1.0	1.5	2.0	1.0	5.8	5	1.0	1.0	1.0	0.0	2.0	2.0	1.0	5	0.0	0.0	0.0	0.0	1.0	6.8	13
2026-09-07	TFSL	17.56999969482422	5.9	8	1.0	1.0	1.0	0.5	1.0	2.0	1.5	1.0	1.0	2.0	1.0	5.4	5	0.0	1.0	1.0	1.0	2.0	1.5	3.5	4	0.5	0.5	0.0	1.0	1.5	5.8	13
2026-09-07	TFW.L	258.0														5.4	4	1.5	1.0	1.0	1.0	1.5	0.5	1.5	4	0.0	0.5	0.0	0.0	1.0	5.4	4
2026-09-07	TFX	138.36000061035156	6.8	9	1.5	1.5	1.0	0.5	2.0	2.0	1.5	1.0	0.0	2.0	2.0	5.4	6	2.0	0.0	1.0	1.5	0.0	2.0	4.5	5	1.0	1.0	0.0	1.0	1.5	6.4	15
2026-09-07	TG	7.760000228881836														6.7	4	2.0	1.0	1.0	1.0	1.0	2.0	1.5	5	0.5	0.0	0.0	0.0	1.0	6.7	4
2026-09-07	TGA.L	638.0														4.2	3	1.0	1.0	1.0	1.0	0.0	1.0	2.0	4	1.0	0.0	0.0	0.0	1.0	4.2	3
2026-09-07	TGHN.DE	268.0														5.0	4	1.0	1.0	1.0	1.0	1.0	1.0	1.0	4	0.0	0.0	0.0	0.0	1.0	5.0	4
2026-09-07	TGLS	40.84000015258789	6.1	9	1.5	2.0	1.0	1.0	0.0	2.0	0.5	1.0	1.5	1.0	2.0	5.0	6	2.0	0.0	1.0	0.0	1.5	1.5	4.0	5	1.5	1.5	0.0	0.0	1.0	5.8	15
2026-09-07	TGS.OL	135.89999389648438														5.8	5	2.0	1.0	1.0	0.5	1.0	1.5	2.0	4	0.0	0.5	0.0	0.5	1.0	5.8	5
2026-09-07	TGS.US	29.049999237060547														5.8	5	1.5	1.0	1.0	0.0	2.0	1.5	1.5	5	0.5	0.0	0.0	0.5	0.5	5.8	5
2026-09-07	TGT	164.44000244140625	6.8	10	1.5	1.0	1.0	1.5	2.0	1.5	2.0	0.5	2.0	2.0	0.0	6.7	6	1.0	2.0	1.0	2.0	1.0	1.0	4.5	5	1.0	1.5	0.0	1.0	1.0	6.8	16
2026-09-07	TGTA.DE	1.9900000095367432														3.8	4	0.0	1.0	1.0	1.0	1.0	0.5	4.0	4	0.0	1.5	0.0	1.5	1.0	3.8	4
2026-09-07	TGTX	55.98500061035156	6.1	10	1.5	2.0	1.0	0.0	2.0	0.5	0.0	1.5	2.0	2.0	1.0	6.7	6	1.0	2.0	1.0	0.0	2.0	2.0	5.5	5	1.5	1.0	0.0	1.0	2.0	6.3	16
2026-09-07	TGYM.MI	13.0	5.7	8	1.5	2.0	1.0	1.0	0.0	1.0	1.0	1.5	2.0	0.5	1.0	5.4	4	1.0	1.0	1.0	1.0	1.5	1.0	4.0	4	1.0	1.5	0.0	0.5	1.0	5.6	12
2026-09-07	THC	265.04998779296875	8.0	9	2.0	1.5	1.0	1.5	2.0	1.5	2.0	1.0	2.0	2.0	1.0	7.1	6	1.0	2.0	1.0	2.0	1.5	1.0	4.5	5	1.5	1.0	0.0	1.5	0.5	7.7	15
2026-09-07	THEON.NV	31.65999984741211	6.8	8	1.5	2.0	1.0	1.0	1.0	2.0	2.0	1.0	2.0	0.5	1.0	6.2	5	0.5	1.0	1.0	1.0	2.0	2.0	3.0	4	1.0	0.0	0.0	1.0	1.0	6.6	13
2026-09-07	THEP.PA	72.19999694824219														4.6	4	0.0	1.0	1.0	1.0	1.0	1.5	2.5	4	0.5	0.0	1.0	0.0	1.0	4.6	4
2026-09-07	THFF	79.33999633789062	6.8	8	1.0	1.5	1.0	1.5	2.0	2.0	1.5	1.0	1.0	1.5	1.0	6.2	6	0.0	1.0	1.0	2.0	2.0	1.5	3.0	4	0.0	1.0	0.0	1.0	1.0	6.6	14
2026-09-07	THG	228.3800048828125	6.8	9	1.0	1.0	1.0	1.5	2.0	2.0	2.0	1.0	1.5	2.0	0.0	7.1	6	2.0	1.0	1.0	2.0	1.5	1.0	1.5	5	0.0	1.0	0.0	0.0	0.5	6.9	15
2026-09-07	THG.L	33.119998931884766	5.0	7	1.5	2.0	1.0	1.0	1.0	2.0	1.0	1.0	0.0	0.5	0.0	5.0	3	1.0	1.0	1.0	1.0	1.0	1.0	4.5	4	2.0	0.5	0.0	1.0	1.0	5.0	10
2026-09-07	THO	76.94000244140625	6.6	9	1.0	1.0	1.0	0.5	1.0	2.0	2.0	1.0	1.0	2.0	2.0	5.4	6	2.0	2.0	1.0	0.0	1.0	0.5	4.0	5	1.5	1.0	0.0	0.0	1.5	6.2	15
2026-09-07	THRL.L	113.0	5.7	4	1.0	0.5	1.0	1.0	2.0	2.0	1.0	1.0	1.0	1.0	1.0	5.8	2	2.0	1.0	1.0	1.0	1.0	1.0	4.0	2	1.0	1.0	0.0	1.0	1.0	5.7	6
2026-09-07	THRM	40.70000076293945	7.5	9	1.5	2.0	1.0	1.0	2.0	1.5	2.0	1.0	0.5	2.0	2.0	7.1	6	1.5	2.0	1.0	1.5	1.0	1.5	3.0	5	1.5	0.0	0.0	0.5	1.0	7.4	15
2026-09-07	THRY	2.0799999237060547	5.2	9	1.5	2.0	1.0	1.0	0.0	1.0	2.0	1.0	0.0	2.0	0.0	2.9	5	1.0	1.0	1.0	0.0	0.5	0.0	5.0	5	1.0	2.0	0.0	1.0	1.0	4.5	14
2026-09-07	THS.L	126.0	6.4	8	1.5	1.5	1.0	1.0	2.0	2.0	1.0	1.0	1.0	0.0	2.0	7.1	4	2.0	1.0	1.0	1.0	1.5	2.0	1.5	4	0.5	0.0	0.0	0.0	1.0	6.6	12
2026-09-07	THULE.ST	207.8000030517578	6.4	8	1.5	2.0	1.0	1.0	0.0	1.5	0.5	1.0	1.5	2.0	2.0	5.8	5	1.0	1.0	1.0	1.5	1.5	1.0	3.5	4	1.5	0.5	0.0	0.5	1.0	6.2	13
2026-09-07	THX.L	74.0	6.8	7	1.5	2.0	1.0	1.0	2.0	2.0	1.0	1.0	2.0	0.5	1.0	6.2	4	2.0	1.0	1.0	1.0	2.0	0.5	3.0	4	2.0	0.0	0.0	0.0	1.0	6.6	11
2026-09-07	TIC	9.359999656677246	6.4	9	1.5	2.0	1.0	1.0	2.0	1.5	0.0	1.0	0.0	2.0	2.0	6.2	5	1.0	1.0	1.0	2.0	0.5	2.0	5.0	5	2.0	0.5	0.0	1.0	1.5	6.3	14
2026-09-07	TIG.L	42.0	5.0	7	1.5	2.0	1.0	1.0	0.0	2.0	1.0	1.0	0.0	1.5	0.0	3.3	3	1.0	1.0	1.0	1.0	0.0	0.0	5.5	4	0.0	0.5	2.0	2.0	1.0	4.5	10
2026-09-07	TIGO	94.83000183105469	5.0	10	0.5	0.5	1.0	1.5	2.0	1.0	2.0	0.0	1.5	1.0	0.0	5.8	5	2.0	0.0	1.0	1.0	1.0	2.0	4.5	5	1.0	1.0	0.0	2.0	0.5	5.2	15
2026-09-07	TIGR	5.079999923706055	5.5	9	1.0	2.0	1.0	1.0	1.0	2.0	0.0	1.0	1.0	1.0	1.0	7.5	5	1.5	1.0	1.0	2.0	1.5	2.0	2.5	5	0.5	1.0	0.0	0.0	1.0	6.1	14
2026-09-07	TILE	37.2400016784668	8.2	9	1.5	2.0	1.0	1.0	2.0	2.0	2.0	1.0	1.5	2.0	2.0	6.7	6	1.5	2.0	1.0	1.0	1.5	1.0	5.5	5	2.0	0.5	1.0	0.5	1.5	7.7	15
2026-09-07	TIMA.DE	43.0	6.1	7	1.5	2.0	1.0	1.0	0.0	2.0	1.0	1.0	1.5	1.5	1.0	7.1	4	2.0	1.0	1.0	1.0	1.5	2.0	2.5	4	0.0	1.0	0.0	0.5	1.0	6.4	11
2026-09-07	TIMB	18.43000030517578	5.2	9	1.0	2.0	1.0	1.5	0.0	2.0	1.5	1.0	1.5	0.0	0.0	4.6	6	1.5	0.0	1.0	0.5	1.5	1.0	2.5	5	0.0	1.0	0.0	0.5	1.0	5.0	15
2026-09-07	TINC.BR	11.239999771118164														5.4	4	1.5	1.0	1.0	1.0	2.0	0.0	1.0	4	0.0	0.0	0.0	0.0	1.0	5.4	4
2026-09-07	TIPT	18.489999771118164														4.2	3	0.5	1.0	1.0	1.0	0.5	1.0	2.5	5	1.0	0.5	0.0	0.0	1.0	4.2	3
2026-09-07	TIT.MI	7.75	4.5	8	1.5	0.5	1.0	1.0	2.0	1.5	1.0	0.5	0.5	0.5	0.0	4.2	4	0.0	1.0	1.0	1.0	1.0	1.0	4.5	4	0.5	1.0	1.0	1.0	1.0	4.4	12
2026-09-07	TITC.BR	54.150001525878906														6.2	4	1.5	1.0	1.0	1.0	1.5	1.5	3.0	4	0.5	1.0	0.0	0.5	1.0	6.2	4
2026-09-07	TITN	26.219999313354492														4.2	5	1.0	1.0	2.0	0.0	0.5	0.5	7.5	5	1.5	1.5	2.0	1.5	1.0	4.2	5
2026-09-07	TIV.CO	624.0														4.6	4	0.5	1.0	1.0	1.0	1.0	1.0	1.5	4	0.0	0.0	0.0	0.5	1.0	4.6	4
2026-09-07	TJX	132.0800018310547	7.5	10	1.5	2.0	1.0	2.0	0.0	1.5	2.0	1.5	2.0	2.0	1.0	4.2	6	0.5	0.0	1.0	1.5	1.0	1.0	4.0	5	0.5	1.5	0.0	1.0	1.0	6.5	16
2026-09-07	TK	13.630000114440918														6.7	4	1.5	1.0	1.0	1.0	1.5	2.0	2.5	5	0.0	1.0	0.0	0.0	1.5	6.7	4
2026-09-07	TKA.DE	15.210000038146973	7.0	9	2.0	1.5	1.0	1.0	2.0	1.0	2.0	1.0	0.5	1.5	2.0	4.2	4	0.0	1.0	1.0	1.0	1.0	1.0	4.0	4	1.5	1.5	0.0	0.0	1.0	6.2	13
2026-09-07	TKC	5.099999904632568														4.2	4	0.0	1.0	1.0	1.0	1.0	1.0	2.5	5	0.5	1.5	0.0	0.5	0.0	4.2	4
2026-09-07	TKMS.DE	83.19999694824219	5.0	7	1.5	2.0	1.0	1.0	1.0	1.0	1.0	1.0	1.0	0.5	0.0	5.0	4	0.0	1.0	1.0	1.0	1.0	2.0	2.0	3	1.0	0.0	0.0	0.0	1.0	5.0	11
2026-09-07	TKO	186.00999450683594	5.7	9	2.0	2.0	1.0	0.5	0.0	2.0	0.0	1.0	1.0	2.0	1.0	5.4	6	1.0	0.0	1.0	2.0	1.0	1.5	3.5	5	0.5	1.0	0.0	0.5	1.5	5.6	15
2026-09-07	TKO.PA	16.799999237060547	5.9	7	1.5	2.0	1.0	1.0	1.0	2.0	1.0	1.0	1.0	0.5	1.0	7.1	4	1.5	1.0	1.0	1.0	2.0	2.0	2.0	4	0.5	0.0	0.0	0.5	1.0	6.3	11
2026-09-07	TKR	123.16000366210938	6.6	10	1.5	1.5	1.0	1.0	1.0	1.5	1.5	1.5	1.0	2.0	1.0	4.2	6	1.5	0.0	1.0	0.5	1.0	1.0	3.5	5	1.5	0.5	0.0	0.5	1.0	5.9	16
2026-09-07	TLC.ASX	5.0	4.8	8	1.0	1.5	1.0	1.0	0.0	2.0	1.0	0.0	2.0	1.0	0.0	4.2	4	0.5	1.0	1.0	1.0	1.0	0.5	4.5	4	0.0	1.5	0.0	2.0	1.0	4.6	12
2026-09-07	TLK	14.850000381469727														5.0	4	0.5	1.0	1.0	1.0	1.5	1.0	2.5	5	0.0	1.0	0.0	0.5	1.0	5.0	4
2026-09-07	TLN	317.0	5.0	9	2.0	2.0	1.0	1.0	0.0	1.5	0.5	1.0	0.0	2.0	0.0	3.8	5	1.0	0.0	1.0	0.0	0.5	2.0	5.0	5	1.5	1.0	0.0	2.0	0.5	4.6	14
2026-09-07	TLRY	4.5	4.5	9	1.0	2.0	1.0	0.5	1.0	1.0	0.0	1.0	0.0	0.5	2.0	3.8	3	1.0	1.0	1.0	1.0	0.0	0.5	5.0	5	2.0	1.5	0.0	0.5	1.0	4.3	12
2026-09-07	TLS	4.800000190734863	7.0	9	1.5	2.0	1.0	1.5	2.0	0.5	2.0	1.0	0.0	2.0	2.0	5.4	5	1.0	0.0	1.0	2.0	0.5	2.0	2.5	5	1.0	0.5	0.0	0.0	1.0	6.5	14
2026-09-07	TLS.ASX	4.789999961853027	5.0	8	1.0	1.0	1.0	1.0	0.0	2.0	1.0	1.5	1.5	1.0	0.0	4.2	4	0.5	1.0	1.0	1.0	1.0	0.5	2.5	4	0.0	0.5	0.0	1.0	1.0	4.8	12
2026-09-07	TLW.L	20.799999237060547	6.1	7	1.5	2.0	1.0	1.0	2.0	2.0	1.0	1.0	1.0	1.0	0.0	3.3	4	0.0	1.0	1.0	1.0	1.0	0.0	3.5	3	0.5	1.0	0.0	1.0	1.0	5.3	11
2026-09-07	TLX.ASX	16.25	6.4	8	2.0	2.0	1.0	1.0	2.0	1.0	1.0	0.0	1.0	1.0	2.0	5.0	4	0.0	1.0	1.0	1.0	1.0	2.0	3.0	4	0.5	0.5	0.0	1.0	1.0	6.0	12
2026-09-07	TLX.DE	127.19999694824219	6.4	8	2.0	1.5	1.0	1.0	1.5	1.5	1.5	1.0	1.5	0.5	1.0	3.8	4	0.5	1.0	1.0	1.0	1.0	0.0	3.0	4	0.0	1.5	0.0	0.5	1.0	5.6	12
2026-09-07	TLYS	4.400000095367432	7.0	9	1.0	2.0	1.0	1.5	2.0	2.0	2.0	1.0	0.0	2.0	1.0	6.7	5	2.0	1.0	1.0	2.0	0.5	1.5	4.5	5	0.0	0.0	2.0	1.5	1.0	6.9	14
2026-09-07	TM	197.11000061035156														4.6	5	1.0	1.0	1.0	0.0	1.0	1.5	1.5	5	0.0	0.0	0.0	1.0	0.5	4.6	5
2026-09-07	TMC	4.440000057220459	5.7	9	2.0	2.0	1.0	1.0	1.0	2.0	0.0	1.0	0.0	0.5	2.0	4.6	3	1.0	1.0	1.0	1.0	0.5	1.0	5.5	4	2.0	1.0	0.0	1.0	1.5	5.4	12
2026-09-07	TMCI	4.809999942779541														2.9	4	1.0	1.0	1.0	0.0	0.0	0.5	3.5	5	1.5	0.0	0.0	1.0	1.0	2.9	4
2026-09-07	TMCR	5.75	5.9	8	1.5	2.0	1.0	2.0	0.5	2.0	0.0	1.0	1.0	0.0	2.0	3.8	3	1.0	1.0	1.0	0.0	0.5	1.0	3.5	4	1.0	1.5	0.0	0.5	0.5	5.3	11
2026-09-07	TMDX	89.9800033569336	6.1	10	1.5	1.5	1.0	0.0	1.0	1.0	2.0	0.5	2.0	2.0	1.0	5.8	6	2.0	0.0	1.0	0.0	2.0	2.0	5.5	5	2.0	0.5	0.0	1.5	1.5	6.0	16
2026-09-07	TME	8.260000228881836	5.9	10	1.5	2.0	1.0	1.0	0.0	1.5	1.5	0.0	1.0	1.5	2.0	5.4	6	1.5	1.0	1.0	0.0	2.0	1.0	4.0	5	1.0	2.0	0.0	0.0	1.0	5.8	16
2026-09-07	TMIP.L	56.400001525878906														4.2	2	1.0	1.0	1.0	1.0	0.0	1.0	1.5	4	0.0	0.5	0.0	0.0	1.0	4.2	2
2026-09-07	TMO	613.780029296875	7.5	10	2.0	1.0	1.0	2.0	2.0	1.5	1.5	0.5	1.0	2.0	2.0	6.7	6	1.0	2.0	1.0	1.0	1.5	1.5	3.5	5	1.0	1.0	0.0	1.0	0.5	7.3	16
2026-09-07	TMP	99.56999969482422	7.3	8	1.5	1.0	1.0	1.5	2.0	2.0	1.5	1.0	1.5	2.0	1.0	5.4	6	1.0	0.0	1.0	1.5	2.0	1.0	3.5	4	0.5	1.5	0.0	1.0	0.5	6.7	14
2026-09-07	TMPL.L	418.5														5.8	2	2.0	1.0	1.0	1.0	1.0	1.0	4.0	2	1.0	1.0	0.0	1.0	1.0	5.8	2
2026-09-07	TMT.L	3.450000047683716														7.5	4	2.0	1.0	1.0	1.0	2.0	2.0	3.5	3	1.0	0.5	0.0	1.0	1.0	7.5	4
2026-09-07	TMUS	181.52000427246094	5.9	10	1.5	2.0	1.0	1.5	1.0	1.0	1.5	1.0	1.5	1.0	0.0	7.1	6	2.0	2.0	1.0	1.0	1.5	1.0	3.5	5	0.0	1.0	0.0	1.5	1.0	6.3	16
2026-09-07	TMV.DE	6.855000019073486	5.9	8	1.0	0.5	1.0	1.0	2.0	1.5	2.0	1.0	2.0	1.0	0.0	5.4	4	1.5	1.0	1.0	1.0	1.5	0.5	4.0	4	1.0	0.0	0.0	2.0	1.0	5.8	12
2026-09-07	TNC	71.97000122070312	5.7	9	1.5	2.0	1.0	0.5	0.0	2.0	0.0	1.0	0.5	2.0	2.0	3.3	6	1.0	0.0	1.0	0.0	1.0	1.0	2.5	5	1.0	0.0	0.0	0.5	1.0	5.0	15
2026-09-07	TNDM	19.899999618530273	5.9	9	1.5	2.0	1.0	0.0	2.0	0.5	2.0	1.0	0.0	2.0	1.0	3.8	5	1.0	1.0	1.0	0.0	0.5	1.0	4.5	5	1.5	0.0	0.0	2.0	1.0	5.3	14
2026-09-07	TNE.ASX	29.68000030517578	6.6	7	1.5	1.5	1.0	1.0	1.0	2.0	1.0	1.0	2.0	1.5	1.0	6.2	4	1.0	1.0	1.0	1.0	2.0	1.5	1.5	4	0.5	0.0	0.0	0.0	1.0	6.5	11
2026-09-07	TNET	69.05999755859375	7.3	9	1.5	1.0	1.0	1.0	2.0	1.5	2.0	1.0	2.0	2.0	1.0	3.8	6	0.0	2.0	1.0	0.0	1.0	0.5	5.0	5	1.0	1.0	0.0	2.0	1.0	6.2	15
2026-09-07	TNG.PA	0.8619999885559082														2.5	4	0.5	1.0	0.0	1.0	0.5	0.0	4.5	4	0.5	1.0	2.0	0.0	1.0	2.5	4
2026-09-07	TNGX	22.520000457763672	5.9	10	2.0	2.0	1.0	0.0	1.0	0.5	2.0	1.5	0.0	2.0	1.0	4.6	4	1.0	2.0	1.0	0.5	0.0	1.0	3.0	5	1.0	0.0	0.0	0.0	2.0	5.5	14
2026-09-07	TNIE.DE	11.800000190734863	5.9	7	1.5	2.0	1.0	1.0	1.0	2.0	1.0	1.0	0.0	0.5	2.0	5.4	3	1.0	1.0	1.0	1.0	0.5	2.0	2.0	4	0.5	0.5	0.0	0.0	1.0	5.8	10
2026-09-07	TNK	93.37000274658203	6.8	9	1.0	0.5	1.0	1.5	2.0	2.0	1.5	1.0	2.0	1.5	1.0	7.1	6	1.5	0.0	1.0	2.0	2.0	2.0	2.5	5	0.0	2.0	0.0	0.0	0.5	6.9	15
2026-09-07	TNL	66.33000183105469	6.1	8	2.0	2.0	1.0	0.5	0.0	1.5	1.5	1.0	1.0	2.0	1.0	6.2	6	2.0	1.0	1.0	1.5	1.0	1.0	3.5	4	1.0	0.0	0.0	1.0	1.5	6.1	14
2026-09-07	TNOM.HE	1.24399995803833														5.8	5	1.0	1.0	1.0	1.0	2.0	1.0	5.5	4	1.5	1.5	0.0	1.5	1.0	5.8	5
2026-09-07	TNYA	0.6830000281333923	4.1	9	2.0	2.0	1.0	0.5	0.0	0.0	0.5	1.0	0.0	1.0	1.0	5.0	3	1.0	1.0	1.0	1.5	0.5	1.0	5.5	5	2.0	1.5	0.0	0.0	2.0	4.4	12
2026-09-07	TOKMAN.HE	7.5														3.8	5	0.0	1.0	1.0	0.5	1.0	1.0	4.0	4	1.0	0.0	0.0	2.0	1.0	3.8	5
2026-09-07	TOL	141.72999572753906	6.1	10	1.5	2.0	1.0	1.5	0.0	1.0	1.0	1.5	1.0	2.0	1.0	4.6	6	2.0	0.0	1.0	0.5	1.5	0.5	3.0	5	1.5	0.0	0.0	0.5	1.0	5.6	16
2026-09-07	TOM2.NV	4.0960001945495605														3.8	4	0.0	1.0	1.0	1.0	1.0	0.5	3.0	4	1.0	1.0	0.0	0.0	1.0	3.8	4
2026-09-07	TONX	3.319999933242798														5.4	3	1.0	1.0	1.0	1.0	0.5	2.0	3.5	4	0.5	0.5	0.0	1.0	1.5	5.4	3
2026-09-07	TOON	0.6600000262260437														5.8	4	2.0	1.0	1.0	1.0	2.0	0.0	4.0	5	2.0	1.0	0.0	0.5	0.5	5.8	4
2026-09-07	TOP.US	14.989999771118164														3.3	3	1.0	1.0	1.0	1.0	0.0	0.0	2.5	5	1.0	1.0	0.0	0.0	0.5	3.3	3
2026-09-07	TOPS	0.7300000190734863														5.0	4	2.0	1.0	1.0	1.0	1.0	0.0	6.0	5	2.0	2.0	0.0	1.5	0.5	5.0	4
2026-09-07	TORO	6.355000019073486														5.0	4	0.0	1.0	1.0	1.0	2.0	1.0	4.0	4	2.0	0.0	0.0	1.0	1.0	5.0	4
2026-09-07	TOST	33.95000076293945	8.0	10	1.5	1.5	1.0	1.0	2.0	1.5	2.0	1.0	2.0	2.0	2.0	6.2	6	2.0	0.0	1.0	1.5	1.0	2.0	3.5	4	1.5	0.0	0.0	1.0	1.0	7.5	16
2026-09-07	TOWN	37.599998474121094	6.1	7	1.0	1.0	1.0	1.0	2.0	2.0	1.0	1.0	1.0	1.5	1.0	5.8	6	1.0	0.0	1.0	1.0	2.0	2.0	3.0	4	0.5	0.5	0.0	1.0	1.0	6.0	13
2026-09-07	TOWN.L	128.5														3.3	3	1.0	1.0	0.0	1.0	0.0	1.0	5.5	4	0.5	0.5	2.0	1.5	1.0	3.3	3
2026-09-07	TPB	75.22000122070312	6.6	9	2.0	2.0	1.0	0.5	0.0	2.0	1.5	1.0	1.5	2.0	1.0	6.7	6	2.0	2.0	1.0	0.0	1.0	2.0	4.0	5	1.0	1.0	0.0	0.5	1.5	6.6	15
2026-09-07	TPC	88.20999908447266	7.3	9	1.5	1.5	1.0	1.5	2.0	2.0	1.5	1.0	1.0	2.0	1.0	4.6	6	2.0	0.0	1.0	0.0	1.0	1.5	3.5	5	2.0	0.5	0.0	0.5	0.5	6.5	15
2026-09-07	TPE.DE	31.280000686645508	5.5	8	1.5	2.0	1.0	1.0	0.0	2.0	0.0	1.0	0.0	1.5	2.0	3.8	4	0.0	1.0	1.0	1.0	0.5	1.0	3.0	4	1.5	0.0	0.0	0.5	1.0	5.0	12
2026-09-07	TPG	52.650001525878906	6.6	9	2.0	1.5	1.0	1.0	2.0	1.5	0.0	1.0	1.5	2.0	1.0	5.4	6	0.0	2.0	1.0	0.5	1.0	2.0	3.5	5	1.5	0.0	0.0	1.0	1.0	6.2	15
2026-09-07	TPG.ASX	3.880000114440918	5.0	7	1.5	1.0	1.0	1.0	2.0	2.0	1.0	1.0	0.5	0.0	0.0	4.6	4	1.0	1.0	1.0	1.0	1.0	0.5	2.5	4	0.0	1.0	0.0	0.5	1.0	4.9	11
2026-09-07	TPG0.DE	1.0149999856948853														6.7	4	2.0	1.0	1.0	1.0	1.0	2.0	4.5	4	1.5	1.5	0.0	0.5	1.0	6.7	4
2026-09-07	TPK.L	617.0	5.9	7	1.0	1.0	1.0	1.0	2.0	1.0	1.0	1.0	0.0	2.0	2.0	4.6	4	1.5	1.0	1.0	1.0	0.5	0.5	3.0	4	1.5	0.0	0.0	0.5	1.0	5.5	11
2026-09-07	TPL	362.4200134277344														5.0	5	0.0	1.0	1.0	0.0	2.0	2.0	3.0	5	0.5	0.5	0.0	0.0	2.0	5.0	5
2026-09-07	TPR	122.13999938964844	7.5	9	2.0	2.0	1.0	1.0	0.0	1.5	2.0	1.0	2.0	2.0	2.0	6.2	6	1.0	1.0	1.0	2.0	1.5	1.0	4.5	5	1.5	0.0	0.0	2.0	1.0	7.1	15
2026-09-07	TPRO.MI	27.459999084472656	6.1	7	1.5	2.0	1.0	1.0	1.0	2.0	1.0	1.0	1.5	0.5	1.0	5.8	4	0.0	1.0	1.0	1.0	2.0	2.0	2.5	4	1.0	0.5	0.0	0.0	1.0	6.0	11
2026-09-07	TPST	1.0299999713897705														4.6	2	1.0	1.0	1.0	1.0	0.5	1.0	5.0	4	1.5	2.0	0.0	1.0	0.5	4.6	2
2026-09-07	TPT.L	34.900001525878906														5.0	4	1.5	1.0	1.0	1.0	1.0	0.5	4.5	4	1.0	0.5	0.0	2.0	1.0	5.0	4
2026-09-07	TPVG	5.230000019073486	5.2	9	1.0	1.0	1.0	1.0	1.0	2.0	0.5	1.0	1.0	0.0	2.0	4.2	5	0.5	1.0	1.0	0.0	2.0	0.5	5.0	5	1.5	0.5	0.0	1.0	2.0	4.9	14
2026-09-07	TPW.ASX	4.889999866485596	5.7	7	1.5	2.0	1.0	1.0	0.0	1.0	1.0	1.0	0.5	1.5	2.0	4.2	4	0.0	1.0	1.0	1.0	1.0	1.0	4.5	4	1.5	1.5	0.0	0.5	1.0	5.2	11
2026-09-07	TR	38.779998779296875														4.6	4	0.5	1.0	1.0	1.0	1.5	0.5	2.0	5	0.0	0.0	0.0	0.0	2.0	4.6	4
2026-09-07	TRAX	40.459999084472656	6.1	8	2.0	2.0	1.0	1.0	1.5	1.0	0.0	1.0	1.0	2.0	1.0	3.8	3	1.0	1.0	1.0	0.0	0.5	1.0	2.5	4	1.0	0.5	0.0	0.0	1.0	5.4	11
2026-09-07	TRB.L	63.0														5.0	4	1.0	1.0	1.0	1.0	1.0	1.0	1.0	4	0.0	0.0	0.0	0.0	1.0	5.0	4
2026-09-07	TRC	16.43000030517578														5.4	5	0.0	1.0	1.0	1.0	1.5	2.0	3.0	5	0.5	1.0	0.0	0.0	1.5	5.4	5
2026-09-07	TRCS.L	355.0	7.0	7	1.5	2.0	1.0	1.0	2.0	2.0	1.0	1.0	0.5	1.5	2.0	5.8	4	2.0	1.0	1.0	1.0	1.0	1.0	1.5	4	0.5	0.0	0.0	0.0	1.0	6.6	11
2026-09-07	TRDA	7.130000114440918	5.9	10	2.0	2.0	1.0	1.0	1.0	0.5	1.5	1.0	0.0	2.0	1.0	2.5	5	1.0	0.0	1.0	0.5	0.5	0.0	2.0	5	0.0	1.0	0.0	0.0	1.0	4.9	15
2026-09-07	TRE.MC	25.200000762939453														4.6	4	0.5	1.0	1.0	1.0	1.0	1.0	4.5	4	1.5	0.5	0.0	1.5	1.0	4.6	4
2026-09-07	TREE.US	28.350000381469727	6.6	9	1.5	2.0	1.0	1.0	0.0	2.0	0.0	1.0	2.0	2.0	2.0	5.0	6	0.5	1.0	1.0	0.0	1.5	2.0	5.5	5	2.0	2.0	0.0	1.0	0.5	6.1	15
2026-09-07	TREL-B.ST	451.3999938964844														6.7	5	1.5	1.0	1.0	2.0	1.5	1.0	4.0	4	1.0	1.5	0.0	0.5	1.0	6.7	5
2026-09-07	TREX	45.630001068115234	6.4	9	1.0	1.5	1.0	0.5	1.0	1.5	2.0	1.0	1.5	2.0	1.0	7.5	6	1.5	2.0	1.0	2.0	1.5	1.0	3.0	5	1.5	0.0	0.0	0.5	1.0	6.7	15
2026-09-07	TRGP	290.04998779296875	7.7	10	2.0	1.5	1.0	1.5	2.0	1.5	2.0	1.5	2.0	2.0	0.0	5.4	6	1.5	0.0	1.0	1.5	1.5	1.0	4.5	5	0.5	1.0	0.0	2.0	1.0	7.0	16
2026-09-07	TRI	105.68000030517578	6.1	9	2.0	1.5	1.0	1.0	2.0	1.5	1.5	1.5	1.0	0.5	0.0	5.0	6	1.0	1.0	1.0	0.0	2.0	1.0	1.5	5	0.0	0.5	0.0	0.0	1.0	5.8	15
2026-09-07	TRI.L	87.4000015258789	6.6	7	1.5	2.0	1.0	1.0	2.0	2.0	1.0	1.0	0.0	2.0	1.0	4.2	3	1.0	1.0	1.0	1.0	0.5	0.5	3.0	4	0.5	1.0	0.0	0.5	1.0	5.9	10
2026-09-07	TRI.PA	152.1999969482422	6.4	7	1.5	2.0	1.0	1.0	1.0	2.0	1.0	1.0	1.0	0.5	2.0	5.8	4	2.0	1.0	1.0	1.0	1.0	1.0	2.0	4	1.0	0.0	0.0	0.0	1.0	6.2	11
2026-09-07	TRIFOR.CO	108.0														5.0	5	1.0	1.0	1.0	1.0	1.0	1.0	3.0	4	1.0	0.5	0.0	0.5	1.0	5.0	5
2026-09-07	TRIG.L	76.0														4.6	2	1.0	1.0	1.0	1.0	0.5	1.0	2.5	3	0.0	0.5	0.0	1.0	1.0	4.6	2
2026-09-07	TRIN	18.219999313354492	5.7	9	0.5	0.5	1.0	1.0	2.0	2.0	1.0	1.0	1.0	0.5	2.0	4.6	6	0.0	0.0	1.0	1.0	2.0	1.5	3.5	5	0.5	1.0	0.0	1.0	1.0	5.4	15
2026-09-07	TRIP	9.329999923706055	4.3	9	1.0	1.5	1.0	0.0	0.0	1.0	0.0	1.0	0.0	2.0	2.0	3.8	6	2.0	0.0	1.0	0.0	1.0	0.5	5.5	5	1.0	2.0	0.0	1.0	1.5	4.1	15
2026-09-07	TRMB	59.470001220703125	5.9	9	2.0	2.0	1.0	1.0	1.0	1.5	1.5	1.0	0.0	2.0	0.0	4.2	6	1.5	0.0	1.0	0.5	0.5	1.5	3.0	5	1.5	0.5	0.0	0.0	1.0	5.4	15
2026-09-07	TRMD-A.CO	228.39999389648438														6.7	5	0.5	1.0	1.0	1.5	2.0	2.0	4.5	4	0.0	2.0	1.0	0.5	1.0	6.7	5
2026-09-07	TRMK	46.619998931884766	6.1	8	1.0	1.0	1.0	1.0	1.0	2.0	1.5	1.0	1.0	2.0	1.0	5.0	6	1.0	0.0	1.0	1.0	2.0	1.0	4.0	4	0.5	1.0	0.0	1.0	1.5	5.8	14
2026-09-07	TRN.L	191.89999389648438	5.9	8	1.0	1.5	1.0	1.0	0.0	2.0	1.0	1.5	2.0	2.0	0.0	6.2	4	2.0	1.0	1.0	1.0	1.5	1.0	3.0	4	0.0	1.0	0.0	1.0	1.0	6.0	12
2026-09-07	TRN.MI	9.4399995803833	4.5	8	1.0	1.0	1.0	1.0	0.0	2.0	1.0	1.0	1.0	1.0	0.0	6.2	5	1.0	1.0	1.0	1.0	2.0	1.5	3.0	4	0.5	0.0	0.0	1.5	1.0	5.0	13
2026-09-07	TRN.US	28.31999969482422	6.1	9	1.0	0.0	1.0	1.0	0.0	2.0	1.5	1.0	2.0	2.0	2.0	5.4	6	2.0	1.0	1.0	0.5	1.5	0.5	5.0	5	1.5	0.5	0.0	2.0	1.0	5.9	15
2026-09-07	TRNO	65.6500015258789	6.4	10	2.0	1.5	1.0	0.5	1.0	2.0	2.0	1.0	1.0	2.0	0.0	4.2	6	0.0	0.0	1.0	0.5	2.0	1.5	2.5	5	1.0	0.0	0.0	0.0	1.5	5.7	16
2026-09-07	TRNS	85.4800033569336	6.6	9	1.5	1.5	1.0	1.0	1.0	2.0	1.0	1.0	0.5	2.0	2.0	5.0	6	0.0	2.0	1.0	0.0	1.0	2.0	2.5	5	0.5	0.5	0.0	0.5	1.0	6.1	15
2026-09-07	TROAX.ST	152.39999389648438	6.1	8	1.0	1.0	1.0	1.0	2.0	2.0	0.0	1.0	0.5	2.0	2.0	4.2	5	0.0	1.0	1.0	0.0	1.0	2.0	4.5	4	1.5	1.0	0.0	1.0	1.0	5.5	13
2026-09-07	TRON	1.4800000190734863														6.2	3	1.0	1.0	1.0	1.0	2.0	1.5	5.0	5	2.0	1.0	0.0	0.0	2.0	6.2	3
2026-09-07	TROW	109.77999877929688	5.7	9	0.5	1.0	1.0	0.5	1.0	1.5	1.5	1.0	1.5	2.0	1.0	6.7	6	0.5	1.0	1.0	2.0	2.0	1.5	4.0	5	1.5	0.5	0.0	0.0	2.0	6.0	15
2026-09-07	TROX	4.809999942779541	3.9	10	1.0	2.0	1.0	0.5	0.0	0.0	0.0	0.0	0.0	2.0	2.0	2.9	5	1.0	0.0	1.0	0.0	0.0	1.5	4.5	5	0.5	0.5	0.0	2.0	1.5	3.6	15
2026-09-07	TRP	62.61000061035156	6.8	9	2.0	1.5	1.0	1.0	1.0	2.0	1.5	2.0	1.0	2.0	0.0	5.0	6	0.5	0.0	1.0	1.5	2.0	1.0	4.0	5	1.0	0.0	0.0	1.5	1.5	6.3	15
2026-09-07	TRS	39.47999954223633	6.6	9	1.5	1.5	1.0	0.5	1.0	2.0	2.0	1.0	1.0	2.0	1.0	5.8	6	1.0	2.0	1.0	0.0	2.0	1.0	2.5	5	0.5	0.0	0.0	0.5	1.5	6.4	15
2026-09-07	TRST	57.91999816894531														7.1	4	2.0	1.0	1.0	1.0	2.0	1.5	4.5	4	0.5	1.5	0.0	1.0	1.5	7.1	4
2026-09-07	TRST.L	282.3999938964844	6.8	7	1.5	2.0	1.0	1.0	2.0	2.0	1.0	1.0	2.0	1.5	0.0	5.0	4	0.0	1.0	1.0	1.0	1.0	2.0	4.0	3	0.5	1.5	0.0	1.0	1.0	6.3	11
2026-09-07	TRTX	7.889999866485596	5.7	9	1.5	1.5	1.0	1.0	0.0	2.0	0.5	1.0	1.0	2.0	1.0	5.0	6	1.5	1.0	1.0	0.5	2.0	0.0	5.5	5	1.5	1.0	0.0	2.0	1.0	5.5	15
2026-09-07	TRU.L	91.0														6.2	4	2.0	1.0	1.0	1.0	1.5	1.0	3.0	4	0.0	2.0	0.0	0.0	1.0	6.2	4
2026-09-07	TRU.US	79.87999725341797	7.5	10	1.5	1.5	1.0	1.5	2.0	1.5	1.5	0.5	1.5	2.0	2.0	6.2	6	1.5	2.0	0.5	0.5	1.5	1.5	4.5	5	1.5	0.0	1.0	1.0	1.0	7.1	16
2026-09-07	TRUEb.ST	23.719999313354492														3.8	5	0.5	1.0	1.0	0.5	1.5	0.0	2.0	4	1.0	0.0	0.0	0.0	1.0	3.8	5
2026-09-07	TRUP	27.799999237060547	6.1	9	1.5	1.5	1.0	0.5	1.0	2.0	0.0	1.0	1.0	2.0	2.0	4.2	6	0.0	0.0	1.0	1.5	1.0	1.5	3.5	5	1.5	0.5	0.0	0.0	1.5	5.5	15
2026-09-07	TRV	369.3500061035156	6.8	9	1.0	1.0	1.0	1.5	2.0	1.5	2.0	1.0	2.0	2.0	0.0	5.4	6	1.0	0.0	1.0	2.0	1.5	1.0	1.0	5	0.0	0.5	0.0	0.0	0.5	6.4	15
2026-09-07	TRVG	5.989999771118164	6.8	9	1.0	1.0	1.0	2.0	2.0	1.0	2.0	1.0	1.0	1.0	2.0	6.7	6	0.0	2.0	1.0	2.0	1.0	2.0	1.5	5	0.5	1.0	0.0	0.0	0.0	6.8	15
2026-09-07	TRVI	17.260000228881836	6.1	9	2.0	2.0	1.0	1.0	1.0	1.0	1.5	1.0	0.0	2.0	1.0	3.8	4	1.0	1.0	1.0	0.0	0.5	1.0	3.0	5	1.0	0.5	0.0	0.0	1.5	5.4	13
2026-09-07	TRVN	0.0010000000474974513														5.4	3	1.0	1.0	1.0	1.0	0.5	2.0	4.0	4	0.5	2.0	0.0	1.0	0.5	5.4	3
2026-09-07	TRYG.CO	156.1999969482422														4.6	5	0.0	1.0	1.0	1.0	1.5	1.0	1.0	4	0.0	0.0	0.0	0.0	1.0	4.6	5
2026-09-07	TS	56.45000076293945	6.4	9	1.5	1.5	1.0	1.5	2.0	1.5	2.0	1.0	1.0	0.0	1.0	4.6	6	0.5	2.0	1.0	0.0	1.5	0.5	1.0	5	0.0	0.5	0.0	0.0	0.5	5.9	15
2026-09-07	TSBK	46.45000076293945														5.4	4	0.5	1.0	1.0	1.0	2.0	1.0	3.0	4	0.0	1.0	0.0	1.0	1.0	5.4	4
2026-09-07	TSCO	34.9900016784668	6.1	10	1.5	1.5	1.0	1.0	1.0	1.0	0.5	1.0	2.0	2.0	1.0	4.2	6	1.0	1.0	1.0	0.0	1.0	1.0	2.5	5	0.0	0.5	0.0	1.5	0.5	5.5	16
2026-09-07	TSCO.L	475.3999938964844	6.6	8	2.0	1.5	1.0	1.0	2.0	2.0	1.0	1.0	1.5	1.5	0.0	5.0	4	1.0	1.0	1.0	1.0	1.0	1.0	2.5	4	0.5	0.0	0.0	1.0	1.0	6.1	12
2026-09-07	TSEM	222.33999633789062	7.3	10	1.5	2.0	1.0	1.5	1.0	2.0	2.0	1.5	1.0	1.5	1.0	5.8	6	0.5	0.0	1.0	2.0	1.5	2.0	1.5	5	1.0	0.0	0.0	0.0	0.5	6.8	16
2026-09-07	TSEOQ	0.013000000268220901														4.2	4	1.0	1.0	1.0	1.0	0.0	1.0	6.5	4	2.0	2.0	0.0	1.0	1.5	4.2	4
2026-09-07	TSHA	5.599999904632568	5.5	9	2.0	2.0	1.0	0.5	1.0	1.0	0.5	1.0	0.0	2.0	1.0	4.2	4	1.0	1.0	1.0	0.5	0.5	1.0	3.0	5	1.0	0.0	0.0	0.0	2.0	5.1	13
2026-09-07	TSLA	354.0799865722656	5.5	10	1.5	1.5	1.0	2.0	0.0	1.0	0.5	1.0	0.5	1.0	2.0	3.3	6	0.0	0.0	1.0	0.0	1.0	2.0	4.0	5	2.0	0.5	1.0	0.0	0.5	4.8	16
2026-09-07	TSLA.24-7	354.0799865722656														4.2	5	0.0	1.0	1.0	0.0	1.0	2.0	4.0	5	2.0	0.5	1.0	0.0	0.5	4.2	5
2026-09-07	TSLA.EUR	354.0799865722656	5.5	10	1.5	1.5	1.0	2.0	0.0	1.0	0.5	1.0	0.5	1.0	2.0	3.3	6	0.0	0.0	1.0	0.0	1.0	2.0	4.0	5	2.0	0.5	1.0	0.0	0.5	4.8	16
2026-09-07	TSLX	18.3799991607666	6.4	9	2.0	1.0	1.0	1.0	1.0	2.0	1.5	1.0	1.0	1.5	1.0	6.7	6	1.5	2.0	1.0	1.5	2.0	0.0	4.0	5	0.5	0.5	0.0	1.0	2.0	6.5	15
2026-09-07	TSM	428.9100036621094	8.2	10	2.0	2.0	1.0	2.0	2.0	1.5	1.5	1.5	2.0	0.5	2.0	7.5	6	2.0	0.0	1.0	2.0	2.0	2.0	2.5	5	1.5	0.5	0.0	0.0	0.5	8.0	16
2026-09-07	TSN	51.41999816894531	6.8	9	2.0	2.0	1.0	1.5	0.0	2.0	2.0	1.0	0.5	2.0	1.0	3.3	6	1.5	0.0	1.0	0.0	1.0	0.5	3.5	5	0.0	1.5	1.0	0.5	0.5	5.8	15
2026-09-07	TSPH	0.15029999613761902														4.6	2	1.0	1.0	1.0	1.0	0.5	1.0	4.0	5	1.0	1.5	0.0	0.0	1.5	4.6	2
2026-09-07	TSSI	8.420000076293945	7.0	9	1.5	2.0	1.0	0.5	0.0	2.0	2.0	1.0	2.0	1.5	2.0	5.0	5	2.0	1.0	1.0	1.0	1.0	0.0	4.5	5	2.0	1.0	0.0	0.5	1.0	6.4	14
2026-09-07	TT	447.8999938964844	8.0	10	1.5	2.0	1.0	2.0	1.0	2.0	1.5	1.5	2.0	2.0	1.0	5.4	6	1.0	0.0	1.0	1.5	1.5	1.5	2.0	5	1.0	0.0	0.0	0.5	0.5	7.2	16
2026-09-07	TTALO.HE	7.929999828338623														4.2	5	1.5	1.0	1.0	0.0	1.0	0.5	2.0	4	0.0	0.0	0.0	1.0	1.0	4.2	5
2026-09-07	TTAM	15.470000267028809	5.7	9	1.5	2.0	1.0	0.5	0.0	1.5	1.0	1.0	1.5	0.5	2.0	5.8	6	1.0	1.0	1.0	1.5	1.5	1.0	4.0	4	1.0	0.5	0.0	0.5	2.0	5.7	15
2026-09-07	TTAN	87.91999816894531	6.6	10	2.0	1.5	1.0	0.5	2.0	1.5	2.0	1.0	0.0	2.0	1.0	5.0	5	1.0	1.0	1.0	1.0	0.0	2.0	2.0	4	1.0	0.0	0.0	0.0	1.0	6.1	15
2026-09-07	TTC	93.33000183105469	7.7	10	1.5	1.5	1.0	1.5	1.0	2.0	1.5	1.0	2.0	2.0	2.0	5.0	6	1.5	0.0	1.5	1.0	1.0	1.0	4.5	5	0.5	0.5	1.0	1.0	1.5	6.9	16
2026-09-07	TTD	14.430000305175781	3.9	10	1.0	0.5	1.0	0.0	0.0	0.0	0.5	0.0	1.5	2.0	2.0	4.2	6	1.5	0.0	1.0	0.0	1.5	1.0	3.5	5	1.0	1.5	0.0	0.0	1.0	4.0	16
2026-09-07	TTE	88.58999633789062	6.8	10	1.5	1.5	1.0	2.0	2.0	2.0	1.5	0.0	1.0	1.5	1.0	7.1	5	2.0	1.0	1.0	1.5	1.0	2.0	3.0	5	0.0	1.0	1.0	0.5	0.5	6.9	15
2026-09-07	TTE.PA	76.0999984741211	7.0	9	1.5	1.5	1.0	1.0	2.0	2.0	1.0	2.0	1.0	1.5	1.0	7.5	5	2.0	1.0	1.0	2.0	1.0	2.0	2.5	4	0.0	1.0	0.0	0.5	1.0	7.1	14
2026-09-07	TTEC	1.3799999952316284														3.3	5	2.0	1.0	1.0	0.0	0.0	0.0	7.0	5	1.0	2.0	0.0	2.0	2.0	3.3	5
2026-09-07	TTEK	35.90999984741211	7.3	10	1.5	1.5	1.0	1.5	2.0	1.5	1.5	1.0	1.5	2.0	1.0	6.2	6	1.0	2.0	1.0	1.5	1.5	0.5	2.5	5	1.0	0.0	0.0	0.5	1.0	7.0	16
2026-09-07	TTG.L	151.39999389648438	5.7	8	1.0	0.5	1.0	1.0	1.5	1.5	1.0	1.0	0.0	2.0	2.0	5.0	4	2.0	1.0	1.0	1.0	0.5	0.5	5.5	3	1.0	1.0	2.0	0.5	1.0	5.5	12
2026-09-07	TTI	6.909999847412109	6.6	10	1.5	2.0	1.0	1.0	0.0	1.5	2.0	1.0	0.5	2.0	2.0	5.0	6	1.0	2.0	1.0	0.0	1.0	1.0	3.5	5	1.5	0.5	0.0	0.5	1.0	6.1	16
2026-09-07	TTK.DE	2.9800000190734863														4.2	4	1.5	1.0	1.0	1.0	0.0	0.5	3.5	4	0.5	0.5	1.0	0.5	1.0	4.2	4
2026-09-07	TTMI	125.5999984741211	7.7	9	2.0	2.0	1.0	1.5	1.0	2.0	1.5	1.0	1.0	2.0	2.0	7.5	6	2.0	1.0	1.0	2.0	1.0	2.0	2.5	5	2.0	0.0	0.0	0.5	0.0	7.6	15
2026-09-07	TTO.DE	0.14300000667572021														4.2	2	1.0	1.0	1.0	1.0	0.5	0.5	4.5	2	0.0	1.5	1.0	1.0	1.0	4.2	2
2026-09-07	TTR1.DE	28.899999618530273														5.4	4	2.0	1.0	1.0	1.0	1.0	0.5	1.5	4	0.5	0.0	0.0	0.0	1.0	5.4	4
2026-09-07	TTST.L	20.200000762939453														6.2	4	2.0	1.0	1.0	1.0	1.0	1.5	3.5	4	1.0	0.5	0.0	1.0	1.0	6.2	4
2026-09-07	TTWO	214.69000244140625	5.5	10	2.0	2.0	1.0	1.5	0.0	1.5	0.0	1.0	0.0	2.0	1.0	2.5	6	0.5	0.0	1.0	0.0	0.5	1.0	3.5	5	1.0	0.5	0.0	1.0	1.0	4.6	16
2026-09-07	TU	9.670000076293945	3.4	8	1.0	1.5	1.0	1.0	0.0	1.0	0.0	1.0	0.0	1.0	0.0	4.6	6	1.5	2.0	1.0	0.0	0.5	0.5	5.0	5	0.5	1.5	0.0	1.5	1.5	3.8	14
2026-09-07	TUB.BR	178.6999969482422														5.0	3	1.5	1.0	1.0	1.0	0.5	1.0	2.5	3	0.0	0.5	0.0	1.0	1.0	5.0	3
2026-09-07	TUI1.DE	6.877999782562256	5.0	8	1.0	2.0	1.0	1.0	0.0	1.5	0.5	1.0	2.0	1.0	0.0	4.2	5	1.5	1.0	1.0	0.0	1.0	0.5	4.5	4	1.5	0.5	0.0	1.5	1.0	4.8	13
2026-09-07	TV	2.630000114440918	4.8	8	0.5	0.5	1.0	1.0	0.0	2.0	2.0	1.0	0.0	0.5	2.0	1.2	6	0.0	0.0	1.0	0.0	0.0	0.5	2.5	5	1.0	0.5	0.0	0.5	0.5	3.7	14
2026-09-07	TVRD	1.909999966621399	4.8	9	1.5	2.0	1.0	2.0	0.0	0.0	0.5	1.0	0.0	0.5	2.0	3.8	4	1.0	1.0	1.0	0.0	0.5	1.0	3.0	4	1.0	2.0	0.0	0.0	0.0	4.5	13
2026-09-07	TVTX	65.27999877929688	6.6	9	2.0	1.5	1.0	0.5	2.0	1.5	2.0	1.0	0.0	2.0	1.0	4.6	5	1.0	1.0	1.0	0.0	0.5	2.0	6.0	5	1.0	1.5	0.0	2.0	1.5	6.0	14
2026-09-07	TW	106.19999694824219	6.4	10	1.5	1.5	1.0	1.5	1.0	1.0	1.5	1.0	1.0	2.0	1.0	5.0	6	1.0	0.0	1.0	1.0	2.0	1.0	1.0	5	0.5	0.0	0.0	0.0	0.5	6.0	16
2026-09-07	TW.L	82.73999786376953	6.8	8	2.0	2.0	1.0	1.0	1.0	2.0	1.0	1.5	1.0	1.5	1.0	5.8	4	2.0	1.0	1.0	1.0	1.0	1.0	3.0	4	1.5	0.5	0.0	0.0	1.0	6.5	12
2026-09-07	TWE.ASX	5.579999923706055	6.4	7	1.5	1.5	1.0	1.0	2.0	1.5	1.0	1.0	0.0	1.5	2.0	3.3	4	0.5	1.0	1.0	1.0	0.0	0.5	1.5	4	0.0	0.0	0.0	0.5	1.0	5.5	11
2026-09-07	TWEKA.NV	50.75	7.3	8	1.5	2.0	1.0	1.0	2.0	2.0	1.0	1.5	1.0	1.0	2.0	6.2	4	2.0	1.0	1.0	1.0	1.0	1.5	3.5	4	1.0	1.0	0.0	0.5	1.0	7.0	12
2026-09-07	TWLO	232.97999572753906	7.7	10	2.0	1.5	1.0	1.5	2.0	1.5	2.0	1.5	1.0	2.0	1.0	7.1	6	2.0	0.0	1.0	1.5	2.0	2.0	3.0	5	1.5	1.0	0.0	0.0	0.5	7.5	16
2026-09-07	TWO	12.180000305175781	4.8	9	0.5	1.0	1.0	1.0	1.0	2.0	1.0	1.0	0.0	2.0	0.0	6.7	6	0.5	1.0	2.0	2.0	0.5	2.0	5.5	5	1.0	0.0	2.0	2.0	0.5	5.4	15
2026-09-07	TWST	124.72000122070312	5.5	10	2.0	0.5	1.0	0.0	2.0	2.0	0.0	0.5	0.0	2.0	2.0	4.2	4	1.0	0.0	1.0	1.0	0.0	2.0	4.0	5	2.0	0.5	0.0	0.0	1.5	5.1	14
2026-09-07	TX	58.0	6.1	10	1.5	1.0	1.0	2.0	1.5	1.5	0.0	2.0	0.5	0.5	2.0	6.7	6	2.0	1.0	1.0	2.0	1.0	1.0	3.0	5	1.0	2.0	0.0	0.0	0.0	6.3	16
2026-09-07	TXG	62.650001525878906	5.7	10	1.5	0.5	1.0	0.5	2.0	1.0	2.0	1.0	0.0	2.0	1.0	3.3	5	1.0	0.0	1.0	2.0	0.0	0.0	4.5	5	2.0	1.5	0.0	0.0	1.0	5.0	15
2026-09-07	TXN	258.44000244140625	7.0	9	1.5	2.0	1.0	1.5	1.0	1.0	1.5	1.0	2.0	2.0	1.0	7.5	6	2.0	0.0	1.0	2.0	2.0	2.0	2.5	5	1.5	0.0	0.0	0.5	0.5	7.1	15
2026-09-07	TXNM	58.0	5.5	9	1.5	1.5	1.0	1.0	1.0	2.0	0.0	1.0	1.0	2.0	0.0	3.3	6	0.5	0.0	1.0	0.5	1.0	1.0	3.0	5	0.0	0.0	0.0	1.5	1.5	4.8	15
2026-09-07	TXRH	189.55999755859375	6.4	10	1.5	1.5	1.0	1.5	1.0	2.0	0.5	1.0	2.0	2.0	0.0	7.1	6	1.0	2.0	1.0	2.0	1.0	1.5	1.5	5	0.5	0.0	0.0	0.5	0.5	6.6	16
2026-09-07	TXT	79.06999969482422	7.0	10	1.0	2.0	1.0	1.5	0.0	2.0	1.5	1.5	1.0	2.0	2.0	4.2	6	2.0	0.0	1.0	0.0	1.0	1.0	4.0	5	1.0	1.5	0.0	0.5	1.0	6.2	16
2026-09-07	TYL	364.0299987792969	7.0	9	2.0	1.5	1.0	0.5	2.0	1.5	1.0	1.0	1.0	2.0	2.0	5.4	6	1.0	0.0	1.0	2.0	1.5	1.0	3.0	5	1.0	0.5	0.0	0.5	1.0	6.5	15
2026-09-07	TYRA	28.649999618530273	5.0	10	2.0	2.0	1.0	0.0	0.0	1.5	0.5	1.0	0.0	2.0	1.0	5.4	4	1.0	2.0	2.0	0.0	0.5	1.0	4.5	5	0.5	0.0	2.0	0.0	2.0	5.1	14
2026-09-07	TYRES.HE	16.290000915527344														6.2	5	1.0	1.0	1.0	2.0	1.0	1.5	4.5	4	1.5	1.5	0.0	0.5	1.0	6.2	5
2026-09-07	TZOO	6.25	4.3	8	1.5	2.0	1.0	1.0	0.0	1.0	0.0	1.0	1.0	1.0	0.0	4.2	5	1.5	1.0	1.0	0.0	1.0	0.5	4.5	4	1.5	1.0	0.0	1.0	1.0	4.3	13
2026-09-07	U	41.65999984741211	7.7	10	2.0	1.5	1.0	1.0	2.0	1.5	2.0	2.0	0.0	2.0	2.0	5.8	5	1.0	1.0	1.0	2.0	0.0	2.0	3.5	5	2.0	0.5	0.0	0.5	0.5	7.1	15
2026-09-07	UA	5.119999885559082														4.6	4	1.5	1.0	1.0	1.0	0.5	0.5	4.5	5	1.5	0.5	0.0	1.0	1.5	4.6	4
2026-09-07	UAA	5.25	5.0	9	1.0	1.5	1.0	0.0	0.0	0.5	2.0	1.0	0.0	2.0	2.0	4.6	6	1.5	2.0	1.0	0.0	0.5	0.5	4.0	5	1.5	0.5	0.0	1.0	1.0	4.9	15
2026-09-07	UAL	111.37999725341797	6.6	10	2.0	2.0	1.0	1.0	1.0	1.5	1.5	1.0	1.5	2.0	0.0	6.2	6	0.0	2.0	1.0	2.0	1.0	1.5	4.0	5	1.5	0.0	0.0	1.5	1.0	6.5	16
2026-09-07	UAMY	5.199999809265137	4.5	9	1.5	2.0	1.0	0.0	0.0	2.0	0.0	1.0	0.0	1.5	1.0	1.7	5	1.0	0.0	1.0	0.0	0.0	0.0	2.5	5	0.0	1.5	0.0	0.0	1.0	3.7	14
2026-09-07	UAVS	1.059999942779541														3.3	3	1.0	1.0	1.0	1.0	0.0	0.0	3.5	5	2.0	1.0	0.0	0.0	0.5	3.3	3
2026-09-07	UBER	75.76000213623047	7.0	10	2.0	2.0	1.0	1.5	1.0	1.5	2.0	0.5	2.0	2.0	0.0	6.7	6	0.0	2.0	1.0	2.0	1.5	1.5	2.5	5	1.0	0.5	0.0	0.5	0.5	6.9	16
2026-09-07	UBI.PA	4.855000019073486	5.2	7	1.0	1.0	1.0	1.0	0.0	2.0	1.0	1.0	0.0	1.5	2.0	2.9	4	0.5	1.0	1.0	1.0	0.0	0.0	3.0	4	0.0	1.0	0.0	1.0	1.0	4.5	11
2026-09-07	UBK.DE	3.8299999237060547														4.6	4	1.5	1.0	1.0	1.0	1.0	0.0	2.5	3	0.5	0.0	0.0	1.0	1.0	4.6	4
2026-09-07	UBS	55.380001068115234	6.8	9	1.5	1.0	1.0	2.0	2.0	1.0	2.0	1.0	1.0	1.5	1.0	5.8	5	2.0	0.0	1.0	1.0	1.5	1.5	4.5	4	1.0	1.5	0.0	1.0	1.0	6.5	14
2026-09-07	UBSG.ZU	44.810001373291016	6.4	8	1.5	1.0	1.0	1.0	2.0	1.0	2.0	1.0	1.0	1.5	1.0	6.7	6	2.0	0.0	1.0	2.0	1.5	1.5	5.0	3	1.0	2.0	0.0	1.0	1.0	6.5	14
2026-09-07	UBSI	47.83000183105469	7.0	8	1.5	1.0	1.0	1.5	2.0	2.0	1.5	1.0	1.0	2.0	1.0	7.1	6	1.0	2.0	1.0	1.5	2.0	1.0	3.5	4	0.5	1.0	0.0	1.0	1.0	7.0	14
2026-09-07	UCB	35.63999938964844	7.0	9	1.5	1.5	1.0	1.5	2.0	2.0	1.0	1.0	1.0	2.0	1.0	6.2	6	1.0	1.0	1.0	0.5	2.0	2.0	4.0	4	1.0	1.0	0.0	1.0	1.0	6.8	15
2026-09-07	UCB.BR	210.60000610351562														7.1	4	1.5	1.0	1.0	1.0	2.0	2.0	2.5	4	0.0	1.0	0.0	0.5	1.0	7.1	4
2026-09-07	UCG.MI	83.66999816894531	7.3	8	2.0	1.5	1.0	1.0	2.0	2.0	1.5	1.0	1.5	1.5	1.0	6.7	5	2.0	1.0	1.0	1.5	2.0	0.5	4.5	3	1.0	1.5	0.0	1.0	1.0	7.1	13
2026-09-07	UCTT	72.43000030517578	7.0	9	2.0	2.0	1.0	1.0	1.0	1.5	2.0	1.0	0.0	2.0	2.0	6.2	6	2.0	0.0	1.0	2.0	0.5	2.0	3.5	5	2.0	0.0	0.0	1.0	0.5	6.8	15
2026-09-07	UDR	36.380001068115234	5.9	10	1.0	1.5	1.0	1.5	0.0	2.0	2.0	1.0	1.0	2.0	0.0	4.6	6	0.0	0.0	1.0	2.0	2.0	0.5	2.5	5	0.5	0.0	0.0	1.5	0.5	5.5	16
2026-09-07	UE	20.979999542236328	5.7	9	1.5	1.5	1.0	1.0	0.0	2.0	1.5	1.0	1.0	2.0	0.0	5.0	6	0.5	2.0	1.0	0.0	1.5	1.0	3.0	5	1.0	0.0	0.0	1.0	1.0	5.5	15
2026-09-07	UEC	11.539999961853027	5.2	9	2.0	2.0	1.0	0.5	1.0	1.0	0.0	1.0	0.0	2.0	1.0	4.2	5	1.5	0.0	1.0	1.0	0.5	1.0	3.5	5	1.5	0.5	0.0	0.0	1.5	4.9	14
2026-09-07	UEIC	4.710000038146973	6.8	9	1.0	1.5	1.0	2.0	1.0	2.0	2.0	1.0	0.0	1.5	2.0	3.8	5	2.0	1.0	1.0	0.0	0.5	0.0	1.5	5	1.0	0.0	0.0	0.0	0.5	5.9	14
2026-09-07	UFCS	55.97999954223633	7.0	9	1.5	1.0	1.0	1.5	2.0	2.0	2.0	1.0	1.5	2.0	0.0	5.0	6	1.5	1.0	1.0	0.0	1.0	1.5	3.5	5	0.5	2.0	0.0	0.0	1.0	6.4	15
2026-09-07	UFI	7.119999885559082														3.8	5	0.0	1.0	1.0	1.0	0.5	1.0	2.0	5	0.5	0.5	0.0	0.5	0.5	3.8	5
2026-09-07	UFPI	84.37999725341797	5.9	9	1.5	2.0	1.0	1.5	0.0	2.0	0.0	1.0	1.0	2.0	1.0	3.3	6	0.5	0.0	1.0	0.5	1.0	1.0	3.5	5	1.5	1.0	0.0	0.0	1.0	5.1	15
2026-09-07	UFPT	288.7900085449219														5.0	5	0.5	1.0	1.0	0.5	1.5	1.5	2.5	5	1.0	0.5	0.0	0.0	1.0	5.0	5
2026-09-07	UGI	37.939998626708984	6.6	10	1.5	1.5	1.0	1.0	2.0	2.0	0.5	1.0	1.0	2.0	1.0	2.1	6	0.0	0.0	1.0	0.0	1.0	0.5	4.0	5	1.0	0.5	0.0	1.0	1.5	5.2	16
2026-09-07	UGP	7.28000020980835	6.8	10	1.5	0.0	1.0	2.0	1.5	2.0	2.0	1.5	1.5	0.0	2.0	7.5	5	2.0	1.0	1.0	2.0	1.0	2.0	3.0	5	0.0	2.0	0.0	1.0	0.0	7.0	15
2026-09-07	UHAL	67.19000244140625	5.2	9	1.5	2.0	1.0	0.5	1.0	2.0	0.0	1.0	0.5	1.0	1.0	5.0	5	1.0	1.0	1.0	1.0	1.0	1.0	3.5	5	1.0	0.5	0.0	1.0	1.0	5.1	14
2026-09-07	UHAL.B		6.1	3	1.5	2.0	1.0	1.0	1.0	2.0	1.0	1.0	1.0	1.0	1.0	5.0	1	1.0	1.0	1.0	1.0	1.0	1.0								5.8	4
2026-09-07	UHR.ZU	185.1999969482422	3.9	8	0.5	0.5	1.0	1.0	0.0	0.5	1.0	1.5	0.5	1.0	1.0	5.8	4	2.0	1.0	1.0	1.0	1.0	1.0	2.0	4	1.0	0.0	0.0	0.0	1.0	4.5	12
2026-09-07	UHS	169.64999389648438	6.1	10	1.5	1.5	1.0	1.0	1.0	1.0	1.5	0.5	1.5	2.0	1.0	5.4	6	1.5	2.0	1.0	0.0	1.0	1.0	2.5	5	1.0	0.5	0.0	0.5	0.5	5.9	16
2026-09-07	UI	579.6599731445312	6.4	9	1.0	2.0	1.0	1.0	1.0	1.0	2.0	1.0	2.0	0.0	2.0	8.8	6	1.5	2.0	1.0	2.0	2.0	2.0	3.5	5	1.5	1.0	0.0	0.0	1.0	7.1	15
2026-09-07	UIE.CO	399.5														5.4	4	1.0	1.0	1.0	1.0	1.5	1.0	2.5	4	0.0	1.5	0.0	0.0	1.0	5.4	4
2026-09-07	UIS	2.619999885559082	5.7	8	1.5	2.0	1.0	1.0	0.0	2.0	0.0	1.0	1.0	2.0	1.0	2.9	6	2.0	0.0	1.0	0.0	0.0	0.5	6.0	4	2.0	0.5	1.0	1.0	1.5	4.9	14
2026-09-07	UJO.L	3.0														4.2	4	2.0	1.0	1.0	1.0	0.0	0.0	2.5	3	0.0	0.5	0.0	1.0	1.0	4.2	4
2026-09-07	UL.US	64.19999694824219	6.4	7	2.0	1.5	1.0	1.0	2.0	2.0	1.0	1.0	2.0	0.5	0.0	5.4	5	0.0	2.0	1.0	1.0	1.5	1.0	1.5	5	0.0	0.0	0.0	1.5	0.0	6.1	12
2026-09-07	ULBI	6.130000114440918														3.8	4	0.5	1.0	1.0	1.0	0.5	0.5	2.0	5	1.0	0.0	0.0	0.5	0.5	3.8	4
2026-09-07	ULC.DE	1.034999966621399														5.4	4	2.0	1.0	1.0	1.0	1.0	0.5	4.0	4	0.5	1.0	0.0	1.5	1.0	5.4	4
2026-09-07	ULCC	5.960000038146973	4.8	9	0.5	1.5	1.0	0.0	1.0	2.0	2.0	1.0	0.0	1.5	0.0	5.4	5	1.0	0.0	1.0	2.0	0.5	2.0	5.0	5	2.0	0.0	0.0	2.0	1.0	5.0	14
2026-09-07	ULH	19.010000228881836	5.0	9	1.0	0.5	1.0	0.5	2.0	2.0	1.5	1.0	0.0	0.5	1.0	2.9	5	0.5	1.0	1.0	0.0	0.5	0.5	3.0	5	0.5	0.0	0.0	1.0	1.5	4.4	14
2026-09-07	ULS	73.83000183105469	7.0	9	1.5	2.0	1.0	1.0	0.0	2.0	2.0	1.0	2.0	2.0	1.0	4.2	6	1.0	0.0	1.0	0.5	1.5	1.0	2.0	5	0.5	0.5	0.0	0.0	1.0	6.2	15
2026-09-07	ULTA	564.1199951171875	7.7	10	2.0	1.5	1.0	1.5	2.0	1.5	1.5	1.0	2.0	2.0	1.0	5.4	6	1.0	2.0	1.0	0.5	1.0	1.0	3.0	5	1.0	0.0	0.0	1.0	1.0	7.0	16
2026-09-07	ULTP.L	51.0	5.5	7	1.5	2.0	1.0	1.0	0.0	2.0	1.0	1.0	1.0	0.5	1.0	5.0	4	1.5	1.0	1.0	1.0	1.0	0.5	2.0	4	0.5	0.0	0.0	0.5	1.0	5.3	11
2026-09-07	ULVR.L	4763.0	5.9	8	1.0	1.0	1.0	1.0	2.0	2.0	1.0	0.5	2.0	1.5	0.0	4.6	4	0.0	1.0	1.0	1.0	1.5	1.0	2.5	4	0.0	0.0	0.0	1.5	1.0	5.5	12
2026-09-07	UMBF	143.75999450683594	7.0	8	2.0	1.5	1.0	1.0	1.0	2.0	2.0	1.0	1.0	2.0	1.0	6.7	6	0.5	2.0	1.0	1.0	2.0	1.5	3.5	4	0.5	1.0	0.0	1.0	1.0	6.9	14
2026-09-07	UMC	20.770000457763672	5.9	9	0.5	0.0	1.0	2.0	1.0	2.0	2.0	1.0	1.5	0.0	2.0	5.8	5	1.5	1.0	1.0	0.0	2.0	1.5	2.0	5	1.5	0.0	0.0	0.0	0.5	5.9	14
2026-09-07	UMD.DE	1.0800000429153442														4.2	3	1.0	1.0	1.0	1.0	0.5	0.5	3.5	4	1.0	1.5	0.0	0.0	1.0	4.2	3
2026-09-07	UMG.NV	14.244999885559082	4.1	8	2.0	2.0	1.0	1.0	0.0	0.0	1.0	0.0	1.0	1.0	0.0	4.6	5	1.0	1.0	1.0	0.5	1.0	1.0	5.0	4	0.5	2.0	0.0	1.5	1.0	4.2	13
2026-09-07	UMH	15.949999809265137	8.2	9	2.0	1.5	1.0	2.0	2.0	2.0	2.0	1.0	0.5	2.0	2.0	6.2	6	2.0	2.0	1.0	0.0	1.5	1.0	2.5	5	1.0	0.5	0.0	1.0	0.0	7.6	15
2026-09-07	UMI.BR	22.920000076293945														5.4	4	0.5	1.0	1.0	1.0	1.0	2.0	3.5	4	1.0	0.5	0.0	1.0	1.0	5.4	4
2026-09-07	UN0.DE	46.099998474121094	5.2	7	0.5	0.0	1.0	1.0	2.0	2.0	1.0	1.0	1.0	0.0	2.0	6.2	4	1.5	1.0	1.0	1.0	1.0	2.0	2.0	4	0.5	0.5	0.0	0.0	1.0	5.5	11
2026-09-07	UN9.DE	18.420000076293945														5.8	4	1.5	1.0	1.0	1.0	1.0	1.5	3.5	4	0.5	1.5	0.0	0.5	1.0	5.8	4
2026-09-07	UNA.NV	55.47999954223633	6.1	8	1.0	1.0	1.0	1.0	2.0	2.0	1.0	1.0	2.0	1.5	0.0	4.6	4	0.0	1.0	1.0	1.0	1.5	1.0	2.5	4	0.0	0.0	0.0	1.5	1.0	5.6	12
2026-09-07	UNF	275.1700134277344	6.1	9	1.0	1.0	1.0	1.0	1.0	2.0	1.5	1.0	1.0	2.0	1.0	4.6	6	1.0	0.0	1.0	1.5	1.0	1.0	3.5	5	0.5	1.0	1.0	0.0	1.0	5.6	15
2026-09-07	UNFI	43.93000030517578	6.6	9	1.5	2.0	1.0	1.0	1.0	2.0	2.0	1.0	0.0	2.0	1.0	3.8	6	1.5	0.0	1.0	1.0	0.5	0.5	4.5	5	1.0	0.0	1.0	1.5	1.0	5.8	15
2026-09-07	UNH	397.1400146484375	7.5	10	2.0	2.0	1.0	2.0	1.0	2.0	2.0	1.5	1.0	2.0	0.0	5.4	6	1.5	0.0	1.0	2.0	1.0	1.0	2.0	5	0.5	0.5	0.0	0.5	0.5	6.9	16
2026-09-07	UNI.MC	3.6480000019073486	4.8	8	0.5	0.5	1.0	1.0	2.0	2.0	1.0	0.0	1.0	0.5	1.0	6.7	5	1.5	1.0	1.0	1.5	2.0	1.0	4.0	3	0.0	2.0	0.0	1.0	1.0	5.4	13
2026-09-07	UNI.MI	28.420000076293945	6.4	7	1.5	1.5	1.0	1.0	2.0	2.0	1.0	1.0	1.5	0.5	1.0	7.1	4	2.0	1.0	1.0	1.0	1.5	2.0	3.5	4	0.5	1.5	0.0	0.5	1.0	6.6	11
2026-09-07	UNIT	10.170000076293945	5.5	9	1.0	0.5	1.0	0.5	1.0	1.5	2.0	0.5	1.0	2.0	1.0	6.7	6	2.0	1.0	1.0	0.0	2.0	2.0	5.0	5	1.5	0.0	0.0	2.0	1.5	5.9	15
2026-09-07	UNITED.HE	24.5														5.8	4	1.0	1.0	1.0	1.0	2.0	1.0	2.5	4	0.0	0.5	1.0	0.0	1.0	5.8	4
2026-09-07	UNM	95.8499984741211	6.8	9	1.5	1.5	1.0	1.5	2.0	1.5	1.0	1.0	1.0	2.0	1.0	4.2	6	1.5	0.0	1.0	0.5	1.0	1.0	2.5	5	0.0	1.5	0.0	0.5	0.5	6.0	15
2026-09-07	UNP	289.6199951171875	6.6	9	1.5	1.5	1.0	1.5	1.0	1.5	1.5	1.0	2.0	2.0	0.0	7.1	6	0.5	2.0	1.0	1.5	2.0	1.5	4.5	5	1.0	0.5	0.0	1.5	1.5	6.7	15
2026-09-07	UONE	4.730000019073486														3.8	4	1.5	1.0	0.5	1.0	0.0	0.5	6.5	5	0.0	2.0	1.0	2.0	1.5	3.8	4
2026-09-07	UP	4.360000133514404														3.8	3	1.0	1.0	1.0	1.0	0.0	0.5	6.5	4	2.0	2.0	0.0	1.0	1.5	3.8	3
2026-09-07	UPB	6.010000228881836	5.0	9	2.0	2.0	1.0	0.5	0.0	0.0	1.5	1.0	0.0	2.0	1.0	4.2	5	1.0	2.0	1.0	0.5	0.5	0.0	4.5	4	1.0	2.0	0.0	0.0	1.5	4.8	14
2026-09-07	UPBD	18.979999542236328	5.9	9	1.5	1.5	1.0	0.5	0.0	2.0	1.5	1.0	1.0	2.0	1.0	5.4	6	1.5	2.0	1.0	0.0	1.0	1.0	5.0	5	1.5	0.5	0.0	1.5	1.5	5.8	15
2026-09-07	UPLD	3.700000047683716	5.0	9	1.5	2.0	1.0	1.5	0.0	1.0	2.0	1.0	0.0	1.0	0.0	3.3	5	1.5	1.0	1.0	0.0	0.0	0.5	7.5	5	1.5	2.0	1.0	2.0	1.0	4.5	14
2026-09-07	UPM.HE	24.239999771118164														3.3	5	0.0	1.0	1.0	0.0	1.0	1.0	1.5	4	0.0	0.0	0.0	0.5	1.0	3.3	5
2026-09-07	UPP.AE	0.5669999718666077														5.8	4	0.0	1.0	1.0	1.0	2.0	2.0	4.0	4	0.5	1.5	1.0	0.0	1.0	5.8	4
2026-09-07	UPS	102.29000091552734	6.6	10	1.5	1.5	1.0	1.5	0.0	1.0	2.0	1.0	2.0	2.0	1.0	3.8	6	1.5	0.0	1.0	0.0	1.0	1.0	3.5	5	1.0	0.0	0.0	1.5	1.0	5.8	16
2026-09-07	UPST	28.049999237060547	4.8	10	1.5	2.0	1.0	0.0	0.0	1.0	1.0	0.5	1.0	1.5	1.0	3.3	6	0.0	0.0	1.0	0.0	1.0	2.0	6.5	5	2.0	1.5	0.0	2.0	1.0	4.3	16
2026-09-07	UPWK	8.789999961853027	5.9	9	1.5	1.5	1.0	0.0	0.0	1.5	2.0	1.0	1.5	2.0	1.0	5.0	6	2.0	1.0	1.0	0.0	1.5	0.5	4.0	5	1.0	1.5	0.0	0.5	1.0	5.6	15
2026-09-07	UPXI	1.0700000524520874														7.1	5	2.0	1.0	1.0	2.0	0.5	2.0	4.5	4	0.0	1.5	0.0	1.0	2.0	7.1	5
2026-09-07	URBN	80.97000122070312	7.5	9	1.5	1.5	1.0	0.5	2.0	1.5	2.0	1.0	1.5	2.0	2.0	6.2	6	1.5	1.0	1.0	1.5	1.0	1.5	4.5	5	1.5	1.0	0.0	0.5	1.5	7.1	15
2026-09-07	URG	1.399999976158142	5.2	9	2.0	2.0	1.0	0.5	1.0	1.0	0.0	1.0	0.0	2.0	1.0	5.8	5	1.0	1.0	1.0	2.0	0.0	2.0	4.0	5	1.0	0.5	0.0	1.0	1.5	5.4	14
2026-09-07	URGN	44.09000015258789	6.6	8	2.0	2.0	1.0	0.5	2.0	1.0	1.0	1.0	1.0	2.0	1.0	5.0	5	1.0	0.0	1.0	2.0	0.0	2.0	4.5	4	1.5	1.0	0.0	1.0	1.0	6.1	13
2026-09-07	URI	1009.8599853515625	6.8	9	2.0	2.0	1.0	1.5	1.0	1.5	1.0	1.0	2.0	2.0	0.0	5.8	6	1.5	0.0	1.0	1.5	1.5	1.5	3.5	5	1.5	0.0	0.0	1.5	0.5	6.5	15
2026-09-07	UROY	4.440000057220459	6.6	8	1.5	1.0	1.0	1.0	2.0	2.0	2.0	1.0	1.5	0.5	1.0	6.7	4	1.0	1.0	1.0	1.0	2.0	2.0	2.0	5	1.5	0.0	0.0	0.0	0.5	6.6	12
2026-09-07	URW.PA	97.13999938964844	5.5	8	1.5	2.0	1.0	1.0	0.0	2.0	1.0	1.5	1.0	1.0	0.0	5.4	4	1.0	1.0	1.0	1.0	2.0	0.5	3.5	4	1.5	0.0	0.0	1.0	1.0	5.5	12
2026-09-07	USAC	27.270000457763672	6.6	9	1.0	1.5	1.0	1.5	2.0	2.0	0.5	1.0	2.0	1.0	1.0	5.8	6	0.5	0.0	1.0	2.0	1.5	2.0	3.5	5	0.0	0.0	0.0	2.0	1.5	6.4	15
2026-09-07	USAR	17.610000610351562	4.8	10	2.0	2.0	1.0	0.5	0.0	1.5	0.0	1.0	0.0	1.5	1.0	6.2	4	1.0	2.0	1.0	2.0	0.5	1.0	4.5	5	2.0	1.0	1.0	0.0	0.5	5.2	14
2026-09-07	USB	63.369998931884766	7.5	8	1.5	1.5	1.0	2.0	2.0	2.0	1.5	1.0	1.0	2.0	1.0	5.4	6	1.0	0.0	1.0	1.0	2.0	1.5	3.0	4	1.0	1.0	0.0	1.0	0.0	6.9	14
2026-09-07	USEA	3.0399999618530273	5.2	9	1.5	2.0	1.0	0.5	1.5	2.0	2.0	1.0	0.0	0.0	0.0	5.4	4	1.0	1.0	2.0	2.0	0.5	0.0	7.5	5	0.5	1.5	2.0	1.5	2.0	5.3	13
2026-09-07	USFD	104.04000091552734	7.5	9	2.0	1.5	1.0	1.0	2.0	2.0	1.5	1.0	1.5	2.0	1.0	6.7	6	2.0	2.0	1.0	1.0	1.0	1.0	4.0	5	1.0	1.0	0.0	1.0	1.0	7.3	15
2026-09-07	USLM	116.69000244140625														5.4	5	1.0	1.0	1.0	0.5	2.0	1.0	2.0	5	0.5	0.0	0.0	0.0	1.5	5.4	5
2026-09-07	USNA	14.960000038146973														4.2	5	2.0	1.0	1.0	0.0	0.5	0.5	3.5	4	0.5	1.0	0.0	1.0	1.0	4.2	5
2026-09-07	USPH	79.3499984741211	6.4	10	1.5	1.5	1.0	0.5	2.0	2.0	0.5	1.0	1.0	2.0	1.0	4.2	6	0.5	1.0	1.0	0.5	1.0	1.0	2.5	5	1.0	0.0	0.0	0.5	1.0	5.7	16
2026-09-07	UTDI.DE	27.239999771118164	6.1	8	2.0	1.5	1.0	1.0	1.5	2.0	2.0	1.0	1.0	0.5	0.0	5.0	4	1.0	1.0	1.0	1.0	1.0	1.0	2.0	4	0.0	0.0	0.0	1.0	1.0	5.8	12
2026-09-07	UTG.L	490.3999938964844	3.6	8	0.5	0.5	1.0	1.0	0.0	2.0	1.0	0.0	0.0	2.0	0.0	4.2	4	0.5	1.0	1.0	1.0	0.0	1.5	5.5	4	1.0	1.0	2.0	0.5	1.0	3.8	12
2026-09-07	UTHR	487.6099853515625	6.1	10	1.5	2.0	1.0	1.0	0.0	1.5	1.0	1.0	1.5	2.0	1.0	5.4	6	1.0	2.0	1.0	0.0	2.0	0.5	2.5	4	0.5	0.0	0.0	1.0	1.0	5.9	16
2026-09-07	UTI	22.200000762939453	6.4	9	2.0	2.0	1.0	0.5	0.0	1.5	2.0	1.0	1.0	2.0	1.0	5.0	6	1.0	2.0	1.0	0.0	1.0	1.0	4.5	5	1.0	1.5	0.0	1.0	1.0	6.0	15
2026-09-07	UTL	53.709999084472656	6.1	9	1.0	1.0	1.0	1.5	1.0	2.0	2.0	1.0	1.0	2.0	0.0	5.0	6	0.5	2.0	1.0	0.0	1.0	1.5	3.0	5	0.0	0.5	0.0	1.0	1.5	5.8	15
2026-09-07	UTMD	71.0999984741211														4.2	4	0.0	1.0	1.0	1.0	2.0	0.0	1.5	5	0.0	0.5	0.0	0.0	1.0	4.2	4
2026-09-07	UTZ	14.210000038146973	5.7	9	1.0	1.0	1.0	1.0	1.5	2.0	1.0	1.0	0.0	2.0	1.0	5.4	5	1.0	2.0	1.0	1.0	0.5	1.0	3.5	5	0.5	2.0	0.0	0.5	0.5	5.6	14
2026-09-07	UU.L	1362.0	7.3	8	1.5	1.0	1.0	1.0	1.0	2.0	1.0	1.5	2.0	2.0	2.0	7.1	4	1.5	1.0	1.0	1.0	2.0	2.0	4.0	4	0.5	0.5	0.0	2.0	1.0	7.2	12
2026-09-07	UUUU	14.470000267028809	5.2	10	2.0	2.0	1.0	0.0	1.0	1.0	0.0	1.5	0.0	2.0	1.0	3.3	5	1.0	0.0	1.0	0.0	0.0	2.0	4.5	5	1.5	0.5	0.0	1.0	1.5	4.6	15
2026-09-07	UVE	44.13999938964844	7.0	9	1.0	1.0	1.0	1.5	2.0	2.0	2.0	1.0	2.0	2.0	0.0	7.1	6	2.0	1.0	1.0	2.0	1.5	1.0	2.5	5	0.5	1.5	0.0	0.0	0.5	7.0	15
2026-09-07	UVSP	42.349998474121094	6.8	8	1.0	1.5	1.0	1.5	1.0	2.0	2.0	1.0	1.0	2.0	1.0	6.2	6	1.5	0.0	1.0	2.0	2.0	1.0	3.0	4	0.5	1.0	0.0	1.0	0.5	6.6	14
2026-09-07	UVV	45.61000061035156														2.5	5	0.0	1.0	1.0	0.0	1.0	0.0	4.0	5	0.5	1.0	0.0	1.0	1.5	2.5	5
2026-09-07	UWMC	1.4700000286102295	4.8	9	1.5	2.0	1.0	0.0	0.0	1.0	0.0	1.0	0.0	2.0	2.0	2.9	4	1.0	1.0	1.0	0.0	0.5	0.0	6.5	5	2.0	1.5	0.0	2.0	1.0	4.2	13
2026-09-07	UZU.DE	68.5999984741211														5.4	4	1.5	1.0	1.0	1.0	1.0	1.0	2.5	4	1.0	0.0	0.0	0.5	1.0	5.4	4
2026-09-07	V	375.07000732421875	7.7	10	2.0	1.5	1.0	2.0	2.0	2.0	1.5	1.0	2.0	2.0	0.0	7.1	6	1.0	2.0	1.0	1.0	2.0	1.5	3.0	5	0.5	1.0	0.0	0.5	1.0	7.5	16
2026-09-07	V3V.DE	2.940000057220459														4.2	4	0.5	1.0	1.0	1.0	0.5	1.0	5.0	4	0.5	1.5	0.0	2.0	1.0	4.2	4
2026-09-07	V6C.DE	5.300000190734863														4.6	4	1.0	1.0	1.0	1.0	0.0	1.5	3.0	4	1.0	0.0	0.0	1.0	1.0	4.6	4
2026-09-07	VABK	46.939998626708984														7.1	4	1.5	1.0	1.0	1.0	2.0	2.0	3.0	4	0.0	0.5	0.0	1.0	1.5	7.1	4
2026-09-07	VAC	106.62000274658203	5.7	9	1.5	1.5	1.0	0.5	2.0	1.0	1.0	1.0	0.0	2.0	1.0	4.6	5	1.0	0.0	1.0	2.0	0.5	1.0	5.0	5	1.5	0.5	0.0	2.0	1.0	5.4	14
2026-09-07	VAC.PA	1.8519999980926514														5.8	4	2.0	1.0	1.0	1.0	1.0	1.0	4.0	3	1.5	0.5	0.0	1.0	1.0	5.8	4
2026-09-07	VACN.ZU	612.5999755859375	6.8	8	1.5	1.5	1.0	1.0	1.0	1.5	1.0	1.5	2.0	1.0	2.0	5.4	4	1.0	1.0	1.0	1.0	2.0	0.5	3.5	4	1.5	0.5	0.0	0.5	1.0	6.4	12
2026-09-07	VAF.LS	1.0800000429153442														5.4	4	2.0	1.0	1.0	1.0	1.0	0.5	2.0	4	0.0	0.0	0.0	1.0	1.0	5.4	4
2026-09-07	VAIAS.HE	57.5														5.4	5	1.0	1.0	1.0	1.0	1.5	1.0	3.0	4	1.0	1.0	0.0	0.0	1.0	5.4	5
2026-09-07	VAL.US	86.73999786376953	7.5	10	1.0	0.5	1.0	0.5	2.0	2.0	2.0	1.5	2.0	2.0	2.0	5.0	6	2.0	1.0	1.0	0.0	2.0	0.0	2.5	5	1.0	0.0	0.0	0.5	1.0	6.8	16
2026-09-07	VALE	15.270000457763672	4.8	10	1.0	1.5	1.0	2.0	2.0	1.0	0.0	0.0	0.5	0.5	1.0	5.8	6	2.0	2.0	1.0	0.0	1.0	1.0	1.5	5	0.5	0.0	0.0	0.5	0.5	5.1	16
2026-09-07	VALMT.HE	28.6200008392334														5.8	5	1.0	1.0	1.0	2.0	1.0	1.0	3.0	4	1.0	0.5	0.0	0.5	1.0	5.8	5
2026-09-07	VALT.L	6425.0	7.5	8	1.5	1.5	1.0	1.0	2.0	2.0	1.0	2.0	2.0	1.5	1.0	7.1	4	1.5	1.0	1.0	1.0	2.0	2.0	2.0	4	1.0	0.0	0.0	0.0	1.0	7.4	12
2026-09-07	VALUE.NV	6.75														5.8	4	2.0	1.0	1.0	1.0	2.0	0.0	1.5	4	0.0	0.5	0.0	0.0	1.0	5.8	4
2026-09-07	VAN.BR	30.0														3.8	4	0.0	1.0	1.0	1.0	1.0	0.5	1.5	4	0.0	0.5	0.0	0.0	1.0	3.8	4
2026-09-07	VANI	1.4900000095367432	6.4	9	1.5	2.0	1.0	2.0	2.0	2.0	1.5	1.0	0.0	0.0	1.0	5.0	3	1.0	1.0	1.5	1.0	0.5	1.0	5.5	5	2.0	0.0	2.0	1.0	0.5	6.0	12
2026-09-07	VANQ.L	82.80000305175781	5.7	7	1.5	2.0	1.0	1.0	0.0	2.0	1.0	1.0	0.5	1.5	1.0	4.6	4	1.0	1.0	1.0	1.0	1.0	0.5	6.0	4	1.0	1.0	1.0	2.0	1.0	5.4	11
2026-09-07	VANTI.PA	0.08609999716281891														3.8	4	1.5	1.0	1.0	1.0	0.0	0.0	3.5	3	0.5	1.0	0.0	1.0	1.0	3.8	4
2026-09-07	VAR.OL	50.08000183105469														7.1	5	1.5	1.0	1.0	1.5	1.5	2.0	4.5	4	0.0	1.5	0.0	2.0	1.0	7.1	5
2026-09-07	VASTB.BR	28.799999237060547														5.8	4	1.0	1.0	1.0	1.0	2.0	1.0	3.0	3	1.0	0.5	0.0	0.5	1.0	5.8	4
2026-09-07	VAU.ASX	6.690000057220459	5.9	8	2.0	1.0	1.0	1.0	2.0	1.5	1.0	0.0	1.0	1.5	1.0	6.7	4	1.5	1.0	1.0	1.0	1.5	2.0	3.0	4	1.0	1.0	0.0	0.0	1.0	6.1	12
2026-09-07	VBK.DE	30.219999313354492	4.8	8	1.0	1.5	1.0	1.0	1.0	2.0	0.0	1.0	0.0	0.0	2.0	4.2	4	0.0	1.0	1.0	1.0	0.5	1.5	1.0	4	0.0	0.0	0.0	0.0	1.0	4.6	12
2026-09-07	VC	102.63999938964844	7.0	9	2.0	2.0	1.0	0.5	1.0	1.5	1.5	1.0	1.0	2.0	2.0	5.0	6	1.5	0.0	1.0	2.0	1.0	0.5	3.0	5	1.5	0.0	0.0	0.0	1.5	6.4	15
2026-09-07	VCEL	40.189998626708984	6.8	10	2.0	2.0	1.0	0.5	1.0	1.5	2.0	1.0	1.0	2.0	1.0	5.0	6	0.0	2.0	1.0	0.0	1.0	2.0	2.5	5	1.0	0.0	0.0	0.0	1.5	6.3	16
2026-09-07	VCT.L	866.0	5.7	7	1.0	0.0	1.0	1.0	1.5	2.0	1.0	1.0	0.0	2.0	2.0	4.6	4	1.0	1.0	1.0	1.0	0.5	1.0	4.0	4	1.0	2.0	0.0	0.0	1.0	5.4	11
2026-09-07	VCT.PA	65.5	6.4	7	1.5	2.0	1.0	1.0	1.0	2.0	1.0	1.0	1.0	0.5	2.0	5.0	4	1.0	1.0	1.0	1.0	1.0	1.0	2.5	4	0.5	0.5	0.0	0.5	1.0	6.0	11
2026-09-07	VCTR	113.7300033569336	7.7	9	1.5	1.0	1.0	1.0	2.0	2.0	2.0	1.0	1.5	2.0	2.0	6.7	6	1.0	0.0	1.0	2.0	2.0	2.0	3.5	5	1.0	1.0	0.0	0.5	1.0	7.4	15
2026-09-07	VCX.ASX	2.4700000286102295	4.5	8	0.5	1.5	1.0	1.0	0.0	2.0	1.0	0.0	1.0	2.0	0.0	6.7	4	2.0	1.0	1.0	1.0	2.0	1.0	2.0	4	0.5	0.0	0.0	0.5	1.0	5.2	12
2026-09-07	VCYT	42.529998779296875	6.1	9	1.5	2.0	1.0	1.0	0.0	1.0	2.0	1.0	1.0	2.0	1.0	4.6	6	0.5	0.0	1.0	0.5	2.0	1.5	3.0	5	2.0	0.0	0.0	0.0	1.0	5.6	15
2026-09-07	VEA.ASX	2.9200000762939453	5.9	8	1.5	1.0	1.0	1.0	2.0	2.0	1.0	1.5	1.0	1.0	0.0	6.2	5	1.0	1.0	1.0	2.0	1.0	1.5	4.0	4	0.0	1.0	0.0	2.0	1.0	6.0	13
2026-09-07	VECO	44.66999816894531	5.9	9	1.0	2.0	1.0	0.5	1.0	2.0	1.0	1.0	0.5	2.0	1.0	4.6	6	2.0	0.0	1.0	0.0	1.0	1.5	3.5	5	1.5	0.5	0.0	0.0	1.5	5.5	15
2026-09-07	VEEV	275.0899963378906	6.6	10	1.5	1.0	1.0	1.5	2.0	1.0	1.5	1.0	1.0	2.0	1.0	6.2	6	1.5	0.0	1.0	1.5	2.0	1.5	2.5	5	1.0	0.5	0.0	0.0	1.0	6.5	16
2026-09-07	VEON	64.20999908447266	5.9	9	2.0	2.0	1.0	2.0	2.0	1.5	0.0	1.0	1.0	0.5	0.0	5.4	6	1.0	2.0	1.0	0.0	1.0	1.5	6.0	5	1.5	1.0	1.0	2.0	0.5	5.8	15
2026-09-07	VERA	35.88999938964844	4.8	10	2.0	2.0	1.0	0.0	1.0	0.5	0.0	1.0	0.0	2.0	1.0	5.4	4	1.0	2.0	1.0	1.0	0.5	1.0	2.5	5	1.0	0.0	0.0	0.0	1.5	5.0	14
2026-09-07	VERI	0.9070000052452087	3.9	9	1.5	2.0	1.0	0.5	0.0	2.0	0.0	1.0	0.0	0.5	0.0	4.2	3	1.0	1.0	1.0	1.0	0.0	1.0	6.0	5	2.0	2.0	0.0	1.0	1.0	4.0	12
2026-09-07	VERK.HE	3.5799999237060547														5.8	5	1.0	1.0	1.0	2.0	1.0	1.0	3.0	4	0.5	0.5	0.0	1.0	1.0	5.8	5
2026-09-07	VERU	2.640000104904175														4.6	4	0.5	1.0	1.0	1.5	0.5	1.0	3.0	5	1.0	1.0	0.0	0.0	1.0	4.6	4
2026-09-07	VERV US CVR		5.0	0	1.0	1.0	1.0	1.0	1.0	1.0	1.0	1.0	1.0	1.0	1.0																5.0	0
2026-09-07	VERX	13.770000457763672	5.9	9	1.5	2.0	1.0	1.0	1.0	1.5	1.5	1.0	0.5	2.0	0.0	5.4	6	0.0	1.0	1.0	2.0	1.0	1.5	3.0	5	1.0	0.5	0.0	1.0	0.5	5.8	15
2026-09-07	VET.US	12.84000015258789	4.8	9	1.0	1.5	1.0	1.0	2.0	1.5	0.0	1.0	0.0	1.5	0.0	5.8	4	1.0	2.0	1.0	1.0	0.0	2.0	2.5	5	0.0	0.5	0.0	0.5	1.5	5.1	13
2026-09-07	VETO.PA	68.5														4.6	4	0.5	1.0	1.0	1.0	1.5	0.5	3.5	4	1.0	1.5	0.0	0.0	1.0	4.6	4
2026-09-07	VEZ.DE	1.4500000476837158														5.8	4	2.0	1.0	1.0	1.0	2.0	0.0	3.0	4	0.0	1.5	0.0	0.5	1.0	5.8	4
2026-09-07	VFC	13.449999809265137	6.6	10	1.5	2.0	1.0	1.0	0.0	1.5	2.0	1.0	1.5	2.0	1.0	4.2	6	2.0	0.0	1.0	0.5	1.0	0.5	5.5	5	1.0	1.5	0.0	2.0	1.0	5.9	16
2026-09-07	VFS	3.0799999237060547	4.3	8	1.5	2.0	1.0	1.0	0.0	2.0	0.0	1.0	1.0	0.0	0.0	4.2	4	1.0	1.0	1.0	0.0	0.0	2.0	4.5	4	1.0	1.0	0.0	1.0	1.5	4.3	12
2026-09-07	VG	14.420000076293945	6.8	10	2.0	2.0	1.0	0.0	2.0	1.0	2.0	0.0	2.0	2.0	1.0	6.7	6	1.0	0.0	1.0	2.0	2.0	2.0	4.0	4	1.0	0.5	0.0	2.0	0.5	6.8	16
2026-09-07	VG80.DE	2.5399999618530273														4.6	4	1.5	1.0	1.0	1.0	1.0	0.0	2.5	4	0.0	0.5	1.0	0.0	1.0	4.6	4
2026-09-07	VGNT	50.220001220703125	7.0	7	2.0	1.5	1.0	1.0	1.5	1.5	2.0	1.0	1.0	2.0	1.0	6.2	6	2.0	2.0	1.0	0.0	1.0	1.5	6.0	4	1.0	2.0	0.0	2.0	1.0	6.8	13
2026-09-07	VGP.BR	79.30000305175781														7.1	4	2.0	1.0	1.0	1.0	2.0	1.5	4.5	4	1.5	1.0	0.0	1.0	1.0	7.1	4
2026-09-07	VH2.DE	71.3499984741211	6.8	7	1.5	2.0	1.0	1.0	1.0	2.0	1.0	1.0	2.0	0.5	2.0	6.2	4	1.5	1.0	1.0	1.0	1.5	1.5	2.5	4	1.0	0.5	0.0	0.0	1.0	6.6	11
2026-09-07	VIA	28.1299991607666	5.9	10	2.0	2.0	1.0	0.5	1.5	1.0	2.0	1.0	0.0	1.0	1.0	5.0	4	1.0	1.0	1.0	1.0	0.0	2.0	2.5	4	1.0	0.0	0.0	0.0	1.5	5.6	14
2026-09-07	VIAV	34.86000061035156	7.5	9	2.0	2.0	1.0	1.5	1.0	2.0	2.0	1.0	0.0	2.0	2.0	5.8	6	1.5	0.0	1.0	2.0	0.5	2.0	2.5	5	1.5	0.0	0.0	0.5	0.5	7.0	15
2026-09-07	VIB3.DE	14.899999618530273														4.6	4	2.0	1.0	1.0	1.0	0.5	0.0	4.5	4	1.0	1.5	0.0	1.0	1.0	4.6	4
2026-09-07	VIC.L	71.9000015258789														5.4	4	1.0	1.0	1.0	1.0	1.0	1.5	3.0	4	1.0	0.0	0.0	1.0	1.0	5.4	4
2026-09-07	VICI	25.420000076293945	5.7	10	1.5	1.5	1.0	1.5	0.0	1.5	0.5	1.0	1.0	2.0	1.0	7.9	6	2.0	2.0	1.0	1.5	2.0	1.0	4.5	5	0.5	2.0	1.0	0.5	0.5	6.4	16
2026-09-07	VICR	188.5500030517578	6.6	9	2.0	2.0	1.0	1.0	0.0	1.5	2.0	1.0	1.5	1.5	1.0	5.4	6	0.0	0.0	1.0	1.5	2.0	2.0	2.5	5	2.0	0.0	0.0	0.0	0.5	6.2	15
2026-09-07	VID.L	220.0														3.8	3	1.0	1.0	1.0	1.0	0.0	0.5	4.0	4	0.5	2.0	0.0	0.5	1.0	3.8	3
2026-09-07	VID.MC	89.19999694824219	6.1	7	1.5	1.5	1.0	1.0	2.0	2.0	1.0	1.0	1.0	0.5	1.0	5.0	4	0.5	1.0	1.0	1.0	1.5	1.0	2.5	4	1.0	0.5	0.0	0.0	1.0	5.8	11
2026-09-07	VIE.PA	31.899999618530273	5.0	8	1.5	2.0	1.0	1.0	0.0	2.0	1.0	0.0	1.0	1.5	0.0	5.8	4	2.0	1.0	1.0	1.0	1.0	1.0	4.0	4	1.0	0.0	0.0	2.0	1.0	5.2	12
2026-09-07	VIH1.DE	5.760000228881836														5.8	4	1.5	1.0	1.0	1.0	2.0	0.5	4.0	4	0.5	1.5	0.0	1.0	1.0	5.8	4
2026-09-07	VIK	85.80999755859375	6.8	10	2.0	2.0	1.0	1.5	1.0	1.0	1.5	1.0	2.0	2.0	0.0	3.8	6	0.5	0.0	1.0	0.0	1.5	1.5	4.5	5	1.5	0.0	0.0	2.0	1.0	5.9	16
2026-09-07	VIK1V.HE	20.100000381469727														5.0	4	1.0	1.0	1.0	1.0	1.0	1.0	2.5	4	0.0	1.0	0.0	0.5	1.0	5.0	4
2026-09-07	VIL.PA	19.81999969482422														5.0	4	0.0	1.0	1.5	1.0	1.5	1.0	6.0	3	0.0	2.0	2.0	1.0	1.0	5.0	4
2026-09-07	VIMIAN.ST	34.25	6.1	8	0.5	1.0	1.0	1.0	2.0	2.0	0.0	1.0	1.0	2.0	2.0	4.6	5	0.0	1.0	1.0	1.0	1.0	1.5	3.5	4	1.0	1.0	0.0	0.5	1.0	5.6	13
2026-09-07	VINP	9.510000228881836	5.5	9	1.5	2.0	1.0	2.0	0.0	2.0	0.0	1.0	1.0	0.5	1.0	6.7	5	1.5	1.0	1.0	1.0	2.0	1.5	3.0	5	0.0	1.5	0.0	0.5	1.0	5.9	14
2026-09-07	VIO.BR	17.5														5.8	4	1.5	1.0	1.0	1.0	1.0	1.5	5.0	4	1.0	0.5	2.0	0.5	1.0	5.8	4
2026-09-07	VIPS	13.199999809265137	6.4	10	1.5	2.0	1.0	1.5	0.0	1.5	1.5	1.0	1.5	1.5	1.0	4.6	6	2.0	1.0	1.0	0.0	1.0	0.5	3.0	5	0.5	1.5	0.0	0.0	1.0	5.9	16
2026-09-07	VIR	11.385000228881836	5.7	10	2.0	2.0	1.0	0.5	2.0	1.0	0.0	1.0	0.0	2.0	1.0	5.0	5	1.0	0.0	1.0	2.0	0.0	2.0	5.0	5	1.5	1.5	0.0	0.0	2.0	5.5	15
2026-09-07	VIRC	6.519999980926514														5.0	3	1.0	1.0	2.0	1.0	0.5	0.5	4.0	5	0.0	0.0	2.0	0.5	1.5	5.0	3
2026-09-07	VIRI.PA	85.75	7.0	9	1.5	2.0	1.0	1.0	1.0	2.0	2.0	1.0	0.5	1.5	2.0	6.7	4	2.0	1.0	1.0	1.0	1.0	2.0	2.5	4	0.0	0.5	0.0	1.0	1.0	6.9	13
2026-09-07	VIRP.PA	319.0	5.5	7	1.0	1.5	1.0	1.0	0.0	2.0	1.0	1.0	1.0	0.5	2.0	5.0	4	0.5	1.0	1.0	1.0	1.5	1.0	2.0	4	0.5	0.5	0.0	0.0	1.0	5.3	11
2026-09-07	VIRT	64.43000030517578	7.7	10	1.5	1.5	1.0	1.0	2.0	2.0	2.0	1.0	2.0	2.0	1.0	7.5	6	1.5	1.0	1.0	2.0	1.5	2.0	4.5	5	0.5	1.0	0.0	2.0	1.0	7.6	16
2026-09-07	VIS.MC	56.900001525878906	6.8	7	1.5	2.0	1.0	1.0	1.0	2.0	1.0	1.0	1.5	1.0	2.0	5.4	4	1.0	1.0	1.0	1.0	1.5	1.0	1.5	4	0.0	0.0	0.0	0.5	1.0	6.4	11
2026-09-07	VISL	3.190000057220459														5.8	4	2.0	1.0	1.0	1.0	0.0	2.0	2.5	5	1.0	1.0	0.0	0.0	0.5	5.8	4
2026-09-07	VISN	6.400000095367432	6.6	9	1.5	2.0	1.0	0.5	0.0	2.0	2.0	1.0	0.5	2.0	2.0	4.2	5	0.5	0.0	1.0	1.0	2.0	0.5	5.0	5	2.0	2.0	0.0	0.0	1.0	5.9	14
2026-09-07	VIST	73.7300033569336	6.4	9	1.5	2.0	1.0	1.5	2.0	1.5	0.0	1.0	2.0	1.5	0.0	7.5	6	2.0	2.0	1.0	0.0	2.0	2.0	3.0	5	0.0	1.0	0.0	1.0	1.0	6.7	15
2026-09-07	VITL	9.920000076293945	4.5	9	1.5	2.0	1.0	0.0	0.0	1.0	0.0	1.0	0.5	2.0	1.0	5.8	5	1.0	2.0	1.0	2.0	1.0	0.0	4.0	5	1.0	1.5	0.0	0.5	1.0	4.9	14
2026-09-07	VITR.ST	95.0														3.3	5	1.0	1.0	1.0	0.5	0.0	0.5	3.5	4	1.5	1.0	0.0	0.0	1.0	3.3	5
2026-09-07	VITb.ST	273.6000061035156														6.2	5	1.0	1.0	1.0	1.5	1.5	1.5	2.5	4	1.0	0.0	0.0	0.5	1.0	6.2	5
2026-09-07	VIV.PA	1.4900000095367432	4.8	8	1.5	2.0	1.0	1.0	0.0	2.0	1.0	1.0	0.5	0.5	0.0	4.6	4	1.0	1.0	1.0	1.0	1.0	0.5	5.0	4	1.5	2.0	0.0	0.5	1.0	4.7	12
2026-09-07	VIV.US	11.65999984741211	4.3	9	0.5	2.0	1.0	2.0	0.0	2.0	0.0	1.0	1.0	0.0	0.0	6.7	6	2.0	2.0	1.0	0.5	1.5	1.0	2.5	5	0.0	1.5	0.0	0.5	0.5	5.0	15
2026-09-07	VK.PA	18.639999389648438	6.4	8	2.0	2.0	1.0	1.0	0.0	2.0	0.5	1.0	1.5	1.0	2.0	3.3	5	0.0	1.0	1.0	0.0	1.0	1.0	2.0	4	0.0	0.5	0.0	0.5	1.0	5.5	13
2026-09-07	VKTX	34.869998931884766	4.8	10	2.0	2.0	1.0	0.0	1.0	1.0	0.0	1.0	0.0	1.5	1.0	5.8	4	1.0	2.0	1.0	1.5	0.5	1.0	2.5	5	0.5	0.0	0.0	0.0	2.0	5.1	14
2026-09-07	VLA.PA	2.9549999237060547														4.2	5	1.0	1.0	1.0	2.0	0.0	0.0	5.0	4	1.5	0.5	0.0	2.0	1.0	4.2	5
2026-09-07	VLGDF	3.5														4.6	2	1.0	1.0	1.0	1.0	0.5	1.0	3.0	2	1.0	0.0	0.0	1.0	1.0	4.6	2
2026-09-07	VLGEA	43.369998931884766														5.4	4	1.5	1.0	1.0	1.0	1.0	1.0	2.0	5	0.0	0.5	0.0	0.5	1.0	5.4	4
2026-09-07	VLK.NV	67.55000305175781														7.1	4	2.0	1.0	1.0	1.0	2.0	1.5	3.5	3	0.5	1.0	0.0	1.0	1.0	7.1	4
2026-09-07	VLN	1.7100000381469727	5.9	9	1.5	2.0	1.0	1.5	0.0	2.0	2.0	1.0	0.0	1.0	1.0	5.8	5	1.0	2.0	1.0	2.0	0.0	1.0	2.5	5	1.5	0.5	0.0	0.0	0.5	5.9	14
2026-09-07	VLO	370.7200012207031	7.7	10	1.5	0.5	1.0	1.5	1.5	1.0	2.0	2.0	2.0	2.0	2.0	5.8	6	0.0	1.0	1.0	2.0	1.0	2.0	4.0	5	0.5	2.0	0.0	0.5	1.0	7.1	16
2026-09-07	VLRS	6.849999904632568	5.2	10	1.5	2.0	1.0	2.0	0.0	2.0	2.0	0.0	0.0	1.0	0.0	2.9	6	0.0	0.0	1.0	0.0	0.5	2.0	4.0	5	1.0	0.5	0.0	2.0	0.5	4.5	16
2026-09-07	VLTO	96.30999755859375	8.0	10	1.5	1.5	1.0	1.5	2.0	1.5	1.5	1.0	2.0	2.0	2.0	5.0	6	1.0	0.0	1.0	1.5	1.5	1.0	2.5	5	0.5	0.0	0.0	1.0	1.0	7.1	16
2026-09-07	VLTSA.PA	5.309999942779541	4.5	8	0.5	2.0	1.0	1.0	0.0	2.0	1.0	1.0	0.0	0.5	1.0	5.0	3	1.0	1.0	1.0	1.0	0.0	2.0	5.0	4	1.0	1.5	0.0	1.5	1.0	4.7	11
2026-09-07	VLX.L	607.0	7.5	8	1.5	1.5	1.0	1.0	2.0	2.0	1.0	2.0	1.5	1.0	2.0	5.4	4	1.0	1.0	1.0	1.0	1.0	1.5	3.5	4	1.5	0.5	0.0	0.5	1.0	6.9	12
2026-09-07	VLY	14.029999732971191	6.4	9	1.5	1.5	1.0	0.5	1.0	2.0	1.5	1.0	1.0	2.0	1.0	6.7	6	1.5	1.0	1.0	1.0	2.0	1.5	3.5	4	1.0	0.5	0.0	1.0	1.0	6.5	15
2026-09-07	VMC	262.6300048828125	6.8	10	1.5	2.0	1.0	1.0	0.0	2.0	1.5	1.0	1.0	2.0	2.0	5.8	6	1.0	2.0	1.0	0.5	1.5	1.0	4.0	5	1.0	1.0	0.0	0.5	1.5	6.5	16
2026-09-07	VMI	481.4599914550781	8.0	9	1.5	2.0	1.0	1.5	1.0	2.0	1.5	1.0	2.0	2.0	2.0	5.0	6	2.0	0.0	1.0	0.5	1.5	1.0	2.5	5	1.5	0.0	0.0	0.5	0.5	7.1	15
2026-09-07	VMRK	65.3499984741211	5.2	8	1.5	1.5	1.0	0.5	1.0	2.0	1.0	1.0	1.0	1.0	0.0	5.8	5	0.0	2.0	1.0	1.0	2.0	1.0	3.0	5	0.5	0.0	0.0	0.5	2.0	5.4	13
2026-09-07	VMX.PA	0.32899999618530273														3.3	3	1.0	1.0	1.0	1.0	0.0	0.0	4.0	4	1.5	0.5	0.0	1.0	1.0	3.3	3
2026-09-07	VNA.DE	19.149999618530273	5.0	9	1.0	1.5	1.0	1.0	0.0	2.0	2.0	0.0	1.0	1.5	0.0	4.6	5	0.5	1.0	1.0	0.0	2.0	1.0	5.0	4	1.5	1.5	0.0	1.0	1.0	4.9	14
2026-09-07	VNDA	5.429999828338623	5.0	9	1.5	2.0	1.0	0.5	0.0	1.0	0.0	1.0	0.0	2.0	2.0	2.9	6	1.0	1.0	1.0	0.0	0.0	0.5	2.5	5	0.5	0.5	0.0	0.0	1.5	4.4	15
2026-09-07	VNET	6.369999885559082	4.3	9	2.0	2.0	1.0	0.0	0.0	2.0	0.0	1.0	0.0	1.5	0.0	6.7	5	2.0	2.0	1.0	1.0	0.5	1.5	5.5	5	0.0	1.5	0.0	2.0	2.0	5.0	14
2026-09-07	VNO	36.59000015258789	6.1	10	1.0	1.5	1.0	2.0	1.0	1.0	2.0	0.5	0.5	2.0	1.0	3.3	6	0.0	1.0	1.0	0.0	1.0	1.0	2.5	5	1.5	0.0	0.0	1.0	0.0	5.3	16
2026-09-07	VNOM	44.38999938964844	6.8	10	2.0	2.0	1.0	1.0	2.0	1.5	1.0	1.0	0.5	2.0	1.0	6.2	6	1.5	2.0	1.0	0.0	1.0	2.0	1.5	5	0.0	0.0	0.0	0.0	1.5	6.6	16
2026-09-07	VNT	33.29999923706055	7.0	9	1.5	2.0	1.0	0.5	1.0	2.0	1.5	1.0	2.0	2.0	1.0	6.7	6	2.0	2.0	1.0	1.0	1.5	0.5	4.5	5	1.0	0.5	0.0	1.5	1.5	6.9	15
2026-09-07	VNT.ASX	5.730000019073486	6.8	8	1.5	1.5	1.0	1.0	0.0	2.0	1.0	2.0	2.0	2.0	1.0	5.4	5	1.0	1.0	1.0	2.0	1.0	0.5	2.5	4	0.0	0.0	0.0	1.5	1.0	6.4	13
2026-09-07	VOD	16.899999618530273	6.4	8	1.5	2.0	1.0	2.0	2.0	2.0	1.0	1.0	0.5	0.0	1.0	4.6	4	2.0	0.0	1.0	1.0	0.5	1.0	3.0	5	0.0	1.5	0.0	1.0	0.5	5.9	12
2026-09-07	VOD.L	125.5999984741211	5.7	8	1.0	0.5	1.0	1.0	2.0	1.0	1.0	2.0	0.5	1.5	1.0	5.4	3	2.0	1.0	1.0	1.0	0.5	1.0	3.0	4	0.0	1.0	0.0	1.0	1.0	5.6	11
2026-09-07	VOF.L	443.0														6.7	3	1.0	1.0	1.0	1.0	2.0	2.0	1.0	4	0.0	0.0	0.0	0.0	1.0	6.7	3
2026-09-07	VOGX	31.729999542236328	5.0	6	1.5	2.0	1.0	1.0	0.5	2.0	1.0	1.0	1.0	0.0	0.0	4.6	2	1.0	1.0	1.0	1.0	0.5	1.0	3.0	3	1.0	1.0	0.0	1.0	0.0	4.9	8
2026-09-07	VOLV-A.ST	348.6000061035156														5.4	4	1.5	1.0	1.0	1.0	1.0	1.0	4.0	4	1.0	1.0	0.0	1.0	1.0	5.4	4
2026-09-07	VOLV-B.ST	348.5														5.8	5	1.5	1.0	1.0	1.5	1.0	1.0	3.5	4	1.0	0.5	0.0	1.0	1.0	5.8	5
2026-09-07	VOS.DE	60.29999923706055	5.2	7	1.5	2.0	1.0	1.0	0.0	1.5	1.0	1.0	1.0	0.5	1.0	5.4	4	1.0	1.0	1.0	1.0	1.0	1.5	4.0	4	1.0	1.0	0.0	1.0	1.0	5.3	11
2026-09-07	VOW.DE	81.6500015258789	5.9	8	1.5	1.5	1.0	1.0	1.0	2.0	2.0	1.0	0.5	0.5	1.0	5.8	4	2.0	1.0	1.0	1.0	1.0	1.0	3.5	4	1.0	0.5	0.0	1.0	1.0	5.9	12
2026-09-07	VOW3.DE	81.30000305175781	6.4	9	2.0	2.0	1.0	1.0	1.0	1.5	2.0	1.0	0.5	1.0	1.0	5.0	5	2.0	1.0	1.0	0.0	1.0	1.0	3.5	4	1.0	0.5	0.0	1.0	1.0	6.0	14
2026-09-07	VOYA.US	104.08999633789062	6.6	9	1.5	1.0	1.0	2.0	2.0	1.5	0.5	1.0	1.0	2.0	1.0	5.4	6	1.0	1.0	1.0	2.0	1.0	0.5	3.0	5	1.0	1.5	0.0	0.5	0.0	6.2	15
2026-09-07	VOYG	33.939998626708984	6.1	9	1.5	2.0	1.0	0.0	2.0	1.0	2.0	1.0	0.0	2.0	1.0	3.8	5	1.0	1.0	1.0	0.0	0.0	1.5	3.0	4	1.0	0.0	0.0	1.0	1.0	5.4	14
2026-09-07	VP.L	476.0														3.3	3	1.0	1.0	0.0	1.0	0.5	0.5	5.0	4	0.0	0.5	2.0	1.5	1.0	3.3	3
2026-09-07	VPG	63.0099983215332	5.2	9	1.5	2.0	1.0	0.5	0.0	2.0	0.0	1.0	0.5	2.0	1.0	3.8	6	1.0	0.0	1.0	0.0	1.0	1.5	2.5	5	1.5	0.5	0.0	0.0	0.5	4.8	15
2026-09-07	VPK.NV	47.79999923706055	5.9	8	1.0	1.0	1.0	1.0	2.0	2.0	2.0	1.0	1.5	0.5	0.0	6.2	4	1.5	1.0	1.0	1.0	2.0	1.0	3.5	4	0.5	1.0	0.0	1.0	1.0	6.0	12
2026-09-07	VRCA	5.300000190734863	5.7	8	2.0	2.0	1.0	1.5	0.0	0.5	2.0	1.0	1.0	0.5	1.0	2.5	4	1.0	1.0	1.0	0.0	0.0	0.0	4.0	5	1.5	0.5	0.0	0.5	1.5	4.7	12
2026-09-07	VRDN	22.920000076293945	6.1	9	2.0	2.0	1.0	0.5	1.0	1.0	2.0	1.0	0.0	2.0	1.0	6.7	5	1.0	2.0	1.0	1.5	0.5	2.0	3.5	5	1.0	0.0	0.0	0.5	2.0	6.3	14
2026-09-07	VRL.DE	18.600000381469727														5.0	3	1.5	1.0	1.0	1.0	0.5	1.0	3.0	2	1.0	0.0	0.0	1.0	1.0	5.0	3
2026-09-07	VRLA.PA	19.290000915527344	5.5	7	1.0	1.5	1.0	1.0	1.0	2.0	1.0	1.0	1.0	0.5	1.0	3.8	4	0.0	1.0	1.0	1.0	1.0	0.5	3.0	4	0.5	0.0	0.0	1.5	1.0	5.0	11
2026-09-07	VRM	10.829999923706055														4.6	3	1.0	1.0	2.0	1.0	0.0	0.5	7.0	4	1.0	1.0	2.0	2.0	1.0	4.6	3
2026-09-07	VRNS	46.09000015258789	7.0	10	2.0	1.5	1.0	1.0	2.0	1.0	2.0	1.0	0.0	2.0	2.0	5.4	6	0.0	2.0	1.0	2.0	0.0	1.5	3.0	5	1.0	0.0	0.0	1.0	1.0	6.5	16
2026-09-07	VRRM	4.070000171661377	6.8	9	1.0	2.0	1.0	1.0	0.0	2.0	1.5	1.0	1.5	2.0	2.0	4.6	5	1.0	1.0	1.0	0.0	1.0	1.5	4.0	5	0.0	1.5	0.0	2.0	0.5	6.1	14
2026-09-07	VRSK	185.7899932861328	6.6	9	1.5	2.0	1.0	1.5	0.0	1.5	1.5	1.5	1.0	2.0	1.0	4.6	6	1.0	0.0	1.0	0.5	2.0	1.0	2.5	4	0.5	0.5	0.0	1.0	0.5	6.0	15
2026-09-07	VRSN	292.0799865722656	6.4	9	1.5	1.5	1.0	2.0	2.0	2.0	1.0	0.0	1.0	2.0	0.0	5.0	6	0.5	0.0	1.0	1.5	2.0	1.0	3.0	4	0.5	1.0	0.0	1.0	0.5	6.0	15
2026-09-07	VRT	280.5299987792969	7.7	10	2.0	1.5	1.0	1.5	1.0	1.5	2.0	1.5	2.0	2.0	1.0	6.7	6	2.0	0.0	1.0	1.5	1.5	2.0	3.0	5	2.0	0.0	0.0	0.5	0.5	7.4	16
2026-09-07	VRTS	159.42999267578125	5.5	9	1.0	0.5	1.0	0.5	1.0	1.5	0.5	1.0	1.0	2.0	2.0	5.8	6	2.0	2.0	1.0	0.0	1.5	0.5	3.0	5	1.5	0.0	0.0	0.5	1.0	5.6	15
2026-09-07	VRTX	546.1199951171875	7.5	10	2.0	1.5	1.0	2.0	2.0	1.5	1.0	1.0	1.5	2.0	1.0	5.4	6	1.0	1.0	1.0	0.0	2.0	1.5	2.5	5	0.0	1.5	0.0	0.0	1.0	6.9	16
2026-09-07	VRV.DE	1.0789999961853027														6.2	4	2.0	1.0	1.0	1.0	0.5	2.0	5.0	4	1.0	2.0	0.0	1.0	1.0	6.2	4
2026-09-07	VSAT	75.31999969482422	7.0	10	1.5	2.0	1.0	1.0	1.0	1.5	2.0	1.0	0.5	2.0	2.0	5.0	6	2.0	2.0	1.0	0.0	0.5	0.5	4.0	5	1.5	0.5	0.0	1.0	1.0	6.4	16
2026-09-07	VSEC	203.91000366210938	7.0	10	2.0	2.0	1.0	1.0	1.0	2.0	2.0	1.0	0.5	2.0	1.0	6.2	6	0.5	1.0	1.0	2.0	1.0	2.0	3.0	5	1.5	0.0	0.0	0.5	1.0	6.8	16
2026-09-07	VSH	31.799999237060547	7.3	9	2.0	2.0	1.0	0.5	1.0	2.0	2.0	1.0	0.5	2.0	2.0	5.8	6	1.5	0.0	1.0	2.0	1.0	1.5	3.5	5	2.0	0.5	0.0	0.5	0.5	6.8	15
2026-09-07	VSNT	38.61000061035156	7.0	9	1.0	1.5	1.0	1.5	1.5	2.0	1.0	1.0	1.0	2.0	2.0	5.0	5	2.0	0.0	1.0	1.0	1.5	0.5	2.0	4	1.0	0.0	0.0	0.5	0.5	6.4	14
2026-09-07	VST	149.3000030517578	5.7	10	2.0	2.0	1.0	1.5	0.0	1.0	0.0	1.0	2.0	2.0	0.0	7.5	6	2.0	2.0	1.0	2.0	1.5	0.5	5.0	5	1.5	1.0	0.0	2.0	0.5	6.2	16
2026-09-07	VSTM	8.199999809265137	6.4	10	2.0	2.0	1.0	0.0	1.5	0.5	2.0	1.0	0.0	2.0	2.0	4.2	5	1.0	1.0	1.0	0.0	0.0	2.0	3.0	5	0.0	0.0	0.0	1.5	1.5	5.7	15
2026-09-07	VSTS	13.260000228881836	5.7	9	0.5	0.5	1.0	1.0	1.0	1.5	2.0	1.0	0.0	2.0	2.0	4.2	5	1.0	0.0	1.0	2.0	0.5	0.5	4.0	5	1.0	0.5	0.0	1.5	1.0	5.2	14
2026-09-07	VSVS.L	378.79998779296875	5.2	8	1.0	2.0	1.0	1.0	0.0	1.0	1.0	0.0	0.5	2.0	2.0	4.6	4	0.5	1.0	1.0	1.0	1.0	1.0	3.5	4	1.0	1.0	0.0	0.5	1.0	5.0	12
2026-09-07	VSXY	75.55999755859375	7.3	10	1.5	2.0	1.0	0.5	1.0	1.5	2.0	1.5	2.0	2.0	1.0	4.2	6	1.0	0.0	1.5	0.0	1.0	1.5	7.0	5	2.0	0.5	1.0	2.0	1.5	6.4	16
2026-09-07	VTEX	3.609999895095825	5.9	10	1.0	2.0	1.0	1.0	0.0	2.0	2.0	0.0	1.0	1.0	2.0	5.8	6	1.0	1.0	1.0	1.5	1.5	1.0	2.0	5	1.0	0.0	0.0	0.0	1.0	5.9	16
2026-09-07	VTGN	0.23999999463558197	5.0	9	1.0	2.0	1.0	1.5	0.0	2.0	0.5	1.0	0.0	1.0	1.0	4.6	4	1.0	1.0	1.0	0.0	0.5	2.0	2.0	5	0.0	2.0	0.0	0.0	0.0	4.9	13
2026-09-07	VTMX	34.70000076293945	6.8	8	1.5	2.0	1.0	1.0	2.0	2.0	2.0	1.0	1.0	0.5	1.0	7.1	6	2.0	2.0	1.0	0.0	2.0	1.5	2.0	5	0.0	0.5	0.0	0.5	1.0	6.9	14
2026-09-07	VTOL	43.31999969482422	7.3	9	1.5	2.0	1.0	1.5	0.0	2.0	2.0	1.0	1.0	2.0	2.0	4.2	6	1.5	0.0	1.0	0.5	1.0	1.0	3.5	5	1.0	0.0	0.0	1.0	1.5	6.4	15
2026-09-07	VTR	90.2699966430664	5.9	10	1.5	1.5	1.0	1.0	1.0	1.5	2.0	1.0	0.5	2.0	0.0	5.0	6	0.0	2.0	1.0	0.0	1.0	2.0	3.5	5	0.5	0.5	0.0	1.0	1.5	5.6	16
2026-09-07	VTRS	16.8799991607666	6.8	9	1.0	1.5	1.0	1.5	2.0	1.0	2.0	1.0	0.0	2.0	2.0	5.0	6	1.5	1.0	1.0	1.0	0.5	1.0	4.0	5	1.0	1.0	0.0	1.0	1.0	6.3	15
2026-09-07	VTS	17.780000686645508	5.9	9	1.5	1.5	1.0	0.5	1.0	2.0	2.0	1.0	0.0	1.5	1.0	4.6	5	1.0	2.0	1.0	0.0	0.5	1.0	3.0	5	0.5	0.5	0.0	0.0	2.0	5.5	14
2026-09-07	VTU.L	86.5999984741211														5.0	4	1.0	1.0	1.0	1.0	1.0	1.0	3.5	4	1.0	1.0	0.0	0.5	1.0	5.0	4
2026-09-07	VTY.L	286.79998779296875	5.5	8	0.5	0.5	1.0	1.0	1.0	1.5	1.0	1.0	0.5	2.0	2.0	5.4	4	2.0	1.0	1.0	1.0	1.0	0.5	4.0	4	2.0	1.0	0.0	0.0	1.0	5.5	12
2026-09-07	VU.PA	123.5999984741211	5.9	7	1.5	2.0	1.0	1.0	0.0	2.0	1.0	1.0	2.0	0.5	1.0	5.4	4	0.5	1.0	1.0	1.0	1.0	2.0	2.5	4	0.5	1.0	0.0	0.0	1.0	5.8	11
2026-09-07	VUL.ASX	2.609999895095825	4.5	7	1.5	2.0	1.0	1.0	0.0	0.5	1.0	1.0	0.0	1.0	1.0	3.8	3	1.0	1.0	1.0	1.0	0.5	0.0	4.0	4	1.5	1.5	0.0	0.0	1.0	4.3	10
2026-09-07	VUZI	2.440000057220459	4.8	9	1.5	2.0	1.0	0.0	0.0	2.0	1.0	1.0	0.0	1.0	1.0	4.6	5	1.0	1.0	1.0	2.0	0.5	0.0	5.0	5	2.0	1.0	0.0	0.0	2.0	4.7	14
2026-09-07	VVV.US	32.029998779296875	5.9	10	1.5	2.0	1.0	0.5	0.0	1.5	2.0	0.5	2.0	2.0	0.0	4.6	6	1.5	0.0	1.0	0.0	1.0	2.0	4.5	5	1.0	0.5	0.0	2.0	1.0	5.5	16
2026-09-07	VVV3.DE	27.0														5.4	4	1.5	1.0	1.0	1.0	2.0	0.0	3.5	3	1.0	0.5	0.0	1.0	1.0	5.4	4
2026-09-07	VVX	74.18000030517578	6.4	9	1.0	1.5	1.0	1.0	1.0	1.5	2.0	1.0	1.0	2.0	1.0	3.8	6	0.5	0.0	1.0	0.5	1.0	1.5	1.5	5	0.0	0.0	0.0	1.0	0.5	5.6	15
2026-09-07	VVY.NV	1.1200000047683716														4.6	2	1.0	1.0	1.0	1.0	0.5	1.0	3.5	4	1.5	1.0	0.0	0.0	1.0	4.6	2
2026-09-07	VWS.CO	213.3000030517578														7.5	5	2.0	1.0	1.0	2.0	1.0	2.0	4.5	4	1.0	1.5	0.0	1.0	1.0	7.5	5
2026-09-07	VXRT	0.5														5.4	4	2.0	1.0	1.0	1.0	1.5	0.0	1.5	5	1.0	0.0	0.0	0.0	0.5	5.4	4
2026-09-07	VXT.DE	0.16500000655651093														4.2	3	1.0	1.0	1.0	1.0	0.0	1.0	2.5	4	1.0	0.5	0.0	0.0	1.0	4.2	3
2026-09-07	VYX	9.140000343322754	7.0	9	1.5	2.0	1.0	0.0	2.0	2.0	2.0	1.0	1.0	2.0	1.0	4.2	6	0.5	2.0	1.0	0.5	1.0	0.0	4.5	5	1.5	0.0	0.0	1.0	2.0	6.2	15
2026-09-07	VZ	50.13999938964844	6.8	9	1.0	1.0	1.0	2.0	2.0	2.0	1.5	1.0	1.5	2.0	0.0	6.7	6	2.0	2.0	1.0	1.0	1.5	0.5	3.5	5	0.0	1.0	0.0	1.5	1.0	6.8	15
2026-09-07	W.US	99.43000030517578	6.4	9	1.5	2.0	1.0	0.5	2.0	1.5	2.0	0.5	1.0	2.0	0.0	5.4	6	0.0	2.0	1.0	2.0	0.5	1.0	4.0	4	2.0	0.5	0.0	1.0	0.5	6.1	15
2026-09-07	W7L.L	217.5														5.4	4	1.5	1.0	1.0	1.0	1.5	0.5	1.0	4	0.0	0.0	0.0	0.0	1.0	5.4	4
2026-09-07	WA1.ASX	11.109999656677246	5.0	7	1.5	2.0	1.0	1.0	0.0	2.0	1.0	1.0	0.0	0.5	1.0	4.6	2	1.0	1.0	1.0	1.0	0.5	1.0	4.5	4	2.0	1.5	0.0	0.0	1.0	4.9	9
2026-09-07	WAB	282.8599853515625	6.8	9	1.5	1.5	1.0	1.5	1.0	2.0	1.5	1.0	1.0	2.0	1.0	5.4	6	1.5	0.0	1.0	1.0	1.5	1.5	3.0	5	1.0	1.0	0.0	0.5	0.5	6.4	15
2026-09-07	WABC	59.38999938964844	6.8	8	1.0	1.5	1.0	1.0	2.0	2.0	1.5	1.0	1.0	2.0	1.0	4.6	6	0.0	0.0	1.0	2.0	2.0	0.5	3.0	4	0.5	0.5	0.0	1.0	1.0	6.1	14
2026-09-07	WAC.DE	23.799999237060547	6.4	7	1.5	1.5	1.0	1.0	2.0	1.5	1.0	1.0	1.0	0.5	2.0	6.2	4	2.0	1.0	1.0	1.0	1.0	1.5	4.0	4	1.5	0.5	1.0	0.0	1.0	6.3	11
2026-09-07	WAF.ASX	3.7899999618530273	7.5	8	1.5	2.0	1.0	1.0	2.0	1.5	1.0	1.0	2.0	1.5	2.0	7.5	4	2.0	1.0	1.0	1.0	2.0	2.0	3.0	4	1.0	1.0	0.0	0.0	1.0	7.5	12
2026-09-07	WAF.DE	78.05000305175781	5.9	8	2.0	2.0	1.0	1.0	1.0	1.5	0.5	1.0	0.0	1.0	2.0	2.9	4	1.0	1.0	1.0	0.0	0.0	0.5	3.0	4	1.5	0.0	0.0	0.5	1.0	5.0	12
2026-09-07	WAFD	36.29999923706055	6.1	8	1.0	1.5	1.0	1.0	1.0	2.0	1.0	1.0	1.0	2.0	1.0	5.8	6	1.0	1.0	1.0	1.0	2.0	1.0	4.0	4	1.0	0.5	0.0	1.0	1.5	6.0	14
2026-09-07	WAGA.PA	23.149999618530273														4.2	3	1.0	1.0	1.0	1.0	0.0	1.0	2.5	4	0.0	0.0	0.0	1.5	1.0	4.2	3
2026-09-07	WAH.DE	3.890000104904175														4.6	3	1.0	1.0	1.0	1.0	0.5	1.0	3.5	4	0.0	1.0	0.0	1.5	1.0	4.6	3
2026-09-07	WAL	80.94999694824219	6.6	8	2.0	1.5	1.0	2.0	0.0	2.0	1.0	1.0	1.0	2.0	1.0	6.7	6	1.5	2.0	1.0	0.0	2.0	1.5	2.5	4	1.5	0.0	0.0	1.0	0.0	6.6	14
2026-09-07	WALD	1.3700000047683716														2.9	4	1.0	1.0	1.0	0.0	0.0	0.5	0.5	5	0.0	0.5	0.0	0.0	0.0	2.9	4
2026-09-07	WALLb.ST	40.65999984741211														5.0	4	0.0	1.0	1.0	1.0	2.0	1.0	3.5	4	1.5	0.0	0.0	1.0	1.0	5.0	4
2026-09-07	WASH	40.2599983215332	6.4	8	1.0	0.5	1.0	1.0	2.0	2.0	1.5	1.0	1.0	2.0	1.0	5.8	6	0.5	1.0	1.0	1.5	2.0	1.0	5.0	4	0.5	2.0	0.0	1.0	1.5	6.2	14
2026-09-07	WAT	409.3800048828125	7.7	10	1.5	1.5	1.0	1.5	2.0	2.0	1.5	1.5	0.5	2.0	2.0	6.7	6	1.0	2.0	1.0	1.0	1.0	2.0	3.5	5	1.0	1.0	0.0	0.5	1.0	7.4	16
2026-09-07	WATT	10.729999542236328	4.5	9	1.5	2.0	1.0	0.5	0.0	2.0	0.0	1.0	0.0	1.0	1.0	4.2	4	1.0	1.0	1.0	0.0	0.0	2.0	3.0	5	1.5	0.5	0.0	0.0	1.0	4.4	13
2026-09-07	WAVE.PA	32.20000076293945														4.6	4	0.5	1.0	1.0	1.0	1.0	1.0	3.5	4	1.0	1.5	0.0	0.0	1.0	4.6	4
2026-09-07	WAY	25.06999969482422	6.8	9	2.0	2.0	1.0	1.0	1.0	1.0	1.5	1.0	0.5	2.0	2.0	6.2	6	0.5	2.0	1.0	1.0	1.5	1.5	2.0	5	0.0	0.5	0.0	0.5	1.0	6.6	15
2026-09-07	WB	6.71999979019165	4.3	10	1.0	1.5	1.0	0.5	0.0	2.0	0.5	0.5	1.0	0.5	1.0	5.4	6	2.0	1.0	1.0	0.0	1.5	1.0	4.5	5	0.0	2.0	0.0	0.5	2.0	4.6	16
2026-09-07	WBA US CVR		5.0	0	1.0	1.0	1.0	1.0	1.0	1.0	1.0	1.0	1.0	1.0	1.0																5.0	0
2026-09-07	WBC.ASX	35.02000045776367	4.5	7	0.5	1.0	1.0	1.0	0.0	1.0	1.0	1.5	1.0	1.0	1.0	6.2	4	1.5	1.0	1.0	1.0	2.0	1.0	3.5	3	0.5	1.0	0.0	1.0	1.0	5.0	11
2026-09-07	WBD	28.25	5.2	9	1.0	1.0	1.0	1.5	2.0	2.0	0.0	1.0	0.0	2.0	0.0	2.9	6	0.0	2.0	1.0	0.0	0.5	0.0	4.5	5	1.5	1.5	0.0	1.0	0.5	4.5	15
2026-09-07	WBI	32.209999084472656	6.4	8	2.0	1.5	1.0	0.5	1.0	2.0	0.0	1.0	1.0	2.0	2.0	5.0	4	1.0	1.0	1.0	0.0	1.0	2.0	4.0	4	1.0	0.5	0.0	1.0	1.5	6.0	12
2026-09-07	WBT.ASX	3.559999942779541														5.4	3	1.0	1.0	1.0	1.0	0.5	2.0	3.0	4	1.0	1.0	0.0	0.0	1.0	5.4	3
2026-09-07	WBTN	9.970000267028809	5.9	9	1.5	1.5	1.0	0.5	1.0	2.0	2.0	1.0	0.0	0.5	2.0	2.9	4	1.0	1.0	1.0	0.0	0.0	0.5	5.0	5	2.0	1.0	0.0	0.0	2.0	5.0	13
2026-09-07	WBX	3.319999933242798	6.1	6	1.0	2.0	1.0	2.0	1.0	2.0	1.0	1.0	1.0	0.5	1.0	3.3	3	1.0	1.0	1.0	1.0	0.0	0.0	6.0	4	2.0	1.0	1.0	1.0	1.0	5.3	9
2026-09-07	WCC	351.4599914550781	8.0	9	2.0	1.5	1.0	1.5	2.0	2.0	1.5	1.0	1.0	2.0	2.0	5.0	6	1.0	0.0	1.0	1.5	1.0	1.5	4.0	5	1.5	1.0	0.0	1.0	0.5	7.1	15
2026-09-07	WCH.DE	92.30000305175781	5.0	9	0.5	0.5	1.0	1.0	2.0	2.0	0.0	1.5	0.0	0.5	2.0	3.8	4	0.0	1.0	1.0	1.0	0.5	1.0	2.5	4	0.5	0.5	0.0	0.5	1.0	4.6	13
2026-09-07	WCN	164.8699951171875	6.4	10	2.0	2.0	1.0	2.0	0.0	1.5	1.5	1.0	1.0	2.0	0.0	5.4	6	1.0	1.0	1.0	1.0	1.5	1.0	1.5	5	0.0	0.0	0.0	1.0	0.5	6.1	16
2026-09-07	WCPRF	12.989999771118164	5.9	7	2.0	1.5	1.0	1.0	2.0	2.0	1.0	1.0	1.0	0.5	0.0	6.2	4	1.0	1.0	1.0	1.0	1.5	2.0	3.0	4	0.5	1.5	0.0	0.0	1.0	6.0	11
2026-09-07	WD	42.61000061035156	6.6	9	1.5	2.0	1.0	1.0	0.0	2.0	1.5	1.0	0.5	2.0	2.0	6.2	6	1.5	2.0	1.0	2.0	1.0	0.0	5.0	5	1.5	1.5	0.0	1.0	1.0	6.5	15
2026-09-07	WDAY	195.7899932861328	5.7	10	1.5	1.0	1.0	0.5	2.0	1.5	1.5	0.0	1.5	2.0	0.0	7.9	6	2.0	2.0	1.0	1.5	1.5	1.5	2.5	5	1.0	0.0	0.0	0.5	1.0	6.4	16
2026-09-07	WDC	467.4599914550781	6.8	10	1.5	2.0	1.0	1.0	1.0	0.5	2.0	1.0	2.0	2.0	1.0	7.5	6	2.0	0.0	1.0	2.0	2.0	2.0	2.5	5	2.0	0.0	0.0	0.0	0.5	7.0	16
2026-09-07	WDFC	207.57000732421875	7.3	9	1.5	2.0	1.0	1.0	0.0	1.5	2.0	1.0	2.0	2.0	2.0	5.0	6	0.5	1.0	1.0	0.0	1.5	2.0	2.0	5	0.0	0.5	0.0	0.5	1.0	6.6	15
2026-09-07	WDP.BR	21.639999389648438														5.4	5	0.0	1.0	1.0	1.0	2.0	1.5	3.0	4	1.0	0.5	0.0	0.5	1.0	5.4	5
2026-09-07	WDS	22.770000457763672	5.5	7	1.0	1.0	1.0	1.0	2.0	2.0	1.0	1.0	1.0	0.0	1.0	6.7	5	1.5	1.0	1.0	1.0	2.0	1.5	2.0	5	0.0	0.5	0.0	0.5	1.0	5.9	12
2026-09-07	WDS.ASX	32.33000183105469	5.9	7	1.0	1.0	1.0	1.0	2.0	2.0	1.0	1.0	1.0	1.0	1.0	5.8	5	1.5	1.0	1.0	0.0	2.0	1.5	2.0	4	0.0	0.5	0.0	0.5	1.0	5.9	12
2026-09-07	WEAV	7.329999923706055	6.4	9	1.0	1.0	1.0	1.0	2.0	2.0	2.0	1.0	0.0	2.0	1.0	5.0	5	1.0	2.0	1.0	0.0	0.5	1.5	4.0	5	1.5	1.0	0.0	0.5	1.0	6.0	14
2026-09-07	WEB.ASX	3.700000047683716	5.9	8	2.0	2.0	1.0	1.0	2.0	1.0	1.0	1.0	1.0	1.0	0.0	5.4	4	1.0	1.0	1.0	1.0	1.0	1.5	2.5	4	1.0	0.0	0.0	0.5	1.0	5.8	12
2026-09-07	WEB.BR	38.29999923706055														6.2	4	2.0	1.0	1.0	1.0	2.0	0.5	2.5	4	0.0	0.5	0.0	1.0	1.0	6.2	4
2026-09-07	WEC	105.94000244140625	5.0	9	1.5	1.5	1.0	1.0	0.0	1.5	0.5	1.0	1.0	2.0	0.0	6.2	6	1.0	1.0	1.0	2.0	1.5	1.0	4.0	5	0.0	1.0	0.0	1.5	1.5	5.4	15
2026-09-07	WEHB.BR	50.599998474121094														5.8	4	1.5	1.0	0.0	1.0	2.0	1.5	4.0	4	0.5	0.0	2.0	0.5	1.0	5.8	4
2026-09-07	WEIR.L	2724.0	7.0	8	2.0	2.0	1.0	1.0	1.0	1.5	1.0	1.0	1.0	2.0	2.0	5.8	4	1.5	1.0	1.0	1.0	1.5	1.0	3.0	4	1.0	0.0	0.0	1.0	1.0	6.6	12
2026-09-07	WELL.US	236.1699981689453	6.4	10	2.0	1.5	1.0	1.5	1.0	2.0	0.5	1.0	0.5	2.0	1.0	5.8	6	0.5	2.0	1.0	0.0	1.5	2.0	2.5	5	0.5	0.5	0.0	0.5	1.0	6.2	16
2026-09-07	WEN	8.029999732971191	6.8	9	1.0	0.5	1.0	0.0	2.0	1.5	2.0	1.0	2.0	2.0	2.0	5.4	6	1.5	2.0	1.0	0.0	1.0	1.0	3.0	5	0.0	0.0	0.0	2.0	1.0	6.4	15
2026-09-07	WERN	40.040000915527344	5.0	9	1.0	1.5	1.0	1.0	1.0	1.5	0.0	1.0	0.0	2.0	1.0	6.7	6	0.5	2.0	1.0	2.0	0.5	2.0	3.5	5	1.5	0.5	0.0	0.5	1.0	5.5	15
2026-09-07	WES	49.540000915527344	5.5	10	1.0	1.0	1.0	1.5	2.0	1.5	0.5	0.5	2.0	1.0	0.0	7.9	6	1.0	2.0	1.0	1.5	2.0	2.0	5.0	5	0.5	1.5	0.0	1.5	1.5	6.2	16
2026-09-07	WES.ASX	77.30000305175781	5.0	7	0.5	0.5	1.0	1.0	0.0	2.0	1.0	1.0	2.0	1.0	1.0	5.0	4	1.0	1.0	1.0	1.0	1.0	1.0	4.0	4	1.0	0.5	0.0	1.5	1.0	5.0	11
2026-09-07	WEST	7.75	4.5	9	2.0	2.0	1.0	0.5	1.0	1.5	0.0	1.0	0.0	1.0	0.0	3.8	4	1.0	1.0	1.0	0.0	0.5	1.0	5.0	5	1.0	0.0	0.0	2.0	2.0	4.3	13
2026-09-07	WEW.DE	12.600000381469727														5.8	4	1.5	1.0	1.0	1.0	1.0	1.5	3.5	4	1.5	0.5	0.0	0.5	1.0	5.8	4
2026-09-07	WEX	193.91000366210938	6.8	9	1.5	1.0	1.0	0.5	2.0	1.5	1.5	1.0	2.0	2.0	1.0	7.5	6	1.5	2.0	1.0	1.5	1.5	1.5	5.0	5	1.0	1.0	0.0	2.0	1.0	7.0	15
2026-09-07	WEYS	45.369998931884766														5.4	4	1.0	1.0	1.0	1.0	1.5	1.0	3.0	5	1.0	1.0	0.0	0.0	1.0	5.4	4
2026-09-07	WF	74.86000061035156														6.7	5	0.5	1.0	1.0	1.5	2.0	2.0	2.5	4	0.5	0.5	0.0	1.0	0.5	6.7	5
2026-09-07	WFA.DE	3.6600000858306885														5.0	3	1.0	1.0	1.0	1.0	2.0	0.0	6.0	4	1.5	1.5	2.0	0.0	1.0	5.0	3
2026-09-07	WFC	89.97000122070312	7.3	8	1.5	1.5	1.0	2.0	2.0	1.5	1.5	1.0	1.0	2.0	1.0	7.1	6	1.0	2.0	1.0	1.5	2.0	1.0	2.5	4	1.0	0.5	0.0	1.0	0.0	7.2	14
2026-09-07	WFRD	95.87999725341797	8.2	10	2.0	2.0	1.0	1.0	2.0	1.5	1.5	1.5	1.5	2.0	2.0	4.2	6	1.5	1.0	1.0	0.0	1.0	0.5	3.5	5	1.0	0.5	0.0	1.0	1.0	7.0	16
2026-09-07	WGO	31.030000686645508	6.6	9	1.5	1.0	1.0	0.5	1.0	2.0	2.0	1.0	0.5	2.0	2.0	5.4	6	2.0	2.0	1.0	0.0	1.0	0.5	3.5	5	1.0	1.0	0.0	0.5	1.0	6.2	15
2026-09-07	WGS	85.98999786376953	5.0	9	2.0	1.0	1.0	0.0	2.0	1.0	0.0	1.0	0.0	2.0	1.0	4.6	5	1.0	2.0	1.0	0.0	0.0	1.5	4.0	5	2.0	0.0	0.0	0.5	1.5	4.9	14
2026-09-07	WGX.ASX	6.449999809265137	7.5	8	2.0	2.0	1.0	1.0	2.0	1.5	1.0	1.0	1.5	1.5	2.0	6.7	4	1.5	1.0	1.0	1.0	1.5	2.0	2.5	4	1.5	0.0	0.0	0.0	1.0	7.3	12
2026-09-07	WH	71.80000305175781	6.1	10	2.0	2.0	1.0	0.5	0.0	1.5	1.5	1.0	2.0	2.0	0.0	5.0	6	2.0	1.0	1.0	0.0	1.5	0.5	4.5	5	0.5	1.0	0.0	2.0	1.0	5.8	16
2026-09-07	WHA.NV	18.760000228881836														5.0	4	0.0	1.0	1.0	1.0	2.0	1.0	4.0	4	1.0	1.0	0.0	1.0	1.0	5.0	4
2026-09-07	WHATS.BR	146.0														5.0	4	0.5	1.0	1.0	1.0	1.0	1.5	2.0	4	0.0	1.0	0.0	0.0	1.0	5.0	4
2026-09-07	WHC.ASX	8.979999542236328	5.5	8	1.5	0.5	1.0	1.0	1.5	2.0	1.0	0.5	1.0	1.0	1.0	5.8	4	1.0	1.0	1.0	1.0	1.0	2.0	3.0	4	0.0	0.5	1.0	0.5	1.0	5.6	12
2026-09-07	WHD	70.16000366210938	7.3	9	1.5	1.0	1.0	1.0	2.0	1.5	2.0	1.0	1.0	2.0	2.0	7.1	6	0.0	2.0	1.0	2.0	1.5	2.0	4.0	5	1.5	1.5	0.0	0.0	1.0	7.2	15
2026-09-07	WHF	7.099999904632568	5.7	9	0.5	0.5	1.0	2.0	2.0	2.0	1.5	1.0	1.0	1.0	0.0	5.4	5	2.0	1.0	1.0	0.5	2.0	0.0	2.0	5	0.0	0.0	0.0	1.0	1.0	5.6	14
2026-09-07	WHK	27.84000015258789	6.1	8	1.5	2.0	1.0	2.0	1.5	1.5	0.0	1.0	1.0	1.0	1.0	5.0	3	1.0	1.0	1.0	1.0	0.0	2.0	2.0	4	1.0	0.5	0.0	0.0	0.5	5.8	11
2026-09-07	WHR	39.29999923706055	5.0	10	0.5	1.0	1.0	2.0	0.0	1.0	0.0	1.5	1.0	2.0	1.0	3.3	6	1.5	0.0	1.0	0.0	1.0	0.5	4.0	5	1.0	1.5	0.0	1.5	0.0	4.5	16
2026-09-07	WHWK	4.599999904632568	6.1	9	2.0	2.0	1.0	0.5	2.0	1.5	0.5	1.0	0.0	2.0	1.0	4.6	2	1.0	1.0	1.0	1.0	0.5	1.0	4.5	4	1.0	0.5	0.0	1.0	2.0	5.6	11
2026-09-07	WIB.DE	19.309999465942383	5.9	7	1.5	2.0	1.0	1.0	0.0	2.0	1.0	1.0	0.5	2.0	1.0	5.0	4	0.5	1.0	1.0	1.0	1.0	1.5	4.5	4	1.0	1.5	0.0	1.0	1.0	5.6	11
2026-09-07	WIG1.DE	0.02850000001490116														3.3	2	1.0	1.0	1.0	1.0	0.0	0.0	5.5	2	0.5	2.0	1.0	1.0	1.0	3.3	2
2026-09-07	WIHL.ST	78.55000305175781	4.8	8	1.0	1.0	1.0	1.0	1.0	2.0	0.0	1.0	1.0	1.5	0.0	5.8	4	1.0	1.0	1.0	1.0	2.0	1.0	4.0	4	1.0	1.0	0.0	1.0	1.0	5.1	12
2026-09-07	WIL.L	274.0	6.1	7	1.5	2.0	1.0	1.0	1.0	2.0	1.0	1.0	1.0	2.0	0.0	5.8	4	1.0	1.0	1.0	1.0	1.5	1.5	2.0	4	0.0	0.5	0.0	0.5	1.0	6.0	11
2026-09-07	WIMI	1.2100000381469727														5.8	4	2.0	1.0	0.5	1.0	2.0	0.5	4.5	4	1.0	1.5	2.0	0.0	0.0	5.8	4
2026-09-07	WINA	318.1700134277344	5.7	8	1.5	2.0	1.0	0.5	0.0	2.0	0.5	1.0	1.0	2.0	1.0	5.0	6	1.5	0.0	1.0	0.5	2.0	1.0	6.0	4	0.5	2.0	1.0	1.0	1.5	5.5	14
2026-09-07	WINE.L	66.4000015258789														3.8	3	1.0	1.0	1.0	1.0	0.5	0.0	3.5	4	1.5	1.0	0.0	0.0	1.0	3.8	3
2026-09-07	WING	109.20500183105469	6.6	8	2.0	2.0	1.0	0.5	0.0	1.0	2.0	1.0	1.0	2.0	2.0	5.8	6	1.5	2.0	1.0	0.0	1.5	1.0	5.5	4	1.5	2.0	0.0	1.0	1.0	6.4	14
2026-09-07	WISE.L	943.4000244140625	6.1	8	1.5	1.5	1.0	1.0	2.0	1.0	1.0	0.5	2.0	1.0	1.0	5.4	4	0.0	1.0	1.0	1.0	1.5	2.0	2.5	4	1.5	0.0	0.0	0.0	1.0	5.9	12
2026-09-07	WIT	1.809999942779541	4.3	10	0.5	0.5	1.0	1.5	0.0	2.0	0.5	0.0	1.5	0.0	2.0	4.6	6	1.5	0.0	1.0	0.0	1.5	1.5	3.0	5	0.0	1.5	0.0	0.0	1.5	4.4	16
2026-09-07	WIX	76.20999908447266	5.9	8	1.5	1.5	1.0	0.5	2.0	0.5	2.0	1.0	1.0	2.0	0.0	5.4	6	2.0	1.0	1.0	0.5	0.5	1.5	3.5	4	1.0	0.5	0.0	1.0	1.0	5.8	14
2026-09-07	WIX.L	191.60000610351562	6.6	7	2.0	2.0	1.0	1.0	0.0	1.5	1.0	1.0	2.0	2.0	1.0	5.4	4	1.5	1.0	1.0	1.0	1.0	1.0	4.5	4	1.0	0.5	0.0	2.0	1.0	6.2	11
2026-09-07	WIZZ.L	1075.0	3.9	7	1.0	1.0	1.0	1.0	0.0	1.5	0.0	1.0	0.0	1.0	1.0	5.4	4	2.0	1.0	1.0	1.0	0.5	1.0	5.0	4	2.0	0.0	0.0	2.0	1.0	4.3	11
2026-09-07	WJG.L	16.5														3.8	3	1.0	1.0	1.0	1.0	0.5	0.0	4.0	4	1.5	1.5	0.0	0.0	1.0	3.8	3
2026-09-07	WJL.ASX	0.36000001430511475														4.6	4	0.5	1.0	1.0	1.0	1.0	1.0	4.0	3	1.0	2.0	0.0	0.0	1.0	4.6	4
2026-09-07	WK	76.55000305175781	7.0	9	1.5	1.5	1.0	1.0	2.0	1.5	2.0	1.0	1.0	2.0	1.0	6.2	6	0.0	2.0	1.0	2.0	1.0	1.5	2.5	4	0.0	0.0	0.0	1.0	1.5	6.8	15
2026-09-07	WKC	35.400001525878906	5.0	9	0.5	1.0	1.0	0.0	1.0	1.5	2.0	1.0	0.0	2.0	1.0	5.8	6	1.5	0.0	1.0	2.0	0.5	2.0	3.0	5	1.0	0.5	0.0	0.5	1.0	5.2	15
2026-09-07	WKHS	3.0899999141693115														5.0	3	1.0	1.0	1.0	1.0	0.0	2.0	6.0	4	1.0	1.5	0.0	2.0	1.5	5.0	3
2026-09-07	WKL.NV	68.86000061035156	6.1	8	1.5	1.5	1.0	1.0	1.0	2.0	1.0	0.5	2.0	2.0	0.0	5.4	4	1.0	1.0	1.0	1.0	2.0	0.5	3.5	4	0.0	0.5	0.0	2.0	1.0	5.9	12
2026-09-07	WKP.L	370.3999938964844	5.2	7	0.5	0.5	1.0	1.0	2.0	2.0	1.0	1.0	0.0	1.5	1.0	3.8	4	1.0	1.0	1.0	1.0	0.0	0.5	2.5	4	1.0	0.0	0.0	0.5	1.0	4.8	11
2026-09-07	WLDN	85.77999877929688	7.0	9	1.5	2.0	1.0	0.5	1.0	2.0	2.0	1.0	1.5	2.0	1.0	6.7	6	2.0	2.0	1.0	0.0	1.0	2.0	3.0	5	1.0	0.5	0.0	0.0	1.5	6.9	15
2026-09-07	WLDS	1.8300000429153442														5.0	3	1.0	1.0	1.0	1.0	0.5	1.5	4.0	5	2.0	2.0	0.0	0.0	0.0	5.0	3
2026-09-07	WLFC	56.220001220703125														7.1	5	2.0	1.0	1.0	2.0	1.5	1.0	4.0	5	0.5	0.0	0.0	2.0	1.5	7.1	5
2026-09-07	WLK	74.79000091552734	4.8	10	1.5	2.0	1.0	0.5	0.0	1.5	0.0	1.0	0.0	1.0	2.0	3.8	6	1.0	1.0	1.0	0.0	0.0	1.5	2.5	5	0.5	0.5	0.0	0.5	1.0	4.5	16
2026-09-07	WLN.PA	14.54800033569336	5.5	8	1.5	1.5	1.0	1.0	2.0	1.5	1.0	0.0	0.0	1.5	1.0	4.6	4	2.0	1.0	1.0	1.0	0.0	0.5	4.0	4	2.0	0.5	0.0	0.5	1.0	5.2	12
2026-09-07	WLTH	9.579999923706055	6.1	10	1.0	1.5	1.0	1.0	1.5	2.0	2.0	1.0	0.0	1.5	1.0	3.8	5	1.0	1.0	1.0	0.5	0.0	1.0	3.0	4	1.0	0.5	0.0	0.0	1.5	5.4	15
2026-09-07	WLY	48.189998626708984														3.8	4	0.0	1.0	0.5	1.0	1.5	0.5	5.5	5	0.5	0.5	1.0	1.5	2.0	3.8	4
2026-09-07	WM	218.99000549316406	6.4	10	1.5	1.5	1.0	2.0	0.0	2.0	1.0	1.0	2.0	2.0	0.0	4.6	6	1.0	0.0	1.0	1.0	1.5	1.0	2.5	5	0.0	0.0	0.0	1.5	1.0	5.9	16
2026-09-07	WMB	74.1500015258789	7.5	10	2.0	1.5	1.0	1.5	2.0	1.5	1.5	2.0	1.5	2.0	0.0	5.8	6	1.0	2.0	1.0	0.0	2.0	1.0	3.5	5	0.5	0.5	0.0	1.5	1.0	7.0	16
2026-09-07	WMG	28.780000686645508	7.0	9	1.5	2.0	1.0	1.0	2.0	1.0	2.0	1.0	2.0	2.0	0.0	5.8	6	2.0	0.0	1.0	1.5	1.0	1.5	4.5	5	1.5	0.0	0.0	2.0	1.0	6.6	15
2026-09-07	WMK	71.9800033569336														5.0	4	1.0	1.0	1.0	1.0	1.0	1.0	2.0	5	0.0	0.0	0.0	0.0	2.0	5.0	4
2026-09-07	WMS	135.75999450683594	8.0	9	2.0	2.0	1.0	1.5	0.0	2.0	2.0	1.0	2.0	2.0	2.0	5.4	6	1.5	0.0	1.0	0.5	1.5	2.0	4.5	5	1.5	1.0	0.0	1.0	1.0	7.2	15
2026-09-07	WMT	107.13999938964844	5.9	10	2.0	1.5	1.0	2.0	0.0	1.5	1.5	1.0	1.5	1.0	0.0	4.2	6	0.0	2.0	1.0	0.0	1.0	1.0	2.0	5	0.5	0.5	0.0	0.5	0.5	5.4	16
2026-09-07	WNC	14.3100004196167	6.1	9	1.5	2.0	1.0	1.0	2.0	2.0	0.0	1.0	0.0	2.0	1.0	5.0	6	2.0	2.0	1.0	0.0	0.5	0.5	5.5	5	1.5	2.0	0.0	1.5	0.5	5.8	15
2026-09-07	WOLF	28.350000381469727	4.8	8	1.0	1.0	1.0	1.0	0.0	2.0	0.0	1.0	0.5	2.0	1.0	5.8	5	1.0	2.0	1.0	2.0	1.0	0.0	4.0	4	1.0	0.5	0.0	1.5	1.0	5.1	13
2026-09-07	WOOF	2.700000047683716	5.0	9	1.0	2.0	1.0	0.0	0.0	1.5	2.0	1.0	0.5	2.0	0.0	5.0	6	0.5	0.0	2.0	2.0	1.0	0.5	7.5	5	1.5	0.5	2.0	1.5	2.0	5.0	15
2026-09-07	WOR	62.4900016784668	7.0	9	1.5	1.5	1.0	1.5	1.5	2.0	0.5	1.0	1.5	1.5	2.0	5.4	6	1.0	1.0	1.0	0.5	1.5	1.5	5.0	5	1.5	1.0	1.0	0.5	1.0	6.5	15
2026-09-07	WOR.ASX	10.069999694824219	5.0	7	1.5	1.5	1.0	1.0	0.0	1.5	1.0	1.0	0.5	1.0	1.0	4.2	5	1.5	1.0	1.0	0.0	1.0	0.5	3.0	4	0.0	1.5	0.0	0.5	1.0	4.8	12
2026-09-07	WOSG.L	695.0	7.3	8	2.0	2.0	1.0	1.0	1.0	2.0	1.0	1.0	1.5	1.5	2.0	5.8	4	1.5	1.0	1.0	1.0	1.0	1.5	4.5	4	2.0	0.5	0.0	1.0	1.0	6.8	12
2026-09-07	WOW.ASX	39.81999969482422	4.8	8	0.5	0.5	1.0	1.0	2.0	2.0	1.0	0.0	1.5	1.0	0.0	5.0	4	1.0	1.0	1.0	1.0	1.0	1.0	4.5	4	0.0	1.5	0.0	2.0	1.0	4.9	12
2026-09-07	WPC	70.37999725341797	6.6	10	1.0	1.5	1.0	1.0	0.0	2.0	2.0	2.0	1.0	2.0	1.0	5.0	6	1.5	0.0	1.0	0.0	2.0	1.5	3.0	5	0.5	0.0	0.0	1.0	1.5	6.1	16
2026-09-07	WPM	154.97999572753906	7.0	8	2.0	1.5	1.0	1.0	2.0	2.0	1.5	1.0	1.5	2.0	0.0	5.8	6	2.0	0.0	1.0	0.0	2.0	2.0	3.0	5	1.5	1.0	0.0	0.0	0.5	6.6	14
2026-09-07	WPP	25.31999969482422														3.3	4	0.0	1.0	1.0	1.0	0.5	0.5	4.5	5	0.5	1.0	0.0	2.0	1.0	3.3	4
2026-09-07	WPP.L	374.8999938964844	4.8	7	1.0	0.5	1.0	1.0	2.0	1.5	1.0	1.0	0.0	1.5	0.0	3.3	4	0.0	1.0	1.0	1.0	0.5	0.5	4.5	4	0.5	1.0	0.0	2.0	1.0	4.3	11
2026-09-07	WPR.ASX	2.319999933242798	5.7	8	1.5	1.5	1.0	1.0	0.0	2.0	1.0	2.0	1.0	1.5	0.0	5.4	4	1.5	1.0	1.0	1.0	2.0	0.0	4.0	4	1.0	1.5	0.0	0.5	1.0	5.6	12
2026-09-07	WRB.US	69.13999938964844	5.7	9	1.0	1.0	1.0	2.0	0.0	1.5	1.5	1.0	1.5	2.0	0.0	5.0	6	0.0	1.0	1.0	1.5	1.5	1.0	0.5	5	0.0	0.0	0.0	0.5	0.0	5.5	15
2026-09-07	WRBY	24.350000381469727	6.4	10	2.0	2.0	1.0	0.0	0.0	2.0	1.5	1.0	0.5	2.0	2.0	4.2	6	0.0	2.0	1.0	0.0	1.0	1.0	4.0	5	2.0	0.0	0.0	0.5	1.5	5.7	16
2026-09-07	WRD	5.980000019073486	5.2	9	1.5	2.0	1.0	1.5	1.0	2.0	0.0	1.0	0.0	0.5	1.0	6.7	5	1.0	2.0	1.0	2.0	0.0	2.0	3.0	4	1.0	1.0	0.0	0.0	1.0	5.6	14
2026-09-07	WRKS.L	87.30000305175781														5.4	3	1.5	1.0	1.0	1.0	1.0	1.0	6.0	4	0.0	1.0	2.0	2.0	1.0	5.4	3
2026-09-07	WRLD	190.5399932861328														6.7	5	2.0	1.0	1.0	2.0	1.0	1.0	4.0	5	1.0	0.5	0.0	1.5	1.0	6.7	5
2026-09-07	WRT1V.HE	29.1200008392334														3.8	5	0.5	1.0	1.0	0.5	1.0	0.5	3.0	4	1.5	0.5	0.0	0.0	1.0	3.8	5
2026-09-07	WS	36.16999816894531	5.5	9	1.5	2.0	1.0	1.0	1.0	2.0	0.0	1.0	0.0	1.5	1.0	6.2	6	0.0	2.0	1.0	2.0	1.0	1.5	3.5	5	2.0	0.0	0.0	0.0	1.5	5.7	15
2026-09-07	WSBC	41.33000183105469	6.8	8	1.5	1.0	1.0	1.0	2.0	2.0	1.5	1.0	1.0	2.0	1.0	5.8	6	1.5	1.0	1.0	0.5	2.0	1.0	6.0	4	0.5	1.0	2.0	1.0	1.5	6.5	14
2026-09-07	WSBF	21.520000457763672														6.2	4	1.5	1.0	1.0	1.0	2.0	1.0	5.0	4	0.5	2.0	0.0	1.0	1.5	6.2	4
2026-09-07	WSC	19.979999542236328	5.2	9	1.5	2.0	1.0	0.5	0.0	2.0	1.5	1.0	0.0	2.0	0.0	3.8	6	1.5	0.0	1.0	0.5	0.5	1.0	5.0	5	1.5	0.5	0.0	2.0	1.0	4.8	15
2026-09-07	WSE	12.779999732971191	6.6	8	1.5	1.5	1.0	1.0	1.5	1.0	1.0	2.0	2.0	1.0	1.0	5.4	4	0.0	1.0	1.0	1.0	1.5	2.0	2.5	5	1.5	0.5	0.0	0.0	0.5	6.2	12
2026-09-07	WSFS	79.37000274658203	7.0	8	1.0	1.5	1.0	1.0	2.0	2.0	2.0	1.0	1.0	2.0	1.0	8.3	6	2.0	2.0	1.0	2.0	2.0	1.0	3.5	4	0.5	1.0	0.0	1.0	1.0	7.4	14
2026-09-07	WSHP	5.039999961853027														3.8	3	1.0	1.0	1.0	1.0	0.5	0.0	4.5	4	1.0	2.0	0.0	0.5	1.0	3.8	3
2026-09-07	WSM	227.4199981689453	7.5	10	1.5	1.5	1.0	1.5	1.0	2.0	2.0	1.0	2.0	2.0	1.0	6.2	6	0.5	2.0	1.0	1.5	1.5	1.0	4.0	5	1.5	0.5	0.0	0.5	1.5	7.1	16
2026-09-07	WSO	315.1300048828125	6.4	9	1.5	2.0	1.0	2.0	0.0	1.5	0.5	1.0	1.5	2.0	1.0	4.2	6	1.5	0.0	1.0	0.5	1.0	1.0	2.0	5	1.0	1.0	0.0	0.0	0.0	5.7	15
2026-09-07	WST	339.9700012207031	8.4	10	2.0	1.5	1.0	1.5	1.0	2.0	2.0	2.0	1.5	2.0	2.0	5.0	6	0.5	0.0	1.0	1.5	1.5	1.5	2.0	5	1.0	0.5	0.0	0.0	0.5	7.4	16
2026-09-07	WSU.DE	39.5														5.4	4	1.0	1.0	1.0	1.0	1.0	1.5	3.5	4	0.5	0.5	0.0	1.5	1.0	5.4	4
2026-09-07	WT	24.889999389648438	7.5	10	2.0	1.0	1.0	0.5	2.0	1.5	2.0	1.0	1.5	2.0	2.0	5.8	6	1.0	1.0	1.0	0.5	1.5	2.0	6.0	5	1.5	1.5	0.0	2.0	1.0	7.0	16
2026-09-07	WTB.L	2380.0	5.2	8	1.5	0.5	1.0	1.0	0.0	2.0	1.0	1.5	1.0	2.0	0.0	5.0	4	1.0	1.0	1.0	1.0	1.0	1.0	3.5	4	0.5	0.5	0.0	1.5	1.0	5.1	12
2026-09-07	WTC.ASX	36.2599983215332	5.0	8	2.0	2.0	1.0	1.0	0.0	1.0	1.0	0.5	1.0	0.5	1.0	5.4	4	0.0	1.0	1.0	1.0	1.5	2.0	4.0	4	1.0	1.0	0.0	1.0	1.0	5.1	12
2026-09-07	WTFC	154.1199951171875	6.8	8	1.5	1.5	1.0	1.5	1.0	2.0	1.5	1.0	1.0	2.0	1.0	5.8	6	1.5	0.0	1.0	1.0	2.0	1.5	3.5	4	1.0	0.5	0.0	1.0	1.0	6.5	14
2026-09-07	WTI	3.819999933242798	5.9	8	1.5	1.5	1.0	0.5	2.0	2.0	0.0	1.0	1.0	1.5	1.0	4.2	6	2.0	0.0	1.0	0.0	0.0	2.0	2.0	4	0.0	0.0	0.0	1.0	1.0	5.4	14
2026-09-07	WTM	2103.489990234375														7.5	4	2.0	1.0	1.0	1.0	2.0	2.0	2.0	5	0.0	0.5	0.0	0.0	1.5	7.5	4
2026-09-07	WTRG	41.70000076293945	5.7	10	0.5	1.0	1.0	1.5	2.0	2.0	1.5	0.0	1.0	2.0	0.0	5.8	6	0.5	2.0	1.0	0.5	2.0	1.0	4.0	5	0.5	1.0	1.0	1.0	0.5	5.7	16
2026-09-07	WTS	363.1300048828125	8.2	10	1.5	1.5	1.0	1.5	2.0	1.5	2.0	1.5	1.5	2.0	2.0	5.4	6	0.5	0.0	1.0	2.0	1.5	1.5	2.5	5	1.0	0.5	0.0	0.0	1.0	7.4	16
2026-09-07	WTTR	20.059999465942383	8.0	9	1.5	2.0	1.0	1.5	2.0	2.0	2.0	1.0	0.5	2.0	2.0	4.2	6	0.0	0.0	1.0	2.0	1.0	1.0	2.5	5	1.0	1.0	0.0	0.0	0.5	6.9	15
2026-09-07	WTW	334.739990234375	7.5	9	2.0	1.5	1.0	1.5	2.0	1.5	1.5	1.0	1.5	2.0	1.0	6.7	6	1.5	2.0	1.0	1.0	1.5	1.0	3.0	5	0.0	1.0	0.0	1.0	1.0	7.3	15
2026-09-07	WU	7.179999828338623	4.3	9	0.5	1.0	1.0	0.5	0.0	1.5	0.0	1.0	2.0	2.0	0.0	3.8	6	0.0	2.0	1.0	0.0	1.0	0.5	4.0	5	0.5	0.5	0.0	2.0	1.0	4.1	15
2026-09-07	WULF	16.510000228881836	3.9	9	2.0	2.0	1.0	0.0	0.0	0.5	0.0	1.0	0.0	2.0	0.0	4.2	5	1.0	2.0	1.0	0.0	0.5	0.5	5.0	5	2.0	0.0	0.0	2.0	1.0	4.0	14
2026-09-07	WUW.DE	14.5														5.0	4	1.5	1.0	1.0	1.0	1.0	0.5	3.5	4	0.5	0.5	0.0	1.5	1.0	5.0	4
2026-09-07	WVE	4.860000133514404	5.5	9	2.0	2.0	1.0	0.5	0.0	1.0	1.5	1.0	0.0	2.0	1.0	4.6	5	1.0	2.0	1.0	1.0	0.5	0.0	4.5	5	1.5	2.0	0.0	0.0	1.0	5.2	14
2026-09-07	WW	18.020000457763672														3.3	5	2.0	1.0	1.0	0.0	0.0	0.0	4.5	4	1.0	0.5	0.0	1.5	1.5	3.3	5
2026-09-07	WWD	346.2200012207031	8.0	9	2.0	2.0	1.0	2.0	0.0	2.0	2.0	1.0	1.5	2.0	2.0	6.7	6	1.0	2.0	1.0	0.5	1.5	2.0	2.0	5	1.0	0.0	0.0	0.5	0.5	7.6	15
2026-09-07	WWW	20.760000228881836	7.3	9	1.5	1.5	1.0	0.5	2.0	1.0	1.5	1.0	2.0	2.0	2.0	7.1	6	1.0	2.0	1.5	2.0	1.0	1.0	5.5	5	1.5	0.0	1.0	1.5	1.5	7.2	15
2026-09-07	WY	23.020000457763672	6.6	10	1.5	2.0	1.0	1.5	0.0	1.5	2.0	0.5	0.5	2.0	2.0	6.2	6	1.0	2.0	1.0	2.0	1.0	0.5	3.0	5	1.0	0.5	0.0	0.5	1.0	6.5	16
2026-09-07	WYFI	19.540000915527344	3.6	10	2.0	2.0	1.0	0.0	0.0	1.0	0.0	1.5	0.0	0.5	0.0	4.2	5	1.0	1.0	1.0	0.0	0.0	2.0	3.0	4	1.0	0.5	0.0	1.0	0.5	3.8	15
2026-09-07	WYNN	91.54000091552734	5.9	9	2.0	2.0	1.0	1.0	0.0	2.0	0.5	1.5	1.0	2.0	0.0	5.4	6	2.0	1.0	1.0	0.5	1.0	1.0	4.5	4	1.0	1.5	0.0	1.0	1.0	5.8	15
2026-09-07	XAR.L	116.5	6.1	7	1.5	2.0	1.0	1.0	0.0	2.0	1.0	1.0	0.0	2.0	2.0	5.4	4	2.0	1.0	1.0	1.0	0.5	1.0	2.5	4	0.5	0.0	1.0	0.0	1.0	5.9	11
2026-09-07	XBP	3.0999999046325684	6.4	9	1.5	2.0	1.0	2.0	1.0	2.0	0.0	1.0	2.0	1.5	0.0	5.8	4	1.0	1.0	1.0	1.0	2.0	1.0	3.5	5	0.0	1.5	0.0	2.0	0.0	6.2	13
2026-09-07	XD4.DE	96.69999694824219														5.8	4	1.5	1.0	1.0	1.0	1.0	1.5	2.5	4	0.0	1.5	0.0	0.0	1.0	5.8	4
2026-09-07	XE	17.709999084472656	5.2	8	2.0	2.0	1.0	1.0	0.5	1.0	0.0	1.0	1.0	1.0	1.0	5.0	3	1.0	1.0	1.0	1.0	0.0	2.0	3.0	4	1.0	1.0	0.0	0.0	1.0	5.1	11
2026-09-07	XEL	75.72000122070312	6.1	10	2.0	2.0	1.0	1.0	0.0	2.0	1.5	1.0	1.0	2.0	0.0	5.0	6	1.0	2.0	1.0	0.0	1.5	0.5	3.5	5	0.0	0.5	0.0	1.5	1.5	5.8	16
2026-09-07	XELA	0.0020000000949949026														4.6	3	1.0	1.0	1.0	1.0	0.5	1.0	7.0	4	2.0	2.0	0.0	1.0	2.0	4.6	3
2026-09-07	XENE	59.75	6.4	9	2.0	2.0	1.0	1.0	1.0	2.0	1.0	1.0	0.0	2.0	1.0	4.2	4	1.0	0.0	1.0	1.5	0.5	1.0	2.5	5	0.5	0.5	0.0	0.0	1.5	5.7	13
2026-09-07	XERS	8.529999732971191	6.8	8	1.5	1.5	1.0	1.5	2.0	1.0	2.0	1.0	1.0	1.5	1.0	5.4	5	1.0	2.0	1.0	0.0	0.5	2.0	3.5	4	1.0	0.5	0.0	1.0	1.0	6.4	13
2026-09-07	XFAB.PA	6.045000076293945	3.9	8	1.5	2.0	1.0	1.0	0.0	1.0	0.0	1.0	0.5	0.5	0.0	3.8	4	0.0	1.0	1.0	1.0	1.0	0.5	4.0	4	1.5	1.0	0.0	0.5	1.0	3.9	12
2026-09-07	XHR	17.969999313354492	6.4	10	1.5	1.5	1.0	1.0	1.0	2.0	2.0	0.0	0.0	2.0	2.0	6.2	5	1.0	2.0	1.0	2.0	0.5	1.0	3.0	5	1.0	0.0	0.0	1.0	1.0	6.3	15
2026-09-07	XIFR	12.140000343322754	6.1	9	1.0	1.0	1.0	1.0	2.0	2.0	2.0	1.0	0.0	1.5	1.0	5.0	5	0.0	2.0	1.0	1.0	1.0	1.0	3.0	5	1.0	0.5	0.0	0.5	1.0	5.8	14
2026-09-07	XIOR.BR	27.049999237060547														6.2	4	1.5	1.0	1.0	1.0	2.0	1.0	5.0	4	0.5	0.5	2.0	1.0	1.0	6.2	4
2026-09-07	XMTR	92.52999877929688	7.0	10	1.5	1.5	1.0	1.0	2.0	1.5	2.0	2.0	0.0	2.0	1.0	5.4	5	1.0	2.0	1.0	0.0	0.5	2.0	4.0	5	1.5	1.0	0.0	0.5	1.0	6.5	15
2026-09-07	XNCR	26.610000610351562	5.9	10	2.0	1.5	1.0	0.0	2.0	0.5	2.0	1.0	0.0	2.0	1.0	5.4	5	1.0	1.0	1.0	2.0	0.0	1.5	4.5	5	1.0	1.0	0.0	0.5	2.0	5.8	15
2026-09-07	XNET	4.880000114440918														3.3	4	0.5	1.0	1.0	1.0	0.0	0.5	3.5	5	1.0	1.5	0.0	0.0	1.0	3.3	4
2026-09-07	XOM	159.47000122070312	7.3	10	1.5	1.5	1.0	2.0	2.0	2.0	1.5	1.0	1.0	1.5	1.0	5.8	6	1.5	0.0	1.0	1.5	1.0	2.0	1.0	5	0.0	0.5	0.0	0.0	0.5	6.8	16
2026-09-07	XOS	3.049999952316284														4.2	4	1.0	1.0	1.0	2.0	0.0	0.0	3.5	5	2.0	0.5	0.0	0.5	0.5	4.2	4
2026-09-07	XP	19.860000610351562	7.5	10	2.0	1.5	1.0	1.5	1.5	1.5	1.0	2.0	1.5	2.0	1.0	6.7	6	2.0	0.0	1.0	1.5	2.0	1.5	4.0	5	1.0	0.0	0.0	2.0	1.0	7.3	16
2026-09-07	XPEL	51.45000076293945	7.7	9	1.5	2.0	1.0	0.5	2.0	2.0	1.5	1.0	1.5	2.0	2.0	5.4	5	0.5	1.0	1.0	1.0	1.5	1.5	4.0	5	1.0	1.0	0.0	0.0	2.0	7.0	14
2026-09-07	XPER	5.789999961853027	6.6	9	2.0	2.0	1.0	1.0	0.0	1.5	2.0	1.0	0.0	2.0	2.0	3.8	4	1.0	1.0	1.0	0.0	0.5	1.0	3.5	5	1.0	1.0	0.0	0.0	1.5	5.8	13
2026-09-07	XPEV	10.949999809265137	5.0	10	1.0	2.0	1.0	1.0	0.0	1.5	2.0	1.0	0.0	0.5	1.0	2.9	5	1.0	0.0	1.0	0.0	0.5	1.0	5.5	5	1.0	2.0	0.0	1.0	1.5	4.4	15
2026-09-07	XPO	193.10000610351562	7.3	10	2.0	2.0	1.0	1.0	1.0	1.5	2.0	1.0	1.5	2.0	1.0	7.1	6	1.0	2.0	1.0	2.0	1.0	1.5	4.5	5	1.5	0.0	0.0	1.5	1.5	7.2	16
2026-09-07	XPOF	4.909999847412109	3.9	8	1.0	1.5	1.0	0.0	0.0	1.0	0.0	1.0	1.0	2.0	0.0	3.3	4	1.0	1.0	1.0	1.0	0.0	0.0	4.5	4	1.0	1.0	0.0	1.0	1.5	3.7	12
2026-09-07	XPON	5.860000133514404														3.3	3	1.0	1.0	1.0	1.0	0.0	0.0	1.5	5	0.5	1.0	0.0	0.0	0.0	3.3	3
2026-09-07	XPP.L	1810.0	5.7	7	1.0	1.0	1.0	1.0	2.0	2.0	1.0	1.0	0.0	1.5	1.0	3.3	4	0.0	1.0	1.0	1.0	0.5	0.5	4.0	4	2.0	0.5	0.0	0.5	1.0	5.0	11
2026-09-07	XPRO	17.959999084472656	6.1	9	0.5	0.5	1.0	1.0	2.0	2.0	1.0	1.0	0.5	2.0	2.0	3.8	6	2.0	0.0	1.0	0.0	1.0	0.5	3.5	5	1.0	1.0	0.0	0.0	1.5	5.4	15
2026-09-07	XPS.L	315.5	6.8	8	2.0	2.0	1.0	1.0	0.0	2.0	1.0	1.0	1.0	2.0	2.0	5.4	4	0.5	1.0	1.0	1.0	1.5	1.5	3.5	4	0.0	0.0	2.0	0.5	1.0	6.4	12
2026-09-07	XRAY	11.380000114440918	5.5	9	1.0	2.0	1.0	0.5	0.0	1.0	1.5	1.0	0.0	2.0	2.0	4.6	6	2.0	2.0	1.0	0.0	0.0	0.5	3.5	5	1.0	0.0	0.0	1.5	1.0	5.2	15
2026-09-07	XRO.ASX	76.23999786376953	5.7	7	1.5	2.0	1.0	1.0	1.0	1.5	1.0	1.0	0.5	1.0	1.0	5.8	3	1.0	1.0	1.0	1.0	1.0	2.0	3.0	4	0.5	1.0	0.0	0.5	1.0	5.7	10
2026-09-07	XRX	3.319999933242798	6.4	9	1.5	2.0	1.0	0.0	2.0	1.5	2.0	1.0	0.0	2.0	1.0	5.0	6	2.0	1.0	1.0	0.0	0.0	2.0	6.5	5	2.0	0.5	0.0	2.0	2.0	6.0	15
2026-09-07	XRXDW	0.3424000144004822														5.0	2	1.0	1.0	1.0	1.0	0.0	2.0	6.0	3	2.0	0.0	1.0	2.0	1.0	5.0	2
2026-09-07	XTIA	1.059999942779541														4.2	4	1.0	1.0	1.0	0.0	0.0	2.0	5.0	4	0.0	1.5	1.0	1.0	1.5	4.2	4
2026-09-07	XTP.DE	106.0														7.5	4	2.0	1.0	1.0	1.0	2.0	2.0	2.5	3	0.0	0.5	0.0	1.0	1.0	7.5	4
2026-09-07	XVIVO.ST	259.79998779296875														4.2	5	0.0	1.0	1.0	0.0	1.0	2.0	2.5	4	1.5	0.0	0.0	0.0	1.0	4.2	5
2026-09-07	XXI	6.099999904632568														4.6	2	1.0	1.0	1.0	1.0	0.5	1.0	4.0	5	1.5	1.5	0.0	0.0	1.0	4.6	2
2026-09-07	XXII	2.450000047683716														4.2	4	2.0	1.0	1.0	1.0	0.0	0.0	2.5	5	0.5	2.0	0.0	0.0	0.0	4.2	4
2026-09-07	XYL	105.69000244140625	6.8	9	1.5	2.0	1.0	1.5	0.0	1.5	1.5	1.0	1.0	2.0	2.0	5.0	6	1.5	0.0	1.0	1.0	1.5	1.0	4.0	5	1.0	2.0	0.0	0.0	1.0	6.3	15
2026-09-07	XYZ	82.76000213623047	7.7	10	2.0	2.0	1.0	1.5	2.0	1.5	1.5	1.0	0.5	2.0	2.0	7.1	6	2.0	2.0	1.0	1.5	1.0	1.0	4.0	5	2.0	1.0	0.0	0.5	0.5	7.5	16
2026-09-07	XYZ.ASX	112.69000244140625														6.2	5	2.0	1.0	1.0	1.5	1.0	1.0	4.0	4	2.0	0.5	0.0	0.5	1.0	6.2	5
2026-09-07	XZO	16.549999237060547														5.8	5	1.0	1.0	1.0	1.0	2.0	1.0	2.5	4	1.0	0.5	0.0	0.0	1.0	5.8	5
2026-09-07	YAL.ASX	6.369999885559082	6.1	7	2.0	1.5	1.0	1.0	2.0	1.5	1.0	1.0	0.5	0.0	2.0	5.8	4	1.0	1.0	1.5	1.0	1.0	1.5	2.5	4	0.5	0.0	1.0	0.0	1.0	6.0	11
2026-09-07	YALA	5.480000019073486														6.2	4	2.0	1.0	1.0	1.0	2.0	0.5	2.5	5	0.5	1.0	0.0	0.0	1.0	6.2	4
2026-09-07	YELP	21.65999984741211	6.8	9	1.5	2.0	1.0	0.0	0.0	2.0	2.0	1.0	1.5	2.0	2.0	4.2	6	2.0	0.0	1.0	0.0	1.0	1.0	3.5	5	0.0	1.0	1.0	0.0	1.5	6.0	15
2026-09-07	YETI	40.81999969482422	7.3	10	1.5	2.0	1.0	0.5	0.0	1.5	2.0	1.5	2.0	2.0	2.0	4.2	6	1.5	0.0	1.0	0.5	1.0	1.0	3.0	5	1.5	0.0	0.0	0.5	1.0	6.4	16
2026-09-07	YEXT	6.510000228881836	7.0	9	1.0	1.5	1.0	1.0	2.0	2.0	2.0	1.0	2.0	2.0	0.0	5.0	6	0.5	1.0	1.0	2.0	1.0	0.5	4.5	5	1.0	0.0	0.0	2.0	1.5	6.4	15
2026-09-07	YIT.HE	3.4800000190734863														4.6	5	2.0	1.0	1.0	0.0	0.5	1.0	5.0	4	1.0	2.0	0.0	1.0	1.0	4.6	5
2026-09-07	YMM	8.649999618530273	6.6	9	1.5	2.0	1.0	1.5	0.0	2.0	1.5	1.0	1.0	2.0	1.0	6.2	6	1.5	0.0	1.0	2.0	2.0	1.0	2.0	5	0.0	1.0	0.0	0.0	1.0	6.5	15
2026-09-07	YNGA.L	842.0														5.0	4	1.0	1.0	1.0	1.0	1.0	1.0	2.5	4	1.0	0.0	0.0	0.5	1.0	5.0	4
2026-09-07	YNGN.L	692.0														5.0	4	1.0	1.0	1.0	1.0	1.0	1.0	3.0	4	1.0	0.5	0.0	0.5	1.0	5.0	4
2026-09-07	YOC.DE	4.980000019073486														4.2	3	1.0	1.0	1.0	1.0	0.5	0.5	4.0	4	1.0	2.0	0.0	0.0	1.0	4.2	3
2026-09-07	YORW.US	34.04999923706055														6.2	5	0.0	1.0	1.0	1.5	2.0	2.0	3.0	5	0.5	1.0	0.0	0.5	1.0	6.2	5
2026-09-07	YOU	44.33000183105469	7.0	9	2.0	2.0	1.0	0.5	0.0	2.0	2.0	1.0	2.0	2.0	1.0	5.4	6	0.5	0.0	1.0	1.5	1.5	2.0	3.0	5	1.0	0.0	0.0	0.5	1.5	6.5	15
2026-09-07	YPF	52.619998931884766	5.5	8	1.5	1.5	1.0	1.0	2.0	2.0	0.0	1.0	1.0	1.0	0.0	7.5	6	2.0	1.0	1.0	2.0	1.0	2.0	3.0	5	0.0	1.0	0.0	1.0	1.0	6.1	14
2026-09-07	YSN.DE	180.8000030517578	6.6	7	1.5	2.0	1.0	1.0	1.0	2.0	1.0	1.0	1.5	0.5	2.0	7.1	4	1.5	1.0	2.0	1.0	1.0	2.0	4.5	4	1.0	0.5	2.0	0.0	1.0	6.7	11
2026-09-07	YSS	8.960000038146973	5.0	8	1.5	2.0	1.0	1.0	0.5	1.0	0.0	1.0	1.0	1.0	1.0	2.9	5	1.0	0.0	1.0	0.0	0.0	1.5	3.5	4	1.0	2.0	0.0	0.0	0.5	4.4	13
2026-09-07	YSWY	24.790000915527344	6.8	7	2.0	2.0	1.0	0.5	1.5	2.0	1.0	1.0	1.0	2.0	1.0	6.7	4	1.0	1.0	1.0	2.0	1.0	2.0	3.5	4	1.0	0.0	0.0	1.0	1.5	6.8	11
2026-09-07	YUBICO.ST	92.75	6.1	8	1.0	0.0	1.0	1.0	2.0	2.0	2.0	1.0	1.0	1.5	1.0	4.6	5	0.0	1.0	1.0	1.5	1.0	1.0	2.0	4	1.0	0.0	0.0	0.0	1.0	5.6	13
2026-09-07	YUM	150.7100067138672	5.9	9	1.5	1.5	1.0	1.5	0.0	2.0	1.5	1.0	1.0	2.0	0.0	6.2	6	1.0	2.0	1.0	0.0	2.0	1.5	2.5	4	0.5	0.0	0.0	1.0	1.0	6.0	15
2026-09-07	YUMC	43.599998474121094	6.6	9	1.5	2.0	1.0	2.0	0.0	2.0	1.5	1.0	1.5	2.0	0.0	7.5	6	2.0	2.0	1.0	1.5	1.0	1.5	2.5	5	0.0	1.0	0.0	0.5	1.0	6.9	15
2026-09-07	YXT	2.630000114440918														4.2	3	1.0	1.0	1.0	1.0	0.0	1.0	5.5	5	2.0	2.0	0.0	1.5	0.0	4.2	3
2026-09-07	Z	34.59000015258789	7.0	9	1.5	2.0	1.0	1.0	1.0	2.0	1.5	1.0	0.5	2.0	2.0	6.2	6	2.0	2.0	1.0	0.0	1.0	1.5	4.5	5	2.0	1.5	0.0	0.0	1.0	6.8	15
2026-09-07	ZAL.DE	23.510000228881836	5.7	8	2.0	2.0	1.0	1.0	1.0	1.0	0.5	1.0	0.5	1.5	1.0	6.2	5	2.0	1.0	1.0	0.5	1.0	2.0	3.0	4	1.5	0.0	0.0	0.5	1.0	5.8	13
2026-09-07	ZBH	98.06999969482422	7.5	9	1.5	1.5	1.0	1.0	2.0	2.0	1.5	1.0	1.0	2.0	2.0	5.0	6	2.0	0.0	1.0	1.0	1.0	1.0	2.0	5	0.0	0.5	0.0	0.5	1.0	6.8	15
2026-09-07	ZBIO	32.880001068115234	5.5	9	2.0	2.0	1.0	0.0	2.0	1.0	0.0	1.0	0.0	2.0	1.0	5.8	4	1.0	2.0	1.0	1.5	0.5	1.0	4.0	4	1.0	0.0	0.0	1.0	2.0	5.6	13
2026-09-07	ZBRA	362.739990234375	6.8	10	1.5	1.5	1.0	1.5	2.0	1.5	2.0	0.5	1.5	2.0	0.0	8.3	6	2.0	2.0	1.0	2.0	1.0	2.0	4.0	5	1.5	1.0	0.0	1.0	0.5	7.2	16
2026-09-07	ZD	55.70000076293945	6.4	9	1.5	1.5	1.0	0.0	2.0	1.5	1.5	1.0	0.0	2.0	2.0	4.6	6	1.0	1.0	1.0	0.0	2.0	0.5	4.5	5	1.0	1.5	0.0	0.5	1.5	5.9	15
2026-09-07	ZEAL.CO	305.3999938964844														5.0	5	2.0	1.0	1.0	0.0	2.0	0.0	2.0	4	0.5	0.5	0.0	0.0	1.0	5.0	5
2026-09-07	ZEG.L	1644.0	6.1	7	1.5	2.0	1.0	1.0	2.0	2.0	1.0	0.5	1.0	1.5	0.0	4.6	2	1.0	1.0	1.0	1.0	0.5	1.0	4.0	3	2.0	0.0	0.0	1.0	1.0	5.6	9
2026-09-07	ZEPP	4.800000190734863	4.8	8	1.5	2.0	1.0	1.0	0.0	2.0	1.0	1.0	0.0	1.0	0.0	4.2	3	1.0	1.0	1.0	1.0	0.0	1.0	5.5	4	1.0	2.0	0.0	0.5	2.0	4.6	11
2026-09-07	ZETA.US	31.350000381469727	7.0	9	2.0	1.5	1.0	0.5	2.0	1.5	2.0	1.0	0.0	2.0	2.0	6.7	6	2.0	1.0	1.0	1.5	0.5	2.0	3.5	5	1.5	1.5	0.0	0.0	0.5	6.9	15
2026-09-07	ZG	35.31999969482422	6.4	9	1.5	2.0	1.0	0.5	1.0	1.0	1.5	1.0	0.5	2.0	2.0	6.2	6	2.0	2.0	1.0	0.0	1.0	1.5	3.5	5	2.0	1.0	0.0	0.0	0.5	6.3	15
2026-09-07	ZGN	12.5600004196167	5.2	9	1.5	1.5	1.0	1.0	1.0	2.0	1.0	0.0	1.0	0.5	1.0	4.6	5	0.5	1.0	1.0	1.0	1.0	1.0	4.0	5	1.0	0.0	1.0	1.0	1.0	5.0	14
2026-09-07	ZH	2.5799999237060547	4.8	9	1.0	2.0	1.0	2.0	0.0	2.0	0.0	1.0	0.0	0.5	1.0	4.6	4	1.0	2.0	1.0	1.0	0.0	0.5	3.0	5	0.0	2.0	0.0	0.0	1.0	4.7	13
2026-09-07	ZIG.L	435.5	5.7	7	1.5	1.5	1.0	1.0	1.0	1.5	1.0	1.0	1.0	2.0	0.0	5.4	4	1.5	1.0	1.0	1.0	1.0	1.0	3.5	4	1.0	0.5	0.0	1.0	1.0	5.6	11
2026-09-07	ZIL2.DE	5.079999923706055														6.2	4	2.0	1.0	1.0	1.0	1.0	1.5	3.0	4	1.0	0.0	0.0	1.0	1.0	6.2	4
2026-09-07	ZIM	28.579999923706055	4.8	9	0.5	0.0	1.0	1.5	2.0	2.0	0.0	1.0	0.5	1.0	1.0	4.2	5	1.0	0.0	1.0	1.0	1.0	1.0	4.0	5	1.0	1.5	0.0	1.0	0.5	4.6	14
2026-09-07	ZIMMER-CVR		5.0	0	1.0	1.0	1.0	1.0	1.0	1.0	1.0	1.0	1.0	1.0	1.0																5.0	0
2026-09-07	ZIOC.L	3.0799999237060547														4.6	2	1.0	1.0	1.0	1.0	0.5	1.0	5.0	4	2.0	2.0	0.0	0.0	1.0	4.6	2
2026-09-07	ZION	69.37000274658203	6.8	8	1.0	1.5	1.0	1.5	1.0	1.5	2.0	1.0	1.5	2.0	1.0	5.0	6	0.0	0.0	1.0	1.0	2.0	2.0	3.5	4	0.5	1.0	0.0	1.0	1.0	6.3	14
2026-09-07	ZIP	4.21999979019165	6.6	8	1.0	1.5	1.0	1.0	1.0	2.0	2.0	1.0	1.0	2.0	1.0	4.6	5	1.5	1.0	1.0	0.0	1.0	1.0	4.5	4	1.5	0.0	1.0	1.0	1.0	6.0	13
2026-09-07	ZJYL	2.0799999237060547														5.0	4	1.5	1.0	1.0	1.0	1.0	0.5	4.0	5	2.0	1.5	0.0	0.5	0.0	5.0	4
2026-09-07	ZLAB	26.229999542236328	6.6	9	1.5	2.0	1.0	1.0	2.0	1.5	1.5	1.0	0.0	1.0	2.0	3.8	5	1.0	2.0	1.0	0.0	0.0	0.5	3.0	5	1.0	0.0	0.0	0.5	1.5	5.8	14
2026-09-07	ZM	101.33000183105469	7.5	10	1.5	1.5	1.0	1.5	2.0	1.5	1.5	1.0	2.0	2.0	1.0	5.8	6	0.0	2.0	1.0	1.0	2.0	1.0	2.0	5	1.0	0.5	0.0	0.0	0.5	7.0	16
2026-09-07	ZNTL	3.990000009536743	5.9	9	2.0	2.0	1.0	0.5	1.0	1.5	1.5	1.0	0.0	1.5	1.0	2.9	4	1.0	0.0	1.0	0.0	0.5	1.0	3.0	5	2.0	0.0	0.0	0.0	1.0	5.0	13
2026-09-07	ZOMDF	0.08500000089406967														5.0	3	1.0	1.0	1.0	1.0	0.0	2.0	4.0	5	1.5	0.5	0.0	0.0	2.0	5.0	3
2026-09-07	ZPTA	0.8100000023841858														4.6	2	1.0	1.0	1.0	1.0	0.5	1.0	3.5	5	2.0	0.5	0.0	1.0	0.0	4.6	2
2026-09-07	ZS	169.8000030517578	6.6	10	2.0	2.0	1.0	1.0	1.0	1.0	2.0	1.0	0.0	1.5	2.0	4.6	6	1.0	0.0	0.0	2.0	0.5	2.0	4.5	5	1.0	0.5	2.0	0.5	0.5	6.0	16
2026-09-07	ZTF.L	448.5	7.3	8	1.5	2.0	1.0	1.0	2.0	2.0	1.0	1.0	1.5	2.0	1.0	7.1	4	2.0	1.0	1.0	1.0	1.5	2.0	4.0	4	1.5	1.0	0.0	0.5	1.0	7.2	12
2026-09-07	ZTO	20.950000762939453	5.9	10	1.0	1.5	1.0	1.5	0.0	2.0	1.5	0.5	1.5	0.5	2.0	5.0	6	1.5	0.0	1.0	0.0	1.5	2.0	2.0	5	0.0	0.0	0.0	0.5	1.5	5.6	16
2026-09-07	ZTS	75.80999755859375	6.8	10	1.5	1.5	1.0	1.5	1.0	1.5	1.0	1.0	2.0	2.0	1.0	4.6	6	0.0	2.0	1.0	0.0	2.0	0.5	4.5	5	0.5	1.5	0.0	2.0	0.5	6.1	16
2026-09-07	ZUMZ	18.030000686645508														5.0	5	2.0	1.0	1.0	0.0	1.0	1.0	3.5	5	1.0	1.0	0.0	0.5	1.0	5.0	5
2026-09-07	ZURA	6.230000019073486	5.7	9	2.0	2.0	1.0	0.5	2.0	1.0	0.0	1.0	0.0	2.0	1.0	3.8	3	1.0	1.0	1.0	0.0	0.5	1.0	3.5	4	0.0	0.5	0.0	1.0	2.0	5.1	12
2026-09-07	ZURN.ZU	601.5999755859375	5.9	8	1.5	1.5	1.0	1.0	1.0	1.0	1.0	1.0	2.0	1.0	1.0	4.6	4	0.0	1.0	1.0	1.0	1.0	1.5	2.0	4	0.0	0.5	0.0	0.5	1.0	5.5	12
2026-09-07	ZV.MI	6.960000038146973	5.7	7	1.5	2.0	1.0	1.0	0.0	2.0	1.0	1.0	1.0	0.0	2.0	4.6	4	0.5	1.0	1.0	1.0	1.0	1.0	3.0	4	1.0	0.5	0.0	0.5	1.0	5.4	11
2026-09-07	ZVRA	12.399999618530273	7.7	9	2.0	2.0	1.0	0.5	2.0	1.5	2.0	1.0	2.0	2.0	1.0	4.2	6	0.0	0.0	1.0	0.0	2.0	2.0	2.5	5	1.0	0.5	0.0	0.0	1.0	6.6	15
2026-09-07	ZWS	47.61000061035156	6.8	9	1.5	2.0	1.0	1.5	0.0	2.0	1.5	1.0	1.5	2.0	1.0	7.1	6	1.0	2.0	1.0	1.5	1.5	1.5	2.0	5	0.5	0.0	0.0	0.5	1.0	6.9	15
2026-09-07	ZYME	29.190000534057617	5.9	10	2.0	2.0	1.0	1.0	2.0	1.0	0.0	1.0	0.0	2.0	1.0	4.6	5	1.0	1.0	1.0	2.0	0.5	0.0	4.0	5	1.0	1.0	0.0	0.0	2.0	5.5	15
2026-09-07	ZYNE.CVR		5.0	0	1.0	1.0	1.0	1.0	1.0	1.0	1.0	1.0	1.0	1.0	1.0																5.0	0
2026-09-07	ZZb.ST	138.8000030517578														7.1	5	1.5	1.0	1.0	2.0	1.5	1.5	2.0	4	1.0	0.0	0.0	0.0	1.0	7.1	5
