AAPL	6.8	1.5	1.0	1.0	2.0	2.0	1.0	1.5	0.5	2.0	1.5	1.0	1.0	2.0	0.5	2.0	15
AAL	4.7	1.5	1.5	1.0	0.5	0.0	2.0	2.0	1.0	1.0	2.0	0.0	0.0	0.5	0.5	0.5	13
AAOI	5.7	1.5	2.0	0.7	0.5	0.0	1.0	2.0	1.0	0.0	1.5	2.0	2.0	0.0	1.0	2.0	14
AAON	7.1	2.0	2.0	1.3	1.0	1.0	1.5	2.0	1.0	1.5	2.0	1.0	2.0	1.5	1.5	0.0	15
ABAT	3.7	1.5	2.0	0.7	0.5	0.0	1.5	0.0	1.0	0.0	1.0	1.0	1.0	0.0	1.0	0.0	15
ABCL	5.8	2.0	2.0	1.0	0.5	2.0	0.0	2.0	1.0	0.0	1.0	1.0	1.0	0.0	2.0	2.0	13
ABEO	4.6	1.5	2.0	0.7	0.0	0.0	1.0	2.0	1.0	0.0	2.0	1.0	1.0	0.0	1.5	0.0	14
ABNB	6.2	1.5	1.5	1.0	1.5	1.0	1.5	0.5	1.0	2.0	2.0	1.0	1.0	1.0	0.5	1.5	15
ABOS	5.2	2.0	2.0	1.0	1.0	0.0	1.0	2.0	1.0	0.0	1.5	2.0	1.0	0.0	1.0	0.0	14
ABSI	5.3	2.0	2.0	1.0	0.0	1.0	1.0	0.5	1.0	0.0	2.0	1.0	1.0	0.0	1.5	2.0	14
ABTC	3.0	1.5	2.0	1.0	0.5	0.0	2.0	0.0	1.0	0.0	0.5	0.0	0.0	0.0	0.5	0.0	13
ABVX	4.2	2.0	2.0	1.0	1.0	0.0	1.5	0.0	1.0	0.0	2.0	1.0	1.0	0.0	0.0	0.0	13
ACAD	5.7	2.0	2.0	1.0	1.0	0.0	1.0	2.0	1.0	2.0	2.0	1.0	1.0	1.0	0.0	0.0	14
ACB	4.0	1.5	0.0	1.0	1.0	2.0	2.0	0.0	1.0	0.0	0.0	1.0	2.0	0.0	0.5	0.0	12
ACDC	3.8	0.5	1.0	1.0	1.0	0.0	2.0	0.0	1.0	0.0	0.5	0.0	1.0	0.0	2.0	1.5	13
ACET	4.7	2.0	2.0	1.0	1.5	0.0	1.0	1.5	1.0	0.0	1.5	1.0	1.0	0.0	0.5	0.0	14
ACGL	5.3	1.5	1.5	1.0	1.5	0.0	2.0	2.0	1.0	1.5	2.0	0.0	0.0	1.0	0.5	0.5	14
ACHC	6.3	1.5	2.0	1.0	0.0	1.0	1.5	2.0	1.5	0.0	2.0	2.0	2.0	1.0	0.5	1.0	14
ACIC	6.1	1.5	2.0	0.7	1.0	1.0	2.0	2.0	1.0	2.0	1.0	1.0	0.0	1.0	2.0	0.0	14
ACIW	6.5	1.5	2.0	1.0	1.0	1.0	2.0	1.5	1.0	1.5	2.0	2.0	1.0	1.0	0.5	0.5	14
ACLS	6.2	1.0	2.0	1.0	1.0	2.0	1.5	2.0	0.0	1.0	2.0	1.0	1.0	1.0	0.0	2.0	14
ACLX.CVR	5.0	1.0	1.0	1.0	1.0	1.0	1.0	1.0	1.0	1.0	1.0	1.0	1.0	1.0	1.0	1.0	0
ACMR	6.6	1.5	2.0	0.3	1.0	1.0	2.0	2.0	1.5	1.0	2.0	1.0	1.0	1.0	0.5	2.0	15
ACRS	4.8	1.5	2.0	1.0	0.5	0.0	1.0	1.0	1.0	0.0	2.0	1.0	1.0	0.0	0.5	2.0	14
ACT	5.3	1.0	1.0	0.3	0.5	1.0	2.0	1.5	1.0	1.0	0.5	0.0	1.0	1.5	2.0	1.5	15
ACTG	5.4	1.5	2.0	0.7	1.0	0.0	2.0	2.0	1.0	0.0	2.0	1.0	1.0	0.0	0.5	1.5	14
ADAM	5.8	1.5	2.0	1.0	1.5	0.0	2.0	2.0	1.0	1.5	1.5	0.0	1.0	1.0	1.0	0.5	14
ADBE	4.9	1.0	1.5	0.7	1.0	0.0	1.0	1.5	1.0	2.0	2.0	0.0	1.0	2.0	0.0	0.0	15
ADEA	6.5	2.0	2.0	1.0	0.5	0.0	1.5	1.5	1.0	2.0	2.0	1.0	1.0	1.5	0.5	2.0	13
ADI.US	6.8	2.0	1.5	1.0	2.0	2.0	1.0	1.5	1.5	1.0	2.0	1.0	1.0	1.0	0.0	2.0	14
ADMA	6.0	1.5	2.0	1.0	0.5	1.0	1.5	1.0	1.0	2.0	2.0	1.0	1.0	2.0	0.5	0.0	13
ADP	5.3	1.0	1.5	1.0	1.5	1.0	2.0	1.0	1.0	2.0	2.0	1.0	0.0	1.0	0.0	0.0	14
ADPT	5.6	2.0	1.5	0.3	0.5	2.0	1.0	2.0	1.0	0.0	2.0	1.0	1.0	0.0	0.5	2.0	15
ADSK	5.8	2.0	2.0	1.0	1.5	1.0	1.5	1.5	0.5	2.0	2.0	0.0	1.0	1.5	0.0	0.0	14
ADTN	5.0	2.0	2.0	1.0	0.5	0.0	1.0	2.0	1.0	0.0	2.0	2.0	1.0	0.0	0.5	0.0	13
ADUS	6.5	2.0	1.5	1.0	1.0	1.0	2.0	1.5	0.5	1.0	2.0	2.0	2.0	1.0	0.5	0.5	14
ADV	5.5	1.5	2.0	1.0	0.5	1.0	1.5	0.0	1.0	0.0	1.0	2.0	2.0	1.0	2.0	0.0	13
ADVM CVR	5.0	1.0	1.0	1.0	1.0	1.0	1.0	1.0	1.0	1.0	1.0	1.0	1.0	1.0	1.0	1.0	0
AEHR	5.7	2.0	2.0	1.0	0.5	1.0	1.0	2.0	1.0	0.0	2.0	1.0	1.0	0.0	0.5	2.0	13
AEIS	6.7	2.0	2.0	1.0	1.0	0.0	1.5	2.0	1.5	1.5	2.0	1.0	1.0	1.0	0.5	2.0	15
AEP	4.7	1.5	1.5	1.0	1.5	0.0	2.0	1.0	1.0	1.0	2.0	0.0	0.0	1.0	0.0	0.5	14
AEVA	4.7	1.5	2.0	1.0	0.5	0.0	0.5	1.5	1.0	1.0	1.5	1.0	1.0	0.0	1.5	0.0	12
AFRM	6.7	1.5	2.0	1.0	1.0	2.0	1.5	2.0	1.5	2.0	2.0	1.0	1.0	0.5	0.5	0.5	15
AFYA	6.7	1.5	2.0	1.0	0.0	1.0	2.0	2.0	2.0	1.5	0.5	2.0	1.0	1.5	2.0	0.0	15
AGEN	4.7	1.5	2.0	1.0	0.5	1.0	0.5	0.0	1.0	1.0	1.0	0.0	0.0	1.5	1.0	2.0	13
AGIO	4.8	1.5	1.5	1.0	0.5	1.0	2.0	1.5	1.0	0.0	2.0	1.0	1.0	0.0	0.5	0.0	14
AGMB	5.7	2.0	2.0	1.7	1.5	0.5	1.0	1.0	1.0	1.0	1.5	1.0	1.0	1.0	1.0	0.0	12
AGNC	4.2	1.5	2.0	1.0	1.0	0.0	1.5	1.0	1.0	1.5	1.0	0.0	0.0	1.0	0.0	0.0	14
AGNT	5.0	1.5	2.0	1.0	0.5	0.0	2.0	0.0	1.0	0.0	1.0	2.0	2.0	0.0	2.0	0.0	13
AGYS	6.7	2.0	2.0	1.0	1.0	1.0	1.5	2.0	1.0	1.0	2.0	2.0	2.0	1.0	0.5	0.0	13
AHCO	4.8	2.0	2.0	1.0	1.0	0.0	1.5	0.0	1.0	0.0	2.0	1.0	1.0	1.0	1.0	0.0	14
AIOT	3.8	2.0	2.0	1.0	0.5	0.0	0.5	0.0	0.0	0.0	2.0	1.0	1.0	0.5	1.0	0.0	14
AIP	5.4	2.0	2.0	0.3	1.0	0.0	1.0	0.0	1.0	0.0	1.5	2.0	2.0	0.0	1.5	2.0	14
AIRS	4.3	1.5	2.0	1.0	1.0	0.0	2.0	0.0	1.0	0.0	1.5	0.0	1.0	0.0	2.0	0.0	13
AKAM	6.3	1.5	2.0	1.0	0.5	0.0	0.5	1.5	2.0	1.0	2.0	2.0	2.0	1.0	0.5	1.5	15
AKBA	4.8	2.0	2.0	1.0	1.0	0.0	1.0	2.0	1.0	0.0	1.0	1.0	2.0	0.0	0.5	0.0	13
AKRO.CVR	5.0	1.0	1.0	1.0	1.0	1.0	1.0	1.0	1.0	1.0	1.0	1.0	1.0	1.0	1.0	1.0	0
AKTS	5.4	2.0	2.0	0.7	0.0	0.5	2.0	0.5	1.0	1.0	2.0	1.0	1.0	1.0	1.5	0.0	13
ALAB	7.5	1.5	2.0	1.0	1.0	2.0	1.0	2.0	1.0	2.0	2.0	1.0	1.0	1.5	1.5	2.0	15
ALCO	5.2	1.5	1.5	1.0	1.5	0.0	2.0	0.0	1.0	0.5	1.5	1.0	1.0	0.0	2.0	1.0	13
ALDX	4.7	1.0	2.0	1.0	1.0	0.0	2.0	2.0	1.0	0.0	1.5	1.0	1.0	0.0	0.5	0.0	13
ALEC	4.7	1.0	2.0	1.0	1.0	1.0	0.0	2.0	1.0	0.0	2.0	1.0	1.0	0.0	1.0	0.0	14
ALGM	7.0	2.0	2.0	1.0	0.5	0.0	2.0	1.5	1.5	0.5	2.0	1.0	2.0	1.0	2.0	2.0	14
ALGN	5.8	1.0	2.0	1.0	1.0	0.0	1.5	1.5	1.0	1.0	2.0	1.0	2.0	1.0	1.0	0.5	14
ALGT	5.7	2.0	2.0	1.0	0.5	0.0	1.0	2.0	1.0	0.5	2.0	0.0	1.0	1.0	1.5	1.5	14
ALHC	5.9	1.5	2.0	0.3	0.5	0.0	2.0	2.0	0.5	1.5	2.0	2.0	2.0	1.0	0.5	0.0	15
ALKS	6.3	1.5	2.0	1.0	0.5	1.0	0.5	2.0	1.0	0.5	2.0	2.0	2.0	1.0	0.5	1.5	15
ALKT	5.5	1.5	2.0	1.0	1.0	0.0	2.0	0.5	1.0	0.0	2.0	2.0	2.0	0.0	1.5	0.0	13
ALLO	5.3	2.0	2.0	1.0	0.5	0.0	1.0	2.0	1.0	0.0	2.0	1.0	1.0	0.0	1.5	1.0	13
ALLT.US	6.7	2.0	2.0	1.0	1.5	1.0	1.0	2.0	1.0	1.0	2.0	2.0	2.0	1.0	0.5	0.0	13
ALMR	6.8	2.0	2.0	1.0	1.5	0.5	2.0	2.0	1.0	1.0	1.5	1.0	1.0	1.0	2.0	1.0	11
ALMS	5.2	2.0	2.0	1.0	1.0	0.0	0.5	2.0	1.0	0.0	2.0	1.0	1.0	0.0	0.0	2.0	14
ALNT	7.3	1.5	1.0	1.0	1.5	2.0	1.5	2.0	1.0	1.0	2.0	1.0	2.0	1.0	1.5	2.0	14
ALNY	5.7	2.0	2.0	1.0	1.0	0.0	1.0	2.0	0.5	2.0	2.0	1.0	1.0	1.5	0.0	0.0	15
ALRM	6.2	1.5	1.5	1.0	1.0	1.0	2.0	2.0	1.0	1.0	2.0	1.0	1.0	1.0	1.0	0.5	13
ALRS	6.2	1.5	1.5	1.0	1.0	1.0	2.0	2.0	1.0	0.5	1.5	1.0	1.0	0.5	1.0	2.0	11
ALT.US	4.3	2.0	2.0	1.0	0.0	0.0	1.0	2.0	1.0	0.0	2.0	1.0	1.0	0.0	0.0	0.0	14
ALTO	6.7	1.5	2.0	1.0	1.0	0.0	1.5	2.0	1.0	1.5	1.5	1.0	2.0	1.0	1.0	2.0	13
ALVO	6.2	2.0	2.0	1.0	1.5	2.0	1.5	0.0	1.0	1.0	0.5	2.0	1.0	1.0	2.0	0.0	12
ALXO	4.7	2.0	2.0	1.0	1.0	0.0	1.5	1.5	1.0	0.0	2.0	1.0	1.0	0.0	0.0	0.0	13
AMAL	6.3	1.5	1.5	1.0	1.0	1.0	2.0	1.0	1.0	1.0	1.5	1.0	1.0	0.5	2.0	2.0	11
AMAT	8.2	2.0	2.0	1.0	2.0	2.0	1.0	1.5	1.0	2.0	2.0	2.0	2.0	2.0	0.0	2.0	14
AMBA	4.8	1.5	2.0	1.0	0.5	0.0	1.0	2.0	1.0	0.0	2.0	2.0	1.0	0.0	0.5	0.0	13
AMBR	5.5	1.5	2.0	1.0	2.0	2.0	2.0	1.0	1.0	0.5	1.0	1.0	1.0	0.5	0.0	0.0	12
AMCX	5.3	1.0	0.5	1.0	0.0	1.0	1.5	0.0	1.0	0.0	2.0	2.0	2.0	1.0	1.0	2.0	13
AMD	6.8	2.0	1.5	1.0	1.5	2.0	0.0	1.5	1.0	1.0	2.0	2.0	2.0	1.0	0.0	2.0	14
AMGN	6.5	1.5	1.0	1.0	1.5	1.0	1.5	2.0	0.5	2.0	2.0	1.0	1.0	1.5	0.0	2.0	14
AMKR	6.8	1.5	2.0	1.0	0.5	0.0	1.5	2.0	1.0	1.0	1.0	2.0	2.0	1.0	2.0	2.0	13
AMLX	5.7	2.0	2.0	1.0	0.5	1.0	1.0	1.5	1.0	0.0	2.0	1.0	1.0	0.0	1.0	2.0	14
AMPH	6.2	1.0	0.5	1.0	0.0	2.0	2.0	1.0	1.0	1.0	1.5	2.0	2.0	1.0	2.0	0.5	13
AMPL	4.8	1.5	0.5	1.0	1.0	1.5	1.0	0.0	1.0	0.0	2.0	1.0	1.0	0.0	1.0	2.0	13
AMSC	6.8	1.5	2.0	1.0	1.0	1.0	2.0	2.0	1.0	2.0	2.0	2.0	2.0	0.5	0.5	0.0	13
AMSF	5.8	1.0	2.0	1.0	1.0	0.0	2.0	0.5	1.0	1.5	2.0	2.0	2.0	1.0	0.5	0.0	13
AMTX	3.7	1.5	2.0	1.0	0.5	0.0	2.0	0.5	1.0	1.0	0.5	0.0	0.0	0.0	1.0	0.0	12
AMZN	6.8	2.0	2.0	1.0	2.0	1.0	1.0	2.0	1.0	2.0	1.5	1.0	1.0	1.0	1.0	1.0	14
ANAB	6.0	2.0	2.0	1.0	0.0	0.0	1.0	2.0	1.0	1.0	2.0	1.0	1.0	1.0	1.0	2.0	11
ANDE	6.7	1.5	2.0	1.0	1.0	0.0	2.0	2.0	1.0	1.0	2.0	2.0	1.0	1.0	0.5	2.0	13
ANGI	4.7	1.5	2.0	1.0	0.5	1.0	0.0	0.0	1.0	0.0	2.0	1.0	2.0	0.5	1.5	0.0	13
ANGO	6.3	2.0	2.0	1.0	1.5	0.0	1.5	2.0	1.0	0.0	2.0	2.0	2.0	0.0	1.5	0.5	13
ANIK	6.2	1.5	1.5	1.0	1.5	1.0	2.0	2.0	1.0	0.0	2.0	1.0	1.0	0.0	1.0	2.0	13
ANIP	5.8	1.5	2.0	1.0	0.5	0.0	1.5	2.0	0.5	1.5	2.0	2.0	1.0	1.0	1.0	0.0	14
ANNX	4.3	1.5	2.0	1.0	0.5	0.0	0.0	1.5	1.0	0.0	2.0	1.0	1.0	0.0	0.0	1.5	13
ANTX	5.7	1.5	2.0	1.0	1.0	1.0	2.0	0.0	1.0	0.0	2.0	1.0	1.0	0.0	1.5	2.0	13
AOSL	5.7	1.5	2.0	1.0	0.5	1.0	1.5	1.5	1.0	0.0	2.0	1.0	2.0	0.0	1.5	0.5	13
APA	6.3	1.0	1.0	1.0	1.0	2.0	1.0	2.0	1.5	2.0	2.0	0.0	1.0	1.5	0.0	2.0	14
APC	6.0	2.0	2.0	1.0	1.0	0.5	2.0	1.5	2.0	1.0	2.0	1.0	1.0	1.0	0.0	0.0	12
APEI	6.5	1.5	2.0	1.0	0.5	1.0	2.0	2.0	1.0	1.5	2.0	1.0	1.0	1.0	0.5	1.5	14
API	5.2	1.5	2.0	1.0	2.0	0.0	2.0	1.0	1.0	0.5	1.0	1.0	1.0	0.0	0.5	1.0	12
APLD	5.2	2.0	2.0	1.0	0.0	0.0	1.0	2.0	0.5	0.0	2.0	2.0	2.0	0.0	1.0	0.0	14
APLS.CVR	5.0	1.0	1.0	1.0	1.0	1.0	1.0	1.0	1.0	1.0	1.0	1.0	1.0	1.0	1.0	1.0	0
APLT.CVR	5.0	1.0	1.0	1.0	1.0	1.0	1.0	1.0	1.0	1.0	1.0	1.0	1.0	1.0	1.0	1.0	0
APMD	5.3	2.0	2.0	1.0	1.0	1.0	1.5	0.0	1.0	1.0	0.5	1.0	1.0	1.0	2.0	0.0	10
APP	5.8	2.0	2.0	1.0	1.5	0.0	0.5	1.5	0.5	2.0	2.0	1.0	1.0	2.0	0.5	0.0	14
APPF	6.2	2.0	2.0	1.0	1.0	1.0	1.5	1.5	0.0	2.0	2.0	1.0	1.0	2.0	0.5	0.0	14
APPN	5.5	0.5	0.0	1.0	1.0	2.0	1.5	2.0	1.0	1.0	2.0	0.0	1.0	1.0	1.0	1.5	12
APPS	6.8	2.0	2.0	1.0	1.0	1.0	2.0	2.0	1.0	0.0	1.5	1.0	2.0	1.0	1.0	2.0	13
AQST	5.5	1.5	2.0	1.0	0.0	2.0	1.0	2.0	1.0	1.0	1.5	1.0	1.0	0.0	1.5	0.0	12
ARBE	4.8	1.5	2.0	1.0	1.0	0.0	2.0	0.5	1.0	0.0	0.5	2.0	2.0	0.0	1.0	0.0	13
ARCB	6.0	1.5	2.0	1.0	1.0	1.0	2.0	1.5	1.0	0.5	2.0	0.0	1.0	1.0	0.5	2.0	14
ARCC	4.2	1.5	1.5	1.0	1.0	0.0	2.0	1.0	1.0	1.0	1.0	0.0	0.0	1.0	0.0	0.5	13
ARCT	5.2	1.5	2.0	1.0	0.0	2.0	1.0	1.5	1.5	0.0	2.0	1.0	1.0	0.0	1.0	0.0	14
ARDX	3.8	2.0	2.0	1.0	0.5	0.0	0.5	0.0	1.0	0.0	2.0	1.0	1.0	0.0	0.5	0.0	14
ARGX	5.8	2.0	2.0	1.0	1.5	0.0	1.5	2.0	1.0	1.5	1.0	1.0	1.0	1.5	0.0	0.5	14
ARHS	6.0	1.5	1.5	1.0	0.5	2.0	1.5	2.0	1.5	1.5	2.0	1.0	0.0	1.0	0.5	0.5	14
ARKO	6.0	1.5	2.0	1.0	0.5	0.0	2.0	2.0	1.0	0.5	1.5	2.0	1.0	0.5	2.0	0.5	13
ARM	5.8	2.0	1.5	1.0	0.5	2.0	0.0	1.5	1.0	1.0	2.0	1.0	1.0	1.0	0.0	2.0	14
AROW	6.3	1.5	1.5	1.0	1.5	1.0	2.0	1.0	2.0	1.0	1.5	1.0	1.0	0.5	0.5	2.0	12
ARQT	6.5	2.0	2.0	1.0	0.5	0.0	2.0	2.0	1.0	1.5	2.0	2.0	1.0	1.0	0.5	1.0	14
ARRY	4.0	1.0	2.0	1.0	0.0	0.0	0.5	0.0	0.5	0.0	2.0	2.0	2.0	1.0	0.0	0.0	14
ARVN	4.7	1.5	2.0	1.0	1.0	0.0	0.5	2.0	0.5	0.5	2.0	1.0	1.0	0.0	1.0	0.0	14
ARWR	5.5	2.0	2.0	1.0	1.0	0.0	1.5	2.0	0.5	0.0	2.0	1.0	1.0	0.0	0.5	2.0	14
ARXS	7.0	2.0	2.0	1.0	1.5	0.5	2.0	2.0	2.0	1.0	1.5	1.0	1.0	1.0	1.5	1.0	12
ASLE	4.7	1.0	2.0	1.0	1.0	0.0	2.0	0.0	1.0	0.0	1.5	1.0	1.0	0.5	2.0	0.0	13
ASML	7.2	2.0	2.0	1.0	2.0	2.0	1.5	1.5	1.0	2.0	0.5	1.0	1.0	2.0	0.0	2.0	14
ASND	6.5	2.0	2.0	1.0	1.0	0.0	1.5	2.0	1.0	2.0	2.0	2.0	1.0	1.5	0.0	0.5	14
ASO	5.8	1.5	1.5	1.0	0.0	2.0	1.5	1.5	1.0	1.5	2.0	2.0	0.0	1.0	0.5	0.5	14
ASPI	4.2	1.5	2.0	1.0	0.5	0.0	2.0	0.0	1.0	0.0	1.0	1.0	1.0	0.0	1.5	0.0	13
ASST	4.3	1.5	2.0	1.0	0.0	2.0	2.0	0.0	1.0	0.0	1.0	1.0	1.0	0.0	0.5	0.0	13
ASTE	5.7	1.5	2.0	1.0	1.5	0.0	2.0	1.0	1.0	0.5	2.0	2.0	1.0	1.0	0.5	0.0	13
ASTH	7.0	2.0	2.0	1.0	0.5	1.0	2.0	2.0	1.0	1.0	1.5	1.0	2.0	1.0	2.0	1.0	14
ASTS	3.7	1.5	2.0	1.0	0.0	0.0	1.0	0.0	1.0	0.0	1.5	1.0	1.0	0.0	1.0	0.0	14
ASUR	4.8	2.0	2.0	1.0	1.5	0.0	1.5	1.0	1.0	0.0	2.0	1.0	0.0	0.0	1.5	0.0	14
ATAI	4.3	1.0	1.0	1.0	1.0	1.0	2.0	0.0	0.0	0.0	1.5	1.0	1.0	0.0	0.5	2.0	14
ATAT	6.8	1.5	2.0	1.0	1.5	0.0	2.0	0.5	1.0	2.0	2.0	2.0	2.0	2.0	1.0	0.0	14
ATEC	6.2	2.0	2.0	1.0	0.5	1.0	2.0	2.0	1.0	0.0	2.0	2.0	1.0	0.0	2.0	0.0	13
ATEX	6.3	1.5	2.0	1.0	0.5	1.0	1.5	2.0	1.0	2.0	2.0	1.0	1.0	0.0	0.5	2.0	13
ATLC	6.2	2.0	2.0	1.0	0.0	1.0	1.0	1.5	1.0	1.5	0.5	1.0	1.0	1.0	2.0	2.0	14
ATLX	5.2	1.5	2.0	1.0	1.0	0.0	2.0	2.0	1.0	0.0	0.0	2.0	1.0	0.0	2.0	0.0	13
ATRA	6.0	1.5	2.0	1.0	1.0	2.0	1.5	0.0	1.0	1.0	1.5	2.0	2.0	0.0	1.5	0.0	12
ATRC	6.3	2.0	1.5	1.0	1.0	2.0	1.5	2.0	0.5	0.5	2.0	1.0	1.0	0.5	0.5	2.0	14
ATRO	8.0	2.0	2.0	1.0	1.0	0.0	2.0	2.0	2.0	2.0	2.0	2.0	2.0	1.5	0.5	2.0	14
ATTO	5.3	2.0	2.0	1.0	1.0	1.0	1.5	0.5	1.0	1.0	1.0	1.0	1.0	1.0	1.0	0.0	10
ATYR	3.3	1.0	2.0	1.0	0.5	0.0	0.0	1.5	1.0	0.0	1.0	1.0	1.0	0.0	0.0	0.0	13
AUDC.US	7.5	1.5	1.5	1.0	2.0	2.0	2.0	2.0	1.0	0.5	1.0	2.0	2.0	1.0	2.0	1.0	13
AUGO	6.8	2.0	2.0	0.3	0.5	2.0	1.5	0.0	1.0	2.0	1.0	1.0	1.0	2.0	2.0	2.0	15
AUPH	7.3	1.5	1.5	1.0	1.0	2.0	1.5	2.0	1.0	2.0	1.5	1.0	1.0	2.0	1.0	2.0	13
AUR	5.2	1.5	2.0	1.0	0.5	1.0	1.0	2.0	0.5	0.0	2.0	1.0	1.0	0.0	1.5	0.5	14
AURA	4.5	1.5	2.0	1.0	1.0	0.0	1.5	0.5	1.0	0.0	2.0	1.0	1.0	0.0	0.5	0.5	13
AUTL	5.2	1.5	2.0	1.0	1.5	1.0	2.0	0.0	1.0	0.0	1.5	1.0	1.0	0.0	1.5	0.5	14
AVAH	7.7	1.5	2.0	1.0	1.0	1.0	2.0	2.0	1.0	2.0	2.0	1.0	2.0	1.5	1.0	2.0	14
AVAV	4.3	2.0	2.0	1.0	0.5	0.0	1.0	2.0	0.5	0.0	2.0	1.0	1.0	0.0	0.0	0.0	14
AVGO	6.8	2.0	2.0	1.0	2.0	0.0	1.0	1.5	1.0	2.0	2.0	2.0	1.0	2.0	0.5	0.5	14
AVIR	5.5	1.0	2.0	1.0	0.5	1.0	2.0	0.5	1.0	0.0	2.0	1.0	1.0	0.0	1.5	2.0	13
AVLN	5.2	1.5	2.0	1.0	1.5	0.5	2.0	0.0	1.0	1.0	2.0	1.0	1.0	1.0	0.0	0.0	11
AVNW	5.8	2.0	2.0	1.0	1.0	0.0	1.5	0.5	1.0	0.5	2.0	2.0	2.0	1.0	1.0	0.0	13
AVO	6.5	1.5	2.0	1.0	1.0	0.0	2.0	2.0	1.0	0.5	1.0	2.0	2.0	1.0	2.0	0.5	14
AVPT	6.8	1.5	1.5	1.0	1.0	2.0	0.5	2.0	1.0	1.5	1.5	2.0	2.0	1.0	1.5	0.5	14
AVT.US	6.5	1.0	1.0	1.0	0.5	2.0	1.5	2.0	1.0	1.0	2.0	2.0	1.0	1.0	0.5	2.0	13
AXGN	6.0	2.0	2.0	1.0	1.0	0.0	2.0	2.0	1.5	0.0	2.0	1.0	1.0	0.0	0.5	2.0	14
AXON	6.2	2.0	2.0	1.0	1.0	0.0	1.5	1.5	1.5	1.0	2.0	2.0	2.0	0.5	0.5	0.0	14
AXSM	5.5	2.0	2.0	1.0	1.0	0.0	1.0	0.0	1.0	0.0	2.0	1.0	2.0	0.0	1.5	2.0	14
AYTU	5.0	1.5	2.0	1.0	1.5	0.0	2.0	2.0	1.0	0.0	1.0	1.0	1.0	0.0	1.0	0.0	13
AZN	5.2	1.5	2.0	1.0	2.0	0.0	1.0	1.5	1.0	1.5	1.5	0.0	1.0	1.5	0.0	0.0	14
AZTA	5.3	1.5	0.5	1.0	0.5	2.0	2.0	0.0	1.0	0.0	2.0	2.0	2.0	0.0	0.5	1.0	14
AALB.NV	6.5	1.5	2.0	1.0	1.0	1.0	2.0	1.0	1.0	1.0	1.5	1.0	1.0	1.0	1.5	2.0	12
ABN.NV	5.3	1.5	1.5	1.0	1.0	1.0	1.0	1.0	1.0	1.0	1.5	1.0	1.0	0.5	0.0	2.0	11
AD.NV	4.5	0.5	1.0	1.0	1.0	1.0	1.5	1.5	2.0	1.5	1.5	0.0	0.0	1.0	0.0	0.0	13
ADYEN.NV	6.5	2.0	2.0	1.0	1.0	0.0	1.0	1.0	1.5	1.5	2.0	2.0	2.0	1.0	1.5	0.0	12
AGN.NV	4.8	1.0	1.0	1.0	1.0	1.0	2.0	1.0	1.0	1.0	1.0	1.0	0.0	0.5	1.5	0.5	12
AKZA.NV	5.8	1.0	1.0	1.0	1.0	1.0	2.0	0.5	2.0	1.0	2.0	2.0	2.0	1.0	0.0	0.0	13
ALFEN.NV	5.0	1.0	2.0	1.0	1.0	0.0	2.0	1.0	0.5	0.5	1.0	2.0	2.0	0.5	0.0	0.5	12
APAM.NV	5.7	1.5	2.0	1.0	1.0	0.0	2.0	1.0	2.0	0.5	0.5	2.0	0.0	0.5	2.0	1.0	12
ARCAD.NV	6.2	1.5	2.0	1.0	1.0	1.0	2.0	1.0	0.0	1.5	1.5	1.0	2.0	1.0	2.0	0.0	12
ASM.NV	7.7	1.5	2.0	1.0	1.0	2.0	1.0	2.0	1.0	2.0	1.5	2.0	2.0	1.5	0.5	2.0	13
ASML.NV	6.8	2.0	2.0	1.0	1.0	2.0	1.0	1.5	1.0	2.0	1.0	1.0	1.0	2.0	0.0	2.0	13
ASRNL.NV	5.8	1.5	1.5	1.0	1.0	1.0	2.0	1.0	1.0	1.0	2.0	1.0	1.0	1.0	0.0	1.5	12
AVTX.NV	3.3	1.5	2.0	1.0	1.0	0.0	2.0	1.0	0.0	0.0	0.0	0.0	0.0	0.0	1.5	0.0	12
AXS.NV	6.2	1.5	2.0	1.0	1.0	0.0	2.0	1.0	1.0	1.0	1.0	2.0	2.0	1.0	2.0	0.0	11
BESI.NV	6.3	1.5	2.0	1.0	1.0	0.0	1.0	1.0	1.5	2.0	1.5	1.0	1.0	1.5	1.5	1.5	13
BFIT.NV	5.0	1.5	2.0	1.0	1.0	0.0	2.0	1.0	1.0	1.0	1.0	0.0	0.0	1.0	1.5	1.0	12
BNJ.NV	5.2	1.0	1.5	1.0	1.0	1.0	2.0	1.0	1.0	2.0	0.0	0.0	1.0	1.0	2.0	0.0	11
CCEP.NV	6.0	2.0	1.5	1.0	1.0	2.0	2.0	1.0	0.0	1.5	1.0	0.0	1.0	1.0	2.0	1.0	12
CRBN.NV	6.0	1.0	0.5	1.0	1.0	2.0	2.0	1.0	1.0	1.0	2.0	2.0	1.0	1.0	0.0	1.5	11
CSG.NV	5.7	1.5	2.0	1.0	1.0	0.5	1.5	1.0	0.0	2.0	0.0	2.0	1.0	1.5	2.0	0.0	12
CTPNV.NV	5.0	1.5	2.0	1.0	1.0	0.0	2.0	1.0	1.0	1.0	0.5	0.0	1.0	1.0	2.0	0.0	12
CVC.NV	6.7	1.5	2.0	1.0	1.0	0.0	2.0	1.0	1.0	2.0	1.0	2.0	2.0	1.5	2.0	0.0	12
DSFIR.NV	5.2	1.0	0.5	1.0	1.0	2.0	1.0	1.0	0.0	0.5	1.5	2.0	1.0	0.5	1.0	1.5	12
FAST.NV	6.2	1.5	1.0	1.0	1.0	2.0	2.0	1.0	1.0	0.0	0.5	2.0	1.0	0.5	2.0	2.0	11
FUR.NV	4.8	1.0	2.0	1.0	1.0	0.0	2.0	1.0	1.0	0.0	1.0	1.0	2.0	1.0	0.5	0.0	11
HAVAS.NV	5.5	1.0	1.5	1.0	1.0	1.0	2.0	1.0	1.0	1.0	0.5	0.0	1.0	1.0	2.0	1.5	11
HEIA.NV	5.2	1.5	2.0	1.0	1.0	0.0	2.0	1.0	1.0	1.0	0.5	0.0	1.0	1.0	2.0	0.5	12
IMCD.NV	6.0	1.5	2.0	1.0	1.0	2.0	2.0	1.0	1.0	1.0	2.0	1.0	1.0	1.0	0.0	0.5	12
INGA.NV	6.5	2.0	2.0	1.0	1.0	1.0	2.0	1.5	1.5	1.5	1.5	1.0	1.0	0.5	0.0	2.0	11
KPN.NV	5.0	1.0	1.5	1.0	1.0	0.0	2.0	0.5	2.0	2.0	2.0	0.0	1.0	1.0	0.0	0.0	13
LIGHT.NV	5.0	1.5	2.0	1.0	1.0	0.0	1.5	2.0	1.0	1.0	2.0	0.0	0.0	1.0	1.0	0.0	12
LKFT.NV	5.7	0.5	1.0	1.0	1.0	1.0	1.5	2.0	1.0	1.5	1.0	1.0	1.0	1.5	2.0	0.0	12
MICC.NV	5.7	1.0	1.0	1.0	1.0	1.0	1.5	1.0	1.0	1.0	1.5	1.0	1.0	1.0	2.0	1.0	12
MT.NV	5.7	1.5	2.0	1.0	1.0	0.0	1.5	2.0	1.5	0.5	0.5	1.0	0.0	0.5	2.0	2.0	13
NN.NV	5.2	2.0	1.5	1.0	1.0	1.0	1.5	1.0	0.0	1.0	1.5	1.0	1.0	0.5	0.0	1.5	12
NRP.NV	6.0	1.0	1.5	1.0	1.0	0.0	2.0	1.0	1.0	1.0	1.5	2.0	2.0	1.0	1.5	0.5	11
NSI.NV	4.0	0.5	1.0	1.0	1.0	0.0	2.0	1.0	1.0	0.0	0.5	0.0	1.0	1.0	2.0	0.0	11
PHIA.NV	5.3	1.0	1.5	1.0	1.0	0.0	2.0	2.0	1.0	1.0	1.0	1.0	1.0	1.0	1.5	0.0	13
PNL.NV	4.3	0.5	1.0	1.0	1.0	0.0	2.0	1.0	1.0	1.0	1.0	1.0	1.0	0.5	1.0	0.0	11
PRX.NV	5.0	1.5	2.0	1.0	1.0	0.0	1.0	1.0	1.0	1.5	1.5	2.0	1.0	0.5	0.0	0.0	12
RAND.NV	5.8	1.0	1.5	1.0	1.0	1.0	2.0	1.5	0.5	1.0	1.0	1.0	2.0	1.0	2.0	0.0	13
REN.NV	5.2	1.5	2.0	1.0	1.0	2.0	1.0	1.0	1.0	2.0	1.5	0.0	0.0	1.5	0.0	0.0	11
SBMO.NV	7.8	2.0	2.0	1.0	1.0	2.0	2.0	1.0	2.0	1.5	1.0	1.0	2.0	1.0	2.0	2.0	12
TWEKA.NV	7.3	1.5	2.0	1.0	1.0	2.0	2.0	1.0	1.5	1.0	1.0	2.0	2.0	1.0	1.0	2.0	12
UMG.NV	4.7	2.0	2.0	1.0	1.0	1.0	0.0	1.0	1.0	1.0	1.0	0.0	0.0	1.0	2.0	0.0	12
UNA.NV	5.3	1.0	1.0	1.0	1.0	2.0	2.0	1.0	0.0	2.0	1.5	0.0	1.0	1.5	0.5	0.5	12
VPK.NV	5.5	1.0	0.5	1.0	1.0	1.5	2.0	2.0	1.0	1.5	0.5	0.0	0.0	1.0	2.0	1.5	13
WKL.NV	5.8	1.5	1.5	1.0	1.0	2.0	2.0	1.0	1.0	2.0	2.0	0.0	1.0	1.5	0.0	0.0	12
SHELL.NV	6.0	2.0	1.5	1.0	1.0	1.5	1.5	1.5	1.0	1.0	1.0	1.0	1.0	1.0	0.0	2.0	13
BAND.US	6.5	1.5	2.0	1.0	0.5	2.0	1.0	1.5	1.0	0.5	2.0	2.0	2.0	0.0	0.5	2.0	13
BANF	5.5	1.0	1.5	1.0	1.5	0.0	2.0	1.5	1.0	1.0	1.5	1.0	1.0	0.5	2.0	0.0	11
BANR	5.7	1.0	1.5	1.0	1.5	1.0	2.0	1.5	1.0	1.0	2.0	1.0	1.0	0.5	0.5	0.5	12
BBCP	7.5	1.5	2.0	1.0	1.0	1.0	2.0	2.0	1.0	0.5	1.5	2.0	2.0	1.0	2.0	2.0	13
BBIO	5.2	2.0	2.0	1.0	0.5	0.0	1.5	0.0	1.0	1.0	2.0	1.0	2.0	0.0	0.5	1.0	13
BBNX	4.3	1.5	2.0	0.3	0.0	1.0	1.0	2.0	1.0	0.0	2.0	1.0	1.0	0.0	0.0	0.0	15
BBSI	5.7	1.5	2.0	1.0	1.0	0.0	2.0	1.0	1.0	1.5	2.0	1.0	1.0	1.0	1.0	0.0	13
BCIC	4.3	1.0	2.0	1.0	2.0	0.0	2.0	2.0	1.0	0.0	0.5	0.0	0.0	1.0	0.5	0.0	13
BCPC	7.0	1.5	2.0	1.0	1.5	1.0	2.0	1.5	1.0	1.0	2.0	2.0	2.0	1.5	0.0	1.0	13
BCML	5.5	1.0	1.0	1.0	1.5	2.0	2.0	0.0	2.0	0.5	1.5	1.0	1.0	0.5	1.0	0.5	12
BCRX	5.5	1.5	2.0	1.0	0.5	0.0	0.0	2.0	0.0	1.0	2.0	2.0	1.0	2.0	0.5	1.0	13
BCYC	4.2	1.5	2.0	0.7	1.0	0.0	0.5	1.5	1.0	0.0	2.0	1.0	1.0	0.0	0.5	0.0	14
BDTX	4.5	2.0	2.0	1.0	0.5	0.0	1.0	2.0	1.0	0.0	2.0	1.0	1.0	0.0	0.0	0.0	13
BEAM	4.3	2.0	2.0	1.0	0.0	0.0	0.5	2.0	1.0	0.0	2.0	1.0	1.0	0.0	0.5	0.0	14
BEEM	4.3	1.5	2.0	1.0	1.0	0.0	2.0	1.5	1.0	0.0	0.5	1.0	1.0	0.0	0.5	0.0	13
BELFB	6.5	2.0	2.0	1.0	1.0	0.0	2.0	2.0	1.0	1.0	2.0	1.0	1.0	1.0	0.5	2.0	14
BETR	3.7	2.0	2.0	0.7	0.0	0.0	1.0	0.0	1.0	0.0	1.5	0.0	1.0	0.0	2.0	0.0	15
BFC	5.6	1.0	1.5	0.7	1.0	1.0	2.0	1.5	1.0	1.0	1.0	1.0	1.0	0.5	1.5	1.0	12
BFST	6.0	1.5	1.5	1.0	1.5	1.0	2.0	1.5	1.0	1.0	1.5	1.0	1.0	0.5	0.5	1.5	12
BGC	7.2	1.5	2.0	1.0	1.5	1.0	2.0	1.5	1.0	1.5	2.0	2.0	2.0	1.0	0.0	1.5	13
BHF	3.8	1.0	1.5	1.0	0.5	0.0	2.0	0.0	1.0	1.0	2.0	0.0	0.0	0.5	0.5	0.5	14
BHRB	6.0	1.5	1.5	1.0	1.5	1.0	2.0	1.5	1.0	1.0	1.0	1.0	1.0	0.5	1.5	1.0	11
BIDU	4.8	1.5	2.0	1.0	1.5	0.0	1.0	1.5	1.5	0.0	0.5	2.0	1.0	0.5	0.5	0.0	14
BIIB	6.8	1.5	1.5	1.0	1.5	2.0	1.5	2.0	1.0	0.5	2.0	2.0	1.0	1.0	0.0	2.0	14
BILI	5.0	2.0	2.0	1.0	1.0	0.0	1.5	1.5	1.0	1.0	0.0	1.0	2.0	1.0	0.0	0.0	14
BJRI	6.2	1.5	2.0	1.0	0.5	1.0	2.0	2.0	2.0	1.0	2.0	0.0	0.0	1.0	0.5	2.0	14
BKKT	4.3	1.5	2.0	1.0	0.0	0.0	2.0	0.0	1.0	0.0	0.5	1.0	2.0	0.0	2.0	0.0	14
BKNG	6.3	2.0	2.0	1.0	1.5	0.0	1.5	1.5	1.5	1.0	2.0	1.0	2.0	2.0	0.0	0.0	14
BKYI	5.2	1.5	2.0	1.0	2.0	0.0	2.0	2.0	1.0	0.0	0.0	1.0	2.0	0.0	1.0	0.0	13
BL	5.8	1.0	1.5	1.0	0.5	0.0	2.0	2.0	1.0	1.0	2.0	2.0	2.0	0.5	1.0	0.0	13
BLBD	6.7	2.0	2.0	0.7	0.5	0.0	2.0	2.0	1.5	2.0	2.0	2.0	1.0	1.5	0.5	0.5	15
BLDP	4.7	1.5	2.0	1.0	1.0	0.0	0.5	2.0	1.5	0.0	1.0	1.0	1.0	0.0	1.5	0.0	14
BLFS	5.7	1.0	0.5	1.0	0.5	1.0	2.0	2.0	1.0	1.0	2.0	1.0	1.0	0.5	0.5	2.0	12
BLKB	4.8	1.5	1.5	1.0	0.5	1.0	2.0	1.5	0.0	2.0	2.0	0.0	0.0	1.0	0.5	0.0	14
BLLN	6.1	2.0	2.0	0.3	0.5	1.0	2.0	2.0	1.5	1.0	1.0	1.0	1.0	1.0	2.0	0.0	15
BLMN	5.7	1.0	2.0	1.0	0.5	1.0	2.0	2.0	2.0	1.0	2.0	0.0	0.0	1.0	0.5	1.0	14
BLNK	4.0	1.5	2.0	1.0	1.0	0.0	0.5	2.0	1.0	0.0	0.5	1.0	1.0	0.0	0.5	0.0	13
BLTE	5.0	2.0	2.0	1.0	1.0	0.0	1.5	0.0	1.0	0.0	0.5	1.0	1.0	0.0	2.0	2.0	14
BLZE	5.5	2.0	2.0	1.0	1.0	1.0	2.0	2.0	1.0	0.0	1.5	0.0	1.0	0.0	0.5	1.5	14
BMBL	5.4	1.0	2.0	0.3	0.5	0.0	1.5	2.0	1.0	0.0	2.0	2.0	2.0	1.5	0.5	0.0	14
BMEA	4.3	2.0	2.0	1.0	0.0	0.0	1.0	2.0	1.0	0.0	1.0	1.0	1.0	0.0	1.0	0.0	14
BMRC	5.2	1.5	1.5	1.0	1.0	1.0	2.0	1.5	1.0	0.0	1.5	1.0	1.0	0.0	0.5	1.0	12
BMRN	5.3	2.0	2.0	1.0	1.0	0.0	1.0	0.0	1.0	0.5	2.0	2.0	2.0	1.0	0.0	0.5	14
BNGO	5.8	1.5	2.0	1.0	1.0	2.0	2.0	2.0	1.0	0.0	0.5	2.0	2.0	0.0	0.5	0.0	13
BNTX	4.1	2.0	2.0	0.3	1.5	0.0	1.5	0.0	0.5	0.0	0.5	1.0	1.0	0.0	2.0	0.0	15
BOKF	5.3	1.0	1.5	1.0	0.5	0.0	2.0	2.0	0.5	1.0	1.0	1.0	1.0	0.5	2.0	1.0	12
BOOM	5.3	1.0	2.0	1.0	2.0	0.0	2.0	0.0	1.0	0.0	2.0	2.0	2.0	0.0	1.0	0.0	13
BPOP	6.8	2.0	2.0	1.0	1.5	1.0	2.0	2.0	1.0	1.5	2.0	1.0	1.0	0.5	0.5	1.5	12
BRCB	4.8	1.0	2.0	1.0	1.0	0.0	1.5	2.0	1.0	0.0	2.0	0.0	1.0	0.5	1.5	0.0	14
BRKR	6.3	1.5	1.5	1.0	0.5	1.0	1.0	2.0	0.5	0.0	2.0	2.0	1.0	1.0	2.0	2.0	15
BRVE	5.3	1.5	2.0	1.0	1.0	1.0	2.0	0.0	1.0	1.0	0.5	1.0	1.0	1.0	2.0	0.0	10
BRZE	5.8	2.0	2.0	1.0	1.0	2.0	1.0	0.5	1.0	0.0	2.0	1.0	2.0	0.0	1.5	0.5	14
BSP	4.8	1.5	1.5	1.0	1.0	0.5	0.5	2.0	1.0	1.0	0.5	0.0	1.0	1.0	2.0	0.0	10
BSY	6.2	2.0	2.0	1.0	1.0	2.0	1.5	1.5	0.5	1.5	1.5	0.0	1.0	1.0	2.0	0.0	14
BTBT	4.5	2.0	2.0	1.0	0.5	0.0	2.0	0.0	1.0	0.0	1.5	2.0	1.0	0.0	0.5	0.0	13
BTDR	5.0	2.0	2.0	1.0	0.0	0.0	1.5	0.0	1.5	0.0	2.0	1.0	1.0	1.0	2.0	0.0	14
BTMD	5.7	1.5	2.0	1.0	1.0	0.0	1.5	1.5	1.0	1.0	1.5	1.0	1.0	1.5	1.5	0.0	12
BTSG	7.8	2.0	2.0	1.0	1.0	2.0	2.0	2.0	1.0	1.0	2.0	2.0	2.0	1.0	0.5	2.0	15
BULL	5.6	1.5	2.0	0.7	1.0	0.0	2.0	2.0	0.0	0.5	1.5	1.0	2.0	0.5	2.0	0.0	15
BUSE	5.5	1.5	1.5	1.0	1.0	1.0	2.0	1.5	0.0	1.0	1.5	1.0	1.0	0.5	0.5	1.5	13
BVS	8.0	1.5	2.0	1.0	1.0	1.0	2.0	2.0	1.0	2.0	2.0	2.0	2.0	1.0	1.5	2.0	13
BWB	6.5	2.0	1.5	1.0	1.5	1.0	2.0	1.0	2.0	1.0	1.5	1.0	1.0	0.5	1.5	1.0	13
BWIN	4.7	1.0	1.0	1.0	0.5	2.0	2.0	1.5	0.0	0.0	2.0	1.0	1.0	0.0	0.5	0.5	14
BWMN	5.1	1.0	1.0	0.3	1.0	1.5	2.0	2.0	1.0	0.5	1.5	0.0	1.0	0.5	1.5	0.5	14
BYND	4.3	0.5	2.0	1.0	0.0	0.0	2.0	0.0	1.0	1.0	1.0	2.0	2.0	0.0	0.5	0.0	12
BZ	5.1	1.5	2.0	0.3	1.0	0.0	2.0	1.5	0.5	1.5	2.0	1.0	1.0	1.0	0.0	0.0	15
BZUN	6.1	1.5	2.0	1.7	2.0	2.0	2.0	1.0	1.0	0.0	0.5	2.0	2.0	0.5	0.0	0.0	13
CABA	4.2	2.0	2.0	1.0	0.0	0.0	1.0	1.5	1.0	0.0	2.0	1.0	1.0	0.0	0.0	0.0	13
CAC	5.8	1.0	1.0	1.0	1.5	1.0	2.0	1.5	0.5	1.0	2.0	1.0	1.0	0.5	0.5	2.0	12
CACC	6.2	1.0	1.5	1.0	0.0	1.0	2.0	1.5	1.0	2.0	2.0	1.0	1.0	1.0	2.0	0.5	14
CAE	5.2	1.5	2.0	1.0	1.0	0.0	1.0	2.0	2.0	1.0	2.0	0.0	1.0	1.0	0.0	0.0	13
CAI	5.9	2.0	1.0	0.3	0.5	2.0	1.0	2.0	0.5	1.5	1.5	1.0	1.0	1.5	2.0	0.0	15
CAKE.US	5.8	1.5	1.0	1.0	0.0	2.0	1.5	1.5	1.0	2.0	2.0	0.0	0.0	1.0	1.0	2.0	14
CALM	4.2	1.0	1.5	1.0	0.5	0.0	1.5	0.0	1.0	0.5	2.0	1.0	1.0	0.5	1.0	0.0	13
CAMT	6.2	1.5	1.5	1.0	1.0	1.0	1.5	1.0	1.0	1.0	1.5	1.0	1.0	1.0	2.0	1.5	13
CAN	4.5	1.5	2.0	1.0	1.0	0.0	1.5	0.0	1.0	0.0	0.5	2.0	2.0	0.0	1.0	0.0	13
CAPR	4.3	1.5	2.0	1.0	0.0	1.0	0.0	0.0	2.0	0.0	2.0	1.0	1.0	0.0	1.0	0.5	14
CAR	3.8	1.0	1.5	1.0	0.0	0.0	1.5	0.0	1.0	1.0	2.0	0.0	1.0	1.0	0.5	0.0	13
CARE	5.8	1.0	1.5	1.0	1.0	1.0	2.0	0.0	1.0	2.0	1.5	1.0	1.0	1.0	0.5	2.0	12
CARG	7.0	2.0	2.0	1.0	0.5	0.0	2.0	1.5	1.5	2.0	2.0	2.0	2.0	2.0	0.5	0.0	14
CART	6.5	1.5	2.0	1.0	0.5	1.0	1.0	0.0	1.0	1.5	2.0	2.0	2.0	1.5	1.5	1.0	15
CASH	5.5	1.5	2.0	1.0	0.5	0.0	2.0	1.0	1.0	1.5	2.0	1.0	1.0	1.0	0.5	0.5	11
CASS	6.5	1.0	1.5	1.0	1.5	1.0	2.0	1.5	1.0	1.5	1.5	1.0	1.0	0.5	1.5	2.0	13
CASY	6.3	2.0	2.0	1.0	1.5	0.0	1.5	2.0	1.5	1.5	2.0	1.0	1.0	1.0	0.0	1.0	14
CATY	5.5	1.0	1.0	1.0	1.0	1.0	1.5	1.5	1.0	1.0	2.0	1.0	1.0	0.5	0.5	1.5	12
CBRL	4.8	1.0	0.5	1.0	0.0	2.0	1.5	2.0	1.0	1.0	2.0	0.0	0.0	0.0	0.5	2.0	13
CBRS	6.2	2.0	2.0	1.0	0.5	0.5	2.0	2.0	1.5	1.0	2.0	1.0	1.0	1.0	1.0	0.0	12
CBSH	6.0	1.0	1.5	1.0	1.5	1.0	2.0	1.5	2.0	1.0	2.0	1.0	1.0	0.5	0.5	0.5	12
CBUS	5.3	1.5	2.0	1.0	1.0	0.0	2.0	0.0	1.0	0.0	0.5	2.0	2.0	0.0	2.0	1.0	13
CCAP	4.8	1.0	1.5	1.0	1.5	0.0	2.0	1.0	1.0	0.0	2.0	1.0	1.0	1.0	0.5	0.0	13
CCB	4.7	1.5	2.0	1.0	1.0	0.0	2.0	0.0	1.0	0.0	2.0	1.0	1.0	0.0	1.5	0.0	12
CCBG	6.0	1.0	1.5	1.0	1.5	1.0	2.0	1.5	1.0	1.0	1.5	1.0	1.0	0.5	1.5	1.0	11
CCC.US	5.8	1.5	2.0	1.0	1.0	1.0	0.5	1.5	1.0	0.5	2.0	2.0	2.0	1.0	0.5	0.0	13
CCCC	5.0	2.0	2.0	1.0	0.0	0.0	1.5	2.0	1.0	0.0	2.0	1.0	1.0	0.0	0.0	1.5	13
CCNE	6.7	1.5	1.5	1.0	1.5	1.0	2.0	2.0	2.0	1.0	1.5	1.0	1.0	0.5	0.5	2.0	12
CCOI	3.7	1.0	2.0	1.0	0.5	0.0	1.0	2.0	1.0	0.0	2.0	0.0	0.0	0.0	0.5	0.0	13
CCSI	7.5	1.5	1.5	1.0	1.0	1.0	2.0	1.5	1.0	2.0	2.0	2.0	2.0	1.5	0.5	2.0	13
CDLX	4.8	1.0	2.0	1.0	0.5	0.0	1.0	2.0	1.0	0.0	1.0	2.0	2.0	0.0	1.0	0.0	13
CDNA	6.8	2.0	1.5	1.0	0.5	2.0	2.0	2.0	1.0	2.0	2.0	1.0	1.0	0.0	0.5	2.0	13
CDNS	7.2	2.0	1.5	1.0	2.0	2.0	1.0	1.5	1.0	1.5	2.0	2.0	2.0	1.5	0.0	0.5	15
CDW	6.2	1.5	1.5	1.0	1.0	1.0	2.0	1.5	1.0	2.0	2.0	1.0	2.0	1.0	0.0	0.0	14
CDXS	4.8	2.0	2.0	1.0	1.5	0.0	0.0	2.0	1.0	0.0	2.0	1.0	1.0	0.0	1.0	0.0	13
CDZI	4.3	1.5	2.0	1.0	0.5	0.0	2.0	0.0	1.0	0.0	1.0	1.0	1.0	0.0	2.0	0.0	13
CECO	6.8	2.0	2.0	1.0	1.5	0.0	1.5	2.0	1.0	0.0	2.0	2.0	2.0	0.5	1.5	1.5	13
CEG	5.7	2.0	2.0	1.0	1.5	1.0	1.5	1.5	1.0	1.5	2.0	1.0	0.0	1.0	0.0	0.0	14
CELC	5.8	2.0	2.0	1.0	0.0	0.0	1.5	2.0	1.5	0.0	2.0	1.0	1.0	0.0	1.5	2.0	14
CELH	6.6	1.5	2.0	1.7	0.5	0.0	1.5	2.0	0.0	1.0	2.0	2.0	2.0	1.5	2.0	0.0	15
CENX	7.0	1.5	2.0	1.0	0.5	0.0	2.0	0.5	1.0	2.0	2.0	2.0	2.0	1.5	2.0	1.0	14
CERS	6.2	1.5	2.0	1.0	1.0	0.0	1.5	2.0	1.0	0.0	2.0	2.0	2.0	0.0	0.5	2.0	13
CERT	4.7	1.0	1.0	1.0	0.0	2.0	1.5	0.5	1.0	0.0	2.0	2.0	1.0	0.5	0.5	0.0	14
CEVA	5.8	2.0	2.0	1.0	0.5	2.0	1.0	2.0	1.0	0.0	2.0	1.0	1.0	0.0	0.5	1.5	13
CFFN	6.2	1.0	1.5	1.0	1.0	1.0	2.0	1.5	1.0	1.0	2.0	1.0	1.0	0.5	1.0	2.0	11
CG	6.3	1.5	2.0	0.3	1.0	0.0	1.0	1.5	2.0	1.0	1.5	2.0	2.0	1.0	2.0	0.0	15
CGBD	4.2	0.5	1.0	1.0	1.5	0.0	2.0	1.0	1.0	0.5	1.0	1.0	1.0	1.0	0.0	0.0	13
CGEM	4.7	2.0	2.0	0.7	0.0	0.0	1.0	1.5	1.0	0.0	2.0	1.0	1.0	0.0	0.0	2.0	15
CGNT	6.8	1.5	2.0	1.0	2.0	1.0	2.0	2.0	1.0	0.5	2.0	1.0	2.0	1.0	1.0	0.5	13
CGNX	6.7	2.0	2.0	1.0	1.5	1.0	1.5	2.0	1.0	1.0	2.0	1.0	1.0	1.0	0.0	2.0	14
CGON	4.7	2.0	2.0	1.0	0.5	0.0	1.5	0.0	1.0	0.0	2.0	1.0	1.0	0.0	0.0	2.0	14
CHA	6.0	1.5	2.0	1.0	1.0	2.0	2.0	0.5	1.0	1.5	0.0	1.0	1.0	1.5	2.0	0.0	13
CHCO	5.7	1.0	1.0	1.0	1.0	1.0	2.0	1.5	1.0	1.5	2.0	1.0	1.0	0.5	0.5	1.0	12
CHDN	5.5	2.0	2.0	1.0	1.0	0.0	2.0	1.5	1.0	2.0	2.0	0.0	0.0	1.0	1.0	0.0	14
CHEF	7.8	2.0	1.5	1.0	0.5	2.0	1.5	2.0	1.0	1.5	2.0	2.0	2.0	1.0	1.5	2.0	13
CHKP	6.8	1.5	1.5	1.0	1.0	1.0	1.0	2.0	0.5	2.0	2.0	2.0	2.0	1.0	2.0	0.0	14
CHRD	6.8	2.0	2.0	1.0	1.0	2.0	1.5	1.5	0.5	1.0	2.0	1.0	2.0	1.0	0.0	2.0	14
CHRS	4.7	1.5	2.0	1.0	0.5	0.0	1.5	0.0	1.0	0.0	1.0	2.0	2.0	0.0	1.5	0.0	13
CHRW	7.2	2.0	2.0	1.0	1.5	0.0	1.5	1.5	2.0	2.0	2.0	2.0	2.0	1.5	0.0	0.5	14
CHTR	4.0	1.0	2.0	1.0	0.0	0.0	1.0	0.5	1.0	2.0	2.0	0.0	0.0	1.0	0.5	0.0	14
CHYM	6.4	2.0	2.0	0.3	1.0	1.0	1.0	2.0	1.5	0.0	2.0	1.0	1.0	1.5	1.0	2.0	15
CIFR	3.7	2.0	2.0	1.0	0.0	0.0	0.5	0.0	0.0	0.0	2.0	2.0	1.0	0.0	0.5	0.0	14
CIGI	6.2	2.0	2.0	1.0	1.0	0.0	2.0	1.0	1.0	1.0	2.0	1.0	2.0	1.0	1.5	0.0	12
CINF	6.0	1.5	1.5	1.0	1.5	0.0	2.0	2.0	1.0	1.5	2.0	1.0	1.0	1.0	0.5	0.5	13
CLAR	5.3	1.0	0.5	1.0	1.5	1.0	2.0	2.0	1.0	0.0	1.5	1.0	2.0	0.0	1.0	0.5	13
CLBK	6.3	2.0	2.0	1.0	0.5	1.0	2.0	2.0	1.0	1.0	0.0	1.0	1.0	0.5	2.0	2.0	11
CLBT	6.5	2.0	2.0	1.0	1.0	0.0	1.5	1.5	1.0	1.0	1.5	2.0	2.0	1.0	2.0	0.0	13
CLDX	4.2	2.0	2.0	1.0	0.5	0.0	1.0	0.5	1.0	0.0	2.0	1.0	1.0	0.0	0.0	0.5	14
CLFD	5.3	2.0	2.0	1.0	0.5	2.0	2.0	0.0	1.0	0.5	1.5	1.0	1.0	0.0	1.5	0.0	13
CLLS	4.0	1.0	2.0	1.0	2.0	0.0	0.0	1.5	1.0	0.0	0.5	1.0	2.0	0.0	0.0	0.0	13
CLMB	6.7	1.5	0.5	1.0	1.0	2.0	2.0	1.5	1.0	1.5	2.0	1.0	2.0	1.0	1.5	0.5	13
CLMT	5.5	1.5	0.5	1.0	1.0	2.0	1.0	2.0	1.0	1.0	1.5	0.0	0.0	0.0	2.0	2.0	14
CLNE	6.2	1.5	2.0	1.0	1.5	0.0	2.0	2.0	1.0	0.0	1.5	2.0	2.0	0.0	2.0	0.0	13
CLOV	6.2	1.5	2.0	1.0	1.0	2.0	2.0	0.5	1.0	0.0	1.0	2.0	2.0	0.0	0.5	2.0	14
CLPT	4.2	1.5	2.0	1.0	0.5	0.0	2.0	0.0	1.0	0.0	1.5	1.0	1.0	0.0	1.0	0.0	13
CLSK	4.3	2.0	2.0	1.0	0.0	0.0	1.5	0.0	1.0	0.0	2.0	1.0	2.0	0.0	0.5	0.0	14
CMCO	5.2	1.0	1.5	1.0	0.0	0.0	2.0	2.0	1.0	0.0	2.0	2.0	1.0	1.0	0.5	0.5	13
CMCSA	4.7	1.0	2.0	1.0	1.5	0.0	1.0	1.5	1.0	1.0	2.0	0.0	1.0	1.0	0.0	0.0	14
CME	5.1	1.0	1.0	1.3	2.0	1.0	1.5	1.0	1.0	1.5	2.0	1.0	0.0	0.5	0.0	0.5	15
CMPR	5.3	1.5	2.0	0.3	0.5	0.0	2.0	2.0	1.0	1.0	2.0	0.0	0.0	1.0	1.5	1.0	13
CMPS	5.0	2.0	2.0	1.0	0.5	1.0	0.0	0.0	1.0	0.0	1.5	1.0	2.0	0.0	1.0	2.0	14
CMPX	4.2	1.5	2.0	1.0	0.0	0.0	0.0	1.5	1.0	0.0	2.0	1.0	1.0	0.0	1.5	0.0	13
CMRC	5.7	0.5	0.0	1.0	1.0	2.0	2.0	2.0	1.0	0.0	2.0	2.0	2.0	0.5	1.0	0.0	13
CNDT	5.2	1.5	2.0	1.0	1.5	0.0	2.0	0.0	1.0	0.0	2.0	2.0	1.0	0.0	1.5	0.0	13
CNOB	6.5	1.5	2.0	1.0	1.5	1.0	2.0	1.5	1.0	1.0	2.0	1.0	1.0	0.5	1.0	1.5	12
CNTY	5.2	1.5	2.0	1.0	2.0	0.0	2.0	0.0	1.0	0.0	1.5	1.0	1.0	1.0	1.5	0.0	13
CNXC	5.0	1.5	1.5	1.0	0.5	0.0	2.0	1.0	1.0	0.0	2.0	1.0	1.0	1.0	1.5	0.0	13
COAG	5.8	1.5	2.0	1.0	1.0	0.5	1.5	1.5	1.0	1.0	2.0	1.0	1.0	1.0	1.5	0.0	10
COCO	6.8	2.0	2.0	1.0	0.5	0.0	1.5	2.0	1.0	2.0	2.0	1.0	1.0	2.0	1.0	1.5	14
CODX	5.2	1.5	2.0	1.0	1.5	0.0	2.0	1.5	1.0	0.0	0.5	2.0	2.0	0.0	0.5	0.0	13
COGT	5.3	2.0	2.0	1.0	0.5	0.0	2.0	1.0	1.5	0.0	2.0	1.0	1.0	0.0	0.0	2.0	14
COHU	5.2	2.0	1.5	1.0	0.0	2.0	1.5	0.0	1.0	0.0	2.0	1.0	1.0	0.0	0.5	2.0	13
COIN	4.3	1.5	2.0	1.0	0.5	0.0	0.5	0.0	1.0	0.0	1.5	2.0	2.0	0.5	0.5	0.0	14
COLB	5.8	1.5	1.5	1.0	1.5	0.0	2.0	2.0	1.5	1.0	2.0	1.0	1.0	0.5	0.0	1.0	12
COLL	5.3	1.5	2.0	1.0	0.0	0.0	2.0	2.0	0.5	1.5	2.0	1.0	1.0	1.0	0.5	0.0	14
COLM	6.2	1.0	1.5	1.0	0.5	0.0	1.0	2.0	1.0	1.0	1.5	2.0	2.0	1.0	2.0	1.0	13
COO	4.7	1.5	1.5	1.0	1.0	0.0	1.5	1.5	0.0	1.0	2.0	1.0	1.0	1.0	0.0	0.0	14
CORT	6.7	1.5	1.5	1.0	0.5	2.0	0.5	2.0	1.0	1.0	2.0	2.0	1.0	0.5	1.5	2.0	14
CORZ	3.7	2.0	2.0	1.0	0.0	0.0	1.0	0.0	0.5	1.0	2.0	0.0	1.0	0.0	0.5	0.0	13
COST	6.5	2.0	1.5	1.0	2.0	1.0	1.5	1.5	1.0	2.0	2.0	1.0	1.0	1.5	0.0	0.5	14
CPB	4.2	1.0	1.0	1.0	0.0	0.0	2.0	1.0	1.0	1.0	1.5	0.0	0.0	1.0	2.0	0.0	14
CPRT	5.8	1.0	2.0	1.0	1.5	0.0	1.0	1.0	2.0	1.5	2.0	1.0	1.0	1.5	1.0	0.0	14
CRAI	6.5	1.5	2.0	1.0	1.5	2.0	2.0	1.5	1.0	2.0	2.0	0.0	1.0	1.0	0.5	0.5	14
CRBP	4.2	2.0	2.0	1.0	0.5	0.0	1.0	0.5	1.0	0.0	2.0	1.0	1.0	0.0	0.5	0.0	14
CRBU	4.7	1.5	2.0	1.0	0.5	0.0	2.0	2.0	1.0	0.0	1.0	1.0	1.0	0.0	1.0	0.0	13
CRCT	7.0	0.0	0.0	1.0	1.0	2.0	2.0	2.0	1.0	2.0	1.5	2.0	2.0	1.5	1.5	1.5	13
CRDF	4.0	1.5	2.0	1.0	0.5	0.0	1.0	1.5	1.0	0.0	0.5	1.0	1.0	0.0	1.0	0.0	13
CRDO	7.8	2.0	2.0	1.0	1.0	2.0	1.5	2.0	1.0	2.0	2.0	1.0	1.0	2.0	1.0	2.0	14
CRIS	3.8	1.5	2.0	1.0	1.5	0.0	2.0	0.0	1.0	1.0	0.5	0.0	0.0	0.0	1.0	0.0	12
CRMD	6.2	1.5	2.0	1.0	0.0	0.0	2.0	2.0	0.5	2.0	1.5	2.0	1.0	2.0	1.0	0.0	14
CRML	3.2	1.5	2.0	1.0	0.0	0.0	0.5	1.0	0.0	0.0	0.5	0.0	1.0	0.0	2.0	0.0	13
CRNC	5.8	1.0	1.5	1.0	0.5	1.0	2.0	2.0	1.0	0.0	2.0	2.0	2.0	1.0	0.5	0.0	13
CRNT	6.0	2.0	2.0	1.0	2.0	0.0	1.5	2.0	1.0	0.0	0.5	2.0	2.0	0.5	1.5	0.0	13
CRNX	4.8	1.0	1.0	1.0	1.0	1.0	2.0	1.0	0.0	0.0	2.0	1.0	1.0	0.0	0.5	2.0	13
CRON	6.5	1.5	2.0	1.0	2.0	1.0	2.0	2.0	1.0	1.0	0.5	1.0	1.0	0.0	2.0	1.5	13
CROX	6.8	1.5	2.0	1.0	0.5	1.0	1.5	2.0	1.0	2.0	2.0	1.0	1.0	1.5	0.5	2.0	14
CRSP	4.2	1.5	2.0	1.0	0.0	0.0	0.5	1.5	1.0	0.0	2.0	1.0	1.0	0.0	1.0	0.0	14
CRSR	6.2	1.0	0.5	1.0	0.5	2.0	1.5	2.0	1.0	1.0	2.0	2.0	1.0	0.5	0.5	2.0	13
CRTO	5.7	1.5	2.0	1.0	1.5	0.0	1.0	2.0	0.5	1.0	2.0	1.0	2.0	1.0	0.5	0.0	14
CRUS	5.5	1.5	2.0	1.0	1.0	0.0	1.0	2.0	1.0	1.5	2.0	1.0	1.0	1.5	0.0	0.0	13
CRWD	6.3	2.0	1.0	1.0	1.5	2.0	0.0	1.5	1.0	0.5	2.0	2.0	2.0	0.0	0.5	2.0	14
CRWV	4.3	2.0	2.0	1.0	0.5	0.0	1.0	1.5	1.5	0.0	2.0	0.0	0.0	0.0	1.5	0.0	14
CSCO	7.0	1.5	2.0	1.0	2.0	2.0	1.5	1.5	1.5	2.0	2.0	0.0	1.0	1.0	0.0	2.0	14
CSGP	5.2	1.5	2.0	1.0	1.5	0.0	0.5	2.0	1.0	0.5	2.0	2.0	1.0	0.5	0.0	0.0	14
CSIQ	3.3	0.5	1.5	1.0	0.0	0.0	1.0	0.0	1.0	0.0	1.5	1.0	0.0	0.5	2.0	0.0	14
CSTL	6.2	2.0	2.0	1.0	1.0	2.0	1.0	2.0	1.0	0.0	2.0	1.0	1.0	0.0	0.5	2.0	14
CSWC	5.0	1.0	0.5	1.0	1.0	1.0	2.0	1.5	1.0	1.0	0.5	1.0	1.0	1.0	0.5	1.0	13
CSX	5.7	1.5	1.5	1.0	1.5	1.0	1.5	1.0	1.0	1.5	2.0	0.0	1.0	1.0	0.0	1.5	14
CTAS	7.2	1.5	1.5	1.0	1.5	2.0	1.5	1.5	1.0	2.0	2.0	1.0	1.0	2.0	1.5	0.5	14
CTBI	6.2	1.5	1.5	1.0	1.5	1.0	2.0	1.5	1.0	1.0	1.5	1.0	1.0	0.5	0.5	2.0	11
CTKB	5.2	1.5	1.5	1.0	1.0	2.0	1.0	0.0	1.0	0.0	1.5	1.0	1.0	0.0	1.0	2.0	13
CTMX	3.8	2.0	2.0	1.0	0.0	0.0	1.5	0.0	1.0	0.0	2.0	1.0	1.0	0.0	0.0	0.0	13
CTRN	5.8	1.5	2.0	1.0	0.5	0.0	2.0	2.0	1.0	1.0	2.0	1.0	0.0	0.5	1.0	2.0	13
CTSH	5.8	1.0	1.0	1.0	1.0	1.0	1.5	1.5	1.0	1.0	2.0	2.0	2.0	1.5	0.0	0.0	14
CVBF	6.7	2.0	2.0	1.0	1.0	1.0	2.0	1.5	2.0	1.0	2.0	1.0	1.0	0.5	1.0	1.0	12
CVCO	6.5	1.5	2.0	1.0	1.0	0.0	2.0	1.0	1.0	1.5	2.0	2.0	2.0	1.5	0.5	0.5	13
CVGI	5.8	1.5	2.0	1.0	1.5	0.0	2.0	0.0	1.0	0.0	1.5	2.0	1.0	0.5	1.5	2.0	13
CVLT	6.8	1.5	1.5	1.0	1.0	2.0	1.5	2.0	1.0	2.0	2.0	2.0	2.0	1.0	0.0	0.0	14
CVRX	4.8	1.5	2.0	1.0	1.0	0.0	2.0	1.0	1.0	0.0	1.5	1.0	1.0	0.0	1.5	0.0	13
CWST	4.3	1.0	2.0	1.0	0.5	0.0	1.5	2.0	1.0	0.5	2.0	0.0	1.0	0.5	0.0	0.0	14
CXAI	5.2	1.5	2.0	1.0	0.5	0.0	2.0	2.0	1.0	0.0	0.5	2.0	2.0	0.0	1.0	0.0	13
CYPH	6.0	1.5	2.0	1.0	0.5	2.0	2.0	2.0	1.0	0.0	1.0	1.0	1.0	0.0	1.0	2.0	13
CYRX	7.0	2.0	1.5	1.0	1.0	2.0	2.0	2.0	1.0	0.0	2.0	2.0	2.0	0.0	0.5	2.0	14
CYTK	4.7	2.0	2.0	1.0	0.5	0.0	1.0	1.0	1.0	1.0	2.0	1.0	1.0	0.0	0.0	0.5	13
CZR	4.5	1.0	1.5	1.0	0.5	1.0	2.0	0.0	1.0	0.0	2.0	0.0	1.0	1.0	0.0	1.5	14
CBOE	7.3	1.5	1.5	1.0	1.5	2.0	1.5	1.5	2.0	2.0	2.0	2.0	1.0	1.5	0.0	1.0	14
DAKT	6.8	1.5	2.0	1.0	1.5	0.0	2.0	2.0	1.0	1.5	2.0	2.0	2.0	1.0	1.0	0.0	13
DASH.US	5.8	2.0	2.0	1.0	1.5	1.0	1.5	0.5	1.0	1.0	2.0	1.0	2.0	1.0	0.0	0.0	14
DAVE	7.5	2.0	2.0	1.0	0.0	1.0	1.5	2.0	1.5	2.0	2.0	1.0	1.0	2.0	1.5	2.0	14
DBX	5.5	0.5	0.5	1.0	0.0	1.0	1.0	1.5	1.0	1.0	2.0	1.0	2.0	2.0	1.0	1.0	12
DCGO	4.3	1.5	2.0	1.0	1.5	0.0	0.5	0.0	1.0	0.0	1.0	2.0	2.0	0.0	0.5	0.0	13
DCTH	6.0	1.5	2.0	1.0	1.0	1.0	1.5	2.0	1.0	0.5	1.5	1.0	1.0	0.0	1.0	2.0	13
DDOG	6.3	2.0	1.5	1.0	1.5	2.0	1.0	2.0	1.0	0.5	2.0	1.0	1.0	0.5	0.0	2.0	14
DERM	5.0	1.5	2.0	1.0	0.5	0.0	2.0	0.0	1.0	0.0	1.0	2.0	2.0	0.0	2.0	0.0	14
DFDV	4.3	1.5	2.0	1.0	0.5	2.0	2.0	0.0	1.0	0.0	0.5	1.0	0.0	0.0	1.5	0.0	13
DFLI	4.5	1.5	0.5	1.0	2.0	1.0	2.0	0.0	1.0	0.0	0.0	2.0	1.0	0.0	1.5	0.0	12
DFTX	5.3	2.0	2.0	1.0	1.0	1.0	1.5	0.0	1.0	0.0	2.0	1.0	1.0	0.0	0.5	2.0	14
DGII	6.8	2.0	1.5	1.0	1.0	2.0	2.0	1.5	1.0	1.0	2.0	1.0	1.0	1.0	0.5	2.0	13
DH	5.3	1.0	2.0	1.0	1.5	1.0	0.0	2.0	1.0	0.0	2.0	2.0	2.0	0.0	0.5	0.0	13
DHC	5.8	1.5	2.0	1.0	1.0	0.0	1.5	2.0	1.0	0.0	2.0	1.0	1.0	0.0	1.5	2.0	13
DIOD	6.8	1.5	2.0	1.0	1.0	2.0	1.5	2.0	1.0	0.5	2.0	1.0	2.0	0.5	0.5	2.0	13
DKNG	4.3	2.0	2.0	1.0	1.0	0.0	1.0	0.0	1.0	0.0	2.0	1.0	1.0	0.0	1.0	0.0	14
DLO	7.7	1.5	2.0	1.0	0.5	2.0	2.0	2.0	1.0	2.0	2.0	1.0	2.0	1.5	2.0	0.5	14
DLTR	6.2	1.5	1.5	1.0	1.5	1.0	1.0	2.0	1.0	2.0	2.0	1.0	0.0	1.5	0.0	1.5	14
DMRA	5.2	2.0	2.0	1.0	1.0	0.0	1.0	0.5	1.0	0.0	2.0	1.0	1.0	0.0	1.0	2.0	14
DMRC	5.3	1.5	2.0	1.0	0.0	1.0	1.0	2.0	1.0	0.0	1.5	1.0	2.0	0.0	2.0	0.0	13
DNLI	4.5	2.0	2.0	1.0	0.5	0.0	1.0	0.5	1.0	0.0	2.0	1.0	1.0	0.0	0.5	1.0	14
DNTH	5.2	2.0	2.0	1.0	0.5	1.0	1.0	0.5	1.5	0.0	2.0	1.0	1.0	0.0	0.0	2.0	14
DNUT	4.2	1.0	2.0	1.0	0.5	0.0	2.0	2.0	1.0	0.0	1.0	0.0	0.0	0.0	2.0	0.0	13
DOCU	5.5	1.0	1.0	1.0	1.0	2.0	2.0	1.5	1.0	1.5	2.0	0.0	1.0	1.0	0.0	0.5	13
DOO	5.8	1.5	2.0	1.0	1.0	0.0	1.5	2.0	2.0	2.0	2.0	1.0	0.0	1.0	0.5	0.0	13
DORM	6.7	1.5	2.0	1.0	1.0	0.0	2.0	2.0	1.0	1.5	2.0	1.0	2.0	1.5	1.5	0.0	13
DOX	5.2	1.5	1.5	1.0	0.5	1.0	2.0	1.0	1.0	1.0	2.0	0.0	1.0	1.5	0.5	0.0	13
DOYU	5.2	1.0	2.0	1.0	2.0	0.0	2.0	2.0	1.0	0.0	0.5	2.0	1.0	0.5	0.5	0.0	13
DPZ	5.3	1.5	1.5	1.0	0.5	0.0	1.5	1.0	1.0	1.0	2.0	2.0	1.0	2.0	0.0	0.0	13
DRH	6.5	1.0	1.5	1.0	1.0	2.0	1.5	2.0	1.0	1.0	2.0	1.0	1.0	1.0	0.5	2.0	14
DRS	6.7	1.5	2.0	1.0	2.0	0.0	2.0	2.0	1.0	1.0	0.5	2.0	2.0	1.0	2.0	0.0	14
DRVN	5.7	1.0	1.5	1.0	0.5	0.0	2.0	2.0	1.0	1.5	2.0	1.0	2.0	1.0	0.5	0.0	13
DSGN	6.0	1.5	2.0	1.0	0.5	0.0	2.0	2.0	1.0	0.0	2.0	1.0	1.0	0.0	2.0	2.0	14
DSGR	6.0	1.0	1.0	1.0	1.0	1.5	2.0	0.0	1.0	0.5	2.0	2.0	2.0	1.0	0.5	1.5	13
DSGX	6.8	2.0	2.0	1.0	1.0	2.0	1.0	2.0	1.0	1.0	2.0	2.0	2.0	1.5	0.0	0.0	13
DSP	6.5	2.0	2.0	1.0	1.0	2.0	1.5	0.5	1.0	1.0	1.5	2.0	1.0	0.5	0.5	2.0	13
DUOL	6.0	1.0	1.0	1.0	0.5	2.0	1.0	2.0	1.0	2.0	2.0	2.0	1.0	1.0	0.5	0.0	14
DVLT	5.0	1.5	2.0	1.0	0.5	0.0	2.0	2.0	1.0	0.0	0.0	1.0	2.0	0.0	2.0	0.0	13
DXCM	7.3	2.0	1.5	1.0	1.0	1.0	1.5	2.0	1.0	2.0	2.0	2.0	2.0	1.5	0.0	1.5	14
DXPE	7.3	1.5	2.0	1.0	1.5	1.0	2.0	1.0	1.0	1.5	2.0	2.0	1.0	1.0	1.5	2.0	13
DYN	4.0	2.0	2.0	1.0	0.5	0.0	0.0	0.5	1.0	0.0	2.0	1.0	1.0	0.0	0.0	1.0	13
EBAY	7.0	1.5	1.5	1.0	1.5	2.0	1.0	1.5	0.5	2.0	2.0	1.0	1.0	1.5	1.5	1.5	14
EBC	5.7	1.5	1.5	1.0	1.0	1.0	2.0	1.0	1.0	1.0	2.0	1.0	1.0	0.5	0.5	1.0	12
ECHO	5.3	2.0	2.0	1.0	0.0	1.0	1.5	2.0	0.0	0.0	2.0	1.0	0.0	0.5	1.5	1.5	14
ECPG	7.3	1.5	1.5	1.0	1.0	2.0	2.0	2.0	1.0	2.0	2.0	1.0	1.0	1.5	0.5	2.0	13
EDIT	5.2	2.0	2.0	1.0	0.5	1.0	1.0	2.0	2.0	0.0	2.0	1.0	1.0	0.0	0.0	0.0	14
EEFT	5.3	1.5	2.0	1.0	0.5	0.0	1.5	1.0	1.0	1.5	2.0	1.0	1.0	1.0	1.0	0.0	13
EFSC	5.2	1.5	1.5	1.0	1.5	0.0	2.0	0.5	1.0	1.0	2.0	1.0	1.0	0.5	0.5	0.5	11
EGBN	6.2	1.5	1.5	1.0	0.5	2.0	1.5	2.0	1.5	0.0	2.0	1.0	1.0	0.0	1.0	2.0	12
EH	5.2	1.0	2.0	1.0	0.5	0.0	2.0	2.0	1.0	0.0	1.0	2.0	2.0	0.0	1.0	0.0	14
EHTH	5.5	1.0	2.0	1.0	2.0	0.0	2.0	1.5	1.0	0.5	1.5	1.0	1.0	1.0	1.0	0.0	13
EIKN	5.3	2.0	2.0	1.0	0.5	0.5	2.0	0.0	1.0	1.0	1.5	1.0	1.0	1.0	1.5	0.0	11
ELMT	6.8	1.5	2.0	1.0	0.5	1.5	2.0	2.0	1.0	1.0	1.0	1.0	2.0	1.0	2.0	1.0	11
ELVN	5.8	2.0	2.0	1.0	0.5	0.0	2.0	1.0	2.0	0.0	2.0	1.0	1.0	0.0	1.0	2.0	14
EMAT	4.3	1.5	2.0	1.0	2.0	0.5	0.0	2.0	1.0	1.0	0.0	0.0	0.0	0.0	2.0	0.0	12
ENGN	4.2	1.5	2.0	1.0	1.5	0.0	0.5	1.0	1.0	0.0	2.0	1.0	1.0	0.0	0.0	0.0	13
ENLT	6.5	1.0	2.0	1.0	2.0	0.0	1.5	2.0	0.5	1.0	2.0	1.0	2.0	1.0	0.5	2.0	14
ENPH	4.8	1.5	2.0	1.0	0.0	0.0	0.0	2.0	1.5	1.0	2.0	1.0	1.0	1.0	0.5	0.0	14
ENSG	6.2	1.5	2.0	1.0	1.5	0.0	2.0	1.5	1.0	1.5	2.0	1.0	2.0	1.0	0.5	0.0	13
ENTA	5.0	1.5	2.0	1.0	0.5	0.0	2.0	2.0	1.0	0.0	2.0	1.0	1.0	0.0	0.5	0.5	13
ENTG	7.0	2.0	1.5	1.0	1.0	2.0	1.0	1.5	2.0	1.0	2.0	1.0	2.0	1.0	0.0	2.0	14
ENVX	4.2	1.5	2.0	1.0	0.0	0.0	0.0	2.0	1.0	0.0	1.5	1.0	1.0	0.0	1.5	0.0	13
EOSE	3.7	1.5	2.0	1.0	0.0	0.0	0.5	0.0	1.0	1.0	1.5	1.0	1.0	0.0	0.5	0.0	13
EQIX	6.5	2.0	2.0	1.0	2.0	1.0	2.0	1.0	1.0	1.0	2.0	1.0	1.0	1.0	0.0	1.5	14
EQPT	6.2	1.5	2.0	1.0	0.5	0.5	1.0	2.0	1.0	0.5	1.5	2.0	2.0	1.0	2.0	0.0	14
ERAS	5.2	2.0	2.0	1.0	0.5	1.0	1.0	0.0	1.0	0.0	2.0	1.0	1.0	0.0	1.0	2.0	13
ERII	4.8	1.0	1.5	1.0	1.0	0.0	2.0	0.5	1.0	1.0	2.0	1.0	1.0	1.0	0.5	0.0	13
ESEA	7.2	2.0	2.0	1.0	2.0	1.0	2.0	1.5	1.0	2.0	0.0	1.0	1.0	1.5	2.0	1.5	13
ESLT	6.5	1.0	2.0	1.0	2.0	0.0	2.0	2.0	1.0	1.5	0.5	1.0	1.0	1.0	2.0	1.5	14
ESQ	6.0	1.0	1.5	1.0	1.0	1.0	2.0	1.0	1.0	1.5	1.5	1.0	1.0	1.0	1.5	1.0	11
ESTA	6.0	2.0	2.0	1.0	0.5	0.0	1.5	2.0	1.5	0.0	2.0	1.0	1.0	0.0	1.5	2.0	14
ETON	7.8	1.5	2.0	1.0	1.0	1.0	2.0	2.0	1.0	2.0	2.0	2.0	2.0	1.5	0.5	2.0	14
ETOR	5.7	1.5	2.0	1.0	1.0	0.0	1.0	1.5	1.0	1.5	1.5	1.0	1.0	1.5	1.5	0.0	14
EVCM	4.8	1.0	1.5	1.0	0.5	0.0	1.0	0.0	1.0	0.5	2.0	2.0	2.0	1.0	1.0	0.0	13
EVGO	4.8	1.5	2.0	1.0	0.0	0.0	0.0	2.0	1.0	0.0	2.0	2.0	2.0	0.0	1.0	0.0	14
EVLV	5.0	2.0	2.0	1.0	1.0	0.0	2.0	1.5	1.0	0.0	2.0	1.0	1.0	0.0	0.5	0.0	13
EWBC	6.3	1.5	1.5	1.0	1.5	1.0	2.0	1.5	1.5	1.5	2.0	1.0	1.0	0.5	0.0	1.5	12
EWTX	5.0	2.0	2.0	1.0	0.5	1.0	1.0	0.5	1.0	0.0	2.0	1.0	1.0	0.0	0.0	2.0	14
EXC	5.3	1.0	1.5	1.0	1.5	0.0	2.0	1.5	1.5	1.0	2.0	1.0	1.0	1.0	0.0	0.0	14
EXEL	6.5	1.0	0.5	1.0	0.5	2.0	1.0	2.0	1.0	2.0	2.0	1.0	1.0	2.0	0.5	2.0	14
EXFY	6.3	1.5	1.5	1.0	2.0	1.0	2.0	1.0	1.0	0.0	1.0	1.0	2.0	0.0	2.0	2.0	13
EXLS	7.2	2.0	2.0	1.0	1.0	2.0	2.0	1.5	1.0	2.0	2.0	1.0	2.0	1.5	0.5	0.0	14
EXPE	6.0	1.5	2.0	1.0	1.0	1.0	1.0	2.0	1.0	2.0	2.0	0.0	1.0	1.0	0.0	1.5	14
EXPO	7.0	1.5	1.5	1.0	1.0	2.0	1.5	1.0	1.0	2.0	2.0	2.0	2.0	1.5	0.5	0.5	13
EXTR	6.7	2.0	2.0	1.0	1.0	2.0	1.5	1.5	1.0	2.0	2.0	0.0	1.0	1.0	0.5	1.5	13
EYE	4.5	2.0	2.0	1.0	0.0	0.0	1.0	2.0	1.0	1.0	2.0	0.0	0.0	1.0	0.5	0.0	13
EYPT	3.0	1.5	2.0	1.0	0.0	0.0	0.0	0.0	0.0	0.0	2.0	1.0	1.0	0.0	0.5	0.0	14
EZPW	7.3	1.5	2.0	1.0	0.0	2.0	2.0	2.0	2.0	1.0	2.0	1.0	2.0	1.0	0.5	2.0	14
FA	6.7	2.0	2.0	1.0	0.5	1.0	2.0	2.0	1.0	0.5	2.0	2.0	1.0	1.0	0.5	1.5	13
FANG	6.0	2.0	2.0	1.0	1.5	1.0	1.5	1.5	1.0	0.5	2.0	0.0	0.0	0.5	2.0	1.5	14
FAST	6.7	1.0	1.0	1.0	1.5	2.0	2.0	1.0	1.0	2.0	2.0	1.0	2.0	2.0	0.0	0.5	14
FATE	5.5	1.5	2.0	1.0	1.0	1.0	2.0	1.5	1.0	0.0	1.5	1.0	1.0	0.0	0.5	1.5	14
FBNC	5.8	1.5	1.5	1.0	1.0	0.0	2.0	1.5	2.0	1.0	2.0	1.0	1.0	0.5	0.5	1.0	12
FCEL	5.0	2.0	2.0	1.0	0.0	1.0	1.5	0.0	1.5	0.0	1.5	1.0	1.0	0.0	0.5	2.0	14
FCFS	7.2	1.5	1.5	1.0	1.0	1.0	2.0	1.5	2.0	1.5	2.0	1.0	1.0	1.5	1.0	2.0	14
FCNCA	6.2	1.0	1.5	1.0	1.0	1.0	2.0	2.0	1.0	1.0	1.5	1.0	1.0	0.5	2.0	1.0	12
FDMT	6.0	2.0	2.0	1.0	0.0	1.0	2.0	2.0	1.5	0.0	2.0	1.0	1.0	0.0	0.5	2.0	14
FDUS	6.2	2.0	1.5	1.0	1.5	1.0	2.0	1.5	1.0	1.0	0.5	2.0	2.0	1.0	0.0	0.5	13
FELE	6.3	1.0	1.5	1.0	2.0	0.0	2.0	1.5	1.0	1.0	2.0	2.0	1.0	1.5	1.0	0.5	13
FFBC	6.0	1.5	1.5	1.0	1.0	1.0	2.0	1.5	1.0	1.0	2.0	1.0	1.0	0.5	0.5	1.5	11
FFIN	4.5	1.0	1.5	1.0	1.0	0.0	2.0	0.5	0.5	1.0	2.0	1.0	1.0	0.5	0.5	0.0	12
FFIV	7.0	1.5	0.5	1.0	1.5	2.0	1.0	2.0	1.0	1.5	2.0	2.0	2.0	1.0	0.0	2.0	13
FHB	5.2	0.5	2.0	1.0	0.5	0.0	2.0	1.5	2.0	1.0	2.0	1.0	1.0	0.5	0.0	0.5	12
FIBK	5.2	1.0	1.5	1.0	0.5	0.0	2.0	2.0	0.0	1.0	2.0	1.0	1.0	0.5	1.0	1.0	12
FIGR	7.0	2.0	2.0	1.0	1.0	0.0	1.0	2.0	2.0	2.0	2.0	2.0	2.0	1.0	1.0	0.0	14
FIP	3.7	1.5	2.0	1.0	0.0	0.0	2.0	0.0	1.0	0.0	2.0	0.0	0.0	0.5	1.0	0.0	14
FISI	6.3	1.5	1.5	1.0	1.5	1.0	2.0	1.5	1.0	1.0	2.0	1.0	1.0	0.5	0.5	2.0	11
FISN	5.5	2.0	2.0	1.0	1.5	0.5	2.0	2.0	1.0	0.0	0.5	1.0	1.0	0.0	2.0	0.0	13
FISV	4.7	1.0	2.0	1.0	1.0	0.0	1.0	0.5	0.5	1.0	1.0	1.0	1.0	1.0	1.0	1.0	6
FIVE	7.2	1.5	2.0	1.0	1.5	0.0	1.0	2.0	1.0	2.0	2.0	2.0	2.0	1.0	0.5	2.0	14
FIVN	5.8	1.5	1.0	1.0	0.5	2.0	0.5	1.5	1.0	1.0	2.0	1.0	1.0	1.0	0.5	2.0	13
FIZZ	5.7	0.5	1.0	1.0	0.5	0.0	2.0	0.5	1.0	2.0	0.5	2.0	2.0	2.0	2.0	0.0	13
FLD	5.5	1.5	2.0	1.0	1.5	1.0	0.0	2.0	1.0	0.0	0.5	2.0	2.0	0.0	2.0	0.0	13
FLEX	7.0	2.0	2.0	1.0	1.5	2.0	1.5	1.5	1.0	1.5	2.0	1.0	1.0	1.0	0.0	2.0	13
FLGT	5.2	1.0	0.5	1.0	0.5	2.0	2.0	2.0	1.0	0.0	1.5	1.0	1.0	0.0	2.0	0.0	13
FLL	3.8	1.5	2.0	1.0	1.5	0.0	2.0	0.0	1.0	0.0	1.0	0.0	0.0	0.5	1.0	0.0	13
FLNA	4.3	1.5	2.0	1.0	0.5	0.0	1.0	2.0	1.0	0.0	0.5	2.0	1.0	0.0	0.5	0.0	13
FLNC	3.0	1.0	1.5	1.0	0.0	0.0	0.0	0.0	0.0	0.0	2.0	1.0	1.0	0.0	1.5	0.0	14
FLY	4.7	1.5	2.0	1.0	0.5	0.0	1.0	1.5	0.5	0.0	1.5	2.0	1.0	0.0	1.5	0.0	14
FLYW	6.8	1.5	1.5	1.0	0.5	2.0	1.5	1.5	1.0	0.5	2.0	2.0	2.0	1.0	0.5	2.0	14
FMBH	6.3	1.5	1.5	1.0	1.5	1.0	2.0	1.5	1.0	1.0	1.5	1.0	1.0	0.5	1.0	2.0	11
FMNB	5.3	1.0	1.5	1.0	1.5	1.0	2.0	1.5	1.0	1.0	1.0	1.0	1.0	0.5	0.5	0.5	11
FNKO	5.7	1.0	1.0	1.0	0.5	2.0	2.0	2.0	1.0	0.0	2.0	1.0	1.0	0.0	0.5	2.0	13
FORM	6.3	1.5	1.5	1.0	1.0	2.0	1.0	2.0	1.0	1.0	2.0	1.0	1.0	1.0	0.0	2.0	14
FOSL	6.5	2.0	2.0	1.0	0.5	2.0	1.0	2.0	1.0	0.0	2.0	2.0	1.0	0.5	0.5	2.0	13
FOX.US	6.3	1.5	2.0	1.0	1.0	1.0	2.0	1.0	1.0	1.0	1.5	1.0	1.0	1.5	2.0	0.5	12
FOXA	5.8	1.5	1.5	1.0	0.0	1.0	1.0	2.0	2.0	1.0	2.0	1.0	1.0	1.5	0.5	0.5	14
FOXF	5.2	1.0	1.5	1.0	1.0	1.0	1.5	2.0	1.0	0.0	2.0	1.0	2.0	0.5	0.0	0.0	13
FRBT	6.2	2.0	2.0	1.0	1.0	0.5	2.0	0.0	2.0	1.0	1.5	1.0	1.0	1.0	2.0	0.5	9
FRME	5.7	2.0	1.5	1.0	1.5	0.0	2.0	0.5	2.0	1.0	2.0	1.0	1.0	0.5	0.5	0.5	12
FRMI	3.8	1.5	2.0	1.0	0.5	0.0	0.0	0.0	1.0	1.0	0.5	1.0	0.0	1.0	2.0	0.0	11
FRMM	4.5	1.5	2.0	1.0	0.0	0.0	2.0	0.0	1.0	0.0	1.0	2.0	1.0	0.0	2.0	0.0	13
FROG	6.7	2.0	1.5	1.0	1.0	2.0	1.5	2.0	1.0	0.0	2.0	2.0	1.0	0.0	1.0	2.0	13
FRPT	6.2	1.5	2.0	1.0	0.5	1.0	1.5	2.0	0.5	1.5	2.0	1.0	1.0	1.0	0.5	1.5	14
FRSH	7.0	1.5	2.0	1.0	1.0	2.0	0.5	2.0	1.0	1.5	2.0	2.0	2.0	0.5	1.0	1.0	13
FRST	5.8	1.5	1.5	1.0	1.5	1.0	2.0	0.0	1.0	1.0	2.0	1.0	1.0	0.5	0.5	2.0	12
FRVO	5.3	2.0	2.0	1.0	1.0	0.5	1.0	0.0	1.0	1.0	1.5	1.0	1.0	1.0	2.0	0.0	11
FSBW	5.7	1.0	1.0	1.0	1.5	2.0	2.0	0.5	1.0	1.0	1.5	1.0	1.0	0.5	1.0	1.0	11
FSLR	6.7	1.5	2.0	1.0	0.5	0.0	1.5	1.5	2.0	1.5	2.0	2.0	2.0	1.5	1.0	0.0	14
FSLY	5.8	1.5	1.5	1.0	0.5	2.0	1.0	2.0	1.5	0.0	2.0	1.0	1.0	0.0	0.5	2.0	14
FSV	6.3	2.0	2.0	1.0	1.0	0.0	1.5	1.5	1.0	1.0	2.0	2.0	2.0	1.0	1.0	0.0	12
FTDR	7.5	2.0	2.0	1.0	1.0	1.0	2.0	2.0	1.0	2.0	2.0	2.0	2.0	1.5	0.0	1.0	13
FTNT	7.2	1.0	0.5	1.0	1.5	2.0	1.0	2.0	0.5	2.0	2.0	1.0	2.0	1.5	1.5	2.0	14
FULC	3.8	0.5	0.0	1.0	1.0	0.0	2.0	1.5	1.0	0.0	2.0	1.0	1.0	0.0	0.5	0.0	13
FULT	5.5	1.0	1.5	1.0	1.0	1.0	2.0	2.0	0.0	1.0	2.0	1.0	1.0	0.5	0.0	1.5	12
FUTU	5.5	2.0	2.0	1.0	1.0	0.0	1.0	0.0	1.0	2.0	1.0	1.0	2.0	1.0	1.5	0.0	13
FWDI	4.7	1.5	2.0	1.0	0.5	2.0	2.0	0.0	1.0	0.0	1.0	0.0	0.0	1.0	2.0	0.0	13
FWONA	6.0	1.5	2.0	1.0	1.5	1.0	2.0	2.0	1.0	0.5	2.0	1.0	1.0	1.0	0.5	0.0	13
FWONK	6.0	2.0	2.0	1.0	1.5	1.0	1.5	2.0	1.0	0.5	2.0	1.0	1.0	1.0	0.5	0.0	14
FWRD	5.7	1.5	2.0	1.0	1.0	0.0	2.0	2.0	1.0	0.0	2.0	1.0	2.0	1.0	0.5	0.0	13
FWRG	4.5	2.0	2.0	1.0	0.5	0.0	2.0	2.0	0.5	0.5	2.0	0.0	0.0	0.5	0.5	0.0	14
0B2.DE	6.2	2.0	1.5	1.0	1.0	1.0	2.0	1.0	1.0	1.5	1.5	1.0	1.0	0.5	0.5	2.0	9
1U1.DE	6.2	1.5	1.5	1.0	1.0	1.0	2.0	1.0	1.5	0.5	0.0	2.0	2.0	0.5	2.0	1.0	13
22UA.DE	4.7	2.0	2.0	1.0	1.0	0.0	1.5	1.0	1.0	0.0	0.5	1.0	1.0	0.0	2.0	0.0	11
2M6.DE	5.8	1.5	1.5	1.0	1.0	1.0	1.5	1.0	1.0	1.0	2.0	2.0	2.0	1.0	0.0	0.0	11
8TRA.DE	5.0	1.0	1.5	1.0	1.0	0.0	1.5	2.0	0.5	1.0	0.0	0.0	1.0	1.0	2.0	1.5	13
AAPL.EUR	6.8	1.5	1.0	1.0	2.0	2.0	1.0	1.5	0.5	2.0	1.5	1.0	1.0	2.0	0.5	2.0	14
ABS2.DE	5.2	1.5	2.0	1.0	1.0	0.0	2.0	1.0	1.0	1.5	0.5	0.0	1.0	0.5	2.0	0.5	11
ADN1.DE	5.8	1.0	1.0	1.0	1.0	2.0	2.0	1.0	1.0	1.0	0.5	1.0	2.0	1.0	2.0	0.0	12
ADS.DE	5.3	2.0	2.0	1.0	1.0	0.0	2.0	0.0	1.0	1.5	1.5	1.0	1.0	1.0	1.0	0.0	13
AEIN.DE	4.7	1.5	2.0	1.0	1.0	0.0	2.0	0.0	1.0	1.0	0.5	0.0	1.0	1.0	2.0	0.0	10
AFX.DE	4.5	0.5	0.5	1.0	1.0	1.0	1.5	1.5	0.0	1.0	0.5	1.0	1.0	1.0	2.0	0.0	9
AG1.DE	6.8	1.5	2.0	1.0	1.0	0.0	2.0	1.0	2.0	1.0	2.0	2.0	2.0	1.0	2.0	0.0	12
AIXA.DE	5.3	1.5	1.5	1.0	1.0	0.0	2.0	0.0	1.0	1.0	1.5	1.0	1.0	1.0	0.5	2.0	13
ALI1.DE	6.0	1.5	2.0	1.0	1.0	0.0	1.5	1.0	1.0	2.0	1.0	1.0	1.0	0.5	1.5	2.0	11
ALV.DE	5.0	1.0	1.5	1.0	1.0	1.0	0.5	1.5	0.0	1.5	1.0	2.0	2.0	0.5	0.0	0.5	13
AMD.EUR	6.8	2.0	1.5	1.0	1.5	2.0	0.0	1.5	1.0	1.0	2.0	2.0	2.0	1.0	0.0	2.0	14
AMV0.DE	4.7	1.5	2.0	1.0	1.0	0.0	1.5	0.0	1.5	0.0	0.5	1.0	1.0	0.5	2.0	0.5	13
AMZN.EUR	6.8	2.0	2.0	1.0	2.0	1.0	1.0	2.0	1.0	2.0	1.5	1.0	1.0	1.0	1.0	1.0	14
AOF.DE	6.5	1.5	2.0	1.0	1.0	0.0	2.0	2.0	0.5	2.0	0.5	2.0	1.0	2.0	2.0	0.0	13
AT1.DE	5.0	1.0	2.0	1.0	1.0	0.0	1.0	1.0	1.0	1.0	0.5	1.0	2.0	0.5	2.0	0.0	12
AUS.DE	5.8	1.5	2.0	1.0	1.0	1.0	2.0	1.0	1.0	1.0	1.0	1.0	1.0	1.0	1.0	1.0	3
AVGO.EUR	6.8	2.0	2.0	1.0	2.0	0.0	1.0	1.5	1.0	2.0	2.0	2.0	1.0	2.0	0.5	0.5	14
AZ2.DE	6.3	1.5	1.5	1.0	1.0	1.0	2.0	1.0	1.0	1.5	1.0	1.0	1.0	1.0	2.0	1.5	11
B7E.DE	4.8	1.5	2.0	1.0	1.0	0.0	2.0	1.0	1.0	0.0	0.5	1.0	1.0	0.5	2.0	0.0	11
BAS.DE	6.0	2.0	1.5	1.0	1.0	2.0	2.0	0.5	0.0	1.0	1.0	2.0	2.0	1.0	0.0	1.0	13
BAYN.DE	5.7	2.0	2.0	1.0	1.0	0.0	2.0	2.0	0.5	0.0	1.5	1.0	1.0	1.0	0.0	2.0	13
BC8.DE	6.3	1.5	1.5	1.0	1.0	1.0	2.0	1.5	0.5	1.0	1.0	2.0	2.0	1.0	2.0	0.0	13
BEI.DE	5.0	0.5	0.5	1.0	1.0	0.0	2.0	1.0	0.5	1.0	0.5	2.0	2.0	1.0	2.0	0.0	12
BFSA.DE	5.8	2.0	2.0	1.0	1.0	1.0	2.0	0.0	1.0	1.0	1.5	1.0	1.0	1.0	1.0	1.0	13
BMW.DE	4.8	1.0	1.5	1.0	1.0	0.0	2.0	2.0	0.0	1.0	0.5	1.0	1.0	0.5	2.0	0.0	13
BNR.DE	5.8	1.0	0.5	1.0	1.0	2.0	2.0	0.0	0.5	1.0	2.0	2.0	2.0	1.0	0.0	1.5	13
BOSS.DE	5.8	1.0	1.0	1.0	1.0	1.0	2.0	2.0	1.0	1.0	0.5	2.0	1.0	1.0	2.0	0.0	13
BSL.DE	7.2	1.5	2.0	1.0	1.0	1.0	2.0	1.0	1.0	1.5	0.5	2.0	2.0	1.5	2.0	1.5	11
CBK.DE	5.5	1.0	1.5	1.0	1.0	1.0	1.5	2.0	0.0	1.0	1.0	1.0	1.0	0.5	2.0	1.0	11
CDZ0.DE	5.2	1.5	2.0	1.0	1.0	0.0	2.0	1.0	1.0	1.0	0.0	1.0	1.0	1.0	2.0	0.0	8
CON.DE	5.8	1.5	2.0	1.0	1.0	0.0	2.0	2.0	2.0	0.0	1.0	1.0	0.0	1.0	2.0	1.0	13
CWC.DE	6.5	1.5	2.0	1.0	1.0	2.0	1.5	1.0	1.0	1.0	0.5	2.0	1.0	1.5	2.0	0.5	12
DB1.DE	5.3	1.5	1.0	1.0	1.0	2.0	1.5	1.0	1.0	1.5	1.5	1.0	0.0	0.5	0.0	1.5	13
DBAN.DE	4.3	1.5	2.0	1.0	1.0	0.0	1.5	0.0	1.0	0.0	0.0	2.0	1.0	0.0	2.0	0.0	12
DBK.DE	5.8	2.0	2.0	1.0	1.0	0.0	1.5	2.0	1.5	1.0	1.5	1.0	1.0	0.5	1.0	0.5	11
DEF.DE	4.0	1.5	2.0	1.0	1.0	0.0	2.0	1.5	1.0	1.0	0.0	0.0	0.0	1.0	0.0	0.0	12
DEQ.DE	5.0	1.0	2.0	1.0	1.0	0.0	2.0	1.0	1.0	1.0	0.0	1.0	1.0	1.0	2.0	0.0	11
DEZ.DE	5.2	2.0	2.0	1.0	1.0	1.0	2.0	0.0	2.0	1.0	1.0	0.0	0.0	1.0	0.5	1.0	13
DHER.DE	5.3	1.0	1.0	1.0	1.0	1.0	1.5	1.0	1.0	0.0	1.5	1.0	1.0	0.0	2.0	2.0	11
DHL.DE	6.2	1.0	1.0	1.0	1.0	1.0	1.5	1.5	1.5	1.5	1.0	1.0	1.0	1.0	1.5	2.0	13
DMP.DE	6.3	1.5	2.0	1.0	1.0	0.0	1.5	2.0	1.0	2.0	0.0	2.0	1.0	1.0	2.0	1.0	12
DOU.DE	4.2	1.5	2.0	1.0	1.0	0.0	2.0	0.0	1.0	0.5	0.5	0.0	0.0	1.0	2.0	0.0	12
DTE.DE	5.7	2.0	2.0	1.0	1.0	0.0	2.0	1.5	0.0	1.5	1.0	1.0	1.0	1.0	2.0	0.0	13
DTG.DE	6.7	2.0	2.0	1.0	1.0	0.0	1.5	2.0	0.5	1.0	1.0	2.0	2.0	1.0	2.0	1.0	13
DUE.DE	4.8	1.5	2.0	1.0	1.0	0.0	2.0	0.0	1.0	0.0	1.0	1.0	1.0	1.0	2.0	0.0	12
DWS.DE	6.2	1.5	1.5	1.0	1.0	1.0	2.0	1.5	0.5	1.0	0.5	1.0	2.0	1.0	2.0	1.0	13
EBO.DE	6.3	2.0	2.0	1.0	1.0	1.0	2.0	1.0	1.0	1.0	1.0	1.0	1.0	0.5	2.0	1.5	9
EIN.DE	5.7	1.5	2.0	1.0	1.0	0.0	2.0	1.0	1.0	1.5	1.0	2.0	2.0	1.0	0.0	0.0	11
EKT.DE	5.0	1.5	2.0	1.0	1.0	0.0	2.0	1.0	1.0	1.0	0.5	1.0	0.0	1.0	2.0	0.0	11
ELG.DE	7.8	1.5	2.0	1.0	1.0	1.0	1.5	1.5	2.0	1.5	1.0	2.0	2.0	1.5	2.0	2.0	13
ENR.DE	6.5	2.0	2.0	1.0	1.0	0.0	2.0	1.5	1.5	2.0	1.5	0.0	1.0	1.0	1.5	1.5	13
EOAN.DE	5.5	1.5	2.0	1.0	1.0	0.0	2.0	0.5	2.0	1.5	1.0	0.0	1.0	1.0	1.5	0.5	13
EVD.DE	5.8	2.0	2.0	1.0	1.0	0.0	2.0	2.0	0.5	2.0	1.0	0.0	1.0	1.0	2.0	0.0	13
EVK.DE	6.2	1.5	1.0	1.0	1.0	1.5	1.5	2.0	0.5	0.5	1.0	1.0	1.0	1.0	2.0	2.0	13
EVT.DE	4.0	1.5	2.0	1.0	1.0	0.0	0.0	0.0	1.0	0.0	1.5	2.0	1.0	0.0	1.0	0.0	12
EXL.DE	5.5	1.5	2.0	1.0	1.0	0.0	2.0	1.0	1.0	2.0	0.0	1.0	1.0	1.0	2.0	0.0	11
FIE.DE	5.5	1.5	2.0	1.0	1.0	0.0	2.0	1.0	1.0	1.5	0.0	1.0	1.0	1.5	2.0	0.0	12
FME.DE	5.3	1.0	1.5	1.0	1.0	0.0	2.0	1.5	0.5	1.0	1.5	1.0	1.0	1.0	2.0	0.0	13
FNTN.DE	3.8	1.5	1.5	1.0	1.0	0.0	2.0	0.0	0.5	1.5	0.5	0.0	1.0	1.0	0.0	0.0	13
FPE.DE	7.3	1.5	1.5	1.0	1.0	2.0	2.0	1.0	1.0	1.5	0.5	2.0	2.0	1.5	2.0	1.5	11
FRA.DE	5.8	1.5	2.0	1.0	1.0	0.0	1.5	1.5	0.5	1.0	0.5	2.0	2.0	1.0	2.0	0.0	13
FRE.DE	5.8	2.0	2.0	1.0	1.0	0.0	2.0	1.5	1.0	1.0	1.0	1.0	1.0	1.0	2.0	0.0	13
FTK.DE	5.8	1.5	2.0	1.0	1.0	0.0	2.0	1.0	2.0	1.5	2.0	0.0	1.0	1.0	1.5	0.0	12
FYB.DE	5.8	1.5	2.0	1.0	1.0	1.0	2.0	1.0	1.0	0.0	1.0	2.0	2.0	0.0	2.0	0.0	11
G1A.DE	5.8	1.5	1.0	1.0	1.0	2.0	2.0	0.5	1.5	1.5	2.0	1.0	1.0	1.0	0.0	0.5	13
G24.DE	5.3	2.0	2.0	1.0	1.0	0.0	1.5	1.5	1.5	1.5	2.0	0.0	0.0	1.5	0.5	0.0	13
GBF.DE	4.3	1.5	2.0	1.0	1.0	0.0	0.5	0.5	0.0	1.0	1.5	1.0	2.0	1.0	0.0	0.0	13
GFT.DE	7.0	1.5	2.0	1.0	1.0	2.0	2.0	1.0	1.0	1.0	0.5	1.0	2.0	1.0	2.0	2.0	12
GLJ.DE	5.3	1.5	2.0	1.0	1.0	0.0	2.0	0.5	1.0	1.0	0.5	2.0	1.0	0.5	2.0	0.0	12
GOOG.EUR	7.5	2.0	2.0	1.0	1.0	2.0	2.0	1.5	1.0	2.0	1.5	2.0	1.0	1.5	0.0	2.0	13
GXI.DE	4.5	1.0	0.5	1.0	1.0	2.0	1.5	0.0	1.0	0.0	2.0	1.0	0.0	0.5	1.5	0.5	13
GYC.DE	5.5	1.0	2.0	1.0	1.0	0.0	2.0	1.0	1.5	1.0	0.5	1.0	2.0	0.5	2.0	0.0	12
HABA.DE	3.8	1.5	2.0	1.0	1.0	0.0	2.0	1.0	1.0	0.0	0.0	0.0	0.0	0.5	1.5	0.0	12
HAG.DE	5.3	1.5	2.0	1.0	1.0	0.0	2.0	0.5	1.0	1.0	1.0	1.0	1.0	1.0	2.0	0.0	13
HBH.DE	6.3	1.5	1.5	1.0	1.0	2.0	2.0	1.0	1.0	1.0	1.0	2.0	1.0	1.0	2.0	0.0	12
HDD.DE	4.7	1.5	2.0	1.0	1.0	0.0	2.0	1.0	1.0	0.0	0.5	1.0	1.0	0.5	1.5	0.0	12
HEI.DE	5.5	2.0	2.0	1.0	1.0	0.0	1.5	1.0	1.0	1.0	1.0	1.0	1.0	1.0	2.0	0.0	12
HEN3.DE	5.3	1.5	1.5	1.0	1.0	1.0	2.0	1.0	1.5	1.0	1.0	1.0	1.0	1.0	0.0	0.5	12
HFG.DE	3.2	0.5	2.0	1.0	1.0	0.0	2.0	0.0	0.0	0.0	1.5	0.0	0.0	0.5	1.0	0.0	13
HLAG.DE	4.5	0.5	0.0	1.0	1.0	1.0	1.5	0.0	1.0	0.5	0.5	1.0	2.0	0.5	2.0	1.0	13
HLE.DE	4.7	1.0	1.0	1.0	1.0	0.0	2.0	1.0	1.0	0.5	0.5	1.0	1.0	1.0	2.0	0.0	11
HMU.DE	5.5	1.5	2.0	1.0	1.0	0.0	2.0	1.0	0.0	2.0	0.0	1.0	2.0	1.0	2.0	0.0	12
HNR1.DE	5.3	1.5	1.5	1.0	1.0	2.0	1.5	1.0	1.0	1.5	0.5	0.0	0.0	1.0	2.0	0.5	13
HOT.DE	6.3	1.0	2.0	1.0	1.0	0.0	2.0	1.0	1.0	2.0	0.0	1.0	2.0	1.0	2.0	2.0	12
HRPK.DE	6.0	1.5	2.0	1.0	1.0	2.0	2.0	1.0	1.0	0.0	0.5	2.0	1.0	0.5	2.0	0.5	11
HYQ.DE	5.7	1.5	2.0	1.0	1.0	0.0	1.5	1.0	1.0	1.0	1.0	1.0	2.0	1.0	2.0	0.0	11
IFX.DE	6.3	2.0	2.0	1.0	1.0	2.0	1.0	0.5	1.0	1.0	1.5	2.0	1.0	1.0	0.0	2.0	13
ILM1.DE	5.8	2.0	2.0	1.0	1.0	0.0	1.5	1.0	1.0	0.5	1.0	2.0	2.0	1.0	1.5	0.0	12
INH.DE	6.5	1.5	2.0	1.0	1.0	2.0	2.0	0.0	1.0	1.0	0.5	2.0	1.0	1.0	1.5	2.0	12
IOS.DE	6.0	2.0	1.5	1.0	1.0	1.0	2.0	1.0	2.0	2.0	0.5	0.0	0.0	1.5	2.0	0.5	13
IXX.DE	6.0	1.5	2.0	1.0	1.0	0.0	2.0	1.0	1.0	1.0	0.5	2.0	2.0	1.0	2.0	0.0	12
JEN.DE	7.8	2.0	1.5	1.0	1.0	2.0	2.0	2.0	1.0	1.0	1.5	2.0	2.0	1.0	1.5	2.0	12
JST.DE	5.8	1.5	2.0	1.0	1.0	1.0	2.0	0.0	1.0	1.0	2.0	2.0	1.0	1.0	0.0	1.0	13
JUN3.DE	4.2	2.0	2.0	1.0	1.0	0.0	1.5	0.5	0.0	0.5	1.0	1.0	1.0	1.0	0.0	0.0	13
KBX.DE	7.0	2.0	2.0	1.0	1.0	0.0	2.0	0.5	1.5	1.5	1.0	2.0	2.0	1.0	2.0	1.5	13
KCO.DE	5.2	1.0	0.5	1.0	1.0	1.0	2.0	0.0	1.0	0.0	0.5	2.0	1.0	0.5	2.0	2.0	12
KGX.DE	5.7	1.5	2.0	1.0	1.0	0.0	1.5	1.5	1.5	1.0	1.0	1.0	1.0	1.0	2.0	0.0	13
KRN.DE	5.7	2.0	2.0	1.0	1.0	0.0	2.0	0.5	1.0	1.0	0.5	1.0	2.0	1.0	2.0	0.0	13
KSB3.DE	6.0	1.5	2.0	1.0	1.0	0.0	2.0	1.0	1.0	1.0	1.0	2.0	2.0	1.0	1.5	0.0	11
KTN.DE	5.8	1.5	2.0	1.0	1.0	0.0	2.0	2.0	0.5	1.0	0.5	2.0	1.0	1.0	2.0	0.0	13
KWS.DE	6.2	1.5	1.5	1.0	1.0	0.0	2.0	1.0	2.0	1.0	0.0	2.0	2.0	1.0	2.0	0.5	12
LEG.DE	3.8	1.0	1.5	1.0	1.0	0.0	2.0	0.5	1.0	1.5	1.5	0.0	0.0	0.5	0.0	0.0	13
LEN.DE	5.0	1.0	0.5	1.0	1.0	1.0	1.5	1.0	1.0	1.0	1.0	1.0	1.0	1.0	1.0	1.0	3
LHA.DE	4.2	1.0	1.5	1.0	1.0	0.0	1.5	0.0	1.0	1.0	0.5	0.0	1.0	0.5	2.0	0.5	13
LIN.DE	6.5	2.0	1.5	1.0	1.0	2.0	2.0	2.0	1.0	1.0	1.0	1.0	1.0	1.0	1.0	1.0	5
LPK.DE	5.0	1.5	2.0	1.0	1.0	1.0	2.0	1.0	1.0	0.0	1.0	1.0	0.0	0.0	0.5	2.0	11
LXS.DE	4.2	0.5	1.0	1.0	1.0	0.0	2.0	2.0	0.0	0.0	1.5	2.0	1.0	0.0	0.5	0.0	13
MBB.DE	5.7	1.0	2.0	1.0	1.0	0.0	2.0	1.0	1.0	1.5	0.0	2.0	1.0	1.5	2.0	0.0	11
MBG.DE	5.5	1.5	2.0	1.0	1.0	0.0	1.5	2.0	1.0	1.0	1.0	1.0	1.0	0.5	2.0	0.0	13
META.EUR	7.0	2.0	1.5	1.0	2.0	2.0	1.0	0.5	1.0	2.0	2.0	2.0	2.0	1.5	0.0	0.5	14
MLP.DE	6.3	1.5	2.0	1.0	1.0	2.0	2.0	0.0	1.0	1.0	1.0	1.0	1.0	0.5	2.0	2.0	12
MRK.DE	6.0	1.0	1.5	1.0	1.0	1.0	2.0	1.5	1.5	1.0	1.5	2.0	1.0	1.0	0.0	1.0	13
MSFT.EUR	7.2	2.0	1.5	1.0	2.0	2.0	1.5	1.5	1.0	2.0	2.0	1.0	2.0	1.5	0.0	0.5	14
MTX.DE	5.2	1.5	1.5	1.0	1.0	0.0	1.5	1.0	1.0	1.5	1.5	1.0	2.0	1.0	0.0	0.0	13
MUV2.DE	5.0	1.5	1.5	1.0	1.0	2.0	2.0	1.5	1.0	1.5	1.0	0.0	0.0	1.0	0.0	0.0	13
NA9.DE	6.7	1.0	1.0	1.0	1.0	1.0	2.0	1.0	1.0	2.0	0.5	2.0	1.0	1.5	2.0	2.0	11
NDA.DE	6.0	1.0	1.5	1.0	1.0	0.0	1.5	1.5	1.0	1.5	1.0	2.0	0.0	1.5	2.0	1.5	13
NDX1.DE	6.7	1.5	2.0	1.0	1.0	0.0	1.0	2.0	1.5	2.0	1.0	1.0	1.0	1.0	2.0	2.0	13
NEM.DE	5.2	1.5	2.0	1.0	1.0	1.0	0.5	0.5	1.0	2.0	0.5	0.0	1.0	1.5	2.0	0.0	13
NP5.DE	4.8	1.5	2.0	1.0	1.0	0.0	2.0	1.0	1.0	1.0	0.5	1.0	1.0	0.0	1.5	0.0	10
NVDA.EUR	7.5	2.0	2.0	1.0	2.0	2.0	1.0	1.5	1.0	2.0	2.0	1.0	1.0	2.0	0.5	1.5	14
OEWA.DE	5.0	0.5	0.5	1.0	1.0	2.0	2.0	1.0	1.0	1.0	0.5	0.0	1.0	1.0	2.0	0.5	11
OHB.DE	6.8	2.0	2.0	1.0	1.0	0.0	2.0	2.0	1.0	1.0	0.0	2.0	2.0	1.0	2.0	1.5	13
PAH3.DE	3.3	0.5	2.0	1.0	1.0	0.0	1.0	1.0	0.5	0.5	0.5	1.0	1.0	0.0	0.0	0.0	12
PAT.DE	6.2	2.0	2.0	1.0	1.0	0.0	2.0	2.0	1.0	0.5	0.5	2.0	2.0	0.5	2.0	0.0	12
PCZ.DE	5.5	1.5	2.0	1.0	1.0	1.0	2.0	1.0	1.0	1.0	0.5	1.0	1.0	0.5	2.0	0.0	9
PLTR.EUR	6.5	1.5	1.5	1.0	1.5	2.0	0.5	2.0	1.0	2.0	1.5	1.0	1.0	2.0	0.5	0.5	14
PNE3.DE	4.7	1.5	2.0	1.0	1.0	0.0	2.0	1.0	1.0	0.0	2.0	1.0	0.0	1.0	0.5	0.0	11
PSH0.DE	4.3	1.5	2.0	1.0	1.0	1.0	2.0	1.0	1.0	1.0	0.0	0.0	0.0	0.0	1.5	0.0	10
PSM.DE	4.3	1.0	2.0	1.0	1.0	0.0	2.0	0.5	1.5	0.0	0.0	0.0	1.0	1.0	2.0	0.0	13
PUM.DE	4.8	1.5	2.0	1.0	1.0	0.0	1.5	2.0	1.0	0.0	1.0	1.0	0.0	0.0	2.0	0.5	13
QIA.DE	6.2	1.5	1.5	1.0	1.0	2.0	1.5	1.5	1.5	1.0	2.0	2.0	1.0	1.0	0.0	0.0	13
R3NK.DE	6.5	2.0	2.0	1.0	1.0	0.0	1.5	1.5	1.0	1.5	1.5	2.0	2.0	1.0	1.5	0.0	13
RAA.DE	6.5	1.5	2.0	1.0	1.0	0.0	2.0	1.5	1.5	2.0	1.0	1.0	1.0	2.0	2.0	0.0	13
RAW.DE	5.5	1.0	1.0	1.0	1.0	1.0	1.5	1.0	1.0	1.0	0.5	1.0	1.0	0.5	2.0	2.0	9
RHM.DE	4.5	2.0	2.0	1.0	1.0	0.0	0.5	0.5	1.0	2.0	1.0	1.0	0.0	1.0	0.5	0.0	13
RRTL.DE	4.5	0.5	1.5	1.0	1.0	0.0	2.0	1.0	1.0	0.5	0.0	1.0	1.0	1.0	2.0	0.0	12
RWE.DE	6.3	2.0	2.0	1.0	1.0	1.0	2.0	2.0	1.0	1.0	1.0	1.0	1.0	0.5	0.5	2.0	13
RY4C.DE	4.7	2.0	2.0	1.0	1.0	0.0	2.0	1.0	1.0	1.5	1.0	0.0	0.0	1.0	0.5	0.0	11
S92.DE	6.2	1.5	2.0	1.0	1.0	2.0	1.5	2.0	1.0	0.0	0.5	1.0	1.0	0.0	2.0	2.0	12
SAP.DE	5.8	1.5	1.5	1.0	1.0	2.0	1.0	1.0	1.0	1.5	1.0	1.0	1.0	1.5	1.5	0.0	13
SAV.DE	5.8	1.5	2.0	1.0	1.0	1.0	2.0	1.0	1.0	1.0	1.0	1.0	1.0	1.0	1.0	1.0	3
SAX.DE	5.3	1.5	2.0	1.0	1.0	0.0	2.0	2.0	0.5	2.0	1.0	0.0	0.0	1.0	2.0	0.0	13
SBS.DE	5.5	1.5	2.0	1.0	1.0	1.0	1.0	1.0	1.0	0.0	1.0	1.0	2.0	1.0	2.0	0.0	11
SDF.DE	5.3	0.5	0.5	1.0	1.0	1.0	1.0	2.0	0.5	1.5	1.5	1.0	1.0	1.5	0.5	1.5	13
SFQ.DE	7.0	1.5	1.5	1.0	1.0	1.0	1.5	2.0	1.0	1.0	1.5	2.0	2.0	1.0	1.0	2.0	12
SGL.DE	6.0	1.0	0.5	1.0	1.0	1.5	2.0	1.0	1.0	0.0	0.0	2.0	2.0	1.0	2.0	2.0	11
SHA0.DE	4.5	1.5	2.0	1.0	1.0	0.0	2.0	0.0	1.0	0.0	0.0	1.0	1.0	0.5	2.0	0.5	13
SHL.DE	5.5	1.5	1.5	1.0	1.0	1.0	1.0	2.0	1.0	1.0	0.5	1.0	1.0	1.0	2.0	0.0	13
SIE.DE	5.5	1.5	1.5	1.0	1.0	1.0	1.5	1.5	1.0	1.0	1.0	1.0	1.0	1.0	1.0	0.5	13
SIX2.DE	5.7	2.0	2.0	1.0	1.0	0.0	1.5	1.0	2.0	1.0	0.5	2.0	0.0	1.0	2.0	0.0	12
SLL.DE	5.5	1.0	1.5	1.0	1.0	0.0	2.0	1.0	1.0	0.5	0.5	2.0	2.0	0.5	2.0	0.5	11
SLYG.DE	6.7	1.5	1.5	1.0	1.0	2.0	2.0	1.0	1.0	2.0	0.0	1.0	1.0	2.0	2.0	1.0	11
SMHN.DE	7.2	2.0	2.0	1.0	1.0	0.0	2.0	0.5	2.0	1.0	2.0	2.0	2.0	1.0	1.0	2.0	13
STM.DE	6.8	1.5	2.0	1.0	1.0	0.0	2.0	2.0	2.0	1.0	1.5	2.0	2.0	1.0	1.5	0.0	13
SY1.DE	7.3	1.5	1.5	1.0	1.0	2.0	2.0	1.0	2.0	1.0	2.0	2.0	2.0	1.0	1.0	1.0	12
SZG.DE	6.3	2.0	2.0	1.0	1.0	0.0	2.0	2.0	1.5	0.5	0.5	2.0	1.0	0.0	2.0	1.5	13
SZU.DE	6.3	1.5	1.5	1.0	1.0	1.0	2.0	1.0	1.5	0.0	0.0	2.0	2.0	1.0	2.0	1.5	12
TA1.DE	5.5	1.0	1.5	1.0	1.0	1.0	2.0	1.0	1.0	1.0	1.0	1.0	1.0	1.0	1.0	1.0	3
TEG.DE	4.3	1.5	2.0	1.0	1.0	0.0	2.0	1.0	1.0	0.5	2.0	0.0	0.0	1.0	0.0	0.0	12
TIMA.DE	6.0	1.5	2.0	1.0	1.0	0.0	2.0	1.0	1.0	1.5	1.5	1.0	1.0	1.5	2.0	0.0	11
TKA.DE	6.3	2.0	2.0	1.0	1.0	1.0	1.5	2.0	1.0	0.5	1.5	2.0	1.0	0.5	0.5	1.5	13
TKMS.DE	5.3	2.0	2.0	1.0	1.0	0.0	2.0	1.0	2.0	1.0	0.5	0.0	1.0	0.5	2.0	0.0	12
TLX.DE	5.7	2.0	2.0	1.0	1.0	1.0	1.5	1.5	0.0	1.5	0.5	1.0	1.0	0.5	2.0	0.5	13
TMV.DE	5.5	1.0	1.5	1.0	1.0	2.0	2.0	2.0	1.0	2.0	1.0	0.0	0.0	1.5	0.5	0.0	13
TNIE.DE	6.3	1.5	2.0	1.0	1.0	1.0	2.0	1.0	1.0	0.0	0.5	2.0	1.0	1.0	2.0	2.0	11
TPE.DE	5.8	1.5	2.0	1.0	1.0	1.0	2.0	0.0	1.0	0.0	1.5	2.0	2.0	0.5	1.0	1.0	13
TSLA.EUR	5.3	1.5	1.5	1.0	2.0	1.0	0.5	0.5	0.5	0.5	1.0	2.0	2.0	0.5	1.5	0.0	14
TUI1.DE	4.5	1.0	2.0	1.0	1.0	0.0	1.5	0.5	1.0	2.0	1.0	0.0	0.0	1.0	1.5	0.0	13
UN0.DE	5.2	0.5	0.0	1.0	1.0	1.0	2.0	1.0	1.0	1.0	0.0	2.0	1.0	0.5	2.0	1.5	12
UTDI.DE	5.3	2.0	2.0	1.0	1.0	0.0	2.0	2.0	1.5	1.0	0.5	0.0	0.0	1.0	2.0	0.0	13
VBK.DE	6.0	1.0	2.0	1.0	1.0	0.0	2.0	1.0	1.0	1.0	0.0	2.0	1.0	1.0	2.0	2.0	11
VH2.DE	6.7	1.5	2.0	1.0	1.0	0.0	2.0	1.0	1.0	2.0	0.5	2.0	2.0	2.0	2.0	0.0	11
VNA.DE	4.0	1.0	2.0	1.0	1.0	0.0	2.0	2.0	0.0	1.0	1.5	0.0	0.0	0.5	0.0	0.0	13
VOS.DE	5.0	1.0	2.0	1.0	1.0	0.0	1.5	1.0	1.0	1.0	0.5	1.0	1.0	1.0	2.0	0.0	11
VOW.DE	5.3	1.5	2.0	1.0	1.0	0.0	2.0	2.0	1.0	0.5	0.5	1.0	1.0	0.5	2.0	0.0	12
VOW3.DE	4.5	1.5	2.0	1.0	1.0	0.0	1.0	2.0	1.5	0.5	0.5	1.0	1.0	0.5	0.0	0.0	13
WAC.DE	5.8	1.5	1.5	1.0	1.0	1.0	1.5	1.0	1.0	1.0	0.5	2.0	1.0	1.0	2.0	0.5	11
WAF.DE	6.3	2.0	2.0	1.0	1.0	2.0	1.0	0.5	0.5	0.0	1.0	2.0	2.0	0.0	2.0	2.0	13
WCH.DE	5.7	0.5	1.0	1.0	1.0	1.0	2.0	0.0	2.0	0.0	0.5	2.0	2.0	0.5	2.0	1.5	13
WIB.DE	4.7	1.5	2.0	1.0	1.0	0.0	2.0	1.0	1.0	0.5	1.5	1.0	1.0	0.5	0.0	0.0	11
WSU.DE	5.3	1.5	2.0	1.0	1.0	0.0	2.0	1.0	1.0	2.0	1.5	0.0	0.0	1.5	1.5	0.0	11
YSN.DE	7.0	1.5	1.5	1.0	1.0	2.0	2.0	1.0	1.0	1.5	0.5	2.0	1.0	1.5	2.0	1.5	12
ZAL.DE	5.0	2.0	2.0	1.0	1.0	0.0	1.0	0.5	1.0	0.5	1.5	1.0	1.0	1.0	1.5	0.0	13
GABC	6.0	1.5	1.5	1.0	1.5	1.0	2.0	1.5	1.0	1.0	1.5	1.0	1.0	0.5	0.5	1.5	12
GASS	7.3	1.5	2.0	1.0	2.0	2.0	2.0	1.5	1.0	1.0	1.0	1.0	1.0	1.0	2.0	2.0	13
GBDC	4.0	2.0	1.5	1.0	1.0	0.0	2.0	0.5	1.0	0.5	1.0	0.0	0.0	1.0	0.5	0.0	13
GCMG	7.2	2.0	2.0	1.0	1.5	1.0	2.0	1.5	1.0	2.0	2.0	2.0	1.0	1.5	0.5	0.5	13
GCT	8.2	1.5	2.0	1.0	0.5	2.0	2.0	2.0	1.0	2.0	2.0	2.0	2.0	1.5	1.0	2.0	13
GDRX	4.7	1.0	2.0	1.0	1.5	1.0	1.0	0.5	0.5	0.5	1.5	1.0	0.0	1.0	1.5	0.0	14
GDS	5.8	1.5	2.0	1.0	0.5	0.0	2.0	2.0	1.5	1.0	1.5	2.0	2.0	0.5	0.0	0.0	14
GDYN	6.5	1.5	2.0	1.0	1.0	2.0	2.0	1.5	1.0	0.5	2.0	1.0	1.0	0.5	2.0	0.5	13
GEHC	5.8	2.0	2.0	1.0	1.5	0.0	1.5	1.5	1.5	1.5	2.0	1.0	1.0	1.0	0.0	0.0	14
GEMI	3.3	1.5	2.0	1.0	0.0	0.0	1.0	0.0	0.5	1.0	1.5	1.0	0.0	0.0	0.5	0.0	13
GEN	5.2	1.5	2.0	1.0	1.0	0.0	1.5	1.5	0.5	2.0	2.0	0.0	0.0	1.5	1.0	0.0	14
GENB	5.7	2.0	2.0	1.0	1.0	0.5	1.5	0.0	1.0	1.0	2.0	1.0	1.0	1.0	1.5	0.5	11
GERN	4.2	1.5	2.0	1.0	0.5	0.0	1.5	1.0	1.0	0.0	2.0	1.0	1.0	0.0	0.0	0.0	13
GEVO	3.8	1.5	2.0	1.0	0.5	0.0	0.0	0.0	1.0	0.0	1.0	2.0	2.0	0.0	0.5	0.0	14
GFS	6.3	1.5	2.0	1.0	0.5	1.0	0.0	2.0	1.0	1.0	2.0	2.0	2.0	1.0	0.0	2.0	14
GGAL	3.7	1.5	2.0	1.0	0.5	0.0	2.0	0.0	0.0	0.5	0.5	1.0	1.0	0.5	0.0	0.5	12
GH	6.2	2.0	2.0	1.0	1.0	1.0	1.5	1.5	1.0	1.0	2.0	1.0	1.0	0.0	0.5	2.0	13
GHRS	5.7	2.0	2.0	1.0	0.5	0.0	1.0	1.5	1.0	0.0	2.0	1.0	1.0	0.0	2.0	2.0	13
GIII	6.2	1.5	2.0	1.0	0.0	0.0	1.5	1.5	1.0	1.0	2.0	2.0	2.0	1.0	1.5	0.5	13
GILD	6.5	2.0	1.5	1.0	2.0	2.0	1.5	1.5	1.0	0.0	2.0	1.0	1.0	1.5	0.0	1.5	14
GILT	6.5	1.5	2.0	1.0	1.5	0.0	2.0	2.0	1.0	1.0	1.5	2.0	2.0	1.0	1.0	0.0	13
GLBE	7.5	1.5	1.5	1.0	1.5	2.0	2.0	2.0	0.0	1.5	1.5	2.0	2.0	1.0	2.0	1.0	14
GLBS	6.7	1.5	2.0	1.0	1.0	1.0	2.0	2.0	1.0	0.5	0.0	2.0	1.0	1.0	2.0	2.0	13
GLNG	6.2	1.5	2.0	1.0	0.5	0.0	2.0	0.0	2.0	1.0	2.0	2.0	1.0	1.0	1.0	1.5	14
GLOO	5.0	1.5	2.0	1.0	1.0	1.0	2.0	0.0	1.0	0.0	0.5	1.0	2.0	0.0	2.0	0.0	12
GLPI	5.8	1.5	2.0	1.0	1.5	0.0	2.0	2.0	0.5	1.5	2.0	1.0	1.0	1.0	0.5	0.0	14
GLUE	3.8	2.0	2.0	1.0	0.0	0.0	1.0	0.0	1.0	0.0	2.0	1.0	1.0	0.0	0.0	0.5	14
GLXY	5.3	2.0	2.0	1.0	0.5	0.0	1.0	2.0	1.0	0.0	2.0	2.0	0.0	2.0	0.5	0.0	14
GMAB.US	6.2	2.0	2.0	1.0	2.0	2.0	0.0	1.5	1.5	1.0	0.5	2.0	1.0	1.5	0.0	0.5	14
GNLX	4.8	1.5	2.0	1.0	1.0	0.0	2.0	0.5	1.0	0.0	1.0	2.0	1.0	0.0	1.5	0.0	13
GNTX	5.5	1.0	1.5	1.0	1.0	0.0	1.5	1.5	1.0	1.5	2.0	1.0	2.0	1.5	0.0	0.0	13
GO	4.7	1.0	1.0	1.0	0.0	2.0	1.5	2.0	1.0	0.0	2.0	1.0	0.0	0.5	1.0	0.0	13
GOGO	5.3	1.5	2.0	1.0	0.5	0.0	2.0	0.0	1.0	0.0	2.0	2.0	1.0	1.0	2.0	0.0	13
GOOD	6.5	1.5	1.5	1.0	1.0	1.0	2.0	2.0	1.0	1.0	1.5	2.0	2.0	1.0	0.5	0.5	13
GOOG	7.5	2.0	2.0	1.0	1.0	2.0	2.0	1.5	1.0	2.0	1.5	2.0	1.0	1.5	0.0	2.0	13
GOOGL	8.2	2.0	2.0	1.0	2.0	2.0	1.5	2.0	1.0	2.0	2.0	2.0	1.0	1.5	0.5	2.0	14
GOSS	4.0	1.5	2.0	1.0	0.5	0.0	2.0	0.5	1.0	1.0	2.0	0.0	0.0	0.0	0.5	0.0	12
GPCR	4.7	2.0	2.0	1.0	0.5	0.0	1.0	2.0	1.0	0.0	2.0	1.0	1.0	0.0	0.5	0.0	14
GPGI	5.0	1.0	2.0	1.0	0.5	0.0	2.0	2.0	1.0	0.0	2.0	1.0	1.0	0.0	1.5	0.0	13
GPRE	7.3	1.5	2.0	1.0	0.5	1.0	2.0	2.0	1.0	1.5	2.0	2.0	2.0	1.0	0.5	2.0	13
GPRO	3.2	0.5	0.0	1.0	0.5	2.0	2.0	0.0	1.0	0.0	1.0	0.0	0.0	0.0	1.5	0.0	13
GRAB	6.5	2.0	2.0	1.0	1.0	0.0	2.0	2.0	1.0	1.0	1.5	2.0	2.0	0.5	1.5	0.0	14
GRAL	5.0	1.5	0.5	1.0	0.5	2.0	0.0	2.0	1.0	0.0	2.0	1.0	1.0	0.0	0.5	2.0	14
GRMN	6.8	1.0	1.5	1.0	2.0	1.0	1.5	2.0	1.0	1.5	1.5	1.0	2.0	1.5	1.5	0.5	13
GRPN	4.3	1.0	2.0	1.0	0.0	1.0	1.0	0.0	1.0	1.0	2.0	0.0	1.0	0.5	1.5	0.0	12
GRRR	4.2	1.5	2.0	1.0	0.5	0.0	2.0	0.0	1.0	0.0	0.5	2.0	1.0	0.0	1.0	0.0	14
GRSD	5.3	1.5	2.0	1.0	1.5	0.0	2.0	2.0	1.0	0.0	1.0	0.0	1.0	1.0	2.0	0.0	14
GRWG	5.0	1.5	2.0	1.0	1.5	1.0	2.0	1.0	1.0	0.0	1.0	1.0	1.0	0.0	1.0	0.0	13
GSAT	6.2	1.0	1.5	1.0	1.0	2.0	2.0	0.0	1.0	0.0	0.5	2.0	2.0	0.5	2.0	2.0	13
GSBC	6.0	1.0	0.5	1.0	1.0	1.0	2.0	2.0	1.0	1.0	1.5	1.0	1.0	0.5	2.0	1.5	11
GSHD	5.5	1.0	2.0	1.0	0.5	0.0	1.0	2.0	0.0	1.0	2.0	2.0	2.0	1.5	0.5	0.0	13
GSIT	4.5	1.5	2.0	1.0	0.5	0.0	2.0	1.0	1.0	0.0	1.0	1.0	1.0	0.0	1.0	0.5	12
GT	4.2	1.0	2.0	1.0	0.0	0.0	1.5	2.0	1.0	0.0	2.0	1.0	0.0	0.5	0.5	0.0	14
GTLB	5.5	1.0	1.0	1.0	1.0	1.5	1.0	2.0	1.5	0.0	2.0	2.0	1.0	0.0	0.5	1.0	14
GTM	4.2	1.0	2.0	1.0	0.5	0.0	0.0	1.5	1.0	0.0	2.0	0.0	1.0	1.0	1.5	0.0	14
GTX.US	7.2	2.0	2.0	1.0	1.5	1.0	2.0	2.0	1.0	1.0	2.0	1.0	1.0	1.5	0.5	2.0	13
GYRE	4.8	1.5	2.0	1.0	1.0	0.0	2.0	2.0	1.0	0.0	0.0	1.0	1.0	0.0	2.0	0.0	13
HAFC	6.0	1.5	1.5	1.0	1.0	1.0	2.0	1.5	1.0	1.0	2.0	1.0	1.0	0.5	0.5	1.5	11
HAIN	3.0	1.0	2.0	1.0	1.0	0.0	0.0	0.0	1.0	0.0	2.0	0.0	0.0	0.5	0.5	0.0	13
HALO	7.0	1.5	0.5	1.0	0.5	2.0	1.5	0.0	1.5	2.0	2.0	2.0	2.0	2.0	0.5	2.0	14
HAPN	5.8	2.0	2.0	1.0	1.0	0.0	2.0	2.0	1.0	1.0	2.0	1.0	1.0	0.5	0.5	0.5	13
HAS	7.8	2.0	1.5	1.0	1.0	2.0	1.5	2.0	1.5	2.0	2.0	2.0	2.0	1.5	0.0	1.5	14
HBAN	5.7	1.5	2.0	1.0	1.5	0.0	2.0	1.5	1.5	1.0	2.0	1.0	1.0	0.5	0.0	0.5	12
HBNC	6.0	1.5	2.0	1.0	1.5	1.0	2.0	2.0	1.0	0.0	2.0	1.0	1.0	0.0	0.5	1.5	11
HBT	6.2	1.5	1.5	1.0	1.0	1.0	2.0	1.5	1.0	1.0	0.5	1.0	1.0	0.5	2.0	2.0	11
HCAT	5.8	1.5	1.5	1.0	1.5	0.0	2.0	2.0	1.0	0.0	2.0	2.0	2.0	0.0	1.0	0.0	13
HCKT	7.2	2.0	2.0	1.0	1.0	1.0	2.0	1.0	1.0	1.5	2.0	2.0	2.0	1.5	1.5	0.0	13
HCM	4.5	1.0	1.0	1.0	2.0	2.0	2.0	1.0	1.0	0.5	0.0	1.0	1.0	0.0	0.0	0.0	12
HCSG	6.7	1.5	2.0	1.0	1.0	0.0	2.0	2.0	1.5	1.5	2.0	1.0	1.0	1.5	0.5	1.5	14
HDSN	5.5	1.5	2.0	1.0	1.0	0.0	2.0	0.0	1.0	0.5	2.0	1.0	2.0	1.0	1.5	0.0	13
HELE	5.8	1.0	1.0	1.0	0.5	1.0	2.0	2.0	1.0	0.0	2.0	2.0	1.0	1.0	0.5	1.5	13
HFWA	6.2	1.5	1.5	1.0	1.0	1.0	2.0	1.5	2.0	1.0	2.0	1.0	1.0	0.5	0.5	1.0	12
HIMX	6.7	1.5	2.0	1.0	1.0	1.0	2.0	2.0	1.0	0.5	0.5	2.0	1.0	0.5	2.0	2.0	13
HIVE	4.3	2.0	2.0	1.0	1.0	0.0	1.0	0.0	1.0	0.0	1.0	2.0	2.0	0.0	0.0	0.0	12
HLIT	6.0	1.5	2.0	1.0	1.0	0.0	2.0	2.0	1.0	1.0	2.0	1.0	1.0	1.0	0.5	1.0	13
HLMN	5.5	1.5	2.0	1.0	1.5	0.0	1.5	1.0	1.0	0.5	2.0	2.0	1.0	1.0	0.5	0.0	14
HLNE	6.2	2.0	2.0	1.0	0.5	0.0	1.0	2.0	1.0	2.0	2.0	1.0	1.0	1.5	1.5	0.0	14
HMH	5.7	2.0	2.0	1.0	1.0	0.5	1.5	0.0	1.0	0.5	2.0	2.0	2.0	1.0	0.5	0.0	13
HNRG	4.7	1.5	2.0	1.0	0.5	0.0	2.0	2.0	1.0	0.0	2.0	0.0	0.0	1.0	1.0	0.0	14
HNST	5.7	1.5	1.5	1.0	0.5	1.0	2.0	2.0	1.0	0.0	1.0	1.0	1.0	0.5	1.5	1.5	13
HON	5.8	1.5	2.0	1.0	1.5	0.0	1.5	1.5	1.0	2.0	2.0	1.0	1.0	1.0	0.0	0.5	14
HONA	5.0	1.5	2.0	1.0	1.0	0.5	1.0	0.0	1.0	1.0	2.0	2.0	1.0	1.0	0.0	0.0	11
HOOD	7.0	2.0	2.0	1.0	1.5	2.0	1.5	2.0	1.5	1.5	2.0	1.0	2.0	1.0	0.0	0.0	14
HOPE	5.8	1.5	1.5	1.0	1.0	1.0	2.0	1.5	0.5	1.0	2.0	1.0	1.0	0.5	0.5	1.5	12
HPK	5.8	1.5	1.5	1.0	0.0	2.0	2.0	2.0	1.0	0.0	1.0	0.0	1.0	1.0	2.0	1.5	13
HQ	5.7	1.5	2.0	1.0	0.5	1.5	2.0	0.0	1.0	0.0	1.5	1.0	1.0	0.0	2.0	2.0	13
HQY	6.3	2.0	2.0	1.0	1.0	1.0	1.5	1.5	1.0	1.0	2.0	2.0	1.0	1.0	0.5	0.5	14
HRMY	6.0	1.5	1.5	1.0	0.5	1.0	1.0	1.0	1.0	1.5	2.0	1.0	1.0	1.5	0.5	2.0	14
HROW	4.7	2.0	2.0	1.0	0.0	0.0	1.0	0.0	1.0	0.0	1.5	2.0	2.0	0.0	1.5	0.0	14
HRZN	4.0	1.0	1.5	1.0	1.5	0.0	1.5	0.5	1.0	0.5	0.5	1.0	1.0	1.0	0.0	0.0	13
HSAI	5.0	1.5	2.0	1.0	1.0	0.0	2.0	2.0	1.0	1.0	1.0	1.0	1.0	0.0	0.5	0.0	14
HSIC	6.2	1.5	2.0	1.0	1.0	1.0	2.0	1.5	1.0	1.0	2.0	1.0	1.0	1.0	0.0	1.5	14
HST	7.3	1.5	1.5	1.0	1.0	1.0	2.0	2.0	1.0	1.5	2.0	2.0	2.0	1.0	0.5	2.0	13
HSTM	6.7	1.5	0.5	1.0	1.0	1.5	2.0	2.0	1.0	1.0	2.0	1.0	1.0	1.0	2.0	1.5	14
HTFL	5.7	2.0	0.5	1.0	1.0	2.0	1.0	2.0	0.5	0.0	2.0	1.0	1.0	0.0	1.0	2.0	14
HTHT	6.7	1.5	2.0	1.0	1.5	0.0	2.0	2.0	1.0	2.0	1.5	1.0	2.0	1.0	0.5	1.0	14
HTLD	6.2	0.5	1.5	1.0	1.0	0.0	2.0	2.0	1.0	0.0	1.5	2.0	2.0	0.0	2.0	2.0	14
HTO	6.3	1.5	1.5	1.0	0.5	0.0	2.0	1.0	1.0	1.0	2.0	2.0	2.0	1.0	1.5	1.0	13
HUBG	5.5	1.0	2.0	1.0	1.0	0.0	1.0	1.0	2.0	1.0	2.0	1.0	2.0	1.0	0.5	0.0	14
HUMA	3.5	1.5	2.0	1.0	0.5	0.0	0.0	1.0	1.0	0.0	0.5	1.0	1.0	0.0	1.0	0.0	13
HURN	8.0	1.5	2.0	1.0	1.5	2.0	2.0	2.0	1.0	2.0	2.0	2.0	2.0	1.5	0.5	1.0	13
HUT	4.5	2.0	2.0	1.0	0.5	0.0	0.5	0.0	0.5	0.0	2.0	1.0	1.0	0.0	1.0	2.0	14
HWC	5.5	2.0	1.5	1.0	0.5	1.0	2.0	1.0	1.0	1.0	2.0	1.0	1.0	0.5	0.0	1.0	12
HWKN	6.3	1.5	2.0	1.0	1.0	1.0	2.0	0.5	1.0	1.5	2.0	2.0	2.0	1.0	0.5	0.0	13
HYMC	5.5	1.5	2.0	1.0	0.0	0.0	2.0	2.0	1.0	0.0	1.0	1.0	1.0	0.0	2.0	2.0	14
0386.HK	3.8	1.0	1.0	1.0	1.0	1.0	2.0	0.0	1.0	0.5	1.0	0.0	0.0	0.5	1.0	0.5	13
0656.HK	4.3	2.0	2.0	1.0	1.0	1.0	1.0	1.0	1.0	0.0	0.0	0.0	1.0	0.0	2.0	0.0	11
0688.HK	5.3	1.5	1.5	1.0	1.0	1.0	2.0	1.0	0.5	0.5	0.5	2.0	1.0	0.5	2.0	0.0	12
0700.HK	6.0	1.5	2.0	1.0	1.0	0.0	2.0	1.5	1.0	1.5	0.5	1.0	2.0	1.0	2.0	0.0	13
0728.HK	4.8	1.5	2.0	1.0	1.0	1.0	2.0	0.5	1.0	1.0	0.5	0.0	1.0	1.0	1.0	0.0	12
0753.HK	3.0	0.5	0.5	1.0	1.0	0.0	2.0	1.0	1.0	0.0	0.0	0.0	0.0	0.0	2.0	0.0	11
0762.HK	4.8	1.5	2.0	1.0	1.0	0.0	2.0	1.0	2.0	0.5	0.0	0.0	1.0	0.5	2.0	0.0	12
0883.HK	6.2	1.5	2.0	1.0	1.0	0.0	2.0	0.5	1.0	1.5	0.0	2.0	1.0	1.5	2.0	1.5	12
0902.HK	5.2	0.5	1.0	1.0	1.0	2.0	2.0	1.0	2.0	1.0	1.0	0.0	0.0	1.0	1.5	0.5	12
0914.HK	5.2	1.5	2.0	1.0	1.0	0.0	1.0	1.5	1.0	0.5	1.5	2.0	1.0	0.5	1.0	0.0	13
0916.HK	4.3	1.5	2.0	1.0	1.0	0.0	2.0	1.0	0.5	0.5	1.5	0.0	1.0	1.0	0.0	0.0	12
0939.HK	6.2	1.5	1.5	1.0	1.0	2.0	2.0	1.0	1.0	1.0	0.5	1.0	1.0	0.5	2.0	1.5	11
0941.HK	4.7	1.5	2.0	1.0	1.0	0.0	2.0	0.5	1.0	1.0	0.0	0.0	1.0	1.0	2.0	0.0	12
0968.HK	6.0	2.0	2.0	1.0	1.0	0.0	1.5	1.0	2.0	0.0	0.5	2.0	2.0	1.0	2.0	0.0	12
0992.HK	6.3	1.5	1.5	1.0	1.0	2.0	0.5	2.0	1.5	1.0	1.0	0.0	1.0	1.0	2.0	2.0	13
0998.HK	6.0	1.5	1.5	1.0	1.0	2.0	2.0	1.0	1.0	1.0	0.5	1.0	1.0	0.5	2.0	1.0	11
1024.HK	4.8	1.5	2.0	1.0	1.0	0.0	0.5	1.5	0.0	1.5	1.0	1.0	1.0	1.0	1.5	0.0	13
1038.HK	6.0	1.5	1.0	1.0	1.0	2.0	2.0	1.0	1.0	1.5	0.0	1.0	1.0	0.5	2.0	1.5	12
1044.HK	5.5	1.0	2.0	1.0	1.0	0.0	2.0	1.0	1.0	1.0	0.5	1.0	2.0	1.0	2.0	0.0	11
1071.HK	4.7	1.0	1.0	1.0	1.0	2.0	1.5	1.0	2.0	1.0	0.5	0.0	0.0	1.0	0.5	0.5	12
1072.HK	4.0	2.0	2.0	1.0	1.0	0.0	0.5	0.0	1.0	1.0	1.0	1.0	1.0	0.5	0.0	0.0	12
1088.HK	4.7	1.5	1.5	1.0	1.0	1.0	1.5	1.5	1.0	1.0	0.5	0.0	1.0	1.0	0.0	0.5	13
1099.HK	5.7	2.0	2.0	1.0	1.0	0.0	2.0	1.0	1.0	1.0	2.0	1.0	2.0	1.0	0.0	0.0	11
1109.HK	5.8	1.5	2.0	1.0	1.0	0.0	2.0	1.0	1.0	1.0	0.5	2.0	1.0	1.0	2.0	0.5	12
1138.HK	6.7	1.5	2.0	1.0	1.0	2.0	2.0	0.0	1.0	1.5	1.0	1.0	2.0	1.0	1.0	2.0	13
1157.HK	5.5	1.5	2.0	1.0	1.0	0.0	1.5	1.0	1.0	1.0	0.5	2.0	2.0	0.5	1.5	0.0	11
1171.HK	4.2	0.5	0.5	1.0	1.0	0.0	2.0	1.0	0.5	1.0	0.5	0.0	1.0	1.0	2.0	0.5	12
1179.HK	6.5	1.5	2.0	1.0	1.0	0.0	2.0	2.0	1.0	2.0	0.5	1.0	2.0	1.0	2.0	0.5	12
1186.HK	4.2	1.5	2.0	1.0	1.0	0.0	2.0	1.0	1.0	0.5	0.0	1.0	1.0	0.5	0.0	0.0	11
1193.HK	4.7	1.0	1.0	1.0	1.0	1.0	2.0	1.0	1.5	1.0	0.5	0.0	0.0	1.0	2.0	0.0	12
1209.HK	6.5	1.5	2.0	1.0	1.0	0.0	2.0	1.0	1.0	2.0	0.5	2.0	2.0	1.5	2.0	0.0	12
1288.HK	6.2	1.5	1.5	1.0	1.0	2.0	2.0	1.5	1.5	1.0	1.5	1.0	1.0	0.5	0.0	1.5	11
1299.HK	5.5	2.0	2.0	1.0	1.0	0.0	2.0	1.0	1.0	1.5	1.5	2.0	1.0	0.5	0.0	0.0	12
1308.HK	7.0	1.5	0.5	1.0	1.0	2.0	1.5	1.0	1.0	2.0	0.5	2.0	1.0	2.0	2.0	2.0	11
1318.HK	5.8	2.0	2.0	1.0	1.0	0.0	1.0	1.0	1.0	2.0	0.5	1.0	1.0	2.0	2.0	0.0	11
1339.HK	5.2	1.5	2.0	1.0	1.0	0.0	1.5	1.0	1.0	1.5	1.0	2.0	1.0	1.0	0.0	0.0	11
1347.HK	5.0	1.5	2.0	1.0	1.0	0.0	1.0	0.0	1.0	0.0	0.5	2.0	2.0	0.0	2.0	1.0	12
1378.HK	6.3	2.0	2.0	1.0	1.0	0.0	1.0	1.0	1.5	1.5	0.5	2.0	2.0	1.5	2.0	0.0	12
1398.HK	5.0	1.0	1.0	1.0	1.0	2.0	2.0	0.5	0.5	1.0	1.0	1.0	1.0	0.5	0.0	1.5	11
1519.HK	5.7	1.5	2.0	1.0	1.0	0.0	2.0	1.0	1.0	1.0	0.5	1.0	2.0	1.0	2.0	0.0	12
1530.HK	6.2	1.5	2.0	1.0	1.0	0.0	2.0	1.0	1.0	2.0	1.0	1.0	1.0	2.0	2.0	0.0	11
1585.HK	5.3	2.0	2.0	1.0	1.0	0.0	1.5	1.0	1.0	2.0	0.5	0.0	1.0	1.0	2.0	0.0	11
1698.HK	5.7	1.5	2.0	1.0	1.0	0.0	1.0	1.5	1.0	1.0	0.0	2.0	2.0	1.0	2.0	0.0	12
1772.HK	5.0	1.0	2.0	1.0	1.0	0.0	1.0	2.0	2.0	1.0	1.0	1.0	1.0	1.0	0.0	0.0	13
1787.HK	3.8	1.5	2.0	1.0	1.0	0.0	2.0	1.0	0.0	1.0	1.0	0.0	0.0	1.0	0.0	0.0	12
1797.HK	6.0	2.0	2.0	1.0	1.0	2.0	1.0	1.0	1.0	1.0	0.5	1.0	1.0	1.0	2.0	0.5	11
1801.HK	6.2	1.5	2.0	1.0	1.0	1.0	2.0	1.0	1.0	1.0	1.5	2.0	1.0	1.0	1.0	0.5	11
1810.HK	5.5	1.5	2.0	1.0	1.0	0.0	1.5	1.5	1.5	1.0	0.5	1.0	1.0	1.0	2.0	0.0	13
1816.HK	4.8	1.5	1.5	1.0	1.0	2.0	1.0	1.0	1.0	1.0	1.0	0.0	0.0	1.0	1.0	0.5	12
1818.HK	4.2	1.0	1.5	1.0	1.0	0.0	2.0	0.0	0.0	1.5	0.5	1.0	0.0	1.0	2.0	0.0	13
1833.HK	4.7	2.0	2.0	1.0	1.0	0.0	1.0	1.0	1.0	0.5	0.0	1.0	1.0	0.5	2.0	0.0	11
1876.HK	4.5	1.5	2.0	1.0	1.0	0.0	2.0	0.0	1.0	1.0	0.0	0.0	1.0	1.0	2.0	0.0	13
1880.HK	5.0	1.0	1.5	1.0	1.0	0.0	2.0	1.0	2.0	1.0	0.5	1.0	1.0	1.0	1.0	0.0	13
1898.HK	4.7	1.0	1.5	1.0	1.0	0.0	2.0	0.0	0.5	1.0	1.5	1.0	2.0	1.0	0.0	0.5	13
1913.HK	5.7	1.5	2.0	1.0	1.0	0.0	1.5	1.0	1.5	1.5	0.0	2.0	1.0	1.0	2.0	0.0	12
1919.HK	6.3	1.0	1.5	1.0	1.0	2.0	2.0	1.0	0.0	1.0	1.0	1.0	2.0	1.0	1.5	2.0	12
1929.HK	5.8	2.0	2.0	1.0	1.0	0.0	1.5	1.0	1.5	2.0	0.0	2.0	0.0	1.5	2.0	0.0	12
1958.HK	3.8	1.0	1.5	1.0	1.0	0.0	1.5	1.0	1.0	0.5	0.0	0.0	0.0	1.0	2.0	0.0	11
1997.HK	5.0	1.5	1.5	1.0	1.0	1.0	2.0	1.0	1.0	0.0	0.5	0.0	0.0	1.0	2.0	1.5	11
2007.HK	3.3	0.5	0.0	1.0	1.0	1.0	1.0	1.0	1.0	1.5	0.0	0.0	0.0	0.0	2.0	0.0	11
2013.HK	4.2	1.5	2.0	1.0	1.0	0.0	1.5	1.0	1.0	0.0	0.5	1.0	1.0	0.0	1.0	0.0	11
2015.HK	4.7	1.0	1.5	1.0	1.0	0.0	2.0	0.0	1.0	0.0	0.5	2.0	2.0	0.0	2.0	0.0	13
2057.HK	6.3	1.0	1.5	1.0	1.0	0.0	2.0	2.0	1.0	1.5	0.5	2.0	2.0	1.0	2.0	0.5	12
2202.HK	2.7	0.5	0.0	1.0	1.0	1.0	1.0	1.0	1.0	0.0	0.5	1.0	0.0	0.0	0.0	0.0	12
2238.HK	3.3	1.0	2.0	1.0	1.0	0.0	0.0	0.0	1.0	0.0	0.0	1.0	1.0	0.0	2.0	0.0	12
2268.HK	6.8	1.5	1.5	1.0	1.0	2.0	2.0	1.0	1.0	1.5	0.5	2.0	1.0	1.5	2.0	1.0	12
2318.HK	4.7	1.5	2.0	1.0	1.0	0.0	2.0	1.0	1.0	1.0	1.0	0.0	1.0	0.5	1.0	0.0	12
2328.HK	5.5	1.5	1.5	1.0	1.0	1.0	2.0	1.0	1.0	1.5	1.0	2.0	1.0	1.0	0.0	0.0	11
2331.HK	5.5	1.5	2.0	1.0	1.0	0.0	2.0	1.0	0.5	1.0	1.0	2.0	1.0	1.0	1.5	0.0	12
2333.HK	4.8	1.5	2.0	1.0	1.0	0.0	2.0	1.0	1.0	1.0	1.0	1.0	1.0	0.5	0.5	0.0	12
2338.HK	5.5	1.5	2.0	1.0	1.0	0.0	2.0	0.5	1.0	1.0	1.5	1.0	1.0	1.0	0.0	2.0	13
2359.HK	7.7	2.0	1.0	1.0	1.0	2.0	1.5	2.0	1.0	2.0	1.5	2.0	1.0	1.5	1.5	2.0	13
2367.HK	5.7	1.5	2.0	1.0	1.0	0.0	2.0	1.0	1.0	1.5	0.5	1.0	1.0	1.5	2.0	0.0	11
2423.HK	7.0	2.0	2.0	1.0	1.0	2.0	2.0	1.5	1.0	1.0	0.5	2.0	2.0	1.0	2.0	0.0	13
2513.HK	6.2	1.5	2.0	1.0	1.0	0.5	1.0	1.0	1.5	1.0	0.5	2.0	2.0	0.0	1.5	2.0	11
2588.HK	5.0	1.5	2.0	1.0	1.0	0.0	2.0	1.0	1.0	1.0	0.5	0.0	1.0	1.0	2.0	0.0	11
2600.HK	6.2	1.5	2.0	1.0	1.0	0.0	2.0	1.0	1.0	1.5	1.0	2.0	2.0	1.5	1.0	0.0	13
2601.HK	5.2	1.5	2.0	1.0	1.0	0.0	2.0	1.0	1.0	1.5	1.0	1.0	1.0	0.5	1.0	0.0	11
2607.HK	5.3	1.5	2.0	1.0	1.0	0.0	2.0	0.0	1.0	1.0	0.5	1.0	2.0	1.0	2.0	0.0	12
2611.HK	5.3	1.5	2.0	1.0	1.0	0.0	1.5	1.0	1.0	1.0	1.0	1.0	2.0	0.5	1.5	0.0	11
2618.HK	5.0	1.5	2.0	1.0	1.0	0.0	1.0	1.0	0.5	1.0	0.0	1.0	2.0	1.0	2.0	0.0	12
2628.HK	4.8	1.5	2.0	1.0	1.0	0.0	2.0	1.0	1.0	2.0	1.0	0.0	0.0	1.0	0.0	1.0	11
2727.HK	4.3	1.5	2.0	1.0	1.0	0.0	2.0	0.0	1.0	0.5	0.0	1.0	1.0	0.5	1.5	0.0	12
2799.HK	5.3	1.5	2.0	1.0	1.0	0.0	2.0	1.0	1.0	1.5	0.5	1.0	1.0	0.5	2.0	0.0	11
2883.HK	6.0	2.0	2.0	1.0	1.0	1.0	1.5	2.0	1.0	1.0	1.0	1.0	2.0	1.0	0.0	0.5	12
2899.HK	5.2	1.5	2.0	1.0	1.0	0.0	2.0	0.5	1.0	2.0	1.0	1.0	1.0	1.5	0.0	0.0	13
3311.HK	5.7	1.5	2.0	1.0	1.0	1.0	1.0	1.0	1.0	1.0	0.5	1.0	2.0	1.0	2.0	0.0	11
3323.HK	3.2	1.5	2.0	1.0	1.0	0.0	0.5	1.0	0.0	0.0	0.5	0.0	1.0	0.5	0.5	0.0	12
3328.HK	6.0	1.5	1.0	1.0	1.0	2.0	2.0	0.5	1.0	1.0	1.0	1.0	1.0	0.5	2.0	1.5	11
3347.HK	5.2	1.5	1.5	1.0	1.0	2.0	1.0	0.0	1.0	0.5	2.0	2.0	1.0	0.5	0.0	0.5	12
3606.HK	5.5	1.5	2.0	1.0	1.0	0.0	2.0	0.0	0.5	1.5	1.5	2.0	2.0	1.5	0.0	0.0	13
3692.HK	5.7	1.5	2.0	1.0	1.0	0.0	2.0	1.0	1.0	1.5	0.5	1.0	1.0	1.5	2.0	0.0	11
3750.HK	6.2	2.0	2.0	1.0	1.0	0.0	2.0	1.0	1.0	1.5	1.5	2.0	2.0	1.0	0.5	0.0	12
3759.HK	5.7	1.0	1.5	1.0	1.0	2.0	2.0	1.0	0.5	1.0	1.0	1.0	1.0	1.0	1.0	1.0	13
3800.HK	4.2	2.0	2.0	1.0	1.0	0.0	1.0	1.0	0.5	0.0	0.5	1.0	1.0	0.0	1.5	0.0	12
3808.HK	6.2	1.5	2.0	1.0	1.0	0.0	2.0	1.0	1.0	1.5	0.5	1.0	1.0	1.0	2.0	2.0	11
3888.HK	6.5	1.5	2.0	1.0	1.0	2.0	2.0	2.0	1.0	1.0	1.0	1.0	1.0	1.0	2.0	0.0	13
3898.HK	5.8	1.5	2.0	1.0	1.0	0.0	2.0	0.5	1.0	1.0	1.0	2.0	2.0	1.0	1.5	0.0	12
3968.HK	6.0	1.5	1.5	1.0	1.0	2.0	2.0	0.5	1.5	1.0	1.5	1.0	1.0	0.5	1.5	0.5	11
3988.HK	5.3	1.5	1.0	1.0	1.0	2.0	2.0	0.5	0.5	1.0	1.0	1.0	1.0	0.5	0.0	2.0	11
3998.HK	6.8	2.0	2.0	1.0	1.0	1.0	2.0	1.0	1.0	1.5	0.5	2.0	2.0	1.5	2.0	0.0	11
6030.HK	6.3	2.0	2.0	1.0	1.0	0.0	2.0	2.0	2.0	1.0	0.5	1.0	2.0	0.5	2.0	0.0	13
6055.HK	6.2	2.0	2.0	1.0	1.0	0.0	1.5	1.0	1.0	1.5	0.0	2.0	2.0	1.5	2.0	0.0	11
6066.HK	5.5	1.5	2.0	1.0	1.0	0.0	2.0	1.0	1.0	1.0	0.5	1.0	2.0	0.5	2.0	0.0	11
6099.HK	5.8	1.5	2.0	1.0	1.0	0.0	1.0	2.0	1.0	1.0	1.0	1.0	2.0	1.0	2.0	0.0	12
6160.HK	5.5	2.0	2.0	1.0	1.0	1.0	1.5	1.0	0.5	1.0	0.5	1.0	1.0	1.0	1.5	0.5	12
6181.HK	6.0	1.5	2.0	1.0	1.0	0.0	2.0	1.0	1.0	2.0	0.5	2.0	0.0	2.0	2.0	0.0	12
6185.HK	5.8	1.5	2.0	1.0	1.0	2.0	2.0	2.0	1.0	0.5	0.5	1.0	1.0	0.0	2.0	0.0	12
6186.HK	5.2	1.5	2.0	1.0	1.0	0.0	1.5	1.0	0.0	1.0	0.5	2.0	1.0	1.0	2.0	0.0	12
6618.HK	5.7	1.5	2.0	1.0	1.0	0.0	2.0	1.0	1.0	1.0	0.5	2.0	1.0	1.0	2.0	0.0	12
6690.HK	4.8	2.0	2.0	1.0	1.0	0.0	1.0	0.0	1.0	1.0	1.0	1.0	1.0	1.0	1.5	0.0	13
6936.HK	5.5	1.5	2.0	1.0	1.0	0.0	2.0	0.5	1.0	1.0	0.5	1.0	2.0	1.0	2.0	0.0	12
6969.HK	5.2	2.0	2.0	1.0	1.0	0.0	1.5	1.0	1.0	1.0	0.0	1.0	1.0	1.0	2.0	0.0	11
6990.HK	4.8	1.5	2.0	1.0	1.0	0.0	2.0	1.0	1.0	0.5	0.5	1.0	1.0	0.0	2.0	0.0	11
7489.HK	4.7	1.5	2.0	1.0	1.0	0.5	1.5	1.0	1.0	1.0	0.5	0.0	0.0	1.0	2.0	0.0	10
9618.HK	4.7	1.5	2.0	1.0	1.0	0.0	2.0	1.0	1.0	1.0	1.0	1.0	1.0	0.5	0.0	0.0	13
9626.HK	5.7	2.0	2.0	1.0	1.0	0.0	1.0	1.5	2.0	1.0	1.0	1.0	2.0	1.0	0.5	0.0	13
9633.HK	6.2	2.0	2.0	1.0	1.0	1.0	1.5	1.0	1.0	2.0	0.0	1.0	1.0	2.0	2.0	0.0	12
9658.HK	5.0	1.5	2.0	1.0	1.0	0.0	2.0	0.0	1.0	0.5	0.0	2.0	1.0	1.0	2.0	0.0	12
9660.HK	5.0	2.0	2.0	1.0	1.0	0.0	0.5	1.0	1.5	0.0	0.5	2.0	2.0	0.0	1.5	0.0	12
9696.HK	5.3	1.0	2.0	1.0	1.0	0.0	2.0	0.0	2.0	1.5	0.5	2.0	1.0	1.0	1.0	0.0	13
9863.HK	4.8	1.5	2.0	1.0	1.0	0.0	2.0	1.0	1.0	1.0	0.5	0.0	1.0	0.5	2.0	0.0	11
9866.HK	4.5	1.0	1.5	1.0	1.0	0.0	2.0	1.5	1.5	0.0	0.5	1.0	1.0	0.0	1.5	0.0	13
9868.HK	4.0	1.5	2.0	1.0	1.0	0.0	2.0	0.5	0.5	0.0	0.5	1.0	1.0	0.0	1.0	0.0	13
9888.HK	5.2	1.5	2.0	1.0	1.0	0.0	2.0	1.5	2.0	0.0	1.0	2.0	1.0	0.5	0.0	0.0	13
9896.HK	5.7	1.5	2.0	1.0	1.0	0.0	2.0	0.0	1.0	1.0	0.5	2.0	2.0	1.0	2.0	0.0	12
9901.HK	6.7	2.0	2.0	1.0	1.0	2.0	1.5	2.0	1.0	1.0	1.0	1.0	2.0	1.0	1.0	0.5	12
9926.HK	5.2	1.5	1.5	1.0	1.0	2.0	1.5	1.0	1.0	0.0	1.0	1.0	1.0	0.0	2.0	0.0	12
9961.HK	5.8	1.5	2.0	1.0	1.0	0.0	2.0	2.0	0.5	1.5	1.0	1.0	2.0	1.0	1.0	0.0	13
9988.HK	4.5	1.5	2.0	1.0	1.0	0.0	2.0	0.0	1.0	1.0	1.0	1.0	1.0	0.5	0.5	0.0	13
9992.HK	5.2	1.0	1.0	1.0	1.0	0.0	2.0	1.0	0.0	2.0	0.5	1.0	1.0	2.0	2.0	0.0	12
9999.HK	6.0	2.0	2.0	1.0	1.0	2.0	1.0	0.5	1.0	1.5	0.5	1.0	1.0	1.5	2.0	0.0	13
IART	5.5	0.5	1.5	1.0	0.5	0.0	2.0	2.0	1.0	0.0	2.0	1.0	2.0	1.0	1.5	0.5	14
IBCP	6.0	1.5	1.5	1.0	1.5	1.0	2.0	1.5	1.0	1.0	2.0	1.0	1.0	0.5	0.5	1.0	11
IBEX	7.7	1.0	0.5	1.0	1.5	2.0	2.0	2.0	1.0	2.0	2.0	2.0	2.0	1.5	1.0	1.5	13
IBKR	6.8	1.5	2.0	1.0	1.5	1.0	2.0	1.5	0.5	1.5	2.0	1.0	2.0	1.0	0.5	1.5	14
IBRX	5.7	2.0	2.0	1.0	0.0	2.0	1.5	0.0	1.0	1.0	0.5	1.0	1.0	0.0	2.0	2.0	13
ICFI	6.3	1.5	1.5	1.0	1.5	2.0	1.5	1.0	1.0	1.0	2.0	1.0	2.0	1.0	0.5	0.5	13
ICHR	5.8	2.0	2.0	1.0	1.0	0.0	1.5	2.0	1.0	0.0	2.0	1.0	1.0	0.5	0.5	2.0	14
ICLR	4.7	1.5	1.5	1.0	1.5	1.0	1.5	0.5	1.5	0.5	2.0	0.0	1.0	0.5	0.0	0.0	14
ICUI	6.5	1.5	2.0	1.0	1.0	1.0	2.0	2.0	1.0	0.5	2.0	2.0	1.0	0.5	0.5	1.5	13
IDCC	7.2	2.0	2.0	1.0	0.5	1.0	2.0	2.0	1.0	2.0	2.0	2.0	2.0	1.5	0.5	0.0	13
IDXX	6.2	1.5	2.0	1.0	1.5	0.0	2.0	1.5	1.0	2.0	2.0	1.0	1.0	2.0	0.0	0.0	14
IDYA	5.7	2.0	2.0	1.0	0.5	1.0	1.5	2.0	1.0	0.0	2.0	1.0	1.0	0.0	0.5	1.5	14
IESC	8.0	1.5	2.0	1.0	1.0	1.0	2.0	2.0	1.0	2.0	2.0	2.0	2.0	2.0	0.5	2.0	13
IFRX	4.3	2.0	2.0	1.0	1.0	0.0	1.0	0.0	1.0	0.0	2.0	1.0	1.0	0.0	0.5	0.5	13
IGIC	5.3	1.5	2.0	1.0	2.0	0.0	2.0	0.5	1.0	1.5	1.0	0.0	0.0	1.0	2.0	0.5	13
IHRT	5.0	0.5	1.5	1.0	1.0	0.0	2.0	0.0	1.0	1.0	2.0	1.0	2.0	1.0	1.0	0.0	12
IIIV	4.7	1.5	2.0	1.0	0.0	0.0	1.5	1.5	1.0	0.5	2.0	1.0	1.0	0.5	0.5	0.0	13
ILMN	7.0	1.5	0.5	1.0	0.5	2.0	0.5	2.0	1.5	2.0	2.0	2.0	2.0	1.5	0.0	2.0	14
IMCR	3.3	1.5	2.0	1.0	0.5	0.0	0.0	0.0	1.0	0.0	2.0	1.0	1.0	0.0	0.0	0.0	13
IMMR	6.7	1.5	2.0	1.0	1.0	1.0	2.0	2.0	1.0	0.5	1.5	2.0	2.0	0.5	1.5	0.5	13
IMMX	5.3	2.0	2.0	1.0	0.5	1.0	1.5	0.0	1.0	0.0	1.5	1.0	1.0	0.0	1.5	2.0	13
IMNM	5.0	2.0	2.0	1.0	0.5	0.0	2.0	0.0	0.5	0.0	2.0	1.0	1.0	0.0	1.0	2.0	14
IMRX	4.7	2.0	2.0	1.0	0.0	0.0	1.0	2.0	1.0	0.0	1.5	1.0	1.0	0.0	1.5	0.0	13
IMSR	4.7	1.5	2.0	1.0	0.5	0.0	2.0	2.0	1.0	0.0	0.5	1.0	1.0	0.0	1.5	0.0	13
IMTX	5.0	2.0	2.0	1.0	1.5	0.0	1.5	1.0	1.0	0.0	1.5	1.0	1.0	0.0	1.5	0.0	13
IMUX	4.2	2.0	2.0	1.0	0.5	0.0	0.0	2.0	1.0	0.0	2.0	1.0	1.0	0.0	0.0	0.0	13
IMVT	5.5	2.0	2.0	1.0	0.5	0.0	1.0	1.5	1.0	0.0	1.5	1.0	1.0	0.0	2.0	2.0	14
IMXI	5.3	1.0	1.0	1.0	1.0	0.0	2.0	0.0	1.0	1.0	2.0	2.0	2.0	1.0	1.0	0.0	13
INBK	6.2	1.5	1.5	1.0	1.5	1.0	2.0	2.0	1.0	0.0	2.0	1.0	1.0	0.0	1.5	1.5	11
INBX	5.5	1.5	2.0	1.0	0.0	1.0	2.0	0.0	1.0	0.0	2.0	1.0	1.0	0.0	2.0	2.0	13
INBX.CVR	5.0	1.0	1.0	1.0	1.0	1.0	1.0	1.0	1.0	1.0	1.0	1.0	1.0	1.0	1.0	1.0	0
INCY	6.8	1.5	1.5	1.0	1.0	1.0	1.5	2.0	1.0	2.0	2.0	1.0	1.0	2.0	0.5	1.5	14
INDB	5.2	1.0	1.5	1.0	1.0	0.0	2.0	1.0	1.0	1.0	2.0	1.0	1.0	0.5	0.5	1.0	12
INDI	4.5	2.0	2.0	1.0	0.0	0.0	2.0	1.0	1.0	0.0	2.0	1.0	1.0	0.0	0.5	0.0	13
INDV	6.2	1.5	2.0	1.0	0.5	0.0	2.0	2.0	1.0	1.0	2.0	0.0	1.0	2.0	0.5	2.0	12
INGN	6.0	1.5	2.0	1.0	1.0	1.0	2.0	2.0	1.0	0.0	2.0	2.0	1.0	0.0	1.5	0.0	13
INIO	5.2	2.0	2.0	1.0	0.5	0.5	1.0	2.0	1.0	1.0	1.5	1.0	1.0	1.0	0.0	0.0	12
INKT	5.7	1.5	2.0	1.0	1.5	0.0	2.0	2.0	1.0	1.0	0.0	1.0	2.0	0.0	2.0	0.0	12
INMD	5.5	1.0	2.0	1.0	1.5	0.0	2.0	1.0	1.0	1.0	1.5	1.0	1.0	1.0	1.5	0.0	13
INO	3.2	1.5	2.0	1.0	0.0	0.0	1.0	0.0	1.0	0.0	1.0	1.0	1.0	0.0	0.0	0.0	13
INOD	6.3	2.0	2.0	1.0	0.5	0.0	1.0	2.0	1.0	2.0	1.5	2.0	2.0	1.5	0.5	0.0	13
INSE	6.3	1.5	2.0	1.0	1.0	0.0	2.0	2.0	0.0	1.0	2.0	2.0	2.0	1.5	1.0	0.0	13
INSM	4.8	2.0	2.0	1.0	1.0	0.0	1.5	2.0	1.0	0.0	2.0	1.0	1.0	0.0	0.0	0.0	14
INTA	4.8	1.0	0.5	1.0	1.0	2.0	1.0	2.0	1.0	0.0	2.0	0.0	1.0	0.0	1.5	0.5	13
INTC	6.8	1.0	1.5	1.0	1.5	2.0	1.0	2.0	1.0	0.0	1.5	2.0	2.0	0.5	1.5	2.0	14
INTR	6.2	2.0	2.0	1.0	1.5	1.5	1.5	1.0	1.0	1.5	1.0	1.0	1.0	0.5	2.0	0.0	12
INTS	4.3	1.5	2.0	1.0	2.0	0.0	2.0	0.0	1.0	0.0	1.0	1.0	1.0	0.0	0.5	0.0	13
INTU	5.8	1.5	2.0	1.0	1.5	0.0	1.0	1.5	0.5	1.5	2.0	2.0	1.0	1.5	0.5	0.0	14
INV.US	4.5	1.5	2.0	1.0	0.5	0.0	2.0	0.5	1.0	0.0	1.0	1.0	1.0	0.0	2.0	0.0	13
INVA	6.0	2.0	2.0	1.0	0.5	0.0	1.5	1.5	1.0	2.0	2.0	1.0	1.0	1.0	0.5	1.0	13
INVE	5.3	1.0	2.0	1.0	2.0	0.0	2.0	2.0	1.0	0.0	1.5	1.0	1.0	0.0	1.5	0.0	13
INVZ	4.3	1.0	2.0	1.0	1.0	0.0	2.0	0.0	1.0	0.0	0.5	2.0	2.0	0.0	0.5	0.0	13
IONS	4.3	2.0	2.0	1.0	0.5	0.0	1.0	2.0	0.5	0.0	2.0	1.0	1.0	0.0	0.0	0.0	14
IOSP	7.5	1.5	1.5	1.0	1.5	2.0	2.0	2.0	1.0	1.0	2.0	2.0	2.0	1.0	0.5	1.5	13
IOVA	5.0	2.0	1.5	1.0	0.0	2.0	0.5	1.0	1.0	0.0	2.0	1.0	1.0	0.0	0.0	2.0	14
IPAR	6.0	1.0	1.5	1.0	0.5	1.0	1.0	1.5	0.0	1.5	1.5	1.0	2.0	1.5	2.0	1.0	14
IPGP	5.5	1.5	2.0	1.0	0.0	0.0	2.0	2.0	1.0	0.5	2.0	1.0	1.0	0.5	2.0	0.0	13
IPX	4.2	1.5	2.0	1.0	1.5	0.0	2.0	1.0	1.0	0.0	0.5	1.0	1.0	0.0	0.0	0.0	12
IQ.US	3.7	1.5	2.0	1.0	0.5	0.0	2.0	1.5	1.0	0.0	1.5	0.0	0.0	0.0	0.0	0.0	13
IRD	5.5	2.0	2.0	1.0	0.5	2.0	1.0	0.0	1.0	0.0	1.5	1.0	1.0	0.0	1.5	2.0	14
IRDM	6.8	1.0	1.5	1.0	1.5	1.0	2.0	0.5	1.0	1.5	2.0	2.0	1.0	1.0	1.5	2.0	13
IREN	4.8	2.0	2.0	1.0	0.0	0.0	1.5	2.0	2.0	0.0	1.5	1.0	1.0	0.0	0.5	0.0	14
IRMD	6.7	1.5	2.0	1.0	1.0	0.0	2.0	1.5	1.0	1.5	1.5	1.0	1.0	2.0	2.0	1.0	13
IRON	4.5	2.0	2.0	1.0	0.0	0.0	1.5	1.0	1.0	0.0	2.0	1.0	1.0	0.0	1.0	0.0	14
IRTC	5.3	2.0	2.0	1.0	1.0	0.0	2.0	2.0	1.0	0.0	2.0	1.0	1.0	0.5	0.5	0.0	14
ISPR	5.0	1.5	2.0	1.0	1.5	1.0	2.0	0.0	1.0	1.0	0.0	1.0	1.0	0.0	2.0	0.0	12
ISRG	6.3	2.0	1.5	1.0	1.5	1.0	1.5	2.0	1.5	1.5	2.0	1.0	1.0	1.5	0.0	0.0	14
ITG	5.7	2.0	2.0	1.0	1.5	0.5	1.5	0.5	1.0	1.0	2.0	2.0	1.0	1.0	0.0	0.0	11
ITRI	6.3	2.0	2.0	1.0	0.5	0.0	1.5	2.0	1.0	1.5	2.0	2.0	2.0	1.0	0.5	0.0	13
ITRN	7.8	1.5	2.0	1.0	2.0	0.0	2.0	1.5	1.0	2.0	1.5	2.0	2.0	1.5	1.5	2.0	13
IVVD	4.7	2.0	2.0	1.0	0.5	0.0	2.0	0.5	1.0	0.0	2.0	1.0	1.0	0.0	1.0	0.0	13
JACK	3.8	1.0	2.0	1.0	0.0	0.0	1.0	0.5	1.0	1.0	2.0	0.0	0.0	1.0	1.0	0.0	13
JAKK	7.7	1.5	1.0	1.0	1.5	1.5	2.0	2.0	1.0	1.0	1.5	2.0	2.0	1.0	2.0	2.0	13
JANX	4.8	2.0	2.0	1.0	0.5	2.0	0.0	2.0	1.0	0.0	2.0	1.0	1.0	0.0	0.0	0.0	13
JAZZ	7.7	2.0	2.0	1.0	1.0	1.0	1.5	2.0	1.5	1.5	2.0	2.0	2.0	1.0	0.5	2.0	14
JBHT	7.0	1.5	2.0	1.0	1.5	0.0	1.0	1.5	1.0	1.5	2.0	1.0	2.0	1.0	2.0	2.0	14
JBIO	4.8	2.0	2.0	1.0	0.0	0.0	0.5	0.0	1.0	1.0	2.0	1.0	1.0	1.0	0.0	2.0	11
JBLU	3.5	1.0	1.5	1.0	0.0	0.0	1.5	0.5	0.5	0.0	2.0	0.0	1.0	0.0	1.5	0.0	14
JBSS	6.3	1.5	2.0	1.0	1.0	0.0	2.0	1.5	1.0	1.5	2.0	2.0	1.0	1.5	0.5	0.5	13
JD.US	5.0	1.5	2.0	1.0	2.0	0.0	1.0	2.0	1.0	1.0	0.5	1.0	1.0	0.5	0.5	0.0	14
JJSF	6.7	2.0	2.0	1.0	0.5	0.0	2.0	1.5	1.0	1.0	2.0	2.0	2.0	1.0	2.0	0.0	13
JKHY	5.5	1.5	2.0	1.0	1.0	0.0	1.5	2.0	0.5	1.5	2.0	1.0	1.0	1.5	0.0	0.0	14
JOYY	6.8	1.5	1.5	1.0	1.0	2.0	2.0	2.0	1.0	0.0	1.5	2.0	2.0	0.5	0.5	2.0	13
JRVR	4.8	1.0	2.0	1.0	1.5	0.0	2.0	0.0	1.0	0.5	2.0	1.0	1.0	0.5	1.0	0.0	13
JYNT	6.2	1.5	2.0	1.0	0.5	0.0	1.5	2.0	1.0	1.0	1.5	2.0	2.0	1.0	1.5	0.0	13
KDP	5.5	1.5	1.5	1.0	1.0	1.0	1.5	1.5	2.0	1.0	2.0	0.0	0.0	1.0	0.5	1.0	14
KMB	5.0	1.5	1.5	1.0	0.5	0.0	2.0	1.5	1.5	2.0	2.0	0.0	0.0	1.5	0.0	0.0	14
KHC	5.2	1.0	1.5	1.0	0.5	0.0	2.0	1.5	1.5	0.0	1.5	1.0	1.0	1.0	2.0	0.0	14
KLAC	7.8	1.5	2.0	1.0	1.5	2.0	1.0	1.5	1.0	2.0	2.0	2.0	2.0	2.0	0.0	2.0	14
KC	4.3	1.5	2.0	1.0	1.5	0.0	2.0	2.0	1.0	0.0	0.0	1.0	1.0	0.0	0.0	0.0	13
KTOS	5.3	2.0	2.0	1.0	1.0	0.0	0.5	2.0	2.0	0.5	2.0	1.0	1.0	0.5	0.5	0.0	14
KLRS	5.3	2.0	2.0	1.0	1.5	0.0	2.0	1.5	1.0	0.0	2.0	1.0	1.0	0.0	1.0	0.0	14
KRNT	6.2	2.0	1.5	1.0	2.0	1.5	2.0	2.0	1.0	0.0	2.0	1.0	1.0	0.0	0.0	1.5	13
KNSL	4.8	1.0	1.5	1.0	0.5	0.0	2.0	1.5	1.0	2.0	2.0	0.0	0.0	1.0	1.0	0.0	14
KLIC	7.0	1.5	1.5	1.0	1.0	2.0	2.0	2.0	1.0	1.0	2.0	1.0	1.0	1.5	0.5	2.0	13
KLTR	4.8	1.5	2.0	1.0	1.5	0.0	2.0	2.0	1.0	0.0	1.0	0.0	0.0	0.5	2.0	0.0	13
KRYS	7.3	2.0	1.5	1.0	0.5	1.0	2.0	2.0	1.5	1.5	2.0	1.0	1.0	1.5	1.5	2.0	14
KEEL	3.8	2.0	2.0	1.0	0.5	0.0	1.5	0.0	0.5	0.0	1.5	1.0	1.0	0.0	0.5	0.0	14
KYMR	5.3	2.0	2.0	1.0	0.5	1.0	1.0	0.5	1.5	0.0	2.0	1.0	1.0	0.0	0.5	2.0	14
KNSA	6.7	2.0	2.0	1.0	1.0	2.0	1.5	0.5	1.0	1.0	2.0	1.0	1.0	1.5	0.5	2.0	14
KURA	4.5	2.0	2.0	1.0	0.5	1.0	0.5	0.0	1.5	0.0	2.0	1.0	1.0	0.0	0.5	0.5	14
KROS	4.5	1.5	2.0	1.0	1.0	1.0	1.5	0.0	1.0	0.0	2.0	1.0	1.0	0.0	0.5	0.0	13
KALU	7.0	0.5	1.0	1.0	1.0	0.0	2.0	2.0	2.0	2.0	2.0	2.0	2.0	1.0	0.5	2.0	14
KELYA.US	6.2	1.5	2.0	1.0	1.5	1.0	2.0	0.0	1.0	0.0	2.0	1.0	2.0	0.5	1.5	1.5	13
KE	6.5	1.5	2.0	1.0	1.0	2.0	2.0	0.5	1.0	0.5	2.0	2.0	2.0	1.0	0.5	0.5	13
KIDS	5.8	1.5	2.0	1.0	1.5	1.0	1.0	1.5	1.0	0.0	1.5	1.0	1.0	0.0	2.0	1.5	13
KRNY	5.8	1.0	1.5	1.0	1.0	1.0	2.0	0.5	1.0	0.5	2.0	1.0	1.0	0.5	1.5	2.0	11
KRT	7.3	1.5	0.5	1.0	1.0	2.0	1.0	2.0	1.0	2.0	1.0	2.0	2.0	1.0	2.0	2.0	14
KOPN	7.0	2.0	2.0	1.0	0.5	1.0	2.0	1.5	1.0	1.5	1.5	2.0	2.0	0.0	1.0	2.0	14
KOD	5.3	2.0	2.0	1.0	0.0	1.5	1.0	0.5	0.0	0.0	2.0	2.0	1.0	0.0	1.0	2.0	14
KRRO	4.3	2.0	2.0	1.0	0.5	0.0	0.5	2.0	1.0	0.0	2.0	1.0	1.0	0.0	0.0	0.0	13
KSPI	7.0	1.5	2.0	1.0	2.0	1.0	2.0	0.5	1.0	2.0	1.0	1.0	1.0	1.5	2.0	1.5	14
KYIV	6.2	2.0	2.0	1.0	1.0	0.0	1.5	1.5	1.0	1.0	0.5	1.0	2.0	1.5	2.0	0.5	14
KLRA	5.5	1.5	2.0	1.0	1.5	0.5	2.0	0.0	1.0	1.0	2.0	1.0	1.0	1.0	1.0	0.0	12
KARD	5.8	2.0	2.0	1.0	1.5	0.5	2.0	0.0	1.0	1.0	2.0	1.0	1.0	1.0	1.5	0.0	11
LAMR	5.8	1.5	1.5	1.0	1.0	1.0	2.0	1.0	1.0	2.0	2.0	0.0	1.0	1.0	0.0	1.5	13
LAND	5.2	1.0	0.5	1.0	0.5	1.0	2.0	1.5	1.0	0.0	1.0	2.0	2.0	0.5	1.0	0.5	13
LASR	5.7	1.5	2.0	1.0	1.0	0.0	2.0	2.0	1.5	0.0	2.0	1.0	1.0	0.0	0.5	1.5	14
LAUR	6.8	1.5	1.5	1.0	1.5	2.0	2.0	2.0	0.0	2.0	2.0	0.0	1.0	1.5	1.0	1.5	14
LBTYA	4.7	1.0	2.0	1.0	1.0	0.0	2.0	0.0	1.0	0.0	2.0	1.0	2.0	0.5	0.5	0.0	14
LBTYK	5.5	1.5	2.0	1.0	1.0	0.0	2.0	1.0	1.0	0.0	2.0	1.0	2.0	0.5	1.5	0.0	12
LCID	2.8	0.5	2.0	1.0	0.0	0.0	0.0	0.0	1.0	0.0	1.5	1.0	0.0	0.0	1.5	0.0	14
LE	6.0	1.5	2.0	1.0	0.5	0.0	2.0	2.0	1.0	2.0	1.0	2.0	0.0	1.0	2.0	0.0	13
LECO	6.8	1.5	1.5	1.0	1.5	0.0	1.5	1.5	1.0	2.0	2.0	2.0	2.0	1.5	0.5	1.0	14
LEGN	3.2	1.5	2.0	1.0	0.5	0.0	0.0	0.0	0.5	0.0	1.5	1.0	1.0	0.0	0.5	0.0	14
LENZ	3.5	1.5	2.0	1.0	0.0	0.0	0.0	0.5	1.0	0.0	2.0	1.0	1.0	0.0	0.5	0.0	13
LFCR	4.8	1.0	1.0	1.0	1.0	1.5	2.0	0.0	0.0	1.0	2.0	1.0	1.0	1.0	0.5	0.5	12
LFMD	3.8	1.5	2.0	1.0	0.5	0.0	2.0	0.0	1.0	0.0	1.0	0.0	1.0	0.0	1.5	0.0	13
LFST	6.8	2.0	1.5	1.0	1.0	1.0	2.0	2.0	1.0	0.5	2.0	1.0	2.0	1.0	0.5	2.0	14
LFTO	6.3	2.0	2.0	1.0	1.5	0.5	0.5	2.0	0.5	1.0	2.0	1.0	2.0	1.5	1.5	0.0	13
LFUS	6.8	1.5	2.0	1.0	1.0	1.0	2.0	1.5	1.0	0.0	2.0	2.0	2.0	1.0	0.5	2.0	13
LGN	6.0	2.0	2.0	1.0	1.0	0.0	1.0	2.0	1.0	0.0	2.0	1.0	2.0	1.0	0.0	2.0	14
LGND	7.2	2.0	2.0	1.0	0.5	2.0	2.0	2.0	1.0	1.5	2.0	1.0	1.0	1.0	0.5	2.0	13
LGVN	4.7	1.5	2.0	1.0	1.0	0.0	2.0	0.5	1.0	0.0	0.5	2.0	1.0	0.0	1.5	0.0	13
LI	4.0	1.0	2.0	1.0	1.0	0.0	2.0	0.0	1.0	0.0	0.0	2.0	2.0	0.0	0.0	0.0	14
LIDR	4.3	1.5	2.0	1.0	1.0	0.0	2.0	1.5	1.0	0.0	0.5	1.0	1.0	0.0	0.5	0.0	13
LIF	5.7	2.0	2.0	1.0	0.5	0.0	2.0	2.0	1.0	2.0	1.5	1.0	1.0	0.5	0.5	0.0	13
LIFE	6.3	2.0	1.0	1.0	1.0	1.5	1.5	2.0	0.0	0.0	1.5	2.0	2.0	0.0	1.5	2.0	14
LILA	7.0	1.5	2.0	1.0	1.5	2.0	2.0	2.0	1.0	0.0	2.0	1.0	1.0	0.5	1.5	2.0	13
LILAK	5.8	1.0	1.0	1.0	1.5	2.0	2.0	0.0	1.0	0.0	1.5	1.0	1.0	0.5	2.0	2.0	13
LIME	6.7	2.0	2.0	1.0	1.0	0.5	1.5	2.0	1.0	1.0	0.5	2.0	2.0	1.0	2.0	0.5	10
LIN	6.0	2.0	1.5	1.0	2.0	1.0	2.0	1.0	1.5	1.5	2.0	0.0	1.0	1.0	0.0	0.5	14
LINC	5.3	1.5	2.0	1.0	0.5	0.0	1.5	2.0	1.0	1.0	2.0	0.0	1.0	1.0	1.0	0.5	14
LIND	6.2	1.5	1.0	1.0	0.5	1.5	1.5	2.0	0.5	1.0	2.0	0.0	1.0	1.0	2.0	2.0	13
LINE	5.3	2.0	2.0	1.0	1.0	0.0	2.0	2.0	1.5	0.0	1.0	0.0	1.0	0.5	2.0	0.0	14
LITE	6.7	2.0	1.5	1.0	1.0	2.0	1.0	1.5	1.0	0.0	2.0	2.0	2.0	1.0	0.0	2.0	14
LIVN	7.3	2.0	2.0	1.0	0.5	1.0	2.0	2.0	2.0	1.5	2.0	1.0	2.0	1.0	0.0	2.0	14
LKFN	4.8	1.0	1.5	1.0	0.5	0.0	2.0	1.5	1.0	1.0	2.0	1.0	1.0	0.5	0.5	0.0	12
LKFT	6.3	1.5	2.0	1.0	1.0	1.0	2.0	2.0	1.0	1.5	0.5	1.0	1.0	1.5	2.0	0.0	13
LKQ	5.2	1.5	2.0	1.0	1.0	0.0	1.0	1.0	1.0	1.0	2.0	2.0	1.0	1.0	0.0	0.0	14
LMAT	5.7	1.5	1.5	1.0	1.0	0.0	2.0	1.5	1.0	1.5	2.0	1.0	1.0	1.0	1.0	0.0	14
LMB	6.3	2.0	2.0	1.0	1.0	1.0	1.5	2.0	0.0	1.5	2.0	1.0	2.0	1.0	1.0	0.0	14
LMNR.US	4.3	1.5	2.0	1.0	1.0	0.0	1.0	0.0	1.0	0.0	1.5	2.0	1.0	0.0	1.0	0.0	13
LMRI	5.7	2.0	2.0	1.0	1.0	0.0	2.0	0.0	1.0	1.0	1.0	1.0	2.0	1.0	2.0	0.0	12
LNT	4.3	1.5	1.5	1.0	0.5	0.0	2.0	1.5	1.0	1.0	2.0	0.0	0.0	1.0	0.0	0.0	14
LNTH	6.3	1.0	1.5	1.0	1.0	1.0	2.0	2.0	0.0	1.5	2.0	1.0	1.0	1.5	0.5	2.0	14
LNWO	5.8	1.5	2.0	1.0	0.5	0.0	2.0	1.5	0.5	2.0	0.5	2.0	2.0	1.5	0.5	0.0	14
LOB	5.7	1.5	2.0	1.0	1.0	0.0	1.5	1.0	1.0	1.0	2.0	1.0	1.0	0.5	2.0	0.5	12
LOCO	6.0	1.5	2.0	1.0	1.0	1.0	2.0	2.0	1.0	1.0	2.0	0.0	0.0	1.0	0.5	2.0	13
LOGI	6.7	1.0	1.0	1.0	1.0	2.0	1.0	2.0	1.0	2.0	2.0	2.0	2.0	1.5	0.0	0.5	13
LOPE	7.2	2.0	1.5	1.0	1.0	2.0	2.0	1.5	1.0	2.0	2.0	2.0	1.0	2.0	0.5	0.0	14
LOVE	4.5	2.0	2.0	1.0	0.0	0.0	0.5	0.0	1.0	1.0	2.0	1.0	1.0	0.5	1.0	0.5	13
LPLA.US	6.0	1.5	2.0	1.0	1.5	1.0	1.0	1.5	0.5	1.5	2.0	2.0	1.0	1.0	0.0	0.5	14
LQDA	6.3	1.5	2.0	1.0	0.5	0.0	1.0	2.0	0.0	2.0	2.0	2.0	1.0	2.0	1.0	1.0	14
LQDT	8.3	1.5	2.0	1.0	1.5	2.0	2.0	2.0	1.0	1.0	2.0	2.0	2.0	1.0	2.0	2.0	13
LRCX	7.7	2.0	2.0	1.0	1.5	2.0	0.0	1.5	1.0	2.0	2.0	2.0	2.0	2.0	0.0	2.0	14
LSCC	6.7	2.0	2.0	1.0	1.0	2.0	2.0	1.5	1.0	0.5	2.0	1.0	1.0	1.0	0.0	2.0	13
LSTR	5.8	1.0	1.5	1.0	1.0	0.0	1.5	0.5	1.5	1.0	2.0	2.0	2.0	1.0	0.0	1.5	14
LTRX	6.5	2.0	2.0	1.0	1.0	2.0	1.5	2.0	1.0	0.0	1.5	1.0	1.0	0.0	1.5	2.0	13
LULU	5.3	1.0	1.5	1.0	0.5	0.0	0.0	2.0	1.0	2.0	2.0	2.0	1.0	1.5	0.5	0.0	14
LUNG	5.3	2.0	2.0	1.0	1.5	1.0	0.5	2.0	1.0	0.0	1.5	1.0	1.0	0.0	0.5	1.0	13
LUNR	4.5	1.5	2.0	1.0	0.0	0.0	0.5	0.0	1.0	0.0	2.0	2.0	2.0	0.0	1.0	0.5	13
LWAY	6.2	1.5	2.0	1.0	1.0	0.0	2.0	0.0	1.0	1.0	1.5	2.0	2.0	1.5	2.0	0.0	13
LXRX	4.8	2.0	2.0	1.0	0.5	0.0	0.5	2.0	1.0	0.0	2.0	1.0	1.0	0.0	0.5	1.0	13
LYEL	4.2	1.5	2.0	1.0	1.0	0.0	0.5	0.0	1.0	0.0	1.5	1.0	1.0	0.0	2.0	0.0	13
LYFT	4.2	1.0	1.5	1.0	0.0	1.0	0.5	2.0	1.0	2.0	2.0	0.0	0.0	0.0	0.5	0.0	14
LYTS	6.8	2.0	2.0	1.0	1.0	0.0	2.0	2.0	1.0	1.0	2.0	2.0	2.0	1.0	1.5	0.0	13
LZ	4.5	1.5	2.0	1.0	0.5	0.0	1.0	0.5	1.0	1.0	2.0	0.0	1.0	1.0	1.0	0.0	13
3IN.L	5.0	1.5	1.5	1.0	1.0	1.0	2.0	1.0	1.0	1.0	1.5	1.0	0.0	1.0	0.0	0.5	11
AAL.L	7.0	2.0	1.5	1.0	1.0	2.0	1.5	1.0	1.5	0.0	1.5	2.0	2.0	1.0	1.0	2.0	12
ABDN.L	5.2	1.5	1.5	1.0	1.0	1.0	2.0	1.0	1.0	1.0	1.0	1.0	1.0	0.5	0.0	1.0	12
ABF.L	4.7	0.5	0.5	1.0	1.0	0.0	2.0	1.0	0.5	1.0	0.5	2.0	1.0	1.0	2.0	0.0	12
ADM.L	6.0	1.5	1.5	1.0	1.0	1.0	1.5	1.0	1.0	2.0	1.5	1.0	1.0	1.0	1.5	0.5	11
AEP.L	7.2	1.5	2.0	1.0	1.0	2.0	2.0	1.0	1.0	1.0	0.5	2.0	1.0	1.5	2.0	2.0	11
AJB.L	6.3	1.0	1.5	1.0	1.0	1.0	2.0	1.0	1.5	2.0	1.0	1.0	1.0	2.0	1.5	0.5	12
ALFA.L	6.8	2.0	2.0	1.0	1.0	0.0	2.0	1.0	1.0	2.0	0.5	2.0	2.0	2.0	2.0	0.0	11
AML.L	3.8	1.0	1.0	1.0	1.0	1.0	2.0	1.0	1.0	0.0	0.5	0.0	0.0	0.0	2.0	0.0	12
ANTO.L	6.0	1.0	1.5	1.0	1.0	0.0	1.5	1.0	1.0	1.5	0.5	2.0	1.0	1.5	2.0	1.5	12
AO.L	5.7	1.5	2.0	1.0	1.0	0.0	2.0	1.0	1.0	1.5	1.0	1.0	1.0	1.0	2.0	0.0	11
ASC.L	5.0	1.5	1.0	1.0	1.0	2.0	0.5	1.0	2.0	0.0	1.0	0.0	0.0	0.0	2.0	2.0	12
ASHM.L	5.2	0.5	0.5	1.0	1.0	1.0	1.5	1.0	1.0	1.0	1.0	1.0	1.0	1.0	2.0	1.0	11
ATG.L	6.3	1.5	1.0	1.0	1.0	2.0	2.0	1.0	2.0	0.0	2.0	0.0	1.0	0.5	2.0	2.0	12
ATYM.L	7.2	1.5	1.5	1.0	1.0	2.0	2.0	0.0	1.5	1.5	1.5	2.0	1.0	1.5	1.5	2.0	13
AUTO.L	6.0	1.0	2.0	1.0	1.0	0.0	1.0	1.0	1.0	2.0	2.0	2.0	2.0	2.0	0.0	0.0	12
AV.L	6.2	1.0	1.5	1.0	1.0	1.0	2.0	1.0	2.0	1.0	2.0	2.0	2.0	0.5	0.0	0.5	12
AVAP.L	6.2	1.5	2.0	1.0	1.0	2.0	2.0	1.0	1.0	0.5	0.5	2.0	1.0	1.0	2.0	0.0	11
AVON.L	6.2	1.5	1.5	1.0	1.0	1.5	2.0	1.0	1.0	1.0	2.0	1.0	2.0	1.0	0.5	0.5	12
AZN.L	5.2	1.5	2.0	1.0	1.0	0.0	1.0	1.5	2.0	1.5	1.5	0.0	1.0	1.5	0.0	0.0	13
BA.L	4.8	1.0	2.0	1.0	1.0	0.0	1.5	1.0	0.5	1.5	2.0	1.0	1.0	1.0	0.0	0.0	12
BAB.L	4.8	2.0	2.0	1.0	1.0	0.0	1.5	1.0	0.5	2.0	1.5	0.0	1.0	1.0	0.0	0.0	12
BAG.L	5.2	1.5	2.0	1.0	1.0	0.0	1.5	1.0	1.0	1.0	1.0	1.0	1.0	1.5	1.0	0.0	11
BARC.L	4.7	1.5	2.0	1.0	1.0	0.0	1.5	1.5	0.0	1.0	1.0	1.0	1.0	0.5	0.0	1.0	11
BATS.L	4.8	1.5	1.5	1.0	1.0	0.0	1.5	1.0	2.0	1.0	1.5	0.0	0.0	1.0	1.0	0.5	12
BBOX.L	5.5	1.5	2.0	1.0	1.0	0.0	2.0	1.0	1.0	1.0	1.0	1.0	1.0	1.0	1.0	1.0	5
BBY.L	5.7	1.5	2.0	1.0	1.0	1.0	2.0	1.0	1.0	1.5	1.5	0.0	1.0	0.5	0.5	1.5	12
BGEO.L	7.2	1.5	2.0	1.0	1.0	1.0	2.0	2.0	1.0	2.0	1.5	1.0	1.0	1.0	1.5	2.0	10
BHP.L	6.3	1.0	1.0	1.0	1.0	1.0	1.5	1.0	1.5	1.5	1.0	2.0	2.0	1.5	0.0	2.0	12
BKG.L	5.3	1.5	2.0	1.0	1.0	0.0	2.0	1.0	1.0	1.0	1.5	1.0	1.0	1.0	1.0	0.0	11
BLND.L	4.2	1.0	1.5	1.0	1.0	0.0	1.5	1.0	1.0	1.0	2.0	0.0	0.0	1.0	0.0	0.5	12
BME.L	5.2	1.5	0.0	1.0	1.0	2.0	2.0	1.0	1.0	1.5	2.0	1.0	0.0	1.0	0.0	0.5	12
BMS.L	6.5	1.5	2.0	1.0	1.0	2.0	2.0	1.0	1.0	0.5	0.5	2.0	2.0	1.0	2.0	0.0	11
BMY.L	7.3	1.5	2.0	1.0	1.0	2.0	2.0	1.0	1.0	1.0	2.0	2.0	2.0	1.0	1.0	1.5	11
BNZL.L	5.7	1.5	1.0	1.0	1.0	2.0	2.0	1.0	0.0	1.5	2.0	1.0	1.0	1.0	0.5	0.5	12
BOOT.L	5.3	1.5	2.0	1.0	1.0	0.0	2.0	1.0	1.0	0.5	0.5	1.0	2.0	0.5	2.0	0.0	11
BOWL.L	5.3	1.5	2.0	1.0	1.0	0.0	1.5	1.0	1.0	1.5	2.0	0.0	1.0	1.5	0.5	0.5	12
BOY.L	5.8	1.5	1.0	1.0	1.0	1.0	2.0	1.0	1.0	1.0	2.0	1.0	1.0	1.0	0.5	1.5	11
BP.L	6.5	2.0	1.5	1.0	1.0	2.0	1.5	2.0	2.0	1.0	1.0	1.0	1.0	1.0	0.0	1.5	13
BPT.L	5.8	1.5	2.0	1.0	1.0	1.5	2.0	1.0	0.0	0.5	1.0	1.0	1.0	1.0	2.0	1.0	12
BRBY.L	5.2	1.5	2.0	1.0	1.0	0.0	2.0	1.0	0.0	0.5	1.5	2.0	2.0	1.0	0.0	0.0	12
BRK.L	5.3	1.0	1.5	1.0	1.0	1.0	2.0	1.0	1.0	0.5	2.0	2.0	1.0	0.5	0.5	0.0	11
BTRW.L	4.8	2.0	2.0	1.0	1.0	0.0	1.5	1.0	0.0	0.5	1.5	1.0	1.0	1.0	1.0	0.0	12
BWY.L	4.5	1.5	1.5	1.0	1.0	0.0	1.5	1.0	0.5	0.5	2.0	1.0	0.0	1.0	1.0	0.0	12
BYG.L	3.7	0.5	1.0	1.0	1.0	0.0	2.0	1.0	0.0	0.5	2.0	0.0	0.0	1.0	1.0	0.0	12
BYIT.L	6.2	0.5	0.5	1.0	1.0	2.0	1.5	1.0	1.0	2.0	2.0	1.0	2.0	1.5	1.0	0.5	12
CAN.L	4.8	1.5	2.0	1.0	1.0	0.0	2.0	1.0	1.0	0.5	0.5	0.0	1.0	1.0	2.0	0.0	12
CBG.L	4.5	1.0	2.0	1.0	1.0	0.0	2.0	1.0	1.0	0.0	2.0	1.0	1.0	0.0	0.5	0.0	9
CCC.L	6.7	2.0	1.5	1.0	1.0	2.0	2.0	1.0	0.0	1.5	1.0	1.0	1.0	1.0	2.0	2.0	12
CCH.L	6.3	1.5	2.0	1.0	1.0	0.0	2.0	1.0	0.5	2.0	0.5	1.0	2.0	1.0	2.0	1.5	12
CGS.L	6.3	1.5	2.0	1.0	1.0	1.0	2.0	1.0	1.0	1.0	1.5	1.0	1.0	1.0	2.0	1.0	11
CKN.L	7.0	1.5	1.0	1.0	1.0	2.0	2.0	1.0	0.0	1.5	1.5	2.0	2.0	1.0	1.5	2.0	12
CNA.L	5.8	2.0	2.0	1.0	1.0	0.0	1.5	1.0	1.0	1.5	1.5	1.0	2.0	2.0	0.0	0.0	12
COA.L	6.7	1.5	2.0	1.0	1.0	1.0	2.0	1.0	1.0	1.5	2.0	2.0	2.0	1.0	0.5	0.5	12
COST.L	6.8	1.5	1.5	1.0	1.0	2.0	2.0	1.0	1.0	1.5	1.5	1.0	2.0	1.0	0.5	2.0	11
CPI.L	4.0	1.5	2.0	1.0	1.0	0.0	1.0	1.0	1.0	0.0	2.0	0.0	0.0	1.0	0.5	0.0	11
CRDA.L	6.2	1.5	1.5	1.0	1.0	2.0	1.5	1.0	1.0	0.5	1.5	2.0	2.0	1.0	0.0	1.0	12
CRST.L	5.2	1.5	2.0	1.0	1.0	0.0	2.0	1.0	1.0	0.0	2.0	2.0	0.0	0.5	1.5	0.0	12
CSN.L	5.0	1.5	1.0	1.0	1.0	1.0	2.0	1.0	1.0	0.5	1.5	1.0	1.0	0.5	0.0	1.0	11
CTEC.L	5.8	2.0	2.0	1.0	1.0	0.0	1.5	1.0	1.0	1.0	2.0	2.0	2.0	1.0	0.0	0.0	12
CURY.L	5.3	1.5	2.0	1.0	1.0	1.0	2.0	1.0	1.0	1.0	1.5	0.0	0.0	1.0	1.5	0.5	11
CWK.L	6.8	2.0	2.0	1.0	1.0	0.0	2.0	1.0	1.5	1.5	2.0	2.0	2.0	1.5	0.5	0.5	12
DCC.L	5.8	1.0	1.0	1.0	1.0	2.0	2.0	1.0	0.0	1.0	2.0	1.0	1.0	1.0	1.0	1.5	12
DEC.L	5.5	1.5	2.0	1.0	1.0	1.0	1.0	2.0	1.0	2.0	2.0	0.0	0.0	1.0	0.5	0.5	13
DFS.L	5.2	1.5	2.0	1.0	1.0	0.0	2.0	1.0	1.0	1.0	2.0	0.0	0.0	1.0	2.0	0.0	11
DGE.L	5.0	1.5	2.0	1.0	1.0	1.0	1.5	1.0	0.5	1.0	1.5	2.0	0.0	1.0	0.0	0.0	12
DLN.L	4.7	0.5	1.5	1.0	1.0	0.0	2.0	1.0	0.0	0.5	2.0	2.0	1.0	0.5	0.5	0.5	12
DNLM.L	6.0	1.5	2.0	1.0	1.0	0.0	2.0	1.0	1.0	2.0	1.5	1.0	0.0	2.0	2.0	0.0	11
DOCS.L	5.8	1.0	1.5	1.0	1.0	0.0	2.0	1.0	1.0	1.0	1.0	2.0	2.0	1.0	2.0	0.0	12
DOM.L	5.5	0.5	0.0	1.0	1.0	2.0	2.0	1.0	2.0	1.0	2.0	0.0	1.0	1.5	0.5	1.0	11
DPLM.L	7.5	1.5	1.5	1.0	1.0	2.0	2.0	1.0	1.5	1.5	2.0	2.0	2.0	1.5	0.0	2.0	12
DRX.L	4.8	1.5	1.5	1.0	1.0	1.0	1.0	1.0	2.0	0.5	1.5	1.0	0.0	1.0	0.0	0.5	12
ECOR.L	7.2	1.5	2.0	1.0	1.0	1.0	2.0	1.0	1.0	1.0	1.0	2.0	2.0	1.0	2.0	2.0	12
EDV.L	7.2	2.0	2.0	1.0	1.0	0.0	1.5	1.5	0.0	2.0	1.5	2.0	2.0	2.0	1.5	1.5	13
ELIX.L	5.3	1.5	2.0	1.0	1.0	0.0	2.0	1.0	1.0	1.5	0.5	0.0	1.0	1.5	2.0	0.0	11
ELM.L	6.7	1.5	1.5	1.0	1.0	2.0	2.0	1.0	1.0	1.0	2.0	2.0	2.0	1.0	0.5	0.5	12
EMG.L	7.3	2.0	1.5	1.0	1.0	2.0	2.0	1.0	2.0	1.5	1.0	2.0	2.0	1.0	0.0	2.0	12
ENOG.L	4.7	1.0	1.5	1.0	1.0	0.0	2.0	1.0	1.5	0.0	1.5	0.0	1.0	0.5	2.0	0.0	12
ENT.L	4.2	2.0	2.0	1.0	1.0	0.0	1.0	1.0	1.0	0.0	1.5	1.0	0.0	1.0	0.0	0.0	12
ESNT.L	6.7	1.5	2.0	1.0	1.0	2.0	2.0	1.0	1.0	0.5	2.0	2.0	2.0	0.5	1.0	0.5	11
EVOK.L	5.0	1.0	2.0	1.0	1.0	1.0	2.0	1.0	1.0	1.0	1.0	0.0	0.0	1.0	2.0	0.0	11
EXPN.L	5.2	2.0	2.0	1.0	1.0	0.0	2.0	1.0	0.5	2.0	1.5	0.0	1.0	1.5	0.0	0.0	12
EZJ.L	6.7	1.0	1.0	1.0	1.0	2.0	2.0	1.0	2.0	1.0	1.5	1.0	1.0	1.0	1.5	2.0	12
FAN.L	6.3	1.5	2.0	1.0	1.0	1.0	2.0	1.0	1.0	1.5	2.0	2.0	1.0	1.5	0.5	0.0	12
FCH.L	7.7	1.5	2.0	1.0	1.0	1.0	2.0	1.0	1.0	2.0	1.5	2.0	2.0	1.0	2.0	2.0	11
FDM.L	5.8	1.5	2.0	1.0	1.0	0.0	2.0	1.0	1.0	0.5	2.0	2.0	1.0	1.0	1.5	0.0	11
FGP.L	6.0	1.5	2.0	1.0	1.0	2.0	2.0	1.0	1.0	1.5	2.0	0.0	1.0	1.0	1.0	0.0	11
FORT.L	5.5	1.5	2.0	1.0	1.0	0.0	1.5	1.0	1.0	1.0	2.0	2.0	1.0	1.0	0.5	0.0	11
FRES.L	5.2	1.0	1.5	1.0	1.0	0.0	1.0	1.0	0.0	2.0	0.5	1.0	1.0	2.0	2.0	0.5	12
FSJ.L	5.3	1.5	2.0	1.0	1.0	0.0	2.0	1.0	1.0	0.0	1.0	1.0	1.0	1.0	2.0	0.5	11
FSTA.L	5.3	1.5	2.0	1.0	1.0	1.0	1.5	1.0	1.0	1.0	1.5	0.0	0.0	1.0	1.5	1.0	12
FUTR.L	4.5	1.5	2.0	1.0	1.0	0.0	0.5	1.0	1.0	0.5	2.0	0.0	1.0	1.0	1.0	0.0	12
FVA.L	6.7	1.5	2.0	1.0	1.0	2.0	2.0	1.0	1.0	0.5	1.5	2.0	2.0	0.0	2.0	0.5	11
FSG.L	7.2	1.5	2.0	1.0	1.0	1.0	2.0	1.0	1.0	2.0	1.0	2.0	2.0	2.0	2.0	0.0	11
GAW.L	6.0	1.5	2.0	1.0	1.0	0.0	2.0	1.0	1.0	2.0	1.5	1.0	1.0	2.0	0.0	1.0	11
GEN.L	5.2	2.0	2.0	1.0	1.0	0.0	1.5	1.0	1.0	1.0	2.0	1.0	1.0	1.0	0.0	0.0	11
GFRD.L	6.3	1.5	1.5	1.0	1.0	2.0	2.0	1.0	1.0	2.0	1.5	0.0	1.0	1.0	1.0	1.5	11
GFTU.L	6.3	1.5	2.0	1.0	1.0	0.0	2.0	1.0	1.0	1.0	1.5	2.0	2.0	1.0	1.5	0.5	12
GKP.L	7.0	1.5	2.0	1.0	1.0	2.0	2.0	1.0	1.0	1.0	1.0	2.0	2.0	1.0	2.0	0.5	11
GLE.L	4.0	0.5	0.0	1.0	1.0	1.0	2.0	1.0	1.0	0.0	1.5	1.0	0.0	0.5	1.5	0.0	11
GLEN.L	5.8	2.0	1.5	1.0	1.0	1.0	1.5	1.0	0.0	1.5	1.5	1.0	0.0	1.0	1.5	2.0	12
GNC.L	4.3	1.0	0.0	1.0	1.0	1.0	2.0	1.0	1.0	0.5	1.0	0.0	0.0	1.0	2.0	0.5	11
GNS.L	6.7	1.5	2.0	1.0	1.0	1.0	2.0	1.0	1.5	2.0	2.0	2.0	2.0	1.0	0.0	0.0	12
GPE.L	4.2	0.5	1.0	1.0	1.0	0.0	2.0	1.0	1.0	1.0	2.0	0.0	1.0	0.5	0.5	0.0	12
GRG.L	5.2	1.5	1.0	1.0	1.0	1.5	1.5	1.0	1.0	1.5	1.0	0.0	0.0	1.5	0.5	1.5	12
GRI.L	5.3	2.0	2.0	1.0	1.0	0.0	1.5	1.0	1.0	1.0	2.0	1.0	1.0	1.0	0.5	0.0	11
GROW.L	6.0	1.5	1.5	1.0	1.0	2.0	2.0	1.0	1.0	1.0	1.0	1.0	1.0	1.0	1.0	1.0	4
GSK.L	5.2	1.5	2.0	1.0	1.0	0.0	1.0	1.5	1.0	2.0	1.0	0.0	1.0	1.5	0.5	0.5	13
GYM.L	5.2	1.5	2.0	1.0	1.0	0.0	2.0	1.0	1.0	1.0	2.0	0.0	0.0	1.0	0.5	1.5	11
HAS.L	5.7	1.5	2.0	1.0	1.0	1.0	2.0	1.0	1.0	0.0	2.0	1.0	2.0	1.0	0.0	0.5	11
HBR.L	6.3	1.5	2.0	1.0	1.0	2.0	1.0	1.0	2.0	1.0	0.5	0.0	1.0	1.5	2.0	1.5	12
HFD.L	5.5	1.5	1.5	1.0	1.0	2.0	1.5	1.0	1.0	1.0	1.5	0.0	0.0	1.0	0.5	2.0	12
HHPD.L	5.0	1.5	2.0	1.0	1.0	0.5	2.0	1.0	1.0	1.0	0.0	1.0	1.0	1.0	0.0	1.0	11
HIK.L	6.7	2.0	2.0	1.0	1.0	1.0	1.5	1.0	1.0	1.5	1.0	2.0	2.0	1.0	2.0	0.0	11
HILS.L	7.0	1.5	1.5	1.0	1.0	1.0	2.0	1.0	1.0	1.5	1.5	2.0	2.0	1.5	0.5	2.0	11
HLCL.L	5.5	1.0	2.0	1.0	1.0	0.0	2.0	1.0	1.0	0.5	2.0	2.0	1.0	0.5	1.5	0.0	11
HLMA.L	6.0	1.5	1.5	1.0	1.0	0.0	1.5	1.0	1.0	1.5	1.5	2.0	2.0	1.5	0.5	0.5	12
HMSO.L	5.0	1.5	2.0	1.0	1.0	0.0	2.0	1.0	1.0	1.0	2.0	0.0	1.0	1.0	0.0	0.5	12
HOC.L	6.7	2.0	2.0	1.0	1.0	0.0	1.0	1.0	1.0	2.0	1.0	1.0	1.0	2.0	2.0	2.0	12
HSBA.L	5.2	1.5	1.5	1.0	1.0	1.0	1.0	1.5	0.0	1.0	1.5	1.0	1.0	0.5	0.0	2.0	11
HSW.L	5.3	2.0	2.0	1.0	1.0	0.0	1.5	1.0	1.0	1.0	2.0	0.0	1.0	1.0	1.5	0.0	12
HSX.L	6.0	1.5	1.5	1.0	1.0	1.0	2.0	1.0	1.0	1.5	2.0	1.0	1.0	1.0	0.0	1.5	12
HTG.L	6.2	1.5	2.0	1.0	1.0	0.0	2.0	1.0	1.0	1.0	1.5	1.0	2.0	1.0	1.5	1.0	11
HTWS.L	7.5	1.5	2.0	1.0	1.0	2.0	2.0	1.0	1.0	2.0	2.0	1.0	2.0	1.5	0.5	2.0	11
HWDN.L	6.0	1.0	2.0	1.0	1.0	0.0	2.0	1.0	1.0	1.5	2.0	2.0	2.0	1.5	0.0	0.0	12
HWG.L	5.2	1.5	1.0	1.0	1.0	1.5	2.0	1.0	0.0	0.0	0.5	2.0	1.0	0.0	2.0	1.0	12
IAG.L	6.2	2.0	2.0	1.0	1.0	1.0	2.0	2.0	0.5	2.0	0.5	0.0	1.0	1.0	2.0	0.5	13
IBST.L	4.0	1.5	2.0	1.0	1.0	0.0	1.5	1.0	0.5	0.0	2.0	1.0	0.0	0.5	0.0	0.0	12
ICG.L	5.8	2.0	2.0	1.0	1.0	0.0	1.5	1.0	1.0	1.5	1.5	2.0	2.0	1.0	0.0	0.0	12
IGG.L	5.2	1.5	2.0	1.0	1.0	0.0	2.0	1.0	1.0	1.0	2.0	1.0	1.0	1.0	0.0	0.0	9
IHP.L	5.8	1.5	2.0	1.0	1.0	1.0	2.0	1.0	1.0	2.0	1.5	1.0	0.0	0.5	1.5	0.5	12
III.L	5.5	2.0	2.0	1.0	1.0	0.0	1.5	1.0	0.5	1.5	2.0	1.0	1.0	1.5	0.5	0.0	12
IMB.L	5.5	2.0	2.0	1.0	1.0	1.0	2.0	1.0	1.0	2.0	2.0	0.0	0.0	1.0	0.5	0.0	12
IMI.L	6.0	1.5	1.5	1.0	1.0	1.0	1.5	1.0	0.5	2.0	2.0	1.0	1.0	1.5	0.0	1.5	12
INCH.L	5.3	1.5	2.0	1.0	1.0	0.0	2.0	1.0	1.0	1.5	1.5	1.0	0.0	1.0	1.5	0.0	11
INF.L	5.2	2.0	2.0	1.0	1.0	1.0	2.0	1.0	1.0	0.5	2.0	0.0	1.0	1.0	0.0	0.0	12
IPO.L	6.3	1.5	2.0	1.0	1.0	1.0	2.0	1.0	1.0	1.0	2.0	1.0	1.0	1.0	1.0	1.5	12
ITRK.L	6.7	1.0	1.0	1.0	1.0	2.0	2.0	1.0	1.0	2.0	2.0	1.0	2.0	1.5	0.5	1.0	11
ITV.L	5.0	1.0	2.0	1.0	1.0	0.0	2.0	1.0	1.0	1.0	1.5	1.0	1.0	1.0	0.5	0.0	12
IWG.L	4.7	1.5	2.0	1.0	1.0	0.0	2.0	1.0	1.0	1.0	1.0	0.0	0.0	0.5	2.0	0.0	10
JD.L	5.7	1.0	1.0	1.0	1.0	1.0	2.0	1.0	0.5	1.5	1.0	2.0	1.0	1.0	2.0	0.0	12
JDW.L	5.3	1.0	0.0	1.0	1.0	1.5	2.0	1.0	1.0	1.5	1.0	0.0	0.0	1.0	2.0	2.0	11
JMAT.L	4.8	1.0	1.0	1.0	1.0	1.0	2.0	1.0	0.5	0.0	2.0	2.0	1.0	1.0	0.0	0.0	12
JUP.L	6.8	1.0	1.0	1.0	1.0	2.0	2.0	1.0	2.0	1.0	1.0	2.0	2.0	1.0	1.5	1.0	12
KAP.L	7.7	1.5	2.0	1.0	1.0	0.5	2.0	0.5	1.5	2.0	2.0	2.0	2.0	1.5	1.5	2.0	13
KGF.L	5.3	1.5	1.5	1.0	1.0	2.0	2.0	1.0	1.0	0.5	2.0	1.0	0.0	1.0	0.0	0.5	11
KIE.L	6.0	1.5	1.5	1.0	1.0	2.0	2.0	1.0	1.0	1.0	2.0	0.0	1.0	0.5	1.0	1.5	11
KLR.L	7.0	1.0	1.0	1.0	1.0	2.0	2.0	1.0	1.0	2.0	2.0	1.0	2.0	1.0	1.0	2.0	11
KNOS.L	7.2	1.5	1.0	1.0	1.0	2.0	2.0	1.0	1.0	2.0	1.0	1.0	2.0	1.5	2.0	1.5	11
LAND.L	3.8	1.0	1.5	1.0	1.0	0.0	1.0	1.0	1.0	1.0	1.5	0.0	0.0	1.0	0.0	0.5	12
LGEN.L	4.2	0.5	1.0	1.0	1.0	1.0	1.0	1.0	1.0	2.0	1.0	0.0	0.0	0.5	0.5	1.0	11
LIO.L	6.2	1.5	2.0	1.0	1.0	2.0	2.0	1.0	1.0	1.0	0.5	1.0	2.0	1.0	1.5	0.0	12
LIVE.L	6.2	1.5	2.0	1.0	1.0	2.0	2.0	1.0	1.0	1.0	1.0	1.0	1.0	1.0	1.0	1.0	4
LLOY.L	5.3	2.0	2.0	1.0	1.0	0.0	2.0	0.5	1.5	1.0	1.5	1.0	1.0	0.5	0.0	1.0	11
LMP.L	5.3	1.5	2.0	1.0	1.0	0.0	2.0	1.0	1.5	1.0	2.0	0.0	1.0	1.0	1.0	0.0	12
LRE.L	5.7	1.5	1.0	1.0	1.0	2.0	2.0	1.0	1.0	1.5	1.5	1.0	1.0	1.0	0.5	0.0	12
LSEG.L	5.0	2.0	2.0	1.0	1.0	0.0	1.5	1.0	1.0	1.0	2.0	1.0	0.0	0.5	1.0	0.0	12
LSL.L	6.7	1.5	2.0	1.0	1.0	1.0	2.0	1.0	1.0	1.5	2.0	1.0	2.0	1.5	1.5	0.0	11
LUCE.L	6.8	1.5	2.0	1.0	1.0	0.0	2.0	1.0	1.0	1.5	0.5	2.0	2.0	1.0	2.0	2.0	11
MAB.L	5.8	1.5	2.0	1.0	1.0	2.0	2.0	1.0	1.0	1.0	1.0	0.0	0.0	1.0	2.0	1.0	11
MAB1.L	5.2	1.5	2.0	1.0	1.0	0.0	2.0	1.0	1.0	1.5	1.5	0.0	0.0	1.0	2.0	0.0	11
MACF.L	5.5	1.0	1.0	1.0	1.0	2.0	2.0	1.0	1.0	1.0	1.5	0.0	1.0	1.0	2.0	0.0	11
MARS.L	5.0	1.5	2.0	1.0	1.0	0.0	2.0	1.0	1.0	1.0	2.0	0.0	0.0	1.0	1.0	0.5	11
MCG.L	4.8	1.5	2.0	1.0	1.0	0.0	1.0	1.0	1.0	1.0	1.0	0.0	1.0	1.0	2.0	0.0	9
MER.L	6.2	1.5	2.0	1.0	1.0	1.0	1.5	1.0	1.0	2.0	2.0	0.0	1.0	1.0	1.0	1.5	11
MGAM.L	6.0	1.5	1.0	1.0	1.0	2.0	1.5	1.0	2.0	0.5	2.0	1.0	1.0	1.0	0.0	1.5	12
MICC.L	5.3	1.0	1.0	1.0	1.0	1.0	1.5	1.0	0.0	1.0	1.5	1.0	1.0	1.0	2.0	1.0	12
MKS.L	5.0	2.0	1.5	1.0	1.0	2.0	2.0	1.0	0.5	1.0	1.5	0.0	0.0	1.0	0.0	0.5	12
MNDI.L	5.0	1.5	2.0	1.0	1.0	0.0	2.0	1.0	1.5	0.0	2.0	2.0	1.0	0.0	0.0	0.0	12
MNG.L	4.2	1.0	1.5	1.0	1.0	0.0	2.0	1.0	0.0	0.0	1.0	1.0	0.0	0.5	1.5	1.0	12
MONY.L	6.8	1.5	1.5	1.0	1.0	1.0	2.0	1.0	1.0	2.0	2.0	1.0	2.0	2.0	1.5	0.0	11
MOTR.L	6.2	1.5	2.0	1.0	1.0	2.0	2.0	1.0	1.0	1.5	1.5	1.0	0.0	1.0	2.0	0.0	11
MRO.L	5.3	1.5	2.0	1.0	1.0	0.0	1.5	1.0	2.0	1.0	2.0	1.0	1.0	1.0	0.0	0.0	12
MSLH.L	5.5	1.0	1.5	1.0	1.0	1.0	2.0	1.0	1.0	0.5	2.0	2.0	1.0	1.0	0.5	0.0	11
MTO.L	6.2	1.0	1.0	1.0	1.0	2.0	2.0	1.0	1.0	1.5	2.0	0.0	1.0	1.0	1.0	2.0	11
MTRO.L	6.0	1.5	2.0	1.0	1.0	1.0	2.0	1.0	1.0	0.5	1.0	1.0	1.0	0.5	2.0	1.5	10
NG.L	4.3	1.0	1.5	1.0	1.0	0.0	1.5	1.0	1.0	1.0	1.5	0.0	1.0	1.0	0.0	0.5	12
NRR.L	5.7	1.5	2.0	1.0	1.0	0.0	2.0	1.0	1.0	1.0	1.5	2.0	1.0	1.0	0.5	0.5	11
NWG.L	6.0	1.5	2.0	1.0	1.0	1.0	2.0	2.0	1.5	1.0	1.5	1.0	1.0	0.5	0.0	1.0	11
NXR.L	6.2	1.5	2.0	1.0	1.0	0.0	2.0	1.0	1.0	1.0	2.0	2.0	2.0	1.0	0.5	0.5	11
NXT.L	7.3	2.0	2.0	1.0	1.0	1.0	2.0	1.0	1.0	2.0	2.0	2.0	1.0	2.0	1.0	1.0	12
OCDO.L	5.0	0.5	0.5	1.0	1.0	1.5	1.0	1.0	1.0	0.0	1.0	1.0	2.0	0.5	2.0	1.0	12
ONT.L	5.7	1.5	0.5	1.0	1.0	2.0	2.0	1.0	1.0	0.0	1.0	1.0	1.0	0.0	2.0	2.0	11
OSB.L	4.8	1.5	2.0	1.0	1.0	0.0	2.0	1.0	1.0	1.0	1.5	1.0	1.0	0.5	0.0	0.0	9
OTB.L	5.5	2.0	2.0	1.0	1.0	0.0	2.0	1.0	1.0	1.0	2.0	1.0	1.0	0.5	1.0	0.0	11
OXB.L	5.7	1.5	2.0	1.0	1.0	1.0	1.0	1.0	1.0	0.0	1.5	2.0	2.0	0.0	2.0	0.0	11
OXIG.L	6.8	1.0	1.0	1.0	1.0	2.0	2.0	1.0	1.0	1.0	2.0	2.0	2.0	1.0	0.5	2.0	11
PAF.L	7.2	1.5	2.0	1.0	1.0	0.0	2.0	1.0	1.5	2.0	1.5	1.0	2.0	2.0	1.5	1.5	12
PAG.L	5.5	1.5	2.0	1.0	1.0	0.0	2.0	1.0	1.0	1.0	2.0	1.0	2.0	0.5	0.5	0.0	11
PAGE.L	5.8	1.5	1.5	1.0	1.0	1.0	0.5	1.0	1.0	1.0	2.0	2.0	2.0	1.0	1.0	0.0	11
PBEE.L	5.5	2.0	2.0	1.0	1.0	0.0	1.5	1.0	1.0	2.0	1.0	1.0	1.0	0.0	2.0	0.0	11
PETS.L	5.3	1.5	2.0	1.0	1.0	1.0	2.0	1.0	1.0	1.0	2.0	0.0	0.0	1.0	1.0	0.5	11
PFD.L	5.3	1.5	1.5	1.0	1.0	0.0	2.0	1.0	1.0	1.0	1.5	0.0	1.0	1.0	2.0	0.5	11
PHAR.L	5.8	1.0	1.5	1.0	1.0	1.0	2.0	1.0	1.0	0.0	0.5	2.0	1.0	0.5	2.0	2.0	11
PHP.L	4.8	1.5	2.0	1.0	1.0	0.0	2.0	1.0	1.0	1.0	1.5	0.0	0.0	1.0	1.0	0.5	12
PLUS.L	6.0	1.5	2.0	1.0	1.0	0.0	1.0	1.0	1.0	2.0	1.5	2.0	1.0	2.0	0.5	0.5	11
PNN.L	5.3	1.5	2.0	1.0	1.0	0.0	1.0	1.0	0.0	1.0	2.0	2.0	2.0	1.0	0.5	0.0	12
POLN.L	6.8	1.5	2.0	1.0	1.0	2.0	2.0	1.0	1.0	1.0	1.0	2.0	2.0	1.0	2.0	0.0	11
PPH.L	5.7	1.5	2.0	1.0	1.0	0.0	2.0	1.0	0.0	2.0	1.0	1.0	1.0	1.0	2.0	0.5	12
PRU.L	5.5	2.0	2.0	1.0	1.0	0.0	2.0	1.0	1.0	1.5	1.5	2.0	1.0	0.5	0.0	0.0	11
PSN.L	5.5	2.0	1.5	1.0	1.0	2.0	1.5	1.0	1.5	1.0	1.0	1.0	0.0	1.0	0.5	0.5	12
PSON.L	5.5	0.5	1.0	1.0	1.0	1.5	1.5	1.0	0.0	1.0	2.0	2.0	2.0	1.0	0.0	1.0	12
PTEC.L	5.2	0.5	1.0	1.0	1.0	1.0	1.5	1.0	1.0	0.5	0.5	2.0	2.0	0.0	2.0	0.5	12
PZC.L	6.0	1.5	2.0	1.0	1.0	1.0	2.0	1.0	1.0	1.0	1.0	0.0	1.0	1.0	2.0	1.5	11
QLT.L	5.2	1.0	2.0	1.0	1.0	0.0	2.0	1.0	2.0	1.0	2.0	1.0	0.0	0.5	0.5	0.5	12
QQ.L	5.5	1.0	1.5	1.0	1.0	0.0	2.0	1.0	1.0	1.5	1.5	1.0	1.0	1.5	1.5	0.0	12
RAT.L	4.5	0.5	0.5	1.0	1.0	0.0	2.0	1.0	1.5	1.0	1.0	1.0	0.0	1.0	2.0	0.0	12
RCH.L	4.5	1.0	1.0	1.0	1.0	1.0	2.0	1.0	1.0	0.0	2.0	0.0	0.0	1.0	1.5	0.0	11
REL.L	5.2	1.5	2.0	1.0	1.0	2.0	1.0	1.0	1.0	2.0	1.5	0.0	0.0	1.5	0.0	0.0	12
RHIM.L	5.7	1.0	1.0	1.0	1.0	0.0	2.0	1.0	1.0	1.0	1.5	1.0	1.0	1.0	2.0	1.5	11
RIO.L	6.0	1.0	1.5	1.0	1.0	0.0	1.5	1.0	1.5	1.5	1.0	1.0	1.0	1.5	1.5	2.0	12
RKT.L	4.8	1.0	2.0	1.0	1.0	0.0	2.0	1.0	1.5	2.0	2.0	0.0	0.0	1.0	0.0	0.0	12
RMV.L	6.7	1.0	1.5	1.0	1.0	2.0	1.5	1.0	1.0	2.0	2.0	2.0	2.0	2.0	0.0	0.0	12
RNK.L	4.7	1.5	2.0	1.0	1.0	0.0	1.5	1.0	1.0	1.0	1.0	0.0	0.0	1.0	2.0	0.0	11
ROR.L	6.8	1.0	1.0	1.0	1.0	1.5	2.0	1.0	0.0	1.5	2.0	2.0	2.0	2.0	0.5	2.0	12
RPI.L	7.0	1.5	2.0	1.0	1.0	2.0	2.0	1.0	1.0	1.0	0.5	2.0	1.0	1.0	2.0	2.0	11
RR.L	6.0	2.0	2.0	1.0	1.0	1.0	1.5	1.0	1.0	2.0	1.5	1.0	1.0	1.0	0.0	1.0	12
RS1.L	6.7	1.5	1.0	1.0	1.0	2.0	2.0	1.0	1.0	1.0	2.0	2.0	2.0	1.0	0.0	1.5	11
RSG.L	6.8	1.5	2.0	1.0	1.0	0.0	1.0	1.0	1.0	2.0	2.0	2.0	2.0	2.0	1.5	0.5	12
RSW.L	7.2	1.5	1.5	1.0	1.0	2.0	2.0	1.0	2.0	1.0	1.0	1.0	1.0	1.5	2.0	2.0	12
RTO.L	5.2	1.5	2.0	1.0	1.0	0.0	1.0	1.0	1.5	1.0	2.0	1.0	1.0	1.0	0.5	0.0	12
RWA.L	5.8	1.5	2.0	1.0	1.0	1.0	2.0	1.0	1.0	0.0	2.0	1.0	2.0	0.0	1.5	0.5	11
SAFE.L	4.5	1.5	2.0	1.0	1.0	0.0	2.0	1.0	1.5	0.5	1.5	0.0	0.0	1.0	0.5	0.0	12
SAGA.L	6.5	1.5	2.0	1.0	1.0	2.0	1.5	1.0	1.0	2.0	0.5	0.0	1.0	1.0	2.0	2.0	11
SBRE.L	6.0	1.5	1.5	1.0	1.0	2.0	2.0	1.0	1.0	1.5	2.0	0.0	0.0	1.0	1.0	1.5	11
SBRY.L	5.0	1.5	1.5	1.0	1.0	1.0	2.0	1.0	1.5	1.0	1.5	0.0	0.0	1.0	1.0	0.0	12
SCT.L	6.5	1.5	1.5	1.0	1.0	1.0	1.5	1.0	0.5	2.0	1.0	1.0	2.0	1.5	2.0	1.0	12
SDLF.L	4.3	1.0	1.5	1.0	1.0	1.0	1.5	1.0	0.5	0.0	1.0	0.0	0.0	0.5	1.5	1.5	12
SDY.L	4.3	1.5	2.0	1.0	1.0	0.0	2.0	1.0	1.0	0.0	1.5	0.0	1.0	0.5	0.5	0.0	11
SEIT.L	5.3	1.0	2.0	1.0	1.0	0.0	2.0	1.0	1.0	1.0	1.0	1.0	1.0	1.0	1.0	1.0	4
SEPL.L	7.2	1.5	1.5	1.0	1.0	2.0	2.0	2.0	1.0	1.5	0.5	1.0	1.0	1.5	2.0	2.0	13
SFR.L	5.5	1.5	2.0	1.0	1.0	1.0	2.0	1.0	1.0	0.0	1.5	1.0	1.0	0.5	0.5	1.5	11
SGE.L	6.2	2.0	1.5	1.0	1.0	2.0	2.0	1.0	1.5	2.0	2.0	0.0	1.0	1.5	0.0	0.0	12
SGRO.L	4.8	1.0	1.5	1.0	1.0	1.0	2.0	1.0	0.0	0.5	2.0	0.0	1.0	0.5	0.0	2.0	12
SHC.L	4.7	1.0	1.5	1.0	1.0	0.0	2.0	1.0	2.0	1.0	2.0	0.0	1.0	0.5	0.0	0.0	12
SHEL.L	6.2	2.0	1.5	1.0	1.0	1.5	1.5	1.5	1.5	1.0	1.0	1.0	1.0	1.0	0.0	2.0	13
SHI.L	4.5	1.0	1.5	1.0	1.0	0.0	0.5	1.0	1.0	0.0	1.5	1.0	1.0	0.5	2.0	0.5	12
SMIN.L	5.7	1.0	1.0	1.0	1.0	2.0	2.0	1.0	0.0	1.0	2.0	2.0	1.0	1.0	0.0	1.0	12
SMWH.L	4.0	1.0	1.5	1.0	1.0	0.0	2.0	1.0	1.0	0.0	2.0	0.0	0.0	1.0	0.5	0.0	11
SN.L	5.2	1.0	1.5	1.0	1.0	0.0	2.0	1.0	0.0	1.0	2.0	2.0	2.0	1.0	0.0	0.0	12
SNR.L	5.7	1.0	1.0	1.0	1.0	2.0	2.0	1.0	0.0	0.0	2.0	1.0	1.0	1.0	1.0	2.0	12
SNWS.L	6.5	1.5	2.0	1.0	1.0	2.0	2.0	1.0	1.0	2.0	1.5	0.0	1.0	1.5	1.0	1.0	11
SPI.L	5.3	1.5	1.5	1.0	1.0	2.0	2.0	1.0	1.0	0.0	1.5	0.0	0.0	1.0	2.0	0.5	11
SPX.L	5.5	1.0	1.5	1.0	1.0	0.0	1.5	1.0	0.5	1.5	2.0	2.0	2.0	1.0	0.0	0.5	12
SRAD.L	6.5	1.5	2.0	1.0	1.0	1.0	2.0	1.0	1.0	1.5	1.0	2.0	1.0	1.5	2.0	0.0	11
SRE.L	4.8	1.5	2.0	1.0	1.0	0.0	2.0	1.0	1.0	1.0	1.5	0.0	1.0	1.0	0.5	0.0	11
SRP.L	5.0	1.5	1.5	1.0	1.0	0.0	2.0	1.0	1.0	1.5	1.5	0.0	1.0	1.0	0.5	0.5	11
SSE.L	5.8	2.0	1.5	1.0	1.0	1.0	1.5	1.0	1.0	1.0	2.0	1.0	1.0	1.0	0.0	1.5	11
SSPG.L	4.8	1.0	1.5	1.0	1.0	1.0	2.0	1.0	1.5	0.5	2.0	0.0	0.0	1.0	0.0	1.0	12
STAN.L	6.0	1.5	1.5	1.0	1.0	1.0	1.5	1.5	1.5	1.0	2.0	1.0	1.0	0.5	0.0	2.0	11
STJ.L	5.2	1.5	2.0	1.0	1.0	0.0	1.5	1.0	0.5	2.0	2.0	1.0	1.0	0.5	0.5	0.0	12
SUNB.L	5.2	1.5	1.5	1.0	1.0	1.5	1.5	1.0	0.5	1.5	2.0	0.0	1.0	1.0	0.0	0.5	13
SUS.L	5.3	1.5	2.0	1.0	1.0	0.0	2.0	1.0	1.0	1.0	0.0	1.0	1.0	1.0	2.0	0.5	11
SVS.L	6.2	1.5	2.0	1.0	1.0	1.0	2.0	1.0	1.0	1.0	2.0	1.0	2.0	1.0	1.0	0.0	11
SVT.L	6.3	1.5	1.5	1.0	1.0	2.0	2.0	1.0	1.0	1.5	1.5	1.0	2.0	1.0	0.0	1.0	12
SWC.L	5.7	1.5	2.0	1.0	1.0	1.5	2.0	1.0	1.0	1.0	0.0	0.0	0.0	1.0	2.0	2.0	9
SYNT.L	6.5	1.5	2.0	1.0	1.0	2.0	0.5	1.0	1.0	0.0	1.0	2.0	2.0	0.5	2.0	2.0	11
TCAP.L	5.5	1.5	2.0	1.0	1.0	1.0	2.0	1.0	1.0	1.0	1.0	1.0	1.0	1.0	0.0	1.0	11
THG.L	4.0	1.5	2.0	1.0	1.0	0.0	2.0	1.0	1.0	0.0	0.5	0.0	0.0	0.0	2.0	0.0	11
THRL.L	5.7	1.0	1.0	1.0	1.0	2.0	2.0	1.0	1.0	1.0	1.0	1.0	1.0	1.0	1.0	1.0	4
TLW.L	5.2	1.5	2.0	1.0	1.0	0.0	2.0	1.0	1.0	1.0	1.0	0.0	1.0	1.0	2.0	0.0	11
TPK.L	4.8	1.0	1.5	1.0	1.0	0.0	1.0	1.0	1.0	0.0	2.0	2.0	2.0	0.5	0.5	0.0	12
TRI.L	6.2	1.5	2.0	1.0	1.0	2.0	2.0	1.0	1.0	0.0	2.0	1.0	1.0	1.0	1.5	0.5	11
TRN.L	4.7	0.5	0.5	1.0	1.0	0.0	2.0	1.0	1.0	2.0	2.0	0.0	1.0	1.5	0.5	0.0	12
TRST.L	5.3	2.0	2.0	1.0	1.0	1.0	1.0	1.0	1.5	1.0	1.5	0.0	0.0	1.5	1.0	0.5	11
TSCO.L	5.0	2.0	1.0	1.0	1.0	2.0	2.0	1.0	0.0	1.5	1.5	0.0	0.0	1.0	0.5	0.5	12
TTG.L	5.8	1.5	1.0	1.0	1.0	2.0	1.5	1.0	1.0	0.0	2.0	2.0	1.0	0.0	0.5	2.0	12
TW.L	4.5	1.5	2.0	1.0	1.0	0.0	1.5	1.0	1.0	1.0	1.5	1.0	0.0	1.0	0.0	0.0	12
ULVR.L	4.7	1.0	1.0	1.0	1.0	0.0	2.0	1.0	0.5	2.0	1.5	0.0	1.0	1.5	0.5	0.0	12
UTG.L	3.5	0.5	1.5	1.0	1.0	0.0	2.0	1.0	0.0	0.0	2.0	0.0	1.0	0.5	0.0	0.0	12
UU.L	6.5	1.5	1.0	1.0	1.0	2.0	2.0	1.0	1.0	2.0	2.0	2.0	1.0	1.0	0.0	1.0	12
VALT.L	5.8	1.5	2.0	1.0	1.0	0.0	2.0	1.0	1.0	2.0	1.5	1.0	1.0	2.0	0.0	0.5	12
VANQ.L	5.2	1.5	2.0	1.0	1.0	0.0	2.0	1.0	1.0	0.5	1.5	1.0	1.0	0.5	1.5	0.0	11
VCT.L	6.2	1.0	0.5	1.0	1.0	2.0	2.0	1.0	1.0	0.0	2.0	2.0	2.0	1.0	0.0	2.0	11
VLX.L	7.0	1.5	1.0	1.0	1.0	2.0	2.0	1.0	1.0	1.5	1.0	2.0	1.0	1.0	2.0	2.0	11
VOD.L	5.2	1.0	0.5	1.0	1.0	2.0	1.0	1.0	1.5	0.5	1.5	1.0	1.0	0.5	0.0	2.0	12
VSVS.L	7.0	1.5	1.5	1.0	1.0	2.0	1.5	1.0	2.0	0.5	2.0	2.0	2.0	1.0	1.0	1.0	12
VTY.L	4.5	1.0	1.5	1.0	1.0	0.0	1.5	1.0	1.0	0.0	2.0	2.0	1.0	0.5	0.0	0.0	12
WEIR.L	6.0	2.0	2.0	1.0	1.0	0.0	1.5	1.0	1.5	1.0	2.0	2.0	2.0	1.0	0.0	0.0	12
WIL.L	5.3	1.5	2.0	1.0	1.0	1.0	2.0	1.0	1.0	1.0	2.0	0.0	1.0	1.0	0.5	0.0	12
WISE.L	5.3	1.5	2.0	1.0	1.0	0.0	2.0	1.0	0.5	2.0	1.0	1.0	0.0	1.0	2.0	0.0	12
WIX.L	6.0	1.5	2.0	1.0	1.0	1.0	2.0	1.0	1.0	2.0	1.5	1.0	1.0	1.0	1.0	0.0	11
WIZZ.L	3.8	0.5	1.0	1.0	1.0	0.0	1.5	0.0	1.0	0.0	1.0	1.0	1.0	1.0	1.5	0.0	10
WKP.L	4.2	0.5	0.5	1.0	1.0	0.0	2.0	1.0	1.0	0.0	1.5	1.0	0.0	1.0	2.0	0.0	12
WOSG.L	6.3	1.5	2.0	1.0	1.0	1.0	2.0	1.0	1.0	1.5	1.5	2.0	0.0	1.0	0.5	2.0	12
WPP.L	3.5	0.5	0.5	1.0	1.0	1.0	1.5	1.0	0.5	0.0	1.5	0.0	1.0	0.5	0.0	0.5	12
WTB.L	4.5	1.0	0.5	1.0	1.0	1.0	2.0	1.0	1.5	1.0	2.0	0.0	0.0	1.0	0.5	0.0	12
XAR.L	5.8	1.5	1.0	1.0	1.0	2.0	2.0	1.0	1.0	0.0	2.0	2.0	1.0	0.5	0.5	1.0	11
XPP.L	6.2	1.5	1.5	1.0	1.0	2.0	2.0	1.0	1.0	0.0	2.0	1.0	1.0	0.5	1.0	2.0	11
XPS.L	6.3	2.0	2.0	1.0	1.0	0.0	2.0	1.0	1.0	1.0	2.0	2.0	2.0	1.5	0.5	0.0	11
ZEG.L	7.0	1.5	2.0	1.0	1.0	2.0	2.0	1.0	2.0	1.0	1.5	0.0	1.0	1.0	2.0	2.0	11
ZIG.L	5.7	1.5	2.0	1.0	1.0	1.0	1.5	1.0	1.0	1.0	2.0	0.0	1.0	1.0	0.5	1.5	12
ZTF.L	6.3	1.5	2.0	1.0	1.0	1.0	2.0	1.0	1.0	1.5	2.0	1.0	1.0	1.0	1.5	0.5	12
MCB.L	6.8	1.5	2.0	1.0	1.0	1.0	2.0	1.0	1.0	2.0	1.5	1.0	1.0	1.0	1.5	2.0	11
4BB.L	5.2	1.5	2.0	1.0	1.0	1.5	2.0	1.0	1.0	0.0	0.5	1.0	1.0	0.0	2.0	0.0	11
ABDP.L	5.3	1.5	2.0	1.0	1.0	0.0	2.0	1.0	1.0	0.0	1.0	2.0	2.0	0.0	1.5	0.0	11
ACSO.L	7.0	1.5	2.0	1.0	1.0	2.0	2.0	1.0	1.0	1.0	2.0	2.0	2.0	1.0	1.5	0.0	12
AET.L	6.5	1.5	2.0	1.0	1.0	1.0	2.0	1.0	1.0	0.0	0.5	1.0	2.0	1.5	2.0	2.0	12
ALL.L	5.3	1.0	2.0	1.0	1.0	0.0	2.0	1.0	1.0	0.0	0.0	2.0	1.0	0.0	2.0	2.0	12
ANIC.L	4.3	1.5	2.0	1.0	1.0	0.0	2.0	1.0	1.0	0.0	0.0	1.0	1.0	0.0	1.5	0.0	11
AXS.L	6.2	1.5	2.0	1.0	1.0	0.0	2.0	1.0	1.0	1.0	1.0	2.0	2.0	1.0	2.0	0.0	11
BKS.L	5.7	1.5	2.0	1.0	1.0	0.0	2.0	1.0	1.0	0.5	0.5	2.0	2.0	0.5	2.0	0.0	11
BOKU.L	5.8	1.5	2.0	1.0	1.0	0.5	2.0	1.0	1.0	1.0	1.5	1.0	2.0	0.5	1.5	0.0	12
BRCK.L	5.8	1.5	2.0	1.0	1.0	0.0	2.0	1.0	1.0	0.5	1.5	1.0	2.0	1.0	2.0	0.0	11
BTG.L	6.5	1.5	2.0	1.0	1.0	1.0	2.0	1.0	1.0	1.0	1.0	1.0	2.0	1.5	2.0	0.5	11
CAML.L	4.8	1.0	2.0	1.0	1.0	0.0	2.0	1.0	0.0	0.0	2.0	1.0	1.0	1.5	0.5	0.5	12
CER.L	6.0	2.0	2.0	1.0	1.0	0.0	1.5	1.0	1.0	1.5	1.5	1.0	1.0	1.5	2.0	0.0	11
CHRT.L	5.7	1.5	2.0	1.0	1.0	0.0	1.5	1.0	1.0	1.0	1.0	1.0	2.0	1.0	2.0	0.0	11
CNC.L	6.8	1.5	1.5	1.0	1.0	2.0	2.0	1.0	1.0	1.0	1.5	2.0	2.0	1.5	0.5	1.0	11
DOTD.L	6.2	1.5	2.0	1.0	1.0	2.0	2.0	1.0	1.0	1.0	1.5	1.0	1.0	1.0	1.5	0.0	11
DXRX.L	6.0	1.5	1.5	1.0	1.0	1.5	2.0	1.0	1.0	0.0	1.5	2.0	1.0	0.0	2.0	1.0	11
EAAS.L	4.7	1.5	2.0	1.0	1.0	0.0	2.0	1.0	1.0	0.0	0.5	0.0	1.0	1.0	2.0	0.0	11
ECO.L	4.8	1.5	2.0	1.0	1.0	0.0	2.0	1.0	1.0	0.0	0.0	1.0	1.0	0.0	1.0	2.0	11
EEE.L	4.3	1.5	2.0	1.0	1.0	0.0	2.0	1.0	1.0	0.0	0.5	1.0	1.0	0.0	1.0	0.0	11
FARN.L	5.2	1.5	2.0	1.0	1.0	0.0	2.0	1.0	1.0	1.0	0.5	2.0	1.0	0.0	1.5	0.0	10
FDEV.L	7.0	1.5	1.5	1.0	1.0	2.0	2.0	1.0	1.0	2.0	1.0	1.0	1.0	1.5	2.0	1.5	11
FEVR.L	6.2	1.5	1.5	1.0	1.0	2.0	1.5	1.0	1.5	1.0	1.0	1.0	1.0	1.0	2.0	0.5	12
FLO.L	6.0	1.5	2.0	1.0	1.0	2.0	2.0	1.0	1.0	0.0	1.5	2.0	2.0	0.5	0.5	0.0	11
FRP.L	6.2	1.5	2.0	1.0	1.0	0.0	2.0	1.0	1.0	2.0	1.0	2.0	1.0	1.5	1.5	0.0	11
GFM.L	6.8	1.5	1.5	1.0	1.0	2.0	2.0	1.0	1.0	1.0	0.0	1.0	2.0	1.5	2.0	2.0	11
GGP.L	6.3	1.5	2.0	1.0	1.0	0.0	1.0	1.0	1.0	2.0	1.0	1.0	1.0	2.0	2.0	1.5	11
GHH.L	6.8	1.0	1.0	1.0	1.0	2.0	2.0	1.0	1.0	0.5	1.5	2.0	2.0	1.0	1.5	2.0	11
GMR.L	6.0	1.5	2.0	1.0	1.0	1.0	2.0	1.0	1.0	1.5	0.5	1.0	1.0	1.5	2.0	0.0	11
HCM.L	5.2	2.0	2.0	1.0	1.0	2.0	0.5	1.0	1.0	0.5	0.5	1.0	1.0	0.0	2.0	0.0	11
IES.L	5.5	1.5	2.0	1.0	1.0	0.0	2.0	1.0	1.0	0.0	1.0	2.0	2.0	0.0	2.0	0.0	12
IOM.L	3.7	0.5	0.5	1.0	1.0	0.0	2.0	1.0	1.0	0.0	1.5	0.0	1.0	0.0	1.5	0.0	11
KETL.L	5.8	1.5	2.0	1.0	1.0	0.0	2.0	1.0	1.0	1.0	1.0	2.0	1.0	1.0	2.0	0.0	9
KGH.L	6.0	1.5	2.0	1.0	1.0	0.0	2.0	1.0	1.0	0.5	1.0	2.0	2.0	1.0	2.0	0.0	11
KIST.L	7.5	1.5	2.0	1.0	1.0	2.0	2.0	1.0	1.0	2.0	1.0	2.0	1.0	1.0	2.0	2.0	11
LBG.L	5.7	1.5	2.0	1.0	1.0	0.0	2.0	1.0	1.0	1.0	0.5	2.0	1.0	1.0	2.0	0.0	11
MANO.L	5.0	1.5	2.0	1.0	1.0	0.0	2.0	1.0	1.0	0.5	1.0	1.0	1.0	0.0	2.0	0.0	11
MIDW.L	6.2	1.5	2.0	1.0	1.0	2.0	2.0	1.0	1.0	0.0	1.5	2.0	1.0	0.0	2.0	0.5	11
MPE.L	7.0	1.5	2.0	1.0	1.0	2.0	2.0	1.0	1.0	1.5	0.5	1.0	1.0	1.5	2.0	2.0	11
NICL.L	6.0	1.5	2.0	1.0	1.0	1.0	1.0	1.0	1.0	2.0	0.5	1.0	1.0	2.0	2.0	0.0	12
NWF.L	5.3	1.0	0.5	1.0	1.0	2.0	2.0	1.0	1.0	1.0	0.5	1.0	1.0	1.0	2.0	0.0	11
PANR.L	4.5	1.5	2.0	1.0	1.0	0.0	2.0	1.0	1.0	0.0	0.0	1.0	2.0	0.0	1.0	0.0	12
PGH.L	7.0	1.5	1.5	1.0	1.0	2.0	2.0	1.0	1.0	1.5	0.5	2.0	1.0	1.5	2.0	1.5	11
POLR.L	7.2	1.5	2.0	1.0	1.0	1.0	2.0	1.0	0.5	2.0	1.0	2.0	1.0	2.0	1.5	2.0	12
PRO.L	4.8	1.5	2.0	1.0	1.0	1.0	2.0	1.0	1.0	0.0	1.0	0.0	1.0	0.0	2.0	0.0	11
RKH.L	5.2	1.5	2.0	1.0	1.0	0.0	2.0	1.0	1.0	1.0	1.0	1.0	1.0	1.0	1.0	0.0	10
SAA.L	5.7	1.5	2.0	1.0	1.0	0.0	2.0	1.0	1.0	0.0	1.5	1.0	2.0	1.0	2.0	0.0	11
SDI.L	7.0	1.5	2.0	1.0	1.0	2.0	2.0	1.0	1.0	1.0	1.0	2.0	2.0	1.0	2.0	0.5	11
SEE.L	4.5	1.5	2.0	1.0	1.0	0.0	2.0	1.0	1.0	0.0	0.5	0.0	0.0	0.0	2.0	1.5	12
SRC.L	5.5	1.0	1.5	1.0	1.0	0.0	2.0	1.0	1.0	1.0	2.0	1.0	2.0	1.0	0.5	0.5	11
TAM.L	6.5	1.5	2.0	1.0	1.0	1.0	2.0	1.0	1.0	2.0	1.0	1.0	1.0	2.0	2.0	0.0	11
THS.L	6.2	1.5	2.0	1.0	1.0	0.0	1.5	1.0	1.0	1.0	0.0	2.0	2.0	1.5	2.0	1.0	11
THX.L	5.8	1.5	2.0	1.0	1.0	0.0	2.0	1.0	1.0	2.0	0.5	1.0	1.0	2.0	1.5	0.0	11
TIG.L	4.8	1.5	2.0	1.0	1.0	0.0	1.5	1.0	1.0	0.0	1.5	0.0	1.0	1.0	2.0	0.0	11
TRCS.L	5.5	1.5	2.0	1.0	1.0	0.0	2.0	1.0	1.0	0.5	1.5	2.0	2.0	0.5	0.5	0.0	11
ULTP.L	5.3	1.5	2.0	1.0	1.0	0.0	2.0	1.0	1.0	1.0	0.5	1.0	1.0	1.0	2.0	0.0	11
W7L.L	5.8	1.5	2.0	1.0	1.0	0.0	2.0	1.0	1.0	1.5	1.0	1.0	1.0	1.5	2.0	0.0	11
MAKO	6.8	1.5	2.0	1.0	1.0	1.0	2.0	1.0	1.0	2.0	1.5	1.0	1.0	2.0	0.5	2.0	11
MAMA	6.3	2.0	2.0	1.0	1.0	0.0	2.0	2.0	1.0	1.0	2.0	1.0	1.0	1.0	0.5	1.5	13
MANH	6.5	2.0	1.5	1.0	1.0	2.0	1.5	1.5	1.0	2.0	2.0	0.0	1.0	2.0	0.5	0.5	13
MAR	6.3	1.5	1.5	1.0	1.5	2.0	1.5	1.5	1.0	1.0	1.5	0.0	0.0	1.5	1.5	2.0	12
MARA	2.5	1.5	2.0	1.0	0.0	0.0	0.0	0.0	0.0	0.0	2.0	0.0	1.0	0.0	0.0	0.0	14
MASS	6.7	2.0	1.5	1.0	0.5	2.0	2.0	2.0	1.0	0.0	2.0	2.0	1.0	0.0	1.0	2.0	13
MAT	5.2	1.0	1.0	1.0	0.5	1.5	1.0	0.0	0.5	1.5	2.0	2.0	2.0	1.0	0.5	0.0	14
MATW	4.2	1.0	2.0	1.0	0.0	0.0	2.0	0.0	1.0	0.0	2.0	2.0	1.0	0.0	0.5	0.0	13
MAZE	4.5	2.0	2.0	1.0	0.5	0.0	1.5	1.0	1.0	0.0	2.0	1.0	1.0	0.0	0.5	0.0	14
MBGL	5.3	1.5	2.0	1.0	1.0	0.5	2.0	1.0	0.0	1.0	1.0	2.0	2.0	1.0	0.0	0.0	11
MBIN	6.5	1.5	2.0	1.0	0.5	1.0	2.0	2.0	1.0	1.0	1.0	1.0	1.0	0.5	2.0	2.0	11
MBLY	4.2	1.5	2.0	1.0	0.0	0.0	0.0	2.0	0.5	0.0	1.5	1.0	1.0	0.0	2.0	0.0	14
MBUU	4.3	1.0	2.0	1.0	1.0	0.0	1.5	0.0	1.0	0.5	2.0	1.0	1.0	0.5	0.5	0.0	14
MBWM	6.0	1.0	1.5	1.0	1.5	1.0	2.0	1.5	1.0	1.0	2.0	1.0	1.0	0.5	0.5	1.5	12
MBX	5.3	2.0	2.0	1.0	0.5	1.0	0.5	1.0	1.5	0.0	2.0	1.0	1.0	0.0	0.5	2.0	14
MCBS	6.2	1.0	1.5	1.0	1.5	1.0	2.0	1.5	1.0	1.5	0.5	1.0	1.0	0.5	2.0	1.5	11
MCFT	6.0	1.0	2.0	1.0	1.0	0.0	2.0	2.0	1.0	0.0	2.0	2.0	1.0	0.5	2.0	0.5	13
MCHB	5.3	1.5	2.0	1.0	1.0	0.0	2.0	2.0	0.0	1.0	0.5	1.0	1.0	0.5	2.0	0.5	12
MCHP	6.2	1.5	2.0	1.0	1.0	0.0	1.5	1.5	1.0	1.0	2.0	2.0	1.0	1.0	0.5	1.5	14
MCRB	5.0	1.5	2.0	1.0	1.5	0.0	1.0	2.0	1.0	0.0	0.5	2.0	1.0	0.0	1.5	0.0	13
MCRI	7.5	1.5	2.0	1.0	1.5	1.0	2.0	2.0	1.0	1.5	1.5	1.0	2.0	1.5	2.0	1.0	13
MDB	5.8	2.0	2.0	1.0	1.5	1.0	1.0	2.0	1.0	0.5	2.0	1.0	1.0	0.0	0.5	1.0	14
MDGL	4.5	2.0	2.0	1.0	0.5	0.0	1.5	0.0	1.0	0.0	2.0	1.0	1.0	0.0	1.0	0.5	13
MDLN	5.5	2.0	2.0	1.0	1.0	1.0	1.0	2.0	1.0	0.5	2.0	1.0	1.0	1.0	0.0	0.0	14
MDLZ	5.2	1.5	1.5	1.0	1.5	1.0	2.0	1.5	1.0	1.0	2.0	0.0	0.0	1.0	0.0	0.5	14
MDXG	6.2	2.0	2.0	1.0	1.0	2.0	2.0	2.0	1.0	0.5	2.0	1.0	1.0	0.5	0.5	0.0	13
MEDP	6.5	1.0	1.0	1.0	1.0	2.0	1.5	1.5	1.0	2.0	2.0	0.0	1.0	2.0	1.5	1.0	13
MELI	5.8	1.5	2.0	1.0	2.0	1.0	1.5	0.5	1.0	2.0	2.0	1.0	0.0	1.0	1.0	0.0	14
MEOH	6.8	1.5	1.5	1.0	1.0	2.0	1.5	0.0	1.0	1.0	2.0	2.0	2.0	1.0	1.0	2.0	13
MERC	3.3	0.5	2.0	1.0	0.5	0.0	0.0	0.0	1.0	0.0	1.0	1.0	1.0	0.0	2.0	0.0	14
META	7.0	2.0	1.5	1.0	2.0	2.0	1.0	0.5	1.0	2.0	2.0	2.0	2.0	1.5	0.0	0.5	14
METC	3.5	1.5	2.0	1.0	0.0	0.0	0.0	0.0	1.0	0.0	2.0	1.0	1.0	0.0	1.0	0.0	13
MFIC	3.8	1.0	2.0	1.0	1.5	0.0	1.5	1.5	1.0	0.0	1.0	0.0	0.0	1.0	0.0	0.0	13
MFIN	6.3	1.0	1.0	1.0	1.0	2.0	2.0	1.5	1.0	1.0	1.0	1.0	1.0	1.0	2.0	1.5	14
MFP	5.3	1.5	2.0	1.0	1.0	0.5	2.0	1.0	1.0	1.0	1.0	2.0	1.0	1.0	0.0	0.0	9
MGEE	4.7	0.5	1.0	1.0	1.0	0.0	2.0	1.5	1.0	1.0	2.0	1.0	1.0	1.0	0.0	0.0	13
MGNI	7.2	2.0	2.0	1.0	1.0	2.0	1.0	1.5	1.0	1.5	2.0	1.0	2.0	1.0	0.5	2.0	14
MGNX	4.8	1.5	2.0	1.0	0.5	1.0	0.0	0.0	1.0	0.0	2.0	2.0	1.0	0.0	0.5	2.0	13
MGPI	5.8	1.5	2.0	1.0	1.0	0.0	1.0	2.0	1.0	0.0	2.0	1.0	2.0	1.0	2.0	0.0	13
MGRC	6.3	1.5	2.0	1.0	1.5	0.0	2.0	1.0	1.0	1.0	2.0	2.0	2.0	1.0	0.5	0.5	13
MGTX	7.2	1.5	2.0	1.0	1.0	1.0	1.0	2.0	1.0	2.0	2.0	1.0	1.0	2.0	1.5	1.5	13
MIDD.US	6.7	2.0	2.0	1.0	1.0	0.0	2.0	2.0	2.0	1.0	2.0	2.0	1.0	1.0	0.5	0.5	14
MIRM	4.7	2.0	2.0	1.0	0.5	0.0	1.5	0.0	1.0	0.0	2.0	2.0	1.0	0.0	0.5	0.5	14
MITK	7.2	2.0	2.0	1.0	1.0	1.0	2.0	2.0	1.0	1.0	2.0	2.0	1.0	1.0	0.5	2.0	13
MKSI	5.7	2.0	2.0	1.0	0.5	0.0	0.5	1.5	1.0	1.5	2.0	1.0	1.0	1.0	0.0	2.0	13
MKTX	5.2	1.0	1.0	1.0	1.0	1.5	1.5	1.5	0.0	1.5	2.0	1.0	1.0	1.5	0.0	0.0	14
MLCO	5.3	2.0	2.0	1.0	1.5	0.0	1.5	2.0	1.0	1.0	0.5	1.0	1.0	1.0	0.5	0.0	13
MLKN	7.2	1.5	2.0	1.0	1.0	1.0	2.0	2.0	2.0	1.0	2.0	2.0	1.0	1.0	0.5	1.5	14
MLTX	4.2	2.0	2.0	1.0	0.5	0.0	0.0	0.5	1.0	0.0	2.0	1.0	1.0	0.0	1.0	0.5	14
MLYS	4.2	2.0	2.0	1.0	0.5	0.0	2.0	0.0	1.0	0.0	2.0	1.0	1.0	0.0	0.0	0.0	13
MMED	5.0	2.0	2.0	1.0	0.0	0.5	1.5	0.0	0.0	0.0	0.5	2.0	2.0	1.0	2.0	0.5	13
MMSI	6.0	2.0	1.5	1.0	1.0	1.0	1.5	2.0	1.0	1.0	2.0	1.0	1.0	1.0	0.5	0.5	14
MMYT	6.2	2.0	2.0	1.0	0.5	0.0	1.5	1.5	1.0	2.0	2.0	1.0	1.0	1.0	2.0	0.0	14
MNDY	6.3	1.5	1.5	1.0	0.5	2.0	1.5	2.0	0.0	1.0	2.0	2.0	2.0	0.5	1.5	0.0	14
MNKD	5.3	1.5	2.0	1.0	1.0	0.0	2.0	0.0	1.0	1.0	1.5	2.0	2.0	0.5	0.5	0.0	13
MNRO	4.2	1.5	2.0	1.0	0.0	1.0	2.0	0.0	1.0	0.5	2.0	0.0	0.0	0.5	1.0	0.0	13
MNST	7.5	2.0	1.5	1.0	1.5	1.0	2.0	1.5	1.0	2.0	1.5	1.0	1.0	2.0	2.0	1.5	14
MOBI	5.3	1.5	2.0	1.0	1.0	0.5	2.0	0.0	1.0	1.0	1.5	1.0	1.0	1.0	1.5	0.0	10
MORN	7.2	1.5	2.0	1.0	1.0	2.0	2.0	2.0	1.0	2.0	1.5	1.0	1.0	1.5	2.0	0.0	13
MPB	6.3	1.5	1.5	1.0	1.5	1.0	2.0	1.0	1.5	1.0	1.5	1.0	1.0	0.5	1.5	1.5	12
MPWR	7.0	2.0	2.0	1.0	1.0	2.0	1.5	1.5	0.5	1.5	2.0	1.0	1.0	1.5	0.5	2.0	14
MQ	6.0	1.0	1.5	1.0	1.0	2.0	2.0	2.0	1.0	0.5	1.5	2.0	2.0	0.0	0.5	0.0	13
MRAM	5.5	1.5	2.0	1.0	0.5	1.0	1.0	2.0	1.0	0.0	1.5	1.0	1.0	0.0	1.0	2.0	13
MRCY	6.0	1.5	2.0	1.0	1.0	0.0	1.0	2.0	2.0	0.0	2.0	2.0	2.0	0.5	0.5	0.5	14
MREO	4.0	1.5	2.0	1.0	1.5	1.0	2.0	0.0	0.0	0.0	1.0	1.0	1.0	0.0	0.0	0.0	14
MRNA	5.2	1.0	0.0	1.0	0.5	2.0	0.0	2.0	1.0	0.0	2.0	2.0	1.0	0.0	1.0	2.0	14
MRTN	6.3	1.0	2.0	1.0	1.0	0.0	2.0	2.0	1.0	0.5	2.0	2.0	1.0	0.5	2.0	1.0	14
MRVI	6.3	2.0	1.5	1.0	1.0	2.0	2.0	2.0	0.5	0.0	2.0	1.0	1.0	0.0	1.0	2.0	14
MRVL	6.7	2.0	2.0	1.0	1.5	2.0	1.0	1.0	1.0	1.5	2.0	1.0	1.0	1.0	0.0	2.0	14
MRX	7.7	2.0	2.0	1.0	1.5	2.0	2.0	2.0	1.0	2.0	2.0	1.0	1.0	0.5	1.0	2.0	13
MSBI	5.5	1.0	1.0	1.0	1.0	1.0	2.0	0.0	1.0	1.0	2.0	1.0	1.0	0.5	1.0	2.0	11
MSEX	4.7	1.5	2.0	1.0	1.0	0.0	2.0	1.0	1.0	1.0	2.0	0.0	0.0	1.0	0.5	0.0	13
MSFT	7.2	2.0	1.5	1.0	2.0	2.0	1.5	1.5	1.0	2.0	2.0	1.0	2.0	1.5	0.0	0.5	14
MSTR	4.2	2.0	2.0	1.0	1.0	2.0	0.0	0.0	1.0	0.0	1.5	1.0	1.0	0.0	0.0	0.0	14
MTCH	6.8	1.5	1.0	1.0	1.0	2.0	1.5	1.0	1.0	1.0	2.0	2.0	2.0	2.0	0.0	1.5	12
MTRX	4.2	1.5	2.0	1.0	1.5	0.0	2.0	0.0	1.0	0.0	2.0	0.0	1.0	0.0	0.5	0.0	13
MTSI	7.8	2.0	2.0	1.0	1.5	2.0	1.0	1.5	1.0	1.5	2.0	2.0	2.0	1.0	1.0	2.0	14
MU	7.2	2.0	2.0	1.0	1.5	2.0	0.0	2.0	1.0	2.0	2.0	1.0	1.0	2.0	0.0	2.0	14
MVBF	6.2	1.5	1.5	1.0	1.5	1.0	2.0	2.0	1.0	1.0	1.5	1.0	1.0	0.5	1.5	0.5	12
MVST	4.8	1.5	2.0	1.0	1.0	0.0	2.0	0.0	1.0	1.0	0.5	1.0	1.0	0.5	2.0	0.0	13
MWH	5.7	2.0	2.0	1.0	0.5	0.5	2.0	2.0	1.0	1.0	2.0	1.0	1.0	1.0	0.0	0.0	12
MYGN	4.3	1.0	1.0	1.0	0.5	1.0	0.0	2.0	0.0	0.0	2.0	2.0	2.0	0.0	0.5	0.0	14
MYRG	7.3	1.5	2.0	1.0	1.0	1.0	2.0	2.0	1.0	1.5	2.0	1.0	2.0	1.5	0.5	2.0	13
MZTI	5.8	1.0	2.0	1.0	0.0	0.0	2.0	0.5	1.0	1.5	2.0	2.0	1.0	1.5	2.0	0.0	14
ACS.MC	6.7	1.5	2.0	1.0	1.0	0.0	2.0	1.0	1.5	1.5	1.0	1.0	2.0	1.0	2.0	1.5	12
ACX.MC	6.2	2.0	2.0	1.0	1.0	1.0	2.0	0.0	1.5	0.5	1.5	2.0	1.0	1.0	0.0	2.0	13
AENA.MC	6.7	1.5	1.5	1.0	1.0	0.0	2.0	2.0	1.5	2.0	0.5	1.0	2.0	1.5	2.0	0.5	13
AMS.MC	5.7	2.0	2.0	1.0	1.0	0.0	2.0	1.5	1.0	2.0	1.5	0.0	1.0	1.5	0.5	0.0	13
BBVA.MC	5.3	1.0	1.5	1.0	1.0	1.0	2.0	1.5	0.0	1.5	1.0	1.0	1.0	0.5	0.0	2.0	11
BKT.MC	6.2	1.5	1.5	1.0	1.0	1.0	2.0	1.5	1.0	1.5	1.0	1.0	1.0	0.5	2.0	1.0	11
CABK.MC	5.7	1.5	1.5	1.0	1.0	1.0	1.5	1.5	0.0	1.5	0.5	1.0	1.0	0.5	2.0	1.5	11
CLNX.MC	4.7	1.5	2.0	1.0	1.0	0.0	2.0	2.0	1.0	0.0	2.0	0.0	1.0	0.5	0.0	0.0	13
COL.MC	3.8	0.5	1.0	1.0	1.0	0.0	2.0	0.5	0.5	1.0	1.5	0.0	0.0	0.5	2.0	0.0	13
ELE.MC	5.5	0.5	0.0	1.0	1.0	2.0	2.0	1.5	1.0	2.0	0.5	0.0	0.0	1.0	2.0	2.0	13
ENG.MC	4.7	0.5	1.0	1.0	1.0	1.0	2.0	1.0	1.0	1.0	0.5	0.0	1.0	0.5	1.5	1.0	12
FCC.MC	5.2	1.0	1.5	1.0	1.0	0.0	2.0	1.0	1.0	1.0	0.0	1.0	2.0	1.0	2.0	0.0	11
FDR.MC	5.2	1.5	2.0	1.0	1.0	0.0	1.5	0.5	1.0	1.0	1.0	1.0	1.0	1.0	2.0	0.0	13
FER.MC	5.3	1.5	2.0	1.0	1.0	0.0	1.5	1.0	0.0	1.0	1.0	1.0	2.0	1.0	2.0	0.0	12
GRE.MC	5.8	1.5	2.0	1.0	1.0	0.0	2.0	1.0	1.5	2.0	0.5	1.0	1.0	1.0	2.0	0.0	12
IBE.MC	5.2	1.0	1.0	1.0	1.0	2.0	1.5	1.5	1.0	1.0	1.0	0.0	1.0	1.0	0.0	1.5	13
IDR.MC	7.7	2.0	1.5	1.0	1.0	1.0	2.0	2.0	1.0	1.5	1.0	2.0	2.0	1.0	2.0	2.0	13
ITX.MC	6.2	2.0	1.5	1.0	1.0	0.0	2.0	1.0	1.0	2.0	0.5	1.0	1.0	1.5	2.0	1.0	13
MAP.MC	5.5	1.0	0.5	1.0	1.0	1.0	2.0	2.0	1.0	1.5	0.0	1.0	1.0	1.0	2.0	0.5	12
MEL.MC	6.2	1.5	2.0	1.0	1.0	2.0	2.0	0.0	1.0	1.5	0.5	0.0	1.0	1.0	2.0	2.0	13
MRL.MC	5.8	1.0	2.0	1.0	1.0	0.0	2.0	2.0	0.0	1.0	1.0	2.0	2.0	0.5	2.0	0.0	13
MTS.MC	5.5	1.5	2.0	1.0	1.0	0.0	1.5	2.0	1.0	0.5	0.5	1.0	0.0	0.5	2.0	2.0	12
NTGY.MC	6.2	1.5	1.5	1.0	1.0	2.0	2.0	1.0	1.0	1.5	0.5	1.0	1.0	1.0	2.0	0.5	12
PHM.MC	5.8	1.5	2.0	1.0	1.0	0.0	2.0	1.0	1.0	1.5	0.5	2.0	1.0	1.0	2.0	0.0	12
RED.MC	5.7	1.5	1.5	1.0	1.0	0.0	2.0	1.0	1.0	1.0	1.0	1.0	2.0	1.0	2.0	0.0	12
REP.MC	6.5	1.5	1.5	1.0	1.0	2.0	1.5	1.5	1.0	1.0	1.0	2.0	1.0	1.0	0.5	2.0	13
SAB.MC	5.2	1.0	1.0	1.0	1.0	1.0	2.0	2.0	1.0	1.0	1.0	1.0	1.0	0.5	0.5	0.5	11
SAN.MC	5.8	2.0	1.5	1.0	1.0	1.0	2.0	1.0	1.0	1.0	1.0	1.0	1.0	0.5	0.5	2.0	11
TEF.MC	4.2	1.0	1.5	1.0	1.0	0.0	2.0	0.0	1.5	0.0	1.0	0.0	1.0	0.5	2.0	0.0	13
TRE.MC	6.3	1.5	2.0	1.0	1.0	0.0	2.0	1.0	1.5	2.0	1.0	1.0	2.0	1.0	2.0	0.0	12
UNI.MC	5.3	0.5	1.0	1.0	1.0	1.0	2.0	1.0	0.5	1.0	0.5	1.0	1.0	0.5	2.0	2.0	11
VID.MC	5.7	1.5	1.5	1.0	1.0	1.0	2.0	1.0	1.0	1.0	0.5	1.0	1.0	1.0	2.0	0.5	11
VIS.MC	6.0	1.5	2.0	1.0	1.0	0.0	2.0	1.0	1.0	1.5	1.0	2.0	1.0	1.5	1.5	0.0	12
AMP.MI	5.5	2.0	1.5	1.0	1.0	2.0	1.5	0.5	1.5	1.0	0.5	0.0	1.0	1.0	2.0	0.0	13
ARIS.MI	6.5	1.5	2.0	1.0	1.0	2.0	2.0	1.0	1.0	1.0	0.5	2.0	1.0	1.0	2.0	0.5	11
BAMI.MI	5.3	1.5	1.5	1.0	1.0	1.0	2.0	1.0	1.0	1.0	1.5	1.0	1.0	0.5	0.0	1.0	10
BC.MI	6.0	1.5	2.0	1.0	1.0	0.0	2.0	1.0	1.5	2.0	1.0	1.0	1.0	1.0	2.0	0.0	12
BGN.MI	6.8	1.5	2.0	1.0	1.0	1.0	2.0	1.0	2.0	2.0	0.5	1.0	1.0	1.0	2.0	1.5	10
BMED.MI	6.5	1.5	1.5	1.0	1.0	1.0	2.0	2.0	1.0	2.0	0.5	1.0	1.0	0.5	2.0	1.5	11
BMPS.MI	6.2	1.0	0.5	1.0	1.0	1.0	2.0	2.0	1.5	1.5	0.5	1.0	1.0	0.5	2.0	2.0	11
BPE.MI	6.5	1.5	1.5	1.0	1.0	1.0	2.0	2.0	1.0	1.5	1.0	1.0	1.0	0.5	2.0	1.5	11
BRE.MI	5.8	1.5	2.0	1.0	1.0	0.0	2.0	2.0	1.0	1.0	0.5	1.0	1.0	1.0	2.0	0.5	13
BZU.MI	5.2	1.0	1.5	1.0	1.0	0.0	2.0	1.0	1.5	1.0	0.5	1.0	1.0	1.0	2.0	0.0	12
CPR.MI	7.0	1.5	1.5	1.0	1.0	2.0	2.0	1.0	2.0	1.0	0.5	2.0	2.0	1.0	2.0	0.5	12
CRL.MI	7.3	1.5	2.0	1.0	1.0	1.0	2.0	2.0	1.0	1.5	0.5	2.0	2.0	1.0	2.0	1.5	13
DIA.MI	5.2	0.5	0.5	1.0	1.0	1.0	2.0	1.0	0.5	1.0	0.5	2.0	1.0	1.0	2.0	0.5	12
DLG.MI	6.7	1.5	2.0	1.0	1.0	1.0	2.0	1.0	1.0	1.5	0.5	2.0	1.0	1.0	2.0	1.5	12
EGLA.MI	5.3	1.0	2.0	1.0	1.0	0.0	2.0	1.0	1.0	0.0	0.5	2.0	2.0	0.5	2.0	0.0	11
ENAV.MI	6.2	1.5	2.0	1.0	1.0	0.0	2.0	1.0	1.0	1.0	0.5	2.0	2.0	1.0	2.0	0.5	11
ENEL.MI	4.7	1.5	1.5	1.0	1.0	0.0	2.0	0.5	1.0	1.0	1.0	0.0	0.0	1.0	2.0	0.5	13
ENI.MI	6.7	1.5	1.5	1.0	1.0	2.0	1.5	2.0	1.0	1.0	0.5	1.0	1.0	1.0	2.0	2.0	13
FBK.MI	5.5	1.5	2.0	1.0	1.0	0.0	2.0	1.0	0.5	2.0	2.0	1.0	1.0	0.5	0.0	1.0	10
FCT.MI	4.8	1.5	2.0	1.0	1.0	0.0	2.0	1.0	1.0	1.0	0.0	0.0	1.0	1.0	2.0	0.0	12
G.MI	6.2	1.5	2.0	1.0	1.0	1.0	0.5	1.0	0.0	1.5	1.0	2.0	2.0	0.5	2.0	1.5	13
GVS.MI	6.5	1.5	2.0	1.0	1.0	2.0	1.5	0.5	2.0	1.0	0.5	2.0	1.0	1.0	2.0	0.5	13
ICOS.MI	6.2	2.0	2.0	1.0	1.0	0.0	2.0	1.0	1.0	1.0	1.0	2.0	1.0	1.0	2.0	0.5	12
IG.MI	5.5	1.5	2.0	1.0	1.0	0.0	2.0	1.0	1.0	1.5	1.0	0.0	1.0	1.0	2.0	0.5	12
INW.MI	4.8	1.5	2.0	1.0	1.0	1.0	2.0	0.0	1.5	1.0	0.5	0.0	0.0	1.0	2.0	0.0	13
IP.MI	5.7	1.0	1.5	1.0	1.0	0.0	2.0	0.5	1.0	1.0	1.0	2.0	2.0	1.0	2.0	0.0	12
ISP.MI	5.8	2.0	2.0	1.0	1.0	1.0	2.0	1.5	1.0	1.0	1.0	1.0	1.0	0.5	1.0	0.5	11
ITM.MI	5.5	1.0	1.5	1.0	1.0	0.0	2.0	1.0	1.0	0.5	0.5	2.0	2.0	1.0	2.0	0.0	11
LDO.MI	5.7	2.0	2.0	1.0	1.0	0.0	2.0	2.0	2.0	1.0	1.0	0.0	0.0	1.0	2.0	0.0	13
LTMC.MI	6.0	1.5	2.0	1.0	1.0	0.0	2.0	2.0	1.0	2.0	1.5	0.0	1.0	1.5	1.0	0.5	13
MAIRE.MI	5.5	1.0	1.5	1.0	1.0	1.0	2.0	1.0	0.5	2.0	0.5	1.0	1.0	1.0	2.0	0.0	13
MB.MI	5.3	0.5	0.0	1.0	1.0	1.0	2.0	1.5	1.0	1.0	2.0	1.0	1.0	1.0	0.0	2.0	8
MONC.MI	6.7	1.5	2.0	1.0	1.0	0.0	2.0	1.0	1.5	1.5	1.5	2.0	2.0	1.5	1.5	0.0	12
NEXI.MI	4.5	1.0	1.0	1.0	1.0	1.0	2.0	1.0	1.0	0.0	1.0	1.0	0.0	1.0	1.5	0.0	12
PIRC.MI	6.0	1.5	1.5	1.0	1.0	2.0	2.0	1.0	1.0	1.0	0.5	1.0	1.0	1.0	2.0	0.5	13
PRY.MI	6.3	1.5	2.0	1.0	1.0	1.0	2.0	0.5	2.0	1.5	1.5	1.0	1.0	1.0	0.0	2.0	13
PST.MI	5.0	2.0	2.0	1.0	1.0	0.0	1.5	1.5	0.5	1.5	0.5	0.0	0.0	0.5	2.0	1.0	13
RACE.MI	7.2	2.0	2.0	1.0	1.0	1.0	2.0	1.0	0.5	2.0	1.0	2.0	2.0	1.5	2.0	0.5	13
REC.MI	6.0	1.0	0.5	1.0	1.0	2.0	2.0	1.0	1.0	1.5	1.0	1.0	1.0	1.5	2.0	0.5	12
REY.MI	7.2	1.5	2.0	1.0	1.0	2.0	1.5	1.0	1.0	1.5	1.0	2.0	2.0	1.5	2.0	0.5	11
RWAY.MI	5.5	1.0	2.0	1.0	1.0	0.0	2.0	1.0	1.0	2.0	0.5	0.0	1.0	2.0	2.0	0.0	11
SES.MI	6.3	1.5	2.0	1.0	1.0	1.0	2.0	1.0	1.0	1.5	0.5	1.0	2.0	1.0	2.0	0.5	12
SFER.MI	5.2	1.0	2.0	1.0	1.0	0.0	2.0	1.0	0.5	0.5	0.0	2.0	1.0	0.5	2.0	1.0	12
SPM.MI	6.7	1.5	2.0	1.0	1.0	2.0	2.0	0.0	1.0	1.0	1.5	1.0	1.0	1.0	2.0	2.0	13
SRG.MI	5.2	1.5	1.5	1.0	1.0	0.0	2.0	1.0	1.0	1.0	1.0	0.0	1.0	1.0	2.0	0.5	12
STLAM.MI	3.8	0.5	1.5	1.0	1.0	0.0	1.0	1.0	0.5	0.0	1.0	1.0	1.0	0.0	2.0	0.0	13
STMMI.MI	7.0	2.0	2.0	1.0	1.0	2.0	1.0	1.0	1.0	0.5	0.5	2.0	2.0	1.0	2.0	2.0	11
TEN.MI	7.0	1.5	2.0	1.0	1.0	2.0	2.0	2.0	1.0	1.0	0.5	1.0	1.0	1.0	2.0	2.0	13
TGYM.MI	5.7	1.5	2.0	1.0	1.0	0.0	1.0	1.0	1.5	2.0	0.5	1.0	1.0	1.5	2.0	0.0	12
TIT.MI	4.7	1.5	1.5	1.0	1.0	0.0	2.0	1.0	0.0	0.5	0.5	0.0	1.0	1.0	2.0	1.0	12
TPRO.MI	7.3	1.5	2.0	1.0	1.0	2.0	2.0	1.0	2.0	1.5	0.5	1.0	1.0	1.5	2.0	2.0	12
TRN.MI	4.8	1.0	1.0	1.0	1.0	0.0	2.0	1.0	1.0	1.0	1.0	0.0	1.0	1.0	2.0	0.5	12
UCG.MI	5.7	1.5	1.5	1.0	1.0	1.0	2.0	1.5	0.5	1.5	1.5	1.0	1.0	0.5	0.0	1.5	11
ZV.MI	5.5	1.5	2.0	1.0	1.0	0.0	2.0	1.0	1.0	1.0	0.0	2.0	1.0	1.0	2.0	0.0	11
NAGE	6.0	1.5	2.0	1.0	1.0	0.0	2.0	2.0	1.0	1.5	1.0	1.0	1.0	1.0	2.0	0.0	14
NAMS	4.0	2.0	2.0	1.0	0.5	0.0	1.5	0.0	1.0	0.0	2.0	1.0	1.0	0.0	0.0	0.0	14
NATR	6.3	1.5	2.0	1.0	1.0	0.0	2.0	2.0	1.0	1.0	2.0	2.0	2.0	1.0	0.5	0.0	13
NAVI	3.7	0.5	0.5	1.0	0.0	2.0	2.0	0.0	0.5	0.0	2.0	1.0	1.0	0.0	0.5	0.0	14
NAVN	5.8	2.0	2.0	1.0	0.0	1.0	2.0	2.0	1.0	0.0	1.5	1.0	1.0	0.0	2.0	1.0	14
NB	3.5	1.5	2.0	1.0	1.0	0.0	1.0	0.5	0.0	0.0	1.0	1.0	1.0	0.0	0.5	0.0	14
NBIS	5.5	1.5	2.0	1.0	0.5	1.0	1.0	2.0	1.0	0.5	1.5	1.0	1.0	0.0	0.5	2.0	14
NBIX	6.7	2.0	2.0	1.0	1.0	0.0	1.0	2.0	1.0	1.5	2.0	2.0	2.0	1.5	0.5	0.5	14
NBN	6.7	1.5	1.5	1.0	1.0	1.0	2.0	1.5	1.0	1.5	2.0	1.0	1.0	1.0	1.5	1.5	11
NBP	4.3	1.5	2.0	1.0	1.0	0.0	2.0	0.0	1.0	0.0	1.0	1.0	1.0	0.0	1.5	0.0	13
NBTB	5.8	1.5	1.5	1.0	1.0	1.0	2.0	1.5	1.0	1.0	1.5	1.0	1.0	0.5	0.5	1.5	12
NCNO	5.3	2.0	2.0	1.0	0.5	1.0	2.0	2.0	1.0	0.5	2.0	0.0	1.0	0.5	0.5	0.0	13
NDAQ	6.3	2.0	2.0	1.0	2.0	1.0	1.5	1.5	0.5	1.5	2.0	1.0	0.0	1.0	1.5	0.5	14
NDSN	7.8	2.0	1.5	1.0	1.5	2.0	2.0	1.5	1.0	1.5	2.0	2.0	2.0	1.5	0.0	2.0	13
NECB	6.5	1.0	1.5	1.0	2.0	2.0	2.0	0.5	1.0	1.0	1.5	1.0	1.0	1.0	1.5	1.5	11
NEO.US	5.7	1.5	2.0	1.0	0.5	1.0	1.0	2.0	1.5	0.0	2.0	1.0	1.0	0.0	0.5	2.0	14
NEOG	6.0	1.5	1.5	1.0	1.0	1.0	2.0	2.0	2.0	0.0	2.0	1.0	1.0	0.0	0.0	2.0	14
NEWT.US	5.3	1.5	2.0	1.0	0.5	0.0	1.5	1.0	1.0	1.5	1.5	1.0	1.0	1.0	1.0	0.5	13
NEXN	6.3	2.0	2.0	1.0	1.5	1.0	1.5	1.0	1.0	0.5	2.0	1.0	2.0	0.5	1.5	0.5	13
NEXT	4.0	1.0	1.5	1.0	0.5	0.0	2.0	1.5	1.0	0.0	1.0	0.0	0.0	0.0	2.0	0.5	13
NFLX	5.3	1.5	2.0	1.0	1.5	0.0	0.5	0.5	1.0	2.0	2.0	1.0	1.0	2.0	0.0	0.0	14
NHP	5.0	1.5	1.5	1.0	1.0	0.5	1.5	2.0	1.0	0.0	2.0	0.0	1.0	0.5	0.0	1.5	14
NICE	5.8	1.5	1.5	1.0	1.5	2.0	1.0	1.5	1.0	1.0	1.5	1.0	2.0	1.0	0.0	0.0	13
NKTR	3.7	1.5	2.0	1.0	0.5	0.0	0.0	2.0	0.0	0.0	2.0	1.0	1.0	0.0	0.0	0.0	14
NKTX	4.7	2.0	2.0	1.0	1.0	0.0	2.0	0.0	1.0	0.0	2.0	1.0	1.0	0.0	0.5	0.5	13
NMFC	5.3	1.0	1.5	1.0	1.5	0.0	2.0	0.5	1.0	0.0	1.0	2.0	2.0	1.0	1.5	0.0	13
NMIH	6.8	2.0	2.0	1.0	1.5	1.0	2.0	1.5	0.0	1.5	2.0	2.0	1.0	1.5	0.5	1.0	14
NMRK	5.5	2.0	2.0	1.0	1.5	0.0	2.0	1.5	1.0	1.0	2.0	1.0	0.0	1.0	0.5	0.0	13
NN	4.5	1.5	2.0	1.0	0.5	0.0	2.0	0.0	1.0	0.0	1.5	1.0	1.0	0.0	2.0	0.0	13
NNE	5.0	1.5	2.0	1.0	0.0	0.0	2.0	2.0	2.0	0.0	1.0	1.0	1.0	0.0	1.5	0.0	14
NOVT	5.7	1.5	2.0	1.0	0.5	0.0	2.0	1.5	1.0	1.0	2.0	1.0	1.0	1.0	0.0	1.5	13
NPCE	5.7	2.0	2.0	1.0	1.5	0.0	2.0	2.0	1.0	0.0	2.0	1.0	1.0	0.0	0.5	1.0	13
NRC	6.5	1.5	2.0	1.0	0.0	1.0	2.0	2.0	1.0	2.0	1.5	0.0	0.0	1.5	2.0	2.0	13
NRDS	5.5	1.5	1.5	1.0	0.5	1.0	1.0	0.0	1.0	1.5	2.0	2.0	1.0	1.5	1.0	0.0	13
NRIM	6.3	1.0	2.0	1.0	1.5	0.0	2.0	1.5	2.0	1.5	2.0	1.0	1.0	1.0	0.5	1.0	12
NRIX	5.2	2.0	2.0	1.0	0.5	1.0	1.0	0.5	1.0	0.0	2.0	1.0	1.0	0.0	0.5	2.0	13
NSIT.US	7.2	1.5	1.5	1.0	1.0	2.0	2.0	2.0	1.0	1.0	2.0	1.0	2.0	1.0	0.5	2.0	13
NSLR	5.0	1.5	2.0	1.0	2.0	0.0	2.0	0.0	1.0	2.0	0.5	1.0	1.0	0.0	1.0	0.0	14
NSSC	6.3	2.0	2.0	1.0	1.0	0.0	2.0	2.0	1.0	1.5	2.0	1.0	1.0	2.0	0.5	0.0	13
NTAP	6.5	1.5	0.5	1.0	1.0	1.5	1.0	2.0	1.5	2.0	2.0	1.0	1.0	1.5	0.0	2.0	14
NTCT	7.3	1.0	1.5	1.0	1.0	2.0	2.0	2.0	1.0	1.0	2.0	2.0	2.0	1.0	0.5	2.0	13
NTES	5.0	1.5	2.0	1.0	2.0	0.0	1.5	0.5	1.0	1.5	0.0	1.0	1.0	1.5	0.5	0.0	14
NTGR	6.3	1.5	2.0	1.0	1.0	2.0	2.0	2.0	1.0	0.0	2.0	2.0	2.0	0.0	0.5	0.0	13
NTLA	4.0	1.5	2.0	1.0	0.0	1.0	0.0	1.5	0.5	0.0	2.0	1.0	1.0	0.0	0.5	0.0	14
NTNX	7.2	1.5	1.5	1.0	1.0	2.0	1.5	2.0	1.0	2.0	2.0	2.0	2.0	1.0	0.5	0.5	14
NTRA	6.3	2.0	1.0	1.0	1.5	2.0	1.0	2.0	1.0	0.0	2.0	2.0	1.0	0.0	0.5	2.0	14
NTRS	6.2	1.0	1.5	1.0	1.5	1.0	2.0	1.5	1.5	1.5	2.0	1.0	1.0	0.5	0.0	1.5	12
NTSK	6.0	2.0	0.5	1.0	1.0	2.0	1.5	2.0	0.5	1.0	2.0	2.0	2.0	0.0	0.5	0.0	13
NUTX	7.5	1.5	2.0	1.0	0.0	2.0	2.0	2.0	1.0	2.0	1.0	1.0	1.0	2.0	2.0	2.0	13
NVAX	6.5	1.5	2.0	1.0	0.0	2.0	2.0	2.0	1.0	1.0	1.5	2.0	1.0	0.0	1.0	1.5	13
NVCR	5.3	1.0	2.0	1.0	0.5	0.0	2.0	2.0	1.0	0.0	2.0	2.0	1.0	0.0	1.0	0.5	14
NVCT	6.2	2.0	2.0	1.0	0.5	1.0	2.0	0.0	1.0	0.0	1.0	2.0	2.0	0.0	2.0	2.0	13
NVDA	7.5	2.0	2.0	1.0	2.0	2.0	1.0	1.5	1.0	2.0	2.0	1.0	1.0	2.0	0.5	1.5	14
NVMI	6.3	1.5	2.0	1.0	1.0	0.0	1.5	1.5	0.5	1.5	2.0	2.0	2.0	1.5	0.0	1.0	14
NVTS	4.7	1.0	2.0	1.0	0.5	0.0	1.0	1.5	1.0	0.0	1.5	1.0	1.0	0.0	1.0	1.5	13
NWBI	5.5	1.0	1.5	1.0	1.0	1.0	1.5	1.5	1.0	1.0	2.0	1.0	1.0	0.5	0.5	1.0	12
NWE	5.3	1.0	0.5	1.0	1.5	2.0	2.0	1.5	1.0	1.0	2.0	0.0	0.0	1.0	0.0	1.5	14
NWL	5.0	1.0	1.5	1.0	0.5	1.0	1.5	2.0	1.0	0.0	2.0	1.0	0.0	1.0	0.5	1.0	14
NWPX.US	6.7	1.0	0.5	1.0	1.0	1.0	2.0	2.0	1.0	1.0	2.0	2.0	2.0	1.0	0.5	2.0	13
NWSA	6.3	1.5	0.5	1.0	1.5	1.0	2.0	2.0	1.0	1.0	2.0	2.0	2.0	1.0	0.0	0.5	13
NXH	3.2	1.0	2.0	1.0	0.5	0.0	1.5	0.0	1.0	0.0	1.5	0.0	0.0	0.0	1.0	0.0	13
NXPI	6.3	1.5	2.0	1.0	1.5	1.0	0.5	1.0	0.5	2.0	2.0	2.0	2.0	1.5	0.0	0.5	14
NXST	6.5	2.0	2.0	1.0	0.5	0.0	1.5	1.5	2.0	1.0	2.0	2.0	2.0	1.0	1.0	0.0	14
NXT.US	6.7	2.0	2.0	1.0	1.0	0.0	1.5	2.0	1.5	2.0	2.0	2.0	1.0	1.5	0.0	0.5	14
NYAX	6.0	2.0	2.0	1.0	2.0	0.0	1.5	0.0	2.0	0.5	0.5	2.0	2.0	0.5	2.0	0.0	14
A.US	7.0	2.0	1.5	1.0	1.5	2.0	1.5	1.5	0.0	1.5	2.0	2.0	2.0	1.5	0.0	1.0	14
AA	6.5	1.5	2.0	1.0	1.5	0.0	1.0	2.0	2.0	1.5	2.0	2.0	1.0	1.0	0.0	1.0	14
AADX	5.2	2.0	2.0	1.0	1.0	0.5	1.0	0.0	1.0	1.0	2.0	2.0	1.0	1.0	0.0	0.0	11
AAMI	7.0	1.0	1.0	1.0	1.5	2.0	2.0	2.0	1.0	2.0	2.0	1.0	1.0	1.5	0.0	2.0	14
AAP	4.8	1.0	1.5	1.0	0.0	0.0	1.5	2.0	1.0	0.5	2.0	2.0	1.0	1.0	0.0	0.0	14
AAT	4.5	0.5	1.5	1.0	1.0	1.0	2.0	0.0	1.0	0.5	2.0	0.0	1.0	1.0	0.5	0.5	14
AAUC	5.0	2.0	2.0	1.0	1.5	0.0	1.0	1.0	1.0	0.0	1.5	0.0	0.0	2.0	1.5	0.5	12
ABBV	5.7	2.0	1.0	1.0	2.0	2.0	1.5	1.0	1.0	1.0	2.0	0.0	0.0	1.5	0.0	1.0	13
ABCB	5.3	1.5	1.5	1.0	1.0	0.0	2.0	1.0	1.0	1.0	2.0	1.0	1.0	0.5	1.0	0.5	12
ABEV	5.8	1.0	1.5	1.0	1.0	2.0	2.0	2.0	0.0	1.5	0.0	1.0	1.0	1.5	0.0	2.0	13
ABG	4.2	0.5	2.0	1.0	0.5	0.0	1.5	1.5	1.5	1.0	2.0	0.0	0.0	1.0	0.0	0.0	14
ABM	6.3	1.5	1.5	1.0	1.5	2.0	2.0	0.5	1.0	1.0	2.0	1.0	2.0	1.0	0.5	0.5	13
ABR	4.2	0.5	2.0	1.0	0.0	0.0	1.0	2.0	0.0	0.5	1.5	2.0	1.0	0.5	0.5	0.0	14
ABT.US	5.8	2.0	2.0	1.0	2.0	0.0	2.0	1.0	1.5	1.0	2.0	1.0	1.0	1.0	0.0	0.0	14
ABX	5.5	1.5	2.0	1.0	0.5	0.0	1.5	1.5	1.0	1.0	0.5	0.0	1.0	1.0	2.0	2.0	14
ACA.US	6.7	1.0	1.0	1.0	1.5	2.0	2.0	2.0	1.0	1.0	2.0	1.0	1.0	1.0	0.5	2.0	13
ACCO	7.0	1.5	2.0	1.0	1.0	2.0	1.0	2.0	1.0	1.0	2.0	2.0	2.0	1.0	0.5	1.0	13
ACEL	6.7	1.5	2.0	1.0	1.5	0.0	2.0	2.0	0.5	1.5	2.0	2.0	1.0	1.0	1.5	0.5	14
ACH.US	4.0	1.0	2.0	1.0	0.5	0.0	2.0	0.0	1.0	1.0	2.0	0.0	0.0	0.5	1.0	0.0	12
ACHR	5.0	2.0	2.0	1.0	0.5	0.0	0.5	2.0	2.0	0.0	1.5	1.0	1.0	0.0	1.5	0.0	14
ACI	3.8	1.0	1.0	1.0	0.5	1.0	1.0	1.0	1.0	0.5	2.0	0.0	0.0	1.0	0.5	0.0	14
ACM	5.0	2.0	2.0	1.0	1.0	0.0	1.5	0.0	1.0	1.5	2.0	1.0	1.0	1.0	0.0	0.0	14
ACN	6.2	1.5	1.5	1.0	1.5	2.0	1.5	0.5	0.5	2.0	2.0	1.0	2.0	1.5	0.0	0.0	14
ACRE	4.8	1.0	2.0	1.0	1.5	0.0	2.0	2.0	1.0	0.0	1.0	1.0	1.0	0.0	1.0	0.0	14
ACVA	5.2	1.0	0.5	1.0	1.0	1.5	1.0	2.0	0.0	0.0	2.0	2.0	2.0	0.0	0.5	1.0	14
AD	5.2	1.0	2.0	1.0	1.0	0.0	1.5	2.0	1.0	1.5	1.0	0.0	1.0	0.5	2.0	0.0	13
ADC	4.5	2.0	1.5	1.0	1.0	0.0	2.0	1.0	1.0	0.5	2.0	0.0	0.0	1.0	0.5	0.0	14
ADIG	5.2	1.0	2.0	1.0	1.0	0.5	2.0	1.0	1.0	1.0	1.0	2.0	1.0	1.0	0.0	0.0	9
ADM	6.5	1.5	1.5	1.0	1.5	2.0	2.0	2.0	1.5	1.0	2.0	1.0	0.0	1.0	0.0	1.5	14
ADNT	5.7	2.0	2.0	1.0	0.5	0.0	1.5	2.0	1.5	1.0	2.0	1.0	1.0	1.0	0.5	0.0	14
ADT	4.7	1.0	2.0	1.0	1.0	0.0	1.5	1.5	1.0	1.5	2.0	0.0	0.0	1.0	0.5	0.0	13
AEE	4.8	1.5	1.5	1.0	1.5	0.0	1.5	2.0	1.5	1.0	2.0	0.0	0.0	1.0	0.0	0.0	14
AEM	6.7	1.5	2.0	1.0	2.0	0.0	1.0	1.5	1.0	1.5	2.0	2.0	2.0	2.0	0.0	0.5	14
AEO	6.0	1.0	1.0	1.0	0.5	1.0	1.5	2.0	1.0	1.5	2.0	2.0	0.0	1.0	1.0	1.5	13
AER	6.8	2.0	2.0	1.0	1.5	0.0	2.0	2.0	1.0	1.5	2.0	1.0	2.0	1.0	0.5	1.0	13
AES	5.3	1.0	1.0	1.0	1.5	2.0	2.0	2.0	1.0	1.0	2.0	0.0	0.0	1.0	0.0	0.5	14
AESI	5.5	1.0	2.0	1.0	0.0	0.0	1.5	0.0	2.0	0.0	2.0	2.0	2.0	0.0	2.0	1.0	14
AFG	6.7	1.0	1.5	1.0	1.5	1.0	2.0	1.5	1.0	1.5	1.5	2.0	1.0	1.0	2.0	0.5	13
AFL	5.0	1.0	1.0	1.0	1.5	0.0	1.5	1.5	0.5	1.5	1.5	0.0	1.0	1.0	1.5	0.5	14
AG	6.3	2.0	2.0	1.0	1.0	0.0	2.0	1.0	1.0	1.0	1.5	2.0	1.0	1.5	0.5	1.5	13
AGBK	7.0	1.5	2.0	1.0	1.5	1.5	1.5	1.5	1.0	1.0	2.0	2.0	2.0	1.0	1.5	0.0	12
AGCO	5.5	1.5	1.5	1.0	1.0	0.0	1.0	2.0	1.5	1.0	2.0	1.0	0.0	1.0	1.5	0.5	14
AGI	6.3	2.0	2.0	1.0	1.0	0.0	1.5	1.5	1.0	2.0	1.5	2.0	2.0	1.5	0.0	0.0	13
AGL	6.2	1.5	2.0	1.0	1.0	1.0	1.0	2.0	2.0	0.0	2.0	1.0	1.0	0.0	1.0	2.0	14
AGM	6.5	1.5	2.0	1.0	1.5	1.0	2.0	1.0	1.0	1.0	2.0	1.0	2.0	0.5	0.5	1.5	13
AGO	5.5	2.0	2.0	1.0	1.0	0.0	2.0	2.0	1.0	1.0	2.0	0.0	1.0	0.5	1.0	0.0	13
AGRO	6.7	1.5	2.0	1.0	1.5	0.0	2.0	2.0	1.0	0.5	0.5	2.0	1.0	1.0	2.0	2.0	13
AGX	7.5	2.0	2.0	1.0	1.0	0.0	1.5	2.0	1.0	2.0	2.0	2.0	2.0	1.5	0.5	2.0	13
AHR	6.0	2.0	2.0	1.0	0.5	0.0	1.5	2.0	1.0	0.5	2.0	1.0	2.0	1.0	0.0	1.5	14
AHRT	4.0	0.5	1.5	1.0	1.5	0.0	2.0	0.0	1.0	0.0	2.0	1.0	0.0	1.0	0.5	0.0	13
AI	4.0	0.5	0.5	1.0	0.0	2.0	1.0	1.5	1.0	0.0	1.5	1.0	1.0	0.0	1.0	0.0	13
AIG	5.2	1.5	1.5	1.0	1.5	2.0	1.5	2.0	1.0	1.0	2.0	0.0	0.0	0.5	0.0	0.0	14
AIN	5.0	1.0	2.0	1.0	1.0	0.0	2.0	1.5	1.0	0.0	2.0	2.0	1.0	0.0	0.0	0.5	14
AIR.US	7.0	1.5	2.0	1.0	1.5	0.0	2.0	2.0	1.0	1.0	2.0	2.0	2.0	1.0	0.5	1.5	14
AIT	7.5	2.0	2.0	1.0	1.5	1.0	2.0	1.5	1.0	1.5	2.0	2.0	2.0	1.5	0.0	1.5	13
AIZ	6.0	2.0	2.0	1.0	1.5	1.0	2.0	2.0	0.5	1.5	2.0	0.0	0.0	1.0	0.0	1.5	14
AJG	5.5	2.0	2.0	1.0	1.5	1.0	2.0	1.0	1.0	1.0	2.0	1.0	0.0	1.0	0.0	0.0	14
AKA.US	5.8	1.0	2.0	1.0	2.0	1.0	2.0	2.0	1.0	0.0	1.5	1.0	0.0	0.0	2.0	1.0	13
AKR	5.0	2.0	2.0	1.0	0.0	0.0	2.0	2.0	1.5	1.0	2.0	1.0	0.0	0.5	0.0	0.0	14
ALB	5.8	1.5	2.0	1.0	0.5	0.0	1.0	2.0	1.0	0.5	2.0	2.0	2.0	1.0	0.0	1.0	14
ALG	5.2	1.5	2.0	1.0	1.0	0.0	2.0	0.5	1.0	1.0	2.0	1.0	1.0	1.0	0.5	0.0	13
ALH	6.7	2.0	2.0	1.0	1.0	0.0	2.0	2.0	1.0	2.0	2.0	1.0	2.0	1.0	1.0	0.0	14
ALIT	5.0	1.5	2.0	1.0	1.5	0.0	2.0	1.5	0.0	0.0	2.0	1.0	1.0	0.5	1.0	0.0	14
ALK	4.0	2.0	2.0	1.0	0.5	0.0	1.5	2.0	1.0	0.0	2.0	0.0	0.0	0.0	0.0	0.0	14
ALL	5.5	1.5	1.5	1.0	1.5	1.0	1.5	2.0	0.5	2.0	2.0	0.0	0.0	1.5	0.0	0.5	14
ALLE	6.5	1.0	1.5	1.0	1.5	0.0	2.0	1.0	2.0	2.0	2.0	2.0	2.0	1.5	0.0	0.0	14
ALLY	6.0	2.0	2.0	1.0	1.5	0.0	1.5	1.5	1.5	1.0	2.0	1.0	1.0	0.5	1.0	0.5	12
ALSN	7.0	1.0	2.0	1.0	1.5	0.0	2.0	1.5	2.0	2.0	2.0	2.0	1.0	1.5	0.0	1.5	14
ALTG	4.8	1.5	2.0	1.0	1.5	0.0	2.0	0.0	1.0	0.0	1.5	1.0	0.0	0.5	2.0	0.5	13
ALV	5.3	1.5	1.5	1.0	1.0	0.0	1.5	1.5	0.5	2.0	2.0	1.0	1.0	1.5	0.0	0.0	14
ALX	5.0	0.5	0.5	1.0	0.5	0.0	2.0	1.0	1.0	2.0	1.0	1.0	1.0	1.0	2.0	0.5	12
AM	5.5	1.0	1.5	1.0	1.5	0.0	2.0	0.5	1.0	1.5	1.5	0.0	1.0	1.0	2.0	1.0	13
AMBP	6.3	1.5	2.0	1.0	1.0	1.0	2.0	2.0	1.0	1.0	0.5	1.0	1.0	1.0	2.0	1.0	13
AMC	4.5	1.0	1.0	1.0	1.5	2.0	1.0	2.0	1.0	1.0	1.0	0.0	0.0	1.0	0.0	0.0	12
AMCR	5.0	1.5	1.5	1.0	1.0	0.0	2.0	1.0	0.5	1.0	2.0	1.0	1.0	1.0	0.0	0.5	14
AME	6.7	2.0	1.5	1.0	2.0	2.0	1.5	1.5	0.5	1.0	2.0	1.0	1.0	1.5	0.0	1.5	14
AMG	7.2	2.0	2.0	1.0	1.0	2.0	2.0	1.5	1.0	1.5	2.0	1.0	1.0	1.0	0.5	2.0	14
AMH	6.2	2.0	2.0	1.0	1.5	0.0	2.0	2.0	1.0	1.0	2.0	2.0	0.0	1.0	1.0	0.0	13
AMN	6.8	1.5	1.5	1.0	0.5	2.0	1.5	2.0	1.0	1.5	2.0	1.0	2.0	1.0	0.0	2.0	14
AMP.US	6.7	1.5	1.5	1.0	1.5	1.0	1.5	1.5	1.0	2.0	2.0	2.0	2.0	1.0	0.0	0.5	14
AMPX	4.0	2.0	2.0	1.0	0.5	0.0	1.5	0.0	1.0	0.0	1.5	1.0	1.0	0.0	0.5	0.0	13
AMPY	4.7	1.5	2.0	1.0	0.5	1.0	1.5	0.0	1.0	1.0	1.5	1.0	1.0	0.0	1.0	0.0	13
AMR	4.8	1.0	1.0	1.0	0.5	0.0	2.0	1.5	1.0	0.0	2.0	1.0	1.0	0.0	2.0	0.5	13
AMRC	5.7	1.5	2.0	1.0	0.5	0.0	1.5	1.5	1.0	0.5	2.0	2.0	2.0	0.5	1.0	0.0	13
AMRX	8.0	2.0	1.5	1.0	1.5	2.0	1.0	2.0	0.5	2.0	1.0	2.0	2.0	1.5	2.0	2.0	14
AMRZ	4.5	1.0	2.0	1.0	2.0	0.0	1.0	0.0	0.0	1.0	1.5	1.0	1.0	1.0	1.0	0.0	14
AMT	5.7	1.5	2.0	1.0	2.0	0.0	2.0	2.0	1.5	2.0	2.0	0.0	0.0	1.0	0.0	0.0	14
AMTB	5.8	1.5	1.0	1.0	1.0	1.0	2.0	2.0	0.0	1.0	2.0	1.0	1.0	0.5	0.5	2.0	12
AMTM	6.0	1.5	2.0	1.0	1.0	0.0	1.0	1.5	2.0	0.5	2.0	2.0	2.0	1.0	0.5	0.0	14
AMWL	5.8	1.0	1.0	1.0	2.0	1.0	2.0	2.0	1.0	0.0	1.0	2.0	1.0	0.0	0.5	2.0	13
AMX	4.7	1.5	2.0	1.0	2.0	0.0	1.0	0.5	2.0	1.5	0.0	0.0	1.0	1.0	0.0	0.5	14
AN	5.2	2.0	2.0	1.0	0.5	0.0	1.5	1.5	1.5	2.0	2.0	0.0	0.0	1.0	0.5	0.0	14
ANDG	6.5	1.5	1.5	1.0	0.5	2.0	1.5	2.0	0.5	0.0	2.0	2.0	1.0	2.0	0.0	2.0	14
ANET	8.0	2.0	1.5	1.0	2.0	2.0	1.5	1.5	1.0	2.0	2.0	2.0	1.0	1.5	1.5	1.5	14
ANF	7.0	1.5	1.5	1.0	0.5	2.0	1.5	2.0	1.0	2.0	2.0	1.0	1.0	1.5	0.5	2.0	14
ANGX	4.3	2.0	2.0	1.0	1.0	1.0	2.0	0.5	1.0	1.0	1.0	0.0	0.0	0.0	0.5	0.0	12
ANVS	4.0	1.5	2.0	1.0	0.5	0.0	2.0	0.0	1.0	0.0	0.5	1.0	1.0	0.0	1.5	0.0	13
AON	5.7	1.5	2.0	1.0	2.0	0.0	1.5	1.5	1.0	2.0	2.0	1.0	0.0	1.0	0.5	0.0	14
AORT	5.5	2.0	2.0	1.0	1.0	0.0	2.0	1.0	1.0	0.0	2.0	1.0	2.0	1.0	0.5	0.0	13
AOS	5.7	1.0	1.5	1.0	0.5	0.0	2.0	1.5	1.0	2.0	2.0	2.0	1.0	1.5	0.0	0.0	13
APAM	5.7	1.0	1.5	1.0	1.0	0.0	1.5	1.5	1.0	2.0	2.0	1.0	1.0	2.0	0.5	0.0	14
APD	6.2	2.0	2.0	1.0	2.0	0.0	2.0	1.5	1.5	0.5	2.0	1.0	1.0	1.0	0.5	0.5	14
APG	6.8	2.0	2.0	1.0	1.5	0.0	2.0	1.5	1.0	1.0	2.0	1.0	2.0	1.0	1.5	1.0	14
APH	8.3	2.0	2.0	1.0	2.0	2.0	1.5	2.0	1.0	2.0	2.0	2.0	2.0	1.5	0.0	2.0	14
APLE	6.2	1.5	1.5	1.0	0.5	2.0	2.0	1.5	1.5	1.0	2.0	0.0	0.0	1.0	1.0	2.0	14
APO	6.5	2.0	2.0	1.0	1.5	0.0	1.5	1.5	1.0	1.0	1.5	2.0	2.0	0.5	2.0	0.0	14
APTV	5.8	1.5	2.0	1.0	1.5	0.0	1.5	2.0	0.0	1.0	2.0	2.0	2.0	1.0	0.0	0.0	14
AQN	4.0	1.0	2.0	1.0	1.0	0.0	1.0	2.0	1.0	0.5	1.5	0.0	0.0	1.0	0.0	0.0	13
AR.US	4.5	1.5	2.0	1.0	1.5	0.0	1.0	0.0	1.0	1.0	2.0	0.0	0.0	1.0	0.5	1.0	14
ARCO	6.0	1.5	2.0	1.0	1.5	1.0	2.0	2.0	0.5	2.0	1.5	0.0	1.0	1.0	0.0	1.0	14
ARE	4.7	1.0	1.5	1.0	1.0	0.0	2.0	0.0	0.5	0.0	2.0	2.0	2.0	0.5	0.5	0.0	14
ARES	5.2	2.0	2.0	1.0	0.5	0.0	1.5	0.5	1.5	1.0	2.0	0.0	1.0	1.0	1.5	0.0	14
ARI	5.3	1.5	2.0	1.0	1.5	0.0	2.0	0.0	1.0	1.0	2.0	2.0	1.0	1.0	0.0	0.0	13
ARIS	7.2	1.5	2.0	1.0	1.0	0.0	2.0	1.5	1.0	1.5	2.0	2.0	2.0	1.5	0.5	2.0	13
ARLO	5.8	2.0	2.0	1.0	0.5	0.0	1.5	2.0	1.0	1.5	2.0	1.0	2.0	0.5	0.5	0.0	13
ARMK	6.7	2.0	2.0	1.0	1.5	1.0	2.0	1.0	0.5	1.0	2.0	1.0	2.0	1.0	0.0	2.0	14
AROC	6.3	1.5	2.0	1.0	1.0	0.0	2.0	1.5	1.0	1.5	2.0	1.0	1.0	1.5	0.5	1.5	14
ARW	6.3	1.0	1.0	1.0	1.5	2.0	1.5	2.0	1.0	1.0	2.0	1.0	1.0	1.0	0.0	2.0	13
ARX	6.3	1.0	1.0	1.0	1.0	2.0	2.0	2.0	1.0	0.0	1.5	1.0	1.0	0.5	2.0	2.0	13
AS	6.0	2.0	2.0	1.0	1.0	0.0	1.0	2.0	1.0	1.0	1.0	2.0	1.0	1.0	2.0	0.0	13
ASAN	4.8	1.5	0.5	1.0	0.0	2.0	2.0	2.0	1.0	0.0	1.5	0.0	1.0	0.0	2.0	0.0	14
ASB	6.2	1.5	1.5	1.0	1.5	1.0	2.0	1.5	0.5	1.0	2.0	1.0	1.0	0.5	1.5	1.0	12
ASC	7.2	1.5	1.5	1.0	1.0	2.0	2.0	1.5	1.0	1.5	2.0	1.0	1.0	1.5	1.0	2.0	14
ASH	6.2	2.0	1.5	1.0	0.5	1.0	2.0	0.5	1.0	0.5	2.0	1.0	2.0	1.0	0.5	2.0	14
ASIX	4.7	1.5	1.5	1.0	1.5	0.0	1.5	1.0	1.0	0.0	2.0	1.0	1.0	0.5	0.5	0.0	13
ASPN	5.2	1.5	2.0	1.0	0.5	2.0	1.0	0.0	1.0	0.0	2.0	2.0	2.0	0.0	0.5	0.0	14
ASR	5.0	0.5	2.0	1.0	1.5	0.0	2.0	0.0	1.0	1.5	0.5	1.0	1.0	1.5	1.5	0.0	14
ASX	6.3	1.5	1.0	1.0	2.0	2.0	2.0	2.0	1.0	1.5	0.0	1.0	1.0	1.0	0.0	2.0	13
ATEN	7.2	2.0	2.0	1.0	0.5	2.0	1.5	1.5	1.0	1.5	2.0	1.0	2.0	1.0	0.5	2.0	13
ATI	7.8	2.0	2.0	1.0	1.5	1.0	1.5	2.0	1.0	2.0	2.0	2.0	2.0	1.5	0.0	2.0	14
ATKR	6.5	1.0	1.0	1.0	1.5	1.5	2.0	1.5	1.0	0.0	2.0	2.0	2.0	1.0	0.0	2.0	13
ATMU	7.0	2.0	2.0	1.0	1.5	0.0	1.5	2.0	1.0	2.0	2.0	2.0	2.0	1.5	0.0	0.5	14
ATNM	6.2	1.5	2.0	1.0	1.5	1.0	1.5	2.0	1.0	2.0	0.5	1.0	1.0	1.5	1.0	0.0	13
ATO	4.8	1.0	1.5	1.0	1.5	0.0	2.0	1.5	1.0	1.0	2.0	0.0	1.0	1.0	0.0	0.0	14
ATR	5.7	1.5	2.0	1.0	1.5	0.0	2.0	1.5	0.5	1.0	2.0	2.0	1.0	1.0	0.0	0.0	14
ATS	5.0	1.0	2.0	1.0	1.0	0.0	1.0	0.5	1.0	0.5	2.0	2.0	2.0	1.0	0.0	0.0	12
AU	7.0	1.5	2.0	1.0	2.0	0.0	1.5	1.0	0.5	2.0	2.0	2.0	2.0	2.0	0.0	1.5	14
AUB	5.3	1.5	2.0	1.0	1.0	0.0	2.0	1.5	1.0	1.0	2.0	1.0	1.0	0.5	0.0	0.5	12
AVA	4.8	1.0	1.5	1.0	1.0	0.0	2.0	2.0	1.0	1.0	2.0	1.0	0.0	1.0	0.0	0.0	14
AVEX	6.2	2.0	2.0	1.0	1.0	0.5	1.5	2.0	0.5	1.0	2.0	1.0	1.0	1.0	2.0	0.0	12
AVNT.US	6.7	1.5	1.5	1.0	1.0	1.0	2.0	1.5	1.0	1.0	2.0	2.0	2.0	1.0	0.0	1.5	14
AVTR	6.0	1.0	0.5	1.0	1.0	2.0	1.5	1.5	1.0	0.0	2.0	2.0	2.0	1.0	0.5	1.0	13
AVY	6.2	2.0	1.5	1.0	1.5	0.0	2.0	1.5	1.0	2.0	2.0	1.0	1.0	1.5	0.0	0.5	14
AWI	6.5	2.0	2.0	1.0	1.5	0.0	2.0	1.0	1.0	2.0	2.0	2.0	1.0	1.5	0.5	0.0	13
AWK	4.2	1.0	1.5	1.0	1.0	0.0	2.0	1.0	1.0	1.0	2.0	0.0	0.0	1.0	0.0	0.0	14
AX	5.7	1.5	2.0	1.0	1.0	0.0	2.0	1.5	1.0	1.5	2.0	1.0	1.0	0.5	0.5	0.5	12
AXP	7.0	1.5	2.0	1.0	1.5	0.0	1.5	1.5	1.5	2.0	1.5	2.0	2.0	1.0	2.0	0.0	14
AXS.US	5.2	2.0	2.0	1.0	1.5	0.0	2.0	1.0	1.0	1.5	2.0	0.0	0.0	1.0	0.0	0.5	14
AXTA	6.8	1.5	1.5	1.0	1.5	1.0	2.0	1.5	1.0	1.0	2.0	2.0	2.0	1.0	0.0	1.5	14
AYI	6.2	1.5	2.0	1.0	1.5	0.0	2.0	1.5	0.0	1.5	2.0	2.0	2.0	1.5	0.0	0.0	14
AZO	4.8	2.0	2.0	1.0	1.5	0.0	1.5	1.0	1.0	1.0	2.0	0.0	0.0	1.5	0.0	0.0	13
AZUL	4.3	1.5	2.0	1.0	2.0	0.5	1.0	1.0	1.0	1.0	1.0	0.0	0.0	1.0	0.0	0.0	11
AZZ	6.8	1.5	1.5	1.0	1.5	0.0	2.0	1.5	1.0	1.5	2.0	2.0	2.0	1.0	0.5	1.5	13
BPMC CVR	5.0	1.0	1.0	1.0	1.0	1.0	1.0	1.0	1.0	1.0	1.0	1.0	1.0	1.0	1.0	1.0	0
B	5.8	1.5	2.0	1.0	1.0	0.0	1.5	1.5	1.0	2.0	1.5	1.0	1.0	1.5	0.0	1.0	13
BA	5.8	2.0	2.0	1.0	2.0	0.0	1.5	2.0	2.0	2.0	2.0	1.0	0.0	0.0	0.0	0.0	14
BABA	4.7	2.0	2.0	1.0	2.0	0.0	1.5	0.0	1.0	1.0	0.5	1.0	1.0	0.5	0.5	0.0	14
BAC	6.2	2.0	2.0	1.0	2.0	0.0	2.0	1.5	1.0	1.0	2.0	1.0	1.0	0.5	1.0	0.5	12
BAH	6.2	1.0	1.5	1.0	1.0	0.0	0.5	2.0	1.5	2.0	2.0	2.0	2.0	1.5	0.5	0.0	14
BAK	3.5	0.5	0.5	1.0	1.5	0.0	2.0	1.5	1.0	1.0	0.5	0.0	0.0	1.0	0.0	0.0	12
BALL	6.3	2.0	2.0	1.0	1.5	0.0	2.0	1.5	1.0	1.5	2.0	1.0	1.0	1.0	0.0	1.5	14
BAM	6.3	1.5	2.0	1.0	1.5	0.0	1.5	1.5	1.0	2.0	2.0	1.0	2.0	1.5	0.5	0.0	14
BANC	4.8	2.0	2.0	1.0	1.0	0.0	2.0	1.5	0.5	0.0	2.0	1.0	1.0	0.0	0.0	0.5	12
BAP	7.2	1.5	2.0	1.0	1.5	1.0	2.0	1.0	1.5	1.5	2.0	1.0	1.0	1.0	1.5	2.0	12
BAX	5.5	1.0	1.5	1.0	1.0	1.0	1.5	2.0	0.0	0.0	2.0	2.0	2.0	1.0	0.0	0.5	14
BB	6.3	1.0	1.5	1.0	1.0	2.0	1.0	2.0	1.0	1.0	1.5	2.0	1.0	1.0	0.0	2.0	13
BBAI	4.0	1.0	2.0	1.0	0.0	0.0	2.0	2.0	1.0	0.0	1.0	1.0	1.0	0.0	0.0	0.0	13
BBAR	4.8	1.0	2.0	1.0	2.0	0.0	2.0	0.0	1.0	1.0	0.5	1.0	1.0	0.5	0.0	1.5	12
BBD	5.2	1.0	0.5	1.0	2.0	2.0	2.0	1.0	0.0	1.0	0.5	1.0	1.0	0.5	0.0	2.0	12
BBDC	4.7	1.5	1.5	1.0	1.5	0.0	2.0	1.5	1.0	1.0	1.5	0.0	0.0	1.0	0.0	0.5	13
BBT	5.2	1.5	2.0	1.0	1.0	0.0	2.0	0.0	1.0	1.0	2.0	1.0	1.0	0.5	0.5	1.0	12
BBUC	5.5	1.5	2.0	1.0	1.5	0.0	1.5	2.0	1.0	0.5	2.0	1.0	1.0	1.0	0.5	0.0	13
BBVA.US	5.8	1.0	1.5	1.0	2.0	1.0	2.0	1.0	2.0	1.5	0.0	1.0	1.0	0.5	0.0	2.0	12
BBW	6.2	1.5	2.0	1.0	0.0	0.0	2.0	2.0	1.5	2.0	2.0	2.0	0.0	1.5	1.0	0.0	14
BBWI	5.3	1.0	2.0	1.0	1.0	0.0	1.5	2.0	1.0	1.0	2.0	1.0	1.0	1.5	0.0	0.0	13
BBY	6.0	1.0	1.0	1.0	1.0	2.0	1.5	1.5	0.5	2.0	2.0	1.0	0.0	1.0	1.0	1.5	14
BC	5.5	1.5	2.0	1.0	1.0	0.0	2.0	2.0	1.5	0.0	2.0	1.0	1.0	1.0	0.0	0.5	14
BCC	6.5	1.5	2.0	1.0	1.0	0.0	2.0	2.0	1.0	1.0	2.0	2.0	2.0	1.0	0.5	0.5	13
BCE	5.5	1.5	2.0	1.0	1.0	0.0	2.0	1.5	2.0	2.0	1.5	0.0	1.0	1.0	0.0	0.0	13
BCH.US	5.3	1.0	1.5	1.0	2.0	0.0	2.0	1.5	1.0	1.5	0.0	1.0	1.0	1.0	0.0	1.5	11
BCO	6.2	1.5	2.0	1.0	0.0	0.0	2.0	1.5	1.0	2.0	2.0	2.0	2.0	1.0	0.5	0.0	13
BCS	3.3	1.5	0.5	1.0	1.0	0.0	0.0	1.5	0.0	1.0	0.0	1.0	1.0	0.5	0.0	1.0	11
BCSF	4.8	1.0	1.5	1.0	1.5	0.0	2.0	1.0	1.0	1.0	1.5	1.0	1.0	1.0	0.0	0.0	13
BDC	6.3	2.0	2.0	1.0	0.5	0.0	2.0	1.5	1.0	1.5	2.0	2.0	2.0	1.0	0.5	0.0	13
BDN	4.8	1.0	1.5	1.0	1.0	0.0	2.0	0.0	1.0	0.0	2.0	2.0	2.0	0.5	0.5	0.0	14
BDX	5.0	1.0	1.0	1.0	1.5	2.0	1.5	1.5	0.0	1.0	2.0	0.0	0.0	1.0	0.0	1.5	14
BE	7.0	2.0	1.5	1.0	1.0	2.0	1.0	2.0	1.0	1.5	2.0	1.0	1.0	1.0	1.0	2.0	14
BEKE	6.5	1.5	2.0	1.0	1.5	2.0	2.0	2.0	1.0	1.0	0.5	2.0	2.0	1.0	0.0	0.0	14
BEN	7.0	1.0	1.5	1.0	1.5	1.0	1.0	2.0	1.5	1.0	1.5	1.0	2.0	1.0	2.0	2.0	14
BEPC	3.3	0.5	2.0	1.0	1.0	0.0	2.0	0.0	1.0	0.0	2.0	0.0	0.0	0.5	0.0	0.0	12
BETA	5.2	2.0	2.0	1.0	1.0	1.0	2.0	0.0	1.5	0.0	1.0	1.0	1.0	0.0	2.0	0.0	14
BFAM	5.0	2.0	2.0	1.0	1.0	0.0	2.0	1.5	1.0	1.0	2.0	0.0	0.0	1.0	0.5	0.0	14
BFH	6.5	1.5	1.5	1.0	0.5	1.0	2.0	2.0	1.0	1.5	2.0	1.0	1.0	1.0	0.5	2.0	12
BFLY	6.2	2.0	2.0	1.0	0.5	1.0	1.0	2.0	2.0	0.0	1.5	1.0	1.0	0.0	1.5	2.0	14
BG	6.5	1.5	2.0	1.0	1.0	0.0	2.0	2.0	1.0	1.0	2.0	2.0	0.0	1.0	1.5	1.5	14
BGS	5.5	1.0	2.0	1.0	0.5	0.0	2.0	2.0	1.0	0.0	1.5	2.0	2.0	1.0	0.5	0.0	14
BHB	6.0	1.5	1.5	1.0	1.5	1.0	2.0	1.5	1.0	1.0	1.5	1.0	1.0	0.5	0.5	1.5	11
BHC	6.2	1.0	2.0	1.0	1.5	1.0	2.0	1.5	1.0	1.0	1.5	1.0	1.0	1.0	1.5	0.5	13
BHE	7.3	1.5	1.5	1.0	1.5	2.0	2.0	1.5	1.0	0.5	2.0	2.0	2.0	1.0	0.5	2.0	13
BHP	6.0	1.5	0.5	1.0	2.0	1.0	1.0	1.0	1.0	1.5	0.0	2.0	2.0	1.5	0.0	2.0	13
BHVN	4.2	1.5	2.0	1.0	0.5	0.0	0.5	1.0	0.5	0.0	2.0	1.0	1.0	0.0	1.5	0.0	14
BILL	5.7	1.5	2.0	1.0	0.5	1.0	2.0	2.0	1.0	0.0	2.0	2.0	1.0	0.5	0.5	0.0	13
BIO.US	6.2	1.5	1.5	1.0	1.0	1.0	2.0	2.0	1.0	0.5	2.0	1.0	1.0	0.5	1.5	1.0	13
BIP	4.5	2.0	2.0	1.0	1.0	0.0	1.5	0.0	1.0	1.0	1.5	0.0	1.0	1.0	0.0	0.5	12
BIPC	4.0	0.5	2.0	1.0	1.0	0.0	2.0	0.0	1.0	1.5	2.0	0.0	0.0	1.0	0.0	0.0	12
BIRK	5.7	1.5	2.0	1.0	0.5	0.0	1.0	1.5	1.0	1.0	2.0	1.0	2.0	1.0	1.5	0.0	14
BJ	5.7	1.5	1.5	1.0	1.0	2.0	2.0	1.5	1.0	2.0	2.0	0.0	0.0	1.0	0.0	0.5	14
BKD	5.3	1.5	2.0	1.0	0.5	0.0	1.5	2.0	1.0	0.0	2.0	1.0	1.0	0.5	0.5	1.5	14
BKE	7.0	1.0	1.5	1.0	0.5	1.0	2.0	1.5	1.0	2.0	1.5	2.0	2.0	2.0	2.0	0.0	13
BKH	5.7	1.5	1.5	1.0	0.5	2.0	2.0	2.0	1.0	1.0	2.0	0.0	0.0	1.0	0.0	1.5	14
BKR	7.2	2.0	2.0	1.0	1.5	0.0	2.0	2.0	1.0	1.5	2.0	2.0	2.0	1.0	0.0	1.5	14
BKSY	5.0	1.5	2.0	1.0	0.5	0.0	2.0	2.0	1.0	0.0	2.0	1.0	1.0	0.0	1.0	0.0	13
BKTI	6.7	1.5	2.0	1.0	1.0	0.0	2.0	2.0	1.0	2.0	1.5	1.0	1.0	2.0	1.5	0.5	13
BKU	4.7	1.0	1.5	1.0	1.0	0.0	2.0	1.0	0.5	1.0	2.0	1.0	1.0	0.5	0.0	0.5	12
BKV	5.8	2.0	2.0	1.0	0.0	0.0	1.5	2.0	1.0	1.0	1.0	1.0	1.0	1.0	2.0	1.0	14
BLCO	6.0	1.5	1.5	1.0	1.0	1.0	1.0	2.0	2.0	0.0	0.5	2.0	1.0	0.5	2.0	1.0	14
BLDR	5.0	1.5	2.0	1.0	1.0	0.0	1.0	0.5	0.0	0.5	2.0	2.0	2.0	1.0	0.5	0.0	14
BLK	7.2	2.0	2.0	1.0	2.0	1.0	2.0	1.5	1.5	1.0	2.0	2.0	2.0	1.0	0.5	0.0	14
BLND.US	5.5	1.5	2.0	1.0	1.0	0.0	1.0	2.0	1.0	0.5	1.5	2.0	2.0	0.0	1.0	0.0	13
BLSH	4.2	1.5	2.0	1.0	0.5	0.0	1.0	1.0	1.0	0.0	0.5	1.0	1.0	0.0	2.0	0.0	14
BMA	4.5	1.5	2.0	1.0	1.5	0.0	2.0	0.0	0.0	1.0	0.5	1.0	1.0	0.5	0.0	1.5	12
BMI	5.8	1.5	2.0	1.0	0.5	0.0	2.0	0.5	1.0	1.5	2.0	2.0	2.0	1.5	0.0	0.0	13
BMNR	5.2	1.5	2.0	1.0	1.0	2.0	2.0	2.0	1.0	0.0	1.0	1.0	1.0	0.0	0.0	0.0	13
BMO	5.5	1.5	1.5	1.0	1.0	1.0	1.5	1.5	1.0	1.0	1.5	1.0	1.0	0.5	0.0	1.5	11
BMY	7.3	1.5	1.5	1.0	1.5	1.0	1.0	2.0	1.5	2.0	2.0	2.0	2.0	1.5	0.0	1.5	14
BN.US	5.5	2.0	2.0	1.0	1.0	0.0	2.0	1.0	1.0	0.5	1.5	1.0	1.0	1.0	1.5	0.0	12
BNL	5.7	1.5	2.0	1.0	0.5	0.0	2.0	1.5	1.5	0.5	2.0	2.0	1.0	1.0	0.0	0.5	14
BNS	5.7	1.5	1.5	1.0	1.0	1.0	2.0	1.5	1.0	1.0	1.5	1.0	1.0	0.5	0.0	1.5	10
BNY	6.5	1.5	1.5	1.0	2.0	1.0	2.0	2.0	1.5	1.0	2.0	1.0	1.0	0.5	0.0	1.5	12
BOBS	4.8	1.5	2.0	1.0	0.0	0.5	2.0	2.0	1.0	1.0	2.0	0.0	0.0	1.0	0.5	0.0	11
BOH	5.0	1.0	2.0	1.0	0.5	0.0	2.0	1.5	0.5	1.0	2.0	1.0	1.0	0.5	0.5	0.5	12
BOOT	5.3	2.0	2.0	1.0	0.5	0.0	1.0	1.5	1.0	1.5	2.0	2.0	0.0	1.5	0.0	0.0	14
BORR	6.0	1.0	1.5	1.0	0.5	1.0	2.0	0.5	1.0	0.0	2.0	2.0	1.0	1.0	1.5	2.0	14
BOX	5.8	1.0	1.0	1.0	0.5	2.0	1.0	2.0	1.0	2.0	2.0	1.0	1.0	1.0	0.5	0.5	13
BP.US	6.5	1.5	1.5	1.0	2.0	2.0	1.5	2.0	2.0	1.0	0.5	1.0	1.0	1.0	0.0	1.5	14
BR	6.3	1.5	1.5	1.0	1.5	0.0	1.5	2.0	1.5	2.0	2.0	1.0	2.0	1.5	0.0	0.0	14
BRBR	5.2	1.5	2.0	1.0	0.5	0.0	1.0	0.0	1.0	1.0	2.0	2.0	1.0	2.0	0.5	0.0	13
BRCC	5.7	1.5	2.0	1.0	1.0	1.0	1.5	2.0	1.0	0.0	1.5	1.0	1.0	0.5	2.0	0.0	13
BRO	5.3	1.5	1.5	1.0	1.0	0.0	2.0	1.5	1.0	1.0	2.0	1.0	0.0	1.0	1.5	0.0	14
BROS	5.5	2.0	2.0	1.0	0.0	0.0	1.0	2.0	0.5	1.0	2.0	1.0	2.0	1.0	1.0	0.0	14
BRSL	6.3	1.5	2.0	1.0	1.0	0.0	2.0	2.0	2.0	1.5	1.0	1.0	1.0	1.0	2.0	0.0	14
BRSP	4.8	1.5	2.0	1.0	1.5	0.0	2.0	0.5	1.0	0.0	1.5	1.0	0.0	1.0	1.5	0.0	13
BRT	5.2	1.0	1.5	1.0	1.5	0.0	2.0	0.5	1.0	0.0	1.5	1.0	2.0	0.5	2.0	0.0	13
BRX	5.2	2.0	2.0	1.0	1.0	0.0	2.0	0.5	1.5	1.0	2.0	0.0	1.0	1.0	0.0	0.5	14
BSAC	5.3	1.0	1.5	1.0	2.0	0.0	2.0	1.5	2.0	1.5	0.0	1.0	1.0	0.5	0.0	1.0	12
BSBR	4.7	1.0	1.5	1.0	1.0	1.0	2.0	0.5	0.0	1.0	0.0	1.0	1.0	0.5	1.5	1.0	11
BSM	7.0	1.0	1.5	1.0	2.0	2.0	2.0	1.5	1.0	2.0	0.5	1.0	1.0	1.5	2.0	1.0	14
BSX.US	5.5	2.0	2.0	1.0	1.5	0.0	1.5	1.5	0.5	1.5	2.0	1.0	1.0	1.0	0.0	0.0	14
BTG.US	5.8	1.5	2.0	1.0	1.0	1.0	1.0	0.5	2.0	1.5	1.5	2.0	0.0	2.0	0.0	0.5	13
BTGO	5.0	2.0	2.0	1.0	1.5	1.5	0.5	2.0	1.0	0.0	1.0	1.0	0.0	0.0	1.5	0.0	14
BTI	4.5	1.5	2.0	1.0	2.0	0.0	2.0	1.0	1.0	1.0	0.5	0.0	0.0	1.0	0.0	0.5	12
BTU	4.5	1.5	2.0	1.0	0.5	0.0	1.5	0.0	1.0	0.0	2.0	2.0	2.0	0.0	0.0	0.0	14
BUD	5.5	1.5	2.0	1.0	2.0	1.0	2.0	1.5	2.0	1.0	0.0	0.0	0.0	1.0	0.0	1.5	14
BUR	4.5	1.5	2.0	1.0	1.0	0.0	2.0	0.0	1.0	0.0	2.0	1.0	1.0	0.0	1.0	0.0	13
BURL	5.5	1.5	2.0	1.0	1.0	0.0	1.5	2.0	1.0	2.0	2.0	1.0	0.0	1.0	0.0	0.5	14
BV.US	4.7	1.5	2.0	1.0	0.0	0.0	1.5	0.0	1.0	0.5	2.0	1.0	2.0	1.0	0.5	0.0	13
BVN	7.5	1.5	2.0	1.0	1.5	0.0	2.0	2.0	1.0	2.0	1.5	2.0	1.0	1.5	2.0	1.5	13
BW	6.3	2.0	2.0	1.0	0.0	0.0	2.0	2.0	1.0	1.0	2.0	1.0	2.0	0.5	0.5	2.0	12
BWA	7.7	2.0	2.0	1.0	1.5	1.0	2.0	1.5	2.0	1.0	2.0	2.0	2.0	1.0	0.0	2.0	14
BWXT	6.5	2.0	2.0	1.0	1.5	0.0	1.5	2.0	1.5	2.0	2.0	2.0	1.0	1.0	0.0	0.0	14
BX	6.0	1.5	2.0	1.0	1.5	0.0	1.5	2.0	1.5	2.0	2.0	0.0	1.0	1.5	0.5	0.0	14
BXC	5.5	1.5	1.5	1.0	1.0	1.0	2.0	2.0	1.0	0.0	2.0	1.0	1.0	0.5	0.5	0.5	13
BXDC	5.5	1.0	2.0	1.0	1.0	0.5	2.0	2.0	1.0	1.0	2.0	1.0	1.0	1.0	0.0	0.0	9
BXMT	4.2	1.5	2.0	1.0	1.0	0.0	2.0	0.0	0.0	0.5	1.5	1.0	1.0	0.5	0.5	0.0	14
BXP	3.7	1.5	2.0	1.0	0.5	0.0	1.5	0.0	1.0	1.0	2.0	0.0	0.0	0.5	0.0	0.0	14
BXSL	5.3	1.5	1.0	1.0	1.5	0.0	2.0	1.5	1.0	0.5	1.0	1.0	2.0	1.0	1.0	0.0	13
BY	6.7	1.5	1.5	1.0	1.0	1.0	2.0	2.0	1.0	1.0	1.5	1.0	1.0	0.5	2.0	2.0	11
BYD	5.8	1.0	2.0	1.0	1.0	0.0	2.0	1.5	1.0	2.0	2.0	0.0	1.0	1.0	2.0	0.0	14
BZH	6.0	1.0	1.0	1.0	1.0	2.0	2.0	2.0	1.0	0.0	2.0	1.0	1.0	0.0	1.0	2.0	13
C	6.5	2.0	2.0	1.0	2.0	1.0	2.0	1.5	1.0	1.0	2.0	1.0	1.0	0.5	0.0	1.5	12
CAAP	7.2	2.0	2.0	1.0	1.0	0.0	2.0	2.0	1.0	1.5	0.5	2.0	2.0	1.0	2.0	1.5	14
CABO	4.2	0.5	2.0	1.0	0.5	0.0	2.0	1.0	1.0	0.0	2.0	0.0	0.0	1.0	1.5	0.0	14
CACI	6.3	1.5	2.0	1.0	1.0	1.0	1.5	2.0	0.5	1.0	2.0	1.0	2.0	1.0	0.5	1.0	14
CAG	4.0	0.5	1.0	1.0	0.5	0.0	2.0	2.0	1.0	0.0	2.0	1.0	0.0	1.0	0.0	0.0	14
CAH	6.5	2.0	1.5	1.0	1.5	2.0	2.0	2.0	1.5	1.0	2.0	0.0	0.0	1.0	0.0	2.0	13
CAL	5.0	1.0	2.0	1.0	0.5	0.0	2.0	2.0	1.0	1.0	2.0	1.0	0.0	0.5	0.5	0.5	13
CALX.US	6.2	2.0	2.0	1.0	0.5	0.0	1.0	2.0	1.0	1.0	2.0	2.0	2.0	1.0	1.0	0.0	13
CALY	7.0	1.5	2.0	1.0	1.5	0.0	2.0	2.0	1.0	0.5	2.0	1.0	2.0	1.0	1.5	2.0	13
CARR	5.5	1.5	2.0	1.0	1.5	0.0	1.5	1.5	0.5	1.0	2.0	1.0	1.0	1.0	0.5	0.5	14
CARS	5.7	1.5	2.0	1.0	0.5	0.0	1.5	0.5	0.5	1.0	2.0	2.0	2.0	1.0	1.5	0.0	14
CAT	6.7	1.5	2.0	1.0	1.5	0.0	1.5	2.0	1.0	2.0	2.0	1.0	1.0	1.5	0.0	2.0	14
CAVA	5.7	1.5	2.0	1.0	0.5	0.0	1.0	2.0	1.0	1.0	2.0	2.0	1.0	1.0	1.0	0.0	14
CB	6.2	1.0	1.5	1.0	2.0	2.0	1.5	2.0	1.5	1.0	2.0	0.0	0.0	1.0	1.0	1.0	14
CBL.US	6.3	1.5	2.0	1.0	1.0	1.0	2.0	1.0	1.0	2.0	2.0	0.0	0.0	1.0	1.5	2.0	12
CBRE	6.0	1.5	2.0	1.0	2.0	0.0	2.0	2.0	1.0	1.5	2.0	1.0	1.0	1.0	0.0	0.0	14
CBT	5.2	1.0	1.0	1.0	0.5	0.0	2.0	1.5	1.0	1.0	2.0	1.0	1.0	1.5	0.5	0.5	13
CBU	4.7	1.0	1.5	1.0	1.0	0.0	2.0	0.5	1.0	1.0	2.0	1.0	1.0	0.5	0.0	0.5	12
CBZ	6.3	1.0	1.0	1.0	1.5	1.5	2.0	2.0	1.0	1.0	2.0	1.0	2.0	1.0	0.5	0.5	13
CC.US	5.2	1.5	2.0	1.0	0.5	0.0	2.0	2.0	0.5	0.0	2.0	2.0	1.0	0.5	0.0	0.5	14
CCEP	5.7	2.0	1.5	1.0	1.0	1.0	2.0	1.0	0.0	1.5	1.0	0.0	1.0	1.0	2.0	1.0	13
CCI	4.7	1.5	2.0	1.0	1.5	0.0	1.0	2.0	1.0	1.0	2.0	0.0	0.0	1.0	0.0	0.0	13
CCJ	5.5	2.0	2.0	1.0	1.0	0.0	1.5	0.0	1.5	1.0	2.0	1.0	2.0	1.0	0.0	0.5	13
CCL	5.8	2.0	2.0	1.0	1.5	1.0	1.5	1.5	1.5	1.5	2.0	0.0	0.0	1.0	1.0	0.0	14
CCU	4.0	0.0	1.0	1.0	1.5	0.0	1.5	0.5	0.0	1.0	0.5	2.0	2.0	1.0	0.0	0.0	14
CDE	4.8	2.0	2.0	1.0	1.0	0.0	1.5	0.0	1.0	1.0	2.0	1.0	1.0	1.0	0.0	0.0	14
CDP	6.0	1.0	1.5	1.0	1.0	1.0	2.0	1.5	1.0	1.0	2.0	2.0	1.0	1.0	0.0	1.0	14
CDRE	6.3	1.5	2.0	1.0	1.0	0.0	0.5	2.0	1.0	1.0	2.0	2.0	2.0	1.0	2.0	0.0	13
CE	4.7	1.5	2.0	1.0	0.5	0.0	1.0	0.5	1.5	0.0	2.0	1.0	1.0	1.0	0.0	1.0	14
CEPU	6.5	1.5	2.0	1.0	2.0	0.0	2.0	2.0	1.0	1.5	0.0	1.0	2.0	1.0	0.5	2.0	13
CF	6.5	1.0	1.5	1.0	1.0	1.0	1.5	2.0	1.5	2.0	2.0	1.0	1.0	1.5	0.0	1.5	14
CFG	6.0	2.0	2.0	1.0	1.5	0.0	2.0	1.5	1.0	1.0	2.0	1.0	1.0	0.5	0.0	1.5	12
CFR	6.5	1.5	1.5	1.0	1.0	1.0	1.5	1.5	2.0	1.5	2.0	1.0	1.0	0.5	1.0	1.5	12
CGAU	7.5	1.5	1.5	1.0	1.0	1.0	1.5	2.0	1.0	2.0	2.0	2.0	2.0	2.0	0.0	2.0	13
CHCT	6.0	1.5	2.0	1.0	1.5	0.0	2.0	2.0	1.0	0.5	2.0	1.0	1.0	1.0	1.0	0.5	14
CHD	5.7	1.5	1.5	1.0	1.0	1.0	1.5	1.5	1.0	1.5	2.0	1.0	1.0	1.0	0.0	0.5	14
CHE	6.0	1.5	1.5	1.0	1.0	1.0	2.0	1.0	1.0	2.0	2.0	0.0	1.0	1.5	0.5	1.0	13
CHPT	4.5	1.0	1.0	1.0	0.0	2.0	1.5	2.0	1.5	0.0	1.0	1.0	1.0	0.0	0.5	0.0	14
CHWY	4.2	1.5	2.0	1.0	0.5	0.0	1.0	1.0	0.0	2.0	2.0	0.0	0.0	1.0	0.5	0.0	14
CI	6.0	1.5	2.0	1.0	1.5	2.0	1.5	1.5	1.0	1.5	2.0	0.0	1.0	1.0	0.5	0.0	14
CIB	6.3	1.5	1.5	1.0	2.0	1.0	2.0	2.0	1.0	1.5	0.5	1.0	1.0	1.0	0.0	2.0	11
CIM	4.7	1.0	2.0	1.0	1.5	0.0	2.0	0.5	1.0	0.5	1.5	1.0	1.0	0.5	0.5	0.0	13
CINT	5.3	1.5	2.0	1.0	2.0	0.0	1.0	1.0	1.0	1.0	1.0	1.0	2.0	1.0	0.5	0.0	13
CL	6.2	1.5	1.5	1.0	1.5	0.0	2.0	1.5	1.0	2.0	2.0	1.0	1.0	2.0	0.0	0.5	14
CLB	5.2	0.5	1.5	1.0	0.0	0.0	2.0	1.0	1.0	1.0	2.0	2.0	2.0	1.0	0.5	0.0	13
CLF.US	5.2	1.0	1.0	1.0	0.5	2.0	1.5	2.0	1.5	0.0	2.0	2.0	1.0	0.0	0.0	0.0	14
CLH	7.7	2.0	1.5	1.0	1.5	2.0	2.0	1.5	1.0	1.5	2.0	2.0	2.0	1.0	0.5	1.5	14
CLS	7.3	2.0	2.0	1.0	1.5	2.0	1.5	1.5	1.5	2.0	1.5	1.0	1.0	1.5	0.0	2.0	14
CLVT	4.7	1.5	2.0	1.0	0.5	0.0	1.0	2.0	1.0	0.0	2.0	0.0	1.0	0.5	1.5	0.0	13
CLW	5.5	1.0	1.0	1.0	1.5	1.0	2.0	1.0	1.0	0.0	2.0	2.0	2.0	0.0	0.5	0.5	13
CLX	4.3	0.5	1.0	1.0	1.0	0.0	1.5	1.5	1.0	2.0	2.0	0.0	0.0	1.5	0.0	0.0	14
CM	5.5	1.5	1.5	1.0	1.0	1.0	2.0	1.5	0.0	1.5	1.5	1.0	1.0	0.5	0.0	1.5	11
CMBT	6.3	1.5	0.5	1.0	2.0	1.5	2.0	0.0	1.0	2.0	0.5	1.0	1.0	1.0	2.0	2.0	13
CMC	6.2	1.5	2.0	1.0	1.0	0.0	2.0	1.5	1.0	1.0	2.0	2.0	2.0	1.0	0.0	0.5	14
CMCL	7.0	1.5	2.0	1.0	0.5	2.0	2.0	2.0	1.0	2.0	1.5	1.0	1.0	2.0	1.5	0.0	13
CMG	5.7	2.0	2.0	1.0	1.5	0.0	1.5	1.5	1.0	2.0	2.0	0.0	1.0	1.5	0.0	0.0	14
CMI	6.2	2.0	2.0	1.0	1.5	0.0	1.5	0.0	1.5	1.5	2.0	2.0	1.0	1.0	0.0	1.5	14
CMP	6.0	0.5	1.5	1.0	1.0	0.0	2.0	0.5	1.0	1.0	2.0	2.0	1.0	1.0	2.0	1.5	13
CMS	4.8	1.5	1.5	1.0	1.0	0.0	2.0	1.5	2.0	1.0	2.0	0.0	0.0	1.0	0.0	0.0	14
CMT	6.8	1.5	2.0	1.0	1.5	1.0	2.0	0.0	1.0	0.5	2.0	2.0	2.0	1.0	1.5	1.5	13
CMTG	4.3	0.5	2.0	1.0	1.5	0.0	2.0	0.0	1.0	0.0	1.5	1.0	1.0	0.0	1.5	0.0	13
CNA	3.5	0.5	1.0	1.0	0.5	0.0	2.0	0.5	1.0	1.0	2.0	0.0	0.0	0.5	0.0	0.5	13
CNC	6.5	1.5	1.5	1.0	1.5	1.0	2.0	2.0	1.0	0.0	2.0	1.0	2.0	1.0	0.0	2.0	14
CNH.US	6.3	1.5	1.5	1.0	1.0	1.0	1.0	2.0	2.0	0.5	2.0	1.0	1.0	0.5	2.0	1.0	14
CNI	5.7	1.5	1.5	1.0	1.0	1.0	2.0	1.5	1.5	1.5	2.0	0.0	0.0	1.0	0.0	1.5	13
CNK	6.0	1.5	1.0	1.0	0.5	2.0	1.5	1.0	0.0	2.0	2.0	0.0	1.0	1.0	1.5	2.0	14
CNM	5.2	1.5	2.0	1.0	1.0	0.0	1.0	0.5	0.0	1.5	2.0	2.0	2.0	1.0	0.0	0.0	14
CNMD	5.5	1.0	1.0	1.0	1.0	1.0	2.0	2.0	1.0	1.0	2.0	1.0	1.0	1.0	0.0	0.5	13
CNNE	5.0	1.5	1.5	1.0	0.5	2.0	2.0	0.0	1.0	0.0	2.0	1.0	1.0	0.0	1.5	0.0	13
CNO	6.5	1.5	1.5	1.0	1.5	1.0	1.5	2.0	1.0	1.0	2.0	2.0	1.0	0.5	0.5	1.5	14
CNP	4.8	1.5	1.5	1.0	1.0	0.0	1.5	1.5	1.5	1.0	2.0	1.0	0.0	1.0	0.0	0.0	14
CNQ	7.2	1.5	1.5	1.0	1.0	2.0	1.5	2.0	1.5	2.0	2.0	1.0	1.0	1.0	0.5	2.0	13
CNR	5.5	1.0	1.5	1.0	1.0	0.0	2.0	2.0	1.0	0.5	2.0	2.0	2.0	0.0	0.5	0.0	13
CNS	6.3	1.5	2.0	1.0	1.0	0.0	2.0	1.0	1.0	2.0	1.5	1.0	1.0	1.5	2.0	0.5	14
CNX	4.7	0.5	1.5	1.0	0.5	0.0	1.5	2.0	1.0	1.5	2.0	0.0	0.0	1.5	0.5	0.5	14
CODI	7.0	1.5	2.0	1.0	1.0	1.0	2.0	2.0	2.0	0.0	2.0	2.0	1.0	0.5	1.5	1.5	14
COF	5.8	2.0	2.0	1.0	2.0	0.0	1.5	2.0	1.0	1.0	2.0	1.0	1.0	0.5	0.5	0.0	12
COHR	7.0	2.0	2.0	1.0	1.0	1.0	1.0	1.5	1.0	1.0	2.0	2.0	2.0	1.0	0.5	2.0	13
COLD	4.5	1.5	2.0	1.0	1.0	1.0	2.0	0.0	2.0	0.0	2.0	0.0	0.0	0.5	0.0	0.5	14
COMP.US	5.8	2.0	2.0	1.0	1.0	0.0	2.0	2.0	1.0	0.5	2.0	1.0	1.0	0.0	0.5	1.5	14
CON.US	8.2	2.0	1.5	1.0	1.5	2.0	2.0	2.0	1.0	2.0	2.0	1.0	2.0	1.5	1.0	2.0	14
COOK	5.3	1.0	2.0	1.0	1.0	1.0	2.0	0.5	1.0	0.0	2.0	1.0	1.0	0.5	1.5	0.5	13
COP	7.2	2.0	1.5	1.0	2.0	2.0	1.0	1.5	0.5	1.0	2.0	2.0	2.0	1.0	0.0	2.0	14
COR	5.5	1.5	1.5	1.0	1.5	2.0	1.5	1.0	0.5	2.0	2.0	0.0	0.0	1.0	0.5	0.5	14
COTY	3.5	1.0	0.5	1.0	0.5	2.0	1.5	0.0	0.5	0.0	1.0	0.0	0.0	0.5	2.0	0.0	14
COUR	5.3	1.5	2.0	1.0	0.5	0.0	1.0	2.0	1.5	0.0	2.0	2.0	2.0	0.0	0.5	0.0	14
CP	4.5	2.0	1.5	1.0	1.5	0.0	1.0	1.0	1.0	1.0	2.0	0.0	0.0	1.0	0.0	0.5	14
CPA	6.5	2.0	2.0	1.0	1.5	2.0	2.0	1.0	1.0	1.5	2.0	1.0	1.0	1.0	0.0	0.5	14
CPAY	6.3	2.0	1.5	1.0	1.5	1.0	1.5	1.5	1.5	2.0	2.0	0.0	0.0	1.0	0.5	2.0	14
CPF	6.2	1.5	1.5	1.0	1.5	1.0	2.0	1.5	1.0	1.0	2.0	1.0	1.0	0.5	0.5	1.5	11
CPK	4.3	1.5	1.5	1.0	1.0	0.0	2.0	0.5	1.0	1.0	2.0	0.0	0.0	1.0	0.5	0.0	14
CPNG	4.0	1.5	2.0	1.0	1.0	1.0	1.5	0.0	1.0	0.0	2.0	0.0	1.0	0.0	0.0	0.0	14
CPRI	5.3	1.5	2.0	1.0	0.5	1.0	1.5	1.5	1.0	2.0	2.0	1.0	0.0	0.5	0.5	0.0	13
CPS	5.2	1.5	2.0	1.0	1.5	0.0	2.0	0.0	1.0	1.0	1.5	1.0	1.0	1.0	1.0	0.0	12
CPT	4.2	1.5	2.0	1.0	1.5	0.0	1.5	0.0	1.0	1.0	2.0	0.0	0.0	0.5	0.5	0.0	14
CQP	6.8	0.5	1.0	1.0	2.0	1.0	2.0	2.0	1.0	2.0	1.0	1.0	1.0	1.5	2.0	1.5	14
CR	7.8	2.0	2.0	1.0	1.5	1.0	2.0	1.5	1.0	1.5	2.0	2.0	2.0	1.5	1.5	1.0	14
CRBG	5.5	2.0	1.5	1.0	1.5	2.0	1.5	1.0	1.0	1.0	2.0	1.0	0.0	0.5	0.0	0.5	14
CRC	4.2	2.0	2.0	1.0	1.0	0.0	2.0	0.5	0.5	0.0	2.0	0.0	0.0	0.5	0.5	0.5	14
CRCL	4.3	1.5	1.5	1.0	1.0	0.0	0.0	2.0	1.0	1.5	1.5	1.0	0.0	0.5	0.5	0.0	14
CRGY	5.8	1.5	2.0	1.0	0.5	1.0	1.5	2.0	0.5	0.5	2.0	0.0	1.0	1.0	1.0	2.0	14
CRH	6.3	2.0	2.0	1.0	1.5	0.0	1.5	1.0	1.5	1.5	2.0	2.0	2.0	1.0	0.0	0.0	14
CRI	6.7	1.5	2.0	1.0	0.5	0.0	2.0	2.0	1.0	1.5	2.0	2.0	2.0	1.0	0.5	1.0	13
CRK	4.5	1.0	1.5	1.0	0.0	0.0	1.5	2.0	1.0	1.5	1.0	0.0	0.0	1.0	2.0	0.0	14
CRL	6.2	2.0	1.5	1.0	1.0	2.0	1.0	1.5	1.5	0.0	2.0	1.0	1.0	1.0	0.0	2.0	14
CRM	5.8	1.5	1.5	1.0	1.5	2.0	1.0	2.0	1.0	1.5	2.0	0.0	1.0	1.0	0.5	0.0	14
CRS	6.7	2.0	2.0	1.0	1.5	0.0	1.0	1.5	1.0	2.0	2.0	1.0	1.0	1.5	0.5	2.0	14
CSL	6.7	1.5	2.0	1.0	1.0	0.0	2.0	1.5	0.5	2.0	2.0	2.0	2.0	1.5	0.5	0.5	14
CSQR	5.7	2.0	2.0	1.0	1.0	0.5	1.5	1.0	1.0	1.0	2.0	2.0	1.0	1.0	0.0	0.0	9
CSR	4.2	2.0	2.0	1.0	1.0	0.0	1.5	0.0	1.0	0.5	2.0	1.0	0.0	0.5	0.0	0.0	13
CSTM	6.8	1.5	2.0	1.0	1.0	0.0	2.0	2.0	1.0	2.0	2.0	1.0	1.0	1.5	0.5	2.0	14
CSV	5.5	1.5	2.0	1.0	1.5	0.0	2.0	0.5	1.0	1.5	2.0	1.0	1.0	1.0	0.5	0.0	13
CSW	6.7	1.5	2.0	1.0	1.0	0.0	2.0	1.5	1.0	1.0	2.0	2.0	2.0	1.0	0.5	1.5	13
CTEV	4.8	2.0	2.0	1.0	1.0	0.0	2.0	0.0	1.0	1.0	2.0	0.0	1.0	0.5	1.0	0.0	12
CTGO	5.0	1.5	2.0	1.0	1.0	0.0	2.0	2.0	1.0	0.0	1.0	1.0	1.0	0.0	1.5	0.0	14
CTO	7.2	1.5	2.0	1.0	1.5	1.0	2.0	2.0	1.0	1.0	1.5	2.0	2.0	0.5	1.0	1.5	13
CTOS	6.3	2.0	2.0	1.0	1.0	1.0	2.0	2.0	1.0	0.5	2.0	1.0	0.0	1.0	0.5	2.0	13
CTRE	4.8	1.5	2.0	1.0	1.0	0.0	2.0	0.5	0.0	1.0	2.0	1.0	1.0	1.0	0.0	0.5	14
CTRI	5.7	1.0	2.0	1.0	1.0	0.0	1.0	2.0	1.0	0.5	2.0	2.0	2.0	1.0	0.0	0.5	14
CTS	7.5	1.5	2.0	1.0	1.5	1.0	2.0	2.0	1.0	1.0	2.0	2.0	2.0	1.0	0.5	2.0	13
CTVA	6.8	2.0	2.0	1.0	1.5	2.0	0.0	1.0	1.0	1.0	2.0	2.0	2.0	1.0	0.0	2.0	10
CUBE	4.3	1.5	1.5	1.0	1.0	0.0	2.0	1.0	1.0	1.0	2.0	0.0	0.0	1.0	0.0	0.0	14
CUBI	5.5	2.0	2.0	1.0	0.5	0.0	1.5	1.5	0.5	1.0	2.0	1.0	1.0	0.5	1.0	1.0	12
CURB	5.7	1.5	2.0	1.0	0.0	0.0	2.0	1.5	1.0	0.5	2.0	2.0	1.0	0.5	1.0	1.0	14
CURV	6.0	1.0	2.0	1.0	0.5	2.0	2.0	2.0	1.0	1.0	2.0	0.0	0.0	0.5	1.0	2.0	12
CUZ	4.2	1.0	1.5	1.0	0.5	1.0	2.0	1.0	1.0	0.5	2.0	0.0	0.0	0.5	0.0	0.5	14
CVE	8.7	2.0	1.5	1.0	1.0	2.0	2.0	2.0	2.0	1.5	1.5	2.0	2.0	1.5	2.0	2.0	13
CVEO	6.2	2.0	2.0	1.0	0.5	1.0	1.5	0.0	1.0	0.0	2.0	2.0	2.0	0.5	1.0	2.0	13
CVI.US	5.3	0.5	0.0	1.0	0.5	1.5	1.0	2.0	1.0	1.5	2.0	1.0	1.0	1.0	0.0	2.0	14
CVLG	6.2	2.0	2.0	1.0	1.0	0.0	1.5	1.0	1.0	0.5	2.0	1.0	1.0	0.5	2.0	2.0	14
CVNA	6.3	2.0	2.0	1.0	0.5	0.0	1.5	2.0	1.0	2.0	2.0	1.0	2.0	1.5	0.5	0.0	14
CVR.THS	5.0	1.0	1.0	1.0	1.0	1.0	1.0	1.0	1.0	1.0	1.0	1.0	1.0	1.0	1.0	1.0	0
CVS	6.0	2.0	2.0	1.0	2.0	0.0	2.0	2.0	1.5	1.0	2.0	0.0	1.0	1.0	0.0	0.5	14
CVSA	6.7	2.0	2.0	1.0	1.0	2.0	1.5	2.0	1.0	1.5	2.0	1.0	1.0	1.5	0.5	0.0	13
CVX.US	7.3	2.0	1.5	1.0	2.0	2.0	2.0	2.0	1.0	1.0	2.0	1.0	1.0	1.0	0.5	2.0	14
CW	6.3	2.0	2.0	1.0	1.5	0.0	1.5	1.5	0.5	1.5	2.0	2.0	2.0	1.5	0.0	0.0	14
CWEN	4.3	2.0	2.0	1.0	1.0	0.0	1.5	0.0	1.0	0.0	2.0	1.0	1.0	0.5	0.0	0.0	14
CWH	4.5	2.0	2.0	1.0	0.5	0.0	1.5	1.5	1.0	0.0	2.0	1.0	0.0	0.5	0.5	0.0	14
CWK.US	5.0	1.5	2.0	1.0	1.0	0.0	1.5	1.5	1.0	0.5	2.0	1.0	1.0	1.0	0.0	0.0	13
CWT	4.0	1.5	1.5	1.0	1.0	0.0	2.0	0.0	1.0	1.0	2.0	0.0	0.0	1.0	0.0	0.0	13
CX	4.2	1.5	2.0	1.0	1.0	0.0	2.0	0.0	1.0	0.5	1.0	0.0	1.0	1.0	0.0	0.5	13
CXM	5.8	1.0	2.0	1.0	0.5	0.0	1.5	2.0	1.0	0.5	2.0	2.0	2.0	1.0	1.0	0.0	13
CXT	6.3	2.0	2.0	1.0	0.5	1.0	1.5	1.5	1.0	1.0	2.0	1.0	2.0	1.0	1.5	0.0	13
CXW	6.8	1.5	2.0	1.0	0.5	1.0	2.0	2.0	1.0	1.0	2.0	1.0	2.0	1.0	0.5	2.0	13
CYD	5.5	1.5	2.0	1.0	1.5	0.0	2.0	1.0	1.0	1.0	0.5	1.0	1.0	1.0	2.0	0.0	9
CYH	6.3	1.5	2.0	1.0	0.5	0.0	1.5	2.0	1.0	1.0	2.0	2.0	2.0	1.0	1.5	0.0	13
D	4.8	1.5	2.0	1.0	1.5	0.0	1.5	1.5	1.0	1.0	2.0	0.0	0.0	1.0	0.0	0.5	13
DAC	5.8	1.5	0.5	1.0	0.5	1.5	2.0	1.0	1.0	1.0	0.5	1.0	1.0	1.0	2.0	2.0	13
DAL	6.5	2.0	2.0	1.0	1.5	1.0	2.0	1.5	1.0	1.5	2.0	0.0	0.0	1.0	1.0	2.0	14
DAN	5.5	1.5	2.0	1.0	1.0	0.0	2.0	0.0	1.5	0.0	2.0	1.0	1.0	1.0	0.5	2.0	14
DAR	7.2	2.0	2.0	1.0	1.5	1.0	1.5	2.0	1.0	1.0	2.0	2.0	1.0	1.0	0.5	2.0	14
DAVA	4.5	1.0	2.0	1.0	1.5	0.0	2.0	0.0	1.0	0.0	1.0	2.0	1.0	0.5	0.5	0.0	13
DB	5.7	2.0	2.0	1.0	2.0	0.0	1.5	1.5	1.0	1.0	1.5	1.0	1.0	0.5	1.0	0.0	11
DBD	5.8	1.5	2.0	1.0	0.5	0.0	2.0	2.0	1.0	1.0	2.0	1.0	1.0	1.0	0.5	1.0	13
DBI	5.7	1.0	1.5	1.0	0.0	0.0	2.0	2.0	1.0	1.0	2.0	1.0	0.0	1.0	1.5	2.0	13
DCH.US	5.0	1.5	2.0	1.0	1.0	0.0	0.5	2.0	1.0	0.0	2.0	1.0	1.0	1.0	0.5	0.5	14
DCI	6.3	1.0	1.5	1.0	1.5	0.0	2.0	1.0	1.0	2.0	2.0	2.0	2.0	1.5	0.0	0.5	14
DCO	6.2	2.0	2.0	1.0	1.0	1.0	1.5	1.5	1.0	0.0	2.0	1.0	1.0	1.0	0.5	2.0	14
DCOM	5.8	1.5	2.0	1.0	0.5	1.0	2.0	1.0	1.0	1.0	2.0	1.0	1.0	0.5	0.5	1.5	12
DD	6.5	1.5	2.0	1.0	1.5	0.0	2.0	1.5	0.5	0.5	2.0	2.0	2.0	1.0	0.0	2.0	14
DDS	6.5	0.5	0.5	1.0	0.0	2.0	1.5	2.0	1.0	2.0	2.0	1.0	2.0	1.5	2.0	0.5	13
DE	7.5	1.5	1.5	1.0	1.5	2.0	1.0	2.0	1.5	1.5	2.0	2.0	2.0	1.0	0.0	2.0	14
DEA	3.8	0.5	1.5	1.0	1.0	0.0	2.0	0.0	1.0	0.5	2.0	0.0	0.0	0.5	1.0	0.5	13
DECK	6.3	1.5	2.0	1.0	1.0	0.0	1.0	2.0	0.5	2.0	2.0	2.0	2.0	2.0	0.0	0.0	14
DEI	4.3	1.0	2.0	1.0	0.0	0.0	2.0	2.0	1.0	0.0	2.0	0.0	1.0	0.5	0.5	0.0	14
DELL	6.7	2.0	1.0	1.0	1.5	2.0	1.5	2.0	0.5	1.0	2.0	0.0	1.0	1.5	1.0	2.0	13
DEO	5.5	2.0	2.0	1.0	2.0	1.0	2.0	1.0	1.0	1.0	0.5	2.0	0.0	1.0	0.0	0.0	12
DFIN	6.8	1.5	1.5	1.0	1.0	2.0	2.0	2.0	1.0	1.0	2.0	1.0	2.0	1.5	1.0	0.0	14
DG.US	6.2	1.5	1.5	1.0	1.5	1.0	1.5	2.0	1.5	1.5	2.0	1.0	0.0	1.0	0.0	1.5	14
DGX	6.8	1.5	1.5	1.0	1.5	1.0	2.0	1.5	1.0	1.0	2.0	2.0	2.0	1.0	0.0	1.5	14
DHI	4.8	1.0	1.5	1.0	1.5	0.0	1.0	1.5	0.5	1.0	2.0	1.0	0.0	1.0	1.5	0.0	14
DHR	7.5	2.0	1.5	1.0	2.0	2.0	1.5	1.5	1.0	1.0	2.0	2.0	2.0	1.0	1.5	0.5	14
DHT	6.8	1.5	0.5	1.0	0.5	1.5	1.5	2.0	1.0	2.0	2.0	1.0	1.0	2.0	1.0	2.0	14
DIN	5.2	1.0	2.0	1.0	0.5	0.0	2.0	1.5	1.0	1.0	2.0	0.0	1.0	1.0	0.5	1.0	12
DINO	7.5	1.5	1.0	1.0	1.0	1.5	1.0	2.0	1.5	1.5	2.0	2.0	2.0	1.5	1.0	2.0	14
DIS	6.0	2.0	1.5	1.0	2.0	2.0	2.0	1.5	1.0	1.0	2.0	0.0	1.0	1.0	0.0	0.0	14
DK	5.8	1.5	1.0	1.0	0.5	2.0	1.0	2.0	1.0	2.0	2.0	0.0	0.0	1.0	0.5	2.0	14
DKL	5.7	1.0	1.0	1.0	2.0	2.0	2.0	0.0	1.0	1.0	0.5	0.0	1.0	1.0	2.0	1.5	12
DKS	4.7	1.5	2.0	1.0	0.5	0.0	1.0	1.5	0.5	1.5	2.0	1.0	0.0	1.0	0.5	0.0	14
DLB	5.5	1.5	2.0	1.0	0.5	0.0	2.0	2.0	1.0	1.0	2.0	1.0	1.0	1.0	0.5	0.0	13
DLR	5.3	2.0	2.0	1.0	1.5	0.0	2.0	1.5	1.5	0.5	2.0	0.0	1.0	0.5	0.0	0.5	14
DLX	6.3	1.5	2.0	1.0	0.5	0.0	2.0	2.0	2.0	1.0	2.0	1.0	1.0	1.0	0.5	1.5	14
DNA	3.8	0.5	0.0	1.0	0.5	2.0	1.0	1.0	1.0	0.0	2.0	1.0	1.0	0.0	0.5	0.0	13
DNN	4.8	2.0	2.0	1.0	1.0	0.0	2.0	2.0	1.0	0.0	1.5	1.0	1.0	0.0	0.0	0.0	13
DNOW	5.3	1.5	1.5	1.0	1.0	1.0	2.0	0.5	0.0	0.0	2.0	2.0	2.0	0.5	0.5	0.5	14
DOC	6.0	1.0	2.0	1.0	1.5	0.0	2.0	2.0	1.0	0.5	2.0	2.0	2.0	0.5	0.0	0.5	14
DOCN	7.7	2.0	2.0	1.0	1.0	1.0	1.5	2.0	1.0	2.0	2.0	1.0	2.0	1.0	1.5	2.0	13
DOCS	5.7	1.5	1.0	1.0	1.0	2.0	1.0	1.5	0.5	1.5	2.0	1.0	1.0	1.5	0.5	0.0	14
DOLE	5.5	1.0	1.5	1.0	1.5	0.0	2.0	0.5	1.0	1.0	2.0	1.0	1.0	1.0	1.5	0.5	13
DOV	6.5	2.0	2.0	1.0	1.5	0.0	1.5	1.0	1.0	1.0	2.0	2.0	2.0	1.0	0.5	1.0	14
DOW	5.2	1.0	2.0	1.0	1.0	0.0	1.5	2.0	0.0	0.0	2.0	2.0	1.0	0.5	0.0	1.5	14
DQ	4.5	1.5	2.0	1.0	0.5	0.0	2.0	0.0	1.0	0.0	1.5	1.0	1.0	0.0	2.0	0.0	13
DRD	5.5	1.5	2.0	1.0	1.5	0.0	2.0	1.0	1.0	2.0	0.5	1.0	1.0	2.0	0.0	0.0	12
DRI	5.2	2.0	1.5	1.0	1.0	0.0	2.0	1.0	1.5	2.0	2.0	0.0	0.0	1.0	0.0	0.5	14
DT	6.3	2.0	1.0	1.0	1.0	1.5	1.0	1.5	1.5	1.0	2.0	1.0	2.0	1.0	0.0	1.5	14
DTE	4.3	1.5	1.5	1.0	1.5	0.0	1.5	1.5	0.5	1.0	2.0	0.0	0.0	1.0	0.0	0.0	14
DTM	6.0	1.5	2.0	1.0	1.0	0.0	1.5	1.5	2.0	1.0	2.0	1.0	2.0	1.0	0.0	0.5	14
DUK	4.8	1.5	1.5	1.0	1.5	0.0	2.0	1.5	1.5	1.0	2.0	0.0	0.0	1.0	0.0	0.0	14
DV	5.5	1.0	1.0	1.0	1.0	2.0	2.0	0.0	1.0	1.0	2.0	1.0	1.0	1.0	0.5	1.0	13
DVA	7.3	1.5	2.0	1.0	0.5	1.0	1.5	1.5	2.0	2.0	1.0	1.0	2.0	1.0	2.0	2.0	14
DVN	6.5	2.0	2.0	1.0	1.5	2.0	1.5	1.5	1.0	1.0	2.0	0.0	1.0	1.0	0.0	2.0	14
DX	4.2	1.5	1.5	1.0	1.0	0.0	2.0	1.0	1.0	1.5	1.0	0.0	0.0	1.0	0.0	0.0	13
DXC	5.0	1.0	0.5	1.0	0.5	2.0	1.0	1.5	1.0	0.5	2.0	1.0	2.0	0.5	0.5	0.0	13
DY	6.2	2.0	2.0	1.0	1.0	0.0	1.5	2.0	1.0	1.5	2.0	2.0	1.0	1.0	0.5	0.0	14
E	4.8	1.0	0.5	1.0	2.0	2.0	1.0	1.0	0.0	1.0	0.0	1.0	1.0	1.0	0.0	2.0	13
EAF	4.8	1.0	0.5	1.0	1.0	1.0	2.0	0.0	1.0	1.0	1.0	1.0	2.0	0.0	2.0	0.0	12
EAT	6.0	2.0	2.0	1.0	0.5	1.0	1.0	1.5	1.0	2.0	2.0	0.0	0.0	1.5	0.5	2.0	14
EBS	5.3	1.0	2.0	1.0	0.5	1.0	2.0	2.0	1.0	0.0	2.0	1.0	1.0	1.0	0.5	0.0	13
EC	5.8	0.5	0.5	1.0	1.5	1.0	1.5	2.0	1.0	1.5	0.0	2.0	2.0	1.0	0.0	2.0	14
ECG	8.0	2.0	2.0	1.0	1.5	0.0	2.0	2.0	2.0	2.0	2.0	2.0	2.0	1.5	0.0	2.0	14
ECL	7.0	2.0	1.5	1.0	1.5	2.0	1.5	1.0	1.5	1.5	2.0	2.0	2.0	1.0	0.0	0.5	14
ECVT	7.0	2.0	2.0	1.0	1.5	0.0	2.0	2.0	1.0	0.5	2.0	2.0	2.0	1.0	0.5	1.5	13
ED	4.8	0.5	1.0	1.0	1.5	0.0	1.5	1.5	1.0	1.0	2.0	1.0	1.0	1.0	0.0	0.5	14
EDU	6.3	1.5	2.0	1.0	1.5	2.0	1.0	2.0	1.0	1.0	1.0	1.0	2.0	1.0	0.5	0.5	13
EE	6.3	1.5	2.0	1.0	0.5	0.0	2.0	1.0	1.0	1.0	2.0	2.0	2.0	1.0	0.5	1.5	14
EFC	5.5	2.0	2.0	1.0	1.0	0.0	2.0	2.0	1.0	1.0	1.5	1.0	1.0	0.5	0.5	0.0	13
EFOR	5.8	1.5	1.5	1.0	0.5	2.0	1.5	0.5	1.0	0.5	2.0	2.0	2.0	1.0	0.5	0.0	13
EFX	5.0	1.5	2.0	1.0	1.0	0.0	1.0	1.5	2.0	1.0	2.0	0.0	1.0	1.0	0.0	0.0	14
EFXT	6.2	1.5	2.0	1.0	1.0	2.0	2.0	0.0	1.5	0.5	2.0	1.0	1.0	1.0	0.0	2.0	13
EG	5.2	1.5	1.5	1.0	1.0	2.0	2.0	0.5	1.5	1.0	2.0	0.0	0.0	1.0	0.0	0.5	14
EGHT	6.7	1.5	2.0	1.0	1.5	2.0	2.0	2.0	1.0	0.5	2.0	1.0	1.0	1.0	0.5	1.0	13
EGO	6.3	2.0	2.0	1.0	1.0	0.0	1.5	1.5	2.0	1.0	2.0	1.0	1.0	1.0	0.5	1.5	13
EGP.US	5.0	1.5	1.5	1.0	1.0	0.0	2.0	1.0	1.5	1.0	2.0	0.0	0.0	1.0	0.5	1.0	14
EGY	5.0	1.5	2.0	1.0	1.0	2.0	2.0	0.0	1.0	0.0	2.0	0.0	0.0	0.0	0.5	2.0	14
EHC	6.7	2.0	1.5	1.0	1.5	2.0	2.0	1.5	1.0	1.5	2.0	1.0	1.0	1.5	0.0	0.5	14
EIG	5.3	1.5	1.5	1.0	0.5	2.0	2.0	0.0	1.0	0.5	2.0	1.0	1.0	0.5	0.5	1.0	13
EIX	4.2	0.5	1.5	1.0	1.0	0.0	1.5	2.0	0.0	1.5	2.0	0.0	0.0	1.0	0.0	0.5	14
EL	5.8	1.5	1.5	1.0	1.5	1.0	1.5	2.0	1.5	0.5	2.0	1.0	1.0	1.0	0.0	0.5	14
ELAN	5.5	2.0	2.0	1.0	0.5	0.0	1.5	2.0	0.5	0.0	2.0	2.0	1.0	0.5	0.5	1.0	14
ELF	6.5	1.5	1.0	1.0	1.0	2.0	1.0	2.0	1.5	1.0	2.0	2.0	2.0	1.0	0.5	0.0	14
ELS	4.5	1.5	1.5	1.0	1.0	0.0	2.0	1.5	0.5	1.5	2.0	0.0	0.0	1.0	0.0	0.0	14
ELV	6.8	1.5	1.5	1.0	1.5	2.0	1.5	2.0	1.0	1.0	2.0	2.0	2.0	1.0	0.0	0.5	14
EMA	5.0	2.0	2.0	1.0	1.0	0.0	2.0	1.5	2.0	1.0	1.5	0.0	0.0	1.0	0.0	0.0	13
EMBJ	6.0	2.0	2.0	1.0	2.0	1.0	1.5	1.0	1.0	1.0	1.0	1.0	1.0	1.0	0.0	1.5	14
EME	7.3	1.5	2.0	1.0	1.5	2.0	1.5	2.0	1.0	2.0	2.0	1.0	2.0	1.5	0.0	1.0	13
EMN	5.7	2.0	2.0	1.0	1.0	0.0	2.0	1.5	1.0	1.0	2.0	1.0	1.0	1.0	0.0	0.5	14
EMR	6.0	1.5	1.5	1.0	2.0	2.0	1.5	1.0	1.0	1.0	2.0	0.0	1.0	1.0	0.0	1.5	14
ENB	5.0	1.5	1.5	1.0	2.0	0.0	2.0	1.5	2.0	1.0	1.5	0.0	0.0	1.0	0.0	0.0	14
ENIC	4.8	1.0	1.5	1.0	1.0	2.0	2.0	1.0	1.0	1.0	0.0	0.0	1.0	1.0	0.0	1.0	11
ENOV	5.2	2.0	2.0	1.0	0.5	0.0	1.0	2.0	1.0	0.0	2.0	2.0	1.0	0.5	0.5	0.0	14
ENR	6.3	1.5	0.5	1.0	0.5	1.0	2.0	2.0	1.0	2.0	2.0	2.0	1.0	1.0	1.5	0.0	13
ENS.US	7.2	2.0	2.0	1.0	1.0	0.0	2.0	2.0	0.5	1.5	2.0	2.0	2.0	1.0	0.5	2.0	14
ENVA	6.3	2.0	2.0	1.0	0.5	0.0	1.5	1.5	1.0	2.0	2.0	1.0	1.0	1.0	0.5	2.0	14
EOG	7.2	1.5	1.5	1.0	1.5	2.0	1.5	1.5	0.5	1.5	2.0	2.0	2.0	1.5	0.0	1.5	14
EPAM	5.0	1.0	0.5	1.0	0.5	1.0	1.5	1.5	0.0	1.0	2.0	2.0	1.0	1.5	0.5	0.0	14
EPC	6.2	1.5	1.5	1.0	0.5	1.0	2.0	1.5	1.0	0.0	2.0	2.0	1.0	1.0	0.5	2.0	14
EPD	5.2	1.0	1.5	1.0	1.5	0.0	2.0	1.0	0.5	1.5	0.5	0.0	1.0	1.0	2.0	1.0	14
EPM	4.3	1.5	2.0	1.0	1.0	1.0	2.0	0.0	1.0	0.0	1.0	0.0	1.0	0.5	1.0	0.0	13
EPR	6.2	1.5	1.5	1.0	0.5	0.0	2.0	1.5	1.5	1.0	2.0	2.0	2.0	1.0	0.5	0.5	14
EPRT	5.5	2.0	2.0	1.0	1.0	0.0	2.0	1.5	1.0	1.0	2.0	1.0	1.0	1.0	0.0	0.0	14
EQBK	5.8	1.0	1.5	1.0	1.5	1.0	2.0	1.5	1.0	0.5	1.5	1.0	1.0	0.5	1.5	1.0	11
EQH	6.2	2.0	1.5	1.0	1.5	2.0	2.0	1.0	1.0	0.0	2.0	2.0	2.0	0.0	0.0	0.5	14
EQNR	6.0	0.5	0.5	1.0	1.5	2.0	2.0	1.5	2.0	1.5	0.0	1.0	1.0	1.5	0.0	2.0	14
EQT	5.8	2.0	2.0	1.0	1.5	1.0	1.0	2.0	1.5	1.0	2.0	0.0	1.0	1.0	0.0	0.5	14
EQX	5.7	2.0	2.0	1.0	1.0	0.0	1.5	2.0	1.5	1.0	1.5	1.0	1.0	1.0	0.5	0.0	13
ERO	6.5	1.5	1.0	1.0	1.0	2.0	1.5	1.5	0.0	2.0	2.0	1.0	1.0	1.5	0.5	2.0	13
EROC	6.5	2.0	2.0	1.0	0.0	0.5	2.0	2.0	1.0	1.0	2.0	1.0	2.0	1.0	2.0	0.0	12
EROK	7.0	1.5	2.0	1.0	1.5	0.5	2.0	2.0	1.0	1.0	2.0	2.0	1.0	1.0	2.0	0.5	12
ES	4.7	1.0	1.5	1.0	1.5	0.0	2.0	1.5	1.5	1.0	2.0	0.0	0.0	1.0	0.0	0.0	14
ESAB	5.5	2.0	2.0	1.0	1.0	0.0	1.5	1.0	0.0	1.0	2.0	2.0	1.0	1.0	1.0	0.0	14
ESE	6.0	1.5	2.0	1.0	1.5	0.0	2.0	2.0	1.0	1.0	2.0	1.0	1.0	1.0	0.0	1.0	13
ESI	8.0	1.5	2.0	1.0	1.5	2.0	2.0	1.5	1.5	1.0	2.0	2.0	2.0	1.0	1.0	2.0	14
ESNT	6.7	1.5	1.5	1.0	1.5	1.0	2.0	1.5	0.5	1.0	2.0	2.0	2.0	1.0	1.0	0.5	14
ESRT	5.5	0.5	1.5	1.0	1.0	1.0	2.0	1.0	1.0	0.5	2.0	1.0	2.0	1.0	1.0	0.0	13
ESS	4.2	1.5	1.5	1.0	1.0	0.0	2.0	0.0	1.0	1.0	2.0	0.0	0.0	1.0	0.0	0.5	14
ESTC	7.3	1.5	1.5	1.0	1.5	2.0	1.0	2.0	1.5	2.0	2.0	2.0	2.0	0.0	1.5	0.5	14
ET	6.3	2.0	1.5	1.0	2.0	1.0	2.0	1.0	0.5	1.0	1.0	1.0	1.0	1.0	1.5	1.5	14
ETD	5.7	1.0	1.5	1.0	0.5	0.0	2.0	1.5	1.0	1.0	2.0	2.0	1.0	1.0	1.5	0.0	13
ETN	6.3	2.0	2.0	1.0	1.5	1.0	2.0	1.0	1.0	1.5	2.0	1.0	1.0	1.0	0.0	1.0	14
ETR	5.2	2.0	1.5	1.0	1.5	0.0	1.5	1.5	1.0	1.0	2.0	0.0	1.0	1.0	0.0	0.5	13
ETSY	5.3	1.5	1.5	1.0	0.5	1.0	1.5	0.0	1.5	1.0	2.0	1.0	1.0	1.5	0.5	0.5	13
EVEX	4.2	1.5	2.0	1.0	0.5	0.0	0.5	1.5	1.0	0.0	0.5	1.0	1.0	0.0	2.0	0.0	13
EVH	5.5	2.0	2.0	1.0	0.5	1.0	1.0	2.0	1.5	0.0	2.0	1.0	2.0	0.0	0.5	0.0	14
EVI	6.3	1.5	2.0	1.0	1.5	2.0	2.0	0.0	1.0	1.0	1.0	2.0	1.0	1.0	2.0	0.0	13
EVR	7.0	1.5	2.0	1.0	1.5	0.0	1.5	2.0	1.0	2.0	2.0	2.0	2.0	2.0	0.5	0.0	14
EVRG	4.7	1.5	1.5	1.0	0.5	0.0	2.0	1.0	2.0	1.0	2.0	0.0	0.0	1.0	0.0	0.5	14
EVTC	6.2	1.0	1.5	1.0	1.0	1.0	2.0	1.5	1.0	1.0	2.0	2.0	2.0	1.0	0.5	0.0	13
EW	6.0	1.5	1.5	1.0	2.0	0.0	1.5	1.5	1.5	1.0	2.0	1.0	1.0	1.5	0.0	1.0	14
EXE	5.7	2.0	2.0	1.0	1.5	0.0	1.5	2.0	1.5	1.0	2.0	0.0	1.0	1.5	0.0	0.0	14
EXK	5.5	2.0	2.0	1.0	1.0	0.0	2.0	0.0	0.0	1.0	1.5	2.0	2.0	1.5	0.0	0.5	13
EXP	5.8	1.0	2.0	1.0	1.0	0.0	1.5	1.5	0.5	2.0	2.0	1.0	2.0	1.5	0.5	0.0	14
EXPD	7.8	1.0	1.0	1.0	1.5	2.0	1.5	2.0	1.5	2.0	2.0	2.0	2.0	2.0	0.0	2.0	14
EXR	4.7	1.5	1.5	1.0	1.5	0.0	2.0	1.0	1.5	1.0	2.0	0.0	0.0	1.0	0.0	0.0	14
F	5.2	1.5	2.0	1.0	1.5	0.0	1.5	2.0	1.5	0.0	1.5	1.0	1.0	0.5	0.0	0.5	14
FAF	5.3	2.0	2.0	1.0	1.0	0.0	2.0	2.0	1.0	1.0	2.0	0.0	0.0	1.0	0.5	0.5	14
FBIN	5.8	1.5	2.0	1.0	1.0	0.0	1.0	2.0	2.0	1.0	2.0	2.0	1.0	1.0	0.0	0.0	14
FBK	5.3	1.5	2.0	1.0	1.0	0.0	2.0	1.5	1.0	1.0	2.0	1.0	1.0	0.5	0.5	0.0	12
FBP	6.3	1.5	1.5	1.0	1.0	1.0	2.0	2.0	1.0	1.5	2.0	1.0	1.0	0.5	0.5	1.5	12
FBRT	4.0	1.5	2.0	1.0	0.5	0.0	2.0	0.0	0.0	0.5	1.5	1.0	1.0	0.5	0.5	0.0	14
FC	4.7	1.5	2.0	1.0	1.0	0.0	2.0	0.0	1.0	0.5	2.0	0.0	0.0	1.0	1.5	0.5	13
FCF	5.7	1.5	2.0	1.0	1.0	1.0	2.0	1.0	0.0	1.0	2.0	1.0	1.0	0.5	0.5	1.5	12
FCN	5.8	1.0	1.5	1.0	0.5	0.0	2.0	1.5	1.0	1.5	2.0	2.0	2.0	1.0	0.5	0.0	13
FCPT	4.7	1.0	2.0	1.0	1.5	0.0	2.0	1.0	1.0	1.0	2.0	0.0	0.0	1.0	0.5	0.0	14
FCX	6.8	2.0	1.5	1.0	1.5	1.0	1.5	2.0	1.0	1.0	2.0	2.0	1.0	1.0	0.0	2.0	14
FDS	5.5	1.0	1.0	1.0	0.5	2.0	1.5	1.0	1.5	2.0	2.0	0.0	1.0	1.5	0.0	0.5	14
FDX	7.2	2.0	2.0	1.0	1.5	0.0	2.0	1.5	1.5	1.0	2.0	1.0	2.0	1.0	1.0	2.0	14
FDXF	6.8	1.5	1.5	1.0	1.5	0.5	1.0	1.0	2.0	2.0	1.5	2.0	2.0	1.0	2.0	0.0	13
FE	4.7	1.5	1.5	1.0	1.0	0.0	2.0	1.0	2.0	1.0	2.0	0.0	0.0	1.0	0.0	0.0	14
FG	4.0	1.0	2.0	1.0	0.5	0.0	2.0	0.5	1.0	1.0	2.0	0.0	0.0	0.5	0.5	0.0	14
FHI	6.5	1.5	1.5	1.0	1.0	0.0	2.0	2.0	1.0	2.0	2.0	2.0	1.0	1.5	0.5	0.5	14
FHN	5.2	1.5	1.5	1.0	1.5	0.0	2.0	1.5	0.5	1.0	2.0	1.0	1.0	0.5	0.0	0.5	12
FICO	5.5	2.0	2.0	1.0	0.5	0.0	1.0	1.5	0.0	1.0	2.0	1.0	2.0	2.0	0.5	0.0	13
FIG	5.0	1.5	2.0	1.0	0.5	0.0	1.5	2.0	1.0	0.0	2.0	2.0	1.0	0.0	0.5	0.0	14
FIGS	6.7	1.5	2.0	1.0	0.5	2.0	1.5	2.0	1.0	1.0	2.0	1.0	1.0	1.0	0.5	2.0	13
FINV	5.8	1.5	2.0	1.0	1.5	0.0	2.0	1.5	1.0	1.0	1.0	1.0	1.0	1.5	1.5	0.0	13
FIS.US	4.3	1.0	2.0	1.0	1.5	0.0	1.5	1.0	0.5	1.5	2.0	0.0	0.0	1.0	0.0	0.0	14
FITB	5.5	2.0	2.0	1.0	1.5	0.0	2.0	0.5	1.0	1.0	2.0	1.0	1.0	0.5	0.0	1.0	12
FIX	8.2	2.0	2.0	1.0	1.5	2.0	1.5	2.0	1.0	2.0	2.0	1.0	2.0	2.0	0.5	2.0	13
FLG	5.3	2.0	2.0	1.0	0.5	0.0	1.5	2.0	1.5	0.5	2.0	1.0	1.0	0.5	0.0	0.5	12
FLO	4.0	0.5	1.0	1.0	0.0	0.0	2.0	2.0	1.0	0.5	2.0	0.0	0.0	1.0	1.0	0.0	13
FLR.US	5.7	1.5	2.0	1.0	0.5	1.0	1.5	1.0	1.0	0.0	2.0	2.0	2.0	0.0	0.5	1.0	14
FLS	6.8	1.5	2.0	1.0	1.0	0.0	1.5	2.0	1.0	1.5	2.0	2.0	2.0	1.0	0.0	2.0	13
FMC	5.5	1.0	2.0	1.0	0.0	0.0	1.0	2.0	1.0	0.0	2.0	2.0	2.0	0.5	2.0	0.0	14
FMS	4.2	1.0	1.5	1.0	1.0	0.0	2.0	2.0	0.0	1.0	0.0	1.0	1.0	1.0	0.0	0.0	13
FMX	5.7	1.5	2.0	1.0	1.0	1.0	2.0	2.0	0.0	1.0	1.0	1.0	1.0	1.0	0.0	1.5	13
FN	7.2	2.0	2.0	1.0	1.0	1.0	1.5	1.5	1.0	1.5	2.0	2.0	2.0	1.5	0.0	1.5	13
FNB	5.2	1.5	1.5	1.0	1.0	0.0	2.0	1.5	0.5	1.0	2.0	1.0	1.0	0.5	0.5	0.5	12
FND	4.7	1.5	2.0	1.0	0.5	0.0	1.0	1.5	1.0	1.0	2.0	1.0	0.0	1.0	0.5	0.0	14
FNF	4.8	1.5	2.0	1.0	1.5	0.0	2.0	1.0	1.0	1.0	2.0	0.0	0.0	0.5	1.0	0.0	13
FNV	6.2	1.5	2.0	1.0	1.0	1.0	1.5	1.5	1.0	1.5	2.0	1.0	1.0	1.5	0.0	1.0	13
FOIL	4.3	1.5	2.0	1.0	1.0	1.0	2.0	1.0	1.0	0.5	0.0	0.0	0.0	0.5	1.5	0.0	11
FOUR	5.2	1.5	2.0	1.0	0.5	0.0	0.5	1.0	1.0	1.0	2.0	1.0	1.0	1.0	2.0	0.0	14
FPI	5.0	1.0	1.0	1.0	0.5	1.0	2.0	2.0	1.0	1.0	1.5	1.0	0.0	0.5	1.0	0.5	13
FPS	6.3	2.0	2.0	1.0	0.5	1.5	1.0	1.5	0.5	1.5	2.0	2.0	1.0	1.0	0.0	1.5	14
FR.US	6.5	2.0	2.0	1.0	1.5	0.0	2.0	2.0	1.0	1.0	2.0	1.0	2.0	1.0	0.0	1.0	14
FRO	7.0	1.5	1.0	1.0	1.0	1.5	1.0	0.5	1.0	2.0	1.0	2.0	2.0	1.5	2.0	2.0	14
FRT	5.5	1.5	1.5	1.0	1.0	0.0	2.0	2.0	1.5	1.0	2.0	0.0	1.0	1.0	0.5	0.5	14
FSK	4.5	1.0	1.5	1.0	1.0	0.0	1.5	0.5	1.0	0.0	1.0	2.0	2.0	1.0	0.0	0.0	13
FSM	6.2	1.5	2.0	1.0	1.0	1.0	2.0	0.5	1.0	1.5	2.0	1.0	1.0	2.0	0.0	1.0	13
FSS	6.8	2.0	2.0	1.0	1.0	0.0	2.0	2.0	1.0	1.5	2.0	2.0	2.0	1.5	0.5	0.0	13
FTAI	6.0	2.0	2.0	1.0	1.0	0.0	1.5	0.0	1.0	2.0	2.0	1.0	2.0	1.5	0.5	0.5	14
FTI	7.3	2.0	1.5	1.0	1.5	1.0	2.0	2.0	1.0	2.0	2.0	1.0	1.0	1.5	0.5	2.0	14
FTRE	5.7	1.5	1.5	1.0	0.5	2.0	1.0	2.0	1.5	0.0	2.0	0.0	1.0	0.5	0.5	2.0	14
FTS	4.5	1.0	1.5	1.0	1.0	0.0	1.5	1.5	2.0	1.0	1.5	0.0	0.0	1.0	0.0	0.5	13
FTV	5.5	1.0	1.5	1.0	1.0	0.0	2.0	2.0	1.0	1.0	2.0	1.0	1.0	1.0	0.0	1.0	14
FUBO	3.8	2.0	2.0	1.0	0.0	0.0	1.5	0.0	1.0	0.0	1.5	1.0	1.0	0.0	0.5	0.0	14
FUL	5.7	1.5	2.0	1.0	1.0	0.0	2.0	1.5	1.0	1.0	2.0	2.0	1.0	1.0	0.0	0.0	13
FUN.US	3.2	1.5	2.0	1.0	0.0	0.0	1.0	0.0	0.5	0.0	2.0	0.0	0.0	1.0	0.5	0.0	14
FVRR	5.7	1.0	2.0	1.0	1.0	0.0	1.0	1.5	1.0	1.0	1.0	2.0	2.0	1.0	1.5	0.0	13
G.US	5.8	1.0	1.5	1.0	1.0	0.0	1.5	1.5	1.0	1.5	2.0	2.0	2.0	1.5	0.0	0.0	14
GAP	6.5	1.5	1.5	1.0	0.5	1.0	1.0	1.5	1.0	2.0	1.5	2.0	1.0	1.0	2.0	1.0	13
GATX	5.3	1.5	2.0	1.0	0.5	0.0	2.0	1.5	1.0	1.0	2.0	1.0	1.0	1.0	0.5	0.0	13
GBCI	5.2	2.0	2.0	1.0	1.0	0.0	2.0	1.0	1.0	1.0	2.0	1.0	1.0	0.5	0.0	0.0	12
GBX.US	5.3	0.5	1.5	1.0	0.5	0.0	2.0	1.5	1.0	1.0	2.0	1.0	2.0	1.0	1.0	0.0	13
GCO	7.0	1.5	2.0	1.0	0.5	2.0	2.0	2.0	1.0	1.0	2.0	2.0	0.0	0.5	1.5	2.0	13
GD	6.0	1.5	2.0	1.0	2.0	0.0	1.5	1.5	1.5	1.5	2.0	1.0	1.0	1.0	0.0	0.5	14
GDDY	5.2	1.5	1.5	1.0	1.0	2.0	0.5	1.5	1.0	2.0	2.0	0.0	0.0	1.5	0.0	0.0	13
GE	6.2	2.0	2.0	1.0	2.0	0.0	2.0	2.0	1.0	2.0	2.0	0.0	1.0	1.0	0.0	0.5	14
GEF	5.5	0.5	1.5	1.0	1.5	1.0	1.5	0.0	1.0	1.0	2.0	1.0	1.0	1.0	0.5	2.0	12
GEF.B	4.8	0.5	0.5	1.0	1.0	1.0	1.5	1.0	1.0	1.0	1.0	1.0	1.0	1.0	1.0	1.0	3
GEL	6.0	1.5	2.0	1.0	1.5	0.0	2.0	2.0	1.0	1.5	2.0	0.0	1.0	1.0	1.5	0.0	13
GENI	4.5	2.0	2.0	1.0	0.5	1.0	2.0	0.0	1.0	0.0	2.0	0.0	1.0	0.0	1.0	0.0	14
GEO	7.5	1.5	2.0	1.0	0.5	1.0	2.0	2.0	1.0	1.5	2.0	2.0	2.0	1.0	1.0	2.0	14
GEV	7.0	2.0	2.0	1.0	1.5	2.0	1.5	2.0	1.0	2.0	2.0	0.0	1.0	1.0	0.0	2.0	14
GFF	7.8	1.5	2.0	1.0	1.0	1.0	2.0	1.5	1.0	2.0	2.0	2.0	2.0	1.5	1.5	1.5	13
GFI.US	6.2	1.5	2.0	1.0	2.0	0.0	2.0	1.0	0.5	2.0	0.5	2.0	2.0	2.0	0.0	0.0	13
GFL	5.3	2.0	2.0	1.0	1.0	2.0	1.0	1.5	1.5	0.0	2.0	0.0	1.0	0.5	0.5	0.0	14
GFR	5.0	1.5	2.0	1.0	1.5	1.0	2.0	0.0	2.0	0.0	1.0	0.0	1.0	0.5	0.0	1.5	14
GGB	6.0	1.5	2.0	1.0	1.0	2.0	2.0	0.0	0.0	0.5	1.0	2.0	2.0	1.0	0.0	2.0	14
GGG	5.8	1.0	2.0	1.0	1.5	0.0	2.0	1.0	1.0	1.5	2.0	2.0	1.0	1.5	0.0	0.0	14
GHM	6.7	2.0	2.0	1.0	1.0	0.0	2.0	2.0	1.0	1.0	2.0	1.0	1.0	1.0	1.0	2.0	13
GIB	5.0	1.5	1.5	1.0	1.0	0.0	2.0	1.0	1.0	1.5	2.0	0.0	1.0	1.5	0.0	0.0	13
GIL	5.7	2.0	2.0	1.0	1.0	0.0	1.0	1.5	1.0	1.0	2.0	2.0	1.0	1.5	0.0	0.0	14
GIS	3.7	1.0	1.5	1.0	0.5	0.0	1.5	1.5	1.0	0.0	2.0	0.0	0.0	1.0	0.0	0.0	14
GKOS	6.2	2.0	2.0	1.0	1.0	1.0	2.0	2.0	1.0	0.0	2.0	1.0	1.0	0.0	0.5	2.0	14
GL	5.7	2.0	1.5	1.0	1.5	1.0	1.5	1.0	1.0	1.5	2.0	0.0	1.0	1.0	0.0	1.0	13
GLOB	5.2	1.0	1.5	1.0	0.0	0.0	1.5	1.0	1.0	1.0	2.0	2.0	2.0	1.0	0.5	0.0	14
GLW	6.8	1.5	2.0	1.0	1.5	1.0	1.0	1.0	1.0	1.5	2.0	2.0	1.0	1.0	1.0	2.0	14
GM	6.8	2.0	2.0	1.0	1.5	1.0	1.5	2.0	2.0	0.5	2.0	1.0	1.0	1.0	0.0	2.0	14
GME	6.5	1.5	2.0	1.0	1.0	2.0	2.0	2.0	1.0	1.5	1.0	1.0	1.0	1.0	1.0	0.5	13
GMED	6.2	2.0	2.0	1.0	1.0	0.0	1.5	2.0	1.0	1.0	2.0	1.0	1.0	1.5	0.0	1.5	14
GMRS	5.7	2.0	2.0	1.0	1.0	0.5	0.5	0.0	1.0	1.0	2.0	2.0	2.0	1.0	1.0	0.0	11
GNE	6.5	1.0	1.0	1.0	1.5	2.0	2.0	2.0	1.0	1.0	1.0	2.0	1.0	1.0	1.5	0.5	13
GNK.US	7.3	1.5	1.5	1.0	1.5	2.0	2.0	2.0	1.0	0.5	1.5	2.0	1.0	1.0	1.5	2.0	13
GNL	5.5	1.5	2.0	1.0	1.0	0.0	2.0	1.5	1.0	0.0	2.0	1.0	1.0	1.0	1.0	0.5	13
GNRC	7.3	1.5	2.0	1.0	1.5	2.0	1.5	2.0	1.5	1.0	2.0	2.0	1.0	1.0	0.5	1.5	14
GNW	6.0	1.0	1.5	1.0	1.5	1.0	2.0	1.5	1.0	0.5	2.0	1.0	2.0	0.5	0.5	1.0	13
GOLD.US	5.7	2.0	2.0	1.0	0.5	0.0	2.0	0.0	1.0	1.0	1.5	1.0	0.0	1.0	2.0	2.0	13
GOLF	6.3	1.0	2.0	1.0	0.5	0.0	2.0	0.0	1.0	2.0	1.5	2.0	2.0	1.5	2.0	0.5	13
GOOS	4.8	1.0	1.0	1.0	0.5	0.0	1.5	0.5	1.0	1.0	1.5	2.0	1.0	1.0	1.5	0.0	13
GPC	4.3	1.5	1.5	1.0	1.0	1.0	1.5	0.5	0.5	0.5	2.0	1.0	0.0	1.0	0.0	0.0	14
GPI	4.2	1.5	2.0	1.0	0.5	0.0	1.5	0.5	0.0	1.0	2.0	1.0	0.0	1.0	0.5	0.0	14
GPK	5.7	1.0	2.0	1.0	1.0	0.0	1.5	2.0	2.0	1.0	2.0	1.0	1.0	1.0	0.5	0.0	14
GPMT	4.8	1.0	2.0	1.0	2.0	0.0	2.0	1.5	1.0	0.0	1.0	1.0	1.0	0.0	1.0	0.0	13
GPN	4.7	1.5	2.0	1.0	1.0	1.0	1.5	1.0	1.0	0.5	2.0	0.0	0.0	1.0	0.0	0.5	14
GPOR	4.5	1.0	2.0	1.0	1.0	0.0	1.5	1.0	0.0	2.0	2.0	0.0	0.0	1.5	0.5	0.0	14
GRCL.CVR	5.0	1.0	1.0	1.0	1.0	1.0	1.0	1.0	1.0	1.0	1.0	1.0	1.0	1.0	1.0	1.0	0
GRDN	8.5	2.0	1.5	1.0	1.0	2.0	2.0	2.0	1.0	2.0	1.5	2.0	2.0	1.5	2.0	2.0	14
GRND	6.8	1.5	2.0	1.0	0.5	1.0	2.0	1.5	1.0	2.0	0.5	1.0	1.0	2.0	2.0	1.5	13
GRNT	5.0	1.0	2.0	1.0	0.5	0.0	2.0	0.0	2.0	0.0	2.0	1.0	1.0	1.0	1.5	0.0	14
GROY	5.2	2.0	2.0	1.0	1.5	0.0	1.0	2.0	0.5	0.5	0.5	1.0	1.0	0.5	2.0	0.0	14
GS	6.5	1.5	2.0	1.0	1.5	0.0	1.5	2.0	1.0	1.5	2.0	2.0	2.0	0.5	0.0	1.0	14
GSBD	3.3	0.5	1.0	1.0	1.0	0.0	1.5	1.5	1.0	0.5	1.0	0.0	0.0	1.0	0.0	0.0	13
GSK	5.8	1.0	2.0	1.0	2.0	0.0	2.0	2.0	2.0	2.0	0.5	0.0	1.0	1.5	0.0	0.5	14
GSL	7.8	1.5	1.5	1.0	1.5	2.0	2.0	1.5	1.0	1.5	1.0	2.0	2.0	1.5	1.5	2.0	13
GTES	6.0	1.5	2.0	1.0	1.0	2.0	1.5	1.5	0.5	1.0	2.0	1.0	1.0	1.0	0.5	0.5	14
GTN	5.3	1.5	2.0	1.0	1.0	2.0	2.0	0.0	1.0	0.0	2.0	0.0	1.0	1.0	1.0	0.5	13
GTY	5.8	1.0	2.0	1.0	0.5	0.0	1.5	1.0	1.0	1.0	2.0	2.0	2.0	1.0	1.0	0.5	14
GVA	5.2	1.5	2.0	1.0	0.5	0.0	2.0	2.0	1.0	0.0	2.0	1.0	1.0	1.0	0.0	0.5	13
GWRE	6.5	2.0	2.0	1.0	1.5	1.0	1.5	2.0	0.5	1.0	2.0	2.0	2.0	1.0	0.0	0.0	14
GWW	7.7	1.0	1.0	1.0	1.5	1.0	2.0	1.5	1.5	2.0	2.0	2.0	2.0	2.0	1.0	1.5	14
GXO	5.0	2.0	2.0	1.0	1.0	0.0	1.0	2.0	1.0	0.5	2.0	0.0	1.0	1.0	0.5	0.0	14
H.US	5.0	1.5	2.0	1.0	0.0	0.0	2.0	2.0	1.0	0.5	2.0	0.0	1.0	1.0	0.5	0.5	14
HAE	6.5	1.5	1.0	1.0	1.0	1.5	1.0	1.5	1.5	1.0	2.0	1.0	2.0	1.0	0.5	2.0	14
HAFN	8.0	1.5	1.5	1.0	1.5	1.5	2.0	1.5	1.0	2.0	1.0	2.0	2.0	1.5	2.0	2.0	13
HAL	6.8	2.0	2.0	1.0	1.0	0.0	1.5	2.0	1.0	1.0	2.0	2.0	2.0	1.0	0.0	2.0	14
HASI	5.2	2.0	2.0	1.0	0.5	0.0	1.5	1.5	0.5	0.5	2.0	1.0	1.0	0.5	0.5	1.0	14
HAWK	5.5	2.0	2.0	1.0	1.5	0.5	1.0	0.0	1.0	1.0	1.5	1.0	1.0	1.0	2.0	0.0	11
HAYW	5.3	1.0	2.0	1.0	1.5	0.0	2.0	2.0	0.0	1.0	2.0	1.0	1.0	1.0	0.5	0.0	14
HBM	6.7	2.0	2.0	1.0	1.0	1.0	1.0	0.0	1.0	1.5	2.0	2.0	2.0	1.0	0.5	2.0	13
HCA	5.8	1.5	1.5	1.0	1.5	1.0	1.0	1.5	1.0	1.0	2.0	0.0	1.0	1.5	1.5	0.5	13
HCC	6.3	1.5	2.0	1.0	1.0	0.0	2.0	2.0	1.0	1.0	2.0	1.0	1.0	1.0	0.5	2.0	14
HCI	7.2	2.0	2.0	1.0	1.0	2.0	2.0	2.0	1.0	2.0	2.0	0.0	1.0	1.5	1.5	0.5	14
HD	6.0	2.0	2.0	1.0	2.0	0.0	2.0	1.5	1.0	2.0	2.0	1.0	0.0	1.5	0.0	0.0	14
HE	2.8	0.5	0.0	1.0	0.5	0.0	2.0	0.0	0.0	1.0	2.0	0.0	1.0	0.5	0.0	0.0	14
HEI	6.7	1.5	2.0	1.0	1.0	0.0	1.0	2.0	0.5	1.5	2.0	2.0	2.0	1.5	2.0	0.0	14
HEI.A	5.5	1.5	2.0	1.0	1.0	1.0	1.0	1.0	1.0	1.0	1.0	1.0	1.0	1.0	1.0	1.0	3
HESM	5.0	0.0	1.5	1.0	1.0	0.0	2.0	1.5	1.0	2.0	2.0	0.0	1.0	1.5	0.0	0.5	13
HG	7.8	1.5	1.5	1.0	1.5	2.0	1.5	2.0	1.0	2.0	2.0	2.0	2.0	1.0	0.5	2.0	13
HGTY	6.0	1.0	1.0	1.0	1.5	2.0	1.5	0.0	1.5	1.0	2.0	1.0	2.0	1.0	0.5	1.0	14
HGV	4.7	1.0	2.0	1.0	0.5	0.0	1.0	1.0	1.0	1.0	2.0	1.0	1.0	1.0	0.5	0.0	14
HHH	6.0	1.5	2.0	1.0	0.5	2.0	1.5	2.0	1.0	1.0	2.0	1.0	1.0	1.0	0.5	0.0	14
HIG	6.2	1.0	1.5	1.0	2.0	0.0	2.0	2.0	1.0	1.5	2.0	2.0	1.0	1.0	0.0	0.5	14
HII	5.8	1.5	2.0	1.0	1.5	0.0	1.5	2.0	1.0	1.0	2.0	1.0	2.0	1.0	0.0	0.0	14
HIMS	3.3	1.0	1.5	1.0	0.0	1.0	1.0	0.0	1.0	0.0	2.0	0.0	1.0	0.0	0.5	0.0	14
HIPO	6.0	1.0	1.0	1.0	1.5	2.0	2.0	2.0	1.0	2.0	1.0	1.0	0.0	0.5	1.5	0.5	13
HIW	5.2	1.0	1.5	1.0	0.5	1.0	2.0	1.0	1.0	1.0	2.0	1.0	1.0	1.0	0.5	0.0	13
HL	6.0	1.5	2.0	1.0	1.0	0.0	1.0	2.0	0.5	1.5	2.0	1.0	1.0	2.0	0.0	1.5	14
HLF	6.0	1.5	2.0	1.0	0.5	1.0	0.5	1.0	1.0	1.0	2.0	1.0	1.0	1.5	1.0	2.0	12
HLI	6.3	2.0	2.0	1.0	1.5	0.0	2.0	0.5	1.0	1.5	2.0	2.0	2.0	1.5	0.0	0.0	14
HLIO	7.2	1.5	2.0	1.0	1.5	0.0	2.0	2.0	1.0	1.0	2.0	2.0	2.0	1.0	0.5	2.0	13
HLLY	5.3	1.5	2.0	1.0	1.5	0.0	1.5	0.5	0.5	0.5	2.0	1.0	2.0	1.0	1.0	0.0	14
HLN	4.7	1.5	1.5	1.0	2.0	0.0	2.0	1.0	1.0	1.0	0.5	0.0	1.0	1.0	0.0	0.5	12
HLT	6.3	1.5	1.5	1.0	1.5	2.0	1.5	1.5	1.0	1.0	2.0	0.0	1.0	1.5	0.5	1.5	13
HMC	4.5	1.0	1.0	1.0	2.0	2.0	2.0	1.0	1.0	0.0	0.0	1.0	1.0	0.0	0.0	0.5	12
HMN	5.7	1.5	1.5	1.0	1.5	0.0	2.0	2.0	1.0	1.0	2.0	2.0	0.0	0.5	0.5	0.5	13
HNGE	7.7	2.0	1.5	1.0	1.0	2.0	2.0	2.0	1.0	2.0	2.0	1.0	2.0	1.0	0.5	2.0	14
HOG	5.2	1.0	0.5	1.0	0.0	2.0	1.0	0.5	1.0	1.0	2.0	2.0	2.0	0.5	0.5	0.5	14
HOMB	6.2	1.5	1.5	1.0	1.0	1.0	2.0	1.5	1.5	1.0	2.0	1.0	1.0	1.0	1.0	0.5	12
HP	5.7	1.5	1.5	1.0	0.5	1.0	2.0	0.0	0.5	0.0	2.0	2.0	2.0	0.5	0.5	2.0	14
HPE	6.5	1.5	1.0	1.0	1.5	2.0	1.0	2.0	1.5	1.0	2.0	1.0	1.0	1.0	0.0	2.0	14
HPP	3.5	1.0	1.5	1.0	0.5	1.0	1.0	0.0	2.0	0.0	2.0	0.0	0.0	0.0	0.5	0.0	14
HPQ	4.8	0.5	0.5	1.0	1.0	2.0	1.0	2.0	1.0	1.0	2.0	0.0	0.0	1.0	0.0	1.5	12
HR	3.3	1.5	2.0	1.0	1.0	0.0	1.0	0.0	1.0	0.0	2.0	0.0	0.0	0.5	0.0	0.0	14
HRB	5.7	1.0	1.5	1.0	0.0	1.0	1.0	1.5	1.0	2.0	2.0	1.0	2.0	2.0	0.0	0.0	14
HRI	6.2	2.0	2.0	1.0	1.0	0.0	2.0	2.0	2.0	0.5	2.0	1.0	1.0	1.0	0.5	0.5	14
HRL	5.8	1.5	2.0	1.0	1.0	0.0	2.0	1.5	2.0	0.5	2.0	2.0	1.0	1.0	0.0	0.0	14
HRTG	6.5	1.5	1.0	1.0	1.5	2.0	1.5	2.0	1.0	2.0	1.5	0.0	0.0	1.0	1.5	2.0	13
HSY	5.7	1.0	2.0	1.0	1.0	0.0	1.5	2.0	1.0	2.0	2.0	1.0	1.0	1.5	0.0	0.0	14
HTB	6.2	1.5	1.5	1.0	1.0	1.0	2.0	2.0	1.0	1.0	1.5	1.0	1.0	0.5	1.5	1.0	12
HTGC	4.7	1.5	1.5	1.0	1.0	1.0	1.5	1.0	1.0	1.5	1.0	0.0	0.0	1.0	0.5	0.5	13
HTH	5.3	0.5	1.5	1.0	1.0	0.0	2.0	2.0	0.0	1.0	1.5	1.0	1.0	0.5	2.0	1.0	12
HTZ	4.0	1.0	2.0	1.0	0.0	0.0	1.0	2.0	1.0	1.0	2.0	0.0	0.0	0.5	0.5	0.0	13
HUBB	6.3	1.0	1.5	1.0	1.0	1.0	2.0	1.5	1.0	1.5	2.0	2.0	1.0	1.5	0.0	1.0	14
HUBS	5.3	1.5	1.5	1.0	1.0	1.0	1.0	1.5	0.0	1.0	2.0	1.0	2.0	1.0	0.5	0.0	14
HUM	7.2	1.5	1.5	1.0	1.5	2.0	1.0	1.5	2.0	1.0	2.0	2.0	2.0	1.0	0.0	1.5	14
HUN	4.7	0.5	2.0	1.0	1.0	0.0	2.0	0.5	1.5	0.0	2.0	1.0	1.0	0.0	1.0	0.5	14
HUYA.US	5.5	1.5	2.0	1.0	2.0	0.0	2.0	2.0	1.0	0.0	1.0	2.0	2.0	0.0	0.0	0.0	13
HWM	6.7	2.0	2.0	1.0	1.5	0.0	1.5	1.5	1.0	2.0	2.0	2.0	1.0	1.5	0.0	1.0	14
HXL	6.8	1.5	2.0	1.0	1.0	0.0	1.5	2.0	2.0	1.0	2.0	2.0	2.0	1.0	0.0	1.5	14
HY	4.7	1.5	2.0	1.0	1.0	0.0	1.5	0.5	1.0	0.0	1.5	1.0	1.0	0.0	2.0	0.0	13
HYLN	5.7	1.5	2.0	1.0	0.5	1.0	1.5	1.5	1.0	0.0	1.0	1.0	1.0	0.0	2.0	2.0	13
HZO	5.2	1.0	1.0	1.0	0.5	1.5	2.0	0.0	1.0	0.5	2.0	1.0	0.0	0.5	1.5	2.0	13
IAG.US	7.7	2.0	2.0	1.0	1.0	1.0	2.0	2.0	1.0	2.0	2.0	2.0	1.0	2.0	0.0	2.0	13
IBM	4.7	1.5	1.5	1.0	1.5	0.0	1.0	1.5	0.5	2.0	1.5	0.0	1.0	1.0	0.0	0.0	14
IBP	6.0	1.0	1.5	1.0	0.5	0.0	1.0	1.5	1.5	2.0	2.0	2.0	1.0	1.5	1.5	0.0	14
IBTA	6.0	1.0	0.5	1.0	0.0	2.0	1.5	2.0	1.0	0.0	1.0	2.0	2.0	0.0	2.0	2.0	13
ICE	5.5	2.0	1.5	1.0	2.0	1.0	2.0	1.5	0.0	1.0	2.0	1.0	0.0	1.0	0.0	0.5	14
ICL	6.0	1.0	1.5	1.0	2.0	0.0	2.0	1.5	1.0	1.0	1.0	2.0	1.0	1.0	2.0	0.0	14
IDA	4.7	1.5	1.5	1.0	0.5	0.0	2.0	1.5	1.5	1.0	2.0	0.0	0.0	1.0	0.0	0.5	14
IDR.US	6.0	1.5	2.0	1.0	0.5	0.0	2.0	2.0	1.0	2.0	1.0	1.0	1.0	2.0	1.0	0.0	13
IDT	7.3	1.5	1.5	1.0	1.5	1.5	2.0	0.5	1.0	2.0	1.5	2.0	1.0	1.5	1.5	2.0	13
IE	4.7	2.0	2.0	1.0	1.0	0.0	1.5	0.0	1.0	0.0	2.0	1.0	1.0	0.0	1.5	0.0	14
IEX	7.0	2.0	1.5	1.0	1.5	2.0	2.0	1.5	1.5	1.0	2.0	1.0	1.0	1.0	0.0	2.0	14
IFF	6.0	2.0	1.5	1.0	1.0	2.0	2.0	0.5	1.0	0.0	2.0	2.0	0.0	1.0	0.0	2.0	14
IFS	6.8	1.5	2.0	1.0	2.0	1.0	2.0	1.5	1.0	1.5	0.5	1.0	1.0	1.0	2.0	1.5	11
IGMS CVR	5.0	1.0	1.0	1.0	1.0	1.0	1.0	1.0	1.0	1.0	1.0	1.0	1.0	1.0	1.0	1.0	0
IHG	5.7	1.5	1.5	1.0	2.0	2.0	2.0	1.0	0.0	1.0	0.5	0.0	1.0	2.0	0.0	1.5	12
IIPR	4.7	1.0	2.0	1.0	0.0	0.0	1.0	1.0	1.0	1.0	2.0	1.0	1.0	1.0	0.5	0.5	13
IMAX	6.5	1.5	1.0	1.0	0.5	1.0	1.5	2.0	1.5	1.0	2.0	1.0	1.0	1.0	1.5	2.0	14
IMO	5.5	0.5	0.5	1.0	0.0	1.0	1.0	1.0	1.0	1.5	0.5	1.0	2.0	1.5	2.0	2.0	14
INFQ	5.3	2.0	2.0	1.0	1.0	0.5	2.0	0.5	1.0	1.0	1.0	1.0	1.0	1.0	1.0	0.0	10
INFY	6.0	1.0	1.5	1.0	1.5	0.0	2.0	1.5	1.0	2.0	0.5	2.0	2.0	2.0	0.0	0.0	14
INGM	5.8	1.5	1.5	1.0	0.5	1.0	2.0	1.5	1.0	1.0	2.0	1.0	1.0	1.0	0.0	1.5	14
INGR	5.5	1.0	2.0	1.0	1.0	0.0	2.0	0.5	1.0	1.0	2.0	2.0	2.0	1.0	0.0	0.0	13
INN	6.3	1.5	1.5	1.0	1.5	2.0	2.0	2.0	1.0	0.0	2.0	1.0	1.0	0.5	1.0	1.0	13
INSP	5.3	1.0	1.0	1.0	0.5	2.0	1.0	2.0	0.5	1.5	2.0	1.0	1.0	1.0	0.5	0.0	14
INSW	7.5	2.0	1.0	1.0	1.0	1.5	1.5	2.0	1.0	2.0	2.0	1.0	1.0	2.0	1.5	2.0	14
INTT	7.7	1.5	2.0	1.0	1.5	2.0	1.5	2.0	2.0	0.5	1.5	2.0	2.0	0.5	1.0	2.0	14
INVH	4.3	1.5	1.5	1.0	1.5	0.0	2.0	0.5	1.0	1.0	2.0	0.0	0.0	1.0	0.0	0.0	13
INVX	6.3	1.5	2.0	1.0	1.0	1.0	2.0	1.0	1.0	1.0	2.0	1.0	1.0	1.0	0.5	2.0	13
IONQ	3.5	2.0	2.0	1.0	0.5	0.0	0.5	0.0	1.0	0.0	1.5	1.0	1.0	0.0	0.0	0.0	14
IOT	6.8	1.5	2.0	1.0	1.0	2.0	2.0	2.0	0.5	1.0	2.0	2.0	2.0	0.5	0.5	0.5	14
IP.US	4.7	2.0	2.0	1.0	0.5	0.0	2.0	0.0	2.0	0.0	2.0	1.0	1.0	0.5	0.0	0.0	14
IPI	5.3	0.5	1.5	1.0	1.5	0.0	1.0	2.0	1.0	0.5	1.5	1.0	1.0	1.0	1.5	1.0	13
IQV	6.3	2.0	1.5	1.0	1.5	2.0	1.5	1.5	0.5	1.5	2.0	0.0	1.0	1.0	0.5	1.5	14
IR	6.7	2.0	2.0	1.0	1.5	0.0	2.0	1.5	1.5	1.0	2.0	2.0	2.0	1.0	0.0	0.5	14
IRM	5.8	2.0	2.0	1.0	1.5	1.0	2.0	1.5	1.0	1.0	2.0	0.0	1.0	1.0	0.0	0.5	13
IRS	5.2	1.5	2.0	1.0	2.0	0.0	2.0	1.0	1.0	1.5	0.5	0.0	1.0	1.0	0.0	1.0	12
IRT	3.8	2.0	2.0	1.0	1.0	0.0	1.5	0.0	1.0	0.5	2.0	0.0	0.0	0.5	0.0	0.0	14
IT	5.7	1.0	1.0	1.0	0.5	2.0	1.5	2.0	1.0	2.0	2.0	0.0	1.0	1.5	0.5	0.0	14
ITGR	5.8	1.0	1.0	1.0	1.0	1.5	2.0	1.5	1.0	1.0	2.0	1.0	1.0	1.0	0.0	1.5	13
ITT	6.2	2.0	2.0	1.0	1.0	1.0	2.0	1.5	1.0	1.0	2.0	1.0	1.0	1.0	0.0	1.0	14
ITUB	5.2	1.0	0.5	1.0	2.0	1.5	2.0	1.0	0.0	1.5	0.5	1.0	1.0	0.5	0.0	2.0	12
ITW	6.0	1.0	1.5	1.0	1.5	0.0	2.0	1.5	1.0	2.0	2.0	1.0	1.0	2.0	0.0	0.5	14
IVR	3.7	0.5	2.0	1.0	1.0	0.0	2.0	1.0	1.0	1.0	1.0	0.0	0.0	0.5	0.0	0.0	14
IVT	5.0	1.5	1.5	1.0	1.0	0.0	2.0	0.0	0.5	0.5	2.0	2.0	2.0	0.5	0.0	0.5	14
IVZ.US	5.7	1.5	1.5	1.0	1.5	1.0	1.5	2.0	1.5	0.0	2.0	0.0	1.0	1.0	0.0	1.5	14
J	5.8	1.5	1.5	1.0	1.5	1.0	1.5	1.5	1.0	1.0	2.0	1.0	2.0	1.0	0.0	0.0	14
JBGS	4.2	0.5	1.5	1.0	0.0	0.0	2.0	1.0	1.0	0.0	2.0	1.0	2.0	0.5	0.0	0.0	12
JBI	5.7	1.5	2.0	1.0	1.0	0.0	2.0	0.5	1.0	1.0	2.0	2.0	1.0	1.0	1.0	0.0	13
JBL	6.2	2.0	2.0	1.0	1.5	0.0	1.5	1.5	1.5	2.0	2.0	0.0	0.0	1.0	0.5	2.0	14
JBS	5.7	1.5	2.0	1.0	0.5	0.0	2.0	1.0	1.0	1.0	0.5	2.0	1.0	1.0	2.0	0.5	14
JBTM	5.3	2.0	2.0	1.0	1.0	0.0	2.0	1.5	1.0	0.5	2.0	1.0	1.0	1.0	0.0	0.0	13
JCI	6.5	1.5	1.5	1.0	1.5	2.0	1.5	1.5	1.0	1.0	2.0	1.0	1.0	1.0	0.0	2.0	14
JEF	5.7	1.5	2.0	1.0	1.5	0.0	1.5	1.0	1.0	1.0	1.5	1.0	1.0	1.0	2.0	0.0	10
JELD	4.2	1.0	1.5	1.0	0.5	0.0	2.0	0.0	1.0	0.0	2.0	2.0	1.0	0.0	0.5	0.0	13
JHX	6.3	2.0	2.0	1.0	1.5	1.0	2.0	1.5	1.0	0.5	1.5	2.0	1.0	1.0	0.0	1.0	14
JILL	6.7	1.5	1.0	1.0	0.5	2.0	2.0	2.0	1.0	1.5	2.0	1.0	1.0	1.0	0.5	2.0	13
JKS	4.8	1.0	2.0	1.0	1.0	0.0	2.0	0.0	0.5	1.0	1.0	1.0	1.0	1.0	2.0	0.0	12
JLL	5.8	1.5	2.0	1.0	1.5	0.0	2.0	2.0	1.0	1.0	2.0	1.0	1.0	1.0	0.0	0.5	14
JMIA	4.3	1.5	2.0	1.0	1.5	0.0	2.0	1.0	1.0	0.0	0.5	0.0	1.0	0.0	1.5	0.0	13
JMKE	5.8	2.0	2.0	1.0	1.0	0.5	1.5	1.0	0.5	1.0	2.0	2.0	2.0	1.0	0.0	0.0	10
JNJ	6.8	2.0	1.5	1.0	2.0	1.0	2.0	1.0	1.0	2.0	2.0	1.0	1.0	1.5	0.0	1.5	14
JOBY	3.7	1.0	2.0	1.0	0.5	0.0	0.0	1.5	0.0	0.0	1.0	1.0	1.0	0.0	2.0	0.0	14
JPM	5.8	1.5	1.5	1.0	2.0	1.0	1.5	1.5	1.0	1.5	2.0	1.0	1.0	0.5	0.0	0.5	12
JXN	6.3	1.5	1.5	1.0	1.0	2.0	2.0	1.5	1.0	0.5	2.0	2.0	0.0	0.5	0.5	2.0	14
KAI	6.0	1.5	2.0	1.0	0.5	0.0	2.0	2.0	1.0	1.0	2.0	2.0	2.0	1.0	0.0	0.0	14
KBH	4.3	1.0	2.0	1.0	0.0	0.0	1.0	1.0	0.5	1.0	2.0	1.0	1.0	1.0	0.5	0.0	14
KBR	6.0	1.5	2.0	1.0	1.0	0.0	1.5	1.5	1.0	2.0	2.0	1.0	2.0	1.0	0.5	0.0	14
KD	4.2	0.5	2.0	1.0	0.5	0.0	1.5	0.5	1.0	1.0	2.0	0.0	1.0	1.0	0.5	0.0	13
KDK	4.7	1.5	2.0	1.0	1.0	0.0	1.5	0.0	1.0	1.0	1.0	1.0	1.0	0.0	2.0	0.0	12
KEX	7.5	2.0	1.5	1.0	1.5	2.0	2.0	1.5	1.0	1.0	2.0	2.0	2.0	1.0	0.0	2.0	14
KEY	5.7	1.5	2.0	1.0	1.5	0.0	1.5	1.5	1.5	1.0	2.0	1.0	1.0	0.5	0.0	1.0	12
KEYS	8.2	2.0	1.5	1.0	2.0	2.0	1.5	2.0	2.0	1.5	2.0	2.0	2.0	1.0	0.0	2.0	14
KFRC	7.3	1.5	1.5	1.0	0.5	1.0	2.0	1.0	1.0	2.0	2.0	2.0	2.0	1.5	1.0	2.0	13
KFY	6.2	1.5	2.0	1.0	1.0	1.0	2.0	1.5	1.0	1.0	2.0	2.0	1.0	1.0	0.0	0.5	13
KGC	6.2	2.0	2.0	1.0	1.0	0.0	1.0	1.5	0.5	2.0	1.5	2.0	2.0	2.0	0.0	0.0	13
KGS.US	5.7	2.0	2.0	1.0	1.0	0.0	1.5	0.0	1.0	0.5	2.0	1.0	2.0	1.0	0.0	2.0	14
KIM	5.2	1.5	1.5	1.0	1.0	0.0	1.5	1.5	1.5	1.0	2.0	0.0	1.0	1.0	0.5	0.5	14
KKR	5.7	2.0	2.0	1.0	2.0	0.0	1.5	1.5	1.0	1.0	1.5	0.0	1.0	0.5	2.0	0.0	14
KLAR	4.8	1.5	2.0	1.0	1.0	0.0	1.5	2.0	0.0	0.0	1.5	1.0	1.0	0.0	2.0	0.0	13
KLC	4.3	1.0	2.0	1.0	0.5	0.0	1.0	2.0	1.0	0.0	2.0	0.0	1.0	0.5	1.0	0.0	13
KMI	6.2	1.5	1.5	1.0	1.5	2.0	1.5	2.0	1.0	1.0	2.0	0.0	0.0	1.0	1.5	1.0	13
KMPR	4.2	1.0	2.0	1.0	1.0	1.0	1.5	0.0	1.0	0.0	2.0	0.0	1.0	0.5	0.5	0.0	13
KMT	6.2	0.5	1.0	1.0	0.5	1.0	2.0	2.0	0.5	1.5	2.0	2.0	1.0	1.5	0.0	2.0	14
KMX	5.2	1.0	2.0	1.0	1.0	1.0	2.0	0.0	1.0	0.5	2.0	2.0	0.0	0.5	0.0	1.5	14
KN	7.0	1.5	1.5	1.0	1.0	2.0	2.0	1.5	1.0	1.0	2.0	1.0	2.0	1.0	0.5	2.0	13
KNF	4.8	1.5	2.0	1.0	0.5	0.0	1.0	0.5	0.0	1.0	2.0	2.0	2.0	1.0	0.0	0.0	14
KNTK	6.3	2.0	1.5	1.0	1.0	2.0	1.5	2.0	1.0	1.5	2.0	0.0	0.0	0.5	1.0	2.0	13
KNX	5.0	2.0	2.0	1.0	1.0	0.0	1.5	0.0	1.0	0.5	2.0	0.0	1.0	0.5	0.5	2.0	14
KO	7.2	2.0	1.5	1.0	2.0	1.0	2.0	1.5	1.0	2.0	1.5	1.0	1.0	1.5	1.0	1.5	14
KOF	5.7	1.0	1.5	1.0	1.0	1.0	2.0	1.5	1.0	1.5	1.0	1.0	1.0	1.0	0.0	1.5	12
KOP	6.8	1.5	2.0	1.0	1.0	1.0	2.0	2.0	1.0	0.0	2.0	2.0	1.0	1.0	1.0	2.0	13
KOS	4.3	1.0	1.0	1.0	1.5	1.0	2.0	0.0	1.0	0.0	2.0	0.0	0.0	0.0	0.5	2.0	14
KR	4.8	1.5	2.0	1.0	1.0	1.0	0.0	1.5	1.5	1.0	2.0	0.0	0.0	1.0	1.0	0.0	14
KRC	5.2	1.5	1.5	1.0	0.5	0.0	2.0	2.0	1.0	0.5	2.0	1.0	2.0	0.5	0.0	0.0	14
KREF	4.2	0.5	1.5	1.0	0.5	0.0	2.0	0.0	2.0	0.0	2.0	1.0	1.0	0.0	1.0	0.0	14
KRG	4.2	1.5	2.0	1.0	0.5	0.0	1.5	2.0	0.0	1.0	2.0	0.0	0.0	0.5	0.0	0.5	14
KRMN	5.5	2.0	2.0	1.0	0.5	0.0	1.0	1.0	2.0	1.0	2.0	1.0	1.0	1.0	1.0	0.0	14
KRO	4.8	0.5	0.5	1.0	1.0	1.0	2.0	0.0	1.0	0.0	0.5	1.0	2.0	0.0	2.0	2.0	13
KSS	5.5	1.0	0.5	1.0	0.0	2.0	1.5	2.0	1.0	1.0	2.0	1.0	0.0	1.0	0.5	2.0	13
KTB	5.7	2.0	2.0	1.0	0.5	0.0	1.5	1.0	1.0	2.0	2.0	2.0	0.0	1.5	0.5	0.0	14
KVUE	5.8	1.5	1.5	1.0	1.5	0.0	2.0	2.0	1.0	1.5	2.0	1.0	1.0	1.0	0.0	0.5	13
KVYO	5.2	2.0	2.0	1.0	0.5	1.0	1.0	2.0	1.0	0.5	2.0	1.0	1.0	0.0	0.5	0.0	14
KWR	7.3	1.5	2.0	1.0	0.5	1.0	2.0	1.5	1.0	1.0	2.0	2.0	2.0	1.0	2.0	1.5	13
LAC	4.2	1.0	2.0	1.0	1.0	0.0	1.5	0.0	2.0	0.0	1.0	1.0	1.0	0.0	1.0	0.0	14
LAD	5.0	1.5	2.0	1.0	0.5	0.0	2.0	1.5	1.0	1.0	2.0	1.0	0.0	1.0	0.5	0.0	14
LADR	4.8	1.5	1.5	1.0	1.0	0.0	2.0	0.5	1.0	0.5	1.5	1.0	1.0	0.5	1.5	0.0	14
LAR	4.0	2.0	2.0	1.0	1.5	0.0	1.0	0.0	1.0	0.0	1.0	0.0	0.0	0.0	1.5	1.0	14
LAW	5.7	1.5	2.0	1.0	1.5	1.0	1.0	2.0	1.0	0.0	2.0	1.0	1.0	0.0	2.0	0.0	13
LAZ	4.7	1.0	1.5	1.0	0.5	0.0	1.5	0.5	1.0	2.0	2.0	1.0	1.0	1.0	0.0	0.0	13
LB	5.8	1.5	0.5	1.0	0.5	2.0	2.0	0.5	1.0	1.0	2.0	1.0	1.0	1.0	0.5	2.0	13
LBRT	6.5	1.5	2.0	1.0	0.5	0.0	1.0	2.0	1.5	1.0	2.0	2.0	2.0	0.5	0.5	2.0	14
LCII	6.2	1.5	2.0	1.0	0.5	0.0	2.0	2.0	1.0	1.0	2.0	2.0	2.0	1.0	0.5	0.0	14
LCLN	6.8	1.5	1.5	1.0	1.5	1.5	2.0	2.0	1.0	1.0	2.0	1.0	2.0	1.0	1.0	0.5	11
LCTX	3.5	2.0	2.0	1.0	0.5	0.0	0.5	0.0	1.0	0.0	1.0	1.0	1.0	0.0	0.5	0.0	13
LDI	3.7	0.5	2.0	1.0	0.5	0.0	2.0	0.0	1.0	0.0	1.5	1.0	1.0	0.0	0.5	0.0	13
LDOS	6.2	1.0	2.0	1.0	1.5	0.0	1.5	1.5	0.5	2.0	2.0	2.0	2.0	1.5	0.0	0.0	14
LEA	5.2	1.0	2.0	1.0	1.0	0.0	1.5	1.5	0.5	1.0	2.0	1.0	1.0	1.0	0.0	1.0	14
LEN	4.7	0.5	1.0	1.0	0.5	0.0	1.0	0.5	1.0	1.0	2.0	1.0	2.0	1.0	1.5	0.0	14
LEN.B	4.7	0.5	0.5	1.0	1.0	1.0	1.0	1.0	1.0	1.0	1.0	1.0	1.0	1.0	1.0	1.0	3
LEU	4.5	1.5	2.0	1.0	0.0	0.0	0.5	2.0	0.5	1.0	2.0	1.0	1.0	0.5	0.5	0.0	14
LEVI	6.2	2.0	2.0	1.0	1.0	0.0	1.0	2.0	1.0	2.0	2.0	2.0	1.0	1.0	0.5	0.0	14
LH	6.3	2.0	1.5	1.0	1.5	1.0	1.5	1.5	0.5	1.0	2.0	2.0	2.0	1.0	0.0	0.5	14
LHX	5.3	1.5	2.0	1.0	1.5	0.0	1.5	2.0	0.5	1.0	2.0	1.0	1.0	1.0	0.0	0.0	14
LII	5.8	1.0	2.0	1.0	1.0	0.0	1.0	1.0	0.5	2.0	2.0	2.0	1.0	2.0	1.0	0.0	14
LION	5.2	1.5	2.0	1.0	1.0	0.0	0.5	2.0	0.5	1.0	1.0	1.0	1.0	1.0	1.0	1.0	6
LLY	7.3	2.0	1.5	1.0	2.0	1.0	1.0	2.0	1.5	2.0	2.0	1.0	1.0	2.0	0.0	2.0	14
LMND	4.5	1.0	1.5	1.0	0.5	0.0	2.0	2.0	1.0	0.0	1.5	1.0	1.0	0.0	1.0	0.0	13
LMT	6.3	1.5	2.0	1.0	2.0	0.0	1.5	1.5	1.5	2.0	2.0	1.0	1.0	1.5	0.0	0.5	14
LNC	6.3	1.5	1.5	1.0	1.0	1.0	1.5	2.0	1.0	1.5	2.0	2.0	2.0	0.5	0.0	0.5	14
LNG	7.0	2.0	1.5	1.0	2.0	2.0	2.0	2.0	1.0	2.0	2.0	0.0	1.0	1.5	0.0	1.0	14
LNN	5.3	1.0	1.5	1.0	0.5	0.0	2.0	0.5	1.0	1.0	2.0	2.0	2.0	1.0	0.5	0.0	13
LOAR	5.8	2.0	2.0	1.0	0.5	0.0	1.5	2.0	1.0	1.0	2.0	1.0	1.0	1.0	1.5	0.0	14
LOMA	5.7	1.5	2.0	1.0	2.0	1.0	2.0	0.0	1.0	0.5	0.5	2.0	1.0	1.0	0.0	1.5	13
LOW	5.3	1.5	2.0	1.0	2.0	0.0	1.5	1.5	1.0	1.0	2.0	1.0	0.0	1.5	0.0	0.0	13
LPG	7.3	1.5	0.5	1.0	1.0	2.0	2.0	2.0	1.0	2.0	2.0	1.0	1.0	1.5	1.5	2.0	13
LPX	6.0	2.0	2.0	1.0	0.5	0.0	2.0	2.0	1.0	0.5	2.0	1.0	2.0	1.0	1.0	0.0	14
LRN	5.5	1.5	2.0	1.0	0.0	0.0	1.5	2.0	1.0	1.5	2.0	1.0	1.0	1.5	0.5	0.0	14
LSPD	5.3	1.5	2.0	1.0	1.5	2.0	1.0	1.0	1.0	0.0	1.5	1.0	1.0	0.0	1.5	0.0	14
LTC.US	6.3	1.5	1.5	1.0	1.0	2.0	1.5	1.0	2.0	1.0	2.0	1.0	1.0	1.0	0.5	1.0	14
LTH	6.3	2.0	2.0	1.0	1.0	1.0	2.0	1.5	1.5	1.0	2.0	0.0	0.0	1.0	1.0	2.0	14
LTM	5.5	1.5	2.0	1.0	1.5	0.0	2.0	2.0	1.0	2.0	0.0	0.0	1.0	1.5	0.0	1.0	14
LU	4.2	1.0	2.0	1.0	1.0	0.0	2.0	1.0	1.0	0.0	0.0	1.0	1.0	1.0	0.5	0.0	11
LUCK	3.5	1.5	2.0	1.0	0.0	0.0	0.0	0.0	1.0	1.0	2.0	0.0	0.0	1.0	1.0	0.0	13
LUMN	4.7	1.0	2.0	1.0	1.0	0.0	1.5	0.5	2.0	1.0	2.0	0.0	1.0	0.0	1.0	0.0	13
LUV	5.3	1.5	1.5	1.0	1.0	0.0	1.5	2.0	1.5	1.0	2.0	0.0	0.0	1.0	0.5	1.5	14
LUXE	5.8	1.5	1.0	1.0	0.5	1.5	2.0	2.0	1.0	0.0	0.5	2.0	1.0	0.0	2.0	1.5	13
LVS	5.8	1.5	2.0	1.0	0.5	0.0	2.0	1.5	1.5	2.0	1.0	0.0	1.0	1.5	2.0	0.0	14
LW	5.7	1.0	1.5	1.0	1.0	1.0	2.0	2.0	1.0	1.0	2.0	1.0	1.0	1.0	0.5	0.0	14
LXP	6.0	1.0	1.0	1.0	1.5	2.0	2.0	2.0	0.5	0.5	2.0	1.0	1.0	0.5	0.5	1.5	14
LXU	7.3	1.5	2.0	1.0	1.0	0.0	2.0	2.0	2.0	1.0	2.0	2.0	2.0	1.0	1.5	1.0	14
LYB	5.5	1.0	1.5	1.0	1.0	0.0	1.5	0.0	1.0	0.0	2.0	2.0	1.0	1.0	2.0	1.5	14
LYNX	5.3	2.0	2.0	1.0	1.0	1.0	1.5	1.0	1.0	1.0	0.0	1.0	1.0	1.0	1.5	0.0	9
LYV	5.7	2.0	1.5	1.0	0.5	1.0	2.0	0.0	1.0	1.5	2.0	0.0	1.0	1.0	2.0	0.5	14
LZB	6.0	1.5	2.0	1.0	1.0	0.0	2.0	2.0	1.0	1.0	2.0	2.0	1.0	1.0	0.5	0.0	13
LZM	4.2	1.5	2.0	1.0	0.5	0.0	2.0	1.0	1.0	0.0	0.5	0.0	1.0	0.0	2.0	0.0	12
M.US	6.0	1.0	1.5	1.0	0.5	1.0	1.5	2.0	1.0	1.5	2.0	2.0	0.0	1.0	0.5	1.5	13
MA	7.3	2.0	2.0	1.0	2.0	2.0	2.0	1.5	1.0	2.0	2.0	1.0	1.0	2.0	0.0	0.5	14
MAA	5.0	1.5	2.0	1.0	1.5	0.0	2.0	2.0	1.0	1.0	2.0	0.0	0.0	1.0	0.0	0.0	13
MAC	5.3	2.0	1.5	1.0	0.5	1.0	2.0	2.0	2.0	0.0	2.0	0.0	0.0	0.5	0.0	1.5	14
MAGN	5.5	1.0	2.0	1.0	1.0	0.0	2.0	0.0	1.0	0.0	2.0	2.0	2.0	1.0	0.5	1.0	13
MAIN	5.5	1.5	1.5	1.0	0.5	0.0	2.0	1.0	1.5	1.0	0.5	2.0	2.0	1.0	0.5	0.5	14
MAIR	7.2	2.0	2.0	1.0	1.0	0.5	1.5	2.0	1.5	1.0	2.0	2.0	2.0	1.0	2.0	0.0	12
MAN	6.0	1.5	1.5	1.0	0.5	1.0	1.5	1.5	1.0	1.0	2.0	1.0	1.0	1.0	0.5	2.0	14
MANE	6.2	2.0	2.0	1.0	0.5	1.5	2.0	0.0	1.0	1.0	2.0	1.0	1.0	1.0	0.5	2.0	12
MAS	6.7	1.0	1.5	1.0	1.0	0.0	1.5	2.0	1.5	2.0	2.0	2.0	2.0	2.0	0.0	0.5	14
MATX	6.5	1.5	1.5	1.0	1.0	2.0	2.0	2.0	0.5	1.5	2.0	0.0	1.0	1.0	0.5	2.0	14
MAX	6.8	2.0	2.0	1.0	0.5	1.0	1.5	2.0	0.5	1.0	1.5	1.0	2.0	2.0	2.0	0.5	13
MBC	5.3	1.0	2.0	1.0	1.0	0.0	2.0	2.0	1.0	0.0	2.0	2.0	1.0	0.5	0.5	0.0	13
MBI	5.7	1.5	2.0	1.0	1.0	0.0	2.0	2.0	1.0	1.0	1.5	1.0	1.0	0.5	1.5	0.0	12
MC	6.3	1.0	1.5	1.0	1.0	0.0	2.0	2.0	1.0	2.0	2.0	1.0	2.0	2.0	0.5	0.0	13
MCB	5.2	1.5	2.0	1.0	1.0	0.0	2.0	0.0	1.0	1.0	2.0	1.0	1.0	0.5	0.5	1.0	11
MCD	5.3	1.5	2.0	1.0	2.0	0.0	1.0	1.0	1.0	1.0	2.0	1.0	1.0	1.5	0.0	0.0	13
MCK	6.0	2.0	1.5	1.0	1.5	2.0	1.5	1.5	1.0	1.0	2.0	0.0	1.0	1.0	0.0	1.0	13
MCO	7.5	2.0	2.0	1.0	2.0	0.0	2.0	1.5	1.5	2.0	2.0	1.0	2.0	2.0	1.5	0.0	14
MCS.US	6.2	1.5	1.5	1.0	1.5	1.0	2.0	2.0	1.0	1.0	2.0	0.0	0.0	1.0	1.0	2.0	13
MD	6.5	1.0	1.0	1.0	1.0	1.0	2.0	2.0	0.5	1.5	2.0	1.0	2.0	1.0	0.5	2.0	14
MDT.US	6.0	1.5	1.5	1.0	2.0	0.0	1.5	1.5	1.0	1.0	2.0	2.0	2.0	1.0	0.0	0.0	14
MDU	4.7	1.5	2.0	1.0	0.5	0.0	2.0	0.5	2.0	1.0	2.0	0.0	0.0	1.0	0.0	0.5	14
MEC	6.3	2.0	2.0	1.0	1.0	0.0	2.0	2.0	1.0	0.0	2.0	2.0	1.0	0.0	2.0	1.0	14
MED.US	4.7	1.0	1.0	1.0	0.5	1.0	2.0	2.0	1.0	0.0	2.0	1.0	1.0	0.0	0.5	0.0	13
MEI	6.2	1.5	2.0	1.0	1.0	1.0	2.0	0.0	1.0	0.0	2.0	2.0	2.0	0.5	0.5	2.0	13
MET.US	7.8	2.0	1.5	1.0	2.0	2.0	2.0	1.5	1.5	1.0	2.0	2.0	2.0	0.5	1.5	1.0	14
MFA	5.3	1.5	2.0	1.0	1.5	0.0	2.0	1.5	1.0	1.0	1.5	1.0	1.0	0.5	0.5	0.0	13
MFC	5.8	2.0	1.5	1.0	1.0	1.0	2.0	1.5	1.0	1.0	1.5	1.0	1.0	0.5	0.0	1.5	13
MGA	6.3	1.0	1.5	1.0	1.5	1.0	1.5	2.0	0.5	1.0	2.0	1.0	1.0	1.0	1.0	2.0	14
MGM	6.0	1.0	2.0	1.0	0.5	0.0	1.5	2.0	1.5	1.5	1.5	1.0	2.0	0.5	2.0	0.0	14
MGY	7.2	2.0	2.0	1.0	0.5	0.0	1.5	1.5	2.0	1.5	2.0	2.0	2.0	1.5	1.5	0.5	14
MH	5.8	2.0	2.0	1.0	1.0	2.0	1.5	2.0	1.0	1.5	2.0	0.0	0.0	1.0	0.0	0.5	14
MHK	5.8	1.0	1.5	1.0	0.5	1.0	1.0	2.0	0.5	1.0	2.0	2.0	1.0	1.0	1.5	0.5	14
MIAX	6.0	2.0	2.0	1.0	1.0	0.0	1.0	2.0	0.0	1.5	2.0	2.0	1.0	1.5	1.0	0.0	14
MICC.US	5.7	1.0	1.0	1.0	1.0	1.0	1.5	1.0	1.0	1.0	1.5	1.0	1.0	1.0	2.0	1.0	12
MIR.US	5.2	2.0	2.0	1.0	0.0	1.0	1.5	1.5	1.0	0.5	2.0	1.0	1.0	0.5	0.5	0.0	14
MKC	4.7	1.5	2.0	1.0	1.0	0.0	2.0	1.5	0.5	1.5	2.0	0.0	0.0	1.0	0.0	0.0	13
MKC/V	5.5	1.5	1.0	1.0	1.0	1.0	2.0	1.0	1.0	1.0	1.0	1.0	1.0	1.0	1.0	1.0	3
MKL	5.7	1.0	1.5	1.0	1.5	0.0	2.0	1.5	1.0	1.0	2.0	1.0	2.0	1.0	0.5	0.0	14
MLM	6.3	2.0	2.0	1.0	1.5	0.0	1.5	1.5	2.0	1.0	2.0	1.0	1.0	1.0	1.5	0.0	14
MLR	7.3	1.5	2.0	1.0	1.5	1.0	2.0	2.0	1.0	0.5	2.0	2.0	2.0	1.0	1.0	1.5	13
MMM	6.3	1.5	1.5	1.0	2.0	1.0	1.0	1.5	1.5	2.0	2.0	1.0	1.0	1.5	0.0	0.5	14
MMS	6.2	1.5	2.0	1.0	0.5	1.0	2.0	1.0	1.0	1.5	2.0	2.0	1.0	1.5	0.5	0.0	13
MNSO	4.8	1.5	2.0	1.0	1.5	0.0	2.0	0.5	0.0	1.0	0.0	2.0	2.0	1.0	0.0	0.0	14
MNTN	6.5	2.0	2.0	1.0	1.0	1.0	1.5	2.0	1.0	1.5	2.0	1.0	1.0	1.0	1.5	0.0	13
MO	5.3	1.5	1.0	1.0	1.5	2.0	2.0	1.0	1.0	1.0	1.5	0.0	0.0	2.0	0.0	0.5	13
MOD	7.0	2.0	2.0	1.0	1.0	0.0	1.5	2.0	1.0	1.0	2.0	2.0	2.0	1.5	0.5	1.5	14
MOH	5.2	1.0	1.5	1.0	1.0	1.0	1.0	0.0	1.5	0.0	2.0	2.0	2.0	0.5	0.5	0.5	14
MOS	3.5	1.5	2.0	1.0	0.5	0.0	2.0	0.0	0.0	0.0	2.0	1.0	0.0	0.5	0.0	0.0	14
MOV	6.7	1.5	2.0	1.0	1.0	1.0	2.0	2.0	1.0	1.0	2.0	1.0	1.0	1.0	0.5	2.0	14
MP	4.8	2.0	2.0	1.0	0.0	0.0	1.5	2.0	0.5	0.0	2.0	1.0	1.0	0.0	1.5	0.0	14
MPC	6.7	1.5	0.5	1.0	1.5	1.5	1.0	2.0	1.5	2.0	2.0	1.0	1.0	1.5	0.0	2.0	14
MPLX.US	6.2	1.5	1.5	1.0	2.0	1.0	2.0	1.5	0.5	2.0	0.5	0.0	1.0	1.0	2.0	1.0	14
MPT	5.2	1.5	2.0	1.0	0.0	0.0	1.5	2.0	1.0	0.0	1.5	1.0	2.0	1.0	1.0	0.0	13
MRK	6.7	1.5	1.5	1.0	2.0	1.0	1.0	2.0	1.5	1.0	2.0	1.0	1.0	1.5	0.0	2.0	14
MRP	4.7	1.5	2.0	1.0	1.0	0.0	2.0	1.0	0.0	1.0	2.0	1.0	0.0	1.0	0.5	0.0	14
MRSH	5.7	1.5	1.5	1.0	2.0	0.0	1.5	1.5	1.0	2.0	2.0	1.0	1.0	1.0	0.0	0.0	14
MRTX.CVR	5.0	1.0	1.0	1.0	1.0	1.0	1.0	1.0	1.0	1.0	1.0	1.0	1.0	1.0	1.0	1.0	0
MS	7.2	1.5	2.0	1.0	2.0	0.0	1.5	2.0	1.0	1.5	1.5	2.0	2.0	0.5	2.0	1.0	14
MSA	6.7	1.0	1.5	1.0	1.5	1.0	2.0	1.5	1.0	1.5	2.0	1.0	2.0	1.5	1.0	0.5	13
MSCI	6.0	2.0	1.5	1.0	1.5	1.0	2.0	1.0	1.0	1.0	2.0	0.0	1.0	2.0	0.5	0.5	13
MSDL	5.0	1.0	1.5	1.0	1.0	0.0	2.0	1.0	1.0	0.5	1.0	2.0	2.0	1.0	0.0	0.0	13
MSGE	6.8	1.5	1.5	1.0	1.5	2.0	1.5	2.0	1.0	2.0	2.0	0.0	1.0	1.0	0.5	2.0	13
MSGS	5.3	1.5	2.0	1.0	1.0	2.0	1.5	0.0	1.0	1.0	2.0	0.0	0.0	0.5	0.5	2.0	12
MSI	6.3	2.0	1.5	1.0	1.5	1.0	2.0	1.5	1.0	2.0	2.0	1.0	1.0	1.5	0.0	0.0	13
MSM	8.0	1.5	2.0	1.0	1.0	2.0	2.0	1.5	1.0	1.5	2.0	2.0	1.0	1.5	2.0	2.0	14
MT.US	5.5	2.0	2.0	1.0	2.0	0.0	1.5	2.0	2.0	0.5	0.0	1.0	0.0	0.5	0.0	2.0	14
MTB	5.5	1.0	1.5	1.0	1.5	0.0	1.5	1.5	2.0	1.0	2.0	1.0	1.0	0.5	0.0	1.0	12
MTD	6.2	1.5	1.0	1.0	1.5	2.0	1.5	1.5	0.5	1.0	2.0	1.0	1.0	2.0	0.0	1.0	13
MTDR	5.8	2.0	2.0	1.0	0.5	1.0	1.5	2.0	1.0	1.0	2.0	0.0	0.0	1.0	1.0	1.5	14
MTG	5.8	1.0	1.5	1.0	1.0	1.0	2.0	1.5	1.0	1.0	2.0	1.0	1.0	1.5	0.5	0.5	14
MTH	4.7	1.5	2.0	1.0	0.5	0.0	1.5	0.5	0.5	1.0	2.0	1.0	1.0	1.0	0.5	0.0	14
MTN	4.7	1.0	1.0	1.0	0.0	2.0	1.0	0.5	1.0	2.0	2.0	0.0	1.0	1.0	0.5	0.0	13
MTRN	7.2	1.5	1.5	1.0	1.5	2.0	2.0	1.5	1.0	1.0	2.0	2.0	1.0	1.0	0.5	2.0	14
MTW	6.2	0.5	0.0	1.0	1.5	2.0	1.5	2.0	1.0	0.5	2.0	2.0	1.0	1.0	0.5	2.0	13
MTX	5.5	1.5	2.0	1.0	1.5	0.0	2.0	1.5	1.0	0.0	2.0	1.0	1.0	1.0	0.5	0.5	14
MTZ	6.7	2.0	2.0	1.0	1.0	0.0	1.0	2.0	1.0	1.5	2.0	1.0	2.0	1.0	2.0	0.5	14
MUFG	5.8	1.5	1.5	1.0	2.0	1.0	2.0	2.0	1.0	1.0	0.0	1.0	1.0	0.5	0.0	2.0	11
MUR	6.0	1.0	1.0	1.0	1.0	2.0	1.5	2.0	0.5	1.0	2.0	0.0	1.0	1.0	1.0	2.0	14
MUSA	6.5	1.0	1.5	1.0	1.5	1.0	1.5	2.0	1.0	2.0	2.0	0.0	1.0	1.5	1.0	1.5	14
MUX	5.8	1.5	2.0	1.0	0.0	0.0	2.0	2.0	1.0	1.0	1.5	2.0	2.0	0.0	1.5	0.0	13
MWA	5.7	1.5	2.0	1.0	1.0	0.0	2.0	2.0	0.0	1.5	2.0	1.0	1.0	1.5	0.5	0.0	14
MXL	6.5	1.5	1.5	1.0	1.0	2.0	1.5	2.0	1.0	0.0	2.0	2.0	1.0	0.0	1.0	2.0	13
MYE	7.3	1.5	2.0	1.0	1.5	1.0	2.0	2.0	1.0	1.5	2.0	2.0	1.0	1.0	0.5	2.0	13
MYO	6.5	1.5	2.0	1.0	1.5	1.0	2.0	2.0	1.0	0.0	1.0	2.0	2.0	0.0	1.0	1.5	13
NABL	5.0	1.0	1.5	1.0	1.0	1.0	0.5	1.5	1.0	0.0	2.0	1.0	2.0	1.0	0.5	0.0	13
NAK	3.3	1.5	2.0	1.0	1.0	0.0	2.0	0.5	1.0	0.0	0.5	0.0	0.0	0.0	0.5	0.0	14
NAT	5.3	1.0	0.5	1.0	1.0	1.5	0.5	0.0	1.0	2.0	1.5	1.0	1.0	1.0	1.0	2.0	13
NATL	6.3	1.0	1.5	1.0	1.0	1.0	2.0	2.0	1.0	2.0	2.0	1.0	1.0	1.0	0.5	1.0	13
NBHC	5.0	1.5	2.0	1.0	1.0	0.0	2.0	0.5	0.0	1.0	2.0	1.0	1.0	0.5	1.0	0.5	12
NBR	7.0	1.0	2.0	1.0	1.0	0.0	1.5	2.0	1.0	1.5	2.0	2.0	2.0	1.0	1.0	2.0	14
NCLH	4.3	1.0	2.0	1.0	0.0	0.0	1.0	2.0	1.0	2.0	2.0	0.0	0.0	1.0	0.0	0.0	14
NE	6.0	1.0	1.5	1.0	0.5	0.0	1.5	0.0	1.0	0.5	2.0	2.0	2.0	1.0	2.0	2.0	14
NEE	4.5	1.5	1.5	1.0	1.5	0.0	1.0	1.5	1.5	1.0	2.0	0.0	0.0	1.0	0.0	0.0	14
NEM	7.8	2.0	2.0	1.0	2.0	1.0	1.0	2.0	1.0	2.0	2.0	2.0	2.0	2.0	0.0	1.5	14
NET	5.8	1.5	1.0	1.0	1.5	2.0	0.5	1.5	0.5	0.0	2.0	2.0	2.0	0.0	0.0	2.0	14
NEXA	6.0	1.0	1.5	1.0	2.0	0.0	2.0	0.0	2.0	2.0	1.0	0.0	0.0	1.5	2.0	2.0	14
NFG	5.5	1.5	1.5	1.0	1.0	0.0	2.0	1.5	1.0	1.5	2.0	1.0	1.0	1.0	0.5	0.0	13
NG.US	4.5	1.5	2.0	1.0	1.0	0.0	1.5	0.5	2.0	0.0	2.0	1.0	1.0	0.0	0.0	0.0	14
NGG	4.3	1.0	1.5	1.0	2.0	0.0	2.0	1.0	1.0	1.0	0.0	0.0	1.0	1.0	0.0	0.5	12
NGS	6.7	1.5	2.0	1.0	1.5	0.0	2.0	2.0	1.0	1.0	2.0	2.0	1.0	1.0	0.5	1.5	13
NGVC	6.2	1.5	2.0	1.0	1.0	2.0	2.0	1.5	1.0	1.5	1.0	1.0	0.0	1.0	2.0	0.0	13
NGVT	7.0	1.5	1.5	1.0	1.0	1.0	2.0	2.0	1.0	2.0	2.0	2.0	1.0	1.5	0.0	1.5	13
NHI	6.0	2.0	2.0	1.0	1.5	0.0	2.0	0.0	1.0	1.0	2.0	2.0	2.0	1.0	0.5	0.0	14
NI	4.7	2.0	1.5	1.0	1.5	0.0	2.0	1.0	1.0	1.0	2.0	0.0	0.0	1.0	0.0	0.0	13
NIC	6.2	2.0	1.5	1.0	1.0	1.0	2.0	1.5	1.0	1.0	1.5	1.0	1.0	0.5	1.0	1.5	11
NIO	3.5	1.0	2.0	1.0	1.0	0.0	0.5	2.0	0.5	0.0	0.5	1.0	1.0	0.0	0.0	0.0	14
NIQ	5.7	2.0	1.0	1.0	1.0	2.0	1.0	1.0	1.0	1.0	1.0	1.0	1.0	1.0	1.0	1.0	6
NJR	5.0	1.5	2.0	1.0	1.0	0.0	2.0	2.0	1.0	1.0	2.0	0.0	0.0	1.0	0.0	0.5	13
NKE	5.0	1.0	1.0	1.0	1.0	0.0	0.0	2.0	0.0	1.5	2.0	2.0	2.0	1.0	0.5	0.0	14
NLY	5.3	2.0	2.0	1.0	1.5	0.0	2.0	1.5	1.0	1.5	1.5	0.0	1.0	1.0	0.0	0.0	14
NMAX	6.0	1.5	2.0	1.0	0.0	2.0	2.0	2.0	1.0	0.0	1.5	2.0	1.0	0.0	2.0	0.0	13
NNI	5.5	1.0	1.0	1.0	1.5	0.0	2.0	2.0	1.0	1.0	1.0	1.0	1.0	0.5	2.0	0.5	13
NNN	4.7	1.5	1.5	1.0	1.5	0.0	2.0	1.0	1.5	1.0	2.0	0.0	0.0	1.0	0.0	0.0	14
NOAH	5.2	1.5	2.0	1.0	2.0	0.0	2.0	1.0	1.0	1.0	1.0	1.0	1.0	1.0	0.0	0.0	12
NOC	5.7	1.5	2.0	1.0	2.0	0.0	1.0	1.5	0.0	2.0	2.0	1.0	2.0	1.0	0.0	0.0	14
NOG	5.0	1.0	1.5	1.0	0.0	2.0	1.5	1.5	1.0	0.0	2.0	0.0	1.0	1.0	0.5	1.0	14
NOK	6.7	2.0	2.0	1.0	2.0	1.0	1.5	2.0	0.0	0.5	0.5	2.0	2.0	1.0	0.5	2.0	14
NOMD	5.8	1.5	2.0	1.0	1.5	1.0	1.5	1.5	1.0	0.5	1.5	1.0	1.0	1.0	1.5	0.0	13
NOV	5.3	1.0	1.5	1.0	0.5	0.0	1.5	0.0	1.0	0.5	2.0	2.0	2.0	1.0	0.0	2.0	14
NOW	5.2	2.0	1.5	1.0	1.5	2.0	0.0	1.5	1.0	1.0	2.0	0.0	1.0	1.0	0.0	0.0	14
NP	6.3	1.5	1.5	1.0	1.0	1.0	1.5	1.0	2.0	1.0	2.0	1.0	0.0	2.0	2.0	0.5	13
NPK	6.2	1.0	1.5	1.0	1.0	2.0	2.0	0.0	1.0	1.0	1.5	1.0	1.0	1.0	2.0	1.5	13
NPKI	6.7	1.5	2.0	1.0	1.5	0.0	2.0	2.0	1.0	1.0	2.0	2.0	2.0	1.0	0.5	0.5	13
NPO	7.0	1.5	2.0	1.0	1.5	1.0	2.0	1.5	1.0	0.5	2.0	2.0	2.0	1.0	0.0	2.0	13
NPWR	5.0	1.0	2.0	1.0	1.0	0.0	2.0	2.0	1.0	0.0	1.0	1.0	1.0	0.0	2.0	0.0	13
NRDY	5.0	1.5	2.0	1.0	1.0	0.0	1.0	2.0	1.0	0.0	0.5	2.0	1.0	0.0	2.0	0.0	13
NRG	5.2	2.0	2.0	1.0	1.5	0.0	1.5	1.5	1.0	1.5	2.0	0.0	0.0	1.0	0.5	0.0	13
NRGV	5.0	1.5	2.0	1.0	0.0	0.0	2.0	2.0	1.0	0.0	1.5	1.0	1.0	0.0	1.5	0.5	13
NSC	5.5	1.5	1.5	1.0	1.5	1.0	1.5	1.5	1.0	1.5	2.0	0.0	1.0	1.0	0.0	0.5	14
NSP	4.8	1.5	1.5	1.0	1.0	1.0	2.0	0.0	1.0	0.0	2.0	1.0	1.0	0.0	1.0	0.5	13
NTB	6.2	1.0	1.0	1.0	1.5	1.0	2.0	1.5	1.0	1.5	2.0	1.0	1.0	0.5	0.5	2.0	11
NTR	5.0	1.5	1.5	1.0	2.0	0.0	1.5	0.5	0.0	1.0	2.0	1.0	1.0	1.0	0.0	1.0	14
NTST	5.0	2.0	2.0	1.0	0.5	0.0	2.0	1.5	1.0	0.5	2.0	1.0	1.0	0.5	0.0	0.0	14
NU	6.5	1.5	1.5	1.0	1.5	2.0	2.0	1.5	0.5	2.0	2.0	1.0	1.0	1.0	0.5	0.5	12
NUE	7.0	1.5	1.5	1.0	1.5	1.0	2.0	1.5	0.5	1.0	2.0	2.0	2.0	1.0	0.5	2.0	14
NUVB	4.7	2.0	2.0	1.0	0.0	0.0	1.0	0.0	1.5	0.0	1.5	1.0	1.0	0.0	1.5	1.5	14
NVGS	7.7	1.5	1.5	1.0	1.0	2.0	2.0	2.0	1.0	1.0	1.0	2.0	2.0	1.0	2.0	2.0	13
NVO	4.8	1.0	1.5	1.0	2.0	0.0	2.0	1.5	0.5	2.0	0.0	0.0	1.0	2.0	0.0	0.0	14
NVR	6.0	1.5	1.5	1.0	1.0	0.0	2.0	1.0	0.0	2.0	2.0	1.0	2.0	2.0	1.0	0.0	14
NVS	5.2	1.5	1.5	1.0	2.0	0.0	1.5	1.0	2.0	2.0	0.0	0.0	1.0	1.5	0.0	0.5	14
NVST	6.5	1.5	2.0	1.0	1.0	0.0	1.5	2.0	2.0	0.5	2.0	2.0	2.0	1.0	0.0	1.0	14
NVT	8.0	2.0	2.0	1.0	1.5	2.0	2.0	2.0	1.0	1.5	2.0	2.0	2.0	1.0	0.0	2.0	14
NWG	6.0	1.5	2.0	1.0	2.0	1.0	2.0	2.0	2.0	1.0	0.0	1.0	1.0	0.5	0.0	1.0	12
NWN	5.0	1.5	2.0	1.0	1.0	0.0	2.0	2.0	1.0	1.0	2.0	0.0	0.0	1.0	0.0	0.5	13
NX	6.7	1.5	2.0	1.0	0.5	0.0	2.0	2.0	1.0	1.0	2.0	2.0	2.0	1.0	0.5	1.5	13
NXDR	6.0	1.5	2.0	1.0	1.5	2.0	2.0	2.0	1.0	0.0	1.5	1.0	1.0	0.0	0.5	1.0	13
NXE	4.8	2.0	2.0	1.0	1.0	0.0	1.0	0.0	1.5	0.0	1.5	1.0	2.0	0.0	1.0	0.5	13
NXRT	5.3	1.5	2.0	1.0	0.5	0.0	1.0	2.0	1.0	0.0	2.0	2.0	1.0	0.5	1.5	0.0	13
NYT	7.3	2.0	1.5	1.0	1.0	0.0	1.5	2.0	1.5	1.5	2.0	2.0	2.0	1.5	1.5	1.0	14
O	4.8	1.5	1.5	1.0	1.5	0.0	2.0	0.0	0.5	0.5	2.0	2.0	1.0	1.0	0.0	0.0	14
OBDC	4.2	2.0	1.5	1.0	1.5	0.0	2.0	1.0	0.5	0.5	1.5	0.0	0.0	1.0	0.0	0.0	14
OBK	6.2	1.5	1.5	1.0	1.5	1.0	2.0	2.0	0.0	1.0	2.0	1.0	1.0	0.5	0.5	2.0	12
OC	4.7	1.5	2.0	1.0	1.5	0.0	1.0	1.5	0.0	0.0	2.0	1.0	1.0	1.0	0.5	0.0	14
OEC	4.5	1.0	1.5	1.0	1.5	0.0	2.0	0.0	1.0	0.0	2.0	1.0	1.0	1.0	0.5	0.0	13
OFG	5.8	1.0	1.5	1.0	1.0	1.0	2.0	2.0	1.0	1.5	2.0	1.0	1.0	0.5	0.0	1.0	12
OFRM	5.0	1.5	2.0	1.0	0.0	0.5	1.0	2.0	1.0	0.0	2.0	1.0	1.0	0.0	2.0	0.0	13
OGE	4.8	1.5	1.5	1.0	1.0	0.0	2.0	1.0	2.0	1.0	2.0	0.0	0.0	1.0	0.0	0.5	14
OGS	5.0	1.5	1.5	1.0	1.0	0.0	2.0	1.5	2.0	1.0	2.0	0.0	0.0	1.0	0.5	0.0	14
OHI	5.0	1.0	1.5	1.0	1.5	0.0	2.0	2.0	1.0	1.5	2.0	0.0	0.0	1.0	0.0	0.5	14
OI	4.0	1.5	2.0	1.0	0.5	0.0	1.5	0.0	0.0	0.0	2.0	1.0	1.0	1.0	0.5	0.0	14
OII	7.2	1.0	1.5	1.0	0.5	1.0	2.0	2.0	1.0	2.0	2.0	2.0	2.0	1.0	0.5	2.0	13
OIS	6.5	1.5	2.0	1.0	1.5	0.0	1.0	2.0	1.0	0.0	2.0	2.0	2.0	0.5	1.0	2.0	13
OKE	5.7	1.0	1.5	1.0	1.5	1.0	1.5	1.0	1.5	1.5	2.0	0.0	1.0	1.0	0.0	1.5	14
OKLO	3.8	1.0	2.0	1.0	0.0	0.0	2.0	0.0	1.0	0.0	1.0	1.0	1.0	0.0	1.5	0.0	14
OLN	4.3	1.0	2.0	1.0	0.5	0.0	1.0	2.0	1.0	0.0	2.0	1.0	1.0	0.5	0.0	0.0	14
OLP	5.3	1.0	1.5	1.0	1.5	0.0	2.0	2.0	1.0	1.0	1.0	0.0	1.0	1.0	1.5	0.5	13
OMC	4.8	2.0	2.0	1.0	1.0	0.0	1.0	1.0	1.0	1.0	2.0	0.0	1.0	1.0	0.0	0.5	14
OMF	5.7	1.5	1.5	1.0	1.5	0.0	2.0	1.5	1.0	1.5	2.0	1.0	1.0	1.0	0.0	0.5	12
ONIT	5.8	2.0	2.0	1.0	1.0	0.0	2.0	2.0	1.0	1.5	1.5	1.0	0.0	1.0	1.5	0.0	13
ONON	6.8	2.0	2.0	1.0	1.0	0.5	1.0	2.0	1.0	1.5	2.0	2.0	1.0	1.5	2.0	0.0	14
ONT.US	5.0	1.0	2.0	1.0	0.5	0.0	1.0	2.0	0.0	0.0	2.0	2.0	2.0	0.5	1.0	0.0	14
ONTO	6.7	2.0	2.0	1.0	1.0	2.0	1.5	1.5	1.0	1.0	2.0	1.0	1.0	1.0	0.0	2.0	14
OOMA	6.3	2.0	2.0	1.0	1.0	1.0	2.0	2.0	1.0	1.0	2.0	0.0	0.0	1.0	1.0	2.0	14
OPAD	4.2	1.0	2.0	1.0	0.5	1.0	2.0	0.5	1.0	0.0	1.0	1.0	0.0	0.0	1.5	0.0	13
OPFI	6.0	1.5	2.0	1.0	1.5	0.0	1.0	1.5	1.0	2.0	0.5	1.0	1.0	2.0	2.0	0.0	13
OPLN	7.7	2.0	2.0	1.0	1.5	2.0	2.0	2.0	1.0	1.0	2.0	1.0	2.0	1.0	1.0	1.5	14
OPTU	3.3	0.5	0.0	1.0	0.0	1.0	1.0	0.0	1.0	1.0	2.0	0.0	0.0	1.0	1.5	0.0	13
OR.US	5.8	1.5	2.0	1.0	1.0	0.0	1.5	1.5	1.0	1.5	2.0	2.0	1.0	1.5	0.0	0.0	13
ORA.US	5.2	1.5	2.0	1.0	0.5	0.0	1.5	2.0	1.5	0.5	2.0	1.0	1.0	1.0	0.0	0.0	14
ORCL	6.3	2.0	2.0	1.0	1.5	0.0	0.5	2.0	1.0	2.0	1.0	1.0	2.0	1.0	2.0	0.0	14
ORI	4.3	1.0	1.0	1.0	1.0	0.0	2.0	0.5	1.0	1.5	2.0	0.0	0.0	1.0	1.0	0.0	13
ORN	6.3	1.5	2.0	1.0	1.0	0.0	2.0	2.0	1.0	0.5	2.0	2.0	2.0	0.5	1.0	0.5	13
OSCR	7.0	1.0	0.5	1.0	1.0	2.0	1.5	2.0	1.0	2.0	2.0	1.0	2.0	1.0	1.0	2.0	14
OSG	4.7	2.0	2.0	1.0	1.5	1.0	1.0	2.0	1.0	0.0	1.5	0.0	0.0	0.0	1.0	0.0	13
OSK	5.8	1.5	2.0	1.0	1.5	0.0	1.5	1.0	1.5	1.0	2.0	2.0	1.0	1.0	0.0	0.5	14
OTF	4.3	1.5	2.0	1.0	2.0	0.0	1.0	2.0	1.0	0.5	1.0	0.0	0.0	1.0	0.0	0.0	13
OTIS	4.7	1.0	2.0	1.0	1.5	0.0	1.5	1.0	0.5	1.0	2.0	0.0	1.0	1.5	0.0	0.0	13
OUT	7.2	2.0	2.0	1.0	1.0	2.0	2.0	2.0	1.0	2.0	2.0	0.0	1.0	1.0	0.5	2.0	13
OVV	6.8	2.0	1.5	1.0	1.5	2.0	1.0	2.0	1.0	1.0	2.0	1.0	1.0	1.5	0.0	2.0	14
OWL	5.5	1.5	2.0	1.0	0.5	0.0	1.0	1.5	1.0	1.0	2.0	2.0	2.0	1.0	0.0	0.0	14
OXM	3.8	1.0	2.0	1.0	0.0	0.0	2.0	0.0	1.0	0.0	2.0	1.0	0.0	0.5	1.0	0.0	13
OXY	7.5	1.5	1.5	1.0	1.5	2.0	1.0	2.0	1.5	1.0	1.5	1.0	2.0	1.0	2.0	2.0	14
P	7.5	2.0	1.0	1.0	1.5	1.5	0.5	2.0	2.0	1.5	2.0	2.0	2.0	1.0	0.5	2.0	14
PAC	5.7	2.0	2.0	1.0	2.0	0.0	2.0	1.0	2.0	2.0	0.5	0.0	1.0	1.5	0.0	0.0	14
PAG	5.7	1.5	1.5	1.0	0.5	1.0	2.0	1.0	1.0	1.5	2.0	0.0	0.0	1.0	2.0	1.0	13
PAGS	6.5	1.5	1.0	1.0	0.5	2.0	2.0	1.0	1.0	1.0	2.0	2.0	2.0	1.0	0.5	1.0	14
PAM	5.7	1.5	2.0	1.0	2.0	0.0	1.0	2.0	1.0	1.5	0.0	1.0	1.0	1.0	0.5	1.5	13
PANW	5.5	2.0	1.0	1.0	1.5	2.0	1.0	1.5	0.5	0.5	2.0	0.0	1.0	0.5	0.0	2.0	14
PAR	5.3	1.5	2.0	1.0	0.0	0.0	2.0	2.0	1.0	0.0	2.0	2.0	2.0	0.0	0.5	0.0	13
PARR	7.3	2.0	1.0	1.0	0.5	2.0	1.5	2.0	0.5	2.0	2.0	2.0	1.0	2.0	0.5	2.0	14
PATH	5.8	1.0	1.5	1.0	0.0	1.0	1.5	1.5	1.0	1.5	2.0	2.0	1.0	1.0	1.5	0.0	13
PAY.US	6.2	1.5	2.0	1.0	1.0	1.0	1.5	2.0	0.5	1.5	2.0	1.0	1.0	1.5	0.5	0.5	14
PAYC	6.3	1.5	1.5	1.0	1.0	2.0	1.5	1.5	0.0	2.0	2.0	1.0	0.0	1.5	1.5	1.0	14
PB	5.5	1.0	1.5	1.0	1.5	0.0	2.0	1.5	1.5	1.0	2.0	1.0	1.0	0.5	0.5	0.5	12
PBA	4.8	1.5	1.5	1.0	1.0	1.0	2.0	0.5	1.5	1.0	1.5	0.0	0.0	1.0	0.0	1.0	13
PBF	6.2	1.0	0.5	1.0	0.5	1.5	1.0	2.0	1.0	1.5	2.0	1.0	1.0	1.0	1.5	2.0	14
PBH	5.3	1.5	2.0	1.0	0.5	0.0	2.0	0.5	1.0	1.0	2.0	1.0	2.0	1.0	0.5	0.0	13
PBI	6.0	1.0	0.5	1.0	0.5	2.0	2.0	2.0	1.0	1.0	2.0	0.0	1.0	1.5	0.5	2.0	12
PBR	6.2	2.0	0.5	1.0	1.5	1.5	2.0	1.5	1.5	2.0	0.5	0.0	1.0	1.5	0.0	2.0	14
PBR.A	6.0	2.0	2.0	1.0	1.0	1.0	2.0	1.0	1.0	1.0	1.0	1.0	1.0	1.0	1.0	1.0	3
PCG	4.8	1.0	2.0	1.0	2.0	0.0	1.0	1.5	0.0	1.0	2.0	1.0	1.0	1.0	0.0	0.0	14
PCOR	5.5	2.0	2.0	1.0	0.5	1.0	1.0	2.0	1.0	0.0	2.0	1.0	2.0	0.0	1.0	0.0	14
PCRX	4.8	1.0	1.0	1.0	0.0	1.5	2.0	0.5	0.0	0.5	2.0	1.0	1.0	0.5	0.5	2.0	14
PD	6.2	1.0	0.0	1.0	0.5	2.0	1.0	2.0	1.0	2.0	2.0	2.0	2.0	1.0	1.0	0.0	13
PDM	5.5	1.5	2.0	1.0	1.0	1.0	2.0	0.0	1.0	0.0	2.0	1.0	2.0	0.5	0.5	1.0	13
PEB	4.3	1.0	1.0	1.0	0.0	2.0	1.0	0.0	1.0	0.0	2.0	0.0	1.0	0.5	0.5	2.0	13
PEG	5.0	1.5	1.5	1.0	1.5	0.0	2.0	1.5	2.0	1.0	2.0	0.0	0.0	1.0	0.0	0.0	14
PEN	5.3	1.0	1.5	1.0	1.0	0.0	2.0	1.0	1.0	1.0	2.0	1.0	1.0	1.0	0.5	1.0	13
PFE	6.0	1.5	1.5	1.0	1.5	2.0	1.5	2.0	1.0	1.0	1.5	1.0	1.0	1.0	0.0	0.5	14
PFGC	5.2	2.0	2.0	1.0	1.0	0.0	1.5	0.5	0.0	1.0	2.0	2.0	1.0	1.0	0.5	0.0	14
PFS	5.8	2.0	2.0	1.0	1.0	0.0	2.0	1.5	1.0	1.0	2.0	1.0	1.0	0.5	0.5	1.0	12
PFSI	4.2	1.5	2.0	1.0	0.5	0.0	1.5	0.0	1.0	1.0	1.5	0.0	0.0	0.5	2.0	0.0	14
PG	6.0	1.5	1.0	1.0	2.0	2.0	2.0	1.5	1.0	2.0	2.0	0.0	0.0	1.5	0.0	0.5	14
PGR	5.7	1.5	1.5	1.0	2.0	2.0	1.5	0.5	2.0	2.0	2.0	0.0	0.0	1.0	0.0	0.0	14
PH	7.0	2.0	2.0	1.0	2.0	1.0	1.5	1.5	1.0	2.0	2.0	1.0	1.0	1.5	0.0	1.5	14
PHIN	6.3	1.5	2.0	1.0	0.5	0.0	2.0	2.0	1.0	1.0	2.0	2.0	2.0	1.0	0.5	0.5	13
PHM	5.0	1.5	2.0	1.0	1.0	0.0	1.0	1.0	1.0	1.0	2.0	1.0	1.0	1.5	0.0	0.0	14
PHR	5.8	1.5	2.0	1.0	1.0	0.0	1.0	2.0	0.5	0.5	2.0	2.0	2.0	1.0	1.0	0.0	14
PII	4.8	1.0	2.0	1.0	0.5	0.0	1.5	2.0	1.5	0.0	2.0	1.0	0.0	1.0	1.0	0.0	14
PINE	5.7	2.0	2.0	1.0	1.5	0.0	2.0	0.0	1.0	0.5	1.5	1.0	1.0	1.0	1.0	1.5	13
PINS	5.0	1.5	2.0	1.0	0.5	0.0	1.0	1.5	1.0	1.0	2.0	1.0	1.0	1.0	0.5	0.0	14
PIPR	6.7	1.5	2.0	1.0	1.5	0.0	2.0	2.0	1.0	1.5	2.0	2.0	1.0	2.0	0.5	0.0	13
PJT	7.2	1.5	2.0	1.0	1.0	0.0	2.0	2.0	1.0	2.0	2.0	2.0	2.0	2.0	1.0	0.0	13
PK	4.0	1.0	1.0	1.0	0.0	1.0	1.0	0.0	1.5	0.0	2.0	0.0	0.0	1.0	0.5	2.0	14
PKE	6.3	1.5	2.0	1.0	1.0	0.0	2.0	2.0	1.0	1.0	2.0	1.0	1.0	1.0	0.5	2.0	13
PKG	6.7	1.5	1.5	1.0	1.5	1.0	2.0	1.0	1.0	1.0	2.0	2.0	2.0	1.5	0.5	0.5	14
PL	5.3	1.5	2.0	1.0	1.0	0.0	1.0	2.0	1.0	0.0	2.0	2.0	1.0	0.0	0.5	1.0	13
PLD	5.5	1.5	2.0	1.0	1.5	0.0	2.0	2.0	1.5	1.0	2.0	0.0	0.0	1.0	0.0	1.0	14
PLGO	6.5	1.5	1.5	1.0	1.0	2.0	1.5	0.5	1.0	1.5	2.0	1.0	1.0	1.0	1.5	1.5	14
PLNT	5.8	1.5	2.0	1.0	0.5	0.0	1.5	1.5	1.0	1.0	2.0	2.0	2.0	1.5	0.0	0.0	13
PLOW	7.0	1.0	2.0	1.0	1.5	0.0	2.0	2.0	1.0	1.5	2.0	2.0	2.0	1.0	0.5	1.5	13
PLX	7.7	1.5	2.0	1.0	1.5	2.0	2.0	2.0	1.0	2.0	0.5	2.0	2.0	2.0	0.5	1.0	13
PM	6.3	2.0	1.5	1.0	2.0	2.0	2.0	1.5	1.0	1.0	2.0	0.0	0.0	1.5	0.0	1.5	12
PMT	5.2	1.0	2.0	1.0	0.5	0.0	1.5	0.5	1.0	1.0	2.0	2.0	2.0	0.5	0.5	0.0	13
PNC	5.8	1.5	2.0	1.0	2.0	0.0	2.0	1.5	1.0	1.0	2.0	1.0	1.0	0.5	0.0	1.0	12
PNFP	5.8	1.5	2.0	1.0	1.5	0.0	2.0	1.5	1.5	1.0	2.0	1.0	1.0	0.5	0.5	0.5	12
PNR	5.7	1.5	2.0	1.0	1.5	0.0	1.5	1.5	1.0	1.5	2.0	1.0	1.0	1.5	0.0	0.0	14
PNW	4.8	1.0	1.0	1.0	0.5	1.0	2.0	2.0	1.5	1.0	2.0	0.0	0.0	1.0	0.0	0.5	14
POR	4.2	1.0	1.5	1.0	1.0	0.0	1.5	0.0	2.0	1.0	2.0	0.0	0.0	1.0	0.0	0.5	14
POST	6.2	1.5	2.0	1.0	0.5	0.0	2.0	2.0	1.0	1.0	2.0	2.0	1.0	1.0	1.5	0.0	14
PPG	6.7	2.0	2.0	1.0	1.5	0.0	2.0	1.0	1.5	1.5	2.0	2.0	2.0	1.0	0.0	0.5	14
PPL	5.0	2.0	2.0	1.0	1.0	0.0	2.0	1.0	1.0	1.0	2.0	0.0	1.0	1.0	0.0	0.0	13
PRG	6.3	2.0	2.0	1.0	1.0	0.0	1.5	2.0	1.0	1.5	2.0	1.0	1.0	2.0	0.5	0.5	13
PRGO	5.8	1.5	1.5	1.0	0.0	2.0	2.0	2.0	1.0	0.0	2.0	2.0	2.0	0.5	0.0	0.0	13
PRI	6.0	1.0	2.0	1.0	1.0	0.0	2.0	1.5	1.0	2.0	2.0	1.0	2.0	1.0	0.0	0.5	13
PRIM	5.7	1.5	2.0	1.0	0.5	1.0	1.0	2.0	0.5	1.0	2.0	1.0	2.0	1.0	0.5	0.0	14
PRK	5.7	1.0	1.5	1.0	1.5	1.0	2.0	1.5	1.0	1.0	1.5	1.0	1.0	0.5	0.5	1.0	11
PRKS	3.7	1.5	2.0	1.0	0.0	0.0	1.0	0.0	1.0	1.0	2.0	0.0	0.0	1.0	0.5	0.0	13
PRLB	6.5	1.5	0.5	1.0	1.5	2.0	2.0	2.0	1.0	0.5	2.0	1.0	1.0	1.0	0.5	2.0	13
PRM	6.0	1.5	2.0	1.0	1.0	0.0	2.0	2.0	1.0	0.0	2.0	2.0	1.0	0.0	1.0	1.5	13
PRMB	5.2	1.5	2.0	1.0	0.0	0.0	2.0	2.0	1.0	0.5	2.0	1.0	1.0	1.0	0.5	0.0	14
PRU	5.0	1.0	1.0	1.0	1.0	1.0	1.5	2.0	1.5	1.0	1.5	0.0	1.0	0.5	0.0	1.0	14
PS	5.5	1.0	0.5	1.0	2.0	1.5	1.5	2.0	0.0	0.5	2.0	0.0	0.0	0.5	2.0	2.0	14
PSA	5.2	1.5	1.5	1.0	1.5	0.0	2.0	1.0	1.5	1.5	2.0	0.0	0.0	1.0	1.0	0.0	14
PSFE	4.7	0.5	2.0	1.0	0.5	0.0	2.0	2.0	1.0	0.0	1.5	1.0	0.0	0.5	2.0	0.0	14
PSN.US	6.3	2.0	2.0	1.0	0.5	0.0	2.0	1.5	1.5	1.0	2.0	2.0	2.0	1.0	0.5	0.0	14
PSO	6.0	1.0	1.0	1.0	2.0	2.0	2.0	1.0	1.0	1.0	0.0	2.0	2.0	1.0	0.0	1.0	12
PSQH	4.3	1.5	2.0	1.0	1.0	0.0	2.0	0.0	1.0	0.0	0.5	1.0	1.0	0.0	2.0	0.0	13
PSTL	6.8	2.0	1.5	1.0	1.0	1.0	1.5	2.0	1.0	1.0	2.0	2.0	1.0	1.0	0.5	2.0	13
PSX	6.3	1.5	1.0	1.0	2.0	1.5	1.0	2.0	0.5	1.5	2.0	1.0	1.0	1.0	0.0	2.0	14
PUK	5.3	2.0	2.0	1.0	2.0	0.0	2.0	1.0	1.0	1.5	0.0	2.0	1.0	0.5	0.0	0.0	12
PUMP.US	4.3	2.0	2.0	1.0	0.5	0.0	1.0	0.0	0.0	0.0	2.0	1.0	1.0	0.0	0.5	2.0	14
PVH	5.5	1.0	1.5	1.0	0.5	2.0	1.5	2.0	0.0	0.0	2.0	2.0	1.0	1.0	0.5	0.5	14
PWR	7.2	2.0	1.5	1.0	1.5	2.0	1.5	2.0	1.5	1.5	2.0	1.0	1.0	1.0	0.0	2.0	14
PXED	6.5	1.5	2.0	1.0	0.5	0.0	1.0	2.0	1.0	2.0	2.0	2.0	2.0	2.0	0.5	0.0	14
Q	7.0	2.0	2.0	1.0	1.5	0.0	2.0	2.0	1.0	1.0	2.0	2.0	2.0	1.0	0.0	1.5	14
QSR	5.8	1.5	1.5	1.0	1.0	0.0	2.0	1.5	1.0	2.0	2.0	1.0	1.0	1.0	0.5	0.5	14
QTWO	5.5	2.0	2.0	1.0	0.5	1.0	2.0	1.5	1.5	1.0	2.0	0.0	1.0	1.0	0.0	0.0	14
QUAD.US	7.2	2.0	2.0	1.0	1.0	1.0	2.0	2.0	1.0	2.0	1.5	0.0	1.0	1.0	2.0	2.0	13
QXO	4.0	2.0	2.0	1.0	0.5	0.0	0.0	1.5	1.0	0.0	2.0	1.0	1.0	0.0	0.0	0.0	14
R	6.5	2.0	2.0	1.0	1.5	1.0	2.0	1.5	1.0	1.5	2.0	0.0	1.0	1.0	0.5	1.5	13
RACE	7.3	2.0	2.0	1.0	1.5	1.0	2.0	1.0	1.0	2.0	1.0	2.0	2.0	1.5	2.0	0.0	14
RAL	6.7	2.0	1.5	1.0	1.0	2.0	2.0	1.5	1.0	0.0	2.0	2.0	1.0	1.0	0.0	2.0	14
RAMP	6.5	1.0	1.0	1.0	0.5	1.0	2.0	2.0	1.0	1.5	2.0	2.0	1.0	1.0	0.5	2.0	13
RBA	5.5	2.0	2.0	1.0	0.5	0.0	1.5	1.5	2.0	1.0	2.0	1.0	1.0	1.0	0.0	0.0	14
RBLX	4.3	1.5	1.5	1.0	1.5	1.0	1.0	2.0	0.0	0.0	2.0	0.0	1.0	0.0	0.5	0.0	14
RBRK	7.0	2.0	1.0	1.0	1.0	2.0	1.5	2.0	1.0	1.0	2.0	2.0	2.0	0.0	0.5	2.0	13
RC	3.7	0.5	1.0	1.0	0.5	0.0	2.0	0.0	1.0	0.0	1.5	1.0	1.0	0.0	1.5	0.0	13
RCI	5.8	2.0	2.0	1.0	1.0	0.0	2.0	1.5	2.0	2.0	1.5	0.0	0.0	1.0	1.5	0.0	13
RCL	6.0	2.0	2.0	1.0	1.0	1.0	1.5	1.5	2.0	2.0	2.0	0.0	0.0	1.0	1.0	0.0	14
RCUS	5.5	1.5	2.0	1.0	0.5	0.0	1.0	1.0	1.5	0.0	2.0	1.0	1.0	0.0	2.0	2.0	14
RDDT	5.8	1.5	2.0	1.0	0.5	1.0	0.5	2.0	1.0	2.0	2.0	1.0	1.0	2.0	0.0	0.0	14
RDN	6.0	2.0	2.0	1.0	1.0	0.0	2.0	1.0	1.0	1.0	2.0	2.0	1.0	1.0	0.5	0.5	14
RDW.US	3.8	1.5	2.0	1.0	0.5	0.0	0.5	0.5	1.0	0.0	1.5	1.0	1.0	0.0	0.5	0.5	13
REA	5.0	1.0	2.0	1.0	1.5	0.5	2.0	0.0	1.0	1.0	0.0	1.0	1.0	1.0	2.0	0.0	11
REF	5.8	2.0	2.0	1.0	1.0	0.5	1.5	1.5	1.0	1.0	0.0	2.0	1.0	1.0	2.0	0.0	10
REI	5.5	1.5	2.0	1.0	1.5	1.0	2.0	2.0	1.0	0.0	1.0	0.0	0.0	1.0	1.0	1.5	13
REPX	6.5	1.5	1.0	1.0	1.5	2.0	2.0	1.0	1.0	1.5	2.0	0.0	0.0	1.5	1.5	2.0	13
REXR	4.8	2.0	1.5	1.0	1.0	1.0	2.0	2.0	1.5	0.0	2.0	0.0	0.0	0.5	0.0	0.0	14
REZI	6.5	1.5	2.0	1.0	1.0	0.0	2.0	2.0	1.0	1.5	2.0	2.0	2.0	1.0	0.5	0.0	13
RF	5.0	1.0	1.5	1.0	1.0	0.0	1.5	1.5	1.5	1.0	2.0	1.0	1.0	0.5	0.0	0.5	12
RGA	6.8	1.5	1.5	1.0	2.0	2.0	1.5	2.0	2.0	1.0	2.0	1.0	1.0	0.5	0.0	1.5	14
RGR	5.5	1.5	1.5	1.0	1.5	2.0	2.0	0.0	1.0	0.5	1.5	1.0	1.0	0.5	1.5	0.0	13
RH	4.8	1.0	2.0	1.0	0.0	0.0	1.0	2.0	0.0	2.0	2.0	1.0	0.0	1.0	1.5	0.0	14
RHI	4.7	1.0	1.5	1.0	0.0	1.0	0.5	1.5	1.0	1.0	2.0	1.0	1.0	0.5	0.5	0.5	13
RHP	6.7	2.0	1.5	1.0	1.0	1.0	2.0	2.0	1.0	1.5	2.0	1.0	1.0	1.0	0.5	1.5	14
RIG	5.7	1.0	2.0	1.0	0.0	0.0	0.5	1.5	2.0	0.0	2.0	2.0	1.0	1.0	1.0	2.0	14
RIO	5.2	1.0	1.0	1.0	2.0	0.0	2.0	1.0	0.0	1.5	0.5	1.0	1.0	1.5	0.0	2.0	13
RITM	5.0	2.0	2.0	1.0	1.0	0.0	2.0	2.0	1.0	1.0	1.5	1.0	0.0	0.5	0.0	0.0	13
RJF	6.5	1.5	1.5	1.0	1.5	0.0	1.5	1.5	1.5	1.5	2.0	2.0	1.0	1.0	1.5	0.5	14
RKT	4.7	1.5	2.0	1.0	1.0	0.0	1.0	2.0	0.5	0.5	1.5	2.0	0.0	1.0	0.0	0.0	14
RL	7.7	2.0	2.0	1.0	1.0	2.0	2.0	1.5	0.5	2.0	2.0	2.0	2.0	1.5	0.5	1.0	14
RLGT	8.0	1.5	1.5	1.0	1.5	2.0	2.0	2.0	1.0	1.0	1.5	2.0	2.0	1.0	2.0	2.0	13
RLI	5.2	1.5	1.5	1.0	0.5	0.0	1.5	2.0	1.0	2.0	2.0	1.0	0.0	1.0	0.5	0.0	13
RLJ	6.2	1.0	1.5	1.0	0.5	1.0	2.0	2.0	0.0	0.5	2.0	1.0	2.0	0.5	1.5	2.0	14
RM	6.5	1.5	2.0	1.0	1.0	1.0	2.0	1.5	2.0	1.0	2.0	1.0	1.0	1.0	1.5	0.0	14
RMD	6.2	1.0	1.0	1.0	0.5	2.0	2.0	1.5	1.5	1.5	2.0	1.0	2.0	1.5	0.0	0.0	14
RNG	5.8	1.5	0.5	1.0	0.5	2.0	1.0	1.5	1.0	1.0	2.0	1.0	1.0	1.0	0.5	2.0	12
RNGR	6.7	1.5	2.0	1.0	2.0	0.0	2.0	0.0	1.0	0.5	2.0	2.0	2.0	1.0	1.5	1.5	13
RNR	7.0	1.0	1.0	1.0	1.5	2.0	2.0	2.0	1.0	1.5	2.0	1.0	2.0	1.0	0.5	1.5	14
RNST	5.5	1.5	2.0	1.0	1.0	0.0	2.0	1.5	1.0	1.0	2.0	1.0	1.0	0.5	0.5	0.5	12
ROG	7.0	1.5	2.0	1.0	1.5	2.0	2.0	2.0	1.0	0.5	2.0	1.0	1.0	1.0	0.5	2.0	13
ROK	6.7	1.5	1.5	1.0	1.5	1.0	1.5	2.0	1.0	2.0	2.0	1.0	1.0	1.5	0.0	1.5	14
ROL	4.5	1.0	1.5	1.0	1.0	0.0	1.0	1.0	0.0	2.0	1.5	0.0	0.0	1.5	2.0	0.0	14
RPC.US	6.2	1.5	2.0	1.0	1.5	0.0	1.5	1.5	1.0	1.0	1.5	2.0	1.0	1.0	2.0	0.0	13
RPM	6.3	2.0	2.0	1.0	1.5	0.0	1.5	2.0	1.0	1.5	2.0	2.0	1.0	1.0	0.5	0.0	14
RPT	5.3	1.5	2.0	1.0	1.5	0.0	2.0	0.0	1.0	0.5	2.0	2.0	2.0	0.5	0.0	0.0	13
RRC	5.5	1.0	1.5	1.0	0.5	2.0	1.5	2.0	1.0	1.5	2.0	0.0	0.0	1.5	0.5	0.5	14
RRX	5.8	2.0	2.0	1.0	1.0	0.0	1.5	1.5	1.0	0.5	2.0	2.0	1.0	1.0	0.0	1.0	14
RS	6.0	1.0	1.0	1.0	1.5	1.0	2.0	1.5	1.0	1.0	2.0	1.0	1.0	1.0	0.0	2.0	14
RSG	5.8	1.5	1.5	1.0	1.5	2.0	2.0	1.5	1.0	1.5	2.0	0.0	1.0	1.0	0.0	0.0	14
RSI	6.8	2.0	2.0	1.0	1.0	0.0	1.5	1.5	1.0	2.0	2.0	2.0	2.0	1.5	0.5	0.5	14
RSKD	6.2	1.5	1.0	1.0	2.0	1.5	1.5	2.0	1.0	0.0	1.5	1.0	1.0	0.0	1.5	2.0	13
RTO.US	5.0	1.5	2.0	1.0	2.0	0.0	2.0	1.0	1.0	1.0	0.5	1.0	1.0	1.0	0.0	0.0	12
RTX	6.3	1.5	2.0	1.0	2.0	0.0	2.0	2.0	1.5	1.0	2.0	1.0	1.0	1.0	0.0	1.0	14
RVLV	6.0	1.5	2.0	1.0	0.5	0.0	1.5	2.0	1.0	1.0	2.0	2.0	2.0	1.0	0.0	0.5	13
RVTY	6.2	1.5	0.5	1.0	1.0	2.0	1.0	1.5	0.5	0.5	2.0	2.0	2.0	1.0	0.0	2.0	14
RWT	4.3	1.5	2.0	1.0	0.0	0.0	1.0	0.0	1.0	0.5	2.0	1.0	1.0	0.5	1.5	0.0	14
RXO	5.0	1.5	1.0	1.0	0.0	1.5	1.0	0.0	2.0	0.0	2.0	1.0	2.0	0.0	0.0	2.0	14
RY	5.7	1.5	1.5	1.0	1.0	1.0	2.0	1.5	1.0	1.5	1.0	1.0	1.0	0.5	0.0	1.5	10
RYAN	5.0	1.5	2.0	1.0	0.5	0.0	1.5	1.5	1.0	1.5	2.0	0.0	0.0	1.0	1.5	0.0	14
RYN	5.0	1.5	2.0	1.0	1.5	0.0	1.0	2.0	1.0	0.5	2.0	1.0	1.0	0.5	0.0	0.0	13
S.US	5.5	1.5	1.0	1.0	1.0	2.0	1.0	2.0	0.0	0.0	2.0	1.0	2.0	0.0	0.0	2.0	14
SA	5.7	1.5	2.0	1.0	1.5	0.0	2.0	2.0	1.0	0.5	1.5	2.0	1.0	0.0	0.5	0.5	13
SAFE.US	4.8	1.0	2.0	1.0	1.0	0.0	1.0	1.0	0.0	0.5	2.0	1.0	1.0	1.0	2.0	0.0	14
SAH	5.0	0.5	1.5	1.0	0.0	0.0	2.0	1.0	1.5	1.5	2.0	1.0	0.0	1.0	2.0	0.0	14
SAM	4.2	0.5	1.0	1.0	0.0	0.0	1.5	1.0	1.5	0.0	2.0	1.0	1.0	1.0	1.0	0.0	14
SAP	6.2	2.0	1.5	1.0	2.0	2.0	2.0	1.5	1.5	1.5	0.0	1.0	1.0	1.5	0.0	0.0	14
SAR.US	4.7	1.5	2.0	1.0	1.5	0.0	2.0	0.5	1.0	0.5	0.5	0.0	1.0	1.0	1.5	0.0	13
SARO	5.2	1.5	2.0	1.0	0.5	0.0	1.0	1.0	0.5	1.0	2.0	2.0	2.0	1.0	0.0	0.0	14
SBH	5.5	1.5	1.5	1.0	0.0	1.0	1.0	1.5	1.0	1.5	2.0	2.0	0.0	1.0	0.5	1.0	13
SBS	6.2	1.5	1.0	1.0	2.0	1.5	2.0	0.5	1.0	1.5	0.5	1.0	2.0	1.0	0.0	2.0	13
SBSI	4.7	1.0	1.5	1.0	1.5	0.0	2.0	0.0	1.0	1.0	1.5	1.0	1.0	0.5	0.5	0.5	12
SBSW	6.2	1.5	2.0	1.0	2.0	0.0	1.5	1.0	1.0	2.0	0.5	2.0	2.0	2.0	0.0	0.0	13
SCCO	5.7	0.0	0.5	1.0	0.5	1.0	1.5	1.5	1.0	2.0	0.0	1.0	1.0	2.0	2.0	2.0	14
SCHW	5.8	2.0	2.0	1.0	2.0	0.0	1.0	1.5	1.0	1.5	2.0	0.0	1.0	1.0	1.0	0.5	14
SCI	5.3	2.0	2.0	1.0	1.5	0.0	2.0	1.0	1.0	2.0	2.0	0.0	0.0	1.0	0.5	0.0	13
SCL	6.0	1.5	2.0	1.0	1.5	1.0	2.0	0.5	1.0	0.0	2.0	1.0	1.0	1.0	1.0	1.5	13
SCM	4.3	1.0	1.5	1.0	1.5	0.0	2.0	1.0	1.0	1.0	0.5	0.0	1.0	1.0	0.5	0.0	13
SDHC	4.7	0.5	2.0	1.0	0.0	0.0	2.0	2.0	1.0	1.0	2.0	1.0	0.0	1.0	0.5	0.0	14
SDRL	6.2	1.5	1.5	1.0	1.0	1.0	2.0	0.0	1.0	0.5	2.0	2.0	2.0	1.0	0.0	2.0	13
SE	5.3	1.5	2.0	1.0	1.5	0.0	1.0	0.5	1.0	1.0	1.5	1.0	1.0	1.0	2.0	0.0	14
SEAT	3.8	1.5	2.0	1.0	0.0	0.0	0.5	2.0	1.0	0.0	2.0	0.0	0.0	0.0	1.5	0.0	13
SEG	5.0	1.5	2.0	1.0	1.0	0.0	2.0	2.0	1.0	0.0	2.0	1.0	1.0	0.0	0.5	0.0	13
SEI.US	6.8	2.0	2.0	1.0	0.0	2.0	1.5	2.0	1.0	1.0	2.0	1.0	1.0	1.0	1.0	2.0	13
SES	4.3	1.0	2.0	1.0	0.5	1.0	2.0	0.0	1.0	0.0	1.0	1.0	1.0	0.0	1.5	0.0	13
SF.US	5.2	1.0	1.5	1.0	1.5	0.0	2.0	1.5	1.0	1.5	2.0	0.0	1.0	1.0	0.5	0.0	14
SFBS	6.0	1.5	1.5	1.0	1.0	0.0	2.0	1.5	2.0	1.5	2.0	1.0	1.0	0.5	1.0	0.5	12
SGHC	7.0	2.0	2.0	1.0	0.5	0.0	2.0	2.0	1.0	2.0	0.5	2.0	2.0	2.0	2.0	0.0	14
SGI	5.0	2.0	2.0	1.0	1.0	0.0	1.5	1.5	1.0	1.5	2.0	0.0	0.0	1.0	0.5	0.0	13
SHAK	5.3	1.0	1.5	1.0	0.5	1.0	1.5	0.5	1.0	1.0	2.0	2.0	2.0	0.5	0.5	0.0	14
SHEL	6.3	1.5	1.0	1.0	2.0	2.0	2.0	1.5	1.5	1.0	0.5	1.0	1.0	1.0	0.0	2.0	14
SHO	5.8	0.5	1.0	1.0	0.5	2.0	1.5	2.0	1.0	0.5	2.0	1.0	2.0	0.5	0.5	1.5	13
SHW	5.7	1.5	2.0	1.0	1.5	0.0	2.0	1.5	1.0	2.0	2.0	0.0	0.0	1.5	1.0	0.0	14
SIG	6.3	2.0	1.5	1.0	0.0	2.0	1.5	2.0	1.0	1.5	2.0	2.0	0.0	1.0	0.5	1.0	13
SITC	5.3	1.0	1.5	1.0	0.5	1.0	2.0	2.0	1.0	2.0	2.0	1.0	1.0	0.0	0.0	0.0	13
SITE	5.5	1.5	2.0	1.0	1.0	0.0	1.0	2.0	0.5	1.0	2.0	2.0	1.0	1.0	0.5	0.0	14
SJM	5.5	1.5	1.5	1.0	1.5	1.0	2.0	2.0	1.0	0.5	2.0	0.0	0.0	1.0	0.5	1.0	14
SKE	5.7	1.5	2.0	1.0	1.0	1.0	2.0	1.0	1.0	0.0	2.0	1.0	1.0	0.0	0.5	2.0	11
SKT	4.8	1.0	1.5	1.0	1.0	0.0	2.0	1.5	0.0	1.5	2.0	0.0	1.0	1.0	0.5	0.5	14
SKY.US	6.5	2.0	2.0	1.0	1.0	0.0	2.0	2.0	0.0	1.0	2.0	2.0	2.0	1.0	0.0	1.5	14
SLB	6.2	2.0	2.0	1.0	1.5	0.0	1.5	1.5	1.0	1.0	2.0	1.0	1.0	1.0	0.0	2.0	14
SLF	5.3	1.0	1.5	1.0	1.0	1.0	1.5	1.5	1.0	1.0	1.5	1.0	1.0	0.5	0.0	1.5	13
SLG	5.7	1.5	1.5	1.0	0.0	1.0	2.0	2.0	1.5	0.0	2.0	2.0	1.0	0.5	1.0	0.0	14
SLQT	6.5	1.5	2.0	1.0	2.0	0.0	2.0	2.0	1.0	1.0	1.0	2.0	2.0	1.0	1.0	0.0	13
SLVM	5.0	1.5	2.0	1.0	0.5	0.0	2.0	0.0	2.0	1.0	2.0	1.0	1.0	1.0	0.0	0.0	14
SM	6.0	1.5	1.5	1.0	1.0	2.0	1.0	2.0	0.5	1.5	2.0	0.0	1.0	1.0	0.0	2.0	14
SMA	4.2	1.5	1.5	1.0	0.5	1.0	2.0	2.0	0.0	0.5	2.0	0.0	0.0	0.5	0.0	0.0	14
SMBK	6.0	1.0	1.0	1.0	1.5	1.0	1.5	1.5	1.0	1.0	1.5	1.0	1.0	0.5	1.5	2.0	12
SMG	6.5	1.5	2.0	1.0	0.5	0.0	2.0	2.0	2.0	1.0	2.0	1.0	1.0	1.5	2.0	0.0	13
SMHI	7.0	1.5	2.0	1.0	1.5	1.0	2.0	2.0	1.0	0.0	1.0	2.0	2.0	0.0	2.0	2.0	13
SMP.US	6.2	1.5	2.0	1.0	1.0	0.0	2.0	2.0	1.0	1.0	2.0	2.0	1.0	1.0	1.0	0.0	13
SMR	3.0	1.0	1.5	1.0	0.0	0.0	1.0	0.0	0.5	0.0	1.5	1.0	1.0	0.0	0.5	0.0	14
SMRT	4.5	1.0	2.0	1.0	1.5	0.0	2.0	0.0	1.0	0.0	1.5	1.0	1.0	0.0	1.5	0.0	13
SMWB	5.7	1.5	1.5	1.0	2.0	2.0	1.5	2.0	1.0	0.0	1.5	0.0	1.0	0.0	1.5	0.5	13
SN	8.0	2.0	1.5	1.0	0.5	2.0	1.5	1.5	1.0	2.0	1.5	2.0	2.0	1.5	2.0	2.0	13
SNA	6.3	2.0	2.0	1.0	1.0	0.0	2.0	1.0	2.0	1.5	2.0	1.0	1.0	1.5	0.5	0.5	14
SNAP	5.3	1.0	2.0	1.0	1.0	2.0	0.0	2.0	1.0	0.0	1.0	2.0	1.0	0.0	2.0	0.0	14
SNDR	6.7	1.5	1.5	1.0	0.5	1.0	1.5	0.5	1.0	0.5	2.0	2.0	2.0	1.0	2.0	2.0	14
SNN.US	4.5	1.0	0.0	1.0	2.0	0.0	2.0	1.0	0.0	1.0	0.5	2.0	2.0	1.0	0.0	0.0	13
SNOW	5.8	2.0	2.0	1.0	1.0	2.0	1.0	2.0	1.0	0.0	2.0	0.0	1.0	0.0	0.5	2.0	14
SNX.US	7.2	2.0	2.0	1.0	1.5	2.0	1.5	2.0	1.0	1.0	2.0	1.0	1.0	1.0	0.5	2.0	14
SO	4.3	1.0	1.5	1.0	1.5	0.0	1.5	1.5	1.0	1.0	2.0	0.0	0.0	1.0	0.0	0.0	13
SOBO	6.0	1.0	1.5	1.0	1.0	0.0	1.5	2.0	0.5	1.5	1.5	2.0	2.0	1.0	0.0	1.5	13
SOC	4.0	2.0	2.0	1.0	0.0	0.0	1.5	0.0	2.0	0.0	2.0	0.0	0.0	0.0	1.5	0.0	14
SOLV	6.8	1.5	1.5	1.0	1.5	1.0	1.5	2.0	1.0	2.0	2.0	1.0	1.0	1.0	1.5	1.0	14
SON	4.8	1.5	2.0	1.0	0.5	0.0	2.0	1.0	0.5	1.5	2.0	0.0	0.0	1.0	0.5	1.0	14
SONN CVR	5.0	1.0	1.0	1.0	1.0	1.0	1.0	1.0	1.0	1.0	1.0	1.0	1.0	1.0	1.0	1.0	0
SPB	6.7	1.5	2.0	1.0	0.5	0.0	2.0	2.0	1.0	0.5	2.0	2.0	2.0	1.0	0.5	2.0	13
SPCE	3.7	0.5	0.5	1.0	0.0	0.0	1.0	2.0	1.0	0.0	1.0	2.0	2.0	0.0	0.0	0.0	13
SPG	5.0	1.0	1.5	1.0	1.5	0.0	1.5	0.0	2.0	2.0	2.0	0.0	0.0	1.0	0.5	1.0	14
SPGI	5.2	2.0	2.0	1.0	1.5	0.0	2.0	1.0	1.0	1.0	2.0	0.0	1.0	1.0	0.0	0.0	14
SPHR	5.8	2.0	2.0	1.0	0.0	0.0	1.5	2.0	1.0	0.0	2.0	1.0	2.0	0.0	1.0	2.0	14
SPIR	4.7	1.5	2.0	1.0	0.5	0.0	1.0	0.5	1.0	0.0	1.5	2.0	2.0	0.0	1.0	0.0	13
SPNT	6.8	1.5	1.5	1.0	1.0	2.0	2.0	2.0	2.0	1.5	2.0	0.0	0.0	1.0	1.5	1.5	14
SPOT	7.5	1.5	1.5	1.0	1.5	2.0	1.0	2.0	1.0	2.0	1.5	2.0	2.0	1.5	2.0	0.0	14
SPXC	6.3	2.0	2.0	1.0	1.5	0.0	1.5	1.5	1.0	1.0	2.0	2.0	2.0	1.0	0.5	0.0	14
SQM	6.5	1.5	2.0	1.0	1.0	0.0	1.5	0.5	2.0	1.5	1.0	2.0	2.0	1.5	0.0	2.0	13
SR	4.7	2.0	1.5	1.0	1.0	0.0	2.0	1.0	1.0	1.0	2.0	0.0	0.0	1.0	0.5	0.0	13
SRE	5.8	2.0	2.0	1.0	2.0	0.0	1.5	2.0	1.5	1.0	2.0	2.0	0.0	0.5	0.0	0.0	14
SRFM	3.5	2.0	2.0	1.0	0.5	1.0	0.0	0.0	1.0	1.0	0.5	0.0	0.0	0.0	1.5	0.0	12
SSB	6.2	2.0	2.0	1.0	1.5	1.0	2.0	1.5	1.0	1.0	2.0	1.0	1.0	0.5	0.5	0.5	12
SSD	6.2	1.0	2.0	1.0	1.5	0.0	2.0	1.5	1.0	1.5	2.0	1.0	2.0	1.5	0.0	0.5	14
SSMR	5.2	2.0	2.0	1.0	1.0	0.5	1.5	0.0	1.0	1.0	2.0	1.0	1.0	1.0	0.5	0.0	12
ST	7.0	1.5	2.0	1.0	1.0	1.0	1.5	1.5	2.0	0.5	2.0	2.0	2.0	1.0	0.0	2.0	14
STAG	6.0	1.0	1.5	1.0	1.0	0.0	2.0	1.5	1.5	1.0	2.0	2.0	2.0	1.0	0.0	0.5	14
STC	6.3	1.5	2.0	1.0	1.5	0.0	1.5	2.0	1.0	1.0	2.0	2.0	2.0	1.0	0.5	0.0	13
STDN	5.3	2.0	2.0	1.0	1.0	1.5	1.0	0.0	1.0	1.0	0.0	1.0	1.0	1.0	2.0	0.5	10
STE	6.3	2.0	2.0	1.0	1.5	0.0	2.0	1.5	1.0	1.0	2.0	2.0	2.0	1.0	0.0	0.0	14
STEM	4.2	1.5	2.0	1.0	0.5	0.0	2.0	1.5	1.0	1.0	0.5	0.0	1.0	0.0	0.5	0.0	12
STLA.US	4.0	0.5	1.5	1.0	1.0	0.0	1.0	2.0	0.0	0.0	1.0	1.0	1.0	0.0	2.0	0.0	14
STM.US	6.2	1.5	2.0	1.0	1.5	2.0	1.0	0.5	1.0	0.5	0.5	2.0	2.0	1.0	0.0	2.0	13
STN	6.0	2.0	2.0	1.0	1.0	0.0	1.5	1.0	1.0	1.5	2.0	2.0	2.0	1.0	0.0	0.0	13
STNG	7.3	2.0	1.5	1.0	1.0	2.0	1.5	1.5	1.0	1.5	2.0	1.0	1.0	1.5	1.5	2.0	14
STT	6.3	1.5	1.5	1.0	2.0	1.0	2.0	1.5	1.0	1.0	2.0	1.0	1.0	0.5	0.0	2.0	12
STUB	4.7	1.5	2.0	1.0	1.0	0.0	0.5	2.0	0.5	0.0	2.0	1.0	2.0	0.0	0.5	0.0	14
STVN	6.0	1.5	1.0	1.0	1.5	1.0	2.0	1.5	0.0	1.0	2.0	2.0	2.0	1.0	0.5	0.0	14
STWD	5.0	2.0	2.0	1.0	1.0	0.0	2.0	0.5	1.0	0.5	1.5	1.0	1.0	0.5	1.0	0.0	13
STZ	5.0	1.5	1.5	1.0	1.0	0.0	1.0	1.5	1.0	1.5	2.0	0.0	0.0	1.5	1.5	0.0	14
SU	7.7	1.5	1.0	1.0	1.0	2.0	1.5	2.0	2.0	1.5	2.0	2.0	2.0	1.5	0.0	2.0	13
SUI.US	5.2	2.0	2.0	1.0	1.0	0.0	2.0	2.0	1.5	0.5	2.0	0.0	0.0	1.0	0.5	0.0	14
SUN	6.5	2.0	1.5	1.0	1.5	1.0	2.0	0.0	1.0	1.5	1.0	1.0	1.0	1.0	2.0	2.0	13
SUPV.US	4.8	1.0	2.0	1.0	1.5	0.0	2.0	0.0	1.0	0.0	0.5	1.0	1.0	0.0	2.0	1.5	11
SURF.CVR	5.0	1.0	1.0	1.0	1.0	1.0	1.0	1.0	1.0	1.0	1.0	1.0	1.0	1.0	1.0	1.0	0
SVV	3.7	1.5	2.0	1.0	0.0	0.0	1.0	0.5	1.0	1.0	2.0	0.0	0.0	1.0	0.0	0.0	13
SW	4.8	1.5	2.0	1.0	1.0	0.0	2.0	0.0	1.0	0.5	2.0	1.0	1.0	1.0	0.0	0.5	14
SWK	5.7	1.0	1.5	1.0	1.0	1.0	2.0	2.0	1.0	1.0	2.0	1.0	0.0	1.0	0.0	1.5	14
SWX	6.0	1.5	2.0	1.0	1.5	0.0	2.0	2.0	1.5	1.0	2.0	1.0	1.0	1.0	0.0	0.5	14
SXC	5.5	1.0	0.5	1.0	1.0	2.0	2.0	0.0	1.0	0.0	2.0	2.0	2.0	0.5	0.5	1.0	13
SXI	7.3	2.0	2.0	1.0	1.0	1.0	2.0	1.5	1.0	1.5	2.0	2.0	2.0	1.0	0.5	1.5	13
SXT.US	7.0	1.5	1.5	1.0	1.0	2.0	2.0	1.5	1.0	1.0	2.0	1.0	2.0	1.0	0.5	2.0	14
SYF	5.7	1.5	1.5	1.0	1.0	0.0	1.5	2.0	1.5	1.5	2.0	1.0	1.0	1.0	0.0	0.5	12
SYK	6.7	2.0	2.0	1.0	1.5	0.0	1.5	1.0	1.0	1.5	2.0	2.0	2.0	1.5	1.0	0.0	14
SYY	5.8	1.5	1.5	1.0	1.5	0.0	2.0	1.0	1.5	2.0	2.0	1.0	1.0	1.0	0.0	0.5	14
T.US	4.8	1.5	1.5	1.0	2.0	0.0	1.0	1.5	1.0	1.5	1.5	0.0	1.0	1.0	0.0	0.0	14
TAC	5.5	2.0	2.0	1.0	1.5	1.0	2.0	2.0	1.0	0.0	2.0	0.0	1.0	1.0	0.0	0.0	14
TAK	5.7	1.5	2.0	1.0	2.0	2.0	2.0	1.0	1.0	0.0	0.0	1.0	1.0	1.0	0.0	1.5	13
TAL	7.0	1.0	1.5	1.0	1.0	2.0	2.0	2.0	1.0	1.5	1.5	2.0	2.0	1.0	0.0	1.5	13
TALO	7.5	1.5	1.5	1.0	1.0	2.0	2.0	2.0	1.0	0.0	2.0	2.0	2.0	0.5	2.0	2.0	14
TAP	4.5	1.0	1.5	1.0	0.0	0.0	1.5	2.0	1.0	0.0	2.0	0.0	1.0	1.0	1.5	0.0	14
TBBB	4.7	1.5	1.5	1.0	1.5	2.0	1.0	0.0	1.0	0.0	2.0	0.0	0.0	0.0	0.5	2.0	13
TBI	5.7	1.5	1.0	1.0	1.5	1.0	2.0	0.0	1.0	0.0	2.0	2.0	1.0	0.0	1.0	2.0	14
TBN	6.2	2.0	2.0	1.0	2.0	1.0	1.5	0.5	1.0	0.0	1.0	2.0	1.0	0.0	2.0	1.5	14
TD	5.8	1.5	1.5	1.0	1.0	1.0	2.0	1.5	1.0	1.0	1.5	1.0	1.0	0.5	0.0	2.0	10
TDAY	6.2	1.5	2.0	1.0	0.5	2.0	1.5	2.0	1.0	0.0	2.0	0.0	1.0	1.0	1.0	2.0	13
TDC	6.0	1.0	1.0	1.0	0.0	2.0	1.5	2.0	1.0	2.0	2.0	0.0	1.0	1.5	0.0	2.0	13
TDG	5.7	1.5	2.0	1.0	1.5	0.0	1.0	1.5	1.0	1.0	2.0	1.0	2.0	1.5	0.0	0.0	13
TDOC	4.0	1.5	2.0	1.0	0.5	0.0	1.0	2.0	1.0	0.0	2.0	0.0	1.0	0.0	0.0	0.0	14
TDS	4.8	1.5	2.0	1.0	1.0	0.0	2.0	0.0	1.0	1.0	2.0	1.0	1.0	0.0	1.0	0.0	13
TDW	6.0	1.5	2.0	1.0	0.5	1.0	1.5	0.0	1.5	1.5	2.0	1.0	1.0	1.0	0.5	2.0	14
TDY	6.3	2.0	2.0	1.0	1.5	0.0	1.5	1.5	1.0	1.0	2.0	2.0	2.0	1.0	0.0	0.5	14
TE	3.5	2.0	2.0	1.0	0.0	0.0	1.0	0.0	0.0	0.0	2.0	1.0	0.0	0.0	1.5	0.0	14
TEL.US	7.5	2.0	2.0	1.0	1.5	2.0	1.5	1.5	1.5	1.5	2.0	2.0	2.0	1.5	0.0	0.5	14
TELFY	3.2	1.0	2.0	1.0	1.0	0.0	2.0	0.0	1.0	0.0	0.0	0.0	1.0	0.5	0.0	0.0	12
TEN.US	7.5	1.5	1.5	1.0	2.0	2.0	2.0	2.0	1.0	1.5	1.0	1.0	1.0	1.0	2.0	2.0	11
TEO	5.8	1.5	2.0	1.0	2.0	1.0	2.0	1.5	1.0	1.0	0.5	0.0	1.0	1.0	0.0	2.0	14
TEVA	5.3	2.0	1.5	1.0	1.5	2.0	1.5	1.0	1.0	1.0	0.5	0.0	0.0	1.0	0.0	2.0	12
TFC	5.3	1.0	1.5	1.0	1.5	0.0	2.0	1.5	1.5	1.0	2.0	1.0	1.0	0.5	0.0	0.5	12
TFII	6.3	1.5	2.0	1.0	1.0	0.0	1.0	2.0	1.0	1.0	2.0	1.0	2.0	1.0	1.0	1.5	13
TFPM	6.3	1.5	2.0	1.0	1.0	0.0	2.0	1.5	1.0	1.5	2.0	1.0	2.0	1.5	0.5	0.5	13
TFX	5.7	1.5	2.0	1.0	0.5	1.0	2.0	1.5	1.5	0.0	2.0	2.0	1.0	0.5	0.0	0.5	14
TGLS	6.2	1.5	2.0	1.0	0.5	0.0	2.0	0.5	1.0	1.5	1.0	2.0	2.0	1.5	2.0	0.0	13
TGT	6.0	1.5	1.5	1.0	1.5	1.0	1.5	2.0	1.0	2.0	2.0	0.0	0.0	1.0	0.0	2.0	14
THC	7.2	2.0	1.5	1.0	1.5	1.0	1.5	2.0	1.0	2.0	2.0	1.0	2.0	1.5	0.0	1.5	14
THG	5.2	1.0	1.0	1.0	1.5	1.0	1.0	2.0	1.0	1.5	2.0	0.0	0.0	1.0	0.0	1.5	14
THO	5.3	1.0	2.0	1.0	0.5	0.0	2.0	2.0	1.0	0.5	2.0	2.0	1.0	0.5	0.5	0.0	13
TIMB	4.8	1.0	2.0	1.0	1.5	1.0	2.0	1.5	1.0	1.5	0.0	0.0	1.0	1.0	0.0	0.0	13
TJX	6.2	1.5	2.0	1.0	2.0	0.0	1.5	1.5	1.0	2.0	2.0	1.0	1.0	1.5	0.0	0.5	13
TKO	5.3	2.0	2.0	1.0	0.5	0.0	2.0	0.0	1.0	1.0	2.0	1.0	1.0	1.0	1.5	0.0	14
TKR	7.0	2.0	2.0	1.0	1.0	0.0	2.0	1.5	1.5	1.0	2.0	1.0	2.0	1.0	1.0	2.0	14
TLYS	6.5	1.0	2.0	1.0	1.0	2.0	2.0	2.0	1.0	0.5	2.0	1.0	1.0	0.5	0.5	2.0	13
TME	5.3	1.5	2.0	1.0	1.0	0.0	1.5	1.5	0.0	1.0	1.5	2.0	2.0	1.0	0.0	0.0	14
TMO	7.2	2.0	1.0	1.0	2.0	2.0	1.5	1.5	1.0	1.0	2.0	2.0	2.0	1.0	0.0	1.5	14
TMP	6.8	1.5	1.5	1.0	1.5	1.0	2.0	1.5	1.0	1.5	2.0	1.0	1.0	1.0	1.0	2.0	11
TNET	5.8	1.5	1.5	1.0	1.0	1.0	1.5	2.0	1.0	2.0	2.0	1.0	0.0	1.0	0.5	0.5	13
TNK	7.2	1.5	0.5	1.0	1.5	1.5	2.0	1.5	1.0	2.0	1.5	1.0	1.0	1.5	2.0	2.0	14
TNL	5.2	1.5	2.0	1.0	0.5	0.0	1.5	1.5	0.5	1.0	2.0	1.0	1.0	1.0	0.5	0.5	13
TOL	4.8	1.5	2.0	1.0	1.0	0.0	1.0	1.0	1.5	1.0	2.0	1.0	0.0	1.0	0.0	0.5	14
TOST	7.0	1.5	2.0	1.0	1.0	1.0	1.5	2.0	0.5	2.0	2.0	2.0	2.0	1.5	1.0	0.0	14
TPB	5.5	1.5	2.0	1.0	0.5	0.0	2.0	1.5	1.0	1.5	2.0	1.0	1.0	1.0	0.5	0.0	13
TPC	7.0	1.5	2.0	1.0	1.0	1.0	2.0	1.5	1.0	1.0	2.0	1.0	2.0	1.0	1.0	2.0	13
TPVG	5.0	1.0	1.5	1.0	1.0	0.0	2.0	0.5	1.0	1.0	0.0	2.0	2.0	1.0	1.0	0.0	13
TREX	6.0	1.5	2.0	1.0	0.5	1.0	1.5	2.0	1.5	1.5	2.0	1.0	1.0	1.5	0.0	0.0	14
TRGP	7.5	2.0	1.5	1.0	1.5	2.0	2.0	2.0	1.5	2.0	2.0	0.0	1.0	1.5	0.5	2.0	14
TRIN	5.3	0.5	0.5	1.0	1.0	1.0	2.0	1.0	1.0	1.0	0.5	2.0	2.0	1.0	0.5	1.0	13
TRN.US	5.3	1.0	0.0	1.0	1.0	0.0	2.0	1.5	1.0	2.0	2.0	2.0	1.0	1.0	0.5	0.0	13
TRNO	5.5	2.0	1.5	1.0	0.5	0.0	2.0	2.0	1.0	1.0	2.0	0.0	1.0	1.0	0.5	1.0	14
TROX	4.3	0.5	2.0	1.0	0.5	0.0	1.0	0.0	0.0	0.0	2.0	2.0	1.0	0.0	2.0	1.0	14
TRP	5.5	2.0	2.0	1.0	1.0	0.0	2.0	1.5	2.0	1.0	2.0	0.0	0.0	1.0	0.0	1.0	13
TRTX	5.0	1.5	2.0	1.0	1.0	0.0	2.0	0.5	1.0	1.0	2.0	1.0	1.0	0.5	0.5	0.0	13
TRU.US	6.0	1.5	2.0	1.0	1.0	0.0	1.0	1.5	1.5	1.5	2.0	2.0	2.0	1.0	0.0	0.0	14
TRV	5.8	1.0	1.0	1.0	1.5	2.0	1.5	2.0	1.0	2.0	2.0	0.0	0.0	1.0	0.0	1.5	14
TS	6.0	1.5	1.5	1.0	1.5	2.0	1.5	2.0	1.0	1.0	0.0	1.0	1.0	1.0	0.0	2.0	14
TSLX	5.2	2.0	1.5	1.0	1.0	0.0	2.0	1.5	1.0	1.0	1.5	1.0	1.0	1.0	0.0	0.0	13
TSM	7.2	2.0	1.5	1.0	2.0	2.0	1.0	1.5	1.0	2.0	0.5	2.0	1.0	2.0	0.0	2.0	14
TSN	5.7	1.5	2.0	1.0	1.5	0.0	1.5	2.0	2.0	0.5	2.0	1.0	0.0	1.0	0.5	0.5	14
TT	7.2	2.0	1.5	1.0	2.0	2.0	2.0	1.5	1.5	2.0	2.0	1.0	1.0	1.5	0.0	0.5	14
TTAM	6.2	1.5	2.0	1.0	0.5	0.0	2.0	1.0	1.0	1.5	0.5	2.0	2.0	1.5	2.0	0.0	13
TTC	7.3	1.5	1.5	1.0	1.0	2.0	2.0	1.5	1.0	2.0	2.0	2.0	1.0	1.5	0.5	1.5	13
TTI	6.5	1.5	2.0	1.0	1.0	0.0	2.0	2.0	1.0	0.5	2.0	2.0	2.0	1.0	1.0	0.5	13
TU	3.2	1.0	2.0	1.0	1.0	0.0	1.5	0.0	0.0	0.0	1.0	0.0	1.0	1.0	0.0	0.0	13
TV	4.8	1.5	2.0	1.0	1.0	0.0	2.0	2.0	1.0	0.0	0.5	2.0	1.0	0.5	0.0	0.0	12
TWLO	6.7	2.0	1.0	1.0	1.5	2.0	1.0	2.0	1.5	1.0	2.0	1.0	1.0	1.0	0.0	2.0	14
TX	6.5	2.0	1.5	1.0	2.0	2.0	1.5	0.0	1.5	0.5	0.5	2.0	2.0	1.0	0.0	2.0	14
TXT	5.5	1.0	2.0	1.0	1.5	0.0	1.5	1.5	1.0	1.0	2.0	2.0	1.0	1.0	0.0	0.0	14
TYL	5.8	2.0	2.0	1.0	1.0	0.0	1.5	1.0	1.0	1.0	2.0	2.0	2.0	1.0	0.0	0.0	14
U	6.8	2.0	1.0	1.0	1.0	2.0	1.5	2.0	2.0	0.0	2.0	2.0	2.0	0.0	0.5	1.5	14
UAA	4.3	0.5	1.5	1.0	0.0	0.0	0.5	2.0	0.5	0.0	2.0	2.0	1.0	0.5	1.0	0.5	14
UAMY	4.0	1.5	2.0	1.0	0.0	0.0	2.0	0.0	1.0	0.0	1.5	1.0	1.0	0.0	1.0	0.0	13
UBER	5.7	2.0	2.0	1.0	1.5	0.0	1.5	2.0	1.0	2.0	2.0	0.0	1.0	1.0	0.0	0.0	14
UBS	6.0	1.5	2.0	1.0	2.0	1.0	1.5	2.0	1.0	1.0	1.5	1.0	1.0	0.5	0.0	1.0	12
UCB	5.0	1.5	1.5	1.0	1.0	0.0	2.0	1.0	1.0	1.0	2.0	1.0	1.0	0.5	0.0	0.5	12
UDR	4.7	1.0	1.5	1.0	1.5	0.0	2.0	2.0	1.0	1.0	2.0	0.0	0.0	1.0	0.0	0.0	14
UE	4.7	1.5	2.0	1.0	1.0	0.0	2.0	1.5	0.5	1.0	2.0	0.0	0.0	1.0	0.0	0.5	14
UEC	3.2	1.5	2.0	1.0	0.5	0.0	0.0	0.0	0.0	0.0	2.0	1.0	1.0	0.0	0.5	0.0	14
UGI	5.5	1.5	1.5	1.0	1.0	1.0	2.0	0.5	1.0	1.0	2.0	1.0	1.0	1.0	0.0	1.0	13
UGP	7.2	1.5	0.5	1.0	2.0	2.0	2.0	2.0	1.5	1.5	0.0	2.0	2.0	1.5	0.0	2.0	14
UHS	5.7	1.5	1.5	1.0	1.0	1.0	1.0	1.5	1.0	1.5	2.0	1.0	1.0	1.5	0.5	0.0	14
UI	6.5	1.0	1.5	1.0	1.0	1.0	1.0	2.0	1.0	2.0	0.0	2.0	2.0	2.0	2.0	0.0	13
UIS	5.7	1.5	2.0	1.0	1.0	0.0	2.0	0.0	1.0	1.0	2.0	1.0	2.0	1.0	1.5	0.0	12
UL.US	5.0	2.0	2.0	1.0	1.0	0.0	2.0	1.0	1.0	2.0	0.5	0.0	1.0	1.5	0.0	0.0	11
ULS	6.3	1.5	2.0	1.0	1.0	0.0	1.5	2.0	1.0	2.0	2.0	1.0	2.0	1.5	0.5	0.0	13
UMC	5.8	0.5	0.0	1.0	2.0	2.0	0.5	2.0	1.0	1.5	0.0	2.0	2.0	1.0	0.0	2.0	13
UMH	5.8	1.5	2.0	1.0	1.0	0.0	2.0	2.0	1.0	0.5	2.0	2.0	0.0	0.5	1.5	0.5	13
UNFI	5.3	1.5	2.0	1.0	1.0	0.0	1.5	2.0	1.0	1.0	2.0	1.0	0.0	1.0	0.5	0.5	14
UNH	6.3	2.0	2.0	1.0	2.0	1.0	2.0	2.0	1.5	1.0	2.0	0.0	1.0	1.0	0.0	0.5	14
UNM	6.0	1.5	1.5	1.0	1.5	2.0	1.5	1.0	1.0	1.0	2.0	1.0	1.0	0.5	0.5	1.0	13
UNP	6.2	2.0	1.5	1.0	1.0	1.0	2.0	1.5	1.0	2.0	2.0	0.0	1.0	1.5	0.0	1.0	14
UPS	6.3	1.5	2.0	1.0	1.5	0.0	1.0	2.0	1.0	2.0	2.0	1.0	2.0	1.0	0.0	1.0	14
URG	4.2	2.0	2.0	1.0	0.5	0.0	1.0	0.0	1.0	0.0	2.0	1.0	1.0	0.0	1.0	0.0	13
URI	5.8	2.0	2.0	1.0	1.5	1.0	1.5	1.0	0.5	2.0	2.0	0.0	1.0	1.5	0.0	0.5	14
USAC	6.0	1.0	2.0	1.0	2.0	0.0	2.0	0.5	1.0	2.0	1.0	1.0	1.0	1.0	2.0	0.5	13
USB	6.2	1.5	2.0	1.0	2.0	0.0	2.0	1.5	1.5	1.0	2.0	1.0	1.0	0.5	0.0	1.5	12
USFD	6.3	2.0	2.0	1.0	1.0	1.0	1.5	1.5	1.0	1.5	2.0	1.0	1.0	1.0	0.0	1.5	13
USPH	5.8	1.5	1.5	1.0	0.5	2.0	2.0	0.5	1.0	1.0	2.0	1.0	2.0	1.0	0.5	0.0	13
UTI	5.7	2.0	2.0	1.0	0.5	0.0	1.0	2.0	1.0	1.0	2.0	1.0	2.0	1.0	0.5	0.0	14
UTL	5.3	1.0	1.5	1.0	1.5	1.0	2.0	2.0	1.0	1.0	2.0	0.0	0.0	1.0	0.5	0.5	13
UTZ	5.3	1.0	1.0	1.0	0.5	1.5	2.0	1.0	1.0	0.0	2.0	1.0	1.0	0.5	1.5	1.0	13
UUUU	3.8	2.0	2.0	1.0	0.0	0.0	1.0	0.0	1.0	0.0	2.0	1.0	1.0	0.0	0.5	0.0	13
UVE	6.5	1.0	1.0	1.0	1.5	1.5	2.0	2.0	1.0	2.0	2.0	0.0	0.0	1.0	1.5	2.0	13
UWMC	3.3	1.5	2.0	1.0	0.0	0.0	0.0	0.0	0.0	0.0	2.0	2.0	0.0	0.5	1.0	0.0	14
V	6.7	2.0	1.5	1.0	2.0	2.0	2.0	1.5	0.5	2.0	2.0	0.0	1.0	2.0	0.0	0.5	14
VAL.US	7.8	1.0	1.0	1.0	0.5	2.0	2.0	2.0	1.5	2.0	2.0	2.0	2.0	1.0	1.5	2.0	14
VALE	4.5	1.5	2.0	1.0	2.0	0.0	1.0	0.0	0.5	0.5	0.5	1.0	1.0	1.0	0.0	1.5	14
VEEV	5.8	1.5	1.0	1.0	1.5	2.0	1.0	1.5	0.5	1.0	2.0	1.0	1.0	1.0	1.0	0.5	14
VET.US	4.5	1.0	1.5	1.0	1.0	1.0	1.5	0.0	1.0	0.0	1.5	0.0	1.0	1.0	0.0	2.0	13
VFC	5.7	1.5	2.0	1.0	0.5	1.0	1.0	2.0	1.0	1.5	2.0	1.0	1.0	1.0	0.0	0.5	14
VG	6.8	2.0	2.0	1.0	0.0	1.0	1.5	2.0	0.5	2.0	2.0	1.0	2.0	1.0	0.5	2.0	14
VGNT	7.2	2.0	2.0	1.0	1.0	0.5	2.0	2.0	2.0	1.0	2.0	1.0	2.0	1.0	0.0	2.0	11
VIA	5.3	2.0	1.5	1.0	0.5	2.0	1.0	2.0	1.0	0.0	1.0	1.0	1.0	0.0	2.0	0.0	14
VICI	4.8	1.5	2.0	1.0	1.5	0.0	1.5	0.5	0.5	1.0	2.0	1.0	1.0	1.0	0.0	0.0	14
VIK	6.3	2.0	2.0	1.0	1.5	0.0	1.5	1.5	1.0	2.0	2.0	0.0	1.0	1.5	0.0	2.0	14
VIPS	5.7	1.5	2.0	1.0	1.5	0.0	1.5	1.5	1.0	1.5	1.5	1.0	2.0	1.0	0.0	0.0	14
VIRT	7.7	1.5	1.5	1.0	1.0	1.0	2.0	2.0	2.0	2.0	2.0	1.0	2.0	1.0	1.0	2.0	14
VIST	6.3	1.5	1.5	1.0	1.5	1.0	2.0	0.0	1.0	2.0	1.5	0.0	1.0	1.5	1.5	2.0	13
VIV.US	4.3	0.5	2.0	1.0	2.0	1.0	2.0	0.0	1.0	1.0	0.0	0.0	1.0	1.0	0.0	0.5	13
VLN	5.3	1.5	2.0	1.0	2.0	0.0	2.0	2.0	1.0	0.0	1.0	1.0	1.0	0.0	1.0	0.5	13
VLO	7.5	1.5	1.0	1.0	1.5	1.5	1.5	2.0	1.0	2.0	2.0	2.0	2.0	1.5	0.0	2.0	14
VLTO	7.0	1.5	1.5	1.0	1.5	1.0	2.0	1.5	1.5	2.0	2.0	2.0	2.0	1.5	0.0	0.0	14
VMC	6.0	1.5	2.0	1.0	1.5	0.0	1.5	1.5	1.0	1.0	2.0	2.0	2.0	1.0	0.0	0.0	14
VMI	7.3	2.0	2.0	1.0	1.5	0.0	2.0	1.5	1.0	2.0	2.0	2.0	2.0	1.5	0.5	1.0	13
VMRK	4.3	1.5	2.0	1.0	1.5	0.0	2.0	1.0	1.0	1.0	1.0	0.0	0.0	1.0	0.0	0.0	12
VNO	5.2	1.0	1.5	1.0	1.0	1.0	1.0	2.0	1.0	0.5	2.0	1.0	1.0	0.5	1.0	0.0	14
VNT	5.7	1.5	2.0	1.0	0.5	0.0	2.0	1.5	1.0	2.0	2.0	1.0	1.0	1.5	0.0	0.0	14
VOYA.US	5.2	1.5	1.5	1.0	1.5	1.0	1.5	0.5	0.0	1.0	2.0	1.0	1.0	0.5	0.0	1.5	14
VOYG	4.5	1.5	2.0	1.0	0.5	0.0	1.0	2.0	1.0	0.0	2.0	1.0	1.0	0.0	0.5	0.0	14
VPG	5.8	1.5	2.0	1.0	0.5	2.0	2.0	0.0	1.0	0.5	2.0	1.0	1.0	0.5	0.5	2.0	13
VRT	6.8	2.0	2.0	1.0	1.5	0.0	1.5	2.0	1.0	2.0	2.0	1.0	1.0	1.5	0.0	2.0	14
VRTS	4.8	1.0	1.5	1.0	0.5	0.0	1.5	0.5	1.0	1.0	2.0	2.0	1.0	0.5	1.0	0.0	13
VSH	7.7	2.0	2.0	1.0	0.5	2.0	2.0	2.0	2.0	0.5	2.0	2.0	2.0	0.5	0.5	2.0	14
VST	5.2	2.0	2.0	1.0	1.5	2.0	1.0	0.0	1.0	2.0	2.0	0.0	0.0	1.0	0.0	0.0	14
VSTS	6.3	1.0	1.0	1.0	0.5	2.0	1.0	2.0	1.0	0.0	2.0	2.0	1.0	1.0	1.5	2.0	13
VSXY	6.8	1.5	1.5	1.0	0.5	2.0	1.5	2.0	1.0	2.0	2.0	1.0	0.0	1.0	1.5	2.0	13
VTEX	6.8	1.0	2.0	1.0	1.5	2.0	2.0	2.0	1.0	1.0	1.0	2.0	1.0	1.0	2.0	0.0	13
VTOL	6.7	1.5	2.0	1.0	1.5	0.0	2.0	2.0	1.0	1.0	2.0	2.0	2.0	1.0	0.5	0.5	13
VTR	5.2	1.5	2.0	1.0	1.5	0.0	1.5	2.0	1.5	0.5	2.0	0.0	0.0	1.0	0.0	1.0	14
VTS	5.3	1.5	2.0	1.0	0.5	1.0	2.0	2.0	1.0	0.0	1.5	1.0	1.0	0.0	1.5	0.0	14
VVV.US	4.7	1.0	2.0	1.0	0.5	0.0	1.5	2.0	1.0	2.0	2.0	0.0	0.0	1.0	0.0	0.0	14
VVX	6.0	1.5	2.0	1.0	1.0	0.0	1.5	2.0	0.5	1.0	2.0	1.0	2.0	1.0	0.0	1.5	14
VYX	5.2	1.5	2.0	1.0	0.0	0.0	2.0	2.0	1.0	1.0	2.0	1.0	1.0	1.0	0.0	0.0	14
VZ	4.8	1.0	1.5	1.0	1.5	0.0	2.0	1.5	0.5	1.5	2.0	0.0	0.0	1.0	0.0	1.0	14
W.US	6.3	1.5	2.0	1.0	0.5	2.0	1.5	2.0	1.0	1.0	2.0	0.0	1.0	1.0	0.5	2.0	13
WAB	6.3	1.5	1.5	1.0	1.5	1.0	2.0	1.5	1.0	1.0	2.0	1.0	1.0	1.0	0.0	2.0	14
WAL	5.7	2.0	2.0	1.0	1.0	0.0	2.0	1.0	1.5	1.0	2.0	1.0	1.0	0.5	0.5	0.5	12
WAT	7.0	1.5	1.5	1.0	1.5	2.0	1.5	1.5	1.5	0.5	2.0	2.0	2.0	1.0	0.0	1.5	14
WBI	6.8	2.0	2.0	1.0	0.5	1.0	2.0	0.0	1.0	1.0	2.0	2.0	2.0	1.0	2.0	1.0	11
WBX	5.3	1.5	2.0	1.0	2.0	0.0	2.0	1.0	1.0	1.0	0.5	0.0	1.0	1.0	2.0	0.0	10
WCC	7.7	2.0	1.5	1.0	1.5	2.0	2.0	1.5	1.0	1.0	2.0	2.0	2.0	1.0	0.5	2.0	14
WCN	5.5	2.0	2.0	1.0	2.0	0.0	2.0	1.5	1.0	1.0	2.0	0.0	1.0	1.0	0.0	0.0	14
WD	5.5	1.5	2.0	1.0	1.0	0.0	2.0	1.5	1.0	0.5	2.0	2.0	1.0	0.5	0.5	0.0	13
WDS	5.3	1.0	1.0	1.0	1.0	1.0	2.0	1.0	1.0	1.0	0.0	1.0	2.0	1.0	0.0	2.0	11
WEAV	5.5	1.0	1.0	1.0	1.0	2.0	2.0	2.0	1.0	0.0	2.0	1.0	1.0	0.0	1.0	0.5	13
WEC	4.3	1.5	1.5	1.0	1.5	0.0	1.5	0.5	1.5	1.0	2.0	0.0	0.0	1.0	0.0	0.0	14
WELL.US	6.0	2.0	1.5	1.0	1.5	1.0	2.0	0.5	2.0	0.5	2.0	1.0	1.0	0.5	0.0	1.5	14
WES	5.7	1.0	1.5	1.0	1.5	1.0	1.5	0.5	1.0	2.0	1.0	0.0	1.0	1.0	2.0	1.0	13
WEX	6.2	1.5	1.5	1.0	1.0	1.0	1.5	1.5	1.0	2.0	2.0	1.0	1.0	1.0	0.5	1.0	14
WFC	5.8	1.5	2.0	1.0	2.0	0.0	1.5	1.5	2.0	1.0	2.0	1.0	1.0	0.5	0.0	0.5	12
WGO	5.3	1.0	1.5	1.0	0.5	0.0	2.0	2.0	1.0	0.5	2.0	2.0	1.0	1.0	0.5	0.0	14
WH	5.7	2.0	2.0	1.0	0.5	1.0	1.5	1.5	1.0	2.0	2.0	0.0	1.0	1.0	0.5	0.0	14
WHD	6.8	1.5	1.5	1.0	1.0	1.0	2.0	2.0	0.5	1.0	2.0	2.0	2.0	1.0	0.0	2.0	14
WHK	5.5	1.5	2.0	1.0	2.0	0.5	2.0	0.0	1.0	1.0	1.0	1.0	1.0	1.0	1.0	0.5	12
WHR	3.2	0.5	2.0	1.0	0.0	0.0	0.5	0.0	1.0	1.0	2.0	1.0	0.0	0.5	0.0	0.0	14
WIT	4.8	0.5	0.5	1.0	1.5	0.0	2.0	0.5	2.0	1.5	0.0	2.0	2.0	1.0	0.0	0.0	14
WK	6.5	1.5	2.0	1.0	1.0	2.0	2.0	2.0	1.0	1.0	2.0	1.0	2.0	0.5	0.5	0.0	13
WKC	5.5	0.5	0.5	1.0	0.0	2.0	2.0	2.0	1.0	0.0	2.0	1.0	1.0	1.0	0.5	2.0	13
WLK	4.8	1.0	2.0	1.0	0.5	0.0	1.5	0.0	1.0	0.0	1.0	2.0	2.0	0.5	2.0	0.0	14
WM	5.3	1.5	1.5	1.0	2.0	0.0	2.0	1.0	1.0	2.0	2.0	0.0	1.0	1.0	0.0	0.0	14
WMB	6.2	2.0	2.0	1.0	1.5	2.0	1.5	1.5	1.5	1.5	2.0	0.0	0.0	1.0	0.0	1.0	14
WMS	7.3	2.0	2.0	1.0	1.5	0.0	2.0	2.0	1.0	2.0	2.0	2.0	2.0	1.5	1.0	0.0	14
WNC	5.7	1.5	2.0	1.0	0.5	2.0	2.0	0.0	1.0	0.0	2.0	1.0	1.0	0.0	1.0	2.0	13
WOLF	4.8	1.0	0.5	1.0	1.0	2.0	2.0	0.0	2.0	0.5	2.0	1.0	1.0	0.0	0.0	0.5	13
WOR	7.5	1.5	2.0	1.0	1.5	2.0	2.0	1.0	1.0	1.5	1.5	2.0	2.0	1.0	2.0	0.5	13
WPC	6.0	1.0	1.5	1.0	1.5	0.0	2.0	2.0	2.0	1.0	2.0	1.0	2.0	1.0	0.0	0.0	14
WPM	6.0	2.0	2.0	1.0	1.0	1.0	2.0	1.5	1.0	1.5	2.0	0.0	0.0	1.5	0.0	1.5	13
WRB.US	5.2	0.5	1.0	1.0	1.0	2.0	1.0	1.5	1.0	1.5	2.0	0.0	0.0	1.0	2.0	0.0	14
WRBY	5.8	2.0	2.0	1.0	0.0	0.0	2.0	1.5	1.0	0.5	2.0	2.0	2.0	0.0	1.0	0.5	14
WSM	7.5	1.5	1.5	1.0	1.5	2.0	2.0	2.0	1.0	2.0	2.0	1.0	1.0	2.0	0.5	1.5	14
WSO	5.2	1.5	2.0	1.0	0.5	0.0	1.5	0.5	0.5	1.5	2.0	1.0	2.0	1.5	0.0	0.0	14
WST	8.2	2.0	1.5	1.0	1.5	2.0	2.0	2.0	1.5	1.5	2.0	2.0	2.0	1.5	0.0	2.0	14
WTI	6.2	1.5	1.5	1.0	0.5	1.0	2.0	0.0	1.0	1.0	1.5	1.0	2.0	0.5	2.0	2.0	12
WTRG	4.2	0.5	1.0	1.0	1.5	0.0	2.0	1.5	0.0	1.0	2.0	0.0	1.0	1.0	0.0	0.0	14
WTS	7.5	1.5	2.0	1.0	1.5	1.0	2.0	2.0	1.0	1.5	2.0	2.0	2.0	1.5	0.0	1.5	13
WTTR	7.3	1.5	2.0	1.0	1.0	1.0	2.0	2.0	1.0	0.5	2.0	2.0	2.0	1.0	1.0	2.0	13
WU	3.7	0.5	1.5	1.0	0.5	0.0	1.5	0.0	1.0	2.0	2.0	0.0	0.0	1.0	0.0	0.0	14
WWW	6.0	1.5	2.0	1.0	0.5	1.0	1.0	1.5	1.0	2.0	2.0	2.0	1.0	1.0	0.5	0.0	13
WY	5.8	2.0	2.0	1.0	1.5	0.0	1.0	2.0	1.0	0.5	2.0	2.0	2.0	0.5	0.0	0.0	14
XHR	6.2	1.0	1.5	1.0	1.0	1.0	2.0	2.0	0.0	0.0	2.0	2.0	2.0	1.0	0.0	2.0	14
XIFR	5.2	1.0	2.0	1.0	1.0	0.0	2.0	2.0	1.5	0.0	1.5	1.0	1.0	0.5	0.5	0.5	14
XOM	6.5	1.5	1.0	1.0	2.0	2.0	2.0	1.5	1.0	1.0	1.5	1.0	1.0	1.0	0.0	2.0	14
XPER	5.3	2.0	2.0	1.0	0.5	0.0	1.5	2.0	1.0	0.0	2.0	2.0	1.0	0.5	0.5	0.0	13
XPEV	4.0	0.5	2.0	1.0	1.0	0.0	2.0	2.0	0.5	0.0	0.5	1.0	1.0	0.0	0.5	0.0	14
XPO	6.5	2.0	2.0	1.0	1.0	0.0	1.5	2.0	1.0	1.5	2.0	1.0	1.0	1.0	0.5	2.0	14
XPOF	4.5	1.0	2.0	1.0	0.0	1.0	1.0	0.0	1.0	1.0	2.0	0.0	1.0	1.5	1.0	0.0	12
XPRO	5.7	0.5	1.0	1.0	1.0	0.0	2.0	1.0	1.0	0.5	2.0	2.0	2.0	1.0	0.5	1.5	13
XYL	6.0	1.5	2.0	1.0	1.0	0.0	1.5	1.5	1.5	1.0	2.0	2.0	2.0	1.0	0.0	0.0	14
XYZ	6.7	2.0	2.0	1.0	1.5	1.0	1.5	1.5	1.0	0.5	2.0	2.0	2.0	1.0	0.5	0.5	14
YELP	6.5	1.5	2.0	1.0	0.0	0.0	2.0	2.0	1.0	1.5	2.0	2.0	2.0	1.5	1.0	0.0	13
YETI	6.7	1.5	2.0	1.0	0.5	0.0	2.0	2.0	1.5	2.0	2.0	2.0	1.0	1.5	0.0	1.0	14
YEXT	5.7	1.0	1.0	1.0	0.5	2.0	2.0	2.0	1.0	2.0	2.0	0.0	1.0	0.5	1.0	0.0	13
YMM	5.5	1.5	2.0	1.0	1.5	0.0	2.0	1.5	1.0	1.0	2.0	1.0	1.0	1.0	0.0	0.0	14
YOU	7.3	2.0	2.0	1.0	0.5	0.0	2.0	2.0	2.0	2.0	2.0	1.0	1.0	1.5	1.0	2.0	14
YPF	5.0	1.5	2.0	1.0	0.0	1.0	2.0	0.0	1.0	1.0	1.0	0.0	1.0	1.5	0.0	2.0	14
YSS	4.3	1.5	2.0	1.0	1.0	0.5	1.0	0.0	0.0	1.0	1.0	1.0	1.0	1.0	1.0	0.0	11
YUM	5.2	1.5	1.5	1.0	1.5	0.0	1.5	1.5	1.5	1.0	2.0	0.0	0.0	2.0	0.0	0.5	13
YUMC	5.7	1.5	2.0	1.0	2.0	0.0	2.0	1.5	1.0	1.5	2.0	0.0	1.0	1.5	0.0	0.0	14
ZIMMER-CVR	5.0	1.0	1.0	1.0	1.0	1.0	1.0	1.0	1.0	1.0	1.0	1.0	1.0	1.0	1.0	1.0	0
ZYNE.CVR	5.0	1.0	1.0	1.0	1.0	1.0	1.0	1.0	1.0	1.0	1.0	1.0	1.0	1.0	1.0	1.0	0
ZBH	5.3	1.0	1.5	1.0	1.0	0.0	2.0	1.5	1.0	1.0	2.0	2.0	1.0	1.0	0.0	0.0	14
ZEPP	4.2	1.5	2.0	1.0	1.0	0.0	2.0	1.0	1.0	0.0	1.0	0.0	0.0	0.0	2.0	0.0	12
ZETA.US	6.7	2.0	1.5	1.0	1.0	2.0	1.5	2.0	0.5	0.0	2.0	2.0	1.0	1.0	0.5	2.0	14
ZGN	6.2	1.5	2.0	1.0	1.0	1.0	2.0	1.0	0.5	1.0	0.5	1.0	1.0	1.0	2.0	2.0	13
ZIM	5.8	1.0	1.0	1.0	1.5	2.0	2.0	0.0	1.0	0.5	1.0	1.0	2.0	1.0	0.5	2.0	13
ZIP	5.8	1.0	1.5	1.0	1.5	1.0	2.0	2.0	1.0	1.0	2.0	1.0	1.0	0.5	0.5	0.5	12
ZTO	5.7	1.0	1.5	1.0	1.5	0.0	2.0	1.5	0.5	1.5	0.5	2.0	2.0	1.0	0.5	0.5	14
ZTS	6.2	1.5	2.0	1.0	1.5	0.0	1.5	1.0	1.0	2.0	2.0	1.0	2.0	2.0	0.0	0.0	14
ZWS	6.5	1.5	2.0	1.0	1.5	0.0	2.0	1.5	1.0	1.5	2.0	1.0	1.0	1.5	1.5	0.5	13
OABI	6.2	2.0	2.0	1.0	1.0	2.0	0.5	2.0	1.0	0.0	1.5	1.0	1.0	0.0	1.5	2.0	13
OBIO	6.5	1.5	2.0	1.0	1.0	2.0	1.5	2.0	1.5	0.0	1.0	1.0	1.0	0.0	2.0	2.0	14
OBT	6.8	1.5	1.5	1.0	2.0	1.0	2.0	2.0	1.0	1.5	1.5	1.0	1.0	0.5	1.0	2.0	11
OCFC	5.0	1.5	1.5	1.0	1.0	0.0	2.0	1.5	1.0	0.5	2.0	1.0	1.0	0.5	0.5	0.0	12
OCGN	3.8	2.0	2.0	1.0	0.0	0.0	2.0	0.0	1.0	1.0	1.0	0.0	1.0	0.0	0.5	0.0	12
OCSL	4.8	1.0	1.5	1.0	1.5	0.0	2.0	1.5	1.0	0.5	1.5	1.0	1.0	1.0	0.0	0.0	13
OCUL	4.0	2.0	2.0	1.0	0.5	0.0	1.0	0.5	1.0	0.0	2.0	1.0	1.0	0.0	0.0	0.0	14
ODD	4.0	0.5	0.0	1.0	0.0	2.0	0.5	0.0	1.0	1.0	2.0	1.0	2.0	0.0	1.0	0.0	13
ODFL	7.3	1.5	2.0	1.0	1.5	0.0	1.5	1.5	1.0	1.5	2.0	2.0	2.0	2.0	1.0	1.5	14
ODTX	5.8	2.0	2.0	1.0	1.0	0.5	2.0	0.0	1.5	1.0	2.0	1.0	1.0	1.0	1.0	0.5	12
OFIX	5.7	1.5	2.0	1.0	1.0	0.0	2.0	2.0	1.0	0.0	2.0	2.0	2.0	0.0	0.5	0.0	13
OGI	5.7	1.5	2.0	1.0	1.0	0.0	2.0	2.0	1.0	1.5	0.0	2.0	1.0	0.0	2.0	0.0	13
OKTA	6.7	2.0	1.0	1.0	1.0	1.5	1.5	1.5	1.5	0.5	2.0	2.0	2.0	0.5	0.0	2.0	14
OKUR	5.2	2.0	2.0	1.0	1.5	0.0	1.0	1.5	1.0	0.0	2.0	1.0	1.0	0.0	1.5	0.0	13
OLED	4.7	1.5	2.0	1.0	0.5	0.0	1.0	0.0	1.0	1.0	2.0	1.0	1.0	1.0	1.0	0.0	13
OLLI	5.0	1.5	1.5	1.0	0.5	1.0	1.0	1.5	1.0	1.0	2.0	2.0	0.0	1.0	0.0	0.0	14
OLMA	3.7	2.0	2.0	1.0	0.0	0.0	0.0	0.5	1.0	0.0	2.0	1.0	1.0	0.0	0.5	0.0	13
OM.US	4.8	1.5	2.0	1.0	1.0	1.0	2.0	0.0	1.0	0.0	2.0	1.0	1.0	0.0	1.0	0.0	13
OMAB	5.0	1.5	2.0	1.0	2.0	0.0	2.0	0.5	0.5	2.0	0.5	0.0	1.0	2.0	0.0	0.0	14
OMCL	6.8	2.0	2.0	1.0	1.0	1.0	2.0	2.0	1.0	0.5	2.0	2.0	2.0	0.5	0.5	1.0	13
OMDA	5.3	2.0	2.0	1.0	0.5	1.0	1.5	2.0	1.0	0.5	2.0	1.0	1.0	0.0	0.5	0.0	14
OMER	6.7	1.5	2.0	1.0	0.5	2.0	1.0	2.0	1.0	1.0	1.5	2.0	2.0	0.0	0.5	2.0	12
ON	5.8	1.5	2.0	1.0	0.5	1.0	0.5	1.5	1.5	1.0	2.0	1.0	1.0	1.0	0.0	2.0	14
ONB	6.3	2.0	2.0	1.0	1.0	1.0	2.0	1.5	2.0	1.0	2.0	1.0	1.0	0.5	0.0	1.0	12
ONC	6.2	2.0	2.0	1.0	1.5	1.0	1.5	2.0	0.5	1.0	1.0	1.0	1.0	1.0	1.5	0.5	14
ONDS	4.2	2.0	2.0	1.0	0.0	0.0	1.0	0.0	1.0	1.5	1.5	1.0	1.0	0.0	0.5	0.0	14
OPAL	5.8	0.5	2.0	1.0	0.5	0.0	2.0	2.0	1.0	0.5	1.5	2.0	2.0	0.5	2.0	0.0	14
OPCH	5.2	1.0	0.5	1.0	0.5	1.5	1.5	1.5	0.0	1.5	2.0	1.0	1.0	1.0	0.5	1.0	14
OPEN	4.2	1.0	2.0	1.0	0.0	0.0	2.0	0.5	1.0	0.0	1.5	2.0	1.0	0.0	0.5	0.0	13
OPK	5.3	1.5	2.0	1.0	1.0	1.0	2.0	2.0	1.0	0.0	0.5	1.0	1.0	0.0	2.0	0.0	13
OPRA	6.0	2.0	2.0	1.0	1.0	1.0	1.5	0.5	1.0	1.0	0.5	2.0	2.0	1.0	1.0	0.5	13
OPRT	6.5	1.5	1.0	1.0	1.5	2.0	2.0	2.0	0.5	0.5	2.0	1.0	1.0	0.5	1.0	2.0	14
OPRX	6.2	2.0	2.0	1.0	1.0	2.0	1.0	2.0	1.0	0.5	1.5	1.0	1.0	1.0	1.5	0.0	14
ORGO	5.0	1.0	2.0	1.0	0.5	0.0	2.0	2.0	1.0	0.0	1.5	1.0	1.0	0.0	2.0	0.0	13
ORIC	4.8	2.0	2.0	1.0	0.5	1.0	1.0	1.5	1.0	0.0	2.0	1.0	1.0	0.0	0.5	0.0	14
ORKA	5.5	2.0	2.0	1.0	0.5	1.0	1.0	1.5	1.0	0.0	2.0	1.0	1.0	0.0	0.5	2.0	14
ORLY	5.0	2.0	2.0	1.0	1.5	0.0	2.0	1.0	1.0	1.0	2.0	0.0	0.0	1.5	0.0	0.0	13
OSBC	6.3	2.0	1.5	1.0	1.0	1.0	2.0	1.5	1.0	1.0	2.0	1.0	1.0	0.5	0.5	2.0	11
OSIS	5.5	2.0	2.0	1.0	0.5	0.0	2.0	1.0	1.0	1.5	2.0	1.0	1.0	1.0	0.5	0.0	14
OSPN	6.7	1.5	0.5	1.0	0.5	2.0	2.0	2.0	1.0	2.0	2.0	1.0	2.0	1.0	0.5	1.0	13
OSW	6.5	1.5	2.0	1.0	1.0	0.0	2.0	1.0	1.0	1.0	2.0	2.0	2.0	1.5	0.5	1.0	13
OTEX	5.2	1.0	1.5	1.0	1.0	0.0	2.0	2.0	1.0	1.5	2.0	0.0	1.0	1.0	0.5	0.0	13
OTLY	3.8	1.0	2.0	1.0	1.5	0.0	2.0	0.0	1.0	0.0	1.5	0.0	0.0	0.0	1.5	0.0	13
OUST	5.2	2.0	2.0	1.0	1.0	1.0	1.5	0.0	1.0	0.0	1.5	1.0	1.0	0.0	0.5	2.0	13
OZK	4.3	1.0	1.5	1.0	0.5	0.0	1.0	1.0	0.5	1.0	2.0	1.0	1.0	0.5	1.0	0.0	12
ABBNY	5.3	1.0	1.0	1.0	1.0	1.0	2.0	1.0	1.0	2.0	0.0	1.0	1.0	1.5	0.0	1.5	12
ASAIY	5.0	1.0	0.0	1.0	1.0	1.5	2.0	1.0	1.0	1.5	0.0	1.0	1.0	1.0	0.0	2.0	12
CNTM	3.8	1.5	2.0	1.0	1.5	0.0	2.0	0.5	1.0	0.0	0.0	0.0	0.0	0.0	2.0	0.0	13
DIDIY	4.8	1.5	2.0	1.0	2.0	0.0	2.0	2.0	1.5	0.5	0.0	1.0	1.0	0.0	0.0	0.0	14
MTPLF	4.0	1.5	2.0	1.0	1.0	0.0	2.0	1.0	1.0	0.0	1.0	0.0	0.0	0.5	1.0	0.0	11
WCPRF	5.7	2.0	1.5	1.0	1.0	2.0	2.0	1.0	1.0	1.0	0.5	0.0	1.0	1.0	0.0	2.0	11
PAA	6.7	1.5	1.5	1.0	1.5	1.0	1.5	0.5	1.5	1.0	1.0	1.0	2.0	1.0	2.0	2.0	14
PAAS	6.0	2.0	2.0	1.0	1.0	0.0	1.0	1.5	1.0	1.5	1.5	2.0	1.0	1.5	0.0	1.0	13
PACB	4.8	1.0	0.5	1.0	0.5	2.0	0.5	1.5	1.0	0.0	1.5	1.0	1.0	0.0	1.0	2.0	14
PAGP	6.2	1.0	1.0	1.0	1.0	1.0	1.5	2.0	0.5	1.0	2.0	1.0	2.0	1.0	0.5	2.0	14
PAHC	6.3	0.5	0.5	1.0	1.0	1.0	2.0	2.0	1.0	2.0	2.0	2.0	2.0	1.5	0.0	0.5	13
PANL	7.3	1.5	2.0	1.0	1.5	2.0	2.0	2.0	1.0	1.0	1.0	1.0	1.0	1.0	2.0	2.0	13
PATK	5.5	1.5	2.0	1.0	0.0	0.0	2.0	1.5	1.0	1.0	2.0	2.0	1.0	1.0	0.5	0.0	14
PAX	4.5	0.5	0.0	1.0	1.0	1.0	2.0	1.5	0.0	1.0	1.5	1.0	1.0	1.0	1.0	0.0	14
PAYO	6.0	1.0	1.0	1.0	1.0	2.0	2.0	2.0	1.0	1.0	2.0	1.0	1.0	0.5	0.5	1.0	13
PAYP	5.3	2.0	2.0	1.0	2.0	0.5	1.5	0.5	1.0	2.0	0.0	0.0	1.0	0.5	2.0	0.0	13
PAYS	6.8	2.0	0.5	1.0	1.5	2.0	1.5	0.5	1.0	2.0	1.5	1.0	1.0	1.0	2.0	2.0	13
PAYX	6.3	1.0	1.5	1.0	1.0	1.0	1.5	1.0	2.0	2.0	2.0	1.0	1.0	1.5	1.5	0.0	14
PBLS	5.3	1.5	2.0	1.0	1.0	0.5	2.0	0.0	1.0	1.0	2.0	1.0	1.0	1.0	1.0	0.0	11
PBYI	7.2	1.0	0.0	1.0	1.0	2.0	2.0	2.0	1.0	1.5	2.0	2.0	1.0	1.5	1.5	2.0	13
PCAR	6.0	1.5	2.0	1.0	1.5	0.0	1.5	1.0	2.0	1.0	2.0	1.0	1.0	1.0	0.5	1.0	14
PCT.US	4.5	1.0	2.0	1.0	0.0	0.0	1.5	1.5	1.0	0.0	2.0	2.0	1.0	0.0	0.5	0.0	13
PCTY	6.3	1.5	1.5	1.0	1.0	2.0	1.0	2.0	1.0	1.5	2.0	1.0	0.0	1.0	2.0	0.5	14
PCVX	5.2	2.0	2.0	1.0	0.5	2.0	1.0	0.0	1.0	0.0	2.0	1.0	1.0	0.0	0.0	2.0	14
PDD	5.0	1.5	2.0	1.0	1.5	0.0	1.0	0.5	0.5	1.5	1.0	2.0	1.0	1.5	0.0	0.0	14
PDFS	7.0	2.0	1.5	1.0	1.0	2.0	1.5	2.0	1.0	0.5	2.0	1.0	1.0	1.0	1.5	2.0	13
PDSB	4.7	1.5	2.0	1.0	1.0	2.0	2.0	1.0	1.0	0.0	0.5	0.0	0.0	0.0	1.5	0.5	13
PEBO	5.8	1.5	1.5	1.0	1.0	1.0	2.0	1.5	1.0	1.0	1.5	1.0	1.0	0.5	0.5	1.5	12
PECO	5.7	2.0	1.5	1.0	1.0	0.0	1.5	1.5	1.0	1.0	2.0	2.0	1.0	1.0	0.0	0.5	14
PEGA	5.5	1.5	1.5	1.0	0.5	1.0	1.0	1.0	0.0	2.0	1.5	1.0	1.0	1.5	2.0	0.0	14
PENG	7.2	1.5	1.5	1.0	0.5	1.5	1.0	2.0	1.0	2.0	2.0	2.0	2.0	1.0	0.5	2.0	13
PENN	4.5	1.5	2.0	1.0	0.5	0.0	1.5	2.0	1.0	0.0	2.0	0.0	1.0	0.5	0.5	0.0	14
PEP	4.8	1.5	1.5	1.0	1.5	0.0	1.5	1.0	0.0	2.0	2.0	0.0	1.0	1.5	0.0	0.0	14
PERI	5.2	1.5	2.0	1.0	1.5	0.0	2.0	2.0	1.0	0.0	1.5	2.0	1.0	0.0	0.0	0.0	13
PESI	5.7	1.5	2.0	1.0	0.5	1.0	2.0	0.0	1.0	0.0	1.5	2.0	2.0	0.0	1.0	1.5	13
PETS.US	3.3	0.5	1.5	1.0	1.5	0.0	2.0	0.0	1.0	0.0	1.0	0.0	0.0	0.0	1.5	0.0	13
PFBC	6.2	1.5	1.5	1.0	0.5	1.0	2.0	1.5	1.5	1.5	2.0	1.0	1.0	0.5	1.0	1.0	12
PFG	5.3	1.0	1.0	1.0	1.0	1.0	1.5	1.0	1.0	1.0	2.0	2.0	0.0	0.5	0.5	1.5	14
PFLT	4.5	2.0	2.0	1.0	1.5	0.0	1.5	0.5	1.0	0.5	0.5	1.0	1.0	1.0	0.0	0.0	13
PGC	6.7	1.5	2.0	1.0	1.0	1.0	2.0	1.5	1.0	1.0	2.0	1.0	1.0	0.5	1.5	2.0	11
PGNY	7.3	1.5	1.5	1.0	1.0	2.0	2.0	2.0	1.0	1.5	2.0	2.0	1.0	1.5	0.5	1.5	14
PGY	6.0	2.0	2.0	1.0	0.5	1.0	1.5	2.0	1.0	1.5	1.0	1.0	1.0	1.5	1.0	0.0	14
PHAT	5.7	2.0	2.0	1.0	0.5	0.0	1.5	2.0	0.5	1.0	2.0	2.0	2.0	0.0	0.5	0.0	13
PHVS	5.7	2.0	2.0	1.0	1.5	1.0	1.0	0.5	1.0	0.0	2.0	1.0	1.0	0.0	1.0	2.0	14
PI	4.8	2.0	1.0	1.0	0.5	2.0	1.0	1.5	1.0	0.0	2.0	1.0	1.0	0.0	0.5	0.0	13
PICS	6.2	1.5	2.0	1.0	1.5	1.5	2.0	2.0	1.0	1.0	1.0	0.0	1.0	1.0	2.0	0.0	12
PIII	3.7	1.5	2.0	1.0	2.0	0.0	1.0	0.5	1.0	0.0	0.0	0.0	0.0	0.0	2.0	0.0	13
PKOH	7.7	1.5	2.0	1.0	1.5	2.0	2.0	0.5	1.0	1.0	1.5	2.0	2.0	1.0	2.0	2.0	13
PLAB	6.0	1.5	2.0	1.0	0.5	0.0	2.0	2.0	1.0	1.0	2.0	1.0	1.0	1.0	0.5	1.5	13
PLAY	3.5	1.0	2.0	1.0	0.0	0.0	2.0	0.0	1.0	0.0	2.0	0.0	0.0	0.5	1.0	0.0	13
PLCE	3.5	1.0	2.0	1.0	0.0	0.0	2.0	0.0	1.0	1.0	2.0	0.0	0.0	0.0	0.5	0.0	12
PLMR	6.3	2.0	2.0	1.0	1.5	2.0	2.0	2.0	1.0	1.5	2.0	0.0	0.0	1.0	0.5	0.5	14
PLPC	7.8	1.5	2.0	1.0	1.0	1.0	2.0	2.0	1.0	1.0	2.0	2.0	2.0	1.0	2.0	2.0	13
PLRX	4.3	1.0	2.0	1.0	1.0	0.0	1.0	1.5	1.0	0.0	2.0	1.0	1.0	0.0	0.5	0.0	13
PLSE	5.8	2.0	1.0	1.0	0.5	2.0	1.0	1.5	2.0	0.0	0.5	1.0	1.0	0.0	2.0	2.0	14
PLTK	5.2	1.0	2.0	1.0	1.0	0.0	1.5	1.0	1.0	1.0	0.5	1.0	1.0	1.5	2.0	0.0	13
PLTR	6.5	1.5	1.5	1.0	1.5	2.0	0.5	2.0	1.0	2.0	1.5	1.0	1.0	2.0	0.5	0.5	14
PLUG	3.7	1.0	2.0	1.0	0.0	0.0	0.0	0.5	1.0	0.0	2.0	2.0	1.0	0.0	0.5	0.0	14
PLXS	7.0	2.0	1.5	1.0	1.5	2.0	2.0	1.5	1.0	1.0	2.0	1.0	1.0	1.0	0.5	2.0	13
PMTS	7.8	2.0	2.0	1.0	1.5	1.0	2.0	2.0	1.0	1.0	2.0	2.0	2.0	1.5	0.5	2.0	12
PMVP	5.7	1.5	2.0	1.0	1.5	2.0	2.0	2.0	1.0	0.0	1.0	1.0	1.0	0.0	0.5	0.5	13
PNTG	7.2	2.0	1.5	1.0	1.5	2.0	2.0	1.5	1.0	1.0	2.0	1.0	1.0	1.0	1.0	2.0	14
PODD	6.0	1.5	1.5	1.0	1.0	0.0	1.5	2.0	0.0	2.0	2.0	2.0	2.0	1.5	0.0	0.0	14
PONY	4.5	1.0	2.0	1.0	1.0	0.0	2.0	2.0	1.5	0.0	1.0	1.0	1.0	0.0	0.0	0.0	14
POOL	5.8	1.5	2.0	1.0	0.5	0.0	1.5	1.0	1.0	2.0	2.0	2.0	1.0	1.5	0.5	0.0	14
POWI	6.2	2.0	2.0	1.0	0.5	0.0	2.0	2.0	1.0	0.5	2.0	1.0	1.0	1.0	0.5	2.0	13
POWL	7.8	1.5	2.0	1.0	1.0	0.0	2.0	1.5	1.0	2.0	2.0	2.0	2.0	1.5	2.0	2.0	14
POWW	7.2	1.5	2.0	1.0	1.5	2.0	2.0	2.0	1.0	0.5	1.5	1.0	1.0	1.0	1.5	2.0	13
PPC	5.5	1.5	2.0	1.0	1.5	0.0	2.0	0.5	1.0	1.0	0.5	1.0	1.0	1.5	2.0	0.0	13
PPLI	6.3	2.0	2.0	1.0	0.0	2.0	1.5	2.0	1.0	1.0	2.0	1.0	1.0	0.5	0.5	1.5	13
PPTA	4.5	2.0	2.0	1.0	0.5	0.0	2.0	0.0	1.0	0.0	2.0	1.0	1.0	0.0	1.0	0.0	13
PR	6.5	2.0	1.5	1.0	1.5	2.0	1.0	2.0	1.0	1.0	2.0	0.0	1.0	1.0	0.5	2.0	14
PRAA	6.8	1.5	2.0	1.0	1.5	2.0	2.0	2.0	1.0	0.0	2.0	1.0	1.0	1.0	0.5	2.0	13
PRAX	4.8	2.0	2.0	1.0	0.5	0.0	0.5	1.5	1.0	0.0	2.0	1.0	1.0	0.0	0.0	2.0	14
PRCH	7.0	2.0	2.0	1.0	0.0	2.0	2.0	2.0	1.0	0.0	2.0	2.0	1.0	1.0	2.0	1.0	13
PRCT	3.8	1.5	2.0	1.0	0.5	0.0	1.0	0.0	1.0	0.0	2.0	1.0	1.0	0.0	0.5	0.0	14
PRDO	6.5	1.5	2.0	1.0	1.0	2.0	2.0	1.5	1.0	1.5	2.0	1.0	1.0	1.5	0.5	0.0	14
PRGS	5.2	1.5	2.0	1.0	0.5	1.0	2.0	1.5	0.0	1.5	2.0	0.0	1.0	1.0	0.5	0.0	14
PRLD	5.8	1.5	2.0	1.0	0.5	0.0	2.0	2.0	1.0	0.0	2.0	1.0	1.0	0.0	1.5	2.0	13
PRME	5.2	2.0	2.0	1.0	0.0	2.0	1.0	0.5	1.0	0.0	2.0	1.0	1.0	0.0	2.0	0.0	14
PROK	4.7	1.5	2.0	1.0	0.5	0.0	2.0	1.5	1.0	0.0	0.5	1.0	1.0	0.0	2.0	0.0	13
PRQR	5.3	1.5	2.0	1.0	1.5	0.0	2.0	2.0	1.0	0.0	1.5	1.0	1.0	0.0	1.5	0.0	14
PRTA	4.7	1.5	2.0	1.0	0.0	0.0	0.5	2.0	1.0	0.0	2.0	1.0	1.0	0.0	2.0	0.0	13
PRTS	4.8	1.0	0.0	1.0	1.0	2.0	2.0	0.0	1.0	0.0	0.5	2.0	1.0	0.0	1.5	1.5	13
PRVA	6.5	2.0	2.0	1.0	1.0	0.0	2.0	1.5	1.5	0.5	2.0	2.0	2.0	1.0	1.0	0.0	14
PSEC	5.3	0.5	1.5	1.0	1.0	0.0	2.0	2.0	1.0	0.5	0.5	1.0	2.0	1.0	2.0	0.0	13
PSIX	7.2	1.5	2.0	1.0	0.5	1.0	2.0	2.0	1.0	2.0	1.0	2.0	2.0	1.5	2.0	0.0	13
PSKY	4.2	1.0	1.5	1.0	0.5	1.0	0.5	0.0	1.0	0.0	1.0	1.0	1.0	1.0	2.0	0.0	13
PSMT	5.8	1.5	1.5	1.0	0.5	1.0	2.0	1.0	1.0	1.0	2.0	1.0	0.0	1.0	1.0	2.0	13
PSNL	5.5	1.0	1.0	1.0	0.5	2.0	2.0	1.5	0.0	0.0	1.5	1.0	1.0	0.0	2.0	2.0	14
PSNY	3.7	0.5	2.0	1.0	1.0	0.0	1.0	1.0	1.0	1.0	0.5	0.0	0.0	0.0	2.0	0.0	10
PSTX.CVR	5.0	1.0	1.0	1.0	1.0	1.0	1.0	1.0	1.0	1.0	1.0	1.0	1.0	1.0	1.0	1.0	0
PTC	5.5	1.0	1.0	1.0	1.0	1.5	1.5	2.0	0.0	2.0	2.0	1.0	1.0	1.5	0.0	0.0	14
PTCT	5.2	1.5	2.0	1.0	0.5	0.0	0.5	1.5	1.5	1.0	2.0	1.0	1.0	1.0	1.0	0.0	13
PTEN	6.0	1.5	1.5	1.0	0.5	1.0	1.5	2.0	0.5	0.0	2.0	2.0	2.0	0.0	0.5	2.0	14
PTGX	6.7	2.0	2.0	1.0	0.5	1.0	2.0	2.0	1.5	1.0	2.0	1.0	1.0	1.0	0.0	2.0	14
PTLO	4.3	1.5	2.0	1.0	0.5	0.0	2.0	2.0	0.5	0.5	1.5	0.0	0.0	0.5	1.0	0.0	14
PTON	5.5	1.5	2.0	1.0	0.5	0.0	1.0	2.0	1.0	1.0	2.0	2.0	1.0	1.0	0.5	0.0	12
PTRN	7.2	2.0	2.0	1.0	0.5	1.0	2.0	2.0	1.0	0.5	1.0	2.0	2.0	1.0	2.0	1.5	14
PUBM	6.5	2.0	1.5	1.0	1.0	2.0	1.5	2.0	1.0	0.0	2.0	1.0	2.0	0.0	0.5	2.0	13
PVLA	5.5	2.0	2.0	1.0	0.5	1.0	1.5	0.0	1.0	0.0	2.0	1.0	1.0	0.0	1.5	2.0	13
PWP	5.8	0.5	1.5	1.0	0.5	0.0	2.0	2.0	1.0	1.0	2.0	2.0	2.0	1.0	1.0	0.0	13
PYPL	5.0	1.0	1.5	1.0	1.5	1.0	1.0	1.5	1.0	1.5	2.0	1.0	0.0	1.0	0.0	0.0	14
PZZA	4.0	1.0	2.0	1.0	0.0	0.0	2.0	0.5	1.0	1.0	2.0	0.0	0.0	1.0	0.5	0.0	12
74SW.PA	5.7	1.5	2.0	1.0	1.0	0.0	2.0	1.0	1.0	1.0	0.5	1.0	2.0	1.0	2.0	0.0	11
ABVX.PA	4.2	1.5	2.0	1.0	1.0	0.0	2.0	0.0	1.0	0.0	1.5	1.0	1.0	0.0	0.5	0.0	13
AC.PA	5.7	1.5	2.0	1.0	1.0	0.0	2.0	1.0	1.5	1.0	2.0	1.0	1.0	1.0	0.5	0.5	12
ACA.PA	5.2	1.0	2.0	1.0	1.0	0.0	2.0	0.5	1.5	1.0	0.5	1.0	1.0	0.5	2.0	0.5	11
ADP.PA	5.8	1.5	2.0	1.0	1.0	0.0	2.0	1.0	2.0	1.0	1.0	1.0	1.0	1.0	2.0	0.0	12
AF.PA	5.0	1.0	1.5	1.0	1.0	0.0	2.0	2.0	1.0	2.0	0.5	0.0	0.0	1.0	2.0	0.0	13
AI.PA	5.2	2.0	1.5	1.0	1.0	1.0	2.0	1.0	1.5	1.0	1.0	0.0	1.0	1.0	0.0	0.5	12
AIR.PA	5.7	2.0	2.0	1.0	1.0	0.0	1.5	1.5	1.5	1.5	1.0	1.0	0.0	1.0	2.0	0.0	13
AKE.PA	5.5	1.0	1.5	1.0	1.0	0.0	2.0	0.0	1.5	0.5	1.5	2.0	2.0	0.5	1.5	0.5	13
ALCOX.PA	4.8	1.5	2.0	1.0	1.0	0.0	2.0	1.0	1.0	0.0	0.0	1.0	1.0	2.0	1.0	0.0	11
ALO.PA	4.5	1.5	2.0	1.0	1.0	0.0	1.5	1.0	1.0	0.5	2.0	0.0	1.0	0.5	0.5	0.0	12
ALSEN.PA	4.8	1.5	2.0	1.0	1.0	0.0	2.0	1.0	1.0	0.0	1.0	1.0	1.0	0.0	2.0	0.0	11
AM.PA	5.0	1.0	2.0	1.0	1.0	0.0	1.5	1.0	1.5	1.5	0.5	1.0	0.0	0.5	2.0	0.5	12
AMUN.PA	5.8	1.0	1.5	1.0	1.0	1.0	2.0	1.5	0.5	1.0	2.0	1.0	1.0	1.0	0.5	1.5	13
ANTIN.PA	5.3	0.5	2.0	1.0	1.0	0.0	2.0	1.0	1.0	1.5	0.5	1.0	1.0	1.5	2.0	0.0	12
ARG.PA	5.0	1.0	1.5	1.0	1.0	1.0	2.0	1.0	1.0	1.0	1.0	0.0	0.0	1.0	2.0	0.5	11
AYV.PA	4.7	1.5	2.0	1.0	1.0	0.0	2.0	0.5	1.0	1.0	1.0	0.0	0.0	1.0	2.0	0.0	13
BB.PA	6.5	1.0	1.5	1.0	1.0	1.0	2.0	1.0	0.5	1.0	1.0	2.0	2.0	1.0	2.0	1.5	12
BEN.PA	4.5	1.0	2.0	1.0	1.0	0.0	2.0	1.0	1.0	0.0	0.5	1.0	1.0	0.0	2.0	0.0	11
BIM.PA	5.8	1.0	1.0	1.0	1.0	1.0	2.0	1.0	1.0	1.0	0.5	2.0	2.0	1.0	2.0	0.0	12
BN.PA	5.0	1.5	2.0	1.0	1.0	0.0	2.0	1.0	1.5	1.0	1.5	0.0	1.0	1.0	0.5	0.0	12
BNP.PA	5.8	2.0	2.0	1.0	1.0	0.0	1.5	1.5	1.5	1.0	1.0	1.0	1.0	0.5	1.5	1.0	11
BVI.PA	6.3	2.0	2.0	1.0	1.0	0.0	1.5	1.0	2.0	2.0	2.0	1.0	2.0	1.5	0.0	0.0	12
CA.PA	5.7	1.5	1.5	1.0	1.0	2.0	1.5	1.0	1.0	1.0	1.0	0.0	1.0	1.0	1.5	1.0	12
CAP.PA	6.0	1.0	1.0	1.0	1.0	2.0	2.0	1.0	1.0	1.0	2.0	1.0	2.0	1.0	1.0	0.0	12
COFA.PA	5.5	1.5	2.0	1.0	1.0	0.0	2.0	1.0	1.0	1.0	1.5	1.0	2.0	1.0	0.5	0.0	12
COTY.PA	3.7	1.0	0.5	1.0	1.0	2.0	1.5	0.0	0.5	0.0	1.0	0.0	0.0	0.5	2.0	0.0	13
COV.PA	5.0	1.0	2.0	1.0	1.0	0.0	2.0	1.0	2.0	1.0	1.0	0.0	0.0	1.0	2.0	0.0	12
CS.PA	5.3	2.0	2.0	1.0	1.0	0.0	1.0	1.0	1.0	1.0	1.0	1.0	1.0	0.5	2.0	0.5	12
DEC.PA	6.7	1.5	1.5	1.0	1.0	1.0	2.0	1.0	1.0	1.5	0.5	1.0	2.0	1.0	2.0	2.0	12
DG.PA	5.5	2.0	2.0	1.0	1.0	0.0	2.0	1.0	1.0	1.5	1.5	0.0	1.0	1.0	1.5	0.0	12
DIM.PA	5.5	1.5	2.0	1.0	1.0	2.0	2.0	0.5	0.5	1.0	0.5	1.0	0.0	1.0	2.0	0.5	13
DSY.PA	5.7	1.0	0.5	1.0	1.0	2.0	1.5	1.0	0.0	1.5	0.5	2.0	2.0	1.0	2.0	0.0	13
EDEN.PA	4.7	1.0	1.0	1.0	1.0	1.0	2.0	1.0	0.0	1.0	1.5	0.0	1.0	1.0	0.0	1.5	11
EL.PA	4.2	1.5	2.0	1.0	1.0	0.0	1.0	1.0	0.5	1.0	0.5	0.0	0.0	1.0	2.0	0.0	12
ELIS.PA	5.5	1.5	2.0	1.0	1.0	0.0	2.0	1.0	1.5	1.0	1.5	0.0	1.0	1.0	2.0	0.0	12
EN.PA	5.7	1.5	2.0	1.0	1.0	0.0	1.5	2.0	1.5	1.0	1.0	0.0	1.0	1.0	2.0	0.5	13
ENGI.PA	5.8	2.0	2.0	1.0	1.0	0.0	2.0	1.0	1.5	1.0	1.0	0.0	1.0	1.0	2.0	1.0	12
ENX.PA	6.0	1.5	1.5	1.0	1.0	2.0	2.0	1.5	0.5	1.5	1.5	1.0	0.0	0.5	1.0	1.5	13
ERF.PA	5.3	0.5	0.5	1.0	1.0	2.0	1.5	1.0	0.0	1.0	1.0	1.0	1.0	1.0	2.0	1.5	12
ETL.PA	4.8	1.0	2.0	1.0	1.0	0.0	2.0	1.0	1.0	0.0	0.5	2.0	1.0	0.0	2.0	0.0	12
EXA.PA	6.8	1.0	1.5	1.0	1.0	2.0	2.0	1.0	1.0	0.5	1.0	2.0	2.0	0.5	2.0	2.0	11
EXENS.PA	6.7	1.5	2.0	1.0	1.0	0.0	2.0	1.0	1.0	1.0	1.0	2.0	2.0	1.0	2.0	1.5	12
FDJU.PA	4.2	1.0	1.5	1.0	1.0	0.0	2.0	1.0	1.0	0.5	0.5	0.0	0.0	1.0	2.0	0.0	12
FGR.PA	5.3	2.0	2.0	1.0	1.0	0.0	2.0	1.0	0.5	1.5	1.0	0.0	1.0	1.0	2.0	0.0	12
FR.PA	5.8	1.5	1.5	1.0	1.0	1.0	1.5	1.0	1.0	1.0	1.5	0.0	1.0	1.0	1.5	2.0	12
FRVIA.PA	4.8	1.5	2.0	1.0	1.0	0.0	1.5	1.0	2.0	0.0	1.0	0.0	1.0	1.0	1.5	0.0	12
GET.PA	6.3	1.5	1.0	1.0	1.0	2.0	2.0	1.0	1.0	1.0	0.5	2.0	1.0	1.0	2.0	1.0	12
GFC.PA	4.3	1.5	2.0	1.0	1.0	0.0	2.0	1.0	1.0	0.5	1.5	0.0	0.0	1.0	0.5	0.0	12
GLE.PA	5.8	1.5	2.0	1.0	1.0	0.0	1.5	2.0	1.5	1.0	1.5	1.0	1.0	0.5	1.0	1.0	11
GNFT.PA	5.8	1.5	2.0	1.0	1.0	0.0	2.0	1.0	1.0	0.0	0.5	2.0	2.0	0.0	1.5	2.0	11
GTT.PA	7.8	1.5	1.5	1.0	1.0	2.0	2.0	1.0	2.0	2.0	1.5	2.0	2.0	2.0	0.5	1.5	12
HO.PA	5.3	1.5	2.0	1.0	1.0	0.0	1.5	1.0	2.0	1.5	0.5	0.0	1.0	1.0	2.0	0.0	12
ICAD.PA	4.2	1.0	2.0	1.0	1.0	0.0	1.0	1.0	1.0	0.0	2.0	1.0	1.0	0.5	0.0	0.0	12
IDL.PA	5.0	1.5	2.0	1.0	1.0	0.0	2.0	1.0	1.0	1.0	0.5	0.0	1.0	1.0	2.0	0.0	12
IPN.PA	6.0	1.0	2.0	1.0	1.0	0.0	1.0	1.0	0.5	1.0	0.5	2.0	2.0	1.5	2.0	1.5	12
IPS.PA	6.0	1.0	2.0	1.0	1.0	1.0	2.0	1.0	0.5	1.0	1.5	1.0	2.0	1.0	1.5	0.5	12
KER.PA	5.2	1.0	1.5	1.0	1.0	0.0	1.5	1.0	1.0	0.0	0.5	2.0	2.0	1.0	2.0	0.0	12
LI.PA	4.7	1.0	1.5	1.0	1.0	0.0	2.0	1.0	1.0	1.0	1.0	0.0	0.0	1.0	2.0	0.5	12
LR.PA	6.3	2.0	2.0	1.0	1.0	0.0	1.5	0.5	2.0	1.5	1.5	2.0	2.0	1.0	0.5	0.5	13
MC.PA	5.5	1.5	2.0	1.0	1.0	0.0	1.5	1.0	0.5	1.5	0.5	2.0	1.0	1.0	2.0	0.0	12
MEDCL.PA	5.8	1.5	2.0	1.0	1.0	2.0	2.0	1.0	1.0	1.0	1.0	1.0	1.0	0.0	2.0	0.0	11
MERY.PA	4.3	1.0	2.0	1.0	1.0	0.0	2.0	1.0	1.0	0.5	1.0	1.0	1.0	0.5	0.0	0.0	12
MF.PA	5.3	1.5	2.0	1.0	1.0	0.0	2.0	1.0	1.0	1.0	0.5	1.0	1.0	1.0	2.0	0.0	12
ML.PA	5.5	1.5	1.5	1.0	1.0	1.0	2.0	1.0	0.5	1.0	1.0	1.0	1.0	1.0	1.0	1.0	5
MMT.PA	5.3	1.0	1.5	1.0	1.0	0.0	2.0	1.0	1.0	1.0	0.5	2.0	1.0	1.0	2.0	0.0	12
MRN.PA	6.3	1.5	2.0	1.0	1.0	2.0	2.0	1.0	1.0	0.5	1.5	1.0	1.0	1.0	0.5	2.0	11
NANO.PA	5.3	1.5	2.0	1.0	1.0	0.0	2.0	1.0	1.0	1.0	0.5	1.0	2.0	0.0	1.5	0.5	10
NEX.PA	5.8	1.5	2.0	1.0	1.0	0.0	2.0	1.0	2.0	1.0	1.5	1.0	1.0	1.0	1.0	0.5	12
OPM.PA	5.0	1.5	2.0	1.0	1.0	0.0	2.0	1.0	1.0	1.0	0.5	0.0	1.0	1.0	2.0	0.0	11
OR.PA	5.5	1.5	1.5	1.0	1.0	0.0	2.0	1.0	1.5	1.5	0.5	0.0	1.0	1.5	2.0	0.5	12
ORA.PA	5.0	1.0	2.0	1.0	1.0	0.0	1.0	1.0	1.0	1.0	1.5	0.0	1.0	1.0	2.0	0.5	12
PLNW.PA	7.0	1.0	1.5	1.0	1.0	2.0	2.0	1.0	1.0	2.0	0.5	2.0	1.0	1.5	2.0	1.5	12
PLX.PA	5.5	1.0	1.0	1.0	1.0	1.0	2.0	1.0	1.0	2.0	0.5	1.0	1.0	1.0	2.0	0.0	11
PUB.PA	5.8	1.5	2.0	1.0	1.0	1.0	2.0	1.0	1.0	1.5	1.5	0.0	1.0	1.0	1.0	1.0	11
RBT.PA	6.5	1.5	2.0	1.0	1.0	0.0	2.0	1.0	1.5	1.5	0.5	2.0	2.0	1.5	2.0	0.0	12
RCO.PA	5.0	1.0	1.5	1.0	1.0	1.0	2.0	1.0	1.0	0.5	1.0	1.0	0.0	1.0	2.0	0.0	12
RI.PA	5.3	1.0	1.5	1.0	1.0	0.0	1.0	1.0	1.0	1.0	1.5	2.0	1.0	1.0	2.0	0.0	12
RMS.PA	5.3	1.0	2.0	1.0	1.0	0.0	1.5	1.0	0.0	2.0	0.5	1.0	1.0	2.0	2.0	0.0	12
RNO.PA	4.7	0.5	1.5	1.0	1.0	0.0	1.5	1.0	1.0	1.0	1.0	1.0	1.0	0.5	2.0	0.0	12
RXL.PA	6.3	1.5	2.0	1.0	1.0	0.0	1.5	1.0	1.5	1.0	2.0	2.0	2.0	1.0	0.5	1.0	12
SAF.PA	5.3	1.5	2.0	1.0	1.0	0.0	1.5	1.0	1.0	2.0	1.0	0.0	1.0	1.0	1.5	0.5	12
SAN.PA	4.7	1.5	2.0	1.0	1.0	0.0	1.5	1.5	1.0	1.0	1.0	0.0	0.0	1.0	1.5	0.0	13
SCR.PA	5.3	1.0	1.5	1.0	1.0	1.0	1.5	2.0	0.5	1.0	1.5	1.0	1.0	1.0	0.5	0.5	13
SESG.PA	4.7	1.5	2.0	1.0	1.0	0.0	2.0	2.0	1.0	0.0	1.0	1.0	1.0	0.5	0.0	0.0	13
SGO.PA	5.0	2.0	2.0	1.0	1.0	0.0	1.5	1.0	0.0	1.0	1.5	1.0	1.0	1.0	1.0	0.0	12
SIGHT.PA	3.7	1.0	1.0	1.0	1.0	0.0	2.0	1.0	1.0	1.0	1.0	0.0	0.0	0.0	1.0	0.0	10
SK.PA	5.8	1.5	2.0	1.0	1.0	1.0	2.0	1.0	1.0	0.5	1.0	1.0	1.0	1.0	2.0	0.5	12
SOI.PA	5.0	0.5	0.5	1.0	1.0	2.0	0.5	1.0	2.0	0.0	1.0	1.0	1.0	0.0	1.5	2.0	12
SOP.PA	5.3	1.0	2.0	1.0	1.0	1.0	2.0	1.0	0.0	1.0	1.0	0.0	1.0	1.0	2.0	1.0	12
SPIE.PA	5.5	1.5	2.0	1.0	1.0	0.0	2.0	1.0	1.5	1.5	1.5	0.0	1.0	1.0	1.5	0.0	12
STLAP.PA	4.0	0.5	1.5	1.0	1.0	0.0	1.0	1.0	1.0	0.0	1.0	1.0	1.0	0.0	2.0	0.0	11
STMPA.PA	6.7	2.0	2.0	1.0	1.0	2.0	1.0	0.0	1.0	0.5	0.5	2.0	2.0	1.0	2.0	2.0	13
SU.PA	5.3	2.0	2.0	1.0	1.0	0.0	2.0	1.0	0.0	1.5	1.5	1.0	1.0	1.0	0.5	0.5	12
SW.PA	5.5	1.0	1.0	1.0	1.0	1.0	2.0	1.0	1.0	1.0	1.0	1.0	1.0	1.0	2.0	0.5	11
TE.PA	4.3	1.5	2.0	1.0	1.0	0.0	1.0	0.0	1.0	1.0	1.5	1.0	1.0	1.0	0.0	0.0	13
TEP.PA	5.7	1.0	1.5	1.0	1.0	1.0	0.5	1.0	1.0	1.0	2.0	1.0	2.0	1.0	1.5	0.5	11
TFF.PA	4.8	1.5	2.0	1.0	1.0	0.0	2.0	1.0	0.0	0.5	0.0	2.0	1.0	0.5	2.0	0.0	12
TFI.PA	5.3	0.5	2.0	1.0	1.0	0.0	2.0	1.0	1.0	1.0	0.5	1.0	2.0	1.0	2.0	0.0	12
TKO.PA	5.3	1.5	2.0	1.0	1.0	0.0	2.0	1.0	1.0	1.0	0.5	1.0	1.0	1.0	2.0	0.0	12
TRI.PA	5.7	1.5	2.0	1.0	1.0	0.0	2.0	1.0	1.0	1.0	0.5	2.0	1.0	1.0	2.0	0.0	11
TTE.PA	6.3	2.0	1.5	1.0	1.0	2.0	1.5	1.0	0.5	1.0	1.5	1.0	1.0	1.0	1.0	2.0	13
UBI.PA	4.7	1.0	1.0	1.0	1.0	0.0	2.0	1.0	1.0	0.0	1.0	2.0	1.0	0.0	2.0	0.0	12
URW.PA	5.0	1.5	2.0	1.0	1.0	0.0	2.0	1.0	0.5	1.0	1.0	0.0	1.0	1.0	2.0	0.0	12
VCT.PA	5.7	1.5	2.0	1.0	1.0	0.0	2.0	1.0	0.0	1.0	0.5	2.0	2.0	1.0	2.0	0.0	12
VIE.PA	5.2	1.5	2.0	1.0	1.0	0.0	2.0	1.0	1.0	1.0	1.5	0.0	1.0	1.0	1.0	0.5	12
VIRI.PA	6.3	1.5	2.0	1.0	1.0	0.0	2.0	2.0	1.0	0.5	1.5	2.0	2.0	1.0	0.0	1.5	13
VIRP.PA	5.7	1.0	1.5	1.0	1.0	0.0	2.0	1.0	1.5	1.0	0.5	2.0	1.0	1.0	2.0	0.5	12
VIV.PA	4.2	1.5	2.0	1.0	1.0	0.0	2.0	1.0	1.0	0.5	0.5	0.0	0.0	0.0	2.0	0.0	11
VK.PA	6.7	2.0	2.0	1.0	1.0	0.0	2.0	0.5	2.0	1.5	1.0	2.0	2.0	1.0	1.5	0.5	13
VRLA.PA	5.0	1.0	1.5	1.0	1.0	0.0	2.0	1.0	1.0	1.0	0.5	1.0	1.0	1.0	2.0	0.0	11
VU.PA	5.7	1.5	2.0	1.0	1.0	0.0	2.0	1.0	1.0	2.0	0.5	1.0	1.0	1.0	2.0	0.0	12
WLN.PA	4.8	1.5	2.0	1.0	1.0	0.0	2.0	1.0	1.0	0.0	1.5	1.0	1.0	0.5	1.0	0.0	12
XFAB.PA	3.7	1.0	1.0	1.0	1.0	0.0	2.0	0.0	1.0	0.5	0.5	0.0	0.0	0.5	2.0	0.5	13
QBTS	3.7	2.0	2.0	1.0	0.0	0.0	1.0	0.5	0.5	0.0	1.5	1.0	1.0	0.0	0.5	0.0	14
QCOM	6.7	1.0	1.5	1.0	1.5	2.0	0.0	1.5	1.0	2.0	2.0	2.0	2.0	1.5	0.0	1.0	14
QCRH	6.5	1.5	1.5	1.0	1.5	1.0	2.0	2.0	1.0	1.0	2.0	1.0	1.0	0.5	0.5	2.0	11
QDEL	4.2	1.0	1.0	1.0	0.0	0.0	2.0	2.0	1.0	0.0	2.0	1.0	1.0	0.5	0.0	0.0	13
QFIN	4.7	0.5	2.0	1.0	1.5	0.0	1.5	0.0	1.0	1.5	1.5	2.0	0.0	1.0	0.5	0.0	13
QLYS	6.5	1.0	0.5	1.0	0.5	2.0	1.0	2.0	1.0	2.0	2.0	1.0	2.0	1.5	0.0	2.0	14
QNST	7.2	2.0	2.0	1.0	0.5	1.0	2.0	1.5	2.0	2.0	2.0	1.0	2.0	1.0	0.5	1.0	14
QNT.US	5.3	2.0	2.0	1.0	1.0	0.5	1.0	0.5	1.0	1.0	2.0	1.0	1.0	1.0	1.0	0.0	10
QRVO	5.5	1.0	0.5	1.0	1.0	1.0	2.0	2.0	0.5	1.0	2.0	1.0	1.0	1.0	0.0	1.5	13
QS	4.2	1.0	2.0	1.0	0.5	0.0	1.0	1.5	1.0	0.0	1.0	1.0	1.0	0.0	1.5	0.0	13
QSI	5.5	1.5	2.0	1.0	1.0	2.0	2.0	2.0	1.0	0.0	0.5	1.0	1.0	0.0	1.5	0.0	13
QTRX	4.0	1.0	0.5	1.0	0.5	1.0	2.0	0.0	1.0	0.0	2.0	1.0	1.0	0.0	1.0	0.0	13
QUBT	4.3	1.5	2.0	1.0	0.0	0.0	1.0	2.0	1.0	0.0	1.0	1.0	1.0	0.0	1.5	0.0	13
QUIK	5.3	1.5	2.0	1.0	1.0	0.0	1.5	0.0	1.0	0.0	1.0	2.0	2.0	0.0	1.0	2.0	13
QURE	3.5	2.0	2.0	1.0	0.5	0.0	0.5	0.0	0.0	0.0	2.0	1.0	1.0	0.0	0.5	0.0	14
RAPP	5.0	2.0	2.0	1.0	1.0	0.0	1.5	1.5	1.0	0.0	2.0	1.0	1.0	0.0	0.5	0.5	14
RARE.US	4.2	1.5	2.0	1.0	0.5	0.0	0.0	0.0	0.0	1.0	2.0	2.0	2.0	0.0	0.5	0.0	13
RBB	6.3	1.0	1.5	1.0	1.5	1.0	2.0	2.0	1.0	1.0	1.5	1.0	1.0	0.5	1.0	2.0	12
RBBN	5.2	1.5	2.0	1.0	1.0	0.0	1.0	2.0	1.0	0.5	2.0	1.0	1.0	0.0	1.5	0.0	13
RBC	7.2	2.0	2.0	1.0	2.0	0.0	2.0	1.5	2.0	1.0	2.0	2.0	1.0	1.0	0.5	1.5	14
RCAT	3.8	2.0	2.0	1.0	0.0	0.0	1.0	0.0	1.0	0.0	1.5	1.0	1.0	0.0	1.0	0.0	13
RCEL	4.5	1.5	1.5	1.0	1.0	1.5	2.0	0.0	1.0	1.0	0.5	0.0	0.0	0.0	0.5	2.0	12
RCKT	4.3	2.0	2.0	1.0	0.5	0.0	1.0	0.0	2.0	0.0	2.0	1.0	1.0	0.0	0.5	0.0	14
RCKY	7.3	1.0	1.5	1.0	1.5	1.0	2.0	2.0	1.0	1.0	2.0	2.0	2.0	1.0	1.0	2.0	13
RCMT	8.2	1.5	1.5	1.0	1.5	2.0	2.0	1.5	1.0	2.0	1.0	2.0	2.0	1.5	2.0	2.0	13
RDNT	5.8	2.0	2.0	1.0	0.5	1.0	2.0	1.0	1.0	0.5	2.0	1.0	2.0	0.5	1.0	0.0	13
RDZN	4.7	1.5	2.0	1.0	1.5	0.0	2.0	2.0	1.0	1.0	0.0	0.0	0.0	0.0	2.0	0.0	12
REAL	5.0	1.5	2.0	1.0	0.5	0.0	1.5	2.0	1.0	1.0	2.0	0.0	1.0	0.0	1.0	0.5	13
REG	5.7	1.5	1.5	1.0	1.5	0.0	2.0	2.0	2.0	1.0	2.0	0.0	1.0	1.0	0.0	0.5	14
REGN	6.3	1.5	1.5	1.0	1.5	1.0	1.5	2.0	1.0	1.0	2.0	1.0	1.0	1.0	0.5	1.5	14
REKR	3.8	1.5	2.0	1.0	0.5	0.0	2.0	1.5	1.0	0.0	0.5	0.0	1.0	0.0	0.5	0.0	13
RELL	7.3	1.5	2.0	1.0	1.0	2.0	2.0	2.0	1.0	1.0	2.0	1.0	2.0	1.0	0.5	2.0	13
RELY	7.5	2.0	2.0	1.0	1.0	1.0	2.0	2.0	1.0	2.0	2.0	1.0	1.0	1.5	1.0	2.0	14
REPL	5.7	2.0	2.0	1.0	0.0	1.0	1.5	1.0	2.0	0.0	2.0	1.0	1.0	0.0	0.5	2.0	14
REYN	5.7	1.0	1.5	1.0	0.5	0.0	2.0	1.5	1.0	1.5	1.0	2.0	1.0	1.0	2.0	0.0	14
RGEN	5.2	2.0	1.5	1.0	0.5	1.0	1.0	2.0	0.5	0.5	2.0	1.0	1.0	0.5	0.5	0.5	14
RGLD	5.8	1.5	2.0	1.0	1.5	0.0	1.5	0.5	1.0	1.0	2.0	2.0	1.0	1.5	0.0	1.0	14
RGNX	4.2	1.5	2.0	1.0	0.5	0.0	0.0	2.0	0.0	0.0	1.5	2.0	1.0	0.0	1.0	0.0	14
RGP	5.7	1.5	2.0	1.0	1.5	0.0	2.0	2.0	1.0	0.0	2.0	2.0	1.0	0.0	1.0	0.0	13
RGTI	4.0	1.5	2.0	1.0	0.5	0.0	0.5	1.5	1.0	0.0	1.5	1.0	1.0	0.0	0.5	0.0	13
RIGL	7.7	1.5	2.0	1.0	0.5	2.0	1.0	2.0	1.0	2.0	2.0	2.0	2.0	1.5	0.5	2.0	13
RIOT	4.8	2.0	2.0	1.0	0.5	0.0	1.0	0.0	1.0	0.0	2.0	2.0	2.0	0.0	1.0	0.0	14
RIVN	5.2	1.0	2.0	1.0	0.5	0.0	1.0	2.0	0.5	0.0	1.0	2.0	2.0	0.0	2.0	0.5	14
RKLB	4.8	2.0	2.0	1.0	1.0	0.0	1.0	2.0	1.5	0.0	1.5	1.0	1.0	0.0	0.0	0.5	14
RLAY	5.2	2.0	2.0	1.0	0.0	1.0	1.0	1.0	1.0	0.0	2.0	1.0	1.0	0.0	0.5	2.0	14
RLMD	4.8	1.5	2.0	1.0	0.5	0.0	2.0	0.0	1.0	0.0	2.0	1.0	1.0	0.0	0.5	2.0	13
RMBS	6.7	2.0	2.0	1.0	1.0	2.0	2.0	1.0	1.0	1.5	2.0	1.0	1.0	1.5	0.0	1.0	14
RMNI	5.5	1.5	2.0	1.0	1.5	1.0	1.5	0.0	1.0	1.0	2.0	0.0	1.0	1.0	2.0	0.0	12
RMR	5.8	1.5	2.0	1.0	1.0	0.0	2.0	0.5	1.0	1.0	2.0	1.0	2.0	1.0	0.5	1.0	13
RMTI	4.5	1.5	2.0	1.0	1.5	1.0	2.0	0.0	1.0	0.0	0.0	1.0	1.0	0.0	1.5	0.0	13
RNA	5.3	2.0	2.0	1.0	1.0	0.5	2.0	0.0	1.0	1.0	2.0	1.0	1.0	1.0	0.5	0.0	10
RNW	5.7	1.0	1.0	1.0	1.5	2.0	2.0	2.0	1.0	1.0	2.0	0.0	0.0	1.0	1.5	0.0	13
ROAD	6.5	2.0	2.0	1.0	1.0	0.0	1.5	2.0	1.0	1.5	2.0	2.0	2.0	1.0	0.5	0.0	14
ROIV	6.5	2.0	2.0	1.0	1.0	1.0	1.5	2.0	1.0	0.0	2.0	1.0	1.0	0.0	2.0	2.0	14
ROKU	6.5	1.0	1.5	1.0	1.0	1.0	2.0	2.0	1.0	1.0	2.0	2.0	1.0	1.0	0.0	2.0	14
ROOT	6.0	1.5	2.0	1.0	0.5	0.0	1.0	2.0	1.0	1.5	1.5	2.0	2.0	1.0	1.0	0.0	13
ROP	4.2	1.5	2.0	1.0	1.0	0.0	1.0	1.0	1.0	1.0	2.0	0.0	0.0	1.0	0.0	0.0	14
ROST	7.7	2.0	2.0	1.0	1.5	1.0	1.5	2.0	1.0	2.0	2.0	2.0	1.0	1.5	0.5	2.0	13
RPAY	5.8	1.5	2.0	1.0	1.0	2.0	2.0	0.5	1.0	0.0	2.0	1.0	2.0	0.0	1.5	0.0	13
RPD	4.7	1.0	0.5	1.0	0.5	2.0	1.0	2.0	1.0	1.0	2.0	0.0	1.0	0.5	0.5	0.0	13
RPRX	7.3	2.0	1.5	1.0	1.5	1.0	2.0	1.5	1.5	1.0	2.0	2.0	1.0	1.0	1.0	2.0	14
RRGB	6.0	1.5	2.0	1.0	0.5	2.0	2.0	2.0	1.0	1.0	2.0	0.0	0.0	0.5	1.0	1.5	12
RRR	5.5	2.0	2.0	1.0	0.5	0.0	1.5	2.0	1.0	2.0	2.0	0.0	0.0	1.5	1.0	0.0	14
RUM	5.2	1.5	2.0	1.0	0.5	1.0	2.0	0.0	1.0	0.0	0.5	2.0	2.0	0.0	2.0	0.0	13
RUN	4.3	1.5	2.0	1.0	0.0	0.0	0.5	2.0	1.0	0.0	2.0	1.0	1.0	0.5	0.5	0.0	14
RUSHA	5.5	1.5	2.0	1.0	0.5	0.0	2.0	1.5	1.0	1.0	2.0	1.0	0.0	1.0	0.5	1.5	14
RVMD	5.3	2.0	2.0	1.0	1.5	1.0	1.0	0.0	1.0	0.0	2.0	1.0	1.0	0.0	0.5	2.0	14
RWAY	4.5	0.5	1.0	1.0	0.5	0.0	2.0	2.0	1.0	0.5	1.5	1.0	1.0	1.0	0.5	0.0	13
RXRX	5.0	1.5	2.0	1.0	0.0	2.0	1.0	2.0	1.0	0.0	2.0	1.0	1.0	0.0	0.5	0.0	13
RXST	4.5	1.0	2.0	1.0	0.5	0.0	1.0	2.0	1.0	0.0	2.0	1.0	1.0	0.0	1.0	0.0	13
RXT	4.8	1.0	2.0	1.0	0.0	1.0	1.5	0.5	1.0	1.0	2.0	0.0	1.0	0.0	0.5	2.0	12
RYAAY	5.2	1.5	2.0	1.0	2.0	0.0	2.0	2.0	1.5	1.5	1.0	0.0	0.0	1.0	0.0	0.0	14
RYTM	4.3	2.0	2.0	1.0	0.5	0.0	1.5	1.5	0.5	0.0	2.0	1.0	1.0	0.0	0.0	0.0	14
RZLT	4.8	2.0	2.0	1.0	0.0	2.0	0.5	0.0	2.0	0.0	2.0	1.0	1.0	0.0	1.0	0.0	14
RZLV	3.3	2.0	2.0	1.0	0.5	0.0	0.5	1.0	1.0	0.0	0.0	0.0	0.0	0.0	2.0	0.0	13
SABR	5.8	1.0	1.0	1.0	0.5	1.0	2.0	2.0	1.0	1.0	2.0	1.0	1.0	1.0	1.5	0.5	13
SAGE CVR	5.0	1.0	1.0	1.0	1.0	1.0	1.0	1.0	1.0	1.0	1.0	1.0	1.0	1.0	1.0	1.0	0
SAIA	6.7	2.0	2.0	1.0	1.5	0.0	1.5	1.5	1.5	1.0	2.0	2.0	2.0	1.0	0.0	1.0	14
SAIC	6.7	1.0	1.0	1.0	1.0	2.0	1.5	2.0	1.0	2.0	2.0	1.0	2.0	1.0	0.0	1.5	14
SAIL	5.0	1.5	1.5	1.0	0.0	2.0	1.0	2.0	0.5	0.0	2.0	1.0	2.0	0.0	0.5	0.0	14
SANA	4.7	2.0	2.0	1.0	0.0	0.0	1.0	1.0	1.0	0.0	2.0	1.0	2.0	0.0	1.0	0.0	13
SANM	7.3	1.0	2.0	1.0	1.0	2.0	2.0	2.0	1.0	1.0	2.0	2.0	1.0	1.0	1.0	2.0	13
SBAC	4.5	1.5	2.0	1.0	1.5	0.0	1.5	0.5	1.0	1.0	2.0	0.0	0.0	1.5	0.0	0.0	13
SBCF	5.3	1.5	1.5	1.0	1.0	0.0	2.0	1.5	1.0	1.0	2.0	1.0	1.0	0.5	0.5	0.5	12
SBET	4.3	2.0	2.0	1.0	0.5	2.0	0.0	0.0	1.0	0.0	1.5	1.0	1.0	0.0	1.0	0.0	14
SBGI	6.0	0.5	1.5	1.0	0.0	0.0	2.0	2.0	1.0	1.5	1.5	2.0	2.0	1.0	1.5	0.5	13
SBRA	5.0	1.5	2.0	1.0	0.5	0.0	2.0	0.5	1.5	0.5	2.0	1.0	1.0	0.5	0.5	0.5	14
SBUX	5.3	1.5	2.0	1.0	1.5	0.0	2.0	1.5	1.0	1.0	2.0	0.0	0.0	1.5	0.0	1.0	13
SCHL	6.3	1.0	0.5	1.0	0.5	2.0	2.0	2.0	1.0	1.0	2.0	1.0	1.0	0.5	2.0	1.5	13
SCPH CVR	5.0	1.0	1.0	1.0	1.0	1.0	1.0	1.0	1.0	1.0	1.0	1.0	1.0	1.0	1.0	1.0	0
SCSC	6.7	1.0	0.0	1.0	1.0	2.0	2.0	1.5	1.0	1.0	2.0	2.0	2.0	1.0	0.5	2.0	13
SCYX	5.0	1.5	2.0	1.0	1.5	0.0	2.0	2.0	1.0	0.0	1.5	1.0	1.0	0.0	0.5	0.0	14
SDA	5.2	1.5	2.0	1.0	2.0	0.0	2.0	0.0	1.0	1.0	0.0	1.0	1.0	1.0	2.0	0.0	13
SDGR	4.7	1.5	0.0	1.0	0.0	2.0	1.5	0.0	1.0	0.0	2.0	2.0	1.0	0.0	0.5	1.5	13
SEDG	4.8	1.0	1.5	1.0	0.0	0.0	1.5	2.0	1.0	0.0	2.0	2.0	2.0	0.0	0.5	0.0	14
SEER	5.7	1.5	2.0	1.0	2.0	2.0	2.0	0.5	1.0	0.0	1.5	1.0	1.0	0.0	1.5	0.0	13
SEIC	7.7	2.0	2.0	1.0	1.5	1.0	2.0	1.5	1.5	2.0	2.0	1.0	1.0	1.5	1.5	1.5	14
SENEA	6.5	1.0	1.5	1.0	1.0	1.0	2.0	0.5	1.0	1.5	2.0	1.0	1.0	1.5	1.5	2.0	13
SERV	4.0	2.0	2.0	1.0	0.0	0.0	1.5	0.5	1.0	0.0	1.0	1.0	1.0	0.0	1.0	0.0	13
SEZL	7.2	1.5	2.0	1.0	0.0	1.0	2.0	2.0	1.0	2.0	1.0	1.0	1.0	2.0	2.0	2.0	13
SFD	6.0	1.5	2.0	1.0	0.5	0.0	2.0	2.0	0.0	1.5	0.5	2.0	2.0	1.0	2.0	0.0	14
SFIX	4.7	1.5	2.0	1.0	0.5	0.0	1.5	2.0	1.0	0.0	2.0	1.0	1.0	0.0	0.5	0.0	13
SFM	4.8	1.5	2.0	1.0	0.5	0.0	1.5	1.5	1.0	2.0	2.0	0.0	0.0	1.5	0.0	0.0	14
SFNC	5.3	2.0	1.5	1.0	1.0	1.0	2.0	1.0	1.0	0.0	2.0	1.0	1.0	0.0	0.5	1.0	11
SG	5.3	2.0	0.5	1.0	0.0	1.5	1.5	0.0	2.0	0.5	2.0	1.0	2.0	0.0	0.5	1.5	14
SGHT	6.5	2.0	1.0	1.0	1.5	2.0	2.0	2.0	1.0	0.0	1.5	1.0	1.0	0.0	1.5	2.0	13
SGML	3.8	1.0	1.0	1.0	1.0	0.0	2.0	0.0	0.0	0.0	2.0	0.0	0.0	1.0	0.5	2.0	14
SGMT	5.0	2.0	2.0	1.0	0.5	1.0	0.5	1.5	1.0	0.0	2.0	1.0	1.0	0.0	0.5	1.0	14
SGP	5.0	1.5	2.0	1.0	0.5	0.5	2.0	0.0	1.0	1.0	2.0	1.0	1.0	1.0	0.5	0.0	11
SGRY	5.7	2.0	2.0	1.0	0.0	0.0	1.0	2.0	1.0	0.5	2.0	2.0	2.0	1.0	0.5	0.0	14
SHAZ	5.2	2.0	2.0	1.0	1.0	0.5	2.0	0.0	1.0	0.0	1.5	1.0	1.0	0.0	1.5	1.0	14
SHBI	6.3	1.5	1.5	1.0	1.5	1.0	2.0	1.5	0.5	1.0	2.0	1.0	1.0	0.5	1.0	2.0	12
SHC	7.2	2.0	2.0	1.0	1.5	1.0	1.5	1.5	1.0	2.0	2.0	2.0	1.0	1.5	0.5	1.0	14
SHEN	4.3	1.5	2.0	1.0	1.0	0.0	2.0	2.0	1.0	0.0	2.0	0.0	0.0	0.0	0.5	0.0	13
SHIP	7.2	1.5	2.0	1.0	2.0	2.0	2.0	2.0	1.0	1.5	0.5	0.0	1.0	1.0	2.0	2.0	13
SHLS	6.0	2.0	2.0	1.0	0.5	1.0	1.0	1.0	1.0	1.0	2.0	2.0	2.0	1.0	0.5	0.0	13
SHOE	5.0	1.5	1.5	1.0	0.0	0.0	2.0	0.5	1.0	0.5	2.0	1.0	1.0	1.0	2.0	0.0	13
SHOO	7.2	1.5	1.5	1.0	1.0	1.0	1.5	2.0	1.0	1.5	2.0	2.0	2.0	1.5	0.5	1.5	14
SHOP	6.3	2.0	1.0	1.0	2.0	2.0	1.0	1.5	1.0	1.5	2.0	1.0	1.0	1.5	0.0	0.5	14
SIBN	5.8	1.5	1.5	1.0	0.5	2.0	2.0	2.0	1.0	0.0	2.0	1.0	1.0	0.0	0.5	1.5	14
SIGI	4.8	1.0	2.0	1.0	1.5	0.0	2.0	1.5	1.0	1.0	2.0	0.0	0.0	1.0	0.0	0.5	14
SILC	6.5	1.5	1.5	1.0	1.5	2.0	2.0	2.0	1.0	0.0	1.0	1.0	2.0	0.0	1.0	2.0	13
SIMO	7.8	2.0	2.0	1.0	1.0	2.0	1.5	2.0	1.0	2.0	2.0	2.0	1.0	1.5	0.5	2.0	14
SINT	5.5	2.0	2.0	1.0	2.0	1.0	1.0	0.0	1.0	0.0	0.5	2.0	2.0	0.0	2.0	0.0	13
SION	3.5	1.0	2.0	1.0	0.5	0.0	0.0	1.0	0.0	0.0	2.0	1.0	1.0	0.0	1.0	0.0	14
SIRI	5.0	1.0	2.0	1.0	0.5	1.0	1.0	0.0	2.0	1.0	1.0	0.0	0.0	1.0	2.0	1.5	14
SITM	6.8	2.0	2.0	1.0	1.0	2.0	1.5	2.0	1.0	0.5	2.0	1.0	1.0	0.0	1.5	2.0	13
SKHY	6.5	2.0	2.0	1.0	1.0	1.5	1.0	2.0	1.5	2.0	0.0	2.0	1.0	2.0	0.0	0.5	13
SKIN	5.7	1.0	2.0	1.0	0.5	0.0	2.0	2.0	1.0	0.0	2.0	2.0	2.0	0.0	1.5	0.0	13
SKWD	7.3	2.0	1.5	1.0	1.0	2.0	2.0	2.0	1.0	1.5	2.0	2.0	1.0	1.0	1.0	1.0	13
SKYW	5.3	1.5	1.5	1.0	1.0	1.0	2.0	1.5	1.0	1.5	2.0	0.0	0.0	1.0	0.5	0.5	14
SLAB	5.5	1.0	1.0	1.0	0.5	2.0	2.0	1.5	1.0	0.0	2.0	1.0	1.0	0.0	0.5	2.0	14
SLDB	4.7	2.0	2.0	1.0	0.5	0.0	0.5	1.5	1.5	0.0	2.0	1.0	1.0	0.0	0.0	1.0	14
SLDE	7.5	2.0	1.0	1.0	0.5	2.0	2.0	2.0	1.0	2.0	1.5	1.0	1.0	1.5	2.0	2.0	13
SLDP	5.0	1.5	2.0	1.0	0.5	1.0	2.0	2.0	1.0	0.0	1.0	1.0	1.0	0.0	1.0	0.0	13
SLGN	6.3	2.0	2.0	1.0	1.0	0.0	2.0	1.5	2.0	1.0	2.0	1.0	1.0	1.0	1.5	0.0	14
SLM	5.5	1.5	2.0	1.0	0.5	0.0	1.5	0.5	1.0	2.0	2.0	1.0	2.0	1.0	0.5	0.0	14
SLN	5.3	1.5	2.0	1.0	1.5	1.0	2.0	0.0	1.0	0.0	1.0	1.0	1.0	0.0	1.0	2.0	13
SLRC	5.2	1.5	2.0	1.0	1.5	0.0	1.5	0.5	1.0	1.0	1.0	1.0	2.0	1.0	0.5	0.0	13
SMBC	6.0	1.0	1.5	1.0	1.5	1.0	2.0	1.5	0.0	1.0	1.5	1.0	1.0	0.5	1.5	2.0	12
SMCI	5.7	1.0	0.5	1.0	0.5	2.0	0.5	2.0	1.0	1.5	1.5	1.0	2.0	1.0	1.5	0.0	14
SMMT	4.5	1.5	2.0	1.0	0.0	2.0	0.5	0.0	2.0	0.0	0.5	1.0	1.0	0.0	2.0	0.0	14
SMPL	5.0	1.0	2.0	1.0	0.5	0.0	2.0	1.5	1.0	0.0	2.0	1.0	1.0	1.0	1.0	0.0	13
SMTC	6.8	2.0	1.5	1.0	1.0	2.0	1.0	1.5	1.0	1.5	2.0	2.0	1.0	1.0	0.0	2.0	14
SMTI	5.5	1.0	1.0	1.0	1.0	2.0	2.0	0.0	1.0	0.0	0.5	2.0	1.0	1.0	2.0	1.0	13
SNDK	8.3	2.0	2.0	1.0	1.0	2.0	1.0	2.0	1.5	2.0	2.0	2.0	2.0	2.0	0.5	2.0	14
SNDL	4.2	1.5	2.0	1.0	2.0	0.0	2.0	0.0	1.0	0.0	0.5	1.0	1.0	0.0	0.5	0.0	13
SNDX	3.8	2.0	2.0	1.0	0.0	0.0	0.5	0.0	1.0	0.0	2.0	1.0	1.0	0.0	0.5	0.5	14
SNEX	6.8	1.5	2.0	1.0	1.0	0.0	2.0	2.0	1.0	1.5	2.0	1.0	2.0	0.5	1.0	2.0	13
SNGX	4.3	1.5	2.0	1.0	2.0	0.0	2.0	0.0	1.0	0.0	0.0	2.0	1.0	0.0	0.5	0.0	13
SNPS	6.3	2.0	1.5	1.0	1.5	1.5	1.0	1.5	2.0	0.5	2.0	1.0	2.0	0.5	0.5	0.5	14
SNY	4.2	1.0	2.0	1.0	2.0	0.0	2.0	1.5	1.0	1.0	0.0	0.0	0.0	1.0	0.0	0.0	14
SOFI	4.5	1.0	2.0	1.0	0.5	0.0	1.0	1.5	2.0	1.0	1.5	1.0	0.0	0.5	0.5	0.0	14
SOLS	5.7	1.5	2.0	1.0	1.5	1.0	1.5	0.5	0.5	1.0	2.0	1.0	1.0	1.0	0.0	1.5	14
SONO	6.0	1.0	1.5	1.0	0.5	2.0	2.0	0.0	1.0	1.0	2.0	2.0	2.0	1.0	0.5	0.5	13
SOUN	3.5	1.5	2.0	1.0	0.0	0.0	0.5	1.0	1.0	0.0	1.0	1.0	1.0	0.0	0.5	0.0	13
SPCX	5.8	1.5	2.0	1.0	1.5	1.5	0.0	2.0	1.0	1.0	1.0	1.0	1.0	1.0	1.5	0.5	12
SPFI	6.2	1.5	1.5	1.0	1.5	1.0	2.0	1.5	1.0	1.0	1.0	1.0	1.0	0.5	2.0	1.0	11
SPRB	3.8	2.0	2.0	1.0	0.5	0.0	0.5	0.0	1.0	0.0	2.0	1.0	1.0	0.0	0.5	0.0	14
SPRY	4.5	1.5	2.0	1.0	0.0	0.0	2.0	0.5	1.0	0.0	2.0	1.0	1.0	0.0	1.5	0.0	13
SPSC	6.2	1.0	0.5	1.0	0.5	2.0	2.0	2.0	1.0	1.0	2.0	2.0	2.0	1.0	0.5	0.0	13
SPT	4.8	1.0	0.5	1.0	1.0	2.0	1.0	2.0	1.0	0.0	2.0	1.0	1.0	0.0	0.5	0.5	13
SPTX	5.5	2.0	2.0	1.0	1.0	0.5	1.0	0.0	1.0	1.0	2.0	1.0	1.0	1.0	2.0	0.0	12
SPWH	5.0	1.5	2.0	1.0	2.0	0.0	2.0	2.0	1.0	0.0	1.5	1.0	0.0	0.0	1.0	0.0	13
SRAD	4.3	1.5	2.0	1.0	0.5	0.0	1.0	1.5	0.5	0.5	2.0	0.0	1.0	1.0	0.5	0.0	14
SRCE	6.8	1.5	1.5	1.0	1.5	1.0	1.5	2.0	1.0	1.0	2.0	1.0	1.0	0.5	2.0	2.0	11
SRPT	2.8	1.0	1.0	1.0	0.0	0.0	0.0	0.0	1.0	0.0	2.0	1.0	1.0	0.0	0.5	0.0	14
SRRK	4.2	2.0	2.0	1.0	0.5	0.0	1.5	0.5	0.5	0.0	2.0	1.0	1.0	0.0	0.0	0.5	14
SRTA	5.3	1.5	2.0	1.0	1.0	0.0	2.0	0.0	1.0	0.0	2.0	2.0	2.0	0.0	1.5	0.0	13
SSNC	6.0	1.5	1.5	1.0	1.5	2.0	1.5	1.5	1.0	1.0	2.0	1.0	0.0	1.0	1.5	0.0	14
SSP.US	5.3	1.5	2.0	1.0	0.5	0.0	0.5	0.0	1.0	0.0	2.0	1.0	2.0	0.5	2.0	2.0	13
SSRM	6.8	2.0	2.0	1.0	1.5	1.0	1.5	2.0	1.0	1.0	2.0	1.0	1.0	1.5	0.0	2.0	14
SSYS.US	5.3	1.5	2.0	1.0	1.5	0.0	2.0	2.0	1.0	0.0	1.5	1.0	1.0	0.0	1.5	0.0	13
STAA	5.3	1.5	2.0	1.0	0.5	0.0	2.0	2.0	1.5	0.5	2.0	1.0	1.0	1.0	0.0	0.0	14
STBA	5.8	1.0	1.5	1.0	1.0	1.0	2.0	1.5	1.0	1.0	2.0	1.0	1.0	0.5	0.5	1.5	12
STEP	4.7	2.0	2.0	1.0	1.0	0.0	1.0	1.5	1.5	0.0	2.0	0.0	1.0	0.0	1.0	0.0	14
STGW	6.7	2.0	2.0	1.0	0.5	2.0	1.5	2.0	1.5	0.5	1.0	0.0	1.0	1.0	2.0	2.0	14
STKS	4.0	1.5	2.0	1.0	1.0	0.0	1.5	0.0	1.0	0.0	1.0	0.0	0.0	1.0	2.0	0.0	13
STLD	7.0	1.5	1.5	1.0	1.5	1.0	2.0	1.5	0.5	1.5	2.0	1.0	2.0	1.0	1.0	2.0	14
STLN	6.7	1.5	2.0	1.0	1.0	1.0	2.0	2.0	1.0	1.0	1.0	1.0	2.0	0.0	1.5	2.0	13
STNE	6.2	1.5	1.5	1.0	1.0	0.5	2.0	1.5	1.0	2.0	2.0	1.0	2.0	1.0	0.5	0.0	13
STOK	4.2	2.0	2.0	1.0	0.5	0.0	1.0	0.0	1.5	0.0	2.0	1.0	1.0	0.0	0.5	0.0	14
STRA	6.2	1.5	1.5	1.0	0.5	2.0	2.0	2.0	1.0	1.0	2.0	1.0	1.0	1.0	0.5	0.5	13
STRL.US	7.7	2.0	2.0	1.0	1.5	1.0	1.5	2.0	1.0	2.0	2.0	1.0	2.0	1.5	0.5	2.0	14
STRO	5.3	2.0	2.0	1.0	0.5	0.0	2.0	0.0	1.0	1.0	2.0	1.0	1.0	0.0	0.5	2.0	13
STTK	5.5	2.0	2.0	1.0	1.0	0.0	1.5	1.5	1.0	0.0	2.0	1.0	1.0	0.0	0.5	2.0	14
STX.US	7.8	2.0	2.0	1.0	1.5	1.0	1.0	2.0	1.0	2.0	2.0	2.0	2.0	2.0	0.0	2.0	14
SUJA	7.2	1.5	2.0	1.0	1.5	1.5	2.0	2.0	1.0	1.0	2.0	2.0	1.0	1.0	2.0	0.0	11
SUNS	5.3	1.0	2.0	1.0	1.5	0.0	2.0	0.0	1.0	1.0	0.5	2.0	1.0	1.0	2.0	0.0	13
SUPN	5.7	1.5	2.0	1.0	0.5	0.0	2.0	2.0	1.0	0.0	2.0	2.0	2.0	0.5	0.5	0.0	13
SURG	3.5	1.5	2.0	1.0	0.5	0.0	2.0	0.0	1.0	1.0	0.0	0.0	0.0	0.0	1.5	0.0	12
SVRA	4.7	2.0	2.0	1.0	0.0	0.0	1.0	0.5	1.0	0.0	2.0	1.0	1.0	0.0	0.5	2.0	13
SWBI	6.7	1.5	1.5	1.0	1.0	2.0	2.0	2.0	1.0	1.0	1.5	1.0	1.0	1.0	0.5	2.0	13
SWKS	5.5	1.0	1.0	1.0	0.0	2.0	1.0	1.5	1.0	1.0	2.0	1.0	2.0	1.0	0.0	1.0	14
SYBT	5.8	1.0	1.5	1.0	1.5	1.0	2.0	1.5	1.0	1.0	1.5	1.0	1.0	0.5	1.0	1.0	12
SYM	5.2	1.5	2.0	1.0	0.0	0.0	0.5	2.0	1.0	0.5	2.0	1.0	2.0	0.5	1.5	0.0	13
SYNA	5.2	1.0	1.0	1.0	0.5	2.0	1.5	1.5	1.0	0.0	2.0	1.0	1.0	0.0	0.0	2.0	13
SYRE	6.2	2.0	2.0	1.0	0.5	1.0	2.0	2.0	1.5	0.0	2.0	1.0	1.0	0.0	0.5	2.0	14
AAK.ST	6.0	0.5	1.5	1.0	1.0	0.0	2.0	0.5	1.0	1.5	1.5	2.0	2.0	1.5	2.0	0.0	13
AFRY.ST	5.2	1.5	2.0	1.0	1.0	0.0	2.0	0.0	0.0	1.0	1.5	1.0	2.0	1.0	1.5	0.0	13
ALFA.ST	6.2	1.5	1.5	1.0	1.0	1.0	2.0	0.5	0.5	1.5	1.5	1.0	1.0	1.0	2.0	1.5	13
ALLEI.ST	6.8	1.0	0.5	1.0	1.0	1.0	2.0	1.5	1.0	1.0	1.5	2.0	2.0	1.0	2.0	2.0	13
AXFO.ST	4.7	0.5	0.5	1.0	1.0	1.0	2.0	0.5	2.0	2.0	0.5	0.0	0.0	1.0	2.0	0.0	13
BILL.ST	5.2	1.0	1.0	1.0	1.0	1.0	2.0	2.0	1.0	0.0	1.5	1.0	1.0	0.5	1.5	0.0	12
BOL.ST	5.8	1.0	1.5	1.0	1.0	0.0	1.5	2.0	1.5	1.5	1.5	2.0	0.0	1.0	0.5	1.5	13
CAMX.ST	6.2	1.5	2.0	1.0	1.0	2.0	2.0	0.0	1.0	1.5	1.0	1.0	1.0	1.5	2.0	0.0	13
CAST.ST	5.2	1.0	1.5	1.0	1.0	0.0	2.0	1.5	0.5	0.5	1.0	2.0	0.0	1.0	2.0	0.5	13
CATE.ST	4.5	1.5	2.0	1.0	1.0	0.0	2.0	0.0	0.5	1.0	1.5	0.0	0.0	1.0	2.0	0.0	13
DOM.ST	5.0	1.5	2.0	1.0	1.0	0.0	2.0	0.0	1.0	0.5	2.0	2.0	1.0	1.0	0.0	0.0	13
EQT.ST	5.7	1.5	2.0	1.0	1.0	0.0	2.0	1.0	1.5	1.0	1.0	1.0	1.0	1.0	2.0	0.0	12
EVO.ST	6.2	1.0	0.5	1.0	1.0	1.0	2.0	1.5	0.5	2.0	1.0	2.0	1.0	1.5	2.0	0.5	13
FABG.ST	3.7	0.5	1.5	1.0	1.0	0.0	2.0	0.0	1.0	0.5	1.0	0.0	0.0	0.5	2.0	0.0	13
HACK.ST	7.0	1.5	2.0	1.0	1.0	1.0	2.0	2.0	1.0	2.0	0.5	1.0	1.0	2.0	2.0	1.0	12
HEM.ST	6.5	1.5	2.0	1.0	1.0	0.0	2.0	0.5	2.0	2.0	1.5	1.0	2.0	1.5	1.5	0.0	13
HTRO.ST	7.2	1.5	2.0	1.0	1.0	2.0	2.0	2.0	1.0	0.5	1.0	2.0	2.0	0.5	1.0	2.0	12
INDT.ST	6.2	1.0	1.0	1.0	1.0	2.0	2.0	1.0	1.0	1.5	1.5	1.0	1.0	1.0	2.0	0.5	13
INTRUM.ST	5.3	1.5	2.0	1.0	1.0	0.0	2.0	2.0	1.0	0.0	0.5	2.0	2.0	1.0	0.0	0.0	12
LOOMIS.ST	6.3	1.0	1.5	1.0	1.0	2.0	2.0	1.5	1.0	1.5	1.5	1.0	1.0	1.0	0.0	2.0	12
LUG.ST	6.2	1.0	1.5	1.0	1.0	0.0	1.0	1.5	1.0	2.0	0.5	2.0	2.0	2.0	2.0	0.0	13
LUMI.ST	6.8	1.5	2.0	1.0	1.0	0.0	1.0	1.5	1.0	1.5	1.5	2.0	1.0	1.5	2.0	2.0	12
MILDEF.ST	7.0	1.5	1.0	1.0	1.0	1.0	2.0	2.0	1.0	1.5	1.5	2.0	2.0	1.5	1.5	0.5	12
MIPS.ST	7.5	1.5	2.0	1.0	1.0	2.0	2.0	2.0	1.0	2.0	2.0	2.0	1.0	2.0	0.0	1.0	12
MTRS.ST	4.5	2.0	2.0	1.0	1.0	0.0	1.5	0.0	1.0	1.0	2.0	0.0	0.0	1.0	0.0	1.0	13
NP3.ST	4.3	0.5	0.5	1.0	1.0	0.0	2.0	2.0	1.0	1.0	1.0	0.0	0.0	1.0	2.0	0.0	12
SAND.ST	5.7	1.0	1.5	1.0	1.0	0.0	1.5	0.5	0.5	1.5	1.0	2.0	1.0	1.5	1.5	1.5	13
SAVE.ST	5.8	1.0	1.5	1.0	1.0	1.0	1.5	1.0	2.0	2.0	2.0	0.0	0.0	0.5	2.0	1.0	13
SINCH.ST	5.3	1.5	2.0	1.0	1.0	1.0	2.0	0.0	0.0	0.5	1.5	0.0	1.0	1.0	2.0	1.5	13
SOBI.ST	6.2	2.0	2.0	1.0	1.0	1.0	2.0	1.0	1.0	0.5	2.0	0.0	1.0	1.0	1.0	2.0	13
SYNSAM.ST	6.2	1.5	2.0	1.0	1.0	0.0	2.0	2.0	1.0	1.5	1.5	1.0	1.0	1.0	2.0	0.0	12
SYSR.ST	6.8	1.5	2.0	1.0	1.0	1.0	2.0	1.5	1.0	1.0	1.0	2.0	2.0	1.0	2.0	0.5	12
TELIA.ST	5.8	1.0	1.5	1.0	1.0	1.0	2.0	1.5	1.0	1.0	1.0	0.0	1.0	1.0	2.0	1.5	13
THULE.ST	5.3	1.5	2.0	1.0	1.0	0.0	1.5	0.5	1.0	1.5	2.0	2.0	1.0	1.0	0.0	0.0	13
TROAX.ST	5.7	1.0	1.0	1.0	1.0	1.0	2.0	0.0	1.0	0.5	2.0	2.0	2.0	1.0	1.0	0.5	12
VIMIAN.ST	5.8	0.5	0.5	1.0	1.0	1.0	2.0	0.0	1.0	1.0	2.0	2.0	2.0	1.0	1.0	1.5	12
WIHL.ST	4.0	1.0	1.5	1.0	1.0	0.0	2.0	0.0	0.5	1.0	1.5	0.0	0.0	1.0	1.5	0.0	13
YUBICO.ST	5.7	1.0	0.0	1.0	1.0	2.0	2.0	2.0	1.0	1.0	1.5	1.0	1.0	1.0	1.5	0.0	13
A2M.ASX	6.3	2.0	1.5	1.0	1.0	0.0	2.0	1.0	1.0	1.5	1.5	2.0	2.0	1.5	1.0	0.0	11
ABB.ASX	5.7	2.0	2.0	1.0	1.0	0.0	2.0	1.0	1.0	1.0	1.0	1.0	1.0	1.0	2.0	0.0	11
AD8.ASX	4.5	1.5	2.0	1.0	1.0	0.0	2.0	1.0	1.0	0.0	0.5	1.0	1.0	0.0	1.5	0.0	11
AGL.ASX	5.0	1.5	1.5	1.0	1.0	0.0	1.5	1.0	1.0	1.5	0.5	1.0	1.0	1.0	1.5	0.0	11
AIA.ASX	3.5	0.5	1.0	1.0	1.0	0.0	2.0	1.0	1.0	0.5	1.0	0.0	0.0	1.0	0.5	0.0	11
ALD.ASX	6.0	1.5	1.0	1.0	1.0	2.0	2.0	1.0	1.0	2.0	1.0	1.0	0.0	1.5	0.0	2.0	12
ALL.ASX	7.0	1.5	1.5	1.0	1.0	2.0	2.0	1.0	1.5	1.5	1.0	2.0	2.0	1.5	1.5	0.0	12
ALQ.ASX	5.0	1.0	1.0	1.0	1.0	0.0	1.5	1.0	1.0	1.5	1.0	1.0	2.0	1.5	0.5	0.0	12
ALU.ASX	5.2	1.5	2.0	1.0	1.0	0.5	1.0	1.0	1.0	1.0	0.5	1.0	1.0	1.0	2.0	0.0	7
ALX.ASX	4.2	1.0	1.5	1.0	1.0	0.0	1.5	1.0	1.0	0.5	1.0	0.0	1.0	0.0	2.0	0.0	11
AMC.ASX	4.7	2.0	2.0	1.0	1.0	0.0	2.0	1.5	0.0	1.0	0.5	1.0	1.0	1.0	0.0	0.0	13
AMP.ASX	5.0	1.5	1.0	1.0	1.0	1.0	1.0	1.0	1.5	1.0	1.0	0.0	0.0	1.0	1.0	2.0	12
ANN.ASX	6.0	1.5	0.5	1.0	1.0	1.5	2.0	1.0	0.0	1.0	1.5	2.0	2.0	1.0	0.5	1.5	12
ANZ.ASX	4.3	1.0	1.0	1.0	1.0	1.0	1.5	1.0	0.5	1.0	1.0	1.0	1.0	0.5	0.0	0.5	10
AOV.ASX	5.3	1.5	2.0	1.0	1.0	0.0	1.0	1.0	1.0	1.0	1.0	2.0	2.0	1.0	0.5	0.0	11
APA.ASX	5.8	1.0	0.5	1.0	1.0	2.0	1.5	1.0	1.0	1.0	1.5	1.0	2.0	1.0	1.0	1.0	11
APE.ASX	5.0	1.5	2.0	1.0	1.0	0.0	2.0	1.0	1.0	1.0	0.5	1.0	0.0	1.0	2.0	0.0	12
ARB.ASX	5.7	1.5	2.0	1.0	1.0	0.0	2.0	1.0	0.0	1.0	1.5	1.0	2.0	1.5	1.5	0.0	12
ARF.ASX	5.2	1.5	2.0	1.0	1.0	1.0	1.5	1.0	0.0	1.0	1.0	2.0	1.0	1.0	0.5	0.0	12
ASX.ASX	5.2	1.5	1.0	1.0	1.0	2.0	2.0	1.0	0.0	1.0	1.5	1.0	1.0	1.0	0.0	0.5	12
AUB.ASX	5.3	1.5	2.0	1.0	1.0	1.0	2.0	1.0	1.5	1.0	1.0	1.0	0.0	1.0	1.0	0.0	12
AX1.ASX	4.0	1.0	1.5	1.0	1.0	0.0	1.5	1.0	1.0	0.0	0.0	1.0	0.0	1.0	2.0	0.0	11
AZJ.ASX	4.5	0.5	1.0	1.0	1.0	0.0	2.0	1.0	1.0	1.0	1.5	1.0	1.0	1.0	0.0	0.5	11
BAP.ASX	4.3	1.0	0.5	1.0	1.0	1.0	0.5	1.0	1.0	0.0	2.0	2.0	1.0	0.5	0.5	0.0	11
BEN.ASX	3.8	0.5	1.0	1.0	1.0	0.0	2.0	1.0	1.0	1.0	0.5	1.0	1.0	0.5	0.0	0.0	9
BGA.ASX	6.2	1.0	1.0	1.0	1.0	2.0	2.0	1.0	1.0	1.0	1.5	1.0	1.0	1.0	1.5	1.5	12
BGL.ASX	6.2	2.0	2.0	1.0	1.0	0.0	2.0	1.0	1.0	0.5	1.5	2.0	2.0	0.5	0.5	1.5	12
BHP.ASX	6.2	1.0	1.0	1.0	1.0	1.0	1.5	1.0	1.0	1.5	1.0	2.0	2.0	1.5	0.0	2.0	12
BMN.ASX	4.5	1.5	2.0	1.0	1.0	0.0	1.5	1.0	1.0	0.0	2.0	1.0	1.0	0.0	0.5	0.0	12
BOE.ASX	4.3	1.0	1.5	1.0	1.0	0.0	1.0	1.0	0.0	0.5	2.0	1.0	2.0	0.5	0.5	0.0	12
BOQ.ASX	3.3	0.5	1.0	1.0	1.0	0.0	1.5	1.0	0.0	0.5	1.0	1.0	1.0	0.5	0.0	0.0	10
BPT.ASX	5.2	0.5	1.0	1.0	1.0	1.0	1.5	1.0	1.5	1.0	1.0	1.0	1.0	1.0	2.0	0.0	12
BRG.ASX	6.8	1.5	2.0	1.0	1.0	1.0	2.0	1.0	1.0	1.0	1.0	2.0	2.0	1.5	2.0	0.5	12
BSL.ASX	5.7	1.5	2.0	1.0	1.0	0.0	2.0	1.0	0.0	1.0	1.5	2.0	1.0	1.0	0.0	2.0	12
BWP.ASX	5.3	1.0	1.5	1.0	1.0	0.0	2.0	1.0	1.0	1.0	0.5	1.0	2.0	1.0	2.0	0.0	11
BXB.ASX	5.2	1.5	1.5	1.0	1.0	1.0	1.5	1.0	1.0	2.0	1.5	0.0	1.0	1.5	0.0	0.0	12
CAR.ASX	5.7	2.0	2.0	1.0	1.0	0.0	2.0	1.0	0.5	1.0	1.5	1.0	2.0	1.0	1.0	0.0	12
CBA.ASX	3.3	0.0	0.5	1.0	1.0	0.0	1.0	1.0	1.0	1.0	1.0	1.0	1.0	0.5	0.0	0.0	10
CCP.ASX	6.0	2.0	1.5	1.0	1.0	2.0	1.5	1.0	1.0	1.0	1.5	1.0	1.0	1.0	1.5	0.0	11
CDA.ASX	7.2	2.0	1.0	1.0	1.0	1.5	1.5	1.0	2.0	2.0	0.5	1.0	1.0	2.0	2.0	2.0	12
CGF.ASX	6.2	2.0	1.5	1.0	1.0	2.0	2.0	1.0	1.0	1.0	1.0	2.0	1.0	1.0	0.5	0.5	12
CHC.ASX	6.3	1.0	2.0	1.0	1.0	0.0	2.0	1.0	1.5	1.5	2.0	2.0	2.0	1.5	0.5	0.0	12
CHN.ASX	4.3	1.5	2.0	1.0	1.0	0.0	1.0	1.0	1.0	0.0	1.0	1.0	1.0	0.0	1.5	0.0	12
CIA.ASX	5.0	2.0	2.0	1.0	1.0	0.0	0.5	0.0	1.0	1.0	1.5	2.0	1.0	1.0	1.0	0.0	13
CIP.ASX	4.8	1.5	2.0	1.0	1.0	0.0	2.0	1.0	2.0	1.0	1.5	0.0	0.0	1.0	0.5	0.0	12
CKF.ASX	4.3	1.5	1.5	1.0	1.0	1.0	1.5	1.0	1.0	1.0	0.5	0.0	0.0	1.0	1.0	0.0	12
CLW.ASX	4.8	1.0	1.5	1.0	1.0	0.0	2.0	1.0	1.0	1.0	1.0	2.0	1.0	0.5	0.5	0.0	12
CMM.ASX	6.2	2.0	2.0	1.0	1.0	1.0	1.0	1.0	1.0	2.0	1.0	1.0	1.0	2.0	1.0	0.5	12
COH.ASX	5.0	1.0	1.5	1.0	1.0	0.0	1.5	1.0	0.0	1.0	1.5	2.0	2.0	1.5	0.0	0.0	12
COL.ASX	4.3	1.0	1.0	1.0	1.0	1.0	2.0	1.0	0.5	2.0	1.0	0.0	0.0	1.0	0.0	0.5	12
CPU.ASX	5.8	1.0	1.0	1.0	1.0	1.0	2.0	1.0	0.0	2.0	1.5	2.0	1.0	1.5	1.0	0.5	12
CQE.ASX	6.0	1.5	2.0	1.0	1.0	0.0	2.0	1.0	1.0	1.0	1.0	2.0	2.0	1.0	1.5	0.0	11
CQR.ASX	4.2	1.0	1.5	1.0	1.0	0.0	2.0	1.0	0.0	1.0	1.5	1.0	0.0	1.0	0.5	0.0	12
CRN.ASX	3.2	0.5	1.0	1.0	1.0	0.0	1.5	0.0	0.5	0.0	0.0	1.0	1.0	0.0	2.0	0.0	13
CSL.ASX	5.5	2.0	1.0	1.0	1.0	2.0	1.5	1.0	2.0	0.0	1.0	2.0	1.0	1.0	0.0	0.0	12
CTD.ASX	4.5	1.0	1.5	1.0	1.0	0.0	1.5	1.0	1.0	0.5	1.0	0.0	1.0	1.0	2.0	0.0	11
CWY.ASX	5.5	2.0	1.5	1.0	1.0	2.0	2.0	1.0	1.0	0.5	1.5	0.0	1.0	1.0	1.0	0.0	11
CXO.ASX	4.7	0.5	1.5	1.0	1.0	0.0	2.0	1.0	1.0	0.0	1.0	1.0	1.0	0.0	1.0	2.0	12
DDR.ASX	7.3	1.5	1.5	1.0	1.0	1.5	2.0	1.0	0.5	2.0	0.5	2.0	2.0	1.5	2.0	2.0	12
DMP.ASX	5.5	1.0	0.5	1.0	1.0	2.0	1.0	1.0	1.5	0.0	1.5	0.0	1.0	1.0	2.0	2.0	12
DNL.ASX	5.7	1.0	0.5	1.0	1.0	2.0	2.0	1.0	1.5	1.0	1.5	1.0	1.0	1.0	0.0	1.5	12
DOW.ASX	4.8	1.5	1.5	1.0	1.0	0.0	1.5	1.0	1.0	1.0	2.0	1.0	1.0	1.0	0.0	0.0	12
DRO.ASX	4.2	1.0	1.0	1.0	1.0	0.0	2.0	1.0	2.0	0.0	1.0	1.0	1.0	0.0	0.5	0.0	12
DRR.ASX	6.3	1.5	2.0	1.0	1.0	0.0	1.5	1.0	2.0	2.0	1.0	1.0	1.0	2.0	2.0	0.0	12
DTL.ASX	5.3	1.0	0.0	1.0	1.0	1.5	2.0	1.0	0.0	2.0	0.5	1.0	1.0	1.0	1.0	2.0	12
DVP.ASX	5.8	1.5	2.0	1.0	1.0	0.0	2.0	1.0	1.0	0.5	1.0	2.0	2.0	0.5	2.0	0.0	11
DXS.ASX	4.5	1.5	2.0	1.0	1.0	0.0	2.0	1.0	1.5	0.5	1.5	0.0	0.0	1.0	0.5	0.0	12
EDV.ASX	3.2	0.5	1.0	1.0	1.0	0.0	1.0	1.0	0.0	0.5	1.0	0.0	0.0	1.0	1.5	0.0	12
ELD.ASX	4.3	1.0	0.5	1.0	1.0	1.0	2.0	1.0	0.0	1.0	1.0	1.0	1.0	1.0	0.5	0.0	12
ELV.ASX	5.0	1.5	2.0	1.0	1.0	0.0	1.0	1.0	1.0	1.0	1.0	1.0	1.0	1.0	0.5	1.0	12
EMR.ASX	6.7	1.5	2.0	1.0	1.0	1.0	1.5	1.0	0.5	2.0	1.0	1.0	1.0	2.0	2.0	1.5	12
EVN.ASX	5.7	1.0	1.0	1.0	1.0	0.0	1.0	1.0	1.0	2.0	1.5	2.0	2.0	1.5	0.0	1.0	12
EVT.ASX	5.7	2.0	1.5	1.0	1.0	2.0	2.0	1.0	1.0	1.0	1.0	0.0	0.0	1.0	2.0	0.5	11
FBU.ASX	4.5	0.0	1.5	1.0	1.0	0.0	2.0	1.0	1.5	1.0	1.0	1.0	1.0	1.0	0.5	0.0	12
FLT.ASX	5.7	2.0	2.0	1.0	1.0	0.0	2.0	1.0	1.0	1.0	1.0	1.0	1.0	1.0	2.0	0.0	11
FMG.ASX	5.5	0.5	1.5	1.0	1.0	0.0	1.5	1.0	1.0	1.0	0.5	2.0	2.0	1.5	2.0	0.0	12
FPH.ASX	6.8	2.0	1.5	1.0	1.0	1.5	2.0	1.0	1.0	1.5	1.0	2.0	2.0	1.5	0.5	1.0	11
GMD.ASX	7.2	2.0	1.5	1.0	1.0	1.0	1.0	1.0	1.0	2.0	1.5	2.0	2.0	2.0	1.0	1.5	12
GMG.ASX	5.0	1.5	2.0	1.0	1.0	0.0	2.0	1.0	0.5	1.0	1.5	1.0	1.0	1.0	0.5	0.0	12
GNC.ASX	5.0	1.5	1.5	1.0	1.0	2.0	2.0	1.0	1.0	0.0	1.0	1.0	1.0	0.5	0.5	0.0	11
GOZ.ASX	4.3	1.5	2.0	1.0	1.0	0.0	2.0	1.0	1.0	0.5	0.0	0.0	0.0	1.0	2.0	0.0	12
GPT.ASX	4.0	1.0	2.0	1.0	1.0	0.0	2.0	1.0	0.5	1.0	1.5	0.0	0.0	1.0	0.0	0.0	12
HDN.ASX	4.7	1.0	1.5	1.0	1.0	0.0	2.0	1.0	2.0	1.0	1.0	0.0	0.0	1.0	1.5	0.0	12
HLI.ASX	5.2	0.5	0.5	1.0	1.0	2.0	1.5	1.0	1.0	1.5	1.5	1.0	1.0	1.5	0.5	0.0	11
HLS.ASX	4.5	1.0	2.0	1.0	1.0	0.0	1.5	1.0	2.0	0.0	2.0	0.0	1.0	0.5	0.5	0.0	12
HMC.ASX	5.2	1.5	2.0	1.0	1.0	0.0	1.5	1.0	1.0	0.0	0.5	2.0	1.0	1.0	2.0	0.0	12
HUB.ASX	6.8	2.0	2.0	1.0	1.0	0.0	1.5	1.0	1.5	1.5	2.0	2.0	2.0	2.0	1.0	0.0	12
HVN.ASX	5.2	0.5	1.0	1.0	1.0	0.0	2.0	1.0	0.5	1.0	0.5	2.0	2.0	1.0	2.0	0.0	12
IAG.ASX	5.7	1.5	1.5	1.0	1.0	2.0	2.0	1.0	1.5	1.5	1.0	1.0	1.0	1.0	0.0	0.0	12
IDX.ASX	4.5	2.0	2.0	1.0	1.0	0.0	1.5	1.0	0.0	0.5	1.5	0.0	1.0	1.0	1.0	0.0	12
IEL.ASX	5.0	1.0	1.5	1.0	1.0	1.0	0.5	1.0	0.0	0.5	2.0	1.0	2.0	1.0	1.5	0.0	12
IGO.ASX	4.8	1.5	2.0	1.0	1.0	0.0	1.0	1.0	0.5	1.0	1.5	1.0	1.0	0.0	1.5	0.5	12
ILU.ASX	4.2	1.5	2.0	1.0	1.0	0.0	1.0	1.0	1.0	0.0	1.5	1.0	1.0	0.0	0.5	0.0	12
IMD.ASX	5.5	1.0	2.0	1.0	1.0	0.0	1.5	1.0	1.0	1.0	1.5	2.0	2.0	1.0	0.5	0.0	12
INA.ASX	5.0	1.5	2.0	1.0	1.0	2.0	2.0	1.0	1.0	1.0	1.5	0.0	0.0	1.0	0.0	0.0	12
ING.ASX	4.5	1.0	1.0	1.0	1.0	1.0	1.5	1.0	0.0	1.0	1.5	1.0	1.0	1.0	0.5	0.0	12
IPH.ASX	5.2	1.5	2.0	1.0	1.0	0.0	1.5	1.0	1.0	1.0	1.0	2.0	1.0	1.0	0.5	0.0	11
IRE.ASX	6.2	1.5	2.0	1.0	1.0	0.0	2.0	1.0	1.0	1.5	1.5	2.0	2.0	1.5	0.5	0.0	11
JBH.ASX	5.3	1.5	1.5	1.0	1.0	1.0	2.0	1.0	1.0	2.0	1.0	1.0	0.0	1.5	0.5	0.0	12
JHX.ASX	5.7	1.5	2.0	1.0	1.0	1.0	2.0	1.0	1.5	0.5	1.0	2.0	1.0	1.0	0.0	0.5	13
JIN.ASX	5.8	1.0	2.0	1.0	1.0	0.0	2.0	1.0	1.0	2.0	1.0	1.0	1.0	2.0	1.5	0.0	12
KAR.ASX	5.8	1.5	1.5	1.0	1.0	0.0	2.0	1.0	2.0	1.0	1.5	1.0	2.0	1.0	0.5	0.5	12
KGN.ASX	4.8	1.5	2.0	1.0	1.0	0.0	2.0	1.0	1.0	2.0	0.0	0.0	0.0	1.0	2.0	0.0	11
KLS.ASX	5.7	1.5	2.0	1.0	1.0	0.0	2.0	1.0	2.0	1.0	0.5	1.0	1.0	1.0	2.0	0.0	12
LIC.ASX	4.8	1.5	2.0	1.0	1.0	0.0	2.0	1.0	0.0	1.0	1.5	1.0	0.0	0.5	2.0	0.0	12
LLC.ASX	4.7	1.5	2.0	1.0	1.0	0.0	2.0	1.0	0.5	0.0	2.0	1.0	1.0	0.5	0.5	0.0	12
LOV.ASX	5.5	1.5	2.0	1.0	1.0	0.0	2.0	1.0	1.5	2.0	0.5	0.0	0.0	2.0	2.0	0.0	12
LTR.ASX	4.3	1.5	2.0	1.0	1.0	0.0	0.5	1.0	0.0	1.0	0.5	1.0	1.0	0.5	2.0	0.0	12
LYC.ASX	5.8	2.0	2.0	1.0	1.0	0.0	1.5	1.0	2.0	1.0	1.5	1.0	1.0	1.0	1.5	0.0	12
MAQ.ASX	4.8	2.0	2.0	1.0	1.0	0.0	1.0	1.0	2.0	1.0	0.5	0.0	0.0	1.0	2.0	0.0	12
MFG.ASX	5.3	1.5	1.5	1.0	1.0	0.0	2.0	1.0	1.5	1.0	0.5	1.0	1.0	1.0	2.0	0.0	12
MGR.ASX	5.2	1.5	2.0	1.0	1.0	2.0	2.0	1.0	1.5	1.0	1.5	0.0	0.0	1.0	0.0	0.0	12
MIN.ASX	5.3	1.0	1.5	1.0	1.0	0.0	0.5	1.0	0.0	2.0	1.0	2.0	2.0	1.0	1.5	0.5	12
MMS.ASX	6.0	1.5	2.0	1.0	1.0	1.0	2.0	1.0	1.0	2.0	1.0	1.0	0.0	1.5	1.5	0.5	11
MND.ASX	6.2	1.0	1.0	1.0	1.0	2.0	1.0	1.0	1.0	1.5	1.0	1.0	2.0	1.5	1.0	1.5	11
MP1.ASX	5.8	1.5	2.0	1.0	1.0	1.0	2.0	1.0	1.5	0.0	1.5	2.0	1.0	0.0	0.5	1.5	12
MPL.ASX	5.8	1.0	1.5	1.0	1.0	0.0	2.0	1.0	1.0	2.0	1.5	2.0	2.0	1.5	0.0	0.0	12
MQG.ASX	5.7	1.5	1.5	1.0	1.0	1.0	2.0	1.0	1.0	1.0	1.0	1.0	1.0	1.0	1.0	1.0	4
MTS.ASX	5.0	1.0	1.0	1.0	1.0	1.0	2.0	1.0	1.5	1.5	1.0	1.0	1.0	1.0	0.0	0.0	12
MYR.ASX	3.7	2.0	2.0	1.0	1.0	0.0	0.5	1.0	1.0	0.0	0.5	0.0	0.0	0.0	2.0	0.0	11
NAB.ASX	4.2	1.0	1.0	1.0	1.0	0.0	1.0	1.0	1.5	1.0	1.0	1.0	1.0	1.0	0.0	0.0	8
NAN.ASX	5.0	1.0	1.5	1.0	1.0	0.0	2.0	1.0	1.0	1.0	1.5	1.0	1.0	1.0	1.0	0.0	11
NCK.ASX	5.7	1.5	2.0	1.0	1.0	0.0	1.5	1.0	1.5	2.0	1.5	0.0	1.0	1.5	1.5	0.0	12
NEC.ASX	5.2	2.0	2.0	1.0	1.0	0.0	1.0	1.0	1.0	0.0	1.5	1.0	1.0	1.0	2.0	0.0	11
NEU.ASX	5.5	1.5	2.0	1.0	1.0	1.0	2.0	1.0	1.0	1.0	0.5	1.0	1.0	1.0	1.5	0.0	11
NHC.ASX	6.0	1.0	1.0	1.0	1.0	2.0	1.0	1.0	0.0	1.0	1.5	2.0	2.0	1.0	0.5	2.0	12
NHF.ASX	5.2	1.5	1.5	1.0	1.0	0.0	1.5	1.0	1.0	1.5	1.0	2.0	1.0	1.0	0.5	0.0	12
NIC.ASX	5.2	1.5	2.0	1.0	1.0	0.0	1.0	1.0	1.0	0.5	0.5	1.0	2.0	1.0	2.0	0.0	12
NST.ASX	5.7	1.5	1.0	1.0	1.0	2.0	1.0	1.0	1.5	1.0	1.5	2.0	1.0	1.0	0.0	0.5	12
NUF.ASX	6.7	1.5	1.5	1.0	1.0	2.0	2.0	1.0	1.0	0.0	2.0	2.0	2.0	0.5	0.5	2.0	11
NWH.ASX	6.2	2.0	1.5	1.0	1.0	1.0	2.0	1.0	1.0	1.5	1.0	1.0	1.0	1.0	0.5	2.0	11
NWL.ASX	6.3	2.0	2.0	1.0	1.0	0.0	1.5	1.0	2.0	2.0	0.5	1.0	1.0	2.0	2.0	0.0	12
NWS.ASX	6.2	2.0	1.5	1.0	1.0	1.0	2.0	2.0	1.0	1.0	0.5	2.0	2.0	1.0	0.0	0.5	12
NXT.ASX	5.0	1.5	2.0	1.0	1.0	0.0	2.0	1.0	0.5	0.5	1.5	2.0	2.0	0.0	0.0	0.0	12
ORA.ASX	5.7	1.0	1.5	1.0	1.0	0.0	2.0	1.0	1.5	0.0	2.0	2.0	2.0	1.0	1.0	0.0	12
ORG.ASX	4.8	1.5	1.5	1.0	1.0	0.0	1.5	1.0	1.0	1.5	1.5	1.0	1.0	1.0	0.0	0.0	12
ORI.ASX	5.7	1.5	1.5	1.0	1.0	2.0	2.0	1.0	1.5	1.0	1.0	1.0	1.0	1.0	0.0	0.5	12
PDN.ASX	4.7	1.5	2.0	1.0	1.0	0.0	1.0	1.0	2.0	0.0	1.5	1.0	1.0	0.5	0.5	0.0	12
PLS.ASX	5.5	1.0	2.0	1.0	1.0	0.0	0.5	1.0	1.0	1.0	1.5	1.0	1.0	1.5	1.0	2.0	12
PME.ASX	6.3	1.5	2.0	1.0	1.0	1.0	2.0	1.0	1.0	2.0	0.5	1.0	1.0	2.0	2.0	0.0	11
PMV.ASX	6.2	1.0	1.5	1.0	1.0	1.0	2.0	1.0	1.0	1.0	1.0	2.0	2.0	1.0	2.0	0.0	12
PNI.ASX	5.5	1.5	2.0	1.0	1.0	0.0	2.0	1.0	1.5	1.5	0.5	1.0	1.0	0.5	2.0	0.0	12
PNV.ASX	5.5	1.5	2.0	1.0	1.0	0.0	2.0	1.0	1.0	1.0	1.0	2.0	1.0	1.0	1.0	0.0	11
PPT.ASX	4.5	1.0	1.5	1.0	1.0	0.0	2.0	1.0	0.0	0.5	1.0	2.0	1.0	1.0	0.5	0.0	12
PRU.ASX	6.2	2.0	1.5	1.0	1.0	2.0	1.5	1.0	0.0	1.5	1.5	1.0	1.0	2.0	0.0	1.5	12
PWH.ASX	5.7	1.0	0.0	1.0	1.0	1.0	2.0	1.0	0.0	1.5	1.0	2.0	1.0	1.5	1.5	1.5	12
PXA.ASX	5.2	1.5	2.0	1.0	1.0	0.0	2.0	1.0	2.0	0.5	1.5	1.0	1.0	0.5	0.5	0.0	12
QAN.ASX	4.7	2.0	2.0	1.0	1.0	0.0	2.0	1.0	1.0	2.0	1.0	0.0	0.0	1.0	0.0	0.0	12
QBE.ASX	5.8	1.5	1.0	1.0	1.0	1.5	2.0	1.0	2.0	1.5	1.5	1.0	1.0	1.0	0.0	0.5	12
RDX.ASX	6.3	1.5	1.5	1.0	1.0	1.0	2.0	1.0	1.0	1.5	0.0	1.0	2.0	1.5	2.0	1.0	11
REA.ASX	6.3	1.5	2.0	1.0	1.0	0.0	1.0	1.0	1.0	2.0	0.5	2.0	2.0	2.0	2.0	0.0	12
REH.ASX	6.2	1.0	0.5	1.0	1.0	2.0	1.5	1.0	1.0	1.0	0.5	2.0	1.0	1.0	2.0	2.0	11
RGN.ASX	4.3	1.0	1.5	1.0	1.0	0.0	2.0	1.0	1.5	1.0	1.5	0.0	0.0	1.0	0.5	0.0	12
RHC.ASX	5.7	1.0	0.5	1.0	1.0	2.0	1.5	1.0	1.0	1.0	1.5	0.0	1.0	1.0	1.5	2.0	12
RIC.ASX	5.7	2.0	2.0	1.0	1.0	0.0	2.0	1.0	1.0	1.0	1.5	1.0	1.0	1.0	1.5	0.0	11
RIO.ASX	6.2	1.5	1.5	1.0	1.0	0.0	1.5	1.0	2.0	1.5	1.5	1.0	1.0	1.5	1.0	1.5	12
RMD.ASX	6.2	2.0	1.5	1.0	1.0	2.0	2.0	1.0	2.0	1.5	0.0	1.0	2.0	1.5	0.0	0.0	13
RMS.ASX	6.7	2.0	2.0	1.0	1.0	2.0	1.5	1.0	1.5	0.5	1.5	2.0	2.0	1.0	0.5	0.5	12
RRL.ASX	6.2	1.5	1.5	1.0	1.0	0.0	1.5	1.0	0.5	2.0	1.5	2.0	1.0	2.0	0.5	1.5	12
RWC.ASX	5.7	1.0	1.0	1.0	1.0	2.0	2.0	1.0	0.0	0.5	2.0	2.0	1.0	1.0	0.5	1.0	12
S32.ASX	5.8	1.5	1.0	1.0	1.0	1.0	2.0	1.0	0.0	1.0	1.0	2.0	2.0	1.0	0.0	2.0	12
SCG.ASX	4.3	1.0	1.5	1.0	1.0	0.0	2.0	1.0	2.0	1.0	1.5	0.0	0.0	1.0	0.0	0.0	12
SDF.ASX	5.3	1.0	1.0	1.0	1.0	2.0	2.0	1.0	0.0	1.0	1.5	1.0	1.0	1.0	1.5	0.0	12
SDR.ASX	3.8	2.0	2.0	1.0	1.0	0.0	0.5	1.0	1.0	0.0	1.0	0.0	1.0	0.0	1.0	0.0	11
SEK.ASX	4.2	1.5	2.0	1.0	1.0	0.0	1.0	1.0	0.5	0.0	1.0	0.0	1.0	1.0	1.5	0.0	12
SFR.ASX	6.0	1.0	0.5	1.0	1.0	2.0	0.5	1.0	0.5	1.5	1.5	2.0	2.0	1.5	0.5	1.5	12
SGH.ASX	5.3	1.5	2.0	1.0	1.0	0.0	1.5	1.0	1.0	1.0	1.0	1.0	1.0	1.0	1.0	1.0	4
SGM.ASX	5.5	1.0	1.5	1.0	1.0	0.0	1.5	1.0	0.0	1.0	1.0	2.0	1.0	1.0	1.5	2.0	12
SGP.ASX	5.7	1.5	2.0	1.0	1.0	0.0	2.0	1.0	2.0	1.0	1.5	2.0	1.0	1.0	0.0	0.0	12
SHL.ASX	4.5	1.0	1.5	1.0	1.0	0.0	2.0	1.0	0.5	1.0	1.5	0.0	1.0	1.0	1.0	0.0	12
SIG.ASX	5.8	2.0	1.5	1.0	1.0	0.0	2.0	1.0	0.5	1.0	0.5	2.0	2.0	1.0	2.0	0.0	12
SIQ.ASX	6.0	1.5	1.5	1.0	1.0	1.0	2.0	1.0	1.0	2.0	1.0	1.0	0.0	1.5	0.5	2.0	11
SLX.ASX	4.8	2.0	2.0	1.0	1.0	0.0	1.0	1.0	1.0	0.0	1.0	1.0	1.0	0.5	2.0	0.0	11
SMR.ASX	4.5	1.5	2.0	1.0	1.0	0.0	1.5	1.0	1.0	0.0	0.5	0.0	1.0	0.5	2.0	0.5	12
STO.ASX	5.7	2.0	0.5	1.0	1.0	2.0	2.0	1.0	1.0	0.5	1.0	1.0	2.0	0.5	0.0	1.5	12
SUL.ASX	5.3	1.5	1.5	1.0	1.0	2.0	2.0	1.0	0.0	1.5	0.5	1.0	0.0	1.0	2.0	0.0	12
SUN.ASX	4.3	1.0	1.5	1.0	1.0	1.0	2.0	1.0	1.0	1.0	1.5	0.0	0.0	1.0	0.0	0.0	12
SYR.ASX	4.0	0.5	2.0	1.0	1.0	0.0	2.0	1.0	1.0	0.0	1.5	0.0	1.0	0.0	1.0	0.0	11
TAH.ASX	4.5	1.5	1.5	1.0	1.0	0.0	2.0	1.0	1.0	0.5	1.5	0.0	1.0	1.0	0.5	0.0	11
TCL.ASX	4.2	1.0	1.0	1.0	1.0	0.0	2.0	1.0	1.5	0.5	1.5	0.0	1.0	1.0	0.0	0.0	12
TLC.ASX	4.8	1.0	1.0	1.0	1.0	1.0	1.5	1.0	2.0	2.0	1.5	0.0	0.0	1.0	0.5	0.0	12
TLS.ASX	4.3	1.0	1.5	1.0	1.0	0.0	2.0	1.0	2.0	1.5	1.0	0.0	0.0	1.0	0.0	0.0	12
TLX.ASX	6.3	2.0	2.0	1.0	1.0	1.0	1.0	1.0	1.0	1.0	1.0	2.0	2.0	1.0	1.5	0.5	12
TNE.ASX	6.5	1.5	1.0	1.0	1.0	2.0	2.0	1.0	1.0	2.0	1.5	1.0	2.0	1.5	1.0	0.0	11
TPG.ASX	4.5	1.5	1.0	1.0	1.0	2.0	2.0	1.0	1.0	0.5	0.0	0.0	0.0	0.5	2.0	0.0	12
TPW.ASX	5.5	1.5	2.0	1.0	1.0	0.0	1.0	1.0	0.0	0.5	1.5	2.0	2.0	1.0	2.0	0.0	12
TWE.ASX	5.3	1.5	1.5	1.0	1.0	2.0	1.5	1.0	1.0	0.0	1.5	2.0	1.0	0.0	1.0	0.0	12
VAU.ASX	5.7	2.0	1.5	1.0	1.0	1.0	1.0	1.0	0.0	1.0	1.5	1.0	1.0	2.0	0.5	1.5	12
VCX.ASX	4.5	0.5	1.5	1.0	1.0	0.0	2.0	1.0	1.0	1.0	2.0	0.0	0.0	1.0	1.5	0.0	12
VEA.ASX	6.2	1.5	1.0	1.0	1.0	2.0	2.0	1.0	2.0	1.0	1.0	0.0	0.0	1.0	2.0	2.0	12
VNT.ASX	7.3	1.5	1.5	1.0	1.0	2.0	2.0	1.0	2.0	2.0	2.0	1.0	2.0	1.5	1.0	0.5	12
VUL.ASX	4.3	1.5	2.0	1.0	1.0	0.0	0.5	1.0	1.0	0.0	1.0	1.0	1.0	0.0	2.0	0.0	11
WAF.ASX	7.8	1.5	2.0	1.0	1.0	2.0	2.0	1.0	1.0	2.0	1.5	2.0	2.0	2.0	1.5	1.0	12
WBC.ASX	3.7	0.5	1.0	1.0	1.0	0.0	1.0	1.0	1.0	1.0	1.0	1.0	1.0	0.5	0.0	0.0	10
WDS.ASX	5.7	1.5	1.0	1.0	1.0	1.0	2.0	1.0	0.5	1.0	1.0	1.0	2.0	1.0	0.0	2.0	12
WEB.ASX	5.0	2.0	2.0	1.0	1.0	1.0	1.0	1.0	1.0	1.0	1.0	0.0	1.0	1.0	1.0	0.0	11
WES.ASX	4.5	0.5	0.5	1.0	1.0	0.0	2.0	1.0	2.0	2.0	1.0	1.0	0.0	1.5	0.0	0.0	12
WGX.ASX	6.2	2.0	2.0	1.0	1.0	0.0	1.5	1.0	1.5	1.5	1.5	2.0	2.0	1.5	0.0	0.0	12
WHC.ASX	5.5	2.0	1.5	1.0	1.0	0.0	1.5	1.0	1.5	1.0	1.0	1.0	1.0	1.0	1.0	1.0	12
WOR.ASX	4.8	1.5	2.0	1.0	1.0	0.0	1.5	1.0	1.0	0.5	1.0	1.0	1.0	1.0	1.0	0.0	12
WOW.ASX	4.7	0.5	0.5	1.0	1.0	2.0	2.0	1.0	0.5	1.5	1.0	0.0	0.0	1.0	0.0	2.0	12
WPR.ASX	4.2	1.0	2.0	1.0	1.0	0.0	2.0	1.0	1.0	1.0	1.5	0.0	0.0	0.5	0.5	0.0	11
WTC.ASX	5.3	2.0	2.0	1.0	1.0	0.0	1.0	1.0	0.5	1.0	0.5	1.0	2.0	1.0	2.0	0.0	12
XRO.ASX	4.7	1.5	2.0	1.0	1.0	0.0	1.0	1.0	1.0	0.5	1.0	1.0	1.0	1.0	1.0	0.0	12
YAL.ASX	5.5	2.0	2.0	1.0	1.0	0.0	1.5	1.0	1.0	0.5	0.0	2.0	1.0	1.0	2.0	0.5	11
TARS	4.8	2.0	2.0	1.0	0.5	1.0	2.0	0.0	1.0	0.0	2.0	1.0	1.0	0.0	0.5	0.5	13
TASK	6.5	1.0	1.5	1.0	0.5	1.0	1.0	2.0	1.0	2.0	2.0	2.0	1.0	1.5	2.0	0.0	13
TBBK	5.5	1.5	2.0	1.0	0.5	0.0	2.0	0.5	1.0	2.0	2.0	1.0	1.0	1.0	1.0	0.0	12
TBCH	5.2	1.5	1.5	1.0	0.0	1.0	1.0	0.0	1.0	0.0	2.0	2.0	2.0	1.0	1.5	0.0	13
TBLA	6.3	2.0	2.0	1.0	1.5	0.0	1.5	2.0	1.0	1.0	1.5	1.0	1.0	1.0	1.5	1.0	13
TCBI	5.7	1.5	1.5	1.0	0.5	0.0	2.0	2.0	2.0	1.0	2.0	1.0	1.0	0.5	0.5	0.5	12
TCBK	6.3	1.0	2.0	1.0	1.5	1.0	2.0	1.5	1.0	1.0	2.0	1.0	1.0	0.5	1.0	1.5	11
TCMD	6.2	1.5	2.0	1.0	0.5	0.0	2.0	2.0	1.0	1.0	2.0	1.0	1.0	1.0	0.5	2.0	13
TCPC	4.3	1.0	1.0	1.0	1.0	1.0	2.0	1.5	1.0	0.0	0.5	1.0	1.0	1.0	0.0	0.0	13
TCRX	4.5	1.0	2.0	1.0	1.5	0.0	2.0	1.0	1.0	0.0	1.5	1.0	1.0	0.0	0.5	0.0	13
TDUP	3.8	2.0	2.0	1.0	0.0	0.0	1.0	0.5	1.0	0.0	2.0	0.0	1.0	0.0	1.0	0.0	13
TEAD	4.2	1.5	2.0	1.0	1.0	0.0	1.5	0.5	1.0	0.0	1.0	0.0	1.0	0.0	2.0	0.0	13
TEAM	5.5	2.0	1.0	1.0	1.0	2.0	0.5	2.0	1.0	0.0	2.0	0.0	1.0	1.0	0.0	2.0	14
TECH	5.7	1.0	1.0	1.0	1.5	2.0	2.0	1.0	0.5	1.0	2.0	1.0	1.0	1.0	0.0	1.0	14
TECX	5.5	1.5	2.0	1.0	0.0	0.0	1.5	1.5	1.0	0.0	2.0	1.0	1.0	0.0	2.0	2.0	14
TECX.CVR	5.0	1.0	1.0	1.0	1.0	1.0	1.0	1.0	1.0	1.0	1.0	1.0	1.0	1.0	1.0	1.0	0
TELA	6.3	1.5	2.0	1.0	2.0	2.0	2.0	1.0	1.0	1.0	1.5	2.0	1.0	0.0	1.0	0.0	12
TEM.US	5.0	1.5	1.0	1.0	0.0	2.0	1.0	2.0	1.0	0.0	1.5	1.0	1.0	0.0	2.0	0.0	14
TENB	5.0	1.5	0.5	1.0	0.5	2.0	1.0	2.0	0.5	0.5	2.0	0.0	1.0	0.5	0.5	1.5	14
TER	7.8	1.5	2.0	1.0	1.0	2.0	1.5	2.0	0.5	2.0	2.0	2.0	2.0	2.0	0.0	2.0	14
TFIN	5.7	1.0	2.0	1.0	0.5	0.0	2.0	2.0	1.0	0.5	2.0	1.0	1.0	0.5	1.0	1.5	11
TFSL	5.5	1.0	1.5	1.0	0.5	1.0	2.0	1.5	1.0	1.0	2.0	1.0	1.0	0.5	0.0	1.5	11
TGTX	6.2	1.5	2.0	1.0	0.0	1.0	2.0	0.0	1.0	2.0	2.0	1.0	1.0	1.0	1.0	2.0	14
THFF	5.7	1.0	1.5	1.0	1.5	1.0	2.0	1.5	0.0	1.0	1.5	1.0	1.0	0.5	0.5	2.0	12
THRM	6.2	1.5	2.0	1.0	1.0	0.0	1.5	2.0	2.0	0.5	1.5	2.0	2.0	1.0	0.5	0.0	14
THRY	5.0	1.0	2.0	1.0	1.0	0.0	2.0	2.0	1.0	0.0	2.0	0.0	1.0	1.0	1.0	0.0	13
TIGO	5.3	0.5	0.5	1.0	1.5	1.0	1.0	2.0	1.0	1.5	1.0	0.0	0.0	1.0	2.0	2.0	13
TIGR	5.2	1.5	2.0	1.0	1.0	0.0	2.0	0.0	1.0	1.0	1.0	1.0	2.0	0.5	1.5	0.0	13
TILE	7.3	1.5	2.0	1.0	0.5	1.0	2.0	2.0	1.0	1.5	2.0	2.0	2.0	1.5	0.5	1.5	13
TITN	6.2	2.0	1.5	1.0	1.0	2.0	1.5	2.0	1.0	0.0	2.0	1.0	0.0	0.0	1.5	2.0	13
TLN	4.7	2.0	2.0	1.0	1.0	2.0	1.5	0.5	1.0	0.0	2.0	0.0	0.0	0.5	0.5	0.0	13
TLRY	3.3	1.5	2.0	1.0	0.5	0.0	0.0	0.0	1.0	0.0	0.5	2.0	1.0	0.0	0.5	0.0	14
TLS	5.2	1.5	2.0	1.0	1.0	0.0	0.5	2.0	0.0	0.0	2.0	2.0	2.0	0.0	1.5	0.0	14
TMC	5.0	2.0	2.0	1.0	0.5	0.0	2.0	0.0	1.0	0.0	0.5	2.0	2.0	0.0	2.0	0.0	13
TMCI	6.2	1.0	2.0	1.0	1.5	1.0	2.0	2.0	1.0	0.0	1.0	2.0	2.0	0.0	2.0	0.0	13
TMCR	6.0	1.5	2.0	1.0	2.0	0.5	2.0	0.0	1.0	1.0	0.0	2.0	2.0	1.0	2.0	0.0	11
TMDX	5.5	1.5	2.0	1.0	0.0	0.0	1.0	2.0	1.5	2.0	2.0	1.0	1.0	1.0	0.5	0.0	14
TMUS	5.5	2.0	2.0	1.0	1.5	0.0	1.0	1.5	1.0	1.5	1.0	0.0	1.0	1.0	2.0	0.0	14
TNDM	4.5	1.5	2.0	1.0	0.0	0.0	0.5	2.0	1.5	0.0	2.0	1.0	1.0	0.0	0.5	0.5	14
TNGX	5.2	2.0	2.0	1.0	0.0	1.0	0.0	2.0	1.0	0.0	2.0	1.0	1.0	0.0	0.5	2.0	14
TNYA	3.3	2.0	2.0	1.0	0.5	0.0	0.0	0.5	1.0	0.0	1.0	1.0	1.0	0.0	0.0	0.0	13
TOWN	5.0	1.0	1.5	1.0	1.0	0.0	2.0	1.0	1.0	1.0	1.5	1.0	1.0	0.5	1.0	0.5	11
TPG	5.3	2.0	2.0	1.0	1.0	0.0	1.5	0.0	1.0	1.5	2.0	1.0	1.0	1.0	1.0	0.0	14
TPST	4.0	1.5	2.0	1.0	1.5	0.0	2.0	0.5	1.0	0.0	0.5	0.0	0.0	0.0	2.0	0.0	13
TRAX	5.7	2.0	2.0	1.0	1.0	0.5	1.0	0.0	0.5	1.0	2.0	1.0	1.0	1.0	1.0	2.0	11
TRDA	4.7	2.0	2.0	1.0	0.5	0.0	0.5	1.5	1.0	0.0	2.0	1.0	1.0	0.0	1.5	0.0	13
TREE.US	6.3	1.5	2.0	1.0	1.0	0.0	2.0	0.0	1.0	2.0	2.0	2.0	2.0	1.0	1.5	0.0	13
TRI	5.2	2.0	1.5	1.0	1.0	2.0	1.5	1.5	0.5	1.0	0.5	0.0	0.0	1.0	2.0	0.0	13
TRIP	4.3	1.0	2.0	1.0	0.0	0.0	1.0	0.0	1.0	0.0	2.0	2.0	2.0	0.5	0.5	0.0	14
TRMB	5.0	2.0	2.0	1.0	1.5	1.0	1.5	1.5	0.5	0.0	2.0	0.0	1.0	1.0	0.0	0.0	14
TRMK	5.8	1.0	1.5	1.0	1.0	1.0	2.0	1.5	1.0	1.0	2.0	1.0	1.0	0.5	1.0	1.0	12
TRNS	6.5	1.5	1.5	1.0	1.0	1.0	2.0	1.0	1.0	0.5	2.0	2.0	2.0	1.0	0.5	1.5	13
TROW	5.3	0.5	1.0	1.0	0.5	1.0	1.5	1.5	1.0	1.5	2.0	1.0	1.0	1.5	0.5	0.5	14
TRS	6.2	1.5	1.5	1.0	0.5	1.0	2.0	2.0	1.0	1.0	2.0	1.0	1.0	0.5	2.0	0.5	13
TRUP	5.5	1.5	2.0	1.0	0.5	0.0	1.5	0.0	1.0	1.0	2.0	2.0	2.0	0.5	1.5	0.0	13
TRVG	7.0	1.0	2.0	1.0	2.0	1.0	1.0	2.0	1.0	1.0	1.0	2.0	2.0	0.5	2.0	1.5	13
TRVI	5.0	2.0	2.0	1.0	1.0	0.0	1.0	1.5	1.0	0.0	2.0	1.0	1.0	0.0	0.0	1.5	14
TSCO	4.7	1.5	1.5	1.0	1.0	0.0	1.5	0.5	1.0	2.0	2.0	1.0	0.0	1.0	0.0	0.0	14
TSEM	7.0	2.0	2.0	1.0	1.5	2.0	2.0	2.0	1.0	1.0	1.5	1.0	1.0	1.0	0.0	2.0	13
TSHA	4.3	2.0	2.0	1.0	0.5	0.0	1.0	0.5	1.0	0.0	2.0	1.0	1.0	0.0	1.0	0.0	13
TSLA	5.3	1.5	1.5	1.0	2.0	1.0	0.5	0.5	0.5	0.5	1.0	2.0	2.0	0.5	1.5	0.0	14
TSSI	6.7	1.5	2.0	1.0	0.5	1.0	2.0	2.0	1.0	2.0	1.5	2.0	2.0	1.0	0.5	0.0	13
TTAN	5.0	2.0	2.0	1.0	0.5	0.0	1.5	2.0	1.0	0.0	2.0	1.0	1.0	0.0	1.0	0.0	14
TTD	4.3	1.0	1.5	1.0	0.0	0.0	0.0	0.5	0.0	1.5	2.0	2.0	2.0	1.0	0.5	0.0	14
TTEK	6.3	1.5	2.0	1.0	1.5	1.0	1.5	1.5	1.0	1.5	2.0	1.0	2.0	1.5	0.0	0.0	13
TTMI	7.0	2.0	2.0	1.0	1.5	0.0	1.5	1.5	1.0	1.0	2.0	2.0	2.0	1.0	0.5	2.0	14
TTWO	4.5	2.0	2.0	1.0	1.5	0.0	1.5	0.0	1.0	0.0	2.0	1.0	1.0	0.0	0.5	0.0	14
TVRD	4.8	1.5	2.0	1.0	2.0	0.0	0.0	0.5	1.0	0.0	0.5	2.0	2.0	0.0	2.0	0.0	13
TVTX	5.7	2.0	2.0	1.0	0.5	1.0	1.5	2.0	1.0	0.0	2.0	1.0	1.0	0.0	0.0	2.0	14
TW	6.0	1.5	1.5	1.0	1.5	2.0	1.0	1.5	1.0	1.0	2.0	1.0	1.0	1.5	0.0	0.5	14
TWST	4.5	2.0	0.5	1.0	0.0	2.0	0.0	0.0	0.0	0.0	2.0	2.0	2.0	0.0	0.0	2.0	14
TXG	5.0	1.5	0.5	1.0	0.5	2.0	0.0	2.0	1.0	0.0	2.0	1.0	1.0	0.0	0.5	2.0	14
TXN	6.8	1.5	1.5	1.0	1.5	2.0	1.0	1.5	1.0	2.0	2.0	1.0	1.0	1.5	0.0	2.0	14
TXRH	5.3	1.5	2.0	1.0	1.5	0.0	2.0	0.5	1.5	2.0	2.0	0.0	0.0	1.5	0.0	0.5	14
TYRA	4.7	2.0	2.0	1.0	0.0	0.0	1.0	0.5	1.0	0.0	2.0	1.0	1.0	0.0	0.5	2.0	14
TZOO	4.7	1.5	2.0	1.0	1.5	0.0	1.0	0.0	1.0	1.0	1.0	0.0	1.0	1.0	2.0	0.0	12
UAL	5.5	2.0	2.0	1.0	1.0	0.0	2.0	1.5	1.0	1.5	2.0	0.0	1.0	1.0	0.0	0.5	14
UBSI	6.0	1.0	1.5	1.0	1.5	1.0	2.0	1.5	1.0	1.0	2.0	1.0	1.0	0.5	0.5	1.5	12
UCTT	6.5	2.0	2.0	1.0	0.5	0.0	1.5	2.0	1.0	0.0	2.0	2.0	2.0	1.0	0.5	2.0	13
UEIC	6.7	1.0	0.5	1.0	2.0	2.0	2.0	2.0	1.0	0.0	1.5	2.0	2.0	0.5	1.0	1.5	13
UFCS	6.8	1.5	1.5	1.0	1.5	2.0	2.0	2.0	1.0	1.5	2.0	0.0	0.0	1.0	1.5	2.0	13
UFPI	5.0	1.5	2.0	1.0	1.0	0.0	2.0	0.0	1.0	1.0	2.0	1.0	1.0	1.0	0.5	0.0	13
UHAL	4.8	1.5	2.0	1.0	0.5	0.0	2.0	0.0	1.0	0.5	1.0	1.0	1.0	0.5	2.0	0.5	13
UHAL.B	5.8	1.5	2.0	1.0	1.0	1.0	2.0	1.0	1.0	1.0	1.0	1.0	1.0	1.0	1.0	1.0	3
ULCC	4.8	0.5	0.5	1.0	0.0	1.0	2.0	2.0	1.0	0.0	1.5	0.0	1.0	0.0	2.0	2.0	14
ULH	4.8	1.0	0.5	1.0	0.5	1.0	2.0	1.5	1.0	0.0	0.5	1.0	2.0	0.5	2.0	0.0	13
ULTA	6.3	2.0	1.5	1.0	1.0	2.0	2.0	1.5	1.0	2.0	2.0	1.0	0.0	1.5	0.0	0.5	14
UMBF	6.2	1.5	2.0	1.0	1.0	1.0	1.5	2.0	1.0	1.0	2.0	1.0	1.0	0.5	1.0	1.0	12
UNIT	5.7	1.0	2.0	1.0	0.5	0.0	1.5	2.0	1.0	1.0	2.0	1.0	1.0	1.0	0.5	1.5	12
UPB	4.3	1.5	2.0	1.0	0.5	0.0	0.0	1.5	1.0	0.0	2.0	1.0	1.0	0.0	1.5	0.0	13
UPBD	5.3	2.0	2.0	1.0	0.5	0.0	2.0	1.5	1.5	1.0	2.0	1.0	0.0	1.0	0.5	0.0	14
UPLD	5.3	1.5	2.0	1.0	1.5	0.0	2.0	2.0	1.0	0.0	1.0	0.0	1.0	1.0	2.0	0.0	13
UPST	4.7	1.5	2.0	1.0	0.0	0.0	1.0	1.0	1.0	1.0	1.5	1.0	1.0	0.5	1.5	0.0	14
UPWK	5.7	1.5	1.5	1.0	0.0	0.0	1.5	2.0	1.0	1.5	2.0	1.0	2.0	1.0	1.0	0.0	13
UPXI	4.3	1.5	2.0	1.0	0.5	1.0	2.0	0.0	1.0	0.0	0.5	2.0	0.0	0.0	1.5	0.0	13
URBN	7.7	2.0	2.0	1.0	0.5	2.0	1.5	2.0	1.0	1.5	2.0	2.0	1.0	1.5	2.0	1.0	14
URGN	5.7	2.0	2.0	1.0	0.5	1.0	1.0	1.0	1.0	1.0	2.0	1.0	1.0	0.0	0.5	2.0	13
UROY	5.5	1.5	1.5	1.0	1.0	1.0	2.0	2.0	1.0	1.0	1.0	0.0	1.0	1.0	1.0	0.5	13
USAR	4.0	1.5	2.0	1.0	0.5	0.0	1.0	0.0	1.0	0.0	1.0	1.0	1.0	0.0	2.0	0.0	13
USEA	5.2	1.5	2.0	1.0	0.5	1.0	2.0	2.0	1.0	0.0	0.0	0.0	0.0	0.5	2.0	2.0	13
UTHR	6.3	1.5	2.0	1.0	1.0	2.0	1.5	1.0	0.5	1.5	2.0	1.0	1.0	1.5	0.5	1.0	14
UVSP	6.3	1.0	1.5	1.0	1.5	1.0	2.0	2.0	1.0	1.0	2.0	1.0	1.0	0.5	0.5	2.0	12
VANI	5.0	1.5	2.0	1.0	2.0	0.0	2.0	1.5	1.0	0.0	0.0	1.0	1.0	0.0	2.0	0.0	13
VC	6.0	2.0	2.0	1.0	0.5	0.0	1.5	1.5	1.0	1.0	2.0	2.0	2.0	1.0	0.5	0.0	14
VCEL	6.3	2.0	2.0	1.0	0.5	1.0	1.5	2.0	1.0	1.0	2.0	1.0	1.0	1.0	0.5	1.5	13
VCTR	8.0	1.5	1.5	1.0	1.0	2.0	1.5	2.0	1.0	1.5	2.0	2.0	2.0	1.5	1.5	2.0	14
VCYT	5.8	1.5	2.0	1.0	0.5	1.0	1.0	2.0	1.0	1.0	2.0	1.0	1.0	1.0	0.0	1.5	14
VECO	6.0	1.5	1.5	1.0	0.5	2.0	2.0	1.0	1.0	0.5	2.0	1.0	1.0	0.5	0.5	2.0	13
VEON	5.8	1.5	2.0	1.0	2.0	1.5	2.0	0.0	1.0	1.0	0.5	0.0	1.0	1.5	0.5	2.0	13
VERA	3.8	2.0	2.0	1.0	0.0	0.0	0.5	0.0	1.0	0.0	2.0	1.0	1.0	0.0	0.5	0.5	14
VERI	3.2	1.5	2.0	1.0	0.5	0.0	2.0	0.0	1.0	0.0	0.5	0.0	0.0	0.0	1.0	0.0	13
VERU	4.7	1.5	2.0	1.0	1.0	0.0	2.0	2.0	1.0	0.0	0.5	1.0	1.0	0.0	1.0	0.0	13
VERV US CVR	5.0	1.0	1.0	1.0	1.0	1.0	1.0	1.0	1.0	1.0	1.0	1.0	1.0	1.0	1.0	1.0	0
VERX	5.2	1.5	2.0	1.0	1.0	1.0	1.5	1.5	1.0	0.5	2.0	0.0	1.0	0.5	1.0	0.0	13
VFS	3.5	1.0	1.5	1.0	1.0	0.0	2.0	0.0	1.0	1.0	0.0	0.0	0.0	0.0	2.0	0.0	12
VIAV	7.5	2.0	2.0	1.0	1.0	2.0	2.0	2.0	1.0	0.0	2.0	2.0	2.0	1.0	0.5	2.0	14
VICR	7.7	2.0	2.0	1.0	1.0	2.0	1.5	2.0	1.0	1.5	2.0	1.0	1.0	1.0	2.0	2.0	13
VINP	6.0	1.5	2.0	1.0	2.0	1.5	2.0	0.0	1.0	1.0	0.5	1.0	1.0	1.0	2.0	0.5	13
VIR	5.5	2.0	2.0	1.0	0.5	2.0	1.0	0.0	1.0	0.0	2.0	1.0	1.0	0.0	1.0	2.0	14
VISN	5.5	1.5	2.0	1.0	0.5	0.0	2.0	2.0	1.0	0.5	2.0	2.0	1.0	0.5	0.5	0.0	13
VITL	4.3	1.5	2.0	1.0	0.0	0.0	1.0	0.0	1.0	0.5	2.0	1.0	1.0	0.5	1.5	0.0	13
VKTX	3.8	2.0	2.0	1.0	0.0	0.0	1.5	0.0	1.0	0.0	1.5	1.0	1.0	0.0	0.5	0.0	14
VLY	5.7	1.5	2.0	1.0	0.5	0.0	2.0	1.5	1.0	1.0	2.0	1.0	1.0	0.5	0.5	1.5	12
VNDA	4.7	2.0	2.0	1.0	0.5	0.0	0.5	0.0	1.0	0.0	2.0	2.0	2.0	0.0	1.0	0.0	14
VNET	3.7	1.5	2.0	1.0	0.0	0.0	2.0	0.0	2.0	0.0	1.0	0.0	1.0	0.5	0.0	0.0	14
VNOM	5.5	2.0	2.0	1.0	1.5	0.0	1.5	1.0	1.0	0.5	2.0	1.0	1.0	1.0	0.0	1.0	14
VOD	5.8	2.0	1.5	1.0	2.0	2.0	2.0	1.0	1.0	0.5	0.0	1.0	1.0	0.5	0.0	2.0	12
VOGX	4.7	1.5	2.0	1.0	1.0	1.0	2.0	0.0	1.0	1.0	0.5	0.0	0.0	1.0	0.5	1.5	10
VRCA	5.5	1.5	2.0	1.0	1.5	0.0	1.5	2.0	1.0	1.0	0.5	1.0	1.0	0.0	2.0	0.5	12
VRDN	4.5	2.0	2.0	1.0	0.5	0.0	1.0	2.0	1.0	0.0	2.0	1.0	1.0	0.0	0.0	0.0	14
VRNS	6.0	1.5	1.5	1.0	1.0	2.0	1.5	2.0	1.0	0.0	2.0	2.0	2.0	0.0	0.5	0.0	13
VRRM	6.2	1.0	2.0	1.0	0.5	0.0	2.0	1.5	1.0	1.5	2.0	2.0	2.0	1.5	0.5	0.0	13
VRSK	6.0	1.5	2.0	1.0	1.5	0.0	2.0	1.5	1.5	1.0	2.0	1.0	1.0	2.0	0.0	0.0	13
VRSN	6.7	1.5	1.5	1.0	1.5	2.0	2.0	1.0	1.0	1.0	2.0	0.0	1.0	2.0	1.5	1.0	13
VRTX	6.3	2.0	1.5	1.0	1.5	1.0	1.5	1.0	1.5	1.5	2.0	1.0	1.0	1.5	0.0	1.0	14
VSAT	6.8	1.5	2.0	1.0	1.0	1.0	1.5	2.0	1.0	0.5	2.0	2.0	2.0	0.5	0.5	2.0	13
VSEC	5.8	1.5	2.0	1.0	1.0	0.0	2.0	2.0	0.5	0.5	2.0	1.0	2.0	1.0	0.5	0.5	14
VSNT	5.5	1.0	2.0	1.0	1.5	0.0	2.0	1.0	1.0	1.0	2.0	2.0	1.0	1.0	0.0	0.0	13
VSTM	5.5	2.0	2.0	1.0	0.0	2.0	1.0	2.0	1.0	0.0	2.0	2.0	1.0	0.0	0.5	0.0	14
VTRS	6.7	1.5	1.5	1.0	1.5	2.0	1.0	2.0	1.5	0.0	2.0	2.0	1.0	1.0	0.0	2.0	14
VUZI	4.3	1.5	2.0	1.0	0.0	0.0	2.0	1.0	1.0	0.0	1.0	1.0	1.0	0.0	1.5	0.0	13
WABC	6.2	1.0	1.5	1.0	1.0	2.0	2.0	1.5	1.0	1.0	2.0	1.0	1.0	0.5	0.5	1.5	11
WAFD	5.0	1.0	2.0	1.0	1.0	0.0	1.5	1.0	1.0	1.0	2.0	1.0	1.0	0.5	0.5	0.5	12
WASH	5.8	1.0	1.0	1.0	1.0	1.0	2.0	1.5	1.0	1.0	2.0	1.0	1.0	0.5	0.5	2.0	11
WATT	4.7	1.5	2.0	1.0	0.5	0.0	2.0	0.0	1.0	0.0	1.0	1.0	1.0	0.0	1.0	2.0	13
WAY	6.3	2.0	2.0	1.0	1.0	2.0	1.0	1.5	0.5	0.5	2.0	2.0	2.0	1.0	0.5	0.0	14
WB	4.2	1.0	1.5	1.0	0.5	0.0	2.0	0.5	0.5	1.0	0.5	1.0	1.0	1.0	1.0	0.0	14
WBA US CVR	5.0	1.0	1.0	1.0	1.0	1.0	1.0	1.0	1.0	1.0	1.0	1.0	1.0	1.0	1.0	1.0	0
WBD	4.7	1.0	0.5	1.0	1.5	1.0	2.0	0.0	2.0	0.0	2.0	0.0	0.0	0.5	0.5	2.0	13
WBTN	5.3	1.5	1.5	1.0	0.5	1.0	2.0	2.0	1.0	0.0	0.5	2.0	1.0	0.0	2.0	0.0	13
WDAY	5.0	1.5	1.5	1.0	1.0	1.0	1.0	1.5	0.5	1.5	2.0	0.0	1.0	1.0	0.5	0.0	14
WDC	6.7	2.0	2.0	1.0	1.0	0.0	1.0	2.0	1.0	2.0	2.0	1.0	1.0	2.0	0.0	2.0	14
WDFC	6.8	1.5	2.0	1.0	1.0	0.0	1.5	2.0	1.0	2.0	2.0	2.0	2.0	2.0	0.0	0.5	13
WEN	5.8	1.0	1.5	1.0	0.0	0.0	1.5	2.0	0.5	2.0	2.0	2.0	2.0	1.0	1.0	0.0	14
WERN	4.7	1.0	2.0	1.0	0.5	0.0	1.0	0.0	1.0	0.0	2.0	1.0	2.0	0.5	0.5	1.5	14
WEST	5.0	2.0	2.0	1.0	0.5	2.0	1.5	0.0	1.0	0.0	1.0	0.0	0.0	0.0	2.0	2.0	13
WFRD	6.8	2.0	2.0	1.0	1.0	0.0	1.5	1.5	1.0	1.5	2.0	2.0	2.0	1.0	0.5	1.5	14
WGS	4.0	2.0	2.0	1.0	0.0	0.0	1.0	0.0	1.0	0.0	2.0	1.0	1.0	0.0	1.0	0.0	14
WHF	4.8	0.5	0.5	1.0	2.0	2.0	2.0	1.5	1.0	1.0	1.0	0.0	0.0	1.0	0.5	0.5	13
WHWK	5.3	1.5	2.0	1.0	1.0	0.0	1.5	0.5	1.0	0.0	2.0	1.0	1.0	0.0	1.5	2.0	13
WINA	5.7	1.5	2.0	1.0	0.5	0.0	2.0	0.5	1.0	1.0	2.0	1.0	1.0	2.0	1.5	0.0	12
WING	6.0	2.0	2.0	1.0	0.5	1.0	0.5	2.0	1.0	1.0	2.0	2.0	1.0	2.0	0.0	0.0	13
WIX	4.5	1.5	1.5	1.0	0.5	1.0	0.5	2.0	1.0	1.0	2.0	0.0	1.0	0.0	0.5	0.0	12
WLDN	5.8	1.5	2.0	1.0	0.5	0.0	1.5	2.0	1.0	1.5	2.0	1.0	2.0	1.0	0.5	0.0	14
WLFC	5.7	1.5	2.0	1.0	0.0	0.0	2.0	2.0	1.0	1.0	1.5	2.0	0.0	1.0	2.0	0.0	13
WLTH	5.5	1.0	1.0	1.0	1.0	2.0	2.0	2.0	1.5	0.0	1.5	1.0	1.0	0.0	1.5	0.0	14
WMG	6.2	1.5	2.0	1.0	1.0	2.0	1.0	2.0	1.5	2.0	2.0	0.0	1.0	1.0	0.5	0.0	14
WMT	5.8	2.0	1.5	1.0	2.0	1.0	1.5	1.5	1.0	1.5	1.0	0.0	0.0	1.0	2.0	0.5	14
WOOF	4.0	1.0	2.0	1.0	0.0	0.0	1.5	2.0	1.0	0.5	2.0	0.0	0.0	0.5	0.5	0.0	13
WRD	4.0	1.5	2.0	1.0	1.5	0.0	1.5	0.0	1.0	0.0	0.5	1.0	1.0	0.0	1.0	0.0	14
WSBC	5.7	1.5	1.5	1.0	1.0	1.0	2.0	1.5	0.5	1.0	2.0	1.0	1.0	0.5	0.5	1.0	12
WSC	4.7	1.5	2.0	1.0	0.5	0.0	2.0	1.5	1.0	0.0	2.0	0.0	1.0	1.0	0.5	0.0	13
WSE	5.7	1.5	2.0	1.0	1.0	0.5	2.0	1.0	1.0	2.0	1.0	1.0	0.0	1.0	2.0	0.0	12
WSFS	5.7	1.0	1.5	1.0	1.0	1.0	2.0	2.0	0.0	1.0	2.0	1.0	1.0	0.5	0.0	2.0	12
WT	7.2	2.0	1.5	1.0	0.5	1.0	1.5	2.0	1.0	1.5	2.0	2.0	1.0	1.5	1.0	2.0	14
WTFC	5.7	1.5	2.0	1.0	1.5	0.0	2.0	1.5	0.5	1.0	2.0	1.0	1.0	0.5	0.5	1.0	12
WTW	5.3	2.0	2.0	1.0	1.5	0.0	1.5	1.5	1.0	1.5	2.0	1.0	0.0	1.0	0.0	0.0	14
WULF	3.8	2.0	2.0	1.0	0.0	0.0	0.5	0.0	0.5	0.0	2.0	0.0	1.0	0.0	2.0	0.5	14
WVE	4.3	2.0	2.0	1.0	0.5	0.0	0.0	1.5	0.5	0.0	2.0	1.0	1.0	0.0	1.5	0.0	14
WW	4.7	1.5	2.0	1.0	0.5	0.0	2.0	0.0	1.0	0.0	2.0	1.0	2.0	0.0	1.0	0.0	13
WWD	7.0	2.0	2.0	1.0	1.5	0.0	1.5	2.0	0.5	1.5	2.0	2.0	2.0	1.5	0.0	1.5	14
WYFI	3.7	2.0	2.0	1.0	0.0	0.0	1.5	0.0	1.0	0.0	0.5	0.0	1.0	0.0	2.0	0.0	13
WYNN	5.3	2.0	2.0	1.0	0.5	0.0	2.0	0.5	1.0	1.0	2.0	0.0	1.0	1.0	2.0	0.0	13
XE	5.0	2.0	2.0	1.0	0.5	0.5	1.0	0.0	1.0	1.0	1.0	1.0	1.0	1.0	2.0	0.0	11
XEL	5.2	2.0	2.0	1.0	1.0	0.0	2.0	1.5	2.0	1.0	2.0	0.0	0.0	1.0	0.0	0.0	14
XENE	4.3	2.0	2.0	1.0	1.0	0.0	1.0	1.0	1.0	0.0	2.0	1.0	1.0	0.0	0.0	0.0	14
XERS	6.2	1.5	1.0	1.0	1.5	2.0	1.0	2.0	1.0	1.0	1.5	1.0	1.0	1.0	0.5	1.5	13
XMTR	6.7	2.0	1.5	1.0	1.0	2.0	1.5	2.0	2.0	0.0	2.0	1.0	1.0	0.0	1.0	2.0	14
XNCR	5.3	2.0	2.0	1.0	0.0	1.0	0.5	2.0	1.0	0.0	2.0	1.0	1.0	0.0	0.5	2.0	13
XP	7.2	1.5	2.0	1.0	1.5	1.5	2.0	1.0	2.0	1.5	2.0	1.0	2.0	0.5	0.0	2.0	14
XPEL	7.0	1.5	2.0	1.0	0.5	0.0	2.0	1.5	1.0	1.5	2.0	2.0	2.0	1.5	1.0	1.5	13
XRAY	4.8	1.0	2.0	1.0	0.5	0.0	1.0	1.5	2.0	0.0	2.0	2.0	1.0	0.5	0.0	0.0	14
XRX	5.3	1.0	2.0	1.0	0.0	1.0	1.0	2.0	2.0	0.0	2.0	1.0	1.0	0.5	1.5	0.0	14
YSWY	5.3	1.5	2.0	1.0	0.5	0.5	2.0	1.0	1.0	1.0	2.0	1.0	1.0	1.0	0.5	0.0	11
Z	5.5	1.0	2.0	1.0	1.0	0.0	1.0	1.5	1.0	0.5	2.0	2.0	2.0	0.5	1.0	0.0	13
ZBIO	4.8	2.0	2.0	1.0	0.0	1.0	1.5	0.0	1.0	0.0	2.0	1.0	1.0	0.0	1.5	0.5	13
ZBRA	6.0	1.5	1.5	1.0	1.5	2.0	1.5	2.0	0.5	1.5	2.0	0.0	0.0	1.0	0.0	2.0	14
ZD	6.2	1.5	1.5	1.0	0.0	2.0	1.5	1.5	1.0	0.0	2.0	2.0	1.0	1.0	0.5	2.0	13
ZG	5.0	1.5	2.0	1.0	0.0	0.0	1.0	1.5	0.5	0.5	2.0	2.0	2.0	0.5	0.5	0.0	14
ZION	5.3	1.0	1.5	1.0	1.5	0.0	1.5	1.5	0.5	1.5	2.0	1.0	1.0	0.5	0.5	1.0	12
ZLAB	5.7	1.5	2.0	1.0	1.0	2.0	1.5	1.5	1.0	0.0	1.0	2.0	2.0	0.0	0.5	0.0	13
ZM	6.3	1.5	2.0	1.0	1.5	1.0	1.5	1.5	1.0	2.0	2.0	1.0	1.0	1.0	0.0	1.0	13
ZNTL	5.8	2.0	2.0	1.0	1.0	0.0	1.0	1.5	1.5	0.0	1.5	1.0	1.0	0.0	2.0	2.0	14
ZS	6.2	2.0	1.5	1.0	1.0	2.0	1.0	2.0	0.5	0.0	1.5	2.0	2.0	0.0	2.0	0.0	14
ZURA	4.7	2.0	2.0	1.0	0.5	0.0	1.5	0.0	1.0	0.0	2.0	1.0	1.0	0.0	1.5	0.5	14
ZVRA	6.7	2.0	2.0	1.0	1.0	1.0	1.5	2.0	1.0	2.0	2.0	1.0	1.0	1.5	0.5	0.5	13
ZYME	5.0	2.0	2.0	1.0	0.5	1.0	1.0	0.0	1.0	0.0	2.0	1.0	1.0	0.0	0.5	2.0	14
ABBN.ZU	5.5	1.0	0.5	1.0	1.0	1.0	1.0	1.5	1.0	2.0	1.5	1.0	1.0	1.5	0.0	1.5	13
ACLN.ZU	5.8	1.0	1.5	1.0	1.0	0.0	2.0	1.0	0.5	2.0	1.0	2.0	2.0	2.0	0.0	0.5	12
ADEN.ZU	5.7	1.5	1.5	1.0	1.0	1.0	1.0	2.0	1.5	1.0	1.5	1.0	2.0	1.0	0.0	0.0	13
ALC.ZU	4.8	1.0	1.5	1.0	1.0	0.0	1.5	1.0	0.5	0.5	1.5	2.0	2.0	1.0	0.0	0.0	13
AMRZ.ZU	4.3	1.0	2.0	1.0	1.0	0.0	1.0	0.5	0.0	1.0	1.5	1.0	1.0	1.0	1.0	0.0	13
AMS.ZU	5.3	1.5	1.0	1.0	1.0	2.0	1.5	0.0	1.5	0.0	1.0	1.0	1.0	0.5	1.0	2.0	13
AVOL.ZU	4.7	1.0	1.5	1.0	1.0	0.0	2.0	1.0	1.5	1.5	1.5	0.0	0.0	1.0	1.0	0.0	12
BAER.ZU	6.2	2.0	1.5	1.0	1.0	1.0	2.0	1.0	2.0	1.5	1.5	1.0	1.0	0.5	0.0	1.5	10
BARN.ZU	5.5	1.0	1.5	1.0	1.0	0.0	2.0	1.0	1.0	1.0	1.0	2.0	1.0	1.0	2.0	0.0	12
BEAN.ZU	7.0	1.5	2.0	1.0	1.0	0.0	2.0	1.0	1.0	2.0	1.5	2.0	2.0	2.0	2.0	0.0	12
BUCN.ZU	5.8	1.0	1.0	1.0	1.0	1.0	2.0	1.0	1.0	1.0	0.5	2.0	2.0	1.0	2.0	0.0	12
CFR.ZU	5.7	2.0	2.0	1.0	1.0	1.0	2.0	1.0	1.0	1.0	1.5	1.0	1.0	1.0	0.0	0.5	12
CLN.ZU	6.7	1.5	2.0	1.0	1.0	1.0	2.0	1.0	2.0	0.0	1.5	2.0	1.0	1.0	1.0	2.0	12
DAE.ZU	6.3	1.5	2.0	1.0	1.0	0.0	2.0	1.0	1.5	1.5	0.5	2.0	2.0	1.0	2.0	0.0	12
DKSH.ZU	6.3	1.5	1.5	1.0	1.0	1.5	2.0	1.0	1.0	1.0	1.0	1.0	1.0	1.0	2.0	1.5	11
EMSN.ZU	6.2	1.0	0.5	1.0	1.0	2.0	1.5	1.0	1.0	1.5	0.5	1.0	1.0	1.5	2.0	2.0	12
FHZN.ZU	6.2	1.5	2.0	1.0	1.0	0.0	2.0	1.0	1.0	1.0	1.0	2.0	2.0	1.0	2.0	0.0	12
GALD.ZU	6.0	1.5	2.0	1.0	1.0	1.0	2.0	1.0	0.5	1.0	1.0	1.0	1.0	1.0	2.0	1.0	12
GALE.ZU	4.8	1.0	1.0	1.0	1.0	1.0	2.0	1.0	1.0	1.0	1.5	1.0	1.0	1.0	0.0	0.0	11
GEBN.ZU	5.5	1.0	1.5	1.0	1.0	0.0	2.0	1.0	1.5	2.0	1.0	2.0	1.0	1.5	0.0	0.0	12
GIVN.ZU	6.2	1.5	1.5	1.0	1.0	2.0	2.0	1.0	1.0	1.5	1.0	1.0	1.0	1.0	1.5	0.5	12
HOLN.ZU	5.0	1.5	2.0	1.0	1.0	0.0	2.0	1.0	1.0	0.5	1.0	1.0	1.0	1.0	1.0	0.0	12
KNIN.ZU	5.8	1.5	1.0	1.0	1.0	2.0	1.5	0.5	0.5	2.0	0.5	0.0	1.0	1.0	2.0	2.0	13
LAND.ZU	5.3	1.0	1.5	1.0	1.0	1.0	2.0	1.0	1.0	0.5	1.5	1.0	1.0	1.0	1.5	0.0	11
LISN.ZU	4.8	0.5	1.5	1.0	1.0	0.0	1.0	1.0	1.0	1.5	0.5	2.0	1.0	1.0	1.5	0.0	12
LOGN.ZU	6.8	1.0	1.5	1.0	1.0	2.0	1.0	2.0	1.0	2.0	2.0	2.0	2.0	1.5	0.0	0.5	13
LONN.ZU	6.3	2.0	2.0	1.0	1.0	2.0	2.0	1.0	1.0	1.0	1.5	2.0	1.0	1.0	0.0	0.5	12
NESN.ZU	4.2	1.0	1.5	1.0	1.0	0.0	2.0	1.0	0.5	2.0	1.0	0.0	0.0	1.0	0.0	0.5	12
NOVN.ZU	5.0	1.0	1.0	1.0	1.0	0.0	1.5	1.0	1.5	2.0	1.0	0.0	1.0	1.5	0.5	1.0	13
OERL.ZU	6.8	1.5	1.0	1.0	1.0	2.0	1.5	1.0	2.0	0.5	0.5	2.0	2.0	0.5	2.0	2.0	12
PGHN.ZU	5.0	1.0	2.0	1.0	1.0	0.0	1.5	1.0	0.5	2.0	1.0	1.0	0.0	1.5	1.5	0.0	12
PPGN.ZU	5.7	1.0	1.0	1.0	1.0	1.0	2.0	1.0	0.0	0.5	0.5	2.0	1.0	1.0	2.0	2.0	12
PSPN.ZU	3.7	1.0	1.0	1.0	1.0	0.0	1.5	0.5	1.0	1.0	1.5	0.0	0.0	1.0	0.0	0.5	12
ROP.ZU	6.0	1.5	1.5	1.0	1.0	1.0	1.5	1.0	2.0	2.0	1.0	1.0	1.0	1.5	0.0	1.0	12
SCHP.ZU	5.0	1.0	1.5	1.0	1.0	0.0	1.5	1.5	1.0	1.5	1.0	1.0	2.0	1.0	0.0	0.0	12
SCMN.ZU	4.2	0.5	0.5	1.0	1.0	1.0	1.0	2.0	0.5	1.0	0.5	0.0	0.0	1.0	2.0	0.5	13
SDZ.ZU	5.5	0.5	0.5	1.0	1.0	1.0	2.0	1.0	1.5	1.0	1.5	1.0	1.0	1.0	0.5	2.0	12
SGSN.ZU	5.8	1.0	1.5	1.0	1.0	2.0	1.5	1.0	1.0	2.0	1.0	0.0	1.0	1.5	1.5	0.5	12
SIKA.ZU	5.5	2.0	2.0	1.0	1.0	1.0	2.0	1.0	0.5	1.5	1.0	1.0	1.0	1.0	0.0	0.5	12
SLHN.ZU	4.7	1.5	1.0	1.0	1.0	0.0	1.5	1.0	1.5	1.5	1.0	1.0	1.0	0.5	0.0	0.5	12
SMG.ZU	5.5	1.0	2.0	1.0	1.0	0.0	2.0	1.0	1.0	1.0	0.5	1.0	2.0	1.0	2.0	0.0	11
SOON.ZU	6.5	1.0	1.0	1.0	1.0	2.0	1.0	1.0	1.5	1.5	1.0	2.0	2.0	1.0	1.5	1.0	12
SPSN.ZU	3.8	1.0	1.0	1.0	1.0	0.0	2.0	1.0	1.0	1.0	1.5	0.0	0.0	0.5	0.0	0.5	11
SQN.ZU	5.2	1.0	1.5	1.0	1.0	0.0	2.0	1.0	1.0	2.0	1.0	0.0	1.0	1.0	2.0	0.0	12
SRAIL.ZU	5.5	1.0	1.0	1.0	1.0	2.0	2.0	1.0	1.0	1.0	0.5	0.0	0.0	1.0	2.0	2.0	11
SREN.ZU	5.3	0.5	0.5	1.0	1.0	2.0	2.0	2.0	0.5	1.5	1.0	1.0	2.0	1.0	0.0	0.0	13
STMN.ZU	6.8	1.5	2.0	1.0	1.0	0.0	2.0	1.0	1.5	1.5	1.0	2.0	2.0	1.5	2.0	0.5	12
TECN.ZU	6.3	1.5	2.0	1.0	1.0	2.0	2.0	1.0	0.5	0.0	1.5	2.0	2.0	0.5	0.0	2.0	12
TEMN.ZU	6.0	1.5	2.0	1.0	1.0	0.0	2.0	1.5	1.0	2.0	1.5	0.0	1.0	1.0	2.0	0.5	13
UBSG.ZU	5.7	1.5	2.0	1.0	1.0	1.0	1.5	2.0	1.0	1.0	1.5	1.0	1.0	0.5	0.0	1.0	11
UHR.ZU	4.2	0.5	0.5	1.0	1.0	0.0	0.5	1.0	1.5	0.5	1.0	1.0	2.0	0.5	0.5	1.0	12
VACN.ZU	7.7	1.5	1.5	1.0	1.0	2.0	1.5	1.0	1.5	2.0	1.0	2.0	2.0	1.5	1.5	2.0	12
ZURN.ZU	4.8	1.0	0.5	1.0	1.0	0.0	2.0	1.0	2.0	2.0	1.0	1.0	1.0	0.5	0.0	0.5	12
