TRC	4.4	0.0	1.0	1.0	1.0	1.5	2.0	0.5	0.5	0.0	0.5	1.0	2.0	0.0	1.0	1.0	1.0	0.5	1.5	16
HBT	6.7	1.0	1.0	1.0	1.5	2.0	2.0	0.0	2.0	1.0	1.0	2.0	1.5	1.0	1.5	2.0	0.0	1.5	2.0	16
TPW.ASX	4.9	0.0	1.0	1.0	1.0	1.0	1.0	1.0	0.5	0.5	1.5	2.0	1.0	0.0	2.0	1.0	0.5	2.0	0.5	16
ULVR.L	5.6	0.0	1.0	1.0	1.0	1.5	1.0	1.5	1.5	1.5	1.5	0.0	0.0	1.5	1.5	1.5	1.5	1.0	1.5	16
BARN.ZU	6.4	2.0	1.0	1.0	1.0	1.0	0.5	0.5	0.5	2.0	1.5	1.5	1.5	1.5	2.0	1.5	0.5	2.0	1.5	16
GNC.L	4.4	0.0	1.0	1.0	1.0	1.0	2.0	1.0	0.5	1.5	1.0	0.0	0.0	1.5	2.0	0.0	0.5	1.5	0.5	16
6178.T	5.3	1.0	1.0	1.0	1.0	1.0	1.0	0.0	1.0	1.0	1.0	1.0	2.0	1.0	1.0	2.0	0.0	2.0	1.0	13
NST.ASX	7.5	2.0	1.0	1.0	1.0	2.0	1.5	1.5	2.0	0.5	1.5	2.0	1.5	1.5	1.5	2.0	2.0	0.5	2.0	16
TASK	6.9	2.0	2.0	1.0	0.0	1.0	1.0	1.5	1.0	2.0	1.0	2.0	1.5	2.0	2.0	1.0	1.0	2.0	1.0	18
URG	4.0	1.0	1.0	1.0	2.0	0.0	2.0	0.0	0.0	0.0	1.0	1.0	1.0	1.0	0.5	1.0	0.0	2.0	0.0	16
VPK.NV	6.7	1.5	1.0	1.0	1.0	2.0	1.0	2.0	2.0	0.5	1.0	0.5	1.5	1.5	1.0	2.0	2.0	0.5	2.0	16
VFC	6.1	2.0	0.0	1.0	0.0	1.0	0.5	2.0	0.0	1.5	2.0	2.0	1.5	1.5	2.0	2.0	0.5	1.5	1.0	18
EIG	4.7	1.5	2.0	1.0	0.0	1.0	0.0	0.0	1.5	1.0	0.5	2.0	2.0	0.0	2.0	0.0	0.5	1.5	0.5	18
BC8.DE	5.7	0.5	1.0	1.0	2.0	1.0	1.5	0.5	0.5	1.0	1.0	1.5	1.5	1.5	2.0	2.0	0.5	1.0	0.5	15
RMS.ASX	6.7	0.5	1.0	1.0	1.0	1.5	1.0	1.5	2.0	2.0	1.5	2.0	1.5	1.5	1.0	0.0	2.0	1.0	2.0	15
VCYT	6.2	0.5	0.0	1.0	0.5	2.0	1.5	2.0	1.5	1.0	1.5	2.0	1.5	0.5	1.0	1.0	1.5	1.5	2.0	18
00322.HK	6.4	0.0	1.0	1.0	1.0	1.0	1.0	1.5	1.0	2.0	2.0	0.5	1.0	2.0	2.0	2.0	1.0	2.0	1.0	16
AEHR	3.3	2.0	0.0	1.0	1.0	0.0	2.0	1.5	0.0	0.0	1.0	1.0	0.0	1.0	0.0	1.0	0.0	0.5	0.0	16
KETL.L	5.6	2.0	1.0	1.0	1.0	2.0	0.5	1.0	1.5	1.0	0.5	0.0	0.0	1.5	2.0	1.0	1.0	1.5	1.5	15
VOD.L	6.0	2.0	1.0	1.0	1.0	0.5	1.0	1.0	0.5	2.0	1.5	1.0	0.0	1.5	2.0	0.0	1.5	2.0	2.0	14
BXSL	6.1	1.0	2.0	1.0	1.0	2.0	0.5	2.0	2.0	1.5	1.5	2.0	2.0	1.0	1.0	0.0	0.0	0.5	1.0	17
RMV.L	6.5	1.0	1.0	1.0	1.0	2.0	1.0	2.0	2.0	1.5	2.0	0.0	0.0	1.5	1.0	2.0	2.0	0.5	2.0	16
AZ2.DE	5.8	1.0	1.0	1.0	1.0	1.0	1.0	1.5	0.5	1.5	1.0	1.0	1.0	1.5	2.0	2.0	0.5	1.5	1.0	14
WYNN	7.2	2.0	1.0	1.0	0.5	1.0	1.0	2.0	1.5	1.5	2.0	1.5	1.0	1.5	1.5	2.0	1.5	2.0	1.5	17
00388.HK	7.2	0.5	1.0	1.0	2.0	2.0	1.5	2.0	2.0	2.0	1.5	1.0	0.5	1.5	0.5	1.0	2.0	2.0	2.0	17
ORA.PA	7.1	2.0	1.0	1.0	1.0	1.0	1.0	1.5	1.0	2.0	1.5	0.0	1.5	2.0	1.5	2.0	1.5	2.0	2.0	16
CMO.PA	5.4	2.0	1.0	1.0	1.0	2.0	1.0	0.0	2.0	1.0	1.0	1.0	2.0	1.0	0.0	2.0	0.0	1.5	0.0	12
MYE	5.7	0.0	0.0	1.0	2.0	1.0	1.0	1.0	1.5	1.5	0.5	2.0	1.0	1.5	2.0	2.0	1.0	0.5	1.0	18
BTG.US	7.2	2.0	0.0	1.0	0.0	2.0	1.5	2.0	2.0	1.0	1.0	2.0	1.5	2.0	2.0	2.0	2.0	0.5	1.5	18
SEE.L	3.3	1.0	1.0	1.0	1.0	0.0	0.5	2.0	0.0	0.0	0.5	1.0	0.0	1.0	1.5	1.0	0.0	0.5	0.0	14
ICLR	5.8	2.0	2.0	1.0	0.5	1.0	1.0	1.0	1.0	1.0	1.5	2.0	1.5	0.0	2.0	1.0	0.5	1.0	1.0	18
M7U.DE	5.1	0.0	1.0	1.0	1.0	1.0	1.5	1.0	0.5	1.0	0.5	2.0	1.5	1.0	2.0	1.0	0.5	1.0	1.0	16
LTR.ASX	6.4	0.5	1.0	1.0	1.0	1.5	2.0	0.5	2.0	0.0	1.5	2.0	1.5	1.0	1.5	1.0	1.5	1.5	2.0	16
RIGL	5.7	2.0	0.0	1.0	0.0	2.0	0.0	2.0	2.0	0.0	1.0	0.0	1.5	1.5	1.5	1.0	1.5	1.5	2.0	18
PIG.PA	5.0	0.0	1.0	1.0	1.0	0.5	1.0	1.0	0.5	2.0	0.5	1.0	2.0	0.0	2.0	1.0	0.5	2.0	1.0	15
ASY.PA	4.6	0.0	1.0	1.0	1.0	1.0	1.0	1.0	0.5	2.0	0.5	2.0	1.5	0.0	2.0	0.0	0.5	0.5	1.0	16
ARQQ	3.6	1.0	1.0	1.0	1.0	0.5	2.0	1.5	0.0	0.0	1.0	1.0	0.0	1.0	0.0	1.0	0.0	1.0	0.0	13
MKTW	4.3	1.0	1.0	1.0	0.0	1.0	0.5	2.0	0.0	2.0	0.5	0.0	1.0	1.0	1.0	0.0	0.5	2.0	1.0	16
RHP	5.3	1.5	0.0	1.0	0.0	1.0	1.5	1.5	1.5	1.5	1.5	1.5	0.0	1.0	1.5	0.0	1.5	0.5	2.0	18
ALUR	3.9	1.0	1.0	1.0	1.0	0.0	0.0	2.0	0.0	0.0	1.0	1.0	1.0	1.0	1.0	1.0	0.0	2.0	0.0	12
CHTR	7.2	2.0	2.0	1.0	0.0	1.0	0.5	2.0	1.5	2.0	1.5	1.5	2.0	2.0	1.5	1.0	2.0	0.5	2.0	18
MMM	6.5	1.0	1.0	1.0	1.5	1.5	1.0	1.5	1.5	1.5	1.5	2.0	0.0	1.0	1.5	2.0	1.5	1.0	1.5	18
VLO	6.7	1.0	1.0	1.0	2.0	1.0	2.0	0.5	1.0	1.5	1.5	2.0	1.0	1.5	2.0	2.0	1.0	1.0	1.0	18
AMUN.PA	7.4	0.0	1.0	1.0	2.0	1.5	1.5	1.5	1.0	2.0	1.5	1.5	1.5	1.5	2.0	1.5	1.5	2.0	2.0	17
TRN.MI	6.9	1.0	1.0	1.0	1.0	2.0	1.5	2.0	2.0	0.0	1.5	1.5	1.0	1.5	1.0	1.5	2.0	1.5	2.0	17
SPINNEYS.AE	6.2	1.5	1.0	1.0	1.0	1.0	0.5	1.5	1.0	2.0	1.0	1.5	0.5	1.5	2.0	1.5	1.0	1.5	1.5	16
CLS	5.4	1.5	1.0	1.0	2.0	1.0	2.0	0.5	1.0	0.5	1.5	2.0	0.0	0.5	1.5	1.0	1.0	0.5	1.0	18
REFI	5.7	2.0	1.0	1.0	0.0	2.0	0.5	2.0	2.0	1.0	0.5	2.0	2.0	1.0	1.0	0.0	0.0	0.5	2.0	15
LEA	6.1	2.0	0.0	1.0	0.5	1.0	1.0	0.0	0.5	2.0	1.5	2.0	1.5	2.0	2.0	2.0	0.5	1.5	1.0	18
EQIX	5.7	0.5	2.0	1.0	0.0	1.5	1.5	2.0	2.0	1.0	2.0	1.5	0.5	0.5	0.5	0.0	2.0	0.0	2.0	18
EOG	8.2	1.5	2.0	1.0	0.0	2.0	2.0	2.0	2.0	1.5	2.0	1.5	1.5	2.0	1.5	2.0	2.0	1.0	2.0	18
INN	6.0	1.0	1.0	1.0	2.0	0.5	1.0	1.5	1.0	2.0	0.5	1.0	2.0	1.5	1.5	0.0	1.5	1.0	1.5	16
ALERS.PA	5.3	0.5	1.0	1.0	1.0	1.0	1.0	1.5	1.0	1.0	0.5	2.0	1.5	1.0	1.0	1.0	1.0	1.0	1.0	11
HILS.L	4.9	0.5	1.0	1.0	1.0	1.0	1.0	1.5	1.0	1.0	1.0	0.0	0.0	1.5	1.5	2.0	1.0	0.5	1.0	16
00016.HK	6.8	1.5	1.0	1.0	1.0	2.0	1.0	1.0	2.0	1.0	1.5	1.5	2.0	1.0	1.5	2.0	1.5	1.0	1.0	14
CVS	5.7	2.0	0.0	1.0	0.0	1.0	1.0	0.5	0.5	1.5	2.0	2.0	1.5	1.5	2.0	1.5	0.5	1.5	0.5	18
RYTM	3.6	1.0	0.0	1.0	2.0	0.0	2.0	2.0	0.0	0.0	1.5	1.0	0.0	1.0	0.0	1.0	0.0	0.5	0.0	16
SIVE.ST	2.2	1.0	1.0	1.0	1.0	0.0	0.0	0.0	0.0	0.0	0.5	1.0	0.5	1.0	0.0	1.0	0.0	0.0	0.0	14
SUI.US	5.3	0.0	0.0	1.0	0.0	0.0	1.0	2.0	1.5	2.0	1.5	2.0	1.5	1.0	1.0	0.0	2.0	0.5	2.0	18
TSPH	4.3	1.0	1.0	1.0	1.0	0.5	1.0	0.0	0.0	0.0	1.0	1.0	2.0	2.0	1.0	1.0	0.0	2.0	0.0	12
3.HK	5.6	0.5	1.0	1.0	1.0	1.5	1.0	1.5	1.5	1.0	1.0	1.0	1.5	1.0	1.5	0.0	1.5	1.0	1.5	16
NABL	6.1	1.0	2.0	1.0	0.0	0.5	1.0	2.0	1.0	2.0	1.0	1.0	2.0	1.0	1.5	1.0	1.0	1.5	1.5	16
AXS.US	7.4	1.5	2.0	1.0	0.0	1.5	1.0	1.0	1.5	2.0	1.5	1.0	1.5	2.0	2.0	2.0	1.5	1.5	2.0	18
02388.HK	5.6	0.5	1.0	1.0	1.0	2.0	1.0	0.0	2.0	1.0	1.5	1.5	1.5	1.0	1.0	2.0	0.0	2.0	0.0	14
00027.HK	6.9	1.5	1.0	1.0	0.0	2.0	1.0	2.0	1.5	1.0	2.0	1.5	1.5	1.5	1.5	1.5	1.5	1.0	2.0	17
ABBV	6.9	2.0	2.0	1.0	1.0	1.0	1.5	2.0	2.0	1.0	2.0	2.0	1.0	1.0	1.0	0.0	2.0	0.5	2.0	17
AAPL.EUR	6.1	0.5	1.0	1.0	0.5	2.0	1.5	1.5	2.0	1.0	2.0	1.5	0.0	0.5	0.5	2.0	2.0	0.5	2.0	18
STAA	6.2	2.0	0.0	1.0	2.0	1.0	2.0	2.0	1.0	0.5	1.5	2.0	1.5	1.0	1.5	1.0	1.0	1.5	0.0	18
DTL.ASX	4.6	0.5	1.0	1.0	1.0	1.0	1.0	0.5	1.0	0.5	1.0	1.5	0.0	1.0	2.0	1.0	0.5	1.5	0.5	16
MIR.US	6.2	0.0	2.0	1.0	1.0	1.0	1.5	1.5	0.5	1.0	1.5	2.0	1.5	1.0	1.5	1.0	1.5	1.5	1.5	18
CBSM.PA	5.3	2.0	1.0	1.0	1.0	1.0	1.0	1.0	1.0	1.0	1.0	1.0	1.0	1.0	1.0	1.0	1.0	1.0	1.0	2
PFIS	6.5	1.5	1.0	1.0	1.5	2.0	1.0	0.0	2.0	1.0	0.5	2.0	1.5	1.0	1.5	2.0	0.0	2.0	2.0	15
UCTT	4.6	2.0	0.0	1.0	2.0	0.5	2.0	0.5	0.5	0.0	1.0	1.0	1.0	0.5	2.0	1.0	0.5	1.0	0.0	17
BMEA	4.2	1.0	1.0	1.0	2.0	0.5	1.0	0.0	0.0	0.0	1.0	1.0	0.5	1.0	1.0	1.0	0.0	2.0	1.0	13
HHH	6.4	1.5	1.0	2.0	0.0	1.5	2.0	1.5	2.0	0.0	0.5	0.0	1.5	1.5	1.5	1.0	1.5	2.0	2.0	18
AG	7.1	0.5	0.0	1.0	0.0	2.0	2.0	2.0	2.0	2.0	0.5	2.0	1.5	1.5	1.0	2.0	2.0	1.5	2.0	18
NTRA	4.3	1.0	0.0	1.0	2.0	0.5	2.0	2.0	0.0	0.5	2.0	1.0	0.0	1.0	0.0	1.0	0.0	0.5	1.0	16
ACWN.DE	5.0	0.0	1.0	1.0	1.0	0.5	1.0	2.0	0.0	0.0	0.5	1.0	2.0	2.0	2.0	1.0	0.5	2.0	0.5	15
RHK.DE	5.4	0.0	1.0	1.0	1.0	1.0	1.0	0.5	0.5	0.0	0.5	1.5	2.0	2.0	2.0	2.0	0.5	2.0	1.0	16
MUR	8.1	2.0	2.0	1.0	0.0	1.0	2.0	2.0	2.0	1.5	1.5	2.0	2.0	2.0	1.5	1.5	2.0	1.0	2.0	18
BFC	6.9	2.0	2.0	1.0	1.5	2.0	2.0	0.0	2.0	1.0	0.5	2.0	1.5	1.0	1.0	2.0	0.0	1.5	2.0	16
00006.HK	5.4	0.0	1.0	1.0	1.0	2.0	0.0	2.0	2.0	0.0	1.0	0.0	1.5	0.0	0.0	2.0	2.0	2.0	2.0	16
4042.T	6.9	2.0	1.0	1.0	1.0	1.0	1.5	1.0	1.0	1.0	1.0	2.0	2.0	2.0	2.0	1.5	1.0	2.0	1.0	15
METC	3.5	1.0	0.0	1.0	0.0	0.0	0.5	0.5	0.0	0.0	1.0	1.0	1.5	1.0	2.0	1.0	0.0	2.0	0.0	16
MDM.PA	5.3	1.0	1.0	1.0	1.0	0.0	0.5	2.0	0.0	2.0	0.5	1.0	2.0	1.0	2.0	1.0	0.0	2.0	1.0	14
MLCO	6.0	2.0	0.0	1.0	0.0	1.0	0.5	1.5	1.0	1.0	1.5	1.5	1.0	2.0	2.0	1.0	1.5	2.0	1.0	15
GEST.MC	7.1	2.0	1.0	1.0	1.0	1.0	1.0	1.5	0.5	1.5	1.5	2.0	2.0	2.0	2.0	2.0	0.5	2.0	1.0	16
CAAP	7.6	1.5	2.0	2.0	0.5	1.5	1.5	1.0	1.5	2.0	1.0	1.5	1.5	2.0	1.5	1.0	2.0	2.0	1.5	18
SAVE.ST	6.1	0.5	1.0	1.0	2.0	2.0	2.0	2.0	2.0	1.0	1.5	2.0	0.0	1.0	0.0	1.5	0.0	0.5	2.0	15
ORA.US	6.1	0.5	0.0	1.0	2.0	1.5	1.5	1.0	1.0	0.0	1.5	2.0	1.5	1.0	1.0	2.0	2.0	1.0	1.5	18
GFTU.L	5.7	1.0	1.0	1.0	1.0	1.0	1.0	1.5	0.5	2.0	1.5	0.0	0.0	1.5	2.0	2.0	0.5	2.0	1.0	16
CHKP	6.8	1.5	0.0	1.0	0.5	2.0	1.0	2.0	2.0	1.5	2.0	1.5	1.0	1.0	1.5	1.0	1.5	1.5	2.0	18
ELD.ASX	5.8	2.0	1.0	1.0	1.0	1.0	2.0	1.0	0.5	1.5	1.0	2.0	1.5	1.5	2.0	0.0	0.5	1.0	0.5	16
NVR	5.1	0.0	0.0	1.0	2.0	1.5	0.0	1.0	1.0	1.5	1.0	1.0	1.0	1.5	2.0	1.0	1.0	1.0	1.0	18
GENI	4.4	1.0	0.0	1.0	0.0	0.0	2.0	1.0	0.0	2.0	2.0	1.0	1.5	1.0	1.5	1.0	0.0	1.0	0.0	16
UDR	5.3	0.0	0.0	1.0	2.0	2.0	0.5	2.0	1.5	1.5	2.0	0.0	1.0	1.0	0.5	0.0	2.0	0.0	2.0	18
IMAX	6.9	2.0	2.0	1.0	2.0	1.0	1.5	2.0	1.5	1.0	1.5	2.0	0.5	0.5	1.0	1.0	1.5	1.0	2.0	18
3436.T	5.6	0.0	1.0	1.0	2.0	0.5	1.5	0.0	0.0	0.5	1.5	1.0	1.5	1.5	1.5	2.0	1.5	1.5	1.5	16
SVE.DE	5.1	1.0	1.0	1.0	1.0	0.0	1.0	2.0	2.0	1.0	1.0	1.0	2.0	1.0	1.0	1.0	0.0	0.5	1.0	9
OKLO	4.3	1.0	2.0	1.0	0.0	0.5	1.0	1.5	0.0	0.0	2.0	1.0	1.5	1.0	0.0	1.0	0.0	2.0	0.0	15
VMRK	6.0	0.0	2.0	1.0	1.0	2.0	1.0	2.0	2.0	1.0	1.5	0.0	1.0	1.0	1.0	1.0	2.0	0.0	2.0	14
MVV1.DE	5.0	0.0	1.0	1.0	1.0	1.0	0.5	1.0	0.5	0.0	1.0	2.0	2.0	1.5	2.0	0.0	0.5	2.0	1.0	15
7489.HK	5.8	0.5	1.0	1.0	1.0	1.0	2.0	0.5	0.0	1.0	0.5	2.0	2.0	2.0	2.0	1.0	0.5	2.0	1.0	15
CERS	3.6	1.0	0.0	1.0	0.0	0.5	1.0	2.0	0.0	0.5	0.5	1.0	0.5	0.0	1.5	1.0	0.5	1.5	0.5	16
SHBB.ST	4.3	0.0	1.0	1.0	1.0	2.0	0.5	0.0	2.0	1.0	1.0	0.0	1.5	1.0	0.0	1.5	0.0	2.0	0.0	13
UEIC	5.4	2.0	1.0	1.0	0.0	0.5	0.0	1.0	0.5	2.0	0.5	1.0	2.0	2.0	2.0	1.0	0.5	2.0	0.5	16
KMPR	5.3	2.0	2.0	1.0	0.5	0.0	0.5	1.0	0.5	2.0	0.5	1.0	2.0	0.5	2.0	0.0	0.5	2.0	1.0	17
PWH.ASX	5.7	0.0	1.0	1.0	1.0	1.5	2.0	2.0	1.5	0.5	1.0	2.0	0.5	0.5	1.0	2.0	1.5	0.0	1.5	16
AMZN.EUR	6.4	1.5	2.0	1.0	1.5	1.5	1.5	2.0	1.0	0.5	2.0	0.5	1.0	1.0	1.5	1.0	1.5	0.5	1.5	18
ITM.MI	5.4	0.0	1.0	1.0	1.0	1.0	1.0	1.5	0.5	0.0	0.5	2.0	2.0	1.5	1.5	1.5	1.0	2.0	0.5	16
SECTb.ST	5.3	0.0	1.0	1.0	1.0	1.5	2.0	1.5	1.5	0.5	0.5	2.0	0.0	0.0	0.5	2.0	1.5	0.5	2.0	16
ABCB	6.4	1.5	1.0	1.0	0.5	2.0	1.0	0.0	2.0	1.0	1.0	2.0	1.5	1.0	1.5	2.0	0.0	2.0	2.0	16
JLP.L	5.0	1.0	1.0	1.0	1.0	0.0	2.0	1.0	0.0	2.0	0.5	1.0	0.0	1.0	1.5	1.0	0.0	2.0	2.0	14
OFRM	3.9	1.0	0.0	1.0	0.0	0.5	2.0	1.5	0.0	0.0	1.0	1.0	1.0	1.0	1.5	1.0	0.0	1.5	0.0	16
ELISA.HE	5.6	0.0	1.0	1.0	0.0	1.5	0.5	1.5	1.5	1.0	1.5	1.5	1.0	1.5	1.5	1.0	1.5	0.5	2.0	17
SKHY	7.6	2.0	1.0	1.0	1.0	2.0	2.0	2.0	2.0	2.0	1.5	2.0	0.0	1.0	1.0	1.0	2.0	2.0	2.0	16
2331.HK	6.9	1.0	1.0	1.0	1.0	1.5	1.0	1.5	1.5	1.5	2.0	0.0	2.0	2.0	2.0	2.0	1.0	2.0	1.0	16
PTC	6.8	1.5	1.0	1.0	2.0	2.0	0.5	2.0	2.0	1.5	1.5	0.5	1.0	1.5	1.0	1.0	2.0	0.5	2.0	18
RUSTA.ST	6.1	1.0	1.0	1.0	0.5	1.0	1.0	1.5	1.0	2.0	0.5	2.0	1.0	1.5	2.0	2.0	0.5	1.0	1.5	17
CCBG	5.8	1.0	0.0	1.0	1.5	2.0	1.0	0.0	2.0	1.0	0.5	1.0	1.5	1.0	2.0	2.0	0.0	2.0	1.5	16
LUXE	5.3	1.0	1.0	1.0	2.0	0.5	1.5	1.5	0.0	0.5	1.0	1.0	2.0	1.0	2.0	1.0	0.0	2.0	0.0	16
CINT	6.2	1.5	0.0	1.0	0.0	1.0	2.0	1.0	1.0	1.5	1.5	2.0	1.5	2.0	2.0	1.0	1.0	1.5	1.0	18
SPSY.L	7.4	2.0	1.0	1.0	1.0	2.0	1.5	2.0	2.0	2.0	0.5	0.0	0.0	2.0	2.0	2.0	2.0	2.0	1.5	16
1519.HK	4.4	1.5	1.0	1.0	1.0	1.0	2.0	0.5	0.5	0.5	1.5	0.0	1.5	0.0	1.0	1.0	0.5	0.5	1.0	16
AMCR	6.5	2.0	2.0	1.0	1.0	1.0	2.0	0.5	1.0	1.5	1.5	2.0	1.5	1.5	2.0	0.0	1.0	1.0	1.0	17
SYF	6.8	2.0	2.0	1.0	0.0	2.0	1.0	0.0	2.0	1.0	2.0	1.5	1.5	1.0	1.5	2.0	0.0	2.0	2.0	16
AAF.L	6.9	1.0	1.0	1.0	1.0	1.5	2.0	2.0	2.0	2.0	1.0	0.0	0.0	2.0	1.5	2.0	2.0	1.0	2.0	16
VTRS	5.8	0.5	1.0	1.0	1.0	0.5	1.0	1.5	1.0	2.0	1.5	1.0	1.5	2.0	1.5	0.0	1.5	1.0	1.5	17
BMI	5.3	0.5	0.0	1.0	0.0	1.5	0.5	1.5	1.5	1.0	1.0	1.5	1.0	1.0	1.5	2.0	1.5	0.5	1.5	18
T3T1.DE	5.4	1.5	1.0	1.0	1.0	1.0	0.5	0.5	0.5	1.0	1.0	1.0	1.5	1.5	2.0	1.0	0.5	2.0	1.0	12
CHRS	4.9	1.0	1.0	1.0	2.0	0.0	2.0	2.0	0.0	0.0	0.5	1.0	1.5	1.0	1.5	1.0	0.0	2.0	0.0	15
LNC	5.4	1.5	0.0	1.0	1.0	1.5	1.5	1.0	0.5	2.0	1.5	0.0	2.0	1.0	1.0	2.0	0.0	2.0	0.0	17
COUR	6.1	1.0	2.0	1.0	2.0	0.0	2.0	2.0	0.0	2.0	1.0	1.0	1.5	1.0	2.0	1.0	0.0	2.0	0.5	16
TDS	6.9	0.0	2.0	1.0	2.0	2.0	1.0	2.0	0.0	2.0	0.5	1.0	2.0	1.5	1.5	2.0	1.5	2.0	1.0	17
R	6.4	2.0	0.0	1.0	1.0	1.0	1.0	0.5	1.0	2.0	1.0	2.0	1.0	2.0	2.0	2.0	1.5	0.5	1.5	18
2801.T	5.7	0.0	1.0	1.0	0.5	1.0	1.5	1.0	1.0	1.0	1.5	1.0	1.5	1.5	2.0	2.0	1.0	1.0	1.0	15
EMR.ASX	7.1	1.0	1.0	1.0	1.0	2.0	2.0	2.0	2.0	1.5	0.5	2.0	1.0	1.5	1.0	1.0	2.0	1.0	2.0	16
TENG.L	4.4	0.0	1.0	1.0	1.0	1.0	1.0	2.0	0.5	1.0	0.5	0.0	0.0	1.0	2.0	1.0	0.5	1.0	1.5	16
SXC	5.1	1.0	0.0	1.0	2.0	0.5	1.0	0.5	0.5	0.5	0.5	1.0	1.5	2.0	2.0	1.5	1.0	1.0	1.0	17
OUT1V.HE	4.9	1.0	1.0	1.0	0.0	0.5	1.0	0.0	0.5	1.0	1.5	1.0	2.0	0.5	2.0	2.0	0.5	1.5	0.5	16
RESI.L	5.0	1.0	1.0	1.0	1.0	1.0	1.0	1.0	1.0	1.0	1.0	1.0	1.0	1.0	1.0	1.0	1.0	1.0	1.0	1
ANORA.HE	5.8	0.0	1.0	1.0	2.0	1.0	0.5	1.5	0.5	2.0	0.5	2.0	2.0	1.5	2.0	0.0	0.5	2.0	1.0	17
LYEL	4.0	1.0	1.0	1.0	1.0	0.5	0.0	2.0	0.0	0.0	1.0	1.0	2.0	1.0	0.0	1.0	0.0	2.0	0.0	14
HLI	5.3	1.0	0.0	1.0	0.0	1.5	0.0	2.0	1.5	1.0	1.0	2.0	1.0	1.0	1.5	2.0	0.0	1.0	1.5	16
PYPL	7.9	2.0	2.0	1.0	0.5	1.5	1.0	1.5	1.5	2.0	2.0	1.5	1.5	2.0	2.0	2.0	1.0	2.0	1.5	18
ALBON.PA	5.8	0.5	1.0	1.0	1.0	1.0	1.0	2.0	1.0	0.5	1.0	2.0	2.0	1.0	1.5	1.0	1.0	1.5	1.0	15
1997.HK	6.1	2.0	1.0	1.0	1.0	0.0	0.5	2.0	2.0	1.5	1.5	1.0	2.0	1.5	0.5	0.0	2.0	0.5	2.0	15
ALTOO.PA	4.2	1.0	1.0	1.0	1.0	0.0	0.5	2.0	0.0	0.0	1.0	1.0	1.0	1.0	1.5	1.0	0.0	2.0	0.0	12
SPCX.24-7	5.0	1.0	1.0	1.0	2.0	0.0	2.0	2.0	0.0	1.0	1.5	1.0	0.0	0.0	0.0	1.0	1.5	1.0	2.0	14
FYNBK.CO	6.1	1.0	1.0	1.0	1.0	2.0	2.0	0.0	2.0	1.0	1.0	1.0	2.0	1.0	2.0	2.0	0.0	2.0	0.0	12
HYFM	4.3	1.0	1.0	1.0	1.0	0.0	0.0	0.5	0.0	2.0	1.0	1.0	1.0	1.0	2.0	1.0	0.0	2.0	0.0	12
02018.HK	6.5	2.0	1.0	1.0	1.0	1.0	1.0	1.0	0.5	1.0	1.5	1.5	1.5	1.5	2.0	2.0	1.0	1.5	1.5	16
ESSITYB.ST	5.7	0.5	1.0	1.0	0.0	1.0	1.0	1.0	1.0	1.5	1.5	1.5	1.5	1.5	2.0	2.0	1.0	0.5	1.0	17
GMM.DE	6.2	1.0	1.0	1.5	1.0	1.0	1.0	0.5	0.5	2.0	1.0	1.5	2.0	2.0	2.0	1.0	0.5	2.0	1.0	15
OPAD	4.6	1.0	1.0	1.0	0.0	0.5	0.0	0.0	0.0	2.0	0.5	1.0	2.0	1.0	2.0	1.0	0.0	2.0	1.5	15
ERA.PA	5.1	2.0	1.0	1.0	1.0	0.0	1.5	2.0	0.5	0.0	1.0	1.0	1.5	0.5	2.0	1.0	0.5	2.0	0.0	15
LSS.PA	6.5	2.0	1.0	1.0	1.0	1.0	0.5	2.0	1.0	1.5	1.0	2.0	1.5	1.0	2.0	2.0	1.0	1.0	1.0	16
WLTH	5.7	1.0	1.0	1.0	0.0	0.0	1.0	2.0	1.5	2.0	1.0	1.0	1.5	1.0	1.5	1.0	0.0	2.0	2.0	16
COOK	5.3	1.0	1.0	1.0	0.0	0.0	0.0	1.5	0.0	2.0	1.0	1.0	2.0	1.5	2.0	1.0	1.0	2.0	1.0	15
COLB	7.1	1.5	2.0	1.0	0.5	2.0	2.0	0.0	2.0	1.0	1.5	2.0	1.5	1.0	1.5	2.0	0.0	2.0	2.0	16
6753.T	4.9	2.0	1.0	1.0	0.0	1.0	0.5	1.0	0.5	0.5	1.0	0.0	1.5	1.5	2.0	1.0	0.5	2.0	0.5	17
DE	5.4	1.0	1.0	1.0	0.0	1.5	1.0	1.0	1.0	1.0	2.0	2.0	0.5	0.5	1.0	2.0	1.0	0.5	1.5	18
GT	5.6	2.0	2.0	1.0	0.0	0.0	0.5	0.5	0.0	2.0	1.0	1.0	2.0	1.5	2.0	1.0	0.5	2.0	1.0	17
LFMD	3.6	1.0	0.0	1.0	0.0	1.0	0.5	2.0	0.0	0.0	1.0	1.0	0.0	1.0	2.0	1.0	0.0	1.5	0.0	16
LIAB.ST	5.6	2.0	1.0	1.0	0.0	1.0	1.0	1.0	0.5	1.5	0.5	1.5	1.5	1.5	2.0	1.5	0.5	1.0	1.0	17
FNB	6.0	1.5	0.0	1.0	0.5	2.0	1.0	0.0	2.0	1.0	1.0	1.5	2.0	1.0	1.0	2.0	0.0	2.0	2.0	16
ELIX.L	6.2	1.5	1.0	1.0	1.0	1.5	2.0	1.0	1.5	2.0	1.0	0.0	0.0	2.0	2.0	2.0	1.5	0.0	1.5	16
BLK	7.2	2.0	0.0	1.0	1.5	2.0	2.0	1.5	2.0	1.0	1.5	2.0	1.5	1.0	1.0	2.0	2.0	1.0	1.0	18
4063.T	6.9	1.0	1.0	1.0	0.5	1.5	1.0	1.0	2.0	1.0	1.5	2.0	1.5	1.5	1.5	2.0	1.5	1.5	2.0	17
AAPL	6.1	0.5	1.0	1.0	0.5	2.0	1.5	1.5	2.0	1.0	2.0	1.5	0.0	0.5	0.5	2.0	2.0	0.5	2.0	18
ALSMA.PA	4.3	1.0	1.0	1.0	1.0	0.0	2.0	2.0	0.0	0.0	0.5	1.0	0.5	1.0	1.5	1.0	0.0	1.5	0.5	14
ABT.US	6.5	1.0	1.0	1.0	1.0	1.5	1.5	2.0	1.0	1.0	2.0	2.0	1.0	1.0	1.5	1.5	1.5	0.5	1.5	18
PSAN.DE	3.8	2.0	1.0	1.0	1.0	0.0	1.5	0.5	0.5	0.0	1.0	1.0	0.0	1.0	1.5	1.0	0.0	0.5	0.0	15
ABO.BR	5.3	0.0	1.0	1.0	1.0	0.5	1.0	0.5	0.5	2.0	1.0	2.0	1.5	1.5	2.0	0.0	0.5	2.0	1.0	15
SHL.ASX	6.1	1.0	1.0	1.0	1.0	1.0	1.0	1.0	1.0	2.0	1.5	1.5	1.5	1.5	2.0	1.0	1.0	1.0	1.0	16
DKNG	4.3	2.0	0.0	1.0	0.0	0.5	0.5	2.0	0.0	1.0	2.0	1.0	0.0	0.0	2.0	1.0	0.5	1.0	1.0	17
GE	5.7	0.0	1.0	1.0	1.5	1.5	2.0	1.0	1.5	0.5	2.0	1.5	0.0	0.5	1.0	2.0	1.5	0.5	1.5	18
POLB.L	3.5	1.0	1.0	1.0	1.0	0.5	1.0	0.0	0.0	0.0	0.5	1.0	0.0	1.0	1.0	1.0	0.0	1.5	1.0	11
TSCO.L	5.0	1.0	1.0	1.0	1.0	1.0	1.0	0.0	0.5	1.5	1.5	0.0	0.0	1.5	2.0	2.0	0.5	1.5	1.0	16
PSMT	5.6	1.0	2.0	1.0	2.0	1.0	1.5	0.5	0.5	0.5	0.5	1.5	1.0	1.0	2.0	2.0	0.5	1.0	0.5	18
COCP	3.1	1.0	1.0	1.0	2.0	0.5	1.0	0.0	0.0	0.0	0.5	1.0	0.0	1.0	0.0	1.0	0.0	1.0	0.0	14
ABBNY	5.7	1.5	1.0	1.0	2.0	1.5	1.5	1.5	1.5	0.5	1.0	2.0	0.0	0.0	0.5	2.0	1.0	0.5	1.5	17
ACMR	5.6	0.5	0.0	1.0	1.5	1.5	2.0	1.5	1.5	0.0	1.0	2.0	1.5	0.5	1.5	1.0	1.0	2.0	0.0	18
DETEC.HE	5.4	2.0	1.0	1.0	0.0	1.0	1.0	1.5	0.5	0.0	0.5	1.5	1.5	1.5	2.0	2.0	1.0	1.5	0.0	17
VRTX	6.1	1.0	1.0	1.0	0.0	2.0	1.5	2.0	2.0	0.5	2.0	1.5	0.5	0.5	0.5	1.0	2.0	1.0	2.0	18
COST.L	5.1	1.0	1.0	1.0	1.0	1.0	1.0	0.5	0.5	1.5	1.0	0.0	0.0	1.5	2.0	2.0	0.5	2.0	1.0	16
ZTO	7.6	2.0	0.0	1.0	0.0	1.5	2.0	1.0	1.5	2.0	1.5	2.0	1.5	2.0	2.0	2.0	1.5	2.0	2.0	18
NRGV	3.6	1.0	1.0	1.0	0.0	0.0	2.0	1.0	0.0	0.0	1.0	1.0	0.0	1.0	1.5	1.0	0.0	1.5	0.0	16
GRSD	5.6	1.0	1.0	1.0	0.0	0.0	0.5	2.0	0.5	2.0	1.0	1.0	2.0	2.0	2.0	1.0	1.0	1.5	0.5	15
NUTX	7.2	2.0	1.0	1.0	2.0	2.0	0.0	2.0	2.0	2.0	1.0	0.0	1.0	2.0	1.5	1.0	2.0	1.5	2.0	17
PHIN	6.1	1.0	0.0	1.0	0.5	1.0	1.0	1.0	0.5	2.0	1.0	2.0	1.5	2.0	2.0	2.0	1.0	1.5	1.0	18
BYW6.DE	5.1	2.0	1.0	1.0	1.0	0.5	1.0	0.5	0.0	2.0	1.0	1.0	1.0	1.0	2.0	1.0	0.0	2.0	0.5	12
AXFO.ST	4.4	0.0	1.0	1.0	0.0	1.0	1.0	0.5	0.5	1.5	1.0	1.5	0.5	1.5	2.0	1.5	0.5	0.0	1.0	17
LSCC	5.6	2.0	1.0	1.0	2.0	1.0	2.0	2.0	1.0	0.5	1.5	2.0	0.0	0.0	0.0	1.0	1.0	0.0	2.0	18
SGP	4.0	1.0	1.0	1.0	0.0	0.5	1.0	0.0	0.0	1.0	1.0	1.0	1.0	1.0	1.0	1.0	0.0	2.0	1.0	12
NEU	5.6	0.0	1.0	1.0	1.0	1.5	1.0	1.0	1.5	1.5	1.0	0.0	1.0	1.5	1.5	2.0	1.5	0.5	1.5	15
RED.MC	6.5	0.0	1.0	1.0	1.0	2.0	1.0	2.0	2.0	0.0	2.0	1.0	1.5	1.5	1.0	1.0	2.0	1.5	2.0	17
M3V.DE	4.4	1.5	1.0	1.0	1.0	1.0	0.5	1.0	0.5	1.0	1.0	1.0	1.5	0.0	1.5	0.0	0.5	1.0	1.0	12
NAH.L	6.4	2.0	1.0	0.0	1.0	1.0	1.0	2.0	1.5	2.0	1.0	2.0	0.0	2.0	2.0	1.0	1.0	1.0	1.5	15
BIOAb.ST	3.9	0.0	1.0	1.0	2.0	1.5	0.0	2.0	0.0	0.5	0.5	2.0	0.0	1.0	0.0	0.0	0.0	1.0	1.5	16
FRBT	6.1	2.0	1.0	1.0	1.0	2.0	1.5	0.0	1.5	1.0	1.0	2.0	2.0	1.0	2.0	1.0	0.0	2.0	0.0	14
2802.T	5.4	0.5	1.0	1.0	0.5	1.0	1.5	1.5	1.0	0.5	1.5	2.0	0.5	1.0	1.5	2.0	1.0	0.5	1.0	17
874.HK	5.4	2.0	1.0	1.0	1.0	1.0	0.5	0.5	0.5	0.0	0.5	0.5	2.0	2.0	2.0	2.0	0.5	2.0	0.5	16
FAST.NV	4.2	1.0	1.0	1.0	1.0	0.0	2.0	2.0	0.5	0.0	1.0	1.0	0.0	0.0	1.0	1.0	1.5	1.0	0.0	14
BCML	5.8	2.0	2.0	1.0	0.0	1.5	0.0	0.0	1.5	1.0	0.5	2.0	2.0	1.0	1.5	1.0	0.0	2.0	2.0	16
A7A.DE	3.5	2.0	1.0	1.0	1.0	0.5	0.5	0.0	0.0	1.0	0.5	0.0	1.5	1.0	0.0	1.0	0.0	0.5	1.0	14
WIZZ.L	5.3	2.0	1.0	1.0	2.0	0.5	1.0	0.5	0.0	1.0	2.0	1.0	0.0	0.5	2.0	1.0	0.5	2.0	1.0	14
FE	6.5	1.5	2.0	1.0	1.5	1.0	1.0	2.0	1.5	0.0	1.5	2.0	1.5	1.5	1.5	1.0	1.5	0.0	1.5	18
NBP	4.2	1.0	0.0	1.0	1.0	0.5	1.0	0.0	0.0	0.0	0.5	1.0	2.0	2.0	1.0	1.0	0.0	2.0	1.0	12
MRK.DE	6.9	1.0	1.0	1.0	1.5	1.5	1.0	2.0	1.0	1.0	1.5	2.0	1.5	1.5	1.5	2.0	1.5	1.0	1.5	17
WRKS.L	4.9	1.5	1.0	1.0	1.0	1.0	1.0	0.5	0.5	2.0	0.5	0.0	0.0	2.0	2.0	1.0	0.5	1.0	1.0	15
SAIL	4.7	1.0	1.0	1.0	0.0	0.0	1.5	2.0	0.0	1.0	2.0	1.0	1.5	1.0	1.0	1.0	0.0	0.5	1.5	16
KRC	6.4	1.0	2.0	1.0	1.0	1.5	0.5	2.0	1.5	2.0	1.5	0.0	2.0	1.0	1.0	0.0	2.0	1.0	2.0	17
DANSKE.CO	5.3	0.0	1.0	1.0	1.5	2.0	1.0	0.0	2.0	1.0	1.5	1.5	1.5	1.0	0.0	2.0	0.0	2.0	0.0	15
COST	5.3	0.0	2.0	1.0	1.5	1.0	1.5	0.5	0.5	0.5	2.0	1.5	0.0	0.5	2.0	2.0	0.5	1.0	1.0	18
GRE.MC	5.8	1.0	1.0	1.0	0.0	1.5	2.0	0.0	2.0	0.0	1.5	1.5	1.0	1.0	1.5	1.0	1.5	1.5	2.0	17
EGRX	7.2	2.0	1.0	2.0	1.0	1.0	0.0	2.0	1.5	2.0	1.0	2.0	2.0	2.0	2.0	1.0	1.5	2.0	0.0	15
GLNG	6.5	0.0	2.0	1.0	2.0	2.0	2.0	2.0	2.0	0.0	1.0	0.0	1.5	0.5	0.5	1.5	2.0	1.5	2.0	18
LZB	6.5	1.5	2.0	1.0	0.0	1.0	0.5	1.5	0.5	2.0	0.5	2.0	1.5	2.0	2.0	2.0	0.5	2.0	1.0	18
SCG.ASX	5.6	0.0	1.0	1.0	1.0	2.0	0.5	2.0	2.0	1.0	1.5	0.0	2.0	1.0	0.5	2.0	0.0	0.5	2.0	15
G24.DE	6.9	1.0	1.0	1.0	1.0	2.0	1.5	2.0	2.0	1.5	1.5	1.5	1.0	1.0	1.0	2.0	2.0	0.0	2.0	17
LINC	6.0	1.0	2.0	1.0	0.0	1.0	2.0	2.0	0.5	0.5	1.0	2.0	1.0	1.0	2.0	1.0	1.0	1.0	1.5	18
FHI	8.2	1.5	2.0	1.0	2.0	2.0	1.5	2.0	2.0	2.0	1.0	1.5	1.0	2.0	1.5	2.0	1.5	1.5	1.5	18
COMB.BR	6.7	1.5	1.0	1.0	1.0	1.5	1.0	2.0	0.5	2.0	0.5	1.0	1.5	1.5	2.0	2.0	1.0	1.5	1.5	15
FLG	5.1	2.0	0.0	1.0	0.0	1.0	1.5	0.0	1.5	1.0	1.5	2.0	2.0	1.0	1.0	0.0	0.0	2.0	1.0	16
TSEM	5.6	0.5	0.0	1.0	2.0	1.5	2.0	1.0	1.5	0.5	1.5	2.0	0.5	0.0	0.5	1.0	1.5	1.0	2.0	18
VSNT	7.4	2.0	0.0	1.0	0.0	1.5	0.5	2.0	1.5	2.0	1.0	1.5	2.0	2.0	2.0	2.0	1.5	2.0	2.0	18
A2M.ASX	6.2	1.0	1.0	1.0	1.0	1.0	1.0	1.5	1.0	1.5	1.5	2.0	1.0	1.5	1.5	1.5	1.0	1.5	1.0	16
CR	6.7	1.0	0.0	1.0	1.5	1.5	2.0	1.5	2.0	1.0	1.5	2.0	1.0	1.0	1.5	2.0	1.5	0.5	1.5	18
SNAP	5.6	0.0	0.0	1.0	2.0	0.5	1.5	2.0	0.0	2.0	2.0	1.0	1.0	1.0	2.0	1.0	0.0	2.0	1.0	17
FR.PA	6.7	2.0	1.0	1.0	0.0	1.0	0.5	1.0	0.5	2.0	1.5	2.0	1.5	2.0	2.0	2.0	1.0	2.0	1.0	17
EVRG	6.1	1.0	0.0	1.0	1.0	1.5	1.0	2.0	2.0	0.0	1.5	1.5	1.5	1.5	1.0	1.5	2.0	0.0	2.0	18
CNTM	4.9	2.0	1.0	1.0	1.0	1.0	2.0	1.0	0.0	0.0	1.0	1.0	1.5	1.0	2.0	1.0	0.0	1.0	0.0	14
PUUILO.HE	5.7	1.0	1.0	1.0	1.5	1.5	1.5	1.5	1.5	1.0	0.5	1.5	0.0	1.0	1.5	1.5	1.0	0.5	1.5	17
FN	5.1	0.5	0.0	1.0	2.0	1.5	2.0	0.5	1.0	0.0	1.0	2.0	1.0	0.5	1.5	1.0	1.0	1.0	1.0	18
VRT	6.4	2.0	0.0	1.0	1.5	1.5	2.0	1.5	1.5	1.0	2.0	2.0	0.0	0.0	1.0	2.0	1.5	0.5	2.0	18
WABC	5.6	0.0	0.0	1.0	2.0	2.0	0.5	0.0	2.0	1.0	0.5	1.0	1.5	1.0	1.5	2.0	0.0	2.0	2.0	16
LTC.US	6.8	0.0	2.0	1.0	2.0	2.0	2.0	2.0	2.0	2.0	1.0	0.0	1.5	0.5	1.0	1.0	2.0	0.5	2.0	18
AI	4.3	1.0	1.0	1.0	1.5	0.0	0.0	1.0	0.0	0.5	1.5	1.0	1.5	1.0	1.5	1.0	0.0	2.0	0.0	16
MRO.L	5.4	2.0	1.0	1.0	1.0	1.0	1.0	1.0	1.0	1.5	1.5	0.0	0.0	1.5	1.5	2.0	1.0	0.5	1.0	16
4385.T	5.7	1.0	1.0	1.0	1.0	1.5	2.0	2.0	1.5	0.0	1.5	0.0	1.0	1.0	1.5	1.0	1.5	2.0	0.0	16
MEOH	7.5	2.0	0.0	1.0	2.0	1.0	2.0	1.0	2.0	2.0	1.5	2.0	1.5	2.0	2.0	1.0	1.5	1.0	1.5	18
3750.HK	6.8	1.5	1.0	1.0	0.5	1.5	2.0	1.0	1.5	1.0	1.5	1.5	1.0	1.0	1.5	2.0	1.5	1.5	2.0	17
ALDNE.PA	4.3	1.0	1.0	1.0	1.0	0.0	0.0	2.0	0.0	0.0	0.5	1.0	2.0	2.0	1.0	1.0	0.0	2.0	0.0	14
PRPL	3.6	0.5	1.0	1.0	0.0	0.0	0.5	1.5	0.0	0.0	0.5	1.0	1.0	1.0	2.0	1.0	0.0	2.0	0.0	15
GME	6.4	2.0	1.0	1.0	2.0	2.0	0.0	1.5	1.5	0.5	1.0	1.5	1.5	0.5	1.5	1.0	1.0	2.0	1.5	16
PBI	7.1	2.0	0.0	1.0	0.5	1.5	0.5	2.0	1.5	2.0	1.0	2.0	1.0	2.0	1.5	2.0	1.5	1.5	2.0	17
CNDT	5.4	1.0	2.0	1.0	2.0	0.5	0.0	0.5	0.0	2.0	0.5	1.0	2.0	1.5	2.0	1.0	0.5	2.0	0.0	16
SPT	6.2	2.0	1.0	1.0	2.0	0.5	1.5	2.0	0.0	2.0	1.0	1.0	1.5	1.0	2.0	1.0	0.0	2.0	1.0	16
NOG	5.7	0.0	2.0	1.0	0.5	0.0	1.5	2.0	2.0	0.0	1.0	1.0	1.5	2.0	1.5	0.0	2.0	0.5	2.0	17
4689.T	6.8	0.5	1.0	1.0	2.0	1.0	1.5	2.0	1.5	0.5	1.5	0.0	1.5	1.5	1.5	2.0	1.5	2.0	2.0	17
BUCN.ZU	5.4	0.0	1.0	1.0	1.0	1.0	0.5	2.0	0.5	1.0	1.0	1.5	1.5	1.5	2.0	1.5	0.5	1.0	1.0	16
GIB	6.9	2.0	1.0	1.0	1.0	1.5	1.0	1.0	1.5	2.0	0.5	2.0	1.5	2.0	2.0	2.0	1.0	0.5	1.5	18
SEPL.L	6.4	1.0	1.0	1.0	0.0	1.0	2.0	1.5	2.0	2.0	0.5	0.0	0.0	2.0	2.0	2.0	2.0	1.0	2.0	17
7751.T	5.8	0.5	1.0	1.0	0.0	1.0	1.0	1.5	1.0	1.0	1.5	0.5	1.5	2.0	2.0	2.0	1.0	1.5	1.0	17
RECT.BR	5.8	2.0	1.0	1.0	1.0	0.5	1.5	0.5	0.5	1.0	1.0	2.0	1.5	1.5	2.0	1.0	0.5	1.5	1.0	16
ALPDX.PA	5.6	1.0	1.0	1.0	1.0	1.0	0.5	2.0	0.0	0.0	1.0	1.0	2.0	2.0	2.0	0.0	1.0	2.0	1.5	14
ST5.DE	6.1	1.0	1.0	1.0	1.0	1.0	1.0	1.5	0.5	1.0	0.5	2.0	2.0	1.5	2.0	2.0	0.5	1.5	1.0	14
PETS.US	3.5	1.0	1.0	0.5	0.0	0.0	0.0	1.0	0.0	0.0	0.5	1.0	1.5	1.0	2.0	1.0	0.0	2.0	0.0	16
BLSH	4.9	1.0	2.0	1.0	0.0	0.5	2.0	2.0	0.0	0.0	1.0	1.0	1.5	1.0	0.5	1.0	0.0	1.0	2.0	16
SDG.L	6.2	2.0	1.0	1.0	1.0	1.0	1.0	2.0	0.5	2.0	0.5	2.0	0.0	1.5	2.0	2.0	0.5	1.5	1.0	16
FOUR	6.7	2.0	1.0	1.0	0.0	1.0	2.0	1.5	0.5	2.0	2.0	2.0	1.0	1.5	2.0	1.0	1.0	1.5	1.0	18
2883.HK	6.9	2.0	1.0	1.0	1.0	1.0	0.5	0.5	1.0	1.5	1.5	1.5	2.0	2.0	2.0	2.0	1.5	1.5	1.5	17
NTGR	4.7	2.0	2.0	1.0	0.0	0.5	0.5	1.5	0.0	0.0	0.5	1.0	1.5	1.0	2.0	1.0	0.0	2.0	0.5	17
DOW.ASX	5.6	1.0	1.0	1.0	0.0	1.0	0.5	0.5	0.5	2.0	1.5	2.0	1.5	1.5	2.0	1.0	0.5	1.5	1.0	17
VOW.DE	6.7	2.0	1.0	1.0	1.0	1.0	1.0	0.5	0.5	2.0	1.0	2.0	2.0	1.5	2.0	2.0	0.5	2.0	1.0	16
ALINS.PA	4.4	1.0	1.0	1.0	1.0	0.0	2.0	0.0	0.0	2.0	1.0	1.0	1.0	1.0	1.5	1.0	0.0	1.5	0.0	12
HLN	6.8	1.0	2.0	1.0	1.0	1.5	1.0	2.0	1.5	1.0	1.0	2.0	1.5	1.0	1.5	2.0	1.5	0.5	1.5	17
WCPRF	6.9	0.0	1.0	1.0	1.0	1.5	2.0	2.0	2.0	2.0	1.0	1.0	1.5	2.0	1.5	1.5	2.0	0.0	2.0	14
8604.T	6.4	2.0	1.0	1.0	1.0	1.5	2.0	2.0	2.0	1.0	1.0	0.0	1.5	1.0	1.0	2.0	0.0	2.0	1.0	14
WES	7.1	1.5	2.0	1.0	1.5	2.0	2.0	2.0	2.0	1.0	1.5	1.5	1.0	1.5	1.0	0.0	2.0	0.0	2.0	18
7752.T	6.7	2.0	1.0	1.0	1.0	1.0	1.0	1.0	0.5	1.5	1.0	1.5	2.0	2.0	2.0	2.0	0.5	2.0	1.0	16
TKR	5.7	1.5	0.0	1.0	0.5	1.0	1.0	1.0	1.0	1.0	1.5	2.0	1.5	1.5	1.5	2.0	1.0	0.5	1.0	18
NTDOY	5.1	1.0	1.0	1.0	1.0	0.5	0.5	0.0	2.0	1.0	0.5	2.0	1.0	1.0	1.0	2.0	0.0	2.0	1.0	14
RICK	7.1	2.0	1.0	1.0	1.0	0.5	1.0	2.0	1.5	2.0	1.0	1.0	2.0	1.5	2.0	2.0	1.0	1.5	1.5	14
BBDC	6.4	0.5	2.0	1.0	2.0	2.0	0.0	2.0	2.0	2.0	1.0	1.5	2.0	1.0	1.0	0.0	0.0	1.0	2.0	17
PATH	6.8	2.0	0.0	1.0	1.5	2.0	1.5	2.0	1.0	1.5	1.5	2.0	1.0	0.5	1.5	1.0	1.0	2.0	1.5	18
CELH	6.8	2.0	2.0	1.0	0.0	1.0	1.5	1.5	1.5	1.0	2.0	2.0	1.0	1.5	1.5	1.0	1.5	1.0	1.5	18
ATAI	3.3	1.0	1.0	1.0	1.5	0.5	2.0	0.0	0.0	0.0	1.0	1.0	0.0	1.0	0.0	1.0	0.0	1.0	0.0	16
RGTI	4.2	1.0	2.0	1.0	1.0	0.5	2.0	1.0	0.0	0.5	1.5	1.0	0.5	1.0	0.0	1.0	0.0	1.0	0.0	16
SREN.ZU	6.5	2.0	1.0	1.0	0.0	1.5	0.5	1.0	1.5	1.0	1.5	1.5	1.5	2.0	2.0	2.0	1.0	1.5	1.0	17
WALD	5.3	1.0	1.0	1.0	2.0	0.0	0.5	2.0	0.0	2.0	0.5	1.0	2.0	1.0	2.0	1.0	0.0	2.0	0.0	15
UBSG.ZU	6.8	2.0	0.0	1.0	2.0	1.5	1.5	0.0	2.0	1.0	1.5	2.0	1.5	1.0	1.5	2.0	0.0	2.0	2.0	16
SMT.L	5.3	2.0	1.0	1.0	1.0	1.0	1.0	1.0	1.0	1.0	1.0	1.0	1.0	1.0	1.0	1.0	1.0	1.0	1.0	2
NBA.LS	4.7	2.0	1.0	1.0	1.0	1.0	0.5	1.5	0.5	2.0	1.0	0.0	0.5	0.5	1.5	0.0	0.5	1.5	1.0	15
BGA.ASX	5.4	0.5	1.0	1.0	1.0	1.0	1.0	1.0	0.5	0.5	1.5	2.0	1.5	1.5	2.0	1.5	0.5	1.0	0.5	16
SCAB.ST	5.3	2.0	1.0	1.0	0.0	1.0	0.5	2.0	0.5	0.5	1.5	2.0	2.0	0.0	1.5	1.0	1.0	0.0	1.5	17
MTUS	5.4	2.0	1.0	1.0	1.5	1.0	1.5	0.0	0.5	0.0	0.5	2.0	1.5	1.5	2.0	1.0	0.5	1.5	0.5	17
STT	6.7	2.0	0.0	1.0	2.0	2.0	1.5	0.0	2.0	1.0	1.5	2.0	1.5	1.0	1.0	2.0	0.0	2.0	1.5	16
NWBI	6.0	1.0	0.0	1.0	1.0	2.0	2.0	0.0	2.0	1.0	1.0	2.0	1.5	1.0	1.5	1.5	0.0	1.5	1.5	16
ECO.L	3.3	1.0	1.0	1.0	1.0	0.5	1.0	0.0	0.0	0.0	0.5	1.0	0.0	1.0	1.0	1.0	0.0	1.0	1.0	10
BNJ.NV	7.2	1.0	1.0	1.0	1.0	1.0	2.0	1.5	1.5	2.0	1.0	2.0	1.5	1.5	2.0	1.5	1.0	2.0	1.5	16
WBX	3.9	1.0	1.0	1.0	1.0	0.0	0.0	1.5	0.0	1.0	0.5	1.0	1.0	1.0	1.0	1.0	0.0	1.0	1.0	8
FAE.MC	6.7	2.0	1.0	1.0	1.0	1.5	2.0	2.0	1.5	0.5	0.5	2.0	1.5	1.0	1.5	2.0	1.0	1.0	1.0	16
MUX	5.1	1.0	0.0	1.0	0.0	2.0	2.0	1.5	0.0	0.0	1.0	2.0	1.5	0.0	1.5	1.0	1.0	1.0	2.0	18
SMHI	3.5	1.0	0.0	1.0	0.5	0.5	0.0	0.5	0.0	0.0	0.5	1.0	2.0	1.0	1.5	1.0	0.0	2.0	0.0	16
RELAIS.HE	6.4	1.0	1.0	1.0	0.0	1.0	2.0	1.5	0.5	2.0	1.0	2.0	1.5	1.5	2.0	2.0	0.5	1.5	1.0	17
CTAS	5.7	0.5	1.0	1.0	1.0	1.5	1.5	2.0	1.5	1.0	1.5	1.5	0.0	0.5	1.0	2.0	1.5	0.0	1.5	18
JCI	5.7	1.0	0.0	1.0	1.5	1.5	1.0	1.5	1.5	1.0	2.0	2.0	0.5	0.5	1.5	2.0	1.0	0.0	1.0	18
MFG	6.4	1.0	1.0	1.0	2.0	2.0	2.0	0.0	2.0	1.0	0.5	2.0	1.5	1.0	1.0	2.0	0.0	2.0	1.0	14
MCHP	6.1	2.0	1.0	1.0	2.0	1.0	2.0	2.0	1.5	1.0	2.0	2.0	0.5	0.0	1.0	0.0	1.5	0.0	1.5	18
SG	3.9	0.0	1.0	1.0	0.0	1.0	1.0	0.5	0.0	0.0	1.5	1.0	1.5	1.0	2.0	1.0	0.0	1.5	0.0	17
CSX	7.1	1.0	1.0	1.0	1.5	2.0	1.5	1.5	2.0	1.0	2.0	2.0	0.5	1.0	1.0	2.0	2.0	0.5	2.0	18
RUM	3.1	1.0	1.0	1.0	0.0	0.0	2.0	0.0	0.0	0.0	0.5	1.0	1.5	1.0	0.0	1.0	0.0	1.0	0.0	16
2502.T	6.8	2.0	1.0	1.0	0.0	1.0	1.5	1.5	1.0	1.0	1.5	2.0	2.0	1.5	2.0	2.0	1.0	1.5	1.0	17
CBOT.PA	7.1	2.0	1.0	1.0	1.0	2.0	0.5	2.0	2.0	1.0	0.5	1.0	2.0	1.5	1.0	2.0	2.0	1.0	2.0	16
BYW.DE	5.0	2.0	1.0	1.0	1.0	0.5	1.0	0.5	0.0	2.0	0.5	1.0	1.0	1.0	2.0	1.0	0.0	2.0	0.5	13
CARD.L	6.1	2.0	1.0	1.0	1.0	1.0	1.0	1.0	1.5	2.0	1.0	0.0	0.0	2.0	2.0	2.0	1.0	1.0	1.5	16
EROC	4.3	0.0	1.0	1.0	1.0	0.0	0.0	1.0	0.0	1.0	1.0	2.0	0.0	1.0	2.0	1.0	0.0	1.5	2.0	15
CAVA	4.6	0.0	0.0	1.0	0.0	1.0	2.0	1.5	0.5	0.0	2.0	2.0	0.5	0.0	1.5	1.0	1.0	1.0	1.5	18
ALQWA.PA	4.2	0.0	1.0	1.0	1.0	1.0	0.0	0.0	0.0	1.0	1.0	1.0	2.0	1.0	1.0	0.0	0.5	2.0	1.5	13
WHC.ASX	7.4	1.0	1.0	1.0	1.0	1.0	2.0	1.0	1.0	2.0	1.5	1.5	1.5	2.0	2.0	2.0	2.0	1.5	1.5	16
MGEE	6.1	0.0	2.0	1.0	1.0	1.5	1.0	1.5	1.5	0.0	1.0	1.0	1.5	1.5	1.5	2.0	2.0	0.0	2.0	18
ABS2.DE	5.1	1.5	1.0	1.0	1.0	1.0	0.0	1.0	0.5	0.0	1.0	1.0	1.5	1.5	2.0	2.0	0.5	1.5	0.5	14
SARO	5.8	2.0	0.0	1.0	1.5	1.0	1.0	0.5	1.0	1.5	1.5	2.0	1.5	1.5	2.0	1.0	1.0	0.5	0.5	18
BRVE	3.6	1.0	1.0	1.0	0.0	0.5	1.0	0.0	0.0	1.0	0.5	1.0	1.0	1.0	1.0	1.0	0.0	1.0	1.0	9
CVNA	4.9	0.5	1.0	1.5	0.0	1.0	2.0	0.5	1.0	0.5	2.0	1.5	0.0	1.0	2.0	1.0	1.0	0.5	0.5	18
THEON.NV	6.2	1.0	1.0	0.5	1.0	2.0	2.0	1.0	2.0	0.5	1.0	1.5	1.0	1.0	1.5	2.0	1.5	1.0	1.0	17
TV	5.8	0.0	0.0	1.0	0.0	0.0	0.5	1.5	1.0	2.0	1.0	1.0	2.0	2.0	2.0	1.0	2.0	2.0	2.0	17
LII	6.2	2.0	2.0	1.0	0.0	1.5	1.0	1.0	1.5	1.0	1.5	1.5	0.5	1.5	1.5	2.0	1.5	0.0	1.5	18
CBU	5.8	0.5	1.0	1.0	0.5	2.0	1.5	0.0	2.0	1.0	1.0	1.5	1.5	1.0	1.5	2.0	0.0	1.0	2.0	15
PHM.MC	5.7	2.0	1.0	1.0	0.0	2.0	0.0	2.0	0.0	1.0	1.0	2.0	1.0	0.5	1.0	1.0	1.5	1.5	2.0	17
MNBA.CO	5.7	1.0	1.0	1.5	1.0	1.5	1.0	0.0	2.0	1.0	1.0	1.0	1.5	1.0	1.0	2.0	0.0	2.0	1.0	11
TEL.US	7.4	2.0	2.0	1.0	1.5	1.5	1.5	1.5	1.5	1.0	1.5	2.0	1.0	1.5	1.5	2.0	1.5	0.5	1.5	18
KSB.DE	6.4	1.5	1.0	1.0	1.0	1.0	1.0	2.0	0.5	0.5	0.5	2.0	1.5	2.0	2.0	2.0	1.0	1.5	1.0	16
CATO	5.1	1.5	1.0	1.0	1.0	0.5	0.5	1.0	0.0	1.5	1.0	1.0	2.0	1.0	2.0	1.0	0.0	2.0	0.5	14
VLX.L	5.0	1.0	1.0	1.0	1.0	1.0	1.5	1.0	1.0	0.5	1.0	0.0	0.0	1.5	2.0	2.0	1.0	0.5	1.0	16
WIT	5.8	1.5	0.0	1.0	0.0	1.5	1.5	1.0	1.5	2.0	1.0	1.5	1.5	1.0	1.0	1.0	1.0	2.0	1.0	18
KBCA.BR	3.5	0.0	1.0	1.0	1.0	0.5	1.0	0.0	0.0	1.0	0.5	0.5	1.5	1.0	1.0	1.0	0.0	0.5	1.0	11
ALKEY.PA	4.0	0.5	1.0	1.0	1.0	1.0	0.5	0.0	0.5	0.0	1.0	1.0	1.5	0.0	2.0	1.0	0.5	2.0	0.0	14
AMKR	6.9	2.0	1.0	1.0	2.0	1.0	2.0	0.5	1.0	0.0	1.5	2.0	1.5	1.5	2.0	2.0	1.0	1.5	1.5	18
REI	6.7	1.0	2.0	1.0	2.0	0.0	2.0	2.0	2.0	0.0	0.5	1.0	2.0	2.0	1.5	1.0	2.0	0.0	2.0	16
SAMG	4.9	0.0	1.0	1.0	0.0	1.0	1.0	1.0	0.5	2.0	0.5	2.0	1.5	0.5	2.0	0.0	0.5	2.0	1.0	17
MFIN	7.1	2.0	1.0	1.0	1.5	1.0	1.0	2.0	2.0	0.0	0.5	1.5	2.0	1.0	1.0	2.0	2.0	2.0	2.0	18
ALH	6.1	1.0	2.0	1.0	0.5	1.5	1.0	1.5	1.5	1.5	1.0	2.0	0.5	1.0	1.5	1.0	1.5	0.5	1.5	18
APTV	6.5	2.0	2.0	1.0	0.0	1.0	1.0	0.5	1.0	2.0	1.5	2.0	1.5	2.0	2.0	1.0	1.0	1.0	1.0	18
DNLI	3.9	1.0	1.0	1.0	2.0	0.5	1.0	0.0	0.0	0.0	1.5	1.0	1.0	1.0	0.0	1.0	0.0	2.0	0.0	15
ONTEX.BR	5.7	1.0	1.0	1.0	1.0	0.0	0.5	1.0	0.5	2.0	1.0	1.0	2.0	2.0	2.0	1.0	0.5	2.0	1.0	14
KOD	2.8	1.0	1.0	0.0	0.0	0.5	1.0	0.0	0.0	0.0	1.0	1.0	0.0	1.0	1.0	1.0	0.0	0.5	1.0	13
VSAT	6.0	2.0	2.0	1.0	0.0	0.5	0.5	1.0	0.5	1.0	1.5	1.0	1.5	1.5	1.5	1.0	1.5	1.5	2.0	17
JDW.L	5.0	1.5	1.0	1.0	1.0	1.0	1.0	0.5	0.5	2.0	1.0	0.0	0.0	1.5	2.0	2.0	0.5	0.5	1.0	16
UBK.DE	4.6	1.5	1.0	1.5	1.0	1.0	0.0	0.0	0.5	1.0	0.5	1.5	2.0	1.0	1.0	1.0	0.0	1.0	1.0	11
2423.HK	6.7	2.0	1.0	1.0	2.0	1.0	0.5	1.0	1.0	1.0	1.5	2.0	1.5	1.0	2.0	2.0	0.5	2.0	1.0	17
SAF.PA	6.1	1.0	1.0	1.0	1.0	1.5	1.5	1.5	1.0	1.0	2.0	2.0	0.5	0.5	1.5	2.0	1.0	0.5	1.5	16
ADT	7.6	2.0	1.0	1.0	1.5	1.5	1.0	2.0	1.5	2.0	1.0	2.0	1.5	2.0	1.5	2.0	2.0	0.0	2.0	17
KFY	6.2	1.5	0.0	1.0	1.5	1.0	1.0	1.0	1.0	1.5	0.5	1.5	1.5	1.5	2.0	2.0	1.0	2.0	1.0	18
BALL	6.4	2.0	1.0	1.0	1.0	1.0	1.5	0.5	1.0	1.0	1.5	2.0	1.5	1.5	2.0	2.0	1.0	0.5	1.0	18
NXDT	4.7	1.0	1.0	1.0	1.0	0.0	0.0	2.0	0.5	2.0	1.0	1.0	2.0	0.0	1.0	2.0	1.0	0.5	0.0	13
CNXC	6.1	2.0	2.0	0.5	0.0	0.0	1.0	1.0	0.5	2.0	0.5	1.0	2.0	2.0	2.0	2.0	1.0	1.5	1.0	17
VLA.PA	3.6	1.0	1.0	1.0	2.0	0.0	0.0	0.0	0.0	0.0	1.0	1.0	0.5	1.0	1.5	1.0	0.0	2.0	0.0	16
UMI.BR	6.0	0.5	1.0	1.0	1.0	1.0	2.0	0.0	0.5	2.0	1.5	0.5	1.5	2.0	2.0	2.0	0.5	2.0	0.5	16
ASPL.L	6.8	2.0	1.0	1.0	1.0	2.0	1.0	2.0	0.5	2.0	1.0	1.0	2.0	2.0	1.5	1.0	2.0	1.5	0.0	13
IDX.ASX	5.7	0.5	1.0	1.0	1.0	1.0	1.0	1.0	1.0	1.5	1.5	2.0	1.5	1.5	2.0	0.0	1.0	1.0	1.0	16
GVS.MI	6.9	1.0	1.0	2.0	1.0	1.0	1.0	2.0	1.5	2.0	1.0	2.0	1.5	1.5	1.5	1.0	1.5	1.0	1.5	17
SW.PA	5.3	0.5	1.0	1.0	1.0	1.0	0.5	0.5	0.5	1.5	1.5	1.5	1.5	1.5	2.0	1.0	0.5	1.5	0.5	16
RELY	6.1	1.0	2.0	1.0	0.0	1.5	2.0	2.0	1.0	1.0	1.0	1.5	1.0	0.5	1.5	1.0	1.0	1.5	1.5	18
PFLT	6.0	2.0	1.0	1.0	0.5	1.5	1.0	2.0	2.0	2.0	1.0	2.0	2.0	1.0	1.0	0.0	0.0	1.5	0.0	16
FSS	6.0	1.5	0.0	1.0	1.5	1.5	1.5	1.0	1.5	1.0	1.0	1.5	1.0	1.0	1.5	2.0	1.5	0.0	1.5	18
ALCO	3.6	0.0	0.0	1.0	0.0	1.0	1.0	0.0	1.5	1.5	0.5	1.0	1.5	0.0	0.5	1.0	1.0	1.5	0.0	17
PLAB	6.0	0.5	0.0	1.0	2.0	1.5	1.0	1.0	1.5	0.5	0.5	0.0	1.5	2.0	2.0	1.0	1.5	2.0	2.0	18
7267.T	6.2	0.5	1.0	1.0	2.0	0.5	1.5	0.5	1.0	1.0	1.5	1.0	2.0	1.5	2.0	2.0	0.5	2.0	1.0	16
NOVT	5.1	0.0	0.0	1.0	1.5	1.0	1.5	1.5	1.0	1.0	0.5	2.0	1.0	0.5	1.5	1.0	1.0	1.5	1.0	18
PNV.ASX	5.3	1.0	1.0	1.0	1.0	1.0	1.5	2.0	1.0	0.0	1.0	2.0	0.5	0.0	1.5	1.0	1.0	1.0	1.5	16
NMIH	7.9	2.0	2.0	1.0	1.0	2.0	1.0	2.0	2.0	2.0	1.0	1.5	1.5	2.0	1.5	1.0	2.0	1.0	2.0	18
2899.HK	6.9	1.5	1.0	1.0	0.0	1.5	1.0	1.0	2.0	1.5	1.5	1.5	1.0	2.0	1.5	2.0	1.5	1.5	2.0	17
LOTB.BR	5.3	0.0	1.0	1.0	1.0	1.5	1.5	1.5	1.5	0.5	1.5	1.5	0.0	0.0	1.0	2.0	1.5	0.5	1.5	16
NWN	6.0	1.0	2.0	1.0	0.5	1.0	1.0	1.5	1.0	0.0	1.0	1.5	1.5	1.5	1.5	1.5	2.0	0.5	1.5	18
HE1.L	3.5	1.0	1.0	1.0	1.0	0.5	1.0	0.0	0.0	0.0	0.5	1.0	0.0	1.0	1.0	1.0	0.0	1.5	1.0	11
AKA.US	4.7	1.0	1.0	1.0	0.0	0.5	0.5	2.0	0.5	2.0	0.5	1.0	1.5	0.0	2.0	1.0	0.5	1.5	0.5	15
ILU.ASX	4.9	2.0	1.0	1.0	1.0	0.0	0.0	1.5	0.0	0.0	1.5	1.0	1.5	0.5	1.5	2.0	1.0	0.5	1.5	15
LYNX	4.4	1.0	1.0	1.0	1.0	0.5	2.0	1.0	0.5	1.0	1.0	1.0	0.0	0.0	1.5	1.0	1.0	0.5	1.0	13
UVV	4.7	0.0	1.0	1.0	0.0	1.0	0.0	0.5	0.5	2.0	0.5	2.0	2.0	1.5	2.0	0.0	0.5	1.5	1.0	17
7911.T	6.0	2.0	1.0	1.0	0.0	1.0	1.5	1.0	0.5	1.0	1.0	1.5	2.0	1.0	2.0	2.0	0.0	2.0	1.0	14
9766.T	7.5	1.0	1.0	1.0	2.0	2.0	2.0	2.0	2.0	1.0	1.5	0.0	1.0	1.5	1.5	2.0	2.0	1.5	2.0	17
ADYEN.NV	7.5	2.0	1.0	1.0	1.0	2.0	1.5	2.0	2.0	0.0	2.0	2.0	1.0	1.5	1.0	1.0	2.0	2.0	2.0	16
POWI	5.1	1.0	1.0	1.0	2.0	1.0	1.0	2.0	0.5	1.0	0.5	2.0	1.0	0.0	1.0	0.0	1.0	1.0	1.5	17
UHAL.B	5.0	1.0	1.0	1.0	1.0	1.0	1.0	1.0	1.0	1.0	1.0	1.0	1.0	1.0	1.0	1.0	1.0	1.0	1.0	1
CWY.ASX	5.7	1.0	1.0	1.0	1.0	1.0	1.5	1.0	1.0	1.0	1.5	2.0	1.5	1.5	2.0	0.0	1.0	0.5	1.0	16
HE	5.0	0.0	1.0	1.0	0.0	1.0	2.0	0.5	0.5	2.0	0.5	0.0	2.0	2.0	2.0	1.0	1.0	1.5	0.0	18
ALDRV.PA	4.7	1.0	1.0	1.0	1.0	0.0	1.5	1.5	0.0	1.0	1.0	1.0	2.0	1.0	1.0	1.0	0.0	1.0	1.0	8
SBT.PA	6.0	1.5	1.0	1.0	1.0	1.0	0.0	2.0	1.0	1.5	0.5	1.5	1.5	1.5	1.5	1.0	1.5	1.0	1.5	16
TIGR	7.2	2.0	1.0	1.0	2.0	1.5	2.0	2.0	2.0	1.0	1.5	2.0	2.0	1.0	1.0	1.0	0.0	2.0	1.0	14
RIOT	3.6	1.0	1.0	1.0	0.0	0.0	1.5	1.0	0.0	0.0	2.0	1.0	1.0	1.0	0.5	1.0	0.0	1.0	0.0	16
CLPT	3.5	2.0	1.0	1.0	0.0	0.0	1.5	2.0	0.0	0.0	0.5	1.0	0.0	1.0	0.5	1.0	0.0	1.0	0.0	16
SRT.DE	6.1	2.0	1.0	1.0	0.5	1.0	1.0	1.5	1.5	1.0	1.0	2.0	1.0	0.5	1.0	2.0	1.5	0.5	2.0	17
KARD	4.3	1.0	1.0	1.0	1.0	0.5	1.0	0.0	0.0	1.0	0.5	1.0	1.5	1.0	1.0	1.0	0.0	2.0	1.0	10
LUNR	3.9	1.0	2.0	1.0	0.0	0.0	2.0	0.5	0.0	0.0	1.0	1.0	1.0	1.0	1.0	1.0	0.0	1.5	0.0	15
MAR	6.7	1.0	1.0	1.0	0.5	2.0	1.5	2.0	2.0	1.0	2.0	2.0	1.0	0.5	0.5	2.0	2.0	0.0	2.0	17
6098.T	6.0	1.0	1.0	1.0	2.0	1.5	1.5	2.0	1.5	1.0	1.5	0.5	0.0	0.5	1.0	2.0	1.5	0.5	1.5	17
VEA.ASX	6.2	1.0	1.0	1.0	2.0	1.0	1.5	0.5	0.5	2.0	1.0	2.0	1.5	2.0	2.0	2.0	0.5	0.5	0.5	17
7261.T	6.4	2.0	1.0	1.0	0.0	1.0	1.5	0.5	0.5	2.0	1.5	2.0	2.0	2.0	2.0	1.0	0.5	2.0	0.5	17
LEGN	5.4	1.0	2.0	1.0	0.0	0.5	2.0	2.0	1.0	0.5	1.5	1.0	1.5	1.0	1.5	1.0	0.0	2.0	0.0	16
RWAY.MI	6.7	1.5	1.0	1.0	1.0	2.0	1.0	2.0	2.0	2.0	1.0	1.5	0.5	1.5	1.5	0.0	2.0	0.5	2.0	16
BROS	5.4	1.5	0.0	1.0	0.5	1.0	2.0	1.0	1.0	0.5	2.0	2.0	0.5	1.0	1.5	1.0	1.0	0.5	1.5	18
RNG	6.7	2.0	0.0	1.0	1.5	1.0	1.0	2.0	1.0	2.0	1.5	2.0	1.0	1.0	1.5	2.0	1.0	0.5	2.0	17
GENL.L	4.2	1.0	1.0	1.0	1.0	0.0	0.0	2.0	0.0	0.0	0.5	1.0	0.0	0.0	2.0	1.0	0.5	2.0	2.0	14
RY	5.4	1.0	0.0	1.0	1.5	2.0	1.0	0.0	2.0	1.0	0.5	2.0	1.5	1.0	1.0	2.0	0.0	2.0	0.0	16
RMD	6.8	1.5	1.0	1.0	0.0	2.0	1.0	2.0	2.0	1.0	1.5	2.0	1.0	1.0	1.0	2.0	2.0	0.5	2.0	18
ALIT	6.0	1.0	2.0	1.0	0.0	0.0	0.5	1.5	0.0	2.0	0.5	1.0	2.0	2.0	2.0	1.0	1.5	2.0	1.5	16
NOAH	6.7	2.0	0.0	1.0	1.0	2.0	0.5	2.0	2.0	1.0	0.5	2.0	2.0	1.0	1.0	1.0	2.0	2.0	1.0	15
RELX	5.7	1.5	1.0	1.0	1.0	2.0	1.0	2.0	2.0	1.0	0.5	2.0	0.0	0.0	0.0	2.0	1.5	0.0	2.0	16
FNKO	4.9	1.0	0.0	1.0	0.0	0.5	1.0	1.5	0.0	2.0	0.5	1.0	1.5	1.5	2.0	1.0	0.5	1.5	1.0	16
QIA.DE	7.4	1.5	1.0	1.0	1.5	1.5	1.0	2.0	2.0	1.0	1.0	2.0	1.5	1.5	1.5	2.0	1.5	1.0	2.0	18
8795.T	6.1	2.0	1.0	1.0	0.5	1.0	0.0	1.0	1.5	1.0	1.5	0.5	1.5	2.0	2.0	2.0	1.0	1.5	1.0	15
WHATS.BR	5.8	0.5	1.0	1.0	1.0	1.0	1.5	1.0	0.5	2.0	1.0	2.0	1.5	2.0	2.0	1.0	0.5	1.0	0.5	13
ITT	6.2	1.0	2.0	1.0	1.5	1.0	2.0	1.0	1.0	0.5	1.5	2.0	1.0	0.5	1.5	2.0	1.5	0.5	1.0	18
AMPX	3.5	1.0	0.0	1.0	2.0	0.0	2.0	1.0	0.0	0.0	1.0	1.0	0.0	1.0	0.5	1.0	0.0	1.0	0.0	16
AMTM	6.1	1.0	2.0	1.0	0.5	1.0	0.5	0.5	0.5	2.0	1.5	2.0	2.0	2.0	2.0	1.0	0.5	1.5	0.5	18
CSAN	6.1	1.0	1.0	1.0	1.0	0.0	1.0	1.0	2.0	0.0	0.5	1.0	1.5	2.0	2.0	1.0	2.0	2.0	2.0	14
REX	6.1	1.0	1.0	1.0	1.0	1.5	1.5	1.0	1.5	1.0	1.0	0.0	1.5	1.5	2.0	1.0	1.0	2.0	1.5	15
HTH	5.4	2.0	2.0	1.0	0.5	1.5	1.0	0.0	1.5	1.0	0.5	0.5	1.5	1.0	1.5	2.0	0.0	2.0	0.0	16
VTOL	5.7	1.5	0.0	1.0	0.5	1.0	1.0	1.0	1.0	0.0	0.5	2.0	1.5	1.5	2.0	2.0	1.0	2.0	1.0	18
SBNY	6.9	2.0	1.0	1.0	1.0	2.0	1.5	0.0	2.0	1.0	1.0	2.0	2.0	1.0	1.5	2.0	0.0	2.0	2.0	13
LSL.L	5.7	1.0	1.0	1.0	1.0	1.0	1.0	2.0	1.0	2.0	0.5	0.0	0.0	1.5	2.0	1.5	1.0	2.0	1.0	16
CRM	8.2	2.0	2.0	1.0	1.5	2.0	1.5	2.0	1.5	2.0	2.0	2.0	1.0	1.0	1.5	2.0	1.5	1.0	2.0	18
CDZI	2.6	1.0	2.0	1.0	0.0	0.5	0.0	1.0	0.0	0.0	0.5	1.0	0.0	1.0	0.0	1.0	0.0	0.5	0.0	17
IBRX	4.0	1.0	1.0	1.0	2.0	0.5	2.0	2.0	0.0	0.0	0.5	1.0	1.0	1.0	0.0	1.0	0.0	0.5	0.0	15
NESTE.HE	6.9	2.0	1.0	1.0	2.0	1.0	2.0	1.0	1.5	1.0	1.5	2.0	1.0	1.5	2.0	2.0	1.0	0.5	1.0	17
IMUX	5.1	1.0	2.0	1.0	2.0	0.5	1.0	0.0	0.0	0.0	1.5	1.0	1.5	2.0	1.0	1.0	0.0	2.0	1.0	13
PAYO	6.0	0.0	2.0	1.0	2.0	1.0	1.0	2.0	0.5	0.0	0.5	2.0	1.0	1.5	2.0	1.0	1.0	1.5	1.5	18
WEHB.BR	6.9	1.5	1.0	1.0	1.0	2.0	1.5	2.0	2.0	2.0	0.5	1.5	2.0	1.0	0.5	1.0	2.0	0.5	2.0	16
ALBPS.PA	3.8	1.0	1.0	1.0	1.0	0.5	1.0	0.0	0.0	0.0	1.0	1.0	1.0	1.0	1.0	1.0	0.0	1.0	1.0	9
AC.PA	5.3	1.5	1.0	1.0	1.0	1.0	1.0	1.0	1.0	0.0	1.5	2.0	1.0	1.0	1.5	0.0	1.0	1.5	1.0	16
GTK.DE	4.6	1.0	1.0	1.0	1.0	0.0	0.0	1.5	0.0	1.0	1.0	1.0	2.0	0.5	2.0	1.0	0.5	1.0	1.0	11
WINE.L	5.0	1.0	1.0	1.0	1.0	0.5	0.0	1.5	0.5	2.0	0.5	1.0	0.0	1.5	2.0	1.0	0.5	2.0	1.0	14
RXT	4.2	0.0	1.0	1.0	0.0	0.5	1.0	0.5	0.0	2.0	0.5	1.0	1.0	1.0	2.0	1.0	0.5	1.5	0.5	15
UAVS	4.0	1.0	1.0	1.0	1.0	0.0	0.0	1.5	0.0	0.0	1.0	1.0	1.5	1.0	1.5	1.0	0.0	2.0	0.0	13
CLAR	5.4	0.5	1.0	1.0	1.0	0.0	1.0	1.5	0.5	2.0	1.0	1.0	2.0	0.0	2.0	2.0	0.5	2.0	0.5	16
ORKA	3.5	1.0	0.0	1.0	0.0	0.5	1.0	0.0	0.0	0.0	1.5	1.0	1.0	1.0	1.0	1.0	0.0	1.5	1.0	13
CTMX	4.6	1.0	2.0	1.0	2.0	0.5	0.0	2.0	0.0	0.0	1.0	1.0	1.5	1.0	0.5	1.0	0.0	2.0	0.0	16
VH2.DE	7.5	1.5	1.0	1.0	1.0	1.5	1.5	2.0	1.5	2.0	0.5	1.5	1.0	2.0	2.0	2.0	1.5	1.5	2.0	16
PERI	5.4	2.0	2.0	1.0	0.0	0.5	0.5	1.0	0.0	2.0	0.5	1.0	2.0	1.0	2.0	1.0	0.0	2.0	1.0	17
FDJU.PA	5.8	0.0	1.0	1.0	1.0	1.0	0.5	1.5	1.0	2.0	1.5	2.0	0.5	2.0	2.0	0.0	1.5	1.5	1.0	16
AZE.BR	6.1	0.5	1.0	1.0	1.0	1.0	1.0	1.0	1.0	1.5	1.5	2.0	1.5	1.5	2.0	2.0	0.5	1.0	1.0	16
GOOS	6.4	1.0	1.0	1.0	0.0	1.0	1.5	2.0	0.0	2.0	1.0	2.0	1.5	2.0	2.0	1.0	1.0	2.0	1.0	17
AMSF	6.2	1.0	2.0	1.0	0.0	1.5	1.5	1.0	1.5	2.0	0.5	0.0	1.5	2.0	2.0	1.5	1.0	1.5	1.0	18
VRM	6.0	1.0	1.0	1.0	1.0	0.0	0.5	2.0	2.0	2.0	1.0	1.0	2.0	0.0	1.5	1.0	0.5	2.0	2.0	13
PBR	8.3	0.0	1.0	1.0	2.0	2.0	2.0	2.0	2.0	2.0	1.5	1.0	1.5	2.0	2.0	2.0	2.0	2.0	2.0	18
AMV0.DE	5.1	1.0	1.0	1.0	0.0	0.5	0.0	0.5	0.0	2.0	1.5	1.0	2.0	2.0	2.0	1.0	0.5	2.0	0.5	15
ARMK	5.3	2.0	0.0	1.0	1.0	1.0	1.0	0.5	0.5	1.0	1.5	2.0	1.0	1.0	2.0	2.0	0.5	0.5	0.5	18
4578.T	6.8	1.5	1.0	1.0	2.0	1.5	1.5	2.0	1.5	0.5	1.5	0.0	1.5	1.5	1.5	2.0	1.5	1.0	1.5	17
SSB	6.7	1.5	2.0	1.0	1.0	2.0	0.5	0.0	2.0	1.0	1.5	1.5	1.5	1.0	1.5	2.0	0.0	2.0	2.0	16
1038.HK	5.1	0.5	1.0	1.0	1.0	2.0	1.0	0.5	1.5	0.0	1.5	0.0	1.5	0.0	0.0	2.0	1.0	2.0	2.0	16
CRCL	4.9	0.0	2.0	1.0	2.0	1.5	1.0	1.0	0.5	0.5	2.0	0.0	0.5	0.0	1.0	1.0	0.5	1.0	2.0	18
ORLY	6.0	1.0	0.0	1.0	1.5	1.5	1.0	2.0	1.5	1.0	2.0	1.5	1.0	1.0	1.5	1.0	1.5	0.0	1.5	17
DRVN	6.7	2.0	1.0	1.0	0.0	1.0	1.0	1.5	1.5	2.0	1.5	2.0	1.5	1.5	1.5	1.0	1.5	1.0	1.5	18
ITW	6.0	0.5	1.0	1.0	1.5	1.5	1.0	1.5	2.0	1.0	1.5	1.5	0.0	1.0	1.0	2.0	1.5	0.5	1.5	18
ECPG	6.4	2.0	0.0	1.0	2.0	1.5	1.5	2.0	2.0	0.0	0.5	1.0	1.5	1.5	1.5	1.0	2.0	1.0	1.0	18
NMRK	6.9	1.0	2.0	1.0	0.5	1.0	1.5	2.0	0.5	2.0	1.0	2.0	1.5	1.5	2.0	2.0	1.0	1.0	1.5	18
DLX.DE	6.5	1.5	1.0	1.0	1.0	1.0	1.5	1.5	0.5	1.5	0.5	1.0	2.0	2.0	2.0	2.0	0.5	2.0	1.0	16
BON.PA	5.7	1.5	1.0	1.0	1.0	1.0	0.5	1.0	0.5	0.0	1.0	2.0	2.0	2.0	2.0	2.0	0.5	1.0	0.5	16
DPLM.L	5.0	0.0	1.0	1.0	1.0	1.5	1.5	1.5	1.5	1.0	1.5	0.0	0.0	0.5	1.0	2.0	1.5	0.0	1.5	16
CLASb.ST	6.0	0.5	1.0	1.0	2.0	1.0	1.5	1.5	1.0	1.5	0.5	1.5	0.5	1.0	1.5	2.0	1.0	1.0	1.5	17
BCH.US	5.1	0.5	2.0	1.0	0.5	2.0	1.5	0.0	0.0	1.0	1.5	1.5	2.0	1.0	1.0	1.0	0.0	1.0	1.0	13
BAM	6.1	1.5	1.0	1.0	0.5	2.0	2.0	2.0	2.0	1.0	1.5	1.5	0.5	0.5	0.5	0.0	2.0	0.5	2.0	17
AAMI	5.4	0.5	0.0	1.0	2.0	1.5	2.0	1.5	1.5	1.5	0.5	2.0	0.0	0.5	1.0	2.0	1.5	0.5	0.0	18
NPK	5.3	1.0	1.0	1.0	1.0	1.0	2.0	0.5	1.0	0.5	1.0	0.0	1.5	1.0	2.0	2.0	1.0	0.5	1.0	15
BEZ.DE	5.1	0.0	1.0	2.0	1.0	1.0	0.0	1.5	0.5	1.0	0.5	2.0	1.5	2.0	2.0	0.0	0.5	1.0	1.0	16
3800.HK	4.9	0.0	1.0	1.0	1.0	0.0	1.0	0.5	0.0	1.0	1.5	1.0	2.0	1.0	1.5	1.0	1.0	2.0	1.0	13
ACGL	6.9	1.5	1.0	1.0	1.0	2.0	0.0	1.5	2.0	2.0	1.5	0.0	1.5	2.0	2.0	1.0	1.5	1.5	2.0	18
LAC	4.6	1.0	1.0	1.0	2.0	0.5	1.0	0.0	0.0	0.0	1.0	1.0	2.0	1.0	1.0	1.0	0.0	2.0	1.0	13
9992.HK	7.2	1.5	1.0	1.0	1.0	2.0	2.0	2.0	2.0	1.0	2.0	0.5	0.5	1.5	1.5	2.0	2.0	1.0	1.5	16
FFIN	5.8	0.5	1.0	1.0	1.5	2.0	1.0	0.0	2.0	1.0	1.0	1.5	1.5	1.0	1.0	2.0	0.0	1.0	2.0	16
ACT.DE	5.8	1.0	1.0	1.0	1.0	1.5	1.0	2.0	1.0	0.0	1.0	1.5	1.0	1.5	1.5	2.0	1.0	0.5	1.5	16
TLN	4.4	1.0	0.0	1.0	0.0	0.5	2.0	1.5	0.0	2.0	1.5	1.0	0.5	0.0	1.0	1.0	1.0	0.5	1.5	16
DB1.DE	6.9	0.5	1.0	1.0	1.5	2.0	1.5	2.0	2.0	1.0	1.5	1.5	1.0	1.0	1.0	2.0	2.0	0.5	2.0	17
00019.HK	6.5	2.0	1.0	1.0	1.0	1.0	1.0	1.5	1.0	1.0	1.0	2.0	2.0	1.0	1.5	2.0	1.0	1.0	1.5	16
ATMU	6.2	1.0	2.0	1.0	0.5	1.5	1.5	1.0	1.5	1.0	1.0	2.0	0.5	1.5	1.5	2.0	1.0	1.0	1.0	18
HOG	5.6	1.0	0.0	1.0	0.5	1.0	0.5	1.0	0.5	1.0	1.5	1.5	2.0	1.5	2.0	2.0	1.0	2.0	0.0	18
RS1.L	5.1	2.0	1.0	1.0	1.0	1.0	1.0	1.5	1.0	1.0	1.5	0.0	0.0	1.0	2.0	1.5	0.5	0.5	1.0	16
RSG	6.0	0.5	0.0	1.0	1.0	1.5	1.0	1.5	1.5	1.0	2.0	1.5	1.0	1.0	1.5	2.0	1.5	0.0	2.0	18
ES	6.8	1.0	1.0	1.0	0.5	1.5	1.0	2.0	1.5	1.0	1.5	2.0	1.5	1.5	1.5	1.0	2.0	1.0	2.0	18
GAM.PA	6.7	0.5	1.0	1.0	1.0	0.5	2.0	2.0	2.0	2.0	1.0	1.0	1.5	1.0	2.0	1.0	1.0	1.5	2.0	14
GSHD	6.0	0.5	1.0	1.0	0.0	1.0	2.0	1.5	1.5	1.0	1.5	2.0	1.0	1.5	1.5	1.0	1.5	0.5	1.5	17
VANI	3.8	1.0	1.0	1.0	1.0	0.5	1.0	0.0	0.0	0.0	0.5	1.0	1.0	1.0	1.0	1.0	0.0	1.5	1.0	12
MKL	6.5	1.0	2.0	1.0	0.5	1.5	1.5	2.0	2.0	0.0	1.0	0.0	1.5	2.0	2.0	1.0	1.5	2.0	1.0	18
DAC	7.2	2.0	1.0	1.0	1.0	2.0	1.0	2.0	2.0	1.0	0.5	0.0	2.0	2.0	1.5	2.0	2.0	1.0	2.0	15
ALFA.ST	5.8	1.0	1.0	1.0	0.5	1.5	1.0	1.5	1.5	1.0	1.5	1.5	1.0	1.0	1.5	2.0	1.0	0.5	1.0	17
OKUR	4.6	1.0	1.0	0.5	2.0	0.5	1.0	0.0	0.0	0.0	0.5	1.0	2.0	2.0	1.0	1.0	0.0	2.0	1.0	13
KHC	6.2	2.0	1.0	1.0	0.0	0.0	0.5	1.0	1.5	2.0	1.5	1.0	2.0	1.5	2.0	1.5	1.5	1.0	1.5	17
ACT	6.9	2.0	1.0	1.0	1.0	2.0	1.0	2.0	2.0	2.0	1.0	1.5	1.5	1.0	1.0	2.0	0.0	1.0	2.0	17
LYV	4.3	0.0	0.0	1.0	0.0	1.0	1.0	1.0	0.5	1.0	2.0	1.0	0.0	0.5	2.0	1.0	0.5	2.0	1.0	17
HUN	5.0	1.0	0.0	1.0	0.0	0.5	1.5	0.5	0.5	2.0	1.5	1.0	2.0	1.5	2.0	0.0	0.5	2.0	0.5	17
JBGS	5.1	1.0	1.0	1.0	1.0	0.0	1.0	1.5	0.5	2.0	0.5	1.0	2.0	1.0	1.0	0.0	2.0	1.0	1.0	15
ET	6.8	2.0	2.0	1.0	2.0	1.0	2.0	0.5	1.0	1.0	2.0	1.5	1.5	1.5	2.0	1.0	1.0	0.5	1.0	18
BLDP	4.6	0.5	1.0	1.0	2.0	0.0	1.5	0.5	0.0	0.0	1.5	1.0	1.5	1.0	2.0	1.0	0.0	2.0	0.0	16
1072.HK	5.1	0.0	1.0	1.0	1.0	1.0	0.5	0.5	0.5	0.5	1.5	1.5	1.5	1.5	2.0	1.5	0.5	2.0	0.5	16
PAT.PA	7.1	2.0	1.0	1.0	1.0	2.0	2.0	2.0	2.0	1.0	1.0	0.5	2.0	1.0	1.0	2.0	2.0	1.0	1.0	10
9107.T	6.2	0.0	1.0	1.0	2.0	1.5	1.5	0.5	0.5	1.0	1.5	2.0	1.5	1.0	2.0	2.0	1.0	1.5	1.0	15
TSBK	6.1	0.5	1.0	1.0	1.0	2.0	1.0	0.0	2.0	1.0	1.0	1.0	1.5	1.0	2.0	2.0	0.0	2.0	2.0	12
AGFB.BR	5.3	2.0	1.0	0.0	1.0	0.0	0.5	1.0	0.5	2.0	0.5	1.0	2.0	1.5	2.0	1.0	0.5	2.0	0.5	16
LUV	6.4	2.0	2.0	1.0	0.0	1.0	1.5	1.0	0.5	0.0	2.0	2.0	1.5	1.5	2.0	2.0	0.5	1.5	1.0	18
BBY	6.4	1.0	1.0	1.0	2.0	1.0	1.0	1.0	0.5	1.5	2.0	1.5	1.0	2.0	2.0	1.5	0.5	1.5	1.0	18
PVLA	3.9	1.0	2.0	1.0	0.0	0.5	1.0	0.0	0.0	0.0	1.5	1.0	0.5	1.0	1.0	1.0	0.0	1.5	1.0	12
ALKLA.PA	5.4	1.0	1.0	1.0	1.0	0.5	0.0	0.0	2.0	2.0	1.0	1.0	1.5	2.0	2.0	1.0	1.0	1.0	0.5	13
WMK	5.6	1.0	1.0	1.0	1.0	1.0	1.0	1.0	0.5	1.0	1.0	1.0	1.5	2.0	2.0	2.0	0.5	1.0	0.5	12
PINE.L	4.4	2.0	1.0	1.0	1.0	2.0	1.0	2.0	0.0	1.0	0.5	0.0	0.0	0.0	0.5	1.0	0.5	1.0	1.5	15
SWMR	3.6	1.0	1.0	1.0	0.0	0.5	2.0	1.5	0.0	1.0	0.5	1.0	0.5	1.0	0.0	1.0	0.0	1.0	0.0	14
SGRO.L	5.3	0.5	1.0	1.0	1.0	2.0	1.0	2.0	2.0	1.0	1.5	0.0	0.0	0.0	0.0	1.5	2.0	0.5	2.0	16
RRGB	4.6	1.5	1.0	1.0	1.5	0.5	0.5	0.5	0.5	0.0	0.5	1.0	1.0	1.5	2.0	1.0	0.5	1.5	0.5	16
ACRS	3.6	1.0	2.0	1.0	1.5	0.5	0.5	0.0	0.0	0.0	1.5	1.0	0.5	1.0	0.0	1.0	0.0	1.5	0.0	16
CRSP	4.3	1.0	1.0	1.0	2.0	0.5	2.0	0.0	0.0	0.0	1.5	1.0	1.5	1.0	0.0	1.0	0.0	2.0	0.0	16
LIND	5.6	1.0	0.0	1.0	2.0	0.5	1.5	1.5	0.5	1.5	1.0	1.0	1.0	1.0	1.5	1.0	1.0	1.5	1.5	15
RMAX	6.5	1.0	1.0	1.0	1.5	0.5	0.5	2.0	1.5	2.0	0.5	1.0	2.0	2.0	2.0	1.0	1.5	1.5	1.0	14
CKN.L	6.4	1.0	1.0	1.0	1.0	1.5	2.0	2.0	1.0	1.5	1.0	0.0	0.0	1.5	2.0	2.0	1.0	2.0	1.5	16
INSE	6.0	1.0	1.0	1.0	0.0	0.5	0.0	2.0	1.5	2.0	1.0	1.0	1.0	2.0	2.0	1.0	1.5	2.0	1.0	15
BUR	4.4	1.0	1.0	1.0	0.0	0.5	0.0	0.0	2.0	0.0	1.0	1.0	1.5	1.0	1.0	2.0	0.0	2.0	1.0	14
PGNY	6.2	0.5	2.0	1.0	0.5	1.0	1.0	1.0	1.0	2.0	1.5	2.0	1.0	1.5	2.0	1.0	0.5	1.5	1.5	18
5831.T	5.7	1.0	1.0	1.0	1.0	2.0	2.0	0.0	2.0	1.0	1.0	0.0	1.5	1.0	1.0	2.0	0.0	2.0	1.0	13
HIMS	5.1	0.5	2.0	1.0	0.0	0.5	2.0	2.0	0.0	2.0	1.5	1.0	0.0	1.0	1.5	1.0	0.0	1.5	1.0	17
WOSG.L	5.1	1.5	1.0	1.0	1.0	1.0	1.5	0.5	1.0	1.5	1.5	0.0	0.0	1.5	2.0	1.0	1.0	0.5	1.0	16
EVT.DE	4.0	1.5	1.0	1.0	1.0	0.0	0.0	0.0	0.0	0.0	1.0	1.0	2.0	1.0	2.0	1.0	0.0	2.0	0.0	15
OTIS	6.1	1.0	2.0	1.0	0.0	1.5	1.0	1.0	1.5	1.5	1.5	1.5	1.0	1.5	1.5	2.0	1.0	0.5	1.0	17
BOKF	6.2	1.5	0.0	1.0	1.5	2.0	1.5	0.0	2.0	1.0	1.0	1.0	1.5	1.0	1.5	2.0	0.0	2.0	2.0	16
QBY0.DE	4.9	2.0	1.0	1.0	0.0	1.0	0.5	0.5	0.0	1.0	0.5	1.0	2.0	0.5	2.0	1.0	0.5	2.0	1.0	16
LKFN	6.2	1.5	2.0	1.0	1.0	2.0	1.0	0.0	2.0	1.0	0.5	1.0	1.5	1.0	1.5	2.0	0.0	1.5	2.0	16
0916.HK	7.1	2.0	1.0	1.0	1.0	1.5	0.5	2.0	2.0	0.0	1.5	1.5	2.0	1.5	1.0	2.0	2.0	1.0	2.0	16
REAL	4.9	1.0	0.0	1.0	2.0	0.0	1.5	2.0	0.0	1.0	1.0	1.0	1.0	0.0	2.0	1.0	0.5	1.5	1.0	15
2002.T	5.8	0.5	1.0	1.0	1.0	1.0	1.0	1.0	0.5	1.0	1.0	1.5	1.5	2.0	2.0	2.0	0.5	1.5	1.0	14
HBR.L	6.9	1.0	1.0	1.0	1.0	1.0	2.0	1.5	2.0	2.0	1.5	0.0	0.0	2.0	2.0	1.0	2.0	2.0	2.0	16
LION	4.9	1.0	1.0	1.0	0.0	1.0	1.0	1.0	1.0	1.0	1.5	1.0	1.0	1.0	1.0	1.0	1.0	1.0	1.0	4
INV.US	3.6	1.0	1.0	1.0	0.0	0.5	2.0	0.0	0.0	0.0	0.5	1.0	2.0	1.0	0.0	1.0	0.0	2.0	0.0	15
EVGO	3.3	1.0	0.0	1.0	0.0	0.0	0.0	1.5	0.0	0.0	1.0	1.0	1.0	1.0	1.5	1.0	0.0	2.0	0.0	15
HTHT	7.5	2.0	2.0	1.0	0.0	1.5	1.5	1.5	2.0	2.0	1.5	2.0	0.5	2.0	2.0	0.0	1.5	2.0	2.0	18
ESRT	6.8	0.0	2.0	1.0	1.0	1.0	1.0	2.0	1.5	2.0	1.0	2.0	2.0	1.5	1.5	0.0	2.0	1.0	2.0	17
TYL	6.0	1.5	0.0	1.0	1.5	1.5	1.0	1.5	1.0	1.0	2.0	2.0	1.0	0.5	1.0	1.0	1.0	1.0	2.0	18
AMC.ASX	6.1	2.0	1.0	1.0	1.0	1.0	2.0	0.5	1.0	1.5	1.5	2.0	1.5	1.5	2.0	0.0	1.0	0.5	1.0	16
ALHF.PA	4.7	0.0	1.0	1.0	1.0	2.0	0.0	2.0	0.0	0.0	1.0	0.0	2.0	2.0	1.0	0.0	0.0	2.0	2.0	15
AIXA.DE	6.4	1.0	1.0	1.0	2.0	1.5	0.0	1.5	1.0	1.5	1.5	2.0	1.0	0.0	1.0	2.0	1.0	2.0	2.0	17
VNOM	6.9	2.0	2.0	1.0	0.0	1.0	2.0	2.0	2.0	0.5	2.0	1.0	1.5	2.0	1.0	1.0	2.0	0.0	2.0	17
PTRN	5.4	1.0	1.0	1.0	2.0	1.0	2.0	1.5	0.5	1.0	1.0	1.0	1.0	0.0	2.0	1.0	0.5	1.5	0.5	15
CIV.PA	6.1	1.5	1.0	1.0	1.0	2.0	1.5	0.0	2.0	1.0	1.0	1.0	2.0	1.0	1.5	2.0	0.0	2.0	0.5	12
VISL	5.8	2.0	1.0	1.0	1.0	0.0	2.0	2.0	0.0	1.0	1.0	1.0	2.0	1.0	2.0	1.0	0.0	2.0	1.0	12
SERA	4.0	1.0	1.0	1.0	2.0	0.5	2.0	0.0	0.0	0.0	0.5	1.0	1.5	1.0	0.0	1.0	0.0	2.0	0.0	15
HIGH.DE	4.7	1.0	1.0	1.0	1.0	1.0	2.0	2.0	0.5	1.0	0.5	1.0	1.0	1.0	1.0	1.0	0.0	0.0	1.0	9
PRIMOF.CO	6.7	1.0	1.0	1.0	1.0	2.0	0.5	2.0	2.0	1.5	1.0	1.0	2.0	0.0	0.5	2.0	2.0	1.5	2.0	14
PCTY	6.9	1.5	2.0	1.0	1.5	1.5	1.5	2.0	1.5	1.0	1.5	2.0	0.5	1.0	1.5	1.0	1.5	0.5	2.0	18
REG1V.HE	4.9	0.0	1.0	1.0	0.0	1.5	2.0	2.0	0.5	0.0	0.5	2.0	1.5	0.5	1.5	1.0	1.0	0.5	1.0	17
LDA.MC	6.5	1.5	1.0	1.0	2.0	1.0	1.5	0.5	1.0	2.0	1.0	1.5	1.0	1.5	2.0	2.0	1.0	1.0	1.0	17
QCRH	6.2	1.5	0.0	1.0	1.5	2.0	1.5	0.0	2.0	1.0	1.0	1.5	1.5	1.0	1.0	2.0	0.0	2.0	2.0	16
NCC.L	4.0	1.0	1.0	1.0	1.0	1.0	0.5	1.5	0.0	0.0	0.5	1.0	0.0	0.0	1.5	2.0	0.5	0.5	1.5	14
788.HK	7.2	1.5	1.0	1.0	1.0	1.5	0.5	2.0	1.5	1.0	1.5	1.0	2.0	2.0	1.5	2.0	2.0	1.0	2.0	16
AZO	6.4	1.5	2.0	1.0	0.0	1.5	1.0	2.0	1.5	1.0	2.0	2.0	1.0	1.5	1.5	1.0	1.5	0.0	1.0	15
KEP	6.4	2.0	1.0	1.0	1.0	1.0	0.5	0.5	0.5	2.0	0.5	0.0	2.0	2.0	2.0	2.0	1.5	2.0	1.5	16
ABCA.PA	7.8	1.5	1.0	1.0	1.0	2.0	2.0	1.5	2.0	1.5	0.5	1.5	1.5	2.0	1.5	1.5	2.0	2.0	2.0	16
DEQ.DE	6.1	0.0	1.0	1.0	1.0	2.0	1.0	2.0	2.0	0.0	0.5	0.0	2.0	1.0	0.5	2.0	2.0	2.0	2.0	16
XHR	6.1	1.0	2.0	1.0	2.0	0.5	1.0	1.0	1.0	1.0	1.0	1.0	1.5	1.5	1.5	1.0	1.5	1.0	1.5	16
HARVIA.HE	6.2	0.5	1.0	1.0	1.5	1.5	1.5	2.0	1.5	0.5	0.5	2.0	0.5	1.0	1.5	2.0	1.5	1.0	1.5	17
CNA	6.9	2.0	1.0	1.0	1.5	1.0	1.0	1.0	1.0	2.0	0.5	1.5	1.5	2.0	2.0	2.0	1.0	1.5	1.5	17
3323.HK	5.6	2.0	1.0	1.0	1.0	0.5	0.5	0.5	0.5	0.0	1.0	1.0	2.0	1.0	2.0	2.0	1.0	2.0	1.0	15
EDV.L	6.8	1.0	1.0	1.0	0.0	1.5	2.0	2.0	2.0	2.0	1.0	0.0	0.0	2.0	1.5	2.0	2.0	1.5	2.0	17
TYRES.HE	5.6	1.0	1.0	1.0	2.0	1.0	1.5	1.0	1.0	1.0	1.0	2.0	1.5	1.0	1.5	0.0	1.0	0.5	1.0	17
BOY.L	5.1	1.5	1.0	1.0	1.0	1.0	1.0	0.5	1.0	1.5	1.0	0.0	0.0	1.5	1.5	1.5	1.5	0.5	1.5	16
780.HK	8.1	1.5	1.0	1.0	0.5	1.5	1.0	2.0	1.5	2.0	2.0	2.0	2.0	2.0	2.0	2.0	1.5	2.0	1.5	17
MNDY	7.4	2.0	2.0	1.0	2.0	1.0	2.0	2.0	0.5	2.0	2.0	2.0	1.0	0.0	2.0	1.0	0.5	2.0	1.5	18
AMG	7.2	2.0	0.0	1.0	2.0	2.0	2.0	2.0	2.0	1.0	1.0	2.0	1.0	0.5	1.0	2.0	1.5	1.0	2.0	18
ITRI	6.8	2.0	2.0	1.0	1.0	1.5	0.5	1.5	1.0	1.5	1.5	1.5	1.5	1.5	1.5	1.0	1.0	1.5	1.5	18
AAK.ST	5.3	1.0	1.0	1.0	0.0	1.0	0.5	1.0	1.0	0.5	1.0	1.5	1.5	1.5	2.0	2.0	1.0	0.5	1.0	17
CIFR	2.8	1.0	0.0	1.0	0.0	0.5	0.0	0.0	0.0	0.0	2.0	1.0	0.0	0.0	0.0	1.0	2.0	1.5	0.0	16
GS	7.1	1.5	0.0	1.0	2.0	2.0	2.0	2.0	2.0	1.0	2.0	1.5	1.5	1.0	2.0	2.0	0.0	2.0	0.0	16
CNC	6.4	2.0	1.0	1.0	2.0	0.5	1.0	0.5	0.5	2.0	1.5	1.0	1.5	2.0	2.0	1.0	0.5	2.0	1.0	16
TTC	5.4	1.0	0.0	1.0	1.0	1.0	1.0	1.0	1.0	1.5	1.0	2.0	0.5	1.0	1.5	2.0	1.0	0.5	1.5	18
GXO	5.8	1.5	2.0	1.0	0.0	1.0	1.0	0.5	0.5	1.5	1.5	2.0	1.5	1.5	2.0	1.0	0.5	1.5	0.5	18
MHO	5.7	2.0	1.0	1.0	0.5	1.0	0.5	1.0	1.0	1.0	0.5	1.5	1.5	1.5	2.0	1.0	1.0	2.0	0.5	17
ADJ.DE	3.2	0.0	1.0	1.0	1.0	0.0	0.5	0.0	0.0	0.0	1.0	0.0	2.0	1.0	1.0	1.0	0.0	2.0	0.0	15
INWI.ST	5.7	1.0	1.0	1.0	0.5	1.0	1.5	1.0	1.0	1.0	0.5	2.0	1.5	1.5	2.0	1.5	1.0	0.5	1.0	17
INGM	6.0	1.5	0.0	1.0	1.5	1.0	1.5	0.0	0.5	1.5	1.5	2.0	1.5	2.0	2.0	2.0	0.5	1.5	0.0	18
GPRO	4.3	2.0	1.0	1.0	1.0	0.0	0.0	1.0	0.0	2.0	0.5	1.0	1.0	1.0	2.0	1.0	0.0	1.0	0.0	15
SY1.DE	5.4	0.5	1.0	1.0	1.0	1.0	0.5	1.5	1.5	0.5	1.5	2.0	1.0	0.5	1.5	1.5	1.0	0.5	1.5	16
T.US	7.4	1.0	1.0	1.0	1.0	1.5	1.0	2.0	1.5	1.5	2.0	0.5	1.5	2.0	1.5	2.0	2.0	1.5	2.0	18
TVRD	4.0	1.0	1.0	1.0	0.0	0.5	1.0	0.0	0.0	0.0	1.0	1.0	2.0	1.0	1.0	1.0	0.0	2.0	1.0	13
INTA	5.8	2.0	1.0	1.0	2.0	0.5	1.5	2.0	0.5	1.5	1.0	1.0	0.5	1.0	1.5	1.0	0.0	1.0	2.0	17
GSBD	6.2	1.0	2.0	1.0	2.0	1.5	0.5	2.0	2.0	2.0	0.5	2.0	2.0	1.0	1.0	0.0	0.0	0.5	1.5	17
HOLMb.ST	4.9	0.0	1.0	1.0	0.0	1.5	1.0	1.5	0.5	0.5	1.0	0.5	2.0	1.0	1.5	2.0	1.0	0.0	1.5	17
DKUPL.PA	6.7	0.0	1.0	2.0	1.0	1.0	1.5	1.5	0.5	2.0	1.0	2.0	1.0	2.0	2.0	2.0	0.5	2.0	1.0	15
BXDC	4.7	1.0	1.0	1.0	1.0	0.5	1.0	0.0	0.0	1.0	1.5	1.0	2.0	1.0	1.0	1.0	0.0	2.0	1.0	8
ALMLB.PA	4.3	0.0	1.0	1.0	1.0	1.0	0.5	0.5	0.0	0.0	0.5	2.0	1.5	0.5	2.0	1.0	0.5	2.0	0.5	16
PWR	5.7	1.5	2.0	1.0	2.0	1.0	2.0	0.5	0.5	1.0	2.0	2.0	0.0	0.0	1.5	2.0	0.5	0.0	1.0	18
TGT	6.2	1.0	2.0	1.0	2.0	1.0	1.0	1.0	0.5	1.0	2.0	1.0	1.0	1.5	2.0	2.0	0.5	1.0	1.0	18
8002.T	5.1	0.5	1.0	1.0	0.5	1.0	2.0	0.5	0.5	0.5	1.5	0.5	1.5	1.0	2.0	2.0	0.5	1.0	1.0	17
SBX.DE	4.6	1.0	1.0	1.0	1.0	0.0	1.0	1.5	0.0	2.0	1.0	1.0	2.0	1.0	1.0	1.0	0.0	1.0	0.0	9
RIO	7.1	0.0	2.0	1.0	1.0	1.5	1.5	1.0	2.0	1.0	1.0	1.5	1.5	2.0	1.5	2.0	2.0	1.0	2.0	17
SIQ.ASX	6.9	1.0	1.0	1.0	1.0	2.0	1.5	2.0	2.0	1.0	1.0	1.5	1.0	1.5	1.5	1.5	2.0	0.5	2.0	16
VCT.L	5.1	1.0	1.0	1.0	1.0	0.5	1.0	1.5	1.0	1.5	1.5	1.0	0.0	1.5	1.5	0.0	1.5	0.5	1.5	15
VRRM	7.4	1.5	1.0	1.0	0.0	1.0	1.5	2.0	2.0	2.0	1.0	2.0	1.5	2.0	2.0	1.0	2.0	1.5	1.5	17
GAP	5.4	1.5	0.0	1.0	0.0	1.0	0.5	1.5	0.5	1.0	1.5	0.0	1.5	2.0	2.0	2.0	0.5	2.0	1.0	18
ALCPB.PA	3.9	1.0	1.0	1.0	1.0	0.5	0.0	0.0	0.0	0.0	1.0	1.0	1.5	2.0	0.5	1.0	2.0	0.5	0.0	13
PR	8.1	1.5	1.0	1.0	1.5	2.0	2.0	2.0	2.0	1.0	2.0	2.0	1.5	2.0	1.5	2.0	2.0	0.0	2.0	18
FOXA	8.1	1.5	2.0	1.0	2.0	1.0	2.0	1.5	2.0	1.0	1.5	2.0	1.5	2.0	2.0	2.0	1.5	1.5	1.0	18
960.HK	5.0	2.0	1.0	1.0	1.0	0.5	0.0	0.0	0.5	2.0	1.5	1.0	2.0	0.0	1.5	0.0	0.5	2.0	1.5	15
AMBUB.CO	6.0	0.5	1.0	1.0	2.0	1.0	1.0	2.0	1.0	0.5	1.0	2.0	1.5	0.5	1.5	2.0	1.0	0.5	1.5	17
STN	6.2	1.5	0.0	1.0	0.5	1.0	1.5	2.0	1.0	2.0	1.0	2.0	1.0	1.5	2.0	2.0	1.0	0.5	1.0	17
SYSR.ST	6.0	1.0	1.0	1.0	1.0	1.0	1.0	1.5	1.0	0.5	1.0	2.0	1.5	1.5	2.0	2.0	1.0	0.5	1.0	16
HUMA	4.0	1.0	1.0	1.0	2.0	0.5	2.0	0.0	0.0	0.0	1.0	1.0	1.0	1.0	0.0	1.0	0.0	2.0	0.0	16
DBK.DE	5.8	1.0	2.0	1.0	0.0	2.0	1.0	0.0	2.0	1.0	1.5	1.5	2.0	1.0	1.0	2.0	0.0	2.0	0.0	16
778.HK	5.0	1.0	1.0	1.0	1.0	0.5	0.5	2.0	2.0	1.5	0.5	1.0	2.0	1.0	0.5	0.0	0.0	0.5	2.0	13
IRWD	8.2	2.0	1.0	1.0	2.0	2.0	2.0	2.0	2.0	2.0	0.5	2.0	1.0	2.0	1.5	1.0	2.0	1.5	2.0	16
ANIP	7.2	1.0	2.0	1.0	0.0	1.5	2.0	2.0	1.0	1.5	1.0	2.0	1.5	1.5	2.0	1.0	1.5	2.0	1.5	18
SMCP.PA	6.7	1.0	1.0	1.0	1.0	1.0	0.5	2.0	1.0	2.0	1.0	2.0	2.0	2.0	2.0	1.0	1.0	1.0	1.5	16
V6C.DE	4.6	1.0	1.0	1.0	1.0	0.0	1.5	2.0	0.5	0.0	0.5	1.0	1.5	1.0	2.0	1.0	0.0	1.0	0.5	15
7186.T	5.8	1.0	1.0	1.0	1.5	2.0	1.5	0.0	2.0	1.0	1.0	0.0	1.5	1.0	1.5	2.0	0.0	2.0	1.0	14
PANL	6.9	1.5	0.0	1.0	2.0	1.0	1.5	1.0	1.0	2.0	0.5	2.0	1.5	2.0	2.0	2.0	1.0	2.0	1.0	18
CBL.US	7.2	2.0	1.0	1.0	1.0	2.0	1.0	2.0	2.0	2.0	0.5	1.0	1.0	1.5	1.0	2.0	2.0	1.0	2.0	16
OGS	6.1	1.0	2.0	1.0	1.0	1.5	0.5	1.5	1.5	0.0	1.0	1.5	1.5	1.5	1.5	2.0	1.5	0.0	1.5	18
NTB	6.0	1.5	0.0	1.0	1.0	2.0	1.0	0.0	2.0	1.0	0.5	2.0	1.5	1.0	1.0	2.0	0.0	2.0	2.0	16
BAX	5.6	0.0	2.0	1.0	0.5	0.5	1.0	1.0	1.0	2.0	1.5	1.0	1.5	1.5	2.0	0.0	1.0	1.5	1.0	17
KTN.DE	5.7	2.0	1.0	1.0	1.0	1.0	0.5	1.5	0.5	0.0	1.0	2.0	1.5	1.5	2.0	1.0	0.5	1.5	1.0	16
RIO.ASX	6.1	0.0	1.0	1.0	1.0	1.5	1.5	1.0	2.0	0.5	1.5	0.0	1.5	1.5	1.5	2.0	2.0	0.5	2.0	16
MOV	6.0	2.0	1.0	1.0	0.0	1.0	1.0	2.0	1.0	1.5	0.5	1.0	1.5	1.5	2.0	1.0	0.5	2.0	1.0	17
YETI	6.0	1.5	0.0	1.0	0.5	1.0	1.0	2.0	1.5	1.0	1.5	2.0	1.0	1.5	2.0	1.0	1.0	0.5	1.5	18
NVTS	3.5	1.0	0.0	1.0	2.0	0.5	0.0	1.5	0.0	0.0	1.0	1.0	1.0	1.0	0.0	1.0	0.0	1.5	0.0	16
BLND.US	5.0	1.0	1.0	1.0	0.0	1.0	1.0	2.0	0.0	2.0	1.0	1.0	1.0	1.0	1.5	1.0	0.0	1.5	1.0	15
LU	5.6	1.0	1.0	1.0	1.0	0.5	0.0	2.0	0.0	0.0	0.5	1.0	2.0	2.0	2.0	1.0	1.5	2.0	1.5	15
SLDE	8.3	2.0	2.0	1.0	1.0	2.0	2.0	2.0	2.0	2.0	1.0	0.5	1.5	2.0	2.0	1.0	2.0	2.0	2.0	18
SEK.ASX	6.1	1.0	1.0	1.0	1.0	0.0	1.0	2.0	1.5	1.5	1.5	1.0	1.5	1.0	1.5	1.5	1.5	0.5	2.0	14
MNTN	6.9	2.0	0.0	1.0	2.0	1.5	2.0	2.0	1.0	1.5	1.5	0.0	1.5	1.5	2.0	1.0	1.0	2.0	1.5	18
SBS.DE	6.0	2.0	1.0	1.0	1.0	0.5	1.0	1.0	1.0	1.0	1.0	1.0	1.5	1.5	2.0	2.0	1.0	1.0	1.0	15
RDDT	7.5	2.0	2.0	1.0	1.5	2.0	2.0	2.0	2.0	1.0	2.0	2.0	0.5	0.0	1.0	1.0	1.5	1.5	2.0	18
LYTS	5.8	2.0	2.0	1.0	0.0	1.0	2.0	1.0	1.0	0.0	0.5	2.0	1.5	1.0	2.0	2.0	0.5	0.5	1.0	18
TRB.L	4.9	0.5	1.0	1.0	1.0	1.0	1.0	2.0	1.0	1.0	0.5	0.0	0.0	1.0	1.5	2.0	1.0	0.5	1.5	16
STTK	3.8	1.0	1.0	1.0	2.0	0.5	1.0	0.0	0.0	0.0	1.0	1.0	1.0	1.0	0.0	1.0	0.0	2.0	0.0	14
TMT.L	6.5	2.0	1.0	1.0	1.0	2.0	2.0	2.0	2.0	2.0	1.0	1.0	2.0	1.0	1.0	1.0	0.0	1.5	0.0	13
JMAT.L	4.7	1.0	1.0	1.0	1.0	0.5	2.0	0.0	0.5	0.0	1.0	1.0	0.0	1.5	2.0	2.0	0.5	1.5	0.5	15
ALPM.PA	5.0	0.0	1.0	1.0	1.0	1.0	0.5	2.0	0.5	1.0	0.5	1.0	1.5	1.0	1.0	2.0	1.0	1.0	1.0	11
TRP	6.0	0.5	0.0	0.0	1.5	2.0	1.0	2.0	2.0	1.0	0.5	2.0	1.0	1.5	1.0	1.0	2.0	0.5	2.0	18
KYIV	7.9	1.5	1.0	1.0	1.5	1.5	1.5	2.0	2.0	2.0	1.0	2.0	1.5	2.0	1.5	1.0	2.0	1.5	2.0	17
TGA.L	5.0	1.0	1.0	1.0	1.0	0.0	1.0	2.0	0.5	2.0	0.5	1.0	0.0	1.0	1.0	1.5	0.5	2.0	1.0	14
OTB.L	5.0	1.0	1.0	1.0	1.0	1.0	0.0	2.0	0.0	2.0	1.0	0.0	0.0	1.0	1.0	2.0	1.0	1.0	2.0	13
PROX.BR	6.7	0.5	1.0	1.0	0.0	1.0	0.5	1.5	1.5	2.0	1.5	0.0	2.0	2.0	2.0	2.0	1.5	2.0	2.0	17
SRRK	3.8	1.0	1.0	1.0	1.5	0.5	1.0	0.0	0.0	0.0	1.5	1.0	0.0	1.0	1.0	1.0	0.0	1.0	1.0	13
4661.T	6.0	0.0	1.0	1.0	1.5	1.5	1.5	1.5	2.0	1.0	1.5	1.5	1.0	1.0	1.0	2.0	0.0	1.5	1.0	14
MUFG	5.6	1.0	0.0	1.0	2.0	2.0	2.0	0.0	2.0	1.0	0.5	0.0	1.5	1.0	1.0	2.0	0.0	2.0	1.0	15
BBVA.MC	6.9	1.0	1.0	1.0	1.5	2.0	2.0	0.0	2.0	1.0	2.0	1.5	1.5	1.0	1.5	2.0	0.0	2.0	2.0	15
TPST	3.6	1.0	1.0	1.0	2.0	0.5	1.0	0.0	0.0	0.0	0.5	1.0	0.0	1.0	1.0	1.0	0.0	1.0	1.0	13
JOBY	3.8	1.0	1.0	1.0	0.0	0.5	2.0	1.0	0.0	0.0	1.0	1.0	1.0	1.0	0.0	1.0	0.0	2.0	0.0	16
HNST	4.7	1.0	1.0	1.0	0.0	0.5	0.0	1.5	0.5	2.0	1.0	1.0	1.0	0.0	2.0	1.0	0.5	1.5	1.5	16
PARRO.PA	4.4	0.0	1.0	1.0	1.0	1.0	2.0	2.0	0.5	0.5	1.0	1.0	0.5	0.0	1.5	1.0	0.5	1.0	0.5	14
WEAV	4.9	1.0	2.0	1.0	0.0	0.5	1.5	2.0	0.0	1.5	0.5	1.0	0.5	1.0	1.5	1.0	0.0	1.5	1.0	16
TRMD-A.CO	6.2	0.5	1.0	1.0	2.0	2.0	2.0	2.0	2.0	0.5	0.5	0.0	1.5	0.5	0.5	2.0	2.0	0.5	2.0	17
APEI	6.7	2.0	2.0	1.0	0.0	1.0	1.0	2.0	0.5	1.5	1.0	2.0	1.5	1.5	2.0	1.0	1.0	2.0	1.0	18
UBI.PA	6.1	0.5	1.0	1.0	1.0	0.0	0.0	2.0	0.0	2.0	1.5	1.0	2.0	2.0	2.0	1.0	1.5	2.0	1.5	15
01336.HK	7.4	2.0	1.0	1.0	1.0	2.0	2.0	2.0	2.0	0.0	1.5	0.0	2.0	1.0	1.0	2.0	2.0	2.0	2.0	16
UP	3.9	1.0	1.0	1.0	1.0	0.0	0.5	0.5	0.0	0.0	1.0	1.0	1.0	1.0	2.0	1.0	0.0	2.0	0.0	12
FPS	5.1	2.0	2.0	1.0	0.0	1.0	2.0	1.5	1.5	0.0	1.5	2.0	0.0	0.0	1.0	1.0	1.0	0.0	1.0	18
NYT	6.2	0.5	1.0	1.0	0.5	1.5	1.5	2.0	1.5	1.0	1.0	2.0	1.0	1.0	1.5	2.0	1.0	1.0	1.5	18
BBVA.US	6.0	1.0	0.0	1.0	1.0	2.0	2.0	0.0	2.0	1.0	0.5	1.5	1.5	1.0	1.0	2.0	0.0	2.0	2.0	16
VNT	7.5	2.0	2.0	1.0	1.0	1.5	0.5	1.5	1.5	2.0	1.5	2.0	1.0	1.5	2.0	2.0	1.5	1.0	1.5	18
RWE.DE	5.6	0.0	1.0	1.0	1.5	2.0	0.5	1.5	0.5	0.0	1.5	0.0	1.5	0.5	1.5	2.0	1.0	2.0	2.0	17
DOC	5.7	0.0	0.0	1.0	1.0	1.0	1.5	2.0	1.5	2.0	1.5	0.0	1.5	1.0	1.0	0.0	2.0	1.5	2.0	17
LAUR	6.1	1.5	0.0	1.0	0.5	1.5	1.5	1.5	2.0	1.5	1.0	1.5	1.0	1.5	1.5	1.0	1.5	0.5	1.5	18
MC	6.1	1.0	2.0	1.0	0.5	1.5	1.5	2.0	1.5	1.0	1.5	2.0	0.5	1.0	1.5	1.0	0.0	0.5	2.0	16
ALPUL.PA	6.0	1.0	1.0	1.0	1.0	0.5	0.5	0.5	0.0	2.0	0.5	1.0	2.0	2.0	2.0	1.0	1.5	2.0	2.0	14
PLS.ASX	7.5	1.0	1.0	1.0	1.0	2.0	2.0	2.0	2.0	1.5	1.5	2.0	1.0	1.5	1.0	1.0	2.0	1.5	2.0	16
PLUS	5.6	1.5	1.0	1.0	0.5	1.0	1.0	1.0	0.5	0.5	0.5	2.0	1.5	1.5	2.0	2.0	0.5	1.5	0.5	17
RAA.DE	6.4	0.5	1.0	1.0	1.5	2.0	1.0	2.0	1.5	1.0	1.5	1.5	0.5	1.0	1.5	1.5	1.5	1.0	1.5	17
PAYC	6.8	1.5	0.0	1.0	2.0	2.0	1.0	2.0	2.0	1.0	1.5	2.0	0.0	1.0	1.5	2.0	1.5	0.5	2.0	18
02020.HK	7.8	1.5	1.0	1.0	1.0	1.5	1.5	2.0	2.0	2.0	2.0	0.5	1.5	1.5	1.5	2.0	1.5	2.0	2.0	16
BWMN	5.6	0.0	2.0	1.0	1.5	1.0	1.5	2.0	0.5	1.0	1.0	2.0	1.5	0.5	2.0	1.0	0.5	0.5	0.5	18
DHR	6.4	1.5	1.0	1.0	0.0	1.5	1.0	2.0	1.5	1.0	2.0	2.0	1.0	0.5	1.0	2.0	1.5	0.5	2.0	17
CRWD	4.3	0.0	0.0	1.0	1.0	1.0	2.0	2.0	0.0	0.5	2.0	2.0	0.0	0.0	0.0	1.0	0.5	0.5	2.0	18
EQS.PA	6.9	0.5	1.0	2.0	1.0	1.5	1.5	1.0	1.5	1.0	0.5	2.0	1.5	1.5	1.5	2.0	1.5	1.5	2.0	16
MEL.MC	6.9	0.0	1.0	1.0	2.0	1.0	1.0	2.0	1.5	2.0	1.5	1.5	1.5	1.5	1.5	2.0	1.5	1.0	1.5	17
PSN.L	4.9	2.0	1.0	1.0	1.0	1.0	1.5	0.5	1.0	0.0	2.0	0.0	0.0	1.5	2.0	1.5	1.0	0.5	0.0	16
1801.HK	6.1	2.0	1.0	1.0	1.0	1.0	2.0	2.0	1.0	1.0	2.0	2.0	0.5	0.0	1.0	1.0	1.0	1.5	1.0	14
WTRG	6.2	0.5	2.0	1.0	0.5	2.0	1.0	2.0	2.0	0.0	1.0	1.5	1.5	1.0	1.0	1.5	2.0	0.0	2.0	18
THFF	6.0	0.0	1.0	1.0	2.0	2.0	1.5	0.0	2.0	1.0	0.5	1.5	1.5	1.0	1.0	2.0	0.0	1.5	2.0	16
TTMI	5.4	2.0	1.0	1.0	2.0	1.0	2.0	1.0	1.0	0.0	0.5	2.0	0.5	0.5	1.5	1.0	1.0	0.5	1.0	18
BILL	6.4	2.0	0.0	1.0	2.0	0.5	1.5	2.0	1.0	1.5	2.0	1.0	1.5	0.0	1.5	1.0	0.5	2.0	2.0	17
LOLB.CO	6.5	2.0	1.0	1.0	1.0	2.0	1.5	0.0	2.0	1.0	1.0	1.0	2.0	1.0	2.0	2.0	0.0	2.0	1.0	11
COR	5.3	2.0	1.0	1.0	1.0	1.0	1.0	0.0	0.5	1.0	1.5	2.0	0.0	1.5	2.0	2.0	0.5	0.5	0.5	18
SIP.BR	8.1	1.5	1.0	1.0	1.0	2.0	2.0	1.5	2.0	2.0	0.5	1.5	1.5	2.0	2.0	2.0	2.0	1.5	2.0	16
WMG	6.1	2.0	0.0	1.0	1.5	1.0	1.5	1.5	1.5	1.0	1.5	2.0	0.0	1.5	1.5	1.5	1.5	0.5	1.0	18
FCIT.L	5.3	2.0	1.0	1.0	1.0	1.0	1.0	1.0	1.0	1.0	1.0	1.0	1.0	1.0	1.0	1.0	1.0	1.0	1.0	2
UVE	7.1	2.0	1.0	1.0	2.0	1.5	1.0	1.0	1.5	2.0	0.5	0.0	1.5	2.0	2.0	2.0	1.0	2.0	1.5	18
GCO	5.6	2.0	2.0	1.0	0.0	1.0	0.5	1.5	0.0	2.0	0.5	0.0	2.0	1.5	2.0	1.0	0.5	1.5	1.0	18
MTS.ASX	5.4	1.0	1.0	1.0	1.0	1.0	1.0	0.5	0.5	2.0	1.5	1.0	1.5	1.5	2.0	1.5	0.5	0.5	0.5	16
PMV.ASX	6.9	1.0	1.0	1.0	1.0	1.5	1.0	2.0	1.0	2.0	1.5	2.0	1.5	1.5	1.5	0.0	1.5	2.0	2.0	15
EMAT	2.8	1.0	1.0	1.0	1.0	0.5	1.0	0.0	0.0	0.0	0.5	1.0	1.0	1.0	0.0	1.0	0.0	0.0	0.0	11
PEABb.ST	5.4	0.0	1.0	1.0	2.0	1.0	1.0	0.0	0.5	2.0	0.5	1.5	1.5	1.5	2.0	2.0	0.5	1.0	0.5	17
AMPL	5.3	1.0	2.0	1.0	2.0	0.0	2.0	2.0	0.0	1.0	1.5	1.0	0.0	1.0	1.5	1.0	0.0	1.0	1.0	16
MFLTY	3.9	1.0	1.0	1.0	1.0	0.0	0.0	1.0	0.0	0.0	1.0	1.0	1.0	2.0	1.0	1.0	0.0	2.0	0.0	12
KNEBV.HE	5.7	1.0	1.0	1.0	1.5	1.0	1.0	2.0	1.0	1.0	2.0	2.0	0.0	1.0	1.5	1.0	1.0	0.5	1.0	17
LAND.ZU	5.3	0.0	1.0	1.0	1.0	0.0	2.0	1.0	1.0	0.5	1.0	2.0	1.5	1.5	2.0	0.0	1.0	1.5	1.0	16
AXS.NV	5.7	2.0	1.0	1.0	1.0	1.0	1.5	1.0	0.5	0.0	0.5	2.0	1.5	1.5	2.0	1.0	1.0	1.0	1.0	16
FIBK	6.0	1.5	0.0	1.0	1.5	2.0	1.0	0.0	2.0	1.0	1.0	0.5	1.5	1.0	1.5	2.0	0.0	2.0	2.0	16
PAC	6.7	1.5	1.0	1.0	1.0	2.0	1.0	2.0	2.0	2.0	1.0	1.5	0.0	0.0	0.0	2.0	2.0	2.0	2.0	16
EMAAR.AE	7.5	0.0	1.0	1.0	0.5	2.0	1.5	2.0	2.0	1.0	1.5	1.0	1.5	2.0	2.0	2.0	2.0	2.0	2.0	17
CCJ	5.0	1.0	0.0	1.0	0.5	1.5	0.5	1.5	1.0	0.5	1.5	2.0	0.5	0.0	0.5	2.0	1.5	0.5	2.0	18
RPD	6.7	2.0	1.0	1.0	1.0	1.0	0.5	2.0	0.5	2.0	2.0	2.0	1.0	1.0	2.0	1.0	0.5	2.0	1.5	17
NXH	4.6	1.0	2.0	1.0	0.0	0.5	2.0	1.0	0.0	0.0	0.5	1.0	1.5	1.0	2.0	1.0	0.0	2.0	0.0	17
IEL.ASX	6.0	0.0	1.0	1.0	1.0	1.0	0.0	1.0	1.0	2.0	1.5	2.0	1.5	2.0	2.0	0.0	1.0	2.0	1.5	16
REH.ASX	5.6	0.5	1.0	1.0	1.0	1.0	1.0	1.0	0.5	1.0	1.5	2.0	1.5	1.0	2.0	2.0	0.5	0.5	1.0	16
ELS	6.2	0.0	2.0	1.0	1.5	2.0	1.0	2.0	2.0	1.5	1.5	1.5	0.5	1.0	1.0	0.0	2.0	0.0	2.0	18
EPROb.ST	5.6	1.0	1.0	1.0	0.5	1.0	0.5	1.0	1.0	1.0	0.5	2.0	1.5	1.5	2.0	2.0	1.0	0.5	1.0	17
KNTK	5.7	0.5	2.0	1.0	2.0	2.0	2.0	1.5	1.5	0.0	1.5	0.0	1.0	1.0	1.0	0.0	1.5	0.0	2.0	17
CALX.US	5.1	0.5	0.0	1.0	0.0	1.0	2.0	2.0	0.5	1.0	1.0	2.0	1.5	0.5	2.0	1.0	0.5	1.0	1.0	18
AMP.ASX	6.2	0.5	1.0	1.0	1.0	1.0	1.0	2.0	2.0	1.0	1.0	2.0	1.5	1.0	0.5	2.0	2.0	2.0	0.0	16
IAG.ASX	6.2	2.0	1.0	1.0	1.0	1.0	1.5	0.5	1.0	1.0	1.0	1.5	1.5	1.5	2.0	1.5	1.0	1.5	1.0	16
HIMX	5.0	1.5	1.0	1.0	2.0	1.0	1.0	1.0	1.0	0.0	0.5	2.0	1.5	0.0	1.5	0.0	0.5	1.5	1.0	18
HSD.L	5.3	1.5	1.0	1.0	1.0	1.0	2.0	2.0	0.5	2.0	0.5	0.0	0.0	1.0	1.0	1.0	0.5	2.0	1.0	16
MBWM	6.2	1.0	2.0	1.0	0.5	2.0	1.5	0.0	2.0	1.0	1.0	1.0	1.5	1.0	1.0	2.0	0.0	2.0	2.0	16
VAF.LS	6.1	2.0	1.0	1.0	1.0	1.0	0.5	2.0	1.0	0.0	1.0	2.0	1.5	1.5	2.0	1.0	1.0	1.0	1.5	15
NXRT	5.3	0.0	1.0	1.0	2.0	0.0	1.0	2.0	1.0	1.5	0.5	1.0	1.5	1.0	1.0	0.0	2.0	0.5	2.0	16
KRRO	3.6	1.0	1.0	1.0	0.5	0.5	1.0	0.0	0.0	0.0	1.5	1.0	1.5	1.0	0.0	1.0	0.0	2.0	0.0	15
INDT.ST	6.1	1.0	1.0	1.0	2.0	1.0	1.5	1.5	1.0	1.0	1.0	2.0	1.0	1.0	1.5	2.0	1.0	0.5	1.0	17
ASAN	4.4	1.0	0.0	1.0	0.0	0.0	1.0	2.0	0.0	2.0	1.5	1.0	0.0	1.0	1.5	1.0	0.0	1.5	1.5	16
MWB0.DE	7.1	2.0	1.0	1.0	1.0	2.0	2.0	2.0	2.0	1.0	1.0	1.0	1.5	1.0	2.0	2.0	0.0	2.0	1.0	11
00175.HK	7.1	2.0	1.0	1.0	1.0	1.0	1.5	0.5	0.5	2.0	2.0	2.0	1.5	2.0	2.0	2.0	0.5	2.0	1.0	16
EFC	6.2	2.0	1.0	1.0	1.0	2.0	2.0	2.0	2.0	1.0	1.0	1.5	2.0	1.0	0.0	1.0	0.0	2.0	0.0	16
LIV.L	6.9	1.0	1.0	1.0	1.0	2.0	2.0	2.0	2.0	1.0	1.0	1.0	0.0	2.0	2.0	0.0	2.0	2.0	2.0	14
CLDX	3.6	1.0	1.0	1.0	2.0	0.5	0.0	0.0	0.0	0.0	1.5	1.0	1.0	1.0	0.0	1.0	0.0	2.0	0.0	16
DFH	4.6	2.0	1.0	1.0	0.0	1.0	0.5	0.5	0.5	0.0	1.0	0.0	2.0	1.5	2.0	1.0	0.5	2.0	0.0	16
UN0.DE	5.4	1.5	1.0	1.0	1.0	1.0	2.0	0.0	0.5	1.0	0.5	0.0	1.5	1.5	2.0	2.0	0.5	2.0	0.5	16
3347.HK	4.7	0.0	1.0	1.0	0.0	1.0	1.5	1.0	1.0	1.0	1.5	2.0	1.5	0.0	1.0	0.0	1.0	1.0	1.5	17
GIX	3.5	1.0	1.0	1.0	1.0	0.5	1.0	0.0	0.0	1.0	1.0	1.0	0.0	1.0	1.0	1.0	0.0	0.0	1.0	7
AVON.L	4.6	0.5	1.0	1.0	1.0	1.0	1.0	1.5	1.0	0.5	0.5	0.0	0.0	1.0	2.0	2.0	1.0	0.5	1.0	16
LUMN	5.3	0.0	0.0	1.0	0.0	0.5	0.5	1.5	0.0	2.0	1.5	1.0	1.0	2.0	2.0	1.0	1.0	2.0	2.0	16
CLOV	4.3	1.0	0.0	1.0	1.0	0.5	2.0	0.5	0.5	1.0	0.5	1.0	0.5	1.0	2.0	1.0	0.0	1.5	0.5	15
ADAM	6.5	0.5	1.0	1.0	2.0	2.0	2.0	2.0	2.0	1.0	1.0	0.0	2.0	1.0	0.0	2.0	0.0	2.0	2.0	16
XYZ.ASX	4.6	2.0	1.0	1.0	1.5	1.0	1.0	1.5	0.5	0.0	0.5	2.0	0.0	0.0	0.0	1.0	0.5	1.5	1.5	17
SBET	4.0	1.0	2.0	1.0	0.0	0.5	2.0	2.0	0.0	0.0	1.0	1.0	1.5	1.0	0.0	1.0	0.0	0.5	0.0	16
DRD	7.4	1.5	1.0	1.0	1.0	2.0	2.0	2.0	2.0	2.0	0.5	0.0	1.5	1.0	1.0	2.0	2.0	2.0	2.0	16
MYRG	5.0	0.5	0.0	1.0	1.5	1.0	2.0	0.5	0.5	1.0	1.0	2.0	1.0	1.0	2.0	1.0	0.5	0.5	1.0	18
02688.HK	6.0	0.5	1.0	1.0	1.0	1.0	1.0	0.5	0.5	1.5	1.5	0.5	2.0	2.0	2.0	2.0	1.0	1.5	1.0	16
FRA.DE	6.1	1.0	1.0	1.0	0.5	1.0	1.0	1.0	1.5	0.0	1.5	0.5	1.5	1.5	1.5	2.0	1.5	2.0	2.0	17
UHAL	5.4	1.0	1.0	1.0	1.0	1.0	1.0	1.0	1.5	0.0	0.5	2.0	1.5	0.5	1.5	1.0	1.0	1.0	2.0	17
IONS	3.1	0.0	2.0	1.0	0.0	0.0	0.0	0.0	0.0	0.0	2.0	1.0	0.0	1.0	1.0	1.0	0.0	2.0	0.0	17
JXN	5.3	0.0	0.0	1.0	1.0	1.0	1.0	1.5	0.0	2.0	0.5	2.0	2.0	1.0	2.0	0.0	0.0	2.0	2.0	15
6618.HK	6.1	1.5	1.0	1.0	1.0	1.0	1.5	1.0	0.5	1.0	1.5	1.5	1.5	1.5	2.0	1.0	0.5	2.0	1.0	16
EIX	6.5	1.0	2.0	1.0	0.0	1.5	0.5	2.0	2.0	0.5	1.5	0.0	1.5	2.0	1.5	2.0	2.0	0.5	2.0	18
TDSA.LS	6.5	2.0	1.0	1.0	1.0	1.0	2.0	2.0	0.5	2.0	1.0	1.0	1.5	1.0	2.0	1.0	0.5	2.0	1.0	14
CYTK	3.9	1.0	2.0	1.0	2.0	0.5	0.0	0.0	0.0	0.0	2.0	1.0	1.0	1.0	0.0	1.0	0.0	1.5	0.0	15
AG1.DE	5.0	0.0	1.0	1.0	2.0	1.0	2.0	0.5	0.5	0.5	1.5	2.0	1.0	0.0	2.0	1.0	0.5	1.5	0.0	17
SPRY	4.6	1.0	2.0	1.0	1.5	0.0	2.0	2.0	0.0	0.0	0.5	1.0	0.0	1.0	1.5	1.0	0.0	2.0	0.0	16
GRAL	4.7	1.0	2.0	1.0	2.0	0.0	2.0	1.5	0.0	0.0	1.5	1.0	1.5	1.0	0.0	1.0	0.0	1.5	0.0	16
EGY	6.4	0.5	2.0	1.0	2.0	0.0	2.0	2.0	2.0	0.0	0.5	1.0	1.5	1.5	1.5	1.0	1.5	1.0	2.0	17
TKC	5.6	0.0	1.0	1.0	1.0	1.0	1.0	1.0	0.0	2.0	0.5	2.0	2.0	1.0	1.0	2.0	1.5	1.0	1.0	12
RXST	5.3	1.0	2.0	1.0	2.0	0.0	1.0	2.0	0.0	0.0	1.0	1.0	2.0	2.0	1.0	1.0	0.0	2.0	0.0	16
PIII	3.5	1.0	1.0	1.0	0.0	0.5	1.0	0.0	1.0	0.0	0.5	1.0	1.0	1.0	2.0	1.0	0.0	0.5	0.0	14
MLGO	4.7	1.0	1.0	1.0	1.0	0.0	0.0	1.0	0.5	2.0	1.0	1.0	2.0	1.0	1.0	1.0	0.5	2.0	0.0	13
HHPD.L	6.0	2.0	1.0	1.0	1.0	1.0	2.0	0.0	0.5	0.0	1.0	1.0	2.0	2.0	2.0	2.0	0.5	2.0	0.5	14
WKC	5.0	1.5	0.0	1.0	2.0	0.5	2.0	0.0	0.5	1.5	0.5	1.0	1.5	2.0	2.0	0.0	0.5	1.0	0.5	17
BIKE.DE	5.6	0.0	1.0	1.0	1.0	1.0	1.5	0.5	0.5	1.5	0.5	2.0	2.0	2.0	2.0	1.0	0.5	1.5	0.5	16
NEU.ASX	4.6	0.0	1.0	1.0	1.0	2.0	1.5	1.0	1.0	0.0	1.0	2.0	0.5	0.0	0.0	1.0	1.0	1.5	1.0	16
RIVN	4.6	1.0	1.0	1.0	2.0	0.0	2.0	0.0	0.0	0.0	2.0	1.0	1.0	1.0	1.5	1.0	0.0	2.0	0.0	16
MTSI	5.7	1.0	0.0	1.0	2.0	2.0	2.0	2.0	1.5	0.5	1.5	2.0	0.0	0.0	0.5	1.0	1.5	0.5	1.5	18
DNOW	4.7	1.0	1.0	1.0	2.0	0.5	2.0	1.0	0.5	0.0	0.5	1.0	1.5	0.5	2.0	1.0	0.5	0.5	0.5	16
BKT.MC	6.4	0.0	1.0	1.0	2.0	2.0	1.0	0.0	2.0	1.0	2.0	1.5	1.5	1.0	1.5	2.0	0.0	2.0	1.5	15
NJR	5.4	1.0	0.0	1.0	0.0	1.5	1.5	1.5	1.0	0.0	1.0	1.0	1.5	1.5	1.5	2.0	1.5	0.0	2.0	18
ACAN.PA	3.8	0.0	1.0	1.0	1.0	0.0	0.0	2.0	1.0	0.0	1.0	1.0	2.0	0.0	1.0	1.0	1.0	0.5	0.0	14
ZIOC.L	3.2	1.0	1.0	1.0	1.0	0.5	1.0	0.0	0.0	0.0	0.5	1.0	0.0	1.0	1.0	1.0	0.0	0.5	1.0	11
CAR	5.0	2.0	0.0	1.0	0.0	0.5	0.5	1.0	1.0	2.0	1.0	1.0	1.0	0.5	1.5	1.0	1.0	1.5	1.5	16
ENITY.ST	6.4	0.5	1.0	1.0	0.0	2.0	2.0	2.0	2.0	1.0	0.5	2.0	2.0	1.0	1.0	2.0	0.0	2.0	1.0	15
8015.T	5.7	1.5	1.0	1.0	1.0	1.0	2.0	0.5	0.5	0.5	1.0	1.0	1.5	1.5	2.0	2.0	0.5	1.5	0.5	16
WFA.DE	4.7	1.0	1.0	1.0	1.0	2.0	0.0	1.5	0.0	1.0	1.0	1.0	1.5	1.0	1.0	1.0	0.0	1.0	1.0	7
SRG.US	3.8	1.0	1.0	1.0	1.0	0.5	0.0	0.0	0.0	0.0	1.0	1.0	2.0	1.0	1.0	1.0	0.0	2.0	0.0	13
BELFB	6.0	1.0	0.0	1.0	2.0	1.0	2.0	1.5	1.5	0.5	1.0	2.0	1.0	0.5	1.5	2.0	1.0	1.0	1.0	18
AGI	6.8	1.5	1.0	1.0	0.0	2.0	2.0	2.0	2.0	0.5	0.5	1.5	1.5	1.5	1.0	2.0	2.0	0.5	2.0	17
SYNT.L	4.4	1.0	1.0	1.0	1.0	0.5	1.0	1.0	0.5	0.0	0.5	1.0	0.0	1.5	2.0	1.0	0.5	2.0	0.5	14
CLVT	6.2	2.0	1.0	1.0	0.0	0.0	0.5	2.0	0.5	2.0	1.0	1.0	2.0	2.0	1.5	1.0	2.0	1.5	1.5	16
KVYO	5.8	0.0	2.0	1.0	0.0	1.0	2.0	2.0	0.0	1.5	2.0	2.0	1.0	1.0	1.5	1.0	0.0	1.5	1.5	18
MD	6.1	2.0	1.0	1.0	0.5	1.0	1.0	1.0	1.0	1.5	1.0	1.5	1.5	1.5	2.0	1.0	1.0	1.5	1.0	18
SUY1V.HE	4.7	1.5	1.0	1.0	2.0	0.5	1.0	0.0	0.0	0.0	0.5	1.0	2.0	0.0	2.0	1.0	0.5	2.0	1.0	16
TINC.BR	6.5	2.0	1.0	1.0	1.0	2.0	2.0	2.0	2.0	1.5	0.5	0.0	2.0	1.5	1.0	2.0	2.0	0.0	0.0	16
2015.HK	3.8	0.0	1.0	1.0	0.0	0.5	0.0	0.5	0.0	0.0	2.0	1.0	1.5	1.0	2.0	1.0	0.0	2.0	0.0	16
SPTX	4.6	1.0	1.0	1.0	1.5	0.5	1.0	0.0	0.0	1.0	1.0	1.0	1.5	1.0	1.0	1.0	0.0	2.0	1.0	11
DAM.DE	4.6	1.0	1.0	1.0	1.0	0.5	0.5	0.5	0.5	1.5	0.5	1.0	2.0	1.0	2.0	0.0	0.5	1.5	0.5	14
MEKKO.HE	5.8	1.5	1.0	1.0	0.0	1.5	0.5	2.0	1.0	2.0	0.5	1.5	0.5	1.5	1.5	1.5	1.0	1.0	1.5	17
ILMN	4.9	0.5	0.0	1.0	0.5	1.5	1.0	2.0	1.5	0.5	2.0	1.5	0.0	0.0	1.0	1.0	1.5	0.5	1.5	18
GRI.L	5.6	2.0	1.0	1.0	1.0	2.0	0.0	2.0	2.0	0.0	1.0	0.0	0.0	0.5	0.5	2.0	2.0	1.0	2.0	16
TTR1.DE	6.1	2.0	1.0	1.0	1.0	1.0	0.5	1.0	0.5	2.0	0.5	2.0	1.5	1.5	2.0	2.0	0.5	1.0	1.0	16
FWONK	5.0	0.0	0.0	1.0	0.0	1.0	1.5	1.0	1.5	1.0	1.5	2.0	1.5	0.0	1.0	1.0	1.5	1.0	1.5	18
PAYX	6.2	1.0	0.0	1.0	0.0	2.0	1.0	2.0	2.0	1.5	1.5	2.0	0.5	1.5	1.0	1.0	2.0	0.5	2.0	18
9658.HK	4.3	0.0	1.0	1.0	1.0	1.0	1.0	1.0	0.5	0.5	1.0	1.5	1.5	0.0	1.0	1.0	1.0	0.5	1.0	16
UTHR	6.8	1.0	2.0	1.0	0.0	2.0	0.5	2.0	2.0	1.0	1.5	1.5	1.0	1.5	1.0	1.0	2.0	1.5	2.0	18
HCA	6.5	1.5	2.0	1.0	0.0	1.0	1.0	1.5	1.5	1.0	2.0	1.5	1.0	1.5	2.0	2.0	1.5	0.5	1.0	17
IS7.DE	5.6	1.0	1.0	1.0	1.0	0.5	0.5	1.5	0.0	2.0	0.5	1.0	2.0	1.5	2.0	1.0	0.5	2.0	1.0	15
ALL.ASX	6.9	2.0	1.0	1.0	1.0	2.0	0.5	2.0	2.0	1.0	1.5	1.5	1.0	1.0	1.0	2.0	2.0	0.5	2.0	16
REVB.L	3.8	1.0	1.0	1.0	1.0	0.0	0.0	1.5	0.0	0.0	0.5	1.0	1.0	1.0	2.0	1.0	0.0	1.5	0.0	13
CNO	7.1	1.5	0.0	1.0	1.0	1.0	1.5	1.5	1.5	2.0	0.5	2.0	1.5	1.5	2.0	2.0	1.5	2.0	1.5	18
STJ.L	5.4	1.0	1.0	1.0	1.0	1.0	2.0	0.5	0.5	2.0	1.5	0.0	0.0	2.0	2.0	2.0	0.5	1.0	0.5	16
ARI	5.8	1.5	1.0	1.0	0.0	2.0	2.0	2.0	2.0	1.0	0.5	0.0	2.0	1.0	1.0	1.0	0.0	2.0	1.0	16
VANTI.PA	4.9	1.5	1.0	1.0	1.0	0.0	0.0	0.5	0.5	2.0	0.5	1.0	1.0	2.0	2.0	1.0	0.5	2.0	0.0	14
CRWV	5.3	1.0	2.0	1.0	0.0	0.0	2.0	2.0	0.0	0.0	2.0	1.0	0.5	0.5	0.5	1.0	2.0	1.5	2.0	16
EMAARDEV.AE	8.5	2.0	1.0	1.0	0.0	2.0	2.0	2.0	2.0	2.0	1.5	1.5	1.5	2.0	2.0	2.0	2.0	2.0	2.0	17
BL	5.4	0.0	0.0	1.0	0.5	1.0	1.0	2.0	0.5	2.0	1.5	2.0	1.0	0.5	1.5	1.0	0.5	2.0	1.5	18
AGBK	5.4	2.0	0.0	1.0	0.0	2.0	0.0	2.0	1.0	1.0	1.5	2.0	2.0	1.0	1.0	1.0	0.0	2.0	0.0	16
HLUNB.CO	7.1	0.0	1.0	1.0	1.0	1.5	1.0	2.0	1.5	2.0	1.5	2.0	1.5	2.0	2.0	2.0	1.5	0.5	1.5	17
AMS.MC	7.4	1.5	1.0	1.0	0.5	1.5	1.0	1.5	2.0	2.0	2.0	2.0	1.0	1.5	1.5	2.0	2.0	0.5	2.0	17
UNM	5.7	1.5	0.0	1.0	0.5	1.0	1.0	1.0	1.0	0.0	1.5	2.0	1.5	1.5	2.0	2.0	0.5	1.5	1.0	18
DSFIR.NV	5.4	2.0	1.0	1.0	1.5	0.0	1.0	1.5	0.5	0.0	2.0	2.0	1.5	0.5	1.5	0.0	1.0	1.0	1.5	17
EME.L	4.0	1.0	1.0	1.0	1.0	0.5	1.0	0.0	0.0	0.0	1.0	1.0	1.0	1.0	1.0	1.0	0.0	2.0	1.0	9
WJL.ASX	5.8	0.5	1.0	1.0	1.0	1.0	1.0	2.0	1.0	0.0	1.0	2.0	2.0	2.0	2.0	0.0	1.0	2.0	0.5	16
SF.US	7.1	2.0	1.0	1.0	1.5	1.5	1.5	2.0	1.5	1.0	1.0	2.0	1.5	1.0	2.0	2.0	0.0	2.0	1.0	16
SANA	3.8	1.0	1.0	1.0	0.0	0.5	1.0	0.0	0.0	0.5	1.0	1.0	1.0	1.0	1.0	1.0	0.0	1.5	1.0	13
ALGEN.PA	4.9	1.0	1.0	0.5	1.0	1.0	1.0	1.5	1.0	0.0	1.0	1.0	1.5	1.0	1.0	1.0	1.0	2.0	0.0	11
GDST	4.0	1.0	1.0	1.0	1.0	0.5	1.0	0.0	0.0	2.0	1.0	1.0	1.0	1.0	1.0	1.0	0.0	0.0	1.0	7
QNST	6.8	1.5	2.0	1.0	2.0	1.0	2.0	0.5	0.5	2.0	1.0	2.0	1.5	1.5	2.0	1.0	0.5	1.5	1.0	18
M3B0.DE	4.9	1.0	1.0	1.0	1.0	0.0	0.5	1.0	0.0	2.0	0.5	1.0	2.0	1.0	2.0	1.0	0.0	1.5	1.0	14
DNA	3.9	1.0	1.0	1.0	1.0	0.0	0.0	2.0	0.0	0.0	0.5	1.0	1.5	1.0	1.0	1.0	0.0	2.0	0.0	14
MBX	3.9	1.0	2.0	1.0	0.0	0.5	1.0	0.0	0.0	0.0	1.5	1.0	0.5	1.0	1.0	1.0	0.0	1.5	1.0	13
SSE.L	5.6	2.0	1.0	1.0	1.0	1.5	0.5	1.5	1.5	0.0	1.5	0.0	0.0	1.0	1.5	1.5	1.5	1.0	2.0	16
TNE.ASX	6.0	1.0	1.0	1.0	1.0	2.0	1.5	2.0	2.0	0.5	1.5	2.0	0.0	0.0	0.5	1.5	1.5	0.5	2.0	16
MUM.DE	5.3	0.0	1.0	1.0	1.0	1.5	1.0	2.0	1.5	1.0	0.5	2.0	0.5	1.5	1.5	0.0	1.5	0.5	1.0	16
REXR	4.7	1.0	0.0	1.0	0.0	0.0	0.5	2.0	2.0	1.0	1.5	1.0	1.5	1.0	0.5	0.0	2.0	0.0	2.0	17
WING	6.7	1.5	2.0	1.0	0.0	1.5	1.0	1.5	2.0	1.0	2.0	1.5	1.0	1.0	1.0	2.0	1.5	0.5	2.0	17
PSG.MC	6.5	2.0	1.0	1.0	1.0	1.0	1.0	1.0	0.5	2.0	1.0	1.5	1.5	2.0	2.0	1.5	0.5	2.0	1.0	16
LILA	6.0	1.0	0.0	1.0	1.0	0.5	1.0	2.0	1.5	2.0	0.5	1.0	1.0	1.5	1.5	1.0	1.5	2.0	1.5	15
ALDUX.PA	4.2	0.0	1.0	1.0	1.0	1.0	0.5	1.0	0.5	0.0	0.5	0.0	1.5	2.0	2.0	1.0	1.0	0.5	0.5	16
SECU-B.ST	6.2	1.5	1.0	1.0	1.0	1.0	0.5	1.0	0.5	2.0	1.5	2.0	1.5	1.5	2.0	2.0	0.5	1.0	1.0	17
AUGO	6.8	1.0	1.0	1.0	0.0	2.0	2.0	2.0	2.0	1.5	1.5	2.0	0.0	1.5	1.0	1.5	2.0	0.5	2.0	18
UNF	5.6	1.0	0.0	1.0	1.5	1.0	1.0	1.5	0.5	1.0	0.5	2.0	1.5	1.0	2.0	2.0	1.0	0.5	1.0	18
MLTX	4.9	1.0	2.0	1.0	2.0	0.5	1.0	0.0	0.0	0.0	1.5	1.0	1.5	1.0	1.0	1.0	0.0	2.0	1.0	13
NRIM	5.8	2.0	0.0	1.0	1.0	2.0	1.0	0.0	2.0	1.0	0.5	0.5	1.5	1.0	1.5	2.0	0.0	2.0	2.0	16
IMI.L	5.6	1.0	1.0	1.0	1.0	1.5	1.0	1.5	1.5	1.0	1.5	0.0	0.0	1.0	1.5	2.0	1.5	0.5	1.5	16
PDA0.DE	4.7	1.0	1.0	1.0	1.0	0.5	2.0	0.0	0.5	1.0	0.5	1.0	1.5	1.0	2.0	1.0	0.0	1.0	1.0	12
MMT.PA	5.0	0.5	1.0	1.0	1.0	1.0	1.0	1.0	0.5	0.5	1.0	2.0	1.5	1.5	2.0	0.0	1.0	0.5	1.0	16
SPOT	4.6	1.5	0.0	1.0	0.5	1.5	1.5	1.0	1.0	0.5	2.0	0.5	0.0	0.0	1.0	1.0	1.0	1.0	1.5	18
APG	5.3	1.0	0.0	1.0	1.5	1.0	1.5	1.0	1.0	1.0	1.5	1.0	1.0	1.0	1.5	1.0	1.0	1.0	1.0	16
GL	7.2	1.5	2.0	1.0	1.5	1.5	1.0	1.0	1.5	2.0	1.5	1.5	1.5	1.5	1.5	2.0	1.5	0.5	1.5	18
VRTS	6.9	2.0	2.0	1.0	0.0	1.5	0.5	1.5	1.0	1.5	0.5	2.0	2.0	2.0	2.0	2.0	1.5	2.0	0.0	18
LIN.PA	5.8	0.0	1.0	1.0	1.0	1.0	0.5	1.0	1.0	2.0	0.5	2.0	1.5	1.5	1.5	2.0	1.0	1.0	1.5	16
6981.T	6.7	1.5	1.0	1.0	2.0	1.5	2.0	1.5	1.5	0.5	1.5	2.0	1.0	0.5	1.0	2.0	1.5	0.5	1.5	17
0883.HK	7.9	2.0	1.0	1.0	0.0	2.0	2.0	2.0	2.0	1.5	1.5	0.5	1.5	2.0	1.5	2.0	2.0	2.0	2.0	17
APPN	4.7	1.0	0.0	1.0	1.5	0.5	1.5	2.0	0.5	1.0	1.0	1.0	1.0	0.0	1.5	1.0	0.5	1.0	1.0	15
2016.HK	5.7	2.0	1.0	1.0	1.0	2.0	1.0	0.0	1.5	1.0	0.5	1.5	2.0	1.0	1.0	2.0	0.0	2.0	0.0	14
HPHA.DE	4.2	0.0	1.0	1.0	1.0	0.5	2.0	2.0	0.5	0.0	0.5	1.0	1.0	1.0	0.5	1.0	0.0	2.0	0.0	14
ING.ASX	5.6	1.0	1.0	1.0	1.0	1.0	1.0	0.5	0.5	2.0	1.0	2.0	1.0	1.5	2.0	0.0	0.5	2.0	1.0	16
RGN.ASX	5.8	2.0	1.0	1.0	1.0	2.0	1.0	2.0	2.0	0.5	1.5	0.0	2.0	1.0	0.5	1.5	0.0	0.0	2.0	15
INO	3.9	1.0	1.0	1.0	2.0	0.5	1.0	0.0	0.0	0.0	0.5	1.0	0.0	1.0	1.0	1.0	0.0	2.0	1.0	13
VRV.DE	6.1	2.0	1.0	1.0	1.0	0.5	2.0	1.5	0.5	0.0	1.0	0.0	2.0	2.0	2.0	1.0	1.0	2.0	1.5	16
ASND	5.3	1.0	0.0	1.0	0.0	2.0	2.0	2.0	2.0	0.5	2.0	0.0	0.5	0.0	0.5	1.0	1.5	1.0	2.0	18
SAB.MC	5.4	0.0	1.0	1.0	0.5	2.0	1.0	0.0	2.0	1.0	2.0	2.0	1.5	1.0	1.0	1.5	0.0	2.0	0.0	14
OPTI.BR	4.3	2.0	1.0	1.0	1.0	0.5	1.0	1.5	0.0	0.0	1.0	2.0	0.0	1.0	2.0	1.0	0.0	0.5	0.0	15
NC5A.DE	4.6	1.0	1.0	1.0	1.0	0.0	0.0	1.5	0.0	1.5	1.0	1.0	1.5	1.0	2.0	1.0	0.0	0.5	1.5	13
ZWS	6.9	1.0	2.0	1.0	1.5	1.5	1.5	1.5	2.0	1.0	1.0	2.0	1.0	1.0	1.5	2.0	1.5	0.5	1.5	18
IPI	7.5	2.0	2.0	1.0	2.0	1.5	0.5	1.0	0.5	2.0	0.5	1.5	2.0	2.0	2.0	1.0	1.5	2.0	2.0	18
STMMI.MI	6.1	2.0	1.0	1.0	1.0	1.0	2.0	1.0	0.5	0.5	1.0	1.0	1.5	1.0	1.5	1.5	1.5	1.5	1.5	14
5631.T	5.8	2.0	1.0	1.0	1.0	1.0	0.0	1.0	1.0	1.0	1.0	1.5	1.5	1.0	1.5	2.0	1.0	1.5	1.0	14
3808.HK	6.7	2.0	1.0	1.0	1.0	1.0	2.0	0.5	0.5	1.0	1.5	1.5	1.5	2.0	2.0	2.0	0.5	2.0	1.0	14
SMMT	3.5	1.0	0.0	1.0	1.5	0.5	1.0	0.0	0.0	0.0	1.5	1.0	0.0	1.0	1.0	1.0	0.0	1.0	1.0	13
BAC	6.8	2.0	0.0	1.0	1.5	2.0	1.5	0.0	2.0	1.0	2.0	1.5	1.5	1.0	1.5	2.0	0.0	2.0	2.0	16
NTAP	7.1	1.0	1.0	1.0	2.0	1.5	2.0	2.0	2.0	1.0	1.5	2.0	0.0	1.0	1.0	2.0	1.5	1.0	2.0	18
THS.L	6.5	2.0	1.0	1.0	1.0	1.5	2.0	1.5	1.5	0.0	0.5	0.0	0.0	2.0	2.0	2.0	2.0	2.0	1.5	16
AMBEA.ST	5.6	1.0	1.0	1.0	1.0	1.0	1.0	1.0	0.5	2.0	0.5	2.0	1.5	1.0	2.0	2.0	0.5	0.0	1.0	17
VVY.NV	3.5	1.0	1.0	1.0	1.0	0.5	1.0	0.0	0.0	0.0	0.5	1.0	0.5	1.0	1.0	1.0	0.0	1.0	1.0	11
SDZ.ZU	5.8	1.5	1.0	1.0	1.0	1.0	1.0	1.5	0.5	1.0	1.5	2.0	1.0	0.5	1.5	1.5	1.0	1.0	1.5	16
KEMIRA.HE	5.6	0.0	1.0	1.0	0.0	1.0	0.5	0.5	1.0	1.5	1.0	2.0	1.5	2.0	2.0	1.5	1.0	1.0	1.5	17
PRTS	4.6	0.5	1.0	1.0	2.0	0.5	0.0	1.0	0.0	1.5	0.5	1.0	1.5	1.0	2.0	1.0	0.0	2.0	0.0	16
VEON	7.9	1.0	2.0	1.0	1.0	1.0	1.5	2.0	2.0	2.0	1.0	2.0	1.0	2.0	2.0	1.0	2.0	2.0	2.0	18
836.HK	7.1	1.0	1.0	1.5	1.0	1.5	1.0	1.5	1.5	0.0	1.5	1.0	2.0	1.5	1.5	2.0	2.0	2.0	2.0	16
LEN.B	5.3	1.0	2.0	1.0	1.0	1.0	1.0	1.0	1.0	1.0	1.0	1.0	1.0	1.0	1.0	1.0	1.0	1.0	1.0	1
GWRE	5.8	2.0	1.0	1.0	0.0	1.0	1.5	2.0	1.5	1.0	1.5	2.0	0.5	0.0	1.0	1.0	1.0	1.0	2.0	18
ENTA	3.3	1.0	0.0	1.0	0.0	0.0	0.0	2.0	0.0	0.0	1.0	1.0	1.0	1.0	1.0	1.0	0.0	2.0	0.0	16
OTTR	6.4	1.0	1.0	1.0	1.5	1.5	1.0	1.5	1.5	0.0	0.5	1.5	1.5	1.5	1.5	2.0	1.5	1.0	2.0	17
ALI1.DE	5.3	0.0	2.0	1.0	1.0	2.0	2.0	1.5	2.0	0.0	0.5	1.0	0.5	0.0	0.0	1.0	0.5	2.0	2.0	16
AL2SI.PA	4.0	0.0	1.0	1.0	1.0	1.0	2.0	0.0	0.5	1.0	0.5	2.0	0.0	0.0	2.0	1.0	0.5	0.5	0.5	16
APH	6.4	2.0	0.0	1.0	2.0	1.5	2.0	1.5	2.0	0.5	1.5	2.0	0.0	0.5	1.0	2.0	1.5	0.5	1.5	18
WLN.PA	5.7	2.0	1.0	1.0	1.0	0.0	0.5	2.0	0.5	0.0	1.5	1.0	2.0	1.5	2.0	1.0	0.5	2.0	1.0	15
LOAR	5.6	0.0	0.0	1.0	1.5	1.5	2.0	2.0	2.0	0.5	1.0	2.0	1.0	0.0	0.5	1.0	2.0	0.5	1.5	18
BHE	6.1	1.5	1.0	1.0	2.0	1.0	1.5	0.5	0.5	1.0	0.5	2.0	1.5	1.0	2.0	2.0	0.5	1.5	1.0	18
SDCCQ	4.4	1.0	1.0	1.0	1.0	0.0	0.0	2.0	0.0	0.0	1.0	1.0	2.0	1.0	2.0	1.0	0.0	2.0	0.0	13
SLB	6.0	1.5	0.0	1.0	0.0	1.0	1.0	0.5	1.0	1.0	2.0	2.0	1.5	1.5	1.5	2.0	1.5	1.0	1.5	18
CHCO	6.1	1.0	1.0	1.0	1.5	2.0	1.0	0.0	2.0	1.0	1.0	1.5	1.5	1.0	1.0	2.0	0.0	1.5	2.0	16
TLS.ASX	5.8	0.5	1.0	1.0	1.0	1.0	0.5	2.0	1.5	1.0	1.5	1.5	1.0	1.5	1.5	0.0	1.5	1.0	2.0	14
PDL.L	3.8	1.0	1.0	1.0	1.0	0.0	0.0	0.0	0.0	0.0	0.5	1.0	1.0	1.0	2.0	1.0	0.0	2.0	1.0	13
NXR.L	5.8	0.5	1.0	1.0	1.0	1.0	2.0	2.0	1.0	2.0	1.0	0.0	0.0	2.0	2.0	1.0	1.0	1.5	1.0	16
APTA.L	3.9	1.0	1.0	1.0	1.0	0.0	2.0	1.5	0.0	0.0	1.0	1.0	0.0	1.0	1.0	1.0	0.0	1.5	0.0	13
BP.L	6.5	2.0	1.0	1.0	2.0	1.0	2.0	1.0	1.0	2.0	1.5	0.0	0.0	2.0	2.0	1.0	1.0	2.0	1.0	17
3969.HK	6.7	2.0	1.0	2.0	1.0	1.5	0.5	1.0	1.5	1.0	0.5	1.0	2.0	2.0	2.0	1.0	1.0	2.0	1.0	16
DAVA	5.4	2.0	0.0	1.0	1.0	0.0	0.5	1.0	0.0	2.0	1.0	1.0	2.0	1.5	2.0	1.0	0.5	2.0	1.0	17
ALBOA.PA	5.1	1.0	1.0	1.0	1.0	0.5	1.5	1.5	0.5	0.0	1.0	1.0	2.0	1.0	2.0	1.0	0.0	2.0	0.5	13
SAABB.ST	6.0	1.5	1.0	1.0	1.5	1.0	2.0	1.0	1.0	1.0	1.5	2.0	0.5	0.0	1.5	2.0	1.0	0.5	1.5	17
ED	6.4	1.0	1.0	1.0	0.5	1.5	1.5	2.0	1.5	0.0	1.5	1.5	1.5	1.5	1.5	2.0	1.5	0.5	1.5	18
GILD	6.4	1.0	1.0	1.0	1.5	0.0	1.5	2.0	2.0	1.5	2.0	1.0	0.0	1.0	1.0	2.0	2.0	0.5	2.0	17
E4C.DE	6.0	2.0	1.0	1.0	1.0	1.0	1.5	0.5	0.5	2.0	0.5	2.0	2.0	2.0	2.0	0.0	0.5	1.0	1.0	16
STO3.DE	6.5	1.0	1.0	1.0	1.0	1.0	1.0	2.0	0.5	1.5	0.5	2.0	2.0	2.0	2.0	2.0	0.5	2.0	0.5	16
FIGR	5.6	0.5	0.0	1.0	2.0	2.0	2.0	2.0	2.0	0.0	1.0	2.0	1.0	1.0	0.5	1.0	0.0	2.0	0.0	17
GPRE	6.2	1.5	2.0	1.0	2.0	1.0	0.0	0.5	1.5	1.0	1.0	1.0	1.5	2.0	2.0	1.0	1.0	1.5	1.0	18
AOSL	3.5	1.0	0.0	1.0	0.0	0.5	0.5	1.0	0.0	0.0	0.5	1.0	1.5	0.0	2.0	1.0	0.5	2.0	0.0	16
ATKR	5.3	1.0	0.0	1.0	0.5	0.5	1.0	1.0	1.0	2.0	0.5	1.0	1.5	1.5	2.0	2.0	0.5	1.5	0.5	16
1288.HK	5.6	1.5	1.0	1.0	0.5	2.0	1.5	0.0	2.0	1.0	1.5	0.5	2.0	1.0	0.5	2.0	0.0	2.0	0.0	15
QLYS	6.2	0.5	0.0	1.0	1.5	2.0	1.5	2.0	2.0	1.0	1.5	2.0	0.0	0.5	1.0	1.0	2.0	1.0	2.0	18
BEAN.ZU	6.0	1.5	1.0	1.0	1.0	1.5	2.0	2.0	1.5	0.5	1.5	2.0	0.0	0.0	1.0	2.0	1.5	0.5	1.0	16
SDRL	5.4	0.0	0.0	1.0	0.0	1.0	1.5	1.5	1.5	0.5	1.0	2.0	2.0	2.0	1.5	1.0	1.5	1.5	0.0	18
WIMI	4.3	2.0	1.0	1.0	1.0	2.0	0.0	1.0	0.5	0.0	1.0	0.0	2.0	0.0	1.0	1.0	0.0	2.0	0.0	15
PGR	6.5	0.0	1.0	1.0	2.0	1.5	1.0	0.5	1.5	2.0	2.0	2.0	1.0	1.5	2.0	1.5	1.0	0.5	1.5	18
TOM2.NV	5.0	0.0	1.0	1.0	1.0	1.0	0.5	2.0	0.5	0.0	0.5	1.0	1.0	2.0	2.0	1.0	0.5	2.0	1.0	16
SFBS	6.5	1.5	2.0	1.0	1.5	2.0	2.0	0.0	2.0	1.0	0.5	1.5	1.5	1.0	1.0	2.0	0.0	1.0	2.0	16
IMM.L	3.3	1.0	1.0	1.0	1.0	0.5	1.0	0.0	0.0	0.0	1.0	1.0	0.0	1.0	1.0	1.0	0.0	0.5	1.0	10
AUB	6.2	1.5	0.0	1.0	1.0	2.0	2.0	0.0	2.0	1.0	1.0	1.5	1.5	1.0	1.5	2.0	0.0	1.5	2.0	16
CNQ	6.9	0.5	0.0	1.0	0.0	2.0	2.0	2.0	2.0	1.5	0.5	2.0	1.5	2.0	1.5	2.0	2.0	0.5	2.0	18
NWH.ASX	6.9	2.0	1.0	1.0	1.0	1.0	2.0	2.0	0.5	1.5	1.5	2.0	1.0	1.5	2.0	2.0	1.0	1.0	1.0	16
BB	5.7	1.5	1.0	0.5	0.5	1.5	2.0	2.0	1.5	1.0	1.0	2.0	0.5	0.0	1.0	1.0	1.0	1.0	1.5	17
AEP.L	6.1	1.5	1.0	1.0	1.0	1.5	1.0	1.0	1.5	1.5	0.5	0.0	0.0	2.0	2.0	2.0	1.5	1.5	1.5	16
AOS	6.2	1.5	1.0	1.0	0.0	1.5	0.5	1.5	1.5	1.5	1.5	1.5	1.0	1.5	1.5	2.0	1.5	0.5	1.5	18
AIXC	3.3	1.0	1.0	1.0	1.0	0.5	1.0	0.0	0.0	0.0	1.0	1.0	0.0	1.0	1.0	1.0	0.0	0.5	1.0	9
ACH.US	4.6	2.0	0.0	1.0	0.0	0.0	0.0	1.5	0.0	2.0	0.5	1.0	1.0	2.0	2.0	1.0	1.0	1.5	0.0	16
SPCE	3.6	1.0	1.0	1.0	2.0	0.5	0.0	0.0	0.0	0.0	1.0	1.0	1.5	1.0	0.0	1.0	0.0	2.0	0.0	15
BOE.ASX	6.1	0.0	1.0	1.0	1.0	1.0	2.0	1.0	1.0	1.0	1.5	2.0	1.5	1.0	1.5	1.0	1.5	1.0	2.0	16
H.US	5.7	1.5	2.0	1.0	0.0	1.0	0.5	1.5	1.5	0.5	2.0	2.0	1.0	0.5	1.0	1.5	1.5	0.5	1.0	18
TIT.MI	6.8	0.0	1.0	1.0	1.0	1.0	1.0	1.5	1.0	2.0	1.5	2.0	1.5	2.0	2.0	1.0	1.5	1.5	2.0	16
ALPJT.PA	4.9	0.0	1.0	1.0	1.0	0.5	1.0	1.5	0.5	0.0	0.5	1.0	2.0	1.5	2.0	1.0	0.5	2.0	0.5	15
COHR	5.6	2.0	0.0	1.0	2.0	1.5	2.0	1.5	1.0	0.0	2.0	2.0	1.0	0.0	1.0	1.0	1.0	0.5	0.5	18
NVCR	4.9	1.0	1.0	1.0	2.0	0.0	1.5	2.0	0.0	0.5	1.0	1.0	1.0	1.0	1.5	1.0	0.0	2.0	0.0	16
1530.HK	6.9	0.5	1.0	1.0	1.0	2.0	1.0	2.0	2.0	1.0	1.0	0.0	1.5	2.0	2.0	2.0	2.0	2.0	1.0	14
2367.HK	7.2	1.5	1.0	1.0	1.0	2.0	0.5	2.0	2.0	0.0	1.5	1.5	1.5	1.5	1.5	2.0	1.5	2.0	2.0	16
DUOL	6.1	1.0	0.0	1.0	1.5	2.0	1.5	2.0	1.0	1.0	1.5	0.5	1.0	0.5	1.5	1.0	1.0	2.0	2.0	18
ING.L	6.7	2.0	1.0	1.0	1.0	1.5	0.5	2.0	1.0	1.5	0.5	2.0	0.0	2.0	2.0	2.0	1.0	2.0	1.0	16
SBCF	6.2	1.0	0.0	1.0	1.5	2.0	2.0	0.0	2.0	1.0	1.0	2.0	1.5	1.0	1.0	2.0	0.0	1.5	2.0	16
TEM.L	5.0	1.5	1.0	1.0	1.0	1.0	1.0	1.0	1.0	1.0	0.5	1.0	1.0	1.0	1.0	1.0	1.0	1.0	1.0	3
HOV	5.1	1.0	1.0	1.0	2.0	1.0	0.0	0.5	0.5	0.0	0.5	2.0	2.0	0.5	2.0	1.0	0.5	2.0	1.0	17
KNOP	6.9	0.0	1.0	1.0	0.0	1.0	1.0	2.0	1.0	2.0	0.5	2.0	2.0	2.0	1.5	2.0	2.0	2.0	2.0	17
WTTR	4.9	0.0	0.0	1.0	2.0	1.0	1.0	1.0	1.0	0.0	1.0	2.0	1.5	1.5	1.5	0.0	1.0	0.5	1.5	18
MKS.L	5.7	2.0	1.0	1.0	1.0	1.0	2.0	1.0	0.5	1.0	1.5	0.0	0.0	1.5	2.0	2.0	0.5	1.5	1.0	16
ALLGO.PA	3.6	1.0	1.0	1.0	1.0	0.0	0.5	0.0	0.0	0.0	0.5	1.0	1.0	1.0	2.0	1.0	0.0	2.0	0.0	13
3697.T	5.6	0.5	1.0	1.0	1.0	1.0	2.0	1.0	1.0	1.0	1.0	2.0	1.0	1.0	2.0	1.0	0.0	1.5	1.0	13
SYRE	3.9	1.0	2.0	1.0	0.0	0.5	1.0	0.0	0.0	0.0	1.5	1.0	0.5	1.0	1.0	1.0	0.0	1.5	1.0	12
9696.HK	7.6	1.0	1.0	1.0	2.0	2.0	2.0	2.0	2.0	0.0	1.5	1.0	2.0	2.0	1.5	1.0	2.0	2.0	1.5	17
CURB	6.1	0.0	2.0	1.0	2.0	1.5	2.0	2.0	1.5	1.0	1.0	1.0	1.5	0.5	0.5	0.0	2.0	0.5	2.0	18
BWIN	5.1	1.0	2.0	1.0	0.5	0.5	2.0	1.0	0.5	2.0	1.0	1.0	1.0	0.0	1.5	1.0	0.5	1.0	1.0	16
OCI.NV	4.3	1.0	1.0	1.0	1.0	1.5	1.5	0.0	0.0	0.0	1.0	1.0	2.0	1.0	2.0	1.0	0.0	0.5	0.0	14
BOBS	5.6	1.5	1.0	1.0	0.5	1.0	1.0	1.5	1.0	1.0	1.5	1.0	1.0	1.5	2.0	1.0	1.0	0.5	1.0	17
ENGCONb.ST	4.6	0.0	1.0	1.0	0.5	1.5	1.5	1.5	1.5	0.5	0.5	2.0	0.0	0.5	1.0	1.5	1.0	0.0	1.0	17
LFST	5.3	0.0	1.0	1.0	2.0	1.0	2.0	1.0	0.5	1.0	1.5	2.0	1.0	0.0	1.5	1.0	0.5	1.0	1.0	18
MT.US	5.0	2.0	1.0	1.0	0.0	1.0	1.0	0.0	0.5	0.0	1.0	2.0	1.5	0.5	2.0	2.0	0.5	1.0	1.0	18
PRLD	4.6	1.0	2.0	1.0	2.0	0.0	1.0	2.0	0.0	0.0	1.0	1.0	1.0	1.0	0.5	1.0	0.0	2.0	0.0	15
NAE.PA	4.2	1.0	1.0	1.0	1.0	0.5	0.0	0.0	0.5	0.0	1.0	1.0	1.5	0.5	2.0	2.0	0.5	1.5	0.0	13
1800.HK	5.7	1.5	1.0	1.0	1.0	1.0	0.5	0.5	0.5	2.0	0.5	1.5	2.0	0.5	2.0	2.0	0.5	2.0	0.5	16
PTON	6.4	0.5	0.0	1.0	1.0	1.0	1.0	2.0	1.0	2.0	1.5	2.0	1.0	1.5	2.0	1.0	1.0	2.0	1.5	17
BILL.ST	4.4	0.0	1.0	1.0	2.0	0.5	0.5	1.5	0.0	0.0	1.0	1.0	2.0	1.5	2.0	0.0	0.5	0.5	1.0	16
AET.L	6.8	1.0	1.0	1.0	1.0	0.5	2.0	1.0	2.0	2.0	1.0	1.0	0.0	2.0	2.0	1.0	2.0	2.0	2.0	14
USAC	6.2	1.0	0.0	1.0	2.0	1.5	2.0	2.0	2.0	1.5	1.0	2.0	0.0	1.5	1.0	0.0	2.0	0.0	2.0	18
PM	6.9	1.0	2.0	1.0	0.5	2.0	1.5	2.0	2.0	1.0	1.5	2.0	1.0	1.0	1.0	1.0	2.0	0.5	2.0	17
REA.ASX	6.9	2.0	1.0	1.0	1.0	2.0	1.0	2.0	2.0	1.0	1.5	2.0	0.0	1.0	1.0	2.0	2.0	0.5	2.0	15
GSAT	4.2	2.0	1.0	1.0	2.0	0.0	0.5	2.0	0.0	0.0	0.5	1.0	0.0	0.0	0.0	1.0	1.5	0.5	2.0	16
CDXS	3.5	0.0	1.0	1.0	0.0	0.0	0.5	1.0	0.0	0.5	1.0	1.0	1.0	1.0	1.5	1.0	0.0	2.0	0.0	17
RJF	6.8	2.0	0.0	1.0	1.5	1.5	1.5	2.0	1.5	1.0	1.5	1.5	1.5	1.0	2.0	2.0	0.0	2.0	1.0	16
TBBB	5.0	1.0	0.0	1.0	1.0	0.5	2.0	0.5	0.5	2.0	1.5	1.0	0.0	1.0	2.0	1.0	0.0	2.0	1.0	15
FRE.DE	6.7	2.0	1.0	1.0	1.5	1.0	1.0	1.0	1.0	1.0	1.5	2.0	1.5	1.5	2.0	2.0	1.0	1.0	1.0	15
SITE	5.7	1.0	1.0	1.0	0.5	1.0	1.0	1.5	1.0	1.0	1.5	2.0	1.5	1.5	2.0	1.0	0.5	0.5	1.0	18
ALTHO.PA	4.0	1.0	1.0	1.0	1.0	0.5	1.0	0.0	0.0	1.0	1.0	1.0	1.0	1.0	1.0	1.0	0.0	1.0	1.0	6
GLO.PA	7.1	1.5	1.0	1.0	1.0	1.0	1.0	2.0	1.0	2.0	1.0	2.0	1.5	1.5	2.0	2.0	1.0	2.0	1.0	16
AVOL.ZU	6.1	0.0	1.0	1.0	1.0	1.0	0.5	2.0	0.5	2.0	1.5	2.0	1.0	1.5	2.0	1.0	1.0	1.5	1.5	16
LAT.PA	5.1	0.0	1.0	1.0	1.0	0.5	1.5	1.5	0.0	2.0	1.0	1.0	1.5	1.0	2.0	1.0	0.0	2.0	0.5	14
FER.MC	5.6	0.0	1.0	1.0	1.0	1.0	1.0	2.0	1.0	1.0	2.0	2.0	0.5	0.5	1.5	0.0	1.0	1.5	2.0	17
8267.T	6.2	2.0	1.0	1.0	0.0	1.0	1.5	1.0	0.5	1.0	1.0	2.0	1.5	1.5	2.0	2.0	0.5	2.0	1.0	15
WIG1.DE	3.8	1.0	1.0	1.0	1.0	0.0	0.0	0.5	0.0	0.0	1.0	1.0	1.0	1.0	2.0	1.0	0.0	2.0	0.0	11
ONDS	4.9	1.0	2.0	1.0	0.0	2.0	2.0	1.5	0.0	0.0	1.0	1.0	1.5	1.0	0.5	1.0	0.0	2.0	0.0	16
LXRX	3.5	1.0	0.0	0.0	2.0	0.0	0.0	2.0	0.0	0.0	1.0	1.0	1.0	1.0	0.5	1.0	0.0	2.0	0.0	17
HSBK.L	4.7	2.0	1.0	1.0	1.0	2.0	0.5	0.0	0.0	1.0	0.5	0.0	2.0	1.0	1.0	2.0	0.0	1.0	1.0	11
S.US	5.0	1.0	2.0	1.0	0.0	0.0	2.0	2.0	0.0	1.0	2.0	1.0	1.0	1.0	1.0	1.0	0.0	1.0	1.0	16
EZJ.L	5.0	0.5	1.0	1.0	1.0	1.0	1.5	1.0	0.0	0.0	1.5	0.0	0.0	2.0	2.0	2.0	0.5	2.0	1.0	16
OI	5.7	2.0	2.0	1.0	0.0	0.0	0.5	0.5	0.5	1.5	1.0	1.0	1.5	2.0	2.0	1.0	1.0	2.0	1.0	17
ODD	4.4	0.0	2.0	1.0	0.5	1.0	0.0	2.0	0.0	0.0	1.0	2.0	1.0	0.0	2.0	1.0	0.5	2.0	0.0	18
REPX	8.2	0.5	2.0	1.0	2.0	2.0	2.0	2.0	2.0	2.0	0.5	2.0	1.5	2.0	1.5	2.0	2.0	0.5	2.0	18
JANX	4.2	1.0	0.0	1.0	2.0	0.5	1.0	0.0	0.0	0.0	1.5	1.0	1.5	1.0	1.5	1.0	0.0	2.0	0.0	15
CTRE	6.4	1.0	1.0	1.0	1.5	2.0	2.0	2.0	2.0	0.0	1.5	1.5	1.5	0.5	0.5	1.0	2.0	0.0	2.0	18
EKI.PA	5.3	1.0	1.0	1.0	1.0	0.5	1.0	2.0	0.0	1.5	0.5	1.0	2.0	1.0	2.0	1.0	0.0	2.0	0.5	14
EMH.DE	4.6	1.0	1.0	1.0	1.0	0.0	2.0	0.5	0.5	1.0	0.5	1.0	1.0	1.0	2.0	1.0	0.0	1.0	1.0	9
DIC.AE	7.1	2.0	1.0	1.0	1.0	2.0	2.0	1.5	2.0	1.0	0.5	0.0	1.5	1.5	1.5	1.5	1.5	2.0	2.0	16
ALAGP.PA	4.0	1.0	1.0	1.0	1.0	0.0	1.5	0.0	0.0	0.0	1.0	1.0	1.5	1.0	1.5	1.0	0.0	2.0	0.0	13
G.US	6.9	1.5	0.0	1.0	1.0	1.5	1.0	1.5	1.5	2.0	1.5	2.0	1.5	2.0	2.0	2.0	1.0	1.0	1.0	18
SBLK	8.2	1.5	1.0	1.0	2.0	2.0	2.0	1.5	2.0	1.0	1.0	2.0	1.5	2.0	1.5	2.0	2.0	1.5	2.0	17
285A.T	8.1	2.0	1.0	1.0	2.0	2.0	2.0	2.0	2.0	2.0	1.5	1.0	1.0	2.0	1.5	1.0	2.0	1.0	2.0	16
4188.T	5.7	0.5	1.0	1.0	0.0	1.0	1.5	1.0	1.0	2.0	1.5	1.0	2.0	1.5	2.0	0.0	0.5	2.0	1.0	16
KIM	6.5	0.5	2.0	1.0	1.0	2.0	1.0	2.0	2.0	1.5	2.0	1.0	1.5	1.0	0.5	0.0	2.0	0.5	2.0	18
9532.T	5.1	1.0	1.0	1.0	0.0	1.0	1.0	1.0	0.5	1.0	1.0	0.0	1.5	1.5	2.0	2.0	1.0	1.0	1.0	15
2513.HK	3.5	1.0	1.0	1.0	1.0	0.0	2.0	1.0	0.0	0.0	2.0	1.0	0.0	1.0	0.0	1.0	0.0	0.5	0.0	14
IBS.LS	6.2	2.0	1.0	1.0	1.0	1.0	1.0	1.0	0.5	2.0	0.5	2.0	1.5	1.5	2.0	0.0	1.0	2.0	1.5	16
GTES	6.8	1.0	1.0	1.0	1.5	1.5	1.0	1.5	1.5	1.5	1.5	2.0	1.5	1.5	1.5	1.0	1.5	1.5	1.0	18
EXPE	7.8	2.0	1.0	1.0	1.5	1.5	1.5	2.0	1.5	2.0	2.0	2.0	0.0	1.5	1.5	2.0	1.0	2.0	2.0	18
BBD	5.4	1.0	1.0	1.0	0.5	2.0	1.0	0.0	2.0	1.0	1.0	2.0	1.5	1.0	1.0	1.5	0.0	2.0	0.0	15
CPS	5.6	1.0	1.0	1.0	2.0	0.5	1.0	0.5	0.5	2.0	0.5	1.0	1.0	2.0	2.0	1.0	0.5	2.0	0.5	14
ATCO-A.ST	6.1	0.5	1.0	1.0	1.5	1.5	1.0	1.5	1.5	1.0	2.0	2.0	0.5	0.5	1.0	2.0	1.5	0.5	1.5	17
RTO.L	5.7	2.0	1.0	1.0	1.0	1.0	1.0	0.5	1.0	2.0	1.5	0.0	0.0	1.5	2.0	1.0	1.0	2.0	1.0	16
MU	7.5	2.0	2.0	1.0	1.5	2.0	2.0	2.0	2.0	0.5	2.0	2.0	0.0	1.0	0.5	2.0	2.0	0.5	2.0	18
BOKU.L	5.3	0.0	1.0	1.0	1.0	1.5	1.0	1.5	1.0	1.0	1.0	0.0	0.0	1.5	2.0	1.0	1.0	2.0	1.5	16
ISP.MI	6.0	1.0	1.0	1.0	1.5	2.0	1.0	0.0	2.0	1.0	1.5	1.5	1.5	1.0	1.0	1.5	0.0	2.0	1.0	15
BNTX	5.8	2.0	2.0	1.0	2.0	0.0	0.0	2.0	0.0	0.0	2.0	1.0	1.5	1.0	1.5	1.0	0.0	2.0	2.0	17
PCT.US	3.6	1.0	1.0	1.0	1.5	0.5	2.0	0.0	0.0	0.0	1.0	1.0	0.0	1.0	0.0	1.0	0.0	2.0	0.0	16
BDTX	3.9	1.0	0.0	1.0	1.0	0.5	1.0	0.0	0.0	0.0	1.0	1.0	1.5	1.0	1.0	1.0	0.0	2.0	1.0	13
8591.T	6.8	2.0	1.0	1.0	2.0	1.5	1.5	1.5	1.5	1.0	1.0	0.0	1.5	1.5	1.5	2.0	1.5	1.5	1.0	15
PUMP.US	4.9	1.0	0.0	1.0	0.0	0.5	0.5	1.0	0.0	0.0	1.5	1.0	1.5	2.0	2.0	1.0	1.0	2.0	1.5	16
IXHL	4.4	1.0	1.0	1.0	1.0	0.5	1.0	0.0	0.0	0.0	0.5	1.0	2.0	2.0	1.0	1.0	0.0	2.0	1.0	11
MLP.DE	6.1	1.0	1.0	1.0	1.0	1.0	1.5	1.0	1.0	1.0	1.0	1.5	1.5	2.0	2.0	2.0	1.0	1.0	0.5	16
PARKEN.CO	6.8	2.0	1.0	1.0	1.0	1.5	0.5	2.0	0.0	2.0	1.0	1.0	1.5	2.0	2.0	2.0	1.5	1.0	1.5	14
3659.T	7.2	1.0	1.0	1.0	0.5	2.0	1.0	2.0	2.0	1.5	1.5	1.0	1.5	1.5	1.5	2.0	1.5	2.0	1.5	17
DXS.ASX	6.9	0.5	1.0	1.0	1.0	2.0	0.0	2.0	2.0	2.0	1.5	1.5	2.0	1.5	1.0	1.5	2.0	0.5	2.0	16
SBSW	8.2	2.0	2.0	1.0	1.0	1.0	2.0	1.0	2.0	2.0	1.0	2.0	1.0	2.0	2.0	2.0	2.0	2.0	1.5	17
JCQ.PA	6.7	2.0	1.0	1.0	1.0	1.0	1.0	1.0	0.5	2.0	0.5	2.0	2.0	1.5	2.0	2.0	0.5	2.0	1.0	16
SHW	6.2	1.0	2.0	1.0	1.5	1.5	1.0	1.5	1.5	1.0	2.0	2.0	0.0	0.5	1.5	2.0	1.0	0.0	1.5	18
9202.T	6.5	0.5	1.0	1.0	0.5	1.0	2.0	0.5	0.5	0.5	1.5	2.0	2.0	2.0	2.0	2.0	1.0	2.0	1.5	17
NVT	6.0	1.5	0.0	1.0	2.0	1.5	2.0	1.5	1.5	0.5	1.5	2.0	0.5	0.5	1.0	2.0	1.5	0.0	1.0	18
UNI.MI	7.6	2.0	1.0	1.0	1.0	1.5	2.0	1.0	2.0	2.0	1.0	0.5	1.5	2.0	2.0	2.0	1.5	1.5	2.0	16
RYZ	4.3	1.0	1.0	1.0	2.0	0.5	2.0	0.5	0.5	0.0	0.5	1.0	2.0	0.5	2.0	0.0	0.5	0.5	0.0	15
FLS.CO	5.7	1.0	1.0	1.0	0.5	1.5	1.5	1.5	1.5	0.0	1.5	1.5	1.5	1.0	1.5	2.0	1.0	0.5	0.5	17
ALLT.US	6.5	2.0	2.0	1.0	1.5	1.0	1.5	2.0	0.5	1.0	1.0	2.0	1.0	0.0	1.5	1.0	0.5	2.0	2.0	18
CSTM	5.6	2.0	0.0	1.0	2.0	1.0	2.0	0.5	1.0	0.5	1.0	0.0	1.5	2.0	2.0	1.0	1.0	0.5	1.0	18
AF.PA	6.0	2.0	1.0	1.0	1.0	1.0	1.0	1.0	0.5	0.0	1.5	1.5	1.0	2.0	2.0	1.0	1.0	2.0	1.0	15
AMX	8.2	2.0	2.0	1.0	1.5	1.0	1.0	2.0	1.5	2.0	1.5	1.5	1.0	2.0	2.0	2.0	1.5	2.0	2.0	18
ABNX.PA	2.5	1.0	1.0	1.0	1.0	0.0	0.0	0.5	0.0	0.0	0.5	1.0	0.0	1.0	0.5	1.0	0.0	0.5	0.0	14
ALDMS.PA	4.3	0.0	1.0	1.0	1.0	1.0	0.5	1.5	0.5	0.0	0.5	2.0	1.5	0.0	2.0	1.0	0.5	1.5	0.0	16
CNS	6.0	1.0	1.0	1.0	1.0	2.0	1.5	1.5	2.0	1.0	0.5	1.5	0.5	1.0	1.0	1.5	1.5	1.0	1.0	18
LCTX	2.4	0.0	0.0	1.0	0.0	0.0	0.0	0.0	0.0	0.0	1.0	1.0	1.0	1.0	0.5	1.0	0.0	2.0	0.0	17
NKT.CO	3.9	0.0	1.0	1.0	1.5	1.0	1.0	1.0	0.5	0.0	1.5	0.0	1.0	0.0	0.5	1.0	1.0	0.5	1.5	17
IQ.US	5.3	1.0	0.0	1.0	0.0	0.5	0.5	0.5	0.0	2.0	1.5	1.0	2.0	2.0	2.0	1.0	1.5	2.0	0.5	17
OWL	6.8	2.0	0.0	1.0	1.5	1.0	1.0	2.0	2.0	2.0	1.5	2.0	1.0	1.5	1.5	0.0	2.0	0.5	2.0	18
RYAAY	5.4	0.0	0.0	1.0	0.0	1.5	1.0	1.0	1.0	0.0	1.0	1.5	1.5	2.0	2.0	2.0	1.5	1.0	1.5	18
TROW	8.3	1.0	1.0	1.0	2.0	2.0	1.5	2.0	2.0	2.0	1.5	1.5	1.5	2.0	1.5	2.0	2.0	1.5	2.0	18
BRAI	3.3	1.0	1.0	1.0	1.0	0.5	1.0	0.0	0.0	0.0	0.5	1.0	1.0	1.0	1.0	1.0	0.0	0.0	1.0	10
TEXF.BR	5.8	1.0	1.0	1.0	1.0	2.0	0.5	2.0	2.0	0.0	0.5	0.5	1.5	1.0	1.5	1.0	1.5	1.0	2.0	16
BFH	6.5	1.0	0.0	1.0	2.0	2.0	1.0	0.0	2.0	1.0	1.5	1.5	1.5	1.0	2.0	2.0	0.0	2.0	2.0	16
PS	3.2	1.0	1.0	1.0	0.0	1.0	1.0	1.0	0.0	0.5	1.0	1.0	0.0	0.0	0.0	1.0	0.5	0.0	1.5	15
BIP	5.8	0.0	2.0	1.0	0.0	1.0	1.5	1.0	1.5	0.0	1.5	2.0	1.0	1.5	1.5	0.0	2.0	1.5	2.0	18
EXFY	5.3	1.0	1.0	1.0	2.0	0.0	0.5	1.5	0.0	2.0	0.5	1.0	1.5	1.0	2.0	1.0	0.0	2.0	1.0	15
ZBH	6.9	2.0	0.0	1.0	1.0	1.0	1.0	2.0	1.5	1.5	2.0	2.0	1.5	1.5	1.5	2.0	1.5	0.5	1.5	18
DVLT	4.9	2.0	1.0	1.0	1.0	0.5	2.0	2.0	0.0	0.0	0.5	2.0	2.0	1.0	1.5	1.0	0.0	0.0	0.0	16
NB	4.2	1.0	1.0	1.0	1.0	0.5	1.0	0.0	0.0	0.0	1.0	1.0	1.5	1.0	1.0	1.0	0.0	2.0	1.0	12
BHB	6.9	1.5	2.0	1.0	1.5	2.0	2.0	0.0	2.0	1.0	0.5	2.0	1.5	1.0	1.5	2.0	0.0	1.5	2.0	16
MGR.ASX	7.1	1.0	1.0	1.0	1.0	2.0	1.0	1.5	2.0	2.0	1.5	0.5	2.0	1.5	1.5	2.0	1.5	0.5	2.0	16
HEIA.NV	6.8	1.5	1.0	1.0	1.0	1.0	1.0	1.5	1.0	1.5	2.0	2.0	1.5	1.5	1.5	2.0	1.0	1.0	1.5	16
STHO	6.0	2.0	1.0	1.0	1.0	1.5	0.0	1.0	0.5	2.0	1.0	1.0	2.0	1.5	1.5	1.0	1.5	2.0	0.0	14
CBA.ASX	5.0	0.5	1.0	1.0	1.0	2.0	1.0	0.0	2.0	1.0	1.5	1.0	1.0	1.0	0.5	1.5	0.0	2.0	0.0	14
KCO.DE	4.3	2.0	1.0	1.0	1.0	0.5	1.0	0.5	0.0	1.0	0.5	1.0	2.0	0.5	2.0	0.0	0.5	1.0	0.0	12
NICL.L	5.8	1.0	1.0	1.0	1.0	1.5	1.0	1.5	1.5	1.0	1.0	0.0	0.0	1.5	2.0	2.0	1.5	1.5	1.0	16
DFDV	4.2	1.0	1.0	1.0	2.0	0.5	2.0	2.0	0.0	0.0	0.5	1.0	1.0	1.0	0.5	1.0	0.0	0.5	0.0	14
MAKO	7.4	1.0	1.0	1.0	1.0	2.0	2.0	2.0	2.0	1.5	1.0	1.0	1.0	2.0	1.5	1.0	2.0	1.5	2.0	14
ARX	4.9	1.0	0.0	1.0	1.0	0.0	2.0	2.0	1.5	0.0	0.5	1.0	1.0	0.5	1.5	1.0	1.0	2.0	0.5	16
HAG.DE	6.0	2.0	1.0	1.0	1.0	1.0	2.0	1.0	0.5	1.0	1.5	2.0	0.5	0.0	1.5	2.0	1.0	1.0	1.5	16
CENER.BR	5.3	1.0	1.0	1.0	1.0	1.5	1.0	0.5	1.5	0.0	0.5	1.5	1.0	1.0	1.5	2.0	1.0	1.0	1.0	16
SFD	5.4	2.0	0.0	1.0	0.0	1.0	0.5	0.5	1.0	1.5	1.0	0.0	1.5	2.0	2.0	2.0	1.0	1.5	1.0	18
WTW	7.2	1.5	2.0	1.0	1.0	1.5	1.0	1.5	1.5	1.5	1.5	2.0	1.0	1.5	1.5	2.0	1.5	1.0	1.5	18
CASS	7.5	1.0	1.0	1.0	1.0	1.5	1.5	1.5	2.0	2.0	0.5	2.0	1.5	2.0	1.5	2.0	1.5	2.0	1.5	18
2618.HK	6.4	2.0	1.0	1.0	0.0	1.0	2.0	0.0	0.5	2.0	1.5	1.5	2.0	2.0	2.0	1.0	0.5	2.0	1.0	17
RRTL.DE	5.7	0.0	1.0	1.0	1.0	1.5	1.0	2.0	0.5	2.0	1.0	2.0	1.5	1.5	2.0	0.0	0.5	1.0	1.0	16
AO.L	5.1	1.5	1.0	1.0	1.0	1.0	1.0	1.0	0.5	2.0	0.5	0.0	0.0	2.0	2.0	1.0	0.5	1.5	1.0	16
EBF	6.1	2.0	1.0	1.0	1.0	1.0	1.0	1.0	1.0	1.0	0.5	1.0	1.5	2.0	2.0	1.5	1.0	1.0	1.5	14
CAPD.L	6.7	2.0	1.0	1.0	1.0	1.5	2.0	1.5	1.0	2.0	0.5	0.0	0.0	2.0	2.0	2.0	1.5	2.0	1.0	16
ADP.PA	6.9	2.0	1.0	1.0	1.0	1.0	1.0	2.0	1.5	0.0	1.5	1.5	1.5	1.5	1.5	2.0	1.5	2.0	1.5	16
CSH.DE	6.1	1.5	1.0	1.5	1.0	1.0	0.5	0.5	0.5	2.0	0.5	2.0	1.5	2.0	2.0	1.0	0.5	2.0	1.0	16
YALA	6.7	2.0	1.0	1.0	1.0	2.0	0.5	2.0	1.5	1.0	0.5	2.0	2.0	1.0	1.0	1.0	1.5	2.0	1.0	14
PWO.DE	4.9	0.5	1.0	0.0	1.0	1.0	0.5	1.5	0.5	0.0	0.5	2.0	2.0	2.0	2.0	0.0	0.5	1.5	1.0	16
AX1.ASX	6.2	2.0	1.0	1.0	1.0	0.5	1.0	2.0	0.5	2.0	1.5	1.0	2.0	2.0	2.0	0.0	0.5	1.5	1.0	15
PECO	4.9	0.5	0.0	1.0	0.0	1.5	1.0	2.0	2.0	1.0	1.5	0.0	1.5	1.0	0.5	0.0	2.0	0.0	2.0	18
LAND.L	5.6	0.5	1.0	1.0	1.0	2.0	1.0	2.0	2.0	1.5	1.5	0.0	0.0	0.5	0.5	1.5	2.0	0.5	1.5	16
AMBR	4.0	0.0	1.0	1.0	1.0	0.5	0.0	2.0	0.5	0.0	1.0	1.0	1.5	0.0	1.5	1.0	0.5	2.0	0.0	14
ALNFL.PA	4.0	1.0	1.0	1.0	1.0	0.5	2.0	0.0	0.0	1.0	1.0	1.0	0.0	1.0	0.0	1.0	0.0	2.0	1.0	11
0939.HK	5.4	1.5	1.0	1.0	0.5	2.0	1.0	0.0	2.0	1.0	1.5	0.5	2.0	1.0	0.5	2.0	0.0	2.0	0.0	15
NSC	7.1	0.5	2.0	1.0	2.0	2.0	1.5	1.5	2.0	0.5	1.5	1.5	1.0	1.0	1.0	2.0	2.0	0.5	2.0	18
PSO	6.5	1.0	2.0	1.0	1.0	1.0	1.0	2.0	1.0	2.0	0.5	2.0	1.5	1.0	1.5	2.0	1.0	0.5	1.5	17
WDS	6.9	1.5	1.0	1.0	1.0	2.0	1.5	1.0	1.5	1.0	0.5	1.5	1.5	2.0	1.5	1.5	2.0	1.0	2.0	15
MARK	5.0	1.5	1.0	1.0	1.0	0.5	2.0	1.0	0.0	2.0	1.0	1.0	1.0	1.0	1.0	1.0	0.0	2.0	0.0	13
SANM	5.8	2.0	2.0	1.0	2.0	1.0	2.0	0.0	0.5	0.0	0.5	2.0	1.0	1.0	2.0	1.0	0.5	1.5	1.0	18
ECF.DE	4.6	1.0	1.0	1.0	1.0	0.5	1.5	2.0	0.0	1.0	0.5	1.0	2.0	1.0	0.0	1.0	0.0	1.0	1.0	12
OHI	5.4	0.0	0.0	1.0	0.5	2.0	1.5	2.0	2.0	1.0	1.5	0.0	1.5	1.0	0.5	1.0	2.0	0.0	2.0	18
BSAC	5.1	0.5	1.0	1.0	0.5	2.0	2.0	0.0	0.0	1.0	1.5	1.5	1.5	1.0	1.0	2.0	0.0	1.0	1.0	12
TDUP	5.0	1.0	2.0	1.0	0.0	0.5	1.5	2.0	0.0	1.0	1.0	1.0	1.0	1.0	2.0	1.0	0.0	1.5	0.5	16
EMPOWER.AE	6.7	1.5	1.0	1.0	0.5	2.0	0.5	1.5	2.0	1.5	1.5	1.0	1.0	1.5	1.0	1.0	2.0	1.5	2.0	17
KMT	6.1	1.5	0.0	1.0	2.0	1.5	2.0	1.5	2.0	0.0	1.0	0.0	1.5	2.0	2.0	2.0	1.5	0.5	0.0	18
CXW	6.0	1.5	1.0	1.0	1.0	1.0	2.0	1.0	1.0	0.5	1.0	2.0	1.5	1.5	2.0	1.0	1.0	0.5	1.0	18
ELV.ASX	6.7	1.0	1.0	1.0	1.0	2.0	2.0	2.0	2.0	0.0	0.5	2.0	1.5	1.5	1.5	1.0	2.0	2.0	0.0	16
OPTX	3.9	1.0	1.0	1.0	1.0	0.5	2.0	0.5	0.5	0.5	1.0	1.0	0.5	0.0	1.0	1.0	0.5	0.5	0.5	13
CSN.L	4.6	0.0	1.0	1.0	1.0	1.0	2.0	1.5	1.5	0.0	1.0	0.0	0.0	1.0	1.0	0.0	1.0	2.0	1.5	16
ARCT	4.6	1.0	2.0	1.0	2.0	0.5	0.0	0.0	0.0	1.0	1.5	1.0	1.5	1.0	1.0	1.0	0.0	2.0	0.0	16
EN.PA	6.1	1.0	1.0	1.0	0.0	1.0	0.5	2.0	0.5	2.0	1.0	1.5	1.5	2.0	2.0	1.5	0.5	2.0	1.0	17
BOX	6.8	2.0	2.0	1.0	1.0	1.5	1.0	2.0	1.0	2.0	1.0	2.0	1.0	0.0	1.5	1.0	1.0	1.5	2.0	17
SHB-A.ST	4.7	0.0	1.0	1.0	1.0	2.0	0.5	0.0	2.0	1.0	1.5	1.0	1.5	1.0	0.0	1.5	0.0	2.0	0.0	15
PGC	6.1	2.0	0.0	1.0	0.0	1.5	2.0	0.0	2.0	1.0	0.5	2.0	1.5	1.0	1.5	2.0	0.0	2.0	2.0	16
HRI	6.8	2.0	2.0	1.0	2.0	1.0	2.0	1.0	1.0	2.0	1.5	2.0	1.5	1.0	1.5	0.0	1.0	0.0	2.0	18
PLTK	6.0	1.0	0.0	1.0	0.0	0.5	1.0	2.0	1.5	2.0	1.5	1.0	1.0	2.0	2.0	0.0	1.5	2.0	1.5	16
DIGIA.HE	6.4	0.5	1.0	1.0	2.0	1.0	1.0	1.0	0.5	2.0	0.5	2.0	1.5	2.0	2.0	2.0	0.5	1.5	1.0	17
CALM	5.3	1.0	2.0	1.0	0.0	1.5	0.0	1.0	0.0	0.5	0.5	0.0	1.5	2.0	2.0	1.5	1.0	2.0	1.5	18
AGEN	5.3	1.5	0.0	1.0	0.0	2.0	2.0	2.0	2.0	0.0	0.5	1.0	1.0	1.5	1.5	1.0	1.5	0.5	0.0	16
NOV	5.8	2.0	0.0	1.0	1.0	1.0	0.5	1.0	0.5	2.0	1.5	2.0	1.5	1.5	2.0	0.0	1.0	1.5	1.0	18
SGR.ASX	4.2	1.0	1.0	1.0	1.0	0.0	1.0	1.0	0.0	0.0	0.5	1.0	1.5	1.0	2.0	1.0	0.0	2.0	0.0	13
5333.T	6.7	2.0	1.0	1.0	1.0	1.5	1.5	1.0	1.5	1.0	1.0	1.0	1.5	1.5	1.5	2.0	1.5	1.5	1.0	15
UROY	5.8	1.5	1.0	1.0	1.0	2.0	2.0	1.0	2.0	2.0	0.5	0.0	1.5	0.0	0.5	1.0	1.5	0.5	2.0	16
STLA.US	4.3	2.0	0.0	1.0	0.0	0.0	1.5	0.0	0.5	0.0	1.5	1.0	2.0	1.0	2.0	1.0	0.0	2.0	0.0	17
XNCR	4.0	1.0	1.0	1.0	2.0	0.0	1.5	0.0	0.0	0.0	1.5	1.0	1.0	1.0	0.5	1.0	0.0	2.0	0.0	16
SAMPO.HE	6.7	0.0	1.0	1.0	1.0	1.5	1.0	1.5	1.5	1.0	1.5	1.0	1.0	2.0	2.0	2.0	1.5	2.0	1.5	17
HYQ.DE	5.3	0.0	1.0	1.0	1.0	1.0	1.0	1.5	0.5	1.0	0.5	2.0	1.5	1.0	2.0	1.0	0.5	1.5	1.0	16
GLFE	5.6	1.5	1.0	1.0	1.0	0.5	1.0	0.5	0.5	2.0	1.0	1.0	1.0	1.5	2.0	1.0	0.5	2.0	1.0	13
FRT	6.0	0.5	1.0	1.0	1.0	2.0	1.0	2.0	2.0	1.0	1.5	0.0	1.5	1.0	0.5	1.0	2.0	0.5	2.0	18
BARK	4.6	1.0	1.0	1.0	1.0	0.5	0.0	2.0	0.5	0.0	0.5	1.0	2.0	1.0	2.0	1.0	0.0	2.0	0.0	14
ZOMDF	5.0	1.0	1.0	1.0	1.0	0.0	2.0	2.0	0.0	0.0	1.0	1.0	2.0	1.0	2.0	1.0	0.0	2.0	0.0	13
PFSI	5.4	2.0	0.0	1.0	0.0	1.5	1.0	2.0	0.5	1.0	1.0	2.0	2.0	1.0	1.0	2.0	0.0	1.5	0.0	16
MYCR.ST	6.7	2.0	1.0	1.0	2.0	2.0	1.5	2.0	2.0	1.0	0.5	1.5	0.5	0.5	1.0	2.0	1.5	0.5	1.5	17
HLAG.DE	5.8	1.5	1.0	1.0	2.0	1.0	1.0	0.5	0.5	2.0	1.5	1.0	1.5	1.0	2.0	0.0	0.5	2.0	1.0	16
BXC	5.7	1.0	2.0	1.0	2.0	0.5	1.0	0.5	0.5	1.0	0.5	1.0	2.0	1.5	2.0	1.0	0.5	2.0	0.5	17
MAT	6.8	2.0	2.0	1.0	0.5	1.0	1.5	1.5	0.5	2.0	1.5	1.5	1.5	1.5	2.0	1.0	1.0	1.5	1.0	18
CGNX	6.1	0.5	0.0	1.0	2.0	1.5	1.5	2.0	2.0	0.5	1.5	2.0	0.5	0.0	1.0	2.0	1.5	0.5	2.0	18
COGT	3.9	1.0	1.0	1.0	1.5	0.5	1.0	0.0	0.0	0.0	1.5	1.0	0.0	1.0	1.0	1.0	0.0	1.5	1.0	13
TTK.DE	4.7	1.5	1.0	1.0	1.0	0.0	0.5	1.5	0.0	2.0	0.5	1.0	2.0	0.0	2.0	1.0	0.5	1.0	0.5	15
ELUXB.ST	4.7	1.5	1.0	1.0	0.0	0.5	1.0	0.5	0.0	0.0	1.5	1.0	1.5	1.5	2.0	1.0	0.5	2.0	0.5	16
BVN	7.2	1.5	2.0	1.0	0.0	2.0	2.0	2.0	2.0	0.5	1.0	0.0	1.5	2.0	1.5	2.0	2.0	1.0	2.0	18
MONT.BR	6.7	2.0	1.0	1.0	1.0	2.0	1.5	2.0	2.0	1.0	1.0	0.0	2.0	1.0	0.5	2.0	2.0	0.0	2.0	16
EXC	6.2	1.0	2.0	1.0	0.0	1.5	1.0	1.5	1.5	0.0	1.5	1.5	1.5	1.5	1.5	1.5	1.5	0.5	2.0	18
BFLY	3.9	1.0	1.0	1.0	2.0	0.0	2.0	2.0	0.0	0.5	0.5	1.0	0.0	1.0	0.0	1.0	0.0	1.0	0.0	16
DG.PA	6.9	1.0	1.0	1.0	1.0	1.0	1.0	0.5	1.0	2.0	2.0	1.5	1.5	2.0	2.0	2.0	1.0	2.0	1.5	16
CABO	6.4	1.0	1.0	1.0	0.0	0.0	0.5	2.0	1.5	2.0	0.5	1.0	2.0	2.0	1.5	1.0	2.0	2.0	2.0	16
RACE.MI	5.8	0.5	0.0	1.0	1.5	2.0	1.0	2.0	2.0	0.5	1.5	1.5	0.0	0.5	1.0	2.0	1.5	0.5	2.0	18
ANN.ASX	6.1	1.5	1.0	1.0	1.0	1.0	1.5	1.5	1.5	1.0	1.5	0.5	1.5	1.0	1.5	2.0	1.0	0.5	1.5	16
7741.T	6.5	1.0	1.0	1.0	1.0	2.0	1.5	1.5	2.0	1.0	1.5	0.5	0.5	1.0	1.0	2.0	2.0	1.0	2.0	17
META	7.4	2.0	2.0	1.0	0.0	2.0	2.0	2.0	2.0	0.5	2.0	2.0	0.5	1.0	1.0	2.0	2.0	0.5	2.0	18
NTLA	3.8	1.0	2.0	1.0	1.0	0.5	0.0	0.0	0.0	0.0	1.5	1.0	1.5	1.0	0.0	1.0	0.0	2.0	0.0	16
INVH	6.0	0.0	0.0	1.0	2.0	2.0	1.5	2.0	2.0	1.5	2.0	0.0	1.5	1.0	1.0	0.0	2.0	0.0	2.0	18
EHTH	5.8	2.0	1.0	1.0	0.5	1.0	0.0	2.0	0.0	2.0	0.5	1.0	2.0	2.0	2.0	1.0	1.0	2.0	0.0	16
MTVW.L	5.8	1.0	1.0	1.0	1.0	2.0	0.5	2.0	2.0	2.0	1.0	1.0	0.0	1.5	1.0	0.0	2.0	0.0	2.0	14
ALITL.PA	5.6	0.0	1.0	1.0	1.0	1.0	0.5	0.0	0.5	1.0	1.0	2.0	2.0	2.0	2.0	2.0	0.5	2.0	0.5	15
FULC	4.7	1.0	1.0	1.0	2.0	0.5	1.0	0.0	0.0	0.0	0.5	1.0	2.0	2.0	1.0	1.0	0.0	2.0	1.0	13
MBWS.PA	4.6	0.0	1.0	1.0	1.0	1.0	0.5	1.5	0.5	0.5	0.5	1.5	1.5	0.5	2.0	1.0	0.5	1.5	0.5	16
MAB.L	5.4	2.0	1.0	1.0	1.0	1.0	1.0	0.5	1.0	1.5	1.0	0.0	0.0	2.0	2.0	1.0	1.0	1.5	1.0	16
OMASP.HE	5.7	1.5	1.0	1.0	1.0	2.0	0.0	0.0	1.5	1.0	0.5	1.5	2.0	1.0	0.5	2.0	0.0	2.0	2.0	14
CRDF	3.8	1.0	2.0	1.0	2.0	0.5	0.0	0.0	0.0	0.0	1.0	1.0	1.0	1.0	0.0	1.0	0.0	2.0	0.0	16
SSPG.L	5.3	1.0	1.0	1.0	1.0	0.5	1.0	1.0	0.5	2.0	1.5	1.0	0.0	1.5	2.0	0.0	1.0	1.5	1.5	14
MRX.DE	4.4	1.0	1.0	1.0	1.0	0.0	0.0	1.0	0.0	2.0	0.5	1.0	1.5	1.0	2.0	1.0	0.0	2.0	0.0	14
CRBN.NV	5.4	1.5	1.0	1.0	1.0	1.0	0.5	1.0	0.5	0.0	1.0	2.0	1.5	1.5	2.0	1.5	1.0	0.5	1.0	16
ENT.L	5.1	1.0	1.0	1.0	1.0	0.0	1.0	2.0	1.0	0.0	2.0	1.0	0.0	2.0	2.0	0.0	1.0	1.5	1.0	14
ORRON.ST	3.1	0.0	1.0	1.0	1.0	0.0	2.0	1.5	0.0	0.0	0.5	1.0	0.5	0.0	0.0	1.0	1.5	0.0	0.0	16
CPK	6.7	1.0	1.0	1.0	2.0	1.5	1.0	1.5	2.0	0.0	1.0	1.5	1.5	1.5	1.5	2.0	2.0	0.0	2.0	18
HLIO	6.1	1.5	0.0	1.0	2.0	1.0	1.0	1.0	1.0	1.5	1.0	2.0	1.5	1.0	1.5	2.0	1.0	0.5	1.5	18
NPWR	4.4	1.0	1.0	1.0	2.0	0.5	1.0	0.0	0.0	0.0	1.0	1.0	1.5	1.0	1.0	1.0	0.0	2.0	1.0	13
TXN	6.7	2.0	0.0	1.0	2.0	2.0	2.0	2.0	2.0	0.5	2.0	2.0	0.0	0.5	0.5	1.0	2.0	0.5	2.0	18
EMBLA.CO	5.1	1.0	1.0	1.0	1.5	1.0	1.5	2.0	1.5	0.5	1.0	1.5	1.5	0.0	0.5	1.0	1.0	0.0	1.0	17
FMNB	6.4	0.5	2.0	1.0	1.5	2.0	2.0	0.0	2.0	1.0	0.5	1.5	1.5	1.0	1.0	2.0	0.0	1.5	2.0	16
NOMD	6.7	1.5	2.0	1.0	0.0	1.0	0.5	1.0	1.0	2.0	1.0	2.0	2.0	2.0	2.0	1.5	1.0	1.5	1.0	18
1801.T	6.2	2.0	1.0	1.0	2.0	1.0	1.5	0.5	1.0	1.0	1.0	0.0	1.5	1.5	2.0	2.0	1.0	1.5	1.0	15
UMC	6.2	1.5	1.0	1.0	0.0	2.0	1.5	1.0	1.5	2.0	0.5	0.5	1.0	1.0	1.0	1.0	2.0	2.0	2.0	17
HWH	3.3	1.0	1.0	1.0	1.0	0.5	0.0	2.0	0.0	0.0	1.0	1.0	0.5	1.0	0.0	1.0	0.0	1.0	0.0	13
MAR.LS	4.4	2.0	1.0	1.0	1.0	0.5	1.0	1.5	0.0	0.0	1.0	1.0	1.0	1.0	2.0	0.0	0.0	1.5	0.5	14
TFW.L	6.5	1.5	1.0	1.0	1.0	1.5	0.5	1.5	1.0	1.5	1.0	1.0	0.0	2.0	2.0	2.0	1.5	2.0	1.5	14
JKHY	6.4	1.0	1.0	1.0	1.5	1.5	1.0	1.5	1.5	1.0	1.5	1.5	1.0	1.0	1.5	2.0	1.5	0.0	2.0	18
CTT.ASX	4.7	1.0	1.0	1.0	1.0	0.5	0.5	0.5	0.0	2.0	0.5	1.0	1.5	1.0	2.0	1.0	0.0	2.0	0.5	14
BKH	6.1	0.5	2.0	1.0	0.0	1.5	1.0	1.5	1.5	0.0	1.0	1.5	1.5	1.5	1.5	1.5	2.0	0.5	2.0	18
TITN	3.9	1.0	0.0	1.0	0.0	0.5	0.5	0.5	0.0	2.0	0.5	1.0	2.0	0.0	2.0	1.0	0.5	1.0	0.5	17
1138.HK	8.1	2.0	1.0	1.0	1.5	2.0	2.0	1.5	2.0	0.5	1.5	2.0	1.5	1.5	1.5	2.0	2.0	1.5	2.0	17
SE	5.8	2.0	0.0	1.0	0.5	1.0	2.0	1.5	1.0	0.5	2.0	2.0	1.0	0.5	1.5	1.0	0.5	1.5	1.5	18
6479.T	5.8	1.5	1.0	1.0	0.5	1.0	1.5	0.5	0.5	1.0	1.5	0.5	1.5	1.5	2.0	2.0	1.0	1.5	1.0	16
HPOLB.ST	6.1	0.5	1.0	1.0	2.0	1.0	1.0	1.0	1.0	1.0	1.0	2.0	1.5	1.5	2.0	1.5	1.0	1.0	1.0	15
DSX	7.1	1.5	1.0	1.0	1.0	2.0	1.0	2.0	1.5	1.0	0.5	1.5	2.0	1.5	1.5	2.0	1.5	2.0	1.0	14
NOTE	4.2	1.0	1.0	1.0	1.0	0.0	0.0	2.0	0.0	0.0	0.5	1.0	1.5	1.0	2.0	1.0	0.0	2.0	0.0	14
PICS	7.1	2.0	1.0	1.0	1.5	1.0	2.0	2.0	2.0	1.0	1.0	2.0	2.0	1.0	1.0	1.0	2.0	2.0	0.0	16
NXPI	7.6	2.0	0.0	1.0	1.5	2.0	1.5	2.0	2.0	1.5	2.0	2.0	1.0	1.5	1.0	2.0	2.0	1.0	1.5	18
PD	6.7	2.0	2.0	1.0	1.5	2.0	1.0	2.0	1.0	2.0	1.0	0.0	1.0	0.5	1.5	1.0	0.5	2.0	2.0	18
RGA	7.2	1.5	2.0	1.0	1.0	1.0	1.5	0.5	1.0	2.0	1.0	2.0	1.5	2.0	2.0	2.0	0.5	2.0	1.5	18
1024.HK	6.9	1.5	1.0	1.0	0.0	1.5	1.0	2.0	1.0	2.0	2.0	0.0	1.5	2.0	2.0	2.0	1.0	2.0	1.5	17
TLX.ASX	4.0	0.0	1.0	1.0	1.0	1.0	2.0	1.5	1.0	0.0	1.5	1.0	0.5	0.0	1.0	1.0	0.5	0.5	0.0	15
BKTI	6.1	1.0	1.0	1.0	0.0	1.5	1.5	2.0	1.5	1.0	0.5	1.5	1.0	1.5	1.5	1.0	1.5	1.5	1.5	17
ENR.DE	6.4	2.0	1.0	1.0	1.5	1.0	1.5	1.0	1.0	1.5	2.0	2.0	0.0	0.5	1.5	2.0	1.0	1.0	1.5	17
CACI	5.4	0.0	2.0	1.0	0.0	1.0	1.5	1.0	1.0	1.0	1.5	2.0	1.0	1.0	2.0	1.0	1.0	0.5	1.0	18
AAG.DE	6.1	1.5	1.0	1.0	1.0	1.0	0.0	1.5	0.5	2.0	0.5	0.5	1.5	2.0	2.0	1.0	1.0	2.0	2.0	16
ORCP.L	3.6	1.0	1.0	1.0	1.0	0.5	1.0	0.0	0.0	0.0	1.0	1.0	1.0	1.0	1.0	1.0	0.0	0.5	1.0	9
GRMN	6.5	0.5	2.0	1.0	1.5	2.0	1.5	2.0	2.0	0.5	1.0	1.5	0.5	0.5	1.0	2.0	1.5	0.5	2.0	18
DQ	4.4	2.0	1.0	1.0	2.0	0.0	0.0	0.0	0.0	0.0	1.0	1.0	2.0	1.0	2.0	1.0	0.0	2.0	0.0	17
AVLN	4.2	1.0	1.0	1.0	1.0	0.5	1.0	0.0	0.0	1.0	0.5	1.0	1.0	1.0	1.0	1.0	0.0	2.0	1.0	10
CTRI	5.1	1.5	2.0	1.0	0.0	1.0	2.0	0.0	0.5	0.0	1.0	2.0	1.5	1.5	2.0	1.0	0.5	0.5	0.5	18
DEYAAR.AE	8.2	2.0	1.0	1.0	1.0	2.0	1.0	1.5	2.0	2.0	0.5	2.0	2.0	2.0	2.0	2.0	1.5	2.0	2.0	16
TAL	6.8	0.5	2.0	1.0	0.0	2.0	2.0	2.0	1.5	1.5	1.5	0.0	1.5	1.5	2.0	1.0	1.0	2.0	1.5	18
FBP	6.4	0.0	2.0	1.0	2.0	2.0	1.0	0.0	2.0	1.0	1.0	1.5	1.5	1.0	1.5	2.0	0.0	1.5	2.0	16
AKE.PA	6.5	2.0	1.0	1.0	1.0	1.0	1.0	0.5	0.5	2.0	1.5	2.0	2.0	2.0	2.0	0.0	1.0	2.0	1.0	17
AURE.PA	4.9	0.5	1.0	1.0	1.0	0.5	1.0	0.0	0.5	0.0	0.5	1.0	2.0	2.0	2.0	1.0	0.5	2.0	1.0	15
ENEL.MI	6.2	2.0	1.0	1.0	1.5	1.0	1.0	1.5	1.5	0.0	2.0	2.0	1.0	1.5	1.5	0.0	1.5	1.0	1.5	17
JLL	6.9	2.0	2.0	1.0	2.0	1.0	1.5	2.0	0.5	2.0	1.5	2.0	1.5	1.5	2.0	1.0	0.5	0.5	0.5	18
WEB.BR	5.8	2.0	1.0	1.0	1.0	2.0	0.5	2.0	2.0	1.0	0.5	0.5	2.0	1.0	1.0	1.5	0.0	0.0	2.0	15
CG	5.3	2.0	1.0	1.0	0.5	1.5	0.0	2.0	2.0	1.0	1.5	2.0	1.5	1.0	0.5	0.0	0.0	1.5	0.0	16
1802.T	5.6	2.0	1.0	1.0	0.0	1.0	1.5	0.5	0.5	1.0	1.0	0.0	1.5	1.5	2.0	2.0	0.5	2.0	1.0	15
HY	3.5	1.0	0.0	1.0	0.0	0.5	0.0	0.5	0.0	1.5	0.5	1.0	1.5	1.0	2.0	0.0	0.0	1.5	0.5	16
GFL	5.7	1.0	2.0	1.0	0.0	0.5	1.5	1.0	0.5	1.0	1.5	1.0	1.5	1.0	1.5	2.0	1.5	0.5	1.5	16
2607.HK	5.7	0.0	1.0	1.0	0.0	1.0	1.0	0.5	0.5	1.0	1.5	2.0	2.0	2.0	2.0	2.0	0.5	2.0	0.5	17
NAT	6.2	1.5	1.0	1.0	1.0	2.0	2.0	2.0	2.0	1.0	0.5	0.0	1.0	1.5	1.0	0.0	2.0	1.0	2.0	18
TTEC	5.3	2.0	1.0	1.0	0.0	0.0	0.0	1.0	0.5	2.0	0.5	1.0	2.0	2.0	2.0	1.0	0.5	2.0	0.5	16
ALPWG.PA	4.9	1.0	1.0	1.0	1.0	0.5	1.0	2.0	0.0	0.0	0.5	1.0	2.0	0.0	2.0	1.0	0.5	2.0	1.0	13
IGO.ASX	6.2	2.0	1.0	1.0	1.0	2.0	1.5	2.0	0.0	1.0	1.5	2.0	1.5	0.0	1.0	1.0	1.0	1.0	2.0	16
DDD	4.6	2.0	1.0	1.0	2.0	0.0	0.5	1.0	0.0	0.0	0.5	1.0	1.5	1.0	2.0	1.0	0.0	2.0	0.0	16
ALECO.PA	4.0	1.0	1.0	1.0	1.0	0.5	0.5	1.5	0.0	0.0	0.5	1.0	1.0	1.0	2.0	1.0	0.0	1.5	0.0	14
00763.HK	5.8	2.0	1.0	1.0	0.0	1.0	1.5	1.0	0.5	1.0	1.5	2.0	1.5	0.5	2.0	1.5	0.5	2.0	0.5	17
CRON	6.0	1.0	1.0	1.0	1.0	2.0	2.0	1.5	1.5	0.5	0.5	1.0	1.5	0.0	1.5	1.0	0.5	2.0	2.0	15
WPP.L	4.4	0.0	1.0	1.0	1.0	0.5	0.5	0.5	0.5	2.0	1.5	1.0	0.0	1.0	2.0	0.0	0.5	2.0	1.0	15
TAALEEM.AE	6.1	1.0	1.0	1.0	1.0	1.5	1.5	1.5	2.0	0.0	0.5	0.5	1.5	1.5	1.5	1.0	1.5	1.5	2.0	16
RGLD	6.9	1.5	2.0	1.0	0.0	2.0	2.0	2.0	2.0	0.0	1.5	2.0	1.5	1.0	0.5	2.0	2.0	0.0	2.0	18
HZO	5.8	1.5	2.0	1.0	0.0	1.0	0.5	1.0	0.5	2.0	1.0	2.0	1.5	1.0	2.0	1.0	0.5	1.5	1.0	18
HGEA.DE	5.0	1.0	1.0	1.0	1.0	0.0	0.5	1.5	0.0	2.0	0.5	1.0	2.0	1.0	2.0	1.0	0.0	2.0	0.5	14
VEZ.DE	4.7	2.0	1.0	1.0	1.0	2.0	0.0	1.5	0.0	0.0	1.0	1.0	2.0	1.0	1.5	1.0	0.0	1.0	0.0	14
GRFS	6.9	2.0	1.0	1.0	1.5	1.0	0.5	1.5	1.5	2.0	0.5	2.0	1.5	1.5	1.5	2.0	1.5	1.5	1.0	17
LHA.DE	6.5	2.0	1.0	1.0	2.0	1.0	1.0	0.5	0.0	0.0	1.5	2.0	2.0	2.0	2.0	2.0	0.5	2.0	1.0	17
CIGI	6.2	1.5	0.0	1.0	0.5	1.0	1.5	1.5	1.0	1.5	1.0	2.0	1.5	1.5	2.0	2.0	1.0	1.0	1.0	18
FBK.MI	6.1	1.0	1.0	1.0	1.5	2.0	1.5	0.0	2.0	1.0	1.5	1.5	1.0	1.0	1.0	1.5	0.0	1.5	2.0	15
IMCD.NV	6.0	1.0	1.0	1.0	1.0	1.0	1.0	1.0	1.0	1.0	1.5	2.0	1.5	1.0	2.0	2.0	1.0	0.5	1.0	16
BIJ.DE	6.1	0.0	1.0	1.0	1.0	1.0	0.5	2.0	1.0	2.0	1.0	0.0	1.5	2.0	2.0	1.0	1.0	2.0	2.0	15
PNFP	6.7	1.5	0.0	1.0	1.0	2.0	2.0	0.0	2.0	1.0	2.0	2.0	1.5	1.0	1.0	2.0	0.0	2.0	2.0	16
ALNY	6.2	2.0	2.0	1.0	0.0	1.5	2.0	2.0	1.5	0.5	2.0	2.0	0.0	0.0	1.0	1.0	1.5	1.0	1.5	18
BTSG	5.7	0.0	2.0	1.0	2.0	1.0	2.0	0.5	0.5	2.0	1.5	2.0	1.0	0.5	2.0	1.0	0.5	0.5	0.5	18
WPC	6.1	1.5	0.0	1.0	0.0	2.0	1.5	2.0	2.0	1.5	1.5	1.5	1.5	1.0	0.5	0.0	2.0	0.5	2.0	18
STVN	5.8	1.0	2.0	1.0	0.5	1.5	1.0	1.0	1.5	0.0	1.5	2.0	1.0	0.5	1.0	2.0	1.5	0.5	1.5	18
EW	6.2	1.0	0.0	1.0	0.5	1.5	1.5	2.0	2.0	1.0	2.0	2.0	1.0	0.5	1.0	1.0	1.5	1.0	2.0	18
ARTNA	6.2	0.5	1.0	1.0	1.0	2.0	1.0	1.5	2.0	0.0	1.0	0.5	1.5	1.5	1.5	2.0	2.0	0.5	2.0	15
FBK	6.7	1.5	0.0	1.0	1.5	2.0	2.0	0.0	2.0	1.0	1.0	2.0	1.5	1.0	1.5	2.0	0.0	2.0	2.0	16
CX	6.9	2.0	0.0	1.5	1.0	1.0	1.5	1.0	1.0	2.0	1.5	2.0	1.5	2.0	2.0	2.0	1.0	0.5	1.5	17
0762.HK	6.5	0.0	1.0	1.0	1.0	1.0	1.0	2.0	0.5	2.0	1.5	1.0	2.0	2.0	2.0	1.0	1.0	2.0	1.5	16
KT	6.8	0.0	1.0	1.0	1.0	1.0	0.0	2.0	1.0	2.0	0.5	2.0	2.0	2.0	2.0	2.0	1.5	2.0	1.5	16
JHX	6.9	1.5	1.0	1.0	2.0	1.0	2.0	1.5	1.5	2.0	1.0	2.0	1.5	1.5	1.5	1.0	1.5	0.5	1.0	18
6326.T	6.2	1.5	1.0	1.0	2.0	1.0	1.5	1.0	1.5	0.0	1.5	0.5	1.5	1.5	2.0	2.0	1.0	1.0	1.0	17
MDLZ	6.1	2.0	2.0	1.0	0.0	1.0	1.0	1.0	1.5	1.0	2.0	1.5	1.5	1.0	1.5	1.5	1.0	0.5	1.0	18
NOVO-B.CO	6.5	0.0	1.0	1.0	0.5	2.0	1.0	2.0	2.0	1.0	2.0	0.0	1.0	2.0	1.5	2.0	2.0	0.5	2.0	17
EVEX	3.9	1.0	1.0	1.0	1.5	0.5	1.0	0.0	0.0	0.0	1.0	1.0	0.0	1.0	1.0	1.0	0.0	2.0	1.0	12
LBIRD.PA	5.6	0.5	1.0	1.0	1.0	1.0	1.0	2.0	1.0	0.5	0.5	2.0	1.5	1.0	1.5	1.0	1.0	1.5	1.0	16
WM	6.2	1.0	0.0	1.0	1.0	1.5	1.0	1.5	1.5	1.0	2.0	2.0	0.5	1.5	1.5	2.0	1.5	0.0	2.0	18
TE	3.8	1.0	1.0	1.0	0.0	0.0	2.0	0.0	0.0	0.0	1.0	1.0	1.0	1.0	2.0	1.0	0.0	1.0	0.5	16
ABTC	4.0	1.0	0.0	1.0	1.0	0.0	2.0	2.0	0.0	0.0	0.5	1.0	2.0	1.0	1.5	1.0	0.0	0.5	0.0	15
CCU	5.7	1.0	0.0	1.0	1.0	1.0	1.0	1.5	0.0	2.0	1.0	2.0	2.0	1.0	1.0	2.0	1.0	1.0	1.0	14
SAMS.PA	6.7	2.0	1.0	1.0	1.0	1.0	1.0	1.0	0.5	2.0	0.5	2.0	2.0	1.5	2.0	2.0	0.5	2.0	1.0	16
341.HK	5.4	0.5	1.0	1.0	1.0	1.0	0.5	0.0	0.5	2.0	0.5	2.0	1.5	2.0	2.0	0.0	0.5	2.0	1.5	16
PAMPALO.HE	6.0	0.5	1.0	1.0	0.5	2.0	2.0	2.0	1.5	0.0	0.5	2.0	1.0	1.0	1.0	1.0	2.0	0.5	2.0	17
9201.T	7.5	2.0	1.0	1.0	2.0	1.0	1.5	2.0	0.5	2.0	1.5	0.0	2.0	2.0	2.0	2.0	1.0	2.0	1.5	17
LACR.PA	6.1	2.0	1.0	1.0	1.0	0.5	0.5	1.5	0.5	2.0	0.5	1.0	2.0	2.0	2.0	1.0	0.5	2.0	1.0	16
VLTSA.PA	6.1	1.0	1.0	1.0	1.0	0.0	2.0	2.0	1.0	0.0	1.0	1.0	2.0	1.0	1.5	1.0	1.5	2.0	2.0	14
ALNN6.PA	4.9	1.0	1.0	1.0	1.0	0.0	0.0	2.0	0.5	2.0	0.5	1.0	0.0	1.0	2.0	2.0	0.0	2.0	0.5	14
IPO.L	6.2	2.0	1.0	1.0	1.0	2.0	1.0	2.0	2.0	2.0	0.5	0.0	0.0	2.0	1.5	1.0	2.0	1.5	0.0	15
RUN	5.7	0.5	2.0	1.0	2.0	1.5	2.0	1.5	0.5	0.0	1.5	0.0	2.0	0.5	1.0	1.0	1.5	2.0	0.0	18
SSNC	7.6	2.0	2.0	1.0	1.5	1.5	1.5	1.5	1.5	1.5	1.0	2.0	1.5	1.5	1.5	2.0	1.5	0.5	2.0	18
ZGN	6.1	0.5	1.0	1.0	1.0	1.0	1.0	2.0	0.5	2.0	1.5	2.0	1.5	0.5	1.5	2.0	0.5	1.0	1.5	17
NUE	6.0	0.0	0.0	1.0	2.0	1.0	2.0	0.5	1.5	0.5	1.5	2.0	1.5	1.5	2.0	2.0	1.0	0.5	1.0	18
P911.DE	5.7	2.0	1.0	1.0	0.0	1.0	0.5	0.5	1.0	1.0	2.0	2.0	1.5	1.5	2.0	0.0	1.0	1.5	1.0	17
NA9.DE	6.1	1.0	1.0	1.0	1.0	1.0	1.0	1.0	0.5	2.0	0.5	2.0	1.0	1.5	2.0	2.0	1.0	1.5	1.0	16
PODD	6.9	1.5	2.0	1.0	0.5	1.5	2.0	2.0	1.5	1.0	2.0	2.0	0.5	1.0	1.5	1.0	1.5	1.0	1.5	18
ERIC-B.ST	6.2	1.0	1.0	1.0	0.5	1.5	0.5	1.5	1.0	2.0	1.5	0.5	1.5	1.5	2.0	2.0	1.0	1.5	1.0	17
BVR.ASX	3.9	1.0	1.0	1.0	1.0	0.5	2.0	2.0	0.0	0.0	1.0	1.0	1.0	1.0	0.0	1.0	0.0	0.5	0.0	13
DRH	5.4	0.5	0.0	1.0	0.5	1.5	1.0	1.0	1.5	1.0	1.5	0.0	1.5	1.5	1.5	2.0	1.5	0.5	1.5	18
CNK	6.9	1.0	2.0	1.0	1.0	1.0	1.5	1.5	1.5	1.5	1.5	2.0	0.5	1.5	1.5	2.0	1.0	1.5	1.5	18
COTY	5.7	2.0	0.0	1.0	0.0	0.0	1.0	2.0	0.0	2.0	1.5	1.0	2.0	2.0	2.0	1.0	1.0	1.0	1.0	17
RDN	7.9	2.0	0.0	1.0	0.0	2.0	2.0	2.0	2.0	1.5	1.0	2.0	2.0	2.0	1.5	2.0	2.0	1.5	2.0	18
KER.PA	6.4	2.0	1.0	1.0	1.0	0.5	0.5	2.0	1.0	2.0	2.0	1.0	1.5	1.0	1.5	0.0	1.0	2.0	2.0	15
HEIJM.NV	5.8	1.0	1.0	1.0	1.0	1.0	1.5	0.5	0.5	2.0	0.5	2.0	1.0	1.5	2.0	2.0	0.5	1.0	1.0	16
BTI	6.2	1.5	2.0	1.0	1.0	2.0	1.0	2.0	2.0	1.0	1.0	2.0	0.5	0.0	0.0	1.0	2.0	0.5	2.0	17
WPP	3.9	0.0	1.0	1.0	1.0	0.5	0.5	0.5	0.5	2.0	0.5	1.0	0.5	0.0	1.5	0.0	0.5	2.0	1.0	15
SAGAb.ST	6.0	1.5	1.0	1.0	1.0	2.0	1.0	2.0	2.0	1.0	1.0	0.0	1.5	0.5	0.0	2.0	2.0	0.0	2.0	16
PRG	7.2	2.0	0.0	1.0	1.5	1.0	2.0	1.5	1.5	2.0	1.0	2.0	1.5	2.0	2.0	2.0	1.0	1.0	1.0	18
WEN	5.8	1.5	2.0	1.0	0.0	1.0	1.0	1.0	1.0	2.0	1.5	0.0	0.0	1.5	1.5	1.0	1.5	2.0	1.5	18
TVTX	4.7	1.0	1.0	1.0	2.0	0.5	2.0	2.0	0.5	0.0	1.5	1.0	0.0	0.0	0.5	1.0	0.5	1.0	1.5	16
PLPC	4.9	0.0	0.0	1.0	2.0	1.0	2.0	1.0	1.0	0.5	0.5	1.0	1.0	0.5	1.5	2.0	1.0	0.5	1.0	17
HMH	5.3	0.0	1.0	1.0	1.0	1.0	0.0	1.0	0.5	2.0	1.0	2.0	1.0	1.0	1.0	1.0	1.0	2.0	1.5	13
FHN	6.7	1.0	2.0	1.0	0.5	2.0	1.0	0.0	2.0	1.0	2.0	1.5	1.5	1.0	1.5	2.0	0.0	2.0	2.0	16
V	6.9	1.0	2.0	1.0	1.0	2.0	1.5	2.0	2.0	1.0	2.0	2.0	0.0	0.5	0.5	2.0	2.0	0.5	2.0	18
NK.PA	6.5	1.0	1.0	1.0	1.0	0.0	1.0	2.0	0.5	1.5	1.0	2.0	2.0	1.5	2.0	2.0	1.0	2.0	1.0	16
ACLS	5.6	1.5	0.0	1.0	2.0	1.5	1.5	1.5	1.0	0.5	0.5	2.0	1.0	0.0	1.5	1.0	1.0	1.5	1.0	18
UMD.DE	4.3	1.0	1.0	1.0	1.0	0.5	0.5	2.0	0.0	1.0	1.0	1.0	2.0	1.0	0.5	1.0	0.0	0.0	1.0	11
ERII	6.1	0.5	2.0	1.0	0.0	1.5	0.0	2.0	0.0	2.0	0.5	2.0	1.5	1.5	1.5	1.0	1.0	2.0	2.0	18
GHC	5.7	0.0	1.0	1.0	0.0	1.5	1.0	1.0	1.5	1.5	0.5	0.0	1.5	2.0	2.0	2.0	1.0	2.0	1.0	17
ALGT	7.1	2.0	0.0	1.0	2.0	1.0	2.0	1.0	1.0	2.0	1.5	2.0	1.5	1.5	2.0	1.0	1.0	2.0	1.0	18
8035.T	7.9	1.0	1.0	1.0	2.0	2.0	2.0	1.5	2.0	1.5	2.0	1.0	1.5	2.0	2.0	2.0	1.5	1.0	1.5	17
KDP	6.7	2.0	1.0	1.0	0.5	1.0	2.0	2.0	1.0	2.0	1.5	2.0	1.5	1.0	1.5	1.0	1.5	0.5	1.0	18
ADTN	4.6	1.0	0.0	1.0	0.0	0.5	1.0	1.5	0.0	1.0	1.0	1.0	1.0	1.5	2.0	1.0	0.5	1.5	1.0	17
BZU.MI	7.1	2.0	1.0	1.0	1.0	1.5	1.0	1.5	1.0	0.5	1.5	1.0	2.0	2.0	2.0	2.0	1.5	1.5	1.5	16
DAR.DE	4.9	1.0	1.0	1.0	1.0	1.0	1.5	2.0	0.5	0.0	0.5	1.0	2.0	1.0	1.0	0.0	0.5	1.5	1.0	12
OTLY	4.4	1.0	1.0	1.0	2.0	0.0	1.5	1.0	0.0	0.0	1.0	1.0	1.0	1.0	2.0	1.0	0.0	1.5	0.0	15
UGP	6.8	2.0	1.0	1.0	2.0	1.0	2.0	0.0	0.5	2.0	1.0	1.0	1.5	2.0	2.0	2.0	0.5	2.0	1.0	17
ZURA	3.9	1.0	1.0	1.0	0.0	0.5	1.0	0.0	0.0	0.0	1.0	1.0	1.5	1.0	1.0	1.0	0.0	2.0	1.0	12
HNGE	5.6	1.5	2.0	1.0	0.0	1.5	2.0	2.0	1.5	1.0	1.5	0.0	0.0	0.0	1.0	1.0	1.0	1.0	2.0	18
RAT.L	5.4	2.0	1.0	1.0	1.0	1.5	1.0	2.0	1.5	2.0	1.0	0.0	0.0	1.0	1.0	1.0	1.5	1.0	0.0	13
168.HK	6.5	0.0	1.0	1.0	0.5	1.5	0.5	1.5	2.0	1.5	2.0	0.5	1.5	2.0	2.0	1.5	1.0	2.0	1.5	17
BWXT	5.1	1.0	0.0	1.0	0.5	1.5	1.5	1.0	1.0	0.5	1.5	2.0	0.5	0.5	1.5	2.0	1.0	0.5	1.0	18
9660.HK	5.0	1.0	1.0	1.0	1.0	0.0	2.0	2.0	0.0	1.0	1.5	1.0	1.0	1.0	0.5	1.0	0.0	2.0	1.0	12
ALKLH.PA	6.8	1.5	1.0	1.0	1.0	1.5	1.5	1.5	1.5	1.5	1.0	1.0	1.5	1.5	2.0	1.0	1.5	1.5	1.5	14
CHEMM.CO	5.4	0.0	1.0	1.0	1.0	2.0	1.0	2.0	2.0	0.5	0.5	2.0	0.0	0.0	0.5	1.5	2.0	0.5	2.0	17
ALRM	6.5	1.5	2.0	1.0	0.5	1.5	1.0	2.0	1.5	1.0	1.0	2.0	1.0	1.0	1.5	1.0	1.0	1.5	1.5	18
UTZ	4.7	1.0	2.0	1.0	1.0	0.5	1.0	1.0	0.5	1.5	1.0	1.0	1.5	0.0	2.0	0.0	0.5	0.5	1.0	16
S188.DE	4.2	1.0	1.0	1.0	1.0	0.0	0.0	1.5	0.0	0.0	0.5	1.0	2.0	0.0	2.0	1.0	0.5	2.0	0.5	14
SJF.CO	5.7	1.5	1.0	1.0	1.0	2.0	1.0	0.0	2.0	1.0	1.0	1.0	1.5	1.0	1.5	2.0	0.0	2.0	0.0	12
LEU	4.9	0.5	2.0	1.0	0.0	1.5	1.5	1.0	0.5	0.0	1.5	2.0	1.0	0.0	1.5	1.0	0.5	2.0	0.0	18
GOOG	6.8	1.5	2.0	1.0	1.0	2.0	2.0	2.0	2.0	0.5	1.5	0.0	0.5	0.5	1.0	2.0	2.0	1.0	2.0	18
ASPO.HE	5.1	2.0	1.0	1.0	0.0	1.0	1.0	1.5	0.5	0.0	0.5	0.0	1.5	1.5	2.0	2.0	0.5	1.5	1.0	17
RCEL	4.0	1.0	1.0	1.0	2.0	0.0	1.5	2.0	0.0	0.0	0.5	1.0	1.0	1.0	1.0	1.0	0.0	0.5	0.0	14
AQN	5.8	1.0	1.0	1.0	0.5	1.0	1.0	1.5	1.5	0.0	1.5	2.0	2.0	1.5	1.5	0.0	2.0	0.5	1.5	18
BSY	6.1	1.5	0.0	1.0	0.5	1.5	1.5	2.0	1.5	1.0	1.5	2.0	0.5	0.5	1.0	2.0	1.5	0.5	2.0	18
2007.HK	4.7	2.0	1.0	1.0	1.0	1.0	0.0	0.0	0.0	2.0	0.5	1.0	1.0	1.0	2.0	1.0	0.0	2.0	0.5	14
DSV.CO	6.1	2.0	1.0	1.0	0.0	1.0	2.0	1.0	1.0	1.0	2.0	2.0	1.5	1.0	2.0	2.0	0.5	0.5	0.5	17
TKO.PA	7.4	1.5	1.0	1.0	1.0	2.0	2.0	2.0	2.0	1.5	1.5	2.0	2.0	1.0	1.0	1.5	0.0	1.5	2.0	15
NSP	3.6	1.0	0.0	1.0	0.0	0.5	1.0	0.5	0.5	2.0	0.5	1.0	0.0	0.0	2.0	0.0	0.5	2.0	0.5	17
COAG	4.3	1.0	1.0	1.0	1.0	0.5	1.0	0.0	0.0	1.0	1.0	1.0	1.0	1.0	1.0	1.0	0.0	2.0	1.0	10
VTEX	7.2	1.0	1.0	1.0	1.5	1.5	1.0	2.0	1.5	1.5	1.5	2.0	1.5	1.5	2.0	1.0	1.0	2.0	1.5	18
PRM	3.9	1.0	0.0	1.0	0.0	0.0	2.0	2.0	0.0	0.5	0.5	1.0	1.0	1.0	1.0	1.0	0.0	0.5	1.5	16
CF	7.4	2.0	1.0	1.0	0.0	2.0	1.5	1.5	2.0	1.5	2.0	0.0	1.0	2.0	1.5	2.0	2.0	1.5	2.0	18
INOD	6.0	2.0	1.0	1.0	0.5	1.5	2.0	1.5	1.5	1.5	0.5	2.0	0.0	0.0	1.0	1.0	1.0	1.5	2.0	18
XNET	5.3	0.5	1.0	1.0	1.0	0.0	0.5	1.5	0.0	1.0	1.0	1.0	2.0	2.0	2.0	1.0	0.5	2.0	1.0	12
VK.PA	6.4	0.0	1.0	1.0	0.0	1.0	1.0	1.0	1.0	2.0	1.5	2.0	1.5	2.0	2.0	1.0	1.5	2.0	1.5	17
6902.T	6.1	1.0	1.0	1.0	0.0	1.0	1.0	0.5	0.5	1.0	1.5	1.5	2.0	2.0	2.0	2.0	1.0	2.0	1.0	17
OXB.L	3.8	1.0	1.0	1.0	1.0	0.0	1.0	1.5	0.0	0.0	1.0	1.0	0.0	1.0	1.5	1.0	0.0	1.5	0.0	14
MPT	6.0	1.0	1.0	1.0	0.0	0.5	1.0	2.0	2.0	2.0	1.0	1.0	2.0	1.5	0.5	0.0	2.0	1.5	1.5	17
UU.L	6.5	1.5	1.0	1.0	1.0	2.0	2.0	2.0	2.0	0.0	1.5	0.0	0.0	1.5	1.0	1.5	2.0	1.5	2.0	16
SNDX	3.5	1.0	1.0	1.0	0.0	0.0	2.0	0.0	0.0	0.0	1.5	1.0	0.0	1.0	1.0	1.0	0.0	2.0	0.0	16
PNN.L	5.4	0.0	1.0	1.0	1.0	1.0	2.0	2.0	2.0	0.0	1.5	0.0	0.0	1.5	1.0	0.0	2.0	1.5	2.0	16
PAM	7.5	2.0	2.0	1.0	0.0	2.0	2.0	1.0	2.0	0.0	1.5	1.5	1.5	2.0	1.5	1.0	2.0	2.0	2.0	18
HG	6.9	2.0	0.0	1.0	1.5	1.5	1.5	1.5	2.0	1.0	1.0	0.0	1.5	2.0	2.0	1.0	1.5	2.0	2.0	18
ARMX.AE	6.1	2.0	1.0	1.0	1.0	1.0	2.0	1.0	0.5	2.0	0.5	0.0	2.0	1.5	2.0	1.0	0.5	2.0	1.0	16
STRL.US	5.8	2.0	0.0	1.0	1.5	1.5	2.0	1.0	1.5	1.0	1.0	2.0	0.0	0.5	1.5	1.0	1.5	0.5	1.5	18
AZTA	5.1	2.0	2.0	1.0	0.0	0.0	1.5	1.5	0.0	1.0	0.5	1.0	2.0	0.0	1.5	1.0	0.5	2.0	1.0	17
1605.T	6.7	0.5	1.0	1.0	0.0	2.0	0.5	2.0	2.0	1.0	1.5	0.0	2.0	2.0	1.5	2.0	2.0	1.0	2.0	17
AGL.ASX	5.3	1.0	1.0	1.0	1.0	1.0	0.5	1.0	1.0	0.0	1.0	0.0	1.5	2.0	2.0	2.0	1.0	1.0	1.0	16
GOLD.US	6.2	1.5	1.0	1.0	1.0	1.0	2.0	0.0	0.5	2.0	1.0	1.5	1.5	1.5	2.0	2.0	0.5	2.0	0.5	17
PROK	4.0	1.0	1.0	1.0	2.0	0.5	0.0	2.0	0.0	0.0	1.0	1.0	1.0	1.0	0.0	1.0	0.0	2.0	0.0	14
MANH	5.7	0.5	1.0	1.0	1.5	1.5	1.0	2.0	2.0	1.0	1.5	2.0	0.0	0.0	0.5	1.0	1.5	0.5	2.0	17
MTHH.CO	4.9	1.5	1.0	1.0	0.0	1.0	0.5	0.0	0.5	0.0	0.5	2.0	1.5	2.0	2.0	2.0	0.5	1.5	0.0	17
SPFI	6.8	1.5	2.0	1.0	0.5	2.0	2.0	0.0	2.0	1.0	0.5	1.5	1.5	1.0	2.0	2.0	0.0	2.0	2.0	16
GNK.US	5.8	0.5	0.0	1.0	2.0	1.0	2.0	1.5	1.5	0.0	1.0	2.0	1.5	1.5	1.5	0.0	1.5	1.0	1.5	18
MRSH	7.2	1.0	2.0	1.0	1.0	1.5	1.0	1.5	2.0	1.5	2.0	2.0	1.0	1.5	1.5	2.0	1.5	0.5	1.5	18
AVEX	5.7	0.5	1.0	1.0	2.0	1.0	2.0	1.0	1.0	1.0	1.0	1.5	1.0	1.0	1.5	1.0	1.0	2.0	0.0	15
FUBO	4.3	2.0	1.0	1.0	0.0	0.5	2.0	0.0	0.0	0.0	1.0	0.0	2.0	1.0	2.0	1.0	0.0	2.0	0.0	17
NWS.ASX	6.0	0.5	1.0	1.0	1.0	1.0	1.5	2.0	1.0	1.0	1.0	1.5	1.5	1.0	1.5	2.0	1.0	1.0	1.0	16
STZ	7.6	1.5	2.0	1.0	0.5	2.0	0.5	2.0	2.0	2.0	2.0	1.5	1.5	1.5	1.5	2.0	2.0	0.0	2.0	18
LUNG	4.4	1.0	0.0	1.0	2.0	0.0	0.5	2.0	0.0	0.0	1.0	1.0	1.5	1.0	2.0	1.0	0.0	2.0	0.0	16
HTGMQ	4.0	1.0	1.0	1.0	1.0	0.5	0.0	0.0	0.0	0.0	1.0	1.0	2.0	1.0	2.0	1.0	0.0	2.0	0.0	13
6504.T	5.3	0.0	1.0	1.0	0.5	1.0	1.5	1.0	1.0	1.0	1.0	0.5	1.5	1.5	2.0	2.0	1.0	0.5	1.0	17
UA	5.1	1.5	1.0	1.0	1.0	0.5	0.5	1.5	0.0	1.5	1.0	1.0	1.5	1.0	2.0	1.0	0.5	2.0	0.0	14
VLN	5.0	1.0	2.0	1.0	2.0	0.0	1.0	2.0	0.0	0.0	0.5	1.0	1.5	1.0	2.0	1.0	0.0	2.0	0.0	16
1088.HK	6.2	0.0	1.0	1.0	1.0	1.5	1.5	1.5	1.5	0.5	1.5	0.5	1.5	1.5	1.5	1.5	1.5	1.5	2.0	16
BETA	3.8	1.0	0.0	1.0	0.0	0.5	2.0	2.0	0.0	0.0	1.0	1.0	1.0	1.0	0.0	1.0	0.0	2.0	0.0	16
UPP.AE	4.7	0.0	1.0	1.0	1.0	2.0	2.0	0.5	0.5	0.0	0.5	0.0	2.0	1.0	1.5	2.0	0.0	2.0	0.0	16
CSWC	5.8	0.0	1.0	1.0	1.5	2.0	1.0	2.0	2.0	1.5	1.0	2.0	1.5	1.5	0.5	0.0	2.0	0.5	0.0	17
HTFL	3.6	1.0	0.0	1.0	2.0	0.0	2.0	2.0	0.0	0.0	1.0	1.0	0.0	1.0	0.5	1.0	0.0	0.5	0.0	16
TEMN.ZU	6.5	0.5	1.0	1.0	2.0	1.5	0.5	2.0	2.0	1.5	1.5	2.0	0.0	1.0	1.5	1.5	1.5	0.5	2.0	17
EOG.L	3.5	1.0	1.0	1.0	1.0	0.0	0.5	0.5	0.0	1.0	1.0	1.0	0.0	1.0	1.0	1.0	0.0	1.5	0.0	12
UIS	4.9	2.0	0.0	1.0	0.0	0.0	0.5	1.0	0.0	2.0	0.5	1.0	1.0	2.0	2.0	1.0	0.5	2.0	1.0	16
AKBA	4.7	1.0	0.0	1.0	1.0	0.0	0.0	2.0	0.0	2.0	1.0	1.0	0.5	1.0	2.0	1.0	0.0	2.0	1.5	16
STRF	4.2	1.0	1.0	1.0	1.0	0.5	1.0	2.0	0.0	1.0	1.0	1.0	1.5	1.0	0.0	1.0	0.0	1.0	0.0	10
RHIM.L	5.3	2.0	1.0	1.0	1.0	1.0	0.5	1.0	0.5	2.0	1.0	0.0	0.0	2.0	2.0	0.0	1.0	2.0	1.0	16
22UA.DE	5.3	2.0	2.0	1.0	1.0	0.0	0.0	2.0	0.0	0.0	1.0	1.0	1.5	1.0	1.5	1.0	0.0	2.0	2.0	15
FTS	5.8	0.5	1.0	1.0	0.5	1.5	1.0	1.5	2.0	0.0	0.5	1.5	1.5	1.5	1.0	1.5	2.0	0.5	2.0	17
SDY.L	5.4	1.0	1.0	1.0	1.0	0.5	0.5	2.0	0.5	2.0	1.0	1.0	0.0	2.0	2.0	0.0	1.0	2.0	1.0	14
NAK	3.2	1.0	0.0	1.0	1.0	0.5	1.0	0.0	0.0	0.5	0.5	1.0	0.0	1.0	1.0	1.0	0.0	1.0	1.0	13
PAY.L	6.7	1.5	1.0	1.0	1.0	1.5	1.5	1.5	1.5	2.0	0.5	0.0	0.0	2.0	2.0	1.5	1.5	2.0	2.0	16
CHRW	4.6	1.0	0.0	1.0	1.0	1.0	1.5	0.0	0.5	1.0	2.0	2.0	0.0	0.5	2.0	2.0	0.5	0.0	0.5	18
ALTAO.PA	4.2	1.0	1.0	1.0	1.0	0.0	1.0	2.0	0.0	0.5	1.0	1.0	1.0	1.0	0.0	1.0	0.0	0.5	2.0	12
IMU.ASX	3.5	0.0	1.0	1.0	1.0	0.5	0.0	2.0	0.0	0.0	0.5	1.0	1.5	1.0	0.5	1.0	0.0	1.5	0.0	15
PITEF	4.0	1.0	1.0	1.0	1.0	0.5	1.0	0.0	0.0	1.0	1.0	1.0	1.0	1.0	1.0	1.0	0.0	1.0	1.0	6
AMPY	5.7	2.0	0.0	1.0	0.0	1.5	0.0	1.5	2.0	0.0	0.5	2.0	2.0	2.0	2.0	1.0	1.0	1.5	0.5	18
COLR.BR	6.2	1.0	1.0	1.0	1.0	1.0	1.0	1.0	0.5	1.5	1.5	1.5	1.5	2.0	2.0	2.0	0.5	1.5	1.0	16
EWTX	3.9	1.0	0.0	1.0	2.0	0.5	1.0	0.0	0.0	0.0	1.5	1.0	0.5	1.0	1.0	1.0	0.0	1.5	1.0	13
ALL.L	3.5	1.0	1.0	1.0	1.0	0.5	1.5	2.0	0.0	0.0	0.5	1.0	0.0	1.0	0.0	1.0	0.0	1.0	0.0	14
STO.ASX	5.8	2.0	1.0	1.0	0.0	1.5	1.0	1.0	1.0	0.5	1.5	2.0	1.5	1.5	1.0	0.0	2.0	0.5	2.0	17
SOU.L	4.0	1.0	1.0	1.0	1.0	0.5	1.0	0.0	2.0	0.0	1.0	1.0	1.0	1.0	1.0	1.0	0.0	1.0	0.0	11
JELD	3.6	1.0	0.0	1.0	2.0	0.0	0.5	0.5	0.0	0.0	0.5	1.0	1.0	0.0	2.0	1.0	0.5	2.0	0.0	16
TONX	5.1	1.0	1.0	1.0	1.0	0.5	2.0	2.0	0.5	1.0	1.0	1.0	2.0	1.0	1.0	1.0	0.0	1.5	0.0	13
EGL.LS	6.1	0.5	1.0	1.0	1.0	1.0	1.0	2.0	1.0	0.0	0.5	2.0	1.0	2.0	2.0	2.0	1.0	2.0	1.0	16
ENVA	6.5	1.5	0.0	1.0	2.0	2.0	2.0	2.0	2.0	1.0	1.0	2.0	1.5	1.0	1.0	1.0	0.0	0.5	2.0	16
LOG.MC	5.4	1.0	1.0	1.0	1.0	1.0	1.0	0.0	0.5	1.0	1.5	1.5	0.5	2.0	2.0	1.0	0.5	2.0	1.0	14
INGA.NV	6.4	1.0	1.0	1.0	1.5	2.0	1.5	0.0	2.0	1.0	2.0	2.0	1.5	1.0	1.5	2.0	0.0	2.0	0.0	15
CRMD	7.4	0.0	2.0	1.0	0.0	2.0	2.0	2.0	2.0	2.0	1.0	0.0	1.5	2.0	2.0	1.0	2.0	2.0	2.0	18
MIDW.L	3.8	1.0	1.0	1.0	1.0	0.5	1.0	0.5	0.5	0.5	0.5	1.0	0.0	0.0	2.0	0.0	0.5	2.0	0.5	14
GPI	5.4	2.0	0.0	1.0	0.0	1.0	0.5	0.5	0.5	1.0	1.5	2.0	2.0	1.5	2.0	2.0	0.5	1.0	0.5	18
ELG.DE	6.2	0.0	1.0	1.0	1.0	1.5	1.5	1.5	1.5	1.5	1.0	2.0	1.0	1.0	1.5	2.0	1.5	0.5	1.5	16
GVA	6.5	2.0	1.0	1.0	2.0	0.5	2.0	0.5	1.0	2.0	1.0	1.0	0.5	1.5	2.0	2.0	0.5	2.0	1.0	17
SOLV	5.1	1.5	1.0	1.0	0.0	1.5	1.0	2.0	1.0	1.0	1.5	0.5	1.0	1.0	1.5	1.0	1.0	0.5	0.5	18
BKG.L	5.7	0.0	1.0	1.0	1.0	1.5	0.5	1.0	1.5	2.0	2.0	0.0	0.0	2.0	2.0	1.0	1.0	2.0	1.0	16
SCHP.PA	6.7	0.0	1.0	1.0	1.0	1.0	1.0	2.0	0.5	2.0	0.5	2.0	2.0	1.5	2.0	2.0	1.0	2.0	1.5	16
NXT.US	5.6	0.5	0.0	1.0	0.0	1.5	1.0	1.0	1.5	1.0	2.0	2.0	1.0	1.0	1.5	1.0	1.5	1.0	1.5	18
LASP.CO	5.6	1.5	1.0	1.0	1.0	2.0	1.0	0.0	2.0	1.0	1.0	1.0	1.5	1.0	1.0	2.0	0.0	2.0	0.0	12
JY0.DE	4.6	1.0	1.0	1.0	1.0	0.0	2.0	1.0	2.0	1.0	1.0	1.0	0.0	1.0	1.5	0.0	1.0	0.0	1.0	10
1332.T	5.8	1.5	1.0	1.0	1.5	1.0	1.5	0.5	0.5	1.0	1.0	1.0	1.5	1.5	2.0	2.0	0.5	1.0	1.0	15
ALNXT.PA	5.7	1.5	1.0	1.0	1.0	1.0	0.5	0.5	0.5	1.0	0.5	2.0	2.0	2.0	2.0	1.0	0.5	2.0	0.5	16
1U1.DE	6.0	1.0	1.0	1.0	0.0	1.0	1.5	1.0	0.5	1.0	1.0	2.0	2.0	1.0	2.0	2.0	1.0	1.0	1.5	15
NEWAb.ST	6.0	2.0	1.0	1.0	0.5	1.0	1.5	1.5	1.0	0.0	0.5	2.0	1.5	1.5	2.0	2.0	1.0	0.5	1.0	17
TELA	4.2	1.0	1.0	1.0	0.5	0.0	0.5	2.0	0.0	0.0	1.0	1.0	1.0	1.0	2.0	1.0	0.0	2.0	0.0	14
HAIN	4.7	1.5	0.0	1.0	0.0	0.0	0.0	1.0	0.0	2.0	0.5	1.0	2.0	1.5	2.0	1.0	0.5	2.0	1.0	17
RKT	6.0	2.0	2.0	1.0	0.0	1.0	2.0	2.0	2.0	0.0	1.5	1.0	1.5	0.5	1.0	1.0	1.5	1.5	0.0	17
SUL.ASX	6.2	1.5	1.0	1.0	1.0	1.0	1.0	1.5	1.0	2.0	1.5	1.5	1.5	1.5	2.0	1.5	1.0	0.0	1.0	16
SNDK	7.2	1.0	2.0	1.0	2.0	2.0	2.0	2.0	2.0	1.0	2.0	2.0	0.0	1.0	0.5	1.0	2.0	0.5	2.0	18
SHO	5.3	0.5	2.0	1.0	2.0	1.0	1.0	1.5	1.0	0.0	1.5	0.0	1.5	1.0	1.5	0.0	1.5	0.5	1.5	18
SDA	5.6	1.0	1.0	1.0	0.0	1.0	2.0	0.0	0.5	2.0	0.5	2.0	1.5	1.5	2.0	1.0	0.5	2.0	0.5	17
TCBI	6.4	1.5	1.0	1.0	0.0	2.0	1.0	0.0	2.0	1.0	1.5	1.5	1.5	1.0	2.0	2.0	0.0	2.0	2.0	16
NTCT	6.2	1.0	0.0	1.0	0.0	1.5	1.5	2.0	0.5	1.5	0.5	2.0	1.5	1.5	1.5	1.0	1.5	2.0	2.0	18
CEC.DE	5.4	2.0	1.0	1.0	1.0	0.5	1.0	0.5	0.0	2.0	0.5	1.0	1.0	2.0	2.0	1.0	0.5	2.0	0.5	15
EVI	5.1	2.0	0.0	1.0	0.5	1.0	1.5	1.0	0.5	1.0	0.5	2.0	1.5	1.5	2.0	1.0	0.5	0.5	0.5	18
HLT	6.7	1.5	1.0	1.0	0.5	2.0	1.0	2.0	2.0	0.5	2.0	2.0	1.0	0.5	0.5	2.0	2.0	0.5	2.0	17
CGBD	6.5	1.0	2.0	1.0	2.0	1.5	0.5	2.0	2.0	2.0	1.0	2.0	2.0	1.0	1.0	0.0	0.0	0.5	2.0	17
ITRK.L	5.4	0.5	1.0	1.0	1.0	1.0	1.0	2.0	1.5	1.0	1.5	0.0	0.0	1.5	1.5	1.0	1.5	1.0	1.5	14
MIPS.ST	5.7	0.0	1.0	1.0	0.0	2.0	2.0	2.0	2.0	0.5	1.0	2.0	0.0	0.0	0.5	2.0	2.0	0.5	2.0	17
FCNCA	6.9	2.0	2.0	1.0	1.0	2.0	1.0	0.0	2.0	1.0	1.5	1.5	1.5	1.0	1.5	2.0	0.0	2.0	2.0	16
CNA.L	6.7	2.0	1.0	1.0	1.0	1.0	1.0	1.5	2.0	2.0	1.5	0.0	0.0	2.0	2.0	2.0	1.5	2.0	0.5	16
SHEL.L	6.7	1.0	1.0	1.0	2.0	1.0	2.0	1.0	1.5	2.0	1.5	0.0	0.0	2.0	2.0	2.0	1.0	1.5	1.5	17
LEN	5.3	0.0	2.0	1.0	0.0	1.0	0.5	0.5	0.5	1.0	1.5	1.0	2.0	1.5	2.0	2.0	0.5	1.0	1.0	16
OBIO	3.3	1.0	1.0	1.0	0.5	0.0	0.0	2.0	0.0	0.0	1.0	1.0	0.0	1.0	0.5	1.0	0.0	2.0	0.0	16
ALPRG.PA	4.2	2.0	1.0	1.0	1.0	1.5	0.0	0.5	0.5	0.0	0.5	0.0	1.5	0.0	2.0	1.0	0.5	2.0	0.0	16
LDOS	5.8	1.0	1.0	1.0	0.5	1.0	1.0	0.5	1.0	1.5	1.5	1.5	1.5	1.5	2.0	2.0	1.0	0.5	1.0	18
ARWR	3.8	1.0	1.0	1.0	0.0	0.0	2.0	2.0	0.0	0.0	1.5	1.0	0.0	1.0	0.5	1.0	0.0	1.5	0.0	16
MARS.L	5.7	2.0	1.0	1.0	1.0	1.0	0.5	2.0	1.5	1.0	1.0	0.0	0.0	1.5	2.0	1.0	1.5	1.0	1.5	16
PBH	6.8	1.5	2.0	1.0	0.5	1.5	1.0	2.0	1.5	1.5	1.0	2.0	1.5	1.5	1.5	1.0	1.5	0.5	1.5	18
HII	5.1	2.0	1.0	1.0	0.0	1.0	1.5	0.5	0.5	0.0	1.5	1.5	1.5	1.5	2.0	2.0	0.5	0.0	0.5	18
KRG	5.6	0.5	1.0	1.0	0.0	2.0	0.5	2.0	1.5	1.0	1.0	0.0	1.5	1.0	1.0	1.5	2.0	0.5	2.0	18
REF	5.7	0.0	1.0	1.0	1.0	1.0	2.0	2.0	1.0	1.0	1.0	2.0	1.5	0.0	2.0	1.0	0.5	1.5	1.0	15
ITN.DE	3.3	1.0	1.0	1.0	1.0	0.5	0.0	2.0	0.0	0.0	1.0	1.0	1.0	1.0	0.0	1.0	0.0	0.5	0.0	12
BRT	5.1	2.0	1.0	1.0	0.5	0.0	0.5	2.0	1.0	2.0	0.5	1.0	1.5	0.5	1.0	0.0	2.0	1.0	1.0	16
SOI.PA	3.9	0.0	1.0	1.0	1.0	0.0	0.0	0.5	0.0	0.5	1.5	1.0	1.0	0.0	1.0	1.0	1.0	1.5	2.0	15
AGYS	5.6	1.0	2.0	1.0	0.5	1.5	1.5	2.0	1.0	1.0	1.0	2.0	0.5	0.0	1.0	1.0	1.0	0.5	1.5	18
PBA	6.0	1.0	0.0	1.0	0.0	2.0	2.0	1.5	2.0	1.5	0.5	2.0	1.5	1.5	1.0	0.0	2.0	0.0	2.0	18
MPWR	6.4	1.5	0.0	1.0	2.0	2.0	2.0	2.0	2.0	0.5	1.5	2.0	0.0	0.0	0.5	2.0	1.5	0.5	2.0	18
HESM	6.2	1.5	0.0	1.0	2.0	2.0	0.5	2.0	2.0	1.5	1.0	1.5	0.5	2.0	1.0	0.0	2.0	0.0	2.0	18
NBN	4.9	0.0	0.0	1.0	0.5	2.0	1.5	0.0	2.0	1.0	0.5	1.5	1.5	1.0	1.0	2.0	0.0	2.0	0.0	16
GDRX	6.2	0.0	0.0	1.0	0.5	1.0	0.5	2.0	1.0	2.0	1.5	2.0	1.5	1.5	2.0	1.0	1.0	2.0	2.0	18
KIN.BR	6.8	0.0	1.0	1.0	1.0	1.0	2.0	1.0	1.5	2.0	1.0	2.0	1.0	1.5	1.5	2.0	1.5	1.5	2.0	16
BTMCQ	5.0	1.0	1.0	1.0	1.0	0.5	0.0	1.0	0.0	2.0	1.0	1.0	2.0	1.0	1.0	1.0	0.5	2.0	1.0	12
GNTX	7.2	2.0	2.0	1.0	1.0	1.5	0.5	1.0	1.5	1.5	1.0	1.5	1.5	2.0	2.0	2.0	1.5	1.0	1.5	18
CHDN	6.5	1.0	0.0	1.0	1.5	1.5	1.0	1.0	2.0	1.0	1.5	2.0	1.0	1.5	1.5	2.0	1.5	0.5	2.0	18
CLIG.L	6.8	1.5	1.0	1.0	1.0	2.0	1.5	2.0	2.0	2.0	0.5	0.0	0.0	2.0	1.5	1.0	2.0	1.5	2.0	16
AKR	6.4	0.0	2.0	1.0	2.0	1.5	1.5	2.0	2.0	1.5	1.0	1.0	1.5	1.0	0.5	0.0	2.0	0.5	2.0	18
OLLI	5.6	1.0	2.0	1.0	0.0	1.0	1.0	1.5	1.0	1.0	1.5	1.5	1.5	1.0	1.5	1.0	1.0	0.5	1.0	18
LPK.DE	4.4	2.0	1.0	1.0	1.0	0.0	0.0	2.0	0.0	1.5	0.5	1.0	1.0	1.0	1.5	1.0	0.0	0.5	1.0	15
DP4A.DE	6.9	2.0	1.0	1.0	1.0	1.0	1.5	1.0	1.0	1.5	1.0	1.0	2.0	2.0	2.0	2.0	1.0	2.0	1.0	14
KCR.HE	5.7	1.5	1.0	1.0	2.0	1.0	0.5	2.0	1.0	1.0	0.5	2.0	1.0	1.5	2.0	0.0	1.0	0.5	1.0	17
TBPH	5.4	1.0	1.0	1.0	1.0	2.0	0.0	2.0	1.0	0.5	0.5	1.5	1.0	0.0	1.0	1.0	1.0	2.0	2.0	18
PLUG	3.9	2.0	0.0	1.0	2.0	0.0	1.0	0.0	0.0	0.0	1.5	1.0	1.0	1.0	1.5	1.0	0.0	1.0	0.0	17
SLIGR.NV	5.6	1.0	1.0	1.0	1.0	1.0	0.5	1.0	0.5	2.0	0.5	2.0	2.0	1.5	2.0	1.0	0.5	0.5	1.0	16
GLJ.DE	6.2	2.0	1.0	1.0	1.0	1.5	1.5	2.0	1.0	1.0	1.0	1.5	2.0	1.0	1.0	2.0	0.0	2.0	0.0	14
RILBA.CO	5.3	1.0	1.0	1.0	1.5	2.0	1.0	0.0	2.0	1.0	0.5	1.5	1.0	1.0	0.5	2.0	0.0	1.0	1.0	14
ABM	5.7	1.0	1.0	1.0	1.0	1.0	1.0	0.5	0.5	2.0	1.0	2.0	1.5	1.5	2.0	2.0	0.5	0.5	0.5	17
TEG.DE	6.0	0.0	1.0	1.0	1.0	1.0	1.0	1.5	2.0	1.0	1.0	2.0	2.0	1.0	1.0	0.0	1.5	2.0	1.5	16
00257.HK	7.8	2.0	1.0	1.0	1.0	1.5	0.5	1.5	2.0	2.0	1.0	1.5	2.0	1.5	1.5	2.0	2.0	2.0	2.0	16
EL	6.2	1.0	2.0	1.0	2.0	1.0	1.0	2.0	0.5	1.5	2.0	2.0	0.5	1.0	1.5	0.0	1.0	1.5	1.0	18
SAM	6.5	2.0	2.0	1.0	0.5	0.5	0.5	1.5	1.0	2.0	1.5	1.0	1.5	2.0	2.0	1.0	1.0	1.5	1.0	17
VTR	5.6	0.0	2.0	1.0	0.0	1.0	2.0	1.5	1.0	1.0	2.0	2.0	1.0	0.5	1.0	0.0	2.0	0.0	2.0	18
ICE	6.8	1.0	0.0	1.0	1.0	2.0	1.0	2.0	2.0	1.0	1.5	2.0	1.5	1.0	1.0	2.0	2.0	0.5	2.0	18
FIVN	6.8	2.0	1.0	1.0	0.5	1.0	1.5	2.0	0.5	2.0	2.0	2.0	1.0	1.0	1.5	1.0	1.0	2.0	1.5	18
REY.MI	6.5	1.0	1.0	1.0	1.0	1.5	1.0	0.5	1.5	1.5	1.5	1.5	1.5	1.5	2.0	2.0	1.0	1.5	1.0	16
JYSK.CO	5.7	2.0	1.0	1.0	1.5	2.0	1.0	0.0	2.0	1.0	1.0	1.5	1.5	1.0	0.0	2.0	0.0	2.0	0.0	15
NOK	5.0	2.0	0.0	1.0	0.0	1.0	1.0	1.5	0.5	1.0	1.5	2.0	1.5	0.5	1.5	0.0	1.0	1.0	1.0	18
ALAVI.PA	5.8	0.0	1.0	1.0	1.0	1.0	0.5	1.5	0.5	2.0	0.5	2.0	2.0	1.5	2.0	1.0	0.5	2.0	1.0	16
MUX.DE	4.4	1.0	1.0	1.0	1.0	0.5	1.0	1.5	0.0	0.0	0.5	1.0	2.0	1.0	2.0	0.0	0.0	2.0	0.5	14
XXII	4.0	2.0	1.0	0.5	1.0	0.0	0.0	0.0	0.0	0.0	1.0	1.0	2.0	2.0	1.0	1.0	0.0	2.0	0.0	14
TPT.L	5.0	1.5	1.0	1.0	1.0	1.0	0.5	2.0	0.5	2.0	0.5	0.0	0.0	1.5	2.0	0.0	0.5	2.0	1.0	16
ALCRB.PA	4.3	2.0	1.0	1.0	1.0	0.5	2.0	0.0	0.0	0.0	0.5	1.0	2.0	1.0	0.5	1.0	0.0	2.0	0.0	15
ANVS	4.2	1.0	1.0	1.0	2.0	0.5	1.0	0.0	0.0	0.0	0.5	1.0	1.0	1.0	1.0	1.0	0.0	2.0	1.0	11
CRLA.PA	5.8	2.0	1.0	0.5	1.0	2.0	1.0	0.0	2.0	1.0	1.0	1.0	2.0	1.0	1.5	2.0	0.0	2.0	0.0	12
QURE	3.6	1.0	2.0	1.0	0.0	0.5	1.5	0.0	0.0	0.0	1.5	1.0	0.5	1.0	0.0	1.0	0.0	2.0	0.0	16
LUS1.DE	5.6	2.0	1.0	1.0	1.0	1.0	2.0	0.5	1.0	1.0	1.0	0.0	1.5	1.0	1.0	2.0	0.0	2.0	1.0	11
OPY	6.0	1.5	1.0	1.0	1.0	1.0	2.0	2.0	1.5	1.0	1.0	0.0	1.5	1.0	2.0	2.0	0.0	2.0	0.0	13
LUOTEA.HE	5.0	1.0	1.0	1.0	0.0	2.0	1.0	0.5	0.5	0.0	0.5	2.0	1.5	2.0	2.0	0.0	0.5	1.0	1.5	17
ECMPA.NV	6.9	2.0	1.0	1.0	1.0	2.0	1.0	2.0	2.0	1.5	1.5	0.5	2.0	1.0	0.5	1.5	2.0	0.5	2.0	16
ROP	7.5	1.5	2.0	1.0	1.5	2.0	1.0	2.0	2.0	1.5	1.5	1.0	1.5	1.0	1.0	2.0	2.0	0.5	2.0	18
PAHC	5.4	1.0	1.0	1.5	0.5	1.0	1.0	1.0	1.0	0.0	0.5	2.0	1.0	1.5	2.0	2.0	1.0	1.0	0.5	18
DRW8.DE	5.7	1.0	1.0	1.0	1.0	1.0	1.0	1.5	0.5	1.5	0.5	0.0	1.5	2.0	2.0	2.0	0.5	1.5	1.0	16
KSPI	6.8	2.0	2.0	1.0	1.0	2.0	1.5	2.0	0.0	0.0	1.0	2.0	2.0	1.0	1.0	2.0	2.0	1.0	1.0	14
CCAP	5.6	2.0	2.0	1.0	0.0	0.5	0.0	2.0	2.0	2.0	1.0	1.0	2.0	1.0	1.0	0.0	0.0	0.5	2.0	16
INTEAb.ST	6.5	2.0	1.0	1.0	1.0	2.0	2.0	2.0	2.0	1.0	0.5	0.0	1.5	0.5	0.5	2.0	2.0	0.5	2.0	16
00880.HK	5.7	2.0	1.0	1.0	0.0	0.5	0.0	2.0	0.5	1.0	1.5	1.0	2.0	1.0	2.0	1.0	1.0	2.0	1.0	14
NAI.NV	6.9	1.5	1.0	1.0	1.0	1.5	1.0	2.0	2.0	1.0	1.0	1.0	1.5	1.5	1.0	1.5	2.0	1.5	2.0	14
BR	5.6	1.0	0.0	1.0	0.0	1.5	1.0	1.0	1.5	1.5	1.0	1.5	0.5	1.5	1.5	2.0	1.5	0.5	1.5	18
INBK	5.7	1.0	0.0	1.0	2.0	0.0	2.0	0.0	1.0	1.0	1.0	1.0	2.0	1.0	1.5	2.0	0.0	2.0	2.0	14
CLFD	4.7	0.0	1.0	1.0	0.0	0.5	1.5	1.0	0.5	1.5	0.5	2.0	1.5	0.0	1.5	1.0	0.5	2.0	1.0	18
WLDN	5.8	2.0	2.0	1.0	0.0	1.0	2.0	1.5	1.0	1.0	0.5	2.0	1.0	1.0	2.0	1.0	0.5	0.5	1.0	18
9101.T	6.7	2.0	1.0	1.0	2.0	1.0	2.0	0.5	0.5	1.0	1.5	1.0	2.0	1.5	2.0	2.0	1.0	1.0	1.0	15
ANTO.L	6.9	2.0	1.0	1.0	1.0	1.5	1.5	2.0	2.0	0.5	2.0	0.0	0.0	1.5	1.5	2.0	2.0	1.5	2.0	16
EXR	6.7	0.0	2.0	1.0	1.5	2.0	1.0	2.0	2.0	1.5	2.0	1.5	1.5	1.0	0.5	0.0	2.0	0.5	2.0	18
DOTD.L	6.2	1.0	1.0	1.0	1.0	1.5	1.0	2.0	1.0	1.5	1.0	0.0	0.0	2.0	2.0	2.0	1.0	2.0	1.5	16
VOLV-A.ST	5.8	2.0	1.0	1.5	1.0	1.0	1.0	1.0	1.0	1.0	0.5	1.0	1.0	1.0	2.0	2.0	1.0	1.0	1.0	15
CSGP	6.5	2.0	2.0	1.0	0.0	1.0	1.5	2.0	1.0	1.0	2.0	2.0	1.5	0.5	1.5	1.0	1.0	1.5	1.0	18
PCAR	6.7	2.0	1.0	1.0	2.0	1.0	1.0	0.5	1.0	1.0	1.5	2.0	1.5	1.0	1.5	2.0	1.0	1.5	1.5	18
RSW.L	5.4	0.5	1.0	1.0	1.0	1.5	2.0	1.5	2.0	0.5	1.0	0.0	0.0	0.5	1.5	2.0	1.5	1.0	1.0	16
5802.T	5.7	0.0	1.0	1.0	0.5	1.0	1.5	1.0	0.5	1.0	1.5	2.0	1.5	1.5	2.0	2.0	1.0	0.5	1.0	15
SBRE.L	6.1	1.5	1.0	1.0	1.0	1.5	0.5	1.0	1.5	2.0	1.0	0.0	0.0	2.0	2.0	1.0	1.5	1.5	2.0	16
ALRIB.PA	4.9	0.0	1.0	1.0	1.0	1.5	1.5	1.5	0.5	0.0	0.5	2.0	0.5	0.5	1.5	2.0	1.0	0.5	1.0	16
MTH	5.8	2.0	1.0	1.0	0.0	1.0	0.0	0.5	1.0	1.5	1.0	1.5	2.0	1.5	2.0	2.0	0.5	1.5	1.0	18
CRUS	6.4	0.0	1.0	1.0	0.0	2.0	1.5	2.0	1.5	1.5	0.5	1.5	1.5	1.5	1.5	1.0	1.5	1.5	2.0	18
MCRB	3.8	1.0	1.0	1.0	2.0	0.5	1.0	0.0	0.0	0.0	0.5	1.0	1.5	1.0	0.0	1.0	0.0	2.0	0.0	15
ZVRA	6.4	0.0	0.0	1.0	0.0	2.0	2.0	2.0	2.0	1.5	1.0	1.5	1.0	1.5	1.5	1.0	1.5	2.0	1.5	18
NCCb.ST	5.0	1.5	1.0	1.0	1.0	1.0	0.5	0.5	0.5	1.5	0.5	2.0	1.5	1.5	2.0	0.0	0.5	1.0	0.5	16
HL	6.4	0.0	0.0	1.0	0.0	1.5	2.0	2.0	2.0	1.0	1.5	2.0	1.0	1.5	1.0	2.0	2.0	0.5	2.0	18
6506.T	5.6	1.0	1.0	1.0	0.0	1.0	1.5	1.5	0.5	0.5	1.5	2.0	1.5	1.0	1.5	2.0	1.0	0.5	1.0	17
OERL.ZU	6.5	2.0	1.0	1.0	1.0	2.0	1.0	1.0	1.0	2.0	1.0	2.0	1.5	1.5	2.0	0.0	1.0	1.5	1.0	16
PLNT	7.5	2.0	1.0	1.0	1.5	1.5	1.0	2.0	2.0	1.5	1.5	1.5	1.0	1.5	1.5	1.0	2.0	1.5	2.0	17
WH	6.5	2.0	1.0	1.0	0.0	1.5	0.5	2.0	2.0	1.5	1.5	2.0	0.0	1.5	1.0	1.5	2.0	0.5	2.0	18
JRVR	6.7	2.0	2.0	1.0	0.0	1.0	0.5	1.5	1.0	2.0	0.5	2.0	2.0	1.5	2.0	2.0	0.5	2.0	0.5	18
WCC	5.3	1.0	0.0	1.0	1.5	1.0	1.5	1.0	0.5	0.5	1.5	2.0	1.0	1.0	2.0	2.0	0.5	0.5	0.5	18
BAR.BR	5.0	0.0	1.0	1.0	1.0	1.0	0.5	1.5	0.5	0.0	1.0	2.0	2.0	2.0	2.0	0.0	0.5	1.5	0.5	16
NFN.DE	5.1	0.0	1.0	1.0	1.0	1.0	0.5	1.5	0.5	0.5	0.5	2.0	1.5	1.5	2.0	1.0	0.5	1.5	1.0	16
WAC.DE	6.2	2.0	1.0	1.0	1.0	1.0	1.5	1.0	1.0	2.0	0.5	1.5	1.5	1.5	2.0	2.0	0.5	0.5	1.0	16
NKGN	3.5	1.0	1.0	1.0	1.0	0.5	1.0	0.0	0.0	0.0	1.0	1.0	1.0	1.0	1.0	1.0	0.0	0.0	1.0	9
RDW.US	4.2	1.0	0.0	1.0	2.0	0.0	2.0	1.0	0.0	0.0	1.0	1.0	1.5	1.0	1.0	1.0	0.0	1.5	0.0	16
8TRA.DE	6.4	2.0	1.0	1.0	2.0	1.0	1.0	0.5	0.5	1.0	1.5	2.0	2.0	1.5	2.0	1.0	1.0	1.5	0.5	17
SPWH	4.4	2.0	0.0	1.0	0.0	0.5	1.0	1.0	0.0	2.0	0.5	1.0	2.0	0.5	2.0	1.0	0.5	0.5	0.5	17
EVH	5.3	1.0	0.0	1.0	2.0	0.0	2.0	0.5	0.0	2.0	1.5	1.0	1.5	0.5	2.0	1.0	0.5	2.0	0.5	17
101.HK	7.6	2.0	1.0	1.0	1.0	1.5	2.0	2.0	2.0	2.0	1.5	2.0	2.0	1.0	1.0	0.0	2.0	1.5	2.0	16
BCRX	7.4	0.0	2.0	1.0	2.0	0.0	2.0	2.0	2.0	2.0	1.5	1.0	1.0	2.0	1.5	1.0	2.0	1.5	2.0	16
YEXT	5.7	0.5	1.0	1.0	2.0	1.0	0.5	2.0	1.5	1.5	0.5	2.0	0.0	1.0	2.0	1.0	0.5	1.5	1.0	18
BLND.L	5.8	0.0	1.0	1.0	1.0	2.0	1.0	2.0	2.0	1.5	1.5	0.0	0.0	1.0	0.5	2.0	2.0	0.5	2.0	16
DINO	6.9	1.5	0.0	1.0	2.0	1.0	2.0	0.5	1.0	2.0	1.5	1.5	1.5	2.0	2.0	2.0	1.0	1.5	1.0	18
VIRT	7.2	2.0	1.0	1.0	2.0	1.5	2.0	2.0	2.0	1.0	1.0	1.5	1.5	1.0	1.0	2.0	0.0	2.0	1.5	16
NAVI	5.6	2.0	2.0	1.0	0.0	0.0	1.0	2.0	2.0	1.0	1.0	1.0	2.0	1.0	0.0	0.0	0.0	2.0	2.0	15
RGL.L	5.1	1.0	1.0	1.0	1.0	0.0	0.0	1.5	2.0	2.0	0.5	1.0	0.0	1.0	1.5	1.0	0.0	2.0	2.0	13
BLFS	5.0	0.0	2.0	1.0	2.0	2.0	2.0	2.0	0.5	0.5	1.0	0.0	1.0	0.0	0.5	1.0	0.5	0.5	1.5	18
LSTR	5.7	2.0	1.0	1.0	2.0	1.0	1.5	0.5	0.5	0.5	1.5	2.0	0.5	0.5	2.0	2.0	0.5	1.0	0.5	18
SQM	8.1	2.0	0.0	1.0	0.0	2.0	2.0	1.5	2.0	2.0	1.5	2.0	1.5	2.0	1.5	2.0	2.0	2.0	2.0	18
QTTOY	4.0	1.0	1.0	1.0	1.0	0.0	0.0	1.5	0.0	0.0	1.0	1.0	1.0	0.0	2.0	1.0	0.5	2.0	0.5	12
DU.AE	6.1	1.5	1.0	1.0	1.0	1.5	1.0	1.5	1.5	1.0	1.5	0.0	1.0	1.5	1.5	2.0	1.5	0.0	2.0	17
GN.CO	5.0	1.0	1.0	1.0	0.0	0.5	0.5	2.0	0.5	0.0	1.5	2.0	1.5	1.0	2.0	1.0	0.5	1.0	1.0	17
ASRNL.NV	7.4	1.5	1.0	1.0	1.0	1.0	1.5	2.0	2.0	2.0	1.5	2.0	1.5	1.0	1.0	1.5	2.0	2.0	1.0	16
KROS	4.6	1.0	1.0	1.0	2.0	0.5	1.0	0.0	0.0	0.0	1.0	1.0	2.0	2.0	1.0	1.0	0.0	2.0	0.0	15
5713.T	5.7	2.0	1.0	1.0	0.0	1.5	2.0	0.5	1.5	0.0	1.0	0.0	1.5	1.5	2.0	2.0	1.0	1.0	1.0	17
1766.HK	6.5	2.0	1.0	1.0	0.0	1.0	1.0	1.0	1.0	2.0	1.0	1.0	2.0	2.0	2.0	2.0	0.5	2.0	1.0	17
EMBRACB.ST	5.8	1.0	1.0	1.0	0.0	0.0	2.0	2.0	0.0	0.0	1.5	1.0	2.0	2.0	2.0	1.0	1.0	2.0	1.5	15
DASH.US	6.0	1.5	0.0	1.0	2.0	1.0	2.0	2.0	0.5	1.5	2.0	2.0	0.5	0.0	1.5	1.0	0.5	1.0	1.5	18
PDFS	5.0	0.0	0.0	1.0	2.0	1.0	1.5	2.0	1.0	0.0	1.0	2.0	1.0	0.0	1.0	1.0	1.0	1.0	1.5	18
ALLOG.PA	5.3	0.0	1.0	1.0	1.0	1.0	2.0	0.5	0.5	1.5	0.5	2.0	1.5	0.0	2.0	1.0	0.5	2.0	1.0	16
NIQ	5.3	1.0	1.0	1.0	1.5	1.0	1.0	1.0	1.0	1.0	1.5	1.0	1.0	1.0	1.0	1.0	1.0	1.0	1.0	4
CSIQ	4.7	2.0	1.0	1.0	0.0	0.5	0.0	0.5	0.0	0.0	1.5	1.0	2.0	1.5	2.0	1.0	1.0	2.0	0.0	16
WSHP	2.9	1.0	1.0	1.0	1.0	0.5	0.0	0.0	0.0	2.0	1.0	1.0	0.0	1.0	0.0	1.0	0.0	0.0	0.0	13
AMGN	6.9	0.5	2.0	1.0	1.0	2.0	1.0	2.0	2.0	1.0	2.0	2.0	0.0	1.0	1.0	1.5	2.0	1.0	2.0	18
ABI.BR	7.6	1.0	1.0	1.0	1.0	1.5	1.5	2.0	2.0	2.0	2.0	1.5	1.5	1.5	1.5	2.0	1.5	1.0	2.0	17
HCI	8.6	2.0	2.0	1.0	2.0	2.0	1.5	2.0	2.0	2.0	0.5	0.5	1.5	2.0	2.0	2.0	2.0	2.0	2.0	18
DGX	6.0	1.0	0.0	1.0	1.5	1.0	1.5	1.0	1.5	1.0	1.5	2.0	1.0	1.0	1.5	2.0	1.0	0.5	1.5	18
FMX	5.8	0.0	2.0	1.0	0.0	1.0	1.0	1.5	0.5	2.0	1.5	1.5	1.0	2.0	2.0	0.0	1.0	2.0	1.0	18
XRXDW	4.9	1.0	1.0	1.0	1.0	0.0	2.0	1.0	0.5	1.0	1.0	1.0	2.0	1.0	1.0	1.0	0.5	1.0	0.5	7
BEKE	6.4	2.0	0.0	1.0	1.5	1.0	0.5	1.0	1.0	2.0	2.0	2.0	1.5	1.0	1.0	2.0	0.5	2.0	1.0	18
HEIO.NV	6.8	1.0	1.0	1.0	1.0	1.0	0.5	1.5	1.0	2.0	0.5	2.0	1.5	2.0	2.0	2.0	1.0	2.0	1.5	16
AER	7.1	2.0	0.0	1.0	2.0	2.0	1.5	2.0	2.0	0.0	1.5	0.5	1.5	1.5	1.0	2.0	2.0	1.0	2.0	18
CMPS	4.9	1.0	2.0	1.0	1.5	0.5	1.0	0.0	0.0	2.0	1.5	1.0	0.0	1.0	1.0	1.0	0.0	2.0	1.0	13
LBG.L	5.6	2.0	1.0	1.0	1.0	1.0	1.5	1.0	0.5	1.0	1.0	0.0	0.0	2.0	2.0	1.0	1.0	2.0	1.0	16
SHIP	7.9	2.0	1.0	1.0	2.0	2.0	2.0	2.0	2.0	1.0	0.5	0.5	1.5	2.0	1.5	2.0	2.0	1.5	2.0	17
VRNS	5.1	0.0	2.0	1.0	2.0	0.0	1.5	2.0	0.0	1.0	2.0	1.0	0.0	1.0	1.0	1.0	0.0	1.5	1.5	17
9999.HK	7.8	1.5	1.0	1.0	0.5	2.0	1.0	2.0	2.0	1.5	2.0	1.5	1.0	1.5	1.5	2.0	2.0	2.0	2.0	17
AKW.PA	6.0	1.0	1.0	1.0	1.0	1.0	0.0	2.0	0.5	1.0	0.5	1.5	2.0	2.0	2.0	2.0	0.5	2.0	0.5	16
MSEX	6.1	0.0	1.0	1.0	1.0	2.0	1.5	2.0	2.0	0.0	0.5	1.5	1.5	1.0	1.0	2.0	2.0	0.0	2.0	17
VEEV	6.5	1.5	0.0	1.0	1.5	2.0	1.5	2.0	2.0	1.0	2.0	2.0	0.5	0.0	0.5	1.0	1.5	1.5	2.0	18
BEZ.L	4.6	0.0	1.0	1.0	1.0	1.5	0.5	1.0	1.0	0.0	1.0	0.0	0.0	1.0	1.0	2.0	1.5	2.0	1.0	16
ALEO2.PA	4.9	1.0	1.0	1.0	1.0	0.5	0.5	1.0	0.5	0.0	1.0	1.0	2.0	1.0	2.0	1.0	0.5	2.0	0.5	13
COLL	7.2	2.0	2.0	1.0	0.0	1.0	1.0	2.0	0.5	2.0	1.0	2.0	1.5	2.0	1.5	1.0	2.0	1.5	2.0	18
MG	5.3	1.5	1.0	1.0	0.0	1.0	1.0	1.0	0.5	1.0	0.5	2.0	1.5	1.5	2.0	1.0	1.0	0.5	1.0	17
RGCO	5.6	1.5	1.0	1.0	1.5	1.5	0.5	1.0	0.5	0.5	0.5	1.0	1.5	1.5	1.5	1.5	1.5	0.5	1.5	17
EKT.DE	5.3	0.5	1.0	1.0	1.0	1.0	2.0	1.5	1.0	0.0	0.5	2.0	1.5	1.0	1.5	0.0	1.5	2.0	0.0	16
INVE-A.ST	6.9	0.0	1.0	1.0	1.0	2.0	2.0	2.0	2.0	2.0	0.5	1.0	1.5	2.0	1.5	2.0	2.0	0.5	1.0	15
CVBF	6.8	1.5	1.0	1.0	1.5	2.0	2.0	0.0	2.0	1.0	1.0	2.0	1.5	1.0	1.0	2.0	0.0	2.0	2.0	16
BKS.L	3.6	0.0	1.0	1.0	1.0	1.0	0.5	1.5	0.0	0.5	0.5	0.0	0.0	0.0	1.5	1.0	1.0	0.5	2.0	16
CNNE	4.6	1.0	1.0	1.0	2.0	0.0	0.5	0.0	0.0	2.0	0.5	1.0	2.0	1.0	2.0	1.0	0.0	1.5	0.0	16
RUSHA	5.4	0.5	2.0	1.0	0.5	1.0	0.5	0.5	0.5	1.5	0.5	2.0	1.5	1.5	2.0	2.0	0.5	0.5	1.0	18
MRN.PA	5.1	0.0	1.0	1.0	1.0	1.0	1.0	1.0	1.0	0.5	1.0	2.0	1.5	1.5	2.0	0.0	1.0	1.0	1.0	16
CMPR	5.3	1.0	0.0	1.0	1.0	1.0	1.0	1.5	0.5	1.0	0.5	2.0	1.0	1.5	2.0	1.0	0.5	1.5	1.0	16
MKC	6.4	1.0	2.0	1.0	0.0	2.0	1.5	1.5	1.5	1.5	1.5	0.0	1.5	1.5	1.5	2.0	1.0	0.5	1.5	18
REP.MC	7.5	2.0	1.0	1.0	2.0	1.0	2.0	1.0	1.5	0.5	2.0	1.5	1.5	2.0	2.0	2.0	1.0	2.0	1.0	17
R3NK.DE	5.3	0.0	1.0	1.0	1.5	1.0	1.0	1.0	1.0	0.5	1.5	2.0	0.5	1.0	1.5	2.0	1.0	0.5	1.0	17
ATRO	5.4	1.5	2.0	1.0	2.0	1.0	2.0	1.0	1.0	0.5	0.5	2.0	0.0	0.5	1.5	1.0	1.0	0.0	1.0	18
BASS.PA	5.8	0.0	1.0	1.0	1.0	1.0	2.0	1.0	1.0	0.0	0.5	1.5	2.0	2.0	2.0	2.0	1.0	2.0	0.0	16
BRC	6.7	1.0	1.0	1.0	2.0	1.5	1.0	2.0	1.5	1.0	0.5	2.0	1.5	1.5	1.5	2.0	1.5	0.5	1.0	17
ANIC.L	4.4	1.0	1.0	1.0	1.0	0.5	1.0	0.0	2.0	0.0	0.5	1.0	0.0	1.0	1.0	1.0	0.0	2.0	2.0	12
BVC.L	4.4	1.0	1.0	1.0	1.0	0.0	0.0	1.0	0.0	2.0	1.0	1.0	0.0	1.5	2.0	1.0	0.5	2.0	0.0	13
URI	6.7	1.5	0.0	1.0	1.5	1.5	1.5	1.5	2.0	1.0	2.0	2.0	0.5	1.0	1.5	2.0	1.5	0.0	2.0	18
DBRG	6.9	0.5	1.0	1.0	2.0	2.0	1.0	2.0	2.0	2.0	0.5	0.0	1.5	1.0	1.0	2.0	2.0	1.5	2.0	16
LIVE.L	5.1	1.0	1.0	1.0	1.0	1.0	1.0	1.0	1.0	1.0	0.5	2.0	1.0	1.0	1.0	1.0	1.0	1.0	1.0	4
SEIT.L	4.9	1.0	1.0	1.0	1.0	1.0	1.0	1.0	1.0	1.0	0.5	1.0	1.0	1.0	1.0	1.0	1.0	1.0	1.0	2
BLKB	6.8	2.0	2.0	1.0	1.0	1.5	1.0	2.0	1.5	2.0	0.5	2.0	0.0	1.5	1.5	1.0	1.5	0.5	2.0	18
SFIX	4.6	1.0	1.0	0.0	0.0	0.5	1.0	1.5	0.0	2.0	1.0	1.0	1.5	0.0	2.0	1.0	0.5	2.0	0.5	16
LTMC.MI	6.2	0.5	1.0	1.0	1.0	1.0	1.0	1.5	1.5	1.0	1.5	2.0	0.0	1.5	1.5	2.0	1.5	1.0	2.0	17
SNOW	4.3	0.0	1.0	1.0	2.0	0.0	2.0	2.0	0.0	0.5	2.0	1.0	0.0	1.0	0.0	1.0	0.0	0.5	1.5	17
FELE	6.0	1.0	2.0	1.0	0.5	1.0	1.0	1.5	1.5	1.0	0.5	2.0	1.0	1.5	1.5	2.0	1.0	0.5	1.0	18
TXG	3.8	1.0	0.0	1.0	2.0	0.0	0.0	2.0	0.0	0.5	1.5	1.0	0.0	1.0	0.5	1.0	0.0	0.5	1.5	16
EOSE	3.2	1.0	0.0	1.0	0.0	0.0	2.0	0.0	0.0	0.0	1.0	1.0	1.0	1.0	0.5	1.0	0.0	2.0	0.0	15
CTRN	4.6	0.5	1.0	1.0	0.0	1.0	1.5	1.5	0.0	0.5	0.5	2.0	1.0	0.5	2.0	1.0	0.5	1.5	0.5	18
ALCLS.PA	4.7	1.0	1.0	1.0	1.0	0.0	0.0	2.0	0.0	2.0	0.5	1.0	1.5	1.0	2.0	1.0	0.0	2.0	0.0	14
MIN.ASX	7.1	0.5	1.0	1.0	1.0	1.5	2.0	2.0	2.0	1.5	1.5	0.0	1.5	2.0	1.5	1.0	2.0	1.5	2.0	16
AWK	6.8	1.0	2.0	1.0	1.0	2.0	1.0	2.0	2.0	0.0	1.5	1.5	1.5	1.0	1.0	2.0	2.0	0.0	2.0	18
REN.NV	6.2	1.5	1.0	1.0	1.0	2.0	1.0	2.0	2.0	1.0	0.5	2.0	0.0	1.0	1.0	2.0	1.5	0.0	2.0	16
LYB	5.1	1.0	0.0	1.0	0.0	0.5	1.5	0.5	1.5	1.5	1.5	1.0	1.5	1.5	2.0	0.0	1.0	1.5	1.0	17
DOM.L	5.8	1.5	1.0	1.0	1.0	1.0	1.0	1.5	1.0	1.5	1.5	0.0	1.0	1.5	2.0	1.5	1.0	0.5	1.5	15
XELA	5.1	1.0	1.0	1.0	1.0	0.5	1.0	1.0	0.5	2.0	1.0	1.0	1.0	0.5	2.0	1.0	0.5	2.0	0.5	12
OBS.DE	6.4	1.5	1.0	1.0	1.0	1.0	1.0	0.5	0.5	2.0	0.5	2.0	1.5	2.0	2.0	2.0	0.5	2.0	1.0	16
PLCE	4.2	1.5	1.0	1.0	0.0	0.0	0.0	1.0	0.0	2.0	0.5	1.0	1.0	1.0	2.0	1.0	0.0	1.5	0.5	16
ALPAU.PA	5.7	1.0	1.0	1.0	1.0	1.0	1.0	1.0	0.5	2.0	0.5	2.0	2.0	2.0	2.0	1.0	1.0	0.0	0.5	16
XYL	6.7	1.5	0.0	1.0	1.0	1.5	1.0	1.5	1.5	1.5	1.5	2.0	1.5	1.5	1.5	2.0	1.5	1.0	1.0	18
GPRK	8.3	2.0	1.0	1.0	1.0	1.5	1.5	2.0	2.0	2.0	0.5	2.0	1.5	2.0	2.0	2.0	2.0	2.0	2.0	16
RLAY	3.5	1.0	2.0	1.0	0.5	0.5	0.0	0.0	0.0	0.0	1.5	1.0	1.0	1.0	0.0	1.0	0.0	2.0	0.0	16
CAF.MC	6.5	1.5	1.0	1.0	1.0	1.0	2.0	1.5	0.5	1.0	1.0	2.0	1.5	1.5	2.0	2.0	0.5	2.0	0.5	16
DOLE	5.8	1.0	0.0	1.0	1.5	1.0	1.0	0.0	0.5	2.0	0.5	2.0	2.0	1.5	2.0	2.0	0.5	2.0	0.5	18
FRSH	6.5	2.0	0.0	1.0	1.5	2.0	1.5	2.0	0.5	1.5	1.5	2.0	1.0	0.0	1.5	1.0	0.5	2.0	2.0	18
BKE	6.7	0.5	2.0	1.0	0.0	1.5	1.0	2.0	1.5	1.5	0.5	1.0	1.0	2.0	2.0	2.0	1.5	1.5	1.5	18
VFS	3.5	1.0	1.0	1.0	0.0	0.0	2.0	0.0	0.0	0.0	0.5	1.0	1.0	1.0	1.0	1.0	0.0	1.0	1.0	10
DLR	6.7	0.0	2.0	1.0	1.0	1.5	2.0	2.0	2.0	1.5	2.0	2.0	1.5	0.5	0.5	0.0	2.0	0.5	2.0	17
AIG	8.2	2.0	2.0	1.0	0.5	1.5	1.0	1.5	1.5	2.0	2.0	2.0	2.0	2.0	2.0	2.0	1.5	2.0	1.0	18
QB7.DE	5.7	1.5	1.0	1.0	1.0	1.5	1.0	0.0	1.5	1.0	1.0	1.0	1.5	1.0	1.5	2.0	0.0	2.0	1.0	11
INW.MI	6.2	1.0	1.0	1.0	1.0	2.0	0.5	2.0	2.0	2.0	1.5	1.0	1.5	1.0	0.5	0.0	2.0	0.5	2.0	16
DOCS	6.8	2.0	1.0	1.0	0.0	2.0	1.0	2.0	1.5	1.5	1.5	2.0	1.0	1.0	1.0	1.0	1.5	1.5	2.0	18
TSN	4.6	1.5	0.0	1.0	0.0	1.0	0.5	0.0	0.5	1.5	1.5	2.0	2.0	1.5	2.0	0.0	0.5	0.5	0.5	18
ASLE	4.4	1.0	2.0	1.0	0.0	0.5	0.0	1.0	0.0	2.0	0.5	1.0	2.0	1.0	2.0	1.0	0.5	0.5	0.0	16
WAF.DE	4.4	1.0	1.0	1.0	0.5	0.0	0.5	0.0	0.0	0.0	1.5	1.0	1.5	1.5	1.5	1.0	1.0	2.0	1.0	15
ITIC	6.9	1.0	1.0	1.0	1.0	1.5	1.5	2.0	1.5	2.0	1.0	1.0	1.5	1.5	2.0	2.0	1.0	1.5	1.0	14
NXST	7.4	2.0	2.0	1.0	2.0	1.0	2.0	2.0	1.5	2.0	1.0	2.0	1.5	1.5	1.5	0.0	1.5	0.5	1.5	18
06862.HK	6.2	2.0	1.0	1.0	1.0	1.0	1.0	1.0	1.0	1.5	2.0	0.5	1.0	2.0	2.0	1.0	1.0	1.5	1.0	16
GGP.L	7.5	2.0	1.0	1.0	1.0	2.0	2.0	2.0	2.0	2.0	1.0	0.0	0.0	2.0	2.0	1.0	2.0	2.0	2.0	16
DIOS.ST	6.5	1.5	1.0	1.0	1.0	2.0	1.0	2.0	2.0	1.0	0.5	0.0	2.0	1.0	1.0	2.0	2.0	0.5	2.0	15
SPIR	3.6	1.0	2.0	1.0	0.0	0.0	0.5	1.5	0.0	0.0	0.5	1.0	1.0	1.0	1.0	1.0	0.0	1.5	0.0	16
VALUE.NV	7.2	2.0	1.0	1.0	1.0	2.0	0.0	2.0	2.0	2.0	1.0	1.0	2.0	2.0	1.0	2.0	2.0	2.0	0.0	14
INF.PA	6.8	2.0	1.0	1.0	1.0	1.0	1.0	2.0	1.0	1.5	0.5	2.0	1.5	2.0	2.0	1.0	1.0	2.0	1.0	16
CUBI	6.7	1.5	2.0	1.0	0.5	2.0	1.5	0.0	2.0	1.0	1.5	1.5	1.5	1.0	2.0	1.0	0.0	2.0	2.0	16
CAKE.US	5.3	1.0	0.0	1.0	2.0	1.0	1.0	1.5	0.5	1.0	1.5	2.0	0.0	0.5	2.0	2.0	0.5	0.5	1.0	18
MWA	6.7	2.0	1.0	1.0	0.5	1.5	1.0	1.5	1.5	1.0	1.0	1.5	1.0	1.5	1.5	2.0	1.5	1.5	1.5	18
ROP.ZU	6.7	1.0	1.0	1.0	1.0	1.5	0.5	2.0	2.0	1.0	1.5	2.0	0.5	1.5	1.5	1.5	2.0	0.5	2.0	16
IUR.DE	4.7	0.0	1.0	1.0	1.0	0.0	0.5	2.0	0.5	0.0	1.0	1.0	2.0	1.5	2.0	1.0	0.5	2.0	0.0	14
TTEK	5.7	1.0	2.0	1.0	1.5	1.5	0.5	1.0	1.0	1.0	1.0	1.0	1.0	1.0	1.5	2.0	1.0	0.5	1.0	18
SPB	6.1	1.5	0.0	1.0	0.0	1.0	1.0	1.5	1.0	2.0	1.0	2.0	1.5	1.5	2.0	2.0	0.5	1.5	1.0	18
GEV	5.0	1.0	0.0	1.0	0.5	2.0	2.0	1.0	0.5	1.5	2.0	0.0	0.0	0.0	1.0	2.0	0.5	1.0	2.0	18
ALCAF.PA	6.0	0.0	1.0	1.0	1.0	1.0	1.0	2.0	0.5	2.0	1.0	1.0	2.0	1.5	2.0	1.0	0.5	2.0	1.0	14
4004.T	5.8	2.0	1.0	1.0	1.0	1.0	1.5	1.0	1.0	0.5	1.5	0.5	1.0	1.0	1.5	2.0	1.0	1.5	1.0	16
PACK	5.8	1.0	1.0	1.0	2.0	0.5	1.5	1.0	0.0	1.5	0.5	1.0	2.0	1.5	2.0	1.0	1.0	1.5	1.0	15
MANU	4.0	2.0	1.0	1.0	1.0	0.5	0.5	0.0	0.0	0.0	0.5	1.0	0.0	1.0	1.0	1.0	1.5	0.5	2.0	16
MWC	6.5	1.5	1.0	1.0	1.0	1.0	1.0	1.5	1.0	2.0	1.0	1.0	1.5	2.0	2.0	1.0	1.0	2.0	1.0	14
TTG.L	4.4	2.0	1.0	1.0	1.0	0.5	0.5	1.0	0.5	0.0	1.0	1.0	0.0	1.0	2.0	1.0	0.0	1.5	1.0	15
GNC.ASX	4.4	2.0	1.0	1.0	1.0	0.5	0.5	0.0	0.5	1.0	1.5	1.0	1.5	0.0	2.0	0.0	0.5	1.5	0.5	15
IVCAF	3.5	1.0	1.0	1.0	1.0	0.5	1.0	0.0	0.0	0.0	1.0	1.0	1.0	1.0	1.0	1.0	0.0	0.0	1.0	7
OMDA	4.9	0.5	0.0	1.0	2.0	1.0	2.0	2.0	0.5	0.5	1.5	0.0	1.0	0.0	1.5	1.0	0.5	1.5	1.0	18
ZETA.US	5.1	2.0	1.0	1.0	1.5	0.5	2.0	2.0	0.5	1.0	1.5	0.0	0.5	0.0	1.5	1.0	0.5	0.5	1.5	18
FHZN.ZU	6.2	0.0	1.0	1.0	1.0	2.0	1.0	2.0	2.0	0.5	1.5	0.5	1.5	1.5	1.0	1.5	2.0	0.5	2.0	16
LAZ	5.4	1.5	0.0	1.0	0.0	1.0	1.0	2.0	0.5	1.0	1.0	2.0	1.0	1.0	2.0	1.0	0.0	2.0	1.5	16
MERY.PA	6.1	0.0	1.0	1.0	1.0	1.5	1.0	2.0	2.0	1.5	1.0	2.0	2.0	1.0	0.5	0.0	2.0	0.5	2.0	16
GROY	4.9	0.0	1.0	1.0	0.0	1.0	2.0	2.0	2.0	0.0	1.0	0.0	2.0	0.0	0.0	1.0	2.0	0.5	2.0	18
HO.PA	6.4	1.0	1.0	1.0	1.0	1.0	1.0	1.0	1.0	2.0	1.5	2.0	1.0	1.0	1.5	2.0	1.0	1.5	1.5	16
TPE.DE	3.5	0.0	1.0	1.0	1.0	0.5	1.0	1.0	0.0	0.0	1.0	1.0	1.0	0.0	1.5	1.0	0.5	0.5	0.5	15
AMZN	6.4	1.5	2.0	1.0	1.5	1.5	1.5	2.0	1.0	0.5	2.0	0.5	1.0	1.0	1.5	1.0	1.5	0.5	1.5	18
NXFIL.NV	3.8	1.0	1.0	1.0	1.0	0.0	1.5	1.5	0.0	0.0	0.5	1.0	1.5	1.0	0.5	1.0	0.0	1.0	0.0	14
BULL	5.8	1.5	1.0	1.0	2.0	1.0	2.0	2.0	1.5	1.0	0.5	0.0	1.0	1.0	1.5	1.0	0.0	2.0	1.0	16
BANI.BR	7.4	2.0	1.0	1.0	1.0	1.5	2.0	1.5	2.0	2.0	0.5	0.0	2.0	2.0	1.5	1.0	2.0	1.5	2.0	16
FOSL	5.4	1.5	1.0	1.0	2.0	0.5	0.5	2.0	0.5	1.5	0.5	1.0	1.0	1.0	2.0	1.0	0.5	2.0	0.0	17
USB	6.5	1.0	0.0	1.0	1.5	2.0	1.5	0.0	2.0	1.0	2.0	1.5	1.5	1.0	1.5	2.0	0.0	2.0	2.0	16
NYXH.BR	4.9	1.0	1.0	1.5	1.0	0.5	2.0	2.0	0.0	0.0	0.5	1.0	1.5	1.0	1.5	1.0	0.0	2.0	0.0	16
CART	6.7	1.0	1.0	1.0	0.5	1.5	1.5	2.0	1.0	2.0	2.0	2.0	1.0	1.0	1.5	1.0	1.0	1.0	2.0	18
SW	5.1	2.0	0.0	1.0	0.0	1.0	1.0	0.5	0.5	1.5	1.5	2.0	1.5	1.5	2.0	0.0	1.0	0.5	1.0	18
GBTG	6.4	0.0	1.0	1.0	2.0	1.0	2.0	2.0	1.0	2.0	0.5	2.0	1.0	1.0	2.0	1.0	1.0	1.5	1.0	17
RVTY	6.2	2.0	0.0	1.0	0.5	1.0	1.0	2.0	1.5	1.0	1.5	2.0	1.5	0.5	1.0	2.0	1.5	1.0	1.5	18
KEEL	3.2	1.0	2.0	1.0	0.0	0.0	0.0	0.0	0.0	0.0	1.5	1.0	0.5	1.0	0.5	1.0	0.0	2.0	0.0	16
ALCIS.PA	5.6	2.0	1.0	1.0	1.0	1.0	1.5	1.0	0.5	1.0	0.5	1.5	1.5	1.0	1.0	2.0	0.5	1.0	1.0	11
AMCX	6.4	2.0	0.0	1.0	2.0	0.5	0.5	1.5	0.5	2.0	1.0	1.0	2.0	2.0	2.0	1.0	1.0	2.0	1.0	17
01211.HK	6.1	2.0	1.0	1.0	0.5	1.0	0.5	0.5	0.5	0.0	2.0	2.0	1.5	2.0	2.0	2.0	1.0	1.5	1.0	17
GOOD	6.0	0.0	1.0	1.0	2.0	1.5	1.5	2.0	2.0	2.0	0.5	0.0	1.0	1.5	1.0	0.0	2.0	0.5	2.0	17
WALLb.ST	5.8	0.0	1.0	1.0	1.0	2.0	1.0	2.0	2.0	1.0	1.0	0.0	2.0	0.5	0.5	2.0	2.0	0.0	2.0	16
AEWU.L	5.3	1.0	1.0	1.0	1.0	1.0	1.0	1.0	1.0	1.0	1.0	2.0	1.0	1.0	1.0	1.0	1.0	1.0	1.0	3
STRD	4.3	1.0	1.0	1.0	1.0	0.5	1.0	2.0	0.0	1.0	1.0	1.0	2.0	1.0	0.0	1.0	0.0	1.0	0.0	10
SEIC	6.7	1.0	0.0	1.0	2.0	2.0	1.5	2.0	2.0	1.0	1.0	1.5	1.0	1.0	1.0	2.0	1.5	0.5	2.0	18
IGIC	7.2	2.0	2.0	1.0	0.0	2.0	1.0	1.5	1.5	1.0	0.5	1.5	1.5	2.0	2.0	2.0	1.5	2.0	1.0	16
PLUS.L	6.4	1.5	1.0	1.0	1.0	2.0	1.5	2.0	2.0	1.0	1.0	0.0	0.0	1.0	2.0	2.0	0.0	2.0	2.0	14
KOP	5.1	0.0	0.0	1.0	0.5	0.5	1.0	1.0	1.0	2.0	0.5	1.0	1.5	2.0	2.0	2.0	1.0	0.5	1.0	17
ORBS	3.3	1.0	1.0	1.0	1.0	0.5	0.0	0.0	0.0	0.0	1.0	1.0	1.5	1.0	0.5	1.0	0.0	1.5	0.0	13
ENX.PA	7.4	0.0	1.0	1.0	2.0	2.0	1.5	2.0	2.0	1.5	1.5	2.0	1.0	1.0	1.0	2.0	2.0	1.0	2.0	17
YSN.DE	5.1	1.5	1.0	1.5	1.0	1.0	2.0	1.0	1.0	0.0	0.5	2.0	0.5	0.5	1.5	2.0	1.0	0.0	0.5	16
AVNT.US	6.8	1.5	1.0	1.0	2.0	1.0	1.0	1.0	1.0	1.5	1.0	2.0	1.5	1.5	2.0	2.0	1.0	1.5	1.0	18
LCII	6.4	1.5	2.0	1.0	0.0	1.0	0.0	1.0	0.5	2.0	1.5	1.5	1.5	2.0	2.0	2.0	1.0	1.5	1.0	18
LXP	5.7	0.5	1.0	1.0	2.0	1.5	1.0	2.0	1.5	1.5	1.0	1.0	1.5	0.5	0.5	0.0	2.0	0.0	2.0	17
TAK	7.1	2.0	1.0	1.0	1.0	0.5	1.5	2.0	1.5	2.0	0.5	1.0	1.5	2.0	2.0	1.0	1.5	2.0	1.5	16
MNRO	4.9	0.0	2.0	1.0	0.0	1.0	0.5	1.0	0.5	2.0	0.5	2.0	2.0	1.5	2.0	0.0	0.5	0.5	0.5	18
WAH.DE	5.8	2.0	1.0	1.0	1.0	1.0	1.5	1.0	0.5	1.0	0.5	0.5	1.5	2.0	2.0	1.0	0.5	2.0	1.0	14
LOB	6.4	1.5	0.0	1.0	1.0	2.0	1.5	0.0	2.0	1.0	0.5	2.0	1.5	1.0	2.0	2.0	0.0	2.0	2.0	16
OFLX	5.3	1.0	1.0	1.0	1.0	1.5	0.5	2.0	1.0	1.0	1.0	1.0	1.0	1.0	1.5	0.0	1.0	1.5	1.0	14
LGVN	4.3	1.0	1.0	1.0	0.0	0.5	0.5	2.0	0.0	0.0	0.5	1.0	2.0	2.0	1.0	1.0	0.0	2.0	0.0	15
YELP	6.4	2.0	0.0	1.0	0.0	1.0	1.0	2.0	1.0	2.0	1.0	2.0	1.5	2.0	2.0	1.0	1.0	1.0	1.5	18
RNA	4.0	1.0	1.0	1.0	1.0	0.0	0.0	0.0	0.0	1.0	0.5	1.0	2.0	2.0	1.0	1.0	0.0	2.0	0.0	14
UNP	7.2	0.5	2.0	1.0	1.5	2.0	1.5	2.0	2.0	1.0	2.0	1.5	0.5	1.0	1.0	2.0	2.0	0.5	2.0	18
BOSS.DE	6.1	0.5	1.0	1.0	0.0	1.0	0.5	2.0	0.5	2.0	1.5	1.0	1.5	2.0	2.0	2.0	1.0	1.0	1.5	17
FIA1S.HE	6.8	2.0	1.0	1.0	2.0	1.0	1.5	0.5	1.0	2.0	0.5	0.0	1.5	2.0	2.0	2.0	1.0	2.0	1.5	17
BH	6.1	1.0	1.0	1.0	1.0	0.5	1.0	1.5	0.5	1.0	1.0	1.0	2.0	2.0	2.0	1.0	1.0	2.0	1.5	14
LIC.ASX	5.7	1.5	1.0	1.0	1.0	2.0	2.0	0.5	0.5	2.0	1.0	0.5	2.0	0.0	1.5	1.0	0.5	0.5	2.0	16
EDIT	4.4	1.0	1.0	1.0	2.0	0.0	2.0	0.0	0.0	0.0	1.5	1.0	1.0	1.0	1.5	1.0	0.0	2.0	0.0	15
FGR.PA	7.1	1.0	1.0	1.0	1.0	1.0	1.0	2.0	1.0	2.0	1.5	1.5	1.5	2.0	2.0	2.0	1.0	2.0	1.0	16
AGL	4.3	1.0	1.0	1.0	1.5	0.5	1.0	0.0	0.5	0.0	1.5	1.0	1.0	1.0	2.0	1.0	0.0	1.5	0.0	15
CCS	5.4	1.5	1.0	1.0	2.0	1.0	0.5	0.5	0.5	1.0	0.5	1.0	2.0	1.0	2.0	2.0	0.5	1.0	0.5	17
ARRY	5.7	2.0	0.0	1.0	0.0	0.5	0.5	1.0	1.0	2.0	2.0	1.0	1.0	1.5	2.0	1.0	1.0	2.0	1.0	16
BZ	8.6	1.5	2.0	1.0	1.5	2.0	1.5	2.0	2.0	2.0	2.0	2.0	1.5	1.0	1.0	2.0	2.0	2.0	2.0	18
MONC.MI	6.8	1.0	1.0	1.0	0.0	1.5	1.0	2.0	1.5	1.5	2.0	1.5	1.0	1.5	1.5	2.0	1.5	1.0	2.0	17
ODFB.OL	5.6	0.5	1.0	1.0	1.0	1.5	1.5	1.5	1.5	0.5	1.0	1.0	1.5	0.0	1.0	2.0	1.5	0.5	1.5	14
INDI	4.2	1.0	2.0	1.0	0.0	0.0	2.0	0.0	0.0	0.0	1.0	1.0	1.5	1.0	1.5	1.0	0.0	2.0	0.0	16
CON.DE	5.1	0.0	1.0	1.0	0.0	0.5	0.0	1.0	1.0	1.5	1.5	1.0	1.0	2.0	2.0	2.0	1.0	1.0	1.0	16
FUTR.L	6.2	2.0	1.0	1.0	1.0	1.0	0.5	1.5	1.0	2.0	1.0	0.0	0.0	2.0	2.0	2.0	1.5	1.5	1.5	16
CBG.L	4.2	0.5	1.0	1.0	1.0	0.5	0.5	0.0	0.0	1.0	1.0	1.0	0.0	1.0	2.0	1.0	0.0	2.0	1.5	13
HUBG	5.8	1.0	2.0	1.0	0.5	1.0	0.5	0.5	0.5	1.0	1.5	2.0	1.5	2.0	2.0	2.0	0.5	1.0	0.5	18
PRQR	4.6	1.0	0.0	1.0	2.0	0.0	2.0	2.0	0.0	0.0	1.0	1.0	1.5	1.0	1.0	1.0	0.0	2.0	0.0	16
DHI	6.2	1.5	2.0	1.0	0.0	1.0	0.5	1.0	1.0	1.5	1.5	1.5	1.5	1.5	2.0	2.0	1.0	1.0	1.0	18
VCTR	7.6	1.0	0.0	1.0	2.0	2.0	2.0	2.0	2.0	1.5	1.0	2.0	1.5	1.5	1.5	2.0	2.0	0.5	2.0	18
BMPS.MI	5.4	2.0	1.0	1.0	0.0	2.0	2.0	0.0	2.0	1.0	1.0	0.0	1.5	1.0	0.5	1.5	0.0	2.0	1.0	15
REC.L	6.1	1.5	1.0	1.0	1.0	1.5	1.0	2.0	2.0	2.0	0.5	0.0	0.0	2.0	2.0	0.0	1.5	1.5	1.5	16
APAM.NV	5.8	2.0	1.0	1.0	1.0	1.0	1.0	0.0	0.5	2.0	1.5	2.0	2.0	1.0	2.0	0.0	0.5	1.5	1.0	16
EQX	6.9	1.0	0.0	1.0	0.0	2.0	2.0	2.0	2.0	1.0	0.5	2.0	1.5	2.0	1.5	2.0	2.0	0.5	2.0	18
WEST	3.9	1.0	1.0	1.0	0.0	0.5	1.0	0.5	0.5	1.0	0.5	1.0	1.0	0.5	2.0	1.0	0.5	0.5	0.5	14
REC.MI	6.9	1.5	1.0	1.0	1.0	1.5	1.0	2.0	2.0	1.0	1.0	2.0	1.0	1.5	1.5	2.0	2.0	0.5	1.5	16
PLOW	6.1	2.0	0.0	1.0	2.0	1.0	1.5	1.0	1.5	1.0	0.5	2.0	1.0	1.5	2.0	2.0	1.0	0.0	1.0	18
9008.T	6.4	1.5	1.0	1.0	1.0	1.0	1.0	1.0	1.0	1.0	1.0	2.0	2.0	1.5	2.0	2.0	1.0	1.0	1.0	14
WEX	8.2	2.0	2.0	1.0	1.5	1.5	1.5	2.0	2.0	2.0	1.5	2.0	1.0	2.0	2.0	1.0	1.5	2.0	1.0	18
PHAR.L	6.0	0.0	1.0	1.0	1.0	0.5	2.0	1.0	1.5	2.0	0.5	1.0	0.0	2.0	2.0	0.0	2.0	2.0	2.0	15
ALIBR.PA	4.6	2.0	1.0	1.0	1.0	1.0	0.0	2.0	0.0	0.0	1.0	1.0	1.0	1.0	2.0	1.0	0.0	1.5	0.0	13
1618.HK	5.1	1.0	1.0	1.0	1.0	1.0	0.0	0.5	0.5	2.0	0.5	1.0	2.0	2.0	2.0	0.0	0.5	2.0	0.5	14
BY	6.2	1.5	1.0	1.0	1.0	2.0	1.5	0.0	2.0	1.0	1.0	1.0	1.5	1.0	1.5	2.0	0.0	1.5	2.0	16
4506.T	6.4	1.0	1.0	1.0	1.0	2.0	1.5	2.0	1.0	2.0	1.0	0.0	1.5	1.5	2.0	1.0	1.0	1.5	1.0	16
DFS.L	5.7	2.0	1.0	1.0	1.0	1.0	0.5	2.0	0.5	2.0	1.0	0.0	0.0	2.0	2.0	2.0	0.5	0.5	1.5	16
DB	5.4	1.0	1.0	1.0	0.0	2.0	1.0	0.0	2.0	1.0	0.5	2.0	2.0	1.0	1.0	2.0	0.0	2.0	0.0	15
RAPP	3.6	1.0	2.0	1.0	0.0	0.5	1.0	0.0	0.0	0.0	1.5	1.0	1.0	1.0	0.0	1.0	0.0	2.0	0.0	15
MTD	5.3	0.5	0.0	1.0	1.0	2.0	1.0	2.0	2.0	1.0	1.5	1.5	0.0	0.5	1.0	1.0	1.5	0.0	1.5	18
RL	6.4	1.0	0.0	1.0	1.5	1.5	1.5	2.0	1.5	1.0	1.5	2.0	0.5	1.0	1.5	2.0	1.0	1.0	1.5	18
02319.HK	6.5	2.0	1.0	1.0	1.0	1.0	1.0	1.5	0.5	2.0	2.0	2.0	1.5	1.5	2.0	0.0	0.5	2.0	1.0	16
PBEE.L	4.2	0.5	1.0	1.0	1.0	2.0	2.0	2.0	0.0	0.0	1.0	0.0	0.0	1.0	1.0	1.0	0.0	1.5	0.0	16
MSPR	3.5	1.0	1.0	1.0	1.0	0.5	0.0	1.0	0.0	0.0	1.0	1.0	1.0	1.0	0.0	1.0	0.0	2.0	0.0	12
GEMD.L	5.3	1.0	1.0	1.0	1.0	0.0	2.0	0.0	0.5	2.0	0.5	1.0	0.0	1.5	2.0	1.0	0.5	2.0	2.0	14
NPO	5.6	1.0	0.0	1.0	1.5	1.0	1.5	1.5	1.5	1.0	0.5	2.0	1.0	0.5	1.0	1.5	1.5	0.5	1.5	18
NLOP	5.8	1.0	1.0	1.0	1.0	0.0	0.0	2.0	1.0	0.0	1.0	1.0	2.0	2.0	1.5	1.0	2.0	1.5	2.0	13
CMI	6.4	1.5	1.0	1.0	2.0	1.0	1.0	1.0	1.0	1.0	2.0	2.0	1.0	1.0	1.5	2.0	1.0	1.0	1.0	17
TBLA	6.5	2.0	2.0	1.0	0.0	1.0	1.0	1.0	0.5	2.0	1.0	2.0	2.0	2.0	2.0	1.0	0.5	1.5	1.0	18
PFGC	5.4	2.0	2.0	1.0	0.0	1.0	1.0	0.5	0.5	1.0	1.5	2.0	1.5	1.5	2.0	1.0	0.5	0.0	0.5	18
ASML.NV	6.8	1.0	1.0	1.0	2.0	2.0	2.0	2.0	2.0	0.5	2.0	2.0	0.0	0.0	0.5	2.0	2.0	0.5	2.0	17
INDU-A.ST	6.7	0.0	1.0	1.0	1.0	2.0	2.0	2.0	2.0	2.0	0.5	0.0	1.5	2.0	1.5	2.0	2.0	0.5	1.0	16
DSGX	7.2	1.0	1.0	1.0	2.0	2.0	1.5	2.0	2.0	1.0	1.5	2.0	1.0	1.0	1.0	1.0	2.0	1.0	2.0	18
TRMB	5.8	1.5	0.0	1.0	0.5	0.5	1.5	2.0	1.5	1.5	1.5	1.0	1.5	1.0	1.5	1.0	1.5	0.5	1.5	17
TRGP	6.1	1.5	0.0	1.0	1.5	1.5	1.0	1.5	2.0	0.5	2.0	1.5	0.0	1.0	1.5	2.0	1.5	0.0	2.0	18
RATOb.ST	6.5	1.0	1.0	1.0	2.0	0.5	1.0	2.0	1.5	2.0	0.5	1.0	2.0	0.5	2.0	2.0	0.5	1.5	1.5	16
WINA	6.0	1.5	0.0	1.0	0.5	2.0	1.0	2.0	2.0	1.0	0.5	1.5	1.0	0.5	0.5	2.0	2.0	0.5	2.0	17
CORZ	5.7	1.0	0.0	1.0	2.0	0.5	2.0	1.0	0.5	2.0	2.0	1.0	1.0	1.0	0.5	1.0	0.0	2.0	2.0	15
MBC	5.0	1.0	2.0	1.0	0.0	0.5	1.5	1.0	0.5	0.0	0.5	1.0	2.0	1.0	2.0	1.0	0.5	1.5	1.0	16
GLBS	7.5	1.5	1.0	1.0	2.0	1.5	2.0	2.0	2.0	0.0	0.5	1.0	2.0	2.0	1.5	1.0	2.0	2.0	2.0	16
ARDX	4.9	1.0	1.0	1.0	0.0	0.0	2.0	2.0	0.0	1.0	1.5	1.0	1.0	1.0	2.0	1.0	0.0	2.0	0.0	16
SPIE.PA	5.7	1.0	1.0	1.0	1.0	1.0	1.0	0.0	0.5	2.0	1.5	2.0	1.0	1.5	2.0	1.5	0.5	1.0	1.0	16
OPLN	6.0	1.5	1.0	1.0	1.5	1.0	1.5	1.5	1.5	0.5	1.0	1.0	1.5	1.0	1.5	1.0	1.5	0.5	1.5	17
SHA0.DE	4.9	1.0	1.0	1.0	0.0	0.5	0.5	0.5	0.5	1.5	1.5	1.0	1.5	2.0	2.0	0.0	0.5	2.0	0.5	15
RVMD	3.8	1.0	2.0	1.0	0.0	0.5	1.0	0.0	0.0	0.0	2.0	1.0	0.0	1.0	1.0	1.0	0.0	1.0	1.0	13
AXICY	7.5	1.5	1.0	1.0	1.0	2.0	1.0	1.5	2.0	1.5	1.0	1.0	1.5	2.0	2.0	1.0	2.0	2.0	2.0	14
3861.T	6.2	2.0	1.0	1.0	1.0	1.0	1.0	0.5	0.5	1.0	1.0	2.0	2.0	1.5	2.0	2.0	0.5	1.5	1.0	14
PDD	7.9	2.0	2.0	1.0	1.5	2.0	1.0	2.0	1.5	2.0	2.0	2.0	1.5	1.0	1.0	1.0	1.5	2.0	1.5	18
HQY	6.8	1.5	1.0	1.0	1.0	1.5	1.0	2.0	2.0	1.5	1.5	2.0	1.0	1.0	1.0	1.0	2.0	0.5	2.0	18
NXT.L	5.4	0.5	1.0	1.0	1.0	1.5	1.0	1.5	1.5	1.0	1.5	0.0	0.0	1.5	1.5	2.0	1.5	0.0	1.5	16
NCAB.ST	5.1	1.0	1.0	1.0	1.5	1.0	2.0	1.5	1.0	0.5	0.5	2.0	0.0	0.0	1.5	1.5	1.0	0.5	1.0	17
IDL.PA	5.4	0.5	1.0	1.0	1.0	1.0	1.5	0.5	0.5	2.0	1.0	2.0	1.0	0.0	2.0	1.0	0.5	1.5	1.5	16
8411.T	6.0	1.0	1.0	1.0	1.5	2.0	2.0	0.0	2.0	1.0	1.5	0.0	1.5	1.0	1.0	2.0	0.0	2.0	1.0	14
PCZ.DE	6.0	2.0	1.0	1.0	1.0	1.5	1.0	0.0	1.5	1.0	0.5	2.0	2.0	1.0	2.0	2.0	0.0	2.0	0.0	14
WSC	6.1	2.0	0.0	1.0	0.5	0.5	1.0	2.0	1.5	1.5	1.5	1.0	1.0	1.5	1.5	2.0	1.5	0.0	2.0	17
SIKA.ZU	6.0	0.5	1.0	1.0	1.0	1.0	0.5	2.0	1.0	1.0	2.0	2.0	1.0	1.0	1.5	2.0	1.0	0.5	1.5	16
AMRX	5.0	1.0	1.0	1.0	0.0	1.0	1.0	1.5	1.5	0.0	1.0	2.0	0.0	1.5	1.5	1.0	1.5	0.5	1.0	18
SHOE	6.1	2.0	0.0	1.0	0.5	1.0	0.5	1.0	0.5	2.0	0.5	2.0	2.0	2.0	2.0	1.5	0.5	2.0	1.0	18
NBR	5.4	0.5	0.0	1.0	0.0	1.0	0.5	1.5	0.5	2.0	1.0	0.0	1.5	2.0	2.0	1.0	1.5	2.0	1.5	18
ARCAD.NV	5.6	0.5	1.0	1.0	1.0	1.0	1.0	0.5	0.5	1.5	1.0	2.0	1.0	1.5	2.0	2.0	0.5	1.0	1.0	16
M12.DE	5.8	1.0	1.0	1.0	1.0	1.0	0.0	1.0	1.5	1.5	1.0	1.0	1.0	1.5	2.0	2.0	1.0	1.5	1.0	15
FTRE	5.3	2.0	1.0	1.0	1.5	0.5	0.5	0.5	0.5	2.0	1.5	1.0	1.0	0.5	2.0	1.0	0.5	1.0	1.0	17
ST	6.7	2.0	0.0	1.0	1.0	1.0	1.0	1.0	1.5	2.0	1.5	2.0	1.5	1.5	1.5	1.5	1.5	1.0	1.5	18
5108.T	7.5	2.0	1.0	1.0	1.0	1.0	1.5	1.5	1.0	1.5	1.5	2.0	1.5	2.0	2.0	2.0	1.5	1.5	1.5	17
CAR.ASX	6.7	1.5	1.0	1.0	1.0	2.0	1.0	2.0	2.0	1.0	1.5	2.0	1.5	1.0	1.0	0.0	2.0	0.5	2.0	16
IP.MI	6.8	1.0	1.0	1.0	1.5	1.5	1.0	1.0	1.5	1.5	1.0	1.5	1.5	1.5	2.0	2.0	1.5	1.0	1.5	17
CLMT	4.7	2.0	1.0	1.0	2.0	0.5	2.0	0.0	0.0	1.0	1.0	1.0	1.0	0.0	2.0	1.0	0.5	0.5	0.5	15
PFE	6.5	0.0	2.0	1.0	0.0	1.0	1.0	2.0	2.0	1.5	2.0	2.0	1.5	1.5	1.5	0.0	2.0	1.0	1.5	18
WK	6.1	0.0	2.0	1.0	2.0	1.0	1.5	2.0	0.5	1.0	1.5	2.0	1.0	0.0	1.5	1.0	0.5	2.0	1.5	17
VIR	4.7	1.0	0.0	1.0	2.0	0.0	2.0	0.0	2.0	0.0	1.0	1.0	1.5	1.0	1.5	1.0	0.0	2.0	0.0	16
NEOG	5.1	2.0	1.0	1.0	2.0	0.5	0.5	1.5	0.5	1.0	0.5	1.0	1.5	0.0	1.5	1.0	1.0	1.0	1.0	17
BAS.DE	6.2	2.0	1.0	1.0	1.0	1.0	1.5	1.0	0.5	1.0	1.5	1.5	1.5	1.5	2.0	1.0	1.0	1.5	1.0	17
WST	5.7	0.5	0.0	1.0	1.5	1.5	1.5	1.5	1.5	0.5	1.5	2.0	0.5	0.5	1.0	2.0	1.5	0.5	1.5	18
9021.T	6.0	0.0	1.0	1.0	1.5	1.0	0.5	1.0	1.0	1.0	1.5	0.5	1.5	2.0	2.0	2.0	1.5	1.5	1.0	15
DEI	6.1	0.0	2.0	1.0	0.0	0.5	1.0	2.0	1.5	2.0	1.5	1.0	2.0	1.0	1.0	0.0	2.0	1.5	2.0	17
RTO.US	6.7	2.0	2.0	1.0	1.0	1.0	1.0	0.5	1.0	2.0	0.5	2.0	1.5	1.5	2.0	1.0	1.0	2.0	1.0	17
MNY	4.6	1.0	1.0	1.0	1.0	0.0	0.0	1.0	0.0	1.0	0.5	1.0	2.0	2.0	1.0	1.0	0.0	2.0	1.0	13
6198.HK	7.6	2.0	1.0	1.0	1.0	2.0	1.5	1.5	2.0	1.0	0.5	0.5	2.0	2.0	1.5	2.0	2.0	2.0	2.0	16
WMT	4.9	0.0	2.0	1.0	0.0	1.0	1.0	1.0	0.5	0.5	2.0	1.5	0.5	0.5	2.0	2.0	0.5	0.5	1.0	18
ATRA	3.8	1.0	1.0	1.0	2.0	0.0	0.0	2.0	0.0	0.0	0.5	1.0	1.0	1.0	0.5	1.0	0.0	1.5	0.0	14
ALK	5.1	1.5	2.0	1.0	0.0	0.5	1.0	0.5	0.0	0.0	1.5	1.0	1.5	1.5	2.0	1.0	0.5	2.0	1.0	17
ACRE	4.7	1.0	2.0	1.0	0.0	0.0	0.0	2.0	2.0	1.0	1.0	1.0	2.0	1.0	0.0	0.0	0.0	1.0	2.0	14
JDAN.CO	6.2	1.0	1.0	1.0	1.0	2.0	1.0	2.0	2.0	1.0	1.0	1.0	2.0	0.0	0.5	2.0	2.0	0.0	2.0	14
ALAB	5.8	0.0	1.0	1.0	2.0	2.0	2.0	2.0	1.5	0.5	2.0	2.0	0.0	0.0	0.0	1.0	1.5	0.5	2.0	18
ELI.BR	7.2	0.5	1.0	1.0	1.0	1.5	1.5	2.0	2.0	0.0	1.5	2.0	1.5	1.5	1.0	2.0	2.0	2.0	2.0	16
AROW	6.2	0.5	2.0	1.0	0.5	2.0	1.0	0.0	2.0	1.0	0.5	2.0	1.5	1.0	1.5	2.0	0.0	2.0	2.0	16
CMM.ASX	7.1	1.0	1.0	1.0	1.0	2.0	2.0	2.0	2.0	0.5	1.0	2.0	1.0	1.0	1.0	2.0	2.0	1.0	2.0	16
MFA	6.0	1.0	1.0	1.0	0.0	2.0	2.0	2.0	2.0	1.0	1.0	2.0	2.0	1.0	0.0	0.0	0.0	1.5	2.0	16
META.24-7	7.1	2.0	1.0	1.0	0.0	2.0	2.0	2.0	2.0	0.5	2.0	2.0	0.5	1.0	1.0	2.0	2.0	0.5	2.0	17
CRAI	5.0	1.5	0.0	1.0	0.0	1.0	1.5	1.0	1.0	1.0	0.5	2.0	1.0	1.0	2.0	2.0	1.0	0.5	0.0	18
ORA.ASX	5.4	1.0	1.0	1.0	1.0	0.0	1.0	1.0	1.0	0.0	1.5	1.0	2.0	2.0	2.0	0.0	1.0	2.0	1.0	14
TRE.MC	5.6	0.5	1.0	1.0	1.0	1.0	1.0	1.0	0.5	1.0	1.0	2.0	1.0	2.0	2.0	1.0	0.5	2.0	0.5	16
6818.HK	5.7	2.0	1.0	1.0	1.0	2.0	0.0	0.0	2.0	1.0	1.0	1.0	2.0	1.0	0.5	2.0	0.0	2.0	1.0	14
APMD	5.0	2.0	1.0	1.0	1.0	2.0	0.0	2.0	0.0	1.0	0.5	1.0	1.0	0.5	1.0	1.0	1.5	1.5	0.0	13
VVX	5.0	0.5	0.0	1.0	1.0	1.0	1.5	0.0	0.5	1.0	1.5	2.0	1.5	1.5	2.0	1.0	0.5	1.0	0.5	18
RNO.PA	6.8	2.0	1.0	1.0	1.0	1.0	1.0	0.5	0.5	2.0	1.5	2.0	2.0	1.5	2.0	1.5	1.0	2.0	1.0	16
KP2.L	3.3	1.0	1.0	1.0	1.0	0.5	1.0	0.0	0.0	0.0	1.0	1.0	0.0	1.0	1.0	1.0	0.0	0.5	1.0	9
ALANSARI.AE	4.7	1.0	1.0	1.0	1.0	2.0	0.0	2.0	0.0	1.0	0.5	1.0	1.0	1.0	0.5	0.0	0.0	2.0	2.0	14
EXP	6.0	1.0	1.0	1.0	0.0	1.5	1.0	1.0	1.5	0.5	1.5	1.5	1.0	1.5	1.5	2.0	1.5	0.5	2.0	18
M.US	6.5	0.5	1.0	1.0	2.0	1.0	1.0	1.5	0.5	2.0	1.5	0.5	1.5	2.0	2.0	2.0	0.5	2.0	1.0	18
ARG.PA	6.8	1.0	1.0	1.0	1.0	2.0	1.0	2.0	2.0	1.5	1.0	0.0	2.0	1.0	0.5	2.0	2.0	1.5	2.0	16
STNG	7.5	1.0	0.0	1.0	1.0	2.0	2.0	2.0	2.0	1.5	1.5	0.0	1.5	2.0	1.5	2.0	2.0	2.0	2.0	18
CAP.PA	6.9	2.0	1.0	1.0	1.0	1.0	1.0	1.0	1.0	2.0	1.5	2.0	1.5	1.5	2.0	2.0	1.0	1.5	1.0	16
SRPT	5.0	1.0	2.0	1.0	0.0	0.5	0.0	0.5	1.0	0.5	2.0	1.0	1.5	1.0	2.0	1.0	0.0	2.0	1.0	17
TAP	6.9	0.5	2.0	1.0	0.5	0.0	0.5	1.5	1.0	2.0	2.0	1.0	2.0	2.0	2.0	2.0	1.5	2.0	1.5	17
VID.L	3.6	1.0	1.0	1.0	1.0	0.0	0.5	1.0	0.0	0.0	0.5	1.0	0.5	1.0	2.0	1.0	0.0	1.5	0.0	14
VP.L	4.9	1.0	1.0	1.0	1.0	0.5	0.5	1.0	0.5	1.5	0.5	1.0	0.0	2.0	2.0	0.0	1.0	1.5	1.5	14
MSA	6.5	2.0	2.0	1.0	0.5	1.5	1.0	1.5	1.5	1.0	1.0	1.5	1.0	1.0	1.5	2.0	1.5	0.5	1.5	18
BWB.DE	5.1	0.5	1.0	1.0	1.0	1.0	0.5	2.0	1.5	1.0	1.0	0.5	1.5	1.0	1.0	2.0	0.0	1.0	1.0	10
BLCO	6.1	2.0	1.0	1.0	1.0	0.5	1.0	2.0	0.5	1.5	1.5	1.0	2.0	1.5	1.5	1.0	1.0	1.0	1.0	17
3405.T	5.8	2.0	1.0	1.0	0.0	1.0	1.5	1.0	0.5	0.0	1.0	2.0	2.0	2.0	2.0	0.0	1.0	2.0	1.0	17
OMC	6.2	0.0	2.0	1.0	0.5	1.0	2.0	0.5	1.5	2.0	1.5	2.0	1.5	1.5	2.0	0.0	1.0	1.5	1.0	18
THRM	6.9	1.5	2.0	1.5	1.0	1.0	1.5	1.0	0.5	2.0	1.0	2.0	1.5	2.0	2.0	1.0	0.5	2.0	1.0	18
CVI.US	6.1	2.0	0.0	1.0	2.0	1.0	2.0	0.5	0.5	1.0	1.0	2.0	0.5	1.5	2.0	2.0	0.5	1.5	1.0	18
TGS.OL	4.9	2.0	1.0	1.0	0.0	1.0	1.5	2.0	2.0	0.5	1.0	0.0	1.5	0.0	0.0	0.0	2.0	0.0	2.0	17
AMN	6.4	1.5	2.0	1.0	2.0	1.0	1.0	1.0	0.5	2.0	1.0	0.0	1.5	2.0	2.0	1.0	0.5	2.0	1.0	18
BTRW.L	5.0	2.0	1.0	1.0	1.0	1.0	1.0	0.5	1.0	1.0	1.5	0.0	0.0	1.5	2.0	0.0	0.5	2.0	1.0	16
IZEA	4.3	0.5	1.0	1.0	1.0	0.5	0.0	1.5	0.0	0.0	1.0	1.0	2.0	2.0	1.0	1.0	0.0	2.0	0.0	14
MICC.L	5.6	2.0	2.0	1.0	1.0	1.0	1.0	1.5	1.0	1.0	1.0	0.0	0.0	1.5	2.0	1.0	1.0	1.0	1.0	17
CPA	8.2	2.0	2.0	1.0	2.0	1.5	2.0	1.5	1.0	0.0	1.5	2.0	1.5	2.0	2.0	2.0	1.5	2.0	2.0	18
1109.HK	6.9	2.0	1.0	1.0	1.0	1.0	0.0	1.0	1.5	2.0	1.5	1.0	2.0	1.5	1.5	2.0	1.0	2.0	2.0	16
TRCS.L	5.4	2.0	1.0	1.0	1.0	1.0	1.0	2.0	0.0	2.0	0.5	0.0	0.0	1.5	2.0	1.0	0.5	2.0	1.0	16
LPG	7.9	2.0	2.0	1.0	2.0	2.0	2.0	2.0	2.0	0.0	1.0	0.0	1.5	2.0	1.5	2.0	2.0	1.5	2.0	18
KSB3.DE	6.4	1.5	1.0	1.0	1.0	1.0	1.0	2.0	0.5	0.5	1.0	1.5	1.5	2.0	2.0	2.0	1.0	1.5	1.0	16
CHEF	5.3	1.5	1.0	1.0	2.0	1.0	1.5	1.0	0.5	1.0	1.0	2.0	0.5	0.5	2.0	1.0	0.5	0.5	0.5	18
GLPI	6.4	1.5	0.0	1.0	0.5	2.0	1.0	2.0	2.0	1.0	2.0	1.0	1.5	1.5	0.5	1.0	2.0	0.5	2.0	18
2057.HK	7.4	2.0	1.0	1.0	0.0	1.5	2.0	1.0	1.5	1.5	1.5	1.0	1.5	2.0	1.5	2.0	1.5	2.0	2.0	17
CRBG	6.8	1.0	2.0	1.0	0.5	1.0	2.0	1.0	1.0	1.0	1.5	2.0	1.5	1.5	2.0	1.5	1.0	2.0	1.0	18
CRS	5.7	1.0	0.0	1.0	2.0	1.5	1.5	1.0	1.5	0.5	1.0	2.0	0.5	0.5	1.0	2.0	1.5	0.5	1.5	18
GLIBK	6.5	1.0	1.0	1.0	1.0	0.0	0.5	1.5	1.0	2.0	1.0	1.0	2.0	2.0	2.0	1.0	1.5	2.0	2.0	13
1179.HK	6.5	0.5	1.0	1.0	1.0	1.5	1.5	1.5	2.0	1.5	1.5	2.0	0.5	1.5	1.5	0.0	1.5	1.5	2.0	17
ICP1V.HE	5.8	1.5	1.0	1.0	0.0	1.0	2.0	1.5	0.5	0.0	0.5	2.0	1.5	1.5	2.0	1.0	1.0	2.0	1.0	17
6361.T	5.8	2.0	1.0	1.0	2.0	1.0	1.0	1.0	1.0	0.0	1.5	0.5	1.0	1.5	1.5	2.0	1.0	1.0	1.0	17
TNDM	4.4	1.0	1.0	1.0	0.0	0.5	1.0	2.0	0.0	0.0	2.0	1.0	0.5	1.0	2.0	1.0	0.0	2.0	0.0	16
EVOK.L	4.9	0.0	1.0	1.0	1.0	0.0	0.5	2.0	0.5	0.0	0.5	1.0	1.0	2.0	2.0	1.0	1.0	2.0	1.0	14
DDOG	5.3	1.5	0.0	1.0	2.0	1.0	2.0	2.0	0.5	0.5	2.0	2.0	0.0	0.0	0.0	1.0	0.5	1.0	2.0	18
RNST	6.7	1.0	1.0	1.0	1.0	2.0	2.0	0.0	2.0	1.0	1.0	1.5	2.0	1.0	1.5	2.0	0.0	2.0	2.0	16
UFPT	4.9	0.5	1.0	1.0	0.5	1.5	1.5	1.0	1.5	0.5	0.5	2.0	1.0	0.5	1.5	1.0	1.0	0.0	1.0	17
1GBS.DE	5.1	1.5	1.0	1.0	1.0	2.0	1.0	2.0	0.0	1.0	1.0	1.0	1.5	1.0	0.0	2.0	0.0	0.5	1.0	10
SNDR	5.6	0.0	0.0	1.0	2.0	1.0	1.5	0.5	0.5	0.5	1.5	2.0	1.5	1.5	2.0	1.5	1.0	1.0	1.0	18
PIN.L	5.0	0.5	1.0	1.0	1.0	1.0	1.0	1.0	1.0	1.0	0.5	2.0	1.0	1.0	1.0	1.0	1.0	1.0	1.0	4
EVS.BR	6.7	0.5	1.0	1.0	1.0	1.5	1.5	2.0	1.0	1.0	1.0	0.5	1.5	2.0	2.0	2.0	1.5	1.5	1.5	16
HOLN.ZU	6.1	2.0	1.0	1.0	1.0	1.0	1.0	1.5	1.0	1.0	2.0	2.0	1.5	1.0	1.5	0.0	1.0	1.0	1.5	16
AIOT	6.0	2.0	1.0	1.0	0.0	0.5	1.0	2.0	0.5	1.5	1.0	1.0	2.0	2.0	2.0	1.0	1.0	1.0	1.0	17
AGRO	6.4	0.0	1.0	1.0	1.0	1.0	2.0	1.0	1.5	0.0	1.0	2.0	2.0	1.5	1.5	1.5	1.5	2.0	1.5	17
ABX	7.5	0.5	2.0	1.0	0.5	1.5	2.0	2.0	2.0	2.0	1.0	2.0	1.5	1.5	1.5	1.5	2.0	0.5	2.0	18
DWNI.DE	5.7	1.0	1.0	1.0	1.0	2.0	0.0	2.0	2.0	1.0	0.5	0.0	2.0	0.0	1.0	2.0	1.5	0.5	2.0	16
EVLV	4.0	1.0	0.0	1.0	0.0	0.5	2.0	1.5	0.0	0.0	1.0	1.0	0.5	1.0	1.5	1.0	0.0	1.0	1.5	16
EFXT	5.4	0.0	1.0	1.0	0.0	1.0	0.5	1.0	1.0	2.0	0.5	2.0	1.5	1.5	2.0	2.0	1.0	0.5	1.0	17
1880.HK	6.7	2.0	1.0	1.0	2.0	1.0	0.5	1.0	0.5	1.0	1.5	1.5	1.5	1.5	2.0	2.0	1.0	2.0	1.0	17
HACK.ST	5.1	1.5	1.0	1.0	0.0	2.0	2.0	2.0	2.0	0.5	1.0	0.0	0.0	0.0	0.0	1.5	2.0	0.0	2.0	17
LIK.DE	6.1	0.5	1.0	1.0	1.0	1.0	2.0	1.5	1.5	0.5	0.5	2.0	0.5	1.5	1.5	2.0	1.5	1.0	1.5	16
WDC	6.7	2.0	0.0	1.0	2.0	2.0	2.0	1.5	2.0	0.5	2.0	1.5	1.0	0.0	0.5	2.0	2.0	0.0	2.0	17
SAA.L	5.0	1.0	1.0	1.0	1.0	0.5	1.0	0.5	0.5	2.0	1.0	1.0	0.0	2.0	2.0	1.0	0.5	1.5	0.5	14
ALINN.PA	4.7	2.0	1.0	1.0	1.0	0.5	0.0	0.5	0.0	0.5	1.0	1.0	2.0	1.0	2.0	1.0	0.0	2.0	0.5	14
VID.MC	6.5	0.5	1.0	1.0	1.0	1.5	1.0	2.0	1.5	1.0	1.5	1.5	1.5	1.5	1.5	2.0	1.5	0.5	1.5	16
AIR.PA	6.0	1.5	1.0	1.0	0.5	1.0	2.0	0.5	1.0	1.0	2.0	1.5	1.0	1.0	1.5	2.0	1.0	1.0	1.0	17
VG80.DE	5.6	1.5	1.0	1.0	1.0	1.0	0.0	2.0	1.0	1.0	1.0	1.0	2.0	1.0	2.0	1.0	0.0	1.5	1.0	11
GHM	3.8	0.5	0.0	1.0	0.0	1.0	2.0	1.0	0.5	0.0	0.5	2.0	1.0	0.0	1.5	1.0	0.5	0.5	0.5	18
ARW	5.7	2.0	0.0	1.0	2.0	1.0	2.0	0.5	0.5	1.5	0.5	2.0	1.5	1.5	2.0	1.0	0.5	0.5	0.5	18
SAR.US	5.4	1.0	1.0	1.0	0.0	1.5	0.5	2.0	2.0	2.0	1.0	2.0	2.0	1.0	1.0	0.0	0.0	1.5	0.0	16
CFR.ZU	6.9	1.0	1.0	1.0	1.0	1.5	1.0	2.0	1.5	1.0	2.0	2.0	1.0	1.0	1.5	2.0	1.5	1.5	1.5	16
HAL.NV	7.1	1.5	1.0	1.0	1.0	1.5	0.5	2.0	1.5	2.0	0.5	0.0	2.0	2.0	2.0	2.0	1.5	2.0	1.5	16
WCN	6.4	1.0	1.0	1.0	1.0	1.5	1.0	1.5	1.5	1.0	2.0	2.0	1.0	1.0	1.0	2.0	1.5	0.0	2.0	18
UFI	4.9	0.0	1.0	1.0	1.0	0.5	1.0	0.0	0.5	2.0	0.5	1.0	2.0	1.0	2.0	1.0	0.5	2.0	0.5	16
FNTL.L	5.6	1.0	1.0	1.0	1.0	1.0	1.0	1.0	1.5	2.0	0.5	0.0	0.0	1.5	1.5	2.0	1.5	0.5	2.0	16
S92.DE	5.4	2.0	1.0	1.0	2.0	0.5	0.5	0.5	1.0	1.5	1.0	1.0	1.0	1.0	2.0	1.0	0.0	1.5	1.0	16
GCMG	6.8	1.0	2.0	1.0	0.5	1.0	1.5	1.5	2.0	2.0	0.5	2.0	0.0	2.0	1.5	1.0	1.5	1.5	2.0	18
GBCI	5.8	1.0	0.0	1.0	0.5	2.0	2.0	0.0	2.0	1.0	1.0	2.0	1.5	1.0	1.0	1.5	0.0	1.5	2.0	16
7203.T	5.7	1.0	1.0	1.0	0.5	1.0	1.5	0.5	0.5	0.0	1.5	0.5	2.0	1.5	2.0	2.0	1.0	2.0	1.0	17
BAYN.DE	5.6	0.0	1.0	1.0	0.0	0.5	1.0	2.0	1.0	2.0	1.5	1.0	1.5	1.5	2.0	0.0	1.5	1.5	1.0	16
LOMA	5.6	0.5	0.0	1.0	1.0	1.0	1.0	1.0	0.5	0.0	1.0	2.0	1.5	2.0	2.0	1.0	1.0	2.0	1.5	17
VECO	5.0	2.0	0.0	1.5	0.0	1.0	1.5	1.5	0.5	1.0	0.5	2.0	1.0	0.0	1.5	1.0	0.5	1.5	1.0	18
AXGN	3.6	0.0	0.0	1.0	0.0	0.0	2.0	2.0	0.0	0.5	1.5	1.0	0.5	1.0	1.0	1.0	0.0	0.5	1.0	17
IVVD	4.0	1.0	0.0	1.0	0.0	0.0	2.0	2.0	0.0	0.0	0.5	1.0	1.5	1.0	1.5	1.0	0.0	2.0	0.0	16
SUZ	7.2	2.0	1.0	1.0	1.0	1.5	0.0	1.0	2.0	0.5	1.0	1.5	1.5	2.0	2.0	2.0	2.0	2.0	2.0	16
ALECP.PA	4.4	1.0	1.0	1.0	1.0	0.5	0.0	1.0	0.5	0.0	1.0	1.0	1.0	0.0	1.5	1.0	0.5	2.0	2.0	13
ELB.DE	4.3	1.0	1.0	1.0	1.0	0.5	1.0	1.5	0.0	1.0	0.5	1.0	0.0	1.0	2.0	1.0	0.0	1.5	0.5	14
UMH	6.5	2.0	2.0	1.0	0.0	1.5	1.0	2.0	1.5	1.5	1.0	2.0	1.5	1.0	1.0	0.0	2.0	0.5	2.0	18
GEO	5.1	1.5	0.0	1.0	2.0	1.5	1.5	1.0	1.0	0.0	0.5	0.0	1.5	1.5	2.0	1.0	1.0	0.5	1.0	18
FSLR	7.2	2.0	0.0	1.0	0.0	2.0	0.5	1.5	2.0	2.0	2.0	2.0	1.5	2.0	1.5	1.0	2.0	1.0	2.0	18
ATS	5.4	0.0	1.0	1.0	0.0	1.0	0.5	1.0	0.5	2.0	1.0	2.0	1.5	1.5	2.0	1.0	1.0	1.5	1.0	16
BORR	4.7	1.0	1.0	1.0	0.0	0.0	0.0	1.5	0.5	0.0	1.0	1.0	1.5	1.5	1.5	1.0	2.0	1.5	1.0	16
7951.T	6.9	2.0	1.0	1.0	1.0	1.0	1.5	1.5	1.0	1.0	1.0	2.0	1.5	1.5	2.0	2.0	1.0	2.0	1.0	16
IAG.US	6.7	0.0	0.0	1.0	0.0	2.0	2.0	2.0	2.0	2.0	1.0	1.5	1.5	2.0	1.5	1.0	2.0	0.5	2.0	18
EXEL	7.2	0.5	2.0	1.0	1.0	2.0	1.5	2.0	2.0	1.5	1.5	2.0	0.5	1.5	1.0	1.0	2.0	1.0	2.0	18
JBSS	4.4	1.0	0.0	1.0	0.0	1.0	1.0	0.5	0.5	1.0	0.5	0.5	1.5	2.0	2.0	2.0	0.5	0.0	1.0	18
KDK	4.2	1.0	2.0	0.5	0.0	0.5	2.0	2.0	0.0	0.0	1.0	1.0	1.0	1.0	0.0	1.0	0.0	2.0	0.0	15
BBUC	6.5	1.0	1.0	1.0	2.0	0.5	0.5	0.5	1.5	2.0	1.0	1.0	2.0	1.5	1.5	2.0	1.5	2.0	1.0	15
ORIC	3.6	1.0	0.0	1.0	0.5	0.5	1.0	0.0	0.0	0.0	1.5	1.0	1.0	1.0	1.0	1.0	0.0	1.5	1.0	13
SRAD	6.7	0.0	2.0	1.0	0.0	1.0	1.5	1.0	1.0	2.0	2.0	2.0	1.0	2.0	1.5	1.0	2.0	1.0	2.0	18
IMO	6.0	0.0	0.0	1.0	2.0	1.0	2.0	0.5	1.5	1.0	0.5	2.0	1.0	2.0	2.0	2.0	1.0	1.0	1.0	16
ROST	5.4	0.5	0.0	1.0	2.0	1.5	1.5	1.0	1.0	1.0	1.5	1.5	0.0	0.5	1.5	2.0	1.0	1.0	1.0	18
NOLAb.ST	5.1	0.5	1.0	1.0	0.5	1.0	1.0	0.5	1.0	0.5	0.5	2.0	1.5	1.5	2.0	1.5	1.0	0.5	1.0	17
6099.HK	7.4	2.0	1.0	1.0	1.0	2.0	2.0	2.0	2.0	1.0	1.0	1.0	2.0	1.0	1.5	2.0	0.0	2.0	2.0	14
OBK	7.1	1.0	2.0	1.0	1.5	2.0	2.0	0.0	2.0	1.0	1.0	2.0	1.5	1.0	1.5	2.0	0.0	2.0	2.0	16
ELM.L	6.2	2.0	1.0	1.0	1.0	1.5	1.0	1.5	1.5	1.5	1.0	0.0	0.0	2.0	2.0	2.0	1.5	1.0	1.0	16
PEGA	5.6	0.5	0.0	1.0	0.0	1.5	1.0	2.0	0.5	2.0	1.0	2.0	0.5	0.5	1.5	2.0	1.0	1.0	2.0	18
CRST.L	4.7	2.0	1.0	1.0	1.0	0.5	0.0	0.5	0.0	2.0	1.5	1.0	0.0	0.0	2.0	2.0	0.5	2.0	0.0	15
MYO	4.3	1.0	1.0	1.0	0.5	0.0	2.0	2.0	0.0	0.0	1.0	1.0	0.0	1.0	2.0	1.0	0.0	2.0	0.0	15
0941.HK	6.4	0.0	1.0	1.0	1.0	1.5	0.5	1.0	1.5	1.5	1.5	0.5	1.5	2.0	2.0	1.5	1.5	1.5	2.0	16
ENW.L	4.7	1.0	1.0	1.0	1.0	0.0	1.0	1.5	2.0	0.0	1.0	1.0	0.0	2.0	1.0	1.0	0.0	2.0	0.5	12
NVMI	5.8	1.5	0.0	1.0	1.5	2.0	1.5	2.0	2.0	0.5	1.0	2.0	0.5	0.0	0.5	1.0	1.5	1.0	1.5	18
RET.BR	6.5	2.0	1.0	1.0	1.0	2.0	1.0	2.0	2.0	1.5	1.0	0.0	2.0	1.0	0.5	1.5	2.0	0.0	2.0	16
CIEN	6.1	2.0	1.0	1.0	2.0	1.5	2.0	1.5	1.5	0.5	1.5	2.0	0.0	0.0	1.0	1.0	1.0	1.0	1.5	18
SOBO	6.5	1.0	1.0	1.0	0.5	2.0	1.0	2.0	2.0	1.0	1.0	0.5	1.5	1.5	1.0	1.0	2.0	1.5	2.0	17
IRM	5.3	0.5	2.0	1.0	0.5	1.0	1.5	2.0	1.5	0.0	1.5	2.0	1.0	0.5	1.0	0.0	1.5	0.0	1.5	17
BRCB	5.0	1.0	1.0	1.0	0.0	1.0	2.0	1.5	0.5	0.0	1.0	1.0	1.5	0.5	2.0	1.0	0.5	1.5	1.0	16
COLM	6.7	1.0	2.0	1.0	0.0	1.0	1.0	2.0	0.5	2.0	1.0	1.5	1.5	1.5	2.0	2.0	1.0	2.0	1.0	18
FIX	6.0	2.0	0.0	1.0	2.0	1.5	2.0	1.0	1.5	1.0	1.0	2.0	0.0	0.5	1.0	2.0	1.0	0.5	1.5	18
HLG.DE	4.6	0.0	1.0	1.0	1.0	0.0	0.0	0.5	0.0	2.0	1.0	1.0	1.0	1.0	2.0	1.0	0.0	2.0	2.0	13
TWLO	5.6	2.0	0.0	1.0	1.5	2.0	2.0	1.5	0.5	1.0	2.0	0.5	1.0	0.0	1.0	1.0	0.5	1.0	1.5	18
XYZ	6.4	2.0	2.0	1.0	1.5	1.0	1.0	1.5	0.5	0.0	2.0	2.0	1.5	0.5	2.0	1.0	0.5	1.5	1.5	18
GGAL	5.6	2.0	2.0	1.0	2.0	1.0	0.5	0.0	1.5	1.0	1.5	2.0	0.5	1.0	2.0	0.0	0.0	2.0	0.0	16
LZM	3.6	1.0	1.0	1.0	0.0	0.5	2.0	1.5	0.0	0.0	0.5	1.0	1.0	1.0	0.0	1.0	0.0	1.5	0.0	16
LUND-B.ST	7.2	1.5	1.0	1.0	1.0	2.0	2.0	2.0	2.0	1.5	0.5	1.0	1.5	1.5	1.5	2.0	2.0	0.5	1.5	15
RNR	6.1	0.5	0.0	1.0	2.0	2.0	0.0	1.5	2.0	2.0	1.5	0.0	1.5	1.0	1.0	2.0	0.0	2.0	2.0	17
D6H0.DE	4.9	0.5	1.0	1.0	1.0	1.0	1.0	0.5	0.5	0.0	1.0	2.0	1.0	1.0	2.0	2.0	0.5	0.5	1.0	14
ALBIO.PA	5.6	1.0	1.0	1.0	1.0	0.0	0.5	2.0	1.5	2.0	1.0	1.0	2.0	1.0	2.0	1.0	0.0	2.0	0.0	13
NXI.PA	5.0	0.0	1.0	1.0	1.0	0.5	0.0	1.0	0.5	2.0	1.0	1.0	2.0	0.5	2.0	1.0	0.5	2.0	1.0	15
CVLG	4.4	0.0	2.0	1.0	0.5	1.0	1.0	1.0	0.5	0.0	0.5	2.0	1.5	1.5	2.0	0.0	0.5	0.0	1.0	18
ATEB.BR	5.0	2.0	1.0	1.0	1.0	0.0	0.0	0.0	0.0	2.0	0.5	1.0	2.0	1.0	1.5	1.0	0.0	2.0	2.0	15
SION	4.4	1.0	2.0	1.0	0.5	0.5	1.0	0.0	0.0	0.0	1.0	1.0	2.0	1.0	1.0	1.0	0.0	2.0	1.0	13
LMRI	4.7	1.0	2.0	1.0	0.0	0.5	1.0	0.5	0.5	1.0	1.0	1.0	1.5	0.5	2.0	1.0	0.5	1.0	1.0	15
ZV.MI	6.4	0.5	1.0	1.0	1.0	1.0	1.0	1.5	1.0	1.5	0.5	2.0	1.5	1.5	2.0	2.0	1.0	1.5	1.5	16
BBAI	4.0	1.0	0.0	1.0	2.0	0.0	1.5	1.0	0.0	0.0	0.5	1.0	1.5	1.0	1.0	1.0	0.0	2.0	0.0	16
LOGI	6.5	1.0	2.0	1.0	0.0	1.5	1.0	1.5	1.5	1.5	1.5	1.5	0.5	1.5	1.5	2.0	1.0	1.5	1.5	18
BHC	7.2	2.0	2.0	1.0	0.5	0.0	1.5	2.0	2.0	2.0	1.0	1.0	1.0	2.0	1.5	1.0	2.0	2.0	1.5	16
UEC	3.3	1.5	0.0	1.0	1.0	0.5	1.0	0.0	0.0	0.0	1.5	1.0	1.0	1.0	0.0	1.0	0.0	1.5	0.0	16
8630.T	6.4	0.5	1.0	1.0	0.0	1.5	2.0	0.5	1.0	1.0	1.5	1.5	1.5	2.0	2.0	2.0	1.0	2.0	1.0	15
WBD	5.1	0.0	2.0	1.0	0.0	0.5	0.0	1.5	0.5	2.0	1.5	1.0	1.5	1.5	1.5	1.0	1.5	0.5	1.0	17
IGG.L	6.0	1.0	1.0	1.0	1.0	2.0	1.5	1.5	2.0	1.0	1.0	0.0	0.0	1.0	1.5	2.0	0.0	2.0	2.0	14
MEI	5.1	2.0	0.0	1.0	0.0	0.5	1.5	0.5	0.0	1.0	0.5	1.0	2.0	1.5	2.0	2.0	0.5	2.0	0.5	17
GMAB.US	6.9	0.0	2.0	1.0	2.0	1.5	2.0	2.0	2.0	1.0	1.5	2.0	1.0	1.0	1.0	1.0	1.5	1.0	1.5	18
TNET	5.3	0.0	2.0	1.0	0.0	1.0	0.5	0.5	0.5	2.0	1.0	2.0	0.0	1.5	2.0	2.0	0.5	1.5	1.0	18
SJM	6.4	1.0	2.0	1.0	1.0	1.0	1.0	1.5	1.5	2.0	1.5	2.0	1.5	1.5	1.5	0.0	1.5	0.0	1.5	18
STC	6.0	0.5	0.0	1.0	0.0	1.0	2.0	2.0	0.5	1.5	0.5	2.0	1.5	2.0	2.0	2.0	0.5	1.5	1.0	18
0386.HK	6.1	2.0	1.0	1.0	0.0	1.0	1.0	1.0	0.5	0.5	1.5	1.5	2.0	2.0	2.0	1.5	0.5	2.0	1.0	17
IDIP.PA	6.9	0.5	1.0	1.0	1.0	2.0	2.0	2.0	2.0	1.0	0.5	2.0	2.0	1.0	1.0	2.0	2.0	1.0	1.0	11
BDC	6.7	1.5	1.0	1.0	2.0	1.0	1.5	1.5	1.0	1.0	1.0	2.0	1.0	1.5	2.0	2.0	1.0	1.0	1.0	18
4502.T	6.2	2.0	1.0	1.0	1.0	0.5	1.5	2.0	1.5	1.5	1.5	1.0	1.5	1.5	1.5	0.0	1.5	0.5	1.5	16
RLI	6.7	1.0	2.0	1.0	0.5	2.0	1.5	1.5	2.0	1.5	0.5	0.0	1.5	1.5	1.5	2.0	1.5	0.5	2.0	18
SCYR.MC	6.8	0.0	1.0	1.0	1.0	1.0	1.5	2.0	1.5	2.0	1.0	2.0	1.0	1.5	1.5	1.0	1.5	2.0	2.0	16
CXT	7.2	1.0	2.0	1.0	0.5	1.0	2.0	1.5	1.5	2.0	1.0	2.0	1.5	1.5	1.5	2.0	1.5	1.0	1.5	18
CLBT	6.0	0.0	2.0	1.0	1.0	1.5	1.5	2.0	0.5	1.0	1.0	2.0	1.0	0.0	1.5	1.0	1.0	1.5	2.0	18
6920.T	5.7	1.0	1.0	1.0	1.0	2.0	0.0	2.0	2.0	0.5	1.5	2.0	0.0	0.0	0.5	2.0	2.0	0.5	1.5	17
XOS	4.7	1.0	1.0	1.0	2.0	0.0	0.0	0.5	0.0	2.0	0.5	1.0	1.5	1.0	2.0	1.0	0.0	2.0	0.5	15
FAN.L	5.8	0.5	1.0	1.0	1.0	1.5	2.0	2.0	1.5	1.0	1.0	0.0	0.0	1.0	1.5	2.0	1.5	1.0	1.5	16
AKZA.NV	6.9	1.0	1.0	1.0	2.0	1.0	0.5	1.5	1.0	2.0	1.5	1.5	1.5	1.5	2.0	2.0	1.0	2.0	1.0	17
TKA.DE	5.3	0.0	1.0	1.0	1.0	1.0	1.0	0.5	0.5	0.0	1.0	2.0	2.0	1.0	2.0	2.0	0.5	2.0	0.5	16
HOT.DE	5.7	0.5	1.0	1.0	1.0	1.0	1.5	1.0	0.5	1.5	1.0	2.0	0.0	1.0	2.0	2.0	0.5	2.0	1.0	16
WOR	5.7	1.0	1.0	1.0	0.5	1.5	1.5	1.0	0.5	1.0	1.0	2.0	1.5	0.5	1.5	2.0	1.0	0.5	1.5	18
EMEIS.PA	5.6	1.5	1.0	1.0	1.0	0.5	1.0	0.5	0.5	2.0	1.0	1.0	1.5	1.0	2.0	1.0	0.5	2.0	1.0	15
WISE.L	6.4	0.0	1.0	1.0	1.0	1.5	2.0	2.0	2.0	0.0	1.5	0.0	0.0	2.0	2.0	1.0	2.0	2.0	2.0	16
ONL	5.6	1.0	1.0	1.0	1.0	0.0	0.5	2.0	1.0	0.0	0.5	1.0	2.0	1.5	1.5	1.0	2.0	1.5	1.5	15
RXO	4.6	0.0	2.0	1.0	2.0	0.5	2.0	0.5	0.5	0.5	1.5	1.0	1.5	0.0	2.0	1.0	0.5	0.0	0.0	17
MTRS.ST	5.1	0.0	1.0	1.0	0.0	1.0	1.0	1.0	1.0	1.0	1.0	2.0	1.0	1.0	1.5	2.0	1.0	1.0	1.0	17
CAG	5.4	0.0	2.0	1.0	0.0	0.0	1.0	1.0	1.0	2.0	1.5	1.0	1.5	1.5	2.0	1.5	1.0	0.5	1.0	17
KSC.DE	4.9	1.0	1.0	1.0	1.0	0.0	0.0	0.5	0.5	2.0	1.0	1.0	2.0	0.0	2.0	1.0	0.5	2.0	1.0	13
HSPOF	3.5	1.0	1.0	1.0	1.0	0.5	1.0	0.0	0.0	0.0	1.0	1.0	1.0	1.0	1.0	1.0	0.0	0.0	1.0	7
JJSF	4.3	0.0	0.0	1.0	0.0	1.0	0.5	1.0	1.0	1.0	0.5	2.0	1.5	1.5	2.0	0.0	1.0	0.5	1.0	18
DXC	6.1	2.0	0.0	1.0	0.0	1.0	0.5	1.0	0.5	2.0	1.0	2.0	2.0	2.0	2.0	1.0	1.0	2.0	1.0	18
MFP	5.3	0.0	1.0	1.0	1.0	1.0	1.5	1.5	1.0	1.0	0.5	2.0	1.5	1.0	1.5	1.0	1.0	0.5	1.0	14
STORb.ST	6.4	1.0	1.0	1.0	1.0	1.0	1.0	1.5	0.5	2.0	0.5	2.0	2.0	1.5	2.0	2.0	1.0	1.0	1.0	16
ENGI.PA	6.0	0.5	1.0	1.0	2.0	1.0	0.5	1.0	1.0	0.0	1.5	2.0	1.5	1.5	2.0	1.0	1.0	2.0	1.0	17
TALO	7.9	1.0	2.0	1.0	2.0	0.0	2.0	2.0	2.0	2.0	1.0	1.0	1.5	2.0	2.0	1.0	2.0	2.0	2.0	16
PLGO	6.8	2.0	1.0	1.0	0.5	1.5	1.5	1.0	1.0	2.0	1.0	1.0	2.0	1.0	2.0	2.0	0.0	2.0	2.0	17
FROG	5.0	1.0	1.0	1.0	1.5	0.5	2.0	2.0	0.0	0.5	2.0	1.0	0.0	1.0	0.5	1.0	0.0	1.0	2.0	16
TK	7.6	1.5	1.0	1.0	1.0	1.5	2.0	2.0	2.0	2.0	1.0	0.0	1.5	2.0	2.0	1.0	2.0	2.0	2.0	15
ALHEX.PA	6.1	0.0	1.0	1.0	1.0	1.0	1.0	1.0	0.5	2.0	0.5	2.0	2.0	2.0	2.0	2.0	0.5	2.0	0.5	15
SDP.L	5.3	2.0	1.0	1.0	1.0	1.0	1.0	1.0	1.0	1.0	1.0	1.0	1.0	1.0	1.0	1.0	1.0	1.0	1.0	2
VST	6.7	2.0	2.0	1.0	2.0	1.5	0.5	1.5	1.0	0.5	1.5	2.0	0.0	1.5	1.5	2.0	1.5	0.0	2.0	18
IMXI	5.6	0.5	2.0	1.0	0.5	1.0	0.0	1.0	0.5	0.5	0.5	2.0	1.5	2.0	2.0	1.0	1.0	2.0	1.0	18
YOU	6.9	0.5	0.0	1.0	1.5	1.5	2.0	2.0	2.0	1.5	1.0	2.0	0.0	1.5	1.5	2.0	1.5	1.5	2.0	18
UAL	6.5	0.0	2.0	1.0	1.0	1.0	1.5	1.0	0.5	1.0	2.0	2.0	1.5	2.0	2.0	1.0	1.0	2.0	1.0	18
SAFT	5.8	2.0	1.0	1.0	1.0	1.0	1.0	0.0	1.0	2.0	1.0	2.0	1.5	1.0	2.0	1.5	0.5	0.5	1.0	15
SSYS.US	4.3	1.0	1.0	1.0	0.0	0.0	0.5	1.5	0.0	1.0	0.5	1.0	2.0	1.0	2.0	1.0	0.0	2.0	0.0	17
HEALTH.HE	4.7	1.0	1.0	1.0	1.0	0.5	2.0	2.0	0.0	0.0	0.5	1.0	1.5	1.0	1.5	1.0	0.0	2.0	0.0	14
UI	6.8	1.5	2.0	1.0	2.0	2.0	2.0	1.5	2.0	1.0	0.5	1.5	0.0	0.5	0.5	2.0	2.0	0.5	2.0	18
UTMD	6.8	0.0	1.0	1.0	1.0	2.0	0.0	2.0	2.0	1.0	1.0	1.0	1.5	1.5	1.5	2.0	2.0	2.0	2.0	14
ERIC-A.ST	6.4	1.0	1.0	1.0	1.0	1.5	0.5	1.5	1.0	2.0	1.0	1.0	1.5	1.5	2.0	2.0	1.0	1.5	1.0	14
PENG	5.0	0.5	0.0	1.0	2.0	1.0	2.0	1.0	1.0	0.0	1.0	2.0	0.5	1.0	1.5	1.0	1.0	1.5	0.0	18
ALMDG.PA	5.8	2.0	1.0	1.0	1.0	1.0	0.0	2.0	1.0	0.0	0.5	0.5	2.0	2.0	2.0	1.0	1.0	2.0	1.0	16
NEXT	3.8	1.0	1.0	1.0	1.5	0.5	1.0	0.0	0.0	0.0	1.0	1.0	1.0	1.0	1.0	1.0	0.0	0.5	1.0	12
MBLY	6.5	2.0	2.0	1.0	2.0	0.0	1.0	1.5	0.0	2.0	2.0	1.0	2.0	1.0	1.5	1.0	0.0	2.0	1.5	17
SFNC	5.0	0.5	0.0	1.0	1.0	0.5	1.5	0.0	2.0	1.0	1.0	1.0	2.0	1.0	0.0	1.5	0.0	2.0	2.0	15
NNN	5.6	0.0	1.0	1.0	1.5	2.0	1.0	2.0	2.0	0.0	1.5	1.0	1.5	1.0	0.5	0.0	2.0	0.0	2.0	18
INPP.L	5.1	1.5	1.0	1.0	1.0	2.0	0.0	2.0	2.0	1.5	0.5	0.0	0.0	1.0	1.0	1.5	0.0	0.5	2.0	15
RAUTE.HE	4.6	0.0	1.0	1.0	0.0	1.0	0.0	2.0	0.5	0.0	0.5	0.5	1.5	2.0	2.0	2.0	1.0	1.5	0.0	17
NGG	6.1	2.0	2.0	1.0	1.0	1.5	1.0	2.0	2.0	0.0	1.0	2.0	0.5	0.0	0.0	1.5	2.0	0.5	2.0	17
GBLB.BR	5.7	2.0	1.0	1.0	1.0	0.5	1.0	2.0	1.0	0.5	1.0	1.0	2.0	1.0	1.5	0.0	1.0	2.0	1.0	14
RDNT	5.3	2.0	2.0	1.0	0.0	0.5	2.0	0.5	0.5	1.0	1.0	1.0	1.0	0.5	1.5	1.0	1.0	1.5	1.0	17
CDA.PA	6.5	0.0	1.0	1.0	1.0	1.0	1.0	2.0	1.5	0.0	1.0	1.0	2.0	2.0	2.0	2.0	1.5	1.5	2.0	16
NTR	6.4	1.0	2.0	1.0	0.0	1.0	1.0	1.0	1.5	1.0	2.0	1.0	1.5	1.5	2.0	2.0	1.5	0.5	1.5	18
PUBM	5.8	0.0	2.0	1.0	2.0	0.5	1.5	2.0	0.5	1.5	1.5	1.0	1.0	0.0	1.5	1.0	0.5	1.5	2.0	17
ALAFY.PA	3.8	1.0	1.0	1.0	1.0	0.0	1.0	0.0	0.0	2.0	0.5	1.0	1.5	1.0	0.0	1.0	0.0	1.5	0.0	14
TS	6.1	0.5	2.0	1.0	0.0	1.5	0.5	1.5	1.5	1.0	1.5	1.5	1.0	1.0	1.5	2.0	1.5	1.0	1.5	18
9020.T	6.1	0.5	1.0	1.0	2.0	1.0	1.0	1.5	1.5	1.0	1.5	0.5	1.5	1.5	1.5	2.0	1.5	0.5	1.0	15
FUM.L	4.4	1.0	1.0	1.0	1.0	0.0	2.0	2.0	0.0	0.0	1.0	1.0	0.0	2.0	1.0	1.0	0.0	2.0	0.0	13
IBU.DE	6.0	1.0	1.0	1.0	1.0	0.5	1.0	2.0	0.0	2.0	0.5	1.0	1.5	1.5	2.0	1.0	1.0	1.5	2.0	14
BCS	6.4	2.0	2.0	1.0	0.5	2.0	1.5	0.0	2.0	1.0	0.5	2.0	2.0	1.0	1.5	2.0	0.0	2.0	0.0	16
ASTE	5.3	2.0	0.0	1.0	0.0	1.0	2.0	1.0	0.5	0.0	0.5	2.0	1.5	1.5	2.0	1.5	0.5	1.0	1.0	18
RAM.LS	5.0	0.5	1.0	1.0	1.0	2.0	0.0	2.0	2.0	1.0	0.5	1.0	1.5	0.5	0.5	0.0	2.0	0.5	1.0	14
INBX	3.5	1.0	0.0	1.0	1.5	0.5	1.0	0.0	0.0	0.0	0.5	1.0	1.0	1.0	1.0	1.0	0.0	1.0	1.0	12
BSX.US	6.8	2.0	2.0	1.0	0.0	1.5	1.0	2.0	1.5	1.0	2.0	2.0	1.5	1.5	1.5	1.0	1.5	0.0	1.5	18
SCE.DE	4.4	2.0	1.0	1.0	1.0	1.0	1.0	0.0	0.0	0.0	0.5	0.0	2.0	1.0	2.0	1.0	0.5	2.0	0.0	16
HFD.L	5.1	1.0	1.0	1.0	1.0	1.0	1.0	2.0	0.5	2.0	1.0	0.0	0.0	1.5	2.0	1.5	0.5	0.5	1.0	16
IRE.ASX	5.8	0.5	1.0	1.0	1.0	1.5	0.0	1.5	1.5	1.0	1.0	1.0	1.5	1.5	1.5	2.0	1.5	0.5	1.5	16
1812.T	4.9	0.5	1.0	1.0	0.0	1.0	0.5	0.5	0.5	1.0	1.0	0.0	1.5	1.5	2.0	2.0	0.5	2.0	1.0	15
SPSN.ZU	5.3	0.0	1.0	1.0	1.0	2.0	0.5	2.0	2.0	1.0	1.0	0.5	1.5	0.0	0.0	1.5	2.0	0.0	2.0	16
BVI.PA	5.3	1.0	1.0	1.0	1.0	1.0	1.0	1.0	1.0	0.0	1.5	2.0	0.5	1.5	1.5	1.0	1.0	1.0	1.0	16
YPF	8.3	2.0	1.0	1.0	2.0	1.0	2.0	1.5	2.0	2.0	1.5	2.0	1.5	2.0	2.0	1.0	1.5	2.0	2.0	18
ELVN	4.7	1.0	2.0	1.0	2.0	0.5	1.0	0.0	0.0	0.0	1.5	1.0	1.0	1.0	1.0	1.0	0.0	2.0	1.0	13
6963.T	5.0	0.0	1.0	1.0	2.0	0.0	1.5	1.0	0.5	1.0	1.5	1.0	1.5	0.5	1.5	0.0	1.0	2.0	1.0	14
IBP	6.0	1.0	2.0	1.0	0.5	1.0	1.0	1.0	1.0	1.5	1.5	1.5	0.5	1.5	1.5	2.0	1.0	1.0	1.0	18
SCCO	6.9	0.0	2.0	1.0	2.0	2.0	2.0	2.0	2.0	1.0	1.5	1.5	0.0	1.0	0.5	2.0	2.0	0.5	2.0	18
DFM.AE	7.9	1.0	1.0	1.0	1.0	2.0	2.0	2.0	2.0	2.0	1.0	1.5	1.5	2.0	1.0	1.5	2.0	2.0	2.0	16
RSG.L	7.2	2.0	1.0	1.0	1.0	1.5	2.0	2.0	2.0	2.0	0.5	0.0	0.0	2.0	2.0	1.0	2.0	2.0	2.0	16
HICL.L	4.9	2.0	1.0	1.0	1.0	1.0	1.0	1.0	1.0	1.0	0.5	0.0	1.0	1.0	1.0	1.0	1.0	1.0	1.0	4
GCTS	2.6	1.0	1.0	1.0	0.0	0.5	0.0	0.0	0.0	0.0	0.5	1.0	1.0	1.0	0.0	1.0	0.0	1.5	0.0	14
AOF.DE	6.5	0.5	1.0	1.0	1.0	2.0	1.5	2.0	2.0	1.5	1.0	1.5	0.0	1.0	1.0	1.5	2.0	1.0	2.0	16
DOX	6.7	2.0	0.0	1.0	0.5	1.0	1.0	1.5	1.5	2.0	0.5	2.0	1.5	2.0	2.0	2.0	1.5	0.5	1.5	18
ABO.DE	6.2	1.0	1.0	1.0	1.0	0.0	1.5	2.0	2.0	0.0	1.0	1.0	2.0	1.5	1.0	1.0	2.0	1.5	2.0	13
CARM.PA	7.1	2.0	1.0	1.0	1.0	2.0	0.5	2.0	2.0	2.0	1.0	0.5	2.0	1.5	1.0	1.5	2.0	0.5	2.0	16
BA.L	5.1	0.5	1.0	1.0	1.0	1.0	1.0	0.5	1.0	1.5	2.0	0.0	0.0	1.0	1.5	2.0	1.0	1.0	1.5	16
UL.US	5.8	0.0	2.0	1.0	1.0	1.5	1.0	1.5	1.5	1.5	0.5	1.5	0.5	1.0	1.5	1.5	1.5	0.5	1.5	17
FICO	6.8	2.0	0.0	1.0	0.5	2.0	2.0	2.0	2.0	1.0	1.5	2.0	1.0	1.0	1.0	1.0	2.0	0.5	2.0	17
AAT	5.1	0.0	0.0	1.0	0.0	1.0	1.0	2.0	1.5	1.5	0.5	1.0	1.5	1.5	1.0	0.0	2.0	1.0	2.0	17
UONE	5.7	1.5	1.0	1.0	1.0	0.0	0.5	2.0	0.5	2.0	1.0	1.0	2.0	1.0	2.0	1.0	0.5	2.0	0.5	14
4543.T	7.1	1.0	1.0	1.0	1.0	1.5	1.5	2.0	2.0	1.0	1.5	1.5	1.5	1.5	1.5	2.0	1.5	1.0	1.5	17
PRM.L	3.9	1.0	1.0	1.0	1.0	0.0	1.0	0.0	0.0	0.0	1.0	1.0	1.0	1.0	1.0	1.0	0.0	2.0	1.0	12
NESN.ZU	5.4	1.0	1.0	1.0	1.0	1.0	0.5	1.5	1.5	1.0	2.0	2.0	0.5	1.0	1.5	0.0	1.0	0.5	1.5	17
EBK.DE	5.0	0.0	1.0	1.0	1.0	0.5	2.0	1.0	0.5	0.0	1.0	1.0	1.5	1.5	2.0	0.0	1.0	2.0	1.0	14
IFF	5.4	1.0	2.0	1.0	0.0	1.0	1.0	1.5	1.0	0.0	1.5	1.0	1.5	1.0	1.5	2.0	1.0	0.5	1.0	17
AMBP	5.1	0.0	1.0	1.0	0.5	1.0	1.5	0.5	0.5	2.0	1.0	2.0	1.0	1.5	2.0	0.0	1.0	1.0	1.0	17
4755.T	5.4	0.0	1.0	1.0	0.0	0.5	1.5	2.0	0.5	0.0	1.5	1.0	1.5	2.0	2.0	1.0	1.0	2.0	1.0	16
TBLT	4.4	1.0	1.0	1.0	1.0	0.0	0.0	1.0	0.0	2.0	1.0	1.0	1.0	1.0	2.0	1.0	0.0	2.0	0.0	11
WSBF	5.8	1.5	1.0	1.0	1.0	2.0	1.0	0.0	2.0	1.0	1.0	0.0	1.5	1.0	1.5	2.0	0.0	1.5	2.0	13
ULTA	5.7	1.0	2.0	1.0	0.5	1.0	1.0	1.5	1.0	1.0	2.0	1.5	0.5	1.5	2.0	1.0	1.0	0.0	1.0	18
BOOT	5.7	1.0	0.0	1.0	0.5	1.5	1.5	1.5	1.0	0.5	1.5	2.0	1.5	1.5	2.0	1.0	1.0	0.5	1.0	18
EOAN.DE	5.7	2.0	1.0	1.0	1.0	1.0	0.5	1.0	0.5	0.0	1.5	1.0	1.5	1.5	2.0	2.0	1.0	1.0	1.0	16
6178.HK	6.9	2.0	1.0	1.0	1.0	2.0	1.5	1.5	2.0	1.0	0.5	0.5	2.0	1.0	2.0	2.0	0.0	2.0	2.0	14
TLRY	4.6	1.0	1.0	1.0	1.0	0.0	2.0	1.0	0.0	0.0	1.0	1.0	2.0	0.0	2.0	1.0	0.5	2.0	0.0	14
1SXP.DE	5.8	0.5	1.0	1.0	2.0	1.5	1.0	1.0	1.5	0.0	1.5	1.5	1.0	1.0	1.5	2.0	1.5	0.0	1.5	17
EXE	6.9	2.0	1.0	1.0	0.0	2.0	0.0	1.5	2.0	1.5	2.0	0.0	1.5	2.0	2.0	2.0	2.0	0.5	2.0	18
TEX	6.2	1.5	1.0	1.0	1.5	1.0	2.0	0.5	0.5	1.0	1.5	2.0	1.5	1.0	2.0	2.0	0.5	1.0	1.0	18
AUPH	6.8	2.0	1.0	1.0	0.0	2.0	1.5	2.0	2.0	1.5	1.0	0.0	1.0	1.5	1.0	1.0	2.0	2.0	2.0	17
316.HK	4.9	1.0	1.0	1.0	1.0	1.5	1.0	0.5	1.0	0.0	1.0	0.0	2.0	0.0	1.0	2.0	1.0	1.0	1.5	16
MTB	6.2	1.5	0.0	1.0	1.0	2.0	1.0	0.0	2.0	1.0	1.5	1.5	1.5	1.0	1.5	2.0	0.0	2.0	2.0	16
SUNB.L	6.1	1.5	2.0	1.0	0.5	1.5	1.5	1.5	1.5	1.5	1.0	0.0	0.0	1.5	1.5	2.0	1.5	0.0	2.0	18
83.HK	6.5	2.0	1.0	1.0	1.0	2.0	0.5	1.5	2.0	1.0	1.5	1.0	2.0	1.0	1.5	0.0	1.5	2.0	1.0	14
ALTOU.PA	6.5	2.0	1.0	1.0	1.0	0.5	0.0	1.5	0.5	2.0	1.0	2.0	2.0	1.5	1.5	1.5	1.5	2.0	1.0	15
IPS.PA	7.2	1.5	1.0	1.0	1.0	1.0	1.0	2.0	1.0	2.0	1.0	2.0	2.0	2.0	2.0	2.0	1.0	1.5	1.0	16
TOWN.L	5.4	1.0	1.0	1.0	1.0	0.0	1.0	1.5	2.0	1.5	0.5	1.0	0.0	0.5	1.0	2.0	1.5	2.0	1.0	14
HYSG.BR	5.6	1.5	1.0	1.0	1.0	1.0	0.5	2.0	0.0	1.5	0.5	2.0	1.5	0.0	1.5	1.0	0.5	1.5	2.0	16
KENDR.NV	6.2	1.0	1.0	1.0	1.0	1.0	1.0	2.0	1.0	2.0	0.5	2.0	1.5	1.5	2.0	1.5	1.0	0.5	1.0	16
AFYA	8.5	2.0	1.0	0.5	1.5	2.0	1.0	2.0	2.0	2.0	1.0	2.0	1.5	2.0	2.0	2.0	2.0	2.0	2.0	18
STDN	3.6	1.0	1.0	1.0	1.0	0.0	2.0	0.0	0.0	1.0	1.0	1.0	1.0	1.0	0.0	1.0	0.0	1.0	0.0	12
CSL	6.8	2.0	2.0	1.0	0.0	1.5	1.0	1.5	1.5	1.5	1.0	2.0	0.5	1.5	1.5	2.0	1.5	1.0	1.5	18
ENAV.MI	6.1	1.0	1.0	1.0	1.0	1.5	1.0	2.0	1.0	1.0	1.0	1.5	1.5	1.5	1.5	0.0	1.5	1.0	2.0	17
TR	5.3	0.5	1.0	1.0	1.0	1.5	0.5	1.0	1.0	1.0	1.0	1.0	1.5	0.5	1.5	2.0	1.0	0.5	1.5	14
OR.PA	6.2	1.0	1.0	1.0	1.0	1.5	1.0	2.0	1.5	1.0	2.0	2.0	0.5	0.5	1.5	1.5	1.5	0.5	1.5	16
SLAMF	3.8	0.0	1.0	1.0	1.0	0.5	1.0	0.0	0.0	1.0	1.0	1.0	1.0	1.0	1.0	1.0	0.0	1.0	1.0	6
ZION	6.1	0.5	0.0	1.0	1.0	2.0	2.0	0.0	2.0	1.0	2.0	0.5	1.5	1.0	1.5	2.0	0.0	2.0	2.0	16
2432.T	6.9	1.5	1.0	1.0	1.0	2.0	0.0	2.0	1.5	2.0	0.5	0.0	1.5	2.0	2.0	2.0	1.5	2.0	1.5	16
METSO.HE	5.8	1.5	1.0	1.0	1.0	1.0	1.0	1.0	1.0	1.0	2.0	2.0	1.0	1.0	1.5	1.5	1.0	0.5	1.0	17
VNT.ASX	5.3	1.0	1.0	1.0	2.0	1.0	0.5	0.0	0.5	1.0	1.5	1.5	0.5	1.5	2.0	1.5	0.5	1.0	1.0	17
CPRI	5.1	2.0	0.0	1.0	0.0	1.0	0.5	2.0	0.5	2.0	1.5	2.0	0.0	1.0	2.0	1.0	0.5	1.0	0.5	18
TRVN	3.8	1.0	1.0	1.0	1.0	0.5	2.0	0.0	0.0	0.0	1.0	1.0	1.0	1.0	0.0	1.0	0.0	2.0	0.0	12
CBKD.L	5.6	2.0	1.0	1.0	1.0	2.0	2.0	0.0	0.0	1.0	1.0	1.0	2.0	1.0	1.0	2.0	0.0	1.0	1.0	9
GPMT	4.4	1.0	2.0	1.0	0.0	0.5	1.0	0.0	2.0	1.0	0.5	1.0	2.0	1.0	1.0	0.0	0.0	2.0	0.0	13
IBOC	5.6	2.0	1.0	1.0	0.0	2.0	0.5	0.0	2.0	1.0	0.5	1.0	1.5	1.0	1.0	2.0	0.0	1.5	2.0	14
AOV.ASX	7.1	1.0	1.0	1.0	1.0	1.0	1.0	1.5	1.5	2.0	1.5	2.0	1.5	2.0	2.0	1.5	1.5	1.0	1.5	16
OGN.US	6.9	1.0	1.0	1.0	1.0	1.0	0.5	2.0	1.5	2.0	0.5	2.0	1.0	2.0	2.0	2.0	1.5	2.0	1.0	17
IG.MI	7.4	0.5	1.0	1.0	1.5	1.5	2.0	2.0	2.0	1.0	1.5	1.5	1.5	1.5	1.0	1.5	2.0	1.5	2.0	17
INMD	6.4	2.0	0.0	1.0	0.0	2.0	0.5	2.0	1.0	1.5	0.5	1.5	1.5	2.0	2.0	1.0	1.0	2.0	1.5	18
STKS	4.3	1.0	1.0	1.0	0.0	0.0	0.5	0.5	0.5	0.5	0.5	1.0	1.0	1.5	2.0	1.0	1.0	1.5	1.0	14
ASAIY	6.4	1.5	1.0	1.0	1.0	1.0	1.0	0.5	0.5	2.0	0.5	2.0	1.5	2.0	2.0	2.0	0.5	2.0	1.0	17
ENOV	5.8	0.5	2.0	1.0	0.0	0.0	1.0	2.0	0.5	2.0	1.5	1.0	2.0	2.0	2.0	1.0	1.0	0.5	1.0	17
ADE.DE	4.6	1.0	1.0	1.0	1.0	0.0	2.0	2.0	0.0	0.0	1.0	1.0	2.0	1.0	0.5	2.0	0.0	1.0	0.0	13
VCT.PA	6.7	1.0	1.0	1.0	1.0	1.0	1.0	1.5	1.0	1.5	1.0	1.5	2.0	2.0	2.0	2.0	1.0	1.5	1.0	16
ALFLO.PA	5.8	1.0	1.0	1.0	1.0	0.5	2.0	1.5	1.0	0.0	1.0	1.0	2.0	1.5	2.0	1.0	0.5	2.0	1.0	13
BZUN	6.5	2.0	1.0	1.0	1.0	0.5	1.0	2.0	0.5	2.0	1.0	1.0	2.0	2.0	2.0	1.0	0.5	2.0	1.0	15
AYTU	5.1	1.0	1.0	1.0	0.0	0.0	1.0	2.0	0.0	2.0	0.5	1.0	2.0	1.0	2.0	1.0	0.0	2.0	1.0	15
MVIS	4.0	1.0	1.0	1.0	1.0	0.5	2.0	0.0	0.0	0.0	1.0	1.0	1.5	1.0	0.5	1.0	0.0	2.0	0.0	13
STGW	6.0	2.0	0.0	1.0	0.5	1.0	1.5	1.5	0.5	2.0	1.0	2.0	1.0	1.5	2.0	1.0	1.0	1.0	1.0	18
QED.L	3.1	1.0	1.0	1.0	1.0	0.5	1.0	0.0	0.0	0.0	1.0	1.0	0.0	1.0	0.0	1.0	0.0	1.5	0.0	12
FRS.DE	4.3	1.0	1.0	1.0	1.0	0.5	1.5	0.0	0.0	0.0	1.0	1.0	2.0	1.0	2.0	1.0	0.0	1.5	0.0	13
APO	6.7	2.0	1.0	1.0	0.5	1.0	2.0	1.5	1.5	1.0	1.5	2.0	1.0	1.0	1.5	1.5	0.0	2.0	2.0	16
HAS.L	5.0	1.0	1.0	1.0	1.0	0.5	0.5	0.5	0.5	2.0	1.5	1.0	0.0	1.0	2.0	2.0	0.5	1.5	0.5	14
DHER.DE	4.9	1.0	1.0	1.0	1.0	0.5	1.5	1.0	0.0	1.5	1.5	1.0	0.5	0.0	2.0	1.0	0.5	2.0	0.5	14
ALJXR.PA	4.9	0.0	1.0	1.0	1.0	1.0	2.0	1.0	0.5	0.0	0.5	1.0	1.0	1.0	2.0	1.0	0.5	2.0	1.0	15
SN	5.7	1.0	0.0	1.0	2.0	1.5	2.0	1.5	1.0	1.0	1.5	2.0	0.5	0.5	1.5	1.0	1.0	0.5	1.0	18
MRNA	3.1	1.0	2.0	1.0	0.0	0.0	1.0	0.0	0.0	0.5	1.5	1.0	0.0	1.0	0.0	1.0	0.0	1.0	0.0	16
ALKKO.PA	4.9	0.0	1.0	1.0	1.0	1.0	2.0	1.0	1.0	0.0	1.0	1.0	2.0	1.5	2.0	1.0	0.5	0.5	0.0	14
AMP.US	7.6	1.5	2.0	1.0	2.0	1.5	1.5	2.0	2.0	1.5	1.5	1.5	0.5	1.0	2.0	2.0	0.0	2.0	2.0	17
LIFE	5.6	1.0	1.0	1.0	2.0	0.0	2.0	2.0	1.0	1.5	1.0	1.0	1.0	1.0	1.5	1.0	0.0	1.0	1.0	16
GMED	7.5	1.5	2.0	1.0	1.5	1.5	1.0	2.0	1.5	1.5	1.5	2.0	1.5	1.5	1.5	1.0	1.5	1.0	2.0	18
6702.T	6.2	2.0	1.0	1.0	2.0	1.0	1.0	1.5	0.5	1.0	1.5	0.5	1.0	1.5	2.0	2.0	1.0	1.0	1.0	17
LILMF	4.6	2.0	1.0	1.0	1.0	0.5	1.0	0.0	0.0	0.0	1.0	1.0	1.0	2.0	1.0	1.0	0.0	2.0	1.0	10
IPX	4.0	1.0	2.0	1.0	1.0	0.5	1.0	0.0	0.0	0.0	1.0	1.0	1.0	1.0	1.0	1.0	0.0	1.0	1.0	13
COLD	4.0	0.0	0.0	1.0	0.0	0.0	1.0	1.0	0.5	2.0	1.5	1.0	1.5	1.0	1.5	0.0	1.5	0.0	1.0	17
FCF	6.1	1.5	1.0	1.0	1.0	2.0	1.0	0.0	2.0	1.0	1.0	1.5	1.5	1.0	1.5	2.0	0.0	1.0	2.0	15
SSL	7.4	2.0	1.0	1.0	1.0	1.0	1.5	1.5	1.5	2.0	0.5	2.0	2.0	2.0	2.0	1.0	1.5	2.0	1.0	16
MXHN.DE	5.3	1.0	1.0	1.0	1.0	0.5	0.5	2.0	0.0	2.0	0.5	1.0	2.0	1.0	2.0	1.0	0.5	1.0	1.0	14
RBT.PA	6.5	1.0	1.0	1.0	1.0	1.5	0.5	2.0	1.5	1.0	1.0	1.5	1.5	1.5	2.0	2.0	1.0	1.5	1.0	16
RCH.L	5.0	1.0	1.0	1.0	1.0	0.0	0.5	1.5	0.0	2.0	0.5	1.0	0.0	2.0	2.0	2.0	1.0	1.0	0.5	14
NXE	4.0	1.0	1.0	1.0	2.0	0.5	1.0	0.0	0.0	0.0	0.5	1.0	1.0	1.0	1.0	1.0	0.0	1.5	1.0	12
BIGGQ	4.4	2.0	1.0	1.0	1.0	0.0	0.5	1.5	0.0	0.0	1.0	1.0	1.0	1.0	2.0	1.0	0.0	2.0	0.0	13
TCAP.L	5.3	2.0	1.0	1.0	1.0	1.0	1.0	2.0	1.0	1.0	1.0	0.0	0.0	1.0	2.0	1.5	0.0	2.0	0.5	14
12.HK	6.7	2.0	1.0	1.0	1.0	2.0	2.0	1.0	2.0	1.0	1.5	2.0	2.0	0.0	1.0	1.0	1.0	1.5	1.0	14
CCEP	5.1	0.5	0.0	1.0	1.0	1.0	1.0	1.5	1.0	1.0	1.5	1.0	1.0	1.0	1.5	2.0	1.0	0.5	1.0	17
AEM	6.7	0.0	1.0	1.0	0.0	2.0	2.0	2.0	2.0	1.0	1.5	1.5	1.0	1.5	1.0	2.0	2.0	0.5	2.0	17
MRX	6.5	1.5	0.0	1.0	2.0	1.5	2.0	2.0	1.5	1.0	1.0	2.0	1.0	1.0	2.0	2.0	0.0	1.0	1.0	15
OSCR	6.7	1.0	0.0	1.0	2.0	1.0	2.0	1.0	0.5	1.5	1.5	2.0	1.0	2.0	2.0	1.0	0.5	2.0	2.0	18
MRVL	6.0	1.5	0.0	1.0	1.5	2.0	2.0	2.0	1.5	0.5	2.0	2.0	0.0	0.0	0.0	2.0	1.5	0.5	1.5	18
TERN.L	3.5	1.0	1.0	1.0	1.0	0.5	2.0	2.0	0.0	0.0	1.0	1.0	0.0	1.0	0.0	1.0	0.0	0.0	0.0	12
SHL.DE	6.2	1.0	1.0	1.0	1.0	1.0	1.0	1.5	1.5	1.0	1.5	1.5	1.5	1.5	1.5	2.0	1.0	1.0	1.0	17
TRI	6.5	1.5	1.0	1.0	0.0	2.0	1.0	1.5	2.0	1.5	1.5	2.0	1.0	1.0	1.0	1.5	1.5	0.5	2.0	18
MACF.L	4.9	1.0	1.0	1.0	1.0	1.0	1.0	1.5	0.5	2.0	0.5	0.0	0.0	1.5	2.0	1.0	0.5	1.0	1.0	16
PK	5.8	2.0	1.0	1.0	0.0	0.5	1.0	1.0	1.5	2.0	1.5	1.0	1.5	1.5	1.5	0.0	1.5	1.0	1.5	16
BLMN	5.6	1.0	0.0	1.0	0.0	1.0	1.0	0.5	0.5	2.0	1.5	2.0	1.5	1.5	2.0	2.0	0.5	1.0	1.0	18
MCK	5.1	1.0	0.0	1.0	1.0	1.0	1.0	0.0	0.5	1.5	1.5	2.0	1.0	1.0	2.0	2.0	0.5	1.0	0.5	17
ZIL2.DE	6.9	2.0	1.0	1.0	1.0	1.0	1.5	1.0	0.5	2.0	0.5	2.0	2.0	2.0	2.0	2.0	0.5	2.0	1.0	16
CDW	5.8	1.5	2.0	1.0	1.5	1.0	1.0	1.0	0.5	1.0	1.0	2.0	0.5	1.5	2.0	2.0	0.5	0.5	0.5	18
MAN	5.4	2.0	1.0	1.0	0.0	1.0	1.0	0.5	0.5	1.0	1.0	2.0	1.5	1.5	2.0	1.5	0.5	1.0	0.5	18
TRVG	5.7	0.0	2.0	1.0	2.0	1.0	2.0	2.0	0.0	2.0	0.5	0.0	1.5	0.0	2.0	1.0	0.5	2.0	1.0	18
MAAT.PA	4.3	1.0	1.0	1.0	1.0	0.5	2.0	2.0	0.0	0.0	0.5	1.0	0.0	1.0	1.5	1.0	0.0	2.0	0.0	14
3988.HK	5.8	1.5	1.0	1.0	1.0	2.0	1.0	0.0	2.0	1.0	1.5	0.5	2.0	1.0	0.5	2.0	0.0	2.0	1.0	15
2328.HK	5.8	1.5	1.0	1.0	1.0	1.0	1.0	0.5	1.0	0.0	1.5	0.0	1.5	2.0	2.0	2.0	1.0	2.0	1.0	16
WAFD	6.1	1.0	1.0	1.0	1.0	2.0	1.0	0.0	2.0	1.0	0.5	1.5	2.0	1.0	1.0	2.0	0.0	2.0	2.0	16
HSTM	6.1	0.5	2.0	1.0	0.0	1.0	1.5	2.0	1.0	1.5	0.5	1.5	1.5	1.0	1.5	2.0	1.0	1.0	1.5	18
SGSN.ZU	5.3	0.0	1.0	1.0	1.0	1.0	1.0	1.5	1.0	1.0	1.5	2.0	0.0	1.0	1.5	1.0	1.0	1.0	1.5	16
SAN.PA	6.4	0.0	1.0	1.0	0.5	1.0	1.5	2.0	1.5	1.5	2.0	2.0	1.5	2.0	1.5	0.0	1.5	1.0	1.5	17
XEL	6.1	1.0	2.0	1.0	0.0	1.5	0.5	1.5	1.5	0.0	1.5	1.5	1.5	1.5	1.0	1.5	2.0	0.5	2.0	18
CTVA	6.4	1.5	1.0	1.0	0.0	1.0	0.5	1.5	2.0	1.0	2.0	2.0	1.5	1.5	1.5	2.0	1.5	0.5	1.0	17
SLPb.ST	6.9	1.5	1.0	1.0	1.5	2.0	2.0	2.0	2.0	1.5	1.0	1.0	1.5	1.0	0.5	1.0	2.0	0.5	2.0	17
CPAY	7.8	2.0	1.0	1.0	1.5	2.0	2.0	2.0	2.0	1.5	1.5	2.0	0.5	1.5	1.0	1.0	2.0	1.5	2.0	18
IHS	6.1	2.0	1.0	1.0	0.0	1.0	1.5	2.0	1.5	0.0	0.5	0.0	1.0	2.0	1.5	1.0	2.0	2.0	2.0	16
VG	6.7	1.5	0.0	1.0	1.5	2.0	2.0	1.5	2.0	0.0	1.5	0.0	1.0	1.5	1.5	2.0	2.0	1.0	2.0	18
GFI.US	7.1	0.0	2.0	1.5	0.0	2.0	2.0	2.0	2.0	2.0	1.0	1.0	0.5	1.5	1.0	2.0	2.0	1.0	2.0	18
ADSK	7.2	2.0	2.0	1.0	0.5	2.0	1.5	2.0	2.0	1.5	2.0	2.0	0.0	1.0	1.0	1.0	1.5	1.0	2.0	18
NEE	6.2	1.0	0.0	1.0	0.5	2.0	1.5	2.0	2.0	0.0	1.5	1.0	1.5	1.0	1.0	2.0	2.0	0.5	2.0	18
ELV	6.0	1.5	0.0	1.0	0.0	1.0	1.0	1.0	0.5	1.5	2.0	2.0	1.5	1.5	2.0	2.0	0.5	2.0	0.5	18
AXTA	6.0	1.0	0.0	1.0	1.0	1.0	1.0	1.0	1.5	1.5	1.5	2.0	1.5	1.5	2.0	1.0	1.0	1.0	1.0	18
00857.HK	6.5	2.0	1.0	1.0	0.0	1.0	1.5	1.0	1.0	1.5	1.5	0.5	2.0	2.0	2.0	2.0	1.0	1.5	1.0	17
BA	5.0	1.5	2.0	1.0	0.0	1.0	1.0	0.0	0.5	1.0	2.0	2.0	0.0	1.0	2.0	1.0	0.0	1.5	0.5	18
NUVB	4.6	1.0	1.0	1.0	2.0	0.0	2.0	2.0	0.0	0.0	1.5	1.0	0.5	1.0	0.5	1.0	0.0	2.0	0.0	16
DCGO	4.2	1.0	1.0	1.0	0.0	0.0	0.5	1.0	0.0	1.0	0.5	1.0	2.0	1.0	2.0	1.0	0.0	2.0	0.0	16
FSTA.L	5.3	1.0	1.0	1.0	1.0	1.0	1.0	1.0	1.0	1.5	1.0	0.0	0.0	1.5	2.0	2.0	1.0	0.5	1.5	16
AVT.US	5.0	0.5	0.0	1.0	2.0	1.0	2.0	0.5	0.5	0.0	0.5	2.0	1.5	1.5	2.0	2.0	0.5	0.5	0.0	18
ABDX.L	3.9	1.0	1.0	1.0	1.0	0.0	2.0	1.5	0.0	0.0	0.5	1.0	0.0	1.0	1.5	1.0	0.0	1.5	0.0	14
GTT.PA	6.1	1.0	1.0	1.0	1.0	2.0	0.5	2.0	2.0	1.0	1.5	1.0	0.0	1.0	1.0	1.5	2.0	0.5	2.0	16
LOCO	5.6	1.5	1.0	1.0	1.0	1.0	1.0	1.0	1.0	1.5	1.0	0.5	1.5	1.5	2.0	1.0	1.0	0.5	1.0	18
VITR.ST	5.8	1.0	1.0	1.0	0.5	0.0	0.5	2.0	1.5	1.0	1.0	1.0	1.5	1.5	1.5	2.0	1.5	1.0	1.5	16
HMSO.L	6.5	1.0	1.0	1.0	1.0	2.0	2.0	2.0	2.0	0.5	1.5	0.0	0.0	1.0	0.5	2.0	2.0	2.0	2.0	16
NWSA	6.9	0.5	2.0	1.0	1.0	1.0	1.5	2.0	1.0	1.5	1.0	2.0	1.5	1.5	2.0	2.0	1.0	1.5	1.0	18
CBUS	3.3	1.0	1.0	1.0	0.0	0.5	1.0	2.0	0.0	0.0	0.5	1.0	0.5	1.0	0.0	1.0	0.0	1.5	0.0	15
OSG	5.3	1.0	2.0	1.0	0.0	0.0	2.0	2.0	0.0	2.0	0.5	1.0	2.0	0.0	2.0	1.0	0.5	2.0	0.0	16
MLYS	4.3	1.0	1.0	1.0	2.0	0.5	1.0	0.0	0.0	0.0	1.0	1.0	1.0	1.0	1.0	1.0	0.0	2.0	1.0	13
KAR.ASX	7.5	2.0	1.0	1.0	1.0	1.5	0.0	1.5	2.0	1.5	1.0	2.0	2.0	2.0	1.5	2.0	2.0	1.0	2.0	16
OSB.L	5.3	2.0	1.0	1.0	1.0	2.0	1.0	0.0	2.0	1.0	1.5	0.0	0.0	1.0	1.5	2.0	0.0	2.0	0.0	14
SLVM	5.3	1.0	2.0	1.0	0.0	1.0	1.0	1.0	0.5	0.0	1.0	2.0	1.5	2.0	2.0	0.0	1.0	1.0	1.0	18
E	6.1	2.0	0.0	1.0	1.0	1.0	1.5	1.0	1.0	0.0	1.0	2.0	1.5	1.5	2.0	2.0	1.0	1.5	1.0	17
AUB.ASX	6.4	1.5	1.0	1.0	1.0	1.0	1.0	2.0	2.0	1.0	1.5	2.0	1.5	1.5	1.5	0.0	1.5	1.0	1.0	16
INTS	3.9	1.0	1.0	1.0	0.0	0.5	1.0	0.0	0.0	0.0	1.0	1.0	1.5	1.0	1.0	1.0	0.0	2.0	1.0	11
KC	6.4	1.0	1.0	1.0	2.0	0.5	2.0	0.5	0.5	0.0	1.5	1.0	1.5	2.0	2.0	1.0	1.5	2.0	2.0	15
ALTN.L	7.1	2.0	1.0	1.0	1.0	2.0	2.0	2.0	2.0	2.0	0.5	0.0	0.0	2.0	2.0	1.0	2.0	1.0	2.0	16
HKFOODS.HE	6.1	2.0	1.0	1.0	1.0	1.0	1.0	1.0	0.5	2.0	0.5	2.0	1.5	2.0	2.0	1.0	0.5	1.5	0.5	16
PSNY	3.2	1.0	1.0	1.0	0.0	0.0	0.5	0.0	0.0	0.0	0.5	1.0	1.0	1.0	1.5	1.0	0.0	2.0	0.0	15
JPM	6.8	1.0	2.0	1.0	2.0	2.0	2.0	0.0	2.0	1.0	2.0	1.5	1.5	1.0	1.5	2.0	0.0	2.0	0.0	16
ONON	6.8	2.0	2.0	1.0	0.5	1.5	1.5	2.0	1.0	1.0	2.0	1.5	1.0	1.0	1.5	1.0	1.0	1.5	1.5	18
AXS.L	4.4	0.5	1.0	1.0	1.0	1.0	1.5	1.0	0.5	0.0	0.5	0.0	0.0	1.5	2.0	1.0	1.0	1.5	1.0	16
2359.HK	6.7	1.0	1.0	1.0	2.0	2.0	1.0	2.0	2.0	0.5	2.0	1.0	0.5	0.5	0.5	2.0	2.0	1.0	2.0	16
NICE	6.1	2.0	2.0	1.0	1.0	1.5	1.0	2.0	1.0	2.0	1.5	2.0	0.0	0.0	0.0	1.0	1.5	1.0	1.5	18
FYB.DE	4.9	1.0	1.0	1.0	2.0	0.0	2.0	1.0	0.0	1.0	1.0	1.0	2.0	0.0	1.5	1.0	1.0	1.0	0.0	13
IVR	5.7	0.0	2.0	1.0	0.0	2.0	1.0	2.0	2.0	1.0	0.5	1.5	2.0	1.0	0.0	1.0	0.0	1.5	2.0	15
WRLD	6.8	2.0	1.0	1.0	2.0	1.0	1.0	2.0	1.5	1.5	0.5	2.0	1.5	1.5	1.5	1.0	1.0	0.5	2.0	17
CMW.ASX	5.4	0.0	1.0	1.0	1.0	2.0	0.0	2.0	0.0	1.0	0.5	0.0	2.0	1.0	1.0	2.0	2.0	1.0	2.0	16
ALV.DE	6.8	0.5	1.0	1.0	0.5	1.0	1.5	1.0	1.0	1.5	1.5	1.5	1.5	2.0	2.0	2.0	1.0	2.0	2.0	17
KSS	6.4	1.5	2.0	1.0	0.0	1.0	0.5	1.5	0.5	2.0	1.5	0.0	2.0	2.0	2.0	2.0	0.5	2.0	1.0	18
ADI.US	7.4	2.0	0.0	1.0	2.0	2.0	2.0	2.0	2.0	1.0	2.0	2.0	1.0	0.5	0.5	2.0	2.0	0.5	2.0	18
0700.HK	7.5	1.5	1.0	1.0	0.5	2.0	1.5	2.0	2.0	1.0	2.0	1.0	1.5	1.5	1.0	2.0	2.0	1.5	2.0	17
GDS	6.0	0.0	2.0	1.0	0.0	2.0	1.0	1.0	1.0	0.0	1.5	0.0	1.5	2.0	1.5	1.0	2.0	2.0	2.0	18
NN6.DE	4.7	1.0	1.0	1.0	1.0	0.0	0.0	2.0	0.0	1.0	0.5	1.0	2.0	1.0	1.5	1.0	0.0	2.0	1.0	12
3606.HK	6.5	1.5	1.0	1.0	1.0	1.5	1.0	1.5	1.5	0.5	1.5	1.5	1.0	1.5	1.5	1.5	1.5	1.5	1.5	16
API	4.9	0.0	1.0	1.0	1.0	1.0	1.5	2.0	0.0	0.0	0.5	1.0	2.0	0.0	2.0	1.0	0.5	2.0	1.0	15
DEX.DE	5.8	2.0	1.0	1.0	1.0	1.0	0.5	1.0	0.5	2.0	0.5	0.5	2.0	1.5	2.0	2.0	0.5	1.5	0.5	16
00002.HK	5.7	0.0	1.0	1.0	1.0	1.5	0.5	1.0	1.5	0.5	1.0	1.5	1.5	1.5	1.5	1.5	1.5	0.5	2.0	16
GEOS	3.8	2.0	1.0	1.0	1.0	0.0	0.0	0.0	0.0	0.0	1.0	1.0	2.0	1.0	2.0	1.0	0.0	0.5	0.0	14
VCX.ASX	6.9	2.0	1.0	1.0	1.0	2.0	1.0	2.0	2.0	1.5	1.5	0.0	2.0	1.0	0.5	2.0	2.0	0.5	2.0	16
NUVA.DE	5.4	1.0	1.0	1.0	1.0	0.0	1.0	0.5	1.0	2.0	1.0	1.0	2.0	0.0	1.5	1.0	0.5	2.0	2.0	12
DCOM	6.2	0.5	0.0	1.0	1.0	2.0	1.5	0.0	2.0	1.0	1.0	2.0	1.5	1.0	2.0	2.0	0.0	2.0	2.0	16
KBX.DE	6.2	0.5	1.0	1.0	1.5	1.0	1.0	2.0	1.0	1.0	1.5	2.0	1.0	1.0	1.5	2.0	1.0	1.0	1.5	17
WPR.ASX	4.9	1.5	1.0	1.0	1.0	2.0	0.0	2.0	2.0	1.0	1.0	0.5	0.0	1.0	0.0	1.0	0.0	0.5	2.0	15
VIE.PA	6.5	2.0	1.0	1.0	1.0	1.0	1.0	0.5	0.5	2.0	1.5	2.0	1.5	1.5	2.0	1.0	1.0	2.0	1.0	16
IPN.PA	8.2	2.0	1.0	1.0	1.0	1.5	1.5	2.0	2.0	2.0	1.5	2.0	1.5	2.0	1.5	2.0	1.5	1.5	2.0	16
ONT.US	4.7	1.0	1.0	1.0	0.0	0.5	0.0	1.5	0.5	2.0	1.0	1.0	1.5	1.0	2.0	1.0	0.5	0.5	1.0	16
GTX.US	6.2	1.5	0.0	1.0	2.0	1.0	1.0	1.0	1.5	1.5	1.0	2.0	1.0	1.5	2.0	2.0	1.0	0.5	1.0	17
MCBS	6.4	1.5	1.0	1.0	1.0	2.0	2.0	0.0	2.0	1.0	0.5	1.5	1.5	1.0	1.0	2.0	0.0	2.0	2.0	15
ASC	7.4	2.0	1.0	1.0	2.0	2.0	2.0	1.5	2.0	0.0	0.5	0.0	1.5	2.0	2.0	2.0	2.0	1.0	2.0	18
PRC.PA	5.1	0.0	1.0	1.0	1.0	1.0	1.0	2.0	0.5	1.0	1.0	1.0	2.0	1.0	1.5	1.0	0.0	1.5	1.0	12
VIRC	4.7	1.0	1.0	1.0	0.0	0.5	0.5	1.5	1.0	1.0	0.5	1.0	2.0	0.0	2.0	1.5	0.5	1.0	1.0	15
HOFI.ST	6.5	1.5	1.0	1.0	1.0	2.0	2.0	2.0	2.0	1.0	0.5	1.5	1.5	1.0	1.0	2.0	0.0	0.5	2.0	14
VVV.US	5.6	1.5	0.0	1.0	0.0	1.0	2.0	1.5	1.5	0.5	1.5	2.0	0.0	1.5	1.5	1.0	1.5	0.5	1.5	18
CBK.DE	6.4	2.0	1.0	1.0	1.0	2.0	1.5	0.0	2.0	1.0	1.5	2.0	1.5	1.0	1.5	2.0	0.0	2.0	0.0	15
GOOG.24-7	6.5	1.5	1.0	1.0	1.0	2.0	2.0	2.0	2.0	0.5	1.5	0.0	0.5	0.5	1.0	2.0	2.0	1.0	2.0	17
4901.T	6.0	2.0	1.0	1.0	0.0	1.0	1.5	1.5	0.5	0.0	1.5	2.0	1.5	1.5	2.0	2.0	1.0	0.5	1.0	17
ARE	5.8	0.5	0.0	1.0	2.0	0.0	0.0	2.0	1.5	2.0	1.5	1.0	2.0	1.5	1.0	0.0	2.0	1.0	2.0	17
CARR	5.7	1.5	2.0	1.0	0.0	1.0	1.0	1.0	1.0	0.5	2.0	2.0	1.0	1.0	1.5	1.5	1.0	0.5	1.0	18
GRF.MC	7.2	2.0	1.0	1.0	2.0	1.0	0.5	1.5	1.5	2.0	1.5	2.0	1.5	1.5	1.5	2.0	1.5	1.0	1.0	17
2727.HK	6.5	0.5	1.0	1.0	1.0	1.0	2.0	0.5	0.5	2.0	1.0	1.5	2.0	2.0	2.0	2.0	0.5	2.0	1.0	16
FEML.L	6.4	2.0	1.0	1.0	1.0	2.0	1.0	2.0	2.0	2.0	1.0	1.0	0.0	1.0	1.5	2.0	0.0	0.5	2.0	12
RAND.NV	5.7	1.5	1.0	1.0	1.5	1.0	1.0	0.5	0.5	1.5	1.5	2.0	1.5	1.5	2.0	1.0	0.5	0.5	0.5	17
8830.T	5.4	0.5	1.0	1.0	2.0	0.5	1.0	0.0	2.0	1.0	1.5	2.0	1.5	1.0	1.0	2.0	0.0	0.5	1.0	14
COP	7.6	1.5	0.0	1.0	0.5	1.5	2.0	1.5	2.0	1.5	2.0	2.0	1.5	2.0	1.5	2.0	2.0	1.0	2.0	18
VOLV-B.ST	6.5	2.0	1.0	1.0	1.5	1.0	1.0	1.0	1.0	1.0	2.0	2.0	1.0	1.0	2.0	2.0	1.0	1.0	1.0	17
6103.T	7.1	2.0	1.0	1.0	2.0	1.0	1.5	1.0	1.0	1.0	1.0	2.0	1.5	1.5	2.0	2.0	1.0	2.0	1.0	15
FRP.L	6.4	1.5	1.0	1.0	1.0	1.5	2.0	1.5	1.5	1.5	1.0	0.0	0.0	2.0	2.0	2.0	1.5	1.0	1.0	16
MHPC.L	6.2	2.0	1.0	1.0	1.0	1.0	2.0	1.0	0.5	0.0	1.0	1.0	2.0	2.0	2.0	1.0	1.0	2.0	1.0	14
PXED	7.4	1.5	2.0	1.0	0.0	1.0	0.5	2.0	1.5	2.0	1.0	2.0	1.5	2.0	2.0	2.0	1.0	2.0	1.5	18
VANQ.L	3.9	1.0	1.0	1.0	1.0	1.0	0.5	0.0	0.5	1.0	0.5	0.0	0.0	1.0	0.5	1.0	0.0	2.0	2.0	14
SUN	5.1	0.0	0.0	1.0	2.0	1.0	2.0	0.5	0.5	1.5	1.0	0.5	1.5	1.5	2.0	1.0	0.5	1.0	1.0	18
6160.HK	5.1	2.0	1.0	1.0	1.0	1.5	2.0	2.0	1.5	0.5	1.5	0.0	0.5	0.0	0.0	1.0	1.0	0.5	1.5	16
ALRS	6.0	0.5	2.0	1.0	0.5	1.5	1.0	0.0	2.0	1.0	1.0	2.0	1.5	1.0	1.5	1.5	0.0	1.5	2.0	16
RDX.ASX	5.3	1.0	1.0	1.0	1.0	1.0	1.0	1.0	1.0	1.0	0.5	1.5	1.0	1.0	2.0	1.5	0.5	1.0	1.0	16
PMTS	6.1	2.0	1.0	1.0	0.0	1.0	1.5	1.0	0.5	2.0	0.5	2.0	1.0	2.0	2.0	1.0	1.0	1.0	1.5	16
KO	6.2	0.5	2.0	1.0	1.0	2.0	1.0	2.0	2.0	0.5	2.0	1.5	0.0	0.5	1.0	1.5	1.5	0.5	2.0	18
EVD.DE	6.8	1.0	1.0	1.0	2.0	1.0	1.5	1.0	1.0	1.0	1.5	1.5	1.0	1.5	2.0	2.0	1.0	2.0	1.5	17
REKR	4.3	1.0	1.0	1.0	1.0	0.0	1.0	2.0	0.0	0.0	0.5	1.0	1.5	1.0	2.0	1.0	0.0	1.5	0.0	15
DNN	2.2	0.0	1.0	1.0	0.0	0.5	0.0	0.0	0.0	0.0	0.5	1.0	0.0	1.0	0.0	1.0	0.0	2.0	0.0	16
KNSA	5.4	0.0	2.0	1.0	0.5	1.0	2.0	2.0	1.0	1.0	1.0	2.0	0.5	0.0	1.0	1.0	1.0	1.0	1.5	18
ISRLF	3.6	1.0	1.0	0.5	1.0	0.5	1.0	0.0	0.0	1.0	1.0	1.0	1.0	1.0	1.0	1.0	0.0	0.0	1.0	8
LRE.L	6.9	2.0	1.0	1.0	1.0	2.0	0.5	1.5	1.5	2.0	1.5	0.0	0.0	2.0	2.0	2.0	1.5	2.0	1.5	16
ERC.AE	4.4	1.0	1.0	1.0	1.0	0.5	2.0	0.5	0.5	0.0	1.0	1.0	1.5	0.0	2.0	1.0	0.5	1.5	0.0	13
OPTU	5.0	1.5	0.0	1.0	0.0	0.0	0.5	2.0	1.0	0.0	1.0	1.0	1.0	1.5	1.5	1.0	2.0	2.0	1.0	16
SEA.L	4.3	1.0	1.0	1.0	1.0	2.0	1.0	2.0	2.0	0.0	0.5	1.0	0.0	1.0	0.0	1.0	0.0	1.0	0.0	13
SCI	6.2	1.5	1.0	1.0	1.5	1.5	1.0	1.0	1.5	1.0	1.0	1.5	0.5	1.5	1.5	2.0	1.5	0.5	1.5	18
CCI	6.2	2.0	1.0	1.0	0.5	2.0	0.5	2.0	2.0	1.0	2.0	1.5	1.0	1.0	0.5	0.0	2.0	0.5	2.0	16
RDZN	3.9	2.0	1.0	1.0	0.0	0.0	2.0	2.0	0.0	0.0	0.5	0.0	1.0	1.0	1.5	1.0	0.0	1.0	0.0	16
BBSI	5.6	1.5	2.0	0.5	0.0	1.0	1.0	1.0	0.5	1.5	0.5	2.0	1.0	1.5	2.0	2.0	0.5	1.0	0.5	18
NAGE	4.6	1.0	0.0	1.0	0.0	1.5	0.5	2.0	0.5	0.5	1.0	0.0	1.5	1.0	2.0	1.0	0.5	2.0	0.5	18
FINV	7.1	2.0	0.0	1.0	1.0	1.5	0.5	2.0	2.0	2.0	1.0	2.0	2.0	1.0	1.0	2.0	2.0	2.0	0.5	17
LATOb.ST	5.0	1.0	1.0	1.0	1.0	2.0	1.0	1.5	1.0	0.5	0.5	1.0	1.0	0.0	1.0	2.0	1.0	0.5	1.0	15
ARCB	6.4	2.0	1.0	1.0	2.0	1.0	1.5	0.0	0.5	1.5	1.5	2.0	1.5	1.5	2.0	1.5	0.5	1.0	1.0	18
FTDR	6.4	1.0	0.0	1.0	1.5	1.5	1.0	2.0	2.0	1.5	1.0	2.0	0.0	1.5	1.5	1.0	1.5	1.5	1.5	18
THG	6.2	2.0	1.0	1.0	2.0	1.5	1.0	1.0	1.0	2.0	1.0	0.5	1.5	1.0	2.0	2.0	0.0	0.5	1.5	17
SEM.LS	6.1	2.0	1.0	1.0	1.0	2.0	0.0	1.0	0.5	1.0	0.5	2.0	2.0	2.0	2.0	0.0	1.0	2.0	1.0	14
TPRO.MI	5.4	0.0	1.0	1.0	1.0	2.0	2.0	1.5	2.0	0.5	1.0	2.0	0.0	0.0	0.0	1.0	2.0	0.5	2.0	16
CLW	4.4	0.5	1.0	1.0	2.0	0.5	0.5	0.0	0.0	0.0	0.5	1.0	2.0	0.5	2.0	1.0	0.5	2.0	1.0	17
SIRI	7.5	1.5	2.0	1.0	0.5	1.5	1.0	1.5	1.5	2.0	1.5	2.0	2.0	2.0	1.5	2.0	1.5	0.5	1.5	18
OTEX	7.8	1.5	2.0	1.0	0.0	1.5	1.0	2.0	1.5	2.0	1.5	2.0	1.5	2.0	2.0	2.0	1.5	1.5	1.5	18
CRL.MI	6.0	0.5	1.0	1.0	2.0	1.5	2.0	1.5	1.5	1.0	1.0	1.5	0.5	0.5	1.5	2.0	1.0	0.5	1.0	17
JMIA	3.8	1.0	1.0	1.0	0.5	0.0	1.5	2.0	0.0	0.0	1.0	1.0	0.0	1.0	1.5	1.0	0.0	1.0	0.0	16
LH	5.8	1.5	0.0	1.0	1.5	1.0	1.0	1.0	1.0	1.0	1.5	2.0	1.5	1.5	1.5	2.0	1.0	0.0	1.0	18
NSIS-B.CO	5.6	1.0	1.0	1.0	0.0	1.5	1.0	2.0	1.5	0.5	1.5	2.0	1.5	0.0	0.0	1.5	2.0	0.0	2.0	17
AMTX	3.8	1.0	1.0	1.0	1.5	0.0	1.5	0.5	1.0	0.0	0.5	1.0	1.0	1.0	1.5	1.0	0.0	0.0	0.0	14
RZLT	4.0	1.0	2.0	1.0	0.0	0.5	1.0	0.0	0.0	0.0	1.0	1.0	1.0	1.0	1.0	1.0	0.0	2.0	1.0	13
RR	4.9	1.0	1.0	1.0	2.0	0.0	1.5	2.0	0.0	0.0	0.5	1.0	2.0	1.0	1.5	1.0	0.0	2.0	0.0	16
MXL	4.2	2.0	0.0	1.0	2.0	0.0	2.0	2.0	0.0	0.5	1.5	1.0	0.0	1.0	0.5	1.0	0.0	0.0	0.5	17
PSDL.L	3.9	1.0	1.0	1.0	1.0	0.0	0.0	1.0	1.5	0.0	1.0	1.0	0.0	0.0	0.5	1.0	1.0	2.0	1.0	13
COA.L	6.5	2.0	1.0	1.0	1.0	1.0	1.5	1.5	1.5	2.0	1.0	0.0	0.0	2.0	2.0	2.0	1.5	1.5	1.0	16
HMC.ASX	5.3	0.0	1.0	1.0	1.0	0.0	1.0	2.0	2.0	0.0	1.5	2.0	2.0	1.0	1.0	0.0	2.0	1.5	0.0	15
7733.T	6.4	0.5	1.0	1.0	1.0	1.0	1.5	2.0	1.0	0.5	1.5	2.0	1.5	1.5	1.5	2.0	1.5	1.0	1.0	17
UPWK	7.2	2.0	1.0	1.0	0.0	1.5	0.5	2.0	1.5	2.0	1.0	2.0	1.5	2.0	2.0	1.0	1.0	2.0	2.0	18
FDX	6.7	1.5	0.0	1.0	1.0	1.0	1.5	1.0	1.0	2.0	2.0	1.5	1.5	1.5	2.0	2.0	1.0	1.5	1.0	18
SCANFL.HE	4.9	0.0	1.0	1.0	0.0	1.0	2.0	1.0	0.5	0.0	0.5	2.0	1.5	1.5	2.0	2.0	0.5	0.5	0.5	17
PPC	5.6	2.0	2.0	1.0	0.0	1.0	0.5	0.0	0.5	1.5	1.0	1.5	1.5	2.0	2.0	1.0	0.5	1.0	1.0	18
HFWA	6.1	1.0	0.0	1.0	0.5	2.0	2.0	0.0	2.0	1.0	1.0	2.0	1.5	1.0	1.5	2.0	0.0	1.5	2.0	16
TREX	6.5	1.5	2.0	1.0	2.0	1.5	1.0	1.5	1.5	0.5	1.5	1.5	1.0	1.0	1.5	1.0	1.5	0.0	2.0	18
QBTS	3.2	1.0	0.0	1.0	0.0	0.5	0.5	2.0	0.0	0.0	1.5	1.0	1.0	1.0	0.0	1.0	0.0	1.0	0.0	16
REL.L	6.1	1.5	1.0	1.0	1.0	2.0	1.0	2.0	2.0	1.5	1.5	0.0	0.0	1.0	1.0	2.0	1.5	0.0	2.0	16
LPL	5.3	0.0	1.0	1.0	0.5	0.5	1.0	0.5	0.0	2.0	0.5	1.0	2.0	2.0	2.0	1.0	1.0	2.0	1.0	16
UTI	5.6	1.0	2.0	1.0	0.0	1.0	1.0	2.0	0.5	0.0	1.0	2.0	1.5	1.0	2.0	1.0	0.5	1.5	1.0	18
NSSC	6.5	0.5	1.0	1.0	0.5	2.0	1.0	2.0	2.0	1.0	1.0	2.0	0.5	1.0	1.0	2.0	1.5	1.5	2.0	18
PEB	5.4	0.5	1.0	1.0	0.0	0.5	0.5	1.0	1.0	2.0	1.5	1.0	2.0	1.5	1.5	0.0	1.5	1.5	1.5	17
INSP	4.7	1.0	0.0	1.0	0.0	1.5	0.5	2.0	0.0	1.0	1.5	0.0	1.5	0.5	2.0	1.0	0.5	1.5	1.5	18
NAVN	4.7	1.0	0.0	1.0	1.0	0.0	2.0	2.0	0.0	1.0	1.5	1.0	1.0	1.0	1.0	1.0	0.0	1.5	1.0	16
SJ	4.7	1.0	1.0	1.0	1.0	0.0	0.5	0.5	0.5	1.0	0.5	1.0	2.0	2.0	1.0	1.0	0.0	2.0	1.0	12
GDYN	5.6	0.0	0.0	1.0	2.0	1.0	1.0	1.0	0.5	1.0	1.0	2.0	1.5	1.5	2.0	1.0	0.5	2.0	1.0	18
UPM.HE	5.0	0.0	1.0	1.0	0.0	1.0	1.0	0.5	1.0	1.5	1.5	2.0	1.5	1.5	2.0	0.0	1.0	0.5	1.0	17
5301.T	6.2	2.0	1.0	1.0	1.0	1.0	1.5	1.0	1.0	0.5	0.5	1.0	1.5	1.5	2.0	2.0	1.0	1.5	1.5	16
AXSM	3.6	1.0	1.0	1.0	0.0	0.0	2.0	2.0	0.0	0.0	2.0	1.0	0.0	1.0	0.5	1.0	0.0	0.5	0.0	16
GRK.HE	6.1	1.0	1.0	1.0	2.0	1.0	0.5	1.0	1.0	1.5	0.5	2.0	1.0	1.5	2.0	2.0	0.5	1.5	1.0	17
ALUPG.PA	5.3	1.0	1.0	1.0	1.0	0.5	1.0	1.0	0.0	2.0	1.0	1.0	2.0	1.0	2.0	1.0	0.0	2.0	0.5	13
JM.ST	3.6	1.0	1.0	1.0	2.0	0.5	0.0	0.5	0.0	0.0	0.5	1.0	2.0	0.0	1.5	0.0	0.5	1.5	0.0	16
ASPN	4.9	1.0	0.0	1.0	2.0	0.0	0.0	0.5	0.0	2.0	1.0	1.0	1.5	1.0	2.0	1.0	0.0	2.0	1.5	16
DIE.BR	4.9	0.0	1.0	1.0	1.0	1.0	0.5	1.0	0.5	1.5	1.5	2.0	0.0	0.5	2.0	2.0	0.5	0.5	1.0	16
RC	4.0	0.5	0.0	1.0	0.0	0.5	1.0	0.0	2.0	1.0	0.5	1.0	2.0	1.0	1.0	1.0	0.0	2.0	0.0	14
CMC	6.2	0.0	2.0	1.0	1.0	1.0	2.0	0.5	1.0	0.5	1.5	2.0	1.5	1.5	2.0	2.0	1.0	1.0	1.0	18
UCB.BR	7.2	1.5	1.0	1.0	1.0	2.0	2.0	2.0	2.0	1.0	1.5	1.5	1.0	1.5	1.0	2.0	2.0	0.5	1.5	16
DRR.ASX	6.1	1.5	1.0	1.0	1.0	2.0	0.0	2.0	2.0	2.0	1.5	0.5	0.0	1.5	1.0	1.0	2.0	0.0	2.0	16
JBHT	5.7	1.0	1.0	1.0	0.5	1.0	1.5	0.5	0.5	1.0	2.0	2.0	1.0	1.5	2.0	2.0	1.0	0.0	1.0	18
ITG	4.7	1.0	1.0	1.0	1.0	0.5	2.0	0.5	0.5	1.0	1.0	1.0	0.5	2.0	2.0	1.0	1.0	0.0	0.0	13
LFUS	5.8	1.0	0.0	1.0	2.0	0.5	2.0	1.5	1.5	1.0	0.5	1.0	1.0	1.0	1.5	1.5	1.5	1.0	1.5	17
LUCK	4.4	1.0	1.0	1.0	0.0	0.5	1.0	1.5	1.0	0.0	1.0	1.0	1.0	1.0	1.5	0.0	1.5	1.0	1.0	15
BREB.BR	5.8	0.5	1.0	1.0	1.0	2.0	1.0	2.0	2.0	2.0	0.5	1.0	2.0	1.0	1.0	2.0	0.0	0.0	1.0	13
LIO.L	5.6	2.0	1.0	1.0	1.0	1.0	0.0	2.0	1.0	2.0	1.0	0.0	0.0	2.0	2.0	0.0	1.0	2.0	1.0	16
ZURN.ZU	5.6	0.0	1.0	1.0	1.0	1.0	1.5	1.0	1.0	0.0	1.5	1.0	1.0	2.0	2.0	1.5	1.0	2.0	0.5	16
NWL.ASX	5.4	0.0	1.0	1.0	1.0	1.5	1.5	2.0	2.0	1.0	1.5	2.0	0.0	0.5	0.5	0.0	2.0	0.5	1.5	16
PEP	6.4	1.5	2.0	1.0	0.0	1.5	1.0	2.0	1.5	1.0	2.0	1.5	0.5	1.5	1.5	1.5	1.0	1.0	1.0	18
DDS	5.6	1.0	1.0	1.0	1.5	1.5	0.5	1.5	0.5	1.0	0.5	0.0	1.0	1.5	2.0	2.0	1.0	1.5	1.0	18
670.HK	5.4	1.5	1.0	1.0	1.0	0.5	1.5	0.0	0.0	2.0	1.5	1.0	1.0	1.0	2.0	1.0	0.5	1.5	1.5	15
JD.US	5.6	2.0	0.0	1.0	1.0	1.0	0.5	0.0	0.5	2.0	2.0	2.0	1.5	1.0	1.0	1.5	0.5	2.0	0.5	18
LONN.ZU	6.1	1.5	1.0	1.0	1.0	0.5	1.5	1.5	1.5	0.0	2.0	2.0	1.0	1.0	1.0	2.0	1.5	0.5	1.5	16
PPGN.ZU	4.9	0.0	1.0	1.0	1.0	1.0	2.0	1.0	1.0	0.0	1.0	2.0	1.0	0.5	1.5	1.0	1.0	0.5	1.0	16
ALSYDB.CO	6.2	1.0	1.0	1.0	0.0	2.0	2.0	0.0	2.0	1.0	0.5	2.0	1.5	1.0	2.0	1.5	0.0	2.0	2.0	15
PMVP	4.6	1.0	1.0	1.0	1.5	0.5	1.0	0.0	0.0	0.0	1.0	1.0	1.5	2.0	1.0	1.0	0.0	2.0	1.0	13
NRDS	7.2	2.0	1.0	1.0	2.0	1.0	1.0	2.0	0.5	2.0	1.0	2.0	1.5	2.0	2.0	1.0	1.0	1.5	1.5	18
PRU.L	6.8	1.0	1.0	1.0	1.0	2.0	0.5	1.5	2.0	2.0	1.5	0.0	0.0	2.0	2.0	2.0	2.0	2.0	1.0	16
VIO.BR	6.1	1.5	1.0	1.5	1.0	1.0	1.5	0.5	1.0	0.5	1.0	1.0	1.5	1.5	2.0	2.0	1.0	1.5	1.0	14
HEI.DE	6.9	1.5	1.0	1.0	1.5	1.0	1.0	2.0	1.0	1.0	2.0	2.0	1.5	1.5	2.0	2.0	1.0	1.0	1.0	17
SOL.ASX	5.1	0.5	1.0	1.0	1.0	2.0	1.5	2.0	0.0	0.0	0.5	0.0	1.5	1.5	1.0	2.0	2.0	1.0	0.0	16
PSH0.DE	3.5	1.0	1.0	1.0	1.0	0.5	1.0	0.0	0.0	0.0	1.0	1.0	1.0	1.0	1.0	1.0	0.0	0.0	1.0	9
MTS.MC	5.7	2.0	1.0	1.0	1.0	1.0	1.0	0.0	0.5	0.0	0.5	2.0	2.0	1.5	2.0	2.0	0.5	1.5	1.0	16
UCB	6.1	1.0	1.0	1.0	0.0	2.0	2.0	0.0	2.0	1.0	1.0	1.5	1.5	1.0	1.5	2.0	0.0	1.5	2.0	16
RTX.CO	5.7	0.5	1.0	1.0	1.0	1.0	1.0	2.0	0.5	1.5	1.0	2.0	1.5	0.5	2.0	1.0	0.5	1.5	1.0	15
CHC.ASX	6.4	0.5	1.0	1.0	1.0	2.0	0.5	2.0	2.0	1.5	1.5	2.0	1.5	1.0	0.5	2.0	2.0	0.5	0.5	16
ALNEV.PA	4.0	1.0	1.0	1.0	1.0	0.5	0.0	0.0	0.0	0.0	1.0	1.0	2.0	1.0	2.0	1.0	0.0	2.0	0.0	13
AGIO	4.6	1.0	2.0	1.0	2.0	0.5	2.0	0.0	0.0	0.0	1.0	1.0	1.5	1.0	0.5	1.0	0.0	2.0	0.0	16
HOWL	4.4	1.0	1.0	1.0	1.0	0.0	1.0	0.0	2.0	0.0	0.5	1.0	1.5	1.0	2.0	1.0	0.0	2.0	0.0	14
DIA.L	4.7	2.0	1.0	1.0	1.0	1.0	0.0	1.5	0.5	2.0	0.5	0.0	0.0	1.0	2.0	1.0	0.5	0.5	1.5	16
C3R.DE	4.4	1.0	1.0	1.0	1.0	0.0	0.0	0.5	0.0	2.0	0.5	1.0	2.0	1.0	2.0	1.0	0.0	2.0	0.0	14
BP.US	6.9	2.0	1.0	1.0	2.0	1.0	2.0	1.0	1.0	2.0	1.5	2.0	0.5	1.5	1.5	1.0	1.0	2.0	1.0	18
ASH	5.7	1.5	0.0	1.0	0.0	1.0	1.0	1.0	1.0	2.0	1.5	2.0	1.5	1.5	1.5	0.0	1.0	1.5	1.5	18
02269.HK	6.9	2.0	1.0	1.0	1.0	2.0	1.5	1.5	2.0	0.5	2.0	2.0	1.0	0.5	1.0	1.0	2.0	1.0	2.0	16
WMB	6.1	1.0	2.0	1.0	0.5	2.0	1.0	2.0	2.0	0.0	2.0	1.0	0.5	1.0	1.0	1.0	2.0	0.0	2.0	18
SLGN	6.8	2.0	2.0	1.0	0.5	1.0	1.0	0.5	1.0	2.0	1.5	2.0	1.5	1.5	2.0	2.0	1.0	1.0	1.0	18
3996.HK	5.8	2.0	1.0	1.0	1.0	1.0	0.5	0.5	0.5	0.0	1.0	2.0	2.0	1.5	2.0	2.0	0.5	2.0	0.5	15
UNFI	5.1	1.5	0.0	1.0	1.0	1.0	0.5	0.5	0.5	2.0	1.0	2.0	1.5	1.5	2.0	1.0	0.5	0.5	0.5	18
VBK.DE	5.3	0.0	1.0	1.0	1.0	1.0	2.0	0.5	1.0	1.0	0.5	2.0	1.5	1.5	2.0	1.0	0.5	0.5	1.0	16
WWW	7.2	1.0	2.0	1.0	2.0	1.0	1.0	1.5	1.0	2.0	1.5	2.0	1.0	1.5	2.0	2.0	1.0	1.5	1.0	18
ABEV	7.1	1.0	0.0	1.0	0.0	1.5	1.0	2.0	1.5	2.0	1.5	1.5	1.5	2.0	2.0	1.5	1.5	2.0	2.0	18
RBRK	5.3	1.0	1.0	1.0	2.0	0.0	2.0	2.0	0.0	1.0	2.0	1.0	1.0	1.0	0.5	1.0	0.0	1.0	1.5	15
SPI.L	5.0	0.0	1.0	1.0	1.0	1.0	1.0	1.5	1.0	1.5	0.5	0.0	0.0	1.5	2.0	2.0	1.0	0.5	1.5	16
HUSCO.CO	5.0	1.0	1.0	1.0	1.0	0.5	1.5	0.5	0.5	1.5	0.5	1.0	2.0	0.0	2.0	1.0	0.5	2.0	0.5	14
NVDA.24-7	7.2	2.0	1.0	1.0	2.0	2.0	2.0	2.0	2.0	0.5	2.0	2.0	0.0	0.5	0.5	2.0	2.0	0.5	2.0	17
TBN	3.9	1.0	1.0	1.0	0.0	0.5	1.0	0.0	0.0	0.0	1.0	1.0	1.5	1.0	1.0	1.0	0.0	2.0	1.0	13
METCB	4.2	1.0	1.0	1.0	1.0	0.0	0.5	0.5	0.0	0.0	1.0	1.0	2.0	1.0	2.0	1.0	0.0	2.0	0.0	13
DAR	6.2	0.0	2.0	1.0	2.0	1.0	1.5	1.0	1.0	1.0	1.5	2.0	1.5	1.5	1.5	1.0	1.0	0.5	1.5	18
TNGX	3.3	1.0	2.0	1.0	0.0	0.0	1.0	0.0	0.0	0.0	1.5	1.0	0.5	1.0	0.0	1.0	0.0	2.0	0.0	15
BPE.MI	6.8	2.0	1.0	1.0	1.5	2.0	2.0	0.0	2.0	1.0	1.5	1.5	1.5	1.0	1.0	1.5	0.0	2.0	2.0	15
STAG	6.0	0.0	2.0	1.0	1.0	2.0	1.0	2.0	2.0	1.5	1.5	0.0	1.5	1.0	0.5	0.0	2.0	0.5	2.0	17
HRB	6.8	2.0	0.0	1.0	1.0	1.5	1.0	1.5	2.0	2.0	0.5	1.5	0.0	2.0	2.0	2.0	1.5	1.5	1.5	18
SGM.ASX	5.8	2.0	1.0	1.0	1.0	1.0	1.0	0.5	0.5	1.0	1.5	2.0	1.5	1.0	2.0	2.0	0.5	0.5	1.0	15
ORANY	6.9	2.0	1.0	1.0	1.0	1.0	1.0	1.5	1.0	2.0	0.5	0.5	1.5	2.0	1.5	2.0	1.5	2.0	2.0	16
SGI	5.8	2.0	2.0	1.0	0.0	1.0	0.5	1.5	1.0	1.5	1.0	2.0	1.0	1.0	1.5	2.0	1.0	0.0	1.0	18
EFOR	6.9	2.0	2.0	1.0	2.0	1.0	0.5	1.0	0.5	2.0	1.0	2.0	2.0	2.0	2.0	1.0	0.5	1.5	1.0	18
PCOR	5.3	1.0	1.0	1.0	0.5	0.5	1.5	2.0	0.5	1.0	2.0	1.0	1.0	0.0	1.5	1.0	0.5	1.0	2.0	16
NVCT	3.6	1.0	1.0	1.0	2.0	0.5	1.0	0.0	0.0	0.0	1.0	1.0	0.0	1.0	1.0	1.0	0.0	0.5	1.0	11
OPRT	6.2	1.0	2.0	1.0	0.5	1.0	1.0	2.0	1.0	1.0	0.5	2.0	2.0	1.0	1.5	1.0	0.0	2.0	2.0	16
ECONB.BR	6.2	1.5	1.0	1.0	1.0	1.0	0.5	0.5	0.5	2.0	0.5	2.0	2.0	2.0	2.0	2.0	0.5	2.0	0.5	16
6952.T	6.5	2.0	1.0	1.0	1.0	1.0	1.5	1.5	1.5	1.0	1.0	0.0	1.5	1.5	2.0	2.0	1.0	2.0	1.0	14
GYC.DE	7.6	2.0	1.0	1.0	1.0	2.0	1.0	2.0	2.0	2.0	1.5	0.0	2.0	1.0	1.0	2.0	2.0	2.0	2.0	16
ZEPP	5.0	1.0	1.0	1.0	1.0	0.0	1.0	1.5	0.0	1.0	0.5	1.0	2.0	1.0	2.0	1.0	0.0	2.0	1.0	12
OPENW	3.6	1.0	1.0	1.0	1.0	0.0	0.0	0.0	0.0	1.0	1.0	1.0	2.0	1.0	1.0	1.0	0.0	1.0	0.0	8
7012.T	5.7	1.5	1.0	1.0	1.0	1.0	1.5	0.5	0.5	0.0	1.5	2.0	1.5	1.5	2.0	2.0	0.5	0.5	1.0	17
TROX	4.2	1.0	0.0	1.0	0.0	0.0	1.5	0.0	0.0	0.0	1.0	1.0	2.0	0.5	2.0	2.0	0.5	2.0	0.5	16
INTR	6.2	2.0	1.0	1.0	0.0	2.0	2.0	0.0	2.0	1.0	1.5	2.0	1.5	1.0	1.5	2.0	0.0	2.0	0.0	15
AVA	5.8	1.0	2.0	1.0	0.0	1.5	1.0	2.0	1.0	0.0	1.0	1.0	1.5	1.5	1.5	1.5	1.5	0.0	2.0	18
TBI	5.0	2.0	2.0	1.0	2.0	0.5	1.5	1.0	0.5	0.0	0.5	1.0	1.5	0.0	2.0	1.0	0.5	1.0	0.0	17
BXB.ASX	5.8	0.5	1.0	1.0	1.0	1.5	1.0	1.5	1.5	1.0	1.5	0.5	1.0	1.5	1.5	1.5	1.5	0.0	2.0	15
PLSE	2.8	1.0	1.0	1.0	1.0	0.5	1.0	0.0	0.0	0.0	1.0	1.0	0.0	1.0	0.0	1.0	0.0	0.5	0.0	15
BNGO	5.6	1.0	1.0	1.0	2.0	0.0	2.0	1.5	0.0	2.0	0.5	1.0	2.0	1.0	2.0	1.0	0.0	2.0	0.0	15
WTS	5.7	0.5	0.0	1.0	2.0	1.5	1.5	1.5	1.5	0.5	1.0	1.5	1.0	0.5	1.5	2.0	1.5	0.5	1.0	18
ARGX.BR	6.2	1.5	1.0	1.0	0.0	2.0	2.0	2.0	2.0	0.5	1.5	2.0	0.5	0.5	1.0	1.0	1.5	1.0	1.5	17
VLRS	4.9	0.0	0.0	1.0	0.0	0.5	2.0	1.0	0.0	2.0	1.5	1.0	0.0	1.0	2.0	1.0	0.5	2.0	2.0	17
ABG	6.0	2.0	1.0	1.0	1.5	1.0	1.0	0.5	0.5	2.0	1.5	1.5	2.0	1.5	2.0	1.0	0.5	0.5	0.5	18
EXK	6.1	0.0	2.0	1.0	0.0	1.0	2.0	1.5	2.0	1.0	0.5	2.0	1.0	1.5	1.5	1.0	2.0	1.0	1.0	18
SF3.DE	6.7	2.0	1.0	1.0	1.0	1.0	1.5	1.5	0.5	2.0	0.5	0.0	2.0	2.0	2.0	2.0	0.5	2.0	1.5	16
DTM	6.1	0.5	0.0	1.0	0.5	2.0	1.5	2.0	2.0	0.5	1.5	1.5	1.5	1.0	0.5	1.5	2.0	0.5	2.0	18
IBEX	6.1	1.5	2.0	1.0	1.5	1.0	1.5	1.0	0.5	1.0	0.5	2.0	1.0	1.5	2.0	1.0	1.0	1.0	1.0	18
SB1.DE	4.3	1.0	1.0	1.0	1.0	0.0	1.0	1.5	0.0	1.0	0.5	1.0	1.0	0.0	2.0	1.0	0.5	1.5	0.5	14
HBAN	6.8	1.0	2.0	1.0	0.0	2.0	2.0	0.0	2.0	1.0	1.5	2.0	1.5	1.0	1.5	2.0	0.0	2.0	2.0	16
RKH.L	4.0	2.0	1.0	1.0	1.0	0.5	1.0	0.0	0.0	2.0	0.5	1.0	0.0	1.0	1.0	1.0	0.0	0.5	1.0	12
WHA.NV	6.8	0.0	1.0	1.0	1.0	2.0	1.0	2.0	2.0	2.0	1.0	2.0	2.0	1.0	1.0	1.0	2.0	0.5	2.0	16
CRSU.PA	5.8	2.0	1.0	1.0	1.0	2.0	1.0	0.0	2.0	1.0	1.0	1.0	2.0	1.0	1.5	2.0	0.0	1.5	0.0	12
VITL	3.9	1.0	2.0	1.0	0.0	1.0	0.0	1.0	0.0	0.0	1.0	1.0	1.5	0.0	2.0	1.0	0.5	1.0	0.0	16
STORYb.ST	6.4	1.0	1.0	1.0	2.0	1.5	1.5	1.5	1.0	1.0	1.0	1.0	1.0	1.5	1.5	2.0	1.0	1.0	1.5	17
WF	6.7	0.5	1.0	1.0	1.5	2.0	2.0	0.0	2.0	1.0	0.5	2.0	2.0	1.0	1.5	2.0	0.0	2.0	2.0	15
SIGI	6.2	2.0	0.0	1.0	0.5	1.0	1.0	1.0	1.0	2.0	1.0	1.5	1.5	1.5	2.0	2.0	1.0	1.0	1.5	18
FFBC	6.1	1.5	0.0	1.0	0.5	2.0	1.5	0.0	2.0	1.0	1.0	1.5	1.5	1.0	1.5	2.0	0.0	2.0	2.0	16
TW.L	5.0	2.0	1.0	1.0	1.0	1.0	1.0	0.5	0.5	2.0	2.0	0.0	0.0	2.0	2.0	0.0	0.5	1.0	0.5	16
VAU.ASX	7.8	1.5	1.0	1.0	1.0	1.5	2.0	1.5	2.0	1.5	1.0	2.0	1.0	2.0	1.5	2.0	2.0	1.5	2.0	16
GEVO	4.7	1.0	1.0	1.0	2.0	0.0	1.0	1.5	0.0	1.5	0.5	1.0	1.5	1.0	1.5	1.0	0.0	1.5	0.0	15
FABG.ST	6.0	0.0	1.0	1.0	0.0	1.5	1.5	2.0	2.0	2.0	1.5	2.0	2.0	0.5	0.5	0.0	2.0	0.0	2.0	17
IMCR	4.3	1.0	1.0	1.0	0.0	0.5	1.5	1.0	0.0	1.0	1.5	1.0	1.0	0.0	1.5	1.0	0.5	2.0	0.0	16
ECL	5.7	0.5	1.0	1.0	0.0	1.5	1.0	1.5	1.5	0.5	2.0	2.0	0.5	0.5	1.0	2.0	1.5	1.0	1.5	18
5714.T	6.1	2.0	1.0	1.0	1.0	1.0	2.0	0.5	1.0	1.0	1.0	0.0	1.5	2.0	2.0	2.0	1.0	1.0	1.0	14
GFT.DE	5.8	1.0	1.0	1.0	1.0	1.0	1.0	0.5	0.5	1.5	1.0	2.0	1.5	1.5	2.0	2.0	0.5	1.0	1.0	16
DIS	6.5	0.5	2.0	1.0	0.0	1.0	1.0	1.5	1.5	1.0	2.0	2.0	1.5	1.5	1.5	2.0	1.5	0.5	1.5	18
AFCG	4.9	1.0	1.0	1.0	0.0	0.0	1.0	2.0	2.0	1.0	0.5	2.0	2.0	1.0	1.0	0.0	0.0	2.0	0.0	14
GUBRA.CO	3.5	1.0	1.0	1.0	1.0	0.0	0.0	2.0	0.0	0.0	0.5	1.0	1.0	1.0	0.5	1.0	0.0	1.5	0.0	14
9433.T	6.4	1.0	1.0	1.0	0.5	1.5	1.0	1.5	1.5	2.0	1.5	0.0	1.5	1.5	1.5	2.0	1.5	1.0	1.5	17
KMI	6.5	0.5	1.0	1.0	1.5	1.5	1.5	1.5	2.0	0.5	2.0	1.0	1.5	1.5	1.0	1.5	2.0	0.0	2.0	18
MIDD.US	5.8	1.0	1.0	1.0	0.0	0.0	1.0	1.5	1.5	2.0	1.0	1.5	1.5	1.5	2.0	1.0	1.5	0.5	1.5	18
BRX	5.8	1.0	0.0	1.0	0.0	2.0	1.0	2.0	2.0	1.5	1.5	0.0	1.5	1.0	1.0	1.0	2.0	0.5	2.0	18
TGTX	5.0	1.0	2.0	1.0	0.0	2.0	2.0	2.0	1.0	0.5	1.0	1.5	0.0	0.0	0.5	1.0	1.0	1.0	0.5	18
KBC.BR	5.7	0.0	1.0	1.0	1.5	2.0	1.0	0.0	2.0	1.0	2.0	2.0	1.5	1.0	1.5	2.0	0.0	1.0	0.0	14
TGLS	6.0	2.0	0.0	1.0	0.0	1.5	1.5	1.5	1.0	0.0	0.5	1.5	1.5	2.0	2.0	2.0	1.5	1.0	1.0	18
WLFC	7.6	2.0	1.0	1.0	2.0	1.5	1.0	2.0	2.0	2.0	0.5	2.0	1.5	1.5	1.5	2.0	2.0	0.0	2.0	18
UCG.MI	6.5	2.0	1.0	1.0	1.5	2.0	0.5	0.0	2.0	1.0	1.5	1.5	1.5	1.0	1.0	2.0	0.0	2.0	2.0	15
AU	7.8	2.0	1.0	1.0	0.0	2.0	2.0	2.0	2.0	2.0	1.0	2.0	1.0	2.0	1.5	1.5	2.0	1.0	2.0	18
DNUT	4.6	1.0	0.0	1.0	2.0	0.5	0.0	1.0	0.0	1.0	1.0	1.0	2.0	1.0	2.0	1.0	0.5	0.5	1.0	16
GSK.L	5.7	0.0	1.0	1.0	0.0	1.5	1.0	2.0	2.0	1.0	2.0	0.0	0.0	1.5	1.5	2.0	1.5	0.5	2.0	17
ADUS	6.4	2.0	1.0	1.0	1.5	1.0	1.0	1.0	1.0	1.5	1.5	2.0	1.5	1.5	2.0	1.0	1.0	0.5	1.0	18
823.HK	6.0	0.0	1.0	1.0	1.0	0.0	0.5	2.0	2.0	1.5	1.5	1.0	2.0	1.0	0.5	2.0	2.0	0.5	2.0	15
RENE.LS	6.1	0.0	1.0	1.0	1.0	1.5	2.0	2.0	1.5	0.5	1.0	0.0	1.5	1.5	1.5	2.0	2.0	0.0	2.0	16
VMI	5.0	2.0	0.0	1.0	0.5	1.5	1.0	1.0	1.0	0.5	0.5	1.0	1.0	1.0	1.5	2.0	1.0	0.5	1.0	18
DVP.ASX	5.4	1.0	1.0	1.0	1.0	2.0	2.0	2.0	0.0	0.0	0.5	2.0	1.5	1.0	1.0	1.0	0.0	1.5	1.0	16
ARB.ASX	6.0	0.5	1.0	1.0	1.0	1.5	0.5	2.0	1.5	1.0	1.5	1.5	1.5	1.5	1.5	1.5	1.0	0.5	1.0	16
ALFLE.PA	5.0	1.0	1.0	1.0	1.0	1.0	1.0	1.5	0.5	1.0	0.5	0.0	2.0	1.0	1.0	2.0	0.5	1.0	1.0	11
8802.T	5.8	1.0	1.0	1.0	0.0	1.5	2.0	1.0	1.5	1.0	1.5	0.0	1.5	1.0	1.5	2.0	1.5	1.0	1.0	15
ETL.PA	6.8	1.0	1.0	1.0	1.0	0.0	1.0	2.0	0.5	2.0	1.5	1.0	2.0	2.0	1.5	1.0	2.0	2.0	2.0	15
KNIN.ZU	5.1	1.0	1.0	1.0	2.0	1.0	1.0	1.5	0.5	0.5	1.5	2.0	0.0	0.5	2.0	1.0	0.5	0.5	1.0	17
JILL	6.7	1.5	2.0	1.0	0.0	1.0	1.0	2.0	0.5	2.0	0.5	2.0	1.5	1.5	2.0	2.0	0.5	2.0	1.0	18
ORCL	7.5	2.0	2.0	1.0	1.0	2.0	2.0	2.0	2.0	0.0	2.0	2.0	0.0	1.0	1.0	2.0	2.0	1.0	2.0	18
5101.T	6.7	1.5	1.0	1.0	1.0	1.5	1.5	1.5	1.5	0.0	1.5	0.0	2.0	2.0	2.0	2.0	1.5	1.5	1.0	16
CAJPY	6.4	0.5	1.0	1.0	1.0	1.0	1.0	1.5	1.0	2.0	1.0	0.5	1.5	2.0	2.0	2.0	1.0	2.0	1.0	15
CPINV.BR	6.5	2.0	1.0	1.0	1.0	2.0	1.5	2.0	2.0	1.0	1.0	0.0	2.0	1.0	0.5	1.5	2.0	0.0	2.0	16
GLOB	6.5	2.0	2.0	1.0	0.0	1.0	0.5	1.0	0.5	1.0	2.0	2.0	2.0	2.0	2.0	1.0	1.0	1.5	1.0	16
GALP.LS	7.5	2.0	1.0	1.0	2.0	1.0	2.0	1.0	1.5	2.0	1.5	1.5	1.0	2.0	2.0	2.0	1.0	1.5	1.0	17
BANC	6.4	1.5	2.0	1.0	1.5	0.5	1.0	0.0	2.0	1.0	1.5	1.0	2.0	1.0	1.0	2.0	0.0	2.0	2.0	14
FOXF	4.9	1.0	2.0	1.0	0.0	0.0	0.5	1.0	0.5	1.5	1.0	1.0	1.5	1.5	2.0	1.0	0.5	1.0	0.5	17
NTSK	5.0	1.0	2.0	1.0	2.0	0.0	2.0	2.0	0.0	1.0	1.5	1.0	0.0	1.0	1.0	1.0	0.0	1.5	0.0	16
XPON	4.0	1.0	1.0	1.0	1.0	0.0	0.0	0.5	0.0	0.0	1.0	1.0	2.0	1.0	2.0	1.0	0.0	2.0	0.0	13
TESB.BR	5.4	2.0	1.0	1.0	1.0	0.5	1.0	0.5	0.5	1.5	0.5	1.0	2.0	2.0	2.0	0.0	0.5	1.5	1.0	15
ADBE	8.3	2.0	2.0	1.0	2.0	2.0	1.5	2.0	2.0	2.0	2.0	2.0	0.5	1.5	1.5	1.0	2.0	1.0	2.0	18
EDN	5.1	0.0	1.0	1.0	1.0	1.0	1.5	1.0	0.5	0.0	0.5	0.0	2.0	2.0	2.0	1.0	1.0	2.0	1.0	16
ALORD.PA	5.4	1.0	1.0	1.0	1.0	0.5	2.0	1.0	0.0	1.0	1.0	1.0	2.0	0.5	2.0	1.0	0.5	2.0	1.0	11
HTRO.ST	5.6	0.0	1.0	1.0	2.0	1.0	1.5	1.5	1.0	1.0	0.5	2.0	1.5	0.5	2.0	1.0	0.5	1.0	1.0	17
8252.T	6.1	2.0	1.0	1.0	1.0	1.5	1.0	2.0	1.5	1.0	1.0	1.0	1.5	1.0	1.5	1.0	1.5	1.5	0.0	15
AIN	5.4	1.5	2.0	1.0	2.0	0.5	1.0	1.0	1.0	0.5	0.5	1.0	1.5	0.0	2.0	2.0	0.5	0.5	1.0	17
CWH	4.9	1.0	1.0	1.0	0.0	0.5	0.5	1.0	0.5	2.0	1.5	1.0	1.5	1.0	2.0	0.0	0.5	2.0	0.5	16
SSRM	7.8	2.0	2.0	1.0	0.0	1.5	1.0	2.0	2.0	1.5	1.0	2.0	1.5	2.0	1.5	1.0	2.0	2.0	2.0	18
POET	4.0	1.0	1.0	1.0	0.0	0.5	2.0	2.0	0.0	0.0	0.5	1.0	1.5	1.0	0.0	1.0	0.0	2.0	0.0	15
SMPL	5.8	1.0	2.0	1.0	0.0	0.0	0.5	1.0	1.0	2.0	1.0	1.0	2.0	2.0	2.0	1.0	1.0	1.5	1.0	17
AZUL	4.7	1.5	1.0	1.0	1.0	1.0	1.0	1.0	0.0	0.0	0.5	1.0	1.0	1.5	2.0	1.0	0.5	2.0	0.0	14
HLLY	7.2	2.0	0.0	1.0	2.0	1.0	1.0	1.5	1.5	2.0	1.0	2.0	2.0	2.0	2.0	1.0	1.0	2.0	1.0	18
III.L	6.7	2.0	1.0	1.0	1.0	2.0	0.0	2.0	2.0	2.0	1.5	0.0	0.0	2.0	1.5	2.0	2.0	0.5	1.5	16
CDLR	6.8	2.0	1.0	1.0	1.0	2.0	2.0	1.5	2.0	0.0	0.5	1.0	1.5	1.5	1.5	1.0	2.0	1.0	2.0	15
AVGO.EUR	7.1	2.0	2.0	1.0	1.0	2.0	2.0	2.0	2.0	0.5	2.0	2.0	0.0	0.0	0.5	2.0	2.0	0.5	2.0	18
KE	5.7	1.5	0.0	1.0	2.0	1.0	0.5	0.0	0.5	2.0	0.5	2.0	1.5	2.0	2.0	1.0	0.5	1.5	1.0	18
VNO	5.4	0.0	1.0	1.0	0.0	1.0	1.0	1.5	1.0	1.5	1.5	2.0	1.5	0.5	1.0	0.0	2.0	1.5	1.5	18
5401.T	6.0	0.5	1.0	1.0	2.0	1.0	2.0	0.5	0.5	1.0	1.0	2.0	2.0	1.5	2.0	0.0	1.0	1.5	1.0	15
ROR.L	5.1	0.5	1.0	1.0	1.0	1.5	0.5	2.0	1.5	1.0	1.0	0.0	0.0	1.0	1.0	2.0	1.5	0.5	1.5	16
QNT.US	4.4	1.0	1.0	1.0	1.0	0.5	2.0	1.5	0.0	1.0	1.5	1.0	1.0	1.0	0.0	1.0	0.0	1.5	0.0	13
SPG	5.4	0.0	0.0	1.0	1.0	2.0	1.5	2.0	2.0	1.0	1.5	0.0	0.0	1.0	0.5	1.5	2.0	0.5	2.0	18
0902.HK	6.1	2.0	1.0	1.0	1.0	1.0	0.5	0.5	1.0	0.0	1.5	1.0	1.5	1.5	1.5	1.5	1.5	2.0	2.0	16
BHVN	4.3	1.0	2.0	1.0	2.0	0.5	1.0	0.0	0.0	0.0	1.5	1.0	0.0	1.0	1.0	1.0	0.0	1.5	1.0	13
ALFPC.PA	5.1	1.0	1.0	1.0	1.0	1.0	0.0	2.0	0.5	0.0	0.5	1.0	2.0	2.0	2.0	0.0	0.5	2.0	1.0	14
IAG.L	6.2	0.5	1.0	1.0	2.0	1.0	1.0	1.5	1.0	1.5	1.5	0.0	0.0	2.0	2.0	2.0	1.0	2.0	1.5	17
FSJ.L	5.4	1.0	1.0	1.0	1.0	0.5	1.0	1.0	0.5	2.0	1.0	1.0	0.0	1.5	2.0	1.0	1.0	2.0	1.0	14
TEN.MI	6.5	0.5	1.0	1.0	0.0	1.5	0.5	1.5	1.5	1.0	1.5	2.0	1.5	1.5	2.0	2.0	1.5	1.5	1.5	17
6724.T	6.2	2.0	1.0	1.0	1.0	1.0	1.5	1.5	0.5	1.0	1.0	2.0	1.5	2.0	2.0	0.0	0.5	2.0	1.0	16
IBST.L	4.3	2.0	1.0	1.0	1.0	0.5	0.0	1.0	0.5	0.0	1.5	1.0	0.0	1.5	2.0	0.0	1.0	0.5	1.0	15
KTOS	5.0	0.0	2.0	1.0	1.0	1.0	2.0	1.0	0.0	0.0	2.0	2.0	1.5	0.0	1.5	1.0	0.5	1.5	0.0	18
AGM	6.9	2.0	0.0	1.0	2.0	2.0	2.0	2.0	2.0	1.0	0.5	2.0	1.5	1.0	0.0	2.0	0.0	2.0	2.0	16
SVRA	3.8	1.0	2.0	0.5	0.5	0.5	1.0	0.0	0.0	0.0	1.0	1.0	0.5	1.0	1.0	1.0	0.0	1.5	1.0	13
AORT	5.0	0.0	2.0	1.0	0.0	0.5	1.5	2.0	1.0	0.5	1.0	1.0	1.5	0.5	1.5	1.0	1.0	1.0	1.0	17
ALBFR.PA	5.3	0.5	1.0	1.0	1.0	1.5	1.5	0.5	1.0	2.0	0.5	2.0	1.0	0.0	1.5	1.0	1.0	1.0	1.0	16
M5S.DE	4.2	1.0	1.0	0.5	1.0	0.0	2.0	0.0	0.0	0.0	1.0	1.0	2.0	1.0	1.5	1.0	0.0	2.0	0.0	12
IMMX	3.8	1.0	1.0	1.0	0.0	0.5	1.0	0.0	0.0	0.0	1.0	1.0	1.0	1.0	1.0	1.0	0.0	2.0	1.0	12
MSFT	7.2	1.0	2.0	1.0	1.5	2.0	1.5	2.0	2.0	0.5	2.0	2.0	0.5	1.0	0.5	2.0	2.0	0.5	2.0	18
DNL.ASX	6.0	0.0	1.0	1.0	1.0	0.5	1.0	2.0	1.0	2.0	1.5	2.0	1.5	1.5	1.5	1.0	1.5	0.5	1.0	16
NDX1.DE	6.2	1.0	1.0	1.0	2.0	1.0	1.5	1.0	1.0	1.0	1.5	2.0	0.5	1.5	2.0	1.0	0.5	2.0	1.0	17
RIO.L	6.2	0.0	1.0	1.0	1.0	1.5	1.5	1.0	2.0	1.0	2.0	0.0	0.0	2.0	1.5	2.0	2.0	1.0	2.0	16
CNR	5.3	0.0	0.0	1.0	0.0	1.0	1.0	0.5	0.5	1.5	0.5	2.0	1.5	2.0	2.0	2.0	1.0	1.5	1.0	18
ACAD	5.7	0.0	1.0	1.0	2.0	2.0	1.5	2.0	1.0	0.5	1.5	0.0	1.5	0.5	1.5	1.0	0.5	2.0	1.0	18
CVGI	5.7	1.5	0.0	1.0	2.0	0.5	1.5	0.5	0.5	2.0	0.5	1.0	2.0	1.5	2.0	1.0	0.5	2.0	0.5	17
RCUS	2.6	1.0	0.0	1.0	0.0	0.5	0.0	0.0	0.0	0.0	1.5	1.0	0.5	1.0	0.0	1.0	0.0	2.0	0.0	16
EGBN	5.0	1.0	0.0	1.0	0.0	0.0	1.0	0.0	1.5	1.0	1.0	1.0	2.0	1.0	1.5	2.0	0.0	2.0	2.0	14
CNMD	6.7	1.0	2.0	1.0	0.5	1.0	1.0	2.0	1.0	2.0	1.0	2.0	1.5	1.5	2.0	2.0	1.0	0.5	1.0	18
CAP.DE	4.4	1.0	1.0	1.0	1.0	0.5	0.0	2.0	0.0	1.0	1.0	1.0	0.0	1.0	1.5	1.0	0.0	2.0	1.0	10
CHE	5.8	1.0	1.0	1.0	2.0	1.5	1.0	1.0	1.0	1.0	1.0	2.0	0.5	1.0	1.5	2.0	1.0	0.0	1.5	17
XFAB.PA	5.1	0.0	1.0	1.0	1.0	1.0	0.5	0.5	0.0	0.0	1.0	2.0	2.0	2.0	2.0	1.0	1.0	1.5	1.0	16
STAR.L	5.6	1.0	1.0	1.0	1.0	0.5	2.0	1.5	0.5	0.0	1.0	1.0	0.0	2.0	2.0	1.0	1.0	2.0	1.5	13
LGN	4.7	1.0	0.0	1.0	2.0	0.5	2.0	0.5	0.5	1.0	1.5	1.0	0.5	0.5	2.0	1.0	0.5	0.5	1.0	16
ACVA	4.6	1.0	1.0	1.0	1.5	0.5	1.5	1.0	0.0	0.5	1.0	1.0	1.0	1.0	1.5	1.0	0.0	1.5	0.5	15
PRAX	4.2	1.0	1.0	1.0	2.0	0.5	1.0	0.0	0.0	0.0	1.5	1.0	1.0	1.0	1.0	1.0	0.0	1.0	1.0	13
CMPX	3.8	1.0	0.0	1.0	0.0	0.5	1.0	0.0	0.0	0.0	1.5	1.0	1.5	1.0	1.0	1.0	0.0	2.0	1.0	13
ALHPI.PA	6.8	2.0	1.0	1.0	1.0	2.0	2.0	2.0	0.0	1.0	1.0	1.0	1.0	2.0	2.0	1.0	1.5	2.0	1.0	11
POWW	7.2	0.0	2.0	1.0	2.0	1.5	2.0	2.0	1.5	1.0	0.5	1.0	1.5	1.5	1.5	1.0	2.0	2.0	2.0	17
KNX	6.1	2.0	0.0	1.0	2.0	1.0	1.5	1.0	0.5	1.0	2.0	2.0	1.5	1.5	2.0	0.0	1.0	0.5	1.5	18
G.MI	6.4	0.0	1.0	1.0	1.0	1.0	1.0	1.0	1.0	1.5	1.5	1.5	1.5	1.5	2.0	2.0	1.0	1.5	2.0	16
GKOS	3.9	1.0	0.0	1.0	2.0	0.0	2.0	2.0	0.0	0.5	1.5	1.0	0.0	1.0	0.5	1.0	0.0	0.5	0.0	16
DDR.ASX	4.6	0.5	1.0	1.0	1.0	1.0	1.5	0.5	0.5	1.0	1.0	1.5	0.0	1.0	2.0	1.5	0.5	0.5	0.5	16
ALTO	5.0	2.0	1.0	1.0	0.0	1.0	1.5	0.0	0.5	1.5	0.5	0.0	1.5	2.0	2.0	1.0	0.5	1.0	1.0	17
UGI	4.7	0.0	0.0	1.0	0.0	1.0	0.5	2.0	0.0	0.0	0.5	1.5	1.5	1.5	2.0	2.0	1.5	1.0	1.0	18
FOBANK.CO	5.8	1.5	1.0	1.0	1.0	2.0	0.0	0.0	2.0	1.0	1.0	0.5	1.5	1.0	2.0	1.5	0.0	2.0	2.0	13
ABEO.PA	6.0	2.0	1.0	1.0	1.0	1.0	1.5	2.0	0.5	0.0	0.5	2.0	2.0	1.0	1.0	2.0	1.0	1.0	1.0	13
LTH	6.5	1.0	2.0	1.0	1.5	1.5	1.5	1.5	1.5	0.0	1.5	1.5	1.5	1.0	1.5	1.0	1.5	0.5	2.0	18
SOLARb.CO	4.7	0.5	1.0	1.0	1.0	1.0	1.5	0.5	0.0	0.0	0.5	2.0	2.0	1.0	2.0	1.0	0.5	1.0	0.5	16
ALFOR.PA	4.2	1.0	1.0	1.0	1.0	0.0	0.0	1.0	0.0	0.0	0.5	1.0	2.0	1.0	2.0	1.0	0.0	2.0	0.5	14
MAX	5.6	2.0	1.0	1.0	2.0	1.0	2.0	0.5	0.5	1.5	1.0	1.0	0.0	2.0	2.0	1.0	0.5	0.5	0.5	18
VSXY	5.3	1.0	0.0	1.0	0.0	1.0	1.5	1.5	0.5	1.0	1.5	2.0	0.5	1.5	2.0	1.0	1.0	1.0	1.0	18
CSCO	7.2	2.0	1.0	1.0	2.0	2.0	1.5	2.0	2.0	1.0	2.0	2.0	0.5	0.5	1.0	2.0	1.5	0.5	1.5	18
DKS	6.2	1.5	2.0	1.0	0.0	1.0	2.0	1.0	0.5	0.0	2.0	2.0	1.5	1.5	2.0	2.0	0.5	1.0	1.0	18
O	6.2	0.5	0.0	1.0	2.0	2.0	1.0	2.0	2.0	1.0	2.0	1.5	1.5	1.0	0.5	0.0	2.0	0.5	2.0	18
ECVT	6.1	0.0	1.0	1.0	0.5	0.5	2.0	1.0	1.0	2.0	1.0	2.0	1.5	1.5	2.0	1.0	1.5	1.0	1.5	17
SANOMA.HE	5.6	0.0	1.0	1.0	1.5	1.0	0.5	2.0	1.0	2.0	1.0	2.0	1.0	1.5	2.0	0.0	1.0	0.5	1.0	17
EPM	5.8	2.0	0.0	1.0	2.0	0.5	1.5	1.5	2.0	0.0	0.5	1.0	1.5	2.0	1.5	0.0	1.5	0.5	2.0	17
9007.T	6.0	1.0	1.0	1.0	1.0	1.0	1.0	1.0	1.5	1.0	1.0	1.0	1.5	1.5	1.5	2.0	1.5	1.0	1.0	14
BNZL.L	5.3	1.0	1.0	1.0	1.0	1.0	1.0	1.0	0.5	2.0	1.5	0.0	0.0	1.5	2.0	2.0	0.5	1.0	1.0	16
URBN	6.4	1.5	1.0	1.0	1.5	1.0	1.5	1.5	1.0	0.5	1.5	1.5	1.5	1.5	2.0	1.0	1.0	1.5	1.0	18
AKAM	6.2	1.5	1.0	1.0	0.5	1.0	1.0	2.0	0.5	1.0	2.0	2.0	1.0	0.5	1.0	1.0	1.5	2.0	2.0	18
ASAI.L	6.0	2.0	1.0	1.0	1.0	2.0	2.0	2.0	2.0	1.0	0.5	0.0	0.0	1.0	2.0	2.0	0.0	2.0	0.0	14
CTOS	4.4	0.0	0.0	1.0	0.0	1.0	1.5	1.0	1.0	1.0	1.0	2.0	1.5	0.5	1.5	1.0	1.0	0.0	1.0	18
PHUN	5.1	1.0	1.0	1.0	1.0	0.5	2.0	2.0	0.0	0.0	1.0	1.0	2.0	2.0	1.0	1.0	0.0	2.0	0.0	13
ILKKA.HE	4.2	0.0	1.0	1.0	0.0	1.5	0.5	1.0	0.0	1.0	0.5	1.0	2.0	0.0	1.5	0.0	0.5	2.0	1.5	17
CVE	7.4	1.5	1.0	1.0	2.0	1.5	2.0	1.0	1.5	2.0	0.5	1.0	1.5	2.0	2.0	2.0	1.5	1.0	1.5	18
NHP	5.6	1.0	1.0	1.0	1.5	0.0	1.0	1.5	1.0	1.0	1.0	1.0	1.5	1.0	1.0	1.0	1.5	2.0	1.0	15
ANZ.ASX	5.3	1.0	1.0	1.0	1.0	2.0	0.5	0.0	2.0	1.0	1.5	2.0	1.5	1.0	1.5	1.0	0.0	1.0	0.0	13
UTDI.DE	6.4	1.0	1.0	1.0	2.0	1.0	1.0	1.0	1.0	0.0	1.5	2.0	2.0	1.5	2.0	2.0	1.0	0.5	1.5	17
DGICA	5.6	1.5	2.0	1.0	0.0	1.0	0.5	0.0	1.0	1.5	0.5	1.0	1.5	2.0	2.0	2.0	0.5	1.0	1.0	18
KAI	6.1	0.5	2.0	1.0	0.0	1.0	2.0	1.5	1.5	1.0	0.5	2.0	1.0	1.0	1.5	2.0	1.5	0.5	1.5	18
MANO.L	4.6	1.0	1.0	1.0	1.0	1.0	0.5	1.5	1.5	2.0	0.5	0.0	0.0	1.0	1.0	1.0	0.0	2.0	0.5	15
CSW	6.5	0.5	2.0	1.0	1.5	1.5	2.0	1.5	1.5	0.5	1.0	2.0	1.0	1.0	1.5	2.0	1.5	0.5	1.0	18
6857.T	6.2	1.0	1.0	1.0	2.0	2.0	2.0	2.0	2.0	0.5	2.0	0.0	0.0	0.0	0.5	2.0	2.0	0.5	2.0	17
ALB	7.1	2.0	1.0	1.0	0.0	1.0	2.0	1.0	2.0	2.0	2.0	2.0	1.5	1.5	1.5	0.0	1.5	1.5	2.0	18
FCN	6.5	2.0	2.0	1.0	1.5	1.0	1.0	1.0	1.0	1.5	0.5	2.0	1.5	1.5	2.0	1.0	1.0	1.0	1.0	18
CAN.L	6.0	1.0	1.0	1.0	1.0	0.5	2.0	1.5	1.0	2.0	1.0	1.0	0.0	2.0	2.0	1.0	1.0	2.0	0.5	14
LQAG.DE	5.0	2.0	1.0	1.0	1.0	0.0	2.0	2.0	0.0	1.0	0.5	1.0	1.5	1.0	1.5	1.0	0.0	1.0	0.5	15
APC	5.1	1.0	1.0	1.0	0.0	1.0	2.0	0.0	0.5	1.0	0.5	2.0	1.5	1.5	2.0	2.0	0.5	0.5	0.5	17
FVA.L	4.9	1.0	1.0	1.0	1.0	2.0	0.5	1.0	1.0	2.0	0.5	0.0	0.0	0.0	2.0	2.0	0.5	1.5	0.5	16
TITC.BR	6.4	1.5	1.0	1.0	1.0	1.5	1.5	1.0	1.5	0.0	0.5	1.0	1.5	2.0	2.0	2.0	1.5	1.0	1.5	15
IRD	3.8	1.0	2.0	1.0	1.5	0.5	0.0	0.0	0.0	0.0	1.5	1.0	1.0	1.0	0.0	1.0	0.0	2.0	0.0	15
5020.T	6.0	2.0	1.0	1.0	1.0	1.0	1.5	0.5	1.0	0.0	1.0	1.0	2.0	2.0	2.0	2.0	0.5	1.5	0.5	16
FPE.DE	5.6	0.0	1.0	1.0	1.0	1.0	2.0	1.0	1.0	1.0	0.5	1.0	1.5	1.5	2.0	2.0	1.0	0.5	1.0	16
CARS	6.7	1.0	0.0	1.0	1.0	1.0	1.0	2.0	1.5	2.0	1.0	2.0	1.5	2.0	2.0	1.0	1.5	1.0	1.5	18
ENPH	6.2	2.0	2.0	1.0	0.0	1.5	0.0	1.0	1.5	0.5	2.0	2.0	1.0	1.0	1.5	1.0	1.0	2.0	1.5	18
SBRY.L	4.6	0.5	1.0	1.0	1.0	1.0	1.0	0.0	0.5	2.0	1.5	0.0	0.0	1.5	2.0	1.5	0.5	1.0	0.5	16
PUK	5.6	1.0	0.0	1.0	1.0	2.0	0.5	1.5	2.0	2.0	0.5	0.0	0.5	0.5	1.0	2.0	2.0	1.5	1.0	17
GGR	5.7	1.0	1.0	1.0	1.0	0.0	1.0	0.5	0.0	2.0	1.0	1.0	2.0	1.5	2.0	1.0	1.0	2.0	1.5	13
NORTHM.CO	5.6	1.0	1.0	1.0	1.0	1.5	0.5	1.5	0.5	2.0	1.0	0.0	2.0	1.0	1.0	2.0	0.5	2.0	0.5	15
RLGT	4.9	0.0	2.0	1.0	0.0	1.0	1.5	0.5	0.5	1.0	0.5	2.0	1.5	1.0	2.0	1.0	0.5	1.0	0.5	18
PLD	6.1	0.0	2.0	1.0	1.0	2.0	1.5	2.0	2.0	1.0	1.5	0.0	1.5	0.5	0.5	1.0	2.0	0.5	2.0	18
ALSTI.PA	6.1	1.0	1.0	1.0	1.0	1.5	2.0	2.0	1.5	0.0	0.5	2.0	0.5	1.0	1.5	2.0	1.5	1.0	1.0	16
ABF.L	5.0	1.0	1.0	1.0	1.0	1.0	0.5	0.0	0.5	1.5	1.5	0.0	0.0	2.0	2.0	2.0	1.0	1.0	1.0	16
MDB	5.8	1.0	2.0	0.0	2.0	1.0	2.0	2.0	0.5	1.0	2.0	2.0	0.5	0.0	1.0	1.0	0.5	1.0	1.5	18
MYGN	4.3	1.5	0.0	1.0	0.0	0.0	0.0	2.0	0.0	1.0	1.0	1.0	1.5	1.0	2.0	1.0	0.0	2.0	0.5	17
SITM	5.0	0.5	0.0	1.0	2.0	1.0	2.0	2.0	1.0	0.5	1.5	2.0	0.0	0.0	0.0	1.0	0.5	1.0	2.0	18
FII.PA	6.7	2.0	1.0	1.0	1.0	1.0	1.0	2.0	1.0	1.0	1.0	2.0	1.5	1.5	2.0	2.0	1.0	1.0	1.0	16
PKE	5.0	1.5	0.0	1.0	1.0	1.5	1.5	1.0	1.5	0.5	0.5	0.0	1.0	0.0	1.0	1.5	1.5	1.5	1.5	17
NWG	5.8	1.5	2.0	1.0	0.5	2.0	1.5	0.0	2.0	1.0	0.5	1.5	1.5	1.0	1.0	2.0	0.0	2.0	0.0	16
SUNWQ	4.4	2.0	1.0	1.0	1.0	0.0	0.0	1.0	0.0	0.0	1.0	1.0	2.0	1.0	2.0	1.0	0.0	2.0	0.0	14
INFY	5.8	1.0	1.0	1.0	0.5	1.5	1.0	1.0	1.5	1.5	1.5	1.0	0.5	1.0	1.5	1.5	1.5	1.0	1.5	18
AESI	4.0	1.0	1.0	1.0	0.0	0.0	1.0	1.0	0.0	0.0	1.5	1.0	1.5	0.5	1.5	0.0	1.0	1.5	1.0	16
WSE	6.9	0.0	1.0	1.0	1.0	1.5	2.0	2.0	2.0	0.0	1.5	2.0	0.5	2.0	1.5	1.0	2.0	2.0	2.0	16
PRAA	6.1	0.0	2.0	1.0	2.0	0.0	2.0	2.0	2.0	0.0	0.5	1.0	2.0	1.5	1.5	1.0	2.0	1.5	0.0	17
WMS	6.7	1.5	0.0	1.0	0.5	1.5	2.0	1.5	2.0	1.0	1.5	2.0	1.0	1.5	1.5	2.0	1.5	0.5	1.5	18
SRNE	4.2	1.0	1.0	1.0	1.0	0.5	2.0	0.0	0.0	0.0	1.0	1.0	1.0	1.0	1.5	1.0	0.0	2.0	0.0	12
ENVX	3.8	1.0	0.0	0.5	0.5	0.5	2.0	0.5	0.0	0.0	1.5	1.0	1.5	1.0	0.5	1.0	0.0	2.0	0.0	16
SDG.PA	5.3	2.0	1.0	1.0	1.0	1.0	1.0	0.0	0.5	1.0	0.5	2.0	2.0	1.0	1.0	2.0	0.5	1.0	0.5	12
GEBN.ZU	5.6	0.5	1.0	1.0	1.0	1.5	1.0	2.0	1.5	1.0	1.5	1.5	0.0	0.5	1.0	1.5	1.5	0.0	2.0	16
SNN.US	6.4	1.5	2.0	1.0	1.0	1.5	1.0	2.0	1.0	2.0	1.0	2.0	0.0	0.0	1.0	2.0	1.5	1.0	1.5	17
PHM	6.4	1.5	2.0	1.0	0.0	1.5	0.5	1.0	1.5	1.0	1.5	1.5	1.5	1.5	2.0	2.0	1.0	1.0	1.0	18
WHWK	4.2	1.0	1.0	1.0	1.0	0.5	1.0	0.0	0.0	0.0	1.0	1.0	1.5	1.0	1.0	1.0	0.0	2.0	1.0	11
EMAN.L	6.0	1.0	1.0	1.0	1.0	0.5	2.0	2.0	0.5	2.0	1.0	1.0	0.0	1.5	2.0	1.0	1.0	1.5	1.5	13
DIB.AE	5.8	2.0	1.0	1.0	1.0	2.0	1.0	0.0	2.0	1.0	1.5	0.5	1.5	1.0	1.5	2.0	0.0	2.0	0.0	15
SCHW	8.1	2.0	2.0	1.0	2.0	2.0	2.0	2.0	2.0	1.0	2.0	2.0	1.0	1.0	1.0	2.0	0.0	2.0	2.0	16
PNR	6.8	2.0	2.0	1.0	0.0	1.5	0.0	1.5	1.5	1.5	1.5	2.0	1.5	1.5	1.5	2.0	1.5	0.5	1.5	18
TENB	6.1	1.5	2.0	1.0	1.5	1.0	1.0	2.0	0.5	1.5	2.0	2.0	0.0	0.0	1.5	1.0	0.5	1.0	2.0	18
JBLU	4.4	2.0	0.0	1.0	0.5	0.5	1.5	1.0	0.0	0.0	1.5	1.0	1.5	0.0	2.0	1.0	0.5	2.0	0.0	17
QUBT	4.0	1.0	1.0	1.0	2.0	0.0	2.0	0.0	0.0	0.0	1.0	1.0	1.5	1.0	0.0	1.0	0.0	2.0	0.0	16
POR	6.4	1.0	2.0	1.0	2.0	1.0	1.0	1.5	1.0	0.0	1.5	2.0	1.5	1.5	1.5	1.0	1.5	0.0	2.0	18
KOPN	3.1	0.0	1.0	1.0	1.0	1.5	2.0	0.5	0.0	0.0	1.0	0.0	0.0	1.0	0.5	1.0	0.0	0.5	0.0	17
ABDP.L	5.1	1.0	1.0	1.0	1.0	0.5	0.0	2.0	0.0	1.5	1.0	1.0	0.0	0.5	2.0	2.0	0.5	2.0	1.5	14
KESKOB.HE	4.6	0.0	1.0	1.0	1.0	1.0	1.0	0.5	0.5	1.0	1.0	1.5	1.0	1.0	2.0	1.0	0.5	0.5	1.0	17
INKT	4.0	1.0	1.0	1.0	2.0	0.5	1.0	0.0	0.0	0.0	0.5	1.0	1.0	1.0	1.0	1.0	0.0	1.5	1.0	11
PXA.ASX	6.1	0.0	1.0	1.0	1.0	0.5	1.0	2.0	1.0	1.5	1.5	2.0	1.5	1.0	1.5	1.0	1.5	1.0	2.0	16
SIFG.NV	5.4	1.0	1.0	1.0	1.0	0.5	2.0	0.5	0.0	2.0	0.5	1.0	2.0	1.0	2.0	1.0	0.0	2.0	1.0	14
MATW	3.3	1.0	0.0	1.0	0.0	0.5	0.0	1.5	0.0	1.0	0.5	1.0	1.5	0.5	2.0	0.0	0.5	1.0	0.0	17
REYN	6.0	1.5	1.0	1.0	1.0	1.0	1.0	1.0	1.0	1.5	1.0	1.0	1.5	1.5	2.0	2.0	1.0	0.5	1.0	18
9503.T	6.1	1.0	1.0	1.0	2.0	1.5	1.0	0.0	0.5	1.0	1.0	1.0	2.0	1.5	2.0	2.0	1.0	1.5	1.0	15
2238.HK	4.2	1.0	1.0	1.0	0.0	0.0	1.5	0.0	0.0	0.0	1.5	1.0	2.0	1.0	2.0	1.0	0.0	2.0	0.0	15
SMWN.DE	4.2	1.0	1.0	1.0	1.0	0.0	0.0	2.0	0.0	1.0	1.0	1.0	1.5	1.0	0.0	2.0	0.0	0.5	1.0	11
MREO	3.9	1.0	1.0	1.0	0.0	0.5	1.0	0.0	0.0	0.0	1.0	1.0	1.5	1.0	1.0	1.0	0.0	2.0	1.0	12
ATE.PA	6.2	1.5	1.0	1.0	1.0	1.0	1.0	0.5	0.5	2.0	1.0	2.0	1.5	2.0	2.0	2.0	0.5	1.0	1.0	16
SRP.L	5.1	1.0	1.0	1.0	1.0	1.0	1.0	0.5	0.5	2.0	1.5	0.0	0.0	1.5	2.0	2.0	0.5	1.0	1.0	16
IHRT	5.1	0.0	1.0	1.0	0.0	0.5	1.0	2.0	0.5	2.0	0.5	1.0	1.0	1.5	2.0	1.0	1.0	2.0	0.5	16
PHI	7.1	0.5	1.0	1.0	1.0	1.5	1.0	2.0	2.0	1.0	0.5	2.0	1.5	2.0	2.0	1.5	2.0	1.0	2.0	14
RS	5.8	1.0	0.0	1.0	2.0	1.0	2.0	1.0	1.0	0.5	1.0	2.0	1.5	1.0	2.0	2.0	0.5	0.5	1.0	18
FNV	5.7	0.5	0.0	1.0	0.0	2.0	2.0	2.0	2.0	0.5	1.0	1.5	1.0	0.5	0.0	2.0	2.0	0.5	2.0	18
SIX3.DE	6.4	2.0	1.0	1.0	1.0	1.0	1.0	2.0	1.0	2.0	1.0	1.5	1.5	1.5	2.0	2.0	1.0	0.0	0.5	15
APAM	6.7	2.0	1.0	1.0	1.0	2.0	1.0	1.5	2.0	2.0	0.5	0.5	0.5	2.0	1.5	1.0	1.5	1.5	1.5	18
CFR	6.4	0.5	1.0	1.0	1.5	2.0	1.0	0.0	2.0	1.0	1.5	1.5	1.5	1.0	1.5	2.0	0.0	2.0	2.0	16
GLP	5.3	0.0	1.0	1.0	2.0	1.0	2.0	0.0	0.5	2.0	1.0	0.0	1.5	2.0	2.0	1.5	0.5	0.5	0.5	16
CB	6.7	0.5	1.0	1.0	1.0	1.5	1.0	1.0	1.5	2.0	2.0	1.0	1.5	1.5	1.5	2.0	1.5	1.0	1.5	18
KRO	5.3	1.5	1.0	1.0	2.0	0.5	1.5	0.5	0.5	2.0	0.5	1.0	1.5	0.0	2.0	2.0	0.5	0.5	0.5	16
RCKT	5.4	1.0	2.0	1.0	1.5	0.5	1.0	0.0	0.0	2.0	1.5	1.0	2.0	1.0	1.0	1.0	0.0	2.0	1.0	13
SNEX	4.9	1.0	0.0	1.0	2.0	1.0	1.5	0.0	0.5	1.0	0.5	2.0	1.5	1.0	1.0	1.0	0.0	2.0	0.5	16
PHARM.NV	5.6	0.0	1.0	1.0	1.0	1.0	0.5	2.0	0.5	1.5	0.5	2.0	1.5	1.0	2.0	1.0	0.5	2.0	1.0	16
7211.T	5.8	0.0	1.0	1.0	2.0	1.0	1.0	0.5	0.5	1.0	1.5	2.0	2.0	2.0	2.0	0.0	0.5	2.0	1.0	15
1099.HK	6.0	1.0	1.0	1.0	1.0	1.0	0.5	0.0	0.5	2.0	1.5	1.0	2.0	2.0	2.0	2.0	0.5	2.0	0.5	16
LDI	4.6	1.0	1.0	1.0	0.0	0.5	1.0	2.0	0.0	1.0	0.5	1.0	2.0	1.0	1.5	1.0	0.0	2.0	0.0	13
MRK	5.3	0.5	1.0	1.0	0.5	1.0	1.0	2.0	0.0	1.0	2.0	2.0	0.5	1.0	1.0	0.0	2.0	0.5	2.0	18
ERO	6.5	1.5	0.0	1.0	1.0	2.0	2.0	1.5	2.0	0.5	0.5	2.0	1.0	1.5	1.5	1.0	2.0	0.5	2.0	18
ALSTW.PA	5.0	0.0	1.0	1.0	1.0	1.5	1.5	2.0	0.5	0.5	0.5	1.0	0.5	0.5	1.0	1.0	1.5	1.0	2.0	15
VICI	7.6	2.0	2.0	1.0	1.5	2.0	1.0	2.0	2.0	0.5	2.0	1.5	2.0	1.5	0.5	1.5	2.0	0.5	2.0	18
HCSG	5.4	1.5	2.0	1.0	1.0	1.0	1.0	0.5	0.5	1.0	1.0	0.0	1.5	1.5	2.0	1.0	0.5	1.5	1.0	18
AXIAY	6.9	0.5	1.0	1.0	0.0	2.0	1.0	1.5	2.0	1.5	0.5	0.5	1.5	2.0	2.0	2.0	2.0	2.0	2.0	17
PROC.L	5.3	0.0	1.0	1.0	1.0	1.0	2.0	2.0	1.0	2.0	0.5	0.0	0.0	1.5	2.0	1.0	0.5	1.0	1.5	16
CRML	3.9	1.0	0.0	1.0	1.0	0.5	2.0	2.0	0.0	1.5	0.5	1.0	0.5	1.0	0.0	1.0	0.0	1.0	0.0	15
CUZ	5.8	1.5	0.0	1.0	1.0	1.0	1.5	2.0	1.5	0.0	1.5	2.0	1.5	1.5	1.0	0.0	2.0	0.0	2.0	17
CCAP.DE	3.5	2.0	1.0	0.0	1.0	0.0	0.0	0.0	0.0	0.0	1.0	1.0	2.0	1.0	0.5	1.0	0.0	2.0	0.0	14
RENT	5.6	2.0	1.0	1.0	1.0	1.5	2.0	2.0	0.0	0.0	1.0	1.0	1.0	0.5	2.0	1.0	0.5	2.0	0.5	13
HSBC	5.8	2.0	1.0	1.0	1.5	2.0	2.0	0.0	2.0	1.0	0.5	2.0	0.5	1.0	0.5	2.0	0.0	2.0	0.0	15
POMRY.PA	4.4	0.5	1.0	1.0	1.0	1.5	0.0	1.0	1.0	0.0	0.5	0.0	2.0	0.0	1.5	2.0	0.5	1.0	1.5	16
SAIC	6.0	1.0	1.0	1.0	0.5	1.0	1.0	0.5	1.0	2.0	1.5	2.0	1.0	1.5	2.0	2.0	1.0	0.5	1.0	18
8766.T	5.6	1.0	1.0	1.0	1.0	0.5	1.0	0.0	1.0	1.0	1.5	2.0	2.0	1.0	1.0	2.0	0.0	2.0	1.0	14
TRV	6.8	1.0	0.0	1.0	2.0	1.5	1.0	1.0	1.5	2.0	2.0	0.0	1.5	2.0	2.0	2.0	1.5	1.0	1.5	18
GBX.US	5.3	2.0	1.0	1.0	0.0	1.0	0.0	0.5	0.5	0.0	0.5	1.5	2.0	1.5	2.0	2.0	1.0	2.0	0.5	18
GRBK	5.3	1.5	1.0	1.0	1.0	1.5	0.5	1.0	1.5	0.5	0.5	0.5	1.5	1.5	2.0	1.0	1.0	0.5	1.0	17
PZC.L	5.6	1.0	1.0	1.0	1.0	1.0	1.0	1.5	1.0	2.0	0.5	0.0	0.0	2.0	2.0	1.5	1.0	1.5	1.0	16
SRFM	3.5	1.0	1.0	1.0	0.0	0.0	1.0	0.0	0.0	0.0	1.0	1.0	1.0	1.0	2.0	1.0	0.0	1.5	0.0	14
B	7.4	1.0	0.0	1.0	0.0	2.0	2.0	2.0	2.0	1.5	1.5	1.5	1.5	2.0	1.5	2.0	2.0	1.0	2.0	18
BYD	6.2	0.5	0.0	1.0	0.5	2.0	0.5	2.0	1.5	1.5	1.5	0.0	1.5	2.0	2.0	2.0	1.5	1.0	1.5	18
RCMN.DE	4.4	1.0	1.0	1.0	1.0	0.0	0.0	2.0	0.0	1.0	1.0	1.0	2.0	1.0	0.5	1.0	0.0	1.5	1.0	11
VTY.L	4.2	1.0	1.0	1.0	1.0	0.0	0.0	0.0	0.0	1.5	1.5	1.0	0.0	1.5	2.0	1.0	0.5	2.0	0.0	14
VERX	5.6	0.0	1.0	1.0	2.0	1.0	1.5	2.0	0.5	1.0	1.5	2.0	0.5	0.0	1.5	1.0	0.5	1.5	1.5	18
1186.HK	5.3	1.5	1.0	1.0	1.0	1.0	0.0	0.0	0.5	0.0	0.5	2.0	2.0	1.5	2.0	2.0	0.5	2.0	0.5	16
CELC	3.8	1.0	1.0	1.0	0.0	0.5	1.0	0.0	0.0	0.0	1.5	1.0	1.0	1.0	1.0	1.0	0.0	1.5	1.0	12
BME.L	5.4	1.5	1.0	1.0	1.0	1.0	1.0	1.5	0.5	2.0	1.5	0.0	0.0	1.5	2.0	1.0	0.5	1.5	1.0	16
VIL.PA	5.6	0.0	1.0	1.0	1.0	1.5	1.0	2.0	1.0	1.0	1.0	0.0	1.5	1.0	2.0	2.0	0.0	2.0	1.0	13
EE	6.5	1.0	1.0	1.0	0.0	1.0	2.0	1.5	1.5	0.0	1.5	2.0	1.5	1.5	1.5	2.0	1.5	1.0	2.0	17
TXT	6.0	2.0	0.0	1.0	0.0	1.0	1.0	0.5	1.0	1.0	1.5	2.0	1.5	1.5	2.0	2.0	1.0	1.5	1.0	18
MTO.L	4.6	0.5	1.0	1.0	1.0	1.0	1.5	0.5	0.5	2.0	1.0	0.0	0.0	1.5	2.0	1.5	0.5	0.5	0.5	16
HAWK	4.4	1.0	1.0	1.0	0.0	0.0	2.0	2.0	0.0	1.0	1.0	1.0	1.5	0.0	1.0	1.0	0.5	2.0	0.0	14
MMS	6.0	1.0	2.0	1.0	0.0	1.0	0.5	1.0	1.0	2.0	0.5	1.5	1.5	2.0	2.0	2.0	1.0	0.5	1.0	18
NVO	8.5	0.0	2.0	1.0	2.0	2.0	1.0	2.0	2.0	2.0	1.5	2.0	1.0	2.0	2.0	2.0	2.0	2.0	2.0	18
BWB	6.0	2.0	1.0	1.0	0.5	2.0	1.5	0.0	2.0	1.0	0.5	1.5	1.5	1.0	1.0	1.0	0.0	2.0	2.0	16
MLR	5.1	0.5	0.0	1.0	0.0	1.0	1.5	0.5	0.5	2.0	0.5	2.0	1.5	1.0	2.0	1.5	0.5	1.0	1.5	18
AME	6.1	0.5	0.0	1.0	1.5	2.0	1.5	1.5	2.0	1.0	1.5	2.0	1.0	0.5	1.0	2.0	1.5	0.0	1.5	18
POLR.L	6.5	0.0	1.0	1.0	1.0	2.0	2.0	2.0	2.0	1.5	1.0	0.0	0.0	1.5	1.5	1.5	1.5	2.0	2.0	16
UNIT	6.1	2.0	1.0	1.0	0.0	2.0	2.0	2.0	0.5	0.0	1.0	1.0	0.5	1.5	1.5	1.0	2.0	2.0	1.0	17
PG	6.2	0.5	2.0	1.0	0.5	1.5	1.0	2.0	1.5	1.0	2.0	1.5	0.5	1.0	1.5	1.5	1.5	0.5	1.5	18
ALCOX.PA	6.2	0.0	1.0	1.0	2.0	0.0	2.0	1.5	2.0	1.0	0.5	1.0	1.0	2.0	2.0	1.0	2.0	1.5	1.0	14
ATG.L	5.8	1.0	1.0	1.0	1.0	0.0	2.0	2.0	1.0	2.0	1.0	1.0	0.0	1.5	1.5	1.0	1.5	0.5	2.0	14
NGVC	5.8	1.5	1.0	1.0	2.0	1.0	1.0	1.0	0.5	1.0	0.5	1.5	1.5	1.5	2.0	2.0	0.5	0.5	1.0	17
AKTIA.HE	5.1	0.0	1.0	1.0	1.0	1.0	2.0	0.0	2.0	1.0	0.5	2.0	1.5	1.0	0.5	0.0	0.0	2.0	2.0	15
OPCH	6.0	1.5	1.0	1.0	1.5	1.0	1.0	0.5	0.5	1.5	1.5	2.0	1.5	1.5	2.0	1.0	0.5	1.0	1.0	18
CHRT.L	4.9	1.0	1.0	1.0	1.0	1.0	1.5	1.0	1.0	0.0	1.0	0.0	0.0	1.5	2.0	2.0	1.0	1.0	0.5	16
MP	4.0	1.0	2.0	1.0	0.0	0.0	2.0	1.5	0.0	0.0	1.5	1.0	1.0	0.0	0.5	1.0	0.5	1.5	0.0	16
TRS	6.4	1.0	2.0	1.0	0.0	2.0	1.0	1.0	0.5	2.0	0.5	1.0	2.0	1.5	2.0	2.0	1.0	2.0	0.5	18
XPER	5.8	1.0	1.0	1.0	0.0	0.5	1.0	2.0	0.5	2.0	1.0	1.0	2.0	2.0	2.0	1.0	0.5	2.0	0.5	15
NRP.NV	6.7	1.5	1.0	1.0	1.0	2.0	1.0	2.0	2.0	1.0	1.0	0.5	1.5	1.0	1.0	1.5	2.0	1.0	2.0	16
AEIN.DE	5.0	0.0	1.0	1.0	1.0	1.0	1.0	0.5	0.5	1.0	0.5	2.0	1.5	1.5	2.0	0.0	0.5	2.0	1.0	15
GFC.PA	6.5	0.0	1.0	1.0	1.0	1.5	1.0	2.0	2.0	2.0	1.5	2.0	2.0	1.0	0.5	0.0	2.0	1.0	2.0	16
UVSP	6.1	1.5	0.0	1.0	2.0	2.0	1.0	0.0	2.0	1.0	0.5	1.5	1.5	1.0	1.5	2.0	0.0	1.5	2.0	16
SHLS	6.1	2.0	2.0	1.0	2.0	1.0	2.0	1.0	1.0	0.0	1.5	2.0	1.5	1.0	1.5	1.0	1.0	0.5	0.0	18
PLRX	4.0	1.0	0.0	1.0	0.5	0.5	1.0	0.0	0.0	0.0	0.5	1.0	2.0	2.0	1.0	1.0	0.0	2.0	1.0	13
KGS.US	5.8	0.0	0.0	1.0	0.5	1.0	2.0	2.0	2.0	0.5	1.5	2.0	1.5	1.5	1.0	0.0	2.0	0.5	2.0	18
DLX	6.5	2.0	1.0	1.0	0.5	1.0	0.5	2.0	1.0	2.0	0.5	2.0	1.5	2.0	2.0	2.0	1.0	0.5	1.0	17
BGEO.L	4.9	2.0	1.0	1.0	2.0	2.0	1.5	0.0	0.0	1.0	1.0	0.0	0.0	1.0	1.0	2.0	0.0	1.0	1.0	12
PHG	6.2	2.0	1.0	1.0	0.0	1.0	1.0	1.5	1.0	1.5	1.0	2.0	1.5	1.5	2.0	1.5	1.0	1.0	1.0	17
CIA.ASX	5.8	1.0	1.0	1.0	0.5	1.0	0.5	1.0	0.5	0.0	1.0	2.0	1.5	2.0	2.0	1.5	1.5	1.5	1.5	17
GSC1.DE	6.4	1.5	1.0	1.0	1.0	1.0	1.5	1.5	0.5	0.0	1.0	2.0	2.0	2.0	2.0	2.0	0.5	2.0	0.5	16
UFCS	6.1	1.5	1.0	1.0	0.0	1.0	1.5	0.5	1.0	2.0	0.5	0.5	1.5	2.0	2.0	2.0	1.0	1.5	1.5	18
1339.HK	6.7	2.0	1.0	1.0	1.0	1.0	1.5	0.5	2.0	0.0	1.5	0.0	2.0	2.0	2.0	2.0	1.0	2.0	1.5	16
6936.HK	5.8	1.0	1.0	1.0	0.0	1.0	1.0	0.5	0.5	1.5	1.5	1.0	1.5	2.0	2.0	2.0	0.5	2.0	1.0	17
6367.T	6.1	0.5	1.0	1.0	1.0	1.0	1.0	1.0	1.0	1.0	1.5	1.5	1.5	1.5	2.0	2.0	1.0	1.5	1.0	15
TSLA	3.9	0.0	0.0	1.0	0.0	1.0	2.0	0.5	0.5	0.5	2.0	2.0	0.0	0.0	0.5	1.0	1.0	0.5	1.5	18
ATHXQ	3.5	1.0	1.0	1.0	1.0	0.5	1.0	0.0	0.0	0.0	1.0	1.0	1.0	1.0	0.0	1.0	0.0	2.0	0.0	11
AADX	4.2	1.0	1.0	1.0	1.0	0.0	2.0	1.0	0.0	1.0	1.0	1.0	1.5	1.0	1.5	1.0	0.0	0.0	0.0	13
FIP	5.1	1.0	2.0	1.0	0.0	0.0	2.0	1.5	1.0	2.0	0.5	1.0	1.0	1.0	1.0	1.0	1.5	1.0	0.0	15
MNSO	6.2	1.5	1.0	1.0	0.0	1.0	1.5	1.5	0.0	2.0	1.5	2.0	1.5	2.0	2.0	0.0	1.0	2.0	1.0	17
KRNT	4.7	1.0	1.0	1.0	0.0	0.5	1.5	1.5	0.0	0.5	0.5	1.0	1.5	1.0	2.0	1.0	0.0	2.0	1.0	16
IQV	5.7	2.0	1.0	1.0	1.0	1.0	1.0	1.0	1.0	1.0	1.5	2.0	0.5	1.0	1.5	1.0	1.0	0.5	1.5	18
AZJ.ASX	6.7	1.5	1.0	1.0	1.0	1.0	1.0	1.5	1.5	1.0	1.5	1.5	1.5	2.0	1.5	1.0	2.0	0.5	2.0	16
VNET	6.4	2.0	2.0	1.0	1.0	0.5	1.5	1.0	1.0	0.0	1.5	1.0	1.5	1.5	1.5	1.0	1.5	2.0	1.5	16
FFARM.NV	6.1	2.0	1.0	1.0	1.0	1.0	1.0	0.5	0.5	2.0	0.5	1.5	1.5	2.0	2.0	2.0	0.5	1.5	0.5	16
6526.T	5.0	0.0	1.0	1.0	1.0	1.0	1.5	1.5	0.0	0.0	1.0	2.0	1.5	1.5	2.0	0.0	1.0	1.5	0.5	16
MANE	4.4	1.0	1.0	1.0	2.0	0.5	1.0	0.0	0.0	1.0	1.0	1.0	1.0	1.0	1.0	1.0	0.0	1.5	1.0	11
WS	5.0	0.0	1.0	1.0	2.0	1.0	1.5	0.5	0.5	1.0	0.5	2.0	1.5	1.5	2.0	0.0	0.5	0.5	1.0	17
GTN	6.4	2.0	1.0	1.0	0.0	0.5	1.0	1.0	1.5	2.0	1.0	1.0	2.0	1.5	1.5	1.5	1.5	2.0	1.0	17
BAVA.CO	6.4	1.0	1.0	1.0	1.0	2.0	2.0	2.0	2.0	0.5	0.5	0.0	1.5	1.5	1.5	1.0	1.5	1.5	1.5	16
ADNT	6.4	2.0	2.0	1.0	0.0	1.0	1.0	0.0	0.5	2.0	1.5	2.0	2.0	2.0	2.0	1.0	0.5	2.0	0.5	18
CRLO.PA	5.0	1.5	1.0	1.0	1.0	1.5	1.0	0.0	2.0	1.0	1.0	1.0	2.0	1.0	0.0	2.0	0.0	1.0	0.0	12
ZTF.L	6.4	2.0	1.0	1.0	1.0	1.5	2.0	1.0	1.5	1.5	1.0	0.0	0.0	2.0	2.0	2.0	1.0	1.0	1.5	16
EVCM	6.8	2.0	1.0	1.0	2.0	1.0	1.0	2.0	1.0	1.5	1.0	2.0	1.5	1.0	1.5	1.0	1.5	1.0	1.5	18
ALVIO.PA	4.0	0.5	1.0	1.0	1.0	0.0	2.0	2.0	0.0	0.0	1.0	1.0	0.0	0.0	0.0	1.0	2.0	0.0	2.0	14
TNYA	4.2	1.0	1.0	0.5	1.5	0.5	1.0	2.0	0.0	0.0	1.0	1.0	1.5	1.0	0.0	1.0	0.0	2.0	0.0	14
ZIG.L	5.1	1.5	1.0	1.0	1.0	1.0	1.0	1.0	1.0	2.0	1.0	0.0	0.0	2.0	2.0	1.0	1.5	0.5	0.0	16
PL	4.2	1.0	0.0	1.0	0.0	0.0	2.0	2.0	0.0	0.5	1.5	1.0	0.0	1.0	0.5	1.0	0.0	1.5	2.0	16
00268.HK	5.7	2.0	1.0	1.0	1.0	1.0	1.5	2.0	0.0	0.0	1.5	2.0	1.5	0.0	1.5	1.0	0.5	1.5	1.5	16
293.HK	6.7	0.0	1.0	1.0	1.0	1.5	2.0	1.0	1.0	2.0	1.5	0.5	1.5	2.0	2.0	2.0	1.0	1.5	1.5	16
KTA.DE	4.6	1.0	1.0	1.5	1.0	0.5	0.5	1.0	0.5	0.0	1.0	1.0	1.5	1.0	2.0	1.0	0.5	1.0	0.5	14
NETC.CO	5.1	0.5	1.0	1.0	0.0	1.0	2.0	1.0	1.0	1.5	1.0	2.0	1.0	1.0	1.0	1.0	1.0	1.0	0.5	14
AGX	6.4	0.5	0.0	1.0	1.5	1.5	2.0	1.0	1.0	2.0	1.0	2.0	0.5	0.5	1.5	2.0	1.0	2.0	2.0	18
APOG	6.2	1.5	2.0	1.0	1.0	1.0	0.5	1.0	0.5	2.0	0.5	1.5	1.5	2.0	2.0	2.0	1.0	0.5	1.0	18
AEO	5.8	0.5	0.0	1.0	2.0	1.0	1.0	1.5	0.5	1.5	1.5	1.0	1.5	1.5	2.0	2.0	0.5	1.0	1.0	18
PAR	5.6	2.0	2.0	1.0	2.0	0.0	1.5	1.5	0.0	0.5	1.0	1.0	2.0	1.0	2.0	1.0	0.0	1.5	0.0	17
6758.T	6.9	1.0	1.0	1.0	2.0	0.5	1.0	1.0	1.5	2.0	2.0	1.0	1.5	1.5	2.0	2.0	1.0	1.5	1.5	17
MYPS	4.9	0.0	1.0	1.0	1.0	0.0	0.5	2.0	0.0	2.0	0.5	1.0	2.0	1.0	1.0	1.0	0.5	2.0	1.0	15
TSEOQ	4.3	1.0	1.0	1.0	1.0	0.0	1.0	0.0	0.5	0.0	0.5	1.0	1.0	1.0	2.0	2.0	0.5	2.0	0.0	14
SVV	6.0	0.0	2.0	1.0	0.5	1.0	1.0	2.0	1.0	1.0	1.5	2.0	1.0	1.5	2.0	1.0	1.0	1.0	1.0	18
FR.US	6.4	1.0	2.0	1.0	1.5	2.0	1.0	2.0	2.0	1.0	1.5	0.0	1.5	0.5	0.5	1.5	2.0	0.0	2.0	18
COL.ASX	5.1	0.5	1.0	1.0	1.0	1.0	1.0	1.0	0.5	1.5	1.5	2.0	0.5	1.0	2.0	1.0	0.5	0.5	1.0	16
HLIT	6.8	1.0	2.0	1.0	2.0	0.0	2.0	2.0	1.5	1.5	1.0	2.0	1.0	1.0	1.5	1.0	1.0	2.0	1.0	18
MKSI	6.7	1.5	0.0	1.0	2.0	1.5	2.0	1.5	1.5	1.0	1.5	2.0	1.0	1.0	1.5	2.0	1.5	0.5	1.0	18
UHS	6.2	1.5	2.0	1.0	0.0	1.0	1.0	1.5	1.0	1.0	1.5	1.0	1.5	2.0	2.0	2.0	1.0	0.5	1.0	18
SLRC	5.8	0.0	1.0	1.0	0.5	2.0	0.5	2.0	2.0	2.0	1.0	1.0	2.0	1.0	1.0	0.0	0.0	2.0	2.0	16
AURA	4.2	1.0	1.0	1.0	1.0	0.5	1.0	0.0	0.0	0.0	1.0	1.0	1.5	1.0	1.0	1.0	0.0	2.0	1.0	13
RIC.ASX	4.9	0.0	1.0	1.0	1.0	1.0	2.0	0.0	0.5	0.0	1.0	2.0	1.5	1.5	2.0	0.0	0.5	2.0	0.5	16
TM	4.7	1.0	1.0	1.0	0.0	1.0	1.5	0.5	0.5	0.0	0.5	0.0	0.0	2.0	2.0	2.0	1.0	2.0	1.0	17
ORC	5.8	2.0	1.0	1.0	0.0	2.0	1.0	2.0	2.0	1.0	0.5	0.0	2.0	1.0	0.0	1.5	0.0	2.0	2.0	14
4061.T	6.1	0.5	1.0	1.0	1.0	1.0	1.0	1.0	1.0	1.0	1.0	1.0	2.0	2.0	2.0	2.0	1.0	1.5	1.0	13
CTT.LS	6.4	1.0	1.0	1.0	1.0	1.0	1.5	2.0	0.5	2.0	1.0	2.0	1.5	1.0	1.0	1.5	0.5	2.0	1.5	16
9926.HK	4.2	1.0	1.0	1.0	1.0	0.0	2.0	2.0	0.0	0.0	2.0	1.0	0.5	1.0	0.0	1.0	0.0	1.5	0.0	14
FIGS	6.4	0.0	2.0	1.0	2.0	1.0	2.0	2.0	1.5	1.0	1.0	1.5	1.0	0.5	1.5	1.0	1.0	1.5	1.5	18
BE	5.3	2.0	0.0	1.0	2.0	1.0	2.0	1.0	1.5	0.5	2.0	2.0	0.0	0.0	0.0	1.0	1.0	0.5	1.5	18
KOS	6.8	1.0	0.0	1.0	1.5	0.0	2.0	2.0	2.0	2.0	1.5	1.0	1.5	2.0	1.5	1.0	2.0	1.0	1.5	16
VUL.ASX	3.3	1.0	1.0	1.0	1.0	0.5	0.0	0.0	0.0	0.0	0.5	1.0	2.0	1.0	0.0	1.0	0.0	2.0	0.0	14
DERM	4.2	1.0	1.0	1.0	0.0	0.5	2.0	2.0	0.5	0.0	0.5	1.0	1.0	0.0	1.5	1.0	0.5	1.5	0.0	15
GENB	3.5	1.0	1.0	1.0	1.0	0.5	0.0	0.0	0.0	1.0	1.0	1.0	1.0	1.0	0.0	1.0	0.0	2.0	0.0	15
RXRX	3.6	1.0	2.0	1.0	1.0	0.5	0.0	0.0	0.0	0.0	1.0	1.0	1.5	1.0	0.0	1.0	0.0	2.0	0.0	16
INCY	6.5	0.0	0.0	1.0	0.0	2.0	2.0	2.0	2.0	1.0	2.0	1.5	1.0	1.5	1.5	1.0	1.5	1.5	2.0	18
SGP.ASX	6.5	0.5	1.0	1.0	1.0	2.0	1.5	1.0	2.0	1.0	1.5	1.0	2.0	1.0	1.5	1.5	1.5	1.0	1.5	16
MAGN	5.6	0.0	2.0	1.0	0.0	0.5	1.0	0.5	0.5	2.0	0.5	1.0	2.0	2.0	2.0	1.0	1.0	2.0	1.0	17
8304.T	6.7	2.0	1.0	1.0	2.0	2.0	2.0	0.0	2.0	1.0	1.0	1.0	2.0	1.0	1.0	2.0	0.0	2.0	1.0	14
MAMA	5.6	0.0	2.0	1.0	1.0	1.0	2.0	1.0	0.5	1.0	1.0	2.0	1.0	0.5	1.5	1.0	0.5	2.0	1.0	17
ALO.PA	6.5	2.0	1.0	1.0	1.0	1.0	1.0	0.5	0.5	2.0	1.5	2.0	2.0	2.0	2.0	1.0	0.5	2.0	0.5	16
RWA.L	4.6	1.0	1.0	1.0	1.0	0.5	1.0	1.0	0.0	2.0	0.5	1.0	0.0	1.0	2.0	1.0	0.0	2.0	0.5	14
CASY	5.6	0.5	0.0	1.0	2.0	1.0	2.0	1.0	0.5	1.0	1.5	1.5	1.0	1.0	2.0	2.0	0.5	0.5	1.0	18
RUBI	6.0	1.0	1.0	1.0	1.0	0.0	0.0	2.0	1.0	0.0	1.0	1.0	2.0	2.0	1.5	1.0	2.0	2.0	2.0	13
SKE	3.3	1.0	1.0	1.0	1.0	0.5	1.0	0.0	0.0	0.0	1.0	1.0	0.0	1.0	1.0	1.0	0.0	0.5	1.0	10
TXNM	5.7	0.5	0.0	1.0	1.5	1.0	1.0	2.0	1.5	0.0	1.0	2.0	1.5	1.5	1.0	1.0	2.0	0.0	2.0	18
GLRE	5.4	1.0	1.0	1.0	1.0	1.0	0.0	0.5	0.0	2.0	1.0	1.5	2.0	1.0	2.0	1.0	0.0	1.5	2.0	14
OLVAS.HE	6.8	2.0	1.0	1.0	2.0	1.0	1.5	1.5	1.0	1.0	0.5	1.5	1.5	2.0	2.0	2.0	1.0	1.0	1.0	17
DOUG	5.6	2.0	1.0	1.0	1.0	1.0	1.0	2.0	0.0	2.0	1.0	0.0	2.0	1.0	2.0	1.0	0.0	2.0	0.0	15
SEZL	6.9	2.0	0.0	1.0	2.0	2.0	2.0	2.0	2.0	1.0	1.0	2.0	0.0	1.5	1.0	1.0	2.0	0.5	2.0	18
ZLAB	3.6	1.0	2.0	1.0	0.0	0.0	0.5	0.0	0.0	0.0	1.5	1.0	1.0	1.0	1.0	1.0	0.0	2.0	0.0	16
SCSC	6.4	2.0	2.0	1.0	2.0	1.0	1.5	0.5	0.5	2.0	0.5	2.0	1.5	1.5	2.0	1.0	0.5	1.0	0.5	18
LIME	6.4	2.0	1.0	1.0	1.0	2.0	2.0	1.5	0.5	1.0	1.0	0.0	1.5	1.5	2.0	1.0	1.0	1.5	1.5	15
TRAX	3.9	1.0	1.0	1.0	0.0	0.5	1.0	0.0	0.0	1.0	1.5	1.0	0.5	1.0	1.0	1.0	0.0	1.5	1.0	11
HTZ	4.7	1.0	1.0	1.0	0.0	0.5	1.0	0.5	0.5	2.0	1.0	1.0	1.0	0.0	1.5	1.0	0.5	2.0	1.5	15
SRC.L	5.6	1.0	1.0	1.0	1.0	1.0	1.0	1.0	1.0	1.5	1.5	0.0	0.0	1.5	2.0	1.0	1.5	1.5	1.5	16
ALKAL.PA	5.0	1.0	1.0	0.0	1.0	0.5	0.5	2.0	0.5	0.0	0.5	1.0	1.5	1.5	1.5	1.0	2.0	0.5	2.0	14
NRIX	3.6	1.0	2.0	1.0	2.0	0.5	0.0	0.0	0.0	0.0	1.5	1.0	0.5	1.0	0.0	1.0	0.0	1.5	0.0	16
FLYW	6.1	0.0	1.0	1.0	2.0	1.0	2.0	2.0	0.0	1.5	1.5	2.0	1.5	0.5	1.5	1.0	0.5	1.5	1.5	18
LSPD	5.4	1.0	1.0	1.0	1.5	0.5	1.0	1.5	0.0	1.0	1.5	1.0	2.0	1.0	2.0	1.0	0.0	2.0	0.5	15
INFQ	4.0	1.0	1.0	1.0	1.0	0.0	2.0	1.0	0.0	1.0	1.0	1.0	1.0	1.0	0.0	1.0	0.0	1.5	0.0	13
CLLS	5.0	1.0	1.0	1.0	2.0	0.0	0.0	2.0	0.0	2.0	0.5	1.0	1.5	1.0	2.0	1.0	0.0	2.0	0.0	15
RCL	7.2	2.0	1.0	1.0	1.0	2.0	1.0	2.0	2.0	0.0	2.0	2.0	0.5	1.5	1.5	2.0	2.0	0.5	2.0	18
MICC.US	6.1	2.0	2.0	1.0	1.0	1.0	1.0	1.5	1.0	1.0	0.5	2.0	0.5	1.5	2.0	1.0	1.0	1.0	1.0	17
ADP	5.8	1.0	0.0	1.0	1.0	2.0	1.0	1.5	1.5	1.5	1.5	1.5	0.0	1.0	1.5	1.5	1.5	0.5	1.5	18
GIL	6.2	2.0	0.0	1.0	2.0	1.0	2.0	1.0	1.5	0.0	1.0	2.0	1.5	1.5	1.5	1.5	1.5	0.5	1.0	18
SRAIL.ZU	5.6	0.5	1.0	1.0	1.0	1.0	2.0	0.5	0.5	0.0	1.0	2.0	1.0	1.5	2.0	2.0	0.5	1.5	1.0	16
MTRN	5.6	1.5	1.0	1.0	2.0	1.0	2.0	0.5	1.0	0.5	1.0	2.0	1.0	0.5	1.5	2.0	0.5	0.0	1.0	17
IOVA	4.4	1.0	2.0	1.0	2.0	0.0	2.0	1.5	0.0	0.0	1.5	1.0	0.5	1.0	0.5	1.0	0.0	1.0	0.0	16
BBIO	3.6	1.0	0.0	1.0	0.0	0.0	2.0	2.0	0.0	0.0	2.0	1.0	1.0	1.0	0.0	1.0	0.0	1.0	0.0	15
FLY	4.2	1.0	1.0	1.0	1.5	0.0	2.0	1.0	0.0	0.0	1.5	1.0	1.0	1.0	0.5	1.0	0.0	1.5	0.0	15
HLI.ASX	6.7	2.0	1.0	1.0	1.0	2.0	0.0	2.0	2.0	2.0	0.5	0.0	1.5	1.0	1.0	2.0	2.0	2.0	1.0	16
HIAB.HE	6.4	1.0	1.0	1.0	2.0	1.0	1.0	1.0	1.0	2.0	1.0	2.0	1.0	1.0	1.5	1.5	1.0	2.0	1.0	17
GRWG	4.4	1.0	1.0	1.0	2.0	0.0	1.0	1.0	0.0	0.0	0.5	1.0	1.5	1.0	2.0	1.0	0.0	2.0	0.0	16
HDB	5.8	1.5	1.0	1.0	1.0	2.0	1.5	0.0	2.0	1.0	0.5	1.0	0.5	1.0	2.0	2.0	0.0	2.0	1.0	14
ALSPT.PA	5.6	1.0	1.0	1.0	1.0	0.5	0.5	2.0	0.0	2.0	0.5	1.0	2.0	1.5	2.0	1.0	0.5	2.0	0.5	14
RSL2.DE	5.4	0.0	1.0	1.0	1.0	1.0	0.5	2.0	0.5	2.0	0.5	0.0	1.5	2.0	2.0	1.0	0.5	2.0	1.0	16
2601.HK	7.2	2.0	1.0	1.0	1.0	1.5	1.0	1.0	2.0	2.0	1.5	0.5	2.0	1.0	1.0	2.0	1.5	2.0	2.0	16
WOR.ASX	5.4	1.5	1.0	1.0	0.0	1.0	0.5	0.0	0.5	2.0	1.5	2.0	2.0	1.5	2.0	0.0	0.5	2.0	0.5	17
SUPV.US	5.4	1.0	1.0	1.0	2.0	0.0	1.0	0.0	0.5	1.0	1.0	1.0	2.0	1.0	2.0	1.0	0.0	2.0	2.0	14
IRS	7.4	0.5	1.0	1.0	1.0	2.0	1.0	2.0	2.0	2.0	0.5	0.0	2.0	2.0	2.0	2.0	2.0	2.0	1.5	17
CCSI	6.8	2.0	0.0	1.0	0.5	2.0	1.0	2.0	2.0	2.0	0.5	1.5	0.0	2.0	1.5	1.0	2.0	1.5	2.0	18
OEMb.ST	5.1	0.5	1.0	1.0	1.0	1.5	1.5	1.5	1.0	0.5	0.5	1.5	0.5	0.5	1.5	2.0	1.0	0.5	1.0	17
PEBO	6.9	1.5	2.0	1.0	2.0	2.0	1.5	0.0	2.0	1.0	1.0	1.5	1.5	1.0	1.5	2.0	0.0	1.5	2.0	16
SRG.MI	7.1	1.0	1.0	1.0	1.0	2.0	1.0	2.0	2.0	0.0	2.0	2.0	1.5	1.5	1.0	1.0	2.0	1.5	2.0	17
4902.T	6.1	0.0	1.0	1.0	1.0	1.0	1.0	1.5	0.5	2.0	1.0	0.0	2.0	2.0	2.0	2.0	1.0	2.0	1.0	16
S32.ASX	5.8	0.0	1.0	1.0	1.0	1.5	1.0	2.0	1.5	0.0	1.5	0.0	1.5	1.0	1.5	2.0	1.5	1.0	2.0	16
TRU.US	7.8	2.0	2.0	1.0	0.5	1.5	1.5	2.0	1.5	1.5	2.0	2.0	1.5	1.5	1.5	2.0	1.5	1.0	1.5	18
CAF.PA	5.6	0.0	1.0	1.0	1.0	2.0	1.5	0.0	2.0	1.0	1.0	1.0	2.0	1.0	1.5	2.0	0.0	2.0	0.0	12
MGAM.L	5.4	2.0	1.0	1.0	1.0	1.0	1.0	0.0	1.0	2.0	1.0	1.0	0.0	1.5	2.0	0.0	1.0	2.0	1.0	15
DSI.AE	4.2	1.0	1.0	1.0	1.0	0.0	2.0	0.0	0.0	0.0	1.0	1.0	1.0	1.0	2.0	1.0	0.0	2.0	0.0	13
AUTL	4.0	1.0	1.0	1.0	2.0	0.0	2.0	0.0	0.0	0.0	1.0	1.0	0.5	1.0	1.0	1.0	0.0	2.0	0.0	16
CRBP	4.0	1.0	1.0	1.0	0.0	0.5	1.0	0.0	0.0	0.0	1.5	1.0	1.5	1.0	1.0	1.0	0.0	2.0	1.0	12
ACIW	5.6	1.0	1.0	1.0	0.0	1.5	1.0	1.5	1.0	1.5	0.5	2.0	1.0	1.0	1.5	1.0	1.5	0.5	1.5	18
ODC	5.3	0.0	1.0	1.0	1.0	1.5	1.0	1.0	1.0	1.0	1.0	1.0	1.0	1.0	1.5	2.0	1.0	0.5	1.5	14
MF.PA	6.0	2.0	1.0	1.0	1.0	0.5	1.0	0.5	1.0	0.0	1.0	1.0	1.5	1.5	2.0	2.0	1.0	2.0	1.5	15
TTE	7.5	2.0	1.0	1.0	0.5	1.0	2.0	1.5	1.0	1.5	1.5	2.0	1.5	2.0	2.0	2.0	1.5	1.5	1.5	17
AFL	6.7	1.5	0.0	1.0	1.0	2.0	0.5	2.0	2.0	2.0	1.5	0.0	1.5	1.5	1.5	2.0	1.5	1.5	1.0	18
BYIT.L	6.2	1.0	1.0	1.0	1.0	2.0	1.0	2.0	2.0	1.0	1.5	0.0	0.0	1.0	1.5	2.0	1.5	1.0	2.0	16
TRVI	3.8	1.0	1.0	1.0	0.5	0.5	1.0	0.0	0.0	0.0	1.5	1.0	0.5	1.0	1.0	1.0	0.0	1.5	1.0	13
ABAT	3.6	1.0	1.0	1.0	0.0	0.5	2.0	0.0	0.0	0.5	0.5	1.0	1.5	1.0	0.5	1.0	0.0	1.5	0.0	15
NFLX	6.7	1.5	2.0	1.0	0.5	2.0	1.5	1.5	2.0	2.0	2.0	1.5	0.5	0.5	1.0	1.0	1.5	0.5	1.5	18
NSI.NV	5.8	0.0	1.0	1.0	1.0	0.0	0.5	2.0	2.0	2.0	1.0	1.0	2.0	1.5	1.0	0.0	2.0	1.0	2.0	15
MSFT.24-7	6.9	1.0	1.0	1.0	1.5	2.0	1.5	2.0	2.0	0.5	2.0	2.0	0.5	1.0	0.5	2.0	2.0	0.5	2.0	17
SBID.L	6.4	2.0	1.0	1.0	1.0	2.0	1.5	0.0	2.0	1.0	0.5	1.0	2.0	1.0	2.0	2.0	0.0	2.0	1.0	12
CCN.PA	6.0	1.5	1.0	1.0	1.0	2.0	1.5	0.0	2.0	1.0	1.0	1.0	2.0	1.0	1.5	2.0	0.0	2.0	0.0	12
HUM	6.0	1.5	0.0	1.0	0.0	1.0	2.0	0.5	0.5	1.0	2.0	2.0	1.5	1.5	2.0	2.0	0.5	2.0	0.5	18
00966.HK	7.1	2.0	1.0	1.0	1.0	2.0	2.0	1.5	2.0	0.0	1.5	0.0	2.0	1.0	1.0	2.0	1.5	2.0	2.0	16
WJG.L	3.9	1.0	1.0	1.0	1.0	0.5	0.0	0.0	0.0	2.0	0.5	1.0	0.0	1.0	2.0	1.0	0.0	2.0	0.0	14
HEI	6.5	1.0	2.0	1.0	2.0	1.5	2.0	1.5	2.0	0.5	2.0	1.5	0.5	0.0	1.0	2.0	1.5	0.0	1.5	18
COFA.PA	6.1	1.5	1.0	1.0	1.0	1.5	1.0	2.0	1.5	0.0	0.5	1.5	1.5	1.0	1.5	1.0	1.5	2.0	1.0	16
KGC	8.1	1.5	2.0	1.0	0.0	2.0	2.0	2.0	2.0	2.0	1.5	1.0	1.5	2.0	1.5	2.0	2.0	1.0	2.0	18
WERN	5.6	0.5	2.0	1.0	2.0	0.5	2.0	0.5	0.5	1.0	1.5	1.0	1.5	1.5	2.0	0.0	1.0	0.5	1.0	17
HM-B.ST	5.8	0.5	1.0	1.0	0.0	1.0	1.0	2.0	1.0	1.5	2.0	1.0	0.5	1.5	2.0	1.0	1.0	1.5	1.5	17
AD.NV	6.1	1.0	1.0	1.0	0.5	1.0	1.0	1.0	0.5	2.0	1.5	1.5	1.5	1.5	2.0	2.0	0.5	1.5	1.0	17
GPT.ASX	6.5	1.0	1.0	1.0	1.0	2.0	0.5	2.0	2.0	2.0	1.5	0.0	2.0	0.5	0.5	2.0	2.0	0.5	2.0	16
AEG	5.1	0.0	1.0	1.0	1.0	1.0	0.5	1.5	0.5	0.0	0.5	2.0	1.5	1.0	2.0	1.5	0.0	2.0	1.5	15
LQDA	5.7	0.0	1.0	1.0	1.0	2.0	2.0	2.0	2.0	0.5	1.0	2.0	0.0	0.0	0.5	1.0	2.0	0.5	2.0	18
MCY	6.9	1.5	1.0	1.0	1.0	1.5	1.5	1.0	1.5	2.0	0.5	0.0	1.5	2.0	2.0	2.0	1.5	2.0	1.5	17
ASKER.ST	5.8	0.5	1.0	1.0	1.5	1.0	1.5	1.5	0.5	1.0	1.0	2.0	1.0	1.0	2.0	2.0	1.0	0.5	1.0	17
CMG	5.6	1.5	0.0	0.5	1.0	1.5	1.0	1.5	1.5	1.0	2.0	2.0	0.0	1.0	1.5	1.0	1.0	0.5	1.5	18
AEIS	6.4	0.5	2.0	1.0	2.0	1.5	2.0	1.5	1.5	0.5	1.5	2.0	0.5	0.0	1.0	2.0	1.0	1.5	1.0	18
9502.T	4.6	0.0	1.0	1.0	0.0	1.0	1.0	0.5	0.0	1.0	1.0	0.0	2.0	1.0	2.0	2.0	0.5	1.5	1.0	15
EKF.L	5.1	1.0	1.0	1.0	1.0	1.0	0.5	2.0	1.0	1.0	0.5	0.0	0.0	1.5	2.0	1.0	1.0	1.5	1.5	16
CW	5.3	1.0	0.0	1.0	0.5	1.5	1.0	1.5	1.5	1.0	1.0	1.5	0.5	0.5	1.0	2.0	1.5	0.5	1.5	18
MTX.DE	6.0	1.0	1.0	1.0	1.0	1.5	1.5	0.5	1.0	0.5	2.0	1.5	1.0	1.0	1.5	2.0	1.0	1.5	1.0	17
JBTM	6.1	1.5	1.0	1.0	0.0	1.0	1.0	1.5	1.0	1.5	1.0	2.0	1.5	1.5	2.0	2.0	1.0	0.5	1.0	18
DRS	6.0	0.5	2.0	1.0	1.5	1.0	1.5	1.0	1.0	1.0	1.5	1.5	1.0	1.0	1.5	2.0	1.0	0.5	1.0	18
1044.HK	6.2	0.5	1.0	1.0	1.0	1.5	0.5	1.5	1.0	1.0	1.5	0.5	2.0	2.0	2.0	1.5	1.0	2.0	1.0	16
MAC	5.4	0.0	1.0	1.0	2.0	0.0	1.0	2.0	1.5	1.5	1.5	1.0	1.5	0.5	0.5	0.0	2.0	0.5	2.0	17
RSI	5.7	0.0	2.0	1.0	0.5	1.0	2.0	1.0	1.0	1.0	1.5	2.0	0.0	1.5	2.0	1.0	1.0	1.0	1.0	18
3888.HK	6.8	2.0	1.0	1.0	0.0	2.0	1.0	2.0	1.5	1.5	1.0	0.0	1.5	1.5	2.0	2.0	1.0	2.0	1.5	17
GET.PA	6.7	2.0	1.0	1.0	1.0	1.5	1.5	2.0	2.0	1.0	1.5	1.0	1.0	1.0	1.0	0.0	2.0	1.5	2.0	16
VLGDF	3.8	1.0	1.0	1.0	1.0	0.5	1.0	0.0	0.0	1.0	1.0	1.0	0.0	1.0	1.0	1.0	0.0	1.0	1.0	7
FNAC.PA	5.3	1.0	1.0	1.0	1.0	0.5	1.0	1.0	0.0	2.0	0.5	1.0	2.0	1.5	2.0	0.0	0.5	2.0	1.0	14
PSH.L	4.9	1.0	1.0	1.0	1.0	0.5	1.0	0.0	2.0	0.0	1.0	1.0	0.0	1.0	1.0	2.0	0.0	2.0	2.0	11
HOLO	4.9	1.0	1.0	1.0	1.0	0.0	2.0	0.5	0.5	0.0	1.0	1.0	2.0	1.0	1.0	1.0	0.5	2.0	1.0	13
SWA.DE	5.7	0.5	1.0	1.0	1.0	1.0	0.5	1.5	0.0	1.5	0.5	1.5	2.0	2.0	2.0	2.0	0.5	1.0	1.0	16
2611.HK	7.1	2.0	1.0	1.0	1.0	2.0	2.0	2.0	2.0	1.0	1.0	0.5	2.0	1.0	1.0	2.0	0.0	2.0	2.0	14
MAIRE.MI	5.4	0.0	1.0	1.0	0.0	1.0	1.0	1.0	0.5	2.0	1.5	1.5	0.5	1.5	2.0	1.5	0.5	2.0	1.0	17
ESI	5.6	0.0	0.0	1.0	1.5	1.0	2.0	1.5	1.0	0.5	1.5	2.0	1.0	1.0	1.5	2.0	1.0	0.5	1.0	18
TTO.DE	3.9	1.0	1.0	1.0	1.0	0.5	0.5	2.0	0.0	0.0	1.0	1.0	1.0	1.0	0.0	1.0	0.0	2.0	0.0	10
HRZN	6.5	1.0	1.0	1.0	1.5	1.0	1.0	2.0	2.0	2.0	1.0	2.0	2.0	1.0	1.0	0.0	0.0	2.0	2.0	17
TMIP.L	4.9	1.0	1.0	1.0	1.0	0.0	1.0	1.5	0.0	0.0	1.0	1.0	0.0	1.0	2.0	2.0	0.0	2.0	2.0	12
EXPD	5.4	0.5	0.0	1.0	2.0	1.0	2.0	0.5	1.0	1.0	1.5	1.5	0.0	1.0	2.0	2.0	1.0	0.5	1.0	18
LBTYA	6.7	2.0	2.0	1.0	2.0	0.0	0.5	2.0	0.5	0.0	1.5	1.0	2.0	1.5	1.5	1.0	1.5	2.0	2.0	17
GRRR	4.7	1.0	1.0	1.0	0.0	0.0	2.0	0.5	0.0	2.0	1.0	1.0	1.5	1.0	2.0	1.0	0.0	2.0	0.0	15
IPOK.DE	3.8	1.0	1.0	1.0	1.0	0.5	1.0	0.0	2.0	2.0	1.0	1.0	1.0	0.0	1.0	0.0	0.0	0.0	0.0	12
SYR.ASX	4.2	1.0	1.0	1.0	1.0	0.5	2.0	0.0	0.0	0.0	0.5	1.0	2.0	1.0	1.0	1.0	0.0	2.0	0.0	14
MQG.ASX	5.0	1.0	1.0	1.0	1.0	1.0	1.0	1.0	1.0	1.0	1.0	1.0	1.0	1.0	1.0	1.0	1.0	1.0	1.0	1
MBG.DE	5.8	2.0	1.0	1.0	0.0	1.0	0.5	0.5	0.5	0.0	2.0	2.0	2.0	1.5	2.0	1.5	0.5	2.0	1.0	17
SWKS	5.0	0.0	0.0	1.0	0.5	1.0	0.5	1.5	1.0	1.0	1.5	2.0	1.5	1.0	1.5	0.0	1.5	1.0	1.5	18
STRA	7.1	2.0	0.0	1.0	1.5	1.5	1.0	1.5	1.5	2.0	0.5	2.0	1.5	2.0	2.0	2.0	1.0	1.0	1.5	18
NWL	5.4	2.0	0.0	1.0	0.5	0.5	1.0	1.5	1.0	2.0	1.0	1.0	2.0	1.5	2.0	0.0	1.0	1.0	0.5	17
ADM	5.4	1.5	0.0	1.0	2.0	1.0	1.0	0.0	0.5	1.0	1.5	2.0	1.5	1.0	2.0	2.0	0.5	0.5	0.5	18
SOON.ZU	6.7	1.5	1.0	1.0	1.0	1.5	1.0	2.0	1.5	1.0	1.5	2.0	1.0	1.0	1.5	2.0	1.5	0.5	1.5	15
EQNR	7.8	1.5	0.0	1.0	2.0	1.0	2.0	1.5	2.0	2.0	1.0	1.5	1.0	2.0	2.0	2.0	2.0	2.0	1.5	18
CCH.L	6.1	1.0	1.0	1.0	1.0	1.0	1.5	1.5	1.0	2.0	1.5	0.0	0.0	1.5	2.0	2.0	1.0	2.0	1.0	17
XMTR	4.3	1.0	2.0	1.0	0.5	0.5	2.0	1.5	0.0	0.0	1.5	1.0	0.0	1.0	1.0	1.0	0.0	1.0	0.5	16
LIGHT.NV	6.1	1.5	1.0	1.0	0.0	1.0	0.5	1.5	0.5	2.0	1.5	2.0	2.0	2.0	2.0	0.0	0.5	2.0	1.0	17
BBAR	5.3	0.0	2.0	1.0	1.0	1.0	1.0	0.0	1.5	1.0	0.5	1.0	2.0	1.0	2.0	2.0	0.0	2.0	0.0	15
TBBK	6.0	1.5	2.0	1.0	1.5	2.0	1.0	0.0	2.0	1.0	0.5	2.0	1.5	1.0	1.0	1.0	0.0	0.5	2.0	16
ICUI	5.7	2.0	0.0	1.0	1.5	1.0	1.0	1.5	0.5	1.0	1.0	2.0	1.5	1.0	1.5	1.0	1.0	1.0	1.0	18
2503.T	5.8	1.0	1.0	1.0	0.0	1.0	1.0	1.5	1.0	2.0	1.5	0.0	1.5	1.5	2.0	2.0	1.0	1.0	1.0	17
FSV	5.6	0.5	2.0	1.0	0.5	1.0	1.0	1.0	0.5	1.5	1.0	2.0	1.0	1.0	2.0	2.0	0.5	0.5	1.0	18
FOXT.L	5.3	1.5	1.0	1.0	1.0	1.0	0.5	2.0	0.5	2.0	0.5	0.0	0.0	1.5	2.0	2.0	1.0	0.5	1.0	16
LBTYK	6.2	2.0	2.0	1.0	1.0	0.0	0.5	2.0	0.5	0.0	1.0	1.0	2.0	1.5	1.5	1.0	1.5	2.0	2.0	15
FORT.L	5.0	2.0	1.0	1.0	1.0	1.0	0.0	1.0	1.0	1.5	1.0	0.0	0.0	1.5	2.0	1.5	1.0	0.5	1.0	16
CP	7.4	1.0	1.0	1.0	1.5	2.0	1.5	2.0	2.0	1.0	1.5	2.0	1.5	1.5	1.0	2.0	2.0	0.0	2.0	18
CUBE	5.8	0.0	0.0	1.0	2.0	2.0	1.0	2.0	2.0	1.5	1.5	1.5	1.0	1.0	0.5	0.0	2.0	0.0	2.0	18
SMSD.L	7.9	2.0	1.0	1.0	0.0	2.0	2.0	2.0	2.0	2.0	0.5	2.0	2.0	1.0	1.0	2.0	2.0	2.0	2.0	17
CRDO	5.7	0.0	1.0	1.0	1.5	2.0	2.0	2.0	2.0	0.5	1.5	2.0	0.0	0.0	0.0	1.0	1.5	0.5	2.0	18
BANR	6.2	1.0	2.0	1.0	0.5	2.0	1.0	0.0	2.0	1.0	1.0	1.5	1.5	1.0	1.5	2.0	0.0	1.5	2.0	16
FDMT	4.0	1.0	1.0	1.0	0.5	0.0	2.0	0.0	0.0	0.0	1.5	1.0	1.5	1.0	1.0	1.0	0.0	2.0	0.0	16
MVST	5.7	1.0	2.0	1.0	0.0	1.5	0.5	1.0	0.0	2.0	0.5	1.0	2.0	2.0	2.0	1.0	1.0	2.0	0.0	16
EQV1V.HE	6.1	1.0	1.0	1.0	1.0	2.0	1.0	2.0	2.0	1.5	0.5	1.5	0.5	1.0	1.0	0.0	2.0	1.0	2.0	14
DCO	4.7	1.5	1.0	1.0	1.0	0.5	1.5	1.0	1.0	1.0	1.0	1.0	1.0	0.5	1.5	1.0	1.0	0.5	0.0	16
ALFEN.NV	6.0	0.0	1.0	1.0	1.0	1.0	2.0	1.0	0.5	2.0	1.0	2.0	1.5	1.5	2.0	1.0	0.5	1.5	1.0	16
APP	6.5	2.0	0.0	1.0	0.5	2.0	2.0	2.0	2.0	1.0	2.0	2.0	0.0	1.0	0.5	1.0	2.0	0.5	2.0	18
YNGA.L	5.8	1.0	1.0	1.0	1.0	1.0	1.0	1.5	1.0	2.0	1.0	0.0	0.0	2.0	2.0	2.0	1.5	0.5	1.5	16
BO.CO	4.6	0.5	1.0	1.0	1.0	0.5	0.5	2.0	0.5	0.0	0.5	1.0	1.5	0.5	2.0	1.0	0.5	2.0	0.5	15
STRO	4.3	1.0	2.0	1.0	2.0	0.5	0.0	0.0	0.0	0.0	1.5	1.0	1.0	1.0	1.5	1.0	0.0	2.0	0.0	15
COFFEEB.ST	6.7	0.0	1.0	1.0	1.0	1.0	2.0	2.0	0.5	1.0	1.0	2.0	1.5	2.0	1.5	1.0	2.0	1.5	2.0	15
UN9.DE	6.0	1.5	1.0	1.0	1.0	1.0	1.5	0.5	0.5	0.0	1.0	1.0	1.5	2.0	2.0	2.0	0.5	2.0	1.5	14
IOT	5.0	0.0	1.0	1.0	2.0	1.0	2.0	2.0	0.5	0.5	2.0	2.0	0.0	0.0	0.5	1.0	0.5	0.5	1.5	18
HD	5.3	1.0	2.0	1.0	0.5	1.0	1.0	1.0	1.0	1.0	2.0	1.5	0.0	1.0	1.5	1.5	1.0	0.0	1.0	18
OOMA	5.4	0.0	1.0	1.0	2.0	1.0	2.0	2.0	0.5	1.5	1.0	2.0	0.5	0.5	1.5	1.0	0.5	0.5	1.0	17
ORI	7.2	1.5	2.0	1.0	1.0	1.5	1.5	2.0	1.5	2.0	0.5	0.0	1.5	2.0	2.0	2.0	1.0	2.0	1.0	18
ZZb.ST	7.1	1.5	1.0	1.0	2.0	1.5	1.5	1.0	1.0	2.0	0.5	1.5	1.0	2.0	2.0	2.0	1.0	1.5	1.5	17
VERK.HE	5.7	1.0	1.0	1.0	2.0	1.0	1.0	0.5	0.5	2.0	0.5	1.0	1.0	1.5	2.0	2.0	0.5	1.5	0.5	17
ISPR	3.9	1.0	1.0	1.0	0.0	0.0	2.0	0.5	0.0	0.0	0.5	1.0	1.0	1.0	2.0	1.0	0.0	2.0	0.0	14
VVV3.DE	6.7	2.0	1.0	1.0	1.0	2.0	0.5	2.0	2.0	1.0	0.5	0.5	1.5	2.0	2.0	0.0	2.0	2.0	1.0	14
CHAR.L	2.8	0.0	1.0	1.0	1.0	0.5	1.0	0.0	0.0	0.0	0.5	1.0	0.0	1.0	1.0	1.0	0.0	0.0	1.0	12
SAX.DE	6.0	0.0	1.0	1.0	0.0	1.0	1.0	1.5	1.0	2.0	1.5	2.0	1.0	2.0	2.0	1.0	1.5	0.5	1.5	17
RMS.PA	6.8	0.5	1.0	1.0	1.0	2.0	1.0	2.0	2.0	1.0	2.0	1.5	0.5	1.0	1.0	2.0	2.0	1.0	2.0	16
NGS	7.4	2.0	2.0	1.0	1.5	1.5	2.0	2.0	1.5	0.0	0.5	2.0	1.5	1.5	1.5	2.0	2.0	0.0	2.0	18
VTU.L	5.1	1.0	1.0	1.0	1.0	1.0	1.0	0.5	0.5	2.0	0.5	0.0	0.0	2.0	2.0	2.0	0.5	2.0	0.5	16
SLG	5.3	1.5	0.0	1.0	1.0	0.0	2.0	1.5	1.5	2.0	1.5	1.0	1.5	0.0	0.5	0.0	2.0	1.0	1.0	17
SSD	6.0	0.5	0.0	1.0	0.5	1.5	1.0	1.5	1.5	1.5	1.0	1.5	1.0	1.5	1.5	2.0	1.5	1.0	1.5	18
UHR.ZU	6.1	2.0	1.0	1.0	1.0	1.0	1.0	2.0	0.5	1.0	1.5	2.0	2.0	1.0	2.0	0.0	0.5	1.5	1.0	16
MTG	7.5	2.0	0.0	1.0	2.0	2.0	0.5	2.0	2.0	2.0	1.0	1.5	1.5	2.0	1.0	2.0	2.0	0.5	2.0	18
MGM	5.6	2.0	0.0	0.5	0.0	1.0	1.0	1.5	0.5	2.0	1.5	1.5	1.0	1.0	1.5	1.0	1.0	2.0	1.0	18
SAP	6.2	1.0	2.0	1.0	1.5	2.0	1.0	2.0	2.0	1.0	1.5	2.0	0.0	0.0	0.0	2.0	1.5	0.5	1.5	18
ALLAN.PA	6.1	1.5	1.0	1.0	1.0	1.0	0.0	1.5	1.5	2.0	0.5	2.0	2.0	1.0	1.5	2.0	1.0	0.5	1.0	16
CWC.DE	5.8	1.5	1.0	1.0	1.0	1.0	1.0	2.0	0.0	0.0	1.0	1.5	1.5	2.0	2.0	2.0	1.0	0.5	1.0	16
ALDLS.PA	4.2	1.0	1.0	1.0	1.0	0.5	0.5	0.0	0.5	1.0	1.0	1.0	2.0	1.0	1.0	0.0	0.5	1.0	1.0	8
SNG.DE	3.8	0.0	1.0	1.0	1.0	0.0	2.0	1.0	0.5	0.0	0.5	1.0	1.0	1.0	1.5	1.0	0.0	1.0	0.0	14
6752.T	6.4	1.5	1.0	1.0	1.5	1.0	1.0	1.0	1.0	0.0	1.5	2.0	1.5	1.5	2.0	2.0	1.0	1.5	1.0	17
DD	5.8	1.0	0.0	1.0	0.5	1.0	1.0	1.5	1.0	2.0	1.5	2.0	1.5	1.5	1.5	0.0	1.5	1.0	1.5	18
AJG	7.2	2.0	2.0	1.0	0.5	1.5	2.0	1.5	1.5	1.0	1.5	2.0	1.5	1.0	1.5	2.0	1.5	0.5	1.5	18
4568.T	6.1	1.0	1.0	1.0	0.5	1.5	2.0	2.0	1.0	0.0	1.5	1.0	1.5	1.0	1.5	2.0	1.0	1.5	1.0	17
JUN3.DE	6.5	0.5	1.0	1.0	1.5	1.0	1.0	1.0	0.5	2.0	1.5	2.0	2.0	1.5	2.0	1.5	0.5	2.0	1.0	17
ALORA.PA	5.4	1.0	1.0	1.0	1.0	0.5	0.5	2.0	0.0	1.0	1.0	1.0	2.0	1.5	2.0	1.0	0.5	1.5	1.0	11
UFPI	5.3	0.5	0.0	1.0	0.5	1.0	1.0	0.5	0.5	1.0	1.0	2.0	1.5	1.5	2.0	2.0	0.5	1.5	1.0	18
ITUB	5.8	1.5	0.0	1.0	0.5	2.0	1.5	0.0	2.0	1.0	1.0	1.5	1.5	1.0	1.0	1.5	0.0	2.0	2.0	16
PMT	5.0	2.0	1.0	1.0	0.0	2.0	1.0	2.0	1.0	1.0	1.0	1.0	2.0	1.0	0.0	0.0	0.0	2.0	0.0	16
SEG	3.9	1.0	1.0	1.0	1.0	0.0	0.0	0.0	0.0	1.0	0.5	1.0	2.0	1.0	1.5	1.0	0.0	2.0	0.0	16
IREN	3.5	0.5	0.0	1.0	0.0	0.0	0.0	2.0	0.0	0.0	1.5	1.0	1.0	0.0	0.0	1.0	0.5	2.0	2.0	17
HBNC	5.1	2.0	0.0	1.0	1.0	0.5	1.5	0.0	2.0	1.0	1.0	1.0	1.5	1.0	1.0	2.0	0.0	2.0	0.0	15
MLI	6.5	0.5	1.0	1.0	1.5	1.5	2.0	1.0	1.5	1.0	0.5	1.5	1.0	1.5	1.5	2.0	1.5	1.5	1.5	17
WA1.ASX	3.8	1.0	1.0	1.0	1.0	0.5	1.0	0.0	0.0	0.0	0.5	1.0	1.0	1.0	1.0	1.0	0.0	1.5	1.0	11
SU.PA	6.2	1.0	1.0	1.0	1.0	1.5	1.0	1.5	1.5	1.0	2.0	2.0	0.5	0.5	1.5	2.0	1.5	0.5	1.5	16
DOM.ST	6.2	1.0	1.0	1.0	0.0	1.0	0.5	1.0	1.0	2.0	1.0	2.0	2.0	2.0	2.0	1.0	1.0	2.0	1.0	17
CVLT	6.0	0.5	2.0	1.0	2.0	1.0	1.5	2.0	1.0	1.0	1.5	2.0	0.0	0.0	1.0	1.0	1.0	1.5	1.5	18
GO	4.7	1.0	2.0	1.0	0.0	0.5	1.0	1.0	0.5	0.0	1.5	1.0	1.5	1.0	2.0	1.0	0.5	1.0	0.5	16
ETN	6.2	0.5	2.0	1.0	1.0	1.5	2.0	1.5	1.5	0.5	2.0	2.0	0.5	0.5	1.0	2.0	1.5	0.0	1.5	18
KRN.DE	6.7	2.0	1.0	1.0	1.0	1.0	1.0	2.0	0.5	1.0	1.5	1.5	1.5	2.0	2.0	2.0	0.5	1.5	1.0	17
HBH.DE	6.8	1.5	1.0	1.0	1.0	1.0	1.0	1.0	1.0	2.0	1.0	1.5	2.0	2.0	2.0	2.0	0.5	2.0	1.0	16
CDA.ASX	6.1	1.5	1.0	1.0	1.0	2.0	2.0	2.0	2.0	0.5	1.0	2.0	0.0	0.0	0.5	2.0	1.5	0.0	2.0	16
SHOP	5.3	1.0	0.0	1.0	1.5	1.5	2.0	1.5	1.5	0.5	2.0	2.0	0.0	0.0	0.5	1.0	1.0	0.5	1.5	18
IFX.DE	6.7	2.0	1.0	1.0	1.5	1.0	1.5	1.5	1.0	1.0	2.0	2.0	1.0	1.0	1.0	2.0	1.5	0.5	1.5	17
RITM	5.4	1.0	2.0	1.0	0.0	1.5	1.0	2.0	0.5	1.0	1.5	2.0	2.0	1.0	1.0	0.0	0.0	2.0	0.0	16
WAF.ASX	8.3	2.0	1.0	1.0	1.0	2.0	2.0	2.0	2.0	2.0	0.5	2.0	1.5	2.0	2.0	1.0	2.0	2.0	2.0	16
IOS.DE	6.5	1.0	1.0	1.0	1.0	1.5	1.0	2.0	2.0	1.5	1.5	2.0	0.0	1.5	1.5	1.0	1.5	0.5	2.0	16
STBA	6.5	1.5	1.0	1.0	2.0	2.0	1.0	0.0	2.0	1.0	1.0	1.5	1.5	1.0	1.5	2.0	0.0	1.5	2.0	16
LUG.ST	4.2	1.0	1.0	1.0	0.0	2.0	1.0	2.0	2.0	0.5	0.5	0.0	0.0	0.0	0.0	0.0	2.0	0.0	2.0	17
MCOVb.ST	3.6	0.5	1.0	1.0	1.0	1.0	1.0	1.0	0.5	0.5	1.0	0.0	0.0	0.0	0.5	2.0	1.0	0.0	1.0	16
AZN	6.5	1.5	1.0	1.0	1.0	1.5	1.0	2.0	1.5	0.5	1.5	2.0	1.0	1.0	1.5	2.0	1.5	0.5	1.5	16
OFS	4.9	1.0	1.0	1.0	0.0	0.0	0.0	2.0	2.0	2.0	0.5	1.0	2.0	1.0	1.0	0.0	0.0	1.0	2.0	15
SUPX	4.0	1.0	1.0	1.0	1.0	0.5	2.0	0.5	0.0	0.0	1.0	1.0	1.5	1.0	0.0	1.0	0.0	2.0	0.0	13
DLG.MI	6.8	1.5	1.0	1.0	1.0	1.0	1.0	1.5	1.0	1.5	1.5	1.5	1.5	1.5	2.0	2.0	1.0	1.5	1.5	16
ATTO	3.6	1.0	1.0	1.0	1.0	0.5	1.0	0.0	0.0	1.0	1.0	1.0	1.0	1.0	0.0	1.0	0.0	1.5	0.0	11
CPT	5.3	0.0	0.0	1.0	2.0	2.0	0.5	2.0	1.5	0.5	2.0	0.0	1.5	1.0	1.0	0.0	2.0	0.0	2.0	18
IONQ	4.0	1.0	2.0	1.0	0.0	0.5	2.0	1.0	0.0	0.0	1.5	1.0	1.0	1.0	0.0	1.0	0.0	1.5	0.0	16
TOKMAN.HE	4.9	0.0	1.0	1.0	0.5	1.0	1.0	1.0	0.5	2.0	0.5	0.0	1.5	1.5	2.0	2.0	0.5	0.5	1.0	17
SIGHT.PA	3.3	1.0	1.0	1.0	1.0	0.5	0.0	2.0	0.0	0.0	0.5	1.0	1.0	1.0	0.0	1.0	0.0	1.0	0.0	13
DORM	6.2	1.5	2.0	1.0	0.0	1.5	1.0	1.5	1.5	1.0	1.0	2.0	1.5	1.5	2.0	1.0	1.0	0.5	1.0	18
9984.T	4.3	0.0	1.0	1.0	0.0	2.0	1.5	2.0	0.0	0.0	1.5	0.0	1.5	0.0	1.0	2.0	0.5	1.5	0.0	17
INCH.L	5.3	1.5	1.0	1.0	1.0	1.0	1.0	0.5	0.5	2.0	1.0	0.0	0.0	1.5	2.0	2.0	0.5	2.0	0.5	16
QRVO	6.9	1.5	1.0	1.0	2.0	1.5	0.5	1.5	1.5	1.0	1.5	2.0	1.5	1.5	1.5	1.0	1.5	1.5	1.5	18
ESEA	7.4	0.0	1.0	1.0	2.0	2.0	0.5	2.0	2.0	2.0	0.5	0.0	2.0	2.0	1.5	2.0	2.0	2.0	2.0	17
NEC.ASX	5.3	1.0	1.0	1.0	1.0	2.0	1.5	0.5	0.5	0.0	1.0	1.0	2.0	1.5	2.0	0.0	1.0	1.0	1.0	14
BAH	6.0	1.5	1.0	1.0	0.5	1.0	0.5	1.0	1.0	2.0	1.5	1.5	0.5	1.5	2.0	2.0	1.0	1.0	1.0	18
WGS	3.8	1.0	2.0	1.0	0.0	0.0	1.5	2.0	0.0	0.0	1.0	1.0	0.0	1.0	1.0	1.0	0.0	1.0	0.0	16
MUSTI.HE	4.6	1.0	1.0	1.0	1.0	0.5	1.5	1.5	0.0	1.0	1.0	1.0	1.0	0.0	2.0	1.0	0.5	0.5	1.0	13
SGMOQ	3.8	1.0	1.0	1.0	1.0	0.5	0.0	0.0	0.0	0.0	1.0	1.0	1.0	1.0	2.0	1.0	0.0	2.0	0.0	12
9602.T	6.7	1.0	1.0	1.0	1.0	1.5	1.0	1.5	1.5	1.0	1.5	2.0	1.5	1.0	1.5	2.0	1.5	1.0	1.5	15
CHD	6.1	0.5	1.0	1.0	0.5	1.5	1.0	1.5	1.5	1.0	1.5	2.0	1.0	1.0	1.5	2.0	1.5	0.5	1.5	18
CHH	6.1	1.0	1.0	1.0	0.5	2.0	1.0	2.0	2.0	1.0	1.5	1.5	0.0	1.0	1.0	2.0	2.0	0.0	1.5	18
ENS.US	6.7	2.0	0.0	1.0	2.0	1.0	1.0	1.0	1.0	2.0	1.0	2.0	1.0	1.5	2.0	2.0	1.0	1.0	1.5	18
GRVO.PA	6.0	0.0	1.0	1.0	1.0	1.0	0.5	2.0	0.5	2.0	1.0	2.0	2.0	1.0	2.0	1.0	0.5	2.0	1.0	15
1317.HK	6.7	1.0	1.0	1.5	1.0	2.0	0.0	1.5	1.5	2.0	1.0	0.0	2.0	1.5	1.5	1.0	1.5	2.0	2.0	15
ANAB	6.2	1.0	2.0	1.0	2.0	2.0	2.0	2.0	2.0	1.0	1.0	1.0	0.0	0.5	0.5	1.0	2.0	1.5	0.0	15
JBS	6.2	1.5	2.0	1.0	0.0	1.0	1.5	0.5	0.5	1.5	1.5	2.0	1.5	2.0	2.0	1.0	0.5	2.0	0.5	18
AMI.DE	4.6	1.0	1.0	1.0	1.0	0.5	1.0	2.0	0.0	2.0	0.5	1.0	1.0	1.0	1.0	1.0	0.0	1.5	0.0	10
UPLD	5.8	1.5	1.0	1.0	0.0	0.0	0.5	2.0	1.0	2.0	0.5	1.0	1.0	2.0	2.0	1.0	1.5	2.0	1.0	15
BURL	5.6	2.0	2.0	1.0	0.0	1.0	1.5	1.5	0.5	0.5	1.5	1.5	0.5	1.0	2.0	1.0	1.0	0.5	1.0	18
DMP.DE	6.8	1.5	1.0	1.0	1.0	1.5	1.0	2.0	1.5	1.5	0.5	1.5	1.0	1.5	1.5	2.0	1.5	1.5	1.5	16
1873.HK	6.9	1.0	1.0	1.0	1.0	1.0	2.0	1.0	1.0	2.0	0.5	2.0	2.0	2.0	2.0	1.0	1.0	2.0	1.5	16
YAL.ASX	6.7	0.5	1.0	1.0	1.0	1.0	1.5	1.5	0.5	1.5	1.0	2.0	2.0	2.0	2.0	1.0	1.0	2.0	1.5	15
TAC	6.0	0.0	2.0	1.0	2.0	0.5	1.5	1.0	2.0	1.5	0.5	1.0	0.5	1.5	1.5	0.0	2.0	1.0	2.0	17
TIG.L	4.0	1.0	1.0	1.0	1.0	0.0	0.0	1.0	0.5	0.0	0.5	1.0	0.0	1.5	2.0	1.0	0.5	2.0	0.5	14
CBD.AE	5.1	2.0	1.0	1.0	1.0	2.0	1.0	0.0	2.0	1.0	0.5	0.0	1.5	1.0	1.0	2.0	0.0	1.5	0.0	14
RIGD.L	6.1	2.0	1.0	1.0	0.0	1.0	2.0	1.0	1.0	1.0	0.5	0.0	1.5	2.0	2.0	2.0	1.0	2.0	1.0	15
VAC.PA	6.1	2.0	1.0	1.0	1.0	1.0	1.0	1.5	0.5	2.0	0.5	2.0	1.0	1.5	1.5	1.0	1.0	1.0	1.5	15
CBRAIN.CO	6.2	0.5	1.0	1.0	1.0	1.5	1.0	2.0	2.0	1.0	0.5	2.0	1.0	1.0	1.0	2.0	1.5	0.5	2.0	16
DOW	4.3	0.0	0.0	1.0	0.0	0.5	1.5	0.0	1.0	0.5	1.5	1.0	1.5	1.5	2.0	0.0	0.5	2.0	1.0	17
7202.T	6.2	2.0	1.0	1.0	0.0	1.0	1.0	0.5	1.0	0.0	1.5	2.0	2.0	2.0	2.0	2.0	1.0	2.0	0.5	17
NEWT.US	6.5	0.5	1.0	1.0	0.0	1.5	1.5	2.0	2.0	0.0	1.0	1.0	2.0	2.0	2.0	2.0	2.0	2.0	0.0	18
SLAB	4.2	0.5	1.0	1.0	1.5	0.5	1.5	2.0	0.0	0.0	1.0	1.0	0.5	1.0	1.0	1.0	0.0	1.0	0.5	17
DX	6.5	2.0	1.0	1.0	2.0	2.0	1.0	2.0	2.0	1.0	1.0	0.0	2.0	1.0	0.0	1.5	0.0	2.0	2.0	15
GENK	3.8	1.0	1.0	1.0	0.0	0.5	1.0	0.0	0.0	0.0	0.5	1.0	2.0	1.0	2.0	1.0	0.0	1.5	0.0	15
BNY	6.2	1.5	0.0	1.0	1.5	2.0	1.5	0.0	2.0	1.0	1.5	1.5	1.5	1.0	1.0	2.0	0.0	2.0	1.5	16
GEL	5.7	0.5	1.0	1.0	0.0	1.0	2.0	1.5	1.5	2.0	0.5	2.0	1.0	1.5	1.5	0.0	1.5	0.5	1.5	17
GEN	7.5	1.5	1.0	0.5	1.5	2.0	1.0	2.0	2.0	2.0	1.0	2.0	1.0	1.5	1.5	2.0	2.0	0.5	2.0	18
BRK.L	3.8	0.0	1.0	1.0	1.0	1.0	1.0	2.0	0.5	0.0	1.0	0.0	0.0	0.5	1.5	0.0	0.5	1.0	1.5	15
SRAG.DE	4.9	0.0	1.0	1.0	1.0	2.0	2.0	2.0	0.0	1.5	1.0	1.0	2.0	0.0	0.0	1.0	2.0	0.0	0.0	14
SINCH.ST	4.9	0.0	1.0	1.0	0.0	1.0	1.0	0.5	0.5	1.5	1.0	2.0	1.5	1.0	2.0	1.0	1.0	0.5	1.0	17
VITb.ST	7.2	1.0	1.0	1.0	1.5	1.5	1.5	1.5	1.5	1.5	1.0	2.0	1.5	1.5	1.5	2.0	1.5	1.0	2.0	17
EC.PA	6.9	0.0	1.0	1.0	1.0	1.5	0.5	2.0	2.0	2.0	1.0	1.0	2.0	2.0	2.0	0.0	2.0	2.0	2.0	14
VGNT	5.8	2.0	2.0	1.0	0.0	1.0	1.5	0.5	1.0	1.0	1.0	1.5	0.0	2.0	2.0	1.0	1.0	1.5	1.0	17
PNDORA.CO	6.2	0.0	1.0	1.0	2.0	1.5	1.0	2.0	1.5	2.0	1.5	0.0	0.0	1.5	1.5	2.0	1.5	0.5	2.0	17
EFF0.DE	4.4	1.0	1.0	1.0	1.0	0.5	1.0	0.0	0.0	1.0	0.5	1.0	2.0	1.0	1.0	1.0	0.0	2.0	1.0	10
ELME	5.0	0.0	1.0	1.0	1.0	0.0	1.0	2.0	0.0	1.0	1.0	1.0	2.0	1.5	1.5	0.0	1.5	0.5	2.0	13
GOFORE.HE	6.1	1.0	1.0	1.0	1.0	1.0	2.0	1.0	0.5	1.5	0.5	2.0	1.5	1.5	2.0	1.5	0.5	1.5	1.0	17
MSTR	4.3	0.5	2.0	1.0	2.0	0.5	1.0	2.0	0.0	0.0	1.5	1.0	1.5	1.0	0.0	1.0	0.0	0.5	0.0	17
AIRE	4.4	1.0	1.0	1.0	1.0	0.5	0.0	2.0	0.0	0.0	1.0	1.0	1.5	1.0	2.0	1.0	0.0	2.0	0.0	13
LUMI.ST	5.1	1.0	1.0	1.0	0.0	2.0	2.0	2.0	2.0	0.5	1.0	0.0	0.0	0.0	0.0	2.0	2.0	0.0	2.0	17
JYNT	4.9	0.0	1.0	1.0	0.0	1.0	1.5	2.0	0.5	1.0	0.5	2.0	0.5	0.5	2.0	1.0	0.5	1.5	1.0	18
QSR	6.2	2.0	0.0	1.0	1.0	1.5	1.0	1.0	2.0	1.5	2.0	1.5	0.5	1.0	1.5	1.5	1.5	0.5	1.5	18
GLIBA	6.4	1.0	1.0	1.0	1.0	0.0	0.5	1.5	1.0	2.0	0.5	1.0	2.0	2.0	2.0	1.0	1.5	2.0	2.0	14
93M1.DE	7.4	2.0	1.0	1.0	1.0	2.0	1.0	2.0	2.0	2.0	0.5	1.0	2.0	2.0	1.5	2.0	2.0	0.5	1.0	15
ELIS.PA	7.1	1.5	1.0	1.0	1.0	1.0	1.0	1.0	1.0	1.5	1.5	2.0	1.5	2.0	2.0	2.0	1.5	1.0	2.0	16
ALM.MC	6.9	1.5	1.0	1.0	1.0	1.0	1.5	2.0	1.0	1.0	1.5	2.0	1.5	1.5	2.0	1.5	1.0	1.5	1.5	16
JAKK	5.6	1.0	0.0	1.0	0.0	1.0	1.5	1.0	0.0	2.0	0.5	2.0	1.5	1.5	2.0	1.5	0.5	2.0	1.0	18
NYAX	4.7	0.0	1.0	1.0	2.0	1.0	2.0	1.5	0.0	0.0	0.5	2.0	0.5	0.0	1.5	1.0	0.5	1.5	1.0	17
LFCR	3.2	0.5	0.0	0.0	0.0	0.0	1.0	1.0	0.5	1.0	0.5	1.0	1.0	0.0	1.5	1.0	0.5	1.0	1.0	14
ALCAT.PA	6.9	2.0	1.0	1.0	1.0	1.0	1.0	2.0	0.0	2.0	0.5	2.0	2.0	2.0	2.0	2.0	0.5	2.0	1.0	16
SBGI	5.6	2.0	0.0	1.0	0.0	1.0	1.0	1.5	0.5	2.0	1.0	1.0	1.5	1.5	2.0	0.0	1.0	2.0	1.0	17
06886.HK	7.5	2.0	1.0	1.0	1.0	2.0	2.0	2.0	2.0	1.0	1.5	1.0	2.0	1.0	1.5	2.0	0.0	2.0	2.0	14
CVEO	5.4	0.0	1.0	1.0	1.0	0.5	1.5	1.0	0.5	2.0	0.5	1.0	1.5	2.0	2.0	1.0	1.0	1.0	1.0	15
PDSB	4.0	1.0	1.0	1.0	2.0	0.5	1.0	0.0	0.0	0.0	0.5	1.0	1.0	1.0	1.0	1.0	0.0	1.5	1.0	11
MRVI	3.6	1.0	2.0	1.0	0.0	0.0	1.0	1.5	0.0	0.0	1.0	1.0	1.0	1.0	1.0	1.0	0.0	0.5	0.0	16
TFC	6.9	1.5	2.0	1.0	1.0	2.0	1.0	0.0	2.0	1.0	1.5	1.5	2.0	1.0	1.5	2.0	0.0	2.0	2.0	16
HLMA.L	5.3	1.0	1.0	1.0	1.0	1.5	1.5	1.5	1.5	0.5	1.5	0.0	0.0	0.5	1.0	2.0	1.5	0.5	1.5	16
DKG.DE	5.3	1.0	1.0	1.0	1.0	0.0	2.0	0.5	0.5	2.0	0.5	1.0	2.0	0.5	1.5	1.0	1.0	1.5	1.0	14
WAT	5.8	1.0	2.0	1.0	1.0	1.0	2.0	2.0	1.0	0.0	2.0	2.0	1.5	0.0	0.5	1.0	1.5	0.5	1.0	18
HPAI	5.1	1.0	1.0	1.0	1.0	0.5	1.0	2.0	0.0	0.0	1.0	1.0	2.0	1.0	2.0	1.0	0.0	1.0	2.0	12
LENZ	5.0	1.0	1.0	1.0	1.5	0.5	1.0	2.0	0.0	0.0	1.0	1.0	2.0	2.0	1.0	1.0	0.0	2.0	0.0	16
THG.L	4.9	1.0	1.0	1.0	1.0	0.5	1.0	1.5	0.0	2.0	0.5	1.0	0.0	1.0	2.0	1.0	0.5	2.0	0.5	14
IBN	6.2	2.0	1.0	1.0	0.5	2.0	1.5	0.0	2.0	1.0	0.5	1.5	1.5	1.0	2.0	2.0	0.0	2.0	1.0	14
1299.HK	5.3	1.5	1.0	1.0	1.0	2.0	0.5	1.5	2.0	0.5	1.5	0.0	1.5	0.0	0.0	2.0	1.5	0.0	1.5	16
MTC	3.6	2.0	1.0	1.0	1.0	0.5	1.0	0.0	0.0	0.0	1.0	1.0	0.0	1.0	1.0	1.0	0.0	0.5	1.0	11
WES.ASX	4.9	1.0	1.0	1.0	1.0	1.0	1.0	1.0	1.0	1.0	1.5	1.5	0.0	1.0	1.5	1.0	1.0	0.0	1.0	16
ALNTG.PA	5.4	0.0	1.0	1.0	1.0	1.0	1.0	2.0	2.0	1.0	0.5	1.5	1.5	1.0	1.0	1.0	1.0	1.0	1.0	12
CDI.PA	6.8	1.0	1.0	1.0	1.0	1.0	0.5	2.0	1.5	2.0	1.0	1.0	1.0	2.0	2.0	2.0	1.5	1.5	1.5	14
TKMS.DE	4.9	0.0	1.0	1.0	1.0	1.0	2.0	0.5	0.5	0.0	1.0	2.0	1.0	0.5	2.0	1.0	0.5	2.0	0.5	16
CXM	6.0	2.0	0.0	1.0	0.0	1.0	1.0	2.0	0.5	2.0	1.0	2.0	1.5	1.0	2.0	1.0	0.5	2.0	1.0	18
RBB	6.8	1.5	2.0	1.0	1.0	2.0	1.5	0.0	2.0	1.0	1.0	1.0	2.0	1.0	1.5	2.0	0.0	2.0	2.0	16
GIII	6.1	1.5	2.0	1.0	0.0	1.0	0.5	1.5	0.5	2.0	0.5	0.0	2.0	2.0	2.0	2.0	0.5	2.0	1.0	18
OSBC	6.9	1.0	2.0	1.0	1.5	2.0	2.0	0.0	2.0	1.0	1.0	2.0	1.5	1.0	1.5	2.0	0.0	1.5	2.0	16
GH	4.3	1.0	2.0	1.0	0.5	0.0	2.0	2.0	0.0	0.5	2.0	1.0	1.0	1.0	0.0	1.0	0.0	0.5	0.0	15
PRME	3.3	1.0	2.0	1.0	0.5	0.5	1.0	0.0	0.0	0.0	1.5	1.0	0.0	1.0	0.0	1.0	0.0	1.5	0.0	16
KKR	6.7	2.0	0.0	1.0	1.5	1.5	1.0	2.0	1.5	1.0	2.0	2.0	1.5	1.0	1.0	2.0	0.0	2.0	1.0	16
OEWA.DE	5.8	1.0	1.0	1.0	1.0	1.5	0.5	1.5	1.5	0.5	1.0	1.0	1.5	1.5	1.5	2.0	1.5	0.0	1.5	14
UNA.NV	6.1	0.0	1.0	1.0	1.0	1.5	1.0	1.5	1.5	1.5	1.0	2.0	0.5	1.5	1.5	1.5	1.5	1.0	1.5	16
DCI	5.4	1.0	0.0	1.0	0.0	1.5	1.0	1.5	1.5	1.0	1.0	2.0	1.0	1.0	1.5	2.0	1.0	0.5	1.0	18
SRB.L	7.6	2.0	1.0	1.0	1.0	2.0	2.0	2.0	2.0	2.0	0.5	0.0	0.0	2.0	2.0	2.0	2.0	2.0	2.0	16
SMBC	6.2	1.5	1.0	1.0	1.5	2.0	1.0	0.0	2.0	1.0	0.5	1.5	1.5	1.0	1.5	2.0	0.0	1.5	2.0	16
EXR.L	3.8	1.0	1.0	1.0	1.0	0.0	0.0	2.0	0.0	0.0	0.5	1.0	0.0	2.0	1.0	1.0	0.0	2.0	0.0	14
APETIT.HE	4.9	0.5	1.0	1.0	0.5	1.0	0.5	1.0	0.0	2.0	0.5	2.0	2.0	1.0	2.0	0.0	0.5	1.0	1.0	17
LCLN	5.8	1.0	1.0	1.0	1.0	1.5	2.0	2.0	0.0	1.0	1.0	1.0	1.0	1.0	2.0	1.0	0.0	1.5	2.0	12
SRAD.L	5.4	1.5	1.0	1.0	1.0	1.0	0.5	1.0	1.0	2.0	1.0	0.0	0.0	2.0	2.0	1.5	1.0	1.0	1.0	16
TRNO	5.6	0.0	0.0	1.0	0.5	2.0	1.5	2.0	2.0	1.0	1.5	0.0	1.5	0.5	0.5	2.0	2.0	0.0	2.0	18
ALPAS.PA	5.8	2.0	1.0	1.0	1.0	1.0	0.5	1.0	1.0	2.0	1.0	1.0	2.0	1.0	1.0	1.0	0.5	2.0	1.0	14
DXCM	6.4	1.5	1.0	1.0	1.0	2.0	1.5	2.0	1.5	1.0	2.0	1.5	0.0	0.5	1.0	1.0	1.5	1.0	2.0	18
CCP.ASX	6.4	2.0	1.0	1.0	1.0	2.0	1.0	2.0	2.0	1.0	1.0	1.5	1.5	1.0	1.5	2.0	0.0	1.0	0.5	14
IMB.L	6.2	2.0	1.0	1.0	1.0	1.0	1.0	1.5	1.5	2.0	1.5	0.0	0.0	2.0	2.0	1.5	1.5	0.5	1.5	16
CAM.L	5.1	2.0	1.0	1.0	1.0	1.0	0.5	1.0	0.0	0.0	0.5	1.0	0.0	2.0	2.0	2.0	0.5	2.0	1.0	15
WSBC	6.4	1.5	1.0	1.0	0.5	2.0	1.0	0.0	2.0	1.0	1.0	1.5	2.0	1.0	1.5	2.0	0.0	2.0	2.0	16
UBER	5.6	0.0	1.0	1.0	1.0	1.5	1.5	1.5	1.0	1.5	2.0	1.0	1.0	0.5	1.5	1.0	1.0	0.5	1.5	18
ALUNI.PA	7.2	2.0	1.0	1.0	1.0	1.0	1.0	1.5	1.0	2.0	0.5	2.0	2.0	2.0	2.0	2.0	1.0	2.0	1.0	16
SYBT	6.4	1.5	0.0	1.0	1.5	2.0	1.5	0.0	2.0	1.0	1.0	1.5	1.5	1.0	1.5	2.0	0.0	2.0	2.0	16
BIM.PA	6.8	1.0	1.0	1.0	1.0	1.5	0.5	2.0	1.5	1.5	1.5	1.5	1.5	1.5	1.5	2.0	1.5	1.0	1.5	16
BEN.PA	4.9	0.0	1.0	0.0	1.0	0.5	0.5	2.0	0.0	1.5	1.0	1.0	2.0	1.5	2.0	0.0	0.5	2.0	1.0	15
4523.T	6.0	0.0	1.0	1.0	2.0	1.0	1.5	2.0	1.0	0.0	1.5	2.0	1.5	1.0	2.0	0.0	1.0	2.0	1.0	17
SRE	6.7	2.0	2.0	1.0	1.0	1.5	0.5	1.5	2.0	0.0	1.5	2.0	1.5	1.0	1.0	1.5	2.0	0.0	2.0	18
NU	6.5	2.0	2.0	1.0	1.5	2.0	2.0	0.0	2.0	1.0	2.0	2.0	1.0	1.0	1.0	1.0	0.0	2.0	0.0	16
AALB.NV	6.2	1.5	1.0	1.0	1.0	1.0	1.0	2.0	1.0	1.0	1.5	2.0	1.5	1.5	2.0	1.0	1.0	0.5	1.0	16
HWC	6.7	1.0	2.0	1.0	1.0	2.0	1.0	0.0	2.0	1.0	1.5	2.0	1.5	1.0	1.5	2.0	0.0	1.5	2.0	16
PRTA	3.8	1.0	2.0	1.0	0.5	0.0	0.0	0.0	0.0	0.0	1.0	1.0	1.5	1.0	1.5	1.0	0.0	2.0	0.0	16
KNOS.L	4.9	0.5	1.0	1.0	1.0	1.0	2.0	1.5	1.0	1.0	1.5	0.0	0.0	0.5	1.5	1.0	1.0	1.0	1.0	16
PUB.PA	6.8	1.0	1.0	1.0	1.0	1.0	1.0	1.5	1.0	2.0	1.5	2.0	1.5	1.5	2.0	2.0	1.0	1.0	1.5	16
VIST	7.8	2.0	2.0	1.0	0.0	2.0	2.0	2.0	2.0	0.5	1.5	2.0	1.5	2.0	1.5	1.0	2.0	1.0	2.0	18
MGTX	7.5	1.5	2.0	1.0	2.0	1.5	2.0	2.0	2.0	1.5	1.0	1.0	1.0	2.0	1.5	1.0	2.0	1.5	0.5	17
SAND.ST	6.7	1.5	1.0	1.0	0.5	1.5	2.0	1.5	1.5	1.0	2.0	2.0	1.0	1.0	1.5	2.0	1.5	0.0	1.5	17
CION	5.6	0.0	1.0	1.0	2.0	1.0	0.5	2.0	2.0	2.0	0.5	2.0	2.0	1.0	1.0	0.0	0.0	0.5	1.5	16
HAL	6.2	2.0	0.0	1.0	0.5	1.0	1.0	0.5	1.0	1.5	2.0	2.0	1.5	1.5	2.0	2.0	1.0	1.0	1.0	18
DELL	6.5	2.0	2.0	1.0	2.0	1.0	2.0	0.5	1.0	0.5	2.0	2.0	1.0	0.5	1.5	2.0	1.0	0.5	1.0	17
WAGA.PA	3.9	1.0	1.0	1.0	1.0	0.0	1.0	2.0	0.0	0.0	0.5	1.0	1.0	1.0	0.5	1.0	0.0	1.0	1.0	14
BNN.DE	3.6	1.0	1.0	1.0	1.0	0.0	0.0	2.0	0.0	0.0	0.5	1.0	1.0	1.0	2.0	1.0	0.0	0.5	0.0	13
VIS.MC	6.4	1.0	1.0	1.0	1.0	1.5	1.0	2.0	1.5	1.0	1.5	1.5	1.5	1.5	1.5	1.0	1.5	0.5	1.5	16
KLSO.L	6.1	0.0	1.0	1.0	1.0	2.0	2.0	2.0	2.0	1.0	1.0	1.0	0.0	1.0	2.0	1.0	0.0	2.0	2.0	13
HEXA-B.ST	4.9	2.0	1.0	1.0	0.5	1.0	1.0	2.0	1.5	0.5	1.5	0.0	0.0	0.0	0.0	2.0	1.5	0.0	2.0	17
OUT	5.7	2.0	0.0	1.0	0.5	1.5	1.5	2.0	1.5	1.0	1.0	1.5	0.5	1.0	1.5	1.0	1.5	0.0	1.5	18
EBO.DE	5.4	0.0	1.0	1.0	1.0	2.0	2.0	0.0	2.0	1.0	1.0	1.0	1.5	1.0	1.0	2.0	0.0	2.0	0.0	12
ICG.L	5.8	1.5	1.0	1.0	1.0	2.0	0.0	2.0	2.0	1.0	1.5	0.0	0.0	1.0	1.0	2.0	0.0	2.0	2.0	14
GTM	6.7	1.0	0.0	1.0	1.5	0.0	1.0	2.0	1.5	2.0	1.5	1.0	1.5	2.0	2.0	1.0	1.5	1.5	2.0	16
HTLD	5.4	1.0	2.0	1.0	2.0	0.5	0.0	1.0	0.0	0.0	1.0	1.0	1.5	1.5	2.0	2.0	1.0	1.0	1.0	17
DXRX.L	4.0	1.0	1.0	1.0	1.0	0.5	1.5	2.0	0.0	0.0	1.0	1.0	0.0	0.0	1.5	1.0	0.5	0.5	1.0	14
SUS.L	5.4	2.0	1.0	1.0	1.0	2.0	2.0	2.0	2.0	1.0	0.5	0.0	0.0	1.0	1.0	2.0	0.0	1.0	0.0	12
KIST.L	6.2	1.5	1.0	1.0	1.0	1.0	2.0	2.0	2.0	0.0	0.5	0.0	0.0	2.0	1.5	1.0	2.0	2.0	2.0	16
IPH.ASX	6.8	1.5	1.0	1.0	1.0	1.5	0.5	2.0	1.5	2.0	1.0	2.0	1.5	2.0	2.0	0.0	1.5	1.0	1.5	16
DG.US	6.5	1.0	2.0	1.0	1.5	1.0	1.0	1.0	0.5	1.5	2.0	1.5	1.5	1.5	2.0	2.0	0.5	1.0	1.0	18
NP	6.2	0.0	2.0	1.0	1.5	2.0	2.0	2.0	2.0	0.5	1.5	2.0	1.0	0.0	0.0	1.0	2.0	0.0	2.0	17
ALLIX.PA	4.7	1.0	1.0	1.0	1.0	0.5	1.5	2.0	1.0	0.5	0.5	1.0	0.0	1.0	1.5	1.0	0.0	1.0	1.5	14
BCIC	5.7	2.0	1.0	1.0	0.0	0.5	2.0	2.0	2.0	2.0	0.5	1.0	2.0	1.0	1.0	0.0	0.0	0.5	2.0	15
TT	6.0	1.0	0.0	1.0	1.5	1.5	1.5	1.5	1.5	1.0	2.0	2.0	0.0	0.5	1.5	2.0	1.0	0.5	1.5	18
CREI.L	5.0	2.0	1.0	1.0	1.0	1.0	1.0	1.0	1.0	1.0	1.0	0.0	1.0	1.0	1.0	1.0	1.0	1.0	1.0	3
OCDO.L	6.1	1.0	1.0	1.0	1.0	0.0	2.0	1.0	1.0	1.5	1.5	1.0	0.0	2.0	2.0	1.0	1.5	2.0	1.5	14
NBTB	6.1	0.5	1.0	1.0	1.0	2.0	1.5	0.0	2.0	1.0	1.0	1.5	1.5	1.0	1.5	2.0	0.0	1.5	2.0	16
CON.US	5.7	1.0	1.0	1.0	1.5	1.0	1.0	1.0	1.5	1.0	1.0	1.5	0.5	1.0	1.5	2.0	1.5	0.5	1.0	17
ADEA	6.5	1.0	0.0	1.0	0.0	2.0	1.5	2.0	2.0	1.5	0.5	2.0	1.0	1.5	1.0	2.0	2.0	0.5	2.0	18
FLNA	5.1	1.0	1.0	1.0	1.5	0.5	1.0	0.0	0.0	2.0	0.5	1.0	2.0	2.0	1.0	1.0	0.0	2.0	1.0	14
EVC	5.4	0.0	1.0	1.0	1.0	1.0	2.0	1.0	1.0	2.0	1.0	1.0	0.5	1.5	2.0	0.0	1.0	1.5	1.0	14
TD	6.1	1.5	0.0	1.0	2.0	2.0	1.5	0.0	2.0	1.0	0.5	2.0	1.5	1.0	2.0	2.0	0.0	2.0	0.0	16
ABX.DE	3.5	1.0	1.0	1.0	1.0	0.5	0.0	0.0	0.0	1.0	0.5	1.0	2.0	1.0	0.0	1.0	0.0	0.5	1.0	12
RMD.ASX	6.8	1.5	1.0	1.0	0.0	2.0	1.0	2.0	2.0	1.0	1.5	0.5	1.5	1.5	1.5	2.0	2.0	0.5	2.0	17
HABA.DE	5.1	0.0	1.0	1.0	1.0	0.5	0.5	2.0	0.0	2.0	1.0	1.0	1.5	1.0	1.0	0.0	2.0	1.0	2.0	15
TWEKA.NV	6.7	2.0	1.0	1.0	1.0	1.0	1.5	2.0	1.0	1.0	1.0	1.5	1.5	1.5	2.0	2.0	1.0	1.0	1.0	16
06060.HK	5.0	1.0	1.0	1.0	1.0	1.0	1.5	0.5	1.0	0.0	1.5	0.0	2.0	1.0	1.0	1.0	0.5	2.0	1.0	16
POOL	5.7	1.0	1.0	1.0	0.5	1.0	1.0	1.0	1.5	1.0	1.5	1.5	1.0	1.5	2.0	2.0	1.0	0.0	1.0	18
MDLN	5.4	0.0	2.0	1.0	0.0	1.0	1.5	1.0	0.5	0.5	2.0	2.0	1.5	1.0	2.0	1.0	0.5	1.0	1.0	18
BG	5.1	1.5	1.0	1.0	0.5	1.0	2.0	0.0	0.5	0.0	1.0	2.0	1.5	1.5	2.0	1.5	0.5	0.5	0.5	18
GSM	5.4	1.0	1.0	1.0	0.0	0.5	0.5	1.5	1.5	2.0	0.5	1.0	1.5	1.0	2.0	2.0	0.5	1.5	0.5	16
V3V.DE	5.1	0.5	1.0	1.0	1.0	0.5	1.0	2.0	0.0	2.0	0.5	1.0	0.0	1.5	2.0	1.0	0.5	2.0	1.0	15
ALU10.PA	6.1	1.5	1.0	1.0	1.0	1.0	0.5	1.0	0.5	2.0	0.5	2.0	2.0	2.0	2.0	1.0	0.5	2.0	0.5	16
ICOS.MI	6.1	0.5	1.0	1.0	1.0	1.0	0.5	1.0	1.0	1.0	1.5	2.0	1.5	1.5	2.0	2.0	1.0	1.5	1.0	16
BHP	6.5	0.0	0.0	1.0	1.0	1.5	1.5	2.0	2.0	1.0	1.0	1.5	1.0	2.0	1.5	1.5	2.0	1.0	2.0	17
CMT	5.0	2.0	2.0	1.0	0.0	1.0	0.0	0.5	0.5	0.0	0.5	2.0	1.5	1.5	2.0	1.0	0.5	1.0	1.0	18
AUR	3.3	1.0	0.0	1.0	0.5	0.5	2.0	0.0	0.0	0.0	1.5	1.0	1.0	1.0	0.0	1.0	0.0	1.5	0.0	16
GLUE	3.8	1.0	1.0	1.0	2.0	0.5	0.0	0.0	0.0	0.0	1.0	1.0	1.5	1.0	0.5	1.0	0.0	2.0	0.0	16
IRMD	5.7	0.0	1.0	1.0	1.5	2.0	1.0	2.0	2.0	0.5	0.5	2.0	0.0	0.0	0.5	2.0	1.5	1.0	2.0	17
PHR.LS	4.3	1.5	1.0	1.0	1.0	0.5	1.0	0.0	0.0	0.0	1.0	1.0	2.0	1.0	1.0	1.0	0.0	1.5	1.0	11
DYVOX.ST	6.1	0.5	1.0	1.0	2.0	1.0	1.5	2.0	1.5	1.0	1.0	2.0	0.0	1.0	1.5	2.0	1.0	0.5	1.5	17
STM.US	6.0	2.0	1.0	1.0	0.0	1.0	2.0	1.0	0.5	0.5	1.5	1.0	1.5	1.0	1.5	1.5	1.5	1.5	1.5	17
2914.T	6.8	1.5	1.0	1.0	1.0	1.5	1.5	2.0	2.0	1.0	1.5	0.5	1.5	1.5	1.5	1.5	1.5	1.0	1.5	17
MEC	4.2	1.0	1.0	1.0	0.0	0.5	2.0	0.5	0.5	0.0	1.0	1.0	1.5	1.0	2.0	1.0	0.5	0.0	0.5	16
PRO.L	4.0	1.0	1.0	0.5	1.0	0.0	1.0	0.5	0.0	2.0	0.5	1.0	0.0	1.0	2.0	1.0	0.0	2.0	0.0	13
7731.T	4.4	2.0	1.0	1.0	0.0	0.0	1.0	1.5	0.0	0.0	1.5	1.0	1.5	0.5	2.0	0.0	0.5	2.0	0.5	16
ECOR.L	6.5	0.5	1.0	1.0	1.0	2.0	2.0	2.0	2.0	2.0	1.0	0.0	0.0	1.5	1.0	2.0	2.0	0.5	2.0	16
ASLI.L	5.0	1.0	1.0	1.0	1.0	1.0	1.0	1.0	1.0	1.0	1.0	1.0	1.0	1.0	1.0	1.0	1.0	1.0	1.0	1
GPE.PA	5.6	0.5	1.0	1.0	1.0	1.0	1.0	1.5	0.5	0.0	0.5	2.0	1.5	2.0	2.0	0.0	1.0	2.0	1.5	16
XPO	5.8	1.0	2.0	1.0	2.0	1.0	1.5	0.5	1.0	1.0	2.0	2.0	0.0	1.0	1.5	1.0	1.0	0.5	1.0	18
ABOS	4.4	1.0	1.0	1.0	2.0	0.5	1.0	0.0	0.0	0.0	1.0	1.0	1.5	1.0	1.0	1.0	0.0	2.0	1.0	13
FHB	6.5	1.5	2.0	1.0	0.5	2.0	1.0	0.0	2.0	1.0	1.0	1.5	1.5	1.0	1.5	2.0	0.0	2.0	2.0	16
GWW	5.7	1.0	1.0	1.0	1.0	1.0	1.5	1.5	1.5	1.0	1.5	2.0	0.0	1.0	1.5	2.0	1.0	0.0	1.0	18
ALBAV.HE	4.6	0.0	1.0	1.0	1.0	2.0	0.5	0.0	1.5	1.0	1.0	1.0	1.5	1.0	1.0	1.0	0.0	2.0	0.0	12
DOV	6.5	1.5	1.0	1.0	0.5	1.5	1.0	1.5	1.5	1.0	1.5	2.0	1.0	1.0	1.5	2.0	1.5	1.0	1.5	17
RMR	6.2	2.0	1.0	1.0	0.0	1.0	1.0	2.0	1.5	2.0	0.5	0.0	1.5	2.0	1.5	0.0	2.0	1.5	2.0	17
FMS	6.5	2.0	1.0	1.0	0.0	1.0	1.0	1.0	1.0	2.0	1.0	2.0	2.0	1.5	2.0	2.0	1.0	1.0	1.0	18
DOCU	6.2	2.0	0.0	1.0	1.5	1.0	1.0	2.0	1.0	2.0	1.5	2.0	0.5	0.5	1.5	1.0	1.0	1.0	2.0	18
FLR.US	4.4	1.5	2.0	1.0	0.0	0.0	1.0	0.0	0.5	0.5	1.0	1.0	1.5	1.0	2.0	1.0	0.0	2.0	0.0	17
WRBY	4.6	0.0	2.0	1.0	0.0	1.0	1.0	2.0	0.0	0.5	1.5	2.0	0.5	0.0	1.5	1.0	0.5	1.0	1.0	18
AYI	6.5	1.5	0.0	1.5	1.5	1.5	1.0	1.5	1.5	1.5	1.0	2.0	1.0	1.5	1.5	2.0	1.0	0.5	1.5	18
CTEV	5.6	1.0	0.0	1.0	2.0	0.0	1.0	2.0	1.0	2.0	1.0	1.0	1.0	1.5	1.0	1.0	2.0	0.5	1.0	15
APA.ASX	5.8	0.0	1.0	1.0	1.0	1.0	0.0	2.0	2.0	0.5	1.5	2.0	1.0	1.5	1.0	0.0	2.0	1.5	2.0	16
EVTC	7.5	1.0	2.0	1.0	1.0	1.0	1.5	2.0	1.5	2.0	1.0	2.0	1.5	1.5	1.5	2.0	1.5	1.5	1.5	18
NCNO	5.6	0.0	0.0	1.0	1.5	1.0	1.0	2.0	1.0	1.5	1.5	2.0	1.5	0.5	1.5	1.0	1.0	0.5	1.5	18
ATNI	7.2	0.5	1.0	1.0	2.0	2.0	1.0	2.0	1.0	2.0	0.5	0.0	2.0	2.0	2.0	2.0	1.5	2.0	1.5	17
BRCK.L	4.2	0.0	1.0	1.0	1.0	1.0	0.5	0.5	0.5	2.0	0.5	0.0	0.0	2.0	2.0	0.0	0.5	2.0	0.5	16
MTW	5.8	0.5	1.0	1.0	2.0	1.0	1.5	0.5	0.5	2.0	0.5	2.0	1.5	1.5	2.0	1.0	0.5	1.5	0.5	18
ANGO	4.4	1.5	2.0	1.0	0.0	0.0	1.0	2.0	0.0	1.0	0.5	1.0	1.0	0.0	2.0	1.0	0.5	1.0	0.5	17
REZI	5.0	2.0	2.0	1.0	0.0	1.0	1.0	1.0	0.5	0.0	0.5	0.0	1.5	2.0	2.0	1.0	1.0	1.5	0.0	18
ALMCE.PA	6.2	2.0	1.0	1.0	1.0	1.0	1.0	2.0	0.5	1.5	0.5	1.0	1.5	2.0	2.0	1.0	0.5	2.0	1.0	16
SKF-B.ST	6.9	2.0	1.0	1.0	2.0	1.0	1.0	1.0	1.0	1.0	1.5	2.0	1.5	1.5	2.0	2.0	1.0	1.5	1.0	17
APTD.L	5.1	1.0	1.0	1.0	1.0	1.0	0.0	2.0	1.0	1.5	0.5	0.0	0.0	1.5	1.5	2.0	1.0	1.5	1.0	16
5711.T	6.5	2.0	1.0	1.0	1.0	1.0	2.0	0.5	0.5	1.0	1.0	1.5	2.0	1.5	2.0	2.0	0.5	2.0	1.0	14
CHRY.L	3.9	1.0	1.0	1.0	1.0	0.5	1.0	0.0	0.0	1.0	0.5	1.0	1.0	1.0	1.0	1.0	0.0	1.0	1.0	7
CSR	5.8	0.0	2.0	1.0	2.0	1.0	0.5	2.0	1.0	2.0	1.0	1.0	1.5	1.0	1.0	0.0	2.0	0.0	2.0	17
AGN.NV	5.4	0.0	1.0	1.0	1.0	1.0	0.5	1.5	0.5	0.0	1.5	2.0	1.5	1.0	2.0	1.5	0.0	2.0	1.5	15
ALGAE.PA	3.9	1.0	1.0	1.0	1.0	0.0	1.5	0.5	0.0	0.0	0.5	1.0	1.5	1.0	1.5	1.0	0.0	1.5	0.0	14
PRKS	5.8	1.5	0.0	1.0	0.0	1.0	0.5	1.5	1.5	1.5	1.5	2.0	1.0	2.0	1.5	1.0	1.5	0.5	1.5	17
CPU.ASX	6.0	1.5	1.0	1.0	1.0	1.5	1.0	1.0	2.0	1.0	1.5	1.5	0.5	0.5	1.0	1.5	1.5	0.5	2.0	16
SKT	6.4	0.0	2.0	1.0	0.5	2.0	1.5	2.0	2.0	1.5	1.5	1.5	1.0	1.0	1.0	0.0	2.0	0.5	2.0	18
UNITED.HE	5.6	1.0	1.0	1.0	1.0	2.0	1.0	2.0	2.0	1.0	0.5	2.0	1.0	1.0	1.0	0.0	0.0	1.0	1.5	12
CEN.PA	5.3	1.5	1.0	1.0	1.0	1.0	1.0	0.0	0.5	1.0	0.5	2.0	2.0	1.0	1.0	2.0	0.5	1.0	1.0	11
BWA	6.5	2.0	0.0	1.0	0.5	1.0	1.0	0.5	1.0	2.0	1.5	2.0	1.5	2.0	2.0	2.0	1.0	1.5	1.0	18
VAC	5.8	1.0	0.0	1.0	2.0	0.5	1.0	2.0	1.5	1.5	1.5	1.0	1.5	1.0	1.5	1.5	1.0	1.0	0.5	16
FLUX.BR	6.0	1.0	1.0	1.0	1.0	1.0	1.0	2.0	1.5	0.0	0.5	1.5	1.5	1.5	1.5	0.0	2.0	2.0	1.5	16
ATR	5.7	0.5	1.0	1.0	1.0	1.0	1.0	1.5	1.0	1.0	1.0	1.5	1.0	1.5	1.5	2.0	1.5	0.5	1.0	18
ALHAF.PA	3.1	1.0	1.0	1.0	1.0	0.5	2.0	0.0	0.0	0.5	0.5	1.0	0.5	1.0	0.0	1.0	0.0	0.0	0.0	14
PFBC	6.5	2.0	2.0	1.0	0.5	2.0	1.0	0.0	2.0	1.0	1.0	1.0	1.5	1.0	1.5	2.0	0.0	2.0	2.0	16
SRCE	6.0	1.5	0.0	1.0	2.0	2.0	1.5	0.0	2.0	1.0	0.5	1.5	1.5	1.0	1.0	2.0	0.0	1.0	2.0	16
SIMO	5.6	2.0	0.0	1.0	2.0	2.0	2.0	1.5	1.5	0.0	1.5	2.0	0.5	0.0	1.0	2.0	1.0	0.0	0.0	18
UNI.MC	5.8	1.5	1.0	1.0	1.5	2.0	1.0	0.0	2.0	1.0	1.5	1.5	1.5	1.0	1.0	1.5	0.0	2.0	0.0	15
5233.T	6.8	2.0	1.0	1.0	1.0	1.0	1.0	1.0	0.5	1.0	1.0	2.0	2.0	2.0	2.0	2.0	1.0	2.0	1.0	14
SGH.ASX	5.4	1.0	1.0	1.0	1.0	1.0	1.0	1.0	1.0	1.0	1.5	2.0	1.0	1.0	1.0	1.0	1.0	1.0	1.0	4
SMA	6.0	0.0	1.0	1.0	2.0	1.5	1.5	2.0	1.5	1.5	1.5	1.0	1.5	0.5	0.5	0.0	2.0	0.5	2.0	18
PLAY	4.9	1.0	1.0	1.0	0.0	0.5	0.5	1.5	0.5	0.0	1.0	1.0	1.5	1.5	2.0	1.0	1.0	1.0	1.5	16
GRDN	4.7	0.5	1.0	1.0	1.5	1.0	1.0	1.0	0.5	1.0	1.0	2.0	0.0	0.5	2.0	1.0	0.5	0.5	1.0	18
RMBS	6.0	0.5	0.0	1.0	1.5	2.0	2.0	2.0	2.0	0.5	1.0	2.0	0.5	0.0	0.5	1.0	2.0	1.0	2.0	18
CHGG	5.8	2.0	1.0	1.0	0.0	0.0	0.0	2.0	0.0	2.0	1.0	1.0	2.0	2.0	2.0	1.0	1.5	2.0	0.5	16
AAPL.24-7	6.1	0.5	1.0	1.0	0.5	2.0	1.5	1.5	2.0	1.0	2.0	1.5	0.0	0.5	0.5	2.0	2.0	0.5	2.0	17
CRNC	6.7	1.0	1.0	1.0	2.0	0.5	1.5	2.0	0.5	2.0	0.5	1.0	1.5	1.5	2.0	1.0	1.0	2.0	2.0	16
RCI	7.4	2.0	2.0	1.0	0.5	2.0	1.0	1.5	1.5	2.0	0.5	0.0	1.5	2.0	1.5	2.0	2.0	1.5	2.0	18
PLNW.PA	6.5	0.5	1.0	1.0	1.0	2.0	1.5	2.0	2.0	1.0	1.0	1.5	0.5	0.5	1.0	2.0	1.5	1.5	2.0	16
FCT.MI	6.1	2.0	1.0	1.0	1.0	1.0	0.5	1.0	0.5	2.0	1.0	2.0	1.5	1.5	2.0	1.0	0.5	1.5	1.0	16
KODK.US	6.4	2.0	1.0	1.0	1.0	0.5	1.5	1.0	1.0	1.0	0.5	1.0	1.5	2.0	2.0	1.0	1.0	2.0	2.0	15
DUE.DE	6.2	1.5	1.0	1.0	1.0	1.0	0.5	1.0	0.0	2.0	1.0	1.0	2.0	2.0	2.0	2.0	0.5	2.0	1.0	15
HRMY	8.3	1.5	1.0	1.0	2.0	1.5	2.0	2.0	2.0	1.5	1.5	2.0	1.5	2.0	2.0	1.0	1.5	2.0	2.0	18
FIZZ	4.7	0.0	0.0	1.0	0.5	1.5	0.5	1.5	1.5	1.0	0.5	1.0	0.5	1.5	1.5	1.0	1.5	0.5	1.5	18
ONWD.BR	4.6	1.0	1.0	1.0	1.0	0.5	2.0	2.0	0.0	0.0	1.0	1.0	1.5	1.0	0.5	1.0	0.0	2.0	0.0	14
NVDA.EUR	6.9	2.0	0.0	1.0	2.0	2.0	2.0	2.0	2.0	0.5	2.0	2.0	0.0	0.5	0.5	2.0	2.0	0.5	2.0	18
VIK	5.7	0.5	0.0	1.0	0.0	1.5	1.5	1.5	2.0	0.5	2.0	2.0	0.0	1.0	1.0	1.0	1.5	1.5	2.0	18
AOJb.CO	5.7	1.5	1.0	1.0	1.0	1.0	1.5	1.0	0.5	1.0	1.0	1.0	1.5	1.5	2.0	2.0	0.5	0.5	1.0	14
IMTX	3.6	1.0	0.0	1.0	0.5	0.5	2.0	0.0	0.0	0.0	1.0	1.0	1.5	1.0	0.5	1.0	0.0	2.0	0.0	16
ZIM	5.8	1.0	0.0	1.0	1.0	1.0	1.0	1.0	1.0	2.0	0.5	2.0	2.0	1.0	2.0	0.0	0.5	2.0	2.0	17
TX	6.7	2.0	1.0	1.0	2.0	1.0	1.0	0.5	1.0	0.0	1.5	2.0	2.0	1.5	2.0	1.5	1.0	2.0	1.0	18
CRZK.DE	7.8	2.0	1.0	1.0	1.0	2.0	1.0	2.0	2.0	1.0	1.0	2.0	2.0	2.0	2.0	0.0	2.0	2.0	2.0	12
HVT	6.1	2.0	1.0	1.0	0.0	1.0	1.0	2.0	0.5	1.5	0.5	2.0	1.5	1.5	2.0	1.0	0.5	2.0	1.0	17
BC.MI	5.3	0.5	1.0	1.0	2.0	1.0	1.0	2.0	1.5	1.0	1.5	0.0	0.0	0.5	1.5	1.0	1.5	0.5	1.5	17
MGPI	4.6	1.5	0.0	1.0	0.0	0.0	0.0	1.5	1.0	0.0	1.0	1.0	2.0	2.0	2.0	1.0	1.0	1.0	0.5	17
CLBK	6.0	1.0	1.0	1.0	2.0	2.0	1.5	0.0	2.0	1.0	0.5	1.5	1.5	1.0	0.5	1.0	0.0	2.0	2.0	15
AMAT	6.5	2.0	0.0	1.0	2.0	2.0	2.0	1.5	2.0	0.5	2.0	2.0	0.0	0.0	0.5	2.0	1.5	0.5	2.0	18
GEMI	4.4	1.0	1.0	1.0	0.5	0.0	2.0	0.0	0.0	1.5	1.0	1.0	1.5	1.0	1.5	1.0	0.0	2.0	0.0	16
MUSA	5.1	1.5	0.0	1.0	2.0	1.0	2.0	0.0	0.5	1.0	1.5	0.5	0.0	1.5	2.0	2.0	0.5	0.5	1.0	18
ALLE	6.4	1.0	1.0	1.0	1.0	1.5	1.5	1.5	1.5	1.0	1.5	2.0	0.5	1.0	1.5	2.0	1.5	0.5	1.5	18
ERAG.DE	7.2	1.0	1.0	1.0	1.0	2.0	2.0	2.0	2.0	0.0	0.5	0.0	1.5	2.0	2.0	2.0	2.0	2.0	2.0	16
EPC	5.8	0.5	2.0	1.0	0.0	0.5	1.0	1.5	1.0	2.0	1.0	1.0	2.0	1.5	2.0	0.0	1.0	2.0	1.0	17
PPL	6.8	1.5	1.0	1.0	1.5	1.5	1.0	1.5	1.5	0.0	1.5	2.0	1.5	1.5	1.5	1.5	2.0	0.5	2.0	18
SKB.DE	5.4	2.0	1.0	1.0	1.0	0.5	0.5	1.0	0.5	0.0	0.5	1.0	2.0	2.0	2.0	1.0	0.5	2.0	1.0	15
8804.T	5.6	1.0	1.0	1.0	0.5	1.5	1.5	1.0	2.0	0.0	1.5	0.0	1.5	1.0	1.5	2.0	1.5	1.5	0.0	17
0914.HK	5.8	0.0	1.0	1.0	0.0	1.0	0.0	1.0	0.5	1.0	1.5	2.0	2.0	2.0	2.0	1.5	1.0	2.0	1.5	17
TEAM	5.3	1.0	1.0	1.0	2.0	0.5	2.0	2.0	1.0	1.0	2.0	1.0	0.0	0.0	1.0	1.0	0.5	0.5	1.5	17
TFPM	5.7	1.0	1.0	1.0	0.0	2.0	2.0	2.0	2.0	0.0	0.5	0.0	1.5	1.0	0.5	2.0	2.0	0.0	2.0	17
WHD	7.1	0.0	2.0	1.0	2.0	1.5	2.0	1.0	1.5	1.0	1.0	2.0	1.0	1.5	1.5	2.0	1.5	1.0	2.0	18
9147.T	5.8	0.0	1.0	1.0	2.0	1.0	1.5	0.0	0.5	2.0	1.0	2.0	1.5	2.0	2.0	0.0	1.0	1.5	1.0	17
ANGX	4.4	1.0	0.0	1.0	2.0	0.0	2.0	2.0	0.0	0.5	1.0	1.0	1.0	1.0	1.5	1.0	0.0	1.0	0.0	15
ADMA	6.7	1.5	1.0	1.0	0.0	2.0	1.0	2.0	2.0	1.0	0.5	2.0	1.0	1.5	1.5	1.0	2.0	1.0	2.0	17
KA8.DE	6.2	2.0	1.0	1.0	1.0	1.0	1.5	1.5	1.5	0.0	1.0	1.0	1.0	2.0	2.0	2.0	1.0	1.0	1.0	14
FXPO.L	3.9	0.0	1.0	1.0	1.0	0.5	0.0	1.5	0.0	2.0	0.5	1.0	0.0	1.0	2.0	1.0	0.0	1.0	0.5	15
WAY	6.9	0.5	2.0	1.0	1.0	1.5	1.5	2.0	1.5	1.5	2.0	2.0	1.5	1.0	1.0	1.0	2.0	0.5	1.5	18
GRC.US	6.0	1.0	1.0	1.0	2.0	1.0	1.0	1.0	1.5	1.0	0.5	2.0	1.0	1.0	1.5	2.0	1.0	0.5	1.5	17
RCP.L	5.1	2.0	1.0	1.0	1.0	1.0	1.0	1.0	1.0	1.0	0.5	1.0	1.0	1.0	1.0	1.0	1.0	1.0	1.0	3
RUI.PA	5.8	1.5	1.0	1.0	1.0	1.0	2.0	1.0	0.5	0.5	1.0	1.0	1.5	1.5	2.0	1.5	0.5	1.5	1.0	16
SGML	4.6	1.0	1.0	1.0	0.0	0.0	2.0	1.5	1.5	1.0	0.5	1.0	0.0	0.0	1.0	1.0	1.5	0.5	2.0	16
MBQ.DE	6.4	2.0	1.0	1.0	1.0	1.0	0.0	2.0	0.0	1.0	1.0	2.0	2.0	2.0	2.0	1.0	1.0	2.0	1.0	13
288.HK	4.7	0.0	1.0	1.0	1.0	1.0	1.0	1.0	1.0	0.5	1.5	0.0	2.0	0.5	1.5	1.5	1.0	0.5	1.0	16
EPAM	6.4	2.0	0.0	1.0	0.5	1.0	1.0	1.0	1.0	2.0	1.5	2.0	1.5	2.0	2.0	1.0	1.0	1.5	1.0	18
BRG.ASX	5.7	0.5	1.0	1.0	1.0	1.0	1.0	1.5	1.0	1.0	1.5	2.0	1.0	1.0	1.5	2.0	1.0	0.5	1.0	16
RCAT	3.8	1.0	1.0	1.0	0.0	0.0	2.0	0.0	0.0	0.0	1.0	1.0	1.5	1.0	1.0	1.0	0.0	2.0	0.0	15
IRT	5.6	0.0	2.0	1.0	1.0	1.0	1.0	2.0	1.0	1.5	1.5	0.0	1.5	1.0	1.0	0.0	2.0	0.5	2.0	18
O4B.DE	6.0	1.0	1.0	1.0	1.0	1.0	1.5	0.5	0.5	2.0	0.5	2.0	1.5	1.5	2.0	1.0	0.5	2.0	1.0	16
HAS	7.1	1.0	2.0	1.0	0.5	1.5	1.5	2.0	1.5	1.5	1.5	1.5	0.0	1.5	1.5	2.0	1.5	1.5	2.0	18
DNLM.L	5.8	1.0	1.0	1.0	1.0	1.0	1.0	2.0	1.0	2.0	1.5	0.0	0.0	2.0	2.0	2.0	1.0	0.5	1.0	16
IEAG	3.8	1.0	1.0	1.0	1.0	0.5	1.0	0.0	0.0	1.0	1.0	1.0	1.0	1.0	1.0	1.0	0.0	0.0	1.0	6
MOBI	5.0	1.0	1.0	1.5	1.0	0.0	2.0	2.0	0.0	1.0	0.5	1.0	1.5	1.0	1.5	1.0	0.0	2.0	0.0	13
BILI	6.2	2.0	1.0	1.0	1.0	1.0	1.0	1.5	0.5	1.0	2.0	2.0	1.5	1.0	1.0	1.0	1.0	2.0	1.0	15
LCID	4.0	1.0	2.0	1.0	0.0	0.0	2.0	0.0	0.0	0.0	1.0	1.0	1.0	1.0	1.5	1.0	0.0	2.0	0.0	15
GOLF	5.3	0.5	1.0	1.0	0.0	1.0	1.5	1.5	1.5	0.5	1.0	1.5	1.0	1.0	1.5	2.0	1.0	0.5	1.0	18
74SW.PA	5.8	1.0	1.0	1.0	1.0	1.0	1.0	1.0	1.0	1.0	1.0	2.0	1.5	1.5	2.0	1.0	1.0	1.0	1.0	16
TLS	5.7	1.0	0.0	1.0	2.0	0.5	2.0	1.5	0.5	2.0	1.0	1.0	1.0	1.0	2.0	1.0	0.0	1.5	1.5	16
H9W.DE	4.4	1.0	1.0	1.0	1.0	0.5	1.5	1.0	0.0	0.0	1.0	1.0	1.0	1.0	2.0	1.0	0.0	0.5	1.5	13
NCH2.DE	3.8	1.0	1.0	1.0	0.0	0.0	0.0	0.0	0.0	0.0	1.5	1.0	1.5	1.0	2.0	1.0	0.0	2.0	0.5	15
IPGP	6.1	1.0	2.0	1.0	2.0	1.0	1.5	1.5	0.5	0.5	1.0	2.0	1.5	0.5	1.5	1.0	0.5	2.0	1.0	18
MOS	4.4	1.0	2.0	1.0	0.0	0.5	0.5	0.5	0.0	0.0	1.5	1.0	2.0	2.0	2.0	0.0	1.0	0.5	0.5	17
BC	5.1	2.0	0.0	1.0	0.0	0.5	1.0	1.0	0.5	2.0	1.5	1.0	1.5	1.5	2.0	0.0	1.0	1.0	1.0	17
BST.DE	5.8	1.5	1.0	1.0	1.0	1.0	1.0	1.5	0.5	1.0	0.5	2.0	1.5	1.5	2.0	1.5	0.5	1.0	1.0	14
C	6.2	2.0	0.0	1.0	0.5	2.0	1.5	0.0	2.0	1.0	2.0	2.0	1.5	1.0	2.0	2.0	0.0	2.0	0.0	16
PSEC	6.1	1.0	1.0	1.0	1.0	2.0	0.5	2.0	2.0	2.0	0.5	2.0	2.0	1.0	1.0	0.0	0.0	1.0	2.0	17
ALEC	3.3	1.0	1.0	1.0	0.5	0.5	0.0	0.0	0.0	0.0	1.0	1.0	1.0	1.0	1.0	1.0	0.0	2.0	0.0	15
SYZ.DE	4.4	0.0	1.0	1.0	1.0	0.0	0.0	0.5	0.5	2.0	0.5	1.0	2.0	1.0	2.0	1.0	0.0	1.5	1.0	15
LSEG.L	6.4	2.0	1.0	1.0	1.0	1.5	1.0	2.0	2.0	1.0	1.5	0.0	0.0	1.0	1.0	2.0	1.5	1.5	2.0	16
ZNTL	3.6	1.0	0.0	1.0	0.0	0.5	1.0	0.0	0.0	0.0	1.0	1.0	1.5	1.0	1.0	1.0	0.0	2.0	1.0	13
KWY	5.1	2.0	1.0	1.0	1.0	0.5	2.0	2.0	0.5	1.0	1.0	1.0	0.0	0.0	2.0	1.0	0.5	1.5	0.5	14
SRP.PA	3.9	1.0	1.0	1.0	1.0	0.5	0.0	1.0	0.0	0.0	0.5	1.0	1.0	1.0	2.0	1.0	0.0	2.0	0.0	14
CORT	5.7	2.0	2.0	1.0	2.0	1.0	2.0	2.0	1.5	0.5	1.0	2.0	0.0	0.0	0.5	1.0	0.5	0.5	1.0	18
YORW.US	6.1	0.0	1.0	1.0	1.5	2.0	2.0	2.0	2.0	0.0	0.5	0.5	1.5	1.0	1.0	2.0	2.0	0.0	2.0	17
SMTC	5.8	1.5	1.0	1.0	2.0	1.5	2.0	2.0	1.5	0.5	1.5	2.0	0.0	0.0	0.5	1.0	1.0	0.5	1.5	18
7201.T	5.0	1.5	1.0	1.0	0.0	0.5	1.0	0.5	0.5	0.0	1.5	1.0	2.0	1.0	2.0	1.0	0.5	2.0	1.0	16
BKU	6.0	2.0	0.0	1.0	0.0	2.0	1.0	0.0	2.0	1.0	1.5	1.5	1.5	1.0	1.5	2.0	0.0	1.5	2.0	16
CIM	4.7	0.5	1.0	1.0	0.0	1.0	1.0	2.0	2.0	1.0	0.5	1.0	2.0	1.0	0.0	1.0	0.0	2.0	0.0	15
EFSC	6.5	1.5	2.0	1.0	0.5	2.0	1.0	0.0	2.0	1.0	1.0	1.5	1.5	1.0	1.5	2.0	0.0	2.0	2.0	16
2600.HK	7.5	1.5	1.0	1.0	1.0	1.0	1.5	1.0	1.5	2.0	1.5	1.5	1.5	2.0	2.0	2.0	1.5	2.0	1.5	16
CAMT	5.7	1.0	1.0	1.0	2.0	1.0	1.0	2.0	1.5	1.0	1.5	2.0	0.0	0.0	0.5	1.0	1.5	1.5	1.0	16
WRT1V.HE	5.7	1.0	1.0	1.0	0.0	1.0	0.5	1.5	1.0	1.5	1.5	1.5	0.5	1.0	1.5	2.0	1.0	1.5	1.5	17
ACX.MC	6.0	2.0	1.0	1.0	1.0	1.0	1.0	1.5	0.5	1.0	1.5	2.0	1.5	1.0	2.0	0.0	0.5	2.0	1.0	16
FLL	6.0	2.0	1.0	1.0	1.5	0.0	1.0	2.0	0.5	2.0	0.5	1.0	1.0	1.5	2.0	1.0	1.0	2.0	0.5	16
LTA.PA	4.9	1.0	1.0	1.0	1.0	1.0	1.0	1.0	1.0	1.0	0.5	1.0	1.0	1.0	1.0	1.0	1.0	1.0	1.0	2
TRN.L	6.5	2.0	1.0	1.0	1.0	1.5	1.0	2.0	1.5	2.0	1.5	0.0	0.0	2.0	1.5	1.0	1.5	1.0	2.0	16
DGII	6.2	2.0	0.0	1.0	2.0	1.0	2.0	2.0	1.5	1.0	1.0	2.0	1.0	0.5	1.0	1.0	1.5	0.0	2.0	18
STERV.HE	5.4	0.0	1.0	1.0	0.0	1.0	0.5	1.0	0.5	2.0	1.5	1.0	2.0	1.0	2.0	2.0	0.5	1.5	1.0	17
AGCO	5.4	2.0	0.0	1.0	0.0	1.0	0.5	1.0	0.5	1.5	1.5	1.0	1.5	1.5	2.0	2.0	0.5	1.0	1.0	18
BRNK.DE	4.7	0.0	1.0	1.0	1.0	0.0	0.0	2.0	0.0	2.0	0.5	1.0	2.0	1.0	1.0	1.0	0.0	2.0	1.5	15
6954.T	6.2	0.5	1.0	1.0	1.0	2.0	1.5	1.5	1.5	1.0	1.5	1.0	1.5	1.0	1.0	1.5	1.5	1.5	1.0	15
8308.T	6.0	1.5	1.0	1.0	1.5	2.0	1.5	0.0	2.0	1.0	1.5	0.0	1.5	1.0	1.0	2.0	0.0	2.0	1.0	14
MA	6.8	1.5	1.0	1.0	1.0	2.0	1.5	2.0	2.0	1.0	2.0	2.0	0.0	0.5	0.5	2.0	2.0	0.5	2.0	18
TSSI	4.2	2.0	1.0	1.0	1.0	1.0	0.0	0.5	0.5	0.0	0.5	0.0	1.0	1.0	2.0	1.0	0.5	2.0	0.0	17
CLNE	4.0	0.0	1.0	1.0	0.0	0.0	1.0	1.0	0.0	0.0	1.0	1.0	2.0	0.0	2.0	1.0	0.5	2.0	1.0	17
VOF.L	6.4	1.0	1.0	1.0	1.0	2.0	2.0	2.0	2.0	1.5	0.5	1.0	0.0	1.0	1.0	2.0	0.0	2.0	2.0	13
HEAD.L	4.2	1.0	1.0	1.0	1.0	0.0	0.5	1.0	0.0	1.0	1.0	1.0	0.5	1.0	2.0	1.0	0.0	2.0	0.0	13
ALFER.PA	6.4	1.0	1.0	1.0	1.0	1.0	0.5	1.5	0.5	2.0	0.5	2.0	2.0	1.5	2.0	2.0	0.5	2.0	1.0	16
PLTR.EUR	6.4	1.0	1.0	1.0	2.0	2.0	2.0	2.0	2.0	0.5	2.0	2.0	0.0	0.0	0.0	1.0	2.0	0.5	2.0	18
CMCL	8.2	2.0	1.0	1.0	0.0	2.0	1.5	2.0	2.0	2.0	0.5	2.0	1.5	2.0	2.0	2.0	2.0	2.0	2.0	17
HSIC	5.7	1.0	2.0	1.0	1.0	1.0	1.0	1.0	0.5	1.0	1.5	2.0	1.0	1.5	2.0	1.0	0.5	0.5	1.0	18
SALT.L	3.8	1.0	1.0	1.0	1.0	0.0	2.0	0.0	0.0	0.0	1.0	1.0	0.0	1.0	1.5	1.0	0.0	2.0	0.0	13
SSP.US	4.7	1.0	0.0	1.0	1.0	0.0	0.5	1.5	0.5	2.0	0.5	1.0	1.0	1.5	2.0	1.0	1.0	1.0	0.5	15
8306.T	6.4	1.0	1.0	1.0	2.0	2.0	2.0	0.0	2.0	1.0	1.5	0.0	1.5	1.0	2.0	2.0	0.0	2.0	1.0	14
MZX.DE	6.8	1.5	1.0	1.0	1.0	1.0	1.0	2.0	1.0	2.0	0.5	2.0	1.5	2.0	2.0	2.0	1.0	1.0	1.0	16
TOL	6.0	2.0	0.0	1.0	0.5	1.5	0.5	1.0	1.0	1.0	1.5	1.5	1.5	1.5	2.0	2.0	1.0	1.0	1.0	18
IMMO.BR	6.5	2.0	1.0	1.0	1.0	1.5	0.0	0.5	1.5	2.0	0.5	2.0	2.0	1.0	1.5	1.0	1.0	2.0	2.0	16
FANG	7.1	0.0	1.0	1.0	0.0	1.0	2.0	2.0	2.0	2.0	2.0	2.0	1.5	2.0	1.5	1.5	2.0	0.0	2.0	18
FEV.DE	5.0	0.0	1.0	1.0	1.0	1.0	0.5	1.0	0.0	1.0	0.5	2.0	2.0	1.5	2.0	0.0	0.5	2.0	1.0	14
STLN	4.4	1.0	2.0	1.0	0.0	0.5	2.0	0.5	0.0	0.5	1.0	1.0	1.0	1.0	2.0	1.0	0.0	1.0	0.5	15
BKSY	4.7	1.0	1.0	1.0	2.0	0.0	2.0	2.0	0.0	0.0	1.0	1.0	1.0	1.0	1.0	1.0	0.0	2.0	0.0	15
02196.HK	6.0	1.5	1.0	1.0	0.0	1.0	1.0	2.0	0.5	1.0	1.0	0.5	2.0	1.0	2.0	2.0	1.0	2.0	1.0	17
ACA.PA	5.6	0.0	1.0	1.0	1.5	2.0	0.5	0.0	2.0	1.0	1.5	1.5	2.0	1.0	1.0	2.0	0.0	2.0	0.0	15
RCMT	5.8	1.0	1.0	1.0	2.0	1.0	1.5	1.0	1.0	1.5	0.5	2.0	1.0	1.5	2.0	1.0	0.5	0.5	1.0	17
SGHC	5.8	1.0	0.0	1.0	0.0	1.5	1.5	1.0	2.0	1.0	1.0	1.5	0.5	1.5	1.5	2.0	1.5	1.0	1.5	18
WELL.US	5.4	0.5	2.0	1.0	0.0	1.5	2.0	1.5	1.5	0.5	2.0	2.0	1.0	0.0	0.5	0.0	1.5	0.5	1.5	18
VOYA.US	6.9	1.0	1.0	1.0	2.0	1.0	0.5	2.0	0.5	2.0	1.5	2.0	1.5	1.5	2.0	2.0	1.0	1.5	1.0	18
AMSC	4.9	2.0	1.0	1.0	0.0	2.0	2.0	1.0	0.5	0.5	0.5	0.0	1.5	0.0	1.5	1.0	0.5	1.5	1.0	18
OZK	6.1	0.5	2.0	1.0	0.5	2.0	0.5	0.0	2.0	1.0	1.0	1.0	2.0	1.0	1.5	2.0	0.0	2.0	2.0	16
GHRS	3.8	1.0	0.0	0.0	2.0	0.5	1.0	0.0	0.0	0.0	1.0	1.0	1.0	1.0	1.0	1.0	0.0	2.0	1.0	13
PTLO	5.6	1.0	2.0	0.5	0.0	1.0	1.0	1.0	1.0	0.0	1.0	2.0	2.0	1.5	2.0	1.0	1.0	1.0	1.0	18
MSGS	3.8	0.0	0.0	1.0	0.0	1.0	2.0	1.0	1.0	0.5	1.0	1.0	1.0	0.0	1.0	1.0	0.5	0.5	1.0	16
DLO	6.9	1.0	1.0	1.0	0.0	1.5	2.0	1.0	1.5	2.0	1.5	2.0	0.5	1.5	1.5	2.0	1.0	2.0	2.0	18
PRU	6.8	2.0	0.0	1.0	1.0	1.0	1.5	1.0	0.5	2.0	1.5	2.0	1.5	1.5	2.0	2.0	0.5	2.0	1.5	18
SON	6.5	2.0	2.0	1.0	1.0	1.0	0.5	1.0	1.0	2.0	1.0	1.0	1.5	2.0	2.0	2.0	1.0	0.5	1.0	18
HUB.ASX	6.1	0.0	1.0	1.0	1.0	2.0	2.0	2.0	2.0	1.0	1.5	2.0	0.5	1.0	0.5	2.0	0.0	0.5	2.0	14
ULCC	4.0	1.0	0.0	1.0	2.0	0.5	2.0	0.0	0.0	0.0	1.0	1.0	0.0	1.0	2.0	1.0	0.0	2.0	0.0	16
MAK.DE	5.1	2.0	1.0	1.0	1.0	0.0	1.0	0.5	0.0	2.0	1.0	1.0	1.0	1.0	2.0	1.0	0.0	2.0	1.0	13
DTE	5.6	1.0	1.0	1.0	1.5	1.0	0.5	1.0	1.0	0.0	1.5	2.0	1.5	1.0	1.5	1.5	1.5	0.0	1.5	18
SOP.PA	6.5	2.0	1.0	1.0	1.0	1.0	1.0	0.5	1.0	2.0	1.0	2.0	1.5	2.0	2.0	2.0	0.5	1.0	1.0	16
ACHR	3.2	1.0	0.0	1.0	0.0	0.5	1.0	0.5	0.0	0.0	1.0	1.0	1.5	1.0	0.0	1.0	0.0	2.0	0.0	15
LYC.ASX	6.4	2.0	1.0	1.0	1.0	2.0	2.0	1.5	2.0	0.0	1.5	2.0	1.0	0.0	0.5	1.0	1.5	1.0	2.0	16
HSW.L	6.0	1.0	1.0	1.0	1.0	1.0	1.5	2.0	0.5	2.0	1.0	0.0	0.0	1.5	2.0	2.0	1.0	1.5	1.5	16
CQE.ASX	6.0	2.0	1.0	1.0	1.0	2.0	1.0	2.0	2.0	1.0	1.0	0.0	2.0	1.0	0.5	1.5	0.0	0.5	2.0	15
TEP.PA	7.2	1.5	1.0	1.0	1.0	1.0	0.5	1.0	1.0	2.0	1.5	2.0	2.0	2.0	2.0	2.0	1.0	2.0	1.5	16
PRDO	7.8	2.0	0.0	1.0	1.0	2.0	1.0	2.0	2.0	2.0	0.5	1.5	1.5	2.0	2.0	2.0	1.5	2.0	2.0	18
PBYI	5.7	1.0	0.0	1.0	1.0	1.5	1.0	2.0	1.0	1.5	1.0	0.0	1.0	1.5	2.0	1.0	1.0	1.5	1.5	16
NVDA	6.9	2.0	0.0	1.0	2.0	2.0	2.0	2.0	2.0	0.5	2.0	2.0	0.0	0.5	0.5	2.0	2.0	0.5	2.0	18
TG	6.1	2.0	1.0	1.0	1.0	1.0	2.0	0.5	0.5	1.5	1.0	1.5	1.5	2.0	2.0	1.0	0.5	1.0	1.0	15
MORE.NV	6.2	1.5	1.0	1.0	1.0	1.0	2.0	2.0	0.5	1.0	1.0	1.0	1.5	2.0	2.0	1.0	0.5	1.5	1.0	13
BAP.ASX	5.3	1.0	1.0	1.0	1.0	0.0	0.5	1.5	0.5	2.0	1.5	1.0	2.0	1.0	2.0	0.0	0.5	1.5	1.0	14
ASPS	5.0	2.0	1.0	1.0	0.0	0.5	1.5	1.0	0.5	2.0	0.5	1.0	1.0	0.5	2.0	1.0	0.5	2.0	0.0	15
MPTI	6.0	1.5	1.0	1.0	0.0	1.5	1.5	1.5	1.0	0.5	0.5	1.5	1.5	1.0	1.5	1.0	1.5	2.0	1.5	17
EMIRATESNBD.AE	6.1	2.0	1.0	1.0	1.5	2.0	1.0	0.0	2.0	1.0	1.5	1.5	1.5	1.0	1.0	2.0	0.0	2.0	0.0	15
YSS	4.3	1.0	0.0	1.0	0.0	0.0	1.5	1.0	0.0	1.0	1.5	1.0	2.0	1.0	1.5	1.0	0.0	2.0	0.0	15
4151.T	7.2	0.0	1.0	1.0	2.0	1.5	1.5	2.0	1.0	1.0	1.5	0.5	1.5	2.0	2.0	2.0	1.5	2.0	2.0	17
CARE	6.0	2.0	0.0	1.0	1.0	2.0	2.0	0.0	2.0	1.0	0.5	0.0	1.5	1.0	2.0	2.0	0.0	2.0	1.5	16
BW	4.7	1.0	2.0	1.0	0.0	0.5	2.0	0.5	0.5	2.0	0.5	1.0	0.0	0.5	2.0	1.0	0.5	2.0	0.0	16
TEVA	6.0	2.0	1.0	1.0	1.0	1.0	0.5	2.0	0.5	1.0	1.0	2.0	1.0	1.5	1.5	1.0	1.5	1.0	1.0	16
VAL.US	5.0	2.0	1.0	1.0	0.0	2.0	0.0	1.0	1.0	0.5	1.0	0.0	1.5	1.0	1.5	1.0	1.0	1.0	1.5	18
IMMR	6.0	1.0	1.0	1.0	1.0	1.0	1.0	1.0	0.0	2.0	0.5	2.0	2.0	1.5	2.0	1.5	0.5	2.0	0.5	16
FG	6.5	2.0	0.0	1.0	0.0	1.0	1.0	1.0	0.0	2.0	0.5	2.0	2.0	2.0	2.0	2.0	1.0	2.0	2.0	18
PCA.L	4.3	1.0	1.0	1.0	1.0	2.0	0.0	1.5	0.0	1.5	1.0	1.0	0.0	1.0	1.5	0.0	0.0	2.0	0.0	12
SGO.PA	6.8	1.5	1.0	1.0	1.0	1.0	0.5	1.0	1.0	2.0	1.5	2.0	1.5	2.0	2.0	2.0	1.0	1.5	1.0	16
MLAB	6.1	0.0	2.0	1.0	2.0	1.0	1.0	2.0	1.0	1.5	0.5	2.0	1.0	1.0	1.5	1.5	1.0	0.5	1.5	18
SNC.LS	3.9	0.0	1.0	1.0	1.0	2.0	0.5	0.0	0.0	0.5	1.0	0.0	2.0	1.0	0.0	2.0	0.0	2.0	0.0	15
ALVO	3.6	1.0	2.0	1.0	0.0	0.0	0.0	2.0	0.0	0.0	1.0	1.0	1.0	0.0	1.0	1.0	1.0	1.0	0.0	15
DAKT	5.7	2.0	1.0	1.0	0.0	1.0	1.0	1.0	1.0	1.0	0.5	2.0	1.5	1.5	2.0	1.0	0.5	1.5	1.0	18
AAON	4.7	1.5	1.0	1.0	0.0	1.0	2.0	1.0	1.0	0.0	0.5	2.0	0.5	0.5	1.5	2.0	1.0	0.0	0.5	17
KAP.L	7.5	2.0	1.0	1.0	2.0	2.0	2.0	2.0	0.0	2.0	1.5	2.0	2.0	1.0	1.0	1.5	2.0	1.0	1.0	13
00001.HK	6.4	2.0	1.0	1.0	1.0	1.5	0.5	2.0	1.0	0.0	1.0	0.0	2.0	1.5	2.0	2.0	1.0	2.0	1.5	16
PAX	6.9	1.0	2.0	1.0	1.0	1.5	2.0	2.0	1.5	1.0	1.0	2.0	1.5	1.5	1.5	0.0	2.0	1.5	1.0	16
HTZWW	4.9	2.0	1.0	1.0	1.0	0.5	1.0	0.5	0.5	1.0	1.0	1.0	1.0	1.0	1.0	1.0	0.5	1.0	1.5	7
SVC	4.9	1.0	2.0	1.0	1.0	0.0	0.0	1.0	1.0	2.0	0.5	1.0	1.5	1.5	1.5	0.0	1.5	0.0	1.0	17
TSLA.24-7	4.2	0.0	1.0	1.0	0.0	1.0	2.0	0.5	0.5	0.5	2.0	2.0	0.0	0.0	0.5	1.0	1.0	0.5	1.5	17
CHCT	6.1	1.0	1.0	1.0	1.0	1.5	1.0	2.0	2.0	2.0	0.5	0.0	2.0	1.5	1.0	0.0	2.0	0.5	2.0	17
GPCR	4.0	1.0	1.0	1.0	0.0	0.5	1.0	0.0	0.0	0.0	1.5	1.0	1.5	1.0	1.0	1.0	0.0	2.0	1.0	13
RKT.L	6.1	1.0	1.0	1.0	1.0	2.0	0.5	2.0	1.5	2.0	1.5	0.0	0.0	1.5	1.5	2.0	1.5	0.5	1.5	16
REGN	8.2	1.5	2.0	1.0	2.0	2.0	1.5	1.5	2.0	1.0	2.0	2.0	1.5	1.0	1.5	2.0	1.5	1.5	2.0	18
6770.T	5.6	0.0	1.0	1.0	2.0	1.0	0.5	0.5	0.0	1.0	1.5	0.0	2.0	2.0	2.0	2.0	0.5	2.0	1.0	15
SBRA	5.4	0.0	1.0	1.0	0.5	1.0	2.0	2.0	0.0	1.0	1.5	2.0	1.5	0.5	1.0	0.0	2.0	0.5	2.0	18
SNWS.L	5.0	2.0	1.0	1.0	1.0	1.0	0.5	0.0	0.5	2.0	0.5	0.0	0.0	2.0	2.0	2.0	0.5	1.0	1.0	16
OKE	6.2	1.0	1.0	1.0	2.0	1.0	2.0	1.0	1.0	0.5	2.0	1.5	1.5	1.5	1.5	1.5	1.0	0.0	1.5	18
FPI	5.6	1.0	1.0	1.0	0.0	2.0	0.5	2.0	2.0	1.0	0.5	0.0	1.5	0.5	0.5	2.0	2.0	0.5	2.0	18
2413.T	6.8	1.0	1.0	1.0	2.0	1.5	1.0	1.5	1.5	1.0	1.5	1.0	1.5	1.5	1.5	2.0	1.5	1.5	1.0	15
APA	6.9	1.5	0.0	1.0	0.0	1.5	1.0	2.0	2.0	2.0	2.0	0.5	1.5	2.0	1.5	2.0	2.0	0.5	2.0	18
JST.DE	5.7	0.0	1.0	1.0	1.0	0.5	1.5	1.0	0.5	2.0	1.0	2.0	1.5	2.0	2.0	0.0	1.0	1.5	1.0	16
SICP	5.7	2.0	1.0	1.0	1.0	0.5	1.0	0.0	2.0	1.0	1.0	1.0	2.0	1.0	2.0	1.0	0.0	2.0	1.0	10
ELPC	5.8	1.5	1.0	1.0	1.0	1.5	1.5	1.0	1.5	2.0	0.5	0.5	0.5	1.5	1.5	0.0	1.5	2.0	1.0	16
EVN.ASX	7.5	2.0	1.0	1.0	1.0	2.0	1.5	1.5	2.0	1.0	1.5	2.0	1.0	1.5	1.5	2.0	2.0	0.5	2.0	16
RDWR	5.3	0.0	1.0	1.0	2.0	1.0	1.5	2.0	0.5	0.5	0.5	2.0	1.0	0.0	1.5	1.0	0.5	2.0	1.0	17
AGNC	6.0	0.5	2.0	1.0	1.0	2.0	1.0	2.0	2.0	1.0	1.0	0.0	1.5	1.0	0.0	1.5	0.0	2.0	2.0	15
PME.ASX	5.6	0.5	1.0	1.0	1.0	2.0	1.5	2.0	2.0	0.5	1.5	0.5	0.0	0.0	0.0	2.0	2.0	0.5	2.0	16
TDY	6.8	1.5	2.0	1.0	1.5	1.5	1.0	1.5	1.5	1.0	1.5	2.0	1.5	1.0	1.5	1.0	1.5	0.5	1.5	18
FATE	3.5	1.0	0.0	1.0	1.5	0.5	1.0	0.0	0.0	0.0	1.0	1.0	1.5	1.0	0.0	1.0	0.0	2.0	0.0	16
NCLH	6.2	1.5	2.0	1.0	1.5	1.0	1.0	1.5	1.0	0.0	2.0	1.0	1.5	1.5	1.5	1.0	1.5	0.5	1.5	18
LOV.ASX	6.1	0.5	1.0	1.0	1.0	1.5	1.5	2.0	1.5	1.5	1.5	2.0	0.0	1.0	1.5	1.0	1.5	0.5	1.5	16
OXIG.L	5.1	0.5	1.0	1.0	1.0	1.5	0.5	2.0	1.5	1.0	1.0	0.0	0.0	1.0	1.5	2.0	1.0	1.0	1.0	16
IDR.US	5.6	1.0	0.0	1.0	1.0	2.0	1.5	2.0	2.0	0.0	0.5	0.0	1.0	1.0	1.0	1.0	2.0	1.0	2.0	18
JEF	7.2	1.5	2.0	1.0	1.5	1.5	2.0	2.0	1.5	1.0	1.0	1.5	2.0	1.0	1.0	2.0	0.0	2.0	1.5	16
BAG.L	5.7	1.0	1.0	1.0	1.0	1.5	1.0	1.5	1.0	1.0	1.5	0.0	0.0	1.5	2.0	2.0	1.0	1.5	1.0	16
RCKY	5.7	1.5	2.0	1.0	1.5	1.0	1.5	1.5	0.5	0.0	0.5	1.5	1.5	1.5	2.0	2.0	0.5	0.0	0.5	18
CSL.ASX	5.7	1.0	1.0	1.0	1.0	0.0	1.0	2.0	1.5	1.0	1.5	1.0	1.0	1.0	1.0	2.0	1.5	0.5	1.5	15
TMCR	3.2	1.0	1.0	0.0	0.0	0.5	1.0	0.0	0.0	1.0	0.5	1.0	1.0	1.0	1.0	1.0	0.0	0.5	1.0	10
ESTC	6.5	1.5	2.0	1.0	1.5	2.0	1.5	2.0	0.0	1.5	2.0	1.5	0.5	1.0	1.5	1.0	0.0	1.5	1.5	18
BOR.L	3.3	1.0	1.0	1.0	1.0	0.5	1.0	0.0	0.0	0.0	1.0	1.0	0.0	1.0	1.0	1.0	0.0	0.5	1.0	10
HQ	3.5	1.0	1.0	1.0	1.0	0.5	1.0	2.0	0.0	0.0	0.5	1.0	0.0	1.0	0.0	1.0	0.0	1.5	0.0	13
6976.T	5.7	2.0	1.0	1.0	0.5	1.0	1.5	1.0	0.5	1.0	1.5	2.0	1.0	1.0	1.5	1.0	1.0	1.0	1.0	15
HGTY	6.9	2.0	0.0	1.0	2.0	1.0	0.5	2.0	1.5	2.0	1.0	2.0	0.5	2.0	2.0	1.0	1.0	2.0	1.5	18
AVPT	5.1	0.0	0.0	1.0	0.0	1.5	2.0	2.0	1.0	1.0	1.5	2.0	0.5	0.0	1.0	1.0	1.0	1.5	1.5	18
MCO	6.7	1.0	2.0	1.0	0.5	2.0	1.5	2.0	2.0	1.0	2.0	1.5	0.0	0.5	0.5	2.0	2.0	0.5	2.0	18
5411.T	5.8	2.0	1.0	1.0	0.0	1.0	1.0	0.5	0.5	1.0	1.0	2.0	2.0	1.5	2.0	1.5	0.5	1.5	1.0	15
DTC.AE	4.9	0.5	1.0	1.0	2.0	1.0	0.0	0.5	0.5	1.0	1.0	2.0	0.0	1.5	1.5	0.0	1.5	1.0	1.5	17
CL	5.8	1.0	0.0	1.0	1.0	1.0	1.0	2.0	1.5	1.5	2.0	2.0	0.0	1.0	1.5	1.0	1.5	0.5	1.5	18
FNTN.DE	6.2	2.0	1.0	1.0	1.5	1.0	2.0	1.0	1.0	2.0	1.0	1.5	1.5	1.5	2.0	0.0	1.0	0.5	1.0	17
EQH	4.9	1.0	1.0	1.0	1.5	0.5	0.0	0.5	0.0	0.0	1.5	1.0	1.0	1.5	2.0	1.5	0.5	2.0	1.0	15
ALCJ.PA	3.8	1.0	1.0	1.0	1.0	0.5	1.0	0.0	0.0	1.0	0.5	1.0	1.0	1.0	0.0	1.0	0.0	1.5	1.0	10
MTPLF	6.9	1.0	1.0	1.0	1.0	0.5	2.0	2.0	2.0	2.0	0.5	1.0	1.5	1.5	1.0	1.0	2.0	2.0	2.0	14
BMRN	6.7	2.0	2.0	1.0	0.0	1.0	1.5	2.0	1.5	0.5	2.0	2.0	1.5	0.5	1.5	1.0	1.0	1.0	2.0	18
DLB	6.7	1.5	1.0	1.0	0.5	1.5	0.5	2.0	1.0	1.5	0.5	2.0	1.5	1.5	1.5	1.5	1.5	1.5	2.0	18
0992.HK	4.7	2.0	1.0	1.0	2.0	1.0	2.0	0.5	0.5	0.0	1.5	0.0	0.5	0.0	1.5	2.0	0.5	0.5	0.5	17
FIG	4.4	0.0	0.0	1.0	0.0	0.0	2.0	2.0	0.0	2.0	1.5	1.0	0.5	1.0	1.0	1.0	0.0	1.5	1.5	17
ROIV	2.5	1.0	0.0	1.0	0.0	0.5	0.0	0.0	0.0	0.0	1.5	1.0	0.5	1.0	0.0	1.0	0.0	1.5	0.0	16
NXT.ASX	5.0	0.0	1.0	1.0	1.0	1.5	1.5	2.0	0.0	0.0	1.5	1.0	1.5	0.0	0.0	1.0	2.0	1.5	1.5	15
LGEN.L	5.3	1.0	1.0	1.0	1.0	1.5	1.5	1.0	1.0	2.0	1.5	0.0	0.0	0.5	1.5	0.0	1.0	2.0	1.5	16
ALTHX.PA	2.6	1.0	1.0	1.0	1.0	0.5	0.0	0.0	0.0	0.0	0.5	1.0	0.0	1.0	0.0	1.0	0.0	1.5	0.0	14
ARCC	5.7	0.5	2.0	1.0	0.5	2.0	1.0	2.0	2.0	1.5	1.5	2.0	2.0	1.0	1.0	0.0	0.0	0.5	0.0	17
THC	7.2	1.0	2.0	1.0	2.0	1.5	1.0	1.5	1.5	2.0	2.0	0.0	1.0	2.0	2.0	1.0	1.5	1.5	1.5	18
ATEN	5.7	0.0	0.0	1.0	1.0	1.5	1.5	2.0	1.0	1.0	1.0	2.0	0.5	0.5	1.0	2.0	1.5	1.5	1.5	18
OPENZ	3.6	1.0	1.0	1.0	1.0	0.0	0.0	0.0	0.0	1.0	1.0	1.0	2.0	1.0	1.0	1.0	0.0	1.0	0.0	8
WTFC	6.4	1.5	0.0	1.0	1.0	2.0	1.5	0.0	2.0	1.0	1.5	1.5	1.5	1.0	1.5	2.0	0.0	2.0	2.0	16
RRC	7.8	2.0	2.0	1.0	0.0	2.0	1.0	2.0	2.0	1.5	2.0	1.5	1.5	2.0	1.5	2.0	2.0	0.0	2.0	18
IFS	5.4	1.5	0.0	1.0	0.5	2.0	1.0	0.0	2.0	1.0	0.5	2.0	1.5	1.0	1.5	2.0	0.0	2.0	0.0	16
9009.T	6.4	2.0	1.0	1.0	1.0	1.5	1.0	1.0	1.0	1.0	1.0	2.0	1.5	1.0	1.5	2.0	1.5	1.0	1.0	14
AMWL	4.2	1.0	1.0	1.0	0.0	0.0	0.0	2.0	0.0	0.5	1.0	1.0	1.5	1.0	2.0	1.0	0.0	2.0	0.0	15
KREF	4.2	1.0	1.0	1.0	0.0	0.5	1.0	0.0	2.0	1.0	0.5	1.0	2.0	1.0	1.0	0.0	0.0	2.0	0.0	13
ALSPW.PA	4.3	1.0	1.0	1.0	1.0	0.0	0.5	1.5	0.0	1.0	0.5	1.0	2.0	1.0	1.0	1.0	0.0	1.0	1.0	9
CVX.US	7.2	2.0	0.0	1.0	2.0	1.0	2.0	1.5	1.5	1.5	2.0	2.0	1.5	1.5	1.5	1.5	1.5	0.5	1.5	18
MYR.ASX	4.7	1.0	1.0	1.0	1.0	0.5	0.5	1.5	0.0	0.0	0.5	1.0	2.0	1.0	2.0	1.0	0.0	2.0	1.0	14
ACKB.BR	6.4	0.0	1.0	1.0	1.0	1.5	0.5	1.5	1.0	1.5	1.0	1.0	1.5	1.5	2.0	2.0	1.5	2.0	1.5	16
DUK	6.5	1.0	2.0	1.0	0.5	1.5	1.0	2.0	2.0	0.0	1.5	1.5	1.5	1.5	1.0	1.5	2.0	0.0	2.0	18
DAVE	6.9	1.0	1.0	1.0	1.5	2.0	2.0	2.0	2.0	1.0	1.5	2.0	0.0	1.0	1.0	1.0	2.0	1.0	2.0	18
FAF	6.8	0.5	0.0	1.0	1.5	1.0	1.5	2.0	1.5	2.0	1.0	1.0	1.5	2.0	2.0	2.0	1.0	2.0	1.0	18
EAT	5.4	1.0	0.0	1.0	2.0	1.0	1.0	0.5	1.0	1.0	2.0	2.0	0.0	1.5	2.0	1.0	1.0	0.5	1.0	18
KMX	5.8	2.0	2.0	2.0	1.5	1.0	1.0	0.5	0.5	0.0	1.5	2.0	1.5	0.5	2.0	1.0	0.5	0.5	1.0	18
WTI	6.4	2.0	0.0	1.0	0.0	0.0	2.0	1.5	1.0	2.0	0.5	1.0	1.0	2.0	2.0	2.0	1.5	2.0	1.5	16
SILC	5.0	1.0	1.0	1.0	2.0	0.0	2.0	1.0	0.0	1.0	0.5	1.0	1.5	1.0	1.5	1.0	0.0	1.5	1.0	13
ONB	6.1	1.0	0.0	1.0	0.5	2.0	2.0	0.0	2.0	1.0	1.5	2.0	1.5	1.0	1.0	2.0	0.0	1.5	2.0	16
MKC/V	5.3	1.0	2.0	1.0	1.0	1.0	1.0	1.0	1.0	1.0	1.0	1.0	1.0	1.0	1.0	1.0	1.0	1.0	1.0	1
ALMDT.PA	3.8	1.0	1.0	1.0	1.0	0.0	1.0	0.5	0.0	1.0	0.5	1.0	1.0	1.0	1.0	1.0	0.0	1.5	0.0	13
NRG.PA	6.5	0.5	1.0	0.5	1.0	2.0	0.5	2.0	0.5	1.5	0.5	1.5	2.0	2.0	2.0	1.5	1.0	2.0	1.5	16
CATY	6.4	1.5	0.0	1.0	1.5	2.0	1.5	0.0	2.0	1.0	1.0	1.5	1.5	1.0	1.5	2.0	0.0	2.0	2.0	16
1193.HK	6.1	0.5	1.0	1.0	1.0	1.0	1.0	0.5	0.5	2.0	1.5	1.0	2.0	2.0	2.0	1.5	0.5	2.0	1.0	16
NOS.LS	6.5	1.5	1.0	1.0	1.0	1.5	0.5	2.0	1.5	2.0	1.5	0.5	1.5	2.0	1.5	1.0	1.5	0.0	2.0	16
NEO.US	4.4	1.0	2.0	1.0	0.5	0.5	1.5	1.5	0.0	0.5	1.0	1.0	1.0	0.0	1.5	1.0	0.5	1.0	0.5	17
UBS	6.2	2.0	0.0	1.0	1.0	1.5	1.5	0.0	2.0	1.0	0.5	2.0	1.5	1.0	1.5	2.0	0.0	2.0	2.0	15
4021.T	6.8	2.0	1.0	1.0	2.0	1.5	1.5	1.5	2.0	1.0	1.0	0.5	1.0	1.5	1.5	2.0	1.5	0.5	1.5	17
ENOG.L	5.8	1.0	1.0	1.0	1.0	0.0	0.5	1.0	2.0	2.0	1.0	1.0	0.0	2.0	1.5	0.0	2.0	2.0	2.0	14
HARBb.CO	5.1	0.5	1.0	1.0	1.0	1.0	1.0	1.0	0.5	0.0	1.0	1.0	2.0	2.0	2.0	2.0	0.5	0.5	0.5	14
FRVO	3.9	1.0	1.0	1.0	0.5	0.5	1.0	0.0	0.0	1.0	1.5	1.0	1.5	1.0	0.0	1.0	0.0	2.0	0.0	13
NOW	5.7	2.0	1.0	1.0	0.0	1.5	2.0	2.0	0.5	1.0	2.0	2.0	0.0	0.0	1.0	1.0	1.0	0.5	2.0	18
CGON	2.8	1.0	0.0	0.5	0.0	0.5	1.0	0.0	0.0	0.0	1.5	1.0	1.0	1.0	0.0	1.0	0.0	1.5	0.0	15
LUXORb.CO	5.4	0.5	1.0	0.5	1.0	2.0	0.5	2.0	2.0	1.5	1.0	1.0	1.5	1.0	0.5	0.0	2.0	0.0	1.5	14
PAALb.CO	5.8	1.5	1.0	1.0	1.0	1.0	1.5	0.5	0.5	1.0	0.5	1.5	1.5	2.0	2.0	2.0	0.5	1.0	1.0	14
SPCX	5.0	1.0	1.0	1.0	2.0	0.0	2.0	2.0	0.0	1.0	1.5	1.0	0.0	0.0	0.0	1.0	1.5	1.0	2.0	14
CDZ0.DE	5.3	1.5	1.0	1.0	1.0	1.0	2.0	1.0	0.0	1.0	1.0	1.0	2.0	1.0	1.0	1.0	0.5	1.0	1.0	9
177.HK	6.8	0.5	1.0	1.0	1.0	2.0	1.0	1.0	2.0	1.5	1.0	0.5	1.5	1.5	1.5	2.0	2.0	1.5	2.0	16
2501.T	5.0	2.0	1.0	1.0	0.0	2.0	1.0	1.0	0.0	0.0	1.0	2.0	1.5	0.5	2.0	0.0	0.5	1.5	1.0	17
PRY.MI	6.2	2.0	1.0	1.0	0.5	1.0	2.0	1.5	1.0	0.5	1.5	2.0	1.0	1.0	2.0	2.0	1.0	0.5	1.0	17
AKTS	4.2	1.0	0.0	1.0	2.0	0.5	2.0	0.0	0.0	1.0	1.0	1.0	1.5	1.0	0.0	1.0	0.0	2.0	0.0	15
8058.T	5.6	1.5	1.0	1.0	1.0	1.0	2.0	0.0	0.5	0.5	1.5	1.0	1.5	0.5	2.0	2.0	0.5	1.5	1.0	16
BLTE	4.4	1.0	2.0	1.0	2.0	0.5	1.0	0.0	0.0	1.0	1.0	1.0	0.5	1.0	1.0	1.0	0.0	1.0	1.0	10
PINS	6.9	2.0	2.0	1.0	2.0	1.0	1.5	2.0	0.0	2.0	2.0	2.0	1.0	0.0	1.5	1.0	0.5	1.5	2.0	18
MNDI.L	4.0	1.0	1.0	1.0	1.0	0.5	1.0	1.5	0.0	0.0	1.5	1.0	0.0	1.0	2.0	0.0	0.5	0.5	1.0	14
NMFC	5.3	1.5	1.0	1.0	0.5	0.0	0.0	2.0	2.0	2.0	1.0	1.0	2.0	1.0	1.0	0.0	0.0	1.0	2.0	16
RILY	5.8	2.0	1.0	1.0	1.0	2.0	1.5	1.0	1.0	1.0	1.0	1.0	1.5	1.0	2.0	1.0	0.0	2.0	0.0	12
HEM.ST	6.7	1.0	1.0	1.0	0.0	2.0	0.0	2.0	2.0	1.5	1.5	2.0	0.5	1.5	1.5	2.0	2.0	0.5	2.0	17
ALGN	7.2	2.0	2.0	1.0	0.5	1.0	1.0	2.0	1.5	1.5	1.5	2.0	1.5	1.5	1.5	1.0	1.5	1.5	1.5	18
CSG.NV	6.0	1.0	1.0	1.0	1.0	1.5	1.5	1.5	1.5	1.0	1.5	2.0	1.0	1.0	1.0	1.0	1.5	1.5	0.0	12
ORNBV.HE	6.2	0.0	1.0	1.0	0.5	2.0	2.0	2.0	2.0	1.0	1.0	1.5	0.5	1.0	1.0	2.0	2.0	0.5	1.5	17
CAR.L	5.4	2.0	1.0	1.0	1.0	1.0	0.5	2.0	1.0	0.0	0.5	0.0	1.0	2.0	2.0	1.0	1.0	2.0	0.5	15
KEN	5.0	0.5	1.0	1.0	1.0	1.5	2.0	1.0	1.0	0.0	1.0	1.0	1.5	0.0	1.0	0.0	1.0	2.0	1.5	14
OSIS	6.4	1.5	2.0	1.0	2.0	1.0	0.5	1.0	1.0	1.5	1.0	2.0	1.0	1.0	1.5	1.0	1.0	1.5	1.5	18
ATEME.PA	5.7	0.0	1.0	1.0	1.0	1.0	2.0	2.0	0.5	1.5	0.5	2.0	1.0	1.0	2.0	1.0	1.0	0.5	1.5	16
ARAMI.PA	5.4	1.0	1.0	1.0	1.0	1.0	0.5	0.0	0.5	2.0	1.0	2.0	1.5	1.5	2.0	1.0	0.5	1.5	0.5	16
ALBI.PA	4.2	0.0	1.0	1.0	1.0	0.5	0.5	1.5	0.0	0.0	1.0	1.0	2.0	0.0	2.0	1.0	0.5	2.0	0.0	14
0434.HK	5.4	1.0	1.0	1.0	1.0	0.0	1.5	2.0	0.0	2.0	1.0	1.0	1.5	1.0	1.5	2.0	0.0	0.5	1.5	13
PZZA	4.7	1.0	1.0	1.0	0.0	1.0	0.5	1.0	0.5	2.0	1.0	2.0	1.0	1.5	2.0	0.0	0.5	0.5	0.5	17
UMG.NV	5.3	1.0	1.0	1.0	0.5	1.0	1.0	1.5	1.0	1.5	2.0	2.0	0.5	1.0	1.5	0.0	1.0	0.5	1.0	17
FCEL	4.4	2.0	2.0	1.0	2.0	0.0	0.0	0.0	0.0	0.0	1.5	1.0	1.5	1.0	1.0	1.0	0.0	2.0	0.0	17
FGP.L	5.7	2.0	1.0	1.0	1.0	1.0	0.0	2.0	0.5	2.0	0.5	0.0	0.0	2.0	2.0	2.0	0.5	2.0	1.0	16
RKLB	2.9	1.0	0.0	1.0	0.0	0.0	2.0	1.5	0.0	0.0	1.5	1.0	0.0	1.0	0.0	1.0	0.0	0.5	0.0	16
TLK	5.7	0.5	1.0	1.0	1.0	1.5	1.0	2.0	0.0	2.0	0.5	2.0	2.0	1.0	1.0	0.0	2.0	1.0	1.0	12
MC.PA	6.9	1.0	1.0	1.0	1.0	1.5	0.5	2.0	1.5	1.5	2.0	1.5	1.5	1.5	1.5	2.0	1.5	1.0	1.5	16
TELIA.ST	6.7	1.0	1.0	1.0	1.5	1.0	1.0	2.0	1.5	2.0	1.5	2.0	1.0	1.5	1.5	0.0	1.5	1.0	2.0	17
O5G.DE	5.7	1.0	1.0	1.0	1.0	1.0	0.5	2.0	2.0	0.0	1.0	1.0	1.5	0.5	0.5	1.0	2.0	1.5	2.0	13
SDZNY	5.6	1.5	1.0	1.0	1.0	1.0	1.0	1.5	0.5	1.0	0.5	2.0	1.0	0.5	1.5	1.5	1.0	1.0	1.5	16
UPB	4.3	1.0	2.0	1.0	0.5	0.5	0.0	2.0	0.0	0.0	1.0	1.0	1.5	1.0	1.0	1.0	0.0	2.0	0.0	16
NTES	8.6	1.5	2.0	1.0	1.5	2.0	1.0	2.0	2.0	2.0	2.0	2.0	0.0	2.0	2.0	2.0	2.0	2.0	2.0	18
SZG.DE	6.0	2.0	1.0	1.0	1.5	1.0	0.5	1.5	0.0	0.0	1.5	2.0	2.0	0.0	2.0	2.0	0.5	2.0	1.0	17
GRLA.CO	5.7	1.5	1.0	1.0	1.0	2.0	1.0	0.0	2.0	1.0	1.0	1.0	1.5	1.0	1.0	1.5	0.0	2.0	1.0	11
DOU.DE	5.7	0.5	1.0	1.0	0.0	1.0	0.5	1.5	0.5	2.0	1.0	2.0	1.5	2.0	2.0	1.0	0.5	1.5	1.0	17
KRE.CO	5.7	0.5	1.0	1.0	1.0	2.0	0.5	0.0	2.0	1.0	1.0	1.0	1.5	1.0	2.0	2.0	0.0	2.0	1.0	11
TRYG.CO	5.4	0.0	1.0	1.0	1.0	1.5	1.0	1.0	1.0	1.0	1.5	2.0	1.5	1.5	1.5	0.0	1.0	0.5	1.5	17
ROKU	6.1	2.0	0.0	1.0	2.0	1.0	2.0	1.5	1.0	1.0	2.0	2.0	0.5	0.0	1.5	1.0	1.0	1.5	1.0	18
VU.PA	5.3	0.5	1.0	1.0	1.0	1.5	2.0	1.0	1.0	0.0	1.0	0.0	1.0	1.5	2.0	2.0	1.0	1.5	0.0	16
IBKR	6.9	1.5	0.0	1.0	2.0	1.5	2.0	2.0	2.0	1.0	1.5	2.0	0.5	1.0	1.0	2.0	0.0	2.0	2.0	16
VTGN	5.0	1.0	1.0	1.0	1.0	0.5	2.0	2.0	0.0	0.0	0.5	1.0	2.0	2.0	1.0	1.0	0.0	2.0	0.0	15
GLEN.L	5.3	2.0	1.0	1.0	1.0	1.0	2.0	0.0	0.5	1.0	2.0	0.0	0.0	1.5	2.0	2.0	0.5	1.0	0.5	16
SHI.L	4.9	1.0	1.0	1.0	1.0	0.5	0.5	1.0	0.5	2.0	1.0	1.0	0.0	1.0	2.0	1.0	0.5	2.0	0.5	14
KLS.ASX	6.2	1.0	1.0	1.0	1.0	1.0	1.0	1.0	0.5	1.5	1.0	2.0	1.5	2.0	2.0	1.5	1.0	1.5	1.0	16
INSM	4.4	1.5	2.0	1.0	2.0	0.0	2.0	2.0	0.0	0.0	2.0	1.0	0.0	1.0	0.0	1.0	0.0	0.5	0.0	17
SN.L	6.4	1.5	1.0	1.0	1.0	1.5	1.0	2.0	1.0	2.0	1.5	0.0	0.0	1.5	2.0	2.0	1.5	1.0	1.5	16
KPN.NV	6.5	1.0	1.0	1.0	0.5	1.5	1.0	2.0	1.5	1.5	2.0	1.5	0.5	1.5	1.5	1.0	2.0	0.5	2.0	17
AAL	6.1	2.0	2.0	1.0	0.0	0.5	1.5	1.0	0.5	1.5	2.0	1.0	1.0	1.5	2.0	1.0	0.5	2.0	1.0	16
LYG	6.2	2.0	1.0	1.0	0.5	2.0	1.5	0.0	2.0	1.0	0.5	2.0	1.5	1.0	1.5	2.0	0.0	2.0	1.0	15
TEO	6.9	1.5	0.0	1.0	1.0	1.0	1.0	2.0	1.0	2.0	1.0	0.0	2.0	2.0	2.0	2.0	1.5	2.0	2.0	17
CEG	6.4	0.5	2.0	1.0	1.5	1.5	2.0	1.0	1.0	0.0	2.0	2.0	1.5	1.0	1.5	2.0	1.5	0.0	1.0	18
GDOT	4.6	1.5	1.0	1.0	0.0	0.5	1.5	0.0	0.5	1.0	0.5	1.0	2.0	1.0	1.0	1.0	0.0	2.0	1.0	14
DOMO	4.2	1.0	1.0	1.0	0.0	0.0	0.5	2.0	0.0	1.5	0.5	1.0	1.0	1.0	2.0	1.0	0.0	1.5	0.0	14
FORTUM.HE	6.0	0.0	1.0	1.0	0.5	1.5	1.5	1.5	1.0	1.0	1.5	1.5	1.5	1.0	1.5	1.0	1.5	1.5	1.5	17
ANNX	4.0	1.0	2.0	1.0	0.0	0.5	1.0	0.0	0.0	0.0	1.0	1.0	1.0	1.0	1.0	1.0	0.0	2.0	1.0	13
IPDN	4.0	1.0	1.0	1.0	1.0	0.0	0.0	1.5	0.0	0.0	1.0	1.0	2.0	1.0	2.0	1.0	0.0	1.0	0.0	13
6471.T	6.8	1.0	1.0	1.0	1.0	1.0	2.0	1.0	0.5	2.0	1.0	1.5	2.0	2.0	2.0	1.5	1.0	2.0	1.0	16
GOGO	4.9	1.0	0.0	1.0	0.0	0.5	0.5	1.5	1.0	0.0	0.5	1.0	1.5	2.0	2.0	1.0	1.0	2.0	1.0	16
CZR	6.0	0.0	0.0	1.0	2.0	0.5	1.0	1.5	1.5	2.0	1.5	1.0	1.5	1.5	1.5	1.0	1.5	1.5	1.0	17
STB.OL	7.6	0.5	1.0	1.0	1.5	1.0	2.0	2.0	2.0	2.0	1.5	1.5	1.5	2.0	2.0	2.0	2.0	2.0	0.0	17
TPK.L	5.1	1.5	1.0	1.0	1.0	0.5	0.5	1.0	0.5	2.0	1.5	1.0	0.0	1.5	2.0	0.0	0.5	2.0	1.0	15
DR0.DE	7.4	2.0	1.0	1.0	1.0	2.0	2.0	2.0	2.0	0.0	0.5	0.0	1.5	2.0	1.5	2.0	2.0	2.0	2.0	16
UZU.DE	6.1	1.5	1.0	1.0	1.0	1.0	1.0	2.0	0.5	0.5	0.5	1.0	1.5	2.0	2.0	2.0	1.0	1.5	1.0	16
MCFT	5.0	1.0	1.0	1.0	1.0	0.5	2.0	1.0	0.5	0.0	1.0	1.0	1.5	1.0	2.0	1.0	0.5	1.0	1.0	15
NFG	6.9	1.0	2.0	1.0	0.0	2.0	1.0	2.0	2.0	0.0	0.5	1.0	1.5	2.0	1.5	2.0	2.0	1.5	2.0	18
SYK	7.1	1.5	2.0	1.0	0.5	1.5	1.0	2.0	2.0	1.0	2.0	2.0	1.0	1.0	1.5	2.0	1.5	0.5	1.5	18
NBG6.DE	6.0	1.0	1.0	1.0	1.0	1.0	1.5	0.5	0.0	2.0	0.5	1.0	1.5	2.0	2.0	2.0	1.0	2.0	0.5	16
SONO	5.8	0.5	2.0	1.0	2.0	1.0	1.0	1.5	0.5	1.0	0.5	2.0	1.0	1.0	2.0	1.0	0.5	1.5	1.0	18
VRDN	4.2	1.0	2.0	1.0	1.0	0.5	2.0	0.0	0.0	0.0	1.5	1.0	1.0	1.0	0.0	1.0	0.0	2.0	0.0	16
OPK	3.9	0.0	0.0	1.0	2.0	0.0	1.0	0.5	0.0	1.0	0.5	1.0	1.5	1.0	1.5	1.0	0.0	2.0	0.0	17
GPC	5.6	1.5	2.0	1.0	1.0	1.0	1.0	1.5	0.5	1.5	1.0	2.0	1.0	1.5	2.0	0.0	0.5	0.5	0.5	18
SDHC	5.1	1.5	1.0	1.0	0.0	1.0	2.0	0.5	0.5	2.0	0.5	0.0	1.5	1.5	2.0	1.0	0.5	1.5	0.5	18
BAMNB.NV	5.7	0.0	1.0	1.0	1.0	1.0	1.0	1.0	0.5	2.0	0.5	1.5	1.0	1.5	2.0	2.0	0.5	2.0	1.0	16
EXA.PA	6.0	2.0	1.0	1.0	1.0	1.0	2.0	2.0	0.5	1.0	1.0	2.0	1.0	0.0	1.5	1.0	0.5	1.5	1.5	16
SERV	3.6	1.0	1.0	1.0	0.0	0.5	2.0	0.0	0.0	0.0	1.0	1.0	1.5	1.0	0.0	1.0	0.0	2.0	0.0	15
HSBA.L	5.6	2.0	1.0	1.0	1.5	2.0	2.0	0.0	2.0	1.0	1.5	0.0	0.0	1.0	1.0	2.0	0.0	2.0	0.0	15
ODTX	3.8	1.0	1.0	1.0	1.0	0.5	1.0	0.0	0.0	1.0	0.5	1.0	1.5	1.0	0.0	1.0	0.0	2.0	0.0	12
TCL.ASX	5.7	1.0	1.0	1.0	1.0	1.0	0.5	2.0	1.5	1.0	1.5	2.0	1.0	0.5	0.5	0.0	2.0	1.0	2.0	16
TPG.ASX	6.1	1.0	1.0	1.0	1.0	1.0	0.5	1.5	1.0	2.0	1.5	2.0	2.0	1.5	1.5	0.0	1.5	0.0	2.0	16
WGO	5.8	2.0	2.0	1.0	0.0	1.0	0.5	0.5	0.5	2.0	1.5	2.0	2.0	1.5	2.0	0.0	0.5	1.0	1.0	18
QDEL	4.9	1.0	0.0	1.0	0.0	0.0	1.0	1.5	0.0	2.0	0.5	1.0	2.0	2.0	2.0	1.0	1.0	1.5	0.0	17
HSX.L	5.8	0.5	1.0	1.0	1.0	1.5	1.0	1.0	1.0	1.5	1.5	0.0	0.0	2.0	2.0	2.0	1.0	1.5	1.5	16
AHR	5.0	0.0	1.0	1.0	2.0	1.0	2.0	0.5	0.5	1.0	1.5	2.0	1.5	0.5	1.0	0.0	1.0	0.5	1.0	18
GLE.L	4.2	1.0	1.0	1.0	1.0	0.5	1.5	0.5	0.0	0.5	1.0	1.0	0.0	0.5	2.0	2.0	0.5	0.5	0.5	14
FC9.DE	5.3	2.0	1.0	1.0	1.0	0.0	0.5	2.0	2.0	1.0	0.5	0.0	1.5	0.5	0.5	2.0	2.0	0.5	1.0	14
BAB.L	5.4	1.5	1.0	1.0	1.0	1.0	1.0	2.0	0.5	1.0	1.5	0.0	0.0	1.0	2.0	2.0	0.5	1.5	1.0	16
UPBD	6.2	1.5	2.0	1.0	0.0	1.0	1.0	1.5	0.5	2.0	1.0	2.0	1.5	2.0	2.0	0.0	1.0	1.5	1.0	18
ASML	6.2	1.0	0.0	1.0	2.0	2.0	2.0	2.0	2.0	0.5	1.5	2.0	0.0	0.0	0.0	2.0	2.0	0.5	2.0	18
CSTL	4.9	1.0	1.0	1.0	0.0	0.5	2.0	2.0	0.0	0.0	1.0	1.0	1.5	1.0	1.5	1.0	0.0	2.0	1.0	15
HAW.DE	5.8	1.0	1.0	1.0	1.0	1.0	0.5	1.5	0.5	2.0	1.0	2.0	1.5	1.5	2.0	1.0	0.5	1.0	1.0	15
DSY.PA	7.5	0.5	1.0	1.0	1.5	2.0	1.0	2.0	1.5	1.0	2.0	2.0	1.5	1.0	1.5	2.0	1.5	2.0	2.0	17
INTC	5.4	1.5	1.0	1.0	2.0	0.0	2.0	1.5	1.0	0.5	2.0	1.0	0.5	0.0	0.5	1.0	1.5	0.5	2.0	17
BBW	6.0	2.0	2.0	1.0	0.0	1.0	0.5	2.0	1.0	1.0	0.5	0.5	1.5	2.0	2.0	2.0	1.0	0.5	1.0	18
KLAC	6.2	1.0	0.0	1.0	1.5	2.0	1.5	2.0	2.0	0.5	2.0	2.0	0.0	0.0	0.5	2.0	2.0	0.5	2.0	18
ACIC	6.0	0.5	0.0	1.0	2.0	2.0	0.5	2.0	2.0	0.0	1.0	0.0	1.5	2.0	2.0	1.0	2.0	2.0	0.0	17
ICHR	4.7	2.0	0.0	1.0	2.0	0.5	2.0	0.5	0.5	0.5	1.0	1.0	1.5	0.0	1.5	1.0	0.5	1.5	0.0	17
PRU.ASX	7.5	1.0	1.0	1.0	1.0	2.0	2.0	2.0	2.0	0.5	1.0	2.0	1.5	1.5	1.0	2.0	2.0	1.5	2.0	16
UTG.L	5.0	0.5	1.0	1.0	1.0	0.0	1.5	2.0	2.0	1.0	1.5	1.0	0.0	0.5	0.5	0.0	2.0	0.5	2.0	15
CRL	5.3	2.0	1.0	1.0	0.5	0.5	0.5	1.0	1.5	1.0	1.5	1.0	1.0	1.0	1.5	1.0	1.5	0.5	1.0	17
PNW	6.0	0.5	1.0	1.0	0.5	1.5	1.0	1.5	1.5	0.0	1.5	1.5	1.5	1.5	1.5	1.5	2.0	0.0	2.0	18
OZ	3.6	1.0	1.0	1.0	1.0	0.0	2.0	0.0	0.0	0.0	1.0	1.0	2.0	1.0	0.0	1.0	0.0	1.0	0.0	13
MPC	6.7	2.0	0.0	1.0	2.0	1.0	2.0	0.5	1.0	2.0	1.5	2.0	1.0	1.5	2.0	2.0	0.5	1.0	1.0	18
WIL.L	5.3	1.0	1.0	1.0	1.0	1.5	1.5	1.0	1.5	1.0	1.0	0.0	0.0	1.5	1.5	1.0	1.5	0.5	1.5	16
ALDAR.PA	5.7	1.0	1.0	1.0	1.0	0.5	0.5	2.0	0.5	2.0	0.5	1.0	2.0	1.0	2.0	1.0	0.5	2.0	1.0	14
ORSTED.CO	6.7	2.0	1.0	1.0	1.0	0.5	2.0	1.5	1.0	0.0	2.0	1.0	1.5	1.5	1.5	1.0	1.5	2.0	2.0	16
DHL.DE	6.4	0.5	1.0	1.0	2.0	1.0	1.5	0.5	1.0	2.0	1.5	1.5	1.5	1.5	2.0	2.0	0.5	1.0	1.0	17
VIV.PA	4.0	1.0	1.0	1.0	1.0	1.0	0.5	1.0	0.0	0.0	1.0	2.0	2.0	1.0	0.5	0.0	0.0	1.5	0.0	16
SBS	6.7	2.0	0.0	1.0	0.0	1.5	1.5	1.5	2.0	0.0	1.0	0.5	1.5	2.0	2.0	2.0	2.0	2.0	1.5	18
9901.HK	5.6	2.0	1.0	1.0	1.0	1.0	2.0	2.0	0.5	0.5	1.5	0.0	1.5	0.0	0.5	2.0	1.0	1.0	1.5	17
CERT	5.3	1.0	1.0	1.0	0.0	0.0	1.0	2.0	0.0	1.0	1.5	1.0	1.5	1.0	1.5	1.0	1.5	1.5	1.5	16
GBT.PA	5.8	2.0	1.0	1.0	1.0	0.0	0.5	2.0	0.0	2.0	0.5	1.0	2.0	1.5	2.0	1.0	0.5	2.0	1.0	15
SIG.ASX	4.9	0.0	1.0	1.0	1.0	1.0	2.0	0.5	1.0	0.5	1.5	2.0	1.0	0.0	1.5	2.0	0.5	0.0	1.0	16
BRSL	5.4	1.5	0.0	1.0	0.0	1.5	0.5	1.5	1.5	2.0	1.0	0.0	1.5	1.5	1.5	1.0	1.5	2.0	0.0	18
CANATU.HE	3.8	1.0	1.0	1.0	1.0	0.0	0.0	2.0	0.0	0.0	0.5	1.0	1.5	1.0	0.5	1.0	0.0	2.0	0.0	14
FSK	5.3	0.5	2.0	1.0	0.5	0.0	0.0	2.0	2.0	2.0	1.5	1.0	2.0	1.0	1.0	0.0	0.0	0.5	2.0	16
CRNX	4.0	1.0	2.0	1.0	2.0	0.5	2.0	0.0	0.0	0.0	1.0	1.0	0.5	1.0	0.0	1.0	0.0	1.5	0.0	16
LXU	6.9	2.0	2.0	1.0	0.0	1.0	1.5	0.5	0.0	2.0	1.0	2.0	1.5	2.0	2.0	1.0	1.5	2.0	2.0	18
PHE.L	3.5	1.0	1.0	1.0	1.0	0.0	0.5	1.5	0.0	0.0	1.0	1.0	0.0	1.0	1.0	1.0	0.0	1.5	0.0	13
SPGI	7.1	1.0	2.0	1.0	0.0	2.0	1.5	2.0	2.0	1.0	2.0	1.5	1.0	1.0	1.0	2.0	2.0	0.5	2.0	18
6030.HK	7.6	2.0	1.0	1.0	2.0	2.0	2.0	2.0	2.0	1.0	1.5	1.5	1.5	1.0	1.0	2.0	0.0	2.0	2.0	15
RUSHB.US	5.0	0.5	1.0	1.0	1.0	1.0	0.5	0.5	0.5	1.0	1.0	1.0	1.5	1.5	2.0	2.0	0.5	0.5	1.0	14
TAALA.HE	7.6	1.5	1.0	1.0	2.0	2.0	1.0	2.0	2.0	2.0	0.5	0.5	2.0	2.0	1.5	1.5	2.0	1.0	2.0	17
SHEN	4.9	2.0	1.0	1.0	0.0	0.0	1.0	2.0	0.0	0.0	0.5	1.0	2.0	1.5	1.5	0.0	1.5	0.5	2.0	17
OGE	6.5	0.5	2.0	1.0	1.0	1.5	0.5	1.5	2.0	0.5	1.5	1.5	1.5	1.5	1.5	1.5	2.0	0.0	2.0	18
CMCSA	7.4	0.0	2.0	1.0	0.5	1.0	0.5	2.0	1.5	2.0	2.0	1.5	2.0	2.0	2.0	2.0	1.5	1.0	2.0	18
CYPH	3.9	2.0	1.0	1.0	1.0	0.5	1.0	0.0	0.0	0.0	0.5	1.0	1.5	1.0	1.0	1.0	0.0	0.5	1.0	11
LNN	6.0	1.0	2.0	1.0	0.0	1.0	0.5	1.0	1.0	1.0	0.5	1.5	1.5	1.5	2.0	2.0	1.0	1.5	1.5	18
ARVLF	4.6	1.0	1.0	1.0	1.0	0.5	1.0	0.0	0.0	0.0	1.0	1.0	2.0	2.0	1.0	1.0	0.0	2.0	1.0	10
CABA	4.3	1.0	1.0	1.0	1.5	0.5	1.0	0.0	0.0	0.0	1.0	1.0	1.5	1.0	1.0	1.0	0.0	2.0	1.0	13
ICFI	5.7	1.0	1.0	1.0	0.5	1.0	0.5	1.5	1.0	1.5	0.5	2.0	1.5	1.5	2.0	2.0	1.0	0.0	1.0	18
BGN.MI	4.9	0.0	1.0	1.0	1.0	2.0	2.0	0.0	2.0	1.0	1.0	0.5	1.0	1.0	1.0	1.5	0.0	1.5	0.0	14
CTKB	4.4	1.0	2.0	1.0	0.0	0.0	1.0	2.0	0.0	0.5	0.5	1.0	1.5	1.0	1.5	1.0	0.0	2.0	0.0	16
AMLAK.AE	6.5	2.0	1.0	1.0	1.0	2.0	0.0	2.0	2.0	1.0	1.0	1.0	2.0	1.0	2.0	2.0	0.0	0.5	2.0	12
ALMB.CO	5.4	0.5	1.0	1.0	1.5	1.0	0.5	1.0	0.5	2.0	1.0	2.0	1.5	1.5	2.0	0.0	1.0	0.5	1.0	17
9988.HK	6.5	2.0	1.0	1.0	2.0	1.0	1.0	1.5	0.5	0.0	2.0	2.0	1.5	1.0	2.0	2.0	0.5	1.5	1.0	17
FWDI	4.2	0.5	1.0	1.0	1.0	0.5	2.0	2.0	0.0	1.0	0.5	1.0	1.5	0.0	0.5	1.0	1.0	0.5	0.0	17
TREL-B.ST	6.9	1.5	1.0	1.0	2.0	1.5	1.0	1.5	1.5	1.0	1.5	2.0	1.5	1.0	1.5	2.0	1.5	0.5	1.5	17
NATR	5.8	1.0	1.0	1.0	0.0	1.0	1.0	2.0	0.5	1.5	0.5	1.5	1.5	2.0	2.0	1.0	0.5	2.0	1.0	18
8725.T	6.4	1.0	1.0	1.0	1.0	1.5	1.0	1.0	1.5	1.0	1.5	0.0	1.5	2.0	2.0	2.0	1.0	2.0	1.0	14
AIFORIA.HE	3.6	2.0	1.0	1.0	1.0	0.5	0.0	0.0	0.0	0.0	0.5	1.0	1.5	1.0	0.5	1.0	0.0	2.0	0.0	15
ALCLA.PA	5.7	0.5	1.0	1.0	1.0	2.0	0.0	2.0	1.0	0.0	0.5	1.0	2.0	2.0	2.0	1.0	1.5	2.0	0.0	15
4307.T	5.4	2.0	1.0	1.0	1.0	1.0	1.0	1.5	1.5	0.5	1.5	2.0	0.5	0.5	1.5	0.0	1.0	0.5	1.5	17
ALHOP.PA	6.0	2.0	1.0	1.0	1.0	1.0	0.0	0.5	0.5	2.0	1.0	2.0	1.5	1.5	2.0	1.5	0.5	2.0	0.5	15
AHCO	5.1	1.0	1.0	1.0	0.0	0.5	1.5	0.5	0.5	0.0	1.0	1.0	2.0	2.0	2.0	1.0	1.0	1.0	1.5	16
9626.HK	6.7	2.0	1.0	1.0	1.5	1.0	1.0	1.5	0.5	1.0	1.5	2.0	1.5	1.5	2.0	1.0	1.0	2.0	1.0	15
GEF	5.8	2.0	1.0	1.0	0.0	2.0	1.0	1.0	1.0	1.0	1.0	2.0	1.5	1.5	2.0	1.0	1.0	1.0	0.0	17
TRST.L	5.4	1.0	1.0	1.0	1.0	1.0	2.0	2.0	0.5	1.5	1.5	1.0	1.0	0.0	1.5	1.0	0.5	0.5	1.5	13
QSI	3.8	1.0	2.0	1.0	0.0	0.5	0.0	1.5	0.0	0.0	0.5	1.0	2.0	1.0	0.0	1.0	0.0	2.0	0.0	16
VTS	6.1	1.0	2.0	1.0	1.0	0.5	1.0	2.0	2.0	1.0	0.5	1.0	1.5	2.0	1.5	0.0	2.0	0.0	2.0	16
HOOD	6.2	1.0	1.0	1.0	2.0	2.0	2.0	2.0	2.0	1.0	2.0	2.0	0.0	1.0	0.0	1.0	0.0	2.0	0.5	16
AMP.MI	6.5	2.0	1.0	0.5	0.0	1.0	1.0	1.0	1.0	2.0	1.5	2.0	1.5	1.5	2.0	1.0	1.0	2.0	1.5	17
MSCI	6.5	1.0	1.0	1.0	1.0	2.0	1.5	2.0	2.0	1.0	1.5	1.5	1.0	0.5	0.5	2.0	2.0	0.0	2.0	17
EXL.DE	4.7	1.5	1.0	1.0	1.0	1.0	0.0	1.0	0.5	0.5	0.5	1.0	1.0	1.5	2.0	1.0	0.5	2.0	0.0	16
NAB.ASX	5.3	1.0	1.0	1.0	1.0	2.0	1.0	0.0	2.0	1.0	1.5	1.5	1.5	1.0	0.5	1.0	0.0	1.0	1.0	12
CBAN	6.4	1.0	1.0	1.0	1.0	2.0	2.0	0.0	2.0	1.0	0.5	2.0	1.5	1.0	1.5	2.0	0.0	2.0	1.5	15
ZAL.DE	6.9	2.0	1.0	1.0	0.5	1.0	2.0	1.5	0.5	2.0	2.0	2.0	1.5	1.5	2.0	1.0	0.5	2.0	1.0	17
SOS.L	4.7	0.0	1.0	1.0	1.0	1.0	1.5	2.0	0.5	2.0	0.5	0.0	0.0	0.0	2.0	1.0	0.5	2.0	1.0	16
CBRL	5.3	1.0	0.0	1.0	2.0	1.0	0.5	1.0	0.5	1.0	1.0	2.0	1.5	1.0	2.0	1.5	0.5	0.5	1.0	18
MTCH	8.2	2.0	2.0	1.0	2.0	2.0	0.5	2.0	2.0	2.0	1.5	2.0	1.0	1.5	1.5	2.0	1.5	1.0	2.0	17
CRI	7.1	1.0	2.0	1.0	2.0	1.0	1.0	1.5	1.5	2.0	1.0	0.0	1.5	2.0	2.0	2.0	1.0	2.0	1.0	18
MTBLY	4.7	0.0	1.0	1.0	1.0	0.5	2.0	2.0	0.0	0.0	1.0	1.0	2.0	1.5	1.0	1.0	0.0	2.0	0.0	14
ADDTb.ST	4.9	0.0	1.0	1.0	1.0	1.0	1.0	1.0	1.0	1.0	1.0	2.0	0.0	0.5	1.5	2.0	1.0	0.5	1.0	17
VSVS.L	5.6	1.5	1.0	1.0	1.0	1.0	1.0	1.0	1.0	2.0	1.5	0.0	0.0	2.0	2.0	0.0	1.0	2.0	1.0	16
PTEC.L	4.7	1.0	1.0	1.0	1.0	1.0	1.0	2.0	0.5	1.0	1.0	0.0	0.0	0.0	2.0	1.0	0.5	2.0	1.0	16
ATO.PA	5.0	1.5	1.0	1.0	1.0	0.0	0.0	0.0	0.5	2.0	1.0	1.0	1.0	2.0	2.0	1.0	0.5	2.0	0.5	14
ALKT	5.0	1.0	2.0	1.0	0.0	0.5	1.5	2.0	0.0	1.5	1.0	1.0	1.0	1.0	1.5	1.0	0.0	1.0	1.0	16
HNL.DE	5.6	1.0	1.0	1.0	1.0	0.5	1.0	2.0	0.5	2.0	0.5	1.0	2.0	0.5	2.0	1.0	0.5	1.5	1.0	14
GGB	6.8	0.0	1.0	1.0	2.0	1.0	1.0	0.5	1.0	2.0	1.0	2.0	2.0	2.0	2.0	2.0	1.0	2.0	1.0	18
C1V0.DE	4.2	0.0	1.0	1.0	1.0	0.0	0.0	1.0	0.0	2.0	0.5	1.0	1.5	1.0	1.5	1.0	1.0	0.5	1.0	15
BJRI	5.1	1.0	0.0	1.0	2.0	1.0	1.0	0.5	0.5	1.0	1.0	2.0	1.0	1.5	2.0	1.0	0.5	0.5	1.0	18
CTY.L	5.6	2.0	1.0	1.0	1.0	1.0	1.0	1.0	1.0	1.0	1.0	2.0	1.0	1.0	1.0	1.0	1.0	1.0	1.0	3
NDA.DE	4.6	1.0	1.0	1.0	0.0	1.0	2.0	0.5	0.5	0.0	1.0	0.0	1.5	2.0	2.0	2.0	0.5	0.0	0.5	17
VAN.BR	5.8	0.0	1.0	1.0	1.0	1.0	0.5	2.0	1.5	1.5	0.5	2.0	1.5	1.5	2.0	0.0	1.0	1.5	1.5	16
GUI.PA	5.1	0.0	1.0	1.0	1.0	0.5	0.5	2.0	0.0	0.0	1.0	1.0	2.0	2.0	2.0	1.0	0.5	2.0	1.0	14
GRVY	6.2	2.0	1.0	1.0	1.0	1.5	0.5	1.0	1.5	1.0	1.0	1.0	2.0	1.0	1.0	2.0	1.0	2.0	1.0	12
ALNA.L	5.0	1.0	1.0	1.0	1.0	1.0	1.0	1.0	1.0	1.0	1.0	1.0	1.0	1.0	1.0	1.0	1.0	1.0	1.0	1
PPLI	5.7	0.0	2.0	1.0	2.0	1.5	0.5	2.0	0.0	1.0	1.5	0.0	2.0	1.0	2.0	1.0	0.5	2.0	0.5	18
WW	5.6	2.0	0.0	1.5	0.0	0.0	0.0	2.0	1.0	2.0	0.5	1.0	2.0	2.0	2.0	1.0	1.0	2.0	0.0	17
SAFE.US	6.8	2.0	2.0	1.0	0.5	2.0	1.5	2.0	2.0	0.0	1.5	1.0	2.0	1.0	0.5	2.0	2.0	0.5	1.0	18
DVN	7.4	0.5	2.0	1.0	0.0	1.5	2.0	2.0	2.0	0.5	2.0	1.5	1.5	2.0	1.5	2.0	2.0	0.5	2.0	18
1721.T	5.3	1.0	1.0	1.0	1.0	1.0	1.0	0.5	0.5	1.0	1.0	0.0	1.5	1.5	2.0	2.0	0.5	1.5	1.0	14
FDM.L	4.3	0.0	1.0	1.0	1.0	1.0	0.0	1.5	0.5	2.0	0.5	0.0	0.0	1.5	2.0	0.0	0.5	2.0	1.0	16
WDFC	5.3	0.5	1.0	1.0	0.0	1.5	2.0	2.0	1.5	1.0	0.5	1.0	0.5	0.5	1.5	2.0	1.0	0.5	1.0	18
03993.HK	7.4	2.0	1.0	1.0	1.0	1.5	2.0	1.0	1.5	1.5	1.5	1.5	1.0	2.0	2.0	2.0	1.5	1.5	1.0	17
CRTO	6.8	2.0	0.0	1.0	1.0	1.0	0.0	2.0	0.5	2.0	1.5	2.0	2.0	2.0	2.0	1.0	1.0	2.0	1.5	17
KBHL.CO	5.8	1.5	1.0	1.0	1.0	2.0	1.0	2.0	2.0	0.0	1.0	1.0	0.5	1.0	1.0	1.0	2.0	0.0	2.0	14
669.HK	4.6	1.5	1.0	1.0	1.0	1.0	1.0	1.5	1.0	0.5	1.5	0.0	1.0	0.0	0.5	2.0	1.0	0.0	1.0	16
XPRO	5.7	2.0	0.0	1.0	0.0	1.0	0.5	1.0	0.5	2.0	0.5	2.0	1.5	2.0	2.0	1.0	1.0	1.5	1.0	18
RLMD	4.0	1.0	0.0	1.0	2.0	0.5	1.0	0.0	0.0	0.0	0.5	1.0	1.5	1.0	1.0	1.0	0.0	2.0	1.0	12
DIN	5.4	1.5	1.0	0.5	0.0	1.0	1.0	1.5	1.0	1.5	0.5	2.0	1.0	1.5	1.5	0.0	1.0	2.0	1.0	17
PDM	5.7	0.0	0.0	1.0	2.0	0.0	1.0	2.0	1.0	2.0	0.5	1.0	2.0	1.5	1.0	1.0	2.0	0.5	2.0	17
KIE.L	5.3	1.0	1.0	1.0	1.0	1.0	1.5	0.0	0.5	2.0	1.0	0.0	0.0	1.5	2.0	2.0	0.5	2.0	1.0	16
EVO.ST	5.0	1.5	1.0	1.0	1.0	2.0	0.5	2.0	2.0	0.5	1.5	0.0	0.0	0.0	0.0	1.0	2.0	0.0	2.0	17
GRND	6.4	0.5	2.0	1.0	1.0	1.5	2.0	2.0	1.5	1.0	1.0	2.0	1.0	1.0	1.0	1.0	1.5	0.0	2.0	17
ASHM.L	5.4	1.5	1.0	1.0	1.0	2.0	1.5	1.5	1.5	0.5	1.5	0.0	0.0	0.5	1.0	0.0	1.5	2.0	1.5	16
CNTY	5.7	2.0	1.0	1.0	0.0	0.5	1.0	1.5	1.0	2.0	0.5	1.0	1.0	1.5	2.0	1.0	1.0	2.0	0.5	16
EQT.ST	6.0	2.0	1.0	1.0	1.0	2.0	2.0	2.0	2.0	0.5	1.5	0.0	0.0	0.0	0.0	2.0	2.0	0.5	2.0	16
WDAY	7.1	2.0	2.0	1.0	1.5	1.5	1.5	2.0	1.0	1.5	2.0	2.0	0.5	0.5	1.5	1.0	1.0	1.0	2.0	18
INEA.PA	5.6	0.0	1.0	1.0	1.0	1.0	0.5	2.0	2.0	1.5	0.5	2.0	2.0	1.0	0.5	0.0	2.0	0.0	2.0	16
DRO.ASX	4.6	1.0	1.0	1.0	1.0	0.0	2.0	2.0	0.0	0.0	0.5	1.0	1.0	1.0	1.5	1.0	0.0	1.5	1.0	14
ALENO.PA	4.6	2.0	1.0	1.0	1.0	1.0	2.0	1.0	0.5	1.0	0.5	0.0	1.0	0.0	1.5	1.0	0.5	0.5	1.0	14
XRAY	6.4	2.0	2.0	1.0	0.0	0.0	0.5	1.5	1.0	1.5	1.5	1.0	1.5	2.0	2.0	2.0	1.0	1.5	1.0	17
GETIB.ST	6.4	1.5	1.0	1.0	1.0	1.0	1.0	1.5	1.5	1.0	1.5	2.0	1.5	1.5	1.5	2.0	1.0	0.5	1.0	17
SDF.DE	6.7	0.0	1.0	1.0	0.0	2.0	1.5	1.5	2.0	1.0	1.5	0.0	2.0	2.0	2.0	2.0	2.0	1.0	1.5	15
PONY	3.8	1.0	0.0	1.0	0.5	0.0	2.0	0.5	0.0	0.0	1.5	1.0	1.5	1.0	0.5	1.0	0.0	2.0	0.0	16
ANDE	4.9	2.0	0.0	1.0	2.0	1.0	0.5	0.0	0.5	0.0	0.5	1.5	1.5	1.5	2.0	2.0	0.5	0.5	0.5	18
GATX	6.7	2.0	0.0	1.0	0.5	1.5	2.0	2.0	2.0	0.0	0.5	1.5	1.5	1.0	1.0	2.0	2.0	1.5	2.0	18
CLW.ASX	5.6	2.0	1.0	1.0	1.0	2.0	1.5	2.0	1.0	0.0	1.0	0.0	2.0	1.0	0.5	1.5	0.0	0.5	2.0	15
AMD	5.8	2.0	0.0	1.0	2.0	1.5	2.0	2.0	1.5	0.5	2.0	2.0	0.0	0.0	0.0	1.0	1.5	0.5	1.5	18
01093.HK	7.6	1.5	1.0	1.0	0.0	2.0	2.0	2.0	2.0	2.0	2.0	0.5	1.5	1.5	1.5	2.0	1.5	1.5	2.0	17
LQDT	6.4	1.5	2.0	1.0	2.0	1.0	1.0	1.5	1.0	1.5	0.5	2.0	1.0	0.5	1.5	1.0	1.0	1.5	1.5	18
PST.MI	6.7	1.5	1.0	1.0	1.0	1.5	1.0	1.0	1.5	2.0	1.5	1.5	1.5	0.5	1.0	1.5	1.5	2.0	1.5	16
NDAQ	7.1	1.0	1.0	1.0	1.5	2.0	1.5	2.0	2.0	1.0	1.5	2.0	1.0	1.0	0.5	2.0	2.0	0.5	2.0	18
1797.HK	5.6	0.0	1.0	1.0	1.0	1.0	2.0	1.5	1.0	1.0	1.0	2.0	1.0	0.0	1.5	1.0	1.0	2.0	1.0	16
IMRX	4.3	1.0	1.0	1.0	1.5	0.5	1.0	0.0	0.0	0.0	1.0	1.0	1.5	1.0	1.0	1.0	0.0	2.0	1.0	12
IMSR	4.3	1.0	1.0	1.0	2.0	0.5	1.0	0.0	0.0	0.0	0.5	1.0	1.5	1.0	1.0	1.0	0.0	2.0	1.0	13
HIVE	5.8	1.0	1.0	1.0	1.5	0.0	2.0	1.5	0.0	2.0	1.0	1.0	1.5	0.5	1.5	1.0	1.0	2.0	1.5	15
VIV.US	7.5	2.0	2.0	1.0	0.5	1.5	1.0	1.5	1.5	2.0	1.0	2.0	1.5	2.0	2.0	0.0	1.5	2.0	2.0	18
SPOK	6.2	1.0	1.0	1.0	1.0	1.0	0.5	2.0	1.5	2.0	1.0	2.0	1.5	1.5	2.0	0.0	1.0	1.0	1.5	15
EDU	7.9	2.0	0.0	1.0	2.0	1.0	2.0	2.0	0.5	2.0	2.0	2.0	1.5	2.0	2.0	2.0	1.0	2.0	1.5	18
INTT	5.7	0.0	1.0	1.0	2.0	1.0	2.0	1.5	0.5	1.5	0.5	2.0	1.5	0.5	2.0	1.0	0.5	1.5	0.5	18
ORG.ASX	5.3	1.0	1.0	1.0	1.0	1.5	0.0	1.0	1.0	1.0	1.5	0.0	1.5	1.5	2.0	1.5	1.0	0.5	1.0	16
DIM.PA	5.7	1.0	1.0	1.0	0.5	1.0	1.0	1.5	1.5	0.5	1.5	2.0	1.0	0.5	1.0	2.0	1.5	0.0	2.0	17
AYV.PA	6.5	2.0	1.0	1.0	0.0	1.0	1.0	1.0	1.0	2.0	1.0	1.5	2.0	1.5	2.0	2.0	1.0	2.0	0.5	17
IRDM	6.4	1.0	1.0	1.0	2.0	1.5	1.0	2.0	1.5	1.0	1.0	2.0	0.0	1.0	1.0	1.5	2.0	0.5	2.0	18
KGX.DE	6.8	2.0	1.0	1.0	1.0	1.0	1.0	1.0	0.5	2.0	1.5	2.0	2.0	2.0	2.0	2.0	1.0	1.0	0.5	17
WTM	7.9	2.0	1.0	1.0	1.0	2.0	2.0	2.0	2.0	2.0	1.0	0.0	2.0	2.0	2.0	2.0	1.5	2.0	1.0	15
BOWL.L	6.2	1.5	1.0	1.0	1.0	1.5	1.0	2.0	1.5	2.0	1.0	0.0	0.0	1.5	1.5	1.5	1.5	1.0	2.0	16
IMKTA	6.4	2.0	1.0	1.0	1.0	1.0	1.0	1.0	0.5	2.0	1.0	0.5	2.0	2.0	2.0	2.0	0.5	2.0	0.5	15
SAH	5.3	2.0	0.0	1.0	0.5	1.0	1.0	0.5	0.5	0.0	1.5	1.5	1.5	1.5	2.0	2.0	0.5	1.5	0.5	18
USEA	6.1	1.0	1.0	1.0	2.0	0.5	0.0	1.5	1.5	0.0	0.5	1.0	2.0	1.5	1.5	2.0	1.5	2.0	1.5	15
MEDCL.PA	3.1	1.0	1.0	1.0	1.0	0.0	0.0	2.0	0.0	0.0	1.0	1.0	0.0	1.0	0.0	1.0	0.0	1.0	0.0	14
BRZE	5.8	1.5	2.0	1.0	1.0	0.0	2.0	2.0	0.0	1.5	2.0	1.0	1.0	1.0	1.5	1.0	0.0	1.5	1.0	17
NGVT	5.7	1.0	1.0	1.0	1.5	1.0	0.5	1.5	2.0	1.0	0.5	2.0	0.0	1.5	1.5	1.0	1.5	0.5	1.5	18
DFIN	6.7	2.0	1.0	1.0	0.0	1.0	1.0	2.0	2.0	2.0	0.5	2.0	1.0	1.5	2.0	1.0	1.5	0.5	2.0	17
ILM1.DE	6.0	1.0	1.0	1.5	1.0	1.0	1.0	0.0	0.5	2.0	0.5	2.0	2.0	2.0	2.0	1.0	0.5	2.0	0.5	16
CAPR	4.4	2.0	2.0	1.0	0.0	0.5	1.0	0.0	0.0	0.0	1.0	1.0	1.5	1.0	1.0	1.0	0.0	2.0	1.0	14
ATAT	7.4	1.0	1.0	1.0	0.0	1.5	2.0	1.5	1.5	2.0	1.5	2.0	0.5	2.0	2.0	2.0	1.5	2.0	1.5	17
IMD.ASX	6.2	0.0	1.0	1.0	1.0	1.5	2.0	2.0	1.0	1.0	1.0	1.5	1.5	1.0	1.5	2.0	1.5	0.5	1.5	16
BEIJb.ST	5.3	0.0	1.0	1.0	1.5	1.0	1.0	1.0	1.0	1.0	1.0	2.0	1.0	0.5	1.5	2.0	1.0	0.5	1.0	17
HAFC	6.2	1.5	0.0	1.0	1.0	2.0	2.0	0.0	2.0	1.0	0.5	1.5	1.5	1.0	1.5	2.0	0.0	2.0	2.0	16
XD4.DE	6.5	1.5	1.0	1.0	1.0	1.0	1.5	1.5	0.0	2.0	1.0	1.0	1.5	2.0	2.0	2.0	0.5	2.0	1.0	14
FBIN	6.1	1.5	2.0	1.0	0.0	1.0	0.5	1.5	1.0	1.5	1.5	2.0	1.5	1.5	2.0	1.0	1.0	0.5	1.0	18
PSNL	3.8	1.0	2.0	1.0	1.5	0.0	2.0	0.5	0.0	0.0	0.5	1.0	0.5	1.0	0.0	1.0	0.0	1.5	0.0	16
CDNA	5.0	0.5	0.0	1.0	2.0	2.0	2.0	2.0	0.5	1.0	1.0	0.0	0.5	0.0	1.0	1.0	0.5	1.5	1.5	18
PANR.L	3.3	1.0	1.0	1.0	1.0	0.5	1.0	0.0	0.0	0.0	0.5	1.0	0.0	1.0	1.0	1.0	0.0	1.0	1.0	10
FTCHQ	4.4	1.0	1.0	1.0	1.0	0.0	0.5	1.5	0.0	0.0	1.0	1.0	2.0	1.0	2.0	1.0	0.0	2.0	0.0	13
MNKS.L	5.3	2.0	1.0	1.0	1.0	1.0	1.0	1.0	1.0	1.0	1.0	1.0	1.0	1.0	1.0	1.0	1.0	1.0	1.0	2
THX.L	7.2	2.0	1.0	1.0	1.0	2.0	0.5	2.0	2.0	2.0	0.5	0.0	0.0	2.0	2.0	2.0	2.0	2.0	2.0	16
XXI	4.0	1.0	1.0	1.0	1.0	0.5	1.0	0.0	0.0	1.0	1.0	1.0	1.5	1.0	1.0	1.0	0.0	0.5	1.0	7
WBT.ASX	4.2	1.0	1.0	1.0	1.0	0.5	2.0	2.0	0.0	0.5	0.5	1.0	1.0	1.0	0.0	1.0	0.0	1.5	0.0	14
VACN.ZU	5.1	1.5	1.0	1.0	1.0	2.0	0.5	2.0	1.5	0.5	1.5	2.0	0.0	0.0	0.5	0.0	1.5	0.0	2.0	16
CGC	4.6	1.0	1.0	1.0	1.0	0.0	1.5	1.0	0.0	0.5	0.5	1.0	2.0	1.0	2.0	1.0	0.0	2.0	0.0	14
CRTA.L	4.3	1.0	1.0	1.0	1.0	2.0	0.0	2.0	0.0	0.0	0.5	1.0	0.0	1.0	2.0	1.0	0.0	2.0	0.0	14
IPF.L	5.3	2.0	1.0	1.0	1.0	1.0	1.5	2.0	1.5	0.0	0.5	0.0	0.0	2.0	2.0	1.5	1.5	0.5	0.0	15
ALMIB.PA	3.3	1.0	1.0	0.0	1.0	0.5	0.0	0.0	0.0	1.0	0.5	1.0	1.0	1.0	1.0	1.0	0.0	1.0	1.0	8
JKS	4.6	2.0	1.0	1.0	0.0	0.5	0.0	0.0	0.0	1.0	1.0	1.0	2.0	1.5	2.0	0.0	0.5	2.0	1.0	15
MRP	5.6	2.0	0.0	1.0	0.5	2.0	2.0	2.0	2.0	0.0	1.0	1.5	2.0	1.0	1.0	0.0	0.0	0.0	2.0	17
RLX	5.4	1.0	1.0	1.0	0.0	2.0	1.5	1.0	1.0	0.0	1.0	2.0	2.0	1.0	1.0	0.0	1.0	2.0	1.0	17
SUNS	5.1	2.0	1.0	1.0	0.0	2.0	1.0	2.0	2.0	1.0	0.5	1.5	2.0	1.0	0.5	0.0	0.0	1.0	0.0	15
BB.PA	6.5	0.5	1.0	1.0	1.0	1.0	0.5	2.0	1.0	2.0	1.0	2.0	1.5	2.0	2.0	1.0	1.0	1.5	1.5	16
SURG	5.0	2.0	1.0	1.0	2.0	0.0	2.0	0.0	1.5	0.0	0.5	1.0	1.0	1.0	2.0	1.0	0.0	2.0	0.0	15
SSMR	3.5	1.0	1.0	1.0	1.0	0.5	1.0	0.0	0.0	1.0	1.0	1.0	0.5	1.0	0.0	1.0	0.0	1.5	0.0	12
LI.PA	6.4	0.0	1.0	1.0	1.0	2.0	1.0	2.0	2.0	2.0	1.5	0.0	1.5	1.0	0.5	2.0	2.0	0.5	2.0	16
USFD	5.4	2.0	2.0	1.0	1.0	1.0	1.0	0.5	0.5	1.0	1.5	2.0	1.0	1.0	2.0	1.0	0.5	0.0	0.5	18
ADPT	4.0	1.0	1.0	1.0	2.0	0.0	2.0	1.5	0.0	0.5	1.0	1.0	0.0	1.0	0.5	1.0	0.0	1.0	0.0	16
ALATI.PA	5.8	1.5	1.0	1.0	1.0	1.0	1.0	2.0	0.5	1.0	0.5	2.0	2.0	1.0	1.0	2.0	0.5	1.0	1.0	11
9618.HK	5.8	2.0	1.0	1.0	0.5	1.0	0.5	0.0	0.5	1.5	2.0	2.0	1.5	1.0	2.0	1.5	0.5	2.0	0.5	17
URW.PA	7.2	1.0	1.0	1.0	1.0	2.0	0.5	2.0	2.0	2.0	1.5	0.5	2.0	1.0	0.5	2.0	2.0	2.0	2.0	16
JBI	6.5	1.0	2.0	1.0	0.0	1.0	1.0	1.5	1.0	1.5	1.0	2.0	1.5	2.0	2.0	1.0	1.0	2.0	1.0	18
SYT.DE	4.4	2.0	1.0	1.0	1.0	0.5	0.0	2.0	0.0	0.0	0.5	1.0	2.0	1.0	2.0	1.0	0.0	0.5	0.5	15
GLOO	4.3	1.0	1.0	1.0	2.0	0.0	2.0	1.0	0.0	0.0	1.0	1.0	1.0	1.0	1.5	1.0	0.0	1.0	0.0	15
EFR	5.1	1.0	1.0	1.0	1.0	2.0	0.0	2.0	2.0	1.5	1.0	0.0	2.0	1.0	0.5	0.0	0.0	0.5	2.0	14
CDLX	4.3	1.0	1.0	1.0	0.0	0.0	0.0	1.5	0.0	2.0	0.5	1.0	1.0	1.0	2.0	1.0	0.0	2.0	0.5	14
VOW3.DE	6.7	2.0	1.0	1.0	0.0	1.0	1.0	0.5	0.5	2.0	2.0	2.0	2.0	1.5	2.0	2.0	0.5	2.0	1.0	17
N91.L	6.8	1.5	1.0	1.0	1.0	2.0	1.5	2.0	2.0	1.5	1.0	0.0	0.0	1.5	1.5	1.5	1.5	2.0	2.0	16
ALMKT.PA	5.1	2.0	1.0	1.0	1.0	2.0	1.5	2.0	0.0	0.0	1.0	1.0	1.0	1.0	1.5	1.0	0.0	1.5	0.0	13
NOG.L	5.6	1.0	1.0	1.0	1.0	0.0	1.5	1.5	1.5	0.0	0.5	1.0	1.0	1.0	1.5	1.0	1.5	2.0	2.0	13
COF	6.8	2.0	0.0	1.0	0.5	2.0	2.0	0.0	2.0	1.0	2.0	2.0	1.5	1.0	1.5	2.0	0.0	2.0	2.0	16
03690.HK	4.7	0.0	1.0	1.0	2.0	0.0	1.5	1.0	0.0	0.0	2.0	1.0	1.5	1.0	2.0	1.0	0.0	2.0	0.0	16
6473.T	5.4	2.0	1.0	1.0	0.0	1.0	1.0	0.5	0.5	0.0	1.0	2.0	2.0	2.0	2.0	0.0	0.5	2.0	1.0	17
MHID.L	6.8	1.5	1.0	1.0	1.0	1.0	2.0	1.5	1.5	1.0	0.5	1.0	1.5	2.0	2.0	2.0	1.0	2.0	1.0	13
FF	4.6	1.0	1.0	1.0	1.0	0.0	2.0	0.0	1.0	0.0	1.0	1.0	1.5	1.0	2.0	1.5	0.0	1.5	0.0	13
VCEL	5.3	0.0	2.0	1.0	0.0	1.0	2.0	2.0	0.5	1.0	1.0	2.0	1.0	0.0	1.0	1.0	1.0	1.0	1.5	18
HGV	5.1	1.0	0.0	1.0	0.0	1.0	1.0	1.0	1.0	0.0	1.5	2.0	1.5	1.5	1.5	1.0	1.0	1.5	1.0	18
MAZE	4.3	1.0	2.0	1.0	0.5	0.5	1.0	2.0	0.0	0.0	1.5	1.0	1.0	1.0	0.0	1.0	0.0	2.0	0.0	15
CFEB.BR	6.4	1.5	1.0	1.0	1.0	1.0	0.5	1.0	0.5	2.0	1.0	1.0	2.0	2.0	2.0	2.0	0.5	2.0	1.0	16
WASH	5.8	0.5	1.0	1.0	1.5	2.0	1.0	0.0	2.0	1.0	0.5	1.5	1.5	1.0	1.0	1.5	0.0	2.0	2.0	16
MSLH.L	5.1	1.5	1.0	1.0	1.0	1.0	0.5	2.0	0.5	2.0	1.0	0.0	0.0	1.5	2.0	1.0	1.0	0.5	1.0	16
MSI	6.4	1.0	2.0	1.0	1.0	1.5	1.5	2.0	2.0	1.0	1.5	2.0	0.0	0.5	1.0	2.0	1.5	0.0	1.5	18
LAD	6.1	2.0	1.0	1.0	1.5	1.0	1.0	0.5	0.5	2.0	1.5	2.0	1.5	1.5	2.0	2.0	0.5	0.5	0.0	18
9863.HK	6.0	0.0	1.0	1.0	1.0	1.0	2.0	0.5	0.5	2.0	1.5	2.0	1.0	1.0	2.0	1.0	0.5	2.0	1.5	16
IOSP	6.4	2.0	2.0	1.0	0.0	1.0	1.5	1.0	1.0	0.5	0.5	2.0	1.5	1.5	2.0	2.0	1.0	1.5	1.0	18
MTZ	5.4	2.0	0.0	1.0	2.0	1.0	2.0	0.5	0.5	0.0	2.0	2.0	1.0	1.0	2.0	1.0	0.5	0.5	0.5	18
PCVX	4.3	1.0	2.0	1.0	1.5	0.5	1.0	0.0	0.0	0.0	1.0	1.0	1.0	1.0	1.0	1.0	0.0	1.5	1.0	13
NDSN	6.9	1.0	2.0	1.0	2.0	1.5	1.5	2.0	2.0	1.0	1.0	2.0	1.0	0.5	1.0	2.0	1.5	0.0	2.0	18
ALDBT.PA	4.6	1.0	1.0	1.0	1.0	0.0	0.5	2.0	0.0	0.0	1.0	1.0	2.0	1.0	2.0	1.0	0.0	2.0	0.0	13
KOF	6.0	0.0	0.0	1.0	2.0	1.0	1.0	1.5	1.0	2.0	1.5	1.0	1.5	2.0	2.0	0.0	1.0	2.0	1.0	17
AA	6.4	0.0	1.0	1.0	0.0	1.0	2.0	0.5	1.5	2.0	1.5	1.5	1.5	2.0	2.0	2.0	1.0	1.5	1.0	18
FOIL	4.7	0.0	1.0	1.0	1.0	1.0	1.5	0.0	0.5	0.0	0.5	2.0	1.5	1.5	2.0	1.0	0.5	2.0	0.0	16
LAW	4.4	1.0	1.0	1.0	0.0	0.0	1.5	2.0	0.0	0.5	0.5	1.0	1.5	1.0	2.0	1.0	0.0	2.0	0.0	15
COO	6.8	2.0	2.0	1.0	0.0	1.5	1.0	2.0	1.5	1.5	1.5	2.0	1.5	1.0	1.5	1.0	1.5	0.5	1.5	18
NKTX	4.6	1.0	2.0	1.0	1.0	0.5	1.0	0.0	0.0	0.0	1.0	1.0	2.0	1.0	1.0	1.0	0.0	2.0	1.0	13
UPXI	3.2	1.0	1.0	1.0	0.0	0.5	0.0	2.0	0.0	0.0	0.5	1.0	1.0	1.0	0.5	1.0	0.0	1.0	0.0	14
ESNT.L	4.7	0.0	1.0	1.0	1.0	1.0	1.0	1.5	0.5	2.0	1.0	0.0	0.0	1.5	2.0	0.0	1.0	1.5	1.0	16
HIPO	6.7	2.0	1.0	1.0	1.5	2.0	2.0	2.0	1.0	2.0	0.5	0.0	1.5	1.0	2.0	1.0	0.5	2.0	1.0	17
GIS	5.0	0.0	0.0	1.0	0.0	0.5	0.5	1.0	1.5	1.5	1.5	1.0	1.5	1.5	2.0	2.0	1.0	0.5	1.0	17
DSGR	5.0	0.5	0.0	1.0	2.0	1.0	1.5	1.0	0.5	1.0	0.5	2.0	1.5	1.0	2.0	1.0	0.5	0.5	0.5	18
FIRY	4.7	1.0	1.0	1.0	1.0	0.0	2.0	2.0	0.0	0.0	0.5	1.0	1.5	1.0	2.0	1.0	0.0	2.0	0.0	14
OFIX	4.7	0.0	0.0	1.0	2.0	0.5	1.0	2.0	0.0	0.5	0.5	1.0	2.0	0.5	2.0	1.0	0.5	2.0	0.5	17
9633.HK	6.7	1.0	1.0	1.0	1.0	2.0	1.5	2.0	2.0	1.0	2.0	1.0	0.0	1.0	1.0	1.5	2.0	1.0	2.0	16
XOM	6.9	1.5	0.0	1.0	2.0	1.0	2.0	1.0	1.5	1.0	2.0	2.0	1.5	1.5	2.0	2.0	1.0	0.5	1.5	18
PETS.L	5.0	1.0	1.0	1.0	1.0	1.0	0.5	1.5	1.0	2.0	1.5	0.0	0.0	1.5	2.0	1.0	0.5	0.5	1.0	16
SIGA	4.3	0.5	1.0	1.0	1.0	0.5	0.0	0.5	2.0	0.0	1.0	1.0	1.5	1.0	1.5	1.0	0.0	2.0	0.0	14
FNF	7.4	2.0	1.0	1.0	0.0	1.0	1.5	2.0	1.0	2.0	1.0	2.0	1.5	2.0	2.0	1.5	1.0	2.0	2.0	18
SOUN	3.6	1.0	1.0	1.0	0.0	0.0	2.0	1.5	0.0	0.0	1.0	1.0	1.0	1.0	0.5	1.0	0.0	1.0	0.0	16
ABVX	3.3	1.0	2.0	1.0	0.0	0.5	0.5	2.0	0.0	0.0	1.5	1.0	0.0	1.0	0.0	1.0	0.0	0.5	0.0	16
MX	4.6	1.0	1.0	2.0	1.0	0.0	0.5	0.5	0.0	0.0	1.0	1.0	2.0	1.0	2.0	1.0	0.0	2.0	0.5	13
CBRE	5.3	2.0	0.0	1.0	2.0	1.0	1.5	0.5	0.5	1.0	1.5	2.0	1.0	0.5	2.0	1.0	0.5	0.5	0.5	18
ED4.DE	5.1	1.0	1.0	1.0	1.0	0.5	0.5	2.0	0.0	2.0	0.5	1.0	2.0	0.0	2.0	1.0	0.5	2.0	0.5	14
HDF.PA	6.2	1.0	1.0	1.5	1.0	0.0	2.0	2.0	0.0	0.0	0.5	1.0	2.0	2.0	1.5	1.0	2.0	2.0	2.0	14
CLSK	3.5	1.0	1.0	1.0	0.0	0.0	0.0	1.5	0.0	0.5	1.5	1.0	1.0	1.0	1.0	1.0	0.0	1.0	0.0	16
RWC.ASX	5.3	0.0	1.0	1.0	1.0	1.0	1.0	1.5	1.0	1.5	1.5	2.0	1.5	1.0	1.5	0.0	1.0	0.0	1.5	16
HTG.DE	5.7	1.0	1.0	1.0	1.0	0.0	2.0	2.0	0.0	2.0	0.5	1.0	2.0	1.0	2.0	1.0	0.0	2.0	1.0	14
CDE	6.8	0.5	0.0	1.0	0.0	2.0	2.0	2.0	1.5	1.0	1.5	2.0	1.5	1.5	1.0	2.0	2.0	1.0	2.0	18
BESI.NV	6.8	2.0	1.0	1.0	2.0	2.0	2.0	2.0	2.0	0.5	2.0	2.0	0.0	0.0	0.0	1.5	2.0	0.5	2.0	17
RNGR	5.7	0.5	2.0	1.0	0.5	1.0	2.0	0.5	0.5	0.0	0.5	2.0	1.5	2.0	2.0	2.0	1.0	0.5	1.0	18
ICL	5.8	1.0	1.0	1.0	0.0	1.0	1.5	1.0	1.0	0.5	0.5	2.0	1.5	2.0	2.0	1.5	1.0	1.5	1.0	17
ASCE.BR	6.5	2.0	1.0	1.0	1.0	2.0	0.5	2.0	2.0	1.5	0.5	1.0	2.0	1.0	0.5	1.0	2.0	0.5	2.0	16
6181.HK	6.5	2.0	1.0	1.0	1.0	1.5	2.0	1.5	2.0	0.0	1.5	1.0	1.0	2.0	2.0	2.0	1.5	0.5	0.0	16
FIVE	6.7	2.0	1.0	1.0	2.0	1.5	2.0	1.5	1.0	1.0	2.0	1.0	1.0	1.0	1.5	1.0	1.0	1.0	1.5	18
TOWN	5.8	1.0	0.0	1.0	1.0	2.0	2.0	0.0	2.0	1.0	0.5	2.0	1.5	1.0	1.5	2.0	0.0	1.0	1.5	16
FCFS	6.7	1.5	2.0	1.0	1.0	1.0	2.0	2.0	1.5	1.0	0.5	2.0	1.0	1.0	1.5	2.0	1.0	0.5	1.5	18
IESC	4.7	0.5	0.0	1.0	2.0	1.5	2.0	1.0	1.0	1.0	0.5	1.0	0.0	0.5	1.5	1.0	1.0	0.5	1.0	17
ALINV.PA	3.8	1.0	1.0	1.0	1.0	0.0	0.0	0.0	0.0	0.0	1.0	1.0	1.5	1.0	2.0	1.0	0.0	2.0	0.0	13
TLYS	6.2	2.0	1.0	1.0	2.0	1.0	1.0	1.5	0.5	2.0	0.5	2.0	1.5	0.5	2.0	1.0	0.5	2.0	0.5	17
QTRX	4.7	1.0	2.0	1.0	0.0	0.0	2.0	1.5	0.0	0.0	0.5	1.0	2.0	1.0	2.0	1.0	0.0	2.0	0.0	16
XIOR.BR	6.7	1.5	1.0	1.0	1.0	2.0	1.0	2.0	2.0	1.0	1.0	2.0	2.0	0.5	0.5	1.5	2.0	0.0	2.0	16
FMC	5.1	1.0	2.0	1.0	0.0	0.0	0.0	1.0	1.0	2.0	1.5	1.0	2.0	1.0	2.0	0.0	0.5	2.0	0.5	17
IVCBF	4.3	2.0	1.0	1.0	1.0	0.5	1.0	0.0	0.0	1.0	1.0	1.0	0.5	1.0	1.0	1.0	0.0	1.5	1.0	8
QRF.BR	6.8	2.0	1.0	1.0	1.0	2.0	2.0	2.0	2.0	1.5	0.5	0.0	2.0	0.5	0.5	2.0	2.0	0.5	2.0	16
GYM.L	5.4	0.5	1.0	1.0	1.0	1.0	1.0	2.0	1.0	2.0	1.0	0.0	0.0	1.5	1.5	1.0	1.5	0.5	2.0	16
BNL	6.1	1.0	2.0	1.0	0.0	2.0	1.0	2.0	2.0	1.5	1.5	1.0	1.5	1.0	0.5	0.0	2.0	0.0	2.0	18
02386.HK	5.8	1.5	1.0	1.0	1.0	1.0	1.5	0.0	0.5	2.0	0.5	2.0	2.0	1.0	1.0	1.5	0.5	2.0	1.0	16
9868.HK	5.0	1.0	1.0	1.0	0.0	0.5	1.0	1.0	0.0	1.0	2.0	1.0	1.5	1.0	2.0	1.0	0.0	2.0	1.0	13
1929.HK	6.1	0.5	1.0	1.0	1.0	1.0	1.5	1.0	1.5	0.5	1.5	1.5	1.0	2.0	2.0	2.0	1.5	1.0	0.5	16
CINF	7.1	1.0	1.0	1.0	1.0	2.0	2.0	1.0	2.0	2.0	1.0	0.0	1.5	2.0	2.0	2.0	1.5	1.0	1.5	18
FDS	7.8	1.5	2.0	1.0	1.0	2.0	1.0	2.0	2.0	1.5	1.5	2.0	1.0	1.5	1.5	2.0	2.0	0.5	2.0	18
CCOI	4.6	1.0	0.0	1.0	2.0	0.5	0.5	2.0	0.0	0.0	1.5	1.0	1.0	1.0	1.5	0.0	1.0	2.0	0.5	16
WYFI	4.6	1.0	1.0	1.0	0.0	0.0	2.0	2.0	0.0	0.0	1.5	1.0	1.5	1.0	0.5	1.0	0.0	1.0	2.0	16
OBDC	6.4	1.0	2.0	1.0	1.5	1.5	0.0	2.0	2.0	2.0	1.5	2.0	2.0	1.0	1.0	0.0	0.0	0.5	2.0	17
AONC	4.6	1.0	1.0	1.0	1.0	0.5	2.0	0.0	0.5	0.5	1.0	1.0	1.0	1.0	2.0	1.0	0.0	2.0	0.0	12
AMTB	6.5	1.0	2.0	1.0	2.0	1.5	0.5	0.0	2.0	1.0	0.5	2.0	1.5	1.0	1.5	2.0	0.0	2.0	2.0	16
PEUG.PA	6.7	1.0	1.0	1.0	1.0	2.0	0.0	2.0	2.0	2.0	0.5	0.5	2.0	1.5	1.0	2.0	2.0	1.5	1.0	16
BLLN	4.6	0.0	0.0	1.0	2.0	1.0	2.0	2.0	0.5	0.5	1.0	2.0	0.0	0.0	0.5	1.0	1.0	1.0	1.0	18
HCM	4.7	0.0	1.0	1.0	1.0	1.0	1.0	0.5	0.5	0.0	1.5	2.0	1.5	1.0	1.5	1.0	0.0	2.0	0.5	16
KVUE	6.8	1.5	2.0	1.0	0.5	1.5	1.0	2.0	1.5	1.5	1.5	2.0	1.0	1.5	1.5	1.0	1.5	0.5	1.5	18
N4G0.DE	4.3	1.0	1.0	1.0	1.0	0.0	0.5	2.0	0.0	0.0	0.5	1.0	2.0	1.0	2.0	1.0	0.0	1.5	0.0	14
CMCO	5.1	2.0	2.0	1.0	0.0	0.0	2.0	1.5	1.0	0.0	0.5	1.0	2.0	1.0	1.5	0.0	1.0	2.0	0.0	17
APPS	5.6	2.0	0.0	1.0	2.0	0.5	2.0	1.5	1.0	1.0	0.5	1.0	0.5	1.5	1.5	1.0	1.5	0.5	1.0	17
LIN.DE	4.4	0.5	0.0	1.0	1.5	1.0	1.0	1.0	1.0	1.0	0.5	0.5	1.0	1.0	1.0	1.0	1.0	1.0	1.0	6
HEN.DE	6.2	0.5	1.0	1.0	1.0	1.0	0.5	2.0	1.0	1.5	0.5	2.0	1.5	1.5	2.0	2.0	1.0	1.5	1.0	16
9005.T	4.6	0.0	1.0	1.0	1.0	0.5	1.0	0.0	1.0	1.0	1.0	0.0	2.0	1.5	1.5	2.0	0.0	1.0	1.0	14
SR	6.4	0.5	2.0	1.0	2.0	2.0	1.5	1.5	0.5	0.0	1.0	1.5	1.5	1.5	1.5	1.5	2.0	0.0	1.5	18
FCH.L	5.6	2.0	1.0	1.0	1.0	2.0	2.0	2.0	1.5	0.0	1.0	0.0	0.0	1.0	1.5	1.0	1.0	2.0	0.0	16
DTD2.DE	7.2	2.0	1.0	1.0	1.0	1.5	1.0	1.5	1.5	2.0	0.5	1.0	2.0	2.0	2.0	1.0	1.5	2.0	1.5	16
JBIO	4.2	1.0	0.0	1.0	1.0	0.5	1.0	0.0	0.0	1.0	1.0	1.0	1.5	1.0	1.0	1.0	0.0	2.0	1.0	11
KNF	4.9	1.0	0.0	1.0	0.0	1.0	1.5	0.5	1.0	0.0	1.0	2.0	1.5	1.5	2.0	1.0	1.0	0.5	1.0	18
AD	4.9	0.0	0.0	1.0	2.0	2.0	2.0	2.0	0.0	2.0	0.5	0.0	1.5	0.0	0.5	1.0	1.5	1.5	0.0	18
CAMX.ST	6.1	0.0	1.0	1.0	2.0	2.0	1.0	2.0	2.0	0.5	1.0	2.0	0.5	0.0	0.5	1.0	2.0	1.5	2.0	17
ALEX.HE	6.7	1.5	1.0	1.0	1.0	1.5	2.0	1.5	2.0	2.0	0.5	1.0	1.0	1.0	1.0	1.5	1.5	1.0	2.0	13
FLGT	4.7	1.0	2.0	1.0	1.0	0.0	1.0	1.5	0.0	0.0	0.5	1.0	2.0	1.0	2.0	1.0	0.0	2.0	0.0	15
ALG	6.7	2.0	2.0	1.0	0.5	1.0	1.0	1.0	1.0	1.0	1.0	2.0	1.5	1.5	2.0	2.0	1.0	1.5	1.0	18
BKNG	7.9	2.0	1.0	1.0	0.5	2.0	1.0	2.0	2.0	1.5	2.0	2.0	1.0	1.5	1.5	2.0	2.0	1.5	2.0	17
HMN	7.1	1.5	2.0	1.0	0.0	1.5	1.0	1.5	1.0	2.0	0.5	1.5	1.5	2.0	2.0	2.0	1.0	1.5	2.0	18
MRAM	4.6	1.0	1.0	1.0	2.0	0.5	2.0	2.0	0.0	0.0	0.5	1.0	0.5	1.0	1.0	1.0	0.0	1.0	1.0	15
MDU	5.6	1.0	1.0	1.0	0.0	1.5	1.0	1.0	1.0	0.0	1.0	1.5	1.5	1.5	1.5	2.0	1.5	0.5	1.5	18
MED.DE	6.4	0.0	1.0	1.0	1.0	1.0	1.0	1.0	1.0	1.5	0.5	2.0	2.0	2.0	2.0	2.0	1.0	2.0	1.0	16
ISS.CO	6.4	1.0	1.0	1.0	1.0	1.0	1.0	2.0	0.5	2.0	1.5	2.0	1.0	1.5	2.0	2.0	0.5	1.0	1.0	16
MBK.DE	5.1	2.0	1.0	1.0	1.0	1.5	0.0	0.0	0.5	1.0	0.5	1.5	2.0	1.0	1.5	1.0	0.0	2.0	1.0	13
GYRE	3.3	1.0	1.0	1.0	0.0	0.0	0.5	2.0	0.0	0.5	0.5	1.0	0.5	1.0	1.0	1.0	0.0	1.0	0.0	16
PAT.DE	6.1	2.0	1.0	1.0	1.0	1.5	0.5	2.0	1.0	1.5	1.0	1.0	2.0	0.5	1.5	0.0	1.0	2.0	1.5	16
CTSH	7.5	2.0	2.0	1.0	1.0	1.5	1.0	1.0	1.5	2.0	2.0	2.0	1.5	2.0	2.0	2.0	1.0	0.5	1.0	18
CLMB	5.8	1.0	2.0	1.5	1.0	1.0	1.0	0.5	0.5	1.5	0.5	2.0	1.0	1.0	2.0	2.0	0.5	1.0	1.0	18
MRL.MC	7.1	1.0	1.0	1.0	1.0	2.0	1.5	2.0	2.0	1.0	2.0	0.0	2.0	0.5	0.5	2.0	2.0	2.0	2.0	17
NET	4.6	1.0	0.0	1.0	2.0	0.5	2.0	2.0	0.0	0.5	2.0	1.0	0.0	1.0	0.0	1.0	0.0	0.5	2.0	17
WEIR.L	5.6	1.5	1.0	1.0	1.0	1.5	1.0	1.5	1.5	0.5	2.0	0.0	0.0	1.0	1.5	2.0	1.0	1.0	1.0	16
POM	4.2	1.0	1.0	1.0	1.0	0.0	1.5	0.5	0.0	0.0	1.0	1.0	1.0	1.0	2.0	1.0	0.0	2.0	0.0	12
NOC	5.6	0.5	0.0	1.0	1.5	1.5	1.0	1.0	1.0	1.0	2.0	1.0	1.0	1.5	1.5	2.0	1.0	0.5	1.0	18
TFII	6.0	0.5	0.0	1.0	2.0	1.0	1.5	0.5	1.0	1.5	1.5	2.0	1.0	1.5	2.0	2.0	1.0	0.5	1.0	18
LASR	4.7	1.0	2.0	1.0	0.0	0.5	2.0	1.0	0.0	0.5	1.0	1.0	1.0	1.0	1.0	1.0	0.0	1.5	1.5	17
DYN	3.9	1.0	1.0	1.0	0.0	0.5	1.0	0.0	0.0	0.0	1.5	1.0	1.0	1.0	1.0	1.0	0.0	2.0	1.0	13
1456.HK	6.1	2.0	1.0	1.0	1.0	2.0	1.5	2.0	2.0	1.0	0.5	0.0	2.0	1.0	1.0	2.0	0.0	2.0	0.0	14
STLAM.MI	4.4	2.0	0.0	1.0	0.0	0.0	1.5	0.0	0.5	0.0	2.0	1.0	2.0	1.0	2.0	1.0	0.0	2.0	0.0	17
BMBL	6.7	1.0	1.0	1.0	0.0	0.0	0.0	2.0	2.0	2.0	1.5	1.0	2.0	2.0	2.0	1.0	1.5	2.0	2.0	16
KALU	6.1	1.5	2.0	1.0	2.0	1.0	2.0	0.5	1.0	0.5	0.5	0.5	1.5	2.0	2.0	2.0	1.0	0.5	0.5	18
DOO	6.0	2.0	1.0	1.0	0.0	1.0	1.5	1.0	0.0	2.0	0.5	2.0	0.0	2.0	2.0	1.5	1.0	1.5	1.5	17
4DS.DE	6.5	1.0	1.0	1.0	1.0	1.5	1.0	2.0	1.5	0.5	0.5	1.5	1.0	1.5	1.5	2.0	1.5	1.5	2.0	16
PAGP	5.4	2.0	0.0	1.0	0.0	1.0	2.0	0.0	0.5	2.0	1.5	2.0	1.0	1.5	2.0	0.0	0.5	1.5	1.0	18
CEA.DE	4.7	0.5	1.0	1.0	1.0	1.0	1.0	0.5	0.0	2.0	1.0	1.0	1.5	1.0	2.0	1.0	0.0	1.5	0.0	13
SNDL	4.9	1.0	1.0	1.0	0.0	0.5	0.5	1.0	0.0	2.0	0.5	1.0	2.0	1.0	2.0	1.0	0.0	2.0	1.0	16
PERR.PA	6.4	1.0	1.0	1.0	1.0	1.0	1.0	2.0	1.0	1.5	0.5	1.5	1.5	1.5	2.0	2.0	0.5	2.0	1.0	16
HLE.DE	5.7	0.0	1.0	1.0	1.0	1.0	1.0	1.0	0.5	1.0	0.5	2.0	1.5	1.5	2.0	2.0	1.0	1.5	1.0	16
KOSKI.HE	4.3	0.0	1.0	1.0	0.0	1.0	1.5	1.0	0.5	0.0	0.5	2.0	1.5	1.0	2.0	0.0	0.5	1.5	0.5	17
KOF.PA	5.3	1.5	1.0	1.0	1.0	1.0	1.0	0.5	0.5	0.0	1.0	1.5	1.5	2.0	2.0	1.0	0.5	2.0	0.0	16
FAA.DE	6.9	1.5	1.0	1.0	1.0	1.5	1.5	1.5	1.5	1.5	0.5	0.5	1.0	2.0	2.0	2.0	1.5	2.0	1.5	16
EG	6.4	2.0	0.0	1.0	1.0	1.5	0.0	0.5	1.5	2.0	1.5	2.0	2.0	1.0	2.0	2.0	0.0	2.0	1.0	17
SES	4.3	1.0	1.0	1.0	0.5	0.0	2.0	1.0	0.0	0.0	0.5	1.0	1.5	1.0	2.0	1.0	0.0	2.0	0.0	16
GSBC	5.4	1.0	1.0	1.0	1.0	2.0	0.5	0.0	2.0	1.0	0.5	0.5	1.5	1.0	1.0	2.0	0.0	2.0	1.5	16
300.HK	6.5	1.0	1.0	1.0	1.5	1.0	1.0	1.0	1.0	2.0	1.5	1.0	1.5	1.5	2.0	1.5	1.0	2.0	1.0	17
GD	5.6	1.0	0.0	1.0	1.5	1.0	1.0	0.5	1.0	1.0	2.0	1.5	1.0	1.0	2.0	2.0	1.0	0.5	1.0	18
ROOT	5.8	1.5	1.0	1.0	0.0	1.0	1.0	1.5	1.0	2.0	1.0	0.0	1.5	2.0	2.0	1.0	0.5	2.0	1.0	18
TGTA.DE	4.9	0.0	1.0	1.0	1.0	1.0	0.5	1.5	0.0	2.0	1.0	1.0	0.5	1.5	2.0	1.0	0.5	1.5	0.5	14
OM.US	4.4	1.0	2.0	1.0	0.0	0.0	1.0	1.5	0.0	0.0	0.5	1.0	2.0	1.0	2.0	1.0	0.0	2.0	0.0	16
AIP	4.2	1.0	1.0	1.0	0.0	0.0	2.0	2.0	0.0	1.0	1.0	1.0	0.0	1.0	0.5	1.0	0.0	1.5	1.0	15
DMRE.DE	6.1	1.0	1.0	1.0	1.0	0.0	2.0	0.5	2.0	2.0	0.5	1.0	2.0	0.5	1.5	1.0	1.5	2.0	1.5	14
3998.HK	7.5	1.0	1.0	1.0	1.0	1.5	1.0	2.0	1.5	2.0	1.5	1.5	1.5	2.0	2.0	1.5	1.5	2.0	1.5	16
APE.ASX	5.8	1.0	1.0	1.0	1.0	1.0	2.0	0.5	0.5	0.5	1.5	2.0	1.5	1.0	2.0	1.0	0.5	2.0	1.0	16
GOSS	4.4	1.0	1.0	1.0	2.0	0.0	0.0	2.0	0.0	0.0	1.0	1.0	1.0	1.0	2.0	1.0	0.0	2.0	0.0	14
GFM.L	6.2	1.0	1.0	1.0	1.0	2.0	2.0	2.0	2.0	0.5	0.5	0.0	0.0	2.0	1.5	1.0	2.0	1.0	2.0	16
TAM.L	6.4	1.5	1.0	1.0	1.0	2.0	2.0	2.0	2.0	1.0	1.0	0.0	0.0	1.0	1.0	1.5	2.0	1.0	2.0	16
3IN.L	4.4	1.5	1.0	1.0	1.0	2.0	0.0	2.0	2.0	1.5	0.5	0.0	0.0	1.0	0.5	2.0	0.0	0.0	0.0	15
KGN.ASX	5.6	1.0	1.0	1.0	1.0	1.0	1.0	1.5	0.5	2.0	1.0	2.0	0.5	1.5	2.0	0.0	0.5	1.5	1.0	16
BMY	7.2	0.0	0.0	1.0	2.0	1.5	1.0	2.0	2.0	1.5	2.0	2.0	1.0	1.5	1.5	2.0	2.0	1.0	2.0	18
BSBR	6.4	2.0	2.0	1.0	0.0	2.0	2.0	0.0	2.0	1.0	0.5	2.0	2.0	1.0	1.5	0.0	0.0	2.0	2.0	16
CKF.ASX	6.7	1.0	1.0	1.0	1.0	1.0	1.0	2.0	0.5	2.0	1.5	2.0	1.5	1.5	2.0	1.5	1.0	1.5	1.0	15
AJ91.DE	6.1	1.5	1.0	1.0	1.0	1.0	0.5	1.0	1.0	1.0	1.0	1.0	1.5	2.0	2.0	1.5	1.0	2.0	1.0	14
CPR.MI	6.9	1.5	1.0	1.0	1.0	1.0	0.5	2.0	1.5	1.0	2.0	2.0	1.5	1.0	1.5	2.0	1.5	1.5	1.5	16
J	6.5	2.0	2.0	1.0	1.0	1.0	2.0	1.0	0.5	1.0	1.5	2.0	1.0	1.0	2.0	2.0	0.5	1.0	1.0	18
IEX	6.1	1.0	0.0	1.0	1.5	1.5	1.0	1.5	1.5	1.0	1.5	2.0	1.0	1.0	1.0	2.0	1.5	0.5	1.5	18
FRVIA.PA	5.6	2.0	1.0	1.0	1.0	0.5	0.5	0.5	0.5	0.0	1.5	1.0	2.0	2.0	2.0	1.0	0.5	2.0	1.0	15
TTWO	3.9	0.5	0.0	1.0	0.0	0.5	1.0	2.0	0.5	1.0	2.0	1.0	0.0	0.0	1.0	1.0	1.0	0.5	1.0	17
MDT.US	7.2	1.0	2.0	1.0	0.5	1.5	1.5	2.0	1.5	1.0	2.0	2.0	1.5	1.5	1.5	1.5	1.5	1.0	1.5	18
INDB	6.0	0.0	0.0	1.0	0.5	2.0	2.0	0.0	2.0	1.0	1.0	2.0	1.5	1.0	1.5	2.0	0.0	2.0	2.0	16
CSV	6.7	2.0	2.0	1.0	0.0	1.5	1.0	1.5	1.5	1.5	1.0	2.0	1.5	1.5	1.5	2.0	1.5	0.0	1.0	18
KB	6.1	2.0	0.0	1.0	2.0	2.0	1.5	0.0	2.0	1.0	0.5	2.0	1.0	1.0	2.0	2.0	0.0	2.0	0.0	16
FDR.MC	6.9	2.0	1.0	1.0	0.0	1.0	1.0	2.0	1.5	2.0	1.5	2.0	1.5	1.5	2.0	2.0	1.0	0.5	1.5	17
VSTM	3.8	1.0	1.0	1.0	0.0	0.0	2.0	2.0	0.0	0.0	1.0	1.0	0.0	1.0	1.0	1.0	0.0	1.5	0.0	16
ETSY	6.5	2.0	1.0	1.0	0.5	1.0	1.0	2.0	1.5	1.0	2.0	2.0	1.0	1.0	1.5	1.0	1.0	1.5	1.5	17
PSN.US	5.4	0.5	2.0	1.0	0.0	1.0	0.5	1.0	0.5	1.0	1.5	2.0	1.5	1.5	2.0	1.0	0.5	1.0	1.0	18
ACN	6.9	1.5	1.0	1.0	1.0	1.5	1.0	1.0	1.5	2.0	2.0	1.5	1.0	1.5	2.0	2.0	1.0	1.0	1.5	18
543A.T	6.0	0.0	1.0	1.0	1.0	1.5	2.0	0.5	0.5	1.0	1.0	1.0	2.0	2.0	2.0	1.0	1.0	2.0	1.0	13
MCB.L	5.1	1.0	1.0	1.0	1.0	1.0	1.0	1.5	0.5	0.5	1.0	0.0	0.0	2.0	2.0	2.0	0.5	2.0	0.5	16
UJO.L	3.9	2.0	1.0	1.0	1.0	0.0	0.0	1.5	0.0	0.0	0.5	1.0	0.0	1.0	2.0	1.0	0.0	2.0	0.0	15
ETG.DE	6.0	1.5	1.0	1.0	1.0	1.0	0.5	1.5	1.0	0.0	1.0	1.0	1.5	2.0	2.0	2.0	1.0	1.5	1.0	14
ENLT	5.6	0.0	1.0	1.0	0.0	1.5	2.0	2.0	2.0	0.0	1.0	2.0	1.0	0.0	0.0	1.0	2.0	1.5	2.0	17
EFX	7.4	1.5	2.0	1.0	0.5	1.5	1.5	2.0	1.5	1.5	2.0	2.0	1.0	1.5	1.5	2.0	1.5	0.0	2.0	18
CLIQ.DE	5.1	1.0	1.0	1.0	1.0	0.0	0.0	0.5	0.5	2.0	0.5	1.0	2.0	1.0	2.0	1.0	0.0	2.0	2.0	14
AFRM	5.7	0.0	2.0	1.0	0.5	2.0	2.0	1.5	1.0	1.0	2.0	0.5	1.0	0.0	1.0	1.0	1.0	1.0	2.0	18
SEI.US	6.7	2.0	0.0	1.0	1.5	1.0	2.0	1.5	2.0	0.0	1.5	2.0	1.0	0.5	1.0	1.5	2.0	1.5	2.0	18
HPOW.L	3.6	1.0	1.0	1.0	1.0	0.5	2.0	1.5	0.0	0.0	0.5	1.0	0.0	1.0	0.0	1.0	0.0	1.5	0.0	14
FULT	6.5	1.0	2.0	1.0	0.5	2.0	1.5	0.0	2.0	1.0	1.0	1.5	1.5	1.0	1.5	2.0	0.0	2.0	2.0	16
HH.CO	4.2	0.0	1.0	1.0	1.0	0.5	1.0	1.0	0.5	0.0	0.5	1.0	1.5	1.0	2.0	1.0	0.0	1.5	0.5	15
1347.HK	4.9	2.0	1.0	1.0	2.0	1.0	2.0	0.5	0.5	0.0	1.5	0.0	1.0	0.0	0.0	1.0	1.5	0.5	2.0	17
SMWB	5.3	1.0	2.0	1.0	2.0	0.5	1.0	2.0	0.5	1.0	1.0	1.0	0.0	1.0	1.5	1.0	0.0	1.5	1.0	16
HYL.BR	3.9	1.0	1.0	1.0	1.0	0.0	2.0	2.0	0.0	0.0	0.5	1.0	1.0	1.0	0.5	1.0	0.0	1.0	0.0	14
5801.T	5.6	1.0	1.0	1.0	2.0	1.0	2.0	0.5	0.5	1.0	1.5	2.0	0.5	0.5	1.5	2.0	0.5	0.5	1.0	15
AMD.EUR	5.8	2.0	0.0	1.0	2.0	1.5	2.0	2.0	1.5	0.5	2.0	2.0	0.0	0.0	0.0	1.0	1.5	0.5	1.5	18
BBOX.L	5.1	1.5	1.0	1.0	1.0	1.0	1.0	1.0	1.0	1.0	1.5	0.5	1.0	1.0	1.0	1.0	1.0	1.0	1.0	4
NWG.L	5.1	1.5	1.0	1.0	1.0	2.0	1.5	0.0	2.0	1.0	1.5	0.0	0.0	1.0	1.0	2.0	0.0	2.0	0.0	15
INVEB.ST	6.8	0.0	1.0	1.0	1.0	2.0	2.0	2.0	2.0	1.0	0.5	1.0	1.5	2.0	1.5	2.0	2.0	1.0	1.0	13
COCO	5.8	0.5	0.0	1.0	1.5	1.5	2.0	1.5	2.0	1.0	1.0	2.0	0.5	0.5	1.5	1.0	1.0	1.0	1.5	18
MEMS.PA	5.4	0.5	1.0	1.0	1.0	1.0	1.5	1.5	1.0	0.5	0.5	2.0	1.5	0.0	1.5	2.0	0.5	1.5	1.0	16
ALCBX.PA	3.8	0.0	1.0	1.0	1.0	0.0	2.0	0.0	0.0	0.0	1.0	1.0	1.5	1.0	2.0	1.0	0.0	1.0	0.0	14
ALHG.PA	5.8	0.0	1.0	1.0	1.0	1.0	1.0	2.0	0.5	2.0	0.5	2.0	2.0	1.5	2.0	0.0	0.5	2.0	1.0	16
RSKD	5.3	1.0	0.0	1.0	1.5	0.5	2.0	2.0	0.0	1.5	1.0	1.0	1.0	1.0	1.5	1.0	0.0	2.0	1.0	16
XTIA	4.6	1.0	1.0	1.0	0.0	0.0	2.0	1.0	0.0	2.0	0.5	1.0	1.0	1.0	2.0	1.0	0.0	2.0	0.0	14
CTGO	4.0	1.0	1.0	1.0	1.0	0.5	1.0	0.0	0.0	0.0	1.0	1.0	1.5	1.0	1.0	1.0	0.0	1.5	1.0	11
BRO	7.9	1.0	2.0	1.0	1.0	1.5	2.0	2.0	2.0	2.0	1.5	2.0	1.5	1.5	1.5	2.0	2.0	0.5	1.5	18
TOP.US	3.9	1.0	1.0	1.0	1.0	0.0	0.0	2.0	0.0	1.0	1.0	1.0	1.0	1.0	0.0	1.0	0.0	0.0	2.0	11
LPE.PA	7.1	2.0	1.0	1.0	1.0	1.5	1.0	2.0	1.5	1.0	0.5	1.5	2.0	2.0	1.5	2.0	1.5	1.5	1.0	16
SDR.ASX	4.2	1.0	1.0	1.0	1.0	0.5	1.5	1.0	0.0	0.5	1.5	1.0	0.0	1.0	1.5	1.0	0.0	0.5	1.0	14
MONY.L	6.2	1.5	1.0	1.0	1.0	1.5	1.0	2.0	2.0	2.0	1.5	0.0	0.0	2.0	1.5	1.0	1.5	0.5	1.5	16
MCHB	5.3	1.5	0.0	1.0	1.0	2.0	2.0	0.0	2.0	1.0	0.5	0.5	1.5	1.0	1.5	0.0	0.0	1.5	2.0	16
RENEF	3.5	1.0	1.0	1.0	1.0	0.5	1.0	0.0	0.0	0.0	1.0	1.0	1.0	1.0	1.0	1.0	0.0	0.0	1.0	7
STRC	4.3	1.0	1.0	1.0	1.0	0.5	1.0	2.0	0.0	1.0	1.0	1.0	2.0	1.0	0.0	1.0	0.0	1.0	0.0	10
MFG.ASX	5.3	1.0	1.0	1.0	1.0	2.0	0.0	2.0	0.5	1.0	1.0	1.5	1.5	0.0	0.5	0.0	1.5	1.5	2.0	16
APLD	4.3	1.0	2.0	1.0	0.0	0.0	2.0	1.0	0.0	0.0	1.5	1.0	1.0	1.0	0.0	1.0	0.0	2.0	1.0	17
IMC.MC	7.5	2.0	1.0	1.0	1.0	2.0	1.5	2.0	2.0	2.0	0.5	0.0	2.0	2.0	1.5	1.0	1.5	2.0	2.0	16
6841.T	4.9	1.0	1.0	1.0	0.0	0.5	1.0	0.0	1.0	1.0	1.0	0.5	1.5	1.5	2.0	2.0	0.0	1.5	1.0	15
SEDG	5.0	0.0	2.0	1.0	0.0	0.0	1.5	1.0	0.0	1.5	2.0	1.0	1.0	1.0	2.0	1.0	0.0	2.0	1.0	17
SWECb.ST	5.6	0.0	1.0	1.0	0.5	1.0	1.0	1.0	1.0	1.5	1.0	2.0	1.0	1.5	2.0	2.0	1.0	0.5	1.0	17
SKIN	5.8	2.0	0.0	1.0	1.0	0.5	0.5	2.0	0.5	2.0	1.0	1.0	1.5	1.5	2.0	1.0	0.5	2.0	1.0	16
FLD	4.0	1.0	1.0	1.0	2.0	0.0	0.0	0.0	0.0	0.0	0.5	1.0	2.0	1.0	2.0	1.0	0.0	2.0	0.0	15
TIPT	4.6	0.5	1.0	1.0	1.0	0.5	1.0	0.0	2.0	0.0	1.0	1.0	2.0	1.5	0.0	2.0	0.0	2.0	0.0	13
APD	6.0	1.0	2.0	1.0	1.5	0.5	1.0	1.0	2.0	0.0	1.5	1.0	1.0	1.0	1.0	1.5	2.0	0.5	2.0	17
01128.HK	6.7	2.0	1.0	1.0	0.0	1.0	1.5	1.5	1.5	1.5	1.5	0.5	1.0	1.5	2.0	1.5	1.5	2.0	1.5	16
MITK	6.8	1.5	2.0	1.0	0.0	1.5	1.5	2.0	1.5	1.5	0.5	2.0	1.0	1.0	1.5	1.0	1.5	1.5	2.0	18
BF-B	6.8	1.0	1.0	1.0	1.0	1.5	0.5	2.0	2.0	1.5	1.5	1.5	1.0	1.5	1.5	2.0	1.5	0.5	2.0	17
SBSI	5.8	0.0	2.0	1.0	0.0	2.0	1.0	0.0	2.0	1.0	0.5	2.0	1.5	1.0	1.0	2.0	0.0	2.0	2.0	16
ALSGD.PA	3.9	1.0	1.0	1.0	1.0	0.0	0.0	2.0	0.0	0.0	1.0	1.0	1.5	1.0	1.5	1.0	0.0	1.0	0.0	13
PHR	6.1	0.0	0.0	1.0	1.5	1.0	1.5	2.0	0.5	2.0	1.5	2.0	1.5	1.0	2.0	1.0	0.5	1.5	1.5	18
CLNX.MC	7.2	1.0	1.0	1.0	2.0	0.5	1.5	2.0	1.0	2.0	2.0	1.0	1.5	1.0	1.0	2.0	2.0	1.5	2.0	15
PNE3.DE	5.1	1.0	1.0	1.0	1.0	0.0	0.0	2.0	0.0	2.0	0.5	1.0	1.0	1.0	1.0	2.0	2.0	1.5	0.5	14
TIC	5.7	1.0	1.0	1.0	2.0	0.5	2.0	1.0	0.5	0.0	1.0	1.0	2.0	1.5	2.0	1.0	1.0	1.5	0.5	16
NEDAP.NV	5.7	1.0	1.0	1.0	1.0	1.0	1.5	2.0	1.0	1.5	0.5	2.0	0.5	1.5	1.5	1.0	1.0	0.0	1.5	16
FITB	6.1	1.0	0.0	1.0	0.0	2.0	2.0	0.0	2.0	1.0	2.0	2.0	1.5	1.0	1.0	2.0	0.0	1.5	2.0	16
MIAX	7.2	1.0	2.0	1.0	2.0	1.0	1.5	1.0	1.5	1.5	1.0	2.0	1.5	1.5	2.0	1.0	1.0	2.0	1.5	18
SBUX	5.6	1.5	2.0	1.0	1.5	1.0	0.5	1.0	1.0	1.0	2.0	2.0	1.0	0.5	1.5	0.0	1.0	0.5	1.0	17
SFOODS.HE	3.8	1.0	1.0	1.0	1.0	0.5	2.0	2.0	0.0	0.0	0.5	1.0	0.0	1.0	0.0	1.0	0.0	1.5	0.0	14
LR.PA	6.9	1.0	1.0	1.0	1.5	1.5	1.5	2.0	1.5	1.0	1.5	2.0	1.0	1.0	1.5	2.0	1.5	1.0	1.5	17
TEL2B.ST	6.2	0.0	1.0	1.0	1.0	2.0	1.0	1.5	1.5	1.5	1.5	0.0	1.0	1.5	1.5	2.0	2.0	0.5	2.0	16
GMR.L	5.4	1.0	1.0	1.0	1.0	1.5	0.5	2.0	1.5	1.0	0.5	0.0	0.0	1.5	1.5	1.0	1.0	1.5	2.0	16
MMED	5.1	1.0	2.0	1.0	0.0	0.5	1.5	2.0	0.5	1.0	1.5	1.0	1.5	1.0	2.0	1.0	0.5	0.5	0.0	15
VWS.CO	5.3	2.0	1.0	1.0	2.0	1.0	2.0	0.5	1.0	0.5	2.0	0.0	0.5	0.0	1.0	2.0	1.0	0.5	1.0	17
ANTIN.PA	7.1	1.5	1.0	1.0	1.0	2.0	0.5	2.0	2.0	1.5	1.0	1.0	1.5	2.0	1.5	0.0	2.0	2.0	2.0	16
LLOY.L	5.6	2.0	1.0	1.0	0.5	2.0	1.5	0.0	2.0	1.0	1.5	0.0	0.0	1.0	1.5	2.0	0.0	2.0	1.0	15
ADM.L	5.1	1.0	1.0	1.0	1.0	1.5	0.5	1.5	1.5	0.0	1.5	0.0	0.0	1.5	1.5	1.5	1.0	1.5	1.0	16
WLDS	4.4	1.0	1.0	1.0	1.0	0.5	1.5	0.0	0.0	0.0	1.0	1.0	2.0	2.0	1.0	1.0	0.0	2.0	0.0	13
GHH.L	4.0	0.0	1.0	1.0	1.0	1.0	1.5	1.0	0.5	0.5	1.0	0.0	0.0	1.0	1.5	1.0	1.0	0.5	1.0	16
BTU	5.0	1.0	1.0	1.0	0.0	0.5	1.5	0.5	0.0	0.0	1.0	1.0	2.0	1.5	2.0	2.0	0.5	1.5	1.0	16
NNIT.CO	4.9	1.0	1.0	1.0	0.0	0.5	0.5	1.0	0.5	2.0	0.5	1.0	1.5	1.5	2.0	1.0	0.5	1.0	1.0	15
PANW	5.1	1.0	1.0	1.0	1.5	1.0	2.0	2.0	0.5	0.5	2.0	2.0	0.0	0.0	0.0	1.0	1.0	0.0	2.0	18
OPEN	3.5	1.0	0.0	1.0	0.0	0.0	0.0	0.0	0.0	1.0	1.0	1.0	1.5	1.0	2.0	1.0	0.0	2.0	0.0	16
CLB	5.7	1.5	2.0	1.0	0.0	1.0	0.5	0.5	0.5	1.5	0.5	2.0	1.5	1.5	2.0	2.0	1.0	0.5	1.0	18
SFR.ASX	7.4	2.0	1.0	1.0	1.0	2.0	2.0	2.0	2.0	1.0	1.5	2.0	1.0	1.5	1.0	1.0	2.0	0.5	2.0	16
ALDX	3.9	1.0	1.0	1.0	0.0	0.5	1.0	0.0	0.0	0.0	1.0	1.0	1.5	1.0	1.0	1.0	0.0	2.0	1.0	13
FDE.PA	6.0	0.5	1.0	1.0	1.0	1.0	1.5	2.0	1.5	0.0	0.5	1.0	1.5	1.0	1.0	1.0	2.0	2.0	2.0	15
ELE.MC	5.8	0.0	1.0	1.0	1.0	1.5	1.0	1.5	1.5	1.0	2.0	0.5	1.0	1.5	1.5	2.0	1.5	0.0	1.5	17
CSQR	5.3	1.0	1.0	1.0	1.0	0.0	1.5	2.0	0.5	1.0	1.5	1.0	1.0	1.0	1.0	1.0	2.0	0.5	1.0	12
MGRC	6.7	1.5	2.0	1.0	1.0	1.5	0.5	1.5	1.5	1.0	1.0	1.5	1.5	1.5	1.5	2.0	1.5	0.0	2.0	18
CLF.US	5.0	2.0	2.0	1.0	2.0	0.5	1.0	0.0	0.5	0.5	1.5	1.0	1.5	0.5	2.0	1.0	0.5	0.5	0.0	17
CS.PA	5.4	0.0	1.0	1.0	1.0	1.5	1.0	0.5	1.0	0.0	1.5	1.5	1.5	1.0	2.0	1.5	0.0	2.0	1.5	15
PAGS	7.8	2.0	1.0	1.0	0.5	1.5	0.5	2.0	2.0	0.0	1.5	2.0	2.0	2.0	2.0	2.0	2.0	2.0	2.0	18
EVR	6.8	1.5	2.0	1.0	0.0	1.5	1.5	2.0	1.5	1.0	1.5	2.0	1.0	1.0	1.5	2.0	0.0	1.5	2.0	16
CABP.L	4.0	1.5	1.0	1.0	1.0	2.0	0.5	0.0	0.0	2.0	0.5	0.0	0.0	1.0	1.0	1.0	0.0	2.0	0.0	16
CMBT	7.1	2.0	1.0	1.0	2.0	2.0	2.0	2.0	2.0	0.0	0.5	0.0	1.5	1.5	1.5	2.0	2.0	0.5	2.0	17
GFR	5.7	1.0	1.0	1.0	1.0	0.5	2.0	1.0	2.0	0.0	1.0	1.0	2.0	1.5	2.0	1.0	1.0	0.0	1.5	14
GPE.L	4.7	0.0	1.0	1.0	1.0	2.0	2.0	2.0	1.5	0.5	1.5	0.0	0.0	0.0	0.5	2.0	1.5	0.5	0.0	16
INHD	4.7	2.0	1.0	1.0	1.0	0.0	2.0	0.0	0.0	0.0	1.0	1.0	2.0	2.0	1.0	1.0	0.0	2.0	0.0	14
OII	5.0	0.0	0.0	1.0	2.0	1.5	1.0	0.5	1.0	1.5	0.5	0.0	1.0	1.5	2.0	1.0	1.0	1.5	1.0	18
PTCT	5.1	1.0	2.0	1.0	0.0	0.5	2.0	1.5	2.0	0.0	1.5	1.0	1.0	0.0	1.0	1.0	1.0	2.0	0.0	15
GASS	7.2	2.0	2.0	1.0	1.0	2.0	0.5	1.5	2.0	0.0	0.5	0.5	2.0	2.0	2.0	1.0	2.0	2.0	2.0	18
TGYM.MI	6.0	1.0	1.0	1.0	1.0	1.5	1.0	1.5	1.0	1.0	1.5	1.5	0.5	1.5	1.5	1.5	1.0	1.0	1.5	16
BIPC	6.5	1.0	2.0	1.0	1.0	0.5	1.0	2.0	2.0	0.0	0.5	1.0	1.0	2.0	1.0	2.0	2.0	1.5	2.0	14
TNK	7.9	1.5	0.0	1.0	2.0	2.0	2.0	2.0	2.0	1.5	1.0	0.0	1.5	2.0	2.0	2.0	2.0	2.0	2.0	18
MGA	6.0	2.0	0.0	1.0	0.0	1.0	1.0	0.5	0.5	2.0	1.5	2.0	1.5	2.0	2.0	1.5	1.0	1.0	1.0	18
SGMT	4.6	1.0	2.0	1.0	1.0	0.5	1.0	0.0	0.0	0.0	1.5	1.0	1.5	1.0	1.0	1.0	0.0	2.0	1.0	12
HAYW	7.1	1.5	2.0	1.0	1.0	1.5	1.0	1.5	1.5	1.5	1.0	2.0	1.5	1.5	1.5	1.0	1.5	1.5	1.5	18
SIBN	4.6	1.0	2.0	1.0	0.0	0.5	1.5	2.0	0.0	0.0	1.0	1.0	1.0	1.0	1.5	1.0	0.0	1.5	0.5	16
MPCK.DE	6.1	2.0	1.0	1.0	1.0	2.0	1.5	2.0	0.0	0.5	0.5	1.0	1.5	0.5	1.5	1.0	1.0	2.0	2.0	15
HWDN.L	6.0	1.0	1.0	1.0	1.0	1.5	1.0	2.0	1.0	1.5	1.5	0.0	0.0	1.5	2.0	2.0	1.0	1.0	1.5	16
JBL	5.0	2.0	0.0	1.0	1.0	1.0	1.5	0.0	0.5	1.0	1.0	2.0	0.0	1.0	2.0	2.0	0.5	0.5	1.0	18
IDR.MC	6.8	0.0	1.0	1.0	2.0	1.0	2.0	1.0	1.0	1.0	1.5	2.0	1.0	1.0	2.0	2.0	1.0	2.0	2.0	17
4183.T	6.5	1.5	1.0	1.0	1.0	1.0	1.5	1.0	1.0	0.0	1.5	2.0	2.0	2.0	2.0	1.0	1.0	2.0	1.0	16
DFTK.DE	4.6	1.0	1.0	1.0	1.0	0.0	0.5	2.0	0.0	0.0	1.0	1.0	2.0	1.5	1.0	1.0	0.0	2.0	0.5	13
AUB.PA	6.2	1.0	1.0	1.0	1.0	1.0	2.0	0.5	1.0	1.5	0.5	2.0	1.5	1.5	2.0	2.0	0.5	1.5	1.0	16
AWR	6.0	0.5	1.0	1.0	0.5	2.0	1.5	2.0	2.0	0.0	0.5	1.0	1.5	1.0	1.0	2.0	2.0	0.0	2.0	18
GMAB.CO	5.8	0.0	1.0	1.0	2.0	1.5	2.0	2.0	2.0	0.5	1.5	2.0	1.0	0.0	0.0	1.0	1.5	0.5	1.5	17
AVIR	4.3	1.0	1.0	1.0	2.0	0.5	1.0	0.0	0.0	0.0	0.5	1.0	1.5	1.0	1.0	1.0	0.0	2.0	1.0	12
XPS.L	5.6	1.0	1.0	1.0	1.0	1.5	1.5	1.5	1.5	1.5	1.0	0.0	0.0	1.5	1.5	1.0	1.5	0.5	1.5	16
L	6.4	1.5	1.0	1.0	1.0	1.0	1.0	1.5	1.0	1.5	1.0	0.0	1.5	2.0	2.0	2.0	1.0	2.0	1.0	15
AMC	5.1	0.0	1.0	2.0	1.0	0.0	1.5	0.5	1.0	1.0	1.0	1.0	1.0	1.0	2.0	1.0	1.0	2.0	0.5	15
AIFC	4.2	2.0	1.0	1.0	1.0	0.5	0.0	2.0	0.0	0.0	0.5	1.0	2.0	1.0	1.0	1.0	0.0	1.0	0.0	15
CAST.ST	6.4	2.0	1.0	1.0	0.0	2.0	0.0	2.0	2.0	0.0	1.5	2.0	2.0	1.0	0.5	2.0	2.0	0.0	2.0	17
CMS	6.1	1.0	0.0	1.0	2.0	1.5	0.5	1.5	1.5	0.0	1.5	2.0	1.5	1.5	1.5	1.5	1.5	0.5	1.5	18
BETSB.ST	4.6	2.0	1.0	1.0	0.0	1.5	1.0	2.0	1.0	0.5	0.5	1.0	0.0	0.0	0.5	1.5	1.0	0.5	1.5	17
GCT	6.5	2.0	2.0	1.0	0.5	1.5	2.0	1.0	1.0	1.0	0.5	1.5	1.0	1.5	2.0	1.0	1.0	2.0	1.0	18
AIRARABIA.AE	4.6	0.0	1.0	1.0	1.0	1.5	0.5	0.5	0.5	0.0	1.0	1.5	1.0	1.0	1.5	0.0	1.0	1.5	2.0	17
AGO	7.1	2.0	2.0	1.0	2.0	2.0	0.5	2.0	2.0	0.5	0.5	0.5	2.0	1.0	1.5	2.0	0.0	2.0	2.0	17
HCAT	4.3	1.0	1.0	1.0	0.0	0.0	0.0	2.0	0.0	0.0	0.5	1.0	1.5	1.0	2.0	1.0	0.5	2.0	1.0	15
AIZ	6.8	1.0	2.0	1.0	1.5	1.0	1.0	0.5	1.0	2.0	1.0	1.5	1.5	2.0	2.0	2.0	1.0	1.5	1.0	18
ODFL	6.2	1.0	0.0	1.0	2.0	1.5	1.5	1.5	2.0	1.0	2.0	2.0	0.5	0.5	1.0	2.0	1.5	0.0	1.5	18
5019.T	6.1	1.5	1.0	1.0	1.0	1.0	2.0	0.5	1.0	1.0	1.0	0.5	1.5	2.0	2.0	2.0	0.5	1.5	1.0	14
NXDR	4.9	1.0	1.0	1.0	1.0	0.0	1.5	2.0	0.0	1.0	0.5	1.0	1.5	1.0	1.5	1.0	0.0	2.0	0.5	15
DK	7.1	2.0	2.0	1.0	2.0	1.0	2.0	0.5	0.5	2.0	1.5	2.0	0.0	2.0	2.0	2.0	0.5	1.5	1.0	18
AMT	6.2	1.0	1.0	1.0	1.5	2.0	1.0	2.0	2.0	1.0	2.0	1.0	0.0	1.0	0.5	1.0	2.0	0.5	2.0	18
ROL	5.3	1.0	0.0	1.0	0.0	1.5	1.0	2.0	1.5	1.0	1.5	1.5	0.0	1.0	1.5	1.5	1.5	0.0	1.5	18
CNC.L	4.6	0.0	1.0	1.0	1.0	1.5	1.0	2.0	1.0	0.0	1.0	0.0	0.0	0.5	1.5	2.0	1.0	0.5	1.5	16
SBMO.NV	7.5	2.0	1.0	1.0	1.0	1.5	0.5	1.5	2.0	2.0	1.0	1.0	1.5	2.0	1.5	2.0	1.5	2.0	2.0	16
PRIM	5.3	1.5	1.0	1.0	1.5	1.0	0.0	0.0	0.0	1.0	1.5	2.0	1.5	1.0	2.0	2.0	0.5	1.0	0.5	18
ONC	7.1	2.0	2.0	1.0	2.0	1.5	2.0	2.0	1.5	1.0	2.0	2.0	0.5	0.0	1.0	1.0	1.0	1.5	1.5	18
PBR.A	5.0	1.0	1.0	1.0	1.0	1.0	1.0	1.0	1.0	1.0	1.0	1.0	1.0	1.0	1.0	1.0	1.0	1.0	1.0	1
8750.T	7.1	2.0	1.0	1.0	0.0	1.0	2.0	1.0	1.5	1.0	1.5	2.0	1.5	2.0	2.0	2.0	1.0	2.0	1.0	15
1171.HK	7.4	2.0	1.0	1.0	1.0	1.0	2.0	1.0	1.5	2.0	1.0	1.0	1.5	2.0	2.0	2.0	1.5	2.0	1.0	16
ALTR.LS	4.9	2.0	1.0	1.0	1.0	1.0	0.5	0.5	0.0	1.0	1.0	2.0	1.5	0.0	1.5	0.0	0.5	2.0	1.0	14
CWST	5.6	0.5	2.0	1.0	0.5	1.0	1.5	1.0	0.5	1.0	1.5	2.0	1.0	1.0	1.5	1.0	1.5	0.0	1.5	18
CNE.L	7.4	2.0	1.0	1.0	1.0	2.0	2.0	2.0	2.0	2.0	0.5	0.0	0.0	2.0	2.0	1.0	2.0	2.0	2.0	16
DAE.ZU	5.3	0.5	1.0	1.0	1.0	1.0	1.0	1.0	1.0	1.0	1.0	2.0	1.0	1.0	1.0	1.5	1.0	1.0	1.0	11
KTB	7.4	1.5	2.0	1.0	1.5	1.0	1.5	1.5	1.5	2.0	1.5	2.0	1.0	2.0	2.0	2.0	1.0	0.5	1.0	18
BIG.PA	5.3	2.0	1.0	1.0	1.0	0.5	0.5	2.0	0.0	0.0	1.0	1.0	2.0	0.0	2.0	1.0	0.5	2.0	1.5	14
EXPN.L	6.2	1.5	1.0	1.0	1.0	1.5	1.5	1.5	2.0	1.0	1.5	0.0	0.0	1.5	1.5	2.0	1.5	0.5	2.0	16
HR	4.9	0.0	0.0	1.0	1.0	0.5	0.5	2.0	1.0	1.5	1.5	1.0	1.5	1.0	1.0	0.0	2.0	0.0	2.0	16
VAR.OL	6.2	1.5	1.0	1.0	2.0	1.5	2.0	2.0	2.0	1.0	1.5	0.0	0.0	1.0	0.5	1.0	2.0	0.5	2.0	17
PAGE.L	3.8	0.0	1.0	1.0	1.0	1.0	1.0	1.5	0.5	1.5	1.0	0.0	0.0	0.5	2.0	0.0	0.5	0.5	0.5	16
MNTK	4.9	0.0	1.0	1.5	0.0	1.0	1.5	1.0	0.5	0.0	0.5	2.0	1.5	1.0	1.5	1.0	1.5	0.5	1.5	17
SLP	5.8	0.0	2.0	1.0	0.0	1.0	1.0	2.0	1.5	1.0	0.5	2.0	1.5	0.5	1.5	1.0	1.0	1.5	2.0	18
SHUAA.AE	4.4	1.0	1.0	1.0	1.0	0.0	0.0	2.0	0.0	1.0	1.0	1.0	1.5	1.0	0.0	1.0	0.0	1.5	2.0	11
COVH.PA	6.0	0.0	1.0	1.0	1.0	2.0	1.0	2.0	2.0	0.5	1.0	0.0	2.0	1.0	0.5	1.5	2.0	1.0	2.0	15
MDGL	3.8	1.0	1.0	1.0	0.0	0.0	2.0	2.0	0.0	0.0	1.5	1.0	0.0	1.0	1.0	1.0	0.0	1.0	0.0	16
ANGI	5.3	0.0	1.0	1.0	0.0	0.0	0.0	2.0	0.5	1.5	1.0	1.0	2.0	2.0	2.0	1.0	1.0	2.0	1.0	17
CEPU	7.5	2.0	2.0	1.0	2.0	2.0	2.0	1.0	1.5	0.0	1.0	0.0	2.0	2.0	2.0	1.0	2.0	2.0	1.5	18
2013.HK	4.6	1.0	1.0	1.0	1.0	0.0	1.5	2.0	0.0	1.0	1.0	1.0	1.5	1.0	1.5	1.0	0.0	1.0	0.0	12
INVZ	4.4	1.0	1.0	1.0	2.0	0.0	2.0	0.0	0.0	0.0	0.5	1.0	1.5	1.0	2.0	1.0	0.0	2.0	0.0	15
TPG	5.6	0.0	2.0	1.0	0.5	1.0	2.0	2.0	1.5	1.0	1.5	2.0	0.5	1.0	1.5	0.0	0.0	1.0	1.5	16
TRDA	2.9	1.0	0.0	1.0	0.0	0.5	0.0	0.0	0.0	0.0	0.5	1.0	2.0	1.0	0.5	1.0	0.0	2.0	0.0	16
7013.T	6.0	1.5	1.0	1.0	1.0	1.5	1.5	1.0	1.5	0.0	1.5	2.0	1.0	1.0	2.0	2.0	1.0	0.5	0.5	16
WHR	5.0	1.5	0.0	1.0	0.5	1.0	0.5	0.5	0.5	0.0	1.5	1.5	2.0	1.5	2.0	1.0	0.5	2.0	0.5	18
XPEV	4.7	1.0	0.0	1.0	0.0	0.5	1.0	1.0	0.0	1.0	2.0	1.0	1.5	1.0	2.0	1.0	0.0	2.0	1.0	14
HUSQB.ST	6.1	0.5	1.0	1.0	0.0	1.0	0.5	1.0	1.0	1.5	1.0	2.0	2.0	2.0	2.0	2.0	1.0	1.5	1.0	17
OABI	4.2	1.0	2.0	1.0	0.0	0.0	2.0	2.0	0.0	0.0	1.0	1.0	1.5	1.0	0.5	1.0	0.0	1.0	0.0	16
PARR	6.0	2.0	0.0	1.0	2.0	1.0	2.0	1.0	1.5	1.0	1.0	0.0	1.5	2.0	2.0	1.0	1.0	0.5	1.0	18
ALQ.ASX	6.0	1.0	1.0	1.0	2.0	1.0	1.0	1.0	1.5	1.0	1.5	2.0	0.5	1.0	1.5	1.5	1.5	0.5	1.0	17
DEC.L	6.9	2.0	1.0	1.0	2.0	2.0	2.0	2.0	2.0	0.0	0.5	0.0	0.0	2.0	2.0	2.0	2.0	0.5	2.0	17
HNI	5.4	2.0	1.0	1.0	0.5	1.0	2.0	1.5	1.0	1.0	0.5	1.0	1.5	1.5	2.0	0.0	1.0	0.5	0.5	16
LKE.ASX	3.8	1.0	1.0	1.0	1.0	0.5	0.0	2.0	0.0	0.0	1.0	1.0	2.0	1.0	0.0	1.0	0.0	1.0	0.0	13
ACSO.L	5.6	1.0	1.0	1.0	1.0	1.0	0.5	2.0	0.5	2.0	0.5	0.0	0.0	2.0	2.0	1.0	1.0	2.0	1.5	16
PSFE	6.0	1.0	1.0	1.0	0.0	0.0	1.0	2.0	0.5	2.0	0.5	1.0	2.0	2.0	2.0	1.0	1.5	2.0	1.0	16
CAN	3.9	1.0	1.0	1.0	1.0	0.0	0.0	0.0	0.0	0.0	1.0	1.0	2.0	1.0	2.0	1.0	0.0	2.0	0.0	15
CACC	5.3	1.0	0.0	1.0	1.0	2.0	1.0	2.0	2.0	1.0	0.5	1.5	1.0	1.0	1.0	1.0	0.0	0.0	2.0	16
4503.T	7.9	2.0	1.0	1.0	2.0	1.5	2.0	2.0	2.0	2.0	1.5	0.0	1.5	2.0	1.5	2.0	1.5	1.0	2.0	17
SUPN	5.0	1.0	2.0	1.0	0.0	0.0	2.0	2.0	0.0	1.0	0.5	1.0	1.5	0.5	1.5	1.0	1.0	1.5	0.5	16
RXL.PA	6.2	1.5	1.0	1.0	1.0	1.0	1.0	1.0	0.5	1.5	1.5	2.0	1.5	1.5	2.0	2.0	0.5	1.5	0.5	16
DOYU	4.3	1.0	1.0	1.0	0.0	0.5	0.5	0.5	0.0	1.0	0.5	1.0	2.0	1.0	1.0	1.0	0.5	2.0	1.0	13
PUM.DE	5.6	2.0	1.0	1.0	1.0	0.5	0.5	1.5	0.0	2.0	1.5	1.0	1.5	1.0	2.0	1.0	0.0	1.5	1.0	16
FFARMS.CO	4.3	1.0	1.0	1.0	1.0	0.0	1.5	1.0	0.0	0.0	1.0	1.0	2.0	0.5	1.5	1.0	1.0	0.5	0.5	13
TMPL.L	5.3	2.0	1.0	1.0	1.0	1.0	1.0	1.0	1.0	1.0	1.0	1.0	1.0	1.0	1.0	1.0	1.0	1.0	1.0	2
BBT	6.1	0.5	0.0	1.0	0.5	2.0	2.0	0.0	2.0	1.0	1.0	1.5	2.0	1.0	1.5	2.0	0.0	2.0	2.0	16
STF.PA	5.4	1.0	1.0	1.0	1.0	1.0	1.0	0.5	0.5	0.5	0.5	2.0	1.5	1.5	2.0	2.0	0.5	1.0	1.0	16
2588.HK	5.6	0.5	1.0	1.0	1.0	2.0	1.0	2.0	2.0	0.0	1.5	0.0	2.0	0.0	0.0	2.0	2.0	0.0	2.0	16
LTM	6.1	0.5	0.0	1.0	0.0	1.0	2.0	1.0	0.5	2.0	1.5	1.5	0.5	2.0	2.0	2.0	1.5	1.5	1.5	18
FAST	5.1	0.5	0.0	1.0	1.5	1.5	1.5	1.5	1.5	0.5	1.5	1.5	0.0	0.5	1.0	1.5	1.5	0.0	1.5	18
OBT	5.7	1.5	0.0	1.0	0.0	2.0	0.5	0.0	2.0	1.0	0.5	1.5	1.5	1.0	2.0	2.0	0.0	2.0	2.0	16
PENN	5.6	1.5	2.0	1.0	0.0	0.0	1.0	1.5	0.5	0.0	1.5	1.0	1.5	1.5	2.0	1.0	1.0	2.0	1.0	17
FND	5.7	1.0	0.0	1.0	1.5	1.0	1.0	1.5	0.5	1.0	2.0	1.0	1.5	1.5	2.0	1.0	1.0	1.0	1.0	18
HUYA.US	4.7	2.0	1.0	1.0	0.0	0.5	1.5	0.5	0.0	1.0	1.5	1.0	2.0	0.0	1.0	1.0	0.0	2.0	1.0	15
NVM.DE	6.0	1.0	1.0	1.0	1.0	0.5	1.0	1.5	0.5	2.0	0.5	1.0	2.0	2.0	2.0	1.0	0.5	2.0	1.0	14
FMBH	7.1	1.5	2.0	1.0	1.5	2.0	2.0	0.0	2.0	1.0	1.0	1.5	1.5	1.0	1.5	2.0	0.0	2.0	2.0	16
ECK.DE	4.9	0.5	1.0	1.0	1.0	1.0	0.5	1.5	0.5	2.0	1.0	2.0	1.5	0.0	1.5	1.0	0.5	0.0	1.0	14
3401.T	6.9	2.0	1.0	1.0	1.0	0.5	0.5	1.0	2.0	2.0	1.0	1.0	2.0	2.0	2.0	2.0	1.0	2.0	1.0	15
LXFR	4.9	1.0	1.0	1.0	0.0	1.0	0.0	1.0	1.0	1.5	0.5	2.0	1.5	1.5	2.0	0.0	1.0	0.5	1.0	17
0390.HK	5.3	1.5	1.0	1.0	1.0	1.0	0.5	0.0	0.5	0.0	1.0	1.0	2.0	1.5	2.0	2.0	0.5	2.0	0.5	16
PHP.L	5.7	1.0	1.0	1.0	1.0	2.0	2.0	2.0	2.0	1.5	1.0	0.0	0.0	1.0	0.5	0.0	2.0	0.5	2.0	16
QXO	5.4	2.0	1.0	1.0	2.0	0.5	2.0	1.0	0.0	0.0	1.5	1.0	2.0	0.0	1.5	1.0	0.5	2.0	0.5	17
WDS.ASX	6.1	1.5	1.0	1.0	0.0	2.0	1.5	1.0	1.5	0.5	1.5	0.0	1.5	1.5	1.0	1.5	2.0	1.0	2.0	17
ALNSE.PA	6.4	1.0	1.0	1.0	1.0	1.0	1.5	1.5	1.0	1.0	0.5	2.0	1.5	1.5	2.0	2.0	1.0	1.5	1.0	16
SAVE.PA	6.1	2.0	1.0	1.0	1.0	1.0	1.0	1.0	0.5	0.0	0.5	2.0	2.0	2.0	2.0	2.0	0.5	2.0	0.5	16
ETON	5.6	0.0	2.0	1.0	2.0	1.5	2.0	2.0	2.0	0.5	0.5	2.0	0.0	0.0	0.5	1.0	1.5	0.5	1.0	18
ALT.US	3.6	0.0	1.0	1.0	2.0	0.5	1.0	0.0	0.0	0.0	1.0	1.0	1.5	1.0	0.0	1.0	0.0	2.0	0.0	15
VRSK	6.7	1.5	0.0	1.0	0.5	2.0	1.0	2.0	2.0	1.0	1.5	2.0	1.0	1.0	1.0	2.0	2.0	0.5	2.0	17
COLUM.CO	4.4	1.0	1.0	1.0	1.0	1.0	1.0	2.0	0.5	0.0	1.0	1.0	1.5	0.5	2.0	0.0	0.5	0.5	0.5	14
WAVE.PA	6.4	0.5	1.0	1.0	1.0	1.0	1.0	1.0	1.5	2.0	0.5	1.5	1.5	2.0	2.0	2.0	1.0	1.5	1.0	16
AEET.L	5.0	1.0	1.0	1.0	1.0	1.0	1.0	1.0	1.0	1.0	1.0	1.0	1.0	1.0	1.0	1.0	1.0	1.0	1.0	1
RHC.ASX	5.8	1.0	1.0	1.0	1.0	1.0	1.0	0.5	0.5	1.5	1.5	2.0	1.5	1.5	2.0	1.5	0.5	1.0	1.0	16
NHF.ASX	5.8	0.5	1.0	1.0	1.0	1.0	1.0	0.0	0.5	1.5	1.0	2.0	1.5	2.0	2.0	1.5	0.5	2.0	1.0	16
PAAS	7.2	0.0	1.0	1.0	0.0	2.0	2.0	2.0	2.0	1.5	1.0	2.0	1.5	1.5	1.5	2.0	2.0	1.0	2.0	18
PJT	6.0	1.0	1.0	1.0	1.5	1.5	1.5	2.0	1.5	1.0	1.0	1.5	0.0	1.0	1.5	2.0	0.0	0.5	2.0	16
RHM.DE	6.1	2.0	1.0	1.0	0.5	1.0	2.0	2.0	1.0	0.5	2.0	2.0	0.5	0.5	1.5	2.0	1.5	0.0	1.0	17
OPM.PA	6.4	1.0	1.0	1.0	1.0	1.0	0.5	0.5	0.5	2.0	1.0	2.0	2.0	2.0	2.0	2.0	0.5	2.0	1.0	16
ADEN.ZU	6.5	2.0	1.0	1.0	2.0	1.0	1.0	0.5	0.5	2.0	1.5	2.0	1.5	1.5	2.0	1.5	0.5	1.5	0.5	17
TLC.ASX	5.4	0.5	1.0	1.0	1.0	1.0	0.5	2.0	1.5	2.0	1.5	2.0	0.0	1.0	1.5	0.0	1.0	1.0	1.0	16
FWONA	6.0	0.0	2.0	1.0	2.0	1.0	1.5	1.0	1.5	1.0	1.0	2.0	1.5	0.0	1.0	1.0	1.5	1.0	1.5	18
4519.T	6.7	1.0	1.0	1.0	1.0	2.0	1.5	2.0	2.0	1.0	1.5	0.0	1.0	1.0	1.0	2.0	2.0	1.0	2.0	17
TRIP	5.4	2.0	0.0	1.0	0.0	1.0	0.5	2.0	1.0	0.0	1.5	1.0	1.5	1.5	2.0	1.0	0.5	2.0	1.0	17
ALLEI.ST	5.0	0.5	1.0	1.0	0.0	1.0	1.0	1.0	1.0	0.5	0.5	2.0	1.5	1.0	2.0	1.5	1.0	0.5	1.0	17
TRI.L	5.1	1.0	1.0	1.0	1.0	0.5	0.5	1.0	1.0	2.0	1.0	1.0	0.0	2.0	2.0	0.0	0.5	2.0	1.0	14
STEP	4.0	1.0	2.0	1.0	0.5	0.0	1.0	0.0	0.0	2.0	1.0	1.0	1.0	1.0	1.5	0.0	0.0	1.5	0.0	15
SIG	6.8	1.0	2.0	1.0	1.0	1.0	0.5	1.5	0.5	2.0	1.5	2.0	1.5	2.0	2.0	2.0	0.5	1.5	1.0	18
PTEN	5.6	2.0	0.0	1.0	2.0	0.5	1.0	1.0	0.0	1.5	1.5	1.0	1.5	2.0	2.0	0.0	1.0	0.5	1.5	17
UPST	4.7	0.0	0.0	1.0	0.5	1.0	2.0	2.0	0.5	0.0	1.5	2.0	1.5	0.0	1.5	1.0	0.5	2.0	0.0	18
CA1.DE	3.9	1.0	1.0	1.0	1.0	0.5	2.0	0.0	0.0	0.0	0.5	1.0	1.5	1.0	0.5	1.0	0.0	2.0	0.0	14
HSAI	5.8	2.0	1.0	1.0	0.0	1.5	2.0	1.5	0.5	0.0	1.5	2.0	1.5	1.0	1.0	1.0	0.5	2.0	1.0	18
ORGO	4.7	1.0	1.0	1.0	0.0	0.0	0.0	2.0	0.0	2.0	0.5	1.0	1.5	1.0	2.0	1.0	0.0	2.0	1.0	15
BBCP	6.4	0.0	2.0	1.0	2.0	1.0	1.5	1.5	1.0	1.0	0.5	2.0	1.5	1.5	1.5	1.0	1.5	1.0	1.5	18
HWM	6.2	2.0	0.0	1.0	2.0	2.0	2.0	1.5	2.0	0.5	2.0	2.0	0.0	0.0	0.5	2.0	1.5	0.0	1.5	18
LIT.L	4.6	1.0	1.0	1.0	1.0	0.5	1.0	0.0	2.0	0.0	1.0	1.0	0.0	1.0	1.0	1.0	0.0	2.0	2.0	12
BPOP	6.5	1.5	0.0	1.0	2.0	2.0	1.0	0.0	2.0	1.0	1.5	1.5	1.5	1.0	1.5	2.0	0.0	2.0	2.0	16
AFX.DE	5.7	1.5	1.0	1.0	0.0	1.0	1.0	2.0	1.0	1.0	1.5	1.5	1.5	1.0	2.0	2.0	0.5	0.0	1.0	15
BUD	6.4	1.0	1.0	1.0	1.0	1.5	1.5	2.0	2.0	1.5	1.5	1.5	0.5	0.0	0.5	2.0	1.5	1.0	2.0	18
HPK	6.9	1.0	1.0	1.0	2.0	0.0	2.0	2.0	2.0	1.5	0.5	1.0	2.0	2.0	1.5	0.0	2.0	1.5	2.0	15
ANTX	4.0	1.0	0.0	1.0	2.0	0.5	1.0	0.0	0.0	0.0	0.5	1.0	1.5	1.0	1.0	1.0	0.0	2.0	1.0	12
QFG.BR	4.7	0.0	1.0	1.0	1.0	0.5	2.0	0.0	2.0	1.0	0.5	1.0	2.0	1.0	1.0	1.0	0.0	2.0	0.0	13
AGNT	4.0	0.0	1.0	1.0	0.0	0.5	1.5	0.0	0.5	2.0	0.5	1.0	1.5	1.0	2.0	0.0	0.0	1.5	0.5	17
FRME	6.7	1.5	2.0	1.0	0.5	2.0	1.0	0.0	2.0	1.0	1.0	2.0	2.0	1.0	1.0	2.0	0.0	2.0	2.0	16
AVXL	3.9	1.0	1.0	1.0	0.5	0.5	1.0	0.0	0.0	0.0	0.5	1.0	1.5	1.0	1.0	1.0	0.0	2.0	1.0	11
FGA.PA	5.8	0.0	1.0	1.0	1.0	1.0	1.5	1.5	0.5	1.0	0.5	2.0	1.0	1.5	2.0	1.0	1.0	2.0	1.5	16
RES	5.7	0.0	2.0	1.0	2.0	1.0	1.0	1.0	0.5	0.0	1.0	2.0	1.5	2.0	2.0	0.0	1.0	1.5	1.0	18
PWP	4.7	0.0	2.0	1.0	0.0	1.0	1.0	2.0	1.0	1.0	0.5	2.0	1.0	1.0	1.5	0.0	0.0	1.0	1.0	15
NE	5.6	0.0	2.0	1.0	0.0	1.0	0.0	1.5	1.0	1.0	1.5	2.0	1.5	1.5	1.5	0.0	1.5	1.0	2.0	18
CXO.ASX	3.8	1.0	1.0	1.0	1.0	0.0	1.0	2.0	0.0	0.0	0.5	1.0	1.5	1.0	0.0	1.0	0.0	1.5	0.0	13
FCPT	6.0	1.0	1.0	1.0	0.5	2.0	1.0	2.0	2.0	1.5	1.0	1.0	1.5	1.0	0.5	0.0	2.0	0.5	2.0	18
VIK1V.HE	5.8	1.0	1.0	1.0	1.0	1.0	1.0	1.5	0.5	2.0	1.0	1.0	1.5	2.0	2.0	0.0	1.0	1.5	1.0	14
ONIT	5.7	2.0	1.0	1.0	0.0	1.5	1.5	2.0	2.0	0.0	0.5	0.0	2.0	1.0	1.0	1.0	2.0	2.0	0.0	17
POXEL.PA	4.6	1.0	1.0	1.0	1.0	0.0	2.0	2.0	0.0	0.0	1.0	1.0	1.0	1.0	1.0	1.0	0.0	1.5	1.0	11
5706.T	7.4	1.5	1.0	1.0	1.0	1.5	1.5	1.0	1.0	1.0	1.5	2.0	2.0	2.0	2.0	2.0	1.5	2.0	1.0	14
STEM	4.9	1.0	1.0	1.0	2.0	0.0	0.0	1.5	0.0	2.0	1.0	1.0	1.0	0.0	1.5	1.0	0.5	2.0	1.0	14
GNS.US	4.4	1.0	1.0	1.0	1.0	0.5	1.0	1.0	0.0	2.0	0.5	1.0	2.0	1.0	1.0	1.0	0.0	1.0	0.0	13
ENI.MI	7.2	2.0	1.0	1.0	2.0	1.0	1.5	1.0	1.0	0.0	2.0	2.0	1.5	2.0	2.0	2.0	1.0	2.0	1.0	17
BCC	5.4	0.5	2.0	1.0	0.0	1.0	1.0	0.5	0.5	0.5	1.0	2.0	1.5	1.5	2.0	2.0	0.5	1.5	0.5	18
RHI	4.4	0.0	2.0	1.0	1.0	1.0	0.5	1.5	0.0	1.0	1.0	2.0	1.0	0.0	2.0	0.0	0.5	1.0	0.5	18
VRL.DE	3.6	1.0	1.0	1.5	1.0	0.5	1.0	0.0	0.0	1.0	0.5	0.0	0.5	1.0	1.0	1.0	0.0	1.0	1.0	10
ESNT	8.6	2.0	2.0	1.0	1.5	2.0	1.5	2.0	2.0	2.0	1.0	1.5	1.5	2.0	1.5	2.0	2.0	1.5	2.0	18
MRTN	5.4	1.0	2.0	1.0	2.0	1.0	0.5	1.0	0.5	0.0	0.5	2.0	1.5	1.5	2.0	0.0	1.0	1.0	1.0	18
3898.HK	6.9	2.0	1.0	1.0	0.5	1.5	1.0	1.0	1.5	0.5	1.5	1.0	2.0	2.0	2.0	2.0	1.5	2.0	1.0	17
RRL.ASX	8.6	2.0	1.0	1.0	1.0	2.0	2.0	1.5	2.0	2.0	1.5	1.5	1.5	2.0	2.0	2.0	2.0	2.0	2.0	16
ABDN.L	6.8	1.5	1.0	1.0	1.0	2.0	1.0	2.0	1.5	2.0	1.5	0.0	0.0	1.5	1.5	1.5	1.5	2.0	2.0	16
EQPT	5.3	1.5	1.0	1.0	0.0	1.0	2.0	1.5	0.5	0.0	1.5	2.0	1.0	0.5	2.0	1.0	0.5	1.0	1.0	18
DFDS.CO	5.8	1.0	1.0	1.0	2.0	0.5	1.0	0.5	0.5	2.0	0.5	1.0	2.0	1.5	2.0	1.0	0.5	2.0	1.0	16
SYY	5.1	1.5	0.0	1.0	1.0	1.0	1.0	0.5	0.5	1.5	1.5	2.0	0.0	1.5	2.0	2.0	0.5	0.5	0.5	18
CABK.MC	6.2	2.0	1.0	1.0	1.0	2.0	1.5	0.0	2.0	1.0	2.0	2.0	1.5	1.0	1.0	2.0	0.0	1.5	0.0	15
HAPN	6.9	2.0	0.0	1.0	1.5	1.5	1.0	1.5	1.5	2.0	1.0	2.0	1.5	2.0	2.0	1.0	1.5	2.0	0.0	18
WIX.L	5.7	1.5	1.0	1.0	1.0	1.0	1.0	1.5	0.5	2.0	1.5	0.0	0.0	1.5	2.0	1.5	0.5	2.0	1.0	16
TTE.PA	8.1	2.0	1.0	1.0	2.0	1.0	2.0	1.5	1.0	1.5	2.0	2.0	1.5	2.0	2.0	2.0	1.5	1.5	1.5	17
VC	6.5	1.5	0.0	1.0	1.5	1.0	0.5	0.5	0.5	2.0	1.5	2.0	1.5	2.0	2.0	2.0	1.0	2.0	1.0	18
IMVT	3.6	1.0	1.0	1.0	0.0	0.5	1.0	0.0	0.0	0.0	1.5	1.0	0.5	1.0	1.0	1.0	0.0	1.5	1.0	13
ACB	4.2	1.0	1.0	1.0	0.0	0.0	0.5	1.5	0.0	0.0	1.0	1.0	2.0	1.0	2.0	1.0	0.0	2.0	0.0	14
MATX	6.1	1.0	0.0	1.0	2.0	1.5	1.5	1.0	1.5	1.0	0.5	1.5	1.5	1.5	1.5	2.0	1.0	0.5	1.5	18
KD	5.4	0.5	0.0	1.0	0.0	1.0	0.5	1.0	0.5	2.0	1.0	2.0	1.5	2.0	2.0	1.0	0.5	2.0	1.0	18
ATROB	4.7	1.5	1.0	1.0	1.0	1.0	2.0	1.0	1.0	0.5	1.0	1.0	0.0	0.5	1.5	1.0	1.0	0.0	1.0	14
CCNE	6.9	1.5	2.0	1.0	1.0	2.0	2.0	0.0	2.0	1.0	1.0	1.5	1.5	1.0	1.5	2.0	0.0	2.0	2.0	16
IVU.DE	6.4	1.0	1.0	1.0	1.0	1.0	1.5	2.0	0.5	2.0	0.5	1.5	1.0	1.0	1.5	2.0	1.0	1.5	2.0	16
VRCA	3.2	1.0	1.0	1.0	0.0	0.0	0.0	1.5	0.0	0.0	1.0	1.0	0.0	1.0	1.5	1.0	0.0	1.5	0.0	15
FUN.US	5.6	1.0	2.0	1.0	0.0	0.0	0.5	1.5	1.0	2.0	1.5	1.0	0.0	1.5	1.5	1.0	1.5	1.5	1.5	17
OHLA.MC	6.0	2.0	1.0	1.0	1.0	1.0	1.0	1.5	0.5	2.0	0.5	0.0	2.0	2.0	2.0	1.0	0.5	2.0	0.5	16
AVGO	7.1	2.0	2.0	1.0	1.0	2.0	2.0	2.0	2.0	0.5	2.0	2.0	0.0	0.0	0.5	2.0	2.0	0.5	2.0	18
CMP	6.0	2.0	0.0	1.0	2.0	1.0	1.0	0.5	0.5	2.0	0.5	2.0	1.0	2.0	2.0	1.0	1.0	1.0	1.0	18
TRST	6.2	2.0	1.0	1.0	1.0	2.0	1.5	0.0	2.0	1.0	1.0	0.0	1.5	1.0	1.5	2.0	0.0	2.0	2.0	13
DEWA.AE	6.7	1.0	1.0	1.0	0.5	2.0	0.5	1.5	2.0	1.0	1.5	1.0	1.5	1.5	1.0	1.5	2.0	1.5	2.0	17
DEF.DE	6.0	1.0	1.0	1.0	1.0	1.5	1.0	2.0	1.5	1.0	0.5	1.0	1.5	1.0	1.0	2.0	2.0	0.5	1.0	14
SLDP	4.4	1.0	2.0	1.0	1.5	0.5	1.0	0.0	2.0	0.0	0.5	1.0	1.5	1.0	0.0	1.0	0.0	2.0	0.0	15
BV.US	5.6	1.5	2.0	1.0	0.0	1.0	1.0	1.0	0.5	0.0	1.5	1.0	2.0	2.0	2.0	1.0	1.0	0.5	1.0	17
GME.DE	5.6	2.0	1.0	1.0	1.0	0.5	0.0	2.0	0.0	1.5	0.5	1.0	2.0	1.0	2.0	2.0	0.0	2.0	0.5	15
ACCB.BR	6.5	1.0	1.0	1.0	1.0	2.0	0.0	2.0	2.0	0.0	1.0	1.0	2.0	1.5	1.0	1.0	2.0	2.0	2.0	14
GNS.L	5.6	2.0	1.0	1.0	1.0	2.0	0.5	2.0	1.0	1.0	1.5	0.0	0.0	1.0	1.5	2.0	1.0	0.5	1.0	16
GROW.L	5.3	2.0	1.0	1.0	1.0	1.0	1.0	1.0	1.0	1.0	1.0	1.0	1.0	1.0	1.0	1.0	1.0	1.0	1.0	4
LIF	5.1	1.0	1.0	1.0	0.0	2.0	2.0	2.0	0.0	1.0	1.0	1.0	1.0	0.0	1.0	1.0	0.5	1.5	1.5	17
SPSC	6.5	0.0	2.0	1.0	0.5	1.5	1.0	2.0	1.5	1.5	1.5	2.0	1.0	1.0	1.5	1.0	1.5	1.0	2.0	18
JEGI.L	5.3	2.0	1.0	1.0	1.0	1.0	1.0	1.0	1.0	1.0	1.0	1.0	1.0	1.0	1.0	1.0	1.0	1.0	1.0	2
QUIK	3.5	1.0	1.0	1.0	0.0	0.0	2.0	1.0	0.0	0.5	0.5	1.0	0.5	1.0	0.5	1.0	0.0	1.0	0.5	16
CLH	5.8	2.0	0.0	1.0	2.0	1.0	1.5	1.0	1.5	1.0	1.5	1.5	1.0	1.0	1.5	1.0	1.0	0.5	1.0	18
7912.T	6.4	2.0	1.0	1.0	2.0	1.0	1.0	1.0	0.5	1.0	1.0	0.5	1.5	1.5	2.0	2.0	1.0	2.0	1.0	15
TECK	7.8	0.5	1.0	1.0	2.0	1.5	2.0	1.5	2.0	1.5	0.5	2.0	1.5	2.0	1.5	2.0	2.0	1.5	2.0	18
ARR	5.6	0.5	1.0	1.0	0.5	2.0	1.0	2.0	2.0	1.0	0.5	0.0	2.0	1.0	0.0	1.5	0.0	2.0	2.0	14
XERS	5.1	1.0	2.0	1.0	0.0	0.5	2.0	2.0	0.5	1.0	1.0	1.0	1.0	0.0	1.0	1.0	1.0	1.0	1.5	15
SAFE.L	5.7	1.0	1.0	1.0	1.0	2.0	1.0	2.0	2.0	1.5	1.5	0.0	0.0	1.0	1.0	0.0	2.0	0.5	2.0	16
LNTH	6.5	1.0	0.0	1.0	1.5	1.5	1.0	2.0	2.0	1.5	1.0	2.0	1.0	1.0	1.5	1.0	1.5	1.0	2.0	18
LBRT	4.9	0.5	0.0	1.0	0.0	1.0	1.5	0.5	0.5	0.0	1.5	0.0	1.5	2.0	2.0	2.0	1.0	1.5	1.0	18
VXRT	5.4	2.0	1.0	1.0	1.0	1.5	0.0	1.0	0.0	0.0	0.5	1.0	1.5	2.0	2.0	1.0	1.0	2.0	1.0	15
MQ	6.5	1.0	0.0	1.0	2.0	1.0	1.5	2.0	0.5	2.0	1.5	2.0	1.5	0.0	2.0	1.0	0.5	2.0	2.0	18
RMNI	6.2	2.0	1.0	1.0	0.0	1.0	1.0	2.0	0.5	2.0	0.5	2.0	1.0	1.5	2.0	1.0	0.5	2.0	1.5	16
PFG	6.9	1.5	0.0	1.0	1.5	1.0	1.0	1.5	1.0	1.0	1.5	2.0	1.5	1.5	2.0	2.0	1.0	2.0	2.0	18
RPRX	6.8	1.5	2.0	1.0	1.5	2.0	1.5	2.0	1.5	0.0	1.0	2.0	1.0	0.5	0.5	2.0	2.0	0.5	2.0	18
OVLY	6.4	1.5	1.0	1.0	1.0	2.0	1.0	0.0	2.0	1.0	1.0	1.0	1.5	1.0	2.0	2.0	0.0	2.0	2.0	12
LIDR	4.2	1.0	1.0	1.0	0.0	0.5	2.0	0.0	0.0	0.0	0.5	1.0	2.0	2.0	1.0	1.0	0.0	2.0	0.0	15
ALX	6.0	0.5	1.0	1.0	1.0	2.0	1.0	1.5	2.0	1.0	0.5	0.0	1.0	1.0	1.0	2.0	2.0	2.0	1.0	17
PIPR	6.0	1.5	0.0	1.0	0.0	1.5	2.0	2.0	1.5	1.0	0.5	2.0	1.0	1.0	1.5	2.0	0.0	1.5	1.5	16
CTS	6.5	1.5	1.0	1.0	1.0	1.5	1.0	1.5	1.5	1.0	0.5	1.5	1.5	1.5	1.5	2.0	1.5	1.0	1.5	17
ALFA.L	6.0	1.0	1.0	1.0	1.0	2.0	1.0	2.0	2.0	1.0	1.0	0.0	0.0	1.5	1.5	2.0	1.5	0.5	1.5	16
TOST	5.4	2.0	0.0	1.0	1.5	1.0	2.0	1.0	0.5	1.0	2.0	2.0	0.5	0.0	1.5	1.0	0.5	1.0	1.0	18
MSDL	5.8	1.0	2.0	1.0	0.5	1.5	0.0	2.0	2.0	1.5	1.0	2.0	2.0	1.0	1.0	0.0	0.0	0.5	2.0	17
CBOE	7.5	1.0	1.0	1.0	1.5	2.0	2.0	2.0	2.0	1.0	1.5	1.5	1.0	1.5	1.0	2.0	2.0	1.0	2.0	18
TCMD	5.7	0.0	2.0	1.0	0.0	1.0	1.0	2.0	0.5	1.0	0.5	2.0	1.5	1.5	2.0	1.0	1.0	1.5	1.0	18
AMZN.24-7	6.1	1.5	1.0	1.0	1.5	1.5	1.5	2.0	1.0	0.5	2.0	0.5	1.0	1.0	1.5	1.0	1.5	0.5	1.5	17
IP.US	5.1	1.0	2.0	1.0	0.0	0.0	0.5	1.0	0.5	2.0	1.5	1.0	1.5	2.0	2.0	0.0	1.0	0.5	1.0	17
MCD	6.4	1.0	0.0	1.0	0.5	2.0	1.0	2.0	2.0	1.0	2.0	1.5	1.0	1.0	1.0	2.0	2.0	0.0	2.0	17
BMY.L	5.4	1.0	1.0	1.0	1.0	1.0	0.5	2.0	1.0	1.5	1.0	0.0	0.0	1.5	2.0	2.0	1.0	1.0	1.0	16
PPTA	3.5	1.0	0.0	1.0	0.0	0.5	1.0	0.0	0.0	0.0	1.0	1.0	1.0	1.0	1.0	1.0	0.0	2.0	1.0	13
URGN	4.2	1.0	0.0	1.0	2.0	0.0	2.0	2.0	0.5	0.0	1.0	1.0	1.0	1.0	0.5	1.0	0.0	1.0	0.0	15
7272.T	6.7	2.0	1.0	1.0	2.0	1.0	1.5	1.0	1.0	1.0	1.5	0.5	1.5	1.5	2.0	2.0	0.5	2.0	1.0	17
API.L	4.6	1.0	1.0	1.0	1.0	0.5	1.0	0.0	0.0	2.0	1.0	1.0	0.0	1.0	1.0	2.0	0.0	2.0	1.0	9
01055.HK	5.1	2.0	1.0	1.0	1.0	0.5	1.0	0.0	0.0	0.0	1.5	1.0	1.5	1.0	2.0	1.0	0.5	2.0	1.5	15
MB.MI	6.0	1.5	1.0	1.0	1.0	2.0	1.5	0.0	2.0	1.0	0.5	2.0	1.5	1.0	0.0	1.5	0.0	2.0	2.0	14
2871.T	6.1	1.0	1.0	1.0	1.0	1.0	2.0	0.5	0.5	1.0	1.0	2.0	1.5	1.5	2.0	2.0	0.5	1.5	1.0	14
ALEMG.PA	5.8	2.0	1.0	1.0	1.0	0.5	1.5	0.5	0.5	1.0	1.0	1.0	2.0	1.5	2.0	1.0	0.5	2.0	1.0	12
ASX.ASX	6.9	1.0	1.0	1.0	1.0	2.0	1.5	2.0	2.0	0.0	1.5	1.5	1.5	1.5	1.0	1.0	2.0	2.0	1.5	16
WIHL.ST	6.8	1.0	1.0	1.0	1.0	2.0	1.0	2.0	2.0	1.5	1.0	1.0	2.0	1.0	0.5	2.0	2.0	0.5	2.0	16
SINT	4.9	1.0	1.0	1.0	2.0	0.5	2.0	2.0	0.0	0.0	0.5	1.0	1.5	1.0	1.0	1.0	0.0	2.0	0.0	15
BMRC	5.6	0.5	2.0	1.0	1.5	0.0	2.0	0.0	2.0	1.0	1.0	1.0	1.5	1.0	1.5	0.0	0.0	2.0	2.0	15
JOE	6.4	1.0	1.0	1.0	1.0	2.0	2.0	1.5	2.0	1.0	1.0	0.0	1.0	1.0	1.0	2.0	2.0	0.5	2.0	15
WKHS	4.0	1.0	1.0	1.0	1.0	0.0	2.0	0.0	0.0	0.0	0.5	1.0	1.5	1.0	1.5	1.0	0.0	2.0	0.0	14
OCGN	3.5	1.0	1.0	1.0	1.0	0.5	1.0	0.0	0.0	0.0	1.0	1.0	1.0	1.0	0.0	1.0	0.0	2.0	0.0	15
TDW	6.1	1.0	0.0	1.0	0.0	1.5	1.0	1.5	1.5	2.0	1.0	1.5	1.5	1.5	1.5	1.0	1.5	1.5	1.5	18
ABBN.ZU	6.4	1.5	1.0	1.0	2.0	1.5	1.5	1.5	1.5	0.5	2.0	2.0	0.0	0.5	1.5	2.0	1.0	0.5	1.5	17
BHP.L	6.8	1.0	1.0	1.0	1.0	1.5	1.5	2.0	2.0	1.5	1.5	0.0	0.0	2.0	1.5	1.5	2.0	1.5	2.0	16
REA	4.4	1.0	1.0	1.0	1.0	0.5	1.0	0.0	0.0	1.0	1.0	1.0	1.5	1.0	1.0	1.0	0.0	2.0	1.0	10
ZEG.L	6.5	1.0	1.0	1.0	1.0	0.5	1.0	2.0	1.0	2.0	1.5	1.0	1.0	2.0	1.5	1.0	1.5	1.5	2.0	12
CYH	5.7	1.0	2.0	1.0	0.0	1.0	0.5	1.5	0.5	2.0	1.0	1.0	1.0	1.5	2.0	1.0	1.0	2.0	0.5	16
ABCL	3.1	1.0	1.0	1.0	1.5	0.0	0.0	0.0	0.0	0.0	1.0	1.0	1.0	1.0	0.0	1.0	0.0	1.5	0.0	16
PKX	5.7	2.0	1.0	1.0	1.0	1.0	1.0	0.0	0.5	0.0	0.5	2.0	1.5	2.0	2.0	2.0	0.5	2.0	0.5	16
TPVG	4.9	0.5	1.0	1.0	0.0	2.0	0.5	2.0	2.0	2.0	0.5	0.0	2.0	1.0	1.0	1.0	0.0	1.0	0.0	16
AQST	3.9	1.0	1.0	1.0	0.0	0.0	2.0	2.0	0.0	0.0	1.0	1.0	1.0	1.0	0.5	1.0	0.0	1.5	0.0	14
OC	5.8	1.0	0.0	1.0	0.0	0.5	1.0	1.0	1.5	2.0	1.5	1.0	1.5	2.0	2.0	2.0	1.0	0.5	1.5	17
ALODC.PA	6.0	1.5	1.0	1.0	1.0	1.0	1.5	0.5	0.5	1.0	0.5	2.0	1.5	2.0	2.0	2.0	0.5	1.5	0.5	16
AAP	6.2	2.0	2.0	1.0	0.0	1.0	0.5	1.5	0.5	0.0	1.5	2.0	1.5	2.0	2.0	2.0	0.5	2.0	0.5	18
DY	5.4	0.5	0.0	1.0	0.5	1.0	2.0	1.0	1.0	1.0	1.5	2.0	1.0	1.5	2.0	1.0	1.0	0.5	1.0	18
PH	6.1	0.5	2.0	1.0	1.0	1.5	1.0	1.5	1.5	1.0	2.0	2.0	0.5	0.5	1.0	2.0	1.5	0.0	1.5	18
GRAB	5.6	2.0	0.0	1.0	0.0	1.5	2.0	1.5	0.5	1.0	2.0	1.5	1.5	0.5	1.5	1.0	0.5	2.0	0.0	18
MHK	7.5	2.0	2.0	1.0	2.0	1.0	1.0	1.0	1.0	2.0	1.5	2.0	2.0	2.0	2.0	1.0	1.0	1.5	1.0	18
IVZ.US	7.1	2.0	0.0	1.0	2.0	0.5	2.0	1.0	1.5	2.0	1.5	1.0	1.5	1.5	1.5	2.0	1.5	1.0	2.0	17
ANE.MC	5.7	0.0	1.0	1.0	1.0	1.0	0.0	2.0	0.5	0.0	2.0	2.0	1.5	1.5	1.5	2.0	1.5	1.0	1.0	16
SSIT.L	5.3	2.0	1.0	1.0	1.0	1.0	1.0	1.0	1.0	1.0	1.0	1.0	1.0	1.0	1.0	1.0	1.0	1.0	1.0	2
UTL	5.7	0.5	2.0	1.0	0.0	1.0	1.5	1.5	1.0	0.0	0.5	1.5	1.5	1.5	1.5	2.0	1.5	0.5	1.5	18
GFIN.L	3.1	0.0	1.0	1.0	1.0	0.0	1.0	0.5	0.0	0.0	1.0	0.0	1.0	1.0	1.5	1.0	0.0	1.0	0.0	14
IPH.PA	3.3	1.0	1.0	1.0	1.0	0.5	1.5	0.0	0.0	0.0	0.5	1.0	1.0	1.0	0.5	1.0	0.0	1.0	0.0	13
SMR.ASX	5.3	1.0	1.0	1.0	1.0	0.5	1.5	2.0	0.0	2.0	0.5	1.0	1.0	1.0	2.0	0.0	1.0	1.0	1.5	14
ADS.DE	6.9	2.0	1.0	1.0	1.0	1.0	1.5	2.0	1.0	1.0	2.0	2.0	1.0	1.5	2.0	2.0	1.0	1.0	1.0	17
PAG	4.6	1.0	0.0	1.0	1.5	1.0	1.0	0.5	0.5	0.5	1.0	1.0	1.5	1.0	2.0	2.0	0.5	0.0	0.5	18
WIB.DE	5.7	0.5	1.0	1.0	1.0	1.0	1.5	1.0	0.5	2.0	1.0	1.0	2.0	1.5	2.0	0.0	1.0	1.5	1.0	14
HUBS	6.1	2.0	2.0	1.0	0.0	1.0	1.5	2.0	0.5	1.5	2.0	2.0	0.5	0.0	1.5	1.0	0.5	1.5	1.5	18
VGP.BR	7.1	2.0	1.0	1.0	1.0	2.0	1.5	2.0	2.0	2.0	1.0	0.0	2.0	0.5	0.5	2.0	2.0	2.0	1.0	16
LNA.PA	5.7	1.5	1.0	1.0	1.0	1.0	1.0	1.0	0.5	1.0	0.5	2.0	2.0	1.0	1.0	2.0	1.0	1.0	1.0	11
SEQUA.BR	3.9	1.0	1.0	1.0	1.0	0.5	1.0	0.0	0.0	0.0	1.0	1.0	1.0	1.0	1.0	1.0	0.0	1.5	1.0	8
HRTX	3.9	1.0	1.0	1.0	0.0	0.0	1.0	2.0	0.0	0.0	0.5	1.0	0.5	1.0	2.0	1.0	0.0	2.0	0.0	15
ISRG	6.1	1.0	0.0	1.0	1.5	2.0	1.5	2.0	2.0	0.5	2.0	2.0	0.5	0.0	0.5	1.0	2.0	0.5	2.0	18
4751.T	5.8	1.5	1.0	1.0	0.0	1.0	1.0	1.0	0.5	1.0	1.5	0.0	1.5	2.0	2.0	2.0	1.0	2.0	1.0	15
SUP.L	6.2	2.0	1.0	1.0	1.0	1.0	1.5	1.0	1.0	2.0	0.5	2.0	0.0	2.0	2.0	2.0	1.0	0.5	1.0	16
DV	6.7	2.0	1.0	1.0	0.0	1.0	1.0	2.0	1.0	1.5	1.5	2.0	1.5	1.5	1.5	1.0	1.0	1.5	2.0	18
DAL	6.7	2.0	0.0	1.0	2.0	1.0	1.5	0.5	0.5	1.5	2.0	2.0	1.5	1.5	2.0	2.0	1.0	1.0	1.0	18
ULC.DE	4.7	2.0	1.0	1.0	1.0	1.0	0.5	1.5	0.5	0.0	1.0	0.5	1.5	1.5	2.0	1.0	0.5	0.0	0.5	15
PIHLIS.HE	5.6	2.0	1.0	1.0	0.0	1.0	0.0	1.0	0.5	2.0	0.5	1.5	1.5	1.5	2.0	2.0	0.5	1.0	1.0	17
HLMN	5.8	0.5	1.0	1.0	1.5	1.0	1.0	1.5	1.0	1.0	1.0	2.0	1.5	1.5	2.0	1.0	1.0	0.5	1.0	17
01928.HK	4.9	2.0	1.0	1.0	0.0	1.5	1.5	2.0	1.0	0.5	1.5	0.0	0.5	0.0	0.5	1.0	1.5	0.0	2.0	17
FRMI	4.3	1.0	1.0	1.0	2.0	0.5	1.0	0.0	0.0	1.0	1.0	1.0	1.5	1.0	1.0	1.0	0.0	0.5	1.0	11
MORN	6.8	1.0	1.0	1.0	1.5	1.5	1.0	2.0	1.5	1.5	0.5	2.0	0.5	1.5	1.5	2.0	1.5	1.0	2.0	18
SDF.ASX	6.4	1.0	1.0	1.0	1.0	1.5	0.5	1.5	2.0	1.0	1.0	2.0	1.5	1.5	1.5	1.0	1.5	1.0	1.5	16
00017.HK	5.0	2.0	1.0	1.0	1.0	0.0	0.0	1.0	1.0	0.0	1.5	1.0	2.0	0.0	1.0	1.0	0.5	2.0	2.0	15
DBI	5.6	1.0	0.0	1.0	0.5	1.0	0.5	1.5	0.5	2.0	0.5	2.0	1.5	1.5	2.0	1.5	0.5	1.5	1.0	18
6185.HK	4.7	0.0	1.0	1.0	1.0	1.0	2.0	2.0	0.5	0.0	0.5	2.0	1.5	0.0	1.0	1.0	0.5	2.0	0.0	16
INTRUM.ST	6.2	0.5	1.0	1.0	2.0	0.0	0.5	2.0	2.0	0.0	0.5	1.0	2.0	1.5	1.5	1.0	2.0	2.0	2.0	16
7735.T	6.4	1.5	1.0	1.0	2.0	1.5	0.0	1.5	1.0	0.5	1.5	2.0	1.0	1.0	1.5	2.0	1.5	1.0	1.5	17
RGP	5.0	2.0	2.0	1.0	0.0	0.5	0.0	1.5	0.0	2.0	0.5	1.0	2.0	1.0	2.0	0.0	0.0	2.0	0.5	17
ALCOF.PA	6.7	2.0	1.0	1.0	1.0	1.0	0.5	1.5	0.5	2.0	1.0	1.0	2.0	2.0	2.0	2.0	0.5	2.0	1.0	14
CC.US	4.4	1.0	0.0	1.0	0.0	0.5	0.5	0.5	0.5	2.0	1.0	1.0	1.0	1.5	2.0	0.0	0.5	2.0	1.0	16
TRNS	5.6	0.0	2.0	1.5	2.0	1.0	2.0	1.0	0.5	1.0	0.5	2.0	1.5	0.5	1.5	1.0	1.0	0.0	1.0	18
DIOD	6.5	2.0	2.0	1.0	2.0	1.0	2.0	1.0	0.5	1.0	0.5	2.0	1.5	1.0	1.5	1.0	1.0	1.0	1.5	18
PFD.L	6.4	1.5	1.0	1.0	1.0	1.5	1.0	1.5	1.5	1.5	1.0	0.0	0.0	2.0	2.0	2.0	1.5	1.5	1.5	16
CPRT	6.5	0.5	0.0	1.0	0.5	2.0	1.0	1.5	2.0	1.0	1.5	1.5	1.5	1.5	1.5	1.0	2.0	1.5	2.0	18
HCC	6.0	1.0	0.0	1.0	0.0	1.5	2.0	1.0	1.5	0.0	1.0	2.0	1.5	1.5	1.5	2.0	1.5	1.0	1.5	18
DEA	6.8	0.0	2.0	1.0	2.0	1.0	1.0	2.0	2.0	2.0	1.0	2.0	2.0	1.5	1.0	0.0	2.0	0.0	2.0	18
CRN.ASX	4.3	1.0	1.0	1.0	1.0	0.0	1.0	0.5	0.0	0.0	1.0	1.0	2.0	1.0	2.0	1.0	0.0	2.0	0.0	14
2768.T	5.6	2.0	1.0	1.0	1.0	1.0	2.0	0.5	0.5	0.0	1.0	1.5	1.5	0.5	2.0	2.0	0.5	2.0	0.0	16
BIO.US	5.3	0.0	2.0	1.0	0.0	1.0	0.5	2.0	1.0	1.0	0.5	1.5	1.5	0.5	1.5	1.0	1.0	1.5	1.5	18
PSX	6.2	2.0	0.0	1.0	2.0	1.0	2.0	0.5	1.0	1.0	1.5	2.0	1.0	1.5	2.0	2.0	0.5	0.5	1.0	18
ARCO	6.2	2.0	1.0	1.0	1.0	1.0	1.5	0.5	0.5	2.0	1.0	0.0	1.5	2.0	2.0	2.0	1.0	1.5	1.0	17
BNS	6.0	1.5	1.0	1.0	1.5	2.0	1.5	0.0	2.0	1.0	0.5	2.0	1.5	1.0	1.0	2.0	0.0	2.0	0.0	15
ACLN.ZU	5.8	0.5	1.0	1.0	1.0	1.5	2.0	1.5	2.0	0.5	1.0	2.0	0.0	1.0	1.0	1.5	1.5	0.5	1.5	16
GM	6.8	2.0	0.0	1.0	2.0	1.0	1.0	0.5	0.5	2.0	2.0	2.0	1.5	1.5	2.0	2.0	0.5	2.0	1.0	18
TATE.L	5.7	2.0	1.0	1.0	1.0	1.0	1.0	1.5	1.0	1.5	1.5	0.0	0.0	1.5	2.0	1.0	1.0	1.5	1.0	16
ALC.ZU	7.1	1.5	2.0	1.0	1.0	1.0	1.0	2.0	1.0	1.0	1.5	2.0	1.5	1.5	1.5	2.0	1.5	1.0	1.5	18
KURA	3.9	1.0	0.0	1.0	2.0	0.5	2.0	0.0	0.0	0.0	1.5	1.0	0.0	1.0	1.0	1.0	0.0	2.0	0.0	16
FUTU	7.1	1.5	2.0	1.0	0.5	2.0	2.0	2.0	2.0	1.0	1.5	2.0	1.0	1.0	1.0	2.0	0.0	2.0	1.0	15
MMS.ASX	6.4	2.0	1.0	1.0	1.0	1.5	1.0	2.0	2.0	1.5	1.0	1.5	0.0	1.5	1.5	1.0	2.0	1.0	0.5	15
BYND	4.2	0.0	0.0	1.0	2.0	2.0	0.5	0.5	0.0	0.0	0.5	1.0	1.5	1.0	2.0	1.0	0.0	2.0	0.0	17
HYLN	3.6	1.0	1.0	1.0	2.0	0.5	2.0	0.0	0.0	0.0	0.5	1.0	1.0	1.0	0.0	1.0	0.0	1.0	0.0	15
CBZ	5.7	1.5	2.0	1.0	1.0	1.0	0.5	0.5	0.5	2.0	0.5	2.0	1.5	1.5	2.0	1.0	1.0	0.0	1.0	18
MS	7.1	1.0	1.0	1.0	2.0	2.0	2.0	2.0	2.0	1.0	2.0	1.5	1.5	1.0	1.5	2.0	0.0	2.0	0.0	16
CAT	6.4	1.5	1.0	1.0	2.0	1.5	2.0	1.0	1.5	0.5	2.0	2.0	0.0	0.5	1.0	2.0	1.5	0.5	1.5	18
KEYS.L	4.9	1.0	1.0	1.0	1.0	1.0	2.0	1.0	1.0	1.0	0.5	0.0	0.0	1.0	2.0	1.5	1.0	0.5	1.0	16
AGMH	4.4	2.0	1.0	1.0	1.0	1.0	0.0	0.5	0.0	0.0	1.0	1.0	2.0	1.0	2.0	1.0	0.0	1.5	0.0	14
HOMB	6.0	0.5	1.0	1.0	1.5	2.0	1.0	0.0	2.0	1.0	1.0	1.5	1.5	1.0	1.0	2.0	0.0	1.5	2.0	16
FEVR.L	4.4	0.5	1.0	1.0	1.0	1.0	1.5	1.0	0.5	1.0	1.5	0.0	0.0	0.5	1.5	1.0	1.0	1.0	1.0	16
RH	5.7	2.0	1.0	1.0	0.0	1.0	1.0	1.5	0.5	2.0	1.5	2.0	0.0	1.0	2.0	1.0	1.0	1.0	1.0	17
ROAD	6.0	1.0	2.0	1.0	2.0	1.0	2.0	0.5	1.0	0.5	1.0	2.0	1.0	1.5	1.5	1.0	1.0	0.5	1.0	18
0656.HK	4.6	0.0	1.0	1.0	1.0	0.0	0.5	1.0	0.5	0.5	0.5	1.0	2.0	1.0	2.0	1.0	0.0	2.0	1.5	15
2269.T	5.7	2.0	1.0	1.0	0.5	1.0	1.0	1.0	0.5	0.0	1.5	2.0	1.5	1.5	2.0	1.0	1.0	1.0	1.0	17
DLN.L	5.0	0.0	1.0	1.0	1.0	1.5	1.0	1.5	2.0	1.0	1.5	0.0	0.0	0.5	1.0	0.0	2.0	1.0	2.0	16
SFER.MI	6.1	1.5	1.0	1.0	1.0	1.0	0.5	2.0	0.5	2.0	1.5	2.0	1.5	0.0	2.0	1.0	0.5	1.5	1.5	16
GEA.PA	6.4	1.0	1.0	1.0	1.0	1.0	0.0	1.5	1.0	2.0	1.0	1.0	1.5	1.5	2.0	2.0	0.5	2.0	2.0	14
OMAB	7.8	2.0	1.0	1.0	0.5	2.0	1.0	2.0	2.0	2.0	1.0	2.0	0.5	2.0	2.0	1.0	2.0	2.0	2.0	17
ARBE	3.8	1.0	1.0	1.0	1.0	0.5	2.0	0.0	0.0	0.0	0.5	1.0	1.5	1.0	0.0	1.0	0.0	2.0	0.0	16
SFWL	6.1	2.0	1.0	1.0	1.0	1.0	1.5	0.0	0.5	2.0	1.0	1.0	2.0	2.0	2.0	1.0	0.5	2.0	0.5	14
TCPC	5.7	2.0	2.0	1.0	0.0	0.0	0.0	2.0	2.0	2.0	0.5	1.0	2.0	1.0	1.0	0.0	0.0	2.0	2.0	16
7832.T	6.0	0.0	1.0	1.0	2.0	1.5	1.0	1.5	1.5	1.0	1.5	0.0	1.0	1.5	1.5	2.0	1.0	1.5	1.0	15
YUMC	7.2	2.0	2.0	1.0	1.0	1.0	1.5	1.0	1.0	1.5	2.0	1.5	1.5	1.5	2.0	2.0	1.0	1.5	1.0	18
BRAV.ST	5.7	2.0	1.0	1.0	2.0	1.0	1.0	0.5	0.5	1.0	1.0	1.5	1.0	1.0	2.0	2.0	0.5	0.5	1.0	17
JTKWY	4.6	1.0	1.0	1.0	1.0	0.0	0.5	1.0	0.0	0.5	1.0	1.0	2.0	0.0	2.0	1.0	0.5	2.0	1.0	12
VOD	6.0	2.0	1.0	1.0	1.0	0.5	1.0	1.0	0.5	2.0	0.5	1.0	1.5	1.5	1.5	0.0	1.5	2.0	2.0	14
RYAN	6.0	0.0	1.0	1.0	0.5	1.0	1.0	1.5	2.0	1.5	1.5	2.0	0.5	1.5	1.5	1.5	1.5	0.5	1.5	18
8253.T	6.7	2.0	1.0	1.0	2.0	1.5	1.0	2.0	2.0	1.0	1.0	0.0	2.0	0.5	1.0	2.0	1.5	1.5	1.0	15
MAB1.L	4.4	1.5	1.0	1.0	1.0	1.0	1.0	1.0	0.5	1.0	0.5	0.0	0.0	1.0	2.0	1.0	0.0	1.5	1.0	14
GKP.L	4.9	1.0	1.0	1.0	1.0	1.5	0.5	1.5	1.0	0.0	0.5	0.0	0.0	2.0	1.5	0.0	2.0	1.5	1.5	16
MPAA	5.1	2.0	1.0	1.0	2.0	0.5	0.0	1.0	0.5	0.0	0.5	1.0	2.0	2.0	2.0	1.0	0.5	1.5	0.0	16
ALRPD.PA	4.0	1.0	1.0	1.0	1.0	0.5	2.0	1.0	0.0	0.0	1.0	1.0	1.0	1.0	0.0	1.0	0.0	2.0	0.0	13
CTY1S.HE	6.2	0.5	1.0	1.0	1.0	2.0	1.0	2.0	2.0	0.0	1.0	0.0	2.0	1.5	1.0	1.5	2.0	1.0	2.0	15
BMS.L	5.3	0.5	1.0	1.0	1.0	1.0	1.0	0.5	1.0	2.0	0.5	0.0	0.0	2.0	2.0	1.5	1.0	2.0	1.0	16
NACON.PA	5.8	1.0	1.0	1.0	1.0	0.0	0.5	2.0	0.0	2.0	1.0	1.0	2.0	1.0	1.0	1.0	1.5	2.0	2.0	11
BLZE	4.7	1.0	1.0	1.0	2.0	0.0	1.5	2.0	0.0	1.0	1.0	1.0	0.5	0.0	1.0	1.0	0.5	1.0	1.5	15
1398.HK	6.0	1.5	1.0	1.0	2.0	2.0	1.0	0.0	2.0	1.0	1.5	0.5	2.0	1.0	1.0	2.0	0.0	2.0	0.0	15
GRG.L	5.8	1.5	1.0	1.0	1.0	1.0	1.0	2.0	0.5	1.5	1.5	0.0	0.0	2.0	2.0	2.0	1.0	0.5	1.5	16
SITC	4.4	0.0	1.0	1.0	1.0	2.0	0.0	2.0	0.0	0.0	0.5	1.0	2.0	1.0	1.0	1.0	0.5	2.0	0.0	16
BDT.DE	4.6	1.0	1.0	1.0	1.0	0.5	0.5	0.0	0.0	1.0	0.5	1.0	2.0	1.0	2.0	1.0	0.0	2.0	1.0	13
CYR.DE	4.0	1.0	1.0	1.0	1.0	0.5	1.5	2.0	0.0	0.0	0.5	1.0	1.5	0.0	1.5	1.0	0.5	0.5	0.0	14
ATRLJb.ST	6.1	0.0	1.0	1.0	1.0	1.5	1.0	2.0	2.0	2.0	1.0	2.0	2.0	0.5	0.5	0.0	2.0	0.5	2.0	16
CRNT	5.6	2.0	0.0	1.0	0.0	0.5	1.5	1.0	0.5	2.0	1.0	1.0	1.5	2.0	2.0	1.0	0.5	1.5	1.0	17
INCLU.BR	6.2	2.0	1.0	1.0	1.0	2.0	1.0	2.0	2.0	2.0	0.5	0.0	2.0	0.5	0.5	2.0	2.0	0.0	1.0	16
ESLT	4.9	0.0	1.0	1.0	1.5	1.0	1.5	1.0	1.0	0.0	1.0	2.0	0.5	0.0	1.5	2.0	1.0	0.5	1.0	17
NIC	6.0	1.0	0.0	1.0	0.5	2.0	2.0	0.0	2.0	1.0	1.0	2.0	1.5	1.0	1.0	2.0	0.0	1.5	2.0	16
SKISb.ST	6.1	0.5	1.0	1.0	0.5	1.5	1.0	2.0	1.5	1.0	0.5	1.5	1.5	1.5	1.5	2.0	1.5	0.0	2.0	17
HALO	6.2	0.5	0.0	1.0	1.5	2.0	2.0	2.0	2.0	1.0	1.0	2.0	0.0	1.0	1.0	1.0	2.0	0.5	2.0	18
AXP	6.7	1.5	1.0	1.0	0.5	1.5	1.5	2.0	1.5	1.0	2.0	1.5	0.5	1.0	1.5	2.0	0.0	2.0	2.0	16
GOZ.ASX	6.4	0.5	1.0	1.0	1.0	2.0	1.0	2.0	2.0	1.5	1.0	2.0	2.0	1.0	0.5	0.0	2.0	0.5	2.0	16
HDN.ASX	6.8	2.0	1.0	1.0	1.0	2.0	2.0	2.0	2.0	1.5	1.5	0.0	2.0	1.0	1.0	2.0	0.0	0.5	2.0	15
8697.T	3.6	0.0	1.0	1.0	1.0	0.5	1.0	0.0	2.0	1.0	1.0	1.0	0.5	1.0	0.5	0.0	0.0	0.5	1.0	13
2HRA.DE	5.8	0.0	1.0	1.0	1.0	1.0	2.0	1.0	1.0	0.0	0.5	2.0	2.0	2.0	2.0	1.0	0.5	2.0	1.0	16
CBRS	4.4	1.0	1.0	1.0	1.0	0.0	2.0	1.0	0.0	1.0	1.5	1.0	1.0	1.0	0.0	1.0	0.0	1.5	1.0	13
2282.T	6.0	0.0	1.0	1.0	1.5	1.0	1.0	0.5	0.5	1.0	1.0	2.0	2.0	2.0	2.0	2.0	0.5	2.0	0.5	16
REPL	3.2	1.0	0.0	1.0	0.0	0.5	1.0	0.0	0.0	0.0	1.0	1.0	0.5	1.0	1.0	1.0	0.0	1.5	1.0	13
DCTH	6.5	1.0	2.0	1.0	2.0	1.0	2.0	2.0	1.0	1.0	1.0	2.0	1.0	1.0	1.5	1.0	0.0	1.5	1.5	18
VINP	7.6	1.5	1.0	1.0	0.0	2.0	1.5	2.0	2.0	2.0	1.0	2.0	1.5	2.0	2.0	1.0	1.5	2.0	1.5	17
META.EUR	7.4	2.0	2.0	1.0	0.0	2.0	2.0	2.0	2.0	0.5	2.0	2.0	0.5	1.0	1.0	2.0	2.0	0.5	2.0	18
TPL	5.4	0.0	1.0	1.0	0.5	2.0	2.0	2.0	2.0	0.0	0.5	2.0	0.0	0.0	0.0	2.0	2.0	0.5	2.0	17
LFTO	7.1	0.0	1.0	1.0	1.0	1.0	2.0	2.0	2.0	1.5	1.5	2.0	1.0	1.5	1.5	1.0	2.0	1.5	2.0	15
ABB.ASX	6.0	0.5	1.0	1.0	1.0	1.0	1.5	0.5	0.5	1.0	1.5	2.0	1.5	1.5	2.0	2.0	1.0	1.0	1.0	16
2318.HK	7.4	2.0	1.0	1.0	1.0	1.5	1.0	1.5	2.0	2.0	1.5	0.5	2.0	1.0	1.0	2.0	1.5	2.0	2.0	16
PSIX	5.4	2.0	1.0	1.0	0.0	1.5	0.0	1.0	1.5	1.0	0.5	1.5	1.0	1.5	2.0	1.0	1.0	1.0	1.0	17
TOON	6.0	2.0	1.0	1.0	1.0	2.0	0.0	1.0	0.0	2.0	1.0	1.0	1.5	1.0	2.0	1.0	0.0	2.0	2.0	14
UPS	5.4	1.5	0.0	1.0	0.0	1.0	1.0	1.0	1.0	1.5	2.0	2.0	1.0	1.5	2.0	0.0	1.0	1.0	1.0	18
SYNA	5.0	2.0	2.0	1.0	1.0	0.0	1.0	1.5	0.0	1.0	1.0	1.0	1.0	0.0	1.5	1.0	0.5	1.5	1.0	17
OPAL	5.0	1.0	1.0	1.0	2.0	1.0	1.0	1.0	0.5	0.0	1.0	1.0	1.5	0.0	1.5	1.0	0.5	2.0	1.0	16
NTRS	6.5	2.0	0.0	1.0	1.5	2.0	2.0	0.0	2.0	1.0	1.5	1.5	1.5	1.0	1.5	2.0	0.0	2.0	1.0	16
KNSL	6.8	2.0	0.0	1.0	1.0	2.0	1.5	1.0	2.0	2.0	1.0	0.5	1.0	1.5	1.5	2.0	2.0	0.5	2.0	18
PLMR	6.4	1.0	0.0	1.0	1.0	1.5	2.0	1.0	1.5	2.0	1.0	2.0	1.0	1.5	1.5	1.0	1.5	0.5	2.0	18
SVS.L	5.7	1.0	1.0	1.0	1.0	1.0	1.0	2.0	0.5	2.0	1.0	0.0	0.0	1.5	2.0	2.0	0.5	2.0	1.0	16
AM	6.4	1.0	0.0	1.0	2.0	2.0	1.0	2.0	2.0	1.0	1.0	2.0	1.0	1.0	1.0	0.0	2.0	1.0	2.0	15
BBWI	6.8	2.0	2.0	1.0	0.0	1.5	0.5	1.5	1.0	2.0	1.5	0.0	1.0	2.0	2.0	2.0	1.0	2.0	1.5	17
QFIN	7.6	2.0	1.0	1.0	0.0	2.0	0.0	2.0	2.0	2.0	1.5	2.0	2.0	1.0	1.0	2.0	2.0	2.0	2.0	18
MRL.LS	7.1	1.0	1.0	1.0	1.0	2.0	1.5	2.0	2.0	1.0	1.0	1.0	2.0	0.5	0.5	2.0	2.0	2.0	2.0	14
1308.HK	5.4	1.5	1.0	1.0	1.0	2.0	1.5	1.5	2.0	0.5	1.0	0.0	1.0	0.0	0.0	1.5	2.0	0.0	2.0	16
ETTE.HE	6.5	2.0	1.0	1.0	2.0	1.0	0.5	1.0	0.5	2.0	0.5	2.0	1.5	1.5	2.0	2.0	0.5	1.5	1.0	17
ATLX	4.0	1.0	1.0	1.0	1.0	0.5	1.0	2.0	0.0	0.0	0.5	1.0	1.5	1.0	0.0	1.0	0.0	2.0	0.0	13
991.HK	6.0	1.5	1.0	1.0	1.0	1.0	1.0	0.5	1.5	0.0	0.5	0.0	1.5	2.0	1.5	2.0	1.5	2.0	2.0	16
MELE.BR	6.0	1.0	1.0	1.0	1.5	1.5	1.0	1.5	1.5	1.0	1.5	2.0	0.5	1.0	1.5	0.0	1.5	0.5	2.0	17
BLBD	5.7	2.0	2.0	1.0	0.0	1.5	2.0	1.0	1.0	0.0	1.0	0.0	1.5	1.5	2.0	1.0	1.0	1.0	1.0	18
OXM	4.7	1.0	0.0	1.0	0.0	0.5	0.5	2.0	0.5	1.0	0.5	1.0	2.0	1.5	2.0	1.5	0.5	0.5	1.0	17
CNDF.PA	6.2	2.0	1.0	1.0	1.0	2.0	1.5	0.0	2.0	1.0	1.0	1.0	2.0	1.0	2.0	2.0	0.0	2.0	0.0	12
SAGA.L	5.6	0.0	1.0	1.0	1.0	1.0	1.5	1.5	1.5	2.0	0.5	0.0	0.0	1.5	2.0	1.0	1.0	2.0	1.5	16
CIG	5.8	2.0	1.0	1.0	0.0	1.5	1.0	0.5	1.5	0.0	0.5	1.0	1.5	2.0	2.0	1.5	1.0	2.0	1.0	16
GAIN	5.1	0.0	1.0	1.0	0.5	2.0	2.0	2.0	2.0	1.0	0.5	0.0	2.0	1.0	0.5	2.0	0.0	1.0	0.0	14
BTBT	4.2	1.0	1.0	1.0	0.0	0.0	2.0	2.0	0.0	0.0	1.0	1.0	1.5	1.0	1.0	1.0	0.0	1.5	0.0	16
DRX.L	4.6	0.0	1.0	1.0	1.0	1.0	0.5	1.0	1.0	2.0	1.0	0.0	0.0	2.0	2.0	0.0	1.0	1.0	1.0	16
AVY	6.1	1.0	2.0	1.0	0.0	1.0	1.5	1.0	1.0	1.5	1.5	1.5	1.0	1.5	2.0	2.0	1.0	0.5	1.0	18
CEVA	5.0	0.5	1.0	1.0	2.0	0.5	1.5	2.0	0.0	0.5	1.0	1.0	1.5	1.0	1.0	1.0	0.0	2.0	0.5	16
SKWD	6.7	2.0	0.0	1.0	1.0	1.5	2.0	1.0	1.0	0.0	1.5	2.0	1.5	2.0	2.0	1.0	1.0	2.0	1.5	18
STE	6.2	1.0	0.0	1.0	1.0	1.5	1.0	1.5	1.5	1.0	1.0	2.0	1.5	1.5	1.5	2.0	1.5	0.5	1.5	18
ATRAV.HE	5.1	0.5	1.0	1.0	1.5	1.0	1.0	0.5	0.5	0.5	0.5	1.5	1.5	2.0	2.0	2.0	0.5	0.5	0.5	17
SON.LS	6.5	2.0	1.0	1.0	1.0	1.0	1.0	1.0	0.5	2.0	1.0	2.0	1.5	1.5	2.0	2.0	0.5	1.5	1.0	16
NUS	5.8	2.0	1.0	1.0	0.0	0.0	0.0	2.0	0.5	2.0	0.5	1.0	2.0	2.0	2.0	2.0	0.5	2.0	0.5	16
CDRE	5.8	0.5	1.0	1.0	0.0	1.0	2.0	1.5	1.0	1.5	1.0	2.0	1.0	1.5	1.5	2.0	1.0	0.5	1.0	17
INH.DE	6.8	1.5	1.0	1.0	1.0	1.0	2.0	2.0	1.0	1.0	1.0	1.0	1.5	2.0	2.0	2.0	1.0	1.5	1.0	16
INVX	6.1	0.5	0.0	1.0	1.5	1.0	1.0	1.0	1.0	2.0	1.0	2.0	1.5	1.5	2.0	1.0	1.0	1.5	1.5	18
HEN3.DE	6.4	0.5	1.0	1.0	1.0	1.0	0.5	2.0	1.0	1.0	1.5	2.0	1.5	1.5	2.0	2.0	1.0	1.5	1.0	16
SFQ.DE	7.1	2.0	1.0	1.0	1.0	1.0	1.0	1.0	1.0	2.0	1.0	2.0	1.5	2.0	2.0	2.0	1.0	2.0	1.0	16
TFX	5.8	2.0	0.0	1.5	1.5	0.0	2.0	2.0	1.0	1.0	1.5	1.0	1.5	1.0	1.5	0.0	1.0	1.0	1.5	17
0B2.DE	5.3	1.0	1.0	1.0	1.0	2.0	1.0	0.0	2.0	1.0	1.0	1.0	1.0	1.0	1.0	2.0	0.0	2.0	0.0	12
MMB.PA	6.4	0.5	1.0	1.0	1.0	1.0	1.0	1.5	0.5	2.0	0.5	2.0	1.5	2.0	2.0	2.0	1.0	1.5	1.0	16
EC	6.7	2.0	0.0	1.0	2.0	1.5	2.0	1.5	0.0	2.0	1.5	0.5	2.0	1.0	1.0	2.0	2.0	1.0	1.0	14
PSKY	5.7	2.0	0.0	1.0	0.0	0.5	1.0	1.0	1.0	2.0	1.5	2.0	2.0	1.5	2.0	0.0	1.0	1.5	0.5	18
CXAI	5.3	1.0	1.0	1.0	2.0	0.5	2.0	2.0	0.0	0.0	0.5	1.0	2.0	1.0	2.0	1.0	0.0	2.0	0.0	15
KWS.DE	6.4	0.5	1.0	1.0	1.0	1.0	1.0	2.0	1.0	1.5	1.0	1.5	1.5	1.5	2.0	2.0	1.0	1.5	1.0	15
OBD.L	3.8	1.0	1.0	1.0	1.0	0.5	1.5	1.5	0.0	0.0	0.5	1.0	0.0	1.0	1.0	1.0	0.0	1.5	0.0	14
NAMS	3.8	1.0	1.0	1.0	0.5	0.5	0.0	2.0	0.0	0.0	1.5	1.0	1.0	1.0	0.0	1.0	0.0	2.0	0.0	16
AVNW	4.9	0.0	0.0	1.0	0.0	1.0	1.0	1.0	0.5	0.5	1.0	2.0	2.0	1.5	2.0	1.0	0.5	2.0	0.5	18
KGH.L	5.4	0.5	1.0	1.0	1.0	1.0	2.0	1.5	0.5	2.0	1.0	0.0	0.0	2.0	2.0	1.0	1.0	0.5	1.5	16
690D.DE	5.8	1.0	1.0	1.0	1.0	1.0	1.0	1.0	1.0	2.0	1.0	1.5	1.5	1.0	1.0	1.5	0.5	2.0	1.0	15
HURN	5.8	1.5	1.0	1.0	1.5	1.0	1.5	1.0	1.0	1.5	0.5	2.0	0.5	1.5	2.0	1.0	1.0	0.5	1.0	18
SPX.L	5.7	1.0	1.0	1.0	1.0	1.5	1.0	2.0	1.5	1.0	1.5	0.0	0.0	1.0	1.5	1.5	1.5	1.0	1.5	16
MFC	8.1	2.0	1.0	1.0	1.5	2.0	1.5	2.0	2.0	1.0	0.5	2.0	1.5	2.0	1.5	2.0	1.5	2.0	2.0	18
WATT	4.0	1.0	1.0	1.0	0.0	0.0	2.0	1.0	0.0	0.0	0.5	1.0	1.5	1.0	1.5	1.0	0.0	2.0	0.0	15
COMP.US	5.8	0.0	2.0	1.0	1.5	1.0	2.0	0.5	0.5	2.0	1.5	2.0	1.5	0.5	2.0	1.0	0.5	1.0	0.5	18
CAC	6.7	1.5	2.0	1.0	1.0	2.0	2.0	0.0	2.0	1.0	1.0	1.5	1.5	1.0	1.0	2.0	0.0	1.5	2.0	16
LMT	5.6	2.0	1.0	1.0	0.5	1.0	1.5	0.5	1.0	1.0	1.5	1.5	0.0	1.0	2.0	2.0	1.0	0.5	1.0	18
SPRC	5.4	2.0	1.0	1.0	1.0	0.5	0.0	2.0	0.0	2.0	1.0	1.0	2.0	2.0	1.0	1.0	0.0	2.0	0.0	14
MNG.L	6.0	1.0	1.0	1.0	1.0	0.5	0.5	2.0	1.5	2.0	1.5	1.0	0.0	2.0	2.0	0.0	1.5	2.0	1.0	14
BAER.ZU	6.9	1.5	1.0	1.0	1.0	2.0	2.0	0.0	2.0	1.0	1.5	1.5	1.5	1.0	2.0	2.0	0.0	2.0	2.0	14
WRB.US	6.8	0.0	1.0	1.0	1.5	1.5	1.0	1.5	1.5	2.0	1.5	1.0	1.5	1.5	2.0	2.0	1.0	1.5	1.5	18
GLBE	5.4	0.0	0.0	1.0	1.5	1.5	2.0	1.5	1.0	1.0	1.5	2.0	0.5	0.0	1.0	1.0	1.0	1.0	2.0	18
SMSN.L	8.1	2.0	1.0	1.0	2.0	2.0	2.0	2.0	2.0	2.0	1.0	0.0	2.0	1.0	1.0	2.0	2.0	2.0	2.0	17
IPAR	6.4	0.5	2.0	1.0	2.0	1.5	1.0	2.0	1.0	1.5	1.0	1.0	1.0	1.0	1.5	1.5	1.0	1.0	1.5	18
ACHC	5.1	1.5	1.0	1.0	0.5	0.0	0.5	1.5	1.0	0.0	1.5	1.0	1.5	1.5	2.0	1.0	1.0	1.0	1.0	17
AMPH	6.9	1.0	0.0	1.0	1.5	1.5	1.0	1.5	1.5	2.0	1.0	2.0	1.5	1.5	1.5	1.0	1.5	2.0	2.0	18
INPST.NV	5.4	0.0	1.0	1.0	1.0	1.0	1.5	1.0	0.0	2.0	1.5	2.0	1.5	1.0	1.0	1.0	1.0	1.0	1.0	12
HSP.L	5.1	2.0	1.0	1.0	1.0	1.0	2.0	0.5	0.5	1.5	0.5	0.0	0.0	1.0	2.0	2.0	0.5	1.0	1.0	16
SLNAF	4.0	1.0	1.0	1.0	1.0	0.0	1.5	0.5	0.0	0.0	1.0	1.0	1.0	1.0	1.5	1.0	0.0	2.0	0.0	11
VALE	7.4	2.0	2.0	1.0	0.0	1.0	1.0	1.0	1.5	2.0	2.0	2.0	1.5	2.0	2.0	0.0	2.0	2.0	1.5	18
MRC.L	5.3	2.0	1.0	1.0	1.0	1.0	1.0	1.0	1.0	1.0	1.0	1.0	1.0	1.0	1.0	1.0	1.0	1.0	1.0	2
EDEN.PA	7.5	1.0	1.0	1.0	1.0	1.5	1.0	1.5	2.0	2.0	1.5	1.5	1.0	2.0	1.5	1.5	2.0	2.0	2.0	15
HOVR	4.3	1.0	1.0	1.0	2.0	0.5	1.0	0.0	0.0	0.0	0.5	1.0	1.5	1.0	1.0	1.0	0.0	2.0	1.0	12
02313.HK	6.2	1.0	1.0	1.0	1.0	1.5	0.5	1.0	1.0	1.0	2.0	0.0	1.5	2.0	2.0	1.5	1.5	2.0	1.0	14
TNC	4.9	1.0	1.0	1.0	0.0	1.0	1.0	1.5	0.5	1.0	0.5	2.0	1.5	1.5	2.0	0.0	0.5	1.0	0.5	17
HFG.DE	6.4	1.0	1.0	1.0	2.0	0.5	0.5	2.0	0.5	2.0	1.5	1.0	2.0	2.0	2.0	1.0	0.5	2.0	0.5	15
PB	6.9	0.0	2.0	1.0	1.5	2.0	2.0	0.0	2.0	1.0	1.5	2.0	2.0	1.0	1.0	2.0	0.0	2.0	2.0	16
SO	6.2	1.0	1.0	1.0	0.5	1.5	1.0	1.5	2.0	0.0	1.5	1.5	1.5	1.5	1.0	1.5	2.0	0.5	2.0	18
BNP.PA	6.9	2.0	1.0	1.0	1.5	2.0	1.5	0.0	2.0	1.0	1.5	1.5	2.0	1.0	1.0	2.0	0.0	2.0	2.0	14
IDA	6.5	1.0	2.0	1.0	1.0	1.5	1.0	1.5	2.0	0.0	1.0	1.5	1.5	1.0	1.0	2.0	2.0	0.5	2.0	18
QS	4.3	1.0	1.0	1.0	1.5	0.5	1.0	0.0	0.0	0.0	1.0	1.0	1.5	1.0	1.0	1.0	0.0	2.0	1.0	13
NWE	6.5	0.5	2.0	1.0	1.5	1.5	1.5	2.0	1.5	0.0	1.0	2.0	1.5	1.5	1.5	1.0	2.0	0.0	1.5	18
GWH	3.9	1.0	1.0	1.0	0.0	0.5	0.0	0.0	0.0	0.0	0.5	1.0	2.0	1.0	1.0	1.0	0.0	2.0	2.0	15
MLM	6.2	1.0	1.0	1.0	0.0	2.0	2.0	1.0	1.5	0.5	2.0	2.0	1.5	1.0	1.0	2.0	1.5	0.0	1.5	18
00981.HK	5.7	1.5	1.0	1.0	2.0	1.5	2.0	1.0	1.5	0.0	2.0	0.0	1.5	0.0	0.0	1.0	2.0	0.5	2.0	17
IVSO.ST	5.6	0.0	1.0	1.0	0.0	1.5	2.0	2.0	1.5	1.0	1.0	2.0	0.5	0.5	1.0	2.0	1.0	1.0	1.0	15
BFSA.DE	6.9	1.0	1.0	1.0	1.0	1.0	1.0	1.5	1.0	2.0	1.5	2.0	1.5	1.5	2.0	2.0	1.5	1.0	1.5	17
BOL.ST	6.5	0.5	1.0	1.0	2.0	1.5	1.5	0.5	1.0	0.5	1.5	1.5	1.5	2.0	2.0	2.0	1.5	0.5	1.5	17
FBRT	5.7	1.0	1.0	1.0	0.0	2.0	1.5	2.0	1.0	1.0	0.5	2.0	2.0	1.0	0.5	0.0	0.0	2.0	2.0	16
TEN.US	7.5	2.0	0.0	1.0	2.0	2.0	2.0	2.0	2.0	1.0	0.5	0.0	2.0	2.0	1.5	2.0	2.0	2.0	1.0	16
CRC	6.8	2.0	1.0	1.0	0.0	0.5	2.0	2.0	2.0	1.5	1.5	1.0	1.5	1.5	2.0	2.0	1.0	0.5	1.5	16
NF4.DE	4.9	0.0	1.0	1.0	1.0	1.0	2.0	0.0	0.5	1.5	0.5	2.0	0.5	1.0	2.0	1.0	0.5	1.0	1.0	16
CNM	6.1	1.5	1.0	1.0	1.5	1.0	1.0	1.0	1.0	1.5	1.5	2.0	1.0	1.5	2.0	1.0	1.0	0.5	1.0	18
ON	7.1	2.0	0.0	1.0	2.0	1.5	1.0	1.5	1.5	1.5	2.0	2.0	1.0	1.0	1.5	1.0	1.5	1.5	2.0	18
03908.HK	7.8	2.0	1.0	1.0	2.0	2.0	2.0	2.0	2.0	1.0	1.5	1.5	2.0	1.0	1.0	2.0	0.0	2.0	2.0	15
4324.T	6.4	1.5	1.0	1.0	1.5	0.0	1.0	2.0	0.5	2.0	1.0	1.0	1.5	2.0	2.0	1.0	1.0	2.0	1.0	16
SKYW	5.8	1.0	0.0	1.0	0.5	1.0	1.0	1.0	1.0	1.0	1.0	1.5	1.5	2.0	2.0	1.0	1.5	1.5	1.5	18
LYFT	6.0	2.0	0.0	1.0	0.5	2.0	1.5	1.5	0.5	2.0	2.0	0.0	1.5	0.0	2.0	1.0	0.5	2.0	1.5	18
HON	6.0	0.5	1.0	1.0	0.0	2.0	1.0	1.5	1.5	1.0	2.0	0.0	1.0	1.5	1.5	2.0	1.5	1.5	1.0	18
INSW	7.6	2.0	1.0	1.0	2.0	2.0	2.0	2.0	2.0	0.5	1.0	0.0	1.5	2.0	1.5	2.0	2.0	1.0	2.0	18
BCO	6.5	1.5	2.0	1.0	1.0	1.0	1.0	1.0	1.0	2.0	0.5	2.0	0.0	1.5	2.0	2.0	1.0	2.0	1.0	18
BMW.DE	6.0	2.0	1.0	1.0	0.0	1.0	0.5	0.5	0.5	1.5	2.0	0.5	2.0	1.5	2.0	2.0	1.0	2.0	0.5	17
SGRY	5.3	1.0	0.0	1.0	0.0	0.5	1.0	1.0	1.0	2.0	1.5	1.0	1.5	1.5	1.5	1.0	1.0	1.5	1.0	16
XP	7.1	1.5	0.0	1.0	1.5	2.0	1.5	2.0	2.0	1.0	1.5	2.0	1.5	1.0	1.0	2.0	0.0	2.0	2.0	16
HPQ	6.7	0.5	2.0	1.0	2.0	1.0	1.5	0.5	0.5	2.0	1.5	1.5	1.0	2.0	2.0	2.0	0.5	1.5	1.0	17
ATEC	5.4	2.0	2.0	1.0	1.5	0.0	1.5	2.0	0.0	1.0	1.5	1.0	1.0	0.0	1.5	1.0	0.5	1.0	1.0	16
GMS.L	4.9	0.0	1.0	1.0	1.0	1.0	0.5	1.5	1.5	0.0	0.5	0.0	0.0	2.0	1.5	1.0	2.0	1.0	2.0	16
AIRS	4.9	1.0	2.0	1.0	0.0	0.5	0.5	2.0	0.0	1.5	0.5	1.0	1.5	0.5	2.0	1.0	0.5	1.5	0.5	16
NEXI.MI	6.5	2.0	1.0	1.0	1.0	0.0	1.0	1.5	1.0	2.0	1.5	1.0	2.0	2.0	2.0	0.0	1.0	2.0	1.5	15
USNA	5.8	2.0	1.0	1.0	0.0	0.5	0.5	2.0	0.5	2.0	0.5	1.0	2.0	2.0	2.0	1.0	0.5	2.0	0.5	16
CCC.US	6.0	0.0	0.0	1.0	1.0	1.0	1.0	2.0	1.5	1.5	1.5	2.0	1.5	1.0	1.5	1.0	1.5	0.5	2.0	18
OSPN	6.2	1.5	2.0	1.0	0.0	2.0	1.0	2.0	1.0	1.0	0.5	0.0	1.5	1.5	1.5	2.0	1.5	1.0	1.5	18
FLS	5.3	1.0	0.0	1.0	0.0	1.0	0.5	1.5	1.0	1.0	1.5	2.0	1.0	1.0	1.5	2.0	1.0	1.0	1.0	18
NEDSE.NV	4.9	2.0	1.0	1.0	1.0	2.0	1.0	2.0	0.0	0.5	1.0	1.0	2.0	1.0	0.0	0.0	0.0	2.0	0.0	12
FRMM	4.2	1.0	0.0	1.0	0.0	0.5	1.0	2.0	0.0	2.0	0.5	1.0	2.0	1.0	1.0	1.0	0.0	1.0	0.0	15
VET.US	7.4	1.0	2.0	1.0	1.0	0.0	2.0	2.0	2.0	2.0	1.0	1.0	1.5	2.0	2.0	1.5	2.0	0.5	2.0	14
RNK.L	6.1	2.0	1.0	1.0	1.0	1.0	1.0	1.5	1.0	2.0	0.5	0.0	0.0	2.0	2.0	2.0	1.0	2.0	1.0	16
151.HK	7.1	1.0	1.0	1.0	1.0	1.5	1.0	1.5	1.5	2.0	1.5	0.0	1.5	2.0	2.0	2.0	1.5	2.0	1.5	16
ALWF.PA	5.6	1.0	1.0	1.0	1.0	0.5	1.0	1.0	0.0	2.0	0.5	1.0	2.0	1.5	2.0	1.0	0.5	2.0	1.0	14
BPT.ASX	7.1	2.0	1.0	1.0	0.0	1.5	0.0	1.0	1.5	1.0	1.5	2.0	2.0	2.0	2.0	2.0	2.0	1.0	2.0	15
KLTR	5.0	1.0	2.0	1.0	0.0	0.5	1.0	2.0	1.0	2.0	0.5	1.0	0.0	0.0	2.0	1.0	0.5	1.5	1.0	16
SYM	5.8	0.0	2.0	1.0	2.0	1.0	2.0	1.0	0.5	1.0	1.5	2.0	0.5	0.0	2.0	1.0	0.5	1.0	2.0	18
ASTH	5.8	0.0	0.0	1.0	2.0	1.0	2.0	0.5	0.5	2.0	1.0	2.0	1.5	1.5	2.0	1.0	0.5	2.0	0.5	18
AWI	6.7	1.0	2.0	1.0	1.0	1.5	1.5	1.5	1.5	1.0	1.5	2.0	0.5	1.0	1.5	2.0	1.5	0.5	1.5	18
TRIFOR.CO	4.6	1.0	1.0	1.0	1.0	1.0	1.0	1.0	0.5	0.5	0.5	2.0	1.5	0.0	1.0	1.0	1.0	0.5	1.0	17
OTF	6.4	1.5	2.0	1.0	2.0	2.0	1.0	2.0	2.0	2.0	1.0	2.0	2.0	1.0	1.0	0.0	0.0	0.5	0.0	17
ACM	5.4	2.0	1.0	1.0	1.0	1.0	0.0	0.0	0.0	1.0	1.5	2.0	1.0	1.5	2.0	2.0	0.5	1.5	0.5	18
MGNI	7.2	2.0	2.0	1.0	1.5	2.0	1.5	2.0	1.5	1.0	1.5	1.5	1.0	0.5	1.5	1.0	1.5	1.0	2.0	18
TWO	6.0	0.5	1.0	1.0	2.0	0.5	2.0	2.0	2.0	1.0	0.5	1.0	1.5	1.0	0.5	1.5	0.0	2.0	1.5	14
QDT.PA	6.9	1.0	1.0	2.0	1.0	0.5	0.0	2.0	1.0	2.0	1.0	1.0	2.0	2.0	2.0	2.0	1.0	2.0	1.5	15
TFI.PA	5.6	0.0	1.0	1.0	1.0	1.0	0.0	1.5	1.0	2.0	1.0	0.5	2.0	2.0	2.0	0.0	0.5	2.0	1.5	16
HAE	6.7	1.0	2.0	1.0	1.5	1.0	1.0	2.0	1.5	1.5	1.5	2.0	1.0	1.0	1.5	1.0	1.5	0.5	1.5	18
TUI1.DE	5.4	1.5	1.0	1.0	0.0	1.0	0.5	0.0	0.5	0.0	1.5	1.5	1.5	2.0	2.0	2.0	0.5	2.0	1.0	17
LAND	6.0	1.0	1.0	1.0	2.0	0.5	1.0	2.0	0.0	2.0	0.5	1.0	2.0	1.5	1.0	0.0	2.0	1.0	2.0	16
ZH	4.4	1.0	1.0	1.0	1.0	0.0	0.5	2.0	0.0	0.0	1.0	1.0	2.0	1.5	1.0	1.0	0.0	2.0	0.0	14
NEX.PA	6.1	2.0	1.0	1.0	1.0	1.0	1.5	0.5	0.5	0.0	1.5	2.0	1.5	1.5	2.0	1.5	0.5	2.0	1.0	16
MOMO	6.2	2.0	1.0	1.0	0.0	1.5	0.5	1.5	1.0	2.0	1.0	2.0	2.0	1.0	1.0	1.0	1.0	2.0	1.0	17
MGY	7.8	1.5	1.0	1.0	0.0	2.0	2.0	2.0	2.0	1.5	1.5	2.0	1.5	2.0	1.5	2.0	2.0	0.5	2.0	18
HOMI.BR	6.5	2.0	1.0	1.0	1.0	2.0	1.5	2.0	2.0	1.5	0.5	0.0	2.0	0.5	0.5	2.0	2.0	0.0	2.0	16
LAGRb.ST	5.3	0.5	1.0	1.0	0.5	1.5	1.5	1.5	1.0	1.0	1.0	2.0	0.5	0.5	1.5	2.0	1.0	0.0	1.0	17
LUXHQ	4.0	1.0	1.0	1.0	1.0	0.0	0.0	0.0	0.0	2.0	1.0	1.0	1.0	1.0	1.5	1.0	0.0	2.0	0.0	11
CASH	5.1	2.0	0.0	1.0	0.0	2.0	0.0	0.0	1.5	1.0	0.5	1.5	1.5	1.0	1.5	2.0	0.0	1.0	2.0	16
EVCO	4.0	1.0	1.0	1.0	1.0	0.5	1.0	0.0	0.0	2.0	1.0	1.0	1.0	1.0	1.0	1.0	0.0	0.0	1.0	8
WOLF	4.9	1.0	2.0	1.0	2.0	1.0	0.0	0.0	0.0	2.0	0.5	1.0	1.5	1.0	1.5	1.0	0.0	2.0	0.0	16
EDV.ASX	5.3	0.0	1.0	1.0	1.0	1.0	1.0	1.0	0.5	1.5	1.5	2.0	1.5	1.5	2.0	0.0	0.5	1.0	1.0	16
WEYS	6.9	1.0	1.0	1.0	1.0	1.5	1.0	1.5	2.0	2.0	1.0	0.0	1.5	2.0	2.0	2.0	1.0	2.0	1.5	15
MND.ASX	5.7	2.0	1.0	1.0	1.0	1.0	1.5	0.0	0.5	1.5	1.5	1.5	1.0	1.0	2.0	1.5	0.5	1.0	1.0	17
DMP.ASX	5.0	0.5	1.0	1.0	1.0	0.5	0.0	1.0	1.0	2.0	1.5	1.0	1.0	1.5	2.0	0.0	1.0	1.0	1.0	15
1787.HK	6.9	1.5	1.0	1.0	1.0	1.0	0.0	1.0	2.0	1.0	1.0	2.0	1.5	2.0	2.0	2.0	1.5	2.0	1.5	16
VERA	4.6	1.0	2.0	1.0	1.5	0.5	1.0	0.0	0.0	0.0	1.5	1.0	1.0	1.0	1.0	1.0	0.0	2.0	1.0	13
HOFT	5.0	1.5	1.0	1.0	2.0	0.5	0.5	1.0	0.0	2.0	0.5	1.0	2.0	0.0	2.0	0.0	0.5	1.5	1.0	16
DEO	5.4	2.0	2.0	1.0	1.0	1.0	0.5	2.0	2.0	1.5	1.0	2.0	0.0	0.0	0.0	0.0	1.5	0.5	1.5	17
ENR	5.7	1.5	1.0	1.0	0.0	1.0	1.0	1.5	1.0	2.0	1.0	2.0	0.5	1.5	2.0	0.0	1.0	1.5	1.0	18
COL.MC	6.5	2.0	1.0	1.0	1.0	2.0	1.0	2.0	2.0	1.0	1.5	0.0	2.0	0.5	0.0	1.0	2.0	1.5	2.0	17
FTI	6.4	1.0	1.0	1.0	1.5	1.5	1.0	1.0	1.5	1.5	2.0	2.0	0.5	1.0	1.5	2.0	1.0	0.5	1.5	18
GAW.L	5.6	0.5	1.0	1.0	1.0	2.0	1.0	2.0	2.0	1.0	0.5	0.0	0.0	1.0	1.0	1.5	2.0	0.5	2.0	16
AAUC	6.7	1.0	1.0	1.0	1.0	0.5	2.0	1.5	2.0	1.5	1.0	1.0	1.0	2.0	2.0	1.0	2.0	1.0	1.5	13
GTLB	5.6	1.0	1.0	1.0	2.0	0.5	2.0	2.0	0.0	1.0	2.0	1.0	0.5	1.0	1.0	1.0	0.0	1.5	1.5	16
TRUEb.ST	6.1	0.5	1.0	1.0	0.5	1.5	0.0	2.0	1.5	1.0	1.0	2.0	0.5	1.5	1.5	2.0	1.5	1.5	1.5	17
BOH	6.5	1.0	2.0	1.0	0.5	2.0	1.5	0.0	2.0	1.0	1.0	1.5	1.5	1.0	1.5	2.0	0.0	2.0	2.0	16
ALG.DE	5.6	1.0	1.0	1.0	1.0	1.5	1.0	2.0	2.0	0.0	0.5	1.0	1.5	1.0	1.0	2.0	2.0	0.5	0.0	16
SFM	5.7	1.5	2.0	1.0	0.0	1.0	1.0	1.5	0.5	1.5	1.5	1.5	1.0	1.5	2.0	1.0	0.5	0.5	1.0	18
CQP	6.5	0.0	1.0	1.0	1.5	2.0	1.0	1.5	2.0	1.5	1.5	0.5	0.5	1.5	1.5	2.0	2.0	0.5	2.0	18
TTI	5.7	1.0	2.0	1.0	0.0	1.0	1.0	1.0	1.0	0.5	0.5	2.0	1.5	1.5	2.0	1.0	1.0	1.5	1.0	18
FVRR	6.8	1.5	2.0	1.0	0.0	1.0	0.0	2.0	0.5	2.0	1.0	2.0	2.0	2.0	2.0	1.0	1.0	2.0	1.5	18
ESQ	6.7	1.0	2.0	1.0	2.0	2.0	2.0	0.0	2.0	1.0	0.5	2.0	1.0	1.0	1.0	2.0	0.0	1.5	2.0	16
MERC	3.5	1.0	1.0	1.0	0.0	0.0	1.0	0.0	0.0	0.0	0.5	1.0	1.0	1.0	2.0	1.0	0.0	2.0	0.0	15
WKP.L	5.0	1.0	1.0	1.0	1.0	0.0	0.5	2.0	2.0	1.0	1.0	1.0	0.0	1.0	1.0	0.0	2.0	0.5	2.0	15
HOLCO.NV	5.1	1.0	1.0	1.0	1.0	1.0	0.5	1.5	0.5	0.0	1.0	2.0	1.5	2.0	2.0	0.0	0.5	1.5	0.5	15
PESI	3.5	1.0	2.0	1.0	2.0	0.0	0.0	0.0	0.0	0.0	0.5	1.0	1.0	1.0	1.0	1.0	0.0	1.0	0.0	16
HYMC	3.5	1.0	1.0	1.0	0.5	0.5	1.0	0.0	0.0	0.0	0.5	1.0	0.5	1.0	1.0	1.0	0.0	1.5	1.0	12
FRST	6.1	2.0	2.0	1.0	0.5	2.0	2.0	0.0	2.0	1.0	0.5	0.5	2.0	1.0	1.5	2.0	0.0	2.0	0.0	16
9434.T	6.7	0.5	1.0	1.0	2.0	1.0	1.0	1.5	1.5	2.0	1.5	1.0	1.0	1.5	1.5	1.5	1.5	1.5	1.5	17
SDR.L	6.4	1.5	1.0	1.0	1.0	1.5	1.5	2.0	1.5	1.5	1.0	0.0	0.0	2.0	2.0	2.0	1.5	2.0	0.0	16
EMA	5.7	0.5	1.0	1.0	0.5	1.5	1.0	1.5	1.5	0.0	0.5	1.5	1.5	1.5	1.5	1.0	2.0	0.5	2.0	17
6066.HK	7.1	2.0	1.0	1.0	1.0	2.0	2.0	2.0	2.0	1.0	0.5	1.0	2.0	1.0	1.0	2.0	0.0	2.0	2.0	14
HLS.ASX	5.6	1.0	1.0	1.0	1.0	0.0	1.0	1.0	0.5	2.0	1.5	1.0	1.5	0.5	2.0	1.0	0.5	2.0	1.5	14
GETY	5.4	1.0	1.0	0.0	2.0	0.0	0.5	2.0	1.5	0.0	1.0	1.0	2.0	1.5	1.5	1.0	1.5	2.0	0.0	14
CCB	4.2	1.0	0.0	2.0	0.0	0.5	0.5	0.0	0.0	1.0	0.5	1.0	1.5	1.0	1.0	1.0	0.0	2.0	2.0	14
IR	6.5	2.0	0.0	1.0	1.0	1.5	1.0	1.5	1.5	1.0	1.5	2.0	1.5	1.0	1.5	2.0	1.5	0.5	1.5	18
ULS	6.0	1.5	0.0	1.0	0.5	1.5	1.0	2.0	1.5	1.0	1.5	1.5	0.5	1.0	1.5	2.0	1.5	0.5	1.5	18
KEX	5.6	0.5	0.0	1.0	1.5	1.5	1.0	1.0	1.0	1.0	1.0	2.0	1.5	1.5	1.5	1.0	1.5	0.0	1.5	18
RMTI	4.2	0.0	1.0	1.0	0.0	0.5	1.5	0.5	0.0	0.5	0.5	1.0	2.0	1.0	2.0	1.0	0.0	2.0	0.5	16
DIDIY	4.4	1.0	1.0	1.0	0.0	1.0	1.5	0.5	0.5	0.0	1.5	1.0	1.5	1.0	1.0	1.0	0.5	2.0	0.0	15
ARCM.L	3.8	1.0	1.0	1.0	1.0	0.5	1.0	0.0	0.0	1.0	0.5	1.0	0.0	1.0	1.0	1.0	0.0	1.5	1.0	10
ATNM	6.9	2.0	1.0	1.0	0.0	2.0	1.0	2.0	2.0	2.0	1.0	1.0	1.5	2.0	2.0	1.0	1.5	2.0	0.0	15
VMC	6.4	1.0	2.0	1.0	0.5	1.5	1.0	1.0	1.5	1.0	2.0	2.0	1.0	1.0	1.5	2.0	1.5	0.0	1.5	18
PEN	5.1	0.5	1.0	1.0	0.0	1.5	1.5	2.0	1.0	0.5	1.5	2.0	0.5	0.0	1.0	1.0	1.0	1.0	1.5	18
TNOM.HE	6.4	1.0	1.0	1.0	1.0	2.0	1.0	1.0	1.0	2.0	0.5	2.0	1.5	1.5	2.0	0.0	1.0	1.5	2.0	17
STAF.L	4.3	2.0	1.0	1.0	1.0	1.0	1.5	0.0	0.5	0.0	0.5	0.0	0.0	2.0	2.0	1.0	0.5	1.0	0.5	16
ZG	6.1	2.0	2.0	1.0	0.0	1.0	1.5	2.0	0.5	1.0	2.0	2.0	1.5	0.0	1.5	1.0	0.5	1.5	1.0	18
SMG	5.8	2.0	2.0	1.0	0.0	1.0	1.0	1.0	1.5	2.0	1.0	2.0	1.0	1.5	2.0	0.0	1.0	0.0	1.0	17
TEP.L	5.4	2.0	1.0	1.0	1.0	1.0	1.0	1.0	1.0	2.0	0.5	0.0	0.0	2.0	2.0	1.0	0.5	1.5	1.0	16
AMRC	5.8	1.5	1.0	1.0	2.0	1.0	1.0	0.5	1.0	0.0	1.5	2.0	2.0	1.0	2.0	1.0	1.0	1.5	0.0	18
XPEL	5.4	1.0	1.0	1.0	1.0	1.5	1.5	1.5	1.5	0.0	0.5	2.0	1.0	1.0	1.5	1.0	1.0	0.5	1.0	17
TORO	4.6	0.0	1.0	1.0	1.0	2.0	1.0	2.0	0.0	0.0	1.0	1.0	2.0	0.0	1.0	1.0	0.5	2.0	0.0	14
SMTI	4.2	1.0	1.0	1.0	1.0	0.0	1.0	2.0	0.5	0.5	0.5	1.0	0.0	0.5	1.5	1.0	1.0	0.5	1.0	15
SUR.DE	6.2	2.0	1.0	1.0	1.0	0.5	0.5	2.0	0.5	2.0	0.5	1.0	2.0	2.0	2.0	1.0	0.5	2.0	1.0	15
ALVGO.PA	5.1	1.0	1.0	2.0	1.0	0.0	1.5	1.0	0.0	1.0	0.5	1.0	1.5	0.5	2.0	1.0	0.5	2.0	1.0	14
NG.US	3.5	1.5	1.0	1.0	0.0	0.5	1.0	0.0	0.0	0.0	0.5	1.0	0.5	1.0	1.0	1.0	0.0	1.5	1.0	14
BONEX.ST	4.9	0.0	1.0	1.0	0.0	1.5	2.0	2.0	1.5	0.5	1.0	2.0	0.0	0.0	0.5	1.0	1.5	0.5	1.5	17
AAU.L	3.5	1.0	1.0	1.0	1.0	0.5	1.0	0.0	0.0	0.0	0.5	1.0	0.0	1.0	1.0	1.0	0.0	1.5	1.0	11
INGR	6.5	1.5	2.0	1.0	0.0	1.0	1.0	1.0	1.0	1.5	1.0	1.5	1.5	2.0	2.0	2.0	1.0	1.5	1.0	18
SHC	6.7	1.5	2.0	1.0	0.5	1.5	1.0	2.0	2.0	1.0	1.0	2.0	0.5	1.5	1.0	1.0	2.0	1.0	1.5	18
FCX	6.7	0.0	2.0	1.0	0.5	1.5	0.5	1.5	2.0	1.0	2.0	2.0	1.0	1.5	1.5	2.0	2.0	0.5	1.5	18
WBI	6.2	1.0	1.0	1.0	0.0	1.0	2.0	2.0	1.5	1.0	1.0	1.0	1.5	1.5	1.0	1.5	2.0	0.5	2.0	14
XPOF	5.1	1.0	1.0	1.0	0.0	0.0	0.0	2.0	1.5	2.0	1.0	1.0	1.0	2.0	1.5	1.0	1.5	1.0	0.0	15
3328.HK	5.6	1.0	1.0	1.0	1.0	2.0	1.5	0.0	2.0	1.0	1.5	0.5	2.0	1.0	0.5	2.0	0.0	2.0	0.0	15
TSLA.EUR	3.9	0.0	0.0	1.0	0.0	1.0	2.0	0.5	0.5	0.5	2.0	2.0	0.0	0.0	0.5	1.0	1.0	0.5	1.5	18
VXT.DE	4.6	1.0	1.0	1.0	1.0	0.0	1.0	2.0	0.0	0.0	1.0	1.0	2.0	0.0	2.0	1.0	0.5	2.0	0.0	13
CAH	6.2	1.5	2.0	1.0	1.5	1.0	1.0	0.0	0.5	2.0	1.5	2.0	1.0	1.5	2.0	2.0	0.5	1.0	0.5	17
BEAM	3.6	1.0	1.0	1.0	1.0	0.0	0.0	0.0	0.0	0.0	1.5	1.0	1.5	1.0	1.0	1.0	0.0	2.0	0.0	16
PNTG	5.3	1.0	2.0	1.0	1.5	1.0	2.0	0.5	0.5	0.5	1.0	2.0	1.0	0.5	2.0	1.0	0.5	0.5	0.5	18
ADV.DE	4.2	2.0	1.0	0.0	1.0	1.0	2.0	1.0	0.5	0.5	1.0	0.0	1.5	0.0	1.5	0.0	0.5	0.5	1.0	15
HCKT	6.0	2.0	1.0	1.0	0.0	1.0	0.0	1.5	1.0	2.0	0.5	2.0	1.0	2.0	2.0	1.5	1.0	1.0	1.0	18
BSM	5.7	1.5	1.0	1.0	0.0	2.0	1.5	2.0	2.0	1.0	0.5	0.5	1.0	1.5	1.0	0.0	2.0	0.0	2.0	17
FLO	5.3	0.0	1.0	1.0	0.0	1.0	1.0	1.5	0.5	2.0	1.0	2.0	2.0	2.0	2.0	0.0	0.5	0.5	1.0	17
SGL.DE	5.3	1.0	1.0	1.0	1.0	0.5	0.5	1.0	1.0	1.0	0.5	1.0	1.5	2.0	2.0	1.0	1.0	1.0	1.0	13
FISN	4.0	1.0	1.0	1.0	1.0	0.5	1.0	0.0	0.0	0.0	1.0	1.0	1.0	1.0	1.0	1.0	0.0	2.0	1.0	11
BLC.PA	6.9	2.0	1.0	1.0	1.0	1.0	1.0	2.0	1.0	2.0	0.5	2.0	1.5	2.0	2.0	1.0	1.0	1.5	1.5	16
AEXA	3.8	1.0	1.0	1.0	1.0	0.5	1.0	0.0	0.0	1.0	1.0	1.0	1.0	1.0	1.0	1.0	0.0	0.0	1.0	6
ITGR	5.3	0.5	2.0	1.0	1.0	1.0	0.5	1.0	1.0	1.0	1.0	2.0	1.5	1.0	1.5	1.0	1.0	0.0	1.0	18
RAW.DE	5.8	0.5	1.0	1.0	1.0	2.0	1.0	0.0	2.0	1.0	1.0	1.0	1.5	1.0	1.5	2.0	0.0	2.0	1.5	12
LDO.MI	6.2	1.5	1.0	1.0	1.0	1.0	1.5	1.5	0.5	1.0	1.5	2.0	1.5	1.0	2.0	2.0	1.0	0.5	1.0	16
ALVAL.PA	3.9	1.0	1.0	1.0	1.0	0.5	2.0	0.0	0.0	0.0	0.5	1.0	1.5	1.0	0.5	1.0	0.0	2.0	0.0	14
NHI	6.1	0.0	1.0	1.0	2.0	2.0	2.0	2.0	2.0	1.5	1.0	0.5	1.5	1.0	0.5	0.0	2.0	0.0	2.0	18
USAR	4.2	1.0	2.0	1.0	2.0	0.5	1.0	0.0	0.0	0.0	1.0	1.0	1.5	1.0	0.0	1.0	0.0	2.0	0.0	15
DMRA	4.0	1.0	2.0	1.0	0.0	0.5	1.0	0.0	0.0	0.0	1.0	1.0	1.0	1.0	1.0	1.0	0.0	2.0	1.0	13
EROK	4.4	2.0	1.0	1.0	1.0	0.5	2.0	2.0	0.0	1.0	1.0	0.0	1.5	1.0	0.5	1.0	0.0	0.5	0.0	15
NXTMH.HE	4.2	0.0	1.0	1.0	1.0	1.0	1.5	2.0	0.0	0.0	0.5	2.0	0.5	0.0	1.0	1.0	0.5	1.0	1.0	16
ACA.US	5.3	1.0	0.0	1.0	1.0	1.5	1.0	1.0	1.0	0.5	0.5	1.5	1.5	1.0	1.5	2.0	1.0	1.0	1.0	18
MSBI	6.1	1.5	0.0	1.0	2.0	1.5	1.5	0.0	2.0	1.0	0.5	2.0	1.5	1.0	1.5	1.0	0.0	2.0	2.0	16
BLNK	4.2	1.0	1.0	1.0	0.0	0.0	0.0	1.0	0.0	2.0	0.5	1.0	1.5	1.0	2.0	1.0	0.0	2.0	0.0	15
IDCC	6.5	1.5	1.0	1.0	0.0	2.0	0.0	2.0	2.0	1.5	0.5	2.0	0.5	1.0	1.0	2.0	2.0	1.5	2.0	18
PPG	6.7	1.0	2.0	1.0	1.0	1.0	1.0	1.5	1.0	1.0	2.0	1.5	1.5	1.5	2.0	2.0	1.0	1.0	1.0	18
TFIN	6.1	1.0	1.0	1.0	2.0	1.0	1.5	0.0	1.5	1.0	1.0	2.0	1.5	1.0	2.0	1.0	0.0	2.0	1.5	16
VIC.L	5.1	1.0	1.0	1.0	1.0	1.0	1.5	1.5	0.5	1.0	1.0	0.0	0.0	1.5	2.0	2.0	0.5	1.0	1.0	15
VERU	4.2	0.5	1.0	1.0	2.0	0.5	1.0	0.0	0.0	0.0	0.5	1.0	1.5	1.0	1.0	1.0	0.0	2.0	1.0	13
TTD	6.8	2.0	0.0	1.0	0.0	1.5	1.0	2.0	1.0	2.0	2.0	0.0	1.5	2.0	2.0	1.0	1.5	2.0	2.0	18
6305.T	6.9	2.0	1.0	1.0	2.0	1.0	1.0	1.0	1.0	1.5	1.0	1.5	1.5	2.0	2.0	2.0	1.0	1.5	1.0	17
DEME.BR	6.7	1.5	1.0	1.0	1.0	1.0	1.0	1.5	1.0	1.0	1.0	1.0	1.5	2.0	2.0	2.0	1.5	1.5	1.5	16
SF.ST	6.4	1.0	1.0	1.0	0.5	0.0	0.5	2.0	1.5	2.0	0.5	1.0	2.0	2.0	2.0	1.0	1.0	2.0	2.0	15
CPF	5.8	1.0	0.0	1.0	1.0	2.0	1.0	0.0	2.0	1.0	0.5	1.5	1.5	1.0	1.5	2.0	0.0	2.0	2.0	16
CCC.L	4.9	0.5	1.0	1.0	1.0	1.0	2.0	0.5	0.5	1.5	1.5	0.0	0.0	1.0	2.0	2.0	0.5	1.0	0.5	16
NMAX	3.5	0.0	1.0	1.0	2.0	0.5	1.5	1.5	0.5	0.0	0.5	0.0	0.0	1.0	1.0	1.0	0.0	1.0	0.0	18
STX.US	7.1	2.0	2.0	1.0	2.0	2.0	2.0	1.5	2.0	0.5	2.0	2.0	0.0	0.0	0.5	2.0	2.0	0.0	2.0	18
CRAP.PA	5.6	2.0	1.0	1.0	1.0	2.0	1.0	0.0	2.0	1.0	1.0	1.0	2.0	1.0	0.0	2.0	0.0	2.0	0.0	12
PSON.L	5.6	1.0	1.0	1.0	1.0	1.0	1.0	2.0	1.0	2.0	1.5	0.0	0.0	1.0	1.5	2.0	1.0	0.5	1.5	16
BIIB	6.8	1.0	2.0	1.0	0.0	1.0	1.0	2.0	2.0	1.0	2.0	2.0	1.5	1.5	1.5	1.0	1.5	0.5	2.0	18
SITOWS.HE	4.6	1.0	1.0	0.5	2.0	0.0	1.0	0.5	0.5	1.5	0.5	1.0	1.5	0.0	2.0	1.0	0.5	1.5	0.5	15
OFG	6.8	2.0	2.0	1.0	1.5	2.0	1.5	0.0	2.0	1.0	0.5	1.0	1.5	1.0	1.5	2.0	0.0	2.0	2.0	16
ALCGM.PA	6.8	2.0	1.0	1.0	1.0	1.0	1.0	1.5	0.5	2.0	0.5	2.0	2.0	2.0	2.0	1.0	0.5	2.0	1.5	16
6690.HK	6.1	1.0	1.0	1.0	0.0	1.0	1.0	1.0	1.0	1.0	1.5	1.5	1.5	2.0	2.0	2.0	0.5	2.0	1.0	17
SLMT	5.6	1.0	1.0	1.0	1.0	0.5	2.0	2.0	0.0	2.0	1.0	1.0	2.0	1.0	1.5	1.0	0.0	2.0	0.0	13
MATV	5.3	0.5	1.0	1.0	0.0	1.0	1.0	0.5	0.5	2.0	0.5	0.0	1.5	2.0	2.0	2.0	1.0	1.5	1.0	17
BALDB.ST	6.5	1.0	1.0	1.0	1.5	2.0	1.0	2.0	2.0	1.5	1.0	0.5	2.0	0.5	0.5	1.0	2.0	1.0	2.0	17
SREI.L	5.0	1.5	1.0	1.0	1.0	2.0	0.5	2.0	2.0	1.0	1.0	1.0	0.0	1.0	0.5	0.0	0.0	0.5	2.0	13
9022.T	7.1	0.0	1.0	1.0	2.0	2.0	1.0	2.0	2.0	1.0	1.5	0.0	2.0	2.0	1.5	2.0	2.0	1.5	1.0	15
WNC	4.9	2.0	2.0	1.0	0.0	0.5	0.5	0.0	0.0	2.0	0.5	1.0	1.5	1.0	2.0	2.0	0.0	1.5	0.0	17
CMRC	5.3	1.0	0.0	1.0	0.0	0.5	1.0	2.0	0.5	2.0	1.0	1.0	1.0	1.5	2.0	1.0	0.5	2.0	1.0	16
IIPR	6.5	1.5	1.0	1.0	0.0	2.0	1.0	2.0	2.0	1.5	0.5	1.0	2.0	1.5	1.0	0.0	2.0	1.5	2.0	18
DGE.L	5.7	2.0	1.0	1.0	1.0	1.0	0.5	2.0	2.0	1.5	2.0	0.0	0.0	1.5	1.5	0.0	1.5	0.5	1.5	16
ALXIL.PA	4.9	1.0	1.0	0.0	1.0	0.0	0.0	2.0	0.0	2.0	0.5	1.0	2.0	1.0	1.5	1.0	0.0	1.5	2.0	14
WBC.ASX	5.6	1.5	1.0	1.0	1.0	2.0	1.0	0.0	2.0	1.0	1.5	1.5	1.5	1.0	0.5	1.5	0.0	2.0	0.0	14
HASI	6.2	1.5	2.0	1.0	0.5	2.0	2.0	2.0	1.5	1.0	1.5	2.0	1.5	1.0	0.0	0.0	0.0	1.0	2.0	16
BVS	5.4	1.0	1.0	1.0	0.0	1.0	1.0	2.0	1.0	1.5	1.0	1.5	1.0	1.0	1.5	1.0	1.0	0.5	1.5	18
TMP	5.1	1.0	0.0	1.0	1.5	2.0	1.0	0.0	2.0	1.0	0.5	0.0	1.5	1.0	1.5	2.0	0.0	1.5	1.0	16
ARJOb.ST	6.8	1.0	1.0	1.0	2.0	1.0	1.0	1.5	0.5	2.0	1.0	2.0	2.0	1.5	2.0	1.5	1.0	1.5	1.0	17
ROKOb.ST	6.0	0.5	1.0	1.0	1.0	1.5	2.0	1.5	1.5	1.0	0.5	2.0	1.0	1.0	1.5	1.0	1.5	0.5	1.5	16
POWL	5.3	1.0	0.0	1.0	0.5	1.5	1.0	1.0	1.5	1.0	0.5	2.0	0.5	0.5	1.0	2.0	1.5	1.0	1.5	18
CER.L	6.1	1.0	1.0	1.0	1.0	2.0	0.0	2.0	2.0	1.0	1.0	0.0	0.0	1.5	1.5	2.0	2.0	1.5	1.5	16
LIVN	6.4	2.0	1.0	1.0	0.5	1.5	1.5	2.0	1.0	0.5	1.5	2.0	1.0	1.0	1.5	1.0	1.0	1.5	1.5	18
TTST.L	7.1	2.0	1.0	1.5	1.0	1.0	1.5	2.0	1.0	1.0	1.0	1.0	1.5	2.0	2.0	2.0	1.0	2.0	1.0	12
LUCE.L	5.3	1.0	1.0	1.0	1.0	1.0	1.5	1.5	1.0	1.0	1.0	0.0	0.0	1.5	2.0	2.0	1.0	0.5	1.0	16
VSH	5.3	1.0	0.0	1.0	2.0	1.0	1.5	1.0	0.5	0.0	1.0	2.0	1.5	1.0	2.0	0.0	0.5	2.0	1.0	18
AZN.L	6.0	1.5	1.0	1.0	0.5	1.5	1.0	2.0	1.5	1.0	2.0	0.0	0.0	1.5	1.5	2.0	1.5	0.5	1.5	17
SMWH.L	5.3	1.0	1.0	1.0	1.0	0.5	1.0	2.0	0.5	2.0	1.5	1.0	0.0	1.5	2.0	0.0	1.0	1.0	1.0	15
CFFN	5.3	0.0	0.0	1.0	1.0	2.0	1.5	0.0	2.0	1.0	0.5	1.5	1.5	1.0	0.5	2.0	0.0	1.5	2.0	16
VIMIAN.ST	5.1	0.0	1.0	1.0	1.0	1.0	1.5	2.0	1.5	0.5	1.0	0.0	0.0	2.0	2.0	1.0	1.5	0.0	1.5	17
VIPS	5.8	2.0	1.0	1.0	0.0	1.0	0.5	1.0	0.5	1.0	2.0	2.0	1.5	1.0	1.0	2.0	0.5	2.0	1.0	16
FOX.US	7.6	1.5	2.0	1.0	1.0	1.0	2.0	1.5	2.0	1.0	1.0	2.0	1.5	2.0	2.0	2.0	1.5	1.5	1.0	16
MTDR	7.1	2.0	0.0	1.0	0.0	1.5	2.0	2.0	2.0	0.0	2.0	2.0	1.5	2.0	1.5	2.0	2.0	0.0	2.0	18
MMI	5.3	0.0	1.0	1.0	2.0	1.0	1.5	1.5	0.5	1.5	0.5	2.0	1.5	0.0	2.0	0.0	0.5	1.5	1.0	17
BMN.ASX	3.5	1.0	1.0	1.0	1.0	0.5	0.0	2.0	0.0	0.0	1.0	1.0	1.0	1.0	0.0	1.0	0.0	1.0	0.0	14
SEB-A.ST	5.8	1.0	1.0	1.0	1.5	2.0	1.0	0.0	2.0	1.0	1.5	1.5	1.5	1.0	1.0	2.0	0.0	2.0	0.0	15
TOPS	6.4	1.0	1.0	1.0	1.0	1.0	0.0	2.0	2.0	0.0	1.0	1.0	2.0	1.5	1.5	1.0	2.0	2.0	2.0	13
BXT.DE	3.6	1.0	1.0	1.0	1.0	0.5	1.0	0.0	0.0	0.0	1.0	1.0	1.0	1.0	1.0	1.0	0.0	0.5	1.0	9
PAYS	5.7	0.0	0.0	1.0	2.0	1.5	2.0	2.0	2.0	0.5	1.0	2.0	0.0	0.5	1.0	1.0	1.5	0.5	2.0	18
ALSN	6.9	2.0	0.0	1.0	1.5	1.5	2.0	1.5	1.5	1.0	1.5	2.0	1.0	1.5	1.5	2.0	1.5	0.5	1.5	18
PACB	5.0	1.0	0.0	2.0	0.5	0.0	0.5	1.0	0.0	2.0	1.0	1.0	1.0	2.0	1.0	1.0	2.0	2.0	0.0	15
4.HK	6.1	1.0	1.0	1.0	1.0	0.5	0.5	2.0	2.0	0.5	1.0	1.0	2.0	1.5	1.0	0.0	2.0	2.0	2.0	15
ALHC	5.6	0.0	2.0	1.0	0.0	1.0	2.0	0.5	0.5	2.0	1.5	2.0	0.5	1.0	2.0	1.0	0.5	2.0	0.5	18
3099.T	6.2	2.0	1.0	1.0	0.0	1.5	1.0	2.0	1.0	1.0	1.0	0.0	2.0	2.0	2.0	2.0	1.0	1.0	1.0	15
SCM	5.8	2.0	1.0	1.0	1.5	2.0	0.0	2.0	2.0	1.5	0.5	1.0	2.0	1.0	1.0	0.0	0.0	0.5	2.0	16
PDN.ASX	5.0	0.0	1.0	1.0	1.0	1.0	2.0	1.0	0.5	0.5	1.5	2.0	1.5	0.0	0.5	1.0	1.5	1.0	1.0	16
6990.HK	4.6	0.0	1.0	1.0	1.0	1.0	1.0	2.0	1.5	0.5	1.5	2.0	0.0	0.0	0.0	1.0	0.5	0.5	2.0	16
PBH.NV	3.6	0.5	1.0	1.0	1.0	0.5	1.0	0.0	0.0	0.0	1.0	1.0	2.0	1.0	1.0	1.0	0.0	0.0	1.0	10
SMBK	6.9	1.5	2.0	1.0	1.5	2.0	1.5	0.0	2.0	1.0	1.0	1.5	1.5	1.0	1.5	2.0	0.0	2.0	2.0	16
ALDLT.PA	7.4	2.0	1.0	1.0	1.0	1.0	1.0	2.0	1.0	2.0	0.5	2.0	2.0	2.0	2.0	2.0	1.0	2.0	1.0	16
EQT	7.1	1.5	2.0	1.0	0.0	2.0	0.5	2.0	1.5	1.5	2.0	0.5	1.5	2.0	1.5	2.0	2.0	0.0	2.0	18
6988.T	6.8	1.0	1.0	1.0	0.5	1.5	1.5	1.5	1.5	0.5	1.5	1.0	1.5	2.0	2.0	2.0	1.5	1.5	1.5	17
DSGN	4.4	1.0	2.0	1.0	1.5	0.5	1.0	0.0	0.0	0.0	1.0	1.0	1.0	1.0	1.0	1.0	0.0	2.0	1.0	13
FWRD	6.1	2.0	2.0	1.0	2.0	0.0	1.0	1.0	0.5	2.0	0.5	1.0	1.0	1.5	2.0	1.0	1.0	2.0	0.5	16
SCHO.CO	5.7	0.5	1.0	1.0	1.0	1.0	1.0	0.0	0.5	2.0	0.5	2.0	1.5	1.5	2.0	2.0	0.5	1.5	1.0	16
HRTG	7.4	2.0	0.0	1.0	2.0	2.0	1.0	1.5	2.0	2.0	0.5	0.0	1.5	2.0	2.0	1.0	2.0	2.0	2.0	18
ASX	5.7	0.0	0.0	1.0	1.5	1.0	2.0	0.5	1.0	0.0	0.5	2.0	0.5	2.0	2.0	2.0	1.0	2.0	1.5	18
ASSA-B.ST	6.5	1.0	1.0	1.0	1.5	1.5	1.0	1.5	1.5	1.0	2.0	1.5	1.0	1.0	1.5	2.0	1.0	1.0	1.5	15
HEMO.L	3.3	1.0	1.0	1.0	1.0	0.5	1.0	0.0	0.0	0.0	1.0	1.0	0.0	1.0	1.0	1.0	0.0	0.5	1.0	10
ALWTR.PA	4.2	1.0	1.0	1.0	1.0	0.0	0.0	2.0	0.0	1.0	1.0	1.0	1.0	1.0	1.5	1.0	0.0	0.5	1.0	9
ENTG	6.2	1.5	0.0	1.0	2.0	1.0	1.5	1.5	1.5	1.0	1.5	2.0	1.0	0.5	1.0	2.0	1.5	0.5	1.5	18
BTGO	4.6	1.0	2.0	1.0	0.0	0.5	2.0	0.0	0.0	0.0	1.5	1.0	1.5	1.0	2.0	1.0	0.0	1.5	0.5	16
RBLX	4.7	0.0	1.0	1.0	1.5	0.0	2.0	1.0	0.0	1.0	2.0	1.0	0.0	1.0	1.0	1.0	0.0	1.5	2.0	17
SHBI	6.8	1.5	2.0	1.0	1.5	2.0	1.5	0.0	2.0	1.0	0.5	1.5	1.5	1.0	1.5	2.0	0.0	2.0	2.0	16
ITRN	6.5	0.5	0.0	1.0	2.0	1.5	2.0	1.5	1.5	1.5	0.5	1.5	1.0	1.5	1.5	1.0	1.5	1.5	2.0	18
GTY	6.2	1.5	2.0	1.0	0.0	2.0	1.5	2.0	2.0	1.5	1.0	0.5	1.5	1.5	0.5	0.0	2.0	0.0	2.0	18
MCS.US	5.8	0.5	0.0	1.0	1.0	1.0	1.5	1.5	1.0	1.5	0.5	1.5	1.5	1.5	2.0	2.0	1.0	0.5	1.5	17
W7L.L	5.4	1.5	1.0	1.0	1.0	1.5	0.0	1.5	1.0	2.0	0.5	0.0	0.0	1.5	2.0	1.0	1.0	1.5	1.5	16
SPK.ASX	6.2	0.0	1.0	1.0	1.0	1.5	1.0	1.0	2.0	2.0	0.5	0.0	1.5	2.0	2.0	1.5	1.5	1.0	2.0	15
TRUP	5.1	0.0	0.0	1.0	1.5	1.0	1.5	1.0	0.5	0.5	0.5	2.0	1.5	1.0	2.0	1.0	0.5	2.0	1.0	18
EBS	6.8	2.0	1.0	1.0	0.0	0.0	2.0	2.0	2.0	2.0	0.5	1.0	1.5	2.0	2.0	1.0	1.5	2.0	1.0	17
DOCN	5.1	1.0	0.0	1.0	2.0	2.0	2.0	2.0	1.0	0.0	1.5	0.5	0.0	0.0	0.5	1.0	1.5	0.5	2.0	18
SEER	4.3	1.0	1.0	2.0	0.0	0.5	0.0	1.5	0.0	0.0	0.5	1.0	2.0	2.0	1.0	1.0	0.0	2.0	0.0	15
CVRX	4.3	1.0	1.0	1.0	0.0	0.0	1.5	2.0	0.0	0.0	1.0	1.0	1.0	1.0	2.0	1.0	0.0	2.0	0.0	15
8801.T	5.6	0.5	1.0	1.0	2.0	1.0	0.0	1.0	1.5	1.0	1.5	0.5	1.5	1.0	1.5	2.0	1.0	1.0	1.0	15
SLQT	6.0	1.0	2.0	1.0	1.0	1.0	0.5	1.5	0.5	2.0	0.5	1.0	2.0	1.5	2.0	1.0	0.5	2.0	0.5	15
6723.T	7.2	0.5	1.0	1.0	2.0	2.0	2.0	2.0	1.5	0.0	1.5	2.0	1.5	1.0	1.5	2.0	1.5	1.0	2.0	17
ROG	6.0	2.0	1.0	1.0	2.0	1.0	1.0	1.0	1.0	1.0	0.5	2.0	1.5	1.0	1.5	1.0	1.0	1.0	1.0	17
GDWN.L	4.2	0.0	1.0	1.0	1.0	2.0	1.0	1.5	1.0	0.0	1.0	1.0	0.0	0.0	0.5	0.0	1.5	0.5	2.0	13
BUR.PA	5.8	0.0	1.0	1.0	1.0	1.0	0.5	0.5	0.5	2.0	1.0	1.0	2.0	2.0	2.0	2.0	0.5	2.0	1.0	14
MCG.L	5.0	1.0	1.0	1.0	1.0	0.0	0.0	1.5	0.5	1.0	1.0	1.0	1.0	2.0	2.0	1.0	0.5	2.0	0.5	12
2333.HK	6.4	1.0	1.0	1.0	1.0	1.0	1.0	0.5	0.5	2.0	2.0	2.0	2.0	2.0	2.0	0.0	0.5	2.0	1.5	16
FISI	6.2	1.5	1.0	1.0	1.5	2.0	1.0	0.0	2.0	1.0	0.5	1.5	1.5	1.0	1.5	2.0	0.0	1.5	2.0	16
EMSN.ZU	5.6	0.0	1.0	1.0	1.0	2.0	0.5	1.5	2.0	1.0	1.0	1.5	0.5	0.5	1.0	1.5	1.5	0.5	2.0	16
SCLX	3.8	1.0	1.0	1.0	1.0	0.5	0.0	2.0	0.0	0.0	1.0	1.0	1.0	1.0	1.5	1.0	0.0	0.5	0.0	12
IVT	5.0	0.0	0.0	1.0	0.5	1.0	1.5	2.0	1.5	1.0	1.0	1.0	1.5	1.0	0.5	0.0	2.0	0.5	2.0	17
OLP	6.2	1.5	0.0	1.0	2.0	2.0	1.5	2.0	2.0	2.0	0.5	0.0	1.5	1.0	1.0	0.0	2.0	0.5	2.0	18
TECN.ZU	4.3	1.0	1.0	1.0	1.0	0.0	0.5	1.0	0.5	0.5	1.0	1.0	1.5	0.0	1.5	1.5	0.5	1.0	1.0	15
1919.HK	6.1	0.5	1.0	1.0	1.0	1.5	1.5	0.5	1.0	0.0	1.5	0.0	2.0	2.0	2.0	2.0	1.0	2.0	1.5	16
SHAZ	4.7	1.0	2.0	1.0	0.0	0.5	2.0	1.0	0.0	0.0	1.0	1.0	1.5	1.0	0.0	1.0	0.0	2.0	2.0	16
CA.PA	6.4	2.0	1.0	1.0	1.0	1.0	1.0	0.5	0.5	2.0	1.5	2.0	1.5	1.5	2.0	1.5	0.5	2.0	0.5	16
VABK	6.5	1.5	1.0	1.0	1.0	2.0	2.0	0.0	2.0	1.0	1.0	1.0	1.5	1.0	1.5	2.0	0.0	2.0	2.0	12
MNKD	4.0	0.0	1.0	1.0	0.0	0.0	2.0	2.0	0.0	1.0	1.0	1.0	1.0	0.0	1.5	1.0	0.5	1.5	0.0	16
TCRX	4.2	1.0	1.0	1.0	2.0	0.5	0.0	0.0	0.0	0.0	0.5	1.0	2.0	1.0	2.0	1.0	0.0	2.0	0.0	16
LKFT	4.7	2.0	0.0	1.0	2.0	2.0	0.0	2.0	0.0	1.5	0.5	1.0	0.0	0.0	0.0	1.0	2.0	2.0	0.0	17
MED.US	5.7	2.0	1.0	1.0	2.0	0.5	0.0	2.0	0.0	2.0	0.5	1.0	2.0	2.0	1.0	1.0	0.0	2.0	0.5	16
LIFCOb.ST	5.8	0.5	1.0	1.0	1.5	1.5	1.5	1.5	1.5	1.0	1.0	2.0	0.5	0.5	1.0	2.0	1.5	0.0	1.5	17
NFX.L	3.8	1.0	1.0	1.0	1.0	0.5	1.0	0.0	0.0	0.0	1.0	1.0	0.0	1.0	1.0	1.0	0.0	2.0	1.0	10
EFG.PA	3.5	2.0	1.0	1.0	1.0	0.0	0.5	0.0	0.0	0.0	0.5	1.0	1.0	1.0	1.0	1.0	0.0	1.0	0.5	14
NP5.DE	3.8	1.0	1.0	1.0	1.0	0.0	0.0	2.0	0.0	0.5	1.0	1.0	1.0	1.0	0.5	1.0	0.0	1.5	0.0	12
NHC.ASX	6.5	0.5	1.0	1.0	1.0	1.0	2.0	1.5	1.5	1.5	1.0	2.0	1.5	1.5	1.5	0.0	1.5	1.5	2.0	16
ALNOV.PA	5.6	1.0	1.0	1.0	1.0	0.0	1.0	2.0	0.0	2.0	1.0	1.0	1.5	1.5	2.0	1.0	1.0	2.0	0.0	13
SKA-B.ST	5.3	0.0	1.0	1.0	1.5	1.0	1.0	0.0	0.5	0.5	1.0	1.5	1.5	1.5	2.0	2.0	0.5	1.5	1.0	17
JHX.ASX	6.9	1.5	1.0	1.0	2.0	1.0	2.0	1.5	1.5	2.0	1.5	2.0	1.5	1.0	1.5	1.0	1.5	0.5	1.0	17
SLF	6.0	1.5	1.0	1.0	1.5	1.0	1.0	1.5	1.5	0.0	0.5	2.0	1.5	1.0	1.0	1.5	1.0	2.0	1.0	18
NATL	6.4	1.0	2.0	1.0	1.5	1.0	1.0	1.0	1.0	2.0	0.5	2.0	0.5	2.0	2.0	1.0	1.0	1.5	1.0	18
LAMR	5.7	1.0	1.0	1.0	1.0	2.0	1.0	2.0	2.0	1.0	1.0	1.5	0.0	1.0	1.0	0.0	2.0	0.0	2.0	17
ACCO	6.5	2.0	1.0	1.0	0.0	1.0	1.0	1.0	1.0	2.0	0.5	2.0	2.0	1.5	2.0	2.0	1.0	2.0	0.5	17
NOKIA.HE	5.7	2.0	1.0	1.0	0.0	1.0	1.0	1.5	0.5	1.0	2.0	2.0	1.5	1.0	1.5	0.0	1.0	1.5	1.0	17
SFGYY	5.6	1.0	1.0	1.0	1.0	0.5	0.0	0.0	2.0	1.0	1.0	1.0	1.5	2.0	2.0	2.0	0.0	2.0	1.0	12
CWK.L	4.6	0.5	1.0	1.0	1.0	1.0	1.0	0.5	1.0	0.5	1.5	0.0	0.0	1.5	2.0	2.0	1.0	0.0	1.0	16
STLAP.PA	4.3	2.0	0.0	1.0	1.0	0.0	1.5	0.0	0.5	0.0	0.5	1.0	2.0	1.0	2.0	1.0	0.0	2.0	0.0	16
GALD.ZU	6.5	1.5	1.0	1.0	0.5	1.5	2.0	2.0	1.5	1.0	1.5	2.0	1.0	0.5	1.0	2.0	1.5	0.5	1.5	17
GMG.ASX	7.1	0.5	1.0	1.0	1.0	2.0	2.0	2.0	2.0	1.5	1.5	1.5	1.5	0.5	0.5	2.0	2.0	1.0	2.0	16
RRR	6.8	1.0	1.0	1.0	2.0	1.0	0.5	2.0	2.0	1.0	1.5	2.0	0.0	1.5	1.5	2.0	2.0	0.5	2.0	18
1378.HK	7.2	2.0	1.0	1.0	1.0	1.5	1.0	1.0	2.0	1.0	1.5	1.0	1.5	2.0	2.0	2.0	1.5	2.0	1.0	14
EQBK	6.5	1.0	1.0	1.0	1.5	1.5	2.0	0.0	2.0	1.0	1.0	2.0	1.5	1.0	1.5	2.0	0.0	2.0	1.5	15
LI	3.2	0.0	1.0	1.0	0.0	0.5	0.0	0.5	0.0	0.0	2.0	1.0	1.5	0.0	1.0	1.0	0.0	2.0	0.0	17
LMP.L	5.6	0.0	1.0	1.0	1.0	2.0	1.5	2.0	2.0	1.0	1.5	0.0	0.0	1.0	0.5	1.0	2.0	0.5	2.0	16
SOLS	6.1	2.0	0.0	1.0	1.5	1.0	1.5	1.0	1.5	0.0	1.0	2.0	1.0	1.5	1.5	2.0	1.5	1.0	1.0	18
TPC	5.8	2.0	0.0	1.0	0.0	1.0	1.5	0.5	0.5	2.0	0.5	2.0	1.0	1.5	2.0	2.0	0.5	2.0	1.0	18
INF.L	5.7	2.0	1.0	1.0	1.0	1.0	1.0	1.5	1.5	2.0	1.5	0.0	0.0	1.5	1.5	0.0	1.5	1.0	1.5	16
02382.HK	6.2	1.5	1.0	1.0	1.0	1.5	1.5	0.5	1.0	0.0	2.0	0.0	1.5	1.5	2.0	2.0	1.0	2.0	1.5	16
9888.HK	5.7	2.0	1.0	1.0	0.0	0.5	0.5	1.5	1.0	0.0	1.5	1.0	2.0	1.5	2.0	1.0	1.0	2.0	1.0	16
HTG.L	4.6	1.0	1.0	1.0	1.0	1.0	0.5	1.0	0.5	0.0	1.0	0.0	0.0	2.0	2.0	2.0	0.5	1.5	0.5	16
ORIOLA.HE	4.0	0.0	1.0	1.0	1.0	0.5	1.0	0.0	0.5	0.0	0.5	1.0	1.5	1.5	2.0	0.0	0.5	2.0	0.5	16
IIIN	4.9	1.5	1.0	1.0	0.0	1.0	1.0	0.5	0.5	0.0	0.5	2.0	1.5	1.5	2.0	2.0	0.5	0.5	0.5	17
KLAR	5.6	2.0	0.0	1.0	0.0	0.5	2.0	1.5	0.5	2.0	2.0	1.0	1.5	1.0	2.0	1.0	0.0	2.0	0.0	17
BFST	6.7	1.5	2.0	1.0	0.5	2.0	1.5	0.0	2.0	1.0	1.0	1.5	1.5	1.0	1.5	2.0	0.0	2.0	2.0	16
TDC	6.1	0.0	1.0	1.0	0.0	2.0	1.0	2.0	1.0	2.0	1.0	0.0	1.0	2.0	2.0	1.0	1.5	1.5	2.0	18
RZLV	4.0	1.0	1.0	1.0	1.0	0.0	2.0	2.0	0.0	0.0	0.5	1.0	1.5	1.0	1.0	1.0	0.0	0.5	0.0	14
AVD	5.0	2.0	1.0	1.0	1.0	0.0	0.5	1.0	0.5	0.0	1.0	1.0	2.0	1.5	2.0	1.0	0.5	2.0	0.0	14
ALCOG.PA	4.6	1.0	1.0	1.0	1.0	0.0	2.0	0.0	0.0	1.0	1.0	1.0	1.5	1.0	2.0	1.0	0.0	1.0	1.0	11
AXL.L	7.1	1.5	1.0	1.0	1.0	1.5	2.0	2.0	2.0	2.0	0.5	0.0	0.0	2.0	2.0	1.0	2.0	2.0	2.0	16
PHIA.NV	6.5	2.0	1.0	1.0	0.0	1.0	1.0	1.5	1.0	1.5	2.0	2.0	1.5	1.5	2.0	1.5	1.0	1.0	1.0	17
ALOKW.PA	4.3	1.0	1.0	1.0	1.0	0.0	0.0	2.0	0.0	0.0	0.5	1.0	2.0	1.0	2.0	1.0	0.0	2.0	0.0	14
BFIT.NV	6.5	0.0	1.0	1.0	1.0	1.0	1.5	2.0	1.0	2.0	1.5	2.0	1.0	1.5	1.5	1.0	1.5	1.0	2.0	16
IDYA	3.6	1.0	2.0	1.0	0.0	0.0	1.0	0.0	0.0	0.0	1.5	1.0	1.0	1.0	0.5	1.0	0.0	2.0	0.0	15
LEG.DE	6.9	2.0	1.0	1.0	0.0	2.0	1.0	1.5	2.0	2.0	1.5	0.0	2.0	0.5	1.0	2.0	2.0	1.5	2.0	17
MSGE	5.6	0.0	0.0	1.0	2.0	1.0	2.0	1.5	0.0	2.0	1.0	2.0	0.0	0.5	1.5	1.0	1.5	1.0	2.0	18
CWEN	6.9	0.5	2.0	1.0	2.0	1.0	2.0	2.0	2.0	1.5	1.5	2.0	1.5	1.0	0.5	0.0	2.0	0.5	2.0	18
NIC.ASX	5.1	1.0	1.0	1.0	1.0	0.5	1.5	0.5	1.5	0.5	1.0	1.0	1.5	1.0	1.5	1.0	1.0	1.0	1.0	14
ALAGO.PA	2.8	0.0	1.0	1.0	1.0	0.0	1.0	0.0	0.0	0.0	1.0	1.0	1.0	1.0	0.5	1.0	0.0	0.5	0.0	12
UUUU	3.5	1.0	0.0	1.0	0.0	0.0	2.0	1.5	0.0	0.0	1.0	1.0	1.0	1.0	0.0	1.0	0.0	2.0	0.0	16
SOBI.ST	7.2	2.0	1.0	1.0	2.0	1.0	2.0	2.0	2.0	1.0	1.5	2.0	1.0	1.5	1.0	1.0	2.0	0.0	2.0	17
VNDA	4.2	1.0	1.0	1.0	0.0	0.0	0.5	2.0	0.0	0.0	1.0	1.0	1.5	1.0	2.0	1.0	0.0	2.0	0.0	17
S6P.DE	5.1	1.0	1.0	1.0	1.0	1.0	1.0	2.0	0.0	1.0	1.0	1.0	1.0	1.5	2.0	1.0	0.5	0.5	1.0	7
MVBF	6.4	1.5	2.0	1.0	2.0	2.0	2.0	0.0	2.0	1.0	0.5	0.5	1.5	1.0	2.0	2.0	0.0	2.0	0.0	16
AROC	6.7	1.5	2.0	1.0	0.0	2.0	0.5	2.0	2.0	1.0	1.0	1.5	1.0	1.5	1.0	2.0	2.0	0.0	2.0	18
INDV	6.9	1.5	2.0	1.0	2.0	2.0	1.5	2.0	2.0	0.5	0.5	2.0	1.0	1.5	1.5	1.0	2.0	1.0	0.0	17
IBM	6.4	1.0	1.0	1.0	0.5	1.5	1.0	2.0	1.5	1.5	2.0	1.5	0.5	1.0	1.5	2.0	1.5	0.5	1.5	18
MOTR.L	3.8	1.0	1.0	1.0	1.0	1.0	1.0	0.0	0.5	0.0	0.5	0.0	0.0	1.0	2.0	2.0	0.5	0.5	0.5	16
GEF.B	5.0	1.0	1.0	1.0	1.0	1.0	1.0	1.0	1.0	1.0	1.0	1.0	1.0	1.0	1.0	1.0	1.0	1.0	1.0	1
METSB.HE	5.1	1.5	1.0	1.0	0.0	0.5	0.5	1.0	0.5	2.0	1.0	1.0	2.0	0.0	2.0	1.0	0.5	2.0	1.0	16
OSK	5.3	0.0	0.0	1.0	0.0	1.0	1.0	0.5	1.0	2.0	1.5	2.0	1.5	1.5	2.0	2.0	0.5	0.5	1.0	18
CURV	4.2	1.0	1.0	1.0	0.0	0.5	0.0	1.0	0.5	2.0	1.0	1.0	1.0	0.5	2.0	1.0	0.5	1.0	0.0	14
BIRK	7.2	2.0	1.0	1.0	0.5	1.5	1.5	2.0	2.0	1.0	2.0	1.5	1.5	1.5	1.5	1.0	1.5	1.5	1.5	18
USLM	6.5	1.0	1.0	1.0	0.5	2.0	1.0	2.0	2.0	0.5	0.5	1.5	1.0	1.0	1.0	2.0	2.0	1.5	2.0	17
SJJ.DE	4.6	0.0	1.0	1.0	1.0	1.0	2.0	0.5	0.5	0.0	0.5	2.0	1.5	0.0	2.0	1.0	0.5	1.5	0.5	16
TROAX.ST	3.5	0.0	1.0	1.0	0.0	1.0	2.0	1.5	1.0	0.5	0.5	2.0	0.0	0.0	0.0	0.0	1.0	0.0	1.0	17
BRN.ASX	3.3	1.0	1.0	1.0	1.0	0.5	1.5	1.5	0.0	0.0	0.5	1.0	0.0	1.0	0.0	1.0	0.0	1.0	0.0	14
PSPN.ZU	5.7	0.0	1.0	1.0	0.0	2.0	2.0	2.0	2.0	1.0	1.0	0.0	1.5	0.5	0.5	2.0	2.0	0.0	2.0	17
EBAY	6.4	1.0	0.0	1.0	0.5	1.5	1.5	2.0	1.5	1.0	2.0	2.0	0.0	1.0	1.5	2.0	1.5	1.0	2.0	18
6301.T	6.2	0.5	1.0	1.0	2.0	1.0	1.5	1.0	1.0	0.0	1.5	2.0	1.5	1.5	2.0	2.0	1.0	1.0	1.0	17
1833.HK	4.9	0.0	1.0	1.0	1.0	1.0	0.5	1.0	1.0	0.0	1.5	0.5	1.5	1.0	2.0	1.0	0.5	2.0	1.0	16
KEY	6.1	1.5	0.0	1.0	0.5	2.0	1.5	0.0	2.0	1.0	1.5	2.0	1.5	1.0	1.5	2.0	0.0	1.5	1.5	16
BPOST.BR	5.6	1.0	1.0	1.0	1.0	0.5	0.5	0.5	0.5	2.0	1.0	1.0	2.0	1.5	2.0	1.0	0.5	2.0	1.0	14
NRC	4.4	1.5	0.0	1.0	1.0	1.0	1.0	2.0	0.0	1.0	0.5	2.0	0.0	1.0	1.5	0.0	1.0	0.0	1.5	17
FRCB	6.0	2.0	1.0	2.0	1.0	2.0	0.0	0.0	2.0	1.0	1.0	1.0	2.0	1.0	0.5	2.0	0.0	2.0	1.0	11
4507.T	6.4	2.0	1.0	1.0	0.0	2.0	2.0	2.0	1.0	0.0	1.5	0.0	1.5	1.0	1.0	2.0	1.5	1.5	2.0	17
SMHN.DE	5.0	0.0	1.0	1.0	2.0	1.0	0.0	1.0	1.0	0.5	1.0	2.0	1.0	0.5	1.5	2.0	0.5	1.0	1.0	17
ABEO	3.9	1.0	1.0	1.0	0.5	0.0	2.0	0.0	0.0	0.0	1.0	1.0	1.5	1.0	1.0	1.0	0.0	2.0	0.0	15
ENSG	6.0	1.5	2.0	1.0	1.5	1.0	1.5	0.5	1.0	1.0	1.0	2.0	1.0	0.5	1.5	2.0	1.0	0.5	1.0	18
ESTA	4.2	1.0	2.0	1.0	1.5	0.0	2.0	2.0	0.0	0.0	1.0	1.0	0.0	1.0	1.0	1.0	0.0	0.5	0.0	16
DTE.DE	6.8	1.0	1.0	1.0	0.0	1.0	1.0	1.5	1.5	2.0	1.5	2.0	1.5	2.0	1.5	2.0	1.5	0.5	2.0	17
2268.HK	6.0	0.0	1.0	1.0	1.0	2.0	2.0	1.5	2.0	0.5	2.0	2.0	0.5	0.0	0.5	1.0	1.5	1.0	2.0	16
OLMA	3.8	1.0	0.0	1.0	0.0	0.5	1.0	0.0	0.0	0.0	1.5	1.0	1.5	1.0	1.0	1.0	0.0	2.0	1.0	13
BDN	4.7	1.0	0.0	1.0	0.0	0.0	1.5	2.0	1.0	0.0	0.5	1.0	2.0	1.0	1.0	0.0	2.0	1.0	2.0	17
CANG	4.6	1.0	1.0	0.5	0.0	0.0	1.0	0.0	0.0	1.0	0.5	1.0	2.0	2.0	2.0	1.0	1.0	1.5	1.0	12
CURY.L	5.1	1.5	1.0	1.0	1.0	1.0	1.0	0.0	0.5	2.0	1.0	0.0	0.0	2.0	2.0	2.0	0.5	1.5	0.5	16
CNI	6.9	1.0	0.0	1.0	1.5	2.0	1.5	2.0	2.0	1.0	1.5	2.0	1.0	1.5	1.0	2.0	2.0	0.0	2.0	18
HUBB	6.5	1.0	1.0	1.0	1.5	1.5	1.5	1.5	1.5	1.0	1.5	2.0	0.5	1.0	1.5	2.0	1.5	0.5	1.5	18
MP1.ASX	4.6	1.0	1.0	1.0	1.0	0.0	2.0	2.0	0.0	0.0	1.5	1.0	1.0	0.0	0.5	1.0	0.5	1.0	2.0	14
A1OS.DE	4.6	2.0	1.0	1.0	1.0	0.5	1.0	0.5	0.0	2.0	0.5	1.0	1.0	0.0	2.0	0.0	0.5	1.5	1.0	15
PGN.DE	5.4	0.5	1.0	1.0	1.0	0.5	0.0	2.0	0.5	2.0	1.0	1.0	1.0	2.0	2.0	1.0	0.5	1.5	1.0	13
BCSF	6.4	1.5	2.0	1.0	0.5	2.0	0.0	2.0	2.0	2.0	0.5	2.0	2.0	1.0	1.0	0.0	0.0	1.5	2.0	17
BANQ.BR	4.2	1.0	1.0	1.0	1.0	0.0	1.0	2.0	0.0	0.0	0.5	1.0	2.0	1.0	1.5	1.0	0.0	1.0	0.0	14
TIV.CO	5.1	0.5	1.0	1.0	1.0	1.0	1.0	2.0	1.0	0.0	1.0	1.0	1.0	1.0	1.5	2.0	1.0	0.0	1.5	14
SCHP.ZU	5.6	0.5	1.0	1.0	1.0	1.0	0.5	2.0	1.0	1.0	1.0	1.5	1.0	1.0	1.5	1.5	1.0	1.5	1.0	16
AEE	6.4	1.0	2.0	1.0	0.5	1.5	0.5	2.0	2.0	0.0	1.5	1.0	1.5	1.5	1.0	2.0	2.0	0.0	2.0	18
PATK	5.6	0.5	2.0	1.0	0.0	1.0	0.5	1.0	0.5	0.5	1.5	2.0	1.5	1.5	2.0	2.0	1.0	0.5	1.0	18
FTV	6.8	2.0	0.0	1.0	1.0	1.5	1.0	2.0	1.5	1.5	1.5	2.0	1.5	1.0	1.5	2.0	1.5	0.5	1.5	18
ARKO	4.3	0.0	1.0	1.0	0.0	1.0	2.0	0.5	0.5	1.0	0.5	0.0	1.5	1.5	2.0	0.0	0.5	2.0	0.5	18
CROX	6.5	1.5	0.0	1.0	0.0	1.5	1.0	2.0	1.5	2.0	1.5	2.0	1.0	2.0	2.0	1.0	1.5	0.5	1.5	18
ALTPC.PA	7.4	1.0	1.0	1.5	1.0	2.0	1.0	2.0	1.5	2.0	1.0	1.5	1.5	2.0	1.5	0.0	2.0	2.0	2.0	15
OEC	6.2	1.0	1.0	1.0	2.0	0.5	1.0	0.5	0.5	2.0	0.5	1.0	2.0	2.0	2.0	2.0	1.0	1.5	1.0	16
EAF	3.2	1.0	1.0	1.0	0.0	0.0	0.5	0.0	0.0	0.0	0.5	1.0	1.0	1.0	1.5	1.0	0.0	2.0	0.0	15
EGLA.MI	5.3	1.0	1.0	1.0	1.0	0.5	0.5	1.0	0.0	1.5	0.5	1.0	2.0	1.5	2.0	1.0	0.5	2.0	1.0	14
VOS.DE	6.2	1.0	1.0	1.0	1.0	1.0	1.5	1.0	0.5	1.5	1.0	2.0	1.5	1.5	2.0	1.5	1.0	1.5	1.0	16
FLUGb.CO	5.8	0.5	1.0	1.0	1.0	1.0	1.0	2.0	0.0	2.0	0.5	2.0	1.5	1.5	2.0	2.0	0.5	0.5	1.0	16
SNA	6.4	1.0	0.0	1.0	0.5	1.5	1.0	2.0	2.0	1.5	1.0	1.5	1.0	1.5	1.5	2.0	1.5	1.0	1.5	18
ACDC	4.3	1.0	0.0	1.0	0.5	0.0	0.5	1.0	0.0	2.0	0.5	1.0	1.5	1.5	2.0	1.0	1.0	0.5	0.5	16
IMDA.PA	6.1	1.0	1.0	1.0	1.0	0.5	1.0	2.0	2.0	1.0	1.0	1.0	2.0	1.0	0.5	2.0	2.0	0.0	2.0	13
RCN.L	3.9	0.0	1.0	1.0	1.0	1.0	0.5	2.0	0.5	0.0	0.5	0.0	0.0	1.5	2.0	0.0	1.0	0.5	1.5	16
RIG	6.5	1.5	2.0	1.0	0.0	0.0	0.5	1.5	1.5	2.0	1.5	1.0	2.0	2.0	1.5	1.0	2.0	1.0	1.5	17
DECK	7.2	2.0	1.0	1.0	0.0	1.5	1.0	2.0	1.5	2.0	2.0	1.5	1.0	2.0	2.0	1.0	1.5	1.5	1.5	18
BIOGb.ST	5.4	0.5	1.0	1.0	0.0	2.0	1.0	2.0	2.0	0.5	0.5	2.0	0.0	0.5	1.0	2.0	1.5	0.5	1.5	17
ALTG	4.7	1.0	1.0	1.5	0.5	0.5	0.5	1.0	0.5	2.0	1.0	1.0	1.0	0.0	2.0	1.0	0.5	1.5	0.5	15
LNG	7.1	0.0	1.0	1.0	2.0	1.5	2.0	1.5	2.0	0.5	2.0	2.0	0.5	1.5	1.5	2.0	2.0	0.5	2.0	18
NLY	6.0	0.0	2.0	1.0	1.5	2.0	2.0	2.0	2.0	1.0	1.5	0.0	1.5	1.0	0.0	1.5	0.0	0.5	2.0	16
OBEL.BR	6.2	0.0	1.0	1.0	1.0	1.0	1.0	2.0	1.0	2.0	0.5	1.5	1.5	2.0	2.0	1.0	1.5	0.5	2.0	16
SABR	6.1	1.0	1.0	1.0	0.0	2.0	1.0	2.0	1.0	2.0	1.0	1.0	1.0	1.5	2.0	1.0	1.0	2.0	0.5	16
ASM.NV	6.7	1.5	1.0	1.0	2.0	2.0	1.5	2.0	2.0	0.5	1.5	2.0	0.5	0.0	0.5	2.0	1.5	0.5	2.0	17
CRH	6.4	1.0	1.0	1.0	0.0	1.0	1.0	1.5	1.5	1.0	2.0	1.5	1.5	1.5	2.0	2.0	1.5	1.0	1.0	18
CAI	5.0	2.0	1.0	1.0	0.0	1.5	2.0	2.0	1.0	0.5	1.5	0.0	0.0	0.0	1.0	1.0	1.0	1.0	1.5	18
INVP.L	4.9	2.0	1.0	1.0	1.0	2.0	1.0	0.0	2.0	1.0	0.5	0.0	0.0	1.0	1.0	2.0	0.0	2.0	0.0	14
ROCK	5.8	2.0	1.0	1.0	0.5	0.0	2.0	1.0	1.0	2.0	0.5	2.0	1.5	1.5	2.0	1.0	1.0	0.5	0.5	17
CHA	6.9	1.5	1.0	1.0	2.0	1.5	1.0	1.5	1.5	2.0	1.5	2.0	1.5	1.0	1.0	1.0	1.0	2.0	1.0	17
PLX.PA	7.9	1.5	1.0	1.0	1.0	1.5	1.0	1.5	2.0	2.0	1.5	1.5	1.0	2.0	2.0	2.0	2.0	2.0	2.0	16
AAL.L	6.2	1.5	1.0	1.0	1.0	0.0	1.5	2.0	2.0	1.5	1.5	1.0	0.0	1.5	1.5	0.0	1.5	2.0	2.0	15
LGND	5.7	1.0	0.0	1.0	0.0	2.0	2.0	2.0	1.0	1.0	1.5	1.5	0.5	0.0	0.0	1.0	2.0	2.0	2.0	18
ARQT	4.7	0.0	0.0	1.0	2.0	1.0	2.0	2.0	1.0	0.5	1.0	2.0	0.0	0.0	1.0	1.0	0.5	1.0	1.0	18
VICR	5.0	0.0	0.0	1.0	2.0	2.0	2.0	2.0	1.5	0.5	0.5	2.0	0.0	0.0	0.0	1.0	1.5	0.5	1.5	18
HPP	5.0	0.0	0.0	1.0	0.5	0.0	0.5	1.5	0.0	2.0	1.5	1.0	2.0	1.0	1.0	1.0	2.0	1.5	1.5	17
TDAY	5.1	2.0	0.0	1.0	0.0	0.5	0.5	1.5	0.5	2.0	1.0	1.0	0.5	2.0	2.0	1.0	1.0	1.0	1.0	17
ASST	3.5	1.0	2.0	1.0	0.0	0.5	2.0	0.0	0.0	0.0	1.0	1.0	1.0	1.0	0.0	1.0	0.0	1.0	0.0	16
SKJE.CO	6.1	1.0	1.0	1.0	1.0	2.0	1.5	0.0	2.0	1.0	1.0	1.0	1.5	1.0	2.0	2.0	0.0	2.0	1.0	11
NVS	6.5	0.5	0.0	1.0	1.5	2.0	1.0	2.0	2.0	1.0	1.5	2.0	0.5	1.5	1.0	1.5	2.0	0.5	2.0	18
ACI	5.7	1.5	2.0	1.0	0.0	1.0	1.0	1.0	0.5	2.0	1.5	2.0	1.0	2.0	2.0	0.0	0.5	1.0	0.5	18
EDL.DE	6.8	2.0	1.0	1.0	1.0	1.0	1.0	1.5	0.5	2.0	0.5	1.5	1.5	2.0	2.0	2.0	1.0	2.0	1.0	16
ALIFb.ST	5.4	0.5	1.0	1.0	1.0	1.0	1.0	1.5	1.0	1.0	0.5	2.0	1.0	1.0	1.5	2.0	1.0	0.5	1.0	16
THRL.L	4.9	2.0	1.0	1.0	1.0	1.0	1.0	1.0	1.0	1.0	0.5	0.0	1.0	1.0	1.0	1.0	1.0	1.0	1.0	4
MBRFY	5.3	0.0	1.0	1.0	1.0	1.0	1.0	0.5	0.5	2.0	1.0	1.0	1.5	2.0	2.0	0.0	0.5	2.0	1.0	14
OLN	4.4	0.0	2.0	1.0	0.0	0.5	0.5	0.0	0.5	2.0	1.5	1.0	1.5	1.5	2.0	0.0	0.5	1.0	0.5	17
BGS	5.4	0.0	2.0	1.0	0.0	0.5	0.5	1.0	1.0	2.0	1.0	1.0	2.0	1.5	2.0	0.0	1.0	2.0	1.0	17
TME	7.9	1.0	1.0	1.0	0.0	2.0	1.0	1.5	2.0	2.0	2.0	2.0	1.5	2.0	2.0	2.0	1.5	2.0	2.0	18
BWP.ASX	5.6	0.0	1.0	1.0	1.0	2.0	1.0	2.0	2.0	1.0	1.0	0.0	2.0	1.0	0.5	2.0	0.0	0.5	2.0	15
EPR	6.0	1.0	0.0	1.0	0.5	2.0	1.5	2.0	2.0	1.5	1.5	1.0	1.5	1.5	0.5	0.0	2.0	0.0	2.0	18
KRUS	4.9	1.0	2.0	1.0	2.0	0.5	1.5	0.5	0.0	0.0	1.0	1.0	1.5	0.0	2.0	1.0	0.5	1.0	1.0	16
PSQH	4.9	1.0	1.0	1.0	2.0	0.0	2.0	2.0	0.0	0.0	0.5	1.0	1.0	1.0	2.0	1.0	0.0	2.0	0.0	15
RGNX	5.0	1.0	1.0	1.0	2.0	0.0	2.0	0.0	2.0	0.0	1.5	1.0	1.0	1.0	1.5	1.0	0.0	2.0	0.0	15
BAND.US	4.7	1.0	0.0	1.0	1.5	1.0	2.0	1.5	0.0	1.0	1.0	1.0	1.0	0.0	1.5	1.0	0.5	1.0	1.0	16
OR.US	5.7	1.0	0.0	1.0	0.0	2.0	2.0	2.0	2.0	0.0	0.5	1.0	1.0	1.0	0.5	2.0	2.0	0.5	2.0	18
RLJ	6.0	1.0	0.0	1.0	2.0	1.0	1.0	1.0	1.0	2.0	1.5	0.0	2.0	1.5	1.5	0.0	1.5	2.0	1.5	18
WGX.ASX	8.1	1.5	1.0	1.0	1.0	1.5	2.0	1.5	2.0	2.0	1.0	1.5	1.5	2.0	2.0	2.0	2.0	1.5	2.0	16
LINE	4.9	1.0	0.0	1.0	0.0	0.5	1.0	1.0	0.5	2.0	1.5	1.0	1.5	1.0	1.5	1.0	1.5	0.0	1.5	16
THO	6.0	2.0	2.0	1.0	0.0	1.0	0.5	0.5	0.5	1.0	1.5	2.0	2.0	1.5	2.0	1.5	0.5	1.5	0.5	18
PBF	6.4	2.0	1.0	1.0	2.0	1.0	2.0	0.0	1.0	0.5	1.5	1.5	1.5	1.5	2.0	2.0	0.5	1.5	0.5	18
CCEP.NV	5.4	0.5	0.0	1.0	1.0	1.0	1.0	1.5	1.0	1.0	1.5	1.5	1.0	1.0	1.5	2.0	1.0	1.0	1.0	17
8233.T	6.5	1.5	1.0	1.0	1.0	0.5	1.0	2.0	1.5	1.0	1.0	1.0	1.5	1.5	1.5	2.0	1.5	1.5	1.5	15
OMCL	5.4	0.0	1.0	1.0	0.0	1.0	1.0	1.5	0.5	2.0	1.0	2.0	1.5	1.0	2.0	1.0	0.5	1.5	1.0	18
SOFI	6.1	2.0	0.0	1.0	0.5	1.5	2.0	2.0	1.5	1.0	2.0	2.0	1.5	1.0	1.5	1.0	0.0	1.5	0.0	16
ALMS	4.0	1.0	2.0	1.0	0.5	0.5	0.0	2.0	0.0	0.0	1.0	1.0	1.5	1.0	0.0	1.0	0.0	2.0	0.0	16
STLD	5.6	0.0	0.0	1.0	1.5	1.0	2.0	0.5	1.0	0.5	1.5	2.0	1.0	1.5	2.0	2.0	1.0	0.5	1.0	18
3382.T	5.3	0.0	1.0	1.0	2.0	1.0	0.0	0.5	0.5	0.0	1.5	1.0	1.5	1.5	2.0	2.0	1.0	1.5	1.0	17
ANF	7.2	0.5	2.0	1.0	2.0	1.5	1.0	2.0	1.5	1.5	1.5	1.5	1.0	2.0	2.0	1.0	1.0	1.5	1.5	18
AS	6.2	2.0	1.0	1.0	0.0	1.0	2.0	2.0	0.5	1.0	2.0	2.0	1.5	1.5	1.5	1.0	1.0	0.5	1.0	18
INS.DE	6.0	2.0	1.0	1.0	1.0	1.5	1.0	0.5	0.5	1.0	0.5	0.5	2.0	1.5	2.0	2.0	0.5	2.0	1.0	16
DVA	6.1	2.0	0.0	1.0	0.0	1.0	1.0	1.0	1.5	2.0	1.0	2.0	1.0	1.5	2.0	1.0	1.5	1.0	1.5	17
MBIN	5.7	1.5	0.0	1.0	2.0	2.0	2.0	0.0	2.0	1.0	0.5	1.5	1.5	1.0	0.5	2.0	0.0	2.0	0.0	16
DBAN.DE	6.5	1.0	1.0	1.0	1.0	0.0	1.0	2.0	2.0	2.0	1.0	1.0	2.0	1.0	0.5	1.5	2.0	1.5	2.0	13
ALGIL.PA	6.7	2.0	1.0	1.0	1.0	1.0	1.0	1.5	1.0	1.0	0.5	1.5	2.0	2.0	2.0	2.0	1.0	1.5	1.0	16
BOOM	5.6	2.0	0.0	1.0	2.0	0.5	1.0	0.5	0.5	2.0	0.5	1.0	2.0	1.0	2.0	1.0	0.5	2.0	0.5	17
TFSL	4.9	0.0	1.0	1.0	1.0	2.0	1.5	0.0	2.0	1.0	0.5	1.5	1.5	1.0	0.0	0.0	0.0	1.5	2.0	15
VETO.PA	7.1	0.5	1.0	1.0	1.0	1.5	1.0	2.0	1.5	2.0	0.5	1.0	1.5	2.0	2.0	2.0	1.5	2.0	1.5	16
SLX.ASX	3.6	0.5	1.0	1.0	1.0	0.0	0.5	1.0	0.0	0.5	0.5	1.0	1.0	0.0	0.0	1.0	0.5	1.5	2.0	15
EPRT	7.1	1.0	2.0	1.0	0.5	2.0	1.5	2.0	2.0	1.5	2.0	1.5	1.5	1.0	0.5	1.0	2.0	0.5	2.0	18
PKG	6.2	1.0	2.0	1.0	0.5	1.0	1.5	1.0	1.0	1.0	1.5	2.0	1.0	1.5	1.5	1.5	1.5	0.5	1.5	18
00066.HK	6.7	2.0	1.0	1.0	1.0	2.0	0.5	1.5	2.0	0.0	1.5	0.0	1.5	1.5	1.0	2.0	2.0	2.0	1.5	16
BBY.L	5.1	1.0	1.0	1.0	1.0	1.0	1.5	0.0	0.5	1.5	1.5	0.0	0.0	1.0	2.0	2.0	0.5	2.0	1.0	16
9843.T	6.8	1.5	1.0	1.0	1.0	1.0	0.5	2.0	1.5	1.0	1.5	2.0	1.5	1.5	2.0	2.0	1.5	1.0	1.0	14
ALHUN.PA	4.0	0.0	1.0	0.0	1.0	0.5	0.5	1.0	0.0	0.0	1.0	2.0	2.0	0.0	2.0	1.0	0.5	1.5	0.5	15
OGI	5.7	2.0	1.0	1.0	2.0	2.0	2.0	1.5	0.5	0.0	1.0	0.0	2.0	1.0	2.0	1.0	0.5	1.0	0.0	16
AMBA	4.9	1.0	1.0	1.0	2.0	0.0	1.5	2.0	0.0	0.5	1.5	1.0	1.0	1.0	1.0	1.0	0.0	1.0	1.0	17
PRE.L	3.6	1.0	1.0	1.0	1.0	0.5	1.0	0.0	0.0	0.0	1.0	1.0	0.0	1.0	1.0	1.0	0.0	1.5	1.0	10
CQR.ASX	6.2	0.0	1.0	1.0	1.0	2.0	1.5	2.0	2.0	2.0	1.5	0.0	2.0	1.0	1.0	2.0	0.0	0.5	2.0	15
ACS.MC	6.5	1.5	1.0	1.0	1.0	1.0	1.5	1.0	0.5	2.0	1.5	2.0	1.0	1.5	2.0	1.5	0.5	2.0	1.0	16
AVAH	5.7	1.5	1.0	1.0	2.0	1.5	1.5	1.0	1.0	1.0	1.5	0.0	0.5	1.5	2.0	1.0	1.0	0.5	1.0	18
FME.DE	6.7	2.0	1.0	1.0	0.0	1.0	1.0	1.0	1.0	2.0	1.0	2.0	2.0	2.0	2.0	2.0	1.0	1.0	1.0	17
DEMANT.CO	6.5	1.5	1.0	1.0	1.0	1.0	1.5	2.0	1.5	1.5	2.0	2.0	0.5	1.0	1.5	1.0	1.5	0.5	1.5	16
CRTO.PA	6.2	1.5	1.0	1.0	1.0	2.0	1.0	0.0	2.0	1.0	1.0	1.0	2.0	1.0	1.5	2.0	0.0	2.0	1.5	12
ALVU.PA	6.2	1.0	1.0	1.0	1.0	1.0	1.5	2.0	0.5	1.5	0.5	2.0	1.0	1.5	2.0	2.0	0.5	1.5	1.0	16
BIDU	5.7	2.0	2.0	1.0	0.0	0.5	0.5	1.5	1.0	0.0	2.0	1.0	2.0	1.0	1.0	1.0	1.0	2.0	1.0	17
8309.T	6.0	0.5	1.0	1.0	0.0	2.0	2.0	0.0	2.0	1.0	1.5	2.0	1.5	1.0	1.0	2.0	0.0	2.0	1.0	14
CHPT	5.1	1.0	1.0	1.0	2.0	0.0	1.5	1.0	0.0	2.0	1.0	1.0	1.0	1.0	2.0	1.0	0.0	2.0	0.0	15
CRIS	4.7	2.0	1.0	1.0	2.0	0.5	1.0	0.0	0.0	0.0	0.5	1.0	2.0	2.0	1.0	1.0	0.0	2.0	0.0	16
RARE.US	4.2	1.0	0.0	1.0	2.0	0.0	2.0	0.0	0.0	0.0	1.5	1.0	1.0	1.0	1.5	1.0	0.0	2.0	0.0	15
YOC.DE	4.6	1.0	1.0	1.0	1.0	0.5	0.5	0.5	0.0	2.0	0.5	1.0	1.5	1.0	1.0	1.0	1.0	1.0	1.0	11
BDX	6.9	1.5	2.0	1.0	1.0	1.0	1.0	1.5	1.5	2.0	1.5	2.0	1.5	1.5	1.5	1.5	1.5	0.5	1.0	18
R1B.DE	3.5	1.0	1.0	1.0	1.0	0.0	0.0	0.0	0.0	1.0	0.5	1.0	1.5	1.0	1.0	1.0	0.0	0.5	1.0	12
TGS.US	7.2	1.5	1.0	1.0	0.0	2.0	1.5	2.0	2.0	2.0	1.0	1.5	1.5	1.0	1.0	1.0	2.0	2.0	2.0	17
ANET	6.2	1.0	0.0	1.0	2.0	2.0	2.0	2.0	2.0	0.5	2.0	2.0	0.0	0.0	0.0	1.0	2.0	1.0	2.0	18
HONA	5.8	1.5	1.0	1.0	1.0	1.5	1.0	1.0	1.0	1.0	1.5	2.0	1.0	1.0	1.5	1.0	1.0	0.5	1.5	14
CALY	6.8	2.0	1.0	1.0	2.0	0.0	1.0	1.5	1.5	1.0	1.5	2.0	1.5	1.5	2.0	1.0	1.0	1.5	1.5	18
WSM	6.4	0.5	2.0	1.0	1.5	1.5	1.0	1.5	1.5	1.0	2.0	1.5	0.0	1.0	1.5	2.0	1.5	0.5	1.5	18
6971.T	5.8	1.0	1.0	1.0	2.0	1.0	1.0	1.0	1.0	1.0	1.5	0.5	1.5	1.0	1.5	2.0	1.0	1.0	1.0	17
NBIX	7.2	2.0	2.0	1.0	0.0	2.0	2.0	2.0	1.5	1.0	2.0	2.0	1.0	1.0	1.5	1.0	1.5	0.5	2.0	18
PARKIN.AE	6.1	0.5	1.0	1.0	2.0	2.0	1.5	2.0	2.0	1.0	1.0	1.5	0.0	0.5	0.5	1.0	2.0	0.5	2.0	17
MBI	4.7	1.0	1.0	1.0	0.0	0.0	0.0	2.0	1.5	2.0	0.5	1.0	1.0	1.0	0.0	1.0	0.0	2.0	2.0	15
WSFS	7.1	2.0	2.0	1.0	2.0	2.0	1.0	0.0	2.0	1.0	1.0	1.5	1.5	1.0	2.0	2.0	0.0	2.0	1.5	16
QCOM	6.7	2.0	1.0	1.0	0.0	2.0	0.5	2.0	1.5	1.5	2.0	1.5	0.5	1.0	1.5	2.0	1.5	0.5	2.0	18
IBAB.BR	5.4	1.0	1.0	1.0	1.0	1.0	1.0	1.0	0.5	1.0	0.5	2.0	1.0	1.5	2.0	2.0	0.5	1.0	0.5	16
EXLS	6.2	2.0	2.0	1.0	1.0	1.5	1.5	1.5	1.0	1.0	1.0	2.0	0.5	1.0	1.5	1.0	1.0	1.0	1.0	18
6146.T	6.7	1.0	1.0	1.0	2.0	2.0	2.0	2.0	2.0	1.0	2.0	1.5	0.0	0.5	0.5	2.0	2.0	0.5	1.0	15
SWP.PA	6.4	2.0	1.0	1.0	1.0	1.0	1.0	1.5	1.0	2.0	0.5	2.0	1.0	1.5	2.0	1.0	0.5	2.0	1.0	16
KGF.L	5.7	2.0	1.0	1.0	1.0	1.0	1.0	1.5	0.5	2.0	1.5	0.0	0.0	2.0	2.0	1.5	0.5	1.0	1.0	16
3SQ1.DE	4.3	1.0	1.0	1.0	1.0	0.0	1.0	0.0	2.0	1.0	1.0	1.0	1.0	1.0	1.5	1.0	0.0	0.0	1.0	10
LLY	6.9	1.5	1.0	1.0	2.0	2.0	2.0	2.0	2.0	0.5	2.0	2.0	0.0	0.5	0.5	2.0	2.0	0.0	2.0	18
VERI	4.0	1.0	1.0	1.0	1.0	0.0	1.0	2.0	0.0	0.0	0.5	1.0	1.0	1.0	2.0	1.0	0.0	1.0	0.0	14
EXENS.PA	5.3	0.0	1.0	1.0	1.0	1.0	1.5	2.0	1.0	0.5	1.5	2.0	0.5	0.0	1.0	1.5	1.5	0.5	1.5	16
CENX	6.0	2.0	1.0	1.0	0.0	2.0	1.5	0.5	2.0	0.0	0.5	2.0	1.5	1.5	2.0	1.0	1.0	1.0	1.0	18
UAA	5.3	1.5	2.0	1.0	0.0	0.5	0.5	1.5	0.0	1.5	1.5	1.0	1.5	1.0	2.0	1.0	0.5	2.0	0.0	17
DAN	5.1	0.0	1.0	1.0	0.0	1.5	1.0	0.0	0.5	2.0	1.0	1.0	1.5	2.0	2.0	1.0	0.5	1.5	1.0	17
KLRA	4.2	1.0	1.0	1.0	0.0	0.5	1.0	0.0	0.0	1.0	1.0	1.0	1.5	1.0	1.0	1.0	0.0	2.0	1.0	11
SA	2.9	0.0	1.0	1.0	0.0	0.5	1.0	0.0	0.0	0.0	0.5	1.0	1.0	1.0	1.0	1.0	0.0	0.5	1.0	13
3311.HK	6.5	1.5	1.0	1.0	1.0	1.0	0.0	0.5	1.5	1.5	1.0	1.5	2.0	2.0	2.0	2.0	1.0	2.0	1.0	16
VSEC	5.4	0.5	1.0	1.0	2.0	1.0	2.0	0.5	1.0	0.0	1.0	2.0	1.5	0.5	1.5	2.0	1.0	0.5	0.5	18
OKTA	5.6	1.0	0.0	1.0	1.0	1.0	1.5	2.0	1.0	1.0	2.0	2.0	1.0	0.0	0.5	1.0	1.0	1.0	2.0	18
7974.T	4.9	1.0	1.0	1.0	0.0	0.5	0.5	0.0	2.0	1.0	2.0	0.5	1.0	1.0	1.5	1.5	0.0	2.0	1.0	15
ACEL	6.1	1.0	0.0	1.0	1.5	1.0	1.0	1.0	1.0	1.5	1.0	2.0	1.0	2.0	2.0	1.0	1.0	2.0	1.0	18
RBA	6.7	2.0	1.0	1.0	0.5	1.0	1.5	1.5	1.5	1.0	1.5	2.0	1.5	1.0	1.5	2.0	1.5	0.5	1.5	18
MUV2.DE	6.1	1.0	1.0	1.0	0.5	1.5	1.0	1.5	1.5	2.0	1.5	1.0	1.5	1.0	2.0	2.0	0.0	1.0	1.0	16
HP3A.DE	5.6	1.5	1.0	1.0	1.0	1.0	1.0	2.0	0.5	1.0	0.5	0.0	2.0	1.5	2.0	2.0	0.5	0.5	1.0	16
AAQ1.DE	3.6	0.0	1.0	1.0	1.0	0.0	0.5	2.0	0.0	0.0	1.0	1.0	1.5	1.0	1.5	1.0	0.0	0.5	0.0	14
PSTL	6.2	0.0	1.0	1.0	2.0	1.5	2.0	2.0	2.0	1.0	1.0	2.0	1.5	1.0	0.5	0.0	2.0	0.0	2.0	17
FOR	6.0	0.0	1.0	1.0	1.5	1.0	1.0	1.0	1.0	2.0	0.5	0.5	2.0	1.5	2.0	1.0	1.0	2.0	1.5	17
NRO.PA	6.7	2.0	1.0	1.0	1.0	1.0	1.0	1.5	1.0	2.0	0.5	1.0	1.5	2.0	2.0	1.5	1.0	2.0	1.0	16
3289.T	6.5	2.0	1.0	1.0	1.5	1.0	0.5	1.0	1.5	1.0	1.5	0.0	2.0	1.5	1.5	2.0	1.5	2.0	1.0	15
CRK	5.4	0.0	2.0	1.0	0.0	2.0	0.0	2.0	0.5	0.0	1.5	0.0	1.5	2.0	1.5	1.0	2.0	0.5	2.0	18
LMAT	6.7	1.0	2.0	1.0	0.0	2.0	1.0	2.0	2.0	1.0	1.0	1.5	1.0	0.5	1.0	2.0	1.5	1.5	2.0	18
SES.MI	6.1	1.0	1.0	1.0	1.0	1.0	1.0	0.0	0.5	2.0	1.0	2.0	1.0	2.0	2.0	2.0	0.5	2.0	1.0	16
MAIN	4.7	1.0	1.0	1.0	0.5	2.0	1.0	2.0	2.0	1.0	1.0	0.0	1.5	1.0	0.5	1.0	0.0	0.5	0.0	17
ML.PA	5.1	2.0	1.0	1.0	1.0	1.0	1.0	1.0	1.0	1.0	1.5	0.0	1.0	1.0	1.0	1.0	1.0	1.0	1.0	4
CAPMAN.HE	5.6	2.0	1.0	1.0	2.0	2.0	1.0	1.5	0.5	0.5	0.5	2.0	1.5	0.0	1.0	0.0	1.0	1.5	1.0	17
PAF.L	7.5	2.0	1.0	1.0	1.0	2.0	2.0	2.0	2.0	2.0	1.0	0.0	0.0	2.0	2.0	2.0	2.0	1.0	2.0	16
NKTR	4.3	2.0	2.0	1.0	0.0	0.0	0.5	2.0	0.0	0.0	1.5	1.0	1.5	1.0	0.0	1.0	0.0	2.0	0.0	17
NX	6.7	2.0	1.0	1.0	1.5	1.0	1.0	1.0	1.0	1.5	0.5	2.0	1.5	2.0	2.0	2.0	1.0	1.0	1.0	18
WOOF	5.8	1.0	0.0	1.0	0.0	1.0	0.5	1.5	0.5	2.0	1.5	2.0	2.0	1.5	2.0	1.0	0.5	2.0	1.0	18
DMC	4.2	1.0	1.0	1.0	0.0	1.0	1.0	0.0	0.5	0.0	0.5	2.0	2.0	1.5	2.0	0.0	0.5	0.5	0.5	17
MICC.NV	6.4	2.0	2.0	1.0	1.0	1.0	1.0	1.5	1.0	1.0	1.5	2.0	0.5	1.5	2.0	1.0	1.0	1.0	1.0	17
DNTH	4.9	1.0	2.0	1.0	2.0	0.5	2.0	2.0	0.0	0.0	1.5	1.0	1.0	1.0	0.0	1.0	0.0	1.5	0.0	16
YXT	5.1	1.0	1.0	1.0	1.0	0.0	1.0	2.0	0.0	2.0	1.0	1.0	1.5	1.0	2.0	1.0	0.0	2.0	0.0	13
HROW	3.8	1.0	2.0	1.0	0.0	0.0	1.5	2.0	0.0	0.0	1.0	1.0	0.0	0.0	1.0	1.0	0.5	1.0	0.5	16
CFG	6.4	1.0	0.0	1.0	1.0	2.0	1.5	0.0	2.0	1.0	1.5	2.0	1.5	1.0	1.5	2.0	0.0	2.0	2.0	16
CME	5.6	0.0	0.0	1.0	0.5	2.0	1.0	2.0	2.0	1.0	1.5	1.5	1.0	0.5	0.5	1.0	2.0	0.5	2.0	18
COR.LS	5.8	2.0	1.0	1.0	1.0	1.0	0.5	2.0	1.0	1.0	1.0	1.5	1.5	1.0	1.0	1.5	1.0	1.0	1.0	11
COLO-B.CO	6.0	1.5	1.0	1.0	0.0	1.0	1.0	2.0	2.0	1.0	2.0	2.0	0.5	1.5	1.5	0.0	1.5	0.0	2.0	17
OMER	4.9	2.0	1.0	1.0	2.0	2.0	1.0	1.5	0.5	2.0	0.5	0.0	1.0	1.0	0.0	1.0	0.0	1.0	0.0	15
PYR.DE	3.3	1.0	1.0	1.0	1.0	0.0	0.5	1.5	0.0	0.0	1.0	1.0	1.0	1.0	0.0	1.0	0.0	1.0	0.0	13
1818.HK	7.4	2.0	1.0	1.0	0.0	1.5	1.5	1.5	1.5	1.5	1.0	2.0	1.5	1.5	1.5	2.0	2.0	1.5	2.0	17
CI	6.7	2.0	2.0	1.0	0.5	1.0	1.0	0.0	0.5	2.0	2.0	2.0	1.5	2.0	2.0	2.0	0.5	1.5	0.5	18
ASPI	4.0	1.0	0.0	1.0	2.0	0.5	2.0	0.5	0.0	0.0	0.5	1.0	1.5	1.0	0.5	1.0	0.0	2.0	0.0	16
REMEDY.HE	5.0	1.0	1.0	1.0	2.0	0.0	0.0	2.0	0.0	1.5	0.5	1.0	1.0	1.0	1.5	1.0	0.0	1.5	2.0	15
KLIC	6.4	1.0	0.0	1.0	2.0	1.5	2.0	2.0	1.5	0.5	0.5	2.0	1.0	0.5	1.5	2.0	1.5	1.5	1.0	18
ROVI.MC	6.5	1.5	1.0	1.0	1.0	2.0	1.5	2.0	1.0	1.5	1.0	0.5	1.0	1.0	1.5	2.0	1.5	0.5	2.0	16
TCBK	5.7	1.0	0.0	1.0	1.5	2.0	1.5	0.0	2.0	1.0	1.0	1.0	1.5	1.0	1.5	2.0	0.0	0.5	2.0	16
KR	5.7	2.0	1.0	1.0	0.0	1.0	1.0	1.0	0.5	1.5	2.0	2.0	0.5	2.0	2.0	1.5	0.5	0.5	0.5	18
BBDO	5.4	1.0	1.0	1.0	1.0	2.0	1.0	0.0	2.0	1.0	1.0	1.0	2.0	1.0	1.0	1.5	0.0	2.0	0.0	12
KEYS	6.4	2.0	0.0	1.0	2.0	1.5	2.0	2.0	2.0	1.0	1.5	2.0	0.5	0.0	1.0	1.0	1.5	0.5	1.5	18
GIC	5.1	1.5	1.0	1.0	0.5	1.0	1.0	1.0	0.5	1.0	0.5	1.0	1.0	1.0	2.0	2.0	0.5	1.0	1.0	17
COHU	5.6	1.5	2.0	1.0	2.0	0.5	2.0	1.5	0.5	1.0	1.0	1.0	1.0	0.0	1.0	1.0	0.5	1.5	1.0	17
MAXNQ	4.0	2.0	1.0	1.0	1.0	0.5	0.0	0.0	0.0	0.0	1.0	1.0	1.0	1.0	2.0	1.0	0.0	2.0	0.0	13
FAGR.BR	6.1	0.0	1.0	1.0	1.0	1.0	1.5	1.5	1.0	1.0	1.0	2.0	1.5	1.5	1.5	2.0	1.0	1.0	1.5	16
RY4C.DE	6.0	0.0	1.0	1.0	1.0	1.5	1.0	1.0	1.0	0.0	1.0	1.0	1.5	2.0	2.0	2.0	1.5	1.5	1.5	14
OPENL	3.6	1.0	1.0	1.0	1.0	0.0	0.0	0.0	0.0	1.0	1.0	1.0	2.0	1.0	1.0	1.0	0.0	1.0	0.0	8
ELIOR.PA	5.8	2.0	1.0	1.0	1.0	1.0	0.5	0.5	0.5	0.5	1.0	2.0	2.0	1.5	2.0	2.0	0.5	1.5	0.5	16
AT1.DE	7.6	2.0	1.0	1.0	1.0	2.0	1.0	2.0	2.0	2.0	1.5	0.0	2.0	1.0	1.0	2.0	2.0	2.0	2.0	16
INA.ASX	6.7	1.5	1.0	1.0	1.0	2.0	1.5	2.0	2.0	1.5	1.0	0.5	1.5	1.0	1.0	2.0	1.5	0.0	2.0	16
PSM.DE	6.0	1.0	1.0	1.0	1.0	0.5	0.5	1.0	0.5	0.0	1.0	1.0	2.0	2.0	2.0	2.0	1.0	2.0	2.0	14
ALLDL.PA	4.7	2.0	1.0	1.0	1.0	1.0	0.5	1.0	0.5	0.0	0.5	0.0	2.0	2.0	2.0	1.0	0.5	1.0	0.0	16
ATYR	4.6	1.0	1.0	1.0	2.0	0.5	1.0	0.0	0.0	0.0	1.0	1.0	2.0	2.0	1.0	1.0	0.0	2.0	0.0	14
DT	6.0	1.5	1.0	1.0	1.0	1.0	1.5	2.0	1.0	1.0	2.0	2.0	0.5	0.0	1.0	1.0	1.0	1.0	2.0	17
UAMY	2.4	1.0	0.0	1.0	0.0	0.0	0.0	0.5	0.0	0.0	0.5	1.0	1.0	1.0	0.5	1.0	0.0	1.0	0.0	16
TWE.ASX	4.3	0.5	1.0	1.0	1.0	0.0	0.5	1.5	0.0	0.0	1.5	1.0	1.5	1.0	1.5	1.5	0.0	1.0	1.0	15
CNU.ASX	6.0	0.5	1.0	1.0	1.0	1.0	1.0	2.0	2.0	1.0	0.5	2.0	1.0	1.5	1.0	0.0	2.0	1.0	2.0	16
LWAY	4.4	0.5	0.0	1.0	1.0	1.0	2.0	1.0	0.5	0.0	0.5	2.0	1.0	1.0	2.0	1.0	0.5	0.5	0.5	17
DXPE	6.1	2.0	1.0	1.0	2.0	1.0	1.5	1.0	1.0	1.0	0.5	2.0	1.0	1.0	2.0	1.0	1.0	1.0	1.0	18
NUF.ASX	5.7	1.0	1.0	1.0	1.0	0.5	0.5	1.0	0.5	2.0	1.0	1.0	2.0	1.5	2.0	1.0	0.5	2.0	1.0	15
AAD.DE	5.3	1.0	1.0	1.0	1.0	0.5	0.5	2.0	0.0	2.0	0.5	1.0	2.0	1.5	2.0	1.0	0.5	0.5	1.0	15
AMM.DE	3.5	1.0	1.0	1.0	1.0	0.0	0.0	0.0	0.0	0.0	1.0	1.0	2.0	1.0	0.5	1.0	0.0	2.0	0.0	13
SUJA	5.1	1.0	1.0	1.0	1.0	0.0	1.5	1.5	0.5	1.0	0.5	1.0	1.5	1.5	2.0	1.0	1.0	1.0	0.5	13
GDDY	7.1	2.0	0.0	1.0	1.5	1.5	1.0	2.0	2.0	2.0	1.5	2.0	0.0	1.5	1.5	1.0	1.5	1.5	2.0	18
A6T.DE	6.1	1.0	1.0	1.0	1.0	0.5	2.0	2.0	1.5	1.5	0.5	1.0	1.5	1.5	2.0	1.0	1.0	1.0	1.0	14
ROCKB.CO	4.4	1.0	1.0	1.0	0.5	0.5	1.0	2.0	1.0	0.5	1.5	1.0	1.5	0.0	0.5	0.0	1.5	0.0	1.5	16
EVK.DE	6.1	0.0	1.0	1.5	2.0	1.0	1.5	1.0	0.5	2.0	1.5	2.0	1.5	2.0	2.0	0.0	1.0	0.5	1.0	17
YMM	7.8	1.5	0.0	1.0	2.0	2.0	1.0	2.0	2.0	2.0	1.5	2.0	1.5	1.0	1.0	2.0	1.5	2.0	2.0	18
TUB.BR	3.8	1.5	1.0	1.0	1.0	0.5	1.0	0.0	0.0	0.0	0.5	1.0	1.0	1.0	1.0	2.0	0.0	0.0	1.0	12
RBREW.CO	6.0	0.0	1.0	1.0	1.5	1.5	0.5	1.5	1.5	1.5	1.5	1.5	1.0	1.5	2.0	2.0	1.0	0.0	1.0	17
RF.PA	5.0	2.0	1.0	1.0	1.0	0.0	1.0	2.0	1.5	0.0	1.0	1.0	2.0	1.0	0.5	2.0	0.0	0.5	0.5	14
RVLV	5.4	1.5	0.0	1.0	0.0	1.0	1.5	2.0	0.5	0.5	1.5	1.5	1.5	1.0	2.0	1.0	0.5	2.0	0.5	18
VIAV	5.0	1.5	0.0	1.0	2.0	0.5	2.0	2.0	1.0	0.5	1.0	1.0	0.5	0.0	1.0	1.0	1.0	1.0	1.0	17
1658.HK	5.0	0.5	1.0	1.0	0.0	2.0	0.5	0.0	2.0	1.0	1.5	0.5	2.0	1.0	1.0	2.0	0.0	2.0	0.0	15
MENS	3.8	1.0	1.0	1.0	1.0	0.5	1.0	0.0	0.0	1.0	1.0	1.0	1.0	1.0	1.0	1.0	0.0	0.0	1.0	9
CARLB.CO	6.2	0.5	1.0	1.0	0.5	1.0	1.0	1.5	1.0	1.0	2.0	2.0	1.0	1.5	2.0	1.5	1.5	1.0	1.5	15
MGNX	4.3	1.0	2.0	0.0	2.0	0.5	2.0	0.0	0.0	0.0	0.5	1.0	0.5	1.0	2.0	1.0	0.0	2.0	0.0	16
PPH.L	6.0	2.0	1.0	1.0	1.0	2.0	1.0	1.0	1.0	1.5	0.5	0.0	0.0	1.5	1.5	2.0	1.5	1.5	1.5	16
SMP.US	6.2	2.0	1.0	1.0	0.0	1.0	1.0	1.0	1.0	2.0	0.5	1.5	1.5	2.0	2.0	2.0	1.0	1.0	1.0	18
NRG	6.0	2.0	1.0	1.0	1.5	1.0	1.5	0.5	1.0	1.0	1.5	2.0	1.0	1.5	2.0	2.0	0.5	0.0	0.5	18
G1A.DE	5.8	1.5	1.0	1.0	0.0	1.0	1.0	1.5	1.0	1.0	1.5	2.0	1.0	1.0	2.0	2.0	1.0	0.5	1.0	17
ALMRB.PA	5.6	1.0	1.0	1.0	1.0	1.0	1.0	1.5	0.5	0.0	0.5	1.5	2.0	2.0	2.0	1.0	0.5	2.0	0.5	16
COTY.PA	5.4	2.0	0.0	1.0	0.0	0.0	1.0	2.0	0.0	2.0	0.5	1.0	2.0	2.0	2.0	1.0	1.0	1.0	1.0	17
KRYS	5.4	0.0	1.0	1.0	0.0	2.0	2.0	2.0	2.0	0.5	1.0	1.5	0.5	0.0	0.0	1.0	2.0	1.0	2.0	18
ANA.MC	5.7	1.5	1.0	1.0	1.0	1.0	1.0	2.0	0.5	0.0	1.5	2.0	1.5	1.0	2.0	0.0	0.5	2.0	1.0	16
FLT.ASX	6.5	1.5	1.0	1.0	1.0	1.0	0.5	1.5	0.5	1.5	1.5	2.0	1.5	1.5	2.0	2.0	0.5	2.0	1.0	16
9735.T	6.2	2.0	1.0	1.0	1.0	1.0	1.0	1.0	1.0	1.0	1.0	0.5	1.5	1.5	2.0	2.0	1.0	2.0	1.0	14
5803.T	5.8	0.5	1.0	1.0	2.0	1.5	1.0	1.0	2.0	1.0	1.5	2.0	0.0	0.5	1.0	2.0	1.5	0.5	1.0	14
SRE.L	6.9	2.0	1.0	1.0	1.0	2.0	1.5	2.0	2.0	1.5	1.0	0.0	0.0	1.0	1.0	2.0	2.0	2.0	2.0	16
SQN.ZU	6.7	1.5	1.0	1.0	1.0	2.0	1.0	2.0	2.0	1.0	1.5	1.0	1.0	1.0	1.0	2.0	0.0	2.0	2.0	14
MIRM	4.7	1.0	1.0	1.0	2.0	0.0	2.0	2.0	0.0	0.5	1.5	1.0	1.0	1.0	1.0	1.0	0.0	1.0	0.0	15
ADOC.PA	2.8	1.0	1.0	0.5	1.0	0.5	0.0	0.0	0.0	0.0	0.5	1.0	0.0	1.0	0.5	1.0	0.0	2.0	0.0	14
PRGO	4.6	1.5	0.0	1.0	0.0	0.0	0.5	1.0	0.5	2.0	0.5	1.0	2.0	1.5	2.0	0.0	1.0	1.5	0.5	17
SONY	6.5	1.0	1.0	1.0	1.0	0.5	1.0	1.0	1.5	2.0	0.5	1.0	1.5	2.0	2.0	2.0	1.0	2.0	1.5	17
BKR	6.5	1.0	0.0	1.0	2.0	1.5	0.5	1.0	1.0	1.5	2.0	1.0	1.5	1.5	1.5	2.0	1.0	2.0	1.5	18
BCYC	4.6	1.0	2.0	1.0	2.0	0.5	0.0	0.0	0.0	0.0	1.0	1.0	2.0	2.0	1.0	1.0	0.0	2.0	0.0	16
SCPX	3.5	1.0	1.0	1.0	1.0	0.5	0.0	0.0	0.0	0.0	1.0	1.0	1.0	1.0	1.0	1.0	0.0	2.0	0.0	12
WIX	6.0	2.0	1.0	1.0	0.0	0.5	1.5	2.0	0.0	2.0	2.0	1.0	1.0	1.0	2.0	1.0	0.0	2.0	1.5	16
MPLX.US	6.0	0.5	0.0	1.0	0.0	2.0	1.5	2.0	2.0	1.0	1.5	1.0	1.0	1.5	1.0	1.0	2.0	0.5	2.0	18
HTB	6.5	1.5	2.0	1.0	1.5	2.0	0.5	0.0	2.0	1.0	0.5	1.5	1.5	1.0	1.5	2.0	0.0	2.0	2.0	16
GOOGL	6.9	1.5	2.0	1.0	1.0	2.0	2.0	2.0	2.0	0.5	2.0	0.0	0.5	0.5	1.0	2.0	2.0	1.0	2.0	18
RGR	5.6	0.0	2.0	1.0	0.0	1.0	1.5	0.5	0.5	1.5	0.5	2.0	1.5	1.0	2.0	2.0	0.5	1.5	1.0	18
XIFR	6.1	0.0	2.0	1.0	1.0	1.0	1.0	2.0	1.5	0.0	1.5	1.0	2.0	0.5	0.5	1.0	2.0	2.0	2.0	16
9104.T	6.4	2.0	1.0	1.0	2.0	1.5	2.0	0.5	0.5	1.0	1.5	0.5	2.0	1.0	1.5	2.0	1.0	1.0	1.0	15
REG	5.8	0.5	0.0	1.0	1.5	2.0	1.0	2.0	2.0	1.5	1.5	0.5	1.5	1.0	0.5	0.0	2.0	0.5	2.0	18
FIE.DE	6.5	0.5	1.0	1.0	1.0	1.0	1.0	2.0	1.0	2.0	1.0	1.5	1.5	1.5	2.0	2.0	1.0	1.0	1.5	16
EMN	6.0	2.0	0.0	1.0	1.0	1.0	1.0	0.5	1.0	1.5	1.5	2.0	1.5	1.5	2.0	1.0	1.0	1.0	1.0	18
SALIK.AE	5.6	0.5	1.0	1.0	2.0	2.0	0.0	2.0	2.0	1.0	1.5	1.5	0.0	0.5	0.5	0.0	2.0	0.5	2.0	17
COIN	5.0	1.0	2.0	1.0	0.0	0.0	0.0	2.0	0.0	1.5	2.0	1.0	1.0	0.0	1.0	1.0	1.0	1.5	2.0	17
BGC	5.8	0.5	2.0	1.0	0.5	1.0	1.0	2.0	1.0	1.0	0.5	2.0	1.0	1.0	1.5	2.0	0.0	1.5	1.5	16
01113.HK	7.5	2.0	1.0	1.0	1.0	1.5	2.0	1.0	1.0	2.0	1.5	1.0	2.0	1.5	1.5	2.0	1.0	2.0	2.0	16
PKOH	5.6	1.5	0.0	1.0	1.5	1.0	1.0	0.5	0.5	1.5	0.5	2.0	1.5	1.5	2.0	2.0	0.5	1.0	0.5	18
STAN.L	5.4	2.0	1.0	1.0	2.0	2.0	1.0	0.0	2.0	1.0	1.5	0.0	0.0	1.0	1.0	2.0	0.0	2.0	0.0	15
FTK.DE	7.1	1.0	1.0	1.0	1.0	2.0	2.0	2.0	2.0	1.0	1.5	2.0	1.0	1.0	1.0	2.0	0.0	2.0	2.0	14
XENE	4.2	1.0	0.0	1.0	1.5	0.5	1.0	0.0	0.0	0.0	1.5	1.0	1.5	1.0	1.0	1.0	0.0	2.0	1.0	13
LNWO	6.5	2.0	1.0	1.0	0.0	1.0	1.0	2.0	2.0	2.0	1.0	2.0	0.0	1.5	1.5	1.0	2.0	0.5	2.0	18
NEM	7.5	0.5	1.0	1.0	0.0	2.0	1.5	2.0	2.0	1.5	2.0	2.0	1.0	2.0	1.5	2.0	2.0	1.0	2.0	18
ZS	5.1	1.0	0.0	1.0	2.0	0.5	2.0	2.0	0.0	1.0	2.0	1.0	0.0	0.0	1.0	1.0	0.5	1.5	2.0	17
8316.T	6.1	1.0	1.0	1.0	1.5	2.0	2.0	0.0	2.0	1.0	1.5	0.0	2.0	1.0	1.0	2.0	0.0	2.0	1.0	14
GMD.ASX	7.5	1.5	1.0	1.0	1.0	2.0	2.0	1.5	2.0	1.5	1.5	2.0	1.0	1.5	1.5	1.0	2.0	1.0	2.0	16
CWK.US	5.8	2.0	0.0	1.0	0.5	1.0	1.5	0.5	0.5	2.0	1.5	2.0	1.5	1.5	2.0	1.0	0.5	1.5	0.5	18
JAZZ	7.8	2.0	0.0	1.0	1.0	2.0	1.5	2.0	2.0	2.0	2.0	2.0	1.0	1.5	1.5	1.0	2.0	1.5	2.0	18
BNB.BR	4.6	1.0	1.0	1.0	1.0	0.5	1.0	0.0	2.0	1.0	1.0	1.0	1.0	1.0	1.0	1.0	0.0	1.0	1.0	7
PAY.US	5.3	0.0	1.0	1.0	2.0	1.0	2.0	1.0	1.0	1.0	1.0	2.0	0.5	0.0	1.5	1.0	0.5	1.5	1.0	18
ALDEL.PA	5.8	2.0	1.0	1.0	1.0	1.0	0.5	1.5	1.0	1.0	0.5	1.5	2.0	1.0	1.0	2.0	1.0	1.0	1.0	11
WD	5.4	1.5	2.0	1.0	2.0	1.0	0.0	2.0	0.5	1.0	0.5	2.0	2.0	1.0	1.5	0.0	0.0	1.5	0.0	16
MNST	6.4	1.0	1.0	1.0	1.0	2.0	2.0	2.0	2.0	1.0	2.0	1.5	0.5	0.5	1.0	1.0	1.5	0.5	1.5	18
BHRB	6.1	1.5	1.0	1.0	0.5	2.0	2.0	0.0	1.5	1.0	0.5	2.0	1.5	1.0	1.0	2.0	0.0	1.5	2.0	16
IT	7.5	2.0	2.0	1.0	1.5	1.5	0.5	2.0	1.5	2.0	1.5	2.0	1.0	1.5	1.5	1.0	1.5	1.5	1.5	17
ADIG	5.1	0.5	1.0	1.0	1.0	1.0	1.0	1.0	0.5	1.0	0.5	2.0	2.0	1.5	2.0	1.0	0.5	1.0	0.0	15
ACTG	5.1	1.0	1.0	1.0	0.0	0.5	2.0	1.0	0.5	0.0	0.5	1.0	2.0	1.5	2.0	1.0	0.5	2.0	1.0	17
FDEV.L	6.8	2.0	1.0	1.0	1.0	2.0	1.0	2.0	2.0	1.0	0.5	0.0	0.0	2.0	2.0	1.0	2.0	2.0	2.0	16
4043.T	5.1	0.0	1.0	1.0	1.0	0.5	1.0	0.0	0.5	1.0	0.5	2.0	1.5	2.0	2.0	2.0	0.0	1.5	1.0	13
SLM	6.4	2.0	0.0	1.0	2.0	2.0	1.0	2.0	2.0	1.0	1.5	0.5	1.5	1.0	1.5	2.0	0.0	2.0	0.0	16
JBOG.PA	5.8	1.0	1.0	1.0	1.0	0.5	0.5	2.0	0.0	2.0	1.0	1.0	2.0	1.0	2.0	2.0	0.0	2.0	1.0	13
EBC	6.1	1.5	0.0	1.0	1.0	2.0	2.0	0.0	2.0	1.0	1.0	1.5	1.5	1.0	1.5	2.0	0.0	1.0	2.0	16
APLE	6.2	1.0	2.0	1.0	1.0	1.5	1.0	1.5	1.5	2.0	1.0	1.0	1.5	1.5	1.5	0.0	1.5	0.0	2.0	18
Z	5.8	2.0	2.0	1.0	0.0	1.0	1.5	2.0	0.5	1.0	1.0	2.0	1.5	0.0	1.5	1.0	0.5	1.5	1.0	18
MSAG.DE	4.7	1.0	1.0	1.0	1.0	0.5	0.5	1.5	0.5	0.0	0.5	1.0	2.0	1.5	2.0	1.0	0.5	0.5	1.0	14
MEDP	5.6	0.5	0.0	1.0	1.5	1.5	1.5	2.0	1.5	1.0	1.5	1.5	0.0	0.5	1.0	1.0	1.5	0.5	2.0	18
CHT	6.7	1.0	1.0	1.0	1.0	1.5	1.0	1.5	1.5	2.0	0.5	1.0	0.0	2.0	2.0	1.0	2.0	2.0	2.0	16
OPRX	6.1	1.0	2.0	1.0	0.0	1.0	0.0	2.0	0.0	2.0	1.0	2.0	1.5	1.5	2.0	1.0	1.0	1.5	1.5	18
6806.HK	6.5	2.0	1.0	1.0	1.0	2.0	2.0	2.0	2.0	1.0	0.5	0.5	2.0	1.0	1.5	2.0	0.0	2.0	0.0	14
CIB	6.2	2.0	2.0	1.0	2.0	1.5	2.0	0.0	0.0	1.0	1.5	1.5	2.0	1.0	1.0	2.0	0.0	1.0	1.0	13
CHG.DE	4.9	1.0	1.0	1.0	1.0	0.0	2.0	1.0	1.0	1.0	0.5	1.0	1.0	0.0	1.0	1.0	1.5	1.5	1.0	14
DMRC	4.2	2.0	1.0	1.0	0.0	0.0	0.5	2.0	0.0	1.5	0.5	1.0	1.0	1.0	1.5	1.0	0.0	1.0	0.0	16
ALFRE.PA	5.3	2.0	1.0	1.0	1.0	1.0	0.5	0.0	0.5	0.5	0.5	0.0	2.0	2.0	2.0	2.0	0.5	2.0	0.5	16
5332.T	6.4	2.0	1.0	1.0	1.5	1.0	1.0	1.5	0.5	1.0	1.0	1.0	1.5	1.5	2.0	2.0	1.0	1.5	1.0	15
NOVN.ZU	7.1	0.5	1.0	1.0	1.0	2.0	1.0	2.0	2.0	1.5	2.0	2.0	0.5	1.5	1.5	1.5	2.0	0.5	2.0	17
DECB.BR	6.8	2.0	1.0	1.0	1.0	1.0	1.0	1.5	1.0	1.0	0.5	2.0	2.0	2.0	2.0	2.0	1.0	1.5	1.0	16
WAB	6.2	1.5	0.0	1.0	1.0	1.5	1.5	1.5	1.5	1.0	1.5	2.0	1.0	0.5	1.5	2.0	1.5	0.5	1.5	18
SPM.MI	5.8	2.0	1.0	1.0	0.0	1.0	1.0	1.0	0.5	2.0	1.5	2.0	1.0	1.5	2.0	0.0	0.5	2.0	1.0	17
VZ	7.6	2.0	2.0	1.0	0.5	1.5	0.5	2.0	1.5	2.0	2.0	2.0	1.5	2.0	1.5	1.5	2.0	0.0	2.0	18
ELAN	5.6	0.0	0.0	1.0	2.0	0.5	1.5	2.0	1.0	1.5	1.5	1.0	1.5	1.0	1.5	1.0	1.5	0.5	1.0	17
AUTO.L	6.4	1.5	1.0	1.0	1.0	2.0	1.0	2.0	2.0	1.5	1.5	0.0	0.0	1.5	1.0	2.0	2.0	0.0	2.0	16
GOEVQ	4.0	1.0	1.0	1.0	1.0	0.5	2.0	0.0	0.0	0.0	1.0	1.0	2.0	1.0	0.0	1.0	0.0	2.0	0.0	13
IQE.L	3.6	2.0	1.0	1.0	1.0	0.0	2.0	0.0	0.0	0.0	0.5	1.0	0.0	1.0	1.5	1.0	0.0	1.0	0.0	15
CIP.ASX	5.3	0.0	1.0	1.0	1.0	2.0	1.0	2.0	2.0	0.5	1.5	0.0	2.0	1.0	0.5	1.5	0.0	0.0	2.0	15
BMED.MI	6.4	2.0	1.0	1.0	1.5	2.0	2.0	0.0	2.0	1.0	1.5	0.5	1.0	1.0	1.0	1.5	0.0	2.0	2.0	15
PSA	5.6	0.5	2.0	1.0	0.5	2.0	1.0	2.0	2.0	1.0	1.5	1.0	0.0	1.0	0.5	0.0	2.0	0.0	2.0	18
1963.T	5.4	2.0	1.0	1.0	1.0	1.0	0.0	0.0	0.5	1.0	1.0	0.0	1.5	2.0	2.0	2.0	0.5	2.0	1.0	14
WHF	6.1	2.0	1.0	1.0	0.5	2.0	0.0	2.0	2.0	2.0	0.5	2.0	2.0	1.0	1.0	0.0	0.0	1.0	2.0	16
SU	7.4	0.0	0.0	1.0	1.5	1.5	2.0	2.0	2.0	2.0	0.5	2.0	1.5	2.0	2.0	2.0	1.5	1.0	2.0	18
EMR	6.7	1.0	1.0	1.0	1.0	1.5	1.0	2.0	2.0	1.0	2.0	2.0	1.0	1.0	1.0	2.0	1.5	0.5	1.5	18
ALSOG.PA	6.5	1.5	1.0	1.0	1.0	1.0	0.5	2.0	0.5	2.0	0.5	2.0	1.5	1.5	2.0	2.0	0.5	2.0	1.0	16
LOGC	3.9	1.0	1.0	1.0	1.0	0.5	0.5	0.0	0.0	0.0	1.0	1.0	1.5	1.0	1.0	1.0	0.0	0.5	2.0	13
9432.T	6.4	0.5	1.0	1.0	0.0	1.0	1.5	1.0	1.0	2.0	1.5	1.5	1.5	2.0	1.5	2.0	1.5	1.5	1.0	17
ATRC	4.7	0.0	2.0	1.0	0.0	1.0	1.5	2.0	0.5	0.5	1.0	2.0	1.0	0.0	1.0	1.0	0.5	1.0	1.0	18
PRI	7.2	1.5	0.0	1.0	1.5	2.0	1.0	2.0	2.0	2.0	1.0	1.5	1.0	1.5	1.5	2.0	1.5	1.0	2.0	18
CTPNV.NV	6.8	0.5	1.0	1.0	1.0	2.0	1.5	2.0	2.0	1.0	1.5	1.0	2.0	0.5	0.5	2.0	2.0	1.0	2.0	16
TSHA	4.0	1.0	1.0	1.0	0.5	0.5	1.0	2.0	0.0	0.0	1.5	1.0	1.0	1.0	0.0	1.0	0.0	2.0	0.0	15
MLKN	6.1	2.0	1.0	1.0	0.0	1.0	0.5	1.5	0.5	2.0	0.5	2.0	1.5	1.5	2.0	2.0	0.5	1.5	1.0	17
4005.T	6.7	2.0	1.0	1.0	0.0	1.0	1.0	1.0	1.0	2.0	1.0	1.0	2.0	2.0	2.0	2.0	1.0	2.0	1.0	17
BKKT	3.9	1.0	1.0	1.0	2.0	0.5	0.0	0.0	0.0	0.0	0.5	1.0	1.5	1.0	2.0	1.0	0.0	1.5	0.0	15
3958.HK	7.2	2.0	1.0	1.0	1.0	2.0	2.0	2.0	2.0	1.0	1.0	0.5	2.0	1.0	1.5	2.0	0.0	2.0	2.0	14
MASS	4.7	1.0	2.0	1.0	0.0	0.0	2.0	2.0	0.0	1.0	0.5	1.0	1.0	1.0	1.0	1.0	0.0	2.0	0.5	16
PARP.PA	4.9	0.0	1.0	1.0	1.0	1.0	1.0	1.0	0.5	1.0	0.5	0.0	2.0	1.0	1.0	2.0	1.5	1.0	1.0	11
CE	5.7	1.0	0.0	1.0	0.0	0.0	1.0	1.0	1.0	2.0	1.5	1.0	1.5	1.5	2.0	2.0	1.0	2.0	1.0	17
6113.T	6.8	2.0	1.0	1.0	1.0	1.0	2.0	1.5	0.5	1.0	1.0	2.0	1.5	1.5	2.0	1.5	1.0	2.0	1.0	15
NSIT.US	5.8	1.5	0.0	1.0	2.0	1.0	1.5	1.0	0.5	2.0	0.5	2.0	1.5	1.5	2.0	1.0	0.5	1.0	0.5	18
SEQI.L	3.5	1.5	1.0	1.0	1.0	0.5	1.0	0.0	0.0	1.0	0.5	0.0	1.0	1.0	1.0	0.0	0.0	1.0	1.0	9
ZUMZ	6.0	2.0	1.0	1.0	0.0	1.0	0.5	1.5	0.0	2.0	1.0	2.0	2.0	1.5	2.0	1.0	0.5	2.0	0.5	16
FMG.ASX	7.1	2.0	1.0	1.0	1.0	1.5	1.0	1.5	2.0	1.5	1.5	0.0	1.5	2.0	1.5	1.0	2.0	1.5	2.0	16
8001.T	5.3	0.5	1.0	1.0	1.0	1.0	1.0	0.5	0.5	1.0	1.0	2.0	1.5	0.5	2.0	2.0	0.5	1.0	1.0	16
SSABB.ST	5.4	0.5	1.0	1.0	0.0	1.0	1.0	0.5	1.0	1.0	0.5	2.0	1.5	1.5	2.0	2.0	1.0	1.0	1.0	15
01177.HK	7.9	2.0	1.0	1.0	1.0	1.0	1.5	2.0	2.0	1.5	2.0	2.0	1.5	1.5	1.5	1.5	1.5	2.0	2.0	16
TTAN	4.9	1.0	1.0	1.0	1.0	0.0	2.0	2.0	0.0	1.0	1.5	1.0	1.0	1.0	1.0	1.0	0.0	1.0	1.0	16
TKO	6.4	1.0	0.0	1.0	2.0	1.0	1.5	2.0	2.0	1.0	1.5	2.0	1.0	1.5	1.5	0.0	1.5	0.5	2.0	18
ALHRG.PA	5.0	1.0	1.0	1.0	1.0	0.5	0.5	2.0	0.0	0.0	0.5	1.0	2.0	2.0	2.0	1.0	0.5	2.0	0.0	15
ENGN	4.6	1.0	0.0	1.0	2.0	0.5	1.0	0.0	0.0	0.0	1.0	1.0	2.0	2.0	1.0	1.0	0.0	2.0	1.0	13
CPB	6.1	2.0	2.0	1.0	0.0	1.0	0.5	1.0	1.0	2.0	1.5	2.0	1.5	1.5	2.0	0.0	1.0	1.0	1.0	18
1071.HK	6.2	2.0	1.0	1.0	1.0	1.0	0.5	0.5	0.5	1.5	1.0	1.0	2.0	1.5	2.0	2.0	1.0	1.5	1.5	16
SCT.L	5.4	0.5	1.0	1.0	1.0	1.0	2.0	1.0	1.0	1.5	1.5	0.0	0.0	1.0	2.0	2.0	1.0	1.0	1.0	16
IIIV	5.8	1.5	2.0	1.0	1.0	1.0	1.0	2.0	0.5	1.5	0.5	2.0	2.0	0.5	1.5	1.0	0.5	0.0	1.5	17
BFS	5.4	0.0	1.0	1.0	1.0	1.5	1.0	2.0	2.0	2.0	0.5	1.0	0.5	1.0	1.0	0.0	2.0	0.0	2.0	15
ACET	4.4	1.0	0.0	2.0	0.5	0.5	1.0	0.0	0.0	0.0	1.0	1.0	2.0	2.0	1.0	1.0	0.0	2.0	1.0	13
1816.HK	6.9	1.5	1.0	1.5	1.0	1.5	1.5	1.0	2.0	0.0	1.5	1.5	1.5	1.0	1.0	2.0	2.0	1.5	2.0	16
TEAD	3.5	1.0	1.0	1.0	0.0	0.0	0.0	1.0	0.0	0.0	0.5	1.0	1.0	0.5	2.0	1.0	0.5	2.0	0.0	15
BOI.PA	6.4	1.0	1.0	1.0	1.0	1.0	0.5	2.0	0.5	1.5	1.0	2.0	2.0	2.0	2.0	1.0	1.0	1.5	1.0	15
ALX.ASX	4.4	0.0	1.0	1.0	1.0	2.0	0.5	1.5	0.0	1.0	1.0	2.0	1.5	0.0	0.0	0.0	1.0	0.5	2.0	16
4704.T	6.4	1.0	1.0	1.0	0.5	1.5	1.5	2.0	1.0	1.0	1.0	1.5	0.5	2.0	1.5	1.5	1.5	2.0	1.0	15
HTGC	6.5	2.0	1.0	1.0	0.5	2.0	1.0	2.0	2.0	2.0	1.0	1.0	1.5	1.5	1.0	1.0	2.0	0.5	0.5	18
VAIAS.HE	6.0	1.0	1.0	1.0	1.0	1.5	1.0	2.0	1.0	1.0	1.0	2.0	0.5	1.0	1.5	2.0	1.0	0.5	1.5	17
CVC.NV	7.2	1.5	1.0	1.0	1.0	2.0	1.5	2.0	2.0	1.5	1.5	1.5	0.5	1.5	1.0	1.5	2.0	1.0	2.0	16
MSFT.EUR	7.2	1.0	2.0	1.0	1.5	2.0	1.5	2.0	2.0	0.5	2.0	2.0	0.5	1.0	0.5	2.0	2.0	0.5	2.0	18
01114.HK	5.8	2.0	1.0	1.0	1.0	2.0	2.0	0.5	0.0	2.0	1.0	2.0	2.0	1.0	1.5	0.0	0.0	2.0	0.0	16
W.US	5.1	0.0	2.0	1.0	2.0	0.5	1.0	1.0	0.5	1.0	2.0	1.0	1.0	0.0	2.0	1.0	0.5	1.0	1.0	16
FFIV	6.2	1.0	0.0	1.0	1.5	2.0	1.5	2.0	1.5	1.0	1.5	2.0	0.5	0.5	1.0	1.0	1.5	1.0	2.0	18
PLX	6.4	1.5	1.0	1.0	0.0	2.0	2.0	1.5	1.5	0.5	0.5	2.0	1.0	2.0	1.5	1.0	1.5	1.5	1.0	17
NCK.ASX	7.1	2.0	1.0	1.0	1.0	1.5	1.0	2.0	1.5	2.0	1.5	1.5	1.0	1.5	1.5	1.0	1.5	1.0	2.0	16
LINDEX.HE	6.8	1.5	1.0	1.0	2.0	1.0	1.0	2.0	1.0	2.0	0.5	1.5	2.0	1.5	2.0	1.0	0.5	2.0	1.0	17
CCCC	4.6	1.0	1.0	1.0	2.0	0.0	1.0	2.0	0.0	0.0	1.0	1.0	1.5	1.0	1.0	1.0	0.0	2.0	0.0	16
ALTUV.PA	6.0	0.0	1.0	1.0	1.0	1.0	1.0	2.0	0.5	1.5	1.0	2.0	2.0	1.0	2.0	1.0	0.5	2.0	1.0	15
MAERSKB.CO	5.7	2.0	1.0	1.0	2.0	1.0	1.5	1.0	1.0	0.5	1.5	0.0	2.0	0.0	1.0	2.0	1.0	1.0	1.0	17
6762.T	6.5	2.0	1.0	1.0	1.5	1.0	2.0	1.0	1.0	0.0	1.5	1.0	1.5	1.5	1.5	2.0	1.0	1.5	1.5	17
RI.PA	6.7	1.0	1.0	1.0	1.0	1.5	0.0	2.0	1.5	1.5	1.5	1.5	2.0	1.5	1.5	1.0	1.5	1.5	1.5	16
BBNX	4.4	1.0	0.0	1.0	2.0	0.0	2.0	2.0	0.0	0.0	1.5	1.0	1.0	1.0	1.0	1.0	0.0	1.5	0.0	16
ABN.NV	6.4	1.5	1.0	1.0	2.0	2.0	1.5	0.0	2.0	1.0	1.5	2.0	1.5	1.0	1.0	2.0	0.0	2.0	0.0	15
CHWY	5.4	2.0	1.0	1.0	0.0	1.0	1.0	1.0	0.5	1.5	2.0	2.0	0.0	1.0	2.0	1.0	0.5	1.0	1.0	17
CTO	6.1	1.5	1.0	1.0	1.0	2.0	1.5	2.0	2.0	1.0	1.0	0.0	1.5	1.0	1.0	0.0	2.0	0.5	2.0	17
STM.DE	6.8	2.0	1.0	1.0	1.0	1.0	0.5	1.0	0.5	2.0	1.0	1.5	2.0	2.0	2.0	2.0	1.0	2.0	1.0	16
RVPH	4.4	1.0	1.0	1.0	2.0	0.5	1.0	0.0	0.0	0.0	0.5	1.0	2.0	1.0	1.0	1.0	0.0	2.0	1.0	11
VTMX	6.8	2.0	1.0	1.0	0.0	2.0	1.5	2.0	2.0	1.5	0.5	0.0	2.0	1.0	0.5	2.0	2.0	1.5	2.0	17
HST	6.7	0.5	2.0	1.0	0.0	1.5	1.0	1.0	1.5	2.0	2.0	0.0	1.5	1.5	1.5	2.0	1.5	1.5	2.0	18
SHELL.NV	7.5	1.0	1.0	1.0	2.0	1.0	2.0	1.0	1.5	2.0	1.0	2.0	1.5	2.0	2.0	2.0	1.0	1.5	1.5	17
SPXC	6.5	2.0	0.0	1.0	1.5	1.5	2.0	1.5	1.5	1.0	1.5	2.0	1.0	1.0	1.5	1.0	1.5	0.5	1.5	18
CRI.PA	4.0	0.0	1.0	1.0	1.0	1.0	0.0	1.0	0.5	0.0	0.5	1.0	2.0	0.0	2.0	1.0	0.5	2.0	0.0	15
BLX	5.3	1.0	1.0	1.0	1.0	2.0	1.0	0.0	2.0	1.0	0.5	1.5	1.5	1.0	0.5	2.0	0.0	2.0	0.0	14
TSCO	5.6	1.0	1.0	1.0	0.0	1.0	1.0	1.5	1.0	0.5	2.0	1.5	0.5	1.5	2.0	2.0	1.0	0.5	1.0	18
IFRX	4.7	1.0	1.0	1.0	0.0	0.5	1.0	0.0	2.0	0.0	1.0	1.0	1.5	1.0	1.0	1.0	0.0	2.0	2.0	14
GPN	8.3	2.0	2.0	1.0	0.5	0.5	2.0	2.0	1.5	2.0	2.0	2.0	2.0	1.5	1.5	2.0	2.0	2.0	1.5	18
ZEAL.CO	6.1	2.0	1.0	1.0	0.0	2.0	0.0	2.0	2.0	0.0	1.5	0.0	1.5	2.0	2.0	1.0	2.0	2.0	0.0	17
SGE.L	6.1	1.5	1.0	1.0	1.0	1.5	1.0	2.0	1.5	1.5	1.5	0.0	0.0	1.0	1.5	2.0	1.5	1.0	1.5	16
BOOT.L	3.1	1.0	1.0	1.0	1.0	1.0	0.0	1.0	0.0	0.0	0.5	0.0	0.0	0.5	2.0	0.0	0.5	1.5	0.0	16
RTX	6.5	1.0	2.0	1.0	1.5	1.0	1.5	1.0	1.0	1.0	2.0	2.0	1.0	1.0	1.5	2.0	1.0	0.5	1.5	18
1925.T	6.5	2.0	1.0	1.0	1.5	1.0	1.0	1.0	1.0	1.0	1.0	0.0	2.0	2.0	2.0	2.0	1.0	2.0	1.0	15
AN	5.0	2.0	0.0	1.0	1.0	1.0	0.5	0.5	0.5	1.5	1.5	1.5	1.5	1.5	2.0	1.0	0.5	0.0	0.5	18
BUFAB.ST	5.4	0.5	1.0	1.0	2.0	1.0	1.5	1.0	1.0	1.0	0.5	2.0	0.5	0.5	1.5	2.0	1.0	0.5	1.0	17
6645.T	6.7	2.0	1.0	1.0	1.0	1.0	1.5	1.5	1.0	0.0	1.5	2.0	1.5	1.5	2.0	2.0	1.0	1.5	1.0	16
XPP.L	3.8	0.0	1.0	1.0	1.0	0.5	0.5	1.5	0.5	0.5	1.0	1.0	0.0	0.0	1.5	1.0	0.5	0.5	1.5	15
EAPI.PA	5.3	1.0	1.0	1.0	1.0	0.0	0.0	0.5	0.0	2.0	0.5	1.0	2.0	2.0	2.0	1.0	1.0	2.0	1.0	14
XVIVO.ST	4.9	0.0	1.0	1.0	0.0	1.0	2.0	2.0	1.0	0.0	1.0	2.0	1.0	0.0	1.0	1.0	1.0	0.5	2.0	17
LLC.ASX	4.2	1.0	1.0	1.0	1.0	0.0	0.0	0.0	0.5	0.0	1.0	1.0	2.0	0.0	2.0	2.0	0.5	2.0	0.0	15
WEW.DE	6.2	1.5	1.0	1.0	1.0	1.0	1.5	2.0	0.0	2.0	0.5	1.5	1.5	1.5	2.0	1.0	0.5	2.0	1.0	16
MUB.DE	6.5	2.0	1.0	1.0	1.0	1.0	2.0	2.0	0.5	1.0	1.0	1.0	1.5	2.0	2.0	1.0	1.0	1.5	1.0	12
WBTN	4.2	1.0	1.0	1.0	0.0	0.0	0.5	1.0	0.0	0.5	1.0	1.0	1.5	1.0	2.0	1.0	0.0	2.0	0.5	15
GERN	4.0	1.0	1.0	1.0	0.0	0.0	1.5	2.0	0.0	0.0	0.5	1.0	1.0	1.0	1.5	1.0	0.0	2.0	0.0	16
VKTX	4.3	1.0	2.0	1.0	1.5	0.5	1.0	0.0	0.0	0.0	1.5	1.0	0.5	1.0	1.0	1.0	0.0	1.5	1.0	12
TEF.MC	6.2	2.0	1.0	1.0	0.0	0.5	1.0	1.5	1.0	2.0	2.0	1.0	1.5	1.5	2.0	0.0	1.0	2.0	1.5	15
JACK	5.3	2.0	1.0	1.0	0.0	1.0	0.5	1.0	1.0	0.0	1.5	1.0	1.0	1.5	2.0	1.0	1.0	1.5	1.0	16
00241.HK	5.7	2.0	1.0	1.0	1.0	1.0	1.0	1.0	0.5	0.5	1.5	1.5	1.5	1.0	2.0	1.0	0.5	2.0	0.5	16
JMKE	6.8	2.0	1.0	1.0	1.0	0.5	1.5	2.0	2.0	1.0	2.0	1.0	2.0	1.0	1.0	1.0	2.0	1.0	1.5	14
ARIS.MI	6.8	1.5	1.0	1.5	2.0	1.0	1.0	1.5	0.5	0.0	1.5	2.0	2.0	1.5	2.0	2.0	0.5	2.0	1.0	17
SERE.L	5.0	0.5	1.0	1.0	1.0	1.0	1.0	1.0	1.0	1.0	0.5	2.0	1.0	1.0	1.0	1.0	1.0	1.0	1.0	4
MILDEF.ST	5.1	0.0	1.0	1.0	0.0	1.5	2.0	1.5	1.0	0.5	1.0	2.0	0.5	0.5	1.5	2.0	1.0	0.5	1.0	17
ASIX	3.6	1.0	0.0	1.0	0.0	0.5	1.0	0.0	0.5	0.0	0.5	1.0	2.0	1.5	2.0	0.0	0.5	0.5	1.0	16
AGS.BR	5.7	0.0	1.0	1.0	1.0	1.5	2.0	1.0	0.5	0.0	1.5	0.5	1.5	1.0	1.0	2.0	1.0	2.0	2.0	16
PDLB	6.0	1.5	1.0	1.0	1.0	2.0	1.5	0.0	2.0	1.0	0.5	2.0	1.5	1.0	0.5	1.0	0.0	2.0	2.0	14
D	6.2	1.0	0.0	1.0	1.5	1.5	1.5	1.5	2.0	0.0	1.5	2.0	1.5	1.5	1.0	1.0	2.0	0.0	2.0	18
NIO	4.9	1.0	0.0	1.0	0.0	0.5	2.0	0.5	0.0	1.0	2.0	1.0	0.0	2.0	2.0	1.0	0.5	2.0	1.0	14
KELYA.US	5.7	2.0	2.0	1.0	1.0	0.5	0.5	0.5	0.5	2.0	0.5	1.0	2.0	1.5	2.0	2.0	0.5	0.5	0.5	16
ARGX	5.6	1.5	0.0	1.0	0.0	2.0	2.0	2.0	2.0	0.5	2.0	2.0	0.0	0.0	0.0	1.0	1.5	1.0	1.5	18
KLRS	4.2	1.0	1.0	1.0	1.0	0.5	1.0	0.0	0.0	0.0	1.0	1.0	1.5	1.0	1.0	1.0	0.0	2.0	1.0	12
CATE.ST	6.5	0.0	1.0	1.0	1.0	2.0	2.0	2.0	2.0	1.5	1.0	0.5	2.0	0.5	0.5	2.0	2.0	0.5	2.0	16
PRLB	5.6	2.0	0.0	1.0	2.0	1.0	1.5	1.5	1.0	0.5	0.5	2.0	1.0	0.5	1.5	1.0	1.0	1.0	1.0	18
QAN.ASX	6.2	2.0	1.0	1.0	1.0	1.0	1.0	1.0	0.5	0.0	1.5	2.0	0.0	2.0	2.0	2.0	1.0	2.0	1.5	16
SXI	6.8	2.0	1.0	1.0	2.0	1.5	1.0	1.5	1.5	1.0	1.0	2.0	1.0	1.0	1.5	2.0	1.5	1.0	1.0	18
NNOX	5.0	1.0	2.0	1.0	2.0	0.5	2.0	0.0	0.0	0.0	0.5	1.0	2.0	1.0	2.0	1.0	0.0	2.0	0.0	16
RBC	5.6	1.0	0.0	1.0	1.5	1.5	1.5	1.5	2.0	0.5	1.0	2.0	1.0	0.5	1.0	1.0	1.5	0.0	1.5	18
LPLA.US	6.5	2.0	2.0	1.0	1.5	1.0	2.0	1.0	1.0	1.0	1.5	2.0	1.0	1.0	2.0	2.0	0.0	1.5	0.0	16
WHK	5.6	1.0	1.0	1.0	1.0	0.0	2.0	2.0	0.0	1.0	1.0	1.0	1.5	1.5	0.5	1.0	2.0	0.5	2.0	13
JNJ	6.7	0.5	2.0	1.0	0.0	2.0	1.0	2.0	2.0	1.0	2.0	2.0	0.5	1.0	1.0	1.5	2.0	0.5	2.0	18
CNOB	6.2	2.0	0.0	1.0	1.0	2.0	2.0	0.0	2.0	1.0	0.5	1.5	1.5	1.0	1.0	2.0	0.0	2.0	2.0	16
NI	6.5	1.0	2.0	1.0	1.0	1.5	1.0	2.0	1.5	0.0	1.5	1.5	1.5	1.5	1.0	1.5	2.0	0.0	2.0	18
NKE	6.0	1.5	1.0	1.0	0.5	1.0	0.5	1.5	1.0	1.0	2.0	1.0	1.0	1.5	2.0	1.5	1.0	1.5	1.0	18
ZD	6.8	1.0	1.0	1.0	0.0	2.0	0.5	2.0	0.5	2.0	1.0	1.0	2.0	2.0	2.0	1.0	1.5	2.0	2.0	17
AIR.US	5.4	1.0	1.0	1.0	1.5	1.0	2.0	0.5	1.0	0.0	1.0	2.0	1.5	1.0	2.0	1.0	1.0	0.5	0.5	17
STRK.US	4.3	1.0	1.0	1.0	1.0	0.5	1.0	2.0	0.0	1.0	1.0	1.0	2.0	1.0	0.0	1.0	0.0	1.0	0.0	10
FTNT	6.7	1.0	2.0	1.0	2.0	2.0	2.0	2.0	2.0	0.5	2.0	2.0	0.0	0.0	0.5	1.0	1.5	0.5	2.0	18
NNE	4.2	1.0	1.0	1.0	2.0	0.5	1.0	1.0	0.0	0.0	1.0	1.0	1.5	1.0	0.0	1.0	0.0	2.0	0.0	15
ECHO	4.4	1.5	1.0	1.0	2.0	0.0	0.5	1.0	1.0	0.0	1.0	1.0	1.5	0.5	1.5	1.0	1.0	0.5	0.0	17
CARG	7.4	2.0	1.0	1.0	2.0	1.5	1.5	2.0	2.0	2.0	1.5	2.0	0.0	1.5	1.5	1.0	1.5	0.5	2.0	18
ROK	5.8	1.0	0.0	1.0	1.5	1.5	1.0	1.5	1.5	1.0	2.0	2.0	0.0	0.5	1.0	2.0	1.5	0.5	1.5	18
LBRDK	4.2	1.0	1.0	1.0	1.0	0.5	1.0	0.0	0.0	1.0	1.0	1.0	1.5	1.0	1.0	1.0	0.0	1.0	1.0	6
CBT	7.1	1.5	2.0	1.0	1.5	1.0	1.0	1.0	1.0	1.5	1.0	2.0	1.5	2.0	2.0	2.0	1.5	1.0	1.0	18
NANO.PA	3.5	1.0	1.0	1.0	1.0	0.0	1.0	2.0	0.0	0.0	1.0	1.0	1.0	1.0	0.0	1.0	0.0	0.5	0.0	12
SDGR	4.2	1.0	1.0	1.0	2.0	0.0	1.0	2.0	0.0	0.0	1.0	1.0	0.5	1.0	1.0	1.0	0.0	1.5	0.0	16
AXON	4.7	1.0	1.0	1.0	0.5	1.0	2.0	2.0	0.5	0.5	1.5	2.0	0.5	0.0	0.5	1.0	0.5	0.5	1.0	18
NBIS	4.6	2.0	0.0	1.0	0.0	1.0	2.0	2.0	0.0	0.0	1.5	1.0	0.5	0.0	0.0	1.0	1.0	1.5	2.0	17
GLINT.LS	6.7	1.5	1.0	1.0	1.0	1.0	1.5	2.0	0.5	2.0	1.0	1.0	1.5	1.5	2.0	2.0	1.0	1.5	1.0	14
EMBJ	7.1	0.0	2.0	1.0	2.0	1.0	1.5	0.5	1.0	2.0	1.5	2.0	1.0	2.0	2.0	2.0	1.0	2.0	1.0	18
ABR	4.4	1.0	0.0	1.0	0.0	1.5	0.0	2.0	0.0	1.0	0.5	2.0	2.0	1.0	0.0	0.0	0.0	2.0	2.0	16
ENG.MC	6.2	0.0	1.0	1.0	1.0	2.0	0.5	2.0	2.0	1.0	1.5	1.0	1.5	1.0	1.0	1.0	2.0	1.5	1.5	16
RHLD	5.8	1.0	1.0	1.0	1.0	1.0	2.0	1.5	1.0	2.0	1.0	1.0	1.0	0.5	1.0	1.0	1.5	1.5	1.0	13
HLCL.L	4.0	0.5	1.0	1.0	1.0	1.5	1.5	2.0	2.0	0.0	0.5	0.0	0.0	0.0	0.5	0.0	1.5	1.5	0.0	16
GFF	6.1	2.0	0.0	1.0	1.5	1.0	1.0	1.5	1.5	2.0	1.0	2.0	0.0	1.5	1.5	2.0	1.0	0.5	1.0	18
FSBW	5.7	1.5	1.0	1.0	0.0	2.0	1.0	0.0	2.0	1.0	0.5	1.5	1.5	1.0	1.5	2.0	0.0	1.0	2.0	16
ALVAP.PA	6.4	2.0	1.0	1.0	1.0	1.0	0.5	0.5	0.5	2.0	1.0	1.0	2.0	2.0	2.0	2.0	0.5	2.0	1.0	14
00135.HK	6.7	1.5	1.0	1.0	1.0	1.0	1.0	0.5	0.5	2.0	1.5	1.5	2.0	2.0	2.0	2.0	0.5	2.0	1.0	16
ADC	6.8	2.0	2.0	1.0	1.0	2.0	1.5	2.0	2.0	1.5	1.5	1.0	1.5	1.0	0.5	0.0	2.0	0.0	2.0	18
AMH	6.2	1.0	1.0	1.0	1.5	2.0	1.0	2.0	2.0	1.5	2.0	0.0	1.5	1.0	1.0	0.0	2.0	0.0	2.0	18
EVLI.HE	6.1	1.0	1.0	1.0	0.5	2.0	1.5	2.0	2.0	0.0	0.5	1.5	1.0	1.0	1.0	1.0	2.0	1.0	2.0	14
LEG	5.8	0.5	1.0	1.0	2.0	1.0	0.5	0.5	1.0	2.0	0.5	0.0	1.5	2.0	2.0	2.0	0.5	2.0	1.0	16
SEAT	5.3	1.0	1.0	1.0	2.0	0.0	0.5	2.0	0.0	2.0	1.0	1.0	1.0	1.0	2.0	1.0	0.0	2.0	0.5	14
XAR.L	4.2	2.0	1.0	1.0	1.0	0.5	1.0	1.5	0.5	0.5	0.5	1.0	0.0	0.5	2.0	1.0	0.5	0.5	0.0	15
ALHGR.PA	4.4	1.0	1.0	1.0	1.0	0.0	2.0	1.0	0.0	1.0	0.5	1.0	1.5	1.0	1.0	1.0	0.0	1.0	1.0	9
ABVX.PA	3.1	1.0	1.0	1.0	0.0	0.5	0.5	2.0	0.0	0.0	1.0	1.0	0.0	1.0	0.0	1.0	0.0	1.0	0.0	15
TPB	6.2	2.0	2.0	1.0	0.0	1.0	2.0	2.0	0.5	0.0	1.0	1.0	1.5	1.0	1.5	2.0	1.0	2.0	1.0	18
PCYO	6.0	1.0	1.0	1.0	1.0	2.0	2.0	2.0	2.0	0.0	1.0	0.0	1.5	1.0	1.0	1.0	2.0	0.5	1.5	15
ALWIN.PA	2.9	1.0	1.0	1.0	1.0	0.5	0.0	0.0	0.0	0.0	1.0	1.0	1.0	1.0	1.0	1.0	0.0	0.0	0.0	12
MAIR	5.6	0.0	1.0	1.0	0.5	1.0	2.0	1.5	1.5	1.0	1.0	2.0	1.0	1.0	1.5	1.0	1.5	0.5	1.0	16
BOQ.ASX	5.4	0.0	1.0	1.0	1.0	1.0	1.0	0.0	2.0	1.0	1.5	2.0	2.0	1.0	1.0	0.0	0.0	2.0	2.0	14
POST	6.0	1.5	1.0	1.0	0.0	1.0	0.5	1.0	1.0	2.0	1.0	2.0	1.5	2.0	2.0	1.0	1.0	1.0	1.0	18
OPRA	7.2	1.5	1.0	1.0	2.0	1.5	2.0	2.0	1.5	1.5	1.0	2.0	1.5	1.5	1.5	1.0	1.0	1.0	1.5	18
AR.US	7.4	2.0	2.0	1.0	0.5	1.5	1.5	2.0	2.0	1.0	2.0	1.5	1.5	1.0	1.0	1.0	2.0	1.0	2.0	15
0998.HK	5.3	1.0	1.0	1.0	1.0	2.0	0.5	0.0	2.0	1.0	1.0	0.5	2.0	1.0	1.0	2.0	0.0	2.0	0.0	14
MPE.L	6.8	1.5	1.0	1.0	1.0	2.0	1.0	1.5	2.0	2.0	0.5	0.0	0.0	2.0	1.5	2.0	2.0	1.5	2.0	16
IXX.DE	6.4	1.5	1.0	1.0	1.0	1.0	2.0	1.0	0.5	1.0	0.5	2.0	1.5	1.5	2.0	2.0	1.0	1.5	1.0	16
ITV.L	5.3	1.5	1.0	1.0	1.0	1.0	1.0	0.5	0.5	2.0	1.0	0.0	0.0	2.0	2.0	1.0	1.0	1.5	1.0	16
ESAB	6.7	2.0	2.0	1.0	0.0	1.0	1.5	1.5	1.0	1.0	1.5	2.0	1.5	1.5	1.5	2.0	1.0	1.0	1.0	18
TIMB	7.2	1.5	0.0	1.0	0.5	1.5	1.0	2.0	1.5	2.0	1.0	1.5	1.5	2.0	2.0	1.0	2.0	2.0	2.0	18
MTRX	5.3	2.0	2.0	1.0	1.0	0.5	1.5	0.0	0.5	0.0	0.5	1.0	1.5	1.5	2.0	1.0	0.5	2.0	0.5	17
TIGO	7.1	2.0	0.0	1.0	1.0	1.0	2.0	2.0	1.5	2.0	1.0	2.0	0.5	1.5	1.5	1.5	2.0	1.0	2.0	17
MMYT	5.7	0.0	0.0	1.0	2.0	1.0	1.0	2.0	1.5	0.5	1.5	2.0	1.0	0.5	1.5	1.0	1.0	1.5	1.5	17
SHAK	5.1	0.5	0.0	1.0	0.0	1.0	1.5	1.5	0.5	0.0	2.0	2.0	1.0	1.0	2.0	1.0	1.0	1.5	1.0	18
QBE.ASX	6.5	2.0	1.0	1.0	1.0	1.5	1.0	0.5	1.5	1.0	1.5	1.0	1.5	1.5	2.0	2.0	1.0	1.0	1.5	14
KMK.L	4.0	0.0	1.0	1.0	1.0	1.0	0.0	2.0	0.0	0.0	0.5	0.0	0.0	1.5	2.0	1.0	1.0	1.5	1.0	16
AZZ	5.8	1.5	0.0	1.0	1.0	1.5	1.0	1.0	1.5	1.0	1.0	1.5	1.5	1.5	1.5	2.0	1.5	0.0	1.0	18
ALNT	4.9	0.0	0.0	1.0	1.5	1.0	1.5	1.0	1.0	0.5	1.0	2.0	0.5	0.5	1.5	2.0	1.0	0.5	1.0	18
BAP	5.7	0.0	0.0	1.0	1.0	2.0	1.5	0.0	2.0	1.0	1.5	2.0	1.5	1.0	2.0	2.0	0.0	2.0	0.0	16
MTX	5.8	1.0	1.0	1.0	0.0	0.5	1.0	1.0	1.0	2.0	0.5	1.0	1.5	2.0	2.0	2.0	1.0	1.5	1.0	17
VISN	5.3	0.5	0.0	1.0	1.0	2.0	0.5	1.5	0.5	0.5	0.5	1.0	2.0	2.0	2.0	1.0	1.0	1.0	1.0	16
CYD	5.3	2.0	1.0	1.0	1.0	1.0	1.0	0.5	0.5	1.0	0.5	2.0	2.0	1.0	1.0	1.0	0.5	1.0	1.0	12
TFF.PA	6.4	2.0	1.0	1.0	1.0	1.0	0.0	1.5	0.5	2.0	1.0	0.0	2.0	1.5	2.0	2.0	1.0	2.0	1.5	16
PCG	7.1	2.0	2.0	1.0	0.0	1.5	1.0	1.5	1.5	0.0	1.5	2.0	2.0	1.5	1.5	2.0	2.0	0.5	2.0	18
NPCE	4.4	1.0	1.0	1.0	2.0	0.0	1.5	2.0	0.0	0.0	1.5	1.0	0.0	1.0	1.5	1.0	0.0	1.5	0.0	16
IBTA	5.3	1.0	0.0	1.0	2.0	0.5	1.0	2.0	0.0	1.5	1.0	1.0	1.0	1.0	1.5	1.0	0.0	1.5	2.0	16
ULTP.L	5.0	2.0	1.0	1.0	1.0	1.0	0.5	1.0	0.5	2.0	0.5	0.0	0.0	2.0	2.0	1.0	0.5	1.0	1.0	16
BAK	5.6	1.5	1.0	1.0	1.0	0.5	2.0	0.5	1.5	0.0	1.0	1.0	1.0	2.0	2.0	1.0	1.0	2.0	0.0	14
STOK	3.8	1.0	2.0	1.0	0.0	0.5	0.0	2.0	0.0	0.0	1.5	1.0	1.0	1.0	0.0	1.0	0.0	1.5	0.0	16
CAE	6.1	1.0	2.0	1.0	0.5	1.0	1.0	1.0	1.0	2.0	0.5	2.0	1.5	1.5	1.5	1.0	1.0	1.0	1.5	18
DIA.MC	5.8	2.0	1.0	2.0	1.0	1.0	1.0	1.0	0.5	1.5	1.0	1.5	0.0	1.5	2.0	1.0	0.5	1.5	1.0	16
LZ	5.4	0.0	1.0	1.0	0.0	1.0	1.0	2.0	0.5	2.0	1.0	2.0	0.5	1.0	2.0	1.0	0.5	1.5	1.5	17
LEMON.HE	6.0	0.5	1.0	1.0	0.0	1.5	1.0	1.5	1.5	1.5	0.5	2.0	1.0	1.5	1.5	1.5	1.5	1.0	1.5	17
STNE	8.2	2.0	1.0	1.0	0.5	2.0	1.0	2.0	2.0	2.0	1.5	2.0	1.5	2.0	2.0	1.0	2.0	2.0	2.0	17
ITX.MC	6.7	0.5	1.0	1.0	1.5	1.5	1.0	2.0	1.5	1.0	2.0	1.5	0.5	1.0	1.5	2.0	1.5	1.0	2.0	17
7270.T	5.8	2.0	1.0	1.0	0.0	1.0	1.0	0.5	0.5	0.0	1.5	2.0	2.0	2.0	2.0	1.0	0.5	2.0	1.0	17
ALW.L	5.0	1.0	1.0	1.0	1.0	1.0	1.0	1.0	1.0	1.0	1.0	1.0	1.0	1.0	1.0	1.0	1.0	1.0	1.0	2
RYN	4.9	0.0	0.0	1.0	0.0	1.0	2.0	1.0	1.0	0.5	1.0	2.0	1.5	0.5	1.0	0.0	2.0	1.0	2.0	18
QQ.L	5.4	1.0	1.0	1.0	1.0	1.0	1.0	0.5	1.0	1.5	1.5	0.0	0.0	1.5	2.0	2.0	1.0	1.5	1.0	16
HBM	6.7	1.0	0.0	1.0	0.0	2.0	1.5	2.0	2.0	1.0	1.0	1.5	1.5	1.5	1.0	2.0	2.0	1.0	2.0	18
GATC.L	4.6	1.5	1.0	1.0	1.0	1.0	1.0	0.0	0.5	0.0	0.5	0.0	0.0	2.0	2.0	2.0	0.5	2.0	0.5	16
RPI.L	3.6	0.0	1.0	1.0	1.0	1.0	2.0	1.0	0.5	0.0	0.5	0.0	0.0	0.5	1.5	1.0	1.0	0.5	0.5	16
ALIKO.PA	4.7	1.0	1.0	1.0	1.0	0.0	2.0	2.0	0.0	1.0	0.5	1.0	1.5	1.0	1.0	1.0	0.0	1.0	1.0	9
PXS.L	3.1	1.0	1.0	1.0	1.0	0.0	0.0	1.5	0.0	0.0	1.0	1.0	1.0	1.0	0.0	1.0	0.0	0.5	0.0	11
KESKOA.HE	4.6	0.0	1.0	1.0	1.0	1.0	1.0	0.5	0.5	1.5	1.0	1.0	1.0	1.0	2.0	1.0	0.5	0.5	1.0	14
PAA	5.8	1.0	2.0	1.0	0.5	1.0	2.0	0.0	0.5	2.0	1.5	2.0	1.5	1.5	2.0	0.0	0.5	1.0	1.0	18
TILE	6.7	2.0	2.0	1.0	1.0	1.5	1.0	1.5	1.5	1.5	0.5	1.0	1.5	1.5	2.0	2.0	1.0	0.5	1.0	18
VIRI.PA	7.6	2.0	1.0	1.0	1.0	1.0	2.0	1.0	0.5	2.0	1.0	2.0	2.0	2.0	2.0	1.0	2.0	2.0	2.0	16
NVGS	7.5	1.5	2.0	1.0	0.0	2.0	2.0	2.0	2.0	1.5	1.0	0.0	1.5	1.5	1.5	2.0	2.0	1.5	2.0	18
IVA.PA	3.6	1.0	1.0	1.0	1.0	0.5	0.0	2.0	0.0	0.0	1.0	1.0	1.0	1.0	0.0	1.0	0.0	1.5	0.0	13
ELEC.PA	6.5	2.0	1.0	1.0	1.0	1.5	0.5	1.0	1.0	1.0	1.0	1.0	1.5	2.0	2.0	1.5	1.0	2.0	1.5	14
MET.US	6.4	2.0	0.0	1.0	1.5	1.0	1.5	1.0	0.5	0.0	1.5	2.0	1.5	1.5	2.0	2.0	0.5	2.0	1.5	18
AIT	5.6	0.5	2.0	1.0	1.5	1.0	1.5	1.0	1.0	1.0	1.0	1.5	0.5	0.5	1.5	2.0	1.0	0.5	1.0	18
WUW.DE	5.8	1.5	1.0	1.0	1.0	1.0	0.5	1.0	1.5	0.0	0.5	2.0	2.0	1.0	1.0	2.0	1.0	2.0	1.0	16
TRIN	4.6	0.0	0.0	1.0	1.0	2.0	1.5	2.0	2.0	1.0	1.0	1.5	1.5	1.0	0.5	0.0	0.0	0.5	0.0	17
NVG.LS	6.0	2.0	1.0	1.0	1.0	1.0	0.0	2.0	0.5	1.0	0.5	2.0	1.5	1.5	2.0	1.5	1.0	1.0	1.0	14
SK.PA	5.7	1.0	1.0	1.0	1.0	1.0	0.5	0.0	0.5	2.0	1.5	2.0	1.5	2.0	2.0	0.0	0.5	2.0	1.0	16
RRX	5.8	1.5	0.0	1.0	0.0	1.0	1.0	1.5	1.0	1.0	1.5	2.0	1.5	1.5	1.5	2.0	1.5	0.5	1.0	18
BARC.L	5.3	2.0	1.0	1.0	0.5	2.0	1.5	0.0	2.0	1.0	1.5	0.0	0.0	1.0	1.5	2.0	0.0	2.0	0.0	15
KEMPOWR.HE	4.0	1.0	1.0	1.0	0.0	0.5	1.5	1.5	0.0	0.0	1.0	1.0	1.0	1.0	2.0	1.0	0.0	1.0	0.0	15
INGN	4.9	1.0	2.0	1.0	1.0	0.5	1.0	1.5	0.0	0.0	0.5	1.0	2.0	1.0	2.0	1.0	0.0	2.0	0.0	15
9866.HK	4.7	1.0	1.0	1.0	0.0	0.5	2.0	0.5	0.0	1.0	1.5	1.0	0.0	1.0	2.0	1.0	0.5	2.0	1.0	13
HNR1.DE	6.5	0.0	1.0	1.0	2.0	1.5	0.0	0.5	1.0	2.0	1.5	1.0	1.5	1.5	2.0	2.0	1.0	2.0	2.0	17
DKSH.ZU	5.3	1.0	1.0	1.0	1.0	1.0	0.5	0.0	0.5	1.5	1.0	1.5	1.5	1.5	2.0	1.5	0.5	1.5	0.5	16
00285.HK	6.4	2.0	1.0	1.0	1.0	1.0	1.0	0.0	0.5	1.0	1.5	2.0	1.5	2.0	2.0	2.0	0.5	2.0	1.0	16
NTNX	5.8	1.5	1.0	1.0	2.0	2.0	1.5	2.0	1.0	1.0	1.5	0.0	0.0	0.0	1.0	1.0	1.0	1.5	2.0	18
BIOS.BR	4.0	1.0	1.0	1.0	1.0	0.5	0.0	0.0	0.0	0.0	1.0	1.0	1.0	1.0	1.0	1.0	0.0	2.0	2.0	11
CVX.PA	2.2	1.0	1.0	1.0	1.0	0.5	0.0	0.0	0.0	0.0	0.5	1.0	0.0	1.0	0.0	1.0	0.0	0.0	0.0	14
JIN.ASX	7.9	0.5	1.0	1.0	1.0	1.5	2.0	2.0	2.0	2.0	1.5	2.0	1.5	2.0	1.5	1.5	2.0	1.5	2.0	16
RAMP	6.9	2.0	1.0	1.0	2.0	1.5	1.0	2.0	1.0	1.5	1.0	2.0	1.5	1.0	1.5	1.0	1.0	1.5	1.5	18
PNL.NV	5.7	1.5	1.0	1.0	1.0	1.0	1.0	0.5	0.0	2.0	1.0	2.0	1.5	1.5	2.0	0.0	0.5	2.0	1.0	15
VIRP.PA	6.5	0.5	1.0	1.0	1.0	1.5	1.0	2.0	1.5	1.5	1.0	1.5	1.5	1.5	2.0	2.0	1.0	1.0	1.0	16
0688.HK	6.7	2.0	1.0	1.0	1.0	1.0	1.5	0.5	1.0	0.5	1.5	1.5	2.0	1.0	2.0	2.0	1.0	2.0	1.5	16
BURE.ST	7.4	1.5	1.0	1.0	1.0	2.0	1.0	2.0	2.0	2.0	1.0	1.0	2.0	2.0	1.5	2.0	2.0	0.5	1.0	13
ESS	6.2	0.0	2.0	1.0	1.5	2.0	1.0	2.0	2.0	1.5	2.0	1.0	1.0	1.0	0.5	0.0	2.0	0.0	2.0	18
ALSEN.PA	5.6	2.0	1.0	1.5	2.0	0.5	1.5	2.0	0.0	0.0	1.0	1.0	1.5	2.0	1.0	1.0	0.0	2.0	0.0	16
ICAD.PA	5.7	0.5	1.0	1.0	1.0	0.0	0.5	1.5	1.5	2.0	1.5	1.0	2.0	1.0	1.5	0.0	1.0	2.0	1.5	15
EXE.PA	5.8	2.0	1.0	1.0	1.0	0.5	0.0	1.5	0.0	2.0	0.5	1.0	2.0	1.5	2.0	2.0	0.5	2.0	0.5	15
SLDB	4.9	1.0	2.0	1.0	2.0	0.5	1.0	0.0	0.0	0.0	1.5	1.0	1.5	1.0	1.0	1.0	0.0	2.0	1.0	13
PRX.NV	5.4	1.0	1.0	1.0	1.0	2.0	1.0	1.5	0.5	0.5	1.5	0.5	1.5	0.0	0.5	2.0	0.5	2.0	1.5	15
LOGN.ZU	7.1	1.0	2.0	1.0	1.5	1.5	1.0	1.5	1.5	1.5	1.5	2.0	0.5	1.5	1.5	2.0	1.0	1.5	1.5	18
GIVN.ZU	5.4	0.0	1.0	1.0	1.0	1.5	0.5	1.5	1.5	0.5	1.5	2.0	0.5	0.5	1.5	1.5	1.5	0.5	1.5	16
PRGS	7.2	1.5	2.0	1.0	1.5	1.0	1.0	2.0	1.5	2.0	1.0	2.0	1.0	1.5	1.5	1.0	1.5	1.0	2.0	18
FRPT	5.1	1.0	0.0	1.0	0.5	1.5	1.5	1.5	0.5	0.5	1.5	0.0	1.5	1.0	1.5	1.0	1.0	1.5	1.5	18
OIS	5.0	1.5	1.0	1.0	0.0	0.0	0.5	1.0	1.0	2.0	0.5	1.0	2.0	1.5	2.0	1.0	0.5	0.5	1.0	17
CTBI	6.5	1.5	2.0	1.0	2.0	2.0	1.5	0.0	2.0	1.0	0.5	1.5	1.5	1.0	1.0	2.0	0.0	1.0	2.0	16
TTAM	6.7	1.5	1.0	1.0	1.5	1.5	1.0	1.0	1.0	1.0	1.0	2.0	1.5	1.5	2.0	2.0	1.5	0.5	1.5	18
NRDY	3.6	1.0	1.0	1.0	0.0	0.0	0.5	2.0	0.0	0.0	0.5	1.0	1.0	1.0	2.0	1.0	0.0	1.0	0.0	15
HVPE.L	5.0	2.0	1.0	1.0	1.0	2.0	0.5	2.0	2.0	2.0	0.5	0.0	0.0	1.0	1.0	1.0	0.0	1.0	0.0	15
EH	4.7	1.0	1.0	1.0	0.0	0.0	0.0	2.0	0.0	1.0	1.5	1.0	1.5	1.0	2.0	1.0	0.0	2.0	1.0	13
HMU.DE	4.4	2.0	1.0	0.5	1.0	1.0	0.5	0.0	0.5	0.0	0.5	0.0	1.5	1.0	2.0	2.0	0.5	2.0	0.0	16
GLW	5.8	2.0	0.0	1.0	1.5	1.5	1.5	1.5	1.5	0.5	1.5	2.0	0.0	0.0	1.0	2.0	1.5	0.5	1.5	18
GABC	6.2	1.5	1.0	1.0	1.5	2.0	1.5	0.0	2.0	1.0	1.0	1.5	1.5	1.0	1.0	2.0	0.0	1.0	2.0	16
MH	6.2	0.5	1.0	1.0	0.0	1.0	1.0	2.0	1.5	2.0	1.5	2.0	1.0	1.5	1.5	1.0	1.5	1.0	1.5	17
SPHR	5.4	1.0	0.0	1.0	0.0	0.5	1.5	2.0	0.0	2.0	1.5	1.0	1.5	0.5	1.5	1.0	1.0	1.5	2.0	16
KRT	4.9	1.0	1.0	1.0	1.0	1.5	1.0	1.5	1.0	1.0	0.5	0.5	0.5	0.5	1.5	1.5	0.5	1.0	1.0	17
ISHA.DE	5.3	1.0	1.0	1.0	1.0	0.5	0.5	1.5	0.5	2.0	0.5	1.0	1.5	1.0	2.0	1.0	0.0	2.0	1.0	14
PAYP	7.5	1.0	0.0	1.0	2.0	2.0	2.0	2.0	2.0	2.0	1.5	0.0	1.0	2.0	2.0	1.0	1.5	2.0	2.0	18
ERAS	3.5	1.0	2.0	1.0	0.0	0.5	1.0	0.0	0.0	0.0	1.0	1.0	0.0	1.0	1.0	1.0	0.0	1.0	1.0	13
ASTS	3.3	1.0	0.0	1.0	0.0	0.5	2.0	1.5	0.0	0.0	1.5	1.0	0.5	1.0	0.0	1.0	0.0	1.0	0.0	16
3618.HK	5.7	2.0	1.0	1.0	1.0	2.0	1.0	0.0	2.0	1.0	1.0	1.0	2.0	1.0	0.5	2.0	0.0	2.0	0.0	15
PFS	6.5	1.0	2.0	1.0	2.0	2.0	1.0	0.0	2.0	1.0	1.0	1.5	1.5	1.0	1.0	2.0	0.0	1.5	2.0	16
BRE.MI	6.8	2.0	1.0	1.0	1.0	1.0	1.0	1.5	1.0	1.0	1.5	1.5	1.5	2.0	2.0	2.0	1.0	1.0	1.5	14
PYX.L	4.2	1.0	1.0	1.0	1.0	0.0	0.0	0.0	0.0	2.0	1.0	1.0	1.0	2.0	1.0	1.0	0.0	2.0	0.0	11
SYENS.BR	6.0	2.0	1.0	1.0	2.0	0.5	1.0	1.0	1.0	1.5	1.5	1.0	1.5	1.5	2.0	0.0	1.0	1.0	1.0	16
PCTN.L	6.1	1.5	1.0	1.0	1.0	2.0	1.0	2.0	2.0	1.0	1.0	0.5	0.0	1.0	0.5	1.5	2.0	1.0	2.0	15
LPX	4.4	0.5	2.0	1.0	0.0	1.0	0.0	0.5	0.5	0.0	1.5	2.0	1.5	1.0	2.0	0.0	1.0	0.5	1.0	18
PGY	8.3	2.0	2.0	1.0	2.0	1.0	1.5	1.5	2.0	2.0	1.5	2.0	1.5	2.0	2.0	1.0	1.5	2.0	1.5	18
FLO.L	4.6	1.0	1.0	1.0	1.0	0.5	2.0	1.5	0.5	0.0	0.5	1.0	0.0	1.0	2.0	1.0	0.5	1.0	1.0	14
SESG.PA	6.5	0.5	1.0	1.0	1.0	0.5	2.0	2.0	0.0	0.0	1.5	1.0	2.0	2.0	1.5	2.0	2.0	2.0	1.5	15
BEEM	3.8	1.0	1.0	1.0	0.5	0.0	2.0	0.5	0.0	0.0	0.5	1.0	1.5	1.0	2.0	1.0	0.0	0.5	0.0	15
LILAK	5.7	1.0	0.0	1.0	0.0	0.5	1.0	2.0	1.5	2.0	0.5	1.0	1.0	1.5	1.5	1.0	1.5	2.0	1.5	16
EHC	6.1	2.0	0.0	1.0	1.0	1.5	1.0	1.5	1.5	0.5	1.5	1.5	1.0	1.5	1.5	2.0	1.5	0.0	1.5	18
EYE	5.7	0.5	2.0	1.0	0.0	1.0	1.0	2.0	0.5	1.0	1.5	2.0	1.5	1.5	2.0	1.0	0.5	0.5	1.0	18
PLXS	5.1	1.0	1.0	1.0	2.0	1.0	2.0	0.5	0.5	0.5	1.0	2.0	1.0	0.5	2.0	1.0	0.5	0.5	0.5	18
STMPA.PA	6.2	2.0	1.0	1.0	1.0	1.0	2.0	1.0	0.5	0.5	1.5	1.0	1.5	1.0	1.5	1.5	1.5	1.5	1.5	16
CGNT	5.1	1.0	1.0	1.0	0.0	0.5	1.5	2.0	0.5	2.0	0.5	1.0	1.0	0.5	2.0	1.0	0.5	1.5	1.0	16
BIOPOR.CO	3.9	1.0	1.0	1.0	1.0	0.0	0.0	2.0	2.0	0.0	0.5	1.0	0.5	1.0	0.5	1.0	0.0	1.5	0.0	14
TMCI	3.8	1.0	1.0	1.0	0.0	0.0	0.5	2.0	0.0	0.0	0.5	1.0	1.0	1.0	2.0	1.0	0.0	1.5	0.0	16
FSLY	5.6	1.0	2.0	1.0	2.0	0.0	2.0	2.0	0.0	1.0	1.5	1.0	1.0	1.0	1.0	1.0	0.0	1.0	1.5	16
HUT	3.6	1.0	1.0	1.0	0.0	0.0	2.0	2.0	0.0	0.0	2.0	1.0	0.5	1.0	0.0	1.0	0.0	0.5	0.0	15
GGG	6.4	1.0	0.0	1.0	1.5	2.0	1.0	2.0	2.0	1.0	1.0	1.5	1.0	1.0	1.0	2.0	1.5	0.5	2.0	18
JEN.DE	6.0	1.5	1.0	1.0	0.0	1.0	1.0	1.0	1.0	1.0	1.0	2.0	1.5	1.5	1.5	2.0	1.0	1.0	1.5	17
1913.HK	5.8	1.0	1.0	1.0	1.0	1.5	1.5	2.0	1.5	0.5	2.0	0.0	1.5	0.0	0.5	2.0	1.5	0.5	2.0	16
JDC.DE	5.1	0.5	1.0	1.0	1.0	1.0	1.5	1.0	0.5	1.0	0.5	2.0	1.0	1.0	2.0	1.0	0.0	1.5	1.0	14
THEP.PA	6.4	0.0	1.0	1.0	1.0	1.0	1.5	1.5	1.0	2.0	0.5	1.5	1.5	2.0	2.0	2.0	1.0	1.5	1.0	16
SYRS	3.6	1.0	1.0	1.0	1.0	0.5	1.0	0.0	0.0	0.0	0.5	1.0	1.0	1.0	1.0	1.0	0.0	2.0	0.0	12
BSD.PA	6.7	1.5	1.0	1.0	1.0	2.0	2.0	1.5	2.0	1.0	0.5	1.5	1.0	1.0	1.5	2.0	0.0	1.5	2.0	14
NAMM	6.9	2.0	1.0	1.0	1.0	2.0	1.0	2.0	2.0	1.5	0.5	1.5	1.0	2.0	2.0	1.0	1.5	0.5	1.5	15
AQ.ST	5.6	0.5	1.0	1.0	2.0	1.0	1.0	2.0	1.0	0.5	0.5	1.5	1.0	1.0	1.5	2.0	1.0	0.5	1.0	17
QUAD.US	6.2	2.0	1.0	1.0	2.0	1.0	1.0	1.0	0.5	2.0	0.5	2.0	1.0	2.0	2.0	2.0	0.5	0.5	0.5	18
Q	6.8	1.5	1.0	1.0	2.0	1.5	2.0	1.5	1.5	1.0	1.0	2.0	1.0	1.0	1.0	2.0	1.5	0.5	1.5	18
4062.T	6.8	2.0	1.0	1.0	0.5	1.5	2.0	1.0	1.5	1.0	1.5	2.0	1.0	0.5	1.0	2.0	1.5	1.5	2.0	17
AIV	5.0	1.0	1.0	1.0	1.0	2.0	0.5	2.0	0.0	0.0	1.0	1.0	2.0	0.0	1.0	1.0	0.5	2.0	1.0	14
RWT	4.6	1.5	1.0	1.0	0.5	1.0	1.0	2.0	0.5	1.0	1.0	1.0	2.0	1.0	0.0	0.0	0.0	2.0	0.0	14
5406.T	6.4	2.0	1.0	1.0	1.0	1.0	1.0	0.5	0.5	1.0	1.0	1.5	2.0	2.0	2.0	2.0	0.5	2.0	1.0	14
NWPX.US	5.8	1.0	0.0	1.0	2.0	1.0	1.5	1.0	1.0	1.5	0.5	1.5	1.5	1.5	2.0	1.0	1.0	0.5	1.5	18
P4O.DE	4.3	0.0	1.0	1.0	1.0	1.0	1.0	2.0	0.5	0.0	1.0	1.0	1.0	0.0	1.5	1.0	0.5	1.0	1.0	14
ZTS	6.9	0.0	2.0	1.0	0.0	2.0	0.5	2.0	2.0	1.5	1.5	1.5	1.0	1.5	1.5	2.0	2.0	1.0	2.0	17
KIDS	4.3	1.0	1.0	1.0	0.0	0.0	1.5	2.0	0.0	0.5	1.0	1.0	1.5	1.0	1.5	1.0	0.0	1.0	0.5	15
GRNT	6.0	1.0	1.0	1.0	0.0	0.5	2.0	2.0	2.0	0.0	1.0	1.0	1.5	2.0	1.5	0.0	2.0	1.0	2.0	16
ETOR	4.6	2.0	0.0	1.0	0.0	1.0	0.0	0.0	0.5	1.0	1.5	1.5	1.5	1.0	2.0	1.0	0.0	2.0	0.5	16
2INV.DE	4.4	2.0	1.0	1.0	1.0	0.5	0.0	0.0	0.0	1.0	1.0	1.0	2.0	1.0	1.0	1.0	0.0	1.5	1.0	9
PAH3.DE	4.7	2.0	1.0	1.0	1.0	0.5	1.0	0.0	0.0	0.0	1.5	2.0	2.0	1.0	1.0	0.0	0.0	2.0	1.0	13
ADMCM.HE	6.4	0.5	1.0	1.0	0.0	1.5	1.0	1.5	0.5	2.0	0.5	2.0	1.0	2.0	1.5	2.0	2.0	1.0	2.0	17
DH	6.0	1.0	1.0	1.0	0.5	0.0	0.5	2.0	0.0	2.0	1.0	1.0	2.0	2.0	2.0	1.0	1.0	2.0	1.5	16
9896.HK	6.5	1.5	1.0	1.0	1.0	1.0	1.5	1.5	0.0	2.0	1.5	2.0	1.5	2.0	2.0	0.0	1.0	2.0	1.0	16
STUB	5.7	1.0	0.0	1.0	0.0	0.0	2.0	2.0	0.5	2.0	1.5	1.0	1.5	1.0	2.0	1.0	0.0	2.0	2.0	16
6969.HK	4.4	0.0	1.0	1.0	1.0	1.0	1.5	1.0	0.5	0.5	1.0	2.0	1.5	0.0	1.5	0.0	0.5	1.5	0.5	16
NEXN	7.2	2.0	1.0	1.0	0.0	1.0	1.5	2.0	0.5	2.0	1.5	2.0	1.5	2.0	2.0	1.0	1.0	2.0	2.0	17
1772.HK	6.7	2.0	1.0	1.0	0.0	1.5	2.0	1.0	2.0	0.0	1.5	1.0	1.5	1.5	1.5	2.0	1.5	2.0	1.0	17
YIT.HE	4.9	2.0	1.0	1.0	0.0	0.5	1.0	2.0	0.0	1.5	1.0	1.0	1.5	0.0	2.0	1.0	0.5	1.0	0.5	16
9001.T	5.7	2.0	1.0	1.0	1.0	1.0	1.0	1.0	1.0	1.0	0.5	0.0	2.0	1.5	1.5	2.0	1.0	1.0	1.0	14
DMNIF	4.0	1.0	1.0	1.0	1.0	0.5	1.0	2.0	0.0	0.0	1.0	1.0	1.0	1.0	0.0	1.0	0.0	2.0	0.0	10
3759.HK	5.8	0.5	1.0	1.0	0.0	1.5	2.0	1.0	1.0	0.0	1.5	2.0	1.5	1.0	1.5	2.0	1.5	0.5	1.5	17
CMTG	4.6	1.0	1.0	1.0	0.0	0.5	1.0	0.0	2.0	1.0	0.5	1.0	2.0	1.0	1.0	1.0	0.0	2.0	0.5	13
EKOP.BR	4.2	1.0	1.0	0.0	1.0	0.0	1.0	0.0	0.0	2.0	1.0	1.0	1.5	1.0	1.5	1.0	0.0	1.5	0.5	13
BYG.L	5.1	0.0	1.0	1.0	1.0	2.0	1.0	2.0	2.0	0.0	1.5	0.0	0.0	1.0	0.5	1.5	2.0	0.0	2.0	16
JOYY	5.6	2.0	0.0	1.0	0.0	1.0	1.5	1.0	0.5	1.0	1.5	2.0	2.0	1.0	2.0	0.0	0.5	2.0	1.0	16
MMGRb.ST	5.6	0.5	1.0	1.0	2.0	1.0	1.0	1.5	1.0	1.0	0.5	2.0	0.5	1.0	1.5	2.0	1.0	0.5	1.0	17
HXL	5.7	2.0	0.0	1.0	1.0	1.0	1.0	1.0	1.0	1.0	1.5	2.0	1.0	1.0	1.5	2.0	1.0	0.0	1.5	18
GIMB.BR	6.4	0.5	1.0	1.0	1.0	2.0	2.0	2.0	2.0	1.0	0.5	0.0	2.0	2.0	1.0	2.0	2.0	1.0	0.0	15
KYMR	3.2	1.0	1.0	1.0	0.0	0.0	2.0	0.0	0.0	0.0	2.0	1.0	0.5	1.0	0.0	1.0	0.0	1.0	0.0	16
GDHG	5.8	2.0	1.0	1.0	1.0	0.0	0.0	2.0	0.0	2.0	1.0	1.0	2.0	1.0	1.0	1.0	1.0	2.0	2.0	14
MO	6.9	0.5	2.0	1.0	1.0	2.0	1.0	2.0	2.0	1.5	1.5	1.5	1.0	1.5	1.0	1.0	2.0	0.5	2.0	17
NG.L	5.8	2.0	1.0	1.0	1.0	1.5	1.0	2.0	2.0	0.0	1.5	0.0	0.0	1.0	1.0	1.5	2.0	0.5	2.0	16
BN.US	6.7	1.5	2.0	1.0	1.0	1.0	1.0	1.0	2.0	0.0	1.5	2.0	1.5	1.0	1.0	2.0	2.0	1.5	1.0	17
OUST	3.6	1.0	1.0	1.0	0.5	0.0	2.0	1.5	0.0	0.0	1.0	1.0	0.5	1.0	0.5	1.0	0.0	1.0	0.0	15
AB.PA	5.0	1.0	1.0	1.0	1.0	0.0	2.0	2.0	2.0	1.0	0.5	1.0	1.0	0.0	0.0	1.0	2.0	1.5	0.0	13
BPT.L	6.1	0.0	1.0	1.0	1.0	1.0	2.0	2.0	2.0	2.0	1.0	0.0	0.0	2.0	2.0	0.0	2.0	2.0	1.0	16
EMG.L	6.1	1.0	1.0	1.0	1.0	1.5	2.0	1.5	2.0	0.0	1.5	0.0	0.0	2.0	1.5	1.5	1.5	1.0	2.0	16
TRTX	5.7	1.5	1.0	1.0	0.5	2.0	0.0	2.0	2.0	1.0	1.0	2.0	2.0	1.0	0.0	0.0	0.0	1.5	2.0	16
VLGEA	5.7	1.5	1.0	1.0	1.0	1.0	1.0	1.0	0.5	1.0	1.0	1.0	1.5	1.5	2.0	2.0	0.5	1.5	0.5	14
AIHS	4.0	1.0	1.0	1.0	1.0	0.5	0.0	0.5	0.0	2.0	1.0	1.0	1.0	1.0	0.5	1.0	0.0	2.0	0.0	11
ARVN	5.8	0.5	2.0	1.0	0.0	1.0	2.0	2.0	2.0	0.0	1.5	1.0	2.0	2.0	1.0	1.0	0.0	2.0	0.0	17
GDS.PA	6.2	1.5	1.0	1.0	1.0	0.5	1.0	1.0	0.5	2.0	1.0	1.0	2.0	2.0	2.0	1.0	1.0	2.0	1.0	13
HELE	5.8	1.5	0.0	1.0	1.5	0.0	1.0	1.5	1.5	2.0	0.5	1.0	2.0	2.0	2.0	1.0	1.0	0.5	1.0	17
ONEW	5.7	1.0	1.0	1.0	2.0	0.5	0.5	1.0	0.5	2.0	0.5	1.0	2.0	1.5	2.0	1.0	0.5	2.0	0.5	15
1808.T	5.8	1.0	1.0	1.0	0.5	1.0	1.0	0.5	1.0	1.0	1.0	1.0	1.5	2.0	2.0	2.0	0.5	2.0	1.0	15
EXTR	5.4	2.0	2.0	1.0	0.5	1.0	1.5	2.0	0.5	1.0	1.0	2.0	0.0	0.0	1.5	1.0	0.5	1.0	1.0	18
LEVI	6.7	1.5	2.0	1.0	0.0	1.0	1.0	2.0	1.0	1.5	1.5	1.5	1.0	1.5	2.0	2.0	1.0	1.5	1.0	18
BVXP.L	6.2	1.5	1.0	1.0	1.0	2.0	0.5	2.0	2.0	1.5	0.5	2.0	0.0	1.5	1.0	0.0	2.0	1.0	2.0	16
AMR	4.3	1.0	1.0	1.0	0.0	0.5	0.0	0.5	0.0	1.0	0.5	1.0	1.5	1.5	2.0	1.0	0.5	1.5	1.0	16
SNY	5.6	0.0	0.0	1.0	0.0	1.0	1.5	2.0	1.5	1.5	1.0	2.0	1.5	1.5	1.5	0.0	1.5	1.0	1.5	18
DBG.PA	6.0	0.5	1.0	1.0	1.0	1.0	1.0	1.0	0.5	1.5	1.0	2.0	1.5	1.5	2.0	2.0	0.5	1.5	1.0	16
CAT31.PA	6.1	2.0	1.0	1.0	1.0	2.0	1.5	0.0	2.0	1.0	1.0	1.0	2.0	1.0	1.5	2.0	0.0	2.0	0.0	12
NIBEB.ST	5.8	1.0	1.0	1.0	1.0	1.0	1.0	1.0	1.0	1.0	1.5	2.0	1.0	1.0	1.5	2.0	1.0	1.0	1.0	17
SFR.L	5.6	1.0	1.0	1.0	1.0	0.5	2.0	1.5	0.5	2.0	0.5	1.0	0.0	1.5	2.0	1.0	0.5	2.0	1.0	14
WT	6.9	1.0	1.0	1.0	1.0	1.5	2.0	2.0	2.0	1.0	1.0	2.0	0.5	1.0	1.0	2.0	2.0	1.0	2.0	18
DWS.DE	7.6	1.0	1.0	1.0	2.0	2.0	1.0	1.5	1.5	1.5	1.5	1.5	1.5	2.0	1.5	2.0	1.5	2.0	1.5	17
TLW.L	5.6	0.0	1.0	1.0	1.0	1.0	0.0	1.0	1.5	0.0	1.0	1.0	1.0	2.0	1.5	1.0	2.0	2.0	2.0	14
BTMD	5.8	2.0	1.0	1.0	0.0	1.0	0.5	2.0	0.5	0.0	1.0	2.0	1.0	2.0	2.0	1.0	1.0	2.0	1.0	17
SIE.DE	5.8	1.0	1.0	1.0	0.0	1.0	1.0	1.5	1.0	1.0	2.0	2.0	1.0	0.5	1.5	2.0	1.0	1.0	1.5	17
2338.HK	7.2	2.0	1.0	1.0	2.0	1.0	1.0	1.0	0.5	2.0	1.5	2.0	1.5	1.5	2.0	2.0	1.0	2.0	1.0	17
LXS.DE	6.0	2.0	1.0	1.0	1.0	0.0	1.0	0.5	0.0	2.0	1.5	1.0	2.0	1.5	2.0	1.5	0.5	2.0	1.0	15
DCH.US	7.1	2.0	2.0	1.0	2.0	0.5	2.0	0.5	0.5	2.0	1.5	1.0	2.0	2.0	2.0	1.0	1.0	2.0	0.5	17
IART	6.4	2.0	1.0	1.0	1.0	0.5	1.0	2.0	1.0	1.5	1.0	1.0	1.5	1.5	2.0	1.0	1.0	2.0	1.0	16
MBGL	6.9	2.0	1.0	1.0	0.0	1.5	1.0	2.0	2.0	1.0	1.5	2.0	2.0	1.5	1.5	1.0	2.0	0.5	1.5	16
ALBIZ.PA	4.6	1.0	1.0	1.0	1.0	0.5	1.0	0.0	0.5	1.0	0.5	1.0	1.5	1.0	2.0	1.0	0.0	2.0	0.5	12
ARM	5.7	0.5	1.0	1.0	2.0	2.0	2.0	2.0	0.5	0.5	2.0	2.0	0.0	0.0	0.0	1.0	1.5	0.5	2.0	18
A.US	6.2	1.5	0.0	1.0	1.0	1.5	1.0	2.0	2.0	1.0	2.0	2.0	0.5	0.5	1.0	2.0	1.5	0.5	1.5	18
ESE	6.1	1.0	1.0	1.0	1.5	2.0	1.5	1.5	1.0	1.0	0.5	2.0	1.0	0.5	1.0	2.0	1.5	0.5	1.5	18
SUMMA.HE	5.6	1.0	1.0	1.0	1.0	0.0	2.0	2.0	0.0	2.0	1.0	1.0	2.0	1.0	2.0	1.0	0.0	2.0	0.0	13
SBAC	6.4	0.0	1.0	1.0	1.5	2.0	1.0	2.0	2.0	1.0	2.0	0.5	1.0	1.0	0.5	2.0	2.0	0.5	2.0	17
PAR.PA	5.3	1.0	1.0	1.0	1.0	0.0	0.5	2.0	1.0	2.0	1.0	1.0	2.0	0.0	1.5	0.0	1.0	2.0	1.0	13
UIE.CO	5.8	1.0	1.0	1.0	1.0	1.5	1.0	2.0	2.0	0.5	1.0	1.0	1.5	0.0	0.0	2.0	2.0	0.5	2.0	14
BTG.L	5.3	1.0	1.0	1.0	1.0	1.0	1.5	1.5	1.5	1.5	0.5	0.0	0.0	2.0	2.0	1.0	1.0	0.5	1.0	16
SMRT	4.6	1.0	0.0	1.0	2.0	0.0	1.0	1.5	0.0	1.0	0.5	1.0	1.5	1.0	2.0	1.0	0.0	2.0	0.0	16
1898.HK	7.2	1.5	1.0	1.0	1.0	1.5	1.0	1.0	1.5	2.0	1.0	0.5	2.0	2.0	2.0	2.0	1.5	2.0	1.5	16
AUDC.US	5.3	0.0	0.0	1.0	1.0	1.0	1.0	2.0	0.5	1.5	0.5	2.0	1.5	1.5	2.0	0.0	0.5	2.0	1.0	18
H2O.DE	5.0	1.0	1.0	1.0	1.0	0.0	2.0	1.0	0.0	2.0	0.5	1.0	2.0	1.0	1.5	1.0	0.0	2.0	0.0	14
CWT	6.8	1.0	1.0	1.0	2.0	1.5	1.5	2.0	2.0	0.0	0.5	1.5	1.5	1.5	1.5	2.0	1.5	0.5	2.0	17
FLOW.NV	6.4	2.0	1.0	1.0	0.0	1.5	1.0	2.0	2.0	2.0	0.5	1.5	1.5	1.0	1.0	1.0	2.0	2.0	0.0	17
RAIVV.HE	5.7	1.0	1.0	1.0	2.0	1.0	1.0	1.0	0.5	0.5	0.5	2.0	1.5	1.5	2.0	0.0	1.0	2.0	1.0	17
8354.T	6.1	1.5	1.0	1.0	2.0	2.0	1.5	0.0	2.0	1.0	1.0	0.5	1.5	1.0	1.0	2.0	0.0	2.0	1.0	14
FSM	8.1	2.0	1.0	1.0	1.0	2.0	2.0	2.0	2.0	2.0	0.5	2.0	1.5	2.0	1.5	1.0	2.0	1.5	2.0	18
XBP	5.7	1.0	1.0	1.0	1.0	2.0	1.0	1.0	0.0	2.0	0.5	1.0	2.0	1.5	2.0	1.0	0.5	2.0	0.0	14
FDXF	4.6	0.5	1.0	1.0	2.0	1.0	1.0	1.0	0.0	0.0	1.5	1.5	1.0	0.5	1.5	1.0	1.0	0.5	0.5	16
ETD	5.1	1.0	1.0	1.0	0.0	1.0	0.5	2.0	1.0	1.5	0.5	0.0	1.5	1.5	2.0	0.0	1.0	2.0	1.0	18
SBI.HE	4.6	1.0	1.0	1.0	1.0	0.0	2.0	2.0	0.0	0.0	0.5	1.0	1.5	0.5	1.0	1.0	1.5	0.5	1.0	14
GYLDb.CO	5.7	2.0	1.0	1.0	1.0	1.0	1.5	1.5	1.0	0.0	1.0	1.0	1.5	1.0	1.0	2.0	1.0	1.0	1.0	11
CPI.L	5.0	1.0	1.0	1.0	1.0	0.5	0.5	1.0	0.5	2.0	1.0	1.0	0.0	2.0	2.0	1.0	0.5	2.0	0.0	15
ALMOU.PA	6.5	1.5	1.0	1.0	1.0	1.0	1.0	1.0	1.0	0.0	1.0	2.0	2.0	2.0	2.0	2.0	1.0	2.0	1.0	15
MWH	6.0	0.0	2.0	1.0	2.0	1.0	2.0	0.5	0.5	1.0	1.5	2.0	1.0	1.5	2.0	1.0	0.5	1.0	1.0	17
9983.T	5.7	0.5	1.0	1.0	0.0	1.5	2.0	2.0	1.5	0.5	1.5	0.5	0.5	0.5	1.0	2.0	1.5	1.5	1.5	17
RWAY	6.1	1.5	2.0	1.0	2.0	1.0	1.0	2.0	2.0	2.0	1.0	2.0	2.0	1.0	1.0	0.0	0.0	0.5	0.0	17
INTU	8.1	2.0	2.0	1.0	0.0	2.0	1.5	2.0	1.5	2.0	2.0	2.0	1.0	1.5	1.5	2.0	1.5	1.5	2.0	18
MTU.PA	6.7	2.0	1.0	1.0	1.0	1.0	1.5	0.5	0.5	2.0	1.0	2.0	2.0	2.0	2.0	1.5	0.5	1.5	1.0	16
HUH1V.HE	6.2	1.0	1.0	1.0	1.5	1.0	1.0	0.5	0.5	1.5	1.0	2.0	1.5	1.5	2.0	2.0	1.0	1.5	1.0	17
3407.T	5.8	1.5	1.0	1.0	0.0	1.0	1.5	1.0	1.0	0.0	1.5	0.5	1.5	2.0	2.0	2.0	1.0	1.5	1.0	17
DTG.DE	6.4	2.0	1.0	1.0	2.0	1.0	1.0	0.5	0.5	2.0	1.5	2.0	1.5	1.5	2.0	0.0	0.5	2.0	1.0	17
GFG.DE	5.1	1.0	1.0	1.0	1.0	0.5	0.5	1.5	0.0	2.0	0.5	1.0	2.0	1.0	2.0	1.0	0.0	2.0	0.5	14
SOC	2.6	1.0	0.0	1.0	0.0	0.5	1.0	0.0	0.0	0.0	0.5	1.0	1.5	1.0	0.5	1.0	0.0	0.5	0.0	15
MER.L	5.8	2.0	1.0	1.0	1.0	1.0	1.0	1.0	0.5	2.0	1.0	0.0	0.0	2.0	2.0	2.0	0.5	2.0	1.0	16
WAL	6.2	1.5	2.0	1.0	0.0	2.0	1.5	0.0	2.0	1.0	1.5	2.0	1.5	1.0	1.5	2.0	0.0	2.0	0.0	16
THRY	5.3	1.0	1.0	1.0	0.0	0.5	0.0	2.0	0.5	2.0	0.5	1.0	2.0	1.5	2.0	1.0	0.5	1.5	1.0	16
NN.NV	6.8	2.0	1.0	1.0	1.0	1.5	0.5	2.0	2.0	0.0	1.5	2.0	2.0	1.0	1.0	2.0	2.0	2.0	0.0	16
NANO.L	5.6	0.0	1.0	1.0	1.0	1.0	2.0	2.0	2.0	2.0	0.5	0.0	1.0	1.0	1.0	1.0	1.5	2.0	0.0	15
MOND	5.1	1.0	1.0	1.0	1.0	0.0	1.0	2.0	0.0	2.0	1.0	1.0	1.0	1.0	2.0	1.0	0.0	2.0	0.5	12
PII	4.4	0.5	0.0	1.0	0.0	0.5	1.0	1.0	0.5	2.0	1.5	1.0	1.0	1.5	2.0	0.0	0.5	1.5	0.5	17
TBCG.L	4.6	2.0	1.0	1.0	1.0	2.0	1.5	0.0	0.0	1.0	1.0	0.0	0.0	1.0	1.0	2.0	0.0	1.0	1.0	11
IRON	4.4	1.0	1.0	1.0	2.0	0.5	1.0	0.0	0.0	0.0	1.5	1.0	1.0	1.0	1.0	1.0	0.0	2.0	1.0	13
NP3.ST	6.8	2.0	1.0	1.0	1.0	2.0	1.5	2.0	2.0	1.5	1.0	0.0	1.5	1.0	0.5	2.0	2.0	0.5	2.0	16
MTLS	5.8	1.5	1.0	1.0	2.0	1.0	1.0	2.0	0.5	1.0	0.5	0.5	1.5	1.0	2.0	1.0	0.5	2.0	1.0	17
FSKRS.HE	5.4	2.0	1.0	1.0	0.0	1.0	1.0	1.5	0.5	2.0	0.5	2.0	1.5	1.0	2.0	0.0	0.5	1.0	1.0	17
7269.T	6.5	2.0	1.0	1.0	0.0	1.0	2.0	1.0	1.0	1.5	1.5	0.0	1.5	2.0	2.0	2.0	1.0	2.0	1.0	17
HTT	5.0	2.0	1.0	1.0	1.0	2.0	0.0	0.5	0.0	0.0	1.0	1.0	2.0	0.5	1.0	1.0	0.0	2.0	2.0	14
IMNM	3.6	1.0	0.0	1.0	0.0	0.5	1.0	0.0	0.0	0.0	1.5	1.0	1.0	1.0	1.0	1.0	0.0	2.0	1.0	13
AEVA	3.3	1.0	1.0	1.0	1.0	0.0	1.5	1.0	0.0	0.0	1.0	1.0	0.0	1.0	0.0	1.0	0.0	1.5	0.0	15
VIB3.DE	6.0	2.0	1.0	1.0	1.0	0.5	0.0	1.5	0.5	2.0	0.5	0.0	2.0	2.0	2.0	2.0	0.5	2.0	1.0	16
MAS	6.4	1.0	2.0	1.0	0.5	1.5	0.5	1.5	1.5	1.5	1.5	1.5	1.0	1.5	1.5	2.0	1.0	0.5	1.5	17
1628.HK	5.6	2.0	1.0	1.0	1.0	2.0	1.5	0.0	0.0	1.0	1.0	1.0	2.0	1.0	1.5	1.0	0.0	2.0	1.0	12
BEPC	5.6	1.0	1.0	1.0	0.0	0.0	1.5	2.0	2.0	2.0	1.0	1.0	1.0	1.0	1.0	0.0	2.0	1.5	1.0	16
ZPTA	3.3	1.0	1.0	1.0	1.0	0.5	1.0	0.0	0.0	0.0	0.5	1.0	0.0	1.0	1.0	1.0	0.0	1.0	1.0	10
6055.HK	5.6	1.0	1.0	1.0	1.0	1.0	0.0	0.5	1.0	1.0	0.5	1.5	1.0	1.5	2.0	2.0	1.0	2.0	1.0	16
3092.T	6.1	0.5	1.0	1.0	0.0	2.0	1.0	2.0	2.0	1.0	1.5	2.0	0.5	1.5	1.5	1.5	1.5	0.5	1.0	15
SAP.DE	7.1	1.0	1.0	1.0	1.5	2.0	1.0	2.0	2.0	1.0	2.0	2.0	1.0	1.0	1.0	2.0	1.5	1.0	1.5	17
6472.T	6.5	1.5	1.0	1.0	2.0	1.0	1.0	0.5	0.5	2.0	0.5	1.0	2.0	2.0	2.0	2.0	0.5	2.0	1.0	17
BUSE	6.0	1.0	0.0	1.0	1.5	2.0	0.5	0.0	2.0	1.0	1.0	1.5	1.5	1.0	1.5	2.0	0.0	2.0	2.0	16
DEEZR.PA	5.8	0.5	1.0	1.0	1.0	1.0	1.0	1.0	0.5	2.0	0.5	2.0	1.0	2.0	2.0	1.0	0.5	2.0	1.0	15
SCHL	5.3	1.0	0.0	0.5	0.5	1.0	0.5	2.0	0.0	1.5	0.5	2.0	2.0	1.5	2.0	1.5	0.5	1.5	0.5	18
LEI.DE	5.0	0.5	1.0	1.0	1.0	1.0	0.5	1.5	0.5	1.0	0.5	2.0	1.5	1.5	2.0	0.0	0.5	1.5	0.5	16
1958.HK	4.9	2.0	1.0	1.0	1.0	0.5	0.0	0.0	0.5	0.0	1.0	1.0	2.0	2.0	2.0	1.0	0.5	2.0	0.0	15
NWF.L	4.9	2.0	1.0	1.0	1.0	1.0	1.0	0.0	0.5	1.0	0.5	0.0	0.0	2.0	2.0	2.0	0.5	1.5	0.5	16
BWY.L	5.0	1.5	1.0	1.0	1.0	1.0	1.0	0.5	1.0	1.0	1.5	0.0	0.0	1.5	2.0	2.0	1.0	0.5	0.5	16
GNLX	3.9	1.0	1.0	1.0	1.5	0.5	1.0	2.0	0.0	0.0	1.0	1.0	0.5	1.0	0.0	1.0	0.0	1.5	0.0	14
DFLI	3.5	1.0	1.0	1.0	0.0	0.0	0.0	1.0	0.0	0.0	0.5	1.0	1.0	1.0	2.0	1.0	0.0	2.0	0.0	14
IAM.PA	6.4	0.5	1.0	1.0	1.0	1.5	1.0	2.0	0.0	2.0	1.0	2.0	2.0	1.0	1.0	2.0	2.0	1.0	1.0	11
APGE	3.3	1.0	1.0	1.0	0.0	0.5	1.0	0.0	0.0	0.0	1.0	1.0	0.5	1.0	1.0	1.0	0.0	1.0	1.0	11
RPC.US	6.5	0.5	1.0	1.0	0.0	1.0	1.5	2.0	2.0	1.5	0.5	2.0	1.5	1.5	1.5	1.5	2.0	1.0	1.5	17
UWMC	3.5	1.0	1.0	1.0	0.0	0.5	0.0	2.0	0.0	0.0	1.0	1.0	1.0	0.0	1.0	0.0	1.0	2.0	0.0	15
AMRZ.ZU	6.4	1.5	1.0	1.0	0.0	1.5	1.0	1.0	1.5	1.5	1.5	2.0	1.5	1.5	2.0	1.0	1.5	0.5	1.5	18
VOYG	3.5	1.0	1.0	1.0	0.0	0.0	1.5	0.5	0.0	0.0	1.5	1.0	1.0	1.0	0.5	1.0	0.0	1.5	0.0	16
EASOR.HE	6.0	1.0	1.0	1.0	1.0	1.5	1.0	2.0	0.5	1.0	0.5	1.0	1.5	1.5	1.5	1.0	1.5	1.0	2.0	11
TECH	5.8	1.0	0.0	1.0	0.5	1.5	1.0	2.0	2.0	1.0	1.5	2.0	1.0	0.0	1.0	2.0	1.5	0.5	1.5	18
PBLS	3.6	1.0	1.0	1.0	1.0	0.5	1.0	0.0	0.0	1.0	0.5	1.0	1.0	1.0	0.0	1.0	0.0	2.0	0.0	12
MDXG	5.4	0.5	1.0	1.0	2.0	1.0	0.0	2.0	0.0	1.5	1.0	2.0	1.0	0.5	2.0	1.0	0.5	1.5	1.0	18
EYPT	3.2	1.0	2.0	1.0	0.0	0.5	0.0	0.0	0.0	0.0	1.5	1.0	0.5	1.0	0.0	1.0	0.0	2.0	0.0	16
IWG.L	4.7	0.0	1.0	1.0	1.0	1.0	1.0	1.0	0.5	1.5	1.5	0.0	1.0	1.0	1.5	0.0	1.0	2.0	1.0	15
SWC.L	3.3	1.0	1.0	1.0	1.0	0.5	1.0	2.0	0.0	1.0	0.5	1.0	0.0	1.0	0.0	1.0	0.0	0.0	0.0	11
RAYb.ST	5.8	0.0	1.0	1.0	2.0	1.5	0.0	2.0	1.0	1.0	0.5	2.0	1.0	1.0	1.5	1.5	1.5	0.5	2.0	17
INVE	4.6	2.0	0.0	1.0	2.0	0.0	1.5	0.5	0.0	0.0	0.5	1.0	2.0	2.0	1.0	1.0	0.0	2.0	0.0	17
APPF	5.3	0.0	1.0	1.0	1.0	1.5	1.5	2.0	1.5	1.0	1.0	2.0	0.0	0.0	1.0	1.0	1.0	0.5	2.0	18
GNRC	5.6	2.0	0.0	1.0	0.5	1.0	1.5	1.5	1.5	1.0	1.5	2.0	1.0	0.5	1.5	1.0	1.0	0.5	1.0	18
QTWO	6.4	0.0	2.0	1.0	1.5	1.5	1.5	2.0	1.0	1.5	1.5	2.0	1.0	0.5	1.5	1.0	1.0	0.5	2.0	18
EVFM	4.4	1.0	1.0	1.0	1.0	0.0	0.0	2.0	0.0	2.0	1.0	1.0	1.0	1.0	1.5	1.0	0.0	1.5	0.0	12
LKQ	6.7	2.0	2.0	1.0	0.0	1.0	0.5	1.5	0.5	2.0	1.0	2.0	2.0	2.0	2.0	1.5	1.0	1.0	1.0	18
BTLS.BR	3.5	1.0	1.0	1.0	1.0	0.5	0.0	2.0	0.0	0.0	0.5	1.0	1.0	1.0	0.0	1.0	0.0	1.5	0.0	14
SSABAH.HE	4.9	1.0	1.0	1.0	1.0	1.0	1.0	0.5	0.0	0.0	1.0	1.0	2.0	1.0	1.0	2.0	1.0	1.0	1.0	10
RCO.PA	5.8	1.5	1.0	1.0	1.0	1.0	0.5	2.0	1.0	1.0	1.5	2.0	1.5	1.0	1.5	0.0	1.5	1.0	1.0	14
TRN.US	5.4	2.0	1.0	1.0	0.5	1.5	0.5	1.0	1.0	0.0	0.5	0.0	1.5	1.5	1.5	2.0	1.5	1.0	1.5	18
RPM	6.4	1.0	1.0	1.0	1.5	1.0	1.0	1.5	1.5	1.0	1.5	2.0	1.0	1.5	2.0	2.0	1.0	0.5	1.0	18
BSL.DE	5.6	0.0	1.0	1.0	1.0	1.5	2.0	1.5	1.0	1.0	0.5	1.5	1.0	1.0	1.5	2.0	1.0	0.5	1.0	16
CGS.L	4.6	1.0	1.0	1.0	1.0	1.0	0.5	0.5	0.5	2.0	0.5	0.0	0.0	2.0	2.0	0.0	1.0	1.5	1.0	16
ARBB.L	4.4	2.0	1.0	1.0	1.0	1.5	1.0	0.0	1.0	1.0	0.5	0.0	0.0	1.0	1.0	2.0	0.0	2.0	0.0	14
DIA.MI	6.7	1.0	1.0	1.0	0.0	1.5	1.0	2.0	1.5	1.0	1.5	2.0	1.5	1.5	1.5	2.0	1.5	0.5	2.0	17
NEXTA.BR	6.4	0.0	1.0	1.0	1.0	2.0	0.0	2.0	2.0	2.0	0.5	1.5	2.0	0.5	0.5	2.0	2.0	1.0	2.0	16
BRSP	5.4	1.0	1.0	1.0	0.0	0.5	0.5	2.0	2.0	0.0	1.0	1.0	2.0	1.0	1.0	0.0	2.0	1.5	2.0	16
DNORD.CO	4.6	1.5	1.0	1.0	1.0	1.0	2.0	0.5	0.5	0.0	1.0	0.0	1.5	0.0	1.5	2.0	0.5	0.5	1.0	15
BATS.L	6.2	1.5	1.0	1.0	1.0	2.0	1.0	2.0	2.0	1.0	1.5	0.0	0.0	1.5	1.5	1.0	2.0	0.5	2.0	16
SSTK	5.8	1.0	1.0	1.0	1.0	0.0	0.0	2.0	1.0	2.0	1.0	1.0	2.0	2.0	2.0	0.0	1.0	2.0	1.0	13
VUZI	2.9	1.0	1.0	1.0	2.0	0.5	0.0	0.0	0.0	0.0	0.5	1.0	0.5	1.0	0.0	1.0	0.0	1.0	0.0	16
IEP.BR	6.7	2.0	1.0	1.0	1.0	2.0	0.0	2.0	2.0	0.0	1.0	1.0	2.0	1.0	1.0	1.0	2.0	2.0	2.0	13
PPT.ASX	5.7	0.0	1.0	1.0	1.0	1.0	1.0	1.5	1.0	1.0	1.0	2.0	1.5	1.5	1.5	0.0	1.5	1.5	1.5	15
IOM.L	5.0	1.0	1.0	1.0	1.0	0.5	0.5	1.5	0.0	2.0	0.5	1.0	0.0	1.5	2.0	1.0	0.5	2.0	1.0	14
RNW	6.5	1.0	1.0	1.0	0.5	1.0	1.5	2.0	2.0	0.0	0.5	2.0	1.5	1.5	1.0	1.0	2.0	2.0	2.0	17
MTGb.ST	6.4	2.0	1.0	1.0	1.5	1.0	1.0	2.0	1.0	0.5	0.5	2.0	1.5	1.5	2.0	1.0	1.0	1.0	1.5	17
NSLR	4.6	2.0	0.0	1.0	0.0	2.0	2.0	2.0	0.0	0.0	0.5	1.0	2.0	1.0	0.0	2.0	0.0	1.0	0.0	16
SAIA	5.6	1.5	1.0	1.0	0.5	1.0	1.5	1.0	1.0	0.5	2.0	2.0	1.0	1.0	1.5	1.0	1.0	0.0	1.5	18
1318.HK	7.6	2.0	1.0	1.0	1.0	2.0	2.0	2.0	2.0	1.0	1.5	1.5	1.0	1.5	1.5	2.0	1.5	1.5	1.5	16
LASTIK.HE	5.7	1.5	1.0	1.0	0.0	1.0	1.0	1.0	0.5	1.0	0.5	1.5	1.5	2.0	2.0	2.0	1.0	1.0	1.0	16
CVM	4.2	1.5	1.0	1.0	1.0	0.5	1.0	0.0	0.0	0.0	0.5	1.0	1.5	1.0	1.0	1.0	0.0	2.0	1.0	12
YNGN.L	6.1	1.0	1.0	1.0	1.0	1.0	1.0	1.5	1.0	2.0	1.0	1.0	0.0	2.0	2.0	2.0	1.5	0.5	1.5	14
TIMA.DE	7.5	2.0	1.0	1.0	1.0	1.5	2.0	2.0	2.0	1.5	1.0	1.5	1.0	1.5	1.5	1.5	1.5	1.5	2.0	16
SWBI	6.5	2.0	1.0	1.0	2.0	1.0	2.0	1.0	0.5	2.0	0.5	1.5	1.5	1.5	2.0	1.0	1.0	0.5	1.5	17
CCK	6.9	2.0	2.0	1.0	1.0	1.0	1.5	1.0	1.0	1.5	1.5	2.0	1.0	1.5	2.0	2.0	1.0	1.0	1.0	18
TELFY	5.8	2.0	0.0	1.0	1.0	0.5	1.0	1.5	1.0	2.0	0.5	1.0	1.5	1.5	2.0	0.0	1.0	2.0	1.5	15
PNC	6.8	1.0	2.0	1.0	1.0	2.0	2.0	0.0	2.0	1.0	2.0	1.5	1.5	1.0	1.0	2.0	0.0	1.5	2.0	16
ALMR	4.3	1.0	1.0	1.0	1.5	0.0	2.0	2.0	0.0	1.0	1.0	1.0	0.5	1.0	0.0	1.0	0.0	1.5	0.0	14
SDLF.L	5.7	1.0	1.0	1.0	1.0	0.5	2.0	0.0	0.5	2.0	1.5	1.0	1.0	1.5	2.0	2.0	0.5	2.0	0.0	13
1988.HK	5.4	0.0	1.0	1.0	1.0	2.0	0.5	0.0	2.0	1.0	1.0	0.5	2.0	1.0	0.5	2.0	0.0	2.0	2.0	15
FSG.L	6.4	1.5	1.0	1.0	1.0	2.0	1.0	2.0	2.0	1.0	1.0	0.0	0.0	1.5	1.5	1.5	2.0	1.0	2.0	15
CGEM	4.7	1.0	2.0	1.0	1.5	0.5	1.0	0.0	0.0	0.0	1.5	1.0	1.5	1.0	1.0	1.0	0.0	2.0	1.0	13
6501.T	6.5	2.0	1.0	1.0	2.0	1.0	1.5	1.0	1.0	1.0	1.5	1.0	1.0	1.5	1.5	2.0	1.0	1.0	1.5	16
OSE.PA	3.8	1.0	1.0	0.0	1.0	0.5	0.5	2.0	0.0	0.0	0.5	1.0	1.5	1.0	0.5	1.0	0.0	2.0	0.0	14
TGHN.DE	5.4	1.0	1.0	1.0	1.0	1.0	1.0	0.5	0.5	1.5	0.5	0.5	1.5	2.0	2.0	1.5	0.5	2.0	0.5	16
SMNR	4.0	1.0	1.0	1.0	1.0	0.5	1.0	0.0	0.0	2.0	1.0	1.0	1.0	1.0	1.0	1.0	0.0	0.0	1.0	8
SHUR.BR	7.1	2.0	1.0	1.0	1.0	2.0	1.0	2.0	2.0	1.5	1.5	0.0	2.0	1.0	1.0	2.0	2.0	0.5	2.0	16
HTWS.L	6.0	0.0	1.0	1.0	1.0	1.0	1.5	2.0	2.0	2.0	1.0	0.0	0.0	1.5	1.5	1.0	2.0	1.0	2.0	16
TNG.PA	3.2	0.5	1.0	1.0	1.0	0.5	0.0	0.0	0.0	0.0	0.5	1.0	1.5	1.0	0.5	1.0	0.0	2.0	0.0	15
MBB.DE	7.1	1.0	1.0	1.0	1.0	1.0	1.0	2.0	1.5	2.0	0.5	1.0	1.5	2.0	2.0	2.0	1.5	2.0	1.5	16
SUN.ASX	6.4	2.0	1.0	1.0	1.0	1.0	0.5	0.5	1.0	2.0	1.5	2.0	1.5	1.5	2.0	1.5	1.0	1.0	1.0	16
ENENTO.HE	5.3	0.5	1.0	1.0	0.0	1.0	1.0	2.0	0.5	1.5	0.5	2.0	1.5	1.0	1.5	0.0	1.5	0.5	2.0	17
NPKI	6.5	1.5	2.0	1.0	1.0	1.5	1.5	1.5	1.5	0.5	0.5	2.0	1.5	1.5	1.5	1.0	1.5	0.0	2.0	18
ALWEC.PA	6.1	2.0	1.0	1.0	1.0	1.0	2.0	0.0	1.0	0.0	1.0	1.0	2.0	2.0	2.0	2.0	0.5	2.0	0.5	14
TMDX	5.6	2.0	0.0	1.0	0.0	2.0	2.0	2.0	1.0	0.5	1.5	0.0	1.0	0.5	1.5	1.0	1.0	1.5	1.5	18
PRMB	5.4	0.0	1.0	1.0	0.5	1.0	1.0	1.0	1.0	1.5	1.5	2.0	1.5	1.5	2.0	0.0	1.0	1.0	1.0	18
LNT	6.1	1.0	1.0	1.0	1.5	1.5	1.0	1.5	1.5	0.0	1.5	1.5	1.5	1.0	1.0	1.5	2.0	0.0	2.0	18
SNPS	6.5	1.0	1.0	1.0	1.5	1.5	2.0	2.0	1.0	1.0	2.0	2.0	1.5	0.0	1.0	1.0	1.5	0.5	2.0	18
FSECURE.HE	6.4	1.0	1.0	1.0	1.0	1.5	1.0	2.0	1.5	1.0	0.5	2.0	1.0	1.5	1.5	2.0	1.5	0.5	1.5	17
LMB	5.8	1.0	2.0	1.0	0.0	1.0	2.0	1.0	0.5	1.5	1.0	2.0	1.5	1.5	2.0	1.0	0.5	0.5	1.0	18
TMUS	7.9	2.0	2.0	1.0	1.0	1.5	1.0	2.0	2.0	1.5	2.0	2.0	1.0	1.5	1.5	2.0	2.0	0.5	2.0	18
CEK.DE	6.2	2.0	1.0	1.0	1.0	1.0	0.0	1.5	1.0	1.0	0.5	2.0	1.5	1.5	2.0	2.0	1.0	1.0	1.5	16
RDY	5.8	1.0	1.0	1.0	1.0	1.0	0.5	2.0	0.5	0.0	1.0	2.0	0.0	2.0	2.0	2.0	1.0	2.0	1.0	16
WTC.ASX	6.7	0.0	1.0	1.0	1.0	1.5	2.0	2.0	2.0	1.0	1.5	2.0	1.0	0.5	1.0	2.0	2.0	0.5	2.0	16
JUP.L	7.4	1.0	1.0	1.0	1.0	2.0	2.0	2.0	1.5	2.0	1.5	0.0	0.0	2.0	2.0	2.0	1.5	2.0	2.0	16
VLK.NV	6.2	2.0	1.0	1.0	1.0	2.0	1.5	0.0	2.0	1.0	0.5	1.5	1.5	1.0	1.5	1.0	0.0	2.0	2.0	14
LKFT.NV	6.1	2.0	1.0	1.0	1.0	2.0	0.0	2.0	0.0	2.0	1.0	1.0	2.0	1.0	1.0	1.0	2.0	2.0	0.0	16
ATO	6.7	1.0	1.0	1.0	0.5	2.0	1.0	2.0	2.0	0.0	1.5	1.5	1.5	1.5	1.0	2.0	2.0	0.5	2.0	18
PVH	6.9	2.0	2.0	1.0	0.0	0.5	0.5	2.0	0.5	2.0	1.5	1.0	2.0	2.0	2.0	2.0	1.0	2.0	1.0	17
WTB.L	5.6	1.0	1.0	1.0	1.0	1.0	1.0	1.5	1.5	0.5	1.5	0.0	0.0	1.5	1.5	1.5	1.5	1.0	2.0	16
NNI	5.4	2.0	0.0	1.0	0.0	2.0	0.0	2.0	1.5	1.0	0.5	1.5	1.5	1.0	1.0	2.0	0.0	0.5	2.0	16
IBE.MC	6.5	0.5	1.0	1.0	1.0	1.5	1.0	2.0	1.5	0.5	2.0	2.0	1.5	1.5	1.5	1.0	1.5	0.5	2.0	17
FC	5.3	2.0	0.0	1.0	0.0	1.0	1.0	2.0	0.5	1.0	0.5	2.0	1.0	1.5	2.0	1.0	0.5	1.0	1.0	16
4911.T	5.6	0.0	1.0	1.0	2.0	0.5	1.5	2.0	1.0	1.0	1.5	1.0	1.5	1.0	2.0	0.0	1.0	1.0	1.0	16
SHC.L	5.3	0.0	1.0	1.0	1.0	2.0	1.0	2.0	2.0	0.5	1.5	0.0	0.0	0.5	0.5	2.0	2.0	0.5	1.5	16
TRIG.L	3.1	1.0	1.0	1.0	1.0	0.5	1.0	0.0	2.0	0.0	0.5	1.0	0.0	1.0	1.0	0.0	0.0	0.0	0.0	12
LIN	6.2	1.0	0.0	1.0	0.0	2.0	1.0	1.5	2.0	0.5	2.0	2.0	1.0	1.0	1.0	2.0	2.0	0.5	2.0	18
SHOO	6.8	1.0	2.0	1.0	2.0	1.0	1.5	1.5	0.5	1.5	1.5	2.0	1.0	1.5	2.0	2.0	1.0	0.5	1.0	18
XE	3.9	1.0	1.0	1.0	0.0	0.0	2.0	0.0	0.0	1.0	1.0	1.0	1.5	1.0	0.5	1.0	0.0	2.0	0.0	14
HIK.L	5.8	1.0	1.0	1.0	1.0	1.5	1.0	1.5	1.5	0.5	1.5	0.0	0.0	2.0	2.0	2.0	1.5	1.0	1.0	16
AES	6.8	2.0	1.0	1.0	2.0	1.5	1.5	1.0	1.5	0.0	1.0	0.5	1.5	1.5	1.5	2.0	1.5	1.5	2.0	18
ZBIO	3.8	1.0	2.0	1.0	1.5	0.5	1.0	0.0	0.0	0.0	1.0	1.0	0.5	1.0	0.0	1.0	0.0	2.0	0.0	15
EXPO	6.1	1.0	2.0	1.0	1.5	1.5	1.5	1.5	1.5	1.0	0.5	2.0	0.0	0.5	1.0	2.0	1.5	0.5	1.5	18
SBBb.ST	5.6	1.0	1.0	1.0	1.0	0.0	1.0	2.0	2.0	0.0	1.0	1.0	2.0	0.0	0.0	1.0	2.0	2.0	2.0	13
EEE.L	3.2	1.0	1.0	1.0	1.0	0.5	1.0	0.0	0.0	0.0	0.5	1.0	0.0	1.0	1.0	1.0	0.0	0.5	1.0	11
PFV.DE	5.6	1.0	1.0	1.0	1.0	1.0	1.0	1.5	1.0	1.0	1.0	1.0	1.5	1.5	1.5	1.0	1.0	1.0	1.0	12
ASB	6.8	1.0	2.0	1.0	0.5	2.0	2.0	0.0	2.0	1.0	1.5	1.5	2.0	1.0	1.0	2.0	0.0	2.0	2.0	16
SNBRQ	4.3	1.0	1.0	1.0	0.0	0.0	0.0	2.0	0.0	2.0	0.5	1.0	1.0	0.5	2.0	1.0	0.5	2.0	0.0	15
CRBU	4.3	1.0	2.0	1.0	2.0	0.5	0.0	0.0	0.0	0.0	1.0	1.0	1.5	1.0	1.5	1.0	0.0	2.0	0.0	16
CGF.ASX	7.2	1.5	1.0	1.0	1.0	1.5	1.0	2.0	2.0	0.0	1.5	2.0	1.5	1.0	1.0	2.0	2.0	2.0	2.0	15
CRCT	6.0	1.0	0.0	1.0	2.0	1.5	0.5	2.0	1.5	0.0	0.5	0.0	1.0	1.5	2.0	2.0	1.0	2.0	2.0	18
SLYG.DE	5.0	0.0	1.0	1.0	1.0	1.5	2.0	2.0	2.0	0.5	1.0	1.0	0.0	0.0	1.0	1.0	1.5	0.5	1.0	14
ALBLD.PA	6.4	1.0	1.0	1.0	1.0	1.0	2.0	1.0	0.5	0.5	0.5	2.0	1.5	2.0	2.0	1.0	1.5	2.0	1.5	16
EPAC	6.5	2.0	1.0	1.0	0.0	1.5	1.0	2.0	1.5	1.5	0.5	1.5	1.0	1.5	1.5	2.0	1.5	1.0	1.5	18
TRU.L	6.0	2.0	1.0	1.0	1.0	2.0	1.5	2.0	0.0	2.0	0.5	0.0	0.0	1.0	1.0	1.0	2.0	2.0	1.5	16
ARXS	5.6	0.0	1.0	1.0	2.0	1.0	2.0	2.0	0.5	1.0	1.5	2.0	1.0	0.0	0.5	1.0	1.5	0.5	1.5	16
CNH.US	5.6	2.0	2.0	1.0	0.0	1.0	1.0	0.5	0.5	1.0	1.5	2.0	1.5	0.0	1.5	2.0	0.5	1.0	1.0	18
ELF	5.8	1.5	1.0	1.0	0.0	1.0	2.0	2.0	1.0	1.0	1.5	2.0	1.0	0.0	1.5	1.0	1.0	1.0	1.5	18
SNX.US	5.6	2.0	0.0	1.0	2.0	1.0	2.0	0.0	0.5	0.0	1.5	2.0	1.5	1.5	2.0	2.0	0.5	0.5	0.0	18
5214.T	6.2	2.0	1.0	1.0	1.0	1.0	1.0	1.0	0.5	0.5	1.0	0.0	2.0	2.0	2.0	2.0	1.0	2.0	1.5	16
PRV.L	4.9	1.0	1.0	1.0	1.0	1.0	1.0	1.5	1.0	0.5	1.0	0.0	0.0	1.5	1.5	2.0	1.0	0.5	1.0	16
AVTR	5.4	1.0	2.0	1.0	1.5	0.5	1.0	1.0	0.5	1.0	1.5	1.0	1.5	1.0	1.5	1.0	1.0	0.5	1.0	16
TECOM.AE	6.9	2.0	1.0	1.0	0.0	2.0	1.5	2.0	2.0	2.0	1.0	0.0	1.5	1.5	1.0	2.0	2.0	0.5	2.0	17
LTOD.L	6.1	1.5	1.0	1.0	1.0	1.0	1.0	1.5	1.0	1.0	0.5	0.0	1.5	2.0	2.0	2.0	1.0	2.0	1.0	14
WRD	5.8	1.0	2.0	1.0	2.0	0.0	2.0	1.0	0.0	1.0	1.5	1.0	1.5	2.0	1.0	1.0	0.0	2.0	1.0	14
PRCT	4.4	1.0	1.0	1.0	0.0	0.0	1.5	2.0	0.0	0.0	1.5	1.0	1.5	1.0	1.5	1.0	0.0	2.0	0.0	15
STMN.ZU	6.4	1.5	1.0	1.0	1.0	1.5	1.0	2.0	2.0	1.0	1.5	2.0	0.5	0.5	1.0	2.0	1.5	0.5	1.5	16
BHP.ASX	6.5	0.5	1.0	1.0	1.0	1.5	1.5	2.0	2.0	1.0	1.5	0.5	1.0	1.5	1.0	1.5	2.0	1.0	2.0	16
GPK	5.6	0.5	0.0	1.0	0.0	1.0	0.5	0.5	0.5	2.0	1.5	2.0	2.0	2.0	2.0	1.5	1.0	1.0	1.0	18
KRNY	6.2	1.0	2.0	1.0	0.5	2.0	1.5	0.0	2.0	1.0	0.5	2.0	2.0	1.0	1.0	1.5	0.0	2.0	1.5	16
1359.HK	5.3	1.0	1.0	1.0	1.0	1.0	0.0	2.0	1.0	1.0	0.5	1.0	2.0	1.0	0.5	2.0	0.0	2.0	1.0	12
DBV.PA	3.6	1.0	1.0	1.0	1.0	0.5	0.0	2.0	0.0	0.0	0.5	1.0	1.0	1.0	0.0	1.0	0.0	2.0	0.0	14
KFRC	5.3	2.0	1.0	1.0	2.0	1.0	1.0	1.0	0.5	1.0	0.5	2.0	0.5	1.0	2.0	1.5	0.5	0.0	0.5	18
ONTO	6.2	2.0	0.0	1.0	2.0	1.5	2.0	2.0	1.5	0.5	1.5	2.0	0.5	0.0	0.5	1.0	1.5	1.5	1.5	18
PZS.DE	6.1	1.5	1.0	1.0	1.0	2.0	0.5	2.0	2.0	1.0	0.5	0.0	2.0	1.0	1.5	2.0	0.0	2.0	1.0	13
EEFT	6.9	2.0	2.0	1.0	0.5	1.0	1.0	1.0	1.0	2.0	1.0	2.0	1.5	2.0	2.0	1.0	1.0	2.0	1.0	18
CODI	4.7	0.5	0.0	1.0	2.0	0.5	0.0	1.5	0.5	2.0	0.5	1.0	1.0	0.5	2.0	1.0	0.5	1.5	1.0	16
SLN	3.9	1.0	1.0	1.0	2.0	0.5	1.0	2.0	0.0	0.0	1.0	1.0	0.0	1.0	0.0	1.0	0.0	1.5	0.0	14
MZTI	5.3	0.5	2.0	1.0	0.0	1.0	0.5	1.0	1.0	1.0	1.0	1.0	1.5	1.5	2.0	2.0	1.0	0.0	1.0	18
FPH.ASX	6.0	0.0	1.0	1.0	1.0	2.0	1.5	2.0	2.0	0.5	1.0	2.0	0.0	0.5	1.0	2.0	1.5	0.5	2.0	16
3968.HK	6.5	1.5	1.0	1.0	0.5	2.0	1.0	0.0	2.0	1.0	2.0	0.5	2.0	1.0	2.0	2.0	0.0	2.0	2.0	15
CNX	6.8	1.0	1.0	1.0	1.5	2.0	0.0	2.0	2.0	2.0	1.5	0.0	2.0	2.0	1.5	1.0	2.0	0.0	2.0	17
COH.PA	5.4	1.0	1.0	0.5	1.0	1.5	1.5	1.0	1.0	1.0	1.0	0.0	1.5	1.0	1.5	2.0	1.0	0.0	2.0	15
ALIMP.PA	3.9	1.0	1.0	1.0	1.0	0.0	2.0	2.0	0.0	0.0	1.0	1.0	0.0	1.0	1.5	1.0	0.0	0.5	0.0	13
GEHC	6.5	1.0	2.0	1.0	0.5	1.0	1.0	1.5	1.0	1.5	1.5	1.5	1.5	1.5	2.0	2.0	1.0	1.0	1.0	18
6674.T	5.0	1.0	1.0	1.0	1.0	0.5	1.0	0.0	1.0	1.0	1.0	0.0	1.5	2.0	2.0	2.0	0.0	1.0	1.0	14
U	5.6	1.0	1.0	1.0	2.0	0.0	2.0	2.0	0.0	1.0	2.0	1.0	1.0	0.0	1.0	1.0	0.5	1.5	2.0	16
MAA	6.0	0.0	2.0	1.0	0.0	1.5	1.0	2.0	2.0	1.5	2.0	1.0	1.5	1.0	1.0	0.0	2.0	0.0	2.0	18
SMR	3.8	1.0	0.0	1.0	2.0	0.5	0.0	1.0	0.0	0.0	1.5	1.0	1.5	1.0	0.0	1.0	0.0	2.0	0.0	16
WKL.NV	6.9	1.0	1.0	1.0	1.0	2.0	0.5	2.0	2.0	2.0	1.5	1.5	0.0	1.5	1.5	2.0	1.5	1.0	2.0	16
0753.HK	4.7	0.0	1.0	1.0	1.0	0.5	1.0	0.0	0.0	1.5	1.0	1.0	1.5	0.5	2.0	1.0	0.5	2.0	1.5	15
WWD	5.8	1.0	2.0	1.0	0.5	1.5	2.0	1.0	1.5	0.5	1.5	1.5	0.5	0.5	1.5	2.0	1.0	0.5	1.0	18
FUR.NV	5.8	1.5	1.0	1.0	1.0	0.5	1.0	1.0	0.5	0.5	1.0	1.0	2.0	2.0	2.0	1.5	1.0	1.5	1.0	15
DBD	5.7	1.0	0.0	1.0	0.0	1.0	1.0	1.0	1.0	2.0	0.5	2.0	1.5	2.0	2.0	1.0	1.0	1.5	1.0	18
XRX	5.6	2.0	1.0	1.0	0.0	0.0	2.0	1.0	0.5	2.0	0.5	1.0	1.5	1.5	2.0	1.0	0.5	2.0	0.5	17
ALPVL.PA	5.8	0.0	1.0	1.0	1.0	0.5	1.0	1.5	0.5	2.0	0.5	1.0	2.0	2.0	2.0	1.0	1.0	2.0	1.0	15
FBNC	6.1	1.0	0.0	1.0	1.0	2.0	1.5	0.0	2.0	1.0	1.0	2.0	1.5	1.0	1.0	2.0	0.0	2.0	2.0	16
SIX2.DE	5.8	0.0	1.0	1.0	1.0	1.0	1.0	2.0	1.0	2.0	1.0	1.5	1.5	1.5	2.0	2.0	1.0	0.0	0.5	16
CHRD	8.3	2.0	2.0	1.0	0.0	1.5	2.0	1.5	2.0	2.0	1.5	1.5	2.0	2.0	2.0	2.0	2.0	1.0	2.0	18
DIE.DE	5.4	1.5	1.0	1.0	1.0	1.0	0.0	2.0	0.5	0.0	1.0	1.0	2.0	1.0	1.5	2.0	1.0	2.0	0.0	14
1157.HK	5.7	0.0	1.0	1.0	1.0	1.0	1.5	1.0	0.5	0.0	1.5	2.0	2.0	1.5	2.0	1.0	0.5	2.0	1.0	16
1776.HK	7.1	2.0	1.0	1.0	2.0	2.0	2.0	2.0	2.0	1.0	1.0	0.5	2.0	1.0	1.0	2.0	0.0	2.0	1.0	15
3086.T	6.0	0.5	1.0	1.0	1.0	1.0	0.5	1.5	1.0	1.5	1.0	1.5	1.5	1.5	1.5	2.0	1.5	0.5	1.5	16
LE	5.4	2.0	1.0	1.0	0.0	2.0	1.0	1.5	0.5	1.5	0.5	0.0	2.0	2.0	2.0	1.0	0.5	1.0	0.0	18
EPIA.ST	6.2	1.0	1.0	1.0	1.5	1.5	1.5	1.5	1.5	0.5	2.0	2.0	0.5	0.5	1.0	2.0	1.5	0.5	1.5	17
SM	8.5	2.0	2.0	1.0	0.0	2.0	2.0	2.0	2.0	2.0	1.5	2.0	1.5	2.0	1.5	2.0	2.0	1.0	2.0	18
EKTAB.ST	5.8	2.0	1.0	1.0	0.0	0.5	0.5	1.5	1.0	2.0	1.5	1.0	1.5	1.5	2.0	0.0	1.0	1.5	1.5	16
TRON	4.0	1.0	1.0	1.0	1.0	2.0	1.5	1.0	0.0	0.0	1.0	1.0	1.5	1.0	0.0	1.0	0.0	0.5	0.0	13
LOPE	6.8	2.0	2.0	1.0	0.5	1.5	1.0	2.0	1.5	1.5	0.5	2.0	1.0	1.5	1.5	1.0	1.5	1.0	1.5	18
PRK	6.4	0.5	1.0	1.0	2.0	2.0	2.0	0.0	2.0	1.0	0.5	1.5	1.5	1.0	1.5	2.0	0.0	1.5	2.0	16
PON1V.HE	5.8	0.5	1.0	1.0	1.5	1.0	1.0	1.5	0.5	1.0	0.5	2.0	1.5	1.5	2.0	2.0	0.5	1.0	1.0	17
APM.DE	6.1	1.0	1.0	1.0	1.0	1.0	2.0	2.0	0.5	0.5	0.5	2.0	1.5	1.5	2.0	1.0	0.5	2.0	1.0	16
4BB.L	3.3	1.0	1.0	1.0	1.0	0.5	0.0	2.0	0.0	0.0	0.5	1.0	0.0	1.0	0.0	1.0	0.0	2.0	0.0	14
PI	4.9	1.0	2.0	1.0	2.0	0.5	1.5	2.0	1.0	0.5	1.0	1.0	0.0	0.0	0.5	1.0	0.5	0.5	1.5	16
OCFC	6.4	1.5	2.0	1.0	0.0	1.5	2.0	0.0	2.0	1.0	1.0	2.0	2.0	1.0	1.0	1.0	0.0	2.0	2.0	16
CRDA.L	4.7	2.0	1.0	1.0	1.0	1.0	1.0	1.5	1.5	0.5	1.5	0.0	0.0	0.5	1.5	0.0	1.0	0.5	1.5	16
OPFI	5.8	2.0	2.0	1.0	0.0	2.0	0.0	2.0	2.0	1.0	0.5	0.0	1.5	1.0	1.5	1.0	0.0	1.5	2.0	16
YUBICO.ST	5.0	0.0	1.0	1.0	1.5	1.0	1.0	2.0	1.0	0.5	0.5	2.0	1.0	0.0	1.5	1.0	0.5	1.5	1.0	17
ZM	7.1	1.0	2.0	1.0	0.5	2.0	1.0	2.0	1.5	1.5	2.0	0.0	1.5	1.5	1.5	1.0	1.5	2.0	2.0	18
BFAM	6.0	1.0	1.0	1.0	1.5	1.0	1.0	1.0	1.0	1.5	1.0	2.0	1.0	1.5	2.0	1.0	1.0	1.0	1.0	18
TPG0.DE	6.7	2.0	1.0	1.0	1.0	1.0	2.0	1.0	0.5	2.0	0.5	1.5	2.0	2.0	2.0	1.0	0.5	2.0	1.0	16
7004.T	5.7	1.5	1.0	1.0	1.0	1.0	1.0	0.5	0.0	1.0	0.5	2.0	2.0	1.0	2.0	2.0	0.0	2.0	1.0	12
AHRT	5.1	1.0	1.0	0.0	0.0	0.0	1.0	2.0	1.5	2.0	0.5	1.0	1.5	1.5	1.0	0.0	2.0	0.5	2.0	15
LHYFE.PA	4.3	1.0	1.0	1.0	1.0	0.5	2.0	2.0	0.0	0.0	0.5	1.0	1.0	1.0	0.5	1.0	0.0	2.0	0.0	14
TTALO.HE	5.3	1.5	1.0	1.0	0.0	1.0	0.5	1.0	0.5	2.0	0.5	2.0	1.5	1.5	2.0	0.0	1.0	1.0	1.0	17
GNL	5.7	1.0	1.0	1.0	0.0	0.5	0.0	2.0	2.0	2.0	1.0	1.0	1.5	1.5	1.0	0.0	2.0	1.0	2.0	15
ALNRG.PA	3.6	2.0	1.0	1.0	1.0	0.0	0.0	0.0	0.0	0.0	1.0	1.0	1.0	1.0	1.5	1.0	0.0	1.5	0.0	13
HOC.L	7.6	2.0	1.0	1.0	1.0	1.5	2.0	2.0	2.0	2.0	1.5	0.0	0.0	2.0	2.0	2.0	2.0	1.5	2.0	16
COV.PA	6.2	0.0	1.0	1.0	1.0	2.0	1.0	2.0	2.0	0.0	1.0	0.5	2.0	1.0	0.5	2.0	2.0	1.5	2.0	16
CVSA	6.9	2.0	0.0	1.0	1.5	1.5	1.0	2.0	1.5	2.0	0.5	2.0	1.5	1.5	1.5	1.0	1.5	1.5	1.5	18
WLK	5.4	1.0	1.0	1.0	0.0	0.0	1.5	0.5	1.0	0.5	1.5	1.0	2.0	1.5	2.0	1.5	0.5	2.0	1.0	17
SYME.L	3.6	1.0	1.0	1.0	1.0	0.5	2.0	0.0	0.0	1.0	1.0	1.0	1.0	1.0	0.5	1.0	0.0	0.0	0.0	11
GRPN	4.3	0.0	1.0	1.0	0.0	0.0	0.5	2.0	0.5	1.5	0.5	1.0	1.0	0.0	2.0	1.0	0.5	2.0	1.0	15
NTG.DE	6.2	1.5	1.0	1.0	1.0	1.0	1.0	1.5	0.5	0.0	0.5	1.5	2.0	2.0	2.0	2.0	1.0	2.0	1.0	16
BWMX	6.8	2.0	1.0	1.0	0.5	1.0	1.5	2.0	1.5	0.0	0.5	2.0	1.0	2.0	2.0	2.0	1.0	2.0	1.5	17
PLTR	6.4	1.0	1.0	1.0	2.0	2.0	2.0	2.0	2.0	0.5	2.0	2.0	0.0	0.0	0.0	1.0	2.0	0.5	2.0	18
ASR	7.6	2.0	2.0	1.0	0.0	2.0	1.0	1.5	2.0	0.0	1.0	2.0	1.0	2.0	2.0	2.0	2.0	2.0	2.0	18
9064.T	5.1	1.0	1.0	1.0	0.0	1.0	1.0	0.0	0.0	1.5	1.5	2.0	1.5	2.0	2.0	0.0	0.5	2.0	0.5	17
UNH	6.0	1.5	0.0	1.0	2.0	1.0	1.0	0.5	0.5	1.5	2.0	2.0	1.0	1.0	2.0	2.0	0.5	1.0	1.0	18
TRMK	6.0	1.0	0.0	1.0	1.0	2.0	1.0	0.0	2.0	1.0	1.0	1.5	1.5	1.0	1.5	2.0	0.0	2.0	2.0	16
SNR.L	4.9	1.0	1.0	1.0	1.0	0.5	1.0	0.0	1.0	2.0	0.5	1.0	0.0	1.0	2.0	2.0	1.0	0.5	1.0	14
VSTS	4.9	1.0	0.0	1.0	2.0	0.5	0.5	1.0	0.5	1.0	1.0	1.0	1.5	1.5	2.0	1.0	0.5	0.5	1.0	16
PXEN.L	3.1	1.0	1.0	1.0	1.0	0.5	1.0	0.0	0.0	0.0	0.5	1.0	0.0	1.0	1.0	1.0	0.0	0.0	1.0	10
MOH	5.7	2.0	2.0	1.0	0.0	0.5	0.5	0.0	0.5	1.5	1.5	2.0	1.5	1.5	2.0	1.0	0.5	2.0	0.5	18
ALTD.PA	3.9	0.0	1.0	1.0	1.0	2.0	1.0	1.5	0.0	1.0	1.0	1.0	0.0	1.0	0.0	1.0	0.0	0.5	1.0	11
BNR.DE	6.2	1.5	1.0	1.0	1.5	1.0	1.5	1.0	0.5	1.0	1.5	2.0	1.5	1.5	2.0	1.5	0.5	1.0	1.0	17
KLR.L	5.1	1.0	1.0	1.0	1.0	1.0	1.5	0.5	0.5	2.0	1.0	0.0	0.0	1.5	2.0	2.0	0.5	1.0	1.0	16
ASO	6.4	2.0	0.0	1.0	0.5	1.0	1.0	1.5	1.0	1.5	1.5	1.5	1.5	2.0	2.0	2.0	1.0	1.0	1.0	18
EIKN	4.3	1.0	1.0	1.0	0.0	0.5	1.0	0.0	0.0	1.0	1.0	1.0	2.0	1.0	1.0	1.0	0.0	2.0	1.0	12
LB	5.8	0.0	0.0	1.0	1.5	1.5	2.0	2.0	2.0	0.5	1.0	2.0	0.5	0.5	0.5	2.0	2.0	0.0	2.0	18
HDD.DE	4.7	0.0	1.0	1.0	1.0	0.5	0.0	2.0	0.0	0.0	0.5	1.0	2.0	2.0	2.0	1.0	0.5	2.0	0.5	15
1209.HK	6.8	1.0	1.0	1.0	1.0	2.0	1.0	1.5	2.0	1.0	1.5	1.0	1.0	1.5	1.5	2.0	1.5	1.5	1.5	16
DRI	5.1	1.0	1.0	1.0	0.5	1.0	1.0	1.0	1.0	1.0	2.0	1.5	0.0	1.0	1.5	2.0	1.0	0.0	1.0	17
ANODb.ST	5.8	1.0	1.0	1.0	0.0	1.0	0.5	1.0	0.5	1.5	1.0	2.0	1.5	1.5	2.0	2.0	1.0	1.5	1.0	17
ARLO	6.0	2.0	2.0	1.0	2.0	1.0	2.0	1.5	0.0	1.0	1.0	2.0	0.5	0.0	1.5	1.0	0.5	1.5	1.0	18
LSX.DE	5.6	0.0	1.0	1.0	1.0	1.0	0.5	2.0	0.0	2.0	0.5	2.0	1.5	1.0	2.0	1.0	0.5	1.5	1.5	16
AENA.MC	6.8	0.5	1.0	1.0	1.0	2.0	1.0	2.0	2.0	1.0	2.0	1.5	1.0	1.5	1.0	1.5	2.0	0.5	2.0	17
AGMB	4.6	1.0	1.0	1.0	2.0	0.5	1.0	0.0	0.0	1.0	1.0	1.0	1.0	1.0	1.0	1.0	0.0	2.0	1.0	12
OMU.L	4.9	2.0	1.0	1.0	1.0	1.0	0.5	1.0	0.5	2.0	0.5	0.0	0.0	1.0	1.0	2.0	1.0	2.0	0.0	16
6503.T	5.7	0.5	1.0	1.0	2.0	1.0	1.5	1.0	1.0	0.5	1.5	0.5	1.5	1.0	2.0	2.0	0.5	1.0	1.0	17
FA	6.1	0.0	1.0	1.0	1.0	1.0	1.5	1.5	1.0	1.5	1.0	2.0	1.5	1.5	1.5	1.0	1.5	1.0	1.5	18
8053.T	5.6	0.5	1.0	1.0	1.0	1.0	1.0	1.0	0.5	1.0	1.5	2.0	1.5	0.5	2.0	2.0	0.5	1.0	1.0	17
DSP	7.4	2.0	2.0	1.0	2.0	1.0	2.0	1.5	0.0	1.5	1.5	2.0	1.5	1.5	2.0	1.0	0.5	2.0	1.5	18
BOC	4.7	1.0	1.0	1.0	1.0	0.0	1.0	1.5	0.0	0.0	1.0	1.0	2.0	0.5	1.5	1.0	1.0	1.0	1.5	13
BHF	7.1	2.0	2.0	1.0	0.5	1.5	2.0	1.5	2.0	2.0	1.0	2.0	2.0	1.0	2.0	1.0	0.0	2.0	0.0	17
AI.PA	6.4	1.0	1.0	1.0	1.0	1.5	1.0	2.0	1.5	0.5	2.0	2.0	1.0	1.0	1.5	1.5	1.5	0.5	1.5	16
BGL.ASX	6.0	2.0	1.0	1.0	1.0	1.0	2.0	0.5	0.5	1.0	1.0	0.0	1.5	1.5	1.5	1.0	2.0	1.0	2.0	16
SGHT	4.7	1.0	2.0	1.5	2.0	0.0	1.5	2.0	0.0	0.0	1.0	1.0	0.5	1.0	1.0	1.0	0.0	1.5	0.0	16
BAIN.PA	5.7	0.5	1.0	1.0	1.0	1.5	1.5	1.5	0.0	0.5	1.0	1.0	1.5	1.0	1.5	2.0	1.5	1.0	1.5	14
TEM.US	4.2	1.0	1.0	1.0	2.0	0.0	2.0	2.0	0.0	0.0	1.5	1.0	0.0	1.0	0.5	1.0	0.0	1.0	0.0	16
BZH	3.6	1.5	0.0	1.0	0.0	0.5	0.5	0.5	0.0	0.0	0.5	1.0	2.0	1.0	2.0	1.0	0.0	1.5	0.0	17
OCSL	5.8	2.0	0.0	1.0	0.5	1.5	0.5	2.0	2.0	2.0	1.0	2.0	2.0	1.0	1.0	0.0	0.0	0.5	2.0	17
TDG	6.5	0.5	0.0	1.0	1.5	2.0	2.0	2.0	2.0	1.0	1.5	2.0	1.0	1.0	1.0	1.0	2.0	0.5	1.5	17
ATYM.L	7.2	1.0	1.0	1.0	2.0	2.0	1.5	1.5	2.0	1.5	1.0	0.0	0.0	2.0	1.5	2.0	2.0	2.0	2.0	17
NVST	6.5	0.0	1.0	1.0	1.5	1.0	1.0	2.0	1.0	1.5	1.5	2.0	1.5	1.5	2.0	1.0	1.0	2.0	1.0	18
DHT	7.2	1.5	1.0	1.0	2.0	2.0	2.0	2.0	2.0	0.0	1.0	0.0	1.5	2.0	1.5	2.0	2.0	0.5	2.0	17
BRBY.L	6.1	2.0	1.0	1.0	1.0	1.0	1.0	2.0	1.0	2.0	2.0	0.0	0.0	1.0	2.0	1.0	1.0	1.5	1.5	16
WFC	6.9	1.5	2.0	1.0	1.5	2.0	1.0	0.0	2.0	1.0	2.0	1.5	1.5	1.0	1.5	2.0	0.0	2.0	1.5	16
SCMN.ZU	6.0	0.5	1.0	1.0	1.5	1.0	0.5	2.0	1.0	2.0	1.5	1.5	1.5	1.5	1.5	0.0	1.5	0.0	2.0	17
KEFI.L	3.6	1.0	1.0	1.0	1.0	0.5	1.0	0.0	0.0	0.0	1.0	1.0	0.0	1.0	1.0	1.0	0.0	1.5	1.0	10
GBDC	6.2	1.5	2.0	1.0	1.0	2.0	0.0	2.0	2.0	2.0	1.0	2.0	2.0	1.0	1.0	0.0	0.0	0.0	2.0	17
BKHT.DE	6.0	1.0	1.0	1.5	1.0	2.0	0.5	2.0	0.0	2.0	1.0	1.0	2.0	1.0	1.0	1.0	1.5	2.0	0.0	13
ALMIN.PA	5.3	2.0	1.0	1.0	1.0	1.0	2.0	0.5	0.5	1.0	0.5	0.0	2.0	1.0	1.0	1.0	0.5	2.0	1.0	14
ULH	5.0	0.5	1.0	1.0	0.0	0.5	0.5	0.5	0.5	1.5	0.5	1.0	2.0	2.0	2.0	2.0	1.0	0.5	1.0	16
ADV	5.1	1.0	1.0	1.0	0.0	0.5	1.0	0.5	0.5	2.0	0.5	1.0	1.5	2.0	2.0	1.0	0.5	2.0	0.5	16
3692.HK	6.5	0.5	1.0	1.0	1.0	2.0	1.5	2.0	2.0	0.5	2.0	0.5	1.0	0.5	0.5	2.0	2.0	1.5	2.0	16
MAP.MC	5.8	0.5	1.0	1.0	2.0	1.0	1.5	1.0	1.0	0.0	1.5	1.5	1.5	1.0	1.0	2.0	1.0	2.0	0.5	17
ASC.L	4.7	2.0	1.0	1.0	1.0	0.0	0.0	1.5	0.0	1.0	1.5	1.0	0.0	1.0	2.0	1.0	0.0	2.0	1.0	15
CODX	4.6	1.0	1.0	1.0	2.0	0.5	1.0	1.5	0.0	0.0	0.5	1.0	2.0	1.0	1.0	1.0	0.0	2.0	0.0	15
DBX	6.5	0.0	1.0	1.0	0.0	1.5	1.0	2.0	2.0	2.0	1.0	2.0	1.0	1.5	1.5	1.0	1.5	1.5	2.0	17
BITTI.HE	6.1	1.0	1.0	1.0	2.0	2.0	2.0	1.5	1.5	0.5	0.5	1.5	0.5	0.0	1.0	2.0	1.5	0.5	2.0	17
KALMAR.HE	6.2	1.5	1.0	1.0	0.5	1.0	1.5	1.0	1.0	1.5	1.0	1.5	1.0	1.5	2.0	2.0	1.0	1.5	1.0	17
FRES.L	6.9	1.0	1.0	1.0	1.0	2.0	2.0	2.0	2.0	1.0	1.5	0.0	0.0	2.0	1.5	2.0	2.0	1.0	2.0	14
MLL.DE	6.1	0.0	1.0	1.0	1.0	1.0	1.0	1.5	0.5	2.0	1.0	0.0	2.0	2.0	2.0	2.0	0.5	2.0	1.5	15
NHC	5.4	2.0	1.0	1.0	1.0	1.0	1.0	1.5	1.0	0.5	1.0	0.0	1.0	1.0	1.5	2.0	1.0	1.0	1.0	15
LOW	5.4	1.0	0.0	1.0	0.0	1.0	1.0	1.0	1.0	1.0	2.0	1.5	1.0	1.5	2.0	2.0	1.0	0.5	1.0	17
BEKB.BR	6.4	2.0	1.0	1.0	1.0	1.0	0.5	0.5	1.0	2.0	1.0	2.0	2.0	2.0	2.0	0.0	1.0	2.0	1.0	16
JEN.BR	6.1	1.5	1.0	1.0	1.0	1.0	2.0	1.5	1.0	0.5	0.5	1.5	1.5	1.5	2.0	2.0	1.0	0.5	1.0	16
MANTA.HE	7.5	1.0	1.0	1.0	0.0	2.0	2.0	1.5	2.0	2.0	1.0	2.0	1.5	2.0	2.0	0.0	2.0	2.0	2.0	17
PAG.L	5.8	2.0	1.0	1.0	1.0	2.0	1.0	2.0	2.0	1.0	1.5	0.0	0.0	1.0	1.5	2.0	0.0	2.0	0.0	14
BSP	5.8	0.0	1.0	1.0	1.0	1.5	2.0	2.0	2.0	1.0	1.5	2.0	0.0	0.5	0.5	1.0	2.0	0.5	1.5	15
EZPW	6.4	2.0	2.0	1.0	0.0	1.0	2.0	2.0	1.0	0.0	1.0	1.5	1.5	1.5	2.0	1.0	1.0	1.5	1.0	18
ENQ.L	6.4	2.0	1.0	1.0	1.0	1.5	0.5	0.5	1.0	2.0	1.0	0.0	0.0	2.0	2.0	2.0	1.5	2.0	2.0	16
MDRX	5.3	1.0	1.0	1.0	1.0	0.0	1.0	2.0	1.5	1.0	0.5	1.0	2.0	1.0	2.0	1.0	0.0	2.0	0.0	15
KBH	5.0	0.0	2.0	1.0	0.0	1.0	0.0	0.5	0.5	1.0	1.5	1.0	2.0	1.0	2.0	2.0	0.5	1.0	1.0	16
ALHYP.PA	5.4	2.0	1.0	1.0	1.0	1.0	0.5	1.0	0.0	0.0	0.5	1.5	2.0	1.5	2.0	1.0	0.5	2.0	1.0	16
SIHL.L	3.5	1.0	1.0	1.0	1.0	0.5	0.0	2.0	0.0	0.0	1.0	1.0	2.0	1.0	0.0	1.0	0.0	0.0	0.0	12
WDP.BR	6.4	0.0	1.0	1.0	1.0	2.0	1.5	2.0	2.0	1.0	1.5	1.0	2.0	1.0	0.5	1.5	2.0	0.0	2.0	17
HIFS	5.8	2.0	1.0	1.0	1.0	2.0	2.0	0.0	2.0	1.0	1.0	1.0	1.5	1.0	0.5	2.0	0.0	0.0	2.0	12
ALOPM.PA	6.8	2.0	1.0	1.0	1.0	2.0	1.0	2.0	0.0	1.0	1.0	2.0	1.5	2.0	1.0	1.0	2.0	2.0	1.0	13
FUL	6.4	1.0	2.0	1.0	0.5	1.0	1.0	1.0	1.0	1.5	1.0	2.0	1.5	2.0	2.0	2.0	1.0	0.5	1.0	18
VNA.DE	6.5	0.5	1.0	1.0	0.0	2.0	1.0	2.0	2.0	2.0	1.5	0.0	2.0	0.5	0.5	2.0	2.0	1.5	2.0	17
UBSI	6.7	1.0	2.0	1.0	1.5	2.0	1.0	0.0	2.0	1.0	1.0	1.5	1.5	1.0	1.5	2.0	0.0	2.0	2.0	16
LRCX	6.7	1.5	0.0	1.0	2.0	2.0	2.0	2.0	2.0	0.5	2.0	2.0	0.0	0.0	0.5	2.0	2.0	0.5	2.0	18
ETR	6.2	1.0	0.0	1.0	0.5	1.5	1.0	1.5	1.5	0.0	2.0	2.0	1.5	1.5	1.0	1.5	2.0	1.0	2.0	18
SKF-A.ST	6.2	2.0	1.0	1.0	1.0	1.0	1.0	1.0	1.0	1.0	1.0	1.0	1.5	1.5	2.0	2.0	1.0	1.5	1.0	14
MAU.PA	7.4	2.0	1.0	1.0	1.0	2.0	2.0	2.0	2.0	0.0	0.5	0.0	1.5	2.0	1.5	2.0	2.0	2.0	2.0	16
TCX	4.3	1.0	1.0	1.0	1.0	0.0	1.0	1.5	0.0	0.0	1.0	1.0	1.0	0.0	2.0	1.0	0.5	2.0	0.5	13
JTC.L	4.3	0.0	1.0	1.0	1.0	1.0	2.0	1.5	1.5	0.5	0.5	0.0	0.0	0.5	1.0	0.0	1.5	1.0	1.5	15
HDSN	5.0	2.0	0.0	1.0	0.0	1.0	1.0	1.0	1.0	0.0	0.5	2.0	2.0	1.5	2.0	1.0	0.5	1.5	0.0	18
VMX.PA	5.0	1.0	1.0	1.0	1.0	0.0	0.0	2.0	0.0	2.0	0.5	1.0	2.0	1.0	2.0	1.0	0.0	1.5	1.0	14
TMV.DE	7.2	1.5	1.0	1.0	1.0	1.5	0.5	2.0	2.0	2.0	1.5	2.0	1.0	2.0	1.5	1.0	2.0	0.5	2.0	16
XRO.ASX	6.2	1.0	1.0	1.0	1.0	1.0	2.0	2.0	1.0	1.0	1.5	1.0	1.5	0.5	1.5	1.0	1.0	1.5	2.0	14
LHX	6.2	1.5	2.0	1.0	0.5	1.0	1.0	1.0	1.0	1.0	1.5	2.0	1.5	1.5	1.5	2.0	1.0	0.5	1.0	18
KN	5.8	2.0	0.0	1.0	2.0	1.5	1.5	1.5	1.5	0.5	0.5	2.0	1.0	0.5	1.0	1.0	1.5	0.5	1.5	18
BMNR	3.6	1.0	0.0	1.0	0.0	0.5	2.0	2.0	1.0	0.0	0.5	1.0	1.5	1.0	0.0	1.0	0.0	0.5	0.0	16
ATLC	6.9	1.0	1.0	1.0	1.5	2.0	2.0	2.0	2.0	1.0	1.0	2.0	1.5	1.0	1.0	1.0	0.0	2.0	2.0	15
HIW	5.6	0.0	1.0	1.0	0.0	2.0	1.0	2.0	2.0	2.0	1.0	0.0	1.5	1.0	1.0	0.0	2.0	0.5	2.0	18
WULF	3.9	1.0	2.0	1.0	0.0	0.5	0.5	2.0	0.0	0.0	2.0	1.0	0.0	1.0	0.0	1.0	0.0	2.0	0.0	16
CLN.ZU	5.7	2.0	1.0	1.0	1.0	0.5	0.5	1.0	1.0	1.5	1.5	1.0	1.5	1.5	2.0	0.0	1.0	1.5	1.0	15
EXPL.PA	5.6	1.0	1.0	1.0	1.0	1.0	1.5	1.5	0.5	0.5	0.5	2.0	1.0	1.0	2.0	2.0	0.5	1.0	1.0	16
HP	5.6	0.0	1.0	1.0	0.5	0.5	0.5	1.0	0.5	2.0	1.5	1.0	1.5	2.0	2.0	1.5	1.5	1.0	1.0	17
267.HK	6.9	1.0	1.0	1.0	1.0	1.0	1.0	1.5	2.0	0.0	0.5	1.5	2.0	2.0	2.0	2.0	1.5	2.0	2.0	16
CLX	4.7	1.5	1.0	1.0	0.0	1.0	0.5	1.5	1.0	0.5	1.5	2.0	0.0	1.5	1.5	0.0	1.0	0.5	1.0	17
GSK	6.0	0.0	0.0	1.0	0.0	1.5	1.0	2.0	2.0	1.0	1.0	2.0	1.0	1.5	1.5	2.0	1.5	0.5	2.0	18
NAN.ASX	4.3	0.0	1.0	1.0	1.0	1.0	0.5	2.0	0.5	0.0	1.0	0.5	1.0	0.0	1.5	1.0	1.0	1.5	1.0	16
GALE.ZU	4.9	0.5	1.0	1.0	1.0	1.0	1.0	0.5	0.5	1.0	1.0	2.0	1.5	0.5	2.0	1.5	0.5	0.0	1.0	16
VASTB.BR	6.1	1.0	1.0	1.0	1.0	2.0	1.0	2.0	2.0	1.0	0.5	0.0	2.0	1.0	0.5	2.0	2.0	0.0	2.0	16
MCB	6.0	1.5	0.0	1.0	0.0	2.0	1.5	0.0	2.0	1.0	0.5	2.0	1.5	1.0	1.5	2.0	0.0	2.0	2.0	16
AMRZ	6.4	1.5	1.0	1.0	0.0	1.5	1.0	1.0	1.5	1.5	2.0	2.0	1.5	1.5	1.5	1.0	1.5	0.5	1.5	18
HOPE	6.2	1.5	0.0	1.0	0.0	2.0	2.0	0.0	2.0	1.0	0.5	2.0	2.0	1.0	1.5	2.0	0.0	2.0	2.0	16
AVAP.L	6.5	1.0	1.0	1.0	1.0	0.0	1.0	2.0	2.0	2.0	0.5	1.0	0.0	2.0	1.0	2.0	2.0	2.0	2.0	14
BEN	6.0	2.0	0.0	1.0	1.5	1.0	1.5	1.5	1.0	0.0	1.5	2.0	1.5	1.5	1.5	1.0	1.0	1.5	0.5	18
GLXY	6.0	1.0	0.0	1.0	0.0	0.5	0.5	2.0	2.0	2.0	1.5	1.0	1.5	2.0	2.0	1.0	2.0	1.5	0.0	16
RACE	5.6	0.5	0.0	1.0	1.0	2.0	1.0	2.0	2.0	0.5	1.5	1.0	0.0	0.5	1.0	2.0	1.5	0.5	2.0	18
QLT.L	5.7	2.0	1.0	1.0	1.0	1.0	2.0	0.5	0.5	0.0	1.5	0.0	0.0	2.0	2.0	1.5	0.5	2.0	2.0	16
VALMT.HE	6.2	1.0	1.0	1.0	1.5	1.0	1.0	1.0	1.0	1.5	1.0	2.0	1.5	1.5	2.0	1.0	1.0	1.5	1.0	17
PIRC.MI	6.9	1.5	1.0	1.0	1.0	1.0	1.0	2.0	1.0	2.0	1.5	1.5	1.5	2.0	2.0	1.0	1.0	1.5	1.5	16
UE	6.0	0.5	2.0	1.0	0.0	1.5	1.0	2.0	2.0	2.0	1.0	0.5	1.5	1.0	1.0	0.0	2.0	0.5	2.0	18
SXT.US	5.4	1.0	1.0	1.0	1.5	1.0	1.5	1.0	1.5	0.0	1.0	2.0	1.0	0.5	1.5	2.0	1.0	0.0	1.0	18
7453.T	6.7	1.0	1.0	1.0	2.0	1.0	2.0	2.0	1.0	1.0	1.5	2.0	1.0	1.0	1.5	2.0	1.0	1.0	1.0	15
BEIAb.ST	5.4	1.0	1.0	1.0	0.5	1.0	1.0	1.0	1.5	1.0	0.5	2.0	1.0	1.0	1.5	2.0	1.0	0.5	1.0	17
HCO.PA	5.3	0.5	1.0	1.0	1.0	0.5	2.0	0.5	0.0	2.0	0.5	2.0	2.0	1.0	1.0	0.0	0.5	2.0	1.5	16
ONT.L	4.0	1.0	1.0	1.0	1.0	0.0	1.5	2.0	0.0	0.0	1.5	1.0	0.0	1.0	1.0	1.0	0.0	1.5	0.0	14
DEZ.DE	5.6	1.0	1.0	1.0	1.0	1.0	1.5	1.0	0.5	0.0	1.0	2.0	1.5	1.0	2.0	2.0	0.5	1.0	1.0	16
BXP	6.4	1.0	0.0	1.0	2.0	1.0	1.0	2.0	2.0	1.5	2.0	1.5	1.5	1.0	1.0	0.0	2.0	0.5	2.0	18
RF	6.7	1.5	2.0	1.0	0.5	2.0	1.0	0.0	2.0	1.0	2.0	1.5	1.5	1.0	1.5	2.0	0.0	2.0	1.5	16
HLF	6.8	2.0	2.0	1.0	0.0	1.0	1.0	2.0	1.0	2.0	0.5	2.0	1.0	2.0	2.0	1.0	1.0	2.0	1.0	17
CM	6.1	1.0	2.0	1.0	1.0	2.0	1.5	0.0	2.0	1.0	0.5	2.0	1.5	1.0	1.5	2.0	0.0	2.0	0.0	16
VRLA.PA	5.8	0.0	1.0	1.0	1.0	1.0	0.5	0.5	1.0	2.0	1.0	2.0	1.5	2.0	2.0	0.0	1.5	1.5	1.5	16
TBCH	5.3	2.0	1.0	1.0	0.0	0.5	0.5	1.5	0.0	2.0	1.0	1.0	1.5	1.5	2.0	1.0	0.5	1.0	1.0	16
RGEN	5.7	1.0	2.0	1.0	0.5	1.0	1.5	2.0	1.0	0.5	2.0	2.0	1.0	0.0	0.5	1.0	1.0	1.0	1.5	18
AMANAT.AE	6.2	1.0	1.0	1.0	1.0	1.5	2.0	1.5	1.5	1.0	0.5	0.0	1.5	1.0	1.5	1.5	1.5	2.0	1.5	16
GLE.PA	6.4	1.0	1.0	1.0	1.5	2.0	1.0	0.0	2.0	1.0	2.0	1.5	2.0	1.0	1.0	2.0	0.0	2.0	1.0	15
TJX	5.1	0.5	0.0	1.0	1.5	1.0	1.0	1.0	1.0	1.0	2.0	1.5	0.0	1.0	1.5	2.0	1.0	0.5	1.0	18
NN	3.3	1.0	2.0	1.0	2.0	0.5	0.5	0.0	0.0	0.0	0.5	1.0	0.5	1.0	0.0	1.0	0.0	1.0	0.0	16
AERO.US	6.5	2.0	1.0	1.0	2.0	1.0	1.5	1.0	0.5	2.0	1.0	0.0	1.0	2.0	2.0	1.0	1.0	2.0	1.5	16
6273.T	7.4	0.5	1.0	1.0	2.0	2.0	2.0	1.5	2.0	1.0	1.5	1.5	1.5	1.5	1.5	2.0	1.5	1.5	1.0	15
ATCO-B.ST	5.7	1.0	1.0	1.0	1.0	1.5	1.0	1.5	1.5	1.0	0.5	2.0	0.5	0.5	1.0	2.0	1.5	0.5	1.5	16
BAMI.MI	5.6	1.0	1.0	1.0	1.5	2.0	0.5	0.0	2.0	1.0	1.5	1.5	1.5	1.0	1.0	1.5	0.0	2.0	0.0	15
VYX	5.8	0.5	2.0	1.0	0.5	1.0	0.0	1.0	0.5	2.0	1.0	2.0	1.5	1.5	2.0	1.0	0.5	2.0	1.0	18
VIH1.DE	7.4	1.5	1.0	0.0	1.0	2.0	0.5	2.0	1.5	2.0	1.0	2.0	2.0	1.5	1.0	2.0	2.0	1.5	2.0	15
IDXX	6.0	0.5	2.0	1.0	0.5	2.0	1.0	2.0	2.0	1.0	1.5	1.5	0.0	0.5	1.0	1.0	2.0	0.0	2.0	18
EWBC	6.4	0.0	2.0	1.0	1.0	2.0	1.5	0.0	2.0	1.0	1.5	1.5	1.5	1.0	1.0	2.0	0.0	2.0	2.0	16
HAVAS.NV	6.9	2.0	1.0	1.0	1.0	1.0	1.0	1.0	1.0	2.0	1.0	1.5	2.0	2.0	2.0	2.0	1.0	1.5	1.0	16
IDHC.L	6.1	2.0	1.0	1.0	1.0	1.5	2.0	1.5	0.0	2.0	0.5	0.0	2.0	1.0	1.0	2.0	1.5	1.0	1.0	12
SYNSAM.ST	6.7	1.5	1.0	1.0	0.5	1.0	1.5	2.0	1.0	2.0	0.5	1.5	1.5	1.5	2.0	2.0	1.0	1.0	1.5	17
CRSR	5.1	0.0	0.0	1.0	2.0	1.0	0.5	1.0	0.0	1.5	1.0	2.0	1.5	1.0	2.0	1.0	0.5	1.5	1.0	18
MRCY	4.7	0.5	2.0	1.0	2.0	0.5	1.0	1.0	0.5	1.0	1.5	1.0	1.0	0.0	1.0	1.0	0.5	0.5	1.0	17
EGHT	6.9	2.0	2.0	1.0	1.5	1.0	1.0	2.0	0.5	2.0	0.5	2.0	1.5	1.5	2.0	1.0	0.5	2.0	1.0	18
ALHRS.PA	5.1	1.0	1.0	2.0	1.0	0.0	1.5	2.0	0.0	1.0	0.5	1.0	2.0	1.0	1.5	1.0	0.0	2.0	0.0	14
TABREED.AE	6.5	1.0	1.0	1.0	1.0	1.5	0.5	1.5	2.0	1.0	1.0	2.0	1.5	1.5	1.0	1.0	2.0	1.0	2.0	16
BLDR	5.1	1.0	0.0	1.0	0.0	1.0	0.5	1.0	0.5	1.5	2.0	2.0	1.5	1.5	2.0	1.0	0.5	0.5	1.0	18
IX	6.9	0.5	1.0	1.0	1.0	1.5	1.5	1.5	1.5	1.0	0.5	2.0	1.5	2.0	2.0	2.0	1.5	2.0	1.0	14
WU	6.7	0.0	2.0	1.0	0.0	1.0	0.5	1.5	1.0	2.0	1.5	1.5	1.5	2.0	2.0	1.5	1.5	2.0	1.5	18
CGAU	6.9	2.0	1.0	1.0	0.0	2.0	2.0	1.5	2.0	0.5	0.5	0.0	1.5	2.0	1.5	2.0	2.0	1.5	2.0	17
SWED-A.ST	5.3	0.0	1.0	1.0	1.5	2.0	1.0	0.0	2.0	1.0	1.5	1.5	1.5	1.0	0.5	1.5	0.0	2.0	0.0	15
SCL	4.9	1.0	1.0	1.0	0.0	0.5	1.5	0.5	0.5	1.0	0.5	1.0	1.5	1.5	2.0	1.5	0.5	1.0	1.0	17
AMLIF	4.0	1.0	1.0	1.0	1.0	0.5	1.0	0.0	0.0	0.0	1.0	1.0	2.0	1.0	1.0	1.0	0.0	1.0	1.0	10
TSM	8.5	2.0	0.0	1.0	2.0	2.0	2.0	2.0	2.0	2.0	2.0	2.0	0.0	2.0	1.5	2.0	2.0	2.0	2.0	18
FBU.ASX	5.4	0.0	1.0	1.0	1.0	1.0	1.0	1.0	1.0	1.0	1.0	2.0	2.0	1.5	2.0	1.0	0.5	0.5	1.0	15
HRL	5.1	1.5	0.0	1.0	0.5	1.0	0.5	0.5	1.0	1.5	1.0	2.0	1.5	1.5	2.0	0.0	1.0	1.0	1.0	18
NRR.L	6.4	1.5	1.0	1.0	1.0	2.0	1.5	2.0	2.0	1.0	1.0	0.0	0.0	1.0	1.0	1.0	2.0	2.0	2.0	16
SCYX	3.5	1.0	1.0	0.0	0.0	0.0	0.0	2.0	0.0	0.0	0.5	1.0	2.0	1.0	1.0	1.0	0.0	2.0	0.0	14
UMBF	6.8	0.5	2.0	1.0	1.5	2.0	1.5	0.0	2.0	1.0	1.5	1.5	1.5	1.0	1.5	2.0	0.0	2.0	2.0	16
AVTX.NV	3.6	1.0	1.0	1.5	1.0	0.0	0.0	0.0	0.0	0.0	1.0	1.0	2.0	1.0	0.5	1.0	0.0	2.0	0.0	14
KMB	5.1	1.0	0.0	1.0	0.0	1.5	1.0	1.5	1.5	1.0	1.5	2.0	0.0	1.5	1.5	0.0	1.5	0.5	1.5	18
CECO	4.6	1.0	2.0	1.0	2.0	0.5	2.0	1.0	0.5	0.0	1.0	1.0	1.5	0.0	1.0	1.0	0.5	0.5	0.0	17
BMO	6.1	1.0	1.0	1.0	1.5	2.0	1.5	0.0	2.0	1.0	0.5	2.0	1.5	1.0	2.0	2.0	0.0	2.0	0.0	15
PHAT	4.2	1.0	0.0	1.0	0.0	0.0	2.0	2.0	0.0	0.0	1.5	1.0	1.0	1.0	1.5	1.0	0.0	2.0	0.0	15
SIS.DE	5.1	2.0	1.0	1.0	1.0	0.5	1.0	1.5	2.0	0.0	1.0	0.0	1.0	1.0	1.0	2.0	1.5	0.0	1.0	14
CIE.MC	7.4	2.0	1.0	1.0	1.0	1.0	1.0	1.5	1.0	2.0	1.5	1.5	1.5	2.0	2.0	2.0	1.0	2.0	1.5	15
FRO	7.1	0.0	2.0	1.0	2.0	2.0	2.0	2.0	2.0	1.0	0.5	0.0	1.0	2.0	1.5	2.0	2.0	0.5	2.0	18
CRGY	7.2	0.0	2.0	1.0	0.0	1.0	2.0	2.0	2.0	2.0	1.5	2.0	2.0	2.0	1.5	0.0	2.0	1.0	2.0	18
PTGX	5.4	0.0	0.0	1.0	2.0	2.0	2.0	2.0	2.0	0.5	1.5	1.0	0.0	0.0	0.0	1.0	1.5	1.0	2.0	17
AMS.ZU	5.7	2.0	1.0	1.0	2.0	0.5	1.0	1.0	0.5	0.0	1.0	1.0	1.0	2.0	2.0	1.0	1.0	2.0	0.5	16
HPE	6.9	2.0	0.0	1.0	2.0	1.0	2.0	1.5	1.0	1.5	2.0	2.0	1.0	1.0	1.5	2.0	1.0	1.0	1.5	18
ALKS	6.0	1.0	1.0	1.0	0.0	1.0	2.0	2.0	1.5	1.0	1.5	2.0	1.0	0.5	1.5	1.0	1.0	1.0	1.5	18
GOTU	5.4	1.0	1.0	1.0	1.0	0.5	2.0	2.0	0.0	1.0	1.0	1.0	1.0	2.0	1.0	1.0	0.0	2.0	1.0	12
ALGID.PA	4.9	0.5	1.0	1.0	1.0	0.5	1.0	2.0	0.0	2.0	0.5	1.0	1.0	0.0	2.0	1.0	0.5	1.5	1.0	15
CTEC.L	5.3	2.0	1.0	1.0	1.0	1.0	1.0	2.0	1.0	1.0	1.5	0.0	0.0	1.5	1.5	0.0	1.5	0.5	1.5	16
FISV	5.8	2.0	2.0	1.0	0.0	1.0	1.0	1.0	1.0	1.0	2.0	2.0	1.0	1.0	1.0	1.0	1.0	1.0	1.0	6
NMR.US	6.5	2.0	1.0	1.0	2.0	1.5	2.0	2.0	2.0	1.0	0.5	0.0	1.5	1.0	1.0	2.0	0.0	2.0	1.0	14
PCRX	6.9	2.0	1.0	1.0	0.5	1.0	1.0	2.0	0.5	2.0	1.0	2.0	1.5	1.5	2.0	1.0	1.0	2.0	2.0	18
CO.PA	5.7	2.0	1.0	1.0	1.0	0.5	0.5	1.0	0.0	2.0	0.5	1.0	2.0	2.0	2.0	1.0	0.5	2.0	0.5	15
ADN1.DE	6.2	1.0	1.0	1.0	1.0	1.0	1.5	0.5	0.0	2.0	1.0	2.0	1.5	2.0	2.0	2.0	0.5	1.5	1.0	16
MT.NV	5.7	2.0	1.0	1.0	0.0	1.0	1.0	0.0	0.5	0.0	1.5	2.0	2.0	1.5	2.0	2.0	0.5	1.5	1.0	17
PINE	6.4	0.0	1.0	1.0	2.0	1.0	2.0	2.0	2.0	0.0	1.5	2.0	2.0	1.5	0.5	0.0	2.0	0.5	2.0	18
5201.T	6.0	1.0	1.0	1.0	1.0	1.0	1.5	1.0	0.5	0.5	1.0	1.0	2.0	2.0	2.0	2.0	1.0	1.0	1.0	16
WVE	4.0	1.0	2.0	1.0	0.5	0.5	0.0	0.0	0.0	0.0	1.5	1.0	1.5	1.0	1.5	1.0	0.0	2.0	0.0	16
ALGM	4.6	0.0	0.0	1.0	1.0	1.0	2.0	1.5	1.0	0.5	1.5	2.0	0.5	0.0	1.0	1.0	1.0	0.5	1.0	18
LMNR.US	3.8	0.0	2.0	1.0	2.0	0.0	0.5	0.0	0.5	0.0	0.5	1.0	1.5	1.0	1.5	1.5	0.0	0.5	0.0	17
LADR	5.7	1.0	0.0	1.0	2.0	2.0	1.0	2.0	2.0	1.0	1.0	2.0	2.0	1.0	0.0	0.0	0.0	0.5	2.0	16
AFG	6.9	1.0	2.0	1.0	2.0	1.5	1.0	1.0	1.5	0.5	1.0	1.5	1.5	1.5	2.0	2.0	1.0	1.5	1.5	18
RELL	5.1	1.0	1.0	1.0	0.0	1.0	2.0	1.0	0.5	0.0	0.5	2.0	1.5	0.5	2.0	2.0	0.5	1.5	0.5	18
SMCI	6.5	2.0	2.0	1.0	2.0	1.0	2.0	0.5	1.0	0.0	1.5	2.0	1.5	1.5	2.0	1.0	0.5	2.0	0.0	18
PHVS	3.9	1.0	2.0	1.0	0.0	0.5	1.0	0.0	0.0	0.0	1.5	1.0	0.5	1.0	1.0	1.0	0.0	1.5	1.0	13
XZO	6.9	1.5	1.0	1.0	1.0	2.0	1.0	2.0	2.0	1.5	0.5	1.5	1.0	1.5	1.0	1.0	2.0	1.5	2.0	17
ZJYL	4.4	2.0	1.0	1.0	1.0	1.0	0.5	1.0	0.0	0.0	1.0	1.0	2.0	0.0	1.0	1.0	0.5	2.0	0.0	14
PGH.L	5.6	1.0	1.0	1.0	1.0	1.5	1.0	1.5	1.5	1.5	0.5	0.0	0.0	1.5	1.5	1.0	1.0	2.0	1.5	16
OXY	7.6	1.5	0.0	1.0	0.0	2.0	2.0	2.0	2.0	1.5	2.0	1.5	1.5	2.0	1.5	2.0	2.0	1.0	2.0	18
4208.T	6.5	2.0	1.0	1.0	1.0	1.0	2.0	1.0	0.5	0.0	0.5	2.0	2.0	1.5	2.0	2.0	1.0	2.0	1.0	16
DEC.PA	7.1	1.0	1.0	1.0	1.0	1.0	1.0	2.0	1.0	2.0	1.5	1.0	1.5	1.5	1.5	2.0	1.5	2.0	2.0	16
TE.PA	6.1	1.0	1.0	1.0	0.0	1.0	1.5	0.5	0.0	2.0	1.5	2.0	1.5	2.0	2.0	1.5	0.5	2.0	1.0	17
SKY.US	5.6	0.5	2.0	1.0	0.0	1.0	1.0	1.0	1.0	1.0	1.0	1.5	1.5	1.0	2.0	1.0	1.0	1.5	1.0	18
ABSI	3.2	1.0	1.0	1.0	1.5	0.5	0.0	0.0	0.0	0.0	1.5	1.0	0.5	1.0	0.0	1.0	0.0	1.5	0.0	15
FDUS	5.1	0.5	1.0	1.0	1.0	2.0	1.0	2.0	2.0	1.5	1.0	1.0	2.0	1.0	1.0	0.0	0.0	0.5	0.0	16
ATI	5.3	1.5	0.0	1.0	2.0	1.5	1.5	1.0	1.5	0.5	1.0	2.0	0.0	0.5	1.0	1.0	1.0	0.5	1.5	18
ALXO	4.6	1.0	2.0	0.5	2.0	0.5	1.0	0.0	0.0	0.0	1.0	1.0	1.5	1.0	1.0	1.0	0.0	2.0	1.0	13
ALVDM.PA	5.3	1.0	1.0	1.0	1.0	1.0	1.0	0.0	1.0	1.0	0.5	0.5	1.0	1.5	2.0	2.0	0.5	2.0	1.0	16
ATEX	4.0	1.0	0.0	1.0	0.0	2.0	2.0	2.0	0.0	0.0	0.5	0.0	1.0	1.0	0.0	1.0	0.0	1.0	2.0	18
RPAY	6.5	1.0	0.0	1.0	2.0	0.0	2.0	2.0	0.0	2.0	1.0	1.0	2.0	1.5	1.5	1.0	1.5	2.0	2.0	16
TXRH	6.2	1.0	2.0	1.0	2.0	1.0	1.5	0.5	1.0	1.0	2.0	1.5	0.5	1.0	2.0	2.0	1.0	0.5	1.0	18
DCC.L	4.9	1.0	1.0	1.0	1.0	1.0	1.0	0.5	0.5	2.0	1.0	0.0	0.0	1.5	2.0	1.5	0.5	1.5	0.5	16
SENEA	6.5	2.0	2.0	1.0	1.0	1.0	2.0	0.5	0.5	2.0	0.5	1.0	1.5	2.0	2.0	1.0	1.0	1.0	1.5	16
1928.T	5.6	2.0	1.0	1.0	0.0	1.0	0.5	1.0	1.0	0.0	1.0	1.0	2.0	1.5	2.0	2.0	0.5	1.5	1.0	17
HMC	6.4	0.5	2.0	1.0	1.0	0.5	1.5	0.5	1.0	2.0	0.5	1.0	2.0	2.0	2.0	2.0	0.5	2.0	1.0	16
TECX	4.3	1.0	1.0	1.0	1.5	0.5	1.0	0.0	0.0	0.0	1.0	1.0	1.5	1.0	1.0	1.0	0.0	2.0	1.0	13
ACX.DE	4.6	1.0	1.0	1.0	1.0	0.5	1.0	2.0	0.0	0.0	0.5	1.0	2.0	1.5	1.0	1.0	0.0	2.0	0.0	14
GNW	6.1	2.0	0.0	1.0	2.0	1.0	1.0	0.0	0.5	2.0	0.5	2.0	2.0	1.5	2.0	1.0	0.5	2.0	1.0	18
REEAF.US	4.4	1.0	1.0	1.0	1.0	0.5	2.0	0.0	0.0	1.0	1.0	1.0	2.0	1.0	1.5	1.0	0.0	1.0	0.0	11
6532.T	6.7	1.5	1.0	1.0	0.5	2.0	2.0	2.0	2.0	1.0	1.5	1.0	0.0	1.0	1.0	2.0	2.0	1.0	1.5	17
WEB.ASX	7.2	1.0	1.0	1.0	1.0	1.0	1.5	2.0	1.5	1.5	1.5	2.0	1.5	1.5	1.5	1.0	1.5	2.0	2.0	16
FWRG	4.9	0.5	2.0	1.0	0.0	1.0	1.5	1.0	0.5	0.0	1.5	0.5	2.0	1.0	2.0	1.0	0.5	0.5	1.0	18
358.HK	5.0	1.0	1.0	1.0	0.0	1.0	1.5	0.0	0.5	0.0	1.0	1.0	1.5	2.0	2.0	2.0	0.5	2.0	0.0	17
ALL	7.1	1.0	0.0	1.0	2.0	1.5	1.5	1.5	1.5	2.0	2.0	0.0	1.5	2.0	2.0	2.0	1.5	1.0	1.5	18
ARIS	7.5	1.5	1.0	1.5	0.0	2.0	2.0	2.0	2.0	1.0	0.5	2.0	1.5	2.0	1.5	1.0	2.0	1.5	2.0	17
HAFN	7.8	2.0	2.0	1.0	2.0	2.0	2.0	1.0	2.0	1.5	0.5	0.0	1.5	2.0	2.0	2.0	1.5	1.0	2.0	18
ULBI	5.0	0.5	1.0	1.0	1.0	0.5	0.5	1.0	1.0	1.0	1.0	1.0	2.0	1.5	2.0	1.0	0.5	1.0	0.5	14
TW	6.1	1.0	0.0	1.0	1.0	2.0	1.0	2.0	2.0	1.0	1.5	1.5	1.0	1.0	1.0	2.0	0.0	1.0	2.0	16
LMND	4.4	1.0	1.0	1.0	0.0	0.0	2.0	2.0	0.0	1.0	1.0	1.0	0.5	1.0	1.5	1.0	0.0	1.5	0.5	16
SLHN.ZU	5.8	1.0	1.0	1.0	1.0	1.5	1.0	1.5	1.5	0.0	1.5	1.5	1.0	1.0	1.0	1.5	1.0	2.0	1.0	16
ALKB.CO	5.8	0.0	1.0	1.0	2.0	1.5	1.5	2.0	1.5	0.5	0.5	1.5	0.5	0.5	1.0	2.0	1.5	0.5	2.0	17
SLL.DE	4.6	0.0	1.0	1.0	1.0	1.0	0.0	1.0	0.5	0.0	1.0	1.0	1.5	1.5	2.0	0.0	1.0	2.0	1.0	14
LISN.ZU	5.6	0.5	1.0	1.0	1.0	1.5	0.5	2.0	1.0	0.5	1.5	1.5	1.0	1.0	1.5	2.0	1.0	0.0	1.5	16
CDNS	6.2	1.0	0.0	1.0	2.0	2.0	2.0	2.0	2.0	0.5	2.0	2.0	0.0	0.0	0.5	1.0	2.0	0.5	2.0	18
OLED	7.6	1.5	2.0	1.0	1.5	2.0	0.0	2.0	2.0	1.0	1.0	1.5	1.5	1.5	1.5	2.0	2.0	1.5	2.0	18
RPT	5.3	1.0	1.0	1.0	2.0	1.5	1.0	2.0	2.0	1.0	0.5	1.0	2.0	1.0	0.0	0.0	0.0	2.0	0.0	13
IHP.L	6.9	0.5	1.0	1.0	1.0	2.0	1.5	2.0	2.0	1.5	1.5	0.0	0.0	2.0	1.0	2.0	2.0	2.0	2.0	16
ZYME	3.2	1.0	1.0	1.0	2.0	0.5	0.0	0.0	0.0	0.0	1.5	1.0	0.0	1.0	0.0	1.0	0.0	1.5	0.0	16
IHG	6.2	1.5	2.0	1.0	1.0	1.5	1.0	2.0	2.0	1.0	1.0	2.0	1.0	0.0	0.0	2.0	1.5	0.5	1.5	16
VLTO	6.2	1.0	0.0	1.0	1.5	1.5	1.0	2.0	1.5	1.0	1.5	1.5	0.5	1.0	1.5	2.0	1.5	1.0	1.5	18
HIG	6.9	2.0	0.0	1.0	0.5	1.5	1.0	1.5	1.5	2.0	2.0	0.5	1.5	2.0	2.0	2.0	1.0	1.5	1.5	18
PRVA	5.1	0.0	2.0	1.0	0.0	1.0	2.0	0.5	0.5	1.0	1.5	2.0	1.0	0.0	2.0	1.0	0.5	1.5	1.0	18
SBH	6.4	2.0	0.0	1.0	0.5	1.0	1.0	2.0	1.0	2.0	1.0	1.5	1.5	2.0	2.0	1.0	1.0	1.5	1.0	18
MA10.DE	4.4	0.0	1.0	1.0	1.0	1.0	0.5	0.0	0.5	0.0	0.5	2.0	2.0	0.5	2.0	1.0	0.5	2.0	0.5	16
HTO	6.5	0.5	2.0	1.0	2.0	1.5	1.0	2.0	1.5	0.0	1.0	1.0	1.5	1.5	1.0	1.5	2.0	0.5	2.0	18
CBSH	6.2	1.0	0.0	1.0	1.5	2.0	1.5	0.0	2.0	1.0	1.0	1.5	1.5	1.0	1.5	2.0	0.0	2.0	2.0	16
GPGI	3.8	1.0	1.0	1.0	2.0	0.5	1.0	2.0	0.0	0.0	0.5	1.0	1.5	1.0	0.0	1.0	0.0	0.0	0.0	15
DJUR.CO	6.2	1.5	1.0	1.0	1.0	2.0	2.0	0.0	2.0	1.0	1.0	1.0	1.5	1.0	1.5	2.0	0.0	2.0	1.0	11
AV.L	4.9	1.0	1.0	1.0	1.0	1.0	1.5	0.5	0.5	0.0	1.5	0.0	0.0	2.0	2.0	0.0	1.0	2.0	1.5	16
WOW.ASX	5.1	1.0	1.0	1.0	1.0	1.0	1.0	1.0	0.5	1.0	1.5	2.0	0.5	1.0	2.0	1.0	0.5	0.5	1.0	16
1585.HK	6.2	2.0	1.0	1.0	1.0	1.0	0.5	0.5	0.5	1.5	1.0	1.5	1.5	2.0	2.0	2.0	0.5	2.0	1.0	16
SUBC.OL	5.0	1.5	1.0	1.0	2.0	1.0	1.0	0.5	1.5	0.5	1.5	0.0	1.5	0.0	0.5	1.0	1.0	0.5	2.0	17
291.HK	7.5	2.0	1.0	1.0	1.0	1.0	1.0	1.5	2.0	2.0	2.0	2.0	1.5	2.0	2.0	0.0	1.5	2.0	1.5	16
OMF	6.1	2.0	0.0	1.0	0.0	2.0	0.5	2.0	2.0	1.0	1.5	2.0	1.5	1.0	1.0	1.5	0.0	1.0	2.0	16
LITE	5.1	2.0	0.0	1.0	2.0	0.0	2.0	1.5	2.0	0.5	2.0	1.0	0.0	0.0	0.0	1.0	1.5	0.5	1.5	17
BKYI	5.0	1.0	1.0	1.0	2.0	0.0	1.5	2.0	0.0	0.0	0.5	1.0	2.0	1.0	2.0	1.0	0.0	2.0	0.0	15
OXSQ	5.4	1.5	1.0	1.0	2.0	0.0	0.5	2.0	2.0	2.0	0.5	1.0	2.0	1.0	1.0	0.0	0.0	2.0	0.0	15
ALTA.PA	5.1	0.5	1.0	1.0	1.0	1.0	0.5	1.0	1.0	2.0	0.5	2.0	1.5	0.5	1.5	0.0	1.0	1.5	1.0	16
RM	6.2	2.0	1.0	1.0	0.0	1.0	1.0	2.0	1.5	0.0	0.5	1.5	2.0	1.5	1.5	2.0	1.5	0.5	2.0	18
ABNB	7.1	1.5	2.0	1.0	1.5	2.0	1.5	2.0	1.5	1.0	2.0	2.0	0.0	0.5	1.0	1.0	1.5	1.5	2.0	18
IEP	4.7	1.5	1.0	1.0	1.0	0.5	2.0	0.0	0.0	1.0	1.0	1.0	1.5	0.5	2.0	0.0	0.5	2.0	0.5	14
TNL	7.1	2.0	1.0	1.0	1.5	1.0	1.0	2.0	1.5	2.0	1.5	2.0	1.0	1.5	1.5	1.5	1.5	1.0	1.0	17
HCM.L	3.8	0.0	1.0	1.0	1.0	1.0	1.0	0.5	0.5	0.0	1.0	0.0	0.0	1.0	2.0	1.0	0.0	2.0	0.5	16
SWX	6.4	1.0	0.0	1.0	2.0	2.0	0.5	2.0	1.5	0.0	1.0	2.0	1.5	1.5	1.0	1.5	2.0	0.5	2.0	18
XTP.DE	4.7	1.5	1.0	1.0	1.0	2.0	2.0	2.0	2.0	1.0	0.5	0.0	0.0	1.0	0.0	1.0	0.0	0.0	1.0	13
ASUR	6.7	2.0	2.0	1.0	2.0	0.5	2.0	2.0	0.0	1.0	1.0	1.0	1.5	1.5	2.0	1.0	1.0	1.0	1.5	17
VRSN	6.2	1.0	0.0	1.0	1.5	2.0	1.0	2.0	2.0	1.0	1.0	1.5	1.0	0.5	0.5	2.0	2.0	0.5	2.0	17
BMA	6.0	2.0	1.0	1.0	2.0	1.0	2.0	0.0	2.0	1.0	1.0	2.0	1.5	1.0	1.0	0.0	0.0	2.0	1.0	15
HWG.L	3.1	1.0	1.0	1.0	1.0	0.0	0.0	0.0	0.0	0.5	0.5	1.0	0.0	1.0	1.0	2.0	0.0	0.5	0.5	14
ALATA.PA	4.6	1.0	1.0	1.0	1.0	0.5	2.0	2.0	0.0	0.0	1.0	1.0	0.0	1.0	1.5	1.0	0.0	1.0	1.5	13
ZIP	4.6	1.5	1.0	1.0	0.0	1.0	1.0	2.0	0.5	1.0	0.5	0.0	1.0	0.0	2.0	1.0	0.5	2.0	0.5	16
P	4.6	0.5	0.0	1.0	2.0	1.0	2.0	2.0	0.5	0.0	1.5	2.0	0.0	0.0	1.0	1.0	0.5	0.5	1.0	18
YSWY	5.8	1.0	1.0	1.0	2.0	1.0	2.0	1.0	0.5	1.0	1.0	1.0	1.0	1.5	2.0	1.0	0.5	1.5	1.0	13
FLNC	3.8	0.5	0.0	1.0	0.0	0.5	1.0	0.0	0.0	0.5	1.5	1.0	1.5	1.0	2.0	1.0	0.0	2.0	0.0	17
SAN.MC	6.5	2.0	1.0	1.0	1.5	2.0	1.5	0.0	2.0	1.0	2.0	2.0	1.5	1.0	1.0	2.0	0.0	2.0	0.0	15
S30.PA	4.7	1.0	1.0	0.5	1.0	0.5	0.0	2.0	0.0	2.0	0.5	1.0	0.0	1.5	2.0	1.0	0.5	2.0	0.5	14
2799.HK	4.2	2.0	1.0	1.0	1.0	0.5	0.0	0.0	0.0	1.0	0.5	1.0	2.0	1.0	1.0	1.0	0.0	2.0	0.0	13
YUM	6.5	1.0	2.0	1.0	0.0	2.0	1.5	1.5	2.0	1.0	2.0	0.5	1.0	1.0	1.0	2.0	2.0	0.5	1.5	17
HRPK.DE	6.9	1.0	1.0	1.0	1.0	0.5	0.5	2.0	2.0	2.0	0.5	1.0	2.0	2.0	1.5	1.0	2.0	2.0	2.0	14
CYRX	4.2	0.0	2.0	1.0	0.0	0.0	1.0	1.5	0.0	0.0	1.0	1.0	1.5	1.0	1.5	1.0	0.0	2.0	0.5	17
8601.T	6.8	2.0	1.0	1.0	2.0	2.0	2.0	2.0	2.0	1.0	1.0	0.0	1.5	1.0	1.0	2.0	0.0	2.0	1.0	14
KLC	5.4	1.0	2.0	1.0	0.0	0.0	0.5	0.5	0.5	2.0	1.0	1.0	2.0	1.5	2.0	1.0	0.5	2.0	1.0	16
DHC	4.9	1.0	1.0	1.0	2.0	0.0	0.5	0.5	0.0	2.0	0.5	1.0	1.5	1.0	1.5	2.0	1.0	1.0	0.0	17
9531.T	5.7	1.0	1.0	1.0	1.0	1.0	1.0	0.5	1.0	1.0	1.0	0.0	1.5	2.0	2.0	2.0	1.0	1.5	1.0	14
MPB	6.7	0.0	2.0	1.0	2.0	2.0	2.0	0.0	2.0	1.0	0.5	2.0	1.5	1.0	1.5	2.0	0.0	1.5	2.0	16
VIA	4.3	1.0	1.0	1.0	1.0	0.0	2.0	1.5	0.0	0.0	1.0	1.0	1.0	1.0	1.5	1.0	0.0	1.5	0.0	15
ALV	6.0	2.0	0.0	1.0	0.0	1.0	1.0	0.5	1.0	2.0	1.5	2.0	1.0	2.0	2.0	2.0	1.0	0.5	1.0	18
GFS	7.2	2.0	1.0	1.0	1.5	1.5	1.0	1.0	1.0	1.0	2.0	2.0	1.5	1.5	1.5	2.0	1.5	1.0	2.0	18
DFTX	4.6	1.0	2.0	1.0	1.0	0.5	1.0	0.0	0.0	0.5	1.5	1.0	1.0	1.0	1.0	1.0	0.0	2.0	1.0	12
VOGX	3.6	1.0	1.0	1.0	1.0	0.5	1.0	0.0	0.0	1.0	0.5	1.0	1.0	1.0	1.0	1.0	0.0	0.0	1.0	8
DKL	5.6	1.0	0.0	1.0	2.0	1.5	2.0	1.0	1.5	0.0	1.0	2.0	1.0	1.0	1.5	0.0	1.5	0.0	2.0	17
BSL.ASX	6.4	2.0	1.0	1.0	1.0	1.0	1.0	1.5	0.5	1.0	1.5	2.0	1.5	1.5	2.0	2.0	0.5	1.0	1.0	14
NBHC	6.0	1.0	0.0	1.0	0.0	2.0	2.0	0.0	2.0	1.0	0.5	2.0	1.5	1.0	1.5	2.0	0.0	2.0	2.0	16
CNP	6.5	1.0	1.0	1.0	1.0	1.5	1.5	1.5	1.5	0.0	1.5	1.5	1.5	1.5	1.0	2.0	2.0	0.5	2.0	18
WSO	4.7	1.5	0.0	1.0	0.5	1.0	1.0	1.0	1.0	1.0	1.5	1.5	1.0	1.0	2.0	0.0	0.5	0.5	1.0	18
SRTA	4.9	1.0	2.0	1.0	2.0	1.5	2.0	1.0	0.0	0.0	0.5	1.0	1.5	0.0	2.0	1.0	0.5	0.5	0.0	16
ARES	5.6	2.0	2.0	1.0	0.0	1.5	1.0	2.0	1.0	1.5	1.5	2.0	0.0	0.0	1.0	0.0	1.5	0.5	1.5	18
TMC	3.8	1.0	1.0	1.0	1.0	0.5	1.0	0.0	0.0	0.5	1.0	1.0	1.0	1.0	1.0	1.0	0.0	0.5	1.0	11
REINA.NV	5.0	1.0	1.0	1.5	1.0	0.5	1.0	0.0	2.0	1.0	1.0	1.0	2.0	1.0	1.0	2.0	0.0	1.0	0.0	8
ECG	5.4	1.0	1.0	1.0	2.0	1.0	2.0	0.5	1.0	1.0	1.0	1.5	0.5	1.0	2.0	1.0	0.5	0.5	1.0	17
INIO	5.0	0.0	1.0	1.0	1.0	1.0	2.0	1.0	0.5	1.0	1.5	2.0	0.0	0.0	1.0	1.0	1.0	1.0	2.0	15
RAL	5.8	1.0	1.0	1.0	2.0	0.0	1.5	2.0	1.0	1.0	1.5	1.0	1.0	0.5	1.5	2.0	1.0	0.5	1.5	16
FLEX	5.3	2.0	0.0	1.0	2.0	1.0	2.0	0.0	0.5	0.5	1.5	2.0	0.5	0.5	2.0	1.0	0.5	1.0	1.0	18
HEPS	5.0	1.0	1.0	1.0	1.0	0.5	2.0	1.0	0.0	2.0	0.5	1.0	2.0	1.0	1.0	1.0	0.0	1.0	1.0	10
CIBUS.ST	4.9	1.5	1.0	0.0	1.0	2.0	1.5	2.0	2.0	0.5	1.0	0.0	0.0	0.0	0.0	1.0	2.0	0.0	2.0	16
9501.T	5.3	1.5	1.0	1.0	1.0	1.0	1.0	0.0	0.0	1.0	0.5	1.0	2.0	1.5	2.0	1.0	0.5	2.0	1.0	13
AERT	6.4	1.0	1.0	1.0	1.0	1.0	2.0	1.0	1.5	2.0	1.0	1.0	1.0	2.0	2.0	1.0	1.0	1.5	1.0	13
LTRX	5.1	2.0	2.0	1.0	0.0	0.5	1.0	1.5	0.0	1.0	1.0	1.0	1.5	1.0	1.5	1.0	0.0	1.5	1.0	17
MTRO.L	4.3	0.0	1.0	1.0	1.0	1.0	1.0	0.0	1.0	1.0	0.5	0.0	0.0	1.0	2.0	1.0	0.0	2.0	2.0	14
GFRD.L	5.1	1.0	1.0	1.0	1.0	1.0	1.0	0.0	0.5	2.0	1.0	0.0	0.0	2.0	2.0	2.0	0.5	2.0	0.5	16
BEI.DE	6.0	0.0	1.0	1.0	1.0	1.0	0.5	2.0	1.5	1.0	1.5	0.5	1.5	1.5	2.0	2.0	1.0	1.5	1.0	16
SNFI	4.3	1.0	1.0	1.0	1.0	0.5	1.0	0.0	0.0	2.0	1.0	1.0	0.0	1.0	1.0	1.0	0.0	2.0	1.0	9
BEN.ASX	5.3	1.0	1.0	1.0	1.0	1.5	1.0	0.0	2.0	1.0	1.5	2.0	2.0	1.0	1.0	0.0	0.0	2.0	0.0	14
AED.BR	6.9	2.0	1.0	1.0	1.0	2.0	2.0	2.0	2.0	1.5	1.5	0.0	2.0	0.5	0.0	2.0	2.0	0.5	2.0	16
CNDA	3.3	0.0	1.0	1.0	1.0	0.5	1.0	0.0	0.0	0.5	1.0	1.0	1.0	1.0	1.0	1.0	0.0	0.0	1.0	8
HMY	8.3	2.0	1.0	1.0	1.0	2.0	2.0	1.5	2.0	2.0	0.5	1.5	1.5	2.0	2.0	2.0	2.0	2.0	2.0	16
8031.T	5.0	1.0	1.0	1.0	1.0	1.0	2.0	0.0	0.5	0.0	1.5	1.0	1.5	0.5	2.0	2.0	0.5	1.0	0.5	16
TSLX	6.7	1.5	2.0	1.0	1.5	2.0	0.0	2.0	2.0	2.0	1.5	2.0	1.5	1.0	1.0	0.0	0.0	1.0	2.0	17
SCR.PA	6.0	2.0	1.0	1.0	0.0	1.0	0.5	0.5	0.5	1.5	1.5	1.0	1.5	2.0	2.0	2.0	0.5	2.0	1.0	17
7011.T	6.0	1.0	1.0	1.0	0.0	1.0	0.5	1.0	1.0	2.0	1.5	2.0	1.0	1.0	1.5	2.0	1.0	1.5	1.5	17
ALEAC.PA	5.0	1.0	1.0	1.0	1.0	0.0	1.0	2.0	0.5	0.0	1.0	1.0	1.5	1.5	2.0	1.0	0.5	2.0	0.0	13
ALESE.PA	5.1	0.0	1.0	1.0	1.0	1.0	1.0	1.0	0.5	1.5	0.5	2.0	1.0	0.0	2.0	1.0	0.5	2.0	1.5	15
SDI.L	5.1	1.0	1.0	1.0	1.0	1.0	1.5	2.0	1.0	1.5	0.5	0.0	0.0	1.5	2.0	1.0	1.0	0.5	1.0	16
FIS.US	7.6	2.0	2.0	1.0	0.5	2.0	2.0	1.5	1.5	2.0	2.0	1.0	1.5	1.5	1.5	2.0	1.5	0.5	1.5	18
TER	6.2	2.0	0.0	1.0	2.0	2.0	2.0	2.0	2.0	0.5	1.5	2.0	0.0	0.0	0.5	2.0	1.5	0.0	1.5	18
IDT	6.0	1.5	1.0	1.0	1.5	1.0	1.0	1.5	1.0	0.5	0.5	1.5	1.0	1.5	2.0	2.0	0.5	1.5	1.0	17
OVZON.ST	6.9	1.0	1.0	1.5	0.0	2.0	2.0	2.0	1.5	2.0	0.5	1.5	1.5	1.5	1.5	1.0	2.0	0.5	2.0	17
NEXA	7.1	2.0	1.0	1.0	0.0	1.0	2.0	1.0	1.5	2.0	1.0	2.0	1.5	2.0	2.0	1.0	1.5	2.0	1.0	17
VLY	6.8	1.5	1.0	1.0	1.0	2.0	1.5	0.0	2.0	1.0	1.5	2.0	2.0	1.0	1.5	2.0	0.0	1.5	2.0	16
FORM	5.6	1.5	0.0	1.0	2.0	1.5	2.0	1.5	1.5	0.5	1.0	2.0	0.5	0.0	0.5	1.0	1.5	0.5	1.5	18
ATOM.US	3.3	1.0	1.0	1.0	1.0	0.5	1.0	0.0	0.0	0.0	0.5	1.0	1.0	1.0	0.0	1.0	0.0	2.0	0.0	14
2202.HK	4.7	2.0	1.0	1.0	1.0	0.0	0.0	0.0	0.0	2.0	1.0	1.0	2.0	1.0	1.5	1.0	0.0	2.0	0.5	15
MELI	6.1	2.0	2.0	1.0	0.5	1.0	2.0	1.5	0.5	0.5	2.0	2.0	0.0	0.5	1.5	1.0	1.0	1.0	2.0	18
SPNT	5.8	2.0	0.0	1.0	1.5	1.5	0.5	1.0	1.0	1.5	0.5	0.0	1.5	2.0	2.0	1.0	1.0	2.0	1.0	18
WFRD	6.5	1.5	1.0	1.0	0.0	1.0	0.5	1.0	1.0	2.0	1.5	2.0	1.0	2.0	2.0	2.0	1.0	1.5	1.5	18
ANDG	6.0	1.5	2.0	1.0	0.0	1.0	2.0	1.5	0.0	2.0	1.0	0.0	1.0	1.5	2.0	1.0	1.0	1.5	1.5	17
AVT.PA	3.8	0.5	1.0	1.0	1.0	0.0	0.5	0.5	0.0	0.0	1.0	1.0	1.0	2.0	1.0	1.0	0.0	2.0	0.0	13
SRI	5.6	2.0	1.0	1.0	2.0	0.0	1.5	0.5	0.0	2.0	1.0	1.0	1.5	0.5	2.0	1.0	0.5	2.0	0.5	15
NIOX.L	5.4	0.5	1.0	1.0	1.0	1.5	1.0	2.0	1.5	1.0	1.0	0.0	0.0	1.0	1.0	1.5	1.5	1.0	2.0	15
EAAS.L	5.1	2.0	1.0	1.0	1.0	0.5	2.0	1.0	0.0	2.0	0.5	0.0	1.0	2.0	2.0	1.0	0.5	1.0	0.0	15
RR.L	5.7	1.0	1.0	1.0	1.0	1.5	2.0	1.0	1.5	1.0	2.0	0.0	0.0	0.5	1.0	2.0	1.5	1.0	1.5	16
NVAX	3.6	1.5	0.0	1.0	0.0	0.0	0.0	0.0	0.0	2.0	1.0	1.0	1.0	1.0	1.5	1.0	0.0	2.0	0.0	16
WLY	6.0	0.0	1.0	1.0	1.0	1.5	0.5	2.0	0.5	2.0	0.5	2.0	1.0	1.5	1.5	2.0	1.5	0.5	1.5	16
ALCUR.PA	5.0	1.0	1.0	1.0	1.0	0.0	0.0	2.0	0.0	1.5	0.5	1.0	1.5	1.0	2.0	1.0	0.0	2.0	1.5	14
06881.HK	6.9	2.0	1.0	1.0	1.0	2.0	2.0	2.0	2.0	1.0	1.0	1.0	2.0	1.0	2.0	2.0	0.0	2.0	0.0	14
GPOR	6.8	2.0	2.0	1.0	0.0	2.0	0.0	2.0	2.0	1.0	1.5	1.0	1.5	2.0	1.5	1.0	2.0	0.0	2.0	18
AX	6.8	2.0	2.0	1.0	1.0	2.0	1.5	0.0	2.0	1.0	1.0	2.0	1.5	1.0	1.5	1.0	0.0	2.0	2.0	16
WB	7.5	2.0	1.0	1.0	0.0	1.5	1.0	2.0	2.0	1.0	1.5	1.5	2.0	2.0	2.0	2.0	1.5	2.0	1.0	16
BXMT	4.7	1.0	1.0	1.0	0.0	1.0	0.0	2.0	0.0	1.0	1.0	2.0	2.0	1.0	0.0	0.0	0.0	2.0	2.0	15
MAQ.ASX	5.1	2.0	1.0	1.0	1.0	1.0	1.0	1.5	1.0	0.0	1.0	0.0	1.5	1.0	1.5	1.0	1.5	0.0	1.5	16
CPNG	4.6	1.5	1.0	1.0	1.0	0.5	1.0	1.0	0.0	0.0	1.5	1.0	0.5	1.0	2.0	1.0	0.0	2.0	0.5	15
0968.HK	6.7	2.0	1.0	1.0	1.0	1.0	0.0	0.5	0.5	2.0	1.5	2.0	2.0	2.0	2.0	0.0	1.5	2.0	2.0	16
HSY	6.1	2.0	0.0	1.0	0.0	1.5	1.0	1.5	1.5	1.5	2.0	2.0	0.5	1.0	1.5	1.5	1.5	0.5	1.5	18
BX	6.2	1.5	2.0	1.5	0.0	2.0	2.0	2.0	2.0	1.0	2.0	2.0	0.0	1.0	1.0	0.0	0.0	0.5	2.0	16
CRAV.PA	6.1	2.0	1.0	1.0	1.0	2.0	1.5	0.0	2.0	1.0	1.0	1.0	2.0	1.0	1.5	2.0	0.0	2.0	0.0	12
IPR.LS	5.3	0.0	1.0	1.0	1.0	1.0	0.5	0.5	1.0	0.0	1.0	2.0	2.0	1.5	2.0	1.0	0.5	2.0	1.0	15
RBO.PA	6.0	1.0	1.0	1.0	1.0	1.0	0.5	2.0	0.5	2.0	0.5	2.0	1.5	1.5	2.0	0.0	0.5	2.0	1.5	16
RBBN	6.1	2.0	2.0	1.0	0.0	1.0	0.0	2.0	0.0	2.0	1.0	2.0	2.0	1.5	2.0	1.0	0.5	1.5	0.5	18
RDNW	4.2	1.0	1.0	1.0	1.0	0.5	0.5	1.0	0.5	0.0	0.5	1.0	1.0	1.0	2.0	1.0	0.5	1.5	0.0	13
GTLY.L	3.8	0.5	1.0	1.0	1.0	1.0	1.0	1.5	0.0	0.5	1.0	0.0	0.0	1.0	2.0	0.0	0.5	1.0	0.5	16
BVB.DE	5.0	0.5	1.0	1.0	1.0	0.5	0.0	2.0	0.0	0.0	0.5	1.0	1.5	2.0	2.0	2.0	1.5	0.5	1.0	15
BCPC	6.1	0.5	2.0	1.0	1.5	1.5	1.5	1.5	1.5	1.0	0.5	1.5	1.0	0.5	1.0	2.0	1.5	0.5	1.5	18
OHB.DE	4.9	1.5	1.0	1.0	1.0	1.0	1.0	1.5	0.0	0.0	1.0	2.0	1.0	0.0	1.5	2.0	0.5	1.5	0.0	16
HNRG	4.0	1.5	0.0	1.0	0.0	0.5	0.5	0.5	0.0	0.0	0.5	2.0	1.0	1.5	2.0	1.0	1.0	0.5	1.0	18
ANIK	5.1	1.0	1.0	1.0	2.0	0.5	1.5	2.0	1.0	0.5	0.5	1.0	1.5	0.0	1.5	1.0	0.5	1.5	0.5	17
EIN.DE	6.7	2.0	1.0	2.0	1.0	1.0	0.5	1.5	1.0	1.0	0.5	1.5	1.5	2.0	2.0	2.0	1.0	1.5	1.0	16
AVAV	4.2	1.0	2.0	1.0	0.0	0.0	1.0	1.0	0.0	0.0	1.5	1.0	1.5	0.0	1.5	1.0	1.0	1.0	0.5	17
ALICA.PA	6.0	1.0	1.0	1.0	1.0	0.5	1.0	1.0	0.5	2.0	0.5	2.0	1.5	1.5	2.0	2.0	0.5	2.0	0.5	15
EL.PA	6.5	1.0	1.0	1.0	1.0	1.0	1.0	2.0	1.5	1.0	2.0	2.0	1.5	1.5	1.5	1.5	1.0	0.5	1.5	16
NTST	6.8	0.0	2.0	1.0	2.0	1.0	2.0	2.0	2.0	1.5	1.5	2.0	1.5	1.0	0.5	0.0	2.0	0.5	2.0	18
200.HK	6.2	0.5	1.0	1.0	1.0	1.0	1.0	2.0	1.0	1.0	0.5	2.0	1.0	2.0	2.0	1.0	1.5	2.0	1.0	14
AJB.L	5.8	1.0	1.0	1.0	1.0	2.0	1.5	2.0	2.0	1.0	1.5	0.0	0.0	1.0	1.0	2.0	0.0	1.0	2.0	14
STB.L	5.6	2.0	1.0	1.0	1.0	1.5	1.0	0.0	2.0	1.0	0.5	0.0	0.0	1.0	2.0	2.0	0.0	2.0	2.0	14
NTGY.MC	6.1	0.0	1.0	1.0	0.0	1.5	1.5	1.5	1.5	1.5	1.5	1.0	1.5	1.5	1.5	1.0	1.5	1.5	1.5	17
AFRY.ST	5.7	1.5	1.0	1.0	0.0	1.0	0.5	0.5	0.5	2.0	1.0	2.0	2.0	1.5	2.0	1.0	0.5	1.5	1.0	17
CRBP2.PA	6.0	2.0	1.0	1.0	1.0	2.0	1.0	0.0	2.0	1.0	1.0	1.0	2.0	1.0	1.5	2.0	0.0	2.0	0.0	12
TCM.CO	6.0	2.0	1.0	1.0	1.0	1.0	1.0	1.0	0.5	2.0	0.5	2.0	1.5	1.5	2.0	1.5	0.5	0.5	1.0	16
PEG	6.4	0.5	2.0	1.0	1.5	1.5	0.5	1.0	1.5	0.5	1.5	1.5	1.5	1.5	1.5	1.5	2.0	0.0	2.0	18
AMLX	3.6	1.0	2.0	1.0	0.0	0.5	1.0	0.0	0.0	0.0	1.5	1.0	0.0	1.0	1.0	1.0	0.0	1.0	1.0	13
ORR.L	3.2	0.0	1.0	1.0	1.0	0.5	1.0	0.0	0.0	0.0	0.5	1.0	0.0	1.0	1.0	1.0	0.0	1.5	1.0	12
NECB	6.2	2.0	1.0	1.0	0.5	2.0	0.5	0.0	2.0	1.0	0.5	1.5	2.0	1.0	1.5	2.0	0.0	2.0	2.0	16
NVX.ASX	4.3	1.0	1.0	1.0	1.0	0.5	1.0	2.0	0.0	0.0	1.0	1.0	2.0	1.0	0.0	1.0	0.0	2.0	0.0	12
144.HK	6.9	0.0	1.0	1.0	1.0	2.0	1.5	1.5	2.0	1.0	1.0	1.5	2.0	1.0	1.0	2.0	2.0	1.5	2.0	16
9961.HK	5.6	1.0	1.0	1.0	0.0	2.0	1.0	2.0	0.0	1.0	1.5	0.0	1.5	1.5	1.5	1.0	1.0	2.0	1.0	15
OVV	7.6	0.5	2.0	1.0	0.0	1.0	2.0	2.0	2.0	1.5	2.0	2.0	1.5	2.0	1.5	2.0	2.0	0.5	2.0	18
BRBR	6.1	2.0	2.0	1.0	0.0	1.0	1.0	1.0	1.0	2.0	1.5	0.5	1.0	2.0	2.0	1.0	1.0	1.0	1.0	17
ALTRA.ST	6.9	1.0	1.0	1.0	1.0	2.0	1.0	2.0	2.0	1.5	1.0	2.0	2.0	1.0	0.5	1.5	2.0	0.5	2.0	16
LULU	6.8	1.5	2.0	1.0	0.0	1.5	0.5	2.0	1.0	2.0	2.0	0.0	1.5	2.0	2.0	1.0	1.5	1.5	1.5	18
00384.HK	5.3	1.5	1.0	1.0	1.0	1.0	0.0	0.5	0.5	0.0	1.5	1.5	2.0	1.5	2.0	0.0	1.0	2.0	1.0	16
2628.HK	7.8	2.0	1.0	1.0	1.0	2.0	2.0	2.0	2.0	2.0	1.5	0.0	1.5	1.0	1.0	2.0	2.0	2.0	2.0	16
AON	6.7	1.0	2.0	1.0	0.5	2.0	1.0	1.5	1.5	1.5	1.5	1.5	0.5	1.5	1.5	2.0	1.5	0.5	1.5	18
ALLO	4.2	1.0	2.0	1.0	2.0	0.5	1.0	0.0	0.0	0.0	1.0	1.0	1.5	1.0	0.0	1.0	0.0	2.0	0.0	15
IRTC	5.0	1.0	2.0	1.0	0.0	0.5	2.0	2.0	0.5	1.0	1.5	1.0	0.0	0.0	1.5	1.0	0.5	1.5	1.0	16
MARA	4.2	2.0	2.0	1.0	0.0	0.5	0.0	1.5	0.0	0.0	1.5	1.0	1.5	1.0	1.0	1.0	0.0	1.0	0.0	17
8331.T	5.4	0.0	1.0	1.0	0.5	2.0	2.0	0.0	2.0	1.0	1.0	0.0	1.5	1.0	1.5	2.0	0.0	2.0	1.0	14
SSH1V.HE	3.8	1.0	1.0	1.0	0.0	0.0	1.0	2.0	0.0	1.0	0.5	1.0	0.0	1.0	1.0	1.0	0.0	1.0	1.0	15
BANF	6.1	1.0	1.0	1.0	1.5	2.0	1.0	0.0	2.0	1.0	0.5	1.5	1.5	1.0	1.0	2.0	0.0	2.0	2.0	15
AML.L	4.7	1.0	1.0	1.0	0.0	0.0	2.0	1.0	0.0	0.0	1.5	1.0	0.0	1.5	2.0	1.0	1.0	2.0	1.0	15
LAR	4.3	2.0	2.0	1.0	0.0	0.5	1.0	0.0	0.0	0.0	1.0	1.0	1.5	1.0	1.0	1.0	0.0	1.5	1.0	14
1810.HK	4.3	0.5	1.0	1.0	0.0	1.0	0.5	1.0	0.5	0.0	2.0	0.5	1.5	0.5	2.0	1.0	0.5	1.5	0.5	17
ALFUM.PA	4.2	1.0	1.0	1.0	1.0	0.5	2.0	1.0	0.5	0.0	0.5	1.0	0.5	0.0	2.0	1.0	0.5	1.0	0.5	14
IBCP	6.8	1.5	2.0	1.0	1.5	2.0	1.5	0.0	2.0	1.0	1.0	1.5	1.5	1.0	1.5	2.0	0.0	2.0	1.5	16
ALGIR.PA	4.7	1.0	1.0	1.0	1.0	0.5	0.5	1.0	0.0	0.0	1.0	1.0	2.0	2.0	2.0	0.0	0.5	2.0	0.5	13
AXB.L	6.0	2.0	1.0	1.5	1.0	2.0	1.5	0.0	2.0	1.0	0.5	1.0	1.5	1.0	1.5	1.0	0.0	2.0	1.0	12
WEC	6.1	1.0	1.0	1.0	2.0	1.5	1.0	1.5	1.5	0.0	1.5	1.5	1.0	1.0	1.0	1.5	2.0	0.0	2.0	17
POLN.L	5.8	1.5	1.0	1.0	1.0	2.0	0.0	2.0	2.0	1.5	0.5	0.0	0.0	1.5	1.0	1.5	2.0	0.5	2.0	16
GNFT.PA	4.2	1.0	1.0	0.0	1.0	0.0	2.0	2.0	0.0	0.0	1.0	1.0	1.0	1.0	1.0	1.0	0.0	2.0	0.0	13
TAH.ASX	6.4	2.0	1.0	1.0	1.0	1.0	1.0	2.0	0.5	1.5	1.5	2.0	1.5	1.5	2.0	0.0	1.0	1.5	1.0	16
JD.L	6.0	2.0	1.0	1.0	1.0	1.0	0.5	1.5	0.5	2.0	1.5	0.0	0.0	2.0	2.0	2.0	1.0	1.5	1.0	16
FARN.L	3.6	1.0	1.0	1.0	1.0	0.5	1.0	0.0	0.0	0.0	0.5	1.0	0.0	1.0	1.0	1.0	0.0	2.0	1.0	11
MTN	5.6	0.5	2.0	0.5	0.5	1.0	0.5	1.5	2.0	1.0	1.5	2.0	0.5	1.5	1.5	0.0	1.5	1.0	1.0	18
3402.T	6.2	1.5	1.0	1.0	0.0	1.0	1.5	1.0	0.5	1.0	1.5	2.0	2.0	1.5	2.0	2.0	0.5	1.5	1.0	16
GMRS	6.0	1.0	1.0	1.0	0.5	1.0	1.0	1.5	0.5	1.0	1.0	1.0	2.0	2.0	2.0	1.0	1.0	2.0	1.0	14
MBUU	6.5	2.0	2.0	1.0	0.0	1.0	2.0	0.5	0.5	2.0	1.0	2.0	2.0	1.5	2.0	1.0	0.5	1.5	1.0	18
LOVE	6.4	2.0	1.0	1.0	1.0	1.0	1.0	2.0	0.0	2.0	1.0	2.0	1.5	1.0	2.0	1.0	0.5	2.0	1.0	17
NORION.ST	5.6	1.5	1.0	1.0	1.0	2.0	1.0	0.0	2.0	1.0	0.5	2.0	1.5	1.0	1.5	1.0	0.0	2.0	0.0	14
GEN.L	5.4	1.0	1.0	1.0	1.0	1.0	1.0	1.5	1.0	2.0	1.5	0.0	0.0	1.5	2.0	1.0	1.0	0.5	1.5	16
WPM	5.8	2.0	0.0	1.0	0.0	2.0	2.0	2.0	2.0	0.0	1.5	1.5	0.5	0.5	0.0	2.0	2.0	0.0	2.0	18
STWD	5.4	1.0	2.0	1.0	0.0	2.0	1.5	2.0	0.0	1.0	1.0	2.0	2.0	1.0	0.0	0.0	0.0	1.0	2.0	16
TARS	4.7	1.0	1.0	1.0	0.0	0.5	2.0	2.0	0.0	0.5	1.5	1.0	0.5	1.0	1.5	1.0	0.0	1.5	1.0	16
AMAL	6.5	1.5	1.0	1.0	1.5	2.0	2.0	0.0	2.0	1.0	0.5	1.5	1.5	1.0	1.5	2.0	0.0	1.5	2.0	16
AAOI	3.6	2.0	0.0	1.0	0.0	0.5	2.0	1.0	0.0	0.0	1.0	1.0	1.0	1.0	0.5	1.0	0.0	1.0	0.0	17
ALLY	6.5	2.0	0.0	1.0	0.5	1.5	1.5	0.0	2.0	1.0	1.5	2.0	2.0	1.0	1.5	2.0	0.0	2.0	2.0	16
OSW	5.1	0.5	1.0	1.0	0.5	1.0	1.0	0.5	1.0	1.0	1.0	2.0	1.0	1.0	1.5	2.0	1.0	0.5	1.0	18
AJMANBANK.AE	5.8	2.0	1.0	1.0	1.0	2.0	1.5	0.0	2.0	1.0	0.5	1.0	1.5	1.0	1.5	2.0	0.0	2.0	0.0	13
TPR	6.9	1.0	1.0	1.0	2.0	1.5	1.0	2.0	1.5	1.5	2.0	1.5	0.0	1.5	1.5	2.0	1.5	1.0	1.5	18
BRKR	5.1	1.0	2.0	1.0	0.0	0.5	1.0	1.5	1.0	0.5	1.5	1.0	1.0	0.5	1.5	2.0	1.0	0.5	1.0	17
IES.L	3.1	1.0	1.0	1.0	1.0	0.0	2.0	0.0	0.0	0.0	0.5	1.0	0.0	1.0	0.5	1.0	0.0	1.0	0.0	14
HEI.A	5.3	1.0	2.0	1.0	1.0	1.0	1.0	1.0	1.0	1.0	1.0	1.0	1.0	1.0	1.0	1.0	1.0	1.0	1.0	1
EME	5.7	2.0	0.0	1.0	2.0	1.0	1.5	0.5	1.0	1.0	1.0	1.5	0.5	1.0	2.0	2.0	1.0	0.5	1.0	18
CCL	7.8	2.0	2.0	1.0	1.0	1.5	1.0	2.0	1.0	1.5	2.0	1.5	1.5	2.0	2.0	2.0	1.5	1.0	1.5	18
KWR	6.9	1.0	2.0	1.0	2.0	1.0	1.5	1.5	1.0	1.0	1.0	2.0	1.5	1.5	2.0	2.0	1.0	1.0	1.0	18
CY1K.DE	5.1	0.0	1.0	1.0	1.0	1.0	0.0	2.0	0.5	1.0	0.5	2.0	2.0	0.5	2.0	1.0	0.5	1.5	1.0	14
MPL.ASX	6.1	1.0	1.0	1.0	1.0	1.0	1.5	1.0	1.0	1.0	1.0	1.5	1.0	1.5	2.0	1.5	1.0	2.0	1.0	16
JBH.ASX	5.4	1.0	1.0	1.0	1.0	1.0	1.0	1.0	0.5	1.5	1.5	1.0	1.0	1.5	2.0	1.5	0.5	0.5	1.0	16
MATAS.CO	6.0	1.0	1.0	1.0	1.0	1.0	1.0	1.5	0.5	1.5	0.5	2.0	2.0	1.5	2.0	2.0	0.5	0.5	1.0	16
HLNE	7.6	1.5	1.0	1.0	2.0	2.0	2.0	2.0	2.0	1.0	1.0	1.5	1.0	1.5	1.0	2.0	2.0	1.0	2.0	18
ARF.ASX	7.1	2.0	1.0	1.0	1.0	2.0	1.0	2.0	2.0	2.0	1.5	0.0	2.0	1.0	0.5	2.0	2.0	0.5	2.0	16
DPZ	6.2	1.5	0.0	1.0	1.0	1.5	1.0	1.0	1.5	1.5	2.0	1.5	1.0	1.0	1.5	2.0	1.5	0.5	1.5	17
LVS	7.2	2.0	2.0	1.0	0.0	1.5	0.5	2.0	1.5	2.0	1.5	2.0	0.0	1.5	1.5	2.0	1.5	1.5	2.0	18
BCE	7.1	2.0	1.0	1.0	1.5	2.0	1.0	1.5	1.5	2.0	0.5	0.0	1.5	2.0	1.5	2.0	2.0	0.5	2.0	17
FET.US	5.3	1.0	1.0	1.0	2.0	0.5	1.5	1.0	1.0	1.5	0.5	1.0	1.0	1.0	2.0	1.0	0.5	0.5	1.0	16
CAL	5.8	2.0	1.0	1.0	0.5	1.0	1.0	1.5	0.5	0.0	0.5	2.0	2.0	1.5	2.0	2.0	0.5	1.5	0.5	18
GSIT	4.2	1.0	1.0	1.0	1.0	0.0	1.0	2.0	0.0	0.0	0.5	1.0	1.5	1.0	1.0	1.0	0.0	2.0	0.0	14
FTAI	4.6	0.5	0.0	1.0	0.0	1.5	2.0	1.0	1.5	0.0	1.5	2.0	0.0	0.5	1.0	2.0	1.5	0.5	0.0	18
ENC.MC	4.7	1.0	1.0	1.0	1.0	0.5	1.0	1.5	0.5	0.0	1.0	1.0	1.5	0.0	2.0	1.0	0.5	2.0	0.5	15
CTD.ASX	5.8	1.0	1.0	1.0	1.0	1.0	1.0	1.5	0.5	0.0	1.0	2.0	2.0	2.0	2.0	1.0	0.5	2.0	0.5	16
SPRB	4.4	1.0	1.0	1.0	2.0	0.5	1.0	0.0	0.0	0.0	1.0	1.0	1.5	1.0	1.0	1.0	0.0	2.0	1.0	12
MMSI	6.4	1.0	2.0	1.0	1.5	1.0	1.0	1.5	1.0	1.0	1.5	2.0	1.0	1.0	1.5	1.0	1.5	1.0	1.5	18
KRMN	5.0	0.0	2.0	1.0	1.0	1.0	2.0	1.5	1.5	0.0	1.5	2.0	0.0	0.0	1.0	1.0	1.5	0.5	0.5	18
AM.PA	6.9	1.5	1.0	1.0	1.0	1.5	2.0	1.0	0.5	1.0	1.5	2.0	1.0	1.5	2.0	2.0	1.0	2.0	1.5	16
COH.ASX	5.6	0.5	1.0	1.0	1.0	1.0	1.0	2.0	1.0	1.0	1.5	2.0	1.0	1.0	1.5	0.0	1.5	0.5	1.5	16
CHYM	5.8	2.0	0.0	1.0	2.0	0.5	2.0	2.0	1.5	1.0	2.0	0.0	0.5	0.5	1.5	1.0	1.0	1.5	1.0	18
WCH.DE	5.6	0.0	1.0	1.0	1.0	0.5	1.0	0.5	0.5	2.0	1.5	1.0	1.5	1.5	2.0	1.0	1.0	2.0	1.0	15
ITP.PA	5.7	0.5	1.0	1.0	1.0	1.5	0.5	2.0	1.5	1.0	1.0	1.5	1.0	1.0	1.5	1.5	1.0	0.5	1.5	16
ODET.PA	4.7	0.5	1.0	1.0	1.0	1.0	1.0	0.0	0.5	1.0	1.0	1.0	2.0	1.0	1.0	2.0	0.0	1.0	1.0	9
PNI.ASX	6.5	2.0	1.0	1.0	1.0	2.0	2.0	1.5	2.0	0.5	1.0	2.0	1.5	0.0	0.0	1.5	1.5	1.0	2.0	16
PGHN.ZU	6.1	1.0	1.0	1.0	1.0	2.0	0.5	2.0	2.0	2.0	1.5	1.0	0.0	1.5	1.0	0.0	2.0	0.5	2.0	16
NCYT.L	5.0	1.0	1.0	1.0	1.0	0.0	1.0	2.0	0.0	2.0	0.5	1.0	0.0	1.5	2.0	1.0	1.0	2.0	0.0	14
1966.HK	4.3	1.0	1.0	1.0	1.0	0.0	0.0	0.5	0.0	1.0	1.0	1.0	1.0	0.5	2.0	1.0	0.5	2.0	1.0	10
AVO	4.0	0.0	0.0	1.0	0.0	1.0	2.0	0.5	0.5	0.0	0.5	2.0	1.5	1.0	2.0	1.0	0.5	0.5	0.5	18
KBR	5.6	2.0	0.0	1.0	0.5	1.0	1.0	0.5	0.5	1.5	1.0	1.5	1.5	1.5	2.0	2.0	0.5	1.0	1.0	18
LECO	6.1	1.0	0.0	1.0	1.5	1.5	1.5	1.5	1.5	1.0	1.5	2.0	0.5	1.0	1.5	2.0	1.0	0.5	1.5	18
KINVB.ST	4.7	0.0	1.0	1.0	1.0	0.5	2.0	0.0	2.0	0.0	1.0	1.0	2.0	1.0	1.0	1.0	0.0	2.0	0.5	14
AIA.ASX	5.7	0.0	1.0	1.0	1.0	2.0	1.0	2.0	2.0	0.0	0.5	2.0	1.5	0.5	0.5	1.5	2.0	0.0	2.0	16
ALTME.PA	4.6	1.0	1.0	1.0	1.0	0.5	1.0	0.0	2.0	0.0	1.0	1.0	1.0	1.0	1.0	1.0	0.0	2.0	1.0	9
ALAGR.PA	6.1	2.0	1.0	1.0	1.0	2.0	2.0	2.0	0.5	0.0	1.0	1.0	2.0	2.0	1.5	1.0	2.0	0.0	0.0	14
TDOC	5.4	1.0	1.0	1.0	0.0	0.5	0.5	2.0	0.0	2.0	1.5	1.0	2.0	0.5	2.0	1.0	0.5	2.0	1.0	16
INVA	6.8	0.5	1.0	1.0	0.0	2.0	1.5	2.0	2.0	1.5	1.0	0.0	1.5	2.0	1.5	1.0	2.0	2.0	2.0	18
GXI.DE	6.0	1.5	1.0	1.0	1.0	0.0	2.0	1.0	0.5	0.0	1.5	1.0	2.0	1.5	2.0	2.0	1.0	1.5	1.0	15
RGC	3.8	1.0	1.0	1.0	1.0	0.5	1.0	0.0	0.0	1.0	1.0	1.0	0.0	1.0	1.0	1.0	0.0	1.0	1.0	8
BETR	4.6	1.0	1.0	1.0	0.0	0.0	2.0	2.0	0.0	1.0	1.0	1.0	1.0	1.0	1.5	1.0	0.0	2.0	0.0	13
SWK	6.4	1.5	2.0	1.0	0.5	1.0	1.0	1.0	1.0	2.0	1.5	2.0	1.5	1.5	2.0	1.0	1.0	0.5	1.0	18
TNIE.DE	4.3	1.0	1.0	1.0	1.0	0.5	2.0	2.0	0.0	0.0	1.0	1.0	1.0	0.0	2.0	1.0	0.5	0.5	0.0	14
6701.T	6.2	2.0	1.0	1.0	0.0	1.0	1.5	1.0	0.5	1.0	1.5	2.0	1.5	1.5	2.0	2.0	1.0	1.0	1.0	17
HLX	6.9	0.0	1.0	1.5	0.0	2.0	2.0	2.0	1.5	1.0	0.5	2.0	2.0	2.0	2.0	1.0	2.0	1.0	1.5	16
TEL.OL	6.2	0.5	1.0	1.0	0.5	1.5	0.5	2.0	1.5	1.5	2.0	0.0	1.5	1.5	1.5	1.0	1.5	1.5	2.0	17
TU	5.4	0.0	2.0	1.0	0.0	0.5	0.5	1.5	1.5	2.0	0.5	1.0	1.5	1.5	1.5	0.0	1.5	1.5	1.5	17
TRI.PA	7.1	2.0	1.0	1.0	1.0	1.0	1.0	1.0	1.0	2.0	1.0	1.5	1.5	2.0	2.0	2.0	1.0	2.0	1.5	16
WY	5.0	1.0	2.0	1.0	2.0	1.0	0.5	0.5	1.0	0.5	1.5	1.0	1.5	0.5	1.5	0.0	1.0	0.5	1.0	18
2M6.DE	6.9	1.0	2.0	1.0	1.0	1.5	1.5	2.0	1.5	1.5	1.0	1.0	1.5	1.5	1.5	1.5	1.5	1.0	1.5	15
GILT	5.1	0.0	0.0	1.0	0.0	1.0	1.5	1.0	1.0	1.0	0.5	2.0	1.5	1.5	2.0	1.0	1.0	2.0	0.5	18
MTC.L	4.2	1.0	1.0	1.0	1.0	0.0	0.0	1.5	0.0	0.0	1.0	1.0	1.0	1.0	2.0	1.0	0.0	2.0	0.5	12
STVG.L	3.6	1.0	1.0	1.0	1.0	0.0	0.0	0.5	0.0	0.0	0.5	1.0	1.0	1.0	2.0	1.0	0.0	2.0	0.0	13
CVCO	4.9	0.0	1.0	1.0	0.0	1.0	1.0	1.0	1.0	1.0	0.5	2.0	1.0	1.0	2.0	1.0	1.0	1.0	1.0	18
SNGX	4.3	1.0	1.0	1.0	1.0	0.5	1.0	0.0	0.0	0.0	0.5	1.0	1.5	2.0	1.0	1.0	0.0	2.0	1.0	12
1698.HK	7.2	1.0	1.0	1.0	0.0	2.0	1.0	1.5	2.0	1.5	1.5	1.5	1.5	1.5	1.5	2.0	1.5	2.0	2.0	17
USPH	4.7	0.5	1.0	1.0	0.0	1.0	1.0	1.0	1.0	1.0	1.0	2.0	1.5	1.0	1.5	0.0	1.0	0.5	1.0	18
EVT.ASX	5.3	0.0	1.0	1.0	1.0	1.0	1.0	2.0	1.0	1.0	1.0	2.0	1.5	1.0	1.5	0.0	1.0	0.5	1.5	16
MFIC	5.6	0.5	1.0	1.0	2.0	0.5	0.0	2.0	2.0	2.0	1.0	1.0	2.0	1.0	1.0	0.0	0.0	1.0	2.0	16
AEP	5.8	1.0	0.0	1.0	0.5	1.5	1.0	1.5	1.5	0.0	2.0	1.5	1.5	1.5	1.0	1.5	2.0	0.0	2.0	18
MCRI	7.1	1.5	1.0	1.0	0.0	2.0	1.0	2.0	2.0	1.5	1.0	1.5	1.0	1.5	1.5	2.0	2.0	1.0	2.0	18
SOLB.BR	6.1	2.0	1.0	1.0	0.5	1.0	0.5	1.0	0.5	2.0	1.5	2.0	1.5	2.0	2.0	0.0	1.0	1.5	1.0	17
ELMT	4.6	1.0	1.0	1.0	2.0	0.5	2.0	1.0	0.0	1.0	0.5	1.0	1.0	0.0	1.5	1.0	0.5	1.5	0.0	14
ERF.PA	6.5	2.0	1.0	1.0	1.0	1.0	1.0	1.0	1.5	1.0	1.5	2.0	1.0	1.5	1.5	2.0	1.5	0.5	1.5	16
MSM	5.7	1.0	0.0	1.0	2.0	1.0	1.0	1.5	1.0	1.0	1.0	2.0	1.0	1.0	2.0	1.0	1.0	1.0	1.0	16
CHN.ASX	3.6	0.0	1.0	1.0	1.0	0.5	0.0	0.0	0.0	0.0	1.0	1.0	1.0	1.0	1.0	1.0	0.0	1.5	2.0	15
VALT.L	6.8	2.0	1.0	1.0	1.0	2.0	2.0	1.0	2.0	2.0	0.5	0.0	0.0	1.0	1.0	2.0	2.0	2.0	2.0	16
1876.HK	4.9	2.0	1.0	1.0	0.0	1.0	1.0	2.0	1.5	0.5	2.0	0.0	1.5	0.0	0.5	0.0	1.5	0.5	1.5	17
THULE.ST	6.2	1.0	1.0	1.0	1.5	1.5	1.0	1.5	1.5	1.0	1.0	1.5	1.5	1.5	1.5	1.5	1.0	0.5	1.5	17
LW	6.4	2.0	2.0	1.0	0.5	1.0	1.0	1.0	1.0	1.5	1.5	2.0	1.0	1.5	2.0	1.5	1.0	0.5	1.0	18
BJ	4.9	1.0	0.0	1.0	1.0	1.0	1.5	0.5	0.5	1.0	2.0	1.5	1.0	1.5	2.0	1.0	0.5	0.0	0.5	18
HWKN	4.4	0.5	0.0	1.0	0.0	1.0	1.0	1.0	1.0	1.0	0.5	2.0	0.5	1.0	1.5	2.0	1.0	0.0	1.0	18
GSL	7.5	2.0	0.0	1.0	0.5	2.0	1.0	2.0	2.0	2.0	0.5	0.5	2.0	2.0	1.5	2.0	2.0	2.0	2.0	18
BN.PA	7.1	1.5	1.0	1.0	1.0	1.0	1.0	2.0	1.0	1.5	2.0	2.0	1.5	1.5	2.0	1.5	1.0	2.0	1.0	16
RTC.DE	4.0	0.5	1.0	1.0	1.0	0.5	0.5	1.0	0.0	1.0	0.5	1.0	2.0	0.0	1.0	1.0	0.0	2.0	0.5	15
SZU.DE	4.7	0.0	1.0	1.0	1.0	0.5	0.5	1.0	0.5	2.0	1.0	1.0	1.5	1.5	2.0	0.0	0.5	1.0	1.0	15
VPG	4.3	1.0	0.0	1.0	0.0	1.0	1.5	1.5	0.5	0.5	0.5	2.0	1.5	0.0	1.5	1.0	0.5	1.0	0.5	18
BABA	6.7	2.0	0.0	1.0	2.0	1.0	1.0	1.5	0.5	0.0	2.0	2.0	1.5	2.0	2.0	2.0	0.5	2.0	1.0	18
EPD	6.8	1.5	2.0	1.0	2.0	1.5	2.0	0.5	1.0	0.5	2.0	1.5	1.5	1.5	2.0	1.5	1.0	0.0	1.5	18
BTDR	4.6	1.0	1.0	1.0	0.0	0.0	2.0	0.0	0.0	0.5	1.5	1.0	1.5	1.5	1.0	1.0	2.0	1.5	0.0	16
TZOO	4.9	1.5	1.0	1.0	0.0	1.0	0.5	2.0	0.0	1.5	0.5	2.0	1.0	0.0	2.0	1.0	0.5	1.5	0.5	16
TWST	3.3	1.0	0.0	1.0	1.0	0.0	2.0	2.0	0.0	0.0	1.5	1.0	0.0	1.0	0.0	1.0	0.0	0.5	0.0	15
TLX.DE	6.2	0.5	1.0	1.0	1.0	1.0	0.0	0.5	1.0	2.0	1.0	1.5	1.5	2.0	2.0	2.0	1.0	2.0	1.5	16
BKV	6.7	2.0	1.0	1.0	0.0	2.0	1.5	2.0	2.0	0.0	1.5	0.0	1.5	2.0	1.5	1.0	2.0	1.0	2.0	18
ORN	3.9	0.0	1.0	1.0	0.0	1.0	1.0	0.5	0.0	0.0	1.0	2.0	1.5	1.0	2.0	1.0	0.5	0.0	0.5	18
KWG.DE	6.5	2.0	1.0	1.0	1.0	1.0	2.0	1.0	0.5	2.0	1.0	1.0	2.0	2.0	2.0	1.0	0.5	2.0	0.5	14
AMCI	3.8	1.0	1.0	1.0	1.0	0.5	0.0	2.0	0.0	1.0	1.0	1.0	0.5	1.0	0.5	1.0	0.0	1.0	0.0	11
EGO	6.7	0.0	2.0	1.0	0.0	2.0	1.0	2.0	2.0	0.0	1.0	2.0	1.5	1.5	1.0	2.0	2.0	1.0	2.0	18
1803.T	5.3	0.5	1.0	1.0	1.0	1.0	1.0	0.5	0.5	1.0	1.0	0.0	1.5	1.5	2.0	2.0	0.5	2.0	1.0	14
ARHS	5.7	1.0	2.0	1.0	0.0	1.0	1.0	1.5	0.5	1.5	1.5	1.5	1.0	1.0	2.0	1.0	0.5	1.5	1.0	18
SOF.BR	5.8	0.5	1.0	1.0	1.0	2.0	1.0	2.0	2.0	1.5	0.5	1.0	2.0	1.0	1.0	2.0	0.0	1.5	0.0	13
SHEL	7.6	1.0	2.0	1.0	2.0	1.0	2.0	1.0	1.5	1.5	1.5	1.5	1.5	2.0	2.0	2.0	1.0	1.5	1.5	18
ALU.ASX	3.9	1.0	1.0	1.0	1.0	0.5	1.0	0.0	0.0	1.0	0.5	1.0	1.0	1.0	1.0	1.0	0.0	1.0	1.0	6
MOD	4.7	2.0	0.0	1.0	0.0	1.0	2.0	1.0	1.0	0.0	1.0	2.0	0.5	0.5	1.5	1.0	1.0	0.5	1.0	18
OCUL	3.3	1.0	0.0	0.0	2.0	0.5	1.0	0.0	0.0	0.0	1.5	1.0	1.0	1.0	0.0	1.0	0.0	2.0	0.0	16
DOCS.L	5.8	2.0	1.0	1.0	1.0	1.0	0.5	2.0	1.5	2.0	1.0	0.0	0.0	1.5	2.0	0.0	1.0	2.0	1.5	16
CFC.DE	3.9	1.0	1.0	1.0	1.0	0.0	0.0	0.0	0.0	2.0	1.0	1.0	0.0	1.0	2.0	1.0	0.0	1.0	1.0	13
ENIC	6.7	1.5	2.0	1.0	1.0	1.5	0.0	1.5	1.0	1.5	0.5	2.0	1.5	1.5	1.5	2.0	1.5	0.5	2.0	17
IE	4.2	1.0	2.0	1.0	2.0	0.5	0.0	2.0	0.0	0.0	1.0	1.0	1.0	1.0	0.0	1.0	0.0	1.5	0.0	16
ENB	4.6	0.0	0.0	1.0	0.5	1.0	2.0	1.0	1.0	0.0	0.5	2.0	1.5	1.5	1.5	0.0	1.5	0.5	1.0	18
PRCH	5.4	1.0	2.0	1.0	2.0	0.5	1.5	2.0	0.0	0.0	1.0	1.0	1.0	0.0	1.5	1.0	1.0	1.5	1.5	15
IZM	5.1	2.0	1.0	1.0	1.0	1.0	1.0	0.0	0.5	0.0	1.0	1.0	2.0	1.0	2.0	1.0	0.5	2.0	0.5	14
0728.HK	6.7	0.5	1.0	1.0	1.0	1.0	0.5	1.0	1.0	2.0	1.5	1.0	2.0	2.0	2.0	1.0	1.5	2.0	2.0	16
ALD.ASX	5.0	0.5	1.0	1.0	1.0	1.0	2.0	0.5	1.0	0.0	1.0	0.0	1.5	2.0	2.0	2.0	0.5	0.5	0.5	16
F	5.0	0.0	2.0	1.0	2.0	0.5	0.5	0.0	0.5	0.0	1.5	1.0	1.5	0.5	2.0	1.5	0.5	2.0	1.0	17
ORI.ASX	5.4	1.0	1.0	1.0	0.5	1.0	0.5	1.5	0.5	1.0	1.5	2.0	1.5	1.5	2.0	0.0	1.0	1.0	1.0	15
NEM.DE	6.4	1.5	1.0	1.0	0.0	1.5	1.5	2.0	1.5	1.0	1.5	2.0	0.5	0.5	1.0	2.0	1.5	1.0	2.0	17
TYRA	4.3	1.0	2.0	1.0	0.5	0.5	1.0	0.0	0.0	0.0	1.5	1.0	1.0	1.0	1.0	1.0	0.0	2.0	1.0	13
DLTR	5.7	1.5	2.0	1.0	0.0	1.0	1.0	1.5	0.5	1.0	2.0	1.0	0.5	1.5	2.0	1.0	1.0	0.5	1.5	18
4452.T	6.7	0.5	1.0	1.0	2.0	1.0	1.0	1.5	1.0	1.0	1.5	2.0	1.5	1.5	2.0	2.0	1.0	1.5	1.0	17
CAML.L	6.5	1.0	1.0	1.0	1.0	0.0	2.0	2.0	2.0	2.0	0.5	1.0	0.0	2.0	2.0	0.0	2.0	2.0	2.0	14
6302.T	5.4	0.5	1.0	1.0	1.0	1.0	1.5	1.0	1.0	0.0	0.5	1.0	1.5	2.0	2.0	2.0	0.5	1.5	0.5	16
GOOG.EUR	6.8	1.5	2.0	1.0	1.0	2.0	2.0	2.0	2.0	0.5	1.5	0.0	0.5	0.5	1.0	2.0	2.0	1.0	2.0	18
SVT.L	5.0	0.5	1.0	1.0	1.0	1.5	1.5	1.0	2.0	0.0	1.5	0.0	0.0	1.0	1.0	0.0	2.0	1.0	2.0	16
B7E.DE	6.5	1.0	1.0	1.0	1.0	1.5	1.0	1.5	0.5	2.0	0.5	1.0	2.0	2.0	2.0	2.0	0.5	2.0	1.0	13
WSU.DE	5.4	1.5	1.0	1.0	1.0	1.0	1.5	1.0	1.0	1.5	0.5	2.0	0.5	1.5	2.0	0.0	1.0	0.5	1.0	16
LOOMIS.ST	6.2	1.0	1.0	1.0	2.0	1.0	1.0	1.0	1.0	0.0	0.5	2.0	1.0	1.5	2.0	2.0	1.0	2.0	1.5	17
GBF.DE	5.6	0.5	1.0	1.0	0.0	1.0	1.0	0.5	0.5	1.5	1.0	1.5	1.5	2.0	2.0	2.0	0.5	1.5	1.0	17
SMIN.L	5.8	1.5	1.0	1.0	1.0	2.0	1.0	1.5	1.0	2.0	1.5	0.0	0.0	1.0	1.5	1.0	1.0	2.0	1.0	15
BRCC	5.4	1.0	2.0	1.0	1.0	0.5	1.5	1.0	0.5	2.0	0.5	1.0	1.5	1.0	2.0	1.0	0.5	1.0	0.5	15
CDP	6.8	1.5	1.0	1.0	2.0	2.0	1.0	2.0	2.0	1.5	1.0	1.0	1.5	1.0	1.0	1.0	2.0	0.0	2.0	18
SMG.ZU	6.9	0.5	1.0	1.0	1.0	2.0	1.5	2.0	2.0	1.0	1.5	2.0	1.0	1.0	1.0	2.0	2.0	0.5	2.0	16
6861.T	6.4	1.0	1.0	1.0	2.0	2.0	2.0	2.0	2.0	1.0	1.5	1.0	1.0	1.0	0.5	2.0	0.0	1.0	1.0	14
TMO	6.7	1.0	2.0	1.0	1.0	1.5	1.5	1.5	1.5	1.0	2.0	2.0	1.0	0.5	1.0	2.0	1.5	0.5	1.5	18
BOL.PA	4.4	0.0	1.0	1.0	1.0	1.0	1.0	0.0	0.5	1.0	0.5	2.0	2.0	1.0	1.0	1.0	0.0	1.0	1.0	11
TREE.US	6.0	0.5	1.0	1.0	0.0	1.5	2.0	2.0	0.5	2.0	1.0	0.0	1.5	2.0	2.0	1.0	0.5	2.0	1.0	18
AD8.ASX	4.7	1.0	1.0	1.0	1.0	0.0	1.0	2.0	0.0	0.0	1.0	1.0	1.5	1.0	2.0	1.0	0.0	2.0	0.5	14
FCC.MC	6.0	0.0	1.0	1.0	1.0	1.0	1.5	2.0	0.5	1.0	1.0	2.0	1.5	2.0	2.0	1.0	1.0	1.0	1.0	14
ZBRA	6.9	2.0	2.0	1.0	2.0	1.0	2.0	1.5	1.5	1.0	1.5	2.0	1.0	1.0	1.5	1.0	1.5	0.0	1.5	18
LRN	7.1	2.0	2.0	1.0	0.0	1.5	0.5	1.5	1.5	1.5	0.5	2.0	1.5	2.0	2.0	1.0	1.5	2.0	1.5	18
HVN.ASX	6.1	0.5	1.0	1.0	1.0	1.5	0.5	1.0	1.5	2.0	1.5	0.5	1.5	1.5	1.5	1.5	1.5	1.0	1.5	16
GNE	6.0	1.5	1.0	1.0	2.0	1.0	0.5	1.0	0.5	1.5	0.5	1.0	1.5	1.5	2.0	2.0	0.5	2.0	0.5	17
MKTX	6.5	1.5	2.0	1.0	0.5	2.0	0.5	2.0	2.0	0.0	1.0	1.0	1.0	1.5	1.0	2.0	2.0	1.0	1.5	18
BKD	5.3	2.0	1.0	1.0	2.0	0.5	0.5	1.0	0.5	0.5	1.0	1.0	1.0	1.0	1.5	1.0	1.0	1.5	1.0	16
6186.HK	6.7	2.0	1.0	1.0	1.0	1.0	1.0	2.0	1.5	1.0	1.5	1.0	2.0	2.0	2.0	0.0	1.0	2.0	1.0	14
EGP.US	5.3	0.0	0.0	1.0	1.0	2.0	1.0	2.0	2.0	1.0	2.0	1.0	1.0	0.5	0.5	0.0	2.0	0.0	2.0	18
