ABEO	Healthcare	Biotechnology
AAON	Industrials	Building Products & Equipment
ACAD	Healthcare	Biotechnology
ACET	Healthcare	Biotechnology
AAPL	Technology	Consumer Electronics
ABSI	Healthcare	Biotechnology
ACIC	Financial Services	Insurance - Property & Casualty
ADBE	Technology	Software - Application
ADMA	Healthcare	Biotechnology
ACT	Financial Services	Insurance - Specialty
ADSK	Technology	Software - Application
ADV	Communication Services	Advertising Agencies
AEVA	Technology	Software - Infrastructure
AEIS	Industrials	Electrical Equipment & Parts
AFYA	Consumer Defensive	Education & Training Services
AGMB	Healthcare	Biotechnology
AIFC	Technology	Software - Infrastructure
AGNT	Real Estate	Real Estate Services
AIP	Technology	Semiconductors
AIXC	Technology	Software - Infrastructure
ALCO	Consumer Defensive	Farm Products
ALGM	Technology	Semiconductors
ALLO	Healthcare	Biotechnology
ALMS	Healthcare	Biotechnology
ALHC	Healthcare	Healthcare Plans
ALRM	Technology	Software - Application
ALTO	Basic Materials	Specialty Chemicals
AMAL	Financial Services	Banks - Regional
AMBR	Financial Services	Asset Management
AMD	Technology	Semiconductors
AMLX	Healthcare	Drug Manufacturers - Specialty & Generic
AMZN	Consumer Cyclical	Internet Retail
AMSC	Industrials	Specialty Industrial Machinery
ANGI	Communication Services	Internet Content & Information
ANIP	Healthcare	Drug Manufacturers - Specialty & Generic
AONC	Healthcare	Medical Care Facilities
APC	Energy	Oil & Gas Refining & Marketing
API	Technology	Software - Application
APPS	Technology	Software - Application
APP	Communication Services	Advertising Agencies
ARCB	Industrials	Trucking
ARDX	Healthcare	Biotechnology
ARKO	Consumer Cyclical	Specialty Retail
ARQQ	Technology	Software - Infrastructure
ARTNA	Utilities	Utilities - Regulated Water
ARXS	Industrials	Aerospace & Defense
ASND	Healthcare	Biotechnology
ASPS	Real Estate	Real Estate Services
ASTH	Healthcare	Medical Care Facilities
ATAI	Healthcare	Biotechnology
ATEX	Communication Services	Telecom Services
ATNI	Communication Services	Telecom Services
ATRC	Healthcare	Medical Instruments & Supplies
ATYR	Healthcare	Biotechnology
AUPH	Healthcare	Biotechnology
AUTL	Healthcare	Biotechnology
AVGO	Technology	Semiconductors
AVNW	Technology	Communication Equipment
AZN	Healthcare	Drug Manufacturers - General
AXON	Industrials	Aerospace & Defense
AVT.US	Technology	Electronics & Computer Distribution
AD.NV	Consumer Defensive	Grocery Stores
AKZA.NV	Basic Materials	Specialty Chemicals
BNJ.NV	Communication Services	Entertainment
ASRNL.NV	Financial Services	Insurance - Diversified
DSFIR.NV	Basic Materials	Specialty Chemicals
CSG.NV	Industrials	Aerospace & Defense
ARCAD.NV	Industrials	Engineering & Construction
BAMNB.NV	Industrials	Engineering & Construction
FUR.NV	Energy	Oil & Gas Equipment & Services
HOLCO.NV	Basic Materials	Specialty Chemicals
MICC.NV	Consumer Defensive	Packaged Foods
HEIA.NV	Consumer Defensive	Beverages - Brewers
NAI.NV	Real Estate	Real Estate Services
INPST.NV	Industrials	Integrated Freight & Logistics
KPN.NV	Communication Services	Telecom Services
NN.NV	Financial Services	Insurance - Diversified
NXFIL.NV	Industrials	Pollution & Treatment Controls
PRX.NV	Consumer Cyclical	Internet Retail
PHARM.NV	Healthcare	Biotechnology
TOM2.NV	Technology	Software - Application
SLIGR.NV	Consumer Defensive	Food Distribution
REN.NV	Industrials	Specialty Business Services
UNA.NV	Consumer Defensive	Household & Personal Products
BANF	Financial Services	Banks - Regional
BBIO	Healthcare	Biotechnology
BEAM	Healthcare	Biotechnology
VPK.NV	Energy	Oil & Gas Midstream
BCIC	Financial Services	Asset Management
BETR	Financial Services	Mortgage Finance
BCRX	Healthcare	Drug Manufacturers - Specialty & Generic
BIDU	Communication Services	Internet Content & Information
WKL.NV	Industrials	Specialty Business Services
BKYI	Industrials	Security & Protection Services
BGC	Financial Services	Capital Markets
BJRI	Consumer Cyclical	Restaurants
BLTE	Healthcare	Biotechnology
BLDP	Industrials	Electrical Equipment & Parts
BLLN	Healthcare	Diagnostics & Research
BMEA	Healthcare	Biotechnology
BRCB	Consumer Cyclical	Restaurants
BOOM	Industrials	Conglomerates
BNGO	Healthcare	Medical Instruments & Supplies
BRZE	Technology	Software - Application
BTBT	Financial Services	Capital Markets
BTSG	Healthcare	Health Information Services
BWMN	Industrials	Engineering & Construction
BVS	Healthcare	Medical Devices
BZUN	Consumer Cyclical	Internet Retail
ACCB.BR	Real Estate	Real Estate Services
AGFB.BR	Industrials	Specialty Industrial Machinery
ASCE.BR	Real Estate	REIT - Retail
BANI.BR	Real Estate	Real Estate - Development
BEKB.BR	Industrials	Metal Fabrication
BPOST.BR	Industrials	Integrated Freight & Logistics
CENER.BR	Industrials	Electrical Equipment & Parts
DEME.BR	Industrials	Engineering & Construction
COMB.BR	Consumer Defensive	Confectioners
EKOP.BR	Utilities	Utilities - Regulated Water
FAGR.BR	Healthcare	Drug Manufacturers - Specialty & Generic
HYSG.BR	Technology	Software - Application
GIMB.BR	Financial Services	Asset Management
IMMO.BR	Real Estate	Real Estate - Development
KBC.BR	Financial Services	Banks - Regional
LOTB.BR	Consumer Defensive	Packaged Foods
ONTEX.BR	Consumer Defensive	Household & Personal Products
NEXTA.BR	Real Estate	REIT - Diversified
PROX.BR	Communication Services	Telecom Services
SHUR.BR	Real Estate	REIT - Specialty
RECT.BR	Industrials	Building Products & Equipment
SOLB.BR	Basic Materials	Chemicals
TEXF.BR	Real Estate	Real Estate Services
TUB.BR	Healthcare	Biotechnology
VIO.BR	Industrials	Metal Fabrication
WEHB.BR	Real Estate	REIT - Retail
VAN.BR	Consumer Cyclical	Apparel Manufacturing
CABA	Healthcare	Biotechnology
CAE	Industrials	Aerospace & Defense
CALM	Consumer Defensive	Farm Products
CAPR	Healthcare	Biotechnology
CARG	Communication Services	Internet Content & Information
CASS	Industrials	Specialty Business Services
CCBG	Financial Services	Banks - Regional
CBUS	Healthcare	Biotechnology
CCNE	Financial Services	Banks - Regional
CDLX	Communication Services	Advertising Agencies
CDW	Technology	Information Technology Services
CBRL	Consumer Cyclical	Restaurants
CECO	Industrials	Pollution & Treatment Controls
CELH	Consumer Defensive	Beverages - Non-Alcoholic
CERT	Healthcare	Health Information Services
CG	Financial Services	Asset Management
CGEM	Healthcare	Biotechnology
CGON	Healthcare	Biotechnology
CHRD	Energy	Oil & Gas E&P
CHTR	Communication Services	Telecom Services
CHDN	Consumer Cyclical	Gambling
CIGI	Real Estate	Real Estate Services
CLBK	Financial Services	Banks - Regional
CLFD	Technology	Communication Equipment
CLPT	Healthcare	Medical Devices
CMPS	Healthcare	Medical Care Facilities
CNDT	Technology	Information Technology Services
CLMT	Basic Materials	Specialty Chemicals
CMCSA	Communication Services	Telecom Services
COCP	Healthcare	Biotechnology
CNXC	Technology	Information Technology Services
COHU	Technology	Semiconductor Equipment & Materials
COLL	Healthcare	Drug Manufacturers - Specialty & Generic
CORT	Healthcare	Biotechnology
CRBP	Healthcare	Biotechnology
CPB	Consumer Defensive	Packaged Foods
CRMD	Healthcare	Biotechnology
CRNT	Technology	Communication Equipment
CRDF	Healthcare	Biotechnology
CROX	Consumer Cyclical	Footwear & Accessories
CRTO	Communication Services	Advertising Agencies
CSIQ	Technology	Solar
CRWV	Technology	Software - Infrastructure
CTKB	Healthcare	Medical Devices
CSX	Industrials	Railroads
CVGI	Consumer Cyclical	Auto Parts
CTSH	Technology	Information Technology Services
CBOE	Financial Services	Financial Data & Stock Exchanges
CYRX	Industrials	Integrated Freight & Logistics
CWST	Industrials	Waste Management
BAVA.CO	Healthcare	Biotechnology
ALSYDB.CO	Financial Services	Banks - Regional
COLO-B.CO	Healthcare	Medical Instruments & Supplies
CARLB.CO	Consumer Defensive	Beverages - Brewers
DFDS.CO	Industrials	Marine Shipping
DSV.CO	Industrials	Integrated Freight & Logistics
FLS.CO	Industrials	Specialty Industrial Machinery
HUSCO.CO	Consumer Cyclical	Residential Construction
GRLA.CO	Financial Services	Banks - Regional
HARBb.CO	Consumer Defensive	Beverages - Brewers
JYSK.CO	Financial Services	Banks - Regional
FYNBK.CO	Financial Services	Banks - Regional
LASP.CO	Financial Services	Banks - Regional
MAERSKB.CO	Industrials	Marine Shipping
MTHH.CO	Industrials	Engineering & Construction
NSIS-B.CO	Basic Materials	Specialty Chemicals
PRIMOF.CO	Real Estate	Real Estate - Development
PAALb.CO	Industrials	Engineering & Construction
SJF.CO	Financial Services	Banks - Regional
TIV.CO	Consumer Cyclical	Leisure
TRYG.CO	Financial Services	Insurance - Diversified
ROCKB.CO	Industrials	Building Products & Equipment
ZEAL.CO	Healthcare	Biotechnology
DAVE	Technology	Software - Application
DFDV	Financial Services	Asset Management
DCTH	Healthcare	Medical Devices
NNIT.CO	Technology	Information Technology Services
DGICA	Financial Services	Insurance - Property & Casualty
DMRC	Technology	Software - Application
DHC	Real Estate	REIT - Healthcare Facilities
DLO	Technology	Software - Infrastructure
DNUT	Consumer Defensive	Grocery Stores
DOO	Consumer Cyclical	Recreational Vehicles
DOYU	Communication Services	Internet Content & Information
DUOL	Technology	Software - Application
DRS	Industrials	Aerospace & Defense
DXPE	Industrials	Industrial Distribution
DSGR	Industrials	Industrial Distribution
AJMANBANK.AE	Financial Services	Banks - Regional
AMLAK.AE	Financial Services	Mortgage Finance
DEWA.AE	Utilities	Utilities - Diversified
DTC.AE	Industrials	Railroads
DIB.AE	Financial Services	Banks - Regional
EMAARDEV.AE	Real Estate	Real Estate - Development
SALIK.AE	Industrials	Infrastructure Operations
ERC.AE	Consumer Defensive	Beverages - Non-Alcoholic
TAALEEM.AE	Consumer Defensive	Education & Training Services
UPP.AE	Industrials	Conglomerates
ECHO	Communication Services	Telecom Services
EEFT	Technology	Software - Infrastructure
ELMT	Industrials	Aerospace & Defense
EH	Industrials	Aerospace & Defense
ENVX	Industrials	Electrical Equipment & Parts
ENGN	Healthcare	Biotechnology
EQPT	Industrials	Rental & Leasing Services
ENSG	Healthcare	Medical Care Facilities
ESTA	Healthcare	Medical Devices
EVCM	Technology	Software - Application
ESEA	Industrials	Marine Shipping
EWBC	Financial Services	Banks - Regional
EXEL	Healthcare	Biotechnology
EYE	Consumer Cyclical	Specialty Retail
EXPE	Consumer Cyclical	Travel Services
FA	Industrials	Specialty Business Services
FATE	Healthcare	Biotechnology
FCFS	Financial Services	Credit Services
FDUS	Financial Services	Asset Management
FLD	Financial Services	Capital Markets
FIVE	Consumer Cyclical	Specialty Retail
FFIN	Financial Services	Banks - Regional
FISI	Financial Services	Banks - Regional
FLL	Consumer Cyclical	Resorts & Casinos
FLY	Industrials	Aerospace & Defense
FMNB	Financial Services	Banks - Regional
FRMI	Real Estate	REIT - Specialty
FOXF	Consumer Cyclical	Auto Parts
FOSL	Consumer Cyclical	Footwear & Accessories
FRPT	Consumer Defensive	Packaged Foods
FRVO	Utilities	Utilities - Renewable
FTNT	Technology	Software - Infrastructure
FSLY	Technology	Software - Application
FUTU	Financial Services	Capital Markets
FWONK	Communication Services	Entertainment
1SXP.DE	Healthcare	Medical Instruments & Supplies
0B2.DE	Financial Services	Banks - Regional
2HRA.DE	Basic Materials	Specialty Chemicals
3SQ1.DE	Utilities	Utilities - Independent Power Producers
8TRA.DE	Industrials	Farm & Heavy Construction Machinery
AAQ1.DE	Healthcare	Medical Devices
AAD.DE	Industrials	Staffing & Employment Services
ABX.DE	Technology	Software - Application
ACX.DE	Consumer Cyclical	Gambling
ADN1.DE	Technology	Information Technology Services
AEIN.DE	Technology	Information Technology Services
ALG.DE	Financial Services	Credit Services
AMV0.DE	Consumer Cyclical	Auto Parts
APM.DE	Communication Services	Advertising Agencies
AMD.EUR	Technology	Semiconductors
BC8.DE	Technology	Information Technology Services
BIKE.DE	Consumer Cyclical	Internet Retail
BEZ.DE	Consumer Defensive	Beverages - Wineries & Distilleries
AVGO.EUR	Technology	Semiconductors
BMW.DE	Consumer Cyclical	Auto Manufacturers
BST.DE	Communication Services	Publishing
BOSS.DE	Consumer Cyclical	Apparel Manufacturing
BXT.DE	Healthcare	Drug Manufacturers - Specialty & Generic
C1V0.DE	Communication Services	Telecom Services
CAP.DE		
CDZ0.DE	Consumer Cyclical	Lodging
FIBK	Financial Services	Banks - Regional
CEK.DE	Technology	Communication Equipment
CLIQ.DE	Communication Services	Entertainment
CSH.DE	Technology	Software - Application
CYR.DE	Technology	Software - Infrastructure
DAR.DE	Industrials	Specialty Industrial Machinery
DBK.DE	Financial Services	Banks - Regional
DEX.DE	Consumer Cyclical	Auto Parts
DIE.DE	Consumer Cyclical	Textile Manufacturing
DMP.DE	Healthcare	Drug Manufacturers - Specialty & Generic
DP4A.DE	Industrials	Marine Shipping
E4C.DE	Communication Services	Telecom Services
DUE.DE	Industrials	Specialty Industrial Machinery
ECK.DE	Consumer Cyclical	Department Stores
EBK.DE	Utilities	Utilities - Diversified
EFF0.DE	Financial Services	Asset Management
ELB.DE	Consumer Cyclical	Luxury Goods
ENR.DE	Industrials	Specialty Industrial Machinery
ETG.DE	Utilities	Utilities - Renewable
EVT.DE	Healthcare	Drug Manufacturers - Specialty & Generic
FC9.DE	Real Estate	Real Estate Services
FIE.DE	Healthcare	Medical Instruments & Supplies
FPE.DE	Basic Materials	Specialty Chemicals
FRE.DE	Healthcare	Medical Care Facilities
FYB.DE	Healthcare	Biotechnology
DTD2.DE	Technology	Software - Application
GBF.DE	Industrials	Engineering & Construction
GLJ.DE	Financial Services	Credit Services
GXI.DE	Healthcare	Medical Instruments & Supplies
H9W.DE	Consumer Cyclical	Auto Parts
HAW.DE	Consumer Defensive	Beverages - Wineries & Distilleries
GOOG.EUR	Communication Services	Internet Content & Information
HFG.DE	Consumer Defensive	Grocery Stores
HEI.DE	Basic Materials	Building Materials
HLAG.DE	Industrials	Marine Shipping
HMU.DE	Energy	Thermal Coal
HOT.DE	Industrials	Engineering & Construction
HRPK.DE	Technology	Solar
ILM1.DE	Healthcare	Medical Distribution
IBU.DE	Basic Materials	Chemicals
ISHA.DE	Technology	Software - Application
IOS.DE	Technology	Information Technology Services
IVU.DE	Technology	Software - Application
JEN.DE	Technology	Electronic Components
JY0.DE	Technology	Computer Hardware
KCO.DE	Basic Materials	Steel
KTA.DE	Consumer Cyclical	Recreational Vehicles
LIN.DE		
KSB.DE	Industrials	Specialty Industrial Machinery
KWS.DE	Basic Materials	Agricultural Inputs
LSX.DE	Communication Services	Telecom Services
M12.DE	Healthcare	Medical Distribution
M5S.DE	Financial Services	Asset Management
MA10.DE	Technology	Software - Application
MBG.DE	Consumer Cyclical	Auto Manufacturers
MLL.DE	Industrials	Integrated Freight & Logistics
MUM.DE	Technology	Software - Application
MVV1.DE	Utilities	Utilities - Diversified
MRK.DE	Healthcare	Drug Manufacturers - Specialty & Generic
NCH2.DE	Industrials	Specialty Industrial Machinery
NA9.DE	Technology	Information Technology Services
MSFT.EUR	Technology	Software - Infrastructure
NN6.DE	Healthcare	Diagnostics & Research
NEM.DE	Technology	Software - Application
NUVA.DE	Real Estate	Real Estate - Development
O4B.DE	Financial Services	Capital Markets
OEWA.DE	Utilities	Utilities - Renewable
P4O.DE	Technology	Scientific & Technical Instruments
PAT.DE	Real Estate	Real Estate Services
PNE3.DE	Utilities	Utilities - Renewable
PFV.DE	Industrials	Specialty Industrial Machinery
PSM.DE	Communication Services	Broadcasting
PYR.DE	Industrials	Pollution & Treatment Controls
QBY0.DE	Technology	Information Technology Services
R3NK.DE	Industrials	Aerospace & Defense
RCMN.DE	Real Estate	Real Estate - Development
RRTL.DE	Communication Services	Broadcasting
S6P.DE		
RWE.DE	Utilities	Utilities - Diversified
SBS.DE	Healthcare	Medical Devices
SGL.DE	Basic Materials	Chemicals
SDF.DE	Basic Materials	Agricultural Inputs
SIE.DE	Industrials	Specialty Industrial Machinery
SIX3.DE	Industrials	Rental & Leasing Services
SLL.DE	Energy	Oil & Gas Equipment & Services
SMWN.DE	Real Estate	REIT - Diversified
SRAG.DE	Financial Services	Asset Management
SVE.DE	Financial Services	Asset Management
SYT.DE	Technology	Information Technology Services
STM.DE	Industrials	Specialty Industrial Machinery
TGTA.DE	Communication Services	Telecom Services
SZU.DE	Consumer Defensive	Packaged Foods
TKMS.DE	Industrials	Aerospace & Defense
TMV.DE	Technology	Software - Application
TPG0.DE	Technology	Software - Application
TTO.DE		
UBK.DE	Financial Services	Banks - Regional
UN0.DE	Utilities	Utilities - Regulated Gas
V6C.DE	Technology	Scientific & Technical Instruments
VG80.DE	Financial Services	Banks - Regional
VIH1.DE	Real Estate	Real Estate Services
VOS.DE	Industrials	Railroads
UZU.DE	Basic Materials	Specialty Chemicals
VVV3.DE	Financial Services	Financial Conglomerates
VRL.DE	Technology	Software - Application
WAF.DE	Technology	Semiconductors
WIB.DE	Basic Materials	Building Materials
YOC.DE	Communication Services	Advertising Agencies
WUW.DE	Financial Services	Insurance - Life
GCT	Technology	Software - Infrastructure
ZIL2.DE	Consumer Cyclical	Auto Parts
GDS	Technology	Information Technology Services
GASS	Industrials	Marine Shipping
GEMI	Financial Services	Capital Markets
GEVO	Basic Materials	Specialty Chemicals
GGR	Consumer Cyclical	Auto Manufacturers
GENK	Consumer Cyclical	Restaurants
GIII	Consumer Cyclical	Apparel Manufacturing
GIX	Financial Services	Shell Companies
GLIBA	Communication Services	Telecom Services
GLOO	Technology	Software - Application
GLUE	Healthcare	Biotechnology
GNLX	Healthcare	Biotechnology
GOGO	Communication Services	Telecom Services
GOOGL	Communication Services	Internet Content & Information
GRAB	Technology	Software - Application
GPGI	Industrials	Metal Fabrication
GRSD	Consumer Cyclical	Gambling
GRMN	Technology	Scientific & Technical Instruments
GSAT	Communication Services	Telecom Services
GTLB	Technology	Software - Infrastructure
GSIT	Technology	Semiconductors
HALO	Healthcare	Biotechnology
GYRE	Healthcare	Biotechnology
HCAT	Healthcare	Health Information Services
HBAN	Financial Services	Banks - Regional
HCSG	Healthcare	Medical Care Facilities
HEPS	Consumer Cyclical	Internet Retail
HLMN	Industrials	Tools & Accessories
HIMX	Technology	Semiconductors
HNRG	Utilities	Utilities - Independent Power Producers
HOLO	Technology	Software - Application
HOWL	Healthcare	Biotechnology
HOOD	Financial Services	Capital Markets
HROW	Healthcare	Drug Manufacturers - Specialty & Generic
HQ	Technology	Software - Infrastructure
HSAI	Consumer Cyclical	Auto Parts
HUBG	Industrials	Integrated Freight & Logistics
HUT	Financial Services	Capital Markets
HTHT	Consumer Cyclical	Lodging
HST	Real Estate	REIT - Hotel & Motel
HWKN	Basic Materials	Specialty Chemicals
AKTIA.HE	Financial Services	Banks - Regional
CANATU.HE	Basic Materials	Specialty Chemicals
ASPO.HE	Industrials	Conglomerates
ETTE.HE	Industrials	Engineering & Construction
ELISA.HE	Communication Services	Telecom Services
DETEC.HE	Technology	Scientific & Technical Instruments
FORTUM.HE	Utilities	Utilities - Renewable
HEALTH.HE	Healthcare	Health Information Services
GOFORE.HE	Technology	Information Technology Services
KALMAR.HE	Industrials	Farm & Heavy Construction Machinery
KEMPOWR.HE	Industrials	Electrical Equipment & Parts
HUH1V.HE	Consumer Cyclical	Packaging & Containers
LEMON.HE	Technology	Software - Application
KNEBV.HE	Industrials	Specialty Industrial Machinery
METSO.HE	Industrials	Farm & Heavy Construction Machinery
MANTA.HE	Financial Services	Financial Conglomerates
ORNBV.HE	Healthcare	Drug Manufacturers - General
PIHLIS.HE	Healthcare	Medical Care Facilities
RELAIS.HE	Consumer Cyclical	Auto Parts
RAIVV.HE	Consumer Defensive	Packaged Foods
OLVAS.HE	Consumer Defensive	Beverages - Brewers
SFOODS.HE	Basic Materials	Specialty Chemicals
SANOMA.HE	Consumer Defensive	Education & Training Services
SSH1V.HE	Technology	Software - Infrastructure
SUY1V.HE	Consumer Defensive	Household & Personal Products
TOKMAN.HE	Consumer Defensive	Discount Stores
VALMT.HE	Industrials	Specialty Industrial Machinery
UNITED.HE	Financial Services	Asset Management
WRT1V.HE	Industrials	Specialty Industrial Machinery
00002.HK	Utilities	Utilities - Regulated Electric
00241.HK	Healthcare	Pharmaceutical Retailers
00066.HK	Industrials	Railroads
00017.HK	Real Estate	Real Estate - Diversified
00285.HK	Technology	Electronic Components
00880.HK	Consumer Cyclical	Resorts & Casinos
01055.HK	Industrials	Airlines
00388.HK	Financial Services	Financial Data & Stock Exchanges
01114.HK	Consumer Cyclical	Auto Manufacturers
02269.HK	Healthcare	Biotechnology
01211.HK	Consumer Cyclical	Auto Manufacturers
02018.HK	Technology	Communication Equipment
0386.HK	Energy	Oil & Gas Integrated
02382.HK	Technology	Electronic Components
02688.HK	Utilities	Utilities - Regulated Gas
03993.HK	Basic Materials	Other Industrial Metals & Mining
0656.HK	Industrials	Conglomerates
0728.HK	Communication Services	Telecom Services
0916.HK	Utilities	Utilities - Renewable
0968.HK	Technology	Solar
0883.HK	Energy	Oil & Gas E&P
06881.HK	Financial Services	Financial Conglomerates
1044.HK	Consumer Defensive	Household & Personal Products
101.HK	Real Estate	Real Estate Services
1088.HK	Energy	Thermal Coal
1179.HK	Consumer Cyclical	Lodging
1138.HK	Energy	Oil & Gas Midstream
1299.HK	Financial Services	Insurance - Life
1318.HK	Consumer Defensive	Household & Personal Products
1359.HK	Financial Services	Asset Management
12.HK	Real Estate	Real Estate - Diversified
1519.HK	Industrials	Integrated Freight & Logistics
144.HK	Industrials	Marine Shipping
1618.HK	Industrials	Engineering & Construction
1787.HK	Basic Materials	Gold
177.HK	Industrials	Infrastructure Operations
1801.HK	Healthcare	Biotechnology
168.HK	Consumer Defensive	Beverages - Brewers
1818.HK	Basic Materials	Gold
1876.HK	Consumer Defensive	Beverages - Brewers
1913.HK	Consumer Cyclical	Luxury Goods
1958.HK	Consumer Cyclical	Auto Manufacturers
2013.HK	Technology	Software - Application
2268.HK	Healthcare	Diagnostics & Research
2057.HK	Industrials	Integrated Freight & Logistics
1997.HK	Real Estate	Real Estate Services
2331.HK	Consumer Cyclical	Leisure
2359.HK	Healthcare	Diagnostics & Research
2601.HK	Financial Services	Insurance - Life
2513.HK	Technology	Software - Infrastructure
2618.HK	Industrials	Integrated Freight & Logistics
2727.HK	Industrials	Specialty Industrial Machinery
2883.HK	Energy	Oil & Gas Equipment & Services
293.HK	Industrials	Airlines
3328.HK	Financial Services	Banks - Diversified
3692.HK	Healthcare	Drug Manufacturers - Specialty & Generic
316.HK	Industrials	Marine Shipping
3800.HK	Technology	Solar
358.HK	Basic Materials	Copper
3898.HK	Industrials	Railroads
3969.HK	Industrials	Railroads
6160.HK	Healthcare	Biotechnology
3998.HK	Consumer Cyclical	Apparel Manufacturing
6055.HK	Consumer Defensive	Tobacco
6185.HK	Healthcare	Drug Manufacturers - Specialty & Generic
6618.HK	Healthcare	Pharmaceutical Retailers
6936.HK	Industrials	Integrated Freight & Logistics
7489.HK	Consumer Cyclical	Auto Manufacturers
670.HK	Industrials	Airlines
9658.HK	Consumer Cyclical	Restaurants
9618.HK	Consumer Cyclical	Internet Retail
788.HK	Communication Services	Telecom Services
836.HK	Utilities	Utilities - Independent Power Producers
9863.HK	Consumer Cyclical	Auto Manufacturers
9888.HK	Communication Services	Internet Content & Information
IART	Healthcare	Medical Devices
9988.HK	Consumer Cyclical	Internet Retail
IDYA	Healthcare	Biotechnology
ICUI	Healthcare	Medical Instruments & Supplies
ICFI	Industrials	Consulting Services
991.HK	Utilities	Utilities - Independent Power Producers
IESC	Industrials	Engineering & Construction
IHRT	Communication Services	Broadcasting
IMMX	Healthcare	Biotechnology
IMCR	Healthcare	Biotechnology
IMSR	Utilities	Utilities - Regulated Electric
IMVT	Healthcare	Biotechnology
INBX	Healthcare	Biotechnology
INDB	Financial Services	Banks - Regional
INGN	Healthcare	Medical Devices
IBKR	Financial Services	Capital Markets
INTA	Technology	Software - Application
INOD	Technology	Information Technology Services
INVA	Healthcare	Biotechnology
INTS	Healthcare	Biotechnology
INKT	Healthcare	Biotechnology
IONS	Healthcare	Biotechnology
IPX	Basic Materials	Other Industrial Metals & Mining
IPAR	Consumer Defensive	Household & Personal Products
IRON	Healthcare	Biotechnology
IRDM	Communication Services	Telecom Services
ITRN	Technology	Scientific & Technical Instruments
ISPR	Consumer Defensive	Tobacco
ITG	Industrials	Engineering & Construction
IZEA	Communication Services	Advertising Agencies
JAKK	Consumer Cyclical	Leisure
JBSS	Consumer Defensive	Packaged Foods
JYNT	Healthcare	Medical Care Facilities
KTOS	Industrials	Aerospace & Defense
JKHY	Technology	Information Technology Services
JBHT	Industrials	Integrated Freight & Logistics
KHC	Consumer Defensive	Packaged Foods
KNSL	Financial Services	Insurance - Property & Casualty
KRYS	Healthcare	Biotechnology
KROS	Healthcare	Biotechnology
KE	Industrials	Electrical Equipment & Parts
KRRO	Healthcare	Biotechnology
KRT	Consumer Cyclical	Packaging & Containers
KLRA	Healthcare	Biotechnology
LAND	Real Estate	REIT - Specialty
LBRDK	Communication Services	Telecom Services
LCID	Consumer Cyclical	Auto Manufacturers
LFMD	Healthcare	Health Information Services
LEGN	Healthcare	Biotechnology
LFUS	Technology	Electronic Components
LIF	Technology	Software - Application
LILAK	Communication Services	Telecom Services
LGVN	Healthcare	Biotechnology
KYMR	Healthcare	Biotechnology
LINC	Consumer Defensive	Education & Training Services
LITE	Technology	Communication Equipment
LKFT	Healthcare	Biotechnology
LMB	Industrials	Building Products & Equipment
LOPE	Consumer Defensive	Education & Training Services
LNT	Utilities	Utilities - Regulated Electric
LOB	Financial Services	Banks - Regional
LQDA	Healthcare	Drug Manufacturers - Specialty & Generic
LSCC	Technology	Semiconductors
LYFT	Technology	Software - Application
LULU	Consumer Cyclical	Apparel Retail
CTT.LS	Industrials	Integrated Freight & Logistics
ALTR.LS	Basic Materials	Paper & Paper Products
GALP.LS	Energy	Oil & Gas Integrated
IPR.LS	Communication Services	Broadcasting
MRL.LS	Real Estate	REIT - Office
LWAY	Consumer Defensive	Packaged Foods
NVG.LS	Basic Materials	Paper & Paper Products
RENE.LS	Utilities	Utilities - Diversified
3IN.L	Financial Services	Asset Management
SON.LS	Consumer Defensive	Grocery Stores
ALFA.L	Technology	Software - Application
AEP.L	Consumer Defensive	Farm Products
ABDN.L	Financial Services	Asset Management
AO.L	Consumer Cyclical	Specialty Retail
ASAI.L	Financial Services	Credit Services
ASLI.L		
ALW.L		
ATYM.L	Basic Materials	Copper
AVAP.L	Industrials	Rental & Leasing Services
BAG.L	Consumer Defensive	Beverages - Non-Alcoholic
AZN.L	Healthcare	Drug Manufacturers - General
BBOX.L		
BGEO.L	Financial Services	Banks - Regional
BOWL.L	Consumer Cyclical	Leisure
BMY.L	Communication Services	Publishing
BLND.L	Real Estate	REIT - Diversified
BPT.L	Financial Services	Asset Management
BWY.L	Consumer Cyclical	Residential Construction
CABP.L	Financial Services	Banks - Diversified
CAR.L	Consumer Cyclical	Auto Parts
CBKD.L	Financial Services	Banks - Regional
CNE.L	Energy	Oil & Gas E&P
CGS.L	Industrials	Specialty Industrial Machinery
CLIG.L	Financial Services	Asset Management
CRST.L	Consumer Cyclical	Residential Construction
CPI.L	Industrials	Specialty Business Services
CTY.L		
DCC.L	Energy	Oil & Gas Refining & Marketing
DGE.L	Consumer Defensive	Beverages - Wineries & Distilleries
DNLM.L	Consumer Cyclical	Specialty Retail
EDV.L	Basic Materials	Gold
DPLM.L	Industrials	Industrial Distribution
EMG.L	Financial Services	Asset Management
ENT.L	Consumer Cyclical	Gambling
FAN.L	Industrials	Building Products & Equipment
FDM.L	Technology	Information Technology Services
FORT.L	Basic Materials	Building Materials
FRES.L	Basic Materials	Other Precious Metals & Mining
FUTR.L	Communication Services	Publishing
FSG.L	Financial Services	Asset Management
GENL.L	Energy	Oil & Gas E&P
GMS.L	Energy	Oil & Gas Equipment & Services
GDWN.L	Industrials	Specialty Industrial Machinery
GKP.L	Energy	Oil & Gas E&P
GROW.L		
GPE.L	Real Estate	REIT - Office
HAS.L	Industrials	Staffing & Employment Services
HHPD.L	Technology	Electronic Components
HMSO.L	Real Estate	REIT - Retail
HSBK.L	Financial Services	Banks - Regional
HILS.L	Industrials	Engineering & Construction
IAG.L	Industrials	Airlines
HSX.L	Financial Services	Insurance - Property & Casualty
HVPE.L	Financial Services	Asset Management
IDHC.L	Healthcare	Diagnostics & Research
III.L	Financial Services	Asset Management
INVP.L	Financial Services	Capital Markets
ITRK.L	Industrials	Specialty Business Services
INCH.L	Consumer Cyclical	Auto & Truck Dealerships
KAP.L	Energy	Uranium
JMAT.L	Basic Materials	Specialty Chemicals
KLR.L	Industrials	Engineering & Construction
JD.L	Consumer Cyclical	Apparel Retail
LAND.L	Real Estate	REIT - Diversified
LIVE.L		
MAB.L	Consumer Cyclical	Restaurants
LSL.L	Real Estate	Real Estate Services
LMP.L	Real Estate	REIT - Industrial
MHPC.L	Consumer Defensive	Farm Products
MARS.L	Consumer Cyclical	Restaurants
MGAM.L	Industrials	Specialty Industrial Machinery
MNDI.L	Basic Materials	Paper & Paper Products
N91.L	Financial Services	Asset Management
NG.L	Utilities	Utilities - Regulated Electric
MRC.L		
ONT.L	Healthcare	Biotechnology
MTO.L	Industrials	Specialty Business Services
NWG.L	Financial Services	Banks - Regional
OCDO.L	Consumer Defensive	Grocery Stores
OXB.L	Healthcare	Biotechnology
PBEE.L	Financial Services	Capital Markets
PDL.L	Basic Materials	Other Precious Metals & Mining
PAG.L	Financial Services	Mortgage Finance
PIN.L		
PRE.L	Basic Materials	Other Industrial Metals & Mining
PFD.L	Consumer Defensive	Packaged Foods
PNN.L	Utilities	Utilities - Regulated Water
PRU.L	Financial Services	Insurance - Life
QLT.L	Financial Services	Asset Management
PTEC.L	Consumer Cyclical	Gambling
RCH.L	Communication Services	Publishing
RHIM.L	Industrials	Metal Fabrication
PSH.L	Financial Services	Asset Management
REL.L	Industrials	Specialty Business Services
RKT.L	Consumer Defensive	Household & Personal Products
ROR.L	Industrials	Specialty Industrial Machinery
RSW.L	Technology	Scientific & Technical Instruments
SAFE.L	Real Estate	REIT - Industrial
SBID.L	Financial Services	Banks - Regional
SDR.L	Financial Services	Asset Management
SCT.L	Technology	Electronics & Computer Distribution
SEPL.L	Energy	Oil & Gas E&P
RR.L	Industrials	Aerospace & Defense
SFR.L	Industrials	Engineering & Construction
SHI.L	Industrials	Industrial Distribution
SMSD.L	Technology	Consumer Electronics
SGRO.L	Real Estate	REIT - Industrial
SMWH.L	Consumer Cyclical	Specialty Retail
SRAD.L	Industrials	Building Products & Equipment
SNWS.L	Communication Services	Publishing
SRP.L	Industrials	Specialty Business Services
SSPG.L	Consumer Cyclical	Restaurants
SUS.L	Financial Services	Credit Services
STJ.L	Financial Services	Asset Management
TATE.L	Consumer Defensive	Packaged Foods
TGA.L	Energy	Thermal Coal
TLW.L	Energy	Oil & Gas E&P
SVT.L	Utilities	Utilities - Regulated Water
TEM.L		
TOWN.L	Real Estate	REIT - Diversified
TRST.L	Technology	Software - Application
TRI.L	Industrials	Tools & Accessories
TTST.L	Basic Materials	Steel
VANQ.L	Financial Services	Banks - Regional
UTG.L	Real Estate	REIT - Diversified
VP.L	Industrials	Rental & Leasing Services
VLX.L	Industrials	Electrical Equipment & Parts
WEIR.L	Industrials	Specialty Industrial Machinery
WOSG.L	Consumer Cyclical	Luxury Goods
WIX.L	Consumer Cyclical	Home Improvement Retail
XAR.L	Technology	Computer Hardware
4BB.L	Healthcare	Biotechnology
YNGA.L	Consumer Cyclical	Restaurants
AET.L	Energy	Oil & Gas E&P
ABDX.L	Healthcare	Diagnostics & Research
ANIC.L	Financial Services	Asset Management
ZIG.L	Industrials	Rental & Leasing Services
ARBB.L	Financial Services	Banks - Regional
AXL.L	Energy	Oil & Gas E&P
BOKU.L	Technology	Software - Infrastructure
BTG.L	Industrials	Consulting Services
CRTA.L	Technology	Software - Application
CAML.L	Basic Materials	Copper
EAAS.L	Industrials	Electrical Equipment & Parts
CHRT.L	Industrials	Aerospace & Defense
ENW.L	Energy	Oil & Gas E&P
EKF.L	Healthcare	Medical Devices
FARN.L	Healthcare	Biotechnology
FLO.L	Industrials	Industrial Distribution
FRP.L	Financial Services	Capital Markets
GFIN.L	Communication Services	Internet Content & Information
GHH.L	Technology	Electronic Components
HCM.L	Healthcare	Drug Manufacturers - Specialty & Generic
HSP.L	Industrials	Conglomerates
KETL.L	Technology	Electronic Components
KIST.L	Energy	Oil & Gas E&P
IQE.L	Technology	Semiconductor Equipment & Materials
LBG.L	Communication Services	Publishing
LIV.L	Financial Services	Asset Management
MPE.L	Consumer Defensive	Farm Products
NCYT.L	Healthcare	Medical Devices
NIOX.L	Healthcare	Medical Devices
OBD.L	Healthcare	Diagnostics & Research
ORR.L	Basic Materials	Gold
PHE.L	Industrials	Specialty Industrial Machinery
PRM.L	Healthcare	Diagnostics & Research
PXS.L	Healthcare	Drug Manufacturers - Specialty & Generic
REVB.L	Consumer Defensive	Household & Personal Products
SOU.L	Energy	Oil & Gas E&P
SRC.L	Basic Materials	Building Materials
SALT.L	Consumer Defensive	Packaged Foods
SEA.L	Energy	Oil & Gas E&P
SUP.L	Industrials	Conglomerates
TENG.L	Technology	Information Technology Services
THS.L	Basic Materials	Other Precious Metals & Mining
TMT.L	Financial Services	Asset Management
TRU.L	Financial Services	Credit Services
WJG.L	Consumer Cyclical	Residential Construction
VTU.L	Consumer Cyclical	Auto & Truck Dealerships
ULTP.L	Consumer Cyclical	Furnishings, Fixtures & Appliances
MASS	Healthcare	Medical Devices
ZIOC.L	Basic Materials	Steel
MANH	Technology	Software - Application
MAZE	Healthcare	Biotechnology
MBLY	Consumer Cyclical	Auto Parts
MBX	Healthcare	Biotechnology
MCRI	Consumer Cyclical	Resorts & Casinos
MCHB	Financial Services	Banks - Regional
MEDP	Healthcare	Diagnostics & Research
MEOH	Basic Materials	Chemicals
MDLN	Healthcare	Medical Instruments & Supplies
METC	Basic Materials	Coking Coal
MGNI	Communication Services	Advertising Agencies
MFIN	Financial Services	Credit Services
MIRM	Healthcare	Biotechnology
MGRC	Industrials	Rental & Leasing Services
MKTW	Financial Services	Financial Data & Stock Exchanges
MLCO	Consumer Cyclical	Resorts & Casinos
MMSI	Healthcare	Medical Instruments & Supplies
MLTX	Healthcare	Biotechnology
MNTK	Basic Materials	Specialty Chemicals
MNKD	Healthcare	Biotechnology
MOMO	Communication Services	Internet Content & Information
MRAM	Technology	Semiconductors
MRNA	Healthcare	Biotechnology
MPB	Financial Services	Banks - Regional
MSTR	Technology	Software - Application
MSEX	Utilities	Utilities - Regulated Water
MTLS	Technology	Software - Application
MRVL	Technology	Semiconductors
MVST	Consumer Cyclical	Auto Parts
MU	Technology	Semiconductors
MYGN	Healthcare	Diagnostics & Research
MZTI	Consumer Defensive	Packaged Foods
ANA.MC	Industrials	Engineering & Construction
CAF.MC	Industrials	Railroads
COL.MC	Real Estate	REIT - Office
ENC.MC	Basic Materials	Paper & Paper Products
BBVA.MC	Financial Services	Banks - Diversified
FCC.MC	Industrials	Waste Management
GEST.MC	Consumer Cyclical	Auto Parts
AENA.MC	Industrials	Airports & Air Services
ITX.MC	Consumer Cyclical	Apparel Retail
IBE.MC	Utilities	Utilities - Diversified
MAP.MC	Financial Services	Insurance - Diversified
PHM.MC	Healthcare	Biotechnology
REP.MC	Energy	Oil & Gas Integrated
MTS.MC	Basic Materials	Steel
TRE.MC	Industrials	Engineering & Construction
SAN.MC	Financial Services	Banks - Diversified
VIS.MC	Consumer Cyclical	Packaging & Containers
BMED.MI	Financial Services	Banks - Regional
BAMI.MI	Financial Services	Banks - Regional
EGLA.MI	Consumer Cyclical	Auto Parts
CRL.MI	Technology	Electronic Components
ENI.MI	Energy	Oil & Gas Integrated
BRE.MI	Consumer Cyclical	Auto Parts
G.MI	Financial Services	Insurance - Diversified
IG.MI	Utilities	Utilities - Regulated Gas
ISP.MI	Financial Services	Banks - Regional
PRY.MI	Industrials	Electrical Equipment & Parts
SES.MI	Technology	Information Technology Services
MONC.MI	Consumer Cyclical	Apparel Manufacturing
REC.MI	Healthcare	Drug Manufacturers - General
LTMC.MI	Consumer Cyclical	Gambling
SRG.MI	Utilities	Utilities - Regulated Gas
TPRO.MI	Technology	Semiconductors
TEN.MI	Energy	Oil & Gas Equipment & Services
NAVI	Financial Services	Credit Services
NBP	Healthcare	Biotechnology
NAMM	Basic Materials	Gold
UNI.MI	Financial Services	Insurance - Property & Casualty
NBIS	Communication Services	Internet Content & Information
NDAQ	Financial Services	Financial Data & Stock Exchanges
NEXN	Communication Services	Advertising Agencies
NHP	Real Estate	REIT - Healthcare Facilities
NMRK	Real Estate	Real Estate Services
NNOX	Healthcare	Medical Devices
NKTX	Healthcare	Biotechnology
NRC	Healthcare	Health Information Services
NRIX	Healthcare	Biotechnology
NTES	Communication Services	Electronic Gaming & Multimedia
NSSC	Industrials	Security & Protection Services
NTNX	Technology	Software - Infrastructure
NEO.US	Healthcare	Diagnostics & Research
NVCR	Healthcare	Medical Devices
NTSK	Technology	Software - Infrastructure
NVMI	Technology	Semiconductor Equipment & Materials
NWE	Utilities	Utilities - Regulated Electric
NWSA	Communication Services	Entertainment
AAMI	Financial Services	Asset Management
NXST	Communication Services	Broadcasting
AAT	Real Estate	REIT - Diversified
ABCB	Financial Services	Banks - Regional
ABX	Financial Services	Insurance - Life
ABM	Industrials	Specialty Business Services
ACEL	Consumer Cyclical	Gambling
ACI	Consumer Defensive	Grocery Stores
A.US	Healthcare	Diagnostics & Research
ADNT	Consumer Cyclical	Auto Parts
ACRE	Real Estate	REIT - Mortgage
ADC	Real Estate	REIT - Retail
AEG	Financial Services	Insurance - Diversified
AER	Industrials	Rental & Leasing Services
AESI	Energy	Oil & Gas Equipment & Services
AGCO	Industrials	Farm & Heavy Construction Machinery
AFL	Financial Services	Insurance - Life
AGM	Financial Services	Credit Services
AI	Technology	Software - Infrastructure
AGX	Industrials	Engineering & Construction
ALH	Consumer Cyclical	Furnishings, Fixtures & Appliances
AKR	Real Estate	REIT - Retail
AIZ	Financial Services	Insurance - Property & Casualty
ALL	Financial Services	Insurance - Property & Casualty
AMBP	Consumer Cyclical	Packaging & Containers
ALSN	Consumer Cyclical	Auto Parts
ALV	Consumer Cyclical	Auto Parts
AIR.US	Industrials	Aerospace & Defense
AME	Industrials	Specialty Industrial Machinery
AMPY	Energy	Oil & Gas E&P
AMN	Healthcare	Medical Care Facilities
AMRX	Healthcare	Drug Manufacturers - Specialty & Generic
AMX	Communication Services	Telecom Services
AMTB	Financial Services	Banks - Regional
ANDG	Consumer Cyclical	Personal Services
ANGX	Communication Services	Entertainment
AORT	Healthcare	Medical Devices
AQN	Utilities	Utilities - Diversified
APLE	Real Estate	REIT - Hotel & Motel
ARIS	Basic Materials	Gold
APD	Basic Materials	Specialty Chemicals
AROC	Energy	Oil & Gas Equipment & Services
ARE	Real Estate	REIT - Office
ARX	Financial Services	Insurance Brokers
ASIX	Basic Materials	Chemicals
ASX	Technology	Semiconductors
ATNM	Healthcare	Biotechnology
ASB	Financial Services	Banks - Regional
ATI	Industrials	Metal Fabrication
AVA	Utilities	Utilities - Diversified
ATS	Industrials	Specialty Industrial Machinery
AWI	Industrials	Building Products & Equipment
AX	Financial Services	Banks - Regional
AZO	Consumer Cyclical	Auto Parts
BABA	Consumer Cyclical	Internet Retail
AVNT.US	Basic Materials	Specialty Chemicals
BAK	Basic Materials	Chemicals
AXS.US	Financial Services	Insurance - Specialty
BANC	Financial Services	Banks - Regional
BAX	Healthcare	Medical Instruments & Supplies
BBDO	Financial Services	Banks - Regional
BBAR	Financial Services	Banks - Regional
BBY	Consumer Cyclical	Specialty Retail
BCE	Communication Services	Telecom Services
BCS	Financial Services	Banks - Diversified
BDN	Real Estate	REIT - Office
BEKE	Real Estate	Real Estate Services
BETA	Industrials	Aerospace & Defense
BFAM	Consumer Cyclical	Personal Services
BBVA.US	Financial Services	Banks - Diversified
BFS	Real Estate	REIT - Retail
BH	Consumer Cyclical	Restaurants
BHC	Healthcare	Drug Manufacturers - Specialty & Generic
BHVN	Healthcare	Biotechnology
BIP	Utilities	Utilities - Diversified
BJ	Consumer Defensive	Discount Stores
BKTI	Technology	Communication Equipment
BKH	Utilities	Utilities - Regulated Gas
BLCO	Healthcare	Medical Instruments & Supplies
BMA	Financial Services	Banks - Regional
BMO	Financial Services	Banks - Diversified
BNL	Real Estate	REIT - Diversified
BLND.US	Technology	Software - Application
BNY	Financial Services	Banks - Diversified
BOX	Technology	Software - Infrastructure
BOH	Financial Services	Banks - Regional
BRBR	Consumer Defensive	Packaged Foods
BRSL	Consumer Cyclical	Gambling
BTGO	Financial Services	Capital Markets
BRX	Real Estate	REIT - Retail
BSM	Energy	Oil & Gas E&P
BUD	Consumer Defensive	Beverages - Brewers
BWA	Consumer Cyclical	Auto Parts
BX	Financial Services	Asset Management
BY	Financial Services	Banks - Regional
BXMT	Real Estate	REIT - Mortgage
BV.US	Industrials	Specialty Business Services
CANG	Financial Services	Capital Markets
CACI	Technology	Information Technology Services
C	Financial Services	Banks - Diversified
CAL	Consumer Cyclical	Apparel Retail
CAT	Industrials	Farm & Heavy Construction Machinery
CBRE	Real Estate	Real Estate Services
CB	Financial Services	Insurance - Property & Casualty
CBZ	Industrials	Specialty Business Services
CCL	Consumer Cyclical	Travel Services
CDRE	Industrials	Aerospace & Defense
CDE	Basic Materials	Gold
CCI	Real Estate	REIT - Specialty
CF	Basic Materials	Agricultural Inputs
CGAU	Basic Materials	Gold
CHPT	Consumer Cyclical	Specialty Retail
CHE	Healthcare	Medical Care Facilities
CI	Healthcare	Healthcare Plans
CIG	Utilities	Utilities - Regulated Electric
CLVT	Technology	Information Technology Services
CION	Financial Services	Asset Management
CM	Financial Services	Banks - Diversified
CMCL	Basic Materials	Gold
CMP	Basic Materials	Other Industrial Metals & Mining
CMTG	Real Estate	REIT - Mortgage
CNM	Industrials	Industrial Distribution
CNO	Financial Services	Insurance - Life
CLF.US	Basic Materials	Steel
CNR	Energy	Thermal Coal
COLD	Real Estate	REIT - Industrial
CODI	Industrials	Conglomerates
COOK	Consumer Cyclical	Furnishings, Fixtures & Appliances
COTY	Consumer Defensive	Household & Personal Products
CNH.US	Industrials	Farm & Heavy Construction Machinery
CPA	Industrials	Airlines
CPS	Consumer Cyclical	Auto Parts
CPK	Utilities	Utilities - Regulated Gas
CRCL	Financial Services	Capital Markets
CR	Industrials	Specialty Industrial Machinery
CRL	Healthcare	Diagnostics & Research
CRH	Basic Materials	Building Materials
CSAN	Energy	Oil & Gas Refining & Marketing
CSR	Real Estate	REIT - Residential
CSW	Industrials	Specialty Industrial Machinery
CTRI	Utilities	Utilities - Regulated Gas
CUBE	Real Estate	REIT - Industrial
CURV	Consumer Cyclical	Apparel Retail
CTO	Real Estate	REIT - Diversified
CVEO	Consumer Cyclical	Lodging
CVM	Healthcare	Biotechnology
CVS	Healthcare	Healthcare Plans
CXM	Technology	Software - Application
CW	Industrials	Aerospace & Defense
CYD	Consumer Cyclical	Auto Manufacturers
DAR	Consumer Defensive	Packaged Foods
DAC	Industrials	Marine Shipping
DBD	Technology	Software - Application
CWK.US	Real Estate	Real Estate Services
DCOM	Financial Services	Banks - Regional
DECK	Consumer Cyclical	Footwear & Accessories
DDS	Consumer Cyclical	Department Stores
DEO	Consumer Defensive	Beverages - Wineries & Distilleries
DHR	Healthcare	Diagnostics & Research
DCH.US	Consumer Cyclical	Auto Parts
DINO	Energy	Oil & Gas Refining & Marketing
DLR	Real Estate	REIT - Specialty
DKL	Energy	Oil & Gas Refining & Marketing
DG.US	Consumer Defensive	Discount Stores
DNA	Healthcare	Biotechnology
DOLE	Consumer Defensive	Farm Products
DOC	Real Estate	REIT - Healthcare Facilities
DOW	Basic Materials	Chemicals
DRI	Consumer Cyclical	Restaurants
DV	Communication Services	Advertising Agencies
DX	Real Estate	REIT - Mortgage
DTE	Utilities	Utilities - Regulated Electric
E	Energy	Oil & Gas Integrated
ECG	Industrials	Engineering & Construction
EBF	Industrials	Specialty Business Services
EE	Energy	Oil & Gas Midstream
ED	Utilities	Utilities - Regulated Electric
EFR	Financial Services	Asset Management
ELAN	Healthcare	Drug Manufacturers - Specialty & Generic
EG	Financial Services	Insurance - Reinsurance
EIG	Financial Services	Insurance - Specialty
ELPC	Utilities	Utilities - Regulated Electric
EMA	Utilities	Utilities - Regulated Electric
EMN	Basic Materials	Specialty Chemicals
ENIC	Utilities	Utilities - Renewable
EGP.US	Real Estate	REIT - Industrial
EPAC	Industrials	Specialty Industrial Machinery
EPD	Energy	Oil & Gas Midstream
EQNR	Energy	Oil & Gas Integrated
EPRT	Real Estate	REIT - Retail
ERO	Basic Materials	Copper
ESI	Basic Materials	Specialty Chemicals
ENS.US	Industrials	Electrical Equipment & Parts
ES	Utilities	Utilities - Regulated Electric
ETD	Consumer Cyclical	Furnishings, Fixtures & Appliances
ESS	Real Estate	REIT - Residential
EVH	Healthcare	Health Information Services
ETSY	Consumer Cyclical	Internet Retail
EVRG	Utilities	Utilities - Regulated Electric
EW	Healthcare	Medical Devices
FC	Consumer Defensive	Education & Training Services
FCPT	Real Estate	REIT - Retail
F	Consumer Cyclical	Auto Manufacturers
FBK	Financial Services	Banks - Regional
EXP	Basic Materials	Building Materials
FDX	Industrials	Integrated Freight & Logistics
FIG	Technology	Software - Application
FHI	Financial Services	Asset Management
FIRY	Communication Services	Electronic Gaming & Multimedia
FIX	Industrials	Engineering & Construction
FET.US	Energy	Oil & Gas Equipment & Services
FMS	Healthcare	Medical Care Facilities
FNB	Financial Services	Banks - Regional
FNV	Basic Materials	Gold
FOUR	Technology	Software - Infrastructure
FSK	Financial Services	Asset Management
FSS	Industrials	Farm & Heavy Construction Machinery
FLR.US	Industrials	Engineering & Construction
FTRE	Healthcare	Biotechnology
FUBO	Communication Services	Broadcasting
FR.US	Real Estate	REIT - Industrial
FVRR	Communication Services	Internet Content & Information
GATX	Industrials	Rental & Leasing Services
GE	Industrials	Aerospace & Defense
GEL	Energy	Oil & Gas Midstream
GETY	Communication Services	Internet Content & Information
GD	Industrials	Aerospace & Defense
GBX.US	Industrials	Railroads
GHM	Industrials	Specialty Industrial Machinery
GGB	Basic Materials	Steel
GIL	Consumer Cyclical	Apparel Manufacturing
GL	Financial Services	Insurance - Life
GLW	Technology	Electronic Components
GFI.US	Basic Materials	Gold
GNE	Utilities	Utilities - Regulated Electric
GNRC	Industrials	Specialty Industrial Machinery
GOOS	Consumer Cyclical	Apparel Manufacturing
GPI	Consumer Cyclical	Auto & Truck Dealerships
GRBK	Consumer Cyclical	Residential Construction
GPN	Industrials	Specialty Business Services
GRDN	Healthcare	Medical Care Facilities
GROY	Basic Materials	Gold
GOLD.US	Financial Services	Capital Markets
GWH	Industrials	Electrical Equipment & Parts
GXO	Industrials	Integrated Freight & Logistics
GSK	Healthcare	Drug Manufacturers - General
GTN	Communication Services	Broadcasting
HAFN	Industrials	Marine Shipping
HAWK	Industrials	Aerospace & Defense
HD	Consumer Cyclical	Home Improvement Retail
HCA	Healthcare	Medical Care Facilities
HG	Financial Services	Insurance - Reinsurance
HHH	Real Estate	Real Estate - Development
HIMS	Healthcare	Drug Manufacturers - Specialty & Generic
HEI	Industrials	Aerospace & Defense
HL	Basic Materials	Other Precious Metals & Mining
HLIO	Industrials	Specialty Industrial Machinery
HMN	Financial Services	Insurance - Property & Casualty
HOV	Consumer Cyclical	Residential Construction
HLT	Consumer Cyclical	Lodging
HPP	Real Estate	REIT - Office
HNI	Consumer Cyclical	Furnishings, Fixtures & Appliances
HRTG	Financial Services	Insurance - Property & Casualty
HRB	Consumer Cyclical	Personal Services
HTB	Financial Services	Banks - Regional
HTT	Financial Services	Credit Services
HUBS	Technology	Software - Application
HZO	Consumer Cyclical	Specialty Retail
HXL	Industrials	Aerospace & Defense
ICE	Financial Services	Financial Data & Stock Exchanges
IBN	Financial Services	Banks - Regional
HUYA.US	Communication Services	Entertainment
IEX	Industrials	Specialty Industrial Machinery
IIIN	Industrials	Metal Fabrication
IMO	Energy	Oil & Gas Integrated
INGM	Technology	Information Technology Services
IDR.US	Basic Materials	Gold
INSP	Healthcare	Medical Devices
INVH	Real Estate	REIT - Residential
IOT	Technology	Software - Infrastructure
IQV	Healthcare	Diagnostics & Research
IRS	Real Estate	Real Estate Services
ITGR	Healthcare	Medical Devices
ITW	Industrials	Specialty Industrial Machinery
JBGS	Real Estate	REIT - Diversified
JBS	Consumer Defensive	Packaged Foods
JEF	Financial Services	Capital Markets
JILL	Consumer Cyclical	Apparel Retail
JMIA	Consumer Cyclical	Internet Retail
JOBY	Industrials	Airports & Air Services
JXN	Financial Services	Insurance - Life
KBH	Consumer Cyclical	Residential Construction
KDK	Technology	Software - Infrastructure
KEX	Industrials	Marine Shipping
IVZ.US	Financial Services	Asset Management
KFRC	Industrials	Staffing & Employment Services
KLAR	Financial Services	Credit Services
KN	Technology	Electronic Components
KNTK	Energy	Oil & Gas Midstream
KMPR	Financial Services	Insurance - Property & Casualty
KOS	Energy	Oil & Gas E&P
KGS.US	Energy	Oil & Gas Equipment & Services
KREF	Real Estate	REIT - Mortgage
KRO	Basic Materials	Specialty Chemicals
KODK.US	Industrials	Specialty Business Services
LAC	Basic Materials	Other Industrial Metals & Mining
LAR	Basic Materials	Other Industrial Metals & Mining
KWR	Basic Materials	Specialty Chemicals
LCLN	Financial Services	Capital Markets
LB	Energy	Oil & Gas E&P
LDOS	Technology	Information Technology Services
KTB	Consumer Cyclical	Apparel Manufacturing
LEVI	Consumer Cyclical	Apparel Manufacturing
LEN	Consumer Cyclical	Residential Construction
LII	Industrials	Building Products & Equipment
LLY	Healthcare	Drug Manufacturers - General
LNC	Financial Services	Insurance - Life
LOAR	Industrials	Aerospace & Defense
LPG	Energy	Oil & Gas Midstream
LUXE	Consumer Cyclical	Luxury Goods
LTH	Consumer Cyclical	Leisure
LUCK	Consumer Cyclical	Leisure
LRN	Consumer Defensive	Education & Training Services
LXFR	Industrials	Specialty Industrial Machinery
LYV	Communication Services	Entertainment
LYB	Basic Materials	Specialty Chemicals
MAIR	Industrials	Building Products & Equipment
MAC	Real Estate	REIT - Retail
MATX	Industrials	Marine Shipping
MBI	Financial Services	Insurance - Specialty
MCD	Consumer Cyclical	Restaurants
MANU	Communication Services	Entertainment
M.US	Consumer Cyclical	Department Stores
MFG	Financial Services	Banks - Regional
MGM	Consumer Cyclical	Resorts & Casinos
MHK	Consumer Cyclical	Furnishings, Fixtures & Appliances
MCS.US	Communication Services	Entertainment
MED.US	Consumer Cyclical	Personal Services
META.24-7	Communication Services	Internet Content & Information
MDT.US	Healthcare	Medical Devices
MICC.US	Consumer Defensive	Packaged Foods
MNTN	Technology	Software - Application
MLM	Basic Materials	Building Materials
MMM	Industrials	Conglomerates
MOV	Consumer Cyclical	Luxury Goods
MRK	Healthcare	Drug Manufacturers - General
MSGE	Communication Services	Entertainment
MSCI	Financial Services	Financial Data & Stock Exchanges
MTD	Healthcare	Diagnostics & Research
MSM	Industrials	Industrial Distribution
MPLX.US	Energy	Oil & Gas Midstream
MTH	Consumer Cyclical	Residential Construction
MTUS	Basic Materials	Steel
MTZ	Industrials	Engineering & Construction
MUSA	Consumer Cyclical	Specialty Retail
MX	Technology	Semiconductors
NAT	Energy	Oil & Gas Midstream
NBR	Energy	Oil & Gas Drilling
MYO	Healthcare	Medical Devices
NEE	Utilities	Utilities - Regulated Electric
NEU	Basic Materials	Specialty Chemicals
NGVC	Consumer Defensive	Grocery Stores
NIO	Consumer Cyclical	Auto Manufacturers
NHI	Real Estate	REIT - Healthcare Facilities
NMAX	Communication Services	Broadcasting
NKE	Consumer Cyclical	Footwear & Accessories
NOG	Energy	Oil & Gas E&P
NG.US	Basic Materials	Gold
NNN	Real Estate	REIT - Retail
NOTE	Technology	Information Technology Services
NP	Financial Services	Insurance Brokers
NPO	Industrials	Specialty Industrial Machinery
NSP	Industrials	Staffing & Employment Services
NRG	Utilities	Utilities - Independent Power Producers
NTR	Basic Materials	Agricultural Inputs
NVR	Consumer Cyclical	Residential Construction
NUE	Basic Materials	Steel
NVT	Industrials	Electrical Equipment & Parts
NX	Industrials	Building Products & Equipment
NXE	Energy	Uranium
O	Real Estate	REIT - Retail
NVDA.24-7	Technology	Semiconductors
OC	Industrials	Building Products & Equipment
OI	Consumer Cyclical	Packaging & Containers
OFG	Financial Services	Banks - Regional
ONIT	Financial Services	Mortgage Finance
OKE	Energy	Oil & Gas Midstream
OLP	Real Estate	REIT - Diversified
OGN.US	Healthcare	Drug Manufacturers - General
OPAD	Real Estate	Real Estate Services
OPTU	Communication Services	Telecom Services
OSG	Financial Services	Insurance - Specialty
ORI	Financial Services	Insurance - Property & Casualty
OTIS	Industrials	Specialty Industrial Machinery
OZ	Real Estate	Real Estate - Development
OWL	Financial Services	Asset Management
ONT.US	Industrials	Waste Management
ORA.US	Utilities	Utilities - Renewable
PACK	Consumer Cyclical	Packaging & Containers
PARR	Energy	Oil & Gas Refining & Marketing
PAM	Industrials	Conglomerates
PAYC	Technology	Software - Application
PBF	Energy	Oil & Gas Refining & Marketing
PCOR	Technology	Software - Application
PBR	Energy	Oil & Gas Integrated
PDM	Real Estate	REIT - Office
PFS	Financial Services	Banks - Regional
PEN	Healthcare	Medical Devices
PHR	Healthcare	Health Information Services
PGR	Financial Services	Insurance - Property & Casualty
PHI	Communication Services	Telecom Services
PK	Real Estate	REIT - Hotel & Motel
PINS	Communication Services	Internet Content & Information
PLX	Healthcare	Biotechnology
PKX	Basic Materials	Steel
PNC	Financial Services	Banks - Regional
PNW	Utilities	Utilities - Regulated Electric
PLGO	Financial Services	Insurance - Diversified
PPG	Basic Materials	Specialty Chemicals
PRGO	Healthcare	Drug Manufacturers - Specialty & Generic
PRM	Basic Materials	Specialty Chemicals
PS	Financial Services	Asset Management
PRK	Financial Services	Banks - Regional
PSTL	Real Estate	REIT - Office
PXED	Consumer Defensive	Education & Training Services
QTWO	Technology	Software - Application
PSN.US	Technology	Information Technology Services
RAMP	Technology	Software - Infrastructure
RBRK	Technology	Software - Infrastructure
PUMP.US	Energy	Oil & Gas Equipment & Services
R	Industrials	Rental & Leasing Services
RCL	Consumer Cyclical	Travel Services
REPX	Energy	Oil & Gas E&P
RDN	Financial Services	Insurance - Specialty
REF	Consumer Cyclical	Apparel Retail
REXR	Real Estate	REIT - Industrial
RGA	Financial Services	Insurance - Reinsurance
RHI	Industrials	Staffing & Employment Services
RKT	Financial Services	Mortgage Finance
RIO	Basic Materials	Other Industrial Metals & Mining
RLI	Financial Services	Insurance - Property & Casualty
RNG	Technology	Software - Application
RM	Financial Services	Credit Services
ROL	Consumer Cyclical	Personal Services
RNST	Financial Services	Banks - Regional
RPT	Real Estate	REIT - Mortgage
RSKD	Technology	Software - Application
RS	Basic Materials	Steel
RVLV	Consumer Cyclical	Internet Retail
RXO	Industrials	Trucking
RYN	Real Estate	REIT - Specialty
SAH	Consumer Cyclical	Auto & Truck Dealerships
SBS	Utilities	Utilities - Regulated Water
SCCO	Basic Materials	Copper
SDRL	Energy	Oil & Gas Drilling
SCL	Basic Materials	Specialty Chemicals
SEG	Real Estate	Real Estate Services
SAR.US	Financial Services	Asset Management
S.US	Technology	Software - Infrastructure
SGI	Consumer Cyclical	Furnishings, Fixtures & Appliances
SITC	Real Estate	REIT - Retail
SKE	Basic Materials	Other Industrial Metals & Mining
SLQT	Financial Services	Insurance Brokers
SLB	Energy	Oil & Gas Equipment & Services
SMHI	Industrials	Marine Shipping
SMA	Real Estate	REIT - Industrial
SMRT	Technology	Software - Application
SF.US	Financial Services	Capital Markets
SNA	Industrials	Tools & Accessories
SOLV	Healthcare	Medical Instruments & Supplies
SO	Utilities	Utilities - Regulated Electric
SONY	Technology	Consumer Electronics
SPIR	Industrials	Specialty Business Services
SPG	Real Estate	REIT - Retail
SNN.US	Healthcare	Medical Devices
SRI	Consumer Cyclical	Auto Parts
SPXC	Industrials	Building Products & Equipment
SRE	Utilities	Utilities - Diversified
SSL	Basic Materials	Specialty Chemicals
STDN	Basic Materials	Specialty Chemicals
ST	Technology	Scientific & Technical Instruments
STNG	Energy	Oil & Gas Midstream
STVN	Healthcare	Medical Instruments & Supplies
SU	Energy	Oil & Gas Integrated
SVV	Consumer Cyclical	Specialty Retail
STLA.US	Consumer Cyclical	Auto Manufacturers
SWX	Utilities	Utilities - Regulated Gas
TAK	Healthcare	Drug Manufacturers - Specialty & Generic
SUPV.US	Financial Services	Banks - Regional
SYY	Consumer Defensive	Food Distribution
TBN	Energy	Oil & Gas E&P
TDC	Technology	Software - Infrastructure
TAP	Consumer Defensive	Beverages - Brewers
SHO	Real Estate	REIT - Hotel & Motel
SXT.US	Basic Materials	Specialty Chemicals
TE	Industrials	Electrical Equipment & Parts
TELFY	Communication Services	Telecom Services
TFII	Industrials	Trucking
TG	Industrials	Metal Fabrication
TEVA	Healthcare	Drug Manufacturers - Specialty & Generic
TDS	Communication Services	Telecom Services
TGT	Consumer Defensive	Discount Stores
THO	Consumer Cyclical	Recreational Vehicles
TJX	Consumer Cyclical	Apparel Retail
TLYS	Consumer Cyclical	Apparel Retail
TKO	Communication Services	Entertainment
TNET	Industrials	Staffing & Employment Services
TMO	Healthcare	Diagnostics & Research
TPB	Consumer Defensive	Tobacco
TOL	Consumer Cyclical	Residential Construction
TPR	Consumer Cyclical	Luxury Goods
TRC	Industrials	Conglomerates
TROX	Basic Materials	Chemicals
TRIN	Financial Services	Asset Management
TSEOQ	Basic Materials	Specialty Chemicals
TSN	Consumer Defensive	Farm Products
TU	Communication Services	Telecom Services
TWO	Real Estate	REIT - Mortgage
TTC	Industrials	Tools & Accessories
UA	Consumer Cyclical	Apparel Manufacturing
TXT	Industrials	Aerospace & Defense
TRU.US	Financial Services	Financial Data & Stock Exchanges
UAVS	Technology	Computer Hardware
UCB	Financial Services	Banks - Regional
UEC	Energy	Uranium
UIS	Technology	Information Technology Services
UGP	Energy	Oil & Gas Refining & Marketing
UMC	Technology	Semiconductors
UNFI	Consumer Defensive	Food Distribution
URG	Energy	Uranium
UNP	Industrials	Railroads
USB	Financial Services	Banks - Regional
UTZ	Consumer Defensive	Packaged Foods
VEEV	Healthcare	Health Information Services
VAC	Consumer Cyclical	Resorts & Casinos
UVV	Consumer Defensive	Tobacco
USPH	Healthcare	Medical Care Facilities
VICI	Real Estate	REIT - Diversified
VG	Energy	Oil & Gas Midstream
VIRT	Financial Services	Capital Markets
VLGDF	Basic Materials	Gold
VLRS	Industrials	Airlines
VPG	Technology	Scientific & Technical Instruments
VNT	Technology	Scientific & Technical Instruments
VSXY	Consumer Cyclical	Apparel Retail
VMI	Industrials	Conglomerates
VSH	Technology	Semiconductors
VTOL	Energy	Oil & Gas Equipment & Services
WAL	Financial Services	Banks - Regional
WBX	Industrials	Electrical Equipment & Parts
WD	Financial Services	Mortgage Finance
VZ	Communication Services	Telecom Services
WEX	Technology	Software - Infrastructure
WEC	Utilities	Utilities - Regulated Electric
VVV.US	Consumer Cyclical	Auto & Truck Dealerships
WHK	Energy	Oil & Gas Midstream
WMK	Consumer Defensive	Grocery Stores
WK	Technology	Software - Application
WGO	Consumer Cyclical	Recreational Vehicles
WOLF	Technology	Semiconductors
WLY	Communication Services	Publishing
WPM	Basic Materials	Gold
WRBY	Healthcare	Medical Instruments & Supplies
WTM	Financial Services	Insurance - Property & Casualty
WTTR	Energy	Oil & Gas Equipment & Services
WSO	Industrials	Industrial Distribution
XPO	Industrials	Trucking
WY	Real Estate	REIT - Specialty
XOM	Energy	Oil & Gas Integrated
YALA	Technology	Software - Application
XYL	Industrials	Specialty Industrial Machinery
YEXT	Technology	Software - Infrastructure
YPF	Energy	Oil & Gas Integrated
YUMC	Consumer Cyclical	Restaurants
ZIM	Industrials	Marine Shipping
OBIO	Healthcare	Biotechnology
OCGN	Healthcare	Biotechnology
ZTS	Healthcare	Drug Manufacturers - Specialty & Generic
ODD	Consumer Defensive	Household & Personal Products
OFIX	Healthcare	Medical Devices
ZETA.US	Technology	Software - Infrastructure
OGI	Healthcare	Drug Manufacturers - Specialty & Generic
OLED	Technology	Electronic Components
ONB	Financial Services	Banks - Regional
OMDA	Healthcare	Health Information Services
ONEW	Consumer Cyclical	Specialty Retail
OPEN	Real Estate	Real Estate Services
OPENZ		
OPRT	Financial Services	Credit Services
OM.US	Healthcare	Medical Devices
ORIC	Healthcare	Biotechnology
OSW	Consumer Cyclical	Leisure
ORBS	Consumer Cyclical	Packaging & Containers
OSBC	Financial Services	Banks - Regional
OXSQ	Financial Services	Asset Management
OTTR	Industrials	Conglomerates
ODFB.OL	Industrials	Marine Shipping
TEL.OL	Communication Services	Telecom Services
ASAIY	Consumer Defensive	Grocery Stores
ABBNY	Industrials	Electrical Equipment & Parts
AXICY	Utilities	Utilities - Renewable
CAJPY	Technology	Computer Hardware
DIDIY	Technology	Software - Application
EGRX	Healthcare	Drug Manufacturers - Specialty & Generic
FRCB	Financial Services	Banks - Regional
HTZWW		
IVCBF	Financial Services	Shell Companies
LILMF	Industrials	Aerospace & Defense
MBRFY	Consumer Defensive	Packaged Foods
GLFE	Consumer Cyclical	Leisure
MOND	Consumer Cyclical	Travel Services
NKGN	Healthcare	Biotechnology
PITEF	Industrials	Industrial Distribution
LUXHQ	Consumer Cyclical	Lodging
RVPH	Healthcare	Biotechnology
SGMOQ	Healthcare	Biotechnology
SDCCQ	Healthcare	Medical Instruments & Supplies
SLNAF	Consumer Cyclical	Resorts & Casinos
SNFI	Financial Services	Shell Companies
SYRS	Healthcare	Biotechnology
XELA	Technology	Software - Application
TSPH	Technology	Software - Application
PAA	Energy	Oil & Gas Midstream
PAGP	Energy	Oil & Gas Midstream
PAYP	Technology	Software - Infrastructure
PATK	Consumer Cyclical	Recreational Vehicles
PBLS	Healthcare	Biotechnology
PCYO	Utilities	Utilities - Regulated Water
PDLB	Financial Services	Banks - Regional
PENN	Consumer Cyclical	Resorts & Casinos
PECO	Real Estate	REIT - Retail
PESI	Industrials	Waste Management
PCT.US	Industrials	Pollution & Treatment Controls
PGC	Financial Services	Banks - Regional
PFG	Financial Services	Asset Management
PHAT	Healthcare	Biotechnology
PI	Technology	Semiconductors
PLCE	Consumer Cyclical	Apparel Manufacturing
PLRX	Healthcare	Biotechnology
PKOH	Industrials	Specialty Industrial Machinery
PLTR	Technology	Software - Infrastructure
PLXS	Technology	Electronic Components
POM	Healthcare	Pharmaceutical Retailers
PNTG	Healthcare	Medical Care Facilities
PRCH	Financial Services	Insurance - Property & Casualty
PPC	Consumer Defensive	Packaged Foods
POWI	Technology	Semiconductors
PRGS	Technology	Software - Infrastructure
PR	Energy	Oil & Gas E&P
PRME	Healthcare	Biotechnology
PRQR	Healthcare	Biotechnology
PRVA	Healthcare	Health Information Services
PSKY	Communication Services	Entertainment
PSNY	Consumer Cyclical	Auto Manufacturers
PYPL	Financial Services	Credit Services
PTLO	Consumer Cyclical	Restaurants
AB.PA	Healthcare	Drug Manufacturers - Specialty & Generic
PUBM	Technology	Software - Application
ABNX.PA	Healthcare	Biotechnology
PTCT	Healthcare	Biotechnology
ACA.PA	Financial Services	Banks - Regional
AIR.PA	Industrials	Aerospace & Defense
AL2SI.PA	Technology	Computer Hardware
ALAGP.PA	Utilities	Utilities - Renewable
ADP.PA	Industrials	Airports & Air Services
ALBLD.PA	Communication Services	Advertising Agencies
ALBI.PA	Consumer Cyclical	Packaging & Containers
ALATI.PA	Consumer Cyclical	Auto Parts
ALCJ.PA	Healthcare	Medical Instruments & Supplies
ALCBX.PA	Technology	Computer Hardware
ALBPS.PA	Healthcare	Biotechnology
ALDNE.PA	Communication Services	Electronic Gaming & Multimedia
ALCPB.PA	Technology	Software - Application
ALDAR.PA	Consumer Cyclical	Apparel Retail
ALCOF.PA	Technology	Electronic Components
ALDLS.PA	Industrials	Staffing & Employment Services
ALERS.PA	Healthcare	Medical Devices
ALEAC.PA	Industrials	Specialty Business Services
ALEMG.PA	Healthcare	Medical Distribution
ALFPC.PA	Consumer Cyclical	Recreational Vehicles
ALGIL.PA	Consumer Cyclical	Packaging & Containers
ALFLE.PA	Consumer Defensive	Packaged Foods
ALHEX.PA	Consumer Cyclical	Residential Construction
ALGAE.PA	Healthcare	Biotechnology
ALHGR.PA	Basic Materials	Building Materials
ALHYP.PA	Technology	Software - Infrastructure
ALIKO.PA	Healthcare	Medical Devices
ALINS.PA	Healthcare	Health Information Services
ALHRG.PA	Basic Materials	Building Materials
ALKKO.PA	Consumer Defensive	Farm Products
ALJXR.PA	Technology	Consumer Electronics
ALLAN.PA	Consumer Defensive	Beverages - Wineries & Distilleries
ALLIX.PA	Technology	Software - Infrastructure
ALMIB.PA	Basic Materials	Agricultural Inputs
ALMLB.PA	Consumer Cyclical	Furnishings, Fixtures & Appliances
ALNOV.PA	Healthcare	Medical Devices
ALNEV.PA	Healthcare	Biotechnology
ALNTG.PA	Technology	Communication Equipment
ALORA.PA	Industrials	Electrical Equipment & Parts
ALODC.PA	Consumer Defensive	Food Distribution
ALPAU.PA	Consumer Defensive	Packaged Foods
ALPM.PA	Industrials	Specialty Industrial Machinery
ALPVL.PA	Consumer Cyclical	Auto Parts
ALRIB.PA	Technology	Semiconductor Equipment & Materials
ALSGD.PA	Healthcare	Medical Devices
ALSPT.PA	Consumer Cyclical	Internet Retail
ALSTW.PA	Technology	Software - Application
ALTD.PA	Industrials	Aerospace & Defense
ALTME.PA	Healthcare	Biotechnology
ALUNI.PA	Communication Services	Advertising Agencies
ALTPC.PA	Industrials	Infrastructure Operations
ALWF.PA	Industrials	Farm & Heavy Construction Machinery
ALVIO.PA	Healthcare	Biotechnology
ALVAP.PA	Consumer Cyclical	Internet Retail
ANTIN.PA	Financial Services	Asset Management
ALXIL.PA	Communication Services	Entertainment
ASY.PA	Industrials	Engineering & Construction
AVT.PA	Technology	Communication Equipment
ATO.PA	Technology	Information Technology Services
BASS.PA	Real Estate	Real Estate - Development
BIG.PA	Technology	Consumer Electronics
BOL.PA	Communication Services	Entertainment
BN.PA	Consumer Defensive	Packaged Foods
CAF.PA	Financial Services	Banks - Regional
BUR.PA	Consumer Cyclical	Auto Parts
CAT31.PA	Financial Services	Banks - Regional
CCN.PA	Financial Services	Banks - Regional
CEN.PA	Industrials	Staffing & Employment Services
CNDF.PA	Financial Services	Banks - Regional
COH.PA	Technology	Software - Application
CRBP2.PA	Financial Services	Banks - Regional
COVH.PA	Real Estate	REIT - Hotel & Motel
CRLO.PA	Financial Services	Banks - Regional
DBV.PA	Healthcare	Biotechnology
CS.PA	Financial Services	Insurance - Diversified
DSY.PA	Technology	Software - Application
DG.PA	Industrials	Engineering & Construction
EL.PA	Healthcare	Medical Instruments & Supplies
EDEN.PA	Financial Services	Credit Services
ELIS.PA	Industrials	Specialty Business Services
ENGI.PA	Utilities	Utilities - Diversified
EXA.PA	Industrials	Aerospace & Defense
ERA.PA	Basic Materials	Other Industrial Metals & Mining
FGA.PA	Industrials	Aerospace & Defense
EXPL.PA	Basic Materials	Specialty Chemicals
FNAC.PA	Consumer Cyclical	Specialty Retail
GAM.PA	Communication Services	Entertainment
GLE.PA	Financial Services	Banks - Regional
GEA.PA	Industrials	Business Equipment & Supplies
GUI.PA	Technology	Computer Hardware
GPE.PA	Industrials	Waste Management
HO.PA	Industrials	Aerospace & Defense
IDIP.PA	Financial Services	Asset Management
IPN.PA	Healthcare	Drug Manufacturers - Specialty & Generic
INEA.PA	Real Estate	Real Estate Services
IVA.PA	Healthcare	Biotechnology
KER.PA	Consumer Cyclical	Luxury Goods
LAT.PA	Industrials	Aerospace & Defense
LI.PA	Real Estate	REIT - Retail
LTA.PA		
LPE.PA	Consumer Defensive	Beverages - Wineries & Distilleries
MBWS.PA	Consumer Defensive	Beverages - Wineries & Distilleries
MEDCL.PA	Healthcare	Biotechnology
MF.PA	Financial Services	Asset Management
NEX.PA	Industrials	Electrical Equipment & Parts
MMT.PA	Communication Services	Broadcasting
NRG.PA	Communication Services	Broadcasting
NACON.PA	Communication Services	Electronic Gaming & Multimedia
ORA.PA	Communication Services	Telecom Services
ODET.PA	Energy	Oil & Gas Midstream
PERR.PA	Industrials	Electrical Equipment & Parts
PARP.PA	Consumer Cyclical	Resorts & Casinos
POXEL.PA	Healthcare	Biotechnology
QDT.PA	Technology	Software - Application
PLNW.PA	Technology	Software - Application
RMS.PA	Consumer Cyclical	Luxury Goods
RXL.PA	Technology	Electronics & Computer Distribution
RCO.PA	Consumer Defensive	Beverages - Wineries & Distilleries
SAMS.PA	Industrials	Industrial Distribution
SBT.PA	Consumer Defensive	Beverages - Wineries & Distilleries
SOI.PA	Technology	Semiconductor Equipment & Materials
SDG.PA	Industrials	Staffing & Employment Services
SIGHT.PA	Healthcare	Biotechnology
SRP.PA	Consumer Cyclical	Internet Retail
STMPA.PA	Technology	Semiconductors
SWP.PA	Technology	Software - Application
TKO.PA	Financial Services	Asset Management
TFF.PA	Consumer Cyclical	Packaging & Containers
TTE.PA	Energy	Oil & Gas Integrated
VAC.PA	Consumer Cyclical	Lodging
VMX.PA	Technology	Software - Infrastructure
VIRI.PA	Energy	Oil & Gas Equipment & Services
WAGA.PA	Industrials	Specialty Industrial Machinery
VK.PA	Basic Materials	Steel
VETO.PA	Healthcare	Drug Manufacturers - Specialty & Generic
XFAB.PA	Technology	Semiconductors
QSI	Healthcare	Medical Devices
QCRH	Financial Services	Banks - Regional
QUIK	Technology	Semiconductors
RBC	Industrials	Tools & Accessories
RCKT	Healthcare	Biotechnology
RDZN	Technology	Software - Application
QNT.US	Technology	Software - Application
RDNT	Healthcare	Diagnostics & Research
RARE.US	Healthcare	Biotechnology
RENT	Consumer Cyclical	Apparel Retail
RELL	Technology	Electronic Components
RGC	Healthcare	Drug Manufacturers - Specialty & Generic
REG	Real Estate	REIT - Retail
RGLD	Basic Materials	Gold
RIGL	Healthcare	Biotechnology
RIVN	Consumer Cyclical	Auto Manufacturers
RGTI	Technology	Computer Hardware
RLMD	Healthcare	Biotechnology
RMR	Real Estate	Real Estate Services
ROIV	Healthcare	Biotechnology
RNW	Utilities	Utilities - Renewable
RPD	Technology	Software - Infrastructure
ROP	Technology	Software - Application
RR	Industrials	Specialty Industrial Machinery
RUBI	Industrials	Marine Shipping
RUSHA	Consumer Cyclical	Auto & Truck Dealerships
RWAY	Financial Services	Asset Management
RXT	Technology	Software - Infrastructure
RZLT	Healthcare	Biotechnology
SAFT	Financial Services	Insurance - Property & Casualty
SAIC	Technology	Information Technology Services
SANA	Healthcare	Biotechnology
SBCF	Financial Services	Banks - Regional
SCHL	Communication Services	Publishing
SBLK	Industrials	Marine Shipping
SCSC	Technology	Electronics & Computer Distribution
SDGR	Healthcare	Health Information Services
SERV	Industrials	Integrated Freight & Logistics
SFIX	Consumer Cyclical	Apparel Retail
SEIC	Financial Services	Asset Management
SGHT	Healthcare	Medical Devices
SGP	Healthcare	Biotechnology
SHBI	Financial Services	Banks - Regional
SIGA	Healthcare	Drug Manufacturers - Specialty & Generic
SHIP	Industrials	Marine Shipping
SHOO	Consumer Cyclical	Footwear & Accessories
SKHY	Technology	Semiconductors
SIRI	Communication Services	Entertainment
SIMO	Technology	Semiconductors
SKYW	Industrials	Airlines
SLDE	Financial Services	Insurance - Property & Casualty
SLP	Healthcare	Health Information Services
SMCI	Technology	Computer Hardware
SMTC	Technology	Semiconductors
SLM	Financial Services	Credit Services
SNDL	Consumer Defensive	Beverages - Wineries & Distilleries
SNGX	Healthcare	Biotechnology
SOFI	Financial Services	Credit Services
SOUN	Technology	Software - Application
SPRC	Healthcare	Biotechnology
SPFI	Financial Services	Banks - Regional
SRAD	Technology	Software - Application
SRRK	Healthcare	Biotechnology
SPT	Technology	Software - Application
STGW	Communication Services	Advertising Agencies
STAA	Healthcare	Medical Instruments & Supplies
STOK	Healthcare	Biotechnology
STLD	Basic Materials	Steel
STRD	Technology	Software - Application
SSP.US	Communication Services	Broadcasting
SUPN	Healthcare	Drug Manufacturers - Specialty & Generic
SYM	Industrials	Specialty Industrial Machinery
STRL.US	Industrials	Engineering & Construction
SVC	Real Estate	REIT - Hotel & Motel
SWKS	Technology	Semiconductors
STX.US	Technology	Computer Hardware
AMBEA.ST	Healthcare	Medical Care Facilities
ADDTb.ST	Industrials	Industrial Distribution
ALIFb.ST	Healthcare	Medical Instruments & Supplies
ASSA-B.ST	Industrials	Security & Protection Services
ARJOb.ST	Healthcare	Medical Distribution
AXFO.ST	Consumer Defensive	Grocery Stores
ATRLJb.ST	Real Estate	Real Estate - Development
BEIJb.ST	Industrials	Industrial Distribution
BONEX.ST	Healthcare	Medical Instruments & Supplies
BIOAb.ST	Healthcare	Biotechnology
CATE.ST	Real Estate	Real Estate - Diversified
DOM.ST	Consumer Cyclical	Leisure
BURE.ST	Financial Services	Asset Management
ELUXB.ST	Consumer Cyclical	Furnishings, Fixtures & Appliances
EQT.ST	Financial Services	Asset Management
ENITY.ST	Financial Services	Mortgage Finance
HEM.ST	Communication Services	Internet Content & Information
ESSITYB.ST	Consumer Defensive	Household & Personal Products
GETIB.ST	Healthcare	Medical Devices
INDT.ST	Industrials	Industrial Distribution
HPOLB.ST	Basic Materials	Specialty Chemicals
IVSO.ST	Technology	Communication Equipment
INTEAb.ST	Real Estate	Real Estate Services
INVEB.ST	Financial Services	Asset Management
LUG.ST	Basic Materials	Gold
KINVB.ST	Financial Services	Asset Management
LIAB.ST	Industrials	Building Products & Equipment
MIPS.ST	Consumer Cyclical	Leisure
MTRS.ST	Industrials	Pollution & Treatment Controls
MCOVb.ST	Healthcare	Medical Care Facilities
NP3.ST	Real Estate	Real Estate Services
ORRON.ST	Utilities	Utilities - Renewable
NCCb.ST	Industrials	Engineering & Construction
NIBEB.ST	Industrials	Building Products & Equipment
SAVE.ST	Financial Services	Capital Markets
RAYb.ST	Healthcare	Health Information Services
SAABB.ST	Industrials	Aerospace & Defense
SEB-A.ST	Financial Services	Banks - Regional
SF.ST	Communication Services	Electronic Gaming & Multimedia
SKA-B.ST	Industrials	Engineering & Construction
THULE.ST	Consumer Cyclical	Leisure
SYSR.ST	Industrials	Building Products & Equipment
SKISb.ST	Consumer Cyclical	Resorts & Casinos
SWECb.ST	Industrials	Engineering & Construction
TRUEb.ST	Technology	Software - Application
SSABB.ST	Basic Materials	Steel
YUBICO.ST	Technology	Software - Infrastructure
VITb.ST	Technology	Software - Application
ABB.ASX	Communication Services	Telecom Services
AIA.ASX	Industrials	Airports & Air Services
ALQ.ASX	Industrials	Consulting Services
WALLb.ST	Real Estate	Real Estate Services
AMC.ASX	Consumer Cyclical	Packaging & Containers
ANZ.ASX	Financial Services	Banks - Diversified
APE.ASX	Consumer Cyclical	Auto & Truck Dealerships
ASX.ASX	Financial Services	Financial Data & Stock Exchanges
AZJ.ASX	Industrials	Railroads
BGA.ASX	Consumer Defensive	Packaged Foods
BMN.ASX	Energy	Uranium
BPT.ASX	Energy	Oil & Gas E&P
BSL.ASX	Basic Materials	Steel
BXB.ASX	Industrials	Specialty Business Services
CCP.ASX	Financial Services	Credit Services
CHC.ASX	Real Estate	REIT - Diversified
CIP.ASX	Real Estate	REIT - Industrial
CMM.ASX	Basic Materials	Gold
COH.ASX	Healthcare	Medical Devices
CQE.ASX	Real Estate	REIT - Specialty
CSL.ASX	Healthcare	Biotechnology
DMP.ASX	Consumer Cyclical	Restaurants
DVP.ASX	Basic Materials	Other Industrial Metals & Mining
DRO.ASX	Industrials	Aerospace & Defense
CWY.ASX	Industrials	Waste Management
ELD.ASX	Consumer Defensive	Farm Products
EVN.ASX	Basic Materials	Gold
GMD.ASX	Basic Materials	Gold
HLI.ASX	Financial Services	Insurance - Specialty
GOZ.ASX	Real Estate	REIT - Office
FLT.ASX	Consumer Cyclical	Travel Services
HUB.ASX	Financial Services	Capital Markets
IDX.ASX	Healthcare	Diagnostics & Research
ILU.ASX	Basic Materials	Other Industrial Metals & Mining
INA.ASX	Real Estate	REIT - Residential
IRE.ASX	Technology	Software - Application
LYC.ASX	Basic Materials	Other Industrial Metals & Mining
KLS.ASX	Industrials	Railroads
JIN.ASX	Consumer Cyclical	Gambling
LLC.ASX	Real Estate	Real Estate - Diversified
MGR.ASX	Real Estate	REIT - Diversified
MND.ASX	Industrials	Engineering & Construction
MQG.ASX		
NAB.ASX	Financial Services	Banks - Diversified
NEC.ASX	Communication Services	Entertainment
NST.ASX	Basic Materials	Gold
NHF.ASX	Financial Services	Insurance - Specialty
NWH.ASX	Industrials	Conglomerates
NXT.ASX	Technology	Information Technology Services
PNV.ASX	Healthcare	Medical Devices
ORI.ASX	Basic Materials	Specialty Chemicals
PME.ASX	Healthcare	Health Information Services
PWH.ASX	Consumer Cyclical	Auto Parts
QBE.ASX	Financial Services	Insurance - Property & Casualty
RIC.ASX	Consumer Defensive	Packaged Foods
RMS.ASX	Basic Materials	Gold
REH.ASX	Industrials	Industrial Distribution
S32.ASX	Basic Materials	Other Industrial Metals & Mining
SGR.ASX	Consumer Cyclical	Resorts & Casinos
SDR.ASX	Technology	Software - Application
SGH.ASX		
SIQ.ASX	Industrials	Specialty Business Services
SUL.ASX	Consumer Cyclical	Specialty Retail
SOL.ASX	Financial Services	Capital Markets
TAH.ASX	Consumer Cyclical	Gambling
WAF.ASX	Basic Materials	Gold
TLS.ASX	Communication Services	Telecom Services
TPG.ASX	Communication Services	Telecom Services
VAU.ASX	Basic Materials	Gold
VNT.ASX	Industrials	Infrastructure Operations
TBPH	Healthcare	Biotechnology
WDS.ASX	Energy	Oil & Gas E&P
TCMD	Healthcare	Medical Devices
WGX.ASX	Basic Materials	Gold
TBBK	Financial Services	Banks - Regional
WTC.ASX	Technology	Software - Application
TCRX	Healthcare	Biotechnology
YAL.ASX	Energy	Thermal Coal
TEAD	Communication Services	Internet Content & Information
WOR.ASX	Energy	Oil & Gas Equipment & Services
TFIN	Financial Services	Banks - Regional
TECX	Healthcare	Biotechnology
THFF	Financial Services	Banks - Regional
THRY	Technology	Software - Application
TILE	Consumer Cyclical	Furnishings, Fixtures & Appliances
TEM.US	Healthcare	Health Information Services
TLS	Technology	Software - Infrastructure
TMCR	Basic Materials	Other Industrial Metals & Mining
TNDM	Healthcare	Medical Devices
TONX	Technology	Software - Application
TORO	Energy	Oil & Gas Midstream
TPST	Healthcare	Biotechnology
TRMB	Technology	Scientific & Technical Instruments
TRON	Consumer Cyclical	Leisure
TRST	Financial Services	Banks - Regional
TRVI	Healthcare	Biotechnology
TSEM	Technology	Semiconductors
TREE.US	Financial Services	Insurance Brokers
TTD	Communication Services	Advertising Agencies
TVTX	Healthcare	Biotechnology
TTMI	Technology	Electronic Components
TXG	Healthcare	Medical Devices
TYRA	Healthcare	Biotechnology
1605.T	Energy	Oil & Gas E&P
1802.T	Industrials	Engineering & Construction
1963.T	Industrials	Engineering & Construction
2282.T	Consumer Defensive	Packaged Foods
2501.T	Consumer Defensive	Beverages - Brewers
2768.T	Industrials	Conglomerates
285A.T	Technology	Semiconductors
1812.T	Industrials	Engineering & Construction
3289.T	Real Estate	Real Estate - Diversified
TSLA.24-7	Consumer Cyclical	Auto Manufacturers
3402.T	Consumer Cyclical	Textile Manufacturing
3086.T	Consumer Cyclical	Department Stores
3436.T	Technology	Semiconductor Equipment & Materials
3861.T	Basic Materials	Paper & Paper Products
4385.T	Consumer Cyclical	Internet Retail
4151.T	Healthcare	Drug Manufacturers - Specialty & Generic
4061.T	Basic Materials	Chemicals
4503.T	Healthcare	Drug Manufacturers - General
4208.T	Basic Materials	Specialty Chemicals
4519.T	Healthcare	Drug Manufacturers - General
4568.T	Healthcare	Drug Manufacturers - General
4021.T	Basic Materials	Chemicals
4755.T	Consumer Cyclical	Internet Retail
4689.T	Consumer Cyclical	Internet Retail
5101.T	Consumer Cyclical	Auto Parts
4911.T	Consumer Defensive	Household & Personal Products
5332.T	Industrials	Building Products & Equipment
5214.T	Technology	Electronic Components
5406.T	Basic Materials	Steel
5631.T	Industrials	Specialty Industrial Machinery
5802.T	Consumer Cyclical	Auto Parts
5713.T	Basic Materials	Other Industrial Metals & Mining
6098.T	Communication Services	Internet Content & Information
6146.T	Technology	Semiconductor Equipment & Materials
6471.T	Consumer Cyclical	Auto Parts
6479.T	Technology	Electronic Components
6326.T	Industrials	Farm & Heavy Construction Machinery
6532.T	Industrials	Consulting Services
6504.T	Industrials	Electrical Equipment & Parts
6724.T	Technology	Computer Hardware
6701.T	Technology	Information Technology Services
6301.T	Industrials	Farm & Heavy Construction Machinery
6758.T	Technology	Consumer Electronics
6841.T	Industrials	Specialty Industrial Machinery
6902.T	Consumer Cyclical	Auto Parts
6976.T	Technology	Electronic Components
6954.T	Industrials	Specialty Industrial Machinery
7004.T	Industrials	Pollution & Treatment Controls
7013.T	Industrials	Specialty Industrial Machinery
7202.T	Consumer Cyclical	Auto Manufacturers
7261.T	Consumer Cyclical	Auto Manufacturers
7270.T	Consumer Cyclical	Auto Manufacturers
7741.T	Healthcare	Medical Instruments & Supplies
7832.T	Consumer Cyclical	Leisure
8002.T	Industrials	Conglomerates
7951.T	Consumer Cyclical	Leisure
8035.T	Technology	Semiconductor Equipment & Materials
8233.T	Consumer Cyclical	Department Stores
8267.T	Consumer Cyclical	Department Stores
8308.T	Financial Services	Banks - Regional
8331.T	Financial Services	Banks - Regional
7731.T	Consumer Cyclical	Leisure
8591.T	Financial Services	Financial Conglomerates
8630.T	Financial Services	Insurance - Property & Casualty
8750.T	Financial Services	Insurance - Life
8801.T	Real Estate	Real Estate - Diversified
8830.T	Real Estate	Real Estate Services
9007.T	Industrials	Railroads
9020.T	Industrials	Railroads
9107.T	Industrials	Marine Shipping
9064.T	Industrials	Trucking
9434.T	Communication Services	Telecom Services
9202.T	Industrials	Airlines
9503.T	Utilities	Utilities - Regulated Electric
9843.T	Consumer Cyclical	Furnishings, Fixtures & Appliances
UAL	Industrials	Airlines
9602.T	Communication Services	Entertainment
UEIC	Technology	Consumer Electronics
UFPT	Healthcare	Medical Devices
ULTA	Consumer Cyclical	Specialty Retail
ULBI	Industrials	Electrical Equipment & Parts
UONE	Communication Services	Broadcasting
UPLD	Technology	Software - Application
UROY	Energy	Uranium
USLM	Basic Materials	Building Materials
VC	Consumer Cyclical	Auto Parts
UVSP	Financial Services	Banks - Regional
VCYT	Healthcare	Diagnostics & Research
VERA	Healthcare	Biotechnology
VIAV	Technology	Communication Equipment
VIR	Healthcare	Biotechnology
VITL	Consumer Defensive	Farm Products
UPXI	Communication Services	Internet Content & Information
VRCA	Healthcare	Biotechnology
VRNS	Technology	Software - Infrastructure
VNOM	Energy	Oil & Gas Midstream
VRSN	Technology	Software - Infrastructure
VTGN	Healthcare	Biotechnology
VSEC	Industrials	Aerospace & Defense
WALD	Consumer Defensive	Household & Personal Products
WAY	Healthcare	Health Information Services
WBD	Communication Services	Entertainment
VLY	Financial Services	Banks - Regional
VXRT	Healthcare	Biotechnology
WDC	Technology	Computer Hardware
WERN	Industrials	Trucking
WHWK	Healthcare	Biotechnology
WFRD	Energy	Oil & Gas Equipment & Services
WING	Consumer Cyclical	Restaurants
WLTH	Technology	Software - Application
WOOF	Consumer Cyclical	Specialty Retail
WLDN	Industrials	Engineering & Construction
WSBC	Financial Services	Banks - Regional
WSE	Technology	Information Technology Services
WULF	Financial Services	Capital Markets
WT	Financial Services	Asset Management
XNCR	Healthcare	Biotechnology
XENE	Healthcare	Biotechnology
XBP	Technology	Software - Infrastructure
WWD	Industrials	Aerospace & Defense
XOS	Industrials	Farm & Heavy Construction Machinery
XPON	Industrials	Electrical Equipment & Parts
XRXDW		
XXII	Consumer Defensive	Tobacco
Z	Communication Services	Internet Content & Information
ZD	Communication Services	Advertising Agencies
ZJYL	Healthcare	Medical Instruments & Supplies
ZNTL	Healthcare	Biotechnology
ZURA	Healthcare	Biotechnology
ALC.ZU	Healthcare	Medical Instruments & Supplies
AVOL.ZU	Consumer Cyclical	Specialty Retail
ABBN.ZU	Industrials	Electrical Equipment & Parts
BEAN.ZU	Industrials	Building Products & Equipment
EMSN.ZU	Basic Materials	Specialty Chemicals
CLN.ZU	Basic Materials	Specialty Chemicals
GALE.ZU	Healthcare	Medical Distribution
HOLN.ZU	Basic Materials	Building Materials
NESN.ZU	Consumer Defensive	Packaged Foods
PGHN.ZU	Financial Services	Asset Management
LISN.ZU	Consumer Defensive	Confectioners
SDZ.ZU	Healthcare	Drug Manufacturers - Specialty & Generic
SLHN.ZU	Financial Services	Insurance - Diversified
ROP.ZU	Healthcare	Drug Manufacturers - General
SPSN.ZU	Real Estate	Real Estate - Diversified
SREN.ZU	Financial Services	Insurance - Reinsurance
TEMN.ZU	Technology	Software - Application
VACN.ZU	Industrials	Specialty Industrial Machinery
ABTC	Financial Services	Capital Markets
ACGL	Financial Services	Insurance - Diversified
AAL	Industrials	Airlines
ACB	Healthcare	Drug Manufacturers - Specialty & Generic
ABNB	Consumer Cyclical	Travel Services
ACIW	Technology	Software - Infrastructure
ABAT	Industrials	Waste Management
ACMR	Technology	Semiconductor Equipment & Materials
ACTG	Industrials	Business Equipment & Supplies
ADEA	Technology	Software - Application
ADTN	Technology	Communication Equipment
ADP	Technology	Software - Application
AGEN	Healthcare	Biotechnology
AFCG	Financial Services	Asset Management
AEP	Utilities	Utilities - Regulated Electric
AGMH	Technology	Computer Hardware
AGYS	Technology	Software - Application
AIHS	Industrials	Rental & Leasing Services
AIRE	Real Estate	Real Estate Services
AKTS	Healthcare	Biotechnology
AKAM	Technology	Software - Infrastructure
ALDX	Healthcare	Biotechnology
ALGN	Healthcare	Medical Instruments & Supplies
ALKS	Healthcare	Drug Manufacturers - Specialty & Generic
ALRS	Financial Services	Banks - Regional
ALVO	Healthcare	Drug Manufacturers - Specialty & Generic
ALNT	Technology	Electronic Components
AMAT	Technology	Semiconductor Equipment & Materials
AMCI	Technology	Computer Hardware
AMGN	Healthcare	Drug Manufacturers - General
AMPH	Healthcare	Drug Manufacturers - Specialty & Generic
ALLT.US	Technology	Software - Infrastructure
ANAB	Healthcare	Biotechnology
AMSF	Financial Services	Insurance - Specialty
ANNX	Healthcare	Biotechnology
ANGO	Healthcare	Medical Instruments & Supplies
AOSL	Technology	Semiconductors
APEI	Consumer Defensive	Education & Training Services
APLD	Technology	Information Technology Services
APMD	Healthcare	Biotechnology
APPF	Technology	Software - Application
AQST	Healthcare	Drug Manufacturers - Specialty & Generic
ARGX	Healthcare	Biotechnology
ARCC	Financial Services	Asset Management
ARM	Technology	Semiconductors
ARVN	Healthcare	Biotechnology
ARQT	Healthcare	Biotechnology
ASLE	Industrials	Airports & Air Services
ASST	Financial Services	Asset Management
ASO	Consumer Cyclical	Specialty Retail
ASTS	Technology	Communication Equipment
ATAT	Consumer Cyclical	Lodging
ATLC	Financial Services	Credit Services
ATRO	Industrials	Aerospace & Defense
AVAH	Healthcare	Medical Care Facilities
AUR	Consumer Cyclical	Auto Parts
AVIR	Healthcare	Biotechnology
AVO	Consumer Defensive	Food Distribution
ATOM.US	Technology	Semiconductor Equipment & Materials
AVXL	Healthcare	Biotechnology
AUDC.US	Technology	Communication Equipment
AXSM	Healthcare	Biotechnology
AZTA	Healthcare	Medical Instruments & Supplies
ALFEN.NV	Industrials	Electrical Equipment & Parts
ADYEN.NV	Technology	Software - Infrastructure
AALB.NV	Industrials	Specialty Industrial Machinery
ASM.NV	Technology	Semiconductor Equipment & Materials
AVTX.NV	Basic Materials	Specialty Chemicals
BESI.NV	Technology	Semiconductor Equipment & Materials
CTPNV.NV	Real Estate	Real Estate - Development
CCEP.NV	Consumer Defensive	Beverages - Non-Alcoholic
ECMPA.NV	Real Estate	REIT - Retail
FFARM.NV	Consumer Defensive	Packaged Foods
HEIJM.NV	Industrials	Engineering & Construction
HAL.NV	Financial Services	Asset Management
IMCD.NV	Basic Materials	Specialty Chemicals
LIGHT.NV	Industrials	Electrical Equipment & Parts
MORE.NV	Industrials	Staffing & Employment Services
NEDAP.NV	Technology	Information Technology Services
OCI.NV	Basic Materials	Agricultural Inputs
NRP.NV	Real Estate	Real Estate - Diversified
PHIA.NV	Healthcare	Medical Devices
THEON.NV	Industrials	Aerospace & Defense
SBMO.NV	Energy	Oil & Gas Equipment & Services
RAND.NV	Industrials	Staffing & Employment Services
TWEKA.NV	Technology	Communication Equipment
BANR	Financial Services	Banks - Regional
BBNX	Healthcare	Medical Devices
BCYC	Healthcare	Biotechnology
BCPC	Basic Materials	Specialty Chemicals
BEEM	Technology	Solar
VALUE.NV	Financial Services	Asset Management
VVY.NV	Healthcare	Biotechnology
SHELL.NV	Energy	Oil & Gas Integrated
BFC	Financial Services	Banks - Regional
BHF	Financial Services	Insurance - Life
BKKT	Technology	Software - Infrastructure
BIIB	Healthcare	Drug Manufacturers - General
BL	Technology	Software - Application
BLFS	Healthcare	Medical Instruments & Supplies
BLMN	Consumer Cyclical	Restaurants
BLZE	Technology	Software - Infrastructure
BMRC	Financial Services	Banks - Regional
BNTX	Healthcare	Biotechnology
BRKR	Healthcare	Medical Devices
BPOP	Financial Services	Banks - Regional
BSP	Technology	Software - Application
BTDR	Technology	Software - Application
BULL	Technology	Software - Application
BWB	Financial Services	Banks - Regional
BYND	Consumer Defensive	Packaged Foods
ABI.BR	Consumer Defensive	Beverages - Brewers
ACKB.BR	Industrials	Engineering & Construction
BANQ.BR	Technology	Software - Application
BIOS.BR	Healthcare	Biotechnology
ATEB.BR	Real Estate	Real Estate - Development
BREB.BR	Financial Services	Asset Management
AGS.BR	Financial Services	Insurance - Diversified
CFEB.BR	Industrials	Engineering & Construction
CPINV.BR	Real Estate	REIT - Healthcare Facilities
DIE.BR	Consumer Cyclical	Auto & Truck Dealerships
INCLU.BR	Real Estate	Real Estate Services
ELI.BR	Utilities	Utilities - Regulated Electric
HOMI.BR	Real Estate	REIT - Residential
FLUX.BR	Energy	Oil & Gas Midstream
IBAB.BR	Healthcare	Medical Devices
NYXH.BR	Healthcare	Medical Devices
KBCA.BR	Financial Services	Asset Management
MELE.BR	Technology	Semiconductors
ONWD.BR	Healthcare	Biotechnology
QFG.BR	Financial Services	Asset Management
SYENS.BR	Basic Materials	Chemicals
RET.BR	Real Estate	REIT - Retail
SIP.BR	Consumer Defensive	Farm Products
TINC.BR	Financial Services	Asset Management
VASTB.BR	Real Estate	REIT - Retail
WHATS.BR	Consumer Defensive	Packaged Foods
UCB.BR	Healthcare	Biotechnology
WDP.BR	Real Estate	REIT - Industrial
CAC	Financial Services	Banks - Regional
CAI	Healthcare	Biotechnology
CAR	Industrials	Rental & Leasing Services
CAMT	Technology	Semiconductor Equipment & Materials
CART	Consumer Cyclical	Internet Retail
CBRS	Technology	Semiconductors
CASY	Consumer Cyclical	Specialty Retail
CCAP	Financial Services	Asset Management
CCOI	Communication Services	Telecom Services
CDNA	Healthcare	Diagnostics & Research
CDXS	Healthcare	Biotechnology
CEG	Utilities	Utilities - Independent Power Producers
CENX	Basic Materials	Aluminum
CCC.US	Technology	Software - Application
CEVA	Technology	Semiconductors
CHA	Consumer Cyclical	Restaurants
CGBD	Financial Services	Asset Management
CGNT	Technology	Software - Infrastructure
CHEF	Consumer Defensive	Food Distribution
CHRS	Healthcare	Biotechnology
CHYM	Technology	Software - Application
CLBT	Technology	Software - Infrastructure
CLLS	Healthcare	Biotechnology
CINF	Financial Services	Insurance - Property & Casualty
CLSK	Financial Services	Capital Markets
CLNE	Energy	Oil & Gas Refining & Marketing
CME	Financial Services	Financial Data & Stock Exchanges
CMPX	Healthcare	Biotechnology
COAG	Healthcare	Biotechnology
CNOB	Financial Services	Banks - Regional
CODX	Healthcare	Medical Devices
CORZ	Technology	Software - Infrastructure
COLM	Consumer Cyclical	Apparel Manufacturing
COIN	Financial Services	Financial Data & Stock Exchanges
CPRT	Industrials	Specialty Business Services
CRBU	Healthcare	Biotechnology
CRML	Basic Materials	Other Industrial Metals & Mining
CRNX	Healthcare	Biotechnology
CRSP	Healthcare	Biotechnology
CRUS	Technology	Semiconductors
CSCO	Technology	Communication Equipment
CSTL	Healthcare	Diagnostics & Research
CTAS	Industrials	Specialty Business Services
CVBF	Financial Services	Banks - Regional
CYTK	Healthcare	Biotechnology
CXAI	Technology	Software - Application
BIOPOR.CO	Healthcare	Diagnostics & Research
CBRAIN.CO	Technology	Software - Application
AMBUB.CO	Healthcare	Medical Devices
COLUM.CO	Technology	Information Technology Services
DANSKE.CO	Financial Services	Banks - Regional
DJUR.CO	Financial Services	Banks - Regional
EMBLA.CO	Healthcare	Medical Devices
GMAB.CO	Healthcare	Biotechnology
CRDO	Technology	Semiconductors
GUBRA.CO	Healthcare	Biotechnology
FLUGb.CO	Basic Materials	Specialty Chemicals
CTMX	Healthcare	Biotechnology
CVLT	Technology	Software - Application
MATAS.CO	Consumer Cyclical	Specialty Retail
LOLB.CO	Financial Services	Banks - Regional
NETC.CO	Technology	Information Technology Services
NORTHM.CO	Communication Services	Publishing
ALKB.CO	Healthcare	Biotechnology
PARKEN.CO	Communication Services	Entertainment
RBREW.CO	Consumer Defensive	Beverages - Brewers
RTX.CO	Technology	Communication Equipment
TRIFOR.CO	Technology	Information Technology Services
UIE.CO	Consumer Defensive	Farm Products
HH.CO	Basic Materials	Building Materials
DAKT	Technology	Electronic Components
DBX	Technology	Software - Infrastructure
DFLI	Industrials	Electrical Equipment & Parts
DGII	Technology	Communication Equipment
DDOG	Technology	Software - Application
ISS.CO	Industrials	Specialty Business Services
DIOD	Technology	Semiconductors
KBHL.CO	Industrials	Airports & Air Services
DOCU	Technology	Software - Application
DNLI	Healthcare	Biotechnology
DORM	Consumer Cyclical	Auto Parts
DPZ	Consumer Cyclical	Restaurants
DSGX	Technology	Software - Application
DVLT	Technology	Software - Infrastructure
DYN	Healthcare	Biotechnology
ALANSARI.AE	Financial Services	Capital Markets
ARMX.AE	Industrials	Integrated Freight & Logistics
DEYAAR.AE	Real Estate	Real Estate - Development
DIC.AE	Real Estate	Real Estate - Development
DU.AE	Communication Services	Telecom Services
SKJE.CO	Financial Services	Banks - Regional
EMIRATESNBD.AE	Financial Services	Banks - Regional
SHUAA.AE	Financial Services	Asset Management
EBAY	Consumer Cyclical	Internet Retail
TABREED.AE	Utilities	Utilities - Regulated Water
ECPG	Financial Services	Credit Services
EFSC	Financial Services	Banks - Regional
EHTH	Financial Services	Insurance Brokers
ELVN	Healthcare	Biotechnology
ENLT	Utilities	Utilities - Renewable
ERAS	Healthcare	Biotechnology
ENTA	Healthcare	Biotechnology
ETON	Healthcare	Drug Manufacturers - Specialty & Generic
ESLT	Industrials	Aerospace & Defense
EVGO	Consumer Cyclical	Specialty Retail
EXFY	Technology	Software - Application
EWTX	Healthcare	Biotechnology
DLTR	Consumer Defensive	Discount Stores
EXPO	Industrials	Engineering & Construction
EYPT	Healthcare	Biotechnology
FANG	Energy	Oil & Gas E&P
DRVN	Consumer Cyclical	Auto & Truck Dealerships
FBNC	Financial Services	Banks - Regional
FELE	Industrials	Specialty Industrial Machinery
FCNCA	Financial Services	Banks - Regional
FIGR	Financial Services	Capital Markets
FISN	Industrials	Specialty Industrial Machinery
FIVN	Technology	Software - Infrastructure
FLEX	Technology	Electronic Components
FLYW	Technology	Software - Infrastructure
FLNA	Healthcare	Biotechnology
FNKO	Consumer Cyclical	Leisure
FRBT	Financial Services	Banks - Diversified
FRMM	Technology	Software - Application
FRSH	Technology	Software - Application
FSBW	Financial Services	Banks - Regional
FSV	Real Estate	Real Estate Services
FOX.US	Communication Services	Entertainment
FULC	Healthcare	Biotechnology
FWDI	Consumer Cyclical	Footwear & Accessories
FWRD	Industrials	Integrated Freight & Logistics
1U1.DE	Communication Services	Telecom Services
2INV.DE		
EOSE	Industrials	Electrical Equipment & Parts
4DS.DE	Energy	Oil & Gas Drilling
93M1.DE	Financial Services	Asset Management
A6T.DE	Technology	Consumer Electronics
AAG.DE	Industrials	Specialty Industrial Machinery
ABO.DE	Utilities	Utilities - Renewable
ACT.DE	Basic Materials	Specialty Chemicals
ADE.DE	Financial Services	Asset Management
ADS.DE	Consumer Cyclical	Footwear & Accessories
AFX.DE	Healthcare	Medical Instruments & Supplies
ALI1.DE	Basic Materials	Other Industrial Metals & Mining
AMI.DE	Technology	Information Technology Services
AIXA.DE	Technology	Semiconductor Equipment & Materials
AT1.DE	Real Estate	Real Estate Services
FFIV	Technology	Software - Infrastructure
AZ2.DE	Industrials	Specialty Industrial Machinery
BAS.DE	Basic Materials	Chemicals
AMZN.EUR	Consumer Cyclical	Internet Retail
BDT.DE	Consumer Cyclical	Auto Parts
BFSA.DE	Industrials	Waste Management
BNN.DE	Basic Materials	Specialty Chemicals
BRNK.DE	Real Estate	Real Estate Services
C3R.DE	Technology	Computer Hardware
BVB.DE	Communication Services	Entertainment
BYW.DE	Industrials	Conglomerates
CFC.DE	Technology	Communication Equipment
CBK.DE	Financial Services	Banks - Regional
CEA.DE	Industrials	Electrical Equipment & Parts
CON.DE	Consumer Cyclical	Auto Parts
D6H0.DE	Technology	Information Technology Services
DEF.DE	Real Estate	Real Estate Services
DEZ.DE	Industrials	Specialty Industrial Machinery
DHER.DE	Consumer Cyclical	Internet Retail
DKG.DE	Real Estate	REIT - Retail
DMRE.DE	Real Estate	Real Estate Services
DR0.DE	Energy	Oil & Gas E&P
DWNI.DE	Real Estate	Real Estate Services
DTE.DE	Communication Services	Telecom Services
EBO.DE	Financial Services	Banks - Regional
ED4.DE	Consumer Cyclical	Auto Parts
EIN.DE	Industrials	Tools & Accessories
ELG.DE	Technology	Semiconductors
EOAN.DE	Utilities	Utilities - Diversified
EXL.DE	Technology	Software - Infrastructure
EVD.DE	Communication Services	Entertainment
FEV.DE	Technology	Electronics & Computer Distribution
FRS.DE	Financial Services	Credit Services
GFG.DE	Consumer Cyclical	Apparel Retail
G1A.DE	Industrials	Specialty Industrial Machinery
GME.DE	Healthcare	Medical Devices
GYC.DE	Real Estate	Real Estate Services
GSC1.DE	Industrials	Specialty Industrial Machinery
HABA.DE	Real Estate	REIT - Diversified
HBH.DE	Consumer Cyclical	Home Improvement Retail
FME.DE	Healthcare	Medical Care Facilities
HEN.DE	Consumer Defensive	Household & Personal Products
HGEA.DE	Consumer Cyclical	Auto Parts
HLE.DE	Consumer Cyclical	Auto Parts
HNL.DE	Industrials	Electrical Equipment & Parts
HP3A.DE	Industrials	Tools & Accessories
HTG.DE	Communication Services	Internet Content & Information
CWC.DE	Consumer Cyclical	Personal Services
DB1.DE	Financial Services	Financial Data & Stock Exchanges
IPOK.DE	Financial Services	Asset Management
INH.DE	Industrials	Conglomerates
ITN.DE	Communication Services	Entertainment
JST.DE	Consumer Cyclical	Auto Parts
IXX.DE	Technology	Information Technology Services
KA8.DE	Communication Services	Broadcasting
KSB3.DE	Industrials	Specialty Industrial Machinery
KGX.DE	Industrials	Farm & Heavy Construction Machinery
KTN.DE	Technology	Information Technology Services
LHA.DE	Industrials	Airlines
LEG.DE	Real Estate	Real Estate Services
LUS1.DE	Financial Services	Capital Markets
LPK.DE	Industrials	Specialty Industrial Machinery
M3B0.DE	Financial Services	Asset Management
MAK.DE	Healthcare	Medical Care Facilities
MBK.DE	Financial Services	Banks - Regional
MRX.DE	Consumer Cyclical	Specialty Retail
MED.DE	Healthcare	Medical Care Facilities
MLP.DE	Financial Services	Asset Management
MTX.DE	Industrials	Aerospace & Defense
MUV2.DE	Financial Services	Insurance - Reinsurance
MWB0.DE	Financial Services	Capital Markets
MZX.DE	Basic Materials	Specialty Chemicals
NBG6.DE	Financial Services	Insurance - Diversified
NF4.DE	Financial Services	Financial Conglomerates
NDA.DE	Industrials	Metal Fabrication
NP5.DE	Healthcare	Biotechnology
O5G.DE	Real Estate	Real Estate Services
OHB.DE	Industrials	Aerospace & Defense
P911.DE	Consumer Cyclical	Auto Manufacturers
PSAN.DE	Technology	Software - Application
PGN.DE	Consumer Cyclical	Auto Parts
PUM.DE	Consumer Cyclical	Footwear & Accessories
NVDA.EUR	Technology	Semiconductors
QIA.DE	Healthcare	Diagnostics & Research
PZS.DE	Financial Services	Asset Management
RAA.DE	Industrials	Specialty Industrial Machinery
RSL2.DE	Industrials	Specialty Industrial Machinery
RHK.DE	Healthcare	Medical Care Facilities
S92.DE	Technology	Solar
RY4C.DE	Industrials	Airlines
SBX.DE	Healthcare	Drug Manufacturers - Specialty & Generic
SAX.DE	Communication Services	Advertising Agencies
SF3.DE	Consumer Cyclical	Auto Parts
SJJ.DE	Technology	Software - Application
SLYG.DE	Industrials	Conglomerates
SIS.DE	Technology	Semiconductor Equipment & Materials
SHA0.DE	Consumer Cyclical	Auto Parts
SNG.DE	Industrials	Specialty Industrial Machinery
SRT.DE	Healthcare	Medical Instruments & Supplies
STO3.DE	Industrials	Building Products & Equipment
T3T1.DE	Technology	Information Technology Services
SWA.DE	Consumer Defensive	Beverages - Wineries & Distilleries
SYZ.DE	Communication Services	Advertising Agencies
TEG.DE	Real Estate	Real Estate - Diversified
TIMA.DE	Consumer Cyclical	Gambling
TNIE.DE	Consumer Cyclical	Leisure
TTR1.DE	Industrials	Specialty Industrial Machinery
ULC.DE	Consumer Cyclical	Leisure
UN9.DE	Financial Services	Insurance - Diversified
VBK.DE	Basic Materials	Specialty Chemicals
VH2.DE	Industrials	Engineering & Construction
TSLA.EUR	Consumer Cyclical	Auto Manufacturers
VNA.DE	Real Estate	Real Estate Services
PCZ.DE	Financial Services	Banks - Diversified
VXT.DE	Communication Services	Entertainment
WAH.DE	Industrials	Pollution & Treatment Controls
VOW.DE	Consumer Cyclical	Auto Manufacturers
WEW.DE	Consumer Cyclical	Furnishings, Fixtures & Appliances
WIG1.DE	Communication Services	Entertainment
XD4.DE	Industrials	Engineering & Construction
GABC	Financial Services	Banks - Regional
YSN.DE	Technology	Software - Infrastructure
GDYN	Technology	Information Technology Services
GDHG	Consumer Cyclical	Leisure
GBDC	Financial Services	Asset Management
GEN	Technology	Software - Infrastructure
GEOS	Energy	Oil & Gas Equipment & Services
GH	Healthcare	Diagnostics & Research
GFS	Technology	Semiconductors
GLBE	Consumer Cyclical	Internet Retail
GLIBK	Communication Services	Telecom Services
GILD	Healthcare	Drug Manufacturers - General
GLPI	Real Estate	REIT - Specialty
GLXY	Financial Services	Capital Markets
GNTX	Consumer Cyclical	Auto Parts
GOOD	Real Estate	REIT - Diversified
GRAL	Healthcare	Diagnostics & Research
GPRE	Basic Materials	Chemicals
GRPN	Communication Services	Internet Content & Information
GOSS	Healthcare	Biotechnology
GSBC	Financial Services	Banks - Regional
GSM	Basic Materials	Other Industrial Metals & Mining
HAFC	Financial Services	Banks - Regional
HAPN	Financial Services	Banks - Regional
HBNC	Financial Services	Banks - Regional
HCKT	Technology	Information Technology Services
HDSN	Basic Materials	Specialty Chemicals
HFWA	Financial Services	Banks - Regional
HIVE	Financial Services	Capital Markets
HLNE	Financial Services	Asset Management
HNST	Consumer Defensive	Household & Personal Products
HOPE	Financial Services	Banks - Regional
HON	Industrials	Conglomerates
HPAI	Technology	Software - Infrastructure
HQY	Healthcare	Health Information Services
HRTX	Healthcare	Biotechnology
HSIC	Healthcare	Medical Distribution
HSTM	Healthcare	Health Information Services
HTLD	Industrials	Trucking
HUMA	Healthcare	Biotechnology
HWC	Financial Services	Banks - Regional
HYFM	Industrials	Farm & Heavy Construction Machinery
ADMCM.HE	Technology	Software - Application
ALBAV.HE	Financial Services	Banks - Regional
ANORA.HE	Consumer Defensive	Beverages - Wineries & Distilleries
ATRAV.HE	Consumer Defensive	Packaged Foods
CAPMAN.HE	Financial Services	Asset Management
DIGIA.HE	Technology	Information Technology Services
EVLI.HE	Financial Services	Asset Management
GRVY	Communication Services	Electronic Gaming & Multimedia
FSECURE.HE	Technology	Software - Infrastructure
GRK.HE	Industrials	Infrastructure Operations
ICP1V.HE	Technology	Electronic Components
HIAB.HE	Industrials	Farm & Heavy Construction Machinery
GTM	Technology	Software - Application
KESKOA.HE	Consumer Defensive	Grocery Stores
KCR.HE	Industrials	Farm & Heavy Construction Machinery
LINDEX.HE	Consumer Cyclical	Apparel Retail
MUSTI.HE	Consumer Cyclical	Personal Services
MEKKO.HE	Consumer Cyclical	Apparel Manufacturing
NOKIA.HE	Technology	Communication Equipment
OMASP.HE	Financial Services	Banks - Regional
OUT1V.HE	Basic Materials	Steel
REMEDY.HE	Communication Services	Electronic Gaming & Multimedia
PON1V.HE	Industrials	Farm & Heavy Construction Machinery
RAUTE.HE	Industrials	Specialty Industrial Machinery
SBI.HE	Consumer Cyclical	Lodging
STERV.HE	Consumer Cyclical	Packaging & Containers
TAALA.HE	Financial Services	Asset Management
TTALO.HE	Healthcare	Medical Care Facilities
UPM.HE	Basic Materials	Paper & Paper Products
VERK.HE	Consumer Cyclical	Internet Retail
YIT.HE	Industrials	Engineering & Construction
ENENTO.HE	Industrials	Consulting Services
00135.HK	Energy	Oil & Gas Refining & Marketing
KOSKI.HE	Basic Materials	Lumber & Wood Production
00006.HK	Utilities	Utilities - Independent Power Producers
00019.HK	Industrials	Conglomerates
00257.HK	Industrials	Waste Management
00322.HK	Consumer Defensive	Packaged Foods
00763.HK	Technology	Communication Equipment
01128.HK	Consumer Cyclical	Resorts & Casinos
02020.HK	Consumer Cyclical	Leisure
01336.HK	Financial Services	Insurance - Life
00966.HK	Financial Services	Insurance - Life
SITOWS.HE	Industrials	Engineering & Construction
01093.HK	Healthcare	Drug Manufacturers - General
02386.HK	Industrials	Engineering & Construction
0434.HK	Communication Services	Electronic Gaming & Multimedia
0390.HK	Industrials	Engineering & Construction
06862.HK	Consumer Cyclical	Restaurants
0753.HK	Industrials	Airlines
0902.HK	Utilities	Utilities - Independent Power Producers
0939.HK	Financial Services	Banks - Diversified
1099.HK	Healthcare	Medical Distribution
1071.HK	Utilities	Utilities - Regulated Electric
1157.HK	Industrials	Farm & Heavy Construction Machinery
1186.HK	Industrials	Engineering & Construction
1209.HK	Real Estate	Real Estate Services
02313.HK	Consumer Cyclical	Textile Manufacturing
1339.HK	Financial Services	Insurance - Property & Casualty
1378.HK	Basic Materials	Aluminum
1456.HK	Financial Services	Capital Markets
06886.HK	Financial Services	Capital Markets
1530.HK	Healthcare	Biotechnology
1628.HK	Real Estate	Real Estate - Development
1698.HK	Communication Services	Internet Content & Information
1024.HK	Communication Services	Internet Content & Information
1797.HK	Consumer Defensive	Education & Training Services
0992.HK	Technology	Computer Hardware
1810.HK	Technology	Consumer Electronics
1833.HK	Healthcare	Health Information Services
1880.HK	Consumer Cyclical	Specialty Retail
1919.HK	Industrials	Marine Shipping
1966.HK	Real Estate	Real Estate - Development
2015.HK	Consumer Cyclical	Auto Manufacturers
200.HK	Consumer Cyclical	Resorts & Casinos
2202.HK	Real Estate	Real Estate - Development
1308.HK	Industrials	Marine Shipping
2318.HK	Financial Services	Insurance - Life
2333.HK	Consumer Cyclical	Auto Manufacturers
2367.HK	Consumer Defensive	Household & Personal Products
2588.HK	Industrials	Rental & Leasing Services
2607.HK	Healthcare	Medical Distribution
2628.HK	Financial Services	Insurance - Life
2799.HK	Financial Services	Asset Management
2899.HK	Basic Materials	Gold
3347.HK	Healthcare	Diagnostics & Research
3311.HK	Industrials	Engineering & Construction
3606.HK	Consumer Cyclical	Auto Parts
3.HK	Utilities	Utilities - Regulated Gas
3750.HK	Industrials	Electrical Equipment & Parts
1772.HK	Basic Materials	Chemicals
3808.HK	Industrials	Farm & Heavy Construction Machinery
3958.HK	Financial Services	Capital Markets
6178.HK	Financial Services	Capital Markets
3988.HK	Financial Services	Banks - Diversified
6066.HK	Financial Services	Capital Markets
6186.HK	Consumer Defensive	Packaged Foods
4.HK	Real Estate	Real Estate - Development
6806.HK	Financial Services	Capital Markets
669.HK	Industrials	Tools & Accessories
9626.HK	Communication Services	Internet Content & Information
9660.HK	Technology	Software - Application
778.HK	Real Estate	REIT - Retail
9866.HK	Consumer Cyclical	Auto Manufacturers
823.HK	Real Estate	REIT - Retail
9896.HK	Consumer Cyclical	Specialty Retail
9926.HK	Healthcare	Biotechnology
IBCP	Financial Services	Banks - Regional
9992.HK	Consumer Cyclical	Leisure
ICHR	Technology	Semiconductor Equipment & Materials
IBOC	Financial Services	Banks - Regional
IEAG	Financial Services	Shell Companies
IFRX	Healthcare	Biotechnology
IIIV	Technology	Software - Infrastructure
IMNM	Healthcare	Biotechnology
IMKTA	Consumer Defensive	Grocery Stores
IMTX	Healthcare	Biotechnology
IMXI	Technology	Software - Infrastructure
INHD	Basic Materials	Steel
INDI	Technology	Semiconductors
INMD	Healthcare	Medical Devices
INSE	Consumer Cyclical	Gambling
INTU	Technology	Software - Application
INTC	Technology	Semiconductors
INVE	Industrials	Building Products & Equipment
6969.HK	Consumer Defensive	Tobacco
IOSP	Basic Materials	Specialty Chemicals
IPDN	Industrials	Staffing & Employment Services
IRTC	Healthcare	Medical Devices
ISRG	Healthcare	Medical Instruments & Supplies
IQ.US	Communication Services	Entertainment
874.HK	Healthcare	Medical Distribution
ITIC	Financial Services	Insurance - Specialty
IVVD	Healthcare	Biotechnology
IZM	Technology	Electronics & Computer Distribution
JANX	Healthcare	Biotechnology
IDCC	Technology	Software - Application
JOYY	Communication Services	Internet Content & Information
KDP	Consumer Defensive	Beverages - Non-Alcoholic
KLAC	Technology	Semiconductor Equipment & Materials
KLRS	Healthcare	Biotechnology
JD.US	Consumer Cyclical	Internet Retail
KLIC	Technology	Semiconductor Equipment & Materials
KNSA	Healthcare	Drug Manufacturers - Specialty & Generic
KEEL	Technology	Information Technology Services
KIDS	Healthcare	Medical Devices
KALU	Basic Materials	Aluminum
KSPI	Technology	Software - Infrastructure
KARD	Healthcare	Biotechnology
KOPN	Technology	Electronic Components
LASR	Technology	Semiconductors
LBTYA	Communication Services	Telecom Services
LE	Consumer Cyclical	Apparel Retail
LENZ	Healthcare	Biotechnology
LI	Consumer Cyclical	Auto Manufacturers
LGN	Industrials	Engineering & Construction
LIFE	Financial Services	Insurance Brokers
IREN	Financial Services	Capital Markets
LIME	Industrials	Rental & Leasing Services
LKQ	Consumer Cyclical	Auto Parts
LNTH	Healthcare	Drug Manufacturers - Specialty & Generic
LIND	Consumer Cyclical	Travel Services
LOCO	Consumer Cyclical	Restaurants
LOVE	Consumer Cyclical	Furnishings, Fixtures & Appliances
JBIO	Healthcare	Biotechnology
LQDT	Consumer Cyclical	Internet Retail
LMNR.US	Consumer Defensive	Farm Products
LXRX	Healthcare	Biotechnology
LYTS	Technology	Electronic Components
LFST	Healthcare	Medical Care Facilities
LIVN	Healthcare	Medical Devices
SEM.LS	Basic Materials	Paper & Paper Products
AAF.L	Communication Services	Telecom Services
TDSA.LS	Industrials	Engineering & Construction
LUNG	Healthcare	Medical Devices
LSTR	Industrials	Integrated Freight & Logistics
AEWU.L		
ALNA.L		
ABF.L	Consumer Defensive	Packaged Foods
AML.L	Consumer Cyclical	Auto Manufacturers
GLINT.LS	Technology	Information Technology Services
ASC.L	Consumer Cyclical	Internet Retail
API.L	Real Estate	REIT - Diversified
NBA.LS	Technology	Information Technology Services
AUTO.L	Communication Services	Internet Content & Information
AVON.L	Industrials	Aerospace & Defense
BA.L	Industrials	Aerospace & Defense
PHR.LS	Financial Services	Asset Management
BBY.L	Industrials	Engineering & Construction
BME.L	Consumer Defensive	Discount Stores
BNZL.L	Consumer Defensive	Food Distribution
BOY.L	Industrials	Specialty Industrial Machinery
BRBY.L	Consumer Cyclical	Luxury Goods
CAN.L	Communication Services	Entertainment
CARD.L	Consumer Cyclical	Specialty Retail
CCC.L	Technology	Information Technology Services
CHRY.L	Financial Services	Asset Management
COA.L	Consumer Cyclical	Textile Manufacturing
CRDA.L	Basic Materials	Specialty Chemicals
CSN.L	Financial Services	Insurance - Life
CURY.L	Consumer Cyclical	Specialty Retail
DEC.L	Energy	Oil & Gas Integrated
DIA.L	Industrials	Electrical Equipment & Parts
DRX.L	Utilities	Utilities - Renewable
ELIX.L	Industrials	Consulting Services
ENOG.L	Energy	Oil & Gas E&P
EXPN.L	Industrials	Consulting Services
FCH.L	Financial Services	Credit Services
BHP.L	Basic Materials	Other Industrial Metals & Mining
BARC.L	Financial Services	Banks - Diversified
FEML.L	Financial Services	Asset Management
FOXT.L	Real Estate	Real Estate Services
BTRW.L	Consumer Cyclical	Residential Construction
FSJ.L	Industrials	Marine Shipping
BYG.L	Real Estate	REIT - Industrial
FVA.L	Consumer Defensive	Packaged Foods
GFRD.L	Industrials	Engineering & Construction
GLE.L	Consumer Cyclical	Residential Construction
GNC.L	Consumer Defensive	Packaged Foods
GRG.L	Consumer Cyclical	Restaurants
HEMO.L	Healthcare	Biotechnology
GSK.L	Healthcare	Drug Manufacturers - General
HLCL.L	Real Estate	Real Estate Services
DOCS.L	Consumer Cyclical	Footwear & Accessories
HOC.L	Basic Materials	Other Precious Metals & Mining
ESNT.L	Basic Materials	Specialty Chemicals
HSD.L	Financial Services	Insurance - Life
HTG.L	Energy	Oil & Gas Equipment & Services
HWDN.L	Consumer Cyclical	Furnishings, Fixtures & Appliances
IBST.L	Basic Materials	Building Materials
INF.L	Communication Services	Publishing
IPF.L	Financial Services	Credit Services
IMB.L	Consumer Defensive	Tobacco
JTC.L	Financial Services	Asset Management
GEMD.L	Basic Materials	Other Precious Metals & Mining
JDW.L	Consumer Cyclical	Restaurants
KLSO.L	Financial Services	Asset Management
KGF.L	Consumer Cyclical	Home Improvement Retail
LGEN.L	Financial Services	Asset Management
HBR.L	Energy	Oil & Gas E&P
HICL.L		
LRE.L	Financial Services	Insurance - Specialty
LTOD.L	Industrials	Engineering & Construction
MAB1.L	Financial Services	Mortgage Finance
MCG.L	Industrials	Railroads
MICC.L	Consumer Defensive	Packaged Foods
MNG.L	Financial Services	Asset Management
MTRO.L	Financial Services	Banks - Regional
MONY.L	Communication Services	Internet Content & Information
MRO.L	Industrials	Specialty Industrial Machinery
NANO.L	Technology	Semiconductor Equipment & Materials
NRR.L	Real Estate	REIT - Retail
IGG.L	Financial Services	Capital Markets
OSB.L	Financial Services	Mortgage Finance
NXR.L	Industrials	Building Products & Equipment
OXIG.L	Technology	Scientific & Technical Instruments
PETS.L	Consumer Cyclical	Specialty Retail
PCA.L	Real Estate	REIT - Diversified
PHAR.L	Energy	Oil & Gas E&P
PINE.L	Technology	Software - Application
POLN.L	Financial Services	Asset Management
ITV.L	Communication Services	Broadcasting
PROC.L	Consumer Cyclical	Specialty Retail
PRV.L	Industrials	Pollution & Treatment Controls
PYX.L	Basic Materials	Other Industrial Metals & Mining
QQ.L	Industrials	Aerospace & Defense
PSN.L	Consumer Cyclical	Residential Construction
RESI.L		
RIGD.L	Energy	Oil & Gas Refining & Marketing
RCP.L		
RMV.L	Communication Services	Internet Content & Information
SAGA.L	Consumer Cyclical	Travel Services
RTO.L	Industrials	Specialty Business Services
SDLF.L	Financial Services	Insurance - Life
SEQI.L	Financial Services	Asset Management
SDY.L	Industrials	Rental & Leasing Services
SGE.L	Technology	Software - Application
SHC.L	Real Estate	REIT - Retail
SIHL.L	Financial Services	Asset Management
SMSN.L	Technology	Consumer Electronics
SPI.L	Healthcare	Medical Care Facilities
SN.L	Healthcare	Medical Devices
PAGE.L	Industrials	Staffing & Employment Services
SSE.L	Utilities	Utilities - Diversified
STAN.L	Financial Services	Banks - Diversified
STVG.L	Communication Services	Broadcasting
SWC.L	Technology	Software - Application
TBCG.L	Financial Services	Banks - Regional
THG.L	Consumer Cyclical	Internet Retail
TEP.L	Utilities	Utilities - Diversified
TMIP.L	Industrials	Marine Shipping
TRIG.L	Utilities	Utilities - Renewable
TPK.L	Industrials	Industrial Distribution
TSCO.L	Consumer Defensive	Grocery Stores
TW.L	Consumer Cyclical	Residential Construction
VCT.L	Basic Materials	Specialty Chemicals
RS1.L	Industrials	Industrial Distribution
UU.L	Utilities	Utilities - Regulated Water
SBRE.L	Financial Services	Insurance Brokers
VOD.L	Communication Services	Telecom Services
VSVS.L	Basic Materials	Steel
WIZZ.L	Industrials	Airlines
WIL.L	Consumer Defensive	Education & Training Services
YNGN.L	Consumer Cyclical	Restaurants
WPP.L	Communication Services	Advertising Agencies
XPP.L	Industrials	Electrical Equipment & Parts
SRE.L	Real Estate	Real Estate Services
ACSO.L	Technology	Software - Application
APTA.L	Healthcare	Biotechnology
SVS.L	Real Estate	Real Estate Services
BOR.L	Energy	Oil & Gas E&P
BVXP.L	Healthcare	Biotechnology
CNC.L	Technology	Computer Hardware
AAU.L	Basic Materials	Gold
ZTF.L	Basic Materials	Specialty Chemicals
ARCM.L	Basic Materials	Other Industrial Metals & Mining
FDEV.L	Communication Services	Electronic Gaming & Multimedia
EOG.L	Energy	Oil & Gas E&P
AXS.L	Basic Materials	Lumber & Wood Production
CER.L	Technology	Software - Application
FNTL.L	Industrials	Consulting Services
FUM.L	Healthcare	Biotechnology
GFM.L	Basic Materials	Other Industrial Metals & Mining
GMR.L	Communication Services	Electronic Gaming & Multimedia
ECO.L	Energy	Oil & Gas E&P
HE1.L	Energy	Oil & Gas E&P
DOTD.L	Technology	Software - Application
IES.L	Industrials	Electrical Equipment & Parts
EMAN.L	Communication Services	Entertainment
JLP.L	Basic Materials	Other Industrial Metals & Mining
KMK.L	Technology	Scientific & Technical Instruments
ING.L	Technology	Software - Application
KEYS.L	Industrials	Specialty Business Services
MTC.L	Consumer Cyclical	Specialty Retail
MANO.L	Industrials	Consulting Services
NFX.L	Healthcare	Biotechnology
NOG.L	Energy	Oil & Gas Integrated
PANR.L	Energy	Oil & Gas E&P
POLB.L	Healthcare	Biotechnology
PRO.L	Industrials	Rental & Leasing Services
SEE.L	Technology	Software - Infrastructure
QED.L	Energy	Oil & Gas Integrated
RKH.L	Energy	Oil & Gas E&P
SYME.L	Technology	Software - Application
SPSY.L	Technology	Software - Application
STAF.L	Industrials	Staffing & Employment Services
SDG.L	Consumer Cyclical	Furnishings, Fixtures & Appliances
TERN.L	Financial Services	Asset Management
THX.L	Basic Materials	Gold
TRB.L	Technology	Software - Application
VIC.L	Consumer Cyclical	Home Improvement Retail
WRKS.L	Consumer Cyclical	Specialty Retail
W7L.L	Consumer Defensive	Household & Personal Products
MAKO	Basic Materials	Gold
MAR	Consumer Cyclical	Lodging
MBGL	Technology	Software - Infrastructure
MBUU	Consumer Cyclical	Recreational Vehicles
MAT	Consumer Cyclical	Leisure
MCHP	Technology	Semiconductors
MELI	Consumer Cyclical	Internet Retail
METCB	Basic Materials	Coking Coal
MFP	Industrials	Specialty Industrial Machinery
MERC	Basic Materials	Paper & Paper Products
MGNX	Healthcare	Biotechnology
MGTX	Healthcare	Biotechnology
MKTX	Financial Services	Capital Markets
MITK	Technology	Software - Application
MLGO	Technology	Software - Infrastructure
MMYT	Consumer Cyclical	Travel Services
MNY	Communication Services	Internet Content & Information
MORN	Financial Services	Financial Data & Stock Exchanges
MNRO	Consumer Cyclical	Auto Parts
MLYS	Healthcare	Biotechnology
MPWR	Technology	Semiconductors
MRCY	Industrials	Aerospace & Defense
MRX	Financial Services	Capital Markets
MRTN	Industrials	Trucking
MTC	Financial Services	Capital Markets
MTRX	Industrials	Engineering & Construction
MVBF	Financial Services	Banks - Regional
ACS.MC	Industrials	Engineering & Construction
MCBS	Financial Services	Banks - Regional
MDB	Technology	Software - Infrastructure
MSFT	Technology	Software - Infrastructure
MWC	Consumer Cyclical	Auto Parts
MYPS	Communication Services	Electronic Gaming & Multimedia
DIA.MC	Consumer Defensive	Discount Stores
MDLZ	Consumer Defensive	Confectioners
ENG.MC	Utilities	Utilities - Regulated Gas
FDR.MC	Consumer Cyclical	Leisure
ANE.MC	Utilities	Utilities - Renewable
BKT.MC	Financial Services	Banks - Regional
LDA.MC	Financial Services	Insurance - Property & Casualty
IDR.MC	Technology	Information Technology Services
MEL.MC	Consumer Cyclical	Lodging
CIE.MC	Consumer Cyclical	Auto Parts
NTGY.MC	Utilities	Utilities - Regulated Gas
ROVI.MC	Healthcare	Drug Manufacturers - Specialty & Generic
SCYR.MC	Industrials	Engineering & Construction
BMPS.MI	Financial Services	Banks - Regional
BZU.MI	Basic Materials	Building Materials
DIA.MI	Healthcare	Diagnostics & Research
FBK.MI	Financial Services	Banks - Regional
GVS.MI	Industrials	Pollution & Treatment Controls
GRE.MC	Industrials	Engineering & Construction
ALM.MC	Healthcare	Drug Manufacturers - Specialty & Generic
INW.MI	Real Estate	Real Estate Services
MAIRE.MI	Industrials	Engineering & Construction
ITM.MI	Consumer Defensive	Packaged Foods
PSG.MC	Industrials	Security & Protection Services
UNI.MC	Financial Services	Banks - Regional
REY.MI	Technology	Information Technology Services
AMP.MI	Healthcare	Medical Distribution
SFER.MI	Consumer Cyclical	Luxury Goods
STLAM.MI	Consumer Cyclical	Auto Manufacturers
TGYM.MI	Consumer Cyclical	Leisure
TRN.MI	Utilities	Utilities - Regulated Electric
ZV.MI	Consumer Cyclical	Packaging & Containers
NAVN	Technology	Software - Application
ENAV.MI	Industrials	Airports & Air Services
NBTB	Financial Services	Banks - Regional
NEOG	Healthcare	Medical Devices
NDSN	Industrials	Specialty Industrial Machinery
NEXT	Energy	Oil & Gas Equipment & Services
NICE	Technology	Software - Application
NMFC	Financial Services	Asset Management
NN	Technology	Software - Infrastructure
NOVT	Technology	Scientific & Technical Instruments
NRDS	Communication Services	Internet Content & Information
NTAP	Technology	Software - Infrastructure
NTGR	Technology	Communication Equipment
NEXI.MI	Technology	Software - Infrastructure
BC.MI	Consumer Cyclical	Luxury Goods
NVTS	Technology	Semiconductors
NAMS	Healthcare	Biotechnology
NBIX	Healthcare	Drug Manufacturers - Specialty & Generic
NXT.US	Technology	Solar
AA	Basic Materials	Aluminum
AAP	Consumer Cyclical	Auto Parts
NSIT.US	Technology	Electronics & Computer Distribution
PST.MI	Industrials	Integrated Freight & Logistics
NTRA	Healthcare	Diagnostics & Research
NUTX	Healthcare	Medical Care Facilities
NVCT	Healthcare	Biotechnology
ABEV	Consumer Defensive	Beverages - Brewers
ABR	Real Estate	REIT - Mortgage
ACVA	Consumer Cyclical	Auto & Truck Dealerships
ADIG	Technology	Computer Hardware
ACA.US	Industrials	Engineering & Construction
NWL	Consumer Defensive	Household & Personal Products
ADT	Industrials	Security & Protection Services
NXH	Consumer Cyclical	Internet Retail
AEXA	Financial Services	Shell Companies
AEM	Basic Materials	Gold
ACH.US	Healthcare	Medical Distribution
AG	Basic Materials	Silver
AERO.US	Industrials	Airlines
AGI	Basic Materials	Gold
AGO	Financial Services	Insurance - Specialty
AHR	Real Estate	REIT - Healthcare Facilities
AIG	Financial Services	Insurance - Diversified
AIT	Industrials	Industrial Distribution
ALIT	Technology	Software - Application
AJG	Financial Services	Insurance Brokers
ALB	Basic Materials	Specialty Chemicals
ALLE	Industrials	Security & Protection Services
AMC	Communication Services	Entertainment
ALX	Real Estate	REIT - Retail
AMG	Financial Services	Asset Management
AAUC	Basic Materials	Gold
AMRZ	Basic Materials	Building Materials
AMTM	Industrials	Specialty Business Services
ACM	Industrials	Engineering & Construction
AMP.US	Financial Services	Asset Management
ANET	Technology	Computer Hardware
ANVS	Healthcare	Biotechnology
AMZN.24-7	Consumer Cyclical	Internet Retail
APG	Industrials	Engineering & Construction
AOS	Industrials	Specialty Industrial Machinery
APO	Financial Services	Asset Management
ARES	Financial Services	Asset Management
ARLO	Industrials	Building Products & Equipment
ARR	Real Estate	REIT - Mortgage
AR.US	Energy	Oil & Gas E&P
AS	Consumer Cyclical	Leisure
ASC	Industrials	Marine Shipping
ATEN	Technology	Software - Infrastructure
ASPN	Basic Materials	Specialty Chemicals
ATKR	Industrials	Electrical Equipment & Parts
ATO	Utilities	Utilities - Regulated Gas
AU	Basic Materials	Gold
AVD	Basic Materials	Agricultural Inputs
ALTG	Industrials	Industrial Distribution
AVTR	Healthcare	Medical Instruments & Supplies
AWK	Utilities	Utilities - Regulated Water
AXTA	Basic Materials	Specialty Chemicals
AXIAY	Utilities	Utilities - Renewable
AMR	Basic Materials	Coking Coal
B	Basic Materials	Gold
BAC	Financial Services	Banks - Diversified
BAP	Financial Services	Banks - Regional
BB	Technology	Software - Infrastructure
BBD	Financial Services	Banks - Regional
BBW	Consumer Cyclical	Specialty Retail
BCSF	Financial Services	Asset Management
BC	Consumer Cyclical	Recreational Vehicles
BDX	Healthcare	Medical Instruments & Supplies
BCH.US	Financial Services	Banks - Regional
BFH	Financial Services	Credit Services
BF-B	Consumer Defensive	Beverages - Wineries & Distilleries
BEN	Financial Services	Asset Management
BG	Consumer Defensive	Farm Products
BILL	Technology	Software - Application
BIPC	Utilities	Utilities - Regulated Gas
BKD	Healthcare	Medical Care Facilities
BKU	Financial Services	Banks - Regional
BLDR	Industrials	Building Products & Equipment
BKR	Energy	Oil & Gas Equipment & Services
BLSH	Technology	Software - Infrastructure
AZUL	Industrials	Airlines
BMI	Technology	Scientific & Technical Instruments
BNS	Financial Services	Banks - Diversified
BOBS	Consumer Cyclical	Specialty Retail
BMY	Healthcare	Drug Manufacturers - General
BOOT	Consumer Cyclical	Apparel Retail
BALL	Consumer Cyclical	Packaging & Containers
BBT	Financial Services	Banks - Regional
BRC	Industrials	Security & Protection Services
BRO	Financial Services	Insurance Brokers
BTI	Consumer Defensive	Tobacco
BUR	Financial Services	Asset Management
BP.US	Energy	Oil & Gas Integrated
BVN	Basic Materials	Other Precious Metals & Mining
BWMX	Consumer Cyclical	Specialty Retail
BXC	Industrials	Industrial Distribution
BXP	Real Estate	REIT - Office
BYD	Consumer Cyclical	Resorts & Casinos
CAAP	Industrials	Airports & Air Services
BHE	Technology	Electronic Components
CARR	Industrials	Building Products & Equipment
CBAN	Financial Services	Banks - Regional
CALX.US	Technology	Software - Infrastructure
CBT	Basic Materials	Specialty Chemicals
CCJ	Energy	Uranium
CCS	Real Estate	Real Estate - Development
CC.US	Basic Materials	Specialty Chemicals
CDLR	Industrials	Engineering & Construction
BSAC	Financial Services	Banks - Regional
BRSP	Real Estate	REIT - Mortgage
CE	Basic Materials	Chemicals
CFG	Financial Services	Banks - Regional
CHCT	Real Estate	REIT - Healthcare Facilities
CHT	Communication Services	Telecom Services
CHGG	Consumer Defensive	Education & Training Services
CIM	Real Estate	REIT - Mortgage
BSX.US	Healthcare	Medical Devices
CIB	Financial Services	Banks - Regional
CL	Consumer Defensive	Household & Personal Products
CLW	Basic Materials	Paper & Paper Products
CLH	Industrials	Waste Management
CMG	Consumer Cyclical	Restaurants
CMBT	Energy	Oil & Gas Midstream
CMS	Utilities	Utilities - Regulated Electric
CNA	Financial Services	Insurance - Property & Casualty
CNMD	Healthcare	Medical Devices
CNI	Industrials	Railroads
CATO	Consumer Cyclical	Apparel Retail
CNS	Financial Services	Asset Management
COF	Financial Services	Credit Services
CNP	Utilities	Utilities - Regulated Electric
COUR	Consumer Defensive	Education & Training Services
CPAY	Technology	Software - Infrastructure
COP	Energy	Oil & Gas E&P
CPNG	Consumer Cyclical	Internet Retail
CRBG	Financial Services	Asset Management
CPT	Real Estate	REIT - Residential
CRI	Consumer Cyclical	Apparel Retail
CRM	Technology	Software - Application
CSTM	Basic Materials	Aluminum
CSL	Industrials	Building Products & Equipment
CTEV	Healthcare	Health Information Services
CTOS	Industrials	Rental & Leasing Services
CTS	Technology	Electronic Components
CUBI	Financial Services	Banks - Regional
CUZ	Real Estate	REIT - Office
CVNA	Consumer Cyclical	Auto & Truck Dealerships
CVSA	Consumer Defensive	Education & Training Services
CWEN	Utilities	Utilities - Renewable
CWT	Utilities	Utilities - Regulated Water
CVI.US	Energy	Oil & Gas Refining & Marketing
CYH	Healthcare	Medical Care Facilities
CXT	Industrials	Business Equipment & Supplies
CAG	Consumer Defensive	Packaged Foods
DAL	Industrials	Airlines
DAVA	Technology	Software - Infrastructure
DBI	Consumer Cyclical	Footwear & Accessories
DD	Basic Materials	Specialty Chemicals
DFH	Consumer Cyclical	Residential Construction
DEI	Real Estate	REIT - Office
DE	Industrials	Farm & Heavy Construction Machinery
DGX	Healthcare	Diagnostics & Research
DHT	Energy	Oil & Gas Midstream
COMP.US	Real Estate	Real Estate Services
DIS	Communication Services	Entertainment
DOUG	Real Estate	Real Estate Services
DSX	Industrials	Marine Shipping
DTM	Energy	Oil & Gas Midstream
DVA	Healthcare	Medical Care Facilities
DXC	Technology	Information Technology Services
EAF	Industrials	Electrical Equipment & Parts
EBS	Healthcare	Drug Manufacturers - Specialty & Generic
ECL	Basic Materials	Specialty Chemicals
DCI	Industrials	Specialty Industrial Machinery
EFX	Industrials	Consulting Services
DOCN	Technology	Software - Infrastructure
DNN	Energy	Uranium
DKS	Consumer Cyclical	Specialty Retail
EGHT	Technology	Software - Application
DQ	Technology	Semiconductor Equipment & Materials
DLX	Industrials	Conglomerates
EGY	Energy	Oil & Gas E&P
ELF	Consumer Defensive	Household & Personal Products
EIX	Utilities	Utilities - Regulated Electric
EMBJ	Industrials	Aerospace & Defense
EMR	Industrials	Specialty Industrial Machinery
ENOV	Healthcare	Medical Devices
ENVA	Financial Services	Credit Services
EPM	Energy	Oil & Gas E&P
EQBK	Financial Services	Banks - Regional
EQT	Energy	Oil & Gas E&P
EROC	Industrials	Specialty Industrial Machinery
ESAB	Industrials	Metal Fabrication
ESNT	Financial Services	Insurance - Specialty
ESTC	Technology	Software - Application
EDN	Utilities	Utilities - Regulated Electric
EVC	Communication Services	Advertising Agencies
ETN	Industrials	Specialty Industrial Machinery
EVTC	Technology	Software - Infrastructure
EFC	Real Estate	REIT - Mortgage
EXPD	Industrials	Integrated Freight & Logistics
FAF	Financial Services	Insurance - Specialty
FCF	Financial Services	Banks - Regional
FDXF	Industrials	Integrated Freight & Logistics
FCX	Basic Materials	Copper
FF	Basic Materials	Specialty Chemicals
FIGS	Consumer Cyclical	Apparel Manufacturing
ELS	Real Estate	REIT - Residential
FHN	Financial Services	Banks - Regional
EPAM	Technology	Information Technology Services
FLG	Financial Services	Banks - Regional
FMX	Consumer Defensive	Beverages - Brewers
FLS	Industrials	Specialty Industrial Machinery
FND	Consumer Cyclical	Home Improvement Retail
FOIL	Industrials	Electrical Equipment & Parts
FPI	Real Estate	REIT - Specialty
FRO	Energy	Oil & Gas Midstream
FIS.US	Technology	Information Technology Services
FSM	Basic Materials	Gold
FTAI	Industrials	Aerospace & Defense
FTS	Utilities	Utilities - Regulated Electric
EVI	Industrials	Industrial Distribution
FUL	Basic Materials	Specialty Chemicals
EXE	Energy	Oil & Gas E&P
GBCI	Financial Services	Banks - Regional
GCO	Consumer Cyclical	Apparel Retail
GDDY	Technology	Software - Infrastructure
FBP	Financial Services	Banks - Regional
GEF	Consumer Cyclical	Packaging & Containers
GENI	Communication Services	Internet Content & Information
GEV	Industrials	Specialty Industrial Machinery
G.US	Technology	Information Technology Services
GFL	Industrials	Waste Management
GGG	Industrials	Specialty Industrial Machinery
GLOB	Technology	Information Technology Services
GIS	Consumer Defensive	Packaged Foods
GM	Consumer Cyclical	Auto Manufacturers
GMED	Healthcare	Medical Devices
GOTU	Consumer Defensive	Education & Training Services
GOLF	Consumer Cyclical	Leisure
GPOR	Energy	Oil & Gas E&P
GPK	Consumer Cyclical	Packaging & Containers
GNK.US	Industrials	Marine Shipping
GNS.US	Consumer Defensive	Education & Training Services
GRND	Technology	Software - Application
GS	Financial Services	Capital Markets
GWRE	Technology	Software - Application
GTY	Real Estate	REIT - Retail
GRC.US	Industrials	Specialty Industrial Machinery
HAYW	Industrials	Electrical Equipment & Parts
HCC	Basic Materials	Coking Coal
HAL	Energy	Oil & Gas Equipment & Services
HDB	Financial Services	Banks - Regional
H.US	Consumer Cyclical	Lodging
HGTY	Financial Services	Insurance - Property & Casualty
HLLY	Consumer Cyclical	Auto Parts
HIG	Financial Services	Insurance - Diversified
HLX	Energy	Oil & Gas Equipment & Services
HLF	Consumer Defensive	Packaged Foods
HIPO	Financial Services	Insurance - Property & Casualty
HMY	Basic Materials	Gold
GIB	Technology	Information Technology Services
HP	Energy	Oil & Gas Drilling
HRI	Industrials	Rental & Leasing Services
HPQ	Technology	Computer Hardware
HSBC	Financial Services	Banks - Diversified
HTGC	Financial Services	Asset Management
HUM	Healthcare	Healthcare Plans
HVT	Consumer Cyclical	Home Improvement Retail
IDT	Communication Services	Telecom Services
IAG.US	Basic Materials	Gold
GSL	Industrials	Marine Shipping
IHG	Consumer Cyclical	Lodging
IIPR	Real Estate	REIT - Industrial
IFF	Basic Materials	Specialty Chemicals
INFQ	Technology	Software - Infrastructure
INGR	Consumer Defensive	Packaged Foods
INSW	Energy	Oil & Gas Midstream
INVX	Energy	Oil & Gas Equipment & Services
IR	Industrials	Specialty Industrial Machinery
HOG	Consumer Cyclical	Recreational Vehicles
IRT	Real Estate	REIT - Residential
IP.US	Consumer Cyclical	Packaging & Containers
HTZ	Industrials	Rental & Leasing Services
IVR	Real Estate	REIT - Mortgage
IX	Financial Services	Financial Conglomerates
HY	Industrials	Farm & Heavy Construction Machinery
JBI	Industrials	Building Products & Equipment
JELD	Industrials	Building Products & Equipment
JBTM	Industrials	Specialty Industrial Machinery
ICL	Basic Materials	Agricultural Inputs
JMKE	Consumer Cyclical	Restaurants
JKS	Technology	Solar
JOE	Real Estate	Real Estate - Diversified
KAI	Industrials	Specialty Industrial Machinery
KBR	Industrials	Engineering & Construction
KEN	Utilities	Utilities - Independent Power Producers
KFY	Industrials	Staffing & Employment Services
KEY	Financial Services	Banks - Regional
KNF	Basic Materials	Building Materials
KLC	Consumer Defensive	Education & Training Services
KIM	Real Estate	REIT - Retail
KMT	Industrials	Tools & Accessories
KNX	Industrials	Trucking
KOF	Consumer Defensive	Beverages - Non-Alcoholic
KSS	Consumer Cyclical	Department Stores
KR	Consumer Defensive	Grocery Stores
KWY	Financial Services	Asset Management
KRG	Real Estate	REIT - Retail
KVUE	Consumer Defensive	Household & Personal Products
LAD	Consumer Cyclical	Auto & Truck Dealerships
LAW	Technology	Software - Application
ITT	Industrials	Specialty Industrial Machinery
LBRT	Energy	Oil & Gas Equipment & Services
LCTX	Healthcare	Biotechnology
LEA	Consumer Cyclical	Auto Parts
LMND	Financial Services	Insurance - Property & Casualty
LION		
LH	Healthcare	Diagnostics & Research
IBP	Consumer Cyclical	Residential Construction
LNG	Energy	Oil & Gas Midstream
LOMA	Basic Materials	Building Materials
LPL	Technology	Consumer Electronics
LTM	Industrials	Airlines
LXP	Real Estate	REIT - Industrial
LUMN	Communication Services	Telecom Services
LYG	Financial Services	Banks - Regional
LZB	Consumer Cyclical	Furnishings, Fixtures & Appliances
LVS	Consumer Cyclical	Resorts & Casinos
MAGN	Consumer Defensive	Household & Personal Products
MAX	Communication Services	Internet Content & Information
MAS	Industrials	Building Products & Equipment
MC	Financial Services	Capital Markets
MCK	Healthcare	Medical Distribution
MCY	Financial Services	Insurance - Property & Casualty
MFA	Real Estate	REIT - Mortgage
MEI	Technology	Electronic Components
MG	Industrials	Security & Protection Services
MGY	Energy	Oil & Gas E&P
MHO	Consumer Cyclical	Residential Construction
MKL	Financial Services	Insurance - Property & Casualty
MLR	Consumer Cyclical	Auto Parts
MIR.US	Industrials	Specialty Industrial Machinery
MMS	Industrials	Specialty Business Services
MO	Consumer Defensive	Tobacco
MOH	Healthcare	Healthcare Plans
LSPD	Technology	Software - Application
MP	Basic Materials	Other Industrial Metals & Mining
MPT	Real Estate	REIT - Healthcare Facilities
MRP	Real Estate	REIT - Residential
MSGS	Communication Services	Entertainment
MTDR	Energy	Oil & Gas E&P
MAN	Industrials	Staffing & Employment Services
MTW	Industrials	Farm & Heavy Construction Machinery
MT.US	Basic Materials	Steel
MDU	Utilities	Utilities - Regulated Gas
MUFG	Financial Services	Banks - Diversified
MUX	Basic Materials	Other Precious Metals & Mining
NATL	Technology	Software - Application
MS	Financial Services	Capital Markets
MA	Financial Services	Credit Services
MSDL	Financial Services	Asset Management
NEXA	Basic Materials	Other Industrial Metals & Mining
MTN	Consumer Cyclical	Resorts & Casinos
NGVT	Basic Materials	Specialty Chemicals
NGG	Utilities	Utilities - Regulated Electric
NIQ		
NI	Utilities	Utilities - Regulated Gas
NLOP	Real Estate	REIT - Office
MXL	Technology	Semiconductors
NOAH	Financial Services	Asset Management
NOK	Technology	Communication Equipment
NABL	Technology	Information Technology Services
NCLH	Consumer Cyclical	Travel Services
NPWR	Industrials	Specialty Industrial Machinery
NPK	Industrials	Aerospace & Defense
NRGV	Utilities	Utilities - Renewable
NEM	Basic Materials	Gold
NTST	Real Estate	REIT - Retail
NUS	Consumer Defensive	Household & Personal Products
NVGS	Energy	Oil & Gas Midstream
NWG	Financial Services	Banks - Regional
NXDR	Communication Services	Internet Content & Information
NXRT	Real Estate	REIT - Residential
OBDC	Financial Services	Asset Management
OKLO	Utilities	Utilities - Independent Power Producers
OII	Energy	Oil & Gas Equipment & Services
OGS	Utilities	Utilities - Regulated Gas
NMR.US	Financial Services	Capital Markets
NOV	Energy	Oil & Gas Equipment & Services
OPFI	Financial Services	Credit Services
ORC	Real Estate	REIT - Mortgage
NVS	Healthcare	Drug Manufacturers - General
ODC	Basic Materials	Specialty Chemicals
OFRM	Consumer Defensive	Packaged Foods
OSK	Industrials	Farm & Heavy Construction Machinery
OUT	Real Estate	REIT - Specialty
OXM	Consumer Cyclical	Apparel Manufacturing
P	Technology	Computer Hardware
ONTO	Technology	Semiconductor Equipment & Materials
ONL	Real Estate	REIT - Office
PANW	Technology	Software - Infrastructure
PATH	Technology	Software - Infrastructure
OMC	Communication Services	Advertising Agencies
PBH	Healthcare	Drug Manufacturers - Specialty & Generic
PB	Financial Services	Banks - Regional
PCRX	Healthcare	Drug Manufacturers - Specialty & Generic
PHIN	Consumer Cyclical	Auto Parts
PFSI	Financial Services	Mortgage Finance
PH	Industrials	Specialty Industrial Machinery
PFE	Healthcare	Drug Manufacturers - General
OPY	Financial Services	Capital Markets
PII	Consumer Cyclical	Recreational Vehicles
PLNT	Consumer Cyclical	Leisure
PL	Industrials	Aerospace & Defense
PIPR	Financial Services	Capital Markets
PKE	Industrials	Aerospace & Defense
ORN	Industrials	Engineering & Construction
PM	Consumer Defensive	Tobacco
PNFP	Financial Services	Banks - Regional
POR	Utilities	Utilities - Regulated Electric
PRI	Financial Services	Insurance - Life
PRKS	Consumer Cyclical	Leisure
PRMB	Consumer Defensive	Beverages - Non-Alcoholic
PSX	Energy	Oil & Gas Refining & Marketing
PSA	Real Estate	REIT - Industrial
PSO	Communication Services	Publishing
PVH	Consumer Cyclical	Apparel Manufacturing
PAG	Consumer Cyclical	Auto & Truck Dealerships
RC	Real Estate	REIT - Mortgage
RACE	Consumer Cyclical	Auto Manufacturers
RCUS	Healthcare	Biotechnology
PEB	Real Estate	REIT - Hotel & Motel
QUAD.US	Industrials	Specialty Business Services
REI	Energy	Oil & Gas E&P
RES	Energy	Oil & Gas Equipment & Services
RDW.US	Industrials	Aerospace & Defense
RGR	Industrials	Aerospace & Defense
RHP	Real Estate	REIT - Hotel & Motel
RITM	Real Estate	REIT - Mortgage
RL	Consumer Cyclical	Apparel Manufacturing
RLJ	Real Estate	REIT - Hotel & Motel
RMAX	Real Estate	Real Estate Services
RNGR	Energy	Oil & Gas Equipment & Services
ROG	Technology	Electronic Components
PPL	Utilities	Utilities - Regulated Electric
RRC	Energy	Oil & Gas E&P
RSG	Industrials	Waste Management
RPC.US	Financial Services	Asset Management
RY	Financial Services	Banks - Diversified
RVTY	Healthcare	Diagnostics & Research
RYZ	Industrials	Metal Fabrication
Q	Technology	Semiconductor Equipment & Materials
SA	Basic Materials	Gold
RTO.US	Industrials	Specialty Business Services
RBA	Industrials	Specialty Business Services
SAM	Consumer Defensive	Beverages - Brewers
SARO	Industrials	Aerospace & Defense
SBSI	Financial Services	Banks - Regional
SCHW	Financial Services	Capital Markets
SHAK	Consumer Cyclical	Restaurants
SHW	Basic Materials	Specialty Chemicals
REZI	Industrials	Industrial Distribution
SLF	Financial Services	Insurance - Diversified
SMBK	Financial Services	Banks - Regional
SMP.US	Consumer Cyclical	Auto Parts
SMWB	Technology	Software - Application
SCM	Financial Services	Asset Management
SE	Consumer Cyclical	Internet Retail
SNAP	Communication Services	Internet Content & Information
SFBS	Financial Services	Banks - Regional
SNOW	Technology	Software - Application
SOBO	Energy	Oil & Gas Midstream
SITE	Industrials	Industrial Distribution
SKT	Real Estate	REIT - Retail
SPB	Consumer Defensive	Household & Personal Products
SPGI	Financial Services	Financial Data & Stock Exchanges
SQM	Basic Materials	Specialty Chemicals
SRFM	Industrials	Airlines
SSMR	Basic Materials	Other Industrial Metals & Mining
STAG	Real Estate	REIT - Industrial
STE	Healthcare	Medical Devices
SEI.US	Energy	Oil & Gas Equipment & Services
SON	Consumer Cyclical	Packaging & Containers
SLVM	Basic Materials	Paper & Paper Products
SPNT	Financial Services	Insurance - Reinsurance
SW	Consumer Cyclical	Packaging & Containers
SSB	Financial Services	Banks - Regional
SUI.US	Real Estate	REIT - Residential
SYF	Financial Services	Credit Services
TAL	Consumer Defensive	Education & Training Services
TBBB	Consumer Defensive	Discount Stores
STT	Financial Services	Asset Management
TD	Financial Services	Banks - Diversified
TDG	Industrials	Aerospace & Defense
STWD	Real Estate	REIT - Mortgage
STM.US	Technology	Semiconductors
T.US	Communication Services	Telecom Services
TECK	Basic Materials	Copper
TDW	Energy	Oil & Gas Equipment & Services
TEX	Industrials	Farm & Heavy Construction Machinery
TGLS	Basic Materials	Building Materials
TIC	Industrials	Specialty Business Services
TFPM	Basic Materials	Other Precious Metals & Mining
TK	Energy	Oil & Gas Midstream
THC	Healthcare	Medical Care Facilities
TEN.US	Energy	Oil & Gas Midstream
TM	Consumer Cyclical	Auto Manufacturers
TKR	Industrials	Tools & Accessories
TMP	Financial Services	Banks - Regional
TNK	Energy	Oil & Gas Midstream
TOPS	Energy	Oil & Gas Midstream
TPVG	Financial Services	Asset Management
TPC	Industrials	Engineering & Construction
TREX	Industrials	Building Products & Equipment
TRV	Financial Services	Insurance - Property & Casualty
TRP	Energy	Oil & Gas Midstream
SXC	Basic Materials	Coking Coal
TSLX	Financial Services	Asset Management
TT	Industrials	Building Products & Equipment
TV	Communication Services	Telecom Services
TRN.US	Industrials	Railroads
TX	Basic Materials	Steel
UAA	Consumer Cyclical	Apparel Manufacturing
UBER	Technology	Software - Application
TYL	Technology	Software - Application
UDR	Real Estate	REIT - Residential
UFI	Consumer Cyclical	Textile Manufacturing
UP	Industrials	Airports & Air Services
UMH	Real Estate	REIT - Residential
UNH	Healthcare	Healthcare Plans
URI	Industrials	Rental & Leasing Services
UHS	Healthcare	Medical Care Facilities
USFD	Consumer Defensive	Food Distribution
UTI	Consumer Defensive	Education & Training Services
UL.US	Consumer Defensive	Household & Personal Products
UWMC	Financial Services	Mortgage Finance
UUUU	Energy	Uranium
VGNT	Consumer Cyclical	Auto Parts
VIK	Consumer Cyclical	Travel Services
VAL.US	Energy	Oil & Gas Drilling
VIST	Energy	Oil & Gas E&P
VLN	Technology	Semiconductors
VET.US	Energy	Oil & Gas E&P
VMRK	Real Estate	REIT - Residential
VLTO	Industrials	Pollution & Treatment Controls
VRT	Industrials	Electrical Equipment & Parts
VTEX	Technology	Software - Application
VST	Utilities	Utilities - Independent Power Producers
TTE	Energy	Oil & Gas Integrated
VTR	Real Estate	REIT - Healthcare Facilities
VVX	Industrials	Aerospace & Defense
WAT	Healthcare	Diagnostics & Research
WCC	Industrials	Industrial Distribution
WDS	Energy	Oil & Gas E&P
WF	Financial Services	Banks - Regional
W.US	Consumer Cyclical	Internet Retail
WH	Consumer Cyclical	Lodging
WHR	Consumer Cyclical	Furnishings, Fixtures & Appliances
WKC	Energy	Oil & Gas Refining & Marketing
WM	Industrials	Waste Management
WELL.US	Real Estate	REIT - Healthcare Facilities
WMS	Industrials	Building Products & Equipment
WOR	Industrials	Metal Fabrication
WTRG	Utilities	Utilities - Regulated Water
WST	Healthcare	Medical Instruments & Supplies
WU	Financial Services	Credit Services
WPP	Communication Services	Advertising Agencies
XPER	Technology	Software - Application
XPOF	Consumer Cyclical	Leisure
XYZ	Technology	Software - Infrastructure
YMM	Technology	Software - Application
YELP	Communication Services	Internet Content & Information
YSS	Industrials	Aerospace & Defense
YXT	Technology	Software - Application
ZBH	Healthcare	Medical Devices
ZIP	Communication Services	Internet Content & Information
ZGN	Consumer Cyclical	Apparel Manufacturing
ZWS	Industrials	Pollution & Treatment Controls
OBT	Financial Services	Banks - Regional
OKTA	Technology	Software - Infrastructure
OFLX	Industrials	Specialty Industrial Machinery
OMAB	Industrials	Airports & Air Services
OMER	Healthcare	Biotechnology
ONC	Healthcare	Biotechnology
WS	Basic Materials	Steel
OPAL	Industrials	Engineering & Construction
XHR	Real Estate	REIT - Hotel & Motel
OPENL		
OPK	Healthcare	Diagnostics & Research
OPRX	Healthcare	Health Information Services
ORKA	Healthcare	Biotechnology
OSIS	Technology	Electronic Components
OTEX	Technology	Software - Application
OUST	Technology	Electronic Components
OZK	Financial Services	Banks - Regional
STB.OL	Financial Services	Financial Conglomerates
AMLIF	Basic Materials	Other Industrial Metals & Mining
VOYA.US	Financial Services	Financial Conglomerates
OCSL	Financial Services	Asset Management
ATHXQ	Healthcare	Biotechnology
OLLI	Consumer Defensive	Discount Stores
CNDA	Financial Services	Shell Companies
FTCHQ	Consumer Cyclical	Internet Retail
GOEVQ	Consumer Cyclical	Auto Manufacturers
JTKWY		
LOGC	Consumer Cyclical	Internet Retail
MARK	Technology	Software - Infrastructure
MDRX	Healthcare	Health Information Services
MTBLY	Technology	Software - Application
NTDOY	Communication Services	Electronic Gaming & Multimedia
QTTOY	Communication Services	Internet Content & Information
SBNY	Financial Services	Banks - Regional
SDZNY	Healthcare	Drug Manufacturers - Specialty & Generic
SRNE	Healthcare	Biotechnology
TBLT	Industrials	Tools & Accessories
VISL	Technology	Communication Equipment
ZOMDF	Healthcare	Medical Devices
PAAS	Basic Materials	Gold
PAHC	Healthcare	Drug Manufacturers - Specialty & Generic
EVCO	Financial Services	Shell Companies
PAX	Financial Services	Asset Management
PAYS	Technology	Software - Infrastructure
PCTY	Technology	Software - Application
PDD	Consumer Cyclical	Internet Retail
PBYI	Healthcare	Biotechnology
PEGA	Technology	Software - Application
PEP	Consumer Defensive	Beverages - Non-Alcoholic
PFIS	Financial Services	Banks - Regional
PETS.US	Healthcare	Pharmaceutical Retailers
PHUN	Technology	Software - Application
PGNY	Healthcare	Healthcare Plans
ODFL	Industrials	Trucking
PLAB	Technology	Semiconductor Equipment & Materials
PLSE	Healthcare	Medical Instruments & Supplies
PLUG	Industrials	Electrical Equipment & Parts
PDSB	Healthcare	Biotechnology
PMTS	Financial Services	Credit Services
PODD	Healthcare	Medical Devices
PONY	Technology	Information Technology Services
SMNR	Healthcare	Biotechnology
SICP	Financial Services	Banks - Regional
POWL	Industrials	Electrical Equipment & Parts
PPLI	Communication Services	Internet Content & Information
PRCT	Healthcare	Medical Devices
PRAA	Financial Services	Credit Services
PRLD	Healthcare	Biotechnology
PROK	Healthcare	Biotechnology
TGS.OL	Energy	Oil & Gas Equipment & Services
PRTA	Healthcare	Biotechnology
PICS	Technology	Software - Infrastructure
PSMT	Consumer Defensive	Discount Stores
BIGGQ	Consumer Defensive	Discount Stores
PTEN	Energy	Oil & Gas Drilling
PLMR	Financial Services	Insurance - Property & Casualty
PTON	Consumer Cyclical	Leisure
PVLA	Healthcare	Biotechnology
PZZA	Consumer Cyclical	Restaurants
ABVX.PA	Healthcare	Biotechnology
ABCA.PA	Financial Services	Asset Management
ACAN.PA	Real Estate	REIT - Office
AF.PA	Industrials	Airlines
ALAGR.PA	Consumer Defensive	Farm Products
ALBIO.PA	Healthcare	Medical Devices
ALBOA.PA	Industrials	Specialty Industrial Machinery
ALCAF.PA	Consumer Cyclical	Home Improvement Retail
ALCLA.PA	Technology	Software - Application
ALCOG.PA	Basic Materials	Lumber & Wood Production
ALCRB.PA	Basic Materials	Specialty Chemicals
ALDBT.PA	Industrials	Specialty Industrial Machinery
ALDLT.PA	Consumer Cyclical	Footwear & Accessories
PSEC	Financial Services	Asset Management
ALDRV.PA	Technology	Computer Hardware
ALECO.PA	Consumer Defensive	Food Distribution
ALENO.PA	Industrials	Specialty Industrial Machinery
ALESE.PA	Utilities	Utilities - Renewable
ALFLO.PA	Basic Materials	Agricultural Inputs
ALFRE.PA	Industrials	Staffing & Employment Services
ALGEN.PA	Healthcare	Biotechnology
ALGIR.PA	Industrials	Railroads
ALHF.PA	Technology	Communication Equipment
AKE.PA	Basic Materials	Specialty Chemicals
ALAFY.PA	Basic Materials	Specialty Chemicals
ALAVI.PA	Consumer Defensive	Beverages - Wineries & Distilleries
ALHOP.PA	Communication Services	Advertising Agencies
ALHRS.PA	Consumer Cyclical	Specialty Retail
ALIBR.PA	Industrials	Aerospace & Defense
ALKAL.PA	Technology	Semiconductors
ALINV.PA	Communication Services	Advertising Agencies
ALCGM.PA	Healthcare	Health Information Services
ALLDL.PA	Technology	Electronics & Computer Distribution
ALLOG.PA	Technology	Computer Hardware
ALMIN.PA	Utilities	Utilities - Renewable
ALMOU.PA	Basic Materials	Lumber & Wood Production
ALNFL.PA	Healthcare	Biotechnology
ALNRG.PA	Technology	Software - Application
ALNXT.PA	Communication Services	Advertising Agencies
ALOKW.PA	Utilities	Utilities - Renewable
ALORD.PA	Technology	Computer Hardware
ALPRG.PA	Technology	Software - Application
ALPDX.PA	Consumer Cyclical	Leisure
ALPWG.PA	Technology	Computer Hardware
ALRPD.PA	Consumer Defensive	Packaged Foods
ALSPW.PA	Healthcare	Medical Instruments & Supplies
ALTA.PA	Real Estate	REIT - Residential
ALTHO.PA	Technology	Computer Hardware
ALTOO.PA	Industrials	Rental & Leasing Services
ALTUV.PA	Industrials	Pollution & Treatment Controls
ALUPG.PA	Consumer Cyclical	Specialty Retail
ALVDM.PA	Consumer Cyclical	Travel Services
ALVU.PA	Consumer Cyclical	Internet Retail
ALWIN.PA	Communication Services	Internet Content & Information
ARAMI.PA	Consumer Cyclical	Auto & Truck Dealerships
ATE.PA	Technology	Information Technology Services
ALIMP.PA	Healthcare	Medical Devices
ALKLA.PA	Communication Services	Advertising Agencies
AUB.PA	Technology	Information Technology Services
AYV.PA	Industrials	Rental & Leasing Services
ALMDG.PA	Technology	Computer Hardware
BIM.PA	Healthcare	Diagnostics & Research
BB.PA	Consumer Defensive	Household & Personal Products
BNP.PA	Financial Services	Banks - Regional
BVI.PA	Industrials	Consulting Services
BON.PA	Consumer Defensive	Packaged Foods
CAP.PA	Technology	Information Technology Services
CDA.PA	Consumer Cyclical	Leisure
CIV.PA	Financial Services	Banks - Regional
COTY.PA	Consumer Defensive	Household & Personal Products
ALSMA.PA	Healthcare	Health Information Services
CO.PA	Consumer Defensive	Grocery Stores
CRAP.PA	Financial Services	Banks - Regional
CRSU.PA	Financial Services	Banks - Regional
CRI.PA	Industrials	Conglomerates
CVX.PA	Healthcare	Medical Devices
EAPI.PA	Healthcare	Drug Manufacturers - Specialty & Generic
DEC.PA	Communication Services	Advertising Agencies
DIM.PA	Healthcare	Medical Instruments & Supplies
EFG.PA	Communication Services	Entertainment
ELEC.PA	Utilities	Utilities - Renewable
ENX.PA	Financial Services	Financial Data & Stock Exchanges
FDE.PA	Energy	Oil & Gas E&P
EXE.PA	Industrials	Farm & Heavy Construction Machinery
ERF.PA	Healthcare	Diagnostics & Research
AM.PA	Industrials	Aerospace & Defense
FGR.PA	Industrials	Engineering & Construction
FR.PA	Consumer Cyclical	Auto Parts
GET.PA	Industrials	Railroads
GBT.PA	Healthcare	Medical Devices
GRVO.PA	Basic Materials	Agricultural Inputs
GLO.PA	Industrials	Specialty Business Services
IAM.PA	Communication Services	Telecom Services
HCO.PA	Communication Services	Advertising Agencies
IDL.PA	Industrials	Integrated Freight & Logistics
CBOT.PA	Real Estate	Real Estate - Diversified
INF.PA	Technology	Information Technology Services
IPS.PA	Industrials	Consulting Services
LBIRD.PA	Healthcare	Diagnostics & Research
LR.PA	Industrials	Electrical Equipment & Parts
MAAT.PA	Healthcare	Biotechnology
MC.PA	Consumer Cyclical	Luxury Goods
MEMS.PA	Technology	Semiconductor Equipment & Materials
ML.PA		
MRN.PA	Industrials	Electrical Equipment & Parts
EMEIS.PA	Healthcare	Medical Care Facilities
NAE.PA	Energy	Oil & Gas Refining & Marketing
NK.PA	Basic Materials	Specialty Chemicals
NRO.PA	Technology	Information Technology Services
OPM.PA	Consumer Cyclical	Auto Parts
PARRO.PA	Technology	Communication Equipment
PEUG.PA	Financial Services	Asset Management
PLX.PA	Industrials	Specialty Business Services
RF.PA	Financial Services	Asset Management
RNO.PA	Consumer Cyclical	Auto Manufacturers
JBOG.PA	Consumer Defensive	Household & Personal Products
S30.PA	Technology	Information Technology Services
SAN.PA	Healthcare	Drug Manufacturers - General
KOF.PA	Consumer Cyclical	Residential Construction
LIN.PA	Technology	Software - Application
SESG.PA	Communication Services	Broadcasting
STF.PA	Industrials	Integrated Freight & Logistics
TE.PA	Energy	Oil & Gas Equipment & Services
OSE.PA	Healthcare	Biotechnology
TFI.PA	Communication Services	Broadcasting
PRC.PA	Communication Services	Internet Content & Information
UBI.PA	Communication Services	Electronic Gaming & Multimedia
RBO.PA	Consumer Cyclical	Furnishings, Fixtures & Appliances
VIE.PA	Industrials	Waste Management
VIRP.PA	Healthcare	Drug Manufacturers - General
VLA.PA	Healthcare	Biotechnology
VRLA.PA	Consumer Cyclical	Packaging & Containers
SCHP.PA	Industrials	Waste Management
SK.PA	Consumer Cyclical	Furnishings, Fixtures & Appliances
SOP.PA	Technology	Information Technology Services
QBTS	Technology	Computer Hardware
SU.PA	Industrials	Specialty Industrial Machinery
QDEL	Healthcare	Medical Devices
WAVE.PA	Technology	Information Technology Services
QLYS	Technology	Software - Infrastructure
QRVO	Technology	Semiconductors
QTRX	Healthcare	Medical Devices
QURE	Healthcare	Biotechnology
RBB	Financial Services	Banks - Regional
RCAT	Industrials	Aerospace & Defense
RCKY	Consumer Cyclical	Footwear & Accessories
RDNW	Consumer Cyclical	Auto & Truck Dealerships
REAL	Consumer Cyclical	Luxury Goods
REGN	Healthcare	Biotechnology
RELY	Technology	Software - Infrastructure
REPL	Healthcare	Biotechnology
TNG.PA	Healthcare	Biotechnology
RGCO	Utilities	Utilities - Regulated Gas
RHLD	Industrials	Specialty Business Services
RKLB	Industrials	Aerospace & Defense
RMBS	Technology	Semiconductors
RILY	Financial Services	Financial Conglomerates
VANTI.PA	Communication Services	Entertainment
RMTI	Healthcare	Drug Manufacturers - Specialty & Generic
ROAD	Industrials	Engineering & Construction
ROKU	Communication Services	Entertainment
ROST	Consumer Cyclical	Apparel Retail
RPRX	Healthcare	Biotechnology
RRGB	Consumer Cyclical	Restaurants
RUM	Communication Services	Internet Content & Information
RXRX	Healthcare	Biotechnology
RZLV	Technology	Software - Infrastructure
RUSHB.US	Consumer Cyclical	Auto & Truck Dealerships
SAIL	Technology	Software - Infrastructure
SANM	Technology	Electronic Components
SBET	Financial Services	Capital Markets
SCLX	Healthcare	Drug Manufacturers - General
SCYX	Healthcare	Drug Manufacturers - Specialty & Generic
SEDG	Technology	Solar
SENEA	Consumer Defensive	Packaged Foods
SEZL	Financial Services	Credit Services
SFM	Consumer Defensive	Grocery Stores
SFWL	Industrials	Integrated Freight & Logistics
SGML	Basic Materials	Other Industrial Metals & Mining
SHC	Healthcare	Diagnostics & Research
SHLS	Technology	Solar
SHOP	Technology	Software - Application
RGNX	Healthcare	Biotechnology
SINT	Healthcare	Medical Devices
SIGI	Financial Services	Insurance - Property & Casualty
SKIN	Consumer Defensive	Household & Personal Products
SITM	Technology	Semiconductors
SLAB	Technology	Semiconductors
SLDP	Consumer Cyclical	Auto Parts
SLMT	Technology	Software - Infrastructure
SLRC	Financial Services	Asset Management
RYAAY	Industrials	Airlines
SMMT	Healthcare	Biotechnology
SMTI	Healthcare	Medical Instruments & Supplies
SNDX	Healthcare	Biotechnology
SNPS	Technology	Software - Infrastructure
SOLS	Basic Materials	Specialty Chemicals
SBRA	Real Estate	REIT - Healthcare Facilities
SPCX	Industrials	Aerospace & Defense
SPRY	Healthcare	Biotechnology
SPOK	Healthcare	Health Information Services
SPTX	Healthcare	Biotechnology
SRTA	Healthcare	Medical Care Facilities
SRCE	Financial Services	Banks - Regional
SSRM	Basic Materials	Gold
STBA	Financial Services	Banks - Regional
STRA	Consumer Defensive	Education & Training Services
STRO	Healthcare	Biotechnology
STRF	Technology	Software - Application
SGRY	Healthcare	Medical Care Facilities
SUJA	Consumer Defensive	Beverages - Non-Alcoholic
SUPX	Technology	Software - Infrastructure
SVRA	Healthcare	Biotechnology
SWMR	Technology	Software - Infrastructure
ALLEI.ST	Basic Materials	Steel
ASKER.ST	Healthcare	Medical Distribution
ANODb.ST	Technology	Information Technology Services
ATCO-A.ST	Industrials	Specialty Industrial Machinery
BALDB.ST	Real Estate	Real Estate - Diversified
BETSB.ST	Consumer Cyclical	Gambling
STLN	Healthcare	Medical Care Facilities
STHO	Real Estate	Real Estate Services
BRAV.ST	Industrials	Engineering & Construction
BIOGb.ST	Healthcare	Drug Manufacturers - Specialty & Generic
CAMX.ST	Healthcare	Biotechnology
CIBUS.ST	Real Estate	Real Estate - Diversified
SYNA	Technology	Semiconductors
COFFEEB.ST	Communication Services	Electronic Gaming & Multimedia
DYVOX.ST	Healthcare	Medical Instruments & Supplies
AAK.ST	Consumer Defensive	Packaged Foods
EMBRACB.ST	Communication Services	Electronic Gaming & Multimedia
AFRY.ST	Industrials	Engineering & Construction
EPIA.ST	Industrials	Farm & Heavy Construction Machinery
EVO.ST	Consumer Cyclical	Gambling
ERIC-A.ST	Technology	Communication Equipment
HOFI.ST	Financial Services	Credit Services
HTRO.ST	Technology	Communication Equipment
HEXA-B.ST	Technology	Scientific & Technical Instruments
INDU-A.ST	Financial Services	Asset Management
JM.ST	Consumer Cyclical	Residential Construction
LUMI.ST	Basic Materials	Copper
LIFCOb.ST	Industrials	Conglomerates
LAGRb.ST	Industrials	Conglomerates
MMGRb.ST	Industrials	Industrial Distribution
OVZON.ST	Communication Services	Telecom Services
NOLAb.ST	Healthcare	Medical Devices
ROKOb.ST	Financial Services	Asset Management
PEABb.ST	Industrials	Engineering & Construction
SBBb.ST	Real Estate	Real Estate Services
SAGAb.ST	Real Estate	Real Estate Services
SECTb.ST	Healthcare	Medical Devices
INTRUM.ST	Financial Services	Credit Services
INWI.ST	Industrials	Building Products & Equipment
SINCH.ST	Communication Services	Telecom Services
SHB-A.ST	Financial Services	Banks - Diversified
SKF-A.ST	Industrials	Tools & Accessories
SLPb.ST	Real Estate	Real Estate Services
STORYb.ST	Communication Services	Publishing
SWED-A.ST	Financial Services	Banks - Regional
MYCR.ST	Industrials	Specialty Industrial Machinery
VIMIAN.ST	Healthcare	Diagnostics & Research
TEL2B.ST	Communication Services	Telecom Services
TREL-B.ST	Industrials	Specialty Industrial Machinery
VOLV-A.ST	Industrials	Farm & Heavy Construction Machinery
WIHL.ST	Real Estate	Real Estate Services
ZZb.ST	Consumer Defensive	Packaged Foods
AD8.ASX	Technology	Electronic Components
AMP.ASX	Financial Services	Financial Conglomerates
AUB.ASX	Financial Services	Insurance Brokers
ALU.ASX	Basic Materials	Other Industrial Metals & Mining
ALD.ASX	Energy	Oil & Gas Refining & Marketing
AOV.ASX	Consumer Cyclical	Auto Parts
BGL.ASX	Basic Materials	Gold
ARB.ASX	Consumer Cyclical	Auto Parts
BAP.ASX	Consumer Cyclical	Specialty Retail
BVR.ASX	Basic Materials	Other Industrial Metals & Mining
BOE.ASX	Energy	Uranium
CAR.ASX	Communication Services	Internet Content & Information
CDA.ASX	Technology	Scientific & Technical Instruments
BRG.ASX	Consumer Cyclical	Furnishings, Fixtures & Appliances
CHN.ASX	Basic Materials	Other Industrial Metals & Mining
CKF.ASX	Consumer Cyclical	Restaurants
COL.ASX	Consumer Defensive	Grocery Stores
CMW.ASX	Real Estate	REIT - Office
CQR.ASX	Real Estate	REIT - Retail
CTD.ASX	Consumer Cyclical	Travel Services
CXO.ASX	Basic Materials	Other Industrial Metals & Mining
DNL.ASX	Basic Materials	Specialty Chemicals
DRR.ASX	Basic Materials	Other Industrial Metals & Mining
DXS.ASX	Real Estate	REIT - Office
ELV.ASX	Basic Materials	Other Industrial Metals & Mining
EVT.ASX	Communication Services	Entertainment
FMG.ASX	Basic Materials	Other Industrial Metals & Mining
GPT.ASX	Real Estate	REIT - Diversified
GMG.ASX	Real Estate	REIT - Diversified
IEL.ASX	Consumer Defensive	Education & Training Services
IMD.ASX	Industrials	Farm & Heavy Construction Machinery
HVN.ASX	Consumer Cyclical	Specialty Retail
ING.ASX	Consumer Defensive	Farm Products
JBH.ASX	Consumer Cyclical	Specialty Retail
KAR.ASX	Energy	Oil & Gas E&P
LOV.ASX	Consumer Cyclical	Specialty Retail
MP1.ASX	Technology	Software - Infrastructure
MAQ.ASX	Technology	Information Technology Services
HLS.ASX	Healthcare	Diagnostics & Research
NWL.ASX	Technology	Software - Application
LIC.ASX	Real Estate	Real Estate - Diversified
MIN.ASX	Basic Materials	Other Industrial Metals & Mining
NAN.ASX	Healthcare	Medical Instruments & Supplies
MTS.ASX	Consumer Defensive	Food Distribution
ORA.ASX	Consumer Cyclical	Packaging & Containers
PDN.ASX	Energy	Uranium
NIC.ASX	Basic Materials	Other Industrial Metals & Mining
NEU.ASX	Healthcare	Biotechnology
NUF.ASX	Basic Materials	Agricultural Inputs
PXA.ASX	Technology	Software - Application
PPT.ASX	Financial Services	Asset Management
PMV.ASX	Consumer Cyclical	Apparel Retail
RDX.ASX	Basic Materials	Chemicals
RGN.ASX	Real Estate	REIT - Retail
RRL.ASX	Basic Materials	Gold
RIO.ASX	Basic Materials	Other Industrial Metals & Mining
SCG.ASX	Real Estate	REIT - Retail
SEK.ASX	Communication Services	Internet Content & Information
SLX.ASX	Technology	Semiconductors
SHL.ASX	Healthcare	Diagnostics & Research
SGM.ASX	Basic Materials	Steel
SUN.ASX	Financial Services	Insurance - Property & Casualty
SPK.ASX	Communication Services	Telecom Services
TCL.ASX	Industrials	Infrastructure Operations
TLX.ASX	Healthcare	Biotechnology
TPW.ASX	Consumer Cyclical	Specialty Retail
VCX.ASX	Real Estate	REIT - Retail
VUL.ASX	Basic Materials	Other Industrial Metals & Mining
WBC.ASX	Financial Services	Banks - Diversified
TBCH	Technology	Consumer Electronics
TCBI	Financial Services	Banks - Regional
WHC.ASX	Energy	Thermal Coal
WOW.ASX	Consumer Defensive	Grocery Stores
TCX	Technology	Software - Infrastructure
TEAM	Technology	Software - Application
TENB	Technology	Software - Infrastructure
TFSL	Financial Services	Banks - Regional
TIPT	Financial Services	Asset Management
TLN	Utilities	Utilities - Independent Power Producers
TMDX	Healthcare	Medical Devices
TNGX	Healthcare	Biotechnology
TOON	Communication Services	Entertainment
TOWN	Financial Services	Banks - Regional
TRAX	Healthcare	Biotechnology
TRI	Industrials	Specialty Business Services
TRMK	Financial Services	Banks - Regional
TROW	Financial Services	Asset Management
TRUP	Financial Services	Insurance - Property & Casualty
TARS	Healthcare	Biotechnology
TSHA	Healthcare	Biotechnology
TSBK	Financial Services	Banks - Regional
XRO.ASX	Technology	Software - Application
WEB.ASX	Consumer Cyclical	Travel Services
TSSI	Technology	Information Technology Services
TTEC	Technology	Information Technology Services
TTWO	Communication Services	Electronic Gaming & Multimedia
TW	Financial Services	Capital Markets
TZOO	Communication Services	Internet Content & Information
1721.T	Industrials	Engineering & Construction
1803.T	Industrials	Engineering & Construction
2002.T	Consumer Defensive	Packaged Foods
TIGO	Communication Services	Telecom Services
TMC	Basic Materials	Other Industrial Metals & Mining
2413.T	Healthcare	Health Information Services
2502.T	Consumer Defensive	Beverages - Brewers
2801.T	Consumer Defensive	Packaged Foods
2871.T	Consumer Defensive	Packaged Foods
3092.T	Consumer Cyclical	Internet Retail
3382.T	Consumer Defensive	Grocery Stores
3659.T	Communication Services	Electronic Gaming & Multimedia
4004.T	Basic Materials	Chemicals
4042.T	Basic Materials	Chemicals
4183.T	Basic Materials	Specialty Chemicals
4307.T	Technology	Information Technology Services
4452.T	Consumer Defensive	Household & Personal Products
4506.T	Healthcare	Drug Manufacturers - Specialty & Generic
4523.T	Healthcare	Drug Manufacturers - Specialty & Generic
4578.T	Healthcare	Drug Manufacturers - General
4704.T	Technology	Software - Infrastructure
4901.T	Industrials	Conglomerates
5019.T	Energy	Oil & Gas Refining & Marketing
5108.T	Consumer Cyclical	Auto Parts
5233.T	Basic Materials	Building Materials
TXN	Technology	Semiconductors
1925.T	Real Estate	Real Estate - Development
5333.T	Industrials	Specialty Industrial Machinery
5411.T	Basic Materials	Steel
5714.T	Basic Materials	Other Industrial Metals & Mining
5706.T	Industrials	Conglomerates
5803.T	Industrials	Conglomerates
6103.T	Industrials	Specialty Industrial Machinery
6178.T	Financial Services	Banks - Regional
6302.T	Industrials	Specialty Industrial Machinery
3405.T	Basic Materials	Chemicals
6501.T	Industrials	Conglomerates
6361.T	Industrials	Specialty Industrial Machinery
6472.T	Industrials	Tools & Accessories
6506.T	Industrials	Electrical Equipment & Parts
4062.T	Technology	Electronic Components
6645.T	Technology	Electronic Components
6702.T	Technology	Information Technology Services
6752.T	Technology	Consumer Electronics
6857.T	Technology	Semiconductor Equipment & Materials
6762.T	Technology	Electronic Components
6920.T	Technology	Semiconductor Equipment & Materials
6981.T	Technology	Electronic Components
7186.T	Financial Services	Banks - Regional
6963.T	Technology	Semiconductors
7203.T	Consumer Cyclical	Auto Manufacturers
7272.T	Consumer Cyclical	Auto Manufacturers
7267.T	Consumer Cyclical	Auto Manufacturers
7733.T	Healthcare	Medical Devices
7751.T	Technology	Computer Hardware
7911.T	Industrials	Conglomerates
7974.T	Communication Services	Electronic Gaming & Multimedia
8053.T	Industrials	Conglomerates
8304.T	Financial Services	Banks - Regional
8252.T	Financial Services	Credit Services
8354.T	Financial Services	Banks - Regional
8601.T	Financial Services	Capital Markets
8697.T	Financial Services	Financial Data & Stock Exchanges
8802.T	Real Estate	Real Estate - Diversified
8766.T	Financial Services	Insurance - Property & Casualty
9001.T	Industrials	Railroads
9008.T	Industrials	Conglomerates
9147.T	Industrials	Integrated Freight & Logistics
9021.T	Industrials	Railroads
9101.T	Industrials	Marine Shipping
9432.T	Communication Services	Telecom Services
9501.T	Utilities	Utilities - Renewable
9531.T	Utilities	Utilities - Regulated Gas
UBSI	Financial Services	Banks - Regional
9735.T	Industrials	Security & Protection Services
7011.T	Industrials	Specialty Industrial Machinery
UHAL	Industrials	Rental & Leasing Services
UPB	Healthcare	Biotechnology
UMBF	Financial Services	Banks - Regional
8015.T	Industrials	Conglomerates
UPST	Financial Services	Credit Services
URBN	Consumer Cyclical	Apparel Retail
USAR	Basic Materials	Other Industrial Metals & Mining
UTHR	Healthcare	Drug Manufacturers - Specialty & Generic
8309.T	Financial Services	Banks - Regional
VCEL	Healthcare	Biotechnology
VABK	Financial Services	Banks - Regional
VERI	Technology	Software - Infrastructure
VECO	Technology	Semiconductor Equipment & Materials
VERX	Technology	Software - Application
VICR	Technology	Electronic Components
VIRC	Consumer Cyclical	Furnishings, Fixtures & Appliances
VNDA	Healthcare	Biotechnology
VKTX	Healthcare	Biotechnology
VOD	Communication Services	Telecom Services
VRDN	Healthcare	Biotechnology
VRRM	Technology	Information Technology Services
VSNT	Communication Services	Entertainment
VRTX	Healthcare	Biotechnology
VTRS	Healthcare	Drug Manufacturers - Specialty & Generic
9983.T	Consumer Cyclical	Apparel Retail
WB	Communication Services	Internet Content & Information
UFCS	Financial Services	Insurance - Property & Casualty
WDFC	Basic Materials	Specialty Chemicals
WEST	Consumer Defensive	Packaged Foods
ULCC	Industrials	Airlines
WGS	Healthcare	Diagnostics & Research
WIMI	Communication Services	Advertising Agencies
WIX	Technology	Software - Infrastructure
WMG	Communication Services	Entertainment
WRD	Technology	Software - Application
WSBF	Financial Services	Banks - Regional
WSFS	Financial Services	Banks - Regional
WVE	Healthcare	Biotechnology
WTFC	Financial Services	Banks - Regional
WYFI	Technology	Information Technology Services
XE	Industrials	Specialty Industrial Machinery
XERS	Healthcare	Drug Manufacturers - Specialty & Generic
XNET	Technology	Software - Infrastructure
XP	Financial Services	Capital Markets
XRAY	Healthcare	Medical Instruments & Supplies
XTIA	Industrials	Aerospace & Defense
ZBIO	Healthcare	Biotechnology
ZG	Communication Services	Internet Content & Information
ZLAB	Healthcare	Biotechnology
ZS	Technology	Software - Infrastructure
WABC	Financial Services	Banks - Regional
YORW.US	Utilities	Utilities - Regulated Water
WASH	Financial Services	Banks - Regional
WBTN	Communication Services	Internet Content & Information
ZVRA	Healthcare	Biotechnology
ACLN.ZU	Industrials	Specialty Industrial Machinery
WLDS	Technology	Consumer Electronics
AMRZ.ZU	Basic Materials	Building Materials
BAER.ZU	Financial Services	Asset Management
BUCN.ZU	Industrials	Specialty Industrial Machinery
DAE.ZU	Industrials	Industrial Distribution
FHZN.ZU	Industrials	Airports & Air Services
GEBN.ZU	Industrials	Building Products & Equipment
PPGN.ZU	Healthcare	Drug Manufacturers - Specialty & Generic
LOGN.ZU	Technology	Computer Hardware
KNIN.ZU	Industrials	Integrated Freight & Logistics
SCHP.ZU	Industrials	Specialty Industrial Machinery
SMG.ZU	Communication Services	Internet Content & Information
SQN.ZU	Financial Services	Capital Markets
STMN.ZU	Healthcare	Medical Instruments & Supplies
NOVN.ZU	Healthcare	Drug Manufacturers - General
SGSN.ZU	Industrials	Consulting Services
UBSG.ZU	Financial Services	Banks - Diversified
ZURN.ZU	Financial Services	Insurance - Diversified
AAOI	Technology	Communication Equipment
ABOS	Healthcare	Biotechnology
ABVX	Healthcare	Biotechnology
ACHC	Healthcare	Medical Care Facilities
ABCL	Healthcare	Biotechnology
ACDC	Energy	Oil & Gas Equipment & Services
ACLS	Technology	Semiconductor Equipment & Materials
ACRS	Healthcare	Biotechnology
ADPT	Healthcare	Diagnostics & Research
ADAM	Real Estate	REIT - Mortgage
AFRM	Financial Services	Credit Services
ADUS	Healthcare	Medical Care Facilities
AERT	Industrials	Consulting Services
AGIO	Healthcare	Biotechnology
AGNC	Real Estate	REIT - Mortgage
AHCO	Healthcare	Medical Devices
ADI.US	Technology	Semiconductors
AIRS	Healthcare	Medical Care Facilities
AKBA	Healthcare	Drug Manufacturers - Specialty & Generic
AIOT	Technology	Software - Application
ALAB	Technology	Semiconductors
AEHR	Technology	Semiconductor Equipment & Materials
ALEC	Healthcare	Biotechnology
ALGT	Industrials	Airlines
ALNY	Healthcare	Biotechnology
ALMR	Healthcare	Medical Devices
ALKT	Technology	Software - Application
ALXO	Healthcare	Biotechnology
AMBA	Technology	Semiconductor Equipment & Materials
AMCX	Communication Services	Entertainment
ALT.US	Healthcare	Biotechnology
AMKR	Technology	Semiconductor Equipment & Materials
AMTX	Basic Materials	Specialty Chemicals
AMPL	Technology	Software - Application
ANIK	Healthcare	Drug Manufacturers - Specialty & Generic
ANTX	Healthcare	Biotechnology
ANDE	Consumer Defensive	Food Distribution
APA	Energy	Oil & Gas E&P
APGE	Healthcare	Biotechnology
ARBE	Technology	Scientific & Technical Instruments
APOG	Industrials	Building Products & Equipment
APPN	Technology	Software - Infrastructure
ARCT	Healthcare	Biotechnology
ARHS	Consumer Cyclical	Specialty Retail
ARRY	Technology	Solar
ARWR	Healthcare	Biotechnology
AROW	Financial Services	Banks - Regional
ASML	Technology	Semiconductor Equipment & Materials
ASTE	Industrials	Farm & Heavy Construction Machinery
ASUR	Technology	Software - Application
ATEC	Healthcare	Medical Devices
ASPI	Basic Materials	Specialty Chemicals
ATRA	Healthcare	Biotechnology
ATLX	Basic Materials	Other Industrial Metals & Mining
AUGO	Basic Materials	Gold
AURA	Healthcare	Biotechnology
AVLN	Healthcare	Biotechnology
ATTO	Healthcare	Biotechnology
AVAV	Industrials	Aerospace & Defense
AVPT	Technology	Software - Infrastructure
AYTU	Healthcare	Drug Manufacturers - Specialty & Generic
AXGN	Healthcare	Medical Devices
ABN.NV	Financial Services	Banks - Diversified
AGN.NV	Financial Services	Insurance - Diversified
APAM.NV	Basic Materials	Steel
BFIT.NV	Consumer Cyclical	Leisure
AXS.NV	Basic Materials	Lumber & Wood Production
CVC.NV	Financial Services	Asset Management
ASML.NV	Technology	Semiconductor Equipment & Materials
CRBN.NV	Basic Materials	Specialty Chemicals
FAST.NV	Consumer Cyclical	Specialty Retail
FLOW.NV	Financial Services	Capital Markets
HAVAS.NV	Communication Services	Advertising Agencies
HEIO.NV	Consumer Defensive	Beverages - Brewers
INGA.NV	Financial Services	Banks - Diversified
LKFT.NV	Healthcare	Biotechnology
KENDR.NV	Industrials	Specialty Industrial Machinery
NEDSE.NV	Financial Services	Asset Management
MT.NV	Basic Materials	Steel
NSI.NV	Real Estate	REIT - Office
PNL.NV	Industrials	Integrated Freight & Logistics
PBH.NV	Industrials	Specialty Business Services
SIFG.NV	Industrials	Metal Fabrication
REINA.NV	Financial Services	Asset Management
UMG.NV	Communication Services	Entertainment
BBCP	Industrials	Engineering & Construction
VLK.NV	Financial Services	Banks - Regional
BCML	Financial Services	Banks - Regional
BDTX	Healthcare	Biotechnology
BBSI	Industrials	Staffing & Employment Services
WHA.NV	Real Estate	REIT - Retail
BAND.US	Technology	Software - Infrastructure
BFST	Financial Services	Banks - Regional
BHRB	Financial Services	Banks - Regional
BELFB	Technology	Electronic Components
BILI	Communication Services	Internet Content & Information
BKNG	Consumer Cyclical	Travel Services
BLBD	Industrials	Farm & Heavy Construction Machinery
BLKB	Technology	Software - Application
BLNK	Industrials	Engineering & Construction
BMBL	Communication Services	Internet Content & Information
BRAI	Technology	Computer Hardware
BMRN	Healthcare	Biotechnology
BRVE	Healthcare	Biotechnology
BOKF	Financial Services	Banks - Regional
BSY	Technology	Software - Application
BTMD	Healthcare	Medical Care Facilities
BUSE	Financial Services	Banks - Regional
BWIN	Financial Services	Insurance Brokers
BZ	Communication Services	Internet Content & Information
ABO.BR	Industrials	Engineering & Construction
ARGX.BR	Healthcare	Biotechnology
AED.BR	Real Estate	REIT - Healthcare Facilities
AZE.BR	Basic Materials	Specialty Chemicals
BNB.BR	Financial Services	Banks - Regional
BAR.BR	Technology	Electronic Components
BTLS.BR	Basic Materials	Agricultural Inputs
COLR.BR	Consumer Defensive	Grocery Stores
DECB.BR	Industrials	Building Products & Equipment
ECONB.BR	Technology	Information Technology Services
HYL.BR	Healthcare	Biotechnology
EVS.BR	Technology	Communication Equipment
GBLB.BR	Financial Services	Asset Management
JEN.BR	Industrials	Specialty Industrial Machinery
IEP.BR	Real Estate	Real Estate - Development
KIN.BR	Communication Services	Entertainment
OBEL.BR	Communication Services	Telecom Services
MONT.BR	Real Estate	REIT - Industrial
OPTI.BR	Technology	Communication Equipment
QRF.BR	Real Estate	REIT - Retail
SEQUA.BR	Healthcare	Medical Devices
SOF.BR	Financial Services	Asset Management
TESB.BR	Basic Materials	Agricultural Inputs
TITC.BR	Basic Materials	Building Materials
WEB.BR	Real Estate	REIT - Diversified
CACC	Financial Services	Credit Services
VGP.BR	Real Estate	Real Estate Services
XIOR.BR	Real Estate	REIT - Residential
UMI.BR	Industrials	Waste Management
CAN	Technology	Computer Hardware
CARE	Financial Services	Banks - Regional
CASH	Financial Services	Banks - Regional
CATY	Financial Services	Banks - Regional
CAKE.US	Consumer Cyclical	Restaurants
CCCC	Healthcare	Biotechnology
CCB	Financial Services	Banks - Regional
CCSI	Technology	Software - Infrastructure
CDNS	Technology	Software - Application
CDZI	Industrials	Pollution & Treatment Controls
CELC	Healthcare	Biotechnology
CERS	Healthcare	Medical Devices
CFFN	Financial Services	Banks - Regional
CGC	Healthcare	Drug Manufacturers - Specialty & Generic
CGNX	Technology	Scientific & Technical Instruments
CHKP	Technology	Software - Infrastructure
CHRW	Industrials	Integrated Freight & Logistics
CLDX	Healthcare	Biotechnology
CLAR	Consumer Cyclical	Leisure
CLMB	Technology	Electronics & Computer Distribution
CLOV	Healthcare	Healthcare Plans
CMCO	Industrials	Farm & Heavy Construction Machinery
CMPR	Industrials	Specialty Business Services
CMRC	Technology	Software - Application
CNTY	Consumer Cyclical	Resorts & Casinos
COCO	Consumer Defensive	Beverages - Non-Alcoholic
COGT	Healthcare	Biotechnology
COLB	Financial Services	Banks - Regional
COO	Healthcare	Medical Instruments & Supplies
COST	Consumer Defensive	Discount Stores
CRIS	Healthcare	Biotechnology
CBSH	Financial Services	Banks - Regional
CRCT	Technology	Computer Hardware
CRNC	Technology	Software - Application
CRON	Healthcare	Drug Manufacturers - Specialty & Generic
CHCO	Financial Services	Banks - Regional
CIFR	Technology	Information Technology Services
CTRN	Consumer Cyclical	Apparel Retail
CVRX	Healthcare	Medical Devices
CYPH	Financial Services	Asset Management
CRAI	Industrials	Consulting Services
CRSR	Technology	Computer Hardware
CSGP	Real Estate	Real Estate Services
CRWD	Technology	Software - Infrastructure
CSWC	Financial Services	Asset Management
CTBI	Financial Services	Banks - Regional
CVCO	Consumer Cyclical	Residential Construction
ALMB.CO	Financial Services	Insurance - Diversified
FFARMS.CO	Consumer Defensive	Farm Products
BO.CO	Technology	Consumer Electronics
CHEMM.CO	Healthcare	Medical Devices
DEMANT.CO	Healthcare	Medical Devices
AOJb.CO	Industrials	Industrial Distribution
FOBANK.CO	Financial Services	Banks - Regional
DNORD.CO	Industrials	Marine Shipping
JDAN.CO	Real Estate	Real Estate Services
CZR	Consumer Cyclical	Resorts & Casinos
KRE.CO	Financial Services	Banks - Regional
MNBA.CO	Financial Services	Banks - Regional
NKT.CO	Industrials	Electrical Equipment & Parts
NOVO-B.CO	Healthcare	Drug Manufacturers - General
ORSTED.CO	Utilities	Utilities - Renewable
GN.CO	Healthcare	Medical Devices
RILBA.CO	Financial Services	Banks - Regional
SCHO.CO	Industrials	Conglomerates
SOLARb.CO	Technology	Electronics & Computer Distribution
TCM.CO	Consumer Cyclical	Furnishings, Fixtures & Appliances
TRMD-A.CO	Energy	Oil & Gas Midstream
DCGO	Healthcare	Medical Care Facilities
GYLDb.CO	Communication Services	Publishing
HLUNB.CO	Healthcare	Drug Manufacturers - Specialty & Generic
DFTX	Healthcare	Biotechnology
DH	Healthcare	Health Information Services
DKNG	Consumer Cyclical	Gambling
LUXORb.CO	Financial Services	Mortgage Finance
DMRA	Healthcare	Biotechnology
DNTH	Healthcare	Biotechnology
DOX	Technology	Software - Infrastructure
DRH	Real Estate	REIT - Hotel & Motel
PNDORA.CO	Consumer Cyclical	Luxury Goods
DSGN	Healthcare	Biotechnology
DXCM	Healthcare	Medical Devices
AMANAT.AE	Financial Services	Asset Management
AIRARABIA.AE	Industrials	Airlines
DFM.AE	Financial Services	Financial Data & Stock Exchanges
VWS.CO	Industrials	Specialty Industrial Machinery
DERM	Healthcare	Drug Manufacturers - Specialty & Generic
DASH.US	Consumer Cyclical	Internet Retail
EMAAR.AE	Real Estate	Real Estate - Development
PARKIN.AE	Industrials	Infrastructure Operations
EMPOWER.AE	Utilities	Utilities - Regulated Water
SPINNEYS.AE	Consumer Defensive	Grocery Stores
DOMO	Technology	Software - Application
TECOM.AE	Real Estate	Real Estate Services
EBC	Financial Services	Banks - Regional
EDIT	Healthcare	Biotechnology
EGBN	Financial Services	Banks - Regional
EIKN	Healthcare	Biotechnology
EMAT	Basic Materials	Other Industrial Metals & Mining
ENPH	Technology	Solar
EQIX	Real Estate	REIT - Specialty
DSP	Technology	Software - Application
ESQ	Financial Services	Banks - Regional
ERII	Industrials	Pollution & Treatment Controls
ETOR	Financial Services	Capital Markets
EVLV	Industrials	Security & Protection Services
CBD.AE	Financial Services	Banks - Regional
EXLS	Technology	Information Technology Services
EXTR	Technology	Communication Equipment
EXC	Utilities	Utilities - Regulated Electric
EZPW	Financial Services	Credit Services
DSI.AE	Industrials	Engineering & Construction
FAST	Industrials	Industrial Distribution
FDMT	Healthcare	Biotechnology
FCEL	Industrials	Electrical Equipment & Parts
FIP	Industrials	Conglomerates
FISV		
FIZZ	Consumer Defensive	Beverages - Non-Alcoholic
FLGT	Healthcare	Diagnostics & Research
FLNC	Utilities	Utilities - Renewable
FMBH	Financial Services	Banks - Regional
FORM	Technology	Semiconductor Equipment & Materials
FOXA	Communication Services	Entertainment
FROG	Technology	Software - Application
FRME	Financial Services	Banks - Regional
FRST	Financial Services	Banks - Regional
FSLR	Technology	Solar
ENTG	Technology	Semiconductor Equipment & Materials
FULT	Financial Services	Banks - Regional
FWRG	Consumer Cyclical	Restaurants
FWONA	Communication Services	Entertainment
22UA.DE	Healthcare	Biotechnology
2M6.DE	Healthcare	Medical Devices
690D.DE	Consumer Cyclical	Furnishings, Fixtures & Appliances
A1OS.DE	Technology	Information Technology Services
A7A.DE	Financial Services	Asset Management
ABS2.DE	Industrials	Engineering & Construction
ACWN.DE	Consumer Cyclical	Furnishings, Fixtures & Appliances
FHB	Financial Services	Banks - Regional
FFBC	Financial Services	Banks - Regional
ADJ.DE	Real Estate	Real Estate Services
AAPL.EUR	Technology	Consumer Electronics
ADV.DE	Technology	Communication Equipment
ALV.DE	Financial Services	Insurance - Diversified
AJ91.DE	Healthcare	Health Information Services
AMM.DE	Real Estate	Real Estate Services
AOF.DE	Technology	Software - Application
B7E.DE	Financial Services	Asset Management
FTDR	Consumer Cyclical	Personal Services
BAYN.DE	Healthcare	Drug Manufacturers - General
BEI.DE	Consumer Defensive	Household & Personal Products
BIJ.DE	Consumer Cyclical	Luxury Goods
BKHT.DE	Technology	Computer Hardware
1GBS.DE	Technology	Software - Infrastructure
BNR.DE	Basic Materials	Specialty Chemicals
BWB.DE	Financial Services	Capital Markets
BSL.DE	Technology	Consumer Electronics
CA1.DE	Industrials	Specialty Industrial Machinery
CCAP.DE	Real Estate	Real Estate Services
BYW6.DE	Industrials	Conglomerates
CEC.DE	Consumer Cyclical	Specialty Retail
CHG.DE	Technology	Software - Application
CY1K.DE	Industrials	Railroads
CRZK.DE	Financial Services	Asset Management
DAM.DE	Technology	Electronic Components
DEQ.DE	Real Estate	Real Estate Services
DFTK.DE	Financial Services	Capital Markets
DHL.DE	Industrials	Integrated Freight & Logistics
DOU.DE	Consumer Cyclical	Specialty Retail
DLX.DE	Basic Materials	Lumber & Wood Production
AG1.DE	Consumer Cyclical	Auto & Truck Dealerships
DRW8.DE	Healthcare	Medical Devices
DTG.DE	Industrials	Farm & Heavy Construction Machinery
DWS.DE	Financial Services	Asset Management
ECF.DE	Consumer Cyclical	Internet Retail
EDL.DE	Communication Services	Entertainment
EMH.DE		
EKT.DE	Utilities	Utilities - Renewable
ERAG.DE	Industrials	Marine Shipping
EVK.DE	Basic Materials	Specialty Chemicals
FAA.DE	Technology	Software - Application
FNTN.DE	Communication Services	Telecom Services
FRA.DE	Industrials	Airports & Air Services
G24.DE	Communication Services	Internet Content & Information
GFT.DE	Technology	Information Technology Services
FTK.DE	Financial Services	Capital Markets
GMM.DE	Consumer Cyclical	Auto Parts
GTK.DE	Consumer Defensive	Farm Products
H2O.DE	Industrials	Specialty Industrial Machinery
HAG.DE	Industrials	Aerospace & Defense
HIGH.DE	Healthcare	Drug Manufacturers - Specialty & Generic
HDD.DE	Industrials	Specialty Industrial Machinery
HLG.DE	Communication Services	Entertainment
HNR1.DE	Financial Services	Insurance - Reinsurance
HEN3.DE	Consumer Defensive	Household & Personal Products
DBAN.DE	Financial Services	Asset Management
HPHA.DE	Healthcare	Biotechnology
HYQ.DE	Financial Services	Credit Services
IFX.DE	Technology	Semiconductors
IS7.DE	Consumer Cyclical	Auto Parts
INS.DE	Real Estate	Real Estate - Development
JDC.DE	Financial Services	Financial Conglomerates
IUR.DE	Industrials	Conglomerates
KRN.DE	Industrials	Specialty Industrial Machinery
JUN3.DE	Industrials	Specialty Industrial Machinery
KBX.DE	Consumer Cyclical	Auto Parts
KSC.DE	Technology	Information Technology Services
KWG.DE	Industrials	Industrial Distribution
LEI.DE	Consumer Defensive	Household & Personal Products
LIK.DE	Healthcare	Medical Care Facilities
LQAG.DE	Financial Services	Asset Management
M3V.DE	Healthcare	Health Information Services
M7U.DE	Technology	Scientific & Technical Instruments
LXS.DE	Basic Materials	Specialty Chemicals
MBQ.DE	Industrials	Security & Protection Services
MBB.DE	Industrials	Conglomerates
MPCK.DE		
MSAG.DE	Consumer Cyclical	Auto Parts
MUB.DE	Technology	Computer Hardware
MXHN.DE	Industrials	Specialty Industrial Machinery
N4G0.DE	Financial Services	Capital Markets
NFN.DE	Technology	Software - Infrastructure
NTG.DE	Basic Materials	Specialty Chemicals
NVM.DE	Consumer Cyclical	Auto Parts
OBS.DE	Technology	Information Technology Services
PDA0.DE	Technology	Information Technology Services
PLTR.EUR	Technology	Software - Infrastructure
PSH0.DE	Healthcare	Biotechnology
PWO.DE	Consumer Cyclical	Auto Parts
R1B.DE	Technology	Software - Infrastructure
NC5A.DE	Industrials	Specialty Business Services
MUX.DE	Financial Services	Asset Management
RAW.DE	Financial Services	Banks - Regional
NDX1.DE	Industrials	Specialty Industrial Machinery
META.EUR	Communication Services	Internet Content & Information
RHM.DE	Industrials	Aerospace & Defense
RTC.DE	Technology	Information Technology Services
S188.DE	Industrials	Railroads
SB1.DE	Financial Services	Financial Data & Stock Exchanges
SCE.DE	Technology	Electronic Components
PAH3.DE	Consumer Cyclical	Auto Manufacturers
SFQ.DE	Consumer Cyclical	Auto Parts
SHL.DE	Healthcare	Medical Devices
QB7.DE	Financial Services	Banks - Regional
SZG.DE	Basic Materials	Steel
SAP.DE	Technology	Software - Application
TGHN.DE	Industrials	Integrated Freight & Logistics
TKA.DE	Industrials	Conglomerates
TLX.DE	Financial Services	Insurance - Diversified
SIX2.DE	Industrials	Rental & Leasing Services
SKB.DE	Industrials	Specialty Industrial Machinery
SMHN.DE	Technology	Semiconductor Equipment & Materials
TPE.DE	Industrials	Specialty Industrial Machinery
TTK.DE	Industrials	Business Equipment & Supplies
ST5.DE	Basic Materials	Lumber & Wood Production
SUR.DE	Consumer Cyclical	Furnishings, Fixtures & Appliances
SY1.DE	Basic Materials	Specialty Chemicals
UMD.DE	Technology	Software - Infrastructure
TUI1.DE	Consumer Cyclical	Travel Services
UTDI.DE	Communication Services	Telecom Services
VEZ.DE	Consumer Defensive	Packaged Foods
VIB3.DE	Industrials	Building Products & Equipment
VRV.DE	Technology	Software - Application
V3V.DE	Healthcare	Medical Care Facilities
VOW3.DE	Consumer Cyclical	Auto Manufacturers
XTP.DE	Financial Services	Capital Markets
GAIN	Financial Services	Asset Management
GDRX	Healthcare	Health Information Services
GEHC	Healthcare	Medical Devices
GERN	Healthcare	Biotechnology
GGAL	Financial Services	Banks - Regional
GHRS	Healthcare	Biotechnology
WCH.DE	Basic Materials	Specialty Chemicals
WAC.DE	Industrials	Farm & Heavy Construction Machinery
GILT	Technology	Communication Equipment
WFA.DE	Consumer Cyclical	Specialty Retail
WSU.DE	Industrials	Specialty Industrial Machinery
GCMG	Financial Services	Asset Management
ZAL.DE	Consumer Cyclical	Internet Retail
GLBS	Industrials	Marine Shipping
GLRE	Financial Services	Insurance - Reinsurance
GLNG	Energy	Oil & Gas Midstream
GO	Consumer Defensive	Grocery Stores
GOOG	Communication Services	Internet Content & Information
GPRO	Technology	Consumer Electronics
GPCR	Healthcare	Biotechnology
GMAB.US	Healthcare	Biotechnology
GRRR	Technology	Software - Infrastructure
GENB	Healthcare	Biotechnology
GRWG	Consumer Cyclical	Specialty Retail
GSHD	Financial Services	Insurance Brokers
HAIN	Consumer Defensive	Packaged Foods
GT	Consumer Cyclical	Auto Parts
HBT	Financial Services	Banks - Regional
HAS	Consumer Cyclical	Leisure
HELE	Consumer Defensive	Household & Personal Products
HIFS	Financial Services	Banks - Regional
HMH	Energy	Oil & Gas Equipment & Services
HLIT	Technology	Communication Equipment
HOFT	Consumer Cyclical	Furnishings, Fixtures & Appliances
HPK	Energy	Oil & Gas E&P
GTX.US	Consumer Cyclical	Auto Parts
HCM	Healthcare	Drug Manufacturers - Specialty & Generic
HTFL	Healthcare	Health Information Services
HONA	Industrials	Aerospace & Defense
HOVR	Industrials	Aerospace & Defense
HURN	Industrials	Consulting Services
HRMY	Healthcare	Biotechnology
HRZN	Financial Services	Asset Management
HYMC	Basic Materials	Gold
APETIT.HE	Consumer Defensive	Packaged Foods
GRFS	Healthcare	Drug Manufacturers - General
BITTI.HE	Technology	Communication Equipment
ALEX.HE	Financial Services	Asset Management
FIA1S.HE	Industrials	Airlines
FSKRS.HE	Consumer Cyclical	Furnishings, Fixtures & Appliances
AIFORIA.HE	Healthcare	Health Information Services
HSPOF	Financial Services	Shell Companies
HKFOODS.HE	Consumer Defensive	Packaged Foods
ILKKA.HE	Communication Services	Publishing
CTY1S.HE	Real Estate	Real Estate - Diversified
KEMIRA.HE	Basic Materials	Chemicals
LASTIK.HE	Industrials	Waste Management
KESKOB.HE	Consumer Defensive	Grocery Stores
METSB.HE	Consumer Cyclical	Packaging & Containers
LUOTEA.HE	Industrials	Specialty Business Services
HTO	Utilities	Utilities - Regulated Water
NESTE.HE	Energy	Oil & Gas Refining & Marketing
NXTMH.HE	Healthcare	Medical Devices
PAMPALO.HE	Basic Materials	Gold
ORIOLA.HE	Healthcare	Pharmaceutical Retailers
PUUILO.HE	Consumer Cyclical	Department Stores
HWH	Consumer Cyclical	Restaurants
REG1V.HE	Healthcare	Medical Devices
SSABAH.HE	Basic Materials	Steel
TNOM.HE	Industrials	Specialty Business Services
EASOR.HE	Technology	Software - Application
EQV1V.HE	Financial Services	Asset Management
TYRES.HE	Consumer Cyclical	Auto Parts
VIK1V.HE	Industrials	Marine Shipping
00001.HK	Industrials	Conglomerates
00016.HK	Real Estate	Real Estate - Development
00027.HK	Consumer Cyclical	Resorts & Casinos
SAMPO.HE	Financial Services	Insurance - Diversified
SCANFL.HE	Industrials	Specialty Industrial Machinery
SUMMA.HE	Industrials	Aerospace & Defense
00384.HK	Utilities	Utilities - Regulated Gas
VAIAS.HE	Technology	Scientific & Technical Instruments
HARVIA.HE	Consumer Cyclical	Leisure
01928.HK	Consumer Cyclical	Resorts & Casinos
00175.HK	Consumer Cyclical	Auto Manufacturers
00268.HK	Technology	Software - Application
00981.HK	Technology	Semiconductors
03690.HK	Consumer Cyclical	Internet Retail
02388.HK	Financial Services	Banks - Regional
03908.HK	Financial Services	Capital Markets
06060.HK	Financial Services	Insurance - Property & Casualty
0688.HK	Real Estate	Real Estate - Development
02196.HK	Healthcare	Drug Manufacturers - Specialty & Generic
0762.HK	Communication Services	Telecom Services
0914.HK	Basic Materials	Building Materials
0700.HK	Communication Services	Internet Content & Information
02319.HK	Consumer Defensive	Packaged Foods
0941.HK	Communication Services	Telecom Services
1038.HK	Utilities	Utilities - Regulated Electric
0998.HK	Financial Services	Banks - Regional
1072.HK	Industrials	Specialty Industrial Machinery
00857.HK	Energy	Oil & Gas Integrated
01177.HK	Healthcare	Biotechnology
01113.HK	Real Estate	Real Estate - Development
1171.HK	Energy	Thermal Coal
1193.HK	Utilities	Utilities - Regulated Gas
1317.HK	Consumer Defensive	Education & Training Services
1288.HK	Financial Services	Banks - Diversified
1585.HK	Consumer Cyclical	Auto Manufacturers
1398.HK	Financial Services	Banks - Diversified
1776.HK	Financial Services	Capital Markets
1816.HK	Utilities	Utilities - Independent Power Producers
1800.HK	Industrials	Engineering & Construction
1873.HK	Healthcare	Biotechnology
1929.HK	Consumer Cyclical	Luxury Goods
1898.HK	Energy	Thermal Coal
1109.HK	Real Estate	Real Estate - Development
1988.HK	Financial Services	Banks - Regional
1347.HK	Technology	Semiconductors
2016.HK	Financial Services	Banks - Regional
2238.HK	Consumer Cyclical	Auto Manufacturers
1658.HK	Financial Services	Banks - Regional
2338.HK	Consumer Cyclical	Auto Manufacturers
1766.HK	Industrials	Railroads
2423.HK	Real Estate	Real Estate Services
2600.HK	Basic Materials	Aluminum
2611.HK	Financial Services	Capital Markets
300.HK	Consumer Cyclical	Furnishings, Fixtures & Appliances
2007.HK	Real Estate	Real Estate - Development
2328.HK	Financial Services	Insurance - Property & Casualty
3618.HK	Financial Services	Banks - Regional
151.HK	Consumer Defensive	Packaged Foods
3759.HK	Healthcare	Biotechnology
288.HK	Consumer Defensive	Packaged Foods
3323.HK	Basic Materials	Building Materials
341.HK	Consumer Cyclical	Restaurants
6181.HK	Consumer Cyclical	Luxury Goods
3888.HK	Communication Services	Electronic Gaming & Multimedia
3968.HK	Financial Services	Banks - Regional
291.HK	Consumer Defensive	Beverages - Brewers
6690.HK	Consumer Cyclical	Furnishings, Fixtures & Appliances
6030.HK	Financial Services	Capital Markets
6990.HK	Healthcare	Biotechnology
6099.HK	Financial Services	Capital Markets
267.HK	Industrials	Conglomerates
3996.HK	Industrials	Engineering & Construction
6818.HK	Financial Services	Banks - Regional
9868.HK	Consumer Cyclical	Auto Manufacturers
9901.HK	Consumer Defensive	Education & Training Services
9961.HK	Consumer Cyclical	Travel Services
960.HK	Real Estate	Real Estate - Development
9999.HK	Communication Services	Electronic Gaming & Multimedia
IBRX	Healthcare	Biotechnology
ICLR	Healthcare	Diagnostics & Research
IDXX	Healthcare	Diagnostics & Research
IEP	Energy	Oil & Gas Refining & Marketing
6198.HK	Industrials	Marine Shipping
IGIC	Financial Services	Insurance - Diversified
ILMN	Healthcare	Diagnostics & Research
9696.HK	Basic Materials	Specialty Chemicals
IMRX	Healthcare	Biotechnology
IMUX	Healthcare	Biotechnology
780.HK	Consumer Cyclical	Travel Services
INBK	Financial Services	Banks - Regional
INCY	Healthcare	Biotechnology
INDV	Healthcare	Drug Manufacturers - Specialty & Generic
INO	Healthcare	Biotechnology
9633.HK	Consumer Defensive	Beverages - Non-Alcoholic
INSM	Healthcare	Biotechnology
83.HK	Real Estate	Real Estate - Development
INTR	Financial Services	Banks - Regional
INVZ	Consumer Cyclical	Auto Parts
IPGP	Technology	Semiconductor Equipment & Materials
IRMD	Healthcare	Medical Devices
IBEX	Technology	Information Technology Services
ISRLF	Financial Services	Shell Companies
ITRI	Technology	Scientific & Technical Instruments
IMMR	Technology	Software - Application
INIO	Industrials	Specialty Industrial Machinery
IOVA	Healthcare	Biotechnology
IRD	Healthcare	Biotechnology
INV.US	Financial Services	Asset Management
JJSF	Consumer Defensive	Packaged Foods
JRVR	Financial Services	Insurance - Specialty
KMB	Consumer Defensive	Household & Personal Products
KC	Technology	Software - Application
KRNT	Industrials	Specialty Industrial Machinery
JACK	Consumer Cyclical	Restaurants
KRUS	Consumer Cyclical	Restaurants
IXHL	Healthcare	Drug Manufacturers - Specialty & Generic
KURA	Healthcare	Biotechnology
JAZZ	Healthcare	Biotechnology
KOD	Healthcare	Biotechnology
LAMR	Real Estate	REIT - Specialty
JBLU	Industrials	Airlines
LAUR	Consumer Defensive	Education & Training Services
LBTYK	Communication Services	Telecom Services
LFCR	Healthcare	Drug Manufacturers - Specialty & Generic
LECO	Industrials	Tools & Accessories
LFTO	Communication Services	Advertising Agencies
IRWD	Healthcare	Drug Manufacturers - Specialty & Generic
LGND	Healthcare	Biotechnology
LIDR	Technology	Software - Infrastructure
LILA	Communication Services	Telecom Services
LIN	Basic Materials	Specialty Chemicals
LINE	Real Estate	REIT - Industrial
LKFN	Financial Services	Banks - Regional
KLTR	Technology	Software - Application
LMAT	Healthcare	Medical Instruments & Supplies
LMRI	Healthcare	Medical Devices
LNWO	Consumer Cyclical	Gambling
LOGI	Technology	Computer Hardware
KRNY	Financial Services	Banks - Regional
KYIV	Communication Services	Telecom Services
LRCX	Technology	Semiconductor Equipment & Materials
LPLA.US	Financial Services	Capital Markets
LUNR	Industrials	Aerospace & Defense
KELYA.US	Industrials	Staffing & Employment Services
EGL.LS	Industrials	Engineering & Construction
MAR.LS	Industrials	Engineering & Construction
NOS.LS	Communication Services	Telecom Services
RAM.LS	Basic Materials	Steel
SNC.LS	Communication Services	Publishing
VAF.LS	Consumer Cyclical	Furnishings, Fixtures & Appliances
AAL.L	Basic Materials	Other Industrial Metals & Mining
ADM.L	Financial Services	Insurance - Property & Casualty
AJB.L	Financial Services	Asset Management
APTD.L	Technology	Software - Application
LTRX	Technology	Communication Equipment
LYEL	Healthcare	Biotechnology
LZ	Industrials	Specialty Business Services
COR.LS	Basic Materials	Lumber & Wood Production
IBS.LS	Consumer Cyclical	Restaurants
AV.L	Financial Services	Insurance - Diversified
BAB.L	Industrials	Engineering & Construction
BATS.L	Consumer Defensive	Tobacco
BEZ.L	Financial Services	Insurance - Specialty
BMS.L	Industrials	Marine Shipping
BOOT.L	Real Estate	Real Estate - Diversified
ALTN.L	Basic Materials	Gold
BP.L	Energy	Oil & Gas Integrated
BRK.L	Financial Services	Asset Management
ANTO.L	Basic Materials	Copper
BVC.L	Healthcare	Medical Instruments & Supplies
ATG.L	Communication Services	Internet Content & Information
ASHM.L	Financial Services	Asset Management
CKN.L	Industrials	Marine Shipping
CNA.L	Utilities	Utilities - Independent Power Producers
COST.L	Industrials	Engineering & Construction
AXB.L	Financial Services	Banks - Regional
CREI.L		
BKG.L	Consumer Cyclical	Residential Construction
CTEC.L	Healthcare	Medical Instruments & Supplies
CWK.L	Consumer Defensive	Packaged Foods
DLN.L	Real Estate	REIT - Office
DOM.L	Consumer Cyclical	Restaurants
BYIT.L	Technology	Software - Infrastructure
CAPD.L	Basic Materials	Other Industrial Metals & Mining
ENQ.L	Energy	Oil & Gas E&P
CBG.L	Financial Services	Banks - Regional
EVOK.L	Consumer Cyclical	Gambling
CCH.L	Consumer Defensive	Beverages - Non-Alcoholic
EZJ.L	Industrials	Airlines
FGP.L	Industrials	Railroads
FCIT.L		
FSTA.L	Consumer Cyclical	Restaurants
FXPO.L	Basic Materials	Steel
GAW.L	Consumer Cyclical	Leisure
GFTU.L	Industrials	Industrial Distribution
GEN.L	Industrials	Building Products & Equipment
GLEN.L	Basic Materials	Other Industrial Metals & Mining
GNS.L	Healthcare	Biotechnology
DFS.L	Consumer Cyclical	Specialty Retail
GYM.L	Consumer Cyclical	Leisure
HFD.L	Consumer Cyclical	Specialty Retail
HEAD.L	Consumer Cyclical	Furnishings, Fixtures & Appliances
HLMA.L	Industrials	Conglomerates
ECOR.L	Basic Materials	Other Industrial Metals & Mining
HTWS.L	Communication Services	Telecom Services
ICG.L	Financial Services	Asset Management
IHP.L	Financial Services	Asset Management
GRI.L	Real Estate	Real Estate Services
IPO.L	Financial Services	Asset Management
HIK.L	Healthcare	Drug Manufacturers - Specialty & Generic
HSBA.L	Financial Services	Banks - Diversified
HSW.L	Consumer Cyclical	Travel Services
ELM.L	Basic Materials	Specialty Chemicals
IWG.L	Real Estate	Real Estate Services
JUP.L	Financial Services	Asset Management
KIE.L	Industrials	Engineering & Construction
HWG.L	Real Estate	Real Estate - Development
LIO.L	Financial Services	Asset Management
IMI.L	Industrials	Specialty Industrial Machinery
INPP.L	Financial Services	Asset Management
LLOY.L	Financial Services	Banks - Regional
LUCE.L	Industrials	Electrical Equipment & Parts
LSEG.L	Financial Services	Financial Data & Stock Exchanges
MHID.L	Consumer Cyclical	Auto Manufacturers
MKS.L	Consumer Cyclical	Department Stores
MACF.L	Consumer Cyclical	Packaging & Containers
MOTR.L	Consumer Cyclical	Auto & Truck Dealerships
NCC.L	Technology	Software - Infrastructure
MTVW.L	Real Estate	Real Estate Services
MSLH.L	Basic Materials	Building Materials
NXT.L	Consumer Cyclical	Apparel Retail
OTB.L	Consumer Cyclical	Travel Services
PAF.L	Basic Materials	Gold
JEGI.L		
PAY.L	Technology	Software - Infrastructure
KNOS.L	Technology	Software - Application
PPH.L	Consumer Cyclical	Lodging
MER.L	Consumer Cyclical	Personal Services
PSON.L	Communication Services	Publishing
MNKS.L		
PZC.L	Consumer Defensive	Household & Personal Products
REC.L	Financial Services	Asset Management
RAT.L	Financial Services	Asset Management
OMU.L	Financial Services	Financial Conglomerates
RGL.L	Real Estate	REIT - Office
RPI.L	Technology	Electronic Components
RIO.L	Basic Materials	Other Industrial Metals & Mining
RNK.L	Consumer Cyclical	Gambling
PCTN.L	Real Estate	REIT - Diversified
PHP.L	Real Estate	REIT - Healthcare Facilities
SBRY.L	Consumer Defensive	Grocery Stores
PLUS.L	Financial Services	Capital Markets
SDP.L		
SERE.L		
PSDL.L	Real Estate	Real Estate Services
SNR.L	Industrials	Aerospace & Defense
SPX.L	Industrials	Specialty Industrial Machinery
RWA.L	Industrials	Staffing & Employment Services
SREI.L	Real Estate	REIT - Diversified
SEIT.L		
SSIT.L		
STB.L	Financial Services	Banks - Regional
SUNB.L	Industrials	Rental & Leasing Services
SMIN.L	Industrials	Specialty Industrial Machinery
TCAP.L	Financial Services	Capital Markets
SYNT.L	Basic Materials	Specialty Chemicals
SMT.L		
THRL.L		
TPT.L	Consumer Cyclical	Home Improvement Retail
TRN.L	Consumer Cyclical	Travel Services
TMPL.L		
ULVR.L	Consumer Defensive	Household & Personal Products
RSG.L	Basic Materials	Gold
TTG.L	Technology	Electronic Components
VOF.L	Financial Services	Asset Management
WISE.L	Technology	Information Technology Services
WKP.L	Real Estate	REIT - Office
XPS.L	Consumer Cyclical	Personal Services
SHEL.L	Energy	Oil & Gas Integrated
MCB.L	Consumer Defensive	Household & Personal Products
ABDP.L	Consumer Cyclical	Auto Parts
ALL.L	Basic Materials	Other Industrial Metals & Mining
AEET.L		
ASPL.L	Real Estate	Real Estate - Development
BKS.L	Technology	Software - Infrastructure
BRCK.L	Industrials	Industrial Distribution
VID.L	Technology	Consumer Electronics
VALT.L	Basic Materials	Other Precious Metals & Mining
CAM.L	Consumer Defensive	Farm Products
VTY.L	Consumer Cyclical	Residential Construction
CHAR.L	Energy	Oil & Gas E&P
WTB.L	Consumer Cyclical	Lodging
EME.L	Energy	Oil & Gas E&P
FEVR.L	Consumer Defensive	Beverages - Non-Alcoholic
ZEG.L	Communication Services	Telecom Services
GGP.L	Basic Materials	Gold
GATC.L	Industrials	Staffing & Employment Services
HPOW.L	Industrials	Electrical Equipment & Parts
GTLY.L	Industrials	Consulting Services
IMM.L	Healthcare	Biotechnology
KGH.L	Industrials	Specialty Business Services
MIDW.L	Technology	Electronics & Computer Distribution
DXRX.L	Healthcare	Health Information Services
EEE.L	Basic Materials	Other Precious Metals & Mining
EXR.L	Technology	Software - Application
NICL.L	Consumer Defensive	Beverages - Non-Alcoholic
NWF.L	Energy	Oil & Gas Refining & Marketing
ORCP.L	Energy	Thermal Coal
PGH.L	Financial Services	Insurance - Property & Casualty
KEFI.L	Basic Materials	Gold
IOM.L	Technology	Software - Infrastructure
KP2.L	Basic Materials	Other Industrial Metals & Mining
LIT.L	Financial Services	Credit Services
SAA.L	Communication Services	Advertising Agencies
SOS.L	Consumer Cyclical	Internet Retail
SRB.L	Basic Materials	Gold
STAR.L	Energy	Oil & Gas E&P
NAH.L	Communication Services	Advertising Agencies
TAM.L	Financial Services	Asset Management
TIG.L	Communication Services	Internet Content & Information
TRCS.L	Technology	Software - Application
POLR.L	Financial Services	Asset Management
PXEN.L	Energy	Oil & Gas E&P
MAMA	Consumer Defensive	Packaged Foods
RCN.L	Technology	Information Technology Services
SDI.L	Technology	Scientific & Technical Instruments
MARA	Financial Services	Capital Markets
MBIN	Financial Services	Banks - Regional
MBWM	Financial Services	Banks - Regional
MCRB	Healthcare	Biotechnology
TFW.L	Industrials	Electrical Equipment & Parts
MDGL	Healthcare	Biotechnology
UJO.L	Energy	Oil & Gas E&P
MENS	Healthcare	Biotechnology
MDXG	Healthcare	Biotechnology
META	Communication Services	Internet Content & Information
WINE.L	Consumer Defensive	Beverages - Wineries & Distilleries
MFIC	Financial Services	Asset Management
MGEE	Utilities	Utilities - Regulated Electric
MGPI	Consumer Defensive	Beverages - Wineries & Distilleries
MKSI	Technology	Scientific & Technical Instruments
MLAB	Technology	Scientific & Technical Instruments
MLKN	Consumer Cyclical	Furnishings, Fixtures & Appliances
MNST	Consumer Defensive	Beverages - Non-Alcoholic
MIDD.US	Industrials	Specialty Industrial Machinery
MPAA	Consumer Cyclical	Auto Parts
MOBI	Healthcare	Medical Devices
MATW	Industrials	Conglomerates
MSBI	Financial Services	Banks - Regional
MSPR	Healthcare	Health Information Services
MMED	Healthcare	Medical Instruments & Supplies
MNDY	Technology	Software - Application
MWH	Utilities	Utilities - Renewable
MQ	Technology	Software - Infrastructure
MREO	Healthcare	Biotechnology
MRVI	Healthcare	Biotechnology
MCFT	Consumer Cyclical	Recreational Vehicles
MYRG	Industrials	Engineering & Construction
AMS.MC	Technology	Information Technology Services
CABK.MC	Financial Services	Banks - Regional
MTCH	Communication Services	Internet Content & Information
CLNX.MC	Real Estate	Real Estate Services
ELE.MC	Utilities	Utilities - Regulated Electric
FER.MC	Industrials	Engineering & Construction
GRF.MC	Healthcare	Drug Manufacturers - General
MRL.MC	Real Estate	REIT - Office
OHLA.MC	Industrials	Engineering & Construction
MVIS	Technology	Scientific & Technical Instruments
RED.MC	Utilities	Utilities - Regulated Electric
SAB.MC	Financial Services	Banks - Diversified
ACX.MC	Basic Materials	Steel
MTSI	Technology	Semiconductors
TEF.MC	Communication Services	Telecom Services
VID.MC	Consumer Cyclical	Packaging & Containers
BGN.MI	Financial Services	Banks - Regional
FAE.MC	Healthcare	Drug Manufacturers - Specialty & Generic
BPE.MI	Financial Services	Banks - Regional
CPR.MI	Consumer Defensive	Beverages - Wineries & Distilleries
DLG.MI	Consumer Cyclical	Furnishings, Fixtures & Appliances
IMC.MC	Basic Materials	Building Materials
ENEL.MI	Utilities	Utilities - Diversified
LOG.MC	Industrials	Integrated Freight & Logistics
FCT.MI	Industrials	Aerospace & Defense
IP.MI	Industrials	Specialty Industrial Machinery
LDO.MI	Industrials	Aerospace & Defense
MB.MI	Financial Services	Banks - Regional
PIRC.MI	Consumer Cyclical	Auto Parts
RACE.MI	Consumer Cyclical	Auto Manufacturers
STMMI.MI	Technology	Semiconductors
NAGE	Consumer Defensive	Packaged Foods
TIT.MI	Communication Services	Telecom Services
NATR	Consumer Defensive	Packaged Foods
ARIS.MI	Industrials	Building Products & Equipment
ICOS.MI	Consumer Defensive	Household & Personal Products
SPM.MI	Energy	Oil & Gas Equipment & Services
UCG.MI	Financial Services	Banks - Regional
NFLX	Communication Services	Entertainment
NKTR	Healthcare	Biotechnology
NB	Basic Materials	Other Industrial Metals & Mining
NCNO	Technology	Software - Application
NRIM	Financial Services	Banks - Regional
NSLR	Financial Services	Asset Management
NTCT	Technology	Software - Infrastructure
RWAY.MI	Communication Services	Telecom Services
NTRS	Financial Services	Asset Management
NBN	Financial Services	Banks - Regional
NNE	Industrials	Specialty Industrial Machinery
NMIH	Financial Services	Insurance - Specialty
NPCE	Healthcare	Medical Devices
NECB	Financial Services	Banks - Regional
NWBI	Financial Services	Banks - Regional
NXPI	Technology	Semiconductors
AADX	Industrials	Aerospace & Defense
ABBV	Healthcare	Drug Manufacturers - General
NEWT.US	Financial Services	Banks - Regional
NTLA	Healthcare	Biotechnology
ABG	Consumer Cyclical	Auto & Truck Dealerships
ACCO	Industrials	Business Equipment & Supplies
NVAX	Healthcare	Biotechnology
ACHR	Industrials	Aerospace & Defense
ABT.US	Healthcare	Medical Devices
AD	Communication Services	Telecom Services
ADM	Consumer Defensive	Farm Products
NVDA	Technology	Semiconductors
AEO	Consumer Cyclical	Apparel Retail
AEE	Utilities	Utilities - Regulated Electric
NYAX	Technology	Software - Infrastructure
NWPX.US	Basic Materials	Steel
AFG	Financial Services	Insurance - Property & Casualty
AGBK	Financial Services	Banks - Regional
AGL	Healthcare	Medical Care Facilities
AHRT	Real Estate	REIT - Diversified
AIN	Consumer Cyclical	Textile Manufacturing
AAPL.24-7	Technology	Consumer Electronics
ALK	Industrials	Airlines
ALLY	Financial Services	Credit Services
ACN	Technology	Information Technology Services
AM	Energy	Oil & Gas Midstream
AMCR	Consumer Cyclical	Packaging & Containers
AES	Utilities	Utilities - Diversified
AGRO	Consumer Defensive	Farm Products
AIV	Real Estate	REIT - Residential
ALG	Industrials	Farm & Heavy Construction Machinery
AMWL	Healthcare	Health Information Services
AMH	Real Estate	REIT - Residential
AMPX	Industrials	Electrical Equipment & Parts
AON	Financial Services	Insurance Brokers
AMRC	Industrials	Engineering & Construction
APH	Technology	Electronic Components
AMT	Real Estate	REIT - Specialty
ARCO	Consumer Cyclical	Restaurants
AKA.US	Consumer Cyclical	Apparel Retail
ALUR	Healthcare	Medical Devices
AN	Consumer Cyclical	Auto & Truck Dealerships
ARW	Technology	Electronics & Computer Distribution
ANF	Consumer Cyclical	Apparel Retail
ASAN	Technology	Software - Application
ASH	Basic Materials	Specialty Chemicals
ASR	Industrials	Airports & Air Services
AUB	Financial Services	Banks - Regional
AVEX	Industrials	Aerospace & Defense
APAM	Financial Services	Asset Management
AVY	Consumer Cyclical	Packaging & Containers
AXP	Financial Services	Credit Services
AYI	Industrials	Electrical Equipment & Parts
ARI	Real Estate	REIT - Mortgage
ARMK	Industrials	Specialty Business Services
BA	Industrials	Aerospace & Defense
BAM	Financial Services	Asset Management
BARK	Consumer Cyclical	Specialty Retail
BBAI	Technology	Information Technology Services
ATMU	Consumer Cyclical	Auto Parts
BBDC	Financial Services	Asset Management
ATR	Healthcare	Medical Instruments & Supplies
BBUC	Industrials	Conglomerates
BBWI	Consumer Cyclical	Specialty Retail
BDC	Technology	Communication Equipment
APTV	Consumer Cyclical	Auto Parts
AWR	Utilities	Utilities - Regulated Water
BEPC	Utilities	Utilities - Renewable
BFLY	Healthcare	Medical Devices
AZZ	Industrials	Specialty Business Services
BGS	Consumer Defensive	Packaged Foods
BAH	Industrials	Consulting Services
BHB	Financial Services	Banks - Regional
BKE	Consumer Cyclical	Apparel Retail
BKSY	Industrials	Specialty Business Services
BCC	Basic Materials	Lumber & Wood Production
BCO	Industrials	Security & Protection Services
BE	Industrials	Electrical Equipment & Parts
BLK	Financial Services	Asset Management
BMNR	Financial Services	Capital Markets
BHP	Basic Materials	Other Industrial Metals & Mining
BIRK	Consumer Cyclical	Footwear & Accessories
BIO.US	Healthcare	Medical Devices
BR	Technology	Information Technology Services
BKV	Energy	Oil & Gas E&P
BROS	Consumer Cyclical	Restaurants
BLX	Financial Services	Banks - Regional
BRT	Real Estate	REIT - Residential
BSBR	Financial Services	Banks - Regional
BTU	Energy	Thermal Coal
BOC	Industrials	Conglomerates
BTG.US	Basic Materials	Gold
BW	Industrials	Specialty Industrial Machinery
BN.US	Financial Services	Asset Management
BWXT	Industrials	Aerospace & Defense
BORR	Energy	Oil & Gas Drilling
BXDC	Real Estate	REIT - Specialty
BXSL	Financial Services	Asset Management
CABO	Communication Services	Telecom Services
CAH	Healthcare	Medical Distribution
CARS	Communication Services	Internet Content & Information
CALY	Consumer Cyclical	Leisure
CAVA	Consumer Cyclical	Restaurants
BRCC	Consumer Defensive	Packaged Foods
CCK	Consumer Cyclical	Packaging & Containers
CBU	Financial Services	Banks - Regional
CCEP	Consumer Defensive	Beverages - Non-Alcoholic
CBL.US	Real Estate	REIT - Retail
CCU	Consumer Defensive	Beverages - Brewers
CDP	Real Estate	REIT - Office
CEPU	Utilities	Utilities - Regulated Electric
CFR	Financial Services	Banks - Regional
CHWY	Consumer Cyclical	Internet Retail
CHD	Consumer Defensive	Household & Personal Products
CHH	Consumer Cyclical	Lodging
BURL	Consumer Cyclical	Apparel Retail
CINT	Technology	Software - Infrastructure
CIEN	Technology	Communication Equipment
CLB	Energy	Oil & Gas Equipment & Services
CLS	Technology	Electronic Components
CLX	Consumer Defensive	Household & Personal Products
CMC	Industrials	Metal Fabrication
CMI	Industrials	Specialty Industrial Machinery
CMT	Basic Materials	Specialty Chemicals
BZH	Consumer Cyclical	Residential Construction
CNC	Healthcare	Healthcare Plans
CNNE	Consumer Cyclical	Restaurants
CNK	Communication Services	Entertainment
CNQ	Energy	Oil & Gas E&P
COHR	Technology	Scientific & Technical Instruments
CNX	Energy	Oil & Gas E&P
COR	Healthcare	Medical Distribution
CPF	Financial Services	Banks - Regional
CON.US	Healthcare	Medical Care Facilities
CQP	Energy	Oil & Gas Midstream
CSQR	Technology	Information Technology Services
CSV	Consumer Cyclical	Personal Services
CTGO	Basic Materials	Gold
CTRE	Real Estate	REIT - Healthcare Facilities
CP	Industrials	Railroads
CRGY	Energy	Oil & Gas E&P
CPRI	Consumer Cyclical	Luxury Goods
CRS	Industrials	Metal Fabrication
CVLG	Industrials	Trucking
CRK	Energy	Oil & Gas E&P
CX	Basic Materials	Building Materials
CTVA	Basic Materials	Agricultural Inputs
CVX.US	Energy	Oil & Gas Integrated
D	Utilities	Utilities - Regulated Electric
DAN	Consumer Cyclical	Auto Parts
DB	Financial Services	Banks - Regional
DBRG	Financial Services	Asset Management
DCO	Industrials	Aerospace & Defense
DEA	Real Estate	REIT - Office
CRC	Energy	Oil & Gas E&P
DDD	Technology	Computer Hardware
CVE	Energy	Oil & Gas Integrated
DFIN	Technology	Software - Application
DIN	Consumer Cyclical	Restaurants
DHI	Consumer Cyclical	Residential Construction
DK	Energy	Oil & Gas Refining & Marketing
CWH	Consumer Cyclical	Auto & Truck Dealerships
DMC	Consumer Defensive	Farm Products
DLB	Industrials	Specialty Business Services
DOCS	Healthcare	Health Information Services
CURB	Real Estate	REIT - Retail
CXW	Industrials	Security & Protection Services
DOV	Industrials	Specialty Industrial Machinery
DUK	Utilities	Utilities - Regulated Electric
DY	Industrials	Engineering & Construction
DVN	Energy	Oil & Gas E&P
ECVT	Basic Materials	Specialty Chemicals
DELL	Technology	Computer Hardware
EFXT	Energy	Oil & Gas Equipment & Services
DNOW	Industrials	Industrial Distribution
DT	Technology	Software - Application
DRD	Basic Materials	Gold
EAT	Consumer Cyclical	Restaurants
EC	Energy	Oil & Gas Integrated
ELV	Healthcare	Healthcare Plans
EDU	Consumer Defensive	Education & Training Services
EFOR	Technology	Information Technology Services
ENR	Industrials	Electrical Equipment & Parts
EME	Industrials	Engineering & Construction
EPC	Consumer Defensive	Household & Personal Products
EPR	Real Estate	REIT - Specialty
EOG	Energy	Oil & Gas E&P
EQH	Financial Services	Asset Management
EROK	Energy	Oil & Gas Equipment & Services
EQX	Basic Materials	Gold
EHC	Healthcare	Medical Care Facilities
ESE	Technology	Scientific & Technical Instruments
ET	Energy	Oil & Gas Midstream
ESRT	Real Estate	REIT - Diversified
EVEX	Industrials	Aerospace & Defense
ETR	Utilities	Utilities - Regulated Electric
ELME	Real Estate	REIT - Residential
EVR	Financial Services	Capital Markets
EL	Consumer Defensive	Household & Personal Products
EXK	Basic Materials	Silver
EXR	Real Estate	REIT - Industrial
FBRT	Real Estate	REIT - Mortgage
FBIN	Industrials	Building Products & Equipment
FCN	Industrials	Consulting Services
FDS	Financial Services	Financial Data & Stock Exchanges
ENB	Energy	Oil & Gas Midstream
FE	Utilities	Utilities - Regulated Electric
FG	Financial Services	Insurance - Life
FICO	Technology	Software - Application
FINV	Financial Services	Credit Services
FITB	Financial Services	Banks - Regional
FLO	Consumer Defensive	Packaged Foods
FMC	Basic Materials	Agricultural Inputs
EGO	Basic Materials	Gold
FN	Technology	Electronic Components
FPS	Industrials	Electrical Equipment & Parts
FTI	Energy	Oil & Gas Equipment & Services
GAP	Consumer Cyclical	Apparel Retail
FNF	Financial Services	Insurance - Specialty
FOR	Real Estate	Real Estate - Development
GDOT	Financial Services	Credit Services
GBTG	Consumer Cyclical	Travel Services
GFF	Industrials	Building Products & Equipment
GIC	Industrials	Industrial Distribution
FRT	Real Estate	REIT - Retail
FTV	Technology	Scientific & Technical Instruments
GEO	Industrials	Security & Protection Services
GLP	Energy	Oil & Gas Midstream
GMRS	Healthcare	Medical Care Facilities
GCTS	Technology	Semiconductors
GFR	Energy	Oil & Gas E&P
FUN.US	Consumer Cyclical	Leisure
GHC	Industrials	Conglomerates
GPMT	Real Estate	REIT - Mortgage
GKOS	Healthcare	Medical Devices
GRNT	Energy	Oil & Gas E&P
GME	Consumer Cyclical	Specialty Retail
GTES	Industrials	Specialty Industrial Machinery
GNL	Real Estate	REIT - Diversified
GNW	Financial Services	Insurance - Life
GPC	Consumer Cyclical	Auto Parts
GVA	Industrials	Engineering & Construction
GOOG.24-7	Communication Services	Internet Content & Information
GPRK	Energy	Oil & Gas E&P
GWW	Industrials	Industrial Distribution
HASI	Financial Services	Asset Management
HBM	Basic Materials	Copper
HE	Utilities	Utilities - Regulated Electric
GSBD	Financial Services	Asset Management
HESM	Energy	Oil & Gas Midstream
HGV	Consumer Cyclical	Resorts & Casinos
HLN	Healthcare	Drug Manufacturers - Specialty & Generic
HAE	Healthcare	Medical Devices
HCI	Financial Services	Insurance - Property & Casualty
HII	Industrials	Aerospace & Defense
HIW	Real Estate	REIT - Office
HR	Real Estate	REIT - Healthcare Facilities
HLI	Financial Services	Capital Markets
HMC	Consumer Cyclical	Auto Manufacturers
HNGE	Healthcare	Health Information Services
HOMB	Financial Services	Banks - Regional
HUN	Basic Materials	Chemicals
IBM	Technology	Information Technology Services
HPE	Technology	Communication Equipment
IDA	Utilities	Utilities - Regulated Electric
HRL	Consumer Defensive	Packaged Foods
HSY	Consumer Defensive	Confectioners
IE	Basic Materials	Copper
HTH	Financial Services	Financial Conglomerates
HUBB	Industrials	Electrical Equipment & Parts
IFS	Financial Services	Banks - Regional
IHS	Real Estate	Real Estate Services
IMAX	Communication Services	Entertainment
HYLN	Consumer Cyclical	Auto Parts
HWM	Industrials	Aerospace & Defense
INFY	Technology	Information Technology Services
INN	Real Estate	REIT - Hotel & Motel
INTT	Technology	Semiconductor Equipment & Materials
IONQ	Technology	Computer Hardware
J	Industrials	Engineering & Construction
IBTA	Technology	Software - Application
JCI	Industrials	Building Products & Equipment
JHX	Basic Materials	Building Materials
JNJ	Healthcare	Drug Manufacturers - General
JLL	Real Estate	Real Estate Services
JPM	Financial Services	Banks - Diversified
KB	Financial Services	Banks - Regional
KD	Technology	Information Technology Services
IPI	Basic Materials	Agricultural Inputs
KEP	Utilities	Utilities - Regulated Electric
IT	Technology	Information Technology Services
IRM	Real Estate	REIT - Specialty
ITUB	Financial Services	Banks - Regional
KEYS	Technology	Scientific & Technical Instruments
IVT	Real Estate	REIT - Retail
KGC	Basic Materials	Gold
JBL	Technology	Electronic Components
KRMN	Industrials	Aerospace & Defense
KKR	Financial Services	Asset Management
KMI	Energy	Oil & Gas Midstream
KMX	Consumer Cyclical	Auto & Truck Dealerships
KNOP	Energy	Oil & Gas Midstream
KO	Consumer Defensive	Beverages - Non-Alcoholic
KRC	Real Estate	REIT - Office
KOP	Basic Materials	Specialty Chemicals
KVYO	Technology	Software - Application
LAZ	Financial Services	Capital Markets
LCII	Consumer Cyclical	Recreational Vehicles
LDI	Financial Services	Mortgage Finance
KT	Communication Services	Telecom Services
LEU	Energy	Uranium
LHX	Industrials	Aerospace & Defense
LMT	Industrials	Aerospace & Defense
LOW	Consumer Cyclical	Home Improvement Retail
LPX	Industrials	Building Products & Equipment
LADR	Real Estate	REIT - Mortgage
L	Financial Services	Insurance - Property & Casualty
LEG	Consumer Cyclical	Furnishings, Fixtures & Appliances
LW	Consumer Defensive	Packaged Foods
LNN	Industrials	Farm & Heavy Construction Machinery
LU	Financial Services	Credit Services
MAIN	Financial Services	Asset Management
LUV	Industrials	Airlines
MBC	Consumer Cyclical	Furnishings, Fixtures & Appliances
MCB	Financial Services	Banks - Regional
LXU	Basic Materials	Chemicals
MCO	Financial Services	Financial Data & Stock Exchanges
LYNX	Industrials	Aerospace & Defense
LZM	Basic Materials	Other Industrial Metals & Mining
MD	Healthcare	Medical Care Facilities
MEC	Industrials	Metal Fabrication
MAA	Real Estate	REIT - Residential
MH	Consumer Defensive	Education & Training Services
MIAX	Financial Services	Capital Markets
MATV	Basic Materials	Specialty Chemicals
MFC	Financial Services	Insurance - Life
MGA	Consumer Cyclical	Auto Parts
MNSO	Consumer Cyclical	Specialty Retail
MANE	Healthcare	Biotechnology
MET.US	Financial Services	Insurance - Life
LTC.US	Real Estate	REIT - Healthcare Facilities
MOD	Consumer Cyclical	Auto Parts
MKC	Consumer Defensive	Packaged Foods
MLI	Industrials	Metal Fabrication
MPC	Energy	Oil & Gas Refining & Marketing
MOS	Basic Materials	Agricultural Inputs
MPTI	Technology	Electronic Components
MSA	Industrials	Security & Protection Services
MMI	Real Estate	Real Estate Services
MTRN	Basic Materials	Other Industrial Metals & Mining
MRSH	Financial Services	Insurance Brokers
MSI	Technology	Communication Equipment
MTB	Financial Services	Banks - Regional
MTG	Financial Services	Insurance - Specialty
MTX	Basic Materials	Specialty Chemicals
MYE	Consumer Cyclical	Packaging & Containers
MUR	Energy	Oil & Gas E&P
NAK	Basic Materials	Other Industrial Metals & Mining
MWA	Industrials	Specialty Industrial Machinery
NGS	Energy	Oil & Gas Equipment & Services
NET	Technology	Software - Infrastructure
NHC	Healthcare	Medical Care Facilities
NLY	Real Estate	REIT - Mortgage
NJR	Utilities	Utilities - Regulated Gas
NOC	Industrials	Aerospace & Defense
NOW	Technology	Software - Application
MSFT.24-7	Technology	Software - Infrastructure
NBHC	Financial Services	Banks - Regional
NE	Energy	Oil & Gas Drilling
NFG	Energy	Oil & Gas Integrated
NRDY	Technology	Software - Application
NTB	Financial Services	Banks - Diversified
NU	Financial Services	Banks - Regional
NSC	Industrials	Railroads
NVST	Healthcare	Medical Instruments & Supplies
NIC	Financial Services	Banks - Regional
NUVB	Healthcare	Biotechnology
NNI	Financial Services	Credit Services
NYT	Communication Services	Publishing
NOMD	Consumer Defensive	Packaged Foods
NVO	Healthcare	Drug Manufacturers - General
OEC	Basic Materials	Specialty Chemicals
NXDT	Real Estate	REIT - Diversified
OGE	Utilities	Utilities - Regulated Electric
OIS	Energy	Oil & Gas Equipment & Services
NPKI	Industrials	Building Products & Equipment
OBK	Financial Services	Banks - Regional
NWN	Utilities	Utilities - Regulated Gas
OHI	Real Estate	REIT - Healthcare Facilities
ORCL	Technology	Software - Infrastructure
OSCR	Healthcare	Healthcare Plans
OLN	Basic Materials	Chemicals
ONON	Consumer Cyclical	Footwear & Accessories
OMF	Financial Services	Credit Services
OPLN	Consumer Cyclical	Auto & Truck Dealerships
PAGS	Technology	Software - Infrastructure
OR.US	Basic Materials	Gold
OTF	Financial Services	Asset Management
OOMA	Technology	Software - Application
PBA	Energy	Oil & Gas Midstream
OXY	Energy	Oil & Gas E&P
PAC	Industrials	Airports & Air Services
OVV	Energy	Oil & Gas E&P
PBI	Industrials	Integrated Freight & Logistics
PD	Technology	Software - Application
PAR	Technology	Software - Application
PCG	Utilities	Utilities - Regulated Electric
PFGC	Consumer Defensive	Food Distribution
PHG	Healthcare	Medical Devices
PG	Consumer Defensive	Household & Personal Products
PKG	Consumer Cyclical	Packaging & Containers
PEG	Utilities	Utilities - Regulated Electric
PHM	Consumer Cyclical	Residential Construction
PJT	Financial Services	Capital Markets
PINE	Real Estate	REIT - Retail
PAY.US	Technology	Software - Infrastructure
PNR	Industrials	Specialty Industrial Machinery
POST	Consumer Defensive	Packaged Foods
PLD	Real Estate	REIT - Industrial
PLOW	Consumer Cyclical	Auto Parts
PMT	Real Estate	REIT - Mortgage
PRG	Industrials	Rental & Leasing Services
PRIM	Industrials	Engineering & Construction
PRU	Financial Services	Insurance - Life
PRLB	Industrials	Metal Fabrication
PSFE	Technology	Software - Infrastructure
PUK	Financial Services	Insurance - Life
PSQH	Technology	Software - Application
PWR	Industrials	Engineering & Construction
QSR	Consumer Cyclical	Restaurants
RBLX	Communication Services	Electronic Gaming & Multimedia
RAL	Technology	Electronic Components
QXO	Industrials	Industrial Distribution
RCI	Communication Services	Telecom Services
REA	Basic Materials	Other Industrial Metals & Mining
REX	Basic Materials	Chemicals
RH	Consumer Cyclical	Specialty Retail
RF	Financial Services	Banks - Regional
RJF	Financial Services	Asset Management
RDDT	Communication Services	Internet Content & Information
RELX	Industrials	Specialty Business Services
RIG	Energy	Oil & Gas Drilling
RPM	Basic Materials	Specialty Chemicals
RLGT	Industrials	Integrated Freight & Logistics
RLX	Consumer Defensive	Tobacco
RMD	Healthcare	Medical Instruments & Supplies
ROK	Industrials	Specialty Industrial Machinery
RNR	Financial Services	Insurance - Reinsurance
RTX	Industrials	Aerospace & Defense
RDY	Healthcare	Drug Manufacturers - Specialty & Generic
SBSW	Basic Materials	Other Precious Metals & Mining
SCI	Consumer Cyclical	Personal Services
SDHC	Real Estate	Real Estate - Development
SEAT	Communication Services	Internet Content & Information
RRX	Industrials	Specialty Industrial Machinery
RSI	Consumer Cyclical	Gambling
RWT	Real Estate	REIT - Mortgage
RYAN	Financial Services	Insurance Brokers
SES	Consumer Cyclical	Auto Parts
SGHC	Consumer Cyclical	Gambling
SHEL	Energy	Oil & Gas Integrated
SBH	Consumer Cyclical	Specialty Retail
SAP	Technology	Software - Application
SIG	Consumer Cyclical	Luxury Goods
SJM	Consumer Defensive	Packaged Foods
SLG	Real Estate	REIT - Office
SMG	Basic Materials	Agricultural Inputs
SM	Energy	Oil & Gas E&P
SMR	Industrials	Specialty Industrial Machinery
SN	Consumer Cyclical	Furnishings, Fixtures & Appliances
SAFE.US	Real Estate	REIT - Diversified
SNDR	Industrials	Trucking
SKY.US	Consumer Cyclical	Residential Construction
SPCE	Industrials	Aerospace & Defense
SSTK	Communication Services	Internet Content & Information
SOC	Energy	Oil & Gas Drilling
SPHR	Communication Services	Entertainment
SPOT	Communication Services	Internet Content & Information
SNX.US	Technology	Electronics & Computer Distribution
SR	Utilities	Utilities - Regulated Gas
STEM	Utilities	Utilities - Renewable
SSD	Basic Materials	Lumber & Wood Production
STN	Industrials	Engineering & Construction
SRG.US	Real Estate	Real Estate Services
STUB	Communication Services	Internet Content & Information
STZ	Consumer Defensive	Beverages - Brewers
SUN	Energy	Oil & Gas Refining & Marketing
SUZ	Basic Materials	Paper & Paper Products
STC	Financial Services	Insurance - Property & Casualty
TALO	Energy	Oil & Gas E&P
SXI	Industrials	Specialty Industrial Machinery
TAC	Utilities	Utilities - Independent Power Producers
SWK	Industrials	Tools & Accessories
SYK	Healthcare	Medical Devices
TBI	Industrials	Staffing & Employment Services
TDY	Technology	Scientific & Technical Instruments
TEO	Communication Services	Telecom Services
TFX	Healthcare	Medical Instruments & Supplies
TDAY	Communication Services	Publishing
TDOC	Healthcare	Health Information Services
TFC	Financial Services	Banks - Regional
TME	Communication Services	Internet Content & Information
TEL.US	Technology	Electronic Components
THG	Financial Services	Insurance - Property & Casualty
TNC	Industrials	Specialty Industrial Machinery
TKC	Communication Services	Telecom Services
TLK	Communication Services	Telecom Services
TGS.US	Energy	Oil & Gas Integrated
TIMB	Communication Services	Telecom Services
TNL	Consumer Cyclical	Travel Services
TRNO	Real Estate	REIT - Industrial
TS	Energy	Oil & Gas Equipment & Services
TPL	Energy	Oil & Gas E&P
TR	Consumer Defensive	Confectioners
TSM	Technology	Semiconductors
TRTX	Real Estate	REIT - Mortgage
TOST	Technology	Software - Infrastructure
UAMY	Basic Materials	Other Industrial Metals & Mining
TRGP	Energy	Oil & Gas Midstream
TTAM	Basic Materials	Building Materials
UBS	Financial Services	Banks - Diversified
TTI	Energy	Oil & Gas Equipment & Services
TWLO	Technology	Software - Infrastructure
TXNM	Utilities	Utilities - Regulated Electric
UE	Real Estate	REIT - Retail
U	Technology	Software - Application
UI	Technology	Communication Equipment
UGI	Utilities	Utilities - Regulated Gas
UNM	Financial Services	Insurance - Life
UNF	Industrials	Specialty Business Services
USAC	Energy	Oil & Gas Equipment & Services
ULS	Industrials	Specialty Business Services
VIA	Technology	Software - Application
UPS	Industrials	Integrated Freight & Logistics
USNA	Consumer Defensive	Packaged Foods
UVE	Financial Services	Insurance - Property & Casualty
UTL	Utilities	Utilities - Diversified
V	Financial Services	Credit Services
VALE	Basic Materials	Other Industrial Metals & Mining
VIPS	Consumer Cyclical	Internet Retail
VMC	Basic Materials	Building Materials
VLO	Energy	Oil & Gas Refining & Marketing
VFC	Consumer Cyclical	Apparel Manufacturing
VOYG	Industrials	Aerospace & Defense
VNO	Real Estate	REIT - Office
VSTS	Industrials	Rental & Leasing Services
VRTS	Financial Services	Asset Management
WBI	Energy	Oil & Gas Equipment & Services
VTMX	Real Estate	Real Estate - Diversified
VYX	Technology	Information Technology Services
VTS	Energy	Oil & Gas E&P
VIV.US	Communication Services	Telecom Services
WAB	Industrials	Railroads
WEAV	Healthcare	Health Information Services
WCN	Industrials	Waste Management
WHD	Energy	Oil & Gas Equipment & Services
WLK	Basic Materials	Specialty Chemicals
WIT	Technology	Information Technology Services
WMB	Energy	Oil & Gas Midstream
WTI	Energy	Oil & Gas E&P
WWW	Consumer Cyclical	Footwear & Accessories
WFC	Financial Services	Banks - Diversified
WES	Energy	Oil & Gas Midstream
WNC	Industrials	Farm & Heavy Construction Machinery
WPC	Real Estate	REIT - Diversified
WSM	Consumer Cyclical	Specialty Retail
WTS	Industrials	Specialty Industrial Machinery
XZO	Financial Services	Insurance - Diversified
YETI	Consumer Cyclical	Leisure
YOU	Technology	Software - Application
XIFR	Utilities	Utilities - Renewable
ZEPP	Technology	Consumer Electronics
ZH	Communication Services	Internet Content & Information
ZTO	Industrials	Integrated Freight & Logistics
OABI	Healthcare	Biotechnology
OCFC	Financial Services	Banks - Regional
OCUL	Healthcare	Biotechnology
ODTX	Healthcare	Biotechnology
OFS	Financial Services	Asset Management
OKUR	Healthcare	Biotechnology
XPEV	Consumer Cyclical	Auto Manufacturers
OLMA	Healthcare	Biotechnology
OMCL	Healthcare	Health Information Services
ON	Technology	Semiconductors
ONDS	Technology	Communication Equipment
OPCH	Healthcare	Medical Care Facilities
WRB.US	Financial Services	Insurance - Property & Casualty
XPRO	Energy	Oil & Gas Equipment & Services
OSPN	Technology	Software - Infrastructure
OPENW		
OPRA	Communication Services	Internet Content & Information
ORGO	Healthcare	Drug Manufacturers - Specialty & Generic
YUM	Consumer Cyclical	Restaurants
OPTX	Technology	Electronic Components
SUBC.OL	Energy	Oil & Gas Equipment & Services
ORLY	Consumer Cyclical	Auto Parts
VAR.OL	Energy	Oil & Gas E&P
ARVLF	Consumer Cyclical	Auto Manufacturers
CNTM	Technology	Software - Application
DMNIF	Consumer Cyclical	Auto Manufacturers
OTLY	Consumer Defensive	Packaged Foods
OVLY	Financial Services	Banks - Regional
EVFM	Healthcare	Biotechnology
HTGMQ	Healthcare	Diagnostics & Research
MFLTY	Consumer Defensive	Grocery Stores
BTMCQ	Financial Services	Capital Markets
ATROB	Industrials	Aerospace & Defense
IVCAF	Financial Services	Shell Companies
GDST	Financial Services	Shell Companies
MAXNQ	Technology	Solar
ORANY	Communication Services	Telecom Services
REEAF.US	Consumer Cyclical	Auto Parts
SCPX	Healthcare	Biotechnology
MTPLF	Consumer Cyclical	Restaurants
SLAMF	Financial Services	Shell Companies
SNBRQ	Consumer Cyclical	Furnishings, Fixtures & Appliances
SUNWQ	Technology	Solar
SFGYY	Financial Services	Insurance - Life
TRVN	Healthcare	Biotechnology
PANL	Industrials	Marine Shipping
PAYX	Technology	Software - Application
WCPRF	Energy	Oil & Gas E&P
ZPTA	Technology	Software - Infrastructure
PAYO	Technology	Software - Infrastructure
PACB	Healthcare	Medical Devices
PCVX	Healthcare	Biotechnology
PENG	Technology	Information Technology Services
PERI	Communication Services	Internet Content & Information
PCAR	Industrials	Farm & Heavy Construction Machinery
PDFS	Technology	Software - Application
PFBC	Financial Services	Banks - Regional
PEBO	Financial Services	Banks - Regional
PLAY	Communication Services	Entertainment
PLTK	Communication Services	Electronic Gaming & Multimedia
PFLT	Financial Services	Asset Management
PGY	Technology	Software - Infrastructure
PIII	Healthcare	Medical Care Facilities
PLPC	Industrials	Electrical Equipment & Parts
PLUS	Technology	Software - Application
POWW	Industrials	Aerospace & Defense
PMVP	Healthcare	Biotechnology
PPTA	Basic Materials	Other Precious Metals & Mining
PRPL	Consumer Cyclical	Furnishings, Fixtures & Appliances
PRTS	Consumer Cyclical	Auto Parts
PSIX	Industrials	Specialty Industrial Machinery
PTC	Technology	Software - Application
PTGX	Healthcare	Biotechnology
PHVS	Healthcare	Biotechnology
POOL	Industrials	Industrial Distribution
PRAX	Healthcare	Biotechnology
PWP	Financial Services	Capital Markets
POET	Technology	Semiconductors
PRDO	Consumer Defensive	Education & Training Services
74SW.PA	Technology	Software - Application
AC.PA	Consumer Cyclical	Lodging
PTRN	Consumer Cyclical	Internet Retail
ALATA.PA	Communication Services	Electronic Gaming & Multimedia
ABEO.PA	Consumer Cyclical	Leisure
ADOC.PA	Healthcare	Biotechnology
ALBFR.PA	Technology	Software - Application
AI.PA	Basic Materials	Specialty Chemicals
ALBIZ.PA	Communication Services	Advertising Agencies
PSNL	Healthcare	Diagnostics & Research
ALAGO.PA	Utilities	Utilities - Renewable
AKW.PA	Consumer Cyclical	Auto Parts
ALBON.PA	Financial Services	Asset Management
ALCIS.PA	Industrials	Specialty Business Services
ALCAT.PA	Consumer Cyclical	Recreational Vehicles
ALDMS.PA	Healthcare	Medical Devices
ALDUX.PA	Communication Services	Advertising Agencies
ALEO2.PA	Basic Materials	Lumber & Wood Production
ALFOR.PA	Consumer Cyclical	Auto Parts
ALDEL.PA	Consumer Cyclical	Auto Parts
ALFUM.PA	Communication Services	Advertising Agencies
ALCLS.PA	Healthcare	Biotechnology
ALCUR.PA	Industrials	Specialty Industrial Machinery
ALCOX.PA	Healthcare	Biotechnology
ALECP.PA	Communication Services	Entertainment
ALHPI.PA	Industrials	Farm & Heavy Construction Machinery
ALHUN.PA	Consumer Cyclical	Specialty Retail
ALFER.PA	Industrials	Building Products & Equipment
ALICA.PA	Technology	Electronic Components
ALINN.PA	Technology	Electronics & Computer Distribution
ALITL.PA	Technology	Information Technology Services
ALKEY.PA	Technology	Information Technology Services
ALLGO.PA	Technology	Electronics & Computer Distribution
ALGID.PA	Technology	Electronic Components
ALHAF.PA	Utilities	Utilities - Renewable
ALMCE.PA	Industrials	Specialty Business Services
ALMKT.PA	Healthcare	Medical Devices
ALMDT.PA	Healthcare	Medical Devices
ALMRB.PA	Consumer Cyclical	Home Improvement Retail
ALHG.PA	Industrials	Specialty Business Services
ALNSE.PA	Technology	Scientific & Technical Instruments
ALO.PA	Industrials	Railroads
ALKLH.PA	Healthcare	Diagnostics & Research
ALSOG.PA	Industrials	Aerospace & Defense
ALSTI.PA	Industrials	Specialty Industrial Machinery
ALTAO.PA	Healthcare	Biotechnology
ALTHX.PA	Healthcare	Biotechnology
ALNN6.PA	Technology	Communication Equipment
ALTOU.PA	Industrials	Rental & Leasing Services
ALPAS.PA	Consumer Cyclical	Specialty Retail
ALPUL.PA	Communication Services	Electronic Gaming & Multimedia
ALOPM.PA	Healthcare	Biotechnology
ALPJT.PA	Industrials	Building Products & Equipment
ALVAL.PA	Consumer Defensive	Packaged Foods
ALVGO.PA	Technology	Software - Application
ALSEN.PA	Healthcare	Biotechnology
ARG.PA	Real Estate	REIT - Industrial
BAIN.PA	Consumer Cyclical	Resorts & Casinos
BEN.PA	Consumer Cyclical	Recreational Vehicles
BLC.PA	Healthcare	Medical Distribution
ALU10.PA	Consumer Cyclical	Furnishings, Fixtures & Appliances
ALQWA.PA	Communication Services	Advertising Agencies
BOI.PA	Healthcare	Drug Manufacturers - Specialty & Generic
AMUN.PA	Financial Services	Asset Management
ATEME.PA	Technology	Communication Equipment
CA.PA	Consumer Defensive	Grocery Stores
AURE.PA	Industrials	Waste Management
CDI.PA	Consumer Cyclical	Luxury Goods
CMO.PA	Financial Services	Banks - Regional
COV.PA	Real Estate	REIT - Diversified
CRLA.PA	Financial Services	Banks - Regional
CRTO.PA	Financial Services	Banks - Regional
DBG.PA	Industrials	Waste Management
ALWEC.PA	Technology	Computer Hardware
BSD.PA	Financial Services	Capital Markets
ALWTR.PA	Industrials	Pollution & Treatment Controls
CARM.PA	Real Estate	REIT - Retail
DEEZR.PA	Communication Services	Entertainment
CBSM.PA		
COFA.PA	Financial Services	Insurance - Reinsurance
EQS.PA	Healthcare	Health Information Services
CRAV.PA	Financial Services	Banks - Regional
EC.PA	Energy	Oil & Gas E&P
DKUPL.PA	Communication Services	Advertising Agencies
EKI.PA	Technology	Communication Equipment
ELIOR.PA	Consumer Cyclical	Restaurants
EN.PA	Industrials	Engineering & Construction
FII.PA	Industrials	Aerospace & Defense
FRVIA.PA	Consumer Cyclical	Auto Parts
GDS.PA	Healthcare	Medical Care Facilities
ETL.PA	Communication Services	Telecom Services
GTT.PA	Energy	Oil & Gas Equipment & Services
HDF.PA	Utilities	Utilities - Renewable
EXENS.PA	Industrials	Aerospace & Defense
FDJU.PA	Consumer Cyclical	Gambling
ICAD.PA	Real Estate	REIT - Diversified
IMDA.PA	Real Estate	REIT - Diversified
GNFT.PA	Healthcare	Biotechnology
GFC.PA	Real Estate	REIT - Office
LSS.PA	Technology	Software - Application
MAU.PA	Energy	Oil & Gas E&P
IPH.PA	Healthcare	Biotechnology
ITP.PA	Consumer Defensive	Household & Personal Products
JCQ.PA	Basic Materials	Steel
LHYFE.PA	Basic Materials	Specialty Chemicals
LACR.PA	Technology	Scientific & Technical Instruments
MDM.PA	Consumer Cyclical	Home Improvement Retail
MERY.PA	Real Estate	REIT - Retail
LNA.PA	Healthcare	Medical Care Facilities
NANO.PA	Healthcare	Biotechnology
NXI.PA	Real Estate	Real Estate - Development
PAR.PA	Real Estate	REIT - Diversified
OR.PA	Consumer Defensive	Household & Personal Products
MMB.PA	Consumer Cyclical	Specialty Retail
MTU.PA	Industrials	Farm & Heavy Construction Machinery
PAT.PA	Real Estate	REIT - Retail
PIG.PA	Industrials	Farm & Heavy Construction Machinery
RI.PA	Consumer Defensive	Beverages - Wineries & Distilleries
RUI.PA	Energy	Oil & Gas Refining & Marketing
POMRY.PA	Consumer Defensive	Beverages - Wineries & Distilleries
PUB.PA	Communication Services	Advertising Agencies
RBT.PA	Basic Materials	Chemicals
SCR.PA	Financial Services	Insurance - Reinsurance
SMCP.PA	Consumer Cyclical	Apparel Retail
STLAP.PA	Consumer Cyclical	Auto Manufacturers
SGO.PA	Industrials	Building Products & Equipment
SW.PA	Industrials	Specialty Business Services
TEP.PA	Industrials	Specialty Business Services
URW.PA	Real Estate	REIT - Retail
VIV.PA	Communication Services	Electronic Gaming & Multimedia
VLTSA.PA	Utilities	Utilities - Renewable
VU.PA	Technology	Software - Application
SAF.PA	Industrials	Aerospace & Defense
SAVE.PA	Consumer Defensive	Packaged Foods
QCOM	Technology	Semiconductors
QNST	Communication Services	Advertising Agencies
THEP.PA	Industrials	Industrial Distribution
TRI.PA	Consumer Cyclical	Recreational Vehicles
VIL.PA	Financial Services	Capital Markets
VCT.PA	Basic Materials	Building Materials
RAPP	Healthcare	Biotechnology
RCEL	Healthcare	Medical Devices
RCMT	Industrials	Conglomerates
RDWR	Technology	Software - Infrastructure
WLN.PA	Technology	Software - Infrastructure
REKR	Technology	Software - Infrastructure
QFIN	Financial Services	Credit Services
SPIE.PA	Industrials	Engineering & Construction
RENEF	Financial Services	Shell Companies
REYN	Consumer Cyclical	Packaging & Containers
RGEN	Healthcare	Medical Instruments & Supplies
RGP	Industrials	Consulting Services
RIOT	Financial Services	Capital Markets
QS	Consumer Cyclical	Auto Parts
QUBT	Technology	Computer Hardware
RBBN	Technology	Software - Application
ROOT	Financial Services	Insurance - Property & Casualty
REFI	Real Estate	REIT - Mortgage
RICK	Consumer Cyclical	Restaurants
RLAY	Healthcare	Biotechnology
RMNI	Technology	Software - Application
RNA	Healthcare	Biotechnology
ROCK	Industrials	Building Products & Equipment
RUN	Technology	Solar
RXST	Healthcare	Medical Devices
RYTM	Healthcare	Biotechnology
SAIA	Industrials	Trucking
RPAY	Technology	Software - Infrastructure
SBAC	Real Estate	REIT - Specialty
SBUX	Consumer Cyclical	Restaurants
RRR	Consumer Cyclical	Resorts & Casinos
RVMD	Healthcare	Biotechnology
SFD	Consumer Defensive	Packaged Foods
SABR	Technology	Software - Infrastructure
SAMG	Financial Services	Asset Management
SBGI	Communication Services	Broadcasting
SG	Consumer Cyclical	Restaurants
SFNC	Financial Services	Banks - Regional
SDA	Consumer Cyclical	Auto & Truck Dealerships
SHEN	Communication Services	Telecom Services
SHOE	Consumer Cyclical	Apparel Retail
SERA	Healthcare	Medical Devices
SIBN	Healthcare	Medical Devices
SION	Healthcare	Biotechnology
SGMT	Healthcare	Biotechnology
SHAZ	Technology	Information Technology Services
SLN	Healthcare	Biotechnology
SEER	Healthcare	Biotechnology
SJ	Communication Services	Internet Content & Information
SKWD	Financial Services	Insurance - Property & Casualty
SNDK	Technology	Computer Hardware
SLDB	Healthcare	Biotechnology
SLGN	Consumer Cyclical	Packaging & Containers
SNY	Healthcare	Drug Manufacturers - General
SNEX	Financial Services	Capital Markets
SPRB	Healthcare	Biotechnology
SPSC	Technology	Software - Application
SPCX.24-7	Industrials	Aerospace & Defense
SRPT	Healthcare	Biotechnology
SMPL	Consumer Defensive	Packaged Foods
SILC	Technology	Communication Equipment
SMBC	Financial Services	Banks - Regional
STKS	Consumer Cyclical	Restaurants
SONO	Technology	Consumer Electronics
STRC	Technology	Software - Application
SUNS	Real Estate	REIT - Mortgage
STRK.US	Technology	Software - Application
STTK	Healthcare	Biotechnology
SPWH	Consumer Cyclical	Specialty Retail
SURG	Communication Services	Telecom Services
SSNC	Technology	Software - Application
SWBI	Industrials	Aerospace & Defense
SYRE	Healthcare	Biotechnology
SYBT	Financial Services	Banks - Regional
SSYS.US	Technology	Computer Hardware
STEP	Financial Services	Asset Management
ALTRA.ST	Real Estate	Real Estate Services
AQ.ST	Industrials	Electrical Equipment & Parts
STNE	Technology	Software - Infrastructure
ATCO-B.ST	Industrials	Specialty Industrial Machinery
BILL.ST	Basic Materials	Paper & Paper Products
ALFA.ST	Industrials	Specialty Industrial Machinery
CAST.ST	Real Estate	Real Estate - Development
DIOS.ST	Real Estate	Real Estate - Diversified
BEIAb.ST	Industrials	Specialty Industrial Machinery
BUFAB.ST	Industrials	Industrial Distribution
ENGCONb.ST	Industrials	Farm & Heavy Construction Machinery
EPROb.ST	Industrials	Specialty Industrial Machinery
HM-B.ST	Consumer Cyclical	Apparel Manufacturing
BOL.ST	Basic Materials	Other Industrial Metals & Mining
ERIC-B.ST	Technology	Communication Equipment
FABG.ST	Real Estate	Real Estate Services
HACK.ST	Communication Services	Electronic Gaming & Multimedia
CLASb.ST	Consumer Cyclical	Specialty Retail
LATOb.ST	Industrials	Conglomerates
HUSQB.ST	Industrials	Tools & Accessories
LOOMIS.ST	Industrials	Security & Protection Services
MILDEF.ST	Industrials	Aerospace & Defense
LUND-B.ST	Industrials	Conglomerates
EKTAB.ST	Healthcare	Medical Devices
MTGb.ST	Communication Services	Electronic Gaming & Multimedia
NORION.ST	Financial Services	Banks - Regional
INVE-A.ST	Financial Services	Asset Management
OEMb.ST	Industrials	Industrial Distribution
HOLMb.ST	Basic Materials	Paper & Paper Products
NCAB.ST	Technology	Electronic Components
NEWAb.ST	Consumer Cyclical	Specialty Retail
SIVE.ST	Technology	Semiconductors
SHBB.ST	Financial Services	Banks - Diversified
RUSTA.ST	Consumer Cyclical	Department Stores
RATOb.ST	Industrials	Engineering & Construction
SAND.ST	Industrials	Specialty Industrial Machinery
SCAB.ST	Basic Materials	Paper & Paper Products
SECU-B.ST	Industrials	Security & Protection Services
SOBI.ST	Healthcare	Drug Manufacturers - Specialty & Generic
SYNSAM.ST	Healthcare	Medical Instruments & Supplies
SKF-B.ST	Industrials	Tools & Accessories
TELIA.ST	Communication Services	Telecom Services
STORb.ST	Industrials	Conglomerates
VITR.ST	Healthcare	Medical Devices
TROAX.ST	Industrials	Metal Fabrication
XVIVO.ST	Healthcare	Medical Devices
VOLV-B.ST	Industrials	Farm & Heavy Construction Machinery
AGL.ASX	Utilities	Utilities - Independent Power Producers
A2M.ASX	Consumer Defensive	Packaged Foods
ALL.ASX	Consumer Cyclical	Gambling
ALX.ASX	Industrials	Infrastructure Operations
ARF.ASX	Real Estate	REIT - Specialty
APA.ASX	Utilities	Utilities - Regulated Gas
AX1.ASX	Consumer Cyclical	Apparel Retail
BEN.ASX	Financial Services	Banks - Regional
BHP.ASX	Basic Materials	Other Industrial Metals & Mining
BOQ.ASX	Financial Services	Banks - Regional
ANN.ASX	Healthcare	Medical Instruments & Supplies
BRN.ASX	Technology	Semiconductors
CBA.ASX	Financial Services	Banks - Diversified
BWP.ASX	Real Estate	REIT - Industrial
CGF.ASX	Financial Services	Insurance - Life
CLW.ASX	Real Estate	REIT - Diversified
CNU.ASX	Communication Services	Telecom Services
CTT.ASX	Consumer Cyclical	Luxury Goods
CIA.ASX	Basic Materials	Steel
CPU.ASX	Financial Services	Capital Markets
CRN.ASX	Basic Materials	Coking Coal
FBU.ASX	Basic Materials	Building Materials
DOW.ASX	Industrials	Engineering & Construction
DTL.ASX	Technology	Information Technology Services
FPH.ASX	Healthcare	Medical Instruments & Supplies
DDR.ASX	Technology	Electronics & Computer Distribution
EDV.ASX	Consumer Defensive	Beverages - Wineries & Distilleries
EMR.ASX	Basic Materials	Gold
GNC.ASX	Consumer Defensive	Farm Products
IMU.ASX	Healthcare	Biotechnology
HDN.ASX	Real Estate	REIT - Retail
IPH.ASX	Industrials	Specialty Business Services
IGO.ASX	Basic Materials	Other Industrial Metals & Mining
LTR.ASX	Basic Materials	Other Industrial Metals & Mining
MPL.ASX	Financial Services	Insurance - Specialty
MMS.ASX	Industrials	Staffing & Employment Services
HMC.ASX	Real Estate	REIT - Diversified
MFG.ASX	Financial Services	Asset Management
NCK.ASX	Consumer Cyclical	Specialty Retail
IAG.ASX	Financial Services	Insurance - Property & Casualty
JHX.ASX	Basic Materials	Building Materials
LKE.ASX	Basic Materials	Other Industrial Metals & Mining
ORG.ASX	Utilities	Utilities - Diversified
PLS.ASX	Basic Materials	Other Industrial Metals & Mining
MYR.ASX	Consumer Cyclical	Department Stores
PNI.ASX	Financial Services	Asset Management
PRU.ASX	Basic Materials	Gold
KGN.ASX	Consumer Cyclical	Internet Retail
QAN.ASX	Industrials	Airlines
REA.ASX	Communication Services	Internet Content & Information
NVX.ASX	Industrials	Electrical Equipment & Parts
NHC.ASX	Energy	Thermal Coal
RHC.ASX	Healthcare	Medical Care Facilities
RMD.ASX	Healthcare	Medical Instruments & Supplies
RWC.ASX	Industrials	Building Products & Equipment
NWS.ASX	Communication Services	Entertainment
SDF.ASX	Financial Services	Insurance Brokers
SFR.ASX	Basic Materials	Copper
SGP.ASX	Real Estate	REIT - Diversified
STO.ASX	Energy	Oil & Gas E&P
SMR.ASX	Basic Materials	Coking Coal
SIG.ASX	Healthcare	Medical Distribution
TNE.ASX	Technology	Software - Application
SYR.ASX	Basic Materials	Other Industrial Metals & Mining
TWE.ASX	Consumer Defensive	Beverages - Wineries & Distilleries
WBT.ASX	Technology	Semiconductors
VEA.ASX	Energy	Oil & Gas Refining & Marketing
WES.ASX	Consumer Cyclical	Home Improvement Retail
WPR.ASX	Real Estate	REIT - Specialty
XYZ.ASX	Technology	Software - Infrastructure
TCBK	Financial Services	Banks - Regional
TECH	Healthcare	Biotechnology
TLC.ASX	Consumer Cyclical	Gambling
WJL.ASX	Consumer Cyclical	Travel Services
WA1.ASX	Basic Materials	Copper
TBLA	Communication Services	Internet Content & Information
TGTX	Healthcare	Biotechnology
TASK	Technology	Information Technology Services
THRM	Consumer Cyclical	Auto Parts
TIGR	Financial Services	Capital Markets
TCPC	Financial Services	Asset Management
TLRY	Healthcare	Drug Manufacturers - Specialty & Generic
TDUP	Consumer Cyclical	Internet Retail
TMUS	Communication Services	Telecom Services
TNYA	Healthcare	Biotechnology
TELA	Healthcare	Medical Devices
TPG	Financial Services	Asset Management
TRDA	Healthcare	Biotechnology
TRIP	Consumer Cyclical	Travel Services
TOP.US	Financial Services	Capital Markets
TER	Technology	Semiconductor Equipment & Materials
TRNS	Industrials	Specialty Business Services
TRS	Consumer Cyclical	Packaging & Containers
TRVG	Communication Services	Internet Content & Information
TSCO	Consumer Cyclical	Specialty Retail
TTAN	Technology	Software - Application
TSLA	Consumer Cyclical	Auto Manufacturers
TTEK	Industrials	Engineering & Construction
TWST	Healthcare	Biotechnology
1332.T	Consumer Defensive	Packaged Foods
TXRH	Consumer Cyclical	Restaurants
1801.T	Industrials	Engineering & Construction
TITN	Industrials	Industrial Distribution
2432.T	Industrials	Conglomerates
2269.T	Consumer Defensive	Packaged Foods
2503.T	Consumer Defensive	Beverages - Brewers
TMCI	Healthcare	Medical Devices
2802.T	Consumer Defensive	Packaged Foods
2914.T	Consumer Defensive	Tobacco
4005.T	Basic Materials	Chemicals
4043.T	Basic Materials	Specialty Chemicals
TVRD	Healthcare	Biotechnology
1808.T	Consumer Cyclical	Residential Construction
4063.T	Basic Materials	Chemicals
1928.T	Consumer Cyclical	Residential Construction
4324.T	Communication Services	Advertising Agencies
3099.T	Consumer Cyclical	Department Stores
3407.T	Industrials	Conglomerates
3401.T	Industrials	Conglomerates
3697.T	Technology	Software - Application
5020.T	Energy	Oil & Gas Refining & Marketing
4188.T	Basic Materials	Specialty Chemicals
4502.T	Healthcare	Drug Manufacturers - Specialty & Generic
5301.T	Basic Materials	Specialty Chemicals
4507.T	Healthcare	Drug Manufacturers - Specialty & Generic
4543.T	Healthcare	Medical Devices
5401.T	Basic Materials	Steel
543A.T	Industrials	Farm & Heavy Construction Machinery
4661.T	Consumer Cyclical	Leisure
5831.T	Financial Services	Banks - Regional
5801.T	Industrials	Electrical Equipment & Parts
4751.T	Communication Services	Advertising Agencies
4902.T	Industrials	Business Equipment & Supplies
6113.T	Industrials	Specialty Industrial Machinery
5711.T	Basic Materials	Other Industrial Metals & Mining
6273.T	Industrials	Specialty Industrial Machinery
6367.T	Industrials	Building Products & Equipment
6305.T	Industrials	Farm & Heavy Construction Machinery
5201.T	Industrials	Conglomerates
6503.T	Industrials	Electrical Equipment & Parts
6526.T	Industrials	Electrical Equipment & Parts
6674.T	Consumer Cyclical	Auto Parts
6753.T	Technology	Consumer Electronics
6861.T	Technology	Scientific & Technical Instruments
6971.T	Industrials	Conglomerates
6988.T	Basic Materials	Specialty Chemicals
7201.T	Consumer Cyclical	Auto Manufacturers
7211.T	Consumer Cyclical	Auto Manufacturers
6473.T	Consumer Cyclical	Auto Parts
6723.T	Technology	Semiconductors
6770.T	Technology	Electronic Components
6952.T	Technology	Consumer Electronics
7912.T	Industrials	Conglomerates
7012.T	Industrials	Conglomerates
8001.T	Industrials	Conglomerates
8031.T	Industrials	Conglomerates
7269.T	Consumer Cyclical	Auto Manufacturers
8253.T	Financial Services	Credit Services
7453.T	Consumer Cyclical	Department Stores
8306.T	Financial Services	Banks - Diversified
8316.T	Financial Services	Banks - Diversified
8604.T	Financial Services	Capital Markets
8804.T	Real Estate	Real Estate Services
8058.T	Industrials	Conglomerates
9022.T	Industrials	Railroads
7735.T	Technology	Semiconductor Equipment & Materials
8411.T	Financial Services	Banks - Regional
8725.T	Financial Services	Insurance - Property & Casualty
8795.T	Financial Services	Insurance - Life
9104.T	Industrials	Marine Shipping
9433.T	Communication Services	Telecom Services
9005.T	Consumer Cyclical	Department Stores
9532.T	Utilities	Utilities - Regulated Gas
9502.T	Utilities	Utilities - Diversified
9009.T	Industrials	Railroads
7752.T	Industrials	Business Equipment & Supplies
UFPI	Basic Materials	Lumber & Wood Production
UCTT	Technology	Semiconductor Equipment & Materials
ULH	Industrials	Trucking
UPBD	Technology	Software - Application
UPWK	Communication Services	Internet Content & Information
URGN	Healthcare	Biotechnology
USEA	Industrials	Marine Shipping
VANI	Healthcare	Biotechnology
UTMD	Healthcare	Medical Instruments & Supplies
VCTR	Financial Services	Asset Management
VEON	Communication Services	Telecom Services
VERU	Healthcare	Biotechnology
9201.T	Industrials	Airlines
VNET	Technology	Information Technology Services
9766.T	Communication Services	Electronic Gaming & Multimedia
VOGX	Healthcare	Biotechnology
9984.T	Communication Services	Telecom Services
UNIT	Real Estate	REIT - Specialty
VRSK	Industrials	Consulting Services
VSAT	Technology	Communication Equipment
VSTM	Healthcare	Biotechnology
VUZI	Technology	Consumer Electronics
WAFD	Financial Services	Banks - Regional
WATT	Technology	Communication Equipment
VINP	Financial Services	Asset Management
VFS	Consumer Cyclical	Auto Manufacturers
WEN	Consumer Cyclical	Restaurants
VISN	Technology	Communication Equipment
VRM	Financial Services	Credit Services
WDAY	Technology	Software - Application
VLGEA	Consumer Defensive	Grocery Stores
WHF	Financial Services	Asset Management
WRLD	Financial Services	Credit Services
WEYS	Consumer Cyclical	Footwear & Accessories
WSC	Industrials	Rental & Leasing Services
WINA	Consumer Cyclical	Specialty Retail
WKHS	Consumer Cyclical	Auto Manufacturers
WLFC	Industrials	Rental & Leasing Services
WSHP	Communication Services	Internet Content & Information
WTW	Financial Services	Insurance Brokers
WW	Healthcare	Medical Care Facilities
WYNN	Consumer Cyclical	Resorts & Casinos
XMTR	Industrials	Industrial Distribution
XPEL	Consumer Cyclical	Auto Parts
XEL	Utilities	Utilities - Regulated Electric
XXI	Consumer Defensive	Education & Training Services
XRX	Industrials	Business Equipment & Supplies
WMT	Consumer Defensive	Discount Stores
ZBRA	Technology	Communication Equipment
ZION	Financial Services	Banks - Regional
ZYME	Healthcare	Biotechnology
ADEN.ZU	Industrials	Staffing & Employment Services
AMS.ZU	Technology	Semiconductors
GALD.ZU	Healthcare	Drug Manufacturers - Specialty & Generic
GIVN.ZU	Basic Materials	Specialty Chemicals
YSWY	Consumer Defensive	Grocery Stores
ZUMZ	Consumer Cyclical	Apparel Retail
ZM	Technology	Software - Application
LONN.ZU	Healthcare	Diagnostics & Research
PSPN.ZU	Real Estate	Real Estate Services
BARN.ZU	Consumer Defensive	Confectioners
SCMN.ZU	Communication Services	Telecom Services
OERL.ZU	Industrials	Specialty Industrial Machinery
DKSH.ZU	Industrials	Consulting Services
CFR.ZU	Consumer Cyclical	Luxury Goods
SRAIL.ZU	Industrials	Railroads
SIKA.ZU	Basic Materials	Specialty Chemicals
UHR.ZU	Consumer Cyclical	Luxury Goods
LAND.ZU	Industrials	Electrical Equipment & Parts
SOON.ZU	Healthcare	Medical Devices
TECN.ZU	Healthcare	Medical Instruments & Supplies
