1	KOD	1.9267	129.85685231104645	19.082188571409716	93.10385260986126	6.753465707004229	170.7120890924387	98.7539701998925	61.19178082191781
2	NEOG	1.6380	16.865421929408278	2.7021838424207822	93.9257622837886	2.047572811545219	14.190073501768873	57.093642586953266	0.0
3	TWLO	1.6354	18.91108616101026	1.2273961436337593	91.38675342267855	1.6952419921809612	23.14064692543045	57.36577671420778	-0.8405296488198034
4	EAF	1.5717	34.05114762127885	1.2947708685386576	32.727272974980345	1.9260394219919315	48.9279075021989	24.816474537800033	0.0
5	DNA	1.5101	44.07713096942962	1.434688493539877	41.68714199956571	2.1803139431456455	48.593756187765095	70.66224490352516	0.0
6	SSL	1.3923	19.982779647751634	1.3120574676716272	87.4245503538811	1.4848469337264496	-4.552678424570065	24.34901206282025	None
7	META	1.3419	25.3055551933749	1.2997121167111847	75.26583260794709	1.511494143452313	6.893381202021603	19.212269957487848	5.532285982320997
8	PRLB	1.3316	20.973786981014236	1.4182909974741458	97.00701807528888	1.3231826407212839	23.259714236902155	98.63428350180112	0.0
9	MXL	1.2786	41.91107316062655	1.2405892267056382	66.84843763524626	1.1381079140913661	38.2886776581707	53.672970124706836	0.0
10	JILL	1.2520	22.138171490360676	1.2179733046946914	94.65569930355939	1.5467981630247776	1.27149171930302	40.435113666265146	-4.0
11	RSKD	1.2511	25.816992700183956	1.1113163565993756	89.48545434597621	2.997341665457397	21.79488584483702	63.48539263444773	28.57142857142857
12	HHH	1.2020	13.909425499054318	2.810224954964344	44.73853114345445	1.9259005862956944	20.7272194190929	96.0818739802679	13.291139240506327
13	RGR	1.1780	11.334753136239959	1.2189811232477372	68.9637873014454	1.770968186200248	11.097726056200624	40.815198891856625	0.0
14	ARM	1.1691	11.018368840813364	1.7996469497526077	51.976291984877406	1.4879445838166987	17.92150825001583	11.708534512146684	0.0
15	GRAL	1.1549	60.76364228219697	0.9964339288761935	91.69853580480229	2.1007604343360913	74.97746295174898	99.96009264398701	22.583840384887495
16	LTRX	1.1212	19.734652387700702	1.3038055717794448	65.06848836053997	1.174760843926091	42.34864142872539	99.95720995259195	5.060728744939271
17	WBD	1.1194	6.9944616221036355	1.2821188336468654	99.8554885731956	2.352714577614935	9.342763914557672	91.32864918790968	0.5964912280701814
18	PUBM	1.1186	12.599384818835132	1.2150583285892103	94.01840373782292	1.3618594502863723	10.3488161481309	57.30356711137986	6.757438224911767
19	AMRX	1.1129	13.825650968760467	1.3339809378165812	94.18854928971157	1.3174806390677765	18.42597774815727	91.7889581190937	-2.3529411764705883
20	QRVO	1.1071	20.91911279137239	1.2003138690904334	89.6253044222608	0.9871572995552719	7.08348401110173	30.262709368601776	-1.639344262295082
21	FIRY	1.1040	22.767426339886732	1.2567575900840715	57.85031079843465	0.641811416356583	20.83466460617176	53.14890595245703	None
22	CLMB	1.0912	12.25473826777022	2.2353046917131048	82.64699171793173	1.7081695830680395	14.48601614262697	98.34674111813425	0.0
23	XERS	1.0684	14.30231962415475	2.3647624799991522	75.32894611358643	1.2100188127527027	29.233039565096206	98.52419490807222	0.0
24	OPRT	1.0666	10.695183313606426	1.3042683422257129	91.79265082011212	1.595233509084083	1.6005680649402265	33.186836331783354	0.0
25	SONO	1.0580	19.006614962783335	1.4257457950005514	74.93224001835355	1.0738206811466704	14.718529828701698	67.16013903521629	0.0
26	PS	1.0481	40.47958136141767	1.1019208222262407	97.96993980739603	1.9102332262578272	47.414371871629115	96.27340871804003	0.6944444444444378
27	AMPH	1.0477	25.182817368484688	1.5845003283828731	83.44987870744707	1.1814086459325999	13.932931805660372	95.24316245346193	3.75
28	ADPT	1.0233	7.829045586280651	1.2434525165110455	91.92650461515498	1.0985470238786126	14.43081335174951	30.23613637259912	14.585858585858583
29	INOD	1.0064	12.763804544519797	0.9624175978072764	35.81564285065157	2.214556899354617	20.287113703915317	20.127385568394587	7.6923076923076925
30	TWST	0.9894	17.308947709696714	1.1388185690464052	93.33578134437894	1.4961521111599425	32.66221748118338	58.713862000815	5.299539170506913
31	WOR	0.9837	5.329638289605686	0.946193556610688	70.39502410956396	2.39129977934223	9.550297721645217	48.02593942144826	28.205128205128204
32	AGEN	0.9749	20.742642436175103	2.624034025101107	91.42857558062288	0.2566772847944691	31.63642062699834	96.3159354894014	38.46153846153847
33	SDGR	0.9633	44.536992751327524	1.1701017336468107	89.8547215496368	1.5548672258378868	41.547028652323185	62.27832018932988	0.0
34	DBRG	0.9606	0.12531017569895633	0.7337812856499221	99.71670739711513	2.3486767317105253	-0.18167310181101037	68.10832681147429	None
35	GIC	0.9589	6.8147421396485415	1.3505384690016495	96.25209157748364	1.506452693130007	7.200009226965495	88.3516148229262	None
36	BFLY	0.9543	4.931185072635093	0.7642111206679272	89.00427145424891	1.2645151760856574	22.860132724763016	34.16964063654959	16.7
37	BRKR	0.9497	6.801685703454641	1.202989170472963	94.16353302310569	1.0736659378479907	19.545461744369867	51.674086576318075	2.7863247863247906
38	SGHT	0.9444	10.225928964983256	2.0938859424348966	93.21436938895029	1.4550117117826982	13.400498200461369	97.65745101318953	0.0
39	GPRK	0.9404	8.426394838191973	1.5162895839169266	66.8021721568534	1.6350688354436462	-7.509178247529826	13.22565595308815	None
40	BHE	0.9327	12.349027239287787	1.271287972240218	72.68217196205791	1.3552782969841357	13.966590514811516	79.68716457279481	0.0
41	CTKB	0.9140	24.242422365851358	0.96302406229767	84.66898157206147	1.8743911243987512	18.218930802106232	75.03122059238551	0.0
42	CDNA	0.9005	23.376619024236003	0.8708420125840187	98.2636501583492	1.608901968399489	22.73141828744811	93.47048050973704	7.412698412698415
43	OUST	0.8909	11.932130544908716	1.5784646294058557	51.69867382544611	0.9371239379043564	21.613866939118108	39.51250440523448	0.0
44	SPNT	0.8810	3.157458406803632	0.6653746054598815	81.66849532059337	1.6912406776828428	0.23131527486966863	14.755010450234309	None
45	IONQ	0.8774	4.9929411029057285	1.6030313560891492	31.812769074135637	1.862463604165164	18.258358836340495	55.96128681843749	6.877323420074346
46	PFBC	0.8568	5.4148120027743785	1.546150948135125	89.46682913870741	1.8095465059227587	3.0883937124559724	68.77887545991251	0.0
47	P	0.8527	30.39096803903261	0.7587537331503753	95.98836018304722	1.4588504960682471	37.36086150400908	96.37785850575325	9.310789294108728
48	CRML	0.8417	-4.850744631044875	0.4379218953047916	9.3767342162657	1.5454619833305336	17.799407362094325	28.11601764854754	91.625
49	ABCL	0.8415	12.25806858487494	1.4919222468237283	91.1872711243896	0.7186286713512207	23.99787034759066	96.7617083623984	-0.17472335468841663
50	XMTR	0.8406	7.1473063585446	1.1218243036424855	93.35368307152551	1.4678488422139968	20.676720259939128	70.7813129518525	2.720527617477328
51	MG	0.8195	12.155844948508522	0.7151022790844745	98.5483883273217	1.7021305468856018	9.926225912134722	96.90177045198281	None
52	GME	0.8161	31.287666216288528	1.1379856059095377	59.84480198324593	1.7843448872147776	10.201657165398867	52.09055820150744	None
53	BB	0.8111	1.7341107377999692	2.276281776915354	54.25024059918686	2.141724019485896	12.926743511397198	70.75719906634906	-0.8032128514056232
54	ILMN	0.8111	19.416746884376323	0.8979213360672454	96.28776056153954	1.2612430287752712	29.96765568201947	79.97747700937543	5.6158074580300115
55	TXG	0.8029	36.46877730508603	1.1543574948088349	95.68229617716196	1.210020432911939	25.608562525132548	90.16112975234631	21.677788369876065
56	BBNX	0.7998	5.015350544111681	1.2816406164687726	49.01714955150009	0.9128695214796864	22.032275168284514	5.5371619136515875	9.29245283018869
57	SG	0.7941	21.354931036986695	1.5793961276645079	61.07491483905804	0.9716438827780232	13.033523210330259	93.59278571089695	0.0
58	AMD	0.7898	27.524278430269604	1.0817327790507387	93.51012052394094	0.9103077134793816	22.576098345727456	23.009922423193288	0.553999473855237
59	RGEN	0.7867	6.625280250216312	1.4844507314423923	95.11646540446529	1.2381865840399755	14.908113678462891	89.14753170156551	0.0
60	CZR	0.7753	-0.16868838761855293	0.8419525748167105	90.09216707056751	1.7157511583113818	-0.9248810588119332	13.49828876035265	0.0
61	CYRX	0.7721	4.888349311167417	1.2675666320526133	94.21407098135585	1.1205536269780443	8.27559154266084	32.51203179644044	0.0
62	ABSI	0.7661	0.7430965420093533	0.928402285766497	73.86652848821359	1.3456748806651049	16.68366411575872	25.193276850170832	-0.7719298245613996
63	ALNT	0.7478	19.563173521879595	0.7076408959537572	94.46178323207147	0.9152319900296327	25.728436566681896	58.676181697679205	13.157894736842104
64	FSLY	0.7473	1.1363664512229634	0.7232515847228904	63.448403456872605	2.3701085136670343	-0.38029663187303886	24.583072153478554	-2.056074766355143
65	VEON	0.7457	14.917221702999553	0.7571019599207224	82.74692488305362	1.7051817392035424	0.23566864388177788	22.43651485539796	8.823529411764707
66	CAAP	0.7448	7.733659670320551	4.0910830463069265	66.13393635510309	1.5229918042195643	6.447812723557018	95.95971419305552	None
67	IOSP	0.7366	2.6641504227936292	1.5331675241048004	92.56504790797244	1.546138569550502	5.815933583674923	59.8699271496203	0.0
68	LKFT	0.7164	1.3586943317733113	0.6899008225826201	34.38016655031315	1.5620578101575444	11.09681586068246	50.915231851560044	73.07692307692307
69	CRCT	0.7143	11.443663996686318	1.2665354736620331	93.17773514204866	0.9752718396841121	11.413748942214296	99.59223954696574	0.0
70	KRT	0.7035	6.907635530335996	0.8561607502811432	95.81559735271414	1.522848022268123	7.67778813521762	55.07059515609339	0.0
71	QCOM	0.7025	13.775941932519444	1.2490854697334477	47.480603006988375	1.0220573829174913	3.4471866370675603	23.104375370869647	-3.3758439609902475
72	CAI	0.7012	20.356334382375117	0.7208470217886656	90.21320318520421	0.941901065939094	21.2593556037324	41.51188432347409	3.7835792659856224
73	VKTX	0.6995	-2.451275298562582	1.6170856855149194	44.11926438043554	5.870531290494703	4.13572173020137	15.598752054197789	7.105263157894736
74	DT	0.6978	8.253789672887034	1.0443192038881417	94.3474352928457	1.3746830796946878	7.814799373713608	38.69072146897382	1.684558216350129
75	HAFN	0.6944	10.132691875189455	1.147621342052712	80.00000231193775	2.4886563208403514	-2.7652667420838966	67.63645783281581	15.0
76	EBF	0.6922	4.378204770006351	1.2541671456489252	92.0180699911462	1.2984003190499402	4.68850021435845	80.51358966465092	None
77	MANE	0.6912	12.955508061784535	0.9057375291308637	83.63563079403465	1.2968507670914668	12.45603679606194	34.383675880718656	0.0
78	CRDO	0.6878	-19.80103489698444	1.1269556684182551	47.79125421110575	1.2575757128998681	27.74800074544097	33.17555897370707	-1.205238957781796
79	SMTC	0.6821	22.712917058947802	0.7574948192493668	87.83369037994545	1.0539033362415113	18.23588210861332	38.849263909512736	-0.46751264192348924
80	FTRE	0.6744	6.36266604854819	1.2419671295706458	89.83568563960553	0.8727386505859597	14.599489173263105	64.2791711055124	2.4311926605504475
81	INTC	0.6706	25.99631164449953	1.0951822470907324	75.954685528318	0.9639799700629169	18.76306005974386	16.29913472755709	0.0
82	NTRA	0.6574	21.573656384156376	1.1584853196056422	96.26440172347213	1.2478152739140265	19.852908129839573	90.56833866837155	2.2452061429751815
83	CHT	0.6573	6.979990767686975	0.976409574852289	93.05554919772682	1.230247189186995	0.9916126104038585	26.231454247041626	None
84	MRNA	0.6479	38.18028498676065	0.46943981784065275	93.77183478758101	0.9921072368921343	33.86604602245291	79.04438204791919	-0.6809533346685286
85	ALAB	0.6439	15.52829813192357	1.0588836720077228	63.104788901653386	0.9177681522366711	36.05357410595679	26.97079482439186	0.1442307692307747
86	OKTA	0.6421	16.927874844574973	0.8440647554099007	93.11264860903714	1.3346308216584626	7.814929971228681	60.72757416390563	17.158279265034622
87	RVTY	0.6412	16.428954171286396	0.7626080636718016	97.16036229462826	1.3134089866694285	16.91279073156636	88.64222920967002	0.0
88	SILC	0.6400	7.2643271192132515	0.7299581186761054	94.2336499066098	0.7287499184749695	23.927353423171628	45.4473742500683	0.0
89	VICR	0.6379	40.001967667462104	0.7793051438470212	70.82311602067226	1.3735033248723616	53.711712204677276	86.1195046416232	-8.952760237901856
90	VTRS	0.6377	8.170521716898408	1.5394431785390899	98.1982033531945	1.04702535841641	9.042223251832057	98.60008686139687	3.1666666666666683
91	SBLK	0.6367	-3.6817910467600754	1.0302411241028455	77.84652993230536	1.4272234214181017	-5.584346956078713	2.7285992471562963	None
92	VIAV	0.6351	6.293883279393482	1.3871721995472346	59.41908492092275	1.2701882498467354	20.224005345238304	99.7525707801208	0.0
93	CM	0.6342	-2.3423849684712805	2.886639568907307	72.41155095697613	2.1467897754883856	-2.3909345421039974	37.012588550406235	-1.71437558980811
94	TTE	0.6275	4.644960525639025	1.3502514676876178	89.586721962726	1.151053556123185	-1.4994198638028347	20.528231524294213	0.3806089743589698
95	BWIN	0.6275	5.503978301758998	0.8661697042382009	94.73996846849462	1.4148022108661478	-1.184147000146321	20.129327384062535	0.0
96	MTD	0.6265	9.793023510566263	0.8859587510376093	98.59343914315315	1.2073559902641304	19.56190516998726	91.90206007333684	-1.6544485839041765
97	FOSL	0.6180	11.895908045944411	0.5853269975554152	89.99999960263571	0.8447386516576583	20.50511924649743	43.52995754495155	0.0
98	IBTA	0.6173	10.021970646311559	1.3000382568775433	86.18988777157509	0.8865551666018411	-6.116933186102335	12.50493621865651	0.0
99	AKAM	0.6168	-2.0226537605254817	1.8302978000278292	40.33604339402889	2.7208204275279813	2.6179089206887887	24.391535345941847	3.3842937410165996
100	HALO	0.6156	5.583615154266902	1.059035203320681	92.8802578023165	1.3256154868621297	3.9642320675564116	32.60272734365704	0.0
101	LUXE	0.6123	20.769228794165663	0.5992174399105645	59.504133807726134	1.1803428108463934	25.99125723102075	71.67968579901063	11.11111111111111
102	WATT	0.6063	7.692306452078388	1.4014183227508863	27.338128810306245	1.0879832200053299	15.301921164139031	28.427046294797208	0.0
103	FDMT	0.6057	-2.3474140266752497	1.367595920804599	76.2286902669679	1.5192941163221523	5.192308731346142	32.707089973676275	14.593865857768783
104	ZIM	0.6029	1.6833786248931812	2.798847960054594	86.20504234915963	1.3385995977773104	-5.096746835281335	1.9744796177151187	0.0
105	UMC	0.5950	25.065551982902473	0.6203368804512113	76.76216635502377	0.5927469265002033	8.282467181409043	18.91666844894071	78.1081081081081
106	SAIL	0.5938	0.5867918210655223	0.7968952576419344	74.96350142207459	1.4609043012453675	2.8491817361535645	24.675575417603696	1.5669515669515757
107	PRAA	0.5925	3.939856326919342	1.2885643436815664	79.6747905452077	1.1497888713989457	2.7821696739372364	27.227106993392127	0.0
108	AAON	0.5848	9.200249099970643	1.4665147215624772	15.72407964008105	1.3450713777084535	12.351606936834328	47.92138969460235	0.0
109	MMED	0.5846	5.023062689592261	1.5606027005201033	71.40783578460206	1.7554263229685665	-7.358102980891244	58.55007131382679	4.34959349593496
110	DK	0.5838	-3.9709661695108944	0.9890852030839562	73.76816948015443	1.8975184420865954	-10.021404184321955	19.248496299943398	0.0
111	TXNM	0.5803	1.3215130558365964	1.2843290437231183	67.60926626641827	1.623032524923509	0.4012390947663671	36.08210461483498	0.0
112	FIVN	0.5780	0.26034178010526665	0.9134296310755416	80.00748726099629	1.0407623135221789	8.543707803644875	11.51752149290175	2.339181286549699
113	ALMR	0.5745	-1.1818163322679924	0.5679884059924841	69.88319253606686	1.0958330260343683	15.884252049320782	34.71873749586061	0.0
114	EFXT	0.5681	13.605769363028063	1.978884440300554	70.29063057463188	0.9617454545454546	6.0119249078444135	96.2455706527723	0.0
115	WABC	0.5549	1.974929649526733	1.3289458863661963	77.35546610340062	1.4323356648254006	-1.5724378522605833	30.692743192363764	0.0
116	ATRC	0.5486	18.550840886400298	0.9017642538724843	90.94661488005534	1.1535276340341132	4.0745340734239495	26.40684287186609	0.0
117	COHU	0.5464	27.819697137087708	0.7044273716845817	84.74879258863619	0.7629574845947632	31.597681711820474	64.42723647343169	0.0
118	PSX	0.5452	5.729538231535535	1.116833614224843	84.32637521728809	1.2438991874698762	-1.9870838976241958	2.825089776081967	1.461272395165361
119	VLO	0.5418	12.400822712847981	1.0592351356819	88.82654306131516	1.6741912468591649	1.1070378303177904	78.12965599450686	3.7656790657439467
120	ICLR	0.5411	3.446857212726686	1.5982518190370714	79.36508469798949	1.5151784651806572	3.3089849464395638	80.23493340339064	-1.6483516483516485
121	BHB	0.5342	-0.07645920670437877	0.9081816363272655	85.31897835874449	1.619666533094064	-4.282583762776817	40.74480647231695	0.0
122	BLFS	0.5331	5.241937427275926	1.494041853445363	97.21461883962972	0.9873553558116456	9.877933938458703	91.34539722730703	0.0
123	KR	0.5321	4.8480560455614095	1.6882662108145867	24.699057631337432	1.2146904912459189	-2.62460323537267	80.72763986992067	140.87591240875912
124	UTMD	0.5292	3.7465107209990043	0.8337758895379713	89.66852287459979	1.0691505517869797	4.783759067154913	45.65388661391977	None
125	CRL	0.5252	-0.614016835374239	0.9480803129367315	94.44974625287418	1.3067167853151402	7.243321233533466	77.98938506057495	8.419592359406685
126	GATX	0.5207	1.5803586790219186	1.3681507103516872	55.93034912375035	1.4184822521419829	2.3085005886661865	20.118447314350306	0.0
127	MTW	0.5206	16.622829086614797	1.0939448238276508	92.53174067433864	1.155051609578069	9.239601431347742	58.9819738577641	0.0
128	WAT	0.5185	5.14646350785665	1.4016422706176366	98.4389419466574	1.0585104652600212	7.409863402432693	94.6707539219767	1.1854341736694725
129	CNK	0.5136	4.892049489102675	1.2437993248535426	96.05037818039631	1.0475346962654792	9.570714132778233	97.3693612921224	0.0
130	OMER	0.5095	0.9350665203936688	0.6265183792560399	89.46449537354938	0.9048039409012251	10.661293953536735	17.710759201085153	-16.666666666666664
131	DHC	0.5093	1.4012756031944567	0.9209439316116519	70.38327592590544	1.200837879794642	3.024190100231669	7.228147327735883	0.0
132	PPLI	0.5068	0.8138344285550466	1.4075197369944206	53.731340030108946	2.0281998101844443	1.0976204353298247	80.01883916550766	-1.8819366253820198
133	ASX	0.5051	12.570692025282519	1.0020424043478982	94.39816407792974	0.6671537881787872	17.474359220855135	43.5065693002673	0.0
134	GCT	0.5034	2.0162796896294966	0.7734589492950946	88.1800483545491	1.238871285698067	-0.849182532560186	22.09818524931856	0.0
135	AMG	0.4994	-0.6343138722273325	1.7398878608182007	84.77460071417055	1.2404678662297963	4.564362675949974	39.12039787784246	2.384914032168608
136	JOYY	0.4971	7.697440018564214	0.5691482728519766	97.52034173904744	1.4151529297152483	3.7965918639082132	79.32068629796818	0.0
137	ANDG	0.4930	-6.683172740832266	1.0469041782492594	87.7468323526503	1.3525086536709783	-7.0400904589619735	14.254745541670516	4.310344827586207
138	MASS	0.4926	5.045040060334075	0.6912786127909402	97.07388218598551	0.8481699435335738	19.213918146496013	83.92201676680139	4.0
139	ARHS	0.4905	9.30760108703712	1.1709199246570696	62.36559315577447	1.2514731894678326	17.974416147657802	72.34389222238524	-0.6666666666666694
140	GLBE	0.4868	-0.5317875164447834	1.2411871275674653	72.52842682587854	1.1442560542965552	4.152952568332012	11.622444667769813	2.1739130434782608
141	ONON	0.4864	3.6269402742286307	0.7342438443057737	14.707667408456409	2.227796010411963	8.588404007717665	57.78636233971164	-3.325581395348837
142	SKHY	0.4863	12.567290069852794	0.8527484645716542	76.08898117616266	None	2.959742731789291	22.206045210340505	2.2220446007513397
143	BLLN	0.4859	27.92432923671337	0.5558071821417017	67.54068854057768	0.9687646732148433	20.108369415878613	56.83969303697751	-0.2930164414781047
144	EQNR	0.4851	1.732854955291839	1.5168807590051765	84.860052831907	1.3603310372426518	-5.718189403237663	32.65579733426348	2.801196627685597
145	GEF	0.4850	-3.4197128346887826	1.1143282102131877	74.29638927794956	1.2311960507915827	-0.6338897156772232	6.426301227843965	0.0
146	PNTG	0.4847	8.143844145710544	1.3695471459108541	91.01782536431	1.0849397880926732	1.3479398510746057	93.71317854021338	0.0
147	MANU	0.4846	-9.147430423700719	0.8594736060583563	58.43749046325685	1.489463346156148	0.7658602719746841	42.07305703937515	None
148	RNG	0.4833	11.090031532901584	0.9275269436015486	90.01038305647154	0.9966799884077069	4.646602812310032	19.831878793636776	-5.611510791366914
149	GEO	0.4830	-7.300611264310089	1.111428088112598	85.80426023912061	1.305508618054703	-2.6637888676229857	23.69752131510633	0.0
150	RMBS	0.4826	12.084295974617252	0.7320834129446685	25.184495111300315	1.0733505248964028	26.40908354914446	30.735379266900935	0.0
151	CBRL	0.4823	-2.433267041971368	1.2362388036144103	81.55888037909158	1.835888212895702	5.711227177840353	98.81691060489345	1.3137254901960818
152	RCEL	0.4823	13.081399432083233	0.5973190964149373	93.78468453156431	0.7821396328618717	13.90240259784574	57.65174014421965	12.0
153	FPS	0.4819	15.7178974745245	0.9304069623978843	26.566791891605224	0.8828302432529108	27.13673709725418	9.956651774065648	0.0
154	HPE	0.4811	15.107519286446186	0.6508341044153066	93.4075552676604	0.8286364793742692	12.408495156533846	44.79644603008822	-0.21493050580313178
155	MSBI	0.4798	1.0048660621928074	1.854023332336225	90.74783398343868	1.407278832199869	-1.872024080811548	56.368910095209394	0.0
156	CRBG	0.4793	3.524356952305998	1.5152899231200545	86.17099464161245	1.1048897876262231	-3.5526819089021795	27.97105244082789	0.0
157	RDWR	0.4786	-0.37200071520736755	1.358716511859983	70.02699445969989	1.276902895072513	-0.7572423702935088	24.62461020859017	None
158	IOVA	0.4758	33.050840999866296	0.8097170636824038	68.16838826527447	0.8306860272046416	18.060853947863624	80.86994423279032	48.717948717948715
159	WTTR	0.4746	3.275329373909424	1.2165278505178152	82.1334361490824	1.4522597489300317	0.026738357827321146	78.88311658704859	0.0
160	NTAP	0.4746	7.223040451398907	1.21339147520829	95.16115484495865	0.8389525760399706	7.945384433340248	94.61215589569171	0.6552006552006412
161	IBEX	0.4732	19.006716324979024	0.7403347055664937	95.08791019159611	1.195394843521972	8.862177103454071	82.59660589765787	5.0
162	DXPE	0.4711	-0.7157330534134388	1.3960498363667682	86.63277886074641	1.155531343632048	5.8525737790572006	41.49175624011709	0.0
163	EMBJ	0.4695	1.4448519387803809	1.0964521889180732	84.47958359432465	1.2643726283284185	1.4183523259238289	38.40431911794143	0.0
164	LILAK	0.4689	1.4510263472407563	1.0255158704894491	87.81626882672575	1.1121978930349254	-5.280735120626575	18.853943763599915	24.999999999999996
165	DAC	0.4680	1.3421479532541323	0.6679566141603532	87.06293553858254	1.1468898919742303	-3.768364042423884	5.275565982905746	0.0
166	CROX	0.4672	0.5505778252144556	0.9912388408312485	72.20508389944405	1.0312017829590263	9.128109944970536	27.260757786354276	0.0
167	LITE	0.4670	-3.6417268172822674	1.0162160274301264	82.47518390866738	0.8543939121381108	9.712111423304618	24.690099439972116	1.1350737797956867
168	IX	0.4660	0.2826326195445024	0.7978771522479872	81.53845483130151	1.3866004426928684	-2.9000633692096356	51.05925190856029	None
169	REX	0.4657	3.9775526752636057	1.0599335845200843	53.362258613238886	1.2514287252272056	1.0001052061552056	10.96306022514571	None
170	CEVA	0.4645	22.061923059757664	0.9324006095027012	51.098897127556356	0.8749236546983223	24.25235600272619	45.60299957494048	0.0
171	MLAB	0.4631	3.3735031500831556	0.5803991715307852	92.45810786534193	0.8358071471936692	8.853166118631153	33.149881510356096	0.0
172	ACMR	0.4613	-5.640453517232489	0.8083716615777065	48.10087810011364	1.3809242858439554	12.973921190904406	38.10881340431731	-15.490577199357727
173	FFIV	0.4589	6.177172313023668	0.9189818295944188	88.901946591082	0.8082483162919073	5.227829735553469	9.540705973641579	0.0
174	VSTS	0.4578	5.490194582471661	0.6230333102061126	72.4330787795856	0.9538895826184774	3.4000050889978346	7.105459411577044	12.690355329949238
175	SHEL	0.4563	4.652948583371462	1.2153042512824124	86.84899898345377	0.9850036495607488	-4.472073207765043	27.953324172974334	1.951219512195122
176	NGVC	0.4547	12.701912705189647	1.3153039741280144	40.91681246711632	0.9405540860364751	3.9423870759096133	82.21829783220281	None
177	STT	0.4544	-7.053834480050654	1.059068695737295	82.25434957557131	1.3239270219854449	-5.1018797680383585	19.255020488474727	2.3133543638275524
178	RBRK	0.4522	5.671836932558418	0.7522519989342705	95.89819458222637	0.8782853209621612	12.242625193283324	61.52734118768254	0.377833753148617
179	FORM	0.4520	18.815202061286122	1.1914270500532482	76.48475218354986	0.8241727396533979	26.607806172796817	83.50096609420878	0.0
180	BIIB	0.4509	3.24605076361456	1.532318662781782	98.07589785291955	1.1105670428851637	4.59090538858495	87.71657017484418	0.6664431218039966
181	UBS	0.4508	-10.559237700548794	1.0516216875102615	62.595220578388854	1.8587312652183425	-8.868489994691469	37.07355156143334	0.20938754144127977
182	CLMT	0.4499	14.944286834560575	1.0066342880032044	82.89752793957965	1.263251642781635	-7.588929299991257	0.7481339248924144	0.0
183	AMH	0.4497	-8.612438035408013	1.1647663788249716	42.5477638973552	1.6494595931792368	-4.00450954066846	4.341811302592902	0.08294166436273469
184	DE	0.4496	10.749053511972217	0.5711589063036265	89.0257535408607	1.0749159627710216	0.5713813682952138	23.55810125983315	0.12412081092263202
185	VIK	0.4483	-11.70247722140179	1.1781805770180727	42.68429458629526	1.9962807603624246	-8.860474174272223	21.865641323162663	-3.3049796207690982
186	TSEM	0.4480	2.815550152726697	1.0543145716540967	62.30429276841944	0.9449493267354998	17.649596660254574	46.23432754923493	1.1099999999999948
187	HZO	0.4472	0.3448942516041062	0.9656195486449735	99.38984884998318	0.9555214982232177	-0.315191631191822	20.882527019252834	0.0
188	TGTX	0.4469	0.8434985565492572	0.7603645335432717	90.44252804766131	0.7919125435321305	3.43390696595204	23.280422093734146	19.51219512195122
189	PBYI	0.4464	6.277055606851675	0.8230962343096234	97.03703138563368	1.1140498747239571	6.81817152419406	68.5484661003643	0.0
190	FRO	0.4458	9.942853655133929	0.9807019732763561	80.22647640569424	1.5473220171340094	-5.411832035614616	56.5792839742099	15.625
191	IMAX	0.4454	8.067005298786501	1.409794196530857	94.07188243095679	0.8535000554683909	4.431696172352394	93.68838300815727	0.4666537040637799
192	DHR	0.4452	5.401525199783457	1.2762189939120419	81.10419180536788	1.0015465008383662	11.225833329200658	99.62437196142717	0.6016193965712274
193	MPWR	0.4437	3.0600723420344944	0.9443248378150018	58.8050937294247	1.0277987056891722	17.568756906005735	50.768063256282915	0.0
194	VCYT	0.4433	-0.04419990666004834	1.18502668318261	50.15100792318019	1.3916400445904191	9.133269136912094	44.47463962836611	0.0
195	EGBN	0.4431	3.0050684231952096	1.1467391304347827	94.10940226465256	1.323473270987647	1.0581296089694812	64.68102149596274	0.0
196	VECO	0.4430	4.515439611149511	2.1542822657889347	38.05046956098337	1.099038168960286	19.353898853632362	76.77102968519266	0.0
197	TNGX	0.4398	-3.876587907304368	0.9002368651733592	63.57400446592255	1.572945746603024	-1.5996479597275952	34.307142489342	-4.9999999999999964
198	MPC	0.4379	7.124386116441422	0.9199845158741008	84.52907391469674	1.2146432419478341	-2.3898411655994782	26.587348458861698	3.29962039765337
199	XP	0.4367	14.423072358850812	0.9245136632632842	65.1860689344097	1.1445938558596749	2.618977842956086	11.670622114733249	2.4719101123595535
200	CRWD	0.4353	13.726088947438775	0.7734260853956063	97.40726191144284	0.9602268841029228	9.51940018601131	66.53634101968626	1.2215909090909054
201	OSPN	0.4346	8.626975426951788	1.1989718472343096	92.86562616844948	1.2855065869060964	1.4331410174370194	68.00896471942002	6.25
202	MU	0.4335	12.678130401561328	0.873079333746993	81.57537583120234	0.682441651702045	13.441744433462746	20.682875303828567	-6.299559471365629
203	TECH	0.4305	0.05519651559756887	1.354152635496792	99.38963084513554	0.9784407944298712	-0.28955042683413007	28.458427158030915	0.0
204	TSSI	0.4291	15.302490096720447	1.0699587044478025	19.127518570663145	1.5593297617690642	14.407945508916667	46.3748525481253	0.0
205	BGC	0.4284	-2.7272720107631208	0.7867695293013172	75.75758566588033	1.2393172076723835	-3.8288779094842162	9.57054993006956	0.0
206	TRP	0.4262	-5.431102293828828	3.6672885740516934	42.387388762053064	2.0589097586089706	-4.707948739393865	7.016820775293766	-1.5586546349466783
207	IMVT	0.4249	-23.573706271790655	0.872607245108014	59.70956325047887	1.790648025308705	-11.694397469310534	20.262137614791882	1.9944156362185879
208	TBBB	0.4248	9.938398514915663	1.0612761486292863	98.47631969369772	1.339309995968257	3.440550496960047	88.19983253259653	0.0
209	ELPC	0.4245	7.111112806532118	0.8095331475074588	69.73539490508753	1.2381482322104507	-3.129732410171147	23.57195025319784	None
210	BHF	0.4226	-3.914325956162395	1.0875283498076034	33.781969114075125	1.6231367280730589	3.458355784582683	28.341263423064703	0.0
211	ETN	0.4218	3.694355062375672	1.19761226244878	71.94725654028743	0.8346641230053947	9.107217429903613	13.726389142578896	-0.8575300038714796
212	ERO	0.4213	-6.052234720949432	0.7840962567081213	84.2650096499292	0.9748354813481945	10.453174346754414	56.55408636759347	1.0190030294684589
213	KEYS	0.4195	10.410650711330618	0.6447803142425738	92.95795045374537	0.8392990888154601	13.596032387039042	66.4345788139124	0.0
214	TMO	0.4193	7.59473005419616	0.9324616105220381	98.23179346249141	1.0327467672519277	9.967966577924352	81.69026623665376	0.35221101629169616
215	MRVL	0.4161	4.328017014008194	0.7657161376880409	69.91396037520134	0.6732826177022821	14.49579544198021	18.283787425271314	0.7676835400603297
216	WCC	0.4136	3.9953258482039002	1.4081640958853934	88.36948726134081	0.6946787048979727	7.675803402588437	52.92653799015609	0.4641975308641964
217	SHOP	0.4121	-6.686974147461022	0.8981240826473238	56.70710342083676	1.4567769060387137	6.936793839494502	61.09944563650338	1.1642561363499957
218	DINO	0.4082	9.47422932103737	0.9453280429402741	83.21409251706969	1.2000078145396615	-1.2951108262307813	32.14442862691156	0.0
219	KYMR	0.4082	-6.845215942064577	1.0191761530336814	76.23749341758818	1.183332841850727	-2.915982011257652	13.671035357385193	1.0307064633884457
220	INVA	0.4081	1.2881701791852198	0.9780046233778124	54.577051474349126	1.9138043012070338	0.95730098572541	86.35575142496447	0.0
221	OBIO	0.4079	15.264182242491378	0.4472835399657293	85.53921241386264	0.8547379246358666	-0.7911414485091661	13.425403096072571	18.181818181818183
222	BHP	0.4076	-12.234098349598211	0.9374940673343315	69.63249909962323	1.215602685288936	-0.8104542087899433	16.462572612339684	0.0
223	DELL	0.4040	15.070084580203341	0.748242805231845	89.26827107003673	1.0654557797859598	1.0909321666698597	36.13338111772159	-0.35724373992657243
224	RCUS	0.4037	-18.24125497179506	0.7960654456322496	64.30467212782291	1.2132793019834522	3.2836324993343164	22.42951634578978	-5.4842161583734725
225	WRBY	0.4031	-2.413931932336601	1.1496023065629737	60.47381451005055	1.5978659722954618	-4.705657226755108	32.909752684007884	0.0
226	DGII	0.4026	0.9941953554569036	0.9652632415675261	83.55903341732429	1.0289436370081533	16.7376929331855	93.8042292347368	0.0
227	EXPE	0.4013	-17.148501235027926	0.8890074566772942	50.357469032508696	1.9380506988655535	-8.830489083956065	41.44576308588118	0.2798181182231656
228	LSCC	0.4013	2.9550904976515877	0.9367913084752914	65.82737413666653	0.8845648213526408	15.838446704041491	46.768998906973486	0.0
229	DOCN	0.4001	12.006897554499414	0.6965230751721391	66.70675375362144	0.6972050577948784	12.754940197706068	12.01446796356278	0.0
230	BZH	0.3993	0.42143101897656793	2.0093619711314137	92.93836391592797	1.0889676667221813	-0.2304300672180804	43.69079535916885	0.0
231	NAT	0.3985	15.236681924514706	0.9559216927401336	89.7142849876767	1.370293891979464	1.475337505458561	76.99887500784018	0.0
232	SWKS	0.3976	30.032653717687484	0.48196320843499973	87.2522543134099	0.686819153484395	9.888061217152254	28.698899742150346	0.0
233	CFFN	0.3975	-2.0833367826760654	1.0549289574632579	75.68389173699006	1.2000603173621207	-5.672149042786177	4.319546594705017	0.0
234	NICE	0.3967	3.8062614324764077	1.1173435045995064	39.265744580587146	1.3713576962484946	1.6278561014002317	9.452838685299625	5.3497297720686126
235	IDT	0.3958	1.0312259988495516	1.6110367459734876	75.53864879148843	1.5436480615370005	-2.6774037956737486	85.99917268568117	None
236	FCF	0.3900	-1.1057670705416411	1.0949840165475744	75.88555442539807	1.242919539271009	-4.41023116217572	16.982986550150002	-0.32881216605013686
237	AEHR	0.3891	8.876850387537992	0.8017033389400939	61.996890337039254	0.7742603361237139	17.514367650381786	38.40516905697659	0.0
238	MEDP	0.3878	0.714553536774537	1.0713323957990486	79.67858394273738	0.9740374076935516	2.8264032343369836	23.24018444032744	0.0
239	NVAX	0.3871	19.337016167044958	0.7755691707860475	79.72270694514494	1.162159641543527	11.995663848152454	87.02210885245141	0.0
240	TEVA	0.3860	3.349288070187998	0.8524212327139666	91.30237280562493	1.0026005804412599	-0.20842331308386786	27.053631881663748	-3.7808467285487923
241	CLS	0.3855	12.335368735954203	1.1255268047310463	51.802780581359734	0.9998060282192529	12.175751424241671	27.283193627104822	-0.5373770777129864
242	GDDY	0.3848	-3.371833531935167	0.964461533442921	31.720081859141974	2.03202018375089	-10.921255513785889	18.446291283161386	-1.7241379310344827
243	CNO	0.3830	-2.7556208520094554	0.8141606482634433	79.6076375304514	1.284866785562501	-4.025210662347851	31.28374987480646	0.0
244	DFDV	0.3800	5.587113404063573	0.8406611960499549	19.791665462532425	1.5605765365190323	6.1791208757897405	23.177537587493617	0.0
245	ACGL	0.3779	-3.908465499045901	1.0458845911892651	50.52760359528775	1.7342512342502778	-3.735475058610648	46.98077425686806	1.60620826565602
246	ROG	0.3749	5.652205563364088	0.8334132080897153	65.52311888946136	1.143364963718088	2.893505006291963	43.23788977226706	None
247	CERT	0.3716	8.561239953534175	1.2310754972648343	49.62884532811154	0.8315951086006363	13.50335538403947	88.91931787096335	0.0
248	SEIC	0.3707	-5.82210528235134	0.8318994447495272	80.2265975042466	1.205740389030571	-1.2756147958189579	38.00894556566443	0.0
249	UGP	0.3694	11.059190493917132	1.1270572014465405	84.44976350337124	1.0764092199513302	-4.788311912000978	13.270769171230356	0.0
250	KRO	0.3690	-7.191781940413647	0.8400271228875443	79.56778220905537	1.1060572825269492	0.37214180210631587	32.790811778680364	0.0
251	SFNC	0.3661	0.6170091950341688	1.4373475206490107	79.64480770090239	1.132269665987661	-2.428097987521232	29.734225973987805	0.0
252	U	0.3658	-8.34674851234268	1.026135753399225	65.25304102446017	1.4236159881344206	-8.884016793424834	9.377743317465814	-0.3114617940199306
253	ALVO	0.3624	26.024589162781453	1.1794102264294575	52.57985414197267	1.0297948693734105	21.1605294601887	85.68571816517318	7.6923076923076925
254	RVMD	0.3604	-8.776843291438533	0.8805587953159805	87.37837238181638	1.2915392164774546	-2.2646644790980646	57.512988906104766	0.5427355433212238
255	SANM	0.3582	8.2173547841311	0.7154988796990401	61.26665023628005	0.9385734690020312	11.630958062426437	38.70244401563455	0.0
256	TECK	0.3566	-7.626874374244186	1.1029372287593395	78.58797355934425	1.0177662539238337	-2.2669235376276653	11.200888414557468	-0.9284028324154151
257	INSW	0.3557	9.1174644646315	0.9745052798866475	93.18566246979933	1.1889172398491235	1.712066449905763	85.73783189884367	14.492753623188406
258	ASPN	0.3545	-1.1472264351955055	1.26431790442212	40.72077293266097	1.3403933564550528	5.5385222858609815	20.77753734003575	0.0
259	SLAB	0.3535	0.9499894313980654	0.46717515663307	98.63525778584489	0.7886880257741185	0.17642035709513404	25.47107803468039	0.0
260	NET	0.3525	14.846049254456476	0.9050091562462917	93.5570422983581	0.8931920646179542	6.5311587515019145	59.70523812442843	0.5056890012642199
261	FLY	0.3514	8.79964249262925	1.273927713182999	17.565520057075076	1.049809781860526	12.252885420850543	69.91489918585026	0.0
262	MTSI	0.3513	0.5087511070398983	0.8120753798282119	52.73633434095368	0.798797789636852	15.629085626551536	28.933942219378693	0.0
263	DXCM	0.3511	-2.9230603467243204	0.827217784143679	84.64137293444848	0.7934171041076653	1.7401867272552725	14.05228597119725	0.9625668449197923
264	RNR	0.3507	-1.6676280090053686	0.8590854363889611	85.93563206792369	0.9689891655454541	-2.351729315838603	19.570605607154818	1.5981800904195615
265	LXP	0.3482	-0.24566250000859027	1.616179162713631	96.0249849370364	1.122843395723396	-0.4572019223759721	64.05293473293763	6.086956521739131
266	ABM	0.3479	3.966063353907617	1.0703512568669886	84.15910996345899	0.9465892046998226	-1.7710707148937346	16.050130738559332	0.0
267	ARXS	0.3465	-10.3129047730474	1.1567347607603233	53.93297575558725	1.2170708737612428	-1.9859343285237727	3.8156857019904606	0.0
268	RAMP	0.3461	-0.31787796525765727	1.6556368595278825	96.3680452065087	1.3646504792231293	-0.6747681100924389	86.89247994263081	0.0
269	BNY	0.3460	-8.505918752782138	0.9022615377652166	72.2620794538598	1.1933802639289661	-6.469674085633455	8.236759131650587	0.32039871840513856
270	NVT	0.3440	3.1822544848135568	0.8775921171967473	73.59439947495079	0.7340598600228565	8.830072903364517	23.192787876873197	0.0
271	NHP	0.3427	-2.2437776653751675	1.0896997835102635	78.42191367525601	1.2514237044706826	-0.7455528071368491	49.26506508209789	-1.098901098901095
272	CVLT	0.3422	5.500143336515328	1.2110750622106026	61.000560881526965	0.9143311447096076	4.99135926009513	58.14227876021214	0.0
273	NBN	0.3415	-3.0335645295808504	1.1974051716370844	73.92787871382467	1.1256967549583028	-5.136501816118864	9.292291539338763	0.0
274	SITM	0.3412	9.461736048213591	0.7879775087318119	62.74917446991148	0.9464446741592804	16.983808082001456	68.16691264376682	-1.9249936258489226
275	ODC	0.3401	-2.010485582802984	1.6836325864371569	71.78693648016905	1.1643709327548808	3.3431094418760106	46.61232264919071	None
276	HELE	0.3393	0.829874725051936	1.1299066882135225	90.9685077089252	0.9639136343046958	5.337653962136015	61.95638882491995	0.0
277	DGX	0.3386	-2.85761231172993	1.0006536412997755	85.55240164458858	1.2984066187368948	-0.7351456778788247	67.84832210003451	0.39370078740157477
278	HGTY	0.3384	1.5765768990863627	0.9978467226564933	86.69438114285222	0.9895627108443276	-3.493150450215392	19.655544079908807	0.0
279	SCL	0.3382	1.7672293765086684	0.8518752429071124	84.41557742148706	0.9070850583364698	3.9766153355083422	39.72933567031455	0.0
280	WST	0.3379	8.54113030465465	1.0167805865972297	93.61780470893777	1.0281039198047186	5.135668420491944	74.21423095806514	1.243348087730641
281	HAFC	0.3374	1.4446252598724274	0.8935038738367029	82.1596279950209	1.0414476217143258	-2.0256986714420258	26.086901147764152	0.0
282	SBH	0.3368	3.0450669773252024	0.9702891091767548	84.32602000460727	0.8911658304361071	5.0623004519826384	42.86899179388723	0.0
283	DAL	0.3358	3.561744406442692	1.1894525876084945	71.34071040417435	1.1669835152796215	4.679100276551958	56.42155792562612	0.8118433619866231
284	GSL	0.3344	-2.8006270042740042	1.2967731148637351	85.2773434019509	1.2000062578549118	-5.016053703821797	12.591761358384886	0.0
285	ZD	0.3343	-0.250805070608803	0.872794800371402	87.37838628760393	0.8628626910347121	-3.533587133443247	6.237132041281114	0.0
286	ORIC	0.3330	-3.420664637436479	1.1344481204808454	78.4415643865412	1.1860670154736723	4.279546506334038	68.96470539369	1.787310098302065
287	IQV	0.3323	3.273876125479607	1.0640690954526457	94.76810514296432	0.9298517858363861	1.3733054064929398	48.794316974254556	1.3599274705349047
288	HVT	0.3322	1.6435382641803327	0.8827271763333686	79.87927488637884	1.0784732987651682	-0.6216460464720046	49.739475705868024	None
289	ARQT	0.3315	9.891431449378608	1.0652532478363201	66.23574086468483	1.1511413157200434	11.98650973526193	79.9298070769226	0.0
290	IRDM	0.3310	1.4483678636574011	1.6846332224656253	78.69010794860267	0.7658709500202745	4.034052333066414	29.11357201864614	0.0
291	FWDI	0.3307	20.870876504041806	0.7379757835747368	18.44973835581293	1.30593363435231	15.205698006160938	28.41350706804063	-15.625
292	MEI	0.3295	-20.922385395760344	0.4727527300779003	59.22580915881742	0.9698657522869852	2.6089012204493254	24.515002008946013	19.047619047619047
293	APA	0.3284	-0.11797837612175996	1.384490969848917	80.20147939192054	1.1273935176018164	-6.617642096739601	15.234313818146859	0.9436032477507126
294	HNI	0.3281	-6.204961030682964	1.0849085053256293	75.14669157733263	1.0351169878502413	-0.2790339591097207	39.976905796262855	None
295	NVGS	0.3278	4.371589398198476	0.753427287738566	77.54386031836795	1.0397071640230084	-3.006652336336039	17.163187014099194	0.0
296	LH	0.3275	-8.013906381387379	1.0006459948320414	66.86883976584986	1.4130285196921684	-2.442073650677083	49.47994586186761	0.37402840278182825
297	ALRS	0.3274	-3.5499405703706604	0.9812442817932298	83.39248668056081	1.1609500554938956	-4.403153648733254	34.20252742251857	0.0
298	DOC	0.3271	-5.27803472255492	1.1150209018775616	60.6896604340652	1.1533022339072194	-1.947126884173497	10.60188827540641	-0.4901960784313858
299	LQDT	0.3266	3.6850942373517546	1.1066085268331767	96.61017765858467	0.9439228622177113	0.05214788791130398	47.461970808975124	0.0
300	ENTG	0.3265	3.661143358063542	0.9415388736355722	69.47970486913718	0.7326997687976522	16.581901942429873	55.31838281922295	-0.6847377058457403
301	OSBC	0.3256	-1.2713535711333053	1.0675401154961084	87.14134305493866	1.2018826311361723	-3.2088661228751114	50.42417054783678	0.0
302	BUSE	0.3245	-1.4569553739799002	1.0990806187375564	80.00000235960655	1.0920604683789505	-3.1437568897268724	27.27477781124938	0.0
303	SFBS	0.3243	-5.024307103365757	0.9365565415807856	59.64630593057614	1.2643847734025329	-3.6476479433595634	16.081606232440052	0.0
304	IBRX	0.3241	1.42858148432148	1.0624145779679766	62.69084406263046	1.2732232091327542	1.1704755097467554	43.11975964815978	0.0
305	HTO	0.3234	-2.741679214058689	0.7257869930992327	75.49271179042314	0.9367722059798372	-2.240758131974547	6.271376747455349	0.0
306	MSGE	0.3212	4.632111383886231	1.2055486932778572	82.28055094968501	1.056562945221036	1.094981971808173	89.1018077199487	2.4774774774774806
307	DHT	0.3207	13.178290371004437	0.9889999622640214	86.95993415970365	1.2286056724071872	-1.750314237467614	72.3614158113472	11.904761904761903
308	LGND	0.3207	10.396463599055728	1.1247946170096237	91.87788040676452	0.9941490779403739	11.297118583670489	99.65913120640995	1.5476258336658515
309	PDM	0.3191	-6.282179755723838	0.7243936644771767	72.96588927742063	1.0103802501975492	-1.7085963711307368	14.898120145407162	0.0
310	RGA	0.3188	2.8249722898733234	1.5287131137504593	93.91959952349639	1.109028862282376	0.9523343273128753	94.21182313284649	0.0
311	DAR	0.3188	-1.3031426046820298	0.8179636324724262	77.00220463528751	1.093965667075475	-7.291390560464752	8.418537741637891	2.4677439559062995
312	INGM	0.3184	-9.662006632285337	0.9363949430281738	58.68877633864656	1.3359592756404908	-2.074164822845006	31.793522670336827	0.0
313	STRC	0.3182	1.1224474225725447	1.2645612018173176	95.48134419268064	1.03158569978745	-0.4295574760774791	80.58024359190297	None
314	MGNI	0.3179	0.1712286264281436	0.9516055465008997	78.52683906698049	0.8139168447366183	-2.4672858587261755	2.8940679383889147	6.997282608695647
315	BEN	0.3178	-6.145891465836329	1.048189557825767	76.26895389041385	1.1853044791142426	-2.9819713727784842	35.477131542742384	0.0
316	HMC	0.3167	3.7025271547575684	0.6305565608723702	90.58825174967446	0.8798322878947326	-0.6216460464720046	44.738871207456626	None
317	KNTK	0.3157	-5.8293525586215065	0.8974640372796651	77.6865927490139	1.0705400381700745	-6.744469509902483	7.462503133422317	0.0
318	ATAI	0.3149	1.659749450103872	0.0	97.6105114607543	None	-0.6216460464720046	71.6448631809152	0.0
319	MRX	0.3142	-0.1260806127115893	0.8003874990243656	84.72656428813934	0.8353264016515193	0.042010014991483935	25.490361614668103	5.769230769230776
320	SNDK	0.3140	15.350016564307738	0.6007448218649402	71.39213137092288	0.6360480563645448	9.745690432918822	20.36686922257428	0.5860252004581885
321	NATL	0.3136	-0.5650909172311813	2.135608856088561	81.89598420013166	1.0282058798351177	-1.7454853648622006	26.38353407347067	0.0
322	BFH	0.3134	-6.276033375829501	0.9311972272408835	78.12191103789127	1.3231779993604467	-7.927334146523727	34.30213265008686	0.43704131277315184
323	VIR	0.3133	-7.073387807725435	0.6521677034403961	79.92982777378016	0.8928291234373281	-2.990434772048663	13.426483402396187	7.142857142857142
324	LIND	0.3130	-1.3972058674511965	1.0866736126127898	77.316967370497	1.0510175274446065	13.378351606021985	95.88435796580244	0.9903874162540152
325	AME	0.3126	3.2831288464381685	0.969202607662417	88.41552510857579	1.1808776607482678	7.090746310980601	99.47548811455748	0.5746113441675169
326	VOYG	0.3120	-4.462998149987133	1.3640901557512897	45.07002087789592	2.842361207849466	-0.3799486605424066	70.17587241591517	0.0
327	ITT	0.3119	-0.370283377620144	1.1342531347996374	63.478523793846676	1.1011153196645456	3.227974342390777	35.75971055418701	0.0
328	PLPC	0.3114	-1.0927158919107793	0.9318212870610739	72.45766523753002	0.7775996420715112	3.930886428265779	13.155834011950844	0.0
329	IFS	0.3111	2.133921696813254	1.1200501674798489	74.62105005527792	0.9870496961401996	0.9145649043322142	37.37179380814495	9.67741935483871
330	EPD	0.3108	-6.1459609681731155	1.181536609527631	65.35434572715457	1.1472947261974904	-5.918801593362076	1.828587541845252	-1.8669219722355221
331	PRGO	0.3099	5.080031327239241	1.0394410075677905	43.740688386510634	1.3007874326514952	10.001070462406389	61.64785355023501	0.0
332	EQIX	0.3094	-6.073663134684573	0.8843348560179695	71.17825989418681	0.9742401626358733	0.6149404826227327	20.57804338121781	-0.16214871123883073
333	PI	0.3088	5.241861828207487	0.9673217371670734	56.053702401200034	1.2033002418071133	1.5679712769482141	30.591705778178692	0.0
334	ANET	0.3084	1.904620767220639	0.679955305167254	90.06675118954402	0.606792078696023	8.488625415521659	39.428336147828915	0.0
335	ASH	0.3084	-7.938872806007431	0.9110479351880761	68.13771422480194	1.0116755162097328	-2.9181847520439486	5.3006113750897725	0.0
336	NTSK	0.3078	18.055558972047567	0.7611009483351502	58.821832985675584	1.0831326152481602	4.378356197467562	33.55752058657248	0.661886376172096
337	HTH	0.3077	-1.1667118654393964	0.8174234794412577	76.22013428748461	1.05065315259908	-2.500666821009739	23.854216750244362	0.0
338	STBA	0.3075	-1.4646860754442106	1.1630371099836703	77.03975214619018	1.0764874660223498	-3.4318542460556416	24.070925115605533	0.0
339	ANDE	0.3074	4.268001609200094	1.7394195888754536	63.538991730482394	1.023085433770001	-7.917967662915904	15.375103164605221	0.0
340	SRRK	0.3073	-17.094157172355253	0.8356271596130399	63.59181628168128	1.6169294544718402	-5.867542837314613	58.618162983741534	-0.13854253255750695
341	SAIC	0.3061	1.5275944939154753	0.5343558408005086	80.9515957709991	0.9198802736391115	-1.4397673069791106	20.162873254901754	0.0
342	WF	0.3060	10.667410076318443	1.2476015683657296	84.81048532951637	0.540957160781502	-2.5397198853425107	82.79821676226081	None
343	BOC	0.3057	-3.8517491121333847	0.7269101016316225	57.659564728432514	1.1180095868523168	-4.122743745779676	11.939122604721248	None
344	KLIC	0.3051	8.279204308287738	0.8934280173995074	56.2214728172016	1.1161849888136322	14.771687907839972	80.12938289927337	0.0
345	TMP	0.3045	0.35948898102603444	0.9154383242823895	88.01277102547938	0.9648354398698535	-1.8048966547287413	34.68759413258667	0.0
346	PANW	0.3039	2.4134752741460517	0.9259209007150117	97.38151106316403	0.9121281529936794	4.232072137724764	70.05121055677074	1.0027482730446438
347	COHR	0.3037	-4.380649920345809	1.084343611192337	52.967344977918465	0.9616831524193052	5.363349153164487	15.25785317999987	0.1016137226913159
348	OOMA	0.3027	-8.07291899497301	1.1236063796841127	69.44563215939368	1.1334141488072094	-7.767631136039208	1.6948770287195174	0.0
349	AER	0.3024	-0.9866910196814351	1.0283894694353501	69.13423966583673	1.039926023828015	4.463705001445213	45.39727594118862	0.8844507845934444
350	DDOG	0.3024	10.608002432059978	0.9541906899973024	87.66371126651494	0.8324044659655182	16.17905321132273	98.90447170188071	0.0
351	PAYO	0.3022	0.140248974532616	0.930952645162676	98.39227866513168	0.8396211199650097	-0.6216460464720046	40.64425203175601	0.0
352	TRGP	0.3016	-3.986855526760097	0.8249783785515231	81.37362190218636	0.8727655070173925	-4.040273487453293	6.625570870763397	2.110711629060254
353	ET	0.3015	-5.986898173718073	1.1063263369759673	69.25795726978315	1.1617004442752112	-7.089767984363087	5.012427664759585	-3.3427305678614516
354	ESNT	0.3008	-8.416339394959357	0.7865448192952137	53.89220643186281	1.3344376328221954	-8.412349807075808	0.06634422245254257	-0.7606557377049158
355	LTH	0.3003	-10.732803800006296	0.8438655704538629	66.89759754313873	1.3655425987065057	-5.292964812982765	35.746409247318454	-1.9571977318456195
356	PLTR	0.2992	0.8336487456656109	0.6666165230754789	80.18783561793282	0.6496590630054253	7.554453641115048	27.55611901670939	-0.7817811012916311
357	CE	0.2977	2.34009195911617	1.2081038220805786	30.334546440667165	1.2054485633289789	1.9241320257138597	16.206373418178842	-2.0408163265306123
358	MRK	0.2974	-0.5684036932515926	0.6894415442917624	89.51859709807216	0.954561734486366	2.0293696084023276	55.44857328925556	0.9740879862481703
359	KBH	0.2969	-12.5	1.0169012141280354	16.355144724363782	2.0908310460651935	-4.030963450372338	52.63616417045649	-2.3569023569023546
360	FAST	0.2967	-1.2710162669912168	1.0684195338407754	82.58065719331036	1.0219523124965075	1.5021465929367053	50.323526812418116	0.0
361	KO	0.2965	-2.11093342123785	0.9507716509330506	80.07504804944008	0.8885079922629727	-3.050295409654501	10.335755061110405	0.0
362	JCI	0.2955	4.6972733003393286	0.9757745635552707	84.45881565464796	0.8739257053809004	7.457626112805125	63.16586114640519	1.1627906976744187
363	AZTA	0.2952	1.9041933294441051	0.8782272577396583	71.00775193798451	1.165638263323516	6.275978864024294	72.35402178029827	0.0
364	CTS	0.2940	2.87845277408604	1.076283435921589	69.51074531937557	1.0152202148095724	3.429566431160469	39.66133348605285	0.0
365	GH	0.2926	5.227864547374365	0.6731425401239243	94.97806097111547	0.8915979474186828	5.032551820679432	70.36620732749726	0.890025575447575
366	SMCI	0.2926	8.632344705813038	0.7478760163924423	56.742999438414444	0.8130712251054825	13.096363944213449	40.02579569384728	0.0
367	RKLB	0.2924	6.900642301711433	0.8206610996485552	30.521028335895483	1.0603403156093827	14.790029927832487	39.64487310844151	0.6306306306306332
368	LNTH	0.2912	-0.7265883826655785	1.1007014057511744	80.51133279268295	0.8156288757210071	-1.1997977936999418	11.763607636300875	0.0
369	CASS	0.2906	-4.5398587857247765	0.8872230924144103	77.16468590831917	1.2167893045911493	-3.189893706921199	46.503676012302535	0.0
370	OFG	0.2901	-1.7085801248634118	1.0008822788001008	82.56930044210796	0.9177151818565654	-3.8352579820176125	15.617526037502103	0.0
371	CMBT	0.2872	4.212245741202642	0.6497769289580909	85.18207816710378	0.9586073778745827	-2.526902677675934	29.931654377344287	-1.0659898477157406
372	YPF	0.2861	1.7630732918366612	0.8511622311630332	81.34863395088887	1.0467728695054004	-9.426905655811263	5.466673148430488	0.0
373	SUN	0.2859	-1.1393754267401774	0.5561715926323297	82.2896987557939	1.1499298885563431	-6.32112116763553	33.17741269221813	0.0
374	RIOT	0.2856	3.5440694837634656	0.7489230471782613	53.77258681845589	0.9374785913255109	2.576444893358295	5.066232308141949	-0.5067064083457365
375	SCCO	0.2852	-6.3112603909405065	0.814167020582975	82.89190078499945	0.8029732552425737	6.959983003993067	48.40853510068044	-3.383897316219369
376	TRNS	0.2850	-4.361862332856033	1.9641847313854854	71.77013652449706	1.1731263354339654	3.9658407253295382	28.344151487421243	0.0
377	NJR	0.2847	-6.284859297392047	1.1597287605921593	39.88506624068337	1.3657579367860397	-5.7063862081088494	0.15569268093680932	0.0
378	GHC	0.2824	-0.2546139771634578	0.8092998491436684	63.21597455294058	1.0803017602682314	-2.9871209830260326	25.491210031699566	None
379	LFST	0.2823	-3.739837650518686	0.6076114140598069	80.4323111784743	1.2033242614935966	-12.131361656944376	14.438759562547745	2.6753434562545135
380	EQH	0.2821	4.307078328397427	0.8921392835936719	86.15656367123592	0.9537810752295478	-3.155644261588811	30.27235641160756	0.0
381	GAP	0.2818	10.389609198135624	1.3047151442337734	43.022229003906254	0.8269475322381016	9.081990087573029	97.77609736826012	0.11194029850745367
382	DCOM	0.2815	-2.0049538185590303	0.8556602247414727	85.43451745769823	0.867850054385001	-4.0842118281431325	14.870115723107446	0.0
383	UNM	0.2815	-1.4386092434429705	0.7692029530267763	79.63964953723256	1.0455022440594377	-4.625012561081267	25.396440932846332	0.0
384	GFF	0.2808	-3.145156464889171	0.9464550395256917	71.32690962133768	0.9607369635839531	1.7981432420237042	31.787954045016306	0.0
385	OMAB	0.2805	-0.8757360376396344	1.3938118567717752	15.725197828453009	1.780070944856498	3.115630850058019	47.447791287973345	0.0
386	IFF	0.2801	-1.3010907003696457	1.1872451580020387	88.07157462128275	1.000425526885025	2.1231710542721243	65.3104981348564	2.7253668763102663
387	KRNT	0.2798	-5.437352672255169	0.9171212387823333	51.847133757961785	1.7271721017357353	1.811133193124749	96.01044427914282	0.0
388	CATY	0.2790	-2.2215023778914587	0.9016986952051324	78.15370555083032	1.0383779409010103	-3.3130855526563123	28.822746935948388	0.0
389	AUGO	0.2788	-12.79174279010682	1.0630810377433548	59.856424894045304	1.3265207958425134	-10.563710389052494	6.690724712552907	2.314049586776869
390	AMGN	0.2788	-4.315884979755976	1.0191282278156797	83.29576607295101	1.0583567870690667	8.97992797261384	94.37329379878707	0.8094312105007393
391	NUTX	0.2778	9.71377375283594	1.079896963959402	91.77061844062409	1.0506887548392905	-2.596120093910371	50.97434747489261	-2.923076923076923
392	NMIH	0.2772	-8.549102860673885	1.1350789299555724	51.51261530002624	1.2620881999966194	-7.761260251913862	0.03839419515665554	2.777777777777775
393	WGS	0.2769	-3.7090964117308354	0.7003579251028368	38.74224744351347	1.4761031704751122	-4.86724182236844	19.173481528315477	1.7740767559739306
394	NBIS	0.2765	6.133288821546964	0.744121330125405	69.9655407275835	0.7288066882940191	8.657774385620883	33.36854456561316	-0.15276107517795925
395	CTO	0.2762	-4.477616454795883	0.7507615709653117	70.81151233293622	1.171499437911529	-2.4433193781911933	38.70083700973073	0.0
396	PEB	0.2762	2.4617004304576855	0.9319875605549209	87.9275607870858	1.084403167254539	3.7237508679799594	81.14723542242436	0.4125838060856023
397	MATX	0.2757	0.6214209837029789	0.8310369309635264	88.68095968046926	0.9747150352813462	-6.1875316185779425	24.578111435568914	0.0
398	GSAT	0.2756	0.3534348267481262	0.9826108437875923	94.92518467021964	0.7045812468663988	-0.19476656941355452	27.899774036947093	0.0
399	NYT	0.2752	-5.79859720841675	1.1027915761119838	30.51514596650095	2.2211168877374092	-9.393324309442953	57.15611551995192	0.0
400	HG	0.2745	-5.783954888149984	0.836496073994609	72.15016752379745	0.9503273572783455	-5.597344124047913	0.3747617616508023	0.0
401	MCBS	0.2742	-0.7540173173902978	0.989185610240565	80.04949789758146	1.1415155862788575	-2.1740006395375895	50.32423903016631	0.0
402	CGEM	0.2739	-33.84955948264942	1.07180473287016	52.94117538129718	2.173916201590741	-27.33733188557686	12.034978052718031	1.8000000000000071
403	ROKU	0.2737	-2.291201171875	0.836591050486104	91.12585812308915	0.6904449643506143	-3.657529737767459	4.734596221448939	-0.9890776699029271
404	DCO	0.2734	-8.095471093665225	0.6560592850915432	67.0858817847113	0.9134116291721335	2.1382282916026534	23.2685556861002	0.0
405	AIP	0.2733	-2.075390760063465	0.9284531410530069	33.136242520900225	0.8970833293657217	11.556908803357379	9.985069108138717	-3.8292682926829276
406	SSRM	0.2729	-13.253007924615867	0.833365400308639	73.64705954159008	0.8657643630930146	-3.408205030774104	5.210021897313865	2.83109404990403
407	MSTR	0.2727	14.36681686320595	0.5938020227025306	26.58080430121681	0.8895049231161245	14.129337295218338	18.023316941513173	3.5108225108225164
408	ICUI	0.2717	-6.322105618702483	1.1819254077357952	64.1319213183533	1.1075314080406955	3.458298386752109	48.66284317073003	0.0
409	PSTL	0.2716	-0.72680667263797	1.19938884644767	81.76845317551954	0.8581582663845593	-2.064770665720763	21.14728604658596	1.415996938385002
410	PEN	0.2715	-0.5669804748345015	0.551395705223953	69.37300224993356	1.2172742007628043	-0.8342367758293704	50.48779611088252	0.0
411	APD	0.2705	-8.747176846801997	1.0260223048327137	57.88246268656716	1.1115745376707609	-3.5401863384323184	9.099978732857267	0.0
412	BKH	0.2705	-5.025871566382696	1.8082200527854244	53.71902560399585	1.5388768012624952	-1.8819113467187014	23.21988536695241	5.747126436781609
413	CVBF	0.2703	-0.49326774334647494	1.0020859726530078	77.65568743695269	1.050997311671594	-3.0831821605044563	32.82865511493965	0.0
414	TER	0.2702	7.858944908413636	0.8090562805569003	75.68227420063138	0.617057275451836	21.27992531209599	86.24606093390855	0.0
415	MGTX	0.2694	-21.42857576433049	1.044990786102746	51.43184028267177	1.807738830721207	-14.363885503280445	35.62153321266298	0.0
416	AMAL	0.2692	-2.7360662710451846	1.0252328383967626	83.71125766930035	1.032146876758582	-1.6681090284188576	46.00872572742141	0.0
417	PRCH	0.2687	-3.497709814631748	1.1149903006427224	87.17735157124108	1.2136292485993918	1.2548639859275208	79.96279049951944	-6.521739130434782
418	MSM	0.2686	0.106546390576094	0.8037838450209583	83.89469490833997	1.059648689684117	1.7760741410033538	63.49148026614737	-1.694915254237288
419	HRMY	0.2681	0.35113968748185104	0.9354072616016603	80.63438131070228	0.8973486202308752	-4.304849128497544	13.780085315069996	0.0
420	ARW	0.2681	10.289050205401432	0.6388072161214882	94.931390522257	0.6948510263824285	7.14548050778742	61.34480074336981	0.0
421	ATNI	0.2680	-3.7723166692053014	0.8613479170017694	75.24296519091673	0.9011318917603148	-6.206578370578818	10.164820188694549	None
422	GRFS	0.2679	-5.242970783236723	1.10343850484791	13.761463223611905	2.0766583417954276	-1.5574772160292416	81.67214555453448	None
423	ALL	0.2674	-11.672227558171986	0.9156545507620724	44.2786662012091	1.750397517936785	-12.587758171175647	26.569062191516096	-0.09131085868731509
424	CTBI	0.2668	-1.4154676118716174	0.924079754601227	84.15908736334049	1.081464409183583	-3.9875186575324313	42.89178590321807	0.0
425	AXGN	0.2667	-16.180164326216275	0.7661978818154549	74.6280568819117	0.948972217935089	-1.5809840561932966	24.595867987299002	0.9433962264150944
426	OPY	0.2659	-0.16666412353515625	0.693722675905304	90.20461261762175	1.0933742232265353	-0.353819057994063	81.78905854069268	None
427	VSXY	0.2653	-1.5828761380414405	1.1625455808300051	81.37242134287807	0.749724282471187	17.824825420012445	91.81901317216129	-4.862579281183931
428	AIZ	0.2645	-7.666166077596831	0.9287983889013202	58.727401470020304	1.4046455095493016	-7.590259383560198	29.13246646467752	0.0
429	GNRC	0.2644	4.014401995669316	0.7312693545564526	43.559766588633494	0.928335535006605	15.329315456424776	56.09728347420809	4.6761061946902585
430	UBSI	0.2643	-1.6213948842895283	0.9515378035751728	81.31444085504592	1.1536604738431744	-2.6556100513747185	53.98805278303241	0.0
431	WAFD	0.2637	-14.731895740043882	0.8953664808573847	34.44613339506621	1.7445653508879664	-8.833488292115351	29.22819944980897	0.0
432	ETON	0.2633	-5.568849474610197	0.7124039450227855	86.19961670859074	0.9083418421864983	2.0857496533008546	69.714037501093	17.741935483870968
433	ADMA	0.2633	6.7510587998591625	1.409783645108441	21.9655788463095	1.1715275922270156	10.100449198877397	85.64391162295026	0.0
434	NWG	0.2627	-0.6500484173138495	1.1139574429715704	80.91873061109345	1.0592093686145232	-1.3254856003403546	48.350929964761356	0.0
435	PD	0.2623	14.647659628127427	0.8427133129029197	78.32292187543558	1.0790800841298434	-3.0475261451914335	39.38305164865348	0.0
436	SHBI	0.2617	-1.1274945138911807	1.1076940178224057	79.01605659699344	0.991092374120287	-3.6828756667523104	26.187736161993556	-0.9708737864077669
437	INFQ	0.2606	-1.326812740449804	0.7308829514550546	43.96551813825171	0.9189366220552021	11.5212086094794	38.32117921481314	3.3707865168539324
438	SW	0.2606	-7.320586664813314	1.1868584858200493	61.94969978828483	0.8938903494282614	2.39549611312621	17.778444264958907	0.0
439	GLNG	0.2603	-5.280523188968527	0.937050508701775	60.47431232115653	1.0797451002961274	-5.828563166376378	4.8781287217903895	3.64963503649635
440	ORKA	0.2601	-12.792623116843933	1.0262157576116837	67.81054396527921	1.2675701771904206	-12.859734054834195	4.28122369264716	0.7861635220125787
441	OBK	0.2599	-0.28216991405090924	0.9213483146067416	89.080820309376	0.8651423795594293	-3.1947052815484303	29.2893656069659	0.0
442	IMNM	0.2580	-24.904746536365316	0.7370287003488124	55.824988430025215	1.5555402319141192	-12.312069757574328	23.669683530630664	0.0
443	SNOW	0.2578	-0.300808325009486	0.9170056038668236	78.80267224411759	0.799261022665278	-1.8944039548953977	13.04808845745464	0.4533634041378104
444	NHC	0.2577	1.669219295221876	0.8732004777770792	89.15927502295364	0.934171933113604	-1.4075581158890453	58.07723164699747	None
445	MAC	0.2565	-5.643814285801999	1.1123453341439768	61.40844783872505	0.9545861028699136	-0.17660650697235813	14.462605808439193	0.6456513482719397
446	PH	0.2561	-4.1188710355291365	1.086274320475064	66.09459598849851	0.9346321996641982	3.7623607097595015	34.38496073052532	-1.6695936485841316
447	TDY	0.2560	-2.5011943990672387	1.1181848882440495	59.54345077560856	1.0530742838744729	1.6760934110591332	31.38540539865997	0.0
448	LUV	0.2559	6.33802958789083	1.080245926710655	50.36750011333414	1.2012132491861693	6.362155293517615	58.75347947519574	2.142996298460942
449	PBF	0.2549	8.456048055733403	0.7134723246235384	85.57641584426818	1.0570997687790427	5.045964432631203	85.27874240281857	0.0
450	GCMG	0.2533	-5.555557104734072	0.9237415556637937	65.03773044006368	1.118173989646537	1.5935416542079635	47.606000269774235	0.0
451	BE	0.2525	20.676671214952787	1.0189918359050945	68.46891655094245	0.8931308283998997	1.6425078537827025	29.042581261976736	3.318777292576419
452	ACVA	0.2513	44.875350998719604	0.6743460016784558	99.37839997120392	0.9688230725248331	-0.1413368104704963	68.35415991206985	-4.54054054054054
453	PANL	0.2512	1.3924067365379968	0.7151777929636873	71.54639647179042	0.8993570722057369	-4.405424876505472	4.52646589793595	0.0
454	SYRE	0.2509	-8.358700130110865	0.8390788913949064	74.1574829541409	0.9786980592094489	-6.139269359077696	10.274005095120813	0.0
455	SOBO	0.2507	-8.77146074258897	5.17854752591579	64.23163611491862	1.701849717873321	-5.43553141657932	8.158284919296392	-0.9822646657571609
456	SIMO	0.2506	9.012860799801494	0.5131366626670528	72.04985006693022	0.6789440123314917	16.80160896429504	73.37814490422923	0.0
457	BBY	0.2504	7.599337349265584	0.6689796067393353	84.02124948614379	0.8651882742924861	-5.809875587699457	11.729232684706076	-0.9370060961842384
458	NWE	0.2503	-4.1543507800171975	1.3170902036857421	61.637917880354244	1.4110965080948135	-1.4810837073185863	28.505037872908034	0.0
459	UMBF	0.2503	-7.69336905611601	0.9985334762253935	60.1521789526338	1.2228503421600714	-5.164828352696471	23.028967031795403	-0.7089215980774878
460	MSGS	0.2500	5.764004266026458	1.0973212710732556	90.2220474994116	1.0854990638260957	4.435131435789989	97.20917674945824	3.3793103448275894
461	RUM	0.2488	-15.906685347760414	0.6453266396281742	55.39748666675519	1.0504851498984917	-1.4966481922392165	12.679464186456414	0.0
462	CHCO	0.2486	-2.2419273776238233	1.1287281453548166	74.79038910202101	1.0926839762810772	-4.117228161832201	34.52033785817312	0.0
463	HNGE	0.2481	-0.4308040198734021	0.6844318472225449	91.89640318939941	0.8572986830852795	-3.090265040758611	34.38665767836699	-1.6018306636155606
464	CSCO	0.2478	-4.823899766832373	1.111667984401592	62.82252653204772	1.2277848849681836	-3.6381822707770404	35.27722199621839	-0.3780189009450417
465	VIA	0.2475	2.9723996666122	0.8187403405244537	38.22485297389285	1.0894679132865477	8.082126399786294	35.261288113706456	0.0
466	SA	0.2473	-16.35349787901273	0.8349335108293309	37.085371240446776	0.7340780975600766	-4.404154712958994	10.780899792765737	80.0
467	LOGC	0.2470	19.334394264533085	0.7482659567014643	95.8134021485251	0.8279214311327144	3.240425812953507	77.97401083614321	None
468	ONC	0.2468	-1.4738624871290191	0.9275185900658922	86.1204217197879	1.0700760558225053	3.100484334652308	81.02479048744809	0.0
469	AMTB	0.2466	1.6655084917385727	0.9836214648735488	91.32175725674597	0.8719631258052947	-1.4341093878006195	44.59212152453293	0.0
470	MCRI	0.2465	-5.14479895570736	1.162938699110903	60.94142706324366	1.1415656977839161	-5.11748958609353	16.21325727158873	0.0
471	KFY	0.2465	-15.759012081301494	1.1060043411177072	43.27730237602852	1.374128264223254	-9.641804176824468	0.05945023504357039	1.9390581717451523
472	RES	0.2462	-10.46875103609635	1.1281698014127532	38.94472409732378	1.4765456879202608	-6.68721803571237	17.48417344852379	0.0
473	BLTE	0.2458	5.681165837221243	0.6772597492418734	73.63002529085237	0.8984247200556726	-4.7083554824366	11.042723500576926	3.771640560593572
474	PBR	0.2456	13.150682841261771	0.8448243948254232	85.29139332590448	1.0473500038240255	-2.985712282964662	51.232903569345815	1.0407239819004381
475	CPAY	0.2453	-1.8430901959325674	1.1327786511253404	82.1154569844967	0.9912663307299951	-4.57985495400099	31.8066023415184	0.0
476	IBKR	0.2452	-9.808390389823723	0.988763445761951	70.67839656043891	0.903354262628342	-4.665721163767115	4.085167517303191	0.0
477	MOV	0.2449	-3.0127488462806316	0.9993074107054517	69.81943053412007	1.0314849338825058	-0.02068219348090594	39.06968419522143	0.0
478	PKOH	0.2444	0.10550588247415843	1.5148745601608555	83.37116522902664	0.7205570212850371	5.011840455182178	44.90220935885274	0.0
479	ZS	0.2439	6.4548831505089295	1.1251564849735058	38.119757780967525	1.28450617868156	3.3735575381537126	40.95497072934069	2.557755775577563
480	PB	0.2435	-7.387539642622337	1.16004868646626	38.747673247515294	1.5302747015676685	-6.467800319445125	25.04193818769332	-0.3125
481	PAYC	0.2435	-6.943972292139387	0.6979453208330995	82.58138337453933	0.718942387908829	-1.6402703275081478	13.767079444966953	0.5891805034815122
482	MTCH	0.2432	-4.148478526271991	0.8417038065317455	66.3565787381904	1.1268486582630888	-9.057342629617285	5.642673678289555	0.0
483	AZZ	0.2427	-3.2989841342013397	0.9369107644175035	60.892812601578306	0.8622322435174746	1.1712013228782778	14.043329016639888	2.7374778441541308
484	GTLB	0.2423	3.124297407444644	0.9999161326793816	74.63334895294041	0.9202328800154993	-6.794236737898084	3.161717815150027	0.0
485	WT	0.2414	-3.9137436651500304	0.9226503698004747	87.84493735835994	0.7106700409616741	4.950966939031476	49.81797521472863	0.0
486	BETA	0.2404	4.236894603654705	0.5737083349048833	36.24855834586345	1.000977578201161	10.016646134985098	32.113965445597486	0.0
487	CPA	0.2397	-0.15995692948714524	0.7536795520836825	44.55969700965256	1.2658213555839084	2.1864247986421876	41.758793284291066	0.2938034188034249
488	HWC	0.2389	-2.8933308919270835	1.10840154099594	72.00920947490296	1.0834231866249477	-4.438338258645745	30.20045034968564	-0.1767617251944446
489	NWBI	0.2375	-1.3698632693548298	1.0515385437256264	78.8187349401035	0.9664660929068224	-3.386921286995717	31.26400519358755	0.0
490	MAZE	0.2373	-6.118881037266857	1.7159139492401572	15.45741445258589	2.9125887953566236	8.214998860029642	65.78660025661631	-3.8461538461538463
491	NGVT	0.2358	4.301692130619527	0.9323827108912759	80.4126730375883	0.9715219964017704	5.957105402274561	76.27811833057086	0.0
492	SMBK	0.2354	-1.6406440572272454	1.208300177511171	79.2711704757842	0.9855023314963968	-5.076337728410644	12.818151722045585	0.0
493	HLN	0.2351	-8.66533753849249	0.979111010775029	19.771866018781186	1.6579135394999904	-2.9645668024361	30.675636459839964	0.0
494	CRSR	0.2351	12.687817327578383	0.596627966328275	85.92112783387313	0.6322442030669875	2.9854167061043984	30.382460847542205	0.0
495	BOH	0.2344	-8.804872143188012	1.1610858302671945	41.07606792273017	1.5209251381848747	-7.950593013345978	23.308812357423548	0.0
496	AVTR	0.2338	4.654348536312244	1.1965637481772649	91.34888971944254	0.958578782693116	0.23587450596460813	63.115107078796285	-2.7777777777777692
497	GEV	0.2338	-0.4256521063345114	0.756827878889286	63.02532661408423	0.7096769276075321	7.953278381740308	28.507229519818083	-0.17397275952844019
498	ASST	0.2326	25.432521398479185	0.7146688300704366	46.00251151109251	1.053888184728278	-0.7249897803194132	26.062216358904493	20.3125
499	FFBC	0.2325	-2.4747921700919107	0.8741959969637649	67.17210065423764	1.231188255932047	-3.1262323633144047	48.77233093041988	0.21816198527406133
500	AMBA	0.2322	-3.4851085290965536	0.7100809921193165	42.11614032894355	1.0524364676381357	6.724400837815251	34.29870782272489	0.0
501	DVN	0.2321	-0.8276727472176065	0.7698713746606839	71.84557223275108	1.0760659175399911	-6.654222011915282	21.25846289604435	0.21385096232933468
502	TRMK	0.2317	-1.319490842292261	0.9103673801187958	73.32280135662799	0.9372044410938251	-3.825554601551643	16.284497946005985	-3.0927835051546393
503	CIEN	0.2307	-13.92022078591635	0.7452217369233984	40.66191989832624	0.811178633911892	7.058865362580002	8.988756474806394	4.283724631914041
504	ELV	0.2302	-1.1325171455408136	1.2039270653488217	74.19454543859393	0.9914193168513907	-7.610613277049202	0.6625360470201684	0.1014541765302646
505	ESTC	0.2301	5.015529836135652	0.7045291422051273	69.58302113935747	0.7205488516508087	2.703464763961343	17.095585729452168	0.0
506	STLN	0.2283	4.731856572199763	0.7103811059646664	89.81288703712255	0.7348284203189701	1.218843001229337	42.27445002310054	0.0
507	CGAU	0.2282	-10.26804029327078	0.8417077494717925	80.71278985941184	0.6554338246847737	-0.7134755098931662	7.797729231299783	-3.1613976705490767
508	MLR	0.2275	-6.570988987444943	0.7737921648682804	76.35529098956161	1.0265318783985986	-1.1005595330181177	47.606285163895244	0.0
509	PSIX	0.2274	20.571883409036438	0.7356343110946609	24.94459605457688	0.7860699511094396	14.786367060773966	14.200752112577064	0.0
510	FMBH	0.2268	-1.80914485330972	1.0083231723479829	79.32291348775229	1.0544861505271403	-3.816473669934322	43.39448426414005	0.0
511	TRST	0.2267	-3.4873584188541704	0.7010496882004393	84.26110722515455	0.771751111786841	-6.199947850201728	16.4758071453017	None
512	HASI	0.2261	-9.982618356262407	0.6604436747833066	53.23442136498515	1.2257782385309328	-2.22316654089156	33.14300736083649	0.0
513	FISI	0.2259	-3.3479936294925703	0.883352208380521	80.2995347756944	0.8642805560570501	-4.205266729793827	20.393913726429474	0.0
514	WES	0.2258	-5.312697851011381	1.166536596599414	63.5535342275146	1.1339466054627383	-6.072775019168795	20.095337987098446	0.0
515	LNG	0.2239	-3.9707957198008006	0.8652843393996379	72.7613513789209	1.0189455046757132	-2.3097038353806654	34.00210912215137	-3.1207430340557227
516	SHIP	0.2238	-7.021516318415333	1.2257478980084593	75.778547372785	1.4849133026896646	-10.20314266397403	0.7223437496980978	0.0
517	KMI	0.2235	-2.8852305908232947	0.8416563153910924	54.6145402906254	0.9574336485415682	-1.6875373044325364	5.555064623411965	-0.30186608122941666
518	FTNT	0.2234	2.0546377340194697	0.6496574388852	95.32554426920301	0.693786083389476	2.99218014929599	57.03253706432508	2.6318944844124617
519	SGMT	0.2230	-7.534887624341388	1.1747521684352642	78.28463923418191	1.4406626527794844	-9.261356746566243	65.11922827267222	0.0
520	WHD	0.2224	-6.260033550187901	0.7521867485547156	75.94812298451073	0.7916408054618864	-4.7982615200993255	3.48874214196492	0.0
521	TKR	0.2222	-6.255019157106901	1.0162594092945856	60.92348284960423	1.0601984548457029	-0.407053771793893	33.49328491319348	0.0
522	EBAY	0.2221	4.93791260146696	0.744933087567922	70.95445662505865	0.8238712601587708	-2.1538950616822836	11.249819062533035	-0.7348029392117649
523	CORT	0.2218	-1.1117788834045434	0.8004068212215782	88.9991785237597	0.6798190991035825	2.804108959891511	43.16517606764648	0.0
524	AEG	0.2216	-3.8251305178920774	1.4013981489801421	71.67832834737285	1.218001670370996	-3.4914056142407195	31.418526203325754	None
525	DSP	0.2215	-3.4700356740371348	0.9416088664102584	61.73392781940454	1.3365108332686184	-5.884806272170987	43.772602748232	0.0
526	APH	0.2213	4.870492237287494	1.1557860331707563	84.663701029853	0.9896608051173903	7.105915327172504	93.57405654993252	0.11888250445809842
527	HFWA	0.2207	-1.7445917748151982	0.9641175909630773	68.88217368995075	1.034005952405939	-1.9531143573524459	35.72229957160954	0.24487297214569417
528	QLYS	0.2205	-7.826499174638579	0.8756378480828109	78.18625665673832	0.7665417890736598	-0.08957841044146053	25.215583476126824	0.0
529	OTTR	0.2196	-3.4576768743382633	0.8845334469535577	68.57689654360298	0.8723001083802397	0.40563567891194263	36.582836248225384	None
530	MYE	0.2193	-5.437072164353059	0.7973866576779324	72.75216587054462	0.8457252557865572	5.122388411635329	50.348406972673125	0.0
531	GRDN	0.2189	9.134743316769258	1.0378975963304795	69.86900229641444	1.138344968499915	-12.989896836755975	2.740082466678629	2.083333333333333
532	FCX	0.2187	-8.237693490575527	0.6690408625491326	80.76207965723201	0.6285929033317434	3.156840952308437	29.64804146861738	2.500000000000006
533	WAB	0.2184	-1.651642788707962	1.0019873786931428	88.16552920649156	0.8964045930852733	4.388763053689155	76.2600048354019	0.30469226081657524
534	FULT	0.2184	-3.2842134174547697	1.1324565621929037	73.8122747781517	1.0323704490550158	-3.9058594639267743	34.38971175057418	0.0
535	HESM	0.2178	-3.3894105617785546	1.3334383773563285	69.82670277509001	1.4280756768056861	-4.156366199358265	45.516816283945154	0.0
536	NUE	0.2178	-3.1223956003027937	0.8423482865401979	76.06022279263664	0.8707989404006073	-4.603894483499343	15.730034291475235	0.5302338647377091
537	BXC	0.2177	-6.0579476077930625	1.124121779859485	61.4443115583005	1.2449821281275777	-5.60705796311562	34.509264413861985	0.0
538	STNG	0.2174	7.425103071698179	1.0964768988808438	83.2968695390378	1.2298152832385723	-3.2778555800371003	80.16851861867194	5.327010036395718
539	TX	0.2172	-2.4359673396877457	0.5374422105149984	83.43701874301371	0.612556730545168	-3.2842584270053776	0.939187896856609	0.0
540	RCMT	0.2167	-0.7322505316553757	0.6385608349354573	90.6310420787662	0.9446645003676384	1.0533493758912764	70.96397806444068	0.0
541	PMTS	0.2164	-14.369601857619163	0.7803228585827385	68.39530780590678	1.2160810048828476	1.5630228803424946	75.707386841247	2.3622047244094486
542	HOPE	0.2163	-2.0818374407736084	0.8358777283016213	80.16702178126835	0.8762747154742562	-3.539794387014233	27.02183867617717	0.0
543	RLAY	0.2162	-8.908339523376954	0.5748034360368132	77.9012378645532	1.1914383301170766	-7.809468555768328	42.69960219691874	0.0
544	FLS	0.2159	-9.646345929401678	0.8314801521711699	58.077794823548345	0.9218058926482106	3.160392013936898	28.031686769660936	-2.219956960018131
545	HBT	0.2157	0.5320706980607749	0.9613428280773144	89.37294736553734	0.8821782550402848	-2.7481421555432255	49.49159196204542	4.857977170161928
546	LRCX	0.2154	-1.2900952742774394	1.053527655655723	59.689948071339046	0.9061572308920969	14.362452988088325	80.67965096994897	0.0
547	FITB	0.2146	-5.979943246205228	0.9626976007019725	59.22879020475177	1.234433609392852	-5.788989404504065	30.61772802180137	0.6949928921181452
548	AMN	0.2145	-2.337524135462198	0.604695910850883	86.69662166981216	0.7221667290468232	-0.4169087032843524	32.36870521927531	0.0
549	TDS	0.2142	4.826541177900212	1.3262602799924665	18.398637137989773	1.243693620078849	-8.471020632353275	1.83882584403581	0.0
550	BEKE	0.2140	-4.39931640967483	1.132714594375978	51.72983134990863	1.475609948877163	0.8753598731612362	77.91909454161218	0.0
551	RNST	0.2139	-3.416524913429851	0.9527041731002395	59.30435313349186	1.1460156129936365	-3.3784184832705515	30.329217769347963	0.0
552	ANGO	0.2139	-1.520911122810107	1.3697856501091001	89.13043422975403	1.1009584619603818	-0.4282241733031853	68.3692028702264	0.0
553	THFF	0.2128	-5.7358459856525155	0.8262436914203317	71.99636663048013	1.0396915825126036	-4.790437138616948	30.07695951344604	0.0
554	SWBI	0.2127	7.345065497799033	0.6425300440103443	62.52653644343091	0.8278052223006351	5.666232254279743	37.29250184749655	0.0
555	LAUR	0.2127	-3.637300077720546	1.071455368531626	79.27639159696996	0.8931853089380507	4.374159170815611	63.94485733601108	0.0
556	PAGP	0.2124	-5.101677738656226	1.4358992072675774	82.52912131006428	1.1608047657081162	-5.621644684080124	15.650366304470609	4.194174757281547
557	QUBT	0.2119	-0.9248546501051468	0.9216171639956129	12.156661723419223	1.1433820283589047	6.90658382087333	7.341161818268716	0.0
558	NBTB	0.2114	-1.1860793442192021	1.4598803029500558	75.9477104236877	1.0270973190592956	-3.1532910604270366	31.58612329131475	0.0
559	ZBRA	0.2112	2.979704301211576	1.090551965612457	92.32823758798348	0.856172041550353	5.080294687958878	80.614150826108	-1.5923644420637344
560	MTRN	0.2109	6.435099220255093	0.9392673358129108	78.15560867537313	0.6788972217032747	8.440875351848447	62.45213138940245	7.8431372549019605
561	SHOO	0.2105	0.46991028333666945	1.1862207943549166	73.87044924267232	0.9816442340176557	5.424649097753553	71.92211926657535	0.0
562	PKG	0.2103	-3.762976764362823	1.1766735084602515	62.821267921233826	0.8251949745265479	-0.08147207952626068	12.413467744663862	0.0
563	ATKR	0.2094	1.003624573198686	2.7551809080431195	99.56129289330025	0.9917954624847759	-0.05823711587110891	95.41208229320546	0.0
564	HAE	0.2092	0.7523818243117559	0.6881355767502199	92.59023837736896	0.7311405850856557	-1.1107784470063995	40.32358733718872	0.0
565	INCY	0.2091	-2.285891825408823	1.0086251302472287	84.37123281403018	0.9131216448634353	1.530737291664952	62.28807708429205	0.2584961605717353
566	HSBC	0.2090	-1.623722113486967	1.069285222744416	84.42338873393986	1.0608664597770963	-3.2770261421058833	68.31855378015251	None
567	WKC	0.2090	-1.7299077266884373	1.062400560045822	68.50974839759412	0.7061018437225637	-0.021809116343511126	6.957844739563669	0.0
568	BCRX	0.2087	-14.184393462644614	1.064152492601737	47.31801277832966	1.0380623010196204	2.2945233112636503	20.85309295001109	-5.816771691711097
569	MRAM	0.2085	3.8373431353142666	0.8018324581409395	24.416759141034206	0.8393377907390284	22.460497362841917	58.80624557916462	0.0
570	BWMN	0.2085	0.21166545535974382	1.8661590367412635	84.48940563753162	1.267764361507501	-0.1974171898112987	99.28506317883503	0.0
571	SNEX	0.2083	-3.5844872025415095	1.079361571128617	50.59362641578027	1.1861365433169264	-4.45937740538821	19.00826199061632	0.0
572	PAYS	0.2083	-3.343461895782817	0.7649741024392404	84.93392305752255	0.8843502631824166	-1.4790089251264242	46.18594635295832	0.0
573	PLGO	0.2080	-2.087598127347491	0.96063634509484	74.2004272526007	1.1233124964156678	-4.634487125679248	47.24398596509542	2.0670826833073366
574	CB	0.2076	-2.051373737545038	1.6085563456709489	65.66941170578221	0.9687834937301136	-3.6873212839194696	0.22222153725414273	-0.27165142549757687
575	SKYW	0.2074	1.8711423310697226	1.219429242803698	57.31860713206911	0.881399986555827	3.1278382149549935	42.58888502498841	0.0
576	ONB	0.2073	-2.475827031151024	1.1787750422014842	73.02382791057286	1.0882300031733776	-3.1351863037708214	46.32658708387551	0.13205678441729662
577	CUBI	0.2071	-4.099706331538371	0.8428449413774362	65.69489183517311	0.9392384257145466	-4.575520842805563	11.134350981768065	0.0
578	PFIS	0.2067	-0.21579847686513226	1.2746261571326845	86.51194285352021	0.8563085736533275	-4.154331528562187	41.39130786374908	None
579	GFR	0.2067	-6.341461145331823	0.38022585295531	53.488379697070954	1.4078034003527924	-13.61257764079508	8.02141998381822	-1.647655259822559
580	KE	0.2065	14.279786269275188	0.9477587343441003	59.326666848457755	0.9022186510994867	14.326161091997042	81.7559610674319	0.0
581	VSAT	0.2062	-1.4849467636546276	0.792736011425958	68.05618037633184	0.7022181158866558	-0.6076843821564212	3.9296382133723426	0.0
582	BFC	0.2062	-2.0024851825682535	1.1670795170452593	76.63668165917042	0.8744975943467924	-3.223272062732167	25.61285917896845	0.0
583	AAPL	0.2060	7.572003414383385	0.7891829270374646	93.19073184505926	0.688700130019188	0.9755700994054697	45.503327762328695	-0.7404116688879017
584	EHC	0.2058	3.7216667722671346	1.146956032001975	88.72798592579902	1.1270203813999236	0.5943809498665336	89.87185525421114	-1.0651924762354295
585	RUSHA	0.2052	-6.949888262532415	0.7968356352117646	67.54084872601358	0.7855362918190976	-2.883628906142529	3.322964182651262	0.0
586	RBB	0.2052	0.3429883893785395	0.9856023713741267	83.39130368440048	0.7477006967585581	-1.8964872598775688	26.36747802633994	0.0
587	UFCS	0.2050	-1.0022288508210555	0.688139281828074	87.40740797254773	0.6889833007503195	-4.392167679308324	16.531062892325835	2.564102564102564
588	CPF	0.2050	-3.9112038484891776	0.9272154360849607	65.98090088428773	0.9969625238284768	-4.5074540019355425	19.356935426287322	0.0
589	BELFB	0.2047	-3.7144879599845924	1.1314741035856575	57.52617839017227	0.7316286861152376	7.052301599436399	26.576755105719087	0.0
590	IBCP	0.2045	-4.0965873880273564	0.9323690630058671	58.66098272179695	1.1359453270829734	-5.976398607936636	18.974588871933207	0.0
591	WSFS	0.2044	-2.5124360779173167	0.7585975319696673	80.31496802364097	0.8658572597723648	-5.82997563480448	18.781021783775046	0.0
592	EG	0.2043	-2.0812412733472683	0.7378907779588938	68.29563803403504	0.8664974264620258	-3.1879158817113398	14.536266046390566	1.5703785465218352
593	IIPR	0.2043	-2.1446280108861537	1.0410386509476197	51.10576482919548	1.1179909071227538	-2.8009507455586875	19.949922818475414	0.0
594	ASC	0.2036	2.774630664506877	1.4928058511346154	80.6584322894061	1.0992989467267247	-3.8216480809772126	80.95003172141992	0.0
595	AMPL	0.2033	-6.862742020741081	0.6022536502567725	84.21621827821474	0.7385381363334614	-3.185744490257129	26.919754831866044	6.033057851239673
596	HQ	0.2025	-13.35761352343821	0.1803075046304217	16.289840527822587	0.4833380148617247	37.38609328796294	17.18455783623108	0.0
597	CLH	0.2017	0.46503069766349336	0.8503863148280714	83.15008154949851	0.9173319087231931	-3.6341172570161833	39.14257057901509	-0.4957002793449094
598	RCKY	0.2015	-0.5521201562273587	1.1927090212653546	70.13472597042244	1.047925545794555	3.2298256911612855	66.94840140864584	0.0
599	UVSP	0.2013	-0.8178978953185397	0.8118203988993622	75.71756338826823	0.8371448983700643	-4.154641079065173	16.82464081300732	0.0
600	STTK	0.2009	-15.947715710063814	0.9040543166765893	71.34238051792795	1.079764195285663	3.0880317946430806	72.07350559043974	0.0
601	CCNE	0.1994	-0.3826937398989695	0.9043568045610648	82.57292559901188	0.8997090330525375	-2.874675518920953	40.60680815678358	0.0
602	NVDA	0.1992	0.3860009208282475	1.158862676126093	89.37318473827531	0.8037831124969859	7.863371647314285	86.8921659858743	0.0
603	NOK	0.1992	-4.438151654926597	0.700795430569609	42.46467728068354	0.8348678746055612	4.248823234441721	3.824012509009762	-2.1511627906976805
604	PLXS	0.1991	7.957462153004445	0.7222412229178129	75.94697563564996	0.8912144930085305	9.948810931423097	85.92246640711294	-1.2658227848101267
605	ITGR	0.1990	0.8619267161661934	2.208255463302973	99.35184761329934	0.8280383811267844	-0.423437844264797	75.11687848014734	0.0
606	VFC	0.1988	5.718472971688948	1.8549984470502745	19.979613417879154	1.288545702049641	9.707354818037066	98.83809335692223	-3.6643653744025375
607	NPK	0.1985	-4.660101830020483	0.9736494984508728	82.22454594004617	1.092152027888785	-5.219574023754491	62.42093373863877	None
608	HBNC	0.1974	-2.5089593133154513	1.1362926433741185	67.0510859230205	0.9886586637116068	-4.362797438937708	22.469866783921802	0.0
609	RAL	0.1972	10.486417279928054	0.7131314222842211	85.71053771492569	0.7649916187226867	6.7613124277240715	72.45552995739092	0.0
610	ACT	0.1972	-4.282223184366711	0.7364646949838743	77.26129790646345	0.8178338888030547	-6.87289647026377	5.040698187478938	-0.6828057107386681
611	CNNE	0.1967	0.8414246993256195	0.9041716237479372	59.88304004334566	1.1058690860628428	-1.132501247529207	40.69314315310974	0.0
612	UAL	0.1957	-0.7829853707597938	1.1102606628930212	49.63976008910117	1.0663266493817714	1.7186651440419465	36.79756144595827	3.097535492594181
613	ABNB	0.1957	-15.357913775923185	0.7859075872500657	54.777781337868525	1.556519436080322	-9.159584860737528	51.943772299727264	-0.08621618708913946
614	DOCU	0.1957	4.984332535894179	0.94461045428955	64.2857223320556	0.9946451238172942	-4.606735917696447	18.498443077802833	0.0
615	NPO	0.1956	-0.3855757452546121	1.0591412831450557	55.96009045823492	0.8186390945927065	7.654750304144162	39.748363400466765	0.0
616	PENG	0.1948	4.823639165863544	0.9046286630336017	52.749931647570214	0.5804801844976405	17.38650884120813	49.90826954103483	0.0
617	LIFE	0.1948	-13.184576899860033	0.8170992482089188	74.8942648896278	1.284845955182219	-13.629773212349694	29.0248673116932	0.0
618	TSM	0.1947	5.986430568829674	0.8052993328067664	87.68969972797271	0.7681617121154135	7.720258286569885	81.72609743366975	1.1600417834955268
619	CAC	0.1944	0.9497026199979229	0.9309170863181786	87.53419900695155	0.9109328830730266	-2.1653814203303354	53.63422535734098	0.0
620	SGRY	0.1942	5.455845359351047	0.4150248157617687	27.26516691922943	1.5339271086767818	4.007980878715573	68.07546216872322	0.0
621	RBC	0.1939	-0.9430231420370826	1.0674989992534973	46.07672159603919	1.1894607597474192	4.681086723916824	55.46674567680327	-1.7905918057663057
622	ESQ	0.1935	4.88082681455337	0.6319050077439339	64.59089884444867	0.8221896538065436	-1.1535162200859028	14.080827708229705	0.0
623	FTI	0.1933	-7.468549490349045	0.9043289845976923	77.80225224968515	0.745981924742122	-3.709336337667357	12.907654044126545	0.0
624	GFL	0.1930	0.9017859068734096	1.035548566515094	56.31543283935038	1.077111829328996	-3.461352845675153	21.006440678142567	-1.6160890644639947
625	CVE	0.1929	-1.9236793459941348	1.0971625546008736	83.48624059077027	1.089561566600426	-7.144038731884692	46.00186979397283	-1.5310233682514112
626	ASML	0.1928	2.0979720122179364	1.0982351320775912	78.53083783567585	0.7801506994383424	11.838120116984802	87.5055000568832	0.0
627	HLIO	0.1928	-7.416359828608722	1.0901365705614567	45.58701844735507	1.3511217771602697	1.846760886032642	63.58466528356659	0.0
628	PFG	0.1915	2.2020159231730774	1.0370654016783096	84.8890928596313	0.96014442371963	-2.55492415317088	55.01664203900311	0.34545454545454135
629	CDNS	0.1915	-5.99913000093603	0.7980616218723261	41.54216721257065	1.1536880874995512	16.44995685800183	99.72205679029452	0.4616468644459105
630	FWONK	0.1910	-7.081982551561376	0.5531244704498559	50.35429641033635	1.3967152111106476	-1.1876847329398021	59.35418680465733	-3.8461538461538445
631	SCHW	0.1909	-9.023599930237468	0.7245864280722272	46.908744035845	1.2384475390620269	-9.017876324938157	3.981503273869876	0.0
632	PLUS	0.1909	1.9963494488837552	0.6763582604410496	69.78194414021937	0.7240826847625627	-4.347282939058397	5.318436783563385	None
633	WPP	0.1908	-1.4643586009366663	0.8500966246457932	82.96067613588448	0.8233821583896445	-2.4265661854066725	45.15439273514726	None
634	HEI	0.1903	-9.61396500851569	1.112355022166495	40.1656193387681	1.1955517898750265	-0.33852329698640793	27.789924282728364	0.0
635	SGML	0.1901	-24.662963848935867	0.7576927885512879	24.590989176944372	1.0098100424896488	6.000129067915399	10.89713275067156	0.0
636	NTR	0.1888	-1.4782291784146397	1.6083522264852923	58.6143005163427	1.1333399014152097	-7.1411222062985065	4.224877295142818	-0.13880126182965227
637	ADAM	0.1886	-18.597559911874292	0.8669556304562265	39.897704063474066	1.391321407114043	-11.818987261820958	0.25771360070866933	0.0
638	AAMI	0.1883	-3.6173021594691677	0.8497856081180984	91.70902877393048	0.7671465061481496	4.855190263543626	75.23752626242005	0.0
639	IEX	0.1880	-1.2095058905591736	1.1909749167099406	85.03489163194648	1.0097115042146503	3.4343522120999705	88.45572099657633	0.0
640	HOOD	0.1868	6.104224506051279	0.573528418062754	58.60313142340212	0.7350263460621865	1.2413795979826008	7.818824473289794	0.6865671641790951
641	PVLA	0.1865	-6.98463372055314	0.9003532669233951	78.64010489746724	0.9992926311681343	-8.44022368472655	25.864911562318767	0.6132075471698143
642	YSS	0.1853	-0.5440613639120697	0.40019884093354563	4.556485153202356	0.8354719389423785	17.92569893537664	14.894176775769594	0.0
643	EPC	0.1851	-1.3254243451530625	1.3158542589857214	88.32630742283646	0.9870214041512063	5.293748506922762	87.92478401310875	0.0
644	THG	0.1848	-4.432046110684463	0.9064359230468579	73.39279062882031	0.951605205383563	-6.512902144641478	21.61488717315234	0.7749419953596229
645	NDSN	0.1848	0.14508855992063438	0.884240154569091	93.26599958924177	0.8714929305070425	6.841624670609425	99.8534230977894	0.0
646	MFG	0.1845	5.842917958519368	0.8327248951702549	91.85185538397894	0.9568718283342912	-3.0929587989579126	72.62334645622468	None
647	BHRB	0.1843	-3.574427659611412	0.898773619965124	65.87434951100026	1.0265940403716758	-4.115217993498673	29.73040179793007	0.0
648	SMBC	0.1835	-3.79440218837973	0.5663900414937759	74.085554866708	0.830499411827612	-3.0773117720065777	22.930750185101672	0.0
649	MATV	0.1833	-2.7914625949837673	0.6543215317873581	56.718194442186565	0.762277349102185	-0.36762630129603396	10.12890770118615	None
650	MTG	0.1832	-8.783782332489775	1.0722739013137383	50.83333863152397	1.1105194809892602	-8.784912613542987	0.7239788110651375	3.618929786575941
651	MKSI	0.1831	-4.6533030023198725	0.8315254125730024	42.077072903434996	0.9785974311088876	7.365147228539046	38.766136886047214	-1.9074225711670958
652	WS	0.1830	7.430067773121545	1.137147518061058	43.963548664623076	1.1346731829704937	13.350535316626111	97.56805672118685	None
653	SPB	0.1826	-6.395484363965395	0.9672903426514378	66.94517289156434	0.8173640745402634	-3.6760646580167924	8.447549811952683	0.0
654	FIBK	0.1825	-2.522132050344996	0.9311013982843359	62.86958113960597	1.0492852483568171	-3.222175338285204	32.49464964659515	0.0
655	CXW	0.1824	-6.21485742696362	1.2860301597957051	76.64584591089678	1.4908176710788996	-8.042034717656797	26.887819886208334	-3.141979683439637
656	TALO	0.1821	-1.613870084586867	1.0789754696265548	76.79302340648212	1.0472479044455796	-7.416667412881024	34.54594060754411	0.543478260869573
657	GPCR	0.1821	-28.758639258302587	1.151742819941033	14.411384103431532	1.6554646549734366	-9.401563113521465	7.198590446393965	0.0
658	ENR	0.1820	0.8141126196600278	0.7856344297418254	68.12500953674315	0.8544394571193329	9.343822193021722	72.84717533612957	0.0
659	VLTO	0.1818	-2.2059629335684274	0.7514492929390933	58.01936472279219	1.0706915920855942	-0.7254945411204163	39.46434523762867	0.1964285714285704
660	VRSN	0.1812	-4.295457941233085	0.6743424194380241	70.6523907780532	0.8101203527535251	-6.1574794160019515	2.3063468496860366	0.0
661	URI	0.1811	0.6178286589384845	1.0539286186281902	71.67864568883613	0.9413478731153838	4.421627928973535	66.61759883674452	-0.21083963785191828
662	GPRE	0.1804	5.413107058025444	0.5446986408820492	55.909092643044225	0.7540067814818545	0.6788367634011685	9.590498699712015	5.263157894736842
663	VSTM	0.1802	5.284550954443185	0.5710450055647253	58.72801056734118	0.8046804284973592	2.8404011455477103	32.549948436820515	8.459869848156181
664	SN	0.1795	-5.6362102472191244	0.82172718886644	88.73631797986364	0.9094119319113579	6.671132359417193	98.36856231941023	0.0
665	MLKN	0.1794	-13.66538576309171	0.7892570891061945	59.506404813944314	1.4624375980061664	-5.231239328155008	77.76687496786022	None
666	LPG	0.1792	10.308445529403823	1.1993092193508004	84.50704393910955	1.0290343247917773	-2.4634669892146945	65.94272063017203	0.0
667	TTC	0.1792	-2.3931597048279607	0.6402297318234063	78.37549852150258	1.0388200245448034	3.0745392562872427	86.51099248025518	3.8790697674418615
668	PAA	0.1787	-3.8416289041299	1.067673277927139	82.61682884715428	1.0099969323132554	-5.728027769276331	49.16576206344361	2.8549080954243267
669	GILD	0.1784	2.250440742832208	0.8795898423963517	89.59657324158754	0.8485322813381166	3.339833979949743	77.71922507494241	0.0
670	HIW	0.1783	-6.277881982283538	0.8555492937039805	59.77318110348306	0.9828904549901176	-4.698619321817626	14.451708293970853	0.0
671	ESLT	0.1772	-2.006425977983726	1.0022391401701747	44.62579823309239	1.007718993928881	-3.46888975643902	1.016420624578359	0.0
672	AM	0.1772	-8.12250274271307	0.9284848063937089	54.400011097301125	1.0170330392819753	-4.8769653831134665	8.251589079582573	-2.0408163265306123
673	AMZN	0.1764	-3.945217936418261	0.9516726171690362	54.98902839526796	0.9439077979808806	-3.536373342101632	8.26880756462343	-0.13416015741458132
674	MFC	0.1757	0.8111204211920704	0.6128869024985228	87.4485596707819	0.630609362914042	-0.736454859184906	29.189090995479745	-1.7103040540540588
675	KNX	0.1753	-7.764879782780401	1.0190967761875602	56.06370702402855	1.0406384017843233	-7.753022703423634	3.121150995981097	0.0
676	GRND	0.1750	1.6938063110499102	0.8694300982098884	67.03922966100873	0.9081674116212921	-1.3845188312859684	31.66006152446745	0.0
677	TNET	0.1747	-8.830719829491313	0.9609946217208437	75.44970709310473	0.8311869320399174	-8.364332359542342	3.6603666568398694	0.0
678	ADUS	0.1733	-5.169052083466001	0.9836145518384863	65.66183519350336	0.8543076502898067	-5.241093829955085	4.456115003005706	-2.04583242969711
679	HCSG	0.1730	-9.415866596015505	0.8780540120934792	53.201513056925684	1.0984852396532057	-6.338525250384182	12.783474250542142	0.0
680	LILA	0.1726	1.9207664931277062	1.0618949589124997	88.76581457379936	0.7586848008406928	-4.905751112353483	30.364451545036673	0.0
681	CBU	0.1724	-4.105897396015637	0.907318962178908	39.83003783833879	1.3314526398276032	-5.1211699922493406	26.87244994451595	0.0
682	NTB	0.1719	-0.5580954254922802	1.1031695468662899	77.22645986878942	0.9969894026974951	-2.507180941117489	53.08141127376934	0.0
683	SGP	0.1706	-3.5276671079608892	0.9775436500393733	57.99739624340917	1.0900603338177655	-9.972659024295783	3.1878033066113716	0.0
684	NIC	0.1705	-2.7186299297299885	0.9417765892901284	79.88767455980572	0.8646376227360419	-3.357298388176311	37.573648673843515	0.0
685	POWL	0.1703	-2.7629224824206946	0.7794734339198478	40.202198601392915	0.696043454832869	9.062008947563479	14.54961804547888	0.0
686	TBI	0.1702	-9.662286563927493	0.5874100280590461	82.16560655338749	0.9047848250814974	0.853594698515477	64.59138939357123	0.0
687	FPI	0.1698	4.780485571884528	0.8240557515271445	38.10709268040258	1.2446121442617715	-0.7146714314193157	34.17434642477872	0.0
688	TAK	0.1696	4.825285073500623	0.9038467155416655	96.72667133437433	0.7916672816818945	0.991253044430281	70.71559174545337	-2.4655055417326475
689	COGT	0.1691	-14.100834512591431	1.1783761140408644	60.44651986121814	1.2251310748431261	-5.260973326147546	44.44067190647422	0.0
690	RBLX	0.1686	9.724767853432438	1.6371114858842717	7.384103461045212	1.308288916604481	-19.00729653750364	1.936124003472031	0.9439899307740628
691	IRM	0.1677	-9.487325094159498	0.8492804252081569	58.47830443113303	0.7985626932015614	-1.5229440375841614	7.1514256010641475	0.0
692	WDC	0.1676	-1.8982660202752977	1.1317754119362107	49.568634754685114	0.9378297092014786	5.536129845827979	38.64421836961102	-3.9669960152280628
693	L	0.1675	-4.434531742956791	0.9572264377886344	32.03553511740241	1.347010316364467	-4.51358754717954	29.338896542770158	None
694	ADP	0.1670	-8.037096203269286	0.755150918436996	69.63592226285459	0.8435327257663628	-5.982603581113311	9.200703331681979	0.0
695	VLGEA	0.1669	5.9756432753793325	0.6211382113821138	88.41699178351662	0.8026527711984841	2.8568081485263077	79.2242047291798	None
696	BFST	0.1666	-1.7931459306780453	1.0699324823813514	81.38484772999445	0.8827894652197553	-3.1947066491432867	43.65903218721468	0.0
697	MS	0.1659	-9.876198994891366	0.9454395538823733	51.98358337227762	1.04121705043368	-6.885564299308911	3.0448236855044826	-0.416406412658755
698	LB	0.1656	-9.527011750396177	0.7852584972001563	77.11723241698608	0.7897569785948034	-7.238954074176485	8.42172009421509	0.0
699	LQDA	0.1654	5.3331363988211855	0.9935100232255514	72.40520089806991	0.7326668723940205	12.178845337486898	81.2416278580641	0.0
700	GEMI	0.1653	10.403392083855307	0.6116625939182543	7.768028287032471	1.1335236794460972	7.486459382324062	7.28948199556892	-7.142857142857134
701	OPRA	0.1653	-10.355488123045115	0.6920974368671674	60.85561089337192	0.8852146263910969	-6.210363732799161	0.7810162330741122	0.0
702	PGC	0.1650	-2.302924975733677	0.953217431737749	79.45148969252871	0.7328915863912244	-4.331817967602514	18.104261308087075	0.0
703	PSMT	0.1647	0.005778507428293354	1.0649031067363888	69.52132624852895	0.7936755105707612	1.8730249957794531	38.607888047242255	0.0
704	OII	0.1646	-10.486231259303027	0.5733243867889362	73.90629895311166	0.7160665965567359	-2.168040375223359	17.691363651132562	0.0
705	CTOS	0.1645	-3.6231825395853825	0.6762389647810965	58.581566235697856	0.7940092295804239	5.053722582190941	36.87646194916687	0.0
706	CIFR	0.1644	-0.17889496616930023	0.6409486677971897	27.252984642335303	0.8510860579615664	6.445827737091566	4.299798243208372	0.1953125000000074
707	BUD	0.1636	-2.5284450550960935	0.987583842643018	66.26419912685049	0.9573109243697479	-4.029314840135879	27.5364588824726	0.0
708	SNPS	0.1636	-10.1701537583313	0.8083095419335398	31.119643560482952	0.9697070971632417	8.8637099482084	37.795011196085845	2.895295145388745
709	KRNY	0.1634	-8.391609724086116	0.6568117419528943	73.31671013201858	0.8449162495296518	-6.858861520218511	11.770182773646638	0.0
710	SJM	0.1631	-8.502730124280895	0.7109619858865153	67.96808827333749	0.7673605353081374	-1.174000359318936	19.992642837514538	0.0
711	CCK	0.1630	-8.411449995929775	1.1255709698468934	54.18397988339208	1.2669946914007444	-4.982241762509709	43.110286013663995	0.0
712	FRST	0.1611	-2.448213031082239	0.7315953936586325	81.71896264465249	0.7814914190249582	-4.398733793132639	27.972145982831464	0.0
713	PRU	0.1607	-3.555708491344152	0.9631802097612292	67.54115639935982	0.8204432137273356	-3.4752055963543267	16.11103059602111	0.0
714	TVTX	0.1606	-8.812199709807286	0.8586488403465748	84.48201060863506	1.2088762564712943	-7.035996497874942	73.48684758020812	1.6740324092674435
715	TK	0.1604	9.475325302255749	0.9456177582078373	86.67601041004667	0.9936588247769378	-1.613149902402883	81.15678409902213	None
716	CODI	0.1602	-0.4444461398654514	0.815934641435654	76.35524578160481	0.6559505409582689	-1.5942420347159243	17.70771759058765	0.0
717	HUT	0.1600	6.404225877369453	0.45737491951887954	55.933289731945976	0.6927283465428111	1.11214291289881	6.3557867961393555	2.113276492082825
718	RGLD	0.1597	-10.648417995522893	1.1098269250298614	52.005537835203285	0.9116434111839996	-3.8510851750608217	4.259239055004144	1.3956734124214931
719	SENEA	0.1593	-5.041099979122561	0.9293429342934293	75.1222593545525	0.9630653096987262	-2.6715560003771164	48.356339775826015	0.0
720	EFSC	0.1587	-5.2755881482221945	0.8871108018785875	51.1111198055778	1.228227863476254	-6.842409847123799	26.4885991009824	-0.24055469081647332
721	ETSY	0.1587	-16.903790522993418	0.835814574024269	56.669846202176984	1.211361366792232	-8.061883736029825	27.329428422354653	-0.06731740154830279
722	NBHC	0.1584	-3.7864110301043494	1.083157590766296	37.47953674016723	1.2636497230490975	-5.652796512145626	16.410449746163238	0.0
723	EXPD	0.1582	-1.1220634311825577	0.8360049870870069	92.63841478571128	0.9393154742050039	-3.2196517091133487	69.24537234730936	0.30252282426663807
724	HSIC	0.1580	-4.751884108920848	0.9402163876382672	79.52364493473215	0.9632997210360562	-3.9276197688572725	49.69559553613874	0.16666666666666835
725	GSBC	0.1579	-0.6876364751322344	0.6559329849369812	83.12177654809446	0.6568629098670611	-3.4983647266685103	19.805543169759204	0.0
726	MITK	0.1578	-10.359187225191857	0.9234740862633796	69.40894020251191	0.8536729614707778	-4.42053051388751	19.36872581880195	0.0
727	CTAS	0.1576	-1.7487103463935814	0.9333496429205779	67.95380422522788	1.2206521656026608	-0.7411587864434657	78.7717722131058	0.8761116492031387
728	SWK	0.1574	-10.590482399307788	1.0899356236853845	62.716230380863934	0.814518709865341	-0.8016393345960181	21.089677762626536	0.0
729	KRYS	0.1573	-5.701338714817725	1.1457228646265891	78.30568503627997	0.6355261087705191	-1.4892201480576748	18.765180331766103	-0.5629053177691351
730	PR	0.1569	-8.110444535651949	0.7749162655326136	73.7131570692381	1.0347670282902661	-10.975185474602972	19.73817698480927	1.285547331515381
731	FBNC	0.1569	-0.8021423742415904	0.9694615674927664	82.1805941153901	0.8855507544736783	-3.005179401957859	48.462286549753784	0.0
732	ACHC	0.1568	-7.643942814126977	0.7072489494428578	67.54098298119717	0.8454763811048839	-0.9430751628573283	31.4001832962731	0.0
733	FFIN	0.1558	-3.0843679080024664	1.0717765508281911	46.78570520310173	1.2031902876507572	-4.2596470853634525	29.626326365988348	0.0
734	EAT	0.1557	-13.19355291630513	0.9897683861833141	66.03529442642846	0.9411862802729937	-6.089523574314521	17.901974931360257	-0.17710699572634517
735	MMSI	0.1557	-2.8367220120129306	0.8937481417412223	77.86346758069122	0.726750301021931	-0.6446254119486862	33.81142287679016	0.0
736	JOE	0.1555	-2.8272797744099045	0.7301534822802356	72.21199066532766	1.0241805554603356	1.324892562352233	77.76816851799988	None
737	TT	0.1554	-0.4952565455506646	1.3173154199098993	65.90203254457496	1.0470078120049606	5.493230880316757	77.93931789033743	-0.04834241303013794
738	MELI	0.1554	-11.30855707990742	1.0242841609278723	22.047463155834855	1.4976650527639659	-10.506184684747932	2.532334922355588	1.4461187214611906
739	APLE	0.1551	-0.4869137079739012	0.8346184587574476	85.53655336655872	0.9715061853141349	4.998514579887505	99.8702605244233	0.0
740	SLN	0.1545	-16.72862477254513	0.9011944916436306	52.36814439911204	0.669494507937096	-14.863610446088401	11.473333529187187	89.87341772151899
741	MBIN	0.1541	-3.2106630461182304	0.5458680818802123	79.92452542286999	0.72496042792424	-3.6137427172476904	23.78865834500111	0.0
742	CRSP	0.1527	-8.89337859910461	0.7561503844176366	29.01629846504043	1.0341849541207961	1.5120418078515039	9.73725949493604	0.0
743	PLSE	0.1521	7.742994677099162	0.621252682581473	85.80060357104924	1.0604232654790486	-4.108086595388725	71.14300905856958	0.0
744	ESS	0.1520	-2.760364628306433	0.8632865437455708	53.24396635171056	1.375882156009374	-1.6081187234842993	71.14837820096068	-1.5982105229033639
745	RIO	0.1519	-9.896922349684615	1.158001606230964	61.577508272593306	0.8586841224552307	-3.929712154347768	12.192684453355199	0.0
746	GRPN	0.1516	1.3867512444054289	0.9338548296976436	50.988903864535295	0.8291077002009493	2.675052753345625	22.639446022996495	0.0
747	CVEO	0.1512	-4.622226291232638	0.9894204822889451	74.26864851766558	0.6320448026225925	-4.273251033826186	2.091147614630188	0.0
748	BAP	0.1512	3.4163986020790875	0.6255885060146638	85.06565219203023	0.693683719518706	2.013712808149849	53.35753958727303	0.0
749	ADM	0.1511	1.6182032920211098	0.774605756210101	74.76634685986726	0.7473539009832968	-7.632295071032228	1.7622857874415985	0.0
750	WASH	0.1511	-3.3885503738719285	0.6932513852929079	86.6100697483135	0.6940783002164076	-4.058672917788659	28.613191432912146	0.0
751	KFRC	0.1508	-11.464087706426369	0.5740897544453852	72.03549012986524	0.772303894063517	-2.515661102520759	23.67013405920956	0.0
752	MBWM	0.1503	-2.1923263824872383	1.0946364598340068	79.9009870774675	0.7568548011154149	-5.284105244743317	21.11058619592906	0.0
753	MTN	0.1502	-4.508681450067167	2.0244074859545336	43.67610157905559	1.646459700323181	-2.3439421560399096	58.78556384534546	10.48875930330698
754	INDB	0.1500	-3.494294245814617	1.0843591600289646	67.06661528972836	0.9410653191519819	-5.284236691826601	24.594487181322307	0.0
755	AFG	0.1495	-3.1131696770554536	0.9012133301612283	56.03413544664405	0.8425605235219381	-4.462985218141668	0.3626185243090845	0.0
756	BVN	0.1494	-11.707989226790273	1.1413321309008544	46.68356247173868	1.0575977012231494	-4.085505984579692	14.300708096535459	0.0
757	EXEL	0.1491	5.627941919679151	0.6111203155567168	94.79968771912468	0.7157958371702318	3.2210863545124737	76.19052515666007	0.0
758	CUZ	0.1489	-4.849102462782286	1.2529808591908946	58.97650558676494	1.2366884140976475	-0.22809076918992516	20.023229948735107	-9.090909090909092
759	NEU	0.1484	-1.2008301304411386	0.9491210277214334	82.76523228877481	0.9949732269697301	3.0034825368791203	98.67220144103443	None
760	NE	0.1482	-8.836116644852268	0.9378735483420635	56.26657454605467	0.8473670538464393	-3.5159040839598372	5.819131469292486	0.0
761	PEBO	0.1480	-1.3121383894739385	0.8217570687762595	78.51351763751056	0.9537316037461462	-2.5770203037583728	55.45669965764089	0.0
762	PL	0.1479	-20.74668913660384	0.8247215723755142	15.155190246759634	1.2919662960613223	2.8968704225407635	28.65905605331072	0.8083832335329435
763	CDP	0.1478	-9.442061622916343	1.1428074859973298	56.587823661598016	0.9699131294582951	-3.9435243633033847	20.09348332107342	0.8760286700291964
764	FROG	0.1477	-14.6303964234325	0.8488744231588682	76.36312586611874	0.7828004232831461	-5.127025015726037	20.414746508229626	0.0
765	ABCB	0.1477	-4.63700118702299	1.0519227305828094	51.76086175842036	1.0794962382187585	-4.606552042202889	22.49008034677655	0.0
766	GENB	0.1473	-5.4533962294730225	0.7500132125995349	33.504711631637605	1.274947733332471	-7.4341470001463215	2.654993943221001	-4.415094339622648
767	CW	0.1473	-12.077822269944564	0.9315945767592536	3.734724380999138	1.4591666303574282	-4.041401832775332	0.5480787700765006	-0.03176620076238882
768	SU	0.1468	3.5380887366838802	1.00106916569198	90.40535620608459	0.8891615951328558	-0.548893686933019	72.94148257055637	-1.561457360202858
769	ECPG	0.1468	-5.383413720775092	0.5714767363452462	86.94448387478015	0.7052385317335449	-3.8801181435328367	32.61112994873385	0.2852943719201161
770	KWR	0.1466	-2.3918159175796925	0.6837391483610875	68.05026808246859	0.7352297592997812	3.731273684892298	43.503802065255115	1.3157894736842104
771	PAYX	0.1465	-21.489563238287012	1.1486216407072336	31.628232591362888	1.6170989296655771	-16.83124754693459	0.07241742719146771	-3.7868498841575415
772	REXR	0.1463	0.18857676950009686	1.030719804582747	41.258158714942674	1.0059012220524413	-3.8482962380406796	1.9586516729347494	0.0
773	TD	0.1461	-1.2717758136151902	1.1734208602044127	87.54209396413681	0.6287086099876722	-1.7627998130604805	31.978589525781217	-1.7124562579108118
774	IMMR	0.1455	-6.931963600736349	0.9419362595649299	71.4285714285714	0.6110615205643225	-0.06686155768706903	15.591091908908169	0.0
775	ANAB	0.1453	-11.328332300144558	0.8659577445081852	61.288003449067375	0.998993309517234	-6.738817245797019	19.211330984981714	1.4749262536873156
776	EIG	0.1451	-2.570383770836772	1.1028810038399397	71.3523032119407	1.194491477593408	-5.501153729428946	61.704425201677104	0.0
777	KN	0.1449	6.521746721117035	0.732810004723453	74.55278031514668	0.6789406446737347	6.9773167438627155	59.88338680139188	0.0
778	BSAC	0.1442	-2.8948075070269588	0.6650065744307009	67.59494572249143	0.9094061156289562	-3.125240095061258	32.631783878940055	0.0
779	LYG	0.1441	-3.3783831676485327	1.593991199998216	67.70832240581514	1.2271746659380363	-3.6724986272560978	46.11351347130835	None
780	AWR	0.1441	-8.461802678126011	1.0481810156576685	53.43510765209292	0.9674326071819357	-7.244699410284383	7.645421559886998	None
781	HUM	0.1439	-0.7640781302222187	1.4775120187532282	85.23159306272811	0.9912078776973946	-4.894159583952161	53.949182960982604	0.14014434867914483
782	PSO	0.1437	-4.321730333873024	0.7678702155059554	68.41186004159339	0.8439052358782653	-1.676897589162988	32.51884012753726	0.0
783	TBCH	0.1437	-2.2342062563976266	0.9123051172587591	37.76334411532133	0.9116220163621322	2.048256323046094	12.416076725290097	0.0
784	CLBK	0.1435	-7.15502699288286	0.7171741485136599	81.00470269054951	0.6339877034301472	-5.007611105516995	10.844231416646522	0.0
785	C	0.1434	-1.0325559186118134	0.9427200982117769	69.33701207844152	0.8817614305349326	-4.19779186752667	27.665168559303197	0.40268456375840456
786	JBL	0.1432	2.149122871322694	1.6462755880114863	54.03835401988102	1.1433434306816017	6.14388400591521	98.96301382472576	-2.6255707762557075
787	BLX	0.1427	0.38349690578303525	0.73942843866171	66.80113441187223	0.9999496622335873	0.09290026456629474	64.13811159042183	None
788	HPK	0.1425	-5.124998092651367	0.899407174486867	70.84675416912086	1.0708705105575804	-10.048853099747006	26.436824578561	0.0
789	VEEV	0.1420	-0.7691537199794566	0.7653012836843954	81.20036408438173	0.8869785140176464	4.757198875832637	86.44409645430473	0.9438596491228062
790	GOOD	0.1419	-3.929116280382022	1.3404267089564623	72.54238193317997	0.941109554379875	-2.817722383500957	11.15600528222052	0.0
791	MRVI	0.1417	-8.841096550011901	0.48015445631689585	73.96363802823154	0.5684206063774915	13.514482296835917	75.64996833688343	0.0
792	TTMI	0.1417	-0.432935862257656	0.8634502993161868	41.54983424731991	0.7580149007631135	9.067455792803703	26.279217112662295	-5.250875145857643
793	LXFR	0.1414	0.7580237376493613	0.4811233093574698	73.50428188822355	1.0828834107618688	-0.5057685406872461	81.53897616084811	None
794	AMSC	0.1412	-1.8431609726813218	0.7741811875789091	9.688735018692118	1.0345222680738884	6.746389797697896	7.70306494995107	0.0
795	DDS	0.1412	8.122588619809664	1.1281385616862987	74.87025047773574	1.05175983436853	3.9078512066232567	97.45825865100524	5.167173252279635
796	WTRG	0.1411	-3.9210855302180008	0.7265415814207944	44.531235694885275	1.0575322668865887	-6.990310999626679	0.29671075742187725	0.0
797	CUBE	0.1408	-6.454845514786555	1.1581990867629894	28.15176731515833	1.3460422878730594	-6.487712913157367	14.145164543488931	0.7882882882882916
798	BY	0.1406	-2.8227863662753627	0.9984670291503988	80.29045854201784	0.8513054178189837	-3.8743132077357245	41.78083389773579	0.0
799	MCFT	0.1406	-17.82464603616989	1.1017422664702596	23.822229682074642	1.355372707962009	-1.6181525668104046	29.955032213971606	0.0
800	MUFG	0.1404	4.144386288067605	0.800596352672921	90.76764356051243	0.8991594983255631	-2.7982829811734553	66.50425585388189	-1.3203883495145625
801	QCRH	0.1403	-0.7839568447451853	0.602246474946228	80.39074615758223	0.7838316848665028	-3.2132244257905773	35.77865091533023	-1.1160714285714286
802	SSNC	0.1402	-6.553254032235952	0.930826957855262	58.184367332632306	0.8937810154242021	-4.586188243354343	11.469601286390699	0.0
803	FBP	0.1402	-3.428361194436682	0.83259508054017	70.89552452315147	0.9095920128189325	-5.559476982474733	30.451204097795028	2.950819672131143
804	MAGN	0.1400	-3.4063266739072695	1.008806192741993	53.11688113522221	0.900493614353992	3.39582160252087	40.49706787543591	0.0
805	NOVT	0.1398	-1.7766969746772658	0.8397932816537468	56.08757115741223	0.9715215821615205	0.82783537806367	42.00176924850466	0.0
806	GRMN	0.1398	1.4420232332399145	0.8001770033035531	84.14700085649149	0.8371990612895709	4.253873845137152	82.17507093023872	0.0
807	SRCE	0.1395	-1.1099538769613009	0.9101210904616979	82.84639508040752	0.8059875907737681	-2.7276365574510586	45.46620567528114	0.0
808	PBLS	0.1385	-17.10359140777569	0.9009236247635297	44.82758450958964	1.557075745525314	-10.5497438554791	48.259327586316886	2.655520039341033
809	EDU	0.1382	-3.572660931804022	0.8567589230986846	56.08107592608478	0.8907991918237536	-2.293593895894449	30.664764714123862	12.582781456953644
810	TRIN	0.1381	-6.417116117544078	0.7734328540278433	70.72402938090242	0.8057857730381219	-2.030096750697357	31.136095417062876	0.0
811	ARQQ	0.1381	14.818268596649965	0.5541484965627559	25.990490074580897	0.7908025534347509	50.63678246694828	91.52045419156651	None
812	MDLZ	0.1375	-3.6040365032858457	0.9494970800091863	58.12297932152606	0.90642514017283	-4.163878946123759	15.468963593040485	0.0
813	INIO	0.1374	-19.432124623819078	0.8843050229253696	2.784313127106314	1.2937942287568949	3.4471164373701844	9.846489926384521	-5.577395577395585
814	MKTX	0.1371	0.9109908078150619	1.2699990262803575	63.27677418184619	0.922447768391183	-0.10662685183291942	51.145048584225464	0.0
815	BPOP	0.1370	-6.421204062730118	0.6240493075996129	71.07802284186613	0.8501740733155847	-4.744042759532711	25.13290361772667	-0.06185567010309513
816	HTFL	0.1367	3.7837832693558617	0.5181330387802545	92.82975964895242	0.8205143696498495	0.1454053188800417	78.34579699769282	3.1917446604271613
817	EQBK	0.1363	-3.4184612479145926	0.8899175277895491	68.9831659056099	0.920012811926739	-5.001500282961821	29.586646969189474	0.0
818	BMRC	0.1360	2.7684241817845274	0.8594986258016156	59.026120111098464	0.8167091315152087	-1.2726417342084702	19.243358858351655	0.0
819	AHR	0.1352	-8.109061709415299	0.6921195212679929	63.63637179614388	0.9554165122413831	-3.4306347302514695	33.17025522439029	-0.14464802314367778
820	CAMT	0.1341	-1.5192300154221146	0.8129239859620071	40.860735501572826	0.7676167239658424	5.930957444580331	18.32678527924577	-1.0457663330709621
821	AUB	0.1337	-5.584135419411137	0.9573570920439682	60.23528813380822	1.0696914363340913	-4.101864968459914	39.49276980260128	0.0
822	RRR	0.1335	-13.613014649351598	0.6906454779402011	12.58840529438686	1.762805068836045	-8.475525931514099	33.39210492538449	-0.48209366391183794
823	KMX	0.1330	-9.722222560548575	2.9093673956668344	75.07138559983024	1.7135462087082514	-8.953627735677376	33.74341900173684	1.8227848101265796
824	BNS	0.1329	-0.19369450617095937	0.5557101938565695	90.87301587301589	0.6057550246127265	-1.349463988198064	39.24448395657666	-1.7166515197414953
825	CARE	0.1327	-7.45709655707198	0.7762127953177416	66.80497846168106	0.8572426438487732	-5.3743742778293555	18.066694826357434	0.0
826	MLTX	0.1325	-25.563421645951014	1.1045877268030355	31.84195479149738	1.469981921860242	-9.454452502335538	7.018792856270807	-16.514479519958254
827	FMNB	0.1324	-3.2339899434229857	0.802143321257866	72.35023568852156	0.844581448821285	-4.161465747768181	30.15210170977545	0.0
828	EOG	0.1312	-2.678197312932526	0.884526107617021	74.26289686667776	0.9153825387633184	-5.946803418792124	35.70434551852229	1.9892275676337372
829	SBET	0.1309	6.981980603252695	0.7100125971232788	33.42175066312998	0.9944132958225963	3.203494894090632	20.6707706661724	-3.9673913043478093
830	MGRC	0.1307	0.975824712396978	1.089930638603205	64.42931456015424	1.128049528696525	3.201913080302633	86.98138778098195	1.0600706713780919
831	ARGX	0.1305	-8.183022232151698	0.9672232981327876	75.54149428084692	1.1289429599971488	-2.468111452519337	76.14661256801797	-1.02722987582117
832	PM	0.1304	1.7219649584560872	0.9062927900278577	78.67478218863053	1.1204262114647072	-1.1861570287516532	86.13676722226204	-0.30639776832669663
833	COP	0.1304	-2.686846233893714	0.9020565532741625	72.20339146392033	0.9198034033246062	-8.399503217639625	20.647069219975123	0.033167495854070556
834	MSFT	0.1303	0.8236652441726506	0.8944097171113522	78.24173734632461	0.8055711187856583	0.1321968792689181	55.11635810908043	1.4746300211416496
835	CTVA	0.1301	-5.655344145407368	0.6813205404982158	56.530303478789335	0.9150328058521394	-6.437011927882894	5.609118908467323	-0.31085861292743727
836	ZGN	0.1301	-7.331378114587323	0.5900083919916422	54.719566940119755	0.8525764292366566	8.06279263747713	60.37241269166952	0.0
837	EGY	0.1301	-0.17330592855690152	0.716139572764471	71.38599788023356	0.9190448685456525	-8.755613408451413	16.220202891619905	-1.6967126193001076
838	HURN	0.1300	-1.3827233238745964	0.722080893531829	71.38370472736752	0.7169412047613323	0.13907919620742437	32.66497321991771	-0.46728971962616817
839	CSTL	0.1298	4.874495229011565	0.6409129174071648	68.55938062043747	0.9605055829025997	6.824531527464851	92.55659436490296	4.6082949308755765
840	MANH	0.1296	-9.778329532160852	0.9306592462941152	76.70649706660416	0.6272749916971105	-5.188152952924458	6.458657827597364	0.0
841	EBC	0.1295	-5.6907006775450375	1.059133650116282	63.058647496740264	0.8810340485158998	-3.872566315981063	22.95475966171172	0.0
842	HUBB	0.1292	-0.12400629153668016	1.026105076746204	34.184828378722784	0.8810655191138859	4.066744169892914	12.541703440082017	-3.826086956521739
843	EWTX	0.1290	-9.956998976963597	2.039655215626944	74.54758002197124	1.7442234545742887	-11.446384128000687	26.221363960607903	3.637074696910441
844	CIB	0.1288	-6.367230005249995	0.8385142338424513	75.8564112137775	0.9102481867074554	-9.940183168452123	13.18368084034303	-5.454545454545454
845	UTL	0.1287	-5.835052693759792	0.8651563118322121	36.37199331603219	1.1286184393998548	-4.953780851187849	9.12439469178915	0.0
846	IHS	0.1282	0.6002423912702507	0.7776490118081875	82.40741093953451	0.3966497879084654	-1.3325402280527334	10.937442008931228	None
847	CPK	0.1281	-4.501125178271988	1.008277477961935	38.359922787051524	1.033860907937942	-2.1303477472396546	13.328699721313512	0.0
848	PARR	0.1281	1.2071654908149676	0.7245867168072685	82.11337593231174	0.9947027350370542	-5.187124463689148	59.05015025460059	0.0
849	SPFI	0.1278	-2.9802825971879856	0.707755824240637	60.17241116227775	0.8066732090284593	-5.048021698020248	8.885840779258558	4.166666666666666
850	EMR	0.1278	1.065241648761867	0.9853324106311252	84.07686888503419	0.8548985432772092	6.856436293162293	99.59986436906222	0.8095952023987971
851	SKE	0.1273	-14.948742176313099	0.9291608405380388	61.868041299200506	0.7710238679455722	-2.9753541529218857	10.892707407245325	-1.7102137767220873
852	PDFS	0.1272	7.800646489908288	0.8410572010623207	54.42459493144993	0.8159680638722555	15.589515841130318	89.47095386917367	-0.34030140982012774
853	MYRG	0.1266	-7.5826694016980705	0.7948815526591191	30.561845603733296	0.8714765200344552	4.596382537072154	12.704283174078142	0.0
854	SHEN	0.1264	-6.661179902191913	0.862576592546919	21.875004967053727	1.2432598616517492	-4.353618750517258	4.976952964477917	0.0
855	ULCC	0.1249	2.87648190665158	1.0927414652194372	56.82451111803258	0.7955769752695513	7.371245607488886	54.79191540701982	0.0
856	STGW	0.1248	-7.43243061831495	0.6788202926126867	74.71483397393172	0.770040980752715	-7.212554127550359	12.922669980894128	0.0
857	JPM	0.1247	-4.977134216604502	1.4509119896958866	65.77802784655677	1.2397073083185737	-4.488783497160836	25.58464987642114	0.6960373329114888
858	LLY	0.1247	0.7380370624200603	0.8172696868349042	80.98671507330259	0.8708339647018478	3.4634647174165116	81.63141018370169	-0.25777301493055665
859	UNFI	0.1244	-3.1950875479510934	1.27188334318381	56.836461126005354	1.261451193020669	0.5280343935600345	52.54821404645767	0.0
860	SON	0.1243	-11.885025520331846	0.8147675309993467	51.407816624446525	0.8832817488977441	2.793092232294263	37.18670128060859	0.0
861	RELY	0.1243	-15.75909611128434	0.762942986866563	63.70543145430507	1.3055119711204632	-2.239626317714982	83.67979291252625	0.0
862	ACLS	0.1242	1.3153599593797078	0.9591824538337417	41.94541698804333	0.902824074273714	17.13545680336157	89.64811792002885	0.0
863	NTNX	0.1234	-1.6323016171608078	0.6771895484906219	79.03849840109862	0.7626943730635114	0.8704421059995631	55.235155982250845	0.4964724327149143
864	BSM	0.1233	-3.1480258367166525	0.9482610439465995	67.50788763870575	0.8685340206456242	-3.5746634400838713	30.842140536913547	0.0
865	NTRS	0.1231	-6.2919423159297505	0.8522837673383261	71.56442948266516	0.9004778183326021	-4.561992421222845	35.927609997221055	-0.37406483790523565
866	KDP	0.1226	-1.317440675502972	1.0207289878049448	73.60177946837423	0.8237081380985067	-1.0016360386294074	46.013155709731656	0.0
867	CNOB	0.1226	-4.165361450029378	0.7947770477603413	67.64168538820591	0.8478692206900855	-4.576448948994399	24.279802048907953	0.0
868	PRAX	0.1224	-22.346067919841104	1.075810080638539	68.73448228525494	1.4996325407007884	-14.205066271737993	61.35695845689266	-0.24577405172177755
869	WDS	0.1218	-5.152429007159968	1.0206902855053754	71.61172300904661	0.9636889858613147	-7.5719393676103035	30.32368692820583	-0.5988023952095833
870	GOOG	0.1215	0.4293660962720226	0.8330305488976344	61.07518768787994	0.9655769735068275	-2.516294148888756	38.3126908558863	0.0
871	IPAR	0.1209	0.5713360770181772	0.8832888835010304	78.20660991053428	0.7830316875750832	4.634935148735769	73.40843853604086	0.0
872	DLX	0.1204	1.2722613996234322	1.062462018319068	42.76728973282041	0.9483705137562276	-0.2433432226981836	25.901129684383363	None
873	SLB	0.1201	-6.39883066800337	1.0795877617845164	68.87578653180707	0.8663392939270367	-4.053750372862426	31.25042613297863	0.0
874	SLF	0.1199	1.1067329090790863	0.40776526575608096	81.95877524644182	0.5843389752091607	-1.5564584216670307	26.174050840186084	-1.5113350125944645
875	GFS	0.1192	3.1074635778320485	0.8042652837795031	26.036674011724553	1.0151857162073932	9.1165206384475	45.416436701476215	0.0
876	GABC	0.1190	-0.4237346516360209	0.8966947504860662	80.8510536843158	0.8743062585081504	-1.743668436780732	60.317101816275205	0.0
877	LIVN	0.1188	-3.5236782929374857	0.9184149684313295	76.85435594064064	1.088580410623957	-4.863241340338067	66.46647038893975	0.0
878	MD	0.1187	-3.24626476362612	0.8463224713207902	83.5784338658152	0.7834484547783507	-4.263413225190785	42.22414996027264	0.0
879	ATI	0.1178	-15.779417037733637	0.8571053145456967	61.71171059711792	0.7943531538087822	-4.5971953264014935	10.035325878278087	-0.2352941176470566
880	UVE	0.1178	-2.4671425436387917	0.6583502447176793	85.43688930536815	0.7678102322677972	-5.990776885209563	35.58441470234945	0.0
881	REPX	0.1174	4.806688117197709	0.4389267359866141	75.55345705079965	0.8209234053909794	-7.794256414963629	19.558863270644025	0.0
882	BG	0.1171	-2.2497106239096896	0.9989783938464106	53.7123342155555	1.1687397206109373	-10.66041983294802	17.33809122549701	0.5472407199841844
883	WLTH	0.1171	6.269927334272481	0.5378120811064008	37.086092715231786	1.3316459921488737	-6.724929068185155	29.681712834468883	0.0
884	GOOGL	0.1165	0.616470318843971	0.7779822390731262	61.87995601088151	0.9652460539587294	-2.5221052382204583	41.187971437460426	0.5335080494196865
885	EVTC	0.1162	-6.650828402240484	0.7709947081831429	43.98148324754503	1.1583377293241897	-6.82689561878175	18.648628793232618	0.0
886	CLW	0.1160	-5.689904003116873	0.8210043759116482	68.80269299872207	0.7349676137340696	-5.499697051766059	9.914631895626258	0.0
887	COCO	0.1158	-6.441669887877118	0.5935821763636506	41.01758762020961	0.8464832076450375	4.157567339781387	25.754177372331554	0.0
888	TEAM	0.1151	-3.8142452415133774	0.9982228350237925	85.09618257249309	0.598096080349222	-8.003505604982696	6.962157698501258	0.6854879658779295
889	PFS	0.1149	-4.3718115562176045	0.9784920241426927	62.051290854429595	0.9204032702416941	-4.0920807536139066	28.932885817846724	0.0
890	STDN	0.1148	-19.426978372653124	0.7943332907767787	43.53741237095425	None	-6.805537268935822	6.975076819449399	0.0
891	BKR	0.1143	-8.034135613315609	0.9337486163262648	49.83012054316635	0.930734139207351	-0.022843369653593903	29.78662658728838	-0.8300977373142383
892	JXN	0.1140	-1.251122432123936	1.211706118059734	82.2564855721135	1.0115532126827445	-5.643984482854025	51.83230363498503	0.0
893	AGM	0.1138	-3.1126449401631904	0.7949461213687063	70.83781481728178	0.9629684557089679	-4.839931076794789	43.86030820165603	0.0
894	CHPT	0.1137	49.914234742601174	0.3427678887576236	52.63157614587717	0.7533641088599264	-1.7528720616712428	9.893799275096512	4.400000000000001
895	LOAR	0.1135	-13.025033684577078	0.920986985588642	34.412152228613664	1.1119781799750585	-2.1245918272951303	20.679773121309893	0.0
896	XHR	0.1135	-4.559581324111122	0.8812763732321575	64.69447212700238	1.1670766675545665	3.7409628736736287	97.80522626442266	0.0
897	DFIN	0.1130	-0.5838173157670604	0.8594088390363389	57.41935635322969	0.7641628199748216	-2.190593905843233	12.26107408729365	0.0
898	ACRS	0.1128	-11.850649953833493	1.0104143124349192	75.92592239379883	1.0568543414709863	-4.345051066299215	65.10428656439899	0.0
899	CPRI	0.1126	12.215475109245634	0.5953685738406623	15.059861133289395	1.0967974231750288	3.8275073520434426	17.26616425147573	0.0
900	E	0.1126	4.509578459475903	1.0337725361848602	90.0709175297654	0.874718856562432	-0.2245388263519973	82.25181632064162	0.0
901	VTOL	0.1125	-8.068034700602	0.5586129423912674	46.44951040659354	0.9467604320774984	-0.07311387246212919	27.789859295380836	0.0
902	PCRX	0.1123	-1.7034476785026893	0.9331756818211348	74.37922561679952	0.8579164852403047	2.2551735470989014	68.3968177878612	0.0
903	ESI	0.1119	-3.8335200118577335	0.6990313238304847	46.456987237153335	0.7789449041451507	8.684291595518015	48.13224059265441	1.4611467788355026
904	MSI	0.1115	-7.082669742970291	0.6387222784003547	68.43308478283681	0.7978411575861908	-5.272273107291921	19.12265215912683	0.03802281368822157
905	DKL	0.1114	-2.384414982414828	0.9628334961188506	58.90339983349991	0.862972174724079	-5.684489957559645	12.877155981787197	1.8018018018018018
906	CACI	0.1114	-2.7484116482371284	1.022297682685803	73.0305564365203	0.782391243944574	-3.879846436558284	30.600590588969723	0.42787452647643776
907	WSBC	0.1112	-5.438815133361154	0.8092461430940783	64.5353159851301	0.9466423581602176	-5.896537110794242	28.620081403668436	0.0
908	HRTG	0.1111	-2.606158607844447	0.6334045023785444	79.77527042155558	0.832867613376088	-5.836812256494733	37.502005972789135	0.0
909	MARA	0.1109	2.021902050817585	0.5657657329311283	32.45979545370605	0.7782218594682336	4.6826987941997	6.460948947367839	-2.2346368715083766
910	GDOT	0.1107	-7.928193530407482	1.4044250040064479	53.64078688390046	1.5838471365883464	-8.204223361394746	15.379661481522007	None
911	BHVN	0.1099	-17.67990219040994	0.5864200479607142	52.22803948911846	0.8715438764603988	4.362531938726578	48.521852540084126	0.986378581493663
912	TITN	0.1099	27.415848078957193	0.4349213100808167	74.94521047008395	0.635412269849356	-3.8381437233606963	15.832351945122326	0.0
913	AZO	0.1098	-0.649655677245791	1.2032241626905082	9.465494916244092	2.0742060619559366	-2.3832254622343845	87.1989875504971	-6.751225490196074
914	FSM	0.1089	-12.490244567201987	0.8485969659384166	57.14285776212618	0.8870071622651722	-4.232996623953368	17.572307594140682	-1.086956521739133
915	TARS	0.1083	6.799220681515415	1.7516920360611006	60.89266088893132	0.8280600109445746	-4.549100092131571	73.81522044220328	-1.7009287279557503
916	AFRM	0.1075	-13.266226690791136	0.6988882747460012	51.949527530194764	1.0970381452169262	-9.029929502298817	16.233062745754367	0.9900990099009901
917	HOG	0.1068	-11.38649446450982	0.9967451205292882	62.48969560011497	0.9291964945906168	-11.205191027061847	0.9560748325848181	0.0
918	SCSC	0.1059	-0.5507740158835857	0.38927617434360545	72.74378794456958	0.6922732841945585	-2.0041368660342203	28.6411199463152	0.0
919	RLGT	0.1051	0.4592418103081573	0.5752773375594294	66.89497716894978	0.9023743027564812	5.955698159910087	81.10291185008073	0.0
920	FCFS	0.1050	-3.17758296212944	0.7403510450045435	76.32740651399266	0.7832854869472163	-2.8038889268559326	41.532328798161224	0.0
921	MCHP	0.1049	3.285207878014579	1.1149404007462367	51.31556232915686	0.8995879732991514	8.457813325349637	68.8745489977293	-0.30063885757233483
922	OSCR	0.1047	-1.3311135729978838	0.7576162429433718	79.69735022501166	1.0807916986349237	-12.925702792376283	45.40251059937543	8.571428571428566
923	CBAN	0.1047	-3.3349035288367093	1.0324836661452101	71.77177062621702	0.7601302209600332	-4.453420389655546	30.22065441478388	None
924	DRH	0.1044	-0.3940050332061291	0.8098189528625019	81.77496582127979	0.9985218887271777	1.9757618790571763	96.07724843801405	-0.8888888888888832
925	FNV	0.1037	-9.39884273689283	1.0242270600841543	61.73562211634227	0.7754475612960783	-6.682721085748792	2.771437878041695	0.5261153992592786
926	XNCR	0.1036	-11.357336823446811	1.0340731942691708	75.24092108460452	0.9478437747881472	3.7403582946315903	87.98465911428929	-1.4062977682665878
927	HIFS	0.1034	-0.7680210758272277	0.876420125202875	52.92277286555549	1.024659212743146	-5.225720914504832	31.335266742442386	None
928	CCBG	0.1032	-3.790540475070678	1.6273972602739726	71.55904552163598	1.0780056119145263	-3.2901545858064045	35.07689414681954	0.0
929	PWR	0.1026	3.6231715488999234	0.8600011522259989	62.421919985311916	0.7963882706269986	2.969872734088747	48.672526177370294	-0.43606436555706524
930	FRME	0.1026	-3.1197487261455534	1.2658266259037012	53.51451669995097	1.2420248558346552	-3.3679708736090506	34.14404874471846	0.0
931	AOSL	0.1026	4.30804837146746	0.676547725860998	27.725691428747822	0.7858268410671192	12.342851831386014	38.80872798753984	0.0
932	KALU	0.1022	-3.304620526814195	0.8061481024282294	61.15131638866277	0.751265805273497	1.0622462161978272	30.68983564774065	-2.857142857142857
933	PNC	0.1019	-8.147508022441217	0.8482530922778783	57.00535839296458	1.1091037545417843	-8.470197033597213	28.117135390647732	0.06461803561171986
934	NEM	0.1016	-12.276053411877633	0.8834147605046198	67.52194978352097	0.7022523083071206	-6.325714186939901	5.170229209733904	1.2126933410790701
935	CFG	0.1015	-7.66599776292847	1.028607573100256	61.53425772331622	1.0928155459308095	-8.758870017652924	31.301831583412877	-0.24937655860349484
936	IRON	0.1013	-21.35675860818407	0.9486735681050878	41.882349863773634	1.045819430161067	-6.425476728815756	7.542948026956822	0.0
937	AXTA	0.1013	-10.929404392547646	0.70170230680383	56.629856689649536	1.1330722365590982	-3.5619428020644395	52.43366738286198	0.0
938	KURA	0.1010	-19.499245743486796	0.7524865009811927	49.70956369118383	1.0064750251007488	-8.839645427573695	3.5858940384766527	0.0
939	SKT	0.1010	-7.673922998826114	0.9454276052433472	31.92982857687432	1.1665290372950574	-5.020872114962238	14.565123166122518	0.7249999999999979
940	WSM	0.1004	-3.091440984007585	0.7193939141655913	73.30498856488799	0.8654922042553462	0.07573710071602324	61.01463968311316	0.0
941	PINE	0.0999	-14.002037095018597	1.0984468631527455	42.632164113030804	1.1933179915819094	-8.376971648393646	21.34766276417419	3.4482758620689653
942	FBK	0.0999	-9.300712321723474	0.8393755695550537	22.58666013987082	1.2569703721546428	-5.860948797818958	7.634836290353718	0.0
943	MCD	0.0994	-10.174571907821564	1.0073080685407583	1.4039621693095294	1.6625013251306757	-9.899670450105718	3.06798384219438	-4.839070540480067
944	R	0.0991	-5.7076076710581685	1.1088678366205933	60.246478650482906	0.7309981439588399	-3.6075922419819353	7.208416811774796	-2.5295109612141653
945	HPQ	0.0985	5.703680667987885	0.8247712372992136	73.70112316456465	0.8887801417337922	-8.558156118808844	26.41292239441681	0.0
946	BAC	0.0980	-9.318288570974573	0.8336330842733255	48.92726960074895	1.0958363442050638	-7.347726285070506	20.308880269771578	-0.3228173147468802
947	NEXA	0.0979	-12.014389367807219	0.584219937781189	61.10183257292427	0.6754721952963983	-2.8598609267489072	7.788351621660269	0.0
948	RY	0.0974	-1.7551561825215019	0.6846131752787279	76.64368630466886	0.7904913895975233	-2.6737062135213807	43.74241310749987	-1.717293367233148
949	NX	0.0971	-1.5243960353510781	0.711673929914632	67.86004199159156	0.9773872260375462	-8.247958803289048	30.280632128589957	0.0
950	VNO	0.0961	-11.931824899095743	1.1323106423777565	55.15045413264521	0.9235451279339084	-3.220903090287417	24.332867851319307	-3.7037037037037033
951	BOX	0.0957	-9.786992981023253	0.7861864459133874	66.66666768391926	0.8307129967011115	-10.719180171925862	0.1713269102775854	0.0
952	BRSL	0.0955	-12.80918593953772	1.0851185161165624	2.6845624782894997	1.6463993504199885	-8.292363792139277	33.21710059762978	18.51851851851852
953	DIOD	0.0954	6.064277018728879	0.8212338796464549	64.61593925048625	0.9166481414313962	6.088580231694495	82.52244431725171	0.0
954	DSGR	0.0952	0.4880797014306812	0.9960115913127473	99.62593516209475	0.8387491324872365	-0.018026963556343478	97.22598941817517	0.0
955	NRIM	0.0950	-4.961235725380232	0.724953851317335	43.850271459569264	1.1790505442883599	-6.675285512423164	26.958172658130792	0.0
956	BDX	0.0948	-2.2856551002782965	1.0509953264230538	85.8895823423278	0.806114060595039	-0.11866745015376823	72.83326477054129	0.0
957	PK	0.0942	0.0636551805063871	1.38444080191653	92.45283438724543	0.8083082830441889	1.9893237979969083	96.17565324084933	3.5596572181938098
958	RIGL	0.0941	5.335040476819242	0.6517509727626459	89.44668600348685	0.6016214280287819	8.220696337549839	90.73592979172975	0.0
959	ZYME	0.0939	-6.514992674032412	1.7517625436656663	72.48484605355283	1.3647679941830597	0.3839422363125653	66.0688732166208	0.2757583354224102
960	ASB	0.0936	-5.974026617422392	0.7840615242202985	59.30231493572856	0.9447812559793877	-3.8948639225711745	33.75668944374924	-0.35036496350364216
961	SDRL	0.0936	-5.787513797526313	1.0751928814816123	63.86555290849356	0.7582461456563133	-3.3739335016196037	7.852334478752908	-13.492063492063492
962	NTCT	0.0934	-0.12670866249518328	0.870151121378381	70.76693151101648	0.8141651552419522	4.837280830260598	74.09552686119142	0.0
963	GTES	0.0932	1.099321170406422	0.8574239585650042	61.205074802261585	0.8538554823750281	4.295741822325521	62.53016003929635	0.0
964	IRS	0.0931	-4.5576427727786575	0.7789704907161803	40.74969493492339	0.9829093799682035	-7.305790492506601	1.3747937475950351	None
965	IRMD	0.0924	-0.39080038838002873	1.3029944952013142	46.976892660915105	1.211498646281255	4.382600826058589	81.97318476968724	0.0
966	SMTI	0.0923	1.5037496111391802	0.38510859441437306	98.75582412711815	0.46918255179132734	-0.2785959222435184	50.9619272723255	0.0
967	BOKF	0.0922	-5.568007319452458	0.8281622911694511	63.16862270600776	0.8961300217101201	-4.853095332651398	28.580304244017213	-1.456375838926166
968	NFG	0.0914	-6.1662850741999335	1.129491532173757	11.831896465191717	1.3100026038760555	-4.288641883574982	7.416004683681791	0.0
969	KOF	0.0910	-3.751885154424519	0.6160885294743562	77.43421926516518	0.6364760085402854	-3.514249770578228	25.828498041909924	0.0
970	VGNT	0.0908	-6.507413010803936	0.9590392928127649	77.63748075714422	0.6555957121449623	-2.0973410945514273	32.127767879831595	-2.8070175438596516
971	OKE	0.0901	-6.440032089851584	0.9079426086255602	68.65755720508523	0.849440088577419	-9.232554955420609	13.38148338460509	0.0
972	ITIC	0.0899	-4.779604861610815	0.7241903533422398	79.87976074218749	0.9498637602179837	-4.94173825083184	65.90089503401373	None
973	WTM	0.0896	-5.292427230990277	0.7288817377312952	53.57225849680657	0.6436973387836824	-2.66491436425883	0.6746853203307239	None
974	WMB	0.0892	-7.02250830708276	0.7374554037380776	53.537058840241095	0.7739545719946231	-4.749503888418937	2.3494626333738893	0.0
975	GE	0.0890	-7.1455723067479076	0.9833369203386343	41.13231904809055	1.0112494881121576	-0.40751558891782763	30.66417009963712	-1.635789828711837
976	BJRI	0.0874	-5.777080472684702	0.6377127276146299	68.40052114816575	0.6696100443662099	-4.033295471492638	15.176943449833843	0.0
977	FRSH	0.0866	-8.47333734819319	0.6517006314528394	79.72221851348877	0.5650707291723248	-1.4919040161220747	27.283695931652815	-3.5989717223650417
978	CSWC	0.0864	-9.48818851813652	0.7499085071697109	56.73980832473611	0.8922484968259045	-5.424958119910061	18.994932735431647	0.0
979	AMCX	0.0864	-2.5910982883747335	1.2656788421778085	86.06810732153546	0.7844613254385361	-2.577642100576659	38.89154182803414	0.0
980	GWW	0.0854	-4.949739366549787	1.4847061053714812	68.01261057018056	1.2177243929198824	-2.3296614978247625	45.17925312698172	-0.16193967747013147
981	CRGY	0.0853	-4.908425604528228	0.9159855486554254	68.03593764103117	0.9588455291697723	-11.656605563357205	19.161602152195	3.2702237521514648
982	XXI	0.0851	6.645563102039905	0.7049960568368914	12.05941132894801	1.0663163675867757	15.785950076570103	74.03430632698853	None
983	NDAQ	0.0846	-6.7740270064444	1.3609470672140274	63.66879059660074	1.0121660867585198	0.5250210445590784	11.09311783931102	0.0
984	STLD	0.0845	-2.310887480015864	0.8793336925025845	61.39340967953449	0.6492433768693934	-2.3868783882605538	11.733830432402357	1.2701949860724293
985	AEIS	0.0843	-3.221986177851077	0.8372040684916948	48.9565090426745	0.7309957663599168	8.61365557361721	51.933959806919425	0.7001791155877064
986	ITUB	0.0841	6.108891746252981	1.0198380776424145	47.32210730904559	0.8691735660906048	-3.537803816426743	11.41576855640777	0.0
987	FLEX	0.0837	-1.9601058772010274	0.7524329883381616	52.702347232206115	0.7958768265852584	3.735814472362042	42.984104397907764	0.0
988	MHO	0.0834	-8.982520014777656	0.9353638345655131	43.98462861878066	0.9662009063444109	-2.9045609884628876	25.75935444311922	None
989	LKFN	0.0833	-0.7264745990072506	0.9035453398095383	39.74704897500633	1.1576327327729805	-3.91328537374171	33.64567146174876	0.0
990	CBSH	0.0821	-3.7381536562707347	0.67299567572941	63.81910314512012	0.9480050893484494	-5.344579355419027	37.03790867323671	-0.521712444376252
991	TOWN	0.0812	-3.4252042169708403	1.0453560102663724	58.70786731162767	0.8023418925007864	-3.995135666307532	18.721829287108932	0.0
992	FANG	0.0812	-7.625178645092308	0.7670725251455797	60.348060257342006	1.068780273757844	-10.581788653695556	24.417597935622553	0.5498754188504172
993	TSLA	0.0807	0.7440643348843418	1.0371466621754697	29.818819660973574	0.9108002037303458	-1.0450766976414738	4.186451904124311	1.4865525672371598
994	LMT	0.0803	-8.44511085642496	0.9468673840171038	31.736987472399413	0.9909832799610407	-2.752446075342009	7.746321170528887	0.0
995	YETI	0.0803	3.561189467095729	0.9137382008415785	52.261539771852604	1.0841027951893796	5.5013024910873	85.82981268477175	0.0
996	VNOM	0.0803	-9.267964090776648	0.919599280760339	33.8739786606168	1.3236935337017373	-9.828636786943722	18.969774831910044	-0.5264113269195975
997	ANF	0.0801	-7.938255454009433	0.6100541656502867	76.56231778520804	0.7820897804916681	-5.201366331655766	37.316921048871606	0.0
998	AXIAY	0.0800	1.8609165492009545	0.3663816460513384	52.140062977831626	None	-1.8562150658221745	53.30078496329232	None
999	USB	0.0800	-5.801286310995877	0.791296331153798	65.33712620748754	0.9863952341742461	-6.8437288589969185	38.57345756520742	0.3568369968598344
1000	ARCC	0.0799	-3.7726359741510116	0.963842510752333	46.25666205258294	1.0111026497714295	-4.005484946020426	25.76477489379856	-0.19753086419752666
1001	ATEX	0.0795	-13.647405111267311	0.6234383771229816	67.25005239991616	0.5931999605794817	4.739874585637963	45.37577558296021	0.0
1002	EXLS	0.0795	-9.376641703613013	1.1832016554426676	50.518126808917586	0.9532877978404455	-5.697098035760712	17.78626551631163	0.0
1003	NTST	0.0794	-11.647179550099969	0.7346917220437442	20.366957078286276	1.406135434794551	-7.742554163275999	16.411953696697893	-2.883799830364715
1004	USPH	0.0792	8.836912766890164	1.1689238761872658	79.01443312911533	0.8158960445063483	6.295889878815261	96.46758903950723	0.0
1005	JNJ	0.0789	2.325327707727549	1.1204274472707616	90.88001220703126	0.8556809362180026	1.4923539264847832	97.15305234041271	-0.15455407636376328
1006	APPN	0.0787	-15.410630031322903	1.0978516604312107	59.75427634169556	0.8888531521743395	-9.209484202544399	8.076543701323018	0.0
1007	GNW	0.0785	-5.53877315037129	0.7211441704616044	54.03509173476906	1.0078099032877335	-12.131082113677612	1.0684415432561707	0.0
1008	OVV	0.0784	-8.668305460916443	0.8102737161579036	75.09362914886664	0.8543748484052736	-9.541477406038036	24.53294206500246	-0.45822102425876465
1009	MCY	0.0771	-3.692518450959361	1.194318692331617	63.34794550972682	0.9789698403790636	-5.059004765489023	47.36113446960522	None
1010	SIRI	0.0769	-8.9824542664645	1.0528450399567386	47.866567370501315	1.287297705674182	-12.300230340531254	26.012875023554088	0.6428988895382785
1011	GL	0.0769	-5.171234725802735	1.2261469138415944	60.973316234546694	1.0104387463688316	-4.224465728121705	1.796614916616818	0.0
1012	FWONA	0.0767	-7.93920063986694	0.9900603770485069	50.038740304345595	1.1485603503985065	-1.6725920817971294	58.04428661861992	-1.282051282051282
1013	ARMK	0.0765	-7.8464719136764085	0.825385389255229	69.57939928039595	0.8172739678855204	-7.917051047016868	21.29999290187942	1.2175443743582195
1014	CSX	0.0765	-9.274354887630745	0.9488687617389621	65.7486145294602	0.8803409372773919	-5.017478253763793	34.29961750558705	-0.8237232289950628
1015	DV	0.0763	0.44977110386871494	0.7680084024012251	95.8402598757117	0.4998792305141505	-1.5092261882647486	48.928492913250814	0.0
1016	CLPT	0.0761	-3.9523160436084046	0.8505444651500629	32.24920027309528	1.1079728871370522	13.122784683295027	78.66166692221995	-16.666666666666664
1017	DTM	0.0758	-7.373930737515905	1.069769951737419	35.4562564641953	0.9945038700614252	-4.74081741781205	5.890041805684817	0.0
1018	MA	0.0758	-3.966331177699129	1.173325357979123	75.88326367173212	1.012960156835072	-1.6940274621259788	81.78956039297098	0.9484010550961705
1019	EC	0.0757	0.8454184873918608	1.6843066640374458	82.87462551416365	0.8986986383589491	-6.484098253894773	63.45494517015555	0.0
1020	SHAZ	0.0753	-10.640093454608195	0.9211722391440741	44.927715120983706	0.6796566256313187	1.3047650553185368	8.44687911272652	-0.4524886877828055
1021	CURB	0.0744	-5.088719166579984	0.6038626442326412	62.26415473157625	0.8348905395300784	-3.131960847543347	33.41466925145866	0.0
1022	RDY	0.0741	2.8782926468885908	1.4623338793067993	26.682139881249107	1.129217203889018	4.4161405963221085	79.92996301979706	None
1023	NIQ	0.0741	-7.813318274580594	0.6909512307498987	82.05782248049366	0.654600176112642	-6.257713058604606	20.375794363701587	-6.792645556690492
1024	SIBN	0.0740	-2.2916693571539977	0.800249644603169	69.93275916313002	0.9773165451680386	-0.3007933005122686	82.5944153719062	8.511627906976736
1025	VPG	0.0736	7.037142776823048	0.6843277458680108	34.06682742739851	0.7027511902766962	16.554738953778042	64.14785293902005	0.0
1026	BALL	0.0736	-9.846927519245801	1.0830948023852498	52.42967207210244	1.1009153850715148	-6.5185297070633474	36.20875680878234	0.0
1027	B	0.0733	-13.165679590901929	1.0121920165599498	44.124897915315906	0.9215934002568199	-3.779789206853816	15.179410193164856	0.5001000200040008
1028	PLD	0.0732	-6.633770361097049	0.9601793301602348	50.590743008993975	0.7089669507792375	-2.6558201350418296	3.5758653453185474	0.0
1029	TNK	0.0729	8.514741945668675	0.592100270659955	86.69167396297367	0.9545122163542452	-4.911646961999349	76.050446909302	0.0
1030	CHE	0.0727	-1.1474871728453806	1.412287775428808	77.73605912350423	1.076549965798147	-0.6196997192922695	91.25536024141346	4.745166959578207
1031	PFE	0.0725	2.4982114352423834	0.7417213516240696	91.23433476483885	0.7996196734329318	2.9858576503922167	99.72998909992361	0.4166666666666701
1032	MGA	0.0722	-1.628366625677006	0.9268384170772876	71.50448153320637	0.9069947642852145	-1.006913425654445	65.00940256127585	-0.7042253521126761
1033	TDW	0.0722	-10.500864333966737	0.7054027202028161	66.66666055537304	0.7184409402901566	-6.616232948960283	10.85726215322451	0.0
1034	ABBV	0.0718	3.1493337497705123	1.0435782162419887	96.04526803064203	0.6708455171705227	1.1012442598684402	83.22193440042915	0.6427289048474041
1035	CNQ	0.0714	-4.460520796231628	0.9242585764236609	78.96597099894187	0.7788761125353176	-6.1264164649197355	37.09745986676829	-1.5212017493820198
1036	SSB	0.0713	-4.111268726907683	0.8279960382964674	62.08514589251892	0.840843720038351	-4.787132940752654	27.285956587792427	0.0
1037	ON	0.0712	1.1363615500562718	1.0593823245366552	34.406818864407825	1.0780841658410043	4.9610474843233305	55.90362641825281	-3.116931021763183
1038	CFR	0.0709	-3.07949763894844	0.9831946180232403	72.23937870452761	0.8567380465583414	-4.887513753638855	43.17324706852954	-0.5691056910569047
1039	FDS	0.0708	-12.086572616490157	0.9073739758366894	61.02008667532799	0.7141196708354642	-3.9654439350914923	15.105885607605686	0.9275188869773423
1040	YEXT	0.0708	-4.881662564644586	0.6703704614174391	54.90025721315912	0.8667583269922241	-1.3932539259116767	35.14719886182557	0.0
1041	NWN	0.0708	-5.569011419999466	0.8869612431160638	25.587038356765557	1.1056274917969164	-4.246032550708196	8.319581977555771	0.0
1042	PRI	0.0702	-5.486546150297186	0.7953818766311205	46.67148081801755	1.1767079486602117	-7.3751944898223805	33.94362033256233	0.0
1043	CP	0.0695	-7.777544219355901	1.2364495909251862	63.69381165236568	1.2455535040439645	-4.197449994906917	12.396624748777356	-0.8611082970317034
1044	EWBC	0.0691	-2.2599250395033765	1.0850656674678845	76.00446701049805	0.8651361957174869	-3.0020453962954723	58.72598270194217	-0.40021706688371667
1045	D	0.0686	-9.353385294290414	0.7527851065808132	25.845967207099623	1.2174604443971682	-7.106288250233181	15.255492910812947	5.574912891986063
1046	CHRD	0.0685	-7.425173771356058	0.9524905426981	69.90797129032327	0.8640976363244487	-11.248552007651595	19.13770331087491	6.011229098010492
1047	ROK	0.0684	-0.41108516842883946	0.8760832776555848	59.82994304324514	0.7054875082909573	2.3316773239305135	38.30067035453941	-1.9125352680370837
1048	VVX	0.0681	-6.0420625215534045	0.5820069568883736	52.960012727652305	0.6872577953943958	0.4063144927429898	19.36248289120813	0.0
1049	CGNT	0.0680	-5.432380265244092	0.7084148530627886	37.2092978898869	0.8773482116557663	1.7793120699376281	25.353524247023174	0.0
1050	USFD	0.0677	-13.045089736347714	1.1436564456037406	57.39559807606962	1.0406034765496883	-1.7608884476194397	57.88531602540544	-1.0570824524312896
1051	VIST	0.0676	-5.240046616994025	0.5655333150534686	69.72286655992785	0.8725990922270759	-13.05457307787184	6.3695567302267335	0.0
1052	EXTR	0.0673	-9.59965383633257	1.1543425925030697	37.13580246913581	0.8603932696822342	-3.5342636387524538	2.378573041452654	2.8238182934315583
1053	ALG	0.0663	-3.8995820661062974	1.2392364353148666	16.135997329604876	1.5866320571057755	-6.997049741787169	7.0938076953807325	0.0
1054	DAN	0.0652	-9.780434727019765	1.1765469323241007	42.98808817247204	1.0920430605394142	-11.116690527983502	2.938580132943585	0.0
1055	DSGX	0.0647	-2.243993436413076	1.113932527834361	45.51550286147275	1.0021916328082139	-2.083778285947287	36.19365089793087	0.0
1056	EXR	0.0647	-7.780657702034167	0.9408349985318535	17.99816905571678	1.3562711817894926	-6.159667250716707	20.0675034212872	-0.3892271956808366
1057	HOMB	0.0645	-2.730028526658363	0.8204447032279195	54.19355823147682	0.9029143435076892	-4.421644011966796	26.55312983922032	0.0
1058	LOMA	0.0645	-3.7228506084481543	0.929885494111901	36.85065616260876	0.9746851249811613	-3.743386397962034	12.841313691346812	0.0
1059	CNA	0.0644	-7.11365427737373	1.2253571240314165	27.57403827016208	1.5889051630684117	-6.132150345641362	0.2267648662841566	0.0
1060	MHK	0.0639	-4.1371360711299365	1.1826815678948641	66.45529550872072	1.1095771144278608	-4.477308180893897	70.60669206908108	1.341365461847391
1061	EW	0.0632	-3.4685883524629415	1.0295272974682537	60.56691050877318	0.9210052563434625	0.91016550569144	62.15973069647749	0.0
1062	PTGX	0.0630	-4.7224063937081935	1.4741486413303175	81.3635004985353	1.2885061225790517	-4.235123094787373	71.5649112122771	-1.0557629491367255
1063	TJX	0.0628	-2.9578313102345297	0.6496352593762198	15.81956797966963	1.1794014198630285	2.759576438218188	36.138496396314	0.0
1064	BLZE	0.0627	-11.154854559032628	0.6790638653028896	49.587534188108584	0.8353653058115325	4.830065798905602	55.175013945818975	1.9196428571428559
1065	MPB	0.0627	-1.8518526213784272	0.9273127753303965	75.29786271268742	0.61106041248403	-3.5311235449472047	26.692386462305763	0.0
1066	AIN	0.0624	1.4864882715780894	0.7971598541546728	52.80335238787919	0.7598734036919818	-0.8043953373242666	23.923414687250343	0.0
1067	CBRS	0.0621	5.3945505024888405	0.7761589627578755	15.931364117041664	0.7571458316311604	7.948520171676716	9.530459677168835	0.8885135135135119
1068	NGG	0.0619	-5.275088033876317	0.8120297435482744	14.537435523213802	1.2115690247127762	-0.24811511968884986	24.976109231238553	0.0
1069	MNRO	0.0617	9.387751988002233	1.0714220432236798	18.2101137628815	0.9684539006185164	3.5774206430254973	18.144182618261596	0.0
1070	UFPT	0.0616	-0.2433775484643946	0.9040505601838552	76.0448900337902	0.6459607338268426	7.015323532335122	82.87554690779177	None
1071	STAG	0.0614	-0.1618596541272514	1.8981458621370728	28.843688964843732	1.2757081303803108	-0.5405244140538857	51.04141984328427	0.0
1072	PCVX	0.0614	-4.717518402616463	1.4923164668661086	78.07103440131532	1.3512877640139025	-2.754666601116421	75.94844730484992	-6.787762906309746
1073	SBSI	0.0612	-3.544539493455335	0.8577449399032208	44.838056680161934	1.0234814963797265	-5.035690963378714	25.49684358650987	0.0
1074	LECO	0.0611	-6.402518761310584	0.74048000459747	58.605238511176424	0.9107858068507042	7.302096566964341	87.0844847922276	0.0
1075	CARG	0.0610	-15.264029293852966	0.9811746161597015	29.804446837103054	1.4801269921698719	-12.416666954682286	25.67811440710446	0.0
1076	BMY	0.0610	-4.5855056311657645	1.399915251670251	81.77642062831254	1.2994947472748026	-0.9648557363984065	90.7791191753328	0.0
1077	TRS	0.0609	-0.4295148453206832	1.128302031576726	59.86666564941407	0.9442587218731214	2.4379724618716976	71.32439319247277	0.0
1078	RSI	0.0608	-25.38168447416802	0.9178591975675999	21.24079514753179	2.018745993762193	-26.060243494858472	17.648531666622972	0.3360403248389735
1079	MORN	0.0608	-12.453727116697625	0.707397995983089	53.60239541654399	0.8084293186269162	-5.620655102991652	9.890319630278483	0.0
1080	RACE	0.0607	-3.8740238174788826	1.8186441272402063	44.53068027919575	1.0931116276486874	-3.3301595245099485	2.290829974017967	-5.140380258102656
1081	WHK	0.0606	-2.8333963711952737	0.8626345249228793	21.269079044758897	1.3274577008867852	-9.99444353086861	5.6850723038919	0.0
1082	SPIR	0.0603	-16.1428587777274	0.764453508491216	26.59079033170287	0.8563486591428675	2.9056874028048005	10.3936201742887	-4.082636497786514
1083	BAX	0.0603	-9.409951813886321	1.0409088506909034	54.37981619564235	1.1317408024451654	-2.172362013649621	65.51152366450177	0.0
1084	ADEA	0.0602	-3.771381567848034	2.357658334399516	57.80906291245049	0.9646084043394387	-1.2240541622482217	21.493517539681733	0.0
1085	UHS	0.0602	2.8392593837617235	1.0299989669467888	35.19999597886028	0.9702878459852847	1.8199099290195178	36.61124570638823	0.8885339190335951
1086	XOM	0.0584	3.886475157357479	0.8849275277549482	78.9609274045152	0.8748132084032284	-2.172407816643106	72.27380827678988	1.3577852230647165
1087	CRWV	0.0583	-1.9930913549645997	0.7341224218757743	26.465191251834025	0.9629395265654036	1.8970286381994685	21.82112553601185	-1.1559493320412455
1088	EL	0.0583	-10.017888599345586	0.9652811815392615	52.95921994735514	1.0466806143568423	-3.3196724086630187	48.55014670166726	0.0
1089	TS	0.0582	3.3327149932349003	1.0012161067790506	72.60096585423189	0.8529267440536711	1.155647303335877	73.93456417970843	0.0
1090	BKU	0.0579	-7.515568011457361	0.9795022477493163	46.854789505139436	0.8948130006788221	-3.769839182178805	16.67840157853594	-2.880658436213989
1091	RLJ	0.0576	-2.7240809885697357	1.489586784777584	71.33857787124754	0.8697887977544199	0.7519768242448668	41.266944763103226	-7.6923076923076925
1092	V	0.0574	-3.1396547734174747	0.9758372839883774	80.55190906890817	0.8526699064476821	-2.630814818974632	69.04452926744742	0.18847290411150203
1093	CCSI	0.0571	-13.575909798153207	0.7889643656787219	67.16980484296691	0.6349652466246528	-7.33887157527049	6.8267688908885304	5.0
1094	TCBI	0.0567	-3.4658527816142946	1.2507430258060548	57.56489689120319	1.1903028599536223	-4.420920122465857	37.33358015654359	-0.3514288356607745
1095	ICHR	0.0558	0.5584667718823307	1.0439013711715657	45.578776295162086	0.7438694051849137	15.026460091500498	83.63385448413571	0.0
1096	TFSL	0.0558	-8.151865421057598	0.790100564706091	56.259003783301495	0.7710747918779898	-4.479038354294653	15.631811857039736	0.0
1097	UHAL	0.0554	-11.241049597641746	0.9292534926384121	54.405800639719196	0.7960588643971452	-4.984538446115998	13.76308922020587	0.0
1098	SNDX	0.0551	-11.408726460659137	0.9778375283401531	38.650798494853674	1.0998849940921622	-3.291944471168375	34.94636668630099	0.0
1099	ARX	0.0545	0.2539321264824937	0.3671231468316723	98.50746055147542	0.3344742073658107	-1.0755046089236295	40.3212073804348	0.0
1100	JAZZ	0.0543	-5.105538435922506	0.8392896434731381	79.6214364923467	0.8677463722202476	-3.70864181196712	65.2858149539929	0.0
1101	ITRN	0.0543	-0.4043109164902229	0.6531259917486513	50.24023886557456	0.7501869112296267	-0.31138843864004717	23.24138063583827	0.0
1102	KOP	0.0534	-0.32383749323657135	0.6010427447228134	75.60713631766183	0.6849479734044551	-0.25208480963436875	52.99980797428547	0.0
1103	SLG	0.0534	-14.730291209002475	0.7103204539490947	55.619264888471776	0.8282587093650927	-5.738998625997766	13.657539924352804	-3.079710144927541
1104	TAL	0.0524	1.4505125633162022	0.3353251804673218	67.037869561754	0.5044728291213648	1.4384460792885814	26.48585978977509	0.0
1105	VIRT	0.0522	-22.47911618290836	0.8869137855151841	54.87772432330858	1.1370190063354453	-13.90380697411879	16.609739703433632	0.0
1106	KRC	0.0516	-7.549742604098143	1.1524828184013374	40.44388513529786	0.9819011911406936	-3.4575145162342182	21.974274011495353	-1.6078713702903809
1107	MCO	0.0514	-9.614554142802389	1.0664088538835022	39.97232819658758	0.9259772325037691	-4.35650394973499	12.577457761815694	0.49310014544680064
1108	CMI	0.0514	-9.763529847953997	0.8857498858089234	34.74959258707238	1.0842770888270419	-4.920287661689487	19.824800573334684	-1.2879295244964195
1109	PAM	0.0506	-5.656884856319337	0.9887354651162791	51.95396962461941	0.9717480521025397	-12.277731789418734	0.051761386918371954	0.0
1110	KSS	0.0504	0.16529304284325472	1.0048914930876258	49.13295018190594	1.0405588140979418	5.260708201599957	82.44525901383065	0.0
1111	PGNY	0.0504	-1.3147724074368008	0.9853808279131968	55.52608581057278	1.006657393556063	-8.987893413765914	24.213059282989107	0.0
1112	CALY	0.0504	-7.318647613192157	1.026994680619065	49.78974280585953	1.0645709123757905	-6.84707065339383	29.177343970256544	-3.3500000000000085
1113	NNI	0.0500	-2.614220657451618	0.8530579825258141	26.76514067636099	0.9533160760510577	-3.319892865557807	1.0318949480001294	0.0
1114	ALGM	0.0498	-1.7291873456780416	1.1967087677625343	29.436788141630842	1.2633321917129685	8.506862939873294	95.09580637483054	0.0
1115	APPS	0.0497	-1.9230709914686994	1.0674391892477941	67.30158942086356	0.9465102922951365	-4.969466124138334	52.30316248869711	0.0
1116	TRAX	0.0496	-18.082252680114625	0.9886260369946941	62.31884491582525	0.9439323549339654	-3.070403503002021	61.78707636487894	9.105739285184615
1117	AADX	0.0492	-16.43550536074748	0.8904319411824773	5.136188254746014	1.0090003142254345	2.8118353724317036	3.621623277238527	0.0
1118	AEO	0.0490	3.714792762406423	1.352848380678808	22.569440735710987	1.0288640236619486	11.562405305335044	99.8276386672178	-3.588644884842002
1119	ICE	0.0489	-5.166212817704132	0.7369212106495462	57.35348997808581	0.7288554210254777	-3.6897895253250157	17.396803667802914	0.0
1120	BMO	0.0482	-0.5693434953396559	0.5030035494547369	76.1501838772401	0.5942916922127088	-2.4176093840528408	32.9022195977324	-1.7166483487727018
1121	IMMX	0.0481	-19.846261840039563	0.6584249649492536	72.30065064501188	0.8020046297204108	-6.682250213599172	49.50228504059347	15.38461538461539
1122	CHD	0.0475	-6.593728454525582	0.8721095499975364	57.83084883278846	0.7394182731805932	0.47795312395840517	38.28887624648787	0.0
1123	AMKR	0.0468	2.7831437572378057	0.8182895014824257	36.63510605269597	0.6483140154781617	12.239138144230479	48.88514670033572	0.0
1124	GENI	0.0457	-22.738692639515303	1.1496920040667424	24.03100873764787	1.616913903281451	-10.180470710228189	47.561170420072095	0.0
1125	OEC	0.0455	-6.37958686737227	0.9540223494746205	35.506400129431476	0.873659514051817	-0.9612043041948035	15.880926596416245	0.0
1126	APC	0.0454	-12.918915619721282	1.0899182561307903	16.51786622546968	1.4728509178891487	-14.333480301860776	0.7574838736279332	0.0
1127	SIG	0.0453	26.22190576019313	0.5884226768204669	82.1150934467543	0.8536699126781013	1.909374352295055	94.54735103180995	0.0
1128	TCBK	0.0443	-3.6755143521348748	0.7623821636989376	53.8316849536833	0.8871688651477161	-3.884136762192853	31.60905684547383	0.0
1129	ECVT	0.0442	-1.083740500604808	0.7070873140443853	34.26710048016973	0.7454382200307416	0.0804571927396387	3.5670564852754296	0.0
1130	PSNL	0.0440	-2.857140262110586	0.516200778758727	81.55722780641706	0.36521658378899474	-0.4374914877802326	24.712140350659283	0.0
1131	GAIN	0.0435	-4.207314612395929	0.7268145561331798	64.51612997883306	0.7487311646987667	-2.495476067996094	39.79137135235231	None
1132	HCI	0.0432	-6.201846796797483	1.0467273774232764	46.44865899031607	1.0045569410497537	-6.6424538574796514	22.943647244151805	0.0
1133	AAL	0.0426	-1.457724528954754	0.926378564036146	39.42529261797325	0.8743256627795031	2.584461312792242	42.54313421687681	4.567969179966969
1134	IBOC	0.0421	-1.529530975384749	1.1084712678805564	41.480988068786864	1.0695403301088395	-3.7292314569352256	39.556838552820814	None
1135	STRD	0.0421	-1.747011579239284	1.2038709677419355	65.6354600104733	0.8965408308324119	-4.324849420175443	36.068568228803805	None
1136	CACC	0.0420	-8.40660506772333	0.754653130287648	55.476475876535815	1.0724571795317495	-9.766615435126297	30.713542578926393	0.0
1137	NOV	0.0419	-6.069365197447791	1.2743691389110048	74.79253112033194	0.9033808554795845	-5.684941417316651	3.5298257871292407	0.0
1138	SAFT	0.0411	-0.21196764501638238	0.7390928506051053	99.15852251580951	0.5935418705217639	-0.36027466690764376	81.83052307743364	None
1139	ICFI	0.0410	-7.572386214551141	0.8254347485508381	61.65816326530612	0.8415786724080612	-6.613265551141195	26.239121323850128	0.0
1140	PRG	0.0405	-19.445146772035045	0.7897011402546458	27.998178449875137	1.4445094154991764	-15.174884084493046	11.627677035389056	0.0
1141	PLMR	0.0403	-5.025088369646424	1.1039358944143294	47.489854551436316	0.9673916620051989	-11.177037803353658	0.5055832824928927	0.0
1142	MQ	0.0399	4.194943513767034	1.7104725165327457	27.941168310807978	1.1282806309975908	1.2480732983341802	83.59909123765196	0.0
1143	DD	0.0399	-5.634010916629958	0.7159798017365928	58.77524592476433	0.6299659228317027	4.760922754503802	47.48154982366606	0.0
1144	WEST	0.0395	2.3573147703674238	0.8090267116978815	70.60606060606062	0.8036215404419652	4.607943742206421	85.16878097233578	0.0
1145	NRC	0.0393	-8.859612642714263	0.6686645439220827	71.41954418081781	1.0054334295045473	-10.706809891656164	42.46456546001834	0.0
1146	AIT	0.0387	-0.28665184512341046	0.800782373583386	72.60736730744128	0.8271181672732387	5.0830694887930985	93.25621157380745	0.0
1147	CLSK	0.0383	3.011585707080292	0.6263417778811599	34.2088414643683	0.7804347855996017	-0.09414271256469398	5.831909795738994	-2.7470274702747095
1148	LEN	0.0377	-3.618848324482423	1.670444721218983	10.902512537541979	1.750678574072878	1.9286739560383799	65.0675260319276	-3.822815533980589
1149	TIPT	0.0376	-5.795523894102842	0.9958741456961985	45.077708348091384	1.200112757227425	-3.878243132929947	60.848827340091155	None
1150	UCTT	0.0371	4.44147116364444	0.7277401710495276	46.10119750250487	0.6582600039238197	16.97136557057123	87.46936131195295	0.0
1151	SCI	0.0370	-7.667427138232159	1.1484762948095668	38.35252300630746	0.9388870954725204	-5.801270982127146	8.481223411263258	0.0
1152	SYY	0.0367	-4.70587919591268	1.103781811994172	43.87151181244388	1.4174736217213821	-6.5708933127350395	70.27731607217731	-0.6684636118598433
1153	WK	0.0360	-12.126283785756765	1.0345888537741583	46.228262378209	1.0410115817154366	-10.767906436734288	10.42950465872552	0.0
1154	FRT	0.0355	-6.063972330589527	1.6271625006220038	51.85961715834123	1.3679548873081602	-4.7253717064183025	27.22591879872543	-4.945312499999998
1155	BXP	0.0354	-10.776047997690137	1.0000074344467655	47.69230883743257	0.9671971181006463	-3.8309478989126537	32.68992979669372	-2.188241497495382
1156	RL	0.0347	1.4947456257053233	0.8465200952247584	43.9895729353406	1.1458095643388064	3.985450964265771	85.8747693116601	0.0
1157	RPRX	0.0347	-5.7332030717678135	0.6296942808235001	79.57171628784762	0.7743396875941305	-1.7732130472536138	67.52058075835996	0.0
1158	ESE	0.0347	-5.505434229439847	1.499284250708732	42.95127236001774	1.2562403306624794	0.4612241526534804	33.62364631963945	0.0
1159	TYRA	0.0345	-17.91044220488925	0.7690944533049796	30.610772544052956	1.3203084112695018	-15.061211167935193	2.1439028070820996	-0.36956521739130804
1160	WPC	0.0338	-6.47911016843965	1.1273630600128524	19.377649892674825	1.2315063983020476	-5.492295891347972	19.400890435046435	1.3157894736842104
1161	AAOI	0.0338	-14.5303665800188	1.058185391181444	36.39912613041977	0.7128894514804021	0.4852853809999498	7.206750905335383	0.0
1162	WEX	0.0335	-10.769538832823708	1.0696487560240773	65.78144543658672	0.8614108268207891	-12.422394460622067	10.657084226573929	0.0
1163	VZ	0.0333	-5.563422988107992	0.8563235566133441	62.3777299110292	0.917011623830271	-9.609753919474496	24.971733463912614	0.0
1164	CGNX	0.0321	-6.701605747016698	0.9706939889800742	63.08777429467085	0.916664643093777	-2.5415149890162967	59.35689840312383	1.6670844823263955
1165	ONTO	0.0317	-1.325953437070713	0.4520449380027639	63.467789537693	0.5168243347177357	14.814321089758423	87.58416988564221	0.0
1166	MSCI	0.0316	-4.643776258842671	1.1279815625605056	28.979031737159872	0.9460777009047365	-2.5958270685906193	9.777691632865839	-1.5976917445415781
1167	HQY	0.0315	-5.300350123774448	1.5778203618079851	44.97992668217511	1.3967061542906674	-8.5350138116449	16.82231226559135	0.819672131147541
1168	DLR	0.0314	-7.766794874381487	0.698948294680554	49.991911929867975	0.609029056873285	-1.715766131626167	4.709260060873447	-0.6905769659166777
1169	EROC	0.0308	-10.204077660664934	0.5992239013155819	25.38071162809575	0.8197589561908442	4.884569521524041	24.319060676391487	0.0
1170	NEXT	0.0306	-11.827958436463788	0.9945344419270953	40.311802734510934	1.1068122570674825	-12.092630150870129	5.178480910607476	0.0
1171	GPN	0.0304	-8.669399504772155	0.7510325554770824	67.79953038088189	0.7859348464687406	-6.708801323722113	32.265822437039745	1.5834118755890734
1172	ATRO	0.0299	-13.258105681644208	0.8396131691592242	56.29243335065047	0.7096648171513946	-5.299678507680023	11.125323993219226	0.0
1173	WLY	0.0297	-11.115243916903662	0.6061467052714802	66.59810208658027	0.846289367188473	-3.844836992284901	51.490350945467505	None
1174	PAG	0.0292	-4.879506350695922	1.3983772819472615	77.23296641425314	0.8786767146935794	-5.194518694359292	21.41774738131764	1.5368994323164318
1175	CECO	0.0290	0.16634703021532152	0.563498698931903	50.39370444407818	0.6877922119942407	1.6282534985712207	27.931400938454473	-3.2026768642447365
1176	BRC	0.0286	-10.02460963326341	1.0630046748831279	47.11002254220437	1.2156275976724855	-3.328730615183509	70.01893043900441	None
1177	MAR	0.0282	1.328174830272003	1.0990723990608522	66.01608567255786	0.9566771636578895	4.697632671635507	99.21843770795276	-0.9805203294548308
1178	AUPH	0.0280	0.27314157967825725	0.6889065725926226	67.29756178442348	0.7196279011787804	0.04868065294542301	52.75832699734644	0.0
1179	ABBNY	0.0279	-1.4422081882481441	0.08314447419350905	69.36685501752174	0.45218912332139877	3.031417474795808	47.38204532328151	11.11111111111111
1180	XZO	0.0272	-8.82174714064801	0.7327596286509365	22.303922815260545	1.247206734934139	-8.328069284907262	15.522967710452207	None
1181	CF	0.0269	-8.113910605780971	1.0731143662770668	60.24947721104669	1.026782352751127	-12.60732320171483	23.351608752235805	0.0
1182	AVGO	0.0265	-5.913226224746343	0.8457927169606428	29.072379693824992	0.9106013009058803	0.785294684074832	23.478752919757852	0.0
1183	WSC	0.0264	-14.66093417634376	1.0880016028459836	19.919251946388954	1.2852938926240873	-3.922504910720178	36.29679700901195	2.1126760563380333
1184	CAT	0.0259	0.3610786055117809	0.8978658809313771	57.973875568951826	0.8287939686409281	3.963814694220757	70.2479364252625	0.0
1185	BKTI	0.0259	-0.4126148940856602	1.784661941546548	33.26599258097468	1.1867705851471955	3.6716379272792197	72.32376527982281	0.0
1186	CAH	0.0257	-6.311407004000134	1.381669736530611	64.64843125570387	1.194427403841752	-6.837324083618377	20.786469982241925	0.20749962946494824
1187	OLLI	0.0257	19.605644279463935	0.931464946199498	34.58007779051496	1.0787495747766458	10.42743537022599	95.00821873223265	0.0
1188	ABEO	0.0256	-12.417218621470083	0.6657700580168509	35.34246470830212	0.6480200970988641	-3.1999125457626767	7.105458158470043	25.0
1189	AVO	0.0256	4.632587080668961	1.0590266847742993	55.49451248113053	0.9907508097426363	1.6422099437973907	75.89430804000517	0.0
1190	USAC	0.0254	-5.308411500164281	0.7386074742595653	39.99999912305809	0.9274686035423726	-5.71718963260323	12.8205130353318	0.0
1191	LOVE	0.0251	-4.04480168558823	0.6819001803968731	57.09478492758211	1.026088927707068	4.347724387584856	94.673733080045	0.0
1192	PRGS	0.0241	-12.848299903696189	0.9251625340962694	66.1995747236183	0.7803329770933392	-9.24673560960029	18.028877493970583	0.0
1193	RTX	0.0236	-11.514521858783535	0.7769249409049842	44.94666432075994	0.8551244955752344	-4.553248800521786	16.518710702094097	-0.48681369851415035
1194	DNTH	0.0235	-21.256947184740447	0.8697139151561453	64.91945112194104	1.0340803818475186	-19.063469948516506	3.627620123503803	0.5088339222614833
1195	LYV	0.0232	-4.843888413178005	1.1833331247082974	72.83680079744708	0.9470507516275807	-0.38839986087997047	87.22207414858083	-0.3464536618227307
1196	FTS	0.0231	-3.154055770945123	1.2779722803724827	35.91835644780373	1.2191206040687679	-2.3786291578116385	27.689790005086877	-2.2026431718061743
1197	TGT	0.0229	-4.519978503617859	0.8089351550639774	85.88935136385437	0.7450242637938135	-0.7917810670473331	80.5988716312663	0.0
1198	GIS	0.0225	-16.913947539232474	1.1573332844101951	9.482308939626314	1.290108518593353	-8.49113507997607	5.211760913765033	5.27833862128641
1199	IMO	0.0224	-7.472398117982683	1.8230256168749384	69.55669634660963	1.123533744094559	-7.820315060620905	3.86694828066571	-1.709555515565958
1200	CARS	0.0224	-11.469841367586742	1.0828921485649576	48.01271981389421	1.1637969981426637	-11.637871133155787	27.41878133710216	0.0
1201	VRT	0.0224	-9.373145279108117	0.8448761218602242	42.40150604451769	0.7314558509977982	2.1796488326644887	28.911055694694767	0.25778667394533883
1202	DEA	0.0223	-7.323023769925023	1.035879075644732	41.11112382676867	1.0493355820375485	-5.067952502671073	32.80582796805328	0.0
1203	WMK	0.0216	3.404740528602654	0.7182802319019035	54.3157869037829	1.07291686167325	-0.27748304798548995	78.4441442485097	None
1204	HAL	0.0213	-8.622150545424292	0.9673072480667055	49.57071986071296	0.8215148611892793	-7.990963784401091	4.530568858801047	-0.45735193231190424
1205	ASAN	0.0210	-15.044245049098754	1.176369168636776	32.27723112200746	1.2244531115285235	-11.180647290789944	8.825722327640378	-5.561385099685198
1206	CRM	0.0204	-9.831382058824403	0.6731886970786664	65.92556745049347	0.8119078447807283	-13.018049435154893	7.13481147613949	1.6580903373356073
1207	BVS	0.0200	1.6678788727113112	1.1158567791095133	80.33183301232461	0.634536202514084	5.913313074524339	92.38308634548723	2.7777777777777777
1208	HNST	0.0197	-7.986111456045385	0.8045109821309036	81.97970027245847	0.7795702324068973	-5.12615039617182	60.51130053047681	0.0
1209	INTA	0.0197	-19.016021117186014	0.48265915341785737	56.639002038895015	0.6508487503422381	-7.441025150749336	12.080379482505961	15.333333333333327
1210	TROW	0.0195	-7.6094722368398715	0.9927783678968868	50.543767152239674	0.7948892878633348	-2.5025585566451314	28.07979649290172	0.0
1211	ALRM	0.0194	-6.649302287877991	1.1530876517689548	73.7316148769959	1.0338167694116809	-3.546359802990874	86.20330685115552	0.0
1212	VALE	0.0192	-11.234488699457987	0.8056346932397794	39.83402700674813	1.0072225928586518	-7.6031623233952725	17.7878487287919	2.5791324736225163
1213	OFIX	0.0188	2.1806857284670396	1.2666120560882765	15.783276237784344	1.265366906671403	7.391532037191093	98.64531015727583	1.3599999999999994
1214	SVRA	0.0187	-7.6502662471194345	2.5731037757693014	47.203278899355446	1.672555365476955	-5.677825320093659	52.54619380245736	4.9361702127659575
1215	QUIK	0.0183	-3.6219068769018725	0.6427827535930014	29.553804973291914	0.7854529542609181	4.993067680437397	29.934300467196252	0.0
1216	BCS	0.0172	-8.410867727186545	0.826212299688883	56.59575117395279	0.9623539783998237	-5.455365963321638	42.97771564363617	-1.6645326504481421
1217	FOXA	0.0171	-6.188633995637103	0.5764094969919104	52.477723255939445	0.8013872290445858	-8.603548138170805	2.5962677912127106	-2.666666666666667
1218	CCS	0.0170	-9.913728381057862	0.8185340652244106	49.904266702703445	0.7033669948878087	0.6273303796386553	32.41664012379661	None
1219	UGI	0.0167	-5.205330597953554	0.5701700055674815	47.530881465707765	0.7925199342631174	-4.545292638042131	14.980318759284145	0.0
1220	BLK	0.0167	-8.24960822220547	0.9227260037184657	50.85440423070566	0.7773929446489863	-0.09142602549689693	37.88386513252702	0.0
1221	SYBT	0.0162	-2.144746822863992	0.9697677493279273	59.58136644917506	0.7909054986473752	-3.654211879395469	39.0478064547262	2.6477272727272707
1222	ITW	0.0159	-2.7834084147122735	0.7158065140504303	54.414029487512614	0.9206671153192653	1.158750130754537	65.72718616475538	-0.44451654769630256
1223	SM	0.0156	-8.85629452487849	0.9227766237606148	66.77726767756344	0.9525168342607988	-14.66212699350997	18.65265851491354	1.0731707317073116
1224	VRNS	0.0154	7.023225867566792	1.0326478702085826	63.857464337241055	0.8152098157122712	0.3155900510733727	64.18963174800885	0.5914901736309908
1225	CNI	0.0153	-4.2220144098315435	1.1681538737018025	74.49154469406623	0.9710775012434831	-1.399758075907258	92.86232731534093	2.6518005122796304
1226	LUNR	0.0153	-6.0568632721048505	1.0163011965631754	19.040286911124294	0.8508121890865659	8.88843813177577	26.198412464075503	-15.178571428571427
1227	GS	0.0151	-11.969791271222627	0.8921473440025022	42.5793587363822	1.0392486525824	-7.922974593073329	21.17823514032426	-1.757158477414078
1228	MBX	0.0148	-13.330318655645282	0.9012549898835238	74.70686920523843	0.8546660525644146	-3.899509061973115	65.62494051772009	0.0
1229	SSMR	0.0148	-20.839974661972892	0.5366534089838081	33.52113159609513	1.1427671966000315	-11.030794112378127	10.58628210170987	2.4314536989136184
1230	IGIC	0.0142	-8.659062955701856	3.673564107522723	41.07244810375293	1.5167485484591336	-5.749850034668377	12.069512047084103	0.0
1231	TXN	0.0137	4.415843264178553	0.8302916534358733	69.266407919798	0.7844976540339765	5.0309176813573675	89.28048779380163	0.0
1232	DRS	0.0136	-5.781089686163704	0.6068648011951275	23.34800753824511	0.8341510774507215	1.4947514048300543	12.310093957297411	0.0
1233	MTUS	0.0136	-4.67336845730285	1.1565863271183872	56.97257822830147	0.8871726113947765	0.6056727638024775	65.55643877692768	None
1234	INN	0.0133	-1.5228371924601958	1.1386958222531305	57.68025616493345	1.0922146847789007	1.1266124349566462	93.69417494551459	None
1235	CMPS	0.0133	-9.631152787025183	0.6751299419617827	75.9781578001486	0.7721107890958524	-9.631277566785629	35.61342064194399	3.4346624555862655
1236	SKWD	0.0127	-7.042500027460526	0.7177226013043405	51.773615594212394	0.771645483238079	-8.779312620609652	0.8301819575925293	0.0
1237	KROS	0.0126	0.445237691656275	1.1038205101068896	12.363917052653123	1.0399002493765586	0.002793691137396803	14.644551853528085	0.0
1238	PTEN	0.0120	-11.500814201377118	0.7991725465698574	69.36068011423072	0.8027954213089966	-13.262545283025773	10.505821651531903	0.0
1239	WBI	0.0108	-11.440801532227075	0.9063115593727838	56.49315486542166	0.9049577182835532	-9.669711292057073	20.31168425355152	0.0
1240	VRDN	0.0108	-13.860969774992757	0.8781770606764759	35.00710419149322	1.170173522511889	-7.963992947812425	26.050404449887296	-2.5285972305839746
1241	VCTR	0.0107	-9.518698126587738	0.533429174035997	79.02886120583447	0.8640778517957461	-0.14493479387064556	90.86125998785721	0.0
1242	TEO	0.0100	-7.290865915071751	0.9097599439285089	54.729010878916625	0.8953812160407285	-13.085415925139065	1.5438080848427518	0.0
1243	WFRD	0.0099	-9.970640477583334	0.8016504470237759	41.980506694241654	0.8227595518738824	-2.5870687918056845	21.774989668583686	0.8577319587628918
1244	BMI	0.0097	-8.411144140834597	0.962491357455635	15.711020323465208	0.9815375376350195	-1.1640155125823088	5.222735183148004	-2.9723076923077003
1245	TRV	0.0096	-1.6705881283617323	0.5604161740364152	75.73067717980702	0.715093704626095	-4.560274432042425	50.05020995296015	1.4765669113495252
1246	DCTH	0.0094	-3.538736983712475	0.7692761588454956	82.68817655501826	0.6085894745434695	-4.453763406418497	46.52829894202264	0.0
1247	OUT	0.0094	-7.183238674205568	1.133346086843262	60.81156113069544	0.917422676906396	-3.5433857076472766	55.802817862919895	0.0
1248	HYMC	0.0092	-24.499225451849142	1.0593763680564827	25.904185535826034	1.0805715968186818	-5.244511695428141	16.824359506394643	0.0
1249	VOD	0.0092	4.408059220532199	0.7860503069567741	82.85280612604028	0.6715540182753799	-6.040931418566549	48.73994071038056	None
1250	LYTS	0.0087	3.9167030500272864	0.6839609637757071	36.94580378790794	0.9513920352100305	4.178349375891276	59.557265787699166	0.0
1251	OMF	0.0083	-11.989356582547089	0.8448869657364889	39.961757331687664	1.1522054184924384	-11.650128857488584	17.80601851439438	0.07225433526011149
1252	TILE	0.0082	-7.17867844950726	0.6114885731933293	66.89439856487772	0.7273289068507485	1.5276361411853947	64.6997635951438	0.0
1253	ENLT	0.0081	-14.670472557521345	1.0328249635378215	49.493670886075954	0.8321576492130619	-6.610976578291838	15.601148550378724	0.0
1254	SLVM	0.0081	-4.426226774381493	1.047438758368227	4.716155206272181	1.1023284240296236	-1.387604791900861	5.902060386399796	0.0
1255	CNC	0.0079	-4.285937506933955	1.1607314076826272	81.31578626130757	0.9979413207375785	-10.533768967981466	64.75806063777483	0.0
1256	ALX	0.0078	-8.037660617271946	0.709879151525395	54.22575363704445	1.1150738367233213	-1.2321559126268342	80.68413372686406	0.0
1257	PCAR	0.0074	-11.767029620608554	1.0810507808415433	41.28538311529879	1.3138352379982141	-9.745851669769193	47.866683389321935	0.0
1258	HRI	0.0072	-13.851894610975963	0.6646368108710055	45.49548938587024	1.009320441236552	-5.2648623671391235	39.5673319414838	2.3548226989466614
1259	SHC	0.0071	-5.287468190456794	0.6215889816942328	79.28995211448894	0.5554698194757053	-0.9996141517312815	57.42473492811677	6.649999999999992
1260	REGN	0.0069	-6.866328318820063	1.6376195788923968	66.35986680907206	0.989666785904713	-5.848797348515369	2.127553384995551	-0.6009072987673023
1261	WWD	0.0067	-5.890164033085588	0.8731771984091914	39.39776096659372	0.8923795976427555	-0.23048303136511317	35.22595534038108	-1.7527331682842933
1262	BJ	0.0066	6.9841969764866425	0.9601100020152769	60.2534454031981	1.0769897030976734	0.9521657659539109	94.97286213001165	0.0
1263	NXPI	0.0057	4.631190421323229	1.0719887207792271	33.97260740631969	0.938627532550297	4.770144448574078	57.059483896463085	0.0
1264	COLD	0.0057	-3.127074662040468	1.1489533192798926	65.78171710349116	0.7578101759387129	-3.3604559335708553	47.46046470119317	1.9796040791841527
1265	BFAM	0.0052	-14.260731908645981	0.8583970825720069	11.679110745235164	1.2042897237677876	-5.3173288270536165	10.846331138459064	-0.8086253369272237
1266	QNST	0.0050	-24.81481309547249	0.7693923707421474	32.66666698455811	1.5746594141941412	-23.727704541388114	7.080756129511116	2.2222222222222223
1267	NP	0.0049	-18.5467378639149	1.0392174459301804	63.91752202778866	1.260631636731683	-11.888804345998553	65.05142688770752	-0.6428988895382785
1268	COLB	0.0049	-5.3111796668311335	0.7117710087249349	53.09644127860288	0.83495563142701	-4.10886332686023	31.64585861239145	-1.620370370370377
1269	DRI	0.0048	-6.683086384705625	1.272165483272382	46.11587273281919	1.3819138696640363	-10.481188677950865	3.2281171577467234	1.4615384615384561
1270	CDE	0.0046	-19.540740315804044	1.0307558761056512	30.379752737225026	1.1753040083354398	-10.732302014204423	11.494404835391563	0.0
1271	UNP	0.0037	-10.911042954825913	0.9775633093015073	58.30181774190286	0.887453981154409	-4.473189818720169	46.5910905923109	0.8362306677856434
1272	VITL	0.0035	-7.375474473544809	0.8014575050442274	4.623034743432187	1.1839513328689253	-4.210875022160154	4.176722592279873	0.0
1273	POWI	0.0035	-6.273731937346823	0.7949864806812725	34.78116736171732	0.9118892508143323	6.242921973058365	62.127499022392506	0.0
1274	CBT	0.0034	-7.2475818752723	0.991751014402283	55.58010206696737	0.8358429429143238	-3.481979289271622	33.33370231751594	-7.142857142857142
1275	MRSH	0.0026	-11.036842747738488	0.767831664288667	24.263124691190466	1.1811222849391583	-6.939882680760009	20.841841796159557	0.19824552708528387
1276	NTLA	0.0025	-12.89092009642077	0.866173203086996	17.093596434945542	1.0308858006280681	-4.412714400336117	5.801286491318308	2.602409638554213
1277	SQM	0.0022	-18.98544894333882	0.9053569839234443	42.807390564453804	0.8305097277268155	-7.175495859774504	4.584885254188862	0.0
1278	HXL	0.0020	-11.16038411677815	1.101097033945259	45.797327945106915	0.8726407935824942	-8.180421598176075	9.137737807422369	-0.5035971223021604
1279	HIMS	0.0016	-9.096649319794652	0.6126981374399824	29.170466236050945	0.9689732874197042	-0.725772321560409	31.13646287779102	0.9872611464968225
1280	TFC	0.0014	-6.381708018213169	0.9315593206598841	40.92088296101095	1.0208216668938783	-6.629626911158065	28.123564818364798	0.7577124300920111
1281	THC	0.0011	-3.667603108951914	0.6813234745190473	79.97927207761316	0.6405148856608658	-3.109271031127262	54.74585799178571	0.24723170137195472
1282	CRS	0.0010	-21.460312621984315	0.8203883703281296	38.63236220212864	0.9786259083121981	-8.966480882187575	9.187061223022795	0.5718188604920674
1283	RJF	0.0010	-8.489010786684105	0.9573915940000672	50.876801781164616	1.3061536614016176	-6.265673691323517	78.87227264718732	0.8021390374331552
1284	HSTM	0.0006	1.0752669676127173	0.7390245148980391	83.03186382126131	0.7914257853311973	-2.2753746492286933	81.02203839959873	0.0
1285	SRTA	-0.0001	-15.23500884274019	0.8316104323069363	50.1960791793524	0.7224608249772515	-3.0470212554774654	21.36013955002666	0.0
1286	SHW	-0.0004	-3.5978051671695175	0.8790422693497897	48.83404452840618	1.0635924651159394	1.9330561245362774	82.76965056396705	0.0
1287	VRTX	-0.0005	-3.6307196285299206	0.7971566305491201	81.31772630893758	0.833067396918572	0.949059616776446	97.42077128282435	-0.7857327474799792
1288	PBA	-0.0010	-6.902252933903491	0.6827564718406771	57.54225771820901	0.9131470519072887	-5.978787472530907	40.995956933331726	-1.329992289899778
1289	LOCO	-0.0010	-7.236838431569632	0.7680217621278526	60.784318258701454	0.76208304467668	-8.464781956965744	17.71072431957198	0.0
1290	FHI	-0.0011	-11.255009510276627	0.6855946894423068	53.06719266451322	0.8949940137059744	-3.045786179524037	46.6285163696728	0.0
1291	WCPRF	-0.0015	-3.822151191750732	0.12973873850913592	76.17646946626552	0.6074083388479745	-11.788794302632496	4.632878306861315	-2.3999999999999964
1292	SLDE	-0.0015	-2.557538352668613	0.5454100057686078	71.16382958007088	0.8316687384800034	-13.469526300752197	19.121379211374403	0.0
1293	LTM	-0.0019	0.5859360011527538	0.42370545213338734	34.78110996208205	0.759530209340201	0.7363516076506575	27.34128892720267	7.142857142857142
1294	IBN	-0.0022	-8.573346687754388	1.0829713003525154	27.924518705164125	0.9926856590468053	-7.320213977058074	3.7387214473818347	None
1295	FMX	-0.0024	-1.2381568132891707	1.4439820827480188	55.29643967217607	0.896668031355286	-2.6091139828504306	41.48900538524302	0.0
1296	AVNW	-0.0025	-7.602616732802615	0.5071514256713113	44.961827984293	0.6994749488297589	-0.46998387126728525	23.024272492928745	0.0
1297	OPLN	-0.0031	-2.3373642793278098	0.7927304631858795	55.75888215918074	0.9183167104212835	-2.8764353570192234	54.63160057900207	0.0
1298	BRX	-0.0032	-3.813124655026096	1.9814544068539053	40.73170731707317	1.4409596034134184	-2.61674475460213	61.78164955612528	-1.6453900709219809
1299	CAL	-0.0033	-0.07974664204351568	0.7754899879714144	59.77563674633319	0.8840638897910752	-0.7013926885155203	66.14028192505074	0.0
1300	CL	-0.0035	-4.881269223939759	0.9082208810892602	48.305071198815206	1.1316160299444458	-2.180415822437424	72.45846077260208	-0.20703933747410835
1301	GLW	-0.0036	-0.7918891948302664	0.8363854858122922	38.1706859086839	0.5727935450474119	4.942413768828651	22.203381209590376	0.0
1302	KREF	-0.0040	-17.739814467113806	1.1061872015962375	26.064522035660282	1.495897515912258	-13.069196460663425	35.59299064328002	0.0
1303	CNS	-0.0043	-10.722498977192052	1.7853599053163893	54.59707718518425	1.308641518509611	-1.080428888848159	14.137361105945729	0.0
1304	DOW	-0.0053	-8.044841873377331	0.9182142725869293	32.77500855431615	0.8801903119626433	-4.116456573162247	11.420223511356085	0.0
1305	CSW	-0.0053	-7.240869617296521	0.7147616128774351	51.95428699792005	0.7388931113107166	0.15616541646860183	41.5103348750165	0.0
1306	WTS	-0.0059	-3.8563755243070297	0.6055517657553655	72.84823083516054	0.7469403078463271	1.1059751328473215	77.44159165981844	0.0
1307	PVH	-0.0059	-0.5646012138911073	0.7502870003437518	39.19806405087143	0.8812884653390022	3.103872568947063	53.29525866389846	0.0
1308	RGTI	-0.0062	-2.9805395916951443	0.7848054191732758	7.4967115503400645	0.9560048439286811	3.8315257355611467	23.32043818408215	4.360790160268363
1309	MH	-0.0064	-5.660377358490567	1.8237789027226707	39.260077305356155	1.254854225128324	-6.2107682814467005	7.305051730896508	0.0
1310	AG	-0.0064	-17.433298289238106	1.052479290988263	35.514877633590174	0.9058613415792635	-5.142914709321133	13.395426012494084	-0.8699090549624313
1311	FLGT	-0.0065	12.080199274423574	0.8210401162534677	50.62571450711925	0.8873158210170411	7.659230580212386	91.19116599204186	0.0
1312	SHLS	-0.0067	0.0	0.5984723750121708	25.67742033927672	0.7134514896817546	4.62657913861859	20.246251110257347	0.0
1313	BKNG	-0.0069	-19.100514863609504	1.1617497730405837	18.341974571291274	1.6664812423562676	-7.168558271585386	71.72337749263426	-0.18349389048750897
1314	MLI	-0.0071	-5.001556667511867	0.8690665379699164	55.58959186481348	1.0501222626040747	0.9950226546998704	89.26449799220549	None
1315	CQP	-0.0071	-8.13341328795875	1.542494563436504	61.09576075994727	1.0921268175294647	-4.889937665663329	4.021462984598315	0.0
1316	AMAT	-0.0073	0.9121868620291116	0.9305869689412278	52.88562029911047	0.7030381828159308	14.123414081884409	98.92918981873551	-2.5198555956678765
1317	VAC	-0.0076	-6.173730018024649	0.680071486331297	69.1332383109656	0.8859299817487971	1.4877250477940063	90.89308216454299	0.0
1318	GHM	-0.0077	-6.585986375427172	0.6673203368323912	48.0549244271552	0.7361726029207691	3.6082509690117734	52.00110201501238	0.5736137667304015
1319	ZION	-0.0079	-6.95038253698981	0.8325250456145586	62.61509623097231	0.922945845839661	-9.280220276080165	38.58250313071086	0.7200000000000083
1320	DBI	-0.0083	14.990862945401446	0.9798697875856567	52.47524689526447	1.1028956954021671	-4.296994289108065	67.05227267581114	0.0
1321	IDYA	-0.0086	-8.498920752108152	1.248341389441759	73.18100553639883	1.3944892351904958	-0.12203403620371789	76.59275512302132	0.0
1322	J	-0.0089	-8.133050323410966	1.1853254747016277	52.08730898213432	0.9482288828337875	-4.578064396756252	46.74285555176944	0.0
1323	NVST	-0.0089	-13.520411514630107	0.9555472701215274	42.575103366835435	1.0392600868938349	-8.609243177772429	24.8028320742049	-1.0819672131147486
1324	ROIV	-0.0094	-1.596599945672542	0.76460479843221	79.98186597365849	0.9917293126068777	-10.470502385923144	66.68687959620999	0.0
1325	HRB	-0.0095	-23.17653505609552	0.8893243294305625	39.9213377665942	1.0068047228454775	-12.427508153427471	1.169495792624602	0.0
1326	WNC	-0.0097	-4.311653834986213	1.5141046666213818	76.785709420029	0.8568434843770873	1.312276387606122	60.4656493330258	0.0
1327	SMWB	-0.0100	-17.410223077819516	0.7415085780069366	71.69559616272217	0.7534888538911151	-12.468330654622056	17.08100436766827	0.0
1328	OGE	-0.0102	-2.9328666302904374	1.39935660293179	33.52081333156106	1.367998689067827	-3.974445640693171	46.30264000954527	-1.1904761904761934
1329	TSLX	-0.0104	-3.413330078125	0.6750958665440009	28.951057487434444	0.9301889784209995	-1.3887659897511142	25.28404479986925	0.0
1330	LION	-0.0109	-4.939338792967305	0.9962953989480183	47.06697706262179	1.1195061032234654	-6.296623182478999	48.77676990057065	-4.33869839048285
1331	AXSM	-0.0114	-6.001844488479197	1.1852952346909138	53.60067141832769	0.9331852793447374	-11.09814537677758	17.80730999257183	-0.9466848940533283
1332	ATLC	-0.0120	-6.374288275810939	0.6316046833826845	59.245958219810134	0.7128402191955252	-8.617843195768469	11.621621219473283	0.0
1333	PBI	-0.0123	-5.153452654351107	0.5957748196712893	73.41896403919567	0.6723933321202245	-6.103473900607931	38.77317095114463	0.0
1334	FLO	-0.0124	-19.054440115640524	0.8694428044829656	0.9733951377992404	1.2486988530872545	-6.454977790348144	0.6594521655115102	0.0
1335	ROST	-0.0125	3.14090632708387	0.7799400504211689	81.81900861829114	0.7457329046685987	2.4430397723059243	97.29676693828735	-0.8175668342799228
1336	ETR	-0.0126	-7.878673638797131	0.9130256223924382	26.214642763310696	1.0635823625975998	-5.9670734375886045	16.921926563379785	-0.6312722563936558
1337	TRNO	-0.0127	-0.8046504404949296	1.2959287793827172	46.26411683242493	1.0583531978150535	1.5736261650334598	72.80735887533444	0.0
1338	BKSY	-0.0130	-7.310175481464939	0.6629341304008387	26.043985082627756	0.6974183954559859	9.714900130164992	43.12649682939713	0.0
1339	BWA	-0.0133	-5.756177748871898	1.624589715536105	53.67953991342438	1.4514565617810242	-5.125166036708288	59.15276800059176	1.3664596273291856
1340	PYPL	-0.0134	-11.696766387869623	0.7594038760480598	38.81732003262636	1.0556021555715218	-0.15894013189072465	60.71510289114893	-0.3979238754325206
1341	ANGI	-0.0137	19.057812675495473	1.1983523266663134	10.450160311732647	1.15458946641385	11.475126131310576	83.42574570800461	0.0
1342	AFL	-0.0138	-2.5990725096126575	0.6736035298054458	32.75515551334331	0.8348369655951816	-3.57865743122893	10.460249335828635	0.0
1343	QBTS	-0.0144	-6.256977406442683	0.860098616176271	11.8529431960162	1.0611001111446425	-0.9187300469901507	20.219106772665	1.1484352569623848
1344	MEOH	-0.0145	2.485851024729806	0.6473665216182918	79.94244253035072	0.8173438871613278	-5.293947669740989	67.57751660552825	-2.5352112676056295
1345	CHEF	-0.0149	0.4403752205870102	0.7123471375203551	90.86113597553214	0.7155389014588207	-1.5787483477040936	90.34643960062729	0.0
1346	GRBK	-0.0149	-6.195908887903872	0.726541741199354	34.47668768380331	1.0699137220605797	-1.4495323318122528	51.487623056268575	None
1347	EQPT	-0.0151	-0.4918041330057836	0.7482077021576073	12.645880283295385	1.3976847257218863	1.0533915839939443	73.49050620247526	3.8501925096254865
1348	DNOW	-0.0154	-0.8599587904926407	0.8230087689190871	82.29248046874997	0.7202904957551293	2.5752787319801267	97.01340073921483	0.0
1349	ED	-0.0158	-3.6179590608515175	0.9373490634160805	37.000478754370896	0.9545466195587085	-3.4104501514873253	31.769636760920505	-0.6340493990725861
1350	MUR	-0.0162	1.9471508987033956	0.9106646658873874	60.29674496070566	0.8816443698863258	-4.679235591245815	53.34095147294328	1.2932172077065243
1351	PUK	-0.0162	-9.123688500042576	0.9031686503340198	6.26327773821076	1.2280245877824967	-6.027046420724744	8.772706835852006	0.0
1352	TENB	-0.0165	-8.373199895313833	0.7255147858603127	67.0723021499754	0.6408743579162429	-2.360530249754906	44.39750208162503	1.031215161649937
1353	PSA	-0.0167	-8.486504699922587	1.1643940431221258	35.754978540592155	0.9560541139579897	-4.21338117537675	27.714172268683583	0.36304719613549147
1354	NAVI	-0.0170	-4.833520329293176	0.8565006066290035	24.797401242743046	1.1490269498502785	-10.028600048652194	8.75859064134707	0.0
1355	EPR	-0.0174	-4.412013154146021	0.9271204047856981	52.60972444980029	0.9354323035100617	-3.7333647819281066	57.144512339205164	5.572998430141283
1356	SRAD	-0.0178	-2.3474193818712776	0.8953603588212821	5.682481208180014	1.27445046291861	-6.0761936027790675	15.5048850156778	1.9198193111236581
1357	DOV	-0.0186	-5.123382826990349	1.0136855802467821	41.37711050978626	1.1076933190534757	0.6101815539718112	75.52271570716613	-0.345238095238097
1358	CRC	-0.0189	-2.077821123263363	0.6790199115290761	29.911258578694593	1.026322101930181	-7.701769183448146	14.85457827739667	2.7128547579298874
1359	SSD	-0.0189	-4.214161892511328	0.7363460204301333	32.30714235811232	0.9172812725958062	1.2432627573843902	42.52207052351824	0.0
1360	CVS	-0.0189	-5.456306279307115	1.0967804930419556	44.54699653660696	1.2244148942742192	-8.680258638525778	53.77230393303888	0.5581233103688852
1361	ALGN	-0.0197	-8.713168381375208	0.9865965325326518	28.390596745027132	1.0649761929895716	-5.850404216406645	24.058762090255115	0.9400244798041555
1362	SBCF	-0.0198	-5.129705816918332	0.8743302887521633	51.62547772510463	0.8104936396571268	-5.889403151067983	26.357504686444372	0.0
1363	KMT	-0.0199	5.263158559329845	1.0248525896960026	48.74092717482094	0.9554962428231117	7.468085954189537	99.18594905773853	0.0
1364	OSK	-0.0200	-15.26387110135814	0.9789237746077528	25.141232401338375	1.3192804078250733	-8.020531026906916	39.49696434357268	0.0
1365	MCB	-0.0204	-3.3158823139267826	1.2008287531294064	64.14680306462412	0.9194081237421364	-3.524484801322069	39.40753309351814	0.0
1366	MDLN	-0.0205	1.2121158743142628	1.2986171308678034	18.466933327268237	1.2302241277785955	6.988048739121291	95.28193622637322	-1.4401440144014415
1367	ERAS	-0.0205	-27.501281270511456	0.8312536394642709	54.38202298625132	1.0421993219344912	-13.18352570079811	28.272779220025456	2.4036469125569906
1368	BCPC	-0.0208	-5.161367313093346	0.8801918563118686	65.97360312045886	0.9001960184273864	0.4872617185713659	86.8696031649292	0.0
1369	GBCI	-0.0208	-6.790774388379433	0.8859540887581185	28.337884014243986	1.0297640749915111	-4.31563211578126	25.983888146922553	0.0
1370	WSO	-0.0214	0.0543087156568781	1.0707538128747844	10.7013790019621	0.957646794104712	-0.09529174930435691	10.421682426474675	0.0
1371	SPHR	-0.0214	-5.850410839850648	0.6921868597186177	65.56732564652795	0.765030681028142	-6.510379448915026	37.18556284435413	-1.8500000000000068
1372	COST	-0.0214	-1.2560707178758779	1.1188057770018678	31.239099552430787	1.3470968352782446	-0.1852583825202626	86.96672169601007	-0.08807167956287852
1373	SPG	-0.0220	-4.821071543476685	0.774159579002499	48.77092260488143	0.7176936775062969	-0.8363127971115158	34.60320732204244	0.5699121204211145
1374	LAND	-0.0227	5.63697865220981	0.7915261478606296	28.5433048338402	0.7597607746903149	-1.0467253504214933	8.76181484696238	0.0
1375	WM	-0.0229	-5.198380028924151	0.7632109275203254	22.82488419364354	1.0028637962641826	-5.963474691576311	7.298462543871949	-0.569966267302558
1376	AESI	-0.0231	-5.3846139174241285	1.4076497055785426	37.299809342848036	1.7079735442720991	-7.014341104617468	62.12110747550268	0.0
1377	FHB	-0.0232	-3.3307537587769804	0.9668811855674389	29.174531625364295	1.0214618817096122	-3.802412455829111	29.09645386923303	0.0
1378	GEL	-0.0235	-14.268288130138865	0.8279893449092345	6.3394768837770785	1.3046702853764711	-9.500452647010661	4.489210421155192	0.0
1379	SPSC	-0.0238	-3.788592550629914	0.5817499569074106	48.56448752275629	0.751664575895011	-3.0544976335661893	28.42542966647872	0.0
1380	NBR	-0.0239	-13.353703910251822	0.6414949835337367	56.08604166965544	0.6590931212369815	-9.30280385466638	0.4604861273589904	0.0
1381	ZLAB	-0.0241	-4.213270595169586	0.9235442720838466	51.86567448858005	0.7384363005852365	3.8942230088449086	62.70887792383424	0.0
1382	KLAC	-0.0250	2.93845228869791	0.9258601360220052	43.518752141435016	0.7893901438360498	11.2536879566875	89.67464064639532	0.0
1383	MMM	-0.0251	-5.228432593960837	1.3292711080640536	66.15451213243867	0.9450068746064334	3.9827183890041415	64.3123165557841	1.1061828675252463
1384	PRDO	-0.0252	-11.239281248332269	0.8362352891816485	28.293920852042532	1.0686296323186713	-9.847299457585466	7.044430196507534	0.0
1385	BXSL	-0.0253	-1.414714570362778	1.595707253001561	31.372539046543107	0.8808552220844907	-1.676413725601641	12.166388137517117	-0.8116883116883088
1386	KHC	-0.0253	-6.2475119270012955	0.4868418236086602	35.79021213242215	0.7450051165202071	-3.5470724100062028	7.121684637108359	0.0
1387	CIGI	-0.0255	-12.683303295880616	1.0710576077982261	3.03030738218583	1.2583529943630531	-4.972705980398201	17.549057381211227	2.971311475409832
1388	FCNCA	-0.0257	-2.8660140170591255	1.0549380076955963	70.54896072631365	0.9475936354917246	-4.1015946370940615	80.05380244143849	0.0
1389	SGHC	-0.0263	-15.25668596035556	1.014718177312783	44.054057662551465	1.0635296735230733	-16.244396389578473	0.047205845369461485	-1.2987012987012987
1390	ALSN	-0.0263	-12.000619046550174	0.5619433198380567	61.110215325611705	0.8732673506628479	-8.581800206086058	37.46703583549879	0.0
1391	LNC	-0.0266	-6.044581371809377	0.8097629517837163	56.16527481029847	0.7693692744813335	-7.796940737026784	21.269730989432205	0.0
1392	PPG	-0.0268	-5.693133881181275	0.998675187032419	34.01598935122494	0.9432192532495771	1.0505650093289156	49.282971327658636	0.0
1393	UCB	-0.0269	-3.5197214870324656	1.3721655567731603	62.60259880969282	1.013154582698265	-4.550417520990464	42.939925458710846	-0.8182494421026489
1394	OXY	-0.0270	-5.188439732681068	1.501481477280369	60.383938827647796	1.139545952561608	-9.815560610094835	17.143167960683385	-0.49698795180724775
1395	AGCO	-0.0279	6.050495033498132	0.6285857029851367	42.55926385063996	0.9518481834066597	-4.456480326419998	37.67106743532558	-0.936507936507942
1396	ABX	-0.0282	-16.378430001759885	0.8863496729270319	43.27957348157001	1.384497339218679	-14.004149046677211	49.296771693295135	0.0
1397	PESI	-0.0283	-18.963725587665998	0.4585382993675334	55.41601525371078	0.9949937564286013	-15.063660511227532	15.397013138593024	0.0
1398	FTV	-0.0295	-6.942590077661433	0.8726199038497937	47.77447075093888	0.7487716758071016	0.41114922261207476	43.817119294075994	0.0
1399	TDAY	-0.0296	-0.4687532712704946	0.9788015031635385	50.949911667687076	0.7606772815345569	-3.960041523479916	25.53425915266179	-5.181918412348408
1400	URGN	-0.0301	-10.109886756310097	1.416207328087221	71.64521180508986	1.0928795580812343	-4.702316517100446	8.816828807741814	0.0
1401	HIPO	-0.0301	-5.397118049495375	1.096030685387993	46.227383963603465	1.1981023739151715	-5.169911291628862	70.99334758841479	0.0
1402	FIVE	-0.0303	-7.684831183039304	0.7678165485293447	71.54864800570931	1.0404654853213435	-9.271831011682895	71.88462950702208	1.1234109647538075
1403	FOR	-0.0307	-8.14115952265103	1.2677778784310174	37.621631519214525	1.3327995667070918	-2.6343147371699374	14.328532180699426	None
1404	MSEX	-0.0311	-9.350155185522453	1.084993856509429	45.97446287029124	0.8456745719945552	-7.789786289057043	16.712033914497567	0.0
1405	ADV	-0.0312	-4.486987694606044	1.0948790449261703	55.940384116893625	0.5645206265890265	-4.793312920359623	10.79379180195987	0.0
1406	PONY	-0.0314	-7.712764962462073	0.7399937328710912	3.0988954848852535	1.1278715374693755	2.8060740394581725	35.256792680884516	0.0
1407	MCK	-0.0315	-3.8427453215587866	0.6027595427794886	48.165762758733024	0.6735913414119259	-6.621979044685405	4.159488664450478	-0.3222595618452545
1408	RYN	-0.0319	-8.919041784250293	1.0572348781522736	3.2748645090917226	1.2544782478863674	-7.831518068559195	3.4968623234845353	0.0
1409	BANR	-0.0320	-2.8502209664943776	0.8223245109321058	62.50701612673025	0.6179181304487441	-5.86212998380789	22.260677378871705	0.0
1410	TIGO	-0.0323	-3.690197807723546	1.5441427611307186	72.12806435331794	0.772439808513634	-6.542217677836099	19.635988767160597	0.0
1411	BMNR	-0.0327	4.721034067271884	0.6018796652818837	26.590909379901305	0.8704394949704239	3.570900203955316	20.350486158185632	-23.27044025157233
1412	ST	-0.0327	-1.76512113526248	0.6779526708208767	52.77886388832801	0.7383968504780525	0.2483409063049392	47.42370691414906	-2.7027027027027026
1413	CVCO	-0.0328	-2.234027705830828	1.0589572284592603	42.344357658202625	0.9998748670462366	3.4592334286030746	80.56488486470005	0.0
1414	SHO	-0.0337	0.9830260453664338	0.8906453833452875	77.2189405542859	0.7459287078824602	2.1991039632903577	95.60829348360804	0.0
1415	DAVE	-0.0341	-14.253628557160994	0.8769571555690187	55.05489877369993	0.8969251831118659	-12.945990385339435	14.606975870021571	0.6791397563086763
1416	EQX	-0.0343	-16.505578427588855	1.0198168441248727	26.205246226599794	1.0133551249181503	-5.853720470730389	14.530838282866824	-3.0685920577617423
1417	HST	-0.0345	1.4324068605127096	1.1442547718285947	69.8019786872486	0.8753286500091579	0.6747285503053864	94.71395446356166	1.007658202337767
1418	BLSH	-0.0354	7.240763425920821	0.45426309378806334	30.9109142712048	0.771669408474409	-4.954440569856393	5.646885804203038	6.542288557213919
1419	IR	-0.0354	-3.279731451499775	1.3348139436944273	25.2660299587047	1.355876744103936	5.270493371013705	78.41283445415995	0.0
1420	PKE	-0.0357	-8.67831913749708	1.0426553398729885	53.3549314513906	0.7716295873740254	-3.6499704540014295	38.20191768769265	0.0
1421	MRTN	-0.0357	-10.650068864386919	1.1481108678281986	39.10186282906841	1.1189414408727052	-8.26996421895113	38.62507316970401	0.0
1422	POR	-0.0363	-11.356339948001024	3.7066068535029815	13.289039079533083	2.0709712165639402	-8.733129776407951	5.092332784157648	-9.090909090909092
1423	CSR	-0.0364	5.937200717758349	1.2373085721368928	20.840421175157935	1.131764886198176	-5.654059585693139	77.39828915751121	0.0
1424	BNL	-0.0366	-10.837667293573281	0.630353643182634	28.34314806707972	0.9400231028402471	-7.9051084700137935	6.197144995615744	3.225806451612903
1425	DHI	-0.0368	-4.020374885540695	1.111402695730829	17.247578522476527	1.0219916893224075	-0.6144769003753147	27.314634646607317	-2.1374045801526718
1426	LOGI	-0.0369	2.356667279228766	0.6329199885911418	36.706952591831445	0.7983672777605153	-0.6515372173712013	30.255868814911196	-0.48639042185015063
1427	APOG	-0.0374	-10.364350554347276	0.6977237081938027	28.11723719529115	0.9942974987110785	-2.6663013033241945	32.35905830721826	None
1428	HON	-0.0375	-4.024681311199331	0.7337234007052358	24.298795228123463	0.8299888588727312	4.413610256927694	40.07022521591016	1.0306176182953468
1429	PCTY	-0.0378	-9.756555972983982	1.2904252850613291	71.69838699640013	1.04209722575719	-4.169662507031072	10.19508113245044	0.0
1430	BWB	-0.0388	-3.2364002998795827	0.660537565146103	69.66462135314941	0.5517225945776595	-4.174709396486094	34.00297291180813	0.0
1431	CGON	-0.0391	-11.897229808538992	2.02338150178236	74.85056588521488	1.563875177779637	-6.286370607135616	50.39059511844753	0.6158167675021533
1432	RDNT	-0.0393	-4.710725879784797	0.751568732539995	59.9371717835344	0.8773837407592283	-5.496464445350183	53.76161924474392	0.5291005291005291
1433	PSFE	-0.0394	-10.416664153573926	0.8851824388740696	5.395231881135681	1.1156348121328665	-8.4317564981653	9.325780657471299	21.428571428571427
1434	INDV	-0.0394	4.475925963748704	0.5844375753269564	70.71460846518461	0.7544581574244347	6.369940150411077	89.3086067030612	-18.867924528301888
1435	PHI	-0.0398	-4.306479790584204	1.0907140302777447	5.124563897990464	1.2127154620107188	-7.531322914825406	3.8469175474311754	None
1436	AEVA	-0.0399	-12.934710255228627	1.0757241287042612	24.21005989213917	0.8675543039363882	-3.348296465354106	9.494950529440928	0.0
1437	FCEL	-0.0400	-16.459629168771134	0.5735102289356883	32.421508827007884	0.5154003716347608	5.006624056318236	10.401889760532654	-6.2574257425742505
1438	AVAH	-0.0400	-8.176556724991237	0.593298051222609	76.99316150778246	0.9917591965953508	-12.37408360285601	61.55692570347772	0.0
1439	VTR	-0.0401	-6.297769956464238	0.6201257429484317	58.004040713952534	0.9703925769562619	-2.9336523246674773	73.67819678067175	0.4375497215592658
1440	CRI	-0.0407	-7.018596706293827	0.9753668473760337	22.267206477732802	1.1526974517734745	1.0176982158230774	60.706247838173304	0.0
1441	AEP	-0.0411	-3.675333852073307	0.8576271663785789	27.596237296157177	1.1040958027070087	-3.9187141132404086	39.96641365859856	-0.8028169014084411
1442	MCHB	-0.0411	-7.329194268429341	0.7494385627205646	46.05263325206021	0.721543748347872	-4.2392137628950906	18.843142856981046	-1.4285714285714286
1443	HL	-0.0413	-20.625291709521935	1.0846679280097684	24.371971039584995	1.151153003778256	-10.239071632510456	11.260889067694393	-2.4369388627618656
1444	AX	-0.0418	-9.901396188593994	1.0301359829611711	41.58833458898907	0.8564853011420382	-7.05364474438867	17.569688047718614	0.0
1445	ALB	-0.0418	-20.90300065532884	1.11022282038947	19.823570493753312	1.1677851183957946	-7.263391217926781	20.784843852743137	-1.6088969176922177
1446	BCC	-0.0419	-2.7675516035046983	1.4915470494417862	42.97366087464081	0.9194865593029609	1.1590799839474306	39.52264982442246	0.0
1447	SXC	-0.0419	-6.225675158295561	1.297463588149525	79.84496789385183	0.7771766205466569	0.42657598570400723	42.7194726567891	0.0
1448	RS	-0.0421	-0.040849564990699576	0.5712467422268016	75.97707068455613	0.7269811408040217	1.278254425703372	89.65564301071292	0.14297335272511746
1449	WMS	-0.0426	-5.784885037482472	1.0085285848172445	11.051037806830157	1.0724872922984923	3.726871362463171	47.159267178926385	0.0
1450	APLD	-0.0429	-10.604955505741751	0.9659323603812635	17.418034951593658	0.7962763490977545	-0.8250603557305061	2.9520619604383995	0.0
1451	HWM	-0.0429	-14.694559114197773	0.5310698706963701	35.261953970213796	0.814650561923973	-0.09771595541237965	33.4359924212271	-1.1750464999557029
1452	DGICA	-0.0437	-5.057951041233502	1.014350143501435	38.58586783360955	1.0350328947368421	-7.973832417078949	31.067479651574132	0.0
1453	BC	-0.0437	-14.780929698765737	1.0536465332193155	23.887653055910278	1.1595620927954977	-6.338786296151394	31.85747480894925	0.0
1454	CMP	-0.0441	-10.224543263048226	0.6981667748215444	33.09391927982563	0.8518273367689471	-7.56262739876953	2.8815874657176153	0.0
1455	NMRK	-0.0444	-19.626770902328712	1.1677224104182766	1.5415518916643973	1.402389899785549	-12.663899997991365	0.3982145689006842	0.0
1456	CHH	-0.0445	-5.104109884648814	0.7720776632693731	47.66214177978883	0.8828747901211494	6.0698797699873985	90.66504786902307	1.9437294754593037
1457	Q	-0.0451	-1.139687241315367	0.6945762036939438	50.955238492329435	0.7233882225282438	5.9295781156499245	73.9295851945858	0.0
1458	MRCY	-0.0453	-11.440254597623023	0.7250798779536848	23.781742227695993	0.7571739503980754	-1.7446820163890464	4.693062661734118	0.660036166365284
1459	TW	-0.0457	-6.780760346457798	1.071535436997685	25.77887136219025	1.0578403466214226	-3.9133930768289416	33.67801983925084	0.0
1460	KNSA	-0.0473	-4.636597037768179	1.412844742970419	85.67238892777775	0.8188443013200449	-1.2484459230148948	64.12679074962037	0.0
1461	IHG	-0.0475	-1.1716375978724183	0.9324370906583936	74.25984084004106	0.6841474378183998	3.233182509780823	99.74815667291907	8.29493087557604
1462	EXK	-0.0479	-20.70796560257151	1.006724045984661	27.60233962744997	1.1257976822233542	-8.440578227573182	19.01103579275177	-6.253794778384939
1463	NMAX	-0.0484	4.007634490834352	0.4556104330789012	71.74720716890053	0.6512709320907779	-5.007611105516995	47.77422604920279	0.0
1464	OSW	-0.0489	-12.95376148171762	0.7846446110628322	36.51355208721544	0.9085203335912647	2.642185495385956	61.411359794807325	0.0
1465	BKV	-0.0489	-10.794296133947933	0.7111536068334859	14.296933374157694	1.1946007298006582	-8.68209987053791	16.835135633740336	4.156403940886704
1466	SBS	-0.0489	6.6389975814859765	0.5763486560674927	26.13469496652985	0.874216126486293	-2.1542116963092726	20.704756111752445	0.0
1467	BEAM	-0.0489	-20.505249651789974	0.6689204448965229	22.18524427197076	0.8683917556792538	-0.16559837161452	24.54415962244208	1.5340037497869414
1468	ANIP	-0.0493	1.795673590619633	1.0382181809229152	19.1466149929055	1.0642541749476164	5.670967886991225	60.821568229881336	-7.9831932773109235
1469	MLM	-0.0495	-7.154890542824775	1.0053406376246043	7.900785902242618	1.5281682040337836	-2.647922526145301	69.74590049067508	-1.123731271145489
1470	KB	-0.0499	4.770144213662274	0.7925506141108559	89.04207371342045	0.556533827618165	-4.918761115742862	62.43126393766542	0.0
1471	MAIN	-0.0501	-6.007851934795045	1.075416752654147	37.592135717593465	0.8593329697734695	-2.92783597319422	41.14154584704374	9.090909090909092
1472	SBUX	-0.0505	-11.178449798961973	1.1184299458038838	53.13652104263963	1.1147670517140704	-4.457320885942443	77.6472948581172	-1.84362691695299
1473	CART	-0.0506	-14.14421445007035	1.1202202260884355	53.1829581583353	1.1308830028423855	-13.030699091040669	43.21859976623609	0.0
1474	SITE	-0.0507	-4.785339994580333	1.184073705513378	5.743079535181858	0.9570363275637955	1.1580763986371725	16.05718303633509	0.0
1475	TBN	-0.0507	-11.655633181136176	1.1169952175434503	36.870287779484826	0.9808044806517312	-11.854015636521504	6.502452984318893	0.0
1476	TOL	-0.0507	-5.939509464591368	1.281303924952154	29.550972145180115	1.3792603109200379	1.076930167390679	48.82254511990551	-0.5157358026138401
1477	CBZ	-0.0514	0.07316794744300144	1.2340168756173286	93.19852660684025	0.5834515201150573	-0.4201797215165199	92.8339101801941	0.0
1478	CXT	-0.0522	-4.4457837963689855	1.0289374889767946	35.41604085310904	1.0942034015966677	-5.259271642944441	44.938883293059284	-3.038869257950538
1479	NWL	-0.0522	-7.482994024776393	0.7266670081918513	58.37438564582411	0.6029721479010616	-6.340882178134265	17.387617374724826	0.0
1480	TTEK	-0.0524	-7.505458640310274	0.8125277660601694	46.62434731476306	0.8760065982672812	-8.303475970616576	24.3939210207908	0.0
1481	SPCX	-0.0527	3.2654264662172756	0.9693456693014829	33.6396003813452	0.7097679609489981	-2.430618564995238	11.97718478208047	0.3971103882387722
1482	HLT	-0.0531	-1.6580674336541577	1.0950952555413078	63.89048322735677	0.8858482787503872	2.494900149781172	97.83466731391717	-1.4145626690712303
1483	IREN	-0.0535	2.9361028306127532	0.6623967592417959	26.679184857536764	0.7606039427308059	-3.9804531109699934	4.026007362346647	3.3818138819912664
1484	UMH	-0.0537	-5.75757460160689	1.1168773834795513	57.04226023714308	0.8867258034797715	-1.1970945797983785	72.93634781812239	0.0
1485	HTB	-0.0537	-2.1505376344086025	0.5988159684258246	50.70422535211269	0.7960544087277036	-6.418746007732686	29.46505186587575	0.0
1486	NTGR	-0.0541	0.0	1.173145933014354	16.685327784077984	0.779406098831319	1.9448459237950741	15.036994731870678	0.0
1487	WAL	-0.0543	-2.7442460396889428	0.8439907056735643	34.16110490849352	0.982119303302685	-3.943188409797877	37.87705617412609	-1.0470639032815188
1488	GDS	-0.0544	-5.520735800611194	0.6277961955647108	21.672827390998663	0.584634943109769	3.9703571534880715	7.936901292252344	0.0
1489	MSA	-0.0544	-4.87817130174182	0.8155372694039436	53.98721211592934	0.8096743997773674	0.21349016613463645	65.64408625423295	0.0
1490	MUSA	-0.0546	2.1686196346582776	0.7772784203934281	59.4961900346543	0.872125507873899	-1.9589732884462987	71.59833780055776	0.0
1491	PGY	-0.0547	-26.91315635117158	1.1551964288944516	29.049295774647888	1.3625122864735377	-21.515084012686284	1.286609834047212	2.392857142857149
1492	RNW	-0.0553	0.2932548449136124	0.46445344129554655	63.68353184404385	0.44996986181756654	-0.4752298093776758	33.63628655266854	0.0
1493	VTMX	-0.0557	-5.130436109459918	0.645844088797109	60.40608749776929	0.5936811168258633	-2.7155759194881166	34.948186006449944	None
1494	HTGC	-0.0558	-3.481738552588061	0.5929082969432314	59.11601928935747	0.6782626556662688	-4.432795529985211	36.954755582095764	0.0
1495	WEAV	-0.0559	0.9588999040446895	0.19037286195657518	90.46242443812376	0.5216348023151183	0.06141013829796016	84.02287416716469	0.0
1496	RHP	-0.0562	-5.488463183060594	0.7781150891236878	71.34600361277148	0.6875962460412006	-0.711662914801513	71.78755718561194	-0.9280575539568289
1497	ALLY	-0.0564	-10.645771813458277	1.0135416614634585	19.9648076227703	1.1175046875196624	-9.56299111750369	8.435622950369066	-1.5165357208112522
1498	CWT	-0.0565	-8.844081237134727	0.8483792451167175	34.876295669689625	0.8629136889942421	-5.9502790948169455	11.226381579058824	-6.25
1499	RIG	-0.0565	-8.013929959098336	1.2787531255082005	48.59611684251295	1.080610687382797	-3.7409048612665208	2.941200472284791	0.0
1500	GPC	-0.0580	-6.269196969093194	0.7148780252627519	61.4410345168819	0.5285068007205768	-4.435174741779742	22.84787085344314	0.0
1501	FIGS	-0.0580	-9.801327539877795	1.0227988411638747	64.42396207888554	0.9650930212971245	-3.196750971115359	85.38541700141984	0.0
1502	NVS	-0.0581	-5.024241396913827	0.88086429423603	51.76928795829924	0.9316891799875121	5.0550206761841725	99.61228202346548	0.0
1503	RNGR	-0.0585	-6.780699776699238	1.021849060204179	48.73828736671716	0.733180484678155	-8.471883238412444	11.05392532991307	0.0
1504	AWK	-0.0591	-5.677086565969898	0.8921478713575104	33.34660022250203	0.8040958174000911	-7.812839269074038	0.17311354314671235	0.0
1505	ALKT	-0.0592	-34.2014737478069	0.9593657593379803	1.5088042189669157	2.3181016339186735	-33.26751672765358	0.5505835196076134	0.0
1506	CNM	-0.0592	-3.0864248674296815	0.7626346826687851	12.022411562141807	1.051344513985491	3.2499490605830164	48.08908134449448	0.0
1507	FNF	-0.0595	-13.150100436222335	1.0671796880802622	5.202470448288383	1.3984152648616937	-7.869329537368667	30.46471028789213	0.0
1508	RXO	-0.0596	-9.600723235082206	0.9022757530888775	49.935813188858916	0.8812558083381765	2.9240917054283853	81.74007852104074	0.0
1509	AGO	-0.0601	-8.504743222171923	1.039774960183672	5.5806294199771695	1.4758717398925458	-5.462566051870754	52.993502160293254	1.869472741520208
1510	APO	-0.0605	-10.82134455726414	1.1297774249092187	36.18090452261307	0.8796324498951625	-7.877508984465024	13.475140867261686	0.0
1511	BABA	-0.0606	-6.491269521830918	0.5170722178176177	16.656736329191972	0.8216990657243101	-1.0519318711160728	8.356436247864494	0.0
1512	DIN	-0.0606	-13.467305790547949	2.2063669473724783	34.16413605756672	2.1022808755672084	-1.1731794699458051	65.5327808231041	0.0
1513	SUZ	-0.0608	-4.3526823846243	0.6242064329793451	25.50250489508088	0.9451388210517253	-7.469473519321051	6.096822511903639	None
1514	SEZL	-0.0608	-13.910969455859224	0.8003072092217139	40.216129575102805	1.0916255329433182	-11.537165234082375	28.709346922363423	0.0
1515	OCSL	-0.0609	-7.478799129207868	0.7041757467696845	37.2282608695652	0.7368634054827126	-6.20779896555953	7.841665313775593	2.6400000000000006
1516	HY	-0.0612	-8.076139248890799	1.994307968843619	36.668910941795836	1.756025804079006	-4.6854640231805345	63.353947722704355	0.0
1517	STRF	-0.0620	0.9456046045901614	0.5457463884430177	60.92620275472594	0.639555443293761	-1.3882923656491735	48.47132376783205	None
1518	NVR	-0.0622	-1.5326497828165078	0.9652814308258811	28.413596816540625	1.0210346787947697	-1.1243783258761266	48.29234753978927	-1.4693765449052458
1519	PHM	-0.0622	-6.011836486455251	1.0856749632392497	29.547340331624472	0.9534765967751573	-0.4619060026584723	45.401231996098204	-0.8003931755950395
1520	COIN	-0.0624	0.5610277152795746	0.6392967127746801	20.026608358157308	0.7854828460788613	-0.4440558958790319	13.317118914394072	1.2929567880231356
1521	KIDS	-0.0624	-3.1732409125305607	0.7287692307692308	66.2337656144972	0.5819044851302916	0.45265909891252765	58.12617478138839	-1.1379310344827527
1522	CAE	-0.0625	-2.4899555878843067	0.8253603206323334	13.240424099699533	1.0092178335787179	-0.7861156545338153	25.369212325827974	-2.405721716514961
1523	SYNA	-0.0627	2.8384100588242833	0.7218970507744121	46.32830629786586	0.6620342486460138	4.9537833537769895	54.64278734083426	-5.523809523809524
1524	SOLV	-0.0630	-1.5286477345027767	0.7008306460900611	85.46255794690795	0.6478574947693057	-0.9333792687479001	89.27156745618456	0.0
1525	RHI	-0.0631	-18.256621472783575	0.49631635585303263	60.03216052084118	0.7705389503738764	-5.708145514551715	51.0282344971077	5.7719647426784215
1526	WULF	-0.0632	-8.308064915553267	0.6719726115590362	24.006194556319475	0.7662526974959231	-2.8840919122014443	3.2046904848924527	-1.8157543391188242
1527	DRVN	-0.0633	-7.035568509778669	0.8309634803957388	26.133336385091138	0.974988375179717	-6.3153110259687715	19.753918907959672	1.9230769230769231
1528	EZPW	-0.0635	-10.403952163851281	0.7081537795675655	69.46194824869633	0.7049900030678417	-5.172727619464231	53.978475929028924	0.0
1529	TFX	-0.0639	-7.501277290555097	2.175797208678189	60.687187089285956	1.5547342503598336	-2.862632792404741	88.09784036962037	0.0
1530	BLMN	-0.0639	-24.233714891378412	1.0908165768946398	36.55913773403372	1.033397035176125	-11.844990795354889	17.74196310704812	2.0938023450586267
1531	FUL	-0.0641	-13.385966786167078	1.9112625079838195	12.175097728612695	1.9976869391824525	-3.7607518940278144	12.725503032209119	-2.2388059701492535
1532	AIG	-0.0642	-5.024140169794108	1.06668749296458	9.538645756214928	1.0227836398709254	-5.222513911340618	4.506066565207661	0.0
1533	ZM	-0.0645	-12.935069338316826	0.7314722625775689	37.69301328737015	0.8224468607927385	-9.07382464022803	5.647735841501358	1.2461059190031134
1534	ELMT	-0.0648	3.154397921697162	0.4000916266080975	49.043057333719595	0.8486661557099414	-13.923974466711831	2.7162250438103115	0.0
1535	IOT	-0.0651	-9.410075775542005	0.6587706557995284	60.39850687080026	0.7812434575481133	-12.22733134114737	18.845248445149423	0.0
1536	BF-B	-0.0651	-4.582111321617076	0.834866586528633	36.73470125290556	0.7954559767675702	-1.4219474424491416	32.3690667082859	None
1537	PRM	-0.0651	-12.956602487330393	0.6664839875896085	44.288030107020035	0.991595772106213	-11.29130327617301	24.811511722513657	0.0
1538	ALGT	-0.0652	-4.681851103398011	0.7885467560504488	29.224298033310003	0.9022350525281986	-3.105718592003454	28.4707426975135	0.0
1539	SBRA	-0.0654	-4.251212732758721	0.8206961097150269	47.32142312186104	0.8871570885237863	-3.93872070586606	53.32866347605104	4.043956043956051
1540	ROP	-0.0660	-16.250680651224567	1.1757121781512747	22.31097900798812	1.0677781093754473	-10.91281628013515	3.7118325613215575	0.0
1541	HIMX	-0.0661	-0.7818028362695026	0.8132342741099329	38.98026336703384	0.5659813317516311	2.0254101783774656	25.329265212112574	0.0
1542	NUVB	-0.0664	-19.88554952789709	0.9333932336608172	35.55900473031939	0.7878192142176308	-6.345554284058604	9.827830325373398	0.0
1543	KSPI	-0.0674	-8.751549618562976	0.5418272258574127	65.85247810114684	0.888891668047561	-5.259388389648203	71.46027599741741	0.0
1544	NGS	-0.0677	-7.485879693936291	0.6539803888981219	37.84067085953878	0.8168140262650833	-8.627260080958155	6.8231187318025235	0.0
1545	CR	-0.0690	-0.9857391141300931	0.9476763080922976	66.75126645367358	0.7914980698572159	3.2277884172395703	99.25399167731777	0.0
1546	CME	-0.0693	-6.300281929670312	0.7149598993692737	40.53224197958952	0.7429013581768624	-6.761559668861631	10.553649513773408	0.0
1547	CCEP	-0.0708	-4.146474991517168	0.920011389656768	62.771467585598174	0.9307974158888708	-2.3413321588744833	85.56896901533797	-0.31858102290339635
1548	RELL	-0.0717	-4.8916018452617545	0.8315455875182837	56.16836437120148	0.3456517357975114	4.476633368140698	36.26426667482757	0.0
1549	DEO	-0.0720	-6.352479863998105	0.7602082959238643	45.52656937527082	0.6647729129926547	-3.043007730284091	29.132306012716654	3.6303317535545006
1550	JBHT	-0.0720	-14.16910484402076	0.9065453272663633	56.14995972878236	1.038524987869966	-18.41137827216559	16.748271497858354	-1.1310299869621991
1551	CORZ	-0.0720	-6.242907656510559	0.8155464100110871	18.50336426637633	0.8477355699522174	-3.2159777119248356	4.581480502717454	-3.0140845070422544
1552	FNB	-0.0720	-5.732825738581826	1.4402803064133833	57.89474279095089	1.0901594595449131	-5.427758479208276	33.3660403912525	-0.8126195028680769
1553	AMX	-0.0732	-7.829787883352727	0.9927773953327756	22.285712541852668	0.932746705160021	-6.93652899986596	0.3390716836066048	-6.9775474956822094
1554	HMY	-0.0738	-15.644321484100395	0.8868999508081852	36.147350507430275	0.9750425713567007	-10.249763572966225	15.633880726750874	None
1555	EE	-0.0740	-17.112566789699162	0.5774969815246528	44.270693731937946	0.8997328197686246	-13.697344263318065	5.210837185736381	0.0
1556	GPK	-0.0743	-18.35834013867923	0.8346485865233958	4.21245421245422	1.124514177143959	-3.4577851723213455	19.395282048177535	0.0
1557	LFUS	-0.0753	1.882356793286944	0.9337285623544357	73.29440943642757	0.4855675825700805	7.701797295604367	93.49377370351905	0.0
1558	GM	-0.0763	-6.428406702145978	1.2815432732112935	70.12259965258113	1.0465465473003264	-8.102146274233405	28.316426867004196	-1.6098051769871078
1559	IDCC	-0.0763	-2.2441295039646407	0.5517308725159904	47.718105131798296	0.7473368168827045	-4.511413378408356	33.42122795638089	0.0
1560	DIS	-0.0776	-1.1514729081142203	1.4708584922446983	53.815246336910135	0.8933997242961174	-3.384331469782219	55.88380990274521	0.7372175980974971
1561	FIX	-0.0776	2.6823904248522816	0.9481715387815302	68.11019768228529	0.6272352132049519	4.1483816052139275	87.71600057738665	0.0
1562	NSLR	-0.0778	-23.80952204419581	0.6020859671302149	3.2520345879118016	0.9546562747843456	-0.8760987256931585	9.87959036103689	0.0
1563	PAC	-0.0786	-0.47940365372883315	0.9020896307004862	16.27345515782125	0.9854118351163312	5.539916654717713	61.45207653029223	0.0
1564	TREX	-0.0786	-3.5380965463699767	1.3892154911998265	59.804315640884575	0.8827032830830427	1.1648834588484323	62.23415563075091	0.0
1565	PAYP	-0.0789	5.263159215615413	1.3412735269210807	30.655226209048358	0.7229658394514896	-14.968542520736072	5.76855746517964	0.0
1566	SMA	-0.0791	-6.55884596208746	1.0393770637228328	19.288801324778593	0.9875561772465705	-3.757313076093526	24.810562543526032	0.0
1567	HCA	-0.0791	3.1621142465362433	0.7634142694470962	38.8140058774086	0.7908565798603284	1.0493723164333544	51.11571110720077	0.0
1568	CHKP	-0.0791	-2.972297216894365	0.8661359144392929	17.31179952500349	1.034159680372615	-7.285902889460498	11.338618418988943	-0.5084163517691577
1569	NPKI	-0.0791	-14.53874715349335	0.7792143703118831	14.731367828527805	1.190364906643297	-11.33868779439155	8.820603440900143	0.0
1570	CTRI	-0.0792	-5.681821568445591	0.8807335953921674	3.7152998384218088	1.0184455039610267	1.166807642478706	21.484013355885423	-6.60377358490566
1571	DECK	-0.0794	-9.232017898366534	1.0686543742644175	2.203919435332943	1.1002615475537065	-3.3283759699819733	15.379586416028431	0.0
1572	OHI	-0.0795	0.8425132467811587	0.8789944417601441	56.511807350919895	0.9432936928227692	-2.0158155548893593	82.17839999148569	0.3559422582558824
1573	BKKT	-0.0795	-4.988124376345706	0.6423682394822281	2.9944289693593316	1.0952141472392476	-3.886463976562953	13.470427607875905	0.0
1574	CMCL	-0.0805	-8.663273116396043	1.1509608827181002	32.53274776008973	0.8388911588144702	-8.234652107408998	6.684909358500235	0.0
1575	NVCR	-0.0810	-12.006669677004977	0.7476469148439064	51.672254524168636	0.6940524962763774	-3.0260813495446586	4.994006790528005	-37.6474553420964
1576	ARWR	-0.0815	-26.109039631515472	0.8608514832183509	51.51759619708211	1.1018892207401605	-19.476238124952914	16.3378120407054	0.0
1577	AHRT	-0.0818	-11.010558167012103	2.922513424773845	35.00000433488326	1.6379690949227372	-6.0703589987451885	19.92597980010447	0.0
1578	PNFP	-0.0819	-7.4470231951567785	0.8388569057621492	42.32478319477832	0.8549353009539112	-7.245681910192065	27.154774472934918	-0.6029140847429232
1579	AES	-0.0821	0.8135585461632681	0.869845302752963	40.59828815297184	1.1318256497144261	-0.14867514159296175	90.25505649620764	0.0
1580	AON	-0.0824	-22.15928366977808	1.056687160431377	2.7179722057144753	1.413496948976694	-13.28133705232857	10.304771556655439	0.0
1581	LULU	-0.0830	-12.539128842561142	0.6998618626991269	4.003675902208293	0.9840284157514962	-0.3424847595552064	18.221663092425317	0.0
1582	BANC	-0.0832	-5.763073302543664	0.814933571917794	35.30302799109257	0.8273657749082843	-4.955336603008673	24.130989255360205	-0.5393258426966338
1583	VLRS	-0.0836	-1.886787229650109	0.5217732444095724	19.361282013609497	0.7099246911578518	4.6743064231136575	38.771313816324756	9.090909090909092
1584	DLB	-0.0845	-6.761738873611152	0.673551682873606	40.121206572561555	1.0403151905484254	-6.6303703718987705	50.22937420501965	0.0
1585	SYM	-0.0847	2.09042446064779	0.5372861220519526	8.60557768924303	0.8373777778227968	0.3398961183137533	10.754013700180963	0.0
1586	TFIN	-0.0849	-15.697994143866707	1.0355596681978916	38.28525496930503	0.9051600774432503	-8.855335545240296	21.44143077393663	0.0
1587	PINS	-0.0849	-19.53671100224255	0.668025492770277	21.177015048248883	1.0856669498529463	-7.122411165454617	25.889613960462313	0.0
1588	SXI	-0.0850	-8.13815802455017	1.207189701238766	45.789173840644246	1.0957012864763098	7.622927789314344	57.403137478402606	0.0
1589	KRMN	-0.0850	-28.975112598734054	1.0484856471373436	1.7173361628867239	1.2491845857781474	-3.6728876183687778	28.18649317946135	-4.573170731707317
1590	MMI	-0.0851	-8.876297306237817	1.3868009102820495	49.56141187433612	1.248198034219148	-7.113888879067165	6.604540125661927	None
1591	ATEN	-0.0854	-5.660379755008377	1.722641973240985	40.87391898042785	0.8690983339930475	-1.051168138350051	6.076343346409331	0.0
1592	CDW	-0.0856	-12.512585914551192	0.972969053977307	50.81867150888246	0.7990025763709975	-14.708656954243235	0.8815947816414678	-0.20625000000000782
1593	STC	-0.0857	-17.717716767593675	1.1773610293499286	7.0680379999000715	1.3239618977157126	-14.76667171400137	0.0768934590423953	0.0
1594	AVA	-0.0860	-7.816641843507459	0.87248322147651	3.0066917096585826	1.0855847520355293	-5.696681606943125	5.891569099880158	0.0
1595	SIGI	-0.0863	-7.822319590449486	1.4706552446915155	44.53295376920595	1.2139489344563956	-5.475142385949523	13.170482308721745	-1.4388489208633095
1596	CPS	-0.0864	-17.53787586237988	1.005596957234299	5.481429707045337	1.036689930209372	-7.627196667309507	19.88861000842752	26.190476190476193
1597	PHVS	-0.0866	-13.756757169156462	0.7866377059794073	49.82300817438986	0.9445982517808816	-18.50636208810816	0.4864065241760045	0.0
1598	AMCR	-0.0868	-8.018055686871413	0.7756519212609864	44.52008792054013	0.8780225665062593	0.6564626293323592	70.16299907928888	0.0
1599	POET	-0.0870	-9.523806751339132	1.1076909528705818	20.89728363289321	0.7240881431537831	-0.8908248000196443	7.530302751980642	None
1600	RRGB	-0.0870	-20.806794291641705	0.5102425266693219	58.8928155258772	0.7851041215604456	-4.487627771811352	57.13514940350705	0.0
1601	XYL	-0.0870	-10.421657971369418	0.8520461232958243	1.367844107411041	1.127507802050825	-6.743140448211129	4.150848512395271	0.0
1602	HTLD	-0.0871	-7.44336651981162	0.8423520684584918	46.058086933436726	1.053808442492998	-8.734097808360437	51.828952094002894	0.0
1603	GSBD	-0.0875	-6.614018447431411	1.2960140465535952	54.70297218549368	0.8271709321903054	-2.386963536333892	7.480783996113956	0.0
1604	PNW	-0.0877	-6.711614808242583	0.9147437818399761	20.576459947254662	1.0318298549571383	-4.898377457160626	27.980221589558425	-1.2135922330097086
1605	AJG	-0.0882	-11.797035518989466	1.107922734026746	31.52280677025015	1.1850482694226963	-10.033409193201736	40.60315031559354	-0.2778248348297453
1606	CNR	-0.0882	-13.043479892350943	0.834769808835777	34.08240081368017	0.9016357563588958	-8.825178004443945	15.833147444037664	0.0
1607	ACEL	-0.0882	-5.897432407109063	1.457280996830822	32.80899390745698	1.2302746239361073	-5.1316158307935495	18.26945871626708	0.0
1608	LIN	-0.0883	-2.7423503433015286	0.9374733501328523	52.524628191573285	0.9252827424505272	1.021299803670332	88.71947502008764	-0.9254121395456996
1609	ASLE	-0.0884	-5.8407065156800515	1.0884916531245383	3.120361713562469	0.9819642216452488	-2.466662711138653	5.324917674894024	-3.4482758620689653
1610	STRA	-0.0886	-11.299366630109525	0.936762928454922	31.003513040985382	0.9673645044156542	-8.865329617231385	19.16233724586685	0.0
1611	MOD	-0.0887	-6.049060394043839	2.3336812285671686	30.112695471369268	1.1618901398839987	-4.5408466594368	7.48394327011988	0.0
1612	VG	-0.0894	-10.980657798197766	0.9228083331001081	60.252103725401284	1.0968220523090655	-16.20776289711599	45.077313142032295	0.0
1613	LZB	-0.0895	-8.860371705132405	0.7104679720217077	5.694617795407091	1.2163702570056467	-4.302625752392958	26.091418458931216	-6.976744186046512
1614	ZTO	-0.0895	-7.173196882749728	1.5906638281591068	19.283066456043834	1.933365683524149	-6.5068114277468965	66.23365962229269	0.0
1615	PPTA	-0.0901	-16.653936438226822	1.0361369035818402	25.72247286756255	0.7466034428185337	-3.858894680328214	7.404254750331404	-0.12054001928639624
1616	IMCR	-0.0903	-16.62585200095663	0.7042910858481345	23.44224460219177	0.8370897249121604	-6.228546065439724	4.581381448596346	0.0
1617	ENOV	-0.0907	-26.862666519486645	0.8644646320542825	5.06478119795117	1.02493984488759	-0.950951579971151	28.64909238032199	4.972375690607726
1618	CNP	-0.0913	-6.795627186120521	0.9683406528005851	2.812136466645311	1.062303361853026	-5.873916457470335	3.08647493285946	-0.28181226967266976
1619	KEY	-0.0914	-7.356951887175047	1.4026518165613928	51.71052129645097	1.394016550517015	-7.5983932665092375	40.75358377027877	-2.019417475728154
1620	DBX	-0.0914	-11.036791733376909	1.3273467945570459	62.063733391769006	1.5137874790117534	-15.06817807167743	3.700328782485201	-3.125
1621	PTRN	-0.0916	-23.35465675961156	1.0280054365180085	37.59578763296778	1.0331221534093658	-16.645676920879158	2.8110917658404873	0.0
1622	EQT	-0.0917	-8.946506271544735	0.733841002490104	9.507383900910188	1.1279927578682278	-6.8986620398110166	15.855623293916665	-0.789512885446151
1623	KT	-0.0918	-2.2449006402755147	0.6792486592884603	27.24832009949142	0.8552502020462254	-4.677727637825459	16.772460603145603	None
1624	EYE	-0.0920	-9.792948616756041	1.035289606581235	8.971845705523238	1.1913917050691245	-8.559963416426722	16.14625856558942	0.0
1625	HDB	-0.0924	-0.22261459972682282	0.7200095630209932	4.081631679924168	1.0513836277940027	-2.7186296857699537	15.361949975513753	None
1626	MAMA	-0.0929	-17.915110844098184	0.906133889861552	29.27927584261507	1.004848757787285	-12.247993375809006	15.274899341565927	8.571428571428575
1627	ASIX	-0.0930	-3.60416051322473	1.0344955352180518	13.301660593596134	0.9027046842671008	-3.98968152292314	18.80548050562909	11.11111111111111
1628	SHOE	-0.0935	-4.552023898085843	0.7940671190249805	24.71264399135446	1.0129565909954557	1.7021354739050092	63.78406594473071	0.0
1629	TKO	-0.0937	-1.4972304229500668	0.8432553620805621	10.954067198772453	0.9907815273991427	-6.888422483158822	2.741758242629402	0.0
1630	ECG	-0.0940	-3.618636170099442	0.6750208736235896	41.22564258496032	0.6605753385960232	4.250707335786663	56.9722815864312	0.0
1631	ASND	-0.0942	-7.743823191902953	1.0184663735784618	45.78338645912194	1.2856314059176175	-13.78411343608223	58.67239623115944	0.0
1632	GSK	-0.0948	-1.1338764464566229	1.2184137905263168	39.84962788440828	0.9601422824285603	-1.320943707723376	56.47381129107653	0.0
1633	GBDC	-0.0952	-4.437642978184134	1.032845532029477	27.272718602960772	1.111291860578882	-0.4612651029187396	70.03649197124301	-0.1472754050073606
1634	SLP	-0.0953	0.32572999833805943	0.7734117603261174	74.49596312738232	0.7390039748594581	-0.2959160481339452	95.20197656488413	0.0
1635	CINF	-0.0954	-6.144218549157366	0.7035402162642571	26.601201001886437	0.825869301806912	-6.493059749914492	7.950698908677197	0.0
1636	MTH	-0.0956	-7.84063359564403	1.085421653889276	25.484460694698356	1.084614914798754	-0.4366849619126039	62.93160450806664	-1.719901719901718
1637	STVN	-0.0957	-3.9910287896752052	0.8182036524724908	56.42384004908683	0.6370733765891228	-0.1995064879534384	56.97782920302475	0.0
1638	IESC	-0.0957	-3.4704997823700836	0.5449988778334705	63.82509607367675	0.45582821486812425	0.1732244407606549	47.63234441272175	0.0
1639	PJT	-0.0958	-16.523006642432755	0.9763200306371572	31.536307835687776	1.0078555715226862	-7.867118017947682	31.091962594708548	0.0
1640	AYI	-0.0958	-10.489818901895848	2.4010709975864843	39.68976176570239	1.4692081591133557	-1.634461473687968	30.775875530282946	-3.75
1641	ARE	-0.0960	-6.924252135442479	0.9254330748936185	20.126196360774827	0.8947465094301953	-6.972683951025575	2.711283274181298	-2.2004889975550155
1642	PAAS	-0.0969	-16.615046517207073	0.8308298119453482	34.38092781837896	0.792529852785992	-6.522137345605447	12.969797753853044	-2.754205746613084
1643	IMTX	-0.0971	-9.188030857071011	2.0729841082989995	14.254385964912286	1.8632406883588517	-2.013756106242603	61.04329942311454	6.7615658362989235
1644	GO	-0.0974	-5.128200321168172	0.8893178347191584	48.0370567399182	0.7351122214230874	-5.424385954454701	33.66034772989164	0.0
1645	WFC	-0.0977	-4.895849832112019	0.9864141803810772	32.145706799814846	0.9261474071969233	-9.52707002055666	15.8441214848973	0.6550868486352324
1646	LHX	-0.0978	-9.267888014308477	1.1677597279203251	2.1501638193046073	1.042474800732604	-5.132952862828828	1.7610103722509933	-3.3497688751926056
1647	SPRB	-0.0980	-24.944709487899487	0.4285281137351346	17.07306493259228	1.2503629233202609	-17.050846404040332	1.2987736036823776	2.6785714285714213
1648	GSIT	-0.0981	-8.5858623563799	0.5949850076519836	12.637361458369668	0.5818142410622619	8.414494667215337	25.20325381941825	0.0
1649	RYAN	-0.0982	-12.367818547391343	0.9687914994577254	29.560270629944036	1.2270929903852377	-4.577301751049689	70.77184850486528	0.9083402146986063
1650	HLF	-0.0985	2.024291435448915	0.724881193471087	39.25233941954616	0.9171582586400747	3.942670816840192	90.33597124039498	5.88235294117647
1651	IMKTA	-0.0987	3.440304070225301	0.7499773009291486	63.065578175694924	0.7466367713004485	1.6622749064365014	85.82908311293772	None
1652	KLAR	-0.0989	-11.420416526270289	0.5463705833708761	1.070663344790789	1.3080215798704284	-13.533927819018608	0.07906831870681685	1.9860440150295275
1653	GLP	-0.0989	-6.408736625285781	0.7853312575678948	51.59754023756161	0.5908242134871298	-8.348564758271397	5.676574555840034	None
1654	COLM	-0.0993	3.254747482678999	1.0741564953743294	51.9684975762343	0.8899645814714765	1.1470386945532367	87.86284775879234	0.0
1655	NI	-0.1001	-4.541017216615764	1.091368019829168	2.233811760188511	1.216855454250097	-5.4183376348369094	24.095965776351363	-1.362619483424856
1656	NNE	-0.1002	-16.00831580221508	0.8051055840923583	3.141247503059161	0.8140477894715212	1.077532671310804	7.135861743396191	0.0
1657	JKHY	-0.1003	-12.862527790577888	0.8433567599099975	37.014522908388045	0.8618463555297768	-10.788765716641068	11.536217306449231	2.037234042553198
1658	ALK	-0.1007	-5.924170509009872	1.4207565958373742	24.16666943094004	1.2324085847352355	-3.102604887658592	28.039822244828798	10.794979079497914
1659	LCLN	-0.1017	-8.220269392830637	0.7773365985876982	39.33333333333333	1.025192355045919	-14.832759593051332	15.027992782543407	0.0
1660	COF	-0.1017	-9.327544942018081	0.732928029600063	26.01874322466883	0.9629919634022401	-5.566481697761265	30.400081003468117	1.1075521938795216
1661	TRVI	-0.1020	-19.82182431746439	1.0668785246924055	49.78429351622324	0.7687942035483759	-9.99861705087229	23.741666446812786	2.852173913043479
1662	LOPE	-0.1022	-2.5234759193778387	0.7760766040247837	13.664519428280238	1.004434490481523	-5.2346262576672515	16.656416265504987	-1.282051282051282
1663	AROW	-0.1023	-1.3315883334005636	1.4069674221995483	70.80856667971072	0.8730480745965866	-3.549977360913	81.53074529439179	0.0
1664	ECHO	-0.1027	3.180293698598422	0.9007229244339365	28.788809940732758	0.7164727217772404	-5.595549762846073	3.7948513501785897	0.0
1665	CNMD	-0.1029	-7.631160921852834	1.1261229681412561	67.68676661672515	0.7187298058779434	-0.4060391645872185	84.21251701508898	0.0
1666	VMI	-0.1033	-2.6408345938116247	1.3938451158257739	43.2471454272669	1.0169189825923826	-1.5449869521111643	56.20477397144919	0.0
1667	HOV	-0.1042	-10.448230536795814	0.7444963308872582	38.55337668000983	0.8092173711995684	-4.018256093553818	33.32650075573086	None
1668	EVRG	-0.1047	-4.31097345341712	1.7358685571648065	37.7687603841335	1.0832708320853053	-4.269923224279166	29.726367522509776	0.0
1669	PHIN	-0.1050	-10.768323856647184	0.9355253592797629	27.517990255857207	0.9811911779362977	-3.9172990468944087	41.916185822505994	0.0
1670	PRK	-0.1050	-8.356477049602812	1.0731646516265736	49.1962390051562	0.909737703362899	-3.8629307099249277	62.148016674191666	-3.3175355450236967
1671	ORN	-0.1052	-14.182931404839765	1.1079243261131642	2.8969998011773233	1.1532737035046017	-7.946838395485042	8.701283087044416	0.0
1672	DMRA	-0.1053	-32.189543329007726	0.8073063656318595	49.533381191672646	1.5750060301694015	-27.532528589266757	46.29834563683561	6.068181818181822
1673	BIRK	-0.1055	-6.627018016368302	0.6163348278285125	14.615390484149643	0.896506951308092	6.912605045463319	60.91458811749826	-0.31563312291125456
1674	NAVN	-0.1057	-34.66317988200011	0.9755617211364702	52.14050292968751	1.0089376164177641	-7.126097344598081	67.18361655771513	0.0
1675	VSH	-0.1065	1.5437926107486608	0.8374530334923439	35.45927130370247	0.5888262395918392	4.021212202222731	42.00559059829584	0.0
1676	FMS	-0.1067	-1.375159813189672	0.7493613824192337	38.45145358188259	1.1330183696226304	-0.22794460209349326	93.11624479150888	0.0
1677	LNN	-0.1068	-0.31507141923762544	0.594836106078076	32.781394689294125	0.9342428754458257	-4.373543079943605	42.389656491292094	0.0
1678	PENN	-0.1072	-12.060012474258222	0.8005877251210093	33.520072559459976	1.1055289573057951	-15.954980651371093	13.579227984872134	1.0243277848911736
1679	EXP	-0.1077	-11.04648771181689	1.0552382506527416	5.276033610535071	1.0624461084638075	-4.344207561728998	19.65227323622392	1.8306532206777513
1680	IART	-0.1080	-3.4421359678062196	0.6102506826569049	64.20695892929325	0.7333339860002936	2.942965145487944	85.26799876658346	-12.5
1681	ARCT	-0.1093	-10.575139332583685	0.6136893052147961	47.99143030608983	1.081420140939194	-6.050030126111107	70.4783719203675	-5.376344086021505
1682	HAS	-0.1094	-5.02230127586191	1.188657578578326	53.22838033148929	1.0249786715900298	-2.0650188507409686	94.20211749424463	0.0
1683	NWSA	-0.1108	-6.7008660365546815	1.2124475089758067	72.93869325020853	1.287183776779757	-5.399130045121133	79.95385423953907	-1.4412416851441132
1684	MAN	-0.1112	-8.342708090481848	1.328269886032207	82.28763350829762	0.754029821052584	-2.3451896385268887	32.54364406133104	2.677954388389767
1685	ONDS	-0.1116	-12.228573390415736	0.8270548337864385	26.427878299502645	0.9164339535295409	5.60241768904654	76.6101839860141	0.0
1686	PLAB	-0.1119	0.7931254768765497	0.6282869616587179	29.068150208623084	0.6621531650713773	11.675850902542656	76.96812025073922	0.0
1687	UNH	-0.1128	-4.358942349778656	0.9667144811849182	59.25601097605914	0.8750381609552855	-2.112977399033707	85.27011828835643	-0.3377568150931325
1688	LAMR	-0.1128	-3.6921427012444745	1.1540937437135386	58.943713915375604	0.8779251351855304	-3.792964005286518	78.00538198102576	0.0
1689	GIII	-0.1130	-18.650673457095003	0.8503914664190174	19.48955267414232	1.020047720955403	-3.1369200847704413	40.34125821689615	0.0
1690	BBDC	-0.1131	-7.88912326321726	0.630365718507573	43.037996412832555	0.6336997694639852	-2.103973385757773	32.862396115727776	0.0
1691	DRD	-0.1131	-18.947720292886935	0.8670971943344006	24.472362575818554	0.8298071845057823	-5.506366611327447	14.164375280667628	0.0
1692	EPAC	-0.1132	-6.053334554036458	1.5905758805278054	22.766794800287173	0.9971690545649444	1.5238970899655198	10.06120173462709	0.0
1693	MTB	-0.1133	-7.642027314435142	0.7695699264839789	56.26308959404639	0.7726487310461709	-7.929695978166116	42.508373105177554	-0.5975788418536554
1694	SPGI	-0.1135	-9.065435561854535	1.0815175490467601	21.61126197393548	0.826025968801444	-6.026146131380781	6.241082903384395	-1.1207093386102418
1695	ECL	-0.1135	-1.986636565012922	0.691757779646762	56.07987142517866	0.8180856211130036	1.0915407900855514	89.19179327273767	0.6956904964271035
1696	AVPT	-0.1136	-4.405595147118267	2.062198920466637	71.68272907774566	0.9943084010284848	-0.10694242249567931	87.08870050155467	-1.6241299303944177
1697	AGYS	-0.1138	-19.41908840321901	0.8953313917571265	42.5074608646222	0.7838726356980077	-11.596250662035368	3.8488452757794533	-4.454873646209377
1698	MUX	-0.1138	-16.343485840798206	0.7753015061412771	21.597839128188212	0.8211377480379897	-3.2022886937405945	19.35569428711311	0.0
1699	FSS	-0.1140	-4.460869944931843	1.0528609515996719	41.476597047510424	0.8941385921665297	0.8338951647091772	75.2977428055772	0.0
1700	BSY	-0.1140	-16.804040394204986	0.8980379343493806	11.013611611858027	0.8853015371655846	-1.9150209283156707	17.38904554569511	0.0
1701	VCEL	-0.1144	-2.2826581343925803	1.2544131702654728	55.42465232433381	0.9422729702740597	0.9945237237464215	82.29317555260117	0.0
1702	ZBH	-0.1147	-7.901085992277195	0.8916589394061083	45.02882833783152	0.992973221527221	-5.7179772276269745	62.562227535278765	-0.8738495863158853
1703	CHCT	-0.1151	-5.1689842616563775	0.9002638428669149	18.19714270626283	1.0075500470943533	-3.538873713897168	35.67576785822824	0.0
1704	PIPR	-0.1156	-3.952300338109746	1.3827505775969755	22.994572365034607	1.2959887355483362	-4.573946384581751	38.3005347167252	0.0
1705	ALH	-0.1157	-5.8950040678888085	0.7177732721944907	33.68092637365378	0.9952764271772899	2.1992301573680524	82.60190379609614	0.0
1706	MLYS	-0.1164	-1.4609806411815265	1.372122066890244	13.136091363970815	1.2225598784437604	-12.08969963776232	7.664622528832695	4.3137254901960835
1707	HBAN	-0.1170	-9.252671193018244	1.1349697015443159	8.971557784132662	1.2933104461287264	-9.38730035119966	28.787841006701214	-2.3785926660059484
1708	TRIP	-0.1170	-14.09601756709011	1.0817249093318164	3.979590279715406	1.4878754779546173	-9.505716853538825	46.67614925219914	0.0
1709	XEL	-0.1171	-10.069989507111078	1.066780923009657	4.3197897462826464	1.1286920889409233	-7.053690324940776	13.57350023885364	-1.3071895424836633
1710	ARES	-0.1172	-16.90190766466709	1.1746376996479053	26.3965292632517	1.0413680867667114	-10.642941291616765	18.6056570757529	-2.1466784045506793
1711	MO	-0.1173	2.1575278912046283	0.7029738546195715	64.53487143746854	0.7863709880202054	-2.717671176255989	80.6533316219699	-0.43233328966330187
1712	AAT	-0.1173	-3.866670396592882	1.875991822379802	47.393929221413366	1.0406892473242964	-0.6678578263421074	59.858244129351064	-2.083333333333333
1713	RYAAY	-0.1175	-0.5770959250159174	0.6328104106044432	15.29255792604271	1.0054399148766375	3.084150090393536	61.296779121535394	0.0
1714	REPL	-0.1180	-19.48717876612397	0.8778858831687942	74.5785598086089	0.45040347629569444	-4.8169111224738845	46.09130865170303	0.0
1715	VMRK	-0.1188	-6.305345142160664	0.7933555387714513	27.27924574217348	1.1275983715523552	-8.085459052680092	44.417174136320185	0.3155006858710422
1716	VNET	-0.1189	-9.939756937998744	1.0169603301799628	4.009034659214978	0.9046990482825845	-3.54372125422129	3.4585970009601965	0.0
1717	SUPX	-0.1192	-28.425355918968105	0.2295106403500311	1.96078431372549	1.5852210280424681	-12.460437613805105	38.83289807576811	None
1718	IPX	-0.1193	-16.44385225596244	0.6227793650961001	3.064699205448357	0.6879959554217132	2.798105017692869	4.31171838727569	0.0
1719	SNA	-0.1195	-6.727466938454856	1.1065083202290702	47.35862987192147	0.731210693455655	-2.8901640601070886	49.053286753492074	0.0
1720	MBLY	-0.1198	-9.40765967759604	1.0996173291012108	14.239830735919309	1.2099302493580506	-5.033406627465368	42.41343516428529	-6.782464846980979
1721	GIB	-0.1199	-9.126295607031413	0.9914235482057278	22.71576914386464	0.8729532521034807	-7.7537326140922325	1.8142491838296593	-7.0637785800240565
1722	TTAN	-0.1200	-40.4610507429032	0.6453638277177073	11.857433462894642	1.102455509304248	0.9548863556587677	61.364777151514744	2.390852390852388
1723	NSP	-0.1200	-9.457636355912054	1.2831939602065694	75.91749222451676	0.8800110045590316	-8.569054425242106	0.5685742672490051	0.0
1724	ATMU	-0.1204	-9.791066794708806	1.023200205820482	6.025108433168796	0.835934617187422	-1.365387367863567	8.198308086057253	0.0
1725	UI	-0.1204	-6.659354321425138	0.5166018111066661	8.860209936839317	0.7203542237711932	-0.5384458882183932	2.1005563098787405	0.0
1726	WTFC	-0.1210	-5.856969345871913	0.739203911036002	51.27075041474677	0.6446029787766633	-5.865412697340101	30.40671953597851	-1.1062315859691927
1727	VMC	-0.1218	-10.115030706466595	1.1904481789248165	6.853814997789638	1.3693766751645433	-2.373861064948027	72.07537158469827	2.6322332028093816
1728	ACIW	-0.1219	-9.64410766436207	0.6142039610749228	47.5466782457664	0.6082826767926566	-7.554222342950991	14.319306690482037	0.0
1729	CMCSA	-0.1221	-17.49336977878656	1.1696964063507294	4.404152983828521	1.3238014022151527	-13.041253560413935	5.553425251757474	-7.922168172341908
1730	RMD	-0.1223	-5.794023041056796	0.644542776534101	39.99044560565547	0.6851945639261466	-1.0207667997452812	41.10442854032976	-0.6911123827970214
1731	RYZ	-0.1225	-5.339044972842953	0.9621185523798607	39.099533298004296	1.0284371997010358	0.7133627617867755	85.49281613183994	None
1732	WDAY	-0.1227	-2.567547157436769	0.626875236394921	56.37700396564033	0.4072786495537906	-3.5102719753186418	20.717170188992142	-0.5661544317046471
1733	OC	-0.1230	-15.068203647071668	0.8353079395671488	39.27540682798473	0.8525211764910511	-5.988065846949281	38.9284344455058	0.0
1734	VLY	-0.1230	-8.387097435778237	1.7822823143775934	56.47481534120848	1.1737318250392195	-8.280608531515718	18.96781133971625	0.0
1735	WWW	-0.1242	-3.18826447782326	0.900218987265263	39.6914387150533	0.7383798946868679	-2.6697848678516927	40.86162016425223	0.0
1736	GLXY	-0.1243	-8.224601643954966	0.7011458871555835	22.990841249483402	0.7563629029208214	-4.4343278048277615	7.56047390594091	-3.365629780724121
1737	APEI	-0.1243	-11.887201135836492	0.7595136794130433	33.19528171992598	0.8823202553849842	-9.196936046745035	19.645338935098962	0.0
1738	SBSW	-0.1252	-17.292005269011607	1.0282739271433048	16.91505471924556	1.3559617206908032	-15.48310303023472	21.74744630939456	-3.571428571428571
1739	CCJ	-0.1252	-18.14163508261458	1.0196129564025878	16.232187896293603	0.8885257470849768	-7.291173258810256	6.322228871940553	2.154959697318642
1740	CWST	-0.1255	-12.258066156859039	1.1781206171107994	22.264814137779705	0.9454722054842568	-10.90201854548593	0.34098015679350624	-3.8207006088414355
1741	IBP	-0.1256	-18.587562965627942	0.7103726755999074	2.667088693755964	1.1071050948346757	-2.7234965955103467	28.09851914689571	-3.3149629138524013
1742	ORANY	-0.1259	-11.634512183702995	0.12097336656777957	3.2357426012976775	1.4180573423316534	-15.166101141966632	9.891845042275719	None
1743	KVUE	-0.1261	-6.875008071461992	0.6449069154874781	63.17510901418334	0.6895923212504853	-0.789154069370412	80.79623569181499	2.7027027027027026
1744	USAR	-0.1265	-25.11688331504921	1.0426763358081328	9.114663270375125	1.0377349439676857	-8.864803736793013	5.164911753437266	0.0
1745	VST	-0.1275	-1.2803042109936624	0.9914461678832117	6.347707570417979	1.0074181842404462	-2.5473133081443606	25.85711623307718	0.0
1746	GNL	-0.1275	-7.009861284782085	1.4791873603178545	39.53032372282441	1.0475314535492046	-6.497484846339548	0.12990964395153526	0.0
1747	ARLO	-0.1277	-3.5960162534710247	0.9284183591028653	17.435324875924923	0.9602510460251046	-9.051877355460677	7.457826947645728	0.0
1748	BBSI	-0.1279	-9.66325328538693	2.456316721719565	27.326734561731325	1.4616073492026809	-7.755904782610713	3.3577030654525686	0.0
1749	CLFD	-0.1279	2.3364512160557505	0.5277009244888319	23.817741965523332	0.5570487247299296	6.0960717952511185	35.77847183214456	0.0
1750	BANF	-0.1279	-2.817029499426724	1.2154172958308807	21.150349164642677	1.1579000735126366	-4.4491798726749945	32.57715671643662	0.0
1751	NSC	-0.1283	-10.025006644171505	0.6346064309830368	43.62622251605041	0.6662399607196717	-2.8088043864148577	38.63856215911563	0.29966219897570634
1752	QSR	-0.1293	-8.505186903553488	1.0934840942553206	41.0084050710128	1.0001921269854577	-10.077849801306261	41.95692980468788	-0.7125890736342144
1753	ABTC	-0.1295	0.9132411143357496	0.5162691193495553	3.6438001046550386	0.70968493827541	1.574892016380538	4.875369911413671	0.0
1754	WLDN	-0.1296	-12.131561771828927	0.897949098097356	17.337203213704765	0.8432601023227818	-5.931925397020972	7.602725310961077	0.0
1755	PRMB	-0.1299	-13.146170644970265	0.8855050523387884	43.29113730901405	0.9077700416127512	-8.2519805547381	35.91707448340472	-7.614035087719303
1756	SR	-0.1302	-6.905748139584087	0.7371720817539763	5.765287438217504	1.1284106863084218	-6.177206811654509	23.34282463897337	-0.8064516129032258
1757	BNTX	-0.1302	-11.059245535074977	0.5397699137464446	43.97482426046468	0.7377959293327826	-0.39910789216807996	58.714975707097096	0.0
1758	NXE	-0.1303	-19.66041011406167	0.9845529505081995	25.037703938433843	0.7344974393780465	-5.690288943788877	6.30659797251009	-0.7434944237918277
1759	PSKY	-0.1305	-4.81481896833457	1.3394870151825435	21.331192726312683	1.837762166141816	-6.049430396053392	72.33285296343779	-19.51219512195122
1760	CALM	-0.1305	-15.5360493914087	1.0025153076362852	2.469137839010871	1.2291640104444115	-10.832251718930143	2.3434213658532315	-8.903194461314222
1761	BLCO	-0.1307	-1.0507787895250145	1.0775762253956	61.84467500853308	0.6733033050797327	-4.205259035668144	60.242025011570014	0.0
1762	JBGS	-0.1308	-15.950415242394842	1.0086875987799109	1.7699121182135642	1.303755881291964	-10.221645368303601	11.379882008388094	-10.714285714285714
1763	BURL	-0.1310	-8.141374259159482	1.2050872194037112	26.102465439950823	1.3065976677894378	14.082973462451765	94.37457644611489	0.0
1764	AMSF	-0.1314	-9.104817200986977	1.121617938788574	2.6936037945254285	1.317624073765219	-5.960291991581856	43.684181441845325	0.0
1765	LASR	-0.1322	-12.091580881202667	0.50592319401243	19.531447648010435	0.5178871196440504	2.2392081857633874	8.658372959436576	0.0
1766	ESTA	-0.1323	-8.997223453055318	1.0281077546491237	45.53284299593079	0.7256133651551313	-9.770703330369294	18.48823046991059	0.23226555695344517
1767	NSSC	-0.1325	-0.6235754354247851	0.6153973236411696	6.438977454037058	0.814341726932125	-2.8525418173706094	2.6154706157404775	0.0
1768	WYFI	-0.1328	-2.837973482341425	0.371672887983075	22.882288018993552	0.49436883292454203	6.427812511581116	23.04569636000437	-6.887755102040822
1769	AGIO	-0.1331	-2.508753328401379	1.4301379166416113	47.05386434741293	1.1032183900884425	-0.01960829543921161	61.369485687420024	-27.814121362508455
1770	REFI	-0.1334	-0.09372285670413376	1.1197376669720789	25.526311774002885	0.9217513818142408	-2.191360520078121	42.098598865708134	None
1771	INBX	-0.1334	-17.929477258118858	0.5454809086515225	57.85416430777367	0.842172323872563	-8.551402577142488	56.08085254985852	0.0
1772	PCG	-0.1335	-33.42618773622698	0.6761221299304254	2.5016877520640453	1.2365019536743387	-12.754002854731722	2.221577241133332	-1.7525225703664278
1773	URBN	-0.1336	-4.2518066191073	0.7399061487888994	61.41368266282829	0.8056811077442185	-2.6603418668498486	83.2026444949568	0.0
1774	AROC	-0.1337	-4.709925363535517	0.5193622592868294	39.63823895121731	0.6805462911668607	-0.4248619651575217	46.22025567464642	0.0
1775	ACIC	-0.1337	-1.8027579087207295	1.2267534292158095	5.707201709226712	1.3067973513897722	-1.6900160407387508	50.5883749007867	0.0
1776	NVO	-0.1338	-16.32079444660541	0.8815643457843482	12.362255800525684	1.376431373715405	-11.530740626994469	36.03690658574462	-4.957446808510635
1777	FND	-0.1341	-13.134716997989726	1.1686394193096052	10.683516974013678	1.028015474105125	-4.2991869118019395	27.780390893328956	-0.8291873963515755
1778	PGR	-0.1346	-3.7583243304255283	1.3643175735950046	34.373412278621565	1.5368889916847284	-5.847418749615935	83.02754981672035	-1.8875111092301746
1779	MTDR	-0.1353	-9.323230100528766	0.8609253896601652	48.18182075063788	0.9195511737665981	-16.525535379099512	18.90536611135117	2.8932541495355437
1780	KRG	-0.1361	-4.652060673485456	0.6470882798574692	40.3958001986094	0.8084273691127334	-5.31035165461933	47.47377895528154	6.25
1781	WOLF	-0.1363	2.337659157445928	0.518801634474964	20.932650068621157	0.5508583375956448	14.486872223795165	70.32059636458881	0.0
1782	REG	-0.1365	-2.8226839110262545	0.8097538108230535	38.511915661039815	1.0341180035208521	-2.231731874858635	75.71995806774355	-4.373177842565598
1783	ORC	-0.1368	-15.727002652459843	1.1657113499463383	3.2028408661431738	1.1319325761034915	-9.44989948228272	3.1155516140741213	None
1784	BMA	-0.1374	-14.088723096261676	1.0378393199890321	40.000001369524824	1.0646755731078954	-14.877678513499538	0.22356752559761617	-31.060606060606062
1785	TPC	-0.1375	-8.667747532166674	0.902723439814639	58.73874629939999	0.45496419125731774	-1.2487893027726196	44.264223855159905	0.0
1786	DVA	-0.1376	-0.452816154116495	0.6535675506834645	52.61110473357823	0.7119281387090036	-6.563965698263422	42.60897352846824	0.0
1787	AGL	-0.1378	-15.555321170532846	0.9546274038461539	57.38292352604084	0.9191223413191761	-14.531582024139137	39.27405086778988	0.16129032258064746
1788	IPGP	-0.1381	-0.02588562209243528	0.6080966630907346	9.04988237117648	0.8194776639673942	2.489170754045205	32.290648521829254	0.0
1789	UNF	-0.1382	-9.207348226979441	1.228538283062645	70.2974671035823	1.2166223540990349	-4.557664336000612	54.46903845196159	-3.3210332103321036
1790	PTC	-0.1385	-12.117014706900207	0.6581330864648102	31.722947967256154	0.9159827574204199	1.6030218501286742	74.8371963469523	1.6504393255758734
1791	CTRE	-0.1386	-4.928867914946208	0.8989444246752729	42.7515989745643	0.8558065473127199	-2.432200836174184	62.10747312564839	-2.2222222222222223
1792	LMRI	-0.1390	-13.512354188638575	0.4071127749181095	28.423080444335934	1.2012234510347188	-11.5522856253281	44.30508635095239	0.0
1793	LXU	-0.1391	-5.747121186889754	1.084984756097561	22.397477945193387	0.932168732694531	-11.652389452818905	2.6445215259511485	0.0
1794	CI	-0.1393	-2.1032256178388735	1.1952022802124744	42.54869216991261	1.0399070048703951	-6.903322304878937	65.64101930062853	-0.74975743141925
1795	FN	-0.1396	-5.2575629057000395	0.8350962336153974	13.843766098548038	0.7925944112817837	6.543431600045482	54.49880531252452	0.0
1796	LYB	-0.1404	-7.595941660661211	0.8788219975279347	39.400378795476094	0.7468680294948611	-7.761087548043841	19.12558165790537	-3.937689311986159
1797	NOMD	-0.1406	-11.09257672306045	0.5408504977292536	37.19376052142782	0.8891506319000738	-3.09191549043365	57.65326395308172	0.0
1798	CION	-0.1412	-4.58838978072955	0.9291162546028406	27.13348296852028	0.6309590109155714	-1.1842334037419369	15.520240566461709	None
1799	OMC	-0.1420	-14.552282403399053	0.9572640295960335	37.736654363688025	0.8797109802212633	-7.985653994142282	35.827790806827466	0.0
1800	CNXC	-0.1420	-9.527189753937101	2.0056364210513773	20.92562235682464	1.7387857652444023	-13.67255016359507	5.797912096665414	0.0
1801	HWKN	-0.1424	8.634319554864016	0.8379472297529497	16.80456751933622	0.8392048887260194	5.311894825953415	59.68653949746071	0.0
1802	UPST	-0.1428	-24.392641566475547	1.146646652766993	0.7553589845707034	1.193705306208969	-12.3840968125794	6.3587425727324955	6.5750000000000055
1803	BCO	-0.1440	-4.329160613983358	1.0460216880062714	30.229479258605473	0.7485690343535637	-4.766959763436544	23.890524260364074	0.0
1804	GWRE	-0.1442	-27.803473410066626	0.7730154289184744	27.91847950763804	0.7285294522920166	-5.732761944654195	13.046385378152664	-0.8453887884267524
1805	SAP	-0.1443	-5.362391241370836	0.9846117488507115	47.17008618665231	0.6130698048403038	-4.73104739834424	32.59605593301568	0.0
1806	HAWK	-0.1445	-24.23057767880229	0.5302301708070106	1.2695323675870898	1.1223257729261409	-5.932995109105587	13.628744197917214	-8.311384255194625
1807	INVX	-0.1445	-3.2841807547756905	0.5315910545341336	70.9580874871351	0.6351001844604288	-1.378177387364989	85.07819502137181	0.0
1808	BRZE	-0.1451	-32.03285428986709	0.9528447791311877	35.845380324892126	0.7337362246711695	-10.11383459712027	4.801259592733388	-2.0878524945770147
1809	MATW	-0.1454	-7.180219589059347	0.7778136397379208	6.781049491533257	1.2965504289326653	-2.580457661928292	65.72372551947652	0.0
1810	AMT	-0.1456	-3.5369795203154095	1.3771115258323994	22.043309272626306	1.1655064478356265	-5.674207546445272	27.45987019023586	0.0
1811	TIMB	-0.1457	-0.7315760538342428	0.6623668523404671	4.512629870473258	0.994428995440203	-8.362239062284344	0.2930404582896955	0.0
1812	TMDX	-0.1462	-9.831059011516519	0.6052979689686295	23.593517239619995	0.7595811863671806	-4.267112190389788	18.27555303241752	0.0
1813	DFH	-0.1463	-24.286707020960993	0.8119539705307081	1.1212128147934404	1.4838422696151516	-14.952352520156037	19.976231337816884	None
1814	QTWO	-0.1470	-16.108407097892403	0.8435661294448709	40.36670937692834	0.7820904523504396	-11.67895388256207	12.707425754467366	0.0
1815	NOW	-0.1470	-5.042256806216124	0.7871986999613964	44.94029764624366	0.5717229689715915	-8.278835149328136	8.285667738110917	-0.974911371693487
1816	NVCT	-0.1472	-17.387856193942294	0.6312850014496513	64.32033494601637	0.7579191845336659	-11.499594115128387	45.72481699794562	0.0
1817	ITRI	-0.1473	-10.859271828181141	0.8954262795746403	16.69001691385573	0.7456285024784178	-4.321723909637082	6.538925240061047	0.0
1818	BTU	-0.1474	-14.572013715028515	0.6529606297920297	24.146108247297317	0.8596624788586337	-8.665524409376912	13.957076123325223	2.2130888397091346
1819	ELF	-0.1476	-4.116035784641958	0.7484298899095977	53.55302036971374	0.5578891590047691	4.587118736760864	77.65134321290058	0.0
1820	CEG	-0.1478	-7.783014305904759	0.7843303718085479	17.27603231150174	0.8148320522423335	-2.186454805525368	25.48435609655961	0.11487167992826632
1821	CDRE	-0.1482	-16.20579052638958	0.980507879793275	3.60933955814175	1.2062664511269288	-9.566444432996393	19.757272583239683	0.0
1822	BTDR	-0.1483	-2.6478393005737364	0.9482163513054458	19.699290044872587	0.7993006588874295	-6.024734577221377	3.5499602177925595	-6.893617021276601
1823	REAL	-0.1484	-19.543373761867258	0.8300032232893232	8.135307424713108	1.0929500836881416	-10.308982630151572	9.47053759092934	0.0
1824	FHN	-0.1491	-5.036853146574587	1.5086030880616288	50.14793689434346	0.9700116246340467	-5.268024232928511	34.03777093423962	-0.5655708731000358
1825	ACN	-0.1499	-6.889744543545771	1.108706213751548	32.56620863924085	0.7531918413115831	-11.14985054867553	3.935519743649465	3.216283405842127
1826	ELVN	-0.1499	-23.95041599746578	1.0302845593660774	65.6884365657583	1.035826373544062	-16.091059855830213	61.462453068406475	0.0
1827	BLKB	-0.1506	-12.785668362140045	0.7614008765349232	37.18147708919026	0.709360142271259	-7.869287148512779	17.181652429450054	0.0
1828	INVH	-0.1514	-9.202869205735123	1.200341547935131	34.472390719966036	1.3548109336069178	-4.427369972725984	23.944182634421907	-1.9200991018891218
1829	AAUC	-0.1517	-12.816259122205112	0.5823829665111003	36.47727532820268	0.5153598097036429	-3.2617557768829863	11.19775788019993	-2.4949426837491515
1830	BXMT	-0.1522	-10.137585298085366	1.018207691746333	2.2485189042853104	1.104586914414231	-6.392338715258237	20.671036214812474	0.0
1831	VSEC	-0.1524	-20.972853440504807	0.6475313759684382	21.44236305696972	0.8510599031952286	-7.529596940190038	13.186459673686528	0.0
1832	BYND	-0.1538	-39.14285387311663	1.0406466605680647	0.20212929873048177	1.5370315173056097	-17.98342964492093	18.56533257397963	0.0
1833	FDUS	-0.1544	-3.0410562361407867	1.7853550386960362	52.803718709500046	0.7247742095123633	-2.5693706167295476	39.78251504955465	0.0
1834	APPF	-0.1545	-14.714179867432547	0.931686877023681	39.37260183675443	0.6773216507112337	-11.420759032625412	5.577729030619125	4.140786749482402
1835	DY	-0.1546	-13.382682352456268	0.896463790133337	0.5508756039430143	1.0207864974233043	-7.6083555836544985	1.5434214988831485	-1.8164695655323495
1836	OLMA	-0.1546	-20.203895392798476	0.8875326676435489	6.61960774317689	1.2932710641089968	-16.948179684993477	12.149725134599521	9.285498944829659
1837	ALV	-0.1549	-7.232345852649402	1.2864820948690707	45.04695177006023	1.1896737288980128	-4.393798975335401	30.66643328039055	-9.523809523809524
1838	SO	-0.1551	-7.5238678809955	0.8509764483797024	3.446467227786401	0.9054225277148374	-5.966475386562701	0.5643331054206158	-0.5134524543027316
1839	FELE	-0.1554	-4.464458180774075	1.0751754664840674	30.593614273419657	1.1195922023118954	0.9289893473775392	97.41198366374196	0.0
1840	MTX	-0.1556	-7.511412693881233	0.8238852498561913	42.500002007735404	0.7001835921528384	-2.0516935100105185	51.04122172062391	0.0
1841	BDC	-0.1558	-8.44518341904503	0.9730855625893404	19.067591054725305	0.8349822661937653	-3.787155129763382	24.30325795846545	-1.0524988970819862
1842	UTHR	-0.1565	-8.025982981005233	0.9735107547988511	38.18155010231769	0.9713682283362103	-4.0352134316747374	68.80947510757412	0.0
1843	BW	-0.1576	-25.130206659863045	1.1520744721298073	15.778582514226589	1.2758477904007928	-18.829329853116512	7.051028102701778	0.0
1844	MGEE	-0.1579	-12.034201418740231	1.004610676100004	4.6161580791559285	1.2658375510357673	-10.067261104242215	27.99042004453179	-0.6756756756756757
1845	LEA	-0.1587	-2.694830330402733	1.224035259242219	44.57542432081327	0.9576738687003858	-7.318315232786716	40.44172740358592	1.7543859649122806
1846	TFPM	-0.1588	-11.964593030519865	0.9218022070363185	27.965539587183923	0.7137889917157763	-6.080096378670014	8.217255132191525	-6.384954724866497
1847	MAIR	-0.1588	-8.097168777187353	0.7335454417849193	9.541451196639612	0.8612448754733021	4.915122653404671	54.07093557747936	0.0
1848	LEGN	-0.1589	-9.170727613495618	0.8268416983949175	11.194735838350892	0.8247991581324915	-0.13594637430332873	29.6025496982424	0.0
1849	BLBD	-0.1590	-4.88272981665	0.8751771856906037	29.10066991204383	1.031126452967621	-9.322175318145993	39.78784906861998	0.0
1850	ENSG	-0.1590	1.624989877445207	0.9730171708912511	45.51164696460554	0.78580541019032	0.19582836869059017	76.66458443431186	0.0
1851	OPCH	-0.1598	-4.503752895423683	0.9418227315550992	26.02447907679762	0.7179647690896498	-5.16520654245898	16.239670608264916	0.0
1852	IEP	-0.1609	2.080235751691266	0.686840072109194	12.811383827725345	0.7803881581415335	-3.174841795492527	7.828312561259338	None
1853	TBBK	-0.1612	-26.00843160599438	0.7318747371805971	3.0293981418060176	1.0021907516257045	-2.7518465333832185	21.65194633619889	-6.666666666666667
1854	RSG	-0.1615	-2.8914176463469685	0.6566557014790447	44.63656491699881	0.8587986845317723	-6.342262862312445	55.30963083412441	-0.3808378432551568
1855	CASH	-0.1617	-11.354999129004776	0.769059015615624	18.140720303835376	0.8979732104502676	-8.859774967940181	10.422848152384589	0.0
1856	FBRT	-0.1620	-19.928401592931976	0.9263940605926473	2.181025913783475	1.2043981395348837	-13.816988587347836	1.9822517668060726	0.0
1857	DKS	-0.1623	1.8137658891674877	0.46520975911107315	11.277472158181896	0.9085631812621133	1.9706910942268143	50.08017803384041	0.0
1858	DSGN	-0.1624	-18.950821923427892	0.5983173619329615	59.14786680599203	0.8138312177989654	-9.201533337972142	58.968900324194124	0.0
1859	VERA	-0.1625	-6.069360019457162	0.6214138728405451	28.636363636363633	0.7196075646439897	-5.173773129557233	20.924612488385122	0.0
1860	SLRC	-0.1627	-6.730763058690403	1.1365137239217582	2.277439820346885	1.0044720598454808	-4.58203834654327	17.483430880480284	-1.9768234492160814
1861	UBER	-0.1628	-11.422993677368309	0.9554400680525548	7.663379300848204	0.9571099256474751	-6.776119074623242	11.445899355059296	-0.35652341491617323
1862	FRPT	-0.1633	-21.448201253325674	0.6931624165730824	27.10492583804124	0.7774390369224488	-10.971343774935551	0.003773082913170356	0.0
1863	HNRG	-0.1636	-13.469626761788659	0.9174793698424606	6.696835686178766	0.8372840863155122	-1.2431874950822612	20.781248253112764	0.0
1864	SYF	-0.1637	-10.5217110346549	0.8058011983026628	32.85323722485951	0.8163300909052582	-6.367561660820776	33.63656340326236	-0.08955558043210377
1865	INSM	-0.1640	-3.0645038630919945	0.8907908040811741	22.294866107343342	0.8938558403410097	-6.7110352699190035	26.15640264741006	0.0
1866	TR	-0.1646	-7.583175655140178	1.370493271716781	37.36613436748776	1.2964980071196033	-3.3758281233052148	39.30209664966343	None
1867	UPS	-0.1647	-10.815670204550507	1.0548363617172398	30.31427864390003	1.0947217272436294	-8.634528300847162	54.360620902892016	0.6818755787524101
1868	BIDU	-0.1649	-10.28471319332731	0.6935740872533521	1.43450512231424	0.9521109890193551	-5.986172948887235	6.0938653665988625	0.0
1869	SLM	-0.1651	-14.45648402337268	1.0869603667595829	38.60044859691703	0.9309644476541636	-13.879221995614577	22.834426831168457	0.0
1870	ESEA	-0.1651	-9.458402833615327	1.2006170194532524	63.5158670543169	0.9197566295488463	-8.094913077513644	2.65948540760553	2.0914285714285694
1871	ADT	-0.1652	-17.024128343596836	1.1264835406902505	4.261365668340154	1.1053593740066403	-13.192265765062647	9.094288438423362	13.142857142857142
1872	SPOT	-0.1653	-5.640586104196302	0.8095606735049352	29.213379785147005	0.8395726559699347	-11.191290318733282	10.109502757123522	0.0
1873	CSL	-0.1654	-9.541493552681358	0.7405297787620041	23.580446891467407	1.0173816892591574	-1.1095717716483446	68.2644905947451	0.0
1874	LPX	-0.1656	-6.589371580419556	0.9656229880910542	4.3793516278765825	0.9259397140262159	-1.714629048309159	26.85254301464137	0.3987826634484158
1875	BKD	-0.1657	-8.684864991586526	0.8986526263815564	33.66228028347618	0.6951077798188097	-7.926431073384677	13.854406878019049	0.0
1876	OCFC	-0.1661	-11.487560330378239	0.9004637118516122	6.37784147664245	1.1850936878467497	-11.066213561045547	19.10047874494198	0.0
1877	ODFL	-0.1667	-11.601515414534763	1.1444919076626245	40.34280757301668	0.916363765280066	-3.4032399427551883	70.73395104142601	0.0
1878	PEG	-0.1670	-9.00040680392571	1.099217705102782	2.7002018479217336	1.1016072006909208	-6.529704309573381	23.78957662535953	-0.31914893617020806
1879	FBIN	-0.1670	-15.184287926706627	0.9261290072544691	18.738462477463933	1.0116411079261545	-6.291752276516593	35.17181755352334	-2.7684711691059785
1880	SMR	-0.1674	-18.78850068490267	0.8767282154507264	1.3941442888112117	0.9949673755551243	-7.672179129108162	4.3265220164764315	0.0
1881	NRIX	-0.1674	-11.925581111464389	1.4542693525957973	76.47058862896772	1.362478739924573	-7.870863712167308	52.94588051249899	0.0
1882	WSHP	-0.1683	13.012477748662285	0.6170308195040687	0.8201893365576026	1.1733101984538878	8.783014335214947	92.49863598217398	None
1883	GSHD	-0.1684	-36.99077173522004	0.9564285657169816	23.19687976965224	1.6737171333425556	-26.52717183063553	34.29496590667999	0.0
1884	CAVA	-0.1686	-22.957424671833458	0.9241271231459087	14.75262158009153	0.9453523835652318	-6.651883968496785	18.977284304416813	-3.990024937655856
1885	NRDS	-0.1692	-12.164942007260313	1.0259057005860417	13.355785160086105	1.494177116609099	-10.937430701591248	67.92610146178241	0.0
1886	AXON	-0.1695	-30.50556421518447	0.9978236285659419	20.173642973106517	0.9951025081094833	-13.969802571305623	4.307390566314339	0.0
1887	ENB	-0.1696	-5.947131533194399	0.7895775274655705	14.45604486365964	0.9208532042550293	-3.0925734353410252	33.10149925841098	-2.5239338555265496
1888	ROCK	-0.1696	-11.559431654184245	1.1355625210138718	16.835258278084165	1.340599118216655	-10.530553513235787	50.31546707504945	None
1889	CRNC	-0.1697	-7.253265966050554	0.806940562315028	24.72109775272393	0.7580733069900532	-7.208474377108018	12.5759377844213	0.0
1890	MTRX	-0.1701	-11.732353353559505	1.319878461500457	3.6474181525975284	1.704994428122784	-4.321644902062825	5.821892819832172	0.0
1891	UFPI	-0.1703	-6.92605594197762	0.9889116261362014	3.8145055321498678	1.0318357358620427	-2.6085652549206624	35.6111987864776	0.0
1892	ZBIO	-0.1703	-15.54261146792526	0.833830225498699	45.17684642141655	0.9033384067150917	-14.28507641688975	34.85684857644627	6.566820276497699
1893	NEXN	-0.1706	-13.241108376888702	0.9453790385021468	55.78946899949459	0.7064279167749614	-6.81822665523617	53.79006895838012	0.0
1894	KEX	-0.1707	-5.913058942063842	1.2287224914399655	66.61122724560653	1.0787972062630835	-5.603961651632426	68.03548098606066	0.0
1895	GCO	-0.1712	5.79138833815337	0.5311334289813486	59.80618084747778	0.6691902323164848	-0.8504187895719516	81.94442527050569	0.0
1896	UDR	-0.1715	-8.764832361141117	1.0801024543188393	9.823419768815558	1.2385731906869506	-4.97561027416619	57.20781987935674	-1.9999999999999927
1897	EME	-0.1721	-1.2283183791788714	1.0648721650444746	51.829273338995975	0.7599172838794189	1.4885323004172335	91.85339218163757	0.0
1898	PECO	-0.1726	-4.1560454293275315	1.3986876768126115	40.456341839297	1.3725320575174855	-2.7565059737871738	88.09262127146089	-6.0109289617486334
1899	FSV	-0.1727	-8.551583702919713	0.9273252421519431	13.293684150589213	1.1580951773919832	-5.27022589986313	53.46618580706973	0.0
1900	TPL	-0.1728	-8.536419974581204	0.6472143095439731	24.79313666483756	0.973255845980114	-8.04628971632806	29.4235101336742	None
1901	TDC	-0.1731	0.0	0.6751959615577172	38.32167476485104	0.45614361405317505	-3.4136160115442116	10.836539356342271	-3.1746031746031744
1902	TOST	-0.1732	-13.619560015809789	0.9971116329493969	46.492981166713996	0.938985233970588	-9.363014850110096	57.540276363869346	0.0
1903	BCSF	-0.1732	-6.470584275400635	1.1044061427658103	4.800003051757831	1.2450933287035728	-3.3314316873207446	61.57982290605418	1.3599999999999994
1904	AD	-0.1744	-5.748100363616195	1.1730054558393295	1.191338494366266	1.1552893762895289	-13.239196125835248	0.017046444116914472	-0.31265031265030174
1905	BBT	-0.1747	-11.826256630666924	1.4268975612376449	49.90019427088208	1.523847472725357	-11.941802536639186	18.05533437612725	0.0
1906	THO	-0.1754	-6.460490712754037	1.2496939691520905	7.330686695637548	1.5441561626367157	-3.4795747448618473	40.78691195640517	-2.564102564102564
1907	BTI	-0.1758	-0.4086701265546857	0.7596709953452372	35.419054173711515	0.9285536022680763	-2.7860755431570334	70.02387534972874	0.0
1908	EPRT	-0.1761	-13.043481265514483	0.917868499270661	3.532132235440355	1.1827910677655544	-8.859396486249445	15.73877405053858	-11.918524635287637
1909	TASK	-0.1761	-1.339825288259967	0.7312288333929899	26.975884092539715	0.7205072633552015	-2.320667812700035	34.74858578542759	0.0
1910	NHI	-0.1765	-7.883133149341829	0.7722074125032247	1.3264883971814554	0.894000455220983	-5.637997149091314	3.510035679178941	0.09735913350370974
1911	WMT	-0.1766	5.943687291010302	0.6515898835002581	27.149954126057324	0.8872745067227449	-0.9425100620989739	61.442094802313974	0.07883326763895036
1912	AMLX	-0.1768	-19.714900117108538	0.3390309131077557	62.75156839811853	0.5803146337862195	-11.887992886374011	34.8043200863944	7.480220570606563
1913	TPB	-0.1772	-28.32383357160097	1.0610801251530404	2.049135138814937	1.7404293070529018	-16.95807032243008	32.47177510244792	-25.155925155925157
1914	TRMB	-0.1776	-6.548590403054931	0.7729463191869529	26.273968004200555	0.6508397005303226	-2.7156251438278947	20.183030547531246	-3.9735099337748347
1915	FICO	-0.1789	-27.32529237329084	1.0487910840788388	17.514721393224892	1.1951633968570505	-16.65858916694754	8.933813947054176	-6.331125827814564
1916	BXDC	-0.1790	-11.388074427991153	1.5662005499440383	11.33827436369149	1.6955004609452022	-7.742554163275999	5.963835318189766	0.0
1917	CRCL	-0.1794	-8.955852083329118	0.6198655901444534	32.76444560715325	0.8084410518545214	-12.549376836444058	9.06550794817069	0.0
1918	GRRR	-0.1797	-12.452106183049445	0.3384260943373348	32.31833936433892	0.44055718999398596	3.0848574423383734	22.245783850629167	-12.227848101265819
1919	PCOR	-0.1800	-22.982730320728603	1.0199198916295524	24.906856437373865	0.9331568068871232	-14.157070928368674	5.062939960385265	-0.5433186490455071
1920	JANX	-0.1801	-11.714593623544847	0.500873616773442	19.20757934412599	1.0219407030143381	-4.8388590144597305	53.710430815076585	4.471069549970781
1921	AMPX	-0.1803	-8.658418911461096	3.1259628807532662	11.444143999211182	1.2039071625670803	4.067561168339337	23.766259964427945	0.0
1922	NOC	-0.1806	-7.214795872096342	0.7155661850588925	9.07857746049521	0.8708804204445759	-4.71539569204708	16.35865002994025	-0.8138844627737739
1923	MOH	-0.1807	-4.583648105837264	0.9327016126776714	55.382378575182464	0.6338087629389352	-12.033804265147616	23.733267529641466	0.0
1924	TCMD	-0.1809	-1.2548719509658726	0.48949240219851275	38.45203661928455	0.709534715728053	0.48601901059634045	63.93947683031363	0.0
1925	PFSI	-0.1812	-13.493677109161203	0.8614751959055579	0.6370734149322956	1.0140603586528647	-8.320647466377855	6.107210056962245	0.0
1926	APG	-0.1814	-7.030306729403408	0.8133500384622656	29.32603809423856	0.8373040140954484	2.691930401882368	75.9275458789827	0.0
1927	KYIV	-0.1816	-5.969045572280503	1.6720383397326308	47.79614640333107	0.8891361915747406	-7.210223122486969	12.72046726831941	0.0
1928	NVTS	-0.1824	-6.2350173651054	1.705020014400437	17.922456262751744	0.8809989399448592	7.091844976773215	29.630694676550334	0.0
1929	BBCP	-0.1830	4.98408587639734	0.6413459690415293	65.48605302984588	0.667485126074228	-4.41173686054935	77.14622434241086	0.0
1930	BSBR	-0.1832	-0.3490398055835884	1.3175450062596499	32.35294277928455	0.7193747699560394	-4.655255774399132	30.786928462435185	0.0
1931	RVLV	-0.1833	-7.57180072140608	0.8965825589984838	27.145846274376574	0.8403096819774116	3.0386761027608533	75.13028122044335	0.0
1932	AI	-0.1834	0.7744426359816798	0.6769595022655821	21.801513331304186	0.706436382971333	-7.425587171725727	4.541386361369845	0.0
1933	TPG	-0.1837	-19.373372662764137	0.7444817285424501	19.56327154791144	0.9714328926014042	-9.979707544194676	21.920614569481103	0.0
1934	PRIM	-0.1837	-7.636360069373985	1.0079707785312813	4.3558738409836515	0.8310341048194665	-4.733814709892981	8.498032018038359	2.52525252525252
1935	EMA	-0.1839	-4.518196952314684	0.7921611136467367	10.324806514306326	0.789140232555638	-3.1721460318000916	14.239566244413666	-2.706478086258083
1936	GNTX	-0.1849	-3.1222867737610693	1.162819750661256	23.16314013185417	0.8400542304711464	-1.68453254748654	48.622345575706376	0.0
1937	LDOS	-0.1850	-12.519663992432791	0.7882241994341711	21.971750513629306	0.8149206652647678	-8.511432399304415	14.648726673569229	1.278928136418992
1938	VICI	-0.1853	-10.011640969640665	1.097540054875462	2.2127958679062374	1.0854345905103413	-8.009826213520395	21.46065759249585	2.14333556597455
1939	POOL	-0.1855	-12.227238685647947	0.9583386677379623	1.9104111355504692	1.1249832512021913	-5.541299760076358	34.83072196295548	0.0
1940	ADIG	-0.1856	-15.310779719443651	0.859481900733922	4.958052529714027	None	-9.565133322676045	1.2893208389805721	0.0
1941	CSTM	-0.1857	-10.142286399567343	1.4145428070695532	45.30973079985222	1.172883843064566	-3.2313800554396352	24.552101257922416	-0.9025749933634283
1942	EFC	-0.1857	-10.095798941555014	1.299674759428338	32.39435948116681	1.2352706702512912	-5.3835554170402755	4.856898336437354	0.0
1943	MAX	-0.1860	-26.809864497822556	0.9045233441805651	27.726672920698253	1.1231743580149116	-21.31130547129789	7.7326314198878805	5.806451612903216
1944	UTZ	-0.1861	0.3521140239892076	0.4426700091208711	98.94039735099338	0.23146076637558602	-0.4810946873218645	91.84349371447777	0.0
1945	HLNE	-0.1861	-20.508980849776663	0.7163770225151956	15.612316882874982	1.0987035436473638	-12.369852084670017	21.43377900273059	0.0
1946	XPO	-0.1862	-7.802305151412085	1.3571412403436667	49.90504084481267	1.229412569621472	-2.7436482152844746	61.815435704443786	0.0
1947	CHA	-0.1869	10.628013403408275	0.5675433456275206	28.456219000750423	0.9701788118461304	-9.094870668558553	44.78749551449403	5.555555555555541
1948	SAIA	-0.1869	-6.465953166561868	1.064099315936154	32.98015404050695	0.8623627479160678	-6.5413676803947745	44.54381538471472	0.0
1949	BWXT	-0.1871	-13.795315468720414	1.1279941339416655	1.040521273955457	1.0384472544867234	-10.168534077388594	0.4302010926888471	-2.6054481546572963
1950	ETD	-0.1872	-9.440406231856356	0.634034620505992	25.84071471627834	0.9474976084943818	-5.12615039617182	50.731318415644886	0.0
1951	RIVN	-0.1874	-11.964281943379445	1.1260942293397547	23.300970503427443	0.7837931634843467	-7.368176424697683	19.200947547636346	1.9642857142857042
1952	ADSK	-0.1881	-23.427447437591393	0.771295959228249	15.415779986784827	0.833409402099498	-10.117994681385886	2.437255425699803	2.8987412495480966
1953	INMD	-0.1882	-4.2789772395730115	0.41831429914553553	36.94029660960336	0.6839499539453485	-5.222051713513373	29.478366378617608	-5.88235294117647
1954	MOS	-0.1883	-6.355219757305944	0.8277614191966196	15.123456790123452	0.9291232801668738	-11.799288051818063	3.362376252560594	0.0
1955	EBS	-0.1888	15.488216623426206	0.5817575683572952	25.773197252725815	0.7794983443927216	6.901865089319706	84.38749633420956	0.0
1956	FTDR	-0.1893	-11.953636274279775	1.3486526473483182	54.381668525234225	1.4898659507577963	-9.585441854152966	33.59015574447319	0.0
1957	RWAY	-0.1894	1.6717345712741118	0.6135750292784765	29.239767197279896	0.5356261513872946	-1.0680706581956283	24.704916470622194	0.0
1958	FSLR	-0.1895	-17.672538697842143	1.0403205831898699	1.445222258210532	1.407852145074702	-17.077400089288446	21.73822620547074	4.1143705904196
1959	KIM	-0.1899	-5.543887964854156	1.0285864795719097	39.62263818749149	1.0136844775434306	-3.7654856839541826	77.43755438424543	-8.677542519958347
1960	ARCB	-0.1906	-8.66158413261371	0.5593662448072649	57.683779374743494	0.6085608446613032	-6.974363705464109	49.123645467234205	0.0
1961	ICL	-0.1909	-11.463846324889083	0.7641636748622529	11.76470501929927	0.8708040382444837	-9.514572137234795	2.245758285268522	0.0
1962	FLYW	-0.1913	-7.486638870376389	1.686564479327419	73.52940345381859	0.9411589250823555	-5.041541778784797	57.668502033424964	2.3255813953488373
1963	INSP	-0.1916	15.093719748829592	0.6195834889802018	28.755086940436552	0.8892690493364569	-6.43434748964097	44.066844376868865	0.8519206939281244
1964	HLIT	-0.1917	-13.843646956283894	0.6784819907792413	22.909879736222088	0.6691965799293791	-6.577202280195962	7.557720894274553	0.0
1965	FDXF	-0.1918	-15.722324163784004	1.0171605438090139	2.0111765941428073	1.1991664316609472	-13.863301691068598	4.385837714276633	-4.2635428435511615
1966	NKE	-0.1920	-5.33298467819445	1.0679084717059293	2.802393747660931	1.4131098397545823	-2.4030221895298474	80.74517324121513	-6.078431372549018
1967	DB	-0.1925	-9.95756898966214	1.208159210095051	58.962976526331026	1.3002395349413192	-8.978255622515434	37.14151900263904	-1.423977951309135
1968	XE	-0.1927	-21.87330351039939	0.9102651356962187	4.787905523627812	0.9154457132702248	-8.358219010574034	3.0218080083465253	0.0
1969	BBAR	-0.1928	-14.041096829947463	0.8655442150860732	32.562883689563996	0.8313250152305148	-15.82434855325002	0.2892416819468906	0.0
1970	CWEN	-0.1929	-9.845686083867292	0.8811372114124407	9.00507686617761	0.8899166910967345	-4.187185163049099	25.476404437425614	0.7543103448275893
1971	MGPI	-0.1930	-21.498776449962737	0.9183842625849588	1.9621565029515866	1.3150030819165621	-14.444978489366333	20.02026872041931	0.0
1972	DLTR	-0.1938	-8.64567193459338	0.7360732107235242	54.27283176125221	0.8430345251117892	-3.264930072887111	89.71869159499309	0.0
1973	OWL	-0.1940	-23.87687795285961	0.9521599953763638	12.461055228767117	1.0861351465220404	-12.893943737684156	11.753334905578129	-3.388554216867465
1974	ALLE	-0.1942	-2.717252882995889	0.8261234906012698	52.28016672313284	0.7043775152768055	-0.6280779319699097	81.93669045167022	0.0
1975	AKTS	-0.1942	-26.08861666955659	0.515644131621707	23.780176586901522	1.0345092745277296	-17.108481101481768	7.7661108237978596	1.2569832402234717
1976	AEE	-0.1955	-6.894614154896077	1.5479587676897093	12.965514435165263	1.329391100702576	-5.026764616522277	19.240784329854804	-0.713278593348262
1977	LSTR	-0.1957	-9.015401053091436	1.015381964718157	41.86261287423639	0.7268637905962191	-4.503331686505025	52.51644024051408	0.0
1978	AGX	-0.1958	-22.773719876945076	0.6905675032768581	18.105969545592682	0.9023258414402325	-10.136116786181224	13.807416599775692	0.0
1979	COR	-0.1965	-5.422909700823622	1.2789746233859396	44.446954158072444	0.8119659054851028	-7.494101882141264	4.1410868416031406	-1.7625085494817667
1980	KTB	-0.1973	-15.101990775096771	0.5999696497302964	26.67073636001155	0.7636027784207227	-4.314909071383303	35.934710432581625	0.0
1981	UEC	-0.1973	-32.37885377728904	1.0569159454507187	2.62467224975479	1.0465825990890496	-10.855565805841204	5.701302919263313	0.0
1982	BILL	-0.1976	-14.876203430854648	1.1260585974462545	39.49611811674843	0.7740310645055923	-16.86887776042392	0.08893764249688729	0.0
1983	CVLG	-0.1979	-7.936954099946146	0.65640384465109	46.141778809512715	0.6739854097315674	-9.608846006563095	30.1911075895935	0.0
1984	LBRT	-0.1993	-1.609550686699967	1.1741167941313313	32.36344961642762	1.048147154887616	-3.591435617972916	83.60625141103992	1.3769363166953479
1985	UE	-0.1995	-6.613507821739837	1.0980024131921169	25.663714113488652	0.9712866478652432	-3.877234378725465	62.02415868333981	0.0
1986	ZWS	-0.1997	-3.7487120976820236	0.9285942747481208	30.737014591594026	0.8145613612351948	0.7669401707760386	71.30186176100074	0.0
1987	NMFC	-0.1999	-8.530185106685744	0.8379488158899924	7.71703505439389	0.7489833252174829	-4.483717905897516	9.497784547066587	3.3333333333333335
1988	GDYN	-0.2005	-3.802277807025268	0.5656942088843253	48.62745397231157	0.4684830274578067	-8.398066766351306	15.10660556551916	0.0
1989	WEC	-0.2007	-4.544600947055677	1.261414169295304	6.626185878817335	1.4095257951839224	-4.158777629119089	46.17442960053695	0.06643414715163452
1990	OIS	-0.2007	-4.152245138515968	2.3063874770295434	31.22222688462999	1.122343301468744	-1.5751611886939383	62.47050523989033	0.0
1991	ODTX	-0.2008	-17.35950850018229	0.6640077275418316	45.663077515085966	1.2265242435829438	-12.122061912939362	69.12995901118097	-17.482517482517483
1992	HBM	-0.2009	-11.495387684307925	1.6297405031853651	70.3537385695306	0.9965847589218902	4.21644103534477	65.9551717196249	-0.03141690229342762
1993	WDFC	-0.2010	-6.860955782061387	0.9868075418831358	23.089373297024274	0.8943635509628933	5.714726259386861	92.09322300955117	0.0
1994	LII	-0.2013	-5.8136240800742565	0.9758417348297508	7.6734881510691215	0.8341904662454968	0.1717642074206125	36.28742276477962	-1.4417158713931075
1995	BZ	-0.2017	-21.222220526801216	0.773618007806644	13.327817095826003	1.0819491486858102	-8.84170766309258	35.715615864120664	0.0
1996	BTGO	-0.2017	1.3966534022465158	0.46063804024265326	13.13986411165778	0.8560227721669014	-8.489664784477705	8.89819803216723	-0.9337068160597704
1997	ARVN	-0.2023	-18.72293923257289	0.6651973986161747	7.161806749095971	0.9886840884686986	-11.216877356781973	5.024931936766237	0.0
1998	BIP	-0.2029	-10.390948571347836	0.705387484821218	18.58407214679548	0.8896339862999013	-2.8937395629421867	47.04624781499425	0.0
1999	MDB	-0.2033	-24.03649669164313	7.680537871227503	46.22795147066321	2.519315797709954	-13.075546175945595	2.642795014779651	-0.41802716136680135
2000	CRUS	-0.2038	7.801228120622326	0.9585368333452577	17.893741611781113	0.6849451090505688	2.120319349625659	43.927929723541354	0.0
2001	LOB	-0.2041	-8.029012309221004	1.2053070581922833	48.84641040055156	1.0048860315604908	-7.296775402463993	15.41410862699206	0.0
2002	TSN	-0.2042	-7.949408911436303	0.7222063557878696	2.3194557877672906	0.852401127786246	-4.7789054347642	13.191154364365559	2.664919178680644
2003	SUPN	-0.2047	0.9278114056430414	1.1850135899786791	21.33541196724619	0.7944852739422439	6.874128043285088	83.58315175837977	0.0
2004	CBOE	-0.2051	-19.33110856519855	0.7911669608007317	18.128163928928647	0.8565347091902544	-11.602315815598214	3.3464544817405653	-0.8182035355948426
2005	HAYW	-0.2053	-12.140347664816337	1.6737258255028826	4.6660651008906004	1.760557154204824	-3.341144344122579	23.669880206829333	0.0
2006	TLN	-0.2057	-0.3545822509284877	0.7528863286875442	13.83592793423125	0.8258133548503094	5.304645883379315	69.89127820429253	0.26547132039341337
2007	BRO	-0.2058	-15.618430881788733	0.9165095182994917	15.044458770394936	1.0348744109939054	-12.461247884315274	17.44649294162035	-0.02657101102696429
2008	SNY	-0.2059	-8.16235467207258	0.9376388427577461	6.351794016089435	1.0327751432375425	-5.583569506022833	35.15811159236415	0.0
2009	DUK	-0.2061	-6.14862040793649	1.1049580606912301	4.572221195606017	0.906674041252412	-5.33513381254971	18.046302049110707	-0.4906268306971411
2010	LZ	-0.2066	-9.917361364526627	1.0041390665951646	3.203339961909985	1.0886280453432298	-13.838212492550872	0.680026227276926	0.0
2011	CELC	-0.2068	-14.586013283689352	0.7545272873359566	33.03939905220303	0.6593268761758763	-5.278654841511738	30.530300775087326	-0.27402379024724277
2012	WW	-0.2070	-8.241755170714116	2.119207223975222	22.205562995073098	1.5652861129633746	-1.9348424698237636	66.7495630051483	0.0
2013	DBD	-0.2075	-10.03250721765745	1.091349702650381	17.045604014488607	0.7275104237401077	-6.944723908551332	8.358398575477395	0.0
2014	AOS	-0.2076	-5.7627113008203725	0.8289215091592868	15.22916300294203	0.8981378260322639	1.1211214359003117	62.22920281503021	0.0
2015	PG	-0.2078	4.114852183012087	1.0046113219741015	38.508264526820355	0.7964408839173661	1.362884029202732	85.18612363449262	0.0
2016	HR	-0.2081	-6.011498531002492	1.4025441667862861	29.14484366904589	1.2668372143212072	-5.640139166515468	44.12094161395265	-0.14402304368697835
2017	OZK	-0.2083	-5.724106179138467	1.3333110084844575	38.475504631139415	1.0936774103065312	-5.73157759393365	37.701882596251714	-1.596153846153843
2018	PODD	-0.2094	-7.1822068117547895	1.038638033410818	2.9367999870236154	0.7599012251875771	-4.025131051943798	5.102610382225052	0.0
2019	CARR	-0.2095	-5.047588737255465	0.8622225778505448	21.22925690755944	0.9599012361350039	-3.0491686283679145	57.808437718870046	-2.712500000000002
2020	RPD	-0.2096	-12.592591179741753	0.5186732273708804	44.93421178115041	0.5910285569876169	-8.362066484868409	26.93529347746893	0.0
2021	FE	-0.2105	-6.983782794024493	0.8866687637621894	3.6194463057256474	0.8941371725337294	-6.753003805630858	9.336106356559526	-1.115241635687722
2022	GLPI	-0.2108	-8.697707836754764	0.6821751472582507	3.986438236770463	1.0015111995101873	-6.516891390984709	25.45221700735253	0.46776489729509224
2023	ADC	-0.2113	-8.060101287512495	0.9063249940777209	5.134807777649632	1.1222604378584682	-5.538283214537286	39.766281907170935	-6.3176470588235345
2024	SVV	-0.2118	-11.206071998337183	0.6717670262476432	35.05376890996023	1.0261253861633755	-5.794052668840852	76.92769505614972	0.0
2025	WLFC	-0.2118	-5.098895558283119	0.6151613263369432	32.83821787607839	0.5377002432273756	-3.877291794753503	23.347006417138346	0.0
2026	ADBE	-0.2123	-20.10721100359509	1.0119411650861234	23.556858224931407	0.8943260839655804	-13.644993486907865	4.5608268569359325	-5.0615837858942925
2027	TDG	-0.2124	-6.511699399689948	0.8749492130226643	9.691656210915566	0.8678916926856733	-0.801628412945719	44.937673014963444	1.9179641721078253
2028	PXED	-0.2128	-12.918662532730812	0.8153173403081451	8.319183116453008	0.7948808229873092	-6.564800720827959	6.738182224150009	0.0
2029	ASTS	-0.2134	-0.7161436141662114	0.7928367435325487	15.632237146827233	0.6987117998564719	1.0450206201946621	39.91715286262293	0.0
2030	DORM	-0.2140	-3.5098723919712667	1.0027748366132387	38.53546771086599	0.842775421048075	-2.9044260026180515	73.34665547044133	0.0
2031	LIME	-0.2141	-31.663515394989734	0.8495048423505426	24.622135915621374	0.9286500898394482	-6.511654158755441	47.27720633783833	0.0
2032	ASTH	-0.2141	-8.539439709260677	0.9219924097067849	50.865158317766216	0.7961493484797861	-11.909518718808185	43.8963535267163	-1.8867924528301887
2033	CRAI	-0.2144	-4.2202891474184785	0.8391129377515198	34.74558580814039	0.9294855956910608	-1.0795292410730517	86.5008281415227	0.0
2034	CHWY	-0.2145	-18.3771875741921	1.1466694967925042	5.22678449395924	1.4800384643060398	-13.455368398516027	54.52946839023456	0.0
2035	OKLO	-0.2147	-12.743941510724206	0.6786493033593141	1.7120284775815626	0.7585341047006328	1.863859473092726	7.5850859955004495	-24.481669641631193
2036	BTSG	-0.2155	-7.159278326945229	0.8409976520475222	63.10034501613925	0.6327588096882991	-6.857132562402668	66.59468980195219	-0.16223636590539806
2037	AVY	-0.2155	-3.6166855897101993	0.6319940212795249	41.32003266054424	0.689795534052308	-0.05412835919451564	72.0605642539511	0.0
2038	TIC	-0.2162	-11.009182784750273	1.1303168838955393	28.588655515516624	0.6050353890749675	-8.044771606237346	7.780237429581206	0.0
2039	CGBD	-0.2164	-3.945111871069774	0.6014324191968657	37.6311786886098	0.5622604913047162	-2.1168094414150476	34.44243213163621	-8.333333333333332
2040	ISRG	-0.2172	13.000245257998944	1.0976902278431964	31.317427098515083	0.6710574460300036	9.128580408910592	96.52402474345863	0.0
2041	OSIS	-0.2182	-8.464131137169415	0.4072174027918446	5.2228024965123865	0.7189570060335007	-4.077511896721583	5.47707718682058	0.0
2042	RHLD	-0.2186	-7.111339871880023	0.5408067140532671	32.60300431619052	0.6314870957276623	-3.10240919677114	31.30832343941843	None
2043	CCAP	-0.2200	-10.377361715879559	0.6914580265095729	2.070750647109564	0.731739121844561	-5.048201367979711	2.5412854386095916	4.233301975540915
2044	BIPC	-0.2202	-11.147788904462178	0.9780684855636091	4.618025532877977	1.000148343626299	-2.9387817902708853	44.09648609113955	0.0
2045	RBA	-0.2203	-5.96111629172872	0.5739800045297182	2.5770506393795007	0.7323740114374016	-4.50121546642737	1.868677239063615	0.0
2046	NVMI	-0.2203	-0.13479995198409914	0.44905556486557663	29.748830938246474	0.5757938489115594	10.067139306476353	87.71835731190569	0.0
2047	NXST	-0.2204	-10.05226385505423	0.9952619321680006	7.322446939093334	0.947707929772048	-5.747147614721483	28.394107236975373	-0.9019471218983409
2048	WINA	-0.2205	-10.616590153481848	0.8273260687342834	7.920918101422242	1.2692576577509644	-0.5648746079167689	92.03177575095879	0.0
2049	MDU	-0.2212	-8.176410275410552	1.3738769353952722	19.819832191810953	1.2659073989985574	-1.6365960127011325	32.626104877320444	0.0
2050	TTWO	-0.2215	-13.154503818233637	0.7773909456275119	18.797096288488863	1.0196583473539798	-9.84509821139096	36.73920233342019	0.0
2051	O	-0.2219	-10.436894567259934	1.4592894669303582	3.079280016328646	1.7013384859621612	-7.235450590705147	14.83377912788157	-1.2268146633562194
2052	COAG	-0.2221	-33.077393799533155	0.6896665457304001	31.215295903407664	0.8827390798032918	-18.783252340316988	0.8910317860397612	2.3041474654377883
2053	HSY	-0.2225	-9.32605502925695	1.0721543546445196	4.818059670482265	0.757056138555684	-5.959042064778336	2.183995149238797	0.0
2054	F	-0.2225	-11.25447825297801	0.993750132403195	19.040481475875833	0.8838925834748114	-11.299853686421823	11.312578716310327	-3.365384615384629
2055	SBAC	-0.2230	-12.585586859812981	1.0279780204911564	4.506325576249787	0.9456098317411739	-11.349790397094576	0.5541946871239531	0.0
2056	NCNO	-0.2238	-20.2401345416916	0.7461472668122737	33.71970763238304	0.8835244165788623	-16.762312748224254	13.211188743245586	1.374999999999993
2057	AQN	-0.2242	-11.79576795256276	1.0002584647195658	4.545464949174354	0.9754889868705005	-6.9767802859385615	19.239183706540345	-5.045871559633029
2058	MP	-0.2244	-21.3111947763914	1.0154178929007769	13.837063408560802	0.8035036728391558	-8.968132859346653	8.068023611416507	0.0
2059	CTSH	-0.2248	-10.994351483798216	0.8178219091623999	39.37937937937938	0.6312014011101658	-12.088102597307161	10.859791758125311	0.0
2060	IIIN	-0.2253	-4.406000329677498	0.877834179357022	33.2212569974939	0.6042635405069094	-2.068477835710746	34.951036821778715	None
2061	LAD	-0.2255	-18.318779553519224	0.7934508816120907	31.69095554765347	1.0447188558956981	-16.49862260120869	21.821293154575116	-8.639883833494673
2062	ULTA	-0.2259	1.6719181086943404	0.6493587543295785	38.887867075510364	0.6220864304666424	-0.534162140996451	63.053338420236805	2.346041055718483
2063	EFOR	-0.2260	3.7610697356573892	0.6868558555429297	41.87697642233094	0.6095554808695806	-4.204604734700095	47.35086908842137	0.0
2064	EXC	-0.2267	-8.280253561092863	1.0653939839930633	5.40292760828042	0.8955001781209618	-6.239626985844751	19.1652233500691	-0.40816326530612823
2065	BKE	-0.2270	0.3494909885327991	1.0846652180093823	18.195487192101357	0.9159501221562966	6.331418779035673	96.85675498686876	0.0
2066	CLBT	-0.2271	-9.92677193503313	0.8914343040681689	14.326920142540564	0.9836108582268603	-5.763037456473343	45.46232413694018	0.0
2067	MZTI	-0.2275	-10.157291770342272	0.7405250018912172	3.9611531741899997	1.0185500575373994	-2.409098857474697	49.5466723818813	0.0
2068	SMMT	-0.2278	8.025119502114123	0.9790260618410993	19.871792204174405	0.9238703489509067	-16.582560931816225	3.0312576702882694	4.978426817125788
2069	PII	-0.2280	-18.08927096802023	1.0475505037970914	16.731515035864287	1.0245243172102798	-11.857218242015517	24.186339571662913	-2.937062937062929
2070	AZN	-0.2280	0.9907546691550153	0.5585496988244124	28.13704876753261	0.6786757135013668	0.8254141164610818	57.33181179282689	-1.2359710186105912
2071	USLM	-0.2285	-6.96975072041222	0.6450902200973805	33.31857359934519	0.9091562850314093	-5.0105497628317845	59.40196198473367	None
2072	SWX	-0.2287	-8.443296328522315	1.473577446130281	28.934025643440698	1.3186665901935273	-5.864700096581055	33.0301696430889	0.0
2073	BH	-0.2288	-9.775268526034443	0.35241283240118926	43.083479796764415	0.47482732795206795	-6.893741917906667	13.011747892533762	None
2074	XPEV	-0.2290	-12.18005404883991	0.7192357334911156	2.7393606875805125	0.8265633901349508	-7.7178199603362465	1.3170193494815265	0.0
2075	WERN	-0.2292	-12.97690152714623	0.7659222947030399	42.85713786040473	0.8854151034895642	-11.398662689433005	50.78676279449793	0.0
2076	EVR	-0.2295	-10.440914867112932	0.8005981247979308	5.43898446219308	1.143217715120822	-5.65630995763172	52.77704652571121	0.0
2077	ERII	-0.2302	-14.93671254343066	0.9190026541949107	1.0238889948093066	0.8422539521015608	-5.84026881703976	9.371308535541402	0.0
2078	RH	-0.2307	-15.690608247143482	1.0559426588765803	11.855748933925385	1.0359340886132322	-9.632599689526424	31.797354927026447	0.0
2079	VTS	-0.2309	-2.672859436045411	0.6692410000064251	19.886363636363637	0.89763132307096	-10.130021017400654	26.977124546660164	2.380952380952381
2080	FLG	-0.2310	-10.483270389645806	1.3287453402417135	30.18480414482602	1.3238075769492403	-8.14853131110563	6.082955448169969	-1.9929660023446654
2081	TECX	-0.2311	-35.940055203969365	1.1074949294844583	35.740073120264086	0.9206116566515218	-21.49003731758156	0.10914247312277325	0.0
2082	HMH	-0.2317	0.10384453544128036	1.8007933489105037	36.185827465104005	0.9441006600660066	-0.9834015681476167	94.42263962065094	-1.7543859649122806
2083	PEP	-0.2318	-8.030347210618684	0.903493616083061	4.616067465601418	0.9758286458362084	-6.371973572123984	28.774512032246633	0.0
2084	GGG	-0.2319	-1.720676587945538	0.6196504833550739	24.762726488352012	0.8153252949475572	1.6124786778794893	74.53871798929319	0.0
2085	NN	-0.2324	-9.357099067214248	0.7992919963351083	24.870847019322245	0.7206059699874834	-8.987155659895762	16.148846716470032	0.0
2086	ELS	-0.2324	-7.557499652463232	1.336343803669591	6.591354341381216	1.2163840546568665	-4.6814055879848055	0.9980281335209753	-1.0518731988472678
2087	AS	-0.2331	-9.501964531565307	0.6544694815191668	9.123654497199265	1.0017770696733868	-0.3675567393525885	65.59929137101028	0.0
2088	LMND	-0.2332	-18.579641018103295	1.1077443587092843	1.1126807619429675	1.1272954089858813	-12.854304613750061	13.375481476247515	0.0
2089	SNAP	-0.2334	-2.063792403169849	0.8030122325232257	26.503755454730264	0.7621721089066271	-11.238090330664331	13.775143852971794	0.0
2090	MC	-0.2336	-15.343143232855732	0.9623361028884597	25.924283672562577	0.8454493020195153	-7.97294676032104	37.5756602342977	0.0
2091	JHX	-0.2337	-14.712801480568944	1.3534186333414213	59.652634533389694	1.3611735094418043	-10.999339452667448	6.654732409586373	0.20612485276796313
2092	AURA	-0.2346	-20.12986691288804	0.5191310601967316	29.552551412433537	1.1514289302718563	-12.889835852959113	58.0993903697864	0.0
2093	PERI	-0.2347	-12.174819126876896	0.5947900759700719	22.25273572481596	0.6120788667687596	-7.464922100753123	6.593734859519856	0.0
2094	CCI	-0.2351	-10.569106269749689	1.030762381505652	2.7089964291322226	0.9450002499736139	-10.153801728504096	6.247556052491859	0.0
2095	DOX	-0.2353	-8.421056666262484	0.7154719446788815	21.398713204082785	0.6606743735429323	-9.7240683460926	1.286520778692747	0.0
2096	SRPT	-0.2363	-12.922653523895042	0.7472672415214416	38.72179734079461	0.8521139535137853	-10.75549323338351	45.372803670399605	0.0
2097	CELH	-0.2364	-15.125800013898957	0.8352276641179307	10.282538212135254	0.6582703610411419	-2.20337100559977	18.523969530553103	0.0
2098	DAKT	-0.2370	-13.054570594657012	0.7545623692506436	2.4347759744395416	0.8740104834484814	-5.423436206597705	18.83516710312007	0.0
2099	DOO	-0.2374	-8.773343297889358	0.5765557725717863	23.714453021613167	0.9257554219538596	-7.24547295160974	46.59341781587597	-1.7151279646254873
2100	MKL	-0.2376	-3.6227267291756924	1.0869781312127236	4.963490798035455	1.1118619953761337	-3.8499601476751284	58.37504620422751	0.0
2101	CMPR	-0.2378	-10.056176346339535	0.9572688299466732	42.31355305883412	0.9015956017979622	-5.493896075915211	80.4379479706594	0.0
2102	LKQ	-0.2381	-8.438490715664868	0.9868935092618933	12.844607226531895	0.8993606773804479	-2.8532278849794057	45.403348245836554	-3.6800486618004893
2103	CHYM	-0.2384	-19.99400465905343	0.5976412863789635	54.95678970034377	0.8339413508045292	-22.05232142192265	19.892416975696094	2.9010662038185018
2104	IVT	-0.2388	-5.88235328491722	0.8942331836062829	37.56003182857343	0.8690273697232102	-3.804754283008245	77.34358844472398	0.0
2105	FOUR	-0.2396	-15.725990130577422	0.9048906806637994	5.320979705508127	1.2067980656661512	-18.91379293824285	8.837169631137812	5.425295225055625
2106	LAR	-0.2399	-21.70767052276811	0.6743133563110707	24.63109928958126	0.6433639806268521	-9.544208415206322	5.88738844374484	0.0
2107	RILY	-0.2407	-22.78481479571351	0.8353471107932028	24.34210225155479	0.8406639747657458	-12.640877256565547	6.554306356253122	None
2108	AUR	-0.2409	-7.029878582511475	1.3511805772330583	34.0382671068082	1.3621681224145883	-18.73310222890193	0.8602025581777468	-3.1945788964182
2109	BBUC	-0.2421	-9.243998344003142	0.7861691420616481	3.9405198788554205	0.9262881445622563	-2.7090093940154656	40.74449742753392	0.0
2110	ACHR	-0.2425	-12.31028735591054	0.6970653960563704	8.720928384352101	0.7036430655674617	-6.247787729584216	5.224296284924819	0.0
2111	BR	-0.2433	-11.011581527464113	0.7634057512314184	27.731170799757205	0.7565017656939552	-7.198858765577025	35.37958270941954	0.0
2112	HDSN	-0.2433	-6.934308633545686	0.4301895490116452	8.679243483633371	0.7728580467248439	-4.936843464215357	19.55178503874842	0.0
2113	VNT	-0.2439	-6.521738880047693	1.0344613650640189	17.697040552215856	0.760960168091621	-4.9183986128141335	31.553007454987025	0.0
2114	AGRO	-0.2441	-5.799812066380374	0.8865742001229084	35.33332994249132	0.6492664885016264	-14.700148901514082	0.34850273182709657	0.0
2115	SE	-0.2444	-16.40466200370005	0.940217688563146	18.775232897113614	0.7070228118764473	-9.611337448415366	5.092369152465508	-0.767195767195765
2116	LINC	-0.2449	-14.387076882687236	0.9358577469042585	11.344428459294475	0.898369300389449	-13.637265146877144	0.19216577427451398	0.0
2117	LEU	-0.2449	-27.934081529469957	0.8291525391488775	1.376368793297048	0.731226185526253	-4.642162205660039	6.14222652518248	0.6275133678023845
2118	PRTA	-0.2452	-4.0704057134008345	1.1979515494062107	24.3243308852287	0.9447875162437039	-2.201774659038354	75.85676624329218	0.0
2119	PLOW	-0.2457	-6.21441874138334	1.6640359606080364	41.616317656825316	0.7472454218558711	-2.042737261008445	23.615304667738485	0.0
2120	IIIV	-0.2460	-11.919319622186428	0.5768204617409555	2.734956973705171	0.8563079641830921	-8.544967460805784	5.490819517044159	0.0
2121	EIX	-0.2471	-30.143863996309562	0.8947730550830586	1.2123237899840222	0.8842220482108067	-8.923801326599431	3.994591566650456	-1.2918287937743165
2122	LEVI	-0.2474	-5.890735468222846	0.8451319283944603	26.19046949802486	0.8468611494371191	-2.697771038057231	68.98787041309276	4.105263157894743
2123	AA	-0.2475	-17.464346291356286	0.7617238016715703	19.599236641221378	0.7777954090857842	-10.632297136065715	8.710032729922816	-3.2729022942403327
2124	ATS	-0.2479	-3.0396710830811986	1.0991707564731765	3.0786755691232477	0.8402473223637531	-3.7611241770465575	24.592526595541685	-1.356304985337247
2125	FRVO	-0.2483	-11.591481059197541	1.6474791248282423	2.29373384689232	1.684298066936883	-6.303466763733262	5.312830616017493	-8.613696015270818
2126	TME	-0.2491	-3.3487294106556917	0.6776813408797772	4.1409140022192945	0.9747524363177125	2.584275530451475	72.22558911192797	0.0
2127	CMC	-0.2492	-6.210011837988326	1.2629628192770364	35.891783151209594	0.9054156696858797	-1.3909952023961023	36.421326101972696	-1.8075232046897773
2128	LSPD	-0.2493	-10.19462822389869	1.549508652835379	31.605770269894663	1.310257822138272	-4.775949612808452	40.74435986275958	10.725308641975298
2129	SPT	-0.2498	-14.221011777618697	0.7168000597800415	50.73595302217673	0.8230362013025592	-19.194301473448718	5.563243504566998	-20.833333333333336
2130	IT	-0.2503	-5.5289979850016815	0.7756986970731018	43.68028115633326	0.7224980864967161	-6.375952219517986	63.064677502769946	3.181793668769889
2131	KMPR	-0.2508	-8.390595757077039	0.8212736938477941	8.970438068997804	0.9656492706273465	-9.833114612648288	23.29148762337337	0.0
2132	WCN	-0.2510	-5.746010040151027	1.5682203848792289	28.219189230165547	1.354343824697877	-3.6459242270004517	77.09768683112546	1.6985778179808004
2133	MTZ	-0.2523	-18.731337407042485	1.1609611868981857	8.39476488397492	0.8781937003948849	-10.990552909355399	7.114602407976449	0.0
2134	CRK	-0.2523	-13.201096581964688	0.6378065777703813	3.566956072486242	1.0162487595104202	-11.88039142323571	14.460686829848598	1.8261964735516432
2135	WGO	-0.2525	-11.063551259474961	1.0664825920013805	3.1988301437668203	0.969875705872557	-5.381872959079928	35.62046748028297	0.0
2136	ARI	-0.2529	-10.144931542425134	1.0670733314704781	0.9823145238730131	0.7364592483070036	-6.25331047156862	0.43859469113422733	0.0
2137	AAP	-0.2536	-8.930611116798751	1.0918885349736764	6.883926978263168	0.9941905290067766	-12.263499099513927	13.534127481993053	0.0
2138	FCPT	-0.2536	-12.509926848105666	1.3657689475639079	3.976156792157246	1.780747420284466	-8.368708605672298	11.195619015247459	-0.45887751500176144
2139	JBIO	-0.2541	-32.59746470464498	0.6756004333955337	31.199598696924024	0.9510275809763407	-21.688751983844664	2.052067259254443	0.0
2140	XPER	-0.2542	-9.719936341062835	1.169949963810303	11.261872973500298	0.8699421504725174	-5.317297888672243	36.0849079883089	0.0
2141	MNST	-0.2548	-10.364025853354708	1.4819334663284278	51.770171853462344	0.949907974990685	-5.9157639473701416	12.933539371022917	1.5253910021239605
2142	AMR	-0.2550	-22.798843558560517	0.6789435560260768	34.86436452498987	0.9178157293142863	-11.897871535042452	48.66237601295561	1.4705882352941175
2143	OTF	-0.2552	-9.557521287402917	0.724526528585615	8.952386038643974	0.6924511194480433	-4.478653036106202	13.869268806020642	-1.5151515151515098
2144	YUM	-0.2553	-8.271974275756634	0.7695180496234001	11.204009975743826	0.9576539810599664	-6.122912328865649	41.632794498632784	-1.7142857142857144
2145	ETOR	-0.2563	-19.937985442405523	0.9690506581795895	5.546993810088445	0.9999235097402698	-14.296003028930391	1.9841438890596237	-2.0179372197309386
2146	UUUU	-0.2566	-29.923761795660912	0.8842515594805794	1.9755940323718297	0.9553778637970212	-11.23753262198369	7.0007576510259355	0.0
2147	FG	-0.2566	-8.393385033611866	0.772069037789465	7.046074595877794	0.918030773953417	-7.152788667883362	28.13031928452861	0.0
2148	MBUU	-0.2567	-19.687500786450197	0.7755361851933644	3.0302961569746114	0.9371779727957215	-6.290492992015023	28.424990269575588	0.0
2149	GD	-0.2570	-12.07703893893963	1.6755644632056899	29.378959199945715	1.3279718400116625	-6.96956063728021	4.753320605368259	-0.3914031921625649
2150	FRBT	-0.2571	-8.064515963636092	1.0628940038117578	4.854376339217965	0.8785179907374421	-10.145451725789371	6.11809191218147	-0.8771929824561372
2151	ATR	-0.2572	-6.329974125752129	1.7127421162157834	48.58057909396105	0.9659047053584682	-0.9899165615474337	66.73618276165625	0.0
2152	BMRN	-0.2573	-8.929394622918728	1.2301645958142406	46.96132175171572	1.00826224108185	-11.086943734148667	0.48707770499632375	-1.2440695835529707
2153	FUTU	-0.2575	-9.873968918592578	0.7024855528582783	26.034578909339018	0.7631287106380351	0.42236081730509145	71.25426759731468	0.0
2154	DXC	-0.2583	-5.909087441184304	1.0616513864446324	31.491007473903938	0.6960858194752018	-15.225602488734856	1.6150519740094325	0.0
2155	MIRM	-0.2585	-11.81954979000235	1.9368478198455907	37.035704356087734	1.2443796414140789	-9.706918310582955	8.911914395541615	12.92163605765715
2156	LMB	-0.2595	16.36712654200203	1.0427179615288533	10.537665238230714	0.6295464918081648	-5.740831111462729	5.492102300761829	0.0
2157	ATO	-0.2600	-6.081807256730356	1.0377371052684141	5.4652174133772675	1.0417486147734834	-4.7659291506596215	49.43213126775082	-2.949061662198391
2158	VSNT	-0.2602	-17.78115638084941	0.8515654053917768	16.6195384369232	0.9197675145791967	-14.211423043313518	11.81592537553118	0.0
2159	MAS	-0.2609	-6.0860011669965335	1.244870943347604	40.03139956966862	0.9449027463516908	-2.1344006875310493	49.06847999328284	-0.6428841547964265
2160	TPR	-0.2611	-7.943850280125197	0.7379291552597435	28.481889900058754	0.8214949244804487	-4.404197632720848	61.25745898091695	0.0
2161	VRSK	-0.2617	-12.171500094219146	0.9596141886188974	12.144548067406776	0.8356679563630333	-10.91945636168434	10.916440495236344	0.7876683323452248
2162	TLK	-0.2630	-9.009631520313624	1.101814789177476	1.1527333548158376	1.1511053547463856	-13.92440264016738	8.994952721765358	None
2163	ROOT	-0.2630	-15.105820516495266	0.957342733357144	11.180481302922544	1.0450491105109891	-14.610238044777896	17.8842317385035	0.0
2164	NNN	-0.2634	-8.6697554520799	2.1118287715900173	22.522536269179348	1.6075349119871265	-6.014691947237045	66.41030086151144	1.9437551695616166
2165	AVAV	-0.2635	-3.316261552560757	0.5681675917038768	4.2559950921740155	0.6941707509645895	-4.643809289261231	8.169032975275854	-1.915887850467287
2166	CIM	-0.2641	-11.642051485155077	1.45572663756282	2.905570854574931	1.6615061841192496	-8.834641115769184	3.87012387897434	0.0
2167	GOSS	-0.2646	-15.294116657085514	1.6795667992619534	0.7987221970725747	0.9745284849053345	7.041911552739316	83.84103398510003	2206.015037593985
2168	AMTM	-0.2648	-9.495841924026468	0.5973320306880041	2.9673579184874557	0.6986780434744732	-6.953966282001543	1.541022174823965	3.0427350427350444
2169	BROS	-0.2648	-25.5768046542467	1.080465951238029	0.9283575755428087	1.0811219029437973	-14.946271853241521	3.4451380289365403	-2.894736842105267
2170	WPM	-0.2650	-14.159130070379339	1.5234956666656638	58.81950419071937	1.2075017708203841	-10.00896696826314	4.3892477817464055	0.5374071614032886
2171	PAGS	-0.2655	-0.3359539263186763	0.9875589763453022	12.307682526417269	0.9161036970634588	-10.994260900357196	9.368326019633201	-12.0
2172	MFIC	-0.2659	-9.69071751409152	1.6283290039086207	1.1889096137869506	1.3443291157032118	-4.252008182517788	1.7906695863549373	0.6910167818361155
2173	GILT	-0.2667	-3.378372967124838	0.7028426768701568	5.536334159877479	0.6230968487355808	2.5742346309749835	36.269369392907784	0.0
2174	PFLT	-0.2675	-6.586024787456568	1.0293202817674503	4.109582509080022	0.6074967384838907	-3.0092876058313336	7.607084653487618	0.0
2175	YELP	-0.2694	-21.856952582262775	1.030318858216731	1.85830518343723	1.3341983814948897	-20.044457709030837	16.471219340824263	0.0
2176	VRTS	-0.2705	-22.531838568704927	0.9520851339671564	10.818916816675042	1.071733613913474	-10.355481612824292	41.41019700419145	0.0
2177	WB	-0.2711	-7.306593517023121	0.5127097285230792	1.5921120574928	0.6483060574706142	-3.181888210812929	8.976392700041956	0.0
2178	PAX	-0.2711	-13.648062240144204	0.942741486834138	2.139286142931001	0.7977108134028184	-4.629271437360192	21.340303149353318	0.0
2179	LWAY	-0.2717	-18.254874487623585	0.5188843291368157	26.298705262023137	0.6758866276060537	-14.038749636686617	0.24161870512030248	0.0
2180	CRBP	-0.2720	-37.82569627007097	0.8308816974235536	4.179838962374044	1.0173230988633026	-14.978079937130412	4.914374054584542	0.0
2181	CHRW	-0.2721	-1.9187467964770915	0.7215133433553671	28.37698176625223	0.8569483354088675	-6.387326681011052	59.30538915337065	0.0
2182	COLL	-0.2723	-14.40998977433195	0.7865138541924903	3.4628146904604544	0.9723657914685411	-1.4107749784763204	59.001197199495564	0.0
2183	STN	-0.2728	-8.017665556382616	0.6185778472357882	5.097391671577125	0.7697403457726629	-3.0495873741209714	28.164782296047306	-1.7100070828695717
2184	MWA	-0.2729	-12.45954696302174	1.0588124716067822	3.60452512511265	1.0751868835717804	-6.860816491956088	47.44732738737376	0.0
2185	OTEX	-0.2729	-11.755365194387455	0.6223039241286387	12.127233167765862	0.6605004237756569	-7.845033914843132	5.5509083492530635	0.0
2186	JJSF	-0.2730	-11.396011396011396	1.060392156862745	29.335976214073327	0.8726241925740044	-7.396228087847289	58.33716422050267	0.0
2187	IPI	-0.2736	-14.171974812469362	0.8891647963325534	35.2285000093123	0.8240060067401213	-16.446732736017587	0.971768746632236	-21.11111111111111
2188	SOLS	-0.2737	1.0472136155306522	1.0327968027510115	32.75759441170495	0.5830243891204937	-2.0927407021985402	52.243557625468796	0.0
2189	WRD	-0.2737	-7.986688865114912	1.2322802681400478	4.844293561361244	1.2094306527953216	-3.433594127370067	10.792719173625557	0.0
2190	BBW	-0.2742	-10.829816687301665	0.5362207757342785	2.518735658516994	1.0294789182606932	-7.249036499981365	38.944139489192686	0.0
2191	OBDC	-0.2746	-4.521270277310405	1.2041047883608234	8.183321039727408	0.8799168786177555	-3.41947518074057	6.672487012059577	0.0
2192	ACI	-0.2747	-4.824196410441479	1.0440419629041384	8.533920605281777	0.8802140032361834	-9.112211306171686	21.57199150247139	0.0
2193	ADNT	-0.2752	-9.187464414475874	1.1376410551282972	3.5849092591483744	1.0495346432264736	-9.470259197640669	30.98161755257661	-2.439024390243899
2194	BLDR	-0.2753	-13.688440541974215	0.6104899382744895	1.9348789985764625	0.8311950566595194	-4.3235107456735715	27.5125582893304	0.0
2195	DMC	-0.2754	-2.3255799822572216	0.6679588869902319	24.48860226424378	0.7261234310983937	-3.3809255272424767	41.52700981740165	None
2196	SCHL	-0.2758	-14.139602896946018	1.9136235665161283	33.195029188818296	1.824357498873189	-5.4941600498153225	47.99402980376533	-16.666666666666664
2197	WMG	-0.2774	-3.724729068878965	1.4615844820458972	31.456948589804945	0.8066498884897789	-7.81946238833722	20.005884627498816	0.0
2198	WIX	-0.2778	-18.843287382898005	0.7182204439453526	20.90463571264723	0.880509374208822	-17.098308779265583	4.916129792832436	0.0
2199	MDGL	-0.2779	-4.901694769885821	1.4529964150423083	55.752282409929876	0.8720135363790186	-4.88413903527228	63.58991454178002	-2.8962188254223733
2200	EMN	-0.2783	-8.506538438233042	1.2232031880678105	37.86550153765763	1.0211703932845795	-1.412689000646445	42.05567603359759	0.0
2201	TYL	-0.2785	-12.398619893949189	0.673121236898833	20.84294053785506	0.653126361224409	-10.500941448116308	4.943577017942729	-2.1593996040333336
2202	VYX	-0.2787	-25.599131844742658	0.8850743396866565	11.571427481515073	1.0448156702895512	-17.933997929655447	7.570890154508575	0.0
2203	RPM	-0.2788	-5.20340601588964	0.5391815916072568	25.086136968443096	0.6847490706062059	-1.2267453670994177	58.426784639081845	0.0
2204	AMRZ	-0.2791	-14.088962631470967	0.8793807579067338	4.059164902169073	1.038518667336347	-4.121521921274086	52.93067192850113	-4.804863698764469
2205	CLX	-0.2800	-21.432017440046895	1.0223621785975223	1.206820992395566	1.010033029138472	-9.456042648568017	26.316256580423882	0.0
2206	WLK	-0.2801	-9.590158173973103	0.6583309044022113	15.478639672887521	0.6374950798587434	-3.695896009824137	27.983695378163574	0.0
2207	KMB	-0.2804	-10.192768113932289	0.8045420550225575	19.30090165065777	0.9052711108440045	-0.9445844929858586	78.20505144277774	0.0
2208	BOBS	-0.2814	-18.58147257828487	1.1903615068701516	30.18182067871094	1.064235011000121	-14.615449938667949	52.617943426980396	0.0
2209	SFD	-0.2818	-13.432840971124243	1.0222235219439861	2.9837113585776076	1.1317846666138112	-6.382355583938541	57.754371282280474	0.0
2210	RELX	-0.2821	-8.898070551303633	0.8822579396989997	26.96078281776578	0.663515538426155	-8.040463054638789	18.23643516353836	None
2211	LINE	-0.2829	-10.417190926325222	1.533288891300472	28.43273443256437	1.2123292836647406	-9.094905816226294	2.4369603100795985	1.0752688172043012
2212	NTES	-0.2832	-1.3448540981706367	1.0313537440059017	29.73402325432184	0.6635933232547577	1.9633214143116846	81.74489672156415	3.9451114922813035
2213	TTI	-0.2841	-14.718614807975333	0.7695483018751097	7.40223250575572	0.8850742933750418	-9.276977745686063	18.043777941223595	-4.3478260869565215
2214	TM	-0.2842	-1.9270817438761394	0.6187290969899666	26.811597888596395	0.7112476495669906	-5.308826964304089	36.394097621395495	None
2215	RRX	-0.2846	-4.538800954437639	0.6707941557804823	23.798394298680794	0.8535735237344184	1.0745914872744442	88.61381186737042	0.0
2216	GT	-0.2849	-18.373985315741788	0.8369515815532197	1.9264444995886785	0.9781646423900081	-6.260747194116828	22.934152122775288	-16.999999999999993
2217	TXT	-0.2855	-6.047353758123082	1.140828497929332	7.137385827252597	1.1190985224355328	-4.605263583739864	70.10568399743613	-1.1172069825436455
2218	APTV	-0.2865	-3.9612660463473977	0.5987321880486901	1.5648758740457198	0.8241458047504977	-3.189186797470818	32.34266000572856	-1.7565676978081695
2219	ASTE	-0.2868	-6.885619049742095	0.6873187807039948	5.352331961307523	0.7810945273631841	-0.74312135562143	45.32519544924897	0.0
2220	AWI	-0.2874	-6.152095052128039	1.14414405835468	25.931899641577054	0.7418160384487501	2.1993015869205084	83.98514029409438	0.0
2221	EIKN	-0.2876	-31.336809608533265	0.6972867264391892	3.6548207859097426	1.107056187201173	-16.11309756838242	15.37840352264513	1.639344262295082
2222	HONA	-0.2877	-5.244163406395801	0.9078371321436284	2.1104492780114303	0.7735524404091894	-7.788878113512473	4.391754506214966	-4.330708661417326
2223	AVEX	-0.2882	-17.9637518360518	0.9007844596080689	7.926205477699876	0.6966928383475041	-5.972198772871996	12.077749735157226	-4.122137404580157
2224	LRN	-0.2883	-10.128955545764649	0.5482997291603973	16.9931219291788	0.6310808743040761	-7.925144848186525	12.638025023167287	0.0
2225	PHR	-0.2889	-14.83979195746966	0.7980412426330378	14.142642679634154	0.940214886539121	-3.692660369708288	59.85492561435413	-5.18518518518518
2226	JBSS	-0.2889	-8.676845998517017	0.8137165343264704	25.74977187162744	0.8316068893141553	-3.1602326464252135	71.04574895966255	0.0
2227	AMRC	-0.2900	-11.305107681528224	0.6363011918464337	7.306966835496119	0.7687831798686302	-11.027292336578046	1.667060520655454	0.0
2228	ADTN	-0.2902	-12.708597894301791	1.119826347955887	0.30257330359200824	0.7123014471840363	-4.030733722872968	20.544598711337315	4.97614178595774
2229	FMC	-0.2903	-13.60224981257526	1.1841457143896499	0.5698007250589026	1.0831026815887237	-16.74186078127931	4.317198470725785	0.0
2230	MFP	-0.2905	-15.398844485519364	0.4619741684104192	11.25698409266978	0.3915701209167888	-1.4888992630724722	4.618374959293135	0.0
2231	RF	-0.2911	-10.328945490296833	1.5196493493921575	46.673492619056674	1.2060806053433888	-9.845756584023558	26.57454851632275	-0.3063725490196122
2232	GPOR	-0.2911	-13.649013727625123	1.0588941105889411	3.7989508327553767	0.9627447582741292	-12.738831714178497	11.789646108835328	-0.826446280991727
2233	OTIS	-0.2916	-7.204814331306762	1.1790572938421056	4.076785564989611	0.9519820609309758	-6.107537265308542	37.719515266318616	-3.8461538461538463
2234	NLY	-0.2926	-11.751947733021806	1.4878329143410858	7.743371271454129	1.5082870540487718	-7.443989273157419	4.8860466390976285	0.0
2235	LADR	-0.2926	-8.545271201499647	1.4238427188186227	3.112831561018051	1.312748147729201	-7.17050386284925	3.91816865980239	0.0
2236	WBTN	-0.2931	9.939756700064736	0.7052216476653727	26.382977100128823	0.6057809004070243	-2.6788955065115165	47.92865507041252	0.0
2237	JMIA	-0.2931	-5.233385479668157	0.6052803840279293	11.184936979680357	0.8482092572119897	-9.340996591677465	25.21946555505376	0.0
2238	BRBR	-0.2934	-24.561407422486077	1.0123993757577485	0.8487515570129481	1.2006232679589754	-16.491212007512956	20.778867380860362	0.0
2239	LGN	-0.2938	-7.242101165397265	1.0457150046321184	31.199672598241403	0.6317220967911749	0.5719899571012927	73.3237346459538	0.5566895527927207
2240	ODD	-0.2940	17.411612076074583	0.5099634900626351	15.46582771155719	0.7098442956185308	-7.104107965374215	24.998271244809246	0.0
2241	PFGC	-0.2950	-9.939288340078534	0.9440435585596625	30.418772938761784	0.7659501286247035	-1.8990208796916122	77.10681472004333	0.0
2242	SGI	-0.2951	-0.3201036562176238	0.8471493165635882	4.951529419169176	0.9407824621009049	-9.194757807801436	30.530226879554547	2.2513030941554857
2243	HLMN	-0.2954	-9.426748791187418	1.014530595701812	6.616732422332198	0.9547775113477529	-2.0086072684343437	64.64004021681718	0.0
2244	RUN	-0.2958	-15.34216643426558	0.8647461397534068	1.2040138882538134	0.904484198403211	-8.544813554959477	21.61208090312796	0.0
2245	TRI	-0.2960	-7.110132692341859	0.6857328827941997	23.91502139406349	0.68265745619251	-8.64470207392802	26.40419583316239	-1.3991769547325126
2246	DLO	-0.2963	-8.718630241515811	1.2045381174191763	51.7915259743358	0.9010774066058759	-7.494964424341415	23.527653933947235	0.0
2247	TAC	-0.2971	-5.519996643066406	1.141725503702428	6.615391071026131	0.8804718661532076	-0.45200687914050264	60.2971307827014	-2.921348314606739
2248	ARIS	-0.2975	-17.68579580621948	2.0514245727167637	60.17881705639615	1.339965512093485	-6.938564065198328	11.136588361723938	-1.699524133242692
2249	IE	-0.2976	-8.982029724128687	1.3708784358306785	20.33589151750824	1.1336926576906157	9.523286783658259	74.66241286625082	-5.0
2250	CTRN	-0.2978	-25.99388226311824	0.7506559879263921	43.924652649191096	0.9795968110496115	-16.203042972117537	59.59811151866075	0.0
2251	VISN	-0.2992	-47.635424826643245	0.7224635164253664	1.1619969418174347	0.6488504009633369	-6.422109946691563	1.0590006600621251	0.0
2252	VNDA	-0.3017	-4.9632348912964686	1.0393501451177776	15.873017218588108	0.9026604993692536	-0.23329690945928472	81.40406351883692	0.0
2253	ATEC	-0.3027	5.015679323064609	0.8256166119964778	19.611415851456364	0.8374732884708602	-8.08020490051724	44.30695721367539	0.0
2254	TNL	-0.3030	-10.90808096416643	1.024855508061637	25.29436952413766	0.9739335050814452	-4.126712406871725	86.76744092504408	0.0
2255	STUB	-0.3033	-19.083968909926995	1.0345608828698039	0.5222745974492377	1.0703834284084934	-13.593730480941582	18.28706261058869	-1.8333333333333386
2256	XPRO	-0.3039	-9.684560207830284	1.3333690425667797	61.86107070542881	0.7786555018675134	-5.737931099268964	24.76712195937992	0.0
2257	PPL	-0.3041	-6.765383592525629	1.0785293723542284	6.432755676626477	0.866551986074824	-5.593531988042901	39.19083685053394	-0.8062603746739468
2258	EGO	-0.3041	-17.884656195932642	1.7562311212352701	56.13771941133603	1.167724315059096	-4.800463410610718	5.70428765309758	10.778577857785777
2259	FSK	-0.3042	-8.748975755305407	0.891842975722399	21.851287517634432	0.6562937211175648	-7.853565455203428	27.12801120642858	0.0
2260	TTAM	-0.3044	-8.205467385037709	0.6898299797223522	7.631164211157973	0.903796226661871	-3.924522564208203	53.72531571562153	0.0
2261	GOLF	-0.3048	-1.365504501926703	0.8179782236626488	19.39761949994908	0.9557423437739584	-1.5673789427919647	85.42401722011823	-2.512562814070352
2262	IRTC	-0.3049	-3.206398433957436	0.8442675711138068	10.574516863199786	1.0454617134875757	-2.4696261057674027	83.02458483496213	1.3783403656821314
2263	VIPS	-0.3077	-7.423904826845103	0.7215771181840304	4.9668903645563915	0.9715704626795946	-0.3804829624087539	74.61601727253915	0.0
2264	DQ	-0.3078	-20.087981347696992	0.951418438393866	0.1166392633369915	0.6554878729053707	-5.921390600958624	4.726941839334216	0.0
2265	QFIN	-0.3082	-23.1188644266171	0.5624904086480982	1.3344290319641292	1.0273146564611118	-17.38669954737428	0.32959778029292863	0.0
2266	WAY	-0.3086	1.9405931529432239	0.9005570696796265	36.72585435737619	0.5863702811993317	2.7518485939165553	87.18179670055224	-1.771428571428564
2267	GXO	-0.3093	-6.69028577552804	1.0615981428780763	4.991396117743858	0.8654488843728296	-5.2242453078529785	40.67075340009587	0.0
2268	CHTR	-0.3099	-24.892127814985134	0.9268641763274653	0.8188340304099354	1.2726177596478556	-22.909754325006045	4.976460526251159	0.0
2269	ZVRA	-0.3104	-4.64135167113512	0.8660171376141081	46.83274292861015	0.5841910215233472	-6.845712337995122	61.06230204991554	0.0
2270	GTY	-0.3108	-13.657055829453515	1.337444092231534	26.74825841730291	1.4824156621153335	-11.82639027245638	0.007135136200886905	2.2099447513812076
2271	WRLD	-0.3109	-9.823729476005726	0.7455803228285934	52.15839979844705	0.6059391573237515	-11.277470079915018	39.81059317643414	None
2272	STZ	-0.3112	-14.083539175488971	0.6641684494573078	2.4185036259118586	0.7887188989785718	-10.285647511315755	0.1678618029195036	-5.707505932309222
2273	MKC	-0.3113	-11.147784614949892	1.066777046281933	13.193182618603322	0.8950283382565635	-4.451771723298782	62.03566734029048	1.9500000000000028
2274	ACM	-0.3115	-10.29589359113562	1.0629729342233125	1.730369536344672	0.9710173177416593	-8.64022255967564	33.94258769795819	0.0
2275	HSAI	-0.3132	-10.863348447081217	0.6522144397986631	8.632139127409637	0.665544699688294	-9.238289419111704	4.981911070319683	0.0
2276	HLI	-0.3144	-0.9708770706857205	0.9140435330335467	17.415313482160304	0.9157977073696378	-6.629492221234841	59.94858339625707	0.0
2277	JBS	-0.3150	-14.831127173731524	0.8958509395708354	5.241940611152229	1.0544691283009602	-7.895825349132551	58.328408018846986	5.263157894736842
2278	MRP	-0.3171	-13.639343762006916	1.9827209651982398	1.4102583665114128	1.8589438867735857	-11.212274114512947	10.713261609738808	0.0
2279	APP	-0.3173	-1.4042205098269664	0.8701431883836295	2.4380809140257886	0.7347503057652747	-8.400487824730895	10.37696907523474	1.4260148817933382
2280	AFYA	-0.3187	-15.863035577915621	2.658291345253489	9.25110048134423	2.7345165818127457	-12.738433422552642	3.542671381441039	-19.047619047619047
2281	DOCS	-0.3187	2.3837460207669197	1.099046322512437	15.527152377008585	0.5542730853946236	-1.3416105447793139	38.13639358869331	-0.12832852101380396
2282	JOBY	-0.3190	-14.5454538179217	0.9174963918521609	1.2811397403160467	0.5997766884560736	-3.6375198792995627	12.725318276352695	0.0
2283	GLIBK	-0.3196	-10.71155050665135	0.9563880317216249	18.46857212611607	0.7078137530860316	-10.296568589959774	8.95717735961432	None
2284	LAZ	-0.3207	-17.191115444986806	1.164056221203811	2.6706270263982494	0.9297242017209876	-10.561254994902848	24.11150067709748	0.0
2285	RDN	-0.3208	-9.638555349512231	1.9989568275635965	15.706806282722518	1.2133708711685633	-8.571432923529787	4.428996715969745	2.956099713214215
2286	GPGI	-0.3208	-12.292610002302915	1.0626658161710634	2.9779065926411703	0.8726158842467595	-11.022258337732675	15.644486432636882	0.0
2287	KAI	-0.3211	-11.776626802708327	1.5867869085013677	22.866297012720352	1.0904569621901976	0.3286003661425677	18.281917434713336	0.0
2288	GLUE	-0.3212	-18.22625497415756	0.6749152423892908	24.732334251322126	0.7980414116421409	-16.377039143488954	19.923744675256586	5.479452054794526
2289	RITM	-0.3218	-9.290712126983305	1.7177009499779121	17.47311622865739	1.1998428278433735	-7.684087210528578	9.86772646968572	0.0
2290	OLN	-0.3220	-7.118063661510976	0.9366565898763349	4.442965763000969	0.696803077490053	-5.538707450332646	15.056116391928981	-6.639566395663951
2291	BA	-0.3222	-12.149221055864006	2.7242917790028573	9.822118316123264	1.6742194891590352	-12.929633090253125	6.4986773320871265	-1.0336948242718675
2292	RRC	-0.3231	-9.07780699976804	1.3147671340059865	33.141398658679215	1.0325158778214887	-8.009122511386169	14.822572797536793	1.5462727902146358
2293	LVS	-0.3232	-12.341778236928734	0.7020814496509168	2.2229045362669733	0.9099740786009269	-9.159388066062634	27.940105558188648	0.0
2294	APMD	-0.3237	-24.54735169085597	0.5696050096339114	28.951487095951723	None	-15.807553195692664	37.92490262938498	0.3377707132922744
2295	HRL	-0.3238	-6.156021292391785	1.004333368042997	7.660157567611288	0.988450548658967	-5.344927603538313	62.529372334236264	0.0
2296	CPNG	-0.3249	-15.28034265054951	0.8143445410919994	1.7645253682487756	0.7290930869632494	-9.622305792193773	3.8263186816705854	0.0
2297	RCL	-0.3249	-14.82092460121946	1.349605581348095	15.182228767899403	2.3569526234510634	-5.614988328473123	70.46439325850372	-2.3694337548103364
2298	CTEV	-0.3274	-42.0577616795843	1.0033371495384016	17.642327618775315	1.3542956110790383	-38.95863792307178	1.3060773844936335	-4.597701149425287
2299	SONY	-0.3278	-3.0743655193202453	0.7184704027979457	36.38838406266837	0.6083822529920059	-5.280409518632315	47.292834716340735	None
2300	CG	-0.3278	-19.74005054706119	0.8002839559888131	2.799161853616771	0.8170856847203918	-6.121405142226379	31.371439275780133	-0.978902953586495
2301	DYN	-0.3287	-37.37063987342633	0.7997327056386161	27.118645082006587	0.9204857681434946	-12.392705718675819	50.982157508569216	-1.7457008858780658
2302	NRG	-0.3296	-15.217204007375859	1.038419532558309	0.289606349887371	0.9488441377116077	-11.19599940834318	22.169869784488526	-0.1905908315778892
2303	ASO	-0.3298	14.027678612255585	0.5682484808748656	34.60175188065026	0.6976619646795614	-11.0179582854553	43.139897978420535	0.0
2304	STNE	-0.3300	-3.0334722711722923	0.7804162951786572	2.1081618493462213	0.8809682880606443	-7.268169985329285	34.420878973712774	0.0
2305	DPZ	-0.3305	-11.982776858841818	0.7431516578060956	6.404732780587386	0.809292645111338	-10.350775079079733	14.984260272069292	-3.682201367902031
2306	DOLE	-0.3324	-5.186267786043961	0.7609148017918528	11.35801338855132	0.7595605632104806	-2.585394032699334	54.819942897484836	0.0
2307	HUN	-0.3327	-10.569943465393678	0.966601061862638	15.130831791136726	0.6210711811143906	-7.825947794351899	17.035218414967076	-3.5087719298245648
2308	OLED	-0.3341	-11.054799554626781	0.523866322569452	2.794761348350744	0.7252963993776161	-2.1225615837403806	40.64060274248474	0.0
2309	METC	-0.3342	-35.44213054821122	0.5699057118854337	1.244056927756302	0.9154787664018421	-13.352456779932822	11.25825039990194	0.0
2310	OGS	-0.3343	-9.98617873042506	1.2818795245879477	3.774552904425658	1.3460336841711806	-7.89389657178268	0.08259131070592218	-3.6585365853658534
2311	RDDT	-0.3348	-7.060730972824884	0.7265157577198263	16.50835598076315	0.6498716027225951	-12.507347777843654	4.685478838424288	-0.8636530687247315
2312	FWRG	-0.3351	-18.01292791031086	0.791464668723373	3.0191168347341235	0.9800215636386961	-11.273055154884714	31.144213144811985	0.0
2313	JKS	-0.3353	-31.90229716208835	0.9739777555053298	0.04407143792480043	1.075975058299621	-19.56438172879613	1.4557495796607043	0.0
2314	EEFT	-0.3355	-5.253171659487413	0.9281921420762589	8.910892208198685	0.9167810729068819	-9.504612144274502	40.120183847254445	0.0
2315	PAHC	-0.3358	-1.7881643424122782	1.9309586573233897	23.405594605527657	0.9755744627564473	-1.289419760829288	89.42394041324862	0.0
2316	AVLN	-0.3362	-22.432207623188553	0.9286347850925327	26.02996064184906	0.9901105209234056	-19.661096974338783	24.784755307577612	-4.385964912280701
2317	EXPO	-0.3389	-9.557277450351837	1.5126376907525054	41.41144631864545	1.0041989521319457	-7.616882058183274	23.58335027416446	0.0
2318	TRC	-0.3401	1.6728653529989572	0.4944172302322353	18.33333079020182	0.6509433962264151	2.2623667663668074	62.190696355494886	None
2319	CPRT	-0.3404	-16.910864749761785	0.7558229113429336	2.5065238295273824	0.8588323393987918	-14.835324880215762	1.2377448085471912	0.0
2320	XIFR	-0.3406	-12.128925443618312	1.6213627007176425	36.83059358857367	1.178016122395886	-8.12164753658815	13.432537472402146	0.0
2321	XYZ	-0.3415	-13.60047274372904	1.377527088122478	64.8411200170337	0.9579994288671938	-8.396209477417248	13.389077188130116	-0.6449721489299293
2322	PDD	-0.3422	-7.320822291776722	0.5889523686875486	9.708015212345538	0.7597672256254011	-1.7428345327945027	58.64027074420293	0.0
2323	AXP	-0.3459	-8.328350725655506	1.2244510492286556	15.913786336785746	1.3453483650594042	-7.165673225346369	42.44373569171577	0.5177788344692713
2324	DFTX	-0.3460	-12.345960486282499	1.3935219657483247	71.22467146020672	1.1567551245572267	-5.193074997000926	73.29212461071268	-0.45551982851018674
2325	SAM	-0.3461	-9.609708973675879	0.939227308433907	6.3149939594928695	0.775683689441468	-4.111780198072093	46.021342345005465	0.0
2326	LNT	-0.3462	-7.330303572952548	1.8263978772486804	3.1657298849947453	1.1949399962126965	-6.16557788446525	18.447219656960854	0.0
2327	CBRE	-0.3468	-11.459037479491014	1.5043219126956542	16.470152345978747	1.2794149806247321	-8.109217551066644	2.5766053147092833	-0.8174386920980926
2328	QDEL	-0.3473	-29.308093084591164	0.5498493943215992	3.5463753846689587	0.8403387906696073	-3.229559399327646	53.98580566598239	0.0
2329	MWH	-0.3473	-15.387349032064604	0.8459663892141659	1.1258522957072044	0.5835639456258591	-6.2872574495755575	5.875203596949504	0.0
2330	PATK	-0.3476	-16.95751228654865	1.0100583895407642	2.4539877300613497	1.0238970423028877	-6.075199312930531	61.92136615879924	0.0
2331	CAR	-0.3489	-24.77597234712415	0.8211937604744102	2.4903510784750424	1.0125398112564492	-12.222317484627695	33.51999117870106	0.0
2332	GKOS	-0.3502	-12.836020907837117	1.8744479044908229	72.09184328768677	1.313105947289696	-7.945276327316137	78.34346586418934	0.0
2333	YSWY	-0.3504	-20.743160355995837	1.0707232049386446	4.822833143819959	1.0606687313001941	-15.227892248347533	29.734125211108278	0.0
2334	RM	-0.3505	-6.884944856146927	0.9581414817915447	2.1861798672480983	0.8103796179304883	-8.129248192813062	27.362294098485833	0.0
2335	TTD	-0.3508	-8.047689400641989	1.0074316833957042	1.0890314417601668	0.9770195377652231	-18.19011677144221	0.22007596048159428	-0.9056603773584847
2336	FDX	-0.3511	-12.600708881498221	1.2005818385080542	66.10269549637637	1.2114395133039346	-7.954407632890046	64.44702337786492	5.1550293298732175
2337	SVC	-0.3518	-14.005231852398175	0.6446541936784119	11.500002145767208	0.7087885865130141	-2.120894974339054	50.834202598762715	-5.30303030303031
2338	JBTM	-0.3525	-5.797098450487336	1.03559930429634	3.165493727864372	0.8002361937379134	-1.1941475085053082	56.5523578892613	-2.564102564102564
2339	CVSA	-0.3532	-16.469996976008947	1.8579310727257603	44.075627271223084	1.268718809670962	-6.98071518615121	5.106889287726602	0.0
2340	HMN	-0.3544	-12.082111673152273	1.2242241482172493	25.788375758255956	1.2492773669557198	-10.28415644531555	0.10495931328725305	0.0
2341	NATR	-0.3552	-7.830460823374448	0.605683551416874	0.970245302109023	0.5763833428408442	-5.23131068848925	11.468732011960853	0.0
2342	NAMS	-0.3555	-11.982086159470004	1.3200305506171097	12.084021353344609	1.5532864436431146	4.834522468969329	86.85296403289445	1.7142857142857115
2343	PPC	-0.3558	-9.643201353720892	1.0723517875801951	11.668429832901602	0.9821042324012621	-7.696024194070144	65.21852295272734	0.0
2344	KARD	-0.3560	-28.942306369719372	0.5780136226833518	7.773582890348614	1.392656316508726	-23.036342503689422	40.686618808218846	0.0
2345	ABG	-0.3574	-14.710213016811178	1.0810209642440083	8.842509425618235	0.9969745770135234	-14.613322114605483	29.422996636224227	-3.1914893617021276
2346	DCI	-0.3575	-5.334920581977226	0.7731484586858824	24.117305077599017	0.8174633265738936	-1.1334133007428995	90.96693339905117	-2.4390243902439024
2347	BETR	-0.3581	-30.911584521689523	0.8337039444425439	0.3017136419334475	1.133683083887495	-21.655726323807812	5.213103825623733	0.0
2348	LCII	-0.3594	-16.402742823186138	1.0582584776722397	3.5639914712102048	1.0233907781591707	-5.79960998030581	67.69307041988426	0.0
2349	HP	-0.3596	-11.669017354804991	1.394498973206345	59.637877105632306	0.9158770780856423	-12.725797390891017	3.5328205005640285	0.0
2350	STRO	-0.3608	-24.77709484571017	0.5707953932184316	24.196187157072224	0.821164229563619	-5.825662419667157	73.75529267420639	0.0
2351	RYTM	-0.3613	-12.414468472626792	1.5434271627586997	50.440246454074945	1.1614457199081665	-4.409233698114037	50.61061501913907	0.0
2352	PATH	-0.3624	-33.4970014668791	0.8177574293421517	28.10149981563253	0.688964720956669	-17.470215574014198	1.598678335594542	-11.032028469750886
2353	PNR	-0.3631	-14.605474907707054	0.6456803433951069	0.6361095731477319	0.6856899894091962	-6.228626304157588	20.39671247534558	-1.3844252163164454
2354	KD	-0.3635	-15.245286473688088	1.0748421675802946	5.409284548761745	0.8944064685336879	-17.865567971395837	2.08076677230774	0.0
2355	DTE	-0.3639	-11.310924134455194	1.515778416842267	3.18825015540527	1.4706935304008182	-8.476448660841355	8.004885804488111	-3.1068209422745086
2356	KRUS	-0.3640	-16.10114694020802	1.0204846950733606	10.35159518438346	1.0838075031343426	-6.535360845232848	81.50607880190681	-1.3554216867469964
2357	TAP	-0.3643	-12.938068673524636	0.9043645438257674	3.8860127345267816	0.9091792337261859	-7.812027933962257	46.661214169010734	0.0
2358	TMUS	-0.3648	-6.357245036150667	0.994653449728729	6.653297767500566	1.2032891989958405	-9.615630462651028	77.04719785572493	-1.2733446519524618
2359	DX	-0.3651	-12.170540629853852	1.3556542459202383	5.511809021156311	1.444585256663998	-9.324304684548217	1.7796082012223025	1.694915254237288
2360	CMS	-0.3654	-8.412582484807347	1.2753854064191308	1.7427301472813117	1.231937845436649	-6.937122311028169	12.428184006046408	-0.31494079113126733
2361	AGNC	-0.3654	-13.528332714839774	1.6011704318269389	4.545455879264777	1.4960262897037921	-6.8654528345158585	4.064655326910184	0.0
2362	CRTO	-0.3657	-8.352665890377239	0.9922884882108183	5.383850356279796	0.57057373105605	-9.397624862127417	1.3158580413194443	0.0
2363	ZG	-0.3660	-22.558457220923138	1.135174815503062	0.7844667945288751	1.02660161546813	-17.411483188338142	13.907266271364563	0.0
2364	REF	-0.3660	-15.98639087270089	0.8419371080128544	3.7254976758769875	None	-15.507930080518243	10.916111273869518	0.0
2365	MIAX	-0.3666	-23.019295267359187	0.9585824695017572	1.6511424530571817	0.9834336100322513	-19.43898031559492	1.0869588549213205	0.0
2366	CX	-0.3675	-12.808788043140629	1.9853996313416775	16.19432657836419	1.5833721043463207	-9.425474688442492	27.098836885591908	0.0
2367	INFY	-0.3692	-11.596631974825563	0.8490516185754587	1.1167535927089907	0.8126856425915135	-9.931989910178139	22.738933327657776	0.0
2368	ORLY	-0.3707	-1.5029029571959964	0.7570016525517078	15.001921684770247	0.8362432999113804	-1.4356784639631042	83.9381860601393	-0.2488888888888899
2369	MFA	-0.3708	-9.593673371700607	1.3789837591736884	3.585666489316176	1.196351022021209	-5.94079270410845	6.1238007015709	-0.48169556840077754
2370	EPAM	-0.3709	-4.628885117227271	0.8737691001697793	23.074866563027904	0.7012662917538998	-13.614120344096776	25.4929857992676	0.0
2371	CPB	-0.3714	-13.917524379527958	0.9123351939659484	6.018525582772703	0.9670532825887131	-6.3157593851668565	64.02313950868194	-1.25
2372	CCOI	-0.3718	-23.16442844138848	0.8328134747348721	0.4682617802773753	1.0887727347981364	-20.900615235013834	6.84291832959498	0.0
2373	SMPL	-0.3724	-5.974531384898563	0.9494023512666969	1.3816418880548147	0.7923106687132998	-4.04216127048234	47.75151042942799	0.0
2374	RCAT	-0.3734	-29.956894536257867	0.7778770966320179	5.61106840891622	0.9966520324997347	-17.288314750904256	17.25120442260139	-2.666666666666667
2375	SEDG	-0.3734	-5.908677212959954	0.42510049293119595	6.259428142242661	0.7680804360163185	-11.377380401031308	19.521584252813696	0.0
2376	IDA	-0.3737	-6.483234774528525	1.238069197067296	15.23221032346134	1.068309311176733	-4.451722789270845	41.24535230508893	-1.7015288172455862
2377	YUMC	-0.3742	-8.48363702123362	1.0694312266544386	5.208324967769162	0.9113983416093642	-4.616046523732409	65.58222943237352	-0.016199578810947694
2378	AORT	-0.3745	-13.948253853441392	0.6795505207196136	13.028534764315754	0.8071693733715577	-8.71134811280206	46.29047376492487	0.0
2379	MBGL	-0.3750	-12.382832620610392	0.881866981383485	4.6296322787249595	0.683121038224201	-12.961231296999797	0.22995409106897569	0.0
2380	IBM	-0.3796	-7.588255633256378	0.9930238965983669	16.117654512602474	0.5454245696748673	-12.031176170834598	3.464392671168767	-2.4272588055130075
2381	ALNY	-0.3799	7.947245200279994	0.724207329768061	19.32894492186188	0.6221190468074724	1.526437876560807	77.22273689246295	-3.1462977197028
2382	INTU	-0.3800	-22.586208650435523	0.949610026285521	3.685896077387013	1.0048326964906782	-21.187767601906604	0.4507642789336188	-1.8862387279227344
2383	SYK	-0.3801	-14.531850946279889	0.8726675333276388	6.618874996888689	0.9344186643229032	-2.948959230646301	77.3144024875358	-2.154011847065159
2384	RGNX	-0.3816	-20.27748258882784	0.9512625622431945	18.770375316177457	0.815472263107141	-14.660769741548622	52.10206034155495	22.35294117647059
2385	GMED	-0.3823	-9.401504785748875	1.265419322791622	41.69951550437335	1.0998299443514394	-1.9282290049392785	76.10191277765345	3.0576441102756866
2386	MNSO	-0.3826	-17.576322834888106	0.635442034320666	2.474225755409681	0.788012727328176	-2.3857017553538147	58.77964833042596	0.0
2387	SBGI	-0.3832	-8.630527807700084	0.9976967848361293	6.457572317651264	0.9163342045358739	-11.601492370375716	39.14488536837572	0.0
2388	YMM	-0.3836	-6.499436929834368	1.7924146032053745	11.262279807485058	1.0290772199348488	-0.008146744936085693	54.47635124344744	0.0
2389	ENVA	-0.3838	-28.352295791847226	0.9627387425999839	40.74682495436413	0.9688589126723202	-25.630466019548372	30.361675366118305	-3.116298584887674
2390	INGR	-0.3866	-6.811597151456823	1.2592146833157816	6.919094486203751	0.9401890722144367	-2.831927265049484	24.873408766070582	2.1645021645021645
2391	CRMD	-0.3867	-5.054158025547683	0.48698201680841025	25.54426511590125	0.6827555479125466	-0.6216460464720046	88.77216683564563	0.0
2392	MSDL	-0.3882	-5.994728782066199	1.629958365461886	14.352951947380511	1.0550679721567326	-3.7445184074226594	52.3345828236524	1.3333333333333286
2393	CPT	-0.3883	-6.985536747985574	1.4045750769022205	8.032652602572616	1.4336843482681045	-5.851348646315081	67.54900691750788	-1.9565960355434093
2394	PAR	-0.3887	-29.069159292676154	0.885626254098091	7.081175624603642	1.1430407072368423	-25.220870876376363	8.085595994785038	0.0
2395	STE	-0.3896	-9.430399238350837	0.7698386291798369	21.34589502018844	0.7579862724469087	-1.8666163808898646	86.86395488638667	0.0
2396	ELAN	-0.3900	-8.329926611859534	1.2410118319770174	35.547794439853774	1.0258882457263439	-3.6453992521978074	57.475329693033544	-1.5959144589849987
2397	ALHC	-0.3900	-41.519177116937136	0.9947476881217389	3.1549286103584393	1.6955394089835174	-39.33880149089494	41.38462257299056	0.0
2398	CSV	-0.3903	-8.406302690786926	1.3800521810774935	5.7753486164920504	1.0762163682384926	-5.067446853529056	18.459904215481274	4.166666666666666
2399	REZI	-0.3904	-8.808810156183027	0.5484762636631608	1.9178162900814804	0.5297054142918179	-6.849134326536355	8.902932904175316	0.0
2400	IRD	-0.3910	31.168839372135494	0.3043801493333986	63.7342942681304	0.7274519044147243	-16.032025138415875	74.24798837462941	-8.675799086757994
2401	WH	-0.3912	-7.725377983512119	0.7616467457476772	16.865425174849594	0.7493278029055589	1.7338524429739626	95.71995478734001	0.0
2402	BAH	-0.3920	-6.183223054547626	1.297255128939107	21.673387096774196	0.8498346285309903	-11.821242231524025	0.5114941728945865	0.15709969788519088
2403	BHC	-0.3951	-8.412701488291983	0.6035105778692786	39.23705670099492	0.5120807246930554	-3.155431408537998	79.06517247891979	0.0
2404	CSGP	-0.3953	-13.784300171637032	0.7650083400168276	1.9039603332159587	0.827602769657334	-14.8982955853257	8.417056993915608	-1.8239492466296532
2405	ES	-0.3967	-10.772701053161992	1.4569658925460058	4.043312485898024	1.253923474788118	-8.012254734356866	1.1316079137378097	0.0
2406	ATAT	-0.3976	-5.534731175996767	0.7847832223569069	16.091308741439526	0.7716873921580294	0.3333797761852294	76.94638458870595	None
2407	IDXX	-0.4008	-2.9390216168224477	0.7897122519558137	10.561680052936012	0.6677626838500201	3.2051849633067246	85.79883652283003	0.17761989342806395
2408	AKR	-0.4020	-7.8468871750331886	0.7076245968361236	14.705887531263265	0.684389934736806	-3.4470722551748265	64.36402215457917	0.0
2409	IONS	-0.4027	-27.006247842279407	0.9804091085332244	5.854104035728838	1.261524831182078	-12.032997307350364	82.62399983259826	-0.2901704751541469
2410	CCL	-0.4028	-11.262530209878674	1.463216269734616	5.484891809606026	1.536174505036189	-2.48334855638561	57.43362823029493	-1.8023255813953414
2411	LIF	-0.4040	-9.670128652523212	0.5924553897526871	3.932211759878631	0.6330817399978493	-10.332575033830091	12.206029692386153	0.0
2412	DUOL	-0.4043	-5.991878427847001	1.3861194683470872	17.50594208130882	0.9018149777757823	-11.763631229676918	5.551934818097564	0.0
2413	TFII	-0.4057	-10.193741611781048	1.380144137920206	47.943949858238035	1.0707284492479572	-7.762332129247405	51.42774694165509	-0.3552194339406466
2414	LI	-0.4072	-3.8587869889386313	1.096166336624685	4.023361701148429	0.8079323894157437	-4.401432696128737	60.65998030891543	0.0
2415	OMCL	-0.4084	1.3768305494568482	0.9127618225005399	18.54278693864598	0.7338323697208714	0.4526620060002915	94.9299467057098	0.0
2416	LFTO	-0.4088	-15.942026017956515	0.5702278326329023	1.7018369463043512	0.8667724784405056	-16.56367206442852	8.477341267144254	-2.1875000000000084
2417	BULL	-0.4090	-26.332284059029355	0.4674595227469972	22.097055378984955	0.7759741276762201	-22.634917943768034	2.453422556808917	0.0
2418	ALKS	-0.4093	-17.893659973342366	1.288489161422978	45.86676500132161	1.4290354995345085	-13.015274844730046	4.480889003897985	2.8124999999999956
2419	PICS	-0.4095	-19.535787504394833	0.9066258239073172	1.8151092851348107	0.916036455303471	-19.844951476036073	2.20287468100625	0.0
2420	STAA	-0.4099	-6.788738686244804	0.5362809392849588	26.03550709681163	0.8482973248927915	-10.15783540361531	77.43312947540662	4.918032786885246
2421	MPTI	-0.4106	-3.591051193091054	0.869582271033536	52.02284248190253	0.436010693943973	-2.392480104167312	79.67781932856042	None
2422	TNC	-0.4122	-2.5571441650390625	0.7099149296054923	25.29133569912647	0.7995738269837439	-1.3059809600053485	89.55371837010247	None
2423	DNLI	-0.4131	-14.957440302578012	1.7393027838811244	53.35793020100611	1.3331213297779763	-1.7526534870194874	78.15512210460432	0.0
2424	HD	-0.4142	-11.782956218357317	1.2148775162264829	2.131050182548491	1.40791805085038	-7.370441619631537	15.278886744133985	0.0
2425	TRUP	-0.4158	-21.5177040231033	0.9984408598177802	8.171961494049853	1.0094409537618818	-11.635027319050655	60.9661158706544	0.0
2426	LYFT	-0.4173	-14.2363124652541	0.7030131489229337	18.501529926918327	0.7183070620673092	-7.036737421069407	59.83566867927529	-2.1330624682580077
2427	PZZA	-0.4183	-13.517001513234439	1.0593473941251106	2.1410929250285253	1.0010637310545216	-8.550150017288697	60.67783512296052	-5.115384615384609
2428	POST	-0.4184	-8.123690380081298	0.866668989304254	5.250229550004546	0.8654838754077602	-6.291294332069157	63.79749772824011	0.0
2429	CSIQ	-0.4196	-25.464946942143484	0.8568419725274818	0.32989722183070286	0.9259599302397655	-20.158323808900168	2.373737359799833	0.0
2430	KBR	-0.4196	-8.771926144501617	1.5506535260990166	26.64491654479549	1.0939953612232627	-5.947730625568354	51.131400610272145	3.854142626355878
2431	CWH	-0.4231	-19.595642079048627	0.7557759055528575	1.9639940776918627	0.9643828347814551	-16.419688575532472	26.958115099681493	0.0
2432	CAG	-0.4233	-11.610490369556526	1.3570976666711976	20.92425991543145	0.9006206919550807	-4.88128171966903	0.33337506819597706	4.0
2433	PEGA	-0.4249	-7.4115349474743075	0.6581405687035834	18.906975679619368	0.5634054710486082	-14.778193894168709	5.573494033107025	-5.924230867022625
2434	UNIT	-0.4261	-14.694286729227324	2.1098143040754027	43.85964412844034	1.136359323706332	-11.629882868523152	2.0942963884028245	0.0
2435	WD	-0.4266	-8.04368908132844	1.3775937171426733	1.7439720139653847	1.2861718581908081	-9.164853662453872	28.008151617947817	0.0
2436	NEE	-0.4280	-9.560324955349717	1.2070134975393365	2.9620269660806433	1.2305367594258079	-8.143390008543921	15.561607740879808	0.9441624365482303
2437	WTW	-0.4325	-13.979033835258454	1.2449044840540324	45.90834850379969	1.0200994058395552	-10.383472044326885	4.446272800774381	-0.07589834855661327
2438	SNDR	-0.4326	-10.385929569910225	1.4496623213444322	59.86430022811092	0.8584231413858084	-8.093081922843627	46.622289630249746	-0.6521739130434644
2439	GMRS	-0.4334	-20.286390604373096	1.1494240715864739	4.448905134487729	1.102083404898492	-25.056033038872386	11.29859092131609	0.0
2440	AHCO	-0.4345	-2.586208455769491	0.5876488377652954	5.3527992137157145	0.6875711355650029	-4.533210920571589	52.41762824180773	-2.083333333333326
2441	TDOC	-0.4353	-7.389941150348628	1.2284242816647848	27.155091424924283	0.7427184410202634	-10.006263485155149	3.1631118956110242	-0.7499999999999951
2442	REYN	-0.4373	-8.760333770237008	1.3823969019634486	23.837208193401942	1.1079518230928755	0.5235669671502043	78.45385710338195	0.0
2443	OFRM	-0.4393	-3.1802062587546516	0.7632936430981655	18.769234877366287	0.5630446670622593	-3.801852305226656	63.4903926130777	0.0
2444	VOGX	-0.4404	-34.58222033522828	0.6741740006274458	35.54595443833465	None	-32.762296131167226	1.9370434700503694	0.0
2445	YOU	-0.4427	-8.542942140301847	1.407255450943182	27.564023237924985	1.331936270657609	-5.0724059740541705	89.2458524238413	0.0
2446	LMAT	-0.4428	3.351321991100604	0.8295330910437743	10.35435118846601	0.7736573207485341	1.3221446679962165	95.2297440910386	-5.339805825242718
2447	PKX	-0.4430	-5.412921162218141	0.9955275528858709	27.103986822585714	0.6977226551839161	-3.6397534500293696	75.98197133374237	None
2448	TEX	-0.4438	-14.006818697383155	1.3273491925470042	41.83085783570778	0.9653024962861553	-6.040869442241643	13.91847401699117	0.0
2449	PHG	-0.4458	-6.723623554281817	1.1400712203419123	13.138692495845273	0.8250736636054486	-0.502026083406731	85.4698796385066	None
2450	FVRR	-0.4484	-8.839189492642236	1.063190571069874	1.4475994187417416	0.8386399727356445	-8.38025956018133	53.260721853581565	0.0
2451	XPEL	-0.4505	-15.249555635543707	1.9645550527903468	46.10902656875846	1.0310574469409348	-8.767896497616842	6.706725647589948	0.0
2452	STWD	-0.4506	-10.163111218351279	1.4185521498615243	3.136525734764177	1.1327743504980468	-7.875531512777684	4.750328885423073	0.0
2453	AN	-0.4522	-18.812578309257074	0.9156173365014421	7.383219021398957	1.045437992279599	-22.135336651751416	23.122676744003897	-3.6066235864297282
2454	CLDX	-0.4527	-22.170043292949334	1.2706657626363012	40.755207339922585	3.8796799430911144	-20.249008155097993	38.13098169577678	12.903225806451612
2455	JEF	-0.4551	-10.806205654776107	1.960976023817421	33.72093333754428	1.1823396142260276	-6.549784761965174	46.671199255776834	-10.820895522388058
2456	LOW	-0.4557	-9.228983904465252	1.2300404661767224	1.273888780544552	1.1395879017844925	-5.925170598092517	19.20994138852099	-1.9230769230769231
2457	NKTR	-0.4567	-18.98055123626888	1.313527237094116	35.71428773264406	2.6872522740748916	-12.446461337159732	65.68935322723098	-3.5169163677287756
2458	FIG	-0.4573	-33.86675556829613	0.7164357918032069	6.65087463556851	0.6128102370624081	-15.929048266335458	0.2995525226044151	-2.0508111417202377
2459	TKC	-0.4575	-5.555558989567952	1.7301098291717372	11.864402738668142	0.8649374211772342	-4.756989278239326	23.117641847274243	None
2460	WSE	-0.4581	-12.347560211049872	1.5077700568540746	16.033755274261612	1.4835267450646106	-5.81538148338181	57.80497972176093	0.0
2461	RLI	-0.4583	-12.830896172282227	1.2217073885030543	43.90734915526851	1.0866642797792354	-9.35982765230532	30.77558986323031	0.0
2462	THRM	-0.4592	-16.76572629689548	2.137277974927497	30.96019021241949	1.598010781627849	-12.706393593436037	24.233637392455876	0.0
2463	FIZZ	-0.4609	-8.931325583165801	1.263953724375888	6.493503190738309	0.940202974775098	-7.663456196504974	0.8042931646819085	0.0
2464	ARCO	-0.4613	-10.075569080221365	1.3960778818002626	18.69158462571949	1.0304522951106763	-10.69721512669337	6.057063924535555	0.0
2465	MNDY	-0.4618	-20.55675068214479	1.1483446798837027	14.085889961277084	0.6216736918684356	-18.36786082140269	4.4421230586874145	0.0
2466	WU	-0.4619	-15.117893853271452	0.9628551313769631	4.406777074781519	0.9156180590961676	-13.566173743350635	43.899381908165914	-3.4482758620689653
2467	LBTYA	-0.4629	-10.53130607869659	1.9596561063047653	4.662011775659228	1.341978162410028	-11.65938221805996	15.189379067754146	0.0
2468	HPP	-0.4637	-15.254235382287773	1.2454420824492443	42.076871207012815	0.8626716325817555	-2.6659371520697484	11.009950110219847	0.0
2469	UVV	-0.4653	-8.899043155050183	1.2788425134811572	3.152648959539648	1.1332989718688116	-7.824660401384447	1.3250344657282653	None
2470	ZTS	-0.4666	-4.785385895138432	0.8450935736639826	2.4094869498874547	0.6833476456745047	-3.6622296211214946	62.44201702716002	0.9325842696629194
2471	STEP	-0.4672	-14.123506065406556	0.9438862064465614	10.93850458428954	0.7093714803439548	-16.766363536640124	18.926981668265228	0.0
2472	FAF	-0.4676	-13.185783271169035	1.36011743603628	35.99493544868239	1.1417562969783646	-12.145911431748077	12.64180375805853	0.0
2473	LUMN	-0.4687	-9.934848044653084	1.0498233111323323	1.0785856673089316	0.8656341270171778	-21.958772009956046	0.5631144129839782	0.0
2474	VERX	-0.4693	-22.657340754564448	1.1033910533910534	5.205146476526016	0.642660182690412	-16.12966521612695	0.885311746187952	-5.263157894736842
2475	GOOS	-0.4697	-5.308645492900071	0.8726226058253808	4.22919612952176	0.8412366410270553	-2.539805791672672	87.47420992576315	-1.647655259822559
2476	PTCT	-0.4698	-8.160424466760444	1.7532009490626939	18.5354591312265	1.2082611179426601	-1.4188878965449991	87.27680926606507	-0.32583561067900174
2477	CRH	-0.4711	-12.377068010487344	1.695470971136154	3.1996759821790155	1.3464551617566607	-6.499374928942379	24.133785148518598	1.7850446261156494
2478	BRCB	-0.4731	-21.719954316159765	0.5473247660363973	4.860087897067099	0.6462714367056235	-13.611841666582379	17.958982562721033	0.0
2479	ALMS	-0.4764	-69.15122735958182	0.6022504909869464	12.323304992432437	0.959743933626901	-22.9643831392611	25.82865487798057	0.0
2480	ESAB	-0.4774	-14.862638538131085	1.279924640254664	3.3337925334068084	1.3918763793169178	-1.0215226111787539	32.30182931010347	0.0
2481	JACK	-0.4782	-13.836477119793134	1.121637624767383	31.994643970984853	0.6590622055610128	-7.170077479890054	89.2216322286342	0.0
2482	GPI	-0.4798	-7.559919161728601	1.8064209673363323	3.148211764918222	1.3078648588643305	-15.33240010495194	19.07477099293031	-3.9990399903998997
2483	GVA	-0.4813	-7.168633234734221	1.3547294262579082	28.555996055332304	0.8409358347389944	0.5670550613205805	78.44915153925204	0.0
2484	ENTA	-0.4825	-8.586959443756333	1.366873630387144	37.361875291687355	1.0800151090685888	-4.470732318162916	85.55565018335993	0.0
2485	EROK	-0.4842	-13.54082624277372	1.7416127728375101	21.381999865038292	1.182827456521508	-11.496648589603517	0.15131985355087352	0.0
2486	GEHC	-0.4855	-7.864244362085068	1.2838894909578373	25.88652088748187	0.935092224513254	3.3160952442624314	93.82520044419067	0.7723871590634813
2487	CEPU	-0.4877	-10.790835675991223	1.5565094182363728	41.3475537456621	1.0117497618291522	-14.4073625120133	1.339594884705221	None
2488	MAA	-0.4882	-8.113982058392862	1.4005939688327418	6.020174253390857	1.2791384478738759	-6.4019025945852075	60.56646590992101	-0.07890961262554781
2489	NXRT	-0.4882	-15.57446743579621	2.100375352802537	5.580694966726163	2.006859917609157	-13.87044611405903	30.034283408302798	-20.0
2490	ASR	-0.4916	-6.1872646930909045	1.3179322098087483	5.606262755690109	1.1683731199116876	-3.8505231557831587	75.83896036313277	0.0
2491	FOXF	-0.4947	-11.18483681367202	2.165073782399266	43.75724600787139	1.0841015845791022	-4.96059640302644	73.48017401780595	0.0
2492	SRE	-0.4959	-9.274337003364677	1.2559875614881404	2.7386201757891397	0.9948964072058674	-7.971927563691002	5.798609044986236	-0.5580575680438686
2493	CMCO	-0.5005	-10.984223042182794	1.5189781959474649	35.29412440961643	0.7734155734923048	-1.1079677485736128	44.03678358535808	0.0
2494	HTHT	-0.5019	-9.264301517003828	1.5696771273754726	33.51594081437919	0.9485355868150326	-0.2273928278874573	81.91293045768025	0.0
2495	TSCO	-0.5044	-7.579253631959995	1.246890051190159	12.428809697903581	1.0206012330133443	-5.8241350827417335	47.77501691698129	-2.593582887700532
2496	QXO	-0.5060	-12.55411121370335	1.3926578382188914	5.950211812744879	1.079127893929347	-0.5390677709530455	28.06516347116856	0.0
2497	ABVX	-0.5061	-15.266845242108115	1.392599878976439	34.2191830854481	1.8267748200616931	-15.351354698721146	67.73778891444958	-2.1604938271604937
2498	ORI	-0.5077	-9.990532795964368	1.4901642512077296	13.550944191529904	1.2580788847467286	-8.630359394275283	47.63719816739241	0.0
2499	USNA	-0.5088	5.106377970746142	0.7592250180882708	14.629386832407143	0.798079775614229	-3.5686057678167464	83.97688944740908	None
2500	SOUN	-0.5094	-19.252076272549296	0.6780052339932444	1.0895879158962125	0.4568883483307594	-10.513452649863535	10.414280810020685	-2.272727272727273
2501	PLAY	-0.5095	-30.174295922429508	0.8378645121345684	0.19083872399560736	1.104635393898396	-24.942783645908314	7.872421420238098	-18.181818181818183
2502	NCLH	-0.5098	-14.054049564717829	1.3905793557909047	5.857023424777766	1.4359245530154643	-3.4069710462986977	41.00798467236253	-5.228426395939074
2503	IMUX	-0.5123	-41.65643758277367	1.978449954563157	35.974132812302635	2.032974061033654	-15.937758098707883	48.87395422246747	0.0
2504	CNX	-0.5132	-12.212682838193876	1.4459443185838043	4.525436627468577	1.2836460146752562	-11.124180203199852	8.264189042213687	0.0
2505	BBWI	-0.5137	-13.19034388627252	1.2500731218993955	14.557930899829405	1.1498212442460016	-10.225215717093873	4.405949731232994	2.168897092754955
2506	BAM	-0.5155	-14.538121258288928	1.6607171531268914	13.426736719206058	1.0983557082526376	-5.189522991196528	5.5607759955900065	0.0
2507	WEN	-0.5157	-18.286448513874834	1.1572998358922568	7.901231271249272	0.592532309756803	-16.873287322445723	10.393422743948548	-1.8518518518518476
2508	WYNN	-0.5159	-13.983552913082281	1.3596593265427916	6.0006878998723625	1.4957382055693609	-8.87142421070376	31.15856234450601	0.0
2509	INTR	-0.5163	-6.3197053040067255	1.6097568003688336	1.2987005909652616	0.9288410009215283	-10.29906484999014	16.98114188016538	0.0
2510	CAPR	-0.5183	-13.41948633359166	0.3445357694148602	15.37022196778127	0.3602973292600518	-1.7567241021672315	63.092890625499045	0.0
2511	JMKE	-0.5185	-24.26169966859276	1.0823433316096818	0.7159913638895691	None	-24.013190619306997	0.09562716831975138	-0.5698005698005577
2512	PBH	-0.5216	-8.357740394091532	1.2050880674464755	15.14938595843861	1.0663743939365793	-2.070614215698452	73.95128990897909	0.0
2513	NTDOY	-0.5249	-10.057468468800531	0.09368149358246067	18.410703837637072	0.4318602261486046	-4.609372316491578	44.0882407140597	None
2514	JLL	-0.5259	-17.069305319203796	1.3329661526136591	40.49698239199735	1.074000692494133	-9.193901245386572	1.8420903366058639	-3.150525087514586
2515	HIG	-0.5278	-8.53410876327296	1.3216259856982973	22.18337574019948	1.0897346726179482	-9.01614835752596	55.96835710051715	-0.16750418760469013
2516	PWP	-0.5293	-13.628320446258796	1.2264635578294052	15.846385856247228	1.5028427478116657	1.2572715590528556	98.09614322406509	0.0
2517	MGM	-0.5303	-25.855248533245835	2.711250162951375	11.919645581926613	3.209825636392353	-20.63169087275436	1.576608725911072	0.0
2518	GLOB	-0.5327	-15.882493264214853	0.6533077532587023	13.987429087398622	0.4699214534788776	-17.168942873339304	9.237218370052517	0.0
2519	OPFI	-0.5347	-14.405597147833587	0.5983275551883624	1.5254217891369795	0.7933463311282161	-21.958410564247764	9.139513198593633	0.0
2520	DKNG	-0.5375	-12.634184775782185	1.4004750906407608	7.190709456954483	1.5342182879554187	-15.470742535054738	28.612311849999415	3.371462974111995
2521	BYD	-0.5382	-13.09972361891626	1.532228373750495	9.120664382029677	1.1838571610978081	-10.93920784431926	1.031341431815676	-1.3395268445500648
2522	FA	-0.5416	-11.084565986606822	1.6001022353227818	59.9510141478969	0.6777112772895739	-17.093818233134996	0.11693341243746147	-7.079646017699115
2523	NOG	-0.5419	-11.004604477106001	1.6627054877662197	43.102209324322054	0.9082348569798225	-12.571575685858667	31.364881769913538	0.5244755244755195
2524	FUBO	-0.5432	-6.435648986678586	0.5609624259479075	3.3534536312656757	0.6946778446847531	-21.009178478027394	10.176118785527365	4.102878138395602
2525	RAPP	-0.5452	-34.21208455224026	1.3741426640238188	33.20767178447219	1.9977043993104333	-24.62164916758795	9.421662689607686	-0.7866431208861808
2526	PRVA	-0.5465	-4.745923979632517	1.2034642707658434	9.641603626788482	1.0391488003578944	-5.458802953216447	85.49151693344876	0.0
2527	FNKO	-0.5492	-18.991094605910348	1.2506422151435843	59.179266482656004	0.9660584225989943	-0.2539993421311123	47.99672176069385	0.0
2528	MOBI	-0.5542	-16.69811692514539	2.7786905114600446	5.555554440147009	1.7385336840901293	-12.585752140317934	23.813179763033844	-5.555555555555555
2529	LBTYK	-0.5546	-11.186767007803153	1.3263021196803184	4.659500942435305	1.190110056119109	-12.833180187555287	9.00610392020107	0.0
2530	BCE	-0.5552	-12.136752986692006	1.233967271118974	6.656217164328604	1.179475391818057	-13.020452746718952	0.022114568315870997	-1.7084696474009538
2531	SARO	-0.5554	-11.403511240238243	1.4911275264935073	5.728560656320577	1.1870380930548898	-6.469108104984448	31.083926819752477	-6.12071408330971
2532	SUJA	-0.5596	-0.6666713290744358	0.37503930795924106	25.989135611972852	0.3620231294412707	-0.7333804497675621	93.83134839277243	0.0
2533	ORCL	-0.5611	-12.728706086041331	1.2286264396542002	8.700252885750636	1.0425950946799138	-9.040727300607733	1.7947877033584234	-0.36684358413986795
2534	UTI	-0.5631	-14.569849230360155	1.3812528892568026	1.350538155325608	1.3003416874101332	-9.770689909392463	3.5455355678433307	0.0
2535	AEM	-0.5675	-14.523769119168989	1.370900388379331	41.179872494195244	0.7328538923359499	-7.404743463971236	5.777117332309828	0.3078037298569649
2536	SLGN	-0.5690	-14.09796398159976	1.481972710907225	6.464929593806431	1.4279137616975834	-8.489405295084191	37.75119322818308	0.0
2537	TRTX	-0.5690	-18.217052830847987	2.000546037813119	4.552587871461698	1.6579179771625117	-14.38186686234946	0.2607787822398393	0.0
2538	UPB	-0.5698	-21.944032098514697	1.0444848011677048	1.097752886338606	0.8796183651604325	-9.399610884122083	50.03999754398284	-35.64137931034483
2539	GHRS	-0.5716	-18.254797947200196	2.962009327633113	58.662818064302	1.0854656180485494	-16.648893845600902	0.6597125965732715	0.0
2540	EXE	-0.5734	-12.948982083067603	1.4732437293090523	4.7497119240823364	1.1786639067700568	-9.283320388140629	13.885000712855629	1.0855784469096594
2541	AGI	-0.5772	-13.62196331022662	1.3015487704658955	19.992952118135136	1.0170092538844007	-8.866173918847595	11.574447762870037	-1.0616578195181625
2542	PMT	-0.5793	-13.504825714739551	1.4313725490196079	1.712323541510599	1.2381442211320357	-11.450380579692697	2.527923570428541	0.0
2543	EVC	-0.5826	-10.012360043286675	1.2068455562160847	45.207805002615345	0.7127196592861222	-13.12164031525595	3.441027410559471	None
2544	MBC	-0.5852	-19.6304831318577	1.4423991121133648	8.978530099505178	1.4318114000219564	-2.593475178388603	23.690413841258987	0.0
2545	HCC	-0.5866	-15.250324968084591	1.5838534359023981	60.302724520686176	0.9512258104904024	-4.508089708795607	81.33552747229987	10.741971207087488
2546	BRVE	-0.5912	-24.37186204871968	0.869484295084164	8.840698038567284	None	-22.64237388561546	33.908171227142134	0.0
2547	MGY	-0.5918	-11.031897096213752	1.2181606066498152	22.61649495059988	0.9778410413881197	-14.778060369264857	14.473575887080727	2.8343949044586005
2548	GIL	-0.5941	-19.93237028291323	2.1237045910407844	7.965646822282397	2.3663458538679327	-10.781848058178076	55.28449347471691	-7.206851119894596
2549	KEP	-0.6001	-7.208722450564019	0.8062509745491085	2.296117932099916	0.7135695764909249	-4.860406487699805	69.1418351768394	None
2550	KNF	-0.6086	-19.828752926922043	1.3115599970705532	5.930064522382476	1.69317934456445	-6.111290498050007	39.25612031586572	0.03722084367245799
2551	KLRA	-0.6098	-39.989209533201915	1.3085667687027223	1.6666660089602412	2.225787641133121	-19.748919606042318	10.546766296246446	0.0
2552	CHDN	-0.6105	-12.472547276713662	1.5343705907515115	1.8420474803203395	1.0770413906851324	-10.047480253702608	6.475503252028702	0.0
2553	SPXC	-0.6182	-17.13269601426572	1.342903012560204	1.1234590430474596	1.314621862641855	-7.761774687082923	5.332113915251	0.06439393939394543
2554	RCI	-0.6190	-13.748623793473705	1.6095747596182488	5.498786425068445	1.2473079029019896	-14.864486437671534	0.19707331044155296	-1.7303370786516923
2555	BBIO	-0.6226	-15.340619786487498	1.2061222085769956	37.09961424463584	1.2341239751525406	-8.593457129670039	62.074541218204814	0.7212872202700213
2556	ULS	-0.6227	-14.228986850781974	1.4239829168124971	3.6736602473694173	1.171136058586006	-7.384231583511124	18.386973493797697	-1.739583333333335
2557	MMS	-0.6259	-12.495805050392574	1.6863880567038778	2.1650295631558305	1.094801466436575	-12.837316116221514	0.3416399160148842	0.0
2558	BFS	-0.6267	-9.686103451622397	1.2873057351120891	11.339082985665831	1.3355010612834757	-3.608159609105317	83.48184033431522	None
2559	NBIX	-0.6272	-9.928165667861215	1.2335034617817562	28.602692155996014	1.0795827753705296	-11.294587560917968	66.57153788921141	-0.4148190530682192
2560	TXRH	-0.6320	-20.82250608918111	1.7415482052442015	7.395544978777294	1.6302944264042774	-13.138208977184027	1.5049031112604894	0.371920037192009
2561	UPWK	-0.6366	-9.529152177125116	1.2985212511703697	4.090907109248172	0.8406603969223457	-7.863026830986438	23.431749080476564	0.0
2562	OMDA	-0.6493	-20.107132163461426	1.3745423912139112	54.76404802914602	0.8058191365575678	-6.036283170138162	9.25097552875016	-2.766666666666661
2563	KKR	-0.6508	-14.709112583190025	1.60513330446451	17.001765906015006	0.9909235431286311	-9.451213931188544	12.642711657936587	1.2528563548971738
2564	IRT	-0.6593	-10.36585273663248	1.270631840478806	7.207201479433513	1.1285714604569772	-4.793747330413547	74.77029328743514	0.0
2565	QURE	-0.6600	-21.085553820366094	1.4294564954729378	48.39891765230455	1.431569196520284	-13.575128475346538	39.463304686945754	-3.018812891935239
2566	TGLS	-0.6610	-14.069474630984827	1.620279170946885	1.6909652131639572	1.1066575571244213	-6.390350623029191	24.8411436636746	0.0
2567	HII	-0.6641	-13.535611556172658	1.391458566608301	0.12916911753397417	0.9765388168594542	-8.821360760911796	1.0659409129618211	-0.4632601233499758
2568	FLNC	-0.6669	-34.38320385167603	0.7362561664876799	1.8490566037735856	1.036819306930693	-20.919200545767644	36.79337915687584	-42.46753246753247
2569	GGAL	-0.6685	-13.819623225967964	1.3002682041563614	29.950629572782027	1.0567816485590549	-14.541570789668107	0.13448362850624562	-29.411764705882355
2570	DEI	-0.6688	-18.60269374459494	1.6469945458142186	9.278351639086099	1.4978860883474143	-9.13630682712438	22.9155620386733	-10.714285714285714
2571	WY	-0.6712	-16.79325452093923	1.3139074893070688	2.6076326665190197	1.3099316940951933	-11.912695441740373	4.717772409965491	0.0
2572	ROL	-0.6731	-14.885917302582245	1.8142815959441745	2.335165254362341	1.6589139640558552	-13.988967023903065	43.3809332411221	-11.627906976744185
2573	GEN	-0.6736	-31.639343011574667	2.146458054621986	22.134105129558225	3.163815238690923	-34.24151079413907	0.22255728859681767	-4.320987654320983
2574	VC	-0.6770	-13.893846249043587	1.6235819230053932	7.961336742388844	1.1197579893618548	-13.680345085592466	9.107286054108798	0.4531722054380622
2575	COO	-0.6779	-20.27902984119011	1.209070392958318	14.32251338182437	1.5066482613020442	3.7125450660574812	86.30825184889456	0.0
2576	HAPN	-0.6786	-19.219301355091346	1.2426403898479654	21.461712511952115	1.2775291636959392	-11.453480667123056	11.025795139347565	0.0
2577	AU	-0.6805	-21.646963304481464	1.2243702055118855	45.38218447674788	0.8764338630848284	-8.294821261722593	6.237252730601867	6.935398697412423
2578	FTAI	-0.6836	-16.20699647085982	1.239567340722901	10.114364751172706	0.9099178410362522	-5.678460760383581	3.5429161221597383	0.0
2579	KNSL	-0.6868	-14.897846040811707	1.4004952566964286	19.06977423040161	0.9004316016991334	-11.330926227834755	2.6188886825283078	0.0
2580	PLNT	-0.6873	-21.66344409605511	1.5709546316820007	4.493072640165737	2.178814130106603	-21.45823689714875	25.83483331174287	-0.8130081300813009
2581	KC	-0.6879	-13.597738558159724	1.8753689142174619	7.8662696020675895	0.8215148730133824	-7.539248390861557	5.292712508734297	0.0
2582	IVR	-0.6935	-15.768194936169373	1.3638808632714712	2.9850746268656616	1.0495850028192661	-6.918498692496412	10.759592071793264	0.0
2583	BEPC	-0.7034	-15.242426323168207	1.2232649035872676	2.2714327845229523	0.9467977020958366	-6.478259391261842	6.405792246273435	0.0
2584	CYTK	-0.7077	-15.070600300141745	1.3321636694028447	36.24065533134535	1.1024558998078176	-9.303486696688102	64.65330748997735	-0.27870178908568033
2585	SLDB	-0.7148	-28.134253429767725	1.2577562376167142	45.56136044136227	1.1911148137751175	-17.326446956587215	6.8754933324336065	0.6259780907668098
2586	TNDM	-0.7154	-23.271026313122654	1.5121662455160714	27.26772994114318	1.4138871857755977	-2.9416900800163797	68.60496613339876	-2.127659574468078
2587	BILI	-0.7219	-9.692807071195245	1.5485904048611603	3.407543586200606	1.0018596408896858	-4.433586558036488	77.22300182934737	0.0
2588	WING	-0.7274	-7.412454863751291	1.3250600802141186	2.889169509980587	1.1053204238677936	-11.87611046609762	79.23121302350486	2.1645244215938346
2589	FCN	-0.7317	-12.96796236694239	1.4762479937786457	5.250911896472034	1.1735172276933	-12.937701830565501	36.42536582425627	0.0
2590	TU	-0.7331	-14.344267821446376	1.2431793962494417	2.916392179873575	0.9042372920358055	-9.355272728364145	3.168444780662199	-1.7086330935251755
2591	CASY	-0.7363	-20.584769530682205	1.4051943188808944	25.28863573172927	1.5770135419131257	-3.094256763704085	92.0804699762606	-0.5077126273825464
2592	KTOS	-0.7396	-17.917674013683317	1.2912677556516394	1.1921108551603794	1.159254567186094	-7.9986994326691185	9.301890316972006	0.0
2593	BX	-0.7517	-20.245058447939794	2.2014388489208634	17.04530033026936	1.2527685868956564	-11.323958343672174	11.484054410985934	-0.1056338028169054
2594	FISV	-0.7520	-12.476228879506355	1.3789110112815137	1.4021973098430374	1.0195429906300233	-10.368657337122675	31.475244610183424	-1.7431906614785952
2595	MAT	-0.7541	-10.589811766934783	1.8930469216758363	6.256411821414258	1.0766091559411572	-5.53967593610748	85.70992555176514	0.0
2596	SION	-0.7589	-15.511552245812549	0.4889365189434533	2.1781787393231595	0.6076483193753842	-38.6361769945882	1.7817152927997597	0.0
2597	ACAD	-0.7591	-30.945169852830695	1.9132792996011738	7.453422241752499	1.8809473588768368	-26.021354094609826	0.20026185440080724	-6.206896551724138
2598	RKT	-0.7601	-18.258423241472084	1.5235268267696314	2.0408189705256365	1.4420871720612654	-14.014497930840978	17.964523381890004	-2.154921374490396
2599	MEC	-0.7632	-17.158307497230407	1.2612100266853319	17.35194410211138	1.0245054828814217	-7.476260533253942	31.6581794243494	0.0
2600	SOFI	-0.7784	-16.944733828408634	1.3082659197333852	5.88235465084471	0.9892784546345891	-10.366684859666709	8.570574851659515	5.414803775459513
2601	SMG	-0.7831	-20.05281646357606	1.8272062182428968	1.9679250244496564	1.4032755194462845	-13.982406627924387	3.1020955603029563	-2.429311031461567
2602	CMG	-0.7862	-14.427728810085066	2.221456250381252	25.77808106542441	1.1020783450910523	-14.61030002591323	48.33498263984154	-3.176023261015436
2603	NFLX	-0.7880	-13.289069974470577	1.3812234409507653	6.9421267262187945	0.8729436632167132	-14.428912455868243	5.491169166624374	-2.0102564102564036
2604	OCUL	-0.7881	-29.251382387098	5.0378158068441445	13.956907050032802	1.8122096966458403	-29.213063778497535	1.539017338657672	1.2244897959183703
2605	OXM	-0.7982	-32.32984328484973	1.2883618377927417	4.545456079926499	1.4465205534794465	-16.665817489047	0.9916811757116619	0.0
2606	APAM	-0.8033	-17.726745215270245	1.3030353419716292	14.876705099878176	0.9561324554441015	-5.0494928672033215	35.72544661760777	0.0
2607	HROW	-0.8063	-18.007266136990584	1.556917602904979	11.630560172822985	0.8460281445080589	-7.871423960998152	3.4019893526460834	0.0
2608	LW	-0.8130	-21.204377908141115	1.5764847705914222	18.879457742532377	1.04626466028843	-11.147958091722884	2.049085682467549	0.0
2609	MMYT	-0.8136	-18.54589353545852	1.2048619903773108	23.025182840056996	1.2457199994595105	-6.872882238569446	72.54264604115681	2.857142857142857
2610	XRAY	-0.8195	-15.942031113797448	1.3419934572272736	6.484637081419644	0.9737366860281277	-11.21895210949775	11.310285021117608	-6.896551724137931
2611	EFX	-0.8228	-23.418786345932844	1.7042272861628123	6.333748463834279	1.369638411185675	-16.00849121443781	1.5165699505079289	-2.0690660061197685
2612	HE	-0.8275	-21.90227068522498	1.2604444707702902	2.204174121405301	1.3274281464945186	-14.231683634681128	1.4535443450747891	0.0
2613	IMXI	-0.8336	-19.599725310200842	1.2310080958190084	23.14565895496467	1.70572788820514	-18.405699992805918	69.86484041786301	0.0
2614	ARR	-0.8343	-14.808045873071702	1.224065570142506	3.963955715969881	1.0403342011670342	-10.428100612689242	5.329250596958374	None
2615	KVYO	-0.8344	-21.468642839301847	1.4578542113336377	13.78151077325462	1.2061824141266733	-12.115899172030028	15.054579431669566	0.11614401858304738
2616	STOK	-0.8349	-21.755139979724397	1.865757180743471	26.030150753768844	1.4142200183625016	-14.472998508063256	47.57322647836164	0.0
2617	CTGO	-0.8480	-16.83021854304202	1.3480848517090038	12.323947499695437	1.0086924310603924	-9.00002030085334	13.202127205785203	-28.205128205128204
2618	KGC	-0.8644	-25.838197923307334	1.211150198745103	12.28070532369334	1.3182885898799783	-15.064512088871188	16.6174593166336	-4.3133366385721414
2619	FWRD	-0.8660	-13.728814691713206	1.785244760652695	31.775302134492588	0.859523988287409	-9.129734907202076	81.55936811585795	0.0
2620	CENX	-0.8689	-18.50075828435214	1.4545075712781355	26.648904121427723	0.7500881689709344	-10.587941902043198	11.448693837169685	-1.8137188054002433
2621	WHR	-0.8728	-21.006290267848367	1.4006253233119315	1.7048971148950294	1.0759108636789496	-8.268705991971201	8.3811446648957	0.0
2622	CYD	-0.8736	-19.68309206010278	1.261354200739753	11.544315037188504	1.1195506749148905	-7.935935684446335	38.22049742166266	0.0
2623	BSP	-0.8772	-27.28060614586972	1.430777167371098	11.966706116167245	1.6046907310179916	-18.86768259452497	40.213702744180374	-0.8618784530386753
2624	Z	-0.8862	-22.551509179498787	1.3423536410850097	0.7700779869043227	1.4519933284589848	-17.921223256610773	11.832433971749964	-0.9326424870466379
2625	OI	-0.8905	-19.833562007943407	1.5218080978328827	1.5044266354721174	1.0363725363654739	-10.590491200365625	4.60404034842648	0.0
2626	NU	-0.8948	-17.80914349343846	1.9907437515103457	13.239068666276719	0.9433334535764275	-15.750031391786823	2.3151231682542743	-4.347826086956506
2627	UPBD	-0.8952	-18.144120205080014	1.3460007367532947	4.878048337433543	1.116234583973177	-14.101098310291032	19.5517439194698	0.0
2628	ENPH	-0.8958	-21.248408032071058	1.2508684518728783	10.696413359908483	1.1666326559586573	-16.306316051744528	0.40071748032144683	-2.1824616594573327
2629	SPTX	-0.8999	-25.18095470610119	1.2823016826923077	35.402804062442264	1.0742845884844605	-21.107480933097506	11.883563462728631	5.034013605442181
2630	CLB	-0.9165	-18.388936012177854	1.2223202876977592	3.503033470071855	1.1084001835413997	-18.543090287079192	0.019703218867931582	0.0
2631	CVNA	-0.9237	-18.383041963010665	1.962177579207814	13.995435570450496	0.9313091615160718	-15.29640422740136	10.360035128262865	0.0
2632	XENE	-0.9494	-40.7072484421831	1.4704873762270136	1.7764449868902017	1.9869374739444294	-37.518016406843884	21.696128499596398	-13.20987654320988
2633	FIGR	-0.9566	-22.856392502444386	1.2963693476513989	9.686398077019957	1.137803184732193	-18.349560020290664	3.725738668318087	0.0
2634	PRCT	-0.9567	-16.262137472983472	1.5045153521974715	2.7279086034040607	0.9794062063769534	-18.556947548195968	12.06801249033802	0.0
2635	CSQR	-0.9649	-19.541376772961897	1.329307553710089	5.398449738411785	None	-7.3807454825865655	3.8000392706245947	0.0
2636	PRKS	-0.9929	-24.59402294689796	1.283139395393474	12.138088030910705	0.9592519455203538	-13.366744493084113	17.147877546385644	0.0
2637	BL	-0.9967	-21.233693640451897	1.5486851431429198	5.334096547009989	0.9161811530664846	-12.935945606868774	6.241516181635134	1.4492753623188406
2638	SFM	-0.9967	-21.705330643965514	1.6240546397008837	2.992757840143825	1.285068885695354	-16.123039231488843	32.43896276537181	0.7528089887640469
2639	MNTN	-1.0133	-19.126989905736107	1.7926150286416698	22.62118115245333	0.7220219840804935	-15.420980930403223	13.271183706775773	0.0
2640	HGV	-1.0135	-18.001375484213263	1.6658828431016686	6.39729979177001	1.0736243422990797	-7.681381426621845	76.34096296758844	0.0
2641	ALIT	-1.0246	-30.541872912998524	1.7251184834123223	1.4485342289691248	0.9472002607250835	-20.831832167156907	4.093409374033811	31.03448275862069
2642	HUBG	-1.0271	-24.412206955057655	1.7743326764954932	2.124041263188162	1.118262545306408	-14.915461270793202	23.37405937992898	0.0
2643	ZUMZ	-1.0365	-19.841265121469135	2.386601747158084	5.743426426853214	1.3400733638715951	-2.2906291424954017	78.64118841149848	None
2644	ROAD	-1.0488	-20.287580635552832	1.2511936040615157	4.400194669508786	0.80938316094379	-6.235104137314307	36.82942670757085	0.0
2645	RNA	-1.0490	-39.77109905579418	1.4670075834616614	4.243120140985604	1.4241492761162269	-18.15347714505344	54.455086865177826	0.0
2646	SHAK	-1.0628	-18.469173678752217	1.4354145342886386	10.597924199362103	0.9338149063180518	-10.053228509195216	63.38671105756495	0.0
2647	CABO	-1.0695	-44.10849345153524	1.855137185330193	1.2623295530907812	1.464735655964828	-39.124584567046966	0.7414204251345211	0.0
2648	CCB	-1.0829	-19.67266405503284	3.959300249910746	2.3493882932244174	1.0746625376653582	-22.468029365731827	7.438567632285185	0.0
2649	SAH	-1.0857	-21.238491560277076	1.425626971881261	14.002687647648512	1.1518927657281424	-18.76294895183221	30.72037860810859	-12.396694214876034
2650	HUBS	-1.0984	-20.712975457881466	1.5430639895662865	9.446493003419237	0.9056403475280993	-19.683137669359688	7.36207197960654	2.292181069958845
2651	PHAT	-1.1224	-17.785232107164838	1.4058070219682461	3.859648286250599	1.0806549684175888	-15.94423076746734	65.99727369202489	0.0
2652	BOOT	-1.1348	-18.930723801201562	1.265651975472784	7.22639415501917	0.9717605056771625	-12.299042506441397	64.22666071896455	-3.0409199119615424
2653	ITG	-1.1958	-45.066043243758344	3.2016210739614994	0.08196862017522412	1.2273220878882212	-45.430389683711276	2.2290114239351055	0.0
2654	SWMR	-1.2345	-50.20542004666866	1.7827055039779163	9.618321034248135	1.4390886591468666	-44.09179408305941	0.6226435658042391	None
2655	ATTO	-1.2731	-17.753959126210315	1.332686647780509	12.658224628947465	None	-28.639593481127037	0.7232635967924352	0.628930817610063
